run_id,config_id,run_command,dataset,dataset_hydra,experiment,model,backbone,probe,probe_hydra,seed,original_seed,backbone_name,backbone_variant,layer,selected_slot,layer_label,feature_view,lr,weight_decay,batch_size,eval_batch_size,epochs,early_stopping_enabled,early_stopping_patience,mlp_hidden_dims,mlp_dropout,temporal_num_heads,temporal_num_self_attn_blocks,temporal_mlp_ratio,temporal_dropout,probe_device,probe_output_dir,probe_output_subdir,eval_output_dir,eval_output_subdir,wandb_group,wandb_name,status,blocked_reason,hydra_overrides_json,source_csv_path,source_csv_row_index,source_csv_line_number,source_row_sha256,source_config_status,source_config_json,source_evidence_path,source_manifest_path,source_manifest_row_index,source_manifest_line_number,source_manifest_row_sha256,source_train_dir,source_train_summary,source_train_summary_sha256,source_checkpoint,source_checkpoint_size_bytes,old_completed_epochs,old_best_epoch,old_early_stopped,target_total_epochs,continuation_epochs,continuation_protocol,continuation_output_dir,continuation_eval_output_dir
intphys2__main__v_jepa__vit_h_16__temporal_attn__layer_8__seed_101__continue_to_epoch_90,intphys2__main__v_jepa__vit_h_16__temporal_attn__layer_8,train_eval.probe.intphys2,IntPhys2,intphys2,main,V-JEPA,ViT-H/16,Attentive,temporal_attn,101,42,jepa_v1,vith16_384,8,,8,tokens,5e-4,0.01,2,2,41,false,20,,,16,1,2,0.20000000000000001,cuda,artifacts/probes/intphys2,seed_runs_attentive_continued_to_max_epoch_v1/intphys2__main__v_jepa__vit_h_16__temporal_attn__layer_8/seed_101,artifacts/results/intphys2,seed_runs_attentive_continued_to_max_epoch_v1/intphys2__main__v_jepa__vit_h_16__temporal_attn__layer_8/seed_101,seed_runs_attentive_continued_to_max_epoch_v1_intphys2__main__v_jepa__vit_h_16__temporal_attn__layer_8,intphys2__main__v_jepa__vit_h_16__temporal_attn__layer_8__seed_101__continue_to_epoch_90,pending,,"[""seed=101"",""split.seed=42"",""backbone.name=jepa_v1"",""+backbone.kwargs.variant=vith16_384"",""probe.name=temporal_attn"",""probe.layer=8"",""probe.layers=[]"",""probe.feature_view=tokens"",""probe.device=cuda"",""probe.lr=5e-4"",""probe.weight_decay=0.01"",""probe.batch_size=2"",""probe.eval_batch_size=2"",""probe.epochs=41"",""probe.early_stopping.enabled=false"",""probe.early_stopping.patience=20"",""probe.optuna.enabled=false"",""probe.output_dir=artifacts/probes/intphys2"",""probe.output_subdir=seed_runs_attentive_continued_to_max_epoch_v1/intphys2__main__v_jepa__vit_h_16__temporal_attn__layer_8/seed_101"",""probe.eval_output_dir=artifacts/results/intphys2"",""probe.eval_output_subdir=seed_runs_attentive_continued_to_max_epoch_v1/intphys2__main__v_jepa__vit_h_16__temporal_attn__layer_8/seed_101"",""probe.wandb.group=seed_runs_attentive_continued_to_max_epoch_v1_intphys2__main__v_jepa__vit_h_16__temporal_attn__layer_8"",""probe.wandb.name=intphys2__main__v_jepa__vit_h_16__temporal_attn__layer_8__seed_101__continue_to_epoch_90"",""probe.temporal_attn.num_heads=16"",""probe.temporal_attn.num_self_attn_blocks=1"",""probe.temporal_attn.mlp_ratio=2"",""probe.temporal_attn.dropout=0.20000000000000001"",""feature_cache.include_tokens=true"",""probe.init_checkpoint_path=artifacts/probes/intphys2/seed_runs_layerwise_attentive_v1/intphys2__main__v_jepa__vit_h_16__temporal_attn__layer_8/seed_101/layer_8/train/probe_last.pt""]",results/seed_runs/seed_manifest_layerwise_main_attentive_intphys2_v1.csv,0,2,dd591a482d6e744e,continuation_from_official_seed_manifest,,artifacts/probes/intphys2/seed_runs_layerwise_attentive_v1/intphys2__main__v_jepa__vit_h_16__temporal_attn__layer_8/seed_101/layer_8/train/train_summary.json,results/seed_runs/seed_manifest_layerwise_main_attentive_intphys2_v1.csv,0,2,dd591a482d6e744e,artifacts/probes/intphys2/seed_runs_layerwise_attentive_v1/intphys2__main__v_jepa__vit_h_16__temporal_attn__layer_8/seed_101/layer_8/train,artifacts/probes/intphys2/seed_runs_layerwise_attentive_v1/intphys2__main__v_jepa__vit_h_16__temporal_attn__layer_8/seed_101/layer_8/train/train_summary.json,bbdc446f8e5186c2,artifacts/probes/intphys2/seed_runs_layerwise_attentive_v1/intphys2__main__v_jepa__vit_h_16__temporal_attn__layer_8/seed_101/layer_8/train/probe_last.pt,104985826,49,29,true,90,41,resume_probe_last_disable_early_stopping_to_target_epoch,artifacts/probes/intphys2/seed_runs_attentive_continued_to_max_epoch_v1/intphys2__main__v_jepa__vit_h_16__temporal_attn__layer_8/seed_101,artifacts/results/intphys2/seed_runs_attentive_continued_to_max_epoch_v1/intphys2__main__v_jepa__vit_h_16__temporal_attn__layer_8/seed_101
intphys2__main__v_jepa__vit_h_16__temporal_attn__layer_8__seed_102__continue_to_epoch_90,intphys2__main__v_jepa__vit_h_16__temporal_attn__layer_8,train_eval.probe.intphys2,IntPhys2,intphys2,main,V-JEPA,ViT-H/16,Attentive,temporal_attn,102,42,jepa_v1,vith16_384,8,,8,tokens,5e-4,0.01,2,2,60,false,20,,,16,1,2,0.20000000000000001,cuda,artifacts/probes/intphys2,seed_runs_attentive_continued_to_max_epoch_v1/intphys2__main__v_jepa__vit_h_16__temporal_attn__layer_8/seed_102,artifacts/results/intphys2,seed_runs_attentive_continued_to_max_epoch_v1/intphys2__main__v_jepa__vit_h_16__temporal_attn__layer_8/seed_102,seed_runs_attentive_continued_to_max_epoch_v1_intphys2__main__v_jepa__vit_h_16__temporal_attn__layer_8,intphys2__main__v_jepa__vit_h_16__temporal_attn__layer_8__seed_102__continue_to_epoch_90,pending,,"[""seed=102"",""split.seed=42"",""backbone.name=jepa_v1"",""+backbone.kwargs.variant=vith16_384"",""probe.name=temporal_attn"",""probe.layer=8"",""probe.layers=[]"",""probe.feature_view=tokens"",""probe.device=cuda"",""probe.lr=5e-4"",""probe.weight_decay=0.01"",""probe.batch_size=2"",""probe.eval_batch_size=2"",""probe.epochs=60"",""probe.early_stopping.enabled=false"",""probe.early_stopping.patience=20"",""probe.optuna.enabled=false"",""probe.output_dir=artifacts/probes/intphys2"",""probe.output_subdir=seed_runs_attentive_continued_to_max_epoch_v1/intphys2__main__v_jepa__vit_h_16__temporal_attn__layer_8/seed_102"",""probe.eval_output_dir=artifacts/results/intphys2"",""probe.eval_output_subdir=seed_runs_attentive_continued_to_max_epoch_v1/intphys2__main__v_jepa__vit_h_16__temporal_attn__layer_8/seed_102"",""probe.wandb.group=seed_runs_attentive_continued_to_max_epoch_v1_intphys2__main__v_jepa__vit_h_16__temporal_attn__layer_8"",""probe.wandb.name=intphys2__main__v_jepa__vit_h_16__temporal_attn__layer_8__seed_102__continue_to_epoch_90"",""probe.temporal_attn.num_heads=16"",""probe.temporal_attn.num_self_attn_blocks=1"",""probe.temporal_attn.mlp_ratio=2"",""probe.temporal_attn.dropout=0.20000000000000001"",""feature_cache.include_tokens=true"",""probe.init_checkpoint_path=artifacts/probes/intphys2/seed_runs_layerwise_attentive_v1/intphys2__main__v_jepa__vit_h_16__temporal_attn__layer_8/seed_102/layer_8/train/probe_last.pt""]",results/seed_runs/seed_manifest_layerwise_main_attentive_intphys2_v1.csv,1,3,0c922d6d5fb08e10,continuation_from_official_seed_manifest,,artifacts/probes/intphys2/seed_runs_layerwise_attentive_v1/intphys2__main__v_jepa__vit_h_16__temporal_attn__layer_8/seed_102/layer_8/train/train_summary.json,results/seed_runs/seed_manifest_layerwise_main_attentive_intphys2_v1.csv,1,3,0c922d6d5fb08e10,artifacts/probes/intphys2/seed_runs_layerwise_attentive_v1/intphys2__main__v_jepa__vit_h_16__temporal_attn__layer_8/seed_102/layer_8/train,artifacts/probes/intphys2/seed_runs_layerwise_attentive_v1/intphys2__main__v_jepa__vit_h_16__temporal_attn__layer_8/seed_102/layer_8/train/train_summary.json,ffb90155cb4da51f,artifacts/probes/intphys2/seed_runs_layerwise_attentive_v1/intphys2__main__v_jepa__vit_h_16__temporal_attn__layer_8/seed_102/layer_8/train/probe_last.pt,104985826,30,10,true,90,60,resume_probe_last_disable_early_stopping_to_target_epoch,artifacts/probes/intphys2/seed_runs_attentive_continued_to_max_epoch_v1/intphys2__main__v_jepa__vit_h_16__temporal_attn__layer_8/seed_102,artifacts/results/intphys2/seed_runs_attentive_continued_to_max_epoch_v1/intphys2__main__v_jepa__vit_h_16__temporal_attn__layer_8/seed_102
intphys2__main__v_jepa__vit_h_16__temporal_attn__layer_16__seed_101__continue_to_epoch_90,intphys2__main__v_jepa__vit_h_16__temporal_attn__layer_16,train_eval.probe.intphys2,IntPhys2,intphys2,main,V-JEPA,ViT-H/16,Attentive,temporal_attn,101,42,jepa_v1,vith16_384,16,,16,tokens,1e-5,0.01,2,2,26,false,20,,,16,1,2,0.20000000000000001,cuda,artifacts/probes/intphys2,seed_runs_attentive_continued_to_max_epoch_v1/intphys2__main__v_jepa__vit_h_16__temporal_attn__layer_16/seed_101,artifacts/results/intphys2,seed_runs_attentive_continued_to_max_epoch_v1/intphys2__main__v_jepa__vit_h_16__temporal_attn__layer_16/seed_101,seed_runs_attentive_continued_to_max_epoch_v1_intphys2__main__v_jepa__vit_h_16__temporal_attn__layer_16,intphys2__main__v_jepa__vit_h_16__temporal_attn__layer_16__seed_101__continue_to_epoch_90,pending,,"[""seed=101"",""split.seed=42"",""backbone.name=jepa_v1"",""+backbone.kwargs.variant=vith16_384"",""probe.name=temporal_attn"",""probe.layer=16"",""probe.layers=[]"",""probe.feature_view=tokens"",""probe.device=cuda"",""probe.lr=1e-5"",""probe.weight_decay=0.01"",""probe.batch_size=2"",""probe.eval_batch_size=2"",""probe.epochs=26"",""probe.early_stopping.enabled=false"",""probe.early_stopping.patience=20"",""probe.optuna.enabled=false"",""probe.output_dir=artifacts/probes/intphys2"",""probe.output_subdir=seed_runs_attentive_continued_to_max_epoch_v1/intphys2__main__v_jepa__vit_h_16__temporal_attn__layer_16/seed_101"",""probe.eval_output_dir=artifacts/results/intphys2"",""probe.eval_output_subdir=seed_runs_attentive_continued_to_max_epoch_v1/intphys2__main__v_jepa__vit_h_16__temporal_attn__layer_16/seed_101"",""probe.wandb.group=seed_runs_attentive_continued_to_max_epoch_v1_intphys2__main__v_jepa__vit_h_16__temporal_attn__layer_16"",""probe.wandb.name=intphys2__main__v_jepa__vit_h_16__temporal_attn__layer_16__seed_101__continue_to_epoch_90"",""probe.temporal_attn.num_heads=16"",""probe.temporal_attn.num_self_attn_blocks=1"",""probe.temporal_attn.mlp_ratio=2"",""probe.temporal_attn.dropout=0.20000000000000001"",""feature_cache.include_tokens=true"",""probe.init_checkpoint_path=artifacts/probes/intphys2/seed_runs_layerwise_attentive_v1/intphys2__main__v_jepa__vit_h_16__temporal_attn__layer_16/seed_101/layer_16/train/probe_last.pt""]",results/seed_runs/seed_manifest_layerwise_main_attentive_intphys2_v1.csv,2,4,e8017cab6958b524,continuation_from_official_seed_manifest,,artifacts/probes/intphys2/seed_runs_layerwise_attentive_v1/intphys2__main__v_jepa__vit_h_16__temporal_attn__layer_16/seed_101/layer_16/train/train_summary.json,results/seed_runs/seed_manifest_layerwise_main_attentive_intphys2_v1.csv,2,4,e8017cab6958b524,artifacts/probes/intphys2/seed_runs_layerwise_attentive_v1/intphys2__main__v_jepa__vit_h_16__temporal_attn__layer_16/seed_101/layer_16/train,artifacts/probes/intphys2/seed_runs_layerwise_attentive_v1/intphys2__main__v_jepa__vit_h_16__temporal_attn__layer_16/seed_101/layer_16/train/train_summary.json,373a937710529b84,artifacts/probes/intphys2/seed_runs_layerwise_attentive_v1/intphys2__main__v_jepa__vit_h_16__temporal_attn__layer_16/seed_101/layer_16/train/probe_last.pt,104985826,64,44,true,90,26,resume_probe_last_disable_early_stopping_to_target_epoch,artifacts/probes/intphys2/seed_runs_attentive_continued_to_max_epoch_v1/intphys2__main__v_jepa__vit_h_16__temporal_attn__layer_16/seed_101,artifacts/results/intphys2/seed_runs_attentive_continued_to_max_epoch_v1/intphys2__main__v_jepa__vit_h_16__temporal_attn__layer_16/seed_101
intphys2__main__v_jepa__vit_h_16__temporal_attn__layer_16__seed_102__continue_to_epoch_90,intphys2__main__v_jepa__vit_h_16__temporal_attn__layer_16,train_eval.probe.intphys2,IntPhys2,intphys2,main,V-JEPA,ViT-H/16,Attentive,temporal_attn,102,42,jepa_v1,vith16_384,16,,16,tokens,1e-5,0.01,2,2,14,false,20,,,16,1,2,0.20000000000000001,cuda,artifacts/probes/intphys2,seed_runs_attentive_continued_to_max_epoch_v1/intphys2__main__v_jepa__vit_h_16__temporal_attn__layer_16/seed_102,artifacts/results/intphys2,seed_runs_attentive_continued_to_max_epoch_v1/intphys2__main__v_jepa__vit_h_16__temporal_attn__layer_16/seed_102,seed_runs_attentive_continued_to_max_epoch_v1_intphys2__main__v_jepa__vit_h_16__temporal_attn__layer_16,intphys2__main__v_jepa__vit_h_16__temporal_attn__layer_16__seed_102__continue_to_epoch_90,pending,,"[""seed=102"",""split.seed=42"",""backbone.name=jepa_v1"",""+backbone.kwargs.variant=vith16_384"",""probe.name=temporal_attn"",""probe.layer=16"",""probe.layers=[]"",""probe.feature_view=tokens"",""probe.device=cuda"",""probe.lr=1e-5"",""probe.weight_decay=0.01"",""probe.batch_size=2"",""probe.eval_batch_size=2"",""probe.epochs=14"",""probe.early_stopping.enabled=false"",""probe.early_stopping.patience=20"",""probe.optuna.enabled=false"",""probe.output_dir=artifacts/probes/intphys2"",""probe.output_subdir=seed_runs_attentive_continued_to_max_epoch_v1/intphys2__main__v_jepa__vit_h_16__temporal_attn__layer_16/seed_102"",""probe.eval_output_dir=artifacts/results/intphys2"",""probe.eval_output_subdir=seed_runs_attentive_continued_to_max_epoch_v1/intphys2__main__v_jepa__vit_h_16__temporal_attn__layer_16/seed_102"",""probe.wandb.group=seed_runs_attentive_continued_to_max_epoch_v1_intphys2__main__v_jepa__vit_h_16__temporal_attn__layer_16"",""probe.wandb.name=intphys2__main__v_jepa__vit_h_16__temporal_attn__layer_16__seed_102__continue_to_epoch_90"",""probe.temporal_attn.num_heads=16"",""probe.temporal_attn.num_self_attn_blocks=1"",""probe.temporal_attn.mlp_ratio=2"",""probe.temporal_attn.dropout=0.20000000000000001"",""feature_cache.include_tokens=true"",""probe.init_checkpoint_path=artifacts/probes/intphys2/seed_runs_layerwise_attentive_v1/intphys2__main__v_jepa__vit_h_16__temporal_attn__layer_16/seed_102/layer_16/train/probe_last.pt""]",results/seed_runs/seed_manifest_layerwise_main_attentive_intphys2_v1.csv,3,5,d00aae6ce2216214,continuation_from_official_seed_manifest,,artifacts/probes/intphys2/seed_runs_layerwise_attentive_v1/intphys2__main__v_jepa__vit_h_16__temporal_attn__layer_16/seed_102/layer_16/train/train_summary.json,results/seed_runs/seed_manifest_layerwise_main_attentive_intphys2_v1.csv,3,5,d00aae6ce2216214,artifacts/probes/intphys2/seed_runs_layerwise_attentive_v1/intphys2__main__v_jepa__vit_h_16__temporal_attn__layer_16/seed_102/layer_16/train,artifacts/probes/intphys2/seed_runs_layerwise_attentive_v1/intphys2__main__v_jepa__vit_h_16__temporal_attn__layer_16/seed_102/layer_16/train/train_summary.json,2e864ef12402cd15,artifacts/probes/intphys2/seed_runs_layerwise_attentive_v1/intphys2__main__v_jepa__vit_h_16__temporal_attn__layer_16/seed_102/layer_16/train/probe_last.pt,104985826,76,56,true,90,14,resume_probe_last_disable_early_stopping_to_target_epoch,artifacts/probes/intphys2/seed_runs_attentive_continued_to_max_epoch_v1/intphys2__main__v_jepa__vit_h_16__temporal_attn__layer_16/seed_102,artifacts/results/intphys2/seed_runs_attentive_continued_to_max_epoch_v1/intphys2__main__v_jepa__vit_h_16__temporal_attn__layer_16/seed_102
intphys2__main__v_jepa__vit_h_16__temporal_attn__layer_24__seed_101__continue_to_epoch_90,intphys2__main__v_jepa__vit_h_16__temporal_attn__layer_24,train_eval.probe.intphys2,IntPhys2,intphys2,main,V-JEPA,ViT-H/16,Attentive,temporal_attn,101,42,jepa_v1,vith16_384,24,,24,tokens,1e-4,0.01,2,2,48,false,20,,,16,1,2,0.20000000000000001,cuda,artifacts/probes/intphys2,seed_runs_attentive_continued_to_max_epoch_v1/intphys2__main__v_jepa__vit_h_16__temporal_attn__layer_24/seed_101,artifacts/results/intphys2,seed_runs_attentive_continued_to_max_epoch_v1/intphys2__main__v_jepa__vit_h_16__temporal_attn__layer_24/seed_101,seed_runs_attentive_continued_to_max_epoch_v1_intphys2__main__v_jepa__vit_h_16__temporal_attn__layer_24,intphys2__main__v_jepa__vit_h_16__temporal_attn__layer_24__seed_101__continue_to_epoch_90,pending,,"[""seed=101"",""split.seed=42"",""backbone.name=jepa_v1"",""+backbone.kwargs.variant=vith16_384"",""probe.name=temporal_attn"",""probe.layer=24"",""probe.layers=[]"",""probe.feature_view=tokens"",""probe.device=cuda"",""probe.lr=1e-4"",""probe.weight_decay=0.01"",""probe.batch_size=2"",""probe.eval_batch_size=2"",""probe.epochs=48"",""probe.early_stopping.enabled=false"",""probe.early_stopping.patience=20"",""probe.optuna.enabled=false"",""probe.output_dir=artifacts/probes/intphys2"",""probe.output_subdir=seed_runs_attentive_continued_to_max_epoch_v1/intphys2__main__v_jepa__vit_h_16__temporal_attn__layer_24/seed_101"",""probe.eval_output_dir=artifacts/results/intphys2"",""probe.eval_output_subdir=seed_runs_attentive_continued_to_max_epoch_v1/intphys2__main__v_jepa__vit_h_16__temporal_attn__layer_24/seed_101"",""probe.wandb.group=seed_runs_attentive_continued_to_max_epoch_v1_intphys2__main__v_jepa__vit_h_16__temporal_attn__layer_24"",""probe.wandb.name=intphys2__main__v_jepa__vit_h_16__temporal_attn__layer_24__seed_101__continue_to_epoch_90"",""probe.temporal_attn.num_heads=16"",""probe.temporal_attn.num_self_attn_blocks=1"",""probe.temporal_attn.mlp_ratio=2"",""probe.temporal_attn.dropout=0.20000000000000001"",""feature_cache.include_tokens=true"",""probe.init_checkpoint_path=artifacts/probes/intphys2/seed_runs_layerwise_attentive_v1/intphys2__main__v_jepa__vit_h_16__temporal_attn__layer_24/seed_101/layer_24/train/probe_last.pt""]",results/seed_runs/seed_manifest_layerwise_main_attentive_intphys2_v1.csv,4,6,966d40af98296da6,continuation_from_official_seed_manifest,,artifacts/probes/intphys2/seed_runs_layerwise_attentive_v1/intphys2__main__v_jepa__vit_h_16__temporal_attn__layer_24/seed_101/layer_24/train/train_summary.json,results/seed_runs/seed_manifest_layerwise_main_attentive_intphys2_v1.csv,4,6,966d40af98296da6,artifacts/probes/intphys2/seed_runs_layerwise_attentive_v1/intphys2__main__v_jepa__vit_h_16__temporal_attn__layer_24/seed_101/layer_24/train,artifacts/probes/intphys2/seed_runs_layerwise_attentive_v1/intphys2__main__v_jepa__vit_h_16__temporal_attn__layer_24/seed_101/layer_24/train/train_summary.json,690ad12f1cb105d5,artifacts/probes/intphys2/seed_runs_layerwise_attentive_v1/intphys2__main__v_jepa__vit_h_16__temporal_attn__layer_24/seed_101/layer_24/train/probe_last.pt,104985826,42,22,true,90,48,resume_probe_last_disable_early_stopping_to_target_epoch,artifacts/probes/intphys2/seed_runs_attentive_continued_to_max_epoch_v1/intphys2__main__v_jepa__vit_h_16__temporal_attn__layer_24/seed_101,artifacts/results/intphys2/seed_runs_attentive_continued_to_max_epoch_v1/intphys2__main__v_jepa__vit_h_16__temporal_attn__layer_24/seed_101
intphys2__main__v_jepa__vit_h_16__temporal_attn__layer_24__seed_102__continue_to_epoch_90,intphys2__main__v_jepa__vit_h_16__temporal_attn__layer_24,train_eval.probe.intphys2,IntPhys2,intphys2,main,V-JEPA,ViT-H/16,Attentive,temporal_attn,102,42,jepa_v1,vith16_384,24,,24,tokens,1e-4,0.01,2,2,40,false,20,,,16,1,2,0.20000000000000001,cuda,artifacts/probes/intphys2,seed_runs_attentive_continued_to_max_epoch_v1/intphys2__main__v_jepa__vit_h_16__temporal_attn__layer_24/seed_102,artifacts/results/intphys2,seed_runs_attentive_continued_to_max_epoch_v1/intphys2__main__v_jepa__vit_h_16__temporal_attn__layer_24/seed_102,seed_runs_attentive_continued_to_max_epoch_v1_intphys2__main__v_jepa__vit_h_16__temporal_attn__layer_24,intphys2__main__v_jepa__vit_h_16__temporal_attn__layer_24__seed_102__continue_to_epoch_90,pending,,"[""seed=102"",""split.seed=42"",""backbone.name=jepa_v1"",""+backbone.kwargs.variant=vith16_384"",""probe.name=temporal_attn"",""probe.layer=24"",""probe.layers=[]"",""probe.feature_view=tokens"",""probe.device=cuda"",""probe.lr=1e-4"",""probe.weight_decay=0.01"",""probe.batch_size=2"",""probe.eval_batch_size=2"",""probe.epochs=40"",""probe.early_stopping.enabled=false"",""probe.early_stopping.patience=20"",""probe.optuna.enabled=false"",""probe.output_dir=artifacts/probes/intphys2"",""probe.output_subdir=seed_runs_attentive_continued_to_max_epoch_v1/intphys2__main__v_jepa__vit_h_16__temporal_attn__layer_24/seed_102"",""probe.eval_output_dir=artifacts/results/intphys2"",""probe.eval_output_subdir=seed_runs_attentive_continued_to_max_epoch_v1/intphys2__main__v_jepa__vit_h_16__temporal_attn__layer_24/seed_102"",""probe.wandb.group=seed_runs_attentive_continued_to_max_epoch_v1_intphys2__main__v_jepa__vit_h_16__temporal_attn__layer_24"",""probe.wandb.name=intphys2__main__v_jepa__vit_h_16__temporal_attn__layer_24__seed_102__continue_to_epoch_90"",""probe.temporal_attn.num_heads=16"",""probe.temporal_attn.num_self_attn_blocks=1"",""probe.temporal_attn.mlp_ratio=2"",""probe.temporal_attn.dropout=0.20000000000000001"",""feature_cache.include_tokens=true"",""probe.init_checkpoint_path=artifacts/probes/intphys2/seed_runs_layerwise_attentive_v1/intphys2__main__v_jepa__vit_h_16__temporal_attn__layer_24/seed_102/layer_24/train/probe_last.pt""]",results/seed_runs/seed_manifest_layerwise_main_attentive_intphys2_v1.csv,5,7,44b68082cf89226d,continuation_from_official_seed_manifest,,artifacts/probes/intphys2/seed_runs_layerwise_attentive_v1/intphys2__main__v_jepa__vit_h_16__temporal_attn__layer_24/seed_102/layer_24/train/train_summary.json,results/seed_runs/seed_manifest_layerwise_main_attentive_intphys2_v1.csv,5,7,44b68082cf89226d,artifacts/probes/intphys2/seed_runs_layerwise_attentive_v1/intphys2__main__v_jepa__vit_h_16__temporal_attn__layer_24/seed_102/layer_24/train,artifacts/probes/intphys2/seed_runs_layerwise_attentive_v1/intphys2__main__v_jepa__vit_h_16__temporal_attn__layer_24/seed_102/layer_24/train/train_summary.json,774bd984b10a2c4c,artifacts/probes/intphys2/seed_runs_layerwise_attentive_v1/intphys2__main__v_jepa__vit_h_16__temporal_attn__layer_24/seed_102/layer_24/train/probe_last.pt,104985826,50,30,true,90,40,resume_probe_last_disable_early_stopping_to_target_epoch,artifacts/probes/intphys2/seed_runs_attentive_continued_to_max_epoch_v1/intphys2__main__v_jepa__vit_h_16__temporal_attn__layer_24/seed_102,artifacts/results/intphys2/seed_runs_attentive_continued_to_max_epoch_v1/intphys2__main__v_jepa__vit_h_16__temporal_attn__layer_24/seed_102
intphys2__main__v_jepa__vit_h_16__temporal_attn__layer_32__seed_101__continue_to_epoch_90,intphys2__main__v_jepa__vit_h_16__temporal_attn__layer_32,train_eval.probe.intphys2,IntPhys2,intphys2,main,V-JEPA,ViT-H/16,Attentive,temporal_attn,101,42,jepa_v1,vith16_384,32,,32,tokens,1e-5,0.01,2,2,55,false,20,,,16,1,2,0.20000000000000001,cuda,artifacts/probes/intphys2,seed_runs_attentive_continued_to_max_epoch_v1/intphys2__main__v_jepa__vit_h_16__temporal_attn__layer_32/seed_101,artifacts/results/intphys2,seed_runs_attentive_continued_to_max_epoch_v1/intphys2__main__v_jepa__vit_h_16__temporal_attn__layer_32/seed_101,seed_runs_attentive_continued_to_max_epoch_v1_intphys2__main__v_jepa__vit_h_16__temporal_attn__layer_32,intphys2__main__v_jepa__vit_h_16__temporal_attn__layer_32__seed_101__continue_to_epoch_90,pending,,"[""seed=101"",""split.seed=42"",""backbone.name=jepa_v1"",""+backbone.kwargs.variant=vith16_384"",""probe.name=temporal_attn"",""probe.layer=32"",""probe.layers=[]"",""probe.feature_view=tokens"",""probe.device=cuda"",""probe.lr=1e-5"",""probe.weight_decay=0.01"",""probe.batch_size=2"",""probe.eval_batch_size=2"",""probe.epochs=55"",""probe.early_stopping.enabled=false"",""probe.early_stopping.patience=20"",""probe.optuna.enabled=false"",""probe.output_dir=artifacts/probes/intphys2"",""probe.output_subdir=seed_runs_attentive_continued_to_max_epoch_v1/intphys2__main__v_jepa__vit_h_16__temporal_attn__layer_32/seed_101"",""probe.eval_output_dir=artifacts/results/intphys2"",""probe.eval_output_subdir=seed_runs_attentive_continued_to_max_epoch_v1/intphys2__main__v_jepa__vit_h_16__temporal_attn__layer_32/seed_101"",""probe.wandb.group=seed_runs_attentive_continued_to_max_epoch_v1_intphys2__main__v_jepa__vit_h_16__temporal_attn__layer_32"",""probe.wandb.name=intphys2__main__v_jepa__vit_h_16__temporal_attn__layer_32__seed_101__continue_to_epoch_90"",""probe.temporal_attn.num_heads=16"",""probe.temporal_attn.num_self_attn_blocks=1"",""probe.temporal_attn.mlp_ratio=2"",""probe.temporal_attn.dropout=0.20000000000000001"",""feature_cache.include_tokens=true"",""probe.init_checkpoint_path=artifacts/probes/intphys2/seed_runs_layerwise_attentive_v1/intphys2__main__v_jepa__vit_h_16__temporal_attn__layer_32/seed_101/layer_32/train/probe_last.pt""]",results/seed_runs/seed_manifest_layerwise_main_attentive_intphys2_v1.csv,6,8,e56eb71398d83831,continuation_from_official_seed_manifest,,artifacts/probes/intphys2/seed_runs_layerwise_attentive_v1/intphys2__main__v_jepa__vit_h_16__temporal_attn__layer_32/seed_101/layer_32/train/train_summary.json,results/seed_runs/seed_manifest_layerwise_main_attentive_intphys2_v1.csv,6,8,e56eb71398d83831,artifacts/probes/intphys2/seed_runs_layerwise_attentive_v1/intphys2__main__v_jepa__vit_h_16__temporal_attn__layer_32/seed_101/layer_32/train,artifacts/probes/intphys2/seed_runs_layerwise_attentive_v1/intphys2__main__v_jepa__vit_h_16__temporal_attn__layer_32/seed_101/layer_32/train/train_summary.json,259e433ded71795d,artifacts/probes/intphys2/seed_runs_layerwise_attentive_v1/intphys2__main__v_jepa__vit_h_16__temporal_attn__layer_32/seed_101/layer_32/train/probe_last.pt,104985826,35,15,true,90,55,resume_probe_last_disable_early_stopping_to_target_epoch,artifacts/probes/intphys2/seed_runs_attentive_continued_to_max_epoch_v1/intphys2__main__v_jepa__vit_h_16__temporal_attn__layer_32/seed_101,artifacts/results/intphys2/seed_runs_attentive_continued_to_max_epoch_v1/intphys2__main__v_jepa__vit_h_16__temporal_attn__layer_32/seed_101
intphys2__main__v_jepa__vit_h_16__temporal_attn__layer_32__seed_102__continue_to_epoch_90,intphys2__main__v_jepa__vit_h_16__temporal_attn__layer_32,train_eval.probe.intphys2,IntPhys2,intphys2,main,V-JEPA,ViT-H/16,Attentive,temporal_attn,102,42,jepa_v1,vith16_384,32,,32,tokens,1e-5,0.01,2,2,51,false,20,,,16,1,2,0.20000000000000001,cuda,artifacts/probes/intphys2,seed_runs_attentive_continued_to_max_epoch_v1/intphys2__main__v_jepa__vit_h_16__temporal_attn__layer_32/seed_102,artifacts/results/intphys2,seed_runs_attentive_continued_to_max_epoch_v1/intphys2__main__v_jepa__vit_h_16__temporal_attn__layer_32/seed_102,seed_runs_attentive_continued_to_max_epoch_v1_intphys2__main__v_jepa__vit_h_16__temporal_attn__layer_32,intphys2__main__v_jepa__vit_h_16__temporal_attn__layer_32__seed_102__continue_to_epoch_90,pending,,"[""seed=102"",""split.seed=42"",""backbone.name=jepa_v1"",""+backbone.kwargs.variant=vith16_384"",""probe.name=temporal_attn"",""probe.layer=32"",""probe.layers=[]"",""probe.feature_view=tokens"",""probe.device=cuda"",""probe.lr=1e-5"",""probe.weight_decay=0.01"",""probe.batch_size=2"",""probe.eval_batch_size=2"",""probe.epochs=51"",""probe.early_stopping.enabled=false"",""probe.early_stopping.patience=20"",""probe.optuna.enabled=false"",""probe.output_dir=artifacts/probes/intphys2"",""probe.output_subdir=seed_runs_attentive_continued_to_max_epoch_v1/intphys2__main__v_jepa__vit_h_16__temporal_attn__layer_32/seed_102"",""probe.eval_output_dir=artifacts/results/intphys2"",""probe.eval_output_subdir=seed_runs_attentive_continued_to_max_epoch_v1/intphys2__main__v_jepa__vit_h_16__temporal_attn__layer_32/seed_102"",""probe.wandb.group=seed_runs_attentive_continued_to_max_epoch_v1_intphys2__main__v_jepa__vit_h_16__temporal_attn__layer_32"",""probe.wandb.name=intphys2__main__v_jepa__vit_h_16__temporal_attn__layer_32__seed_102__continue_to_epoch_90"",""probe.temporal_attn.num_heads=16"",""probe.temporal_attn.num_self_attn_blocks=1"",""probe.temporal_attn.mlp_ratio=2"",""probe.temporal_attn.dropout=0.20000000000000001"",""feature_cache.include_tokens=true"",""probe.init_checkpoint_path=artifacts/probes/intphys2/seed_runs_layerwise_attentive_v1/intphys2__main__v_jepa__vit_h_16__temporal_attn__layer_32/seed_102/layer_32/train/probe_last.pt""]",results/seed_runs/seed_manifest_layerwise_main_attentive_intphys2_v1.csv,7,9,595335638d3616d4,continuation_from_official_seed_manifest,,artifacts/probes/intphys2/seed_runs_layerwise_attentive_v1/intphys2__main__v_jepa__vit_h_16__temporal_attn__layer_32/seed_102/layer_32/train/train_summary.json,results/seed_runs/seed_manifest_layerwise_main_attentive_intphys2_v1.csv,7,9,595335638d3616d4,artifacts/probes/intphys2/seed_runs_layerwise_attentive_v1/intphys2__main__v_jepa__vit_h_16__temporal_attn__layer_32/seed_102/layer_32/train,artifacts/probes/intphys2/seed_runs_layerwise_attentive_v1/intphys2__main__v_jepa__vit_h_16__temporal_attn__layer_32/seed_102/layer_32/train/train_summary.json,3bfbfa6f2448b9c2,artifacts/probes/intphys2/seed_runs_layerwise_attentive_v1/intphys2__main__v_jepa__vit_h_16__temporal_attn__layer_32/seed_102/layer_32/train/probe_last.pt,104985826,39,19,true,90,51,resume_probe_last_disable_early_stopping_to_target_epoch,artifacts/probes/intphys2/seed_runs_attentive_continued_to_max_epoch_v1/intphys2__main__v_jepa__vit_h_16__temporal_attn__layer_32/seed_102,artifacts/results/intphys2/seed_runs_attentive_continued_to_max_epoch_v1/intphys2__main__v_jepa__vit_h_16__temporal_attn__layer_32/seed_102
intphys2__main__v_jepa_2__vit_g_16__temporal_attn__layer_10__seed_101__continue_to_epoch_90,intphys2__main__v_jepa_2__vit_g_16__temporal_attn__layer_10,train_eval.probe.intphys2,IntPhys2,intphys2,main,V-JEPA 2,ViT-G/16,Attentive,temporal_attn,101,42,jepa_v2,vitg_384,10,,10,tokens,1e-4,0.01,1,1,50,false,20,,,16,1,2,0.20000000000000001,cuda,artifacts/probes/intphys2,seed_runs_attentive_continued_to_max_epoch_v1/intphys2__main__v_jepa_2__vit_g_16__temporal_attn__layer_10/seed_101,artifacts/results/intphys2,seed_runs_attentive_continued_to_max_epoch_v1/intphys2__main__v_jepa_2__vit_g_16__temporal_attn__layer_10/seed_101,seed_runs_attentive_continued_to_max_epoch_v1_intphys2__main__v_jepa_2__vit_g_16__temporal_attn__layer_10,intphys2__main__v_jepa_2__vit_g_16__temporal_attn__layer_10__seed_101__continue_to_epoch_90,pending,,"[""seed=101"",""split.seed=42"",""backbone.name=jepa_v2"",""+backbone.kwargs.variant=vitg_384"",""probe.name=temporal_attn"",""probe.layer=10"",""probe.layers=[]"",""probe.feature_view=tokens"",""probe.device=cuda"",""probe.lr=1e-4"",""probe.weight_decay=0.01"",""probe.batch_size=1"",""probe.eval_batch_size=1"",""probe.epochs=50"",""probe.early_stopping.enabled=false"",""probe.early_stopping.patience=20"",""probe.optuna.enabled=false"",""probe.output_dir=artifacts/probes/intphys2"",""probe.output_subdir=seed_runs_attentive_continued_to_max_epoch_v1/intphys2__main__v_jepa_2__vit_g_16__temporal_attn__layer_10/seed_101"",""probe.eval_output_dir=artifacts/results/intphys2"",""probe.eval_output_subdir=seed_runs_attentive_continued_to_max_epoch_v1/intphys2__main__v_jepa_2__vit_g_16__temporal_attn__layer_10/seed_101"",""probe.wandb.group=seed_runs_attentive_continued_to_max_epoch_v1_intphys2__main__v_jepa_2__vit_g_16__temporal_attn__layer_10"",""probe.wandb.name=intphys2__main__v_jepa_2__vit_g_16__temporal_attn__layer_10__seed_101__continue_to_epoch_90"",""probe.temporal_attn.num_heads=16"",""probe.temporal_attn.num_self_attn_blocks=1"",""probe.temporal_attn.mlp_ratio=2"",""probe.temporal_attn.dropout=0.20000000000000001"",""feature_cache.include_tokens=true"",""probe.init_checkpoint_path=artifacts/probes/intphys2/seed_runs_layerwise_attentive_v1/intphys2__main__v_jepa_2__vit_g_16__temporal_attn__layer_10/seed_101/layer_10/train/probe_last.pt""]",results/seed_runs/seed_manifest_layerwise_main_attentive_intphys2_v1.csv,8,10,515c2c94190c42fe,continuation_from_official_seed_manifest,,artifacts/probes/intphys2/seed_runs_layerwise_attentive_v1/intphys2__main__v_jepa_2__vit_g_16__temporal_attn__layer_10/seed_101/layer_10/train/train_summary.json,results/seed_runs/seed_manifest_layerwise_main_attentive_intphys2_v1.csv,8,10,515c2c94190c42fe,artifacts/probes/intphys2/seed_runs_layerwise_attentive_v1/intphys2__main__v_jepa_2__vit_g_16__temporal_attn__layer_10/seed_101/layer_10/train,artifacts/probes/intphys2/seed_runs_layerwise_attentive_v1/intphys2__main__v_jepa_2__vit_g_16__temporal_attn__layer_10/seed_101/layer_10/train/train_summary.json,af3574a11fb63565,artifacts/probes/intphys2/seed_runs_layerwise_attentive_v1/intphys2__main__v_jepa_2__vit_g_16__temporal_attn__layer_10/seed_101/layer_10/train/probe_last.pt,127017698,40,20,true,90,50,resume_probe_last_disable_early_stopping_to_target_epoch,artifacts/probes/intphys2/seed_runs_attentive_continued_to_max_epoch_v1/intphys2__main__v_jepa_2__vit_g_16__temporal_attn__layer_10/seed_101,artifacts/results/intphys2/seed_runs_attentive_continued_to_max_epoch_v1/intphys2__main__v_jepa_2__vit_g_16__temporal_attn__layer_10/seed_101
intphys2__main__v_jepa_2__vit_g_16__temporal_attn__layer_10__seed_102__continue_to_epoch_90,intphys2__main__v_jepa_2__vit_g_16__temporal_attn__layer_10,train_eval.probe.intphys2,IntPhys2,intphys2,main,V-JEPA 2,ViT-G/16,Attentive,temporal_attn,102,42,jepa_v2,vitg_384,10,,10,tokens,1e-4,0.01,1,1,66,false,20,,,16,1,2,0.20000000000000001,cuda,artifacts/probes/intphys2,seed_runs_attentive_continued_to_max_epoch_v1/intphys2__main__v_jepa_2__vit_g_16__temporal_attn__layer_10/seed_102,artifacts/results/intphys2,seed_runs_attentive_continued_to_max_epoch_v1/intphys2__main__v_jepa_2__vit_g_16__temporal_attn__layer_10/seed_102,seed_runs_attentive_continued_to_max_epoch_v1_intphys2__main__v_jepa_2__vit_g_16__temporal_attn__layer_10,intphys2__main__v_jepa_2__vit_g_16__temporal_attn__layer_10__seed_102__continue_to_epoch_90,pending,,"[""seed=102"",""split.seed=42"",""backbone.name=jepa_v2"",""+backbone.kwargs.variant=vitg_384"",""probe.name=temporal_attn"",""probe.layer=10"",""probe.layers=[]"",""probe.feature_view=tokens"",""probe.device=cuda"",""probe.lr=1e-4"",""probe.weight_decay=0.01"",""probe.batch_size=1"",""probe.eval_batch_size=1"",""probe.epochs=66"",""probe.early_stopping.enabled=false"",""probe.early_stopping.patience=20"",""probe.optuna.enabled=false"",""probe.output_dir=artifacts/probes/intphys2"",""probe.output_subdir=seed_runs_attentive_continued_to_max_epoch_v1/intphys2__main__v_jepa_2__vit_g_16__temporal_attn__layer_10/seed_102"",""probe.eval_output_dir=artifacts/results/intphys2"",""probe.eval_output_subdir=seed_runs_attentive_continued_to_max_epoch_v1/intphys2__main__v_jepa_2__vit_g_16__temporal_attn__layer_10/seed_102"",""probe.wandb.group=seed_runs_attentive_continued_to_max_epoch_v1_intphys2__main__v_jepa_2__vit_g_16__temporal_attn__layer_10"",""probe.wandb.name=intphys2__main__v_jepa_2__vit_g_16__temporal_attn__layer_10__seed_102__continue_to_epoch_90"",""probe.temporal_attn.num_heads=16"",""probe.temporal_attn.num_self_attn_blocks=1"",""probe.temporal_attn.mlp_ratio=2"",""probe.temporal_attn.dropout=0.20000000000000001"",""feature_cache.include_tokens=true"",""probe.init_checkpoint_path=artifacts/probes/intphys2/seed_runs_layerwise_attentive_v1/intphys2__main__v_jepa_2__vit_g_16__temporal_attn__layer_10/seed_102/layer_10/train/probe_last.pt""]",results/seed_runs/seed_manifest_layerwise_main_attentive_intphys2_v1.csv,9,11,09c75e09d1b0cfa1,continuation_from_official_seed_manifest,,artifacts/probes/intphys2/seed_runs_layerwise_attentive_v1/intphys2__main__v_jepa_2__vit_g_16__temporal_attn__layer_10/seed_102/layer_10/train/train_summary.json,results/seed_runs/seed_manifest_layerwise_main_attentive_intphys2_v1.csv,9,11,09c75e09d1b0cfa1,artifacts/probes/intphys2/seed_runs_layerwise_attentive_v1/intphys2__main__v_jepa_2__vit_g_16__temporal_attn__layer_10/seed_102/layer_10/train,artifacts/probes/intphys2/seed_runs_layerwise_attentive_v1/intphys2__main__v_jepa_2__vit_g_16__temporal_attn__layer_10/seed_102/layer_10/train/train_summary.json,941dd1e4224bc2f4,artifacts/probes/intphys2/seed_runs_layerwise_attentive_v1/intphys2__main__v_jepa_2__vit_g_16__temporal_attn__layer_10/seed_102/layer_10/train/probe_last.pt,127017698,24,4,true,90,66,resume_probe_last_disable_early_stopping_to_target_epoch,artifacts/probes/intphys2/seed_runs_attentive_continued_to_max_epoch_v1/intphys2__main__v_jepa_2__vit_g_16__temporal_attn__layer_10/seed_102,artifacts/results/intphys2/seed_runs_attentive_continued_to_max_epoch_v1/intphys2__main__v_jepa_2__vit_g_16__temporal_attn__layer_10/seed_102
intphys2__main__v_jepa_2__vit_g_16__temporal_attn__layer_20__seed_101__continue_to_epoch_90,intphys2__main__v_jepa_2__vit_g_16__temporal_attn__layer_20,train_eval.probe.intphys2,IntPhys2,intphys2,main,V-JEPA 2,ViT-G/16,Attentive,temporal_attn,101,42,jepa_v2,vitg_384,20,,20,tokens,5e-5,0.01,1,1,32,false,20,,,16,1,2,0.20000000000000001,cuda,artifacts/probes/intphys2,seed_runs_attentive_continued_to_max_epoch_v1/intphys2__main__v_jepa_2__vit_g_16__temporal_attn__layer_20/seed_101,artifacts/results/intphys2,seed_runs_attentive_continued_to_max_epoch_v1/intphys2__main__v_jepa_2__vit_g_16__temporal_attn__layer_20/seed_101,seed_runs_attentive_continued_to_max_epoch_v1_intphys2__main__v_jepa_2__vit_g_16__temporal_attn__layer_20,intphys2__main__v_jepa_2__vit_g_16__temporal_attn__layer_20__seed_101__continue_to_epoch_90,pending,,"[""seed=101"",""split.seed=42"",""backbone.name=jepa_v2"",""+backbone.kwargs.variant=vitg_384"",""probe.name=temporal_attn"",""probe.layer=20"",""probe.layers=[]"",""probe.feature_view=tokens"",""probe.device=cuda"",""probe.lr=5e-5"",""probe.weight_decay=0.01"",""probe.batch_size=1"",""probe.eval_batch_size=1"",""probe.epochs=32"",""probe.early_stopping.enabled=false"",""probe.early_stopping.patience=20"",""probe.optuna.enabled=false"",""probe.output_dir=artifacts/probes/intphys2"",""probe.output_subdir=seed_runs_attentive_continued_to_max_epoch_v1/intphys2__main__v_jepa_2__vit_g_16__temporal_attn__layer_20/seed_101"",""probe.eval_output_dir=artifacts/results/intphys2"",""probe.eval_output_subdir=seed_runs_attentive_continued_to_max_epoch_v1/intphys2__main__v_jepa_2__vit_g_16__temporal_attn__layer_20/seed_101"",""probe.wandb.group=seed_runs_attentive_continued_to_max_epoch_v1_intphys2__main__v_jepa_2__vit_g_16__temporal_attn__layer_20"",""probe.wandb.name=intphys2__main__v_jepa_2__vit_g_16__temporal_attn__layer_20__seed_101__continue_to_epoch_90"",""probe.temporal_attn.num_heads=16"",""probe.temporal_attn.num_self_attn_blocks=1"",""probe.temporal_attn.mlp_ratio=2"",""probe.temporal_attn.dropout=0.20000000000000001"",""feature_cache.include_tokens=true"",""probe.init_checkpoint_path=artifacts/probes/intphys2/seed_runs_layerwise_attentive_v1/intphys2__main__v_jepa_2__vit_g_16__temporal_attn__layer_20/seed_101/layer_20/train/probe_last.pt""]",results/seed_runs/seed_manifest_layerwise_main_attentive_intphys2_v1.csv,10,12,7df8fb2c9b977f48,continuation_from_official_seed_manifest,,artifacts/probes/intphys2/seed_runs_layerwise_attentive_v1/intphys2__main__v_jepa_2__vit_g_16__temporal_attn__layer_20/seed_101/layer_20/train/train_summary.json,results/seed_runs/seed_manifest_layerwise_main_attentive_intphys2_v1.csv,10,12,7df8fb2c9b977f48,artifacts/probes/intphys2/seed_runs_layerwise_attentive_v1/intphys2__main__v_jepa_2__vit_g_16__temporal_attn__layer_20/seed_101/layer_20/train,artifacts/probes/intphys2/seed_runs_layerwise_attentive_v1/intphys2__main__v_jepa_2__vit_g_16__temporal_attn__layer_20/seed_101/layer_20/train/train_summary.json,dddd8915e6098264,artifacts/probes/intphys2/seed_runs_layerwise_attentive_v1/intphys2__main__v_jepa_2__vit_g_16__temporal_attn__layer_20/seed_101/layer_20/train/probe_last.pt,127017698,58,38,true,90,32,resume_probe_last_disable_early_stopping_to_target_epoch,artifacts/probes/intphys2/seed_runs_attentive_continued_to_max_epoch_v1/intphys2__main__v_jepa_2__vit_g_16__temporal_attn__layer_20/seed_101,artifacts/results/intphys2/seed_runs_attentive_continued_to_max_epoch_v1/intphys2__main__v_jepa_2__vit_g_16__temporal_attn__layer_20/seed_101
intphys2__main__v_jepa_2__vit_g_16__temporal_attn__layer_20__seed_102__continue_to_epoch_90,intphys2__main__v_jepa_2__vit_g_16__temporal_attn__layer_20,train_eval.probe.intphys2,IntPhys2,intphys2,main,V-JEPA 2,ViT-G/16,Attentive,temporal_attn,102,42,jepa_v2,vitg_384,20,,20,tokens,5e-5,0.01,1,1,56,false,20,,,16,1,2,0.20000000000000001,cuda,artifacts/probes/intphys2,seed_runs_attentive_continued_to_max_epoch_v1/intphys2__main__v_jepa_2__vit_g_16__temporal_attn__layer_20/seed_102,artifacts/results/intphys2,seed_runs_attentive_continued_to_max_epoch_v1/intphys2__main__v_jepa_2__vit_g_16__temporal_attn__layer_20/seed_102,seed_runs_attentive_continued_to_max_epoch_v1_intphys2__main__v_jepa_2__vit_g_16__temporal_attn__layer_20,intphys2__main__v_jepa_2__vit_g_16__temporal_attn__layer_20__seed_102__continue_to_epoch_90,pending,,"[""seed=102"",""split.seed=42"",""backbone.name=jepa_v2"",""+backbone.kwargs.variant=vitg_384"",""probe.name=temporal_attn"",""probe.layer=20"",""probe.layers=[]"",""probe.feature_view=tokens"",""probe.device=cuda"",""probe.lr=5e-5"",""probe.weight_decay=0.01"",""probe.batch_size=1"",""probe.eval_batch_size=1"",""probe.epochs=56"",""probe.early_stopping.enabled=false"",""probe.early_stopping.patience=20"",""probe.optuna.enabled=false"",""probe.output_dir=artifacts/probes/intphys2"",""probe.output_subdir=seed_runs_attentive_continued_to_max_epoch_v1/intphys2__main__v_jepa_2__vit_g_16__temporal_attn__layer_20/seed_102"",""probe.eval_output_dir=artifacts/results/intphys2"",""probe.eval_output_subdir=seed_runs_attentive_continued_to_max_epoch_v1/intphys2__main__v_jepa_2__vit_g_16__temporal_attn__layer_20/seed_102"",""probe.wandb.group=seed_runs_attentive_continued_to_max_epoch_v1_intphys2__main__v_jepa_2__vit_g_16__temporal_attn__layer_20"",""probe.wandb.name=intphys2__main__v_jepa_2__vit_g_16__temporal_attn__layer_20__seed_102__continue_to_epoch_90"",""probe.temporal_attn.num_heads=16"",""probe.temporal_attn.num_self_attn_blocks=1"",""probe.temporal_attn.mlp_ratio=2"",""probe.temporal_attn.dropout=0.20000000000000001"",""feature_cache.include_tokens=true"",""probe.init_checkpoint_path=artifacts/probes/intphys2/seed_runs_layerwise_attentive_v1/intphys2__main__v_jepa_2__vit_g_16__temporal_attn__layer_20/seed_102/layer_20/train/probe_last.pt""]",results/seed_runs/seed_manifest_layerwise_main_attentive_intphys2_v1.csv,11,13,ff48558d6b8d9001,continuation_from_official_seed_manifest,,artifacts/probes/intphys2/seed_runs_layerwise_attentive_v1/intphys2__main__v_jepa_2__vit_g_16__temporal_attn__layer_20/seed_102/layer_20/train/train_summary.json,results/seed_runs/seed_manifest_layerwise_main_attentive_intphys2_v1.csv,11,13,ff48558d6b8d9001,artifacts/probes/intphys2/seed_runs_layerwise_attentive_v1/intphys2__main__v_jepa_2__vit_g_16__temporal_attn__layer_20/seed_102/layer_20/train,artifacts/probes/intphys2/seed_runs_layerwise_attentive_v1/intphys2__main__v_jepa_2__vit_g_16__temporal_attn__layer_20/seed_102/layer_20/train/train_summary.json,e6555b97c663f0df,artifacts/probes/intphys2/seed_runs_layerwise_attentive_v1/intphys2__main__v_jepa_2__vit_g_16__temporal_attn__layer_20/seed_102/layer_20/train/probe_last.pt,127017698,34,14,true,90,56,resume_probe_last_disable_early_stopping_to_target_epoch,artifacts/probes/intphys2/seed_runs_attentive_continued_to_max_epoch_v1/intphys2__main__v_jepa_2__vit_g_16__temporal_attn__layer_20/seed_102,artifacts/results/intphys2/seed_runs_attentive_continued_to_max_epoch_v1/intphys2__main__v_jepa_2__vit_g_16__temporal_attn__layer_20/seed_102
intphys2__main__v_jepa_2__vit_g_16__temporal_attn__layer_30__seed_101__continue_to_epoch_90,intphys2__main__v_jepa_2__vit_g_16__temporal_attn__layer_30,train_eval.probe.intphys2,IntPhys2,intphys2,main,V-JEPA 2,ViT-G/16,Attentive,temporal_attn,101,42,jepa_v2,vitg_384,30,,30,tokens,5e-5,0.01,1,1,48,false,20,,,16,1,2,0.20000000000000001,cuda,artifacts/probes/intphys2,seed_runs_attentive_continued_to_max_epoch_v1/intphys2__main__v_jepa_2__vit_g_16__temporal_attn__layer_30/seed_101,artifacts/results/intphys2,seed_runs_attentive_continued_to_max_epoch_v1/intphys2__main__v_jepa_2__vit_g_16__temporal_attn__layer_30/seed_101,seed_runs_attentive_continued_to_max_epoch_v1_intphys2__main__v_jepa_2__vit_g_16__temporal_attn__layer_30,intphys2__main__v_jepa_2__vit_g_16__temporal_attn__layer_30__seed_101__continue_to_epoch_90,pending,,"[""seed=101"",""split.seed=42"",""backbone.name=jepa_v2"",""+backbone.kwargs.variant=vitg_384"",""probe.name=temporal_attn"",""probe.layer=30"",""probe.layers=[]"",""probe.feature_view=tokens"",""probe.device=cuda"",""probe.lr=5e-5"",""probe.weight_decay=0.01"",""probe.batch_size=1"",""probe.eval_batch_size=1"",""probe.epochs=48"",""probe.early_stopping.enabled=false"",""probe.early_stopping.patience=20"",""probe.optuna.enabled=false"",""probe.output_dir=artifacts/probes/intphys2"",""probe.output_subdir=seed_runs_attentive_continued_to_max_epoch_v1/intphys2__main__v_jepa_2__vit_g_16__temporal_attn__layer_30/seed_101"",""probe.eval_output_dir=artifacts/results/intphys2"",""probe.eval_output_subdir=seed_runs_attentive_continued_to_max_epoch_v1/intphys2__main__v_jepa_2__vit_g_16__temporal_attn__layer_30/seed_101"",""probe.wandb.group=seed_runs_attentive_continued_to_max_epoch_v1_intphys2__main__v_jepa_2__vit_g_16__temporal_attn__layer_30"",""probe.wandb.name=intphys2__main__v_jepa_2__vit_g_16__temporal_attn__layer_30__seed_101__continue_to_epoch_90"",""probe.temporal_attn.num_heads=16"",""probe.temporal_attn.num_self_attn_blocks=1"",""probe.temporal_attn.mlp_ratio=2"",""probe.temporal_attn.dropout=0.20000000000000001"",""feature_cache.include_tokens=true"",""probe.init_checkpoint_path=artifacts/probes/intphys2/seed_runs_layerwise_attentive_v1/intphys2__main__v_jepa_2__vit_g_16__temporal_attn__layer_30/seed_101/layer_30/train/probe_last.pt""]",results/seed_runs/seed_manifest_layerwise_main_attentive_intphys2_v1.csv,12,14,cf63f319e369120a,continuation_from_official_seed_manifest,,artifacts/probes/intphys2/seed_runs_layerwise_attentive_v1/intphys2__main__v_jepa_2__vit_g_16__temporal_attn__layer_30/seed_101/layer_30/train/train_summary.json,results/seed_runs/seed_manifest_layerwise_main_attentive_intphys2_v1.csv,12,14,cf63f319e369120a,artifacts/probes/intphys2/seed_runs_layerwise_attentive_v1/intphys2__main__v_jepa_2__vit_g_16__temporal_attn__layer_30/seed_101/layer_30/train,artifacts/probes/intphys2/seed_runs_layerwise_attentive_v1/intphys2__main__v_jepa_2__vit_g_16__temporal_attn__layer_30/seed_101/layer_30/train/train_summary.json,ceeeb1b8e3e00889,artifacts/probes/intphys2/seed_runs_layerwise_attentive_v1/intphys2__main__v_jepa_2__vit_g_16__temporal_attn__layer_30/seed_101/layer_30/train/probe_last.pt,127017698,42,22,true,90,48,resume_probe_last_disable_early_stopping_to_target_epoch,artifacts/probes/intphys2/seed_runs_attentive_continued_to_max_epoch_v1/intphys2__main__v_jepa_2__vit_g_16__temporal_attn__layer_30/seed_101,artifacts/results/intphys2/seed_runs_attentive_continued_to_max_epoch_v1/intphys2__main__v_jepa_2__vit_g_16__temporal_attn__layer_30/seed_101
intphys2__main__v_jepa_2__vit_g_16__temporal_attn__layer_30__seed_102__continue_to_epoch_90,intphys2__main__v_jepa_2__vit_g_16__temporal_attn__layer_30,train_eval.probe.intphys2,IntPhys2,intphys2,main,V-JEPA 2,ViT-G/16,Attentive,temporal_attn,102,42,jepa_v2,vitg_384,30,,30,tokens,5e-5,0.01,1,1,37,false,20,,,16,1,2,0.20000000000000001,cuda,artifacts/probes/intphys2,seed_runs_attentive_continued_to_max_epoch_v1/intphys2__main__v_jepa_2__vit_g_16__temporal_attn__layer_30/seed_102,artifacts/results/intphys2,seed_runs_attentive_continued_to_max_epoch_v1/intphys2__main__v_jepa_2__vit_g_16__temporal_attn__layer_30/seed_102,seed_runs_attentive_continued_to_max_epoch_v1_intphys2__main__v_jepa_2__vit_g_16__temporal_attn__layer_30,intphys2__main__v_jepa_2__vit_g_16__temporal_attn__layer_30__seed_102__continue_to_epoch_90,pending,,"[""seed=102"",""split.seed=42"",""backbone.name=jepa_v2"",""+backbone.kwargs.variant=vitg_384"",""probe.name=temporal_attn"",""probe.layer=30"",""probe.layers=[]"",""probe.feature_view=tokens"",""probe.device=cuda"",""probe.lr=5e-5"",""probe.weight_decay=0.01"",""probe.batch_size=1"",""probe.eval_batch_size=1"",""probe.epochs=37"",""probe.early_stopping.enabled=false"",""probe.early_stopping.patience=20"",""probe.optuna.enabled=false"",""probe.output_dir=artifacts/probes/intphys2"",""probe.output_subdir=seed_runs_attentive_continued_to_max_epoch_v1/intphys2__main__v_jepa_2__vit_g_16__temporal_attn__layer_30/seed_102"",""probe.eval_output_dir=artifacts/results/intphys2"",""probe.eval_output_subdir=seed_runs_attentive_continued_to_max_epoch_v1/intphys2__main__v_jepa_2__vit_g_16__temporal_attn__layer_30/seed_102"",""probe.wandb.group=seed_runs_attentive_continued_to_max_epoch_v1_intphys2__main__v_jepa_2__vit_g_16__temporal_attn__layer_30"",""probe.wandb.name=intphys2__main__v_jepa_2__vit_g_16__temporal_attn__layer_30__seed_102__continue_to_epoch_90"",""probe.temporal_attn.num_heads=16"",""probe.temporal_attn.num_self_attn_blocks=1"",""probe.temporal_attn.mlp_ratio=2"",""probe.temporal_attn.dropout=0.20000000000000001"",""feature_cache.include_tokens=true"",""probe.init_checkpoint_path=artifacts/probes/intphys2/seed_runs_layerwise_attentive_v1/intphys2__main__v_jepa_2__vit_g_16__temporal_attn__layer_30/seed_102/layer_30/train/probe_last.pt""]",results/seed_runs/seed_manifest_layerwise_main_attentive_intphys2_v1.csv,13,15,ea547cb5076fe72c,continuation_from_official_seed_manifest,,artifacts/probes/intphys2/seed_runs_layerwise_attentive_v1/intphys2__main__v_jepa_2__vit_g_16__temporal_attn__layer_30/seed_102/layer_30/train/train_summary.json,results/seed_runs/seed_manifest_layerwise_main_attentive_intphys2_v1.csv,13,15,ea547cb5076fe72c,artifacts/probes/intphys2/seed_runs_layerwise_attentive_v1/intphys2__main__v_jepa_2__vit_g_16__temporal_attn__layer_30/seed_102/layer_30/train,artifacts/probes/intphys2/seed_runs_layerwise_attentive_v1/intphys2__main__v_jepa_2__vit_g_16__temporal_attn__layer_30/seed_102/layer_30/train/train_summary.json,ceac631924682d06,artifacts/probes/intphys2/seed_runs_layerwise_attentive_v1/intphys2__main__v_jepa_2__vit_g_16__temporal_attn__layer_30/seed_102/layer_30/train/probe_last.pt,127017698,53,33,true,90,37,resume_probe_last_disable_early_stopping_to_target_epoch,artifacts/probes/intphys2/seed_runs_attentive_continued_to_max_epoch_v1/intphys2__main__v_jepa_2__vit_g_16__temporal_attn__layer_30/seed_102,artifacts/results/intphys2/seed_runs_attentive_continued_to_max_epoch_v1/intphys2__main__v_jepa_2__vit_g_16__temporal_attn__layer_30/seed_102
intphys2__main__v_jepa_2__vit_g_16__temporal_attn__layer_40__seed_101__continue_to_epoch_90,intphys2__main__v_jepa_2__vit_g_16__temporal_attn__layer_40,train_eval.probe.intphys2,IntPhys2,intphys2,main,V-JEPA 2,ViT-G/16,Attentive,temporal_attn,101,42,jepa_v2,vitg_384,40,,40,tokens,1e-5,0.01,1,1,33,false,20,,,16,1,2,0.20000000000000001,cuda,artifacts/probes/intphys2,seed_runs_attentive_continued_to_max_epoch_v1/intphys2__main__v_jepa_2__vit_g_16__temporal_attn__layer_40/seed_101,artifacts/results/intphys2,seed_runs_attentive_continued_to_max_epoch_v1/intphys2__main__v_jepa_2__vit_g_16__temporal_attn__layer_40/seed_101,seed_runs_attentive_continued_to_max_epoch_v1_intphys2__main__v_jepa_2__vit_g_16__temporal_attn__layer_40,intphys2__main__v_jepa_2__vit_g_16__temporal_attn__layer_40__seed_101__continue_to_epoch_90,pending,,"[""seed=101"",""split.seed=42"",""backbone.name=jepa_v2"",""+backbone.kwargs.variant=vitg_384"",""probe.name=temporal_attn"",""probe.layer=40"",""probe.layers=[]"",""probe.feature_view=tokens"",""probe.device=cuda"",""probe.lr=1e-5"",""probe.weight_decay=0.01"",""probe.batch_size=1"",""probe.eval_batch_size=1"",""probe.epochs=33"",""probe.early_stopping.enabled=false"",""probe.early_stopping.patience=20"",""probe.optuna.enabled=false"",""probe.output_dir=artifacts/probes/intphys2"",""probe.output_subdir=seed_runs_attentive_continued_to_max_epoch_v1/intphys2__main__v_jepa_2__vit_g_16__temporal_attn__layer_40/seed_101"",""probe.eval_output_dir=artifacts/results/intphys2"",""probe.eval_output_subdir=seed_runs_attentive_continued_to_max_epoch_v1/intphys2__main__v_jepa_2__vit_g_16__temporal_attn__layer_40/seed_101"",""probe.wandb.group=seed_runs_attentive_continued_to_max_epoch_v1_intphys2__main__v_jepa_2__vit_g_16__temporal_attn__layer_40"",""probe.wandb.name=intphys2__main__v_jepa_2__vit_g_16__temporal_attn__layer_40__seed_101__continue_to_epoch_90"",""probe.temporal_attn.num_heads=16"",""probe.temporal_attn.num_self_attn_blocks=1"",""probe.temporal_attn.mlp_ratio=2"",""probe.temporal_attn.dropout=0.20000000000000001"",""feature_cache.include_tokens=true"",""probe.init_checkpoint_path=artifacts/probes/intphys2/seed_runs_layerwise_attentive_v1/intphys2__main__v_jepa_2__vit_g_16__temporal_attn__layer_40/seed_101/layer_40/train/probe_last.pt""]",results/seed_runs/seed_manifest_layerwise_main_attentive_intphys2_v1.csv,14,16,3cb5a13648590048,continuation_from_official_seed_manifest,,artifacts/probes/intphys2/seed_runs_layerwise_attentive_v1/intphys2__main__v_jepa_2__vit_g_16__temporal_attn__layer_40/seed_101/layer_40/train/train_summary.json,results/seed_runs/seed_manifest_layerwise_main_attentive_intphys2_v1.csv,14,16,3cb5a13648590048,artifacts/probes/intphys2/seed_runs_layerwise_attentive_v1/intphys2__main__v_jepa_2__vit_g_16__temporal_attn__layer_40/seed_101/layer_40/train,artifacts/probes/intphys2/seed_runs_layerwise_attentive_v1/intphys2__main__v_jepa_2__vit_g_16__temporal_attn__layer_40/seed_101/layer_40/train/train_summary.json,cef90bdb57186f8d,artifacts/probes/intphys2/seed_runs_layerwise_attentive_v1/intphys2__main__v_jepa_2__vit_g_16__temporal_attn__layer_40/seed_101/layer_40/train/probe_last.pt,127017698,57,37,true,90,33,resume_probe_last_disable_early_stopping_to_target_epoch,artifacts/probes/intphys2/seed_runs_attentive_continued_to_max_epoch_v1/intphys2__main__v_jepa_2__vit_g_16__temporal_attn__layer_40/seed_101,artifacts/results/intphys2/seed_runs_attentive_continued_to_max_epoch_v1/intphys2__main__v_jepa_2__vit_g_16__temporal_attn__layer_40/seed_101
intphys2__main__v_jepa_2_1__vit_gigantic_16__temporal_attn__layer_12__seed_101__continue_to_epoch_90,intphys2__main__v_jepa_2_1__vit_gigantic_16__temporal_attn__layer_12,train_eval.probe.intphys2,IntPhys2,intphys2,main,V-JEPA 2.1,ViT-Gigantic/16,Attentive,temporal_attn,101,42,jepa_v2_1,vitG_384,12,,12,tokens,1e-5,0.01,2,2,57,false,20,,,16,1,2,0.20000000000000001,cuda,artifacts/probes/intphys2,seed_runs_attentive_continued_to_max_epoch_v1/intphys2__main__v_jepa_2_1__vit_gigantic_16__temporal_attn__layer_12/seed_101,artifacts/results/intphys2,seed_runs_attentive_continued_to_max_epoch_v1/intphys2__main__v_jepa_2_1__vit_gigantic_16__temporal_attn__layer_12/seed_101,seed_runs_attentive_continued_to_max_epoch_v1_intphys2__main__v_jepa_2_1__vit_gigantic_16__temporal_attn__layer_12,intphys2__main__v_jepa_2_1__vit_gigantic_16__temporal_attn__layer_12__seed_101__continue_to_epoch_90,pending,,"[""seed=101"",""split.seed=42"",""backbone.name=jepa_v2_1"",""+backbone.kwargs.variant=vitG_384"",""probe.name=temporal_attn"",""probe.layer=12"",""probe.layers=[]"",""probe.feature_view=tokens"",""probe.device=cuda"",""probe.lr=1e-5"",""probe.weight_decay=0.01"",""probe.batch_size=2"",""probe.eval_batch_size=2"",""probe.epochs=57"",""probe.early_stopping.enabled=false"",""probe.early_stopping.patience=20"",""probe.optuna.enabled=false"",""probe.output_dir=artifacts/probes/intphys2"",""probe.output_subdir=seed_runs_attentive_continued_to_max_epoch_v1/intphys2__main__v_jepa_2_1__vit_gigantic_16__temporal_attn__layer_12/seed_101"",""probe.eval_output_dir=artifacts/results/intphys2"",""probe.eval_output_subdir=seed_runs_attentive_continued_to_max_epoch_v1/intphys2__main__v_jepa_2_1__vit_gigantic_16__temporal_attn__layer_12/seed_101"",""probe.wandb.group=seed_runs_attentive_continued_to_max_epoch_v1_intphys2__main__v_jepa_2_1__vit_gigantic_16__temporal_attn__layer_12"",""probe.wandb.name=intphys2__main__v_jepa_2_1__vit_gigantic_16__temporal_attn__layer_12__seed_101__continue_to_epoch_90"",""probe.temporal_attn.num_heads=16"",""probe.temporal_attn.num_self_attn_blocks=1"",""probe.temporal_attn.mlp_ratio=2"",""probe.temporal_attn.dropout=0.20000000000000001"",""feature_cache.include_tokens=true"",""probe.init_checkpoint_path=artifacts/probes/intphys2/seed_runs_layerwise_attentive_v1/intphys2__main__v_jepa_2_1__vit_gigantic_16__temporal_attn__layer_12/seed_101/layer_12/train/probe_last.pt""]",results/seed_runs/seed_manifest_layerwise_main_attentive_intphys2_v1.csv,16,18,a62269b682642719,continuation_from_official_seed_manifest,,artifacts/probes/intphys2/seed_runs_layerwise_attentive_v1/intphys2__main__v_jepa_2_1__vit_gigantic_16__temporal_attn__layer_12/seed_101/layer_12/train/train_summary.json,results/seed_runs/seed_manifest_layerwise_main_attentive_intphys2_v1.csv,16,18,a62269b682642719,artifacts/probes/intphys2/seed_runs_layerwise_attentive_v1/intphys2__main__v_jepa_2_1__vit_gigantic_16__temporal_attn__layer_12/seed_101/layer_12/train,artifacts/probes/intphys2/seed_runs_layerwise_attentive_v1/intphys2__main__v_jepa_2_1__vit_gigantic_16__temporal_attn__layer_12/seed_101/layer_12/train/train_summary.json,4fc3f0d5c98670b8,artifacts/probes/intphys2/seed_runs_layerwise_attentive_v1/intphys2__main__v_jepa_2_1__vit_gigantic_16__temporal_attn__layer_12/seed_101/layer_12/train/probe_last.pt,177372898,33,13,true,90,57,resume_probe_last_disable_early_stopping_to_target_epoch,artifacts/probes/intphys2/seed_runs_attentive_continued_to_max_epoch_v1/intphys2__main__v_jepa_2_1__vit_gigantic_16__temporal_attn__layer_12/seed_101,artifacts/results/intphys2/seed_runs_attentive_continued_to_max_epoch_v1/intphys2__main__v_jepa_2_1__vit_gigantic_16__temporal_attn__layer_12/seed_101
intphys2__main__v_jepa_2_1__vit_gigantic_16__temporal_attn__layer_12__seed_102__continue_to_epoch_90,intphys2__main__v_jepa_2_1__vit_gigantic_16__temporal_attn__layer_12,train_eval.probe.intphys2,IntPhys2,intphys2,main,V-JEPA 2.1,ViT-Gigantic/16,Attentive,temporal_attn,102,42,jepa_v2_1,vitG_384,12,,12,tokens,1e-5,0.01,2,2,15,false,20,,,16,1,2,0.20000000000000001,cuda,artifacts/probes/intphys2,seed_runs_attentive_continued_to_max_epoch_v1/intphys2__main__v_jepa_2_1__vit_gigantic_16__temporal_attn__layer_12/seed_102,artifacts/results/intphys2,seed_runs_attentive_continued_to_max_epoch_v1/intphys2__main__v_jepa_2_1__vit_gigantic_16__temporal_attn__layer_12/seed_102,seed_runs_attentive_continued_to_max_epoch_v1_intphys2__main__v_jepa_2_1__vit_gigantic_16__temporal_attn__layer_12,intphys2__main__v_jepa_2_1__vit_gigantic_16__temporal_attn__layer_12__seed_102__continue_to_epoch_90,pending,,"[""seed=102"",""split.seed=42"",""backbone.name=jepa_v2_1"",""+backbone.kwargs.variant=vitG_384"",""probe.name=temporal_attn"",""probe.layer=12"",""probe.layers=[]"",""probe.feature_view=tokens"",""probe.device=cuda"",""probe.lr=1e-5"",""probe.weight_decay=0.01"",""probe.batch_size=2"",""probe.eval_batch_size=2"",""probe.epochs=15"",""probe.early_stopping.enabled=false"",""probe.early_stopping.patience=20"",""probe.optuna.enabled=false"",""probe.output_dir=artifacts/probes/intphys2"",""probe.output_subdir=seed_runs_attentive_continued_to_max_epoch_v1/intphys2__main__v_jepa_2_1__vit_gigantic_16__temporal_attn__layer_12/seed_102"",""probe.eval_output_dir=artifacts/results/intphys2"",""probe.eval_output_subdir=seed_runs_attentive_continued_to_max_epoch_v1/intphys2__main__v_jepa_2_1__vit_gigantic_16__temporal_attn__layer_12/seed_102"",""probe.wandb.group=seed_runs_attentive_continued_to_max_epoch_v1_intphys2__main__v_jepa_2_1__vit_gigantic_16__temporal_attn__layer_12"",""probe.wandb.name=intphys2__main__v_jepa_2_1__vit_gigantic_16__temporal_attn__layer_12__seed_102__continue_to_epoch_90"",""probe.temporal_attn.num_heads=16"",""probe.temporal_attn.num_self_attn_blocks=1"",""probe.temporal_attn.mlp_ratio=2"",""probe.temporal_attn.dropout=0.20000000000000001"",""feature_cache.include_tokens=true"",""probe.init_checkpoint_path=artifacts/probes/intphys2/seed_runs_layerwise_attentive_v1/intphys2__main__v_jepa_2_1__vit_gigantic_16__temporal_attn__layer_12/seed_102/layer_12/train/probe_last.pt""]",results/seed_runs/seed_manifest_layerwise_main_attentive_intphys2_v1.csv,17,19,8a71f8f24cd563cc,continuation_from_official_seed_manifest,,artifacts/probes/intphys2/seed_runs_layerwise_attentive_v1/intphys2__main__v_jepa_2_1__vit_gigantic_16__temporal_attn__layer_12/seed_102/layer_12/train/train_summary.json,results/seed_runs/seed_manifest_layerwise_main_attentive_intphys2_v1.csv,17,19,8a71f8f24cd563cc,artifacts/probes/intphys2/seed_runs_layerwise_attentive_v1/intphys2__main__v_jepa_2_1__vit_gigantic_16__temporal_attn__layer_12/seed_102/layer_12/train,artifacts/probes/intphys2/seed_runs_layerwise_attentive_v1/intphys2__main__v_jepa_2_1__vit_gigantic_16__temporal_attn__layer_12/seed_102/layer_12/train/train_summary.json,de67495e6bcfeca2,artifacts/probes/intphys2/seed_runs_layerwise_attentive_v1/intphys2__main__v_jepa_2_1__vit_gigantic_16__temporal_attn__layer_12/seed_102/layer_12/train/probe_last.pt,177372898,75,55,true,90,15,resume_probe_last_disable_early_stopping_to_target_epoch,artifacts/probes/intphys2/seed_runs_attentive_continued_to_max_epoch_v1/intphys2__main__v_jepa_2_1__vit_gigantic_16__temporal_attn__layer_12/seed_102,artifacts/results/intphys2/seed_runs_attentive_continued_to_max_epoch_v1/intphys2__main__v_jepa_2_1__vit_gigantic_16__temporal_attn__layer_12/seed_102
intphys2__main__v_jepa_2_1__vit_gigantic_16__temporal_attn__layer_38__seed_101__continue_to_epoch_90,intphys2__main__v_jepa_2_1__vit_gigantic_16__temporal_attn__layer_38,train_eval.probe.intphys2,IntPhys2,intphys2,main,V-JEPA 2.1,ViT-Gigantic/16,Attentive,temporal_attn,101,42,jepa_v2_1,vitG_384,38,,38,tokens,5e-5,0.01,2,2,52,false,20,,,16,1,2,0.20000000000000001,cuda,artifacts/probes/intphys2,seed_runs_attentive_continued_to_max_epoch_v1/intphys2__main__v_jepa_2_1__vit_gigantic_16__temporal_attn__layer_38/seed_101,artifacts/results/intphys2,seed_runs_attentive_continued_to_max_epoch_v1/intphys2__main__v_jepa_2_1__vit_gigantic_16__temporal_attn__layer_38/seed_101,seed_runs_attentive_continued_to_max_epoch_v1_intphys2__main__v_jepa_2_1__vit_gigantic_16__temporal_attn__layer_38,intphys2__main__v_jepa_2_1__vit_gigantic_16__temporal_attn__layer_38__seed_101__continue_to_epoch_90,pending,,"[""seed=101"",""split.seed=42"",""backbone.name=jepa_v2_1"",""+backbone.kwargs.variant=vitG_384"",""probe.name=temporal_attn"",""probe.layer=38"",""probe.layers=[]"",""probe.feature_view=tokens"",""probe.device=cuda"",""probe.lr=5e-5"",""probe.weight_decay=0.01"",""probe.batch_size=2"",""probe.eval_batch_size=2"",""probe.epochs=52"",""probe.early_stopping.enabled=false"",""probe.early_stopping.patience=20"",""probe.optuna.enabled=false"",""probe.output_dir=artifacts/probes/intphys2"",""probe.output_subdir=seed_runs_attentive_continued_to_max_epoch_v1/intphys2__main__v_jepa_2_1__vit_gigantic_16__temporal_attn__layer_38/seed_101"",""probe.eval_output_dir=artifacts/results/intphys2"",""probe.eval_output_subdir=seed_runs_attentive_continued_to_max_epoch_v1/intphys2__main__v_jepa_2_1__vit_gigantic_16__temporal_attn__layer_38/seed_101"",""probe.wandb.group=seed_runs_attentive_continued_to_max_epoch_v1_intphys2__main__v_jepa_2_1__vit_gigantic_16__temporal_attn__layer_38"",""probe.wandb.name=intphys2__main__v_jepa_2_1__vit_gigantic_16__temporal_attn__layer_38__seed_101__continue_to_epoch_90"",""probe.temporal_attn.num_heads=16"",""probe.temporal_attn.num_self_attn_blocks=1"",""probe.temporal_attn.mlp_ratio=2"",""probe.temporal_attn.dropout=0.20000000000000001"",""feature_cache.include_tokens=true"",""probe.init_checkpoint_path=artifacts/probes/intphys2/seed_runs_layerwise_attentive_v1/intphys2__main__v_jepa_2_1__vit_gigantic_16__temporal_attn__layer_38/seed_101/layer_38/train/probe_last.pt""]",results/seed_runs/seed_manifest_layerwise_main_attentive_intphys2_v1.csv,20,22,64485db3bc00fb9a,continuation_from_official_seed_manifest,,artifacts/probes/intphys2/seed_runs_layerwise_attentive_v1/intphys2__main__v_jepa_2_1__vit_gigantic_16__temporal_attn__layer_38/seed_101/layer_38/train/train_summary.json,results/seed_runs/seed_manifest_layerwise_main_attentive_intphys2_v1.csv,20,22,64485db3bc00fb9a,artifacts/probes/intphys2/seed_runs_layerwise_attentive_v1/intphys2__main__v_jepa_2_1__vit_gigantic_16__temporal_attn__layer_38/seed_101/layer_38/train,artifacts/probes/intphys2/seed_runs_layerwise_attentive_v1/intphys2__main__v_jepa_2_1__vit_gigantic_16__temporal_attn__layer_38/seed_101/layer_38/train/train_summary.json,36f5f91cfa11d7e1,artifacts/probes/intphys2/seed_runs_layerwise_attentive_v1/intphys2__main__v_jepa_2_1__vit_gigantic_16__temporal_attn__layer_38/seed_101/layer_38/train/probe_last.pt,177372898,38,18,true,90,52,resume_probe_last_disable_early_stopping_to_target_epoch,artifacts/probes/intphys2/seed_runs_attentive_continued_to_max_epoch_v1/intphys2__main__v_jepa_2_1__vit_gigantic_16__temporal_attn__layer_38/seed_101,artifacts/results/intphys2/seed_runs_attentive_continued_to_max_epoch_v1/intphys2__main__v_jepa_2_1__vit_gigantic_16__temporal_attn__layer_38/seed_101
intphys2__main__v_jepa_2_1__vit_gigantic_16__temporal_attn__layer_38__seed_102__continue_to_epoch_90,intphys2__main__v_jepa_2_1__vit_gigantic_16__temporal_attn__layer_38,train_eval.probe.intphys2,IntPhys2,intphys2,main,V-JEPA 2.1,ViT-Gigantic/16,Attentive,temporal_attn,102,42,jepa_v2_1,vitG_384,38,,38,tokens,5e-5,0.01,2,2,19,false,20,,,16,1,2,0.20000000000000001,cuda,artifacts/probes/intphys2,seed_runs_attentive_continued_to_max_epoch_v1/intphys2__main__v_jepa_2_1__vit_gigantic_16__temporal_attn__layer_38/seed_102,artifacts/results/intphys2,seed_runs_attentive_continued_to_max_epoch_v1/intphys2__main__v_jepa_2_1__vit_gigantic_16__temporal_attn__layer_38/seed_102,seed_runs_attentive_continued_to_max_epoch_v1_intphys2__main__v_jepa_2_1__vit_gigantic_16__temporal_attn__layer_38,intphys2__main__v_jepa_2_1__vit_gigantic_16__temporal_attn__layer_38__seed_102__continue_to_epoch_90,pending,,"[""seed=102"",""split.seed=42"",""backbone.name=jepa_v2_1"",""+backbone.kwargs.variant=vitG_384"",""probe.name=temporal_attn"",""probe.layer=38"",""probe.layers=[]"",""probe.feature_view=tokens"",""probe.device=cuda"",""probe.lr=5e-5"",""probe.weight_decay=0.01"",""probe.batch_size=2"",""probe.eval_batch_size=2"",""probe.epochs=19"",""probe.early_stopping.enabled=false"",""probe.early_stopping.patience=20"",""probe.optuna.enabled=false"",""probe.output_dir=artifacts/probes/intphys2"",""probe.output_subdir=seed_runs_attentive_continued_to_max_epoch_v1/intphys2__main__v_jepa_2_1__vit_gigantic_16__temporal_attn__layer_38/seed_102"",""probe.eval_output_dir=artifacts/results/intphys2"",""probe.eval_output_subdir=seed_runs_attentive_continued_to_max_epoch_v1/intphys2__main__v_jepa_2_1__vit_gigantic_16__temporal_attn__layer_38/seed_102"",""probe.wandb.group=seed_runs_attentive_continued_to_max_epoch_v1_intphys2__main__v_jepa_2_1__vit_gigantic_16__temporal_attn__layer_38"",""probe.wandb.name=intphys2__main__v_jepa_2_1__vit_gigantic_16__temporal_attn__layer_38__seed_102__continue_to_epoch_90"",""probe.temporal_attn.num_heads=16"",""probe.temporal_attn.num_self_attn_blocks=1"",""probe.temporal_attn.mlp_ratio=2"",""probe.temporal_attn.dropout=0.20000000000000001"",""feature_cache.include_tokens=true"",""probe.init_checkpoint_path=artifacts/probes/intphys2/seed_runs_layerwise_attentive_v1/intphys2__main__v_jepa_2_1__vit_gigantic_16__temporal_attn__layer_38/seed_102/layer_38/train/probe_last.pt""]",results/seed_runs/seed_manifest_layerwise_main_attentive_intphys2_v1.csv,21,23,b7c636085190c4ee,continuation_from_official_seed_manifest,,artifacts/probes/intphys2/seed_runs_layerwise_attentive_v1/intphys2__main__v_jepa_2_1__vit_gigantic_16__temporal_attn__layer_38/seed_102/layer_38/train/train_summary.json,results/seed_runs/seed_manifest_layerwise_main_attentive_intphys2_v1.csv,21,23,b7c636085190c4ee,artifacts/probes/intphys2/seed_runs_layerwise_attentive_v1/intphys2__main__v_jepa_2_1__vit_gigantic_16__temporal_attn__layer_38/seed_102/layer_38/train,artifacts/probes/intphys2/seed_runs_layerwise_attentive_v1/intphys2__main__v_jepa_2_1__vit_gigantic_16__temporal_attn__layer_38/seed_102/layer_38/train/train_summary.json,ef66736b082770fe,artifacts/probes/intphys2/seed_runs_layerwise_attentive_v1/intphys2__main__v_jepa_2_1__vit_gigantic_16__temporal_attn__layer_38/seed_102/layer_38/train/probe_last.pt,177372898,71,51,true,90,19,resume_probe_last_disable_early_stopping_to_target_epoch,artifacts/probes/intphys2/seed_runs_attentive_continued_to_max_epoch_v1/intphys2__main__v_jepa_2_1__vit_gigantic_16__temporal_attn__layer_38/seed_102,artifacts/results/intphys2/seed_runs_attentive_continued_to_max_epoch_v1/intphys2__main__v_jepa_2_1__vit_gigantic_16__temporal_attn__layer_38/seed_102
intphys2__main__v_jepa_2_1__vit_gigantic_16__temporal_attn__layer_48__seed_101__continue_to_epoch_90,intphys2__main__v_jepa_2_1__vit_gigantic_16__temporal_attn__layer_48,train_eval.probe.intphys2,IntPhys2,intphys2,main,V-JEPA 2.1,ViT-Gigantic/16,Attentive,temporal_attn,101,42,jepa_v2_1,vitG_384,48,,48,tokens,1e-4,0.01,2,2,50,false,20,,,16,1,2,0.20000000000000001,cuda,artifacts/probes/intphys2,seed_runs_attentive_continued_to_max_epoch_v1/intphys2__main__v_jepa_2_1__vit_gigantic_16__temporal_attn__layer_48/seed_101,artifacts/results/intphys2,seed_runs_attentive_continued_to_max_epoch_v1/intphys2__main__v_jepa_2_1__vit_gigantic_16__temporal_attn__layer_48/seed_101,seed_runs_attentive_continued_to_max_epoch_v1_intphys2__main__v_jepa_2_1__vit_gigantic_16__temporal_attn__layer_48,intphys2__main__v_jepa_2_1__vit_gigantic_16__temporal_attn__layer_48__seed_101__continue_to_epoch_90,pending,,"[""seed=101"",""split.seed=42"",""backbone.name=jepa_v2_1"",""+backbone.kwargs.variant=vitG_384"",""probe.name=temporal_attn"",""probe.layer=48"",""probe.layers=[]"",""probe.feature_view=tokens"",""probe.device=cuda"",""probe.lr=1e-4"",""probe.weight_decay=0.01"",""probe.batch_size=2"",""probe.eval_batch_size=2"",""probe.epochs=50"",""probe.early_stopping.enabled=false"",""probe.early_stopping.patience=20"",""probe.optuna.enabled=false"",""probe.output_dir=artifacts/probes/intphys2"",""probe.output_subdir=seed_runs_attentive_continued_to_max_epoch_v1/intphys2__main__v_jepa_2_1__vit_gigantic_16__temporal_attn__layer_48/seed_101"",""probe.eval_output_dir=artifacts/results/intphys2"",""probe.eval_output_subdir=seed_runs_attentive_continued_to_max_epoch_v1/intphys2__main__v_jepa_2_1__vit_gigantic_16__temporal_attn__layer_48/seed_101"",""probe.wandb.group=seed_runs_attentive_continued_to_max_epoch_v1_intphys2__main__v_jepa_2_1__vit_gigantic_16__temporal_attn__layer_48"",""probe.wandb.name=intphys2__main__v_jepa_2_1__vit_gigantic_16__temporal_attn__layer_48__seed_101__continue_to_epoch_90"",""probe.temporal_attn.num_heads=16"",""probe.temporal_attn.num_self_attn_blocks=1"",""probe.temporal_attn.mlp_ratio=2"",""probe.temporal_attn.dropout=0.20000000000000001"",""feature_cache.include_tokens=true"",""probe.init_checkpoint_path=artifacts/probes/intphys2/seed_runs_layerwise_attentive_v1/intphys2__main__v_jepa_2_1__vit_gigantic_16__temporal_attn__layer_48/seed_101/layer_48/train/probe_last.pt""]",results/seed_runs/seed_manifest_layerwise_main_attentive_intphys2_v1.csv,22,24,8e788d2263fc0b50,continuation_from_official_seed_manifest,,artifacts/probes/intphys2/seed_runs_layerwise_attentive_v1/intphys2__main__v_jepa_2_1__vit_gigantic_16__temporal_attn__layer_48/seed_101/layer_48/train/train_summary.json,results/seed_runs/seed_manifest_layerwise_main_attentive_intphys2_v1.csv,22,24,8e788d2263fc0b50,artifacts/probes/intphys2/seed_runs_layerwise_attentive_v1/intphys2__main__v_jepa_2_1__vit_gigantic_16__temporal_attn__layer_48/seed_101/layer_48/train,artifacts/probes/intphys2/seed_runs_layerwise_attentive_v1/intphys2__main__v_jepa_2_1__vit_gigantic_16__temporal_attn__layer_48/seed_101/layer_48/train/train_summary.json,f04be6d058737adf,artifacts/probes/intphys2/seed_runs_layerwise_attentive_v1/intphys2__main__v_jepa_2_1__vit_gigantic_16__temporal_attn__layer_48/seed_101/layer_48/train/probe_last.pt,177372898,40,20,true,90,50,resume_probe_last_disable_early_stopping_to_target_epoch,artifacts/probes/intphys2/seed_runs_attentive_continued_to_max_epoch_v1/intphys2__main__v_jepa_2_1__vit_gigantic_16__temporal_attn__layer_48/seed_101,artifacts/results/intphys2/seed_runs_attentive_continued_to_max_epoch_v1/intphys2__main__v_jepa_2_1__vit_gigantic_16__temporal_attn__layer_48/seed_101
intphys2__main__v_jepa_2_1__vit_gigantic_16__temporal_attn__layer_48__seed_102__continue_to_epoch_90,intphys2__main__v_jepa_2_1__vit_gigantic_16__temporal_attn__layer_48,train_eval.probe.intphys2,IntPhys2,intphys2,main,V-JEPA 2.1,ViT-Gigantic/16,Attentive,temporal_attn,102,42,jepa_v2_1,vitG_384,48,,48,tokens,1e-4,0.01,2,2,58,false,20,,,16,1,2,0.20000000000000001,cuda,artifacts/probes/intphys2,seed_runs_attentive_continued_to_max_epoch_v1/intphys2__main__v_jepa_2_1__vit_gigantic_16__temporal_attn__layer_48/seed_102,artifacts/results/intphys2,seed_runs_attentive_continued_to_max_epoch_v1/intphys2__main__v_jepa_2_1__vit_gigantic_16__temporal_attn__layer_48/seed_102,seed_runs_attentive_continued_to_max_epoch_v1_intphys2__main__v_jepa_2_1__vit_gigantic_16__temporal_attn__layer_48,intphys2__main__v_jepa_2_1__vit_gigantic_16__temporal_attn__layer_48__seed_102__continue_to_epoch_90,pending,,"[""seed=102"",""split.seed=42"",""backbone.name=jepa_v2_1"",""+backbone.kwargs.variant=vitG_384"",""probe.name=temporal_attn"",""probe.layer=48"",""probe.layers=[]"",""probe.feature_view=tokens"",""probe.device=cuda"",""probe.lr=1e-4"",""probe.weight_decay=0.01"",""probe.batch_size=2"",""probe.eval_batch_size=2"",""probe.epochs=58"",""probe.early_stopping.enabled=false"",""probe.early_stopping.patience=20"",""probe.optuna.enabled=false"",""probe.output_dir=artifacts/probes/intphys2"",""probe.output_subdir=seed_runs_attentive_continued_to_max_epoch_v1/intphys2__main__v_jepa_2_1__vit_gigantic_16__temporal_attn__layer_48/seed_102"",""probe.eval_output_dir=artifacts/results/intphys2"",""probe.eval_output_subdir=seed_runs_attentive_continued_to_max_epoch_v1/intphys2__main__v_jepa_2_1__vit_gigantic_16__temporal_attn__layer_48/seed_102"",""probe.wandb.group=seed_runs_attentive_continued_to_max_epoch_v1_intphys2__main__v_jepa_2_1__vit_gigantic_16__temporal_attn__layer_48"",""probe.wandb.name=intphys2__main__v_jepa_2_1__vit_gigantic_16__temporal_attn__layer_48__seed_102__continue_to_epoch_90"",""probe.temporal_attn.num_heads=16"",""probe.temporal_attn.num_self_attn_blocks=1"",""probe.temporal_attn.mlp_ratio=2"",""probe.temporal_attn.dropout=0.20000000000000001"",""feature_cache.include_tokens=true"",""probe.init_checkpoint_path=artifacts/probes/intphys2/seed_runs_layerwise_attentive_v1/intphys2__main__v_jepa_2_1__vit_gigantic_16__temporal_attn__layer_48/seed_102/layer_48/train/probe_last.pt""]",results/seed_runs/seed_manifest_layerwise_main_attentive_intphys2_v1.csv,23,25,03c82c912d41ff6b,continuation_from_official_seed_manifest,,artifacts/probes/intphys2/seed_runs_layerwise_attentive_v1/intphys2__main__v_jepa_2_1__vit_gigantic_16__temporal_attn__layer_48/seed_102/layer_48/train/train_summary.json,results/seed_runs/seed_manifest_layerwise_main_attentive_intphys2_v1.csv,23,25,03c82c912d41ff6b,artifacts/probes/intphys2/seed_runs_layerwise_attentive_v1/intphys2__main__v_jepa_2_1__vit_gigantic_16__temporal_attn__layer_48/seed_102/layer_48/train,artifacts/probes/intphys2/seed_runs_layerwise_attentive_v1/intphys2__main__v_jepa_2_1__vit_gigantic_16__temporal_attn__layer_48/seed_102/layer_48/train/train_summary.json,f2b1e8eeef2221cd,artifacts/probes/intphys2/seed_runs_layerwise_attentive_v1/intphys2__main__v_jepa_2_1__vit_gigantic_16__temporal_attn__layer_48/seed_102/layer_48/train/probe_last.pt,177372898,32,12,true,90,58,resume_probe_last_disable_early_stopping_to_target_epoch,artifacts/probes/intphys2/seed_runs_attentive_continued_to_max_epoch_v1/intphys2__main__v_jepa_2_1__vit_gigantic_16__temporal_attn__layer_48/seed_102,artifacts/results/intphys2/seed_runs_attentive_continued_to_max_epoch_v1/intphys2__main__v_jepa_2_1__vit_gigantic_16__temporal_attn__layer_48/seed_102
intphys2__main__videomae__vit_h_16__temporal_attn__layer_8__seed_101__continue_to_epoch_90,intphys2__main__videomae__vit_h_16__temporal_attn__layer_8,train_eval.probe.intphys2,IntPhys2,intphys2,main,VideoMAE,ViT-H/16,Attentive,temporal_attn,101,42,videomae,vit_huge_16_224,8,,8,tokens,1e-5,0.01,1,1,47,false,20,,,16,1,2,0.20000000000000001,cuda,artifacts/probes/intphys2,seed_runs_attentive_continued_to_max_epoch_v1/intphys2__main__videomae__vit_h_16__temporal_attn__layer_8/seed_101,artifacts/results/intphys2,seed_runs_attentive_continued_to_max_epoch_v1/intphys2__main__videomae__vit_h_16__temporal_attn__layer_8/seed_101,seed_runs_attentive_continued_to_max_epoch_v1_intphys2__main__videomae__vit_h_16__temporal_attn__layer_8,intphys2__main__videomae__vit_h_16__temporal_attn__layer_8__seed_101__continue_to_epoch_90,pending,,"[""seed=101"",""split.seed=42"",""backbone.name=videomae"",""+backbone.kwargs.variant=vit_huge_16_224"",""probe.name=temporal_attn"",""probe.layer=8"",""probe.layers=[]"",""probe.feature_view=tokens"",""probe.device=cuda"",""probe.lr=1e-5"",""probe.weight_decay=0.01"",""probe.batch_size=1"",""probe.eval_batch_size=1"",""probe.epochs=47"",""probe.early_stopping.enabled=false"",""probe.early_stopping.patience=20"",""probe.optuna.enabled=false"",""probe.output_dir=artifacts/probes/intphys2"",""probe.output_subdir=seed_runs_attentive_continued_to_max_epoch_v1/intphys2__main__videomae__vit_h_16__temporal_attn__layer_8/seed_101"",""probe.eval_output_dir=artifacts/results/intphys2"",""probe.eval_output_subdir=seed_runs_attentive_continued_to_max_epoch_v1/intphys2__main__videomae__vit_h_16__temporal_attn__layer_8/seed_101"",""probe.wandb.group=seed_runs_attentive_continued_to_max_epoch_v1_intphys2__main__videomae__vit_h_16__temporal_attn__layer_8"",""probe.wandb.name=intphys2__main__videomae__vit_h_16__temporal_attn__layer_8__seed_101__continue_to_epoch_90"",""probe.temporal_attn.num_heads=16"",""probe.temporal_attn.num_self_attn_blocks=1"",""probe.temporal_attn.mlp_ratio=2"",""probe.temporal_attn.dropout=0.20000000000000001"",""feature_cache.include_tokens=true"",""probe.init_checkpoint_path=artifacts/probes/intphys2/seed_runs_layerwise_attentive_v1/intphys2__main__videomae__vit_h_16__temporal_attn__layer_8/seed_101/layer_8/train/probe_last.pt""]",results/seed_runs/seed_manifest_layerwise_main_attentive_intphys2_v1.csv,24,26,0001b36c853efac2,continuation_from_official_seed_manifest,,artifacts/probes/intphys2/seed_runs_layerwise_attentive_v1/intphys2__main__videomae__vit_h_16__temporal_attn__layer_8/seed_101/layer_8/train/train_summary.json,results/seed_runs/seed_manifest_layerwise_main_attentive_intphys2_v1.csv,24,26,0001b36c853efac2,artifacts/probes/intphys2/seed_runs_layerwise_attentive_v1/intphys2__main__videomae__vit_h_16__temporal_attn__layer_8/seed_101/layer_8/train,artifacts/probes/intphys2/seed_runs_layerwise_attentive_v1/intphys2__main__videomae__vit_h_16__temporal_attn__layer_8/seed_101/layer_8/train/train_summary.json,ca6810e42cc900bd,artifacts/probes/intphys2/seed_runs_layerwise_attentive_v1/intphys2__main__videomae__vit_h_16__temporal_attn__layer_8/seed_101/layer_8/train/probe_last.pt,104985826,43,23,true,90,47,resume_probe_last_disable_early_stopping_to_target_epoch,artifacts/probes/intphys2/seed_runs_attentive_continued_to_max_epoch_v1/intphys2__main__videomae__vit_h_16__temporal_attn__layer_8/seed_101,artifacts/results/intphys2/seed_runs_attentive_continued_to_max_epoch_v1/intphys2__main__videomae__vit_h_16__temporal_attn__layer_8/seed_101
intphys2__main__videomae__vit_h_16__temporal_attn__layer_8__seed_102__continue_to_epoch_90,intphys2__main__videomae__vit_h_16__temporal_attn__layer_8,train_eval.probe.intphys2,IntPhys2,intphys2,main,VideoMAE,ViT-H/16,Attentive,temporal_attn,102,42,videomae,vit_huge_16_224,8,,8,tokens,1e-5,0.01,1,1,54,false,20,,,16,1,2,0.20000000000000001,cuda,artifacts/probes/intphys2,seed_runs_attentive_continued_to_max_epoch_v1/intphys2__main__videomae__vit_h_16__temporal_attn__layer_8/seed_102,artifacts/results/intphys2,seed_runs_attentive_continued_to_max_epoch_v1/intphys2__main__videomae__vit_h_16__temporal_attn__layer_8/seed_102,seed_runs_attentive_continued_to_max_epoch_v1_intphys2__main__videomae__vit_h_16__temporal_attn__layer_8,intphys2__main__videomae__vit_h_16__temporal_attn__layer_8__seed_102__continue_to_epoch_90,pending,,"[""seed=102"",""split.seed=42"",""backbone.name=videomae"",""+backbone.kwargs.variant=vit_huge_16_224"",""probe.name=temporal_attn"",""probe.layer=8"",""probe.layers=[]"",""probe.feature_view=tokens"",""probe.device=cuda"",""probe.lr=1e-5"",""probe.weight_decay=0.01"",""probe.batch_size=1"",""probe.eval_batch_size=1"",""probe.epochs=54"",""probe.early_stopping.enabled=false"",""probe.early_stopping.patience=20"",""probe.optuna.enabled=false"",""probe.output_dir=artifacts/probes/intphys2"",""probe.output_subdir=seed_runs_attentive_continued_to_max_epoch_v1/intphys2__main__videomae__vit_h_16__temporal_attn__layer_8/seed_102"",""probe.eval_output_dir=artifacts/results/intphys2"",""probe.eval_output_subdir=seed_runs_attentive_continued_to_max_epoch_v1/intphys2__main__videomae__vit_h_16__temporal_attn__layer_8/seed_102"",""probe.wandb.group=seed_runs_attentive_continued_to_max_epoch_v1_intphys2__main__videomae__vit_h_16__temporal_attn__layer_8"",""probe.wandb.name=intphys2__main__videomae__vit_h_16__temporal_attn__layer_8__seed_102__continue_to_epoch_90"",""probe.temporal_attn.num_heads=16"",""probe.temporal_attn.num_self_attn_blocks=1"",""probe.temporal_attn.mlp_ratio=2"",""probe.temporal_attn.dropout=0.20000000000000001"",""feature_cache.include_tokens=true"",""probe.init_checkpoint_path=artifacts/probes/intphys2/seed_runs_layerwise_attentive_v1/intphys2__main__videomae__vit_h_16__temporal_attn__layer_8/seed_102/layer_8/train/probe_last.pt""]",results/seed_runs/seed_manifest_layerwise_main_attentive_intphys2_v1.csv,25,27,e93b328950ae8df0,continuation_from_official_seed_manifest,,artifacts/probes/intphys2/seed_runs_layerwise_attentive_v1/intphys2__main__videomae__vit_h_16__temporal_attn__layer_8/seed_102/layer_8/train/train_summary.json,results/seed_runs/seed_manifest_layerwise_main_attentive_intphys2_v1.csv,25,27,e93b328950ae8df0,artifacts/probes/intphys2/seed_runs_layerwise_attentive_v1/intphys2__main__videomae__vit_h_16__temporal_attn__layer_8/seed_102/layer_8/train,artifacts/probes/intphys2/seed_runs_layerwise_attentive_v1/intphys2__main__videomae__vit_h_16__temporal_attn__layer_8/seed_102/layer_8/train/train_summary.json,ef4dd5f3f0750531,artifacts/probes/intphys2/seed_runs_layerwise_attentive_v1/intphys2__main__videomae__vit_h_16__temporal_attn__layer_8/seed_102/layer_8/train/probe_last.pt,104985826,36,16,true,90,54,resume_probe_last_disable_early_stopping_to_target_epoch,artifacts/probes/intphys2/seed_runs_attentive_continued_to_max_epoch_v1/intphys2__main__videomae__vit_h_16__temporal_attn__layer_8/seed_102,artifacts/results/intphys2/seed_runs_attentive_continued_to_max_epoch_v1/intphys2__main__videomae__vit_h_16__temporal_attn__layer_8/seed_102
intphys2__main__videomae__vit_h_16__temporal_attn__layer_16__seed_101__continue_to_epoch_90,intphys2__main__videomae__vit_h_16__temporal_attn__layer_16,train_eval.probe.intphys2,IntPhys2,intphys2,main,VideoMAE,ViT-H/16,Attentive,temporal_attn,101,42,videomae,vit_huge_16_224,16,,16,tokens,5e-5,0.01,1,1,12,false,20,,,16,1,2,0.20000000000000001,cuda,artifacts/probes/intphys2,seed_runs_attentive_continued_to_max_epoch_v1/intphys2__main__videomae__vit_h_16__temporal_attn__layer_16/seed_101,artifacts/results/intphys2,seed_runs_attentive_continued_to_max_epoch_v1/intphys2__main__videomae__vit_h_16__temporal_attn__layer_16/seed_101,seed_runs_attentive_continued_to_max_epoch_v1_intphys2__main__videomae__vit_h_16__temporal_attn__layer_16,intphys2__main__videomae__vit_h_16__temporal_attn__layer_16__seed_101__continue_to_epoch_90,pending,,"[""seed=101"",""split.seed=42"",""backbone.name=videomae"",""+backbone.kwargs.variant=vit_huge_16_224"",""probe.name=temporal_attn"",""probe.layer=16"",""probe.layers=[]"",""probe.feature_view=tokens"",""probe.device=cuda"",""probe.lr=5e-5"",""probe.weight_decay=0.01"",""probe.batch_size=1"",""probe.eval_batch_size=1"",""probe.epochs=12"",""probe.early_stopping.enabled=false"",""probe.early_stopping.patience=20"",""probe.optuna.enabled=false"",""probe.output_dir=artifacts/probes/intphys2"",""probe.output_subdir=seed_runs_attentive_continued_to_max_epoch_v1/intphys2__main__videomae__vit_h_16__temporal_attn__layer_16/seed_101"",""probe.eval_output_dir=artifacts/results/intphys2"",""probe.eval_output_subdir=seed_runs_attentive_continued_to_max_epoch_v1/intphys2__main__videomae__vit_h_16__temporal_attn__layer_16/seed_101"",""probe.wandb.group=seed_runs_attentive_continued_to_max_epoch_v1_intphys2__main__videomae__vit_h_16__temporal_attn__layer_16"",""probe.wandb.name=intphys2__main__videomae__vit_h_16__temporal_attn__layer_16__seed_101__continue_to_epoch_90"",""probe.temporal_attn.num_heads=16"",""probe.temporal_attn.num_self_attn_blocks=1"",""probe.temporal_attn.mlp_ratio=2"",""probe.temporal_attn.dropout=0.20000000000000001"",""feature_cache.include_tokens=true"",""probe.init_checkpoint_path=artifacts/probes/intphys2/seed_runs_layerwise_attentive_v1/intphys2__main__videomae__vit_h_16__temporal_attn__layer_16/seed_101/layer_16/train/probe_last.pt""]",results/seed_runs/seed_manifest_layerwise_main_attentive_intphys2_v1.csv,26,28,1bac9b3d8009b623,continuation_from_official_seed_manifest,,artifacts/probes/intphys2/seed_runs_layerwise_attentive_v1/intphys2__main__videomae__vit_h_16__temporal_attn__layer_16/seed_101/layer_16/train/train_summary.json,results/seed_runs/seed_manifest_layerwise_main_attentive_intphys2_v1.csv,26,28,1bac9b3d8009b623,artifacts/probes/intphys2/seed_runs_layerwise_attentive_v1/intphys2__main__videomae__vit_h_16__temporal_attn__layer_16/seed_101/layer_16/train,artifacts/probes/intphys2/seed_runs_layerwise_attentive_v1/intphys2__main__videomae__vit_h_16__temporal_attn__layer_16/seed_101/layer_16/train/train_summary.json,ef23d2cde34f1ff2,artifacts/probes/intphys2/seed_runs_layerwise_attentive_v1/intphys2__main__videomae__vit_h_16__temporal_attn__layer_16/seed_101/layer_16/train/probe_last.pt,104985826,78,58,true,90,12,resume_probe_last_disable_early_stopping_to_target_epoch,artifacts/probes/intphys2/seed_runs_attentive_continued_to_max_epoch_v1/intphys2__main__videomae__vit_h_16__temporal_attn__layer_16/seed_101,artifacts/results/intphys2/seed_runs_attentive_continued_to_max_epoch_v1/intphys2__main__videomae__vit_h_16__temporal_attn__layer_16/seed_101
intphys2__main__videomae__vit_h_16__temporal_attn__layer_16__seed_102__continue_to_epoch_90,intphys2__main__videomae__vit_h_16__temporal_attn__layer_16,train_eval.probe.intphys2,IntPhys2,intphys2,main,VideoMAE,ViT-H/16,Attentive,temporal_attn,102,42,videomae,vit_huge_16_224,16,,16,tokens,5e-5,0.01,1,1,18,false,20,,,16,1,2,0.20000000000000001,cuda,artifacts/probes/intphys2,seed_runs_attentive_continued_to_max_epoch_v1/intphys2__main__videomae__vit_h_16__temporal_attn__layer_16/seed_102,artifacts/results/intphys2,seed_runs_attentive_continued_to_max_epoch_v1/intphys2__main__videomae__vit_h_16__temporal_attn__layer_16/seed_102,seed_runs_attentive_continued_to_max_epoch_v1_intphys2__main__videomae__vit_h_16__temporal_attn__layer_16,intphys2__main__videomae__vit_h_16__temporal_attn__layer_16__seed_102__continue_to_epoch_90,pending,,"[""seed=102"",""split.seed=42"",""backbone.name=videomae"",""+backbone.kwargs.variant=vit_huge_16_224"",""probe.name=temporal_attn"",""probe.layer=16"",""probe.layers=[]"",""probe.feature_view=tokens"",""probe.device=cuda"",""probe.lr=5e-5"",""probe.weight_decay=0.01"",""probe.batch_size=1"",""probe.eval_batch_size=1"",""probe.epochs=18"",""probe.early_stopping.enabled=false"",""probe.early_stopping.patience=20"",""probe.optuna.enabled=false"",""probe.output_dir=artifacts/probes/intphys2"",""probe.output_subdir=seed_runs_attentive_continued_to_max_epoch_v1/intphys2__main__videomae__vit_h_16__temporal_attn__layer_16/seed_102"",""probe.eval_output_dir=artifacts/results/intphys2"",""probe.eval_output_subdir=seed_runs_attentive_continued_to_max_epoch_v1/intphys2__main__videomae__vit_h_16__temporal_attn__layer_16/seed_102"",""probe.wandb.group=seed_runs_attentive_continued_to_max_epoch_v1_intphys2__main__videomae__vit_h_16__temporal_attn__layer_16"",""probe.wandb.name=intphys2__main__videomae__vit_h_16__temporal_attn__layer_16__seed_102__continue_to_epoch_90"",""probe.temporal_attn.num_heads=16"",""probe.temporal_attn.num_self_attn_blocks=1"",""probe.temporal_attn.mlp_ratio=2"",""probe.temporal_attn.dropout=0.20000000000000001"",""feature_cache.include_tokens=true"",""probe.init_checkpoint_path=artifacts/probes/intphys2/seed_runs_layerwise_attentive_v1/intphys2__main__videomae__vit_h_16__temporal_attn__layer_16/seed_102/layer_16/train/probe_last.pt""]",results/seed_runs/seed_manifest_layerwise_main_attentive_intphys2_v1.csv,27,29,0a7583cc4f46276b,continuation_from_official_seed_manifest,,artifacts/probes/intphys2/seed_runs_layerwise_attentive_v1/intphys2__main__videomae__vit_h_16__temporal_attn__layer_16/seed_102/layer_16/train/train_summary.json,results/seed_runs/seed_manifest_layerwise_main_attentive_intphys2_v1.csv,27,29,0a7583cc4f46276b,artifacts/probes/intphys2/seed_runs_layerwise_attentive_v1/intphys2__main__videomae__vit_h_16__temporal_attn__layer_16/seed_102/layer_16/train,artifacts/probes/intphys2/seed_runs_layerwise_attentive_v1/intphys2__main__videomae__vit_h_16__temporal_attn__layer_16/seed_102/layer_16/train/train_summary.json,4318b460d42c1ec4,artifacts/probes/intphys2/seed_runs_layerwise_attentive_v1/intphys2__main__videomae__vit_h_16__temporal_attn__layer_16/seed_102/layer_16/train/probe_last.pt,104985826,72,52,true,90,18,resume_probe_last_disable_early_stopping_to_target_epoch,artifacts/probes/intphys2/seed_runs_attentive_continued_to_max_epoch_v1/intphys2__main__videomae__vit_h_16__temporal_attn__layer_16/seed_102,artifacts/results/intphys2/seed_runs_attentive_continued_to_max_epoch_v1/intphys2__main__videomae__vit_h_16__temporal_attn__layer_16/seed_102
intphys2__main__videomae__vit_h_16__temporal_attn__layer_24__seed_101__continue_to_epoch_90,intphys2__main__videomae__vit_h_16__temporal_attn__layer_24,train_eval.probe.intphys2,IntPhys2,intphys2,main,VideoMAE,ViT-H/16,Attentive,temporal_attn,101,42,videomae,vit_huge_16_224,24,,24,tokens,1e-5,0.01,1,1,9,false,20,,,16,1,2,0.20000000000000001,cuda,artifacts/probes/intphys2,seed_runs_attentive_continued_to_max_epoch_v1/intphys2__main__videomae__vit_h_16__temporal_attn__layer_24/seed_101,artifacts/results/intphys2,seed_runs_attentive_continued_to_max_epoch_v1/intphys2__main__videomae__vit_h_16__temporal_attn__layer_24/seed_101,seed_runs_attentive_continued_to_max_epoch_v1_intphys2__main__videomae__vit_h_16__temporal_attn__layer_24,intphys2__main__videomae__vit_h_16__temporal_attn__layer_24__seed_101__continue_to_epoch_90,pending,,"[""seed=101"",""split.seed=42"",""backbone.name=videomae"",""+backbone.kwargs.variant=vit_huge_16_224"",""probe.name=temporal_attn"",""probe.layer=24"",""probe.layers=[]"",""probe.feature_view=tokens"",""probe.device=cuda"",""probe.lr=1e-5"",""probe.weight_decay=0.01"",""probe.batch_size=1"",""probe.eval_batch_size=1"",""probe.epochs=9"",""probe.early_stopping.enabled=false"",""probe.early_stopping.patience=20"",""probe.optuna.enabled=false"",""probe.output_dir=artifacts/probes/intphys2"",""probe.output_subdir=seed_runs_attentive_continued_to_max_epoch_v1/intphys2__main__videomae__vit_h_16__temporal_attn__layer_24/seed_101"",""probe.eval_output_dir=artifacts/results/intphys2"",""probe.eval_output_subdir=seed_runs_attentive_continued_to_max_epoch_v1/intphys2__main__videomae__vit_h_16__temporal_attn__layer_24/seed_101"",""probe.wandb.group=seed_runs_attentive_continued_to_max_epoch_v1_intphys2__main__videomae__vit_h_16__temporal_attn__layer_24"",""probe.wandb.name=intphys2__main__videomae__vit_h_16__temporal_attn__layer_24__seed_101__continue_to_epoch_90"",""probe.temporal_attn.num_heads=16"",""probe.temporal_attn.num_self_attn_blocks=1"",""probe.temporal_attn.mlp_ratio=2"",""probe.temporal_attn.dropout=0.20000000000000001"",""feature_cache.include_tokens=true"",""probe.init_checkpoint_path=artifacts/probes/intphys2/seed_runs_layerwise_attentive_v1/intphys2__main__videomae__vit_h_16__temporal_attn__layer_24/seed_101/layer_24/train/probe_last.pt""]",results/seed_runs/seed_manifest_layerwise_main_attentive_intphys2_v1.csv,28,30,8d93afe9c541112c,continuation_from_official_seed_manifest,,artifacts/probes/intphys2/seed_runs_layerwise_attentive_v1/intphys2__main__videomae__vit_h_16__temporal_attn__layer_24/seed_101/layer_24/train/train_summary.json,results/seed_runs/seed_manifest_layerwise_main_attentive_intphys2_v1.csv,28,30,8d93afe9c541112c,artifacts/probes/intphys2/seed_runs_layerwise_attentive_v1/intphys2__main__videomae__vit_h_16__temporal_attn__layer_24/seed_101/layer_24/train,artifacts/probes/intphys2/seed_runs_layerwise_attentive_v1/intphys2__main__videomae__vit_h_16__temporal_attn__layer_24/seed_101/layer_24/train/train_summary.json,774654d3f0dd06f7,artifacts/probes/intphys2/seed_runs_layerwise_attentive_v1/intphys2__main__videomae__vit_h_16__temporal_attn__layer_24/seed_101/layer_24/train/probe_last.pt,104985826,81,61,true,90,9,resume_probe_last_disable_early_stopping_to_target_epoch,artifacts/probes/intphys2/seed_runs_attentive_continued_to_max_epoch_v1/intphys2__main__videomae__vit_h_16__temporal_attn__layer_24/seed_101,artifacts/results/intphys2/seed_runs_attentive_continued_to_max_epoch_v1/intphys2__main__videomae__vit_h_16__temporal_attn__layer_24/seed_101
intphys2__main__videomae__vit_h_16__temporal_attn__layer_32__seed_101__continue_to_epoch_90,intphys2__main__videomae__vit_h_16__temporal_attn__layer_32,train_eval.probe.intphys2,IntPhys2,intphys2,main,VideoMAE,ViT-H/16,Attentive,temporal_attn,101,42,videomae,vit_huge_16_224,32,,32,tokens,5e-5,0.01,1,1,4,false,20,,,16,1,2,0.20000000000000001,cuda,artifacts/probes/intphys2,seed_runs_attentive_continued_to_max_epoch_v1/intphys2__main__videomae__vit_h_16__temporal_attn__layer_32/seed_101,artifacts/results/intphys2,seed_runs_attentive_continued_to_max_epoch_v1/intphys2__main__videomae__vit_h_16__temporal_attn__layer_32/seed_101,seed_runs_attentive_continued_to_max_epoch_v1_intphys2__main__videomae__vit_h_16__temporal_attn__layer_32,intphys2__main__videomae__vit_h_16__temporal_attn__layer_32__seed_101__continue_to_epoch_90,pending,,"[""seed=101"",""split.seed=42"",""backbone.name=videomae"",""+backbone.kwargs.variant=vit_huge_16_224"",""probe.name=temporal_attn"",""probe.layer=32"",""probe.layers=[]"",""probe.feature_view=tokens"",""probe.device=cuda"",""probe.lr=5e-5"",""probe.weight_decay=0.01"",""probe.batch_size=1"",""probe.eval_batch_size=1"",""probe.epochs=4"",""probe.early_stopping.enabled=false"",""probe.early_stopping.patience=20"",""probe.optuna.enabled=false"",""probe.output_dir=artifacts/probes/intphys2"",""probe.output_subdir=seed_runs_attentive_continued_to_max_epoch_v1/intphys2__main__videomae__vit_h_16__temporal_attn__layer_32/seed_101"",""probe.eval_output_dir=artifacts/results/intphys2"",""probe.eval_output_subdir=seed_runs_attentive_continued_to_max_epoch_v1/intphys2__main__videomae__vit_h_16__temporal_attn__layer_32/seed_101"",""probe.wandb.group=seed_runs_attentive_continued_to_max_epoch_v1_intphys2__main__videomae__vit_h_16__temporal_attn__layer_32"",""probe.wandb.name=intphys2__main__videomae__vit_h_16__temporal_attn__layer_32__seed_101__continue_to_epoch_90"",""probe.temporal_attn.num_heads=16"",""probe.temporal_attn.num_self_attn_blocks=1"",""probe.temporal_attn.mlp_ratio=2"",""probe.temporal_attn.dropout=0.20000000000000001"",""feature_cache.include_tokens=true"",""probe.init_checkpoint_path=artifacts/probes/intphys2/seed_runs_layerwise_attentive_v1/intphys2__main__videomae__vit_h_16__temporal_attn__layer_32/seed_101/layer_32/train/probe_last.pt""]",results/seed_runs/seed_manifest_layerwise_main_attentive_intphys2_v1.csv,30,32,a9e085767d99bd34,continuation_from_official_seed_manifest,,artifacts/probes/intphys2/seed_runs_layerwise_attentive_v1/intphys2__main__videomae__vit_h_16__temporal_attn__layer_32/seed_101/layer_32/train/train_summary.json,results/seed_runs/seed_manifest_layerwise_main_attentive_intphys2_v1.csv,30,32,a9e085767d99bd34,artifacts/probes/intphys2/seed_runs_layerwise_attentive_v1/intphys2__main__videomae__vit_h_16__temporal_attn__layer_32/seed_101/layer_32/train,artifacts/probes/intphys2/seed_runs_layerwise_attentive_v1/intphys2__main__videomae__vit_h_16__temporal_attn__layer_32/seed_101/layer_32/train/train_summary.json,b8d99469caa4c54f,artifacts/probes/intphys2/seed_runs_layerwise_attentive_v1/intphys2__main__videomae__vit_h_16__temporal_attn__layer_32/seed_101/layer_32/train/probe_last.pt,104985826,86,66,true,90,4,resume_probe_last_disable_early_stopping_to_target_epoch,artifacts/probes/intphys2/seed_runs_attentive_continued_to_max_epoch_v1/intphys2__main__videomae__vit_h_16__temporal_attn__layer_32/seed_101,artifacts/results/intphys2/seed_runs_attentive_continued_to_max_epoch_v1/intphys2__main__videomae__vit_h_16__temporal_attn__layer_32/seed_101
intphys2__main__videomae__vit_h_16__temporal_attn__layer_32__seed_102__continue_to_epoch_90,intphys2__main__videomae__vit_h_16__temporal_attn__layer_32,train_eval.probe.intphys2,IntPhys2,intphys2,main,VideoMAE,ViT-H/16,Attentive,temporal_attn,102,42,videomae,vit_huge_16_224,32,,32,tokens,5e-5,0.01,1,1,51,false,20,,,16,1,2,0.20000000000000001,cuda,artifacts/probes/intphys2,seed_runs_attentive_continued_to_max_epoch_v1/intphys2__main__videomae__vit_h_16__temporal_attn__layer_32/seed_102,artifacts/results/intphys2,seed_runs_attentive_continued_to_max_epoch_v1/intphys2__main__videomae__vit_h_16__temporal_attn__layer_32/seed_102,seed_runs_attentive_continued_to_max_epoch_v1_intphys2__main__videomae__vit_h_16__temporal_attn__layer_32,intphys2__main__videomae__vit_h_16__temporal_attn__layer_32__seed_102__continue_to_epoch_90,pending,,"[""seed=102"",""split.seed=42"",""backbone.name=videomae"",""+backbone.kwargs.variant=vit_huge_16_224"",""probe.name=temporal_attn"",""probe.layer=32"",""probe.layers=[]"",""probe.feature_view=tokens"",""probe.device=cuda"",""probe.lr=5e-5"",""probe.weight_decay=0.01"",""probe.batch_size=1"",""probe.eval_batch_size=1"",""probe.epochs=51"",""probe.early_stopping.enabled=false"",""probe.early_stopping.patience=20"",""probe.optuna.enabled=false"",""probe.output_dir=artifacts/probes/intphys2"",""probe.output_subdir=seed_runs_attentive_continued_to_max_epoch_v1/intphys2__main__videomae__vit_h_16__temporal_attn__layer_32/seed_102"",""probe.eval_output_dir=artifacts/results/intphys2"",""probe.eval_output_subdir=seed_runs_attentive_continued_to_max_epoch_v1/intphys2__main__videomae__vit_h_16__temporal_attn__layer_32/seed_102"",""probe.wandb.group=seed_runs_attentive_continued_to_max_epoch_v1_intphys2__main__videomae__vit_h_16__temporal_attn__layer_32"",""probe.wandb.name=intphys2__main__videomae__vit_h_16__temporal_attn__layer_32__seed_102__continue_to_epoch_90"",""probe.temporal_attn.num_heads=16"",""probe.temporal_attn.num_self_attn_blocks=1"",""probe.temporal_attn.mlp_ratio=2"",""probe.temporal_attn.dropout=0.20000000000000001"",""feature_cache.include_tokens=true"",""probe.init_checkpoint_path=artifacts/probes/intphys2/seed_runs_layerwise_attentive_v1/intphys2__main__videomae__vit_h_16__temporal_attn__layer_32/seed_102/layer_32/train/probe_last.pt""]",results/seed_runs/seed_manifest_layerwise_main_attentive_intphys2_v1.csv,31,33,fa0747404e5b28a5,continuation_from_official_seed_manifest,,artifacts/probes/intphys2/seed_runs_layerwise_attentive_v1/intphys2__main__videomae__vit_h_16__temporal_attn__layer_32/seed_102/layer_32/train/train_summary.json,results/seed_runs/seed_manifest_layerwise_main_attentive_intphys2_v1.csv,31,33,fa0747404e5b28a5,artifacts/probes/intphys2/seed_runs_layerwise_attentive_v1/intphys2__main__videomae__vit_h_16__temporal_attn__layer_32/seed_102/layer_32/train,artifacts/probes/intphys2/seed_runs_layerwise_attentive_v1/intphys2__main__videomae__vit_h_16__temporal_attn__layer_32/seed_102/layer_32/train/train_summary.json,fb64091dff034637,artifacts/probes/intphys2/seed_runs_layerwise_attentive_v1/intphys2__main__videomae__vit_h_16__temporal_attn__layer_32/seed_102/layer_32/train/probe_last.pt,104985826,39,19,true,90,51,resume_probe_last_disable_early_stopping_to_target_epoch,artifacts/probes/intphys2/seed_runs_attentive_continued_to_max_epoch_v1/intphys2__main__videomae__vit_h_16__temporal_attn__layer_32/seed_102,artifacts/results/intphys2/seed_runs_attentive_continued_to_max_epoch_v1/intphys2__main__videomae__vit_h_16__temporal_attn__layer_32/seed_102
intphys2__main__videomae_v2__vit_g_16__temporal_attn__layer_10__seed_101__continue_to_epoch_90,intphys2__main__videomae_v2__vit_g_16__temporal_attn__layer_10,train_eval.probe.intphys2,IntPhys2,intphys2,main,VideoMAE-v2,ViT-G/16,Attentive,temporal_attn,101,42,videomae_v2,vit_giant_16_224,10,,10,tokens,1e-5,0.01,1,1,34,false,20,,,16,1,2,0.20000000000000001,cuda,artifacts/probes/intphys2,seed_runs_attentive_continued_to_max_epoch_v1/intphys2__main__videomae_v2__vit_g_16__temporal_attn__layer_10/seed_101,artifacts/results/intphys2,seed_runs_attentive_continued_to_max_epoch_v1/intphys2__main__videomae_v2__vit_g_16__temporal_attn__layer_10/seed_101,seed_runs_attentive_continued_to_max_epoch_v1_intphys2__main__videomae_v2__vit_g_16__temporal_attn__layer_10,intphys2__main__videomae_v2__vit_g_16__temporal_attn__layer_10__seed_101__continue_to_epoch_90,pending,,"[""seed=101"",""split.seed=42"",""backbone.name=videomae_v2"",""+backbone.kwargs.variant=vit_giant_16_224"",""probe.name=temporal_attn"",""probe.layer=10"",""probe.layers=[]"",""probe.feature_view=tokens"",""probe.device=cuda"",""probe.lr=1e-5"",""probe.weight_decay=0.01"",""probe.batch_size=1"",""probe.eval_batch_size=1"",""probe.epochs=34"",""probe.early_stopping.enabled=false"",""probe.early_stopping.patience=20"",""probe.optuna.enabled=false"",""probe.output_dir=artifacts/probes/intphys2"",""probe.output_subdir=seed_runs_attentive_continued_to_max_epoch_v1/intphys2__main__videomae_v2__vit_g_16__temporal_attn__layer_10/seed_101"",""probe.eval_output_dir=artifacts/results/intphys2"",""probe.eval_output_subdir=seed_runs_attentive_continued_to_max_epoch_v1/intphys2__main__videomae_v2__vit_g_16__temporal_attn__layer_10/seed_101"",""probe.wandb.group=seed_runs_attentive_continued_to_max_epoch_v1_intphys2__main__videomae_v2__vit_g_16__temporal_attn__layer_10"",""probe.wandb.name=intphys2__main__videomae_v2__vit_g_16__temporal_attn__layer_10__seed_101__continue_to_epoch_90"",""probe.temporal_attn.num_heads=16"",""probe.temporal_attn.num_self_attn_blocks=1"",""probe.temporal_attn.mlp_ratio=2"",""probe.temporal_attn.dropout=0.20000000000000001"",""feature_cache.include_tokens=true"",""probe.init_checkpoint_path=artifacts/probes/intphys2/seed_runs_layerwise_attentive_v1/intphys2__main__videomae_v2__vit_g_16__temporal_attn__layer_10/seed_101/layer_10/train/probe_last.pt""]",results/seed_runs/seed_manifest_layerwise_main_attentive_intphys2_v1.csv,32,34,1f103fbe6626fc18,continuation_from_official_seed_manifest,,artifacts/probes/intphys2/seed_runs_layerwise_attentive_v1/intphys2__main__videomae_v2__vit_g_16__temporal_attn__layer_10/seed_101/layer_10/train/train_summary.json,results/seed_runs/seed_manifest_layerwise_main_attentive_intphys2_v1.csv,32,34,1f103fbe6626fc18,artifacts/probes/intphys2/seed_runs_layerwise_attentive_v1/intphys2__main__videomae_v2__vit_g_16__temporal_attn__layer_10/seed_101/layer_10/train,artifacts/probes/intphys2/seed_runs_layerwise_attentive_v1/intphys2__main__videomae_v2__vit_g_16__temporal_attn__layer_10/seed_101/layer_10/train/train_summary.json,88f4d897987d2dd4,artifacts/probes/intphys2/seed_runs_layerwise_attentive_v1/intphys2__main__videomae_v2__vit_g_16__temporal_attn__layer_10/seed_101/layer_10/train/probe_last.pt,127017698,56,36,true,90,34,resume_probe_last_disable_early_stopping_to_target_epoch,artifacts/probes/intphys2/seed_runs_attentive_continued_to_max_epoch_v1/intphys2__main__videomae_v2__vit_g_16__temporal_attn__layer_10/seed_101,artifacts/results/intphys2/seed_runs_attentive_continued_to_max_epoch_v1/intphys2__main__videomae_v2__vit_g_16__temporal_attn__layer_10/seed_101
intphys2__main__videomae_v2__vit_g_16__temporal_attn__layer_10__seed_102__continue_to_epoch_90,intphys2__main__videomae_v2__vit_g_16__temporal_attn__layer_10,train_eval.probe.intphys2,IntPhys2,intphys2,main,VideoMAE-v2,ViT-G/16,Attentive,temporal_attn,102,42,videomae_v2,vit_giant_16_224,10,,10,tokens,1e-5,0.01,1,1,47,false,20,,,16,1,2,0.20000000000000001,cuda,artifacts/probes/intphys2,seed_runs_attentive_continued_to_max_epoch_v1/intphys2__main__videomae_v2__vit_g_16__temporal_attn__layer_10/seed_102,artifacts/results/intphys2,seed_runs_attentive_continued_to_max_epoch_v1/intphys2__main__videomae_v2__vit_g_16__temporal_attn__layer_10/seed_102,seed_runs_attentive_continued_to_max_epoch_v1_intphys2__main__videomae_v2__vit_g_16__temporal_attn__layer_10,intphys2__main__videomae_v2__vit_g_16__temporal_attn__layer_10__seed_102__continue_to_epoch_90,pending,,"[""seed=102"",""split.seed=42"",""backbone.name=videomae_v2"",""+backbone.kwargs.variant=vit_giant_16_224"",""probe.name=temporal_attn"",""probe.layer=10"",""probe.layers=[]"",""probe.feature_view=tokens"",""probe.device=cuda"",""probe.lr=1e-5"",""probe.weight_decay=0.01"",""probe.batch_size=1"",""probe.eval_batch_size=1"",""probe.epochs=47"",""probe.early_stopping.enabled=false"",""probe.early_stopping.patience=20"",""probe.optuna.enabled=false"",""probe.output_dir=artifacts/probes/intphys2"",""probe.output_subdir=seed_runs_attentive_continued_to_max_epoch_v1/intphys2__main__videomae_v2__vit_g_16__temporal_attn__layer_10/seed_102"",""probe.eval_output_dir=artifacts/results/intphys2"",""probe.eval_output_subdir=seed_runs_attentive_continued_to_max_epoch_v1/intphys2__main__videomae_v2__vit_g_16__temporal_attn__layer_10/seed_102"",""probe.wandb.group=seed_runs_attentive_continued_to_max_epoch_v1_intphys2__main__videomae_v2__vit_g_16__temporal_attn__layer_10"",""probe.wandb.name=intphys2__main__videomae_v2__vit_g_16__temporal_attn__layer_10__seed_102__continue_to_epoch_90"",""probe.temporal_attn.num_heads=16"",""probe.temporal_attn.num_self_attn_blocks=1"",""probe.temporal_attn.mlp_ratio=2"",""probe.temporal_attn.dropout=0.20000000000000001"",""feature_cache.include_tokens=true"",""probe.init_checkpoint_path=artifacts/probes/intphys2/seed_runs_layerwise_attentive_v1/intphys2__main__videomae_v2__vit_g_16__temporal_attn__layer_10/seed_102/layer_10/train/probe_last.pt""]",results/seed_runs/seed_manifest_layerwise_main_attentive_intphys2_v1.csv,33,35,9300fa438918a24e,continuation_from_official_seed_manifest,,artifacts/probes/intphys2/seed_runs_layerwise_attentive_v1/intphys2__main__videomae_v2__vit_g_16__temporal_attn__layer_10/seed_102/layer_10/train/train_summary.json,results/seed_runs/seed_manifest_layerwise_main_attentive_intphys2_v1.csv,33,35,9300fa438918a24e,artifacts/probes/intphys2/seed_runs_layerwise_attentive_v1/intphys2__main__videomae_v2__vit_g_16__temporal_attn__layer_10/seed_102/layer_10/train,artifacts/probes/intphys2/seed_runs_layerwise_attentive_v1/intphys2__main__videomae_v2__vit_g_16__temporal_attn__layer_10/seed_102/layer_10/train/train_summary.json,b56cb3b464d0999a,artifacts/probes/intphys2/seed_runs_layerwise_attentive_v1/intphys2__main__videomae_v2__vit_g_16__temporal_attn__layer_10/seed_102/layer_10/train/probe_last.pt,127017698,43,23,true,90,47,resume_probe_last_disable_early_stopping_to_target_epoch,artifacts/probes/intphys2/seed_runs_attentive_continued_to_max_epoch_v1/intphys2__main__videomae_v2__vit_g_16__temporal_attn__layer_10/seed_102,artifacts/results/intphys2/seed_runs_attentive_continued_to_max_epoch_v1/intphys2__main__videomae_v2__vit_g_16__temporal_attn__layer_10/seed_102
intphys2__main__videomae_v2__vit_g_16__temporal_attn__layer_20__seed_101__continue_to_epoch_90,intphys2__main__videomae_v2__vit_g_16__temporal_attn__layer_20,train_eval.probe.intphys2,IntPhys2,intphys2,main,VideoMAE-v2,ViT-G/16,Attentive,temporal_attn,101,42,videomae_v2,vit_giant_16_224,20,,20,tokens,1e-5,0.01,1,1,46,false,20,,,16,1,2,0.20000000000000001,cuda,artifacts/probes/intphys2,seed_runs_attentive_continued_to_max_epoch_v1/intphys2__main__videomae_v2__vit_g_16__temporal_attn__layer_20/seed_101,artifacts/results/intphys2,seed_runs_attentive_continued_to_max_epoch_v1/intphys2__main__videomae_v2__vit_g_16__temporal_attn__layer_20/seed_101,seed_runs_attentive_continued_to_max_epoch_v1_intphys2__main__videomae_v2__vit_g_16__temporal_attn__layer_20,intphys2__main__videomae_v2__vit_g_16__temporal_attn__layer_20__seed_101__continue_to_epoch_90,pending,,"[""seed=101"",""split.seed=42"",""backbone.name=videomae_v2"",""+backbone.kwargs.variant=vit_giant_16_224"",""probe.name=temporal_attn"",""probe.layer=20"",""probe.layers=[]"",""probe.feature_view=tokens"",""probe.device=cuda"",""probe.lr=1e-5"",""probe.weight_decay=0.01"",""probe.batch_size=1"",""probe.eval_batch_size=1"",""probe.epochs=46"",""probe.early_stopping.enabled=false"",""probe.early_stopping.patience=20"",""probe.optuna.enabled=false"",""probe.output_dir=artifacts/probes/intphys2"",""probe.output_subdir=seed_runs_attentive_continued_to_max_epoch_v1/intphys2__main__videomae_v2__vit_g_16__temporal_attn__layer_20/seed_101"",""probe.eval_output_dir=artifacts/results/intphys2"",""probe.eval_output_subdir=seed_runs_attentive_continued_to_max_epoch_v1/intphys2__main__videomae_v2__vit_g_16__temporal_attn__layer_20/seed_101"",""probe.wandb.group=seed_runs_attentive_continued_to_max_epoch_v1_intphys2__main__videomae_v2__vit_g_16__temporal_attn__layer_20"",""probe.wandb.name=intphys2__main__videomae_v2__vit_g_16__temporal_attn__layer_20__seed_101__continue_to_epoch_90"",""probe.temporal_attn.num_heads=16"",""probe.temporal_attn.num_self_attn_blocks=1"",""probe.temporal_attn.mlp_ratio=2"",""probe.temporal_attn.dropout=0.20000000000000001"",""feature_cache.include_tokens=true"",""probe.init_checkpoint_path=artifacts/probes/intphys2/seed_runs_layerwise_attentive_v1/intphys2__main__videomae_v2__vit_g_16__temporal_attn__layer_20/seed_101/layer_20/train/probe_last.pt""]",results/seed_runs/seed_manifest_layerwise_main_attentive_intphys2_v1.csv,34,36,2ea4791d6df36e25,continuation_from_official_seed_manifest,,artifacts/probes/intphys2/seed_runs_layerwise_attentive_v1/intphys2__main__videomae_v2__vit_g_16__temporal_attn__layer_20/seed_101/layer_20/train/train_summary.json,results/seed_runs/seed_manifest_layerwise_main_attentive_intphys2_v1.csv,34,36,2ea4791d6df36e25,artifacts/probes/intphys2/seed_runs_layerwise_attentive_v1/intphys2__main__videomae_v2__vit_g_16__temporal_attn__layer_20/seed_101/layer_20/train,artifacts/probes/intphys2/seed_runs_layerwise_attentive_v1/intphys2__main__videomae_v2__vit_g_16__temporal_attn__layer_20/seed_101/layer_20/train/train_summary.json,656ee6e5ec146d69,artifacts/probes/intphys2/seed_runs_layerwise_attentive_v1/intphys2__main__videomae_v2__vit_g_16__temporal_attn__layer_20/seed_101/layer_20/train/probe_last.pt,127017698,44,24,true,90,46,resume_probe_last_disable_early_stopping_to_target_epoch,artifacts/probes/intphys2/seed_runs_attentive_continued_to_max_epoch_v1/intphys2__main__videomae_v2__vit_g_16__temporal_attn__layer_20/seed_101,artifacts/results/intphys2/seed_runs_attentive_continued_to_max_epoch_v1/intphys2__main__videomae_v2__vit_g_16__temporal_attn__layer_20/seed_101
intphys2__main__videomae_v2__vit_g_16__temporal_attn__layer_20__seed_102__continue_to_epoch_90,intphys2__main__videomae_v2__vit_g_16__temporal_attn__layer_20,train_eval.probe.intphys2,IntPhys2,intphys2,main,VideoMAE-v2,ViT-G/16,Attentive,temporal_attn,102,42,videomae_v2,vit_giant_16_224,20,,20,tokens,1e-5,0.01,1,1,47,false,20,,,16,1,2,0.20000000000000001,cuda,artifacts/probes/intphys2,seed_runs_attentive_continued_to_max_epoch_v1/intphys2__main__videomae_v2__vit_g_16__temporal_attn__layer_20/seed_102,artifacts/results/intphys2,seed_runs_attentive_continued_to_max_epoch_v1/intphys2__main__videomae_v2__vit_g_16__temporal_attn__layer_20/seed_102,seed_runs_attentive_continued_to_max_epoch_v1_intphys2__main__videomae_v2__vit_g_16__temporal_attn__layer_20,intphys2__main__videomae_v2__vit_g_16__temporal_attn__layer_20__seed_102__continue_to_epoch_90,pending,,"[""seed=102"",""split.seed=42"",""backbone.name=videomae_v2"",""+backbone.kwargs.variant=vit_giant_16_224"",""probe.name=temporal_attn"",""probe.layer=20"",""probe.layers=[]"",""probe.feature_view=tokens"",""probe.device=cuda"",""probe.lr=1e-5"",""probe.weight_decay=0.01"",""probe.batch_size=1"",""probe.eval_batch_size=1"",""probe.epochs=47"",""probe.early_stopping.enabled=false"",""probe.early_stopping.patience=20"",""probe.optuna.enabled=false"",""probe.output_dir=artifacts/probes/intphys2"",""probe.output_subdir=seed_runs_attentive_continued_to_max_epoch_v1/intphys2__main__videomae_v2__vit_g_16__temporal_attn__layer_20/seed_102"",""probe.eval_output_dir=artifacts/results/intphys2"",""probe.eval_output_subdir=seed_runs_attentive_continued_to_max_epoch_v1/intphys2__main__videomae_v2__vit_g_16__temporal_attn__layer_20/seed_102"",""probe.wandb.group=seed_runs_attentive_continued_to_max_epoch_v1_intphys2__main__videomae_v2__vit_g_16__temporal_attn__layer_20"",""probe.wandb.name=intphys2__main__videomae_v2__vit_g_16__temporal_attn__layer_20__seed_102__continue_to_epoch_90"",""probe.temporal_attn.num_heads=16"",""probe.temporal_attn.num_self_attn_blocks=1"",""probe.temporal_attn.mlp_ratio=2"",""probe.temporal_attn.dropout=0.20000000000000001"",""feature_cache.include_tokens=true"",""probe.init_checkpoint_path=artifacts/probes/intphys2/seed_runs_layerwise_attentive_v1/intphys2__main__videomae_v2__vit_g_16__temporal_attn__layer_20/seed_102/layer_20/train/probe_last.pt""]",results/seed_runs/seed_manifest_layerwise_main_attentive_intphys2_v1.csv,35,37,0b2c8f51df2a3312,continuation_from_official_seed_manifest,,artifacts/probes/intphys2/seed_runs_layerwise_attentive_v1/intphys2__main__videomae_v2__vit_g_16__temporal_attn__layer_20/seed_102/layer_20/train/train_summary.json,results/seed_runs/seed_manifest_layerwise_main_attentive_intphys2_v1.csv,35,37,0b2c8f51df2a3312,artifacts/probes/intphys2/seed_runs_layerwise_attentive_v1/intphys2__main__videomae_v2__vit_g_16__temporal_attn__layer_20/seed_102/layer_20/train,artifacts/probes/intphys2/seed_runs_layerwise_attentive_v1/intphys2__main__videomae_v2__vit_g_16__temporal_attn__layer_20/seed_102/layer_20/train/train_summary.json,720304420ec37055,artifacts/probes/intphys2/seed_runs_layerwise_attentive_v1/intphys2__main__videomae_v2__vit_g_16__temporal_attn__layer_20/seed_102/layer_20/train/probe_last.pt,127017698,43,23,true,90,47,resume_probe_last_disable_early_stopping_to_target_epoch,artifacts/probes/intphys2/seed_runs_attentive_continued_to_max_epoch_v1/intphys2__main__videomae_v2__vit_g_16__temporal_attn__layer_20/seed_102,artifacts/results/intphys2/seed_runs_attentive_continued_to_max_epoch_v1/intphys2__main__videomae_v2__vit_g_16__temporal_attn__layer_20/seed_102
intphys2__main__videomae_v2__vit_g_16__temporal_attn__layer_30__seed_101__continue_to_epoch_90,intphys2__main__videomae_v2__vit_g_16__temporal_attn__layer_30,train_eval.probe.intphys2,IntPhys2,intphys2,main,VideoMAE-v2,ViT-G/16,Attentive,temporal_attn,101,42,videomae_v2,vit_giant_16_224,30,,30,tokens,1e-5,0.01,1,1,69,false,20,,,16,1,2,0.20000000000000001,cuda,artifacts/probes/intphys2,seed_runs_attentive_continued_to_max_epoch_v1/intphys2__main__videomae_v2__vit_g_16__temporal_attn__layer_30/seed_101,artifacts/results/intphys2,seed_runs_attentive_continued_to_max_epoch_v1/intphys2__main__videomae_v2__vit_g_16__temporal_attn__layer_30/seed_101,seed_runs_attentive_continued_to_max_epoch_v1_intphys2__main__videomae_v2__vit_g_16__temporal_attn__layer_30,intphys2__main__videomae_v2__vit_g_16__temporal_attn__layer_30__seed_101__continue_to_epoch_90,pending,,"[""seed=101"",""split.seed=42"",""backbone.name=videomae_v2"",""+backbone.kwargs.variant=vit_giant_16_224"",""probe.name=temporal_attn"",""probe.layer=30"",""probe.layers=[]"",""probe.feature_view=tokens"",""probe.device=cuda"",""probe.lr=1e-5"",""probe.weight_decay=0.01"",""probe.batch_size=1"",""probe.eval_batch_size=1"",""probe.epochs=69"",""probe.early_stopping.enabled=false"",""probe.early_stopping.patience=20"",""probe.optuna.enabled=false"",""probe.output_dir=artifacts/probes/intphys2"",""probe.output_subdir=seed_runs_attentive_continued_to_max_epoch_v1/intphys2__main__videomae_v2__vit_g_16__temporal_attn__layer_30/seed_101"",""probe.eval_output_dir=artifacts/results/intphys2"",""probe.eval_output_subdir=seed_runs_attentive_continued_to_max_epoch_v1/intphys2__main__videomae_v2__vit_g_16__temporal_attn__layer_30/seed_101"",""probe.wandb.group=seed_runs_attentive_continued_to_max_epoch_v1_intphys2__main__videomae_v2__vit_g_16__temporal_attn__layer_30"",""probe.wandb.name=intphys2__main__videomae_v2__vit_g_16__temporal_attn__layer_30__seed_101__continue_to_epoch_90"",""probe.temporal_attn.num_heads=16"",""probe.temporal_attn.num_self_attn_blocks=1"",""probe.temporal_attn.mlp_ratio=2"",""probe.temporal_attn.dropout=0.20000000000000001"",""feature_cache.include_tokens=true"",""probe.init_checkpoint_path=artifacts/probes/intphys2/seed_runs_layerwise_attentive_v1/intphys2__main__videomae_v2__vit_g_16__temporal_attn__layer_30/seed_101/layer_30/train/probe_last.pt""]",results/seed_runs/seed_manifest_layerwise_main_attentive_intphys2_v1.csv,36,38,d226de5dfd95d641,continuation_from_official_seed_manifest,,artifacts/probes/intphys2/seed_runs_layerwise_attentive_v1/intphys2__main__videomae_v2__vit_g_16__temporal_attn__layer_30/seed_101/layer_30/train/train_summary.json,results/seed_runs/seed_manifest_layerwise_main_attentive_intphys2_v1.csv,36,38,d226de5dfd95d641,artifacts/probes/intphys2/seed_runs_layerwise_attentive_v1/intphys2__main__videomae_v2__vit_g_16__temporal_attn__layer_30/seed_101/layer_30/train,artifacts/probes/intphys2/seed_runs_layerwise_attentive_v1/intphys2__main__videomae_v2__vit_g_16__temporal_attn__layer_30/seed_101/layer_30/train/train_summary.json,757896a77255dab3,artifacts/probes/intphys2/seed_runs_layerwise_attentive_v1/intphys2__main__videomae_v2__vit_g_16__temporal_attn__layer_30/seed_101/layer_30/train/probe_last.pt,127017698,21,1,true,90,69,resume_probe_last_disable_early_stopping_to_target_epoch,artifacts/probes/intphys2/seed_runs_attentive_continued_to_max_epoch_v1/intphys2__main__videomae_v2__vit_g_16__temporal_attn__layer_30/seed_101,artifacts/results/intphys2/seed_runs_attentive_continued_to_max_epoch_v1/intphys2__main__videomae_v2__vit_g_16__temporal_attn__layer_30/seed_101
intphys2__main__videomae_v2__vit_g_16__temporal_attn__layer_30__seed_102__continue_to_epoch_90,intphys2__main__videomae_v2__vit_g_16__temporal_attn__layer_30,train_eval.probe.intphys2,IntPhys2,intphys2,main,VideoMAE-v2,ViT-G/16,Attentive,temporal_attn,102,42,videomae_v2,vit_giant_16_224,30,,30,tokens,1e-5,0.01,1,1,45,false,20,,,16,1,2,0.20000000000000001,cuda,artifacts/probes/intphys2,seed_runs_attentive_continued_to_max_epoch_v1/intphys2__main__videomae_v2__vit_g_16__temporal_attn__layer_30/seed_102,artifacts/results/intphys2,seed_runs_attentive_continued_to_max_epoch_v1/intphys2__main__videomae_v2__vit_g_16__temporal_attn__layer_30/seed_102,seed_runs_attentive_continued_to_max_epoch_v1_intphys2__main__videomae_v2__vit_g_16__temporal_attn__layer_30,intphys2__main__videomae_v2__vit_g_16__temporal_attn__layer_30__seed_102__continue_to_epoch_90,pending,,"[""seed=102"",""split.seed=42"",""backbone.name=videomae_v2"",""+backbone.kwargs.variant=vit_giant_16_224"",""probe.name=temporal_attn"",""probe.layer=30"",""probe.layers=[]"",""probe.feature_view=tokens"",""probe.device=cuda"",""probe.lr=1e-5"",""probe.weight_decay=0.01"",""probe.batch_size=1"",""probe.eval_batch_size=1"",""probe.epochs=45"",""probe.early_stopping.enabled=false"",""probe.early_stopping.patience=20"",""probe.optuna.enabled=false"",""probe.output_dir=artifacts/probes/intphys2"",""probe.output_subdir=seed_runs_attentive_continued_to_max_epoch_v1/intphys2__main__videomae_v2__vit_g_16__temporal_attn__layer_30/seed_102"",""probe.eval_output_dir=artifacts/results/intphys2"",""probe.eval_output_subdir=seed_runs_attentive_continued_to_max_epoch_v1/intphys2__main__videomae_v2__vit_g_16__temporal_attn__layer_30/seed_102"",""probe.wandb.group=seed_runs_attentive_continued_to_max_epoch_v1_intphys2__main__videomae_v2__vit_g_16__temporal_attn__layer_30"",""probe.wandb.name=intphys2__main__videomae_v2__vit_g_16__temporal_attn__layer_30__seed_102__continue_to_epoch_90"",""probe.temporal_attn.num_heads=16"",""probe.temporal_attn.num_self_attn_blocks=1"",""probe.temporal_attn.mlp_ratio=2"",""probe.temporal_attn.dropout=0.20000000000000001"",""feature_cache.include_tokens=true"",""probe.init_checkpoint_path=artifacts/probes/intphys2/seed_runs_layerwise_attentive_v1/intphys2__main__videomae_v2__vit_g_16__temporal_attn__layer_30/seed_102/layer_30/train/probe_last.pt""]",results/seed_runs/seed_manifest_layerwise_main_attentive_intphys2_v1.csv,37,39,3b62483c574d80dc,continuation_from_official_seed_manifest,,artifacts/probes/intphys2/seed_runs_layerwise_attentive_v1/intphys2__main__videomae_v2__vit_g_16__temporal_attn__layer_30/seed_102/layer_30/train/train_summary.json,results/seed_runs/seed_manifest_layerwise_main_attentive_intphys2_v1.csv,37,39,3b62483c574d80dc,artifacts/probes/intphys2/seed_runs_layerwise_attentive_v1/intphys2__main__videomae_v2__vit_g_16__temporal_attn__layer_30/seed_102/layer_30/train,artifacts/probes/intphys2/seed_runs_layerwise_attentive_v1/intphys2__main__videomae_v2__vit_g_16__temporal_attn__layer_30/seed_102/layer_30/train/train_summary.json,be966dd6d8808f5b,artifacts/probes/intphys2/seed_runs_layerwise_attentive_v1/intphys2__main__videomae_v2__vit_g_16__temporal_attn__layer_30/seed_102/layer_30/train/probe_last.pt,127017698,45,25,true,90,45,resume_probe_last_disable_early_stopping_to_target_epoch,artifacts/probes/intphys2/seed_runs_attentive_continued_to_max_epoch_v1/intphys2__main__videomae_v2__vit_g_16__temporal_attn__layer_30/seed_102,artifacts/results/intphys2/seed_runs_attentive_continued_to_max_epoch_v1/intphys2__main__videomae_v2__vit_g_16__temporal_attn__layer_30/seed_102
intphys2__main__videomae_v2__vit_g_16__temporal_attn__layer_40__seed_101__continue_to_epoch_90,intphys2__main__videomae_v2__vit_g_16__temporal_attn__layer_40,train_eval.probe.intphys2,IntPhys2,intphys2,main,VideoMAE-v2,ViT-G/16,Attentive,temporal_attn,101,42,videomae_v2,vit_giant_16_224,40,,40,tokens,1e-5,0.01,1,1,54,false,20,,,16,1,2,0.20000000000000001,cuda,artifacts/probes/intphys2,seed_runs_attentive_continued_to_max_epoch_v1/intphys2__main__videomae_v2__vit_g_16__temporal_attn__layer_40/seed_101,artifacts/results/intphys2,seed_runs_attentive_continued_to_max_epoch_v1/intphys2__main__videomae_v2__vit_g_16__temporal_attn__layer_40/seed_101,seed_runs_attentive_continued_to_max_epoch_v1_intphys2__main__videomae_v2__vit_g_16__temporal_attn__layer_40,intphys2__main__videomae_v2__vit_g_16__temporal_attn__layer_40__seed_101__continue_to_epoch_90,pending,,"[""seed=101"",""split.seed=42"",""backbone.name=videomae_v2"",""+backbone.kwargs.variant=vit_giant_16_224"",""probe.name=temporal_attn"",""probe.layer=40"",""probe.layers=[]"",""probe.feature_view=tokens"",""probe.device=cuda"",""probe.lr=1e-5"",""probe.weight_decay=0.01"",""probe.batch_size=1"",""probe.eval_batch_size=1"",""probe.epochs=54"",""probe.early_stopping.enabled=false"",""probe.early_stopping.patience=20"",""probe.optuna.enabled=false"",""probe.output_dir=artifacts/probes/intphys2"",""probe.output_subdir=seed_runs_attentive_continued_to_max_epoch_v1/intphys2__main__videomae_v2__vit_g_16__temporal_attn__layer_40/seed_101"",""probe.eval_output_dir=artifacts/results/intphys2"",""probe.eval_output_subdir=seed_runs_attentive_continued_to_max_epoch_v1/intphys2__main__videomae_v2__vit_g_16__temporal_attn__layer_40/seed_101"",""probe.wandb.group=seed_runs_attentive_continued_to_max_epoch_v1_intphys2__main__videomae_v2__vit_g_16__temporal_attn__layer_40"",""probe.wandb.name=intphys2__main__videomae_v2__vit_g_16__temporal_attn__layer_40__seed_101__continue_to_epoch_90"",""probe.temporal_attn.num_heads=16"",""probe.temporal_attn.num_self_attn_blocks=1"",""probe.temporal_attn.mlp_ratio=2"",""probe.temporal_attn.dropout=0.20000000000000001"",""feature_cache.include_tokens=true"",""probe.init_checkpoint_path=artifacts/probes/intphys2/seed_runs_layerwise_attentive_v1/intphys2__main__videomae_v2__vit_g_16__temporal_attn__layer_40/seed_101/layer_40/train/probe_last.pt""]",results/seed_runs/seed_manifest_layerwise_main_attentive_intphys2_v1.csv,38,40,9c62c3e58a5796e6,continuation_from_official_seed_manifest,,artifacts/probes/intphys2/seed_runs_layerwise_attentive_v1/intphys2__main__videomae_v2__vit_g_16__temporal_attn__layer_40/seed_101/layer_40/train/train_summary.json,results/seed_runs/seed_manifest_layerwise_main_attentive_intphys2_v1.csv,38,40,9c62c3e58a5796e6,artifacts/probes/intphys2/seed_runs_layerwise_attentive_v1/intphys2__main__videomae_v2__vit_g_16__temporal_attn__layer_40/seed_101/layer_40/train,artifacts/probes/intphys2/seed_runs_layerwise_attentive_v1/intphys2__main__videomae_v2__vit_g_16__temporal_attn__layer_40/seed_101/layer_40/train/train_summary.json,d7a5b97cfd31255b,artifacts/probes/intphys2/seed_runs_layerwise_attentive_v1/intphys2__main__videomae_v2__vit_g_16__temporal_attn__layer_40/seed_101/layer_40/train/probe_last.pt,127017698,36,16,true,90,54,resume_probe_last_disable_early_stopping_to_target_epoch,artifacts/probes/intphys2/seed_runs_attentive_continued_to_max_epoch_v1/intphys2__main__videomae_v2__vit_g_16__temporal_attn__layer_40/seed_101,artifacts/results/intphys2/seed_runs_attentive_continued_to_max_epoch_v1/intphys2__main__videomae_v2__vit_g_16__temporal_attn__layer_40/seed_101
intphys2__main__videomae_v2__vit_g_16__temporal_attn__layer_40__seed_102__continue_to_epoch_90,intphys2__main__videomae_v2__vit_g_16__temporal_attn__layer_40,train_eval.probe.intphys2,IntPhys2,intphys2,main,VideoMAE-v2,ViT-G/16,Attentive,temporal_attn,102,42,videomae_v2,vit_giant_16_224,40,,40,tokens,1e-5,0.01,1,1,47,false,20,,,16,1,2,0.20000000000000001,cuda,artifacts/probes/intphys2,seed_runs_attentive_continued_to_max_epoch_v1/intphys2__main__videomae_v2__vit_g_16__temporal_attn__layer_40/seed_102,artifacts/results/intphys2,seed_runs_attentive_continued_to_max_epoch_v1/intphys2__main__videomae_v2__vit_g_16__temporal_attn__layer_40/seed_102,seed_runs_attentive_continued_to_max_epoch_v1_intphys2__main__videomae_v2__vit_g_16__temporal_attn__layer_40,intphys2__main__videomae_v2__vit_g_16__temporal_attn__layer_40__seed_102__continue_to_epoch_90,pending,,"[""seed=102"",""split.seed=42"",""backbone.name=videomae_v2"",""+backbone.kwargs.variant=vit_giant_16_224"",""probe.name=temporal_attn"",""probe.layer=40"",""probe.layers=[]"",""probe.feature_view=tokens"",""probe.device=cuda"",""probe.lr=1e-5"",""probe.weight_decay=0.01"",""probe.batch_size=1"",""probe.eval_batch_size=1"",""probe.epochs=47"",""probe.early_stopping.enabled=false"",""probe.early_stopping.patience=20"",""probe.optuna.enabled=false"",""probe.output_dir=artifacts/probes/intphys2"",""probe.output_subdir=seed_runs_attentive_continued_to_max_epoch_v1/intphys2__main__videomae_v2__vit_g_16__temporal_attn__layer_40/seed_102"",""probe.eval_output_dir=artifacts/results/intphys2"",""probe.eval_output_subdir=seed_runs_attentive_continued_to_max_epoch_v1/intphys2__main__videomae_v2__vit_g_16__temporal_attn__layer_40/seed_102"",""probe.wandb.group=seed_runs_attentive_continued_to_max_epoch_v1_intphys2__main__videomae_v2__vit_g_16__temporal_attn__layer_40"",""probe.wandb.name=intphys2__main__videomae_v2__vit_g_16__temporal_attn__layer_40__seed_102__continue_to_epoch_90"",""probe.temporal_attn.num_heads=16"",""probe.temporal_attn.num_self_attn_blocks=1"",""probe.temporal_attn.mlp_ratio=2"",""probe.temporal_attn.dropout=0.20000000000000001"",""feature_cache.include_tokens=true"",""probe.init_checkpoint_path=artifacts/probes/intphys2/seed_runs_layerwise_attentive_v1/intphys2__main__videomae_v2__vit_g_16__temporal_attn__layer_40/seed_102/layer_40/train/probe_last.pt""]",results/seed_runs/seed_manifest_layerwise_main_attentive_intphys2_v1.csv,39,41,77c38355b1ceb777,continuation_from_official_seed_manifest,,artifacts/probes/intphys2/seed_runs_layerwise_attentive_v1/intphys2__main__videomae_v2__vit_g_16__temporal_attn__layer_40/seed_102/layer_40/train/train_summary.json,results/seed_runs/seed_manifest_layerwise_main_attentive_intphys2_v1.csv,39,41,77c38355b1ceb777,artifacts/probes/intphys2/seed_runs_layerwise_attentive_v1/intphys2__main__videomae_v2__vit_g_16__temporal_attn__layer_40/seed_102/layer_40/train,artifacts/probes/intphys2/seed_runs_layerwise_attentive_v1/intphys2__main__videomae_v2__vit_g_16__temporal_attn__layer_40/seed_102/layer_40/train/train_summary.json,c985367150390d9e,artifacts/probes/intphys2/seed_runs_layerwise_attentive_v1/intphys2__main__videomae_v2__vit_g_16__temporal_attn__layer_40/seed_102/layer_40/train/probe_last.pt,127017698,43,23,true,90,47,resume_probe_last_disable_early_stopping_to_target_epoch,artifacts/probes/intphys2/seed_runs_attentive_continued_to_max_epoch_v1/intphys2__main__videomae_v2__vit_g_16__temporal_attn__layer_40/seed_102,artifacts/results/intphys2/seed_runs_attentive_continued_to_max_epoch_v1/intphys2__main__videomae_v2__vit_g_16__temporal_attn__layer_40/seed_102
intphys2__same_l__v_jepa__vit_l_16__temporal_attn__layer_6__seed_101__continue_to_epoch_90,intphys2__same_l__v_jepa__vit_l_16__temporal_attn__layer_6,train_eval.probe.intphys2,IntPhys2,intphys2,same_L,V-JEPA,ViT-L/16,Attentive,temporal_attn,101,42,jepa_v1,vitl16_224,6,,6,tokens,5e-4,0.01,2,2,55,false,20,,,16,1,2,0.20000000000000001,cuda,artifacts/probes/intphys2,seed_runs_attentive_continued_to_max_epoch_v1/intphys2__same_l__v_jepa__vit_l_16__temporal_attn__layer_6/seed_101,artifacts/results/intphys2,seed_runs_attentive_continued_to_max_epoch_v1/intphys2__same_l__v_jepa__vit_l_16__temporal_attn__layer_6/seed_101,seed_runs_attentive_continued_to_max_epoch_v1_intphys2__same_l__v_jepa__vit_l_16__temporal_attn__layer_6,intphys2__same_l__v_jepa__vit_l_16__temporal_attn__layer_6__seed_101__continue_to_epoch_90,pending,,"[""seed=101"",""split.seed=42"",""backbone.name=jepa_v1"",""+backbone.kwargs.variant=vitl16_224"",""probe.name=temporal_attn"",""probe.layer=6"",""probe.layers=[]"",""probe.feature_view=tokens"",""probe.device=cuda"",""probe.lr=5e-4"",""probe.weight_decay=0.01"",""probe.batch_size=2"",""probe.eval_batch_size=2"",""probe.epochs=55"",""probe.early_stopping.enabled=false"",""probe.early_stopping.patience=20"",""probe.optuna.enabled=false"",""probe.output_dir=artifacts/probes/intphys2"",""probe.output_subdir=seed_runs_attentive_continued_to_max_epoch_v1/intphys2__same_l__v_jepa__vit_l_16__temporal_attn__layer_6/seed_101"",""probe.eval_output_dir=artifacts/results/intphys2"",""probe.eval_output_subdir=seed_runs_attentive_continued_to_max_epoch_v1/intphys2__same_l__v_jepa__vit_l_16__temporal_attn__layer_6/seed_101"",""probe.wandb.group=seed_runs_attentive_continued_to_max_epoch_v1_intphys2__same_l__v_jepa__vit_l_16__temporal_attn__layer_6"",""probe.wandb.name=intphys2__same_l__v_jepa__vit_l_16__temporal_attn__layer_6__seed_101__continue_to_epoch_90"",""feature_cache.layer_ids=[6,12,18,24]"",""probe.temporal_attn.num_heads=16"",""probe.temporal_attn.num_self_attn_blocks=1"",""probe.temporal_attn.mlp_ratio=2"",""probe.temporal_attn.dropout=0.20000000000000001"",""feature_cache.include_tokens=true"",""probe.init_checkpoint_path=artifacts/probes/intphys2/seed_runs_layerwise_same_l_attentive_v1/intphys2__same_l__v_jepa__vit_l_16__temporal_attn__layer_6/seed_101/layer_6/train/probe_last.pt""]",results/seed_runs/seed_manifest_layerwise_same_l_attentive_v1.csv,0,2,bb032c65c020c931,continuation_from_official_seed_manifest,,artifacts/probes/intphys2/seed_runs_layerwise_same_l_attentive_v1/intphys2__same_l__v_jepa__vit_l_16__temporal_attn__layer_6/seed_101/layer_6/train/train_summary.json,results/seed_runs/seed_manifest_layerwise_same_l_attentive_v1.csv,0,2,bb032c65c020c931,artifacts/probes/intphys2/seed_runs_layerwise_same_l_attentive_v1/intphys2__same_l__v_jepa__vit_l_16__temporal_attn__layer_6/seed_101/layer_6/train,artifacts/probes/intphys2/seed_runs_layerwise_same_l_attentive_v1/intphys2__same_l__v_jepa__vit_l_16__temporal_attn__layer_6/seed_101/layer_6/train/train_summary.json,1ad08d992a0db1eb,artifacts/probes/intphys2/seed_runs_layerwise_same_l_attentive_v1/intphys2__same_l__v_jepa__vit_l_16__temporal_attn__layer_6/seed_101/layer_6/train/probe_last.pt,67213538,35,15,true,90,55,resume_probe_last_disable_early_stopping_to_target_epoch,artifacts/probes/intphys2/seed_runs_attentive_continued_to_max_epoch_v1/intphys2__same_l__v_jepa__vit_l_16__temporal_attn__layer_6/seed_101,artifacts/results/intphys2/seed_runs_attentive_continued_to_max_epoch_v1/intphys2__same_l__v_jepa__vit_l_16__temporal_attn__layer_6/seed_101
intphys2__same_l__v_jepa__vit_l_16__temporal_attn__layer_6__seed_102__continue_to_epoch_90,intphys2__same_l__v_jepa__vit_l_16__temporal_attn__layer_6,train_eval.probe.intphys2,IntPhys2,intphys2,same_L,V-JEPA,ViT-L/16,Attentive,temporal_attn,102,42,jepa_v1,vitl16_224,6,,6,tokens,5e-4,0.01,2,2,53,false,20,,,16,1,2,0.20000000000000001,cuda,artifacts/probes/intphys2,seed_runs_attentive_continued_to_max_epoch_v1/intphys2__same_l__v_jepa__vit_l_16__temporal_attn__layer_6/seed_102,artifacts/results/intphys2,seed_runs_attentive_continued_to_max_epoch_v1/intphys2__same_l__v_jepa__vit_l_16__temporal_attn__layer_6/seed_102,seed_runs_attentive_continued_to_max_epoch_v1_intphys2__same_l__v_jepa__vit_l_16__temporal_attn__layer_6,intphys2__same_l__v_jepa__vit_l_16__temporal_attn__layer_6__seed_102__continue_to_epoch_90,pending,,"[""seed=102"",""split.seed=42"",""backbone.name=jepa_v1"",""+backbone.kwargs.variant=vitl16_224"",""probe.name=temporal_attn"",""probe.layer=6"",""probe.layers=[]"",""probe.feature_view=tokens"",""probe.device=cuda"",""probe.lr=5e-4"",""probe.weight_decay=0.01"",""probe.batch_size=2"",""probe.eval_batch_size=2"",""probe.epochs=53"",""probe.early_stopping.enabled=false"",""probe.early_stopping.patience=20"",""probe.optuna.enabled=false"",""probe.output_dir=artifacts/probes/intphys2"",""probe.output_subdir=seed_runs_attentive_continued_to_max_epoch_v1/intphys2__same_l__v_jepa__vit_l_16__temporal_attn__layer_6/seed_102"",""probe.eval_output_dir=artifacts/results/intphys2"",""probe.eval_output_subdir=seed_runs_attentive_continued_to_max_epoch_v1/intphys2__same_l__v_jepa__vit_l_16__temporal_attn__layer_6/seed_102"",""probe.wandb.group=seed_runs_attentive_continued_to_max_epoch_v1_intphys2__same_l__v_jepa__vit_l_16__temporal_attn__layer_6"",""probe.wandb.name=intphys2__same_l__v_jepa__vit_l_16__temporal_attn__layer_6__seed_102__continue_to_epoch_90"",""feature_cache.layer_ids=[6,12,18,24]"",""probe.temporal_attn.num_heads=16"",""probe.temporal_attn.num_self_attn_blocks=1"",""probe.temporal_attn.mlp_ratio=2"",""probe.temporal_attn.dropout=0.20000000000000001"",""feature_cache.include_tokens=true"",""probe.init_checkpoint_path=artifacts/probes/intphys2/seed_runs_layerwise_same_l_attentive_v1/intphys2__same_l__v_jepa__vit_l_16__temporal_attn__layer_6/seed_102/layer_6/train/probe_last.pt""]",results/seed_runs/seed_manifest_layerwise_same_l_attentive_v1.csv,1,3,d42d71fc6fecd888,continuation_from_official_seed_manifest,,artifacts/probes/intphys2/seed_runs_layerwise_same_l_attentive_v1/intphys2__same_l__v_jepa__vit_l_16__temporal_attn__layer_6/seed_102/layer_6/train/train_summary.json,results/seed_runs/seed_manifest_layerwise_same_l_attentive_v1.csv,1,3,d42d71fc6fecd888,artifacts/probes/intphys2/seed_runs_layerwise_same_l_attentive_v1/intphys2__same_l__v_jepa__vit_l_16__temporal_attn__layer_6/seed_102/layer_6/train,artifacts/probes/intphys2/seed_runs_layerwise_same_l_attentive_v1/intphys2__same_l__v_jepa__vit_l_16__temporal_attn__layer_6/seed_102/layer_6/train/train_summary.json,9fc033ca40f29d9d,artifacts/probes/intphys2/seed_runs_layerwise_same_l_attentive_v1/intphys2__same_l__v_jepa__vit_l_16__temporal_attn__layer_6/seed_102/layer_6/train/probe_last.pt,67213538,37,17,true,90,53,resume_probe_last_disable_early_stopping_to_target_epoch,artifacts/probes/intphys2/seed_runs_attentive_continued_to_max_epoch_v1/intphys2__same_l__v_jepa__vit_l_16__temporal_attn__layer_6/seed_102,artifacts/results/intphys2/seed_runs_attentive_continued_to_max_epoch_v1/intphys2__same_l__v_jepa__vit_l_16__temporal_attn__layer_6/seed_102
intphys2__same_l__v_jepa__vit_l_16__temporal_attn__layer_18__seed_102__continue_to_epoch_90,intphys2__same_l__v_jepa__vit_l_16__temporal_attn__layer_18,train_eval.probe.intphys2,IntPhys2,intphys2,same_L,V-JEPA,ViT-L/16,Attentive,temporal_attn,102,42,jepa_v1,vitl16_224,18,,18,tokens,1e-5,0.01,2,2,9,false,20,,,16,1,2,0.20000000000000001,cuda,artifacts/probes/intphys2,seed_runs_attentive_continued_to_max_epoch_v1/intphys2__same_l__v_jepa__vit_l_16__temporal_attn__layer_18/seed_102,artifacts/results/intphys2,seed_runs_attentive_continued_to_max_epoch_v1/intphys2__same_l__v_jepa__vit_l_16__temporal_attn__layer_18/seed_102,seed_runs_attentive_continued_to_max_epoch_v1_intphys2__same_l__v_jepa__vit_l_16__temporal_attn__layer_18,intphys2__same_l__v_jepa__vit_l_16__temporal_attn__layer_18__seed_102__continue_to_epoch_90,pending,,"[""seed=102"",""split.seed=42"",""backbone.name=jepa_v1"",""+backbone.kwargs.variant=vitl16_224"",""probe.name=temporal_attn"",""probe.layer=18"",""probe.layers=[]"",""probe.feature_view=tokens"",""probe.device=cuda"",""probe.lr=1e-5"",""probe.weight_decay=0.01"",""probe.batch_size=2"",""probe.eval_batch_size=2"",""probe.epochs=9"",""probe.early_stopping.enabled=false"",""probe.early_stopping.patience=20"",""probe.optuna.enabled=false"",""probe.output_dir=artifacts/probes/intphys2"",""probe.output_subdir=seed_runs_attentive_continued_to_max_epoch_v1/intphys2__same_l__v_jepa__vit_l_16__temporal_attn__layer_18/seed_102"",""probe.eval_output_dir=artifacts/results/intphys2"",""probe.eval_output_subdir=seed_runs_attentive_continued_to_max_epoch_v1/intphys2__same_l__v_jepa__vit_l_16__temporal_attn__layer_18/seed_102"",""probe.wandb.group=seed_runs_attentive_continued_to_max_epoch_v1_intphys2__same_l__v_jepa__vit_l_16__temporal_attn__layer_18"",""probe.wandb.name=intphys2__same_l__v_jepa__vit_l_16__temporal_attn__layer_18__seed_102__continue_to_epoch_90"",""feature_cache.layer_ids=[6,12,18,24]"",""probe.temporal_attn.num_heads=16"",""probe.temporal_attn.num_self_attn_blocks=1"",""probe.temporal_attn.mlp_ratio=2"",""probe.temporal_attn.dropout=0.20000000000000001"",""feature_cache.include_tokens=true"",""probe.init_checkpoint_path=artifacts/probes/intphys2/seed_runs_layerwise_same_l_attentive_v1/intphys2__same_l__v_jepa__vit_l_16__temporal_attn__layer_18/seed_102/layer_18/train/probe_last.pt""]",results/seed_runs/seed_manifest_layerwise_same_l_attentive_v1.csv,5,7,f96ba05b5aeedbe2,continuation_from_official_seed_manifest,,artifacts/probes/intphys2/seed_runs_layerwise_same_l_attentive_v1/intphys2__same_l__v_jepa__vit_l_16__temporal_attn__layer_18/seed_102/layer_18/train/train_summary.json,results/seed_runs/seed_manifest_layerwise_same_l_attentive_v1.csv,5,7,f96ba05b5aeedbe2,artifacts/probes/intphys2/seed_runs_layerwise_same_l_attentive_v1/intphys2__same_l__v_jepa__vit_l_16__temporal_attn__layer_18/seed_102/layer_18/train,artifacts/probes/intphys2/seed_runs_layerwise_same_l_attentive_v1/intphys2__same_l__v_jepa__vit_l_16__temporal_attn__layer_18/seed_102/layer_18/train/train_summary.json,0a8d9e8d848a1154,artifacts/probes/intphys2/seed_runs_layerwise_same_l_attentive_v1/intphys2__same_l__v_jepa__vit_l_16__temporal_attn__layer_18/seed_102/layer_18/train/probe_last.pt,67213538,81,61,true,90,9,resume_probe_last_disable_early_stopping_to_target_epoch,artifacts/probes/intphys2/seed_runs_attentive_continued_to_max_epoch_v1/intphys2__same_l__v_jepa__vit_l_16__temporal_attn__layer_18/seed_102,artifacts/results/intphys2/seed_runs_attentive_continued_to_max_epoch_v1/intphys2__same_l__v_jepa__vit_l_16__temporal_attn__layer_18/seed_102
intphys2__same_l__v_jepa__vit_l_16__temporal_attn__layer_24__seed_101__continue_to_epoch_90,intphys2__same_l__v_jepa__vit_l_16__temporal_attn__layer_24,train_eval.probe.intphys2,IntPhys2,intphys2,same_L,V-JEPA,ViT-L/16,Attentive,temporal_attn,101,42,jepa_v1,vitl16_224,24,,24,tokens,1e-4,0.01,2,2,15,false,20,,,16,1,2,0.20000000000000001,cuda,artifacts/probes/intphys2,seed_runs_attentive_continued_to_max_epoch_v1/intphys2__same_l__v_jepa__vit_l_16__temporal_attn__layer_24/seed_101,artifacts/results/intphys2,seed_runs_attentive_continued_to_max_epoch_v1/intphys2__same_l__v_jepa__vit_l_16__temporal_attn__layer_24/seed_101,seed_runs_attentive_continued_to_max_epoch_v1_intphys2__same_l__v_jepa__vit_l_16__temporal_attn__layer_24,intphys2__same_l__v_jepa__vit_l_16__temporal_attn__layer_24__seed_101__continue_to_epoch_90,pending,,"[""seed=101"",""split.seed=42"",""backbone.name=jepa_v1"",""+backbone.kwargs.variant=vitl16_224"",""probe.name=temporal_attn"",""probe.layer=24"",""probe.layers=[]"",""probe.feature_view=tokens"",""probe.device=cuda"",""probe.lr=1e-4"",""probe.weight_decay=0.01"",""probe.batch_size=2"",""probe.eval_batch_size=2"",""probe.epochs=15"",""probe.early_stopping.enabled=false"",""probe.early_stopping.patience=20"",""probe.optuna.enabled=false"",""probe.output_dir=artifacts/probes/intphys2"",""probe.output_subdir=seed_runs_attentive_continued_to_max_epoch_v1/intphys2__same_l__v_jepa__vit_l_16__temporal_attn__layer_24/seed_101"",""probe.eval_output_dir=artifacts/results/intphys2"",""probe.eval_output_subdir=seed_runs_attentive_continued_to_max_epoch_v1/intphys2__same_l__v_jepa__vit_l_16__temporal_attn__layer_24/seed_101"",""probe.wandb.group=seed_runs_attentive_continued_to_max_epoch_v1_intphys2__same_l__v_jepa__vit_l_16__temporal_attn__layer_24"",""probe.wandb.name=intphys2__same_l__v_jepa__vit_l_16__temporal_attn__layer_24__seed_101__continue_to_epoch_90"",""feature_cache.layer_ids=[6,12,18,24]"",""probe.temporal_attn.num_heads=16"",""probe.temporal_attn.num_self_attn_blocks=1"",""probe.temporal_attn.mlp_ratio=2"",""probe.temporal_attn.dropout=0.20000000000000001"",""feature_cache.include_tokens=true"",""probe.init_checkpoint_path=artifacts/probes/intphys2/seed_runs_layerwise_same_l_attentive_v1/intphys2__same_l__v_jepa__vit_l_16__temporal_attn__layer_24/seed_101/layer_24/train/probe_last.pt""]",results/seed_runs/seed_manifest_layerwise_same_l_attentive_v1.csv,6,8,1260b83e3942cc15,continuation_from_official_seed_manifest,,artifacts/probes/intphys2/seed_runs_layerwise_same_l_attentive_v1/intphys2__same_l__v_jepa__vit_l_16__temporal_attn__layer_24/seed_101/layer_24/train/train_summary.json,results/seed_runs/seed_manifest_layerwise_same_l_attentive_v1.csv,6,8,1260b83e3942cc15,artifacts/probes/intphys2/seed_runs_layerwise_same_l_attentive_v1/intphys2__same_l__v_jepa__vit_l_16__temporal_attn__layer_24/seed_101/layer_24/train,artifacts/probes/intphys2/seed_runs_layerwise_same_l_attentive_v1/intphys2__same_l__v_jepa__vit_l_16__temporal_attn__layer_24/seed_101/layer_24/train/train_summary.json,afdd3fabd79ec98c,artifacts/probes/intphys2/seed_runs_layerwise_same_l_attentive_v1/intphys2__same_l__v_jepa__vit_l_16__temporal_attn__layer_24/seed_101/layer_24/train/probe_last.pt,67213538,75,55,true,90,15,resume_probe_last_disable_early_stopping_to_target_epoch,artifacts/probes/intphys2/seed_runs_attentive_continued_to_max_epoch_v1/intphys2__same_l__v_jepa__vit_l_16__temporal_attn__layer_24/seed_101,artifacts/results/intphys2/seed_runs_attentive_continued_to_max_epoch_v1/intphys2__same_l__v_jepa__vit_l_16__temporal_attn__layer_24/seed_101
intphys2__same_l__v_jepa__vit_l_16__temporal_attn__layer_24__seed_102__continue_to_epoch_90,intphys2__same_l__v_jepa__vit_l_16__temporal_attn__layer_24,train_eval.probe.intphys2,IntPhys2,intphys2,same_L,V-JEPA,ViT-L/16,Attentive,temporal_attn,102,42,jepa_v1,vitl16_224,24,,24,tokens,1e-4,0.01,2,2,7,false,20,,,16,1,2,0.20000000000000001,cuda,artifacts/probes/intphys2,seed_runs_attentive_continued_to_max_epoch_v1/intphys2__same_l__v_jepa__vit_l_16__temporal_attn__layer_24/seed_102,artifacts/results/intphys2,seed_runs_attentive_continued_to_max_epoch_v1/intphys2__same_l__v_jepa__vit_l_16__temporal_attn__layer_24/seed_102,seed_runs_attentive_continued_to_max_epoch_v1_intphys2__same_l__v_jepa__vit_l_16__temporal_attn__layer_24,intphys2__same_l__v_jepa__vit_l_16__temporal_attn__layer_24__seed_102__continue_to_epoch_90,pending,,"[""seed=102"",""split.seed=42"",""backbone.name=jepa_v1"",""+backbone.kwargs.variant=vitl16_224"",""probe.name=temporal_attn"",""probe.layer=24"",""probe.layers=[]"",""probe.feature_view=tokens"",""probe.device=cuda"",""probe.lr=1e-4"",""probe.weight_decay=0.01"",""probe.batch_size=2"",""probe.eval_batch_size=2"",""probe.epochs=7"",""probe.early_stopping.enabled=false"",""probe.early_stopping.patience=20"",""probe.optuna.enabled=false"",""probe.output_dir=artifacts/probes/intphys2"",""probe.output_subdir=seed_runs_attentive_continued_to_max_epoch_v1/intphys2__same_l__v_jepa__vit_l_16__temporal_attn__layer_24/seed_102"",""probe.eval_output_dir=artifacts/results/intphys2"",""probe.eval_output_subdir=seed_runs_attentive_continued_to_max_epoch_v1/intphys2__same_l__v_jepa__vit_l_16__temporal_attn__layer_24/seed_102"",""probe.wandb.group=seed_runs_attentive_continued_to_max_epoch_v1_intphys2__same_l__v_jepa__vit_l_16__temporal_attn__layer_24"",""probe.wandb.name=intphys2__same_l__v_jepa__vit_l_16__temporal_attn__layer_24__seed_102__continue_to_epoch_90"",""feature_cache.layer_ids=[6,12,18,24]"",""probe.temporal_attn.num_heads=16"",""probe.temporal_attn.num_self_attn_blocks=1"",""probe.temporal_attn.mlp_ratio=2"",""probe.temporal_attn.dropout=0.20000000000000001"",""feature_cache.include_tokens=true"",""probe.init_checkpoint_path=artifacts/probes/intphys2/seed_runs_layerwise_same_l_attentive_v1/intphys2__same_l__v_jepa__vit_l_16__temporal_attn__layer_24/seed_102/layer_24/train/probe_last.pt""]",results/seed_runs/seed_manifest_layerwise_same_l_attentive_v1.csv,7,9,13fdb472dcec9ade,continuation_from_official_seed_manifest,,artifacts/probes/intphys2/seed_runs_layerwise_same_l_attentive_v1/intphys2__same_l__v_jepa__vit_l_16__temporal_attn__layer_24/seed_102/layer_24/train/train_summary.json,results/seed_runs/seed_manifest_layerwise_same_l_attentive_v1.csv,7,9,13fdb472dcec9ade,artifacts/probes/intphys2/seed_runs_layerwise_same_l_attentive_v1/intphys2__same_l__v_jepa__vit_l_16__temporal_attn__layer_24/seed_102/layer_24/train,artifacts/probes/intphys2/seed_runs_layerwise_same_l_attentive_v1/intphys2__same_l__v_jepa__vit_l_16__temporal_attn__layer_24/seed_102/layer_24/train/train_summary.json,8bfcd3cd8c40d157,artifacts/probes/intphys2/seed_runs_layerwise_same_l_attentive_v1/intphys2__same_l__v_jepa__vit_l_16__temporal_attn__layer_24/seed_102/layer_24/train/probe_last.pt,67213538,83,63,true,90,7,resume_probe_last_disable_early_stopping_to_target_epoch,artifacts/probes/intphys2/seed_runs_attentive_continued_to_max_epoch_v1/intphys2__same_l__v_jepa__vit_l_16__temporal_attn__layer_24/seed_102,artifacts/results/intphys2/seed_runs_attentive_continued_to_max_epoch_v1/intphys2__same_l__v_jepa__vit_l_16__temporal_attn__layer_24/seed_102
intphys2__same_l__v_jepa_2__vit_l_16__temporal_attn__layer_6__seed_101__continue_to_epoch_90,intphys2__same_l__v_jepa_2__vit_l_16__temporal_attn__layer_6,train_eval.probe.intphys2,IntPhys2,intphys2,same_L,V-JEPA 2,ViT-L/16,Attentive,temporal_attn,101,42,jepa_v2,vitl_256,6,,6,tokens,5e-4,0.01,1,1,58,false,20,,,16,1,2,0.20000000000000001,cuda,artifacts/probes/intphys2,seed_runs_attentive_continued_to_max_epoch_v1/intphys2__same_l__v_jepa_2__vit_l_16__temporal_attn__layer_6/seed_101,artifacts/results/intphys2,seed_runs_attentive_continued_to_max_epoch_v1/intphys2__same_l__v_jepa_2__vit_l_16__temporal_attn__layer_6/seed_101,seed_runs_attentive_continued_to_max_epoch_v1_intphys2__same_l__v_jepa_2__vit_l_16__temporal_attn__layer_6,intphys2__same_l__v_jepa_2__vit_l_16__temporal_attn__layer_6__seed_101__continue_to_epoch_90,pending,,"[""seed=101"",""split.seed=42"",""backbone.name=jepa_v2"",""+backbone.kwargs.variant=vitl_256"",""probe.name=temporal_attn"",""probe.layer=6"",""probe.layers=[]"",""probe.feature_view=tokens"",""probe.device=cuda"",""probe.lr=5e-4"",""probe.weight_decay=0.01"",""probe.batch_size=1"",""probe.eval_batch_size=1"",""probe.epochs=58"",""probe.early_stopping.enabled=false"",""probe.early_stopping.patience=20"",""probe.optuna.enabled=false"",""probe.output_dir=artifacts/probes/intphys2"",""probe.output_subdir=seed_runs_attentive_continued_to_max_epoch_v1/intphys2__same_l__v_jepa_2__vit_l_16__temporal_attn__layer_6/seed_101"",""probe.eval_output_dir=artifacts/results/intphys2"",""probe.eval_output_subdir=seed_runs_attentive_continued_to_max_epoch_v1/intphys2__same_l__v_jepa_2__vit_l_16__temporal_attn__layer_6/seed_101"",""probe.wandb.group=seed_runs_attentive_continued_to_max_epoch_v1_intphys2__same_l__v_jepa_2__vit_l_16__temporal_attn__layer_6"",""probe.wandb.name=intphys2__same_l__v_jepa_2__vit_l_16__temporal_attn__layer_6__seed_101__continue_to_epoch_90"",""feature_cache.layer_ids=[6,12,18,24]"",""probe.temporal_attn.num_heads=16"",""probe.temporal_attn.num_self_attn_blocks=1"",""probe.temporal_attn.mlp_ratio=2"",""probe.temporal_attn.dropout=0.20000000000000001"",""feature_cache.include_tokens=true"",""probe.init_checkpoint_path=artifacts/probes/intphys2/seed_runs_layerwise_same_l_attentive_v1/intphys2__same_l__v_jepa_2__vit_l_16__temporal_attn__layer_6/seed_101/layer_6/train/probe_last.pt""]",results/seed_runs/seed_manifest_layerwise_same_l_attentive_v1.csv,8,10,fc66a9180e5ec12e,continuation_from_official_seed_manifest,,artifacts/probes/intphys2/seed_runs_layerwise_same_l_attentive_v1/intphys2__same_l__v_jepa_2__vit_l_16__temporal_attn__layer_6/seed_101/layer_6/train/train_summary.json,results/seed_runs/seed_manifest_layerwise_same_l_attentive_v1.csv,8,10,fc66a9180e5ec12e,artifacts/probes/intphys2/seed_runs_layerwise_same_l_attentive_v1/intphys2__same_l__v_jepa_2__vit_l_16__temporal_attn__layer_6/seed_101/layer_6/train,artifacts/probes/intphys2/seed_runs_layerwise_same_l_attentive_v1/intphys2__same_l__v_jepa_2__vit_l_16__temporal_attn__layer_6/seed_101/layer_6/train/train_summary.json,0c5ace88cc4d8761,artifacts/probes/intphys2/seed_runs_layerwise_same_l_attentive_v1/intphys2__same_l__v_jepa_2__vit_l_16__temporal_attn__layer_6/seed_101/layer_6/train/probe_last.pt,67213538,32,12,true,90,58,resume_probe_last_disable_early_stopping_to_target_epoch,artifacts/probes/intphys2/seed_runs_attentive_continued_to_max_epoch_v1/intphys2__same_l__v_jepa_2__vit_l_16__temporal_attn__layer_6/seed_101,artifacts/results/intphys2/seed_runs_attentive_continued_to_max_epoch_v1/intphys2__same_l__v_jepa_2__vit_l_16__temporal_attn__layer_6/seed_101
intphys2__same_l__v_jepa_2__vit_l_16__temporal_attn__layer_6__seed_102__continue_to_epoch_90,intphys2__same_l__v_jepa_2__vit_l_16__temporal_attn__layer_6,train_eval.probe.intphys2,IntPhys2,intphys2,same_L,V-JEPA 2,ViT-L/16,Attentive,temporal_attn,102,42,jepa_v2,vitl_256,6,,6,tokens,5e-4,0.01,1,1,57,false,20,,,16,1,2,0.20000000000000001,cuda,artifacts/probes/intphys2,seed_runs_attentive_continued_to_max_epoch_v1/intphys2__same_l__v_jepa_2__vit_l_16__temporal_attn__layer_6/seed_102,artifacts/results/intphys2,seed_runs_attentive_continued_to_max_epoch_v1/intphys2__same_l__v_jepa_2__vit_l_16__temporal_attn__layer_6/seed_102,seed_runs_attentive_continued_to_max_epoch_v1_intphys2__same_l__v_jepa_2__vit_l_16__temporal_attn__layer_6,intphys2__same_l__v_jepa_2__vit_l_16__temporal_attn__layer_6__seed_102__continue_to_epoch_90,pending,,"[""seed=102"",""split.seed=42"",""backbone.name=jepa_v2"",""+backbone.kwargs.variant=vitl_256"",""probe.name=temporal_attn"",""probe.layer=6"",""probe.layers=[]"",""probe.feature_view=tokens"",""probe.device=cuda"",""probe.lr=5e-4"",""probe.weight_decay=0.01"",""probe.batch_size=1"",""probe.eval_batch_size=1"",""probe.epochs=57"",""probe.early_stopping.enabled=false"",""probe.early_stopping.patience=20"",""probe.optuna.enabled=false"",""probe.output_dir=artifacts/probes/intphys2"",""probe.output_subdir=seed_runs_attentive_continued_to_max_epoch_v1/intphys2__same_l__v_jepa_2__vit_l_16__temporal_attn__layer_6/seed_102"",""probe.eval_output_dir=artifacts/results/intphys2"",""probe.eval_output_subdir=seed_runs_attentive_continued_to_max_epoch_v1/intphys2__same_l__v_jepa_2__vit_l_16__temporal_attn__layer_6/seed_102"",""probe.wandb.group=seed_runs_attentive_continued_to_max_epoch_v1_intphys2__same_l__v_jepa_2__vit_l_16__temporal_attn__layer_6"",""probe.wandb.name=intphys2__same_l__v_jepa_2__vit_l_16__temporal_attn__layer_6__seed_102__continue_to_epoch_90"",""feature_cache.layer_ids=[6,12,18,24]"",""probe.temporal_attn.num_heads=16"",""probe.temporal_attn.num_self_attn_blocks=1"",""probe.temporal_attn.mlp_ratio=2"",""probe.temporal_attn.dropout=0.20000000000000001"",""feature_cache.include_tokens=true"",""probe.init_checkpoint_path=artifacts/probes/intphys2/seed_runs_layerwise_same_l_attentive_v1/intphys2__same_l__v_jepa_2__vit_l_16__temporal_attn__layer_6/seed_102/layer_6/train/probe_last.pt""]",results/seed_runs/seed_manifest_layerwise_same_l_attentive_v1.csv,9,11,3e42ce10304d4702,continuation_from_official_seed_manifest,,artifacts/probes/intphys2/seed_runs_layerwise_same_l_attentive_v1/intphys2__same_l__v_jepa_2__vit_l_16__temporal_attn__layer_6/seed_102/layer_6/train/train_summary.json,results/seed_runs/seed_manifest_layerwise_same_l_attentive_v1.csv,9,11,3e42ce10304d4702,artifacts/probes/intphys2/seed_runs_layerwise_same_l_attentive_v1/intphys2__same_l__v_jepa_2__vit_l_16__temporal_attn__layer_6/seed_102/layer_6/train,artifacts/probes/intphys2/seed_runs_layerwise_same_l_attentive_v1/intphys2__same_l__v_jepa_2__vit_l_16__temporal_attn__layer_6/seed_102/layer_6/train/train_summary.json,19dbe0f870906f08,artifacts/probes/intphys2/seed_runs_layerwise_same_l_attentive_v1/intphys2__same_l__v_jepa_2__vit_l_16__temporal_attn__layer_6/seed_102/layer_6/train/probe_last.pt,67213538,33,13,true,90,57,resume_probe_last_disable_early_stopping_to_target_epoch,artifacts/probes/intphys2/seed_runs_attentive_continued_to_max_epoch_v1/intphys2__same_l__v_jepa_2__vit_l_16__temporal_attn__layer_6/seed_102,artifacts/results/intphys2/seed_runs_attentive_continued_to_max_epoch_v1/intphys2__same_l__v_jepa_2__vit_l_16__temporal_attn__layer_6/seed_102
intphys2__same_l__v_jepa_2__vit_l_16__temporal_attn__layer_12__seed_101__continue_to_epoch_90,intphys2__same_l__v_jepa_2__vit_l_16__temporal_attn__layer_12,train_eval.probe.intphys2,IntPhys2,intphys2,same_L,V-JEPA 2,ViT-L/16,Attentive,temporal_attn,101,42,jepa_v2,vitl_256,12,,12,tokens,5e-5,0.01,1,1,38,false,20,,,16,1,2,0.20000000000000001,cuda,artifacts/probes/intphys2,seed_runs_attentive_continued_to_max_epoch_v1/intphys2__same_l__v_jepa_2__vit_l_16__temporal_attn__layer_12/seed_101,artifacts/results/intphys2,seed_runs_attentive_continued_to_max_epoch_v1/intphys2__same_l__v_jepa_2__vit_l_16__temporal_attn__layer_12/seed_101,seed_runs_attentive_continued_to_max_epoch_v1_intphys2__same_l__v_jepa_2__vit_l_16__temporal_attn__layer_12,intphys2__same_l__v_jepa_2__vit_l_16__temporal_attn__layer_12__seed_101__continue_to_epoch_90,pending,,"[""seed=101"",""split.seed=42"",""backbone.name=jepa_v2"",""+backbone.kwargs.variant=vitl_256"",""probe.name=temporal_attn"",""probe.layer=12"",""probe.layers=[]"",""probe.feature_view=tokens"",""probe.device=cuda"",""probe.lr=5e-5"",""probe.weight_decay=0.01"",""probe.batch_size=1"",""probe.eval_batch_size=1"",""probe.epochs=38"",""probe.early_stopping.enabled=false"",""probe.early_stopping.patience=20"",""probe.optuna.enabled=false"",""probe.output_dir=artifacts/probes/intphys2"",""probe.output_subdir=seed_runs_attentive_continued_to_max_epoch_v1/intphys2__same_l__v_jepa_2__vit_l_16__temporal_attn__layer_12/seed_101"",""probe.eval_output_dir=artifacts/results/intphys2"",""probe.eval_output_subdir=seed_runs_attentive_continued_to_max_epoch_v1/intphys2__same_l__v_jepa_2__vit_l_16__temporal_attn__layer_12/seed_101"",""probe.wandb.group=seed_runs_attentive_continued_to_max_epoch_v1_intphys2__same_l__v_jepa_2__vit_l_16__temporal_attn__layer_12"",""probe.wandb.name=intphys2__same_l__v_jepa_2__vit_l_16__temporal_attn__layer_12__seed_101__continue_to_epoch_90"",""feature_cache.layer_ids=[6,12,18,24]"",""probe.temporal_attn.num_heads=16"",""probe.temporal_attn.num_self_attn_blocks=1"",""probe.temporal_attn.mlp_ratio=2"",""probe.temporal_attn.dropout=0.20000000000000001"",""feature_cache.include_tokens=true"",""probe.init_checkpoint_path=artifacts/probes/intphys2/seed_runs_layerwise_same_l_attentive_v1/intphys2__same_l__v_jepa_2__vit_l_16__temporal_attn__layer_12/seed_101/layer_12/train/probe_last.pt""]",results/seed_runs/seed_manifest_layerwise_same_l_attentive_v1.csv,10,12,1fde4e3469523ed2,continuation_from_official_seed_manifest,,artifacts/probes/intphys2/seed_runs_layerwise_same_l_attentive_v1/intphys2__same_l__v_jepa_2__vit_l_16__temporal_attn__layer_12/seed_101/layer_12/train/train_summary.json,results/seed_runs/seed_manifest_layerwise_same_l_attentive_v1.csv,10,12,1fde4e3469523ed2,artifacts/probes/intphys2/seed_runs_layerwise_same_l_attentive_v1/intphys2__same_l__v_jepa_2__vit_l_16__temporal_attn__layer_12/seed_101/layer_12/train,artifacts/probes/intphys2/seed_runs_layerwise_same_l_attentive_v1/intphys2__same_l__v_jepa_2__vit_l_16__temporal_attn__layer_12/seed_101/layer_12/train/train_summary.json,c5d09ab80bfaf8f9,artifacts/probes/intphys2/seed_runs_layerwise_same_l_attentive_v1/intphys2__same_l__v_jepa_2__vit_l_16__temporal_attn__layer_12/seed_101/layer_12/train/probe_last.pt,67213538,52,32,true,90,38,resume_probe_last_disable_early_stopping_to_target_epoch,artifacts/probes/intphys2/seed_runs_attentive_continued_to_max_epoch_v1/intphys2__same_l__v_jepa_2__vit_l_16__temporal_attn__layer_12/seed_101,artifacts/results/intphys2/seed_runs_attentive_continued_to_max_epoch_v1/intphys2__same_l__v_jepa_2__vit_l_16__temporal_attn__layer_12/seed_101
intphys2__same_l__v_jepa_2__vit_l_16__temporal_attn__layer_12__seed_102__continue_to_epoch_90,intphys2__same_l__v_jepa_2__vit_l_16__temporal_attn__layer_12,train_eval.probe.intphys2,IntPhys2,intphys2,same_L,V-JEPA 2,ViT-L/16,Attentive,temporal_attn,102,42,jepa_v2,vitl_256,12,,12,tokens,5e-5,0.01,1,1,22,false,20,,,16,1,2,0.20000000000000001,cuda,artifacts/probes/intphys2,seed_runs_attentive_continued_to_max_epoch_v1/intphys2__same_l__v_jepa_2__vit_l_16__temporal_attn__layer_12/seed_102,artifacts/results/intphys2,seed_runs_attentive_continued_to_max_epoch_v1/intphys2__same_l__v_jepa_2__vit_l_16__temporal_attn__layer_12/seed_102,seed_runs_attentive_continued_to_max_epoch_v1_intphys2__same_l__v_jepa_2__vit_l_16__temporal_attn__layer_12,intphys2__same_l__v_jepa_2__vit_l_16__temporal_attn__layer_12__seed_102__continue_to_epoch_90,pending,,"[""seed=102"",""split.seed=42"",""backbone.name=jepa_v2"",""+backbone.kwargs.variant=vitl_256"",""probe.name=temporal_attn"",""probe.layer=12"",""probe.layers=[]"",""probe.feature_view=tokens"",""probe.device=cuda"",""probe.lr=5e-5"",""probe.weight_decay=0.01"",""probe.batch_size=1"",""probe.eval_batch_size=1"",""probe.epochs=22"",""probe.early_stopping.enabled=false"",""probe.early_stopping.patience=20"",""probe.optuna.enabled=false"",""probe.output_dir=artifacts/probes/intphys2"",""probe.output_subdir=seed_runs_attentive_continued_to_max_epoch_v1/intphys2__same_l__v_jepa_2__vit_l_16__temporal_attn__layer_12/seed_102"",""probe.eval_output_dir=artifacts/results/intphys2"",""probe.eval_output_subdir=seed_runs_attentive_continued_to_max_epoch_v1/intphys2__same_l__v_jepa_2__vit_l_16__temporal_attn__layer_12/seed_102"",""probe.wandb.group=seed_runs_attentive_continued_to_max_epoch_v1_intphys2__same_l__v_jepa_2__vit_l_16__temporal_attn__layer_12"",""probe.wandb.name=intphys2__same_l__v_jepa_2__vit_l_16__temporal_attn__layer_12__seed_102__continue_to_epoch_90"",""feature_cache.layer_ids=[6,12,18,24]"",""probe.temporal_attn.num_heads=16"",""probe.temporal_attn.num_self_attn_blocks=1"",""probe.temporal_attn.mlp_ratio=2"",""probe.temporal_attn.dropout=0.20000000000000001"",""feature_cache.include_tokens=true"",""probe.init_checkpoint_path=artifacts/probes/intphys2/seed_runs_layerwise_same_l_attentive_v1/intphys2__same_l__v_jepa_2__vit_l_16__temporal_attn__layer_12/seed_102/layer_12/train/probe_last.pt""]",results/seed_runs/seed_manifest_layerwise_same_l_attentive_v1.csv,11,13,0a257bd47b3f596d,continuation_from_official_seed_manifest,,artifacts/probes/intphys2/seed_runs_layerwise_same_l_attentive_v1/intphys2__same_l__v_jepa_2__vit_l_16__temporal_attn__layer_12/seed_102/layer_12/train/train_summary.json,results/seed_runs/seed_manifest_layerwise_same_l_attentive_v1.csv,11,13,0a257bd47b3f596d,artifacts/probes/intphys2/seed_runs_layerwise_same_l_attentive_v1/intphys2__same_l__v_jepa_2__vit_l_16__temporal_attn__layer_12/seed_102/layer_12/train,artifacts/probes/intphys2/seed_runs_layerwise_same_l_attentive_v1/intphys2__same_l__v_jepa_2__vit_l_16__temporal_attn__layer_12/seed_102/layer_12/train/train_summary.json,08a202fb4ad242ac,artifacts/probes/intphys2/seed_runs_layerwise_same_l_attentive_v1/intphys2__same_l__v_jepa_2__vit_l_16__temporal_attn__layer_12/seed_102/layer_12/train/probe_last.pt,67213538,68,48,true,90,22,resume_probe_last_disable_early_stopping_to_target_epoch,artifacts/probes/intphys2/seed_runs_attentive_continued_to_max_epoch_v1/intphys2__same_l__v_jepa_2__vit_l_16__temporal_attn__layer_12/seed_102,artifacts/results/intphys2/seed_runs_attentive_continued_to_max_epoch_v1/intphys2__same_l__v_jepa_2__vit_l_16__temporal_attn__layer_12/seed_102
intphys2__same_l__v_jepa_2__vit_l_16__temporal_attn__layer_18__seed_101__continue_to_epoch_90,intphys2__same_l__v_jepa_2__vit_l_16__temporal_attn__layer_18,train_eval.probe.intphys2,IntPhys2,intphys2,same_L,V-JEPA 2,ViT-L/16,Attentive,temporal_attn,101,42,jepa_v2,vitl_256,18,,18,tokens,1e-5,0.01,1,1,17,false,20,,,16,1,2,0.20000000000000001,cuda,artifacts/probes/intphys2,seed_runs_attentive_continued_to_max_epoch_v1/intphys2__same_l__v_jepa_2__vit_l_16__temporal_attn__layer_18/seed_101,artifacts/results/intphys2,seed_runs_attentive_continued_to_max_epoch_v1/intphys2__same_l__v_jepa_2__vit_l_16__temporal_attn__layer_18/seed_101,seed_runs_attentive_continued_to_max_epoch_v1_intphys2__same_l__v_jepa_2__vit_l_16__temporal_attn__layer_18,intphys2__same_l__v_jepa_2__vit_l_16__temporal_attn__layer_18__seed_101__continue_to_epoch_90,pending,,"[""seed=101"",""split.seed=42"",""backbone.name=jepa_v2"",""+backbone.kwargs.variant=vitl_256"",""probe.name=temporal_attn"",""probe.layer=18"",""probe.layers=[]"",""probe.feature_view=tokens"",""probe.device=cuda"",""probe.lr=1e-5"",""probe.weight_decay=0.01"",""probe.batch_size=1"",""probe.eval_batch_size=1"",""probe.epochs=17"",""probe.early_stopping.enabled=false"",""probe.early_stopping.patience=20"",""probe.optuna.enabled=false"",""probe.output_dir=artifacts/probes/intphys2"",""probe.output_subdir=seed_runs_attentive_continued_to_max_epoch_v1/intphys2__same_l__v_jepa_2__vit_l_16__temporal_attn__layer_18/seed_101"",""probe.eval_output_dir=artifacts/results/intphys2"",""probe.eval_output_subdir=seed_runs_attentive_continued_to_max_epoch_v1/intphys2__same_l__v_jepa_2__vit_l_16__temporal_attn__layer_18/seed_101"",""probe.wandb.group=seed_runs_attentive_continued_to_max_epoch_v1_intphys2__same_l__v_jepa_2__vit_l_16__temporal_attn__layer_18"",""probe.wandb.name=intphys2__same_l__v_jepa_2__vit_l_16__temporal_attn__layer_18__seed_101__continue_to_epoch_90"",""feature_cache.layer_ids=[6,12,18,24]"",""probe.temporal_attn.num_heads=16"",""probe.temporal_attn.num_self_attn_blocks=1"",""probe.temporal_attn.mlp_ratio=2"",""probe.temporal_attn.dropout=0.20000000000000001"",""feature_cache.include_tokens=true"",""probe.init_checkpoint_path=artifacts/probes/intphys2/seed_runs_layerwise_same_l_attentive_v1/intphys2__same_l__v_jepa_2__vit_l_16__temporal_attn__layer_18/seed_101/layer_18/train/probe_last.pt""]",results/seed_runs/seed_manifest_layerwise_same_l_attentive_v1.csv,12,14,6be95f75ff287473,continuation_from_official_seed_manifest,,artifacts/probes/intphys2/seed_runs_layerwise_same_l_attentive_v1/intphys2__same_l__v_jepa_2__vit_l_16__temporal_attn__layer_18/seed_101/layer_18/train/train_summary.json,results/seed_runs/seed_manifest_layerwise_same_l_attentive_v1.csv,12,14,6be95f75ff287473,artifacts/probes/intphys2/seed_runs_layerwise_same_l_attentive_v1/intphys2__same_l__v_jepa_2__vit_l_16__temporal_attn__layer_18/seed_101/layer_18/train,artifacts/probes/intphys2/seed_runs_layerwise_same_l_attentive_v1/intphys2__same_l__v_jepa_2__vit_l_16__temporal_attn__layer_18/seed_101/layer_18/train/train_summary.json,662283a01ac44180,artifacts/probes/intphys2/seed_runs_layerwise_same_l_attentive_v1/intphys2__same_l__v_jepa_2__vit_l_16__temporal_attn__layer_18/seed_101/layer_18/train/probe_last.pt,67213538,73,53,true,90,17,resume_probe_last_disable_early_stopping_to_target_epoch,artifacts/probes/intphys2/seed_runs_attentive_continued_to_max_epoch_v1/intphys2__same_l__v_jepa_2__vit_l_16__temporal_attn__layer_18/seed_101,artifacts/results/intphys2/seed_runs_attentive_continued_to_max_epoch_v1/intphys2__same_l__v_jepa_2__vit_l_16__temporal_attn__layer_18/seed_101
intphys2__same_l__v_jepa_2__vit_l_16__temporal_attn__layer_18__seed_102__continue_to_epoch_90,intphys2__same_l__v_jepa_2__vit_l_16__temporal_attn__layer_18,train_eval.probe.intphys2,IntPhys2,intphys2,same_L,V-JEPA 2,ViT-L/16,Attentive,temporal_attn,102,42,jepa_v2,vitl_256,18,,18,tokens,1e-5,0.01,1,1,20,false,20,,,16,1,2,0.20000000000000001,cuda,artifacts/probes/intphys2,seed_runs_attentive_continued_to_max_epoch_v1/intphys2__same_l__v_jepa_2__vit_l_16__temporal_attn__layer_18/seed_102,artifacts/results/intphys2,seed_runs_attentive_continued_to_max_epoch_v1/intphys2__same_l__v_jepa_2__vit_l_16__temporal_attn__layer_18/seed_102,seed_runs_attentive_continued_to_max_epoch_v1_intphys2__same_l__v_jepa_2__vit_l_16__temporal_attn__layer_18,intphys2__same_l__v_jepa_2__vit_l_16__temporal_attn__layer_18__seed_102__continue_to_epoch_90,pending,,"[""seed=102"",""split.seed=42"",""backbone.name=jepa_v2"",""+backbone.kwargs.variant=vitl_256"",""probe.name=temporal_attn"",""probe.layer=18"",""probe.layers=[]"",""probe.feature_view=tokens"",""probe.device=cuda"",""probe.lr=1e-5"",""probe.weight_decay=0.01"",""probe.batch_size=1"",""probe.eval_batch_size=1"",""probe.epochs=20"",""probe.early_stopping.enabled=false"",""probe.early_stopping.patience=20"",""probe.optuna.enabled=false"",""probe.output_dir=artifacts/probes/intphys2"",""probe.output_subdir=seed_runs_attentive_continued_to_max_epoch_v1/intphys2__same_l__v_jepa_2__vit_l_16__temporal_attn__layer_18/seed_102"",""probe.eval_output_dir=artifacts/results/intphys2"",""probe.eval_output_subdir=seed_runs_attentive_continued_to_max_epoch_v1/intphys2__same_l__v_jepa_2__vit_l_16__temporal_attn__layer_18/seed_102"",""probe.wandb.group=seed_runs_attentive_continued_to_max_epoch_v1_intphys2__same_l__v_jepa_2__vit_l_16__temporal_attn__layer_18"",""probe.wandb.name=intphys2__same_l__v_jepa_2__vit_l_16__temporal_attn__layer_18__seed_102__continue_to_epoch_90"",""feature_cache.layer_ids=[6,12,18,24]"",""probe.temporal_attn.num_heads=16"",""probe.temporal_attn.num_self_attn_blocks=1"",""probe.temporal_attn.mlp_ratio=2"",""probe.temporal_attn.dropout=0.20000000000000001"",""feature_cache.include_tokens=true"",""probe.init_checkpoint_path=artifacts/probes/intphys2/seed_runs_layerwise_same_l_attentive_v1/intphys2__same_l__v_jepa_2__vit_l_16__temporal_attn__layer_18/seed_102/layer_18/train/probe_last.pt""]",results/seed_runs/seed_manifest_layerwise_same_l_attentive_v1.csv,13,15,fd718f2526ca1270,continuation_from_official_seed_manifest,,artifacts/probes/intphys2/seed_runs_layerwise_same_l_attentive_v1/intphys2__same_l__v_jepa_2__vit_l_16__temporal_attn__layer_18/seed_102/layer_18/train/train_summary.json,results/seed_runs/seed_manifest_layerwise_same_l_attentive_v1.csv,13,15,fd718f2526ca1270,artifacts/probes/intphys2/seed_runs_layerwise_same_l_attentive_v1/intphys2__same_l__v_jepa_2__vit_l_16__temporal_attn__layer_18/seed_102/layer_18/train,artifacts/probes/intphys2/seed_runs_layerwise_same_l_attentive_v1/intphys2__same_l__v_jepa_2__vit_l_16__temporal_attn__layer_18/seed_102/layer_18/train/train_summary.json,b2de60eaa2cc836c,artifacts/probes/intphys2/seed_runs_layerwise_same_l_attentive_v1/intphys2__same_l__v_jepa_2__vit_l_16__temporal_attn__layer_18/seed_102/layer_18/train/probe_last.pt,67213538,70,50,true,90,20,resume_probe_last_disable_early_stopping_to_target_epoch,artifacts/probes/intphys2/seed_runs_attentive_continued_to_max_epoch_v1/intphys2__same_l__v_jepa_2__vit_l_16__temporal_attn__layer_18/seed_102,artifacts/results/intphys2/seed_runs_attentive_continued_to_max_epoch_v1/intphys2__same_l__v_jepa_2__vit_l_16__temporal_attn__layer_18/seed_102
intphys2__same_l__v_jepa_2__vit_l_16__temporal_attn__layer_24__seed_101__continue_to_epoch_90,intphys2__same_l__v_jepa_2__vit_l_16__temporal_attn__layer_24,train_eval.probe.intphys2,IntPhys2,intphys2,same_L,V-JEPA 2,ViT-L/16,Attentive,temporal_attn,101,42,jepa_v2,vitl_256,24,,24,tokens,1e-5,0.01,1,1,30,false,20,,,16,1,2,0.20000000000000001,cuda,artifacts/probes/intphys2,seed_runs_attentive_continued_to_max_epoch_v1/intphys2__same_l__v_jepa_2__vit_l_16__temporal_attn__layer_24/seed_101,artifacts/results/intphys2,seed_runs_attentive_continued_to_max_epoch_v1/intphys2__same_l__v_jepa_2__vit_l_16__temporal_attn__layer_24/seed_101,seed_runs_attentive_continued_to_max_epoch_v1_intphys2__same_l__v_jepa_2__vit_l_16__temporal_attn__layer_24,intphys2__same_l__v_jepa_2__vit_l_16__temporal_attn__layer_24__seed_101__continue_to_epoch_90,pending,,"[""seed=101"",""split.seed=42"",""backbone.name=jepa_v2"",""+backbone.kwargs.variant=vitl_256"",""probe.name=temporal_attn"",""probe.layer=24"",""probe.layers=[]"",""probe.feature_view=tokens"",""probe.device=cuda"",""probe.lr=1e-5"",""probe.weight_decay=0.01"",""probe.batch_size=1"",""probe.eval_batch_size=1"",""probe.epochs=30"",""probe.early_stopping.enabled=false"",""probe.early_stopping.patience=20"",""probe.optuna.enabled=false"",""probe.output_dir=artifacts/probes/intphys2"",""probe.output_subdir=seed_runs_attentive_continued_to_max_epoch_v1/intphys2__same_l__v_jepa_2__vit_l_16__temporal_attn__layer_24/seed_101"",""probe.eval_output_dir=artifacts/results/intphys2"",""probe.eval_output_subdir=seed_runs_attentive_continued_to_max_epoch_v1/intphys2__same_l__v_jepa_2__vit_l_16__temporal_attn__layer_24/seed_101"",""probe.wandb.group=seed_runs_attentive_continued_to_max_epoch_v1_intphys2__same_l__v_jepa_2__vit_l_16__temporal_attn__layer_24"",""probe.wandb.name=intphys2__same_l__v_jepa_2__vit_l_16__temporal_attn__layer_24__seed_101__continue_to_epoch_90"",""feature_cache.layer_ids=[6,12,18,24]"",""probe.temporal_attn.num_heads=16"",""probe.temporal_attn.num_self_attn_blocks=1"",""probe.temporal_attn.mlp_ratio=2"",""probe.temporal_attn.dropout=0.20000000000000001"",""feature_cache.include_tokens=true"",""probe.init_checkpoint_path=artifacts/probes/intphys2/seed_runs_layerwise_same_l_attentive_v1/intphys2__same_l__v_jepa_2__vit_l_16__temporal_attn__layer_24/seed_101/layer_24/train/probe_last.pt""]",results/seed_runs/seed_manifest_layerwise_same_l_attentive_v1.csv,14,16,094b31e9370fa535,continuation_from_official_seed_manifest,,artifacts/probes/intphys2/seed_runs_layerwise_same_l_attentive_v1/intphys2__same_l__v_jepa_2__vit_l_16__temporal_attn__layer_24/seed_101/layer_24/train/train_summary.json,results/seed_runs/seed_manifest_layerwise_same_l_attentive_v1.csv,14,16,094b31e9370fa535,artifacts/probes/intphys2/seed_runs_layerwise_same_l_attentive_v1/intphys2__same_l__v_jepa_2__vit_l_16__temporal_attn__layer_24/seed_101/layer_24/train,artifacts/probes/intphys2/seed_runs_layerwise_same_l_attentive_v1/intphys2__same_l__v_jepa_2__vit_l_16__temporal_attn__layer_24/seed_101/layer_24/train/train_summary.json,95b37a3e8ccac019,artifacts/probes/intphys2/seed_runs_layerwise_same_l_attentive_v1/intphys2__same_l__v_jepa_2__vit_l_16__temporal_attn__layer_24/seed_101/layer_24/train/probe_last.pt,67213538,60,40,true,90,30,resume_probe_last_disable_early_stopping_to_target_epoch,artifacts/probes/intphys2/seed_runs_attentive_continued_to_max_epoch_v1/intphys2__same_l__v_jepa_2__vit_l_16__temporal_attn__layer_24/seed_101,artifacts/results/intphys2/seed_runs_attentive_continued_to_max_epoch_v1/intphys2__same_l__v_jepa_2__vit_l_16__temporal_attn__layer_24/seed_101
intphys2__same_l__v_jepa_2__vit_l_16__temporal_attn__layer_24__seed_102__continue_to_epoch_90,intphys2__same_l__v_jepa_2__vit_l_16__temporal_attn__layer_24,train_eval.probe.intphys2,IntPhys2,intphys2,same_L,V-JEPA 2,ViT-L/16,Attentive,temporal_attn,102,42,jepa_v2,vitl_256,24,,24,tokens,1e-5,0.01,1,1,40,false,20,,,16,1,2,0.20000000000000001,cuda,artifacts/probes/intphys2,seed_runs_attentive_continued_to_max_epoch_v1/intphys2__same_l__v_jepa_2__vit_l_16__temporal_attn__layer_24/seed_102,artifacts/results/intphys2,seed_runs_attentive_continued_to_max_epoch_v1/intphys2__same_l__v_jepa_2__vit_l_16__temporal_attn__layer_24/seed_102,seed_runs_attentive_continued_to_max_epoch_v1_intphys2__same_l__v_jepa_2__vit_l_16__temporal_attn__layer_24,intphys2__same_l__v_jepa_2__vit_l_16__temporal_attn__layer_24__seed_102__continue_to_epoch_90,pending,,"[""seed=102"",""split.seed=42"",""backbone.name=jepa_v2"",""+backbone.kwargs.variant=vitl_256"",""probe.name=temporal_attn"",""probe.layer=24"",""probe.layers=[]"",""probe.feature_view=tokens"",""probe.device=cuda"",""probe.lr=1e-5"",""probe.weight_decay=0.01"",""probe.batch_size=1"",""probe.eval_batch_size=1"",""probe.epochs=40"",""probe.early_stopping.enabled=false"",""probe.early_stopping.patience=20"",""probe.optuna.enabled=false"",""probe.output_dir=artifacts/probes/intphys2"",""probe.output_subdir=seed_runs_attentive_continued_to_max_epoch_v1/intphys2__same_l__v_jepa_2__vit_l_16__temporal_attn__layer_24/seed_102"",""probe.eval_output_dir=artifacts/results/intphys2"",""probe.eval_output_subdir=seed_runs_attentive_continued_to_max_epoch_v1/intphys2__same_l__v_jepa_2__vit_l_16__temporal_attn__layer_24/seed_102"",""probe.wandb.group=seed_runs_attentive_continued_to_max_epoch_v1_intphys2__same_l__v_jepa_2__vit_l_16__temporal_attn__layer_24"",""probe.wandb.name=intphys2__same_l__v_jepa_2__vit_l_16__temporal_attn__layer_24__seed_102__continue_to_epoch_90"",""feature_cache.layer_ids=[6,12,18,24]"",""probe.temporal_attn.num_heads=16"",""probe.temporal_attn.num_self_attn_blocks=1"",""probe.temporal_attn.mlp_ratio=2"",""probe.temporal_attn.dropout=0.20000000000000001"",""feature_cache.include_tokens=true"",""probe.init_checkpoint_path=artifacts/probes/intphys2/seed_runs_layerwise_same_l_attentive_v1/intphys2__same_l__v_jepa_2__vit_l_16__temporal_attn__layer_24/seed_102/layer_24/train/probe_last.pt""]",results/seed_runs/seed_manifest_layerwise_same_l_attentive_v1.csv,15,17,f255ea347ee495ce,continuation_from_official_seed_manifest,,artifacts/probes/intphys2/seed_runs_layerwise_same_l_attentive_v1/intphys2__same_l__v_jepa_2__vit_l_16__temporal_attn__layer_24/seed_102/layer_24/train/train_summary.json,results/seed_runs/seed_manifest_layerwise_same_l_attentive_v1.csv,15,17,f255ea347ee495ce,artifacts/probes/intphys2/seed_runs_layerwise_same_l_attentive_v1/intphys2__same_l__v_jepa_2__vit_l_16__temporal_attn__layer_24/seed_102/layer_24/train,artifacts/probes/intphys2/seed_runs_layerwise_same_l_attentive_v1/intphys2__same_l__v_jepa_2__vit_l_16__temporal_attn__layer_24/seed_102/layer_24/train/train_summary.json,d9ee4891695ab875,artifacts/probes/intphys2/seed_runs_layerwise_same_l_attentive_v1/intphys2__same_l__v_jepa_2__vit_l_16__temporal_attn__layer_24/seed_102/layer_24/train/probe_last.pt,67213538,50,30,true,90,40,resume_probe_last_disable_early_stopping_to_target_epoch,artifacts/probes/intphys2/seed_runs_attentive_continued_to_max_epoch_v1/intphys2__same_l__v_jepa_2__vit_l_16__temporal_attn__layer_24/seed_102,artifacts/results/intphys2/seed_runs_attentive_continued_to_max_epoch_v1/intphys2__same_l__v_jepa_2__vit_l_16__temporal_attn__layer_24/seed_102
intphys2__same_l__v_jepa_2_1__vit_l_16__temporal_attn__layer_6__seed_101__continue_to_epoch_90,intphys2__same_l__v_jepa_2_1__vit_l_16__temporal_attn__layer_6,train_eval.probe.intphys2,IntPhys2,intphys2,same_L,V-JEPA 2.1,ViT-L/16,Attentive,temporal_attn,101,42,jepa_v2_1,vitl_384,6,,6,tokens,1e-4,0.01,2,2,44,false,20,,,16,1,2,0.20000000000000001,cuda,artifacts/probes/intphys2,seed_runs_attentive_continued_to_max_epoch_v1/intphys2__same_l__v_jepa_2_1__vit_l_16__temporal_attn__layer_6/seed_101,artifacts/results/intphys2,seed_runs_attentive_continued_to_max_epoch_v1/intphys2__same_l__v_jepa_2_1__vit_l_16__temporal_attn__layer_6/seed_101,seed_runs_attentive_continued_to_max_epoch_v1_intphys2__same_l__v_jepa_2_1__vit_l_16__temporal_attn__layer_6,intphys2__same_l__v_jepa_2_1__vit_l_16__temporal_attn__layer_6__seed_101__continue_to_epoch_90,pending,,"[""seed=101"",""split.seed=42"",""backbone.name=jepa_v2_1"",""+backbone.kwargs.variant=vitl_384"",""probe.name=temporal_attn"",""probe.layer=6"",""probe.layers=[]"",""probe.feature_view=tokens"",""probe.device=cuda"",""probe.lr=1e-4"",""probe.weight_decay=0.01"",""probe.batch_size=2"",""probe.eval_batch_size=2"",""probe.epochs=44"",""probe.early_stopping.enabled=false"",""probe.early_stopping.patience=20"",""probe.optuna.enabled=false"",""probe.output_dir=artifacts/probes/intphys2"",""probe.output_subdir=seed_runs_attentive_continued_to_max_epoch_v1/intphys2__same_l__v_jepa_2_1__vit_l_16__temporal_attn__layer_6/seed_101"",""probe.eval_output_dir=artifacts/results/intphys2"",""probe.eval_output_subdir=seed_runs_attentive_continued_to_max_epoch_v1/intphys2__same_l__v_jepa_2_1__vit_l_16__temporal_attn__layer_6/seed_101"",""probe.wandb.group=seed_runs_attentive_continued_to_max_epoch_v1_intphys2__same_l__v_jepa_2_1__vit_l_16__temporal_attn__layer_6"",""probe.wandb.name=intphys2__same_l__v_jepa_2_1__vit_l_16__temporal_attn__layer_6__seed_101__continue_to_epoch_90"",""feature_cache.layer_ids=[6,12,18,24]"",""probe.temporal_attn.num_heads=16"",""probe.temporal_attn.num_self_attn_blocks=1"",""probe.temporal_attn.mlp_ratio=2"",""probe.temporal_attn.dropout=0.20000000000000001"",""feature_cache.include_tokens=true"",""probe.init_checkpoint_path=artifacts/probes/intphys2/seed_runs_layerwise_same_l_attentive_v1/intphys2__same_l__v_jepa_2_1__vit_l_16__temporal_attn__layer_6/seed_101/layer_6/train/probe_last.pt""]",results/seed_runs/seed_manifest_layerwise_same_l_attentive_v1.csv,16,18,ebe157cfa4034722,continuation_from_official_seed_manifest,,artifacts/probes/intphys2/seed_runs_layerwise_same_l_attentive_v1/intphys2__same_l__v_jepa_2_1__vit_l_16__temporal_attn__layer_6/seed_101/layer_6/train/train_summary.json,results/seed_runs/seed_manifest_layerwise_same_l_attentive_v1.csv,16,18,ebe157cfa4034722,artifacts/probes/intphys2/seed_runs_layerwise_same_l_attentive_v1/intphys2__same_l__v_jepa_2_1__vit_l_16__temporal_attn__layer_6/seed_101/layer_6/train,artifacts/probes/intphys2/seed_runs_layerwise_same_l_attentive_v1/intphys2__same_l__v_jepa_2_1__vit_l_16__temporal_attn__layer_6/seed_101/layer_6/train/train_summary.json,1de353cc6e60d56e,artifacts/probes/intphys2/seed_runs_layerwise_same_l_attentive_v1/intphys2__same_l__v_jepa_2_1__vit_l_16__temporal_attn__layer_6/seed_101/layer_6/train/probe_last.pt,67213538,46,26,true,90,44,resume_probe_last_disable_early_stopping_to_target_epoch,artifacts/probes/intphys2/seed_runs_attentive_continued_to_max_epoch_v1/intphys2__same_l__v_jepa_2_1__vit_l_16__temporal_attn__layer_6/seed_101,artifacts/results/intphys2/seed_runs_attentive_continued_to_max_epoch_v1/intphys2__same_l__v_jepa_2_1__vit_l_16__temporal_attn__layer_6/seed_101
intphys2__same_l__v_jepa_2_1__vit_l_16__temporal_attn__layer_6__seed_102__continue_to_epoch_90,intphys2__same_l__v_jepa_2_1__vit_l_16__temporal_attn__layer_6,train_eval.probe.intphys2,IntPhys2,intphys2,same_L,V-JEPA 2.1,ViT-L/16,Attentive,temporal_attn,102,42,jepa_v2_1,vitl_384,6,,6,tokens,1e-4,0.01,2,2,45,false,20,,,16,1,2,0.20000000000000001,cuda,artifacts/probes/intphys2,seed_runs_attentive_continued_to_max_epoch_v1/intphys2__same_l__v_jepa_2_1__vit_l_16__temporal_attn__layer_6/seed_102,artifacts/results/intphys2,seed_runs_attentive_continued_to_max_epoch_v1/intphys2__same_l__v_jepa_2_1__vit_l_16__temporal_attn__layer_6/seed_102,seed_runs_attentive_continued_to_max_epoch_v1_intphys2__same_l__v_jepa_2_1__vit_l_16__temporal_attn__layer_6,intphys2__same_l__v_jepa_2_1__vit_l_16__temporal_attn__layer_6__seed_102__continue_to_epoch_90,pending,,"[""seed=102"",""split.seed=42"",""backbone.name=jepa_v2_1"",""+backbone.kwargs.variant=vitl_384"",""probe.name=temporal_attn"",""probe.layer=6"",""probe.layers=[]"",""probe.feature_view=tokens"",""probe.device=cuda"",""probe.lr=1e-4"",""probe.weight_decay=0.01"",""probe.batch_size=2"",""probe.eval_batch_size=2"",""probe.epochs=45"",""probe.early_stopping.enabled=false"",""probe.early_stopping.patience=20"",""probe.optuna.enabled=false"",""probe.output_dir=artifacts/probes/intphys2"",""probe.output_subdir=seed_runs_attentive_continued_to_max_epoch_v1/intphys2__same_l__v_jepa_2_1__vit_l_16__temporal_attn__layer_6/seed_102"",""probe.eval_output_dir=artifacts/results/intphys2"",""probe.eval_output_subdir=seed_runs_attentive_continued_to_max_epoch_v1/intphys2__same_l__v_jepa_2_1__vit_l_16__temporal_attn__layer_6/seed_102"",""probe.wandb.group=seed_runs_attentive_continued_to_max_epoch_v1_intphys2__same_l__v_jepa_2_1__vit_l_16__temporal_attn__layer_6"",""probe.wandb.name=intphys2__same_l__v_jepa_2_1__vit_l_16__temporal_attn__layer_6__seed_102__continue_to_epoch_90"",""feature_cache.layer_ids=[6,12,18,24]"",""probe.temporal_attn.num_heads=16"",""probe.temporal_attn.num_self_attn_blocks=1"",""probe.temporal_attn.mlp_ratio=2"",""probe.temporal_attn.dropout=0.20000000000000001"",""feature_cache.include_tokens=true"",""probe.init_checkpoint_path=artifacts/probes/intphys2/seed_runs_layerwise_same_l_attentive_v1/intphys2__same_l__v_jepa_2_1__vit_l_16__temporal_attn__layer_6/seed_102/layer_6/train/probe_last.pt""]",results/seed_runs/seed_manifest_layerwise_same_l_attentive_v1.csv,17,19,c0561917a8ea0b31,continuation_from_official_seed_manifest,,artifacts/probes/intphys2/seed_runs_layerwise_same_l_attentive_v1/intphys2__same_l__v_jepa_2_1__vit_l_16__temporal_attn__layer_6/seed_102/layer_6/train/train_summary.json,results/seed_runs/seed_manifest_layerwise_same_l_attentive_v1.csv,17,19,c0561917a8ea0b31,artifacts/probes/intphys2/seed_runs_layerwise_same_l_attentive_v1/intphys2__same_l__v_jepa_2_1__vit_l_16__temporal_attn__layer_6/seed_102/layer_6/train,artifacts/probes/intphys2/seed_runs_layerwise_same_l_attentive_v1/intphys2__same_l__v_jepa_2_1__vit_l_16__temporal_attn__layer_6/seed_102/layer_6/train/train_summary.json,692873f231e4f830,artifacts/probes/intphys2/seed_runs_layerwise_same_l_attentive_v1/intphys2__same_l__v_jepa_2_1__vit_l_16__temporal_attn__layer_6/seed_102/layer_6/train/probe_last.pt,67213538,45,25,true,90,45,resume_probe_last_disable_early_stopping_to_target_epoch,artifacts/probes/intphys2/seed_runs_attentive_continued_to_max_epoch_v1/intphys2__same_l__v_jepa_2_1__vit_l_16__temporal_attn__layer_6/seed_102,artifacts/results/intphys2/seed_runs_attentive_continued_to_max_epoch_v1/intphys2__same_l__v_jepa_2_1__vit_l_16__temporal_attn__layer_6/seed_102
intphys2__same_l__v_jepa_2_1__vit_l_16__temporal_attn__layer_12__seed_101__continue_to_epoch_90,intphys2__same_l__v_jepa_2_1__vit_l_16__temporal_attn__layer_12,train_eval.probe.intphys2,IntPhys2,intphys2,same_L,V-JEPA 2.1,ViT-L/16,Attentive,temporal_attn,101,42,jepa_v2_1,vitl_384,12,,12,tokens,1e-4,0.01,2,2,6,false,20,,,16,1,2,0.20000000000000001,cuda,artifacts/probes/intphys2,seed_runs_attentive_continued_to_max_epoch_v1/intphys2__same_l__v_jepa_2_1__vit_l_16__temporal_attn__layer_12/seed_101,artifacts/results/intphys2,seed_runs_attentive_continued_to_max_epoch_v1/intphys2__same_l__v_jepa_2_1__vit_l_16__temporal_attn__layer_12/seed_101,seed_runs_attentive_continued_to_max_epoch_v1_intphys2__same_l__v_jepa_2_1__vit_l_16__temporal_attn__layer_12,intphys2__same_l__v_jepa_2_1__vit_l_16__temporal_attn__layer_12__seed_101__continue_to_epoch_90,pending,,"[""seed=101"",""split.seed=42"",""backbone.name=jepa_v2_1"",""+backbone.kwargs.variant=vitl_384"",""probe.name=temporal_attn"",""probe.layer=12"",""probe.layers=[]"",""probe.feature_view=tokens"",""probe.device=cuda"",""probe.lr=1e-4"",""probe.weight_decay=0.01"",""probe.batch_size=2"",""probe.eval_batch_size=2"",""probe.epochs=6"",""probe.early_stopping.enabled=false"",""probe.early_stopping.patience=20"",""probe.optuna.enabled=false"",""probe.output_dir=artifacts/probes/intphys2"",""probe.output_subdir=seed_runs_attentive_continued_to_max_epoch_v1/intphys2__same_l__v_jepa_2_1__vit_l_16__temporal_attn__layer_12/seed_101"",""probe.eval_output_dir=artifacts/results/intphys2"",""probe.eval_output_subdir=seed_runs_attentive_continued_to_max_epoch_v1/intphys2__same_l__v_jepa_2_1__vit_l_16__temporal_attn__layer_12/seed_101"",""probe.wandb.group=seed_runs_attentive_continued_to_max_epoch_v1_intphys2__same_l__v_jepa_2_1__vit_l_16__temporal_attn__layer_12"",""probe.wandb.name=intphys2__same_l__v_jepa_2_1__vit_l_16__temporal_attn__layer_12__seed_101__continue_to_epoch_90"",""feature_cache.layer_ids=[6,12,18,24]"",""probe.temporal_attn.num_heads=16"",""probe.temporal_attn.num_self_attn_blocks=1"",""probe.temporal_attn.mlp_ratio=2"",""probe.temporal_attn.dropout=0.20000000000000001"",""feature_cache.include_tokens=true"",""probe.init_checkpoint_path=artifacts/probes/intphys2/seed_runs_layerwise_same_l_attentive_v1/intphys2__same_l__v_jepa_2_1__vit_l_16__temporal_attn__layer_12/seed_101/layer_12/train/probe_last.pt""]",results/seed_runs/seed_manifest_layerwise_same_l_attentive_v1.csv,18,20,429c5ba3202c0419,continuation_from_official_seed_manifest,,artifacts/probes/intphys2/seed_runs_layerwise_same_l_attentive_v1/intphys2__same_l__v_jepa_2_1__vit_l_16__temporal_attn__layer_12/seed_101/layer_12/train/train_summary.json,results/seed_runs/seed_manifest_layerwise_same_l_attentive_v1.csv,18,20,429c5ba3202c0419,artifacts/probes/intphys2/seed_runs_layerwise_same_l_attentive_v1/intphys2__same_l__v_jepa_2_1__vit_l_16__temporal_attn__layer_12/seed_101/layer_12/train,artifacts/probes/intphys2/seed_runs_layerwise_same_l_attentive_v1/intphys2__same_l__v_jepa_2_1__vit_l_16__temporal_attn__layer_12/seed_101/layer_12/train/train_summary.json,ed7328c31db91bce,artifacts/probes/intphys2/seed_runs_layerwise_same_l_attentive_v1/intphys2__same_l__v_jepa_2_1__vit_l_16__temporal_attn__layer_12/seed_101/layer_12/train/probe_last.pt,67213538,84,64,true,90,6,resume_probe_last_disable_early_stopping_to_target_epoch,artifacts/probes/intphys2/seed_runs_attentive_continued_to_max_epoch_v1/intphys2__same_l__v_jepa_2_1__vit_l_16__temporal_attn__layer_12/seed_101,artifacts/results/intphys2/seed_runs_attentive_continued_to_max_epoch_v1/intphys2__same_l__v_jepa_2_1__vit_l_16__temporal_attn__layer_12/seed_101
intphys2__same_l__v_jepa_2_1__vit_l_16__temporal_attn__layer_12__seed_102__continue_to_epoch_90,intphys2__same_l__v_jepa_2_1__vit_l_16__temporal_attn__layer_12,train_eval.probe.intphys2,IntPhys2,intphys2,same_L,V-JEPA 2.1,ViT-L/16,Attentive,temporal_attn,102,42,jepa_v2_1,vitl_384,12,,12,tokens,1e-4,0.01,2,2,60,false,20,,,16,1,2,0.20000000000000001,cuda,artifacts/probes/intphys2,seed_runs_attentive_continued_to_max_epoch_v1/intphys2__same_l__v_jepa_2_1__vit_l_16__temporal_attn__layer_12/seed_102,artifacts/results/intphys2,seed_runs_attentive_continued_to_max_epoch_v1/intphys2__same_l__v_jepa_2_1__vit_l_16__temporal_attn__layer_12/seed_102,seed_runs_attentive_continued_to_max_epoch_v1_intphys2__same_l__v_jepa_2_1__vit_l_16__temporal_attn__layer_12,intphys2__same_l__v_jepa_2_1__vit_l_16__temporal_attn__layer_12__seed_102__continue_to_epoch_90,pending,,"[""seed=102"",""split.seed=42"",""backbone.name=jepa_v2_1"",""+backbone.kwargs.variant=vitl_384"",""probe.name=temporal_attn"",""probe.layer=12"",""probe.layers=[]"",""probe.feature_view=tokens"",""probe.device=cuda"",""probe.lr=1e-4"",""probe.weight_decay=0.01"",""probe.batch_size=2"",""probe.eval_batch_size=2"",""probe.epochs=60"",""probe.early_stopping.enabled=false"",""probe.early_stopping.patience=20"",""probe.optuna.enabled=false"",""probe.output_dir=artifacts/probes/intphys2"",""probe.output_subdir=seed_runs_attentive_continued_to_max_epoch_v1/intphys2__same_l__v_jepa_2_1__vit_l_16__temporal_attn__layer_12/seed_102"",""probe.eval_output_dir=artifacts/results/intphys2"",""probe.eval_output_subdir=seed_runs_attentive_continued_to_max_epoch_v1/intphys2__same_l__v_jepa_2_1__vit_l_16__temporal_attn__layer_12/seed_102"",""probe.wandb.group=seed_runs_attentive_continued_to_max_epoch_v1_intphys2__same_l__v_jepa_2_1__vit_l_16__temporal_attn__layer_12"",""probe.wandb.name=intphys2__same_l__v_jepa_2_1__vit_l_16__temporal_attn__layer_12__seed_102__continue_to_epoch_90"",""feature_cache.layer_ids=[6,12,18,24]"",""probe.temporal_attn.num_heads=16"",""probe.temporal_attn.num_self_attn_blocks=1"",""probe.temporal_attn.mlp_ratio=2"",""probe.temporal_attn.dropout=0.20000000000000001"",""feature_cache.include_tokens=true"",""probe.init_checkpoint_path=artifacts/probes/intphys2/seed_runs_layerwise_same_l_attentive_v1/intphys2__same_l__v_jepa_2_1__vit_l_16__temporal_attn__layer_12/seed_102/layer_12/train/probe_last.pt""]",results/seed_runs/seed_manifest_layerwise_same_l_attentive_v1.csv,19,21,54f132832462a6cd,continuation_from_official_seed_manifest,,artifacts/probes/intphys2/seed_runs_layerwise_same_l_attentive_v1/intphys2__same_l__v_jepa_2_1__vit_l_16__temporal_attn__layer_12/seed_102/layer_12/train/train_summary.json,results/seed_runs/seed_manifest_layerwise_same_l_attentive_v1.csv,19,21,54f132832462a6cd,artifacts/probes/intphys2/seed_runs_layerwise_same_l_attentive_v1/intphys2__same_l__v_jepa_2_1__vit_l_16__temporal_attn__layer_12/seed_102/layer_12/train,artifacts/probes/intphys2/seed_runs_layerwise_same_l_attentive_v1/intphys2__same_l__v_jepa_2_1__vit_l_16__temporal_attn__layer_12/seed_102/layer_12/train/train_summary.json,af9a13f7c8e294bd,artifacts/probes/intphys2/seed_runs_layerwise_same_l_attentive_v1/intphys2__same_l__v_jepa_2_1__vit_l_16__temporal_attn__layer_12/seed_102/layer_12/train/probe_last.pt,67213538,30,10,true,90,60,resume_probe_last_disable_early_stopping_to_target_epoch,artifacts/probes/intphys2/seed_runs_attentive_continued_to_max_epoch_v1/intphys2__same_l__v_jepa_2_1__vit_l_16__temporal_attn__layer_12/seed_102,artifacts/results/intphys2/seed_runs_attentive_continued_to_max_epoch_v1/intphys2__same_l__v_jepa_2_1__vit_l_16__temporal_attn__layer_12/seed_102
intphys2__same_l__v_jepa_2_1__vit_l_16__temporal_attn__layer_18__seed_101__continue_to_epoch_90,intphys2__same_l__v_jepa_2_1__vit_l_16__temporal_attn__layer_18,train_eval.probe.intphys2,IntPhys2,intphys2,same_L,V-JEPA 2.1,ViT-L/16,Attentive,temporal_attn,101,42,jepa_v2_1,vitl_384,18,,18,tokens,5e-5,0.01,2,2,28,false,20,,,16,1,2,0.20000000000000001,cuda,artifacts/probes/intphys2,seed_runs_attentive_continued_to_max_epoch_v1/intphys2__same_l__v_jepa_2_1__vit_l_16__temporal_attn__layer_18/seed_101,artifacts/results/intphys2,seed_runs_attentive_continued_to_max_epoch_v1/intphys2__same_l__v_jepa_2_1__vit_l_16__temporal_attn__layer_18/seed_101,seed_runs_attentive_continued_to_max_epoch_v1_intphys2__same_l__v_jepa_2_1__vit_l_16__temporal_attn__layer_18,intphys2__same_l__v_jepa_2_1__vit_l_16__temporal_attn__layer_18__seed_101__continue_to_epoch_90,pending,,"[""seed=101"",""split.seed=42"",""backbone.name=jepa_v2_1"",""+backbone.kwargs.variant=vitl_384"",""probe.name=temporal_attn"",""probe.layer=18"",""probe.layers=[]"",""probe.feature_view=tokens"",""probe.device=cuda"",""probe.lr=5e-5"",""probe.weight_decay=0.01"",""probe.batch_size=2"",""probe.eval_batch_size=2"",""probe.epochs=28"",""probe.early_stopping.enabled=false"",""probe.early_stopping.patience=20"",""probe.optuna.enabled=false"",""probe.output_dir=artifacts/probes/intphys2"",""probe.output_subdir=seed_runs_attentive_continued_to_max_epoch_v1/intphys2__same_l__v_jepa_2_1__vit_l_16__temporal_attn__layer_18/seed_101"",""probe.eval_output_dir=artifacts/results/intphys2"",""probe.eval_output_subdir=seed_runs_attentive_continued_to_max_epoch_v1/intphys2__same_l__v_jepa_2_1__vit_l_16__temporal_attn__layer_18/seed_101"",""probe.wandb.group=seed_runs_attentive_continued_to_max_epoch_v1_intphys2__same_l__v_jepa_2_1__vit_l_16__temporal_attn__layer_18"",""probe.wandb.name=intphys2__same_l__v_jepa_2_1__vit_l_16__temporal_attn__layer_18__seed_101__continue_to_epoch_90"",""feature_cache.layer_ids=[6,12,18,24]"",""probe.temporal_attn.num_heads=16"",""probe.temporal_attn.num_self_attn_blocks=1"",""probe.temporal_attn.mlp_ratio=2"",""probe.temporal_attn.dropout=0.20000000000000001"",""feature_cache.include_tokens=true"",""probe.init_checkpoint_path=artifacts/probes/intphys2/seed_runs_layerwise_same_l_attentive_v1/intphys2__same_l__v_jepa_2_1__vit_l_16__temporal_attn__layer_18/seed_101/layer_18/train/probe_last.pt""]",results/seed_runs/seed_manifest_layerwise_same_l_attentive_v1.csv,20,22,7157208393a2c1fc,continuation_from_official_seed_manifest,,artifacts/probes/intphys2/seed_runs_layerwise_same_l_attentive_v1/intphys2__same_l__v_jepa_2_1__vit_l_16__temporal_attn__layer_18/seed_101/layer_18/train/train_summary.json,results/seed_runs/seed_manifest_layerwise_same_l_attentive_v1.csv,20,22,7157208393a2c1fc,artifacts/probes/intphys2/seed_runs_layerwise_same_l_attentive_v1/intphys2__same_l__v_jepa_2_1__vit_l_16__temporal_attn__layer_18/seed_101/layer_18/train,artifacts/probes/intphys2/seed_runs_layerwise_same_l_attentive_v1/intphys2__same_l__v_jepa_2_1__vit_l_16__temporal_attn__layer_18/seed_101/layer_18/train/train_summary.json,2c45d27d062bc6cf,artifacts/probes/intphys2/seed_runs_layerwise_same_l_attentive_v1/intphys2__same_l__v_jepa_2_1__vit_l_16__temporal_attn__layer_18/seed_101/layer_18/train/probe_last.pt,67213538,62,42,true,90,28,resume_probe_last_disable_early_stopping_to_target_epoch,artifacts/probes/intphys2/seed_runs_attentive_continued_to_max_epoch_v1/intphys2__same_l__v_jepa_2_1__vit_l_16__temporal_attn__layer_18/seed_101,artifacts/results/intphys2/seed_runs_attentive_continued_to_max_epoch_v1/intphys2__same_l__v_jepa_2_1__vit_l_16__temporal_attn__layer_18/seed_101
intphys2__same_l__v_jepa_2_1__vit_l_16__temporal_attn__layer_24__seed_101__continue_to_epoch_90,intphys2__same_l__v_jepa_2_1__vit_l_16__temporal_attn__layer_24,train_eval.probe.intphys2,IntPhys2,intphys2,same_L,V-JEPA 2.1,ViT-L/16,Attentive,temporal_attn,101,42,jepa_v2_1,vitl_384,24,,24,tokens,5e-5,0.01,2,2,8,false,20,,,16,1,2,0.20000000000000001,cuda,artifacts/probes/intphys2,seed_runs_attentive_continued_to_max_epoch_v1/intphys2__same_l__v_jepa_2_1__vit_l_16__temporal_attn__layer_24/seed_101,artifacts/results/intphys2,seed_runs_attentive_continued_to_max_epoch_v1/intphys2__same_l__v_jepa_2_1__vit_l_16__temporal_attn__layer_24/seed_101,seed_runs_attentive_continued_to_max_epoch_v1_intphys2__same_l__v_jepa_2_1__vit_l_16__temporal_attn__layer_24,intphys2__same_l__v_jepa_2_1__vit_l_16__temporal_attn__layer_24__seed_101__continue_to_epoch_90,pending,,"[""seed=101"",""split.seed=42"",""backbone.name=jepa_v2_1"",""+backbone.kwargs.variant=vitl_384"",""probe.name=temporal_attn"",""probe.layer=24"",""probe.layers=[]"",""probe.feature_view=tokens"",""probe.device=cuda"",""probe.lr=5e-5"",""probe.weight_decay=0.01"",""probe.batch_size=2"",""probe.eval_batch_size=2"",""probe.epochs=8"",""probe.early_stopping.enabled=false"",""probe.early_stopping.patience=20"",""probe.optuna.enabled=false"",""probe.output_dir=artifacts/probes/intphys2"",""probe.output_subdir=seed_runs_attentive_continued_to_max_epoch_v1/intphys2__same_l__v_jepa_2_1__vit_l_16__temporal_attn__layer_24/seed_101"",""probe.eval_output_dir=artifacts/results/intphys2"",""probe.eval_output_subdir=seed_runs_attentive_continued_to_max_epoch_v1/intphys2__same_l__v_jepa_2_1__vit_l_16__temporal_attn__layer_24/seed_101"",""probe.wandb.group=seed_runs_attentive_continued_to_max_epoch_v1_intphys2__same_l__v_jepa_2_1__vit_l_16__temporal_attn__layer_24"",""probe.wandb.name=intphys2__same_l__v_jepa_2_1__vit_l_16__temporal_attn__layer_24__seed_101__continue_to_epoch_90"",""feature_cache.layer_ids=[6,12,18,24]"",""probe.temporal_attn.num_heads=16"",""probe.temporal_attn.num_self_attn_blocks=1"",""probe.temporal_attn.mlp_ratio=2"",""probe.temporal_attn.dropout=0.20000000000000001"",""feature_cache.include_tokens=true"",""probe.init_checkpoint_path=artifacts/probes/intphys2/seed_runs_layerwise_same_l_attentive_v1/intphys2__same_l__v_jepa_2_1__vit_l_16__temporal_attn__layer_24/seed_101/layer_24/train/probe_last.pt""]",results/seed_runs/seed_manifest_layerwise_same_l_attentive_v1.csv,22,24,84468010a2a170c1,continuation_from_official_seed_manifest,,artifacts/probes/intphys2/seed_runs_layerwise_same_l_attentive_v1/intphys2__same_l__v_jepa_2_1__vit_l_16__temporal_attn__layer_24/seed_101/layer_24/train/train_summary.json,results/seed_runs/seed_manifest_layerwise_same_l_attentive_v1.csv,22,24,84468010a2a170c1,artifacts/probes/intphys2/seed_runs_layerwise_same_l_attentive_v1/intphys2__same_l__v_jepa_2_1__vit_l_16__temporal_attn__layer_24/seed_101/layer_24/train,artifacts/probes/intphys2/seed_runs_layerwise_same_l_attentive_v1/intphys2__same_l__v_jepa_2_1__vit_l_16__temporal_attn__layer_24/seed_101/layer_24/train/train_summary.json,6b392b12c99a0a46,artifacts/probes/intphys2/seed_runs_layerwise_same_l_attentive_v1/intphys2__same_l__v_jepa_2_1__vit_l_16__temporal_attn__layer_24/seed_101/layer_24/train/probe_last.pt,67213538,82,62,true,90,8,resume_probe_last_disable_early_stopping_to_target_epoch,artifacts/probes/intphys2/seed_runs_attentive_continued_to_max_epoch_v1/intphys2__same_l__v_jepa_2_1__vit_l_16__temporal_attn__layer_24/seed_101,artifacts/results/intphys2/seed_runs_attentive_continued_to_max_epoch_v1/intphys2__same_l__v_jepa_2_1__vit_l_16__temporal_attn__layer_24/seed_101
intphys2__same_l__videomae__vit_l_16__temporal_attn__layer_6__seed_101__continue_to_epoch_90,intphys2__same_l__videomae__vit_l_16__temporal_attn__layer_6,train_eval.probe.intphys2,IntPhys2,intphys2,same_L,VideoMAE,ViT-L/16,Attentive,temporal_attn,101,42,videomae,vit_large_16_224,6,,6,tokens,5e-4,0.01,1,1,44,false,20,,,16,1,2,0.20000000000000001,cuda,artifacts/probes/intphys2,seed_runs_attentive_continued_to_max_epoch_v1/intphys2__same_l__videomae__vit_l_16__temporal_attn__layer_6/seed_101,artifacts/results/intphys2,seed_runs_attentive_continued_to_max_epoch_v1/intphys2__same_l__videomae__vit_l_16__temporal_attn__layer_6/seed_101,seed_runs_attentive_continued_to_max_epoch_v1_intphys2__same_l__videomae__vit_l_16__temporal_attn__layer_6,intphys2__same_l__videomae__vit_l_16__temporal_attn__layer_6__seed_101__continue_to_epoch_90,pending,,"[""seed=101"",""split.seed=42"",""backbone.name=videomae"",""+backbone.kwargs.variant=vit_large_16_224"",""probe.name=temporal_attn"",""probe.layer=6"",""probe.layers=[]"",""probe.feature_view=tokens"",""probe.device=cuda"",""probe.lr=5e-4"",""probe.weight_decay=0.01"",""probe.batch_size=1"",""probe.eval_batch_size=1"",""probe.epochs=44"",""probe.early_stopping.enabled=false"",""probe.early_stopping.patience=20"",""probe.optuna.enabled=false"",""probe.output_dir=artifacts/probes/intphys2"",""probe.output_subdir=seed_runs_attentive_continued_to_max_epoch_v1/intphys2__same_l__videomae__vit_l_16__temporal_attn__layer_6/seed_101"",""probe.eval_output_dir=artifacts/results/intphys2"",""probe.eval_output_subdir=seed_runs_attentive_continued_to_max_epoch_v1/intphys2__same_l__videomae__vit_l_16__temporal_attn__layer_6/seed_101"",""probe.wandb.group=seed_runs_attentive_continued_to_max_epoch_v1_intphys2__same_l__videomae__vit_l_16__temporal_attn__layer_6"",""probe.wandb.name=intphys2__same_l__videomae__vit_l_16__temporal_attn__layer_6__seed_101__continue_to_epoch_90"",""feature_cache.layer_ids=[6,12,18,24]"",""probe.temporal_attn.num_heads=16"",""probe.temporal_attn.num_self_attn_blocks=1"",""probe.temporal_attn.mlp_ratio=2"",""probe.temporal_attn.dropout=0.20000000000000001"",""feature_cache.include_tokens=true"",""probe.init_checkpoint_path=artifacts/probes/intphys2/seed_runs_layerwise_same_l_attentive_v1/intphys2__same_l__videomae__vit_l_16__temporal_attn__layer_6/seed_101/layer_6/train/probe_last.pt""]",results/seed_runs/seed_manifest_layerwise_same_l_attentive_v1.csv,24,26,bacaa77963cb121d,continuation_from_official_seed_manifest,,artifacts/probes/intphys2/seed_runs_layerwise_same_l_attentive_v1/intphys2__same_l__videomae__vit_l_16__temporal_attn__layer_6/seed_101/layer_6/train/train_summary.json,results/seed_runs/seed_manifest_layerwise_same_l_attentive_v1.csv,24,26,bacaa77963cb121d,artifacts/probes/intphys2/seed_runs_layerwise_same_l_attentive_v1/intphys2__same_l__videomae__vit_l_16__temporal_attn__layer_6/seed_101/layer_6/train,artifacts/probes/intphys2/seed_runs_layerwise_same_l_attentive_v1/intphys2__same_l__videomae__vit_l_16__temporal_attn__layer_6/seed_101/layer_6/train/train_summary.json,0d31f5ff07371d56,artifacts/probes/intphys2/seed_runs_layerwise_same_l_attentive_v1/intphys2__same_l__videomae__vit_l_16__temporal_attn__layer_6/seed_101/layer_6/train/probe_last.pt,67213538,46,26,true,90,44,resume_probe_last_disable_early_stopping_to_target_epoch,artifacts/probes/intphys2/seed_runs_attentive_continued_to_max_epoch_v1/intphys2__same_l__videomae__vit_l_16__temporal_attn__layer_6/seed_101,artifacts/results/intphys2/seed_runs_attentive_continued_to_max_epoch_v1/intphys2__same_l__videomae__vit_l_16__temporal_attn__layer_6/seed_101
intphys2__same_l__videomae__vit_l_16__temporal_attn__layer_6__seed_102__continue_to_epoch_90,intphys2__same_l__videomae__vit_l_16__temporal_attn__layer_6,train_eval.probe.intphys2,IntPhys2,intphys2,same_L,VideoMAE,ViT-L/16,Attentive,temporal_attn,102,42,videomae,vit_large_16_224,6,,6,tokens,5e-4,0.01,1,1,49,false,20,,,16,1,2,0.20000000000000001,cuda,artifacts/probes/intphys2,seed_runs_attentive_continued_to_max_epoch_v1/intphys2__same_l__videomae__vit_l_16__temporal_attn__layer_6/seed_102,artifacts/results/intphys2,seed_runs_attentive_continued_to_max_epoch_v1/intphys2__same_l__videomae__vit_l_16__temporal_attn__layer_6/seed_102,seed_runs_attentive_continued_to_max_epoch_v1_intphys2__same_l__videomae__vit_l_16__temporal_attn__layer_6,intphys2__same_l__videomae__vit_l_16__temporal_attn__layer_6__seed_102__continue_to_epoch_90,pending,,"[""seed=102"",""split.seed=42"",""backbone.name=videomae"",""+backbone.kwargs.variant=vit_large_16_224"",""probe.name=temporal_attn"",""probe.layer=6"",""probe.layers=[]"",""probe.feature_view=tokens"",""probe.device=cuda"",""probe.lr=5e-4"",""probe.weight_decay=0.01"",""probe.batch_size=1"",""probe.eval_batch_size=1"",""probe.epochs=49"",""probe.early_stopping.enabled=false"",""probe.early_stopping.patience=20"",""probe.optuna.enabled=false"",""probe.output_dir=artifacts/probes/intphys2"",""probe.output_subdir=seed_runs_attentive_continued_to_max_epoch_v1/intphys2__same_l__videomae__vit_l_16__temporal_attn__layer_6/seed_102"",""probe.eval_output_dir=artifacts/results/intphys2"",""probe.eval_output_subdir=seed_runs_attentive_continued_to_max_epoch_v1/intphys2__same_l__videomae__vit_l_16__temporal_attn__layer_6/seed_102"",""probe.wandb.group=seed_runs_attentive_continued_to_max_epoch_v1_intphys2__same_l__videomae__vit_l_16__temporal_attn__layer_6"",""probe.wandb.name=intphys2__same_l__videomae__vit_l_16__temporal_attn__layer_6__seed_102__continue_to_epoch_90"",""feature_cache.layer_ids=[6,12,18,24]"",""probe.temporal_attn.num_heads=16"",""probe.temporal_attn.num_self_attn_blocks=1"",""probe.temporal_attn.mlp_ratio=2"",""probe.temporal_attn.dropout=0.20000000000000001"",""feature_cache.include_tokens=true"",""probe.init_checkpoint_path=artifacts/probes/intphys2/seed_runs_layerwise_same_l_attentive_v1/intphys2__same_l__videomae__vit_l_16__temporal_attn__layer_6/seed_102/layer_6/train/probe_last.pt""]",results/seed_runs/seed_manifest_layerwise_same_l_attentive_v1.csv,25,27,fe67baa010350694,continuation_from_official_seed_manifest,,artifacts/probes/intphys2/seed_runs_layerwise_same_l_attentive_v1/intphys2__same_l__videomae__vit_l_16__temporal_attn__layer_6/seed_102/layer_6/train/train_summary.json,results/seed_runs/seed_manifest_layerwise_same_l_attentive_v1.csv,25,27,fe67baa010350694,artifacts/probes/intphys2/seed_runs_layerwise_same_l_attentive_v1/intphys2__same_l__videomae__vit_l_16__temporal_attn__layer_6/seed_102/layer_6/train,artifacts/probes/intphys2/seed_runs_layerwise_same_l_attentive_v1/intphys2__same_l__videomae__vit_l_16__temporal_attn__layer_6/seed_102/layer_6/train/train_summary.json,6744de8e07bf84ec,artifacts/probes/intphys2/seed_runs_layerwise_same_l_attentive_v1/intphys2__same_l__videomae__vit_l_16__temporal_attn__layer_6/seed_102/layer_6/train/probe_last.pt,67213538,41,21,true,90,49,resume_probe_last_disable_early_stopping_to_target_epoch,artifacts/probes/intphys2/seed_runs_attentive_continued_to_max_epoch_v1/intphys2__same_l__videomae__vit_l_16__temporal_attn__layer_6/seed_102,artifacts/results/intphys2/seed_runs_attentive_continued_to_max_epoch_v1/intphys2__same_l__videomae__vit_l_16__temporal_attn__layer_6/seed_102
intphys2__same_l__videomae__vit_l_16__temporal_attn__layer_12__seed_101__continue_to_epoch_90,intphys2__same_l__videomae__vit_l_16__temporal_attn__layer_12,train_eval.probe.intphys2,IntPhys2,intphys2,same_L,VideoMAE,ViT-L/16,Attentive,temporal_attn,101,42,videomae,vit_large_16_224,12,,12,tokens,5e-4,0.01,1,1,34,false,20,,,16,1,2,0.20000000000000001,cuda,artifacts/probes/intphys2,seed_runs_attentive_continued_to_max_epoch_v1/intphys2__same_l__videomae__vit_l_16__temporal_attn__layer_12/seed_101,artifacts/results/intphys2,seed_runs_attentive_continued_to_max_epoch_v1/intphys2__same_l__videomae__vit_l_16__temporal_attn__layer_12/seed_101,seed_runs_attentive_continued_to_max_epoch_v1_intphys2__same_l__videomae__vit_l_16__temporal_attn__layer_12,intphys2__same_l__videomae__vit_l_16__temporal_attn__layer_12__seed_101__continue_to_epoch_90,pending,,"[""seed=101"",""split.seed=42"",""backbone.name=videomae"",""+backbone.kwargs.variant=vit_large_16_224"",""probe.name=temporal_attn"",""probe.layer=12"",""probe.layers=[]"",""probe.feature_view=tokens"",""probe.device=cuda"",""probe.lr=5e-4"",""probe.weight_decay=0.01"",""probe.batch_size=1"",""probe.eval_batch_size=1"",""probe.epochs=34"",""probe.early_stopping.enabled=false"",""probe.early_stopping.patience=20"",""probe.optuna.enabled=false"",""probe.output_dir=artifacts/probes/intphys2"",""probe.output_subdir=seed_runs_attentive_continued_to_max_epoch_v1/intphys2__same_l__videomae__vit_l_16__temporal_attn__layer_12/seed_101"",""probe.eval_output_dir=artifacts/results/intphys2"",""probe.eval_output_subdir=seed_runs_attentive_continued_to_max_epoch_v1/intphys2__same_l__videomae__vit_l_16__temporal_attn__layer_12/seed_101"",""probe.wandb.group=seed_runs_attentive_continued_to_max_epoch_v1_intphys2__same_l__videomae__vit_l_16__temporal_attn__layer_12"",""probe.wandb.name=intphys2__same_l__videomae__vit_l_16__temporal_attn__layer_12__seed_101__continue_to_epoch_90"",""feature_cache.layer_ids=[6,12,18,24]"",""probe.temporal_attn.num_heads=16"",""probe.temporal_attn.num_self_attn_blocks=1"",""probe.temporal_attn.mlp_ratio=2"",""probe.temporal_attn.dropout=0.20000000000000001"",""feature_cache.include_tokens=true"",""probe.init_checkpoint_path=artifacts/probes/intphys2/seed_runs_layerwise_same_l_attentive_v1/intphys2__same_l__videomae__vit_l_16__temporal_attn__layer_12/seed_101/layer_12/train/probe_last.pt""]",results/seed_runs/seed_manifest_layerwise_same_l_attentive_v1.csv,26,28,146602186e43c67e,continuation_from_official_seed_manifest,,artifacts/probes/intphys2/seed_runs_layerwise_same_l_attentive_v1/intphys2__same_l__videomae__vit_l_16__temporal_attn__layer_12/seed_101/layer_12/train/train_summary.json,results/seed_runs/seed_manifest_layerwise_same_l_attentive_v1.csv,26,28,146602186e43c67e,artifacts/probes/intphys2/seed_runs_layerwise_same_l_attentive_v1/intphys2__same_l__videomae__vit_l_16__temporal_attn__layer_12/seed_101/layer_12/train,artifacts/probes/intphys2/seed_runs_layerwise_same_l_attentive_v1/intphys2__same_l__videomae__vit_l_16__temporal_attn__layer_12/seed_101/layer_12/train/train_summary.json,fd784fcf6ae50704,artifacts/probes/intphys2/seed_runs_layerwise_same_l_attentive_v1/intphys2__same_l__videomae__vit_l_16__temporal_attn__layer_12/seed_101/layer_12/train/probe_last.pt,67213538,56,36,true,90,34,resume_probe_last_disable_early_stopping_to_target_epoch,artifacts/probes/intphys2/seed_runs_attentive_continued_to_max_epoch_v1/intphys2__same_l__videomae__vit_l_16__temporal_attn__layer_12/seed_101,artifacts/results/intphys2/seed_runs_attentive_continued_to_max_epoch_v1/intphys2__same_l__videomae__vit_l_16__temporal_attn__layer_12/seed_101
intphys2__same_l__videomae__vit_l_16__temporal_attn__layer_12__seed_102__continue_to_epoch_90,intphys2__same_l__videomae__vit_l_16__temporal_attn__layer_12,train_eval.probe.intphys2,IntPhys2,intphys2,same_L,VideoMAE,ViT-L/16,Attentive,temporal_attn,102,42,videomae,vit_large_16_224,12,,12,tokens,5e-4,0.01,1,1,43,false,20,,,16,1,2,0.20000000000000001,cuda,artifacts/probes/intphys2,seed_runs_attentive_continued_to_max_epoch_v1/intphys2__same_l__videomae__vit_l_16__temporal_attn__layer_12/seed_102,artifacts/results/intphys2,seed_runs_attentive_continued_to_max_epoch_v1/intphys2__same_l__videomae__vit_l_16__temporal_attn__layer_12/seed_102,seed_runs_attentive_continued_to_max_epoch_v1_intphys2__same_l__videomae__vit_l_16__temporal_attn__layer_12,intphys2__same_l__videomae__vit_l_16__temporal_attn__layer_12__seed_102__continue_to_epoch_90,pending,,"[""seed=102"",""split.seed=42"",""backbone.name=videomae"",""+backbone.kwargs.variant=vit_large_16_224"",""probe.name=temporal_attn"",""probe.layer=12"",""probe.layers=[]"",""probe.feature_view=tokens"",""probe.device=cuda"",""probe.lr=5e-4"",""probe.weight_decay=0.01"",""probe.batch_size=1"",""probe.eval_batch_size=1"",""probe.epochs=43"",""probe.early_stopping.enabled=false"",""probe.early_stopping.patience=20"",""probe.optuna.enabled=false"",""probe.output_dir=artifacts/probes/intphys2"",""probe.output_subdir=seed_runs_attentive_continued_to_max_epoch_v1/intphys2__same_l__videomae__vit_l_16__temporal_attn__layer_12/seed_102"",""probe.eval_output_dir=artifacts/results/intphys2"",""probe.eval_output_subdir=seed_runs_attentive_continued_to_max_epoch_v1/intphys2__same_l__videomae__vit_l_16__temporal_attn__layer_12/seed_102"",""probe.wandb.group=seed_runs_attentive_continued_to_max_epoch_v1_intphys2__same_l__videomae__vit_l_16__temporal_attn__layer_12"",""probe.wandb.name=intphys2__same_l__videomae__vit_l_16__temporal_attn__layer_12__seed_102__continue_to_epoch_90"",""feature_cache.layer_ids=[6,12,18,24]"",""probe.temporal_attn.num_heads=16"",""probe.temporal_attn.num_self_attn_blocks=1"",""probe.temporal_attn.mlp_ratio=2"",""probe.temporal_attn.dropout=0.20000000000000001"",""feature_cache.include_tokens=true"",""probe.init_checkpoint_path=artifacts/probes/intphys2/seed_runs_layerwise_same_l_attentive_v1/intphys2__same_l__videomae__vit_l_16__temporal_attn__layer_12/seed_102/layer_12/train/probe_last.pt""]",results/seed_runs/seed_manifest_layerwise_same_l_attentive_v1.csv,27,29,68c50e9dc3862eeb,continuation_from_official_seed_manifest,,artifacts/probes/intphys2/seed_runs_layerwise_same_l_attentive_v1/intphys2__same_l__videomae__vit_l_16__temporal_attn__layer_12/seed_102/layer_12/train/train_summary.json,results/seed_runs/seed_manifest_layerwise_same_l_attentive_v1.csv,27,29,68c50e9dc3862eeb,artifacts/probes/intphys2/seed_runs_layerwise_same_l_attentive_v1/intphys2__same_l__videomae__vit_l_16__temporal_attn__layer_12/seed_102/layer_12/train,artifacts/probes/intphys2/seed_runs_layerwise_same_l_attentive_v1/intphys2__same_l__videomae__vit_l_16__temporal_attn__layer_12/seed_102/layer_12/train/train_summary.json,1f3625813a4de4b7,artifacts/probes/intphys2/seed_runs_layerwise_same_l_attentive_v1/intphys2__same_l__videomae__vit_l_16__temporal_attn__layer_12/seed_102/layer_12/train/probe_last.pt,67213538,47,27,true,90,43,resume_probe_last_disable_early_stopping_to_target_epoch,artifacts/probes/intphys2/seed_runs_attentive_continued_to_max_epoch_v1/intphys2__same_l__videomae__vit_l_16__temporal_attn__layer_12/seed_102,artifacts/results/intphys2/seed_runs_attentive_continued_to_max_epoch_v1/intphys2__same_l__videomae__vit_l_16__temporal_attn__layer_12/seed_102
intphys2__same_l__videomae__vit_l_16__temporal_attn__layer_18__seed_101__continue_to_epoch_90,intphys2__same_l__videomae__vit_l_16__temporal_attn__layer_18,train_eval.probe.intphys2,IntPhys2,intphys2,same_L,VideoMAE,ViT-L/16,Attentive,temporal_attn,101,42,videomae,vit_large_16_224,18,,18,tokens,5e-5,0.01,1,1,22,false,20,,,16,1,2,0.20000000000000001,cuda,artifacts/probes/intphys2,seed_runs_attentive_continued_to_max_epoch_v1/intphys2__same_l__videomae__vit_l_16__temporal_attn__layer_18/seed_101,artifacts/results/intphys2,seed_runs_attentive_continued_to_max_epoch_v1/intphys2__same_l__videomae__vit_l_16__temporal_attn__layer_18/seed_101,seed_runs_attentive_continued_to_max_epoch_v1_intphys2__same_l__videomae__vit_l_16__temporal_attn__layer_18,intphys2__same_l__videomae__vit_l_16__temporal_attn__layer_18__seed_101__continue_to_epoch_90,pending,,"[""seed=101"",""split.seed=42"",""backbone.name=videomae"",""+backbone.kwargs.variant=vit_large_16_224"",""probe.name=temporal_attn"",""probe.layer=18"",""probe.layers=[]"",""probe.feature_view=tokens"",""probe.device=cuda"",""probe.lr=5e-5"",""probe.weight_decay=0.01"",""probe.batch_size=1"",""probe.eval_batch_size=1"",""probe.epochs=22"",""probe.early_stopping.enabled=false"",""probe.early_stopping.patience=20"",""probe.optuna.enabled=false"",""probe.output_dir=artifacts/probes/intphys2"",""probe.output_subdir=seed_runs_attentive_continued_to_max_epoch_v1/intphys2__same_l__videomae__vit_l_16__temporal_attn__layer_18/seed_101"",""probe.eval_output_dir=artifacts/results/intphys2"",""probe.eval_output_subdir=seed_runs_attentive_continued_to_max_epoch_v1/intphys2__same_l__videomae__vit_l_16__temporal_attn__layer_18/seed_101"",""probe.wandb.group=seed_runs_attentive_continued_to_max_epoch_v1_intphys2__same_l__videomae__vit_l_16__temporal_attn__layer_18"",""probe.wandb.name=intphys2__same_l__videomae__vit_l_16__temporal_attn__layer_18__seed_101__continue_to_epoch_90"",""feature_cache.layer_ids=[6,12,18,24]"",""probe.temporal_attn.num_heads=16"",""probe.temporal_attn.num_self_attn_blocks=1"",""probe.temporal_attn.mlp_ratio=2"",""probe.temporal_attn.dropout=0.20000000000000001"",""feature_cache.include_tokens=true"",""probe.init_checkpoint_path=artifacts/probes/intphys2/seed_runs_layerwise_same_l_attentive_v1/intphys2__same_l__videomae__vit_l_16__temporal_attn__layer_18/seed_101/layer_18/train/probe_last.pt""]",results/seed_runs/seed_manifest_layerwise_same_l_attentive_v1.csv,28,30,0065e75621e42375,continuation_from_official_seed_manifest,,artifacts/probes/intphys2/seed_runs_layerwise_same_l_attentive_v1/intphys2__same_l__videomae__vit_l_16__temporal_attn__layer_18/seed_101/layer_18/train/train_summary.json,results/seed_runs/seed_manifest_layerwise_same_l_attentive_v1.csv,28,30,0065e75621e42375,artifacts/probes/intphys2/seed_runs_layerwise_same_l_attentive_v1/intphys2__same_l__videomae__vit_l_16__temporal_attn__layer_18/seed_101/layer_18/train,artifacts/probes/intphys2/seed_runs_layerwise_same_l_attentive_v1/intphys2__same_l__videomae__vit_l_16__temporal_attn__layer_18/seed_101/layer_18/train/train_summary.json,3af21f10d346b3f2,artifacts/probes/intphys2/seed_runs_layerwise_same_l_attentive_v1/intphys2__same_l__videomae__vit_l_16__temporal_attn__layer_18/seed_101/layer_18/train/probe_last.pt,67213538,68,48,true,90,22,resume_probe_last_disable_early_stopping_to_target_epoch,artifacts/probes/intphys2/seed_runs_attentive_continued_to_max_epoch_v1/intphys2__same_l__videomae__vit_l_16__temporal_attn__layer_18/seed_101,artifacts/results/intphys2/seed_runs_attentive_continued_to_max_epoch_v1/intphys2__same_l__videomae__vit_l_16__temporal_attn__layer_18/seed_101
intphys2__same_l__videomae__vit_l_16__temporal_attn__layer_18__seed_102__continue_to_epoch_90,intphys2__same_l__videomae__vit_l_16__temporal_attn__layer_18,train_eval.probe.intphys2,IntPhys2,intphys2,same_L,VideoMAE,ViT-L/16,Attentive,temporal_attn,102,42,videomae,vit_large_16_224,18,,18,tokens,5e-5,0.01,1,1,11,false,20,,,16,1,2,0.20000000000000001,cuda,artifacts/probes/intphys2,seed_runs_attentive_continued_to_max_epoch_v1/intphys2__same_l__videomae__vit_l_16__temporal_attn__layer_18/seed_102,artifacts/results/intphys2,seed_runs_attentive_continued_to_max_epoch_v1/intphys2__same_l__videomae__vit_l_16__temporal_attn__layer_18/seed_102,seed_runs_attentive_continued_to_max_epoch_v1_intphys2__same_l__videomae__vit_l_16__temporal_attn__layer_18,intphys2__same_l__videomae__vit_l_16__temporal_attn__layer_18__seed_102__continue_to_epoch_90,pending,,"[""seed=102"",""split.seed=42"",""backbone.name=videomae"",""+backbone.kwargs.variant=vit_large_16_224"",""probe.name=temporal_attn"",""probe.layer=18"",""probe.layers=[]"",""probe.feature_view=tokens"",""probe.device=cuda"",""probe.lr=5e-5"",""probe.weight_decay=0.01"",""probe.batch_size=1"",""probe.eval_batch_size=1"",""probe.epochs=11"",""probe.early_stopping.enabled=false"",""probe.early_stopping.patience=20"",""probe.optuna.enabled=false"",""probe.output_dir=artifacts/probes/intphys2"",""probe.output_subdir=seed_runs_attentive_continued_to_max_epoch_v1/intphys2__same_l__videomae__vit_l_16__temporal_attn__layer_18/seed_102"",""probe.eval_output_dir=artifacts/results/intphys2"",""probe.eval_output_subdir=seed_runs_attentive_continued_to_max_epoch_v1/intphys2__same_l__videomae__vit_l_16__temporal_attn__layer_18/seed_102"",""probe.wandb.group=seed_runs_attentive_continued_to_max_epoch_v1_intphys2__same_l__videomae__vit_l_16__temporal_attn__layer_18"",""probe.wandb.name=intphys2__same_l__videomae__vit_l_16__temporal_attn__layer_18__seed_102__continue_to_epoch_90"",""feature_cache.layer_ids=[6,12,18,24]"",""probe.temporal_attn.num_heads=16"",""probe.temporal_attn.num_self_attn_blocks=1"",""probe.temporal_attn.mlp_ratio=2"",""probe.temporal_attn.dropout=0.20000000000000001"",""feature_cache.include_tokens=true"",""probe.init_checkpoint_path=artifacts/probes/intphys2/seed_runs_layerwise_same_l_attentive_v1/intphys2__same_l__videomae__vit_l_16__temporal_attn__layer_18/seed_102/layer_18/train/probe_last.pt""]",results/seed_runs/seed_manifest_layerwise_same_l_attentive_v1.csv,29,31,c2d4041c3ef7a470,continuation_from_official_seed_manifest,,artifacts/probes/intphys2/seed_runs_layerwise_same_l_attentive_v1/intphys2__same_l__videomae__vit_l_16__temporal_attn__layer_18/seed_102/layer_18/train/train_summary.json,results/seed_runs/seed_manifest_layerwise_same_l_attentive_v1.csv,29,31,c2d4041c3ef7a470,artifacts/probes/intphys2/seed_runs_layerwise_same_l_attentive_v1/intphys2__same_l__videomae__vit_l_16__temporal_attn__layer_18/seed_102/layer_18/train,artifacts/probes/intphys2/seed_runs_layerwise_same_l_attentive_v1/intphys2__same_l__videomae__vit_l_16__temporal_attn__layer_18/seed_102/layer_18/train/train_summary.json,d73215dac6d2adee,artifacts/probes/intphys2/seed_runs_layerwise_same_l_attentive_v1/intphys2__same_l__videomae__vit_l_16__temporal_attn__layer_18/seed_102/layer_18/train/probe_last.pt,67213538,79,59,true,90,11,resume_probe_last_disable_early_stopping_to_target_epoch,artifacts/probes/intphys2/seed_runs_attentive_continued_to_max_epoch_v1/intphys2__same_l__videomae__vit_l_16__temporal_attn__layer_18/seed_102,artifacts/results/intphys2/seed_runs_attentive_continued_to_max_epoch_v1/intphys2__same_l__videomae__vit_l_16__temporal_attn__layer_18/seed_102
intphys2__same_l__videomae__vit_l_16__temporal_attn__layer_24__seed_101__continue_to_epoch_90,intphys2__same_l__videomae__vit_l_16__temporal_attn__layer_24,train_eval.probe.intphys2,IntPhys2,intphys2,same_L,VideoMAE,ViT-L/16,Attentive,temporal_attn,101,42,videomae,vit_large_16_224,24,,24,tokens,5e-5,0.01,1,1,43,false,20,,,16,1,2,0.20000000000000001,cuda,artifacts/probes/intphys2,seed_runs_attentive_continued_to_max_epoch_v1/intphys2__same_l__videomae__vit_l_16__temporal_attn__layer_24/seed_101,artifacts/results/intphys2,seed_runs_attentive_continued_to_max_epoch_v1/intphys2__same_l__videomae__vit_l_16__temporal_attn__layer_24/seed_101,seed_runs_attentive_continued_to_max_epoch_v1_intphys2__same_l__videomae__vit_l_16__temporal_attn__layer_24,intphys2__same_l__videomae__vit_l_16__temporal_attn__layer_24__seed_101__continue_to_epoch_90,pending,,"[""seed=101"",""split.seed=42"",""backbone.name=videomae"",""+backbone.kwargs.variant=vit_large_16_224"",""probe.name=temporal_attn"",""probe.layer=24"",""probe.layers=[]"",""probe.feature_view=tokens"",""probe.device=cuda"",""probe.lr=5e-5"",""probe.weight_decay=0.01"",""probe.batch_size=1"",""probe.eval_batch_size=1"",""probe.epochs=43"",""probe.early_stopping.enabled=false"",""probe.early_stopping.patience=20"",""probe.optuna.enabled=false"",""probe.output_dir=artifacts/probes/intphys2"",""probe.output_subdir=seed_runs_attentive_continued_to_max_epoch_v1/intphys2__same_l__videomae__vit_l_16__temporal_attn__layer_24/seed_101"",""probe.eval_output_dir=artifacts/results/intphys2"",""probe.eval_output_subdir=seed_runs_attentive_continued_to_max_epoch_v1/intphys2__same_l__videomae__vit_l_16__temporal_attn__layer_24/seed_101"",""probe.wandb.group=seed_runs_attentive_continued_to_max_epoch_v1_intphys2__same_l__videomae__vit_l_16__temporal_attn__layer_24"",""probe.wandb.name=intphys2__same_l__videomae__vit_l_16__temporal_attn__layer_24__seed_101__continue_to_epoch_90"",""feature_cache.layer_ids=[6,12,18,24]"",""probe.temporal_attn.num_heads=16"",""probe.temporal_attn.num_self_attn_blocks=1"",""probe.temporal_attn.mlp_ratio=2"",""probe.temporal_attn.dropout=0.20000000000000001"",""feature_cache.include_tokens=true"",""probe.init_checkpoint_path=artifacts/probes/intphys2/seed_runs_layerwise_same_l_attentive_v1/intphys2__same_l__videomae__vit_l_16__temporal_attn__layer_24/seed_101/layer_24/train/probe_last.pt""]",results/seed_runs/seed_manifest_layerwise_same_l_attentive_v1.csv,30,32,53b7559f976d580c,continuation_from_official_seed_manifest,,artifacts/probes/intphys2/seed_runs_layerwise_same_l_attentive_v1/intphys2__same_l__videomae__vit_l_16__temporal_attn__layer_24/seed_101/layer_24/train/train_summary.json,results/seed_runs/seed_manifest_layerwise_same_l_attentive_v1.csv,30,32,53b7559f976d580c,artifacts/probes/intphys2/seed_runs_layerwise_same_l_attentive_v1/intphys2__same_l__videomae__vit_l_16__temporal_attn__layer_24/seed_101/layer_24/train,artifacts/probes/intphys2/seed_runs_layerwise_same_l_attentive_v1/intphys2__same_l__videomae__vit_l_16__temporal_attn__layer_24/seed_101/layer_24/train/train_summary.json,fdc64f4c961fe3ec,artifacts/probes/intphys2/seed_runs_layerwise_same_l_attentive_v1/intphys2__same_l__videomae__vit_l_16__temporal_attn__layer_24/seed_101/layer_24/train/probe_last.pt,67213538,47,27,true,90,43,resume_probe_last_disable_early_stopping_to_target_epoch,artifacts/probes/intphys2/seed_runs_attentive_continued_to_max_epoch_v1/intphys2__same_l__videomae__vit_l_16__temporal_attn__layer_24/seed_101,artifacts/results/intphys2/seed_runs_attentive_continued_to_max_epoch_v1/intphys2__same_l__videomae__vit_l_16__temporal_attn__layer_24/seed_101
intphys2__same_l__videomae__vit_l_16__temporal_attn__layer_24__seed_102__continue_to_epoch_90,intphys2__same_l__videomae__vit_l_16__temporal_attn__layer_24,train_eval.probe.intphys2,IntPhys2,intphys2,same_L,VideoMAE,ViT-L/16,Attentive,temporal_attn,102,42,videomae,vit_large_16_224,24,,24,tokens,5e-5,0.01,1,1,24,false,20,,,16,1,2,0.20000000000000001,cuda,artifacts/probes/intphys2,seed_runs_attentive_continued_to_max_epoch_v1/intphys2__same_l__videomae__vit_l_16__temporal_attn__layer_24/seed_102,artifacts/results/intphys2,seed_runs_attentive_continued_to_max_epoch_v1/intphys2__same_l__videomae__vit_l_16__temporal_attn__layer_24/seed_102,seed_runs_attentive_continued_to_max_epoch_v1_intphys2__same_l__videomae__vit_l_16__temporal_attn__layer_24,intphys2__same_l__videomae__vit_l_16__temporal_attn__layer_24__seed_102__continue_to_epoch_90,pending,,"[""seed=102"",""split.seed=42"",""backbone.name=videomae"",""+backbone.kwargs.variant=vit_large_16_224"",""probe.name=temporal_attn"",""probe.layer=24"",""probe.layers=[]"",""probe.feature_view=tokens"",""probe.device=cuda"",""probe.lr=5e-5"",""probe.weight_decay=0.01"",""probe.batch_size=1"",""probe.eval_batch_size=1"",""probe.epochs=24"",""probe.early_stopping.enabled=false"",""probe.early_stopping.patience=20"",""probe.optuna.enabled=false"",""probe.output_dir=artifacts/probes/intphys2"",""probe.output_subdir=seed_runs_attentive_continued_to_max_epoch_v1/intphys2__same_l__videomae__vit_l_16__temporal_attn__layer_24/seed_102"",""probe.eval_output_dir=artifacts/results/intphys2"",""probe.eval_output_subdir=seed_runs_attentive_continued_to_max_epoch_v1/intphys2__same_l__videomae__vit_l_16__temporal_attn__layer_24/seed_102"",""probe.wandb.group=seed_runs_attentive_continued_to_max_epoch_v1_intphys2__same_l__videomae__vit_l_16__temporal_attn__layer_24"",""probe.wandb.name=intphys2__same_l__videomae__vit_l_16__temporal_attn__layer_24__seed_102__continue_to_epoch_90"",""feature_cache.layer_ids=[6,12,18,24]"",""probe.temporal_attn.num_heads=16"",""probe.temporal_attn.num_self_attn_blocks=1"",""probe.temporal_attn.mlp_ratio=2"",""probe.temporal_attn.dropout=0.20000000000000001"",""feature_cache.include_tokens=true"",""probe.init_checkpoint_path=artifacts/probes/intphys2/seed_runs_layerwise_same_l_attentive_v1/intphys2__same_l__videomae__vit_l_16__temporal_attn__layer_24/seed_102/layer_24/train/probe_last.pt""]",results/seed_runs/seed_manifest_layerwise_same_l_attentive_v1.csv,31,33,f114c14cd5d10f42,continuation_from_official_seed_manifest,,artifacts/probes/intphys2/seed_runs_layerwise_same_l_attentive_v1/intphys2__same_l__videomae__vit_l_16__temporal_attn__layer_24/seed_102/layer_24/train/train_summary.json,results/seed_runs/seed_manifest_layerwise_same_l_attentive_v1.csv,31,33,f114c14cd5d10f42,artifacts/probes/intphys2/seed_runs_layerwise_same_l_attentive_v1/intphys2__same_l__videomae__vit_l_16__temporal_attn__layer_24/seed_102/layer_24/train,artifacts/probes/intphys2/seed_runs_layerwise_same_l_attentive_v1/intphys2__same_l__videomae__vit_l_16__temporal_attn__layer_24/seed_102/layer_24/train/train_summary.json,7ef9de00def82e4c,artifacts/probes/intphys2/seed_runs_layerwise_same_l_attentive_v1/intphys2__same_l__videomae__vit_l_16__temporal_attn__layer_24/seed_102/layer_24/train/probe_last.pt,67213538,66,46,true,90,24,resume_probe_last_disable_early_stopping_to_target_epoch,artifacts/probes/intphys2/seed_runs_attentive_continued_to_max_epoch_v1/intphys2__same_l__videomae__vit_l_16__temporal_attn__layer_24/seed_102,artifacts/results/intphys2/seed_runs_attentive_continued_to_max_epoch_v1/intphys2__same_l__videomae__vit_l_16__temporal_attn__layer_24/seed_102
intphys2__same_l__videomae_v2__vit_l_16__temporal_attn__layer_6__seed_101__continue_to_epoch_90,intphys2__same_l__videomae_v2__vit_l_16__temporal_attn__layer_6,train_eval.probe.intphys2,IntPhys2,intphys2,same_L,VideoMAE-v2,ViT-L/16,Attentive,temporal_attn,101,42,videomae_v2,vit_large_16_224,6,,6,tokens,5e-4,0.01,1,1,32,false,20,,,16,1,2,0.20000000000000001,cuda,artifacts/probes/intphys2,seed_runs_attentive_continued_to_max_epoch_v1/intphys2__same_l__videomae_v2__vit_l_16__temporal_attn__layer_6/seed_101,artifacts/results/intphys2,seed_runs_attentive_continued_to_max_epoch_v1/intphys2__same_l__videomae_v2__vit_l_16__temporal_attn__layer_6/seed_101,seed_runs_attentive_continued_to_max_epoch_v1_intphys2__same_l__videomae_v2__vit_l_16__temporal_attn__layer_6,intphys2__same_l__videomae_v2__vit_l_16__temporal_attn__layer_6__seed_101__continue_to_epoch_90,pending,,"[""seed=101"",""split.seed=42"",""backbone.name=videomae_v2"",""+backbone.kwargs.variant=vit_large_16_224"",""probe.name=temporal_attn"",""probe.layer=6"",""probe.layers=[]"",""probe.feature_view=tokens"",""probe.device=cuda"",""probe.lr=5e-4"",""probe.weight_decay=0.01"",""probe.batch_size=1"",""probe.eval_batch_size=1"",""probe.epochs=32"",""probe.early_stopping.enabled=false"",""probe.early_stopping.patience=20"",""probe.optuna.enabled=false"",""probe.output_dir=artifacts/probes/intphys2"",""probe.output_subdir=seed_runs_attentive_continued_to_max_epoch_v1/intphys2__same_l__videomae_v2__vit_l_16__temporal_attn__layer_6/seed_101"",""probe.eval_output_dir=artifacts/results/intphys2"",""probe.eval_output_subdir=seed_runs_attentive_continued_to_max_epoch_v1/intphys2__same_l__videomae_v2__vit_l_16__temporal_attn__layer_6/seed_101"",""probe.wandb.group=seed_runs_attentive_continued_to_max_epoch_v1_intphys2__same_l__videomae_v2__vit_l_16__temporal_attn__layer_6"",""probe.wandb.name=intphys2__same_l__videomae_v2__vit_l_16__temporal_attn__layer_6__seed_101__continue_to_epoch_90"",""feature_cache.layer_ids=[6,12,18,24]"",""probe.temporal_attn.num_heads=16"",""probe.temporal_attn.num_self_attn_blocks=1"",""probe.temporal_attn.mlp_ratio=2"",""probe.temporal_attn.dropout=0.20000000000000001"",""feature_cache.include_tokens=true"",""probe.init_checkpoint_path=artifacts/probes/intphys2/seed_runs_layerwise_same_l_attentive_v1/intphys2__same_l__videomae_v2__vit_l_16__temporal_attn__layer_6/seed_101/layer_6/train/probe_last.pt""]",results/seed_runs/seed_manifest_layerwise_same_l_attentive_v1.csv,32,34,6e5ba77f6336509e,continuation_from_official_seed_manifest,,artifacts/probes/intphys2/seed_runs_layerwise_same_l_attentive_v1/intphys2__same_l__videomae_v2__vit_l_16__temporal_attn__layer_6/seed_101/layer_6/train/train_summary.json,results/seed_runs/seed_manifest_layerwise_same_l_attentive_v1.csv,32,34,6e5ba77f6336509e,artifacts/probes/intphys2/seed_runs_layerwise_same_l_attentive_v1/intphys2__same_l__videomae_v2__vit_l_16__temporal_attn__layer_6/seed_101/layer_6/train,artifacts/probes/intphys2/seed_runs_layerwise_same_l_attentive_v1/intphys2__same_l__videomae_v2__vit_l_16__temporal_attn__layer_6/seed_101/layer_6/train/train_summary.json,76a3cc182f4e29ff,artifacts/probes/intphys2/seed_runs_layerwise_same_l_attentive_v1/intphys2__same_l__videomae_v2__vit_l_16__temporal_attn__layer_6/seed_101/layer_6/train/probe_last.pt,67213538,58,38,true,90,32,resume_probe_last_disable_early_stopping_to_target_epoch,artifacts/probes/intphys2/seed_runs_attentive_continued_to_max_epoch_v1/intphys2__same_l__videomae_v2__vit_l_16__temporal_attn__layer_6/seed_101,artifacts/results/intphys2/seed_runs_attentive_continued_to_max_epoch_v1/intphys2__same_l__videomae_v2__vit_l_16__temporal_attn__layer_6/seed_101
intphys2__same_l__videomae_v2__vit_l_16__temporal_attn__layer_6__seed_102__continue_to_epoch_90,intphys2__same_l__videomae_v2__vit_l_16__temporal_attn__layer_6,train_eval.probe.intphys2,IntPhys2,intphys2,same_L,VideoMAE-v2,ViT-L/16,Attentive,temporal_attn,102,42,videomae_v2,vit_large_16_224,6,,6,tokens,5e-4,0.01,1,1,63,false,20,,,16,1,2,0.20000000000000001,cuda,artifacts/probes/intphys2,seed_runs_attentive_continued_to_max_epoch_v1/intphys2__same_l__videomae_v2__vit_l_16__temporal_attn__layer_6/seed_102,artifacts/results/intphys2,seed_runs_attentive_continued_to_max_epoch_v1/intphys2__same_l__videomae_v2__vit_l_16__temporal_attn__layer_6/seed_102,seed_runs_attentive_continued_to_max_epoch_v1_intphys2__same_l__videomae_v2__vit_l_16__temporal_attn__layer_6,intphys2__same_l__videomae_v2__vit_l_16__temporal_attn__layer_6__seed_102__continue_to_epoch_90,pending,,"[""seed=102"",""split.seed=42"",""backbone.name=videomae_v2"",""+backbone.kwargs.variant=vit_large_16_224"",""probe.name=temporal_attn"",""probe.layer=6"",""probe.layers=[]"",""probe.feature_view=tokens"",""probe.device=cuda"",""probe.lr=5e-4"",""probe.weight_decay=0.01"",""probe.batch_size=1"",""probe.eval_batch_size=1"",""probe.epochs=63"",""probe.early_stopping.enabled=false"",""probe.early_stopping.patience=20"",""probe.optuna.enabled=false"",""probe.output_dir=artifacts/probes/intphys2"",""probe.output_subdir=seed_runs_attentive_continued_to_max_epoch_v1/intphys2__same_l__videomae_v2__vit_l_16__temporal_attn__layer_6/seed_102"",""probe.eval_output_dir=artifacts/results/intphys2"",""probe.eval_output_subdir=seed_runs_attentive_continued_to_max_epoch_v1/intphys2__same_l__videomae_v2__vit_l_16__temporal_attn__layer_6/seed_102"",""probe.wandb.group=seed_runs_attentive_continued_to_max_epoch_v1_intphys2__same_l__videomae_v2__vit_l_16__temporal_attn__layer_6"",""probe.wandb.name=intphys2__same_l__videomae_v2__vit_l_16__temporal_attn__layer_6__seed_102__continue_to_epoch_90"",""feature_cache.layer_ids=[6,12,18,24]"",""probe.temporal_attn.num_heads=16"",""probe.temporal_attn.num_self_attn_blocks=1"",""probe.temporal_attn.mlp_ratio=2"",""probe.temporal_attn.dropout=0.20000000000000001"",""feature_cache.include_tokens=true"",""probe.init_checkpoint_path=artifacts/probes/intphys2/seed_runs_layerwise_same_l_attentive_v1/intphys2__same_l__videomae_v2__vit_l_16__temporal_attn__layer_6/seed_102/layer_6/train/probe_last.pt""]",results/seed_runs/seed_manifest_layerwise_same_l_attentive_v1.csv,33,35,7cc7e5ecf562c65c,continuation_from_official_seed_manifest,,artifacts/probes/intphys2/seed_runs_layerwise_same_l_attentive_v1/intphys2__same_l__videomae_v2__vit_l_16__temporal_attn__layer_6/seed_102/layer_6/train/train_summary.json,results/seed_runs/seed_manifest_layerwise_same_l_attentive_v1.csv,33,35,7cc7e5ecf562c65c,artifacts/probes/intphys2/seed_runs_layerwise_same_l_attentive_v1/intphys2__same_l__videomae_v2__vit_l_16__temporal_attn__layer_6/seed_102/layer_6/train,artifacts/probes/intphys2/seed_runs_layerwise_same_l_attentive_v1/intphys2__same_l__videomae_v2__vit_l_16__temporal_attn__layer_6/seed_102/layer_6/train/train_summary.json,4b0bb01218bd0b5f,artifacts/probes/intphys2/seed_runs_layerwise_same_l_attentive_v1/intphys2__same_l__videomae_v2__vit_l_16__temporal_attn__layer_6/seed_102/layer_6/train/probe_last.pt,67213538,27,7,true,90,63,resume_probe_last_disable_early_stopping_to_target_epoch,artifacts/probes/intphys2/seed_runs_attentive_continued_to_max_epoch_v1/intphys2__same_l__videomae_v2__vit_l_16__temporal_attn__layer_6/seed_102,artifacts/results/intphys2/seed_runs_attentive_continued_to_max_epoch_v1/intphys2__same_l__videomae_v2__vit_l_16__temporal_attn__layer_6/seed_102
intphys2__same_l__videomae_v2__vit_l_16__temporal_attn__layer_12__seed_101__continue_to_epoch_90,intphys2__same_l__videomae_v2__vit_l_16__temporal_attn__layer_12,train_eval.probe.intphys2,IntPhys2,intphys2,same_L,VideoMAE-v2,ViT-L/16,Attentive,temporal_attn,101,42,videomae_v2,vit_large_16_224,12,,12,tokens,1e-4,0.01,1,1,45,false,20,,,16,1,2,0.20000000000000001,cuda,artifacts/probes/intphys2,seed_runs_attentive_continued_to_max_epoch_v1/intphys2__same_l__videomae_v2__vit_l_16__temporal_attn__layer_12/seed_101,artifacts/results/intphys2,seed_runs_attentive_continued_to_max_epoch_v1/intphys2__same_l__videomae_v2__vit_l_16__temporal_attn__layer_12/seed_101,seed_runs_attentive_continued_to_max_epoch_v1_intphys2__same_l__videomae_v2__vit_l_16__temporal_attn__layer_12,intphys2__same_l__videomae_v2__vit_l_16__temporal_attn__layer_12__seed_101__continue_to_epoch_90,pending,,"[""seed=101"",""split.seed=42"",""backbone.name=videomae_v2"",""+backbone.kwargs.variant=vit_large_16_224"",""probe.name=temporal_attn"",""probe.layer=12"",""probe.layers=[]"",""probe.feature_view=tokens"",""probe.device=cuda"",""probe.lr=1e-4"",""probe.weight_decay=0.01"",""probe.batch_size=1"",""probe.eval_batch_size=1"",""probe.epochs=45"",""probe.early_stopping.enabled=false"",""probe.early_stopping.patience=20"",""probe.optuna.enabled=false"",""probe.output_dir=artifacts/probes/intphys2"",""probe.output_subdir=seed_runs_attentive_continued_to_max_epoch_v1/intphys2__same_l__videomae_v2__vit_l_16__temporal_attn__layer_12/seed_101"",""probe.eval_output_dir=artifacts/results/intphys2"",""probe.eval_output_subdir=seed_runs_attentive_continued_to_max_epoch_v1/intphys2__same_l__videomae_v2__vit_l_16__temporal_attn__layer_12/seed_101"",""probe.wandb.group=seed_runs_attentive_continued_to_max_epoch_v1_intphys2__same_l__videomae_v2__vit_l_16__temporal_attn__layer_12"",""probe.wandb.name=intphys2__same_l__videomae_v2__vit_l_16__temporal_attn__layer_12__seed_101__continue_to_epoch_90"",""feature_cache.layer_ids=[6,12,18,24]"",""probe.temporal_attn.num_heads=16"",""probe.temporal_attn.num_self_attn_blocks=1"",""probe.temporal_attn.mlp_ratio=2"",""probe.temporal_attn.dropout=0.20000000000000001"",""feature_cache.include_tokens=true"",""probe.init_checkpoint_path=artifacts/probes/intphys2/seed_runs_layerwise_same_l_attentive_v1/intphys2__same_l__videomae_v2__vit_l_16__temporal_attn__layer_12/seed_101/layer_12/train/probe_last.pt""]",results/seed_runs/seed_manifest_layerwise_same_l_attentive_v1.csv,34,36,164a153ed7edc3a0,continuation_from_official_seed_manifest,,artifacts/probes/intphys2/seed_runs_layerwise_same_l_attentive_v1/intphys2__same_l__videomae_v2__vit_l_16__temporal_attn__layer_12/seed_101/layer_12/train/train_summary.json,results/seed_runs/seed_manifest_layerwise_same_l_attentive_v1.csv,34,36,164a153ed7edc3a0,artifacts/probes/intphys2/seed_runs_layerwise_same_l_attentive_v1/intphys2__same_l__videomae_v2__vit_l_16__temporal_attn__layer_12/seed_101/layer_12/train,artifacts/probes/intphys2/seed_runs_layerwise_same_l_attentive_v1/intphys2__same_l__videomae_v2__vit_l_16__temporal_attn__layer_12/seed_101/layer_12/train/train_summary.json,50cdda13e1399546,artifacts/probes/intphys2/seed_runs_layerwise_same_l_attentive_v1/intphys2__same_l__videomae_v2__vit_l_16__temporal_attn__layer_12/seed_101/layer_12/train/probe_last.pt,67213538,45,25,true,90,45,resume_probe_last_disable_early_stopping_to_target_epoch,artifacts/probes/intphys2/seed_runs_attentive_continued_to_max_epoch_v1/intphys2__same_l__videomae_v2__vit_l_16__temporal_attn__layer_12/seed_101,artifacts/results/intphys2/seed_runs_attentive_continued_to_max_epoch_v1/intphys2__same_l__videomae_v2__vit_l_16__temporal_attn__layer_12/seed_101
intphys2__same_l__videomae_v2__vit_l_16__temporal_attn__layer_12__seed_102__continue_to_epoch_90,intphys2__same_l__videomae_v2__vit_l_16__temporal_attn__layer_12,train_eval.probe.intphys2,IntPhys2,intphys2,same_L,VideoMAE-v2,ViT-L/16,Attentive,temporal_attn,102,42,videomae_v2,vit_large_16_224,12,,12,tokens,1e-4,0.01,1,1,13,false,20,,,16,1,2,0.20000000000000001,cuda,artifacts/probes/intphys2,seed_runs_attentive_continued_to_max_epoch_v1/intphys2__same_l__videomae_v2__vit_l_16__temporal_attn__layer_12/seed_102,artifacts/results/intphys2,seed_runs_attentive_continued_to_max_epoch_v1/intphys2__same_l__videomae_v2__vit_l_16__temporal_attn__layer_12/seed_102,seed_runs_attentive_continued_to_max_epoch_v1_intphys2__same_l__videomae_v2__vit_l_16__temporal_attn__layer_12,intphys2__same_l__videomae_v2__vit_l_16__temporal_attn__layer_12__seed_102__continue_to_epoch_90,pending,,"[""seed=102"",""split.seed=42"",""backbone.name=videomae_v2"",""+backbone.kwargs.variant=vit_large_16_224"",""probe.name=temporal_attn"",""probe.layer=12"",""probe.layers=[]"",""probe.feature_view=tokens"",""probe.device=cuda"",""probe.lr=1e-4"",""probe.weight_decay=0.01"",""probe.batch_size=1"",""probe.eval_batch_size=1"",""probe.epochs=13"",""probe.early_stopping.enabled=false"",""probe.early_stopping.patience=20"",""probe.optuna.enabled=false"",""probe.output_dir=artifacts/probes/intphys2"",""probe.output_subdir=seed_runs_attentive_continued_to_max_epoch_v1/intphys2__same_l__videomae_v2__vit_l_16__temporal_attn__layer_12/seed_102"",""probe.eval_output_dir=artifacts/results/intphys2"",""probe.eval_output_subdir=seed_runs_attentive_continued_to_max_epoch_v1/intphys2__same_l__videomae_v2__vit_l_16__temporal_attn__layer_12/seed_102"",""probe.wandb.group=seed_runs_attentive_continued_to_max_epoch_v1_intphys2__same_l__videomae_v2__vit_l_16__temporal_attn__layer_12"",""probe.wandb.name=intphys2__same_l__videomae_v2__vit_l_16__temporal_attn__layer_12__seed_102__continue_to_epoch_90"",""feature_cache.layer_ids=[6,12,18,24]"",""probe.temporal_attn.num_heads=16"",""probe.temporal_attn.num_self_attn_blocks=1"",""probe.temporal_attn.mlp_ratio=2"",""probe.temporal_attn.dropout=0.20000000000000001"",""feature_cache.include_tokens=true"",""probe.init_checkpoint_path=artifacts/probes/intphys2/seed_runs_layerwise_same_l_attentive_v1/intphys2__same_l__videomae_v2__vit_l_16__temporal_attn__layer_12/seed_102/layer_12/train/probe_last.pt""]",results/seed_runs/seed_manifest_layerwise_same_l_attentive_v1.csv,35,37,fd55b12321460075,continuation_from_official_seed_manifest,,artifacts/probes/intphys2/seed_runs_layerwise_same_l_attentive_v1/intphys2__same_l__videomae_v2__vit_l_16__temporal_attn__layer_12/seed_102/layer_12/train/train_summary.json,results/seed_runs/seed_manifest_layerwise_same_l_attentive_v1.csv,35,37,fd55b12321460075,artifacts/probes/intphys2/seed_runs_layerwise_same_l_attentive_v1/intphys2__same_l__videomae_v2__vit_l_16__temporal_attn__layer_12/seed_102/layer_12/train,artifacts/probes/intphys2/seed_runs_layerwise_same_l_attentive_v1/intphys2__same_l__videomae_v2__vit_l_16__temporal_attn__layer_12/seed_102/layer_12/train/train_summary.json,1a321a39cfd0ec78,artifacts/probes/intphys2/seed_runs_layerwise_same_l_attentive_v1/intphys2__same_l__videomae_v2__vit_l_16__temporal_attn__layer_12/seed_102/layer_12/train/probe_last.pt,67213538,77,57,true,90,13,resume_probe_last_disable_early_stopping_to_target_epoch,artifacts/probes/intphys2/seed_runs_attentive_continued_to_max_epoch_v1/intphys2__same_l__videomae_v2__vit_l_16__temporal_attn__layer_12/seed_102,artifacts/results/intphys2/seed_runs_attentive_continued_to_max_epoch_v1/intphys2__same_l__videomae_v2__vit_l_16__temporal_attn__layer_12/seed_102
intphys2__same_l__videomae_v2__vit_l_16__temporal_attn__layer_18__seed_101__continue_to_epoch_90,intphys2__same_l__videomae_v2__vit_l_16__temporal_attn__layer_18,train_eval.probe.intphys2,IntPhys2,intphys2,same_L,VideoMAE-v2,ViT-L/16,Attentive,temporal_attn,101,42,videomae_v2,vit_large_16_224,18,,18,tokens,1e-5,0.01,1,1,1,false,20,,,16,1,2,0.20000000000000001,cuda,artifacts/probes/intphys2,seed_runs_attentive_continued_to_max_epoch_v1/intphys2__same_l__videomae_v2__vit_l_16__temporal_attn__layer_18/seed_101,artifacts/results/intphys2,seed_runs_attentive_continued_to_max_epoch_v1/intphys2__same_l__videomae_v2__vit_l_16__temporal_attn__layer_18/seed_101,seed_runs_attentive_continued_to_max_epoch_v1_intphys2__same_l__videomae_v2__vit_l_16__temporal_attn__layer_18,intphys2__same_l__videomae_v2__vit_l_16__temporal_attn__layer_18__seed_101__continue_to_epoch_90,pending,,"[""seed=101"",""split.seed=42"",""backbone.name=videomae_v2"",""+backbone.kwargs.variant=vit_large_16_224"",""probe.name=temporal_attn"",""probe.layer=18"",""probe.layers=[]"",""probe.feature_view=tokens"",""probe.device=cuda"",""probe.lr=1e-5"",""probe.weight_decay=0.01"",""probe.batch_size=1"",""probe.eval_batch_size=1"",""probe.epochs=1"",""probe.early_stopping.enabled=false"",""probe.early_stopping.patience=20"",""probe.optuna.enabled=false"",""probe.output_dir=artifacts/probes/intphys2"",""probe.output_subdir=seed_runs_attentive_continued_to_max_epoch_v1/intphys2__same_l__videomae_v2__vit_l_16__temporal_attn__layer_18/seed_101"",""probe.eval_output_dir=artifacts/results/intphys2"",""probe.eval_output_subdir=seed_runs_attentive_continued_to_max_epoch_v1/intphys2__same_l__videomae_v2__vit_l_16__temporal_attn__layer_18/seed_101"",""probe.wandb.group=seed_runs_attentive_continued_to_max_epoch_v1_intphys2__same_l__videomae_v2__vit_l_16__temporal_attn__layer_18"",""probe.wandb.name=intphys2__same_l__videomae_v2__vit_l_16__temporal_attn__layer_18__seed_101__continue_to_epoch_90"",""feature_cache.layer_ids=[6,12,18,24]"",""probe.temporal_attn.num_heads=16"",""probe.temporal_attn.num_self_attn_blocks=1"",""probe.temporal_attn.mlp_ratio=2"",""probe.temporal_attn.dropout=0.20000000000000001"",""feature_cache.include_tokens=true"",""probe.init_checkpoint_path=artifacts/probes/intphys2/seed_runs_layerwise_same_l_attentive_v1/intphys2__same_l__videomae_v2__vit_l_16__temporal_attn__layer_18/seed_101/layer_18/train/probe_last.pt""]",results/seed_runs/seed_manifest_layerwise_same_l_attentive_v1.csv,36,38,505c2cffae20dc9b,continuation_from_official_seed_manifest,,artifacts/probes/intphys2/seed_runs_layerwise_same_l_attentive_v1/intphys2__same_l__videomae_v2__vit_l_16__temporal_attn__layer_18/seed_101/layer_18/train/train_summary.json,results/seed_runs/seed_manifest_layerwise_same_l_attentive_v1.csv,36,38,505c2cffae20dc9b,artifacts/probes/intphys2/seed_runs_layerwise_same_l_attentive_v1/intphys2__same_l__videomae_v2__vit_l_16__temporal_attn__layer_18/seed_101/layer_18/train,artifacts/probes/intphys2/seed_runs_layerwise_same_l_attentive_v1/intphys2__same_l__videomae_v2__vit_l_16__temporal_attn__layer_18/seed_101/layer_18/train/train_summary.json,9bd7f9fc1aac1340,artifacts/probes/intphys2/seed_runs_layerwise_same_l_attentive_v1/intphys2__same_l__videomae_v2__vit_l_16__temporal_attn__layer_18/seed_101/layer_18/train/probe_last.pt,67213538,89,69,true,90,1,resume_probe_last_disable_early_stopping_to_target_epoch,artifacts/probes/intphys2/seed_runs_attentive_continued_to_max_epoch_v1/intphys2__same_l__videomae_v2__vit_l_16__temporal_attn__layer_18/seed_101,artifacts/results/intphys2/seed_runs_attentive_continued_to_max_epoch_v1/intphys2__same_l__videomae_v2__vit_l_16__temporal_attn__layer_18/seed_101
intphys2__same_l__videomae_v2__vit_l_16__temporal_attn__layer_18__seed_102__continue_to_epoch_90,intphys2__same_l__videomae_v2__vit_l_16__temporal_attn__layer_18,train_eval.probe.intphys2,IntPhys2,intphys2,same_L,VideoMAE-v2,ViT-L/16,Attentive,temporal_attn,102,42,videomae_v2,vit_large_16_224,18,,18,tokens,1e-5,0.01,1,1,4,false,20,,,16,1,2,0.20000000000000001,cuda,artifacts/probes/intphys2,seed_runs_attentive_continued_to_max_epoch_v1/intphys2__same_l__videomae_v2__vit_l_16__temporal_attn__layer_18/seed_102,artifacts/results/intphys2,seed_runs_attentive_continued_to_max_epoch_v1/intphys2__same_l__videomae_v2__vit_l_16__temporal_attn__layer_18/seed_102,seed_runs_attentive_continued_to_max_epoch_v1_intphys2__same_l__videomae_v2__vit_l_16__temporal_attn__layer_18,intphys2__same_l__videomae_v2__vit_l_16__temporal_attn__layer_18__seed_102__continue_to_epoch_90,pending,,"[""seed=102"",""split.seed=42"",""backbone.name=videomae_v2"",""+backbone.kwargs.variant=vit_large_16_224"",""probe.name=temporal_attn"",""probe.layer=18"",""probe.layers=[]"",""probe.feature_view=tokens"",""probe.device=cuda"",""probe.lr=1e-5"",""probe.weight_decay=0.01"",""probe.batch_size=1"",""probe.eval_batch_size=1"",""probe.epochs=4"",""probe.early_stopping.enabled=false"",""probe.early_stopping.patience=20"",""probe.optuna.enabled=false"",""probe.output_dir=artifacts/probes/intphys2"",""probe.output_subdir=seed_runs_attentive_continued_to_max_epoch_v1/intphys2__same_l__videomae_v2__vit_l_16__temporal_attn__layer_18/seed_102"",""probe.eval_output_dir=artifacts/results/intphys2"",""probe.eval_output_subdir=seed_runs_attentive_continued_to_max_epoch_v1/intphys2__same_l__videomae_v2__vit_l_16__temporal_attn__layer_18/seed_102"",""probe.wandb.group=seed_runs_attentive_continued_to_max_epoch_v1_intphys2__same_l__videomae_v2__vit_l_16__temporal_attn__layer_18"",""probe.wandb.name=intphys2__same_l__videomae_v2__vit_l_16__temporal_attn__layer_18__seed_102__continue_to_epoch_90"",""feature_cache.layer_ids=[6,12,18,24]"",""probe.temporal_attn.num_heads=16"",""probe.temporal_attn.num_self_attn_blocks=1"",""probe.temporal_attn.mlp_ratio=2"",""probe.temporal_attn.dropout=0.20000000000000001"",""feature_cache.include_tokens=true"",""probe.init_checkpoint_path=artifacts/probes/intphys2/seed_runs_layerwise_same_l_attentive_v1/intphys2__same_l__videomae_v2__vit_l_16__temporal_attn__layer_18/seed_102/layer_18/train/probe_last.pt""]",results/seed_runs/seed_manifest_layerwise_same_l_attentive_v1.csv,37,39,d0cb9336f27df57c,continuation_from_official_seed_manifest,,artifacts/probes/intphys2/seed_runs_layerwise_same_l_attentive_v1/intphys2__same_l__videomae_v2__vit_l_16__temporal_attn__layer_18/seed_102/layer_18/train/train_summary.json,results/seed_runs/seed_manifest_layerwise_same_l_attentive_v1.csv,37,39,d0cb9336f27df57c,artifacts/probes/intphys2/seed_runs_layerwise_same_l_attentive_v1/intphys2__same_l__videomae_v2__vit_l_16__temporal_attn__layer_18/seed_102/layer_18/train,artifacts/probes/intphys2/seed_runs_layerwise_same_l_attentive_v1/intphys2__same_l__videomae_v2__vit_l_16__temporal_attn__layer_18/seed_102/layer_18/train/train_summary.json,f085005c10e407e1,artifacts/probes/intphys2/seed_runs_layerwise_same_l_attentive_v1/intphys2__same_l__videomae_v2__vit_l_16__temporal_attn__layer_18/seed_102/layer_18/train/probe_last.pt,67213538,86,66,true,90,4,resume_probe_last_disable_early_stopping_to_target_epoch,artifacts/probes/intphys2/seed_runs_attentive_continued_to_max_epoch_v1/intphys2__same_l__videomae_v2__vit_l_16__temporal_attn__layer_18/seed_102,artifacts/results/intphys2/seed_runs_attentive_continued_to_max_epoch_v1/intphys2__same_l__videomae_v2__vit_l_16__temporal_attn__layer_18/seed_102
intphys2__same_l__videomae_v2__vit_l_16__temporal_attn__layer_24__seed_101__continue_to_epoch_90,intphys2__same_l__videomae_v2__vit_l_16__temporal_attn__layer_24,train_eval.probe.intphys2,IntPhys2,intphys2,same_L,VideoMAE-v2,ViT-L/16,Attentive,temporal_attn,101,42,videomae_v2,vit_large_16_224,24,,24,tokens,1e-4,0.01,1,1,38,false,20,,,16,1,2,0.20000000000000001,cuda,artifacts/probes/intphys2,seed_runs_attentive_continued_to_max_epoch_v1/intphys2__same_l__videomae_v2__vit_l_16__temporal_attn__layer_24/seed_101,artifacts/results/intphys2,seed_runs_attentive_continued_to_max_epoch_v1/intphys2__same_l__videomae_v2__vit_l_16__temporal_attn__layer_24/seed_101,seed_runs_attentive_continued_to_max_epoch_v1_intphys2__same_l__videomae_v2__vit_l_16__temporal_attn__layer_24,intphys2__same_l__videomae_v2__vit_l_16__temporal_attn__layer_24__seed_101__continue_to_epoch_90,pending,,"[""seed=101"",""split.seed=42"",""backbone.name=videomae_v2"",""+backbone.kwargs.variant=vit_large_16_224"",""probe.name=temporal_attn"",""probe.layer=24"",""probe.layers=[]"",""probe.feature_view=tokens"",""probe.device=cuda"",""probe.lr=1e-4"",""probe.weight_decay=0.01"",""probe.batch_size=1"",""probe.eval_batch_size=1"",""probe.epochs=38"",""probe.early_stopping.enabled=false"",""probe.early_stopping.patience=20"",""probe.optuna.enabled=false"",""probe.output_dir=artifacts/probes/intphys2"",""probe.output_subdir=seed_runs_attentive_continued_to_max_epoch_v1/intphys2__same_l__videomae_v2__vit_l_16__temporal_attn__layer_24/seed_101"",""probe.eval_output_dir=artifacts/results/intphys2"",""probe.eval_output_subdir=seed_runs_attentive_continued_to_max_epoch_v1/intphys2__same_l__videomae_v2__vit_l_16__temporal_attn__layer_24/seed_101"",""probe.wandb.group=seed_runs_attentive_continued_to_max_epoch_v1_intphys2__same_l__videomae_v2__vit_l_16__temporal_attn__layer_24"",""probe.wandb.name=intphys2__same_l__videomae_v2__vit_l_16__temporal_attn__layer_24__seed_101__continue_to_epoch_90"",""feature_cache.layer_ids=[6,12,18,24]"",""probe.temporal_attn.num_heads=16"",""probe.temporal_attn.num_self_attn_blocks=1"",""probe.temporal_attn.mlp_ratio=2"",""probe.temporal_attn.dropout=0.20000000000000001"",""feature_cache.include_tokens=true"",""probe.init_checkpoint_path=artifacts/probes/intphys2/seed_runs_layerwise_same_l_attentive_v1/intphys2__same_l__videomae_v2__vit_l_16__temporal_attn__layer_24/seed_101/layer_24/train/probe_last.pt""]",results/seed_runs/seed_manifest_layerwise_same_l_attentive_v1.csv,38,40,edcae9a0947d93ae,continuation_from_official_seed_manifest,,artifacts/probes/intphys2/seed_runs_layerwise_same_l_attentive_v1/intphys2__same_l__videomae_v2__vit_l_16__temporal_attn__layer_24/seed_101/layer_24/train/train_summary.json,results/seed_runs/seed_manifest_layerwise_same_l_attentive_v1.csv,38,40,edcae9a0947d93ae,artifacts/probes/intphys2/seed_runs_layerwise_same_l_attentive_v1/intphys2__same_l__videomae_v2__vit_l_16__temporal_attn__layer_24/seed_101/layer_24/train,artifacts/probes/intphys2/seed_runs_layerwise_same_l_attentive_v1/intphys2__same_l__videomae_v2__vit_l_16__temporal_attn__layer_24/seed_101/layer_24/train/train_summary.json,0b922f8b908d253e,artifacts/probes/intphys2/seed_runs_layerwise_same_l_attentive_v1/intphys2__same_l__videomae_v2__vit_l_16__temporal_attn__layer_24/seed_101/layer_24/train/probe_last.pt,67213538,52,32,true,90,38,resume_probe_last_disable_early_stopping_to_target_epoch,artifacts/probes/intphys2/seed_runs_attentive_continued_to_max_epoch_v1/intphys2__same_l__videomae_v2__vit_l_16__temporal_attn__layer_24/seed_101,artifacts/results/intphys2/seed_runs_attentive_continued_to_max_epoch_v1/intphys2__same_l__videomae_v2__vit_l_16__temporal_attn__layer_24/seed_101
intphys2__same_l__videomae_v2__vit_l_16__temporal_attn__layer_24__seed_102__continue_to_epoch_90,intphys2__same_l__videomae_v2__vit_l_16__temporal_attn__layer_24,train_eval.probe.intphys2,IntPhys2,intphys2,same_L,VideoMAE-v2,ViT-L/16,Attentive,temporal_attn,102,42,videomae_v2,vit_large_16_224,24,,24,tokens,1e-4,0.01,1,1,30,false,20,,,16,1,2,0.20000000000000001,cuda,artifacts/probes/intphys2,seed_runs_attentive_continued_to_max_epoch_v1/intphys2__same_l__videomae_v2__vit_l_16__temporal_attn__layer_24/seed_102,artifacts/results/intphys2,seed_runs_attentive_continued_to_max_epoch_v1/intphys2__same_l__videomae_v2__vit_l_16__temporal_attn__layer_24/seed_102,seed_runs_attentive_continued_to_max_epoch_v1_intphys2__same_l__videomae_v2__vit_l_16__temporal_attn__layer_24,intphys2__same_l__videomae_v2__vit_l_16__temporal_attn__layer_24__seed_102__continue_to_epoch_90,pending,,"[""seed=102"",""split.seed=42"",""backbone.name=videomae_v2"",""+backbone.kwargs.variant=vit_large_16_224"",""probe.name=temporal_attn"",""probe.layer=24"",""probe.layers=[]"",""probe.feature_view=tokens"",""probe.device=cuda"",""probe.lr=1e-4"",""probe.weight_decay=0.01"",""probe.batch_size=1"",""probe.eval_batch_size=1"",""probe.epochs=30"",""probe.early_stopping.enabled=false"",""probe.early_stopping.patience=20"",""probe.optuna.enabled=false"",""probe.output_dir=artifacts/probes/intphys2"",""probe.output_subdir=seed_runs_attentive_continued_to_max_epoch_v1/intphys2__same_l__videomae_v2__vit_l_16__temporal_attn__layer_24/seed_102"",""probe.eval_output_dir=artifacts/results/intphys2"",""probe.eval_output_subdir=seed_runs_attentive_continued_to_max_epoch_v1/intphys2__same_l__videomae_v2__vit_l_16__temporal_attn__layer_24/seed_102"",""probe.wandb.group=seed_runs_attentive_continued_to_max_epoch_v1_intphys2__same_l__videomae_v2__vit_l_16__temporal_attn__layer_24"",""probe.wandb.name=intphys2__same_l__videomae_v2__vit_l_16__temporal_attn__layer_24__seed_102__continue_to_epoch_90"",""feature_cache.layer_ids=[6,12,18,24]"",""probe.temporal_attn.num_heads=16"",""probe.temporal_attn.num_self_attn_blocks=1"",""probe.temporal_attn.mlp_ratio=2"",""probe.temporal_attn.dropout=0.20000000000000001"",""feature_cache.include_tokens=true"",""probe.init_checkpoint_path=artifacts/probes/intphys2/seed_runs_layerwise_same_l_attentive_v1/intphys2__same_l__videomae_v2__vit_l_16__temporal_attn__layer_24/seed_102/layer_24/train/probe_last.pt""]",results/seed_runs/seed_manifest_layerwise_same_l_attentive_v1.csv,39,41,a3b25d3349fbe724,continuation_from_official_seed_manifest,,artifacts/probes/intphys2/seed_runs_layerwise_same_l_attentive_v1/intphys2__same_l__videomae_v2__vit_l_16__temporal_attn__layer_24/seed_102/layer_24/train/train_summary.json,results/seed_runs/seed_manifest_layerwise_same_l_attentive_v1.csv,39,41,a3b25d3349fbe724,artifacts/probes/intphys2/seed_runs_layerwise_same_l_attentive_v1/intphys2__same_l__videomae_v2__vit_l_16__temporal_attn__layer_24/seed_102/layer_24/train,artifacts/probes/intphys2/seed_runs_layerwise_same_l_attentive_v1/intphys2__same_l__videomae_v2__vit_l_16__temporal_attn__layer_24/seed_102/layer_24/train/train_summary.json,c9a41058757e5a70,artifacts/probes/intphys2/seed_runs_layerwise_same_l_attentive_v1/intphys2__same_l__videomae_v2__vit_l_16__temporal_attn__layer_24/seed_102/layer_24/train/probe_last.pt,67213538,60,40,true,90,30,resume_probe_last_disable_early_stopping_to_target_epoch,artifacts/probes/intphys2/seed_runs_attentive_continued_to_max_epoch_v1/intphys2__same_l__videomae_v2__vit_l_16__temporal_attn__layer_24/seed_102,artifacts/results/intphys2/seed_runs_attentive_continued_to_max_epoch_v1/intphys2__same_l__videomae_v2__vit_l_16__temporal_attn__layer_24/seed_102
mvp__same_l__jepa_v1__vitl16_224__temporal_attn__layer_18__seed_102__continue_to_epoch_30,mvp__same_l__jepa_v1__vitl16_224__temporal_attn__layer_18,train_eval.probe.mvp,MVP,mvp,same_L,V-JEPA,ViT-L/16,Attentive,temporal_attn,102,42,jepa_v1,vitl16_224,18,,18,tokens,5.0000000000000002e-05,0.01,2,2,2,false,5,,,16,1,2,0.20000000000000001,cuda,artifacts/probes/mvp,seed_runs_attentive_continued_to_max_epoch_v1/mvp__same_l__jepa_v1__vitl16_224__temporal_attn__layer_18/seed_102,artifacts/results/mvp,seed_runs_attentive_continued_to_max_epoch_v1/mvp__same_l__jepa_v1__vitl16_224__temporal_attn__layer_18/seed_102,seed_runs_attentive_continued_to_max_epoch_v1_mvp__same_l__jepa_v1__vitl16_224__temporal_attn__layer_18,mvp__same_l__jepa_v1__vitl16_224__temporal_attn__layer_18__seed_102__continue_to_epoch_30,pending,,"[""seed=102"",""split.seed=42"",""backbone.name=jepa_v1"",""+backbone.kwargs.variant=vitl16_224"",""probe.name=temporal_attn"",""probe.layer=18"",""probe.layers=[]"",""probe.feature_view=tokens"",""probe.device=cuda"",""probe.lr=5.0000000000000002e-05"",""probe.weight_decay=0.01"",""probe.batch_size=2"",""probe.eval_batch_size=2"",""probe.epochs=2"",""probe.early_stopping.enabled=false"",""probe.early_stopping.patience=5"",""probe.optuna.enabled=false"",""probe.output_dir=artifacts/probes/mvp"",""probe.output_subdir=seed_runs_attentive_continued_to_max_epoch_v1/mvp__same_l__jepa_v1__vitl16_224__temporal_attn__layer_18/seed_102"",""probe.eval_output_dir=artifacts/results/mvp"",""probe.eval_output_subdir=seed_runs_attentive_continued_to_max_epoch_v1/mvp__same_l__jepa_v1__vitl16_224__temporal_attn__layer_18/seed_102"",""probe.wandb.group=seed_runs_attentive_continued_to_max_epoch_v1_mvp__same_l__jepa_v1__vitl16_224__temporal_attn__layer_18"",""probe.wandb.name=mvp__same_l__jepa_v1__vitl16_224__temporal_attn__layer_18__seed_102__continue_to_epoch_30"",""feature_cache.layer_ids=[6,12,18,24]"",""probe.temporal_attn.num_heads=16"",""probe.temporal_attn.num_self_attn_blocks=1"",""probe.temporal_attn.mlp_ratio=2"",""probe.temporal_attn.dropout=0.20000000000000001"",""feature_cache.include_tokens=true"",""probe.init_checkpoint_path=artifacts/probes/mvp/seed_runs_layerwise_same_l_attentive_v1/mvp__same_l__jepa_v1__vitl16_224__temporal_attn__layer_18/seed_102/layer_18/train/probe_last.pt""]",results/seed_runs/seed_manifest_layerwise_same_l_attentive_v1.csv,45,47,0ff3b29afc8bed72,continuation_from_official_seed_manifest,,artifacts/probes/mvp/seed_runs_layerwise_same_l_attentive_v1/mvp__same_l__jepa_v1__vitl16_224__temporal_attn__layer_18/seed_102/layer_18/train/train_summary.json,results/seed_runs/seed_manifest_layerwise_same_l_attentive_v1.csv,45,47,0ff3b29afc8bed72,artifacts/probes/mvp/seed_runs_layerwise_same_l_attentive_v1/mvp__same_l__jepa_v1__vitl16_224__temporal_attn__layer_18/seed_102/layer_18/train,artifacts/probes/mvp/seed_runs_layerwise_same_l_attentive_v1/mvp__same_l__jepa_v1__vitl16_224__temporal_attn__layer_18/seed_102/layer_18/train/train_summary.json,63b12841bfe3bf35,artifacts/probes/mvp/seed_runs_layerwise_same_l_attentive_v1/mvp__same_l__jepa_v1__vitl16_224__temporal_attn__layer_18/seed_102/layer_18/train/probe_last.pt,67213602,28,23,true,30,2,resume_probe_last_disable_early_stopping_to_target_epoch,artifacts/probes/mvp/seed_runs_attentive_continued_to_max_epoch_v1/mvp__same_l__jepa_v1__vitl16_224__temporal_attn__layer_18/seed_102,artifacts/results/mvp/seed_runs_attentive_continued_to_max_epoch_v1/mvp__same_l__jepa_v1__vitl16_224__temporal_attn__layer_18/seed_102
mvp__same_l__jepa_v2__vitl_256__temporal_attn__layer_6__seed_101__continue_to_epoch_30,mvp__same_l__jepa_v2__vitl_256__temporal_attn__layer_6,train_eval.probe.mvp,MVP,mvp,same_L,V-JEPA 2,ViT-L/16,Attentive,temporal_attn,101,42,jepa_v2,vitl_256,6,,6,tokens,5.0000000000000002e-05,0.01,1,1,7,false,5,,,16,1,2,0.20000000000000001,cuda,artifacts/probes/mvp,seed_runs_attentive_continued_to_max_epoch_v1/mvp__same_l__jepa_v2__vitl_256__temporal_attn__layer_6/seed_101,artifacts/results/mvp,seed_runs_attentive_continued_to_max_epoch_v1/mvp__same_l__jepa_v2__vitl_256__temporal_attn__layer_6/seed_101,seed_runs_attentive_continued_to_max_epoch_v1_mvp__same_l__jepa_v2__vitl_256__temporal_attn__layer_6,mvp__same_l__jepa_v2__vitl_256__temporal_attn__layer_6__seed_101__continue_to_epoch_30,pending,,"[""seed=101"",""split.seed=42"",""backbone.name=jepa_v2"",""+backbone.kwargs.variant=vitl_256"",""probe.name=temporal_attn"",""probe.layer=6"",""probe.layers=[]"",""probe.feature_view=tokens"",""probe.device=cuda"",""probe.lr=5.0000000000000002e-05"",""probe.weight_decay=0.01"",""probe.batch_size=1"",""probe.eval_batch_size=1"",""probe.epochs=7"",""probe.early_stopping.enabled=false"",""probe.early_stopping.patience=5"",""probe.optuna.enabled=false"",""probe.output_dir=artifacts/probes/mvp"",""probe.output_subdir=seed_runs_attentive_continued_to_max_epoch_v1/mvp__same_l__jepa_v2__vitl_256__temporal_attn__layer_6/seed_101"",""probe.eval_output_dir=artifacts/results/mvp"",""probe.eval_output_subdir=seed_runs_attentive_continued_to_max_epoch_v1/mvp__same_l__jepa_v2__vitl_256__temporal_attn__layer_6/seed_101"",""probe.wandb.group=seed_runs_attentive_continued_to_max_epoch_v1_mvp__same_l__jepa_v2__vitl_256__temporal_attn__layer_6"",""probe.wandb.name=mvp__same_l__jepa_v2__vitl_256__temporal_attn__layer_6__seed_101__continue_to_epoch_30"",""feature_cache.layer_ids=[6,12,18,24]"",""probe.temporal_attn.num_heads=16"",""probe.temporal_attn.num_self_attn_blocks=1"",""probe.temporal_attn.mlp_ratio=2"",""probe.temporal_attn.dropout=0.20000000000000001"",""feature_cache.include_tokens=true"",""probe.init_checkpoint_path=artifacts/probes/mvp/seed_runs_layerwise_same_l_attentive_v1/mvp__same_l__jepa_v2__vitl_256__temporal_attn__layer_6/seed_101/layer_6/train/probe_last.pt""]",results/seed_runs/seed_manifest_layerwise_same_l_attentive_v1.csv,48,50,75f06d419f7f38a7,continuation_from_official_seed_manifest,,artifacts/probes/mvp/seed_runs_layerwise_same_l_attentive_v1/mvp__same_l__jepa_v2__vitl_256__temporal_attn__layer_6/seed_101/layer_6/train/train_summary.json,results/seed_runs/seed_manifest_layerwise_same_l_attentive_v1.csv,48,50,75f06d419f7f38a7,artifacts/probes/mvp/seed_runs_layerwise_same_l_attentive_v1/mvp__same_l__jepa_v2__vitl_256__temporal_attn__layer_6/seed_101/layer_6/train,artifacts/probes/mvp/seed_runs_layerwise_same_l_attentive_v1/mvp__same_l__jepa_v2__vitl_256__temporal_attn__layer_6/seed_101/layer_6/train/train_summary.json,c87e26dec5462ed9,artifacts/probes/mvp/seed_runs_layerwise_same_l_attentive_v1/mvp__same_l__jepa_v2__vitl_256__temporal_attn__layer_6/seed_101/layer_6/train/probe_last.pt,67213602,23,18,true,30,7,resume_probe_last_disable_early_stopping_to_target_epoch,artifacts/probes/mvp/seed_runs_attentive_continued_to_max_epoch_v1/mvp__same_l__jepa_v2__vitl_256__temporal_attn__layer_6/seed_101,artifacts/results/mvp/seed_runs_attentive_continued_to_max_epoch_v1/mvp__same_l__jepa_v2__vitl_256__temporal_attn__layer_6/seed_101
mvp__same_l__jepa_v2__vitl_256__temporal_attn__layer_6__seed_102__continue_to_epoch_30,mvp__same_l__jepa_v2__vitl_256__temporal_attn__layer_6,train_eval.probe.mvp,MVP,mvp,same_L,V-JEPA 2,ViT-L/16,Attentive,temporal_attn,102,42,jepa_v2,vitl_256,6,,6,tokens,5.0000000000000002e-05,0.01,1,1,2,false,5,,,16,1,2,0.20000000000000001,cuda,artifacts/probes/mvp,seed_runs_attentive_continued_to_max_epoch_v1/mvp__same_l__jepa_v2__vitl_256__temporal_attn__layer_6/seed_102,artifacts/results/mvp,seed_runs_attentive_continued_to_max_epoch_v1/mvp__same_l__jepa_v2__vitl_256__temporal_attn__layer_6/seed_102,seed_runs_attentive_continued_to_max_epoch_v1_mvp__same_l__jepa_v2__vitl_256__temporal_attn__layer_6,mvp__same_l__jepa_v2__vitl_256__temporal_attn__layer_6__seed_102__continue_to_epoch_30,pending,,"[""seed=102"",""split.seed=42"",""backbone.name=jepa_v2"",""+backbone.kwargs.variant=vitl_256"",""probe.name=temporal_attn"",""probe.layer=6"",""probe.layers=[]"",""probe.feature_view=tokens"",""probe.device=cuda"",""probe.lr=5.0000000000000002e-05"",""probe.weight_decay=0.01"",""probe.batch_size=1"",""probe.eval_batch_size=1"",""probe.epochs=2"",""probe.early_stopping.enabled=false"",""probe.early_stopping.patience=5"",""probe.optuna.enabled=false"",""probe.output_dir=artifacts/probes/mvp"",""probe.output_subdir=seed_runs_attentive_continued_to_max_epoch_v1/mvp__same_l__jepa_v2__vitl_256__temporal_attn__layer_6/seed_102"",""probe.eval_output_dir=artifacts/results/mvp"",""probe.eval_output_subdir=seed_runs_attentive_continued_to_max_epoch_v1/mvp__same_l__jepa_v2__vitl_256__temporal_attn__layer_6/seed_102"",""probe.wandb.group=seed_runs_attentive_continued_to_max_epoch_v1_mvp__same_l__jepa_v2__vitl_256__temporal_attn__layer_6"",""probe.wandb.name=mvp__same_l__jepa_v2__vitl_256__temporal_attn__layer_6__seed_102__continue_to_epoch_30"",""feature_cache.layer_ids=[6,12,18,24]"",""probe.temporal_attn.num_heads=16"",""probe.temporal_attn.num_self_attn_blocks=1"",""probe.temporal_attn.mlp_ratio=2"",""probe.temporal_attn.dropout=0.20000000000000001"",""feature_cache.include_tokens=true"",""probe.init_checkpoint_path=artifacts/probes/mvp/seed_runs_layerwise_same_l_attentive_v1/mvp__same_l__jepa_v2__vitl_256__temporal_attn__layer_6/seed_102/layer_6/train/probe_last.pt""]",results/seed_runs/seed_manifest_layerwise_same_l_attentive_v1.csv,49,51,cb8fc2b9e56e0bc8,continuation_from_official_seed_manifest,,artifacts/probes/mvp/seed_runs_layerwise_same_l_attentive_v1/mvp__same_l__jepa_v2__vitl_256__temporal_attn__layer_6/seed_102/layer_6/train/train_summary.json,results/seed_runs/seed_manifest_layerwise_same_l_attentive_v1.csv,49,51,cb8fc2b9e56e0bc8,artifacts/probes/mvp/seed_runs_layerwise_same_l_attentive_v1/mvp__same_l__jepa_v2__vitl_256__temporal_attn__layer_6/seed_102/layer_6/train,artifacts/probes/mvp/seed_runs_layerwise_same_l_attentive_v1/mvp__same_l__jepa_v2__vitl_256__temporal_attn__layer_6/seed_102/layer_6/train/train_summary.json,9f81668bc0a3193d,artifacts/probes/mvp/seed_runs_layerwise_same_l_attentive_v1/mvp__same_l__jepa_v2__vitl_256__temporal_attn__layer_6/seed_102/layer_6/train/probe_last.pt,67213602,28,23,true,30,2,resume_probe_last_disable_early_stopping_to_target_epoch,artifacts/probes/mvp/seed_runs_attentive_continued_to_max_epoch_v1/mvp__same_l__jepa_v2__vitl_256__temporal_attn__layer_6/seed_102,artifacts/results/mvp/seed_runs_attentive_continued_to_max_epoch_v1/mvp__same_l__jepa_v2__vitl_256__temporal_attn__layer_6/seed_102
mvp__same_l__jepa_v2__vitl_256__temporal_attn__layer_12__seed_101__continue_to_epoch_30,mvp__same_l__jepa_v2__vitl_256__temporal_attn__layer_12,train_eval.probe.mvp,MVP,mvp,same_L,V-JEPA 2,ViT-L/16,Attentive,temporal_attn,101,42,jepa_v2,vitl_256,12,,12,tokens,5.0000000000000002e-05,0.01,1,1,6,false,5,,,16,1,2,0.20000000000000001,cuda,artifacts/probes/mvp,seed_runs_attentive_continued_to_max_epoch_v1/mvp__same_l__jepa_v2__vitl_256__temporal_attn__layer_12/seed_101,artifacts/results/mvp,seed_runs_attentive_continued_to_max_epoch_v1/mvp__same_l__jepa_v2__vitl_256__temporal_attn__layer_12/seed_101,seed_runs_attentive_continued_to_max_epoch_v1_mvp__same_l__jepa_v2__vitl_256__temporal_attn__layer_12,mvp__same_l__jepa_v2__vitl_256__temporal_attn__layer_12__seed_101__continue_to_epoch_30,pending,,"[""seed=101"",""split.seed=42"",""backbone.name=jepa_v2"",""+backbone.kwargs.variant=vitl_256"",""probe.name=temporal_attn"",""probe.layer=12"",""probe.layers=[]"",""probe.feature_view=tokens"",""probe.device=cuda"",""probe.lr=5.0000000000000002e-05"",""probe.weight_decay=0.01"",""probe.batch_size=1"",""probe.eval_batch_size=1"",""probe.epochs=6"",""probe.early_stopping.enabled=false"",""probe.early_stopping.patience=5"",""probe.optuna.enabled=false"",""probe.output_dir=artifacts/probes/mvp"",""probe.output_subdir=seed_runs_attentive_continued_to_max_epoch_v1/mvp__same_l__jepa_v2__vitl_256__temporal_attn__layer_12/seed_101"",""probe.eval_output_dir=artifacts/results/mvp"",""probe.eval_output_subdir=seed_runs_attentive_continued_to_max_epoch_v1/mvp__same_l__jepa_v2__vitl_256__temporal_attn__layer_12/seed_101"",""probe.wandb.group=seed_runs_attentive_continued_to_max_epoch_v1_mvp__same_l__jepa_v2__vitl_256__temporal_attn__layer_12"",""probe.wandb.name=mvp__same_l__jepa_v2__vitl_256__temporal_attn__layer_12__seed_101__continue_to_epoch_30"",""feature_cache.layer_ids=[6,12,18,24]"",""probe.temporal_attn.num_heads=16"",""probe.temporal_attn.num_self_attn_blocks=1"",""probe.temporal_attn.mlp_ratio=2"",""probe.temporal_attn.dropout=0.20000000000000001"",""feature_cache.include_tokens=true"",""probe.init_checkpoint_path=artifacts/probes/mvp/seed_runs_layerwise_same_l_attentive_v1/mvp__same_l__jepa_v2__vitl_256__temporal_attn__layer_12/seed_101/layer_12/train/probe_last.pt""]",results/seed_runs/seed_manifest_layerwise_same_l_attentive_v1.csv,50,52,9c96c75a5842b75d,continuation_from_official_seed_manifest,,artifacts/probes/mvp/seed_runs_layerwise_same_l_attentive_v1/mvp__same_l__jepa_v2__vitl_256__temporal_attn__layer_12/seed_101/layer_12/train/train_summary.json,results/seed_runs/seed_manifest_layerwise_same_l_attentive_v1.csv,50,52,9c96c75a5842b75d,artifacts/probes/mvp/seed_runs_layerwise_same_l_attentive_v1/mvp__same_l__jepa_v2__vitl_256__temporal_attn__layer_12/seed_101/layer_12/train,artifacts/probes/mvp/seed_runs_layerwise_same_l_attentive_v1/mvp__same_l__jepa_v2__vitl_256__temporal_attn__layer_12/seed_101/layer_12/train/train_summary.json,b960a7e70a790b2f,artifacts/probes/mvp/seed_runs_layerwise_same_l_attentive_v1/mvp__same_l__jepa_v2__vitl_256__temporal_attn__layer_12/seed_101/layer_12/train/probe_last.pt,67213602,24,19,true,30,6,resume_probe_last_disable_early_stopping_to_target_epoch,artifacts/probes/mvp/seed_runs_attentive_continued_to_max_epoch_v1/mvp__same_l__jepa_v2__vitl_256__temporal_attn__layer_12/seed_101,artifacts/results/mvp/seed_runs_attentive_continued_to_max_epoch_v1/mvp__same_l__jepa_v2__vitl_256__temporal_attn__layer_12/seed_101
mvp__same_l__jepa_v2__vitl_256__temporal_attn__layer_12__seed_102__continue_to_epoch_30,mvp__same_l__jepa_v2__vitl_256__temporal_attn__layer_12,train_eval.probe.mvp,MVP,mvp,same_L,V-JEPA 2,ViT-L/16,Attentive,temporal_attn,102,42,jepa_v2,vitl_256,12,,12,tokens,5.0000000000000002e-05,0.01,1,1,8,false,5,,,16,1,2,0.20000000000000001,cuda,artifacts/probes/mvp,seed_runs_attentive_continued_to_max_epoch_v1/mvp__same_l__jepa_v2__vitl_256__temporal_attn__layer_12/seed_102,artifacts/results/mvp,seed_runs_attentive_continued_to_max_epoch_v1/mvp__same_l__jepa_v2__vitl_256__temporal_attn__layer_12/seed_102,seed_runs_attentive_continued_to_max_epoch_v1_mvp__same_l__jepa_v2__vitl_256__temporal_attn__layer_12,mvp__same_l__jepa_v2__vitl_256__temporal_attn__layer_12__seed_102__continue_to_epoch_30,pending,,"[""seed=102"",""split.seed=42"",""backbone.name=jepa_v2"",""+backbone.kwargs.variant=vitl_256"",""probe.name=temporal_attn"",""probe.layer=12"",""probe.layers=[]"",""probe.feature_view=tokens"",""probe.device=cuda"",""probe.lr=5.0000000000000002e-05"",""probe.weight_decay=0.01"",""probe.batch_size=1"",""probe.eval_batch_size=1"",""probe.epochs=8"",""probe.early_stopping.enabled=false"",""probe.early_stopping.patience=5"",""probe.optuna.enabled=false"",""probe.output_dir=artifacts/probes/mvp"",""probe.output_subdir=seed_runs_attentive_continued_to_max_epoch_v1/mvp__same_l__jepa_v2__vitl_256__temporal_attn__layer_12/seed_102"",""probe.eval_output_dir=artifacts/results/mvp"",""probe.eval_output_subdir=seed_runs_attentive_continued_to_max_epoch_v1/mvp__same_l__jepa_v2__vitl_256__temporal_attn__layer_12/seed_102"",""probe.wandb.group=seed_runs_attentive_continued_to_max_epoch_v1_mvp__same_l__jepa_v2__vitl_256__temporal_attn__layer_12"",""probe.wandb.name=mvp__same_l__jepa_v2__vitl_256__temporal_attn__layer_12__seed_102__continue_to_epoch_30"",""feature_cache.layer_ids=[6,12,18,24]"",""probe.temporal_attn.num_heads=16"",""probe.temporal_attn.num_self_attn_blocks=1"",""probe.temporal_attn.mlp_ratio=2"",""probe.temporal_attn.dropout=0.20000000000000001"",""feature_cache.include_tokens=true"",""probe.init_checkpoint_path=artifacts/probes/mvp/seed_runs_layerwise_same_l_attentive_v1/mvp__same_l__jepa_v2__vitl_256__temporal_attn__layer_12/seed_102/layer_12/train/probe_last.pt""]",results/seed_runs/seed_manifest_layerwise_same_l_attentive_v1.csv,51,53,afa8e640a23c1bf6,continuation_from_official_seed_manifest,,artifacts/probes/mvp/seed_runs_layerwise_same_l_attentive_v1/mvp__same_l__jepa_v2__vitl_256__temporal_attn__layer_12/seed_102/layer_12/train/train_summary.json,results/seed_runs/seed_manifest_layerwise_same_l_attentive_v1.csv,51,53,afa8e640a23c1bf6,artifacts/probes/mvp/seed_runs_layerwise_same_l_attentive_v1/mvp__same_l__jepa_v2__vitl_256__temporal_attn__layer_12/seed_102/layer_12/train,artifacts/probes/mvp/seed_runs_layerwise_same_l_attentive_v1/mvp__same_l__jepa_v2__vitl_256__temporal_attn__layer_12/seed_102/layer_12/train/train_summary.json,10da8743c070174a,artifacts/probes/mvp/seed_runs_layerwise_same_l_attentive_v1/mvp__same_l__jepa_v2__vitl_256__temporal_attn__layer_12/seed_102/layer_12/train/probe_last.pt,67213602,22,17,true,30,8,resume_probe_last_disable_early_stopping_to_target_epoch,artifacts/probes/mvp/seed_runs_attentive_continued_to_max_epoch_v1/mvp__same_l__jepa_v2__vitl_256__temporal_attn__layer_12/seed_102,artifacts/results/mvp/seed_runs_attentive_continued_to_max_epoch_v1/mvp__same_l__jepa_v2__vitl_256__temporal_attn__layer_12/seed_102
mvp__same_l__jepa_v2__vitl_256__temporal_attn__layer_24__seed_102__continue_to_epoch_30,mvp__same_l__jepa_v2__vitl_256__temporal_attn__layer_24,train_eval.probe.mvp,MVP,mvp,same_L,V-JEPA 2,ViT-L/16,Attentive,temporal_attn,102,42,jepa_v2,vitl_256,24,,24,tokens,1.0000000000000001e-05,0.01,1,1,3,false,5,,,16,1,2,0.20000000000000001,cuda,artifacts/probes/mvp,seed_runs_attentive_continued_to_max_epoch_v1/mvp__same_l__jepa_v2__vitl_256__temporal_attn__layer_24/seed_102,artifacts/results/mvp,seed_runs_attentive_continued_to_max_epoch_v1/mvp__same_l__jepa_v2__vitl_256__temporal_attn__layer_24/seed_102,seed_runs_attentive_continued_to_max_epoch_v1_mvp__same_l__jepa_v2__vitl_256__temporal_attn__layer_24,mvp__same_l__jepa_v2__vitl_256__temporal_attn__layer_24__seed_102__continue_to_epoch_30,pending,,"[""seed=102"",""split.seed=42"",""backbone.name=jepa_v2"",""+backbone.kwargs.variant=vitl_256"",""probe.name=temporal_attn"",""probe.layer=24"",""probe.layers=[]"",""probe.feature_view=tokens"",""probe.device=cuda"",""probe.lr=1.0000000000000001e-05"",""probe.weight_decay=0.01"",""probe.batch_size=1"",""probe.eval_batch_size=1"",""probe.epochs=3"",""probe.early_stopping.enabled=false"",""probe.early_stopping.patience=5"",""probe.optuna.enabled=false"",""probe.output_dir=artifacts/probes/mvp"",""probe.output_subdir=seed_runs_attentive_continued_to_max_epoch_v1/mvp__same_l__jepa_v2__vitl_256__temporal_attn__layer_24/seed_102"",""probe.eval_output_dir=artifacts/results/mvp"",""probe.eval_output_subdir=seed_runs_attentive_continued_to_max_epoch_v1/mvp__same_l__jepa_v2__vitl_256__temporal_attn__layer_24/seed_102"",""probe.wandb.group=seed_runs_attentive_continued_to_max_epoch_v1_mvp__same_l__jepa_v2__vitl_256__temporal_attn__layer_24"",""probe.wandb.name=mvp__same_l__jepa_v2__vitl_256__temporal_attn__layer_24__seed_102__continue_to_epoch_30"",""feature_cache.layer_ids=[6,12,18,24]"",""probe.temporal_attn.num_heads=16"",""probe.temporal_attn.num_self_attn_blocks=1"",""probe.temporal_attn.mlp_ratio=2"",""probe.temporal_attn.dropout=0.20000000000000001"",""feature_cache.include_tokens=true"",""probe.init_checkpoint_path=artifacts/probes/mvp/seed_runs_layerwise_same_l_attentive_v1/mvp__same_l__jepa_v2__vitl_256__temporal_attn__layer_24/seed_102/layer_24/train/probe_last.pt""]",results/seed_runs/seed_manifest_layerwise_same_l_attentive_v1.csv,55,57,1dfac2feb915d2f2,continuation_from_official_seed_manifest,,artifacts/probes/mvp/seed_runs_layerwise_same_l_attentive_v1/mvp__same_l__jepa_v2__vitl_256__temporal_attn__layer_24/seed_102/layer_24/train/train_summary.json,results/seed_runs/seed_manifest_layerwise_same_l_attentive_v1.csv,55,57,1dfac2feb915d2f2,artifacts/probes/mvp/seed_runs_layerwise_same_l_attentive_v1/mvp__same_l__jepa_v2__vitl_256__temporal_attn__layer_24/seed_102/layer_24/train,artifacts/probes/mvp/seed_runs_layerwise_same_l_attentive_v1/mvp__same_l__jepa_v2__vitl_256__temporal_attn__layer_24/seed_102/layer_24/train/train_summary.json,ecbb2051d76417ef,artifacts/probes/mvp/seed_runs_layerwise_same_l_attentive_v1/mvp__same_l__jepa_v2__vitl_256__temporal_attn__layer_24/seed_102/layer_24/train/probe_last.pt,67213602,27,22,true,30,3,resume_probe_last_disable_early_stopping_to_target_epoch,artifacts/probes/mvp/seed_runs_attentive_continued_to_max_epoch_v1/mvp__same_l__jepa_v2__vitl_256__temporal_attn__layer_24/seed_102,artifacts/results/mvp/seed_runs_attentive_continued_to_max_epoch_v1/mvp__same_l__jepa_v2__vitl_256__temporal_attn__layer_24/seed_102
mvp__same_l__jepa_v2_1__vitl_384__temporal_attn__layer_6__seed_101__continue_to_epoch_30,mvp__same_l__jepa_v2_1__vitl_384__temporal_attn__layer_6,train_eval.probe.mvp,MVP,mvp,same_L,V-JEPA 2.1,ViT-L/16,Attentive,temporal_attn,101,42,jepa_v2_1,vitl_384,6,,6,tokens,0.0001,0.01,2,2,23,false,5,,,16,1,2,0.20000000000000001,cuda,artifacts/probes/mvp,seed_runs_attentive_continued_to_max_epoch_v1/mvp__same_l__jepa_v2_1__vitl_384__temporal_attn__layer_6/seed_101,artifacts/results/mvp,seed_runs_attentive_continued_to_max_epoch_v1/mvp__same_l__jepa_v2_1__vitl_384__temporal_attn__layer_6/seed_101,seed_runs_attentive_continued_to_max_epoch_v1_mvp__same_l__jepa_v2_1__vitl_384__temporal_attn__layer_6,mvp__same_l__jepa_v2_1__vitl_384__temporal_attn__layer_6__seed_101__continue_to_epoch_30,pending,,"[""seed=101"",""split.seed=42"",""backbone.name=jepa_v2_1"",""+backbone.kwargs.variant=vitl_384"",""probe.name=temporal_attn"",""probe.layer=6"",""probe.layers=[]"",""probe.feature_view=tokens"",""probe.device=cuda"",""probe.lr=0.0001"",""probe.weight_decay=0.01"",""probe.batch_size=2"",""probe.eval_batch_size=2"",""probe.epochs=23"",""probe.early_stopping.enabled=false"",""probe.early_stopping.patience=5"",""probe.optuna.enabled=false"",""probe.output_dir=artifacts/probes/mvp"",""probe.output_subdir=seed_runs_attentive_continued_to_max_epoch_v1/mvp__same_l__jepa_v2_1__vitl_384__temporal_attn__layer_6/seed_101"",""probe.eval_output_dir=artifacts/results/mvp"",""probe.eval_output_subdir=seed_runs_attentive_continued_to_max_epoch_v1/mvp__same_l__jepa_v2_1__vitl_384__temporal_attn__layer_6/seed_101"",""probe.wandb.group=seed_runs_attentive_continued_to_max_epoch_v1_mvp__same_l__jepa_v2_1__vitl_384__temporal_attn__layer_6"",""probe.wandb.name=mvp__same_l__jepa_v2_1__vitl_384__temporal_attn__layer_6__seed_101__continue_to_epoch_30"",""feature_cache.layer_ids=[6,12,18,24]"",""probe.temporal_attn.num_heads=16"",""probe.temporal_attn.num_self_attn_blocks=1"",""probe.temporal_attn.mlp_ratio=2"",""probe.temporal_attn.dropout=0.20000000000000001"",""feature_cache.include_tokens=true"",""probe.init_checkpoint_path=artifacts/probes/mvp/seed_runs_layerwise_same_l_attentive_v1/mvp__same_l__jepa_v2_1__vitl_384__temporal_attn__layer_6/seed_101/layer_6/train/probe_last.pt""]",results/seed_runs/seed_manifest_layerwise_same_l_attentive_v1.csv,56,58,adb3da598e980bed,continuation_from_official_seed_manifest,,artifacts/probes/mvp/seed_runs_layerwise_same_l_attentive_v1/mvp__same_l__jepa_v2_1__vitl_384__temporal_attn__layer_6/seed_101/layer_6/train/train_summary.json,results/seed_runs/seed_manifest_layerwise_same_l_attentive_v1.csv,56,58,adb3da598e980bed,artifacts/probes/mvp/seed_runs_layerwise_same_l_attentive_v1/mvp__same_l__jepa_v2_1__vitl_384__temporal_attn__layer_6/seed_101/layer_6/train,artifacts/probes/mvp/seed_runs_layerwise_same_l_attentive_v1/mvp__same_l__jepa_v2_1__vitl_384__temporal_attn__layer_6/seed_101/layer_6/train/train_summary.json,099df08e12d917f4,artifacts/probes/mvp/seed_runs_layerwise_same_l_attentive_v1/mvp__same_l__jepa_v2_1__vitl_384__temporal_attn__layer_6/seed_101/layer_6/train/probe_last.pt,67213602,7,2,true,30,23,resume_probe_last_disable_early_stopping_to_target_epoch,artifacts/probes/mvp/seed_runs_attentive_continued_to_max_epoch_v1/mvp__same_l__jepa_v2_1__vitl_384__temporal_attn__layer_6/seed_101,artifacts/results/mvp/seed_runs_attentive_continued_to_max_epoch_v1/mvp__same_l__jepa_v2_1__vitl_384__temporal_attn__layer_6/seed_101
mvp__same_l__jepa_v2_1__vitl_384__temporal_attn__layer_6__seed_102__continue_to_epoch_30,mvp__same_l__jepa_v2_1__vitl_384__temporal_attn__layer_6,train_eval.probe.mvp,MVP,mvp,same_L,V-JEPA 2.1,ViT-L/16,Attentive,temporal_attn,102,42,jepa_v2_1,vitl_384,6,,6,tokens,0.0001,0.01,2,2,24,false,5,,,16,1,2,0.20000000000000001,cuda,artifacts/probes/mvp,seed_runs_attentive_continued_to_max_epoch_v1/mvp__same_l__jepa_v2_1__vitl_384__temporal_attn__layer_6/seed_102,artifacts/results/mvp,seed_runs_attentive_continued_to_max_epoch_v1/mvp__same_l__jepa_v2_1__vitl_384__temporal_attn__layer_6/seed_102,seed_runs_attentive_continued_to_max_epoch_v1_mvp__same_l__jepa_v2_1__vitl_384__temporal_attn__layer_6,mvp__same_l__jepa_v2_1__vitl_384__temporal_attn__layer_6__seed_102__continue_to_epoch_30,pending,,"[""seed=102"",""split.seed=42"",""backbone.name=jepa_v2_1"",""+backbone.kwargs.variant=vitl_384"",""probe.name=temporal_attn"",""probe.layer=6"",""probe.layers=[]"",""probe.feature_view=tokens"",""probe.device=cuda"",""probe.lr=0.0001"",""probe.weight_decay=0.01"",""probe.batch_size=2"",""probe.eval_batch_size=2"",""probe.epochs=24"",""probe.early_stopping.enabled=false"",""probe.early_stopping.patience=5"",""probe.optuna.enabled=false"",""probe.output_dir=artifacts/probes/mvp"",""probe.output_subdir=seed_runs_attentive_continued_to_max_epoch_v1/mvp__same_l__jepa_v2_1__vitl_384__temporal_attn__layer_6/seed_102"",""probe.eval_output_dir=artifacts/results/mvp"",""probe.eval_output_subdir=seed_runs_attentive_continued_to_max_epoch_v1/mvp__same_l__jepa_v2_1__vitl_384__temporal_attn__layer_6/seed_102"",""probe.wandb.group=seed_runs_attentive_continued_to_max_epoch_v1_mvp__same_l__jepa_v2_1__vitl_384__temporal_attn__layer_6"",""probe.wandb.name=mvp__same_l__jepa_v2_1__vitl_384__temporal_attn__layer_6__seed_102__continue_to_epoch_30"",""feature_cache.layer_ids=[6,12,18,24]"",""probe.temporal_attn.num_heads=16"",""probe.temporal_attn.num_self_attn_blocks=1"",""probe.temporal_attn.mlp_ratio=2"",""probe.temporal_attn.dropout=0.20000000000000001"",""feature_cache.include_tokens=true"",""probe.init_checkpoint_path=artifacts/probes/mvp/seed_runs_layerwise_same_l_attentive_v1/mvp__same_l__jepa_v2_1__vitl_384__temporal_attn__layer_6/seed_102/layer_6/train/probe_last.pt""]",results/seed_runs/seed_manifest_layerwise_same_l_attentive_v1.csv,57,59,4cefbf85aae5a75a,continuation_from_official_seed_manifest,,artifacts/probes/mvp/seed_runs_layerwise_same_l_attentive_v1/mvp__same_l__jepa_v2_1__vitl_384__temporal_attn__layer_6/seed_102/layer_6/train/train_summary.json,results/seed_runs/seed_manifest_layerwise_same_l_attentive_v1.csv,57,59,4cefbf85aae5a75a,artifacts/probes/mvp/seed_runs_layerwise_same_l_attentive_v1/mvp__same_l__jepa_v2_1__vitl_384__temporal_attn__layer_6/seed_102/layer_6/train,artifacts/probes/mvp/seed_runs_layerwise_same_l_attentive_v1/mvp__same_l__jepa_v2_1__vitl_384__temporal_attn__layer_6/seed_102/layer_6/train/train_summary.json,defd519095ff7f8b,artifacts/probes/mvp/seed_runs_layerwise_same_l_attentive_v1/mvp__same_l__jepa_v2_1__vitl_384__temporal_attn__layer_6/seed_102/layer_6/train/probe_last.pt,67213602,6,1,true,30,24,resume_probe_last_disable_early_stopping_to_target_epoch,artifacts/probes/mvp/seed_runs_attentive_continued_to_max_epoch_v1/mvp__same_l__jepa_v2_1__vitl_384__temporal_attn__layer_6/seed_102,artifacts/results/mvp/seed_runs_attentive_continued_to_max_epoch_v1/mvp__same_l__jepa_v2_1__vitl_384__temporal_attn__layer_6/seed_102
mvp__same_l__jepa_v2_1__vitl_384__temporal_attn__layer_12__seed_101__continue_to_epoch_30,mvp__same_l__jepa_v2_1__vitl_384__temporal_attn__layer_12,train_eval.probe.mvp,MVP,mvp,same_L,V-JEPA 2.1,ViT-L/16,Attentive,temporal_attn,101,42,jepa_v2_1,vitl_384,12,,12,tokens,5.0000000000000002e-05,0.01,2,2,5,false,5,,,16,1,2,0.20000000000000001,cuda,artifacts/probes/mvp,seed_runs_attentive_continued_to_max_epoch_v1/mvp__same_l__jepa_v2_1__vitl_384__temporal_attn__layer_12/seed_101,artifacts/results/mvp,seed_runs_attentive_continued_to_max_epoch_v1/mvp__same_l__jepa_v2_1__vitl_384__temporal_attn__layer_12/seed_101,seed_runs_attentive_continued_to_max_epoch_v1_mvp__same_l__jepa_v2_1__vitl_384__temporal_attn__layer_12,mvp__same_l__jepa_v2_1__vitl_384__temporal_attn__layer_12__seed_101__continue_to_epoch_30,pending,,"[""seed=101"",""split.seed=42"",""backbone.name=jepa_v2_1"",""+backbone.kwargs.variant=vitl_384"",""probe.name=temporal_attn"",""probe.layer=12"",""probe.layers=[]"",""probe.feature_view=tokens"",""probe.device=cuda"",""probe.lr=5.0000000000000002e-05"",""probe.weight_decay=0.01"",""probe.batch_size=2"",""probe.eval_batch_size=2"",""probe.epochs=5"",""probe.early_stopping.enabled=false"",""probe.early_stopping.patience=5"",""probe.optuna.enabled=false"",""probe.output_dir=artifacts/probes/mvp"",""probe.output_subdir=seed_runs_attentive_continued_to_max_epoch_v1/mvp__same_l__jepa_v2_1__vitl_384__temporal_attn__layer_12/seed_101"",""probe.eval_output_dir=artifacts/results/mvp"",""probe.eval_output_subdir=seed_runs_attentive_continued_to_max_epoch_v1/mvp__same_l__jepa_v2_1__vitl_384__temporal_attn__layer_12/seed_101"",""probe.wandb.group=seed_runs_attentive_continued_to_max_epoch_v1_mvp__same_l__jepa_v2_1__vitl_384__temporal_attn__layer_12"",""probe.wandb.name=mvp__same_l__jepa_v2_1__vitl_384__temporal_attn__layer_12__seed_101__continue_to_epoch_30"",""feature_cache.layer_ids=[6,12,18,24]"",""probe.temporal_attn.num_heads=16"",""probe.temporal_attn.num_self_attn_blocks=1"",""probe.temporal_attn.mlp_ratio=2"",""probe.temporal_attn.dropout=0.20000000000000001"",""feature_cache.include_tokens=true"",""probe.init_checkpoint_path=artifacts/probes/mvp/seed_runs_layerwise_same_l_attentive_v1/mvp__same_l__jepa_v2_1__vitl_384__temporal_attn__layer_12/seed_101/layer_12/train/probe_last.pt""]",results/seed_runs/seed_manifest_layerwise_same_l_attentive_v1.csv,58,60,dcbcfe4fa488f729,continuation_from_official_seed_manifest,,artifacts/probes/mvp/seed_runs_layerwise_same_l_attentive_v1/mvp__same_l__jepa_v2_1__vitl_384__temporal_attn__layer_12/seed_101/layer_12/train/train_summary.json,results/seed_runs/seed_manifest_layerwise_same_l_attentive_v1.csv,58,60,dcbcfe4fa488f729,artifacts/probes/mvp/seed_runs_layerwise_same_l_attentive_v1/mvp__same_l__jepa_v2_1__vitl_384__temporal_attn__layer_12/seed_101/layer_12/train,artifacts/probes/mvp/seed_runs_layerwise_same_l_attentive_v1/mvp__same_l__jepa_v2_1__vitl_384__temporal_attn__layer_12/seed_101/layer_12/train/train_summary.json,9cb111459783ce46,artifacts/probes/mvp/seed_runs_layerwise_same_l_attentive_v1/mvp__same_l__jepa_v2_1__vitl_384__temporal_attn__layer_12/seed_101/layer_12/train/probe_last.pt,67213602,25,20,true,30,5,resume_probe_last_disable_early_stopping_to_target_epoch,artifacts/probes/mvp/seed_runs_attentive_continued_to_max_epoch_v1/mvp__same_l__jepa_v2_1__vitl_384__temporal_attn__layer_12/seed_101,artifacts/results/mvp/seed_runs_attentive_continued_to_max_epoch_v1/mvp__same_l__jepa_v2_1__vitl_384__temporal_attn__layer_12/seed_101
mvp__same_l__jepa_v2_1__vitl_384__temporal_attn__layer_18__seed_101__continue_to_epoch_30,mvp__same_l__jepa_v2_1__vitl_384__temporal_attn__layer_18,train_eval.probe.mvp,MVP,mvp,same_L,V-JEPA 2.1,ViT-L/16,Attentive,temporal_attn,101,42,jepa_v2_1,vitl_384,18,,18,tokens,5.0000000000000002e-05,0.01,2,2,15,false,5,,,16,1,2,0.20000000000000001,cuda,artifacts/probes/mvp,seed_runs_attentive_continued_to_max_epoch_v1/mvp__same_l__jepa_v2_1__vitl_384__temporal_attn__layer_18/seed_101,artifacts/results/mvp,seed_runs_attentive_continued_to_max_epoch_v1/mvp__same_l__jepa_v2_1__vitl_384__temporal_attn__layer_18/seed_101,seed_runs_attentive_continued_to_max_epoch_v1_mvp__same_l__jepa_v2_1__vitl_384__temporal_attn__layer_18,mvp__same_l__jepa_v2_1__vitl_384__temporal_attn__layer_18__seed_101__continue_to_epoch_30,pending,,"[""seed=101"",""split.seed=42"",""backbone.name=jepa_v2_1"",""+backbone.kwargs.variant=vitl_384"",""probe.name=temporal_attn"",""probe.layer=18"",""probe.layers=[]"",""probe.feature_view=tokens"",""probe.device=cuda"",""probe.lr=5.0000000000000002e-05"",""probe.weight_decay=0.01"",""probe.batch_size=2"",""probe.eval_batch_size=2"",""probe.epochs=15"",""probe.early_stopping.enabled=false"",""probe.early_stopping.patience=5"",""probe.optuna.enabled=false"",""probe.output_dir=artifacts/probes/mvp"",""probe.output_subdir=seed_runs_attentive_continued_to_max_epoch_v1/mvp__same_l__jepa_v2_1__vitl_384__temporal_attn__layer_18/seed_101"",""probe.eval_output_dir=artifacts/results/mvp"",""probe.eval_output_subdir=seed_runs_attentive_continued_to_max_epoch_v1/mvp__same_l__jepa_v2_1__vitl_384__temporal_attn__layer_18/seed_101"",""probe.wandb.group=seed_runs_attentive_continued_to_max_epoch_v1_mvp__same_l__jepa_v2_1__vitl_384__temporal_attn__layer_18"",""probe.wandb.name=mvp__same_l__jepa_v2_1__vitl_384__temporal_attn__layer_18__seed_101__continue_to_epoch_30"",""feature_cache.layer_ids=[6,12,18,24]"",""probe.temporal_attn.num_heads=16"",""probe.temporal_attn.num_self_attn_blocks=1"",""probe.temporal_attn.mlp_ratio=2"",""probe.temporal_attn.dropout=0.20000000000000001"",""feature_cache.include_tokens=true"",""probe.init_checkpoint_path=artifacts/probes/mvp/seed_runs_layerwise_same_l_attentive_v1/mvp__same_l__jepa_v2_1__vitl_384__temporal_attn__layer_18/seed_101/layer_18/train/probe_last.pt""]",results/seed_runs/seed_manifest_layerwise_same_l_attentive_v1.csv,60,62,e8bbf23dc507ab8a,continuation_from_official_seed_manifest,,artifacts/probes/mvp/seed_runs_layerwise_same_l_attentive_v1/mvp__same_l__jepa_v2_1__vitl_384__temporal_attn__layer_18/seed_101/layer_18/train/train_summary.json,results/seed_runs/seed_manifest_layerwise_same_l_attentive_v1.csv,60,62,e8bbf23dc507ab8a,artifacts/probes/mvp/seed_runs_layerwise_same_l_attentive_v1/mvp__same_l__jepa_v2_1__vitl_384__temporal_attn__layer_18/seed_101/layer_18/train,artifacts/probes/mvp/seed_runs_layerwise_same_l_attentive_v1/mvp__same_l__jepa_v2_1__vitl_384__temporal_attn__layer_18/seed_101/layer_18/train/train_summary.json,27c8d9609c48bddf,artifacts/probes/mvp/seed_runs_layerwise_same_l_attentive_v1/mvp__same_l__jepa_v2_1__vitl_384__temporal_attn__layer_18/seed_101/layer_18/train/probe_last.pt,67213602,15,10,true,30,15,resume_probe_last_disable_early_stopping_to_target_epoch,artifacts/probes/mvp/seed_runs_attentive_continued_to_max_epoch_v1/mvp__same_l__jepa_v2_1__vitl_384__temporal_attn__layer_18/seed_101,artifacts/results/mvp/seed_runs_attentive_continued_to_max_epoch_v1/mvp__same_l__jepa_v2_1__vitl_384__temporal_attn__layer_18/seed_101
mvp__same_l__jepa_v2_1__vitl_384__temporal_attn__layer_18__seed_102__continue_to_epoch_30,mvp__same_l__jepa_v2_1__vitl_384__temporal_attn__layer_18,train_eval.probe.mvp,MVP,mvp,same_L,V-JEPA 2.1,ViT-L/16,Attentive,temporal_attn,102,42,jepa_v2_1,vitl_384,18,,18,tokens,5.0000000000000002e-05,0.01,2,2,5,false,5,,,16,1,2,0.20000000000000001,cuda,artifacts/probes/mvp,seed_runs_attentive_continued_to_max_epoch_v1/mvp__same_l__jepa_v2_1__vitl_384__temporal_attn__layer_18/seed_102,artifacts/results/mvp,seed_runs_attentive_continued_to_max_epoch_v1/mvp__same_l__jepa_v2_1__vitl_384__temporal_attn__layer_18/seed_102,seed_runs_attentive_continued_to_max_epoch_v1_mvp__same_l__jepa_v2_1__vitl_384__temporal_attn__layer_18,mvp__same_l__jepa_v2_1__vitl_384__temporal_attn__layer_18__seed_102__continue_to_epoch_30,pending,,"[""seed=102"",""split.seed=42"",""backbone.name=jepa_v2_1"",""+backbone.kwargs.variant=vitl_384"",""probe.name=temporal_attn"",""probe.layer=18"",""probe.layers=[]"",""probe.feature_view=tokens"",""probe.device=cuda"",""probe.lr=5.0000000000000002e-05"",""probe.weight_decay=0.01"",""probe.batch_size=2"",""probe.eval_batch_size=2"",""probe.epochs=5"",""probe.early_stopping.enabled=false"",""probe.early_stopping.patience=5"",""probe.optuna.enabled=false"",""probe.output_dir=artifacts/probes/mvp"",""probe.output_subdir=seed_runs_attentive_continued_to_max_epoch_v1/mvp__same_l__jepa_v2_1__vitl_384__temporal_attn__layer_18/seed_102"",""probe.eval_output_dir=artifacts/results/mvp"",""probe.eval_output_subdir=seed_runs_attentive_continued_to_max_epoch_v1/mvp__same_l__jepa_v2_1__vitl_384__temporal_attn__layer_18/seed_102"",""probe.wandb.group=seed_runs_attentive_continued_to_max_epoch_v1_mvp__same_l__jepa_v2_1__vitl_384__temporal_attn__layer_18"",""probe.wandb.name=mvp__same_l__jepa_v2_1__vitl_384__temporal_attn__layer_18__seed_102__continue_to_epoch_30"",""feature_cache.layer_ids=[6,12,18,24]"",""probe.temporal_attn.num_heads=16"",""probe.temporal_attn.num_self_attn_blocks=1"",""probe.temporal_attn.mlp_ratio=2"",""probe.temporal_attn.dropout=0.20000000000000001"",""feature_cache.include_tokens=true"",""probe.init_checkpoint_path=artifacts/probes/mvp/seed_runs_layerwise_same_l_attentive_v1/mvp__same_l__jepa_v2_1__vitl_384__temporal_attn__layer_18/seed_102/layer_18/train/probe_last.pt""]",results/seed_runs/seed_manifest_layerwise_same_l_attentive_v1.csv,61,63,fe5d5792a9924547,continuation_from_official_seed_manifest,,artifacts/probes/mvp/seed_runs_layerwise_same_l_attentive_v1/mvp__same_l__jepa_v2_1__vitl_384__temporal_attn__layer_18/seed_102/layer_18/train/train_summary.json,results/seed_runs/seed_manifest_layerwise_same_l_attentive_v1.csv,61,63,fe5d5792a9924547,artifacts/probes/mvp/seed_runs_layerwise_same_l_attentive_v1/mvp__same_l__jepa_v2_1__vitl_384__temporal_attn__layer_18/seed_102/layer_18/train,artifacts/probes/mvp/seed_runs_layerwise_same_l_attentive_v1/mvp__same_l__jepa_v2_1__vitl_384__temporal_attn__layer_18/seed_102/layer_18/train/train_summary.json,3ca6b8216e612002,artifacts/probes/mvp/seed_runs_layerwise_same_l_attentive_v1/mvp__same_l__jepa_v2_1__vitl_384__temporal_attn__layer_18/seed_102/layer_18/train/probe_last.pt,67213602,25,20,true,30,5,resume_probe_last_disable_early_stopping_to_target_epoch,artifacts/probes/mvp/seed_runs_attentive_continued_to_max_epoch_v1/mvp__same_l__jepa_v2_1__vitl_384__temporal_attn__layer_18/seed_102,artifacts/results/mvp/seed_runs_attentive_continued_to_max_epoch_v1/mvp__same_l__jepa_v2_1__vitl_384__temporal_attn__layer_18/seed_102
mvp__same_l__jepa_v2_1__vitl_384__temporal_attn__layer_24__seed_102__continue_to_epoch_30,mvp__same_l__jepa_v2_1__vitl_384__temporal_attn__layer_24,train_eval.probe.mvp,MVP,mvp,same_L,V-JEPA 2.1,ViT-L/16,Attentive,temporal_attn,102,42,jepa_v2_1,vitl_384,24,,24,tokens,5.0000000000000002e-05,0.01,2,2,1,false,5,,,16,1,2,0.20000000000000001,cuda,artifacts/probes/mvp,seed_runs_attentive_continued_to_max_epoch_v1/mvp__same_l__jepa_v2_1__vitl_384__temporal_attn__layer_24/seed_102,artifacts/results/mvp,seed_runs_attentive_continued_to_max_epoch_v1/mvp__same_l__jepa_v2_1__vitl_384__temporal_attn__layer_24/seed_102,seed_runs_attentive_continued_to_max_epoch_v1_mvp__same_l__jepa_v2_1__vitl_384__temporal_attn__layer_24,mvp__same_l__jepa_v2_1__vitl_384__temporal_attn__layer_24__seed_102__continue_to_epoch_30,pending,,"[""seed=102"",""split.seed=42"",""backbone.name=jepa_v2_1"",""+backbone.kwargs.variant=vitl_384"",""probe.name=temporal_attn"",""probe.layer=24"",""probe.layers=[]"",""probe.feature_view=tokens"",""probe.device=cuda"",""probe.lr=5.0000000000000002e-05"",""probe.weight_decay=0.01"",""probe.batch_size=2"",""probe.eval_batch_size=2"",""probe.epochs=1"",""probe.early_stopping.enabled=false"",""probe.early_stopping.patience=5"",""probe.optuna.enabled=false"",""probe.output_dir=artifacts/probes/mvp"",""probe.output_subdir=seed_runs_attentive_continued_to_max_epoch_v1/mvp__same_l__jepa_v2_1__vitl_384__temporal_attn__layer_24/seed_102"",""probe.eval_output_dir=artifacts/results/mvp"",""probe.eval_output_subdir=seed_runs_attentive_continued_to_max_epoch_v1/mvp__same_l__jepa_v2_1__vitl_384__temporal_attn__layer_24/seed_102"",""probe.wandb.group=seed_runs_attentive_continued_to_max_epoch_v1_mvp__same_l__jepa_v2_1__vitl_384__temporal_attn__layer_24"",""probe.wandb.name=mvp__same_l__jepa_v2_1__vitl_384__temporal_attn__layer_24__seed_102__continue_to_epoch_30"",""feature_cache.layer_ids=[6,12,18,24]"",""probe.temporal_attn.num_heads=16"",""probe.temporal_attn.num_self_attn_blocks=1"",""probe.temporal_attn.mlp_ratio=2"",""probe.temporal_attn.dropout=0.20000000000000001"",""feature_cache.include_tokens=true"",""probe.init_checkpoint_path=artifacts/probes/mvp/seed_runs_layerwise_same_l_attentive_v1/mvp__same_l__jepa_v2_1__vitl_384__temporal_attn__layer_24/seed_102/layer_24/train/probe_last.pt""]",results/seed_runs/seed_manifest_layerwise_same_l_attentive_v1.csv,63,65,3fae13999d19c457,continuation_from_official_seed_manifest,,artifacts/probes/mvp/seed_runs_layerwise_same_l_attentive_v1/mvp__same_l__jepa_v2_1__vitl_384__temporal_attn__layer_24/seed_102/layer_24/train/train_summary.json,results/seed_runs/seed_manifest_layerwise_same_l_attentive_v1.csv,63,65,3fae13999d19c457,artifacts/probes/mvp/seed_runs_layerwise_same_l_attentive_v1/mvp__same_l__jepa_v2_1__vitl_384__temporal_attn__layer_24/seed_102/layer_24/train,artifacts/probes/mvp/seed_runs_layerwise_same_l_attentive_v1/mvp__same_l__jepa_v2_1__vitl_384__temporal_attn__layer_24/seed_102/layer_24/train/train_summary.json,e0a454dcb12b6ee8,artifacts/probes/mvp/seed_runs_layerwise_same_l_attentive_v1/mvp__same_l__jepa_v2_1__vitl_384__temporal_attn__layer_24/seed_102/layer_24/train/probe_last.pt,67213602,29,24,true,30,1,resume_probe_last_disable_early_stopping_to_target_epoch,artifacts/probes/mvp/seed_runs_attentive_continued_to_max_epoch_v1/mvp__same_l__jepa_v2_1__vitl_384__temporal_attn__layer_24/seed_102,artifacts/results/mvp/seed_runs_attentive_continued_to_max_epoch_v1/mvp__same_l__jepa_v2_1__vitl_384__temporal_attn__layer_24/seed_102
mvp__same_l__videomae__vit_large_16_224__temporal_attn__layer_12__seed_101__continue_to_epoch_30,mvp__same_l__videomae__vit_large_16_224__temporal_attn__layer_12,train_eval.probe.mvp,MVP,mvp,same_L,VideoMAE,ViT-L/16,Attentive,temporal_attn,101,42,videomae,vit_large_16_224,12,,12,tokens,1.0000000000000001e-05,0.01,1,1,2,false,5,,,16,1,2,0.20000000000000001,cuda,artifacts/probes/mvp,seed_runs_attentive_continued_to_max_epoch_v1/mvp__same_l__videomae__vit_large_16_224__temporal_attn__layer_12/seed_101,artifacts/results/mvp,seed_runs_attentive_continued_to_max_epoch_v1/mvp__same_l__videomae__vit_large_16_224__temporal_attn__layer_12/seed_101,seed_runs_attentive_continued_to_max_epoch_v1_mvp__same_l__videomae__vit_large_16_224__temporal_attn__layer_12,mvp__same_l__videomae__vit_large_16_224__temporal_attn__layer_12__seed_101__continue_to_epoch_30,pending,,"[""seed=101"",""split.seed=42"",""backbone.name=videomae"",""+backbone.kwargs.variant=vit_large_16_224"",""probe.name=temporal_attn"",""probe.layer=12"",""probe.layers=[]"",""probe.feature_view=tokens"",""probe.device=cuda"",""probe.lr=1.0000000000000001e-05"",""probe.weight_decay=0.01"",""probe.batch_size=1"",""probe.eval_batch_size=1"",""probe.epochs=2"",""probe.early_stopping.enabled=false"",""probe.early_stopping.patience=5"",""probe.optuna.enabled=false"",""probe.output_dir=artifacts/probes/mvp"",""probe.output_subdir=seed_runs_attentive_continued_to_max_epoch_v1/mvp__same_l__videomae__vit_large_16_224__temporal_attn__layer_12/seed_101"",""probe.eval_output_dir=artifacts/results/mvp"",""probe.eval_output_subdir=seed_runs_attentive_continued_to_max_epoch_v1/mvp__same_l__videomae__vit_large_16_224__temporal_attn__layer_12/seed_101"",""probe.wandb.group=seed_runs_attentive_continued_to_max_epoch_v1_mvp__same_l__videomae__vit_large_16_224__temporal_attn__layer_12"",""probe.wandb.name=mvp__same_l__videomae__vit_large_16_224__temporal_attn__layer_12__seed_101__continue_to_epoch_30"",""feature_cache.layer_ids=[6,12,18,24]"",""probe.temporal_attn.num_heads=16"",""probe.temporal_attn.num_self_attn_blocks=1"",""probe.temporal_attn.mlp_ratio=2"",""probe.temporal_attn.dropout=0.20000000000000001"",""feature_cache.include_tokens=true"",""probe.init_checkpoint_path=artifacts/probes/mvp/seed_runs_layerwise_same_l_attentive_v1/mvp__same_l__videomae__vit_large_16_224__temporal_attn__layer_12/seed_101/layer_12/train/probe_last.pt""]",results/seed_runs/seed_manifest_layerwise_same_l_attentive_v1.csv,66,68,8cdfee97474ee943,continuation_from_official_seed_manifest,,artifacts/probes/mvp/seed_runs_layerwise_same_l_attentive_v1/mvp__same_l__videomae__vit_large_16_224__temporal_attn__layer_12/seed_101/layer_12/train/train_summary.json,results/seed_runs/seed_manifest_layerwise_same_l_attentive_v1.csv,66,68,8cdfee97474ee943,artifacts/probes/mvp/seed_runs_layerwise_same_l_attentive_v1/mvp__same_l__videomae__vit_large_16_224__temporal_attn__layer_12/seed_101/layer_12/train,artifacts/probes/mvp/seed_runs_layerwise_same_l_attentive_v1/mvp__same_l__videomae__vit_large_16_224__temporal_attn__layer_12/seed_101/layer_12/train/train_summary.json,c5f1a1c1e145623f,artifacts/probes/mvp/seed_runs_layerwise_same_l_attentive_v1/mvp__same_l__videomae__vit_large_16_224__temporal_attn__layer_12/seed_101/layer_12/train/probe_last.pt,67213602,28,23,true,30,2,resume_probe_last_disable_early_stopping_to_target_epoch,artifacts/probes/mvp/seed_runs_attentive_continued_to_max_epoch_v1/mvp__same_l__videomae__vit_large_16_224__temporal_attn__layer_12/seed_101,artifacts/results/mvp/seed_runs_attentive_continued_to_max_epoch_v1/mvp__same_l__videomae__vit_large_16_224__temporal_attn__layer_12/seed_101
mvp__same_l__videomae__vit_large_16_224__temporal_attn__layer_12__seed_102__continue_to_epoch_30,mvp__same_l__videomae__vit_large_16_224__temporal_attn__layer_12,train_eval.probe.mvp,MVP,mvp,same_L,VideoMAE,ViT-L/16,Attentive,temporal_attn,102,42,videomae,vit_large_16_224,12,,12,tokens,1.0000000000000001e-05,0.01,1,1,2,false,5,,,16,1,2,0.20000000000000001,cuda,artifacts/probes/mvp,seed_runs_attentive_continued_to_max_epoch_v1/mvp__same_l__videomae__vit_large_16_224__temporal_attn__layer_12/seed_102,artifacts/results/mvp,seed_runs_attentive_continued_to_max_epoch_v1/mvp__same_l__videomae__vit_large_16_224__temporal_attn__layer_12/seed_102,seed_runs_attentive_continued_to_max_epoch_v1_mvp__same_l__videomae__vit_large_16_224__temporal_attn__layer_12,mvp__same_l__videomae__vit_large_16_224__temporal_attn__layer_12__seed_102__continue_to_epoch_30,pending,,"[""seed=102"",""split.seed=42"",""backbone.name=videomae"",""+backbone.kwargs.variant=vit_large_16_224"",""probe.name=temporal_attn"",""probe.layer=12"",""probe.layers=[]"",""probe.feature_view=tokens"",""probe.device=cuda"",""probe.lr=1.0000000000000001e-05"",""probe.weight_decay=0.01"",""probe.batch_size=1"",""probe.eval_batch_size=1"",""probe.epochs=2"",""probe.early_stopping.enabled=false"",""probe.early_stopping.patience=5"",""probe.optuna.enabled=false"",""probe.output_dir=artifacts/probes/mvp"",""probe.output_subdir=seed_runs_attentive_continued_to_max_epoch_v1/mvp__same_l__videomae__vit_large_16_224__temporal_attn__layer_12/seed_102"",""probe.eval_output_dir=artifacts/results/mvp"",""probe.eval_output_subdir=seed_runs_attentive_continued_to_max_epoch_v1/mvp__same_l__videomae__vit_large_16_224__temporal_attn__layer_12/seed_102"",""probe.wandb.group=seed_runs_attentive_continued_to_max_epoch_v1_mvp__same_l__videomae__vit_large_16_224__temporal_attn__layer_12"",""probe.wandb.name=mvp__same_l__videomae__vit_large_16_224__temporal_attn__layer_12__seed_102__continue_to_epoch_30"",""feature_cache.layer_ids=[6,12,18,24]"",""probe.temporal_attn.num_heads=16"",""probe.temporal_attn.num_self_attn_blocks=1"",""probe.temporal_attn.mlp_ratio=2"",""probe.temporal_attn.dropout=0.20000000000000001"",""feature_cache.include_tokens=true"",""probe.init_checkpoint_path=artifacts/probes/mvp/seed_runs_layerwise_same_l_attentive_v1/mvp__same_l__videomae__vit_large_16_224__temporal_attn__layer_12/seed_102/layer_12/train/probe_last.pt""]",results/seed_runs/seed_manifest_layerwise_same_l_attentive_v1.csv,67,69,a4746beac7718034,continuation_from_official_seed_manifest,,artifacts/probes/mvp/seed_runs_layerwise_same_l_attentive_v1/mvp__same_l__videomae__vit_large_16_224__temporal_attn__layer_12/seed_102/layer_12/train/train_summary.json,results/seed_runs/seed_manifest_layerwise_same_l_attentive_v1.csv,67,69,a4746beac7718034,artifacts/probes/mvp/seed_runs_layerwise_same_l_attentive_v1/mvp__same_l__videomae__vit_large_16_224__temporal_attn__layer_12/seed_102/layer_12/train,artifacts/probes/mvp/seed_runs_layerwise_same_l_attentive_v1/mvp__same_l__videomae__vit_large_16_224__temporal_attn__layer_12/seed_102/layer_12/train/train_summary.json,a4bfbf8f486609f2,artifacts/probes/mvp/seed_runs_layerwise_same_l_attentive_v1/mvp__same_l__videomae__vit_large_16_224__temporal_attn__layer_12/seed_102/layer_12/train/probe_last.pt,67213602,28,23,true,30,2,resume_probe_last_disable_early_stopping_to_target_epoch,artifacts/probes/mvp/seed_runs_attentive_continued_to_max_epoch_v1/mvp__same_l__videomae__vit_large_16_224__temporal_attn__layer_12/seed_102,artifacts/results/mvp/seed_runs_attentive_continued_to_max_epoch_v1/mvp__same_l__videomae__vit_large_16_224__temporal_attn__layer_12/seed_102
mvp__same_l__videomae__vit_large_16_224__temporal_attn__layer_18__seed_102__continue_to_epoch_30,mvp__same_l__videomae__vit_large_16_224__temporal_attn__layer_18,train_eval.probe.mvp,MVP,mvp,same_L,VideoMAE,ViT-L/16,Attentive,temporal_attn,102,42,videomae,vit_large_16_224,18,,18,tokens,1.0000000000000001e-05,0.01,1,1,3,false,5,,,16,1,2,0.20000000000000001,cuda,artifacts/probes/mvp,seed_runs_attentive_continued_to_max_epoch_v1/mvp__same_l__videomae__vit_large_16_224__temporal_attn__layer_18/seed_102,artifacts/results/mvp,seed_runs_attentive_continued_to_max_epoch_v1/mvp__same_l__videomae__vit_large_16_224__temporal_attn__layer_18/seed_102,seed_runs_attentive_continued_to_max_epoch_v1_mvp__same_l__videomae__vit_large_16_224__temporal_attn__layer_18,mvp__same_l__videomae__vit_large_16_224__temporal_attn__layer_18__seed_102__continue_to_epoch_30,pending,,"[""seed=102"",""split.seed=42"",""backbone.name=videomae"",""+backbone.kwargs.variant=vit_large_16_224"",""probe.name=temporal_attn"",""probe.layer=18"",""probe.layers=[]"",""probe.feature_view=tokens"",""probe.device=cuda"",""probe.lr=1.0000000000000001e-05"",""probe.weight_decay=0.01"",""probe.batch_size=1"",""probe.eval_batch_size=1"",""probe.epochs=3"",""probe.early_stopping.enabled=false"",""probe.early_stopping.patience=5"",""probe.optuna.enabled=false"",""probe.output_dir=artifacts/probes/mvp"",""probe.output_subdir=seed_runs_attentive_continued_to_max_epoch_v1/mvp__same_l__videomae__vit_large_16_224__temporal_attn__layer_18/seed_102"",""probe.eval_output_dir=artifacts/results/mvp"",""probe.eval_output_subdir=seed_runs_attentive_continued_to_max_epoch_v1/mvp__same_l__videomae__vit_large_16_224__temporal_attn__layer_18/seed_102"",""probe.wandb.group=seed_runs_attentive_continued_to_max_epoch_v1_mvp__same_l__videomae__vit_large_16_224__temporal_attn__layer_18"",""probe.wandb.name=mvp__same_l__videomae__vit_large_16_224__temporal_attn__layer_18__seed_102__continue_to_epoch_30"",""feature_cache.layer_ids=[6,12,18,24]"",""probe.temporal_attn.num_heads=16"",""probe.temporal_attn.num_self_attn_blocks=1"",""probe.temporal_attn.mlp_ratio=2"",""probe.temporal_attn.dropout=0.20000000000000001"",""feature_cache.include_tokens=true"",""probe.init_checkpoint_path=artifacts/probes/mvp/seed_runs_layerwise_same_l_attentive_v1/mvp__same_l__videomae__vit_large_16_224__temporal_attn__layer_18/seed_102/layer_18/train/probe_last.pt""]",results/seed_runs/seed_manifest_layerwise_same_l_attentive_v1.csv,69,71,c90249c418e63cfd,continuation_from_official_seed_manifest,,artifacts/probes/mvp/seed_runs_layerwise_same_l_attentive_v1/mvp__same_l__videomae__vit_large_16_224__temporal_attn__layer_18/seed_102/layer_18/train/train_summary.json,results/seed_runs/seed_manifest_layerwise_same_l_attentive_v1.csv,69,71,c90249c418e63cfd,artifacts/probes/mvp/seed_runs_layerwise_same_l_attentive_v1/mvp__same_l__videomae__vit_large_16_224__temporal_attn__layer_18/seed_102/layer_18/train,artifacts/probes/mvp/seed_runs_layerwise_same_l_attentive_v1/mvp__same_l__videomae__vit_large_16_224__temporal_attn__layer_18/seed_102/layer_18/train/train_summary.json,0a4e059938346643,artifacts/probes/mvp/seed_runs_layerwise_same_l_attentive_v1/mvp__same_l__videomae__vit_large_16_224__temporal_attn__layer_18/seed_102/layer_18/train/probe_last.pt,67213602,27,22,true,30,3,resume_probe_last_disable_early_stopping_to_target_epoch,artifacts/probes/mvp/seed_runs_attentive_continued_to_max_epoch_v1/mvp__same_l__videomae__vit_large_16_224__temporal_attn__layer_18/seed_102,artifacts/results/mvp/seed_runs_attentive_continued_to_max_epoch_v1/mvp__same_l__videomae__vit_large_16_224__temporal_attn__layer_18/seed_102
mvp__same_l__videomae_v2__vit_large_16_224__temporal_attn__layer_12__seed_101__continue_to_epoch_30,mvp__same_l__videomae_v2__vit_large_16_224__temporal_attn__layer_12,train_eval.probe.mvp,MVP,mvp,same_L,VideoMAE-v2,ViT-L/16,Attentive,temporal_attn,101,42,videomae_v2,vit_large_16_224,12,,12,tokens,5.0000000000000002e-05,0.01,1,1,8,false,5,,,16,1,2,0.20000000000000001,cuda,artifacts/probes/mvp,seed_runs_attentive_continued_to_max_epoch_v1/mvp__same_l__videomae_v2__vit_large_16_224__temporal_attn__layer_12/seed_101,artifacts/results/mvp,seed_runs_attentive_continued_to_max_epoch_v1/mvp__same_l__videomae_v2__vit_large_16_224__temporal_attn__layer_12/seed_101,seed_runs_attentive_continued_to_max_epoch_v1_mvp__same_l__videomae_v2__vit_large_16_224__temporal_attn__layer_12,mvp__same_l__videomae_v2__vit_large_16_224__temporal_attn__layer_12__seed_101__continue_to_epoch_30,pending,,"[""seed=101"",""split.seed=42"",""backbone.name=videomae_v2"",""+backbone.kwargs.variant=vit_large_16_224"",""probe.name=temporal_attn"",""probe.layer=12"",""probe.layers=[]"",""probe.feature_view=tokens"",""probe.device=cuda"",""probe.lr=5.0000000000000002e-05"",""probe.weight_decay=0.01"",""probe.batch_size=1"",""probe.eval_batch_size=1"",""probe.epochs=8"",""probe.early_stopping.enabled=false"",""probe.early_stopping.patience=5"",""probe.optuna.enabled=false"",""probe.output_dir=artifacts/probes/mvp"",""probe.output_subdir=seed_runs_attentive_continued_to_max_epoch_v1/mvp__same_l__videomae_v2__vit_large_16_224__temporal_attn__layer_12/seed_101"",""probe.eval_output_dir=artifacts/results/mvp"",""probe.eval_output_subdir=seed_runs_attentive_continued_to_max_epoch_v1/mvp__same_l__videomae_v2__vit_large_16_224__temporal_attn__layer_12/seed_101"",""probe.wandb.group=seed_runs_attentive_continued_to_max_epoch_v1_mvp__same_l__videomae_v2__vit_large_16_224__temporal_attn__layer_12"",""probe.wandb.name=mvp__same_l__videomae_v2__vit_large_16_224__temporal_attn__layer_12__seed_101__continue_to_epoch_30"",""feature_cache.layer_ids=[6,12,18,24]"",""probe.temporal_attn.num_heads=16"",""probe.temporal_attn.num_self_attn_blocks=1"",""probe.temporal_attn.mlp_ratio=2"",""probe.temporal_attn.dropout=0.20000000000000001"",""feature_cache.include_tokens=true"",""probe.init_checkpoint_path=artifacts/probes/mvp/seed_runs_layerwise_same_l_attentive_v1/mvp__same_l__videomae_v2__vit_large_16_224__temporal_attn__layer_12/seed_101/layer_12/train/probe_last.pt""]",results/seed_runs/seed_manifest_layerwise_same_l_attentive_v1.csv,74,76,38ff87d936e1f116,continuation_from_official_seed_manifest,,artifacts/probes/mvp/seed_runs_layerwise_same_l_attentive_v1/mvp__same_l__videomae_v2__vit_large_16_224__temporal_attn__layer_12/seed_101/layer_12/train/train_summary.json,results/seed_runs/seed_manifest_layerwise_same_l_attentive_v1.csv,74,76,38ff87d936e1f116,artifacts/probes/mvp/seed_runs_layerwise_same_l_attentive_v1/mvp__same_l__videomae_v2__vit_large_16_224__temporal_attn__layer_12/seed_101/layer_12/train,artifacts/probes/mvp/seed_runs_layerwise_same_l_attentive_v1/mvp__same_l__videomae_v2__vit_large_16_224__temporal_attn__layer_12/seed_101/layer_12/train/train_summary.json,2ef23e59c1707f9f,artifacts/probes/mvp/seed_runs_layerwise_same_l_attentive_v1/mvp__same_l__videomae_v2__vit_large_16_224__temporal_attn__layer_12/seed_101/layer_12/train/probe_last.pt,67213602,22,17,true,30,8,resume_probe_last_disable_early_stopping_to_target_epoch,artifacts/probes/mvp/seed_runs_attentive_continued_to_max_epoch_v1/mvp__same_l__videomae_v2__vit_large_16_224__temporal_attn__layer_12/seed_101,artifacts/results/mvp/seed_runs_attentive_continued_to_max_epoch_v1/mvp__same_l__videomae_v2__vit_large_16_224__temporal_attn__layer_12/seed_101
mvp__same_l__videomae_v2__vit_large_16_224__temporal_attn__layer_12__seed_102__continue_to_epoch_30,mvp__same_l__videomae_v2__vit_large_16_224__temporal_attn__layer_12,train_eval.probe.mvp,MVP,mvp,same_L,VideoMAE-v2,ViT-L/16,Attentive,temporal_attn,102,42,videomae_v2,vit_large_16_224,12,,12,tokens,5.0000000000000002e-05,0.01,1,1,19,false,5,,,16,1,2,0.20000000000000001,cuda,artifacts/probes/mvp,seed_runs_attentive_continued_to_max_epoch_v1/mvp__same_l__videomae_v2__vit_large_16_224__temporal_attn__layer_12/seed_102,artifacts/results/mvp,seed_runs_attentive_continued_to_max_epoch_v1/mvp__same_l__videomae_v2__vit_large_16_224__temporal_attn__layer_12/seed_102,seed_runs_attentive_continued_to_max_epoch_v1_mvp__same_l__videomae_v2__vit_large_16_224__temporal_attn__layer_12,mvp__same_l__videomae_v2__vit_large_16_224__temporal_attn__layer_12__seed_102__continue_to_epoch_30,pending,,"[""seed=102"",""split.seed=42"",""backbone.name=videomae_v2"",""+backbone.kwargs.variant=vit_large_16_224"",""probe.name=temporal_attn"",""probe.layer=12"",""probe.layers=[]"",""probe.feature_view=tokens"",""probe.device=cuda"",""probe.lr=5.0000000000000002e-05"",""probe.weight_decay=0.01"",""probe.batch_size=1"",""probe.eval_batch_size=1"",""probe.epochs=19"",""probe.early_stopping.enabled=false"",""probe.early_stopping.patience=5"",""probe.optuna.enabled=false"",""probe.output_dir=artifacts/probes/mvp"",""probe.output_subdir=seed_runs_attentive_continued_to_max_epoch_v1/mvp__same_l__videomae_v2__vit_large_16_224__temporal_attn__layer_12/seed_102"",""probe.eval_output_dir=artifacts/results/mvp"",""probe.eval_output_subdir=seed_runs_attentive_continued_to_max_epoch_v1/mvp__same_l__videomae_v2__vit_large_16_224__temporal_attn__layer_12/seed_102"",""probe.wandb.group=seed_runs_attentive_continued_to_max_epoch_v1_mvp__same_l__videomae_v2__vit_large_16_224__temporal_attn__layer_12"",""probe.wandb.name=mvp__same_l__videomae_v2__vit_large_16_224__temporal_attn__layer_12__seed_102__continue_to_epoch_30"",""feature_cache.layer_ids=[6,12,18,24]"",""probe.temporal_attn.num_heads=16"",""probe.temporal_attn.num_self_attn_blocks=1"",""probe.temporal_attn.mlp_ratio=2"",""probe.temporal_attn.dropout=0.20000000000000001"",""feature_cache.include_tokens=true"",""probe.init_checkpoint_path=artifacts/probes/mvp/seed_runs_layerwise_same_l_attentive_v1/mvp__same_l__videomae_v2__vit_large_16_224__temporal_attn__layer_12/seed_102/layer_12/train/probe_last.pt""]",results/seed_runs/seed_manifest_layerwise_same_l_attentive_v1.csv,75,77,5e4fd1ec0fe0a798,continuation_from_official_seed_manifest,,artifacts/probes/mvp/seed_runs_layerwise_same_l_attentive_v1/mvp__same_l__videomae_v2__vit_large_16_224__temporal_attn__layer_12/seed_102/layer_12/train/train_summary.json,results/seed_runs/seed_manifest_layerwise_same_l_attentive_v1.csv,75,77,5e4fd1ec0fe0a798,artifacts/probes/mvp/seed_runs_layerwise_same_l_attentive_v1/mvp__same_l__videomae_v2__vit_large_16_224__temporal_attn__layer_12/seed_102/layer_12/train,artifacts/probes/mvp/seed_runs_layerwise_same_l_attentive_v1/mvp__same_l__videomae_v2__vit_large_16_224__temporal_attn__layer_12/seed_102/layer_12/train/train_summary.json,544b7da322e1df90,artifacts/probes/mvp/seed_runs_layerwise_same_l_attentive_v1/mvp__same_l__videomae_v2__vit_large_16_224__temporal_attn__layer_12/seed_102/layer_12/train/probe_last.pt,67213602,11,6,true,30,19,resume_probe_last_disable_early_stopping_to_target_epoch,artifacts/probes/mvp/seed_runs_attentive_continued_to_max_epoch_v1/mvp__same_l__videomae_v2__vit_large_16_224__temporal_attn__layer_12/seed_102,artifacts/results/mvp/seed_runs_attentive_continued_to_max_epoch_v1/mvp__same_l__videomae_v2__vit_large_16_224__temporal_attn__layer_12/seed_102
mvp__same_l__videomae_v2__vit_large_16_224__temporal_attn__layer_18__seed_101__continue_to_epoch_30,mvp__same_l__videomae_v2__vit_large_16_224__temporal_attn__layer_18,train_eval.probe.mvp,MVP,mvp,same_L,VideoMAE-v2,ViT-L/16,Attentive,temporal_attn,101,42,videomae_v2,vit_large_16_224,18,,18,tokens,1.0000000000000001e-05,0.01,1,1,4,false,5,,,16,1,2,0.20000000000000001,cuda,artifacts/probes/mvp,seed_runs_attentive_continued_to_max_epoch_v1/mvp__same_l__videomae_v2__vit_large_16_224__temporal_attn__layer_18/seed_101,artifacts/results/mvp,seed_runs_attentive_continued_to_max_epoch_v1/mvp__same_l__videomae_v2__vit_large_16_224__temporal_attn__layer_18/seed_101,seed_runs_attentive_continued_to_max_epoch_v1_mvp__same_l__videomae_v2__vit_large_16_224__temporal_attn__layer_18,mvp__same_l__videomae_v2__vit_large_16_224__temporal_attn__layer_18__seed_101__continue_to_epoch_30,pending,,"[""seed=101"",""split.seed=42"",""backbone.name=videomae_v2"",""+backbone.kwargs.variant=vit_large_16_224"",""probe.name=temporal_attn"",""probe.layer=18"",""probe.layers=[]"",""probe.feature_view=tokens"",""probe.device=cuda"",""probe.lr=1.0000000000000001e-05"",""probe.weight_decay=0.01"",""probe.batch_size=1"",""probe.eval_batch_size=1"",""probe.epochs=4"",""probe.early_stopping.enabled=false"",""probe.early_stopping.patience=5"",""probe.optuna.enabled=false"",""probe.output_dir=artifacts/probes/mvp"",""probe.output_subdir=seed_runs_attentive_continued_to_max_epoch_v1/mvp__same_l__videomae_v2__vit_large_16_224__temporal_attn__layer_18/seed_101"",""probe.eval_output_dir=artifacts/results/mvp"",""probe.eval_output_subdir=seed_runs_attentive_continued_to_max_epoch_v1/mvp__same_l__videomae_v2__vit_large_16_224__temporal_attn__layer_18/seed_101"",""probe.wandb.group=seed_runs_attentive_continued_to_max_epoch_v1_mvp__same_l__videomae_v2__vit_large_16_224__temporal_attn__layer_18"",""probe.wandb.name=mvp__same_l__videomae_v2__vit_large_16_224__temporal_attn__layer_18__seed_101__continue_to_epoch_30"",""feature_cache.layer_ids=[6,12,18,24]"",""probe.temporal_attn.num_heads=16"",""probe.temporal_attn.num_self_attn_blocks=1"",""probe.temporal_attn.mlp_ratio=2"",""probe.temporal_attn.dropout=0.20000000000000001"",""feature_cache.include_tokens=true"",""probe.init_checkpoint_path=artifacts/probes/mvp/seed_runs_layerwise_same_l_attentive_v1/mvp__same_l__videomae_v2__vit_large_16_224__temporal_attn__layer_18/seed_101/layer_18/train/probe_last.pt""]",results/seed_runs/seed_manifest_layerwise_same_l_attentive_v1.csv,76,78,0327a7cb4c0f53ba,continuation_from_official_seed_manifest,,artifacts/probes/mvp/seed_runs_layerwise_same_l_attentive_v1/mvp__same_l__videomae_v2__vit_large_16_224__temporal_attn__layer_18/seed_101/layer_18/train/train_summary.json,results/seed_runs/seed_manifest_layerwise_same_l_attentive_v1.csv,76,78,0327a7cb4c0f53ba,artifacts/probes/mvp/seed_runs_layerwise_same_l_attentive_v1/mvp__same_l__videomae_v2__vit_large_16_224__temporal_attn__layer_18/seed_101/layer_18/train,artifacts/probes/mvp/seed_runs_layerwise_same_l_attentive_v1/mvp__same_l__videomae_v2__vit_large_16_224__temporal_attn__layer_18/seed_101/layer_18/train/train_summary.json,3d5202225eab8704,artifacts/probes/mvp/seed_runs_layerwise_same_l_attentive_v1/mvp__same_l__videomae_v2__vit_large_16_224__temporal_attn__layer_18/seed_101/layer_18/train/probe_last.pt,67213602,26,21,true,30,4,resume_probe_last_disable_early_stopping_to_target_epoch,artifacts/probes/mvp/seed_runs_attentive_continued_to_max_epoch_v1/mvp__same_l__videomae_v2__vit_large_16_224__temporal_attn__layer_18/seed_101,artifacts/results/mvp/seed_runs_attentive_continued_to_max_epoch_v1/mvp__same_l__videomae_v2__vit_large_16_224__temporal_attn__layer_18/seed_101
intphys2__backbone_sweep__v_jepa_2_1__vit_b_16__temporal_attn__layer_3__seed_101__continue_to_epoch_90,intphys2__backbone_sweep__v_jepa_2_1__vit_b_16__temporal_attn__layer_3,train_eval.probe.intphys2,IntPhys2,intphys2,backbone_sweep,V-JEPA 2.1,ViT-B/16,Attentive,temporal_attn,101,42,jepa_v2_1,vitb_384,3,,3,tokens,1e-4,0.01,2,2,7,false,20,,,16,1,2,0.20000000000000001,cuda,artifacts/probes/intphys2,seed_runs_attentive_continued_to_max_epoch_v1/intphys2__backbone_sweep__v_jepa_2_1__vit_b_16__temporal_attn__layer_3/seed_101,artifacts/results/intphys2,seed_runs_attentive_continued_to_max_epoch_v1/intphys2__backbone_sweep__v_jepa_2_1__vit_b_16__temporal_attn__layer_3/seed_101,seed_runs_attentive_continued_to_max_epoch_v1_intphys2__backbone_sweep__v_jepa_2_1__vit_b_16__temporal_attn__layer_3,intphys2__backbone_sweep__v_jepa_2_1__vit_b_16__temporal_attn__layer_3__seed_101__continue_to_epoch_90,pending,,"[""seed=101"",""split.seed=42"",""backbone.name=jepa_v2_1"",""+backbone.kwargs.variant=vitb_384"",""probe.name=temporal_attn"",""probe.layer=3"",""probe.layers=[]"",""probe.feature_view=tokens"",""probe.device=cuda"",""probe.lr=1e-4"",""probe.weight_decay=0.01"",""probe.batch_size=2"",""probe.eval_batch_size=2"",""probe.epochs=7"",""probe.early_stopping.enabled=false"",""probe.early_stopping.patience=20"",""probe.optuna.enabled=false"",""probe.output_dir=artifacts/probes/intphys2"",""probe.output_subdir=seed_runs_attentive_continued_to_max_epoch_v1/intphys2__backbone_sweep__v_jepa_2_1__vit_b_16__temporal_attn__layer_3/seed_101"",""probe.eval_output_dir=artifacts/results/intphys2"",""probe.eval_output_subdir=seed_runs_attentive_continued_to_max_epoch_v1/intphys2__backbone_sweep__v_jepa_2_1__vit_b_16__temporal_attn__layer_3/seed_101"",""probe.wandb.group=seed_runs_attentive_continued_to_max_epoch_v1_intphys2__backbone_sweep__v_jepa_2_1__vit_b_16__temporal_attn__layer_3"",""probe.wandb.name=intphys2__backbone_sweep__v_jepa_2_1__vit_b_16__temporal_attn__layer_3__seed_101__continue_to_epoch_90"",""feature_cache.layer_ids=[3,6,9,12]"",""probe.temporal_attn.num_heads=16"",""probe.temporal_attn.num_self_attn_blocks=1"",""probe.temporal_attn.mlp_ratio=2"",""probe.temporal_attn.dropout=0.20000000000000001"",""feature_cache.include_tokens=true"",""probe.init_checkpoint_path=artifacts/probes/intphys2/seed_runs_layerwise_backbone_sweep_v1/intphys2__backbone_sweep__v_jepa_2_1__vit_b_16__temporal_attn__layer_3/seed_101/layer_3/train/probe_last.pt""]",results/seed_runs/seed_manifest_layerwise_backbone_sweep_attentive_v1.csv,0,2,7d620487e93d9e4d,continuation_from_official_seed_manifest,,artifacts/probes/intphys2/seed_runs_layerwise_backbone_sweep_v1/intphys2__backbone_sweep__v_jepa_2_1__vit_b_16__temporal_attn__layer_3/seed_101/layer_3/train/train_summary.json,results/seed_runs/seed_manifest_layerwise_backbone_sweep_attentive_v1.csv,0,2,7d620487e93d9e4d,artifacts/probes/intphys2/seed_runs_layerwise_backbone_sweep_v1/intphys2__backbone_sweep__v_jepa_2_1__vit_b_16__temporal_attn__layer_3/seed_101/layer_3/train,artifacts/probes/intphys2/seed_runs_layerwise_backbone_sweep_v1/intphys2__backbone_sweep__v_jepa_2_1__vit_b_16__temporal_attn__layer_3/seed_101/layer_3/train/train_summary.json,1d607ddd0a682183,artifacts/probes/intphys2/seed_runs_layerwise_backbone_sweep_v1/intphys2__backbone_sweep__v_jepa_2_1__vit_b_16__temporal_attn__layer_3/seed_101/layer_3/train/probe_last.pt,37829858,83,63,true,90,7,resume_probe_last_disable_early_stopping_to_target_epoch,artifacts/probes/intphys2/seed_runs_attentive_continued_to_max_epoch_v1/intphys2__backbone_sweep__v_jepa_2_1__vit_b_16__temporal_attn__layer_3/seed_101,artifacts/results/intphys2/seed_runs_attentive_continued_to_max_epoch_v1/intphys2__backbone_sweep__v_jepa_2_1__vit_b_16__temporal_attn__layer_3/seed_101
intphys2__backbone_sweep__v_jepa_2_1__vit_b_16__temporal_attn__layer_3__seed_102__continue_to_epoch_90,intphys2__backbone_sweep__v_jepa_2_1__vit_b_16__temporal_attn__layer_3,train_eval.probe.intphys2,IntPhys2,intphys2,backbone_sweep,V-JEPA 2.1,ViT-B/16,Attentive,temporal_attn,102,42,jepa_v2_1,vitb_384,3,,3,tokens,1e-4,0.01,2,2,42,false,20,,,16,1,2,0.20000000000000001,cuda,artifacts/probes/intphys2,seed_runs_attentive_continued_to_max_epoch_v1/intphys2__backbone_sweep__v_jepa_2_1__vit_b_16__temporal_attn__layer_3/seed_102,artifacts/results/intphys2,seed_runs_attentive_continued_to_max_epoch_v1/intphys2__backbone_sweep__v_jepa_2_1__vit_b_16__temporal_attn__layer_3/seed_102,seed_runs_attentive_continued_to_max_epoch_v1_intphys2__backbone_sweep__v_jepa_2_1__vit_b_16__temporal_attn__layer_3,intphys2__backbone_sweep__v_jepa_2_1__vit_b_16__temporal_attn__layer_3__seed_102__continue_to_epoch_90,pending,,"[""seed=102"",""split.seed=42"",""backbone.name=jepa_v2_1"",""+backbone.kwargs.variant=vitb_384"",""probe.name=temporal_attn"",""probe.layer=3"",""probe.layers=[]"",""probe.feature_view=tokens"",""probe.device=cuda"",""probe.lr=1e-4"",""probe.weight_decay=0.01"",""probe.batch_size=2"",""probe.eval_batch_size=2"",""probe.epochs=42"",""probe.early_stopping.enabled=false"",""probe.early_stopping.patience=20"",""probe.optuna.enabled=false"",""probe.output_dir=artifacts/probes/intphys2"",""probe.output_subdir=seed_runs_attentive_continued_to_max_epoch_v1/intphys2__backbone_sweep__v_jepa_2_1__vit_b_16__temporal_attn__layer_3/seed_102"",""probe.eval_output_dir=artifacts/results/intphys2"",""probe.eval_output_subdir=seed_runs_attentive_continued_to_max_epoch_v1/intphys2__backbone_sweep__v_jepa_2_1__vit_b_16__temporal_attn__layer_3/seed_102"",""probe.wandb.group=seed_runs_attentive_continued_to_max_epoch_v1_intphys2__backbone_sweep__v_jepa_2_1__vit_b_16__temporal_attn__layer_3"",""probe.wandb.name=intphys2__backbone_sweep__v_jepa_2_1__vit_b_16__temporal_attn__layer_3__seed_102__continue_to_epoch_90"",""feature_cache.layer_ids=[3,6,9,12]"",""probe.temporal_attn.num_heads=16"",""probe.temporal_attn.num_self_attn_blocks=1"",""probe.temporal_attn.mlp_ratio=2"",""probe.temporal_attn.dropout=0.20000000000000001"",""feature_cache.include_tokens=true"",""probe.init_checkpoint_path=artifacts/probes/intphys2/seed_runs_layerwise_backbone_sweep_v1/intphys2__backbone_sweep__v_jepa_2_1__vit_b_16__temporal_attn__layer_3/seed_102/layer_3/train/probe_last.pt""]",results/seed_runs/seed_manifest_layerwise_backbone_sweep_attentive_v1.csv,1,3,2c38ebe03fec49f9,continuation_from_official_seed_manifest,,artifacts/probes/intphys2/seed_runs_layerwise_backbone_sweep_v1/intphys2__backbone_sweep__v_jepa_2_1__vit_b_16__temporal_attn__layer_3/seed_102/layer_3/train/train_summary.json,results/seed_runs/seed_manifest_layerwise_backbone_sweep_attentive_v1.csv,1,3,2c38ebe03fec49f9,artifacts/probes/intphys2/seed_runs_layerwise_backbone_sweep_v1/intphys2__backbone_sweep__v_jepa_2_1__vit_b_16__temporal_attn__layer_3/seed_102/layer_3/train,artifacts/probes/intphys2/seed_runs_layerwise_backbone_sweep_v1/intphys2__backbone_sweep__v_jepa_2_1__vit_b_16__temporal_attn__layer_3/seed_102/layer_3/train/train_summary.json,9e47f3f08915ad3b,artifacts/probes/intphys2/seed_runs_layerwise_backbone_sweep_v1/intphys2__backbone_sweep__v_jepa_2_1__vit_b_16__temporal_attn__layer_3/seed_102/layer_3/train/probe_last.pt,37829858,48,28,true,90,42,resume_probe_last_disable_early_stopping_to_target_epoch,artifacts/probes/intphys2/seed_runs_attentive_continued_to_max_epoch_v1/intphys2__backbone_sweep__v_jepa_2_1__vit_b_16__temporal_attn__layer_3/seed_102,artifacts/results/intphys2/seed_runs_attentive_continued_to_max_epoch_v1/intphys2__backbone_sweep__v_jepa_2_1__vit_b_16__temporal_attn__layer_3/seed_102
intphys2__backbone_sweep__v_jepa_2_1__vit_b_16__temporal_attn__layer_6__seed_101__continue_to_epoch_90,intphys2__backbone_sweep__v_jepa_2_1__vit_b_16__temporal_attn__layer_6,train_eval.probe.intphys2,IntPhys2,intphys2,backbone_sweep,V-JEPA 2.1,ViT-B/16,Attentive,temporal_attn,101,42,jepa_v2_1,vitb_384,6,,6,tokens,1e-4,0.01,2,2,69,false,20,,,16,1,2,0.20000000000000001,cuda,artifacts/probes/intphys2,seed_runs_attentive_continued_to_max_epoch_v1/intphys2__backbone_sweep__v_jepa_2_1__vit_b_16__temporal_attn__layer_6/seed_101,artifacts/results/intphys2,seed_runs_attentive_continued_to_max_epoch_v1/intphys2__backbone_sweep__v_jepa_2_1__vit_b_16__temporal_attn__layer_6/seed_101,seed_runs_attentive_continued_to_max_epoch_v1_intphys2__backbone_sweep__v_jepa_2_1__vit_b_16__temporal_attn__layer_6,intphys2__backbone_sweep__v_jepa_2_1__vit_b_16__temporal_attn__layer_6__seed_101__continue_to_epoch_90,pending,,"[""seed=101"",""split.seed=42"",""backbone.name=jepa_v2_1"",""+backbone.kwargs.variant=vitb_384"",""probe.name=temporal_attn"",""probe.layer=6"",""probe.layers=[]"",""probe.feature_view=tokens"",""probe.device=cuda"",""probe.lr=1e-4"",""probe.weight_decay=0.01"",""probe.batch_size=2"",""probe.eval_batch_size=2"",""probe.epochs=69"",""probe.early_stopping.enabled=false"",""probe.early_stopping.patience=20"",""probe.optuna.enabled=false"",""probe.output_dir=artifacts/probes/intphys2"",""probe.output_subdir=seed_runs_attentive_continued_to_max_epoch_v1/intphys2__backbone_sweep__v_jepa_2_1__vit_b_16__temporal_attn__layer_6/seed_101"",""probe.eval_output_dir=artifacts/results/intphys2"",""probe.eval_output_subdir=seed_runs_attentive_continued_to_max_epoch_v1/intphys2__backbone_sweep__v_jepa_2_1__vit_b_16__temporal_attn__layer_6/seed_101"",""probe.wandb.group=seed_runs_attentive_continued_to_max_epoch_v1_intphys2__backbone_sweep__v_jepa_2_1__vit_b_16__temporal_attn__layer_6"",""probe.wandb.name=intphys2__backbone_sweep__v_jepa_2_1__vit_b_16__temporal_attn__layer_6__seed_101__continue_to_epoch_90"",""feature_cache.layer_ids=[3,6,9,12]"",""probe.temporal_attn.num_heads=16"",""probe.temporal_attn.num_self_attn_blocks=1"",""probe.temporal_attn.mlp_ratio=2"",""probe.temporal_attn.dropout=0.20000000000000001"",""feature_cache.include_tokens=true"",""probe.init_checkpoint_path=artifacts/probes/intphys2/seed_runs_layerwise_backbone_sweep_v1/intphys2__backbone_sweep__v_jepa_2_1__vit_b_16__temporal_attn__layer_6/seed_101/layer_6/train/probe_last.pt""]",results/seed_runs/seed_manifest_layerwise_backbone_sweep_attentive_v1.csv,2,4,abfd6b171c14c235,continuation_from_official_seed_manifest,,artifacts/probes/intphys2/seed_runs_layerwise_backbone_sweep_v1/intphys2__backbone_sweep__v_jepa_2_1__vit_b_16__temporal_attn__layer_6/seed_101/layer_6/train/train_summary.json,results/seed_runs/seed_manifest_layerwise_backbone_sweep_attentive_v1.csv,2,4,abfd6b171c14c235,artifacts/probes/intphys2/seed_runs_layerwise_backbone_sweep_v1/intphys2__backbone_sweep__v_jepa_2_1__vit_b_16__temporal_attn__layer_6/seed_101/layer_6/train,artifacts/probes/intphys2/seed_runs_layerwise_backbone_sweep_v1/intphys2__backbone_sweep__v_jepa_2_1__vit_b_16__temporal_attn__layer_6/seed_101/layer_6/train/train_summary.json,e2707d2f42c03c56,artifacts/probes/intphys2/seed_runs_layerwise_backbone_sweep_v1/intphys2__backbone_sweep__v_jepa_2_1__vit_b_16__temporal_attn__layer_6/seed_101/layer_6/train/probe_last.pt,37829858,21,1,true,90,69,resume_probe_last_disable_early_stopping_to_target_epoch,artifacts/probes/intphys2/seed_runs_attentive_continued_to_max_epoch_v1/intphys2__backbone_sweep__v_jepa_2_1__vit_b_16__temporal_attn__layer_6/seed_101,artifacts/results/intphys2/seed_runs_attentive_continued_to_max_epoch_v1/intphys2__backbone_sweep__v_jepa_2_1__vit_b_16__temporal_attn__layer_6/seed_101
intphys2__backbone_sweep__v_jepa_2_1__vit_b_16__temporal_attn__layer_6__seed_102__continue_to_epoch_90,intphys2__backbone_sweep__v_jepa_2_1__vit_b_16__temporal_attn__layer_6,train_eval.probe.intphys2,IntPhys2,intphys2,backbone_sweep,V-JEPA 2.1,ViT-B/16,Attentive,temporal_attn,102,42,jepa_v2_1,vitb_384,6,,6,tokens,1e-4,0.01,2,2,42,false,20,,,16,1,2,0.20000000000000001,cuda,artifacts/probes/intphys2,seed_runs_attentive_continued_to_max_epoch_v1/intphys2__backbone_sweep__v_jepa_2_1__vit_b_16__temporal_attn__layer_6/seed_102,artifacts/results/intphys2,seed_runs_attentive_continued_to_max_epoch_v1/intphys2__backbone_sweep__v_jepa_2_1__vit_b_16__temporal_attn__layer_6/seed_102,seed_runs_attentive_continued_to_max_epoch_v1_intphys2__backbone_sweep__v_jepa_2_1__vit_b_16__temporal_attn__layer_6,intphys2__backbone_sweep__v_jepa_2_1__vit_b_16__temporal_attn__layer_6__seed_102__continue_to_epoch_90,pending,,"[""seed=102"",""split.seed=42"",""backbone.name=jepa_v2_1"",""+backbone.kwargs.variant=vitb_384"",""probe.name=temporal_attn"",""probe.layer=6"",""probe.layers=[]"",""probe.feature_view=tokens"",""probe.device=cuda"",""probe.lr=1e-4"",""probe.weight_decay=0.01"",""probe.batch_size=2"",""probe.eval_batch_size=2"",""probe.epochs=42"",""probe.early_stopping.enabled=false"",""probe.early_stopping.patience=20"",""probe.optuna.enabled=false"",""probe.output_dir=artifacts/probes/intphys2"",""probe.output_subdir=seed_runs_attentive_continued_to_max_epoch_v1/intphys2__backbone_sweep__v_jepa_2_1__vit_b_16__temporal_attn__layer_6/seed_102"",""probe.eval_output_dir=artifacts/results/intphys2"",""probe.eval_output_subdir=seed_runs_attentive_continued_to_max_epoch_v1/intphys2__backbone_sweep__v_jepa_2_1__vit_b_16__temporal_attn__layer_6/seed_102"",""probe.wandb.group=seed_runs_attentive_continued_to_max_epoch_v1_intphys2__backbone_sweep__v_jepa_2_1__vit_b_16__temporal_attn__layer_6"",""probe.wandb.name=intphys2__backbone_sweep__v_jepa_2_1__vit_b_16__temporal_attn__layer_6__seed_102__continue_to_epoch_90"",""feature_cache.layer_ids=[3,6,9,12]"",""probe.temporal_attn.num_heads=16"",""probe.temporal_attn.num_self_attn_blocks=1"",""probe.temporal_attn.mlp_ratio=2"",""probe.temporal_attn.dropout=0.20000000000000001"",""feature_cache.include_tokens=true"",""probe.init_checkpoint_path=artifacts/probes/intphys2/seed_runs_layerwise_backbone_sweep_v1/intphys2__backbone_sweep__v_jepa_2_1__vit_b_16__temporal_attn__layer_6/seed_102/layer_6/train/probe_last.pt""]",results/seed_runs/seed_manifest_layerwise_backbone_sweep_attentive_v1.csv,3,5,2256c6f10ea56a05,continuation_from_official_seed_manifest,,artifacts/probes/intphys2/seed_runs_layerwise_backbone_sweep_v1/intphys2__backbone_sweep__v_jepa_2_1__vit_b_16__temporal_attn__layer_6/seed_102/layer_6/train/train_summary.json,results/seed_runs/seed_manifest_layerwise_backbone_sweep_attentive_v1.csv,3,5,2256c6f10ea56a05,artifacts/probes/intphys2/seed_runs_layerwise_backbone_sweep_v1/intphys2__backbone_sweep__v_jepa_2_1__vit_b_16__temporal_attn__layer_6/seed_102/layer_6/train,artifacts/probes/intphys2/seed_runs_layerwise_backbone_sweep_v1/intphys2__backbone_sweep__v_jepa_2_1__vit_b_16__temporal_attn__layer_6/seed_102/layer_6/train/train_summary.json,87ee58e2fc887b9a,artifacts/probes/intphys2/seed_runs_layerwise_backbone_sweep_v1/intphys2__backbone_sweep__v_jepa_2_1__vit_b_16__temporal_attn__layer_6/seed_102/layer_6/train/probe_last.pt,37829858,48,28,true,90,42,resume_probe_last_disable_early_stopping_to_target_epoch,artifacts/probes/intphys2/seed_runs_attentive_continued_to_max_epoch_v1/intphys2__backbone_sweep__v_jepa_2_1__vit_b_16__temporal_attn__layer_6/seed_102,artifacts/results/intphys2/seed_runs_attentive_continued_to_max_epoch_v1/intphys2__backbone_sweep__v_jepa_2_1__vit_b_16__temporal_attn__layer_6/seed_102
intphys2__backbone_sweep__v_jepa_2_1__vit_b_16__temporal_attn__layer_9__seed_101__continue_to_epoch_90,intphys2__backbone_sweep__v_jepa_2_1__vit_b_16__temporal_attn__layer_9,train_eval.probe.intphys2,IntPhys2,intphys2,backbone_sweep,V-JEPA 2.1,ViT-B/16,Attentive,temporal_attn,101,42,jepa_v2_1,vitb_384,9,,9,tokens,5e-5,0.01,2,2,65,false,20,,,16,1,2,0.20000000000000001,cuda,artifacts/probes/intphys2,seed_runs_attentive_continued_to_max_epoch_v1/intphys2__backbone_sweep__v_jepa_2_1__vit_b_16__temporal_attn__layer_9/seed_101,artifacts/results/intphys2,seed_runs_attentive_continued_to_max_epoch_v1/intphys2__backbone_sweep__v_jepa_2_1__vit_b_16__temporal_attn__layer_9/seed_101,seed_runs_attentive_continued_to_max_epoch_v1_intphys2__backbone_sweep__v_jepa_2_1__vit_b_16__temporal_attn__layer_9,intphys2__backbone_sweep__v_jepa_2_1__vit_b_16__temporal_attn__layer_9__seed_101__continue_to_epoch_90,pending,,"[""seed=101"",""split.seed=42"",""backbone.name=jepa_v2_1"",""+backbone.kwargs.variant=vitb_384"",""probe.name=temporal_attn"",""probe.layer=9"",""probe.layers=[]"",""probe.feature_view=tokens"",""probe.device=cuda"",""probe.lr=5e-5"",""probe.weight_decay=0.01"",""probe.batch_size=2"",""probe.eval_batch_size=2"",""probe.epochs=65"",""probe.early_stopping.enabled=false"",""probe.early_stopping.patience=20"",""probe.optuna.enabled=false"",""probe.output_dir=artifacts/probes/intphys2"",""probe.output_subdir=seed_runs_attentive_continued_to_max_epoch_v1/intphys2__backbone_sweep__v_jepa_2_1__vit_b_16__temporal_attn__layer_9/seed_101"",""probe.eval_output_dir=artifacts/results/intphys2"",""probe.eval_output_subdir=seed_runs_attentive_continued_to_max_epoch_v1/intphys2__backbone_sweep__v_jepa_2_1__vit_b_16__temporal_attn__layer_9/seed_101"",""probe.wandb.group=seed_runs_attentive_continued_to_max_epoch_v1_intphys2__backbone_sweep__v_jepa_2_1__vit_b_16__temporal_attn__layer_9"",""probe.wandb.name=intphys2__backbone_sweep__v_jepa_2_1__vit_b_16__temporal_attn__layer_9__seed_101__continue_to_epoch_90"",""feature_cache.layer_ids=[3,6,9,12]"",""probe.temporal_attn.num_heads=16"",""probe.temporal_attn.num_self_attn_blocks=1"",""probe.temporal_attn.mlp_ratio=2"",""probe.temporal_attn.dropout=0.20000000000000001"",""feature_cache.include_tokens=true"",""probe.init_checkpoint_path=artifacts/probes/intphys2/seed_runs_layerwise_backbone_sweep_v1/intphys2__backbone_sweep__v_jepa_2_1__vit_b_16__temporal_attn__layer_9/seed_101/layer_9/train/probe_last.pt""]",results/seed_runs/seed_manifest_layerwise_backbone_sweep_attentive_v1.csv,4,6,03949a6dae76ebbb,continuation_from_official_seed_manifest,,artifacts/probes/intphys2/seed_runs_layerwise_backbone_sweep_v1/intphys2__backbone_sweep__v_jepa_2_1__vit_b_16__temporal_attn__layer_9/seed_101/layer_9/train/train_summary.json,results/seed_runs/seed_manifest_layerwise_backbone_sweep_attentive_v1.csv,4,6,03949a6dae76ebbb,artifacts/probes/intphys2/seed_runs_layerwise_backbone_sweep_v1/intphys2__backbone_sweep__v_jepa_2_1__vit_b_16__temporal_attn__layer_9/seed_101/layer_9/train,artifacts/probes/intphys2/seed_runs_layerwise_backbone_sweep_v1/intphys2__backbone_sweep__v_jepa_2_1__vit_b_16__temporal_attn__layer_9/seed_101/layer_9/train/train_summary.json,dbedd7c80dc1bb29,artifacts/probes/intphys2/seed_runs_layerwise_backbone_sweep_v1/intphys2__backbone_sweep__v_jepa_2_1__vit_b_16__temporal_attn__layer_9/seed_101/layer_9/train/probe_last.pt,37829858,25,5,true,90,65,resume_probe_last_disable_early_stopping_to_target_epoch,artifacts/probes/intphys2/seed_runs_attentive_continued_to_max_epoch_v1/intphys2__backbone_sweep__v_jepa_2_1__vit_b_16__temporal_attn__layer_9/seed_101,artifacts/results/intphys2/seed_runs_attentive_continued_to_max_epoch_v1/intphys2__backbone_sweep__v_jepa_2_1__vit_b_16__temporal_attn__layer_9/seed_101
intphys2__backbone_sweep__v_jepa_2_1__vit_b_16__temporal_attn__layer_9__seed_102__continue_to_epoch_90,intphys2__backbone_sweep__v_jepa_2_1__vit_b_16__temporal_attn__layer_9,train_eval.probe.intphys2,IntPhys2,intphys2,backbone_sweep,V-JEPA 2.1,ViT-B/16,Attentive,temporal_attn,102,42,jepa_v2_1,vitb_384,9,,9,tokens,5e-5,0.01,2,2,58,false,20,,,16,1,2,0.20000000000000001,cuda,artifacts/probes/intphys2,seed_runs_attentive_continued_to_max_epoch_v1/intphys2__backbone_sweep__v_jepa_2_1__vit_b_16__temporal_attn__layer_9/seed_102,artifacts/results/intphys2,seed_runs_attentive_continued_to_max_epoch_v1/intphys2__backbone_sweep__v_jepa_2_1__vit_b_16__temporal_attn__layer_9/seed_102,seed_runs_attentive_continued_to_max_epoch_v1_intphys2__backbone_sweep__v_jepa_2_1__vit_b_16__temporal_attn__layer_9,intphys2__backbone_sweep__v_jepa_2_1__vit_b_16__temporal_attn__layer_9__seed_102__continue_to_epoch_90,pending,,"[""seed=102"",""split.seed=42"",""backbone.name=jepa_v2_1"",""+backbone.kwargs.variant=vitb_384"",""probe.name=temporal_attn"",""probe.layer=9"",""probe.layers=[]"",""probe.feature_view=tokens"",""probe.device=cuda"",""probe.lr=5e-5"",""probe.weight_decay=0.01"",""probe.batch_size=2"",""probe.eval_batch_size=2"",""probe.epochs=58"",""probe.early_stopping.enabled=false"",""probe.early_stopping.patience=20"",""probe.optuna.enabled=false"",""probe.output_dir=artifacts/probes/intphys2"",""probe.output_subdir=seed_runs_attentive_continued_to_max_epoch_v1/intphys2__backbone_sweep__v_jepa_2_1__vit_b_16__temporal_attn__layer_9/seed_102"",""probe.eval_output_dir=artifacts/results/intphys2"",""probe.eval_output_subdir=seed_runs_attentive_continued_to_max_epoch_v1/intphys2__backbone_sweep__v_jepa_2_1__vit_b_16__temporal_attn__layer_9/seed_102"",""probe.wandb.group=seed_runs_attentive_continued_to_max_epoch_v1_intphys2__backbone_sweep__v_jepa_2_1__vit_b_16__temporal_attn__layer_9"",""probe.wandb.name=intphys2__backbone_sweep__v_jepa_2_1__vit_b_16__temporal_attn__layer_9__seed_102__continue_to_epoch_90"",""feature_cache.layer_ids=[3,6,9,12]"",""probe.temporal_attn.num_heads=16"",""probe.temporal_attn.num_self_attn_blocks=1"",""probe.temporal_attn.mlp_ratio=2"",""probe.temporal_attn.dropout=0.20000000000000001"",""feature_cache.include_tokens=true"",""probe.init_checkpoint_path=artifacts/probes/intphys2/seed_runs_layerwise_backbone_sweep_v1/intphys2__backbone_sweep__v_jepa_2_1__vit_b_16__temporal_attn__layer_9/seed_102/layer_9/train/probe_last.pt""]",results/seed_runs/seed_manifest_layerwise_backbone_sweep_attentive_v1.csv,5,7,f7d66b29168223a9,continuation_from_official_seed_manifest,,artifacts/probes/intphys2/seed_runs_layerwise_backbone_sweep_v1/intphys2__backbone_sweep__v_jepa_2_1__vit_b_16__temporal_attn__layer_9/seed_102/layer_9/train/train_summary.json,results/seed_runs/seed_manifest_layerwise_backbone_sweep_attentive_v1.csv,5,7,f7d66b29168223a9,artifacts/probes/intphys2/seed_runs_layerwise_backbone_sweep_v1/intphys2__backbone_sweep__v_jepa_2_1__vit_b_16__temporal_attn__layer_9/seed_102/layer_9/train,artifacts/probes/intphys2/seed_runs_layerwise_backbone_sweep_v1/intphys2__backbone_sweep__v_jepa_2_1__vit_b_16__temporal_attn__layer_9/seed_102/layer_9/train/train_summary.json,ba5ee47ce0709a77,artifacts/probes/intphys2/seed_runs_layerwise_backbone_sweep_v1/intphys2__backbone_sweep__v_jepa_2_1__vit_b_16__temporal_attn__layer_9/seed_102/layer_9/train/probe_last.pt,37829858,32,12,true,90,58,resume_probe_last_disable_early_stopping_to_target_epoch,artifacts/probes/intphys2/seed_runs_attentive_continued_to_max_epoch_v1/intphys2__backbone_sweep__v_jepa_2_1__vit_b_16__temporal_attn__layer_9/seed_102,artifacts/results/intphys2/seed_runs_attentive_continued_to_max_epoch_v1/intphys2__backbone_sweep__v_jepa_2_1__vit_b_16__temporal_attn__layer_9/seed_102
intphys2__backbone_sweep__v_jepa_2_1__vit_b_16__temporal_attn__layer_12__seed_101__continue_to_epoch_90,intphys2__backbone_sweep__v_jepa_2_1__vit_b_16__temporal_attn__layer_12,train_eval.probe.intphys2,IntPhys2,intphys2,backbone_sweep,V-JEPA 2.1,ViT-B/16,Attentive,temporal_attn,101,42,jepa_v2_1,vitb_384,12,,12,tokens,1e-4,0.01,2,2,32,false,20,,,16,1,2,0.20000000000000001,cuda,artifacts/probes/intphys2,seed_runs_attentive_continued_to_max_epoch_v1/intphys2__backbone_sweep__v_jepa_2_1__vit_b_16__temporal_attn__layer_12/seed_101,artifacts/results/intphys2,seed_runs_attentive_continued_to_max_epoch_v1/intphys2__backbone_sweep__v_jepa_2_1__vit_b_16__temporal_attn__layer_12/seed_101,seed_runs_attentive_continued_to_max_epoch_v1_intphys2__backbone_sweep__v_jepa_2_1__vit_b_16__temporal_attn__layer_12,intphys2__backbone_sweep__v_jepa_2_1__vit_b_16__temporal_attn__layer_12__seed_101__continue_to_epoch_90,pending,,"[""seed=101"",""split.seed=42"",""backbone.name=jepa_v2_1"",""+backbone.kwargs.variant=vitb_384"",""probe.name=temporal_attn"",""probe.layer=12"",""probe.layers=[]"",""probe.feature_view=tokens"",""probe.device=cuda"",""probe.lr=1e-4"",""probe.weight_decay=0.01"",""probe.batch_size=2"",""probe.eval_batch_size=2"",""probe.epochs=32"",""probe.early_stopping.enabled=false"",""probe.early_stopping.patience=20"",""probe.optuna.enabled=false"",""probe.output_dir=artifacts/probes/intphys2"",""probe.output_subdir=seed_runs_attentive_continued_to_max_epoch_v1/intphys2__backbone_sweep__v_jepa_2_1__vit_b_16__temporal_attn__layer_12/seed_101"",""probe.eval_output_dir=artifacts/results/intphys2"",""probe.eval_output_subdir=seed_runs_attentive_continued_to_max_epoch_v1/intphys2__backbone_sweep__v_jepa_2_1__vit_b_16__temporal_attn__layer_12/seed_101"",""probe.wandb.group=seed_runs_attentive_continued_to_max_epoch_v1_intphys2__backbone_sweep__v_jepa_2_1__vit_b_16__temporal_attn__layer_12"",""probe.wandb.name=intphys2__backbone_sweep__v_jepa_2_1__vit_b_16__temporal_attn__layer_12__seed_101__continue_to_epoch_90"",""feature_cache.layer_ids=[3,6,9,12]"",""probe.temporal_attn.num_heads=16"",""probe.temporal_attn.num_self_attn_blocks=1"",""probe.temporal_attn.mlp_ratio=2"",""probe.temporal_attn.dropout=0.20000000000000001"",""feature_cache.include_tokens=true"",""probe.init_checkpoint_path=artifacts/probes/intphys2/seed_runs_layerwise_backbone_sweep_v1/intphys2__backbone_sweep__v_jepa_2_1__vit_b_16__temporal_attn__layer_12/seed_101/layer_12/train/probe_last.pt""]",results/seed_runs/seed_manifest_layerwise_backbone_sweep_attentive_v1.csv,6,8,aa4881ff11775272,continuation_from_official_seed_manifest,,artifacts/probes/intphys2/seed_runs_layerwise_backbone_sweep_v1/intphys2__backbone_sweep__v_jepa_2_1__vit_b_16__temporal_attn__layer_12/seed_101/layer_12/train/train_summary.json,results/seed_runs/seed_manifest_layerwise_backbone_sweep_attentive_v1.csv,6,8,aa4881ff11775272,artifacts/probes/intphys2/seed_runs_layerwise_backbone_sweep_v1/intphys2__backbone_sweep__v_jepa_2_1__vit_b_16__temporal_attn__layer_12/seed_101/layer_12/train,artifacts/probes/intphys2/seed_runs_layerwise_backbone_sweep_v1/intphys2__backbone_sweep__v_jepa_2_1__vit_b_16__temporal_attn__layer_12/seed_101/layer_12/train/train_summary.json,83e1cd82e89b03c0,artifacts/probes/intphys2/seed_runs_layerwise_backbone_sweep_v1/intphys2__backbone_sweep__v_jepa_2_1__vit_b_16__temporal_attn__layer_12/seed_101/layer_12/train/probe_last.pt,37829858,58,38,true,90,32,resume_probe_last_disable_early_stopping_to_target_epoch,artifacts/probes/intphys2/seed_runs_attentive_continued_to_max_epoch_v1/intphys2__backbone_sweep__v_jepa_2_1__vit_b_16__temporal_attn__layer_12/seed_101,artifacts/results/intphys2/seed_runs_attentive_continued_to_max_epoch_v1/intphys2__backbone_sweep__v_jepa_2_1__vit_b_16__temporal_attn__layer_12/seed_101
intphys2__backbone_sweep__v_jepa_2_1__vit_b_16__temporal_attn__layer_12__seed_102__continue_to_epoch_90,intphys2__backbone_sweep__v_jepa_2_1__vit_b_16__temporal_attn__layer_12,train_eval.probe.intphys2,IntPhys2,intphys2,backbone_sweep,V-JEPA 2.1,ViT-B/16,Attentive,temporal_attn,102,42,jepa_v2_1,vitb_384,12,,12,tokens,1e-4,0.01,2,2,23,false,20,,,16,1,2,0.20000000000000001,cuda,artifacts/probes/intphys2,seed_runs_attentive_continued_to_max_epoch_v1/intphys2__backbone_sweep__v_jepa_2_1__vit_b_16__temporal_attn__layer_12/seed_102,artifacts/results/intphys2,seed_runs_attentive_continued_to_max_epoch_v1/intphys2__backbone_sweep__v_jepa_2_1__vit_b_16__temporal_attn__layer_12/seed_102,seed_runs_attentive_continued_to_max_epoch_v1_intphys2__backbone_sweep__v_jepa_2_1__vit_b_16__temporal_attn__layer_12,intphys2__backbone_sweep__v_jepa_2_1__vit_b_16__temporal_attn__layer_12__seed_102__continue_to_epoch_90,pending,,"[""seed=102"",""split.seed=42"",""backbone.name=jepa_v2_1"",""+backbone.kwargs.variant=vitb_384"",""probe.name=temporal_attn"",""probe.layer=12"",""probe.layers=[]"",""probe.feature_view=tokens"",""probe.device=cuda"",""probe.lr=1e-4"",""probe.weight_decay=0.01"",""probe.batch_size=2"",""probe.eval_batch_size=2"",""probe.epochs=23"",""probe.early_stopping.enabled=false"",""probe.early_stopping.patience=20"",""probe.optuna.enabled=false"",""probe.output_dir=artifacts/probes/intphys2"",""probe.output_subdir=seed_runs_attentive_continued_to_max_epoch_v1/intphys2__backbone_sweep__v_jepa_2_1__vit_b_16__temporal_attn__layer_12/seed_102"",""probe.eval_output_dir=artifacts/results/intphys2"",""probe.eval_output_subdir=seed_runs_attentive_continued_to_max_epoch_v1/intphys2__backbone_sweep__v_jepa_2_1__vit_b_16__temporal_attn__layer_12/seed_102"",""probe.wandb.group=seed_runs_attentive_continued_to_max_epoch_v1_intphys2__backbone_sweep__v_jepa_2_1__vit_b_16__temporal_attn__layer_12"",""probe.wandb.name=intphys2__backbone_sweep__v_jepa_2_1__vit_b_16__temporal_attn__layer_12__seed_102__continue_to_epoch_90"",""feature_cache.layer_ids=[3,6,9,12]"",""probe.temporal_attn.num_heads=16"",""probe.temporal_attn.num_self_attn_blocks=1"",""probe.temporal_attn.mlp_ratio=2"",""probe.temporal_attn.dropout=0.20000000000000001"",""feature_cache.include_tokens=true"",""probe.init_checkpoint_path=artifacts/probes/intphys2/seed_runs_layerwise_backbone_sweep_v1/intphys2__backbone_sweep__v_jepa_2_1__vit_b_16__temporal_attn__layer_12/seed_102/layer_12/train/probe_last.pt""]",results/seed_runs/seed_manifest_layerwise_backbone_sweep_attentive_v1.csv,7,9,b8229753c67cd404,continuation_from_official_seed_manifest,,artifacts/probes/intphys2/seed_runs_layerwise_backbone_sweep_v1/intphys2__backbone_sweep__v_jepa_2_1__vit_b_16__temporal_attn__layer_12/seed_102/layer_12/train/train_summary.json,results/seed_runs/seed_manifest_layerwise_backbone_sweep_attentive_v1.csv,7,9,b8229753c67cd404,artifacts/probes/intphys2/seed_runs_layerwise_backbone_sweep_v1/intphys2__backbone_sweep__v_jepa_2_1__vit_b_16__temporal_attn__layer_12/seed_102/layer_12/train,artifacts/probes/intphys2/seed_runs_layerwise_backbone_sweep_v1/intphys2__backbone_sweep__v_jepa_2_1__vit_b_16__temporal_attn__layer_12/seed_102/layer_12/train/train_summary.json,5426eb4dcfda9bdf,artifacts/probes/intphys2/seed_runs_layerwise_backbone_sweep_v1/intphys2__backbone_sweep__v_jepa_2_1__vit_b_16__temporal_attn__layer_12/seed_102/layer_12/train/probe_last.pt,37829858,67,47,true,90,23,resume_probe_last_disable_early_stopping_to_target_epoch,artifacts/probes/intphys2/seed_runs_attentive_continued_to_max_epoch_v1/intphys2__backbone_sweep__v_jepa_2_1__vit_b_16__temporal_attn__layer_12/seed_102,artifacts/results/intphys2/seed_runs_attentive_continued_to_max_epoch_v1/intphys2__backbone_sweep__v_jepa_2_1__vit_b_16__temporal_attn__layer_12/seed_102
intphys2__backbone_sweep__v_jepa_2_1__vit_g_16__temporal_attn__layer_10__seed_101__continue_to_epoch_90,intphys2__backbone_sweep__v_jepa_2_1__vit_g_16__temporal_attn__layer_10,train_eval.probe.intphys2,IntPhys2,intphys2,backbone_sweep,V-JEPA 2.1,ViT-G/16,Attentive,temporal_attn,101,42,jepa_v2_1,vitg_384,10,,10,tokens,1e-4,0.01,2,2,54,false,20,,,16,1,2,0.20000000000000001,cuda,artifacts/probes/intphys2,seed_runs_attentive_continued_to_max_epoch_v1/intphys2__backbone_sweep__v_jepa_2_1__vit_g_16__temporal_attn__layer_10/seed_101,artifacts/results/intphys2,seed_runs_attentive_continued_to_max_epoch_v1/intphys2__backbone_sweep__v_jepa_2_1__vit_g_16__temporal_attn__layer_10/seed_101,seed_runs_attentive_continued_to_max_epoch_v1_intphys2__backbone_sweep__v_jepa_2_1__vit_g_16__temporal_attn__layer_10,intphys2__backbone_sweep__v_jepa_2_1__vit_g_16__temporal_attn__layer_10__seed_101__continue_to_epoch_90,pending,,"[""seed=101"",""split.seed=42"",""backbone.name=jepa_v2_1"",""+backbone.kwargs.variant=vitg_384"",""probe.name=temporal_attn"",""probe.layer=10"",""probe.layers=[]"",""probe.feature_view=tokens"",""probe.device=cuda"",""probe.lr=1e-4"",""probe.weight_decay=0.01"",""probe.batch_size=2"",""probe.eval_batch_size=2"",""probe.epochs=54"",""probe.early_stopping.enabled=false"",""probe.early_stopping.patience=20"",""probe.optuna.enabled=false"",""probe.output_dir=artifacts/probes/intphys2"",""probe.output_subdir=seed_runs_attentive_continued_to_max_epoch_v1/intphys2__backbone_sweep__v_jepa_2_1__vit_g_16__temporal_attn__layer_10/seed_101"",""probe.eval_output_dir=artifacts/results/intphys2"",""probe.eval_output_subdir=seed_runs_attentive_continued_to_max_epoch_v1/intphys2__backbone_sweep__v_jepa_2_1__vit_g_16__temporal_attn__layer_10/seed_101"",""probe.wandb.group=seed_runs_attentive_continued_to_max_epoch_v1_intphys2__backbone_sweep__v_jepa_2_1__vit_g_16__temporal_attn__layer_10"",""probe.wandb.name=intphys2__backbone_sweep__v_jepa_2_1__vit_g_16__temporal_attn__layer_10__seed_101__continue_to_epoch_90"",""feature_cache.layer_ids=[10,20,30,40]"",""probe.temporal_attn.num_heads=16"",""probe.temporal_attn.num_self_attn_blocks=1"",""probe.temporal_attn.mlp_ratio=2"",""probe.temporal_attn.dropout=0.20000000000000001"",""feature_cache.include_tokens=true"",""probe.init_checkpoint_path=artifacts/probes/intphys2/seed_runs_layerwise_backbone_sweep_v1/intphys2__backbone_sweep__v_jepa_2_1__vit_g_16__temporal_attn__layer_10/seed_101/layer_10/train/probe_last.pt""]",results/seed_runs/seed_manifest_layerwise_backbone_sweep_attentive_v1.csv,8,10,a88a9f799d61564f,continuation_from_official_seed_manifest,,artifacts/probes/intphys2/seed_runs_layerwise_backbone_sweep_v1/intphys2__backbone_sweep__v_jepa_2_1__vit_g_16__temporal_attn__layer_10/seed_101/layer_10/train/train_summary.json,results/seed_runs/seed_manifest_layerwise_backbone_sweep_attentive_v1.csv,8,10,a88a9f799d61564f,artifacts/probes/intphys2/seed_runs_layerwise_backbone_sweep_v1/intphys2__backbone_sweep__v_jepa_2_1__vit_g_16__temporal_attn__layer_10/seed_101/layer_10/train,artifacts/probes/intphys2/seed_runs_layerwise_backbone_sweep_v1/intphys2__backbone_sweep__v_jepa_2_1__vit_g_16__temporal_attn__layer_10/seed_101/layer_10/train/train_summary.json,e7231eb3c7fd38d1,artifacts/probes/intphys2/seed_runs_layerwise_backbone_sweep_v1/intphys2__backbone_sweep__v_jepa_2_1__vit_g_16__temporal_attn__layer_10/seed_101/layer_10/train/probe_last.pt,127017698,36,16,true,90,54,resume_probe_last_disable_early_stopping_to_target_epoch,artifacts/probes/intphys2/seed_runs_attentive_continued_to_max_epoch_v1/intphys2__backbone_sweep__v_jepa_2_1__vit_g_16__temporal_attn__layer_10/seed_101,artifacts/results/intphys2/seed_runs_attentive_continued_to_max_epoch_v1/intphys2__backbone_sweep__v_jepa_2_1__vit_g_16__temporal_attn__layer_10/seed_101
intphys2__backbone_sweep__v_jepa_2_1__vit_g_16__temporal_attn__layer_10__seed_102__continue_to_epoch_90,intphys2__backbone_sweep__v_jepa_2_1__vit_g_16__temporal_attn__layer_10,train_eval.probe.intphys2,IntPhys2,intphys2,backbone_sweep,V-JEPA 2.1,ViT-G/16,Attentive,temporal_attn,102,42,jepa_v2_1,vitg_384,10,,10,tokens,1e-4,0.01,2,2,59,false,20,,,16,1,2,0.20000000000000001,cuda,artifacts/probes/intphys2,seed_runs_attentive_continued_to_max_epoch_v1/intphys2__backbone_sweep__v_jepa_2_1__vit_g_16__temporal_attn__layer_10/seed_102,artifacts/results/intphys2,seed_runs_attentive_continued_to_max_epoch_v1/intphys2__backbone_sweep__v_jepa_2_1__vit_g_16__temporal_attn__layer_10/seed_102,seed_runs_attentive_continued_to_max_epoch_v1_intphys2__backbone_sweep__v_jepa_2_1__vit_g_16__temporal_attn__layer_10,intphys2__backbone_sweep__v_jepa_2_1__vit_g_16__temporal_attn__layer_10__seed_102__continue_to_epoch_90,pending,,"[""seed=102"",""split.seed=42"",""backbone.name=jepa_v2_1"",""+backbone.kwargs.variant=vitg_384"",""probe.name=temporal_attn"",""probe.layer=10"",""probe.layers=[]"",""probe.feature_view=tokens"",""probe.device=cuda"",""probe.lr=1e-4"",""probe.weight_decay=0.01"",""probe.batch_size=2"",""probe.eval_batch_size=2"",""probe.epochs=59"",""probe.early_stopping.enabled=false"",""probe.early_stopping.patience=20"",""probe.optuna.enabled=false"",""probe.output_dir=artifacts/probes/intphys2"",""probe.output_subdir=seed_runs_attentive_continued_to_max_epoch_v1/intphys2__backbone_sweep__v_jepa_2_1__vit_g_16__temporal_attn__layer_10/seed_102"",""probe.eval_output_dir=artifacts/results/intphys2"",""probe.eval_output_subdir=seed_runs_attentive_continued_to_max_epoch_v1/intphys2__backbone_sweep__v_jepa_2_1__vit_g_16__temporal_attn__layer_10/seed_102"",""probe.wandb.group=seed_runs_attentive_continued_to_max_epoch_v1_intphys2__backbone_sweep__v_jepa_2_1__vit_g_16__temporal_attn__layer_10"",""probe.wandb.name=intphys2__backbone_sweep__v_jepa_2_1__vit_g_16__temporal_attn__layer_10__seed_102__continue_to_epoch_90"",""feature_cache.layer_ids=[10,20,30,40]"",""probe.temporal_attn.num_heads=16"",""probe.temporal_attn.num_self_attn_blocks=1"",""probe.temporal_attn.mlp_ratio=2"",""probe.temporal_attn.dropout=0.20000000000000001"",""feature_cache.include_tokens=true"",""probe.init_checkpoint_path=artifacts/probes/intphys2/seed_runs_layerwise_backbone_sweep_v1/intphys2__backbone_sweep__v_jepa_2_1__vit_g_16__temporal_attn__layer_10/seed_102/layer_10/train/probe_last.pt""]",results/seed_runs/seed_manifest_layerwise_backbone_sweep_attentive_v1.csv,9,11,3ccdc72d0a46b966,continuation_from_official_seed_manifest,,artifacts/probes/intphys2/seed_runs_layerwise_backbone_sweep_v1/intphys2__backbone_sweep__v_jepa_2_1__vit_g_16__temporal_attn__layer_10/seed_102/layer_10/train/train_summary.json,results/seed_runs/seed_manifest_layerwise_backbone_sweep_attentive_v1.csv,9,11,3ccdc72d0a46b966,artifacts/probes/intphys2/seed_runs_layerwise_backbone_sweep_v1/intphys2__backbone_sweep__v_jepa_2_1__vit_g_16__temporal_attn__layer_10/seed_102/layer_10/train,artifacts/probes/intphys2/seed_runs_layerwise_backbone_sweep_v1/intphys2__backbone_sweep__v_jepa_2_1__vit_g_16__temporal_attn__layer_10/seed_102/layer_10/train/train_summary.json,4d0052a2583fceb8,artifacts/probes/intphys2/seed_runs_layerwise_backbone_sweep_v1/intphys2__backbone_sweep__v_jepa_2_1__vit_g_16__temporal_attn__layer_10/seed_102/layer_10/train/probe_last.pt,127017698,31,11,true,90,59,resume_probe_last_disable_early_stopping_to_target_epoch,artifacts/probes/intphys2/seed_runs_attentive_continued_to_max_epoch_v1/intphys2__backbone_sweep__v_jepa_2_1__vit_g_16__temporal_attn__layer_10/seed_102,artifacts/results/intphys2/seed_runs_attentive_continued_to_max_epoch_v1/intphys2__backbone_sweep__v_jepa_2_1__vit_g_16__temporal_attn__layer_10/seed_102
intphys2__backbone_sweep__v_jepa_2_1__vit_g_16__temporal_attn__layer_20__seed_101__continue_to_epoch_90,intphys2__backbone_sweep__v_jepa_2_1__vit_g_16__temporal_attn__layer_20,train_eval.probe.intphys2,IntPhys2,intphys2,backbone_sweep,V-JEPA 2.1,ViT-G/16,Attentive,temporal_attn,101,42,jepa_v2_1,vitg_384,20,,20,tokens,5e-5,0.01,2,2,15,false,20,,,16,1,2,0.20000000000000001,cuda,artifacts/probes/intphys2,seed_runs_attentive_continued_to_max_epoch_v1/intphys2__backbone_sweep__v_jepa_2_1__vit_g_16__temporal_attn__layer_20/seed_101,artifacts/results/intphys2,seed_runs_attentive_continued_to_max_epoch_v1/intphys2__backbone_sweep__v_jepa_2_1__vit_g_16__temporal_attn__layer_20/seed_101,seed_runs_attentive_continued_to_max_epoch_v1_intphys2__backbone_sweep__v_jepa_2_1__vit_g_16__temporal_attn__layer_20,intphys2__backbone_sweep__v_jepa_2_1__vit_g_16__temporal_attn__layer_20__seed_101__continue_to_epoch_90,pending,,"[""seed=101"",""split.seed=42"",""backbone.name=jepa_v2_1"",""+backbone.kwargs.variant=vitg_384"",""probe.name=temporal_attn"",""probe.layer=20"",""probe.layers=[]"",""probe.feature_view=tokens"",""probe.device=cuda"",""probe.lr=5e-5"",""probe.weight_decay=0.01"",""probe.batch_size=2"",""probe.eval_batch_size=2"",""probe.epochs=15"",""probe.early_stopping.enabled=false"",""probe.early_stopping.patience=20"",""probe.optuna.enabled=false"",""probe.output_dir=artifacts/probes/intphys2"",""probe.output_subdir=seed_runs_attentive_continued_to_max_epoch_v1/intphys2__backbone_sweep__v_jepa_2_1__vit_g_16__temporal_attn__layer_20/seed_101"",""probe.eval_output_dir=artifacts/results/intphys2"",""probe.eval_output_subdir=seed_runs_attentive_continued_to_max_epoch_v1/intphys2__backbone_sweep__v_jepa_2_1__vit_g_16__temporal_attn__layer_20/seed_101"",""probe.wandb.group=seed_runs_attentive_continued_to_max_epoch_v1_intphys2__backbone_sweep__v_jepa_2_1__vit_g_16__temporal_attn__layer_20"",""probe.wandb.name=intphys2__backbone_sweep__v_jepa_2_1__vit_g_16__temporal_attn__layer_20__seed_101__continue_to_epoch_90"",""feature_cache.layer_ids=[10,20,30,40]"",""probe.temporal_attn.num_heads=16"",""probe.temporal_attn.num_self_attn_blocks=1"",""probe.temporal_attn.mlp_ratio=2"",""probe.temporal_attn.dropout=0.20000000000000001"",""feature_cache.include_tokens=true"",""probe.init_checkpoint_path=artifacts/probes/intphys2/seed_runs_layerwise_backbone_sweep_v1/intphys2__backbone_sweep__v_jepa_2_1__vit_g_16__temporal_attn__layer_20/seed_101/layer_20/train/probe_last.pt""]",results/seed_runs/seed_manifest_layerwise_backbone_sweep_attentive_v1.csv,10,12,dd028cc3735771ad,continuation_from_official_seed_manifest,,artifacts/probes/intphys2/seed_runs_layerwise_backbone_sweep_v1/intphys2__backbone_sweep__v_jepa_2_1__vit_g_16__temporal_attn__layer_20/seed_101/layer_20/train/train_summary.json,results/seed_runs/seed_manifest_layerwise_backbone_sweep_attentive_v1.csv,10,12,dd028cc3735771ad,artifacts/probes/intphys2/seed_runs_layerwise_backbone_sweep_v1/intphys2__backbone_sweep__v_jepa_2_1__vit_g_16__temporal_attn__layer_20/seed_101/layer_20/train,artifacts/probes/intphys2/seed_runs_layerwise_backbone_sweep_v1/intphys2__backbone_sweep__v_jepa_2_1__vit_g_16__temporal_attn__layer_20/seed_101/layer_20/train/train_summary.json,159bfe71b5fbc245,artifacts/probes/intphys2/seed_runs_layerwise_backbone_sweep_v1/intphys2__backbone_sweep__v_jepa_2_1__vit_g_16__temporal_attn__layer_20/seed_101/layer_20/train/probe_last.pt,127017698,75,55,true,90,15,resume_probe_last_disable_early_stopping_to_target_epoch,artifacts/probes/intphys2/seed_runs_attentive_continued_to_max_epoch_v1/intphys2__backbone_sweep__v_jepa_2_1__vit_g_16__temporal_attn__layer_20/seed_101,artifacts/results/intphys2/seed_runs_attentive_continued_to_max_epoch_v1/intphys2__backbone_sweep__v_jepa_2_1__vit_g_16__temporal_attn__layer_20/seed_101
intphys2__backbone_sweep__v_jepa_2_1__vit_g_16__temporal_attn__layer_20__seed_102__continue_to_epoch_90,intphys2__backbone_sweep__v_jepa_2_1__vit_g_16__temporal_attn__layer_20,train_eval.probe.intphys2,IntPhys2,intphys2,backbone_sweep,V-JEPA 2.1,ViT-G/16,Attentive,temporal_attn,102,42,jepa_v2_1,vitg_384,20,,20,tokens,5e-5,0.01,2,2,32,false,20,,,16,1,2,0.20000000000000001,cuda,artifacts/probes/intphys2,seed_runs_attentive_continued_to_max_epoch_v1/intphys2__backbone_sweep__v_jepa_2_1__vit_g_16__temporal_attn__layer_20/seed_102,artifacts/results/intphys2,seed_runs_attentive_continued_to_max_epoch_v1/intphys2__backbone_sweep__v_jepa_2_1__vit_g_16__temporal_attn__layer_20/seed_102,seed_runs_attentive_continued_to_max_epoch_v1_intphys2__backbone_sweep__v_jepa_2_1__vit_g_16__temporal_attn__layer_20,intphys2__backbone_sweep__v_jepa_2_1__vit_g_16__temporal_attn__layer_20__seed_102__continue_to_epoch_90,pending,,"[""seed=102"",""split.seed=42"",""backbone.name=jepa_v2_1"",""+backbone.kwargs.variant=vitg_384"",""probe.name=temporal_attn"",""probe.layer=20"",""probe.layers=[]"",""probe.feature_view=tokens"",""probe.device=cuda"",""probe.lr=5e-5"",""probe.weight_decay=0.01"",""probe.batch_size=2"",""probe.eval_batch_size=2"",""probe.epochs=32"",""probe.early_stopping.enabled=false"",""probe.early_stopping.patience=20"",""probe.optuna.enabled=false"",""probe.output_dir=artifacts/probes/intphys2"",""probe.output_subdir=seed_runs_attentive_continued_to_max_epoch_v1/intphys2__backbone_sweep__v_jepa_2_1__vit_g_16__temporal_attn__layer_20/seed_102"",""probe.eval_output_dir=artifacts/results/intphys2"",""probe.eval_output_subdir=seed_runs_attentive_continued_to_max_epoch_v1/intphys2__backbone_sweep__v_jepa_2_1__vit_g_16__temporal_attn__layer_20/seed_102"",""probe.wandb.group=seed_runs_attentive_continued_to_max_epoch_v1_intphys2__backbone_sweep__v_jepa_2_1__vit_g_16__temporal_attn__layer_20"",""probe.wandb.name=intphys2__backbone_sweep__v_jepa_2_1__vit_g_16__temporal_attn__layer_20__seed_102__continue_to_epoch_90"",""feature_cache.layer_ids=[10,20,30,40]"",""probe.temporal_attn.num_heads=16"",""probe.temporal_attn.num_self_attn_blocks=1"",""probe.temporal_attn.mlp_ratio=2"",""probe.temporal_attn.dropout=0.20000000000000001"",""feature_cache.include_tokens=true"",""probe.init_checkpoint_path=artifacts/probes/intphys2/seed_runs_layerwise_backbone_sweep_v1/intphys2__backbone_sweep__v_jepa_2_1__vit_g_16__temporal_attn__layer_20/seed_102/layer_20/train/probe_last.pt""]",results/seed_runs/seed_manifest_layerwise_backbone_sweep_attentive_v1.csv,11,13,eebe044f282132ff,continuation_from_official_seed_manifest,,artifacts/probes/intphys2/seed_runs_layerwise_backbone_sweep_v1/intphys2__backbone_sweep__v_jepa_2_1__vit_g_16__temporal_attn__layer_20/seed_102/layer_20/train/train_summary.json,results/seed_runs/seed_manifest_layerwise_backbone_sweep_attentive_v1.csv,11,13,eebe044f282132ff,artifacts/probes/intphys2/seed_runs_layerwise_backbone_sweep_v1/intphys2__backbone_sweep__v_jepa_2_1__vit_g_16__temporal_attn__layer_20/seed_102/layer_20/train,artifacts/probes/intphys2/seed_runs_layerwise_backbone_sweep_v1/intphys2__backbone_sweep__v_jepa_2_1__vit_g_16__temporal_attn__layer_20/seed_102/layer_20/train/train_summary.json,b037f61c59f1d1c7,artifacts/probes/intphys2/seed_runs_layerwise_backbone_sweep_v1/intphys2__backbone_sweep__v_jepa_2_1__vit_g_16__temporal_attn__layer_20/seed_102/layer_20/train/probe_last.pt,127017698,58,38,true,90,32,resume_probe_last_disable_early_stopping_to_target_epoch,artifacts/probes/intphys2/seed_runs_attentive_continued_to_max_epoch_v1/intphys2__backbone_sweep__v_jepa_2_1__vit_g_16__temporal_attn__layer_20/seed_102,artifacts/results/intphys2/seed_runs_attentive_continued_to_max_epoch_v1/intphys2__backbone_sweep__v_jepa_2_1__vit_g_16__temporal_attn__layer_20/seed_102
intphys2__backbone_sweep__v_jepa_2_1__vit_g_16__temporal_attn__layer_30__seed_101__continue_to_epoch_90,intphys2__backbone_sweep__v_jepa_2_1__vit_g_16__temporal_attn__layer_30,train_eval.probe.intphys2,IntPhys2,intphys2,backbone_sweep,V-JEPA 2.1,ViT-G/16,Attentive,temporal_attn,101,42,jepa_v2_1,vitg_384,30,,30,tokens,5e-5,0.01,2,2,33,false,20,,,16,1,2,0.20000000000000001,cuda,artifacts/probes/intphys2,seed_runs_attentive_continued_to_max_epoch_v1/intphys2__backbone_sweep__v_jepa_2_1__vit_g_16__temporal_attn__layer_30/seed_101,artifacts/results/intphys2,seed_runs_attentive_continued_to_max_epoch_v1/intphys2__backbone_sweep__v_jepa_2_1__vit_g_16__temporal_attn__layer_30/seed_101,seed_runs_attentive_continued_to_max_epoch_v1_intphys2__backbone_sweep__v_jepa_2_1__vit_g_16__temporal_attn__layer_30,intphys2__backbone_sweep__v_jepa_2_1__vit_g_16__temporal_attn__layer_30__seed_101__continue_to_epoch_90,pending,,"[""seed=101"",""split.seed=42"",""backbone.name=jepa_v2_1"",""+backbone.kwargs.variant=vitg_384"",""probe.name=temporal_attn"",""probe.layer=30"",""probe.layers=[]"",""probe.feature_view=tokens"",""probe.device=cuda"",""probe.lr=5e-5"",""probe.weight_decay=0.01"",""probe.batch_size=2"",""probe.eval_batch_size=2"",""probe.epochs=33"",""probe.early_stopping.enabled=false"",""probe.early_stopping.patience=20"",""probe.optuna.enabled=false"",""probe.output_dir=artifacts/probes/intphys2"",""probe.output_subdir=seed_runs_attentive_continued_to_max_epoch_v1/intphys2__backbone_sweep__v_jepa_2_1__vit_g_16__temporal_attn__layer_30/seed_101"",""probe.eval_output_dir=artifacts/results/intphys2"",""probe.eval_output_subdir=seed_runs_attentive_continued_to_max_epoch_v1/intphys2__backbone_sweep__v_jepa_2_1__vit_g_16__temporal_attn__layer_30/seed_101"",""probe.wandb.group=seed_runs_attentive_continued_to_max_epoch_v1_intphys2__backbone_sweep__v_jepa_2_1__vit_g_16__temporal_attn__layer_30"",""probe.wandb.name=intphys2__backbone_sweep__v_jepa_2_1__vit_g_16__temporal_attn__layer_30__seed_101__continue_to_epoch_90"",""feature_cache.layer_ids=[10,20,30,40]"",""probe.temporal_attn.num_heads=16"",""probe.temporal_attn.num_self_attn_blocks=1"",""probe.temporal_attn.mlp_ratio=2"",""probe.temporal_attn.dropout=0.20000000000000001"",""feature_cache.include_tokens=true"",""probe.init_checkpoint_path=artifacts/probes/intphys2/seed_runs_layerwise_backbone_sweep_v1/intphys2__backbone_sweep__v_jepa_2_1__vit_g_16__temporal_attn__layer_30/seed_101/layer_30/train/probe_last.pt""]",results/seed_runs/seed_manifest_layerwise_backbone_sweep_attentive_v1.csv,12,14,0ab4b97742d391f6,continuation_from_official_seed_manifest,,artifacts/probes/intphys2/seed_runs_layerwise_backbone_sweep_v1/intphys2__backbone_sweep__v_jepa_2_1__vit_g_16__temporal_attn__layer_30/seed_101/layer_30/train/train_summary.json,results/seed_runs/seed_manifest_layerwise_backbone_sweep_attentive_v1.csv,12,14,0ab4b97742d391f6,artifacts/probes/intphys2/seed_runs_layerwise_backbone_sweep_v1/intphys2__backbone_sweep__v_jepa_2_1__vit_g_16__temporal_attn__layer_30/seed_101/layer_30/train,artifacts/probes/intphys2/seed_runs_layerwise_backbone_sweep_v1/intphys2__backbone_sweep__v_jepa_2_1__vit_g_16__temporal_attn__layer_30/seed_101/layer_30/train/train_summary.json,61d34a7fc55ad647,artifacts/probes/intphys2/seed_runs_layerwise_backbone_sweep_v1/intphys2__backbone_sweep__v_jepa_2_1__vit_g_16__temporal_attn__layer_30/seed_101/layer_30/train/probe_last.pt,127017698,57,37,true,90,33,resume_probe_last_disable_early_stopping_to_target_epoch,artifacts/probes/intphys2/seed_runs_attentive_continued_to_max_epoch_v1/intphys2__backbone_sweep__v_jepa_2_1__vit_g_16__temporal_attn__layer_30/seed_101,artifacts/results/intphys2/seed_runs_attentive_continued_to_max_epoch_v1/intphys2__backbone_sweep__v_jepa_2_1__vit_g_16__temporal_attn__layer_30/seed_101
intphys2__backbone_sweep__v_jepa_2_1__vit_g_16__temporal_attn__layer_40__seed_101__continue_to_epoch_90,intphys2__backbone_sweep__v_jepa_2_1__vit_g_16__temporal_attn__layer_40,train_eval.probe.intphys2,IntPhys2,intphys2,backbone_sweep,V-JEPA 2.1,ViT-G/16,Attentive,temporal_attn,101,42,jepa_v2_1,vitg_384,40,,40,tokens,1e-4,0.01,2,2,34,false,20,,,16,1,2,0.20000000000000001,cuda,artifacts/probes/intphys2,seed_runs_attentive_continued_to_max_epoch_v1/intphys2__backbone_sweep__v_jepa_2_1__vit_g_16__temporal_attn__layer_40/seed_101,artifacts/results/intphys2,seed_runs_attentive_continued_to_max_epoch_v1/intphys2__backbone_sweep__v_jepa_2_1__vit_g_16__temporal_attn__layer_40/seed_101,seed_runs_attentive_continued_to_max_epoch_v1_intphys2__backbone_sweep__v_jepa_2_1__vit_g_16__temporal_attn__layer_40,intphys2__backbone_sweep__v_jepa_2_1__vit_g_16__temporal_attn__layer_40__seed_101__continue_to_epoch_90,pending,,"[""seed=101"",""split.seed=42"",""backbone.name=jepa_v2_1"",""+backbone.kwargs.variant=vitg_384"",""probe.name=temporal_attn"",""probe.layer=40"",""probe.layers=[]"",""probe.feature_view=tokens"",""probe.device=cuda"",""probe.lr=1e-4"",""probe.weight_decay=0.01"",""probe.batch_size=2"",""probe.eval_batch_size=2"",""probe.epochs=34"",""probe.early_stopping.enabled=false"",""probe.early_stopping.patience=20"",""probe.optuna.enabled=false"",""probe.output_dir=artifacts/probes/intphys2"",""probe.output_subdir=seed_runs_attentive_continued_to_max_epoch_v1/intphys2__backbone_sweep__v_jepa_2_1__vit_g_16__temporal_attn__layer_40/seed_101"",""probe.eval_output_dir=artifacts/results/intphys2"",""probe.eval_output_subdir=seed_runs_attentive_continued_to_max_epoch_v1/intphys2__backbone_sweep__v_jepa_2_1__vit_g_16__temporal_attn__layer_40/seed_101"",""probe.wandb.group=seed_runs_attentive_continued_to_max_epoch_v1_intphys2__backbone_sweep__v_jepa_2_1__vit_g_16__temporal_attn__layer_40"",""probe.wandb.name=intphys2__backbone_sweep__v_jepa_2_1__vit_g_16__temporal_attn__layer_40__seed_101__continue_to_epoch_90"",""feature_cache.layer_ids=[10,20,30,40]"",""probe.temporal_attn.num_heads=16"",""probe.temporal_attn.num_self_attn_blocks=1"",""probe.temporal_attn.mlp_ratio=2"",""probe.temporal_attn.dropout=0.20000000000000001"",""feature_cache.include_tokens=true"",""probe.init_checkpoint_path=artifacts/probes/intphys2/seed_runs_layerwise_backbone_sweep_v1/intphys2__backbone_sweep__v_jepa_2_1__vit_g_16__temporal_attn__layer_40/seed_101/layer_40/train/probe_last.pt""]",results/seed_runs/seed_manifest_layerwise_backbone_sweep_attentive_v1.csv,14,16,45727e490d9a8c15,continuation_from_official_seed_manifest,,artifacts/probes/intphys2/seed_runs_layerwise_backbone_sweep_v1/intphys2__backbone_sweep__v_jepa_2_1__vit_g_16__temporal_attn__layer_40/seed_101/layer_40/train/train_summary.json,results/seed_runs/seed_manifest_layerwise_backbone_sweep_attentive_v1.csv,14,16,45727e490d9a8c15,artifacts/probes/intphys2/seed_runs_layerwise_backbone_sweep_v1/intphys2__backbone_sweep__v_jepa_2_1__vit_g_16__temporal_attn__layer_40/seed_101/layer_40/train,artifacts/probes/intphys2/seed_runs_layerwise_backbone_sweep_v1/intphys2__backbone_sweep__v_jepa_2_1__vit_g_16__temporal_attn__layer_40/seed_101/layer_40/train/train_summary.json,fc5140623076e308,artifacts/probes/intphys2/seed_runs_layerwise_backbone_sweep_v1/intphys2__backbone_sweep__v_jepa_2_1__vit_g_16__temporal_attn__layer_40/seed_101/layer_40/train/probe_last.pt,127017698,56,36,true,90,34,resume_probe_last_disable_early_stopping_to_target_epoch,artifacts/probes/intphys2/seed_runs_attentive_continued_to_max_epoch_v1/intphys2__backbone_sweep__v_jepa_2_1__vit_g_16__temporal_attn__layer_40/seed_101,artifacts/results/intphys2/seed_runs_attentive_continued_to_max_epoch_v1/intphys2__backbone_sweep__v_jepa_2_1__vit_g_16__temporal_attn__layer_40/seed_101
intphys2__backbone_sweep__v_jepa_2_1__vit_g_16__temporal_attn__layer_40__seed_102__continue_to_epoch_90,intphys2__backbone_sweep__v_jepa_2_1__vit_g_16__temporal_attn__layer_40,train_eval.probe.intphys2,IntPhys2,intphys2,backbone_sweep,V-JEPA 2.1,ViT-G/16,Attentive,temporal_attn,102,42,jepa_v2_1,vitg_384,40,,40,tokens,1e-4,0.01,2,2,48,false,20,,,16,1,2,0.20000000000000001,cuda,artifacts/probes/intphys2,seed_runs_attentive_continued_to_max_epoch_v1/intphys2__backbone_sweep__v_jepa_2_1__vit_g_16__temporal_attn__layer_40/seed_102,artifacts/results/intphys2,seed_runs_attentive_continued_to_max_epoch_v1/intphys2__backbone_sweep__v_jepa_2_1__vit_g_16__temporal_attn__layer_40/seed_102,seed_runs_attentive_continued_to_max_epoch_v1_intphys2__backbone_sweep__v_jepa_2_1__vit_g_16__temporal_attn__layer_40,intphys2__backbone_sweep__v_jepa_2_1__vit_g_16__temporal_attn__layer_40__seed_102__continue_to_epoch_90,pending,,"[""seed=102"",""split.seed=42"",""backbone.name=jepa_v2_1"",""+backbone.kwargs.variant=vitg_384"",""probe.name=temporal_attn"",""probe.layer=40"",""probe.layers=[]"",""probe.feature_view=tokens"",""probe.device=cuda"",""probe.lr=1e-4"",""probe.weight_decay=0.01"",""probe.batch_size=2"",""probe.eval_batch_size=2"",""probe.epochs=48"",""probe.early_stopping.enabled=false"",""probe.early_stopping.patience=20"",""probe.optuna.enabled=false"",""probe.output_dir=artifacts/probes/intphys2"",""probe.output_subdir=seed_runs_attentive_continued_to_max_epoch_v1/intphys2__backbone_sweep__v_jepa_2_1__vit_g_16__temporal_attn__layer_40/seed_102"",""probe.eval_output_dir=artifacts/results/intphys2"",""probe.eval_output_subdir=seed_runs_attentive_continued_to_max_epoch_v1/intphys2__backbone_sweep__v_jepa_2_1__vit_g_16__temporal_attn__layer_40/seed_102"",""probe.wandb.group=seed_runs_attentive_continued_to_max_epoch_v1_intphys2__backbone_sweep__v_jepa_2_1__vit_g_16__temporal_attn__layer_40"",""probe.wandb.name=intphys2__backbone_sweep__v_jepa_2_1__vit_g_16__temporal_attn__layer_40__seed_102__continue_to_epoch_90"",""feature_cache.layer_ids=[10,20,30,40]"",""probe.temporal_attn.num_heads=16"",""probe.temporal_attn.num_self_attn_blocks=1"",""probe.temporal_attn.mlp_ratio=2"",""probe.temporal_attn.dropout=0.20000000000000001"",""feature_cache.include_tokens=true"",""probe.init_checkpoint_path=artifacts/probes/intphys2/seed_runs_layerwise_backbone_sweep_v1/intphys2__backbone_sweep__v_jepa_2_1__vit_g_16__temporal_attn__layer_40/seed_102/layer_40/train/probe_last.pt""]",results/seed_runs/seed_manifest_layerwise_backbone_sweep_attentive_v1.csv,15,17,039addf16303cf7c,continuation_from_official_seed_manifest,,artifacts/probes/intphys2/seed_runs_layerwise_backbone_sweep_v1/intphys2__backbone_sweep__v_jepa_2_1__vit_g_16__temporal_attn__layer_40/seed_102/layer_40/train/train_summary.json,results/seed_runs/seed_manifest_layerwise_backbone_sweep_attentive_v1.csv,15,17,039addf16303cf7c,artifacts/probes/intphys2/seed_runs_layerwise_backbone_sweep_v1/intphys2__backbone_sweep__v_jepa_2_1__vit_g_16__temporal_attn__layer_40/seed_102/layer_40/train,artifacts/probes/intphys2/seed_runs_layerwise_backbone_sweep_v1/intphys2__backbone_sweep__v_jepa_2_1__vit_g_16__temporal_attn__layer_40/seed_102/layer_40/train/train_summary.json,295c05a39f2633d9,artifacts/probes/intphys2/seed_runs_layerwise_backbone_sweep_v1/intphys2__backbone_sweep__v_jepa_2_1__vit_g_16__temporal_attn__layer_40/seed_102/layer_40/train/probe_last.pt,127017698,42,22,true,90,48,resume_probe_last_disable_early_stopping_to_target_epoch,artifacts/probes/intphys2/seed_runs_attentive_continued_to_max_epoch_v1/intphys2__backbone_sweep__v_jepa_2_1__vit_g_16__temporal_attn__layer_40/seed_102,artifacts/results/intphys2/seed_runs_attentive_continued_to_max_epoch_v1/intphys2__backbone_sweep__v_jepa_2_1__vit_g_16__temporal_attn__layer_40/seed_102
intphys2__backbone_sweep__videomae_v2__vit_b_16__temporal_attn__layer_3__seed_101__continue_to_epoch_90,intphys2__backbone_sweep__videomae_v2__vit_b_16__temporal_attn__layer_3,train_eval.probe.intphys2,IntPhys2,intphys2,backbone_sweep,VideoMAE-v2,ViT-B/16,Attentive,temporal_attn,101,42,videomae_v2,vit_base_16_224,3,,3,tokens,5e-4,0.01,1,1,56,false,20,,,16,1,2,0.20000000000000001,cuda,artifacts/probes/intphys2,seed_runs_attentive_continued_to_max_epoch_v1/intphys2__backbone_sweep__videomae_v2__vit_b_16__temporal_attn__layer_3/seed_101,artifacts/results/intphys2,seed_runs_attentive_continued_to_max_epoch_v1/intphys2__backbone_sweep__videomae_v2__vit_b_16__temporal_attn__layer_3/seed_101,seed_runs_attentive_continued_to_max_epoch_v1_intphys2__backbone_sweep__videomae_v2__vit_b_16__temporal_attn__layer_3,intphys2__backbone_sweep__videomae_v2__vit_b_16__temporal_attn__layer_3__seed_101__continue_to_epoch_90,pending,,"[""seed=101"",""split.seed=42"",""backbone.name=videomae_v2"",""+backbone.kwargs.variant=vit_base_16_224"",""probe.name=temporal_attn"",""probe.layer=3"",""probe.layers=[]"",""probe.feature_view=tokens"",""probe.device=cuda"",""probe.lr=5e-4"",""probe.weight_decay=0.01"",""probe.batch_size=1"",""probe.eval_batch_size=1"",""probe.epochs=56"",""probe.early_stopping.enabled=false"",""probe.early_stopping.patience=20"",""probe.optuna.enabled=false"",""probe.output_dir=artifacts/probes/intphys2"",""probe.output_subdir=seed_runs_attentive_continued_to_max_epoch_v1/intphys2__backbone_sweep__videomae_v2__vit_b_16__temporal_attn__layer_3/seed_101"",""probe.eval_output_dir=artifacts/results/intphys2"",""probe.eval_output_subdir=seed_runs_attentive_continued_to_max_epoch_v1/intphys2__backbone_sweep__videomae_v2__vit_b_16__temporal_attn__layer_3/seed_101"",""probe.wandb.group=seed_runs_attentive_continued_to_max_epoch_v1_intphys2__backbone_sweep__videomae_v2__vit_b_16__temporal_attn__layer_3"",""probe.wandb.name=intphys2__backbone_sweep__videomae_v2__vit_b_16__temporal_attn__layer_3__seed_101__continue_to_epoch_90"",""feature_cache.layer_ids=[3,6,9,12]"",""probe.temporal_attn.num_heads=16"",""probe.temporal_attn.num_self_attn_blocks=1"",""probe.temporal_attn.mlp_ratio=2"",""probe.temporal_attn.dropout=0.20000000000000001"",""feature_cache.include_tokens=true"",""probe.init_checkpoint_path=artifacts/probes/intphys2/seed_runs_layerwise_backbone_sweep_v1/intphys2__backbone_sweep__videomae_v2__vit_b_16__temporal_attn__layer_3/seed_101/layer_3/train/probe_last.pt""]",results/seed_runs/seed_manifest_layerwise_backbone_sweep_attentive_v1.csv,16,18,4140f5ebc929f8f2,continuation_from_official_seed_manifest,,artifacts/probes/intphys2/seed_runs_layerwise_backbone_sweep_v1/intphys2__backbone_sweep__videomae_v2__vit_b_16__temporal_attn__layer_3/seed_101/layer_3/train/train_summary.json,results/seed_runs/seed_manifest_layerwise_backbone_sweep_attentive_v1.csv,16,18,4140f5ebc929f8f2,artifacts/probes/intphys2/seed_runs_layerwise_backbone_sweep_v1/intphys2__backbone_sweep__videomae_v2__vit_b_16__temporal_attn__layer_3/seed_101/layer_3/train,artifacts/probes/intphys2/seed_runs_layerwise_backbone_sweep_v1/intphys2__backbone_sweep__videomae_v2__vit_b_16__temporal_attn__layer_3/seed_101/layer_3/train/train_summary.json,0139fac276eb72c3,artifacts/probes/intphys2/seed_runs_layerwise_backbone_sweep_v1/intphys2__backbone_sweep__videomae_v2__vit_b_16__temporal_attn__layer_3/seed_101/layer_3/train/probe_last.pt,37829858,34,14,true,90,56,resume_probe_last_disable_early_stopping_to_target_epoch,artifacts/probes/intphys2/seed_runs_attentive_continued_to_max_epoch_v1/intphys2__backbone_sweep__videomae_v2__vit_b_16__temporal_attn__layer_3/seed_101,artifacts/results/intphys2/seed_runs_attentive_continued_to_max_epoch_v1/intphys2__backbone_sweep__videomae_v2__vit_b_16__temporal_attn__layer_3/seed_101
intphys2__backbone_sweep__videomae_v2__vit_b_16__temporal_attn__layer_3__seed_102__continue_to_epoch_90,intphys2__backbone_sweep__videomae_v2__vit_b_16__temporal_attn__layer_3,train_eval.probe.intphys2,IntPhys2,intphys2,backbone_sweep,VideoMAE-v2,ViT-B/16,Attentive,temporal_attn,102,42,videomae_v2,vit_base_16_224,3,,3,tokens,5e-4,0.01,1,1,45,false,20,,,16,1,2,0.20000000000000001,cuda,artifacts/probes/intphys2,seed_runs_attentive_continued_to_max_epoch_v1/intphys2__backbone_sweep__videomae_v2__vit_b_16__temporal_attn__layer_3/seed_102,artifacts/results/intphys2,seed_runs_attentive_continued_to_max_epoch_v1/intphys2__backbone_sweep__videomae_v2__vit_b_16__temporal_attn__layer_3/seed_102,seed_runs_attentive_continued_to_max_epoch_v1_intphys2__backbone_sweep__videomae_v2__vit_b_16__temporal_attn__layer_3,intphys2__backbone_sweep__videomae_v2__vit_b_16__temporal_attn__layer_3__seed_102__continue_to_epoch_90,pending,,"[""seed=102"",""split.seed=42"",""backbone.name=videomae_v2"",""+backbone.kwargs.variant=vit_base_16_224"",""probe.name=temporal_attn"",""probe.layer=3"",""probe.layers=[]"",""probe.feature_view=tokens"",""probe.device=cuda"",""probe.lr=5e-4"",""probe.weight_decay=0.01"",""probe.batch_size=1"",""probe.eval_batch_size=1"",""probe.epochs=45"",""probe.early_stopping.enabled=false"",""probe.early_stopping.patience=20"",""probe.optuna.enabled=false"",""probe.output_dir=artifacts/probes/intphys2"",""probe.output_subdir=seed_runs_attentive_continued_to_max_epoch_v1/intphys2__backbone_sweep__videomae_v2__vit_b_16__temporal_attn__layer_3/seed_102"",""probe.eval_output_dir=artifacts/results/intphys2"",""probe.eval_output_subdir=seed_runs_attentive_continued_to_max_epoch_v1/intphys2__backbone_sweep__videomae_v2__vit_b_16__temporal_attn__layer_3/seed_102"",""probe.wandb.group=seed_runs_attentive_continued_to_max_epoch_v1_intphys2__backbone_sweep__videomae_v2__vit_b_16__temporal_attn__layer_3"",""probe.wandb.name=intphys2__backbone_sweep__videomae_v2__vit_b_16__temporal_attn__layer_3__seed_102__continue_to_epoch_90"",""feature_cache.layer_ids=[3,6,9,12]"",""probe.temporal_attn.num_heads=16"",""probe.temporal_attn.num_self_attn_blocks=1"",""probe.temporal_attn.mlp_ratio=2"",""probe.temporal_attn.dropout=0.20000000000000001"",""feature_cache.include_tokens=true"",""probe.init_checkpoint_path=artifacts/probes/intphys2/seed_runs_layerwise_backbone_sweep_v1/intphys2__backbone_sweep__videomae_v2__vit_b_16__temporal_attn__layer_3/seed_102/layer_3/train/probe_last.pt""]",results/seed_runs/seed_manifest_layerwise_backbone_sweep_attentive_v1.csv,17,19,bf8ca5b86896f3d6,continuation_from_official_seed_manifest,,artifacts/probes/intphys2/seed_runs_layerwise_backbone_sweep_v1/intphys2__backbone_sweep__videomae_v2__vit_b_16__temporal_attn__layer_3/seed_102/layer_3/train/train_summary.json,results/seed_runs/seed_manifest_layerwise_backbone_sweep_attentive_v1.csv,17,19,bf8ca5b86896f3d6,artifacts/probes/intphys2/seed_runs_layerwise_backbone_sweep_v1/intphys2__backbone_sweep__videomae_v2__vit_b_16__temporal_attn__layer_3/seed_102/layer_3/train,artifacts/probes/intphys2/seed_runs_layerwise_backbone_sweep_v1/intphys2__backbone_sweep__videomae_v2__vit_b_16__temporal_attn__layer_3/seed_102/layer_3/train/train_summary.json,1065481c4e3e72b9,artifacts/probes/intphys2/seed_runs_layerwise_backbone_sweep_v1/intphys2__backbone_sweep__videomae_v2__vit_b_16__temporal_attn__layer_3/seed_102/layer_3/train/probe_last.pt,37829858,45,25,true,90,45,resume_probe_last_disable_early_stopping_to_target_epoch,artifacts/probes/intphys2/seed_runs_attentive_continued_to_max_epoch_v1/intphys2__backbone_sweep__videomae_v2__vit_b_16__temporal_attn__layer_3/seed_102,artifacts/results/intphys2/seed_runs_attentive_continued_to_max_epoch_v1/intphys2__backbone_sweep__videomae_v2__vit_b_16__temporal_attn__layer_3/seed_102
intphys2__backbone_sweep__videomae_v2__vit_b_16__temporal_attn__layer_6__seed_101__continue_to_epoch_90,intphys2__backbone_sweep__videomae_v2__vit_b_16__temporal_attn__layer_6,train_eval.probe.intphys2,IntPhys2,intphys2,backbone_sweep,VideoMAE-v2,ViT-B/16,Attentive,temporal_attn,101,42,videomae_v2,vit_base_16_224,6,,6,tokens,5e-5,0.01,1,1,49,false,20,,,16,1,2,0.20000000000000001,cuda,artifacts/probes/intphys2,seed_runs_attentive_continued_to_max_epoch_v1/intphys2__backbone_sweep__videomae_v2__vit_b_16__temporal_attn__layer_6/seed_101,artifacts/results/intphys2,seed_runs_attentive_continued_to_max_epoch_v1/intphys2__backbone_sweep__videomae_v2__vit_b_16__temporal_attn__layer_6/seed_101,seed_runs_attentive_continued_to_max_epoch_v1_intphys2__backbone_sweep__videomae_v2__vit_b_16__temporal_attn__layer_6,intphys2__backbone_sweep__videomae_v2__vit_b_16__temporal_attn__layer_6__seed_101__continue_to_epoch_90,pending,,"[""seed=101"",""split.seed=42"",""backbone.name=videomae_v2"",""+backbone.kwargs.variant=vit_base_16_224"",""probe.name=temporal_attn"",""probe.layer=6"",""probe.layers=[]"",""probe.feature_view=tokens"",""probe.device=cuda"",""probe.lr=5e-5"",""probe.weight_decay=0.01"",""probe.batch_size=1"",""probe.eval_batch_size=1"",""probe.epochs=49"",""probe.early_stopping.enabled=false"",""probe.early_stopping.patience=20"",""probe.optuna.enabled=false"",""probe.output_dir=artifacts/probes/intphys2"",""probe.output_subdir=seed_runs_attentive_continued_to_max_epoch_v1/intphys2__backbone_sweep__videomae_v2__vit_b_16__temporal_attn__layer_6/seed_101"",""probe.eval_output_dir=artifacts/results/intphys2"",""probe.eval_output_subdir=seed_runs_attentive_continued_to_max_epoch_v1/intphys2__backbone_sweep__videomae_v2__vit_b_16__temporal_attn__layer_6/seed_101"",""probe.wandb.group=seed_runs_attentive_continued_to_max_epoch_v1_intphys2__backbone_sweep__videomae_v2__vit_b_16__temporal_attn__layer_6"",""probe.wandb.name=intphys2__backbone_sweep__videomae_v2__vit_b_16__temporal_attn__layer_6__seed_101__continue_to_epoch_90"",""feature_cache.layer_ids=[3,6,9,12]"",""probe.temporal_attn.num_heads=16"",""probe.temporal_attn.num_self_attn_blocks=1"",""probe.temporal_attn.mlp_ratio=2"",""probe.temporal_attn.dropout=0.20000000000000001"",""feature_cache.include_tokens=true"",""probe.init_checkpoint_path=artifacts/probes/intphys2/seed_runs_layerwise_backbone_sweep_v1/intphys2__backbone_sweep__videomae_v2__vit_b_16__temporal_attn__layer_6/seed_101/layer_6/train/probe_last.pt""]",results/seed_runs/seed_manifest_layerwise_backbone_sweep_attentive_v1.csv,18,20,a22ab284841a8cdf,continuation_from_official_seed_manifest,,artifacts/probes/intphys2/seed_runs_layerwise_backbone_sweep_v1/intphys2__backbone_sweep__videomae_v2__vit_b_16__temporal_attn__layer_6/seed_101/layer_6/train/train_summary.json,results/seed_runs/seed_manifest_layerwise_backbone_sweep_attentive_v1.csv,18,20,a22ab284841a8cdf,artifacts/probes/intphys2/seed_runs_layerwise_backbone_sweep_v1/intphys2__backbone_sweep__videomae_v2__vit_b_16__temporal_attn__layer_6/seed_101/layer_6/train,artifacts/probes/intphys2/seed_runs_layerwise_backbone_sweep_v1/intphys2__backbone_sweep__videomae_v2__vit_b_16__temporal_attn__layer_6/seed_101/layer_6/train/train_summary.json,9b5c7227d2039768,artifacts/probes/intphys2/seed_runs_layerwise_backbone_sweep_v1/intphys2__backbone_sweep__videomae_v2__vit_b_16__temporal_attn__layer_6/seed_101/layer_6/train/probe_last.pt,37829858,41,21,true,90,49,resume_probe_last_disable_early_stopping_to_target_epoch,artifacts/probes/intphys2/seed_runs_attentive_continued_to_max_epoch_v1/intphys2__backbone_sweep__videomae_v2__vit_b_16__temporal_attn__layer_6/seed_101,artifacts/results/intphys2/seed_runs_attentive_continued_to_max_epoch_v1/intphys2__backbone_sweep__videomae_v2__vit_b_16__temporal_attn__layer_6/seed_101
intphys2__backbone_sweep__videomae_v2__vit_b_16__temporal_attn__layer_6__seed_102__continue_to_epoch_90,intphys2__backbone_sweep__videomae_v2__vit_b_16__temporal_attn__layer_6,train_eval.probe.intphys2,IntPhys2,intphys2,backbone_sweep,VideoMAE-v2,ViT-B/16,Attentive,temporal_attn,102,42,videomae_v2,vit_base_16_224,6,,6,tokens,5e-5,0.01,1,1,22,false,20,,,16,1,2,0.20000000000000001,cuda,artifacts/probes/intphys2,seed_runs_attentive_continued_to_max_epoch_v1/intphys2__backbone_sweep__videomae_v2__vit_b_16__temporal_attn__layer_6/seed_102,artifacts/results/intphys2,seed_runs_attentive_continued_to_max_epoch_v1/intphys2__backbone_sweep__videomae_v2__vit_b_16__temporal_attn__layer_6/seed_102,seed_runs_attentive_continued_to_max_epoch_v1_intphys2__backbone_sweep__videomae_v2__vit_b_16__temporal_attn__layer_6,intphys2__backbone_sweep__videomae_v2__vit_b_16__temporal_attn__layer_6__seed_102__continue_to_epoch_90,pending,,"[""seed=102"",""split.seed=42"",""backbone.name=videomae_v2"",""+backbone.kwargs.variant=vit_base_16_224"",""probe.name=temporal_attn"",""probe.layer=6"",""probe.layers=[]"",""probe.feature_view=tokens"",""probe.device=cuda"",""probe.lr=5e-5"",""probe.weight_decay=0.01"",""probe.batch_size=1"",""probe.eval_batch_size=1"",""probe.epochs=22"",""probe.early_stopping.enabled=false"",""probe.early_stopping.patience=20"",""probe.optuna.enabled=false"",""probe.output_dir=artifacts/probes/intphys2"",""probe.output_subdir=seed_runs_attentive_continued_to_max_epoch_v1/intphys2__backbone_sweep__videomae_v2__vit_b_16__temporal_attn__layer_6/seed_102"",""probe.eval_output_dir=artifacts/results/intphys2"",""probe.eval_output_subdir=seed_runs_attentive_continued_to_max_epoch_v1/intphys2__backbone_sweep__videomae_v2__vit_b_16__temporal_attn__layer_6/seed_102"",""probe.wandb.group=seed_runs_attentive_continued_to_max_epoch_v1_intphys2__backbone_sweep__videomae_v2__vit_b_16__temporal_attn__layer_6"",""probe.wandb.name=intphys2__backbone_sweep__videomae_v2__vit_b_16__temporal_attn__layer_6__seed_102__continue_to_epoch_90"",""feature_cache.layer_ids=[3,6,9,12]"",""probe.temporal_attn.num_heads=16"",""probe.temporal_attn.num_self_attn_blocks=1"",""probe.temporal_attn.mlp_ratio=2"",""probe.temporal_attn.dropout=0.20000000000000001"",""feature_cache.include_tokens=true"",""probe.init_checkpoint_path=artifacts/probes/intphys2/seed_runs_layerwise_backbone_sweep_v1/intphys2__backbone_sweep__videomae_v2__vit_b_16__temporal_attn__layer_6/seed_102/layer_6/train/probe_last.pt""]",results/seed_runs/seed_manifest_layerwise_backbone_sweep_attentive_v1.csv,19,21,9c3b849285c5cad3,continuation_from_official_seed_manifest,,artifacts/probes/intphys2/seed_runs_layerwise_backbone_sweep_v1/intphys2__backbone_sweep__videomae_v2__vit_b_16__temporal_attn__layer_6/seed_102/layer_6/train/train_summary.json,results/seed_runs/seed_manifest_layerwise_backbone_sweep_attentive_v1.csv,19,21,9c3b849285c5cad3,artifacts/probes/intphys2/seed_runs_layerwise_backbone_sweep_v1/intphys2__backbone_sweep__videomae_v2__vit_b_16__temporal_attn__layer_6/seed_102/layer_6/train,artifacts/probes/intphys2/seed_runs_layerwise_backbone_sweep_v1/intphys2__backbone_sweep__videomae_v2__vit_b_16__temporal_attn__layer_6/seed_102/layer_6/train/train_summary.json,3d381a6fc9123861,artifacts/probes/intphys2/seed_runs_layerwise_backbone_sweep_v1/intphys2__backbone_sweep__videomae_v2__vit_b_16__temporal_attn__layer_6/seed_102/layer_6/train/probe_last.pt,37829858,68,48,true,90,22,resume_probe_last_disable_early_stopping_to_target_epoch,artifacts/probes/intphys2/seed_runs_attentive_continued_to_max_epoch_v1/intphys2__backbone_sweep__videomae_v2__vit_b_16__temporal_attn__layer_6/seed_102,artifacts/results/intphys2/seed_runs_attentive_continued_to_max_epoch_v1/intphys2__backbone_sweep__videomae_v2__vit_b_16__temporal_attn__layer_6/seed_102
intphys2__backbone_sweep__videomae_v2__vit_b_16__temporal_attn__layer_9__seed_101__continue_to_epoch_90,intphys2__backbone_sweep__videomae_v2__vit_b_16__temporal_attn__layer_9,train_eval.probe.intphys2,IntPhys2,intphys2,backbone_sweep,VideoMAE-v2,ViT-B/16,Attentive,temporal_attn,101,42,videomae_v2,vit_base_16_224,9,,9,tokens,5e-5,0.01,1,1,43,false,20,,,16,1,2,0.20000000000000001,cuda,artifacts/probes/intphys2,seed_runs_attentive_continued_to_max_epoch_v1/intphys2__backbone_sweep__videomae_v2__vit_b_16__temporal_attn__layer_9/seed_101,artifacts/results/intphys2,seed_runs_attentive_continued_to_max_epoch_v1/intphys2__backbone_sweep__videomae_v2__vit_b_16__temporal_attn__layer_9/seed_101,seed_runs_attentive_continued_to_max_epoch_v1_intphys2__backbone_sweep__videomae_v2__vit_b_16__temporal_attn__layer_9,intphys2__backbone_sweep__videomae_v2__vit_b_16__temporal_attn__layer_9__seed_101__continue_to_epoch_90,pending,,"[""seed=101"",""split.seed=42"",""backbone.name=videomae_v2"",""+backbone.kwargs.variant=vit_base_16_224"",""probe.name=temporal_attn"",""probe.layer=9"",""probe.layers=[]"",""probe.feature_view=tokens"",""probe.device=cuda"",""probe.lr=5e-5"",""probe.weight_decay=0.01"",""probe.batch_size=1"",""probe.eval_batch_size=1"",""probe.epochs=43"",""probe.early_stopping.enabled=false"",""probe.early_stopping.patience=20"",""probe.optuna.enabled=false"",""probe.output_dir=artifacts/probes/intphys2"",""probe.output_subdir=seed_runs_attentive_continued_to_max_epoch_v1/intphys2__backbone_sweep__videomae_v2__vit_b_16__temporal_attn__layer_9/seed_101"",""probe.eval_output_dir=artifacts/results/intphys2"",""probe.eval_output_subdir=seed_runs_attentive_continued_to_max_epoch_v1/intphys2__backbone_sweep__videomae_v2__vit_b_16__temporal_attn__layer_9/seed_101"",""probe.wandb.group=seed_runs_attentive_continued_to_max_epoch_v1_intphys2__backbone_sweep__videomae_v2__vit_b_16__temporal_attn__layer_9"",""probe.wandb.name=intphys2__backbone_sweep__videomae_v2__vit_b_16__temporal_attn__layer_9__seed_101__continue_to_epoch_90"",""feature_cache.layer_ids=[3,6,9,12]"",""probe.temporal_attn.num_heads=16"",""probe.temporal_attn.num_self_attn_blocks=1"",""probe.temporal_attn.mlp_ratio=2"",""probe.temporal_attn.dropout=0.20000000000000001"",""feature_cache.include_tokens=true"",""probe.init_checkpoint_path=artifacts/probes/intphys2/seed_runs_layerwise_backbone_sweep_v1/intphys2__backbone_sweep__videomae_v2__vit_b_16__temporal_attn__layer_9/seed_101/layer_9/train/probe_last.pt""]",results/seed_runs/seed_manifest_layerwise_backbone_sweep_attentive_v1.csv,20,22,2d6474144ad85169,continuation_from_official_seed_manifest,,artifacts/probes/intphys2/seed_runs_layerwise_backbone_sweep_v1/intphys2__backbone_sweep__videomae_v2__vit_b_16__temporal_attn__layer_9/seed_101/layer_9/train/train_summary.json,results/seed_runs/seed_manifest_layerwise_backbone_sweep_attentive_v1.csv,20,22,2d6474144ad85169,artifacts/probes/intphys2/seed_runs_layerwise_backbone_sweep_v1/intphys2__backbone_sweep__videomae_v2__vit_b_16__temporal_attn__layer_9/seed_101/layer_9/train,artifacts/probes/intphys2/seed_runs_layerwise_backbone_sweep_v1/intphys2__backbone_sweep__videomae_v2__vit_b_16__temporal_attn__layer_9/seed_101/layer_9/train/train_summary.json,d1bbba0bacbdde8e,artifacts/probes/intphys2/seed_runs_layerwise_backbone_sweep_v1/intphys2__backbone_sweep__videomae_v2__vit_b_16__temporal_attn__layer_9/seed_101/layer_9/train/probe_last.pt,37829858,47,27,true,90,43,resume_probe_last_disable_early_stopping_to_target_epoch,artifacts/probes/intphys2/seed_runs_attentive_continued_to_max_epoch_v1/intphys2__backbone_sweep__videomae_v2__vit_b_16__temporal_attn__layer_9/seed_101,artifacts/results/intphys2/seed_runs_attentive_continued_to_max_epoch_v1/intphys2__backbone_sweep__videomae_v2__vit_b_16__temporal_attn__layer_9/seed_101
intphys2__backbone_sweep__videomae_v2__vit_b_16__temporal_attn__layer_9__seed_102__continue_to_epoch_90,intphys2__backbone_sweep__videomae_v2__vit_b_16__temporal_attn__layer_9,train_eval.probe.intphys2,IntPhys2,intphys2,backbone_sweep,VideoMAE-v2,ViT-B/16,Attentive,temporal_attn,102,42,videomae_v2,vit_base_16_224,9,,9,tokens,5e-5,0.01,1,1,42,false,20,,,16,1,2,0.20000000000000001,cuda,artifacts/probes/intphys2,seed_runs_attentive_continued_to_max_epoch_v1/intphys2__backbone_sweep__videomae_v2__vit_b_16__temporal_attn__layer_9/seed_102,artifacts/results/intphys2,seed_runs_attentive_continued_to_max_epoch_v1/intphys2__backbone_sweep__videomae_v2__vit_b_16__temporal_attn__layer_9/seed_102,seed_runs_attentive_continued_to_max_epoch_v1_intphys2__backbone_sweep__videomae_v2__vit_b_16__temporal_attn__layer_9,intphys2__backbone_sweep__videomae_v2__vit_b_16__temporal_attn__layer_9__seed_102__continue_to_epoch_90,pending,,"[""seed=102"",""split.seed=42"",""backbone.name=videomae_v2"",""+backbone.kwargs.variant=vit_base_16_224"",""probe.name=temporal_attn"",""probe.layer=9"",""probe.layers=[]"",""probe.feature_view=tokens"",""probe.device=cuda"",""probe.lr=5e-5"",""probe.weight_decay=0.01"",""probe.batch_size=1"",""probe.eval_batch_size=1"",""probe.epochs=42"",""probe.early_stopping.enabled=false"",""probe.early_stopping.patience=20"",""probe.optuna.enabled=false"",""probe.output_dir=artifacts/probes/intphys2"",""probe.output_subdir=seed_runs_attentive_continued_to_max_epoch_v1/intphys2__backbone_sweep__videomae_v2__vit_b_16__temporal_attn__layer_9/seed_102"",""probe.eval_output_dir=artifacts/results/intphys2"",""probe.eval_output_subdir=seed_runs_attentive_continued_to_max_epoch_v1/intphys2__backbone_sweep__videomae_v2__vit_b_16__temporal_attn__layer_9/seed_102"",""probe.wandb.group=seed_runs_attentive_continued_to_max_epoch_v1_intphys2__backbone_sweep__videomae_v2__vit_b_16__temporal_attn__layer_9"",""probe.wandb.name=intphys2__backbone_sweep__videomae_v2__vit_b_16__temporal_attn__layer_9__seed_102__continue_to_epoch_90"",""feature_cache.layer_ids=[3,6,9,12]"",""probe.temporal_attn.num_heads=16"",""probe.temporal_attn.num_self_attn_blocks=1"",""probe.temporal_attn.mlp_ratio=2"",""probe.temporal_attn.dropout=0.20000000000000001"",""feature_cache.include_tokens=true"",""probe.init_checkpoint_path=artifacts/probes/intphys2/seed_runs_layerwise_backbone_sweep_v1/intphys2__backbone_sweep__videomae_v2__vit_b_16__temporal_attn__layer_9/seed_102/layer_9/train/probe_last.pt""]",results/seed_runs/seed_manifest_layerwise_backbone_sweep_attentive_v1.csv,21,23,2a5930f5f3c42cae,continuation_from_official_seed_manifest,,artifacts/probes/intphys2/seed_runs_layerwise_backbone_sweep_v1/intphys2__backbone_sweep__videomae_v2__vit_b_16__temporal_attn__layer_9/seed_102/layer_9/train/train_summary.json,results/seed_runs/seed_manifest_layerwise_backbone_sweep_attentive_v1.csv,21,23,2a5930f5f3c42cae,artifacts/probes/intphys2/seed_runs_layerwise_backbone_sweep_v1/intphys2__backbone_sweep__videomae_v2__vit_b_16__temporal_attn__layer_9/seed_102/layer_9/train,artifacts/probes/intphys2/seed_runs_layerwise_backbone_sweep_v1/intphys2__backbone_sweep__videomae_v2__vit_b_16__temporal_attn__layer_9/seed_102/layer_9/train/train_summary.json,592b82b96ad97cbb,artifacts/probes/intphys2/seed_runs_layerwise_backbone_sweep_v1/intphys2__backbone_sweep__videomae_v2__vit_b_16__temporal_attn__layer_9/seed_102/layer_9/train/probe_last.pt,37829858,48,28,true,90,42,resume_probe_last_disable_early_stopping_to_target_epoch,artifacts/probes/intphys2/seed_runs_attentive_continued_to_max_epoch_v1/intphys2__backbone_sweep__videomae_v2__vit_b_16__temporal_attn__layer_9/seed_102,artifacts/results/intphys2/seed_runs_attentive_continued_to_max_epoch_v1/intphys2__backbone_sweep__videomae_v2__vit_b_16__temporal_attn__layer_9/seed_102
intphys2__backbone_sweep__videomae_v2__vit_b_16__temporal_attn__layer_12__seed_101__continue_to_epoch_90,intphys2__backbone_sweep__videomae_v2__vit_b_16__temporal_attn__layer_12,train_eval.probe.intphys2,IntPhys2,intphys2,backbone_sweep,VideoMAE-v2,ViT-B/16,Attentive,temporal_attn,101,42,videomae_v2,vit_base_16_224,12,,12,tokens,1e-4,0.01,1,1,49,false,20,,,16,1,2,0.20000000000000001,cuda,artifacts/probes/intphys2,seed_runs_attentive_continued_to_max_epoch_v1/intphys2__backbone_sweep__videomae_v2__vit_b_16__temporal_attn__layer_12/seed_101,artifacts/results/intphys2,seed_runs_attentive_continued_to_max_epoch_v1/intphys2__backbone_sweep__videomae_v2__vit_b_16__temporal_attn__layer_12/seed_101,seed_runs_attentive_continued_to_max_epoch_v1_intphys2__backbone_sweep__videomae_v2__vit_b_16__temporal_attn__layer_12,intphys2__backbone_sweep__videomae_v2__vit_b_16__temporal_attn__layer_12__seed_101__continue_to_epoch_90,pending,,"[""seed=101"",""split.seed=42"",""backbone.name=videomae_v2"",""+backbone.kwargs.variant=vit_base_16_224"",""probe.name=temporal_attn"",""probe.layer=12"",""probe.layers=[]"",""probe.feature_view=tokens"",""probe.device=cuda"",""probe.lr=1e-4"",""probe.weight_decay=0.01"",""probe.batch_size=1"",""probe.eval_batch_size=1"",""probe.epochs=49"",""probe.early_stopping.enabled=false"",""probe.early_stopping.patience=20"",""probe.optuna.enabled=false"",""probe.output_dir=artifacts/probes/intphys2"",""probe.output_subdir=seed_runs_attentive_continued_to_max_epoch_v1/intphys2__backbone_sweep__videomae_v2__vit_b_16__temporal_attn__layer_12/seed_101"",""probe.eval_output_dir=artifacts/results/intphys2"",""probe.eval_output_subdir=seed_runs_attentive_continued_to_max_epoch_v1/intphys2__backbone_sweep__videomae_v2__vit_b_16__temporal_attn__layer_12/seed_101"",""probe.wandb.group=seed_runs_attentive_continued_to_max_epoch_v1_intphys2__backbone_sweep__videomae_v2__vit_b_16__temporal_attn__layer_12"",""probe.wandb.name=intphys2__backbone_sweep__videomae_v2__vit_b_16__temporal_attn__layer_12__seed_101__continue_to_epoch_90"",""feature_cache.layer_ids=[3,6,9,12]"",""probe.temporal_attn.num_heads=16"",""probe.temporal_attn.num_self_attn_blocks=1"",""probe.temporal_attn.mlp_ratio=2"",""probe.temporal_attn.dropout=0.20000000000000001"",""feature_cache.include_tokens=true"",""probe.init_checkpoint_path=artifacts/probes/intphys2/seed_runs_layerwise_backbone_sweep_v1/intphys2__backbone_sweep__videomae_v2__vit_b_16__temporal_attn__layer_12/seed_101/layer_12/train/probe_last.pt""]",results/seed_runs/seed_manifest_layerwise_backbone_sweep_attentive_v1.csv,22,24,14138374dcb2b00c,continuation_from_official_seed_manifest,,artifacts/probes/intphys2/seed_runs_layerwise_backbone_sweep_v1/intphys2__backbone_sweep__videomae_v2__vit_b_16__temporal_attn__layer_12/seed_101/layer_12/train/train_summary.json,results/seed_runs/seed_manifest_layerwise_backbone_sweep_attentive_v1.csv,22,24,14138374dcb2b00c,artifacts/probes/intphys2/seed_runs_layerwise_backbone_sweep_v1/intphys2__backbone_sweep__videomae_v2__vit_b_16__temporal_attn__layer_12/seed_101/layer_12/train,artifacts/probes/intphys2/seed_runs_layerwise_backbone_sweep_v1/intphys2__backbone_sweep__videomae_v2__vit_b_16__temporal_attn__layer_12/seed_101/layer_12/train/train_summary.json,4d76ff59f7e21cb1,artifacts/probes/intphys2/seed_runs_layerwise_backbone_sweep_v1/intphys2__backbone_sweep__videomae_v2__vit_b_16__temporal_attn__layer_12/seed_101/layer_12/train/probe_last.pt,37829858,41,21,true,90,49,resume_probe_last_disable_early_stopping_to_target_epoch,artifacts/probes/intphys2/seed_runs_attentive_continued_to_max_epoch_v1/intphys2__backbone_sweep__videomae_v2__vit_b_16__temporal_attn__layer_12/seed_101,artifacts/results/intphys2/seed_runs_attentive_continued_to_max_epoch_v1/intphys2__backbone_sweep__videomae_v2__vit_b_16__temporal_attn__layer_12/seed_101
intphys2__backbone_sweep__videomae_v2__vit_b_16__temporal_attn__layer_12__seed_102__continue_to_epoch_90,intphys2__backbone_sweep__videomae_v2__vit_b_16__temporal_attn__layer_12,train_eval.probe.intphys2,IntPhys2,intphys2,backbone_sweep,VideoMAE-v2,ViT-B/16,Attentive,temporal_attn,102,42,videomae_v2,vit_base_16_224,12,,12,tokens,1e-4,0.01,1,1,30,false,20,,,16,1,2,0.20000000000000001,cuda,artifacts/probes/intphys2,seed_runs_attentive_continued_to_max_epoch_v1/intphys2__backbone_sweep__videomae_v2__vit_b_16__temporal_attn__layer_12/seed_102,artifacts/results/intphys2,seed_runs_attentive_continued_to_max_epoch_v1/intphys2__backbone_sweep__videomae_v2__vit_b_16__temporal_attn__layer_12/seed_102,seed_runs_attentive_continued_to_max_epoch_v1_intphys2__backbone_sweep__videomae_v2__vit_b_16__temporal_attn__layer_12,intphys2__backbone_sweep__videomae_v2__vit_b_16__temporal_attn__layer_12__seed_102__continue_to_epoch_90,pending,,"[""seed=102"",""split.seed=42"",""backbone.name=videomae_v2"",""+backbone.kwargs.variant=vit_base_16_224"",""probe.name=temporal_attn"",""probe.layer=12"",""probe.layers=[]"",""probe.feature_view=tokens"",""probe.device=cuda"",""probe.lr=1e-4"",""probe.weight_decay=0.01"",""probe.batch_size=1"",""probe.eval_batch_size=1"",""probe.epochs=30"",""probe.early_stopping.enabled=false"",""probe.early_stopping.patience=20"",""probe.optuna.enabled=false"",""probe.output_dir=artifacts/probes/intphys2"",""probe.output_subdir=seed_runs_attentive_continued_to_max_epoch_v1/intphys2__backbone_sweep__videomae_v2__vit_b_16__temporal_attn__layer_12/seed_102"",""probe.eval_output_dir=artifacts/results/intphys2"",""probe.eval_output_subdir=seed_runs_attentive_continued_to_max_epoch_v1/intphys2__backbone_sweep__videomae_v2__vit_b_16__temporal_attn__layer_12/seed_102"",""probe.wandb.group=seed_runs_attentive_continued_to_max_epoch_v1_intphys2__backbone_sweep__videomae_v2__vit_b_16__temporal_attn__layer_12"",""probe.wandb.name=intphys2__backbone_sweep__videomae_v2__vit_b_16__temporal_attn__layer_12__seed_102__continue_to_epoch_90"",""feature_cache.layer_ids=[3,6,9,12]"",""probe.temporal_attn.num_heads=16"",""probe.temporal_attn.num_self_attn_blocks=1"",""probe.temporal_attn.mlp_ratio=2"",""probe.temporal_attn.dropout=0.20000000000000001"",""feature_cache.include_tokens=true"",""probe.init_checkpoint_path=artifacts/probes/intphys2/seed_runs_layerwise_backbone_sweep_v1/intphys2__backbone_sweep__videomae_v2__vit_b_16__temporal_attn__layer_12/seed_102/layer_12/train/probe_last.pt""]",results/seed_runs/seed_manifest_layerwise_backbone_sweep_attentive_v1.csv,23,25,3c4fcdfcb91f3467,continuation_from_official_seed_manifest,,artifacts/probes/intphys2/seed_runs_layerwise_backbone_sweep_v1/intphys2__backbone_sweep__videomae_v2__vit_b_16__temporal_attn__layer_12/seed_102/layer_12/train/train_summary.json,results/seed_runs/seed_manifest_layerwise_backbone_sweep_attentive_v1.csv,23,25,3c4fcdfcb91f3467,artifacts/probes/intphys2/seed_runs_layerwise_backbone_sweep_v1/intphys2__backbone_sweep__videomae_v2__vit_b_16__temporal_attn__layer_12/seed_102/layer_12/train,artifacts/probes/intphys2/seed_runs_layerwise_backbone_sweep_v1/intphys2__backbone_sweep__videomae_v2__vit_b_16__temporal_attn__layer_12/seed_102/layer_12/train/train_summary.json,adc166649be1cafb,artifacts/probes/intphys2/seed_runs_layerwise_backbone_sweep_v1/intphys2__backbone_sweep__videomae_v2__vit_b_16__temporal_attn__layer_12/seed_102/layer_12/train/probe_last.pt,37829858,60,40,true,90,30,resume_probe_last_disable_early_stopping_to_target_epoch,artifacts/probes/intphys2/seed_runs_attentive_continued_to_max_epoch_v1/intphys2__backbone_sweep__videomae_v2__vit_b_16__temporal_attn__layer_12/seed_102,artifacts/results/intphys2/seed_runs_attentive_continued_to_max_epoch_v1/intphys2__backbone_sweep__videomae_v2__vit_b_16__temporal_attn__layer_12/seed_102
mvp__backbone_sweep__jepa_v2_1__vitb_384__temporal_attn__layer_3__seed_101__continue_to_epoch_30,mvp__backbone_sweep__jepa_v2_1__vitb_384__temporal_attn__layer_3,train_eval.probe.mvp,MVP,mvp,backbone_sweep,V-JEPA 2.1,ViT-B/16,Attentive,temporal_attn,101,42,jepa_v2_1,vitb_384,3,,3,tokens,0.0001,0.01,2,2,7,false,5,,,16,1,2,0.20000000000000001,cuda,artifacts/probes/mvp,seed_runs_attentive_continued_to_max_epoch_v1/mvp__backbone_sweep__jepa_v2_1__vitb_384__temporal_attn__layer_3/seed_101,artifacts/results/mvp,seed_runs_attentive_continued_to_max_epoch_v1/mvp__backbone_sweep__jepa_v2_1__vitb_384__temporal_attn__layer_3/seed_101,seed_runs_attentive_continued_to_max_epoch_v1_mvp__backbone_sweep__jepa_v2_1__vitb_384__temporal_attn__layer_3,mvp__backbone_sweep__jepa_v2_1__vitb_384__temporal_attn__layer_3__seed_101__continue_to_epoch_30,pending,,"[""seed=101"",""split.seed=42"",""backbone.name=jepa_v2_1"",""+backbone.kwargs.variant=vitb_384"",""probe.name=temporal_attn"",""probe.layer=3"",""probe.layers=[]"",""probe.feature_view=tokens"",""probe.device=cuda"",""probe.lr=0.0001"",""probe.weight_decay=0.01"",""probe.batch_size=2"",""probe.eval_batch_size=2"",""probe.epochs=7"",""probe.early_stopping.enabled=false"",""probe.early_stopping.patience=5"",""probe.optuna.enabled=false"",""probe.output_dir=artifacts/probes/mvp"",""probe.output_subdir=seed_runs_attentive_continued_to_max_epoch_v1/mvp__backbone_sweep__jepa_v2_1__vitb_384__temporal_attn__layer_3/seed_101"",""probe.eval_output_dir=artifacts/results/mvp"",""probe.eval_output_subdir=seed_runs_attentive_continued_to_max_epoch_v1/mvp__backbone_sweep__jepa_v2_1__vitb_384__temporal_attn__layer_3/seed_101"",""probe.wandb.group=seed_runs_attentive_continued_to_max_epoch_v1_mvp__backbone_sweep__jepa_v2_1__vitb_384__temporal_attn__layer_3"",""probe.wandb.name=mvp__backbone_sweep__jepa_v2_1__vitb_384__temporal_attn__layer_3__seed_101__continue_to_epoch_30"",""feature_cache.layer_ids=[3,6,9,12]"",""probe.temporal_attn.num_heads=16"",""probe.temporal_attn.num_self_attn_blocks=1"",""probe.temporal_attn.mlp_ratio=2"",""probe.temporal_attn.dropout=0.20000000000000001"",""feature_cache.include_tokens=true"",""probe.init_checkpoint_path=artifacts/probes/mvp/seed_runs_layerwise_backbone_sweep_v1/mvp__backbone_sweep__jepa_v2_1__vitb_384__temporal_attn__layer_3/seed_101/layer_3/train/probe_last.pt""]",results/seed_runs/seed_manifest_layerwise_backbone_sweep_attentive_v1.csv,24,26,1e1165ce402f4acc,continuation_from_official_seed_manifest,,artifacts/probes/mvp/seed_runs_layerwise_backbone_sweep_v1/mvp__backbone_sweep__jepa_v2_1__vitb_384__temporal_attn__layer_3/seed_101/layer_3/train/train_summary.json,results/seed_runs/seed_manifest_layerwise_backbone_sweep_attentive_v1.csv,24,26,1e1165ce402f4acc,artifacts/probes/mvp/seed_runs_layerwise_backbone_sweep_v1/mvp__backbone_sweep__jepa_v2_1__vitb_384__temporal_attn__layer_3/seed_101/layer_3/train,artifacts/probes/mvp/seed_runs_layerwise_backbone_sweep_v1/mvp__backbone_sweep__jepa_v2_1__vitb_384__temporal_attn__layer_3/seed_101/layer_3/train/train_summary.json,21d7e974995c87f5,artifacts/probes/mvp/seed_runs_layerwise_backbone_sweep_v1/mvp__backbone_sweep__jepa_v2_1__vitb_384__temporal_attn__layer_3/seed_101/layer_3/train/probe_last.pt,37829922,23,18,true,30,7,resume_probe_last_disable_early_stopping_to_target_epoch,artifacts/probes/mvp/seed_runs_attentive_continued_to_max_epoch_v1/mvp__backbone_sweep__jepa_v2_1__vitb_384__temporal_attn__layer_3/seed_101,artifacts/results/mvp/seed_runs_attentive_continued_to_max_epoch_v1/mvp__backbone_sweep__jepa_v2_1__vitb_384__temporal_attn__layer_3/seed_101
mvp__backbone_sweep__jepa_v2_1__vitb_384__temporal_attn__layer_9__seed_102__continue_to_epoch_30,mvp__backbone_sweep__jepa_v2_1__vitb_384__temporal_attn__layer_9,train_eval.probe.mvp,MVP,mvp,backbone_sweep,V-JEPA 2.1,ViT-B/16,Attentive,temporal_attn,102,42,jepa_v2_1,vitb_384,9,,9,tokens,0.0001,0.01,2,2,7,false,5,,,16,1,2,0.20000000000000001,cuda,artifacts/probes/mvp,seed_runs_attentive_continued_to_max_epoch_v1/mvp__backbone_sweep__jepa_v2_1__vitb_384__temporal_attn__layer_9/seed_102,artifacts/results/mvp,seed_runs_attentive_continued_to_max_epoch_v1/mvp__backbone_sweep__jepa_v2_1__vitb_384__temporal_attn__layer_9/seed_102,seed_runs_attentive_continued_to_max_epoch_v1_mvp__backbone_sweep__jepa_v2_1__vitb_384__temporal_attn__layer_9,mvp__backbone_sweep__jepa_v2_1__vitb_384__temporal_attn__layer_9__seed_102__continue_to_epoch_30,pending,,"[""seed=102"",""split.seed=42"",""backbone.name=jepa_v2_1"",""+backbone.kwargs.variant=vitb_384"",""probe.name=temporal_attn"",""probe.layer=9"",""probe.layers=[]"",""probe.feature_view=tokens"",""probe.device=cuda"",""probe.lr=0.0001"",""probe.weight_decay=0.01"",""probe.batch_size=2"",""probe.eval_batch_size=2"",""probe.epochs=7"",""probe.early_stopping.enabled=false"",""probe.early_stopping.patience=5"",""probe.optuna.enabled=false"",""probe.output_dir=artifacts/probes/mvp"",""probe.output_subdir=seed_runs_attentive_continued_to_max_epoch_v1/mvp__backbone_sweep__jepa_v2_1__vitb_384__temporal_attn__layer_9/seed_102"",""probe.eval_output_dir=artifacts/results/mvp"",""probe.eval_output_subdir=seed_runs_attentive_continued_to_max_epoch_v1/mvp__backbone_sweep__jepa_v2_1__vitb_384__temporal_attn__layer_9/seed_102"",""probe.wandb.group=seed_runs_attentive_continued_to_max_epoch_v1_mvp__backbone_sweep__jepa_v2_1__vitb_384__temporal_attn__layer_9"",""probe.wandb.name=mvp__backbone_sweep__jepa_v2_1__vitb_384__temporal_attn__layer_9__seed_102__continue_to_epoch_30"",""feature_cache.layer_ids=[3,6,9,12]"",""probe.temporal_attn.num_heads=16"",""probe.temporal_attn.num_self_attn_blocks=1"",""probe.temporal_attn.mlp_ratio=2"",""probe.temporal_attn.dropout=0.20000000000000001"",""feature_cache.include_tokens=true"",""probe.init_checkpoint_path=artifacts/probes/mvp/seed_runs_layerwise_backbone_sweep_v1/mvp__backbone_sweep__jepa_v2_1__vitb_384__temporal_attn__layer_9/seed_102/layer_9/train/probe_last.pt""]",results/seed_runs/seed_manifest_layerwise_backbone_sweep_attentive_v1.csv,29,31,a4d507ccdba83a4f,continuation_from_official_seed_manifest,,artifacts/probes/mvp/seed_runs_layerwise_backbone_sweep_v1/mvp__backbone_sweep__jepa_v2_1__vitb_384__temporal_attn__layer_9/seed_102/layer_9/train/train_summary.json,results/seed_runs/seed_manifest_layerwise_backbone_sweep_attentive_v1.csv,29,31,a4d507ccdba83a4f,artifacts/probes/mvp/seed_runs_layerwise_backbone_sweep_v1/mvp__backbone_sweep__jepa_v2_1__vitb_384__temporal_attn__layer_9/seed_102/layer_9/train,artifacts/probes/mvp/seed_runs_layerwise_backbone_sweep_v1/mvp__backbone_sweep__jepa_v2_1__vitb_384__temporal_attn__layer_9/seed_102/layer_9/train/train_summary.json,d7a52ce11bb40959,artifacts/probes/mvp/seed_runs_layerwise_backbone_sweep_v1/mvp__backbone_sweep__jepa_v2_1__vitb_384__temporal_attn__layer_9/seed_102/layer_9/train/probe_last.pt,37829922,23,18,true,30,7,resume_probe_last_disable_early_stopping_to_target_epoch,artifacts/probes/mvp/seed_runs_attentive_continued_to_max_epoch_v1/mvp__backbone_sweep__jepa_v2_1__vitb_384__temporal_attn__layer_9/seed_102,artifacts/results/mvp/seed_runs_attentive_continued_to_max_epoch_v1/mvp__backbone_sweep__jepa_v2_1__vitb_384__temporal_attn__layer_9/seed_102
