run_id,config_id,run_command,dataset,dataset_hydra,experiment,model,backbone,probe,probe_hydra,seed,original_seed,backbone_name,backbone_variant,layer,selected_slot,layer_label,feature_view,lr,weight_decay,batch_size,eval_batch_size,epochs,early_stopping_enabled,early_stopping_patience,mlp_hidden_dims,mlp_dropout,temporal_num_heads,temporal_num_self_attn_blocks,temporal_mlp_ratio,temporal_dropout,probe_device,probe_output_dir,probe_output_subdir,eval_output_dir,eval_output_subdir,wandb_group,wandb_name,status,blocked_reason,hydra_overrides_json,source_csv_path,source_csv_row_index,source_csv_line_number,source_row_sha256,source_config_status,source_config_json,source_evidence_path,source_manifest_path,source_manifest_row_index,source_manifest_line_number,source_manifest_row_sha256,source_train_dir,source_train_summary,source_train_summary_sha256,source_checkpoint,source_checkpoint_size_bytes,old_completed_epochs,old_best_epoch,old_early_stopped,target_total_epochs,continuation_epochs,continuation_protocol,continuation_output_dir,continuation_eval_output_dir,skip_reason
intphys2__main__v_jepa_2__vit_g_16__temporal_attn__layer_40__seed_102,intphys2__main__v_jepa_2__vit_g_16__temporal_attn__layer_40,train_eval.probe.intphys2,IntPhys2,intphys2,main,V-JEPA 2,ViT-G/16,Attentive,temporal_attn,102,42,jepa_v2,vitg_384,40,,40,tokens,1e-5,0.01,1,1,90,true,20,,,16,1,2,0.20000000000000001,cuda,artifacts/probes/intphys2,seed_runs_layerwise_attentive_v1/intphys2__main__v_jepa_2__vit_g_16__temporal_attn__layer_40/seed_102,artifacts/results/intphys2,seed_runs_layerwise_attentive_v1/intphys2__main__v_jepa_2__vit_g_16__temporal_attn__layer_40/seed_102,seed_runs_layerwise_attentive_v1_intphys2__main__v_jepa_2__vit_g_16__temporal_attn__layer_40,intphys2__main__v_jepa_2__vit_g_16__temporal_attn__layer_40__seed_102,pending,,"[""seed=102"",""split.seed=42"",""backbone.name=jepa_v2"",""+backbone.kwargs.variant=vitg_384"",""probe.name=temporal_attn"",""probe.layer=40"",""probe.layers=[]"",""probe.feature_view=tokens"",""probe.device=cuda"",""probe.lr=1e-5"",""probe.weight_decay=0.01"",""probe.batch_size=1"",""probe.eval_batch_size=1"",""probe.epochs=90"",""probe.early_stopping.enabled=true"",""probe.early_stopping.patience=20"",""probe.optuna.enabled=false"",""probe.output_dir=artifacts/probes/intphys2"",""probe.output_subdir=seed_runs_layerwise_attentive_v1/intphys2__main__v_jepa_2__vit_g_16__temporal_attn__layer_40/seed_102"",""probe.eval_output_dir=artifacts/results/intphys2"",""probe.eval_output_subdir=seed_runs_layerwise_attentive_v1/intphys2__main__v_jepa_2__vit_g_16__temporal_attn__layer_40/seed_102"",""probe.wandb.group=seed_runs_layerwise_attentive_v1_intphys2__main__v_jepa_2__vit_g_16__temporal_attn__layer_40"",""probe.wandb.name=intphys2__main__v_jepa_2__vit_g_16__temporal_attn__layer_40__seed_102"",""probe.temporal_attn.num_heads=16"",""probe.temporal_attn.num_self_attn_blocks=1"",""probe.temporal_attn.mlp_ratio=2"",""probe.temporal_attn.dropout=0.20000000000000001"",""feature_cache.include_tokens=true""]",results/verified_layerwise_probe_configs.csv,47,49,5ade3bd3a11fc769,VERIFIED_FULL,"{""batch_size"":1,""dropout"":0.2,""early_stopping"":{""enabled"":true,""patience"":20},""epochs"":90,""eval_batch_size"":1,""feature_view"":""tokens"",""layer"":40,""lr"":1e-05,""mlp_ratio"":2.0,""num_heads"":16,""num_self_attn_blocks"":1,""slot"":null,""weight_decay"":0.01}",main experiment /attn/intphys2_probe_temporal_attn_jepa_v2_vitg_384_ep90_pat20_h100_lr_matrix/train_eval_summary.json,results/seed_runs/seed_manifest_layerwise_main_attentive_intphys2_v1.csv,15,17,91a9be86de6a719b,,,,,,,,,,,,,,already reached target: 90/90
intphys2__main__v_jepa_2_1__vit_gigantic_16__temporal_attn__layer_24__seed_101,intphys2__main__v_jepa_2_1__vit_gigantic_16__temporal_attn__layer_24,train_eval.probe.intphys2,IntPhys2,intphys2,main,V-JEPA 2.1,ViT-Gigantic/16,Attentive,temporal_attn,101,42,jepa_v2_1,vitG_384,24,,24,tokens,1e-5,0.01,2,2,90,true,20,,,16,1,2,0.20000000000000001,cuda,artifacts/probes/intphys2,seed_runs_layerwise_attentive_v1/intphys2__main__v_jepa_2_1__vit_gigantic_16__temporal_attn__layer_24/seed_101,artifacts/results/intphys2,seed_runs_layerwise_attentive_v1/intphys2__main__v_jepa_2_1__vit_gigantic_16__temporal_attn__layer_24/seed_101,seed_runs_layerwise_attentive_v1_intphys2__main__v_jepa_2_1__vit_gigantic_16__temporal_attn__layer_24,intphys2__main__v_jepa_2_1__vit_gigantic_16__temporal_attn__layer_24__seed_101,pending,,"[""seed=101"",""split.seed=42"",""backbone.name=jepa_v2_1"",""+backbone.kwargs.variant=vitG_384"",""probe.name=temporal_attn"",""probe.layer=24"",""probe.layers=[]"",""probe.feature_view=tokens"",""probe.device=cuda"",""probe.lr=1e-5"",""probe.weight_decay=0.01"",""probe.batch_size=2"",""probe.eval_batch_size=2"",""probe.epochs=90"",""probe.early_stopping.enabled=true"",""probe.early_stopping.patience=20"",""probe.optuna.enabled=false"",""probe.output_dir=artifacts/probes/intphys2"",""probe.output_subdir=seed_runs_layerwise_attentive_v1/intphys2__main__v_jepa_2_1__vit_gigantic_16__temporal_attn__layer_24/seed_101"",""probe.eval_output_dir=artifacts/results/intphys2"",""probe.eval_output_subdir=seed_runs_layerwise_attentive_v1/intphys2__main__v_jepa_2_1__vit_gigantic_16__temporal_attn__layer_24/seed_101"",""probe.wandb.group=seed_runs_layerwise_attentive_v1_intphys2__main__v_jepa_2_1__vit_gigantic_16__temporal_attn__layer_24"",""probe.wandb.name=intphys2__main__v_jepa_2_1__vit_gigantic_16__temporal_attn__layer_24__seed_101"",""probe.temporal_attn.num_heads=16"",""probe.temporal_attn.num_self_attn_blocks=1"",""probe.temporal_attn.mlp_ratio=2"",""probe.temporal_attn.dropout=0.20000000000000001"",""feature_cache.include_tokens=true""]",results/verified_layerwise_probe_configs.csv,93,95,6ebfed04ac0c30e6,VERIFIED_FULL,"{""batch_size"":2,""dropout"":0.2,""early_stopping"":{""enabled"":true,""patience"":20},""epochs"":90,""eval_batch_size"":2,""feature_view"":""tokens"",""layer"":24,""lr"":1e-05,""mlp_ratio"":2.0,""num_heads"":16,""num_self_attn_blocks"":1,""slot"":null,""weight_decay"":0.01}",main experiment /attn/intphys2_probe_temporal_attn_jepa_v2_1_vitGigantic_384_ep90_pat20_h100_lr_matrix/train_eval_summary.json,results/seed_runs/seed_manifest_layerwise_main_attentive_intphys2_v1.csv,18,20,2df3d0464037602e,,,,,,,,,,,,,,already reached target: 90/90
intphys2__main__v_jepa_2_1__vit_gigantic_16__temporal_attn__layer_24__seed_102,intphys2__main__v_jepa_2_1__vit_gigantic_16__temporal_attn__layer_24,train_eval.probe.intphys2,IntPhys2,intphys2,main,V-JEPA 2.1,ViT-Gigantic/16,Attentive,temporal_attn,102,42,jepa_v2_1,vitG_384,24,,24,tokens,1e-5,0.01,2,2,90,true,20,,,16,1,2,0.20000000000000001,cuda,artifacts/probes/intphys2,seed_runs_layerwise_attentive_v1/intphys2__main__v_jepa_2_1__vit_gigantic_16__temporal_attn__layer_24/seed_102,artifacts/results/intphys2,seed_runs_layerwise_attentive_v1/intphys2__main__v_jepa_2_1__vit_gigantic_16__temporal_attn__layer_24/seed_102,seed_runs_layerwise_attentive_v1_intphys2__main__v_jepa_2_1__vit_gigantic_16__temporal_attn__layer_24,intphys2__main__v_jepa_2_1__vit_gigantic_16__temporal_attn__layer_24__seed_102,pending,,"[""seed=102"",""split.seed=42"",""backbone.name=jepa_v2_1"",""+backbone.kwargs.variant=vitG_384"",""probe.name=temporal_attn"",""probe.layer=24"",""probe.layers=[]"",""probe.feature_view=tokens"",""probe.device=cuda"",""probe.lr=1e-5"",""probe.weight_decay=0.01"",""probe.batch_size=2"",""probe.eval_batch_size=2"",""probe.epochs=90"",""probe.early_stopping.enabled=true"",""probe.early_stopping.patience=20"",""probe.optuna.enabled=false"",""probe.output_dir=artifacts/probes/intphys2"",""probe.output_subdir=seed_runs_layerwise_attentive_v1/intphys2__main__v_jepa_2_1__vit_gigantic_16__temporal_attn__layer_24/seed_102"",""probe.eval_output_dir=artifacts/results/intphys2"",""probe.eval_output_subdir=seed_runs_layerwise_attentive_v1/intphys2__main__v_jepa_2_1__vit_gigantic_16__temporal_attn__layer_24/seed_102"",""probe.wandb.group=seed_runs_layerwise_attentive_v1_intphys2__main__v_jepa_2_1__vit_gigantic_16__temporal_attn__layer_24"",""probe.wandb.name=intphys2__main__v_jepa_2_1__vit_gigantic_16__temporal_attn__layer_24__seed_102"",""probe.temporal_attn.num_heads=16"",""probe.temporal_attn.num_self_attn_blocks=1"",""probe.temporal_attn.mlp_ratio=2"",""probe.temporal_attn.dropout=0.20000000000000001"",""feature_cache.include_tokens=true""]",results/verified_layerwise_probe_configs.csv,93,95,6ebfed04ac0c30e6,VERIFIED_FULL,"{""batch_size"":2,""dropout"":0.2,""early_stopping"":{""enabled"":true,""patience"":20},""epochs"":90,""eval_batch_size"":2,""feature_view"":""tokens"",""layer"":24,""lr"":1e-05,""mlp_ratio"":2.0,""num_heads"":16,""num_self_attn_blocks"":1,""slot"":null,""weight_decay"":0.01}",main experiment /attn/intphys2_probe_temporal_attn_jepa_v2_1_vitGigantic_384_ep90_pat20_h100_lr_matrix/train_eval_summary.json,results/seed_runs/seed_manifest_layerwise_main_attentive_intphys2_v1.csv,19,21,3e42e71086222bce,,,,,,,,,,,,,,already reached target: 90/90
intphys2__main__videomae__vit_h_16__temporal_attn__layer_24__seed_102,intphys2__main__videomae__vit_h_16__temporal_attn__layer_24,train_eval.probe.intphys2,IntPhys2,intphys2,main,VideoMAE,ViT-H/16,Attentive,temporal_attn,102,42,videomae,vit_huge_16_224,24,,24,tokens,1e-5,0.01,1,1,90,true,20,,,16,1,2,0.20000000000000001,cuda,artifacts/probes/intphys2,seed_runs_layerwise_attentive_v1/intphys2__main__videomae__vit_h_16__temporal_attn__layer_24/seed_102,artifacts/results/intphys2,seed_runs_layerwise_attentive_v1/intphys2__main__videomae__vit_h_16__temporal_attn__layer_24/seed_102,seed_runs_layerwise_attentive_v1_intphys2__main__videomae__vit_h_16__temporal_attn__layer_24,intphys2__main__videomae__vit_h_16__temporal_attn__layer_24__seed_102,pending,,"[""seed=102"",""split.seed=42"",""backbone.name=videomae"",""+backbone.kwargs.variant=vit_huge_16_224"",""probe.name=temporal_attn"",""probe.layer=24"",""probe.layers=[]"",""probe.feature_view=tokens"",""probe.device=cuda"",""probe.lr=1e-5"",""probe.weight_decay=0.01"",""probe.batch_size=1"",""probe.eval_batch_size=1"",""probe.epochs=90"",""probe.early_stopping.enabled=true"",""probe.early_stopping.patience=20"",""probe.optuna.enabled=false"",""probe.output_dir=artifacts/probes/intphys2"",""probe.output_subdir=seed_runs_layerwise_attentive_v1/intphys2__main__videomae__vit_h_16__temporal_attn__layer_24/seed_102"",""probe.eval_output_dir=artifacts/results/intphys2"",""probe.eval_output_subdir=seed_runs_layerwise_attentive_v1/intphys2__main__videomae__vit_h_16__temporal_attn__layer_24/seed_102"",""probe.wandb.group=seed_runs_layerwise_attentive_v1_intphys2__main__videomae__vit_h_16__temporal_attn__layer_24"",""probe.wandb.name=intphys2__main__videomae__vit_h_16__temporal_attn__layer_24__seed_102"",""probe.temporal_attn.num_heads=16"",""probe.temporal_attn.num_self_attn_blocks=1"",""probe.temporal_attn.mlp_ratio=2"",""probe.temporal_attn.dropout=0.20000000000000001"",""feature_cache.include_tokens=true""]",results/verified_layerwise_probe_configs.csv,118,120,3c995ce3e8daaf00,VERIFIED_FULL,"{""batch_size"":1,""dropout"":0.2,""early_stopping"":{""enabled"":true,""patience"":20},""epochs"":90,""eval_batch_size"":1,""feature_view"":""tokens"",""layer"":24,""lr"":1e-05,""mlp_ratio"":2.0,""num_heads"":16,""num_self_attn_blocks"":1,""slot"":null,""weight_decay"":0.01}",main experiment /attn/intphys2_probe_temporal_attn_videomae_vit_huge_16_224_ep90_pat20_h100_lr_matrix/train_eval_summary.json,results/seed_runs/seed_manifest_layerwise_main_attentive_intphys2_v1.csv,29,31,a24412e98bdada8f,,,,,,,,,,,,,,already reached target: 90/90
intphys2__same_l__v_jepa__vit_l_16__temporal_attn__layer_12__seed_101,intphys2__same_l__v_jepa__vit_l_16__temporal_attn__layer_12,train_eval.probe.intphys2,IntPhys2,intphys2,same_L,V-JEPA,ViT-L/16,Attentive,temporal_attn,101,42,jepa_v1,vitl16_224,12,,12,tokens,1e-5,0.01,2,2,90,true,20,,,16,1,2,0.20000000000000001,cuda,artifacts/probes/intphys2,seed_runs_layerwise_same_l_attentive_v1/intphys2__same_l__v_jepa__vit_l_16__temporal_attn__layer_12/seed_101,artifacts/results/intphys2,seed_runs_layerwise_same_l_attentive_v1/intphys2__same_l__v_jepa__vit_l_16__temporal_attn__layer_12/seed_101,seed_runs_layerwise_same_l_attentive_v1_intphys2__same_l__v_jepa__vit_l_16__temporal_attn__layer_12,intphys2__same_l__v_jepa__vit_l_16__temporal_attn__layer_12__seed_101,pending,,"[""seed=101"",""split.seed=42"",""backbone.name=jepa_v1"",""+backbone.kwargs.variant=vitl16_224"",""probe.name=temporal_attn"",""probe.layer=12"",""probe.layers=[]"",""probe.feature_view=tokens"",""probe.device=cuda"",""probe.lr=1e-5"",""probe.weight_decay=0.01"",""probe.batch_size=2"",""probe.eval_batch_size=2"",""probe.epochs=90"",""probe.early_stopping.enabled=true"",""probe.early_stopping.patience=20"",""probe.optuna.enabled=false"",""probe.output_dir=artifacts/probes/intphys2"",""probe.output_subdir=seed_runs_layerwise_same_l_attentive_v1/intphys2__same_l__v_jepa__vit_l_16__temporal_attn__layer_12/seed_101"",""probe.eval_output_dir=artifacts/results/intphys2"",""probe.eval_output_subdir=seed_runs_layerwise_same_l_attentive_v1/intphys2__same_l__v_jepa__vit_l_16__temporal_attn__layer_12/seed_101"",""probe.wandb.group=seed_runs_layerwise_same_l_attentive_v1_intphys2__same_l__v_jepa__vit_l_16__temporal_attn__layer_12"",""probe.wandb.name=intphys2__same_l__v_jepa__vit_l_16__temporal_attn__layer_12__seed_101"",""feature_cache.layer_ids=[6,12,18,24]"",""probe.temporal_attn.num_heads=16"",""probe.temporal_attn.num_self_attn_blocks=1"",""probe.temporal_attn.mlp_ratio=2"",""probe.temporal_attn.dropout=0.20000000000000001"",""feature_cache.include_tokens=true""]",results/verified_layerwise_probe_configs.csv,9,11,2e82edf58b036345,VERIFIED_FULL,"{""batch_size"":2,""dropout"":0.2,""early_stopping"":{""enabled"":true,""patience"":20},""epochs"":90,""eval_batch_size"":2,""feature_view"":""tokens"",""layer"":12,""lr"":1e-05,""mlp_ratio"":2.0,""num_heads"":16,""num_self_attn_blocks"":1,""slot"":null,""weight_decay"":0.01}",same_size_ablation/intphys_same_size_ablation/Attentive/intphys2_probe_temporal_attn_jepa_v1_vitl16_224_lr_matrix/train_eval_summary.json,results/seed_runs/seed_manifest_layerwise_same_l_attentive_v1.csv,2,4,e95f21719aa1ec25,,,,,,,,,,,,,,already reached target: 90/90
intphys2__same_l__v_jepa__vit_l_16__temporal_attn__layer_12__seed_102,intphys2__same_l__v_jepa__vit_l_16__temporal_attn__layer_12,train_eval.probe.intphys2,IntPhys2,intphys2,same_L,V-JEPA,ViT-L/16,Attentive,temporal_attn,102,42,jepa_v1,vitl16_224,12,,12,tokens,1e-5,0.01,2,2,90,true,20,,,16,1,2,0.20000000000000001,cuda,artifacts/probes/intphys2,seed_runs_layerwise_same_l_attentive_v1/intphys2__same_l__v_jepa__vit_l_16__temporal_attn__layer_12/seed_102,artifacts/results/intphys2,seed_runs_layerwise_same_l_attentive_v1/intphys2__same_l__v_jepa__vit_l_16__temporal_attn__layer_12/seed_102,seed_runs_layerwise_same_l_attentive_v1_intphys2__same_l__v_jepa__vit_l_16__temporal_attn__layer_12,intphys2__same_l__v_jepa__vit_l_16__temporal_attn__layer_12__seed_102,pending,,"[""seed=102"",""split.seed=42"",""backbone.name=jepa_v1"",""+backbone.kwargs.variant=vitl16_224"",""probe.name=temporal_attn"",""probe.layer=12"",""probe.layers=[]"",""probe.feature_view=tokens"",""probe.device=cuda"",""probe.lr=1e-5"",""probe.weight_decay=0.01"",""probe.batch_size=2"",""probe.eval_batch_size=2"",""probe.epochs=90"",""probe.early_stopping.enabled=true"",""probe.early_stopping.patience=20"",""probe.optuna.enabled=false"",""probe.output_dir=artifacts/probes/intphys2"",""probe.output_subdir=seed_runs_layerwise_same_l_attentive_v1/intphys2__same_l__v_jepa__vit_l_16__temporal_attn__layer_12/seed_102"",""probe.eval_output_dir=artifacts/results/intphys2"",""probe.eval_output_subdir=seed_runs_layerwise_same_l_attentive_v1/intphys2__same_l__v_jepa__vit_l_16__temporal_attn__layer_12/seed_102"",""probe.wandb.group=seed_runs_layerwise_same_l_attentive_v1_intphys2__same_l__v_jepa__vit_l_16__temporal_attn__layer_12"",""probe.wandb.name=intphys2__same_l__v_jepa__vit_l_16__temporal_attn__layer_12__seed_102"",""feature_cache.layer_ids=[6,12,18,24]"",""probe.temporal_attn.num_heads=16"",""probe.temporal_attn.num_self_attn_blocks=1"",""probe.temporal_attn.mlp_ratio=2"",""probe.temporal_attn.dropout=0.20000000000000001"",""feature_cache.include_tokens=true""]",results/verified_layerwise_probe_configs.csv,9,11,2e82edf58b036345,VERIFIED_FULL,"{""batch_size"":2,""dropout"":0.2,""early_stopping"":{""enabled"":true,""patience"":20},""epochs"":90,""eval_batch_size"":2,""feature_view"":""tokens"",""layer"":12,""lr"":1e-05,""mlp_ratio"":2.0,""num_heads"":16,""num_self_attn_blocks"":1,""slot"":null,""weight_decay"":0.01}",same_size_ablation/intphys_same_size_ablation/Attentive/intphys2_probe_temporal_attn_jepa_v1_vitl16_224_lr_matrix/train_eval_summary.json,results/seed_runs/seed_manifest_layerwise_same_l_attentive_v1.csv,3,5,7fa069faf482aa65,,,,,,,,,,,,,,already reached target: 90/90
intphys2__same_l__v_jepa__vit_l_16__temporal_attn__layer_18__seed_101,intphys2__same_l__v_jepa__vit_l_16__temporal_attn__layer_18,train_eval.probe.intphys2,IntPhys2,intphys2,same_L,V-JEPA,ViT-L/16,Attentive,temporal_attn,101,42,jepa_v1,vitl16_224,18,,18,tokens,1e-5,0.01,2,2,90,true,20,,,16,1,2,0.20000000000000001,cuda,artifacts/probes/intphys2,seed_runs_layerwise_same_l_attentive_v1/intphys2__same_l__v_jepa__vit_l_16__temporal_attn__layer_18/seed_101,artifacts/results/intphys2,seed_runs_layerwise_same_l_attentive_v1/intphys2__same_l__v_jepa__vit_l_16__temporal_attn__layer_18/seed_101,seed_runs_layerwise_same_l_attentive_v1_intphys2__same_l__v_jepa__vit_l_16__temporal_attn__layer_18,intphys2__same_l__v_jepa__vit_l_16__temporal_attn__layer_18__seed_101,pending,,"[""seed=101"",""split.seed=42"",""backbone.name=jepa_v1"",""+backbone.kwargs.variant=vitl16_224"",""probe.name=temporal_attn"",""probe.layer=18"",""probe.layers=[]"",""probe.feature_view=tokens"",""probe.device=cuda"",""probe.lr=1e-5"",""probe.weight_decay=0.01"",""probe.batch_size=2"",""probe.eval_batch_size=2"",""probe.epochs=90"",""probe.early_stopping.enabled=true"",""probe.early_stopping.patience=20"",""probe.optuna.enabled=false"",""probe.output_dir=artifacts/probes/intphys2"",""probe.output_subdir=seed_runs_layerwise_same_l_attentive_v1/intphys2__same_l__v_jepa__vit_l_16__temporal_attn__layer_18/seed_101"",""probe.eval_output_dir=artifacts/results/intphys2"",""probe.eval_output_subdir=seed_runs_layerwise_same_l_attentive_v1/intphys2__same_l__v_jepa__vit_l_16__temporal_attn__layer_18/seed_101"",""probe.wandb.group=seed_runs_layerwise_same_l_attentive_v1_intphys2__same_l__v_jepa__vit_l_16__temporal_attn__layer_18"",""probe.wandb.name=intphys2__same_l__v_jepa__vit_l_16__temporal_attn__layer_18__seed_101"",""feature_cache.layer_ids=[6,12,18,24]"",""probe.temporal_attn.num_heads=16"",""probe.temporal_attn.num_self_attn_blocks=1"",""probe.temporal_attn.mlp_ratio=2"",""probe.temporal_attn.dropout=0.20000000000000001"",""feature_cache.include_tokens=true""]",results/verified_layerwise_probe_configs.csv,10,12,f6f7479e93c7c5ad,VERIFIED_FULL,"{""batch_size"":2,""dropout"":0.2,""early_stopping"":{""enabled"":true,""patience"":20},""epochs"":90,""eval_batch_size"":2,""feature_view"":""tokens"",""layer"":18,""lr"":1e-05,""mlp_ratio"":2.0,""num_heads"":16,""num_self_attn_blocks"":1,""slot"":null,""weight_decay"":0.01}",same_size_ablation/intphys_same_size_ablation/Attentive/intphys2_probe_temporal_attn_jepa_v1_vitl16_224_lr_matrix/train_eval_summary.json,results/seed_runs/seed_manifest_layerwise_same_l_attentive_v1.csv,4,6,68386f8e146e818a,,,,,,,,,,,,,,already reached target: 90/90
intphys2__same_l__v_jepa_2_1__vit_l_16__temporal_attn__layer_18__seed_102,intphys2__same_l__v_jepa_2_1__vit_l_16__temporal_attn__layer_18,train_eval.probe.intphys2,IntPhys2,intphys2,same_L,V-JEPA 2.1,ViT-L/16,Attentive,temporal_attn,102,42,jepa_v2_1,vitl_384,18,,18,tokens,5e-5,0.01,2,2,90,true,20,,,16,1,2,0.20000000000000001,cuda,artifacts/probes/intphys2,seed_runs_layerwise_same_l_attentive_v1/intphys2__same_l__v_jepa_2_1__vit_l_16__temporal_attn__layer_18/seed_102,artifacts/results/intphys2,seed_runs_layerwise_same_l_attentive_v1/intphys2__same_l__v_jepa_2_1__vit_l_16__temporal_attn__layer_18/seed_102,seed_runs_layerwise_same_l_attentive_v1_intphys2__same_l__v_jepa_2_1__vit_l_16__temporal_attn__layer_18,intphys2__same_l__v_jepa_2_1__vit_l_16__temporal_attn__layer_18__seed_102,pending,,"[""seed=102"",""split.seed=42"",""backbone.name=jepa_v2_1"",""+backbone.kwargs.variant=vitl_384"",""probe.name=temporal_attn"",""probe.layer=18"",""probe.layers=[]"",""probe.feature_view=tokens"",""probe.device=cuda"",""probe.lr=5e-5"",""probe.weight_decay=0.01"",""probe.batch_size=2"",""probe.eval_batch_size=2"",""probe.epochs=90"",""probe.early_stopping.enabled=true"",""probe.early_stopping.patience=20"",""probe.optuna.enabled=false"",""probe.output_dir=artifacts/probes/intphys2"",""probe.output_subdir=seed_runs_layerwise_same_l_attentive_v1/intphys2__same_l__v_jepa_2_1__vit_l_16__temporal_attn__layer_18/seed_102"",""probe.eval_output_dir=artifacts/results/intphys2"",""probe.eval_output_subdir=seed_runs_layerwise_same_l_attentive_v1/intphys2__same_l__v_jepa_2_1__vit_l_16__temporal_attn__layer_18/seed_102"",""probe.wandb.group=seed_runs_layerwise_same_l_attentive_v1_intphys2__same_l__v_jepa_2_1__vit_l_16__temporal_attn__layer_18"",""probe.wandb.name=intphys2__same_l__v_jepa_2_1__vit_l_16__temporal_attn__layer_18__seed_102"",""feature_cache.layer_ids=[6,12,18,24]"",""probe.temporal_attn.num_heads=16"",""probe.temporal_attn.num_self_attn_blocks=1"",""probe.temporal_attn.mlp_ratio=2"",""probe.temporal_attn.dropout=0.20000000000000001"",""feature_cache.include_tokens=true""]",results/verified_layerwise_probe_configs.csv,70,72,1924bd55fcd1d837,VERIFIED_FULL,"{""batch_size"":2,""dropout"":0.2,""early_stopping"":{""enabled"":true,""patience"":20},""epochs"":90,""eval_batch_size"":2,""feature_view"":""tokens"",""layer"":18,""lr"":5e-05,""mlp_ratio"":2.0,""num_heads"":16,""num_self_attn_blocks"":1,""slot"":null,""weight_decay"":0.01}",same_size_ablation/intphys_same_size_ablation/Attentive/intphys2_probe_temporal_attn_jepa_v2_1_vitl_384_lr_matrix/train_eval_summary.json,results/seed_runs/seed_manifest_layerwise_same_l_attentive_v1.csv,21,23,da485b9b551f64ca,,,,,,,,,,,,,,already reached target: 90/90
intphys2__same_l__v_jepa_2_1__vit_l_16__temporal_attn__layer_24__seed_102,intphys2__same_l__v_jepa_2_1__vit_l_16__temporal_attn__layer_24,train_eval.probe.intphys2,IntPhys2,intphys2,same_L,V-JEPA 2.1,ViT-L/16,Attentive,temporal_attn,102,42,jepa_v2_1,vitl_384,24,,24,tokens,5e-5,0.01,2,2,90,true,20,,,16,1,2,0.20000000000000001,cuda,artifacts/probes/intphys2,seed_runs_layerwise_same_l_attentive_v1/intphys2__same_l__v_jepa_2_1__vit_l_16__temporal_attn__layer_24/seed_102,artifacts/results/intphys2,seed_runs_layerwise_same_l_attentive_v1/intphys2__same_l__v_jepa_2_1__vit_l_16__temporal_attn__layer_24/seed_102,seed_runs_layerwise_same_l_attentive_v1_intphys2__same_l__v_jepa_2_1__vit_l_16__temporal_attn__layer_24,intphys2__same_l__v_jepa_2_1__vit_l_16__temporal_attn__layer_24__seed_102,pending,,"[""seed=102"",""split.seed=42"",""backbone.name=jepa_v2_1"",""+backbone.kwargs.variant=vitl_384"",""probe.name=temporal_attn"",""probe.layer=24"",""probe.layers=[]"",""probe.feature_view=tokens"",""probe.device=cuda"",""probe.lr=5e-5"",""probe.weight_decay=0.01"",""probe.batch_size=2"",""probe.eval_batch_size=2"",""probe.epochs=90"",""probe.early_stopping.enabled=true"",""probe.early_stopping.patience=20"",""probe.optuna.enabled=false"",""probe.output_dir=artifacts/probes/intphys2"",""probe.output_subdir=seed_runs_layerwise_same_l_attentive_v1/intphys2__same_l__v_jepa_2_1__vit_l_16__temporal_attn__layer_24/seed_102"",""probe.eval_output_dir=artifacts/results/intphys2"",""probe.eval_output_subdir=seed_runs_layerwise_same_l_attentive_v1/intphys2__same_l__v_jepa_2_1__vit_l_16__temporal_attn__layer_24/seed_102"",""probe.wandb.group=seed_runs_layerwise_same_l_attentive_v1_intphys2__same_l__v_jepa_2_1__vit_l_16__temporal_attn__layer_24"",""probe.wandb.name=intphys2__same_l__v_jepa_2_1__vit_l_16__temporal_attn__layer_24__seed_102"",""feature_cache.layer_ids=[6,12,18,24]"",""probe.temporal_attn.num_heads=16"",""probe.temporal_attn.num_self_attn_blocks=1"",""probe.temporal_attn.mlp_ratio=2"",""probe.temporal_attn.dropout=0.20000000000000001"",""feature_cache.include_tokens=true""]",results/verified_layerwise_probe_configs.csv,71,73,44343b72c5616974,VERIFIED_FULL,"{""batch_size"":2,""dropout"":0.2,""early_stopping"":{""enabled"":true,""patience"":20},""epochs"":90,""eval_batch_size"":2,""feature_view"":""tokens"",""layer"":24,""lr"":5e-05,""mlp_ratio"":2.0,""num_heads"":16,""num_self_attn_blocks"":1,""slot"":null,""weight_decay"":0.01}",same_size_ablation/intphys_same_size_ablation/Attentive/intphys2_probe_temporal_attn_jepa_v2_1_vitl_384_lr_matrix/train_eval_summary.json,results/seed_runs/seed_manifest_layerwise_same_l_attentive_v1.csv,23,25,38a1f286781ff38a,,,,,,,,,,,,,,already reached target: 90/90
mvp__same_l__jepa_v1__vitl16_224__temporal_attn__layer_6__seed_101,mvp__same_l__jepa_v1__vitl16_224__temporal_attn__layer_6,train_eval.probe.mvp,MVP,mvp,same_L,V-JEPA,ViT-L/16,Attentive,temporal_attn,101,42,jepa_v1,vitl16_224,6,,6,tokens,1.0000000000000001e-05,0.01,2,2,30,true,5,,,16,1,2,0.20000000000000001,cuda,artifacts/probes/mvp,seed_runs_layerwise_same_l_attentive_v1/mvp__same_l__jepa_v1__vitl16_224__temporal_attn__layer_6/seed_101,artifacts/results/mvp,seed_runs_layerwise_same_l_attentive_v1/mvp__same_l__jepa_v1__vitl16_224__temporal_attn__layer_6/seed_101,seed_runs_layerwise_same_l_attentive_v1_mvp__same_l__jepa_v1__vitl16_224__temporal_attn__layer_6,mvp__same_l__jepa_v1__vitl16_224__temporal_attn__layer_6__seed_101,pending,,"[""seed=101"",""split.seed=42"",""backbone.name=jepa_v1"",""+backbone.kwargs.variant=vitl16_224"",""probe.name=temporal_attn"",""probe.layer=6"",""probe.layers=[]"",""probe.feature_view=tokens"",""probe.device=cuda"",""probe.lr=1.0000000000000001e-05"",""probe.weight_decay=0.01"",""probe.batch_size=2"",""probe.eval_batch_size=2"",""probe.epochs=30"",""probe.early_stopping.enabled=true"",""probe.early_stopping.patience=5"",""probe.optuna.enabled=false"",""probe.output_dir=artifacts/probes/mvp"",""probe.output_subdir=seed_runs_layerwise_same_l_attentive_v1/mvp__same_l__jepa_v1__vitl16_224__temporal_attn__layer_6/seed_101"",""probe.eval_output_dir=artifacts/results/mvp"",""probe.eval_output_subdir=seed_runs_layerwise_same_l_attentive_v1/mvp__same_l__jepa_v1__vitl16_224__temporal_attn__layer_6/seed_101"",""probe.wandb.group=seed_runs_layerwise_same_l_attentive_v1_mvp__same_l__jepa_v1__vitl16_224__temporal_attn__layer_6"",""probe.wandb.name=mvp__same_l__jepa_v1__vitl16_224__temporal_attn__layer_6__seed_101"",""feature_cache.layer_ids=[6,12,18,24]"",""probe.temporal_attn.num_heads=16"",""probe.temporal_attn.num_self_attn_blocks=1"",""probe.temporal_attn.mlp_ratio=2"",""probe.temporal_attn.dropout=0.20000000000000001"",""feature_cache.include_tokens=true""]",results/verified_layerwise_probe_configs.csv,332,334,2e51cc8200fd182e,VERIFIED_FULL,"{""batch_size"":2,""dropout"":0.2,""early_stopping"":{""enabled"":true,""patience"":5},""epochs"":30,""eval_batch_size"":2,""feature_view"":""tokens"",""layer"":6,""lr"":1e-05,""mlp_ratio"":2.0,""num_heads"":16,""num_self_attn_blocks"":1,""slot"":null,""weight_decay"":0.01}",same_size_ablation/mvp_same_size_ablation/attentive/mvp_probe_temporal_attn_jepa_v1_vitl16_224_lr_matrix/train_eval_summary.json,results/seed_runs/seed_manifest_layerwise_same_l_attentive_v1.csv,40,42,7275cabf75438531,,,,,,,,,,,,,,already reached target: 30/30
mvp__same_l__jepa_v1__vitl16_224__temporal_attn__layer_6__seed_102,mvp__same_l__jepa_v1__vitl16_224__temporal_attn__layer_6,train_eval.probe.mvp,MVP,mvp,same_L,V-JEPA,ViT-L/16,Attentive,temporal_attn,102,42,jepa_v1,vitl16_224,6,,6,tokens,1.0000000000000001e-05,0.01,2,2,30,true,5,,,16,1,2,0.20000000000000001,cuda,artifacts/probes/mvp,seed_runs_layerwise_same_l_attentive_v1/mvp__same_l__jepa_v1__vitl16_224__temporal_attn__layer_6/seed_102,artifacts/results/mvp,seed_runs_layerwise_same_l_attentive_v1/mvp__same_l__jepa_v1__vitl16_224__temporal_attn__layer_6/seed_102,seed_runs_layerwise_same_l_attentive_v1_mvp__same_l__jepa_v1__vitl16_224__temporal_attn__layer_6,mvp__same_l__jepa_v1__vitl16_224__temporal_attn__layer_6__seed_102,pending,,"[""seed=102"",""split.seed=42"",""backbone.name=jepa_v1"",""+backbone.kwargs.variant=vitl16_224"",""probe.name=temporal_attn"",""probe.layer=6"",""probe.layers=[]"",""probe.feature_view=tokens"",""probe.device=cuda"",""probe.lr=1.0000000000000001e-05"",""probe.weight_decay=0.01"",""probe.batch_size=2"",""probe.eval_batch_size=2"",""probe.epochs=30"",""probe.early_stopping.enabled=true"",""probe.early_stopping.patience=5"",""probe.optuna.enabled=false"",""probe.output_dir=artifacts/probes/mvp"",""probe.output_subdir=seed_runs_layerwise_same_l_attentive_v1/mvp__same_l__jepa_v1__vitl16_224__temporal_attn__layer_6/seed_102"",""probe.eval_output_dir=artifacts/results/mvp"",""probe.eval_output_subdir=seed_runs_layerwise_same_l_attentive_v1/mvp__same_l__jepa_v1__vitl16_224__temporal_attn__layer_6/seed_102"",""probe.wandb.group=seed_runs_layerwise_same_l_attentive_v1_mvp__same_l__jepa_v1__vitl16_224__temporal_attn__layer_6"",""probe.wandb.name=mvp__same_l__jepa_v1__vitl16_224__temporal_attn__layer_6__seed_102"",""feature_cache.layer_ids=[6,12,18,24]"",""probe.temporal_attn.num_heads=16"",""probe.temporal_attn.num_self_attn_blocks=1"",""probe.temporal_attn.mlp_ratio=2"",""probe.temporal_attn.dropout=0.20000000000000001"",""feature_cache.include_tokens=true""]",results/verified_layerwise_probe_configs.csv,332,334,2e51cc8200fd182e,VERIFIED_FULL,"{""batch_size"":2,""dropout"":0.2,""early_stopping"":{""enabled"":true,""patience"":5},""epochs"":30,""eval_batch_size"":2,""feature_view"":""tokens"",""layer"":6,""lr"":1e-05,""mlp_ratio"":2.0,""num_heads"":16,""num_self_attn_blocks"":1,""slot"":null,""weight_decay"":0.01}",same_size_ablation/mvp_same_size_ablation/attentive/mvp_probe_temporal_attn_jepa_v1_vitl16_224_lr_matrix/train_eval_summary.json,results/seed_runs/seed_manifest_layerwise_same_l_attentive_v1.csv,41,43,56d3405ca5f16f86,,,,,,,,,,,,,,already reached target: 30/30
mvp__same_l__jepa_v1__vitl16_224__temporal_attn__layer_12__seed_101,mvp__same_l__jepa_v1__vitl16_224__temporal_attn__layer_12,train_eval.probe.mvp,MVP,mvp,same_L,V-JEPA,ViT-L/16,Attentive,temporal_attn,101,42,jepa_v1,vitl16_224,12,,12,tokens,1.0000000000000001e-05,0.01,2,2,30,true,5,,,16,1,2,0.20000000000000001,cuda,artifacts/probes/mvp,seed_runs_layerwise_same_l_attentive_v1/mvp__same_l__jepa_v1__vitl16_224__temporal_attn__layer_12/seed_101,artifacts/results/mvp,seed_runs_layerwise_same_l_attentive_v1/mvp__same_l__jepa_v1__vitl16_224__temporal_attn__layer_12/seed_101,seed_runs_layerwise_same_l_attentive_v1_mvp__same_l__jepa_v1__vitl16_224__temporal_attn__layer_12,mvp__same_l__jepa_v1__vitl16_224__temporal_attn__layer_12__seed_101,pending,,"[""seed=101"",""split.seed=42"",""backbone.name=jepa_v1"",""+backbone.kwargs.variant=vitl16_224"",""probe.name=temporal_attn"",""probe.layer=12"",""probe.layers=[]"",""probe.feature_view=tokens"",""probe.device=cuda"",""probe.lr=1.0000000000000001e-05"",""probe.weight_decay=0.01"",""probe.batch_size=2"",""probe.eval_batch_size=2"",""probe.epochs=30"",""probe.early_stopping.enabled=true"",""probe.early_stopping.patience=5"",""probe.optuna.enabled=false"",""probe.output_dir=artifacts/probes/mvp"",""probe.output_subdir=seed_runs_layerwise_same_l_attentive_v1/mvp__same_l__jepa_v1__vitl16_224__temporal_attn__layer_12/seed_101"",""probe.eval_output_dir=artifacts/results/mvp"",""probe.eval_output_subdir=seed_runs_layerwise_same_l_attentive_v1/mvp__same_l__jepa_v1__vitl16_224__temporal_attn__layer_12/seed_101"",""probe.wandb.group=seed_runs_layerwise_same_l_attentive_v1_mvp__same_l__jepa_v1__vitl16_224__temporal_attn__layer_12"",""probe.wandb.name=mvp__same_l__jepa_v1__vitl16_224__temporal_attn__layer_12__seed_101"",""feature_cache.layer_ids=[6,12,18,24]"",""probe.temporal_attn.num_heads=16"",""probe.temporal_attn.num_self_attn_blocks=1"",""probe.temporal_attn.mlp_ratio=2"",""probe.temporal_attn.dropout=0.20000000000000001"",""feature_cache.include_tokens=true""]",results/verified_layerwise_probe_configs.csv,333,335,50fabfeee2b27388,VERIFIED_FULL,"{""batch_size"":2,""dropout"":0.2,""early_stopping"":{""enabled"":true,""patience"":5},""epochs"":30,""eval_batch_size"":2,""feature_view"":""tokens"",""layer"":12,""lr"":1e-05,""mlp_ratio"":2.0,""num_heads"":16,""num_self_attn_blocks"":1,""slot"":null,""weight_decay"":0.01}",same_size_ablation/mvp_same_size_ablation/attentive/mvp_probe_temporal_attn_jepa_v1_vitl16_224_lr_matrix/train_eval_summary.json,results/seed_runs/seed_manifest_layerwise_same_l_attentive_v1.csv,42,44,703eef82f23ab38c,,,,,,,,,,,,,,already reached target: 30/30
mvp__same_l__jepa_v1__vitl16_224__temporal_attn__layer_12__seed_102,mvp__same_l__jepa_v1__vitl16_224__temporal_attn__layer_12,train_eval.probe.mvp,MVP,mvp,same_L,V-JEPA,ViT-L/16,Attentive,temporal_attn,102,42,jepa_v1,vitl16_224,12,,12,tokens,1.0000000000000001e-05,0.01,2,2,30,true,5,,,16,1,2,0.20000000000000001,cuda,artifacts/probes/mvp,seed_runs_layerwise_same_l_attentive_v1/mvp__same_l__jepa_v1__vitl16_224__temporal_attn__layer_12/seed_102,artifacts/results/mvp,seed_runs_layerwise_same_l_attentive_v1/mvp__same_l__jepa_v1__vitl16_224__temporal_attn__layer_12/seed_102,seed_runs_layerwise_same_l_attentive_v1_mvp__same_l__jepa_v1__vitl16_224__temporal_attn__layer_12,mvp__same_l__jepa_v1__vitl16_224__temporal_attn__layer_12__seed_102,pending,,"[""seed=102"",""split.seed=42"",""backbone.name=jepa_v1"",""+backbone.kwargs.variant=vitl16_224"",""probe.name=temporal_attn"",""probe.layer=12"",""probe.layers=[]"",""probe.feature_view=tokens"",""probe.device=cuda"",""probe.lr=1.0000000000000001e-05"",""probe.weight_decay=0.01"",""probe.batch_size=2"",""probe.eval_batch_size=2"",""probe.epochs=30"",""probe.early_stopping.enabled=true"",""probe.early_stopping.patience=5"",""probe.optuna.enabled=false"",""probe.output_dir=artifacts/probes/mvp"",""probe.output_subdir=seed_runs_layerwise_same_l_attentive_v1/mvp__same_l__jepa_v1__vitl16_224__temporal_attn__layer_12/seed_102"",""probe.eval_output_dir=artifacts/results/mvp"",""probe.eval_output_subdir=seed_runs_layerwise_same_l_attentive_v1/mvp__same_l__jepa_v1__vitl16_224__temporal_attn__layer_12/seed_102"",""probe.wandb.group=seed_runs_layerwise_same_l_attentive_v1_mvp__same_l__jepa_v1__vitl16_224__temporal_attn__layer_12"",""probe.wandb.name=mvp__same_l__jepa_v1__vitl16_224__temporal_attn__layer_12__seed_102"",""feature_cache.layer_ids=[6,12,18,24]"",""probe.temporal_attn.num_heads=16"",""probe.temporal_attn.num_self_attn_blocks=1"",""probe.temporal_attn.mlp_ratio=2"",""probe.temporal_attn.dropout=0.20000000000000001"",""feature_cache.include_tokens=true""]",results/verified_layerwise_probe_configs.csv,333,335,50fabfeee2b27388,VERIFIED_FULL,"{""batch_size"":2,""dropout"":0.2,""early_stopping"":{""enabled"":true,""patience"":5},""epochs"":30,""eval_batch_size"":2,""feature_view"":""tokens"",""layer"":12,""lr"":1e-05,""mlp_ratio"":2.0,""num_heads"":16,""num_self_attn_blocks"":1,""slot"":null,""weight_decay"":0.01}",same_size_ablation/mvp_same_size_ablation/attentive/mvp_probe_temporal_attn_jepa_v1_vitl16_224_lr_matrix/train_eval_summary.json,results/seed_runs/seed_manifest_layerwise_same_l_attentive_v1.csv,43,45,0b70b96a4bd500a6,,,,,,,,,,,,,,already reached target: 30/30
mvp__same_l__jepa_v1__vitl16_224__temporal_attn__layer_18__seed_101,mvp__same_l__jepa_v1__vitl16_224__temporal_attn__layer_18,train_eval.probe.mvp,MVP,mvp,same_L,V-JEPA,ViT-L/16,Attentive,temporal_attn,101,42,jepa_v1,vitl16_224,18,,18,tokens,5.0000000000000002e-05,0.01,2,2,30,true,5,,,16,1,2,0.20000000000000001,cuda,artifacts/probes/mvp,seed_runs_layerwise_same_l_attentive_v1/mvp__same_l__jepa_v1__vitl16_224__temporal_attn__layer_18/seed_101,artifacts/results/mvp,seed_runs_layerwise_same_l_attentive_v1/mvp__same_l__jepa_v1__vitl16_224__temporal_attn__layer_18/seed_101,seed_runs_layerwise_same_l_attentive_v1_mvp__same_l__jepa_v1__vitl16_224__temporal_attn__layer_18,mvp__same_l__jepa_v1__vitl16_224__temporal_attn__layer_18__seed_101,pending,,"[""seed=101"",""split.seed=42"",""backbone.name=jepa_v1"",""+backbone.kwargs.variant=vitl16_224"",""probe.name=temporal_attn"",""probe.layer=18"",""probe.layers=[]"",""probe.feature_view=tokens"",""probe.device=cuda"",""probe.lr=5.0000000000000002e-05"",""probe.weight_decay=0.01"",""probe.batch_size=2"",""probe.eval_batch_size=2"",""probe.epochs=30"",""probe.early_stopping.enabled=true"",""probe.early_stopping.patience=5"",""probe.optuna.enabled=false"",""probe.output_dir=artifacts/probes/mvp"",""probe.output_subdir=seed_runs_layerwise_same_l_attentive_v1/mvp__same_l__jepa_v1__vitl16_224__temporal_attn__layer_18/seed_101"",""probe.eval_output_dir=artifacts/results/mvp"",""probe.eval_output_subdir=seed_runs_layerwise_same_l_attentive_v1/mvp__same_l__jepa_v1__vitl16_224__temporal_attn__layer_18/seed_101"",""probe.wandb.group=seed_runs_layerwise_same_l_attentive_v1_mvp__same_l__jepa_v1__vitl16_224__temporal_attn__layer_18"",""probe.wandb.name=mvp__same_l__jepa_v1__vitl16_224__temporal_attn__layer_18__seed_101"",""feature_cache.layer_ids=[6,12,18,24]"",""probe.temporal_attn.num_heads=16"",""probe.temporal_attn.num_self_attn_blocks=1"",""probe.temporal_attn.mlp_ratio=2"",""probe.temporal_attn.dropout=0.20000000000000001"",""feature_cache.include_tokens=true""]",results/verified_layerwise_probe_configs.csv,334,336,5a1c821a80f3ccd6,VERIFIED_FULL,"{""batch_size"":2,""dropout"":0.2,""early_stopping"":{""enabled"":true,""patience"":5},""epochs"":30,""eval_batch_size"":2,""feature_view"":""tokens"",""layer"":18,""lr"":5e-05,""mlp_ratio"":2.0,""num_heads"":16,""num_self_attn_blocks"":1,""slot"":null,""weight_decay"":0.01}",same_size_ablation/mvp_same_size_ablation/attentive/mvp_probe_temporal_attn_jepa_v1_vitl16_224_lr_matrix/train_eval_summary.json,results/seed_runs/seed_manifest_layerwise_same_l_attentive_v1.csv,44,46,1462834ebb94b1bf,,,,,,,,,,,,,,already reached target: 30/30
mvp__same_l__jepa_v1__vitl16_224__temporal_attn__layer_24__seed_101,mvp__same_l__jepa_v1__vitl16_224__temporal_attn__layer_24,train_eval.probe.mvp,MVP,mvp,same_L,V-JEPA,ViT-L/16,Attentive,temporal_attn,101,42,jepa_v1,vitl16_224,24,,24,tokens,0.0001,0.01,2,2,30,true,5,,,16,1,2,0.20000000000000001,cuda,artifacts/probes/mvp,seed_runs_layerwise_same_l_attentive_v1/mvp__same_l__jepa_v1__vitl16_224__temporal_attn__layer_24/seed_101,artifacts/results/mvp,seed_runs_layerwise_same_l_attentive_v1/mvp__same_l__jepa_v1__vitl16_224__temporal_attn__layer_24/seed_101,seed_runs_layerwise_same_l_attentive_v1_mvp__same_l__jepa_v1__vitl16_224__temporal_attn__layer_24,mvp__same_l__jepa_v1__vitl16_224__temporal_attn__layer_24__seed_101,pending,,"[""seed=101"",""split.seed=42"",""backbone.name=jepa_v1"",""+backbone.kwargs.variant=vitl16_224"",""probe.name=temporal_attn"",""probe.layer=24"",""probe.layers=[]"",""probe.feature_view=tokens"",""probe.device=cuda"",""probe.lr=0.0001"",""probe.weight_decay=0.01"",""probe.batch_size=2"",""probe.eval_batch_size=2"",""probe.epochs=30"",""probe.early_stopping.enabled=true"",""probe.early_stopping.patience=5"",""probe.optuna.enabled=false"",""probe.output_dir=artifacts/probes/mvp"",""probe.output_subdir=seed_runs_layerwise_same_l_attentive_v1/mvp__same_l__jepa_v1__vitl16_224__temporal_attn__layer_24/seed_101"",""probe.eval_output_dir=artifacts/results/mvp"",""probe.eval_output_subdir=seed_runs_layerwise_same_l_attentive_v1/mvp__same_l__jepa_v1__vitl16_224__temporal_attn__layer_24/seed_101"",""probe.wandb.group=seed_runs_layerwise_same_l_attentive_v1_mvp__same_l__jepa_v1__vitl16_224__temporal_attn__layer_24"",""probe.wandb.name=mvp__same_l__jepa_v1__vitl16_224__temporal_attn__layer_24__seed_101"",""feature_cache.layer_ids=[6,12,18,24]"",""probe.temporal_attn.num_heads=16"",""probe.temporal_attn.num_self_attn_blocks=1"",""probe.temporal_attn.mlp_ratio=2"",""probe.temporal_attn.dropout=0.20000000000000001"",""feature_cache.include_tokens=true""]",results/verified_layerwise_probe_configs.csv,335,337,bb3a07cede6d918e,VERIFIED_FULL,"{""batch_size"":2,""dropout"":0.2,""early_stopping"":{""enabled"":true,""patience"":5},""epochs"":30,""eval_batch_size"":2,""feature_view"":""tokens"",""layer"":24,""lr"":0.0001,""mlp_ratio"":2.0,""num_heads"":16,""num_self_attn_blocks"":1,""slot"":null,""weight_decay"":0.01}",same_size_ablation/mvp_same_size_ablation/attentive/mvp_probe_temporal_attn_jepa_v1_vitl16_224_lr_matrix/train_eval_summary.json,results/seed_runs/seed_manifest_layerwise_same_l_attentive_v1.csv,46,48,d2af71abf3224b9b,,,,,,,,,,,,,,already reached target: 30/30
mvp__same_l__jepa_v1__vitl16_224__temporal_attn__layer_24__seed_102,mvp__same_l__jepa_v1__vitl16_224__temporal_attn__layer_24,train_eval.probe.mvp,MVP,mvp,same_L,V-JEPA,ViT-L/16,Attentive,temporal_attn,102,42,jepa_v1,vitl16_224,24,,24,tokens,0.0001,0.01,2,2,30,true,5,,,16,1,2,0.20000000000000001,cuda,artifacts/probes/mvp,seed_runs_layerwise_same_l_attentive_v1/mvp__same_l__jepa_v1__vitl16_224__temporal_attn__layer_24/seed_102,artifacts/results/mvp,seed_runs_layerwise_same_l_attentive_v1/mvp__same_l__jepa_v1__vitl16_224__temporal_attn__layer_24/seed_102,seed_runs_layerwise_same_l_attentive_v1_mvp__same_l__jepa_v1__vitl16_224__temporal_attn__layer_24,mvp__same_l__jepa_v1__vitl16_224__temporal_attn__layer_24__seed_102,pending,,"[""seed=102"",""split.seed=42"",""backbone.name=jepa_v1"",""+backbone.kwargs.variant=vitl16_224"",""probe.name=temporal_attn"",""probe.layer=24"",""probe.layers=[]"",""probe.feature_view=tokens"",""probe.device=cuda"",""probe.lr=0.0001"",""probe.weight_decay=0.01"",""probe.batch_size=2"",""probe.eval_batch_size=2"",""probe.epochs=30"",""probe.early_stopping.enabled=true"",""probe.early_stopping.patience=5"",""probe.optuna.enabled=false"",""probe.output_dir=artifacts/probes/mvp"",""probe.output_subdir=seed_runs_layerwise_same_l_attentive_v1/mvp__same_l__jepa_v1__vitl16_224__temporal_attn__layer_24/seed_102"",""probe.eval_output_dir=artifacts/results/mvp"",""probe.eval_output_subdir=seed_runs_layerwise_same_l_attentive_v1/mvp__same_l__jepa_v1__vitl16_224__temporal_attn__layer_24/seed_102"",""probe.wandb.group=seed_runs_layerwise_same_l_attentive_v1_mvp__same_l__jepa_v1__vitl16_224__temporal_attn__layer_24"",""probe.wandb.name=mvp__same_l__jepa_v1__vitl16_224__temporal_attn__layer_24__seed_102"",""feature_cache.layer_ids=[6,12,18,24]"",""probe.temporal_attn.num_heads=16"",""probe.temporal_attn.num_self_attn_blocks=1"",""probe.temporal_attn.mlp_ratio=2"",""probe.temporal_attn.dropout=0.20000000000000001"",""feature_cache.include_tokens=true""]",results/verified_layerwise_probe_configs.csv,335,337,bb3a07cede6d918e,VERIFIED_FULL,"{""batch_size"":2,""dropout"":0.2,""early_stopping"":{""enabled"":true,""patience"":5},""epochs"":30,""eval_batch_size"":2,""feature_view"":""tokens"",""layer"":24,""lr"":0.0001,""mlp_ratio"":2.0,""num_heads"":16,""num_self_attn_blocks"":1,""slot"":null,""weight_decay"":0.01}",same_size_ablation/mvp_same_size_ablation/attentive/mvp_probe_temporal_attn_jepa_v1_vitl16_224_lr_matrix/train_eval_summary.json,results/seed_runs/seed_manifest_layerwise_same_l_attentive_v1.csv,47,49,72fb3d65673017d0,,,,,,,,,,,,,,already reached target: 30/30
mvp__same_l__jepa_v2__vitl_256__temporal_attn__layer_18__seed_101,mvp__same_l__jepa_v2__vitl_256__temporal_attn__layer_18,train_eval.probe.mvp,MVP,mvp,same_L,V-JEPA 2,ViT-L/16,Attentive,temporal_attn,101,42,jepa_v2,vitl_256,18,,18,tokens,0.0001,0.01,1,1,30,true,5,,,16,1,2,0.20000000000000001,cuda,artifacts/probes/mvp,seed_runs_layerwise_same_l_attentive_v1/mvp__same_l__jepa_v2__vitl_256__temporal_attn__layer_18/seed_101,artifacts/results/mvp,seed_runs_layerwise_same_l_attentive_v1/mvp__same_l__jepa_v2__vitl_256__temporal_attn__layer_18/seed_101,seed_runs_layerwise_same_l_attentive_v1_mvp__same_l__jepa_v2__vitl_256__temporal_attn__layer_18,mvp__same_l__jepa_v2__vitl_256__temporal_attn__layer_18__seed_101,pending,,"[""seed=101"",""split.seed=42"",""backbone.name=jepa_v2"",""+backbone.kwargs.variant=vitl_256"",""probe.name=temporal_attn"",""probe.layer=18"",""probe.layers=[]"",""probe.feature_view=tokens"",""probe.device=cuda"",""probe.lr=0.0001"",""probe.weight_decay=0.01"",""probe.batch_size=1"",""probe.eval_batch_size=1"",""probe.epochs=30"",""probe.early_stopping.enabled=true"",""probe.early_stopping.patience=5"",""probe.optuna.enabled=false"",""probe.output_dir=artifacts/probes/mvp"",""probe.output_subdir=seed_runs_layerwise_same_l_attentive_v1/mvp__same_l__jepa_v2__vitl_256__temporal_attn__layer_18/seed_101"",""probe.eval_output_dir=artifacts/results/mvp"",""probe.eval_output_subdir=seed_runs_layerwise_same_l_attentive_v1/mvp__same_l__jepa_v2__vitl_256__temporal_attn__layer_18/seed_101"",""probe.wandb.group=seed_runs_layerwise_same_l_attentive_v1_mvp__same_l__jepa_v2__vitl_256__temporal_attn__layer_18"",""probe.wandb.name=mvp__same_l__jepa_v2__vitl_256__temporal_attn__layer_18__seed_101"",""feature_cache.layer_ids=[6,12,18,24]"",""probe.temporal_attn.num_heads=16"",""probe.temporal_attn.num_self_attn_blocks=1"",""probe.temporal_attn.mlp_ratio=2"",""probe.temporal_attn.dropout=0.20000000000000001"",""feature_cache.include_tokens=true""]",results/verified_layerwise_probe_configs.csv,358,360,e0b4280687aeda09,VERIFIED_FULL,"{""batch_size"":1,""dropout"":0.2,""early_stopping"":{""enabled"":true,""patience"":5},""epochs"":30,""eval_batch_size"":1,""feature_view"":""tokens"",""layer"":18,""lr"":0.0001,""mlp_ratio"":2.0,""num_heads"":16,""num_self_attn_blocks"":1,""slot"":null,""weight_decay"":0.01}",same_size_ablation/mvp_same_size_ablation/attentive/mvp_probe_temporal_attn_jepa_v2_vitl_256_lr_matrix/train_eval_summary.json,results/seed_runs/seed_manifest_layerwise_same_l_attentive_v1.csv,52,54,3308fea664d026f9,,,,,,,,,,,,,,already reached target: 30/30
mvp__same_l__jepa_v2__vitl_256__temporal_attn__layer_18__seed_102,mvp__same_l__jepa_v2__vitl_256__temporal_attn__layer_18,train_eval.probe.mvp,MVP,mvp,same_L,V-JEPA 2,ViT-L/16,Attentive,temporal_attn,102,42,jepa_v2,vitl_256,18,,18,tokens,0.0001,0.01,1,1,30,true,5,,,16,1,2,0.20000000000000001,cuda,artifacts/probes/mvp,seed_runs_layerwise_same_l_attentive_v1/mvp__same_l__jepa_v2__vitl_256__temporal_attn__layer_18/seed_102,artifacts/results/mvp,seed_runs_layerwise_same_l_attentive_v1/mvp__same_l__jepa_v2__vitl_256__temporal_attn__layer_18/seed_102,seed_runs_layerwise_same_l_attentive_v1_mvp__same_l__jepa_v2__vitl_256__temporal_attn__layer_18,mvp__same_l__jepa_v2__vitl_256__temporal_attn__layer_18__seed_102,pending,,"[""seed=102"",""split.seed=42"",""backbone.name=jepa_v2"",""+backbone.kwargs.variant=vitl_256"",""probe.name=temporal_attn"",""probe.layer=18"",""probe.layers=[]"",""probe.feature_view=tokens"",""probe.device=cuda"",""probe.lr=0.0001"",""probe.weight_decay=0.01"",""probe.batch_size=1"",""probe.eval_batch_size=1"",""probe.epochs=30"",""probe.early_stopping.enabled=true"",""probe.early_stopping.patience=5"",""probe.optuna.enabled=false"",""probe.output_dir=artifacts/probes/mvp"",""probe.output_subdir=seed_runs_layerwise_same_l_attentive_v1/mvp__same_l__jepa_v2__vitl_256__temporal_attn__layer_18/seed_102"",""probe.eval_output_dir=artifacts/results/mvp"",""probe.eval_output_subdir=seed_runs_layerwise_same_l_attentive_v1/mvp__same_l__jepa_v2__vitl_256__temporal_attn__layer_18/seed_102"",""probe.wandb.group=seed_runs_layerwise_same_l_attentive_v1_mvp__same_l__jepa_v2__vitl_256__temporal_attn__layer_18"",""probe.wandb.name=mvp__same_l__jepa_v2__vitl_256__temporal_attn__layer_18__seed_102"",""feature_cache.layer_ids=[6,12,18,24]"",""probe.temporal_attn.num_heads=16"",""probe.temporal_attn.num_self_attn_blocks=1"",""probe.temporal_attn.mlp_ratio=2"",""probe.temporal_attn.dropout=0.20000000000000001"",""feature_cache.include_tokens=true""]",results/verified_layerwise_probe_configs.csv,358,360,e0b4280687aeda09,VERIFIED_FULL,"{""batch_size"":1,""dropout"":0.2,""early_stopping"":{""enabled"":true,""patience"":5},""epochs"":30,""eval_batch_size"":1,""feature_view"":""tokens"",""layer"":18,""lr"":0.0001,""mlp_ratio"":2.0,""num_heads"":16,""num_self_attn_blocks"":1,""slot"":null,""weight_decay"":0.01}",same_size_ablation/mvp_same_size_ablation/attentive/mvp_probe_temporal_attn_jepa_v2_vitl_256_lr_matrix/train_eval_summary.json,results/seed_runs/seed_manifest_layerwise_same_l_attentive_v1.csv,53,55,00c53aa938b965b9,,,,,,,,,,,,,,already reached target: 30/30
mvp__same_l__jepa_v2__vitl_256__temporal_attn__layer_24__seed_101,mvp__same_l__jepa_v2__vitl_256__temporal_attn__layer_24,train_eval.probe.mvp,MVP,mvp,same_L,V-JEPA 2,ViT-L/16,Attentive,temporal_attn,101,42,jepa_v2,vitl_256,24,,24,tokens,1.0000000000000001e-05,0.01,1,1,30,true,5,,,16,1,2,0.20000000000000001,cuda,artifacts/probes/mvp,seed_runs_layerwise_same_l_attentive_v1/mvp__same_l__jepa_v2__vitl_256__temporal_attn__layer_24/seed_101,artifacts/results/mvp,seed_runs_layerwise_same_l_attentive_v1/mvp__same_l__jepa_v2__vitl_256__temporal_attn__layer_24/seed_101,seed_runs_layerwise_same_l_attentive_v1_mvp__same_l__jepa_v2__vitl_256__temporal_attn__layer_24,mvp__same_l__jepa_v2__vitl_256__temporal_attn__layer_24__seed_101,pending,,"[""seed=101"",""split.seed=42"",""backbone.name=jepa_v2"",""+backbone.kwargs.variant=vitl_256"",""probe.name=temporal_attn"",""probe.layer=24"",""probe.layers=[]"",""probe.feature_view=tokens"",""probe.device=cuda"",""probe.lr=1.0000000000000001e-05"",""probe.weight_decay=0.01"",""probe.batch_size=1"",""probe.eval_batch_size=1"",""probe.epochs=30"",""probe.early_stopping.enabled=true"",""probe.early_stopping.patience=5"",""probe.optuna.enabled=false"",""probe.output_dir=artifacts/probes/mvp"",""probe.output_subdir=seed_runs_layerwise_same_l_attentive_v1/mvp__same_l__jepa_v2__vitl_256__temporal_attn__layer_24/seed_101"",""probe.eval_output_dir=artifacts/results/mvp"",""probe.eval_output_subdir=seed_runs_layerwise_same_l_attentive_v1/mvp__same_l__jepa_v2__vitl_256__temporal_attn__layer_24/seed_101"",""probe.wandb.group=seed_runs_layerwise_same_l_attentive_v1_mvp__same_l__jepa_v2__vitl_256__temporal_attn__layer_24"",""probe.wandb.name=mvp__same_l__jepa_v2__vitl_256__temporal_attn__layer_24__seed_101"",""feature_cache.layer_ids=[6,12,18,24]"",""probe.temporal_attn.num_heads=16"",""probe.temporal_attn.num_self_attn_blocks=1"",""probe.temporal_attn.mlp_ratio=2"",""probe.temporal_attn.dropout=0.20000000000000001"",""feature_cache.include_tokens=true""]",results/verified_layerwise_probe_configs.csv,359,361,113c229370486506,VERIFIED_FULL,"{""batch_size"":1,""dropout"":0.2,""early_stopping"":{""enabled"":true,""patience"":5},""epochs"":30,""eval_batch_size"":1,""feature_view"":""tokens"",""layer"":24,""lr"":1e-05,""mlp_ratio"":2.0,""num_heads"":16,""num_self_attn_blocks"":1,""slot"":null,""weight_decay"":0.01}",same_size_ablation/mvp_same_size_ablation/attentive/mvp_probe_temporal_attn_jepa_v2_vitl_256_lr_matrix/train_eval_summary.json,results/seed_runs/seed_manifest_layerwise_same_l_attentive_v1.csv,54,56,98596f35107e6111,,,,,,,,,,,,,,already reached target: 30/30
mvp__same_l__jepa_v2_1__vitl_384__temporal_attn__layer_12__seed_102,mvp__same_l__jepa_v2_1__vitl_384__temporal_attn__layer_12,train_eval.probe.mvp,MVP,mvp,same_L,V-JEPA 2.1,ViT-L/16,Attentive,temporal_attn,102,42,jepa_v2_1,vitl_384,12,,12,tokens,5.0000000000000002e-05,0.01,2,2,30,true,5,,,16,1,2,0.20000000000000001,cuda,artifacts/probes/mvp,seed_runs_layerwise_same_l_attentive_v1/mvp__same_l__jepa_v2_1__vitl_384__temporal_attn__layer_12/seed_102,artifacts/results/mvp,seed_runs_layerwise_same_l_attentive_v1/mvp__same_l__jepa_v2_1__vitl_384__temporal_attn__layer_12/seed_102,seed_runs_layerwise_same_l_attentive_v1_mvp__same_l__jepa_v2_1__vitl_384__temporal_attn__layer_12,mvp__same_l__jepa_v2_1__vitl_384__temporal_attn__layer_12__seed_102,pending,,"[""seed=102"",""split.seed=42"",""backbone.name=jepa_v2_1"",""+backbone.kwargs.variant=vitl_384"",""probe.name=temporal_attn"",""probe.layer=12"",""probe.layers=[]"",""probe.feature_view=tokens"",""probe.device=cuda"",""probe.lr=5.0000000000000002e-05"",""probe.weight_decay=0.01"",""probe.batch_size=2"",""probe.eval_batch_size=2"",""probe.epochs=30"",""probe.early_stopping.enabled=true"",""probe.early_stopping.patience=5"",""probe.optuna.enabled=false"",""probe.output_dir=artifacts/probes/mvp"",""probe.output_subdir=seed_runs_layerwise_same_l_attentive_v1/mvp__same_l__jepa_v2_1__vitl_384__temporal_attn__layer_12/seed_102"",""probe.eval_output_dir=artifacts/results/mvp"",""probe.eval_output_subdir=seed_runs_layerwise_same_l_attentive_v1/mvp__same_l__jepa_v2_1__vitl_384__temporal_attn__layer_12/seed_102"",""probe.wandb.group=seed_runs_layerwise_same_l_attentive_v1_mvp__same_l__jepa_v2_1__vitl_384__temporal_attn__layer_12"",""probe.wandb.name=mvp__same_l__jepa_v2_1__vitl_384__temporal_attn__layer_12__seed_102"",""feature_cache.layer_ids=[6,12,18,24]"",""probe.temporal_attn.num_heads=16"",""probe.temporal_attn.num_self_attn_blocks=1"",""probe.temporal_attn.mlp_ratio=2"",""probe.temporal_attn.dropout=0.20000000000000001"",""feature_cache.include_tokens=true""]",results/verified_layerwise_probe_configs.csv,393,395,67fc16394d5b47c0,VERIFIED_FULL,"{""batch_size"":2,""dropout"":0.2,""early_stopping"":{""enabled"":true,""patience"":5},""epochs"":30,""eval_batch_size"":2,""feature_view"":""tokens"",""layer"":12,""lr"":5e-05,""mlp_ratio"":2.0,""num_heads"":16,""num_self_attn_blocks"":1,""slot"":null,""weight_decay"":0.01}",same_size_ablation/mvp_same_size_ablation/attentive/mvp_probe_temporal_attn_jepa_v2_1_vitl_384_lr_matrix/train_eval_summary.json,results/seed_runs/seed_manifest_layerwise_same_l_attentive_v1.csv,59,61,477dba3aef79ee07,,,,,,,,,,,,,,already reached target: 30/30
mvp__same_l__jepa_v2_1__vitl_384__temporal_attn__layer_24__seed_101,mvp__same_l__jepa_v2_1__vitl_384__temporal_attn__layer_24,train_eval.probe.mvp,MVP,mvp,same_L,V-JEPA 2.1,ViT-L/16,Attentive,temporal_attn,101,42,jepa_v2_1,vitl_384,24,,24,tokens,5.0000000000000002e-05,0.01,2,2,30,true,5,,,16,1,2,0.20000000000000001,cuda,artifacts/probes/mvp,seed_runs_layerwise_same_l_attentive_v1/mvp__same_l__jepa_v2_1__vitl_384__temporal_attn__layer_24/seed_101,artifacts/results/mvp,seed_runs_layerwise_same_l_attentive_v1/mvp__same_l__jepa_v2_1__vitl_384__temporal_attn__layer_24/seed_101,seed_runs_layerwise_same_l_attentive_v1_mvp__same_l__jepa_v2_1__vitl_384__temporal_attn__layer_24,mvp__same_l__jepa_v2_1__vitl_384__temporal_attn__layer_24__seed_101,pending,,"[""seed=101"",""split.seed=42"",""backbone.name=jepa_v2_1"",""+backbone.kwargs.variant=vitl_384"",""probe.name=temporal_attn"",""probe.layer=24"",""probe.layers=[]"",""probe.feature_view=tokens"",""probe.device=cuda"",""probe.lr=5.0000000000000002e-05"",""probe.weight_decay=0.01"",""probe.batch_size=2"",""probe.eval_batch_size=2"",""probe.epochs=30"",""probe.early_stopping.enabled=true"",""probe.early_stopping.patience=5"",""probe.optuna.enabled=false"",""probe.output_dir=artifacts/probes/mvp"",""probe.output_subdir=seed_runs_layerwise_same_l_attentive_v1/mvp__same_l__jepa_v2_1__vitl_384__temporal_attn__layer_24/seed_101"",""probe.eval_output_dir=artifacts/results/mvp"",""probe.eval_output_subdir=seed_runs_layerwise_same_l_attentive_v1/mvp__same_l__jepa_v2_1__vitl_384__temporal_attn__layer_24/seed_101"",""probe.wandb.group=seed_runs_layerwise_same_l_attentive_v1_mvp__same_l__jepa_v2_1__vitl_384__temporal_attn__layer_24"",""probe.wandb.name=mvp__same_l__jepa_v2_1__vitl_384__temporal_attn__layer_24__seed_101"",""feature_cache.layer_ids=[6,12,18,24]"",""probe.temporal_attn.num_heads=16"",""probe.temporal_attn.num_self_attn_blocks=1"",""probe.temporal_attn.mlp_ratio=2"",""probe.temporal_attn.dropout=0.20000000000000001"",""feature_cache.include_tokens=true""]",results/verified_layerwise_probe_configs.csv,395,397,d630bec360cb3a97,VERIFIED_FULL,"{""batch_size"":2,""dropout"":0.2,""early_stopping"":{""enabled"":true,""patience"":5},""epochs"":30,""eval_batch_size"":2,""feature_view"":""tokens"",""layer"":24,""lr"":5e-05,""mlp_ratio"":2.0,""num_heads"":16,""num_self_attn_blocks"":1,""slot"":null,""weight_decay"":0.01}",same_size_ablation/mvp_same_size_ablation/attentive/mvp_probe_temporal_attn_jepa_v2_1_vitl_384_lr_matrix/train_eval_summary.json,results/seed_runs/seed_manifest_layerwise_same_l_attentive_v1.csv,62,64,a37bf87782ee1e72,,,,,,,,,,,,,,already reached target: 30/30
mvp__same_l__videomae__vit_large_16_224__temporal_attn__layer_6__seed_101,mvp__same_l__videomae__vit_large_16_224__temporal_attn__layer_6,train_eval.probe.mvp,MVP,mvp,same_L,VideoMAE,ViT-L/16,Attentive,temporal_attn,101,42,videomae,vit_large_16_224,6,,6,tokens,1.0000000000000001e-05,0.01,1,1,30,true,5,,,16,1,2,0.20000000000000001,cuda,artifacts/probes/mvp,seed_runs_layerwise_same_l_attentive_v1/mvp__same_l__videomae__vit_large_16_224__temporal_attn__layer_6/seed_101,artifacts/results/mvp,seed_runs_layerwise_same_l_attentive_v1/mvp__same_l__videomae__vit_large_16_224__temporal_attn__layer_6/seed_101,seed_runs_layerwise_same_l_attentive_v1_mvp__same_l__videomae__vit_large_16_224__temporal_attn__layer_6,mvp__same_l__videomae__vit_large_16_224__temporal_attn__layer_6__seed_101,pending,,"[""seed=101"",""split.seed=42"",""backbone.name=videomae"",""+backbone.kwargs.variant=vit_large_16_224"",""probe.name=temporal_attn"",""probe.layer=6"",""probe.layers=[]"",""probe.feature_view=tokens"",""probe.device=cuda"",""probe.lr=1.0000000000000001e-05"",""probe.weight_decay=0.01"",""probe.batch_size=1"",""probe.eval_batch_size=1"",""probe.epochs=30"",""probe.early_stopping.enabled=true"",""probe.early_stopping.patience=5"",""probe.optuna.enabled=false"",""probe.output_dir=artifacts/probes/mvp"",""probe.output_subdir=seed_runs_layerwise_same_l_attentive_v1/mvp__same_l__videomae__vit_large_16_224__temporal_attn__layer_6/seed_101"",""probe.eval_output_dir=artifacts/results/mvp"",""probe.eval_output_subdir=seed_runs_layerwise_same_l_attentive_v1/mvp__same_l__videomae__vit_large_16_224__temporal_attn__layer_6/seed_101"",""probe.wandb.group=seed_runs_layerwise_same_l_attentive_v1_mvp__same_l__videomae__vit_large_16_224__temporal_attn__layer_6"",""probe.wandb.name=mvp__same_l__videomae__vit_large_16_224__temporal_attn__layer_6__seed_101"",""feature_cache.layer_ids=[6,12,18,24]"",""probe.temporal_attn.num_heads=16"",""probe.temporal_attn.num_self_attn_blocks=1"",""probe.temporal_attn.mlp_ratio=2"",""probe.temporal_attn.dropout=0.20000000000000001"",""feature_cache.include_tokens=true""]",results/verified_layerwise_probe_configs.csv,428,430,88c43fbc6431e458,VERIFIED_FULL,"{""batch_size"":1,""dropout"":0.2,""early_stopping"":{""enabled"":true,""patience"":5},""epochs"":30,""eval_batch_size"":1,""feature_view"":""tokens"",""layer"":6,""lr"":1e-05,""mlp_ratio"":2.0,""num_heads"":16,""num_self_attn_blocks"":1,""slot"":null,""weight_decay"":0.01}",same_size_ablation/mvp_same_size_ablation/attentive/mvp_probe_temporal_attn_videomae_vit_large_16_224_lr_matrix/train_eval_summary.json,results/seed_runs/seed_manifest_layerwise_same_l_attentive_v1.csv,64,66,428a910b1966878b,,,,,,,,,,,,,,already reached target: 30/30
mvp__same_l__videomae__vit_large_16_224__temporal_attn__layer_6__seed_102,mvp__same_l__videomae__vit_large_16_224__temporal_attn__layer_6,train_eval.probe.mvp,MVP,mvp,same_L,VideoMAE,ViT-L/16,Attentive,temporal_attn,102,42,videomae,vit_large_16_224,6,,6,tokens,1.0000000000000001e-05,0.01,1,1,30,true,5,,,16,1,2,0.20000000000000001,cuda,artifacts/probes/mvp,seed_runs_layerwise_same_l_attentive_v1/mvp__same_l__videomae__vit_large_16_224__temporal_attn__layer_6/seed_102,artifacts/results/mvp,seed_runs_layerwise_same_l_attentive_v1/mvp__same_l__videomae__vit_large_16_224__temporal_attn__layer_6/seed_102,seed_runs_layerwise_same_l_attentive_v1_mvp__same_l__videomae__vit_large_16_224__temporal_attn__layer_6,mvp__same_l__videomae__vit_large_16_224__temporal_attn__layer_6__seed_102,pending,,"[""seed=102"",""split.seed=42"",""backbone.name=videomae"",""+backbone.kwargs.variant=vit_large_16_224"",""probe.name=temporal_attn"",""probe.layer=6"",""probe.layers=[]"",""probe.feature_view=tokens"",""probe.device=cuda"",""probe.lr=1.0000000000000001e-05"",""probe.weight_decay=0.01"",""probe.batch_size=1"",""probe.eval_batch_size=1"",""probe.epochs=30"",""probe.early_stopping.enabled=true"",""probe.early_stopping.patience=5"",""probe.optuna.enabled=false"",""probe.output_dir=artifacts/probes/mvp"",""probe.output_subdir=seed_runs_layerwise_same_l_attentive_v1/mvp__same_l__videomae__vit_large_16_224__temporal_attn__layer_6/seed_102"",""probe.eval_output_dir=artifacts/results/mvp"",""probe.eval_output_subdir=seed_runs_layerwise_same_l_attentive_v1/mvp__same_l__videomae__vit_large_16_224__temporal_attn__layer_6/seed_102"",""probe.wandb.group=seed_runs_layerwise_same_l_attentive_v1_mvp__same_l__videomae__vit_large_16_224__temporal_attn__layer_6"",""probe.wandb.name=mvp__same_l__videomae__vit_large_16_224__temporal_attn__layer_6__seed_102"",""feature_cache.layer_ids=[6,12,18,24]"",""probe.temporal_attn.num_heads=16"",""probe.temporal_attn.num_self_attn_blocks=1"",""probe.temporal_attn.mlp_ratio=2"",""probe.temporal_attn.dropout=0.20000000000000001"",""feature_cache.include_tokens=true""]",results/verified_layerwise_probe_configs.csv,428,430,88c43fbc6431e458,VERIFIED_FULL,"{""batch_size"":1,""dropout"":0.2,""early_stopping"":{""enabled"":true,""patience"":5},""epochs"":30,""eval_batch_size"":1,""feature_view"":""tokens"",""layer"":6,""lr"":1e-05,""mlp_ratio"":2.0,""num_heads"":16,""num_self_attn_blocks"":1,""slot"":null,""weight_decay"":0.01}",same_size_ablation/mvp_same_size_ablation/attentive/mvp_probe_temporal_attn_videomae_vit_large_16_224_lr_matrix/train_eval_summary.json,results/seed_runs/seed_manifest_layerwise_same_l_attentive_v1.csv,65,67,ddd03dab6dce4018,,,,,,,,,,,,,,already reached target: 30/30
mvp__same_l__videomae__vit_large_16_224__temporal_attn__layer_18__seed_101,mvp__same_l__videomae__vit_large_16_224__temporal_attn__layer_18,train_eval.probe.mvp,MVP,mvp,same_L,VideoMAE,ViT-L/16,Attentive,temporal_attn,101,42,videomae,vit_large_16_224,18,,18,tokens,1.0000000000000001e-05,0.01,1,1,30,true,5,,,16,1,2,0.20000000000000001,cuda,artifacts/probes/mvp,seed_runs_layerwise_same_l_attentive_v1/mvp__same_l__videomae__vit_large_16_224__temporal_attn__layer_18/seed_101,artifacts/results/mvp,seed_runs_layerwise_same_l_attentive_v1/mvp__same_l__videomae__vit_large_16_224__temporal_attn__layer_18/seed_101,seed_runs_layerwise_same_l_attentive_v1_mvp__same_l__videomae__vit_large_16_224__temporal_attn__layer_18,mvp__same_l__videomae__vit_large_16_224__temporal_attn__layer_18__seed_101,pending,,"[""seed=101"",""split.seed=42"",""backbone.name=videomae"",""+backbone.kwargs.variant=vit_large_16_224"",""probe.name=temporal_attn"",""probe.layer=18"",""probe.layers=[]"",""probe.feature_view=tokens"",""probe.device=cuda"",""probe.lr=1.0000000000000001e-05"",""probe.weight_decay=0.01"",""probe.batch_size=1"",""probe.eval_batch_size=1"",""probe.epochs=30"",""probe.early_stopping.enabled=true"",""probe.early_stopping.patience=5"",""probe.optuna.enabled=false"",""probe.output_dir=artifacts/probes/mvp"",""probe.output_subdir=seed_runs_layerwise_same_l_attentive_v1/mvp__same_l__videomae__vit_large_16_224__temporal_attn__layer_18/seed_101"",""probe.eval_output_dir=artifacts/results/mvp"",""probe.eval_output_subdir=seed_runs_layerwise_same_l_attentive_v1/mvp__same_l__videomae__vit_large_16_224__temporal_attn__layer_18/seed_101"",""probe.wandb.group=seed_runs_layerwise_same_l_attentive_v1_mvp__same_l__videomae__vit_large_16_224__temporal_attn__layer_18"",""probe.wandb.name=mvp__same_l__videomae__vit_large_16_224__temporal_attn__layer_18__seed_101"",""feature_cache.layer_ids=[6,12,18,24]"",""probe.temporal_attn.num_heads=16"",""probe.temporal_attn.num_self_attn_blocks=1"",""probe.temporal_attn.mlp_ratio=2"",""probe.temporal_attn.dropout=0.20000000000000001"",""feature_cache.include_tokens=true""]",results/verified_layerwise_probe_configs.csv,430,432,b23efc13fdae7130,VERIFIED_FULL,"{""batch_size"":1,""dropout"":0.2,""early_stopping"":{""enabled"":true,""patience"":5},""epochs"":30,""eval_batch_size"":1,""feature_view"":""tokens"",""layer"":18,""lr"":1e-05,""mlp_ratio"":2.0,""num_heads"":16,""num_self_attn_blocks"":1,""slot"":null,""weight_decay"":0.01}",same_size_ablation/mvp_same_size_ablation/attentive/mvp_probe_temporal_attn_videomae_vit_large_16_224_lr_matrix/train_eval_summary.json,results/seed_runs/seed_manifest_layerwise_same_l_attentive_v1.csv,68,70,49ddc6c54980e2be,,,,,,,,,,,,,,already reached target: 30/30
mvp__same_l__videomae__vit_large_16_224__temporal_attn__layer_24__seed_101,mvp__same_l__videomae__vit_large_16_224__temporal_attn__layer_24,train_eval.probe.mvp,MVP,mvp,same_L,VideoMAE,ViT-L/16,Attentive,temporal_attn,101,42,videomae,vit_large_16_224,24,,24,tokens,1.0000000000000001e-05,0.01,1,1,30,true,5,,,16,1,2,0.20000000000000001,cuda,artifacts/probes/mvp,seed_runs_layerwise_same_l_attentive_v1/mvp__same_l__videomae__vit_large_16_224__temporal_attn__layer_24/seed_101,artifacts/results/mvp,seed_runs_layerwise_same_l_attentive_v1/mvp__same_l__videomae__vit_large_16_224__temporal_attn__layer_24/seed_101,seed_runs_layerwise_same_l_attentive_v1_mvp__same_l__videomae__vit_large_16_224__temporal_attn__layer_24,mvp__same_l__videomae__vit_large_16_224__temporal_attn__layer_24__seed_101,pending,,"[""seed=101"",""split.seed=42"",""backbone.name=videomae"",""+backbone.kwargs.variant=vit_large_16_224"",""probe.name=temporal_attn"",""probe.layer=24"",""probe.layers=[]"",""probe.feature_view=tokens"",""probe.device=cuda"",""probe.lr=1.0000000000000001e-05"",""probe.weight_decay=0.01"",""probe.batch_size=1"",""probe.eval_batch_size=1"",""probe.epochs=30"",""probe.early_stopping.enabled=true"",""probe.early_stopping.patience=5"",""probe.optuna.enabled=false"",""probe.output_dir=artifacts/probes/mvp"",""probe.output_subdir=seed_runs_layerwise_same_l_attentive_v1/mvp__same_l__videomae__vit_large_16_224__temporal_attn__layer_24/seed_101"",""probe.eval_output_dir=artifacts/results/mvp"",""probe.eval_output_subdir=seed_runs_layerwise_same_l_attentive_v1/mvp__same_l__videomae__vit_large_16_224__temporal_attn__layer_24/seed_101"",""probe.wandb.group=seed_runs_layerwise_same_l_attentive_v1_mvp__same_l__videomae__vit_large_16_224__temporal_attn__layer_24"",""probe.wandb.name=mvp__same_l__videomae__vit_large_16_224__temporal_attn__layer_24__seed_101"",""feature_cache.layer_ids=[6,12,18,24]"",""probe.temporal_attn.num_heads=16"",""probe.temporal_attn.num_self_attn_blocks=1"",""probe.temporal_attn.mlp_ratio=2"",""probe.temporal_attn.dropout=0.20000000000000001"",""feature_cache.include_tokens=true""]",results/verified_layerwise_probe_configs.csv,431,433,d40c25c198e851e6,VERIFIED_FULL,"{""batch_size"":1,""dropout"":0.2,""early_stopping"":{""enabled"":true,""patience"":5},""epochs"":30,""eval_batch_size"":1,""feature_view"":""tokens"",""layer"":24,""lr"":1e-05,""mlp_ratio"":2.0,""num_heads"":16,""num_self_attn_blocks"":1,""slot"":null,""weight_decay"":0.01}",same_size_ablation/mvp_same_size_ablation/attentive/mvp_probe_temporal_attn_videomae_vit_large_16_224_lr_matrix/train_eval_summary.json,results/seed_runs/seed_manifest_layerwise_same_l_attentive_v1.csv,70,72,f49a8df4e4cc926b,,,,,,,,,,,,,,already reached target: 30/30
mvp__same_l__videomae__vit_large_16_224__temporal_attn__layer_24__seed_102,mvp__same_l__videomae__vit_large_16_224__temporal_attn__layer_24,train_eval.probe.mvp,MVP,mvp,same_L,VideoMAE,ViT-L/16,Attentive,temporal_attn,102,42,videomae,vit_large_16_224,24,,24,tokens,1.0000000000000001e-05,0.01,1,1,30,true,5,,,16,1,2,0.20000000000000001,cuda,artifacts/probes/mvp,seed_runs_layerwise_same_l_attentive_v1/mvp__same_l__videomae__vit_large_16_224__temporal_attn__layer_24/seed_102,artifacts/results/mvp,seed_runs_layerwise_same_l_attentive_v1/mvp__same_l__videomae__vit_large_16_224__temporal_attn__layer_24/seed_102,seed_runs_layerwise_same_l_attentive_v1_mvp__same_l__videomae__vit_large_16_224__temporal_attn__layer_24,mvp__same_l__videomae__vit_large_16_224__temporal_attn__layer_24__seed_102,pending,,"[""seed=102"",""split.seed=42"",""backbone.name=videomae"",""+backbone.kwargs.variant=vit_large_16_224"",""probe.name=temporal_attn"",""probe.layer=24"",""probe.layers=[]"",""probe.feature_view=tokens"",""probe.device=cuda"",""probe.lr=1.0000000000000001e-05"",""probe.weight_decay=0.01"",""probe.batch_size=1"",""probe.eval_batch_size=1"",""probe.epochs=30"",""probe.early_stopping.enabled=true"",""probe.early_stopping.patience=5"",""probe.optuna.enabled=false"",""probe.output_dir=artifacts/probes/mvp"",""probe.output_subdir=seed_runs_layerwise_same_l_attentive_v1/mvp__same_l__videomae__vit_large_16_224__temporal_attn__layer_24/seed_102"",""probe.eval_output_dir=artifacts/results/mvp"",""probe.eval_output_subdir=seed_runs_layerwise_same_l_attentive_v1/mvp__same_l__videomae__vit_large_16_224__temporal_attn__layer_24/seed_102"",""probe.wandb.group=seed_runs_layerwise_same_l_attentive_v1_mvp__same_l__videomae__vit_large_16_224__temporal_attn__layer_24"",""probe.wandb.name=mvp__same_l__videomae__vit_large_16_224__temporal_attn__layer_24__seed_102"",""feature_cache.layer_ids=[6,12,18,24]"",""probe.temporal_attn.num_heads=16"",""probe.temporal_attn.num_self_attn_blocks=1"",""probe.temporal_attn.mlp_ratio=2"",""probe.temporal_attn.dropout=0.20000000000000001"",""feature_cache.include_tokens=true""]",results/verified_layerwise_probe_configs.csv,431,433,d40c25c198e851e6,VERIFIED_FULL,"{""batch_size"":1,""dropout"":0.2,""early_stopping"":{""enabled"":true,""patience"":5},""epochs"":30,""eval_batch_size"":1,""feature_view"":""tokens"",""layer"":24,""lr"":1e-05,""mlp_ratio"":2.0,""num_heads"":16,""num_self_attn_blocks"":1,""slot"":null,""weight_decay"":0.01}",same_size_ablation/mvp_same_size_ablation/attentive/mvp_probe_temporal_attn_videomae_vit_large_16_224_lr_matrix/train_eval_summary.json,results/seed_runs/seed_manifest_layerwise_same_l_attentive_v1.csv,71,73,38fb81835f18f0fb,,,,,,,,,,,,,,already reached target: 30/30
mvp__same_l__videomae_v2__vit_large_16_224__temporal_attn__layer_6__seed_101,mvp__same_l__videomae_v2__vit_large_16_224__temporal_attn__layer_6,train_eval.probe.mvp,MVP,mvp,same_L,VideoMAE-v2,ViT-L/16,Attentive,temporal_attn,101,42,videomae_v2,vit_large_16_224,6,,6,tokens,1.0000000000000001e-05,0.01,1,1,30,true,5,,,16,1,2,0.20000000000000001,cuda,artifacts/probes/mvp,seed_runs_layerwise_same_l_attentive_v1/mvp__same_l__videomae_v2__vit_large_16_224__temporal_attn__layer_6/seed_101,artifacts/results/mvp,seed_runs_layerwise_same_l_attentive_v1/mvp__same_l__videomae_v2__vit_large_16_224__temporal_attn__layer_6/seed_101,seed_runs_layerwise_same_l_attentive_v1_mvp__same_l__videomae_v2__vit_large_16_224__temporal_attn__layer_6,mvp__same_l__videomae_v2__vit_large_16_224__temporal_attn__layer_6__seed_101,pending,,"[""seed=101"",""split.seed=42"",""backbone.name=videomae_v2"",""+backbone.kwargs.variant=vit_large_16_224"",""probe.name=temporal_attn"",""probe.layer=6"",""probe.layers=[]"",""probe.feature_view=tokens"",""probe.device=cuda"",""probe.lr=1.0000000000000001e-05"",""probe.weight_decay=0.01"",""probe.batch_size=1"",""probe.eval_batch_size=1"",""probe.epochs=30"",""probe.early_stopping.enabled=true"",""probe.early_stopping.patience=5"",""probe.optuna.enabled=false"",""probe.output_dir=artifacts/probes/mvp"",""probe.output_subdir=seed_runs_layerwise_same_l_attentive_v1/mvp__same_l__videomae_v2__vit_large_16_224__temporal_attn__layer_6/seed_101"",""probe.eval_output_dir=artifacts/results/mvp"",""probe.eval_output_subdir=seed_runs_layerwise_same_l_attentive_v1/mvp__same_l__videomae_v2__vit_large_16_224__temporal_attn__layer_6/seed_101"",""probe.wandb.group=seed_runs_layerwise_same_l_attentive_v1_mvp__same_l__videomae_v2__vit_large_16_224__temporal_attn__layer_6"",""probe.wandb.name=mvp__same_l__videomae_v2__vit_large_16_224__temporal_attn__layer_6__seed_101"",""feature_cache.layer_ids=[6,12,18,24]"",""probe.temporal_attn.num_heads=16"",""probe.temporal_attn.num_self_attn_blocks=1"",""probe.temporal_attn.mlp_ratio=2"",""probe.temporal_attn.dropout=0.20000000000000001"",""feature_cache.include_tokens=true""]",results/verified_layerwise_probe_configs.csv,464,466,b9708dd215c90a8f,VERIFIED_FULL,"{""batch_size"":1,""dropout"":0.2,""early_stopping"":{""enabled"":true,""patience"":5},""epochs"":30,""eval_batch_size"":1,""feature_view"":""tokens"",""layer"":6,""lr"":1e-05,""mlp_ratio"":2.0,""num_heads"":16,""num_self_attn_blocks"":1,""slot"":null,""weight_decay"":0.01}",same_size_ablation/mvp_same_size_ablation/attentive/mvp_probe_temporal_attn_videomae_v2_vit_large_16_224_lr_matrix/train_eval_summary.json,results/seed_runs/seed_manifest_layerwise_same_l_attentive_v1.csv,72,74,a1df0474a5a9ec6d,,,,,,,,,,,,,,already reached target: 30/30
mvp__same_l__videomae_v2__vit_large_16_224__temporal_attn__layer_6__seed_102,mvp__same_l__videomae_v2__vit_large_16_224__temporal_attn__layer_6,train_eval.probe.mvp,MVP,mvp,same_L,VideoMAE-v2,ViT-L/16,Attentive,temporal_attn,102,42,videomae_v2,vit_large_16_224,6,,6,tokens,1.0000000000000001e-05,0.01,1,1,30,true,5,,,16,1,2,0.20000000000000001,cuda,artifacts/probes/mvp,seed_runs_layerwise_same_l_attentive_v1/mvp__same_l__videomae_v2__vit_large_16_224__temporal_attn__layer_6/seed_102,artifacts/results/mvp,seed_runs_layerwise_same_l_attentive_v1/mvp__same_l__videomae_v2__vit_large_16_224__temporal_attn__layer_6/seed_102,seed_runs_layerwise_same_l_attentive_v1_mvp__same_l__videomae_v2__vit_large_16_224__temporal_attn__layer_6,mvp__same_l__videomae_v2__vit_large_16_224__temporal_attn__layer_6__seed_102,pending,,"[""seed=102"",""split.seed=42"",""backbone.name=videomae_v2"",""+backbone.kwargs.variant=vit_large_16_224"",""probe.name=temporal_attn"",""probe.layer=6"",""probe.layers=[]"",""probe.feature_view=tokens"",""probe.device=cuda"",""probe.lr=1.0000000000000001e-05"",""probe.weight_decay=0.01"",""probe.batch_size=1"",""probe.eval_batch_size=1"",""probe.epochs=30"",""probe.early_stopping.enabled=true"",""probe.early_stopping.patience=5"",""probe.optuna.enabled=false"",""probe.output_dir=artifacts/probes/mvp"",""probe.output_subdir=seed_runs_layerwise_same_l_attentive_v1/mvp__same_l__videomae_v2__vit_large_16_224__temporal_attn__layer_6/seed_102"",""probe.eval_output_dir=artifacts/results/mvp"",""probe.eval_output_subdir=seed_runs_layerwise_same_l_attentive_v1/mvp__same_l__videomae_v2__vit_large_16_224__temporal_attn__layer_6/seed_102"",""probe.wandb.group=seed_runs_layerwise_same_l_attentive_v1_mvp__same_l__videomae_v2__vit_large_16_224__temporal_attn__layer_6"",""probe.wandb.name=mvp__same_l__videomae_v2__vit_large_16_224__temporal_attn__layer_6__seed_102"",""feature_cache.layer_ids=[6,12,18,24]"",""probe.temporal_attn.num_heads=16"",""probe.temporal_attn.num_self_attn_blocks=1"",""probe.temporal_attn.mlp_ratio=2"",""probe.temporal_attn.dropout=0.20000000000000001"",""feature_cache.include_tokens=true""]",results/verified_layerwise_probe_configs.csv,464,466,b9708dd215c90a8f,VERIFIED_FULL,"{""batch_size"":1,""dropout"":0.2,""early_stopping"":{""enabled"":true,""patience"":5},""epochs"":30,""eval_batch_size"":1,""feature_view"":""tokens"",""layer"":6,""lr"":1e-05,""mlp_ratio"":2.0,""num_heads"":16,""num_self_attn_blocks"":1,""slot"":null,""weight_decay"":0.01}",same_size_ablation/mvp_same_size_ablation/attentive/mvp_probe_temporal_attn_videomae_v2_vit_large_16_224_lr_matrix/train_eval_summary.json,results/seed_runs/seed_manifest_layerwise_same_l_attentive_v1.csv,73,75,e24f9e1ea1ba37da,,,,,,,,,,,,,,already reached target: 30/30
mvp__same_l__videomae_v2__vit_large_16_224__temporal_attn__layer_18__seed_102,mvp__same_l__videomae_v2__vit_large_16_224__temporal_attn__layer_18,train_eval.probe.mvp,MVP,mvp,same_L,VideoMAE-v2,ViT-L/16,Attentive,temporal_attn,102,42,videomae_v2,vit_large_16_224,18,,18,tokens,1.0000000000000001e-05,0.01,1,1,30,true,5,,,16,1,2,0.20000000000000001,cuda,artifacts/probes/mvp,seed_runs_layerwise_same_l_attentive_v1/mvp__same_l__videomae_v2__vit_large_16_224__temporal_attn__layer_18/seed_102,artifacts/results/mvp,seed_runs_layerwise_same_l_attentive_v1/mvp__same_l__videomae_v2__vit_large_16_224__temporal_attn__layer_18/seed_102,seed_runs_layerwise_same_l_attentive_v1_mvp__same_l__videomae_v2__vit_large_16_224__temporal_attn__layer_18,mvp__same_l__videomae_v2__vit_large_16_224__temporal_attn__layer_18__seed_102,pending,,"[""seed=102"",""split.seed=42"",""backbone.name=videomae_v2"",""+backbone.kwargs.variant=vit_large_16_224"",""probe.name=temporal_attn"",""probe.layer=18"",""probe.layers=[]"",""probe.feature_view=tokens"",""probe.device=cuda"",""probe.lr=1.0000000000000001e-05"",""probe.weight_decay=0.01"",""probe.batch_size=1"",""probe.eval_batch_size=1"",""probe.epochs=30"",""probe.early_stopping.enabled=true"",""probe.early_stopping.patience=5"",""probe.optuna.enabled=false"",""probe.output_dir=artifacts/probes/mvp"",""probe.output_subdir=seed_runs_layerwise_same_l_attentive_v1/mvp__same_l__videomae_v2__vit_large_16_224__temporal_attn__layer_18/seed_102"",""probe.eval_output_dir=artifacts/results/mvp"",""probe.eval_output_subdir=seed_runs_layerwise_same_l_attentive_v1/mvp__same_l__videomae_v2__vit_large_16_224__temporal_attn__layer_18/seed_102"",""probe.wandb.group=seed_runs_layerwise_same_l_attentive_v1_mvp__same_l__videomae_v2__vit_large_16_224__temporal_attn__layer_18"",""probe.wandb.name=mvp__same_l__videomae_v2__vit_large_16_224__temporal_attn__layer_18__seed_102"",""feature_cache.layer_ids=[6,12,18,24]"",""probe.temporal_attn.num_heads=16"",""probe.temporal_attn.num_self_attn_blocks=1"",""probe.temporal_attn.mlp_ratio=2"",""probe.temporal_attn.dropout=0.20000000000000001"",""feature_cache.include_tokens=true""]",results/verified_layerwise_probe_configs.csv,466,468,93053b337dfe1c63,VERIFIED_FULL,"{""batch_size"":1,""dropout"":0.2,""early_stopping"":{""enabled"":true,""patience"":5},""epochs"":30,""eval_batch_size"":1,""feature_view"":""tokens"",""layer"":18,""lr"":1e-05,""mlp_ratio"":2.0,""num_heads"":16,""num_self_attn_blocks"":1,""slot"":null,""weight_decay"":0.01}",same_size_ablation/mvp_same_size_ablation/attentive/mvp_probe_temporal_attn_videomae_v2_vit_large_16_224_lr_matrix/train_eval_summary.json,results/seed_runs/seed_manifest_layerwise_same_l_attentive_v1.csv,77,79,95b954a7bf574870,,,,,,,,,,,,,,already reached target: 30/30
mvp__same_l__videomae_v2__vit_large_16_224__temporal_attn__layer_24__seed_101,mvp__same_l__videomae_v2__vit_large_16_224__temporal_attn__layer_24,train_eval.probe.mvp,MVP,mvp,same_L,VideoMAE-v2,ViT-L/16,Attentive,temporal_attn,101,42,videomae_v2,vit_large_16_224,24,,24,tokens,5.0000000000000002e-05,0.01,1,1,30,true,5,,,16,1,2,0.20000000000000001,cuda,artifacts/probes/mvp,seed_runs_layerwise_same_l_attentive_v1/mvp__same_l__videomae_v2__vit_large_16_224__temporal_attn__layer_24/seed_101,artifacts/results/mvp,seed_runs_layerwise_same_l_attentive_v1/mvp__same_l__videomae_v2__vit_large_16_224__temporal_attn__layer_24/seed_101,seed_runs_layerwise_same_l_attentive_v1_mvp__same_l__videomae_v2__vit_large_16_224__temporal_attn__layer_24,mvp__same_l__videomae_v2__vit_large_16_224__temporal_attn__layer_24__seed_101,pending,,"[""seed=101"",""split.seed=42"",""backbone.name=videomae_v2"",""+backbone.kwargs.variant=vit_large_16_224"",""probe.name=temporal_attn"",""probe.layer=24"",""probe.layers=[]"",""probe.feature_view=tokens"",""probe.device=cuda"",""probe.lr=5.0000000000000002e-05"",""probe.weight_decay=0.01"",""probe.batch_size=1"",""probe.eval_batch_size=1"",""probe.epochs=30"",""probe.early_stopping.enabled=true"",""probe.early_stopping.patience=5"",""probe.optuna.enabled=false"",""probe.output_dir=artifacts/probes/mvp"",""probe.output_subdir=seed_runs_layerwise_same_l_attentive_v1/mvp__same_l__videomae_v2__vit_large_16_224__temporal_attn__layer_24/seed_101"",""probe.eval_output_dir=artifacts/results/mvp"",""probe.eval_output_subdir=seed_runs_layerwise_same_l_attentive_v1/mvp__same_l__videomae_v2__vit_large_16_224__temporal_attn__layer_24/seed_101"",""probe.wandb.group=seed_runs_layerwise_same_l_attentive_v1_mvp__same_l__videomae_v2__vit_large_16_224__temporal_attn__layer_24"",""probe.wandb.name=mvp__same_l__videomae_v2__vit_large_16_224__temporal_attn__layer_24__seed_101"",""feature_cache.layer_ids=[6,12,18,24]"",""probe.temporal_attn.num_heads=16"",""probe.temporal_attn.num_self_attn_blocks=1"",""probe.temporal_attn.mlp_ratio=2"",""probe.temporal_attn.dropout=0.20000000000000001"",""feature_cache.include_tokens=true""]",results/verified_layerwise_probe_configs.csv,467,469,0c0bf8c1903ac035,VERIFIED_FULL,"{""batch_size"":1,""dropout"":0.2,""early_stopping"":{""enabled"":true,""patience"":5},""epochs"":30,""eval_batch_size"":1,""feature_view"":""tokens"",""layer"":24,""lr"":5e-05,""mlp_ratio"":2.0,""num_heads"":16,""num_self_attn_blocks"":1,""slot"":null,""weight_decay"":0.01}",same_size_ablation/mvp_same_size_ablation/attentive/mvp_probe_temporal_attn_videomae_v2_vit_large_16_224_lr_matrix/train_eval_summary.json,results/seed_runs/seed_manifest_layerwise_same_l_attentive_v1.csv,78,80,e85b2bb7368e1447,,,,,,,,,,,,,,already reached target: 30/30
mvp__same_l__videomae_v2__vit_large_16_224__temporal_attn__layer_24__seed_102,mvp__same_l__videomae_v2__vit_large_16_224__temporal_attn__layer_24,train_eval.probe.mvp,MVP,mvp,same_L,VideoMAE-v2,ViT-L/16,Attentive,temporal_attn,102,42,videomae_v2,vit_large_16_224,24,,24,tokens,5.0000000000000002e-05,0.01,1,1,30,true,5,,,16,1,2,0.20000000000000001,cuda,artifacts/probes/mvp,seed_runs_layerwise_same_l_attentive_v1/mvp__same_l__videomae_v2__vit_large_16_224__temporal_attn__layer_24/seed_102,artifacts/results/mvp,seed_runs_layerwise_same_l_attentive_v1/mvp__same_l__videomae_v2__vit_large_16_224__temporal_attn__layer_24/seed_102,seed_runs_layerwise_same_l_attentive_v1_mvp__same_l__videomae_v2__vit_large_16_224__temporal_attn__layer_24,mvp__same_l__videomae_v2__vit_large_16_224__temporal_attn__layer_24__seed_102,pending,,"[""seed=102"",""split.seed=42"",""backbone.name=videomae_v2"",""+backbone.kwargs.variant=vit_large_16_224"",""probe.name=temporal_attn"",""probe.layer=24"",""probe.layers=[]"",""probe.feature_view=tokens"",""probe.device=cuda"",""probe.lr=5.0000000000000002e-05"",""probe.weight_decay=0.01"",""probe.batch_size=1"",""probe.eval_batch_size=1"",""probe.epochs=30"",""probe.early_stopping.enabled=true"",""probe.early_stopping.patience=5"",""probe.optuna.enabled=false"",""probe.output_dir=artifacts/probes/mvp"",""probe.output_subdir=seed_runs_layerwise_same_l_attentive_v1/mvp__same_l__videomae_v2__vit_large_16_224__temporal_attn__layer_24/seed_102"",""probe.eval_output_dir=artifacts/results/mvp"",""probe.eval_output_subdir=seed_runs_layerwise_same_l_attentive_v1/mvp__same_l__videomae_v2__vit_large_16_224__temporal_attn__layer_24/seed_102"",""probe.wandb.group=seed_runs_layerwise_same_l_attentive_v1_mvp__same_l__videomae_v2__vit_large_16_224__temporal_attn__layer_24"",""probe.wandb.name=mvp__same_l__videomae_v2__vit_large_16_224__temporal_attn__layer_24__seed_102"",""feature_cache.layer_ids=[6,12,18,24]"",""probe.temporal_attn.num_heads=16"",""probe.temporal_attn.num_self_attn_blocks=1"",""probe.temporal_attn.mlp_ratio=2"",""probe.temporal_attn.dropout=0.20000000000000001"",""feature_cache.include_tokens=true""]",results/verified_layerwise_probe_configs.csv,467,469,0c0bf8c1903ac035,VERIFIED_FULL,"{""batch_size"":1,""dropout"":0.2,""early_stopping"":{""enabled"":true,""patience"":5},""epochs"":30,""eval_batch_size"":1,""feature_view"":""tokens"",""layer"":24,""lr"":5e-05,""mlp_ratio"":2.0,""num_heads"":16,""num_self_attn_blocks"":1,""slot"":null,""weight_decay"":0.01}",same_size_ablation/mvp_same_size_ablation/attentive/mvp_probe_temporal_attn_videomae_v2_vit_large_16_224_lr_matrix/train_eval_summary.json,results/seed_runs/seed_manifest_layerwise_same_l_attentive_v1.csv,79,81,7ca76db30cb50403,,,,,,,,,,,,,,already reached target: 30/30
intphys2__backbone_sweep__v_jepa_2_1__vit_g_16__temporal_attn__layer_30__seed_102,intphys2__backbone_sweep__v_jepa_2_1__vit_g_16__temporal_attn__layer_30,train_eval.probe.intphys2,IntPhys2,intphys2,backbone_sweep,V-JEPA 2.1,ViT-G/16,Attentive,temporal_attn,102,42,jepa_v2_1,vitg_384,30,,30,tokens,5e-5,0.01,2,2,90,true,20,,,16,1,2,0.20000000000000001,cuda,artifacts/probes/intphys2,seed_runs_layerwise_backbone_sweep_v1/intphys2__backbone_sweep__v_jepa_2_1__vit_g_16__temporal_attn__layer_30/seed_102,artifacts/results/intphys2,seed_runs_layerwise_backbone_sweep_v1/intphys2__backbone_sweep__v_jepa_2_1__vit_g_16__temporal_attn__layer_30/seed_102,seed_runs_layerwise_backbone_sweep_v1_intphys2__backbone_sweep__v_jepa_2_1__vit_g_16__temporal_attn__layer_30,intphys2__backbone_sweep__v_jepa_2_1__vit_g_16__temporal_attn__layer_30__seed_102,pending,,"[""seed=102"",""split.seed=42"",""backbone.name=jepa_v2_1"",""+backbone.kwargs.variant=vitg_384"",""probe.name=temporal_attn"",""probe.layer=30"",""probe.layers=[]"",""probe.feature_view=tokens"",""probe.device=cuda"",""probe.lr=5e-5"",""probe.weight_decay=0.01"",""probe.batch_size=2"",""probe.eval_batch_size=2"",""probe.epochs=90"",""probe.early_stopping.enabled=true"",""probe.early_stopping.patience=20"",""probe.optuna.enabled=false"",""probe.output_dir=artifacts/probes/intphys2"",""probe.output_subdir=seed_runs_layerwise_backbone_sweep_v1/intphys2__backbone_sweep__v_jepa_2_1__vit_g_16__temporal_attn__layer_30/seed_102"",""probe.eval_output_dir=artifacts/results/intphys2"",""probe.eval_output_subdir=seed_runs_layerwise_backbone_sweep_v1/intphys2__backbone_sweep__v_jepa_2_1__vit_g_16__temporal_attn__layer_30/seed_102"",""probe.wandb.group=seed_runs_layerwise_backbone_sweep_v1_intphys2__backbone_sweep__v_jepa_2_1__vit_g_16__temporal_attn__layer_30"",""probe.wandb.name=intphys2__backbone_sweep__v_jepa_2_1__vit_g_16__temporal_attn__layer_30__seed_102"",""feature_cache.layer_ids=[10,20,30,40]"",""probe.temporal_attn.num_heads=16"",""probe.temporal_attn.num_self_attn_blocks=1"",""probe.temporal_attn.mlp_ratio=2"",""probe.temporal_attn.dropout=0.20000000000000001"",""feature_cache.include_tokens=true""]",results/verified_layerwise_probe_configs.csv,82,84,4b2c36c6a27c1b19,VERIFIED_FULL,"{""batch_size"":2,""dropout"":0.2,""early_stopping"":{""enabled"":true,""patience"":20},""epochs"":90,""eval_batch_size"":2,""feature_view"":""tokens"",""layer"":30,""lr"":5e-05,""mlp_ratio"":2.0,""num_heads"":16,""num_self_attn_blocks"":1,""slot"":null,""weight_decay"":0.01}",different_backbone_ablation/other models/intphys2/attn/intphys2_probe_temporal_attn_jepa_v2_1_vitg_384_ep90_pat20_h100_lr_matrix/train_eval_summary.json,results/seed_runs/seed_manifest_layerwise_backbone_sweep_attentive_v1.csv,13,15,d4e836aa81bf57c2,,,,,,,,,,,,,,already reached target: 90/90
mvp__backbone_sweep__jepa_v2_1__vitb_384__temporal_attn__layer_3__seed_102,mvp__backbone_sweep__jepa_v2_1__vitb_384__temporal_attn__layer_3,train_eval.probe.mvp,MVP,mvp,backbone_sweep,V-JEPA 2.1,ViT-B/16,Attentive,temporal_attn,102,42,jepa_v2_1,vitb_384,3,,3,tokens,0.0001,0.01,2,2,30,true,5,,,16,1,2,0.20000000000000001,cuda,artifacts/probes/mvp,seed_runs_layerwise_backbone_sweep_v1/mvp__backbone_sweep__jepa_v2_1__vitb_384__temporal_attn__layer_3/seed_102,artifacts/results/mvp,seed_runs_layerwise_backbone_sweep_v1/mvp__backbone_sweep__jepa_v2_1__vitb_384__temporal_attn__layer_3/seed_102,seed_runs_layerwise_backbone_sweep_v1_mvp__backbone_sweep__jepa_v2_1__vitb_384__temporal_attn__layer_3,mvp__backbone_sweep__jepa_v2_1__vitb_384__temporal_attn__layer_3__seed_102,pending,,"[""seed=102"",""split.seed=42"",""backbone.name=jepa_v2_1"",""+backbone.kwargs.variant=vitb_384"",""probe.name=temporal_attn"",""probe.layer=3"",""probe.layers=[]"",""probe.feature_view=tokens"",""probe.device=cuda"",""probe.lr=0.0001"",""probe.weight_decay=0.01"",""probe.batch_size=2"",""probe.eval_batch_size=2"",""probe.epochs=30"",""probe.early_stopping.enabled=true"",""probe.early_stopping.patience=5"",""probe.optuna.enabled=false"",""probe.output_dir=artifacts/probes/mvp"",""probe.output_subdir=seed_runs_layerwise_backbone_sweep_v1/mvp__backbone_sweep__jepa_v2_1__vitb_384__temporal_attn__layer_3/seed_102"",""probe.eval_output_dir=artifacts/results/mvp"",""probe.eval_output_subdir=seed_runs_layerwise_backbone_sweep_v1/mvp__backbone_sweep__jepa_v2_1__vitb_384__temporal_attn__layer_3/seed_102"",""probe.wandb.group=seed_runs_layerwise_backbone_sweep_v1_mvp__backbone_sweep__jepa_v2_1__vitb_384__temporal_attn__layer_3"",""probe.wandb.name=mvp__backbone_sweep__jepa_v2_1__vitb_384__temporal_attn__layer_3__seed_102"",""feature_cache.layer_ids=[3,6,9,12]"",""probe.temporal_attn.num_heads=16"",""probe.temporal_attn.num_self_attn_blocks=1"",""probe.temporal_attn.mlp_ratio=2"",""probe.temporal_attn.dropout=0.20000000000000001"",""feature_cache.include_tokens=true""]",results/verified_layerwise_probe_configs.csv,380,382,d9a2484fa398f070,VERIFIED_FULL,"{""batch_size"":2,""dropout"":0.2,""early_stopping"":{""enabled"":true,""patience"":5},""epochs"":30,""eval_batch_size"":2,""feature_view"":""tokens"",""layer"":3,""lr"":0.0001,""mlp_ratio"":2.0,""num_heads"":16,""num_self_attn_blocks"":1,""slot"":null,""weight_decay"":0.01}",different_backbone_ablation/other models/mvp/attn/mvp_probe_temporal_attn_jepa_v2_1_vitb_384_lr_matrix/train_eval_summary.json,results/seed_runs/seed_manifest_layerwise_backbone_sweep_attentive_v1.csv,25,27,e5e99dc4c039e524,,,,,,,,,,,,,,already reached target: 30/30
mvp__backbone_sweep__jepa_v2_1__vitb_384__temporal_attn__layer_6__seed_101,mvp__backbone_sweep__jepa_v2_1__vitb_384__temporal_attn__layer_6,train_eval.probe.mvp,MVP,mvp,backbone_sweep,V-JEPA 2.1,ViT-B/16,Attentive,temporal_attn,101,42,jepa_v2_1,vitb_384,6,,6,tokens,0.0001,0.01,2,2,30,true,5,,,16,1,2,0.20000000000000001,cuda,artifacts/probes/mvp,seed_runs_layerwise_backbone_sweep_v1/mvp__backbone_sweep__jepa_v2_1__vitb_384__temporal_attn__layer_6/seed_101,artifacts/results/mvp,seed_runs_layerwise_backbone_sweep_v1/mvp__backbone_sweep__jepa_v2_1__vitb_384__temporal_attn__layer_6/seed_101,seed_runs_layerwise_backbone_sweep_v1_mvp__backbone_sweep__jepa_v2_1__vitb_384__temporal_attn__layer_6,mvp__backbone_sweep__jepa_v2_1__vitb_384__temporal_attn__layer_6__seed_101,pending,,"[""seed=101"",""split.seed=42"",""backbone.name=jepa_v2_1"",""+backbone.kwargs.variant=vitb_384"",""probe.name=temporal_attn"",""probe.layer=6"",""probe.layers=[]"",""probe.feature_view=tokens"",""probe.device=cuda"",""probe.lr=0.0001"",""probe.weight_decay=0.01"",""probe.batch_size=2"",""probe.eval_batch_size=2"",""probe.epochs=30"",""probe.early_stopping.enabled=true"",""probe.early_stopping.patience=5"",""probe.optuna.enabled=false"",""probe.output_dir=artifacts/probes/mvp"",""probe.output_subdir=seed_runs_layerwise_backbone_sweep_v1/mvp__backbone_sweep__jepa_v2_1__vitb_384__temporal_attn__layer_6/seed_101"",""probe.eval_output_dir=artifacts/results/mvp"",""probe.eval_output_subdir=seed_runs_layerwise_backbone_sweep_v1/mvp__backbone_sweep__jepa_v2_1__vitb_384__temporal_attn__layer_6/seed_101"",""probe.wandb.group=seed_runs_layerwise_backbone_sweep_v1_mvp__backbone_sweep__jepa_v2_1__vitb_384__temporal_attn__layer_6"",""probe.wandb.name=mvp__backbone_sweep__jepa_v2_1__vitb_384__temporal_attn__layer_6__seed_101"",""feature_cache.layer_ids=[3,6,9,12]"",""probe.temporal_attn.num_heads=16"",""probe.temporal_attn.num_self_attn_blocks=1"",""probe.temporal_attn.mlp_ratio=2"",""probe.temporal_attn.dropout=0.20000000000000001"",""feature_cache.include_tokens=true""]",results/verified_layerwise_probe_configs.csv,381,383,799c4b50ed96585d,VERIFIED_FULL,"{""batch_size"":2,""dropout"":0.2,""early_stopping"":{""enabled"":true,""patience"":5},""epochs"":30,""eval_batch_size"":2,""feature_view"":""tokens"",""layer"":6,""lr"":0.0001,""mlp_ratio"":2.0,""num_heads"":16,""num_self_attn_blocks"":1,""slot"":null,""weight_decay"":0.01}",different_backbone_ablation/other models/mvp/attn/mvp_probe_temporal_attn_jepa_v2_1_vitb_384_lr_matrix/train_eval_summary.json,results/seed_runs/seed_manifest_layerwise_backbone_sweep_attentive_v1.csv,26,28,3011a1938c26020c,,,,,,,,,,,,,,already reached target: 30/30
mvp__backbone_sweep__jepa_v2_1__vitb_384__temporal_attn__layer_6__seed_102,mvp__backbone_sweep__jepa_v2_1__vitb_384__temporal_attn__layer_6,train_eval.probe.mvp,MVP,mvp,backbone_sweep,V-JEPA 2.1,ViT-B/16,Attentive,temporal_attn,102,42,jepa_v2_1,vitb_384,6,,6,tokens,0.0001,0.01,2,2,30,true,5,,,16,1,2,0.20000000000000001,cuda,artifacts/probes/mvp,seed_runs_layerwise_backbone_sweep_v1/mvp__backbone_sweep__jepa_v2_1__vitb_384__temporal_attn__layer_6/seed_102,artifacts/results/mvp,seed_runs_layerwise_backbone_sweep_v1/mvp__backbone_sweep__jepa_v2_1__vitb_384__temporal_attn__layer_6/seed_102,seed_runs_layerwise_backbone_sweep_v1_mvp__backbone_sweep__jepa_v2_1__vitb_384__temporal_attn__layer_6,mvp__backbone_sweep__jepa_v2_1__vitb_384__temporal_attn__layer_6__seed_102,pending,,"[""seed=102"",""split.seed=42"",""backbone.name=jepa_v2_1"",""+backbone.kwargs.variant=vitb_384"",""probe.name=temporal_attn"",""probe.layer=6"",""probe.layers=[]"",""probe.feature_view=tokens"",""probe.device=cuda"",""probe.lr=0.0001"",""probe.weight_decay=0.01"",""probe.batch_size=2"",""probe.eval_batch_size=2"",""probe.epochs=30"",""probe.early_stopping.enabled=true"",""probe.early_stopping.patience=5"",""probe.optuna.enabled=false"",""probe.output_dir=artifacts/probes/mvp"",""probe.output_subdir=seed_runs_layerwise_backbone_sweep_v1/mvp__backbone_sweep__jepa_v2_1__vitb_384__temporal_attn__layer_6/seed_102"",""probe.eval_output_dir=artifacts/results/mvp"",""probe.eval_output_subdir=seed_runs_layerwise_backbone_sweep_v1/mvp__backbone_sweep__jepa_v2_1__vitb_384__temporal_attn__layer_6/seed_102"",""probe.wandb.group=seed_runs_layerwise_backbone_sweep_v1_mvp__backbone_sweep__jepa_v2_1__vitb_384__temporal_attn__layer_6"",""probe.wandb.name=mvp__backbone_sweep__jepa_v2_1__vitb_384__temporal_attn__layer_6__seed_102"",""feature_cache.layer_ids=[3,6,9,12]"",""probe.temporal_attn.num_heads=16"",""probe.temporal_attn.num_self_attn_blocks=1"",""probe.temporal_attn.mlp_ratio=2"",""probe.temporal_attn.dropout=0.20000000000000001"",""feature_cache.include_tokens=true""]",results/verified_layerwise_probe_configs.csv,381,383,799c4b50ed96585d,VERIFIED_FULL,"{""batch_size"":2,""dropout"":0.2,""early_stopping"":{""enabled"":true,""patience"":5},""epochs"":30,""eval_batch_size"":2,""feature_view"":""tokens"",""layer"":6,""lr"":0.0001,""mlp_ratio"":2.0,""num_heads"":16,""num_self_attn_blocks"":1,""slot"":null,""weight_decay"":0.01}",different_backbone_ablation/other models/mvp/attn/mvp_probe_temporal_attn_jepa_v2_1_vitb_384_lr_matrix/train_eval_summary.json,results/seed_runs/seed_manifest_layerwise_backbone_sweep_attentive_v1.csv,27,29,8d6584a36d8ccaa6,,,,,,,,,,,,,,already reached target: 30/30
mvp__backbone_sweep__jepa_v2_1__vitb_384__temporal_attn__layer_9__seed_101,mvp__backbone_sweep__jepa_v2_1__vitb_384__temporal_attn__layer_9,train_eval.probe.mvp,MVP,mvp,backbone_sweep,V-JEPA 2.1,ViT-B/16,Attentive,temporal_attn,101,42,jepa_v2_1,vitb_384,9,,9,tokens,0.0001,0.01,2,2,30,true,5,,,16,1,2,0.20000000000000001,cuda,artifacts/probes/mvp,seed_runs_layerwise_backbone_sweep_v1/mvp__backbone_sweep__jepa_v2_1__vitb_384__temporal_attn__layer_9/seed_101,artifacts/results/mvp,seed_runs_layerwise_backbone_sweep_v1/mvp__backbone_sweep__jepa_v2_1__vitb_384__temporal_attn__layer_9/seed_101,seed_runs_layerwise_backbone_sweep_v1_mvp__backbone_sweep__jepa_v2_1__vitb_384__temporal_attn__layer_9,mvp__backbone_sweep__jepa_v2_1__vitb_384__temporal_attn__layer_9__seed_101,pending,,"[""seed=101"",""split.seed=42"",""backbone.name=jepa_v2_1"",""+backbone.kwargs.variant=vitb_384"",""probe.name=temporal_attn"",""probe.layer=9"",""probe.layers=[]"",""probe.feature_view=tokens"",""probe.device=cuda"",""probe.lr=0.0001"",""probe.weight_decay=0.01"",""probe.batch_size=2"",""probe.eval_batch_size=2"",""probe.epochs=30"",""probe.early_stopping.enabled=true"",""probe.early_stopping.patience=5"",""probe.optuna.enabled=false"",""probe.output_dir=artifacts/probes/mvp"",""probe.output_subdir=seed_runs_layerwise_backbone_sweep_v1/mvp__backbone_sweep__jepa_v2_1__vitb_384__temporal_attn__layer_9/seed_101"",""probe.eval_output_dir=artifacts/results/mvp"",""probe.eval_output_subdir=seed_runs_layerwise_backbone_sweep_v1/mvp__backbone_sweep__jepa_v2_1__vitb_384__temporal_attn__layer_9/seed_101"",""probe.wandb.group=seed_runs_layerwise_backbone_sweep_v1_mvp__backbone_sweep__jepa_v2_1__vitb_384__temporal_attn__layer_9"",""probe.wandb.name=mvp__backbone_sweep__jepa_v2_1__vitb_384__temporal_attn__layer_9__seed_101"",""feature_cache.layer_ids=[3,6,9,12]"",""probe.temporal_attn.num_heads=16"",""probe.temporal_attn.num_self_attn_blocks=1"",""probe.temporal_attn.mlp_ratio=2"",""probe.temporal_attn.dropout=0.20000000000000001"",""feature_cache.include_tokens=true""]",results/verified_layerwise_probe_configs.csv,382,384,d7aee0eb3a11bdae,VERIFIED_FULL,"{""batch_size"":2,""dropout"":0.2,""early_stopping"":{""enabled"":true,""patience"":5},""epochs"":30,""eval_batch_size"":2,""feature_view"":""tokens"",""layer"":9,""lr"":0.0001,""mlp_ratio"":2.0,""num_heads"":16,""num_self_attn_blocks"":1,""slot"":null,""weight_decay"":0.01}",different_backbone_ablation/other models/mvp/attn/mvp_probe_temporal_attn_jepa_v2_1_vitb_384_lr_matrix/train_eval_summary.json,results/seed_runs/seed_manifest_layerwise_backbone_sweep_attentive_v1.csv,28,30,ab360fff833b9d84,,,,,,,,,,,,,,already reached target: 30/30
mvp__backbone_sweep__jepa_v2_1__vitb_384__temporal_attn__layer_12__seed_101,mvp__backbone_sweep__jepa_v2_1__vitb_384__temporal_attn__layer_12,train_eval.probe.mvp,MVP,mvp,backbone_sweep,V-JEPA 2.1,ViT-B/16,Attentive,temporal_attn,101,42,jepa_v2_1,vitb_384,12,,12,tokens,0.0001,0.01,2,2,30,true,5,,,16,1,2,0.20000000000000001,cuda,artifacts/probes/mvp,seed_runs_layerwise_backbone_sweep_v1/mvp__backbone_sweep__jepa_v2_1__vitb_384__temporal_attn__layer_12/seed_101,artifacts/results/mvp,seed_runs_layerwise_backbone_sweep_v1/mvp__backbone_sweep__jepa_v2_1__vitb_384__temporal_attn__layer_12/seed_101,seed_runs_layerwise_backbone_sweep_v1_mvp__backbone_sweep__jepa_v2_1__vitb_384__temporal_attn__layer_12,mvp__backbone_sweep__jepa_v2_1__vitb_384__temporal_attn__layer_12__seed_101,pending,,"[""seed=101"",""split.seed=42"",""backbone.name=jepa_v2_1"",""+backbone.kwargs.variant=vitb_384"",""probe.name=temporal_attn"",""probe.layer=12"",""probe.layers=[]"",""probe.feature_view=tokens"",""probe.device=cuda"",""probe.lr=0.0001"",""probe.weight_decay=0.01"",""probe.batch_size=2"",""probe.eval_batch_size=2"",""probe.epochs=30"",""probe.early_stopping.enabled=true"",""probe.early_stopping.patience=5"",""probe.optuna.enabled=false"",""probe.output_dir=artifacts/probes/mvp"",""probe.output_subdir=seed_runs_layerwise_backbone_sweep_v1/mvp__backbone_sweep__jepa_v2_1__vitb_384__temporal_attn__layer_12/seed_101"",""probe.eval_output_dir=artifacts/results/mvp"",""probe.eval_output_subdir=seed_runs_layerwise_backbone_sweep_v1/mvp__backbone_sweep__jepa_v2_1__vitb_384__temporal_attn__layer_12/seed_101"",""probe.wandb.group=seed_runs_layerwise_backbone_sweep_v1_mvp__backbone_sweep__jepa_v2_1__vitb_384__temporal_attn__layer_12"",""probe.wandb.name=mvp__backbone_sweep__jepa_v2_1__vitb_384__temporal_attn__layer_12__seed_101"",""feature_cache.layer_ids=[3,6,9,12]"",""probe.temporal_attn.num_heads=16"",""probe.temporal_attn.num_self_attn_blocks=1"",""probe.temporal_attn.mlp_ratio=2"",""probe.temporal_attn.dropout=0.20000000000000001"",""feature_cache.include_tokens=true""]",results/verified_layerwise_probe_configs.csv,383,385,135b59d0dfbaa1e2,VERIFIED_FULL,"{""batch_size"":2,""dropout"":0.2,""early_stopping"":{""enabled"":true,""patience"":5},""epochs"":30,""eval_batch_size"":2,""feature_view"":""tokens"",""layer"":12,""lr"":0.0001,""mlp_ratio"":2.0,""num_heads"":16,""num_self_attn_blocks"":1,""slot"":null,""weight_decay"":0.01}",different_backbone_ablation/other models/mvp/attn/mvp_probe_temporal_attn_jepa_v2_1_vitb_384_lr_matrix/train_eval_summary.json,results/seed_runs/seed_manifest_layerwise_backbone_sweep_attentive_v1.csv,30,32,a0197c097b1f144e,,,,,,,,,,,,,,already reached target: 30/30
mvp__backbone_sweep__jepa_v2_1__vitb_384__temporal_attn__layer_12__seed_102,mvp__backbone_sweep__jepa_v2_1__vitb_384__temporal_attn__layer_12,train_eval.probe.mvp,MVP,mvp,backbone_sweep,V-JEPA 2.1,ViT-B/16,Attentive,temporal_attn,102,42,jepa_v2_1,vitb_384,12,,12,tokens,0.0001,0.01,2,2,30,true,5,,,16,1,2,0.20000000000000001,cuda,artifacts/probes/mvp,seed_runs_layerwise_backbone_sweep_v1/mvp__backbone_sweep__jepa_v2_1__vitb_384__temporal_attn__layer_12/seed_102,artifacts/results/mvp,seed_runs_layerwise_backbone_sweep_v1/mvp__backbone_sweep__jepa_v2_1__vitb_384__temporal_attn__layer_12/seed_102,seed_runs_layerwise_backbone_sweep_v1_mvp__backbone_sweep__jepa_v2_1__vitb_384__temporal_attn__layer_12,mvp__backbone_sweep__jepa_v2_1__vitb_384__temporal_attn__layer_12__seed_102,pending,,"[""seed=102"",""split.seed=42"",""backbone.name=jepa_v2_1"",""+backbone.kwargs.variant=vitb_384"",""probe.name=temporal_attn"",""probe.layer=12"",""probe.layers=[]"",""probe.feature_view=tokens"",""probe.device=cuda"",""probe.lr=0.0001"",""probe.weight_decay=0.01"",""probe.batch_size=2"",""probe.eval_batch_size=2"",""probe.epochs=30"",""probe.early_stopping.enabled=true"",""probe.early_stopping.patience=5"",""probe.optuna.enabled=false"",""probe.output_dir=artifacts/probes/mvp"",""probe.output_subdir=seed_runs_layerwise_backbone_sweep_v1/mvp__backbone_sweep__jepa_v2_1__vitb_384__temporal_attn__layer_12/seed_102"",""probe.eval_output_dir=artifacts/results/mvp"",""probe.eval_output_subdir=seed_runs_layerwise_backbone_sweep_v1/mvp__backbone_sweep__jepa_v2_1__vitb_384__temporal_attn__layer_12/seed_102"",""probe.wandb.group=seed_runs_layerwise_backbone_sweep_v1_mvp__backbone_sweep__jepa_v2_1__vitb_384__temporal_attn__layer_12"",""probe.wandb.name=mvp__backbone_sweep__jepa_v2_1__vitb_384__temporal_attn__layer_12__seed_102"",""feature_cache.layer_ids=[3,6,9,12]"",""probe.temporal_attn.num_heads=16"",""probe.temporal_attn.num_self_attn_blocks=1"",""probe.temporal_attn.mlp_ratio=2"",""probe.temporal_attn.dropout=0.20000000000000001"",""feature_cache.include_tokens=true""]",results/verified_layerwise_probe_configs.csv,383,385,135b59d0dfbaa1e2,VERIFIED_FULL,"{""batch_size"":2,""dropout"":0.2,""early_stopping"":{""enabled"":true,""patience"":5},""epochs"":30,""eval_batch_size"":2,""feature_view"":""tokens"",""layer"":12,""lr"":0.0001,""mlp_ratio"":2.0,""num_heads"":16,""num_self_attn_blocks"":1,""slot"":null,""weight_decay"":0.01}",different_backbone_ablation/other models/mvp/attn/mvp_probe_temporal_attn_jepa_v2_1_vitb_384_lr_matrix/train_eval_summary.json,results/seed_runs/seed_manifest_layerwise_backbone_sweep_attentive_v1.csv,31,33,fd4b13fb1eb1ad4e,,,,,,,,,,,,,,already reached target: 30/30
mvp__backbone_sweep__jepa_v2_1__vitg_384__temporal_attn__layer_10__seed_101,mvp__backbone_sweep__jepa_v2_1__vitg_384__temporal_attn__layer_10,train_eval.probe.mvp,MVP,mvp,backbone_sweep,V-JEPA 2.1,ViT-G/16,Attentive,temporal_attn,101,42,jepa_v2_1,vitg_384,10,,10,tokens,1.0000000000000001e-05,0.01,2,2,30,true,5,,,16,1,2,0.20000000000000001,cuda,artifacts/probes/mvp,seed_runs_layerwise_backbone_sweep_v1/mvp__backbone_sweep__jepa_v2_1__vitg_384__temporal_attn__layer_10/seed_101,artifacts/results/mvp,seed_runs_layerwise_backbone_sweep_v1/mvp__backbone_sweep__jepa_v2_1__vitg_384__temporal_attn__layer_10/seed_101,seed_runs_layerwise_backbone_sweep_v1_mvp__backbone_sweep__jepa_v2_1__vitg_384__temporal_attn__layer_10,mvp__backbone_sweep__jepa_v2_1__vitg_384__temporal_attn__layer_10__seed_101,pending,,"[""seed=101"",""split.seed=42"",""backbone.name=jepa_v2_1"",""+backbone.kwargs.variant=vitg_384"",""probe.name=temporal_attn"",""probe.layer=10"",""probe.layers=[]"",""probe.feature_view=tokens"",""probe.device=cuda"",""probe.lr=1.0000000000000001e-05"",""probe.weight_decay=0.01"",""probe.batch_size=2"",""probe.eval_batch_size=2"",""probe.epochs=30"",""probe.early_stopping.enabled=true"",""probe.early_stopping.patience=5"",""probe.optuna.enabled=false"",""probe.output_dir=artifacts/probes/mvp"",""probe.output_subdir=seed_runs_layerwise_backbone_sweep_v1/mvp__backbone_sweep__jepa_v2_1__vitg_384__temporal_attn__layer_10/seed_101"",""probe.eval_output_dir=artifacts/results/mvp"",""probe.eval_output_subdir=seed_runs_layerwise_backbone_sweep_v1/mvp__backbone_sweep__jepa_v2_1__vitg_384__temporal_attn__layer_10/seed_101"",""probe.wandb.group=seed_runs_layerwise_backbone_sweep_v1_mvp__backbone_sweep__jepa_v2_1__vitg_384__temporal_attn__layer_10"",""probe.wandb.name=mvp__backbone_sweep__jepa_v2_1__vitg_384__temporal_attn__layer_10__seed_101"",""feature_cache.layer_ids=[10,20,30,40]"",""probe.temporal_attn.num_heads=16"",""probe.temporal_attn.num_self_attn_blocks=1"",""probe.temporal_attn.mlp_ratio=2"",""probe.temporal_attn.dropout=0.20000000000000001"",""feature_cache.include_tokens=true""]",results/verified_layerwise_probe_configs.csv,404,406,d56d0bf670937719,VERIFIED_FULL,"{""batch_size"":2,""dropout"":0.2,""early_stopping"":{""enabled"":true,""patience"":5},""epochs"":30,""eval_batch_size"":2,""feature_view"":""tokens"",""layer"":10,""lr"":1e-05,""mlp_ratio"":2.0,""num_heads"":16,""num_self_attn_blocks"":1,""slot"":null,""weight_decay"":0.01}",different_backbone_ablation/other models/mvp/attn/mvp_probe_temporal_attn_jepa_v2_1_vitg_384_lr_matrix/train_eval_summary.json,results/seed_runs/seed_manifest_layerwise_backbone_sweep_attentive_v1.csv,32,34,93f61f1c9356990d,,,,,,,,,,,,,,already reached target: 30/30
mvp__backbone_sweep__jepa_v2_1__vitg_384__temporal_attn__layer_10__seed_102,mvp__backbone_sweep__jepa_v2_1__vitg_384__temporal_attn__layer_10,train_eval.probe.mvp,MVP,mvp,backbone_sweep,V-JEPA 2.1,ViT-G/16,Attentive,temporal_attn,102,42,jepa_v2_1,vitg_384,10,,10,tokens,1.0000000000000001e-05,0.01,2,2,30,true,5,,,16,1,2,0.20000000000000001,cuda,artifacts/probes/mvp,seed_runs_layerwise_backbone_sweep_v1/mvp__backbone_sweep__jepa_v2_1__vitg_384__temporal_attn__layer_10/seed_102,artifacts/results/mvp,seed_runs_layerwise_backbone_sweep_v1/mvp__backbone_sweep__jepa_v2_1__vitg_384__temporal_attn__layer_10/seed_102,seed_runs_layerwise_backbone_sweep_v1_mvp__backbone_sweep__jepa_v2_1__vitg_384__temporal_attn__layer_10,mvp__backbone_sweep__jepa_v2_1__vitg_384__temporal_attn__layer_10__seed_102,pending,,"[""seed=102"",""split.seed=42"",""backbone.name=jepa_v2_1"",""+backbone.kwargs.variant=vitg_384"",""probe.name=temporal_attn"",""probe.layer=10"",""probe.layers=[]"",""probe.feature_view=tokens"",""probe.device=cuda"",""probe.lr=1.0000000000000001e-05"",""probe.weight_decay=0.01"",""probe.batch_size=2"",""probe.eval_batch_size=2"",""probe.epochs=30"",""probe.early_stopping.enabled=true"",""probe.early_stopping.patience=5"",""probe.optuna.enabled=false"",""probe.output_dir=artifacts/probes/mvp"",""probe.output_subdir=seed_runs_layerwise_backbone_sweep_v1/mvp__backbone_sweep__jepa_v2_1__vitg_384__temporal_attn__layer_10/seed_102"",""probe.eval_output_dir=artifacts/results/mvp"",""probe.eval_output_subdir=seed_runs_layerwise_backbone_sweep_v1/mvp__backbone_sweep__jepa_v2_1__vitg_384__temporal_attn__layer_10/seed_102"",""probe.wandb.group=seed_runs_layerwise_backbone_sweep_v1_mvp__backbone_sweep__jepa_v2_1__vitg_384__temporal_attn__layer_10"",""probe.wandb.name=mvp__backbone_sweep__jepa_v2_1__vitg_384__temporal_attn__layer_10__seed_102"",""feature_cache.layer_ids=[10,20,30,40]"",""probe.temporal_attn.num_heads=16"",""probe.temporal_attn.num_self_attn_blocks=1"",""probe.temporal_attn.mlp_ratio=2"",""probe.temporal_attn.dropout=0.20000000000000001"",""feature_cache.include_tokens=true""]",results/verified_layerwise_probe_configs.csv,404,406,d56d0bf670937719,VERIFIED_FULL,"{""batch_size"":2,""dropout"":0.2,""early_stopping"":{""enabled"":true,""patience"":5},""epochs"":30,""eval_batch_size"":2,""feature_view"":""tokens"",""layer"":10,""lr"":1e-05,""mlp_ratio"":2.0,""num_heads"":16,""num_self_attn_blocks"":1,""slot"":null,""weight_decay"":0.01}",different_backbone_ablation/other models/mvp/attn/mvp_probe_temporal_attn_jepa_v2_1_vitg_384_lr_matrix/train_eval_summary.json,results/seed_runs/seed_manifest_layerwise_backbone_sweep_attentive_v1.csv,33,35,ab1f785861669634,,,,,,,,,,,,,,already reached target: 30/30
mvp__backbone_sweep__jepa_v2_1__vitg_384__temporal_attn__layer_20__seed_101,mvp__backbone_sweep__jepa_v2_1__vitg_384__temporal_attn__layer_20,train_eval.probe.mvp,MVP,mvp,backbone_sweep,V-JEPA 2.1,ViT-G/16,Attentive,temporal_attn,101,42,jepa_v2_1,vitg_384,20,,20,tokens,1.0000000000000001e-05,0.01,2,2,30,true,5,,,16,1,2,0.20000000000000001,cuda,artifacts/probes/mvp,seed_runs_layerwise_backbone_sweep_v1/mvp__backbone_sweep__jepa_v2_1__vitg_384__temporal_attn__layer_20/seed_101,artifacts/results/mvp,seed_runs_layerwise_backbone_sweep_v1/mvp__backbone_sweep__jepa_v2_1__vitg_384__temporal_attn__layer_20/seed_101,seed_runs_layerwise_backbone_sweep_v1_mvp__backbone_sweep__jepa_v2_1__vitg_384__temporal_attn__layer_20,mvp__backbone_sweep__jepa_v2_1__vitg_384__temporal_attn__layer_20__seed_101,pending,,"[""seed=101"",""split.seed=42"",""backbone.name=jepa_v2_1"",""+backbone.kwargs.variant=vitg_384"",""probe.name=temporal_attn"",""probe.layer=20"",""probe.layers=[]"",""probe.feature_view=tokens"",""probe.device=cuda"",""probe.lr=1.0000000000000001e-05"",""probe.weight_decay=0.01"",""probe.batch_size=2"",""probe.eval_batch_size=2"",""probe.epochs=30"",""probe.early_stopping.enabled=true"",""probe.early_stopping.patience=5"",""probe.optuna.enabled=false"",""probe.output_dir=artifacts/probes/mvp"",""probe.output_subdir=seed_runs_layerwise_backbone_sweep_v1/mvp__backbone_sweep__jepa_v2_1__vitg_384__temporal_attn__layer_20/seed_101"",""probe.eval_output_dir=artifacts/results/mvp"",""probe.eval_output_subdir=seed_runs_layerwise_backbone_sweep_v1/mvp__backbone_sweep__jepa_v2_1__vitg_384__temporal_attn__layer_20/seed_101"",""probe.wandb.group=seed_runs_layerwise_backbone_sweep_v1_mvp__backbone_sweep__jepa_v2_1__vitg_384__temporal_attn__layer_20"",""probe.wandb.name=mvp__backbone_sweep__jepa_v2_1__vitg_384__temporal_attn__layer_20__seed_101"",""feature_cache.layer_ids=[10,20,30,40]"",""probe.temporal_attn.num_heads=16"",""probe.temporal_attn.num_self_attn_blocks=1"",""probe.temporal_attn.mlp_ratio=2"",""probe.temporal_attn.dropout=0.20000000000000001"",""feature_cache.include_tokens=true""]",results/verified_layerwise_probe_configs.csv,405,407,dc324e15aff22a86,VERIFIED_FULL,"{""batch_size"":2,""dropout"":0.2,""early_stopping"":{""enabled"":true,""patience"":5},""epochs"":30,""eval_batch_size"":2,""feature_view"":""tokens"",""layer"":20,""lr"":1e-05,""mlp_ratio"":2.0,""num_heads"":16,""num_self_attn_blocks"":1,""slot"":null,""weight_decay"":0.01}",different_backbone_ablation/other models/mvp/attn/mvp_probe_temporal_attn_jepa_v2_1_vitg_384_lr_matrix/train_eval_summary.json,results/seed_runs/seed_manifest_layerwise_backbone_sweep_attentive_v1.csv,34,36,edbc5f50ad3b988e,,,,,,,,,,,,,,already reached target: 30/30
mvp__backbone_sweep__jepa_v2_1__vitg_384__temporal_attn__layer_20__seed_102,mvp__backbone_sweep__jepa_v2_1__vitg_384__temporal_attn__layer_20,train_eval.probe.mvp,MVP,mvp,backbone_sweep,V-JEPA 2.1,ViT-G/16,Attentive,temporal_attn,102,42,jepa_v2_1,vitg_384,20,,20,tokens,1.0000000000000001e-05,0.01,2,2,30,true,5,,,16,1,2,0.20000000000000001,cuda,artifacts/probes/mvp,seed_runs_layerwise_backbone_sweep_v1/mvp__backbone_sweep__jepa_v2_1__vitg_384__temporal_attn__layer_20/seed_102,artifacts/results/mvp,seed_runs_layerwise_backbone_sweep_v1/mvp__backbone_sweep__jepa_v2_1__vitg_384__temporal_attn__layer_20/seed_102,seed_runs_layerwise_backbone_sweep_v1_mvp__backbone_sweep__jepa_v2_1__vitg_384__temporal_attn__layer_20,mvp__backbone_sweep__jepa_v2_1__vitg_384__temporal_attn__layer_20__seed_102,pending,,"[""seed=102"",""split.seed=42"",""backbone.name=jepa_v2_1"",""+backbone.kwargs.variant=vitg_384"",""probe.name=temporal_attn"",""probe.layer=20"",""probe.layers=[]"",""probe.feature_view=tokens"",""probe.device=cuda"",""probe.lr=1.0000000000000001e-05"",""probe.weight_decay=0.01"",""probe.batch_size=2"",""probe.eval_batch_size=2"",""probe.epochs=30"",""probe.early_stopping.enabled=true"",""probe.early_stopping.patience=5"",""probe.optuna.enabled=false"",""probe.output_dir=artifacts/probes/mvp"",""probe.output_subdir=seed_runs_layerwise_backbone_sweep_v1/mvp__backbone_sweep__jepa_v2_1__vitg_384__temporal_attn__layer_20/seed_102"",""probe.eval_output_dir=artifacts/results/mvp"",""probe.eval_output_subdir=seed_runs_layerwise_backbone_sweep_v1/mvp__backbone_sweep__jepa_v2_1__vitg_384__temporal_attn__layer_20/seed_102"",""probe.wandb.group=seed_runs_layerwise_backbone_sweep_v1_mvp__backbone_sweep__jepa_v2_1__vitg_384__temporal_attn__layer_20"",""probe.wandb.name=mvp__backbone_sweep__jepa_v2_1__vitg_384__temporal_attn__layer_20__seed_102"",""feature_cache.layer_ids=[10,20,30,40]"",""probe.temporal_attn.num_heads=16"",""probe.temporal_attn.num_self_attn_blocks=1"",""probe.temporal_attn.mlp_ratio=2"",""probe.temporal_attn.dropout=0.20000000000000001"",""feature_cache.include_tokens=true""]",results/verified_layerwise_probe_configs.csv,405,407,dc324e15aff22a86,VERIFIED_FULL,"{""batch_size"":2,""dropout"":0.2,""early_stopping"":{""enabled"":true,""patience"":5},""epochs"":30,""eval_batch_size"":2,""feature_view"":""tokens"",""layer"":20,""lr"":1e-05,""mlp_ratio"":2.0,""num_heads"":16,""num_self_attn_blocks"":1,""slot"":null,""weight_decay"":0.01}",different_backbone_ablation/other models/mvp/attn/mvp_probe_temporal_attn_jepa_v2_1_vitg_384_lr_matrix/train_eval_summary.json,results/seed_runs/seed_manifest_layerwise_backbone_sweep_attentive_v1.csv,35,37,7a6917c527bf7a99,,,,,,,,,,,,,,already reached target: 30/30
mvp__backbone_sweep__jepa_v2_1__vitg_384__temporal_attn__layer_30__seed_101,mvp__backbone_sweep__jepa_v2_1__vitg_384__temporal_attn__layer_30,train_eval.probe.mvp,MVP,mvp,backbone_sweep,V-JEPA 2.1,ViT-G/16,Attentive,temporal_attn,101,42,jepa_v2_1,vitg_384,30,,30,tokens,5.0000000000000002e-05,0.01,2,2,30,true,5,,,16,1,2,0.20000000000000001,cuda,artifacts/probes/mvp,seed_runs_layerwise_backbone_sweep_v1/mvp__backbone_sweep__jepa_v2_1__vitg_384__temporal_attn__layer_30/seed_101,artifacts/results/mvp,seed_runs_layerwise_backbone_sweep_v1/mvp__backbone_sweep__jepa_v2_1__vitg_384__temporal_attn__layer_30/seed_101,seed_runs_layerwise_backbone_sweep_v1_mvp__backbone_sweep__jepa_v2_1__vitg_384__temporal_attn__layer_30,mvp__backbone_sweep__jepa_v2_1__vitg_384__temporal_attn__layer_30__seed_101,pending,,"[""seed=101"",""split.seed=42"",""backbone.name=jepa_v2_1"",""+backbone.kwargs.variant=vitg_384"",""probe.name=temporal_attn"",""probe.layer=30"",""probe.layers=[]"",""probe.feature_view=tokens"",""probe.device=cuda"",""probe.lr=5.0000000000000002e-05"",""probe.weight_decay=0.01"",""probe.batch_size=2"",""probe.eval_batch_size=2"",""probe.epochs=30"",""probe.early_stopping.enabled=true"",""probe.early_stopping.patience=5"",""probe.optuna.enabled=false"",""probe.output_dir=artifacts/probes/mvp"",""probe.output_subdir=seed_runs_layerwise_backbone_sweep_v1/mvp__backbone_sweep__jepa_v2_1__vitg_384__temporal_attn__layer_30/seed_101"",""probe.eval_output_dir=artifacts/results/mvp"",""probe.eval_output_subdir=seed_runs_layerwise_backbone_sweep_v1/mvp__backbone_sweep__jepa_v2_1__vitg_384__temporal_attn__layer_30/seed_101"",""probe.wandb.group=seed_runs_layerwise_backbone_sweep_v1_mvp__backbone_sweep__jepa_v2_1__vitg_384__temporal_attn__layer_30"",""probe.wandb.name=mvp__backbone_sweep__jepa_v2_1__vitg_384__temporal_attn__layer_30__seed_101"",""feature_cache.layer_ids=[10,20,30,40]"",""probe.temporal_attn.num_heads=16"",""probe.temporal_attn.num_self_attn_blocks=1"",""probe.temporal_attn.mlp_ratio=2"",""probe.temporal_attn.dropout=0.20000000000000001"",""feature_cache.include_tokens=true""]",results/verified_layerwise_probe_configs.csv,406,408,e99a547a2b26fc75,VERIFIED_FULL,"{""batch_size"":2,""dropout"":0.2,""early_stopping"":{""enabled"":true,""patience"":5},""epochs"":30,""eval_batch_size"":2,""feature_view"":""tokens"",""layer"":30,""lr"":5e-05,""mlp_ratio"":2.0,""num_heads"":16,""num_self_attn_blocks"":1,""slot"":null,""weight_decay"":0.01}",different_backbone_ablation/other models/mvp/attn/mvp_probe_temporal_attn_jepa_v2_1_vitg_384_lr_matrix/train_eval_summary.json,results/seed_runs/seed_manifest_layerwise_backbone_sweep_attentive_v1.csv,36,38,2eba45c7c64f4cc8,,,,,,,,,,,,,,already reached target: 30/30
mvp__backbone_sweep__jepa_v2_1__vitg_384__temporal_attn__layer_30__seed_102,mvp__backbone_sweep__jepa_v2_1__vitg_384__temporal_attn__layer_30,train_eval.probe.mvp,MVP,mvp,backbone_sweep,V-JEPA 2.1,ViT-G/16,Attentive,temporal_attn,102,42,jepa_v2_1,vitg_384,30,,30,tokens,5.0000000000000002e-05,0.01,2,2,30,true,5,,,16,1,2,0.20000000000000001,cuda,artifacts/probes/mvp,seed_runs_layerwise_backbone_sweep_v1/mvp__backbone_sweep__jepa_v2_1__vitg_384__temporal_attn__layer_30/seed_102,artifacts/results/mvp,seed_runs_layerwise_backbone_sweep_v1/mvp__backbone_sweep__jepa_v2_1__vitg_384__temporal_attn__layer_30/seed_102,seed_runs_layerwise_backbone_sweep_v1_mvp__backbone_sweep__jepa_v2_1__vitg_384__temporal_attn__layer_30,mvp__backbone_sweep__jepa_v2_1__vitg_384__temporal_attn__layer_30__seed_102,pending,,"[""seed=102"",""split.seed=42"",""backbone.name=jepa_v2_1"",""+backbone.kwargs.variant=vitg_384"",""probe.name=temporal_attn"",""probe.layer=30"",""probe.layers=[]"",""probe.feature_view=tokens"",""probe.device=cuda"",""probe.lr=5.0000000000000002e-05"",""probe.weight_decay=0.01"",""probe.batch_size=2"",""probe.eval_batch_size=2"",""probe.epochs=30"",""probe.early_stopping.enabled=true"",""probe.early_stopping.patience=5"",""probe.optuna.enabled=false"",""probe.output_dir=artifacts/probes/mvp"",""probe.output_subdir=seed_runs_layerwise_backbone_sweep_v1/mvp__backbone_sweep__jepa_v2_1__vitg_384__temporal_attn__layer_30/seed_102"",""probe.eval_output_dir=artifacts/results/mvp"",""probe.eval_output_subdir=seed_runs_layerwise_backbone_sweep_v1/mvp__backbone_sweep__jepa_v2_1__vitg_384__temporal_attn__layer_30/seed_102"",""probe.wandb.group=seed_runs_layerwise_backbone_sweep_v1_mvp__backbone_sweep__jepa_v2_1__vitg_384__temporal_attn__layer_30"",""probe.wandb.name=mvp__backbone_sweep__jepa_v2_1__vitg_384__temporal_attn__layer_30__seed_102"",""feature_cache.layer_ids=[10,20,30,40]"",""probe.temporal_attn.num_heads=16"",""probe.temporal_attn.num_self_attn_blocks=1"",""probe.temporal_attn.mlp_ratio=2"",""probe.temporal_attn.dropout=0.20000000000000001"",""feature_cache.include_tokens=true""]",results/verified_layerwise_probe_configs.csv,406,408,e99a547a2b26fc75,VERIFIED_FULL,"{""batch_size"":2,""dropout"":0.2,""early_stopping"":{""enabled"":true,""patience"":5},""epochs"":30,""eval_batch_size"":2,""feature_view"":""tokens"",""layer"":30,""lr"":5e-05,""mlp_ratio"":2.0,""num_heads"":16,""num_self_attn_blocks"":1,""slot"":null,""weight_decay"":0.01}",different_backbone_ablation/other models/mvp/attn/mvp_probe_temporal_attn_jepa_v2_1_vitg_384_lr_matrix/train_eval_summary.json,results/seed_runs/seed_manifest_layerwise_backbone_sweep_attentive_v1.csv,37,39,de95c0c1fe18aac1,,,,,,,,,,,,,,already reached target: 30/30
mvp__backbone_sweep__jepa_v2_1__vitg_384__temporal_attn__layer_40__seed_101,mvp__backbone_sweep__jepa_v2_1__vitg_384__temporal_attn__layer_40,train_eval.probe.mvp,MVP,mvp,backbone_sweep,V-JEPA 2.1,ViT-G/16,Attentive,temporal_attn,101,42,jepa_v2_1,vitg_384,40,,40,tokens,0.0001,0.01,2,2,30,true,5,,,16,1,2,0.20000000000000001,cuda,artifacts/probes/mvp,seed_runs_layerwise_backbone_sweep_v1/mvp__backbone_sweep__jepa_v2_1__vitg_384__temporal_attn__layer_40/seed_101,artifacts/results/mvp,seed_runs_layerwise_backbone_sweep_v1/mvp__backbone_sweep__jepa_v2_1__vitg_384__temporal_attn__layer_40/seed_101,seed_runs_layerwise_backbone_sweep_v1_mvp__backbone_sweep__jepa_v2_1__vitg_384__temporal_attn__layer_40,mvp__backbone_sweep__jepa_v2_1__vitg_384__temporal_attn__layer_40__seed_101,pending,,"[""seed=101"",""split.seed=42"",""backbone.name=jepa_v2_1"",""+backbone.kwargs.variant=vitg_384"",""probe.name=temporal_attn"",""probe.layer=40"",""probe.layers=[]"",""probe.feature_view=tokens"",""probe.device=cuda"",""probe.lr=0.0001"",""probe.weight_decay=0.01"",""probe.batch_size=2"",""probe.eval_batch_size=2"",""probe.epochs=30"",""probe.early_stopping.enabled=true"",""probe.early_stopping.patience=5"",""probe.optuna.enabled=false"",""probe.output_dir=artifacts/probes/mvp"",""probe.output_subdir=seed_runs_layerwise_backbone_sweep_v1/mvp__backbone_sweep__jepa_v2_1__vitg_384__temporal_attn__layer_40/seed_101"",""probe.eval_output_dir=artifacts/results/mvp"",""probe.eval_output_subdir=seed_runs_layerwise_backbone_sweep_v1/mvp__backbone_sweep__jepa_v2_1__vitg_384__temporal_attn__layer_40/seed_101"",""probe.wandb.group=seed_runs_layerwise_backbone_sweep_v1_mvp__backbone_sweep__jepa_v2_1__vitg_384__temporal_attn__layer_40"",""probe.wandb.name=mvp__backbone_sweep__jepa_v2_1__vitg_384__temporal_attn__layer_40__seed_101"",""feature_cache.layer_ids=[10,20,30,40]"",""probe.temporal_attn.num_heads=16"",""probe.temporal_attn.num_self_attn_blocks=1"",""probe.temporal_attn.mlp_ratio=2"",""probe.temporal_attn.dropout=0.20000000000000001"",""feature_cache.include_tokens=true""]",results/verified_layerwise_probe_configs.csv,407,409,f0214ef37b4d57a8,VERIFIED_FULL,"{""batch_size"":2,""dropout"":0.2,""early_stopping"":{""enabled"":true,""patience"":5},""epochs"":30,""eval_batch_size"":2,""feature_view"":""tokens"",""layer"":40,""lr"":0.0001,""mlp_ratio"":2.0,""num_heads"":16,""num_self_attn_blocks"":1,""slot"":null,""weight_decay"":0.01}",different_backbone_ablation/other models/mvp/attn/mvp_probe_temporal_attn_jepa_v2_1_vitg_384_lr_matrix/train_eval_summary.json,results/seed_runs/seed_manifest_layerwise_backbone_sweep_attentive_v1.csv,38,40,736c7ac8e7be5715,,,,,,,,,,,,,,already reached target: 30/30
mvp__backbone_sweep__jepa_v2_1__vitg_384__temporal_attn__layer_40__seed_102,mvp__backbone_sweep__jepa_v2_1__vitg_384__temporal_attn__layer_40,train_eval.probe.mvp,MVP,mvp,backbone_sweep,V-JEPA 2.1,ViT-G/16,Attentive,temporal_attn,102,42,jepa_v2_1,vitg_384,40,,40,tokens,0.0001,0.01,2,2,30,true,5,,,16,1,2,0.20000000000000001,cuda,artifacts/probes/mvp,seed_runs_layerwise_backbone_sweep_v1/mvp__backbone_sweep__jepa_v2_1__vitg_384__temporal_attn__layer_40/seed_102,artifacts/results/mvp,seed_runs_layerwise_backbone_sweep_v1/mvp__backbone_sweep__jepa_v2_1__vitg_384__temporal_attn__layer_40/seed_102,seed_runs_layerwise_backbone_sweep_v1_mvp__backbone_sweep__jepa_v2_1__vitg_384__temporal_attn__layer_40,mvp__backbone_sweep__jepa_v2_1__vitg_384__temporal_attn__layer_40__seed_102,pending,,"[""seed=102"",""split.seed=42"",""backbone.name=jepa_v2_1"",""+backbone.kwargs.variant=vitg_384"",""probe.name=temporal_attn"",""probe.layer=40"",""probe.layers=[]"",""probe.feature_view=tokens"",""probe.device=cuda"",""probe.lr=0.0001"",""probe.weight_decay=0.01"",""probe.batch_size=2"",""probe.eval_batch_size=2"",""probe.epochs=30"",""probe.early_stopping.enabled=true"",""probe.early_stopping.patience=5"",""probe.optuna.enabled=false"",""probe.output_dir=artifacts/probes/mvp"",""probe.output_subdir=seed_runs_layerwise_backbone_sweep_v1/mvp__backbone_sweep__jepa_v2_1__vitg_384__temporal_attn__layer_40/seed_102"",""probe.eval_output_dir=artifacts/results/mvp"",""probe.eval_output_subdir=seed_runs_layerwise_backbone_sweep_v1/mvp__backbone_sweep__jepa_v2_1__vitg_384__temporal_attn__layer_40/seed_102"",""probe.wandb.group=seed_runs_layerwise_backbone_sweep_v1_mvp__backbone_sweep__jepa_v2_1__vitg_384__temporal_attn__layer_40"",""probe.wandb.name=mvp__backbone_sweep__jepa_v2_1__vitg_384__temporal_attn__layer_40__seed_102"",""feature_cache.layer_ids=[10,20,30,40]"",""probe.temporal_attn.num_heads=16"",""probe.temporal_attn.num_self_attn_blocks=1"",""probe.temporal_attn.mlp_ratio=2"",""probe.temporal_attn.dropout=0.20000000000000001"",""feature_cache.include_tokens=true""]",results/verified_layerwise_probe_configs.csv,407,409,f0214ef37b4d57a8,VERIFIED_FULL,"{""batch_size"":2,""dropout"":0.2,""early_stopping"":{""enabled"":true,""patience"":5},""epochs"":30,""eval_batch_size"":2,""feature_view"":""tokens"",""layer"":40,""lr"":0.0001,""mlp_ratio"":2.0,""num_heads"":16,""num_self_attn_blocks"":1,""slot"":null,""weight_decay"":0.01}",different_backbone_ablation/other models/mvp/attn/mvp_probe_temporal_attn_jepa_v2_1_vitg_384_lr_matrix/train_eval_summary.json,results/seed_runs/seed_manifest_layerwise_backbone_sweep_attentive_v1.csv,39,41,88e3c7f8adf862a8,,,,,,,,,,,,,,already reached target: 30/30
mvp__backbone_sweep__videomae_v2__vit_base_16_224__temporal_attn__layer_3__seed_101,mvp__backbone_sweep__videomae_v2__vit_base_16_224__temporal_attn__layer_3,train_eval.probe.mvp,MVP,mvp,backbone_sweep,VideoMAE-v2,ViT-B/16,Attentive,temporal_attn,101,42,videomae_v2,vit_base_16_224,3,,3,tokens,1.0000000000000001e-05,0.01,1,1,30,true,5,,,16,1,2,0.20000000000000001,cuda,artifacts/probes/mvp,seed_runs_layerwise_backbone_sweep_v1/mvp__backbone_sweep__videomae_v2__vit_base_16_224__temporal_attn__layer_3/seed_101,artifacts/results/mvp,seed_runs_layerwise_backbone_sweep_v1/mvp__backbone_sweep__videomae_v2__vit_base_16_224__temporal_attn__layer_3/seed_101,seed_runs_layerwise_backbone_sweep_v1_mvp__backbone_sweep__videomae_v2__vit_base_16_224__temporal_attn__layer_3,mvp__backbone_sweep__videomae_v2__vit_base_16_224__temporal_attn__layer_3__seed_101,pending,,"[""seed=101"",""split.seed=42"",""backbone.name=videomae_v2"",""+backbone.kwargs.variant=vit_base_16_224"",""probe.name=temporal_attn"",""probe.layer=3"",""probe.layers=[]"",""probe.feature_view=tokens"",""probe.device=cuda"",""probe.lr=1.0000000000000001e-05"",""probe.weight_decay=0.01"",""probe.batch_size=1"",""probe.eval_batch_size=1"",""probe.epochs=30"",""probe.early_stopping.enabled=true"",""probe.early_stopping.patience=5"",""probe.optuna.enabled=false"",""probe.output_dir=artifacts/probes/mvp"",""probe.output_subdir=seed_runs_layerwise_backbone_sweep_v1/mvp__backbone_sweep__videomae_v2__vit_base_16_224__temporal_attn__layer_3/seed_101"",""probe.eval_output_dir=artifacts/results/mvp"",""probe.eval_output_subdir=seed_runs_layerwise_backbone_sweep_v1/mvp__backbone_sweep__videomae_v2__vit_base_16_224__temporal_attn__layer_3/seed_101"",""probe.wandb.group=seed_runs_layerwise_backbone_sweep_v1_mvp__backbone_sweep__videomae_v2__vit_base_16_224__temporal_attn__layer_3"",""probe.wandb.name=mvp__backbone_sweep__videomae_v2__vit_base_16_224__temporal_attn__layer_3__seed_101"",""feature_cache.layer_ids=[3,6,9,12]"",""probe.temporal_attn.num_heads=16"",""probe.temporal_attn.num_self_attn_blocks=1"",""probe.temporal_attn.mlp_ratio=2"",""probe.temporal_attn.dropout=0.20000000000000001"",""feature_cache.include_tokens=true""]",results/verified_layerwise_probe_configs.csv,452,454,cf902c5afa39f132,VERIFIED_FULL,"{""batch_size"":1,""dropout"":0.2,""early_stopping"":{""enabled"":true,""patience"":5},""epochs"":30,""eval_batch_size"":1,""feature_view"":""tokens"",""layer"":3,""lr"":1e-05,""mlp_ratio"":2.0,""num_heads"":16,""num_self_attn_blocks"":1,""slot"":null,""weight_decay"":0.01}",different_backbone_ablation/other models/mvp/attn/mvp_probe_temporal_attn_videomae_v2_vit_base_16_224_lr_matrix/train_eval_summary.json,results/seed_runs/seed_manifest_layerwise_backbone_sweep_attentive_v1.csv,40,42,289a747cf4b9eb87,,,,,,,,,,,,,,already reached target: 30/30
mvp__backbone_sweep__videomae_v2__vit_base_16_224__temporal_attn__layer_3__seed_102,mvp__backbone_sweep__videomae_v2__vit_base_16_224__temporal_attn__layer_3,train_eval.probe.mvp,MVP,mvp,backbone_sweep,VideoMAE-v2,ViT-B/16,Attentive,temporal_attn,102,42,videomae_v2,vit_base_16_224,3,,3,tokens,1.0000000000000001e-05,0.01,1,1,30,true,5,,,16,1,2,0.20000000000000001,cuda,artifacts/probes/mvp,seed_runs_layerwise_backbone_sweep_v1/mvp__backbone_sweep__videomae_v2__vit_base_16_224__temporal_attn__layer_3/seed_102,artifacts/results/mvp,seed_runs_layerwise_backbone_sweep_v1/mvp__backbone_sweep__videomae_v2__vit_base_16_224__temporal_attn__layer_3/seed_102,seed_runs_layerwise_backbone_sweep_v1_mvp__backbone_sweep__videomae_v2__vit_base_16_224__temporal_attn__layer_3,mvp__backbone_sweep__videomae_v2__vit_base_16_224__temporal_attn__layer_3__seed_102,pending,,"[""seed=102"",""split.seed=42"",""backbone.name=videomae_v2"",""+backbone.kwargs.variant=vit_base_16_224"",""probe.name=temporal_attn"",""probe.layer=3"",""probe.layers=[]"",""probe.feature_view=tokens"",""probe.device=cuda"",""probe.lr=1.0000000000000001e-05"",""probe.weight_decay=0.01"",""probe.batch_size=1"",""probe.eval_batch_size=1"",""probe.epochs=30"",""probe.early_stopping.enabled=true"",""probe.early_stopping.patience=5"",""probe.optuna.enabled=false"",""probe.output_dir=artifacts/probes/mvp"",""probe.output_subdir=seed_runs_layerwise_backbone_sweep_v1/mvp__backbone_sweep__videomae_v2__vit_base_16_224__temporal_attn__layer_3/seed_102"",""probe.eval_output_dir=artifacts/results/mvp"",""probe.eval_output_subdir=seed_runs_layerwise_backbone_sweep_v1/mvp__backbone_sweep__videomae_v2__vit_base_16_224__temporal_attn__layer_3/seed_102"",""probe.wandb.group=seed_runs_layerwise_backbone_sweep_v1_mvp__backbone_sweep__videomae_v2__vit_base_16_224__temporal_attn__layer_3"",""probe.wandb.name=mvp__backbone_sweep__videomae_v2__vit_base_16_224__temporal_attn__layer_3__seed_102"",""feature_cache.layer_ids=[3,6,9,12]"",""probe.temporal_attn.num_heads=16"",""probe.temporal_attn.num_self_attn_blocks=1"",""probe.temporal_attn.mlp_ratio=2"",""probe.temporal_attn.dropout=0.20000000000000001"",""feature_cache.include_tokens=true""]",results/verified_layerwise_probe_configs.csv,452,454,cf902c5afa39f132,VERIFIED_FULL,"{""batch_size"":1,""dropout"":0.2,""early_stopping"":{""enabled"":true,""patience"":5},""epochs"":30,""eval_batch_size"":1,""feature_view"":""tokens"",""layer"":3,""lr"":1e-05,""mlp_ratio"":2.0,""num_heads"":16,""num_self_attn_blocks"":1,""slot"":null,""weight_decay"":0.01}",different_backbone_ablation/other models/mvp/attn/mvp_probe_temporal_attn_videomae_v2_vit_base_16_224_lr_matrix/train_eval_summary.json,results/seed_runs/seed_manifest_layerwise_backbone_sweep_attentive_v1.csv,41,43,854f6fbe5e4145f3,,,,,,,,,,,,,,already reached target: 30/30
mvp__backbone_sweep__videomae_v2__vit_base_16_224__temporal_attn__layer_6__seed_101,mvp__backbone_sweep__videomae_v2__vit_base_16_224__temporal_attn__layer_6,train_eval.probe.mvp,MVP,mvp,backbone_sweep,VideoMAE-v2,ViT-B/16,Attentive,temporal_attn,101,42,videomae_v2,vit_base_16_224,6,,6,tokens,1.0000000000000001e-05,0.01,1,1,30,true,5,,,16,1,2,0.20000000000000001,cuda,artifacts/probes/mvp,seed_runs_layerwise_backbone_sweep_v1/mvp__backbone_sweep__videomae_v2__vit_base_16_224__temporal_attn__layer_6/seed_101,artifacts/results/mvp,seed_runs_layerwise_backbone_sweep_v1/mvp__backbone_sweep__videomae_v2__vit_base_16_224__temporal_attn__layer_6/seed_101,seed_runs_layerwise_backbone_sweep_v1_mvp__backbone_sweep__videomae_v2__vit_base_16_224__temporal_attn__layer_6,mvp__backbone_sweep__videomae_v2__vit_base_16_224__temporal_attn__layer_6__seed_101,pending,,"[""seed=101"",""split.seed=42"",""backbone.name=videomae_v2"",""+backbone.kwargs.variant=vit_base_16_224"",""probe.name=temporal_attn"",""probe.layer=6"",""probe.layers=[]"",""probe.feature_view=tokens"",""probe.device=cuda"",""probe.lr=1.0000000000000001e-05"",""probe.weight_decay=0.01"",""probe.batch_size=1"",""probe.eval_batch_size=1"",""probe.epochs=30"",""probe.early_stopping.enabled=true"",""probe.early_stopping.patience=5"",""probe.optuna.enabled=false"",""probe.output_dir=artifacts/probes/mvp"",""probe.output_subdir=seed_runs_layerwise_backbone_sweep_v1/mvp__backbone_sweep__videomae_v2__vit_base_16_224__temporal_attn__layer_6/seed_101"",""probe.eval_output_dir=artifacts/results/mvp"",""probe.eval_output_subdir=seed_runs_layerwise_backbone_sweep_v1/mvp__backbone_sweep__videomae_v2__vit_base_16_224__temporal_attn__layer_6/seed_101"",""probe.wandb.group=seed_runs_layerwise_backbone_sweep_v1_mvp__backbone_sweep__videomae_v2__vit_base_16_224__temporal_attn__layer_6"",""probe.wandb.name=mvp__backbone_sweep__videomae_v2__vit_base_16_224__temporal_attn__layer_6__seed_101"",""feature_cache.layer_ids=[3,6,9,12]"",""probe.temporal_attn.num_heads=16"",""probe.temporal_attn.num_self_attn_blocks=1"",""probe.temporal_attn.mlp_ratio=2"",""probe.temporal_attn.dropout=0.20000000000000001"",""feature_cache.include_tokens=true""]",results/verified_layerwise_probe_configs.csv,453,455,bd93bc97463998d3,VERIFIED_FULL,"{""batch_size"":1,""dropout"":0.2,""early_stopping"":{""enabled"":true,""patience"":5},""epochs"":30,""eval_batch_size"":1,""feature_view"":""tokens"",""layer"":6,""lr"":1e-05,""mlp_ratio"":2.0,""num_heads"":16,""num_self_attn_blocks"":1,""slot"":null,""weight_decay"":0.01}",different_backbone_ablation/other models/mvp/attn/mvp_probe_temporal_attn_videomae_v2_vit_base_16_224_lr_matrix/train_eval_summary.json,results/seed_runs/seed_manifest_layerwise_backbone_sweep_attentive_v1.csv,42,44,bfb8dfd071ae453c,,,,,,,,,,,,,,already reached target: 30/30
mvp__backbone_sweep__videomae_v2__vit_base_16_224__temporal_attn__layer_6__seed_102,mvp__backbone_sweep__videomae_v2__vit_base_16_224__temporal_attn__layer_6,train_eval.probe.mvp,MVP,mvp,backbone_sweep,VideoMAE-v2,ViT-B/16,Attentive,temporal_attn,102,42,videomae_v2,vit_base_16_224,6,,6,tokens,1.0000000000000001e-05,0.01,1,1,30,true,5,,,16,1,2,0.20000000000000001,cuda,artifacts/probes/mvp,seed_runs_layerwise_backbone_sweep_v1/mvp__backbone_sweep__videomae_v2__vit_base_16_224__temporal_attn__layer_6/seed_102,artifacts/results/mvp,seed_runs_layerwise_backbone_sweep_v1/mvp__backbone_sweep__videomae_v2__vit_base_16_224__temporal_attn__layer_6/seed_102,seed_runs_layerwise_backbone_sweep_v1_mvp__backbone_sweep__videomae_v2__vit_base_16_224__temporal_attn__layer_6,mvp__backbone_sweep__videomae_v2__vit_base_16_224__temporal_attn__layer_6__seed_102,pending,,"[""seed=102"",""split.seed=42"",""backbone.name=videomae_v2"",""+backbone.kwargs.variant=vit_base_16_224"",""probe.name=temporal_attn"",""probe.layer=6"",""probe.layers=[]"",""probe.feature_view=tokens"",""probe.device=cuda"",""probe.lr=1.0000000000000001e-05"",""probe.weight_decay=0.01"",""probe.batch_size=1"",""probe.eval_batch_size=1"",""probe.epochs=30"",""probe.early_stopping.enabled=true"",""probe.early_stopping.patience=5"",""probe.optuna.enabled=false"",""probe.output_dir=artifacts/probes/mvp"",""probe.output_subdir=seed_runs_layerwise_backbone_sweep_v1/mvp__backbone_sweep__videomae_v2__vit_base_16_224__temporal_attn__layer_6/seed_102"",""probe.eval_output_dir=artifacts/results/mvp"",""probe.eval_output_subdir=seed_runs_layerwise_backbone_sweep_v1/mvp__backbone_sweep__videomae_v2__vit_base_16_224__temporal_attn__layer_6/seed_102"",""probe.wandb.group=seed_runs_layerwise_backbone_sweep_v1_mvp__backbone_sweep__videomae_v2__vit_base_16_224__temporal_attn__layer_6"",""probe.wandb.name=mvp__backbone_sweep__videomae_v2__vit_base_16_224__temporal_attn__layer_6__seed_102"",""feature_cache.layer_ids=[3,6,9,12]"",""probe.temporal_attn.num_heads=16"",""probe.temporal_attn.num_self_attn_blocks=1"",""probe.temporal_attn.mlp_ratio=2"",""probe.temporal_attn.dropout=0.20000000000000001"",""feature_cache.include_tokens=true""]",results/verified_layerwise_probe_configs.csv,453,455,bd93bc97463998d3,VERIFIED_FULL,"{""batch_size"":1,""dropout"":0.2,""early_stopping"":{""enabled"":true,""patience"":5},""epochs"":30,""eval_batch_size"":1,""feature_view"":""tokens"",""layer"":6,""lr"":1e-05,""mlp_ratio"":2.0,""num_heads"":16,""num_self_attn_blocks"":1,""slot"":null,""weight_decay"":0.01}",different_backbone_ablation/other models/mvp/attn/mvp_probe_temporal_attn_videomae_v2_vit_base_16_224_lr_matrix/train_eval_summary.json,results/seed_runs/seed_manifest_layerwise_backbone_sweep_attentive_v1.csv,43,45,ed07d987b7893772,,,,,,,,,,,,,,already reached target: 30/30
mvp__backbone_sweep__videomae_v2__vit_base_16_224__temporal_attn__layer_9__seed_101,mvp__backbone_sweep__videomae_v2__vit_base_16_224__temporal_attn__layer_9,train_eval.probe.mvp,MVP,mvp,backbone_sweep,VideoMAE-v2,ViT-B/16,Attentive,temporal_attn,101,42,videomae_v2,vit_base_16_224,9,,9,tokens,1.0000000000000001e-05,0.01,1,1,30,true,5,,,16,1,2,0.20000000000000001,cuda,artifacts/probes/mvp,seed_runs_layerwise_backbone_sweep_v1/mvp__backbone_sweep__videomae_v2__vit_base_16_224__temporal_attn__layer_9/seed_101,artifacts/results/mvp,seed_runs_layerwise_backbone_sweep_v1/mvp__backbone_sweep__videomae_v2__vit_base_16_224__temporal_attn__layer_9/seed_101,seed_runs_layerwise_backbone_sweep_v1_mvp__backbone_sweep__videomae_v2__vit_base_16_224__temporal_attn__layer_9,mvp__backbone_sweep__videomae_v2__vit_base_16_224__temporal_attn__layer_9__seed_101,pending,,"[""seed=101"",""split.seed=42"",""backbone.name=videomae_v2"",""+backbone.kwargs.variant=vit_base_16_224"",""probe.name=temporal_attn"",""probe.layer=9"",""probe.layers=[]"",""probe.feature_view=tokens"",""probe.device=cuda"",""probe.lr=1.0000000000000001e-05"",""probe.weight_decay=0.01"",""probe.batch_size=1"",""probe.eval_batch_size=1"",""probe.epochs=30"",""probe.early_stopping.enabled=true"",""probe.early_stopping.patience=5"",""probe.optuna.enabled=false"",""probe.output_dir=artifacts/probes/mvp"",""probe.output_subdir=seed_runs_layerwise_backbone_sweep_v1/mvp__backbone_sweep__videomae_v2__vit_base_16_224__temporal_attn__layer_9/seed_101"",""probe.eval_output_dir=artifacts/results/mvp"",""probe.eval_output_subdir=seed_runs_layerwise_backbone_sweep_v1/mvp__backbone_sweep__videomae_v2__vit_base_16_224__temporal_attn__layer_9/seed_101"",""probe.wandb.group=seed_runs_layerwise_backbone_sweep_v1_mvp__backbone_sweep__videomae_v2__vit_base_16_224__temporal_attn__layer_9"",""probe.wandb.name=mvp__backbone_sweep__videomae_v2__vit_base_16_224__temporal_attn__layer_9__seed_101"",""feature_cache.layer_ids=[3,6,9,12]"",""probe.temporal_attn.num_heads=16"",""probe.temporal_attn.num_self_attn_blocks=1"",""probe.temporal_attn.mlp_ratio=2"",""probe.temporal_attn.dropout=0.20000000000000001"",""feature_cache.include_tokens=true""]",results/verified_layerwise_probe_configs.csv,454,456,1f9bbd33066f67f8,VERIFIED_FULL,"{""batch_size"":1,""dropout"":0.2,""early_stopping"":{""enabled"":true,""patience"":5},""epochs"":30,""eval_batch_size"":1,""feature_view"":""tokens"",""layer"":9,""lr"":1e-05,""mlp_ratio"":2.0,""num_heads"":16,""num_self_attn_blocks"":1,""slot"":null,""weight_decay"":0.01}",different_backbone_ablation/other models/mvp/attn/mvp_probe_temporal_attn_videomae_v2_vit_base_16_224_lr_matrix/train_eval_summary.json,results/seed_runs/seed_manifest_layerwise_backbone_sweep_attentive_v1.csv,44,46,7a2239bece41cf2c,,,,,,,,,,,,,,already reached target: 30/30
mvp__backbone_sweep__videomae_v2__vit_base_16_224__temporal_attn__layer_9__seed_102,mvp__backbone_sweep__videomae_v2__vit_base_16_224__temporal_attn__layer_9,train_eval.probe.mvp,MVP,mvp,backbone_sweep,VideoMAE-v2,ViT-B/16,Attentive,temporal_attn,102,42,videomae_v2,vit_base_16_224,9,,9,tokens,1.0000000000000001e-05,0.01,1,1,30,true,5,,,16,1,2,0.20000000000000001,cuda,artifacts/probes/mvp,seed_runs_layerwise_backbone_sweep_v1/mvp__backbone_sweep__videomae_v2__vit_base_16_224__temporal_attn__layer_9/seed_102,artifacts/results/mvp,seed_runs_layerwise_backbone_sweep_v1/mvp__backbone_sweep__videomae_v2__vit_base_16_224__temporal_attn__layer_9/seed_102,seed_runs_layerwise_backbone_sweep_v1_mvp__backbone_sweep__videomae_v2__vit_base_16_224__temporal_attn__layer_9,mvp__backbone_sweep__videomae_v2__vit_base_16_224__temporal_attn__layer_9__seed_102,pending,,"[""seed=102"",""split.seed=42"",""backbone.name=videomae_v2"",""+backbone.kwargs.variant=vit_base_16_224"",""probe.name=temporal_attn"",""probe.layer=9"",""probe.layers=[]"",""probe.feature_view=tokens"",""probe.device=cuda"",""probe.lr=1.0000000000000001e-05"",""probe.weight_decay=0.01"",""probe.batch_size=1"",""probe.eval_batch_size=1"",""probe.epochs=30"",""probe.early_stopping.enabled=true"",""probe.early_stopping.patience=5"",""probe.optuna.enabled=false"",""probe.output_dir=artifacts/probes/mvp"",""probe.output_subdir=seed_runs_layerwise_backbone_sweep_v1/mvp__backbone_sweep__videomae_v2__vit_base_16_224__temporal_attn__layer_9/seed_102"",""probe.eval_output_dir=artifacts/results/mvp"",""probe.eval_output_subdir=seed_runs_layerwise_backbone_sweep_v1/mvp__backbone_sweep__videomae_v2__vit_base_16_224__temporal_attn__layer_9/seed_102"",""probe.wandb.group=seed_runs_layerwise_backbone_sweep_v1_mvp__backbone_sweep__videomae_v2__vit_base_16_224__temporal_attn__layer_9"",""probe.wandb.name=mvp__backbone_sweep__videomae_v2__vit_base_16_224__temporal_attn__layer_9__seed_102"",""feature_cache.layer_ids=[3,6,9,12]"",""probe.temporal_attn.num_heads=16"",""probe.temporal_attn.num_self_attn_blocks=1"",""probe.temporal_attn.mlp_ratio=2"",""probe.temporal_attn.dropout=0.20000000000000001"",""feature_cache.include_tokens=true""]",results/verified_layerwise_probe_configs.csv,454,456,1f9bbd33066f67f8,VERIFIED_FULL,"{""batch_size"":1,""dropout"":0.2,""early_stopping"":{""enabled"":true,""patience"":5},""epochs"":30,""eval_batch_size"":1,""feature_view"":""tokens"",""layer"":9,""lr"":1e-05,""mlp_ratio"":2.0,""num_heads"":16,""num_self_attn_blocks"":1,""slot"":null,""weight_decay"":0.01}",different_backbone_ablation/other models/mvp/attn/mvp_probe_temporal_attn_videomae_v2_vit_base_16_224_lr_matrix/train_eval_summary.json,results/seed_runs/seed_manifest_layerwise_backbone_sweep_attentive_v1.csv,45,47,14baa18a447ea8b3,,,,,,,,,,,,,,already reached target: 30/30
mvp__backbone_sweep__videomae_v2__vit_base_16_224__temporal_attn__layer_12__seed_101,mvp__backbone_sweep__videomae_v2__vit_base_16_224__temporal_attn__layer_12,train_eval.probe.mvp,MVP,mvp,backbone_sweep,VideoMAE-v2,ViT-B/16,Attentive,temporal_attn,101,42,videomae_v2,vit_base_16_224,12,,12,tokens,0.0001,0.01,1,1,30,true,5,,,16,1,2,0.20000000000000001,cuda,artifacts/probes/mvp,seed_runs_layerwise_backbone_sweep_v1/mvp__backbone_sweep__videomae_v2__vit_base_16_224__temporal_attn__layer_12/seed_101,artifacts/results/mvp,seed_runs_layerwise_backbone_sweep_v1/mvp__backbone_sweep__videomae_v2__vit_base_16_224__temporal_attn__layer_12/seed_101,seed_runs_layerwise_backbone_sweep_v1_mvp__backbone_sweep__videomae_v2__vit_base_16_224__temporal_attn__layer_12,mvp__backbone_sweep__videomae_v2__vit_base_16_224__temporal_attn__layer_12__seed_101,pending,,"[""seed=101"",""split.seed=42"",""backbone.name=videomae_v2"",""+backbone.kwargs.variant=vit_base_16_224"",""probe.name=temporal_attn"",""probe.layer=12"",""probe.layers=[]"",""probe.feature_view=tokens"",""probe.device=cuda"",""probe.lr=0.0001"",""probe.weight_decay=0.01"",""probe.batch_size=1"",""probe.eval_batch_size=1"",""probe.epochs=30"",""probe.early_stopping.enabled=true"",""probe.early_stopping.patience=5"",""probe.optuna.enabled=false"",""probe.output_dir=artifacts/probes/mvp"",""probe.output_subdir=seed_runs_layerwise_backbone_sweep_v1/mvp__backbone_sweep__videomae_v2__vit_base_16_224__temporal_attn__layer_12/seed_101"",""probe.eval_output_dir=artifacts/results/mvp"",""probe.eval_output_subdir=seed_runs_layerwise_backbone_sweep_v1/mvp__backbone_sweep__videomae_v2__vit_base_16_224__temporal_attn__layer_12/seed_101"",""probe.wandb.group=seed_runs_layerwise_backbone_sweep_v1_mvp__backbone_sweep__videomae_v2__vit_base_16_224__temporal_attn__layer_12"",""probe.wandb.name=mvp__backbone_sweep__videomae_v2__vit_base_16_224__temporal_attn__layer_12__seed_101"",""feature_cache.layer_ids=[3,6,9,12]"",""probe.temporal_attn.num_heads=16"",""probe.temporal_attn.num_self_attn_blocks=1"",""probe.temporal_attn.mlp_ratio=2"",""probe.temporal_attn.dropout=0.20000000000000001"",""feature_cache.include_tokens=true""]",results/verified_layerwise_probe_configs.csv,455,457,94206533f6b809e0,VERIFIED_FULL,"{""batch_size"":1,""dropout"":0.2,""early_stopping"":{""enabled"":true,""patience"":5},""epochs"":30,""eval_batch_size"":1,""feature_view"":""tokens"",""layer"":12,""lr"":0.0001,""mlp_ratio"":2.0,""num_heads"":16,""num_self_attn_blocks"":1,""slot"":null,""weight_decay"":0.01}",different_backbone_ablation/other models/mvp/attn/mvp_probe_temporal_attn_videomae_v2_vit_base_16_224_lr_matrix/train_eval_summary.json,results/seed_runs/seed_manifest_layerwise_backbone_sweep_attentive_v1.csv,46,48,925dc492f7b09c7a,,,,,,,,,,,,,,already reached target: 30/30
mvp__backbone_sweep__videomae_v2__vit_base_16_224__temporal_attn__layer_12__seed_102,mvp__backbone_sweep__videomae_v2__vit_base_16_224__temporal_attn__layer_12,train_eval.probe.mvp,MVP,mvp,backbone_sweep,VideoMAE-v2,ViT-B/16,Attentive,temporal_attn,102,42,videomae_v2,vit_base_16_224,12,,12,tokens,0.0001,0.01,1,1,30,true,5,,,16,1,2,0.20000000000000001,cuda,artifacts/probes/mvp,seed_runs_layerwise_backbone_sweep_v1/mvp__backbone_sweep__videomae_v2__vit_base_16_224__temporal_attn__layer_12/seed_102,artifacts/results/mvp,seed_runs_layerwise_backbone_sweep_v1/mvp__backbone_sweep__videomae_v2__vit_base_16_224__temporal_attn__layer_12/seed_102,seed_runs_layerwise_backbone_sweep_v1_mvp__backbone_sweep__videomae_v2__vit_base_16_224__temporal_attn__layer_12,mvp__backbone_sweep__videomae_v2__vit_base_16_224__temporal_attn__layer_12__seed_102,pending,,"[""seed=102"",""split.seed=42"",""backbone.name=videomae_v2"",""+backbone.kwargs.variant=vit_base_16_224"",""probe.name=temporal_attn"",""probe.layer=12"",""probe.layers=[]"",""probe.feature_view=tokens"",""probe.device=cuda"",""probe.lr=0.0001"",""probe.weight_decay=0.01"",""probe.batch_size=1"",""probe.eval_batch_size=1"",""probe.epochs=30"",""probe.early_stopping.enabled=true"",""probe.early_stopping.patience=5"",""probe.optuna.enabled=false"",""probe.output_dir=artifacts/probes/mvp"",""probe.output_subdir=seed_runs_layerwise_backbone_sweep_v1/mvp__backbone_sweep__videomae_v2__vit_base_16_224__temporal_attn__layer_12/seed_102"",""probe.eval_output_dir=artifacts/results/mvp"",""probe.eval_output_subdir=seed_runs_layerwise_backbone_sweep_v1/mvp__backbone_sweep__videomae_v2__vit_base_16_224__temporal_attn__layer_12/seed_102"",""probe.wandb.group=seed_runs_layerwise_backbone_sweep_v1_mvp__backbone_sweep__videomae_v2__vit_base_16_224__temporal_attn__layer_12"",""probe.wandb.name=mvp__backbone_sweep__videomae_v2__vit_base_16_224__temporal_attn__layer_12__seed_102"",""feature_cache.layer_ids=[3,6,9,12]"",""probe.temporal_attn.num_heads=16"",""probe.temporal_attn.num_self_attn_blocks=1"",""probe.temporal_attn.mlp_ratio=2"",""probe.temporal_attn.dropout=0.20000000000000001"",""feature_cache.include_tokens=true""]",results/verified_layerwise_probe_configs.csv,455,457,94206533f6b809e0,VERIFIED_FULL,"{""batch_size"":1,""dropout"":0.2,""early_stopping"":{""enabled"":true,""patience"":5},""epochs"":30,""eval_batch_size"":1,""feature_view"":""tokens"",""layer"":12,""lr"":0.0001,""mlp_ratio"":2.0,""num_heads"":16,""num_self_attn_blocks"":1,""slot"":null,""weight_decay"":0.01}",different_backbone_ablation/other models/mvp/attn/mvp_probe_temporal_attn_videomae_v2_vit_base_16_224_lr_matrix/train_eval_summary.json,results/seed_runs/seed_manifest_layerwise_backbone_sweep_attentive_v1.csv,47,49,f050a22c89d55fdc,,,,,,,,,,,,,,already reached target: 30/30
