run_set,source_summary_csv,config_id,run_id,dataset,dataset_hydra,experiment,model,backbone,probe,probe_hydra,layer,layer_label,seed,source,status,objective_metric_name,primary_metric_name,train_primary,train_accuracy,val_primary,val_accuracy,test_primary,test_accuracy,n_epochs,expected_epochs,early_stopped,expected_early_stopping,artifact_train_eval_summary,artifact_probe_eval_dir,source_csv_path,source_csv_line_number,source_excel_workbook,source_excel_sheet,source_excel_range,notes
main_linear_mlp,results/seed_runs/layerwise_seed_results_long.csv,intphys2__jepa_v1__linear__layer_32,intphys2__jepa_v1__linear__layer_32__seed_42,IntPhys2,intphys2,main,V-JEPA,ViT-H/16,Linear,linear,32,Final layer,42,source_csv,complete,voe_accuracy,voe_accuracy,64.238411,77.81457,47.058824,63.72549,47.058824,62.254902,,2000,,true,,,results/verified_layerwise_probe_configs.csv,14,intphys_primary_db.xlsx,V-JEPA,N3:X3,seed 42 read from source CSV metrics
main_linear_mlp,results/seed_runs/layerwise_seed_results_long.csv,intphys2__jepa_v1__linear__layer_8,intphys2__jepa_v1__linear__layer_8__seed_42,IntPhys2,intphys2,main,V-JEPA,ViT-H/16,Linear,linear,8,Layer 0.25,42,source_csv,complete,voe_accuracy,voe_accuracy,19.86755,52.152318,25.490196,54.411765,13.72549,50.980392,,100,,true,,,results/verified_layerwise_probe_configs.csv,15,intphys_primary_db.xlsx,V-JEPA,N4:X4,seed 42 read from source CSV metrics
main_linear_mlp,results/seed_runs/layerwise_seed_results_long.csv,intphys2__jepa_v1__linear__layer_16,intphys2__jepa_v1__linear__layer_16__seed_42,IntPhys2,intphys2,main,V-JEPA,ViT-H/16,Linear,linear,16,Layer 0.5,42,source_csv,complete,voe_accuracy,voe_accuracy,57.615894,75.165563,47.058824,60.294118,37.254902,59.313725,,2000,,true,,,results/verified_layerwise_probe_configs.csv,16,intphys_primary_db.xlsx,V-JEPA,N5:X5,seed 42 read from source CSV metrics
main_linear_mlp,results/seed_runs/layerwise_seed_results_long.csv,intphys2__jepa_v1__linear__layer_24,intphys2__jepa_v1__linear__layer_24__seed_42,IntPhys2,intphys2,main,V-JEPA,ViT-H/16,Linear,linear,24,Layer 0.75,42,source_csv,complete,voe_accuracy,voe_accuracy,61.589404,67.218543,49.019608,63.235294,50.980392,59.313725,,100,,true,,,results/verified_layerwise_probe_configs.csv,17,intphys_primary_db.xlsx,V-JEPA,N6:X6,seed 42 read from source CSV metrics
main_linear_mlp,results/seed_runs/layerwise_seed_results_long.csv,intphys2__jepa_v1__mlp__layer_32,intphys2__jepa_v1__mlp__layer_32__seed_42,IntPhys2,intphys2,main,V-JEPA,ViT-H/16,MLP,mlp,32,Final layer,42,source_csv,complete,voe_accuracy,voe_accuracy,100,99.503311,54.901961,71.078431,45.098039,66.176471,,2000,,true,,,results/verified_layerwise_probe_configs.csv,18,intphys_primary_db.xlsx,V-JEPA,N7:X7,seed 42 read from source CSV metrics
main_linear_mlp,results/seed_runs/layerwise_seed_results_long.csv,intphys2__jepa_v1__mlp__layer_8,intphys2__jepa_v1__mlp__layer_8__seed_42,IntPhys2,intphys2,main,V-JEPA,ViT-H/16,MLP,mlp,8,Layer 0.25,42,source_csv,complete,voe_accuracy,voe_accuracy,33.112583,50.827815,21.568627,51.960784,15.686275,52.45098,,50,,true,,,results/verified_layerwise_probe_configs.csv,19,intphys_primary_db.xlsx,V-JEPA,N8:X8,seed 42 read from source CSV metrics
main_linear_mlp,results/seed_runs/layerwise_seed_results_long.csv,intphys2__jepa_v1__mlp__layer_16,intphys2__jepa_v1__mlp__layer_16__seed_42,IntPhys2,intphys2,main,V-JEPA,ViT-H/16,MLP,mlp,16,Layer 0.5,42,source_csv,complete,voe_accuracy,voe_accuracy,94.701987,94.205298,45.098039,63.235294,45.098039,65.196078,,2000,,true,,,results/verified_layerwise_probe_configs.csv,20,intphys_primary_db.xlsx,V-JEPA,N9:X9,seed 42 read from source CSV metrics
main_linear_mlp,results/seed_runs/layerwise_seed_results_long.csv,intphys2__jepa_v1__mlp__layer_24,intphys2__jepa_v1__mlp__layer_24__seed_42,IntPhys2,intphys2,main,V-JEPA,ViT-H/16,MLP,mlp,24,Layer 0.75,42,source_csv,complete,voe_accuracy,voe_accuracy,63.576159,67.880795,56.862745,63.72549,45.098039,63.72549,,100,,true,,,results/verified_layerwise_probe_configs.csv,21,intphys_primary_db.xlsx,V-JEPA,N10:X10,seed 42 read from source CSV metrics
main_linear_mlp,results/seed_runs/layerwise_seed_results_long.csv,intphys2__jepa_v2__linear__layer_40,intphys2__jepa_v2__linear__layer_40__seed_42,IntPhys2,intphys2,main,V-JEPA 2,ViT-G/16,Linear,linear,40,Final layer,42,source_csv,complete,voe_accuracy,voe_accuracy,60.927152,60.099338,39.215686,57.843137,41.176471,58.823529,,100,,true,,,results/verified_layerwise_probe_configs.csv,38,intphys_primary_db.xlsx,V-JEPA 2,N3:X3,seed 42 read from source CSV metrics
main_linear_mlp,results/seed_runs/layerwise_seed_results_long.csv,intphys2__jepa_v2__linear__layer_10,intphys2__jepa_v2__linear__layer_10__seed_42,IntPhys2,intphys2,main,V-JEPA 2,ViT-G/16,Linear,linear,10,Layer 0.25,42,source_csv,complete,voe_accuracy,voe_accuracy,21.192053,50.496689,23.529412,53.431373,13.72549,49.019608,,100,,true,,,results/verified_layerwise_probe_configs.csv,39,intphys_primary_db.xlsx,V-JEPA 2,N4:X4,seed 42 read from source CSV metrics
main_linear_mlp,results/seed_runs/layerwise_seed_results_long.csv,intphys2__jepa_v2__linear__layer_20,intphys2__jepa_v2__linear__layer_20__seed_42,IntPhys2,intphys2,main,V-JEPA 2,ViT-G/16,Linear,linear,20,Layer 0.5,42,source_csv,complete,voe_accuracy,voe_accuracy,42.384106,56.788079,23.529412,53.431373,25.490196,50.980392,,100,,true,,,results/verified_layerwise_probe_configs.csv,40,intphys_primary_db.xlsx,V-JEPA 2,N5:X5,seed 42 read from source CSV metrics
main_linear_mlp,results/seed_runs/layerwise_seed_results_long.csv,intphys2__jepa_v2__linear__layer_30,intphys2__jepa_v2__linear__layer_30__seed_42,IntPhys2,intphys2,main,V-JEPA 2,ViT-G/16,Linear,linear,30,Layer 0.75,42,source_csv,complete,voe_accuracy,voe_accuracy,46.357616,57.450331,33.333333,55.882353,37.254902,52.941176,,100,,true,,,results/verified_layerwise_probe_configs.csv,41,intphys_primary_db.xlsx,V-JEPA 2,N6:X6,seed 42 read from source CSV metrics
main_linear_mlp,results/seed_runs/layerwise_seed_results_long.csv,intphys2__jepa_v2__mlp__layer_40,intphys2__jepa_v2__mlp__layer_40__seed_42,IntPhys2,intphys2,main,V-JEPA 2,ViT-G/16,MLP,mlp,40,Final layer,42,source_csv,complete,voe_accuracy,voe_accuracy,100,97.516556,41.176471,64.215686,47.058824,59.313725,,2000,,true,,,results/verified_layerwise_probe_configs.csv,42,intphys_primary_db.xlsx,V-JEPA 2,N7:X7,seed 42 read from source CSV metrics
main_linear_mlp,results/seed_runs/layerwise_seed_results_long.csv,intphys2__jepa_v2__mlp__layer_10,intphys2__jepa_v2__mlp__layer_10__seed_42,IntPhys2,intphys2,main,V-JEPA 2,ViT-G/16,MLP,mlp,10,Layer 0.25,42,source_csv,complete,voe_accuracy,voe_accuracy,27.81457,51.15894,17.647059,52.941176,9.803922,50.490196,,2000,,true,,,results/verified_layerwise_probe_configs.csv,43,intphys_primary_db.xlsx,V-JEPA 2,N8:X8,seed 42 read from source CSV metrics
main_linear_mlp,results/seed_runs/layerwise_seed_results_long.csv,intphys2__jepa_v2__mlp__layer_20,intphys2__jepa_v2__mlp__layer_20__seed_42,IntPhys2,intphys2,main,V-JEPA 2,ViT-G/16,MLP,mlp,20,Layer 0.5,42,source_csv,complete,voe_accuracy,voe_accuracy,72.847682,77.317881,23.529412,56.372549,25.490196,54.901961,,2000,,true,,,results/verified_layerwise_probe_configs.csv,44,intphys_primary_db.xlsx,V-JEPA 2,N9:X9,seed 42 read from source CSV metrics
main_linear_mlp,results/seed_runs/layerwise_seed_results_long.csv,intphys2__jepa_v2__mlp__layer_30,intphys2__jepa_v2__mlp__layer_30__seed_42,IntPhys2,intphys2,main,V-JEPA 2,ViT-G/16,MLP,mlp,30,Layer 0.75,42,source_csv,complete,voe_accuracy,voe_accuracy,97.350993,82.781457,37.254902,63.235294,56.862745,63.235294,,2000,,true,,,results/verified_layerwise_probe_configs.csv,45,intphys_primary_db.xlsx,V-JEPA 2,N10:X10,seed 42 read from source CSV metrics
main_linear_mlp,results/seed_runs/layerwise_seed_results_long.csv,intphys2__jepa_v2_1__linear__layer_48,intphys2__jepa_v2_1__linear__layer_48__seed_42,IntPhys2,intphys2,main,V-JEPA 2.1,ViT-Gigantic/16,Linear,linear,48,Final layer,42,source_csv,complete,voe_accuracy,voe_accuracy,48.344371,69.039735,29.411765,58.333333,35.294118,58.823529,,100,,true,,,results/verified_layerwise_probe_configs.csv,86,intphys_primary_db.xlsx,V-JEPA 2.1,AN3:AX3,seed 42 read from source CSV metrics
main_linear_mlp,results/seed_runs/layerwise_seed_results_long.csv,intphys2__jepa_v2_1__linear__layer_12,intphys2__jepa_v2_1__linear__layer_12__seed_42,IntPhys2,intphys2,main,V-JEPA 2.1,ViT-Gigantic/16,Linear,linear,12,Layer 0.25,42,source_csv,complete,voe_accuracy,voe_accuracy,28.476821,57.119205,31.372549,54.901961,25.490196,55.882353,,100,,true,,,results/verified_layerwise_probe_configs.csv,87,intphys_primary_db.xlsx,V-JEPA 2.1,AN4:AX4,seed 42 read from source CSV metrics
main_linear_mlp,results/seed_runs/layerwise_seed_results_long.csv,intphys2__jepa_v2_1__linear__layer_24,intphys2__jepa_v2_1__linear__layer_24__seed_42,IntPhys2,intphys2,main,V-JEPA 2.1,ViT-Gigantic/16,Linear,linear,24,Layer 0.5,42,source_csv,complete,voe_accuracy,voe_accuracy,37.086093,56.291391,23.529412,55.882353,19.607843,55.392157,,100,,true,,,results/verified_layerwise_probe_configs.csv,88,intphys_primary_db.xlsx,V-JEPA 2.1,AN5:AX5,seed 42 read from source CSV metrics
main_linear_mlp,results/seed_runs/layerwise_seed_results_long.csv,intphys2__jepa_v2_1__linear__layer_38,intphys2__jepa_v2_1__linear__layer_38__seed_42,IntPhys2,intphys2,main,V-JEPA 2.1,ViT-Gigantic/16,Linear,linear,38,Layer 0.75,42,source_csv,complete,voe_accuracy,voe_accuracy,48.344371,61.092715,33.333333,55.882353,23.529412,52.941176,,100,,true,,,results/verified_layerwise_probe_configs.csv,89,intphys_primary_db.xlsx,V-JEPA 2.1,AN6:AX6,seed 42 read from source CSV metrics
main_linear_mlp,results/seed_runs/layerwise_seed_results_long.csv,intphys2__jepa_v2_1__mlp__layer_48,intphys2__jepa_v2_1__mlp__layer_48__seed_42,IntPhys2,intphys2,main,V-JEPA 2.1,ViT-Gigantic/16,MLP,mlp,48,Final layer,42,source_csv,complete,voe_accuracy,voe_accuracy,98.675497,97.18543,29.411765,62.254902,37.254902,63.235294,,2000,,true,,,results/verified_layerwise_probe_configs.csv,90,intphys_primary_db.xlsx,V-JEPA 2.1,AN7:AX7,seed 42 read from source CSV metrics
main_linear_mlp,results/seed_runs/layerwise_seed_results_long.csv,intphys2__jepa_v2_1__mlp__layer_12,intphys2__jepa_v2_1__mlp__layer_12__seed_42,IntPhys2,intphys2,main,V-JEPA 2.1,ViT-Gigantic/16,MLP,mlp,12,Layer 0.25,42,source_csv,complete,voe_accuracy,voe_accuracy,88.07947,87.913907,27.45098,58.333333,25.490196,56.862745,,2000,,true,,,results/verified_layerwise_probe_configs.csv,91,intphys_primary_db.xlsx,V-JEPA 2.1,AN8:AX8,seed 42 read from source CSV metrics
main_linear_mlp,results/seed_runs/layerwise_seed_results_long.csv,intphys2__jepa_v2_1__mlp__layer_24,intphys2__jepa_v2_1__mlp__layer_24__seed_42,IntPhys2,intphys2,main,V-JEPA 2.1,ViT-Gigantic/16,MLP,mlp,24,Layer 0.5,42,source_csv,complete,voe_accuracy,voe_accuracy,32.450331,53.642384,31.372549,54.901961,19.607843,56.862745,,50,,true,,,results/verified_layerwise_probe_configs.csv,92,intphys_primary_db.xlsx,V-JEPA 2.1,AN9:AX9,seed 42 read from source CSV metrics
main_linear_mlp,results/seed_runs/layerwise_seed_results_long.csv,intphys2__jepa_v2_1__mlp__layer_38,intphys2__jepa_v2_1__mlp__layer_38__seed_42,IntPhys2,intphys2,main,V-JEPA 2.1,ViT-Gigantic/16,MLP,mlp,38,Layer 0.75,42,source_csv,complete,voe_accuracy,voe_accuracy,100,99.337748,45.098039,61.764706,39.215686,57.352941,,2000,,true,,,results/verified_layerwise_probe_configs.csv,93,intphys_primary_db.xlsx,V-JEPA 2.1,AN10:AX10,seed 42 read from source CSV metrics
main_linear_mlp,results/seed_runs/layerwise_seed_results_long.csv,intphys2__videomae__linear__layer_32,intphys2__videomae__linear__layer_32__seed_42,IntPhys2,intphys2,main,VideoMAE,ViT-H/16,Linear,linear,32,Final layer,42,source_csv,complete,voe_accuracy,voe_accuracy,62.251656,66.059603,31.372549,57.352941,31.372549,54.901961,,1000,,true,,,results/verified_layerwise_probe_configs.csv,110,intphys_primary_db.xlsx,VideoMAE,N3:X3,seed 42 read from source CSV metrics
main_linear_mlp,results/seed_runs/layerwise_seed_results_long.csv,intphys2__videomae__linear__layer_8,intphys2__videomae__linear__layer_8__seed_42,IntPhys2,intphys2,main,VideoMAE,ViT-H/16,Linear,linear,8,Layer 0.25,42,source_csv,complete,voe_accuracy,voe_accuracy,15.89404,48.013245,19.607843,52.45098,13.72549,50,,50,,true,,,results/verified_layerwise_probe_configs.csv,111,intphys_primary_db.xlsx,VideoMAE,N4:X4,seed 42 read from source CSV metrics
main_linear_mlp,results/seed_runs/layerwise_seed_results_long.csv,intphys2__videomae__linear__layer_16,intphys2__videomae__linear__layer_16__seed_42,IntPhys2,intphys2,main,VideoMAE,ViT-H/16,Linear,linear,16,Layer 0.5,42,source_csv,complete,voe_accuracy,voe_accuracy,50.993377,65.728477,41.176471,60.784314,35.294118,58.333333,,2000,,true,,,results/verified_layerwise_probe_configs.csv,112,intphys_primary_db.xlsx,VideoMAE,N5:X5,seed 42 read from source CSV metrics
main_linear_mlp,results/seed_runs/layerwise_seed_results_long.csv,intphys2__videomae__linear__layer_24,intphys2__videomae__linear__layer_24__seed_42,IntPhys2,intphys2,main,VideoMAE,ViT-H/16,Linear,linear,24,Layer 0.75,42,source_csv,complete,voe_accuracy,voe_accuracy,54.966887,66.059603,39.215686,61.27451,35.294118,56.372549,,500,,true,,,results/verified_layerwise_probe_configs.csv,113,intphys_primary_db.xlsx,VideoMAE,N6:X6,seed 42 read from source CSV metrics
main_linear_mlp,results/seed_runs/layerwise_seed_results_long.csv,intphys2__videomae__mlp__layer_32,intphys2__videomae__mlp__layer_32__seed_42,IntPhys2,intphys2,main,VideoMAE,ViT-H/16,MLP,mlp,32,Final layer,42,source_csv,complete,voe_accuracy,voe_accuracy,73.509934,74.172185,29.411765,58.333333,29.411765,53.921569,,2000,,true,,,results/verified_layerwise_probe_configs.csv,114,intphys_primary_db.xlsx,VideoMAE,N7:X7,seed 42 read from source CSV metrics
main_linear_mlp,results/seed_runs/layerwise_seed_results_long.csv,intphys2__videomae__mlp__layer_8,intphys2__videomae__mlp__layer_8__seed_42,IntPhys2,intphys2,main,VideoMAE,ViT-H/16,MLP,mlp,8,Layer 0.25,42,source_csv,complete,voe_accuracy,voe_accuracy,21.192053,49.834437,15.686275,51.470588,17.647059,50.980392,,20,,true,,,results/verified_layerwise_probe_configs.csv,115,intphys_primary_db.xlsx,VideoMAE,N8:X8,seed 42 read from source CSV metrics
main_linear_mlp,results/seed_runs/layerwise_seed_results_long.csv,intphys2__videomae__mlp__layer_16,intphys2__videomae__mlp__layer_16__seed_42,IntPhys2,intphys2,main,VideoMAE,ViT-H/16,MLP,mlp,16,Layer 0.5,42,source_csv,complete,voe_accuracy,voe_accuracy,45.033113,51.490066,35.294118,53.921569,33.333333,51.960784,,50,,true,,,results/verified_layerwise_probe_configs.csv,116,intphys_primary_db.xlsx,VideoMAE,N9:X9,seed 42 read from source CSV metrics
main_linear_mlp,results/seed_runs/layerwise_seed_results_long.csv,intphys2__videomae__mlp__layer_24,intphys2__videomae__mlp__layer_24__seed_42,IntPhys2,intphys2,main,VideoMAE,ViT-H/16,MLP,mlp,24,Layer 0.75,42,source_csv,complete,voe_accuracy,voe_accuracy,100,95.198675,39.215686,64.215686,35.294118,59.803922,,2000,,true,,,results/verified_layerwise_probe_configs.csv,117,intphys_primary_db.xlsx,VideoMAE,N10:X10,seed 42 read from source CSV metrics
main_linear_mlp,results/seed_runs/layerwise_seed_results_long.csv,intphys2__videomae_v2__linear__layer_40,intphys2__videomae_v2__linear__layer_40__seed_42,IntPhys2,intphys2,main,VideoMAE-v2,ViT-G/16,Linear,linear,40,Final layer,42,source_csv,complete,voe_accuracy,voe_accuracy,62.251656,74.503311,29.411765,59.313725,47.058824,56.862745,,2000,,true,,,results/verified_layerwise_probe_configs.csv,146,intphys_primary_db.xlsx,VideoMAE-v2,AA3:AK3,seed 42 read from source CSV metrics
main_linear_mlp,results/seed_runs/layerwise_seed_results_long.csv,intphys2__videomae_v2__linear__layer_10,intphys2__videomae_v2__linear__layer_10__seed_42,IntPhys2,intphys2,main,VideoMAE-v2,ViT-G/16,Linear,linear,10,Layer 0.25,42,source_csv,complete,voe_accuracy,voe_accuracy,31.788079,53.807947,25.490196,52.941176,25.490196,53.431373,,100,,true,,,results/verified_layerwise_probe_configs.csv,147,intphys_primary_db.xlsx,VideoMAE-v2,AA4:AK4,seed 42 read from source CSV metrics
main_linear_mlp,results/seed_runs/layerwise_seed_results_long.csv,intphys2__videomae_v2__linear__layer_20,intphys2__videomae_v2__linear__layer_20__seed_42,IntPhys2,intphys2,main,VideoMAE-v2,ViT-G/16,Linear,linear,20,Layer 0.5,42,source_csv,complete,voe_accuracy,voe_accuracy,96.688742,95.033113,47.058824,63.72549,37.254902,59.313725,,2000,,true,,,results/verified_layerwise_probe_configs.csv,148,intphys_primary_db.xlsx,VideoMAE-v2,AA5:AK5,seed 42 read from source CSV metrics
main_linear_mlp,results/seed_runs/layerwise_seed_results_long.csv,intphys2__videomae_v2__linear__layer_30,intphys2__videomae_v2__linear__layer_30__seed_42,IntPhys2,intphys2,main,VideoMAE-v2,ViT-G/16,Linear,linear,30,Layer 0.75,42,source_csv,complete,voe_accuracy,voe_accuracy,59.602649,76.821192,39.215686,63.72549,41.176471,58.823529,,2000,,true,,,results/verified_layerwise_probe_configs.csv,149,intphys_primary_db.xlsx,VideoMAE-v2,AA6:AK6,seed 42 read from source CSV metrics
main_linear_mlp,results/seed_runs/layerwise_seed_results_long.csv,intphys2__videomae_v2__mlp__layer_40,intphys2__videomae_v2__mlp__layer_40__seed_42,IntPhys2,intphys2,main,VideoMAE-v2,ViT-G/16,MLP,mlp,40,Final layer,42,source_csv,complete,voe_accuracy,voe_accuracy,37.748344,52.152318,33.333333,51.470588,37.254902,52.45098,,100,,true,,,results/verified_layerwise_probe_configs.csv,150,intphys_primary_db.xlsx,VideoMAE-v2,AA7:AK7,seed 42 read from source CSV metrics
main_linear_mlp,results/seed_runs/layerwise_seed_results_long.csv,intphys2__videomae_v2__mlp__layer_10,intphys2__videomae_v2__mlp__layer_10__seed_42,IntPhys2,intphys2,main,VideoMAE-v2,ViT-G/16,MLP,mlp,10,Layer 0.25,42,source_csv,complete,voe_accuracy,voe_accuracy,92.05298,93.377483,31.372549,57.843137,31.372549,59.803922,,2000,,true,,,results/verified_layerwise_probe_configs.csv,151,intphys_primary_db.xlsx,VideoMAE-v2,AA8:AK8,seed 42 read from source CSV metrics
main_linear_mlp,results/seed_runs/layerwise_seed_results_long.csv,intphys2__videomae_v2__mlp__layer_20,intphys2__videomae_v2__mlp__layer_20__seed_42,IntPhys2,intphys2,main,VideoMAE-v2,ViT-G/16,MLP,mlp,20,Layer 0.5,42,source_csv,complete,voe_accuracy,voe_accuracy,62.251656,76.986755,41.176471,66.176471,47.058824,56.372549,,2000,,true,,,results/verified_layerwise_probe_configs.csv,152,intphys_primary_db.xlsx,VideoMAE-v2,AA9:AK9,seed 42 read from source CSV metrics
main_linear_mlp,results/seed_runs/layerwise_seed_results_long.csv,intphys2__videomae_v2__mlp__layer_30,intphys2__videomae_v2__mlp__layer_30__seed_42,IntPhys2,intphys2,main,VideoMAE-v2,ViT-G/16,MLP,mlp,30,Layer 0.75,42,source_csv,complete,voe_accuracy,voe_accuracy,72.847682,83.609272,41.176471,66.666667,45.098039,62.745098,,2000,,true,,,results/verified_layerwise_probe_configs.csv,153,intphys_primary_db.xlsx,VideoMAE-v2,AA10:AK10,seed 42 read from source CSV metrics
main_linear_mlp,results/seed_runs/layerwise_seed_results_long.csv,mvp__jepa_v1__linear__layer_32,mvp__jepa_v1__linear__layer_32__seed_42,MVP,mvp,main,V-JEPA,ViT-H/16,Linear,linear,32,Final layer,42,source_csv,complete,pair_consistency,pair_consistency,53.052277,74.064081,49.34277,71.688574,48.736097,71.587462,,100,,true,,,results/verified_layerwise_probe_configs.csv,338,mvp_primary_db.xlsx,V-JEPA,N3:X3,seed 42 read from source CSV metrics
main_linear_mlp,results/seed_runs/layerwise_seed_results_long.csv,mvp__jepa_v1__linear__layer_8,mvp__jepa_v1__linear__layer_8__seed_42,MVP,mvp,main,V-JEPA,ViT-H/16,Linear,linear,8,Layer 0.25,42,source_csv,complete,pair_consistency,pair_consistency,39.763912,66.745363,35.389282,63.700708,36.602629,64.105157,,100,,true,,,results/verified_layerwise_probe_configs.csv,339,mvp_primary_db.xlsx,V-JEPA,N4:X4,seed 42 read from source CSV metrics
main_linear_mlp,results/seed_runs/layerwise_seed_results_long.csv,mvp__jepa_v1__linear__layer_16,mvp__jepa_v1__linear__layer_16__seed_42,MVP,mvp,main,V-JEPA,ViT-H/16,Linear,linear,16,Layer 0.5,42,source_csv,complete,pair_consistency,pair_consistency,46.509275,69.831366,40.950455,66.127401,41.557128,66.430738,,100,,true,,,results/verified_layerwise_probe_configs.csv,340,mvp_primary_db.xlsx,V-JEPA,N5:X5,seed 42 read from source CSV metrics
main_linear_mlp,results/seed_runs/layerwise_seed_results_long.csv,mvp__jepa_v1__linear__layer_24,mvp__jepa_v1__linear__layer_24__seed_42,MVP,mvp,main,V-JEPA,ViT-H/16,Linear,linear,24,Layer 0.75,42,source_csv,complete,pair_consistency,pair_consistency,54.333895,73.844857,49.34277,69.312437,47.623862,69.0091,,100,,true,,,results/verified_layerwise_probe_configs.csv,341,mvp_primary_db.xlsx,V-JEPA,N6:X6,seed 42 read from source CSV metrics
main_linear_mlp,results/seed_runs/layerwise_seed_results_long.csv,mvp__jepa_v1__mlp__layer_32,mvp__jepa_v1__mlp__layer_32__seed_42,MVP,mvp,main,V-JEPA,ViT-H/16,MLP,mlp,32,Final layer,42,source_csv,complete,pair_consistency,pair_consistency,99.932546,99.966273,91.102123,95.197169,87.259858,93.023256,,2000,,true,,,results/verified_layerwise_probe_configs.csv,342,mvp_primary_db.xlsx,V-JEPA,N7:X7,seed 42 read from source CSV metrics
main_linear_mlp,results/seed_runs/layerwise_seed_results_long.csv,mvp__jepa_v1__mlp__layer_8,mvp__jepa_v1__mlp__layer_8__seed_42,MVP,mvp,main,V-JEPA,ViT-H/16,MLP,mlp,8,Layer 0.25,42,source_csv,complete,pair_consistency,pair_consistency,90.387858,95.193929,59.858443,77.755308,59.453994,77.249747,,2000,,true,,,results/verified_layerwise_probe_configs.csv,343,mvp_primary_db.xlsx,V-JEPA,N8:X8,seed 42 read from source CSV metrics
main_linear_mlp,results/seed_runs/layerwise_seed_results_long.csv,mvp__jepa_v1__mlp__layer_16,mvp__jepa_v1__mlp__layer_16__seed_42,MVP,mvp,main,V-JEPA,ViT-H/16,MLP,mlp,16,Layer 0.5,42,source_csv,complete,pair_consistency,pair_consistency,98.448567,99.224283,72.800809,85.338726,70.171891,83.72093,,2000,,true,,,results/verified_layerwise_probe_configs.csv,344,mvp_primary_db.xlsx,V-JEPA,N9:X9,seed 42 read from source CSV metrics
main_linear_mlp,results/seed_runs/layerwise_seed_results_long.csv,mvp__jepa_v1__mlp__layer_24,mvp__jepa_v1__mlp__layer_24__seed_42,MVP,mvp,main,V-JEPA,ViT-H/16,MLP,mlp,24,Layer 0.75,42,source_csv,complete,pair_consistency,pair_consistency,100,100,90.798787,94.893832,86.85541,93.023256,,2000,,true,,,results/verified_layerwise_probe_configs.csv,345,mvp_primary_db.xlsx,V-JEPA,N10:X10,seed 42 read from source CSV metrics
main_linear_mlp,results/seed_runs/layerwise_seed_results_long.csv,mvp__jepa_v2__linear__layer_40,mvp__jepa_v2__linear__layer_40__seed_42,MVP,mvp,main,V-JEPA 2,ViT-G/16,Linear,linear,40,Final layer,42,source_csv,complete,pair_consistency,pair_consistency,52.310287,73.102867,48.938322,70.424671,48.533873,69.91911,,100,,true,,,results/verified_layerwise_probe_configs.csv,362,mvp_primary_db.xlsx,V-JEPA 2,N3:X3,seed 42 read from source CSV metrics
main_linear_mlp,results/seed_runs/layerwise_seed_results_long.csv,mvp__jepa_v2__linear__layer_10,mvp__jepa_v2__linear__layer_10__seed_42,MVP,mvp,main,V-JEPA 2,ViT-G/16,Linear,linear,10,Layer 0.25,42,source_csv,complete,pair_consistency,pair_consistency,34.266442,63.187184,30.637007,60.465116,30.232558,60.364004,,100,,true,,,results/verified_layerwise_probe_configs.csv,363,mvp_primary_db.xlsx,V-JEPA 2,N4:X4,seed 42 read from source CSV metrics
main_linear_mlp,results/seed_runs/layerwise_seed_results_long.csv,mvp__jepa_v2__linear__layer_20,mvp__jepa_v2__linear__layer_20__seed_42,MVP,mvp,main,V-JEPA 2,ViT-G/16,Linear,linear,20,Layer 0.5,42,source_csv,complete,pair_consistency,pair_consistency,39.595278,66.863406,33.973711,62.89181,31.648129,61.779575,,100,,true,,,results/verified_layerwise_probe_configs.csv,364,mvp_primary_db.xlsx,V-JEPA 2,N5:X5,seed 42 read from source CSV metrics
main_linear_mlp,results/seed_runs/layerwise_seed_results_long.csv,mvp__jepa_v2__linear__layer_30,mvp__jepa_v2__linear__layer_30__seed_42,MVP,mvp,main,V-JEPA 2,ViT-G/16,Linear,linear,30,Layer 0.75,42,source_csv,complete,pair_consistency,pair_consistency,46.003373,68.971332,39.737108,64.71183,40.950455,65.824065,,100,,true,,,results/verified_layerwise_probe_configs.csv,365,mvp_primary_db.xlsx,V-JEPA 2,N6:X6,seed 42 read from source CSV metrics
main_linear_mlp,results/seed_runs/layerwise_seed_results_long.csv,mvp__jepa_v2__mlp__layer_40,mvp__jepa_v2__mlp__layer_40__seed_42,MVP,mvp,main,V-JEPA 2,ViT-G/16,MLP,mlp,40,Final layer,42,source_csv,complete,pair_consistency,pair_consistency,99.932546,99.966273,87.76542,93.124368,86.754297,92.770475,,2000,,true,,,results/verified_layerwise_probe_configs.csv,366,mvp_primary_db.xlsx,V-JEPA 2,N7:X7,seed 42 read from source CSV metrics
main_linear_mlp,results/seed_runs/layerwise_seed_results_long.csv,mvp__jepa_v2__mlp__layer_10,mvp__jepa_v2__mlp__layer_10__seed_42,MVP,mvp,main,V-JEPA 2,ViT-G/16,MLP,mlp,10,Layer 0.25,42,source_csv,complete,pair_consistency,pair_consistency,91.736931,95.801012,54.196158,73.761375,52.072801,72.497472,,2000,,true,,,results/verified_layerwise_probe_configs.csv,367,mvp_primary_db.xlsx,V-JEPA 2,N8:X8,seed 42 read from source CSV metrics
main_linear_mlp,results/seed_runs/layerwise_seed_results_long.csv,mvp__jepa_v2__mlp__layer_20,mvp__jepa_v2__mlp__layer_20__seed_42,MVP,mvp,main,V-JEPA 2,ViT-G/16,MLP,mlp,20,Layer 0.5,42,source_csv,complete,pair_consistency,pair_consistency,95.548061,97.757167,63.902932,79.524772,58.341759,76.086957,,2000,,true,,,results/verified_layerwise_probe_configs.csv,368,mvp_primary_db.xlsx,V-JEPA 2,N9:X9,seed 42 read from source CSV metrics
main_linear_mlp,results/seed_runs/layerwise_seed_results_long.csv,mvp__jepa_v2__mlp__layer_30,mvp__jepa_v2__mlp__layer_30__seed_42,MVP,mvp,main,V-JEPA 2,ViT-G/16,MLP,mlp,30,Layer 0.75,42,source_csv,complete,pair_consistency,pair_consistency,99.494098,99.747049,76.0364,86.602629,74.317492,85.237614,,2000,,true,,,results/verified_layerwise_probe_configs.csv,369,mvp_primary_db.xlsx,V-JEPA 2,N10:X10,seed 42 read from source CSV metrics
main_linear_mlp,results/seed_runs/layerwise_seed_results_long.csv,mvp__jepa_v2_1__linear__layer_48,mvp__jepa_v2_1__linear__layer_48__seed_42,MVP,mvp,main,V-JEPA 2.1,ViT-Gigantic/16,Linear,linear,48,Final layer,42,source_csv,complete,pair_consistency,pair_consistency,48.600337,70.978078,44.084934,66.683519,41.557128,66.632963,,100,,true,,,results/verified_layerwise_probe_configs.csv,410,mvp_primary_db.xlsx,V-JEPA 2.1,AN3:AX3,seed 42 read from source CSV metrics
main_linear_mlp,results/seed_runs/layerwise_seed_results_long.csv,mvp__jepa_v2_1__linear__layer_12,mvp__jepa_v2_1__linear__layer_12__seed_42,MVP,mvp,main,V-JEPA 2.1,ViT-Gigantic/16,Linear,linear,12,Layer 0.25,42,source_csv,complete,pair_consistency,pair_consistency,39.392917,65.986509,35.692619,63.043478,32.55814,61.274014,,100,,true,,,results/verified_layerwise_probe_configs.csv,411,mvp_primary_db.xlsx,V-JEPA 2.1,AN4:AX4,seed 42 read from source CSV metrics
main_linear_mlp,results/seed_runs/layerwise_seed_results_long.csv,mvp__jepa_v2_1__linear__layer_24,mvp__jepa_v2_1__linear__layer_24__seed_42,MVP,mvp,main,V-JEPA 2.1,ViT-Gigantic/16,Linear,linear,24,Layer 0.5,42,source_csv,complete,pair_consistency,pair_consistency,46.711636,70.421585,41.354904,66.430738,39.83822,65.36906,,100,,true,,,results/verified_layerwise_probe_configs.csv,412,mvp_primary_db.xlsx,V-JEPA 2.1,AN5:AX5,seed 42 read from source CSV metrics
main_linear_mlp,results/seed_runs/layerwise_seed_results_long.csv,mvp__jepa_v2_1__linear__layer_38,mvp__jepa_v2_1__linear__layer_38__seed_42,MVP,mvp,main,V-JEPA 2.1,ViT-Gigantic/16,Linear,linear,38,Layer 0.75,42,source_csv,complete,pair_consistency,pair_consistency,49.780776,71.973019,43.983822,67.037412,42.264914,66.632963,,100,,true,,,results/verified_layerwise_probe_configs.csv,413,mvp_primary_db.xlsx,V-JEPA 2.1,AN6:AX6,seed 42 read from source CSV metrics
main_linear_mlp,results/seed_runs/layerwise_seed_results_long.csv,mvp__jepa_v2_1__mlp__layer_48,mvp__jepa_v2_1__mlp__layer_48__seed_42,MVP,mvp,main,V-JEPA 2.1,ViT-Gigantic/16,MLP,mlp,48,Final layer,42,source_csv,complete,pair_consistency,pair_consistency,98.313659,99.15683,71.48635,83.619818,68.452983,81.547017,,2000,,true,,,results/verified_layerwise_probe_configs.csv,414,mvp_primary_db.xlsx,V-JEPA 2.1,AN7:AX7,seed 42 read from source CSV metrics
main_linear_mlp,results/seed_runs/layerwise_seed_results_long.csv,mvp__jepa_v2_1__mlp__layer_12,mvp__jepa_v2_1__mlp__layer_12__seed_42,MVP,mvp,main,V-JEPA 2.1,ViT-Gigantic/16,MLP,mlp,12,Layer 0.25,42,source_csv,complete,pair_consistency,pair_consistency,92.141653,95.986509,56.825076,74.772497,53.185035,73.30637,,2000,,true,,,results/verified_layerwise_probe_configs.csv,415,mvp_primary_db.xlsx,V-JEPA 2.1,AN8:AX8,seed 42 read from source CSV metrics
main_linear_mlp,results/seed_runs/layerwise_seed_results_long.csv,mvp__jepa_v2_1__mlp__layer_24,mvp__jepa_v2_1__mlp__layer_24__seed_42,MVP,mvp,main,V-JEPA 2.1,ViT-Gigantic/16,MLP,mlp,24,Layer 0.5,42,source_csv,complete,pair_consistency,pair_consistency,98.448567,99.224283,64.408493,79.777553,62.992922,78.564206,,2000,,true,,,results/verified_layerwise_probe_configs.csv,416,mvp_primary_db.xlsx,V-JEPA 2.1,AN9:AX9,seed 42 read from source CSV metrics
main_linear_mlp,results/seed_runs/layerwise_seed_results_long.csv,mvp__jepa_v2_1__mlp__layer_38,mvp__jepa_v2_1__mlp__layer_38__seed_42,MVP,mvp,main,V-JEPA 2.1,ViT-Gigantic/16,MLP,mlp,38,Layer 0.75,42,source_csv,complete,pair_consistency,pair_consistency,98.920742,99.460371,74.519717,85.389282,70.778564,83.063701,,2000,,true,,,results/verified_layerwise_probe_configs.csv,417,mvp_primary_db.xlsx,V-JEPA 2.1,AN10:AX10,seed 42 read from source CSV metrics
main_linear_mlp,results/seed_runs/layerwise_seed_results_long.csv,mvp__videomae__linear__layer_32,mvp__videomae__linear__layer_32__seed_42,MVP,mvp,main,VideoMAE,ViT-H/16,Linear,linear,32,Final layer,42,source_csv,complete,pair_consistency,pair_consistency,39.831366,67.133221,35.591507,64.004044,34.37816,63.397371,,100,,true,,,results/verified_layerwise_probe_configs.csv,434,mvp_primary_db.xlsx,VideoMAE,N3:X3,seed 42 read from source CSV metrics
main_linear_mlp,results/seed_runs/layerwise_seed_results_long.csv,mvp__videomae__linear__layer_8,mvp__videomae__linear__layer_8__seed_42,MVP,mvp,main,VideoMAE,ViT-H/16,Linear,linear,8,Layer 0.25,42,source_csv,complete,pair_consistency,pair_consistency,35.44688,64.384486,31.648129,62.184024,30.131446,60.465116,,100,,true,,,results/verified_layerwise_probe_configs.csv,435,mvp_primary_db.xlsx,VideoMAE,N4:X4,seed 42 read from source CSV metrics
main_linear_mlp,results/seed_runs/layerwise_seed_results_long.csv,mvp__videomae__linear__layer_16,mvp__videomae__linear__layer_16__seed_42,MVP,mvp,main,VideoMAE,ViT-H/16,Linear,linear,16,Layer 0.5,42,source_csv,complete,pair_consistency,pair_consistency,39.291737,66.475548,34.984833,63.245703,36.097068,63.599596,,100,,true,,,results/verified_layerwise_probe_configs.csv,436,mvp_primary_db.xlsx,VideoMAE,N5:X5,seed 42 read from source CSV metrics
main_linear_mlp,results/seed_runs/layerwise_seed_results_long.csv,mvp__videomae__linear__layer_24,mvp__videomae__linear__layer_24__seed_42,MVP,mvp,main,VideoMAE,ViT-H/16,Linear,linear,24,Layer 0.75,42,source_csv,complete,pair_consistency,pair_consistency,43.06914,68.094435,37.613751,64.509606,37.512639,63.953488,,100,,true,,,results/verified_layerwise_probe_configs.csv,437,mvp_primary_db.xlsx,VideoMAE,N6:X6,seed 42 read from source CSV metrics
main_linear_mlp,results/seed_runs/layerwise_seed_results_long.csv,mvp__videomae__mlp__layer_32,mvp__videomae__mlp__layer_32__seed_42,MVP,mvp,main,VideoMAE,ViT-H/16,MLP,mlp,32,Final layer,42,source_csv,complete,pair_consistency,pair_consistency,97.875211,98.937605,65.318504,81.041456,62.588473,79.979778,,2000,,true,,,results/verified_layerwise_probe_configs.csv,438,mvp_primary_db.xlsx,VideoMAE,N7:X7,seed 42 read from source CSV metrics
main_linear_mlp,results/seed_runs/layerwise_seed_results_long.csv,mvp__videomae__mlp__layer_8,mvp__videomae__mlp__layer_8__seed_42,MVP,mvp,main,VideoMAE,ViT-H/16,MLP,mlp,8,Layer 0.25,42,source_csv,complete,pair_consistency,pair_consistency,81.48398,90.657673,50.859454,73.003033,50.455005,71.789687,,2000,,true,,,results/verified_layerwise_probe_configs.csv,439,mvp_primary_db.xlsx,VideoMAE,N8:X8,seed 42 read from source CSV metrics
main_linear_mlp,results/seed_runs/layerwise_seed_results_long.csv,mvp__videomae__mlp__layer_16,mvp__videomae__mlp__layer_16__seed_42,MVP,mvp,main,VideoMAE,ViT-H/16,MLP,mlp,16,Layer 0.5,42,source_csv,complete,pair_consistency,pair_consistency,86.13828,93.06914,59.959555,78.26087,57.836198,76.491405,,2000,,true,,,results/verified_layerwise_probe_configs.csv,440,mvp_primary_db.xlsx,VideoMAE,N9:X9,seed 42 read from source CSV metrics
main_linear_mlp,results/seed_runs/layerwise_seed_results_long.csv,mvp__videomae__mlp__layer_24,mvp__videomae__mlp__layer_24__seed_42,MVP,mvp,main,VideoMAE,ViT-H/16,MLP,mlp,24,Layer 0.75,42,source_csv,complete,pair_consistency,pair_consistency,92.917369,96.424958,68.857432,82.912032,64.408493,80.131446,,2000,,true,,,results/verified_layerwise_probe_configs.csv,441,mvp_primary_db.xlsx,VideoMAE,N10:X10,seed 42 read from source CSV metrics
main_linear_mlp,results/seed_runs/layerwise_seed_results_long.csv,mvp__videomae_v2__linear__layer_40,mvp__videomae_v2__linear__layer_40__seed_42,MVP,mvp,main,VideoMAE-v2,ViT-G/16,Linear,linear,40,Final layer,42,source_csv,complete,pair_consistency,pair_consistency,36.458685,64.991568,34.883721,63.447927,31.951466,61.627907,,100,,true,,,results/verified_layerwise_probe_configs.csv,470,mvp_primary_db.xlsx,VideoMAE-v2,AA3:AK3,seed 42 read from source CSV metrics
main_linear_mlp,results/seed_runs/layerwise_seed_results_long.csv,mvp__videomae_v2__linear__layer_10,mvp__videomae_v2__linear__layer_10__seed_42,MVP,mvp,main,VideoMAE-v2,ViT-G/16,Linear,linear,10,Layer 0.25,42,source_csv,complete,pair_consistency,pair_consistency,36.998314,65.3457,32.55814,62.082912,33.46815,62.23458,,100,,true,,,results/verified_layerwise_probe_configs.csv,471,mvp_primary_db.xlsx,VideoMAE-v2,AA4:AK4,seed 42 read from source CSV metrics
main_linear_mlp,results/seed_runs/layerwise_seed_results_long.csv,mvp__videomae_v2__linear__layer_20,mvp__videomae_v2__linear__layer_20__seed_42,MVP,mvp,main,VideoMAE-v2,ViT-G/16,Linear,linear,20,Layer 0.5,42,source_csv,complete,pair_consistency,pair_consistency,44.080944,68.617201,39.534884,64.863498,37.714863,64.054601,,100,,true,,,results/verified_layerwise_probe_configs.csv,472,mvp_primary_db.xlsx,VideoMAE-v2,AA5:AK5,seed 42 read from source CSV metrics
main_linear_mlp,results/seed_runs/layerwise_seed_results_long.csv,mvp__videomae_v2__linear__layer_30,mvp__videomae_v2__linear__layer_30__seed_42,MVP,mvp,main,VideoMAE-v2,ViT-G/16,Linear,linear,30,Layer 0.75,42,source_csv,complete,pair_consistency,pair_consistency,39.831366,66.070826,37.310415,63.751264,35.490394,62.89181,,100,,true,,,results/verified_layerwise_probe_configs.csv,473,mvp_primary_db.xlsx,VideoMAE-v2,AA6:AK6,seed 42 read from source CSV metrics
main_linear_mlp,results/seed_runs/layerwise_seed_results_long.csv,mvp__videomae_v2__mlp__layer_40,mvp__videomae_v2__mlp__layer_40__seed_42,MVP,mvp,main,VideoMAE-v2,ViT-G/16,MLP,mlp,40,Final layer,42,source_csv,complete,pair_consistency,pair_consistency,89.612142,94.70489,61.9818,78.311426,60.768453,77.199191,,2000,,true,,,results/verified_layerwise_probe_configs.csv,474,mvp_primary_db.xlsx,VideoMAE-v2,AA7:AK7,seed 42 read from source CSV metrics
main_linear_mlp,results/seed_runs/layerwise_seed_results_long.csv,mvp__videomae_v2__mlp__layer_10,mvp__videomae_v2__mlp__layer_10__seed_42,MVP,mvp,main,VideoMAE-v2,ViT-G/16,MLP,mlp,10,Layer 0.25,42,source_csv,complete,pair_consistency,pair_consistency,85.767285,92.765599,53.286148,73.710819,52.376138,72.598584,,2000,,true,,,results/verified_layerwise_probe_configs.csv,475,mvp_primary_db.xlsx,VideoMAE-v2,AA8:AK8,seed 42 read from source CSV metrics
main_linear_mlp,results/seed_runs/layerwise_seed_results_long.csv,mvp__videomae_v2__mlp__layer_20,mvp__videomae_v2__mlp__layer_20__seed_42,MVP,mvp,main,VideoMAE-v2,ViT-G/16,MLP,mlp,20,Layer 0.5,42,source_csv,complete,pair_consistency,pair_consistency,94.772344,97.369309,68.452983,82.709808,66.127401,80.434783,,2000,,true,,,results/verified_layerwise_probe_configs.csv,476,mvp_primary_db.xlsx,VideoMAE-v2,AA9:AK9,seed 42 read from source CSV metrics
main_linear_mlp,results/seed_runs/layerwise_seed_results_long.csv,mvp__videomae_v2__mlp__layer_30,mvp__videomae_v2__mlp__layer_30__seed_42,MVP,mvp,main,VideoMAE-v2,ViT-G/16,MLP,mlp,30,Layer 0.75,42,source_csv,complete,pair_consistency,pair_consistency,87.892074,93.86172,64.004044,79.625885,61.476239,78.210313,,2000,,true,,,results/verified_layerwise_probe_configs.csv,477,mvp_primary_db.xlsx,VideoMAE-v2,AA10:AK10,seed 42 read from source CSV metrics
main_linear_mlp,results/seed_runs/layerwise_seed_results_long.csv,intphys2__jepa_v1__linear__layer_32,intphys2__jepa_v1__linear__layer_32__seed_101,IntPhys2,intphys2,main,V-JEPA,ViT-H/16,Linear,linear,32,Final layer,101,artifact,complete,voe_accuracy,voe_accuracy,65.562914,77.483444,49.019608,64.215686,49.019608,61.764706,2000,2000,false,false,artifacts/probes/intphys2/seed_runs_layerwise_v1/intphys2__jepa_v1__linear__layer_32/seed_101/train_eval_summary.json,artifacts/probes/intphys2/seed_runs_layerwise_v1/intphys2__jepa_v1__linear__layer_32/seed_101/layer_32/eval,results/verified_layerwise_probe_configs.csv,14,,,,artifact metrics read from train_eval_summary.json
main_linear_mlp,results/seed_runs/layerwise_seed_results_long.csv,intphys2__jepa_v1__linear__layer_32,intphys2__jepa_v1__linear__layer_32__seed_102,IntPhys2,intphys2,main,V-JEPA,ViT-H/16,Linear,linear,32,Final layer,102,artifact,complete,voe_accuracy,voe_accuracy,63.576159,76.324503,45.098039,63.235294,49.019608,62.254902,2000,2000,false,false,artifacts/probes/intphys2/seed_runs_layerwise_v1/intphys2__jepa_v1__linear__layer_32/seed_102/train_eval_summary.json,artifacts/probes/intphys2/seed_runs_layerwise_v1/intphys2__jepa_v1__linear__layer_32/seed_102/layer_32/eval,results/verified_layerwise_probe_configs.csv,14,,,,artifact metrics read from train_eval_summary.json
main_linear_mlp,results/seed_runs/layerwise_seed_results_long.csv,intphys2__jepa_v1__linear__layer_8,intphys2__jepa_v1__linear__layer_8__seed_101,IntPhys2,intphys2,main,V-JEPA,ViT-H/16,Linear,linear,8,Layer 0.25,101,artifact,complete,voe_accuracy,voe_accuracy,19.205298,51.655629,11.764706,53.921569,13.72549,49.509804,100,100,false,false,artifacts/probes/intphys2/seed_runs_layerwise_v1/intphys2__jepa_v1__linear__layer_8/seed_101/train_eval_summary.json,artifacts/probes/intphys2/seed_runs_layerwise_v1/intphys2__jepa_v1__linear__layer_8/seed_101/layer_8/eval,results/verified_layerwise_probe_configs.csv,15,,,,artifact metrics read from train_eval_summary.json
main_linear_mlp,results/seed_runs/layerwise_seed_results_long.csv,intphys2__jepa_v1__linear__layer_8,intphys2__jepa_v1__linear__layer_8__seed_102,IntPhys2,intphys2,main,V-JEPA,ViT-H/16,Linear,linear,8,Layer 0.25,102,artifact,complete,voe_accuracy,voe_accuracy,23.178808,50.827815,13.72549,53.921569,21.568627,51.960784,100,100,false,false,artifacts/probes/intphys2/seed_runs_layerwise_v1/intphys2__jepa_v1__linear__layer_8/seed_102/train_eval_summary.json,artifacts/probes/intphys2/seed_runs_layerwise_v1/intphys2__jepa_v1__linear__layer_8/seed_102/layer_8/eval,results/verified_layerwise_probe_configs.csv,15,,,,artifact metrics read from train_eval_summary.json
main_linear_mlp,results/seed_runs/layerwise_seed_results_long.csv,intphys2__jepa_v1__linear__layer_16,intphys2__jepa_v1__linear__layer_16__seed_101,IntPhys2,intphys2,main,V-JEPA,ViT-H/16,Linear,linear,16,Layer 0.5,101,artifact,complete,voe_accuracy,voe_accuracy,61.589404,73.675497,47.058824,60.294118,37.254902,57.352941,2000,2000,false,false,artifacts/probes/intphys2/seed_runs_layerwise_v1/intphys2__jepa_v1__linear__layer_16/seed_101/train_eval_summary.json,artifacts/probes/intphys2/seed_runs_layerwise_v1/intphys2__jepa_v1__linear__layer_16/seed_101/layer_16/eval,results/verified_layerwise_probe_configs.csv,16,,,,artifact metrics read from train_eval_summary.json
main_linear_mlp,results/seed_runs/layerwise_seed_results_long.csv,intphys2__jepa_v1__linear__layer_16,intphys2__jepa_v1__linear__layer_16__seed_102,IntPhys2,intphys2,main,V-JEPA,ViT-H/16,Linear,linear,16,Layer 0.5,102,artifact,complete,voe_accuracy,voe_accuracy,60.264901,74.668874,47.058824,61.27451,37.254902,59.803922,2000,2000,false,false,artifacts/probes/intphys2/seed_runs_layerwise_v1/intphys2__jepa_v1__linear__layer_16/seed_102/train_eval_summary.json,artifacts/probes/intphys2/seed_runs_layerwise_v1/intphys2__jepa_v1__linear__layer_16/seed_102/layer_16/eval,results/verified_layerwise_probe_configs.csv,16,,,,artifact metrics read from train_eval_summary.json
main_linear_mlp,results/seed_runs/layerwise_seed_results_long.csv,intphys2__jepa_v1__linear__layer_24,intphys2__jepa_v1__linear__layer_24__seed_101,IntPhys2,intphys2,main,V-JEPA,ViT-H/16,Linear,linear,24,Layer 0.75,101,artifact,complete,voe_accuracy,voe_accuracy,60.264901,69.205298,43.137255,62.745098,43.137255,61.27451,100,100,false,false,artifacts/probes/intphys2/seed_runs_layerwise_v1/intphys2__jepa_v1__linear__layer_24/seed_101/train_eval_summary.json,artifacts/probes/intphys2/seed_runs_layerwise_v1/intphys2__jepa_v1__linear__layer_24/seed_101/layer_24/eval,results/verified_layerwise_probe_configs.csv,17,,,,artifact metrics read from train_eval_summary.json
main_linear_mlp,results/seed_runs/layerwise_seed_results_long.csv,intphys2__jepa_v1__linear__layer_24,intphys2__jepa_v1__linear__layer_24__seed_102,IntPhys2,intphys2,main,V-JEPA,ViT-H/16,Linear,linear,24,Layer 0.75,102,artifact,complete,voe_accuracy,voe_accuracy,62.913907,69.039735,43.137255,64.705882,49.019608,59.803922,100,100,false,false,artifacts/probes/intphys2/seed_runs_layerwise_v1/intphys2__jepa_v1__linear__layer_24/seed_102/train_eval_summary.json,artifacts/probes/intphys2/seed_runs_layerwise_v1/intphys2__jepa_v1__linear__layer_24/seed_102/layer_24/eval,results/verified_layerwise_probe_configs.csv,17,,,,artifact metrics read from train_eval_summary.json
main_linear_mlp,results/seed_runs/layerwise_seed_results_long.csv,intphys2__jepa_v1__mlp__layer_32,intphys2__jepa_v1__mlp__layer_32__seed_101,IntPhys2,intphys2,main,V-JEPA,ViT-H/16,MLP,mlp,32,Final layer,101,artifact,complete,voe_accuracy,voe_accuracy,100,99.172185,49.019608,72.54902,43.137255,62.254902,2000,2000,false,false,artifacts/probes/intphys2/seed_runs_layerwise_v1/intphys2__jepa_v1__mlp__layer_32/seed_101/train_eval_summary.json,artifacts/probes/intphys2/seed_runs_layerwise_v1/intphys2__jepa_v1__mlp__layer_32/seed_101/layer_32/eval,results/verified_layerwise_probe_configs.csv,18,,,,artifact metrics read from train_eval_summary.json
main_linear_mlp,results/seed_runs/layerwise_seed_results_long.csv,intphys2__jepa_v1__mlp__layer_32,intphys2__jepa_v1__mlp__layer_32__seed_102,IntPhys2,intphys2,main,V-JEPA,ViT-H/16,MLP,mlp,32,Final layer,102,artifact,complete,voe_accuracy,voe_accuracy,100,100,54.901961,71.568627,47.058824,63.72549,2000,2000,false,false,artifacts/probes/intphys2/seed_runs_layerwise_v1/intphys2__jepa_v1__mlp__layer_32/seed_102/train_eval_summary.json,artifacts/probes/intphys2/seed_runs_layerwise_v1/intphys2__jepa_v1__mlp__layer_32/seed_102/layer_32/eval,results/verified_layerwise_probe_configs.csv,18,,,,artifact metrics read from train_eval_summary.json
main_linear_mlp,results/seed_runs/layerwise_seed_results_long.csv,intphys2__jepa_v1__mlp__layer_8,intphys2__jepa_v1__mlp__layer_8__seed_101,IntPhys2,intphys2,main,V-JEPA,ViT-H/16,MLP,mlp,8,Layer 0.25,101,artifact,complete,voe_accuracy,voe_accuracy,31.125828,52.317881,11.764706,50.980392,21.568627,51.470588,50,50,false,false,artifacts/probes/intphys2/seed_runs_layerwise_v1/intphys2__jepa_v1__mlp__layer_8/seed_101/train_eval_summary.json,artifacts/probes/intphys2/seed_runs_layerwise_v1/intphys2__jepa_v1__mlp__layer_8/seed_101/layer_8/eval,results/verified_layerwise_probe_configs.csv,19,,,,artifact metrics read from train_eval_summary.json
main_linear_mlp,results/seed_runs/layerwise_seed_results_long.csv,intphys2__jepa_v1__mlp__layer_8,intphys2__jepa_v1__mlp__layer_8__seed_102,IntPhys2,intphys2,main,V-JEPA,ViT-H/16,MLP,mlp,8,Layer 0.25,102,artifact,complete,voe_accuracy,voe_accuracy,29.139073,51.986755,21.568627,51.960784,23.529412,50.490196,50,50,false,false,artifacts/probes/intphys2/seed_runs_layerwise_v1/intphys2__jepa_v1__mlp__layer_8/seed_102/train_eval_summary.json,artifacts/probes/intphys2/seed_runs_layerwise_v1/intphys2__jepa_v1__mlp__layer_8/seed_102/layer_8/eval,results/verified_layerwise_probe_configs.csv,19,,,,artifact metrics read from train_eval_summary.json
main_linear_mlp,results/seed_runs/layerwise_seed_results_long.csv,intphys2__jepa_v1__mlp__layer_16,intphys2__jepa_v1__mlp__layer_16__seed_101,IntPhys2,intphys2,main,V-JEPA,ViT-H/16,MLP,mlp,16,Layer 0.5,101,artifact,complete,voe_accuracy,voe_accuracy,100,99.006623,45.098039,63.235294,43.137255,61.27451,2000,2000,false,false,artifacts/probes/intphys2/seed_runs_layerwise_v1/intphys2__jepa_v1__mlp__layer_16/seed_101/train_eval_summary.json,artifacts/probes/intphys2/seed_runs_layerwise_v1/intphys2__jepa_v1__mlp__layer_16/seed_101/layer_16/eval,results/verified_layerwise_probe_configs.csv,20,,,,artifact metrics read from train_eval_summary.json
main_linear_mlp,results/seed_runs/layerwise_seed_results_long.csv,intphys2__jepa_v1__mlp__layer_16,intphys2__jepa_v1__mlp__layer_16__seed_102,IntPhys2,intphys2,main,V-JEPA,ViT-H/16,MLP,mlp,16,Layer 0.5,102,artifact,complete,voe_accuracy,voe_accuracy,100,100,39.215686,62.254902,41.176471,62.254902,2000,2000,false,false,artifacts/probes/intphys2/seed_runs_layerwise_v1/intphys2__jepa_v1__mlp__layer_16/seed_102/train_eval_summary.json,artifacts/probes/intphys2/seed_runs_layerwise_v1/intphys2__jepa_v1__mlp__layer_16/seed_102/layer_16/eval,results/verified_layerwise_probe_configs.csv,20,,,,artifact metrics read from train_eval_summary.json
main_linear_mlp,results/seed_runs/layerwise_seed_results_long.csv,intphys2__jepa_v1__mlp__layer_24,intphys2__jepa_v1__mlp__layer_24__seed_101,IntPhys2,intphys2,main,V-JEPA,ViT-H/16,MLP,mlp,24,Layer 0.75,101,artifact,complete,voe_accuracy,voe_accuracy,60.927152,65.397351,52.941176,63.235294,45.098039,57.843137,100,100,false,false,artifacts/probes/intphys2/seed_runs_layerwise_v1/intphys2__jepa_v1__mlp__layer_24/seed_101/train_eval_summary.json,artifacts/probes/intphys2/seed_runs_layerwise_v1/intphys2__jepa_v1__mlp__layer_24/seed_101/layer_24/eval,results/verified_layerwise_probe_configs.csv,21,,,,artifact metrics read from train_eval_summary.json
main_linear_mlp,results/seed_runs/layerwise_seed_results_long.csv,intphys2__jepa_v1__mlp__layer_24,intphys2__jepa_v1__mlp__layer_24__seed_102,IntPhys2,intphys2,main,V-JEPA,ViT-H/16,MLP,mlp,24,Layer 0.75,102,artifact,complete,voe_accuracy,voe_accuracy,61.589404,70.860927,50.980392,64.215686,47.058824,61.764706,100,100,false,false,artifacts/probes/intphys2/seed_runs_layerwise_v1/intphys2__jepa_v1__mlp__layer_24/seed_102/train_eval_summary.json,artifacts/probes/intphys2/seed_runs_layerwise_v1/intphys2__jepa_v1__mlp__layer_24/seed_102/layer_24/eval,results/verified_layerwise_probe_configs.csv,21,,,,artifact metrics read from train_eval_summary.json
main_linear_mlp,results/seed_runs/layerwise_seed_results_long.csv,intphys2__jepa_v2__linear__layer_40,intphys2__jepa_v2__linear__layer_40__seed_101,IntPhys2,intphys2,main,V-JEPA 2,ViT-G/16,Linear,linear,40,Final layer,101,artifact,complete,voe_accuracy,voe_accuracy,61.589404,64.403974,37.254902,57.843137,37.254902,57.843137,100,100,false,false,artifacts/probes/intphys2/seed_runs_layerwise_v1/intphys2__jepa_v2__linear__layer_40/seed_101/train_eval_summary.json,artifacts/probes/intphys2/seed_runs_layerwise_v1/intphys2__jepa_v2__linear__layer_40/seed_101/layer_40/eval,results/verified_layerwise_probe_configs.csv,38,,,,artifact metrics read from train_eval_summary.json
main_linear_mlp,results/seed_runs/layerwise_seed_results_long.csv,intphys2__jepa_v2__linear__layer_40,intphys2__jepa_v2__linear__layer_40__seed_102,IntPhys2,intphys2,main,V-JEPA 2,ViT-G/16,Linear,linear,40,Final layer,102,artifact,complete,voe_accuracy,voe_accuracy,58.940397,63.907285,37.254902,58.823529,37.254902,58.333333,100,100,false,false,artifacts/probes/intphys2/seed_runs_layerwise_v1/intphys2__jepa_v2__linear__layer_40/seed_102/train_eval_summary.json,artifacts/probes/intphys2/seed_runs_layerwise_v1/intphys2__jepa_v2__linear__layer_40/seed_102/layer_40/eval,results/verified_layerwise_probe_configs.csv,38,,,,artifact metrics read from train_eval_summary.json
main_linear_mlp,results/seed_runs/layerwise_seed_results_long.csv,intphys2__jepa_v2__linear__layer_10,intphys2__jepa_v2__linear__layer_10__seed_101,IntPhys2,intphys2,main,V-JEPA 2,ViT-G/16,Linear,linear,10,Layer 0.25,101,artifact,complete,voe_accuracy,voe_accuracy,28.476821,51.821192,5.882353,51.960784,11.764706,52.941176,100,100,false,false,artifacts/probes/intphys2/seed_runs_layerwise_v1/intphys2__jepa_v2__linear__layer_10/seed_101/train_eval_summary.json,artifacts/probes/intphys2/seed_runs_layerwise_v1/intphys2__jepa_v2__linear__layer_10/seed_101/layer_10/eval,results/verified_layerwise_probe_configs.csv,39,,,,artifact metrics read from train_eval_summary.json
main_linear_mlp,results/seed_runs/layerwise_seed_results_long.csv,intphys2__jepa_v2__linear__layer_10,intphys2__jepa_v2__linear__layer_10__seed_102,IntPhys2,intphys2,main,V-JEPA 2,ViT-G/16,Linear,linear,10,Layer 0.25,102,artifact,complete,voe_accuracy,voe_accuracy,31.125828,51.15894,9.803922,51.960784,17.647059,52.45098,100,100,false,false,artifacts/probes/intphys2/seed_runs_layerwise_v1/intphys2__jepa_v2__linear__layer_10/seed_102/train_eval_summary.json,artifacts/probes/intphys2/seed_runs_layerwise_v1/intphys2__jepa_v2__linear__layer_10/seed_102/layer_10/eval,results/verified_layerwise_probe_configs.csv,39,,,,artifact metrics read from train_eval_summary.json
main_linear_mlp,results/seed_runs/layerwise_seed_results_long.csv,intphys2__jepa_v2__linear__layer_20,intphys2__jepa_v2__linear__layer_20__seed_101,IntPhys2,intphys2,main,V-JEPA 2,ViT-G/16,Linear,linear,20,Layer 0.5,101,artifact,complete,voe_accuracy,voe_accuracy,44.370861,57.450331,17.647059,52.941176,23.529412,50.490196,100,100,false,false,artifacts/probes/intphys2/seed_runs_layerwise_v1/intphys2__jepa_v2__linear__layer_20/seed_101/train_eval_summary.json,artifacts/probes/intphys2/seed_runs_layerwise_v1/intphys2__jepa_v2__linear__layer_20/seed_101/layer_20/eval,results/verified_layerwise_probe_configs.csv,40,,,,artifact metrics read from train_eval_summary.json
main_linear_mlp,results/seed_runs/layerwise_seed_results_long.csv,intphys2__jepa_v2__linear__layer_20,intphys2__jepa_v2__linear__layer_20__seed_102,IntPhys2,intphys2,main,V-JEPA 2,ViT-G/16,Linear,linear,20,Layer 0.5,102,artifact,complete,voe_accuracy,voe_accuracy,38.410596,53.642384,19.607843,51.960784,21.568627,52.45098,100,100,false,false,artifacts/probes/intphys2/seed_runs_layerwise_v1/intphys2__jepa_v2__linear__layer_20/seed_102/train_eval_summary.json,artifacts/probes/intphys2/seed_runs_layerwise_v1/intphys2__jepa_v2__linear__layer_20/seed_102/layer_20/eval,results/verified_layerwise_probe_configs.csv,40,,,,artifact metrics read from train_eval_summary.json
main_linear_mlp,results/seed_runs/layerwise_seed_results_long.csv,intphys2__jepa_v2__linear__layer_30,intphys2__jepa_v2__linear__layer_30__seed_101,IntPhys2,intphys2,main,V-JEPA 2,ViT-G/16,Linear,linear,30,Layer 0.75,101,artifact,complete,voe_accuracy,voe_accuracy,41.721854,56.456954,25.490196,55.882353,41.176471,51.470588,100,100,false,false,artifacts/probes/intphys2/seed_runs_layerwise_v1/intphys2__jepa_v2__linear__layer_30/seed_101/train_eval_summary.json,artifacts/probes/intphys2/seed_runs_layerwise_v1/intphys2__jepa_v2__linear__layer_30/seed_101/layer_30/eval,results/verified_layerwise_probe_configs.csv,41,,,,artifact metrics read from train_eval_summary.json
main_linear_mlp,results/seed_runs/layerwise_seed_results_long.csv,intphys2__jepa_v2__linear__layer_30,intphys2__jepa_v2__linear__layer_30__seed_102,IntPhys2,intphys2,main,V-JEPA 2,ViT-G/16,Linear,linear,30,Layer 0.75,102,artifact,complete,voe_accuracy,voe_accuracy,43.046358,59.437086,31.372549,55.392157,35.294118,58.333333,100,100,false,false,artifacts/probes/intphys2/seed_runs_layerwise_v1/intphys2__jepa_v2__linear__layer_30/seed_102/train_eval_summary.json,artifacts/probes/intphys2/seed_runs_layerwise_v1/intphys2__jepa_v2__linear__layer_30/seed_102/layer_30/eval,results/verified_layerwise_probe_configs.csv,41,,,,artifact metrics read from train_eval_summary.json
main_linear_mlp,results/seed_runs/layerwise_seed_results_long.csv,intphys2__jepa_v2__mlp__layer_40,intphys2__jepa_v2__mlp__layer_40__seed_101,IntPhys2,intphys2,main,V-JEPA 2,ViT-G/16,MLP,mlp,40,Final layer,101,artifact,complete,voe_accuracy,voe_accuracy,100,100,31.372549,64.215686,52.941176,60.784314,2000,2000,false,false,artifacts/probes/intphys2/seed_runs_layerwise_v1/intphys2__jepa_v2__mlp__layer_40/seed_101/train_eval_summary.json,artifacts/probes/intphys2/seed_runs_layerwise_v1/intphys2__jepa_v2__mlp__layer_40/seed_101/layer_40/eval,results/verified_layerwise_probe_configs.csv,42,,,,artifact metrics read from train_eval_summary.json
main_linear_mlp,results/seed_runs/layerwise_seed_results_long.csv,intphys2__jepa_v2__mlp__layer_40,intphys2__jepa_v2__mlp__layer_40__seed_102,IntPhys2,intphys2,main,V-JEPA 2,ViT-G/16,MLP,mlp,40,Final layer,102,artifact,complete,voe_accuracy,voe_accuracy,100,100,37.254902,65.196078,54.901961,61.27451,2000,2000,false,false,artifacts/probes/intphys2/seed_runs_layerwise_v1/intphys2__jepa_v2__mlp__layer_40/seed_102/train_eval_summary.json,artifacts/probes/intphys2/seed_runs_layerwise_v1/intphys2__jepa_v2__mlp__layer_40/seed_102/layer_40/eval,results/verified_layerwise_probe_configs.csv,42,,,,artifact metrics read from train_eval_summary.json
main_linear_mlp,results/seed_runs/layerwise_seed_results_long.csv,intphys2__jepa_v2__mlp__layer_10,intphys2__jepa_v2__mlp__layer_10__seed_101,IntPhys2,intphys2,main,V-JEPA 2,ViT-G/16,MLP,mlp,10,Layer 0.25,101,artifact,complete,voe_accuracy,voe_accuracy,58.940397,72.516556,19.607843,54.411765,17.647059,51.960784,2000,2000,false,false,artifacts/probes/intphys2/seed_runs_layerwise_v1/intphys2__jepa_v2__mlp__layer_10/seed_101/train_eval_summary.json,artifacts/probes/intphys2/seed_runs_layerwise_v1/intphys2__jepa_v2__mlp__layer_10/seed_101/layer_10/eval,results/verified_layerwise_probe_configs.csv,43,,,,artifact metrics read from train_eval_summary.json
main_linear_mlp,results/seed_runs/layerwise_seed_results_long.csv,intphys2__jepa_v2__mlp__layer_10,intphys2__jepa_v2__mlp__layer_10__seed_102,IntPhys2,intphys2,main,V-JEPA 2,ViT-G/16,MLP,mlp,10,Layer 0.25,102,artifact,complete,voe_accuracy,voe_accuracy,73.509934,71.357616,7.843137,53.431373,19.607843,52.45098,2000,2000,false,false,artifacts/probes/intphys2/seed_runs_layerwise_v1/intphys2__jepa_v2__mlp__layer_10/seed_102/train_eval_summary.json,artifacts/probes/intphys2/seed_runs_layerwise_v1/intphys2__jepa_v2__mlp__layer_10/seed_102/layer_10/eval,results/verified_layerwise_probe_configs.csv,43,,,,artifact metrics read from train_eval_summary.json
main_linear_mlp,results/seed_runs/layerwise_seed_results_long.csv,intphys2__jepa_v2__mlp__layer_20,intphys2__jepa_v2__mlp__layer_20__seed_101,IntPhys2,intphys2,main,V-JEPA 2,ViT-G/16,MLP,mlp,20,Layer 0.5,101,artifact,complete,voe_accuracy,voe_accuracy,91.390728,88.245033,19.607843,56.862745,23.529412,53.921569,2000,2000,false,false,artifacts/probes/intphys2/seed_runs_layerwise_v1/intphys2__jepa_v2__mlp__layer_20/seed_101/train_eval_summary.json,artifacts/probes/intphys2/seed_runs_layerwise_v1/intphys2__jepa_v2__mlp__layer_20/seed_101/layer_20/eval,results/verified_layerwise_probe_configs.csv,44,,,,artifact metrics read from train_eval_summary.json
main_linear_mlp,results/seed_runs/layerwise_seed_results_long.csv,intphys2__jepa_v2__mlp__layer_20,intphys2__jepa_v2__mlp__layer_20__seed_102,IntPhys2,intphys2,main,V-JEPA 2,ViT-G/16,MLP,mlp,20,Layer 0.5,102,artifact,complete,voe_accuracy,voe_accuracy,79.470199,86.092715,23.529412,57.352941,21.568627,55.392157,2000,2000,false,false,artifacts/probes/intphys2/seed_runs_layerwise_v1/intphys2__jepa_v2__mlp__layer_20/seed_102/train_eval_summary.json,artifacts/probes/intphys2/seed_runs_layerwise_v1/intphys2__jepa_v2__mlp__layer_20/seed_102/layer_20/eval,results/verified_layerwise_probe_configs.csv,44,,,,artifact metrics read from train_eval_summary.json
main_linear_mlp,results/seed_runs/layerwise_seed_results_long.csv,intphys2__jepa_v2__mlp__layer_30,intphys2__jepa_v2__mlp__layer_30__seed_101,IntPhys2,intphys2,main,V-JEPA 2,ViT-G/16,MLP,mlp,30,Layer 0.75,101,artifact,complete,voe_accuracy,voe_accuracy,94.701987,84.933775,35.294118,61.764706,50.980392,63.72549,2000,2000,false,false,artifacts/probes/intphys2/seed_runs_layerwise_v1/intphys2__jepa_v2__mlp__layer_30/seed_101/train_eval_summary.json,artifacts/probes/intphys2/seed_runs_layerwise_v1/intphys2__jepa_v2__mlp__layer_30/seed_101/layer_30/eval,results/verified_layerwise_probe_configs.csv,45,,,,artifact metrics read from train_eval_summary.json
main_linear_mlp,results/seed_runs/layerwise_seed_results_long.csv,intphys2__jepa_v2__mlp__layer_30,intphys2__jepa_v2__mlp__layer_30__seed_102,IntPhys2,intphys2,main,V-JEPA 2,ViT-G/16,MLP,mlp,30,Layer 0.75,102,artifact,complete,voe_accuracy,voe_accuracy,89.403974,88.410596,37.254902,63.72549,54.901961,65.686275,2000,2000,false,false,artifacts/probes/intphys2/seed_runs_layerwise_v1/intphys2__jepa_v2__mlp__layer_30/seed_102/train_eval_summary.json,artifacts/probes/intphys2/seed_runs_layerwise_v1/intphys2__jepa_v2__mlp__layer_30/seed_102/layer_30/eval,results/verified_layerwise_probe_configs.csv,45,,,,artifact metrics read from train_eval_summary.json
main_linear_mlp,results/seed_runs/layerwise_seed_results_long.csv,intphys2__jepa_v2_1__linear__layer_48,intphys2__jepa_v2_1__linear__layer_48__seed_101,IntPhys2,intphys2,main,V-JEPA 2.1,ViT-Gigantic/16,Linear,linear,48,Final layer,101,artifact,complete,voe_accuracy,voe_accuracy,53.642384,65.231788,29.411765,56.372549,39.215686,55.392157,100,100,false,false,artifacts/probes/intphys2/seed_runs_layerwise_v1/intphys2__jepa_v2_1__linear__layer_48/seed_101/train_eval_summary.json,artifacts/probes/intphys2/seed_runs_layerwise_v1/intphys2__jepa_v2_1__linear__layer_48/seed_101/layer_48/eval,results/verified_layerwise_probe_configs.csv,86,,,,artifact metrics read from train_eval_summary.json
main_linear_mlp,results/seed_runs/layerwise_seed_results_long.csv,intphys2__jepa_v2_1__linear__layer_48,intphys2__jepa_v2_1__linear__layer_48__seed_102,IntPhys2,intphys2,main,V-JEPA 2.1,ViT-Gigantic/16,Linear,linear,48,Final layer,102,artifact,complete,voe_accuracy,voe_accuracy,51.655629,57.450331,25.490196,58.333333,35.294118,56.372549,100,100,false,false,artifacts/probes/intphys2/seed_runs_layerwise_v1/intphys2__jepa_v2_1__linear__layer_48/seed_102/train_eval_summary.json,artifacts/probes/intphys2/seed_runs_layerwise_v1/intphys2__jepa_v2_1__linear__layer_48/seed_102/layer_48/eval,results/verified_layerwise_probe_configs.csv,86,,,,artifact metrics read from train_eval_summary.json
main_linear_mlp,results/seed_runs/layerwise_seed_results_long.csv,intphys2__jepa_v2_1__linear__layer_12,intphys2__jepa_v2_1__linear__layer_12__seed_101,IntPhys2,intphys2,main,V-JEPA 2.1,ViT-Gigantic/16,Linear,linear,12,Layer 0.25,101,artifact,complete,voe_accuracy,voe_accuracy,30.463576,53.807947,27.45098,54.901961,23.529412,53.921569,100,100,false,false,artifacts/probes/intphys2/seed_runs_layerwise_v1/intphys2__jepa_v2_1__linear__layer_12/seed_101/train_eval_summary.json,artifacts/probes/intphys2/seed_runs_layerwise_v1/intphys2__jepa_v2_1__linear__layer_12/seed_101/layer_12/eval,results/verified_layerwise_probe_configs.csv,87,,,,artifact metrics read from train_eval_summary.json
main_linear_mlp,results/seed_runs/layerwise_seed_results_long.csv,intphys2__jepa_v2_1__linear__layer_12,intphys2__jepa_v2_1__linear__layer_12__seed_102,IntPhys2,intphys2,main,V-JEPA 2.1,ViT-Gigantic/16,Linear,linear,12,Layer 0.25,102,artifact,complete,voe_accuracy,voe_accuracy,25.827815,52.317881,27.45098,54.901961,23.529412,55.392157,100,100,false,false,artifacts/probes/intphys2/seed_runs_layerwise_v1/intphys2__jepa_v2_1__linear__layer_12/seed_102/train_eval_summary.json,artifacts/probes/intphys2/seed_runs_layerwise_v1/intphys2__jepa_v2_1__linear__layer_12/seed_102/layer_12/eval,results/verified_layerwise_probe_configs.csv,87,,,,artifact metrics read from train_eval_summary.json
main_linear_mlp,results/seed_runs/layerwise_seed_results_long.csv,intphys2__jepa_v2_1__linear__layer_24,intphys2__jepa_v2_1__linear__layer_24__seed_101,IntPhys2,intphys2,main,V-JEPA 2.1,ViT-Gigantic/16,Linear,linear,24,Layer 0.5,101,artifact,complete,voe_accuracy,voe_accuracy,37.086093,57.781457,21.568627,54.901961,17.647059,54.901961,100,100,false,false,artifacts/probes/intphys2/seed_runs_layerwise_v1/intphys2__jepa_v2_1__linear__layer_24/seed_101/train_eval_summary.json,artifacts/probes/intphys2/seed_runs_layerwise_v1/intphys2__jepa_v2_1__linear__layer_24/seed_101/layer_24/eval,results/verified_layerwise_probe_configs.csv,88,,,,artifact metrics read from train_eval_summary.json
main_linear_mlp,results/seed_runs/layerwise_seed_results_long.csv,intphys2__jepa_v2_1__linear__layer_24,intphys2__jepa_v2_1__linear__layer_24__seed_102,IntPhys2,intphys2,main,V-JEPA 2.1,ViT-Gigantic/16,Linear,linear,24,Layer 0.5,102,artifact,complete,voe_accuracy,voe_accuracy,38.410596,57.781457,17.647059,55.882353,23.529412,55.392157,100,100,false,false,artifacts/probes/intphys2/seed_runs_layerwise_v1/intphys2__jepa_v2_1__linear__layer_24/seed_102/train_eval_summary.json,artifacts/probes/intphys2/seed_runs_layerwise_v1/intphys2__jepa_v2_1__linear__layer_24/seed_102/layer_24/eval,results/verified_layerwise_probe_configs.csv,88,,,,artifact metrics read from train_eval_summary.json
main_linear_mlp,results/seed_runs/layerwise_seed_results_long.csv,intphys2__jepa_v2_1__linear__layer_38,intphys2__jepa_v2_1__linear__layer_38__seed_101,IntPhys2,intphys2,main,V-JEPA 2.1,ViT-Gigantic/16,Linear,linear,38,Layer 0.75,101,artifact,complete,voe_accuracy,voe_accuracy,49.668874,60.099338,25.490196,54.901961,23.529412,53.921569,100,100,false,false,artifacts/probes/intphys2/seed_runs_layerwise_v1/intphys2__jepa_v2_1__linear__layer_38/seed_101/train_eval_summary.json,artifacts/probes/intphys2/seed_runs_layerwise_v1/intphys2__jepa_v2_1__linear__layer_38/seed_101/layer_38/eval,results/verified_layerwise_probe_configs.csv,89,,,,artifact metrics read from train_eval_summary.json
main_linear_mlp,results/seed_runs/layerwise_seed_results_long.csv,intphys2__jepa_v2_1__linear__layer_38,intphys2__jepa_v2_1__linear__layer_38__seed_102,IntPhys2,intphys2,main,V-JEPA 2.1,ViT-Gigantic/16,Linear,linear,38,Layer 0.75,102,artifact,complete,voe_accuracy,voe_accuracy,52.980132,54.801325,29.411765,55.392157,25.490196,54.411765,100,100,false,false,artifacts/probes/intphys2/seed_runs_layerwise_v1/intphys2__jepa_v2_1__linear__layer_38/seed_102/train_eval_summary.json,artifacts/probes/intphys2/seed_runs_layerwise_v1/intphys2__jepa_v2_1__linear__layer_38/seed_102/layer_38/eval,results/verified_layerwise_probe_configs.csv,89,,,,artifact metrics read from train_eval_summary.json
main_linear_mlp,results/seed_runs/layerwise_seed_results_long.csv,intphys2__jepa_v2_1__mlp__layer_48,intphys2__jepa_v2_1__mlp__layer_48__seed_101,IntPhys2,intphys2,main,V-JEPA 2.1,ViT-Gigantic/16,MLP,mlp,48,Final layer,101,artifact,complete,voe_accuracy,voe_accuracy,100,99.503311,23.529412,60.784314,37.254902,58.333333,2000,2000,false,false,artifacts/probes/intphys2/seed_runs_layerwise_v1/intphys2__jepa_v2_1__mlp__layer_48/seed_101/train_eval_summary.json,artifacts/probes/intphys2/seed_runs_layerwise_v1/intphys2__jepa_v2_1__mlp__layer_48/seed_101/layer_48/eval,results/verified_layerwise_probe_configs.csv,90,,,,artifact metrics read from train_eval_summary.json
main_linear_mlp,results/seed_runs/layerwise_seed_results_long.csv,intphys2__jepa_v2_1__mlp__layer_48,intphys2__jepa_v2_1__mlp__layer_48__seed_102,IntPhys2,intphys2,main,V-JEPA 2.1,ViT-Gigantic/16,MLP,mlp,48,Final layer,102,artifact,complete,voe_accuracy,voe_accuracy,100,99.834437,25.490196,62.745098,45.098039,60.784314,2000,2000,false,false,artifacts/probes/intphys2/seed_runs_layerwise_v1/intphys2__jepa_v2_1__mlp__layer_48/seed_102/train_eval_summary.json,artifacts/probes/intphys2/seed_runs_layerwise_v1/intphys2__jepa_v2_1__mlp__layer_48/seed_102/layer_48/eval,results/verified_layerwise_probe_configs.csv,90,,,,artifact metrics read from train_eval_summary.json
main_linear_mlp,results/seed_runs/layerwise_seed_results_long.csv,intphys2__jepa_v2_1__mlp__layer_12,intphys2__jepa_v2_1__mlp__layer_12__seed_101,IntPhys2,intphys2,main,V-JEPA 2.1,ViT-Gigantic/16,MLP,mlp,12,Layer 0.25,101,artifact,complete,voe_accuracy,voe_accuracy,91.390728,88.576159,27.45098,58.333333,21.568627,56.862745,2000,2000,false,false,artifacts/probes/intphys2/seed_runs_layerwise_v1/intphys2__jepa_v2_1__mlp__layer_12/seed_101/train_eval_summary.json,artifacts/probes/intphys2/seed_runs_layerwise_v1/intphys2__jepa_v2_1__mlp__layer_12/seed_101/layer_12/eval,results/verified_layerwise_probe_configs.csv,91,,,,artifact metrics read from train_eval_summary.json
main_linear_mlp,results/seed_runs/layerwise_seed_results_long.csv,intphys2__jepa_v2_1__mlp__layer_12,intphys2__jepa_v2_1__mlp__layer_12__seed_102,IntPhys2,intphys2,main,V-JEPA 2.1,ViT-Gigantic/16,MLP,mlp,12,Layer 0.25,102,artifact,complete,voe_accuracy,voe_accuracy,88.741722,88.907285,25.490196,57.843137,15.686275,56.372549,2000,2000,false,false,artifacts/probes/intphys2/seed_runs_layerwise_v1/intphys2__jepa_v2_1__mlp__layer_12/seed_102/train_eval_summary.json,artifacts/probes/intphys2/seed_runs_layerwise_v1/intphys2__jepa_v2_1__mlp__layer_12/seed_102/layer_12/eval,results/verified_layerwise_probe_configs.csv,91,,,,artifact metrics read from train_eval_summary.json
main_linear_mlp,results/seed_runs/layerwise_seed_results_long.csv,intphys2__jepa_v2_1__mlp__layer_24,intphys2__jepa_v2_1__mlp__layer_24__seed_101,IntPhys2,intphys2,main,V-JEPA 2.1,ViT-Gigantic/16,MLP,mlp,24,Layer 0.5,101,artifact,complete,voe_accuracy,voe_accuracy,26.490066,53.807947,13.72549,52.941176,17.647059,53.431373,50,50,false,false,artifacts/probes/intphys2/seed_runs_layerwise_v1/intphys2__jepa_v2_1__mlp__layer_24/seed_101/train_eval_summary.json,artifacts/probes/intphys2/seed_runs_layerwise_v1/intphys2__jepa_v2_1__mlp__layer_24/seed_101/layer_24/eval,results/verified_layerwise_probe_configs.csv,92,,,,artifact metrics read from train_eval_summary.json
main_linear_mlp,results/seed_runs/layerwise_seed_results_long.csv,intphys2__jepa_v2_1__mlp__layer_24,intphys2__jepa_v2_1__mlp__layer_24__seed_102,IntPhys2,intphys2,main,V-JEPA 2.1,ViT-Gigantic/16,MLP,mlp,24,Layer 0.5,102,artifact,complete,voe_accuracy,voe_accuracy,27.152318,53.97351,11.764706,52.941176,21.568627,51.960784,50,50,false,false,artifacts/probes/intphys2/seed_runs_layerwise_v1/intphys2__jepa_v2_1__mlp__layer_24/seed_102/train_eval_summary.json,artifacts/probes/intphys2/seed_runs_layerwise_v1/intphys2__jepa_v2_1__mlp__layer_24/seed_102/layer_24/eval,results/verified_layerwise_probe_configs.csv,92,,,,artifact metrics read from train_eval_summary.json
main_linear_mlp,results/seed_runs/layerwise_seed_results_long.csv,intphys2__jepa_v2_1__mlp__layer_38,intphys2__jepa_v2_1__mlp__layer_38__seed_101,IntPhys2,intphys2,main,V-JEPA 2.1,ViT-Gigantic/16,MLP,mlp,38,Layer 0.75,101,artifact,complete,voe_accuracy,voe_accuracy,100,98.013245,43.137255,60.784314,37.254902,60.784314,2000,2000,false,false,artifacts/probes/intphys2/seed_runs_layerwise_v1/intphys2__jepa_v2_1__mlp__layer_38/seed_101/train_eval_summary.json,artifacts/probes/intphys2/seed_runs_layerwise_v1/intphys2__jepa_v2_1__mlp__layer_38/seed_101/layer_38/eval,results/verified_layerwise_probe_configs.csv,93,,,,artifact metrics read from train_eval_summary.json
main_linear_mlp,results/seed_runs/layerwise_seed_results_long.csv,intphys2__jepa_v2_1__mlp__layer_38,intphys2__jepa_v2_1__mlp__layer_38__seed_102,IntPhys2,intphys2,main,V-JEPA 2.1,ViT-Gigantic/16,MLP,mlp,38,Layer 0.75,102,artifact,complete,voe_accuracy,voe_accuracy,100,99.172185,43.137255,61.764706,43.137255,57.843137,2000,2000,false,false,artifacts/probes/intphys2/seed_runs_layerwise_v1/intphys2__jepa_v2_1__mlp__layer_38/seed_102/train_eval_summary.json,artifacts/probes/intphys2/seed_runs_layerwise_v1/intphys2__jepa_v2_1__mlp__layer_38/seed_102/layer_38/eval,results/verified_layerwise_probe_configs.csv,93,,,,artifact metrics read from train_eval_summary.json
main_linear_mlp,results/seed_runs/layerwise_seed_results_long.csv,intphys2__videomae__linear__layer_32,intphys2__videomae__linear__layer_32__seed_101,IntPhys2,intphys2,main,VideoMAE,ViT-H/16,Linear,linear,32,Final layer,101,artifact,complete,voe_accuracy,voe_accuracy,60.264901,67.715232,29.411765,57.352941,31.372549,52.941176,1000,1000,false,false,artifacts/probes/intphys2/seed_runs_layerwise_v1/intphys2__videomae__linear__layer_32/seed_101/train_eval_summary.json,artifacts/probes/intphys2/seed_runs_layerwise_v1/intphys2__videomae__linear__layer_32/seed_101/layer_32/eval,results/verified_layerwise_probe_configs.csv,110,,,,artifact metrics read from train_eval_summary.json
main_linear_mlp,results/seed_runs/layerwise_seed_results_long.csv,intphys2__videomae__linear__layer_32,intphys2__videomae__linear__layer_32__seed_102,IntPhys2,intphys2,main,VideoMAE,ViT-H/16,Linear,linear,32,Final layer,102,artifact,complete,voe_accuracy,voe_accuracy,78.807947,79.139073,23.529412,57.352941,23.529412,51.470588,1000,1000,false,false,artifacts/probes/intphys2/seed_runs_layerwise_v1/intphys2__videomae__linear__layer_32/seed_102/train_eval_summary.json,artifacts/probes/intphys2/seed_runs_layerwise_v1/intphys2__videomae__linear__layer_32/seed_102/layer_32/eval,results/verified_layerwise_probe_configs.csv,110,,,,artifact metrics read from train_eval_summary.json
main_linear_mlp,results/seed_runs/layerwise_seed_results_long.csv,intphys2__videomae__linear__layer_8,intphys2__videomae__linear__layer_8__seed_101,IntPhys2,intphys2,main,VideoMAE,ViT-H/16,Linear,linear,8,Layer 0.25,101,artifact,complete,voe_accuracy,voe_accuracy,22.516556,52.81457,9.803922,51.470588,21.568627,50.490196,50,50,false,false,artifacts/probes/intphys2/seed_runs_layerwise_v1/intphys2__videomae__linear__layer_8/seed_101/train_eval_summary.json,artifacts/probes/intphys2/seed_runs_layerwise_v1/intphys2__videomae__linear__layer_8/seed_101/layer_8/eval,results/verified_layerwise_probe_configs.csv,111,,,,artifact metrics read from train_eval_summary.json
main_linear_mlp,results/seed_runs/layerwise_seed_results_long.csv,intphys2__videomae__linear__layer_8,intphys2__videomae__linear__layer_8__seed_102,IntPhys2,intphys2,main,VideoMAE,ViT-H/16,Linear,linear,8,Layer 0.25,102,artifact,complete,voe_accuracy,voe_accuracy,12.582781,49.337748,9.803922,52.941176,13.72549,50,50,50,false,false,artifacts/probes/intphys2/seed_runs_layerwise_v1/intphys2__videomae__linear__layer_8/seed_102/train_eval_summary.json,artifacts/probes/intphys2/seed_runs_layerwise_v1/intphys2__videomae__linear__layer_8/seed_102/layer_8/eval,results/verified_layerwise_probe_configs.csv,111,,,,artifact metrics read from train_eval_summary.json
main_linear_mlp,results/seed_runs/layerwise_seed_results_long.csv,intphys2__videomae__linear__layer_16,intphys2__videomae__linear__layer_16__seed_101,IntPhys2,intphys2,main,VideoMAE,ViT-H/16,Linear,linear,16,Layer 0.5,101,artifact,complete,voe_accuracy,voe_accuracy,51.655629,65.89404,37.254902,58.333333,29.411765,55.392157,2000,2000,false,false,artifacts/probes/intphys2/seed_runs_layerwise_v1/intphys2__videomae__linear__layer_16/seed_101/train_eval_summary.json,artifacts/probes/intphys2/seed_runs_layerwise_v1/intphys2__videomae__linear__layer_16/seed_101/layer_16/eval,results/verified_layerwise_probe_configs.csv,112,,,,artifact metrics read from train_eval_summary.json
main_linear_mlp,results/seed_runs/layerwise_seed_results_long.csv,intphys2__videomae__linear__layer_16,intphys2__videomae__linear__layer_16__seed_102,IntPhys2,intphys2,main,VideoMAE,ViT-H/16,Linear,linear,16,Layer 0.5,102,artifact,complete,voe_accuracy,voe_accuracy,50.993377,57.94702,31.372549,57.352941,25.490196,56.372549,2000,2000,false,false,artifacts/probes/intphys2/seed_runs_layerwise_v1/intphys2__videomae__linear__layer_16/seed_102/train_eval_summary.json,artifacts/probes/intphys2/seed_runs_layerwise_v1/intphys2__videomae__linear__layer_16/seed_102/layer_16/eval,results/verified_layerwise_probe_configs.csv,112,,,,artifact metrics read from train_eval_summary.json
main_linear_mlp,results/seed_runs/layerwise_seed_results_long.csv,intphys2__videomae__linear__layer_24,intphys2__videomae__linear__layer_24__seed_101,IntPhys2,intphys2,main,VideoMAE,ViT-H/16,Linear,linear,24,Layer 0.75,101,artifact,complete,voe_accuracy,voe_accuracy,53.642384,67.384106,35.294118,62.254902,29.411765,56.862745,500,500,false,false,artifacts/probes/intphys2/seed_runs_layerwise_v1/intphys2__videomae__linear__layer_24/seed_101/train_eval_summary.json,artifacts/probes/intphys2/seed_runs_layerwise_v1/intphys2__videomae__linear__layer_24/seed_101/layer_24/eval,results/verified_layerwise_probe_configs.csv,113,,,,artifact metrics read from train_eval_summary.json
main_linear_mlp,results/seed_runs/layerwise_seed_results_long.csv,intphys2__videomae__linear__layer_24,intphys2__videomae__linear__layer_24__seed_102,IntPhys2,intphys2,main,VideoMAE,ViT-H/16,Linear,linear,24,Layer 0.75,102,artifact,complete,voe_accuracy,voe_accuracy,56.953642,66.721854,37.254902,59.803922,29.411765,58.333333,500,500,false,false,artifacts/probes/intphys2/seed_runs_layerwise_v1/intphys2__videomae__linear__layer_24/seed_102/train_eval_summary.json,artifacts/probes/intphys2/seed_runs_layerwise_v1/intphys2__videomae__linear__layer_24/seed_102/layer_24/eval,results/verified_layerwise_probe_configs.csv,113,,,,artifact metrics read from train_eval_summary.json
main_linear_mlp,results/seed_runs/layerwise_seed_results_long.csv,intphys2__videomae__mlp__layer_32,intphys2__videomae__mlp__layer_32__seed_101,IntPhys2,intphys2,main,VideoMAE,ViT-H/16,MLP,mlp,32,Final layer,101,artifact,complete,voe_accuracy,voe_accuracy,79.470199,83.774834,25.490196,58.333333,33.333333,57.843137,2000,2000,false,false,artifacts/probes/intphys2/seed_runs_layerwise_v1/intphys2__videomae__mlp__layer_32/seed_101/train_eval_summary.json,artifacts/probes/intphys2/seed_runs_layerwise_v1/intphys2__videomae__mlp__layer_32/seed_101/layer_32/eval,results/verified_layerwise_probe_configs.csv,114,,,,artifact metrics read from train_eval_summary.json
main_linear_mlp,results/seed_runs/layerwise_seed_results_long.csv,intphys2__videomae__mlp__layer_32,intphys2__videomae__mlp__layer_32__seed_102,IntPhys2,intphys2,main,VideoMAE,ViT-H/16,MLP,mlp,32,Final layer,102,artifact,complete,voe_accuracy,voe_accuracy,83.443709,88.245033,27.45098,58.333333,31.372549,55.392157,2000,2000,false,false,artifacts/probes/intphys2/seed_runs_layerwise_v1/intphys2__videomae__mlp__layer_32/seed_102/train_eval_summary.json,artifacts/probes/intphys2/seed_runs_layerwise_v1/intphys2__videomae__mlp__layer_32/seed_102/layer_32/eval,results/verified_layerwise_probe_configs.csv,114,,,,artifact metrics read from train_eval_summary.json
main_linear_mlp,results/seed_runs/layerwise_seed_results_long.csv,intphys2__videomae__mlp__layer_8,intphys2__videomae__mlp__layer_8__seed_101,IntPhys2,intphys2,main,VideoMAE,ViT-H/16,MLP,mlp,8,Layer 0.25,101,artifact,complete,voe_accuracy,voe_accuracy,17.218543,50.165563,11.764706,51.960784,13.72549,50.490196,20,20,false,false,artifacts/probes/intphys2/seed_runs_layerwise_v1/intphys2__videomae__mlp__layer_8/seed_101/train_eval_summary.json,artifacts/probes/intphys2/seed_runs_layerwise_v1/intphys2__videomae__mlp__layer_8/seed_101/layer_8/eval,results/verified_layerwise_probe_configs.csv,115,,,,artifact metrics read from train_eval_summary.json
main_linear_mlp,results/seed_runs/layerwise_seed_results_long.csv,intphys2__videomae__mlp__layer_8,intphys2__videomae__mlp__layer_8__seed_102,IntPhys2,intphys2,main,VideoMAE,ViT-H/16,MLP,mlp,8,Layer 0.25,102,artifact,complete,voe_accuracy,voe_accuracy,19.86755,50.165563,5.882353,51.470588,13.72549,50,20,20,false,false,artifacts/probes/intphys2/seed_runs_layerwise_v1/intphys2__videomae__mlp__layer_8/seed_102/train_eval_summary.json,artifacts/probes/intphys2/seed_runs_layerwise_v1/intphys2__videomae__mlp__layer_8/seed_102/layer_8/eval,results/verified_layerwise_probe_configs.csv,115,,,,artifact metrics read from train_eval_summary.json
main_linear_mlp,results/seed_runs/layerwise_seed_results_long.csv,intphys2__videomae__mlp__layer_16,intphys2__videomae__mlp__layer_16__seed_101,IntPhys2,intphys2,main,VideoMAE,ViT-H/16,MLP,mlp,16,Layer 0.5,101,artifact,complete,voe_accuracy,voe_accuracy,43.708609,53.97351,35.294118,52.941176,27.45098,50.490196,50,50,false,false,artifacts/probes/intphys2/seed_runs_layerwise_v1/intphys2__videomae__mlp__layer_16/seed_101/train_eval_summary.json,artifacts/probes/intphys2/seed_runs_layerwise_v1/intphys2__videomae__mlp__layer_16/seed_101/layer_16/eval,results/verified_layerwise_probe_configs.csv,116,,,,artifact metrics read from train_eval_summary.json
main_linear_mlp,results/seed_runs/layerwise_seed_results_long.csv,intphys2__videomae__mlp__layer_16,intphys2__videomae__mlp__layer_16__seed_102,IntPhys2,intphys2,main,VideoMAE,ViT-H/16,MLP,mlp,16,Layer 0.5,102,artifact,complete,voe_accuracy,voe_accuracy,41.721854,51.986755,39.215686,53.431373,33.333333,53.921569,50,50,false,false,artifacts/probes/intphys2/seed_runs_layerwise_v1/intphys2__videomae__mlp__layer_16/seed_102/train_eval_summary.json,artifacts/probes/intphys2/seed_runs_layerwise_v1/intphys2__videomae__mlp__layer_16/seed_102/layer_16/eval,results/verified_layerwise_probe_configs.csv,116,,,,artifact metrics read from train_eval_summary.json
main_linear_mlp,results/seed_runs/layerwise_seed_results_long.csv,intphys2__videomae__mlp__layer_24,intphys2__videomae__mlp__layer_24__seed_101,IntPhys2,intphys2,main,VideoMAE,ViT-H/16,MLP,mlp,24,Layer 0.75,101,artifact,complete,voe_accuracy,voe_accuracy,93.377483,85.927152,39.215686,62.745098,29.411765,58.823529,2000,2000,false,false,artifacts/probes/intphys2/seed_runs_layerwise_v1/intphys2__videomae__mlp__layer_24/seed_101/train_eval_summary.json,artifacts/probes/intphys2/seed_runs_layerwise_v1/intphys2__videomae__mlp__layer_24/seed_101/layer_24/eval,results/verified_layerwise_probe_configs.csv,117,,,,artifact metrics read from train_eval_summary.json
main_linear_mlp,results/seed_runs/layerwise_seed_results_long.csv,intphys2__videomae__mlp__layer_24,intphys2__videomae__mlp__layer_24__seed_102,IntPhys2,intphys2,main,VideoMAE,ViT-H/16,MLP,mlp,24,Layer 0.75,102,artifact,complete,voe_accuracy,voe_accuracy,100,99.337748,41.176471,64.705882,41.176471,60.784314,2000,2000,false,false,artifacts/probes/intphys2/seed_runs_layerwise_v1/intphys2__videomae__mlp__layer_24/seed_102/train_eval_summary.json,artifacts/probes/intphys2/seed_runs_layerwise_v1/intphys2__videomae__mlp__layer_24/seed_102/layer_24/eval,results/verified_layerwise_probe_configs.csv,117,,,,artifact metrics read from train_eval_summary.json
main_linear_mlp,results/seed_runs/layerwise_seed_results_long.csv,intphys2__videomae_v2__linear__layer_40,intphys2__videomae_v2__linear__layer_40__seed_101,IntPhys2,intphys2,main,VideoMAE-v2,ViT-G/16,Linear,linear,40,Final layer,101,artifact,complete,voe_accuracy,voe_accuracy,73.509934,78.476821,27.45098,59.313725,54.901961,58.333333,2000,2000,false,false,artifacts/probes/intphys2/seed_runs_layerwise_v1/intphys2__videomae_v2__linear__layer_40/seed_101/train_eval_summary.json,artifacts/probes/intphys2/seed_runs_layerwise_v1/intphys2__videomae_v2__linear__layer_40/seed_101/layer_40/eval,results/verified_layerwise_probe_configs.csv,146,,,,artifact metrics read from train_eval_summary.json
main_linear_mlp,results/seed_runs/layerwise_seed_results_long.csv,intphys2__videomae_v2__linear__layer_40,intphys2__videomae_v2__linear__layer_40__seed_102,IntPhys2,intphys2,main,VideoMAE-v2,ViT-G/16,Linear,linear,40,Final layer,102,artifact,complete,voe_accuracy,voe_accuracy,78.807947,83.112583,27.45098,58.823529,50.980392,57.843137,2000,2000,false,false,artifacts/probes/intphys2/seed_runs_layerwise_v1/intphys2__videomae_v2__linear__layer_40/seed_102/train_eval_summary.json,artifacts/probes/intphys2/seed_runs_layerwise_v1/intphys2__videomae_v2__linear__layer_40/seed_102/layer_40/eval,results/verified_layerwise_probe_configs.csv,146,,,,artifact metrics read from train_eval_summary.json
main_linear_mlp,results/seed_runs/layerwise_seed_results_long.csv,intphys2__videomae_v2__linear__layer_10,intphys2__videomae_v2__linear__layer_10__seed_101,IntPhys2,intphys2,main,VideoMAE-v2,ViT-G/16,Linear,linear,10,Layer 0.25,101,artifact,complete,voe_accuracy,voe_accuracy,47.019868,59.437086,17.647059,51.960784,33.333333,52.45098,100,100,false,false,artifacts/probes/intphys2/seed_runs_layerwise_v1/intphys2__videomae_v2__linear__layer_10/seed_101/train_eval_summary.json,artifacts/probes/intphys2/seed_runs_layerwise_v1/intphys2__videomae_v2__linear__layer_10/seed_101/layer_10/eval,results/verified_layerwise_probe_configs.csv,147,,,,artifact metrics read from train_eval_summary.json
main_linear_mlp,results/seed_runs/layerwise_seed_results_long.csv,intphys2__videomae_v2__linear__layer_10,intphys2__videomae_v2__linear__layer_10__seed_102,IntPhys2,intphys2,main,VideoMAE-v2,ViT-G/16,Linear,linear,10,Layer 0.25,102,artifact,complete,voe_accuracy,voe_accuracy,45.695364,51.821192,17.647059,52.941176,33.333333,50.490196,100,100,false,false,artifacts/probes/intphys2/seed_runs_layerwise_v1/intphys2__videomae_v2__linear__layer_10/seed_102/train_eval_summary.json,artifacts/probes/intphys2/seed_runs_layerwise_v1/intphys2__videomae_v2__linear__layer_10/seed_102/layer_10/eval,results/verified_layerwise_probe_configs.csv,147,,,,artifact metrics read from train_eval_summary.json
main_linear_mlp,results/seed_runs/layerwise_seed_results_long.csv,intphys2__videomae_v2__linear__layer_20,intphys2__videomae_v2__linear__layer_20__seed_101,IntPhys2,intphys2,main,VideoMAE-v2,ViT-G/16,Linear,linear,20,Layer 0.5,101,artifact,complete,voe_accuracy,voe_accuracy,96.02649,86.423841,45.098039,64.215686,37.254902,59.803922,2000,2000,false,false,artifacts/probes/intphys2/seed_runs_layerwise_v1/intphys2__videomae_v2__linear__layer_20/seed_101/train_eval_summary.json,artifacts/probes/intphys2/seed_runs_layerwise_v1/intphys2__videomae_v2__linear__layer_20/seed_101/layer_20/eval,results/verified_layerwise_probe_configs.csv,148,,,,artifact metrics read from train_eval_summary.json
main_linear_mlp,results/seed_runs/layerwise_seed_results_long.csv,intphys2__videomae_v2__linear__layer_20,intphys2__videomae_v2__linear__layer_20__seed_102,IntPhys2,intphys2,main,VideoMAE-v2,ViT-G/16,Linear,linear,20,Layer 0.5,102,artifact,complete,voe_accuracy,voe_accuracy,96.02649,91.887417,47.058824,63.72549,37.254902,60.294118,2000,2000,false,false,artifacts/probes/intphys2/seed_runs_layerwise_v1/intphys2__videomae_v2__linear__layer_20/seed_102/train_eval_summary.json,artifacts/probes/intphys2/seed_runs_layerwise_v1/intphys2__videomae_v2__linear__layer_20/seed_102/layer_20/eval,results/verified_layerwise_probe_configs.csv,148,,,,artifact metrics read from train_eval_summary.json
main_linear_mlp,results/seed_runs/layerwise_seed_results_long.csv,intphys2__videomae_v2__linear__layer_30,intphys2__videomae_v2__linear__layer_30__seed_101,IntPhys2,intphys2,main,VideoMAE-v2,ViT-G/16,Linear,linear,30,Layer 0.75,101,artifact,complete,voe_accuracy,voe_accuracy,60.264901,76.15894,39.215686,61.764706,43.137255,59.313725,2000,2000,false,false,artifacts/probes/intphys2/seed_runs_layerwise_v1/intphys2__videomae_v2__linear__layer_30/seed_101/train_eval_summary.json,artifacts/probes/intphys2/seed_runs_layerwise_v1/intphys2__videomae_v2__linear__layer_30/seed_101/layer_30/eval,results/verified_layerwise_probe_configs.csv,149,,,,artifact metrics read from train_eval_summary.json
main_linear_mlp,results/seed_runs/layerwise_seed_results_long.csv,intphys2__videomae_v2__linear__layer_30,intphys2__videomae_v2__linear__layer_30__seed_102,IntPhys2,intphys2,main,VideoMAE-v2,ViT-G/16,Linear,linear,30,Layer 0.75,102,artifact,complete,voe_accuracy,voe_accuracy,61.589404,76.324503,37.254902,62.254902,43.137255,60.784314,2000,2000,false,false,artifacts/probes/intphys2/seed_runs_layerwise_v1/intphys2__videomae_v2__linear__layer_30/seed_102/train_eval_summary.json,artifacts/probes/intphys2/seed_runs_layerwise_v1/intphys2__videomae_v2__linear__layer_30/seed_102/layer_30/eval,results/verified_layerwise_probe_configs.csv,149,,,,artifact metrics read from train_eval_summary.json
main_linear_mlp,results/seed_runs/layerwise_seed_results_long.csv,intphys2__videomae_v2__mlp__layer_40,intphys2__videomae_v2__mlp__layer_40__seed_101,IntPhys2,intphys2,main,VideoMAE-v2,ViT-G/16,MLP,mlp,40,Final layer,101,artifact,complete,voe_accuracy,voe_accuracy,38.410596,50.993377,31.372549,51.960784,35.294118,51.960784,100,100,false,false,artifacts/probes/intphys2/seed_runs_layerwise_v1/intphys2__videomae_v2__mlp__layer_40/seed_101/train_eval_summary.json,artifacts/probes/intphys2/seed_runs_layerwise_v1/intphys2__videomae_v2__mlp__layer_40/seed_101/layer_40/eval,results/verified_layerwise_probe_configs.csv,150,,,,artifact metrics read from train_eval_summary.json
main_linear_mlp,results/seed_runs/layerwise_seed_results_long.csv,intphys2__videomae_v2__mlp__layer_40,intphys2__videomae_v2__mlp__layer_40__seed_102,IntPhys2,intphys2,main,VideoMAE-v2,ViT-G/16,MLP,mlp,40,Final layer,102,artifact,complete,voe_accuracy,voe_accuracy,39.072848,51.490066,35.294118,52.45098,45.098039,50.490196,100,100,false,false,artifacts/probes/intphys2/seed_runs_layerwise_v1/intphys2__videomae_v2__mlp__layer_40/seed_102/train_eval_summary.json,artifacts/probes/intphys2/seed_runs_layerwise_v1/intphys2__videomae_v2__mlp__layer_40/seed_102/layer_40/eval,results/verified_layerwise_probe_configs.csv,150,,,,artifact metrics read from train_eval_summary.json
main_linear_mlp,results/seed_runs/layerwise_seed_results_long.csv,intphys2__videomae_v2__mlp__layer_10,intphys2__videomae_v2__mlp__layer_10__seed_101,IntPhys2,intphys2,main,VideoMAE-v2,ViT-G/16,MLP,mlp,10,Layer 0.25,101,artifact,complete,voe_accuracy,voe_accuracy,90.728477,92.384106,29.411765,58.333333,35.294118,55.392157,2000,2000,false,false,artifacts/probes/intphys2/seed_runs_layerwise_v1/intphys2__videomae_v2__mlp__layer_10/seed_101/train_eval_summary.json,artifacts/probes/intphys2/seed_runs_layerwise_v1/intphys2__videomae_v2__mlp__layer_10/seed_101/layer_10/eval,results/verified_layerwise_probe_configs.csv,151,,,,artifact metrics read from train_eval_summary.json
main_linear_mlp,results/seed_runs/layerwise_seed_results_long.csv,intphys2__videomae_v2__mlp__layer_10,intphys2__videomae_v2__mlp__layer_10__seed_102,IntPhys2,intphys2,main,VideoMAE-v2,ViT-G/16,MLP,mlp,10,Layer 0.25,102,artifact,complete,voe_accuracy,voe_accuracy,93.377483,95.695364,29.411765,57.352941,33.333333,59.313725,2000,2000,false,false,artifacts/probes/intphys2/seed_runs_layerwise_v1/intphys2__videomae_v2__mlp__layer_10/seed_102/train_eval_summary.json,artifacts/probes/intphys2/seed_runs_layerwise_v1/intphys2__videomae_v2__mlp__layer_10/seed_102/layer_10/eval,results/verified_layerwise_probe_configs.csv,151,,,,artifact metrics read from train_eval_summary.json
main_linear_mlp,results/seed_runs/layerwise_seed_results_long.csv,intphys2__videomae_v2__mlp__layer_20,intphys2__videomae_v2__mlp__layer_20__seed_101,IntPhys2,intphys2,main,VideoMAE-v2,ViT-G/16,MLP,mlp,20,Layer 0.5,101,artifact,complete,voe_accuracy,voe_accuracy,62.913907,75.993377,41.176471,66.176471,50.980392,59.803922,2000,2000,false,false,artifacts/probes/intphys2/seed_runs_layerwise_v1/intphys2__videomae_v2__mlp__layer_20/seed_101/train_eval_summary.json,artifacts/probes/intphys2/seed_runs_layerwise_v1/intphys2__videomae_v2__mlp__layer_20/seed_101/layer_20/eval,results/verified_layerwise_probe_configs.csv,152,,,,artifact metrics read from train_eval_summary.json
main_linear_mlp,results/seed_runs/layerwise_seed_results_long.csv,intphys2__videomae_v2__mlp__layer_20,intphys2__videomae_v2__mlp__layer_20__seed_102,IntPhys2,intphys2,main,VideoMAE-v2,ViT-G/16,MLP,mlp,20,Layer 0.5,102,artifact,complete,voe_accuracy,voe_accuracy,60.927152,75.165563,41.176471,64.705882,45.098039,58.333333,2000,2000,false,false,artifacts/probes/intphys2/seed_runs_layerwise_v1/intphys2__videomae_v2__mlp__layer_20/seed_102/train_eval_summary.json,artifacts/probes/intphys2/seed_runs_layerwise_v1/intphys2__videomae_v2__mlp__layer_20/seed_102/layer_20/eval,results/verified_layerwise_probe_configs.csv,152,,,,artifact metrics read from train_eval_summary.json
main_linear_mlp,results/seed_runs/layerwise_seed_results_long.csv,intphys2__videomae_v2__mlp__layer_30,intphys2__videomae_v2__mlp__layer_30__seed_101,IntPhys2,intphys2,main,VideoMAE-v2,ViT-G/16,MLP,mlp,30,Layer 0.75,101,artifact,complete,voe_accuracy,voe_accuracy,59.602649,73.344371,43.137255,65.686275,47.058824,61.764706,2000,2000,false,false,artifacts/probes/intphys2/seed_runs_layerwise_v1/intphys2__videomae_v2__mlp__layer_30/seed_101/train_eval_summary.json,artifacts/probes/intphys2/seed_runs_layerwise_v1/intphys2__videomae_v2__mlp__layer_30/seed_101/layer_30/eval,results/verified_layerwise_probe_configs.csv,153,,,,artifact metrics read from train_eval_summary.json
main_linear_mlp,results/seed_runs/layerwise_seed_results_long.csv,intphys2__videomae_v2__mlp__layer_30,intphys2__videomae_v2__mlp__layer_30__seed_102,IntPhys2,intphys2,main,VideoMAE-v2,ViT-G/16,MLP,mlp,30,Layer 0.75,102,artifact,complete,voe_accuracy,voe_accuracy,58.278146,73.675497,43.137255,67.156863,47.058824,62.254902,2000,2000,false,false,artifacts/probes/intphys2/seed_runs_layerwise_v1/intphys2__videomae_v2__mlp__layer_30/seed_102/train_eval_summary.json,artifacts/probes/intphys2/seed_runs_layerwise_v1/intphys2__videomae_v2__mlp__layer_30/seed_102/layer_30/eval,results/verified_layerwise_probe_configs.csv,153,,,,artifact metrics read from train_eval_summary.json
main_linear_mlp,results/seed_runs/layerwise_seed_results_long.csv,mvp__jepa_v1__linear__layer_32,mvp__jepa_v1__linear__layer_32__seed_101,MVP,mvp,main,V-JEPA,ViT-H/16,Linear,linear,32,Final layer,101,artifact,complete,pair_consistency,pair_consistency,50.79258,72.900506,46.309403,69.868554,47.724975,70.778564,100,100,false,false,artifacts/probes/mvp/seed_runs_layerwise_v1/mvp__jepa_v1__linear__layer_32/seed_101/train_eval_summary.json,artifacts/probes/mvp/seed_runs_layerwise_v1/mvp__jepa_v1__linear__layer_32/seed_101/layer_32/eval,results/verified_layerwise_probe_configs.csv,338,,,,artifact metrics read from train_eval_summary.json
main_linear_mlp,results/seed_runs/layerwise_seed_results_long.csv,mvp__jepa_v1__linear__layer_32,mvp__jepa_v1__linear__layer_32__seed_102,MVP,mvp,main,V-JEPA,ViT-H/16,Linear,linear,32,Final layer,102,artifact,complete,pair_consistency,pair_consistency,42.664418,70.269815,41.253792,69.464105,40.040445,69.059656,100,100,false,false,artifacts/probes/mvp/seed_runs_layerwise_v1/mvp__jepa_v1__linear__layer_32/seed_102/train_eval_summary.json,artifacts/probes/mvp/seed_runs_layerwise_v1/mvp__jepa_v1__linear__layer_32/seed_102/layer_32/eval,results/verified_layerwise_probe_configs.csv,338,,,,artifact metrics read from train_eval_summary.json
main_linear_mlp,results/seed_runs/layerwise_seed_results_long.csv,mvp__jepa_v1__linear__layer_8,mvp__jepa_v1__linear__layer_8__seed_101,MVP,mvp,main,V-JEPA,ViT-H/16,Linear,linear,8,Layer 0.25,101,artifact,complete,pair_consistency,pair_consistency,39.730185,66.13828,33.973711,63.094034,36.804853,64.206269,100,100,false,false,artifacts/probes/mvp/seed_runs_layerwise_v1/mvp__jepa_v1__linear__layer_8/seed_101/train_eval_summary.json,artifacts/probes/mvp/seed_runs_layerwise_v1/mvp__jepa_v1__linear__layer_8/seed_101/layer_8/eval,results/verified_layerwise_probe_configs.csv,339,,,,artifact metrics read from train_eval_summary.json
main_linear_mlp,results/seed_runs/layerwise_seed_results_long.csv,mvp__jepa_v1__linear__layer_8,mvp__jepa_v1__linear__layer_8__seed_102,MVP,mvp,main,V-JEPA,ViT-H/16,Linear,linear,8,Layer 0.25,102,artifact,complete,pair_consistency,pair_consistency,40.134907,66.374368,35.894843,63.346815,36.804853,63.953488,100,100,false,false,artifacts/probes/mvp/seed_runs_layerwise_v1/mvp__jepa_v1__linear__layer_8/seed_102/train_eval_summary.json,artifacts/probes/mvp/seed_runs_layerwise_v1/mvp__jepa_v1__linear__layer_8/seed_102/layer_8/eval,results/verified_layerwise_probe_configs.csv,339,,,,artifact metrics read from train_eval_summary.json
main_linear_mlp,results/seed_runs/layerwise_seed_results_long.csv,mvp__jepa_v1__linear__layer_16,mvp__jepa_v1__linear__layer_16__seed_101,MVP,mvp,main,V-JEPA,ViT-H/16,Linear,linear,16,Layer 0.5,101,artifact,complete,pair_consistency,pair_consistency,40.370995,67.72344,35.187058,64.863498,37.411527,65.470172,100,100,false,false,artifacts/probes/mvp/seed_runs_layerwise_v1/mvp__jepa_v1__linear__layer_16/seed_101/train_eval_summary.json,artifacts/probes/mvp/seed_runs_layerwise_v1/mvp__jepa_v1__linear__layer_16/seed_101/layer_16/eval,results/verified_layerwise_probe_configs.csv,340,,,,artifact metrics read from train_eval_summary.json
main_linear_mlp,results/seed_runs/layerwise_seed_results_long.csv,mvp__jepa_v1__linear__layer_16,mvp__jepa_v1__linear__layer_16__seed_102,MVP,mvp,main,V-JEPA,ViT-H/16,Linear,linear,16,Layer 0.5,102,artifact,complete,pair_consistency,pair_consistency,45.261383,68.853288,38.92821,64.610718,40.950455,65.925177,100,100,false,false,artifacts/probes/mvp/seed_runs_layerwise_v1/mvp__jepa_v1__linear__layer_16/seed_102/train_eval_summary.json,artifacts/probes/mvp/seed_runs_layerwise_v1/mvp__jepa_v1__linear__layer_16/seed_102/layer_16/eval,results/verified_layerwise_probe_configs.csv,340,,,,artifact metrics read from train_eval_summary.json
main_linear_mlp,results/seed_runs/layerwise_seed_results_long.csv,mvp__jepa_v1__linear__layer_24,mvp__jepa_v1__linear__layer_24__seed_101,MVP,mvp,main,V-JEPA,ViT-H/16,Linear,linear,24,Layer 0.75,101,artifact,complete,pair_consistency,pair_consistency,52.681282,73.052277,48.837209,69.0091,47.118301,69.110212,100,100,false,false,artifacts/probes/mvp/seed_runs_layerwise_v1/mvp__jepa_v1__linear__layer_24/seed_101/train_eval_summary.json,artifacts/probes/mvp/seed_runs_layerwise_v1/mvp__jepa_v1__linear__layer_24/seed_101/layer_24/eval,results/verified_layerwise_probe_configs.csv,341,,,,artifact metrics read from train_eval_summary.json
main_linear_mlp,results/seed_runs/layerwise_seed_results_long.csv,mvp__jepa_v1__linear__layer_24,mvp__jepa_v1__linear__layer_24__seed_102,MVP,mvp,main,V-JEPA,ViT-H/16,Linear,linear,24,Layer 0.75,102,artifact,complete,pair_consistency,pair_consistency,52.478921,72.816189,47.320526,69.615774,47.826087,69.66633,100,100,false,false,artifacts/probes/mvp/seed_runs_layerwise_v1/mvp__jepa_v1__linear__layer_24/seed_102/train_eval_summary.json,artifacts/probes/mvp/seed_runs_layerwise_v1/mvp__jepa_v1__linear__layer_24/seed_102/layer_24/eval,results/verified_layerwise_probe_configs.csv,341,,,,artifact metrics read from train_eval_summary.json
main_linear_mlp,results/seed_runs/layerwise_seed_results_long.csv,mvp__jepa_v1__mlp__layer_32,mvp__jepa_v1__mlp__layer_32__seed_101,MVP,mvp,main,V-JEPA,ViT-H/16,MLP,mlp,32,Final layer,101,artifact,complete,pair_consistency,pair_consistency,99.831366,99.915683,91.102123,95.247725,87.057634,93.124368,2000,2000,false,false,artifacts/probes/mvp/seed_runs_layerwise_v1/mvp__jepa_v1__mlp__layer_32/seed_101/train_eval_summary.json,artifacts/probes/mvp/seed_runs_layerwise_v1/mvp__jepa_v1__mlp__layer_32/seed_101/layer_32/eval,results/verified_layerwise_probe_configs.csv,342,,,,artifact metrics read from train_eval_summary.json
main_linear_mlp,results/seed_runs/layerwise_seed_results_long.csv,mvp__jepa_v1__mlp__layer_32,mvp__jepa_v1__mlp__layer_32__seed_102,MVP,mvp,main,V-JEPA,ViT-H/16,MLP,mlp,32,Final layer,102,artifact,complete,pair_consistency,pair_consistency,99.831366,99.915683,90.596562,95.096057,88.877654,94.084934,2000,2000,false,false,artifacts/probes/mvp/seed_runs_layerwise_v1/mvp__jepa_v1__mlp__layer_32/seed_102/train_eval_summary.json,artifacts/probes/mvp/seed_runs_layerwise_v1/mvp__jepa_v1__mlp__layer_32/seed_102/layer_32/eval,results/verified_layerwise_probe_configs.csv,342,,,,artifact metrics read from train_eval_summary.json
main_linear_mlp,results/seed_runs/layerwise_seed_results_long.csv,mvp__jepa_v1__mlp__layer_8,mvp__jepa_v1__mlp__layer_8__seed_101,MVP,mvp,main,V-JEPA,ViT-H/16,MLP,mlp,8,Layer 0.25,101,artifact,complete,pair_consistency,pair_consistency,91.804384,95.868465,61.779575,78.412538,59.251769,77.047523,2000,2000,false,false,artifacts/probes/mvp/seed_runs_layerwise_v1/mvp__jepa_v1__mlp__layer_8/seed_101/train_eval_summary.json,artifacts/probes/mvp/seed_runs_layerwise_v1/mvp__jepa_v1__mlp__layer_8/seed_101/layer_8/eval,results/verified_layerwise_probe_configs.csv,343,,,,artifact metrics read from train_eval_summary.json
main_linear_mlp,results/seed_runs/layerwise_seed_results_long.csv,mvp__jepa_v1__mlp__layer_8,mvp__jepa_v1__mlp__layer_8__seed_102,MVP,mvp,main,V-JEPA,ViT-H/16,MLP,mlp,8,Layer 0.25,102,artifact,complete,pair_consistency,pair_consistency,91.871838,95.885329,61.172902,78.412538,58.038423,76.188069,2000,2000,false,false,artifacts/probes/mvp/seed_runs_layerwise_v1/mvp__jepa_v1__mlp__layer_8/seed_102/train_eval_summary.json,artifacts/probes/mvp/seed_runs_layerwise_v1/mvp__jepa_v1__mlp__layer_8/seed_102/layer_8/eval,results/verified_layerwise_probe_configs.csv,343,,,,artifact metrics read from train_eval_summary.json
main_linear_mlp,results/seed_runs/layerwise_seed_results_long.csv,mvp__jepa_v1__mlp__layer_16,mvp__jepa_v1__mlp__layer_16__seed_101,MVP,mvp,main,V-JEPA,ViT-H/16,MLP,mlp,16,Layer 0.5,101,artifact,complete,pair_consistency,pair_consistency,98.549747,99.274874,71.890799,84.984833,71.183013,83.822042,2000,2000,false,false,artifacts/probes/mvp/seed_runs_layerwise_v1/mvp__jepa_v1__mlp__layer_16/seed_101/train_eval_summary.json,artifacts/probes/mvp/seed_runs_layerwise_v1/mvp__jepa_v1__mlp__layer_16/seed_101/layer_16/eval,results/verified_layerwise_probe_configs.csv,344,,,,artifact metrics read from train_eval_summary.json
main_linear_mlp,results/seed_runs/layerwise_seed_results_long.csv,mvp__jepa_v1__mlp__layer_16,mvp__jepa_v1__mlp__layer_16__seed_102,MVP,mvp,main,V-JEPA,ViT-H/16,MLP,mlp,16,Layer 0.5,102,artifact,complete,pair_consistency,pair_consistency,99.25801,99.629005,72.901921,85.085945,72.699697,84.226491,2000,2000,false,false,artifacts/probes/mvp/seed_runs_layerwise_v1/mvp__jepa_v1__mlp__layer_16/seed_102/train_eval_summary.json,artifacts/probes/mvp/seed_runs_layerwise_v1/mvp__jepa_v1__mlp__layer_16/seed_102/layer_16/eval,results/verified_layerwise_probe_configs.csv,344,,,,artifact metrics read from train_eval_summary.json
main_linear_mlp,results/seed_runs/layerwise_seed_results_long.csv,mvp__jepa_v1__mlp__layer_24,mvp__jepa_v1__mlp__layer_24__seed_101,MVP,mvp,main,V-JEPA,ViT-H/16,MLP,mlp,24,Layer 0.75,101,artifact,complete,pair_consistency,pair_consistency,100,100,90.596562,94.994944,86.754297,92.770475,2000,2000,false,false,artifacts/probes/mvp/seed_runs_layerwise_v1/mvp__jepa_v1__mlp__layer_24/seed_101/train_eval_summary.json,artifacts/probes/mvp/seed_runs_layerwise_v1/mvp__jepa_v1__mlp__layer_24/seed_101/layer_24/eval,results/verified_layerwise_probe_configs.csv,345,,,,artifact metrics read from train_eval_summary.json
main_linear_mlp,results/seed_runs/layerwise_seed_results_long.csv,mvp__jepa_v1__mlp__layer_24,mvp__jepa_v1__mlp__layer_24__seed_102,MVP,mvp,main,V-JEPA,ViT-H/16,MLP,mlp,24,Layer 0.75,102,artifact,complete,pair_consistency,pair_consistency,100,100,90.49545,94.944388,86.85541,92.9727,2000,2000,false,false,artifacts/probes/mvp/seed_runs_layerwise_v1/mvp__jepa_v1__mlp__layer_24/seed_102/train_eval_summary.json,artifacts/probes/mvp/seed_runs_layerwise_v1/mvp__jepa_v1__mlp__layer_24/seed_102/layer_24/eval,results/verified_layerwise_probe_configs.csv,345,,,,artifact metrics read from train_eval_summary.json
main_linear_mlp,results/seed_runs/layerwise_seed_results_long.csv,mvp__jepa_v2__linear__layer_40,mvp__jepa_v2__linear__layer_40__seed_101,MVP,mvp,main,V-JEPA 2,ViT-G/16,Linear,linear,40,Final layer,101,artifact,complete,pair_consistency,pair_consistency,53.659359,73.01855,49.646107,70.171891,47.724975,68.655207,100,100,false,false,artifacts/probes/mvp/seed_runs_layerwise_v1/mvp__jepa_v2__linear__layer_40/seed_101/train_eval_summary.json,artifacts/probes/mvp/seed_runs_layerwise_v1/mvp__jepa_v2__linear__layer_40/seed_101/layer_40/eval,results/verified_layerwise_probe_configs.csv,362,,,,artifact metrics read from train_eval_summary.json
main_linear_mlp,results/seed_runs/layerwise_seed_results_long.csv,mvp__jepa_v2__linear__layer_40,mvp__jepa_v2__linear__layer_40__seed_102,MVP,mvp,main,V-JEPA 2,ViT-G/16,Linear,linear,40,Final layer,102,artifact,complete,pair_consistency,pair_consistency,51.568297,72.22597,48.129424,70.070779,47.421638,69.110212,100,100,false,false,artifacts/probes/mvp/seed_runs_layerwise_v1/mvp__jepa_v2__linear__layer_40/seed_102/train_eval_summary.json,artifacts/probes/mvp/seed_runs_layerwise_v1/mvp__jepa_v2__linear__layer_40/seed_102/layer_40/eval,results/verified_layerwise_probe_configs.csv,362,,,,artifact metrics read from train_eval_summary.json
main_linear_mlp,results/seed_runs/layerwise_seed_results_long.csv,mvp__jepa_v2__linear__layer_10,mvp__jepa_v2__linear__layer_10__seed_101,MVP,mvp,main,V-JEPA 2,ViT-G/16,Linear,linear,10,Layer 0.25,101,artifact,complete,pair_consistency,pair_consistency,34.198988,63.591906,29.322548,59.908999,30.535895,60.515672,100,100,false,false,artifacts/probes/mvp/seed_runs_layerwise_v1/mvp__jepa_v2__linear__layer_10/seed_101/train_eval_summary.json,artifacts/probes/mvp/seed_runs_layerwise_v1/mvp__jepa_v2__linear__layer_10/seed_101/layer_10/eval,results/verified_layerwise_probe_configs.csv,363,,,,artifact metrics read from train_eval_summary.json
main_linear_mlp,results/seed_runs/layerwise_seed_results_long.csv,mvp__jepa_v2__linear__layer_10,mvp__jepa_v2__linear__layer_10__seed_102,MVP,mvp,main,V-JEPA 2,ViT-G/16,Linear,linear,10,Layer 0.25,102,artifact,complete,pair_consistency,pair_consistency,34.637437,63.507589,30.33367,60.262892,32.457027,61.931244,100,100,false,false,artifacts/probes/mvp/seed_runs_layerwise_v1/mvp__jepa_v2__linear__layer_10/seed_102/train_eval_summary.json,artifacts/probes/mvp/seed_runs_layerwise_v1/mvp__jepa_v2__linear__layer_10/seed_102/layer_10/eval,results/verified_layerwise_probe_configs.csv,363,,,,artifact metrics read from train_eval_summary.json
main_linear_mlp,results/seed_runs/layerwise_seed_results_long.csv,mvp__jepa_v2__linear__layer_20,mvp__jepa_v2__linear__layer_20__seed_101,MVP,mvp,main,V-JEPA 2,ViT-G/16,Linear,linear,20,Layer 0.5,101,artifact,complete,pair_consistency,pair_consistency,39.15683,66.290051,34.37816,62.23458,32.153691,61.425683,100,100,false,false,artifacts/probes/mvp/seed_runs_layerwise_v1/mvp__jepa_v2__linear__layer_20/seed_101/train_eval_summary.json,artifacts/probes/mvp/seed_runs_layerwise_v1/mvp__jepa_v2__linear__layer_20/seed_101/layer_20/eval,results/verified_layerwise_probe_configs.csv,364,,,,artifact metrics read from train_eval_summary.json
main_linear_mlp,results/seed_runs/layerwise_seed_results_long.csv,mvp__jepa_v2__linear__layer_20,mvp__jepa_v2__linear__layer_20__seed_102,MVP,mvp,main,V-JEPA 2,ViT-G/16,Linear,linear,20,Layer 0.5,102,artifact,complete,pair_consistency,pair_consistency,39.831366,66.627319,33.771486,62.386249,33.872599,62.689585,100,100,false,false,artifacts/probes/mvp/seed_runs_layerwise_v1/mvp__jepa_v2__linear__layer_20/seed_102/train_eval_summary.json,artifacts/probes/mvp/seed_runs_layerwise_v1/mvp__jepa_v2__linear__layer_20/seed_102/layer_20/eval,results/verified_layerwise_probe_configs.csv,364,,,,artifact metrics read from train_eval_summary.json
main_linear_mlp,results/seed_runs/layerwise_seed_results_long.csv,mvp__jepa_v2__linear__layer_30,mvp__jepa_v2__linear__layer_30__seed_101,MVP,mvp,main,V-JEPA 2,ViT-G/16,Linear,linear,30,Layer 0.75,101,artifact,complete,pair_consistency,pair_consistency,44.957841,68.684654,39.433771,65.065723,39.332659,64.762386,100,100,false,false,artifacts/probes/mvp/seed_runs_layerwise_v1/mvp__jepa_v2__linear__layer_30/seed_101/train_eval_summary.json,artifacts/probes/mvp/seed_runs_layerwise_v1/mvp__jepa_v2__linear__layer_30/seed_101/layer_30/eval,results/verified_layerwise_probe_configs.csv,365,,,,artifact metrics read from train_eval_summary.json
main_linear_mlp,results/seed_runs/layerwise_seed_results_long.csv,mvp__jepa_v2__linear__layer_30,mvp__jepa_v2__linear__layer_30__seed_102,MVP,mvp,main,V-JEPA 2,ViT-G/16,Linear,linear,30,Layer 0.75,102,artifact,complete,pair_consistency,pair_consistency,37.605396,66.290051,36.299292,64.914055,35.085945,64.105157,100,100,false,false,artifacts/probes/mvp/seed_runs_layerwise_v1/mvp__jepa_v2__linear__layer_30/seed_102/train_eval_summary.json,artifacts/probes/mvp/seed_runs_layerwise_v1/mvp__jepa_v2__linear__layer_30/seed_102/layer_30/eval,results/verified_layerwise_probe_configs.csv,365,,,,artifact metrics read from train_eval_summary.json
main_linear_mlp,results/seed_runs/layerwise_seed_results_long.csv,mvp__jepa_v2__mlp__layer_40,mvp__jepa_v2__mlp__layer_40__seed_101,MVP,mvp,main,V-JEPA 2,ViT-G/16,MLP,mlp,40,Final layer,101,artifact,complete,pair_consistency,pair_consistency,99.730185,99.865093,87.76542,93.326593,86.046512,92.264914,2000,2000,false,false,artifacts/probes/mvp/seed_runs_layerwise_v1/mvp__jepa_v2__mlp__layer_40/seed_101/train_eval_summary.json,artifacts/probes/mvp/seed_runs_layerwise_v1/mvp__jepa_v2__mlp__layer_40/seed_101/layer_40/eval,results/verified_layerwise_probe_configs.csv,366,,,,artifact metrics read from train_eval_summary.json
main_linear_mlp,results/seed_runs/layerwise_seed_results_long.csv,mvp__jepa_v2__mlp__layer_40,mvp__jepa_v2__mlp__layer_40__seed_102,MVP,mvp,main,V-JEPA 2,ViT-G/16,MLP,mlp,40,Final layer,102,artifact,complete,pair_consistency,pair_consistency,99.797639,99.89882,87.563195,93.326593,86.147624,92.366026,2000,2000,false,false,artifacts/probes/mvp/seed_runs_layerwise_v1/mvp__jepa_v2__mlp__layer_40/seed_102/train_eval_summary.json,artifacts/probes/mvp/seed_runs_layerwise_v1/mvp__jepa_v2__mlp__layer_40/seed_102/layer_40/eval,results/verified_layerwise_probe_configs.csv,366,,,,artifact metrics read from train_eval_summary.json
main_linear_mlp,results/seed_runs/layerwise_seed_results_long.csv,mvp__jepa_v2__mlp__layer_10,mvp__jepa_v2__mlp__layer_10__seed_101,MVP,mvp,main,V-JEPA 2,ViT-G/16,MLP,mlp,10,Layer 0.25,101,artifact,complete,pair_consistency,pair_consistency,93.456998,96.627319,53.589484,73.913043,51.769464,71.890799,2000,2000,false,false,artifacts/probes/mvp/seed_runs_layerwise_v1/mvp__jepa_v2__mlp__layer_10/seed_101/train_eval_summary.json,artifacts/probes/mvp/seed_runs_layerwise_v1/mvp__jepa_v2__mlp__layer_10/seed_101/layer_10/eval,results/verified_layerwise_probe_configs.csv,367,,,,artifact metrics read from train_eval_summary.json
main_linear_mlp,results/seed_runs/layerwise_seed_results_long.csv,mvp__jepa_v2__mlp__layer_10,mvp__jepa_v2__mlp__layer_10__seed_102,MVP,mvp,main,V-JEPA 2,ViT-G/16,MLP,mlp,10,Layer 0.25,102,artifact,complete,pair_consistency,pair_consistency,88.229342,94.013491,53.185035,73.104146,50.859454,71.73913,2000,2000,false,false,artifacts/probes/mvp/seed_runs_layerwise_v1/mvp__jepa_v2__mlp__layer_10/seed_102/train_eval_summary.json,artifacts/probes/mvp/seed_runs_layerwise_v1/mvp__jepa_v2__mlp__layer_10/seed_102/layer_10/eval,results/verified_layerwise_probe_configs.csv,367,,,,artifact metrics read from train_eval_summary.json
main_linear_mlp,results/seed_runs/layerwise_seed_results_long.csv,mvp__jepa_v2__mlp__layer_20,mvp__jepa_v2__mlp__layer_20__seed_101,MVP,mvp,main,V-JEPA 2,ViT-G/16,MLP,mlp,20,Layer 0.5,101,artifact,complete,pair_consistency,pair_consistency,95.851602,97.925801,62.992922,79.069767,60.16178,76.946411,2000,2000,false,false,artifacts/probes/mvp/seed_runs_layerwise_v1/mvp__jepa_v2__mlp__layer_20/seed_101/train_eval_summary.json,artifacts/probes/mvp/seed_runs_layerwise_v1/mvp__jepa_v2__mlp__layer_20/seed_101/layer_20/eval,results/verified_layerwise_probe_configs.csv,368,,,,artifact metrics read from train_eval_summary.json
main_linear_mlp,results/seed_runs/layerwise_seed_results_long.csv,mvp__jepa_v2__mlp__layer_20,mvp__jepa_v2__mlp__layer_20__seed_102,MVP,mvp,main,V-JEPA 2,ViT-G/16,MLP,mlp,20,Layer 0.5,102,artifact,complete,pair_consistency,pair_consistency,92.310287,96.121417,62.487361,79.120324,58.139535,76.592518,2000,2000,false,false,artifacts/probes/mvp/seed_runs_layerwise_v1/mvp__jepa_v2__mlp__layer_20/seed_102/train_eval_summary.json,artifacts/probes/mvp/seed_runs_layerwise_v1/mvp__jepa_v2__mlp__layer_20/seed_102/layer_20/eval,results/verified_layerwise_probe_configs.csv,368,,,,artifact metrics read from train_eval_summary.json
main_linear_mlp,results/seed_runs/layerwise_seed_results_long.csv,mvp__jepa_v2__mlp__layer_30,mvp__jepa_v2__mlp__layer_30__seed_101,MVP,mvp,main,V-JEPA 2,ViT-G/16,MLP,mlp,30,Layer 0.75,101,artifact,complete,pair_consistency,pair_consistency,99.224283,99.612142,76.541962,86.905966,73.508595,84.63094,2000,2000,false,false,artifacts/probes/mvp/seed_runs_layerwise_v1/mvp__jepa_v2__mlp__layer_30/seed_101/train_eval_summary.json,artifacts/probes/mvp/seed_runs_layerwise_v1/mvp__jepa_v2__mlp__layer_30/seed_101/layer_30/eval,results/verified_layerwise_probe_configs.csv,369,,,,artifact metrics read from train_eval_summary.json
main_linear_mlp,results/seed_runs/layerwise_seed_results_long.csv,mvp__jepa_v2__mlp__layer_30,mvp__jepa_v2__mlp__layer_30__seed_102,MVP,mvp,main,V-JEPA 2,ViT-G/16,MLP,mlp,30,Layer 0.75,102,artifact,complete,pair_consistency,pair_consistency,99.561551,99.780776,76.744186,87.10819,72.800809,84.580384,2000,2000,false,false,artifacts/probes/mvp/seed_runs_layerwise_v1/mvp__jepa_v2__mlp__layer_30/seed_102/train_eval_summary.json,artifacts/probes/mvp/seed_runs_layerwise_v1/mvp__jepa_v2__mlp__layer_30/seed_102/layer_30/eval,results/verified_layerwise_probe_configs.csv,369,,,,artifact metrics read from train_eval_summary.json
main_linear_mlp,results/seed_runs/layerwise_seed_results_long.csv,mvp__jepa_v2_1__linear__layer_48,mvp__jepa_v2_1__linear__layer_48__seed_101,MVP,mvp,main,V-JEPA 2.1,ViT-Gigantic/16,Linear,linear,48,Final layer,101,artifact,complete,pair_consistency,pair_consistency,48.128162,71.281619,43.579373,67.18908,39.939333,66.27907,100,100,false,false,artifacts/probes/mvp/seed_runs_layerwise_v1/mvp__jepa_v2_1__linear__layer_48/seed_101/train_eval_summary.json,artifacts/probes/mvp/seed_runs_layerwise_v1/mvp__jepa_v2_1__linear__layer_48/seed_101/layer_48/eval,results/verified_layerwise_probe_configs.csv,410,,,,artifact metrics read from train_eval_summary.json
main_linear_mlp,results/seed_runs/layerwise_seed_results_long.csv,mvp__jepa_v2_1__linear__layer_48,mvp__jepa_v2_1__linear__layer_48__seed_102,MVP,mvp,main,V-JEPA 2.1,ViT-Gigantic/16,Linear,linear,48,Final layer,102,artifact,complete,pair_consistency,pair_consistency,44.620573,69.797639,40.343782,66.27907,38.422649,65.874621,100,100,false,false,artifacts/probes/mvp/seed_runs_layerwise_v1/mvp__jepa_v2_1__linear__layer_48/seed_102/train_eval_summary.json,artifacts/probes/mvp/seed_runs_layerwise_v1/mvp__jepa_v2_1__linear__layer_48/seed_102/layer_48/eval,results/verified_layerwise_probe_configs.csv,410,,,,artifact metrics read from train_eval_summary.json
main_linear_mlp,results/seed_runs/layerwise_seed_results_long.csv,mvp__jepa_v2_1__linear__layer_12,mvp__jepa_v2_1__linear__layer_12__seed_101,MVP,mvp,main,V-JEPA 2.1,ViT-Gigantic/16,Linear,linear,12,Layer 0.25,101,artifact,complete,pair_consistency,pair_consistency,34.435076,64.401349,31.749242,62.487361,30.131446,60.819009,100,100,false,false,artifacts/probes/mvp/seed_runs_layerwise_v1/mvp__jepa_v2_1__linear__layer_12/seed_101/train_eval_summary.json,artifacts/probes/mvp/seed_runs_layerwise_v1/mvp__jepa_v2_1__linear__layer_12/seed_101/layer_12/eval,results/verified_layerwise_probe_configs.csv,411,,,,artifact metrics read from train_eval_summary.json
main_linear_mlp,results/seed_runs/layerwise_seed_results_long.csv,mvp__jepa_v2_1__linear__layer_12,mvp__jepa_v2_1__linear__layer_12__seed_102,MVP,mvp,main,V-JEPA 2.1,ViT-Gigantic/16,Linear,linear,12,Layer 0.25,102,artifact,complete,pair_consistency,pair_consistency,37.841484,66.222597,33.872599,63.650152,33.164813,62.082912,100,100,false,false,artifacts/probes/mvp/seed_runs_layerwise_v1/mvp__jepa_v2_1__linear__layer_12/seed_102/train_eval_summary.json,artifacts/probes/mvp/seed_runs_layerwise_v1/mvp__jepa_v2_1__linear__layer_12/seed_102/layer_12/eval,results/verified_layerwise_probe_configs.csv,411,,,,artifact metrics read from train_eval_summary.json
main_linear_mlp,results/seed_runs/layerwise_seed_results_long.csv,mvp__jepa_v2_1__linear__layer_24,mvp__jepa_v2_1__linear__layer_24__seed_101,MVP,mvp,main,V-JEPA 2.1,ViT-Gigantic/16,Linear,linear,24,Layer 0.5,101,artifact,complete,pair_consistency,pair_consistency,45.868465,70.219224,41.051567,66.228514,38.725986,64.610718,100,100,false,false,artifacts/probes/mvp/seed_runs_layerwise_v1/mvp__jepa_v2_1__linear__layer_24/seed_101/train_eval_summary.json,artifacts/probes/mvp/seed_runs_layerwise_v1/mvp__jepa_v2_1__linear__layer_24/seed_101/layer_24/eval,results/verified_layerwise_probe_configs.csv,412,,,,artifact metrics read from train_eval_summary.json
main_linear_mlp,results/seed_runs/layerwise_seed_results_long.csv,mvp__jepa_v2_1__linear__layer_24,mvp__jepa_v2_1__linear__layer_24__seed_102,MVP,mvp,main,V-JEPA 2.1,ViT-Gigantic/16,Linear,linear,24,Layer 0.5,102,artifact,complete,pair_consistency,pair_consistency,48.229342,71.146712,41.456016,66.177958,39.635996,65.217391,100,100,false,false,artifacts/probes/mvp/seed_runs_layerwise_v1/mvp__jepa_v2_1__linear__layer_24/seed_102/train_eval_summary.json,artifacts/probes/mvp/seed_runs_layerwise_v1/mvp__jepa_v2_1__linear__layer_24/seed_102/layer_24/eval,results/verified_layerwise_probe_configs.csv,412,,,,artifact metrics read from train_eval_summary.json
main_linear_mlp,results/seed_runs/layerwise_seed_results_long.csv,mvp__jepa_v2_1__linear__layer_38,mvp__jepa_v2_1__linear__layer_38__seed_101,MVP,mvp,main,V-JEPA 2.1,ViT-Gigantic/16,Linear,linear,38,Layer 0.75,101,artifact,complete,pair_consistency,pair_consistency,50.725126,72.141653,43.983822,67.391304,44.691608,67.745197,100,100,false,false,artifacts/probes/mvp/seed_runs_layerwise_v1/mvp__jepa_v2_1__linear__layer_38/seed_101/train_eval_summary.json,artifacts/probes/mvp/seed_runs_layerwise_v1/mvp__jepa_v2_1__linear__layer_38/seed_101/layer_38/eval,results/verified_layerwise_probe_configs.csv,413,,,,artifact metrics read from train_eval_summary.json
main_linear_mlp,results/seed_runs/layerwise_seed_results_long.csv,mvp__jepa_v2_1__linear__layer_38,mvp__jepa_v2_1__linear__layer_38__seed_102,MVP,mvp,main,V-JEPA 2.1,ViT-Gigantic/16,Linear,linear,38,Layer 0.75,102,artifact,complete,pair_consistency,pair_consistency,49.915683,72.344013,44.388271,67.997978,42.669363,66.885743,100,100,false,false,artifacts/probes/mvp/seed_runs_layerwise_v1/mvp__jepa_v2_1__linear__layer_38/seed_102/train_eval_summary.json,artifacts/probes/mvp/seed_runs_layerwise_v1/mvp__jepa_v2_1__linear__layer_38/seed_102/layer_38/eval,results/verified_layerwise_probe_configs.csv,413,,,,artifact metrics read from train_eval_summary.json
main_linear_mlp,results/seed_runs/layerwise_seed_results_long.csv,mvp__jepa_v2_1__mlp__layer_48,mvp__jepa_v2_1__mlp__layer_48__seed_101,MVP,mvp,main,V-JEPA 2.1,ViT-Gigantic/16,MLP,mlp,48,Final layer,101,artifact,complete,pair_consistency,pair_consistency,98.650927,99.325464,71.385238,83.619818,67.239636,81.294237,2000,2000,false,false,artifacts/probes/mvp/seed_runs_layerwise_v1/mvp__jepa_v2_1__mlp__layer_48/seed_101/train_eval_summary.json,artifacts/probes/mvp/seed_runs_layerwise_v1/mvp__jepa_v2_1__mlp__layer_48/seed_101/layer_48/eval,results/verified_layerwise_probe_configs.csv,414,,,,artifact metrics read from train_eval_summary.json
main_linear_mlp,results/seed_runs/layerwise_seed_results_long.csv,mvp__jepa_v2_1__mlp__layer_48,mvp__jepa_v2_1__mlp__layer_48__seed_102,MVP,mvp,main,V-JEPA 2.1,ViT-Gigantic/16,MLP,mlp,48,Final layer,102,artifact,complete,pair_consistency,pair_consistency,98.178752,99.089376,72.093023,83.872599,66.632963,80.788675,2000,2000,false,false,artifacts/probes/mvp/seed_runs_layerwise_v1/mvp__jepa_v2_1__mlp__layer_48/seed_102/train_eval_summary.json,artifacts/probes/mvp/seed_runs_layerwise_v1/mvp__jepa_v2_1__mlp__layer_48/seed_102/layer_48/eval,results/verified_layerwise_probe_configs.csv,414,,,,artifact metrics read from train_eval_summary.json
main_linear_mlp,results/seed_runs/layerwise_seed_results_long.csv,mvp__jepa_v2_1__mlp__layer_12,mvp__jepa_v2_1__mlp__layer_12__seed_101,MVP,mvp,main,V-JEPA 2.1,ViT-Gigantic/16,MLP,mlp,12,Layer 0.25,101,artifact,complete,pair_consistency,pair_consistency,94.131535,97.015177,55.712841,74.469161,53.185035,72.901921,2000,2000,false,false,artifacts/probes/mvp/seed_runs_layerwise_v1/mvp__jepa_v2_1__mlp__layer_12/seed_101/train_eval_summary.json,artifacts/probes/mvp/seed_runs_layerwise_v1/mvp__jepa_v2_1__mlp__layer_12/seed_101/layer_12/eval,results/verified_layerwise_probe_configs.csv,415,,,,artifact metrics read from train_eval_summary.json
main_linear_mlp,results/seed_runs/layerwise_seed_results_long.csv,mvp__jepa_v2_1__mlp__layer_12,mvp__jepa_v2_1__mlp__layer_12__seed_102,MVP,mvp,main,V-JEPA 2.1,ViT-Gigantic/16,MLP,mlp,12,Layer 0.25,102,artifact,complete,pair_consistency,pair_consistency,94.401349,97.166948,57.128413,74.671385,55.20728,73.559151,2000,2000,false,false,artifacts/probes/mvp/seed_runs_layerwise_v1/mvp__jepa_v2_1__mlp__layer_12/seed_102/train_eval_summary.json,artifacts/probes/mvp/seed_runs_layerwise_v1/mvp__jepa_v2_1__mlp__layer_12/seed_102/layer_12/eval,results/verified_layerwise_probe_configs.csv,415,,,,artifact metrics read from train_eval_summary.json
main_linear_mlp,results/seed_runs/layerwise_seed_results_long.csv,mvp__jepa_v2_1__mlp__layer_24,mvp__jepa_v2_1__mlp__layer_24__seed_101,MVP,mvp,main,V-JEPA 2.1,ViT-Gigantic/16,MLP,mlp,24,Layer 0.5,101,artifact,complete,pair_consistency,pair_consistency,98.111298,99.055649,64.206269,79.979778,62.386249,78.715875,2000,2000,false,false,artifacts/probes/mvp/seed_runs_layerwise_v1/mvp__jepa_v2_1__mlp__layer_24/seed_101/train_eval_summary.json,artifacts/probes/mvp/seed_runs_layerwise_v1/mvp__jepa_v2_1__mlp__layer_24/seed_101/layer_24/eval,results/verified_layerwise_probe_configs.csv,416,,,,artifact metrics read from train_eval_summary.json
main_linear_mlp,results/seed_runs/layerwise_seed_results_long.csv,mvp__jepa_v2_1__mlp__layer_24,mvp__jepa_v2_1__mlp__layer_24__seed_102,MVP,mvp,main,V-JEPA 2.1,ViT-Gigantic/16,MLP,mlp,24,Layer 0.5,102,artifact,complete,pair_consistency,pair_consistency,97.504216,98.752108,65.015167,80.283114,61.476239,78.210313,2000,2000,false,false,artifacts/probes/mvp/seed_runs_layerwise_v1/mvp__jepa_v2_1__mlp__layer_24/seed_102/train_eval_summary.json,artifacts/probes/mvp/seed_runs_layerwise_v1/mvp__jepa_v2_1__mlp__layer_24/seed_102/layer_24/eval,results/verified_layerwise_probe_configs.csv,416,,,,artifact metrics read from train_eval_summary.json
main_linear_mlp,results/seed_runs/layerwise_seed_results_long.csv,mvp__jepa_v2_1__mlp__layer_38,mvp__jepa_v2_1__mlp__layer_38__seed_101,MVP,mvp,main,V-JEPA 2.1,ViT-Gigantic/16,MLP,mlp,38,Layer 0.75,101,artifact,complete,pair_consistency,pair_consistency,99.224283,99.595278,74.519717,84.984833,73.30637,84.37816,2000,2000,false,false,artifacts/probes/mvp/seed_runs_layerwise_v1/mvp__jepa_v2_1__mlp__layer_38/seed_101/train_eval_summary.json,artifacts/probes/mvp/seed_runs_layerwise_v1/mvp__jepa_v2_1__mlp__layer_38/seed_101/layer_38/eval,results/verified_layerwise_probe_configs.csv,417,,,,artifact metrics read from train_eval_summary.json
main_linear_mlp,results/seed_runs/layerwise_seed_results_long.csv,mvp__jepa_v2_1__mlp__layer_38,mvp__jepa_v2_1__mlp__layer_38__seed_102,MVP,mvp,main,V-JEPA 2.1,ViT-Gigantic/16,MLP,mlp,38,Layer 0.75,102,artifact,complete,pair_consistency,pair_consistency,97.77403,98.887015,73.609707,84.934277,71.688574,83.569262,2000,2000,false,false,artifacts/probes/mvp/seed_runs_layerwise_v1/mvp__jepa_v2_1__mlp__layer_38/seed_102/train_eval_summary.json,artifacts/probes/mvp/seed_runs_layerwise_v1/mvp__jepa_v2_1__mlp__layer_38/seed_102/layer_38/eval,results/verified_layerwise_probe_configs.csv,417,,,,artifact metrics read from train_eval_summary.json
main_linear_mlp,results/seed_runs/layerwise_seed_results_long.csv,mvp__videomae__linear__layer_32,mvp__videomae__linear__layer_32__seed_101,MVP,mvp,main,VideoMAE,ViT-H/16,Linear,linear,32,Final layer,101,artifact,complete,pair_consistency,pair_consistency,40,66.694772,35.490394,63.902932,35.28817,63.346815,100,100,false,false,artifacts/probes/mvp/seed_runs_layerwise_v1/mvp__videomae__linear__layer_32/seed_101/train_eval_summary.json,artifacts/probes/mvp/seed_runs_layerwise_v1/mvp__videomae__linear__layer_32/seed_101/layer_32/eval,results/verified_layerwise_probe_configs.csv,434,,,,artifact metrics read from train_eval_summary.json
main_linear_mlp,results/seed_runs/layerwise_seed_results_long.csv,mvp__videomae__linear__layer_32,mvp__videomae__linear__layer_32__seed_102,MVP,mvp,main,VideoMAE,ViT-H/16,Linear,linear,32,Final layer,102,artifact,complete,pair_consistency,pair_consistency,36.18887,65.311973,33.569262,63.14459,30.940344,61.779575,100,100,false,false,artifacts/probes/mvp/seed_runs_layerwise_v1/mvp__videomae__linear__layer_32/seed_102/train_eval_summary.json,artifacts/probes/mvp/seed_runs_layerwise_v1/mvp__videomae__linear__layer_32/seed_102/layer_32/eval,results/verified_layerwise_probe_configs.csv,434,,,,artifact metrics read from train_eval_summary.json
main_linear_mlp,results/seed_runs/layerwise_seed_results_long.csv,mvp__videomae__linear__layer_8,mvp__videomae__linear__layer_8__seed_101,MVP,mvp,main,VideoMAE,ViT-H/16,Linear,linear,8,Layer 0.25,101,artifact,complete,pair_consistency,pair_consistency,36.155143,65.261383,31.547017,62.335693,31.850354,61.830131,100,100,false,false,artifacts/probes/mvp/seed_runs_layerwise_v1/mvp__videomae__linear__layer_8/seed_101/train_eval_summary.json,artifacts/probes/mvp/seed_runs_layerwise_v1/mvp__videomae__linear__layer_8/seed_101/layer_8/eval,results/verified_layerwise_probe_configs.csv,435,,,,artifact metrics read from train_eval_summary.json
main_linear_mlp,results/seed_runs/layerwise_seed_results_long.csv,mvp__videomae__linear__layer_8,mvp__videomae__linear__layer_8__seed_102,MVP,mvp,main,VideoMAE,ViT-H/16,Linear,linear,8,Layer 0.25,102,artifact,complete,pair_consistency,pair_consistency,36.762226,64.839798,32.55814,62.032356,30.637007,60.060667,100,100,false,false,artifacts/probes/mvp/seed_runs_layerwise_v1/mvp__videomae__linear__layer_8/seed_102/train_eval_summary.json,artifacts/probes/mvp/seed_runs_layerwise_v1/mvp__videomae__linear__layer_8/seed_102/layer_8/eval,results/verified_layerwise_probe_configs.csv,435,,,,artifact metrics read from train_eval_summary.json
main_linear_mlp,results/seed_runs/layerwise_seed_results_long.csv,mvp__videomae__linear__layer_16,mvp__videomae__linear__layer_16__seed_101,MVP,mvp,main,VideoMAE,ViT-H/16,Linear,linear,16,Layer 0.5,101,artifact,complete,pair_consistency,pair_consistency,39.021922,66.677909,33.771486,63.043478,35.085945,64.105157,100,100,false,false,artifacts/probes/mvp/seed_runs_layerwise_v1/mvp__videomae__linear__layer_16/seed_101/train_eval_summary.json,artifacts/probes/mvp/seed_runs_layerwise_v1/mvp__videomae__linear__layer_16/seed_101/layer_16/eval,results/verified_layerwise_probe_configs.csv,436,,,,artifact metrics read from train_eval_summary.json
main_linear_mlp,results/seed_runs/layerwise_seed_results_long.csv,mvp__videomae__linear__layer_16,mvp__videomae__linear__layer_16__seed_102,MVP,mvp,main,VideoMAE,ViT-H/16,Linear,linear,16,Layer 0.5,102,artifact,complete,pair_consistency,pair_consistency,40.236088,66.947723,35.591507,63.094034,36.299292,63.549039,100,100,false,false,artifacts/probes/mvp/seed_runs_layerwise_v1/mvp__videomae__linear__layer_16/seed_102/train_eval_summary.json,artifacts/probes/mvp/seed_runs_layerwise_v1/mvp__videomae__linear__layer_16/seed_102/layer_16/eval,results/verified_layerwise_probe_configs.csv,436,,,,artifact metrics read from train_eval_summary.json
main_linear_mlp,results/seed_runs/layerwise_seed_results_long.csv,mvp__videomae__linear__layer_24,mvp__videomae__linear__layer_24__seed_101,MVP,mvp,main,VideoMAE,ViT-H/16,Linear,linear,24,Layer 0.75,101,artifact,complete,pair_consistency,pair_consistency,38.448567,67.116358,34.37816,64.71183,34.883721,64.054601,100,100,false,false,artifacts/probes/mvp/seed_runs_layerwise_v1/mvp__videomae__linear__layer_24/seed_101/train_eval_summary.json,artifacts/probes/mvp/seed_runs_layerwise_v1/mvp__videomae__linear__layer_24/seed_101/layer_24/eval,results/verified_layerwise_probe_configs.csv,437,,,,artifact metrics read from train_eval_summary.json
main_linear_mlp,results/seed_runs/layerwise_seed_results_long.csv,mvp__videomae__linear__layer_24,mvp__videomae__linear__layer_24__seed_102,MVP,mvp,main,VideoMAE,ViT-H/16,Linear,linear,24,Layer 0.75,102,artifact,complete,pair_consistency,pair_consistency,35.716695,66.458685,31.951466,63.902932,31.749242,63.245703,100,100,false,false,artifacts/probes/mvp/seed_runs_layerwise_v1/mvp__videomae__linear__layer_24/seed_102/train_eval_summary.json,artifacts/probes/mvp/seed_runs_layerwise_v1/mvp__videomae__linear__layer_24/seed_102/layer_24/eval,results/verified_layerwise_probe_configs.csv,437,,,,artifact metrics read from train_eval_summary.json
main_linear_mlp,results/seed_runs/layerwise_seed_results_long.csv,mvp__videomae__mlp__layer_32,mvp__videomae__mlp__layer_32__seed_101,MVP,mvp,main,VideoMAE,ViT-H/16,MLP,mlp,32,Final layer,101,artifact,complete,pair_consistency,pair_consistency,98.482293,99.241147,66.127401,81.648129,62.89181,79.979778,2000,2000,false,false,artifacts/probes/mvp/seed_runs_layerwise_v1/mvp__videomae__mlp__layer_32/seed_101/train_eval_summary.json,artifacts/probes/mvp/seed_runs_layerwise_v1/mvp__videomae__mlp__layer_32/seed_101/layer_32/eval,results/verified_layerwise_probe_configs.csv,438,,,,artifact metrics read from train_eval_summary.json
main_linear_mlp,results/seed_runs/layerwise_seed_results_long.csv,mvp__videomae__mlp__layer_32,mvp__videomae__mlp__layer_32__seed_102,MVP,mvp,main,VideoMAE,ViT-H/16,MLP,mlp,32,Final layer,102,artifact,complete,pair_consistency,pair_consistency,98.010118,99.005059,67.037412,82.052578,63.397371,79.979778,2000,2000,false,false,artifacts/probes/mvp/seed_runs_layerwise_v1/mvp__videomae__mlp__layer_32/seed_102/train_eval_summary.json,artifacts/probes/mvp/seed_runs_layerwise_v1/mvp__videomae__mlp__layer_32/seed_102/layer_32/eval,results/verified_layerwise_probe_configs.csv,438,,,,artifact metrics read from train_eval_summary.json
main_linear_mlp,results/seed_runs/layerwise_seed_results_long.csv,mvp__videomae__mlp__layer_8,mvp__videomae__mlp__layer_8__seed_101,MVP,mvp,main,VideoMAE,ViT-H/16,MLP,mlp,8,Layer 0.25,101,artifact,complete,pair_consistency,pair_consistency,84.991568,92.478921,50.65723,72.497472,50.556117,72.345804,2000,2000,false,false,artifacts/probes/mvp/seed_runs_layerwise_v1/mvp__videomae__mlp__layer_8/seed_101/train_eval_summary.json,artifacts/probes/mvp/seed_runs_layerwise_v1/mvp__videomae__mlp__layer_8/seed_101/layer_8/eval,results/verified_layerwise_probe_configs.csv,439,,,,artifact metrics read from train_eval_summary.json
main_linear_mlp,results/seed_runs/layerwise_seed_results_long.csv,mvp__videomae__mlp__layer_8,mvp__videomae__mlp__layer_8__seed_102,MVP,mvp,main,VideoMAE,ViT-H/16,MLP,mlp,8,Layer 0.25,102,artifact,complete,pair_consistency,pair_consistency,86.374368,93.102867,50.556117,72.699697,49.747219,71.284125,2000,2000,false,false,artifacts/probes/mvp/seed_runs_layerwise_v1/mvp__videomae__mlp__layer_8/seed_102/train_eval_summary.json,artifacts/probes/mvp/seed_runs_layerwise_v1/mvp__videomae__mlp__layer_8/seed_102/layer_8/eval,results/verified_layerwise_probe_configs.csv,439,,,,artifact metrics read from train_eval_summary.json
main_linear_mlp,results/seed_runs/layerwise_seed_results_long.csv,mvp__videomae__mlp__layer_16,mvp__videomae__mlp__layer_16__seed_101,MVP,mvp,main,VideoMAE,ViT-H/16,MLP,mlp,16,Layer 0.5,101,artifact,complete,pair_consistency,pair_consistency,87.284992,93.625632,59.352882,77.502528,57.0273,75.985844,2000,2000,false,false,artifacts/probes/mvp/seed_runs_layerwise_v1/mvp__videomae__mlp__layer_16/seed_101/train_eval_summary.json,artifacts/probes/mvp/seed_runs_layerwise_v1/mvp__videomae__mlp__layer_16/seed_101/layer_16/eval,results/verified_layerwise_probe_configs.csv,440,,,,artifact metrics read from train_eval_summary.json
main_linear_mlp,results/seed_runs/layerwise_seed_results_long.csv,mvp__videomae__mlp__layer_16,mvp__videomae__mlp__layer_16__seed_102,MVP,mvp,main,VideoMAE,ViT-H/16,MLP,mlp,16,Layer 0.5,102,artifact,complete,pair_consistency,pair_consistency,89.544688,94.721754,60.364004,78.311426,60.16178,77.60364,2000,2000,false,false,artifacts/probes/mvp/seed_runs_layerwise_v1/mvp__videomae__mlp__layer_16/seed_102/train_eval_summary.json,artifacts/probes/mvp/seed_runs_layerwise_v1/mvp__videomae__mlp__layer_16/seed_102/layer_16/eval,results/verified_layerwise_probe_configs.csv,440,,,,artifact metrics read from train_eval_summary.json
main_linear_mlp,results/seed_runs/layerwise_seed_results_long.csv,mvp__videomae__mlp__layer_24,mvp__videomae__mlp__layer_24__seed_101,MVP,mvp,main,VideoMAE,ViT-H/16,MLP,mlp,24,Layer 0.75,101,artifact,complete,pair_consistency,pair_consistency,93.01855,96.475548,69.059656,82.962588,64.307381,80.283114,2000,2000,false,false,artifacts/probes/mvp/seed_runs_layerwise_v1/mvp__videomae__mlp__layer_24/seed_101/train_eval_summary.json,artifacts/probes/mvp/seed_runs_layerwise_v1/mvp__videomae__mlp__layer_24/seed_101/layer_24/eval,results/verified_layerwise_probe_configs.csv,441,,,,artifact metrics read from train_eval_summary.json
main_linear_mlp,results/seed_runs/layerwise_seed_results_long.csv,mvp__videomae__mlp__layer_24,mvp__videomae__mlp__layer_24__seed_102,MVP,mvp,main,VideoMAE,ViT-H/16,MLP,mlp,24,Layer 0.75,102,artifact,complete,pair_consistency,pair_consistency,93.524452,96.745363,68.655207,82.709808,65.520728,80.33367,2000,2000,false,false,artifacts/probes/mvp/seed_runs_layerwise_v1/mvp__videomae__mlp__layer_24/seed_102/train_eval_summary.json,artifacts/probes/mvp/seed_runs_layerwise_v1/mvp__videomae__mlp__layer_24/seed_102/layer_24/eval,results/verified_layerwise_probe_configs.csv,441,,,,artifact metrics read from train_eval_summary.json
main_linear_mlp,results/seed_runs/layerwise_seed_results_long.csv,mvp__videomae_v2__linear__layer_40,mvp__videomae_v2__linear__layer_40__seed_101,MVP,mvp,main,VideoMAE-v2,ViT-G/16,Linear,linear,40,Final layer,101,artifact,complete,pair_consistency,pair_consistency,40.067454,67.369309,34.37816,63.599596,34.479272,63.346815,100,100,false,false,artifacts/probes/mvp/seed_runs_layerwise_v1/mvp__videomae_v2__linear__layer_40/seed_101/train_eval_summary.json,artifacts/probes/mvp/seed_runs_layerwise_v1/mvp__videomae_v2__linear__layer_40/seed_101/layer_40/eval,results/verified_layerwise_probe_configs.csv,470,,,,artifact metrics read from train_eval_summary.json
main_linear_mlp,results/seed_runs/layerwise_seed_results_long.csv,mvp__videomae_v2__linear__layer_40,mvp__videomae_v2__linear__layer_40__seed_102,MVP,mvp,main,VideoMAE-v2,ViT-G/16,Linear,linear,40,Final layer,102,artifact,complete,pair_consistency,pair_consistency,36.357504,65.092749,34.681496,63.650152,33.670374,62.23458,100,100,false,false,artifacts/probes/mvp/seed_runs_layerwise_v1/mvp__videomae_v2__linear__layer_40/seed_102/train_eval_summary.json,artifacts/probes/mvp/seed_runs_layerwise_v1/mvp__videomae_v2__linear__layer_40/seed_102/layer_40/eval,results/verified_layerwise_probe_configs.csv,470,,,,artifact metrics read from train_eval_summary.json
main_linear_mlp,results/seed_runs/layerwise_seed_results_long.csv,mvp__videomae_v2__linear__layer_10,mvp__videomae_v2__linear__layer_10__seed_101,MVP,mvp,main,VideoMAE-v2,ViT-G/16,Linear,linear,10,Layer 0.25,101,artifact,complete,pair_consistency,pair_consistency,36.357504,65.29511,31.24368,61.880688,32.861476,62.992922,100,100,false,false,artifacts/probes/mvp/seed_runs_layerwise_v1/mvp__videomae_v2__linear__layer_10/seed_101/train_eval_summary.json,artifacts/probes/mvp/seed_runs_layerwise_v1/mvp__videomae_v2__linear__layer_10/seed_101/layer_10/eval,results/verified_layerwise_probe_configs.csv,471,,,,artifact metrics read from train_eval_summary.json
main_linear_mlp,results/seed_runs/layerwise_seed_results_long.csv,mvp__videomae_v2__linear__layer_10,mvp__videomae_v2__linear__layer_10__seed_102,MVP,mvp,main,VideoMAE-v2,ViT-G/16,Linear,linear,10,Layer 0.25,102,artifact,complete,pair_consistency,pair_consistency,33.659359,63.743676,31.041456,61.526795,32.052578,62.184024,100,100,false,false,artifacts/probes/mvp/seed_runs_layerwise_v1/mvp__videomae_v2__linear__layer_10/seed_102/train_eval_summary.json,artifacts/probes/mvp/seed_runs_layerwise_v1/mvp__videomae_v2__linear__layer_10/seed_102/layer_10/eval,results/verified_layerwise_probe_configs.csv,471,,,,artifact metrics read from train_eval_summary.json
main_linear_mlp,results/seed_runs/layerwise_seed_results_long.csv,mvp__videomae_v2__linear__layer_20,mvp__videomae_v2__linear__layer_20__seed_101,MVP,mvp,main,VideoMAE-v2,ViT-G/16,Linear,linear,20,Layer 0.5,101,artifact,complete,pair_consistency,pair_consistency,39.865093,67.099494,38.321537,65.015167,34.782609,62.639029,100,100,false,false,artifacts/probes/mvp/seed_runs_layerwise_v1/mvp__videomae_v2__linear__layer_20/seed_101/train_eval_summary.json,artifacts/probes/mvp/seed_runs_layerwise_v1/mvp__videomae_v2__linear__layer_20/seed_101/layer_20/eval,results/verified_layerwise_probe_configs.csv,472,,,,artifact metrics read from train_eval_summary.json
main_linear_mlp,results/seed_runs/layerwise_seed_results_long.csv,mvp__videomae_v2__linear__layer_20,mvp__videomae_v2__linear__layer_20__seed_102,MVP,mvp,main,VideoMAE-v2,ViT-G/16,Linear,linear,20,Layer 0.5,102,artifact,complete,pair_consistency,pair_consistency,40.269815,67.352445,37.310415,64.863498,35.490394,64.560162,100,100,false,false,artifacts/probes/mvp/seed_runs_layerwise_v1/mvp__videomae_v2__linear__layer_20/seed_102/train_eval_summary.json,artifacts/probes/mvp/seed_runs_layerwise_v1/mvp__videomae_v2__linear__layer_20/seed_102/layer_20/eval,results/verified_layerwise_probe_configs.csv,472,,,,artifact metrics read from train_eval_summary.json
main_linear_mlp,results/seed_runs/layerwise_seed_results_long.csv,mvp__videomae_v2__linear__layer_30,mvp__videomae_v2__linear__layer_30__seed_101,MVP,mvp,main,VideoMAE-v2,ViT-G/16,Linear,linear,30,Layer 0.75,101,artifact,complete,pair_consistency,pair_consistency,38.752108,66.23946,37.209302,64.256825,34.175935,62.537917,100,100,false,false,artifacts/probes/mvp/seed_runs_layerwise_v1/mvp__videomae_v2__linear__layer_30/seed_101/train_eval_summary.json,artifacts/probes/mvp/seed_runs_layerwise_v1/mvp__videomae_v2__linear__layer_30/seed_101/layer_30/eval,results/verified_layerwise_probe_configs.csv,473,,,,artifact metrics read from train_eval_summary.json
main_linear_mlp,results/seed_runs/layerwise_seed_results_long.csv,mvp__videomae_v2__linear__layer_30,mvp__videomae_v2__linear__layer_30__seed_102,MVP,mvp,main,VideoMAE-v2,ViT-G/16,Linear,linear,30,Layer 0.75,102,artifact,complete,pair_consistency,pair_consistency,39.966273,66.18887,35.995956,63.397371,35.692619,63.043478,100,100,false,false,artifacts/probes/mvp/seed_runs_layerwise_v1/mvp__videomae_v2__linear__layer_30/seed_102/train_eval_summary.json,artifacts/probes/mvp/seed_runs_layerwise_v1/mvp__videomae_v2__linear__layer_30/seed_102/layer_30/eval,results/verified_layerwise_probe_configs.csv,473,,,,artifact metrics read from train_eval_summary.json
main_linear_mlp,results/seed_runs/layerwise_seed_results_long.csv,mvp__videomae_v2__mlp__layer_40,mvp__videomae_v2__mlp__layer_40__seed_101,MVP,mvp,main,VideoMAE-v2,ViT-G/16,MLP,mlp,40,Final layer,101,artifact,complete,pair_consistency,pair_consistency,89.645868,94.688027,61.172902,77.805865,58.543984,76.339737,2000,2000,false,false,artifacts/probes/mvp/seed_runs_layerwise_v1/mvp__videomae_v2__mlp__layer_40/seed_101/train_eval_summary.json,artifacts/probes/mvp/seed_runs_layerwise_v1/mvp__videomae_v2__mlp__layer_40/seed_101/layer_40/eval,results/verified_layerwise_probe_configs.csv,474,,,,artifact metrics read from train_eval_summary.json
main_linear_mlp,results/seed_runs/layerwise_seed_results_long.csv,mvp__videomae_v2__mlp__layer_40,mvp__videomae_v2__mlp__layer_40__seed_102,MVP,mvp,main,VideoMAE-v2,ViT-G/16,MLP,mlp,40,Final layer,102,artifact,complete,pair_consistency,pair_consistency,88.397976,94.080944,61.779575,78.210313,57.0273,75.379171,2000,2000,false,false,artifacts/probes/mvp/seed_runs_layerwise_v1/mvp__videomae_v2__mlp__layer_40/seed_102/train_eval_summary.json,artifacts/probes/mvp/seed_runs_layerwise_v1/mvp__videomae_v2__mlp__layer_40/seed_102/layer_40/eval,results/verified_layerwise_probe_configs.csv,474,,,,artifact metrics read from train_eval_summary.json
main_linear_mlp,results/seed_runs/layerwise_seed_results_long.csv,mvp__videomae_v2__mlp__layer_10,mvp__videomae_v2__mlp__layer_10__seed_101,MVP,mvp,main,VideoMAE-v2,ViT-G/16,MLP,mlp,10,Layer 0.25,101,artifact,complete,pair_consistency,pair_consistency,86.88027,93.389545,53.38726,74.165824,52.173913,72.649141,2000,2000,false,false,artifacts/probes/mvp/seed_runs_layerwise_v1/mvp__videomae_v2__mlp__layer_10/seed_101/train_eval_summary.json,artifacts/probes/mvp/seed_runs_layerwise_v1/mvp__videomae_v2__mlp__layer_10/seed_101/layer_10/eval,results/verified_layerwise_probe_configs.csv,475,,,,artifact metrics read from train_eval_summary.json
main_linear_mlp,results/seed_runs/layerwise_seed_results_long.csv,mvp__videomae_v2__mlp__layer_10,mvp__videomae_v2__mlp__layer_10__seed_102,MVP,mvp,main,VideoMAE-v2,ViT-G/16,MLP,mlp,10,Layer 0.25,102,artifact,complete,pair_consistency,pair_consistency,86.913997,93.355818,53.286148,74.165824,53.286148,73.30637,2000,2000,false,false,artifacts/probes/mvp/seed_runs_layerwise_v1/mvp__videomae_v2__mlp__layer_10/seed_102/train_eval_summary.json,artifacts/probes/mvp/seed_runs_layerwise_v1/mvp__videomae_v2__mlp__layer_10/seed_102/layer_10/eval,results/verified_layerwise_probe_configs.csv,475,,,,artifact metrics read from train_eval_summary.json
main_linear_mlp,results/seed_runs/layerwise_seed_results_long.csv,mvp__videomae_v2__mlp__layer_20,mvp__videomae_v2__mlp__layer_20__seed_101,MVP,mvp,main,VideoMAE-v2,ViT-G/16,MLP,mlp,20,Layer 0.5,101,artifact,complete,pair_consistency,pair_consistency,93.389545,96.694772,68.655207,82.406471,66.228514,80.586451,2000,2000,false,false,artifacts/probes/mvp/seed_runs_layerwise_v1/mvp__videomae_v2__mlp__layer_20/seed_101/train_eval_summary.json,artifacts/probes/mvp/seed_runs_layerwise_v1/mvp__videomae_v2__mlp__layer_20/seed_101/layer_20/eval,results/verified_layerwise_probe_configs.csv,476,,,,artifact metrics read from train_eval_summary.json
main_linear_mlp,results/seed_runs/layerwise_seed_results_long.csv,mvp__videomae_v2__mlp__layer_20,mvp__videomae_v2__mlp__layer_20__seed_102,MVP,mvp,main,VideoMAE-v2,ViT-G/16,MLP,mlp,20,Layer 0.5,102,artifact,complete,pair_consistency,pair_consistency,94.637437,97.318718,68.554095,82.355915,66.936299,81.142568,2000,2000,false,false,artifacts/probes/mvp/seed_runs_layerwise_v1/mvp__videomae_v2__mlp__layer_20/seed_102/train_eval_summary.json,artifacts/probes/mvp/seed_runs_layerwise_v1/mvp__videomae_v2__mlp__layer_20/seed_102/layer_20/eval,results/verified_layerwise_probe_configs.csv,476,,,,artifact metrics read from train_eval_summary.json
main_linear_mlp,results/seed_runs/layerwise_seed_results_long.csv,mvp__videomae_v2__mlp__layer_30,mvp__videomae_v2__mlp__layer_30__seed_101,MVP,mvp,main,VideoMAE-v2,ViT-G/16,MLP,mlp,30,Layer 0.75,101,artifact,complete,pair_consistency,pair_consistency,92.242833,96.020236,63.599596,79.474216,61.07179,78.058645,2000,2000,false,false,artifacts/probes/mvp/seed_runs_layerwise_v1/mvp__videomae_v2__mlp__layer_30/seed_101/train_eval_summary.json,artifacts/probes/mvp/seed_runs_layerwise_v1/mvp__videomae_v2__mlp__layer_30/seed_101/layer_30/eval,results/verified_layerwise_probe_configs.csv,477,,,,artifact metrics read from train_eval_summary.json
main_linear_mlp,results/seed_runs/layerwise_seed_results_long.csv,mvp__videomae_v2__mlp__layer_30,mvp__videomae_v2__mlp__layer_30__seed_102,MVP,mvp,main,VideoMAE-v2,ViT-G/16,MLP,mlp,30,Layer 0.75,102,artifact,complete,pair_consistency,pair_consistency,90.455312,95.177066,64.206269,79.625885,61.07179,78.715875,2000,2000,false,false,artifacts/probes/mvp/seed_runs_layerwise_v1/mvp__videomae_v2__mlp__layer_30/seed_102/train_eval_summary.json,artifacts/probes/mvp/seed_runs_layerwise_v1/mvp__videomae_v2__mlp__layer_30/seed_102/layer_30/eval,results/verified_layerwise_probe_configs.csv,477,,,,artifact metrics read from train_eval_summary.json
main_intphys2_attentive,results/seed_runs/layerwise_attentive_intphys2_seed_results_long.csv,intphys2__main__v_jepa__vit_h_16__temporal_attn__layer_8,intphys2__main__v_jepa__vit_h_16__temporal_attn__layer_8__seed_42,IntPhys2,intphys2,main,V-JEPA,ViT-H/16,Attentive,temporal_attn,8,8,42,source_csv,complete,voe_accuracy,voe_accuracy,15.89404,50.993377,19.607843,53.921569,9.803922,46.078431,,90,,true,,,results/verified_layerwise_probe_configs.csv,22,intphys_primary_db.xlsx,V-JEPA,N11:X11,seed 42 read from source CSV metrics
main_intphys2_attentive,results/seed_runs/layerwise_attentive_intphys2_seed_results_long.csv,intphys2__main__v_jepa__vit_h_16__temporal_attn__layer_16,intphys2__main__v_jepa__vit_h_16__temporal_attn__layer_16__seed_42,IntPhys2,intphys2,main,V-JEPA,ViT-H/16,Attentive,temporal_attn,16,16,42,source_csv,complete,voe_accuracy,voe_accuracy,100,97.350993,66.666667,78.921569,66.666667,78.921569,,90,,true,,,results/verified_layerwise_probe_configs.csv,23,intphys_primary_db.xlsx,V-JEPA,N12:X12,seed 42 read from source CSV metrics
main_intphys2_attentive,results/seed_runs/layerwise_attentive_intphys2_seed_results_long.csv,intphys2__main__v_jepa__vit_h_16__temporal_attn__layer_24,intphys2__main__v_jepa__vit_h_16__temporal_attn__layer_24__seed_42,IntPhys2,intphys2,main,V-JEPA,ViT-H/16,Attentive,temporal_attn,24,24,42,source_csv,complete,voe_accuracy,voe_accuracy,69.536424,81.953642,54.901961,75.980392,64.705882,75.490196,,90,,true,,,results/verified_layerwise_probe_configs.csv,24,intphys_primary_db.xlsx,V-JEPA,N13:X13,seed 42 read from source CSV metrics
main_intphys2_attentive,results/seed_runs/layerwise_attentive_intphys2_seed_results_long.csv,intphys2__main__v_jepa__vit_h_16__temporal_attn__layer_32,intphys2__main__v_jepa__vit_h_16__temporal_attn__layer_32__seed_42,IntPhys2,intphys2,main,V-JEPA,ViT-H/16,Attentive,temporal_attn,32,32,42,source_csv,complete,voe_accuracy,voe_accuracy,78.807947,83.609272,56.862745,72.54902,52.941176,72.058824,,90,,true,,,results/verified_layerwise_probe_configs.csv,25,intphys_primary_db.xlsx,V-JEPA,N14:X14,seed 42 read from source CSV metrics
main_intphys2_attentive,results/seed_runs/layerwise_attentive_intphys2_seed_results_long.csv,intphys2__main__v_jepa_2__vit_g_16__temporal_attn__layer_10,intphys2__main__v_jepa_2__vit_g_16__temporal_attn__layer_10__seed_42,IntPhys2,intphys2,main,V-JEPA 2,ViT-G/16,Attentive,temporal_attn,10,10,42,source_csv,complete,voe_accuracy,voe_accuracy,19.205298,49.834437,11.764706,50.980392,1.960784,50.490196,,90,,true,,,results/verified_layerwise_probe_configs.csv,46,intphys_primary_db.xlsx,V-JEPA 2,N11:X11,seed 42 read from source CSV metrics
main_intphys2_attentive,results/seed_runs/layerwise_attentive_intphys2_seed_results_long.csv,intphys2__main__v_jepa_2__vit_g_16__temporal_attn__layer_20,intphys2__main__v_jepa_2__vit_g_16__temporal_attn__layer_20__seed_42,IntPhys2,intphys2,main,V-JEPA 2,ViT-G/16,Attentive,temporal_attn,20,20,42,source_csv,complete,voe_accuracy,voe_accuracy,19.205298,50,21.568627,52.45098,9.803922,49.509804,,90,,true,,,results/verified_layerwise_probe_configs.csv,47,intphys_primary_db.xlsx,V-JEPA 2,N12:X12,seed 42 read from source CSV metrics
main_intphys2_attentive,results/seed_runs/layerwise_attentive_intphys2_seed_results_long.csv,intphys2__main__v_jepa_2__vit_g_16__temporal_attn__layer_30,intphys2__main__v_jepa_2__vit_g_16__temporal_attn__layer_30__seed_42,IntPhys2,intphys2,main,V-JEPA 2,ViT-G/16,Attentive,temporal_attn,30,30,42,source_csv,complete,voe_accuracy,voe_accuracy,97.350993,96.523179,58.823529,79.411765,56.862745,74.019608,,90,,true,,,results/verified_layerwise_probe_configs.csv,48,intphys_primary_db.xlsx,V-JEPA 2,N13:X13,seed 42 read from source CSV metrics
main_intphys2_attentive,results/seed_runs/layerwise_attentive_intphys2_seed_results_long.csv,intphys2__main__v_jepa_2__vit_g_16__temporal_attn__layer_40,intphys2__main__v_jepa_2__vit_g_16__temporal_attn__layer_40__seed_42,IntPhys2,intphys2,main,V-JEPA 2,ViT-G/16,Attentive,temporal_attn,40,40,42,source_csv,complete,voe_accuracy,voe_accuracy,99.337748,99.172185,64.705882,76.960784,78.431373,82.843137,,90,,true,,,results/verified_layerwise_probe_configs.csv,49,intphys_primary_db.xlsx,V-JEPA 2,N14:X14,seed 42 read from source CSV metrics
main_intphys2_attentive,results/seed_runs/layerwise_attentive_intphys2_seed_results_long.csv,intphys2__main__v_jepa_2_1__vit_gigantic_16__temporal_attn__layer_12,intphys2__main__v_jepa_2_1__vit_gigantic_16__temporal_attn__layer_12__seed_42,IntPhys2,intphys2,main,V-JEPA 2.1,ViT-Gigantic/16,Attentive,temporal_attn,12,12,42,source_csv,complete,voe_accuracy,voe_accuracy,33.112583,58.443709,23.529412,54.901961,23.529412,55.882353,,90,,true,,,results/verified_layerwise_probe_configs.csv,94,intphys_primary_db.xlsx,V-JEPA 2.1,AN11:AX11,seed 42 read from source CSV metrics
main_intphys2_attentive,results/seed_runs/layerwise_attentive_intphys2_seed_results_long.csv,intphys2__main__v_jepa_2_1__vit_gigantic_16__temporal_attn__layer_24,intphys2__main__v_jepa_2_1__vit_gigantic_16__temporal_attn__layer_24__seed_42,IntPhys2,intphys2,main,V-JEPA 2.1,ViT-Gigantic/16,Attentive,temporal_attn,24,24,42,source_csv,complete,voe_accuracy,voe_accuracy,100,98.013245,54.901961,70.098039,50.980392,60.784314,,90,,true,,,results/verified_layerwise_probe_configs.csv,95,intphys_primary_db.xlsx,V-JEPA 2.1,AN12:AX12,seed 42 read from source CSV metrics
main_intphys2_attentive,results/seed_runs/layerwise_attentive_intphys2_seed_results_long.csv,intphys2__main__v_jepa_2_1__vit_gigantic_16__temporal_attn__layer_38,intphys2__main__v_jepa_2_1__vit_gigantic_16__temporal_attn__layer_38__seed_42,IntPhys2,intphys2,main,V-JEPA 2.1,ViT-Gigantic/16,Attentive,temporal_attn,38,38,42,source_csv,complete,voe_accuracy,voe_accuracy,80.794702,84.768212,58.823529,74.509804,54.901961,72.058824,,90,,true,,,results/verified_layerwise_probe_configs.csv,96,intphys_primary_db.xlsx,V-JEPA 2.1,AN13:AX13,seed 42 read from source CSV metrics
main_intphys2_attentive,results/seed_runs/layerwise_attentive_intphys2_seed_results_long.csv,intphys2__main__v_jepa_2_1__vit_gigantic_16__temporal_attn__layer_48,intphys2__main__v_jepa_2_1__vit_gigantic_16__temporal_attn__layer_48__seed_42,IntPhys2,intphys2,main,V-JEPA 2.1,ViT-Gigantic/16,Attentive,temporal_attn,48,48,42,source_csv,complete,voe_accuracy,voe_accuracy,99.337748,94.86755,60.784314,75.490196,60.784314,72.54902,,90,,true,,,results/verified_layerwise_probe_configs.csv,97,intphys_primary_db.xlsx,V-JEPA 2.1,AN14:AX14,seed 42 read from source CSV metrics
main_intphys2_attentive,results/seed_runs/layerwise_attentive_intphys2_seed_results_long.csv,intphys2__main__videomae__vit_h_16__temporal_attn__layer_8,intphys2__main__videomae__vit_h_16__temporal_attn__layer_8__seed_42,IntPhys2,intphys2,main,VideoMAE,ViT-H/16,Attentive,temporal_attn,8,8,42,source_csv,complete,voe_accuracy,voe_accuracy,13.245033,50.827815,17.647059,50.980392,13.72549,50.980392,,90,,true,,,results/verified_layerwise_probe_configs.csv,118,intphys_primary_db.xlsx,VideoMAE,N11:X11,seed 42 read from source CSV metrics
main_intphys2_attentive,results/seed_runs/layerwise_attentive_intphys2_seed_results_long.csv,intphys2__main__videomae__vit_h_16__temporal_attn__layer_16,intphys2__main__videomae__vit_h_16__temporal_attn__layer_16__seed_42,IntPhys2,intphys2,main,VideoMAE,ViT-H/16,Attentive,temporal_attn,16,16,42,source_csv,complete,voe_accuracy,voe_accuracy,68.211921,79.635762,56.862745,74.019608,54.901961,67.647059,,90,,true,,,results/verified_layerwise_probe_configs.csv,119,intphys_primary_db.xlsx,VideoMAE,N12:X12,seed 42 read from source CSV metrics
main_intphys2_attentive,results/seed_runs/layerwise_attentive_intphys2_seed_results_long.csv,intphys2__main__videomae__vit_h_16__temporal_attn__layer_24,intphys2__main__videomae__vit_h_16__temporal_attn__layer_24__seed_42,IntPhys2,intphys2,main,VideoMAE,ViT-H/16,Attentive,temporal_attn,24,24,42,source_csv,complete,voe_accuracy,voe_accuracy,98.675497,98.013245,74.509804,80.392157,76.470588,80.882353,,90,,true,,,results/verified_layerwise_probe_configs.csv,120,intphys_primary_db.xlsx,VideoMAE,N13:X13,seed 42 read from source CSV metrics
main_intphys2_attentive,results/seed_runs/layerwise_attentive_intphys2_seed_results_long.csv,intphys2__main__videomae__vit_h_16__temporal_attn__layer_32,intphys2__main__videomae__vit_h_16__temporal_attn__layer_32__seed_42,IntPhys2,intphys2,main,VideoMAE,ViT-H/16,Attentive,temporal_attn,32,32,42,source_csv,complete,voe_accuracy,voe_accuracy,100,98.013245,49.019608,66.666667,41.176471,59.803922,,90,,true,,,results/verified_layerwise_probe_configs.csv,121,intphys_primary_db.xlsx,VideoMAE,N14:X14,seed 42 read from source CSV metrics
main_intphys2_attentive,results/seed_runs/layerwise_attentive_intphys2_seed_results_long.csv,intphys2__main__videomae_v2__vit_g_16__temporal_attn__layer_10,intphys2__main__videomae_v2__vit_g_16__temporal_attn__layer_10__seed_42,IntPhys2,intphys2,main,VideoMAE-v2,ViT-G/16,Attentive,temporal_attn,10,10,42,source_csv,complete,voe_accuracy,voe_accuracy,37.748344,50.662252,15.686275,50.490196,19.607843,50.980392,,90,,true,,,results/verified_layerwise_probe_configs.csv,154,intphys_primary_db.xlsx,VideoMAE-v2,AA11:AK11,seed 42 read from source CSV metrics
main_intphys2_attentive,results/seed_runs/layerwise_attentive_intphys2_seed_results_long.csv,intphys2__main__videomae_v2__vit_g_16__temporal_attn__layer_20,intphys2__main__videomae_v2__vit_g_16__temporal_attn__layer_20__seed_42,IntPhys2,intphys2,main,VideoMAE-v2,ViT-G/16,Attentive,temporal_attn,20,20,42,source_csv,complete,voe_accuracy,voe_accuracy,93.377483,92.05298,58.823529,74.019608,62.745098,72.54902,,90,,true,,,results/verified_layerwise_probe_configs.csv,155,intphys_primary_db.xlsx,VideoMAE-v2,AA12:AK12,seed 42 read from source CSV metrics
main_intphys2_attentive,results/seed_runs/layerwise_attentive_intphys2_seed_results_long.csv,intphys2__main__videomae_v2__vit_g_16__temporal_attn__layer_30,intphys2__main__videomae_v2__vit_g_16__temporal_attn__layer_30__seed_42,IntPhys2,intphys2,main,VideoMAE-v2,ViT-G/16,Attentive,temporal_attn,30,30,42,source_csv,complete,voe_accuracy,voe_accuracy,45.695364,51.655629,27.45098,51.960784,35.294118,51.470588,,90,,true,,,results/verified_layerwise_probe_configs.csv,156,intphys_primary_db.xlsx,VideoMAE-v2,AA13:AK13,seed 42 read from source CSV metrics
main_intphys2_attentive,results/seed_runs/layerwise_attentive_intphys2_seed_results_long.csv,intphys2__main__videomae_v2__vit_g_16__temporal_attn__layer_40,intphys2__main__videomae_v2__vit_g_16__temporal_attn__layer_40__seed_42,IntPhys2,intphys2,main,VideoMAE-v2,ViT-G/16,Attentive,temporal_attn,40,40,42,source_csv,complete,voe_accuracy,voe_accuracy,60.264901,54.801325,19.607843,52.941176,41.176471,52.45098,,90,,true,,,results/verified_layerwise_probe_configs.csv,157,intphys_primary_db.xlsx,VideoMAE-v2,AA14:AK14,seed 42 read from source CSV metrics
main_intphys2_attentive,results/seed_runs/layerwise_attentive_intphys2_seed_results_long.csv,intphys2__main__v_jepa__vit_h_16__temporal_attn__layer_8,intphys2__main__v_jepa__vit_h_16__temporal_attn__layer_8__seed_101,IntPhys2,intphys2,main,V-JEPA,ViT-H/16,Attentive,temporal_attn,8,8,101,artifact,complete,voe_accuracy,voe_accuracy,19.86755,50.496689,11.764706,56.862745,13.72549,50,49,90,true,true,artifacts/probes/intphys2/seed_runs_layerwise_attentive_v1/intphys2__main__v_jepa__vit_h_16__temporal_attn__layer_8/seed_101/train_eval_summary.json,artifacts/probes/intphys2/seed_runs_layerwise_attentive_v1/intphys2__main__v_jepa__vit_h_16__temporal_attn__layer_8/seed_101/layer_8/eval,results/verified_layerwise_probe_configs.csv,22,,,,artifact metrics read from train_eval_summary.json
main_intphys2_attentive,results/seed_runs/layerwise_attentive_intphys2_seed_results_long.csv,intphys2__main__v_jepa__vit_h_16__temporal_attn__layer_8,intphys2__main__v_jepa__vit_h_16__temporal_attn__layer_8__seed_102,IntPhys2,intphys2,main,V-JEPA,ViT-H/16,Attentive,temporal_attn,8,8,102,artifact,complete,voe_accuracy,voe_accuracy,14.569536,50.496689,11.764706,54.411765,15.686275,49.019608,30,90,true,true,artifacts/probes/intphys2/seed_runs_layerwise_attentive_v1/intphys2__main__v_jepa__vit_h_16__temporal_attn__layer_8/seed_102/train_eval_summary.json,artifacts/probes/intphys2/seed_runs_layerwise_attentive_v1/intphys2__main__v_jepa__vit_h_16__temporal_attn__layer_8/seed_102/layer_8/eval,results/verified_layerwise_probe_configs.csv,22,,,,artifact metrics read from train_eval_summary.json
main_intphys2_attentive,results/seed_runs/layerwise_attentive_intphys2_seed_results_long.csv,intphys2__main__v_jepa__vit_h_16__temporal_attn__layer_16,intphys2__main__v_jepa__vit_h_16__temporal_attn__layer_16__seed_101,IntPhys2,intphys2,main,V-JEPA,ViT-H/16,Attentive,temporal_attn,16,16,101,artifact,complete,voe_accuracy,voe_accuracy,90.728477,93.211921,56.862745,77.941176,56.862745,79.411765,64,90,true,true,artifacts/probes/intphys2/seed_runs_layerwise_attentive_v1/intphys2__main__v_jepa__vit_h_16__temporal_attn__layer_16/seed_101/train_eval_summary.json,artifacts/probes/intphys2/seed_runs_layerwise_attentive_v1/intphys2__main__v_jepa__vit_h_16__temporal_attn__layer_16/seed_101/layer_16/eval,results/verified_layerwise_probe_configs.csv,23,,,,artifact metrics read from train_eval_summary.json
main_intphys2_attentive,results/seed_runs/layerwise_attentive_intphys2_seed_results_long.csv,intphys2__main__v_jepa__vit_h_16__temporal_attn__layer_16,intphys2__main__v_jepa__vit_h_16__temporal_attn__layer_16__seed_102,IntPhys2,intphys2,main,V-JEPA,ViT-H/16,Attentive,temporal_attn,16,16,102,artifact,complete,voe_accuracy,voe_accuracy,94.039735,92.549669,64.705882,78.921569,56.862745,75,76,90,true,true,artifacts/probes/intphys2/seed_runs_layerwise_attentive_v1/intphys2__main__v_jepa__vit_h_16__temporal_attn__layer_16/seed_102/train_eval_summary.json,artifacts/probes/intphys2/seed_runs_layerwise_attentive_v1/intphys2__main__v_jepa__vit_h_16__temporal_attn__layer_16/seed_102/layer_16/eval,results/verified_layerwise_probe_configs.csv,23,,,,artifact metrics read from train_eval_summary.json
main_intphys2_attentive,results/seed_runs/layerwise_attentive_intphys2_seed_results_long.csv,intphys2__main__v_jepa__vit_h_16__temporal_attn__layer_24,intphys2__main__v_jepa__vit_h_16__temporal_attn__layer_24__seed_101,IntPhys2,intphys2,main,V-JEPA,ViT-H/16,Attentive,temporal_attn,24,24,101,artifact,complete,voe_accuracy,voe_accuracy,99.337748,95.364238,62.745098,76.470588,62.745098,73.529412,42,90,true,true,artifacts/probes/intphys2/seed_runs_layerwise_attentive_v1/intphys2__main__v_jepa__vit_h_16__temporal_attn__layer_24/seed_101/train_eval_summary.json,artifacts/probes/intphys2/seed_runs_layerwise_attentive_v1/intphys2__main__v_jepa__vit_h_16__temporal_attn__layer_24/seed_101/layer_24/eval,results/verified_layerwise_probe_configs.csv,24,,,,artifact metrics read from train_eval_summary.json
main_intphys2_attentive,results/seed_runs/layerwise_attentive_intphys2_seed_results_long.csv,intphys2__main__v_jepa__vit_h_16__temporal_attn__layer_24,intphys2__main__v_jepa__vit_h_16__temporal_attn__layer_24__seed_102,IntPhys2,intphys2,main,V-JEPA,ViT-H/16,Attentive,temporal_attn,24,24,102,artifact,complete,voe_accuracy,voe_accuracy,98.675497,99.006623,62.745098,78.921569,60.784314,78.921569,50,90,true,true,artifacts/probes/intphys2/seed_runs_layerwise_attentive_v1/intphys2__main__v_jepa__vit_h_16__temporal_attn__layer_24/seed_102/train_eval_summary.json,artifacts/probes/intphys2/seed_runs_layerwise_attentive_v1/intphys2__main__v_jepa__vit_h_16__temporal_attn__layer_24/seed_102/layer_24/eval,results/verified_layerwise_probe_configs.csv,24,,,,artifact metrics read from train_eval_summary.json
main_intphys2_attentive,results/seed_runs/layerwise_attentive_intphys2_seed_results_long.csv,intphys2__main__v_jepa__vit_h_16__temporal_attn__layer_32,intphys2__main__v_jepa__vit_h_16__temporal_attn__layer_32__seed_101,IntPhys2,intphys2,main,V-JEPA,ViT-H/16,Attentive,temporal_attn,32,32,101,artifact,complete,voe_accuracy,voe_accuracy,66.887417,77.317881,54.901961,72.058824,52.941176,70.098039,35,90,true,true,artifacts/probes/intphys2/seed_runs_layerwise_attentive_v1/intphys2__main__v_jepa__vit_h_16__temporal_attn__layer_32/seed_101/train_eval_summary.json,artifacts/probes/intphys2/seed_runs_layerwise_attentive_v1/intphys2__main__v_jepa__vit_h_16__temporal_attn__layer_32/seed_101/layer_32/eval,results/verified_layerwise_probe_configs.csv,25,,,,artifact metrics read from train_eval_summary.json
main_intphys2_attentive,results/seed_runs/layerwise_attentive_intphys2_seed_results_long.csv,intphys2__main__v_jepa__vit_h_16__temporal_attn__layer_32,intphys2__main__v_jepa__vit_h_16__temporal_attn__layer_32__seed_102,IntPhys2,intphys2,main,V-JEPA,ViT-H/16,Attentive,temporal_attn,32,32,102,artifact,complete,voe_accuracy,voe_accuracy,65.562914,80.13245,60.784314,74.019608,52.941176,73.039216,39,90,true,true,artifacts/probes/intphys2/seed_runs_layerwise_attentive_v1/intphys2__main__v_jepa__vit_h_16__temporal_attn__layer_32/seed_102/train_eval_summary.json,artifacts/probes/intphys2/seed_runs_layerwise_attentive_v1/intphys2__main__v_jepa__vit_h_16__temporal_attn__layer_32/seed_102/layer_32/eval,results/verified_layerwise_probe_configs.csv,25,,,,artifact metrics read from train_eval_summary.json
main_intphys2_attentive,results/seed_runs/layerwise_attentive_intphys2_seed_results_long.csv,intphys2__main__v_jepa_2__vit_g_16__temporal_attn__layer_10,intphys2__main__v_jepa_2__vit_g_16__temporal_attn__layer_10__seed_101,IntPhys2,intphys2,main,V-JEPA 2,ViT-G/16,Attentive,temporal_attn,10,10,101,artifact,complete,voe_accuracy,voe_accuracy,5.298013,49.834437,9.803922,50.490196,13.72549,50,40,90,true,true,artifacts/probes/intphys2/seed_runs_layerwise_attentive_v1/intphys2__main__v_jepa_2__vit_g_16__temporal_attn__layer_10/seed_101/train_eval_summary.json,artifacts/probes/intphys2/seed_runs_layerwise_attentive_v1/intphys2__main__v_jepa_2__vit_g_16__temporal_attn__layer_10/seed_101/layer_10/eval,results/verified_layerwise_probe_configs.csv,46,,,,artifact metrics read from train_eval_summary.json
main_intphys2_attentive,results/seed_runs/layerwise_attentive_intphys2_seed_results_long.csv,intphys2__main__v_jepa_2__vit_g_16__temporal_attn__layer_10,intphys2__main__v_jepa_2__vit_g_16__temporal_attn__layer_10__seed_102,IntPhys2,intphys2,main,V-JEPA 2,ViT-G/16,Attentive,temporal_attn,10,10,102,artifact,complete,voe_accuracy,voe_accuracy,15.231788,50.331126,13.72549,50.490196,7.843137,50.490196,24,90,true,true,artifacts/probes/intphys2/seed_runs_layerwise_attentive_v1/intphys2__main__v_jepa_2__vit_g_16__temporal_attn__layer_10/seed_102/train_eval_summary.json,artifacts/probes/intphys2/seed_runs_layerwise_attentive_v1/intphys2__main__v_jepa_2__vit_g_16__temporal_attn__layer_10/seed_102/layer_10/eval,results/verified_layerwise_probe_configs.csv,46,,,,artifact metrics read from train_eval_summary.json
main_intphys2_attentive,results/seed_runs/layerwise_attentive_intphys2_seed_results_long.csv,intphys2__main__v_jepa_2__vit_g_16__temporal_attn__layer_20,intphys2__main__v_jepa_2__vit_g_16__temporal_attn__layer_20__seed_101,IntPhys2,intphys2,main,V-JEPA 2,ViT-G/16,Attentive,temporal_attn,20,20,101,artifact,complete,voe_accuracy,voe_accuracy,17.880795,49.834437,13.72549,50.980392,15.686275,49.509804,58,90,true,true,artifacts/probes/intphys2/seed_runs_layerwise_attentive_v1/intphys2__main__v_jepa_2__vit_g_16__temporal_attn__layer_20/seed_101/train_eval_summary.json,artifacts/probes/intphys2/seed_runs_layerwise_attentive_v1/intphys2__main__v_jepa_2__vit_g_16__temporal_attn__layer_20/seed_101/layer_20/eval,results/verified_layerwise_probe_configs.csv,47,,,,artifact metrics read from train_eval_summary.json
main_intphys2_attentive,results/seed_runs/layerwise_attentive_intphys2_seed_results_long.csv,intphys2__main__v_jepa_2__vit_g_16__temporal_attn__layer_20,intphys2__main__v_jepa_2__vit_g_16__temporal_attn__layer_20__seed_102,IntPhys2,intphys2,main,V-JEPA 2,ViT-G/16,Attentive,temporal_attn,20,20,102,artifact,complete,voe_accuracy,voe_accuracy,14.569536,50,3.921569,50.980392,11.764706,50,34,90,true,true,artifacts/probes/intphys2/seed_runs_layerwise_attentive_v1/intphys2__main__v_jepa_2__vit_g_16__temporal_attn__layer_20/seed_102/train_eval_summary.json,artifacts/probes/intphys2/seed_runs_layerwise_attentive_v1/intphys2__main__v_jepa_2__vit_g_16__temporal_attn__layer_20/seed_102/layer_20/eval,results/verified_layerwise_probe_configs.csv,47,,,,artifact metrics read from train_eval_summary.json
main_intphys2_attentive,results/seed_runs/layerwise_attentive_intphys2_seed_results_long.csv,intphys2__main__v_jepa_2__vit_g_16__temporal_attn__layer_30,intphys2__main__v_jepa_2__vit_g_16__temporal_attn__layer_30__seed_101,IntPhys2,intphys2,main,V-JEPA 2,ViT-G/16,Attentive,temporal_attn,30,30,101,artifact,complete,voe_accuracy,voe_accuracy,76.15894,81.953642,66.666667,75,50.980392,72.058824,42,90,true,true,artifacts/probes/intphys2/seed_runs_layerwise_attentive_v1/intphys2__main__v_jepa_2__vit_g_16__temporal_attn__layer_30/seed_101/train_eval_summary.json,artifacts/probes/intphys2/seed_runs_layerwise_attentive_v1/intphys2__main__v_jepa_2__vit_g_16__temporal_attn__layer_30/seed_101/layer_30/eval,results/verified_layerwise_probe_configs.csv,48,,,,artifact metrics read from train_eval_summary.json
main_intphys2_attentive,results/seed_runs/layerwise_attentive_intphys2_seed_results_long.csv,intphys2__main__v_jepa_2__vit_g_16__temporal_attn__layer_30,intphys2__main__v_jepa_2__vit_g_16__temporal_attn__layer_30__seed_102,IntPhys2,intphys2,main,V-JEPA 2,ViT-G/16,Attentive,temporal_attn,30,30,102,artifact,complete,voe_accuracy,voe_accuracy,99.337748,92.880795,58.823529,76.470588,50.980392,73.039216,53,90,true,true,artifacts/probes/intphys2/seed_runs_layerwise_attentive_v1/intphys2__main__v_jepa_2__vit_g_16__temporal_attn__layer_30/seed_102/train_eval_summary.json,artifacts/probes/intphys2/seed_runs_layerwise_attentive_v1/intphys2__main__v_jepa_2__vit_g_16__temporal_attn__layer_30/seed_102/layer_30/eval,results/verified_layerwise_probe_configs.csv,48,,,,artifact metrics read from train_eval_summary.json
main_intphys2_attentive,results/seed_runs/layerwise_attentive_intphys2_seed_results_long.csv,intphys2__main__v_jepa_2__vit_g_16__temporal_attn__layer_40,intphys2__main__v_jepa_2__vit_g_16__temporal_attn__layer_40__seed_101,IntPhys2,intphys2,main,V-JEPA 2,ViT-G/16,Attentive,temporal_attn,40,40,101,artifact,complete,voe_accuracy,voe_accuracy,81.456954,87.913907,58.823529,74.019608,60.784314,79.411765,57,90,true,true,artifacts/probes/intphys2/seed_runs_layerwise_attentive_v1/intphys2__main__v_jepa_2__vit_g_16__temporal_attn__layer_40/seed_101/train_eval_summary.json,artifacts/probes/intphys2/seed_runs_layerwise_attentive_v1/intphys2__main__v_jepa_2__vit_g_16__temporal_attn__layer_40/seed_101/layer_40/eval,results/verified_layerwise_probe_configs.csv,49,,,,artifact metrics read from train_eval_summary.json
main_intphys2_attentive,results/seed_runs/layerwise_attentive_intphys2_seed_results_long.csv,intphys2__main__v_jepa_2__vit_g_16__temporal_attn__layer_40,intphys2__main__v_jepa_2__vit_g_16__temporal_attn__layer_40__seed_102,IntPhys2,intphys2,main,V-JEPA 2,ViT-G/16,Attentive,temporal_attn,40,40,102,artifact,complete,voe_accuracy,voe_accuracy,100,100,54.901961,79.411765,54.901961,72.54902,90,90,false,true,artifacts/probes/intphys2/seed_runs_layerwise_attentive_v1/intphys2__main__v_jepa_2__vit_g_16__temporal_attn__layer_40/seed_102/train_eval_summary.json,artifacts/probes/intphys2/seed_runs_layerwise_attentive_v1/intphys2__main__v_jepa_2__vit_g_16__temporal_attn__layer_40/seed_102/layer_40/eval,results/verified_layerwise_probe_configs.csv,49,,,,artifact metrics read from train_eval_summary.json
main_intphys2_attentive,results/seed_runs/layerwise_attentive_intphys2_seed_results_long.csv,intphys2__main__v_jepa_2_1__vit_gigantic_16__temporal_attn__layer_12,intphys2__main__v_jepa_2_1__vit_gigantic_16__temporal_attn__layer_12__seed_101,IntPhys2,intphys2,main,V-JEPA 2.1,ViT-Gigantic/16,Attentive,temporal_attn,12,12,101,artifact,complete,voe_accuracy,voe_accuracy,19.205298,52.81457,17.647059,53.921569,15.686275,54.411765,33,90,true,true,artifacts/probes/intphys2/seed_runs_layerwise_attentive_v1/intphys2__main__v_jepa_2_1__vit_gigantic_16__temporal_attn__layer_12/seed_101/train_eval_summary.json,artifacts/probes/intphys2/seed_runs_layerwise_attentive_v1/intphys2__main__v_jepa_2_1__vit_gigantic_16__temporal_attn__layer_12/seed_101/layer_12/eval,results/verified_layerwise_probe_configs.csv,94,,,,artifact metrics read from train_eval_summary.json
main_intphys2_attentive,results/seed_runs/layerwise_attentive_intphys2_seed_results_long.csv,intphys2__main__v_jepa_2_1__vit_gigantic_16__temporal_attn__layer_12,intphys2__main__v_jepa_2_1__vit_gigantic_16__temporal_attn__layer_12__seed_102,IntPhys2,intphys2,main,V-JEPA 2.1,ViT-Gigantic/16,Attentive,temporal_attn,12,12,102,artifact,complete,voe_accuracy,voe_accuracy,31.125828,56.788079,17.647059,55.392157,21.568627,55.882353,75,90,true,true,artifacts/probes/intphys2/seed_runs_layerwise_attentive_v1/intphys2__main__v_jepa_2_1__vit_gigantic_16__temporal_attn__layer_12/seed_102/train_eval_summary.json,artifacts/probes/intphys2/seed_runs_layerwise_attentive_v1/intphys2__main__v_jepa_2_1__vit_gigantic_16__temporal_attn__layer_12/seed_102/layer_12/eval,results/verified_layerwise_probe_configs.csv,94,,,,artifact metrics read from train_eval_summary.json
main_intphys2_attentive,results/seed_runs/layerwise_attentive_intphys2_seed_results_long.csv,intphys2__main__v_jepa_2_1__vit_gigantic_16__temporal_attn__layer_24,intphys2__main__v_jepa_2_1__vit_gigantic_16__temporal_attn__layer_24__seed_101,IntPhys2,intphys2,main,V-JEPA 2.1,ViT-Gigantic/16,Attentive,temporal_attn,24,24,101,artifact,complete,voe_accuracy,voe_accuracy,90.728477,89.569536,49.019608,68.137255,49.019608,67.647059,90,90,false,true,artifacts/probes/intphys2/seed_runs_layerwise_attentive_v1/intphys2__main__v_jepa_2_1__vit_gigantic_16__temporal_attn__layer_24/seed_101/train_eval_summary.json,artifacts/probes/intphys2/seed_runs_layerwise_attentive_v1/intphys2__main__v_jepa_2_1__vit_gigantic_16__temporal_attn__layer_24/seed_101/layer_24/eval,results/verified_layerwise_probe_configs.csv,95,,,,artifact metrics read from train_eval_summary.json
main_intphys2_attentive,results/seed_runs/layerwise_attentive_intphys2_seed_results_long.csv,intphys2__main__v_jepa_2_1__vit_gigantic_16__temporal_attn__layer_24,intphys2__main__v_jepa_2_1__vit_gigantic_16__temporal_attn__layer_24__seed_102,IntPhys2,intphys2,main,V-JEPA 2.1,ViT-Gigantic/16,Attentive,temporal_attn,24,24,102,artifact,complete,voe_accuracy,voe_accuracy,93.377483,92.715232,54.901961,70.098039,52.941176,70.588235,90,90,false,true,artifacts/probes/intphys2/seed_runs_layerwise_attentive_v1/intphys2__main__v_jepa_2_1__vit_gigantic_16__temporal_attn__layer_24/seed_102/train_eval_summary.json,artifacts/probes/intphys2/seed_runs_layerwise_attentive_v1/intphys2__main__v_jepa_2_1__vit_gigantic_16__temporal_attn__layer_24/seed_102/layer_24/eval,results/verified_layerwise_probe_configs.csv,95,,,,artifact metrics read from train_eval_summary.json
main_intphys2_attentive,results/seed_runs/layerwise_attentive_intphys2_seed_results_long.csv,intphys2__main__v_jepa_2_1__vit_gigantic_16__temporal_attn__layer_38,intphys2__main__v_jepa_2_1__vit_gigantic_16__temporal_attn__layer_38__seed_101,IntPhys2,intphys2,main,V-JEPA 2.1,ViT-Gigantic/16,Attentive,temporal_attn,38,38,101,artifact,complete,voe_accuracy,voe_accuracy,61.589404,75.993377,52.941176,73.529412,54.901961,70.588235,38,90,true,true,artifacts/probes/intphys2/seed_runs_layerwise_attentive_v1/intphys2__main__v_jepa_2_1__vit_gigantic_16__temporal_attn__layer_38/seed_101/train_eval_summary.json,artifacts/probes/intphys2/seed_runs_layerwise_attentive_v1/intphys2__main__v_jepa_2_1__vit_gigantic_16__temporal_attn__layer_38/seed_101/layer_38/eval,results/verified_layerwise_probe_configs.csv,96,,,,artifact metrics read from train_eval_summary.json
main_intphys2_attentive,results/seed_runs/layerwise_attentive_intphys2_seed_results_long.csv,intphys2__main__v_jepa_2_1__vit_gigantic_16__temporal_attn__layer_38,intphys2__main__v_jepa_2_1__vit_gigantic_16__temporal_attn__layer_38__seed_102,IntPhys2,intphys2,main,V-JEPA 2.1,ViT-Gigantic/16,Attentive,temporal_attn,38,38,102,artifact,complete,voe_accuracy,voe_accuracy,100,99.503311,66.666667,78.921569,68.627451,77.45098,71,90,true,true,artifacts/probes/intphys2/seed_runs_layerwise_attentive_v1/intphys2__main__v_jepa_2_1__vit_gigantic_16__temporal_attn__layer_38/seed_102/train_eval_summary.json,artifacts/probes/intphys2/seed_runs_layerwise_attentive_v1/intphys2__main__v_jepa_2_1__vit_gigantic_16__temporal_attn__layer_38/seed_102/layer_38/eval,results/verified_layerwise_probe_configs.csv,96,,,,artifact metrics read from train_eval_summary.json
main_intphys2_attentive,results/seed_runs/layerwise_attentive_intphys2_seed_results_long.csv,intphys2__main__v_jepa_2_1__vit_gigantic_16__temporal_attn__layer_48,intphys2__main__v_jepa_2_1__vit_gigantic_16__temporal_attn__layer_48__seed_101,IntPhys2,intphys2,main,V-JEPA 2.1,ViT-Gigantic/16,Attentive,temporal_attn,48,48,101,artifact,complete,voe_accuracy,voe_accuracy,71.523179,76.490066,54.901961,72.058824,52.941176,71.568627,40,90,true,true,artifacts/probes/intphys2/seed_runs_layerwise_attentive_v1/intphys2__main__v_jepa_2_1__vit_gigantic_16__temporal_attn__layer_48/seed_101/train_eval_summary.json,artifacts/probes/intphys2/seed_runs_layerwise_attentive_v1/intphys2__main__v_jepa_2_1__vit_gigantic_16__temporal_attn__layer_48/seed_101/layer_48/eval,results/verified_layerwise_probe_configs.csv,97,,,,artifact metrics read from train_eval_summary.json
main_intphys2_attentive,results/seed_runs/layerwise_attentive_intphys2_seed_results_long.csv,intphys2__main__v_jepa_2_1__vit_gigantic_16__temporal_attn__layer_48,intphys2__main__v_jepa_2_1__vit_gigantic_16__temporal_attn__layer_48__seed_102,IntPhys2,intphys2,main,V-JEPA 2.1,ViT-Gigantic/16,Attentive,temporal_attn,48,48,102,artifact,complete,voe_accuracy,voe_accuracy,80.794702,84.933775,54.901961,74.019608,50.980392,73.529412,32,90,true,true,artifacts/probes/intphys2/seed_runs_layerwise_attentive_v1/intphys2__main__v_jepa_2_1__vit_gigantic_16__temporal_attn__layer_48/seed_102/train_eval_summary.json,artifacts/probes/intphys2/seed_runs_layerwise_attentive_v1/intphys2__main__v_jepa_2_1__vit_gigantic_16__temporal_attn__layer_48/seed_102/layer_48/eval,results/verified_layerwise_probe_configs.csv,97,,,,artifact metrics read from train_eval_summary.json
main_intphys2_attentive,results/seed_runs/layerwise_attentive_intphys2_seed_results_long.csv,intphys2__main__videomae__vit_h_16__temporal_attn__layer_8,intphys2__main__videomae__vit_h_16__temporal_attn__layer_8__seed_101,IntPhys2,intphys2,main,VideoMAE,ViT-H/16,Attentive,temporal_attn,8,8,101,artifact,complete,voe_accuracy,voe_accuracy,32.450331,51.324503,17.647059,51.960784,19.607843,50.980392,43,90,true,true,artifacts/probes/intphys2/seed_runs_layerwise_attentive_v1/intphys2__main__videomae__vit_h_16__temporal_attn__layer_8/seed_101/train_eval_summary.json,artifacts/probes/intphys2/seed_runs_layerwise_attentive_v1/intphys2__main__videomae__vit_h_16__temporal_attn__layer_8/seed_101/layer_8/eval,results/verified_layerwise_probe_configs.csv,118,,,,artifact metrics read from train_eval_summary.json
main_intphys2_attentive,results/seed_runs/layerwise_attentive_intphys2_seed_results_long.csv,intphys2__main__videomae__vit_h_16__temporal_attn__layer_8,intphys2__main__videomae__vit_h_16__temporal_attn__layer_8__seed_102,IntPhys2,intphys2,main,VideoMAE,ViT-H/16,Attentive,temporal_attn,8,8,102,artifact,complete,voe_accuracy,voe_accuracy,32.450331,50.496689,9.803922,51.470588,13.72549,51.470588,36,90,true,true,artifacts/probes/intphys2/seed_runs_layerwise_attentive_v1/intphys2__main__videomae__vit_h_16__temporal_attn__layer_8/seed_102/train_eval_summary.json,artifacts/probes/intphys2/seed_runs_layerwise_attentive_v1/intphys2__main__videomae__vit_h_16__temporal_attn__layer_8/seed_102/layer_8/eval,results/verified_layerwise_probe_configs.csv,118,,,,artifact metrics read from train_eval_summary.json
main_intphys2_attentive,results/seed_runs/layerwise_attentive_intphys2_seed_results_long.csv,intphys2__main__videomae__vit_h_16__temporal_attn__layer_16,intphys2__main__videomae__vit_h_16__temporal_attn__layer_16__seed_101,IntPhys2,intphys2,main,VideoMAE,ViT-H/16,Attentive,temporal_attn,16,16,101,artifact,complete,voe_accuracy,voe_accuracy,98.675497,98.675497,47.058824,75.490196,54.901961,75,78,90,true,true,artifacts/probes/intphys2/seed_runs_layerwise_attentive_v1/intphys2__main__videomae__vit_h_16__temporal_attn__layer_16/seed_101/train_eval_summary.json,artifacts/probes/intphys2/seed_runs_layerwise_attentive_v1/intphys2__main__videomae__vit_h_16__temporal_attn__layer_16/seed_101/layer_16/eval,results/verified_layerwise_probe_configs.csv,119,,,,artifact metrics read from train_eval_summary.json
main_intphys2_attentive,results/seed_runs/layerwise_attentive_intphys2_seed_results_long.csv,intphys2__main__videomae__vit_h_16__temporal_attn__layer_16,intphys2__main__videomae__vit_h_16__temporal_attn__layer_16__seed_102,IntPhys2,intphys2,main,VideoMAE,ViT-H/16,Attentive,temporal_attn,16,16,102,artifact,complete,voe_accuracy,voe_accuracy,100,99.668874,60.784314,77.941176,56.862745,74.509804,72,90,true,true,artifacts/probes/intphys2/seed_runs_layerwise_attentive_v1/intphys2__main__videomae__vit_h_16__temporal_attn__layer_16/seed_102/train_eval_summary.json,artifacts/probes/intphys2/seed_runs_layerwise_attentive_v1/intphys2__main__videomae__vit_h_16__temporal_attn__layer_16/seed_102/layer_16/eval,results/verified_layerwise_probe_configs.csv,119,,,,artifact metrics read from train_eval_summary.json
main_intphys2_attentive,results/seed_runs/layerwise_attentive_intphys2_seed_results_long.csv,intphys2__main__videomae__vit_h_16__temporal_attn__layer_24,intphys2__main__videomae__vit_h_16__temporal_attn__layer_24__seed_101,IntPhys2,intphys2,main,VideoMAE,ViT-H/16,Attentive,temporal_attn,24,24,101,artifact,complete,voe_accuracy,voe_accuracy,99.337748,97.847682,74.509804,79.901961,74.509804,81.372549,81,90,true,true,artifacts/probes/intphys2/seed_runs_layerwise_attentive_v1/intphys2__main__videomae__vit_h_16__temporal_attn__layer_24/seed_101/train_eval_summary.json,artifacts/probes/intphys2/seed_runs_layerwise_attentive_v1/intphys2__main__videomae__vit_h_16__temporal_attn__layer_24/seed_101/layer_24/eval,results/verified_layerwise_probe_configs.csv,120,,,,artifact metrics read from train_eval_summary.json
main_intphys2_attentive,results/seed_runs/layerwise_attentive_intphys2_seed_results_long.csv,intphys2__main__videomae__vit_h_16__temporal_attn__layer_24,intphys2__main__videomae__vit_h_16__temporal_attn__layer_24__seed_102,IntPhys2,intphys2,main,VideoMAE,ViT-H/16,Attentive,temporal_attn,24,24,102,artifact,complete,voe_accuracy,voe_accuracy,99.337748,98.84106,72.54902,81.372549,68.627451,80.882353,90,90,false,true,artifacts/probes/intphys2/seed_runs_layerwise_attentive_v1/intphys2__main__videomae__vit_h_16__temporal_attn__layer_24/seed_102/train_eval_summary.json,artifacts/probes/intphys2/seed_runs_layerwise_attentive_v1/intphys2__main__videomae__vit_h_16__temporal_attn__layer_24/seed_102/layer_24/eval,results/verified_layerwise_probe_configs.csv,120,,,,artifact metrics read from train_eval_summary.json
main_intphys2_attentive,results/seed_runs/layerwise_attentive_intphys2_seed_results_long.csv,intphys2__main__videomae__vit_h_16__temporal_attn__layer_32,intphys2__main__videomae__vit_h_16__temporal_attn__layer_32__seed_101,IntPhys2,intphys2,main,VideoMAE,ViT-H/16,Attentive,temporal_attn,32,32,101,artifact,complete,voe_accuracy,voe_accuracy,100,99.668874,45.098039,66.666667,39.215686,59.313725,86,90,true,true,artifacts/probes/intphys2/seed_runs_layerwise_attentive_v1/intphys2__main__videomae__vit_h_16__temporal_attn__layer_32/seed_101/train_eval_summary.json,artifacts/probes/intphys2/seed_runs_layerwise_attentive_v1/intphys2__main__videomae__vit_h_16__temporal_attn__layer_32/seed_101/layer_32/eval,results/verified_layerwise_probe_configs.csv,121,,,,artifact metrics read from train_eval_summary.json
main_intphys2_attentive,results/seed_runs/layerwise_attentive_intphys2_seed_results_long.csv,intphys2__main__videomae__vit_h_16__temporal_attn__layer_32,intphys2__main__videomae__vit_h_16__temporal_attn__layer_32__seed_102,IntPhys2,intphys2,main,VideoMAE,ViT-H/16,Attentive,temporal_attn,32,32,102,artifact,complete,voe_accuracy,voe_accuracy,100,91.556291,47.058824,64.215686,43.137255,62.745098,39,90,true,true,artifacts/probes/intphys2/seed_runs_layerwise_attentive_v1/intphys2__main__videomae__vit_h_16__temporal_attn__layer_32/seed_102/train_eval_summary.json,artifacts/probes/intphys2/seed_runs_layerwise_attentive_v1/intphys2__main__videomae__vit_h_16__temporal_attn__layer_32/seed_102/layer_32/eval,results/verified_layerwise_probe_configs.csv,121,,,,artifact metrics read from train_eval_summary.json
main_intphys2_attentive,results/seed_runs/layerwise_attentive_intphys2_seed_results_long.csv,intphys2__main__videomae_v2__vit_g_16__temporal_attn__layer_10,intphys2__main__videomae_v2__vit_g_16__temporal_attn__layer_10__seed_101,IntPhys2,intphys2,main,VideoMAE-v2,ViT-G/16,Attentive,temporal_attn,10,10,101,artifact,complete,voe_accuracy,voe_accuracy,43.708609,51.655629,13.72549,50.490196,33.333333,50.980392,56,90,true,true,artifacts/probes/intphys2/seed_runs_layerwise_attentive_v1/intphys2__main__videomae_v2__vit_g_16__temporal_attn__layer_10/seed_101/train_eval_summary.json,artifacts/probes/intphys2/seed_runs_layerwise_attentive_v1/intphys2__main__videomae_v2__vit_g_16__temporal_attn__layer_10/seed_101/layer_10/eval,results/verified_layerwise_probe_configs.csv,154,,,,artifact metrics read from train_eval_summary.json
main_intphys2_attentive,results/seed_runs/layerwise_attentive_intphys2_seed_results_long.csv,intphys2__main__videomae_v2__vit_g_16__temporal_attn__layer_10,intphys2__main__videomae_v2__vit_g_16__temporal_attn__layer_10__seed_102,IntPhys2,intphys2,main,VideoMAE-v2,ViT-G/16,Attentive,temporal_attn,10,10,102,artifact,complete,voe_accuracy,voe_accuracy,34.437086,51.490066,17.647059,51.470588,23.529412,50.980392,43,90,true,true,artifacts/probes/intphys2/seed_runs_layerwise_attentive_v1/intphys2__main__videomae_v2__vit_g_16__temporal_attn__layer_10/seed_102/train_eval_summary.json,artifacts/probes/intphys2/seed_runs_layerwise_attentive_v1/intphys2__main__videomae_v2__vit_g_16__temporal_attn__layer_10/seed_102/layer_10/eval,results/verified_layerwise_probe_configs.csv,154,,,,artifact metrics read from train_eval_summary.json
main_intphys2_attentive,results/seed_runs/layerwise_attentive_intphys2_seed_results_long.csv,intphys2__main__videomae_v2__vit_g_16__temporal_attn__layer_20,intphys2__main__videomae_v2__vit_g_16__temporal_attn__layer_20__seed_101,IntPhys2,intphys2,main,VideoMAE-v2,ViT-G/16,Attentive,temporal_attn,20,20,101,artifact,complete,voe_accuracy,voe_accuracy,46.357616,53.476821,37.254902,52.941176,33.333333,50.490196,44,90,true,true,artifacts/probes/intphys2/seed_runs_layerwise_attentive_v1/intphys2__main__videomae_v2__vit_g_16__temporal_attn__layer_20/seed_101/train_eval_summary.json,artifacts/probes/intphys2/seed_runs_layerwise_attentive_v1/intphys2__main__videomae_v2__vit_g_16__temporal_attn__layer_20/seed_101/layer_20/eval,results/verified_layerwise_probe_configs.csv,155,,,,artifact metrics read from train_eval_summary.json
main_intphys2_attentive,results/seed_runs/layerwise_attentive_intphys2_seed_results_long.csv,intphys2__main__videomae_v2__vit_g_16__temporal_attn__layer_20,intphys2__main__videomae_v2__vit_g_16__temporal_attn__layer_20__seed_102,IntPhys2,intphys2,main,VideoMAE-v2,ViT-G/16,Attentive,temporal_attn,20,20,102,artifact,complete,voe_accuracy,voe_accuracy,48.344371,53.807947,37.254902,52.941176,33.333333,52.45098,43,90,true,true,artifacts/probes/intphys2/seed_runs_layerwise_attentive_v1/intphys2__main__videomae_v2__vit_g_16__temporal_attn__layer_20/seed_102/train_eval_summary.json,artifacts/probes/intphys2/seed_runs_layerwise_attentive_v1/intphys2__main__videomae_v2__vit_g_16__temporal_attn__layer_20/seed_102/layer_20/eval,results/verified_layerwise_probe_configs.csv,155,,,,artifact metrics read from train_eval_summary.json
main_intphys2_attentive,results/seed_runs/layerwise_attentive_intphys2_seed_results_long.csv,intphys2__main__videomae_v2__vit_g_16__temporal_attn__layer_30,intphys2__main__videomae_v2__vit_g_16__temporal_attn__layer_30__seed_101,IntPhys2,intphys2,main,VideoMAE-v2,ViT-G/16,Attentive,temporal_attn,30,30,101,artifact,complete,voe_accuracy,voe_accuracy,19.205298,50.993377,19.607843,52.45098,21.568627,49.509804,21,90,true,true,artifacts/probes/intphys2/seed_runs_layerwise_attentive_v1/intphys2__main__videomae_v2__vit_g_16__temporal_attn__layer_30/seed_101/train_eval_summary.json,artifacts/probes/intphys2/seed_runs_layerwise_attentive_v1/intphys2__main__videomae_v2__vit_g_16__temporal_attn__layer_30/seed_101/layer_30/eval,results/verified_layerwise_probe_configs.csv,156,,,,artifact metrics read from train_eval_summary.json
main_intphys2_attentive,results/seed_runs/layerwise_attentive_intphys2_seed_results_long.csv,intphys2__main__videomae_v2__vit_g_16__temporal_attn__layer_30,intphys2__main__videomae_v2__vit_g_16__temporal_attn__layer_30__seed_102,IntPhys2,intphys2,main,VideoMAE-v2,ViT-G/16,Attentive,temporal_attn,30,30,102,artifact,complete,voe_accuracy,voe_accuracy,43.046358,51.490066,21.568627,52.45098,33.333333,50.490196,45,90,true,true,artifacts/probes/intphys2/seed_runs_layerwise_attentive_v1/intphys2__main__videomae_v2__vit_g_16__temporal_attn__layer_30/seed_102/train_eval_summary.json,artifacts/probes/intphys2/seed_runs_layerwise_attentive_v1/intphys2__main__videomae_v2__vit_g_16__temporal_attn__layer_30/seed_102/layer_30/eval,results/verified_layerwise_probe_configs.csv,156,,,,artifact metrics read from train_eval_summary.json
main_intphys2_attentive,results/seed_runs/layerwise_attentive_intphys2_seed_results_long.csv,intphys2__main__videomae_v2__vit_g_16__temporal_attn__layer_40,intphys2__main__videomae_v2__vit_g_16__temporal_attn__layer_40__seed_101,IntPhys2,intphys2,main,VideoMAE-v2,ViT-G/16,Attentive,temporal_attn,40,40,101,artifact,complete,voe_accuracy,voe_accuracy,43.046358,50.662252,25.490196,51.470588,35.294118,52.45098,36,90,true,true,artifacts/probes/intphys2/seed_runs_layerwise_attentive_v1/intphys2__main__videomae_v2__vit_g_16__temporal_attn__layer_40/seed_101/train_eval_summary.json,artifacts/probes/intphys2/seed_runs_layerwise_attentive_v1/intphys2__main__videomae_v2__vit_g_16__temporal_attn__layer_40/seed_101/layer_40/eval,results/verified_layerwise_probe_configs.csv,157,,,,artifact metrics read from train_eval_summary.json
main_intphys2_attentive,results/seed_runs/layerwise_attentive_intphys2_seed_results_long.csv,intphys2__main__videomae_v2__vit_g_16__temporal_attn__layer_40,intphys2__main__videomae_v2__vit_g_16__temporal_attn__layer_40__seed_102,IntPhys2,intphys2,main,VideoMAE-v2,ViT-G/16,Attentive,temporal_attn,40,40,102,artifact,complete,voe_accuracy,voe_accuracy,47.019868,51.821192,27.45098,52.941176,35.294118,50,43,90,true,true,artifacts/probes/intphys2/seed_runs_layerwise_attentive_v1/intphys2__main__videomae_v2__vit_g_16__temporal_attn__layer_40/seed_102/train_eval_summary.json,artifacts/probes/intphys2/seed_runs_layerwise_attentive_v1/intphys2__main__videomae_v2__vit_g_16__temporal_attn__layer_40/seed_102/layer_40/eval,results/verified_layerwise_probe_configs.csv,157,,,,artifact metrics read from train_eval_summary.json
same_l_linear_mlp,results/seed_runs/layerwise_same_l_linear_mlp_seed_results_long.csv,intphys2__same_l__jepa_v1__vitl16_224__linear__layer_6,intphys2__same_l__jepa_v1__vitl16_224__linear__layer_6__seed_42,IntPhys2,intphys2,same_L,V-JEPA,ViT-L/16,Linear,linear,6,6,42,source_csv,complete,voe_accuracy,voe_accuracy,45.695364,65.728477,27.45098,56.862745,25.490196,55.392157,,1000,,false,,,results/verified_layerwise_probe_configs.csv,2,intphys_primary_db.xlsx,V-JEPA,A3:K3,seed 42 read from source CSV metrics
same_l_linear_mlp,results/seed_runs/layerwise_same_l_linear_mlp_seed_results_long.csv,intphys2__same_l__jepa_v1__vitl16_224__linear__layer_12,intphys2__same_l__jepa_v1__vitl16_224__linear__layer_12__seed_42,IntPhys2,intphys2,same_L,V-JEPA,ViT-L/16,Linear,linear,12,12,42,source_csv,complete,voe_accuracy,voe_accuracy,49.668874,71.523179,43.137255,61.27451,29.411765,51.470588,,2000,,false,,,results/verified_layerwise_probe_configs.csv,3,intphys_primary_db.xlsx,V-JEPA,A4:K4,seed 42 read from source CSV metrics
same_l_linear_mlp,results/seed_runs/layerwise_same_l_linear_mlp_seed_results_long.csv,intphys2__same_l__jepa_v1__vitl16_224__linear__layer_18,intphys2__same_l__jepa_v1__vitl16_224__linear__layer_18__seed_42,IntPhys2,intphys2,same_L,V-JEPA,ViT-L/16,Linear,linear,18,18,42,source_csv,complete,voe_accuracy,voe_accuracy,43.046358,53.311258,41.176471,53.921569,37.254902,53.921569,,20,,false,,,results/verified_layerwise_probe_configs.csv,4,intphys_primary_db.xlsx,V-JEPA,A5:K5,seed 42 read from source CSV metrics
same_l_linear_mlp,results/seed_runs/layerwise_same_l_linear_mlp_seed_results_long.csv,intphys2__same_l__jepa_v1__vitl16_224__linear__layer_24,intphys2__same_l__jepa_v1__vitl16_224__linear__layer_24__seed_42,IntPhys2,intphys2,same_L,V-JEPA,ViT-L/16,Linear,linear,24,24,42,source_csv,complete,voe_accuracy,voe_accuracy,49.006623,59.10596,39.215686,56.862745,47.058824,60.294118,,500,,false,,,results/verified_layerwise_probe_configs.csv,5,intphys_primary_db.xlsx,V-JEPA,A6:K6,seed 42 read from source CSV metrics
same_l_linear_mlp,results/seed_runs/layerwise_same_l_linear_mlp_seed_results_long.csv,intphys2__same_l__jepa_v1__vitl16_224__mlp__layer_6,intphys2__same_l__jepa_v1__vitl16_224__mlp__layer_6__seed_42,IntPhys2,intphys2,same_L,V-JEPA,ViT-L/16,MLP,mlp,6,6,42,source_csv,complete,voe_accuracy,voe_accuracy,26.490066,53.311258,25.490196,54.411765,31.372549,52.45098,,50,,false,,,results/verified_layerwise_probe_configs.csv,6,intphys_primary_db.xlsx,V-JEPA,A7:K7,seed 42 read from source CSV metrics
same_l_linear_mlp,results/seed_runs/layerwise_same_l_linear_mlp_seed_results_long.csv,intphys2__same_l__jepa_v1__vitl16_224__mlp__layer_12,intphys2__same_l__jepa_v1__vitl16_224__mlp__layer_12__seed_42,IntPhys2,intphys2,same_L,V-JEPA,ViT-L/16,MLP,mlp,12,12,42,source_csv,complete,voe_accuracy,voe_accuracy,100,100,43.137255,63.72549,35.294118,58.333333,,2000,,false,,,results/verified_layerwise_probe_configs.csv,7,intphys_primary_db.xlsx,V-JEPA,A8:K8,seed 42 read from source CSV metrics
same_l_linear_mlp,results/seed_runs/layerwise_same_l_linear_mlp_seed_results_long.csv,intphys2__same_l__jepa_v1__vitl16_224__mlp__layer_18,intphys2__same_l__jepa_v1__vitl16_224__mlp__layer_18__seed_42,IntPhys2,intphys2,same_L,V-JEPA,ViT-L/16,MLP,mlp,18,18,42,source_csv,complete,voe_accuracy,voe_accuracy,82.781457,85.596026,50.980392,67.156863,47.058824,64.215686,,2000,,false,,,results/verified_layerwise_probe_configs.csv,8,intphys_primary_db.xlsx,V-JEPA,A9:K9,seed 42 read from source CSV metrics
same_l_linear_mlp,results/seed_runs/layerwise_same_l_linear_mlp_seed_results_long.csv,intphys2__same_l__jepa_v1__vitl16_224__mlp__layer_24,intphys2__same_l__jepa_v1__vitl16_224__mlp__layer_24__seed_42,IntPhys2,intphys2,same_L,V-JEPA,ViT-L/16,MLP,mlp,24,24,42,source_csv,complete,voe_accuracy,voe_accuracy,50.993377,57.119205,43.137255,53.921569,49.019608,50.980392,,20,,false,,,results/verified_layerwise_probe_configs.csv,9,intphys_primary_db.xlsx,V-JEPA,A10:K10,seed 42 read from source CSV metrics
same_l_linear_mlp,results/seed_runs/layerwise_same_l_linear_mlp_seed_results_long.csv,intphys2__same_l__jepa_v2__vitl_256__linear__layer_6,intphys2__same_l__jepa_v2__vitl_256__linear__layer_6__seed_42,IntPhys2,intphys2,same_L,V-JEPA 2,ViT-L/16,Linear,linear,6,6,42,source_csv,complete,voe_accuracy,voe_accuracy,37.086093,53.311258,19.607843,52.45098,27.45098,52.45098,,50,,false,,,results/verified_layerwise_probe_configs.csv,26,intphys_primary_db.xlsx,V-JEPA 2,A3:K3,seed 42 read from source CSV metrics
same_l_linear_mlp,results/seed_runs/layerwise_same_l_linear_mlp_seed_results_long.csv,intphys2__same_l__jepa_v2__vitl_256__linear__layer_12,intphys2__same_l__jepa_v2__vitl_256__linear__layer_12__seed_42,IntPhys2,intphys2,same_L,V-JEPA 2,ViT-L/16,Linear,linear,12,12,42,source_csv,complete,voe_accuracy,voe_accuracy,70.860927,78.642384,33.333333,58.333333,37.254902,55.882353,,2000,,false,,,results/verified_layerwise_probe_configs.csv,27,intphys_primary_db.xlsx,V-JEPA 2,A4:K4,seed 42 read from source CSV metrics
same_l_linear_mlp,results/seed_runs/layerwise_same_l_linear_mlp_seed_results_long.csv,intphys2__same_l__jepa_v2__vitl_256__linear__layer_18,intphys2__same_l__jepa_v2__vitl_256__linear__layer_18__seed_42,IntPhys2,intphys2,same_L,V-JEPA 2,ViT-L/16,Linear,linear,18,18,42,source_csv,complete,voe_accuracy,voe_accuracy,85.430464,79.635762,45.098039,66.176471,49.019608,64.215686,,2000,,false,,,results/verified_layerwise_probe_configs.csv,28,intphys_primary_db.xlsx,V-JEPA 2,A5:K5,seed 42 read from source CSV metrics
same_l_linear_mlp,results/seed_runs/layerwise_same_l_linear_mlp_seed_results_long.csv,intphys2__same_l__jepa_v2__vitl_256__linear__layer_24,intphys2__same_l__jepa_v2__vitl_256__linear__layer_24__seed_42,IntPhys2,intphys2,same_L,V-JEPA 2,ViT-L/16,Linear,linear,24,24,42,source_csv,complete,voe_accuracy,voe_accuracy,64.238411,73.84106,27.45098,58.333333,35.294118,54.901961,,100,,false,,,results/verified_layerwise_probe_configs.csv,29,intphys_primary_db.xlsx,V-JEPA 2,A6:K6,seed 42 read from source CSV metrics
same_l_linear_mlp,results/seed_runs/layerwise_same_l_linear_mlp_seed_results_long.csv,intphys2__same_l__jepa_v2__vitl_256__mlp__layer_6,intphys2__same_l__jepa_v2__vitl_256__mlp__layer_6__seed_42,IntPhys2,intphys2,same_L,V-JEPA 2,ViT-L/16,MLP,mlp,6,6,42,source_csv,complete,voe_accuracy,voe_accuracy,22.516556,51.490066,19.607843,51.470588,19.607843,50.980392,,50,,false,,,results/verified_layerwise_probe_configs.csv,30,intphys_primary_db.xlsx,V-JEPA 2,A7:K7,seed 42 read from source CSV metrics
same_l_linear_mlp,results/seed_runs/layerwise_same_l_linear_mlp_seed_results_long.csv,intphys2__same_l__jepa_v2__vitl_256__mlp__layer_12,intphys2__same_l__jepa_v2__vitl_256__mlp__layer_12__seed_42,IntPhys2,intphys2,same_L,V-JEPA 2,ViT-L/16,MLP,mlp,12,12,42,source_csv,complete,voe_accuracy,voe_accuracy,100,99.503311,31.372549,62.254902,33.333333,56.862745,,2000,,false,,,results/verified_layerwise_probe_configs.csv,31,intphys_primary_db.xlsx,V-JEPA 2,A8:K8,seed 42 read from source CSV metrics
same_l_linear_mlp,results/seed_runs/layerwise_same_l_linear_mlp_seed_results_long.csv,intphys2__same_l__jepa_v2__vitl_256__mlp__layer_18,intphys2__same_l__jepa_v2__vitl_256__mlp__layer_18__seed_42,IntPhys2,intphys2,same_L,V-JEPA 2,ViT-L/16,MLP,mlp,18,18,42,source_csv,complete,voe_accuracy,voe_accuracy,95.364238,96.523179,45.098039,67.647059,52.941176,65.196078,,2000,,false,,,results/verified_layerwise_probe_configs.csv,32,intphys_primary_db.xlsx,V-JEPA 2,A9:K9,seed 42 read from source CSV metrics
same_l_linear_mlp,results/seed_runs/layerwise_same_l_linear_mlp_seed_results_long.csv,intphys2__same_l__jepa_v2__vitl_256__mlp__layer_24,intphys2__same_l__jepa_v2__vitl_256__mlp__layer_24__seed_42,IntPhys2,intphys2,same_L,V-JEPA 2,ViT-L/16,MLP,mlp,24,24,42,source_csv,complete,voe_accuracy,voe_accuracy,86.092715,87.086093,27.45098,61.764706,37.254902,58.823529,,2000,,false,,,results/verified_layerwise_probe_configs.csv,33,intphys_primary_db.xlsx,V-JEPA 2,A10:K10,seed 42 read from source CSV metrics
same_l_linear_mlp,results/seed_runs/layerwise_same_l_linear_mlp_seed_results_long.csv,intphys2__same_l__jepa_v2_1__vitl_384__linear__layer_6,intphys2__same_l__jepa_v2_1__vitl_384__linear__layer_6__seed_42,IntPhys2,intphys2,same_L,V-JEPA 2.1,ViT-L/16,Linear,linear,6,6,42,source_csv,complete,voe_accuracy,voe_accuracy,35.761589,52.483444,23.529412,53.921569,23.529412,50,,50,,false,,,results/verified_layerwise_probe_configs.csv,62,intphys_primary_db.xlsx,V-JEPA 2.1,N3:X3,seed 42 read from source CSV metrics
same_l_linear_mlp,results/seed_runs/layerwise_same_l_linear_mlp_seed_results_long.csv,intphys2__same_l__jepa_v2_1__vitl_384__linear__layer_12,intphys2__same_l__jepa_v2_1__vitl_384__linear__layer_12__seed_42,IntPhys2,intphys2,same_L,V-JEPA 2.1,ViT-L/16,Linear,linear,12,12,42,source_csv,complete,voe_accuracy,voe_accuracy,44.370861,57.284768,35.294118,54.411765,25.490196,49.509804,,100,,false,,,results/verified_layerwise_probe_configs.csv,63,intphys_primary_db.xlsx,V-JEPA 2.1,N4:X4,seed 42 read from source CSV metrics
same_l_linear_mlp,results/seed_runs/layerwise_same_l_linear_mlp_seed_results_long.csv,intphys2__same_l__jepa_v2_1__vitl_384__linear__layer_18,intphys2__same_l__jepa_v2_1__vitl_384__linear__layer_18__seed_42,IntPhys2,intphys2,same_L,V-JEPA 2.1,ViT-L/16,Linear,linear,18,18,42,source_csv,complete,voe_accuracy,voe_accuracy,53.642384,70.364238,35.294118,59.313725,43.137255,60.784314,,2000,,false,,,results/verified_layerwise_probe_configs.csv,64,intphys_primary_db.xlsx,V-JEPA 2.1,N5:X5,seed 42 read from source CSV metrics
same_l_linear_mlp,results/seed_runs/layerwise_same_l_linear_mlp_seed_results_long.csv,intphys2__same_l__jepa_v2_1__vitl_384__linear__layer_24,intphys2__same_l__jepa_v2_1__vitl_384__linear__layer_24__seed_42,IntPhys2,intphys2,same_L,V-JEPA 2.1,ViT-L/16,Linear,linear,24,24,42,source_csv,complete,voe_accuracy,voe_accuracy,49.668874,55.463576,33.333333,56.372549,27.45098,53.921569,,500,,false,,,results/verified_layerwise_probe_configs.csv,65,intphys_primary_db.xlsx,V-JEPA 2.1,N6:X6,seed 42 read from source CSV metrics
same_l_linear_mlp,results/seed_runs/layerwise_same_l_linear_mlp_seed_results_long.csv,intphys2__same_l__jepa_v2_1__vitl_384__mlp__layer_6,intphys2__same_l__jepa_v2_1__vitl_384__mlp__layer_6__seed_42,IntPhys2,intphys2,same_L,V-JEPA 2.1,ViT-L/16,MLP,mlp,6,6,42,source_csv,complete,voe_accuracy,voe_accuracy,17.880795,50.165563,19.607843,51.470588,9.803922,50,,100,,false,,,results/verified_layerwise_probe_configs.csv,66,intphys_primary_db.xlsx,V-JEPA 2.1,N7:X7,seed 42 read from source CSV metrics
same_l_linear_mlp,results/seed_runs/layerwise_same_l_linear_mlp_seed_results_long.csv,intphys2__same_l__jepa_v2_1__vitl_384__mlp__layer_12,intphys2__same_l__jepa_v2_1__vitl_384__mlp__layer_12__seed_42,IntPhys2,intphys2,same_L,V-JEPA 2.1,ViT-L/16,MLP,mlp,12,12,42,source_csv,complete,voe_accuracy,voe_accuracy,97.350993,88.741722,47.058824,63.72549,39.215686,57.352941,,2000,,false,,,results/verified_layerwise_probe_configs.csv,67,intphys_primary_db.xlsx,V-JEPA 2.1,N8:X8,seed 42 read from source CSV metrics
same_l_linear_mlp,results/seed_runs/layerwise_same_l_linear_mlp_seed_results_long.csv,intphys2__same_l__jepa_v2_1__vitl_384__mlp__layer_18,intphys2__same_l__jepa_v2_1__vitl_384__mlp__layer_18__seed_42,IntPhys2,intphys2,same_L,V-JEPA 2.1,ViT-L/16,MLP,mlp,18,18,42,source_csv,complete,voe_accuracy,voe_accuracy,98.013245,85.761589,33.333333,65.686275,50.980392,58.823529,,2000,,false,,,results/verified_layerwise_probe_configs.csv,68,intphys_primary_db.xlsx,V-JEPA 2.1,N9:X9,seed 42 read from source CSV metrics
same_l_linear_mlp,results/seed_runs/layerwise_same_l_linear_mlp_seed_results_long.csv,intphys2__same_l__jepa_v2_1__vitl_384__mlp__layer_24,intphys2__same_l__jepa_v2_1__vitl_384__mlp__layer_24__seed_42,IntPhys2,intphys2,same_L,V-JEPA 2.1,ViT-L/16,MLP,mlp,24,24,42,source_csv,complete,voe_accuracy,voe_accuracy,100,96.854305,39.215686,59.803922,33.333333,58.333333,,2000,,false,,,results/verified_layerwise_probe_configs.csv,69,intphys_primary_db.xlsx,V-JEPA 2.1,N10:X10,seed 42 read from source CSV metrics
same_l_linear_mlp,results/seed_runs/layerwise_same_l_linear_mlp_seed_results_long.csv,intphys2__same_l__videomae__vit_large_16_224__linear__layer_6,intphys2__same_l__videomae__vit_large_16_224__linear__layer_6__seed_42,IntPhys2,intphys2,same_L,VideoMAE,ViT-L/16,Linear,linear,6,6,42,source_csv,complete,voe_accuracy,voe_accuracy,9.271523,50.496689,15.686275,51.960784,15.686275,50.490196,,100,,false,,,results/verified_layerwise_probe_configs.csv,98,intphys_primary_db.xlsx,VideoMAE,A3:K3,seed 42 read from source CSV metrics
same_l_linear_mlp,results/seed_runs/layerwise_same_l_linear_mlp_seed_results_long.csv,intphys2__same_l__videomae__vit_large_16_224__linear__layer_12,intphys2__same_l__videomae__vit_large_16_224__linear__layer_12__seed_42,IntPhys2,intphys2,same_L,VideoMAE,ViT-L/16,Linear,linear,12,12,42,source_csv,complete,voe_accuracy,voe_accuracy,32.450331,53.311258,21.568627,52.941176,17.647059,52.941176,,50,,false,,,results/verified_layerwise_probe_configs.csv,99,intphys_primary_db.xlsx,VideoMAE,A4:K4,seed 42 read from source CSV metrics
same_l_linear_mlp,results/seed_runs/layerwise_same_l_linear_mlp_seed_results_long.csv,intphys2__same_l__videomae__vit_large_16_224__linear__layer_18,intphys2__same_l__videomae__vit_large_16_224__linear__layer_18__seed_42,IntPhys2,intphys2,same_L,VideoMAE,ViT-L/16,Linear,linear,18,18,42,source_csv,complete,voe_accuracy,voe_accuracy,42.384106,59.768212,35.294118,56.862745,43.137255,52.45098,,1000,,false,,,results/verified_layerwise_probe_configs.csv,100,intphys_primary_db.xlsx,VideoMAE,A5:K5,seed 42 read from source CSV metrics
same_l_linear_mlp,results/seed_runs/layerwise_same_l_linear_mlp_seed_results_long.csv,intphys2__same_l__videomae__vit_large_16_224__linear__layer_24,intphys2__same_l__videomae__vit_large_16_224__linear__layer_24__seed_42,IntPhys2,intphys2,same_L,VideoMAE,ViT-L/16,Linear,linear,24,24,42,source_csv,complete,voe_accuracy,voe_accuracy,53.642384,70.033113,27.45098,59.803922,35.294118,53.431373,,2000,,false,,,results/verified_layerwise_probe_configs.csv,101,intphys_primary_db.xlsx,VideoMAE,A6:K6,seed 42 read from source CSV metrics
same_l_linear_mlp,results/seed_runs/layerwise_same_l_linear_mlp_seed_results_long.csv,intphys2__same_l__videomae__vit_large_16_224__mlp__layer_6,intphys2__same_l__videomae__vit_large_16_224__mlp__layer_6__seed_42,IntPhys2,intphys2,same_L,VideoMAE,ViT-L/16,MLP,mlp,6,6,42,source_csv,complete,voe_accuracy,voe_accuracy,47.682119,57.119205,11.764706,52.941176,23.529412,53.431373,,2000,,false,,,results/verified_layerwise_probe_configs.csv,102,intphys_primary_db.xlsx,VideoMAE,A7:K7,seed 42 read from source CSV metrics
same_l_linear_mlp,results/seed_runs/layerwise_same_l_linear_mlp_seed_results_long.csv,intphys2__same_l__videomae__vit_large_16_224__mlp__layer_12,intphys2__same_l__videomae__vit_large_16_224__mlp__layer_12__seed_42,IntPhys2,intphys2,same_L,VideoMAE,ViT-L/16,MLP,mlp,12,12,42,source_csv,complete,voe_accuracy,voe_accuracy,99.337748,98.178808,27.45098,59.313725,39.215686,60.784314,,2000,,false,,,results/verified_layerwise_probe_configs.csv,103,intphys_primary_db.xlsx,VideoMAE,A8:K8,seed 42 read from source CSV metrics
same_l_linear_mlp,results/seed_runs/layerwise_same_l_linear_mlp_seed_results_long.csv,intphys2__same_l__videomae__vit_large_16_224__mlp__layer_18,intphys2__same_l__videomae__vit_large_16_224__mlp__layer_18__seed_42,IntPhys2,intphys2,same_L,VideoMAE,ViT-L/16,MLP,mlp,18,18,42,source_csv,complete,voe_accuracy,voe_accuracy,63.576159,76.490066,39.215686,60.294118,41.176471,56.372549,,2000,,false,,,results/verified_layerwise_probe_configs.csv,104,intphys_primary_db.xlsx,VideoMAE,A9:K9,seed 42 read from source CSV metrics
same_l_linear_mlp,results/seed_runs/layerwise_same_l_linear_mlp_seed_results_long.csv,intphys2__same_l__videomae__vit_large_16_224__mlp__layer_24,intphys2__same_l__videomae__vit_large_16_224__mlp__layer_24__seed_42,IntPhys2,intphys2,same_L,VideoMAE,ViT-L/16,MLP,mlp,24,24,42,source_csv,complete,voe_accuracy,voe_accuracy,96.688742,95.529801,35.294118,64.705882,41.176471,62.254902,,2000,,false,,,results/verified_layerwise_probe_configs.csv,105,intphys_primary_db.xlsx,VideoMAE,A10:K10,seed 42 read from source CSV metrics
same_l_linear_mlp,results/seed_runs/layerwise_same_l_linear_mlp_seed_results_long.csv,intphys2__same_l__videomae_v2__vit_large_16_224__linear__layer_6,intphys2__same_l__videomae_v2__vit_large_16_224__linear__layer_6__seed_42,IntPhys2,intphys2,same_L,VideoMAE-v2,ViT-L/16,Linear,linear,6,6,42,source_csv,complete,voe_accuracy,voe_accuracy,12.582781,51.490066,11.764706,51.470588,13.72549,50.980392,,50,,false,,,results/verified_layerwise_probe_configs.csv,134,intphys_primary_db.xlsx,VideoMAE-v2,N3:X3,seed 42 read from source CSV metrics
same_l_linear_mlp,results/seed_runs/layerwise_same_l_linear_mlp_seed_results_long.csv,intphys2__same_l__videomae_v2__vit_large_16_224__linear__layer_12,intphys2__same_l__videomae_v2__vit_large_16_224__linear__layer_12__seed_42,IntPhys2,intphys2,same_L,VideoMAE-v2,ViT-L/16,Linear,linear,12,12,42,source_csv,complete,voe_accuracy,voe_accuracy,48.344371,60.596026,37.254902,56.862745,41.176471,50.980392,,1000,,false,,,results/verified_layerwise_probe_configs.csv,135,intphys_primary_db.xlsx,VideoMAE-v2,N4:X4,seed 42 read from source CSV metrics
same_l_linear_mlp,results/seed_runs/layerwise_same_l_linear_mlp_seed_results_long.csv,intphys2__same_l__videomae_v2__vit_large_16_224__linear__layer_18,intphys2__same_l__videomae_v2__vit_large_16_224__linear__layer_18__seed_42,IntPhys2,intphys2,same_L,VideoMAE-v2,ViT-L/16,Linear,linear,18,18,42,source_csv,complete,voe_accuracy,voe_accuracy,70.860927,66.721854,47.058824,61.764706,29.411765,56.372549,,2000,,false,,,results/verified_layerwise_probe_configs.csv,136,intphys_primary_db.xlsx,VideoMAE-v2,N5:X5,seed 42 read from source CSV metrics
same_l_linear_mlp,results/seed_runs/layerwise_same_l_linear_mlp_seed_results_long.csv,intphys2__same_l__videomae_v2__vit_large_16_224__linear__layer_24,intphys2__same_l__videomae_v2__vit_large_16_224__linear__layer_24__seed_42,IntPhys2,intphys2,same_L,VideoMAE-v2,ViT-L/16,Linear,linear,24,24,42,source_csv,complete,voe_accuracy,voe_accuracy,72.847682,85.264901,37.254902,58.823529,29.411765,53.921569,,2000,,false,,,results/verified_layerwise_probe_configs.csv,137,intphys_primary_db.xlsx,VideoMAE-v2,N6:X6,seed 42 read from source CSV metrics
same_l_linear_mlp,results/seed_runs/layerwise_same_l_linear_mlp_seed_results_long.csv,intphys2__same_l__videomae_v2__vit_large_16_224__mlp__layer_6,intphys2__same_l__videomae_v2__vit_large_16_224__mlp__layer_6__seed_42,IntPhys2,intphys2,same_L,VideoMAE-v2,ViT-L/16,MLP,mlp,6,6,42,source_csv,complete,voe_accuracy,voe_accuracy,19.205298,49.834437,13.72549,52.45098,25.490196,50.490196,,1000,,false,,,results/verified_layerwise_probe_configs.csv,138,intphys_primary_db.xlsx,VideoMAE-v2,N7:X7,seed 42 read from source CSV metrics
same_l_linear_mlp,results/seed_runs/layerwise_same_l_linear_mlp_seed_results_long.csv,intphys2__same_l__videomae_v2__vit_large_16_224__mlp__layer_12,intphys2__same_l__videomae_v2__vit_large_16_224__mlp__layer_12__seed_42,IntPhys2,intphys2,same_L,VideoMAE-v2,ViT-L/16,MLP,mlp,12,12,42,source_csv,complete,voe_accuracy,voe_accuracy,58.940397,77.317881,37.254902,60.294118,47.058824,55.392157,,2000,,false,,,results/verified_layerwise_probe_configs.csv,139,intphys_primary_db.xlsx,VideoMAE-v2,N8:X8,seed 42 read from source CSV metrics
same_l_linear_mlp,results/seed_runs/layerwise_same_l_linear_mlp_seed_results_long.csv,intphys2__same_l__videomae_v2__vit_large_16_224__mlp__layer_18,intphys2__same_l__videomae_v2__vit_large_16_224__mlp__layer_18__seed_42,IntPhys2,intphys2,same_L,VideoMAE-v2,ViT-L/16,MLP,mlp,18,18,42,source_csv,complete,voe_accuracy,voe_accuracy,99.337748,96.02649,47.058824,62.745098,35.294118,61.27451,,2000,,false,,,results/verified_layerwise_probe_configs.csv,140,intphys_primary_db.xlsx,VideoMAE-v2,N9:X9,seed 42 read from source CSV metrics
same_l_linear_mlp,results/seed_runs/layerwise_same_l_linear_mlp_seed_results_long.csv,intphys2__same_l__videomae_v2__vit_large_16_224__mlp__layer_24,intphys2__same_l__videomae_v2__vit_large_16_224__mlp__layer_24__seed_42,IntPhys2,intphys2,same_L,VideoMAE-v2,ViT-L/16,MLP,mlp,24,24,42,source_csv,complete,voe_accuracy,voe_accuracy,82.119205,80.794702,37.254902,59.803922,27.45098,57.352941,,50,,false,,,results/verified_layerwise_probe_configs.csv,141,intphys_primary_db.xlsx,VideoMAE-v2,N10:X10,seed 42 read from source CSV metrics
same_l_linear_mlp,results/seed_runs/layerwise_same_l_linear_mlp_seed_results_long.csv,mvp__same_l__jepa_v1__vitl16_224__linear__layer_6,mvp__same_l__jepa_v1__vitl16_224__linear__layer_6__seed_42,MVP,mvp,same_L,V-JEPA,ViT-L/16,Linear,linear,6,6,42,source_csv,complete,pair_consistency,pair_consistency,49.106239,71.197302,42.163802,66.177958,40.647118,65.267947,,2000,,false,,,results/verified_layerwise_probe_configs.csv,326,mvp_primary_db.xlsx,V-JEPA,A3:K3,seed 42 read from source CSV metrics
same_l_linear_mlp,results/seed_runs/layerwise_same_l_linear_mlp_seed_results_long.csv,mvp__same_l__jepa_v1__vitl16_224__linear__layer_12,mvp__same_l__jepa_v1__vitl16_224__linear__layer_12__seed_42,MVP,mvp,same_L,V-JEPA,ViT-L/16,Linear,linear,12,12,42,source_csv,complete,pair_consistency,pair_consistency,49.072513,70.994941,42.264914,66.481294,43.377149,66.936299,,2000,,false,,,results/verified_layerwise_probe_configs.csv,327,mvp_primary_db.xlsx,V-JEPA,A4:K4,seed 42 read from source CSV metrics
same_l_linear_mlp,results/seed_runs/layerwise_same_l_linear_mlp_seed_results_long.csv,mvp__same_l__jepa_v1__vitl16_224__linear__layer_18,mvp__same_l__jepa_v1__vitl16_224__linear__layer_18__seed_42,MVP,mvp,same_L,V-JEPA,ViT-L/16,Linear,linear,18,18,42,source_csv,complete,pair_consistency,pair_consistency,59.359191,77.099494,49.747219,70.020222,47.017189,69.362993,,2000,,false,,,results/verified_layerwise_probe_configs.csv,328,mvp_primary_db.xlsx,V-JEPA,A5:K5,seed 42 read from source CSV metrics
same_l_linear_mlp,results/seed_runs/layerwise_same_l_linear_mlp_seed_results_long.csv,mvp__same_l__jepa_v1__vitl16_224__linear__layer_24,mvp__same_l__jepa_v1__vitl16_224__linear__layer_24__seed_42,MVP,mvp,same_L,V-JEPA,ViT-L/16,Linear,linear,24,24,42,source_csv,complete,pair_consistency,pair_consistency,53.187184,73.322091,47.320526,69.413549,46.006067,68.705763,,2000,,false,,,results/verified_layerwise_probe_configs.csv,329,mvp_primary_db.xlsx,V-JEPA,A6:K6,seed 42 read from source CSV metrics
same_l_linear_mlp,results/seed_runs/layerwise_same_l_linear_mlp_seed_results_long.csv,mvp__same_l__jepa_v1__vitl16_224__mlp__layer_6,mvp__same_l__jepa_v1__vitl16_224__mlp__layer_6__seed_42,MVP,mvp,same_L,V-JEPA,ViT-L/16,MLP,mlp,6,6,42,source_csv,complete,pair_consistency,pair_consistency,93.11973,96.526138,63.094034,79.676441,60.16178,77.957533,,2000,,false,,,results/verified_layerwise_probe_configs.csv,330,mvp_primary_db.xlsx,V-JEPA,A7:K7,seed 42 read from source CSV metrics
same_l_linear_mlp,results/seed_runs/layerwise_same_l_linear_mlp_seed_results_long.csv,mvp__same_l__jepa_v1__vitl16_224__mlp__layer_12,mvp__same_l__jepa_v1__vitl16_224__mlp__layer_12__seed_42,MVP,mvp,same_L,V-JEPA,ViT-L/16,MLP,mlp,12,12,42,source_csv,complete,pair_consistency,pair_consistency,98.145025,99.072513,70.677452,83.872599,67.340748,81.547017,,2000,,false,,,results/verified_layerwise_probe_configs.csv,331,mvp_primary_db.xlsx,V-JEPA,A8:K8,seed 42 read from source CSV metrics
same_l_linear_mlp,results/seed_runs/layerwise_same_l_linear_mlp_seed_results_long.csv,mvp__same_l__jepa_v1__vitl16_224__mlp__layer_18,mvp__same_l__jepa_v1__vitl16_224__mlp__layer_18__seed_42,MVP,mvp,same_L,V-JEPA,ViT-L/16,MLP,mlp,18,18,42,source_csv,complete,pair_consistency,pair_consistency,99.797639,99.89882,83.215369,91.001011,83.72093,91.152679,,2000,,false,,,results/verified_layerwise_probe_configs.csv,332,mvp_primary_db.xlsx,V-JEPA,A9:K9,seed 42 read from source CSV metrics
same_l_linear_mlp,results/seed_runs/layerwise_same_l_linear_mlp_seed_results_long.csv,mvp__same_l__jepa_v1__vitl16_224__mlp__layer_24,mvp__same_l__jepa_v1__vitl16_224__mlp__layer_24__seed_42,MVP,mvp,same_L,V-JEPA,ViT-L/16,MLP,mlp,24,24,42,source_csv,complete,pair_consistency,pair_consistency,99.527825,99.763912,80.283114,89.737108,77.856421,88.0182,,2000,,false,,,results/verified_layerwise_probe_configs.csv,333,mvp_primary_db.xlsx,V-JEPA,A10:K10,seed 42 read from source CSV metrics
same_l_linear_mlp,results/seed_runs/layerwise_same_l_linear_mlp_seed_results_long.csv,mvp__same_l__jepa_v2__vitl_256__linear__layer_6,mvp__same_l__jepa_v2__vitl_256__linear__layer_6__seed_42,MVP,mvp,same_L,V-JEPA 2,ViT-L/16,Linear,linear,6,6,42,source_csv,complete,pair_consistency,pair_consistency,44.148398,68.549747,37.815976,63.549039,35.28817,62.335693,,2000,,false,,,results/verified_layerwise_probe_configs.csv,350,mvp_primary_db.xlsx,V-JEPA 2,A3:K3,seed 42 read from source CSV metrics
same_l_linear_mlp,results/seed_runs/layerwise_same_l_linear_mlp_seed_results_long.csv,mvp__same_l__jepa_v2__vitl_256__linear__layer_12,mvp__same_l__jepa_v2__vitl_256__linear__layer_12__seed_42,MVP,mvp,same_L,V-JEPA 2,ViT-L/16,Linear,linear,12,12,42,source_csv,complete,pair_consistency,pair_consistency,54.232715,73.490725,43.276036,67.138524,43.88271,66.936299,,2000,,false,,,results/verified_layerwise_probe_configs.csv,351,mvp_primary_db.xlsx,V-JEPA 2,A4:K4,seed 42 read from source CSV metrics
same_l_linear_mlp,results/seed_runs/layerwise_same_l_linear_mlp_seed_results_long.csv,mvp__same_l__jepa_v2__vitl_256__linear__layer_18,mvp__same_l__jepa_v2__vitl_256__linear__layer_18__seed_42,MVP,mvp,same_L,V-JEPA 2,ViT-L/16,Linear,linear,18,18,42,source_csv,complete,pair_consistency,pair_consistency,58.448567,75.919056,52.072801,72.042467,49.241658,69.767442,,2000,,false,,,results/verified_layerwise_probe_configs.csv,352,mvp_primary_db.xlsx,V-JEPA 2,A5:K5,seed 42 read from source CSV metrics
same_l_linear_mlp,results/seed_runs/layerwise_same_l_linear_mlp_seed_results_long.csv,mvp__same_l__jepa_v2__vitl_256__linear__layer_24,mvp__same_l__jepa_v2__vitl_256__linear__layer_24__seed_42,MVP,mvp,same_L,V-JEPA 2,ViT-L/16,Linear,linear,24,24,42,source_csv,complete,pair_consistency,pair_consistency,61.753794,77.639123,55.409505,73.407482,54.095046,72.952477,,2000,,false,,,results/verified_layerwise_probe_configs.csv,353,mvp_primary_db.xlsx,V-JEPA 2,A6:K6,seed 42 read from source CSV metrics
same_l_linear_mlp,results/seed_runs/layerwise_same_l_linear_mlp_seed_results_long.csv,mvp__same_l__jepa_v2__vitl_256__mlp__layer_6,mvp__same_l__jepa_v2__vitl_256__mlp__layer_6__seed_42,MVP,mvp,same_L,V-JEPA 2,ViT-L/16,MLP,mlp,6,6,42,source_csv,complete,pair_consistency,pair_consistency,94.873524,97.436762,58.038423,75.581395,56.016178,74.620829,,2000,,false,,,results/verified_layerwise_probe_configs.csv,354,mvp_primary_db.xlsx,V-JEPA 2,A7:K7,seed 42 read from source CSV metrics
same_l_linear_mlp,results/seed_runs/layerwise_same_l_linear_mlp_seed_results_long.csv,mvp__same_l__jepa_v2__vitl_256__mlp__layer_12,mvp__same_l__jepa_v2__vitl_256__mlp__layer_12__seed_42,MVP,mvp,same_L,V-JEPA 2,ViT-L/16,MLP,mlp,12,12,42,source_csv,complete,pair_consistency,pair_consistency,99.561551,99.780776,70.070779,83.265925,68.250758,82.305359,,2000,,false,,,results/verified_layerwise_probe_configs.csv,355,mvp_primary_db.xlsx,V-JEPA 2,A8:K8,seed 42 read from source CSV metrics
same_l_linear_mlp,results/seed_runs/layerwise_same_l_linear_mlp_seed_results_long.csv,mvp__same_l__jepa_v2__vitl_256__mlp__layer_18,mvp__same_l__jepa_v2__vitl_256__mlp__layer_18__seed_42,MVP,mvp,same_L,V-JEPA 2,ViT-L/16,MLP,mlp,18,18,42,source_csv,complete,pair_consistency,pair_consistency,99.595278,99.797639,84.934277,91.860465,85.338726,92.113246,,2000,,false,,,results/verified_layerwise_probe_configs.csv,356,mvp_primary_db.xlsx,V-JEPA 2,A9:K9,seed 42 read from source CSV metrics
same_l_linear_mlp,results/seed_runs/layerwise_same_l_linear_mlp_seed_results_long.csv,mvp__same_l__jepa_v2__vitl_256__mlp__layer_24,mvp__same_l__jepa_v2__vitl_256__mlp__layer_24__seed_42,MVP,mvp,same_L,V-JEPA 2,ViT-L/16,MLP,mlp,24,24,42,source_csv,complete,pair_consistency,pair_consistency,100,100,89.180991,94.084934,86.956522,92.770475,,2000,,false,,,results/verified_layerwise_probe_configs.csv,357,mvp_primary_db.xlsx,V-JEPA 2,A10:K10,seed 42 read from source CSV metrics
same_l_linear_mlp,results/seed_runs/layerwise_same_l_linear_mlp_seed_results_long.csv,mvp__same_l__jepa_v2_1__vitl_384__linear__layer_6,mvp__same_l__jepa_v2_1__vitl_384__linear__layer_6__seed_42,MVP,mvp,same_L,V-JEPA 2.1,ViT-L/16,Linear,linear,6,6,42,source_csv,complete,pair_consistency,pair_consistency,48.937605,70.893761,42.669363,65.62184,41.456016,66.228514,,2000,,false,,,results/verified_layerwise_probe_configs.csv,386,mvp_primary_db.xlsx,V-JEPA 2.1,N3:X3,seed 42 read from source CSV metrics
same_l_linear_mlp,results/seed_runs/layerwise_same_l_linear_mlp_seed_results_long.csv,mvp__same_l__jepa_v2_1__vitl_384__linear__layer_12,mvp__same_l__jepa_v2_1__vitl_384__linear__layer_12__seed_42,MVP,mvp,same_L,V-JEPA 2.1,ViT-L/16,Linear,linear,12,12,42,source_csv,complete,pair_consistency,pair_consistency,51.129848,72.664418,42.467139,65.722952,39.635996,65.318504,,2000,,false,,,results/verified_layerwise_probe_configs.csv,387,mvp_primary_db.xlsx,V-JEPA 2.1,N4:X4,seed 42 read from source CSV metrics
same_l_linear_mlp,results/seed_runs/layerwise_same_l_linear_mlp_seed_results_long.csv,mvp__same_l__jepa_v2_1__vitl_384__linear__layer_18,mvp__same_l__jepa_v2_1__vitl_384__linear__layer_18__seed_42,MVP,mvp,same_L,V-JEPA 2.1,ViT-L/16,Linear,linear,18,18,42,source_csv,complete,pair_consistency,pair_consistency,51.602024,72.360877,47.421638,68.655207,44.084934,66.885743,,2000,,false,,,results/verified_layerwise_probe_configs.csv,388,mvp_primary_db.xlsx,V-JEPA 2.1,N5:X5,seed 42 read from source CSV metrics
same_l_linear_mlp,results/seed_runs/layerwise_same_l_linear_mlp_seed_results_long.csv,mvp__same_l__jepa_v2_1__vitl_384__linear__layer_24,mvp__same_l__jepa_v2_1__vitl_384__linear__layer_24__seed_42,MVP,mvp,same_L,V-JEPA 2.1,ViT-L/16,Linear,linear,24,24,42,source_csv,complete,pair_consistency,pair_consistency,52.647555,72.833052,47.320526,69.059656,43.983822,67.44186,,2000,,false,,,results/verified_layerwise_probe_configs.csv,389,mvp_primary_db.xlsx,V-JEPA 2.1,N6:X6,seed 42 read from source CSV metrics
same_l_linear_mlp,results/seed_runs/layerwise_same_l_linear_mlp_seed_results_long.csv,mvp__same_l__jepa_v2_1__vitl_384__mlp__layer_6,mvp__same_l__jepa_v2_1__vitl_384__mlp__layer_6__seed_42,MVP,mvp,same_L,V-JEPA 2.1,ViT-L/16,MLP,mlp,6,6,42,source_csv,complete,pair_consistency,pair_consistency,93.929174,96.947723,64.509606,79.676441,60.262892,77.249747,,2000,,false,,,results/verified_layerwise_probe_configs.csv,390,mvp_primary_db.xlsx,V-JEPA 2.1,N7:X7,seed 42 read from source CSV metrics
same_l_linear_mlp,results/seed_runs/layerwise_same_l_linear_mlp_seed_results_long.csv,mvp__same_l__jepa_v2_1__vitl_384__mlp__layer_12,mvp__same_l__jepa_v2_1__vitl_384__mlp__layer_12__seed_42,MVP,mvp,same_L,V-JEPA 2.1,ViT-L/16,MLP,mlp,12,12,42,source_csv,complete,pair_consistency,pair_consistency,95.143339,97.554806,68.857432,82.103134,66.53185,80.839232,,2000,,false,,,results/verified_layerwise_probe_configs.csv,391,mvp_primary_db.xlsx,V-JEPA 2.1,N8:X8,seed 42 read from source CSV metrics
same_l_linear_mlp,results/seed_runs/layerwise_same_l_linear_mlp_seed_results_long.csv,mvp__same_l__jepa_v2_1__vitl_384__mlp__layer_18,mvp__same_l__jepa_v2_1__vitl_384__mlp__layer_18__seed_42,MVP,mvp,same_L,V-JEPA 2.1,ViT-L/16,MLP,mlp,18,18,42,source_csv,complete,pair_consistency,pair_consistency,94.772344,97.369309,71.48635,84.277048,72.093023,84.175935,,2000,,false,,,results/verified_layerwise_probe_configs.csv,392,mvp_primary_db.xlsx,V-JEPA 2.1,N9:X9,seed 42 read from source CSV metrics
same_l_linear_mlp,results/seed_runs/layerwise_same_l_linear_mlp_seed_results_long.csv,mvp__same_l__jepa_v2_1__vitl_384__mlp__layer_24,mvp__same_l__jepa_v2_1__vitl_384__mlp__layer_24__seed_42,MVP,mvp,same_L,V-JEPA 2.1,ViT-L/16,MLP,mlp,24,24,42,source_csv,complete,pair_consistency,pair_consistency,97.268128,98.634064,73.710819,84.883721,71.081901,83.670374,,2000,,false,,,results/verified_layerwise_probe_configs.csv,393,mvp_primary_db.xlsx,V-JEPA 2.1,N10:X10,seed 42 read from source CSV metrics
same_l_linear_mlp,results/seed_runs/layerwise_same_l_linear_mlp_seed_results_long.csv,mvp__same_l__videomae__vit_large_16_224__linear__layer_6,mvp__same_l__videomae__vit_large_16_224__linear__layer_6__seed_42,MVP,mvp,same_L,VideoMAE,ViT-L/16,Linear,linear,6,6,42,source_csv,complete,pair_consistency,pair_consistency,41.011804,67.453626,35.389282,63.245703,32.254803,60.970677,,2000,,false,,,results/verified_layerwise_probe_configs.csv,422,mvp_primary_db.xlsx,VideoMAE,A3:K3,seed 42 read from source CSV metrics
same_l_linear_mlp,results/seed_runs/layerwise_same_l_linear_mlp_seed_results_long.csv,mvp__same_l__videomae__vit_large_16_224__linear__layer_12,mvp__same_l__videomae__vit_large_16_224__linear__layer_12__seed_42,MVP,mvp,same_L,VideoMAE,ViT-L/16,Linear,linear,12,12,42,source_csv,complete,pair_consistency,pair_consistency,45.699831,70.033727,37.310415,63.953488,36.602629,63.751264,,2000,,false,,,results/verified_layerwise_probe_configs.csv,423,mvp_primary_db.xlsx,VideoMAE,A4:K4,seed 42 read from source CSV metrics
same_l_linear_mlp,results/seed_runs/layerwise_same_l_linear_mlp_seed_results_long.csv,mvp__same_l__videomae__vit_large_16_224__linear__layer_18,mvp__same_l__videomae__vit_large_16_224__linear__layer_18__seed_42,MVP,mvp,same_L,VideoMAE,ViT-L/16,Linear,linear,18,18,42,source_csv,complete,pair_consistency,pair_consistency,48.735245,71.517707,39.83822,65.318504,38.92821,64.661274,,2000,,false,,,results/verified_layerwise_probe_configs.csv,424,mvp_primary_db.xlsx,VideoMAE,A5:K5,seed 42 read from source CSV metrics
same_l_linear_mlp,results/seed_runs/layerwise_same_l_linear_mlp_seed_results_long.csv,mvp__same_l__videomae__vit_large_16_224__linear__layer_24,mvp__same_l__videomae__vit_large_16_224__linear__layer_24__seed_42,MVP,mvp,same_L,VideoMAE,ViT-L/16,Linear,linear,24,24,42,source_csv,complete,pair_consistency,pair_consistency,49.241147,70.961214,41.354904,65.925177,40.849343,66.127401,,2000,,false,,,results/verified_layerwise_probe_configs.csv,425,mvp_primary_db.xlsx,VideoMAE,A6:K6,seed 42 read from source CSV metrics
same_l_linear_mlp,results/seed_runs/layerwise_same_l_linear_mlp_seed_results_long.csv,mvp__same_l__videomae__vit_large_16_224__mlp__layer_6,mvp__same_l__videomae__vit_large_16_224__mlp__layer_6__seed_42,MVP,mvp,same_L,VideoMAE,ViT-L/16,MLP,mlp,6,6,42,source_csv,complete,pair_consistency,pair_consistency,81.214165,90.573356,51.870576,73.356926,52.47725,73.30637,,2000,,false,,,results/verified_layerwise_probe_configs.csv,426,mvp_primary_db.xlsx,VideoMAE,A7:K7,seed 42 read from source CSV metrics
same_l_linear_mlp,results/seed_runs/layerwise_same_l_linear_mlp_seed_results_long.csv,mvp__same_l__videomae__vit_large_16_224__mlp__layer_12,mvp__same_l__videomae__vit_large_16_224__mlp__layer_12__seed_42,MVP,mvp,same_L,VideoMAE,ViT-L/16,MLP,mlp,12,12,42,source_csv,complete,pair_consistency,pair_consistency,88.634064,94.232715,58.645096,76.390293,55.20728,74.87361,,2000,,false,,,results/verified_layerwise_probe_configs.csv,427,mvp_primary_db.xlsx,VideoMAE,A8:K8,seed 42 read from source CSV metrics
same_l_linear_mlp,results/seed_runs/layerwise_same_l_linear_mlp_seed_results_long.csv,mvp__same_l__videomae__vit_large_16_224__mlp__layer_18,mvp__same_l__videomae__vit_large_16_224__mlp__layer_18__seed_42,MVP,mvp,same_L,VideoMAE,ViT-L/16,MLP,mlp,18,18,42,source_csv,complete,pair_consistency,pair_consistency,91.500843,95.716695,66.734075,81.850354,62.588473,79.221436,,2000,,false,,,results/verified_layerwise_probe_configs.csv,428,mvp_primary_db.xlsx,VideoMAE,A9:K9,seed 42 read from source CSV metrics
same_l_linear_mlp,results/seed_runs/layerwise_same_l_linear_mlp_seed_results_long.csv,mvp__same_l__videomae__vit_large_16_224__mlp__layer_24,mvp__same_l__videomae__vit_large_16_224__mlp__layer_24__seed_42,MVP,mvp,same_L,VideoMAE,ViT-L/16,MLP,mlp,24,24,42,source_csv,complete,pair_consistency,pair_consistency,92.310287,96.13828,67.745197,82.153691,63.296259,79.575329,,2000,,false,,,results/verified_layerwise_probe_configs.csv,429,mvp_primary_db.xlsx,VideoMAE,A10:K10,seed 42 read from source CSV metrics
same_l_linear_mlp,results/seed_runs/layerwise_same_l_linear_mlp_seed_results_long.csv,mvp__same_l__videomae_v2__vit_large_16_224__linear__layer_6,mvp__same_l__videomae_v2__vit_large_16_224__linear__layer_6__seed_42,MVP,mvp,same_L,VideoMAE-v2,ViT-L/16,Linear,linear,6,6,42,source_csv,complete,pair_consistency,pair_consistency,38.853288,65.969646,34.782609,62.082912,34.074823,62.639029,,2000,,false,,,results/verified_layerwise_probe_configs.csv,458,mvp_primary_db.xlsx,VideoMAE-v2,N3:X3,seed 42 read from source CSV metrics
same_l_linear_mlp,results/seed_runs/layerwise_same_l_linear_mlp_seed_results_long.csv,mvp__same_l__videomae_v2__vit_large_16_224__linear__layer_12,mvp__same_l__videomae_v2__vit_large_16_224__linear__layer_12__seed_42,MVP,mvp,same_L,VideoMAE-v2,ViT-L/16,Linear,linear,12,12,42,source_csv,complete,pair_consistency,pair_consistency,45.49747,69.629005,39.83822,65.722952,36.905966,63.599596,,2000,,false,,,results/verified_layerwise_probe_configs.csv,459,mvp_primary_db.xlsx,VideoMAE-v2,N4:X4,seed 42 read from source CSV metrics
same_l_linear_mlp,results/seed_runs/layerwise_same_l_linear_mlp_seed_results_long.csv,mvp__same_l__videomae_v2__vit_large_16_224__linear__layer_18,mvp__same_l__videomae_v2__vit_large_16_224__linear__layer_18__seed_42,MVP,mvp,same_L,VideoMAE-v2,ViT-L/16,Linear,linear,18,18,42,source_csv,complete,pair_consistency,pair_consistency,50.893761,72.445194,44.186047,68.301314,40.141557,65.419616,,2000,,false,,,results/verified_layerwise_probe_configs.csv,460,mvp_primary_db.xlsx,VideoMAE-v2,N5:X5,seed 42 read from source CSV metrics
same_l_linear_mlp,results/seed_runs/layerwise_same_l_linear_mlp_seed_results_long.csv,mvp__same_l__videomae_v2__vit_large_16_224__linear__layer_24,mvp__same_l__videomae_v2__vit_large_16_224__linear__layer_24__seed_42,MVP,mvp,same_L,VideoMAE-v2,ViT-L/16,Linear,linear,24,24,42,source_csv,complete,pair_consistency,pair_consistency,46.947723,70.505902,37.411527,64.307381,34.681496,62.588473,,1000,,false,,,results/verified_layerwise_probe_configs.csv,461,mvp_primary_db.xlsx,VideoMAE-v2,N6:X6,seed 42 read from source CSV metrics
same_l_linear_mlp,results/seed_runs/layerwise_same_l_linear_mlp_seed_results_long.csv,mvp__same_l__videomae_v2__vit_large_16_224__mlp__layer_6,mvp__same_l__videomae_v2__vit_large_16_224__mlp__layer_6__seed_42,MVP,mvp,same_L,VideoMAE-v2,ViT-L/16,MLP,mlp,6,6,42,source_csv,complete,pair_consistency,pair_consistency,71.669477,85.615514,50.252781,72.548028,49.140546,71.890799,,2000,,false,,,results/verified_layerwise_probe_configs.csv,462,mvp_primary_db.xlsx,VideoMAE-v2,N7:X7,seed 42 read from source CSV metrics
same_l_linear_mlp,results/seed_runs/layerwise_same_l_linear_mlp_seed_results_long.csv,mvp__same_l__videomae_v2__vit_large_16_224__mlp__layer_12,mvp__same_l__videomae_v2__vit_large_16_224__mlp__layer_12__seed_42,MVP,mvp,same_L,VideoMAE-v2,ViT-L/16,MLP,mlp,12,12,42,source_csv,complete,pair_consistency,pair_consistency,92.849916,96.391231,68.351871,82.204247,65.217391,80.485339,,2000,,false,,,results/verified_layerwise_probe_configs.csv,463,mvp_primary_db.xlsx,VideoMAE-v2,N8:X8,seed 42 read from source CSV metrics
same_l_linear_mlp,results/seed_runs/layerwise_same_l_linear_mlp_seed_results_long.csv,mvp__same_l__videomae_v2__vit_large_16_224__mlp__layer_18,mvp__same_l__videomae_v2__vit_large_16_224__mlp__layer_18__seed_42,MVP,mvp,same_L,VideoMAE-v2,ViT-L/16,MLP,mlp,18,18,42,source_csv,complete,pair_consistency,pair_consistency,99.25801,99.629005,73.609707,84.833165,68.857432,82.608696,,2000,,false,,,results/verified_layerwise_probe_configs.csv,464,mvp_primary_db.xlsx,VideoMAE-v2,N9:X9,seed 42 read from source CSV metrics
same_l_linear_mlp,results/seed_runs/layerwise_same_l_linear_mlp_seed_results_long.csv,mvp__same_l__videomae_v2__vit_large_16_224__mlp__layer_24,mvp__same_l__videomae_v2__vit_large_16_224__mlp__layer_24__seed_42,MVP,mvp,same_L,VideoMAE-v2,ViT-L/16,MLP,mlp,24,24,42,source_csv,complete,pair_consistency,pair_consistency,99.932546,99.966273,62.082912,79.42366,57.532861,75.834176,,2000,,false,,,results/verified_layerwise_probe_configs.csv,465,mvp_primary_db.xlsx,VideoMAE-v2,N10:X10,seed 42 read from source CSV metrics
same_l_linear_mlp,results/seed_runs/layerwise_same_l_linear_mlp_seed_results_long.csv,intphys2__same_l__jepa_v1__vitl16_224__linear__layer_6,intphys2__same_l__jepa_v1__vitl16_224__linear__layer_6__seed_101,IntPhys2,intphys2,same_L,V-JEPA,ViT-L/16,Linear,linear,6,6,101,artifact,complete,voe_accuracy,voe_accuracy,43.046358,58.609272,23.529412,56.862745,25.490196,54.901961,1000,1000,false,false,artifacts/probes/intphys2/seed_runs_layerwise_same_l_v1/intphys2__same_l__jepa_v1__vitl16_224__linear__layer_6/seed_101/train_eval_summary.json,artifacts/probes/intphys2/seed_runs_layerwise_same_l_v1/intphys2__same_l__jepa_v1__vitl16_224__linear__layer_6/seed_101/layer_6/eval,results/verified_layerwise_probe_configs.csv,2,,,,artifact metrics read from train_eval_summary.json
same_l_linear_mlp,results/seed_runs/layerwise_same_l_linear_mlp_seed_results_long.csv,intphys2__same_l__jepa_v1__vitl16_224__linear__layer_6,intphys2__same_l__jepa_v1__vitl16_224__linear__layer_6__seed_102,IntPhys2,intphys2,same_L,V-JEPA,ViT-L/16,Linear,linear,6,6,102,artifact,complete,voe_accuracy,voe_accuracy,45.033113,64.238411,25.490196,56.862745,27.45098,52.941176,1000,1000,false,false,artifacts/probes/intphys2/seed_runs_layerwise_same_l_v1/intphys2__same_l__jepa_v1__vitl16_224__linear__layer_6/seed_102/train_eval_summary.json,artifacts/probes/intphys2/seed_runs_layerwise_same_l_v1/intphys2__same_l__jepa_v1__vitl16_224__linear__layer_6/seed_102/layer_6/eval,results/verified_layerwise_probe_configs.csv,2,,,,artifact metrics read from train_eval_summary.json
same_l_linear_mlp,results/seed_runs/layerwise_same_l_linear_mlp_seed_results_long.csv,intphys2__same_l__jepa_v1__vitl16_224__linear__layer_12,intphys2__same_l__jepa_v1__vitl16_224__linear__layer_12__seed_101,IntPhys2,intphys2,same_L,V-JEPA,ViT-L/16,Linear,linear,12,12,101,artifact,complete,voe_accuracy,voe_accuracy,50.993377,69.205298,39.215686,61.764706,31.372549,52.941176,2000,2000,false,false,artifacts/probes/intphys2/seed_runs_layerwise_same_l_v1/intphys2__same_l__jepa_v1__vitl16_224__linear__layer_12/seed_101/train_eval_summary.json,artifacts/probes/intphys2/seed_runs_layerwise_same_l_v1/intphys2__same_l__jepa_v1__vitl16_224__linear__layer_12/seed_101/layer_12/eval,results/verified_layerwise_probe_configs.csv,3,,,,artifact metrics read from train_eval_summary.json
same_l_linear_mlp,results/seed_runs/layerwise_same_l_linear_mlp_seed_results_long.csv,intphys2__same_l__jepa_v1__vitl16_224__linear__layer_12,intphys2__same_l__jepa_v1__vitl16_224__linear__layer_12__seed_102,IntPhys2,intphys2,same_L,V-JEPA,ViT-L/16,Linear,linear,12,12,102,artifact,complete,voe_accuracy,voe_accuracy,48.344371,72.516556,39.215686,60.784314,33.333333,51.470588,2000,2000,false,false,artifacts/probes/intphys2/seed_runs_layerwise_same_l_v1/intphys2__same_l__jepa_v1__vitl16_224__linear__layer_12/seed_102/train_eval_summary.json,artifacts/probes/intphys2/seed_runs_layerwise_same_l_v1/intphys2__same_l__jepa_v1__vitl16_224__linear__layer_12/seed_102/layer_12/eval,results/verified_layerwise_probe_configs.csv,3,,,,artifact metrics read from train_eval_summary.json
same_l_linear_mlp,results/seed_runs/layerwise_same_l_linear_mlp_seed_results_long.csv,intphys2__same_l__jepa_v1__vitl16_224__linear__layer_18,intphys2__same_l__jepa_v1__vitl16_224__linear__layer_18__seed_101,IntPhys2,intphys2,same_L,V-JEPA,ViT-L/16,Linear,linear,18,18,101,artifact,complete,voe_accuracy,voe_accuracy,39.735099,54.304636,31.372549,55.392157,35.294118,53.921569,20,20,false,false,artifacts/probes/intphys2/seed_runs_layerwise_same_l_v1/intphys2__same_l__jepa_v1__vitl16_224__linear__layer_18/seed_101/train_eval_summary.json,artifacts/probes/intphys2/seed_runs_layerwise_same_l_v1/intphys2__same_l__jepa_v1__vitl16_224__linear__layer_18/seed_101/layer_18/eval,results/verified_layerwise_probe_configs.csv,4,,,,artifact metrics read from train_eval_summary.json
same_l_linear_mlp,results/seed_runs/layerwise_same_l_linear_mlp_seed_results_long.csv,intphys2__same_l__jepa_v1__vitl16_224__linear__layer_18,intphys2__same_l__jepa_v1__vitl16_224__linear__layer_18__seed_102,IntPhys2,intphys2,same_L,V-JEPA,ViT-L/16,Linear,linear,18,18,102,artifact,complete,voe_accuracy,voe_accuracy,43.708609,55.960265,33.333333,54.901961,33.333333,55.392157,20,20,false,false,artifacts/probes/intphys2/seed_runs_layerwise_same_l_v1/intphys2__same_l__jepa_v1__vitl16_224__linear__layer_18/seed_102/train_eval_summary.json,artifacts/probes/intphys2/seed_runs_layerwise_same_l_v1/intphys2__same_l__jepa_v1__vitl16_224__linear__layer_18/seed_102/layer_18/eval,results/verified_layerwise_probe_configs.csv,4,,,,artifact metrics read from train_eval_summary.json
same_l_linear_mlp,results/seed_runs/layerwise_same_l_linear_mlp_seed_results_long.csv,intphys2__same_l__jepa_v1__vitl16_224__linear__layer_24,intphys2__same_l__jepa_v1__vitl16_224__linear__layer_24__seed_101,IntPhys2,intphys2,same_L,V-JEPA,ViT-L/16,Linear,linear,24,24,101,artifact,complete,voe_accuracy,voe_accuracy,45.033113,55.13245,33.333333,57.843137,43.137255,53.921569,500,500,false,false,artifacts/probes/intphys2/seed_runs_layerwise_same_l_v1/intphys2__same_l__jepa_v1__vitl16_224__linear__layer_24/seed_101/train_eval_summary.json,artifacts/probes/intphys2/seed_runs_layerwise_same_l_v1/intphys2__same_l__jepa_v1__vitl16_224__linear__layer_24/seed_101/layer_24/eval,results/verified_layerwise_probe_configs.csv,5,,,,artifact metrics read from train_eval_summary.json
same_l_linear_mlp,results/seed_runs/layerwise_same_l_linear_mlp_seed_results_long.csv,intphys2__same_l__jepa_v1__vitl16_224__linear__layer_24,intphys2__same_l__jepa_v1__vitl16_224__linear__layer_24__seed_102,IntPhys2,intphys2,same_L,V-JEPA,ViT-L/16,Linear,linear,24,24,102,artifact,complete,voe_accuracy,voe_accuracy,45.695364,57.284768,27.45098,56.372549,54.901961,54.901961,500,500,false,false,artifacts/probes/intphys2/seed_runs_layerwise_same_l_v1/intphys2__same_l__jepa_v1__vitl16_224__linear__layer_24/seed_102/train_eval_summary.json,artifacts/probes/intphys2/seed_runs_layerwise_same_l_v1/intphys2__same_l__jepa_v1__vitl16_224__linear__layer_24/seed_102/layer_24/eval,results/verified_layerwise_probe_configs.csv,5,,,,artifact metrics read from train_eval_summary.json
same_l_linear_mlp,results/seed_runs/layerwise_same_l_linear_mlp_seed_results_long.csv,intphys2__same_l__jepa_v1__vitl16_224__mlp__layer_6,intphys2__same_l__jepa_v1__vitl16_224__mlp__layer_6__seed_101,IntPhys2,intphys2,same_L,V-JEPA,ViT-L/16,MLP,mlp,6,6,101,artifact,complete,voe_accuracy,voe_accuracy,36.423841,52.649007,13.72549,54.901961,25.490196,52.941176,50,50,false,false,artifacts/probes/intphys2/seed_runs_layerwise_same_l_v1/intphys2__same_l__jepa_v1__vitl16_224__mlp__layer_6/seed_101/train_eval_summary.json,artifacts/probes/intphys2/seed_runs_layerwise_same_l_v1/intphys2__same_l__jepa_v1__vitl16_224__mlp__layer_6/seed_101/layer_6/eval,results/verified_layerwise_probe_configs.csv,6,,,,artifact metrics read from train_eval_summary.json
same_l_linear_mlp,results/seed_runs/layerwise_same_l_linear_mlp_seed_results_long.csv,intphys2__same_l__jepa_v1__vitl16_224__mlp__layer_6,intphys2__same_l__jepa_v1__vitl16_224__mlp__layer_6__seed_102,IntPhys2,intphys2,same_L,V-JEPA,ViT-L/16,MLP,mlp,6,6,102,artifact,complete,voe_accuracy,voe_accuracy,29.801325,53.145695,11.764706,52.941176,23.529412,53.431373,50,50,false,false,artifacts/probes/intphys2/seed_runs_layerwise_same_l_v1/intphys2__same_l__jepa_v1__vitl16_224__mlp__layer_6/seed_102/train_eval_summary.json,artifacts/probes/intphys2/seed_runs_layerwise_same_l_v1/intphys2__same_l__jepa_v1__vitl16_224__mlp__layer_6/seed_102/layer_6/eval,results/verified_layerwise_probe_configs.csv,6,,,,artifact metrics read from train_eval_summary.json
same_l_linear_mlp,results/seed_runs/layerwise_same_l_linear_mlp_seed_results_long.csv,intphys2__same_l__jepa_v1__vitl16_224__mlp__layer_12,intphys2__same_l__jepa_v1__vitl16_224__mlp__layer_12__seed_101,IntPhys2,intphys2,same_L,V-JEPA,ViT-L/16,MLP,mlp,12,12,101,artifact,complete,voe_accuracy,voe_accuracy,100,99.834437,39.215686,63.72549,31.372549,58.333333,2000,2000,false,false,artifacts/probes/intphys2/seed_runs_layerwise_same_l_v1/intphys2__same_l__jepa_v1__vitl16_224__mlp__layer_12/seed_101/train_eval_summary.json,artifacts/probes/intphys2/seed_runs_layerwise_same_l_v1/intphys2__same_l__jepa_v1__vitl16_224__mlp__layer_12/seed_101/layer_12/eval,results/verified_layerwise_probe_configs.csv,7,,,,artifact metrics read from train_eval_summary.json
same_l_linear_mlp,results/seed_runs/layerwise_same_l_linear_mlp_seed_results_long.csv,intphys2__same_l__jepa_v1__vitl16_224__mlp__layer_12,intphys2__same_l__jepa_v1__vitl16_224__mlp__layer_12__seed_102,IntPhys2,intphys2,same_L,V-JEPA,ViT-L/16,MLP,mlp,12,12,102,artifact,complete,voe_accuracy,voe_accuracy,70.860927,79.139073,49.019608,63.72549,33.333333,59.313725,2000,2000,false,false,artifacts/probes/intphys2/seed_runs_layerwise_same_l_v1/intphys2__same_l__jepa_v1__vitl16_224__mlp__layer_12/seed_102/train_eval_summary.json,artifacts/probes/intphys2/seed_runs_layerwise_same_l_v1/intphys2__same_l__jepa_v1__vitl16_224__mlp__layer_12/seed_102/layer_12/eval,results/verified_layerwise_probe_configs.csv,7,,,,artifact metrics read from train_eval_summary.json
same_l_linear_mlp,results/seed_runs/layerwise_same_l_linear_mlp_seed_results_long.csv,intphys2__same_l__jepa_v1__vitl16_224__mlp__layer_18,intphys2__same_l__jepa_v1__vitl16_224__mlp__layer_18__seed_101,IntPhys2,intphys2,same_L,V-JEPA,ViT-L/16,MLP,mlp,18,18,101,artifact,complete,voe_accuracy,voe_accuracy,96.02649,89.735099,49.019608,65.686275,52.941176,64.215686,2000,2000,false,false,artifacts/probes/intphys2/seed_runs_layerwise_same_l_v1/intphys2__same_l__jepa_v1__vitl16_224__mlp__layer_18/seed_101/train_eval_summary.json,artifacts/probes/intphys2/seed_runs_layerwise_same_l_v1/intphys2__same_l__jepa_v1__vitl16_224__mlp__layer_18/seed_101/layer_18/eval,results/verified_layerwise_probe_configs.csv,8,,,,artifact metrics read from train_eval_summary.json
same_l_linear_mlp,results/seed_runs/layerwise_same_l_linear_mlp_seed_results_long.csv,intphys2__same_l__jepa_v1__vitl16_224__mlp__layer_18,intphys2__same_l__jepa_v1__vitl16_224__mlp__layer_18__seed_102,IntPhys2,intphys2,same_L,V-JEPA,ViT-L/16,MLP,mlp,18,18,102,artifact,complete,voe_accuracy,voe_accuracy,84.10596,91.887417,50.980392,66.666667,50.980392,64.705882,2000,2000,false,false,artifacts/probes/intphys2/seed_runs_layerwise_same_l_v1/intphys2__same_l__jepa_v1__vitl16_224__mlp__layer_18/seed_102/train_eval_summary.json,artifacts/probes/intphys2/seed_runs_layerwise_same_l_v1/intphys2__same_l__jepa_v1__vitl16_224__mlp__layer_18/seed_102/layer_18/eval,results/verified_layerwise_probe_configs.csv,8,,,,artifact metrics read from train_eval_summary.json
same_l_linear_mlp,results/seed_runs/layerwise_same_l_linear_mlp_seed_results_long.csv,intphys2__same_l__jepa_v1__vitl16_224__mlp__layer_24,intphys2__same_l__jepa_v1__vitl16_224__mlp__layer_24__seed_101,IntPhys2,intphys2,same_L,V-JEPA,ViT-L/16,MLP,mlp,24,24,101,artifact,complete,voe_accuracy,voe_accuracy,49.006623,56.788079,33.333333,56.862745,39.215686,54.901961,20,20,false,false,artifacts/probes/intphys2/seed_runs_layerwise_same_l_v1/intphys2__same_l__jepa_v1__vitl16_224__mlp__layer_24/seed_101/train_eval_summary.json,artifacts/probes/intphys2/seed_runs_layerwise_same_l_v1/intphys2__same_l__jepa_v1__vitl16_224__mlp__layer_24/seed_101/layer_24/eval,results/verified_layerwise_probe_configs.csv,9,,,,artifact metrics read from train_eval_summary.json
same_l_linear_mlp,results/seed_runs/layerwise_same_l_linear_mlp_seed_results_long.csv,intphys2__same_l__jepa_v1__vitl16_224__mlp__layer_24,intphys2__same_l__jepa_v1__vitl16_224__mlp__layer_24__seed_102,IntPhys2,intphys2,same_L,V-JEPA,ViT-L/16,MLP,mlp,24,24,102,artifact,complete,voe_accuracy,voe_accuracy,53.642384,58.443709,35.294118,56.372549,45.098039,54.411765,20,20,false,false,artifacts/probes/intphys2/seed_runs_layerwise_same_l_v1/intphys2__same_l__jepa_v1__vitl16_224__mlp__layer_24/seed_102/train_eval_summary.json,artifacts/probes/intphys2/seed_runs_layerwise_same_l_v1/intphys2__same_l__jepa_v1__vitl16_224__mlp__layer_24/seed_102/layer_24/eval,results/verified_layerwise_probe_configs.csv,9,,,,artifact metrics read from train_eval_summary.json
same_l_linear_mlp,results/seed_runs/layerwise_same_l_linear_mlp_seed_results_long.csv,intphys2__same_l__jepa_v2__vitl_256__linear__layer_6,intphys2__same_l__jepa_v2__vitl_256__linear__layer_6__seed_101,IntPhys2,intphys2,same_L,V-JEPA 2,ViT-L/16,Linear,linear,6,6,101,artifact,complete,voe_accuracy,voe_accuracy,25.165563,50.827815,13.72549,50.980392,11.764706,50.490196,50,50,false,false,artifacts/probes/intphys2/seed_runs_layerwise_same_l_v1/intphys2__same_l__jepa_v2__vitl_256__linear__layer_6/seed_101/train_eval_summary.json,artifacts/probes/intphys2/seed_runs_layerwise_same_l_v1/intphys2__same_l__jepa_v2__vitl_256__linear__layer_6/seed_101/layer_6/eval,results/verified_layerwise_probe_configs.csv,26,,,,artifact metrics read from train_eval_summary.json
same_l_linear_mlp,results/seed_runs/layerwise_same_l_linear_mlp_seed_results_long.csv,intphys2__same_l__jepa_v2__vitl_256__linear__layer_6,intphys2__same_l__jepa_v2__vitl_256__linear__layer_6__seed_102,IntPhys2,intphys2,same_L,V-JEPA 2,ViT-L/16,Linear,linear,6,6,102,artifact,complete,voe_accuracy,voe_accuracy,33.112583,50.993377,11.764706,51.470588,25.490196,51.470588,50,50,false,false,artifacts/probes/intphys2/seed_runs_layerwise_same_l_v1/intphys2__same_l__jepa_v2__vitl_256__linear__layer_6/seed_102/train_eval_summary.json,artifacts/probes/intphys2/seed_runs_layerwise_same_l_v1/intphys2__same_l__jepa_v2__vitl_256__linear__layer_6/seed_102/layer_6/eval,results/verified_layerwise_probe_configs.csv,26,,,,artifact metrics read from train_eval_summary.json
same_l_linear_mlp,results/seed_runs/layerwise_same_l_linear_mlp_seed_results_long.csv,intphys2__same_l__jepa_v2__vitl_256__linear__layer_12,intphys2__same_l__jepa_v2__vitl_256__linear__layer_12__seed_101,IntPhys2,intphys2,same_L,V-JEPA 2,ViT-L/16,Linear,linear,12,12,101,artifact,complete,voe_accuracy,voe_accuracy,86.092715,79.304636,27.45098,59.313725,35.294118,53.921569,2000,2000,false,false,artifacts/probes/intphys2/seed_runs_layerwise_same_l_v1/intphys2__same_l__jepa_v2__vitl_256__linear__layer_12/seed_101/train_eval_summary.json,artifacts/probes/intphys2/seed_runs_layerwise_same_l_v1/intphys2__same_l__jepa_v2__vitl_256__linear__layer_12/seed_101/layer_12/eval,results/verified_layerwise_probe_configs.csv,27,,,,artifact metrics read from train_eval_summary.json
same_l_linear_mlp,results/seed_runs/layerwise_same_l_linear_mlp_seed_results_long.csv,intphys2__same_l__jepa_v2__vitl_256__linear__layer_12,intphys2__same_l__jepa_v2__vitl_256__linear__layer_12__seed_102,IntPhys2,intphys2,same_L,V-JEPA 2,ViT-L/16,Linear,linear,12,12,102,artifact,complete,voe_accuracy,voe_accuracy,76.15894,84.10596,35.294118,58.823529,35.294118,54.411765,2000,2000,false,false,artifacts/probes/intphys2/seed_runs_layerwise_same_l_v1/intphys2__same_l__jepa_v2__vitl_256__linear__layer_12/seed_102/train_eval_summary.json,artifacts/probes/intphys2/seed_runs_layerwise_same_l_v1/intphys2__same_l__jepa_v2__vitl_256__linear__layer_12/seed_102/layer_12/eval,results/verified_layerwise_probe_configs.csv,27,,,,artifact metrics read from train_eval_summary.json
same_l_linear_mlp,results/seed_runs/layerwise_same_l_linear_mlp_seed_results_long.csv,intphys2__same_l__jepa_v2__vitl_256__linear__layer_18,intphys2__same_l__jepa_v2__vitl_256__linear__layer_18__seed_101,IntPhys2,intphys2,same_L,V-JEPA 2,ViT-L/16,Linear,linear,18,18,101,artifact,complete,voe_accuracy,voe_accuracy,83.443709,73.344371,41.176471,66.176471,50.980392,62.745098,2000,2000,false,false,artifacts/probes/intphys2/seed_runs_layerwise_same_l_v1/intphys2__same_l__jepa_v2__vitl_256__linear__layer_18/seed_101/train_eval_summary.json,artifacts/probes/intphys2/seed_runs_layerwise_same_l_v1/intphys2__same_l__jepa_v2__vitl_256__linear__layer_18/seed_101/layer_18/eval,results/verified_layerwise_probe_configs.csv,28,,,,artifact metrics read from train_eval_summary.json
same_l_linear_mlp,results/seed_runs/layerwise_same_l_linear_mlp_seed_results_long.csv,intphys2__same_l__jepa_v2__vitl_256__linear__layer_18,intphys2__same_l__jepa_v2__vitl_256__linear__layer_18__seed_102,IntPhys2,intphys2,same_L,V-JEPA 2,ViT-L/16,Linear,linear,18,18,102,artifact,complete,voe_accuracy,voe_accuracy,81.456954,83.443709,41.176471,66.176471,50.980392,62.254902,2000,2000,false,false,artifacts/probes/intphys2/seed_runs_layerwise_same_l_v1/intphys2__same_l__jepa_v2__vitl_256__linear__layer_18/seed_102/train_eval_summary.json,artifacts/probes/intphys2/seed_runs_layerwise_same_l_v1/intphys2__same_l__jepa_v2__vitl_256__linear__layer_18/seed_102/layer_18/eval,results/verified_layerwise_probe_configs.csv,28,,,,artifact metrics read from train_eval_summary.json
same_l_linear_mlp,results/seed_runs/layerwise_same_l_linear_mlp_seed_results_long.csv,intphys2__same_l__jepa_v2__vitl_256__linear__layer_24,intphys2__same_l__jepa_v2__vitl_256__linear__layer_24__seed_101,IntPhys2,intphys2,same_L,V-JEPA 2,ViT-L/16,Linear,linear,24,24,101,artifact,complete,voe_accuracy,voe_accuracy,58.278146,61.589404,29.411765,57.352941,35.294118,54.411765,100,100,false,false,artifacts/probes/intphys2/seed_runs_layerwise_same_l_v1/intphys2__same_l__jepa_v2__vitl_256__linear__layer_24/seed_101/train_eval_summary.json,artifacts/probes/intphys2/seed_runs_layerwise_same_l_v1/intphys2__same_l__jepa_v2__vitl_256__linear__layer_24/seed_101/layer_24/eval,results/verified_layerwise_probe_configs.csv,29,,,,artifact metrics read from train_eval_summary.json
same_l_linear_mlp,results/seed_runs/layerwise_same_l_linear_mlp_seed_results_long.csv,intphys2__same_l__jepa_v2__vitl_256__linear__layer_24,intphys2__same_l__jepa_v2__vitl_256__linear__layer_24__seed_102,IntPhys2,intphys2,same_L,V-JEPA 2,ViT-L/16,Linear,linear,24,24,102,artifact,complete,voe_accuracy,voe_accuracy,62.913907,71.357616,27.45098,57.352941,31.372549,57.843137,100,100,false,false,artifacts/probes/intphys2/seed_runs_layerwise_same_l_v1/intphys2__same_l__jepa_v2__vitl_256__linear__layer_24/seed_102/train_eval_summary.json,artifacts/probes/intphys2/seed_runs_layerwise_same_l_v1/intphys2__same_l__jepa_v2__vitl_256__linear__layer_24/seed_102/layer_24/eval,results/verified_layerwise_probe_configs.csv,29,,,,artifact metrics read from train_eval_summary.json
same_l_linear_mlp,results/seed_runs/layerwise_same_l_linear_mlp_seed_results_long.csv,intphys2__same_l__jepa_v2__vitl_256__mlp__layer_6,intphys2__same_l__jepa_v2__vitl_256__mlp__layer_6__seed_101,IntPhys2,intphys2,same_L,V-JEPA 2,ViT-L/16,MLP,mlp,6,6,101,artifact,complete,voe_accuracy,voe_accuracy,25.165563,50,15.686275,51.960784,23.529412,50.980392,50,50,false,false,artifacts/probes/intphys2/seed_runs_layerwise_same_l_v1/intphys2__same_l__jepa_v2__vitl_256__mlp__layer_6/seed_101/train_eval_summary.json,artifacts/probes/intphys2/seed_runs_layerwise_same_l_v1/intphys2__same_l__jepa_v2__vitl_256__mlp__layer_6/seed_101/layer_6/eval,results/verified_layerwise_probe_configs.csv,30,,,,artifact metrics read from train_eval_summary.json
same_l_linear_mlp,results/seed_runs/layerwise_same_l_linear_mlp_seed_results_long.csv,intphys2__same_l__jepa_v2__vitl_256__mlp__layer_6,intphys2__same_l__jepa_v2__vitl_256__mlp__layer_6__seed_102,IntPhys2,intphys2,same_L,V-JEPA 2,ViT-L/16,MLP,mlp,6,6,102,artifact,complete,voe_accuracy,voe_accuracy,33.112583,51.490066,11.764706,51.470588,21.568627,52.941176,50,50,false,false,artifacts/probes/intphys2/seed_runs_layerwise_same_l_v1/intphys2__same_l__jepa_v2__vitl_256__mlp__layer_6/seed_102/train_eval_summary.json,artifacts/probes/intphys2/seed_runs_layerwise_same_l_v1/intphys2__same_l__jepa_v2__vitl_256__mlp__layer_6/seed_102/layer_6/eval,results/verified_layerwise_probe_configs.csv,30,,,,artifact metrics read from train_eval_summary.json
same_l_linear_mlp,results/seed_runs/layerwise_same_l_linear_mlp_seed_results_long.csv,intphys2__same_l__jepa_v2__vitl_256__mlp__layer_12,intphys2__same_l__jepa_v2__vitl_256__mlp__layer_12__seed_101,IntPhys2,intphys2,same_L,V-JEPA 2,ViT-L/16,MLP,mlp,12,12,101,artifact,complete,voe_accuracy,voe_accuracy,99.337748,98.509934,33.333333,60.784314,29.411765,57.352941,2000,2000,false,false,artifacts/probes/intphys2/seed_runs_layerwise_same_l_v1/intphys2__same_l__jepa_v2__vitl_256__mlp__layer_12/seed_101/train_eval_summary.json,artifacts/probes/intphys2/seed_runs_layerwise_same_l_v1/intphys2__same_l__jepa_v2__vitl_256__mlp__layer_12/seed_101/layer_12/eval,results/verified_layerwise_probe_configs.csv,31,,,,artifact metrics read from train_eval_summary.json
same_l_linear_mlp,results/seed_runs/layerwise_same_l_linear_mlp_seed_results_long.csv,intphys2__same_l__jepa_v2__vitl_256__mlp__layer_12,intphys2__same_l__jepa_v2__vitl_256__mlp__layer_12__seed_102,IntPhys2,intphys2,same_L,V-JEPA 2,ViT-L/16,MLP,mlp,12,12,102,artifact,complete,voe_accuracy,voe_accuracy,99.337748,97.18543,33.333333,60.784314,27.45098,53.921569,2000,2000,false,false,artifacts/probes/intphys2/seed_runs_layerwise_same_l_v1/intphys2__same_l__jepa_v2__vitl_256__mlp__layer_12/seed_102/train_eval_summary.json,artifacts/probes/intphys2/seed_runs_layerwise_same_l_v1/intphys2__same_l__jepa_v2__vitl_256__mlp__layer_12/seed_102/layer_12/eval,results/verified_layerwise_probe_configs.csv,31,,,,artifact metrics read from train_eval_summary.json
same_l_linear_mlp,results/seed_runs/layerwise_same_l_linear_mlp_seed_results_long.csv,intphys2__same_l__jepa_v2__vitl_256__mlp__layer_18,intphys2__same_l__jepa_v2__vitl_256__mlp__layer_18__seed_101,IntPhys2,intphys2,same_L,V-JEPA 2,ViT-L/16,MLP,mlp,18,18,101,artifact,complete,voe_accuracy,voe_accuracy,99.337748,98.344371,43.137255,68.137255,49.019608,64.705882,2000,2000,false,false,artifacts/probes/intphys2/seed_runs_layerwise_same_l_v1/intphys2__same_l__jepa_v2__vitl_256__mlp__layer_18/seed_101/train_eval_summary.json,artifacts/probes/intphys2/seed_runs_layerwise_same_l_v1/intphys2__same_l__jepa_v2__vitl_256__mlp__layer_18/seed_101/layer_18/eval,results/verified_layerwise_probe_configs.csv,32,,,,artifact metrics read from train_eval_summary.json
same_l_linear_mlp,results/seed_runs/layerwise_same_l_linear_mlp_seed_results_long.csv,intphys2__same_l__jepa_v2__vitl_256__mlp__layer_18,intphys2__same_l__jepa_v2__vitl_256__mlp__layer_18__seed_102,IntPhys2,intphys2,same_L,V-JEPA 2,ViT-L/16,MLP,mlp,18,18,102,artifact,complete,voe_accuracy,voe_accuracy,99.337748,99.337748,43.137255,68.627451,54.901961,64.705882,2000,2000,false,false,artifacts/probes/intphys2/seed_runs_layerwise_same_l_v1/intphys2__same_l__jepa_v2__vitl_256__mlp__layer_18/seed_102/train_eval_summary.json,artifacts/probes/intphys2/seed_runs_layerwise_same_l_v1/intphys2__same_l__jepa_v2__vitl_256__mlp__layer_18/seed_102/layer_18/eval,results/verified_layerwise_probe_configs.csv,32,,,,artifact metrics read from train_eval_summary.json
same_l_linear_mlp,results/seed_runs/layerwise_same_l_linear_mlp_seed_results_long.csv,intphys2__same_l__jepa_v2__vitl_256__mlp__layer_24,intphys2__same_l__jepa_v2__vitl_256__mlp__layer_24__seed_101,IntPhys2,intphys2,same_L,V-JEPA 2,ViT-L/16,MLP,mlp,24,24,101,artifact,complete,voe_accuracy,voe_accuracy,93.377483,94.536424,33.333333,61.27451,35.294118,58.333333,2000,2000,false,false,artifacts/probes/intphys2/seed_runs_layerwise_same_l_v1/intphys2__same_l__jepa_v2__vitl_256__mlp__layer_24/seed_101/train_eval_summary.json,artifacts/probes/intphys2/seed_runs_layerwise_same_l_v1/intphys2__same_l__jepa_v2__vitl_256__mlp__layer_24/seed_101/layer_24/eval,results/verified_layerwise_probe_configs.csv,33,,,,artifact metrics read from train_eval_summary.json
same_l_linear_mlp,results/seed_runs/layerwise_same_l_linear_mlp_seed_results_long.csv,intphys2__same_l__jepa_v2__vitl_256__mlp__layer_24,intphys2__same_l__jepa_v2__vitl_256__mlp__layer_24__seed_102,IntPhys2,intphys2,same_L,V-JEPA 2,ViT-L/16,MLP,mlp,24,24,102,artifact,complete,voe_accuracy,voe_accuracy,100,96.192053,33.333333,61.764706,35.294118,60.784314,2000,2000,false,false,artifacts/probes/intphys2/seed_runs_layerwise_same_l_v1/intphys2__same_l__jepa_v2__vitl_256__mlp__layer_24/seed_102/train_eval_summary.json,artifacts/probes/intphys2/seed_runs_layerwise_same_l_v1/intphys2__same_l__jepa_v2__vitl_256__mlp__layer_24/seed_102/layer_24/eval,results/verified_layerwise_probe_configs.csv,33,,,,artifact metrics read from train_eval_summary.json
same_l_linear_mlp,results/seed_runs/layerwise_same_l_linear_mlp_seed_results_long.csv,intphys2__same_l__jepa_v2_1__vitl_384__linear__layer_6,intphys2__same_l__jepa_v2_1__vitl_384__linear__layer_6__seed_101,IntPhys2,intphys2,same_L,V-JEPA 2.1,ViT-L/16,Linear,linear,6,6,101,artifact,complete,voe_accuracy,voe_accuracy,27.81457,52.317881,23.529412,51.960784,27.45098,51.960784,50,50,false,false,artifacts/probes/intphys2/seed_runs_layerwise_same_l_v1/intphys2__same_l__jepa_v2_1__vitl_384__linear__layer_6/seed_101/train_eval_summary.json,artifacts/probes/intphys2/seed_runs_layerwise_same_l_v1/intphys2__same_l__jepa_v2_1__vitl_384__linear__layer_6/seed_101/layer_6/eval,results/verified_layerwise_probe_configs.csv,62,,,,artifact metrics read from train_eval_summary.json
same_l_linear_mlp,results/seed_runs/layerwise_same_l_linear_mlp_seed_results_long.csv,intphys2__same_l__jepa_v2_1__vitl_384__linear__layer_6,intphys2__same_l__jepa_v2_1__vitl_384__linear__layer_6__seed_102,IntPhys2,intphys2,same_L,V-JEPA 2.1,ViT-L/16,Linear,linear,6,6,102,artifact,complete,voe_accuracy,voe_accuracy,25.165563,51.490066,9.803922,51.470588,17.647059,49.509804,50,50,false,false,artifacts/probes/intphys2/seed_runs_layerwise_same_l_v1/intphys2__same_l__jepa_v2_1__vitl_384__linear__layer_6/seed_102/train_eval_summary.json,artifacts/probes/intphys2/seed_runs_layerwise_same_l_v1/intphys2__same_l__jepa_v2_1__vitl_384__linear__layer_6/seed_102/layer_6/eval,results/verified_layerwise_probe_configs.csv,62,,,,artifact metrics read from train_eval_summary.json
same_l_linear_mlp,results/seed_runs/layerwise_same_l_linear_mlp_seed_results_long.csv,intphys2__same_l__jepa_v2_1__vitl_384__linear__layer_12,intphys2__same_l__jepa_v2_1__vitl_384__linear__layer_12__seed_101,IntPhys2,intphys2,same_L,V-JEPA 2.1,ViT-L/16,Linear,linear,12,12,101,artifact,complete,voe_accuracy,voe_accuracy,45.695364,53.642384,35.294118,55.392157,25.490196,53.921569,100,100,false,false,artifacts/probes/intphys2/seed_runs_layerwise_same_l_v1/intphys2__same_l__jepa_v2_1__vitl_384__linear__layer_12/seed_101/train_eval_summary.json,artifacts/probes/intphys2/seed_runs_layerwise_same_l_v1/intphys2__same_l__jepa_v2_1__vitl_384__linear__layer_12/seed_101/layer_12/eval,results/verified_layerwise_probe_configs.csv,63,,,,artifact metrics read from train_eval_summary.json
same_l_linear_mlp,results/seed_runs/layerwise_same_l_linear_mlp_seed_results_long.csv,intphys2__same_l__jepa_v2_1__vitl_384__linear__layer_12,intphys2__same_l__jepa_v2_1__vitl_384__linear__layer_12__seed_102,IntPhys2,intphys2,same_L,V-JEPA 2.1,ViT-L/16,Linear,linear,12,12,102,artifact,complete,voe_accuracy,voe_accuracy,45.033113,55.794702,37.254902,54.901961,25.490196,51.470588,100,100,false,false,artifacts/probes/intphys2/seed_runs_layerwise_same_l_v1/intphys2__same_l__jepa_v2_1__vitl_384__linear__layer_12/seed_102/train_eval_summary.json,artifacts/probes/intphys2/seed_runs_layerwise_same_l_v1/intphys2__same_l__jepa_v2_1__vitl_384__linear__layer_12/seed_102/layer_12/eval,results/verified_layerwise_probe_configs.csv,63,,,,artifact metrics read from train_eval_summary.json
same_l_linear_mlp,results/seed_runs/layerwise_same_l_linear_mlp_seed_results_long.csv,intphys2__same_l__jepa_v2_1__vitl_384__linear__layer_18,intphys2__same_l__jepa_v2_1__vitl_384__linear__layer_18__seed_101,IntPhys2,intphys2,same_L,V-JEPA 2.1,ViT-L/16,Linear,linear,18,18,101,artifact,complete,voe_accuracy,voe_accuracy,56.953642,73.178808,35.294118,58.823529,45.098039,61.27451,2000,2000,false,false,artifacts/probes/intphys2/seed_runs_layerwise_same_l_v1/intphys2__same_l__jepa_v2_1__vitl_384__linear__layer_18/seed_101/train_eval_summary.json,artifacts/probes/intphys2/seed_runs_layerwise_same_l_v1/intphys2__same_l__jepa_v2_1__vitl_384__linear__layer_18/seed_101/layer_18/eval,results/verified_layerwise_probe_configs.csv,64,,,,artifact metrics read from train_eval_summary.json
same_l_linear_mlp,results/seed_runs/layerwise_same_l_linear_mlp_seed_results_long.csv,intphys2__same_l__jepa_v2_1__vitl_384__linear__layer_18,intphys2__same_l__jepa_v2_1__vitl_384__linear__layer_18__seed_102,IntPhys2,intphys2,same_L,V-JEPA 2.1,ViT-L/16,Linear,linear,18,18,102,artifact,complete,voe_accuracy,voe_accuracy,55.629139,72.516556,35.294118,59.313725,45.098039,61.764706,2000,2000,false,false,artifacts/probes/intphys2/seed_runs_layerwise_same_l_v1/intphys2__same_l__jepa_v2_1__vitl_384__linear__layer_18/seed_102/train_eval_summary.json,artifacts/probes/intphys2/seed_runs_layerwise_same_l_v1/intphys2__same_l__jepa_v2_1__vitl_384__linear__layer_18/seed_102/layer_18/eval,results/verified_layerwise_probe_configs.csv,64,,,,artifact metrics read from train_eval_summary.json
same_l_linear_mlp,results/seed_runs/layerwise_same_l_linear_mlp_seed_results_long.csv,intphys2__same_l__jepa_v2_1__vitl_384__linear__layer_24,intphys2__same_l__jepa_v2_1__vitl_384__linear__layer_24__seed_101,IntPhys2,intphys2,same_L,V-JEPA 2.1,ViT-L/16,Linear,linear,24,24,101,artifact,complete,voe_accuracy,voe_accuracy,67.549669,76.986755,31.372549,56.862745,27.45098,56.862745,500,500,false,false,artifacts/probes/intphys2/seed_runs_layerwise_same_l_v1/intphys2__same_l__jepa_v2_1__vitl_384__linear__layer_24/seed_101/train_eval_summary.json,artifacts/probes/intphys2/seed_runs_layerwise_same_l_v1/intphys2__same_l__jepa_v2_1__vitl_384__linear__layer_24/seed_101/layer_24/eval,results/verified_layerwise_probe_configs.csv,65,,,,artifact metrics read from train_eval_summary.json
same_l_linear_mlp,results/seed_runs/layerwise_same_l_linear_mlp_seed_results_long.csv,intphys2__same_l__jepa_v2_1__vitl_384__linear__layer_24,intphys2__same_l__jepa_v2_1__vitl_384__linear__layer_24__seed_102,IntPhys2,intphys2,same_L,V-JEPA 2.1,ViT-L/16,Linear,linear,24,24,102,artifact,complete,voe_accuracy,voe_accuracy,62.251656,71.523179,27.45098,57.843137,25.490196,57.352941,500,500,false,false,artifacts/probes/intphys2/seed_runs_layerwise_same_l_v1/intphys2__same_l__jepa_v2_1__vitl_384__linear__layer_24/seed_102/train_eval_summary.json,artifacts/probes/intphys2/seed_runs_layerwise_same_l_v1/intphys2__same_l__jepa_v2_1__vitl_384__linear__layer_24/seed_102/layer_24/eval,results/verified_layerwise_probe_configs.csv,65,,,,artifact metrics read from train_eval_summary.json
same_l_linear_mlp,results/seed_runs/layerwise_same_l_linear_mlp_seed_results_long.csv,intphys2__same_l__jepa_v2_1__vitl_384__mlp__layer_6,intphys2__same_l__jepa_v2_1__vitl_384__mlp__layer_6__seed_101,IntPhys2,intphys2,same_L,V-JEPA 2.1,ViT-L/16,MLP,mlp,6,6,101,artifact,complete,voe_accuracy,voe_accuracy,29.801325,50.662252,11.764706,50.490196,17.647059,50,100,100,false,false,artifacts/probes/intphys2/seed_runs_layerwise_same_l_v1/intphys2__same_l__jepa_v2_1__vitl_384__mlp__layer_6/seed_101/train_eval_summary.json,artifacts/probes/intphys2/seed_runs_layerwise_same_l_v1/intphys2__same_l__jepa_v2_1__vitl_384__mlp__layer_6/seed_101/layer_6/eval,results/verified_layerwise_probe_configs.csv,66,,,,artifact metrics read from train_eval_summary.json
same_l_linear_mlp,results/seed_runs/layerwise_same_l_linear_mlp_seed_results_long.csv,intphys2__same_l__jepa_v2_1__vitl_384__mlp__layer_6,intphys2__same_l__jepa_v2_1__vitl_384__mlp__layer_6__seed_102,IntPhys2,intphys2,same_L,V-JEPA 2.1,ViT-L/16,MLP,mlp,6,6,102,artifact,complete,voe_accuracy,voe_accuracy,21.854305,50.331126,17.647059,51.960784,13.72549,50.490196,100,100,false,false,artifacts/probes/intphys2/seed_runs_layerwise_same_l_v1/intphys2__same_l__jepa_v2_1__vitl_384__mlp__layer_6/seed_102/train_eval_summary.json,artifacts/probes/intphys2/seed_runs_layerwise_same_l_v1/intphys2__same_l__jepa_v2_1__vitl_384__mlp__layer_6/seed_102/layer_6/eval,results/verified_layerwise_probe_configs.csv,66,,,,artifact metrics read from train_eval_summary.json
same_l_linear_mlp,results/seed_runs/layerwise_same_l_linear_mlp_seed_results_long.csv,intphys2__same_l__jepa_v2_1__vitl_384__mlp__layer_12,intphys2__same_l__jepa_v2_1__vitl_384__mlp__layer_12__seed_101,IntPhys2,intphys2,same_L,V-JEPA 2.1,ViT-L/16,MLP,mlp,12,12,101,artifact,complete,voe_accuracy,voe_accuracy,99.337748,81.622517,47.058824,61.27451,41.176471,60.784314,2000,2000,false,false,artifacts/probes/intphys2/seed_runs_layerwise_same_l_v1/intphys2__same_l__jepa_v2_1__vitl_384__mlp__layer_12/seed_101/train_eval_summary.json,artifacts/probes/intphys2/seed_runs_layerwise_same_l_v1/intphys2__same_l__jepa_v2_1__vitl_384__mlp__layer_12/seed_101/layer_12/eval,results/verified_layerwise_probe_configs.csv,67,,,,artifact metrics read from train_eval_summary.json
same_l_linear_mlp,results/seed_runs/layerwise_same_l_linear_mlp_seed_results_long.csv,intphys2__same_l__jepa_v2_1__vitl_384__mlp__layer_12,intphys2__same_l__jepa_v2_1__vitl_384__mlp__layer_12__seed_102,IntPhys2,intphys2,same_L,V-JEPA 2.1,ViT-L/16,MLP,mlp,12,12,102,artifact,complete,voe_accuracy,voe_accuracy,98.013245,91.887417,43.137255,63.235294,35.294118,60.784314,2000,2000,false,false,artifacts/probes/intphys2/seed_runs_layerwise_same_l_v1/intphys2__same_l__jepa_v2_1__vitl_384__mlp__layer_12/seed_102/train_eval_summary.json,artifacts/probes/intphys2/seed_runs_layerwise_same_l_v1/intphys2__same_l__jepa_v2_1__vitl_384__mlp__layer_12/seed_102/layer_12/eval,results/verified_layerwise_probe_configs.csv,67,,,,artifact metrics read from train_eval_summary.json
same_l_linear_mlp,results/seed_runs/layerwise_same_l_linear_mlp_seed_results_long.csv,intphys2__same_l__jepa_v2_1__vitl_384__mlp__layer_18,intphys2__same_l__jepa_v2_1__vitl_384__mlp__layer_18__seed_101,IntPhys2,intphys2,same_L,V-JEPA 2.1,ViT-L/16,MLP,mlp,18,18,101,artifact,complete,voe_accuracy,voe_accuracy,98.675497,89.900662,37.254902,64.215686,49.019608,57.843137,2000,2000,false,false,artifacts/probes/intphys2/seed_runs_layerwise_same_l_v1/intphys2__same_l__jepa_v2_1__vitl_384__mlp__layer_18/seed_101/train_eval_summary.json,artifacts/probes/intphys2/seed_runs_layerwise_same_l_v1/intphys2__same_l__jepa_v2_1__vitl_384__mlp__layer_18/seed_101/layer_18/eval,results/verified_layerwise_probe_configs.csv,68,,,,artifact metrics read from train_eval_summary.json
same_l_linear_mlp,results/seed_runs/layerwise_same_l_linear_mlp_seed_results_long.csv,intphys2__same_l__jepa_v2_1__vitl_384__mlp__layer_18,intphys2__same_l__jepa_v2_1__vitl_384__mlp__layer_18__seed_102,IntPhys2,intphys2,same_L,V-JEPA 2.1,ViT-L/16,MLP,mlp,18,18,102,artifact,complete,voe_accuracy,voe_accuracy,99.337748,94.86755,39.215686,65.196078,54.901961,58.333333,2000,2000,false,false,artifacts/probes/intphys2/seed_runs_layerwise_same_l_v1/intphys2__same_l__jepa_v2_1__vitl_384__mlp__layer_18/seed_102/train_eval_summary.json,artifacts/probes/intphys2/seed_runs_layerwise_same_l_v1/intphys2__same_l__jepa_v2_1__vitl_384__mlp__layer_18/seed_102/layer_18/eval,results/verified_layerwise_probe_configs.csv,68,,,,artifact metrics read from train_eval_summary.json
same_l_linear_mlp,results/seed_runs/layerwise_same_l_linear_mlp_seed_results_long.csv,intphys2__same_l__jepa_v2_1__vitl_384__mlp__layer_24,intphys2__same_l__jepa_v2_1__vitl_384__mlp__layer_24__seed_101,IntPhys2,intphys2,same_L,V-JEPA 2.1,ViT-L/16,MLP,mlp,24,24,101,artifact,complete,voe_accuracy,voe_accuracy,100,98.509934,29.411765,59.313725,33.333333,58.823529,2000,2000,false,false,artifacts/probes/intphys2/seed_runs_layerwise_same_l_v1/intphys2__same_l__jepa_v2_1__vitl_384__mlp__layer_24/seed_101/train_eval_summary.json,artifacts/probes/intphys2/seed_runs_layerwise_same_l_v1/intphys2__same_l__jepa_v2_1__vitl_384__mlp__layer_24/seed_101/layer_24/eval,results/verified_layerwise_probe_configs.csv,69,,,,artifact metrics read from train_eval_summary.json
same_l_linear_mlp,results/seed_runs/layerwise_same_l_linear_mlp_seed_results_long.csv,intphys2__same_l__jepa_v2_1__vitl_384__mlp__layer_24,intphys2__same_l__jepa_v2_1__vitl_384__mlp__layer_24__seed_102,IntPhys2,intphys2,same_L,V-JEPA 2.1,ViT-L/16,MLP,mlp,24,24,102,artifact,complete,voe_accuracy,voe_accuracy,100,98.509934,37.254902,60.784314,31.372549,58.823529,2000,2000,false,false,artifacts/probes/intphys2/seed_runs_layerwise_same_l_v1/intphys2__same_l__jepa_v2_1__vitl_384__mlp__layer_24/seed_102/train_eval_summary.json,artifacts/probes/intphys2/seed_runs_layerwise_same_l_v1/intphys2__same_l__jepa_v2_1__vitl_384__mlp__layer_24/seed_102/layer_24/eval,results/verified_layerwise_probe_configs.csv,69,,,,artifact metrics read from train_eval_summary.json
same_l_linear_mlp,results/seed_runs/layerwise_same_l_linear_mlp_seed_results_long.csv,intphys2__same_l__videomae__vit_large_16_224__linear__layer_6,intphys2__same_l__videomae__vit_large_16_224__linear__layer_6__seed_101,IntPhys2,intphys2,same_L,VideoMAE,ViT-L/16,Linear,linear,6,6,101,artifact,complete,voe_accuracy,voe_accuracy,8.609272,50.496689,17.647059,51.960784,13.72549,49.019608,100,100,false,false,artifacts/probes/intphys2/seed_runs_layerwise_same_l_v1/intphys2__same_l__videomae__vit_large_16_224__linear__layer_6/seed_101/train_eval_summary.json,artifacts/probes/intphys2/seed_runs_layerwise_same_l_v1/intphys2__same_l__videomae__vit_large_16_224__linear__layer_6/seed_101/layer_6/eval,results/verified_layerwise_probe_configs.csv,98,,,,artifact metrics read from train_eval_summary.json
same_l_linear_mlp,results/seed_runs/layerwise_same_l_linear_mlp_seed_results_long.csv,intphys2__same_l__videomae__vit_large_16_224__linear__layer_6,intphys2__same_l__videomae__vit_large_16_224__linear__layer_6__seed_102,IntPhys2,intphys2,same_L,VideoMAE,ViT-L/16,Linear,linear,6,6,102,artifact,complete,voe_accuracy,voe_accuracy,4.635762,50.165563,17.647059,51.470588,17.647059,49.019608,100,100,false,false,artifacts/probes/intphys2/seed_runs_layerwise_same_l_v1/intphys2__same_l__videomae__vit_large_16_224__linear__layer_6/seed_102/train_eval_summary.json,artifacts/probes/intphys2/seed_runs_layerwise_same_l_v1/intphys2__same_l__videomae__vit_large_16_224__linear__layer_6/seed_102/layer_6/eval,results/verified_layerwise_probe_configs.csv,98,,,,artifact metrics read from train_eval_summary.json
same_l_linear_mlp,results/seed_runs/layerwise_same_l_linear_mlp_seed_results_long.csv,intphys2__same_l__videomae__vit_large_16_224__linear__layer_12,intphys2__same_l__videomae__vit_large_16_224__linear__layer_12__seed_101,IntPhys2,intphys2,same_L,VideoMAE,ViT-L/16,Linear,linear,12,12,101,artifact,complete,voe_accuracy,voe_accuracy,35.099338,51.655629,13.72549,52.45098,15.686275,49.509804,50,50,false,false,artifacts/probes/intphys2/seed_runs_layerwise_same_l_v1/intphys2__same_l__videomae__vit_large_16_224__linear__layer_12/seed_101/train_eval_summary.json,artifacts/probes/intphys2/seed_runs_layerwise_same_l_v1/intphys2__same_l__videomae__vit_large_16_224__linear__layer_12/seed_101/layer_12/eval,results/verified_layerwise_probe_configs.csv,99,,,,artifact metrics read from train_eval_summary.json
same_l_linear_mlp,results/seed_runs/layerwise_same_l_linear_mlp_seed_results_long.csv,intphys2__same_l__videomae__vit_large_16_224__linear__layer_12,intphys2__same_l__videomae__vit_large_16_224__linear__layer_12__seed_102,IntPhys2,intphys2,same_L,VideoMAE,ViT-L/16,Linear,linear,12,12,102,artifact,complete,voe_accuracy,voe_accuracy,14.569536,50.165563,19.607843,53.431373,17.647059,50,50,50,false,false,artifacts/probes/intphys2/seed_runs_layerwise_same_l_v1/intphys2__same_l__videomae__vit_large_16_224__linear__layer_12/seed_102/train_eval_summary.json,artifacts/probes/intphys2/seed_runs_layerwise_same_l_v1/intphys2__same_l__videomae__vit_large_16_224__linear__layer_12/seed_102/layer_12/eval,results/verified_layerwise_probe_configs.csv,99,,,,artifact metrics read from train_eval_summary.json
same_l_linear_mlp,results/seed_runs/layerwise_same_l_linear_mlp_seed_results_long.csv,intphys2__same_l__videomae__vit_large_16_224__linear__layer_18,intphys2__same_l__videomae__vit_large_16_224__linear__layer_18__seed_101,IntPhys2,intphys2,same_L,VideoMAE,ViT-L/16,Linear,linear,18,18,101,artifact,complete,voe_accuracy,voe_accuracy,46.357616,62.417219,33.333333,60.294118,39.215686,54.411765,1000,1000,false,false,artifacts/probes/intphys2/seed_runs_layerwise_same_l_v1/intphys2__same_l__videomae__vit_large_16_224__linear__layer_18/seed_101/train_eval_summary.json,artifacts/probes/intphys2/seed_runs_layerwise_same_l_v1/intphys2__same_l__videomae__vit_large_16_224__linear__layer_18/seed_101/layer_18/eval,results/verified_layerwise_probe_configs.csv,100,,,,artifact metrics read from train_eval_summary.json
same_l_linear_mlp,results/seed_runs/layerwise_same_l_linear_mlp_seed_results_long.csv,intphys2__same_l__videomae__vit_large_16_224__linear__layer_18,intphys2__same_l__videomae__vit_large_16_224__linear__layer_18__seed_102,IntPhys2,intphys2,same_L,VideoMAE,ViT-L/16,Linear,linear,18,18,102,artifact,complete,voe_accuracy,voe_accuracy,35.099338,54.635762,35.294118,59.313725,25.490196,54.411765,1000,1000,false,false,artifacts/probes/intphys2/seed_runs_layerwise_same_l_v1/intphys2__same_l__videomae__vit_large_16_224__linear__layer_18/seed_102/train_eval_summary.json,artifacts/probes/intphys2/seed_runs_layerwise_same_l_v1/intphys2__same_l__videomae__vit_large_16_224__linear__layer_18/seed_102/layer_18/eval,results/verified_layerwise_probe_configs.csv,100,,,,artifact metrics read from train_eval_summary.json
same_l_linear_mlp,results/seed_runs/layerwise_same_l_linear_mlp_seed_results_long.csv,intphys2__same_l__videomae__vit_large_16_224__linear__layer_24,intphys2__same_l__videomae__vit_large_16_224__linear__layer_24__seed_101,IntPhys2,intphys2,same_L,VideoMAE,ViT-L/16,Linear,linear,24,24,101,artifact,complete,voe_accuracy,voe_accuracy,52.980132,73.84106,31.372549,58.333333,39.215686,56.372549,2000,2000,false,false,artifacts/probes/intphys2/seed_runs_layerwise_same_l_v1/intphys2__same_l__videomae__vit_large_16_224__linear__layer_24/seed_101/train_eval_summary.json,artifacts/probes/intphys2/seed_runs_layerwise_same_l_v1/intphys2__same_l__videomae__vit_large_16_224__linear__layer_24/seed_101/layer_24/eval,results/verified_layerwise_probe_configs.csv,101,,,,artifact metrics read from train_eval_summary.json
same_l_linear_mlp,results/seed_runs/layerwise_same_l_linear_mlp_seed_results_long.csv,intphys2__same_l__videomae__vit_large_16_224__linear__layer_24,intphys2__same_l__videomae__vit_large_16_224__linear__layer_24__seed_102,IntPhys2,intphys2,same_L,VideoMAE,ViT-L/16,Linear,linear,24,24,102,artifact,complete,voe_accuracy,voe_accuracy,49.668874,68.543046,35.294118,59.313725,35.294118,53.431373,2000,2000,false,false,artifacts/probes/intphys2/seed_runs_layerwise_same_l_v1/intphys2__same_l__videomae__vit_large_16_224__linear__layer_24/seed_102/train_eval_summary.json,artifacts/probes/intphys2/seed_runs_layerwise_same_l_v1/intphys2__same_l__videomae__vit_large_16_224__linear__layer_24/seed_102/layer_24/eval,results/verified_layerwise_probe_configs.csv,101,,,,artifact metrics read from train_eval_summary.json
same_l_linear_mlp,results/seed_runs/layerwise_same_l_linear_mlp_seed_results_long.csv,intphys2__same_l__videomae__vit_large_16_224__mlp__layer_6,intphys2__same_l__videomae__vit_large_16_224__mlp__layer_6__seed_101,IntPhys2,intphys2,same_L,VideoMAE,ViT-L/16,MLP,mlp,6,6,101,artifact,complete,voe_accuracy,voe_accuracy,25.165563,52.649007,7.843137,53.431373,21.568627,53.921569,2000,2000,false,false,artifacts/probes/intphys2/seed_runs_layerwise_same_l_v1/intphys2__same_l__videomae__vit_large_16_224__mlp__layer_6/seed_101/train_eval_summary.json,artifacts/probes/intphys2/seed_runs_layerwise_same_l_v1/intphys2__same_l__videomae__vit_large_16_224__mlp__layer_6/seed_101/layer_6/eval,results/verified_layerwise_probe_configs.csv,102,,,,artifact metrics read from train_eval_summary.json
same_l_linear_mlp,results/seed_runs/layerwise_same_l_linear_mlp_seed_results_long.csv,intphys2__same_l__videomae__vit_large_16_224__mlp__layer_6,intphys2__same_l__videomae__vit_large_16_224__mlp__layer_6__seed_102,IntPhys2,intphys2,same_L,VideoMAE,ViT-L/16,MLP,mlp,6,6,102,artifact,complete,voe_accuracy,voe_accuracy,62.913907,63.741722,11.764706,53.431373,29.411765,54.901961,2000,2000,false,false,artifacts/probes/intphys2/seed_runs_layerwise_same_l_v1/intphys2__same_l__videomae__vit_large_16_224__mlp__layer_6/seed_102/train_eval_summary.json,artifacts/probes/intphys2/seed_runs_layerwise_same_l_v1/intphys2__same_l__videomae__vit_large_16_224__mlp__layer_6/seed_102/layer_6/eval,results/verified_layerwise_probe_configs.csv,102,,,,artifact metrics read from train_eval_summary.json
same_l_linear_mlp,results/seed_runs/layerwise_same_l_linear_mlp_seed_results_long.csv,intphys2__same_l__videomae__vit_large_16_224__mlp__layer_12,intphys2__same_l__videomae__vit_large_16_224__mlp__layer_12__seed_101,IntPhys2,intphys2,same_L,VideoMAE,ViT-L/16,MLP,mlp,12,12,101,artifact,complete,voe_accuracy,voe_accuracy,87.417219,88.741722,31.372549,58.823529,35.294118,56.862745,2000,2000,false,false,artifacts/probes/intphys2/seed_runs_layerwise_same_l_v1/intphys2__same_l__videomae__vit_large_16_224__mlp__layer_12/seed_101/train_eval_summary.json,artifacts/probes/intphys2/seed_runs_layerwise_same_l_v1/intphys2__same_l__videomae__vit_large_16_224__mlp__layer_12/seed_101/layer_12/eval,results/verified_layerwise_probe_configs.csv,103,,,,artifact metrics read from train_eval_summary.json
same_l_linear_mlp,results/seed_runs/layerwise_same_l_linear_mlp_seed_results_long.csv,intphys2__same_l__videomae__vit_large_16_224__mlp__layer_12,intphys2__same_l__videomae__vit_large_16_224__mlp__layer_12__seed_102,IntPhys2,intphys2,same_L,VideoMAE,ViT-L/16,MLP,mlp,12,12,102,artifact,complete,voe_accuracy,voe_accuracy,94.039735,88.576159,33.333333,60.294118,35.294118,59.803922,2000,2000,false,false,artifacts/probes/intphys2/seed_runs_layerwise_same_l_v1/intphys2__same_l__videomae__vit_large_16_224__mlp__layer_12/seed_102/train_eval_summary.json,artifacts/probes/intphys2/seed_runs_layerwise_same_l_v1/intphys2__same_l__videomae__vit_large_16_224__mlp__layer_12/seed_102/layer_12/eval,results/verified_layerwise_probe_configs.csv,103,,,,artifact metrics read from train_eval_summary.json
same_l_linear_mlp,results/seed_runs/layerwise_same_l_linear_mlp_seed_results_long.csv,intphys2__same_l__videomae__vit_large_16_224__mlp__layer_18,intphys2__same_l__videomae__vit_large_16_224__mlp__layer_18__seed_101,IntPhys2,intphys2,same_L,VideoMAE,ViT-L/16,MLP,mlp,18,18,101,artifact,complete,voe_accuracy,voe_accuracy,66.225166,79.635762,43.137255,61.27451,41.176471,57.843137,2000,2000,false,false,artifacts/probes/intphys2/seed_runs_layerwise_same_l_v1/intphys2__same_l__videomae__vit_large_16_224__mlp__layer_18/seed_101/train_eval_summary.json,artifacts/probes/intphys2/seed_runs_layerwise_same_l_v1/intphys2__same_l__videomae__vit_large_16_224__mlp__layer_18/seed_101/layer_18/eval,results/verified_layerwise_probe_configs.csv,104,,,,artifact metrics read from train_eval_summary.json
same_l_linear_mlp,results/seed_runs/layerwise_same_l_linear_mlp_seed_results_long.csv,intphys2__same_l__videomae__vit_large_16_224__mlp__layer_18,intphys2__same_l__videomae__vit_large_16_224__mlp__layer_18__seed_102,IntPhys2,intphys2,same_L,VideoMAE,ViT-L/16,MLP,mlp,18,18,102,artifact,complete,voe_accuracy,voe_accuracy,70.860927,80.960265,43.137255,61.27451,45.098039,57.843137,2000,2000,false,false,artifacts/probes/intphys2/seed_runs_layerwise_same_l_v1/intphys2__same_l__videomae__vit_large_16_224__mlp__layer_18/seed_102/train_eval_summary.json,artifacts/probes/intphys2/seed_runs_layerwise_same_l_v1/intphys2__same_l__videomae__vit_large_16_224__mlp__layer_18/seed_102/layer_18/eval,results/verified_layerwise_probe_configs.csv,104,,,,artifact metrics read from train_eval_summary.json
same_l_linear_mlp,results/seed_runs/layerwise_same_l_linear_mlp_seed_results_long.csv,intphys2__same_l__videomae__vit_large_16_224__mlp__layer_24,intphys2__same_l__videomae__vit_large_16_224__mlp__layer_24__seed_101,IntPhys2,intphys2,same_L,VideoMAE,ViT-L/16,MLP,mlp,24,24,101,artifact,complete,voe_accuracy,voe_accuracy,100,94.205298,31.372549,63.72549,43.137255,61.764706,2000,2000,false,false,artifacts/probes/intphys2/seed_runs_layerwise_same_l_v1/intphys2__same_l__videomae__vit_large_16_224__mlp__layer_24/seed_101/train_eval_summary.json,artifacts/probes/intphys2/seed_runs_layerwise_same_l_v1/intphys2__same_l__videomae__vit_large_16_224__mlp__layer_24/seed_101/layer_24/eval,results/verified_layerwise_probe_configs.csv,105,,,,artifact metrics read from train_eval_summary.json
same_l_linear_mlp,results/seed_runs/layerwise_same_l_linear_mlp_seed_results_long.csv,intphys2__same_l__videomae__vit_large_16_224__mlp__layer_24,intphys2__same_l__videomae__vit_large_16_224__mlp__layer_24__seed_102,IntPhys2,intphys2,same_L,VideoMAE,ViT-L/16,MLP,mlp,24,24,102,artifact,complete,voe_accuracy,voe_accuracy,94.701987,92.384106,35.294118,63.72549,37.254902,58.823529,2000,2000,false,false,artifacts/probes/intphys2/seed_runs_layerwise_same_l_v1/intphys2__same_l__videomae__vit_large_16_224__mlp__layer_24/seed_102/train_eval_summary.json,artifacts/probes/intphys2/seed_runs_layerwise_same_l_v1/intphys2__same_l__videomae__vit_large_16_224__mlp__layer_24/seed_102/layer_24/eval,results/verified_layerwise_probe_configs.csv,105,,,,artifact metrics read from train_eval_summary.json
same_l_linear_mlp,results/seed_runs/layerwise_same_l_linear_mlp_seed_results_long.csv,intphys2__same_l__videomae_v2__vit_large_16_224__linear__layer_6,intphys2__same_l__videomae_v2__vit_large_16_224__linear__layer_6__seed_101,IntPhys2,intphys2,same_L,VideoMAE-v2,ViT-L/16,Linear,linear,6,6,101,artifact,complete,voe_accuracy,voe_accuracy,16.556291,50.165563,13.72549,50.980392,15.686275,48.529412,50,50,false,false,artifacts/probes/intphys2/seed_runs_layerwise_same_l_v1/intphys2__same_l__videomae_v2__vit_large_16_224__linear__layer_6/seed_101/train_eval_summary.json,artifacts/probes/intphys2/seed_runs_layerwise_same_l_v1/intphys2__same_l__videomae_v2__vit_large_16_224__linear__layer_6/seed_101/layer_6/eval,results/verified_layerwise_probe_configs.csv,134,,,,artifact metrics read from train_eval_summary.json
same_l_linear_mlp,results/seed_runs/layerwise_same_l_linear_mlp_seed_results_long.csv,intphys2__same_l__videomae_v2__vit_large_16_224__linear__layer_6,intphys2__same_l__videomae_v2__vit_large_16_224__linear__layer_6__seed_102,IntPhys2,intphys2,same_L,VideoMAE-v2,ViT-L/16,Linear,linear,6,6,102,artifact,complete,voe_accuracy,voe_accuracy,11.92053,50.662252,7.843137,50.980392,17.647059,50,50,50,false,false,artifacts/probes/intphys2/seed_runs_layerwise_same_l_v1/intphys2__same_l__videomae_v2__vit_large_16_224__linear__layer_6/seed_102/train_eval_summary.json,artifacts/probes/intphys2/seed_runs_layerwise_same_l_v1/intphys2__same_l__videomae_v2__vit_large_16_224__linear__layer_6/seed_102/layer_6/eval,results/verified_layerwise_probe_configs.csv,134,,,,artifact metrics read from train_eval_summary.json
same_l_linear_mlp,results/seed_runs/layerwise_same_l_linear_mlp_seed_results_long.csv,intphys2__same_l__videomae_v2__vit_large_16_224__linear__layer_12,intphys2__same_l__videomae_v2__vit_large_16_224__linear__layer_12__seed_101,IntPhys2,intphys2,same_L,VideoMAE-v2,ViT-L/16,Linear,linear,12,12,101,artifact,complete,voe_accuracy,voe_accuracy,47.682119,57.615894,37.254902,57.843137,49.019608,52.941176,1000,1000,false,false,artifacts/probes/intphys2/seed_runs_layerwise_same_l_v1/intphys2__same_l__videomae_v2__vit_large_16_224__linear__layer_12/seed_101/train_eval_summary.json,artifacts/probes/intphys2/seed_runs_layerwise_same_l_v1/intphys2__same_l__videomae_v2__vit_large_16_224__linear__layer_12/seed_101/layer_12/eval,results/verified_layerwise_probe_configs.csv,135,,,,artifact metrics read from train_eval_summary.json
same_l_linear_mlp,results/seed_runs/layerwise_same_l_linear_mlp_seed_results_long.csv,intphys2__same_l__videomae_v2__vit_large_16_224__linear__layer_12,intphys2__same_l__videomae_v2__vit_large_16_224__linear__layer_12__seed_102,IntPhys2,intphys2,same_L,VideoMAE-v2,ViT-L/16,Linear,linear,12,12,102,artifact,complete,voe_accuracy,voe_accuracy,50.993377,55.298013,33.333333,58.333333,37.254902,51.960784,1000,1000,false,false,artifacts/probes/intphys2/seed_runs_layerwise_same_l_v1/intphys2__same_l__videomae_v2__vit_large_16_224__linear__layer_12/seed_102/train_eval_summary.json,artifacts/probes/intphys2/seed_runs_layerwise_same_l_v1/intphys2__same_l__videomae_v2__vit_large_16_224__linear__layer_12/seed_102/layer_12/eval,results/verified_layerwise_probe_configs.csv,135,,,,artifact metrics read from train_eval_summary.json
same_l_linear_mlp,results/seed_runs/layerwise_same_l_linear_mlp_seed_results_long.csv,intphys2__same_l__videomae_v2__vit_large_16_224__linear__layer_18,intphys2__same_l__videomae_v2__vit_large_16_224__linear__layer_18__seed_101,IntPhys2,intphys2,same_L,VideoMAE-v2,ViT-L/16,Linear,linear,18,18,101,artifact,complete,voe_accuracy,voe_accuracy,55.629139,53.642384,45.098039,59.803922,31.372549,53.431373,2000,2000,false,false,artifacts/probes/intphys2/seed_runs_layerwise_same_l_v1/intphys2__same_l__videomae_v2__vit_large_16_224__linear__layer_18/seed_101/train_eval_summary.json,artifacts/probes/intphys2/seed_runs_layerwise_same_l_v1/intphys2__same_l__videomae_v2__vit_large_16_224__linear__layer_18/seed_101/layer_18/eval,results/verified_layerwise_probe_configs.csv,136,,,,artifact metrics read from train_eval_summary.json
same_l_linear_mlp,results/seed_runs/layerwise_same_l_linear_mlp_seed_results_long.csv,intphys2__same_l__videomae_v2__vit_large_16_224__linear__layer_18,intphys2__same_l__videomae_v2__vit_large_16_224__linear__layer_18__seed_102,IntPhys2,intphys2,same_L,VideoMAE-v2,ViT-L/16,Linear,linear,18,18,102,artifact,complete,voe_accuracy,voe_accuracy,49.006623,62.913907,37.254902,60.294118,35.294118,58.823529,2000,2000,false,false,artifacts/probes/intphys2/seed_runs_layerwise_same_l_v1/intphys2__same_l__videomae_v2__vit_large_16_224__linear__layer_18/seed_102/train_eval_summary.json,artifacts/probes/intphys2/seed_runs_layerwise_same_l_v1/intphys2__same_l__videomae_v2__vit_large_16_224__linear__layer_18/seed_102/layer_18/eval,results/verified_layerwise_probe_configs.csv,136,,,,artifact metrics read from train_eval_summary.json
same_l_linear_mlp,results/seed_runs/layerwise_same_l_linear_mlp_seed_results_long.csv,intphys2__same_l__videomae_v2__vit_large_16_224__linear__layer_24,intphys2__same_l__videomae_v2__vit_large_16_224__linear__layer_24__seed_101,IntPhys2,intphys2,same_L,VideoMAE-v2,ViT-L/16,Linear,linear,24,24,101,artifact,complete,voe_accuracy,voe_accuracy,58.278146,74.503311,31.372549,60.294118,33.333333,56.862745,2000,2000,false,false,artifacts/probes/intphys2/seed_runs_layerwise_same_l_v1/intphys2__same_l__videomae_v2__vit_large_16_224__linear__layer_24/seed_101/train_eval_summary.json,artifacts/probes/intphys2/seed_runs_layerwise_same_l_v1/intphys2__same_l__videomae_v2__vit_large_16_224__linear__layer_24/seed_101/layer_24/eval,results/verified_layerwise_probe_configs.csv,137,,,,artifact metrics read from train_eval_summary.json
same_l_linear_mlp,results/seed_runs/layerwise_same_l_linear_mlp_seed_results_long.csv,intphys2__same_l__videomae_v2__vit_large_16_224__linear__layer_24,intphys2__same_l__videomae_v2__vit_large_16_224__linear__layer_24__seed_102,IntPhys2,intphys2,same_L,VideoMAE-v2,ViT-L/16,Linear,linear,24,24,102,artifact,complete,voe_accuracy,voe_accuracy,72.847682,86.092715,35.294118,60.294118,23.529412,54.901961,2000,2000,false,false,artifacts/probes/intphys2/seed_runs_layerwise_same_l_v1/intphys2__same_l__videomae_v2__vit_large_16_224__linear__layer_24/seed_102/train_eval_summary.json,artifacts/probes/intphys2/seed_runs_layerwise_same_l_v1/intphys2__same_l__videomae_v2__vit_large_16_224__linear__layer_24/seed_102/layer_24/eval,results/verified_layerwise_probe_configs.csv,137,,,,artifact metrics read from train_eval_summary.json
same_l_linear_mlp,results/seed_runs/layerwise_same_l_linear_mlp_seed_results_long.csv,intphys2__same_l__videomae_v2__vit_large_16_224__mlp__layer_6,intphys2__same_l__videomae_v2__vit_large_16_224__mlp__layer_6__seed_101,IntPhys2,intphys2,same_L,VideoMAE-v2,ViT-L/16,MLP,mlp,6,6,101,artifact,complete,voe_accuracy,voe_accuracy,19.205298,50.827815,5.882353,51.960784,27.45098,51.470588,1000,1000,false,false,artifacts/probes/intphys2/seed_runs_layerwise_same_l_v1/intphys2__same_l__videomae_v2__vit_large_16_224__mlp__layer_6/seed_101/train_eval_summary.json,artifacts/probes/intphys2/seed_runs_layerwise_same_l_v1/intphys2__same_l__videomae_v2__vit_large_16_224__mlp__layer_6/seed_101/layer_6/eval,results/verified_layerwise_probe_configs.csv,138,,,,artifact metrics read from train_eval_summary.json
same_l_linear_mlp,results/seed_runs/layerwise_same_l_linear_mlp_seed_results_long.csv,intphys2__same_l__videomae_v2__vit_large_16_224__mlp__layer_6,intphys2__same_l__videomae_v2__vit_large_16_224__mlp__layer_6__seed_102,IntPhys2,intphys2,same_L,VideoMAE-v2,ViT-L/16,MLP,mlp,6,6,102,artifact,complete,voe_accuracy,voe_accuracy,13.907285,50.331126,7.843137,52.45098,19.607843,50,1000,1000,false,false,artifacts/probes/intphys2/seed_runs_layerwise_same_l_v1/intphys2__same_l__videomae_v2__vit_large_16_224__mlp__layer_6/seed_102/train_eval_summary.json,artifacts/probes/intphys2/seed_runs_layerwise_same_l_v1/intphys2__same_l__videomae_v2__vit_large_16_224__mlp__layer_6/seed_102/layer_6/eval,results/verified_layerwise_probe_configs.csv,138,,,,artifact metrics read from train_eval_summary.json
same_l_linear_mlp,results/seed_runs/layerwise_same_l_linear_mlp_seed_results_long.csv,intphys2__same_l__videomae_v2__vit_large_16_224__mlp__layer_12,intphys2__same_l__videomae_v2__vit_large_16_224__mlp__layer_12__seed_101,IntPhys2,intphys2,same_L,VideoMAE-v2,ViT-L/16,MLP,mlp,12,12,101,artifact,complete,voe_accuracy,voe_accuracy,88.07947,89.403974,41.176471,61.27451,50.980392,61.27451,2000,2000,false,false,artifacts/probes/intphys2/seed_runs_layerwise_same_l_v1/intphys2__same_l__videomae_v2__vit_large_16_224__mlp__layer_12/seed_101/train_eval_summary.json,artifacts/probes/intphys2/seed_runs_layerwise_same_l_v1/intphys2__same_l__videomae_v2__vit_large_16_224__mlp__layer_12/seed_101/layer_12/eval,results/verified_layerwise_probe_configs.csv,139,,,,artifact metrics read from train_eval_summary.json
same_l_linear_mlp,results/seed_runs/layerwise_same_l_linear_mlp_seed_results_long.csv,intphys2__same_l__videomae_v2__vit_large_16_224__mlp__layer_12,intphys2__same_l__videomae_v2__vit_large_16_224__mlp__layer_12__seed_102,IntPhys2,intphys2,same_L,VideoMAE-v2,ViT-L/16,MLP,mlp,12,12,102,artifact,complete,voe_accuracy,voe_accuracy,90.066225,91.390728,37.254902,59.803922,52.941176,61.764706,2000,2000,false,false,artifacts/probes/intphys2/seed_runs_layerwise_same_l_v1/intphys2__same_l__videomae_v2__vit_large_16_224__mlp__layer_12/seed_102/train_eval_summary.json,artifacts/probes/intphys2/seed_runs_layerwise_same_l_v1/intphys2__same_l__videomae_v2__vit_large_16_224__mlp__layer_12/seed_102/layer_12/eval,results/verified_layerwise_probe_configs.csv,139,,,,artifact metrics read from train_eval_summary.json
same_l_linear_mlp,results/seed_runs/layerwise_same_l_linear_mlp_seed_results_long.csv,intphys2__same_l__videomae_v2__vit_large_16_224__mlp__layer_18,intphys2__same_l__videomae_v2__vit_large_16_224__mlp__layer_18__seed_101,IntPhys2,intphys2,same_L,VideoMAE-v2,ViT-L/16,MLP,mlp,18,18,101,artifact,complete,voe_accuracy,voe_accuracy,96.688742,96.02649,47.058824,63.235294,37.254902,60.294118,2000,2000,false,false,artifacts/probes/intphys2/seed_runs_layerwise_same_l_v1/intphys2__same_l__videomae_v2__vit_large_16_224__mlp__layer_18/seed_101/train_eval_summary.json,artifacts/probes/intphys2/seed_runs_layerwise_same_l_v1/intphys2__same_l__videomae_v2__vit_large_16_224__mlp__layer_18/seed_101/layer_18/eval,results/verified_layerwise_probe_configs.csv,140,,,,artifact metrics read from train_eval_summary.json
same_l_linear_mlp,results/seed_runs/layerwise_same_l_linear_mlp_seed_results_long.csv,intphys2__same_l__videomae_v2__vit_large_16_224__mlp__layer_18,intphys2__same_l__videomae_v2__vit_large_16_224__mlp__layer_18__seed_102,IntPhys2,intphys2,same_L,VideoMAE-v2,ViT-L/16,MLP,mlp,18,18,102,artifact,complete,voe_accuracy,voe_accuracy,99.337748,97.847682,50.980392,62.254902,35.294118,60.294118,2000,2000,false,false,artifacts/probes/intphys2/seed_runs_layerwise_same_l_v1/intphys2__same_l__videomae_v2__vit_large_16_224__mlp__layer_18/seed_102/train_eval_summary.json,artifacts/probes/intphys2/seed_runs_layerwise_same_l_v1/intphys2__same_l__videomae_v2__vit_large_16_224__mlp__layer_18/seed_102/layer_18/eval,results/verified_layerwise_probe_configs.csv,140,,,,artifact metrics read from train_eval_summary.json
same_l_linear_mlp,results/seed_runs/layerwise_same_l_linear_mlp_seed_results_long.csv,intphys2__same_l__videomae_v2__vit_large_16_224__mlp__layer_24,intphys2__same_l__videomae_v2__vit_large_16_224__mlp__layer_24__seed_101,IntPhys2,intphys2,same_L,VideoMAE-v2,ViT-L/16,MLP,mlp,24,24,101,artifact,complete,voe_accuracy,voe_accuracy,60.927152,71.357616,31.372549,58.333333,33.333333,56.372549,50,50,false,false,artifacts/probes/intphys2/seed_runs_layerwise_same_l_v1/intphys2__same_l__videomae_v2__vit_large_16_224__mlp__layer_24/seed_101/train_eval_summary.json,artifacts/probes/intphys2/seed_runs_layerwise_same_l_v1/intphys2__same_l__videomae_v2__vit_large_16_224__mlp__layer_24/seed_101/layer_24/eval,results/verified_layerwise_probe_configs.csv,141,,,,artifact metrics read from train_eval_summary.json
same_l_linear_mlp,results/seed_runs/layerwise_same_l_linear_mlp_seed_results_long.csv,intphys2__same_l__videomae_v2__vit_large_16_224__mlp__layer_24,intphys2__same_l__videomae_v2__vit_large_16_224__mlp__layer_24__seed_102,IntPhys2,intphys2,same_L,VideoMAE-v2,ViT-L/16,MLP,mlp,24,24,102,artifact,complete,voe_accuracy,voe_accuracy,76.15894,76.986755,29.411765,58.823529,33.333333,55.392157,50,50,false,false,artifacts/probes/intphys2/seed_runs_layerwise_same_l_v1/intphys2__same_l__videomae_v2__vit_large_16_224__mlp__layer_24/seed_102/train_eval_summary.json,artifacts/probes/intphys2/seed_runs_layerwise_same_l_v1/intphys2__same_l__videomae_v2__vit_large_16_224__mlp__layer_24/seed_102/layer_24/eval,results/verified_layerwise_probe_configs.csv,141,,,,artifact metrics read from train_eval_summary.json
same_l_linear_mlp,results/seed_runs/layerwise_same_l_linear_mlp_seed_results_long.csv,mvp__same_l__jepa_v1__vitl16_224__linear__layer_6,mvp__same_l__jepa_v1__vitl16_224__linear__layer_6__seed_101,MVP,mvp,same_L,V-JEPA,ViT-L/16,Linear,linear,6,6,101,artifact,complete,pair_consistency,pair_consistency,48.903879,71.568297,40.950455,66.127401,40.444894,65.166835,2000,2000,false,false,artifacts/probes/mvp/seed_runs_layerwise_same_l_v1/mvp__same_l__jepa_v1__vitl16_224__linear__layer_6/seed_101/train_eval_summary.json,artifacts/probes/mvp/seed_runs_layerwise_same_l_v1/mvp__same_l__jepa_v1__vitl16_224__linear__layer_6/seed_101/layer_6/eval,results/verified_layerwise_probe_configs.csv,326,,,,artifact metrics read from train_eval_summary.json
same_l_linear_mlp,results/seed_runs/layerwise_same_l_linear_mlp_seed_results_long.csv,mvp__same_l__jepa_v1__vitl16_224__linear__layer_6,mvp__same_l__jepa_v1__vitl16_224__linear__layer_6__seed_102,MVP,mvp,same_L,V-JEPA,ViT-L/16,Linear,linear,6,6,102,artifact,complete,pair_consistency,pair_consistency,48.701518,71.045531,41.456016,66.127401,40.444894,65.267947,2000,2000,false,false,artifacts/probes/mvp/seed_runs_layerwise_same_l_v1/mvp__same_l__jepa_v1__vitl16_224__linear__layer_6/seed_102/train_eval_summary.json,artifacts/probes/mvp/seed_runs_layerwise_same_l_v1/mvp__same_l__jepa_v1__vitl16_224__linear__layer_6/seed_102/layer_6/eval,results/verified_layerwise_probe_configs.csv,326,,,,artifact metrics read from train_eval_summary.json
same_l_linear_mlp,results/seed_runs/layerwise_same_l_linear_mlp_seed_results_long.csv,mvp__same_l__jepa_v1__vitl16_224__linear__layer_12,mvp__same_l__jepa_v1__vitl16_224__linear__layer_12__seed_101,MVP,mvp,same_L,V-JEPA,ViT-L/16,Linear,linear,12,12,101,artifact,complete,pair_consistency,pair_consistency,46.677909,70.370995,42.366026,66.784631,41.152679,66.026289,2000,2000,false,false,artifacts/probes/mvp/seed_runs_layerwise_same_l_v1/mvp__same_l__jepa_v1__vitl16_224__linear__layer_12/seed_101/train_eval_summary.json,artifacts/probes/mvp/seed_runs_layerwise_same_l_v1/mvp__same_l__jepa_v1__vitl16_224__linear__layer_12/seed_101/layer_12/eval,results/verified_layerwise_probe_configs.csv,327,,,,artifact metrics read from train_eval_summary.json
same_l_linear_mlp,results/seed_runs/layerwise_same_l_linear_mlp_seed_results_long.csv,mvp__same_l__jepa_v1__vitl16_224__linear__layer_12,mvp__same_l__jepa_v1__vitl16_224__linear__layer_12__seed_102,MVP,mvp,same_L,V-JEPA,ViT-L/16,Linear,linear,12,12,102,artifact,complete,pair_consistency,pair_consistency,47.824621,70.607083,41.658241,66.784631,42.770475,66.632963,2000,2000,false,false,artifacts/probes/mvp/seed_runs_layerwise_same_l_v1/mvp__same_l__jepa_v1__vitl16_224__linear__layer_12/seed_102/train_eval_summary.json,artifacts/probes/mvp/seed_runs_layerwise_same_l_v1/mvp__same_l__jepa_v1__vitl16_224__linear__layer_12/seed_102/layer_12/eval,results/verified_layerwise_probe_configs.csv,327,,,,artifact metrics read from train_eval_summary.json
same_l_linear_mlp,results/seed_runs/layerwise_same_l_linear_mlp_seed_results_long.csv,mvp__same_l__jepa_v1__vitl16_224__linear__layer_18,mvp__same_l__jepa_v1__vitl16_224__linear__layer_18__seed_101,MVP,mvp,same_L,V-JEPA,ViT-L/16,Linear,linear,18,18,101,artifact,complete,pair_consistency,pair_consistency,60.303541,77.639123,49.140546,69.969666,46.511628,68.604651,2000,2000,false,false,artifacts/probes/mvp/seed_runs_layerwise_same_l_v1/mvp__same_l__jepa_v1__vitl16_224__linear__layer_18/seed_101/train_eval_summary.json,artifacts/probes/mvp/seed_runs_layerwise_same_l_v1/mvp__same_l__jepa_v1__vitl16_224__linear__layer_18/seed_101/layer_18/eval,results/verified_layerwise_probe_configs.csv,328,,,,artifact metrics read from train_eval_summary.json
same_l_linear_mlp,results/seed_runs/layerwise_same_l_linear_mlp_seed_results_long.csv,mvp__same_l__jepa_v1__vitl16_224__linear__layer_18,mvp__same_l__jepa_v1__vitl16_224__linear__layer_18__seed_102,MVP,mvp,same_L,V-JEPA,ViT-L/16,Linear,linear,18,18,102,artifact,complete,pair_consistency,pair_consistency,58.954469,76.779089,49.848332,70.020222,47.219414,69.312437,2000,2000,false,false,artifacts/probes/mvp/seed_runs_layerwise_same_l_v1/mvp__same_l__jepa_v1__vitl16_224__linear__layer_18/seed_102/train_eval_summary.json,artifacts/probes/mvp/seed_runs_layerwise_same_l_v1/mvp__same_l__jepa_v1__vitl16_224__linear__layer_18/seed_102/layer_18/eval,results/verified_layerwise_probe_configs.csv,328,,,,artifact metrics read from train_eval_summary.json
same_l_linear_mlp,results/seed_runs/layerwise_same_l_linear_mlp_seed_results_long.csv,mvp__same_l__jepa_v1__vitl16_224__linear__layer_24,mvp__same_l__jepa_v1__vitl16_224__linear__layer_24__seed_101,MVP,mvp,same_L,V-JEPA,ViT-L/16,Linear,linear,24,24,101,artifact,complete,pair_consistency,pair_consistency,49.510961,72.22597,45.197169,69.362993,41.759353,67.644085,2000,2000,false,false,artifacts/probes/mvp/seed_runs_layerwise_same_l_v1/mvp__same_l__jepa_v1__vitl16_224__linear__layer_24/seed_101/train_eval_summary.json,artifacts/probes/mvp/seed_runs_layerwise_same_l_v1/mvp__same_l__jepa_v1__vitl16_224__linear__layer_24/seed_101/layer_24/eval,results/verified_layerwise_probe_configs.csv,329,,,,artifact metrics read from train_eval_summary.json
same_l_linear_mlp,results/seed_runs/layerwise_same_l_linear_mlp_seed_results_long.csv,mvp__same_l__jepa_v1__vitl16_224__linear__layer_24,mvp__same_l__jepa_v1__vitl16_224__linear__layer_24__seed_102,MVP,mvp,same_L,V-JEPA,ViT-L/16,Linear,linear,24,24,102,artifact,complete,pair_consistency,pair_consistency,49.072513,71.854975,45.096057,69.413549,41.658241,67.492417,2000,2000,false,false,artifacts/probes/mvp/seed_runs_layerwise_same_l_v1/mvp__same_l__jepa_v1__vitl16_224__linear__layer_24/seed_102/train_eval_summary.json,artifacts/probes/mvp/seed_runs_layerwise_same_l_v1/mvp__same_l__jepa_v1__vitl16_224__linear__layer_24/seed_102/layer_24/eval,results/verified_layerwise_probe_configs.csv,329,,,,artifact metrics read from train_eval_summary.json
same_l_linear_mlp,results/seed_runs/layerwise_same_l_linear_mlp_seed_results_long.csv,mvp__same_l__jepa_v1__vitl16_224__mlp__layer_6,mvp__same_l__jepa_v1__vitl16_224__mlp__layer_6__seed_101,MVP,mvp,same_L,V-JEPA,ViT-L/16,MLP,mlp,6,6,101,artifact,complete,pair_consistency,pair_consistency,94.569983,97.251265,62.89181,79.726997,60.262892,77.856421,2000,2000,false,false,artifacts/probes/mvp/seed_runs_layerwise_same_l_v1/mvp__same_l__jepa_v1__vitl16_224__mlp__layer_6/seed_101/train_eval_summary.json,artifacts/probes/mvp/seed_runs_layerwise_same_l_v1/mvp__same_l__jepa_v1__vitl16_224__mlp__layer_6/seed_101/layer_6/eval,results/verified_layerwise_probe_configs.csv,330,,,,artifact metrics read from train_eval_summary.json
same_l_linear_mlp,results/seed_runs/layerwise_same_l_linear_mlp_seed_results_long.csv,mvp__same_l__jepa_v1__vitl16_224__mlp__layer_6,mvp__same_l__jepa_v1__vitl16_224__mlp__layer_6__seed_102,MVP,mvp,same_L,V-JEPA,ViT-L/16,MLP,mlp,6,6,102,artifact,complete,pair_consistency,pair_consistency,95.885329,97.925801,62.790698,79.271992,61.274014,78.311426,2000,2000,false,false,artifacts/probes/mvp/seed_runs_layerwise_same_l_v1/mvp__same_l__jepa_v1__vitl16_224__mlp__layer_6/seed_102/train_eval_summary.json,artifacts/probes/mvp/seed_runs_layerwise_same_l_v1/mvp__same_l__jepa_v1__vitl16_224__mlp__layer_6/seed_102/layer_6/eval,results/verified_layerwise_probe_configs.csv,330,,,,artifact metrics read from train_eval_summary.json
same_l_linear_mlp,results/seed_runs/layerwise_same_l_linear_mlp_seed_results_long.csv,mvp__same_l__jepa_v1__vitl16_224__mlp__layer_12,mvp__same_l__jepa_v1__vitl16_224__mlp__layer_12__seed_101,MVP,mvp,same_L,V-JEPA,ViT-L/16,MLP,mlp,12,12,101,artifact,complete,pair_consistency,pair_consistency,99.494098,99.747049,70.070779,83.822042,67.846309,81.799798,2000,2000,false,false,artifacts/probes/mvp/seed_runs_layerwise_same_l_v1/mvp__same_l__jepa_v1__vitl16_224__mlp__layer_12/seed_101/train_eval_summary.json,artifacts/probes/mvp/seed_runs_layerwise_same_l_v1/mvp__same_l__jepa_v1__vitl16_224__mlp__layer_12/seed_101/layer_12/eval,results/verified_layerwise_probe_configs.csv,331,,,,artifact metrics read from train_eval_summary.json
same_l_linear_mlp,results/seed_runs/layerwise_same_l_linear_mlp_seed_results_long.csv,mvp__same_l__jepa_v1__vitl16_224__mlp__layer_12,mvp__same_l__jepa_v1__vitl16_224__mlp__layer_12__seed_102,MVP,mvp,same_L,V-JEPA,ViT-L/16,MLP,mlp,12,12,102,artifact,complete,pair_consistency,pair_consistency,97.942664,98.971332,70.677452,83.670374,65.722952,80.788675,2000,2000,false,false,artifacts/probes/mvp/seed_runs_layerwise_same_l_v1/mvp__same_l__jepa_v1__vitl16_224__mlp__layer_12/seed_102/train_eval_summary.json,artifacts/probes/mvp/seed_runs_layerwise_same_l_v1/mvp__same_l__jepa_v1__vitl16_224__mlp__layer_12/seed_102/layer_12/eval,results/verified_layerwise_probe_configs.csv,331,,,,artifact metrics read from train_eval_summary.json
same_l_linear_mlp,results/seed_runs/layerwise_same_l_linear_mlp_seed_results_long.csv,mvp__same_l__jepa_v1__vitl16_224__mlp__layer_18,mvp__same_l__jepa_v1__vitl16_224__mlp__layer_18__seed_101,MVP,mvp,same_L,V-JEPA,ViT-L/16,MLP,mlp,18,18,101,artifact,complete,pair_consistency,pair_consistency,99.966273,99.983137,84.327604,91.658241,83.013145,90.950455,2000,2000,false,false,artifacts/probes/mvp/seed_runs_layerwise_same_l_v1/mvp__same_l__jepa_v1__vitl16_224__mlp__layer_18/seed_101/train_eval_summary.json,artifacts/probes/mvp/seed_runs_layerwise_same_l_v1/mvp__same_l__jepa_v1__vitl16_224__mlp__layer_18/seed_101/layer_18/eval,results/verified_layerwise_probe_configs.csv,332,,,,artifact metrics read from train_eval_summary.json
same_l_linear_mlp,results/seed_runs/layerwise_same_l_linear_mlp_seed_results_long.csv,mvp__same_l__jepa_v1__vitl16_224__mlp__layer_18,mvp__same_l__jepa_v1__vitl16_224__mlp__layer_18__seed_102,MVP,mvp,same_L,V-JEPA,ViT-L/16,MLP,mlp,18,18,102,artifact,complete,pair_consistency,pair_consistency,99.662732,99.831366,84.226491,91.658241,82.81092,90.849343,2000,2000,false,false,artifacts/probes/mvp/seed_runs_layerwise_same_l_v1/mvp__same_l__jepa_v1__vitl16_224__mlp__layer_18/seed_102/train_eval_summary.json,artifacts/probes/mvp/seed_runs_layerwise_same_l_v1/mvp__same_l__jepa_v1__vitl16_224__mlp__layer_18/seed_102/layer_18/eval,results/verified_layerwise_probe_configs.csv,332,,,,artifact metrics read from train_eval_summary.json
same_l_linear_mlp,results/seed_runs/layerwise_same_l_linear_mlp_seed_results_long.csv,mvp__same_l__jepa_v1__vitl16_224__mlp__layer_24,mvp__same_l__jepa_v1__vitl16_224__mlp__layer_24__seed_101,MVP,mvp,same_L,V-JEPA,ViT-L/16,MLP,mlp,24,24,101,artifact,complete,pair_consistency,pair_consistency,99.629005,99.814503,81.193124,89.888777,78.867543,88.624874,2000,2000,false,false,artifacts/probes/mvp/seed_runs_layerwise_same_l_v1/mvp__same_l__jepa_v1__vitl16_224__mlp__layer_24/seed_101/train_eval_summary.json,artifacts/probes/mvp/seed_runs_layerwise_same_l_v1/mvp__same_l__jepa_v1__vitl16_224__mlp__layer_24/seed_101/layer_24/eval,results/verified_layerwise_probe_configs.csv,333,,,,artifact metrics read from train_eval_summary.json
same_l_linear_mlp,results/seed_runs/layerwise_same_l_linear_mlp_seed_results_long.csv,mvp__same_l__jepa_v1__vitl16_224__mlp__layer_24,mvp__same_l__jepa_v1__vitl16_224__mlp__layer_24__seed_102,MVP,mvp,same_L,V-JEPA,ViT-L/16,MLP,mlp,24,24,102,artifact,complete,pair_consistency,pair_consistency,99.595278,99.797639,80.788675,89.83822,76.946411,87.360971,2000,2000,false,false,artifacts/probes/mvp/seed_runs_layerwise_same_l_v1/mvp__same_l__jepa_v1__vitl16_224__mlp__layer_24/seed_102/train_eval_summary.json,artifacts/probes/mvp/seed_runs_layerwise_same_l_v1/mvp__same_l__jepa_v1__vitl16_224__mlp__layer_24/seed_102/layer_24/eval,results/verified_layerwise_probe_configs.csv,333,,,,artifact metrics read from train_eval_summary.json
same_l_linear_mlp,results/seed_runs/layerwise_same_l_linear_mlp_seed_results_long.csv,mvp__same_l__jepa_v2__vitl_256__linear__layer_6,mvp__same_l__jepa_v2__vitl_256__linear__layer_6__seed_101,MVP,mvp,same_L,V-JEPA 2,ViT-L/16,Linear,linear,6,6,101,artifact,complete,pair_consistency,pair_consistency,40.84317,66.846543,35.28817,63.094034,32.760364,61.627907,2000,2000,false,false,artifacts/probes/mvp/seed_runs_layerwise_same_l_v1/mvp__same_l__jepa_v2__vitl_256__linear__layer_6/seed_101/train_eval_summary.json,artifacts/probes/mvp/seed_runs_layerwise_same_l_v1/mvp__same_l__jepa_v2__vitl_256__linear__layer_6/seed_101/layer_6/eval,results/verified_layerwise_probe_configs.csv,350,,,,artifact metrics read from train_eval_summary.json
same_l_linear_mlp,results/seed_runs/layerwise_same_l_linear_mlp_seed_results_long.csv,mvp__same_l__jepa_v2__vitl_256__linear__layer_6,mvp__same_l__jepa_v2__vitl_256__linear__layer_6__seed_102,MVP,mvp,same_L,V-JEPA 2,ViT-L/16,Linear,linear,6,6,102,artifact,complete,pair_consistency,pair_consistency,41.146712,67.537943,35.389282,63.447927,33.265925,61.9818,2000,2000,false,false,artifacts/probes/mvp/seed_runs_layerwise_same_l_v1/mvp__same_l__jepa_v2__vitl_256__linear__layer_6/seed_102/train_eval_summary.json,artifacts/probes/mvp/seed_runs_layerwise_same_l_v1/mvp__same_l__jepa_v2__vitl_256__linear__layer_6/seed_102/layer_6/eval,results/verified_layerwise_probe_configs.csv,350,,,,artifact metrics read from train_eval_summary.json
same_l_linear_mlp,results/seed_runs/layerwise_same_l_linear_mlp_seed_results_long.csv,mvp__same_l__jepa_v2__vitl_256__linear__layer_12,mvp__same_l__jepa_v2__vitl_256__linear__layer_12__seed_101,MVP,mvp,same_L,V-JEPA 2,ViT-L/16,Linear,linear,12,12,101,artifact,complete,pair_consistency,pair_consistency,54.266442,73.709949,43.478261,67.087968,43.073812,66.986855,2000,2000,false,false,artifacts/probes/mvp/seed_runs_layerwise_same_l_v1/mvp__same_l__jepa_v2__vitl_256__linear__layer_12/seed_101/train_eval_summary.json,artifacts/probes/mvp/seed_runs_layerwise_same_l_v1/mvp__same_l__jepa_v2__vitl_256__linear__layer_12/seed_101/layer_12/eval,results/verified_layerwise_probe_configs.csv,351,,,,artifact metrics read from train_eval_summary.json
same_l_linear_mlp,results/seed_runs/layerwise_same_l_linear_mlp_seed_results_long.csv,mvp__same_l__jepa_v2__vitl_256__linear__layer_12,mvp__same_l__jepa_v2__vitl_256__linear__layer_12__seed_102,MVP,mvp,same_L,V-JEPA 2,ViT-L/16,Linear,linear,12,12,102,artifact,complete,pair_consistency,pair_consistency,53.558179,73.237774,43.680485,67.087968,43.781598,67.087968,2000,2000,false,false,artifacts/probes/mvp/seed_runs_layerwise_same_l_v1/mvp__same_l__jepa_v2__vitl_256__linear__layer_12/seed_102/train_eval_summary.json,artifacts/probes/mvp/seed_runs_layerwise_same_l_v1/mvp__same_l__jepa_v2__vitl_256__linear__layer_12/seed_102/layer_12/eval,results/verified_layerwise_probe_configs.csv,351,,,,artifact metrics read from train_eval_summary.json
same_l_linear_mlp,results/seed_runs/layerwise_same_l_linear_mlp_seed_results_long.csv,mvp__same_l__jepa_v2__vitl_256__linear__layer_18,mvp__same_l__jepa_v2__vitl_256__linear__layer_18__seed_101,MVP,mvp,same_L,V-JEPA 2,ViT-L/16,Linear,linear,18,18,101,artifact,complete,pair_consistency,pair_consistency,59.730185,76.711636,51.162791,71.435794,49.140546,69.767442,2000,2000,false,false,artifacts/probes/mvp/seed_runs_layerwise_same_l_v1/mvp__same_l__jepa_v2__vitl_256__linear__layer_18/seed_101/train_eval_summary.json,artifacts/probes/mvp/seed_runs_layerwise_same_l_v1/mvp__same_l__jepa_v2__vitl_256__linear__layer_18/seed_101/layer_18/eval,results/verified_layerwise_probe_configs.csv,352,,,,artifact metrics read from train_eval_summary.json
same_l_linear_mlp,results/seed_runs/layerwise_same_l_linear_mlp_seed_results_long.csv,mvp__same_l__jepa_v2__vitl_256__linear__layer_18,mvp__same_l__jepa_v2__vitl_256__linear__layer_18__seed_102,MVP,mvp,same_L,V-JEPA 2,ViT-L/16,Linear,linear,18,18,102,artifact,complete,pair_consistency,pair_consistency,58.212479,75.801012,51.466127,71.840243,48.837209,69.66633,2000,2000,false,false,artifacts/probes/mvp/seed_runs_layerwise_same_l_v1/mvp__same_l__jepa_v2__vitl_256__linear__layer_18/seed_102/train_eval_summary.json,artifacts/probes/mvp/seed_runs_layerwise_same_l_v1/mvp__same_l__jepa_v2__vitl_256__linear__layer_18/seed_102/layer_18/eval,results/verified_layerwise_probe_configs.csv,352,,,,artifact metrics read from train_eval_summary.json
same_l_linear_mlp,results/seed_runs/layerwise_same_l_linear_mlp_seed_results_long.csv,mvp__same_l__jepa_v2__vitl_256__linear__layer_24,mvp__same_l__jepa_v2__vitl_256__linear__layer_24__seed_101,MVP,mvp,same_L,V-JEPA 2,ViT-L/16,Linear,linear,24,24,101,artifact,complete,pair_consistency,pair_consistency,60.202361,77.251265,54.903943,73.407482,52.275025,72.548028,2000,2000,false,false,artifacts/probes/mvp/seed_runs_layerwise_same_l_v1/mvp__same_l__jepa_v2__vitl_256__linear__layer_24/seed_101/train_eval_summary.json,artifacts/probes/mvp/seed_runs_layerwise_same_l_v1/mvp__same_l__jepa_v2__vitl_256__linear__layer_24/seed_101/layer_24/eval,results/verified_layerwise_probe_configs.csv,353,,,,artifact metrics read from train_eval_summary.json
same_l_linear_mlp,results/seed_runs/layerwise_same_l_linear_mlp_seed_results_long.csv,mvp__same_l__jepa_v2__vitl_256__linear__layer_24,mvp__same_l__jepa_v2__vitl_256__linear__layer_24__seed_102,MVP,mvp,same_L,V-JEPA 2,ViT-L/16,Linear,linear,24,24,102,artifact,complete,pair_consistency,pair_consistency,60.708263,77.386172,54.600607,73.407482,53.083923,72.39636,2000,2000,false,false,artifacts/probes/mvp/seed_runs_layerwise_same_l_v1/mvp__same_l__jepa_v2__vitl_256__linear__layer_24/seed_102/train_eval_summary.json,artifacts/probes/mvp/seed_runs_layerwise_same_l_v1/mvp__same_l__jepa_v2__vitl_256__linear__layer_24/seed_102/layer_24/eval,results/verified_layerwise_probe_configs.csv,353,,,,artifact metrics read from train_eval_summary.json
same_l_linear_mlp,results/seed_runs/layerwise_same_l_linear_mlp_seed_results_long.csv,mvp__same_l__jepa_v2__vitl_256__mlp__layer_6,mvp__same_l__jepa_v2__vitl_256__mlp__layer_6__seed_101,MVP,mvp,same_L,V-JEPA 2,ViT-L/16,MLP,mlp,6,6,101,artifact,complete,pair_consistency,pair_consistency,97.065767,98.532884,58.139535,75.985844,56.723964,74.974722,2000,2000,false,false,artifacts/probes/mvp/seed_runs_layerwise_same_l_v1/mvp__same_l__jepa_v2__vitl_256__mlp__layer_6/seed_101/train_eval_summary.json,artifacts/probes/mvp/seed_runs_layerwise_same_l_v1/mvp__same_l__jepa_v2__vitl_256__mlp__layer_6/seed_101/layer_6/eval,results/verified_layerwise_probe_configs.csv,354,,,,artifact metrics read from train_eval_summary.json
same_l_linear_mlp,results/seed_runs/layerwise_same_l_linear_mlp_seed_results_long.csv,mvp__same_l__jepa_v2__vitl_256__mlp__layer_6,mvp__same_l__jepa_v2__vitl_256__mlp__layer_6__seed_102,MVP,mvp,same_L,V-JEPA 2,ViT-L/16,MLP,mlp,6,6,102,artifact,complete,pair_consistency,pair_consistency,92.715008,96.340641,58.240647,76.188069,54.398382,73.913043,2000,2000,false,false,artifacts/probes/mvp/seed_runs_layerwise_same_l_v1/mvp__same_l__jepa_v2__vitl_256__mlp__layer_6/seed_102/train_eval_summary.json,artifacts/probes/mvp/seed_runs_layerwise_same_l_v1/mvp__same_l__jepa_v2__vitl_256__mlp__layer_6/seed_102/layer_6/eval,results/verified_layerwise_probe_configs.csv,354,,,,artifact metrics read from train_eval_summary.json
same_l_linear_mlp,results/seed_runs/layerwise_same_l_linear_mlp_seed_results_long.csv,mvp__same_l__jepa_v2__vitl_256__mlp__layer_12,mvp__same_l__jepa_v2__vitl_256__mlp__layer_12__seed_101,MVP,mvp,same_L,V-JEPA 2,ViT-L/16,MLP,mlp,12,12,101,artifact,complete,pair_consistency,pair_consistency,99.763912,99.881956,68.655207,82.709808,67.239636,81.041456,2000,2000,false,false,artifacts/probes/mvp/seed_runs_layerwise_same_l_v1/mvp__same_l__jepa_v2__vitl_256__mlp__layer_12/seed_101/train_eval_summary.json,artifacts/probes/mvp/seed_runs_layerwise_same_l_v1/mvp__same_l__jepa_v2__vitl_256__mlp__layer_12/seed_101/layer_12/eval,results/verified_layerwise_probe_configs.csv,355,,,,artifact metrics read from train_eval_summary.json
same_l_linear_mlp,results/seed_runs/layerwise_same_l_linear_mlp_seed_results_long.csv,mvp__same_l__jepa_v2__vitl_256__mlp__layer_12,mvp__same_l__jepa_v2__vitl_256__mlp__layer_12__seed_102,MVP,mvp,same_L,V-JEPA 2,ViT-L/16,MLP,mlp,12,12,102,artifact,complete,pair_consistency,pair_consistency,99.359191,99.679595,70.273003,83.518706,64.509606,80.434783,2000,2000,false,false,artifacts/probes/mvp/seed_runs_layerwise_same_l_v1/mvp__same_l__jepa_v2__vitl_256__mlp__layer_12/seed_102/train_eval_summary.json,artifacts/probes/mvp/seed_runs_layerwise_same_l_v1/mvp__same_l__jepa_v2__vitl_256__mlp__layer_12/seed_102/layer_12/eval,results/verified_layerwise_probe_configs.csv,355,,,,artifact metrics read from train_eval_summary.json
same_l_linear_mlp,results/seed_runs/layerwise_same_l_linear_mlp_seed_results_long.csv,mvp__same_l__jepa_v2__vitl_256__mlp__layer_18,mvp__same_l__jepa_v2__vitl_256__mlp__layer_18__seed_101,MVP,mvp,same_L,V-JEPA 2,ViT-L/16,MLP,mlp,18,18,101,artifact,complete,pair_consistency,pair_consistency,99.696459,99.848229,83.822042,91.354904,83.72093,90.899899,2000,2000,false,false,artifacts/probes/mvp/seed_runs_layerwise_same_l_v1/mvp__same_l__jepa_v2__vitl_256__mlp__layer_18/seed_101/train_eval_summary.json,artifacts/probes/mvp/seed_runs_layerwise_same_l_v1/mvp__same_l__jepa_v2__vitl_256__mlp__layer_18/seed_101/layer_18/eval,results/verified_layerwise_probe_configs.csv,356,,,,artifact metrics read from train_eval_summary.json
same_l_linear_mlp,results/seed_runs/layerwise_same_l_linear_mlp_seed_results_long.csv,mvp__same_l__jepa_v2__vitl_256__mlp__layer_18,mvp__same_l__jepa_v2__vitl_256__mlp__layer_18__seed_102,MVP,mvp,same_L,V-JEPA 2,ViT-L/16,MLP,mlp,18,18,102,artifact,complete,pair_consistency,pair_consistency,99.831366,99.915683,84.428716,91.809909,83.518706,90.950455,2000,2000,false,false,artifacts/probes/mvp/seed_runs_layerwise_same_l_v1/mvp__same_l__jepa_v2__vitl_256__mlp__layer_18/seed_102/train_eval_summary.json,artifacts/probes/mvp/seed_runs_layerwise_same_l_v1/mvp__same_l__jepa_v2__vitl_256__mlp__layer_18/seed_102/layer_18/eval,results/verified_layerwise_probe_configs.csv,356,,,,artifact metrics read from train_eval_summary.json
same_l_linear_mlp,results/seed_runs/layerwise_same_l_linear_mlp_seed_results_long.csv,mvp__same_l__jepa_v2__vitl_256__mlp__layer_24,mvp__same_l__jepa_v2__vitl_256__mlp__layer_24__seed_101,MVP,mvp,same_L,V-JEPA 2,ViT-L/16,MLP,mlp,24,24,101,artifact,complete,pair_consistency,pair_consistency,99.89882,99.94941,87.664307,93.174924,86.046512,92.163802,2000,2000,false,false,artifacts/probes/mvp/seed_runs_layerwise_same_l_v1/mvp__same_l__jepa_v2__vitl_256__mlp__layer_24/seed_101/train_eval_summary.json,artifacts/probes/mvp/seed_runs_layerwise_same_l_v1/mvp__same_l__jepa_v2__vitl_256__mlp__layer_24/seed_101/layer_24/eval,results/verified_layerwise_probe_configs.csv,357,,,,artifact metrics read from train_eval_summary.json
same_l_linear_mlp,results/seed_runs/layerwise_same_l_linear_mlp_seed_results_long.csv,mvp__same_l__jepa_v2__vitl_256__mlp__layer_24,mvp__same_l__jepa_v2__vitl_256__mlp__layer_24__seed_102,MVP,mvp,same_L,V-JEPA 2,ViT-L/16,MLP,mlp,24,24,102,artifact,complete,pair_consistency,pair_consistency,99.763912,99.881956,89.686552,94.438827,87.360971,92.871587,2000,2000,false,false,artifacts/probes/mvp/seed_runs_layerwise_same_l_v1/mvp__same_l__jepa_v2__vitl_256__mlp__layer_24/seed_102/train_eval_summary.json,artifacts/probes/mvp/seed_runs_layerwise_same_l_v1/mvp__same_l__jepa_v2__vitl_256__mlp__layer_24/seed_102/layer_24/eval,results/verified_layerwise_probe_configs.csv,357,,,,artifact metrics read from train_eval_summary.json
same_l_linear_mlp,results/seed_runs/layerwise_same_l_linear_mlp_seed_results_long.csv,mvp__same_l__jepa_v2_1__vitl_384__linear__layer_6,mvp__same_l__jepa_v2_1__vitl_384__linear__layer_6__seed_101,MVP,mvp,same_L,V-JEPA 2.1,ViT-L/16,Linear,linear,6,6,101,artifact,complete,pair_consistency,pair_consistency,48.229342,70.79258,41.253792,65.571284,40.242669,66.481294,2000,2000,false,false,artifacts/probes/mvp/seed_runs_layerwise_same_l_v1/mvp__same_l__jepa_v2_1__vitl_384__linear__layer_6/seed_101/train_eval_summary.json,artifacts/probes/mvp/seed_runs_layerwise_same_l_v1/mvp__same_l__jepa_v2_1__vitl_384__linear__layer_6/seed_101/layer_6/eval,results/verified_layerwise_probe_configs.csv,386,,,,artifact metrics read from train_eval_summary.json
same_l_linear_mlp,results/seed_runs/layerwise_same_l_linear_mlp_seed_results_long.csv,mvp__same_l__jepa_v2_1__vitl_384__linear__layer_6,mvp__same_l__jepa_v2_1__vitl_384__linear__layer_6__seed_102,MVP,mvp,same_L,V-JEPA 2.1,ViT-L/16,Linear,linear,6,6,102,artifact,complete,pair_consistency,pair_consistency,49.241147,71.079258,41.759353,65.722952,42.06269,66.228514,2000,2000,false,false,artifacts/probes/mvp/seed_runs_layerwise_same_l_v1/mvp__same_l__jepa_v2_1__vitl_384__linear__layer_6/seed_102/train_eval_summary.json,artifacts/probes/mvp/seed_runs_layerwise_same_l_v1/mvp__same_l__jepa_v2_1__vitl_384__linear__layer_6/seed_102/layer_6/eval,results/verified_layerwise_probe_configs.csv,386,,,,artifact metrics read from train_eval_summary.json
same_l_linear_mlp,results/seed_runs/layerwise_same_l_linear_mlp_seed_results_long.csv,mvp__same_l__jepa_v2_1__vitl_384__linear__layer_12,mvp__same_l__jepa_v2_1__vitl_384__linear__layer_12__seed_101,MVP,mvp,same_L,V-JEPA 2.1,ViT-L/16,Linear,linear,12,12,101,artifact,complete,pair_consistency,pair_consistency,50.05059,72.310287,42.06269,66.026289,40.950455,66.026289,2000,2000,false,false,artifacts/probes/mvp/seed_runs_layerwise_same_l_v1/mvp__same_l__jepa_v2_1__vitl_384__linear__layer_12/seed_101/train_eval_summary.json,artifacts/probes/mvp/seed_runs_layerwise_same_l_v1/mvp__same_l__jepa_v2_1__vitl_384__linear__layer_12/seed_101/layer_12/eval,results/verified_layerwise_probe_configs.csv,387,,,,artifact metrics read from train_eval_summary.json
same_l_linear_mlp,results/seed_runs/layerwise_same_l_linear_mlp_seed_results_long.csv,mvp__same_l__jepa_v2_1__vitl_384__linear__layer_12,mvp__same_l__jepa_v2_1__vitl_384__linear__layer_12__seed_102,MVP,mvp,same_L,V-JEPA 2.1,ViT-L/16,Linear,linear,12,12,102,artifact,complete,pair_consistency,pair_consistency,48.937605,71.618887,41.658241,65.874621,39.83822,65.672396,2000,2000,false,false,artifacts/probes/mvp/seed_runs_layerwise_same_l_v1/mvp__same_l__jepa_v2_1__vitl_384__linear__layer_12/seed_102/train_eval_summary.json,artifacts/probes/mvp/seed_runs_layerwise_same_l_v1/mvp__same_l__jepa_v2_1__vitl_384__linear__layer_12/seed_102/layer_12/eval,results/verified_layerwise_probe_configs.csv,387,,,,artifact metrics read from train_eval_summary.json
same_l_linear_mlp,results/seed_runs/layerwise_same_l_linear_mlp_seed_results_long.csv,mvp__same_l__jepa_v2_1__vitl_384__linear__layer_18,mvp__same_l__jepa_v2_1__vitl_384__linear__layer_18__seed_101,MVP,mvp,same_L,V-JEPA 2.1,ViT-L/16,Linear,linear,18,18,101,artifact,complete,pair_consistency,pair_consistency,53.288364,73.473862,47.320526,68.655207,43.276036,66.228514,2000,2000,false,false,artifacts/probes/mvp/seed_runs_layerwise_same_l_v1/mvp__same_l__jepa_v2_1__vitl_384__linear__layer_18/seed_101/train_eval_summary.json,artifacts/probes/mvp/seed_runs_layerwise_same_l_v1/mvp__same_l__jepa_v2_1__vitl_384__linear__layer_18/seed_101/layer_18/eval,results/verified_layerwise_probe_configs.csv,388,,,,artifact metrics read from train_eval_summary.json
same_l_linear_mlp,results/seed_runs/layerwise_same_l_linear_mlp_seed_results_long.csv,mvp__same_l__jepa_v2_1__vitl_384__linear__layer_18,mvp__same_l__jepa_v2_1__vitl_384__linear__layer_18__seed_102,MVP,mvp,same_L,V-JEPA 2.1,ViT-L/16,Linear,linear,18,18,102,artifact,complete,pair_consistency,pair_consistency,53.220911,73.507589,46.511628,68.655207,43.377149,66.481294,2000,2000,false,false,artifacts/probes/mvp/seed_runs_layerwise_same_l_v1/mvp__same_l__jepa_v2_1__vitl_384__linear__layer_18/seed_102/train_eval_summary.json,artifacts/probes/mvp/seed_runs_layerwise_same_l_v1/mvp__same_l__jepa_v2_1__vitl_384__linear__layer_18/seed_102/layer_18/eval,results/verified_layerwise_probe_configs.csv,388,,,,artifact metrics read from train_eval_summary.json
same_l_linear_mlp,results/seed_runs/layerwise_same_l_linear_mlp_seed_results_long.csv,mvp__same_l__jepa_v2_1__vitl_384__linear__layer_24,mvp__same_l__jepa_v2_1__vitl_384__linear__layer_24__seed_101,MVP,mvp,same_L,V-JEPA 2.1,ViT-L/16,Linear,linear,24,24,101,artifact,complete,pair_consistency,pair_consistency,54.839798,74.148398,46.511628,68.806876,44.893832,67.846309,2000,2000,false,false,artifacts/probes/mvp/seed_runs_layerwise_same_l_v1/mvp__same_l__jepa_v2_1__vitl_384__linear__layer_24/seed_101/train_eval_summary.json,artifacts/probes/mvp/seed_runs_layerwise_same_l_v1/mvp__same_l__jepa_v2_1__vitl_384__linear__layer_24/seed_101/layer_24/eval,results/verified_layerwise_probe_configs.csv,389,,,,artifact metrics read from train_eval_summary.json
same_l_linear_mlp,results/seed_runs/layerwise_same_l_linear_mlp_seed_results_long.csv,mvp__same_l__jepa_v2_1__vitl_384__linear__layer_24,mvp__same_l__jepa_v2_1__vitl_384__linear__layer_24__seed_102,MVP,mvp,same_L,V-JEPA 2.1,ViT-L/16,Linear,linear,24,24,102,artifact,complete,pair_consistency,pair_consistency,53.625632,73.659359,46.410516,68.857432,44.79272,67.846309,2000,2000,false,false,artifacts/probes/mvp/seed_runs_layerwise_same_l_v1/mvp__same_l__jepa_v2_1__vitl_384__linear__layer_24/seed_102/train_eval_summary.json,artifacts/probes/mvp/seed_runs_layerwise_same_l_v1/mvp__same_l__jepa_v2_1__vitl_384__linear__layer_24/seed_102/layer_24/eval,results/verified_layerwise_probe_configs.csv,389,,,,artifact metrics read from train_eval_summary.json
same_l_linear_mlp,results/seed_runs/layerwise_same_l_linear_mlp_seed_results_long.csv,mvp__same_l__jepa_v2_1__vitl_384__mlp__layer_6,mvp__same_l__jepa_v2_1__vitl_384__mlp__layer_6__seed_101,MVP,mvp,same_L,V-JEPA 2.1,ViT-L/16,MLP,mlp,6,6,101,artifact,complete,pair_consistency,pair_consistency,94.435076,97.217538,63.80182,79.777553,59.555106,76.895854,2000,2000,false,false,artifacts/probes/mvp/seed_runs_layerwise_same_l_v1/mvp__same_l__jepa_v2_1__vitl_384__mlp__layer_6/seed_101/train_eval_summary.json,artifacts/probes/mvp/seed_runs_layerwise_same_l_v1/mvp__same_l__jepa_v2_1__vitl_384__mlp__layer_6/seed_101/layer_6/eval,results/verified_layerwise_probe_configs.csv,390,,,,artifact metrics read from train_eval_summary.json
same_l_linear_mlp,results/seed_runs/layerwise_same_l_linear_mlp_seed_results_long.csv,mvp__same_l__jepa_v2_1__vitl_384__mlp__layer_6,mvp__same_l__jepa_v2_1__vitl_384__mlp__layer_6__seed_102,MVP,mvp,same_L,V-JEPA 2.1,ViT-L/16,MLP,mlp,6,6,102,artifact,complete,pair_consistency,pair_consistency,94.266442,97.099494,63.094034,79.271992,60.768453,77.60364,2000,2000,false,false,artifacts/probes/mvp/seed_runs_layerwise_same_l_v1/mvp__same_l__jepa_v2_1__vitl_384__mlp__layer_6/seed_102/train_eval_summary.json,artifacts/probes/mvp/seed_runs_layerwise_same_l_v1/mvp__same_l__jepa_v2_1__vitl_384__mlp__layer_6/seed_102/layer_6/eval,results/verified_layerwise_probe_configs.csv,390,,,,artifact metrics read from train_eval_summary.json
same_l_linear_mlp,results/seed_runs/layerwise_same_l_linear_mlp_seed_results_long.csv,mvp__same_l__jepa_v2_1__vitl_384__mlp__layer_12,mvp__same_l__jepa_v2_1__vitl_384__mlp__layer_12__seed_101,MVP,mvp,same_L,V-JEPA 2.1,ViT-L/16,MLP,mlp,12,12,101,artifact,complete,pair_consistency,pair_consistency,92.040472,96.020236,67.542973,81.648129,64.509606,80.08089,2000,2000,false,false,artifacts/probes/mvp/seed_runs_layerwise_same_l_v1/mvp__same_l__jepa_v2_1__vitl_384__mlp__layer_12/seed_101/train_eval_summary.json,artifacts/probes/mvp/seed_runs_layerwise_same_l_v1/mvp__same_l__jepa_v2_1__vitl_384__mlp__layer_12/seed_101/layer_12/eval,results/verified_layerwise_probe_configs.csv,391,,,,artifact metrics read from train_eval_summary.json
same_l_linear_mlp,results/seed_runs/layerwise_same_l_linear_mlp_seed_results_long.csv,mvp__same_l__jepa_v2_1__vitl_384__mlp__layer_12,mvp__same_l__jepa_v2_1__vitl_384__mlp__layer_12__seed_102,MVP,mvp,same_L,V-JEPA 2.1,ViT-L/16,MLP,mlp,12,12,102,artifact,complete,pair_consistency,pair_consistency,94.266442,97.116358,68.351871,82.052578,65.925177,80.738119,2000,2000,false,false,artifacts/probes/mvp/seed_runs_layerwise_same_l_v1/mvp__same_l__jepa_v2_1__vitl_384__mlp__layer_12/seed_102/train_eval_summary.json,artifacts/probes/mvp/seed_runs_layerwise_same_l_v1/mvp__same_l__jepa_v2_1__vitl_384__mlp__layer_12/seed_102/layer_12/eval,results/verified_layerwise_probe_configs.csv,391,,,,artifact metrics read from train_eval_summary.json
same_l_linear_mlp,results/seed_runs/layerwise_same_l_linear_mlp_seed_results_long.csv,mvp__same_l__jepa_v2_1__vitl_384__mlp__layer_18,mvp__same_l__jepa_v2_1__vitl_384__mlp__layer_18__seed_101,MVP,mvp,same_L,V-JEPA 2.1,ViT-L/16,MLP,mlp,18,18,101,artifact,complete,pair_consistency,pair_consistency,94.097808,96.998314,72.598584,84.883721,69.868554,83.164813,2000,2000,false,false,artifacts/probes/mvp/seed_runs_layerwise_same_l_v1/mvp__same_l__jepa_v2_1__vitl_384__mlp__layer_18/seed_101/train_eval_summary.json,artifacts/probes/mvp/seed_runs_layerwise_same_l_v1/mvp__same_l__jepa_v2_1__vitl_384__mlp__layer_18/seed_101/layer_18/eval,results/verified_layerwise_probe_configs.csv,392,,,,artifact metrics read from train_eval_summary.json
same_l_linear_mlp,results/seed_runs/layerwise_same_l_linear_mlp_seed_results_long.csv,mvp__same_l__jepa_v2_1__vitl_384__mlp__layer_18,mvp__same_l__jepa_v2_1__vitl_384__mlp__layer_18__seed_102,MVP,mvp,same_L,V-JEPA 2.1,ViT-L/16,MLP,mlp,18,18,102,artifact,complete,pair_consistency,pair_consistency,95.210793,97.571669,71.789687,84.226491,71.385238,83.822042,2000,2000,false,false,artifacts/probes/mvp/seed_runs_layerwise_same_l_v1/mvp__same_l__jepa_v2_1__vitl_384__mlp__layer_18/seed_102/train_eval_summary.json,artifacts/probes/mvp/seed_runs_layerwise_same_l_v1/mvp__same_l__jepa_v2_1__vitl_384__mlp__layer_18/seed_102/layer_18/eval,results/verified_layerwise_probe_configs.csv,392,,,,artifact metrics read from train_eval_summary.json
same_l_linear_mlp,results/seed_runs/layerwise_same_l_linear_mlp_seed_results_long.csv,mvp__same_l__jepa_v2_1__vitl_384__mlp__layer_24,mvp__same_l__jepa_v2_1__vitl_384__mlp__layer_24__seed_101,MVP,mvp,same_L,V-JEPA 2.1,ViT-L/16,MLP,mlp,24,24,101,artifact,complete,pair_consistency,pair_consistency,97.537943,98.768971,72.598584,84.479272,71.284125,83.72093,2000,2000,false,false,artifacts/probes/mvp/seed_runs_layerwise_same_l_v1/mvp__same_l__jepa_v2_1__vitl_384__mlp__layer_24/seed_101/train_eval_summary.json,artifacts/probes/mvp/seed_runs_layerwise_same_l_v1/mvp__same_l__jepa_v2_1__vitl_384__mlp__layer_24/seed_101/layer_24/eval,results/verified_layerwise_probe_configs.csv,393,,,,artifact metrics read from train_eval_summary.json
same_l_linear_mlp,results/seed_runs/layerwise_same_l_linear_mlp_seed_results_long.csv,mvp__same_l__jepa_v2_1__vitl_384__mlp__layer_24,mvp__same_l__jepa_v2_1__vitl_384__mlp__layer_24__seed_102,MVP,mvp,same_L,V-JEPA 2.1,ViT-L/16,MLP,mlp,24,24,102,artifact,complete,pair_consistency,pair_consistency,97.335582,98.667791,73.508595,84.732053,70.879676,83.417594,2000,2000,false,false,artifacts/probes/mvp/seed_runs_layerwise_same_l_v1/mvp__same_l__jepa_v2_1__vitl_384__mlp__layer_24/seed_102/train_eval_summary.json,artifacts/probes/mvp/seed_runs_layerwise_same_l_v1/mvp__same_l__jepa_v2_1__vitl_384__mlp__layer_24/seed_102/layer_24/eval,results/verified_layerwise_probe_configs.csv,393,,,,artifact metrics read from train_eval_summary.json
same_l_linear_mlp,results/seed_runs/layerwise_same_l_linear_mlp_seed_results_long.csv,mvp__same_l__videomae__vit_large_16_224__linear__layer_6,mvp__same_l__videomae__vit_large_16_224__linear__layer_6__seed_101,MVP,mvp,same_L,VideoMAE,ViT-L/16,Linear,linear,6,6,101,artifact,complete,pair_consistency,pair_consistency,37.976391,65.851602,34.681496,63.447927,31.24368,61.07179,2000,2000,false,false,artifacts/probes/mvp/seed_runs_layerwise_same_l_v1/mvp__same_l__videomae__vit_large_16_224__linear__layer_6/seed_101/train_eval_summary.json,artifacts/probes/mvp/seed_runs_layerwise_same_l_v1/mvp__same_l__videomae__vit_large_16_224__linear__layer_6/seed_101/layer_6/eval,results/verified_layerwise_probe_configs.csv,422,,,,artifact metrics read from train_eval_summary.json
same_l_linear_mlp,results/seed_runs/layerwise_same_l_linear_mlp_seed_results_long.csv,mvp__same_l__videomae__vit_large_16_224__linear__layer_6,mvp__same_l__videomae__vit_large_16_224__linear__layer_6__seed_102,MVP,mvp,same_L,VideoMAE,ViT-L/16,Linear,linear,6,6,102,artifact,complete,pair_consistency,pair_consistency,40.337268,67.251265,35.187058,63.245703,31.445905,60.970677,2000,2000,false,false,artifacts/probes/mvp/seed_runs_layerwise_same_l_v1/mvp__same_l__videomae__vit_large_16_224__linear__layer_6/seed_102/train_eval_summary.json,artifacts/probes/mvp/seed_runs_layerwise_same_l_v1/mvp__same_l__videomae__vit_large_16_224__linear__layer_6/seed_102/layer_6/eval,results/verified_layerwise_probe_configs.csv,422,,,,artifact metrics read from train_eval_summary.json
same_l_linear_mlp,results/seed_runs/layerwise_same_l_linear_mlp_seed_results_long.csv,mvp__same_l__videomae__vit_large_16_224__linear__layer_12,mvp__same_l__videomae__vit_large_16_224__linear__layer_12__seed_101,MVP,mvp,same_L,VideoMAE,ViT-L/16,Linear,linear,12,12,101,artifact,complete,pair_consistency,pair_consistency,45.733558,70.118044,37.411527,64.357937,35.389282,62.841254,2000,2000,false,false,artifacts/probes/mvp/seed_runs_layerwise_same_l_v1/mvp__same_l__videomae__vit_large_16_224__linear__layer_12/seed_101/train_eval_summary.json,artifacts/probes/mvp/seed_runs_layerwise_same_l_v1/mvp__same_l__videomae__vit_large_16_224__linear__layer_12/seed_101/layer_12/eval,results/verified_layerwise_probe_configs.csv,423,,,,artifact metrics read from train_eval_summary.json
same_l_linear_mlp,results/seed_runs/layerwise_same_l_linear_mlp_seed_results_long.csv,mvp__same_l__videomae__vit_large_16_224__linear__layer_12,mvp__same_l__videomae__vit_large_16_224__linear__layer_12__seed_102,MVP,mvp,same_L,VideoMAE,ViT-L/16,Linear,linear,12,12,102,artifact,complete,pair_consistency,pair_consistency,44.047218,69.409781,35.793731,63.852376,35.28817,63.195147,2000,2000,false,false,artifacts/probes/mvp/seed_runs_layerwise_same_l_v1/mvp__same_l__videomae__vit_large_16_224__linear__layer_12/seed_102/train_eval_summary.json,artifacts/probes/mvp/seed_runs_layerwise_same_l_v1/mvp__same_l__videomae__vit_large_16_224__linear__layer_12/seed_102/layer_12/eval,results/verified_layerwise_probe_configs.csv,423,,,,artifact metrics read from train_eval_summary.json
same_l_linear_mlp,results/seed_runs/layerwise_same_l_linear_mlp_seed_results_long.csv,mvp__same_l__videomae__vit_large_16_224__linear__layer_18,mvp__same_l__videomae__vit_large_16_224__linear__layer_18__seed_101,MVP,mvp,same_L,VideoMAE,ViT-L/16,Linear,linear,18,18,101,artifact,complete,pair_consistency,pair_consistency,49.881956,71.854975,39.029323,65.015167,40.242669,65.116279,2000,2000,false,false,artifacts/probes/mvp/seed_runs_layerwise_same_l_v1/mvp__same_l__videomae__vit_large_16_224__linear__layer_18/seed_101/train_eval_summary.json,artifacts/probes/mvp/seed_runs_layerwise_same_l_v1/mvp__same_l__videomae__vit_large_16_224__linear__layer_18/seed_101/layer_18/eval,results/verified_layerwise_probe_configs.csv,424,,,,artifact metrics read from train_eval_summary.json
same_l_linear_mlp,results/seed_runs/layerwise_same_l_linear_mlp_seed_results_long.csv,mvp__same_l__videomae__vit_large_16_224__linear__layer_18,mvp__same_l__videomae__vit_large_16_224__linear__layer_18__seed_102,MVP,mvp,same_L,VideoMAE,ViT-L/16,Linear,linear,18,18,102,artifact,complete,pair_consistency,pair_consistency,48.397976,71.602024,38.92821,65.470172,38.624874,64.964611,2000,2000,false,false,artifacts/probes/mvp/seed_runs_layerwise_same_l_v1/mvp__same_l__videomae__vit_large_16_224__linear__layer_18/seed_102/train_eval_summary.json,artifacts/probes/mvp/seed_runs_layerwise_same_l_v1/mvp__same_l__videomae__vit_large_16_224__linear__layer_18/seed_102/layer_18/eval,results/verified_layerwise_probe_configs.csv,424,,,,artifact metrics read from train_eval_summary.json
same_l_linear_mlp,results/seed_runs/layerwise_same_l_linear_mlp_seed_results_long.csv,mvp__same_l__videomae__vit_large_16_224__linear__layer_24,mvp__same_l__videomae__vit_large_16_224__linear__layer_24__seed_101,MVP,mvp,same_L,VideoMAE,ViT-L/16,Linear,linear,24,24,101,artifact,complete,pair_consistency,pair_consistency,49.881956,71.500843,41.456016,65.824065,41.456016,66.076845,2000,2000,false,false,artifacts/probes/mvp/seed_runs_layerwise_same_l_v1/mvp__same_l__videomae__vit_large_16_224__linear__layer_24/seed_101/train_eval_summary.json,artifacts/probes/mvp/seed_runs_layerwise_same_l_v1/mvp__same_l__videomae__vit_large_16_224__linear__layer_24/seed_101/layer_24/eval,results/verified_layerwise_probe_configs.csv,425,,,,artifact metrics read from train_eval_summary.json
same_l_linear_mlp,results/seed_runs/layerwise_same_l_linear_mlp_seed_results_long.csv,mvp__same_l__videomae__vit_large_16_224__linear__layer_24,mvp__same_l__videomae__vit_large_16_224__linear__layer_24__seed_102,MVP,mvp,same_L,VideoMAE,ViT-L/16,Linear,linear,24,24,102,artifact,complete,pair_consistency,pair_consistency,49.510961,71.197302,41.658241,65.925177,41.253792,66.026289,2000,2000,false,false,artifacts/probes/mvp/seed_runs_layerwise_same_l_v1/mvp__same_l__videomae__vit_large_16_224__linear__layer_24/seed_102/train_eval_summary.json,artifacts/probes/mvp/seed_runs_layerwise_same_l_v1/mvp__same_l__videomae__vit_large_16_224__linear__layer_24/seed_102/layer_24/eval,results/verified_layerwise_probe_configs.csv,425,,,,artifact metrics read from train_eval_summary.json
same_l_linear_mlp,results/seed_runs/layerwise_same_l_linear_mlp_seed_results_long.csv,mvp__same_l__videomae__vit_large_16_224__mlp__layer_6,mvp__same_l__videomae__vit_large_16_224__mlp__layer_6__seed_101,MVP,mvp,same_L,VideoMAE,ViT-L/16,MLP,mlp,6,6,101,artifact,complete,pair_consistency,pair_consistency,81.686341,90.708263,51.769464,73.003033,50.556117,72.244692,2000,2000,false,false,artifacts/probes/mvp/seed_runs_layerwise_same_l_v1/mvp__same_l__videomae__vit_large_16_224__mlp__layer_6/seed_101/train_eval_summary.json,artifacts/probes/mvp/seed_runs_layerwise_same_l_v1/mvp__same_l__videomae__vit_large_16_224__mlp__layer_6/seed_101/layer_6/eval,results/verified_layerwise_probe_configs.csv,426,,,,artifact metrics read from train_eval_summary.json
same_l_linear_mlp,results/seed_runs/layerwise_same_l_linear_mlp_seed_results_long.csv,mvp__same_l__videomae__vit_large_16_224__mlp__layer_6,mvp__same_l__videomae__vit_large_16_224__mlp__layer_6__seed_102,MVP,mvp,same_L,VideoMAE,ViT-L/16,MLP,mlp,6,6,102,artifact,complete,pair_consistency,pair_consistency,83.541315,91.652614,52.072801,73.559151,50.353893,72.295248,2000,2000,false,false,artifacts/probes/mvp/seed_runs_layerwise_same_l_v1/mvp__same_l__videomae__vit_large_16_224__mlp__layer_6/seed_102/train_eval_summary.json,artifacts/probes/mvp/seed_runs_layerwise_same_l_v1/mvp__same_l__videomae__vit_large_16_224__mlp__layer_6/seed_102/layer_6/eval,results/verified_layerwise_probe_configs.csv,426,,,,artifact metrics read from train_eval_summary.json
same_l_linear_mlp,results/seed_runs/layerwise_same_l_linear_mlp_seed_results_long.csv,mvp__same_l__videomae__vit_large_16_224__mlp__layer_12,mvp__same_l__videomae__vit_large_16_224__mlp__layer_12__seed_101,MVP,mvp,same_L,VideoMAE,ViT-L/16,MLP,mlp,12,12,101,artifact,complete,pair_consistency,pair_consistency,88.499157,94.182125,59.150657,76.794742,57.128413,75.379171,2000,2000,false,false,artifacts/probes/mvp/seed_runs_layerwise_same_l_v1/mvp__same_l__videomae__vit_large_16_224__mlp__layer_12/seed_101/train_eval_summary.json,artifacts/probes/mvp/seed_runs_layerwise_same_l_v1/mvp__same_l__videomae__vit_large_16_224__mlp__layer_12/seed_101/layer_12/eval,results/verified_layerwise_probe_configs.csv,427,,,,artifact metrics read from train_eval_summary.json
same_l_linear_mlp,results/seed_runs/layerwise_same_l_linear_mlp_seed_results_long.csv,mvp__same_l__videomae__vit_large_16_224__mlp__layer_12,mvp__same_l__videomae__vit_large_16_224__mlp__layer_12__seed_102,MVP,mvp,same_L,VideoMAE,ViT-L/16,MLP,mlp,12,12,102,artifact,complete,pair_consistency,pair_consistency,89.780776,94.772344,57.735086,76.643074,55.409505,74.317492,2000,2000,false,false,artifacts/probes/mvp/seed_runs_layerwise_same_l_v1/mvp__same_l__videomae__vit_large_16_224__mlp__layer_12/seed_102/train_eval_summary.json,artifacts/probes/mvp/seed_runs_layerwise_same_l_v1/mvp__same_l__videomae__vit_large_16_224__mlp__layer_12/seed_102/layer_12/eval,results/verified_layerwise_probe_configs.csv,427,,,,artifact metrics read from train_eval_summary.json
same_l_linear_mlp,results/seed_runs/layerwise_same_l_linear_mlp_seed_results_long.csv,mvp__same_l__videomae__vit_large_16_224__mlp__layer_18,mvp__same_l__videomae__vit_large_16_224__mlp__layer_18__seed_101,MVP,mvp,same_L,VideoMAE,ViT-L/16,MLP,mlp,18,18,101,artifact,complete,pair_consistency,pair_consistency,91.770658,95.851602,65.015167,81.092012,63.80182,80.182002,2000,2000,false,false,artifacts/probes/mvp/seed_runs_layerwise_same_l_v1/mvp__same_l__videomae__vit_large_16_224__mlp__layer_18/seed_101/train_eval_summary.json,artifacts/probes/mvp/seed_runs_layerwise_same_l_v1/mvp__same_l__videomae__vit_large_16_224__mlp__layer_18/seed_101/layer_18/eval,results/verified_layerwise_probe_configs.csv,428,,,,artifact metrics read from train_eval_summary.json
same_l_linear_mlp,results/seed_runs/layerwise_same_l_linear_mlp_seed_results_long.csv,mvp__same_l__videomae__vit_large_16_224__mlp__layer_18,mvp__same_l__videomae__vit_large_16_224__mlp__layer_18__seed_102,MVP,mvp,same_L,VideoMAE,ViT-L/16,MLP,mlp,18,18,102,artifact,complete,pair_consistency,pair_consistency,93.254637,96.593592,66.329626,81.648129,63.296259,79.42366,2000,2000,false,false,artifacts/probes/mvp/seed_runs_layerwise_same_l_v1/mvp__same_l__videomae__vit_large_16_224__mlp__layer_18/seed_102/train_eval_summary.json,artifacts/probes/mvp/seed_runs_layerwise_same_l_v1/mvp__same_l__videomae__vit_large_16_224__mlp__layer_18/seed_102/layer_18/eval,results/verified_layerwise_probe_configs.csv,428,,,,artifact metrics read from train_eval_summary.json
same_l_linear_mlp,results/seed_runs/layerwise_same_l_linear_mlp_seed_results_long.csv,mvp__same_l__videomae__vit_large_16_224__mlp__layer_24,mvp__same_l__videomae__vit_large_16_224__mlp__layer_24__seed_101,MVP,mvp,same_L,VideoMAE,ViT-L/16,MLP,mlp,24,24,101,artifact,complete,pair_consistency,pair_consistency,91.905565,95.935919,67.745197,82.507583,66.329626,81.547017,2000,2000,false,false,artifacts/probes/mvp/seed_runs_layerwise_same_l_v1/mvp__same_l__videomae__vit_large_16_224__mlp__layer_24/seed_101/train_eval_summary.json,artifacts/probes/mvp/seed_runs_layerwise_same_l_v1/mvp__same_l__videomae__vit_large_16_224__mlp__layer_24/seed_101/layer_24/eval,results/verified_layerwise_probe_configs.csv,429,,,,artifact metrics read from train_eval_summary.json
same_l_linear_mlp,results/seed_runs/layerwise_same_l_linear_mlp_seed_results_long.csv,mvp__same_l__videomae__vit_large_16_224__mlp__layer_24,mvp__same_l__videomae__vit_large_16_224__mlp__layer_24__seed_102,MVP,mvp,same_L,VideoMAE,ViT-L/16,MLP,mlp,24,24,102,artifact,complete,pair_consistency,pair_consistency,92.411467,96.155143,69.160768,83.114257,65.015167,80.839232,2000,2000,false,false,artifacts/probes/mvp/seed_runs_layerwise_same_l_v1/mvp__same_l__videomae__vit_large_16_224__mlp__layer_24/seed_102/train_eval_summary.json,artifacts/probes/mvp/seed_runs_layerwise_same_l_v1/mvp__same_l__videomae__vit_large_16_224__mlp__layer_24/seed_102/layer_24/eval,results/verified_layerwise_probe_configs.csv,429,,,,artifact metrics read from train_eval_summary.json
same_l_linear_mlp,results/seed_runs/layerwise_same_l_linear_mlp_seed_results_long.csv,mvp__same_l__videomae_v2__vit_large_16_224__linear__layer_6,mvp__same_l__videomae_v2__vit_large_16_224__linear__layer_6__seed_101,MVP,mvp,same_L,VideoMAE-v2,ViT-L/16,Linear,linear,6,6,101,artifact,complete,pair_consistency,pair_consistency,34.435076,64.957841,31.041456,62.133468,32.861476,63.14459,2000,2000,false,false,artifacts/probes/mvp/seed_runs_layerwise_same_l_v1/mvp__same_l__videomae_v2__vit_large_16_224__linear__layer_6/seed_101/train_eval_summary.json,artifacts/probes/mvp/seed_runs_layerwise_same_l_v1/mvp__same_l__videomae_v2__vit_large_16_224__linear__layer_6/seed_101/layer_6/eval,results/verified_layerwise_probe_configs.csv,458,,,,artifact metrics read from train_eval_summary.json
same_l_linear_mlp,results/seed_runs/layerwise_same_l_linear_mlp_seed_results_long.csv,mvp__same_l__videomae_v2__vit_large_16_224__linear__layer_6,mvp__same_l__videomae_v2__vit_large_16_224__linear__layer_6__seed_102,MVP,mvp,same_L,VideoMAE-v2,ViT-L/16,Linear,linear,6,6,102,artifact,complete,pair_consistency,pair_consistency,33.254637,63.322091,32.153691,61.931244,31.24368,61.223458,2000,2000,false,false,artifacts/probes/mvp/seed_runs_layerwise_same_l_v1/mvp__same_l__videomae_v2__vit_large_16_224__linear__layer_6/seed_102/train_eval_summary.json,artifacts/probes/mvp/seed_runs_layerwise_same_l_v1/mvp__same_l__videomae_v2__vit_large_16_224__linear__layer_6/seed_102/layer_6/eval,results/verified_layerwise_probe_configs.csv,458,,,,artifact metrics read from train_eval_summary.json
same_l_linear_mlp,results/seed_runs/layerwise_same_l_linear_mlp_seed_results_long.csv,mvp__same_l__videomae_v2__vit_large_16_224__linear__layer_12,mvp__same_l__videomae_v2__vit_large_16_224__linear__layer_12__seed_101,MVP,mvp,same_L,VideoMAE-v2,ViT-L/16,Linear,linear,12,12,101,artifact,complete,pair_consistency,pair_consistency,46.340641,70.016863,39.433771,65.874621,38.827098,64.256825,2000,2000,false,false,artifacts/probes/mvp/seed_runs_layerwise_same_l_v1/mvp__same_l__videomae_v2__vit_large_16_224__linear__layer_12/seed_101/train_eval_summary.json,artifacts/probes/mvp/seed_runs_layerwise_same_l_v1/mvp__same_l__videomae_v2__vit_large_16_224__linear__layer_12/seed_101/layer_12/eval,results/verified_layerwise_probe_configs.csv,459,,,,artifact metrics read from train_eval_summary.json
same_l_linear_mlp,results/seed_runs/layerwise_same_l_linear_mlp_seed_results_long.csv,mvp__same_l__videomae_v2__vit_large_16_224__linear__layer_12,mvp__same_l__videomae_v2__vit_large_16_224__linear__layer_12__seed_102,MVP,mvp,same_L,VideoMAE-v2,ViT-L/16,Linear,linear,12,12,102,artifact,complete,pair_consistency,pair_consistency,48.026981,70.455312,40.040445,65.773509,38.725986,63.953488,2000,2000,false,false,artifacts/probes/mvp/seed_runs_layerwise_same_l_v1/mvp__same_l__videomae_v2__vit_large_16_224__linear__layer_12/seed_102/train_eval_summary.json,artifacts/probes/mvp/seed_runs_layerwise_same_l_v1/mvp__same_l__videomae_v2__vit_large_16_224__linear__layer_12/seed_102/layer_12/eval,results/verified_layerwise_probe_configs.csv,459,,,,artifact metrics read from train_eval_summary.json
same_l_linear_mlp,results/seed_runs/layerwise_same_l_linear_mlp_seed_results_long.csv,mvp__same_l__videomae_v2__vit_large_16_224__linear__layer_18,mvp__same_l__videomae_v2__vit_large_16_224__linear__layer_18__seed_101,MVP,mvp,same_L,VideoMAE-v2,ViT-L/16,Linear,linear,18,18,101,artifact,complete,pair_consistency,pair_consistency,50.556492,72.37774,43.174924,68.09909,39.534884,64.71183,2000,2000,false,false,artifacts/probes/mvp/seed_runs_layerwise_same_l_v1/mvp__same_l__videomae_v2__vit_large_16_224__linear__layer_18/seed_101/train_eval_summary.json,artifacts/probes/mvp/seed_runs_layerwise_same_l_v1/mvp__same_l__videomae_v2__vit_large_16_224__linear__layer_18/seed_101/layer_18/eval,results/verified_layerwise_probe_configs.csv,460,,,,artifact metrics read from train_eval_summary.json
same_l_linear_mlp,results/seed_runs/layerwise_same_l_linear_mlp_seed_results_long.csv,mvp__same_l__videomae_v2__vit_large_16_224__linear__layer_18,mvp__same_l__videomae_v2__vit_large_16_224__linear__layer_18__seed_102,MVP,mvp,same_L,VideoMAE-v2,ViT-L/16,Linear,linear,18,18,102,artifact,complete,pair_consistency,pair_consistency,52.849916,73.305228,43.781598,67.896866,40.444894,65.116279,2000,2000,false,false,artifacts/probes/mvp/seed_runs_layerwise_same_l_v1/mvp__same_l__videomae_v2__vit_large_16_224__linear__layer_18/seed_102/train_eval_summary.json,artifacts/probes/mvp/seed_runs_layerwise_same_l_v1/mvp__same_l__videomae_v2__vit_large_16_224__linear__layer_18/seed_102/layer_18/eval,results/verified_layerwise_probe_configs.csv,460,,,,artifact metrics read from train_eval_summary.json
same_l_linear_mlp,results/seed_runs/layerwise_same_l_linear_mlp_seed_results_long.csv,mvp__same_l__videomae_v2__vit_large_16_224__linear__layer_24,mvp__same_l__videomae_v2__vit_large_16_224__linear__layer_24__seed_101,MVP,mvp,same_L,VideoMAE-v2,ViT-L/16,Linear,linear,24,24,101,artifact,complete,pair_consistency,pair_consistency,43.06914,68.937605,36.703741,64.812942,34.37816,63.953488,1000,1000,false,false,artifacts/probes/mvp/seed_runs_layerwise_same_l_v1/mvp__same_l__videomae_v2__vit_large_16_224__linear__layer_24/seed_101/train_eval_summary.json,artifacts/probes/mvp/seed_runs_layerwise_same_l_v1/mvp__same_l__videomae_v2__vit_large_16_224__linear__layer_24/seed_101/layer_24/eval,results/verified_layerwise_probe_configs.csv,461,,,,artifact metrics read from train_eval_summary.json
same_l_linear_mlp,results/seed_runs/layerwise_same_l_linear_mlp_seed_results_long.csv,mvp__same_l__videomae_v2__vit_large_16_224__linear__layer_24,mvp__same_l__videomae_v2__vit_large_16_224__linear__layer_24__seed_102,MVP,mvp,same_L,VideoMAE-v2,ViT-L/16,Linear,linear,24,24,102,artifact,complete,pair_consistency,pair_consistency,46.23946,70.370995,37.209302,64.408493,35.692619,62.588473,1000,1000,false,false,artifacts/probes/mvp/seed_runs_layerwise_same_l_v1/mvp__same_l__videomae_v2__vit_large_16_224__linear__layer_24/seed_102/train_eval_summary.json,artifacts/probes/mvp/seed_runs_layerwise_same_l_v1/mvp__same_l__videomae_v2__vit_large_16_224__linear__layer_24/seed_102/layer_24/eval,results/verified_layerwise_probe_configs.csv,461,,,,artifact metrics read from train_eval_summary.json
same_l_linear_mlp,results/seed_runs/layerwise_same_l_linear_mlp_seed_results_long.csv,mvp__same_l__videomae_v2__vit_large_16_224__mlp__layer_6,mvp__same_l__videomae_v2__vit_large_16_224__mlp__layer_6__seed_101,MVP,mvp,same_L,VideoMAE-v2,ViT-L/16,MLP,mlp,6,6,101,artifact,complete,pair_consistency,pair_consistency,69.005059,84.148398,49.241658,72.800809,48.533873,71.334681,2000,2000,false,false,artifacts/probes/mvp/seed_runs_layerwise_same_l_v1/mvp__same_l__videomae_v2__vit_large_16_224__mlp__layer_6/seed_101/train_eval_summary.json,artifacts/probes/mvp/seed_runs_layerwise_same_l_v1/mvp__same_l__videomae_v2__vit_large_16_224__mlp__layer_6/seed_101/layer_6/eval,results/verified_layerwise_probe_configs.csv,462,,,,artifact metrics read from train_eval_summary.json
same_l_linear_mlp,results/seed_runs/layerwise_same_l_linear_mlp_seed_results_long.csv,mvp__same_l__videomae_v2__vit_large_16_224__mlp__layer_6,mvp__same_l__videomae_v2__vit_large_16_224__mlp__layer_6__seed_102,MVP,mvp,same_L,VideoMAE-v2,ViT-L/16,MLP,mlp,6,6,102,artifact,complete,pair_consistency,pair_consistency,72.816189,86.003373,51.061678,73.154702,48.938322,71.385238,2000,2000,false,false,artifacts/probes/mvp/seed_runs_layerwise_same_l_v1/mvp__same_l__videomae_v2__vit_large_16_224__mlp__layer_6/seed_102/train_eval_summary.json,artifacts/probes/mvp/seed_runs_layerwise_same_l_v1/mvp__same_l__videomae_v2__vit_large_16_224__mlp__layer_6/seed_102/layer_6/eval,results/verified_layerwise_probe_configs.csv,462,,,,artifact metrics read from train_eval_summary.json
same_l_linear_mlp,results/seed_runs/layerwise_same_l_linear_mlp_seed_results_long.csv,mvp__same_l__videomae_v2__vit_large_16_224__mlp__layer_12,mvp__same_l__videomae_v2__vit_large_16_224__mlp__layer_12__seed_101,MVP,mvp,same_L,VideoMAE-v2,ViT-L/16,MLP,mlp,12,12,101,artifact,complete,pair_consistency,pair_consistency,91.096121,95.531197,67.340748,81.850354,64.71183,80.131446,2000,2000,false,false,artifacts/probes/mvp/seed_runs_layerwise_same_l_v1/mvp__same_l__videomae_v2__vit_large_16_224__mlp__layer_12/seed_101/train_eval_summary.json,artifacts/probes/mvp/seed_runs_layerwise_same_l_v1/mvp__same_l__videomae_v2__vit_large_16_224__mlp__layer_12/seed_101/layer_12/eval,results/verified_layerwise_probe_configs.csv,463,,,,artifact metrics read from train_eval_summary.json
same_l_linear_mlp,results/seed_runs/layerwise_same_l_linear_mlp_seed_results_long.csv,mvp__same_l__videomae_v2__vit_large_16_224__mlp__layer_12,mvp__same_l__videomae_v2__vit_large_16_224__mlp__layer_12__seed_102,MVP,mvp,same_L,VideoMAE-v2,ViT-L/16,MLP,mlp,12,12,102,artifact,complete,pair_consistency,pair_consistency,92.816189,96.408094,66.734075,81.597573,64.914055,80.030334,2000,2000,false,false,artifacts/probes/mvp/seed_runs_layerwise_same_l_v1/mvp__same_l__videomae_v2__vit_large_16_224__mlp__layer_12/seed_102/train_eval_summary.json,artifacts/probes/mvp/seed_runs_layerwise_same_l_v1/mvp__same_l__videomae_v2__vit_large_16_224__mlp__layer_12/seed_102/layer_12/eval,results/verified_layerwise_probe_configs.csv,463,,,,artifact metrics read from train_eval_summary.json
same_l_linear_mlp,results/seed_runs/layerwise_same_l_linear_mlp_seed_results_long.csv,mvp__same_l__videomae_v2__vit_large_16_224__mlp__layer_18,mvp__same_l__videomae_v2__vit_large_16_224__mlp__layer_18__seed_101,MVP,mvp,same_L,VideoMAE-v2,ViT-L/16,MLP,mlp,18,18,101,artifact,complete,pair_consistency,pair_consistency,99.325464,99.662732,73.811931,85.28817,69.059656,82.406471,2000,2000,false,false,artifacts/probes/mvp/seed_runs_layerwise_same_l_v1/mvp__same_l__videomae_v2__vit_large_16_224__mlp__layer_18/seed_101/train_eval_summary.json,artifacts/probes/mvp/seed_runs_layerwise_same_l_v1/mvp__same_l__videomae_v2__vit_large_16_224__mlp__layer_18/seed_101/layer_18/eval,results/verified_layerwise_probe_configs.csv,464,,,,artifact metrics read from train_eval_summary.json
same_l_linear_mlp,results/seed_runs/layerwise_same_l_linear_mlp_seed_results_long.csv,mvp__same_l__videomae_v2__vit_large_16_224__mlp__layer_18,mvp__same_l__videomae_v2__vit_large_16_224__mlp__layer_18__seed_102,MVP,mvp,same_L,VideoMAE-v2,ViT-L/16,MLP,mlp,18,18,102,artifact,complete,pair_consistency,pair_consistency,99.325464,99.662732,72.598584,84.833165,66.632963,81.344793,2000,2000,false,false,artifacts/probes/mvp/seed_runs_layerwise_same_l_v1/mvp__same_l__videomae_v2__vit_large_16_224__mlp__layer_18/seed_102/train_eval_summary.json,artifacts/probes/mvp/seed_runs_layerwise_same_l_v1/mvp__same_l__videomae_v2__vit_large_16_224__mlp__layer_18/seed_102/layer_18/eval,results/verified_layerwise_probe_configs.csv,464,,,,artifact metrics read from train_eval_summary.json
same_l_linear_mlp,results/seed_runs/layerwise_same_l_linear_mlp_seed_results_long.csv,mvp__same_l__videomae_v2__vit_large_16_224__mlp__layer_24,mvp__same_l__videomae_v2__vit_large_16_224__mlp__layer_24__seed_101,MVP,mvp,same_L,VideoMAE-v2,ViT-L/16,MLP,mlp,24,24,101,artifact,complete,pair_consistency,pair_consistency,99.224283,99.612142,59.150657,77.451972,57.0273,76.086957,2000,2000,false,false,artifacts/probes/mvp/seed_runs_layerwise_same_l_v1/mvp__same_l__videomae_v2__vit_large_16_224__mlp__layer_24/seed_101/train_eval_summary.json,artifacts/probes/mvp/seed_runs_layerwise_same_l_v1/mvp__same_l__videomae_v2__vit_large_16_224__mlp__layer_24/seed_101/layer_24/eval,results/verified_layerwise_probe_configs.csv,465,,,,artifact metrics read from train_eval_summary.json
same_l_linear_mlp,results/seed_runs/layerwise_same_l_linear_mlp_seed_results_long.csv,mvp__same_l__videomae_v2__vit_large_16_224__mlp__layer_24,mvp__same_l__videomae_v2__vit_large_16_224__mlp__layer_24__seed_102,MVP,mvp,same_L,VideoMAE-v2,ViT-L/16,MLP,mlp,24,24,102,artifact,complete,pair_consistency,pair_consistency,99.831366,99.915683,60.262892,78.109201,58.139535,76.643074,2000,2000,false,false,artifacts/probes/mvp/seed_runs_layerwise_same_l_v1/mvp__same_l__videomae_v2__vit_large_16_224__mlp__layer_24/seed_102/train_eval_summary.json,artifacts/probes/mvp/seed_runs_layerwise_same_l_v1/mvp__same_l__videomae_v2__vit_large_16_224__mlp__layer_24/seed_102/layer_24/eval,results/verified_layerwise_probe_configs.csv,465,,,,artifact metrics read from train_eval_summary.json
same_l_attentive,results/seed_runs/layerwise_same_l_attentive_seed_results_long.csv,intphys2__same_l__v_jepa__vit_l_16__temporal_attn__layer_6,intphys2__same_l__v_jepa__vit_l_16__temporal_attn__layer_6__seed_42,IntPhys2,intphys2,same_L,V-JEPA,ViT-L/16,Attentive,temporal_attn,6,6,42,source_csv,complete,voe_accuracy,voe_accuracy,13.907285,48.675497,21.568627,54.411765,15.686275,52.45098,,90,,true,,,results/verified_layerwise_probe_configs.csv,10,intphys_primary_db.xlsx,V-JEPA,A11:K11,seed 42 read from source CSV metrics
same_l_attentive,results/seed_runs/layerwise_same_l_attentive_seed_results_long.csv,intphys2__same_l__v_jepa__vit_l_16__temporal_attn__layer_12,intphys2__same_l__v_jepa__vit_l_16__temporal_attn__layer_12__seed_42,IntPhys2,intphys2,same_L,V-JEPA,ViT-L/16,Attentive,temporal_attn,12,12,42,source_csv,complete,voe_accuracy,voe_accuracy,96.02649,95.529801,62.745098,75.490196,62.745098,77.45098,,90,,true,,,results/verified_layerwise_probe_configs.csv,11,intphys_primary_db.xlsx,V-JEPA,A12:K12,seed 42 read from source CSV metrics
same_l_attentive,results/seed_runs/layerwise_same_l_attentive_seed_results_long.csv,intphys2__same_l__v_jepa__vit_l_16__temporal_attn__layer_18,intphys2__same_l__v_jepa__vit_l_16__temporal_attn__layer_18__seed_42,IntPhys2,intphys2,same_L,V-JEPA,ViT-L/16,Attentive,temporal_attn,18,18,42,source_csv,complete,voe_accuracy,voe_accuracy,100,97.516556,78.431373,84.313725,74.509804,83.333333,,90,,true,,,results/verified_layerwise_probe_configs.csv,12,intphys_primary_db.xlsx,V-JEPA,A13:K13,seed 42 read from source CSV metrics
same_l_attentive,results/seed_runs/layerwise_same_l_attentive_seed_results_long.csv,intphys2__same_l__v_jepa__vit_l_16__temporal_attn__layer_24,intphys2__same_l__v_jepa__vit_l_16__temporal_attn__layer_24__seed_42,IntPhys2,intphys2,same_L,V-JEPA,ViT-L/16,Attentive,temporal_attn,24,24,42,source_csv,complete,voe_accuracy,voe_accuracy,92.05298,92.384106,62.745098,76.470588,60.784314,78.431373,,90,,true,,,results/verified_layerwise_probe_configs.csv,13,intphys_primary_db.xlsx,V-JEPA,A14:K14,seed 42 read from source CSV metrics
same_l_attentive,results/seed_runs/layerwise_same_l_attentive_seed_results_long.csv,intphys2__same_l__v_jepa_2__vit_l_16__temporal_attn__layer_6,intphys2__same_l__v_jepa_2__vit_l_16__temporal_attn__layer_6__seed_42,IntPhys2,intphys2,same_L,V-JEPA 2,ViT-L/16,Attentive,temporal_attn,6,6,42,source_csv,complete,voe_accuracy,voe_accuracy,18.543046,50.331126,19.607843,51.960784,19.607843,47.54902,,90,,true,,,results/verified_layerwise_probe_configs.csv,34,intphys_primary_db.xlsx,V-JEPA 2,A11:K11,seed 42 read from source CSV metrics
same_l_attentive,results/seed_runs/layerwise_same_l_attentive_seed_results_long.csv,intphys2__same_l__v_jepa_2__vit_l_16__temporal_attn__layer_12,intphys2__same_l__v_jepa_2__vit_l_16__temporal_attn__layer_12__seed_42,IntPhys2,intphys2,same_L,V-JEPA 2,ViT-L/16,Attentive,temporal_attn,12,12,42,source_csv,complete,voe_accuracy,voe_accuracy,65.562914,79.139073,58.823529,75,49.019608,70.588235,,90,,true,,,results/verified_layerwise_probe_configs.csv,35,intphys_primary_db.xlsx,V-JEPA 2,A12:K12,seed 42 read from source CSV metrics
same_l_attentive,results/seed_runs/layerwise_same_l_attentive_seed_results_long.csv,intphys2__same_l__v_jepa_2__vit_l_16__temporal_attn__layer_18,intphys2__same_l__v_jepa_2__vit_l_16__temporal_attn__layer_18__seed_42,IntPhys2,intphys2,same_L,V-JEPA 2,ViT-L/16,Attentive,temporal_attn,18,18,42,source_csv,complete,voe_accuracy,voe_accuracy,100,99.503311,68.627451,80.882353,70.588235,83.333333,,90,,true,,,results/verified_layerwise_probe_configs.csv,36,intphys_primary_db.xlsx,V-JEPA 2,A13:K13,seed 42 read from source CSV metrics
same_l_attentive,results/seed_runs/layerwise_same_l_attentive_seed_results_long.csv,intphys2__same_l__v_jepa_2__vit_l_16__temporal_attn__layer_24,intphys2__same_l__v_jepa_2__vit_l_16__temporal_attn__layer_24__seed_42,IntPhys2,intphys2,same_L,V-JEPA 2,ViT-L/16,Attentive,temporal_attn,24,24,42,source_csv,complete,voe_accuracy,voe_accuracy,90.066225,88.741722,52.941176,71.078431,64.705882,74.509804,,90,,true,,,results/verified_layerwise_probe_configs.csv,37,intphys_primary_db.xlsx,V-JEPA 2,A14:K14,seed 42 read from source CSV metrics
same_l_attentive,results/seed_runs/layerwise_same_l_attentive_seed_results_long.csv,intphys2__same_l__v_jepa_2_1__vit_l_16__temporal_attn__layer_6,intphys2__same_l__v_jepa_2_1__vit_l_16__temporal_attn__layer_6__seed_42,IntPhys2,intphys2,same_L,V-JEPA 2.1,ViT-L/16,Attentive,temporal_attn,6,6,42,source_csv,complete,voe_accuracy,voe_accuracy,21.192053,50.331126,21.568627,50,3.921569,50,,90,,true,,,results/verified_layerwise_probe_configs.csv,70,intphys_primary_db.xlsx,V-JEPA 2.1,N11:X11,seed 42 read from source CSV metrics
same_l_attentive,results/seed_runs/layerwise_same_l_attentive_seed_results_long.csv,intphys2__same_l__v_jepa_2_1__vit_l_16__temporal_attn__layer_12,intphys2__same_l__v_jepa_2_1__vit_l_16__temporal_attn__layer_12__seed_42,IntPhys2,intphys2,same_L,V-JEPA 2.1,ViT-L/16,Attentive,temporal_attn,12,12,42,source_csv,complete,voe_accuracy,voe_accuracy,25.827815,51.986755,23.529412,50.980392,13.72549,50.490196,,90,,true,,,results/verified_layerwise_probe_configs.csv,71,intphys_primary_db.xlsx,V-JEPA 2.1,N12:X12,seed 42 read from source CSV metrics
same_l_attentive,results/seed_runs/layerwise_same_l_attentive_seed_results_long.csv,intphys2__same_l__v_jepa_2_1__vit_l_16__temporal_attn__layer_18,intphys2__same_l__v_jepa_2_1__vit_l_16__temporal_attn__layer_18__seed_42,IntPhys2,intphys2,same_L,V-JEPA 2.1,ViT-L/16,Attentive,temporal_attn,18,18,42,source_csv,complete,voe_accuracy,voe_accuracy,86.754967,88.741722,56.862745,77.941176,52.941176,75.980392,,90,,true,,,results/verified_layerwise_probe_configs.csv,72,intphys_primary_db.xlsx,V-JEPA 2.1,N13:X13,seed 42 read from source CSV metrics
same_l_attentive,results/seed_runs/layerwise_same_l_attentive_seed_results_long.csv,intphys2__same_l__v_jepa_2_1__vit_l_16__temporal_attn__layer_24,intphys2__same_l__v_jepa_2_1__vit_l_16__temporal_attn__layer_24__seed_42,IntPhys2,intphys2,same_L,V-JEPA 2.1,ViT-L/16,Attentive,temporal_attn,24,24,42,source_csv,complete,voe_accuracy,voe_accuracy,96.688742,93.874172,66.666667,76.960784,58.823529,72.54902,,90,,true,,,results/verified_layerwise_probe_configs.csv,73,intphys_primary_db.xlsx,V-JEPA 2.1,N14:X14,seed 42 read from source CSV metrics
same_l_attentive,results/seed_runs/layerwise_same_l_attentive_seed_results_long.csv,intphys2__same_l__videomae__vit_l_16__temporal_attn__layer_6,intphys2__same_l__videomae__vit_l_16__temporal_attn__layer_6__seed_42,IntPhys2,intphys2,same_L,VideoMAE,ViT-L/16,Attentive,temporal_attn,6,6,42,source_csv,complete,voe_accuracy,voe_accuracy,14.569536,49.668874,19.607843,54.901961,17.647059,52.941176,,90,,true,,,results/verified_layerwise_probe_configs.csv,106,intphys_primary_db.xlsx,VideoMAE,A11:K11,seed 42 read from source CSV metrics
same_l_attentive,results/seed_runs/layerwise_same_l_attentive_seed_results_long.csv,intphys2__same_l__videomae__vit_l_16__temporal_attn__layer_12,intphys2__same_l__videomae__vit_l_16__temporal_attn__layer_12__seed_42,IntPhys2,intphys2,same_L,VideoMAE,ViT-L/16,Attentive,temporal_attn,12,12,42,source_csv,complete,voe_accuracy,voe_accuracy,9.271523,49.006623,19.607843,54.901961,7.843137,45.098039,,90,,true,,,results/verified_layerwise_probe_configs.csv,107,intphys_primary_db.xlsx,VideoMAE,A12:K12,seed 42 read from source CSV metrics
same_l_attentive,results/seed_runs/layerwise_same_l_attentive_seed_results_long.csv,intphys2__same_l__videomae__vit_l_16__temporal_attn__layer_18,intphys2__same_l__videomae__vit_l_16__temporal_attn__layer_18__seed_42,IntPhys2,intphys2,same_L,VideoMAE,ViT-L/16,Attentive,temporal_attn,18,18,42,source_csv,complete,voe_accuracy,voe_accuracy,98.013245,97.847682,66.666667,81.372549,62.745098,77.941176,,90,,true,,,results/verified_layerwise_probe_configs.csv,108,intphys_primary_db.xlsx,VideoMAE,A13:K13,seed 42 read from source CSV metrics
same_l_attentive,results/seed_runs/layerwise_same_l_attentive_seed_results_long.csv,intphys2__same_l__videomae__vit_l_16__temporal_attn__layer_24,intphys2__same_l__videomae__vit_l_16__temporal_attn__layer_24__seed_42,IntPhys2,intphys2,same_L,VideoMAE,ViT-L/16,Attentive,temporal_attn,24,24,42,source_csv,complete,voe_accuracy,voe_accuracy,97.350993,97.847682,68.627451,78.921569,68.627451,79.901961,,90,,true,,,results/verified_layerwise_probe_configs.csv,109,intphys_primary_db.xlsx,VideoMAE,A14:K14,seed 42 read from source CSV metrics
same_l_attentive,results/seed_runs/layerwise_same_l_attentive_seed_results_long.csv,intphys2__same_l__videomae_v2__vit_l_16__temporal_attn__layer_6,intphys2__same_l__videomae_v2__vit_l_16__temporal_attn__layer_6__seed_42,IntPhys2,intphys2,same_L,VideoMAE-v2,ViT-L/16,Attentive,temporal_attn,6,6,42,source_csv,complete,voe_accuracy,voe_accuracy,11.92053,48.344371,21.568627,54.901961,7.843137,49.019608,,90,,true,,,results/verified_layerwise_probe_configs.csv,142,intphys_primary_db.xlsx,VideoMAE-v2,N11:X11,seed 42 read from source CSV metrics
same_l_attentive,results/seed_runs/layerwise_same_l_attentive_seed_results_long.csv,intphys2__same_l__videomae_v2__vit_l_16__temporal_attn__layer_12,intphys2__same_l__videomae_v2__vit_l_16__temporal_attn__layer_12__seed_42,IntPhys2,intphys2,same_L,VideoMAE-v2,ViT-L/16,Attentive,temporal_attn,12,12,42,source_csv,complete,voe_accuracy,voe_accuracy,93.377483,91.390728,49.019608,70.098039,47.058824,67.156863,,90,,true,,,results/verified_layerwise_probe_configs.csv,143,intphys_primary_db.xlsx,VideoMAE-v2,N12:X12,seed 42 read from source CSV metrics
same_l_attentive,results/seed_runs/layerwise_same_l_attentive_seed_results_long.csv,intphys2__same_l__videomae_v2__vit_l_16__temporal_attn__layer_18,intphys2__same_l__videomae_v2__vit_l_16__temporal_attn__layer_18__seed_42,IntPhys2,intphys2,same_L,VideoMAE-v2,ViT-L/16,Attentive,temporal_attn,18,18,42,source_csv,complete,voe_accuracy,voe_accuracy,92.715232,94.039735,56.862745,75.980392,54.901961,73.039216,,90,,true,,,results/verified_layerwise_probe_configs.csv,144,intphys_primary_db.xlsx,VideoMAE-v2,N13:X13,seed 42 read from source CSV metrics
same_l_attentive,results/seed_runs/layerwise_same_l_attentive_seed_results_long.csv,intphys2__same_l__videomae_v2__vit_l_16__temporal_attn__layer_24,intphys2__same_l__videomae_v2__vit_l_16__temporal_attn__layer_24__seed_42,IntPhys2,intphys2,same_L,VideoMAE-v2,ViT-L/16,Attentive,temporal_attn,24,24,42,source_csv,complete,voe_accuracy,voe_accuracy,98.675497,96.523179,33.333333,59.803922,31.372549,59.313725,,90,,true,,,results/verified_layerwise_probe_configs.csv,145,intphys_primary_db.xlsx,VideoMAE-v2,N14:X14,seed 42 read from source CSV metrics
same_l_attentive,results/seed_runs/layerwise_same_l_attentive_seed_results_long.csv,mvp__same_l__jepa_v1__vitl16_224__temporal_attn__layer_6,mvp__same_l__jepa_v1__vitl16_224__temporal_attn__layer_6__seed_42,MVP,mvp,same_L,V-JEPA,ViT-L/16,Attentive,temporal_attn,6,6,42,source_csv,complete,pair_consistency,pair_consistency,87.251265,93.254637,75.631951,85.995956,73.811931,85.035389,,30,,true,,,results/verified_layerwise_probe_configs.csv,334,mvp_primary_db.xlsx,V-JEPA,A11:K11,seed 42 read from source CSV metrics
same_l_attentive,results/seed_runs/layerwise_same_l_attentive_seed_results_long.csv,mvp__same_l__jepa_v1__vitl16_224__temporal_attn__layer_12,mvp__same_l__jepa_v1__vitl16_224__temporal_attn__layer_12__seed_42,MVP,mvp,same_L,V-JEPA,ViT-L/16,Attentive,temporal_attn,12,12,42,source_csv,complete,pair_consistency,pair_consistency,96.559865,98.279933,92.113246,95.601618,92.214358,95.70273,,30,,true,,,results/verified_layerwise_probe_configs.csv,335,mvp_primary_db.xlsx,V-JEPA,A12:K12,seed 42 read from source CSV metrics
same_l_attentive,results/seed_runs/layerwise_same_l_attentive_seed_results_long.csv,mvp__same_l__jepa_v1__vitl16_224__temporal_attn__layer_18,mvp__same_l__jepa_v1__vitl16_224__temporal_attn__layer_18__seed_42,MVP,mvp,same_L,V-JEPA,ViT-L/16,Attentive,temporal_attn,18,18,42,source_csv,complete,pair_consistency,pair_consistency,99.123103,99.561551,94.438827,96.814965,93.832154,96.461072,,30,,true,,,results/verified_layerwise_probe_configs.csv,336,mvp_primary_db.xlsx,V-JEPA,A13:K13,seed 42 read from source CSV metrics
same_l_attentive,results/seed_runs/layerwise_same_l_attentive_seed_results_long.csv,mvp__same_l__jepa_v1__vitl16_224__temporal_attn__layer_24,mvp__same_l__jepa_v1__vitl16_224__temporal_attn__layer_24__seed_42,MVP,mvp,same_L,V-JEPA,ViT-L/16,Attentive,temporal_attn,24,24,42,source_csv,complete,pair_consistency,pair_consistency,97.335582,98.650927,93.023256,95.904954,93.427705,96.562184,,30,,true,,,results/verified_layerwise_probe_configs.csv,337,mvp_primary_db.xlsx,V-JEPA,A14:K14,seed 42 read from source CSV metrics
same_l_attentive,results/seed_runs/layerwise_same_l_attentive_seed_results_long.csv,mvp__same_l__jepa_v2__vitl_256__temporal_attn__layer_6,mvp__same_l__jepa_v2__vitl_256__temporal_attn__layer_6__seed_42,MVP,mvp,same_L,V-JEPA 2,ViT-L/16,Attentive,temporal_attn,6,6,42,source_csv,complete,pair_consistency,pair_consistency,71.062395,83.541315,53.38726,71.587462,52.780586,70.879676,,30,,true,,,results/verified_layerwise_probe_configs.csv,358,mvp_primary_db.xlsx,V-JEPA 2,A11:K11,seed 42 read from source CSV metrics
same_l_attentive,results/seed_runs/layerwise_same_l_attentive_seed_results_long.csv,mvp__same_l__jepa_v2__vitl_256__temporal_attn__layer_12,mvp__same_l__jepa_v2__vitl_256__temporal_attn__layer_12__seed_42,MVP,mvp,same_L,V-JEPA 2,ViT-L/16,Attentive,temporal_attn,12,12,42,source_csv,complete,pair_consistency,pair_consistency,96.93086,98.448567,89.282103,94.084934,86.85541,92.517695,,30,,true,,,results/verified_layerwise_probe_configs.csv,359,mvp_primary_db.xlsx,V-JEPA 2,A12:K12,seed 42 read from source CSV metrics
same_l_attentive,results/seed_runs/layerwise_same_l_attentive_seed_results_long.csv,mvp__same_l__jepa_v2__vitl_256__temporal_attn__layer_18,mvp__same_l__jepa_v2__vitl_256__temporal_attn__layer_18__seed_42,MVP,mvp,same_L,V-JEPA 2,ViT-L/16,Attentive,temporal_attn,18,18,42,source_csv,complete,pair_consistency,pair_consistency,96.82968,98.41484,93.731041,96.511628,93.326593,96.309403,,30,,true,,,results/verified_layerwise_probe_configs.csv,360,mvp_primary_db.xlsx,V-JEPA 2,A13:K13,seed 42 read from source CSV metrics
same_l_attentive,results/seed_runs/layerwise_same_l_attentive_seed_results_long.csv,mvp__same_l__jepa_v2__vitl_256__temporal_attn__layer_24,mvp__same_l__jepa_v2__vitl_256__temporal_attn__layer_24__seed_42,MVP,mvp,same_L,V-JEPA 2,ViT-L/16,Attentive,temporal_attn,24,24,42,source_csv,complete,pair_consistency,pair_consistency,97.537943,98.701518,95.045501,97.26997,92.821031,96.107179,,30,,true,,,results/verified_layerwise_probe_configs.csv,361,mvp_primary_db.xlsx,V-JEPA 2,A14:K14,seed 42 read from source CSV metrics
same_l_attentive,results/seed_runs/layerwise_same_l_attentive_seed_results_long.csv,mvp__same_l__jepa_v2_1__vitl_384__temporal_attn__layer_6,mvp__same_l__jepa_v2_1__vitl_384__temporal_attn__layer_6__seed_42,MVP,mvp,same_L,V-JEPA 2.1,ViT-L/16,Attentive,temporal_attn,6,6,42,source_csv,complete,pair_consistency,pair_consistency,77.706577,87.436762,59.656218,76.390293,57.633974,73.9636,,30,,true,,,results/verified_layerwise_probe_configs.csv,394,mvp_primary_db.xlsx,V-JEPA 2.1,N11:X11,seed 42 read from source CSV metrics
same_l_attentive,results/seed_runs/layerwise_same_l_attentive_seed_results_long.csv,mvp__same_l__jepa_v2_1__vitl_384__temporal_attn__layer_12,mvp__same_l__jepa_v2_1__vitl_384__temporal_attn__layer_12__seed_42,MVP,mvp,same_L,V-JEPA 2.1,ViT-L/16,Attentive,temporal_attn,12,12,42,source_csv,complete,pair_consistency,pair_consistency,94.435076,97.183811,89.079879,94.438827,87.158746,93.427705,,30,,true,,,results/verified_layerwise_probe_configs.csv,395,mvp_primary_db.xlsx,V-JEPA 2.1,N12:X12,seed 42 read from source CSV metrics
same_l_attentive,results/seed_runs/layerwise_same_l_attentive_seed_results_long.csv,mvp__same_l__jepa_v2_1__vitl_384__temporal_attn__layer_18,mvp__same_l__jepa_v2_1__vitl_384__temporal_attn__layer_18__seed_42,MVP,mvp,same_L,V-JEPA 2.1,ViT-L/16,Attentive,temporal_attn,18,18,42,source_csv,complete,pair_consistency,pair_consistency,94.873524,97.284992,90.798787,94.944388,89.383215,94.388271,,30,,true,,,results/verified_layerwise_probe_configs.csv,396,mvp_primary_db.xlsx,V-JEPA 2.1,N13:X13,seed 42 read from source CSV metrics
same_l_attentive,results/seed_runs/layerwise_same_l_attentive_seed_results_long.csv,mvp__same_l__jepa_v2_1__vitl_384__temporal_attn__layer_24,mvp__same_l__jepa_v2_1__vitl_384__temporal_attn__layer_24__seed_42,MVP,mvp,same_L,V-JEPA 2.1,ViT-L/16,Attentive,temporal_attn,24,24,42,source_csv,complete,pair_consistency,pair_consistency,97.740304,98.802698,93.023256,95.904954,93.629929,96.107179,,30,,true,,,results/verified_layerwise_probe_configs.csv,397,mvp_primary_db.xlsx,V-JEPA 2.1,N14:X14,seed 42 read from source CSV metrics
same_l_attentive,results/seed_runs/layerwise_same_l_attentive_seed_results_long.csv,mvp__same_l__videomae__vit_large_16_224__temporal_attn__layer_6,mvp__same_l__videomae__vit_large_16_224__temporal_attn__layer_6__seed_42,MVP,mvp,same_L,VideoMAE,ViT-L/16,Attentive,temporal_attn,6,6,42,source_csv,complete,pair_consistency,pair_consistency,86.913997,93.271501,67.037412,80.889788,69.059656,82.103134,,30,,true,,,results/verified_layerwise_probe_configs.csv,430,mvp_primary_db.xlsx,VideoMAE,A11:K11,seed 42 read from source CSV metrics
same_l_attentive,results/seed_runs/layerwise_same_l_attentive_seed_results_long.csv,mvp__same_l__videomae__vit_large_16_224__temporal_attn__layer_12,mvp__same_l__videomae__vit_large_16_224__temporal_attn__layer_12__seed_42,MVP,mvp,same_L,VideoMAE,ViT-L/16,Attentive,temporal_attn,12,12,42,source_csv,complete,pair_consistency,pair_consistency,92.209106,95.801012,75.935288,85.894843,76.238625,86.147624,,30,,true,,,results/verified_layerwise_probe_configs.csv,431,mvp_primary_db.xlsx,VideoMAE,A12:K12,seed 42 read from source CSV metrics
same_l_attentive,results/seed_runs/layerwise_same_l_attentive_seed_results_long.csv,mvp__same_l__videomae__vit_large_16_224__temporal_attn__layer_18,mvp__same_l__videomae__vit_large_16_224__temporal_attn__layer_18__seed_42,MVP,mvp,same_L,VideoMAE,ViT-L/16,Attentive,temporal_attn,18,18,42,source_csv,complete,pair_consistency,pair_consistency,92.883642,96.323777,86.653185,92.922144,85.136502,91.961577,,30,,true,,,results/verified_layerwise_probe_configs.csv,432,mvp_primary_db.xlsx,VideoMAE,A13:K13,seed 42 read from source CSV metrics
same_l_attentive,results/seed_runs/layerwise_same_l_attentive_seed_results_long.csv,mvp__same_l__videomae__vit_large_16_224__temporal_attn__layer_24,mvp__same_l__videomae__vit_large_16_224__temporal_attn__layer_24__seed_42,MVP,mvp,same_L,VideoMAE,ViT-L/16,Attentive,temporal_attn,24,24,42,source_csv,complete,pair_consistency,pair_consistency,96.694772,98.347386,91.809909,95.70273,89.888777,94.691608,,30,,true,,,results/verified_layerwise_probe_configs.csv,433,mvp_primary_db.xlsx,VideoMAE,A14:K14,seed 42 read from source CSV metrics
same_l_attentive,results/seed_runs/layerwise_same_l_attentive_seed_results_long.csv,mvp__same_l__videomae_v2__vit_large_16_224__temporal_attn__layer_6,mvp__same_l__videomae_v2__vit_large_16_224__temporal_attn__layer_6__seed_42,MVP,mvp,same_L,VideoMAE-v2,ViT-L/16,Attentive,temporal_attn,6,6,42,source_csv,complete,pair_consistency,pair_consistency,79.359191,88.684654,62.588473,77.451972,60.768453,76.643074,,30,,true,,,results/verified_layerwise_probe_configs.csv,466,mvp_primary_db.xlsx,VideoMAE-v2,N11:X11,seed 42 read from source CSV metrics
same_l_attentive,results/seed_runs/layerwise_same_l_attentive_seed_results_long.csv,mvp__same_l__videomae_v2__vit_large_16_224__temporal_attn__layer_12,mvp__same_l__videomae_v2__vit_large_16_224__temporal_attn__layer_12__seed_42,MVP,mvp,same_L,VideoMAE-v2,ViT-L/16,Attentive,temporal_attn,12,12,42,source_csv,complete,pair_consistency,pair_consistency,97.065767,98.51602,77.856421,87.866532,75.935288,86.19818,,30,,true,,,results/verified_layerwise_probe_configs.csv,467,mvp_primary_db.xlsx,VideoMAE-v2,N12:X12,seed 42 read from source CSV metrics
same_l_attentive,results/seed_runs/layerwise_same_l_attentive_seed_results_long.csv,mvp__same_l__videomae_v2__vit_large_16_224__temporal_attn__layer_18,mvp__same_l__videomae_v2__vit_large_16_224__temporal_attn__layer_18__seed_42,MVP,mvp,same_L,VideoMAE-v2,ViT-L/16,Attentive,temporal_attn,18,18,42,source_csv,complete,pair_consistency,pair_consistency,95.750422,97.790894,88.776542,93.579373,87.360971,93.023256,,30,,true,,,results/verified_layerwise_probe_configs.csv,468,mvp_primary_db.xlsx,VideoMAE-v2,N13:X13,seed 42 read from source CSV metrics
same_l_attentive,results/seed_runs/layerwise_same_l_attentive_seed_results_long.csv,mvp__same_l__videomae_v2__vit_large_16_224__temporal_attn__layer_24,mvp__same_l__videomae_v2__vit_large_16_224__temporal_attn__layer_24__seed_42,MVP,mvp,same_L,VideoMAE-v2,ViT-L/16,Attentive,temporal_attn,24,24,42,source_csv,complete,pair_consistency,pair_consistency,98.549747,99.274874,84.327604,91.607685,83.72093,91.203236,,30,,true,,,results/verified_layerwise_probe_configs.csv,469,mvp_primary_db.xlsx,VideoMAE-v2,N14:X14,seed 42 read from source CSV metrics
same_l_attentive,results/seed_runs/layerwise_same_l_attentive_seed_results_long.csv,intphys2__same_l__v_jepa__vit_l_16__temporal_attn__layer_6,intphys2__same_l__v_jepa__vit_l_16__temporal_attn__layer_6__seed_101,IntPhys2,intphys2,same_L,V-JEPA,ViT-L/16,Attentive,temporal_attn,6,6,101,artifact,complete,voe_accuracy,voe_accuracy,10.596026,50.165563,25.490196,55.392157,15.686275,48.039216,35,90,true,true,artifacts/probes/intphys2/seed_runs_layerwise_same_l_attentive_v1/intphys2__same_l__v_jepa__vit_l_16__temporal_attn__layer_6/seed_101/train_eval_summary.json,artifacts/probes/intphys2/seed_runs_layerwise_same_l_attentive_v1/intphys2__same_l__v_jepa__vit_l_16__temporal_attn__layer_6/seed_101/layer_6/eval,results/verified_layerwise_probe_configs.csv,10,,,,artifact metrics read from train_eval_summary.json
same_l_attentive,results/seed_runs/layerwise_same_l_attentive_seed_results_long.csv,intphys2__same_l__v_jepa__vit_l_16__temporal_attn__layer_6,intphys2__same_l__v_jepa__vit_l_16__temporal_attn__layer_6__seed_102,IntPhys2,intphys2,same_L,V-JEPA,ViT-L/16,Attentive,temporal_attn,6,6,102,artifact,complete,voe_accuracy,voe_accuracy,14.569536,50.496689,19.607843,55.882353,9.803922,53.431373,37,90,true,true,artifacts/probes/intphys2/seed_runs_layerwise_same_l_attentive_v1/intphys2__same_l__v_jepa__vit_l_16__temporal_attn__layer_6/seed_102/train_eval_summary.json,artifacts/probes/intphys2/seed_runs_layerwise_same_l_attentive_v1/intphys2__same_l__v_jepa__vit_l_16__temporal_attn__layer_6/seed_102/layer_6/eval,results/verified_layerwise_probe_configs.csv,10,,,,artifact metrics read from train_eval_summary.json
same_l_attentive,results/seed_runs/layerwise_same_l_attentive_seed_results_long.csv,intphys2__same_l__v_jepa__vit_l_16__temporal_attn__layer_12,intphys2__same_l__v_jepa__vit_l_16__temporal_attn__layer_12__seed_101,IntPhys2,intphys2,same_L,V-JEPA,ViT-L/16,Attentive,temporal_attn,12,12,101,artifact,complete,voe_accuracy,voe_accuracy,95.364238,94.205298,60.784314,74.509804,64.705882,77.45098,90,90,false,true,artifacts/probes/intphys2/seed_runs_layerwise_same_l_attentive_v1/intphys2__same_l__v_jepa__vit_l_16__temporal_attn__layer_12/seed_101/train_eval_summary.json,artifacts/probes/intphys2/seed_runs_layerwise_same_l_attentive_v1/intphys2__same_l__v_jepa__vit_l_16__temporal_attn__layer_12/seed_101/layer_12/eval,results/verified_layerwise_probe_configs.csv,11,,,,artifact metrics read from train_eval_summary.json
same_l_attentive,results/seed_runs/layerwise_same_l_attentive_seed_results_long.csv,intphys2__same_l__v_jepa__vit_l_16__temporal_attn__layer_12,intphys2__same_l__v_jepa__vit_l_16__temporal_attn__layer_12__seed_102,IntPhys2,intphys2,same_L,V-JEPA,ViT-L/16,Attentive,temporal_attn,12,12,102,artifact,complete,voe_accuracy,voe_accuracy,98.675497,96.523179,64.705882,75.490196,66.666667,76.470588,90,90,false,true,artifacts/probes/intphys2/seed_runs_layerwise_same_l_attentive_v1/intphys2__same_l__v_jepa__vit_l_16__temporal_attn__layer_12/seed_102/train_eval_summary.json,artifacts/probes/intphys2/seed_runs_layerwise_same_l_attentive_v1/intphys2__same_l__v_jepa__vit_l_16__temporal_attn__layer_12/seed_102/layer_12/eval,results/verified_layerwise_probe_configs.csv,11,,,,artifact metrics read from train_eval_summary.json
same_l_attentive,results/seed_runs/layerwise_same_l_attentive_seed_results_long.csv,intphys2__same_l__v_jepa__vit_l_16__temporal_attn__layer_18,intphys2__same_l__v_jepa__vit_l_16__temporal_attn__layer_18__seed_101,IntPhys2,intphys2,same_L,V-JEPA,ViT-L/16,Attentive,temporal_attn,18,18,101,artifact,complete,voe_accuracy,voe_accuracy,88.741722,91.059603,62.745098,78.431373,68.627451,77.941176,90,90,false,true,artifacts/probes/intphys2/seed_runs_layerwise_same_l_attentive_v1/intphys2__same_l__v_jepa__vit_l_16__temporal_attn__layer_18/seed_101/train_eval_summary.json,artifacts/probes/intphys2/seed_runs_layerwise_same_l_attentive_v1/intphys2__same_l__v_jepa__vit_l_16__temporal_attn__layer_18/seed_101/layer_18/eval,results/verified_layerwise_probe_configs.csv,12,,,,artifact metrics read from train_eval_summary.json
same_l_attentive,results/seed_runs/layerwise_same_l_attentive_seed_results_long.csv,intphys2__same_l__v_jepa__vit_l_16__temporal_attn__layer_18,intphys2__same_l__v_jepa__vit_l_16__temporal_attn__layer_18__seed_102,IntPhys2,intphys2,same_L,V-JEPA,ViT-L/16,Attentive,temporal_attn,18,18,102,artifact,complete,voe_accuracy,voe_accuracy,94.701987,95.529801,66.666667,80.392157,78.431373,81.372549,81,90,true,true,artifacts/probes/intphys2/seed_runs_layerwise_same_l_attentive_v1/intphys2__same_l__v_jepa__vit_l_16__temporal_attn__layer_18/seed_102/train_eval_summary.json,artifacts/probes/intphys2/seed_runs_layerwise_same_l_attentive_v1/intphys2__same_l__v_jepa__vit_l_16__temporal_attn__layer_18/seed_102/layer_18/eval,results/verified_layerwise_probe_configs.csv,12,,,,artifact metrics read from train_eval_summary.json
same_l_attentive,results/seed_runs/layerwise_same_l_attentive_seed_results_long.csv,intphys2__same_l__v_jepa__vit_l_16__temporal_attn__layer_24,intphys2__same_l__v_jepa__vit_l_16__temporal_attn__layer_24__seed_101,IntPhys2,intphys2,same_L,V-JEPA,ViT-L/16,Attentive,temporal_attn,24,24,101,artifact,complete,voe_accuracy,voe_accuracy,100,99.172185,62.745098,72.058824,54.901961,65.196078,75,90,true,true,artifacts/probes/intphys2/seed_runs_layerwise_same_l_attentive_v1/intphys2__same_l__v_jepa__vit_l_16__temporal_attn__layer_24/seed_101/train_eval_summary.json,artifacts/probes/intphys2/seed_runs_layerwise_same_l_attentive_v1/intphys2__same_l__v_jepa__vit_l_16__temporal_attn__layer_24/seed_101/layer_24/eval,results/verified_layerwise_probe_configs.csv,13,,,,artifact metrics read from train_eval_summary.json
same_l_attentive,results/seed_runs/layerwise_same_l_attentive_seed_results_long.csv,intphys2__same_l__v_jepa__vit_l_16__temporal_attn__layer_24,intphys2__same_l__v_jepa__vit_l_16__temporal_attn__layer_24__seed_102,IntPhys2,intphys2,same_L,V-JEPA,ViT-L/16,Attentive,temporal_attn,24,24,102,artifact,complete,voe_accuracy,voe_accuracy,99.337748,97.847682,68.627451,79.901961,64.705882,81.372549,83,90,true,true,artifacts/probes/intphys2/seed_runs_layerwise_same_l_attentive_v1/intphys2__same_l__v_jepa__vit_l_16__temporal_attn__layer_24/seed_102/train_eval_summary.json,artifacts/probes/intphys2/seed_runs_layerwise_same_l_attentive_v1/intphys2__same_l__v_jepa__vit_l_16__temporal_attn__layer_24/seed_102/layer_24/eval,results/verified_layerwise_probe_configs.csv,13,,,,artifact metrics read from train_eval_summary.json
same_l_attentive,results/seed_runs/layerwise_same_l_attentive_seed_results_long.csv,intphys2__same_l__v_jepa_2__vit_l_16__temporal_attn__layer_6,intphys2__same_l__v_jepa_2__vit_l_16__temporal_attn__layer_6__seed_101,IntPhys2,intphys2,same_L,V-JEPA 2,ViT-L/16,Attentive,temporal_attn,6,6,101,artifact,complete,voe_accuracy,voe_accuracy,19.205298,48.675497,15.686275,51.960784,11.764706,50,32,90,true,true,artifacts/probes/intphys2/seed_runs_layerwise_same_l_attentive_v1/intphys2__same_l__v_jepa_2__vit_l_16__temporal_attn__layer_6/seed_101/train_eval_summary.json,artifacts/probes/intphys2/seed_runs_layerwise_same_l_attentive_v1/intphys2__same_l__v_jepa_2__vit_l_16__temporal_attn__layer_6/seed_101/layer_6/eval,results/verified_layerwise_probe_configs.csv,34,,,,artifact metrics read from train_eval_summary.json
same_l_attentive,results/seed_runs/layerwise_same_l_attentive_seed_results_long.csv,intphys2__same_l__v_jepa_2__vit_l_16__temporal_attn__layer_6,intphys2__same_l__v_jepa_2__vit_l_16__temporal_attn__layer_6__seed_102,IntPhys2,intphys2,same_L,V-JEPA 2,ViT-L/16,Attentive,temporal_attn,6,6,102,artifact,complete,voe_accuracy,voe_accuracy,19.205298,49.834437,13.72549,53.921569,17.647059,52.941176,33,90,true,true,artifacts/probes/intphys2/seed_runs_layerwise_same_l_attentive_v1/intphys2__same_l__v_jepa_2__vit_l_16__temporal_attn__layer_6/seed_102/train_eval_summary.json,artifacts/probes/intphys2/seed_runs_layerwise_same_l_attentive_v1/intphys2__same_l__v_jepa_2__vit_l_16__temporal_attn__layer_6/seed_102/layer_6/eval,results/verified_layerwise_probe_configs.csv,34,,,,artifact metrics read from train_eval_summary.json
same_l_attentive,results/seed_runs/layerwise_same_l_attentive_seed_results_long.csv,intphys2__same_l__v_jepa_2__vit_l_16__temporal_attn__layer_12,intphys2__same_l__v_jepa_2__vit_l_16__temporal_attn__layer_12__seed_101,IntPhys2,intphys2,same_L,V-JEPA 2,ViT-L/16,Attentive,temporal_attn,12,12,101,artifact,complete,voe_accuracy,voe_accuracy,62.913907,77.649007,52.941176,70.588235,50.980392,69.117647,52,90,true,true,artifacts/probes/intphys2/seed_runs_layerwise_same_l_attentive_v1/intphys2__same_l__v_jepa_2__vit_l_16__temporal_attn__layer_12/seed_101/train_eval_summary.json,artifacts/probes/intphys2/seed_runs_layerwise_same_l_attentive_v1/intphys2__same_l__v_jepa_2__vit_l_16__temporal_attn__layer_12/seed_101/layer_12/eval,results/verified_layerwise_probe_configs.csv,35,,,,artifact metrics read from train_eval_summary.json
same_l_attentive,results/seed_runs/layerwise_same_l_attentive_seed_results_long.csv,intphys2__same_l__v_jepa_2__vit_l_16__temporal_attn__layer_12,intphys2__same_l__v_jepa_2__vit_l_16__temporal_attn__layer_12__seed_102,IntPhys2,intphys2,same_L,V-JEPA 2,ViT-L/16,Attentive,temporal_attn,12,12,102,artifact,complete,voe_accuracy,voe_accuracy,85.430464,88.07947,49.019608,73.039216,60.784314,72.058824,68,90,true,true,artifacts/probes/intphys2/seed_runs_layerwise_same_l_attentive_v1/intphys2__same_l__v_jepa_2__vit_l_16__temporal_attn__layer_12/seed_102/train_eval_summary.json,artifacts/probes/intphys2/seed_runs_layerwise_same_l_attentive_v1/intphys2__same_l__v_jepa_2__vit_l_16__temporal_attn__layer_12/seed_102/layer_12/eval,results/verified_layerwise_probe_configs.csv,35,,,,artifact metrics read from train_eval_summary.json
same_l_attentive,results/seed_runs/layerwise_same_l_attentive_seed_results_long.csv,intphys2__same_l__v_jepa_2__vit_l_16__temporal_attn__layer_18,intphys2__same_l__v_jepa_2__vit_l_16__temporal_attn__layer_18__seed_101,IntPhys2,intphys2,same_L,V-JEPA 2,ViT-L/16,Attentive,temporal_attn,18,18,101,artifact,complete,voe_accuracy,voe_accuracy,77.483444,83.278146,60.784314,74.509804,60.784314,75,73,90,true,true,artifacts/probes/intphys2/seed_runs_layerwise_same_l_attentive_v1/intphys2__same_l__v_jepa_2__vit_l_16__temporal_attn__layer_18/seed_101/train_eval_summary.json,artifacts/probes/intphys2/seed_runs_layerwise_same_l_attentive_v1/intphys2__same_l__v_jepa_2__vit_l_16__temporal_attn__layer_18/seed_101/layer_18/eval,results/verified_layerwise_probe_configs.csv,36,,,,artifact metrics read from train_eval_summary.json
same_l_attentive,results/seed_runs/layerwise_same_l_attentive_seed_results_long.csv,intphys2__same_l__v_jepa_2__vit_l_16__temporal_attn__layer_18,intphys2__same_l__v_jepa_2__vit_l_16__temporal_attn__layer_18__seed_102,IntPhys2,intphys2,same_L,V-JEPA 2,ViT-L/16,Attentive,temporal_attn,18,18,102,artifact,complete,voe_accuracy,voe_accuracy,73.509934,82.781457,60.784314,75.980392,58.823529,74.019608,70,90,true,true,artifacts/probes/intphys2/seed_runs_layerwise_same_l_attentive_v1/intphys2__same_l__v_jepa_2__vit_l_16__temporal_attn__layer_18/seed_102/train_eval_summary.json,artifacts/probes/intphys2/seed_runs_layerwise_same_l_attentive_v1/intphys2__same_l__v_jepa_2__vit_l_16__temporal_attn__layer_18/seed_102/layer_18/eval,results/verified_layerwise_probe_configs.csv,36,,,,artifact metrics read from train_eval_summary.json
same_l_attentive,results/seed_runs/layerwise_same_l_attentive_seed_results_long.csv,intphys2__same_l__v_jepa_2__vit_l_16__temporal_attn__layer_24,intphys2__same_l__v_jepa_2__vit_l_16__temporal_attn__layer_24__seed_101,IntPhys2,intphys2,same_L,V-JEPA 2,ViT-L/16,Attentive,temporal_attn,24,24,101,artifact,complete,voe_accuracy,voe_accuracy,84.10596,88.741722,56.862745,74.019608,58.823529,72.54902,60,90,true,true,artifacts/probes/intphys2/seed_runs_layerwise_same_l_attentive_v1/intphys2__same_l__v_jepa_2__vit_l_16__temporal_attn__layer_24/seed_101/train_eval_summary.json,artifacts/probes/intphys2/seed_runs_layerwise_same_l_attentive_v1/intphys2__same_l__v_jepa_2__vit_l_16__temporal_attn__layer_24/seed_101/layer_24/eval,results/verified_layerwise_probe_configs.csv,37,,,,artifact metrics read from train_eval_summary.json
same_l_attentive,results/seed_runs/layerwise_same_l_attentive_seed_results_long.csv,intphys2__same_l__v_jepa_2__vit_l_16__temporal_attn__layer_24,intphys2__same_l__v_jepa_2__vit_l_16__temporal_attn__layer_24__seed_102,IntPhys2,intphys2,same_L,V-JEPA 2,ViT-L/16,Attentive,temporal_attn,24,24,102,artifact,complete,voe_accuracy,voe_accuracy,83.443709,82.450331,70.588235,74.509804,62.745098,71.078431,50,90,true,true,artifacts/probes/intphys2/seed_runs_layerwise_same_l_attentive_v1/intphys2__same_l__v_jepa_2__vit_l_16__temporal_attn__layer_24/seed_102/train_eval_summary.json,artifacts/probes/intphys2/seed_runs_layerwise_same_l_attentive_v1/intphys2__same_l__v_jepa_2__vit_l_16__temporal_attn__layer_24/seed_102/layer_24/eval,results/verified_layerwise_probe_configs.csv,37,,,,artifact metrics read from train_eval_summary.json
same_l_attentive,results/seed_runs/layerwise_same_l_attentive_seed_results_long.csv,intphys2__same_l__v_jepa_2_1__vit_l_16__temporal_attn__layer_6,intphys2__same_l__v_jepa_2_1__vit_l_16__temporal_attn__layer_6__seed_101,IntPhys2,intphys2,same_L,V-JEPA 2.1,ViT-L/16,Attentive,temporal_attn,6,6,101,artifact,complete,voe_accuracy,voe_accuracy,15.89404,50.993377,5.882353,50.490196,7.843137,50.490196,46,90,true,true,artifacts/probes/intphys2/seed_runs_layerwise_same_l_attentive_v1/intphys2__same_l__v_jepa_2_1__vit_l_16__temporal_attn__layer_6/seed_101/train_eval_summary.json,artifacts/probes/intphys2/seed_runs_layerwise_same_l_attentive_v1/intphys2__same_l__v_jepa_2_1__vit_l_16__temporal_attn__layer_6/seed_101/layer_6/eval,results/verified_layerwise_probe_configs.csv,70,,,,artifact metrics read from train_eval_summary.json
same_l_attentive,results/seed_runs/layerwise_same_l_attentive_seed_results_long.csv,intphys2__same_l__v_jepa_2_1__vit_l_16__temporal_attn__layer_6,intphys2__same_l__v_jepa_2_1__vit_l_16__temporal_attn__layer_6__seed_102,IntPhys2,intphys2,same_L,V-JEPA 2.1,ViT-L/16,Attentive,temporal_attn,6,6,102,artifact,complete,voe_accuracy,voe_accuracy,13.245033,50,13.72549,50,13.72549,50,45,90,true,true,artifacts/probes/intphys2/seed_runs_layerwise_same_l_attentive_v1/intphys2__same_l__v_jepa_2_1__vit_l_16__temporal_attn__layer_6/seed_102/train_eval_summary.json,artifacts/probes/intphys2/seed_runs_layerwise_same_l_attentive_v1/intphys2__same_l__v_jepa_2_1__vit_l_16__temporal_attn__layer_6/seed_102/layer_6/eval,results/verified_layerwise_probe_configs.csv,70,,,,artifact metrics read from train_eval_summary.json
same_l_attentive,results/seed_runs/layerwise_same_l_attentive_seed_results_long.csv,intphys2__same_l__v_jepa_2_1__vit_l_16__temporal_attn__layer_12,intphys2__same_l__v_jepa_2_1__vit_l_16__temporal_attn__layer_12__seed_101,IntPhys2,intphys2,same_L,V-JEPA 2.1,ViT-L/16,Attentive,temporal_attn,12,12,101,artifact,complete,voe_accuracy,voe_accuracy,25.827815,50.662252,11.764706,50.980392,27.45098,50.490196,84,90,true,true,artifacts/probes/intphys2/seed_runs_layerwise_same_l_attentive_v1/intphys2__same_l__v_jepa_2_1__vit_l_16__temporal_attn__layer_12/seed_101/train_eval_summary.json,artifacts/probes/intphys2/seed_runs_layerwise_same_l_attentive_v1/intphys2__same_l__v_jepa_2_1__vit_l_16__temporal_attn__layer_12/seed_101/layer_12/eval,results/verified_layerwise_probe_configs.csv,71,,,,artifact metrics read from train_eval_summary.json
same_l_attentive,results/seed_runs/layerwise_same_l_attentive_seed_results_long.csv,intphys2__same_l__v_jepa_2_1__vit_l_16__temporal_attn__layer_12,intphys2__same_l__v_jepa_2_1__vit_l_16__temporal_attn__layer_12__seed_102,IntPhys2,intphys2,same_L,V-JEPA 2.1,ViT-L/16,Attentive,temporal_attn,12,12,102,artifact,complete,voe_accuracy,voe_accuracy,27.152318,50,13.72549,50,25.490196,50.490196,30,90,true,true,artifacts/probes/intphys2/seed_runs_layerwise_same_l_attentive_v1/intphys2__same_l__v_jepa_2_1__vit_l_16__temporal_attn__layer_12/seed_102/train_eval_summary.json,artifacts/probes/intphys2/seed_runs_layerwise_same_l_attentive_v1/intphys2__same_l__v_jepa_2_1__vit_l_16__temporal_attn__layer_12/seed_102/layer_12/eval,results/verified_layerwise_probe_configs.csv,71,,,,artifact metrics read from train_eval_summary.json
same_l_attentive,results/seed_runs/layerwise_same_l_attentive_seed_results_long.csv,intphys2__same_l__v_jepa_2_1__vit_l_16__temporal_attn__layer_18,intphys2__same_l__v_jepa_2_1__vit_l_16__temporal_attn__layer_18__seed_101,IntPhys2,intphys2,same_L,V-JEPA 2.1,ViT-L/16,Attentive,temporal_attn,18,18,101,artifact,complete,voe_accuracy,voe_accuracy,70.198675,83.112583,58.823529,75.490196,58.823529,74.509804,62,90,true,true,artifacts/probes/intphys2/seed_runs_layerwise_same_l_attentive_v1/intphys2__same_l__v_jepa_2_1__vit_l_16__temporal_attn__layer_18/seed_101/train_eval_summary.json,artifacts/probes/intphys2/seed_runs_layerwise_same_l_attentive_v1/intphys2__same_l__v_jepa_2_1__vit_l_16__temporal_attn__layer_18/seed_101/layer_18/eval,results/verified_layerwise_probe_configs.csv,72,,,,artifact metrics read from train_eval_summary.json
same_l_attentive,results/seed_runs/layerwise_same_l_attentive_seed_results_long.csv,intphys2__same_l__v_jepa_2_1__vit_l_16__temporal_attn__layer_18,intphys2__same_l__v_jepa_2_1__vit_l_16__temporal_attn__layer_18__seed_102,IntPhys2,intphys2,same_L,V-JEPA 2.1,ViT-L/16,Attentive,temporal_attn,18,18,102,artifact,complete,voe_accuracy,voe_accuracy,99.337748,98.013245,58.823529,76.960784,60.784314,78.921569,90,90,false,true,artifacts/probes/intphys2/seed_runs_layerwise_same_l_attentive_v1/intphys2__same_l__v_jepa_2_1__vit_l_16__temporal_attn__layer_18/seed_102/train_eval_summary.json,artifacts/probes/intphys2/seed_runs_layerwise_same_l_attentive_v1/intphys2__same_l__v_jepa_2_1__vit_l_16__temporal_attn__layer_18/seed_102/layer_18/eval,results/verified_layerwise_probe_configs.csv,72,,,,artifact metrics read from train_eval_summary.json
same_l_attentive,results/seed_runs/layerwise_same_l_attentive_seed_results_long.csv,intphys2__same_l__v_jepa_2_1__vit_l_16__temporal_attn__layer_24,intphys2__same_l__v_jepa_2_1__vit_l_16__temporal_attn__layer_24__seed_101,IntPhys2,intphys2,same_L,V-JEPA 2.1,ViT-L/16,Attentive,temporal_attn,24,24,101,artifact,complete,voe_accuracy,voe_accuracy,99.337748,98.84106,70.588235,82.352941,68.627451,78.431373,82,90,true,true,artifacts/probes/intphys2/seed_runs_layerwise_same_l_attentive_v1/intphys2__same_l__v_jepa_2_1__vit_l_16__temporal_attn__layer_24/seed_101/train_eval_summary.json,artifacts/probes/intphys2/seed_runs_layerwise_same_l_attentive_v1/intphys2__same_l__v_jepa_2_1__vit_l_16__temporal_attn__layer_24/seed_101/layer_24/eval,results/verified_layerwise_probe_configs.csv,73,,,,artifact metrics read from train_eval_summary.json
same_l_attentive,results/seed_runs/layerwise_same_l_attentive_seed_results_long.csv,intphys2__same_l__v_jepa_2_1__vit_l_16__temporal_attn__layer_24,intphys2__same_l__v_jepa_2_1__vit_l_16__temporal_attn__layer_24__seed_102,IntPhys2,intphys2,same_L,V-JEPA 2.1,ViT-L/16,Attentive,temporal_attn,24,24,102,artifact,complete,voe_accuracy,voe_accuracy,100,100,60.784314,81.862745,66.666667,76.470588,90,90,false,true,artifacts/probes/intphys2/seed_runs_layerwise_same_l_attentive_v1/intphys2__same_l__v_jepa_2_1__vit_l_16__temporal_attn__layer_24/seed_102/train_eval_summary.json,artifacts/probes/intphys2/seed_runs_layerwise_same_l_attentive_v1/intphys2__same_l__v_jepa_2_1__vit_l_16__temporal_attn__layer_24/seed_102/layer_24/eval,results/verified_layerwise_probe_configs.csv,73,,,,artifact metrics read from train_eval_summary.json
same_l_attentive,results/seed_runs/layerwise_same_l_attentive_seed_results_long.csv,intphys2__same_l__videomae__vit_l_16__temporal_attn__layer_6,intphys2__same_l__videomae__vit_l_16__temporal_attn__layer_6__seed_101,IntPhys2,intphys2,same_L,VideoMAE,ViT-L/16,Attentive,temporal_attn,6,6,101,artifact,complete,voe_accuracy,voe_accuracy,14.569536,49.503311,17.647059,53.431373,21.568627,50.490196,46,90,true,true,artifacts/probes/intphys2/seed_runs_layerwise_same_l_attentive_v1/intphys2__same_l__videomae__vit_l_16__temporal_attn__layer_6/seed_101/train_eval_summary.json,artifacts/probes/intphys2/seed_runs_layerwise_same_l_attentive_v1/intphys2__same_l__videomae__vit_l_16__temporal_attn__layer_6/seed_101/layer_6/eval,results/verified_layerwise_probe_configs.csv,106,,,,artifact metrics read from train_eval_summary.json
same_l_attentive,results/seed_runs/layerwise_same_l_attentive_seed_results_long.csv,intphys2__same_l__videomae__vit_l_16__temporal_attn__layer_6,intphys2__same_l__videomae__vit_l_16__temporal_attn__layer_6__seed_102,IntPhys2,intphys2,same_L,VideoMAE,ViT-L/16,Attentive,temporal_attn,6,6,102,artifact,complete,voe_accuracy,voe_accuracy,13.245033,47.019868,13.72549,53.921569,15.686275,50.980392,41,90,true,true,artifacts/probes/intphys2/seed_runs_layerwise_same_l_attentive_v1/intphys2__same_l__videomae__vit_l_16__temporal_attn__layer_6/seed_102/train_eval_summary.json,artifacts/probes/intphys2/seed_runs_layerwise_same_l_attentive_v1/intphys2__same_l__videomae__vit_l_16__temporal_attn__layer_6/seed_102/layer_6/eval,results/verified_layerwise_probe_configs.csv,106,,,,artifact metrics read from train_eval_summary.json
same_l_attentive,results/seed_runs/layerwise_same_l_attentive_seed_results_long.csv,intphys2__same_l__videomae__vit_l_16__temporal_attn__layer_12,intphys2__same_l__videomae__vit_l_16__temporal_attn__layer_12__seed_101,IntPhys2,intphys2,same_L,VideoMAE,ViT-L/16,Attentive,temporal_attn,12,12,101,artifact,complete,voe_accuracy,voe_accuracy,7.284768,53.476821,13.72549,53.921569,1.960784,46.078431,56,90,true,true,artifacts/probes/intphys2/seed_runs_layerwise_same_l_attentive_v1/intphys2__same_l__videomae__vit_l_16__temporal_attn__layer_12/seed_101/train_eval_summary.json,artifacts/probes/intphys2/seed_runs_layerwise_same_l_attentive_v1/intphys2__same_l__videomae__vit_l_16__temporal_attn__layer_12/seed_101/layer_12/eval,results/verified_layerwise_probe_configs.csv,107,,,,artifact metrics read from train_eval_summary.json
same_l_attentive,results/seed_runs/layerwise_same_l_attentive_seed_results_long.csv,intphys2__same_l__videomae__vit_l_16__temporal_attn__layer_12,intphys2__same_l__videomae__vit_l_16__temporal_attn__layer_12__seed_102,IntPhys2,intphys2,same_L,VideoMAE,ViT-L/16,Attentive,temporal_attn,12,12,102,artifact,complete,voe_accuracy,voe_accuracy,10.596026,49.006623,29.411765,54.901961,19.607843,51.960784,47,90,true,true,artifacts/probes/intphys2/seed_runs_layerwise_same_l_attentive_v1/intphys2__same_l__videomae__vit_l_16__temporal_attn__layer_12/seed_102/train_eval_summary.json,artifacts/probes/intphys2/seed_runs_layerwise_same_l_attentive_v1/intphys2__same_l__videomae__vit_l_16__temporal_attn__layer_12/seed_102/layer_12/eval,results/verified_layerwise_probe_configs.csv,107,,,,artifact metrics read from train_eval_summary.json
same_l_attentive,results/seed_runs/layerwise_same_l_attentive_seed_results_long.csv,intphys2__same_l__videomae__vit_l_16__temporal_attn__layer_18,intphys2__same_l__videomae__vit_l_16__temporal_attn__layer_18__seed_101,IntPhys2,intphys2,same_L,VideoMAE,ViT-L/16,Attentive,temporal_attn,18,18,101,artifact,complete,voe_accuracy,voe_accuracy,95.364238,93.046358,62.745098,76.960784,64.705882,74.019608,68,90,true,true,artifacts/probes/intphys2/seed_runs_layerwise_same_l_attentive_v1/intphys2__same_l__videomae__vit_l_16__temporal_attn__layer_18/seed_101/train_eval_summary.json,artifacts/probes/intphys2/seed_runs_layerwise_same_l_attentive_v1/intphys2__same_l__videomae__vit_l_16__temporal_attn__layer_18/seed_101/layer_18/eval,results/verified_layerwise_probe_configs.csv,108,,,,artifact metrics read from train_eval_summary.json
same_l_attentive,results/seed_runs/layerwise_same_l_attentive_seed_results_long.csv,intphys2__same_l__videomae__vit_l_16__temporal_attn__layer_18,intphys2__same_l__videomae__vit_l_16__temporal_attn__layer_18__seed_102,IntPhys2,intphys2,same_L,VideoMAE,ViT-L/16,Attentive,temporal_attn,18,18,102,artifact,complete,voe_accuracy,voe_accuracy,93.377483,95.198675,52.941176,73.529412,58.823529,74.019608,79,90,true,true,artifacts/probes/intphys2/seed_runs_layerwise_same_l_attentive_v1/intphys2__same_l__videomae__vit_l_16__temporal_attn__layer_18/seed_102/train_eval_summary.json,artifacts/probes/intphys2/seed_runs_layerwise_same_l_attentive_v1/intphys2__same_l__videomae__vit_l_16__temporal_attn__layer_18/seed_102/layer_18/eval,results/verified_layerwise_probe_configs.csv,108,,,,artifact metrics read from train_eval_summary.json
same_l_attentive,results/seed_runs/layerwise_same_l_attentive_seed_results_long.csv,intphys2__same_l__videomae__vit_l_16__temporal_attn__layer_24,intphys2__same_l__videomae__vit_l_16__temporal_attn__layer_24__seed_101,IntPhys2,intphys2,same_L,VideoMAE,ViT-L/16,Attentive,temporal_attn,24,24,101,artifact,complete,voe_accuracy,voe_accuracy,41.059603,50.496689,17.647059,51.960784,45.098039,50.980392,47,90,true,true,artifacts/probes/intphys2/seed_runs_layerwise_same_l_attentive_v1/intphys2__same_l__videomae__vit_l_16__temporal_attn__layer_24/seed_101/train_eval_summary.json,artifacts/probes/intphys2/seed_runs_layerwise_same_l_attentive_v1/intphys2__same_l__videomae__vit_l_16__temporal_attn__layer_24/seed_101/layer_24/eval,results/verified_layerwise_probe_configs.csv,109,,,,artifact metrics read from train_eval_summary.json
same_l_attentive,results/seed_runs/layerwise_same_l_attentive_seed_results_long.csv,intphys2__same_l__videomae__vit_l_16__temporal_attn__layer_24,intphys2__same_l__videomae__vit_l_16__temporal_attn__layer_24__seed_102,IntPhys2,intphys2,same_L,VideoMAE,ViT-L/16,Attentive,temporal_attn,24,24,102,artifact,complete,voe_accuracy,voe_accuracy,93.377483,94.039735,54.901961,77.45098,60.784314,72.058824,66,90,true,true,artifacts/probes/intphys2/seed_runs_layerwise_same_l_attentive_v1/intphys2__same_l__videomae__vit_l_16__temporal_attn__layer_24/seed_102/train_eval_summary.json,artifacts/probes/intphys2/seed_runs_layerwise_same_l_attentive_v1/intphys2__same_l__videomae__vit_l_16__temporal_attn__layer_24/seed_102/layer_24/eval,results/verified_layerwise_probe_configs.csv,109,,,,artifact metrics read from train_eval_summary.json
same_l_attentive,results/seed_runs/layerwise_same_l_attentive_seed_results_long.csv,intphys2__same_l__videomae_v2__vit_l_16__temporal_attn__layer_6,intphys2__same_l__videomae_v2__vit_l_16__temporal_attn__layer_6__seed_101,IntPhys2,intphys2,same_L,VideoMAE-v2,ViT-L/16,Attentive,temporal_attn,6,6,101,artifact,complete,voe_accuracy,voe_accuracy,1.324503,50.496689,3.921569,54.901961,1.960784,47.54902,58,90,true,true,artifacts/probes/intphys2/seed_runs_layerwise_same_l_attentive_v1/intphys2__same_l__videomae_v2__vit_l_16__temporal_attn__layer_6/seed_101/train_eval_summary.json,artifacts/probes/intphys2/seed_runs_layerwise_same_l_attentive_v1/intphys2__same_l__videomae_v2__vit_l_16__temporal_attn__layer_6/seed_101/layer_6/eval,results/verified_layerwise_probe_configs.csv,142,,,,artifact metrics read from train_eval_summary.json
same_l_attentive,results/seed_runs/layerwise_same_l_attentive_seed_results_long.csv,intphys2__same_l__videomae_v2__vit_l_16__temporal_attn__layer_6,intphys2__same_l__videomae_v2__vit_l_16__temporal_attn__layer_6__seed_102,IntPhys2,intphys2,same_L,VideoMAE-v2,ViT-L/16,Attentive,temporal_attn,6,6,102,artifact,complete,voe_accuracy,voe_accuracy,8.609272,50,9.803922,52.941176,3.921569,50.490196,27,90,true,true,artifacts/probes/intphys2/seed_runs_layerwise_same_l_attentive_v1/intphys2__same_l__videomae_v2__vit_l_16__temporal_attn__layer_6/seed_102/train_eval_summary.json,artifacts/probes/intphys2/seed_runs_layerwise_same_l_attentive_v1/intphys2__same_l__videomae_v2__vit_l_16__temporal_attn__layer_6/seed_102/layer_6/eval,results/verified_layerwise_probe_configs.csv,142,,,,artifact metrics read from train_eval_summary.json
same_l_attentive,results/seed_runs/layerwise_same_l_attentive_seed_results_long.csv,intphys2__same_l__videomae_v2__vit_l_16__temporal_attn__layer_12,intphys2__same_l__videomae_v2__vit_l_16__temporal_attn__layer_12__seed_101,IntPhys2,intphys2,same_L,VideoMAE-v2,ViT-L/16,Attentive,temporal_attn,12,12,101,artifact,complete,voe_accuracy,voe_accuracy,11.92053,50.993377,9.803922,51.470588,5.882353,50,45,90,true,true,artifacts/probes/intphys2/seed_runs_layerwise_same_l_attentive_v1/intphys2__same_l__videomae_v2__vit_l_16__temporal_attn__layer_12/seed_101/train_eval_summary.json,artifacts/probes/intphys2/seed_runs_layerwise_same_l_attentive_v1/intphys2__same_l__videomae_v2__vit_l_16__temporal_attn__layer_12/seed_101/layer_12/eval,results/verified_layerwise_probe_configs.csv,143,,,,artifact metrics read from train_eval_summary.json
same_l_attentive,results/seed_runs/layerwise_same_l_attentive_seed_results_long.csv,intphys2__same_l__videomae_v2__vit_l_16__temporal_attn__layer_12,intphys2__same_l__videomae_v2__vit_l_16__temporal_attn__layer_12__seed_102,IntPhys2,intphys2,same_L,VideoMAE-v2,ViT-L/16,Attentive,temporal_attn,12,12,102,artifact,complete,voe_accuracy,voe_accuracy,68.211921,79.304636,52.941176,69.607843,50.980392,67.647059,77,90,true,true,artifacts/probes/intphys2/seed_runs_layerwise_same_l_attentive_v1/intphys2__same_l__videomae_v2__vit_l_16__temporal_attn__layer_12/seed_102/train_eval_summary.json,artifacts/probes/intphys2/seed_runs_layerwise_same_l_attentive_v1/intphys2__same_l__videomae_v2__vit_l_16__temporal_attn__layer_12/seed_102/layer_12/eval,results/verified_layerwise_probe_configs.csv,143,,,,artifact metrics read from train_eval_summary.json
same_l_attentive,results/seed_runs/layerwise_same_l_attentive_seed_results_long.csv,intphys2__same_l__videomae_v2__vit_l_16__temporal_attn__layer_18,intphys2__same_l__videomae_v2__vit_l_16__temporal_attn__layer_18__seed_101,IntPhys2,intphys2,same_L,VideoMAE-v2,ViT-L/16,Attentive,temporal_attn,18,18,101,artifact,complete,voe_accuracy,voe_accuracy,90.066225,92.218543,56.862745,72.058824,60.784314,68.627451,89,90,true,true,artifacts/probes/intphys2/seed_runs_layerwise_same_l_attentive_v1/intphys2__same_l__videomae_v2__vit_l_16__temporal_attn__layer_18/seed_101/train_eval_summary.json,artifacts/probes/intphys2/seed_runs_layerwise_same_l_attentive_v1/intphys2__same_l__videomae_v2__vit_l_16__temporal_attn__layer_18/seed_101/layer_18/eval,results/verified_layerwise_probe_configs.csv,144,,,,artifact metrics read from train_eval_summary.json
same_l_attentive,results/seed_runs/layerwise_same_l_attentive_seed_results_long.csv,intphys2__same_l__videomae_v2__vit_l_16__temporal_attn__layer_18,intphys2__same_l__videomae_v2__vit_l_16__temporal_attn__layer_18__seed_102,IntPhys2,intphys2,same_L,VideoMAE-v2,ViT-L/16,Attentive,temporal_attn,18,18,102,artifact,complete,voe_accuracy,voe_accuracy,89.403974,88.741722,58.823529,75,54.901961,72.058824,86,90,true,true,artifacts/probes/intphys2/seed_runs_layerwise_same_l_attentive_v1/intphys2__same_l__videomae_v2__vit_l_16__temporal_attn__layer_18/seed_102/train_eval_summary.json,artifacts/probes/intphys2/seed_runs_layerwise_same_l_attentive_v1/intphys2__same_l__videomae_v2__vit_l_16__temporal_attn__layer_18/seed_102/layer_18/eval,results/verified_layerwise_probe_configs.csv,144,,,,artifact metrics read from train_eval_summary.json
same_l_attentive,results/seed_runs/layerwise_same_l_attentive_seed_results_long.csv,intphys2__same_l__videomae_v2__vit_l_16__temporal_attn__layer_24,intphys2__same_l__videomae_v2__vit_l_16__temporal_attn__layer_24__seed_101,IntPhys2,intphys2,same_L,VideoMAE-v2,ViT-L/16,Attentive,temporal_attn,24,24,101,artifact,complete,voe_accuracy,voe_accuracy,98.013245,95.860927,19.607843,57.843137,19.607843,47.058824,52,90,true,true,artifacts/probes/intphys2/seed_runs_layerwise_same_l_attentive_v1/intphys2__same_l__videomae_v2__vit_l_16__temporal_attn__layer_24/seed_101/train_eval_summary.json,artifacts/probes/intphys2/seed_runs_layerwise_same_l_attentive_v1/intphys2__same_l__videomae_v2__vit_l_16__temporal_attn__layer_24/seed_101/layer_24/eval,results/verified_layerwise_probe_configs.csv,145,,,,artifact metrics read from train_eval_summary.json
same_l_attentive,results/seed_runs/layerwise_same_l_attentive_seed_results_long.csv,intphys2__same_l__videomae_v2__vit_l_16__temporal_attn__layer_24,intphys2__same_l__videomae_v2__vit_l_16__temporal_attn__layer_24__seed_102,IntPhys2,intphys2,same_L,VideoMAE-v2,ViT-L/16,Attentive,temporal_attn,24,24,102,artifact,complete,voe_accuracy,voe_accuracy,99.337748,97.847682,31.372549,59.313725,25.490196,57.352941,60,90,true,true,artifacts/probes/intphys2/seed_runs_layerwise_same_l_attentive_v1/intphys2__same_l__videomae_v2__vit_l_16__temporal_attn__layer_24/seed_102/train_eval_summary.json,artifacts/probes/intphys2/seed_runs_layerwise_same_l_attentive_v1/intphys2__same_l__videomae_v2__vit_l_16__temporal_attn__layer_24/seed_102/layer_24/eval,results/verified_layerwise_probe_configs.csv,145,,,,artifact metrics read from train_eval_summary.json
same_l_attentive,results/seed_runs/layerwise_same_l_attentive_seed_results_long.csv,mvp__same_l__jepa_v1__vitl16_224__temporal_attn__layer_6,mvp__same_l__jepa_v1__vitl16_224__temporal_attn__layer_6__seed_101,MVP,mvp,same_L,V-JEPA,ViT-L/16,Attentive,temporal_attn,6,6,101,artifact,complete,pair_consistency,pair_consistency,93.591906,96.677909,77.148635,87.10819,76.440849,86.552073,30,30,false,true,artifacts/probes/mvp/seed_runs_layerwise_same_l_attentive_v1/mvp__same_l__jepa_v1__vitl16_224__temporal_attn__layer_6/seed_101/train_eval_summary.json,artifacts/probes/mvp/seed_runs_layerwise_same_l_attentive_v1/mvp__same_l__jepa_v1__vitl16_224__temporal_attn__layer_6/seed_101/layer_6/eval,results/verified_layerwise_probe_configs.csv,334,,,,artifact metrics read from train_eval_summary.json
same_l_attentive,results/seed_runs/layerwise_same_l_attentive_seed_results_long.csv,mvp__same_l__jepa_v1__vitl16_224__temporal_attn__layer_6,mvp__same_l__jepa_v1__vitl16_224__temporal_attn__layer_6__seed_102,MVP,mvp,same_L,V-JEPA,ViT-L/16,Attentive,temporal_attn,6,6,102,artifact,complete,pair_consistency,pair_consistency,90.590219,95.025295,76.643074,86.602629,76.137513,86.450961,30,30,false,true,artifacts/probes/mvp/seed_runs_layerwise_same_l_attentive_v1/mvp__same_l__jepa_v1__vitl16_224__temporal_attn__layer_6/seed_102/train_eval_summary.json,artifacts/probes/mvp/seed_runs_layerwise_same_l_attentive_v1/mvp__same_l__jepa_v1__vitl16_224__temporal_attn__layer_6/seed_102/layer_6/eval,results/verified_layerwise_probe_configs.csv,334,,,,artifact metrics read from train_eval_summary.json
same_l_attentive,results/seed_runs/layerwise_same_l_attentive_seed_results_long.csv,mvp__same_l__jepa_v1__vitl16_224__temporal_attn__layer_12,mvp__same_l__jepa_v1__vitl16_224__temporal_attn__layer_12__seed_101,MVP,mvp,same_L,V-JEPA,ViT-L/16,Attentive,temporal_attn,12,12,101,artifact,complete,pair_consistency,pair_consistency,96.290051,98.128162,92.214358,95.551062,91.708797,95.803842,30,30,false,true,artifacts/probes/mvp/seed_runs_layerwise_same_l_attentive_v1/mvp__same_l__jepa_v1__vitl16_224__temporal_attn__layer_12/seed_101/train_eval_summary.json,artifacts/probes/mvp/seed_runs_layerwise_same_l_attentive_v1/mvp__same_l__jepa_v1__vitl16_224__temporal_attn__layer_12/seed_101/layer_12/eval,results/verified_layerwise_probe_configs.csv,335,,,,artifact metrics read from train_eval_summary.json
same_l_attentive,results/seed_runs/layerwise_same_l_attentive_seed_results_long.csv,mvp__same_l__jepa_v1__vitl16_224__temporal_attn__layer_12,mvp__same_l__jepa_v1__vitl16_224__temporal_attn__layer_12__seed_102,MVP,mvp,same_L,V-JEPA,ViT-L/16,Attentive,temporal_attn,12,12,102,artifact,complete,pair_consistency,pair_consistency,95.784148,97.858347,90.798787,95.146613,90.394338,94.641052,30,30,false,true,artifacts/probes/mvp/seed_runs_layerwise_same_l_attentive_v1/mvp__same_l__jepa_v1__vitl16_224__temporal_attn__layer_12/seed_102/train_eval_summary.json,artifacts/probes/mvp/seed_runs_layerwise_same_l_attentive_v1/mvp__same_l__jepa_v1__vitl16_224__temporal_attn__layer_12/seed_102/layer_12/eval,results/verified_layerwise_probe_configs.csv,335,,,,artifact metrics read from train_eval_summary.json
same_l_attentive,results/seed_runs/layerwise_same_l_attentive_seed_results_long.csv,mvp__same_l__jepa_v1__vitl16_224__temporal_attn__layer_18,mvp__same_l__jepa_v1__vitl16_224__temporal_attn__layer_18__seed_101,MVP,mvp,same_L,V-JEPA,ViT-L/16,Attentive,temporal_attn,18,18,101,artifact,complete,pair_consistency,pair_consistency,96.998314,98.499157,93.427705,96.410516,93.528817,96.461072,30,30,false,true,artifacts/probes/mvp/seed_runs_layerwise_same_l_attentive_v1/mvp__same_l__jepa_v1__vitl16_224__temporal_attn__layer_18/seed_101/train_eval_summary.json,artifacts/probes/mvp/seed_runs_layerwise_same_l_attentive_v1/mvp__same_l__jepa_v1__vitl16_224__temporal_attn__layer_18/seed_101/layer_18/eval,results/verified_layerwise_probe_configs.csv,336,,,,artifact metrics read from train_eval_summary.json
same_l_attentive,results/seed_runs/layerwise_same_l_attentive_seed_results_long.csv,mvp__same_l__jepa_v1__vitl16_224__temporal_attn__layer_18,mvp__same_l__jepa_v1__vitl16_224__temporal_attn__layer_18__seed_102,MVP,mvp,same_L,V-JEPA,ViT-L/16,Attentive,temporal_attn,18,18,102,artifact,complete,pair_consistency,pair_consistency,98.077572,99.021922,92.618807,95.955511,94.13549,96.814965,28,30,true,true,artifacts/probes/mvp/seed_runs_layerwise_same_l_attentive_v1/mvp__same_l__jepa_v1__vitl16_224__temporal_attn__layer_18/seed_102/train_eval_summary.json,artifacts/probes/mvp/seed_runs_layerwise_same_l_attentive_v1/mvp__same_l__jepa_v1__vitl16_224__temporal_attn__layer_18/seed_102/layer_18/eval,results/verified_layerwise_probe_configs.csv,336,,,,artifact metrics read from train_eval_summary.json
same_l_attentive,results/seed_runs/layerwise_same_l_attentive_seed_results_long.csv,mvp__same_l__jepa_v1__vitl16_224__temporal_attn__layer_24,mvp__same_l__jepa_v1__vitl16_224__temporal_attn__layer_24__seed_101,MVP,mvp,same_L,V-JEPA,ViT-L/16,Attentive,temporal_attn,24,24,101,artifact,complete,pair_consistency,pair_consistency,97.639123,98.802698,92.012133,95.904954,91.304348,95.399393,30,30,false,true,artifacts/probes/mvp/seed_runs_layerwise_same_l_attentive_v1/mvp__same_l__jepa_v1__vitl16_224__temporal_attn__layer_24/seed_101/train_eval_summary.json,artifacts/probes/mvp/seed_runs_layerwise_same_l_attentive_v1/mvp__same_l__jepa_v1__vitl16_224__temporal_attn__layer_24/seed_101/layer_24/eval,results/verified_layerwise_probe_configs.csv,337,,,,artifact metrics read from train_eval_summary.json
same_l_attentive,results/seed_runs/layerwise_same_l_attentive_seed_results_long.csv,mvp__same_l__jepa_v1__vitl16_224__temporal_attn__layer_24,mvp__same_l__jepa_v1__vitl16_224__temporal_attn__layer_24__seed_102,MVP,mvp,same_L,V-JEPA,ViT-L/16,Attentive,temporal_attn,24,24,102,artifact,complete,pair_consistency,pair_consistency,97.807757,98.903879,89.079879,94.388271,87.259858,93.073812,30,30,false,true,artifacts/probes/mvp/seed_runs_layerwise_same_l_attentive_v1/mvp__same_l__jepa_v1__vitl16_224__temporal_attn__layer_24/seed_102/train_eval_summary.json,artifacts/probes/mvp/seed_runs_layerwise_same_l_attentive_v1/mvp__same_l__jepa_v1__vitl16_224__temporal_attn__layer_24/seed_102/layer_24/eval,results/verified_layerwise_probe_configs.csv,337,,,,artifact metrics read from train_eval_summary.json
same_l_attentive,results/seed_runs/layerwise_same_l_attentive_seed_results_long.csv,mvp__same_l__jepa_v2__vitl_256__temporal_attn__layer_6,mvp__same_l__jepa_v2__vitl_256__temporal_attn__layer_6__seed_101,MVP,mvp,same_L,V-JEPA 2,ViT-L/16,Attentive,temporal_attn,6,6,101,artifact,complete,pair_consistency,pair_consistency,58.41484,78.41484,43.073812,68.604651,43.88271,69.059656,23,30,true,true,artifacts/probes/mvp/seed_runs_layerwise_same_l_attentive_v1/mvp__same_l__jepa_v2__vitl_256__temporal_attn__layer_6/seed_101/train_eval_summary.json,artifacts/probes/mvp/seed_runs_layerwise_same_l_attentive_v1/mvp__same_l__jepa_v2__vitl_256__temporal_attn__layer_6/seed_101/layer_6/eval,results/verified_layerwise_probe_configs.csv,358,,,,artifact metrics read from train_eval_summary.json
same_l_attentive,results/seed_runs/layerwise_same_l_attentive_seed_results_long.csv,mvp__same_l__jepa_v2__vitl_256__temporal_attn__layer_6,mvp__same_l__jepa_v2__vitl_256__temporal_attn__layer_6__seed_102,MVP,mvp,same_L,V-JEPA 2,ViT-L/16,Attentive,temporal_attn,6,6,102,artifact,complete,pair_consistency,pair_consistency,71.838111,84.418212,54.29727,72.649141,52.275025,72.446916,28,30,true,true,artifacts/probes/mvp/seed_runs_layerwise_same_l_attentive_v1/mvp__same_l__jepa_v2__vitl_256__temporal_attn__layer_6/seed_102/train_eval_summary.json,artifacts/probes/mvp/seed_runs_layerwise_same_l_attentive_v1/mvp__same_l__jepa_v2__vitl_256__temporal_attn__layer_6/seed_102/layer_6/eval,results/verified_layerwise_probe_configs.csv,358,,,,artifact metrics read from train_eval_summary.json
same_l_attentive,results/seed_runs/layerwise_same_l_attentive_seed_results_long.csv,mvp__same_l__jepa_v2__vitl_256__temporal_attn__layer_12,mvp__same_l__jepa_v2__vitl_256__temporal_attn__layer_12__seed_101,MVP,mvp,same_L,V-JEPA 2,ViT-L/16,Attentive,temporal_attn,12,12,101,artifact,complete,pair_consistency,pair_consistency,95.615514,97.757167,86.248736,92.113246,84.125379,91.001011,24,30,true,true,artifacts/probes/mvp/seed_runs_layerwise_same_l_attentive_v1/mvp__same_l__jepa_v2__vitl_256__temporal_attn__layer_12/seed_101/train_eval_summary.json,artifacts/probes/mvp/seed_runs_layerwise_same_l_attentive_v1/mvp__same_l__jepa_v2__vitl_256__temporal_attn__layer_12/seed_101/layer_12/eval,results/verified_layerwise_probe_configs.csv,359,,,,artifact metrics read from train_eval_summary.json
same_l_attentive,results/seed_runs/layerwise_same_l_attentive_seed_results_long.csv,mvp__same_l__jepa_v2__vitl_256__temporal_attn__layer_12,mvp__same_l__jepa_v2__vitl_256__temporal_attn__layer_12__seed_102,MVP,mvp,same_L,V-JEPA 2,ViT-L/16,Attentive,temporal_attn,12,12,102,artifact,complete,pair_consistency,pair_consistency,90.455312,95.126476,76.440849,86.501517,75.834176,86.501517,22,30,true,true,artifacts/probes/mvp/seed_runs_layerwise_same_l_attentive_v1/mvp__same_l__jepa_v2__vitl_256__temporal_attn__layer_12/seed_102/train_eval_summary.json,artifacts/probes/mvp/seed_runs_layerwise_same_l_attentive_v1/mvp__same_l__jepa_v2__vitl_256__temporal_attn__layer_12/seed_102/layer_12/eval,results/verified_layerwise_probe_configs.csv,359,,,,artifact metrics read from train_eval_summary.json
same_l_attentive,results/seed_runs/layerwise_same_l_attentive_seed_results_long.csv,mvp__same_l__jepa_v2__vitl_256__temporal_attn__layer_18,mvp__same_l__jepa_v2__vitl_256__temporal_attn__layer_18__seed_101,MVP,mvp,same_L,V-JEPA 2,ViT-L/16,Attentive,temporal_attn,18,18,101,artifact,complete,pair_consistency,pair_consistency,98.617201,99.3086,93.22548,96.208291,92.618807,95.904954,30,30,false,true,artifacts/probes/mvp/seed_runs_layerwise_same_l_attentive_v1/mvp__same_l__jepa_v2__vitl_256__temporal_attn__layer_18/seed_101/train_eval_summary.json,artifacts/probes/mvp/seed_runs_layerwise_same_l_attentive_v1/mvp__same_l__jepa_v2__vitl_256__temporal_attn__layer_18/seed_101/layer_18/eval,results/verified_layerwise_probe_configs.csv,360,,,,artifact metrics read from train_eval_summary.json
same_l_attentive,results/seed_runs/layerwise_same_l_attentive_seed_results_long.csv,mvp__same_l__jepa_v2__vitl_256__temporal_attn__layer_18,mvp__same_l__jepa_v2__vitl_256__temporal_attn__layer_18__seed_102,MVP,mvp,same_L,V-JEPA 2,ViT-L/16,Attentive,temporal_attn,18,18,102,artifact,complete,pair_consistency,pair_consistency,98.887015,99.443508,93.629929,96.562184,94.13549,96.663296,30,30,false,true,artifacts/probes/mvp/seed_runs_layerwise_same_l_attentive_v1/mvp__same_l__jepa_v2__vitl_256__temporal_attn__layer_18/seed_102/train_eval_summary.json,artifacts/probes/mvp/seed_runs_layerwise_same_l_attentive_v1/mvp__same_l__jepa_v2__vitl_256__temporal_attn__layer_18/seed_102/layer_18/eval,results/verified_layerwise_probe_configs.csv,360,,,,artifact metrics read from train_eval_summary.json
same_l_attentive,results/seed_runs/layerwise_same_l_attentive_seed_results_long.csv,mvp__same_l__jepa_v2__vitl_256__temporal_attn__layer_24,mvp__same_l__jepa_v2__vitl_256__temporal_attn__layer_24__seed_101,MVP,mvp,same_L,V-JEPA 2,ViT-L/16,Attentive,temporal_attn,24,24,101,artifact,complete,pair_consistency,pair_consistency,98.41484,99.20742,93.832154,96.511628,93.629929,96.713852,30,30,false,true,artifacts/probes/mvp/seed_runs_layerwise_same_l_attentive_v1/mvp__same_l__jepa_v2__vitl_256__temporal_attn__layer_24/seed_101/train_eval_summary.json,artifacts/probes/mvp/seed_runs_layerwise_same_l_attentive_v1/mvp__same_l__jepa_v2__vitl_256__temporal_attn__layer_24/seed_101/layer_24/eval,results/verified_layerwise_probe_configs.csv,361,,,,artifact metrics read from train_eval_summary.json
same_l_attentive,results/seed_runs/layerwise_same_l_attentive_seed_results_long.csv,mvp__same_l__jepa_v2__vitl_256__temporal_attn__layer_24,mvp__same_l__jepa_v2__vitl_256__temporal_attn__layer_24__seed_102,MVP,mvp,same_L,V-JEPA 2,ViT-L/16,Attentive,temporal_attn,24,24,102,artifact,complete,pair_consistency,pair_consistency,98.212479,99.106239,94.337715,97.067745,93.933266,96.562184,27,30,true,true,artifacts/probes/mvp/seed_runs_layerwise_same_l_attentive_v1/mvp__same_l__jepa_v2__vitl_256__temporal_attn__layer_24/seed_102/train_eval_summary.json,artifacts/probes/mvp/seed_runs_layerwise_same_l_attentive_v1/mvp__same_l__jepa_v2__vitl_256__temporal_attn__layer_24/seed_102/layer_24/eval,results/verified_layerwise_probe_configs.csv,361,,,,artifact metrics read from train_eval_summary.json
same_l_attentive,results/seed_runs/layerwise_same_l_attentive_seed_results_long.csv,mvp__same_l__jepa_v2_1__vitl_384__temporal_attn__layer_6,mvp__same_l__jepa_v2_1__vitl_384__temporal_attn__layer_6__seed_101,MVP,mvp,same_L,V-JEPA 2.1,ViT-L/16,Attentive,temporal_attn,6,6,101,artifact,complete,pair_consistency,pair_consistency,13.659359,54.839798,13.346815,54.903943,12.841254,53.741153,7,30,true,true,artifacts/probes/mvp/seed_runs_layerwise_same_l_attentive_v1/mvp__same_l__jepa_v2_1__vitl_384__temporal_attn__layer_6/seed_101/train_eval_summary.json,artifacts/probes/mvp/seed_runs_layerwise_same_l_attentive_v1/mvp__same_l__jepa_v2_1__vitl_384__temporal_attn__layer_6/seed_101/layer_6/eval,results/verified_layerwise_probe_configs.csv,394,,,,artifact metrics read from train_eval_summary.json
same_l_attentive,results/seed_runs/layerwise_same_l_attentive_seed_results_long.csv,mvp__same_l__jepa_v2_1__vitl_384__temporal_attn__layer_6,mvp__same_l__jepa_v2_1__vitl_384__temporal_attn__layer_6__seed_102,MVP,mvp,same_L,V-JEPA 2.1,ViT-L/16,Attentive,temporal_attn,6,6,102,artifact,complete,pair_consistency,pair_consistency,0.067454,50.033727,0,50,0.101112,50.050556,6,30,true,true,artifacts/probes/mvp/seed_runs_layerwise_same_l_attentive_v1/mvp__same_l__jepa_v2_1__vitl_384__temporal_attn__layer_6/seed_102/train_eval_summary.json,artifacts/probes/mvp/seed_runs_layerwise_same_l_attentive_v1/mvp__same_l__jepa_v2_1__vitl_384__temporal_attn__layer_6/seed_102/layer_6/eval,results/verified_layerwise_probe_configs.csv,394,,,,artifact metrics read from train_eval_summary.json
same_l_attentive,results/seed_runs/layerwise_same_l_attentive_seed_results_long.csv,mvp__same_l__jepa_v2_1__vitl_384__temporal_attn__layer_12,mvp__same_l__jepa_v2_1__vitl_384__temporal_attn__layer_12__seed_101,MVP,mvp,same_L,V-JEPA 2.1,ViT-L/16,Attentive,temporal_attn,12,12,101,artifact,complete,pair_consistency,pair_consistency,85.969646,92.445194,80.687563,89.029323,78.361982,87.411527,25,30,true,true,artifacts/probes/mvp/seed_runs_layerwise_same_l_attentive_v1/mvp__same_l__jepa_v2_1__vitl_384__temporal_attn__layer_12/seed_101/train_eval_summary.json,artifacts/probes/mvp/seed_runs_layerwise_same_l_attentive_v1/mvp__same_l__jepa_v2_1__vitl_384__temporal_attn__layer_12/seed_101/layer_12/eval,results/verified_layerwise_probe_configs.csv,395,,,,artifact metrics read from train_eval_summary.json
same_l_attentive,results/seed_runs/layerwise_same_l_attentive_seed_results_long.csv,mvp__same_l__jepa_v2_1__vitl_384__temporal_attn__layer_12,mvp__same_l__jepa_v2_1__vitl_384__temporal_attn__layer_12__seed_102,MVP,mvp,same_L,V-JEPA 2.1,ViT-L/16,Attentive,temporal_attn,12,12,102,artifact,complete,pair_consistency,pair_consistency,88.46543,94.064081,81.193124,89.787664,78.766431,88.270981,30,30,false,true,artifacts/probes/mvp/seed_runs_layerwise_same_l_attentive_v1/mvp__same_l__jepa_v2_1__vitl_384__temporal_attn__layer_12/seed_102/train_eval_summary.json,artifacts/probes/mvp/seed_runs_layerwise_same_l_attentive_v1/mvp__same_l__jepa_v2_1__vitl_384__temporal_attn__layer_12/seed_102/layer_12/eval,results/verified_layerwise_probe_configs.csv,395,,,,artifact metrics read from train_eval_summary.json
same_l_attentive,results/seed_runs/layerwise_same_l_attentive_seed_results_long.csv,mvp__same_l__jepa_v2_1__vitl_384__temporal_attn__layer_18,mvp__same_l__jepa_v2_1__vitl_384__temporal_attn__layer_18__seed_101,MVP,mvp,same_L,V-JEPA 2.1,ViT-L/16,Attentive,temporal_attn,18,18,101,artifact,complete,pair_consistency,pair_consistency,55.817875,77.706577,53.589484,76.289181,52.881699,75.985844,15,30,true,true,artifacts/probes/mvp/seed_runs_layerwise_same_l_attentive_v1/mvp__same_l__jepa_v2_1__vitl_384__temporal_attn__layer_18/seed_101/train_eval_summary.json,artifacts/probes/mvp/seed_runs_layerwise_same_l_attentive_v1/mvp__same_l__jepa_v2_1__vitl_384__temporal_attn__layer_18/seed_101/layer_18/eval,results/verified_layerwise_probe_configs.csv,396,,,,artifact metrics read from train_eval_summary.json
same_l_attentive,results/seed_runs/layerwise_same_l_attentive_seed_results_long.csv,mvp__same_l__jepa_v2_1__vitl_384__temporal_attn__layer_18,mvp__same_l__jepa_v2_1__vitl_384__temporal_attn__layer_18__seed_102,MVP,mvp,same_L,V-JEPA 2.1,ViT-L/16,Attentive,temporal_attn,18,18,102,artifact,complete,pair_consistency,pair_consistency,85.801012,92.883642,81.597573,90.596562,79.979778,89.787664,25,30,true,true,artifacts/probes/mvp/seed_runs_layerwise_same_l_attentive_v1/mvp__same_l__jepa_v2_1__vitl_384__temporal_attn__layer_18/seed_102/train_eval_summary.json,artifacts/probes/mvp/seed_runs_layerwise_same_l_attentive_v1/mvp__same_l__jepa_v2_1__vitl_384__temporal_attn__layer_18/seed_102/layer_18/eval,results/verified_layerwise_probe_configs.csv,396,,,,artifact metrics read from train_eval_summary.json
same_l_attentive,results/seed_runs/layerwise_same_l_attentive_seed_results_long.csv,mvp__same_l__jepa_v2_1__vitl_384__temporal_attn__layer_24,mvp__same_l__jepa_v2_1__vitl_384__temporal_attn__layer_24__seed_101,MVP,mvp,same_L,V-JEPA 2.1,ViT-L/16,Attentive,temporal_attn,24,24,101,artifact,complete,pair_consistency,pair_consistency,93.456998,96.644182,87.057634,92.9727,84.428716,91.506572,30,30,false,true,artifacts/probes/mvp/seed_runs_layerwise_same_l_attentive_v1/mvp__same_l__jepa_v2_1__vitl_384__temporal_attn__layer_24/seed_101/train_eval_summary.json,artifacts/probes/mvp/seed_runs_layerwise_same_l_attentive_v1/mvp__same_l__jepa_v2_1__vitl_384__temporal_attn__layer_24/seed_101/layer_24/eval,results/verified_layerwise_probe_configs.csv,397,,,,artifact metrics read from train_eval_summary.json
same_l_attentive,results/seed_runs/layerwise_same_l_attentive_seed_results_long.csv,mvp__same_l__jepa_v2_1__vitl_384__temporal_attn__layer_24,mvp__same_l__jepa_v2_1__vitl_384__temporal_attn__layer_24__seed_102,MVP,mvp,same_L,V-JEPA 2.1,ViT-L/16,Attentive,temporal_attn,24,24,102,artifact,complete,pair_consistency,pair_consistency,96.08769,97.925801,91.911021,95.551062,91.708797,95.500506,29,30,true,true,artifacts/probes/mvp/seed_runs_layerwise_same_l_attentive_v1/mvp__same_l__jepa_v2_1__vitl_384__temporal_attn__layer_24/seed_102/train_eval_summary.json,artifacts/probes/mvp/seed_runs_layerwise_same_l_attentive_v1/mvp__same_l__jepa_v2_1__vitl_384__temporal_attn__layer_24/seed_102/layer_24/eval,results/verified_layerwise_probe_configs.csv,397,,,,artifact metrics read from train_eval_summary.json
same_l_attentive,results/seed_runs/layerwise_same_l_attentive_seed_results_long.csv,mvp__same_l__videomae__vit_large_16_224__temporal_attn__layer_6,mvp__same_l__videomae__vit_large_16_224__temporal_attn__layer_6__seed_101,MVP,mvp,same_L,VideoMAE,ViT-L/16,Attentive,temporal_attn,6,6,101,artifact,complete,pair_consistency,pair_consistency,93.558179,96.728499,64.812942,78.867543,65.318504,79.069767,30,30,false,true,artifacts/probes/mvp/seed_runs_layerwise_same_l_attentive_v1/mvp__same_l__videomae__vit_large_16_224__temporal_attn__layer_6/seed_101/train_eval_summary.json,artifacts/probes/mvp/seed_runs_layerwise_same_l_attentive_v1/mvp__same_l__videomae__vit_large_16_224__temporal_attn__layer_6/seed_101/layer_6/eval,results/verified_layerwise_probe_configs.csv,430,,,,artifact metrics read from train_eval_summary.json
same_l_attentive,results/seed_runs/layerwise_same_l_attentive_seed_results_long.csv,mvp__same_l__videomae__vit_large_16_224__temporal_attn__layer_6,mvp__same_l__videomae__vit_large_16_224__temporal_attn__layer_6__seed_102,MVP,mvp,same_L,VideoMAE,ViT-L/16,Attentive,temporal_attn,6,6,102,artifact,complete,pair_consistency,pair_consistency,85.767285,92.22597,70.171891,82.608696,67.037412,81.142568,30,30,true,true,artifacts/probes/mvp/seed_runs_layerwise_same_l_attentive_v1/mvp__same_l__videomae__vit_large_16_224__temporal_attn__layer_6/seed_102/train_eval_summary.json,artifacts/probes/mvp/seed_runs_layerwise_same_l_attentive_v1/mvp__same_l__videomae__vit_large_16_224__temporal_attn__layer_6/seed_102/layer_6/eval,results/verified_layerwise_probe_configs.csv,430,,,,artifact metrics read from train_eval_summary.json
same_l_attentive,results/seed_runs/layerwise_same_l_attentive_seed_results_long.csv,mvp__same_l__videomae__vit_large_16_224__temporal_attn__layer_12,mvp__same_l__videomae__vit_large_16_224__temporal_attn__layer_12__seed_101,MVP,mvp,same_L,VideoMAE,ViT-L/16,Attentive,temporal_attn,12,12,101,artifact,complete,pair_consistency,pair_consistency,91.197302,95.379427,78.665319,88.068756,76.845298,86.602629,28,30,true,true,artifacts/probes/mvp/seed_runs_layerwise_same_l_attentive_v1/mvp__same_l__videomae__vit_large_16_224__temporal_attn__layer_12/seed_101/train_eval_summary.json,artifacts/probes/mvp/seed_runs_layerwise_same_l_attentive_v1/mvp__same_l__videomae__vit_large_16_224__temporal_attn__layer_12/seed_101/layer_12/eval,results/verified_layerwise_probe_configs.csv,431,,,,artifact metrics read from train_eval_summary.json
same_l_attentive,results/seed_runs/layerwise_same_l_attentive_seed_results_long.csv,mvp__same_l__videomae__vit_large_16_224__temporal_attn__layer_12,mvp__same_l__videomae__vit_large_16_224__temporal_attn__layer_12__seed_102,MVP,mvp,same_L,VideoMAE,ViT-L/16,Attentive,temporal_attn,12,12,102,artifact,complete,pair_consistency,pair_consistency,85.666105,92.445194,72.901921,84.934277,71.48635,83.619818,28,30,true,true,artifacts/probes/mvp/seed_runs_layerwise_same_l_attentive_v1/mvp__same_l__videomae__vit_large_16_224__temporal_attn__layer_12/seed_102/train_eval_summary.json,artifacts/probes/mvp/seed_runs_layerwise_same_l_attentive_v1/mvp__same_l__videomae__vit_large_16_224__temporal_attn__layer_12/seed_102/layer_12/eval,results/verified_layerwise_probe_configs.csv,431,,,,artifact metrics read from train_eval_summary.json
same_l_attentive,results/seed_runs/layerwise_same_l_attentive_seed_results_long.csv,mvp__same_l__videomae__vit_large_16_224__temporal_attn__layer_18,mvp__same_l__videomae__vit_large_16_224__temporal_attn__layer_18__seed_101,MVP,mvp,same_L,VideoMAE,ViT-L/16,Attentive,temporal_attn,18,18,101,artifact,complete,pair_consistency,pair_consistency,94.030354,96.82968,85.54095,91.911021,84.732053,91.253792,30,30,false,true,artifacts/probes/mvp/seed_runs_layerwise_same_l_attentive_v1/mvp__same_l__videomae__vit_large_16_224__temporal_attn__layer_18/seed_101/train_eval_summary.json,artifacts/probes/mvp/seed_runs_layerwise_same_l_attentive_v1/mvp__same_l__videomae__vit_large_16_224__temporal_attn__layer_18/seed_101/layer_18/eval,results/verified_layerwise_probe_configs.csv,432,,,,artifact metrics read from train_eval_summary.json
same_l_attentive,results/seed_runs/layerwise_same_l_attentive_seed_results_long.csv,mvp__same_l__videomae__vit_large_16_224__temporal_attn__layer_18,mvp__same_l__videomae__vit_large_16_224__temporal_attn__layer_18__seed_102,MVP,mvp,same_L,VideoMAE,ViT-L/16,Attentive,temporal_attn,18,18,102,artifact,complete,pair_consistency,pair_consistency,93.659359,96.762226,89.686552,94.388271,87.360971,93.073812,27,30,true,true,artifacts/probes/mvp/seed_runs_layerwise_same_l_attentive_v1/mvp__same_l__videomae__vit_large_16_224__temporal_attn__layer_18/seed_102/train_eval_summary.json,artifacts/probes/mvp/seed_runs_layerwise_same_l_attentive_v1/mvp__same_l__videomae__vit_large_16_224__temporal_attn__layer_18/seed_102/layer_18/eval,results/verified_layerwise_probe_configs.csv,432,,,,artifact metrics read from train_eval_summary.json
same_l_attentive,results/seed_runs/layerwise_same_l_attentive_seed_results_long.csv,mvp__same_l__videomae__vit_large_16_224__temporal_attn__layer_24,mvp__same_l__videomae__vit_large_16_224__temporal_attn__layer_24__seed_101,MVP,mvp,same_L,VideoMAE,ViT-L/16,Attentive,temporal_attn,24,24,101,artifact,complete,pair_consistency,pair_consistency,96.897133,98.448567,91.708797,95.70273,90.192113,94.691608,30,30,false,true,artifacts/probes/mvp/seed_runs_layerwise_same_l_attentive_v1/mvp__same_l__videomae__vit_large_16_224__temporal_attn__layer_24/seed_101/train_eval_summary.json,artifacts/probes/mvp/seed_runs_layerwise_same_l_attentive_v1/mvp__same_l__videomae__vit_large_16_224__temporal_attn__layer_24/seed_101/layer_24/eval,results/verified_layerwise_probe_configs.csv,433,,,,artifact metrics read from train_eval_summary.json
same_l_attentive,results/seed_runs/layerwise_same_l_attentive_seed_results_long.csv,mvp__same_l__videomae__vit_large_16_224__temporal_attn__layer_24,mvp__same_l__videomae__vit_large_16_224__temporal_attn__layer_24__seed_102,MVP,mvp,same_L,VideoMAE,ViT-L/16,Attentive,temporal_attn,24,24,102,artifact,complete,pair_consistency,pair_consistency,97.504216,98.752108,91.304348,95.348837,89.282103,94.388271,30,30,false,true,artifacts/probes/mvp/seed_runs_layerwise_same_l_attentive_v1/mvp__same_l__videomae__vit_large_16_224__temporal_attn__layer_24/seed_102/train_eval_summary.json,artifacts/probes/mvp/seed_runs_layerwise_same_l_attentive_v1/mvp__same_l__videomae__vit_large_16_224__temporal_attn__layer_24/seed_102/layer_24/eval,results/verified_layerwise_probe_configs.csv,433,,,,artifact metrics read from train_eval_summary.json
same_l_attentive,results/seed_runs/layerwise_same_l_attentive_seed_results_long.csv,mvp__same_l__videomae_v2__vit_large_16_224__temporal_attn__layer_6,mvp__same_l__videomae_v2__vit_large_16_224__temporal_attn__layer_6__seed_101,MVP,mvp,same_L,VideoMAE-v2,ViT-L/16,Attentive,temporal_attn,6,6,101,artifact,complete,pair_consistency,pair_consistency,86.812816,92.96796,63.700708,78.412538,61.577351,76.339737,30,30,false,true,artifacts/probes/mvp/seed_runs_layerwise_same_l_attentive_v1/mvp__same_l__videomae_v2__vit_large_16_224__temporal_attn__layer_6/seed_101/train_eval_summary.json,artifacts/probes/mvp/seed_runs_layerwise_same_l_attentive_v1/mvp__same_l__videomae_v2__vit_large_16_224__temporal_attn__layer_6/seed_101/layer_6/eval,results/verified_layerwise_probe_configs.csv,466,,,,artifact metrics read from train_eval_summary.json
same_l_attentive,results/seed_runs/layerwise_same_l_attentive_seed_results_long.csv,mvp__same_l__videomae_v2__vit_large_16_224__temporal_attn__layer_6,mvp__same_l__videomae_v2__vit_large_16_224__temporal_attn__layer_6__seed_102,MVP,mvp,same_L,VideoMAE-v2,ViT-L/16,Attentive,temporal_attn,6,6,102,artifact,complete,pair_consistency,pair_consistency,80.84317,89.679595,54.903943,73.053589,55.611729,73.104146,30,30,false,true,artifacts/probes/mvp/seed_runs_layerwise_same_l_attentive_v1/mvp__same_l__videomae_v2__vit_large_16_224__temporal_attn__layer_6/seed_102/train_eval_summary.json,artifacts/probes/mvp/seed_runs_layerwise_same_l_attentive_v1/mvp__same_l__videomae_v2__vit_large_16_224__temporal_attn__layer_6/seed_102/layer_6/eval,results/verified_layerwise_probe_configs.csv,466,,,,artifact metrics read from train_eval_summary.json
same_l_attentive,results/seed_runs/layerwise_same_l_attentive_seed_results_long.csv,mvp__same_l__videomae_v2__vit_large_16_224__temporal_attn__layer_12,mvp__same_l__videomae_v2__vit_large_16_224__temporal_attn__layer_12__seed_101,MVP,mvp,same_L,VideoMAE-v2,ViT-L/16,Attentive,temporal_attn,12,12,101,artifact,complete,pair_consistency,pair_consistency,95.885329,97.908938,60.970677,75.682508,61.274014,75.733064,22,30,true,true,artifacts/probes/mvp/seed_runs_layerwise_same_l_attentive_v1/mvp__same_l__videomae_v2__vit_large_16_224__temporal_attn__layer_12/seed_101/train_eval_summary.json,artifacts/probes/mvp/seed_runs_layerwise_same_l_attentive_v1/mvp__same_l__videomae_v2__vit_large_16_224__temporal_attn__layer_12/seed_101/layer_12/eval,results/verified_layerwise_probe_configs.csv,467,,,,artifact metrics read from train_eval_summary.json
same_l_attentive,results/seed_runs/layerwise_same_l_attentive_seed_results_long.csv,mvp__same_l__videomae_v2__vit_large_16_224__temporal_attn__layer_12,mvp__same_l__videomae_v2__vit_large_16_224__temporal_attn__layer_12__seed_102,MVP,mvp,same_L,VideoMAE-v2,ViT-L/16,Attentive,temporal_attn,12,12,102,artifact,complete,pair_consistency,pair_consistency,64.688027,79.814503,55.712841,74.165824,54.095046,72.093023,11,30,true,true,artifacts/probes/mvp/seed_runs_layerwise_same_l_attentive_v1/mvp__same_l__videomae_v2__vit_large_16_224__temporal_attn__layer_12/seed_102/train_eval_summary.json,artifacts/probes/mvp/seed_runs_layerwise_same_l_attentive_v1/mvp__same_l__videomae_v2__vit_large_16_224__temporal_attn__layer_12/seed_102/layer_12/eval,results/verified_layerwise_probe_configs.csv,467,,,,artifact metrics read from train_eval_summary.json
same_l_attentive,results/seed_runs/layerwise_same_l_attentive_seed_results_long.csv,mvp__same_l__videomae_v2__vit_large_16_224__temporal_attn__layer_18,mvp__same_l__videomae_v2__vit_large_16_224__temporal_attn__layer_18__seed_101,MVP,mvp,same_L,VideoMAE-v2,ViT-L/16,Attentive,temporal_attn,18,18,101,artifact,complete,pair_consistency,pair_consistency,93.220911,96.020236,88.877654,94.084934,87.360971,92.9727,26,30,true,true,artifacts/probes/mvp/seed_runs_layerwise_same_l_attentive_v1/mvp__same_l__videomae_v2__vit_large_16_224__temporal_attn__layer_18/seed_101/train_eval_summary.json,artifacts/probes/mvp/seed_runs_layerwise_same_l_attentive_v1/mvp__same_l__videomae_v2__vit_large_16_224__temporal_attn__layer_18/seed_101/layer_18/eval,results/verified_layerwise_probe_configs.csv,468,,,,artifact metrics read from train_eval_summary.json
same_l_attentive,results/seed_runs/layerwise_same_l_attentive_seed_results_long.csv,mvp__same_l__videomae_v2__vit_large_16_224__temporal_attn__layer_18,mvp__same_l__videomae_v2__vit_large_16_224__temporal_attn__layer_18__seed_102,MVP,mvp,same_L,VideoMAE-v2,ViT-L/16,Attentive,temporal_attn,18,18,102,artifact,complete,pair_consistency,pair_consistency,96.121417,98.026981,88.67543,93.680485,86.653185,92.467139,30,30,false,true,artifacts/probes/mvp/seed_runs_layerwise_same_l_attentive_v1/mvp__same_l__videomae_v2__vit_large_16_224__temporal_attn__layer_18/seed_102/train_eval_summary.json,artifacts/probes/mvp/seed_runs_layerwise_same_l_attentive_v1/mvp__same_l__videomae_v2__vit_large_16_224__temporal_attn__layer_18/seed_102/layer_18/eval,results/verified_layerwise_probe_configs.csv,468,,,,artifact metrics read from train_eval_summary.json
same_l_attentive,results/seed_runs/layerwise_same_l_attentive_seed_results_long.csv,mvp__same_l__videomae_v2__vit_large_16_224__temporal_attn__layer_24,mvp__same_l__videomae_v2__vit_large_16_224__temporal_attn__layer_24__seed_101,MVP,mvp,same_L,VideoMAE-v2,ViT-L/16,Attentive,temporal_attn,24,24,101,artifact,complete,pair_consistency,pair_consistency,95.919056,97.959528,76.845298,87.057634,77.856421,87.664307,30,30,true,true,artifacts/probes/mvp/seed_runs_layerwise_same_l_attentive_v1/mvp__same_l__videomae_v2__vit_large_16_224__temporal_attn__layer_24/seed_101/train_eval_summary.json,artifacts/probes/mvp/seed_runs_layerwise_same_l_attentive_v1/mvp__same_l__videomae_v2__vit_large_16_224__temporal_attn__layer_24/seed_101/layer_24/eval,results/verified_layerwise_probe_configs.csv,469,,,,artifact metrics read from train_eval_summary.json
same_l_attentive,results/seed_runs/layerwise_same_l_attentive_seed_results_long.csv,mvp__same_l__videomae_v2__vit_large_16_224__temporal_attn__layer_24,mvp__same_l__videomae_v2__vit_large_16_224__temporal_attn__layer_24__seed_102,MVP,mvp,same_L,VideoMAE-v2,ViT-L/16,Attentive,temporal_attn,24,24,102,artifact,complete,pair_consistency,pair_consistency,96.492411,98.246206,78.968655,88.0182,77.249747,87.209302,30,30,false,true,artifacts/probes/mvp/seed_runs_layerwise_same_l_attentive_v1/mvp__same_l__videomae_v2__vit_large_16_224__temporal_attn__layer_24/seed_102/train_eval_summary.json,artifacts/probes/mvp/seed_runs_layerwise_same_l_attentive_v1/mvp__same_l__videomae_v2__vit_large_16_224__temporal_attn__layer_24/seed_102/layer_24/eval,results/verified_layerwise_probe_configs.csv,469,,,,artifact metrics read from train_eval_summary.json
backbone_sweep_linear_mlp,results/seed_runs/layerwise_backbone_sweep_linear_mlp_seed_results_long.csv,intphys2__backbone_sweep__jepa_v2_1__vitb_384__linear__layer_3,intphys2__backbone_sweep__jepa_v2_1__vitb_384__linear__layer_3__seed_42,IntPhys2,intphys2,backbone_sweep,V-JEPA 2.1,ViT-B/16,Linear,linear,3,3,42,source_csv,complete,voe_accuracy,voe_accuracy,22.516556,51.490066,23.529412,53.921569,11.764706,49.509804,,50,,false,,,results/verified_layerwise_probe_configs.csv,50,intphys_primary_db.xlsx,V-JEPA 2.1,A3:K3,seed 42 read from source CSV metrics
backbone_sweep_linear_mlp,results/seed_runs/layerwise_backbone_sweep_linear_mlp_seed_results_long.csv,intphys2__backbone_sweep__jepa_v2_1__vitb_384__linear__layer_6,intphys2__backbone_sweep__jepa_v2_1__vitb_384__linear__layer_6__seed_42,IntPhys2,intphys2,backbone_sweep,V-JEPA 2.1,ViT-B/16,Linear,linear,6,6,42,source_csv,complete,voe_accuracy,voe_accuracy,49.006623,56.291391,27.45098,56.372549,29.411765,54.411765,,1000,,false,,,results/verified_layerwise_probe_configs.csv,51,intphys_primary_db.xlsx,V-JEPA 2.1,A4:K4,seed 42 read from source CSV metrics
backbone_sweep_linear_mlp,results/seed_runs/layerwise_backbone_sweep_linear_mlp_seed_results_long.csv,intphys2__backbone_sweep__jepa_v2_1__vitb_384__linear__layer_9,intphys2__backbone_sweep__jepa_v2_1__vitb_384__linear__layer_9__seed_42,IntPhys2,intphys2,backbone_sweep,V-JEPA 2.1,ViT-B/16,Linear,linear,9,9,42,source_csv,complete,voe_accuracy,voe_accuracy,45.695364,53.642384,45.098039,52.45098,15.686275,51.960784,,20,,false,,,results/verified_layerwise_probe_configs.csv,52,intphys_primary_db.xlsx,V-JEPA 2.1,A5:K5,seed 42 read from source CSV metrics
backbone_sweep_linear_mlp,results/seed_runs/layerwise_backbone_sweep_linear_mlp_seed_results_long.csv,intphys2__backbone_sweep__jepa_v2_1__vitb_384__linear__layer_12,intphys2__backbone_sweep__jepa_v2_1__vitb_384__linear__layer_12__seed_42,IntPhys2,intphys2,backbone_sweep,V-JEPA 2.1,ViT-B/16,Linear,linear,12,12,42,source_csv,complete,voe_accuracy,voe_accuracy,50.331126,64.900662,41.176471,61.27451,39.215686,56.862745,,2000,,false,,,results/verified_layerwise_probe_configs.csv,53,intphys_primary_db.xlsx,V-JEPA 2.1,A6:K6,seed 42 read from source CSV metrics
backbone_sweep_linear_mlp,results/seed_runs/layerwise_backbone_sweep_linear_mlp_seed_results_long.csv,intphys2__backbone_sweep__jepa_v2_1__vitb_384__mlp__layer_3,intphys2__backbone_sweep__jepa_v2_1__vitb_384__mlp__layer_3__seed_42,IntPhys2,intphys2,backbone_sweep,V-JEPA 2.1,ViT-B/16,MLP,mlp,3,3,42,source_csv,complete,voe_accuracy,voe_accuracy,94.039735,96.02649,19.607843,57.843137,25.490196,56.862745,,2000,,false,,,results/verified_layerwise_probe_configs.csv,54,intphys_primary_db.xlsx,V-JEPA 2.1,A7:K7,seed 42 read from source CSV metrics
backbone_sweep_linear_mlp,results/seed_runs/layerwise_backbone_sweep_linear_mlp_seed_results_long.csv,intphys2__backbone_sweep__jepa_v2_1__vitb_384__mlp__layer_6,intphys2__backbone_sweep__jepa_v2_1__vitb_384__mlp__layer_6__seed_42,IntPhys2,intphys2,backbone_sweep,V-JEPA 2.1,ViT-B/16,MLP,mlp,6,6,42,source_csv,complete,voe_accuracy,voe_accuracy,47.682119,54.139073,27.45098,51.470588,25.490196,50.980392,,50,,false,,,results/verified_layerwise_probe_configs.csv,55,intphys_primary_db.xlsx,V-JEPA 2.1,A8:K8,seed 42 read from source CSV metrics
backbone_sweep_linear_mlp,results/seed_runs/layerwise_backbone_sweep_linear_mlp_seed_results_long.csv,intphys2__backbone_sweep__jepa_v2_1__vitb_384__mlp__layer_9,intphys2__backbone_sweep__jepa_v2_1__vitb_384__mlp__layer_9__seed_42,IntPhys2,intphys2,backbone_sweep,V-JEPA 2.1,ViT-B/16,MLP,mlp,9,9,42,source_csv,complete,voe_accuracy,voe_accuracy,100,99.172185,45.098039,64.215686,50.980392,61.27451,,2000,,false,,,results/verified_layerwise_probe_configs.csv,56,intphys_primary_db.xlsx,V-JEPA 2.1,A9:K9,seed 42 read from source CSV metrics
backbone_sweep_linear_mlp,results/seed_runs/layerwise_backbone_sweep_linear_mlp_seed_results_long.csv,intphys2__backbone_sweep__jepa_v2_1__vitb_384__mlp__layer_12,intphys2__backbone_sweep__jepa_v2_1__vitb_384__mlp__layer_12__seed_42,IntPhys2,intphys2,backbone_sweep,V-JEPA 2.1,ViT-B/16,MLP,mlp,12,12,42,source_csv,complete,voe_accuracy,voe_accuracy,98.013245,96.688742,45.098039,68.137255,50.980392,63.235294,,2000,,false,,,results/verified_layerwise_probe_configs.csv,57,intphys_primary_db.xlsx,V-JEPA 2.1,A10:K10,seed 42 read from source CSV metrics
backbone_sweep_linear_mlp,results/seed_runs/layerwise_backbone_sweep_linear_mlp_seed_results_long.csv,intphys2__backbone_sweep__jepa_v2_1__vitg_384__linear__layer_10,intphys2__backbone_sweep__jepa_v2_1__vitg_384__linear__layer_10__seed_42,IntPhys2,intphys2,backbone_sweep,V-JEPA 2.1,ViT-G/16,Linear,linear,10,10,42,source_csv,complete,voe_accuracy,voe_accuracy,15.231788,54.139073,23.529412,52.45098,25.490196,54.901961,,20,,false,,,results/verified_layerwise_probe_configs.csv,74,intphys_primary_db.xlsx,V-JEPA 2.1,AA3:AK3,seed 42 read from source CSV metrics
backbone_sweep_linear_mlp,results/seed_runs/layerwise_backbone_sweep_linear_mlp_seed_results_long.csv,intphys2__backbone_sweep__jepa_v2_1__vitg_384__linear__layer_20,intphys2__backbone_sweep__jepa_v2_1__vitg_384__linear__layer_20__seed_42,IntPhys2,intphys2,backbone_sweep,V-JEPA 2.1,ViT-G/16,Linear,linear,20,20,42,source_csv,complete,voe_accuracy,voe_accuracy,45.033113,61.589404,37.254902,60.294118,33.333333,55.882353,,2000,,false,,,results/verified_layerwise_probe_configs.csv,75,intphys_primary_db.xlsx,V-JEPA 2.1,AA4:AK4,seed 42 read from source CSV metrics
backbone_sweep_linear_mlp,results/seed_runs/layerwise_backbone_sweep_linear_mlp_seed_results_long.csv,intphys2__backbone_sweep__jepa_v2_1__vitg_384__linear__layer_30,intphys2__backbone_sweep__jepa_v2_1__vitg_384__linear__layer_30__seed_42,IntPhys2,intphys2,backbone_sweep,V-JEPA 2.1,ViT-G/16,Linear,linear,30,30,42,source_csv,complete,voe_accuracy,voe_accuracy,59.602649,70.695364,37.254902,59.313725,33.333333,52.45098,,2000,,false,,,results/verified_layerwise_probe_configs.csv,76,intphys_primary_db.xlsx,V-JEPA 2.1,AA5:AK5,seed 42 read from source CSV metrics
backbone_sweep_linear_mlp,results/seed_runs/layerwise_backbone_sweep_linear_mlp_seed_results_long.csv,intphys2__backbone_sweep__jepa_v2_1__vitg_384__linear__layer_40,intphys2__backbone_sweep__jepa_v2_1__vitg_384__linear__layer_40__seed_42,IntPhys2,intphys2,backbone_sweep,V-JEPA 2.1,ViT-G/16,Linear,linear,40,40,42,source_csv,complete,voe_accuracy,voe_accuracy,43.708609,61.092715,29.411765,58.333333,49.019608,54.901961,,2000,,false,,,results/verified_layerwise_probe_configs.csv,77,intphys_primary_db.xlsx,V-JEPA 2.1,AA6:AK6,seed 42 read from source CSV metrics
backbone_sweep_linear_mlp,results/seed_runs/layerwise_backbone_sweep_linear_mlp_seed_results_long.csv,intphys2__backbone_sweep__jepa_v2_1__vitg_384__mlp__layer_10,intphys2__backbone_sweep__jepa_v2_1__vitg_384__mlp__layer_10__seed_42,IntPhys2,intphys2,backbone_sweep,V-JEPA 2.1,ViT-G/16,MLP,mlp,10,10,42,source_csv,complete,voe_accuracy,voe_accuracy,17.218543,53.145695,23.529412,52.45098,17.647059,52.941176,,50,,false,,,results/verified_layerwise_probe_configs.csv,78,intphys_primary_db.xlsx,V-JEPA 2.1,AA7:AK7,seed 42 read from source CSV metrics
backbone_sweep_linear_mlp,results/seed_runs/layerwise_backbone_sweep_linear_mlp_seed_results_long.csv,intphys2__backbone_sweep__jepa_v2_1__vitg_384__mlp__layer_20,intphys2__backbone_sweep__jepa_v2_1__vitg_384__mlp__layer_20__seed_42,IntPhys2,intphys2,backbone_sweep,V-JEPA 2.1,ViT-G/16,MLP,mlp,20,20,42,source_csv,complete,voe_accuracy,voe_accuracy,100,94.701987,37.254902,62.745098,41.176471,56.862745,,2000,,false,,,results/verified_layerwise_probe_configs.csv,79,intphys_primary_db.xlsx,V-JEPA 2.1,AA8:AK8,seed 42 read from source CSV metrics
backbone_sweep_linear_mlp,results/seed_runs/layerwise_backbone_sweep_linear_mlp_seed_results_long.csv,intphys2__backbone_sweep__jepa_v2_1__vitg_384__mlp__layer_30,intphys2__backbone_sweep__jepa_v2_1__vitg_384__mlp__layer_30__seed_42,IntPhys2,intphys2,backbone_sweep,V-JEPA 2.1,ViT-G/16,MLP,mlp,30,30,42,source_csv,complete,voe_accuracy,voe_accuracy,92.715232,93.377483,39.215686,63.72549,35.294118,57.352941,,2000,,false,,,results/verified_layerwise_probe_configs.csv,80,intphys_primary_db.xlsx,V-JEPA 2.1,AA9:AK9,seed 42 read from source CSV metrics
backbone_sweep_linear_mlp,results/seed_runs/layerwise_backbone_sweep_linear_mlp_seed_results_long.csv,intphys2__backbone_sweep__jepa_v2_1__vitg_384__mlp__layer_40,intphys2__backbone_sweep__jepa_v2_1__vitg_384__mlp__layer_40__seed_42,IntPhys2,intphys2,backbone_sweep,V-JEPA 2.1,ViT-G/16,MLP,mlp,40,40,42,source_csv,complete,voe_accuracy,voe_accuracy,100,98.675497,31.372549,60.784314,43.137255,59.313725,,2000,,false,,,results/verified_layerwise_probe_configs.csv,81,intphys_primary_db.xlsx,V-JEPA 2.1,AA10:AK10,seed 42 read from source CSV metrics
backbone_sweep_linear_mlp,results/seed_runs/layerwise_backbone_sweep_linear_mlp_seed_results_long.csv,intphys2__backbone_sweep__videomae_v2__vit_base_16_224__linear__layer_3,intphys2__backbone_sweep__videomae_v2__vit_base_16_224__linear__layer_3__seed_42,IntPhys2,intphys2,backbone_sweep,VideoMAE-v2,ViT-B/16,Linear,linear,3,3,42,source_csv,complete,voe_accuracy,voe_accuracy,15.231788,50.827815,7.843137,51.470588,17.647059,51.470588,,100,,false,,,results/verified_layerwise_probe_configs.csv,122,intphys_primary_db.xlsx,VideoMAE-v2,A3:K3,seed 42 read from source CSV metrics
backbone_sweep_linear_mlp,results/seed_runs/layerwise_backbone_sweep_linear_mlp_seed_results_long.csv,intphys2__backbone_sweep__videomae_v2__vit_base_16_224__linear__layer_6,intphys2__backbone_sweep__videomae_v2__vit_base_16_224__linear__layer_6__seed_42,IntPhys2,intphys2,backbone_sweep,VideoMAE-v2,ViT-B/16,Linear,linear,6,6,42,source_csv,complete,voe_accuracy,voe_accuracy,37.748344,55.463576,31.372549,54.411765,33.333333,51.960784,,100,,false,,,results/verified_layerwise_probe_configs.csv,123,intphys_primary_db.xlsx,VideoMAE-v2,A4:K4,seed 42 read from source CSV metrics
backbone_sweep_linear_mlp,results/seed_runs/layerwise_backbone_sweep_linear_mlp_seed_results_long.csv,intphys2__backbone_sweep__videomae_v2__vit_base_16_224__linear__layer_9,intphys2__backbone_sweep__videomae_v2__vit_base_16_224__linear__layer_9__seed_42,IntPhys2,intphys2,backbone_sweep,VideoMAE-v2,ViT-B/16,Linear,linear,9,9,42,source_csv,complete,voe_accuracy,voe_accuracy,49.006623,63.576159,47.058824,60.294118,43.137255,60.294118,,100,,false,,,results/verified_layerwise_probe_configs.csv,124,intphys_primary_db.xlsx,VideoMAE-v2,A5:K5,seed 42 read from source CSV metrics
backbone_sweep_linear_mlp,results/seed_runs/layerwise_backbone_sweep_linear_mlp_seed_results_long.csv,intphys2__backbone_sweep__videomae_v2__vit_base_16_224__linear__layer_12,intphys2__backbone_sweep__videomae_v2__vit_base_16_224__linear__layer_12__seed_42,IntPhys2,intphys2,backbone_sweep,VideoMAE-v2,ViT-B/16,Linear,linear,12,12,42,source_csv,complete,voe_accuracy,voe_accuracy,72.18543,72.682119,29.411765,59.803922,25.490196,53.431373,,100,,false,,,results/verified_layerwise_probe_configs.csv,125,intphys_primary_db.xlsx,VideoMAE-v2,A6:K6,seed 42 read from source CSV metrics
backbone_sweep_linear_mlp,results/seed_runs/layerwise_backbone_sweep_linear_mlp_seed_results_long.csv,intphys2__backbone_sweep__videomae_v2__vit_base_16_224__mlp__layer_3,intphys2__backbone_sweep__videomae_v2__vit_base_16_224__mlp__layer_3__seed_42,IntPhys2,intphys2,backbone_sweep,VideoMAE-v2,ViT-B/16,MLP,mlp,3,3,42,source_csv,complete,voe_accuracy,voe_accuracy,7.284768,50,23.529412,50,5.882353,50,,20,,false,,,results/verified_layerwise_probe_configs.csv,126,intphys_primary_db.xlsx,VideoMAE-v2,A7:K7,seed 42 read from source CSV metrics
backbone_sweep_linear_mlp,results/seed_runs/layerwise_backbone_sweep_linear_mlp_seed_results_long.csv,intphys2__backbone_sweep__videomae_v2__vit_base_16_224__mlp__layer_6,intphys2__backbone_sweep__videomae_v2__vit_base_16_224__mlp__layer_6__seed_42,IntPhys2,intphys2,backbone_sweep,VideoMAE-v2,ViT-B/16,MLP,mlp,6,6,42,source_csv,complete,voe_accuracy,voe_accuracy,37.086093,50.827815,33.333333,52.45098,11.764706,50.490196,,50,,false,,,results/verified_layerwise_probe_configs.csv,127,intphys_primary_db.xlsx,VideoMAE-v2,A8:K8,seed 42 read from source CSV metrics
backbone_sweep_linear_mlp,results/seed_runs/layerwise_backbone_sweep_linear_mlp_seed_results_long.csv,intphys2__backbone_sweep__videomae_v2__vit_base_16_224__mlp__layer_9,intphys2__backbone_sweep__videomae_v2__vit_base_16_224__mlp__layer_9__seed_42,IntPhys2,intphys2,backbone_sweep,VideoMAE-v2,ViT-B/16,MLP,mlp,9,9,42,source_csv,complete,voe_accuracy,voe_accuracy,44.370861,58.609272,50.980392,58.333333,35.294118,55.392157,,50,,false,,,results/verified_layerwise_probe_configs.csv,128,intphys_primary_db.xlsx,VideoMAE-v2,A9:K9,seed 42 read from source CSV metrics
backbone_sweep_linear_mlp,results/seed_runs/layerwise_backbone_sweep_linear_mlp_seed_results_long.csv,intphys2__backbone_sweep__videomae_v2__vit_base_16_224__mlp__layer_12,intphys2__backbone_sweep__videomae_v2__vit_base_16_224__mlp__layer_12__seed_42,IntPhys2,intphys2,backbone_sweep,VideoMAE-v2,ViT-B/16,MLP,mlp,12,12,42,source_csv,complete,voe_accuracy,voe_accuracy,78.145695,77.649007,43.137255,61.27451,29.411765,59.313725,,100,,false,,,results/verified_layerwise_probe_configs.csv,129,intphys_primary_db.xlsx,VideoMAE-v2,A10:K10,seed 42 read from source CSV metrics
backbone_sweep_linear_mlp,results/seed_runs/layerwise_backbone_sweep_linear_mlp_seed_results_long.csv,mvp__backbone_sweep__jepa_v2_1__vitb_384__linear__layer_3,mvp__backbone_sweep__jepa_v2_1__vitb_384__linear__layer_3__seed_42,MVP,mvp,backbone_sweep,V-JEPA 2.1,ViT-B/16,Linear,linear,3,3,42,source_csv,complete,pair_consistency,pair_consistency,36.661046,64.148398,33.46815,61.880688,32.861476,61.07179,,2000,,false,,,results/verified_layerwise_probe_configs.csv,374,mvp_primary_db.xlsx,V-JEPA 2.1,A3:K3,seed 42 read from source CSV metrics
backbone_sweep_linear_mlp,results/seed_runs/layerwise_backbone_sweep_linear_mlp_seed_results_long.csv,mvp__backbone_sweep__jepa_v2_1__vitb_384__linear__layer_6,mvp__backbone_sweep__jepa_v2_1__vitb_384__linear__layer_6__seed_42,MVP,mvp,backbone_sweep,V-JEPA 2.1,ViT-B/16,Linear,linear,6,6,42,source_csv,complete,pair_consistency,pair_consistency,44.755481,68.971332,38.422649,65.116279,38.523761,65.116279,,2000,,false,,,results/verified_layerwise_probe_configs.csv,375,mvp_primary_db.xlsx,V-JEPA 2.1,A4:K4,seed 42 read from source CSV metrics
backbone_sweep_linear_mlp,results/seed_runs/layerwise_backbone_sweep_linear_mlp_seed_results_long.csv,mvp__backbone_sweep__jepa_v2_1__vitb_384__linear__layer_9,mvp__backbone_sweep__jepa_v2_1__vitb_384__linear__layer_9__seed_42,MVP,mvp,backbone_sweep,V-JEPA 2.1,ViT-B/16,Linear,linear,9,9,42,source_csv,complete,pair_consistency,pair_consistency,45.531197,69.578415,43.073812,66.076845,39.029323,64.054601,,2000,,false,,,results/verified_layerwise_probe_configs.csv,376,mvp_primary_db.xlsx,V-JEPA 2.1,A5:K5,seed 42 read from source CSV metrics
backbone_sweep_linear_mlp,results/seed_runs/layerwise_backbone_sweep_linear_mlp_seed_results_long.csv,mvp__backbone_sweep__jepa_v2_1__vitb_384__linear__layer_12,mvp__backbone_sweep__jepa_v2_1__vitb_384__linear__layer_12__seed_42,MVP,mvp,backbone_sweep,V-JEPA 2.1,ViT-B/16,Linear,linear,12,12,42,source_csv,complete,pair_consistency,pair_consistency,49.645868,71.129848,44.691608,67.644085,40.748231,65.722952,,2000,,false,,,results/verified_layerwise_probe_configs.csv,377,mvp_primary_db.xlsx,V-JEPA 2.1,A6:K6,seed 42 read from source CSV metrics
backbone_sweep_linear_mlp,results/seed_runs/layerwise_backbone_sweep_linear_mlp_seed_results_long.csv,mvp__backbone_sweep__jepa_v2_1__vitb_384__mlp__layer_3,mvp__backbone_sweep__jepa_v2_1__vitb_384__mlp__layer_3__seed_42,MVP,mvp,backbone_sweep,V-JEPA 2.1,ViT-B/16,MLP,mlp,3,3,42,source_csv,complete,pair_consistency,pair_consistency,83.338954,91.48398,54.29727,73.913043,51.263903,72.548028,,2000,,false,,,results/verified_layerwise_probe_configs.csv,378,mvp_primary_db.xlsx,V-JEPA 2.1,A7:K7,seed 42 read from source CSV metrics
backbone_sweep_linear_mlp,results/seed_runs/layerwise_backbone_sweep_linear_mlp_seed_results_long.csv,mvp__backbone_sweep__jepa_v2_1__vitb_384__mlp__layer_6,mvp__backbone_sweep__jepa_v2_1__vitb_384__mlp__layer_6__seed_42,MVP,mvp,backbone_sweep,V-JEPA 2.1,ViT-B/16,MLP,mlp,6,6,42,source_csv,complete,pair_consistency,pair_consistency,95.177066,97.571669,63.700708,79.625885,64.105157,79.221436,,2000,,false,,,results/verified_layerwise_probe_configs.csv,379,mvp_primary_db.xlsx,V-JEPA 2.1,A8:K8,seed 42 read from source CSV metrics
backbone_sweep_linear_mlp,results/seed_runs/layerwise_backbone_sweep_linear_mlp_seed_results_long.csv,mvp__backbone_sweep__jepa_v2_1__vitb_384__mlp__layer_9,mvp__backbone_sweep__jepa_v2_1__vitb_384__mlp__layer_9__seed_42,MVP,mvp,backbone_sweep,V-JEPA 2.1,ViT-B/16,MLP,mlp,9,9,42,source_csv,complete,pair_consistency,pair_consistency,96.728499,98.36425,67.644085,81.547017,67.745197,81.698686,,2000,,false,,,results/verified_layerwise_probe_configs.csv,380,mvp_primary_db.xlsx,V-JEPA 2.1,A9:K9,seed 42 read from source CSV metrics
backbone_sweep_linear_mlp,results/seed_runs/layerwise_backbone_sweep_linear_mlp_seed_results_long.csv,mvp__backbone_sweep__jepa_v2_1__vitb_384__mlp__layer_12,mvp__backbone_sweep__jepa_v2_1__vitb_384__mlp__layer_12__seed_42,MVP,mvp,backbone_sweep,V-JEPA 2.1,ViT-B/16,MLP,mlp,12,12,42,source_csv,complete,pair_consistency,pair_consistency,88.46543,94.131535,72.39636,85.187058,69.868554,83.518706,,500,,false,,,results/verified_layerwise_probe_configs.csv,381,mvp_primary_db.xlsx,V-JEPA 2.1,A10:K10,seed 42 read from source CSV metrics
backbone_sweep_linear_mlp,results/seed_runs/layerwise_backbone_sweep_linear_mlp_seed_results_long.csv,mvp__backbone_sweep__jepa_v2_1__vitg_384__linear__layer_10,mvp__backbone_sweep__jepa_v2_1__vitg_384__linear__layer_10__seed_42,MVP,mvp,backbone_sweep,V-JEPA 2.1,ViT-G/16,Linear,linear,10,10,42,source_csv,complete,pair_consistency,pair_consistency,45.092749,68.752108,39.130435,64.610718,33.367037,61.32457,,2000,,false,,,results/verified_layerwise_probe_configs.csv,398,mvp_primary_db.xlsx,V-JEPA 2.1,AA3:AK3,seed 42 read from source CSV metrics
backbone_sweep_linear_mlp,results/seed_runs/layerwise_backbone_sweep_linear_mlp_seed_results_long.csv,mvp__backbone_sweep__jepa_v2_1__vitg_384__linear__layer_20,mvp__backbone_sweep__jepa_v2_1__vitg_384__linear__layer_20__seed_42,MVP,mvp,backbone_sweep,V-JEPA 2.1,ViT-G/16,Linear,linear,20,20,42,source_csv,complete,pair_consistency,pair_consistency,51.669477,73.06914,40.647118,65.470172,38.119312,64.155713,,2000,,false,,,results/verified_layerwise_probe_configs.csv,399,mvp_primary_db.xlsx,V-JEPA 2.1,AA4:AK4,seed 42 read from source CSV metrics
backbone_sweep_linear_mlp,results/seed_runs/layerwise_backbone_sweep_linear_mlp_seed_results_long.csv,mvp__backbone_sweep__jepa_v2_1__vitg_384__linear__layer_30,mvp__backbone_sweep__jepa_v2_1__vitg_384__linear__layer_30__seed_42,MVP,mvp,backbone_sweep,V-JEPA 2.1,ViT-G/16,Linear,linear,30,30,42,source_csv,complete,pair_consistency,pair_consistency,58.650927,76.711636,44.994944,68.200202,45.197169,67.593529,,2000,,false,,,results/verified_layerwise_probe_configs.csv,400,mvp_primary_db.xlsx,V-JEPA 2.1,AA5:AK5,seed 42 read from source CSV metrics
backbone_sweep_linear_mlp,results/seed_runs/layerwise_backbone_sweep_linear_mlp_seed_results_long.csv,mvp__backbone_sweep__jepa_v2_1__vitg_384__linear__layer_40,mvp__backbone_sweep__jepa_v2_1__vitg_384__linear__layer_40__seed_42,MVP,mvp,backbone_sweep,V-JEPA 2.1,ViT-G/16,Linear,linear,40,40,42,source_csv,complete,pair_consistency,pair_consistency,60.303541,77.436762,50.960566,71.435794,47.118301,68.554095,,2000,,false,,,results/verified_layerwise_probe_configs.csv,401,mvp_primary_db.xlsx,V-JEPA 2.1,AA6:AK6,seed 42 read from source CSV metrics
backbone_sweep_linear_mlp,results/seed_runs/layerwise_backbone_sweep_linear_mlp_seed_results_long.csv,mvp__backbone_sweep__jepa_v2_1__vitg_384__mlp__layer_10,mvp__backbone_sweep__jepa_v2_1__vitg_384__mlp__layer_10__seed_42,MVP,mvp,backbone_sweep,V-JEPA 2.1,ViT-G/16,MLP,mlp,10,10,42,source_csv,complete,pair_consistency,pair_consistency,88.161889,94.013491,48.533873,70.677452,47.118301,69.615774,,2000,,false,,,results/verified_layerwise_probe_configs.csv,402,mvp_primary_db.xlsx,V-JEPA 2.1,AA7:AK7,seed 42 read from source CSV metrics
backbone_sweep_linear_mlp,results/seed_runs/layerwise_backbone_sweep_linear_mlp_seed_results_long.csv,mvp__backbone_sweep__jepa_v2_1__vitg_384__mlp__layer_20,mvp__backbone_sweep__jepa_v2_1__vitg_384__mlp__layer_20__seed_42,MVP,mvp,backbone_sweep,V-JEPA 2.1,ViT-G/16,MLP,mlp,20,20,42,source_csv,complete,pair_consistency,pair_consistency,97.77403,98.887015,62.386249,78.564206,59.757331,76.339737,,2000,,false,,,results/verified_layerwise_probe_configs.csv,403,mvp_primary_db.xlsx,V-JEPA 2.1,AA8:AK8,seed 42 read from source CSV metrics
backbone_sweep_linear_mlp,results/seed_runs/layerwise_backbone_sweep_linear_mlp_seed_results_long.csv,mvp__backbone_sweep__jepa_v2_1__vitg_384__mlp__layer_30,mvp__backbone_sweep__jepa_v2_1__vitg_384__mlp__layer_30__seed_42,MVP,mvp,backbone_sweep,V-JEPA 2.1,ViT-G/16,MLP,mlp,30,30,42,source_csv,complete,pair_consistency,pair_consistency,98.684654,99.342327,71.183013,83.367037,69.767442,82.457027,,2000,,false,,,results/verified_layerwise_probe_configs.csv,404,mvp_primary_db.xlsx,V-JEPA 2.1,AA9:AK9,seed 42 read from source CSV metrics
backbone_sweep_linear_mlp,results/seed_runs/layerwise_backbone_sweep_linear_mlp_seed_results_long.csv,mvp__backbone_sweep__jepa_v2_1__vitg_384__mlp__layer_40,mvp__backbone_sweep__jepa_v2_1__vitg_384__mlp__layer_40__seed_42,MVP,mvp,backbone_sweep,V-JEPA 2.1,ViT-G/16,MLP,mlp,40,40,42,source_csv,complete,pair_consistency,pair_consistency,97.200675,98.600337,68.250758,82.103134,64.004044,79.373104,,2000,,false,,,results/verified_layerwise_probe_configs.csv,405,mvp_primary_db.xlsx,V-JEPA 2.1,AA10:AK10,seed 42 read from source CSV metrics
backbone_sweep_linear_mlp,results/seed_runs/layerwise_backbone_sweep_linear_mlp_seed_results_long.csv,mvp__backbone_sweep__videomae_v2__vit_base_16_224__linear__layer_3,mvp__backbone_sweep__videomae_v2__vit_base_16_224__linear__layer_3__seed_42,MVP,mvp,backbone_sweep,VideoMAE-v2,ViT-B/16,Linear,linear,3,3,42,source_csv,complete,pair_consistency,pair_consistency,36.728499,64.300169,34.074823,62.689585,32.55814,60.515672,,2000,,false,,,results/verified_layerwise_probe_configs.csv,446,mvp_primary_db.xlsx,VideoMAE-v2,A3:K3,seed 42 read from source CSV metrics
backbone_sweep_linear_mlp,results/seed_runs/layerwise_backbone_sweep_linear_mlp_seed_results_long.csv,mvp__backbone_sweep__videomae_v2__vit_base_16_224__linear__layer_6,mvp__backbone_sweep__videomae_v2__vit_base_16_224__linear__layer_6__seed_42,MVP,mvp,backbone_sweep,VideoMAE-v2,ViT-B/16,Linear,linear,6,6,42,source_csv,complete,pair_consistency,pair_consistency,42.495784,67.892074,36.703741,63.599596,34.782609,62.790698,,2000,,false,,,results/verified_layerwise_probe_configs.csv,447,mvp_primary_db.xlsx,VideoMAE-v2,A4:K4,seed 42 read from source CSV metrics
backbone_sweep_linear_mlp,results/seed_runs/layerwise_backbone_sweep_linear_mlp_seed_results_long.csv,mvp__backbone_sweep__videomae_v2__vit_base_16_224__linear__layer_9,mvp__backbone_sweep__videomae_v2__vit_base_16_224__linear__layer_9__seed_42,MVP,mvp,backbone_sweep,VideoMAE-v2,ViT-B/16,Linear,linear,9,9,42,source_csv,complete,pair_consistency,pair_consistency,45.733558,69.797639,39.737108,65.267947,40.343782,65.672396,,2000,,false,,,results/verified_layerwise_probe_configs.csv,448,mvp_primary_db.xlsx,VideoMAE-v2,A5:K5,seed 42 read from source CSV metrics
backbone_sweep_linear_mlp,results/seed_runs/layerwise_backbone_sweep_linear_mlp_seed_results_long.csv,mvp__backbone_sweep__videomae_v2__vit_base_16_224__linear__layer_12,mvp__backbone_sweep__videomae_v2__vit_base_16_224__linear__layer_12__seed_42,MVP,mvp,backbone_sweep,VideoMAE-v2,ViT-B/16,Linear,linear,12,12,42,source_csv,complete,pair_consistency,pair_consistency,45.430017,69.460371,40.141557,65.874621,35.591507,63.346815,,1000,,false,,,results/verified_layerwise_probe_configs.csv,449,mvp_primary_db.xlsx,VideoMAE-v2,A6:K6,seed 42 read from source CSV metrics
backbone_sweep_linear_mlp,results/seed_runs/layerwise_backbone_sweep_linear_mlp_seed_results_long.csv,mvp__backbone_sweep__videomae_v2__vit_base_16_224__mlp__layer_3,mvp__backbone_sweep__videomae_v2__vit_base_16_224__mlp__layer_3__seed_42,MVP,mvp,backbone_sweep,VideoMAE-v2,ViT-B/16,MLP,mlp,3,3,42,source_csv,complete,pair_consistency,pair_consistency,73.693086,86.661046,50.758342,72.750253,46.713852,70.374115,,2000,,false,,,results/verified_layerwise_probe_configs.csv,450,mvp_primary_db.xlsx,VideoMAE-v2,A7:K7,seed 42 read from source CSV metrics
backbone_sweep_linear_mlp,results/seed_runs/layerwise_backbone_sweep_linear_mlp_seed_results_long.csv,mvp__backbone_sweep__videomae_v2__vit_base_16_224__mlp__layer_6,mvp__backbone_sweep__videomae_v2__vit_base_16_224__mlp__layer_6__seed_42,MVP,mvp,backbone_sweep,VideoMAE-v2,ViT-B/16,MLP,mlp,6,6,42,source_csv,complete,pair_consistency,pair_consistency,86.475548,93.136594,57.836198,76.744186,55.20728,74.418605,,2000,,false,,,results/verified_layerwise_probe_configs.csv,451,mvp_primary_db.xlsx,VideoMAE-v2,A8:K8,seed 42 read from source CSV metrics
backbone_sweep_linear_mlp,results/seed_runs/layerwise_backbone_sweep_linear_mlp_seed_results_long.csv,mvp__backbone_sweep__videomae_v2__vit_base_16_224__mlp__layer_9,mvp__backbone_sweep__videomae_v2__vit_base_16_224__mlp__layer_9__seed_42,MVP,mvp,backbone_sweep,VideoMAE-v2,ViT-B/16,MLP,mlp,9,9,42,source_csv,complete,pair_consistency,pair_consistency,99.561551,99.780776,69.767442,83.063701,66.127401,80.687563,,2000,,false,,,results/verified_layerwise_probe_configs.csv,452,mvp_primary_db.xlsx,VideoMAE-v2,A9:K9,seed 42 read from source CSV metrics
backbone_sweep_linear_mlp,results/seed_runs/layerwise_backbone_sweep_linear_mlp_seed_results_long.csv,mvp__backbone_sweep__videomae_v2__vit_base_16_224__mlp__layer_12,mvp__backbone_sweep__videomae_v2__vit_base_16_224__mlp__layer_12__seed_42,MVP,mvp,backbone_sweep,VideoMAE-v2,ViT-B/16,MLP,mlp,12,12,42,source_csv,complete,pair_consistency,pair_consistency,99.932546,99.966273,75.631951,86.804853,67.846309,82.709808,,2000,,false,,,results/verified_layerwise_probe_configs.csv,453,mvp_primary_db.xlsx,VideoMAE-v2,A10:K10,seed 42 read from source CSV metrics
backbone_sweep_linear_mlp,results/seed_runs/layerwise_backbone_sweep_linear_mlp_seed_results_long.csv,intphys2__backbone_sweep__jepa_v2_1__vitb_384__linear__layer_3,intphys2__backbone_sweep__jepa_v2_1__vitb_384__linear__layer_3__seed_101,IntPhys2,intphys2,backbone_sweep,V-JEPA 2.1,ViT-B/16,Linear,linear,3,3,101,artifact,complete,voe_accuracy,voe_accuracy,17.880795,51.324503,11.764706,52.45098,15.686275,50.980392,50,50,false,false,artifacts/probes/intphys2/seed_runs_layerwise_backbone_sweep_v1/intphys2__backbone_sweep__jepa_v2_1__vitb_384__linear__layer_3/seed_101/train_eval_summary.json,artifacts/probes/intphys2/seed_runs_layerwise_backbone_sweep_v1/intphys2__backbone_sweep__jepa_v2_1__vitb_384__linear__layer_3/seed_101/layer_3/eval,results/verified_layerwise_probe_configs.csv,50,,,,artifact metrics read from train_eval_summary.json
backbone_sweep_linear_mlp,results/seed_runs/layerwise_backbone_sweep_linear_mlp_seed_results_long.csv,intphys2__backbone_sweep__jepa_v2_1__vitb_384__linear__layer_3,intphys2__backbone_sweep__jepa_v2_1__vitb_384__linear__layer_3__seed_102,IntPhys2,intphys2,backbone_sweep,V-JEPA 2.1,ViT-B/16,Linear,linear,3,3,102,artifact,complete,voe_accuracy,voe_accuracy,27.81457,51.490066,9.803922,52.941176,23.529412,51.470588,50,50,false,false,artifacts/probes/intphys2/seed_runs_layerwise_backbone_sweep_v1/intphys2__backbone_sweep__jepa_v2_1__vitb_384__linear__layer_3/seed_102/train_eval_summary.json,artifacts/probes/intphys2/seed_runs_layerwise_backbone_sweep_v1/intphys2__backbone_sweep__jepa_v2_1__vitb_384__linear__layer_3/seed_102/layer_3/eval,results/verified_layerwise_probe_configs.csv,50,,,,artifact metrics read from train_eval_summary.json
backbone_sweep_linear_mlp,results/seed_runs/layerwise_backbone_sweep_linear_mlp_seed_results_long.csv,intphys2__backbone_sweep__jepa_v2_1__vitb_384__linear__layer_6,intphys2__backbone_sweep__jepa_v2_1__vitb_384__linear__layer_6__seed_101,IntPhys2,intphys2,backbone_sweep,V-JEPA 2.1,ViT-B/16,Linear,linear,6,6,101,artifact,complete,voe_accuracy,voe_accuracy,47.682119,57.94702,21.568627,54.411765,29.411765,55.392157,1000,1000,false,false,artifacts/probes/intphys2/seed_runs_layerwise_backbone_sweep_v1/intphys2__backbone_sweep__jepa_v2_1__vitb_384__linear__layer_6/seed_101/train_eval_summary.json,artifacts/probes/intphys2/seed_runs_layerwise_backbone_sweep_v1/intphys2__backbone_sweep__jepa_v2_1__vitb_384__linear__layer_6/seed_101/layer_6/eval,results/verified_layerwise_probe_configs.csv,51,,,,artifact metrics read from train_eval_summary.json
backbone_sweep_linear_mlp,results/seed_runs/layerwise_backbone_sweep_linear_mlp_seed_results_long.csv,intphys2__backbone_sweep__jepa_v2_1__vitb_384__linear__layer_6,intphys2__backbone_sweep__jepa_v2_1__vitb_384__linear__layer_6__seed_102,IntPhys2,intphys2,backbone_sweep,V-JEPA 2.1,ViT-B/16,Linear,linear,6,6,102,artifact,complete,voe_accuracy,voe_accuracy,45.695364,57.450331,25.490196,55.392157,29.411765,49.509804,1000,1000,false,false,artifacts/probes/intphys2/seed_runs_layerwise_backbone_sweep_v1/intphys2__backbone_sweep__jepa_v2_1__vitb_384__linear__layer_6/seed_102/train_eval_summary.json,artifacts/probes/intphys2/seed_runs_layerwise_backbone_sweep_v1/intphys2__backbone_sweep__jepa_v2_1__vitb_384__linear__layer_6/seed_102/layer_6/eval,results/verified_layerwise_probe_configs.csv,51,,,,artifact metrics read from train_eval_summary.json
backbone_sweep_linear_mlp,results/seed_runs/layerwise_backbone_sweep_linear_mlp_seed_results_long.csv,intphys2__backbone_sweep__jepa_v2_1__vitb_384__linear__layer_9,intphys2__backbone_sweep__jepa_v2_1__vitb_384__linear__layer_9__seed_101,IntPhys2,intphys2,backbone_sweep,V-JEPA 2.1,ViT-B/16,Linear,linear,9,9,101,artifact,complete,voe_accuracy,voe_accuracy,51.655629,51.324503,43.137255,52.941176,33.333333,51.470588,20,20,false,false,artifacts/probes/intphys2/seed_runs_layerwise_backbone_sweep_v1/intphys2__backbone_sweep__jepa_v2_1__vitb_384__linear__layer_9/seed_101/train_eval_summary.json,artifacts/probes/intphys2/seed_runs_layerwise_backbone_sweep_v1/intphys2__backbone_sweep__jepa_v2_1__vitb_384__linear__layer_9/seed_101/layer_9/eval,results/verified_layerwise_probe_configs.csv,52,,,,artifact metrics read from train_eval_summary.json
backbone_sweep_linear_mlp,results/seed_runs/layerwise_backbone_sweep_linear_mlp_seed_results_long.csv,intphys2__backbone_sweep__jepa_v2_1__vitb_384__linear__layer_9,intphys2__backbone_sweep__jepa_v2_1__vitb_384__linear__layer_9__seed_102,IntPhys2,intphys2,backbone_sweep,V-JEPA 2.1,ViT-B/16,Linear,linear,9,9,102,artifact,complete,voe_accuracy,voe_accuracy,51.655629,53.97351,41.176471,52.45098,25.490196,51.470588,20,20,false,false,artifacts/probes/intphys2/seed_runs_layerwise_backbone_sweep_v1/intphys2__backbone_sweep__jepa_v2_1__vitb_384__linear__layer_9/seed_102/train_eval_summary.json,artifacts/probes/intphys2/seed_runs_layerwise_backbone_sweep_v1/intphys2__backbone_sweep__jepa_v2_1__vitb_384__linear__layer_9/seed_102/layer_9/eval,results/verified_layerwise_probe_configs.csv,52,,,,artifact metrics read from train_eval_summary.json
backbone_sweep_linear_mlp,results/seed_runs/layerwise_backbone_sweep_linear_mlp_seed_results_long.csv,intphys2__backbone_sweep__jepa_v2_1__vitb_384__linear__layer_12,intphys2__backbone_sweep__jepa_v2_1__vitb_384__linear__layer_12__seed_101,IntPhys2,intphys2,backbone_sweep,V-JEPA 2.1,ViT-B/16,Linear,linear,12,12,101,artifact,complete,voe_accuracy,voe_accuracy,49.006623,63.576159,39.215686,62.745098,37.254902,54.411765,2000,2000,false,false,artifacts/probes/intphys2/seed_runs_layerwise_backbone_sweep_v1/intphys2__backbone_sweep__jepa_v2_1__vitb_384__linear__layer_12/seed_101/train_eval_summary.json,artifacts/probes/intphys2/seed_runs_layerwise_backbone_sweep_v1/intphys2__backbone_sweep__jepa_v2_1__vitb_384__linear__layer_12/seed_101/layer_12/eval,results/verified_layerwise_probe_configs.csv,53,,,,artifact metrics read from train_eval_summary.json
backbone_sweep_linear_mlp,results/seed_runs/layerwise_backbone_sweep_linear_mlp_seed_results_long.csv,intphys2__backbone_sweep__jepa_v2_1__vitb_384__linear__layer_12,intphys2__backbone_sweep__jepa_v2_1__vitb_384__linear__layer_12__seed_102,IntPhys2,intphys2,backbone_sweep,V-JEPA 2.1,ViT-B/16,Linear,linear,12,12,102,artifact,complete,voe_accuracy,voe_accuracy,46.357616,64.735099,41.176471,61.764706,39.215686,54.411765,2000,2000,false,false,artifacts/probes/intphys2/seed_runs_layerwise_backbone_sweep_v1/intphys2__backbone_sweep__jepa_v2_1__vitb_384__linear__layer_12/seed_102/train_eval_summary.json,artifacts/probes/intphys2/seed_runs_layerwise_backbone_sweep_v1/intphys2__backbone_sweep__jepa_v2_1__vitb_384__linear__layer_12/seed_102/layer_12/eval,results/verified_layerwise_probe_configs.csv,53,,,,artifact metrics read from train_eval_summary.json
backbone_sweep_linear_mlp,results/seed_runs/layerwise_backbone_sweep_linear_mlp_seed_results_long.csv,intphys2__backbone_sweep__jepa_v2_1__vitb_384__mlp__layer_3,intphys2__backbone_sweep__jepa_v2_1__vitb_384__mlp__layer_3__seed_101,IntPhys2,intphys2,backbone_sweep,V-JEPA 2.1,ViT-B/16,MLP,mlp,3,3,101,artifact,complete,voe_accuracy,voe_accuracy,76.821192,77.980132,19.607843,55.392157,27.45098,52.45098,2000,2000,false,false,artifacts/probes/intphys2/seed_runs_layerwise_backbone_sweep_v1/intphys2__backbone_sweep__jepa_v2_1__vitb_384__mlp__layer_3/seed_101/train_eval_summary.json,artifacts/probes/intphys2/seed_runs_layerwise_backbone_sweep_v1/intphys2__backbone_sweep__jepa_v2_1__vitb_384__mlp__layer_3/seed_101/layer_3/eval,results/verified_layerwise_probe_configs.csv,54,,,,artifact metrics read from train_eval_summary.json
backbone_sweep_linear_mlp,results/seed_runs/layerwise_backbone_sweep_linear_mlp_seed_results_long.csv,intphys2__backbone_sweep__jepa_v2_1__vitb_384__mlp__layer_3,intphys2__backbone_sweep__jepa_v2_1__vitb_384__mlp__layer_3__seed_102,IntPhys2,intphys2,backbone_sweep,V-JEPA 2.1,ViT-B/16,MLP,mlp,3,3,102,artifact,complete,voe_accuracy,voe_accuracy,76.821192,83.443709,25.490196,55.882353,25.490196,54.411765,2000,2000,false,false,artifacts/probes/intphys2/seed_runs_layerwise_backbone_sweep_v1/intphys2__backbone_sweep__jepa_v2_1__vitb_384__mlp__layer_3/seed_102/train_eval_summary.json,artifacts/probes/intphys2/seed_runs_layerwise_backbone_sweep_v1/intphys2__backbone_sweep__jepa_v2_1__vitb_384__mlp__layer_3/seed_102/layer_3/eval,results/verified_layerwise_probe_configs.csv,54,,,,artifact metrics read from train_eval_summary.json
backbone_sweep_linear_mlp,results/seed_runs/layerwise_backbone_sweep_linear_mlp_seed_results_long.csv,intphys2__backbone_sweep__jepa_v2_1__vitb_384__mlp__layer_6,intphys2__backbone_sweep__jepa_v2_1__vitb_384__mlp__layer_6__seed_101,IntPhys2,intphys2,backbone_sweep,V-JEPA 2.1,ViT-B/16,MLP,mlp,6,6,101,artifact,complete,voe_accuracy,voe_accuracy,44.370861,51.324503,23.529412,52.941176,19.607843,50,50,50,false,false,artifacts/probes/intphys2/seed_runs_layerwise_backbone_sweep_v1/intphys2__backbone_sweep__jepa_v2_1__vitb_384__mlp__layer_6/seed_101/train_eval_summary.json,artifacts/probes/intphys2/seed_runs_layerwise_backbone_sweep_v1/intphys2__backbone_sweep__jepa_v2_1__vitb_384__mlp__layer_6/seed_101/layer_6/eval,results/verified_layerwise_probe_configs.csv,55,,,,artifact metrics read from train_eval_summary.json
backbone_sweep_linear_mlp,results/seed_runs/layerwise_backbone_sweep_linear_mlp_seed_results_long.csv,intphys2__backbone_sweep__jepa_v2_1__vitb_384__mlp__layer_6,intphys2__backbone_sweep__jepa_v2_1__vitb_384__mlp__layer_6__seed_102,IntPhys2,intphys2,backbone_sweep,V-JEPA 2.1,ViT-B/16,MLP,mlp,6,6,102,artifact,complete,voe_accuracy,voe_accuracy,46.357616,52.483444,29.411765,52.941176,23.529412,49.509804,50,50,false,false,artifacts/probes/intphys2/seed_runs_layerwise_backbone_sweep_v1/intphys2__backbone_sweep__jepa_v2_1__vitb_384__mlp__layer_6/seed_102/train_eval_summary.json,artifacts/probes/intphys2/seed_runs_layerwise_backbone_sweep_v1/intphys2__backbone_sweep__jepa_v2_1__vitb_384__mlp__layer_6/seed_102/layer_6/eval,results/verified_layerwise_probe_configs.csv,55,,,,artifact metrics read from train_eval_summary.json
backbone_sweep_linear_mlp,results/seed_runs/layerwise_backbone_sweep_linear_mlp_seed_results_long.csv,intphys2__backbone_sweep__jepa_v2_1__vitb_384__mlp__layer_9,intphys2__backbone_sweep__jepa_v2_1__vitb_384__mlp__layer_9__seed_101,IntPhys2,intphys2,backbone_sweep,V-JEPA 2.1,ViT-B/16,MLP,mlp,9,9,101,artifact,complete,voe_accuracy,voe_accuracy,93.377483,91.887417,41.176471,63.235294,58.823529,62.745098,2000,2000,false,false,artifacts/probes/intphys2/seed_runs_layerwise_backbone_sweep_v1/intphys2__backbone_sweep__jepa_v2_1__vitb_384__mlp__layer_9/seed_101/train_eval_summary.json,artifacts/probes/intphys2/seed_runs_layerwise_backbone_sweep_v1/intphys2__backbone_sweep__jepa_v2_1__vitb_384__mlp__layer_9/seed_101/layer_9/eval,results/verified_layerwise_probe_configs.csv,56,,,,artifact metrics read from train_eval_summary.json
backbone_sweep_linear_mlp,results/seed_runs/layerwise_backbone_sweep_linear_mlp_seed_results_long.csv,intphys2__backbone_sweep__jepa_v2_1__vitb_384__mlp__layer_9,intphys2__backbone_sweep__jepa_v2_1__vitb_384__mlp__layer_9__seed_102,IntPhys2,intphys2,backbone_sweep,V-JEPA 2.1,ViT-B/16,MLP,mlp,9,9,102,artifact,complete,voe_accuracy,voe_accuracy,68.211921,77.152318,47.058824,62.745098,39.215686,63.235294,2000,2000,false,false,artifacts/probes/intphys2/seed_runs_layerwise_backbone_sweep_v1/intphys2__backbone_sweep__jepa_v2_1__vitb_384__mlp__layer_9/seed_102/train_eval_summary.json,artifacts/probes/intphys2/seed_runs_layerwise_backbone_sweep_v1/intphys2__backbone_sweep__jepa_v2_1__vitb_384__mlp__layer_9/seed_102/layer_9/eval,results/verified_layerwise_probe_configs.csv,56,,,,artifact metrics read from train_eval_summary.json
backbone_sweep_linear_mlp,results/seed_runs/layerwise_backbone_sweep_linear_mlp_seed_results_long.csv,intphys2__backbone_sweep__jepa_v2_1__vitb_384__mlp__layer_12,intphys2__backbone_sweep__jepa_v2_1__vitb_384__mlp__layer_12__seed_101,IntPhys2,intphys2,backbone_sweep,V-JEPA 2.1,ViT-B/16,MLP,mlp,12,12,101,artifact,complete,voe_accuracy,voe_accuracy,98.013245,96.02649,41.176471,67.647059,50.980392,61.764706,2000,2000,false,false,artifacts/probes/intphys2/seed_runs_layerwise_backbone_sweep_v1/intphys2__backbone_sweep__jepa_v2_1__vitb_384__mlp__layer_12/seed_101/train_eval_summary.json,artifacts/probes/intphys2/seed_runs_layerwise_backbone_sweep_v1/intphys2__backbone_sweep__jepa_v2_1__vitb_384__mlp__layer_12/seed_101/layer_12/eval,results/verified_layerwise_probe_configs.csv,57,,,,artifact metrics read from train_eval_summary.json
backbone_sweep_linear_mlp,results/seed_runs/layerwise_backbone_sweep_linear_mlp_seed_results_long.csv,intphys2__backbone_sweep__jepa_v2_1__vitb_384__mlp__layer_12,intphys2__backbone_sweep__jepa_v2_1__vitb_384__mlp__layer_12__seed_102,IntPhys2,intphys2,backbone_sweep,V-JEPA 2.1,ViT-B/16,MLP,mlp,12,12,102,artifact,complete,voe_accuracy,voe_accuracy,87.417219,91.059603,39.215686,67.156863,45.098039,63.72549,2000,2000,false,false,artifacts/probes/intphys2/seed_runs_layerwise_backbone_sweep_v1/intphys2__backbone_sweep__jepa_v2_1__vitb_384__mlp__layer_12/seed_102/train_eval_summary.json,artifacts/probes/intphys2/seed_runs_layerwise_backbone_sweep_v1/intphys2__backbone_sweep__jepa_v2_1__vitb_384__mlp__layer_12/seed_102/layer_12/eval,results/verified_layerwise_probe_configs.csv,57,,,,artifact metrics read from train_eval_summary.json
backbone_sweep_linear_mlp,results/seed_runs/layerwise_backbone_sweep_linear_mlp_seed_results_long.csv,intphys2__backbone_sweep__jepa_v2_1__vitg_384__linear__layer_10,intphys2__backbone_sweep__jepa_v2_1__vitg_384__linear__layer_10__seed_101,IntPhys2,intphys2,backbone_sweep,V-JEPA 2.1,ViT-G/16,Linear,linear,10,10,101,artifact,complete,voe_accuracy,voe_accuracy,19.86755,55.13245,13.72549,53.431373,21.568627,52.45098,20,20,false,false,artifacts/probes/intphys2/seed_runs_layerwise_backbone_sweep_v1/intphys2__backbone_sweep__jepa_v2_1__vitg_384__linear__layer_10/seed_101/train_eval_summary.json,artifacts/probes/intphys2/seed_runs_layerwise_backbone_sweep_v1/intphys2__backbone_sweep__jepa_v2_1__vitg_384__linear__layer_10/seed_101/layer_10/eval,results/verified_layerwise_probe_configs.csv,74,,,,artifact metrics read from train_eval_summary.json
backbone_sweep_linear_mlp,results/seed_runs/layerwise_backbone_sweep_linear_mlp_seed_results_long.csv,intphys2__backbone_sweep__jepa_v2_1__vitg_384__linear__layer_10,intphys2__backbone_sweep__jepa_v2_1__vitg_384__linear__layer_10__seed_102,IntPhys2,intphys2,backbone_sweep,V-JEPA 2.1,ViT-G/16,Linear,linear,10,10,102,artifact,complete,voe_accuracy,voe_accuracy,15.89404,52.81457,17.647059,55.392157,23.529412,54.901961,20,20,false,false,artifacts/probes/intphys2/seed_runs_layerwise_backbone_sweep_v1/intphys2__backbone_sweep__jepa_v2_1__vitg_384__linear__layer_10/seed_102/train_eval_summary.json,artifacts/probes/intphys2/seed_runs_layerwise_backbone_sweep_v1/intphys2__backbone_sweep__jepa_v2_1__vitg_384__linear__layer_10/seed_102/layer_10/eval,results/verified_layerwise_probe_configs.csv,74,,,,artifact metrics read from train_eval_summary.json
backbone_sweep_linear_mlp,results/seed_runs/layerwise_backbone_sweep_linear_mlp_seed_results_long.csv,intphys2__backbone_sweep__jepa_v2_1__vitg_384__linear__layer_20,intphys2__backbone_sweep__jepa_v2_1__vitg_384__linear__layer_20__seed_101,IntPhys2,intphys2,backbone_sweep,V-JEPA 2.1,ViT-G/16,Linear,linear,20,20,101,artifact,complete,voe_accuracy,voe_accuracy,41.059603,57.781457,35.294118,60.294118,29.411765,57.843137,2000,2000,false,false,artifacts/probes/intphys2/seed_runs_layerwise_backbone_sweep_v1/intphys2__backbone_sweep__jepa_v2_1__vitg_384__linear__layer_20/seed_101/train_eval_summary.json,artifacts/probes/intphys2/seed_runs_layerwise_backbone_sweep_v1/intphys2__backbone_sweep__jepa_v2_1__vitg_384__linear__layer_20/seed_101/layer_20/eval,results/verified_layerwise_probe_configs.csv,75,,,,artifact metrics read from train_eval_summary.json
backbone_sweep_linear_mlp,results/seed_runs/layerwise_backbone_sweep_linear_mlp_seed_results_long.csv,intphys2__backbone_sweep__jepa_v2_1__vitg_384__linear__layer_20,intphys2__backbone_sweep__jepa_v2_1__vitg_384__linear__layer_20__seed_102,IntPhys2,intphys2,backbone_sweep,V-JEPA 2.1,ViT-G/16,Linear,linear,20,20,102,artifact,complete,voe_accuracy,voe_accuracy,48.344371,61.589404,39.215686,58.823529,29.411765,54.901961,2000,2000,false,false,artifacts/probes/intphys2/seed_runs_layerwise_backbone_sweep_v1/intphys2__backbone_sweep__jepa_v2_1__vitg_384__linear__layer_20/seed_102/train_eval_summary.json,artifacts/probes/intphys2/seed_runs_layerwise_backbone_sweep_v1/intphys2__backbone_sweep__jepa_v2_1__vitg_384__linear__layer_20/seed_102/layer_20/eval,results/verified_layerwise_probe_configs.csv,75,,,,artifact metrics read from train_eval_summary.json
backbone_sweep_linear_mlp,results/seed_runs/layerwise_backbone_sweep_linear_mlp_seed_results_long.csv,intphys2__backbone_sweep__jepa_v2_1__vitg_384__linear__layer_30,intphys2__backbone_sweep__jepa_v2_1__vitg_384__linear__layer_30__seed_101,IntPhys2,intphys2,backbone_sweep,V-JEPA 2.1,ViT-G/16,Linear,linear,30,30,101,artifact,complete,voe_accuracy,voe_accuracy,53.642384,69.701987,33.333333,60.294118,29.411765,53.921569,2000,2000,false,false,artifacts/probes/intphys2/seed_runs_layerwise_backbone_sweep_v1/intphys2__backbone_sweep__jepa_v2_1__vitg_384__linear__layer_30/seed_101/train_eval_summary.json,artifacts/probes/intphys2/seed_runs_layerwise_backbone_sweep_v1/intphys2__backbone_sweep__jepa_v2_1__vitg_384__linear__layer_30/seed_101/layer_30/eval,results/verified_layerwise_probe_configs.csv,76,,,,artifact metrics read from train_eval_summary.json
backbone_sweep_linear_mlp,results/seed_runs/layerwise_backbone_sweep_linear_mlp_seed_results_long.csv,intphys2__backbone_sweep__jepa_v2_1__vitg_384__linear__layer_30,intphys2__backbone_sweep__jepa_v2_1__vitg_384__linear__layer_30__seed_102,IntPhys2,intphys2,backbone_sweep,V-JEPA 2.1,ViT-G/16,Linear,linear,30,30,102,artifact,complete,voe_accuracy,voe_accuracy,51.655629,67.880795,31.372549,59.313725,27.45098,51.960784,2000,2000,false,false,artifacts/probes/intphys2/seed_runs_layerwise_backbone_sweep_v1/intphys2__backbone_sweep__jepa_v2_1__vitg_384__linear__layer_30/seed_102/train_eval_summary.json,artifacts/probes/intphys2/seed_runs_layerwise_backbone_sweep_v1/intphys2__backbone_sweep__jepa_v2_1__vitg_384__linear__layer_30/seed_102/layer_30/eval,results/verified_layerwise_probe_configs.csv,76,,,,artifact metrics read from train_eval_summary.json
backbone_sweep_linear_mlp,results/seed_runs/layerwise_backbone_sweep_linear_mlp_seed_results_long.csv,intphys2__backbone_sweep__jepa_v2_1__vitg_384__linear__layer_40,intphys2__backbone_sweep__jepa_v2_1__vitg_384__linear__layer_40__seed_101,IntPhys2,intphys2,backbone_sweep,V-JEPA 2.1,ViT-G/16,Linear,linear,40,40,101,artifact,complete,voe_accuracy,voe_accuracy,45.695364,64.735099,25.490196,58.823529,45.098039,56.372549,2000,2000,false,false,artifacts/probes/intphys2/seed_runs_layerwise_backbone_sweep_v1/intphys2__backbone_sweep__jepa_v2_1__vitg_384__linear__layer_40/seed_101/train_eval_summary.json,artifacts/probes/intphys2/seed_runs_layerwise_backbone_sweep_v1/intphys2__backbone_sweep__jepa_v2_1__vitg_384__linear__layer_40/seed_101/layer_40/eval,results/verified_layerwise_probe_configs.csv,77,,,,artifact metrics read from train_eval_summary.json
backbone_sweep_linear_mlp,results/seed_runs/layerwise_backbone_sweep_linear_mlp_seed_results_long.csv,intphys2__backbone_sweep__jepa_v2_1__vitg_384__linear__layer_40,intphys2__backbone_sweep__jepa_v2_1__vitg_384__linear__layer_40__seed_102,IntPhys2,intphys2,backbone_sweep,V-JEPA 2.1,ViT-G/16,Linear,linear,40,40,102,artifact,complete,voe_accuracy,voe_accuracy,44.370861,62.251656,27.45098,60.294118,47.058824,55.392157,2000,2000,false,false,artifacts/probes/intphys2/seed_runs_layerwise_backbone_sweep_v1/intphys2__backbone_sweep__jepa_v2_1__vitg_384__linear__layer_40/seed_102/train_eval_summary.json,artifacts/probes/intphys2/seed_runs_layerwise_backbone_sweep_v1/intphys2__backbone_sweep__jepa_v2_1__vitg_384__linear__layer_40/seed_102/layer_40/eval,results/verified_layerwise_probe_configs.csv,77,,,,artifact metrics read from train_eval_summary.json
backbone_sweep_linear_mlp,results/seed_runs/layerwise_backbone_sweep_linear_mlp_seed_results_long.csv,intphys2__backbone_sweep__jepa_v2_1__vitg_384__mlp__layer_10,intphys2__backbone_sweep__jepa_v2_1__vitg_384__mlp__layer_10__seed_101,IntPhys2,intphys2,backbone_sweep,V-JEPA 2.1,ViT-G/16,MLP,mlp,10,10,101,artifact,complete,voe_accuracy,voe_accuracy,19.86755,53.145695,13.72549,51.470588,15.686275,57.352941,50,50,false,false,artifacts/probes/intphys2/seed_runs_layerwise_backbone_sweep_v1/intphys2__backbone_sweep__jepa_v2_1__vitg_384__mlp__layer_10/seed_101/train_eval_summary.json,artifacts/probes/intphys2/seed_runs_layerwise_backbone_sweep_v1/intphys2__backbone_sweep__jepa_v2_1__vitg_384__mlp__layer_10/seed_101/layer_10/eval,results/verified_layerwise_probe_configs.csv,78,,,,artifact metrics read from train_eval_summary.json
backbone_sweep_linear_mlp,results/seed_runs/layerwise_backbone_sweep_linear_mlp_seed_results_long.csv,intphys2__backbone_sweep__jepa_v2_1__vitg_384__mlp__layer_10,intphys2__backbone_sweep__jepa_v2_1__vitg_384__mlp__layer_10__seed_102,IntPhys2,intphys2,backbone_sweep,V-JEPA 2.1,ViT-G/16,MLP,mlp,10,10,102,artifact,complete,voe_accuracy,voe_accuracy,17.218543,51.490066,15.686275,54.411765,13.72549,51.960784,50,50,false,false,artifacts/probes/intphys2/seed_runs_layerwise_backbone_sweep_v1/intphys2__backbone_sweep__jepa_v2_1__vitg_384__mlp__layer_10/seed_102/train_eval_summary.json,artifacts/probes/intphys2/seed_runs_layerwise_backbone_sweep_v1/intphys2__backbone_sweep__jepa_v2_1__vitg_384__mlp__layer_10/seed_102/layer_10/eval,results/verified_layerwise_probe_configs.csv,78,,,,artifact metrics read from train_eval_summary.json
backbone_sweep_linear_mlp,results/seed_runs/layerwise_backbone_sweep_linear_mlp_seed_results_long.csv,intphys2__backbone_sweep__jepa_v2_1__vitg_384__mlp__layer_20,intphys2__backbone_sweep__jepa_v2_1__vitg_384__mlp__layer_20__seed_101,IntPhys2,intphys2,backbone_sweep,V-JEPA 2.1,ViT-G/16,MLP,mlp,20,20,101,artifact,complete,voe_accuracy,voe_accuracy,97.350993,82.94702,33.333333,60.294118,41.176471,57.843137,2000,2000,false,false,artifacts/probes/intphys2/seed_runs_layerwise_backbone_sweep_v1/intphys2__backbone_sweep__jepa_v2_1__vitg_384__mlp__layer_20/seed_101/train_eval_summary.json,artifacts/probes/intphys2/seed_runs_layerwise_backbone_sweep_v1/intphys2__backbone_sweep__jepa_v2_1__vitg_384__mlp__layer_20/seed_101/layer_20/eval,results/verified_layerwise_probe_configs.csv,79,,,,artifact metrics read from train_eval_summary.json
backbone_sweep_linear_mlp,results/seed_runs/layerwise_backbone_sweep_linear_mlp_seed_results_long.csv,intphys2__backbone_sweep__jepa_v2_1__vitg_384__mlp__layer_20,intphys2__backbone_sweep__jepa_v2_1__vitg_384__mlp__layer_20__seed_102,IntPhys2,intphys2,backbone_sweep,V-JEPA 2.1,ViT-G/16,MLP,mlp,20,20,102,artifact,complete,voe_accuracy,voe_accuracy,100,97.682119,37.254902,61.27451,37.254902,59.803922,2000,2000,false,false,artifacts/probes/intphys2/seed_runs_layerwise_backbone_sweep_v1/intphys2__backbone_sweep__jepa_v2_1__vitg_384__mlp__layer_20/seed_102/train_eval_summary.json,artifacts/probes/intphys2/seed_runs_layerwise_backbone_sweep_v1/intphys2__backbone_sweep__jepa_v2_1__vitg_384__mlp__layer_20/seed_102/layer_20/eval,results/verified_layerwise_probe_configs.csv,79,,,,artifact metrics read from train_eval_summary.json
backbone_sweep_linear_mlp,results/seed_runs/layerwise_backbone_sweep_linear_mlp_seed_results_long.csv,intphys2__backbone_sweep__jepa_v2_1__vitg_384__mlp__layer_30,intphys2__backbone_sweep__jepa_v2_1__vitg_384__mlp__layer_30__seed_101,IntPhys2,intphys2,backbone_sweep,V-JEPA 2.1,ViT-G/16,MLP,mlp,30,30,101,artifact,complete,voe_accuracy,voe_accuracy,93.377483,92.218543,37.254902,64.215686,35.294118,62.254902,2000,2000,false,false,artifacts/probes/intphys2/seed_runs_layerwise_backbone_sweep_v1/intphys2__backbone_sweep__jepa_v2_1__vitg_384__mlp__layer_30/seed_101/train_eval_summary.json,artifacts/probes/intphys2/seed_runs_layerwise_backbone_sweep_v1/intphys2__backbone_sweep__jepa_v2_1__vitg_384__mlp__layer_30/seed_101/layer_30/eval,results/verified_layerwise_probe_configs.csv,80,,,,artifact metrics read from train_eval_summary.json
backbone_sweep_linear_mlp,results/seed_runs/layerwise_backbone_sweep_linear_mlp_seed_results_long.csv,intphys2__backbone_sweep__jepa_v2_1__vitg_384__mlp__layer_30,intphys2__backbone_sweep__jepa_v2_1__vitg_384__mlp__layer_30__seed_102,IntPhys2,intphys2,backbone_sweep,V-JEPA 2.1,ViT-G/16,MLP,mlp,30,30,102,artifact,complete,voe_accuracy,voe_accuracy,90.066225,91.059603,39.215686,63.72549,39.215686,59.313725,2000,2000,false,false,artifacts/probes/intphys2/seed_runs_layerwise_backbone_sweep_v1/intphys2__backbone_sweep__jepa_v2_1__vitg_384__mlp__layer_30/seed_102/train_eval_summary.json,artifacts/probes/intphys2/seed_runs_layerwise_backbone_sweep_v1/intphys2__backbone_sweep__jepa_v2_1__vitg_384__mlp__layer_30/seed_102/layer_30/eval,results/verified_layerwise_probe_configs.csv,80,,,,artifact metrics read from train_eval_summary.json
backbone_sweep_linear_mlp,results/seed_runs/layerwise_backbone_sweep_linear_mlp_seed_results_long.csv,intphys2__backbone_sweep__jepa_v2_1__vitg_384__mlp__layer_40,intphys2__backbone_sweep__jepa_v2_1__vitg_384__mlp__layer_40__seed_101,IntPhys2,intphys2,backbone_sweep,V-JEPA 2.1,ViT-G/16,MLP,mlp,40,40,101,artifact,complete,voe_accuracy,voe_accuracy,100,98.675497,25.490196,60.784314,39.215686,62.254902,2000,2000,false,false,artifacts/probes/intphys2/seed_runs_layerwise_backbone_sweep_v1/intphys2__backbone_sweep__jepa_v2_1__vitg_384__mlp__layer_40/seed_101/train_eval_summary.json,artifacts/probes/intphys2/seed_runs_layerwise_backbone_sweep_v1/intphys2__backbone_sweep__jepa_v2_1__vitg_384__mlp__layer_40/seed_101/layer_40/eval,results/verified_layerwise_probe_configs.csv,81,,,,artifact metrics read from train_eval_summary.json
backbone_sweep_linear_mlp,results/seed_runs/layerwise_backbone_sweep_linear_mlp_seed_results_long.csv,intphys2__backbone_sweep__jepa_v2_1__vitg_384__mlp__layer_40,intphys2__backbone_sweep__jepa_v2_1__vitg_384__mlp__layer_40__seed_102,IntPhys2,intphys2,backbone_sweep,V-JEPA 2.1,ViT-G/16,MLP,mlp,40,40,102,artifact,complete,voe_accuracy,voe_accuracy,100,96.688742,17.647059,60.294118,41.176471,59.313725,2000,2000,false,false,artifacts/probes/intphys2/seed_runs_layerwise_backbone_sweep_v1/intphys2__backbone_sweep__jepa_v2_1__vitg_384__mlp__layer_40/seed_102/train_eval_summary.json,artifacts/probes/intphys2/seed_runs_layerwise_backbone_sweep_v1/intphys2__backbone_sweep__jepa_v2_1__vitg_384__mlp__layer_40/seed_102/layer_40/eval,results/verified_layerwise_probe_configs.csv,81,,,,artifact metrics read from train_eval_summary.json
backbone_sweep_linear_mlp,results/seed_runs/layerwise_backbone_sweep_linear_mlp_seed_results_long.csv,intphys2__backbone_sweep__videomae_v2__vit_base_16_224__linear__layer_3,intphys2__backbone_sweep__videomae_v2__vit_base_16_224__linear__layer_3__seed_101,IntPhys2,intphys2,backbone_sweep,VideoMAE-v2,ViT-B/16,Linear,linear,3,3,101,artifact,complete,voe_accuracy,voe_accuracy,15.89404,50.496689,9.803922,51.960784,0,49.509804,100,100,false,false,artifacts/probes/intphys2/seed_runs_layerwise_backbone_sweep_v1/intphys2__backbone_sweep__videomae_v2__vit_base_16_224__linear__layer_3/seed_101/train_eval_summary.json,artifacts/probes/intphys2/seed_runs_layerwise_backbone_sweep_v1/intphys2__backbone_sweep__videomae_v2__vit_base_16_224__linear__layer_3/seed_101/layer_3/eval,results/verified_layerwise_probe_configs.csv,122,,,,artifact metrics read from train_eval_summary.json
backbone_sweep_linear_mlp,results/seed_runs/layerwise_backbone_sweep_linear_mlp_seed_results_long.csv,intphys2__backbone_sweep__videomae_v2__vit_base_16_224__linear__layer_3,intphys2__backbone_sweep__videomae_v2__vit_base_16_224__linear__layer_3__seed_102,IntPhys2,intphys2,backbone_sweep,VideoMAE-v2,ViT-B/16,Linear,linear,3,3,102,artifact,complete,voe_accuracy,voe_accuracy,21.854305,50.331126,15.686275,51.960784,19.607843,51.470588,100,100,false,false,artifacts/probes/intphys2/seed_runs_layerwise_backbone_sweep_v1/intphys2__backbone_sweep__videomae_v2__vit_base_16_224__linear__layer_3/seed_102/train_eval_summary.json,artifacts/probes/intphys2/seed_runs_layerwise_backbone_sweep_v1/intphys2__backbone_sweep__videomae_v2__vit_base_16_224__linear__layer_3/seed_102/layer_3/eval,results/verified_layerwise_probe_configs.csv,122,,,,artifact metrics read from train_eval_summary.json
backbone_sweep_linear_mlp,results/seed_runs/layerwise_backbone_sweep_linear_mlp_seed_results_long.csv,intphys2__backbone_sweep__videomae_v2__vit_base_16_224__linear__layer_6,intphys2__backbone_sweep__videomae_v2__vit_base_16_224__linear__layer_6__seed_101,IntPhys2,intphys2,backbone_sweep,VideoMAE-v2,ViT-B/16,Linear,linear,6,6,101,artifact,complete,voe_accuracy,voe_accuracy,43.046358,55.13245,27.45098,53.431373,21.568627,52.45098,100,100,false,false,artifacts/probes/intphys2/seed_runs_layerwise_backbone_sweep_v1/intphys2__backbone_sweep__videomae_v2__vit_base_16_224__linear__layer_6/seed_101/train_eval_summary.json,artifacts/probes/intphys2/seed_runs_layerwise_backbone_sweep_v1/intphys2__backbone_sweep__videomae_v2__vit_base_16_224__linear__layer_6/seed_101/layer_6/eval,results/verified_layerwise_probe_configs.csv,123,,,,artifact metrics read from train_eval_summary.json
backbone_sweep_linear_mlp,results/seed_runs/layerwise_backbone_sweep_linear_mlp_seed_results_long.csv,intphys2__backbone_sweep__videomae_v2__vit_base_16_224__linear__layer_6,intphys2__backbone_sweep__videomae_v2__vit_base_16_224__linear__layer_6__seed_102,IntPhys2,intphys2,backbone_sweep,VideoMAE-v2,ViT-B/16,Linear,linear,6,6,102,artifact,complete,voe_accuracy,voe_accuracy,43.708609,56.953642,29.411765,54.411765,29.411765,55.392157,100,100,false,false,artifacts/probes/intphys2/seed_runs_layerwise_backbone_sweep_v1/intphys2__backbone_sweep__videomae_v2__vit_base_16_224__linear__layer_6/seed_102/train_eval_summary.json,artifacts/probes/intphys2/seed_runs_layerwise_backbone_sweep_v1/intphys2__backbone_sweep__videomae_v2__vit_base_16_224__linear__layer_6/seed_102/layer_6/eval,results/verified_layerwise_probe_configs.csv,123,,,,artifact metrics read from train_eval_summary.json
backbone_sweep_linear_mlp,results/seed_runs/layerwise_backbone_sweep_linear_mlp_seed_results_long.csv,intphys2__backbone_sweep__videomae_v2__vit_base_16_224__linear__layer_9,intphys2__backbone_sweep__videomae_v2__vit_base_16_224__linear__layer_9__seed_101,IntPhys2,intphys2,backbone_sweep,VideoMAE-v2,ViT-B/16,Linear,linear,9,9,101,artifact,complete,voe_accuracy,voe_accuracy,47.682119,61.754967,45.098039,59.803922,37.254902,56.372549,100,100,false,false,artifacts/probes/intphys2/seed_runs_layerwise_backbone_sweep_v1/intphys2__backbone_sweep__videomae_v2__vit_base_16_224__linear__layer_9/seed_101/train_eval_summary.json,artifacts/probes/intphys2/seed_runs_layerwise_backbone_sweep_v1/intphys2__backbone_sweep__videomae_v2__vit_base_16_224__linear__layer_9/seed_101/layer_9/eval,results/verified_layerwise_probe_configs.csv,124,,,,artifact metrics read from train_eval_summary.json
backbone_sweep_linear_mlp,results/seed_runs/layerwise_backbone_sweep_linear_mlp_seed_results_long.csv,intphys2__backbone_sweep__videomae_v2__vit_base_16_224__linear__layer_9,intphys2__backbone_sweep__videomae_v2__vit_base_16_224__linear__layer_9__seed_102,IntPhys2,intphys2,backbone_sweep,VideoMAE-v2,ViT-B/16,Linear,linear,9,9,102,artifact,complete,voe_accuracy,voe_accuracy,49.668874,67.715232,49.019608,59.803922,39.215686,56.862745,100,100,false,false,artifacts/probes/intphys2/seed_runs_layerwise_backbone_sweep_v1/intphys2__backbone_sweep__videomae_v2__vit_base_16_224__linear__layer_9/seed_102/train_eval_summary.json,artifacts/probes/intphys2/seed_runs_layerwise_backbone_sweep_v1/intphys2__backbone_sweep__videomae_v2__vit_base_16_224__linear__layer_9/seed_102/layer_9/eval,results/verified_layerwise_probe_configs.csv,124,,,,artifact metrics read from train_eval_summary.json
backbone_sweep_linear_mlp,results/seed_runs/layerwise_backbone_sweep_linear_mlp_seed_results_long.csv,intphys2__backbone_sweep__videomae_v2__vit_base_16_224__linear__layer_12,intphys2__backbone_sweep__videomae_v2__vit_base_16_224__linear__layer_12__seed_101,IntPhys2,intphys2,backbone_sweep,VideoMAE-v2,ViT-B/16,Linear,linear,12,12,101,artifact,complete,voe_accuracy,voe_accuracy,67.549669,69.205298,33.333333,59.803922,27.45098,57.843137,100,100,false,false,artifacts/probes/intphys2/seed_runs_layerwise_backbone_sweep_v1/intphys2__backbone_sweep__videomae_v2__vit_base_16_224__linear__layer_12/seed_101/train_eval_summary.json,artifacts/probes/intphys2/seed_runs_layerwise_backbone_sweep_v1/intphys2__backbone_sweep__videomae_v2__vit_base_16_224__linear__layer_12/seed_101/layer_12/eval,results/verified_layerwise_probe_configs.csv,125,,,,artifact metrics read from train_eval_summary.json
backbone_sweep_linear_mlp,results/seed_runs/layerwise_backbone_sweep_linear_mlp_seed_results_long.csv,intphys2__backbone_sweep__videomae_v2__vit_base_16_224__linear__layer_12,intphys2__backbone_sweep__videomae_v2__vit_base_16_224__linear__layer_12__seed_102,IntPhys2,intphys2,backbone_sweep,VideoMAE-v2,ViT-B/16,Linear,linear,12,12,102,artifact,complete,voe_accuracy,voe_accuracy,60.927152,67.715232,31.372549,58.823529,29.411765,57.352941,100,100,false,false,artifacts/probes/intphys2/seed_runs_layerwise_backbone_sweep_v1/intphys2__backbone_sweep__videomae_v2__vit_base_16_224__linear__layer_12/seed_102/train_eval_summary.json,artifacts/probes/intphys2/seed_runs_layerwise_backbone_sweep_v1/intphys2__backbone_sweep__videomae_v2__vit_base_16_224__linear__layer_12/seed_102/layer_12/eval,results/verified_layerwise_probe_configs.csv,125,,,,artifact metrics read from train_eval_summary.json
backbone_sweep_linear_mlp,results/seed_runs/layerwise_backbone_sweep_linear_mlp_seed_results_long.csv,intphys2__backbone_sweep__videomae_v2__vit_base_16_224__mlp__layer_3,intphys2__backbone_sweep__videomae_v2__vit_base_16_224__mlp__layer_3__seed_101,IntPhys2,intphys2,backbone_sweep,VideoMAE-v2,ViT-B/16,MLP,mlp,3,3,101,artifact,complete,voe_accuracy,voe_accuracy,8.609272,50,9.803922,50,13.72549,50,20,20,false,false,artifacts/probes/intphys2/seed_runs_layerwise_backbone_sweep_v1/intphys2__backbone_sweep__videomae_v2__vit_base_16_224__mlp__layer_3/seed_101/train_eval_summary.json,artifacts/probes/intphys2/seed_runs_layerwise_backbone_sweep_v1/intphys2__backbone_sweep__videomae_v2__vit_base_16_224__mlp__layer_3/seed_101/layer_3/eval,results/verified_layerwise_probe_configs.csv,126,,,,artifact metrics read from train_eval_summary.json
backbone_sweep_linear_mlp,results/seed_runs/layerwise_backbone_sweep_linear_mlp_seed_results_long.csv,intphys2__backbone_sweep__videomae_v2__vit_base_16_224__mlp__layer_3,intphys2__backbone_sweep__videomae_v2__vit_base_16_224__mlp__layer_3__seed_102,IntPhys2,intphys2,backbone_sweep,VideoMAE-v2,ViT-B/16,MLP,mlp,3,3,102,artifact,complete,voe_accuracy,voe_accuracy,5.298013,50,3.921569,50,9.803922,50,20,20,false,false,artifacts/probes/intphys2/seed_runs_layerwise_backbone_sweep_v1/intphys2__backbone_sweep__videomae_v2__vit_base_16_224__mlp__layer_3/seed_102/train_eval_summary.json,artifacts/probes/intphys2/seed_runs_layerwise_backbone_sweep_v1/intphys2__backbone_sweep__videomae_v2__vit_base_16_224__mlp__layer_3/seed_102/layer_3/eval,results/verified_layerwise_probe_configs.csv,126,,,,artifact metrics read from train_eval_summary.json
backbone_sweep_linear_mlp,results/seed_runs/layerwise_backbone_sweep_linear_mlp_seed_results_long.csv,intphys2__backbone_sweep__videomae_v2__vit_base_16_224__mlp__layer_6,intphys2__backbone_sweep__videomae_v2__vit_base_16_224__mlp__layer_6__seed_101,IntPhys2,intphys2,backbone_sweep,VideoMAE-v2,ViT-B/16,MLP,mlp,6,6,101,artifact,complete,voe_accuracy,voe_accuracy,29.801325,51.490066,23.529412,51.960784,27.45098,50.980392,50,50,false,false,artifacts/probes/intphys2/seed_runs_layerwise_backbone_sweep_v1/intphys2__backbone_sweep__videomae_v2__vit_base_16_224__mlp__layer_6/seed_101/train_eval_summary.json,artifacts/probes/intphys2/seed_runs_layerwise_backbone_sweep_v1/intphys2__backbone_sweep__videomae_v2__vit_base_16_224__mlp__layer_6/seed_101/layer_6/eval,results/verified_layerwise_probe_configs.csv,127,,,,artifact metrics read from train_eval_summary.json
backbone_sweep_linear_mlp,results/seed_runs/layerwise_backbone_sweep_linear_mlp_seed_results_long.csv,intphys2__backbone_sweep__videomae_v2__vit_base_16_224__mlp__layer_6,intphys2__backbone_sweep__videomae_v2__vit_base_16_224__mlp__layer_6__seed_102,IntPhys2,intphys2,backbone_sweep,VideoMAE-v2,ViT-B/16,MLP,mlp,6,6,102,artifact,complete,voe_accuracy,voe_accuracy,31.788079,51.986755,15.686275,52.45098,15.686275,51.470588,50,50,false,false,artifacts/probes/intphys2/seed_runs_layerwise_backbone_sweep_v1/intphys2__backbone_sweep__videomae_v2__vit_base_16_224__mlp__layer_6/seed_102/train_eval_summary.json,artifacts/probes/intphys2/seed_runs_layerwise_backbone_sweep_v1/intphys2__backbone_sweep__videomae_v2__vit_base_16_224__mlp__layer_6/seed_102/layer_6/eval,results/verified_layerwise_probe_configs.csv,127,,,,artifact metrics read from train_eval_summary.json
backbone_sweep_linear_mlp,results/seed_runs/layerwise_backbone_sweep_linear_mlp_seed_results_long.csv,intphys2__backbone_sweep__videomae_v2__vit_base_16_224__mlp__layer_9,intphys2__backbone_sweep__videomae_v2__vit_base_16_224__mlp__layer_9__seed_101,IntPhys2,intphys2,backbone_sweep,VideoMAE-v2,ViT-B/16,MLP,mlp,9,9,101,artifact,complete,voe_accuracy,voe_accuracy,45.033113,61.754967,49.019608,58.823529,39.215686,57.843137,50,50,false,false,artifacts/probes/intphys2/seed_runs_layerwise_backbone_sweep_v1/intphys2__backbone_sweep__videomae_v2__vit_base_16_224__mlp__layer_9/seed_101/train_eval_summary.json,artifacts/probes/intphys2/seed_runs_layerwise_backbone_sweep_v1/intphys2__backbone_sweep__videomae_v2__vit_base_16_224__mlp__layer_9/seed_101/layer_9/eval,results/verified_layerwise_probe_configs.csv,128,,,,artifact metrics read from train_eval_summary.json
backbone_sweep_linear_mlp,results/seed_runs/layerwise_backbone_sweep_linear_mlp_seed_results_long.csv,intphys2__backbone_sweep__videomae_v2__vit_base_16_224__mlp__layer_9,intphys2__backbone_sweep__videomae_v2__vit_base_16_224__mlp__layer_9__seed_102,IntPhys2,intphys2,backbone_sweep,VideoMAE-v2,ViT-B/16,MLP,mlp,9,9,102,artifact,complete,voe_accuracy,voe_accuracy,43.708609,59.768212,45.098039,56.862745,39.215686,54.411765,50,50,false,false,artifacts/probes/intphys2/seed_runs_layerwise_backbone_sweep_v1/intphys2__backbone_sweep__videomae_v2__vit_base_16_224__mlp__layer_9/seed_102/train_eval_summary.json,artifacts/probes/intphys2/seed_runs_layerwise_backbone_sweep_v1/intphys2__backbone_sweep__videomae_v2__vit_base_16_224__mlp__layer_9/seed_102/layer_9/eval,results/verified_layerwise_probe_configs.csv,128,,,,artifact metrics read from train_eval_summary.json
backbone_sweep_linear_mlp,results/seed_runs/layerwise_backbone_sweep_linear_mlp_seed_results_long.csv,intphys2__backbone_sweep__videomae_v2__vit_base_16_224__mlp__layer_12,intphys2__backbone_sweep__videomae_v2__vit_base_16_224__mlp__layer_12__seed_101,IntPhys2,intphys2,backbone_sweep,VideoMAE-v2,ViT-B/16,MLP,mlp,12,12,101,artifact,complete,voe_accuracy,voe_accuracy,72.18543,78.311258,45.098039,62.254902,25.490196,57.352941,100,100,false,false,artifacts/probes/intphys2/seed_runs_layerwise_backbone_sweep_v1/intphys2__backbone_sweep__videomae_v2__vit_base_16_224__mlp__layer_12/seed_101/train_eval_summary.json,artifacts/probes/intphys2/seed_runs_layerwise_backbone_sweep_v1/intphys2__backbone_sweep__videomae_v2__vit_base_16_224__mlp__layer_12/seed_101/layer_12/eval,results/verified_layerwise_probe_configs.csv,129,,,,artifact metrics read from train_eval_summary.json
backbone_sweep_linear_mlp,results/seed_runs/layerwise_backbone_sweep_linear_mlp_seed_results_long.csv,intphys2__backbone_sweep__videomae_v2__vit_base_16_224__mlp__layer_12,intphys2__backbone_sweep__videomae_v2__vit_base_16_224__mlp__layer_12__seed_102,IntPhys2,intphys2,backbone_sweep,VideoMAE-v2,ViT-B/16,MLP,mlp,12,12,102,artifact,complete,voe_accuracy,voe_accuracy,97.350993,89.735099,45.098039,63.72549,33.333333,55.392157,100,100,false,false,artifacts/probes/intphys2/seed_runs_layerwise_backbone_sweep_v1/intphys2__backbone_sweep__videomae_v2__vit_base_16_224__mlp__layer_12/seed_102/train_eval_summary.json,artifacts/probes/intphys2/seed_runs_layerwise_backbone_sweep_v1/intphys2__backbone_sweep__videomae_v2__vit_base_16_224__mlp__layer_12/seed_102/layer_12/eval,results/verified_layerwise_probe_configs.csv,129,,,,artifact metrics read from train_eval_summary.json
backbone_sweep_linear_mlp,results/seed_runs/layerwise_backbone_sweep_linear_mlp_seed_results_long.csv,mvp__backbone_sweep__jepa_v2_1__vitb_384__linear__layer_3,mvp__backbone_sweep__jepa_v2_1__vitb_384__linear__layer_3__seed_101,MVP,mvp,backbone_sweep,V-JEPA 2.1,ViT-B/16,Linear,linear,3,3,101,artifact,complete,pair_consistency,pair_consistency,36.593592,64.300169,32.355915,61.779575,32.052578,61.32457,2000,2000,false,false,artifacts/probes/mvp/seed_runs_layerwise_backbone_sweep_v1/mvp__backbone_sweep__jepa_v2_1__vitb_384__linear__layer_3/seed_101/train_eval_summary.json,artifacts/probes/mvp/seed_runs_layerwise_backbone_sweep_v1/mvp__backbone_sweep__jepa_v2_1__vitb_384__linear__layer_3/seed_101/layer_3/eval,results/verified_layerwise_probe_configs.csv,374,,,,artifact metrics read from train_eval_summary.json
backbone_sweep_linear_mlp,results/seed_runs/layerwise_backbone_sweep_linear_mlp_seed_results_long.csv,mvp__backbone_sweep__jepa_v2_1__vitb_384__linear__layer_3,mvp__backbone_sweep__jepa_v2_1__vitb_384__linear__layer_3__seed_102,MVP,mvp,backbone_sweep,V-JEPA 2.1,ViT-B/16,Linear,linear,3,3,102,artifact,complete,pair_consistency,pair_consistency,35.952782,63.726813,33.164813,61.880688,31.445905,60.869565,2000,2000,false,false,artifacts/probes/mvp/seed_runs_layerwise_backbone_sweep_v1/mvp__backbone_sweep__jepa_v2_1__vitb_384__linear__layer_3/seed_102/train_eval_summary.json,artifacts/probes/mvp/seed_runs_layerwise_backbone_sweep_v1/mvp__backbone_sweep__jepa_v2_1__vitb_384__linear__layer_3/seed_102/layer_3/eval,results/verified_layerwise_probe_configs.csv,374,,,,artifact metrics read from train_eval_summary.json
backbone_sweep_linear_mlp,results/seed_runs/layerwise_backbone_sweep_linear_mlp_seed_results_long.csv,mvp__backbone_sweep__jepa_v2_1__vitb_384__linear__layer_6,mvp__backbone_sweep__jepa_v2_1__vitb_384__linear__layer_6__seed_101,MVP,mvp,backbone_sweep,V-JEPA 2.1,ViT-B/16,Linear,linear,6,6,101,artifact,complete,pair_consistency,pair_consistency,44.924115,68.937605,39.433771,65.217391,38.220425,64.914055,2000,2000,false,false,artifacts/probes/mvp/seed_runs_layerwise_backbone_sweep_v1/mvp__backbone_sweep__jepa_v2_1__vitb_384__linear__layer_6/seed_101/train_eval_summary.json,artifacts/probes/mvp/seed_runs_layerwise_backbone_sweep_v1/mvp__backbone_sweep__jepa_v2_1__vitb_384__linear__layer_6/seed_101/layer_6/eval,results/verified_layerwise_probe_configs.csv,375,,,,artifact metrics read from train_eval_summary.json
backbone_sweep_linear_mlp,results/seed_runs/layerwise_backbone_sweep_linear_mlp_seed_results_long.csv,mvp__backbone_sweep__jepa_v2_1__vitb_384__linear__layer_6,mvp__backbone_sweep__jepa_v2_1__vitb_384__linear__layer_6__seed_102,MVP,mvp,backbone_sweep,V-JEPA 2.1,ViT-B/16,Linear,linear,6,6,102,artifact,complete,pair_consistency,pair_consistency,44.789207,68.752108,39.130435,65.267947,39.231547,65.267947,2000,2000,false,false,artifacts/probes/mvp/seed_runs_layerwise_backbone_sweep_v1/mvp__backbone_sweep__jepa_v2_1__vitb_384__linear__layer_6/seed_102/train_eval_summary.json,artifacts/probes/mvp/seed_runs_layerwise_backbone_sweep_v1/mvp__backbone_sweep__jepa_v2_1__vitb_384__linear__layer_6/seed_102/layer_6/eval,results/verified_layerwise_probe_configs.csv,375,,,,artifact metrics read from train_eval_summary.json
backbone_sweep_linear_mlp,results/seed_runs/layerwise_backbone_sweep_linear_mlp_seed_results_long.csv,mvp__backbone_sweep__jepa_v2_1__vitb_384__linear__layer_9,mvp__backbone_sweep__jepa_v2_1__vitb_384__linear__layer_9__seed_101,MVP,mvp,backbone_sweep,V-JEPA 2.1,ViT-B/16,Linear,linear,9,9,101,artifact,complete,pair_consistency,pair_consistency,45.699831,69.662732,42.568251,65.925177,38.422649,63.700708,2000,2000,false,false,artifacts/probes/mvp/seed_runs_layerwise_backbone_sweep_v1/mvp__backbone_sweep__jepa_v2_1__vitb_384__linear__layer_9/seed_101/train_eval_summary.json,artifacts/probes/mvp/seed_runs_layerwise_backbone_sweep_v1/mvp__backbone_sweep__jepa_v2_1__vitb_384__linear__layer_9/seed_101/layer_9/eval,results/verified_layerwise_probe_configs.csv,376,,,,artifact metrics read from train_eval_summary.json
backbone_sweep_linear_mlp,results/seed_runs/layerwise_backbone_sweep_linear_mlp_seed_results_long.csv,mvp__backbone_sweep__jepa_v2_1__vitb_384__linear__layer_9,mvp__backbone_sweep__jepa_v2_1__vitb_384__linear__layer_9__seed_102,MVP,mvp,backbone_sweep,V-JEPA 2.1,ViT-B/16,Linear,linear,9,9,102,artifact,complete,pair_consistency,pair_consistency,46.374368,69.881956,42.264914,65.925177,38.422649,64.105157,2000,2000,false,false,artifacts/probes/mvp/seed_runs_layerwise_backbone_sweep_v1/mvp__backbone_sweep__jepa_v2_1__vitb_384__linear__layer_9/seed_102/train_eval_summary.json,artifacts/probes/mvp/seed_runs_layerwise_backbone_sweep_v1/mvp__backbone_sweep__jepa_v2_1__vitb_384__linear__layer_9/seed_102/layer_9/eval,results/verified_layerwise_probe_configs.csv,376,,,,artifact metrics read from train_eval_summary.json
backbone_sweep_linear_mlp,results/seed_runs/layerwise_backbone_sweep_linear_mlp_seed_results_long.csv,mvp__backbone_sweep__jepa_v2_1__vitb_384__linear__layer_12,mvp__backbone_sweep__jepa_v2_1__vitb_384__linear__layer_12__seed_101,MVP,mvp,backbone_sweep,V-JEPA 2.1,ViT-B/16,Linear,linear,12,12,101,artifact,complete,pair_consistency,pair_consistency,49.106239,71.062395,44.084934,67.644085,41.152679,65.672396,2000,2000,false,false,artifacts/probes/mvp/seed_runs_layerwise_backbone_sweep_v1/mvp__backbone_sweep__jepa_v2_1__vitb_384__linear__layer_12/seed_101/train_eval_summary.json,artifacts/probes/mvp/seed_runs_layerwise_backbone_sweep_v1/mvp__backbone_sweep__jepa_v2_1__vitb_384__linear__layer_12/seed_101/layer_12/eval,results/verified_layerwise_probe_configs.csv,377,,,,artifact metrics read from train_eval_summary.json
backbone_sweep_linear_mlp,results/seed_runs/layerwise_backbone_sweep_linear_mlp_seed_results_long.csv,mvp__backbone_sweep__jepa_v2_1__vitb_384__linear__layer_12,mvp__backbone_sweep__jepa_v2_1__vitb_384__linear__layer_12__seed_102,MVP,mvp,backbone_sweep,V-JEPA 2.1,ViT-B/16,Linear,linear,12,12,102,artifact,complete,pair_consistency,pair_consistency,49.510961,71.264755,45.096057,67.745197,40.546006,65.166835,2000,2000,false,false,artifacts/probes/mvp/seed_runs_layerwise_backbone_sweep_v1/mvp__backbone_sweep__jepa_v2_1__vitb_384__linear__layer_12/seed_102/train_eval_summary.json,artifacts/probes/mvp/seed_runs_layerwise_backbone_sweep_v1/mvp__backbone_sweep__jepa_v2_1__vitb_384__linear__layer_12/seed_102/layer_12/eval,results/verified_layerwise_probe_configs.csv,377,,,,artifact metrics read from train_eval_summary.json
backbone_sweep_linear_mlp,results/seed_runs/layerwise_backbone_sweep_linear_mlp_seed_results_long.csv,mvp__backbone_sweep__jepa_v2_1__vitb_384__mlp__layer_3,mvp__backbone_sweep__jepa_v2_1__vitb_384__mlp__layer_3__seed_101,MVP,mvp,backbone_sweep,V-JEPA 2.1,ViT-B/16,MLP,mlp,3,3,101,artifact,complete,pair_consistency,pair_consistency,83.777403,91.669477,52.275025,72.800809,49.443883,70.57634,2000,2000,false,false,artifacts/probes/mvp/seed_runs_layerwise_backbone_sweep_v1/mvp__backbone_sweep__jepa_v2_1__vitb_384__mlp__layer_3/seed_101/train_eval_summary.json,artifacts/probes/mvp/seed_runs_layerwise_backbone_sweep_v1/mvp__backbone_sweep__jepa_v2_1__vitb_384__mlp__layer_3/seed_101/layer_3/eval,results/verified_layerwise_probe_configs.csv,378,,,,artifact metrics read from train_eval_summary.json
backbone_sweep_linear_mlp,results/seed_runs/layerwise_backbone_sweep_linear_mlp_seed_results_long.csv,mvp__backbone_sweep__jepa_v2_1__vitb_384__mlp__layer_3,mvp__backbone_sweep__jepa_v2_1__vitb_384__mlp__layer_3__seed_102,MVP,mvp,backbone_sweep,V-JEPA 2.1,ViT-B/16,MLP,mlp,3,3,102,artifact,complete,pair_consistency,pair_consistency,88.128162,93.86172,53.083923,73.205258,49.949444,70.525784,2000,2000,false,false,artifacts/probes/mvp/seed_runs_layerwise_backbone_sweep_v1/mvp__backbone_sweep__jepa_v2_1__vitb_384__mlp__layer_3/seed_102/train_eval_summary.json,artifacts/probes/mvp/seed_runs_layerwise_backbone_sweep_v1/mvp__backbone_sweep__jepa_v2_1__vitb_384__mlp__layer_3/seed_102/layer_3/eval,results/verified_layerwise_probe_configs.csv,378,,,,artifact metrics read from train_eval_summary.json
backbone_sweep_linear_mlp,results/seed_runs/layerwise_backbone_sweep_linear_mlp_seed_results_long.csv,mvp__backbone_sweep__jepa_v2_1__vitb_384__mlp__layer_6,mvp__backbone_sweep__jepa_v2_1__vitb_384__mlp__layer_6__seed_101,MVP,mvp,backbone_sweep,V-JEPA 2.1,ViT-B/16,MLP,mlp,6,6,101,artifact,complete,pair_consistency,pair_consistency,92.580101,96.273187,64.610718,80.030334,61.779575,78.109201,2000,2000,false,false,artifacts/probes/mvp/seed_runs_layerwise_backbone_sweep_v1/mvp__backbone_sweep__jepa_v2_1__vitb_384__mlp__layer_6/seed_101/train_eval_summary.json,artifacts/probes/mvp/seed_runs_layerwise_backbone_sweep_v1/mvp__backbone_sweep__jepa_v2_1__vitb_384__mlp__layer_6/seed_101/layer_6/eval,results/verified_layerwise_probe_configs.csv,379,,,,artifact metrics read from train_eval_summary.json
backbone_sweep_linear_mlp,results/seed_runs/layerwise_backbone_sweep_linear_mlp_seed_results_long.csv,mvp__backbone_sweep__jepa_v2_1__vitb_384__mlp__layer_6,mvp__backbone_sweep__jepa_v2_1__vitb_384__mlp__layer_6__seed_102,MVP,mvp,backbone_sweep,V-JEPA 2.1,ViT-B/16,MLP,mlp,6,6,102,artifact,complete,pair_consistency,pair_consistency,93.322091,96.661046,64.105157,79.777553,63.599596,79.625885,2000,2000,false,false,artifacts/probes/mvp/seed_runs_layerwise_backbone_sweep_v1/mvp__backbone_sweep__jepa_v2_1__vitb_384__mlp__layer_6/seed_102/train_eval_summary.json,artifacts/probes/mvp/seed_runs_layerwise_backbone_sweep_v1/mvp__backbone_sweep__jepa_v2_1__vitb_384__mlp__layer_6/seed_102/layer_6/eval,results/verified_layerwise_probe_configs.csv,379,,,,artifact metrics read from train_eval_summary.json
backbone_sweep_linear_mlp,results/seed_runs/layerwise_backbone_sweep_linear_mlp_seed_results_long.csv,mvp__backbone_sweep__jepa_v2_1__vitb_384__mlp__layer_9,mvp__backbone_sweep__jepa_v2_1__vitb_384__mlp__layer_9__seed_101,MVP,mvp,backbone_sweep,V-JEPA 2.1,ViT-B/16,MLP,mlp,9,9,101,artifact,complete,pair_consistency,pair_consistency,96.82968,98.41484,67.037412,81.799798,66.026289,80.788675,2000,2000,false,false,artifacts/probes/mvp/seed_runs_layerwise_backbone_sweep_v1/mvp__backbone_sweep__jepa_v2_1__vitb_384__mlp__layer_9/seed_101/train_eval_summary.json,artifacts/probes/mvp/seed_runs_layerwise_backbone_sweep_v1/mvp__backbone_sweep__jepa_v2_1__vitb_384__mlp__layer_9/seed_101/layer_9/eval,results/verified_layerwise_probe_configs.csv,380,,,,artifact metrics read from train_eval_summary.json
backbone_sweep_linear_mlp,results/seed_runs/layerwise_backbone_sweep_linear_mlp_seed_results_long.csv,mvp__backbone_sweep__jepa_v2_1__vitb_384__mlp__layer_9,mvp__backbone_sweep__jepa_v2_1__vitb_384__mlp__layer_9__seed_102,MVP,mvp,backbone_sweep,V-JEPA 2.1,ViT-B/16,MLP,mlp,9,9,102,artifact,complete,pair_consistency,pair_consistency,96.053963,98.010118,68.452983,82.052578,65.62184,80.384226,2000,2000,false,false,artifacts/probes/mvp/seed_runs_layerwise_backbone_sweep_v1/mvp__backbone_sweep__jepa_v2_1__vitb_384__mlp__layer_9/seed_102/train_eval_summary.json,artifacts/probes/mvp/seed_runs_layerwise_backbone_sweep_v1/mvp__backbone_sweep__jepa_v2_1__vitb_384__mlp__layer_9/seed_102/layer_9/eval,results/verified_layerwise_probe_configs.csv,380,,,,artifact metrics read from train_eval_summary.json
backbone_sweep_linear_mlp,results/seed_runs/layerwise_backbone_sweep_linear_mlp_seed_results_long.csv,mvp__backbone_sweep__jepa_v2_1__vitb_384__mlp__layer_12,mvp__backbone_sweep__jepa_v2_1__vitb_384__mlp__layer_12__seed_101,MVP,mvp,backbone_sweep,V-JEPA 2.1,ViT-B/16,MLP,mlp,12,12,101,artifact,complete,pair_consistency,pair_consistency,88.431703,94.131535,72.295248,85.389282,69.059656,83.518706,500,500,false,false,artifacts/probes/mvp/seed_runs_layerwise_backbone_sweep_v1/mvp__backbone_sweep__jepa_v2_1__vitb_384__mlp__layer_12/seed_101/train_eval_summary.json,artifacts/probes/mvp/seed_runs_layerwise_backbone_sweep_v1/mvp__backbone_sweep__jepa_v2_1__vitb_384__mlp__layer_12/seed_101/layer_12/eval,results/verified_layerwise_probe_configs.csv,381,,,,artifact metrics read from train_eval_summary.json
backbone_sweep_linear_mlp,results/seed_runs/layerwise_backbone_sweep_linear_mlp_seed_results_long.csv,mvp__backbone_sweep__jepa_v2_1__vitb_384__mlp__layer_12,mvp__backbone_sweep__jepa_v2_1__vitb_384__mlp__layer_12__seed_102,MVP,mvp,backbone_sweep,V-JEPA 2.1,ViT-B/16,MLP,mlp,12,12,102,artifact,complete,pair_consistency,pair_consistency,90.623946,95.193929,73.003033,85.389282,72.901921,85.035389,500,500,false,false,artifacts/probes/mvp/seed_runs_layerwise_backbone_sweep_v1/mvp__backbone_sweep__jepa_v2_1__vitb_384__mlp__layer_12/seed_102/train_eval_summary.json,artifacts/probes/mvp/seed_runs_layerwise_backbone_sweep_v1/mvp__backbone_sweep__jepa_v2_1__vitb_384__mlp__layer_12/seed_102/layer_12/eval,results/verified_layerwise_probe_configs.csv,381,,,,artifact metrics read from train_eval_summary.json
backbone_sweep_linear_mlp,results/seed_runs/layerwise_backbone_sweep_linear_mlp_seed_results_long.csv,mvp__backbone_sweep__jepa_v2_1__vitg_384__linear__layer_10,mvp__backbone_sweep__jepa_v2_1__vitg_384__linear__layer_10__seed_101,MVP,mvp,backbone_sweep,V-JEPA 2.1,ViT-G/16,Linear,linear,10,10,101,artifact,complete,pair_consistency,pair_consistency,46.205734,69.038786,38.220425,64.054601,35.28817,61.729019,2000,2000,false,false,artifacts/probes/mvp/seed_runs_layerwise_backbone_sweep_v1/mvp__backbone_sweep__jepa_v2_1__vitg_384__linear__layer_10/seed_101/train_eval_summary.json,artifacts/probes/mvp/seed_runs_layerwise_backbone_sweep_v1/mvp__backbone_sweep__jepa_v2_1__vitg_384__linear__layer_10/seed_101/layer_10/eval,results/verified_layerwise_probe_configs.csv,398,,,,artifact metrics read from train_eval_summary.json
backbone_sweep_linear_mlp,results/seed_runs/layerwise_backbone_sweep_linear_mlp_seed_results_long.csv,mvp__backbone_sweep__jepa_v2_1__vitg_384__linear__layer_10,mvp__backbone_sweep__jepa_v2_1__vitg_384__linear__layer_10__seed_102,MVP,mvp,backbone_sweep,V-JEPA 2.1,ViT-G/16,Linear,linear,10,10,102,artifact,complete,pair_consistency,pair_consistency,42.259696,67.03204,37.512639,64.256825,33.265925,60.970677,2000,2000,false,false,artifacts/probes/mvp/seed_runs_layerwise_backbone_sweep_v1/mvp__backbone_sweep__jepa_v2_1__vitg_384__linear__layer_10/seed_102/train_eval_summary.json,artifacts/probes/mvp/seed_runs_layerwise_backbone_sweep_v1/mvp__backbone_sweep__jepa_v2_1__vitg_384__linear__layer_10/seed_102/layer_10/eval,results/verified_layerwise_probe_configs.csv,398,,,,artifact metrics read from train_eval_summary.json
backbone_sweep_linear_mlp,results/seed_runs/layerwise_backbone_sweep_linear_mlp_seed_results_long.csv,mvp__backbone_sweep__jepa_v2_1__vitg_384__linear__layer_20,mvp__backbone_sweep__jepa_v2_1__vitg_384__linear__layer_20__seed_101,MVP,mvp,backbone_sweep,V-JEPA 2.1,ViT-G/16,Linear,linear,20,20,101,artifact,complete,pair_consistency,pair_consistency,50.758853,72.580101,39.433771,65.318504,37.007078,63.397371,2000,2000,false,false,artifacts/probes/mvp/seed_runs_layerwise_backbone_sweep_v1/mvp__backbone_sweep__jepa_v2_1__vitg_384__linear__layer_20/seed_101/train_eval_summary.json,artifacts/probes/mvp/seed_runs_layerwise_backbone_sweep_v1/mvp__backbone_sweep__jepa_v2_1__vitg_384__linear__layer_20/seed_101/layer_20/eval,results/verified_layerwise_probe_configs.csv,399,,,,artifact metrics read from train_eval_summary.json
backbone_sweep_linear_mlp,results/seed_runs/layerwise_backbone_sweep_linear_mlp_seed_results_long.csv,mvp__backbone_sweep__jepa_v2_1__vitg_384__linear__layer_20,mvp__backbone_sweep__jepa_v2_1__vitg_384__linear__layer_20__seed_102,MVP,mvp,backbone_sweep,V-JEPA 2.1,ViT-G/16,Linear,linear,20,20,102,artifact,complete,pair_consistency,pair_consistency,51.63575,73.17032,39.83822,65.419616,38.220425,64.357937,2000,2000,false,false,artifacts/probes/mvp/seed_runs_layerwise_backbone_sweep_v1/mvp__backbone_sweep__jepa_v2_1__vitg_384__linear__layer_20/seed_102/train_eval_summary.json,artifacts/probes/mvp/seed_runs_layerwise_backbone_sweep_v1/mvp__backbone_sweep__jepa_v2_1__vitg_384__linear__layer_20/seed_102/layer_20/eval,results/verified_layerwise_probe_configs.csv,399,,,,artifact metrics read from train_eval_summary.json
backbone_sweep_linear_mlp,results/seed_runs/layerwise_backbone_sweep_linear_mlp_seed_results_long.csv,mvp__backbone_sweep__jepa_v2_1__vitg_384__linear__layer_30,mvp__backbone_sweep__jepa_v2_1__vitg_384__linear__layer_30__seed_101,MVP,mvp,backbone_sweep,V-JEPA 2.1,ViT-G/16,Linear,linear,30,30,101,artifact,complete,pair_consistency,pair_consistency,59.123103,77.234401,44.79272,68.149646,43.478261,66.784631,2000,2000,false,false,artifacts/probes/mvp/seed_runs_layerwise_backbone_sweep_v1/mvp__backbone_sweep__jepa_v2_1__vitg_384__linear__layer_30/seed_101/train_eval_summary.json,artifacts/probes/mvp/seed_runs_layerwise_backbone_sweep_v1/mvp__backbone_sweep__jepa_v2_1__vitg_384__linear__layer_30/seed_101/layer_30/eval,results/verified_layerwise_probe_configs.csv,400,,,,artifact metrics read from train_eval_summary.json
backbone_sweep_linear_mlp,results/seed_runs/layerwise_backbone_sweep_linear_mlp_seed_results_long.csv,mvp__backbone_sweep__jepa_v2_1__vitg_384__linear__layer_30,mvp__backbone_sweep__jepa_v2_1__vitg_384__linear__layer_30__seed_102,MVP,mvp,backbone_sweep,V-JEPA 2.1,ViT-G/16,Linear,linear,30,30,102,artifact,complete,pair_consistency,pair_consistency,58.145025,76.306914,45.803842,68.301314,44.084934,66.53185,2000,2000,false,false,artifacts/probes/mvp/seed_runs_layerwise_backbone_sweep_v1/mvp__backbone_sweep__jepa_v2_1__vitg_384__linear__layer_30/seed_102/train_eval_summary.json,artifacts/probes/mvp/seed_runs_layerwise_backbone_sweep_v1/mvp__backbone_sweep__jepa_v2_1__vitg_384__linear__layer_30/seed_102/layer_30/eval,results/verified_layerwise_probe_configs.csv,400,,,,artifact metrics read from train_eval_summary.json
backbone_sweep_linear_mlp,results/seed_runs/layerwise_backbone_sweep_linear_mlp_seed_results_long.csv,mvp__backbone_sweep__jepa_v2_1__vitg_384__linear__layer_40,mvp__backbone_sweep__jepa_v2_1__vitg_384__linear__layer_40__seed_101,MVP,mvp,backbone_sweep,V-JEPA 2.1,ViT-G/16,Linear,linear,40,40,101,artifact,complete,pair_consistency,pair_consistency,59.966273,77.537943,50.65723,71.233569,45.904954,67.997978,2000,2000,false,false,artifacts/probes/mvp/seed_runs_layerwise_backbone_sweep_v1/mvp__backbone_sweep__jepa_v2_1__vitg_384__linear__layer_40/seed_101/train_eval_summary.json,artifacts/probes/mvp/seed_runs_layerwise_backbone_sweep_v1/mvp__backbone_sweep__jepa_v2_1__vitg_384__linear__layer_40/seed_101/layer_40/eval,results/verified_layerwise_probe_configs.csv,401,,,,artifact metrics read from train_eval_summary.json
backbone_sweep_linear_mlp,results/seed_runs/layerwise_backbone_sweep_linear_mlp_seed_results_long.csv,mvp__backbone_sweep__jepa_v2_1__vitg_384__linear__layer_40,mvp__backbone_sweep__jepa_v2_1__vitg_384__linear__layer_40__seed_102,MVP,mvp,backbone_sweep,V-JEPA 2.1,ViT-G/16,Linear,linear,40,40,102,artifact,complete,pair_consistency,pair_consistency,59.561551,77.183811,49.646107,71.233569,46.208291,68.402427,2000,2000,false,false,artifacts/probes/mvp/seed_runs_layerwise_backbone_sweep_v1/mvp__backbone_sweep__jepa_v2_1__vitg_384__linear__layer_40/seed_102/train_eval_summary.json,artifacts/probes/mvp/seed_runs_layerwise_backbone_sweep_v1/mvp__backbone_sweep__jepa_v2_1__vitg_384__linear__layer_40/seed_102/layer_40/eval,results/verified_layerwise_probe_configs.csv,401,,,,artifact metrics read from train_eval_summary.json
backbone_sweep_linear_mlp,results/seed_runs/layerwise_backbone_sweep_linear_mlp_seed_results_long.csv,mvp__backbone_sweep__jepa_v2_1__vitg_384__mlp__layer_10,mvp__backbone_sweep__jepa_v2_1__vitg_384__mlp__layer_10__seed_101,MVP,mvp,backbone_sweep,V-JEPA 2.1,ViT-G/16,MLP,mlp,10,10,101,artifact,complete,pair_consistency,pair_consistency,91.231029,95.531197,49.241658,71.132457,48.230536,70.171891,2000,2000,false,false,artifacts/probes/mvp/seed_runs_layerwise_backbone_sweep_v1/mvp__backbone_sweep__jepa_v2_1__vitg_384__mlp__layer_10/seed_101/train_eval_summary.json,artifacts/probes/mvp/seed_runs_layerwise_backbone_sweep_v1/mvp__backbone_sweep__jepa_v2_1__vitg_384__mlp__layer_10/seed_101/layer_10/eval,results/verified_layerwise_probe_configs.csv,402,,,,artifact metrics read from train_eval_summary.json
backbone_sweep_linear_mlp,results/seed_runs/layerwise_backbone_sweep_linear_mlp_seed_results_long.csv,mvp__backbone_sweep__jepa_v2_1__vitg_384__mlp__layer_10,mvp__backbone_sweep__jepa_v2_1__vitg_384__mlp__layer_10__seed_102,MVP,mvp,backbone_sweep,V-JEPA 2.1,ViT-G/16,MLP,mlp,10,10,102,artifact,complete,pair_consistency,pair_consistency,91.399663,95.581788,48.331648,70.273003,46.107179,69.160768,2000,2000,false,false,artifacts/probes/mvp/seed_runs_layerwise_backbone_sweep_v1/mvp__backbone_sweep__jepa_v2_1__vitg_384__mlp__layer_10/seed_102/train_eval_summary.json,artifacts/probes/mvp/seed_runs_layerwise_backbone_sweep_v1/mvp__backbone_sweep__jepa_v2_1__vitg_384__mlp__layer_10/seed_102/layer_10/eval,results/verified_layerwise_probe_configs.csv,402,,,,artifact metrics read from train_eval_summary.json
backbone_sweep_linear_mlp,results/seed_runs/layerwise_backbone_sweep_linear_mlp_seed_results_long.csv,mvp__backbone_sweep__jepa_v2_1__vitg_384__mlp__layer_20,mvp__backbone_sweep__jepa_v2_1__vitg_384__mlp__layer_20__seed_101,MVP,mvp,backbone_sweep,V-JEPA 2.1,ViT-G/16,MLP,mlp,20,20,101,artifact,complete,pair_consistency,pair_consistency,97.875211,98.937605,63.700708,78.564206,61.375126,77.148635,2000,2000,false,false,artifacts/probes/mvp/seed_runs_layerwise_backbone_sweep_v1/mvp__backbone_sweep__jepa_v2_1__vitg_384__mlp__layer_20/seed_101/train_eval_summary.json,artifacts/probes/mvp/seed_runs_layerwise_backbone_sweep_v1/mvp__backbone_sweep__jepa_v2_1__vitg_384__mlp__layer_20/seed_101/layer_20/eval,results/verified_layerwise_probe_configs.csv,403,,,,artifact metrics read from train_eval_summary.json
backbone_sweep_linear_mlp,results/seed_runs/layerwise_backbone_sweep_linear_mlp_seed_results_long.csv,mvp__backbone_sweep__jepa_v2_1__vitg_384__mlp__layer_20,mvp__backbone_sweep__jepa_v2_1__vitg_384__mlp__layer_20__seed_102,MVP,mvp,backbone_sweep,V-JEPA 2.1,ViT-G/16,MLP,mlp,20,20,102,artifact,complete,pair_consistency,pair_consistency,96.863406,98.431703,63.80182,78.968655,60.060667,76.440849,2000,2000,false,false,artifacts/probes/mvp/seed_runs_layerwise_backbone_sweep_v1/mvp__backbone_sweep__jepa_v2_1__vitg_384__mlp__layer_20/seed_102/train_eval_summary.json,artifacts/probes/mvp/seed_runs_layerwise_backbone_sweep_v1/mvp__backbone_sweep__jepa_v2_1__vitg_384__mlp__layer_20/seed_102/layer_20/eval,results/verified_layerwise_probe_configs.csv,403,,,,artifact metrics read from train_eval_summary.json
backbone_sweep_linear_mlp,results/seed_runs/layerwise_backbone_sweep_linear_mlp_seed_results_long.csv,mvp__backbone_sweep__jepa_v2_1__vitg_384__mlp__layer_30,mvp__backbone_sweep__jepa_v2_1__vitg_384__mlp__layer_30__seed_101,MVP,mvp,backbone_sweep,V-JEPA 2.1,ViT-G/16,MLP,mlp,30,30,101,artifact,complete,pair_consistency,pair_consistency,98.178752,99.089376,70.475228,83.316481,69.059656,82.002022,2000,2000,false,false,artifacts/probes/mvp/seed_runs_layerwise_backbone_sweep_v1/mvp__backbone_sweep__jepa_v2_1__vitg_384__mlp__layer_30/seed_101/train_eval_summary.json,artifacts/probes/mvp/seed_runs_layerwise_backbone_sweep_v1/mvp__backbone_sweep__jepa_v2_1__vitg_384__mlp__layer_30/seed_101/layer_30/eval,results/verified_layerwise_probe_configs.csv,404,,,,artifact metrics read from train_eval_summary.json
backbone_sweep_linear_mlp,results/seed_runs/layerwise_backbone_sweep_linear_mlp_seed_results_long.csv,mvp__backbone_sweep__jepa_v2_1__vitg_384__mlp__layer_30,mvp__backbone_sweep__jepa_v2_1__vitg_384__mlp__layer_30__seed_102,MVP,mvp,backbone_sweep,V-JEPA 2.1,ViT-G/16,MLP,mlp,30,30,102,artifact,complete,pair_consistency,pair_consistency,98.718381,99.359191,70.879676,83.265925,67.947422,80.283114,2000,2000,false,false,artifacts/probes/mvp/seed_runs_layerwise_backbone_sweep_v1/mvp__backbone_sweep__jepa_v2_1__vitg_384__mlp__layer_30/seed_102/train_eval_summary.json,artifacts/probes/mvp/seed_runs_layerwise_backbone_sweep_v1/mvp__backbone_sweep__jepa_v2_1__vitg_384__mlp__layer_30/seed_102/layer_30/eval,results/verified_layerwise_probe_configs.csv,404,,,,artifact metrics read from train_eval_summary.json
backbone_sweep_linear_mlp,results/seed_runs/layerwise_backbone_sweep_linear_mlp_seed_results_long.csv,mvp__backbone_sweep__jepa_v2_1__vitg_384__mlp__layer_40,mvp__backbone_sweep__jepa_v2_1__vitg_384__mlp__layer_40__seed_101,MVP,mvp,backbone_sweep,V-JEPA 2.1,ViT-G/16,MLP,mlp,40,40,101,artifact,complete,pair_consistency,pair_consistency,97.403035,98.701518,69.767442,82.608696,67.138524,81.24368,2000,2000,false,false,artifacts/probes/mvp/seed_runs_layerwise_backbone_sweep_v1/mvp__backbone_sweep__jepa_v2_1__vitg_384__mlp__layer_40/seed_101/train_eval_summary.json,artifacts/probes/mvp/seed_runs_layerwise_backbone_sweep_v1/mvp__backbone_sweep__jepa_v2_1__vitg_384__mlp__layer_40/seed_101/layer_40/eval,results/verified_layerwise_probe_configs.csv,405,,,,artifact metrics read from train_eval_summary.json
backbone_sweep_linear_mlp,results/seed_runs/layerwise_backbone_sweep_linear_mlp_seed_results_long.csv,mvp__backbone_sweep__jepa_v2_1__vitg_384__mlp__layer_40,mvp__backbone_sweep__jepa_v2_1__vitg_384__mlp__layer_40__seed_102,MVP,mvp,backbone_sweep,V-JEPA 2.1,ViT-G/16,MLP,mlp,40,40,102,artifact,complete,pair_consistency,pair_consistency,97.234401,98.617201,68.149646,82.305359,66.53185,80.738119,2000,2000,false,false,artifacts/probes/mvp/seed_runs_layerwise_backbone_sweep_v1/mvp__backbone_sweep__jepa_v2_1__vitg_384__mlp__layer_40/seed_102/train_eval_summary.json,artifacts/probes/mvp/seed_runs_layerwise_backbone_sweep_v1/mvp__backbone_sweep__jepa_v2_1__vitg_384__mlp__layer_40/seed_102/layer_40/eval,results/verified_layerwise_probe_configs.csv,405,,,,artifact metrics read from train_eval_summary.json
backbone_sweep_linear_mlp,results/seed_runs/layerwise_backbone_sweep_linear_mlp_seed_results_long.csv,mvp__backbone_sweep__videomae_v2__vit_base_16_224__linear__layer_3,mvp__backbone_sweep__videomae_v2__vit_base_16_224__linear__layer_3__seed_101,MVP,mvp,backbone_sweep,VideoMAE-v2,ViT-B/16,Linear,linear,3,3,101,artifact,complete,pair_consistency,pair_consistency,36.964587,64.738617,33.771486,62.841254,33.063701,61.021234,2000,2000,false,false,artifacts/probes/mvp/seed_runs_layerwise_backbone_sweep_v1/mvp__backbone_sweep__videomae_v2__vit_base_16_224__linear__layer_3/seed_101/train_eval_summary.json,artifacts/probes/mvp/seed_runs_layerwise_backbone_sweep_v1/mvp__backbone_sweep__videomae_v2__vit_base_16_224__linear__layer_3/seed_101/layer_3/eval,results/verified_layerwise_probe_configs.csv,446,,,,artifact metrics read from train_eval_summary.json
backbone_sweep_linear_mlp,results/seed_runs/layerwise_backbone_sweep_linear_mlp_seed_results_long.csv,mvp__backbone_sweep__videomae_v2__vit_base_16_224__linear__layer_3,mvp__backbone_sweep__videomae_v2__vit_base_16_224__linear__layer_3__seed_102,MVP,mvp,backbone_sweep,VideoMAE-v2,ViT-B/16,Linear,linear,3,3,102,artifact,complete,pair_consistency,pair_consistency,36.795953,64.6543,33.569262,62.790698,32.861476,61.122346,2000,2000,false,false,artifacts/probes/mvp/seed_runs_layerwise_backbone_sweep_v1/mvp__backbone_sweep__videomae_v2__vit_base_16_224__linear__layer_3/seed_102/train_eval_summary.json,artifacts/probes/mvp/seed_runs_layerwise_backbone_sweep_v1/mvp__backbone_sweep__videomae_v2__vit_base_16_224__linear__layer_3/seed_102/layer_3/eval,results/verified_layerwise_probe_configs.csv,446,,,,artifact metrics read from train_eval_summary.json
backbone_sweep_linear_mlp,results/seed_runs/layerwise_backbone_sweep_linear_mlp_seed_results_long.csv,mvp__backbone_sweep__videomae_v2__vit_base_16_224__linear__layer_6,mvp__backbone_sweep__videomae_v2__vit_base_16_224__linear__layer_6__seed_101,MVP,mvp,backbone_sweep,VideoMAE-v2,ViT-B/16,Linear,linear,6,6,101,artifact,complete,pair_consistency,pair_consistency,42.799325,68.145025,36.905966,63.599596,35.490394,62.992922,2000,2000,false,false,artifacts/probes/mvp/seed_runs_layerwise_backbone_sweep_v1/mvp__backbone_sweep__videomae_v2__vit_base_16_224__linear__layer_6/seed_101/train_eval_summary.json,artifacts/probes/mvp/seed_runs_layerwise_backbone_sweep_v1/mvp__backbone_sweep__videomae_v2__vit_base_16_224__linear__layer_6/seed_101/layer_6/eval,results/verified_layerwise_probe_configs.csv,447,,,,artifact metrics read from train_eval_summary.json
backbone_sweep_linear_mlp,results/seed_runs/layerwise_backbone_sweep_linear_mlp_seed_results_long.csv,mvp__backbone_sweep__videomae_v2__vit_base_16_224__linear__layer_6,mvp__backbone_sweep__videomae_v2__vit_base_16_224__linear__layer_6__seed_102,MVP,mvp,backbone_sweep,VideoMAE-v2,ViT-B/16,Linear,linear,6,6,102,artifact,complete,pair_consistency,pair_consistency,43.136594,68.448567,36.097068,63.346815,35.793731,63.296259,2000,2000,false,false,artifacts/probes/mvp/seed_runs_layerwise_backbone_sweep_v1/mvp__backbone_sweep__videomae_v2__vit_base_16_224__linear__layer_6/seed_102/train_eval_summary.json,artifacts/probes/mvp/seed_runs_layerwise_backbone_sweep_v1/mvp__backbone_sweep__videomae_v2__vit_base_16_224__linear__layer_6/seed_102/layer_6/eval,results/verified_layerwise_probe_configs.csv,447,,,,artifact metrics read from train_eval_summary.json
backbone_sweep_linear_mlp,results/seed_runs/layerwise_backbone_sweep_linear_mlp_seed_results_long.csv,mvp__backbone_sweep__videomae_v2__vit_base_16_224__linear__layer_9,mvp__backbone_sweep__videomae_v2__vit_base_16_224__linear__layer_9__seed_101,MVP,mvp,backbone_sweep,VideoMAE-v2,ViT-B/16,Linear,linear,9,9,101,artifact,complete,pair_consistency,pair_consistency,42.124789,67.841484,38.321537,65.065723,38.624874,65.166835,2000,2000,false,false,artifacts/probes/mvp/seed_runs_layerwise_backbone_sweep_v1/mvp__backbone_sweep__videomae_v2__vit_base_16_224__linear__layer_9/seed_101/train_eval_summary.json,artifacts/probes/mvp/seed_runs_layerwise_backbone_sweep_v1/mvp__backbone_sweep__videomae_v2__vit_base_16_224__linear__layer_9/seed_101/layer_9/eval,results/verified_layerwise_probe_configs.csv,448,,,,artifact metrics read from train_eval_summary.json
backbone_sweep_linear_mlp,results/seed_runs/layerwise_backbone_sweep_linear_mlp_seed_results_long.csv,mvp__backbone_sweep__videomae_v2__vit_base_16_224__linear__layer_9,mvp__backbone_sweep__videomae_v2__vit_base_16_224__linear__layer_9__seed_102,MVP,mvp,backbone_sweep,VideoMAE-v2,ViT-B/16,Linear,linear,9,9,102,artifact,complete,pair_consistency,pair_consistency,45.29511,69.696459,39.130435,64.964611,38.321537,64.509606,2000,2000,false,false,artifacts/probes/mvp/seed_runs_layerwise_backbone_sweep_v1/mvp__backbone_sweep__videomae_v2__vit_base_16_224__linear__layer_9/seed_102/train_eval_summary.json,artifacts/probes/mvp/seed_runs_layerwise_backbone_sweep_v1/mvp__backbone_sweep__videomae_v2__vit_base_16_224__linear__layer_9/seed_102/layer_9/eval,results/verified_layerwise_probe_configs.csv,448,,,,artifact metrics read from train_eval_summary.json
backbone_sweep_linear_mlp,results/seed_runs/layerwise_backbone_sweep_linear_mlp_seed_results_long.csv,mvp__backbone_sweep__videomae_v2__vit_base_16_224__linear__layer_12,mvp__backbone_sweep__videomae_v2__vit_base_16_224__linear__layer_12__seed_101,MVP,mvp,backbone_sweep,VideoMAE-v2,ViT-B/16,Linear,linear,12,12,101,artifact,complete,pair_consistency,pair_consistency,48.128162,70.74199,40.040445,65.824065,36.299292,63.852376,1000,1000,false,false,artifacts/probes/mvp/seed_runs_layerwise_backbone_sweep_v1/mvp__backbone_sweep__videomae_v2__vit_base_16_224__linear__layer_12/seed_101/train_eval_summary.json,artifacts/probes/mvp/seed_runs_layerwise_backbone_sweep_v1/mvp__backbone_sweep__videomae_v2__vit_base_16_224__linear__layer_12/seed_101/layer_12/eval,results/verified_layerwise_probe_configs.csv,449,,,,artifact metrics read from train_eval_summary.json
backbone_sweep_linear_mlp,results/seed_runs/layerwise_backbone_sweep_linear_mlp_seed_results_long.csv,mvp__backbone_sweep__videomae_v2__vit_base_16_224__linear__layer_12,mvp__backbone_sweep__videomae_v2__vit_base_16_224__linear__layer_12__seed_102,MVP,mvp,backbone_sweep,VideoMAE-v2,ViT-B/16,Linear,linear,12,12,102,artifact,complete,pair_consistency,pair_consistency,44.317032,68.667791,40.040445,65.824065,35.894843,63.700708,1000,1000,false,false,artifacts/probes/mvp/seed_runs_layerwise_backbone_sweep_v1/mvp__backbone_sweep__videomae_v2__vit_base_16_224__linear__layer_12/seed_102/train_eval_summary.json,artifacts/probes/mvp/seed_runs_layerwise_backbone_sweep_v1/mvp__backbone_sweep__videomae_v2__vit_base_16_224__linear__layer_12/seed_102/layer_12/eval,results/verified_layerwise_probe_configs.csv,449,,,,artifact metrics read from train_eval_summary.json
backbone_sweep_linear_mlp,results/seed_runs/layerwise_backbone_sweep_linear_mlp_seed_results_long.csv,mvp__backbone_sweep__videomae_v2__vit_base_16_224__mlp__layer_3,mvp__backbone_sweep__videomae_v2__vit_base_16_224__mlp__layer_3__seed_101,MVP,mvp,backbone_sweep,VideoMAE-v2,ViT-B/16,MLP,mlp,3,3,101,artifact,complete,pair_consistency,pair_consistency,79.629005,89.578415,52.275025,73.508595,50.353893,71.941355,2000,2000,false,false,artifacts/probes/mvp/seed_runs_layerwise_backbone_sweep_v1/mvp__backbone_sweep__videomae_v2__vit_base_16_224__mlp__layer_3/seed_101/train_eval_summary.json,artifacts/probes/mvp/seed_runs_layerwise_backbone_sweep_v1/mvp__backbone_sweep__videomae_v2__vit_base_16_224__mlp__layer_3/seed_101/layer_3/eval,results/verified_layerwise_probe_configs.csv,450,,,,artifact metrics read from train_eval_summary.json
backbone_sweep_linear_mlp,results/seed_runs/layerwise_backbone_sweep_linear_mlp_seed_results_long.csv,mvp__backbone_sweep__videomae_v2__vit_base_16_224__mlp__layer_3,mvp__backbone_sweep__videomae_v2__vit_base_16_224__mlp__layer_3__seed_102,MVP,mvp,backbone_sweep,VideoMAE-v2,ViT-B/16,MLP,mlp,3,3,102,artifact,complete,pair_consistency,pair_consistency,81.146712,90.370995,51.971689,73.407482,51.263903,72.244692,2000,2000,false,false,artifacts/probes/mvp/seed_runs_layerwise_backbone_sweep_v1/mvp__backbone_sweep__videomae_v2__vit_base_16_224__mlp__layer_3/seed_102/train_eval_summary.json,artifacts/probes/mvp/seed_runs_layerwise_backbone_sweep_v1/mvp__backbone_sweep__videomae_v2__vit_base_16_224__mlp__layer_3/seed_102/layer_3/eval,results/verified_layerwise_probe_configs.csv,450,,,,artifact metrics read from train_eval_summary.json
backbone_sweep_linear_mlp,results/seed_runs/layerwise_backbone_sweep_linear_mlp_seed_results_long.csv,mvp__backbone_sweep__videomae_v2__vit_base_16_224__mlp__layer_6,mvp__backbone_sweep__videomae_v2__vit_base_16_224__mlp__layer_6__seed_101,MVP,mvp,backbone_sweep,VideoMAE-v2,ViT-B/16,MLP,mlp,6,6,101,artifact,complete,pair_consistency,pair_consistency,86.003373,92.934233,58.645096,77.098079,56.420627,75.278059,2000,2000,false,false,artifacts/probes/mvp/seed_runs_layerwise_backbone_sweep_v1/mvp__backbone_sweep__videomae_v2__vit_base_16_224__mlp__layer_6/seed_101/train_eval_summary.json,artifacts/probes/mvp/seed_runs_layerwise_backbone_sweep_v1/mvp__backbone_sweep__videomae_v2__vit_base_16_224__mlp__layer_6/seed_101/layer_6/eval,results/verified_layerwise_probe_configs.csv,451,,,,artifact metrics read from train_eval_summary.json
backbone_sweep_linear_mlp,results/seed_runs/layerwise_backbone_sweep_linear_mlp_seed_results_long.csv,mvp__backbone_sweep__videomae_v2__vit_base_16_224__mlp__layer_6,mvp__backbone_sweep__videomae_v2__vit_base_16_224__mlp__layer_6__seed_102,MVP,mvp,backbone_sweep,VideoMAE-v2,ViT-B/16,MLP,mlp,6,6,102,artifact,complete,pair_consistency,pair_consistency,82.799325,91.315346,59.352882,77.553084,58.341759,76.238625,2000,2000,false,false,artifacts/probes/mvp/seed_runs_layerwise_backbone_sweep_v1/mvp__backbone_sweep__videomae_v2__vit_base_16_224__mlp__layer_6/seed_102/train_eval_summary.json,artifacts/probes/mvp/seed_runs_layerwise_backbone_sweep_v1/mvp__backbone_sweep__videomae_v2__vit_base_16_224__mlp__layer_6/seed_102/layer_6/eval,results/verified_layerwise_probe_configs.csv,451,,,,artifact metrics read from train_eval_summary.json
backbone_sweep_linear_mlp,results/seed_runs/layerwise_backbone_sweep_linear_mlp_seed_results_long.csv,mvp__backbone_sweep__videomae_v2__vit_base_16_224__mlp__layer_9,mvp__backbone_sweep__videomae_v2__vit_base_16_224__mlp__layer_9__seed_101,MVP,mvp,backbone_sweep,VideoMAE-v2,ViT-B/16,MLP,mlp,9,9,101,artifact,complete,pair_consistency,pair_consistency,98.549747,99.274874,68.857432,82.760364,65.722952,80.9909,2000,2000,false,false,artifacts/probes/mvp/seed_runs_layerwise_backbone_sweep_v1/mvp__backbone_sweep__videomae_v2__vit_base_16_224__mlp__layer_9/seed_101/train_eval_summary.json,artifacts/probes/mvp/seed_runs_layerwise_backbone_sweep_v1/mvp__backbone_sweep__videomae_v2__vit_base_16_224__mlp__layer_9/seed_101/layer_9/eval,results/verified_layerwise_probe_configs.csv,452,,,,artifact metrics read from train_eval_summary.json
backbone_sweep_linear_mlp,results/seed_runs/layerwise_backbone_sweep_linear_mlp_seed_results_long.csv,mvp__backbone_sweep__videomae_v2__vit_base_16_224__mlp__layer_9,mvp__backbone_sweep__videomae_v2__vit_base_16_224__mlp__layer_9__seed_102,MVP,mvp,backbone_sweep,VideoMAE-v2,ViT-B/16,MLP,mlp,9,9,102,artifact,complete,pair_consistency,pair_consistency,99.730185,99.865093,69.261881,82.81092,66.228514,80.535895,2000,2000,false,false,artifacts/probes/mvp/seed_runs_layerwise_backbone_sweep_v1/mvp__backbone_sweep__videomae_v2__vit_base_16_224__mlp__layer_9/seed_102/train_eval_summary.json,artifacts/probes/mvp/seed_runs_layerwise_backbone_sweep_v1/mvp__backbone_sweep__videomae_v2__vit_base_16_224__mlp__layer_9/seed_102/layer_9/eval,results/verified_layerwise_probe_configs.csv,452,,,,artifact metrics read from train_eval_summary.json
backbone_sweep_linear_mlp,results/seed_runs/layerwise_backbone_sweep_linear_mlp_seed_results_long.csv,mvp__backbone_sweep__videomae_v2__vit_base_16_224__mlp__layer_12,mvp__backbone_sweep__videomae_v2__vit_base_16_224__mlp__layer_12__seed_101,MVP,mvp,backbone_sweep,VideoMAE-v2,ViT-B/16,MLP,mlp,12,12,101,artifact,complete,pair_consistency,pair_consistency,99.932546,99.966273,75.834176,86.653185,70.374115,83.923155,2000,2000,false,false,artifacts/probes/mvp/seed_runs_layerwise_backbone_sweep_v1/mvp__backbone_sweep__videomae_v2__vit_base_16_224__mlp__layer_12/seed_101/train_eval_summary.json,artifacts/probes/mvp/seed_runs_layerwise_backbone_sweep_v1/mvp__backbone_sweep__videomae_v2__vit_base_16_224__mlp__layer_12/seed_101/layer_12/eval,results/verified_layerwise_probe_configs.csv,453,,,,artifact metrics read from train_eval_summary.json
backbone_sweep_linear_mlp,results/seed_runs/layerwise_backbone_sweep_linear_mlp_seed_results_long.csv,mvp__backbone_sweep__videomae_v2__vit_base_16_224__mlp__layer_12,mvp__backbone_sweep__videomae_v2__vit_base_16_224__mlp__layer_12__seed_102,MVP,mvp,backbone_sweep,VideoMAE-v2,ViT-B/16,MLP,mlp,12,12,102,artifact,complete,pair_consistency,pair_consistency,99.932546,99.966273,76.238625,87.259858,69.464105,83.670374,2000,2000,false,false,artifacts/probes/mvp/seed_runs_layerwise_backbone_sweep_v1/mvp__backbone_sweep__videomae_v2__vit_base_16_224__mlp__layer_12/seed_102/train_eval_summary.json,artifacts/probes/mvp/seed_runs_layerwise_backbone_sweep_v1/mvp__backbone_sweep__videomae_v2__vit_base_16_224__mlp__layer_12/seed_102/layer_12/eval,results/verified_layerwise_probe_configs.csv,453,,,,artifact metrics read from train_eval_summary.json
backbone_sweep_attentive,results/seed_runs/layerwise_backbone_sweep_attentive_seed_results_long.csv,intphys2__backbone_sweep__v_jepa_2_1__vit_b_16__temporal_attn__layer_3,intphys2__backbone_sweep__v_jepa_2_1__vit_b_16__temporal_attn__layer_3__seed_42,IntPhys2,intphys2,backbone_sweep,V-JEPA 2.1,ViT-B/16,Attentive,temporal_attn,3,3,42,source_csv,complete,voe_accuracy,voe_accuracy,19.205298,50,13.72549,50,11.764706,50,,90,,true,,,results/verified_layerwise_probe_configs.csv,58,intphys_primary_db.xlsx,V-JEPA 2.1,A11:K11,seed 42 read from source CSV metrics
backbone_sweep_attentive,results/seed_runs/layerwise_backbone_sweep_attentive_seed_results_long.csv,intphys2__backbone_sweep__v_jepa_2_1__vit_b_16__temporal_attn__layer_6,intphys2__backbone_sweep__v_jepa_2_1__vit_b_16__temporal_attn__layer_6__seed_42,IntPhys2,intphys2,backbone_sweep,V-JEPA 2.1,ViT-B/16,Attentive,temporal_attn,6,6,42,source_csv,complete,voe_accuracy,voe_accuracy,15.231788,50.662252,19.607843,51.960784,19.607843,50,,90,,true,,,results/verified_layerwise_probe_configs.csv,59,intphys_primary_db.xlsx,V-JEPA 2.1,A12:K12,seed 42 read from source CSV metrics
backbone_sweep_attentive,results/seed_runs/layerwise_backbone_sweep_attentive_seed_results_long.csv,intphys2__backbone_sweep__v_jepa_2_1__vit_b_16__temporal_attn__layer_9,intphys2__backbone_sweep__v_jepa_2_1__vit_b_16__temporal_attn__layer_9__seed_42,IntPhys2,intphys2,backbone_sweep,V-JEPA 2.1,ViT-B/16,Attentive,temporal_attn,9,9,42,source_csv,complete,voe_accuracy,voe_accuracy,100,96.02649,56.862745,76.470588,58.823529,74.019608,,90,,true,,,results/verified_layerwise_probe_configs.csv,60,intphys_primary_db.xlsx,V-JEPA 2.1,A13:K13,seed 42 read from source CSV metrics
backbone_sweep_attentive,results/seed_runs/layerwise_backbone_sweep_attentive_seed_results_long.csv,intphys2__backbone_sweep__v_jepa_2_1__vit_b_16__temporal_attn__layer_12,intphys2__backbone_sweep__v_jepa_2_1__vit_b_16__temporal_attn__layer_12__seed_42,IntPhys2,intphys2,backbone_sweep,V-JEPA 2.1,ViT-B/16,Attentive,temporal_attn,12,12,42,source_csv,complete,voe_accuracy,voe_accuracy,98.675497,97.682119,64.705882,74.019608,56.862745,74.509804,,90,,true,,,results/verified_layerwise_probe_configs.csv,61,intphys_primary_db.xlsx,V-JEPA 2.1,A14:K14,seed 42 read from source CSV metrics
backbone_sweep_attentive,results/seed_runs/layerwise_backbone_sweep_attentive_seed_results_long.csv,intphys2__backbone_sweep__v_jepa_2_1__vit_g_16__temporal_attn__layer_10,intphys2__backbone_sweep__v_jepa_2_1__vit_g_16__temporal_attn__layer_10__seed_42,IntPhys2,intphys2,backbone_sweep,V-JEPA 2.1,ViT-G/16,Attentive,temporal_attn,10,10,42,source_csv,complete,voe_accuracy,voe_accuracy,21.854305,53.476821,19.607843,54.411765,19.607843,56.862745,,90,,true,,,results/verified_layerwise_probe_configs.csv,82,intphys_primary_db.xlsx,V-JEPA 2.1,AA11:AK11,seed 42 read from source CSV metrics
backbone_sweep_attentive,results/seed_runs/layerwise_backbone_sweep_attentive_seed_results_long.csv,intphys2__backbone_sweep__v_jepa_2_1__vit_g_16__temporal_attn__layer_20,intphys2__backbone_sweep__v_jepa_2_1__vit_g_16__temporal_attn__layer_20__seed_42,IntPhys2,intphys2,backbone_sweep,V-JEPA 2.1,ViT-G/16,Attentive,temporal_attn,20,20,42,source_csv,complete,voe_accuracy,voe_accuracy,97.350993,94.86755,41.176471,69.117647,39.215686,64.215686,,90,,true,,,results/verified_layerwise_probe_configs.csv,83,intphys_primary_db.xlsx,V-JEPA 2.1,AA12:AK12,seed 42 read from source CSV metrics
backbone_sweep_attentive,results/seed_runs/layerwise_backbone_sweep_attentive_seed_results_long.csv,intphys2__backbone_sweep__v_jepa_2_1__vit_g_16__temporal_attn__layer_30,intphys2__backbone_sweep__v_jepa_2_1__vit_g_16__temporal_attn__layer_30__seed_42,IntPhys2,intphys2,backbone_sweep,V-JEPA 2.1,ViT-G/16,Attentive,temporal_attn,30,30,42,source_csv,complete,voe_accuracy,voe_accuracy,94.039735,93.046358,54.901961,75,52.941176,73.039216,,90,,true,,,results/verified_layerwise_probe_configs.csv,84,intphys_primary_db.xlsx,V-JEPA 2.1,AA13:AK13,seed 42 read from source CSV metrics
backbone_sweep_attentive,results/seed_runs/layerwise_backbone_sweep_attentive_seed_results_long.csv,intphys2__backbone_sweep__v_jepa_2_1__vit_g_16__temporal_attn__layer_40,intphys2__backbone_sweep__v_jepa_2_1__vit_g_16__temporal_attn__layer_40__seed_42,IntPhys2,intphys2,backbone_sweep,V-JEPA 2.1,ViT-G/16,Attentive,temporal_attn,40,40,42,source_csv,complete,voe_accuracy,voe_accuracy,98.675497,96.854305,64.705882,76.470588,60.784314,74.509804,,90,,true,,,results/verified_layerwise_probe_configs.csv,85,intphys_primary_db.xlsx,V-JEPA 2.1,AA14:AK14,seed 42 read from source CSV metrics
backbone_sweep_attentive,results/seed_runs/layerwise_backbone_sweep_attentive_seed_results_long.csv,intphys2__backbone_sweep__videomae_v2__vit_b_16__temporal_attn__layer_3,intphys2__backbone_sweep__videomae_v2__vit_b_16__temporal_attn__layer_3__seed_42,IntPhys2,intphys2,backbone_sweep,VideoMAE-v2,ViT-B/16,Attentive,temporal_attn,3,3,42,source_csv,complete,voe_accuracy,voe_accuracy,17.880795,50.331126,19.607843,52.941176,17.647059,49.019608,,90,,true,,,results/verified_layerwise_probe_configs.csv,130,intphys_primary_db.xlsx,VideoMAE-v2,A11:K11,seed 42 read from source CSV metrics
backbone_sweep_attentive,results/seed_runs/layerwise_backbone_sweep_attentive_seed_results_long.csv,intphys2__backbone_sweep__videomae_v2__vit_b_16__temporal_attn__layer_6,intphys2__backbone_sweep__videomae_v2__vit_b_16__temporal_attn__layer_6__seed_42,IntPhys2,intphys2,backbone_sweep,VideoMAE-v2,ViT-B/16,Attentive,temporal_attn,6,6,42,source_csv,complete,voe_accuracy,voe_accuracy,57.615894,72.350993,47.058824,65.686275,43.137255,66.666667,,90,,true,,,results/verified_layerwise_probe_configs.csv,131,intphys_primary_db.xlsx,VideoMAE-v2,A12:K12,seed 42 read from source CSV metrics
backbone_sweep_attentive,results/seed_runs/layerwise_backbone_sweep_attentive_seed_results_long.csv,intphys2__backbone_sweep__videomae_v2__vit_b_16__temporal_attn__layer_9,intphys2__backbone_sweep__videomae_v2__vit_b_16__temporal_attn__layer_9__seed_42,IntPhys2,intphys2,backbone_sweep,VideoMAE-v2,ViT-B/16,Attentive,temporal_attn,9,9,42,source_csv,complete,voe_accuracy,voe_accuracy,100,97.847682,54.901961,74.019608,52.941176,71.078431,,90,,true,,,results/verified_layerwise_probe_configs.csv,132,intphys_primary_db.xlsx,VideoMAE-v2,A13:K13,seed 42 read from source CSV metrics
backbone_sweep_attentive,results/seed_runs/layerwise_backbone_sweep_attentive_seed_results_long.csv,intphys2__backbone_sweep__videomae_v2__vit_b_16__temporal_attn__layer_12,intphys2__backbone_sweep__videomae_v2__vit_b_16__temporal_attn__layer_12__seed_42,IntPhys2,intphys2,backbone_sweep,VideoMAE-v2,ViT-B/16,Attentive,temporal_attn,12,12,42,source_csv,complete,voe_accuracy,voe_accuracy,100,97.019868,43.137255,65.196078,43.137255,62.745098,,90,,true,,,results/verified_layerwise_probe_configs.csv,133,intphys_primary_db.xlsx,VideoMAE-v2,A14:K14,seed 42 read from source CSV metrics
backbone_sweep_attentive,results/seed_runs/layerwise_backbone_sweep_attentive_seed_results_long.csv,mvp__backbone_sweep__jepa_v2_1__vitb_384__temporal_attn__layer_3,mvp__backbone_sweep__jepa_v2_1__vitb_384__temporal_attn__layer_3__seed_42,MVP,mvp,backbone_sweep,V-JEPA 2.1,ViT-B/16,Attentive,temporal_attn,3,3,42,source_csv,complete,pair_consistency,pair_consistency,83.844857,91.703204,55.106168,72.497472,52.376138,70.778564,,30,,true,,,results/verified_layerwise_probe_configs.csv,382,mvp_primary_db.xlsx,V-JEPA 2.1,A11:K11,seed 42 read from source CSV metrics
backbone_sweep_attentive,results/seed_runs/layerwise_backbone_sweep_attentive_seed_results_long.csv,mvp__backbone_sweep__jepa_v2_1__vitb_384__temporal_attn__layer_6,mvp__backbone_sweep__jepa_v2_1__vitb_384__temporal_attn__layer_6__seed_42,MVP,mvp,backbone_sweep,V-JEPA 2.1,ViT-B/16,Attentive,temporal_attn,6,6,42,source_csv,complete,pair_consistency,pair_consistency,94.839798,97.419899,87.158746,93.023256,87.360971,93.326593,,30,,true,,,results/verified_layerwise_probe_configs.csv,383,mvp_primary_db.xlsx,V-JEPA 2.1,A12:K12,seed 42 read from source CSV metrics
backbone_sweep_attentive,results/seed_runs/layerwise_backbone_sweep_attentive_seed_results_long.csv,mvp__backbone_sweep__jepa_v2_1__vitb_384__temporal_attn__layer_9,mvp__backbone_sweep__jepa_v2_1__vitb_384__temporal_attn__layer_9__seed_42,MVP,mvp,backbone_sweep,V-JEPA 2.1,ViT-B/16,Attentive,temporal_attn,9,9,42,source_csv,complete,pair_consistency,pair_consistency,96.222597,98.111298,89.383215,94.287159,88.776542,93.933266,,30,,true,,,results/verified_layerwise_probe_configs.csv,384,mvp_primary_db.xlsx,V-JEPA 2.1,A13:K13,seed 42 read from source CSV metrics
backbone_sweep_attentive,results/seed_runs/layerwise_backbone_sweep_attentive_seed_results_long.csv,mvp__backbone_sweep__jepa_v2_1__vitb_384__temporal_attn__layer_12,mvp__backbone_sweep__jepa_v2_1__vitb_384__temporal_attn__layer_12__seed_42,MVP,mvp,backbone_sweep,V-JEPA 2.1,ViT-B/16,Attentive,temporal_attn,12,12,42,source_csv,complete,pair_consistency,pair_consistency,97.942664,98.971332,92.113246,95.70273,91.40546,95.348837,,30,,true,,,results/verified_layerwise_probe_configs.csv,385,mvp_primary_db.xlsx,V-JEPA 2.1,A14:K14,seed 42 read from source CSV metrics
backbone_sweep_attentive,results/seed_runs/layerwise_backbone_sweep_attentive_seed_results_long.csv,mvp__backbone_sweep__jepa_v2_1__vitg_384__temporal_attn__layer_10,mvp__backbone_sweep__jepa_v2_1__vitg_384__temporal_attn__layer_10__seed_42,MVP,mvp,backbone_sweep,V-JEPA 2.1,ViT-G/16,Attentive,temporal_attn,10,10,42,source_csv,complete,pair_consistency,pair_consistency,76.222597,86.863406,53.488372,72.497472,53.993933,72.446916,,30,,true,,,results/verified_layerwise_probe_configs.csv,406,mvp_primary_db.xlsx,V-JEPA 2.1,AA11:AK11,seed 42 read from source CSV metrics
backbone_sweep_attentive,results/seed_runs/layerwise_backbone_sweep_attentive_seed_results_long.csv,mvp__backbone_sweep__jepa_v2_1__vitg_384__temporal_attn__layer_20,mvp__backbone_sweep__jepa_v2_1__vitg_384__temporal_attn__layer_20__seed_42,MVP,mvp,backbone_sweep,V-JEPA 2.1,ViT-G/16,Attentive,temporal_attn,20,20,42,source_csv,complete,pair_consistency,pair_consistency,82.293423,90.505902,74.620829,85.995956,74.115268,85.743175,,30,,true,,,results/verified_layerwise_probe_configs.csv,407,mvp_primary_db.xlsx,V-JEPA 2.1,AA12:AK12,seed 42 read from source CSV metrics
backbone_sweep_attentive,results/seed_runs/layerwise_backbone_sweep_attentive_seed_results_long.csv,mvp__backbone_sweep__jepa_v2_1__vitg_384__temporal_attn__layer_30,mvp__backbone_sweep__jepa_v2_1__vitg_384__temporal_attn__layer_30__seed_42,MVP,mvp,backbone_sweep,V-JEPA 2.1,ViT-G/16,Attentive,temporal_attn,30,30,42,source_csv,complete,pair_consistency,pair_consistency,98.853288,99.392917,92.517695,95.803842,93.124368,96.157735,,30,,true,,,results/verified_layerwise_probe_configs.csv,408,mvp_primary_db.xlsx,V-JEPA 2.1,AA13:AK13,seed 42 read from source CSV metrics
backbone_sweep_attentive,results/seed_runs/layerwise_backbone_sweep_attentive_seed_results_long.csv,mvp__backbone_sweep__jepa_v2_1__vitg_384__temporal_attn__layer_40,mvp__backbone_sweep__jepa_v2_1__vitg_384__temporal_attn__layer_40__seed_42,MVP,mvp,backbone_sweep,V-JEPA 2.1,ViT-G/16,Attentive,temporal_attn,40,40,42,source_csv,complete,pair_consistency,pair_consistency,98.043845,99.021922,93.326593,96.107179,92.113246,95.70273,,30,,true,,,results/verified_layerwise_probe_configs.csv,409,mvp_primary_db.xlsx,V-JEPA 2.1,AA14:AK14,seed 42 read from source CSV metrics
backbone_sweep_attentive,results/seed_runs/layerwise_backbone_sweep_attentive_seed_results_long.csv,mvp__backbone_sweep__videomae_v2__vit_base_16_224__temporal_attn__layer_3,mvp__backbone_sweep__videomae_v2__vit_base_16_224__temporal_attn__layer_3__seed_42,MVP,mvp,backbone_sweep,VideoMAE-v2,ViT-B/16,Attentive,temporal_attn,3,3,42,source_csv,complete,pair_consistency,pair_consistency,87.655987,93.524452,69.261881,82.254803,68.250758,81.395349,,30,,true,,,results/verified_layerwise_probe_configs.csv,454,mvp_primary_db.xlsx,VideoMAE-v2,A11:K11,seed 42 read from source CSV metrics
backbone_sweep_attentive,results/seed_runs/layerwise_backbone_sweep_attentive_seed_results_long.csv,mvp__backbone_sweep__videomae_v2__vit_base_16_224__temporal_attn__layer_6,mvp__backbone_sweep__videomae_v2__vit_base_16_224__temporal_attn__layer_6__seed_42,MVP,mvp,backbone_sweep,VideoMAE-v2,ViT-B/16,Attentive,temporal_attn,6,6,42,source_csv,complete,pair_consistency,pair_consistency,87.015177,93.035413,74.21638,85.844287,73.710819,84.934277,,30,,true,,,results/verified_layerwise_probe_configs.csv,455,mvp_primary_db.xlsx,VideoMAE-v2,A12:K12,seed 42 read from source CSV metrics
backbone_sweep_attentive,results/seed_runs/layerwise_backbone_sweep_attentive_seed_results_long.csv,mvp__backbone_sweep__videomae_v2__vit_base_16_224__temporal_attn__layer_9,mvp__backbone_sweep__videomae_v2__vit_base_16_224__temporal_attn__layer_9__seed_42,MVP,mvp,backbone_sweep,VideoMAE-v2,ViT-B/16,Attentive,temporal_attn,9,9,42,source_csv,complete,pair_consistency,pair_consistency,94.536256,97.166948,88.169869,93.377149,85.743175,92.214358,,30,,true,,,results/verified_layerwise_probe_configs.csv,456,mvp_primary_db.xlsx,VideoMAE-v2,A13:K13,seed 42 read from source CSV metrics
backbone_sweep_attentive,results/seed_runs/layerwise_backbone_sweep_attentive_seed_results_long.csv,mvp__backbone_sweep__videomae_v2__vit_base_16_224__temporal_attn__layer_12,mvp__backbone_sweep__videomae_v2__vit_base_16_224__temporal_attn__layer_12__seed_42,MVP,mvp,backbone_sweep,VideoMAE-v2,ViT-B/16,Attentive,temporal_attn,12,12,42,source_csv,complete,pair_consistency,pair_consistency,94.671164,97.301855,75.631951,85.793731,75.12639,85.490394,,30,,true,,,results/verified_layerwise_probe_configs.csv,457,mvp_primary_db.xlsx,VideoMAE-v2,A14:K14,seed 42 read from source CSV metrics
backbone_sweep_attentive,results/seed_runs/layerwise_backbone_sweep_attentive_seed_results_long.csv,intphys2__backbone_sweep__v_jepa_2_1__vit_b_16__temporal_attn__layer_3,intphys2__backbone_sweep__v_jepa_2_1__vit_b_16__temporal_attn__layer_3__seed_101,IntPhys2,intphys2,backbone_sweep,V-JEPA 2.1,ViT-B/16,Attentive,temporal_attn,3,3,101,artifact,complete,voe_accuracy,voe_accuracy,13.245033,50,7.843137,50.490196,7.843137,50,83,90,true,true,artifacts/probes/intphys2/seed_runs_layerwise_backbone_sweep_v1/intphys2__backbone_sweep__v_jepa_2_1__vit_b_16__temporal_attn__layer_3/seed_101/train_eval_summary.json,artifacts/probes/intphys2/seed_runs_layerwise_backbone_sweep_v1/intphys2__backbone_sweep__v_jepa_2_1__vit_b_16__temporal_attn__layer_3/seed_101/layer_3/eval,results/verified_layerwise_probe_configs.csv,58,,,,artifact metrics read from train_eval_summary.json
backbone_sweep_attentive,results/seed_runs/layerwise_backbone_sweep_attentive_seed_results_long.csv,intphys2__backbone_sweep__v_jepa_2_1__vit_b_16__temporal_attn__layer_3,intphys2__backbone_sweep__v_jepa_2_1__vit_b_16__temporal_attn__layer_3__seed_102,IntPhys2,intphys2,backbone_sweep,V-JEPA 2.1,ViT-B/16,Attentive,temporal_attn,3,3,102,artifact,complete,voe_accuracy,voe_accuracy,19.205298,51.15894,13.72549,50.980392,23.529412,50.490196,48,90,true,true,artifacts/probes/intphys2/seed_runs_layerwise_backbone_sweep_v1/intphys2__backbone_sweep__v_jepa_2_1__vit_b_16__temporal_attn__layer_3/seed_102/train_eval_summary.json,artifacts/probes/intphys2/seed_runs_layerwise_backbone_sweep_v1/intphys2__backbone_sweep__v_jepa_2_1__vit_b_16__temporal_attn__layer_3/seed_102/layer_3/eval,results/verified_layerwise_probe_configs.csv,58,,,,artifact metrics read from train_eval_summary.json
backbone_sweep_attentive,results/seed_runs/layerwise_backbone_sweep_attentive_seed_results_long.csv,intphys2__backbone_sweep__v_jepa_2_1__vit_b_16__temporal_attn__layer_6,intphys2__backbone_sweep__v_jepa_2_1__vit_b_16__temporal_attn__layer_6__seed_101,IntPhys2,intphys2,backbone_sweep,V-JEPA 2.1,ViT-B/16,Attentive,temporal_attn,6,6,101,artifact,complete,voe_accuracy,voe_accuracy,14.569536,49.834437,17.647059,50.490196,19.607843,50,21,90,true,true,artifacts/probes/intphys2/seed_runs_layerwise_backbone_sweep_v1/intphys2__backbone_sweep__v_jepa_2_1__vit_b_16__temporal_attn__layer_6/seed_101/train_eval_summary.json,artifacts/probes/intphys2/seed_runs_layerwise_backbone_sweep_v1/intphys2__backbone_sweep__v_jepa_2_1__vit_b_16__temporal_attn__layer_6/seed_101/layer_6/eval,results/verified_layerwise_probe_configs.csv,59,,,,artifact metrics read from train_eval_summary.json
backbone_sweep_attentive,results/seed_runs/layerwise_backbone_sweep_attentive_seed_results_long.csv,intphys2__backbone_sweep__v_jepa_2_1__vit_b_16__temporal_attn__layer_6,intphys2__backbone_sweep__v_jepa_2_1__vit_b_16__temporal_attn__layer_6__seed_102,IntPhys2,intphys2,backbone_sweep,V-JEPA 2.1,ViT-B/16,Attentive,temporal_attn,6,6,102,artifact,complete,voe_accuracy,voe_accuracy,24.503311,49.668874,15.686275,51.470588,13.72549,49.019608,48,90,true,true,artifacts/probes/intphys2/seed_runs_layerwise_backbone_sweep_v1/intphys2__backbone_sweep__v_jepa_2_1__vit_b_16__temporal_attn__layer_6/seed_102/train_eval_summary.json,artifacts/probes/intphys2/seed_runs_layerwise_backbone_sweep_v1/intphys2__backbone_sweep__v_jepa_2_1__vit_b_16__temporal_attn__layer_6/seed_102/layer_6/eval,results/verified_layerwise_probe_configs.csv,59,,,,artifact metrics read from train_eval_summary.json
backbone_sweep_attentive,results/seed_runs/layerwise_backbone_sweep_attentive_seed_results_long.csv,intphys2__backbone_sweep__v_jepa_2_1__vit_b_16__temporal_attn__layer_9,intphys2__backbone_sweep__v_jepa_2_1__vit_b_16__temporal_attn__layer_9__seed_101,IntPhys2,intphys2,backbone_sweep,V-JEPA 2.1,ViT-B/16,Attentive,temporal_attn,9,9,101,artifact,complete,voe_accuracy,voe_accuracy,23.84106,50.496689,13.72549,52.45098,13.72549,50,25,90,true,true,artifacts/probes/intphys2/seed_runs_layerwise_backbone_sweep_v1/intphys2__backbone_sweep__v_jepa_2_1__vit_b_16__temporal_attn__layer_9/seed_101/train_eval_summary.json,artifacts/probes/intphys2/seed_runs_layerwise_backbone_sweep_v1/intphys2__backbone_sweep__v_jepa_2_1__vit_b_16__temporal_attn__layer_9/seed_101/layer_9/eval,results/verified_layerwise_probe_configs.csv,60,,,,artifact metrics read from train_eval_summary.json
backbone_sweep_attentive,results/seed_runs/layerwise_backbone_sweep_attentive_seed_results_long.csv,intphys2__backbone_sweep__v_jepa_2_1__vit_b_16__temporal_attn__layer_9,intphys2__backbone_sweep__v_jepa_2_1__vit_b_16__temporal_attn__layer_9__seed_102,IntPhys2,intphys2,backbone_sweep,V-JEPA 2.1,ViT-B/16,Attentive,temporal_attn,9,9,102,artifact,complete,voe_accuracy,voe_accuracy,34.437086,50.827815,29.411765,51.470588,23.529412,49.509804,32,90,true,true,artifacts/probes/intphys2/seed_runs_layerwise_backbone_sweep_v1/intphys2__backbone_sweep__v_jepa_2_1__vit_b_16__temporal_attn__layer_9/seed_102/train_eval_summary.json,artifacts/probes/intphys2/seed_runs_layerwise_backbone_sweep_v1/intphys2__backbone_sweep__v_jepa_2_1__vit_b_16__temporal_attn__layer_9/seed_102/layer_9/eval,results/verified_layerwise_probe_configs.csv,60,,,,artifact metrics read from train_eval_summary.json
backbone_sweep_attentive,results/seed_runs/layerwise_backbone_sweep_attentive_seed_results_long.csv,intphys2__backbone_sweep__v_jepa_2_1__vit_b_16__temporal_attn__layer_12,intphys2__backbone_sweep__v_jepa_2_1__vit_b_16__temporal_attn__layer_12__seed_101,IntPhys2,intphys2,backbone_sweep,V-JEPA 2.1,ViT-B/16,Attentive,temporal_attn,12,12,101,artifact,complete,voe_accuracy,voe_accuracy,74.834437,83.609272,64.705882,74.509804,56.862745,71.568627,58,90,true,true,artifacts/probes/intphys2/seed_runs_layerwise_backbone_sweep_v1/intphys2__backbone_sweep__v_jepa_2_1__vit_b_16__temporal_attn__layer_12/seed_101/train_eval_summary.json,artifacts/probes/intphys2/seed_runs_layerwise_backbone_sweep_v1/intphys2__backbone_sweep__v_jepa_2_1__vit_b_16__temporal_attn__layer_12/seed_101/layer_12/eval,results/verified_layerwise_probe_configs.csv,61,,,,artifact metrics read from train_eval_summary.json
backbone_sweep_attentive,results/seed_runs/layerwise_backbone_sweep_attentive_seed_results_long.csv,intphys2__backbone_sweep__v_jepa_2_1__vit_b_16__temporal_attn__layer_12,intphys2__backbone_sweep__v_jepa_2_1__vit_b_16__temporal_attn__layer_12__seed_102,IntPhys2,intphys2,backbone_sweep,V-JEPA 2.1,ViT-B/16,Attentive,temporal_attn,12,12,102,artifact,complete,voe_accuracy,voe_accuracy,95.364238,93.874172,45.098039,69.117647,49.019608,67.647059,67,90,true,true,artifacts/probes/intphys2/seed_runs_layerwise_backbone_sweep_v1/intphys2__backbone_sweep__v_jepa_2_1__vit_b_16__temporal_attn__layer_12/seed_102/train_eval_summary.json,artifacts/probes/intphys2/seed_runs_layerwise_backbone_sweep_v1/intphys2__backbone_sweep__v_jepa_2_1__vit_b_16__temporal_attn__layer_12/seed_102/layer_12/eval,results/verified_layerwise_probe_configs.csv,61,,,,artifact metrics read from train_eval_summary.json
backbone_sweep_attentive,results/seed_runs/layerwise_backbone_sweep_attentive_seed_results_long.csv,intphys2__backbone_sweep__v_jepa_2_1__vit_g_16__temporal_attn__layer_10,intphys2__backbone_sweep__v_jepa_2_1__vit_g_16__temporal_attn__layer_10__seed_101,IntPhys2,intphys2,backbone_sweep,V-JEPA 2.1,ViT-G/16,Attentive,temporal_attn,10,10,101,artifact,complete,voe_accuracy,voe_accuracy,19.86755,52.980132,15.686275,54.411765,21.568627,57.843137,36,90,true,true,artifacts/probes/intphys2/seed_runs_layerwise_backbone_sweep_v1/intphys2__backbone_sweep__v_jepa_2_1__vit_g_16__temporal_attn__layer_10/seed_101/train_eval_summary.json,artifacts/probes/intphys2/seed_runs_layerwise_backbone_sweep_v1/intphys2__backbone_sweep__v_jepa_2_1__vit_g_16__temporal_attn__layer_10/seed_101/layer_10/eval,results/verified_layerwise_probe_configs.csv,82,,,,artifact metrics read from train_eval_summary.json
backbone_sweep_attentive,results/seed_runs/layerwise_backbone_sweep_attentive_seed_results_long.csv,intphys2__backbone_sweep__v_jepa_2_1__vit_g_16__temporal_attn__layer_10,intphys2__backbone_sweep__v_jepa_2_1__vit_g_16__temporal_attn__layer_10__seed_102,IntPhys2,intphys2,backbone_sweep,V-JEPA 2.1,ViT-G/16,Attentive,temporal_attn,10,10,102,artifact,complete,voe_accuracy,voe_accuracy,15.89404,52.483444,15.686275,53.431373,19.607843,54.901961,31,90,true,true,artifacts/probes/intphys2/seed_runs_layerwise_backbone_sweep_v1/intphys2__backbone_sweep__v_jepa_2_1__vit_g_16__temporal_attn__layer_10/seed_102/train_eval_summary.json,artifacts/probes/intphys2/seed_runs_layerwise_backbone_sweep_v1/intphys2__backbone_sweep__v_jepa_2_1__vit_g_16__temporal_attn__layer_10/seed_102/layer_10/eval,results/verified_layerwise_probe_configs.csv,82,,,,artifact metrics read from train_eval_summary.json
backbone_sweep_attentive,results/seed_runs/layerwise_backbone_sweep_attentive_seed_results_long.csv,intphys2__backbone_sweep__v_jepa_2_1__vit_g_16__temporal_attn__layer_20,intphys2__backbone_sweep__v_jepa_2_1__vit_g_16__temporal_attn__layer_20__seed_101,IntPhys2,intphys2,backbone_sweep,V-JEPA 2.1,ViT-G/16,Attentive,temporal_attn,20,20,101,artifact,complete,voe_accuracy,voe_accuracy,94.039735,87.748344,50.980392,69.607843,49.019608,70.098039,75,90,true,true,artifacts/probes/intphys2/seed_runs_layerwise_backbone_sweep_v1/intphys2__backbone_sweep__v_jepa_2_1__vit_g_16__temporal_attn__layer_20/seed_101/train_eval_summary.json,artifacts/probes/intphys2/seed_runs_layerwise_backbone_sweep_v1/intphys2__backbone_sweep__v_jepa_2_1__vit_g_16__temporal_attn__layer_20/seed_101/layer_20/eval,results/verified_layerwise_probe_configs.csv,83,,,,artifact metrics read from train_eval_summary.json
backbone_sweep_attentive,results/seed_runs/layerwise_backbone_sweep_attentive_seed_results_long.csv,intphys2__backbone_sweep__v_jepa_2_1__vit_g_16__temporal_attn__layer_20,intphys2__backbone_sweep__v_jepa_2_1__vit_g_16__temporal_attn__layer_20__seed_102,IntPhys2,intphys2,backbone_sweep,V-JEPA 2.1,ViT-G/16,Attentive,temporal_attn,20,20,102,artifact,complete,voe_accuracy,voe_accuracy,64.900662,76.490066,47.058824,69.117647,47.058824,68.137255,58,90,true,true,artifacts/probes/intphys2/seed_runs_layerwise_backbone_sweep_v1/intphys2__backbone_sweep__v_jepa_2_1__vit_g_16__temporal_attn__layer_20/seed_102/train_eval_summary.json,artifacts/probes/intphys2/seed_runs_layerwise_backbone_sweep_v1/intphys2__backbone_sweep__v_jepa_2_1__vit_g_16__temporal_attn__layer_20/seed_102/layer_20/eval,results/verified_layerwise_probe_configs.csv,83,,,,artifact metrics read from train_eval_summary.json
backbone_sweep_attentive,results/seed_runs/layerwise_backbone_sweep_attentive_seed_results_long.csv,intphys2__backbone_sweep__v_jepa_2_1__vit_g_16__temporal_attn__layer_30,intphys2__backbone_sweep__v_jepa_2_1__vit_g_16__temporal_attn__layer_30__seed_101,IntPhys2,intphys2,backbone_sweep,V-JEPA 2.1,ViT-G/16,Attentive,temporal_attn,30,30,101,artifact,complete,voe_accuracy,voe_accuracy,84.10596,83.940397,58.823529,76.470588,50.980392,74.509804,57,90,true,true,artifacts/probes/intphys2/seed_runs_layerwise_backbone_sweep_v1/intphys2__backbone_sweep__v_jepa_2_1__vit_g_16__temporal_attn__layer_30/seed_101/train_eval_summary.json,artifacts/probes/intphys2/seed_runs_layerwise_backbone_sweep_v1/intphys2__backbone_sweep__v_jepa_2_1__vit_g_16__temporal_attn__layer_30/seed_101/layer_30/eval,results/verified_layerwise_probe_configs.csv,84,,,,artifact metrics read from train_eval_summary.json
backbone_sweep_attentive,results/seed_runs/layerwise_backbone_sweep_attentive_seed_results_long.csv,intphys2__backbone_sweep__v_jepa_2_1__vit_g_16__temporal_attn__layer_30,intphys2__backbone_sweep__v_jepa_2_1__vit_g_16__temporal_attn__layer_30__seed_102,IntPhys2,intphys2,backbone_sweep,V-JEPA 2.1,ViT-G/16,Attentive,temporal_attn,30,30,102,artifact,complete,voe_accuracy,voe_accuracy,97.350993,96.854305,56.862745,78.431373,62.745098,75.490196,90,90,false,true,artifacts/probes/intphys2/seed_runs_layerwise_backbone_sweep_v1/intphys2__backbone_sweep__v_jepa_2_1__vit_g_16__temporal_attn__layer_30/seed_102/train_eval_summary.json,artifacts/probes/intphys2/seed_runs_layerwise_backbone_sweep_v1/intphys2__backbone_sweep__v_jepa_2_1__vit_g_16__temporal_attn__layer_30/seed_102/layer_30/eval,results/verified_layerwise_probe_configs.csv,84,,,,artifact metrics read from train_eval_summary.json
backbone_sweep_attentive,results/seed_runs/layerwise_backbone_sweep_attentive_seed_results_long.csv,intphys2__backbone_sweep__v_jepa_2_1__vit_g_16__temporal_attn__layer_40,intphys2__backbone_sweep__v_jepa_2_1__vit_g_16__temporal_attn__layer_40__seed_101,IntPhys2,intphys2,backbone_sweep,V-JEPA 2.1,ViT-G/16,Attentive,temporal_attn,40,40,101,artifact,complete,voe_accuracy,voe_accuracy,96.02649,91.390728,64.705882,75.980392,68.627451,76.470588,56,90,true,true,artifacts/probes/intphys2/seed_runs_layerwise_backbone_sweep_v1/intphys2__backbone_sweep__v_jepa_2_1__vit_g_16__temporal_attn__layer_40/seed_101/train_eval_summary.json,artifacts/probes/intphys2/seed_runs_layerwise_backbone_sweep_v1/intphys2__backbone_sweep__v_jepa_2_1__vit_g_16__temporal_attn__layer_40/seed_101/layer_40/eval,results/verified_layerwise_probe_configs.csv,85,,,,artifact metrics read from train_eval_summary.json
backbone_sweep_attentive,results/seed_runs/layerwise_backbone_sweep_attentive_seed_results_long.csv,intphys2__backbone_sweep__v_jepa_2_1__vit_g_16__temporal_attn__layer_40,intphys2__backbone_sweep__v_jepa_2_1__vit_g_16__temporal_attn__layer_40__seed_102,IntPhys2,intphys2,backbone_sweep,V-JEPA 2.1,ViT-G/16,Attentive,temporal_attn,40,40,102,artifact,complete,voe_accuracy,voe_accuracy,75.496689,82.94702,50.980392,71.078431,64.705882,76.960784,42,90,true,true,artifacts/probes/intphys2/seed_runs_layerwise_backbone_sweep_v1/intphys2__backbone_sweep__v_jepa_2_1__vit_g_16__temporal_attn__layer_40/seed_102/train_eval_summary.json,artifacts/probes/intphys2/seed_runs_layerwise_backbone_sweep_v1/intphys2__backbone_sweep__v_jepa_2_1__vit_g_16__temporal_attn__layer_40/seed_102/layer_40/eval,results/verified_layerwise_probe_configs.csv,85,,,,artifact metrics read from train_eval_summary.json
backbone_sweep_attentive,results/seed_runs/layerwise_backbone_sweep_attentive_seed_results_long.csv,intphys2__backbone_sweep__videomae_v2__vit_b_16__temporal_attn__layer_3,intphys2__backbone_sweep__videomae_v2__vit_b_16__temporal_attn__layer_3__seed_101,IntPhys2,intphys2,backbone_sweep,VideoMAE-v2,ViT-B/16,Attentive,temporal_attn,3,3,101,artifact,complete,voe_accuracy,voe_accuracy,19.205298,48.84106,15.686275,54.411765,7.843137,51.960784,34,90,true,true,artifacts/probes/intphys2/seed_runs_layerwise_backbone_sweep_v1/intphys2__backbone_sweep__videomae_v2__vit_b_16__temporal_attn__layer_3/seed_101/train_eval_summary.json,artifacts/probes/intphys2/seed_runs_layerwise_backbone_sweep_v1/intphys2__backbone_sweep__videomae_v2__vit_b_16__temporal_attn__layer_3/seed_101/layer_3/eval,results/verified_layerwise_probe_configs.csv,130,,,,artifact metrics read from train_eval_summary.json
backbone_sweep_attentive,results/seed_runs/layerwise_backbone_sweep_attentive_seed_results_long.csv,intphys2__backbone_sweep__videomae_v2__vit_b_16__temporal_attn__layer_3,intphys2__backbone_sweep__videomae_v2__vit_b_16__temporal_attn__layer_3__seed_102,IntPhys2,intphys2,backbone_sweep,VideoMAE-v2,ViT-B/16,Attentive,temporal_attn,3,3,102,artifact,complete,voe_accuracy,voe_accuracy,14.569536,50.827815,15.686275,52.941176,5.882353,45.588235,45,90,true,true,artifacts/probes/intphys2/seed_runs_layerwise_backbone_sweep_v1/intphys2__backbone_sweep__videomae_v2__vit_b_16__temporal_attn__layer_3/seed_102/train_eval_summary.json,artifacts/probes/intphys2/seed_runs_layerwise_backbone_sweep_v1/intphys2__backbone_sweep__videomae_v2__vit_b_16__temporal_attn__layer_3/seed_102/layer_3/eval,results/verified_layerwise_probe_configs.csv,130,,,,artifact metrics read from train_eval_summary.json
backbone_sweep_attentive,results/seed_runs/layerwise_backbone_sweep_attentive_seed_results_long.csv,intphys2__backbone_sweep__videomae_v2__vit_b_16__temporal_attn__layer_6,intphys2__backbone_sweep__videomae_v2__vit_b_16__temporal_attn__layer_6__seed_101,IntPhys2,intphys2,backbone_sweep,VideoMAE-v2,ViT-B/16,Attentive,temporal_attn,6,6,101,artifact,complete,voe_accuracy,voe_accuracy,19.86755,50.827815,19.607843,50.980392,11.764706,50,41,90,true,true,artifacts/probes/intphys2/seed_runs_layerwise_backbone_sweep_v1/intphys2__backbone_sweep__videomae_v2__vit_b_16__temporal_attn__layer_6/seed_101/train_eval_summary.json,artifacts/probes/intphys2/seed_runs_layerwise_backbone_sweep_v1/intphys2__backbone_sweep__videomae_v2__vit_b_16__temporal_attn__layer_6/seed_101/layer_6/eval,results/verified_layerwise_probe_configs.csv,131,,,,artifact metrics read from train_eval_summary.json
backbone_sweep_attentive,results/seed_runs/layerwise_backbone_sweep_attentive_seed_results_long.csv,intphys2__backbone_sweep__videomae_v2__vit_b_16__temporal_attn__layer_6,intphys2__backbone_sweep__videomae_v2__vit_b_16__temporal_attn__layer_6__seed_102,IntPhys2,intphys2,backbone_sweep,VideoMAE-v2,ViT-B/16,Attentive,temporal_attn,6,6,102,artifact,complete,voe_accuracy,voe_accuracy,74.834437,80.794702,45.098039,70.588235,50.980392,64.215686,68,90,true,true,artifacts/probes/intphys2/seed_runs_layerwise_backbone_sweep_v1/intphys2__backbone_sweep__videomae_v2__vit_b_16__temporal_attn__layer_6/seed_102/train_eval_summary.json,artifacts/probes/intphys2/seed_runs_layerwise_backbone_sweep_v1/intphys2__backbone_sweep__videomae_v2__vit_b_16__temporal_attn__layer_6/seed_102/layer_6/eval,results/verified_layerwise_probe_configs.csv,131,,,,artifact metrics read from train_eval_summary.json
backbone_sweep_attentive,results/seed_runs/layerwise_backbone_sweep_attentive_seed_results_long.csv,intphys2__backbone_sweep__videomae_v2__vit_b_16__temporal_attn__layer_9,intphys2__backbone_sweep__videomae_v2__vit_b_16__temporal_attn__layer_9__seed_101,IntPhys2,intphys2,backbone_sweep,VideoMAE-v2,ViT-B/16,Attentive,temporal_attn,9,9,101,artifact,complete,voe_accuracy,voe_accuracy,88.741722,88.741722,47.058824,70.588235,54.901961,67.156863,47,90,true,true,artifacts/probes/intphys2/seed_runs_layerwise_backbone_sweep_v1/intphys2__backbone_sweep__videomae_v2__vit_b_16__temporal_attn__layer_9/seed_101/train_eval_summary.json,artifacts/probes/intphys2/seed_runs_layerwise_backbone_sweep_v1/intphys2__backbone_sweep__videomae_v2__vit_b_16__temporal_attn__layer_9/seed_101/layer_9/eval,results/verified_layerwise_probe_configs.csv,132,,,,artifact metrics read from train_eval_summary.json
backbone_sweep_attentive,results/seed_runs/layerwise_backbone_sweep_attentive_seed_results_long.csv,intphys2__backbone_sweep__videomae_v2__vit_b_16__temporal_attn__layer_9,intphys2__backbone_sweep__videomae_v2__vit_b_16__temporal_attn__layer_9__seed_102,IntPhys2,intphys2,backbone_sweep,VideoMAE-v2,ViT-B/16,Attentive,temporal_attn,9,9,102,artifact,complete,voe_accuracy,voe_accuracy,88.07947,89.569536,47.058824,73.529412,54.901961,70.588235,48,90,true,true,artifacts/probes/intphys2/seed_runs_layerwise_backbone_sweep_v1/intphys2__backbone_sweep__videomae_v2__vit_b_16__temporal_attn__layer_9/seed_102/train_eval_summary.json,artifacts/probes/intphys2/seed_runs_layerwise_backbone_sweep_v1/intphys2__backbone_sweep__videomae_v2__vit_b_16__temporal_attn__layer_9/seed_102/layer_9/eval,results/verified_layerwise_probe_configs.csv,132,,,,artifact metrics read from train_eval_summary.json
backbone_sweep_attentive,results/seed_runs/layerwise_backbone_sweep_attentive_seed_results_long.csv,intphys2__backbone_sweep__videomae_v2__vit_b_16__temporal_attn__layer_12,intphys2__backbone_sweep__videomae_v2__vit_b_16__temporal_attn__layer_12__seed_101,IntPhys2,intphys2,backbone_sweep,VideoMAE-v2,ViT-B/16,Attentive,temporal_attn,12,12,101,artifact,complete,voe_accuracy,voe_accuracy,88.07947,89.072848,45.098039,64.215686,37.254902,59.803922,41,90,true,true,artifacts/probes/intphys2/seed_runs_layerwise_backbone_sweep_v1/intphys2__backbone_sweep__videomae_v2__vit_b_16__temporal_attn__layer_12/seed_101/train_eval_summary.json,artifacts/probes/intphys2/seed_runs_layerwise_backbone_sweep_v1/intphys2__backbone_sweep__videomae_v2__vit_b_16__temporal_attn__layer_12/seed_101/layer_12/eval,results/verified_layerwise_probe_configs.csv,133,,,,artifact metrics read from train_eval_summary.json
backbone_sweep_attentive,results/seed_runs/layerwise_backbone_sweep_attentive_seed_results_long.csv,intphys2__backbone_sweep__videomae_v2__vit_b_16__temporal_attn__layer_12,intphys2__backbone_sweep__videomae_v2__vit_b_16__temporal_attn__layer_12__seed_102,IntPhys2,intphys2,backbone_sweep,VideoMAE-v2,ViT-B/16,Attentive,temporal_attn,12,12,102,artifact,complete,voe_accuracy,voe_accuracy,100,99.006623,47.058824,65.686275,35.294118,59.313725,60,90,true,true,artifacts/probes/intphys2/seed_runs_layerwise_backbone_sweep_v1/intphys2__backbone_sweep__videomae_v2__vit_b_16__temporal_attn__layer_12/seed_102/train_eval_summary.json,artifacts/probes/intphys2/seed_runs_layerwise_backbone_sweep_v1/intphys2__backbone_sweep__videomae_v2__vit_b_16__temporal_attn__layer_12/seed_102/layer_12/eval,results/verified_layerwise_probe_configs.csv,133,,,,artifact metrics read from train_eval_summary.json
backbone_sweep_attentive,results/seed_runs/layerwise_backbone_sweep_attentive_seed_results_long.csv,mvp__backbone_sweep__jepa_v2_1__vitb_384__temporal_attn__layer_3,mvp__backbone_sweep__jepa_v2_1__vitb_384__temporal_attn__layer_3__seed_101,MVP,mvp,backbone_sweep,V-JEPA 2.1,ViT-B/16,Attentive,temporal_attn,3,3,101,artifact,complete,pair_consistency,pair_consistency,62.630691,80.573356,50.556117,72.548028,48.634985,70.677452,23,30,true,true,artifacts/probes/mvp/seed_runs_layerwise_backbone_sweep_v1/mvp__backbone_sweep__jepa_v2_1__vitb_384__temporal_attn__layer_3/seed_101/train_eval_summary.json,artifacts/probes/mvp/seed_runs_layerwise_backbone_sweep_v1/mvp__backbone_sweep__jepa_v2_1__vitb_384__temporal_attn__layer_3/seed_101/layer_3/eval,results/verified_layerwise_probe_configs.csv,382,,,,artifact metrics read from train_eval_summary.json
backbone_sweep_attentive,results/seed_runs/layerwise_backbone_sweep_attentive_seed_results_long.csv,mvp__backbone_sweep__jepa_v2_1__vitb_384__temporal_attn__layer_3,mvp__backbone_sweep__jepa_v2_1__vitb_384__temporal_attn__layer_3__seed_102,MVP,mvp,backbone_sweep,V-JEPA 2.1,ViT-B/16,Attentive,temporal_attn,3,3,102,artifact,complete,pair_consistency,pair_consistency,74.974705,87.234401,51.162791,71.48635,50.65723,70.879676,30,30,false,true,artifacts/probes/mvp/seed_runs_layerwise_backbone_sweep_v1/mvp__backbone_sweep__jepa_v2_1__vitb_384__temporal_attn__layer_3/seed_102/train_eval_summary.json,artifacts/probes/mvp/seed_runs_layerwise_backbone_sweep_v1/mvp__backbone_sweep__jepa_v2_1__vitb_384__temporal_attn__layer_3/seed_102/layer_3/eval,results/verified_layerwise_probe_configs.csv,382,,,,artifact metrics read from train_eval_summary.json
backbone_sweep_attentive,results/seed_runs/layerwise_backbone_sweep_attentive_seed_results_long.csv,mvp__backbone_sweep__jepa_v2_1__vitb_384__temporal_attn__layer_6,mvp__backbone_sweep__jepa_v2_1__vitb_384__temporal_attn__layer_6__seed_101,MVP,mvp,backbone_sweep,V-JEPA 2.1,ViT-B/16,Attentive,temporal_attn,6,6,101,artifact,complete,pair_consistency,pair_consistency,91.804384,95.767285,75.12639,85.490394,77.047523,86.400404,30,30,false,true,artifacts/probes/mvp/seed_runs_layerwise_backbone_sweep_v1/mvp__backbone_sweep__jepa_v2_1__vitb_384__temporal_attn__layer_6/seed_101/train_eval_summary.json,artifacts/probes/mvp/seed_runs_layerwise_backbone_sweep_v1/mvp__backbone_sweep__jepa_v2_1__vitb_384__temporal_attn__layer_6/seed_101/layer_6/eval,results/verified_layerwise_probe_configs.csv,383,,,,artifact metrics read from train_eval_summary.json
backbone_sweep_attentive,results/seed_runs/layerwise_backbone_sweep_attentive_seed_results_long.csv,mvp__backbone_sweep__jepa_v2_1__vitb_384__temporal_attn__layer_6,mvp__backbone_sweep__jepa_v2_1__vitb_384__temporal_attn__layer_6__seed_102,MVP,mvp,backbone_sweep,V-JEPA 2.1,ViT-B/16,Attentive,temporal_attn,6,6,102,artifact,complete,pair_consistency,pair_consistency,92.006745,95.969646,72.295248,84.074823,71.587462,83.518706,30,30,false,true,artifacts/probes/mvp/seed_runs_layerwise_backbone_sweep_v1/mvp__backbone_sweep__jepa_v2_1__vitb_384__temporal_attn__layer_6/seed_102/train_eval_summary.json,artifacts/probes/mvp/seed_runs_layerwise_backbone_sweep_v1/mvp__backbone_sweep__jepa_v2_1__vitb_384__temporal_attn__layer_6/seed_102/layer_6/eval,results/verified_layerwise_probe_configs.csv,383,,,,artifact metrics read from train_eval_summary.json
backbone_sweep_attentive,results/seed_runs/layerwise_backbone_sweep_attentive_seed_results_long.csv,mvp__backbone_sweep__jepa_v2_1__vitb_384__temporal_attn__layer_9,mvp__backbone_sweep__jepa_v2_1__vitb_384__temporal_attn__layer_9__seed_101,MVP,mvp,backbone_sweep,V-JEPA 2.1,ViT-B/16,Attentive,temporal_attn,9,9,101,artifact,complete,pair_consistency,pair_consistency,91.63575,95.801012,83.822042,91.253792,82.305359,90.293225,30,30,false,true,artifacts/probes/mvp/seed_runs_layerwise_backbone_sweep_v1/mvp__backbone_sweep__jepa_v2_1__vitb_384__temporal_attn__layer_9/seed_101/train_eval_summary.json,artifacts/probes/mvp/seed_runs_layerwise_backbone_sweep_v1/mvp__backbone_sweep__jepa_v2_1__vitb_384__temporal_attn__layer_9/seed_101/layer_9/eval,results/verified_layerwise_probe_configs.csv,384,,,,artifact metrics read from train_eval_summary.json
backbone_sweep_attentive,results/seed_runs/layerwise_backbone_sweep_attentive_seed_results_long.csv,mvp__backbone_sweep__jepa_v2_1__vitb_384__temporal_attn__layer_9,mvp__backbone_sweep__jepa_v2_1__vitb_384__temporal_attn__layer_9__seed_102,MVP,mvp,backbone_sweep,V-JEPA 2.1,ViT-B/16,Attentive,temporal_attn,9,9,102,artifact,complete,pair_consistency,pair_consistency,87.790894,93.709949,82.002022,89.888777,80.889788,88.827098,23,30,true,true,artifacts/probes/mvp/seed_runs_layerwise_backbone_sweep_v1/mvp__backbone_sweep__jepa_v2_1__vitb_384__temporal_attn__layer_9/seed_102/train_eval_summary.json,artifacts/probes/mvp/seed_runs_layerwise_backbone_sweep_v1/mvp__backbone_sweep__jepa_v2_1__vitb_384__temporal_attn__layer_9/seed_102/layer_9/eval,results/verified_layerwise_probe_configs.csv,384,,,,artifact metrics read from train_eval_summary.json
backbone_sweep_attentive,results/seed_runs/layerwise_backbone_sweep_attentive_seed_results_long.csv,mvp__backbone_sweep__jepa_v2_1__vitb_384__temporal_attn__layer_12,mvp__backbone_sweep__jepa_v2_1__vitb_384__temporal_attn__layer_12__seed_101,MVP,mvp,backbone_sweep,V-JEPA 2.1,ViT-B/16,Attentive,temporal_attn,12,12,101,artifact,complete,pair_consistency,pair_consistency,93.423272,96.694772,88.776542,94.236603,89.282103,94.388271,30,30,false,true,artifacts/probes/mvp/seed_runs_layerwise_backbone_sweep_v1/mvp__backbone_sweep__jepa_v2_1__vitb_384__temporal_attn__layer_12/seed_101/train_eval_summary.json,artifacts/probes/mvp/seed_runs_layerwise_backbone_sweep_v1/mvp__backbone_sweep__jepa_v2_1__vitb_384__temporal_attn__layer_12/seed_101/layer_12/eval,results/verified_layerwise_probe_configs.csv,385,,,,artifact metrics read from train_eval_summary.json
backbone_sweep_attentive,results/seed_runs/layerwise_backbone_sweep_attentive_seed_results_long.csv,mvp__backbone_sweep__jepa_v2_1__vitb_384__temporal_attn__layer_12,mvp__backbone_sweep__jepa_v2_1__vitb_384__temporal_attn__layer_12__seed_102,MVP,mvp,backbone_sweep,V-JEPA 2.1,ViT-B/16,Attentive,temporal_attn,12,12,102,artifact,complete,pair_consistency,pair_consistency,97.875211,98.920742,91.708797,95.449949,89.686552,94.287159,30,30,false,true,artifacts/probes/mvp/seed_runs_layerwise_backbone_sweep_v1/mvp__backbone_sweep__jepa_v2_1__vitb_384__temporal_attn__layer_12/seed_102/train_eval_summary.json,artifacts/probes/mvp/seed_runs_layerwise_backbone_sweep_v1/mvp__backbone_sweep__jepa_v2_1__vitb_384__temporal_attn__layer_12/seed_102/layer_12/eval,results/verified_layerwise_probe_configs.csv,385,,,,artifact metrics read from train_eval_summary.json
backbone_sweep_attentive,results/seed_runs/layerwise_backbone_sweep_attentive_seed_results_long.csv,mvp__backbone_sweep__jepa_v2_1__vitg_384__temporal_attn__layer_10,mvp__backbone_sweep__jepa_v2_1__vitg_384__temporal_attn__layer_10__seed_101,MVP,mvp,backbone_sweep,V-JEPA 2.1,ViT-G/16,Attentive,temporal_attn,10,10,101,artifact,complete,pair_consistency,pair_consistency,75.042159,86.728499,53.892821,73.154702,54.903943,74.115268,30,30,false,true,artifacts/probes/mvp/seed_runs_layerwise_backbone_sweep_v1/mvp__backbone_sweep__jepa_v2_1__vitg_384__temporal_attn__layer_10/seed_101/train_eval_summary.json,artifacts/probes/mvp/seed_runs_layerwise_backbone_sweep_v1/mvp__backbone_sweep__jepa_v2_1__vitg_384__temporal_attn__layer_10/seed_101/layer_10/eval,results/verified_layerwise_probe_configs.csv,406,,,,artifact metrics read from train_eval_summary.json
backbone_sweep_attentive,results/seed_runs/layerwise_backbone_sweep_attentive_seed_results_long.csv,mvp__backbone_sweep__jepa_v2_1__vitg_384__temporal_attn__layer_10,mvp__backbone_sweep__jepa_v2_1__vitg_384__temporal_attn__layer_10__seed_102,MVP,mvp,backbone_sweep,V-JEPA 2.1,ViT-G/16,Attentive,temporal_attn,10,10,102,artifact,complete,pair_consistency,pair_consistency,70.725126,84.182125,50.252781,70.728008,48.736097,69.868554,30,30,false,true,artifacts/probes/mvp/seed_runs_layerwise_backbone_sweep_v1/mvp__backbone_sweep__jepa_v2_1__vitg_384__temporal_attn__layer_10/seed_102/train_eval_summary.json,artifacts/probes/mvp/seed_runs_layerwise_backbone_sweep_v1/mvp__backbone_sweep__jepa_v2_1__vitg_384__temporal_attn__layer_10/seed_102/layer_10/eval,results/verified_layerwise_probe_configs.csv,406,,,,artifact metrics read from train_eval_summary.json
backbone_sweep_attentive,results/seed_runs/layerwise_backbone_sweep_attentive_seed_results_long.csv,mvp__backbone_sweep__jepa_v2_1__vitg_384__temporal_attn__layer_20,mvp__backbone_sweep__jepa_v2_1__vitg_384__temporal_attn__layer_20__seed_101,MVP,mvp,backbone_sweep,V-JEPA 2.1,ViT-G/16,Attentive,temporal_attn,20,20,101,artifact,complete,pair_consistency,pair_consistency,84.586847,91.500843,74.924166,85.490394,76.541962,86.804853,30,30,false,true,artifacts/probes/mvp/seed_runs_layerwise_backbone_sweep_v1/mvp__backbone_sweep__jepa_v2_1__vitg_384__temporal_attn__layer_20/seed_101/train_eval_summary.json,artifacts/probes/mvp/seed_runs_layerwise_backbone_sweep_v1/mvp__backbone_sweep__jepa_v2_1__vitg_384__temporal_attn__layer_20/seed_101/layer_20/eval,results/verified_layerwise_probe_configs.csv,407,,,,artifact metrics read from train_eval_summary.json
backbone_sweep_attentive,results/seed_runs/layerwise_backbone_sweep_attentive_seed_results_long.csv,mvp__backbone_sweep__jepa_v2_1__vitg_384__temporal_attn__layer_20,mvp__backbone_sweep__jepa_v2_1__vitg_384__temporal_attn__layer_20__seed_102,MVP,mvp,backbone_sweep,V-JEPA 2.1,ViT-G/16,Attentive,temporal_attn,20,20,102,artifact,complete,pair_consistency,pair_consistency,83.001686,90.758853,77.553084,87.310415,75.12639,86.046512,30,30,false,true,artifacts/probes/mvp/seed_runs_layerwise_backbone_sweep_v1/mvp__backbone_sweep__jepa_v2_1__vitg_384__temporal_attn__layer_20/seed_102/train_eval_summary.json,artifacts/probes/mvp/seed_runs_layerwise_backbone_sweep_v1/mvp__backbone_sweep__jepa_v2_1__vitg_384__temporal_attn__layer_20/seed_102/layer_20/eval,results/verified_layerwise_probe_configs.csv,407,,,,artifact metrics read from train_eval_summary.json
backbone_sweep_attentive,results/seed_runs/layerwise_backbone_sweep_attentive_seed_results_long.csv,mvp__backbone_sweep__jepa_v2_1__vitg_384__temporal_attn__layer_30,mvp__backbone_sweep__jepa_v2_1__vitg_384__temporal_attn__layer_30__seed_101,MVP,mvp,backbone_sweep,V-JEPA 2.1,ViT-G/16,Attentive,temporal_attn,30,30,101,artifact,complete,pair_consistency,pair_consistency,82.765599,90.809444,72.901921,84.125379,70.273003,83.013145,30,30,false,true,artifacts/probes/mvp/seed_runs_layerwise_backbone_sweep_v1/mvp__backbone_sweep__jepa_v2_1__vitg_384__temporal_attn__layer_30/seed_101/train_eval_summary.json,artifacts/probes/mvp/seed_runs_layerwise_backbone_sweep_v1/mvp__backbone_sweep__jepa_v2_1__vitg_384__temporal_attn__layer_30/seed_101/layer_30/eval,results/verified_layerwise_probe_configs.csv,408,,,,artifact metrics read from train_eval_summary.json
backbone_sweep_attentive,results/seed_runs/layerwise_backbone_sweep_attentive_seed_results_long.csv,mvp__backbone_sweep__jepa_v2_1__vitg_384__temporal_attn__layer_30,mvp__backbone_sweep__jepa_v2_1__vitg_384__temporal_attn__layer_30__seed_102,MVP,mvp,backbone_sweep,V-JEPA 2.1,ViT-G/16,Attentive,temporal_attn,30,30,102,artifact,complete,pair_consistency,pair_consistency,96.323777,98.010118,92.31547,95.803842,90.49545,94.641052,30,30,false,true,artifacts/probes/mvp/seed_runs_layerwise_backbone_sweep_v1/mvp__backbone_sweep__jepa_v2_1__vitg_384__temporal_attn__layer_30/seed_102/train_eval_summary.json,artifacts/probes/mvp/seed_runs_layerwise_backbone_sweep_v1/mvp__backbone_sweep__jepa_v2_1__vitg_384__temporal_attn__layer_30/seed_102/layer_30/eval,results/verified_layerwise_probe_configs.csv,408,,,,artifact metrics read from train_eval_summary.json
backbone_sweep_attentive,results/seed_runs/layerwise_backbone_sweep_attentive_seed_results_long.csv,mvp__backbone_sweep__jepa_v2_1__vitg_384__temporal_attn__layer_40,mvp__backbone_sweep__jepa_v2_1__vitg_384__temporal_attn__layer_40__seed_101,MVP,mvp,backbone_sweep,V-JEPA 2.1,ViT-G/16,Attentive,temporal_attn,40,40,101,artifact,complete,pair_consistency,pair_consistency,94.064081,96.897133,88.574317,93.377149,84.934277,91.456016,30,30,false,true,artifacts/probes/mvp/seed_runs_layerwise_backbone_sweep_v1/mvp__backbone_sweep__jepa_v2_1__vitg_384__temporal_attn__layer_40/seed_101/train_eval_summary.json,artifacts/probes/mvp/seed_runs_layerwise_backbone_sweep_v1/mvp__backbone_sweep__jepa_v2_1__vitg_384__temporal_attn__layer_40/seed_101/layer_40/eval,results/verified_layerwise_probe_configs.csv,409,,,,artifact metrics read from train_eval_summary.json
backbone_sweep_attentive,results/seed_runs/layerwise_backbone_sweep_attentive_seed_results_long.csv,mvp__backbone_sweep__jepa_v2_1__vitg_384__temporal_attn__layer_40,mvp__backbone_sweep__jepa_v2_1__vitg_384__temporal_attn__layer_40__seed_102,MVP,mvp,backbone_sweep,V-JEPA 2.1,ViT-G/16,Attentive,temporal_attn,40,40,102,artifact,complete,pair_consistency,pair_consistency,95.210793,97.537943,93.326593,96.461072,91.304348,95.298281,30,30,true,true,artifacts/probes/mvp/seed_runs_layerwise_backbone_sweep_v1/mvp__backbone_sweep__jepa_v2_1__vitg_384__temporal_attn__layer_40/seed_102/train_eval_summary.json,artifacts/probes/mvp/seed_runs_layerwise_backbone_sweep_v1/mvp__backbone_sweep__jepa_v2_1__vitg_384__temporal_attn__layer_40/seed_102/layer_40/eval,results/verified_layerwise_probe_configs.csv,409,,,,artifact metrics read from train_eval_summary.json
backbone_sweep_attentive,results/seed_runs/layerwise_backbone_sweep_attentive_seed_results_long.csv,mvp__backbone_sweep__videomae_v2__vit_base_16_224__temporal_attn__layer_3,mvp__backbone_sweep__videomae_v2__vit_base_16_224__temporal_attn__layer_3__seed_101,MVP,mvp,backbone_sweep,VideoMAE-v2,ViT-B/16,Attentive,temporal_attn,3,3,101,artifact,complete,pair_consistency,pair_consistency,81.821248,90.657673,68.857432,82.608696,71.284125,83.822042,30,30,true,true,artifacts/probes/mvp/seed_runs_layerwise_backbone_sweep_v1/mvp__backbone_sweep__videomae_v2__vit_base_16_224__temporal_attn__layer_3/seed_101/train_eval_summary.json,artifacts/probes/mvp/seed_runs_layerwise_backbone_sweep_v1/mvp__backbone_sweep__videomae_v2__vit_base_16_224__temporal_attn__layer_3/seed_101/layer_3/eval,results/verified_layerwise_probe_configs.csv,454,,,,artifact metrics read from train_eval_summary.json
backbone_sweep_attentive,results/seed_runs/layerwise_backbone_sweep_attentive_seed_results_long.csv,mvp__backbone_sweep__videomae_v2__vit_base_16_224__temporal_attn__layer_3,mvp__backbone_sweep__videomae_v2__vit_base_16_224__temporal_attn__layer_3__seed_102,MVP,mvp,backbone_sweep,VideoMAE-v2,ViT-B/16,Attentive,temporal_attn,3,3,102,artifact,complete,pair_consistency,pair_consistency,89.983137,94.738617,70.980789,82.457027,70.273003,82.81092,30,30,false,true,artifacts/probes/mvp/seed_runs_layerwise_backbone_sweep_v1/mvp__backbone_sweep__videomae_v2__vit_base_16_224__temporal_attn__layer_3/seed_102/train_eval_summary.json,artifacts/probes/mvp/seed_runs_layerwise_backbone_sweep_v1/mvp__backbone_sweep__videomae_v2__vit_base_16_224__temporal_attn__layer_3/seed_102/layer_3/eval,results/verified_layerwise_probe_configs.csv,454,,,,artifact metrics read from train_eval_summary.json
backbone_sweep_attentive,results/seed_runs/layerwise_backbone_sweep_attentive_seed_results_long.csv,mvp__backbone_sweep__videomae_v2__vit_base_16_224__temporal_attn__layer_6,mvp__backbone_sweep__videomae_v2__vit_base_16_224__temporal_attn__layer_6__seed_101,MVP,mvp,backbone_sweep,VideoMAE-v2,ViT-B/16,Attentive,temporal_attn,6,6,101,artifact,complete,pair_consistency,pair_consistency,90.556492,94.856661,78.159757,87.462083,76.643074,85.995956,30,30,false,true,artifacts/probes/mvp/seed_runs_layerwise_backbone_sweep_v1/mvp__backbone_sweep__videomae_v2__vit_base_16_224__temporal_attn__layer_6/seed_101/train_eval_summary.json,artifacts/probes/mvp/seed_runs_layerwise_backbone_sweep_v1/mvp__backbone_sweep__videomae_v2__vit_base_16_224__temporal_attn__layer_6/seed_101/layer_6/eval,results/verified_layerwise_probe_configs.csv,455,,,,artifact metrics read from train_eval_summary.json
backbone_sweep_attentive,results/seed_runs/layerwise_backbone_sweep_attentive_seed_results_long.csv,mvp__backbone_sweep__videomae_v2__vit_base_16_224__temporal_attn__layer_6,mvp__backbone_sweep__videomae_v2__vit_base_16_224__temporal_attn__layer_6__seed_102,MVP,mvp,backbone_sweep,VideoMAE-v2,ViT-B/16,Attentive,temporal_attn,6,6,102,artifact,complete,pair_consistency,pair_consistency,85.733558,92.023609,75.12639,85.54095,73.104146,84.125379,30,30,false,true,artifacts/probes/mvp/seed_runs_layerwise_backbone_sweep_v1/mvp__backbone_sweep__videomae_v2__vit_base_16_224__temporal_attn__layer_6/seed_102/train_eval_summary.json,artifacts/probes/mvp/seed_runs_layerwise_backbone_sweep_v1/mvp__backbone_sweep__videomae_v2__vit_base_16_224__temporal_attn__layer_6/seed_102/layer_6/eval,results/verified_layerwise_probe_configs.csv,455,,,,artifact metrics read from train_eval_summary.json
backbone_sweep_attentive,results/seed_runs/layerwise_backbone_sweep_attentive_seed_results_long.csv,mvp__backbone_sweep__videomae_v2__vit_base_16_224__temporal_attn__layer_9,mvp__backbone_sweep__videomae_v2__vit_base_16_224__temporal_attn__layer_9__seed_101,MVP,mvp,backbone_sweep,VideoMAE-v2,ViT-B/16,Attentive,temporal_attn,9,9,101,artifact,complete,pair_consistency,pair_consistency,95.379427,97.521079,87.866532,93.326593,87.462083,92.922144,30,30,false,true,artifacts/probes/mvp/seed_runs_layerwise_backbone_sweep_v1/mvp__backbone_sweep__videomae_v2__vit_base_16_224__temporal_attn__layer_9/seed_101/train_eval_summary.json,artifacts/probes/mvp/seed_runs_layerwise_backbone_sweep_v1/mvp__backbone_sweep__videomae_v2__vit_base_16_224__temporal_attn__layer_9/seed_101/layer_9/eval,results/verified_layerwise_probe_configs.csv,456,,,,artifact metrics read from train_eval_summary.json
backbone_sweep_attentive,results/seed_runs/layerwise_backbone_sweep_attentive_seed_results_long.csv,mvp__backbone_sweep__videomae_v2__vit_base_16_224__temporal_attn__layer_9,mvp__backbone_sweep__videomae_v2__vit_base_16_224__temporal_attn__layer_9__seed_102,MVP,mvp,backbone_sweep,VideoMAE-v2,ViT-B/16,Attentive,temporal_attn,9,9,102,artifact,complete,pair_consistency,pair_consistency,94.839798,97.386172,87.664307,93.326593,85.237614,91.961577,30,30,true,true,artifacts/probes/mvp/seed_runs_layerwise_backbone_sweep_v1/mvp__backbone_sweep__videomae_v2__vit_base_16_224__temporal_attn__layer_9/seed_102/train_eval_summary.json,artifacts/probes/mvp/seed_runs_layerwise_backbone_sweep_v1/mvp__backbone_sweep__videomae_v2__vit_base_16_224__temporal_attn__layer_9/seed_102/layer_9/eval,results/verified_layerwise_probe_configs.csv,456,,,,artifact metrics read from train_eval_summary.json
backbone_sweep_attentive,results/seed_runs/layerwise_backbone_sweep_attentive_seed_results_long.csv,mvp__backbone_sweep__videomae_v2__vit_base_16_224__temporal_attn__layer_12,mvp__backbone_sweep__videomae_v2__vit_base_16_224__temporal_attn__layer_12__seed_101,MVP,mvp,backbone_sweep,VideoMAE-v2,ViT-B/16,Attentive,temporal_attn,12,12,101,artifact,complete,pair_consistency,pair_consistency,95.514334,97.757167,67.037412,81.142568,68.857432,82.052578,30,30,false,true,artifacts/probes/mvp/seed_runs_layerwise_backbone_sweep_v1/mvp__backbone_sweep__videomae_v2__vit_base_16_224__temporal_attn__layer_12/seed_101/train_eval_summary.json,artifacts/probes/mvp/seed_runs_layerwise_backbone_sweep_v1/mvp__backbone_sweep__videomae_v2__vit_base_16_224__temporal_attn__layer_12/seed_101/layer_12/eval,results/verified_layerwise_probe_configs.csv,457,,,,artifact metrics read from train_eval_summary.json
backbone_sweep_attentive,results/seed_runs/layerwise_backbone_sweep_attentive_seed_results_long.csv,mvp__backbone_sweep__videomae_v2__vit_base_16_224__temporal_attn__layer_12,mvp__backbone_sweep__videomae_v2__vit_base_16_224__temporal_attn__layer_12__seed_102,MVP,mvp,backbone_sweep,VideoMAE-v2,ViT-B/16,Attentive,temporal_attn,12,12,102,artifact,complete,pair_consistency,pair_consistency,96.08769,98.026981,72.598584,83.872599,70.879676,82.861476,30,30,false,true,artifacts/probes/mvp/seed_runs_layerwise_backbone_sweep_v1/mvp__backbone_sweep__videomae_v2__vit_base_16_224__temporal_attn__layer_12/seed_102/train_eval_summary.json,artifacts/probes/mvp/seed_runs_layerwise_backbone_sweep_v1/mvp__backbone_sweep__videomae_v2__vit_base_16_224__temporal_attn__layer_12/seed_102/layer_12/eval,results/verified_layerwise_probe_configs.csv,457,,,,artifact metrics read from train_eval_summary.json
