config_id,run_id,dataset,dataset_hydra,experiment,model,backbone,probe,probe_hydra,layer,layer_label,seed,source,status,objective_metric_name,primary_metric_name,train_primary,train_accuracy,val_primary,val_accuracy,test_primary,test_accuracy,n_epochs,expected_epochs,early_stopped,expected_early_stopping,artifact_train_eval_summary,artifact_probe_eval_dir,source_csv_path,source_csv_line_number,source_excel_workbook,source_excel_sheet,source_excel_range,notes
intphys2__jepa_v1__linear__layer_32,intphys2__jepa_v1__linear__layer_32__seed_42,IntPhys2,intphys2,main,V-JEPA,ViT-H/16,Linear,linear,32,Final layer,42,source_csv,complete,voe_accuracy,voe_accuracy,64.238411,77.81457,47.058824,63.72549,47.058824,62.254902,,2000,,true,,,results/verified_layerwise_probe_configs.csv,14,intphys_primary_db.xlsx,V-JEPA,N3:X3,seed 42 read from source CSV metrics
intphys2__jepa_v1__linear__layer_8,intphys2__jepa_v1__linear__layer_8__seed_42,IntPhys2,intphys2,main,V-JEPA,ViT-H/16,Linear,linear,8,Layer 0.25,42,source_csv,complete,voe_accuracy,voe_accuracy,19.86755,52.152318,25.490196,54.411765,13.72549,50.980392,,100,,true,,,results/verified_layerwise_probe_configs.csv,15,intphys_primary_db.xlsx,V-JEPA,N4:X4,seed 42 read from source CSV metrics
intphys2__jepa_v1__linear__layer_16,intphys2__jepa_v1__linear__layer_16__seed_42,IntPhys2,intphys2,main,V-JEPA,ViT-H/16,Linear,linear,16,Layer 0.5,42,source_csv,complete,voe_accuracy,voe_accuracy,57.615894,75.165563,47.058824,60.294118,37.254902,59.313725,,2000,,true,,,results/verified_layerwise_probe_configs.csv,16,intphys_primary_db.xlsx,V-JEPA,N5:X5,seed 42 read from source CSV metrics
intphys2__jepa_v1__linear__layer_24,intphys2__jepa_v1__linear__layer_24__seed_42,IntPhys2,intphys2,main,V-JEPA,ViT-H/16,Linear,linear,24,Layer 0.75,42,source_csv,complete,voe_accuracy,voe_accuracy,61.589404,67.218543,49.019608,63.235294,50.980392,59.313725,,100,,true,,,results/verified_layerwise_probe_configs.csv,17,intphys_primary_db.xlsx,V-JEPA,N6:X6,seed 42 read from source CSV metrics
intphys2__jepa_v1__mlp__layer_32,intphys2__jepa_v1__mlp__layer_32__seed_42,IntPhys2,intphys2,main,V-JEPA,ViT-H/16,MLP,mlp,32,Final layer,42,source_csv,complete,voe_accuracy,voe_accuracy,100,99.503311,54.901961,71.078431,45.098039,66.176471,,2000,,true,,,results/verified_layerwise_probe_configs.csv,18,intphys_primary_db.xlsx,V-JEPA,N7:X7,seed 42 read from source CSV metrics
intphys2__jepa_v1__mlp__layer_8,intphys2__jepa_v1__mlp__layer_8__seed_42,IntPhys2,intphys2,main,V-JEPA,ViT-H/16,MLP,mlp,8,Layer 0.25,42,source_csv,complete,voe_accuracy,voe_accuracy,33.112583,50.827815,21.568627,51.960784,15.686275,52.45098,,50,,true,,,results/verified_layerwise_probe_configs.csv,19,intphys_primary_db.xlsx,V-JEPA,N8:X8,seed 42 read from source CSV metrics
intphys2__jepa_v1__mlp__layer_16,intphys2__jepa_v1__mlp__layer_16__seed_42,IntPhys2,intphys2,main,V-JEPA,ViT-H/16,MLP,mlp,16,Layer 0.5,42,source_csv,complete,voe_accuracy,voe_accuracy,94.701987,94.205298,45.098039,63.235294,45.098039,65.196078,,2000,,true,,,results/verified_layerwise_probe_configs.csv,20,intphys_primary_db.xlsx,V-JEPA,N9:X9,seed 42 read from source CSV metrics
intphys2__jepa_v1__mlp__layer_24,intphys2__jepa_v1__mlp__layer_24__seed_42,IntPhys2,intphys2,main,V-JEPA,ViT-H/16,MLP,mlp,24,Layer 0.75,42,source_csv,complete,voe_accuracy,voe_accuracy,63.576159,67.880795,56.862745,63.72549,45.098039,63.72549,,100,,true,,,results/verified_layerwise_probe_configs.csv,21,intphys_primary_db.xlsx,V-JEPA,N10:X10,seed 42 read from source CSV metrics
intphys2__jepa_v2__linear__layer_40,intphys2__jepa_v2__linear__layer_40__seed_42,IntPhys2,intphys2,main,V-JEPA 2,ViT-G/16,Linear,linear,40,Final layer,42,source_csv,complete,voe_accuracy,voe_accuracy,60.927152,60.099338,39.215686,57.843137,41.176471,58.823529,,100,,true,,,results/verified_layerwise_probe_configs.csv,38,intphys_primary_db.xlsx,V-JEPA 2,N3:X3,seed 42 read from source CSV metrics
intphys2__jepa_v2__linear__layer_10,intphys2__jepa_v2__linear__layer_10__seed_42,IntPhys2,intphys2,main,V-JEPA 2,ViT-G/16,Linear,linear,10,Layer 0.25,42,source_csv,complete,voe_accuracy,voe_accuracy,21.192053,50.496689,23.529412,53.431373,13.72549,49.019608,,100,,true,,,results/verified_layerwise_probe_configs.csv,39,intphys_primary_db.xlsx,V-JEPA 2,N4:X4,seed 42 read from source CSV metrics
intphys2__jepa_v2__linear__layer_20,intphys2__jepa_v2__linear__layer_20__seed_42,IntPhys2,intphys2,main,V-JEPA 2,ViT-G/16,Linear,linear,20,Layer 0.5,42,source_csv,complete,voe_accuracy,voe_accuracy,42.384106,56.788079,23.529412,53.431373,25.490196,50.980392,,100,,true,,,results/verified_layerwise_probe_configs.csv,40,intphys_primary_db.xlsx,V-JEPA 2,N5:X5,seed 42 read from source CSV metrics
intphys2__jepa_v2__linear__layer_30,intphys2__jepa_v2__linear__layer_30__seed_42,IntPhys2,intphys2,main,V-JEPA 2,ViT-G/16,Linear,linear,30,Layer 0.75,42,source_csv,complete,voe_accuracy,voe_accuracy,46.357616,57.450331,33.333333,55.882353,37.254902,52.941176,,100,,true,,,results/verified_layerwise_probe_configs.csv,41,intphys_primary_db.xlsx,V-JEPA 2,N6:X6,seed 42 read from source CSV metrics
intphys2__jepa_v2__mlp__layer_40,intphys2__jepa_v2__mlp__layer_40__seed_42,IntPhys2,intphys2,main,V-JEPA 2,ViT-G/16,MLP,mlp,40,Final layer,42,source_csv,complete,voe_accuracy,voe_accuracy,100,97.516556,41.176471,64.215686,47.058824,59.313725,,2000,,true,,,results/verified_layerwise_probe_configs.csv,42,intphys_primary_db.xlsx,V-JEPA 2,N7:X7,seed 42 read from source CSV metrics
intphys2__jepa_v2__mlp__layer_10,intphys2__jepa_v2__mlp__layer_10__seed_42,IntPhys2,intphys2,main,V-JEPA 2,ViT-G/16,MLP,mlp,10,Layer 0.25,42,source_csv,complete,voe_accuracy,voe_accuracy,27.81457,51.15894,17.647059,52.941176,9.803922,50.490196,,2000,,true,,,results/verified_layerwise_probe_configs.csv,43,intphys_primary_db.xlsx,V-JEPA 2,N8:X8,seed 42 read from source CSV metrics
intphys2__jepa_v2__mlp__layer_20,intphys2__jepa_v2__mlp__layer_20__seed_42,IntPhys2,intphys2,main,V-JEPA 2,ViT-G/16,MLP,mlp,20,Layer 0.5,42,source_csv,complete,voe_accuracy,voe_accuracy,72.847682,77.317881,23.529412,56.372549,25.490196,54.901961,,2000,,true,,,results/verified_layerwise_probe_configs.csv,44,intphys_primary_db.xlsx,V-JEPA 2,N9:X9,seed 42 read from source CSV metrics
intphys2__jepa_v2__mlp__layer_30,intphys2__jepa_v2__mlp__layer_30__seed_42,IntPhys2,intphys2,main,V-JEPA 2,ViT-G/16,MLP,mlp,30,Layer 0.75,42,source_csv,complete,voe_accuracy,voe_accuracy,97.350993,82.781457,37.254902,63.235294,56.862745,63.235294,,2000,,true,,,results/verified_layerwise_probe_configs.csv,45,intphys_primary_db.xlsx,V-JEPA 2,N10:X10,seed 42 read from source CSV metrics
intphys2__jepa_v2_1__linear__layer_48,intphys2__jepa_v2_1__linear__layer_48__seed_42,IntPhys2,intphys2,main,V-JEPA 2.1,ViT-Gigantic/16,Linear,linear,48,Final layer,42,source_csv,complete,voe_accuracy,voe_accuracy,48.344371,69.039735,29.411765,58.333333,35.294118,58.823529,,100,,true,,,results/verified_layerwise_probe_configs.csv,86,intphys_primary_db.xlsx,V-JEPA 2.1,AN3:AX3,seed 42 read from source CSV metrics
intphys2__jepa_v2_1__linear__layer_12,intphys2__jepa_v2_1__linear__layer_12__seed_42,IntPhys2,intphys2,main,V-JEPA 2.1,ViT-Gigantic/16,Linear,linear,12,Layer 0.25,42,source_csv,complete,voe_accuracy,voe_accuracy,28.476821,57.119205,31.372549,54.901961,25.490196,55.882353,,100,,true,,,results/verified_layerwise_probe_configs.csv,87,intphys_primary_db.xlsx,V-JEPA 2.1,AN4:AX4,seed 42 read from source CSV metrics
intphys2__jepa_v2_1__linear__layer_24,intphys2__jepa_v2_1__linear__layer_24__seed_42,IntPhys2,intphys2,main,V-JEPA 2.1,ViT-Gigantic/16,Linear,linear,24,Layer 0.5,42,source_csv,complete,voe_accuracy,voe_accuracy,37.086093,56.291391,23.529412,55.882353,19.607843,55.392157,,100,,true,,,results/verified_layerwise_probe_configs.csv,88,intphys_primary_db.xlsx,V-JEPA 2.1,AN5:AX5,seed 42 read from source CSV metrics
intphys2__jepa_v2_1__linear__layer_38,intphys2__jepa_v2_1__linear__layer_38__seed_42,IntPhys2,intphys2,main,V-JEPA 2.1,ViT-Gigantic/16,Linear,linear,38,Layer 0.75,42,source_csv,complete,voe_accuracy,voe_accuracy,48.344371,61.092715,33.333333,55.882353,23.529412,52.941176,,100,,true,,,results/verified_layerwise_probe_configs.csv,89,intphys_primary_db.xlsx,V-JEPA 2.1,AN6:AX6,seed 42 read from source CSV metrics
intphys2__jepa_v2_1__mlp__layer_48,intphys2__jepa_v2_1__mlp__layer_48__seed_42,IntPhys2,intphys2,main,V-JEPA 2.1,ViT-Gigantic/16,MLP,mlp,48,Final layer,42,source_csv,complete,voe_accuracy,voe_accuracy,98.675497,97.18543,29.411765,62.254902,37.254902,63.235294,,2000,,true,,,results/verified_layerwise_probe_configs.csv,90,intphys_primary_db.xlsx,V-JEPA 2.1,AN7:AX7,seed 42 read from source CSV metrics
intphys2__jepa_v2_1__mlp__layer_12,intphys2__jepa_v2_1__mlp__layer_12__seed_42,IntPhys2,intphys2,main,V-JEPA 2.1,ViT-Gigantic/16,MLP,mlp,12,Layer 0.25,42,source_csv,complete,voe_accuracy,voe_accuracy,88.07947,87.913907,27.45098,58.333333,25.490196,56.862745,,2000,,true,,,results/verified_layerwise_probe_configs.csv,91,intphys_primary_db.xlsx,V-JEPA 2.1,AN8:AX8,seed 42 read from source CSV metrics
intphys2__jepa_v2_1__mlp__layer_24,intphys2__jepa_v2_1__mlp__layer_24__seed_42,IntPhys2,intphys2,main,V-JEPA 2.1,ViT-Gigantic/16,MLP,mlp,24,Layer 0.5,42,source_csv,complete,voe_accuracy,voe_accuracy,32.450331,53.642384,31.372549,54.901961,19.607843,56.862745,,50,,true,,,results/verified_layerwise_probe_configs.csv,92,intphys_primary_db.xlsx,V-JEPA 2.1,AN9:AX9,seed 42 read from source CSV metrics
intphys2__jepa_v2_1__mlp__layer_38,intphys2__jepa_v2_1__mlp__layer_38__seed_42,IntPhys2,intphys2,main,V-JEPA 2.1,ViT-Gigantic/16,MLP,mlp,38,Layer 0.75,42,source_csv,complete,voe_accuracy,voe_accuracy,100,99.337748,45.098039,61.764706,39.215686,57.352941,,2000,,true,,,results/verified_layerwise_probe_configs.csv,93,intphys_primary_db.xlsx,V-JEPA 2.1,AN10:AX10,seed 42 read from source CSV metrics
intphys2__videomae__linear__layer_32,intphys2__videomae__linear__layer_32__seed_42,IntPhys2,intphys2,main,VideoMAE,ViT-H/16,Linear,linear,32,Final layer,42,source_csv,complete,voe_accuracy,voe_accuracy,62.251656,66.059603,31.372549,57.352941,31.372549,54.901961,,1000,,true,,,results/verified_layerwise_probe_configs.csv,110,intphys_primary_db.xlsx,VideoMAE,N3:X3,seed 42 read from source CSV metrics
intphys2__videomae__linear__layer_8,intphys2__videomae__linear__layer_8__seed_42,IntPhys2,intphys2,main,VideoMAE,ViT-H/16,Linear,linear,8,Layer 0.25,42,source_csv,complete,voe_accuracy,voe_accuracy,15.89404,48.013245,19.607843,52.45098,13.72549,50,,50,,true,,,results/verified_layerwise_probe_configs.csv,111,intphys_primary_db.xlsx,VideoMAE,N4:X4,seed 42 read from source CSV metrics
intphys2__videomae__linear__layer_16,intphys2__videomae__linear__layer_16__seed_42,IntPhys2,intphys2,main,VideoMAE,ViT-H/16,Linear,linear,16,Layer 0.5,42,source_csv,complete,voe_accuracy,voe_accuracy,50.993377,65.728477,41.176471,60.784314,35.294118,58.333333,,2000,,true,,,results/verified_layerwise_probe_configs.csv,112,intphys_primary_db.xlsx,VideoMAE,N5:X5,seed 42 read from source CSV metrics
intphys2__videomae__linear__layer_24,intphys2__videomae__linear__layer_24__seed_42,IntPhys2,intphys2,main,VideoMAE,ViT-H/16,Linear,linear,24,Layer 0.75,42,source_csv,complete,voe_accuracy,voe_accuracy,54.966887,66.059603,39.215686,61.27451,35.294118,56.372549,,500,,true,,,results/verified_layerwise_probe_configs.csv,113,intphys_primary_db.xlsx,VideoMAE,N6:X6,seed 42 read from source CSV metrics
intphys2__videomae__mlp__layer_32,intphys2__videomae__mlp__layer_32__seed_42,IntPhys2,intphys2,main,VideoMAE,ViT-H/16,MLP,mlp,32,Final layer,42,source_csv,complete,voe_accuracy,voe_accuracy,73.509934,74.172185,29.411765,58.333333,29.411765,53.921569,,2000,,true,,,results/verified_layerwise_probe_configs.csv,114,intphys_primary_db.xlsx,VideoMAE,N7:X7,seed 42 read from source CSV metrics
intphys2__videomae__mlp__layer_8,intphys2__videomae__mlp__layer_8__seed_42,IntPhys2,intphys2,main,VideoMAE,ViT-H/16,MLP,mlp,8,Layer 0.25,42,source_csv,complete,voe_accuracy,voe_accuracy,21.192053,49.834437,15.686275,51.470588,17.647059,50.980392,,20,,true,,,results/verified_layerwise_probe_configs.csv,115,intphys_primary_db.xlsx,VideoMAE,N8:X8,seed 42 read from source CSV metrics
intphys2__videomae__mlp__layer_16,intphys2__videomae__mlp__layer_16__seed_42,IntPhys2,intphys2,main,VideoMAE,ViT-H/16,MLP,mlp,16,Layer 0.5,42,source_csv,complete,voe_accuracy,voe_accuracy,45.033113,51.490066,35.294118,53.921569,33.333333,51.960784,,50,,true,,,results/verified_layerwise_probe_configs.csv,116,intphys_primary_db.xlsx,VideoMAE,N9:X9,seed 42 read from source CSV metrics
intphys2__videomae__mlp__layer_24,intphys2__videomae__mlp__layer_24__seed_42,IntPhys2,intphys2,main,VideoMAE,ViT-H/16,MLP,mlp,24,Layer 0.75,42,source_csv,complete,voe_accuracy,voe_accuracy,100,95.198675,39.215686,64.215686,35.294118,59.803922,,2000,,true,,,results/verified_layerwise_probe_configs.csv,117,intphys_primary_db.xlsx,VideoMAE,N10:X10,seed 42 read from source CSV metrics
intphys2__videomae_v2__linear__layer_40,intphys2__videomae_v2__linear__layer_40__seed_42,IntPhys2,intphys2,main,VideoMAE-v2,ViT-G/16,Linear,linear,40,Final layer,42,source_csv,complete,voe_accuracy,voe_accuracy,62.251656,74.503311,29.411765,59.313725,47.058824,56.862745,,2000,,true,,,results/verified_layerwise_probe_configs.csv,146,intphys_primary_db.xlsx,VideoMAE-v2,AA3:AK3,seed 42 read from source CSV metrics
intphys2__videomae_v2__linear__layer_10,intphys2__videomae_v2__linear__layer_10__seed_42,IntPhys2,intphys2,main,VideoMAE-v2,ViT-G/16,Linear,linear,10,Layer 0.25,42,source_csv,complete,voe_accuracy,voe_accuracy,31.788079,53.807947,25.490196,52.941176,25.490196,53.431373,,100,,true,,,results/verified_layerwise_probe_configs.csv,147,intphys_primary_db.xlsx,VideoMAE-v2,AA4:AK4,seed 42 read from source CSV metrics
intphys2__videomae_v2__linear__layer_20,intphys2__videomae_v2__linear__layer_20__seed_42,IntPhys2,intphys2,main,VideoMAE-v2,ViT-G/16,Linear,linear,20,Layer 0.5,42,source_csv,complete,voe_accuracy,voe_accuracy,96.688742,95.033113,47.058824,63.72549,37.254902,59.313725,,2000,,true,,,results/verified_layerwise_probe_configs.csv,148,intphys_primary_db.xlsx,VideoMAE-v2,AA5:AK5,seed 42 read from source CSV metrics
intphys2__videomae_v2__linear__layer_30,intphys2__videomae_v2__linear__layer_30__seed_42,IntPhys2,intphys2,main,VideoMAE-v2,ViT-G/16,Linear,linear,30,Layer 0.75,42,source_csv,complete,voe_accuracy,voe_accuracy,59.602649,76.821192,39.215686,63.72549,41.176471,58.823529,,2000,,true,,,results/verified_layerwise_probe_configs.csv,149,intphys_primary_db.xlsx,VideoMAE-v2,AA6:AK6,seed 42 read from source CSV metrics
intphys2__videomae_v2__mlp__layer_40,intphys2__videomae_v2__mlp__layer_40__seed_42,IntPhys2,intphys2,main,VideoMAE-v2,ViT-G/16,MLP,mlp,40,Final layer,42,source_csv,complete,voe_accuracy,voe_accuracy,37.748344,52.152318,33.333333,51.470588,37.254902,52.45098,,100,,true,,,results/verified_layerwise_probe_configs.csv,150,intphys_primary_db.xlsx,VideoMAE-v2,AA7:AK7,seed 42 read from source CSV metrics
intphys2__videomae_v2__mlp__layer_10,intphys2__videomae_v2__mlp__layer_10__seed_42,IntPhys2,intphys2,main,VideoMAE-v2,ViT-G/16,MLP,mlp,10,Layer 0.25,42,source_csv,complete,voe_accuracy,voe_accuracy,92.05298,93.377483,31.372549,57.843137,31.372549,59.803922,,2000,,true,,,results/verified_layerwise_probe_configs.csv,151,intphys_primary_db.xlsx,VideoMAE-v2,AA8:AK8,seed 42 read from source CSV metrics
intphys2__videomae_v2__mlp__layer_20,intphys2__videomae_v2__mlp__layer_20__seed_42,IntPhys2,intphys2,main,VideoMAE-v2,ViT-G/16,MLP,mlp,20,Layer 0.5,42,source_csv,complete,voe_accuracy,voe_accuracy,62.251656,76.986755,41.176471,66.176471,47.058824,56.372549,,2000,,true,,,results/verified_layerwise_probe_configs.csv,152,intphys_primary_db.xlsx,VideoMAE-v2,AA9:AK9,seed 42 read from source CSV metrics
intphys2__videomae_v2__mlp__layer_30,intphys2__videomae_v2__mlp__layer_30__seed_42,IntPhys2,intphys2,main,VideoMAE-v2,ViT-G/16,MLP,mlp,30,Layer 0.75,42,source_csv,complete,voe_accuracy,voe_accuracy,72.847682,83.609272,41.176471,66.666667,45.098039,62.745098,,2000,,true,,,results/verified_layerwise_probe_configs.csv,153,intphys_primary_db.xlsx,VideoMAE-v2,AA10:AK10,seed 42 read from source CSV metrics
mvp__jepa_v1__linear__layer_32,mvp__jepa_v1__linear__layer_32__seed_42,MVP,mvp,main,V-JEPA,ViT-H/16,Linear,linear,32,Final layer,42,source_csv,complete,pair_consistency,pair_consistency,53.052277,74.064081,49.34277,71.688574,48.736097,71.587462,,100,,true,,,results/verified_layerwise_probe_configs.csv,338,mvp_primary_db.xlsx,V-JEPA,N3:X3,seed 42 read from source CSV metrics
mvp__jepa_v1__linear__layer_8,mvp__jepa_v1__linear__layer_8__seed_42,MVP,mvp,main,V-JEPA,ViT-H/16,Linear,linear,8,Layer 0.25,42,source_csv,complete,pair_consistency,pair_consistency,39.763912,66.745363,35.389282,63.700708,36.602629,64.105157,,100,,true,,,results/verified_layerwise_probe_configs.csv,339,mvp_primary_db.xlsx,V-JEPA,N4:X4,seed 42 read from source CSV metrics
mvp__jepa_v1__linear__layer_16,mvp__jepa_v1__linear__layer_16__seed_42,MVP,mvp,main,V-JEPA,ViT-H/16,Linear,linear,16,Layer 0.5,42,source_csv,complete,pair_consistency,pair_consistency,46.509275,69.831366,40.950455,66.127401,41.557128,66.430738,,100,,true,,,results/verified_layerwise_probe_configs.csv,340,mvp_primary_db.xlsx,V-JEPA,N5:X5,seed 42 read from source CSV metrics
mvp__jepa_v1__linear__layer_24,mvp__jepa_v1__linear__layer_24__seed_42,MVP,mvp,main,V-JEPA,ViT-H/16,Linear,linear,24,Layer 0.75,42,source_csv,complete,pair_consistency,pair_consistency,54.333895,73.844857,49.34277,69.312437,47.623862,69.0091,,100,,true,,,results/verified_layerwise_probe_configs.csv,341,mvp_primary_db.xlsx,V-JEPA,N6:X6,seed 42 read from source CSV metrics
mvp__jepa_v1__mlp__layer_32,mvp__jepa_v1__mlp__layer_32__seed_42,MVP,mvp,main,V-JEPA,ViT-H/16,MLP,mlp,32,Final layer,42,source_csv,complete,pair_consistency,pair_consistency,99.932546,99.966273,91.102123,95.197169,87.259858,93.023256,,2000,,true,,,results/verified_layerwise_probe_configs.csv,342,mvp_primary_db.xlsx,V-JEPA,N7:X7,seed 42 read from source CSV metrics
mvp__jepa_v1__mlp__layer_8,mvp__jepa_v1__mlp__layer_8__seed_42,MVP,mvp,main,V-JEPA,ViT-H/16,MLP,mlp,8,Layer 0.25,42,source_csv,complete,pair_consistency,pair_consistency,90.387858,95.193929,59.858443,77.755308,59.453994,77.249747,,2000,,true,,,results/verified_layerwise_probe_configs.csv,343,mvp_primary_db.xlsx,V-JEPA,N8:X8,seed 42 read from source CSV metrics
mvp__jepa_v1__mlp__layer_16,mvp__jepa_v1__mlp__layer_16__seed_42,MVP,mvp,main,V-JEPA,ViT-H/16,MLP,mlp,16,Layer 0.5,42,source_csv,complete,pair_consistency,pair_consistency,98.448567,99.224283,72.800809,85.338726,70.171891,83.72093,,2000,,true,,,results/verified_layerwise_probe_configs.csv,344,mvp_primary_db.xlsx,V-JEPA,N9:X9,seed 42 read from source CSV metrics
mvp__jepa_v1__mlp__layer_24,mvp__jepa_v1__mlp__layer_24__seed_42,MVP,mvp,main,V-JEPA,ViT-H/16,MLP,mlp,24,Layer 0.75,42,source_csv,complete,pair_consistency,pair_consistency,100,100,90.798787,94.893832,86.85541,93.023256,,2000,,true,,,results/verified_layerwise_probe_configs.csv,345,mvp_primary_db.xlsx,V-JEPA,N10:X10,seed 42 read from source CSV metrics
mvp__jepa_v2__linear__layer_40,mvp__jepa_v2__linear__layer_40__seed_42,MVP,mvp,main,V-JEPA 2,ViT-G/16,Linear,linear,40,Final layer,42,source_csv,complete,pair_consistency,pair_consistency,52.310287,73.102867,48.938322,70.424671,48.533873,69.91911,,100,,true,,,results/verified_layerwise_probe_configs.csv,362,mvp_primary_db.xlsx,V-JEPA 2,N3:X3,seed 42 read from source CSV metrics
mvp__jepa_v2__linear__layer_10,mvp__jepa_v2__linear__layer_10__seed_42,MVP,mvp,main,V-JEPA 2,ViT-G/16,Linear,linear,10,Layer 0.25,42,source_csv,complete,pair_consistency,pair_consistency,34.266442,63.187184,30.637007,60.465116,30.232558,60.364004,,100,,true,,,results/verified_layerwise_probe_configs.csv,363,mvp_primary_db.xlsx,V-JEPA 2,N4:X4,seed 42 read from source CSV metrics
mvp__jepa_v2__linear__layer_20,mvp__jepa_v2__linear__layer_20__seed_42,MVP,mvp,main,V-JEPA 2,ViT-G/16,Linear,linear,20,Layer 0.5,42,source_csv,complete,pair_consistency,pair_consistency,39.595278,66.863406,33.973711,62.89181,31.648129,61.779575,,100,,true,,,results/verified_layerwise_probe_configs.csv,364,mvp_primary_db.xlsx,V-JEPA 2,N5:X5,seed 42 read from source CSV metrics
mvp__jepa_v2__linear__layer_30,mvp__jepa_v2__linear__layer_30__seed_42,MVP,mvp,main,V-JEPA 2,ViT-G/16,Linear,linear,30,Layer 0.75,42,source_csv,complete,pair_consistency,pair_consistency,46.003373,68.971332,39.737108,64.71183,40.950455,65.824065,,100,,true,,,results/verified_layerwise_probe_configs.csv,365,mvp_primary_db.xlsx,V-JEPA 2,N6:X6,seed 42 read from source CSV metrics
mvp__jepa_v2__mlp__layer_40,mvp__jepa_v2__mlp__layer_40__seed_42,MVP,mvp,main,V-JEPA 2,ViT-G/16,MLP,mlp,40,Final layer,42,source_csv,complete,pair_consistency,pair_consistency,99.932546,99.966273,87.76542,93.124368,86.754297,92.770475,,2000,,true,,,results/verified_layerwise_probe_configs.csv,366,mvp_primary_db.xlsx,V-JEPA 2,N7:X7,seed 42 read from source CSV metrics
mvp__jepa_v2__mlp__layer_10,mvp__jepa_v2__mlp__layer_10__seed_42,MVP,mvp,main,V-JEPA 2,ViT-G/16,MLP,mlp,10,Layer 0.25,42,source_csv,complete,pair_consistency,pair_consistency,91.736931,95.801012,54.196158,73.761375,52.072801,72.497472,,2000,,true,,,results/verified_layerwise_probe_configs.csv,367,mvp_primary_db.xlsx,V-JEPA 2,N8:X8,seed 42 read from source CSV metrics
mvp__jepa_v2__mlp__layer_20,mvp__jepa_v2__mlp__layer_20__seed_42,MVP,mvp,main,V-JEPA 2,ViT-G/16,MLP,mlp,20,Layer 0.5,42,source_csv,complete,pair_consistency,pair_consistency,95.548061,97.757167,63.902932,79.524772,58.341759,76.086957,,2000,,true,,,results/verified_layerwise_probe_configs.csv,368,mvp_primary_db.xlsx,V-JEPA 2,N9:X9,seed 42 read from source CSV metrics
mvp__jepa_v2__mlp__layer_30,mvp__jepa_v2__mlp__layer_30__seed_42,MVP,mvp,main,V-JEPA 2,ViT-G/16,MLP,mlp,30,Layer 0.75,42,source_csv,complete,pair_consistency,pair_consistency,99.494098,99.747049,76.0364,86.602629,74.317492,85.237614,,2000,,true,,,results/verified_layerwise_probe_configs.csv,369,mvp_primary_db.xlsx,V-JEPA 2,N10:X10,seed 42 read from source CSV metrics
mvp__jepa_v2_1__linear__layer_48,mvp__jepa_v2_1__linear__layer_48__seed_42,MVP,mvp,main,V-JEPA 2.1,ViT-Gigantic/16,Linear,linear,48,Final layer,42,source_csv,complete,pair_consistency,pair_consistency,48.600337,70.978078,44.084934,66.683519,41.557128,66.632963,,100,,true,,,results/verified_layerwise_probe_configs.csv,410,mvp_primary_db.xlsx,V-JEPA 2.1,AN3:AX3,seed 42 read from source CSV metrics
mvp__jepa_v2_1__linear__layer_12,mvp__jepa_v2_1__linear__layer_12__seed_42,MVP,mvp,main,V-JEPA 2.1,ViT-Gigantic/16,Linear,linear,12,Layer 0.25,42,source_csv,complete,pair_consistency,pair_consistency,39.392917,65.986509,35.692619,63.043478,32.55814,61.274014,,100,,true,,,results/verified_layerwise_probe_configs.csv,411,mvp_primary_db.xlsx,V-JEPA 2.1,AN4:AX4,seed 42 read from source CSV metrics
mvp__jepa_v2_1__linear__layer_24,mvp__jepa_v2_1__linear__layer_24__seed_42,MVP,mvp,main,V-JEPA 2.1,ViT-Gigantic/16,Linear,linear,24,Layer 0.5,42,source_csv,complete,pair_consistency,pair_consistency,46.711636,70.421585,41.354904,66.430738,39.83822,65.36906,,100,,true,,,results/verified_layerwise_probe_configs.csv,412,mvp_primary_db.xlsx,V-JEPA 2.1,AN5:AX5,seed 42 read from source CSV metrics
mvp__jepa_v2_1__linear__layer_38,mvp__jepa_v2_1__linear__layer_38__seed_42,MVP,mvp,main,V-JEPA 2.1,ViT-Gigantic/16,Linear,linear,38,Layer 0.75,42,source_csv,complete,pair_consistency,pair_consistency,49.780776,71.973019,43.983822,67.037412,42.264914,66.632963,,100,,true,,,results/verified_layerwise_probe_configs.csv,413,mvp_primary_db.xlsx,V-JEPA 2.1,AN6:AX6,seed 42 read from source CSV metrics
mvp__jepa_v2_1__mlp__layer_48,mvp__jepa_v2_1__mlp__layer_48__seed_42,MVP,mvp,main,V-JEPA 2.1,ViT-Gigantic/16,MLP,mlp,48,Final layer,42,source_csv,complete,pair_consistency,pair_consistency,98.313659,99.15683,71.48635,83.619818,68.452983,81.547017,,2000,,true,,,results/verified_layerwise_probe_configs.csv,414,mvp_primary_db.xlsx,V-JEPA 2.1,AN7:AX7,seed 42 read from source CSV metrics
mvp__jepa_v2_1__mlp__layer_12,mvp__jepa_v2_1__mlp__layer_12__seed_42,MVP,mvp,main,V-JEPA 2.1,ViT-Gigantic/16,MLP,mlp,12,Layer 0.25,42,source_csv,complete,pair_consistency,pair_consistency,92.141653,95.986509,56.825076,74.772497,53.185035,73.30637,,2000,,true,,,results/verified_layerwise_probe_configs.csv,415,mvp_primary_db.xlsx,V-JEPA 2.1,AN8:AX8,seed 42 read from source CSV metrics
mvp__jepa_v2_1__mlp__layer_24,mvp__jepa_v2_1__mlp__layer_24__seed_42,MVP,mvp,main,V-JEPA 2.1,ViT-Gigantic/16,MLP,mlp,24,Layer 0.5,42,source_csv,complete,pair_consistency,pair_consistency,98.448567,99.224283,64.408493,79.777553,62.992922,78.564206,,2000,,true,,,results/verified_layerwise_probe_configs.csv,416,mvp_primary_db.xlsx,V-JEPA 2.1,AN9:AX9,seed 42 read from source CSV metrics
mvp__jepa_v2_1__mlp__layer_38,mvp__jepa_v2_1__mlp__layer_38__seed_42,MVP,mvp,main,V-JEPA 2.1,ViT-Gigantic/16,MLP,mlp,38,Layer 0.75,42,source_csv,complete,pair_consistency,pair_consistency,98.920742,99.460371,74.519717,85.389282,70.778564,83.063701,,2000,,true,,,results/verified_layerwise_probe_configs.csv,417,mvp_primary_db.xlsx,V-JEPA 2.1,AN10:AX10,seed 42 read from source CSV metrics
mvp__videomae__linear__layer_32,mvp__videomae__linear__layer_32__seed_42,MVP,mvp,main,VideoMAE,ViT-H/16,Linear,linear,32,Final layer,42,source_csv,complete,pair_consistency,pair_consistency,39.831366,67.133221,35.591507,64.004044,34.37816,63.397371,,100,,true,,,results/verified_layerwise_probe_configs.csv,434,mvp_primary_db.xlsx,VideoMAE,N3:X3,seed 42 read from source CSV metrics
mvp__videomae__linear__layer_8,mvp__videomae__linear__layer_8__seed_42,MVP,mvp,main,VideoMAE,ViT-H/16,Linear,linear,8,Layer 0.25,42,source_csv,complete,pair_consistency,pair_consistency,35.44688,64.384486,31.648129,62.184024,30.131446,60.465116,,100,,true,,,results/verified_layerwise_probe_configs.csv,435,mvp_primary_db.xlsx,VideoMAE,N4:X4,seed 42 read from source CSV metrics
mvp__videomae__linear__layer_16,mvp__videomae__linear__layer_16__seed_42,MVP,mvp,main,VideoMAE,ViT-H/16,Linear,linear,16,Layer 0.5,42,source_csv,complete,pair_consistency,pair_consistency,39.291737,66.475548,34.984833,63.245703,36.097068,63.599596,,100,,true,,,results/verified_layerwise_probe_configs.csv,436,mvp_primary_db.xlsx,VideoMAE,N5:X5,seed 42 read from source CSV metrics
mvp__videomae__linear__layer_24,mvp__videomae__linear__layer_24__seed_42,MVP,mvp,main,VideoMAE,ViT-H/16,Linear,linear,24,Layer 0.75,42,source_csv,complete,pair_consistency,pair_consistency,43.06914,68.094435,37.613751,64.509606,37.512639,63.953488,,100,,true,,,results/verified_layerwise_probe_configs.csv,437,mvp_primary_db.xlsx,VideoMAE,N6:X6,seed 42 read from source CSV metrics
mvp__videomae__mlp__layer_32,mvp__videomae__mlp__layer_32__seed_42,MVP,mvp,main,VideoMAE,ViT-H/16,MLP,mlp,32,Final layer,42,source_csv,complete,pair_consistency,pair_consistency,97.875211,98.937605,65.318504,81.041456,62.588473,79.979778,,2000,,true,,,results/verified_layerwise_probe_configs.csv,438,mvp_primary_db.xlsx,VideoMAE,N7:X7,seed 42 read from source CSV metrics
mvp__videomae__mlp__layer_8,mvp__videomae__mlp__layer_8__seed_42,MVP,mvp,main,VideoMAE,ViT-H/16,MLP,mlp,8,Layer 0.25,42,source_csv,complete,pair_consistency,pair_consistency,81.48398,90.657673,50.859454,73.003033,50.455005,71.789687,,2000,,true,,,results/verified_layerwise_probe_configs.csv,439,mvp_primary_db.xlsx,VideoMAE,N8:X8,seed 42 read from source CSV metrics
mvp__videomae__mlp__layer_16,mvp__videomae__mlp__layer_16__seed_42,MVP,mvp,main,VideoMAE,ViT-H/16,MLP,mlp,16,Layer 0.5,42,source_csv,complete,pair_consistency,pair_consistency,86.13828,93.06914,59.959555,78.26087,57.836198,76.491405,,2000,,true,,,results/verified_layerwise_probe_configs.csv,440,mvp_primary_db.xlsx,VideoMAE,N9:X9,seed 42 read from source CSV metrics
mvp__videomae__mlp__layer_24,mvp__videomae__mlp__layer_24__seed_42,MVP,mvp,main,VideoMAE,ViT-H/16,MLP,mlp,24,Layer 0.75,42,source_csv,complete,pair_consistency,pair_consistency,92.917369,96.424958,68.857432,82.912032,64.408493,80.131446,,2000,,true,,,results/verified_layerwise_probe_configs.csv,441,mvp_primary_db.xlsx,VideoMAE,N10:X10,seed 42 read from source CSV metrics
mvp__videomae_v2__linear__layer_40,mvp__videomae_v2__linear__layer_40__seed_42,MVP,mvp,main,VideoMAE-v2,ViT-G/16,Linear,linear,40,Final layer,42,source_csv,complete,pair_consistency,pair_consistency,36.458685,64.991568,34.883721,63.447927,31.951466,61.627907,,100,,true,,,results/verified_layerwise_probe_configs.csv,470,mvp_primary_db.xlsx,VideoMAE-v2,AA3:AK3,seed 42 read from source CSV metrics
mvp__videomae_v2__linear__layer_10,mvp__videomae_v2__linear__layer_10__seed_42,MVP,mvp,main,VideoMAE-v2,ViT-G/16,Linear,linear,10,Layer 0.25,42,source_csv,complete,pair_consistency,pair_consistency,36.998314,65.3457,32.55814,62.082912,33.46815,62.23458,,100,,true,,,results/verified_layerwise_probe_configs.csv,471,mvp_primary_db.xlsx,VideoMAE-v2,AA4:AK4,seed 42 read from source CSV metrics
mvp__videomae_v2__linear__layer_20,mvp__videomae_v2__linear__layer_20__seed_42,MVP,mvp,main,VideoMAE-v2,ViT-G/16,Linear,linear,20,Layer 0.5,42,source_csv,complete,pair_consistency,pair_consistency,44.080944,68.617201,39.534884,64.863498,37.714863,64.054601,,100,,true,,,results/verified_layerwise_probe_configs.csv,472,mvp_primary_db.xlsx,VideoMAE-v2,AA5:AK5,seed 42 read from source CSV metrics
mvp__videomae_v2__linear__layer_30,mvp__videomae_v2__linear__layer_30__seed_42,MVP,mvp,main,VideoMAE-v2,ViT-G/16,Linear,linear,30,Layer 0.75,42,source_csv,complete,pair_consistency,pair_consistency,39.831366,66.070826,37.310415,63.751264,35.490394,62.89181,,100,,true,,,results/verified_layerwise_probe_configs.csv,473,mvp_primary_db.xlsx,VideoMAE-v2,AA6:AK6,seed 42 read from source CSV metrics
mvp__videomae_v2__mlp__layer_40,mvp__videomae_v2__mlp__layer_40__seed_42,MVP,mvp,main,VideoMAE-v2,ViT-G/16,MLP,mlp,40,Final layer,42,source_csv,complete,pair_consistency,pair_consistency,89.612142,94.70489,61.9818,78.311426,60.768453,77.199191,,2000,,true,,,results/verified_layerwise_probe_configs.csv,474,mvp_primary_db.xlsx,VideoMAE-v2,AA7:AK7,seed 42 read from source CSV metrics
mvp__videomae_v2__mlp__layer_10,mvp__videomae_v2__mlp__layer_10__seed_42,MVP,mvp,main,VideoMAE-v2,ViT-G/16,MLP,mlp,10,Layer 0.25,42,source_csv,complete,pair_consistency,pair_consistency,85.767285,92.765599,53.286148,73.710819,52.376138,72.598584,,2000,,true,,,results/verified_layerwise_probe_configs.csv,475,mvp_primary_db.xlsx,VideoMAE-v2,AA8:AK8,seed 42 read from source CSV metrics
mvp__videomae_v2__mlp__layer_20,mvp__videomae_v2__mlp__layer_20__seed_42,MVP,mvp,main,VideoMAE-v2,ViT-G/16,MLP,mlp,20,Layer 0.5,42,source_csv,complete,pair_consistency,pair_consistency,94.772344,97.369309,68.452983,82.709808,66.127401,80.434783,,2000,,true,,,results/verified_layerwise_probe_configs.csv,476,mvp_primary_db.xlsx,VideoMAE-v2,AA9:AK9,seed 42 read from source CSV metrics
mvp__videomae_v2__mlp__layer_30,mvp__videomae_v2__mlp__layer_30__seed_42,MVP,mvp,main,VideoMAE-v2,ViT-G/16,MLP,mlp,30,Layer 0.75,42,source_csv,complete,pair_consistency,pair_consistency,87.892074,93.86172,64.004044,79.625885,61.476239,78.210313,,2000,,true,,,results/verified_layerwise_probe_configs.csv,477,mvp_primary_db.xlsx,VideoMAE-v2,AA10:AK10,seed 42 read from source CSV metrics
intphys2__jepa_v1__linear__layer_32,intphys2__jepa_v1__linear__layer_32__seed_101,IntPhys2,intphys2,main,V-JEPA,ViT-H/16,Linear,linear,32,Final layer,101,artifact,complete,voe_accuracy,voe_accuracy,65.562914,77.483444,49.019608,64.215686,49.019608,61.764706,2000,2000,false,false,artifacts/probes/intphys2/seed_runs_layerwise_v1/intphys2__jepa_v1__linear__layer_32/seed_101/train_eval_summary.json,artifacts/probes/intphys2/seed_runs_layerwise_v1/intphys2__jepa_v1__linear__layer_32/seed_101/layer_32/eval,results/verified_layerwise_probe_configs.csv,14,,,,artifact metrics read from train_eval_summary.json
intphys2__jepa_v1__linear__layer_32,intphys2__jepa_v1__linear__layer_32__seed_102,IntPhys2,intphys2,main,V-JEPA,ViT-H/16,Linear,linear,32,Final layer,102,artifact,complete,voe_accuracy,voe_accuracy,63.576159,76.324503,45.098039,63.235294,49.019608,62.254902,2000,2000,false,false,artifacts/probes/intphys2/seed_runs_layerwise_v1/intphys2__jepa_v1__linear__layer_32/seed_102/train_eval_summary.json,artifacts/probes/intphys2/seed_runs_layerwise_v1/intphys2__jepa_v1__linear__layer_32/seed_102/layer_32/eval,results/verified_layerwise_probe_configs.csv,14,,,,artifact metrics read from train_eval_summary.json
intphys2__jepa_v1__linear__layer_8,intphys2__jepa_v1__linear__layer_8__seed_101,IntPhys2,intphys2,main,V-JEPA,ViT-H/16,Linear,linear,8,Layer 0.25,101,artifact,complete,voe_accuracy,voe_accuracy,19.205298,51.655629,11.764706,53.921569,13.72549,49.509804,100,100,false,false,artifacts/probes/intphys2/seed_runs_layerwise_v1/intphys2__jepa_v1__linear__layer_8/seed_101/train_eval_summary.json,artifacts/probes/intphys2/seed_runs_layerwise_v1/intphys2__jepa_v1__linear__layer_8/seed_101/layer_8/eval,results/verified_layerwise_probe_configs.csv,15,,,,artifact metrics read from train_eval_summary.json
intphys2__jepa_v1__linear__layer_8,intphys2__jepa_v1__linear__layer_8__seed_102,IntPhys2,intphys2,main,V-JEPA,ViT-H/16,Linear,linear,8,Layer 0.25,102,artifact,complete,voe_accuracy,voe_accuracy,23.178808,50.827815,13.72549,53.921569,21.568627,51.960784,100,100,false,false,artifacts/probes/intphys2/seed_runs_layerwise_v1/intphys2__jepa_v1__linear__layer_8/seed_102/train_eval_summary.json,artifacts/probes/intphys2/seed_runs_layerwise_v1/intphys2__jepa_v1__linear__layer_8/seed_102/layer_8/eval,results/verified_layerwise_probe_configs.csv,15,,,,artifact metrics read from train_eval_summary.json
intphys2__jepa_v1__linear__layer_16,intphys2__jepa_v1__linear__layer_16__seed_101,IntPhys2,intphys2,main,V-JEPA,ViT-H/16,Linear,linear,16,Layer 0.5,101,artifact,complete,voe_accuracy,voe_accuracy,61.589404,73.675497,47.058824,60.294118,37.254902,57.352941,2000,2000,false,false,artifacts/probes/intphys2/seed_runs_layerwise_v1/intphys2__jepa_v1__linear__layer_16/seed_101/train_eval_summary.json,artifacts/probes/intphys2/seed_runs_layerwise_v1/intphys2__jepa_v1__linear__layer_16/seed_101/layer_16/eval,results/verified_layerwise_probe_configs.csv,16,,,,artifact metrics read from train_eval_summary.json
intphys2__jepa_v1__linear__layer_16,intphys2__jepa_v1__linear__layer_16__seed_102,IntPhys2,intphys2,main,V-JEPA,ViT-H/16,Linear,linear,16,Layer 0.5,102,artifact,complete,voe_accuracy,voe_accuracy,60.264901,74.668874,47.058824,61.27451,37.254902,59.803922,2000,2000,false,false,artifacts/probes/intphys2/seed_runs_layerwise_v1/intphys2__jepa_v1__linear__layer_16/seed_102/train_eval_summary.json,artifacts/probes/intphys2/seed_runs_layerwise_v1/intphys2__jepa_v1__linear__layer_16/seed_102/layer_16/eval,results/verified_layerwise_probe_configs.csv,16,,,,artifact metrics read from train_eval_summary.json
intphys2__jepa_v1__linear__layer_24,intphys2__jepa_v1__linear__layer_24__seed_101,IntPhys2,intphys2,main,V-JEPA,ViT-H/16,Linear,linear,24,Layer 0.75,101,artifact,complete,voe_accuracy,voe_accuracy,60.264901,69.205298,43.137255,62.745098,43.137255,61.27451,100,100,false,false,artifacts/probes/intphys2/seed_runs_layerwise_v1/intphys2__jepa_v1__linear__layer_24/seed_101/train_eval_summary.json,artifacts/probes/intphys2/seed_runs_layerwise_v1/intphys2__jepa_v1__linear__layer_24/seed_101/layer_24/eval,results/verified_layerwise_probe_configs.csv,17,,,,artifact metrics read from train_eval_summary.json
intphys2__jepa_v1__linear__layer_24,intphys2__jepa_v1__linear__layer_24__seed_102,IntPhys2,intphys2,main,V-JEPA,ViT-H/16,Linear,linear,24,Layer 0.75,102,artifact,complete,voe_accuracy,voe_accuracy,62.913907,69.039735,43.137255,64.705882,49.019608,59.803922,100,100,false,false,artifacts/probes/intphys2/seed_runs_layerwise_v1/intphys2__jepa_v1__linear__layer_24/seed_102/train_eval_summary.json,artifacts/probes/intphys2/seed_runs_layerwise_v1/intphys2__jepa_v1__linear__layer_24/seed_102/layer_24/eval,results/verified_layerwise_probe_configs.csv,17,,,,artifact metrics read from train_eval_summary.json
intphys2__jepa_v1__mlp__layer_32,intphys2__jepa_v1__mlp__layer_32__seed_101,IntPhys2,intphys2,main,V-JEPA,ViT-H/16,MLP,mlp,32,Final layer,101,artifact,complete,voe_accuracy,voe_accuracy,100,99.172185,49.019608,72.54902,43.137255,62.254902,2000,2000,false,false,artifacts/probes/intphys2/seed_runs_layerwise_v1/intphys2__jepa_v1__mlp__layer_32/seed_101/train_eval_summary.json,artifacts/probes/intphys2/seed_runs_layerwise_v1/intphys2__jepa_v1__mlp__layer_32/seed_101/layer_32/eval,results/verified_layerwise_probe_configs.csv,18,,,,artifact metrics read from train_eval_summary.json
intphys2__jepa_v1__mlp__layer_32,intphys2__jepa_v1__mlp__layer_32__seed_102,IntPhys2,intphys2,main,V-JEPA,ViT-H/16,MLP,mlp,32,Final layer,102,artifact,complete,voe_accuracy,voe_accuracy,100,100,54.901961,71.568627,47.058824,63.72549,2000,2000,false,false,artifacts/probes/intphys2/seed_runs_layerwise_v1/intphys2__jepa_v1__mlp__layer_32/seed_102/train_eval_summary.json,artifacts/probes/intphys2/seed_runs_layerwise_v1/intphys2__jepa_v1__mlp__layer_32/seed_102/layer_32/eval,results/verified_layerwise_probe_configs.csv,18,,,,artifact metrics read from train_eval_summary.json
intphys2__jepa_v1__mlp__layer_8,intphys2__jepa_v1__mlp__layer_8__seed_101,IntPhys2,intphys2,main,V-JEPA,ViT-H/16,MLP,mlp,8,Layer 0.25,101,artifact,complete,voe_accuracy,voe_accuracy,31.125828,52.317881,11.764706,50.980392,21.568627,51.470588,50,50,false,false,artifacts/probes/intphys2/seed_runs_layerwise_v1/intphys2__jepa_v1__mlp__layer_8/seed_101/train_eval_summary.json,artifacts/probes/intphys2/seed_runs_layerwise_v1/intphys2__jepa_v1__mlp__layer_8/seed_101/layer_8/eval,results/verified_layerwise_probe_configs.csv,19,,,,artifact metrics read from train_eval_summary.json
intphys2__jepa_v1__mlp__layer_8,intphys2__jepa_v1__mlp__layer_8__seed_102,IntPhys2,intphys2,main,V-JEPA,ViT-H/16,MLP,mlp,8,Layer 0.25,102,artifact,complete,voe_accuracy,voe_accuracy,29.139073,51.986755,21.568627,51.960784,23.529412,50.490196,50,50,false,false,artifacts/probes/intphys2/seed_runs_layerwise_v1/intphys2__jepa_v1__mlp__layer_8/seed_102/train_eval_summary.json,artifacts/probes/intphys2/seed_runs_layerwise_v1/intphys2__jepa_v1__mlp__layer_8/seed_102/layer_8/eval,results/verified_layerwise_probe_configs.csv,19,,,,artifact metrics read from train_eval_summary.json
intphys2__jepa_v1__mlp__layer_16,intphys2__jepa_v1__mlp__layer_16__seed_101,IntPhys2,intphys2,main,V-JEPA,ViT-H/16,MLP,mlp,16,Layer 0.5,101,artifact,complete,voe_accuracy,voe_accuracy,100,99.006623,45.098039,63.235294,43.137255,61.27451,2000,2000,false,false,artifacts/probes/intphys2/seed_runs_layerwise_v1/intphys2__jepa_v1__mlp__layer_16/seed_101/train_eval_summary.json,artifacts/probes/intphys2/seed_runs_layerwise_v1/intphys2__jepa_v1__mlp__layer_16/seed_101/layer_16/eval,results/verified_layerwise_probe_configs.csv,20,,,,artifact metrics read from train_eval_summary.json
intphys2__jepa_v1__mlp__layer_16,intphys2__jepa_v1__mlp__layer_16__seed_102,IntPhys2,intphys2,main,V-JEPA,ViT-H/16,MLP,mlp,16,Layer 0.5,102,artifact,complete,voe_accuracy,voe_accuracy,100,100,39.215686,62.254902,41.176471,62.254902,2000,2000,false,false,artifacts/probes/intphys2/seed_runs_layerwise_v1/intphys2__jepa_v1__mlp__layer_16/seed_102/train_eval_summary.json,artifacts/probes/intphys2/seed_runs_layerwise_v1/intphys2__jepa_v1__mlp__layer_16/seed_102/layer_16/eval,results/verified_layerwise_probe_configs.csv,20,,,,artifact metrics read from train_eval_summary.json
intphys2__jepa_v1__mlp__layer_24,intphys2__jepa_v1__mlp__layer_24__seed_101,IntPhys2,intphys2,main,V-JEPA,ViT-H/16,MLP,mlp,24,Layer 0.75,101,artifact,complete,voe_accuracy,voe_accuracy,60.927152,65.397351,52.941176,63.235294,45.098039,57.843137,100,100,false,false,artifacts/probes/intphys2/seed_runs_layerwise_v1/intphys2__jepa_v1__mlp__layer_24/seed_101/train_eval_summary.json,artifacts/probes/intphys2/seed_runs_layerwise_v1/intphys2__jepa_v1__mlp__layer_24/seed_101/layer_24/eval,results/verified_layerwise_probe_configs.csv,21,,,,artifact metrics read from train_eval_summary.json
intphys2__jepa_v1__mlp__layer_24,intphys2__jepa_v1__mlp__layer_24__seed_102,IntPhys2,intphys2,main,V-JEPA,ViT-H/16,MLP,mlp,24,Layer 0.75,102,artifact,complete,voe_accuracy,voe_accuracy,61.589404,70.860927,50.980392,64.215686,47.058824,61.764706,100,100,false,false,artifacts/probes/intphys2/seed_runs_layerwise_v1/intphys2__jepa_v1__mlp__layer_24/seed_102/train_eval_summary.json,artifacts/probes/intphys2/seed_runs_layerwise_v1/intphys2__jepa_v1__mlp__layer_24/seed_102/layer_24/eval,results/verified_layerwise_probe_configs.csv,21,,,,artifact metrics read from train_eval_summary.json
intphys2__jepa_v2__linear__layer_40,intphys2__jepa_v2__linear__layer_40__seed_101,IntPhys2,intphys2,main,V-JEPA 2,ViT-G/16,Linear,linear,40,Final layer,101,artifact,complete,voe_accuracy,voe_accuracy,61.589404,64.403974,37.254902,57.843137,37.254902,57.843137,100,100,false,false,artifacts/probes/intphys2/seed_runs_layerwise_v1/intphys2__jepa_v2__linear__layer_40/seed_101/train_eval_summary.json,artifacts/probes/intphys2/seed_runs_layerwise_v1/intphys2__jepa_v2__linear__layer_40/seed_101/layer_40/eval,results/verified_layerwise_probe_configs.csv,38,,,,artifact metrics read from train_eval_summary.json
intphys2__jepa_v2__linear__layer_40,intphys2__jepa_v2__linear__layer_40__seed_102,IntPhys2,intphys2,main,V-JEPA 2,ViT-G/16,Linear,linear,40,Final layer,102,artifact,complete,voe_accuracy,voe_accuracy,58.940397,63.907285,37.254902,58.823529,37.254902,58.333333,100,100,false,false,artifacts/probes/intphys2/seed_runs_layerwise_v1/intphys2__jepa_v2__linear__layer_40/seed_102/train_eval_summary.json,artifacts/probes/intphys2/seed_runs_layerwise_v1/intphys2__jepa_v2__linear__layer_40/seed_102/layer_40/eval,results/verified_layerwise_probe_configs.csv,38,,,,artifact metrics read from train_eval_summary.json
intphys2__jepa_v2__linear__layer_10,intphys2__jepa_v2__linear__layer_10__seed_101,IntPhys2,intphys2,main,V-JEPA 2,ViT-G/16,Linear,linear,10,Layer 0.25,101,artifact,complete,voe_accuracy,voe_accuracy,28.476821,51.821192,5.882353,51.960784,11.764706,52.941176,100,100,false,false,artifacts/probes/intphys2/seed_runs_layerwise_v1/intphys2__jepa_v2__linear__layer_10/seed_101/train_eval_summary.json,artifacts/probes/intphys2/seed_runs_layerwise_v1/intphys2__jepa_v2__linear__layer_10/seed_101/layer_10/eval,results/verified_layerwise_probe_configs.csv,39,,,,artifact metrics read from train_eval_summary.json
intphys2__jepa_v2__linear__layer_10,intphys2__jepa_v2__linear__layer_10__seed_102,IntPhys2,intphys2,main,V-JEPA 2,ViT-G/16,Linear,linear,10,Layer 0.25,102,artifact,complete,voe_accuracy,voe_accuracy,31.125828,51.15894,9.803922,51.960784,17.647059,52.45098,100,100,false,false,artifacts/probes/intphys2/seed_runs_layerwise_v1/intphys2__jepa_v2__linear__layer_10/seed_102/train_eval_summary.json,artifacts/probes/intphys2/seed_runs_layerwise_v1/intphys2__jepa_v2__linear__layer_10/seed_102/layer_10/eval,results/verified_layerwise_probe_configs.csv,39,,,,artifact metrics read from train_eval_summary.json
intphys2__jepa_v2__linear__layer_20,intphys2__jepa_v2__linear__layer_20__seed_101,IntPhys2,intphys2,main,V-JEPA 2,ViT-G/16,Linear,linear,20,Layer 0.5,101,artifact,complete,voe_accuracy,voe_accuracy,44.370861,57.450331,17.647059,52.941176,23.529412,50.490196,100,100,false,false,artifacts/probes/intphys2/seed_runs_layerwise_v1/intphys2__jepa_v2__linear__layer_20/seed_101/train_eval_summary.json,artifacts/probes/intphys2/seed_runs_layerwise_v1/intphys2__jepa_v2__linear__layer_20/seed_101/layer_20/eval,results/verified_layerwise_probe_configs.csv,40,,,,artifact metrics read from train_eval_summary.json
intphys2__jepa_v2__linear__layer_20,intphys2__jepa_v2__linear__layer_20__seed_102,IntPhys2,intphys2,main,V-JEPA 2,ViT-G/16,Linear,linear,20,Layer 0.5,102,artifact,complete,voe_accuracy,voe_accuracy,38.410596,53.642384,19.607843,51.960784,21.568627,52.45098,100,100,false,false,artifacts/probes/intphys2/seed_runs_layerwise_v1/intphys2__jepa_v2__linear__layer_20/seed_102/train_eval_summary.json,artifacts/probes/intphys2/seed_runs_layerwise_v1/intphys2__jepa_v2__linear__layer_20/seed_102/layer_20/eval,results/verified_layerwise_probe_configs.csv,40,,,,artifact metrics read from train_eval_summary.json
intphys2__jepa_v2__linear__layer_30,intphys2__jepa_v2__linear__layer_30__seed_101,IntPhys2,intphys2,main,V-JEPA 2,ViT-G/16,Linear,linear,30,Layer 0.75,101,artifact,complete,voe_accuracy,voe_accuracy,41.721854,56.456954,25.490196,55.882353,41.176471,51.470588,100,100,false,false,artifacts/probes/intphys2/seed_runs_layerwise_v1/intphys2__jepa_v2__linear__layer_30/seed_101/train_eval_summary.json,artifacts/probes/intphys2/seed_runs_layerwise_v1/intphys2__jepa_v2__linear__layer_30/seed_101/layer_30/eval,results/verified_layerwise_probe_configs.csv,41,,,,artifact metrics read from train_eval_summary.json
intphys2__jepa_v2__linear__layer_30,intphys2__jepa_v2__linear__layer_30__seed_102,IntPhys2,intphys2,main,V-JEPA 2,ViT-G/16,Linear,linear,30,Layer 0.75,102,artifact,complete,voe_accuracy,voe_accuracy,43.046358,59.437086,31.372549,55.392157,35.294118,58.333333,100,100,false,false,artifacts/probes/intphys2/seed_runs_layerwise_v1/intphys2__jepa_v2__linear__layer_30/seed_102/train_eval_summary.json,artifacts/probes/intphys2/seed_runs_layerwise_v1/intphys2__jepa_v2__linear__layer_30/seed_102/layer_30/eval,results/verified_layerwise_probe_configs.csv,41,,,,artifact metrics read from train_eval_summary.json
intphys2__jepa_v2__mlp__layer_40,intphys2__jepa_v2__mlp__layer_40__seed_101,IntPhys2,intphys2,main,V-JEPA 2,ViT-G/16,MLP,mlp,40,Final layer,101,artifact,complete,voe_accuracy,voe_accuracy,100,100,31.372549,64.215686,52.941176,60.784314,2000,2000,false,false,artifacts/probes/intphys2/seed_runs_layerwise_v1/intphys2__jepa_v2__mlp__layer_40/seed_101/train_eval_summary.json,artifacts/probes/intphys2/seed_runs_layerwise_v1/intphys2__jepa_v2__mlp__layer_40/seed_101/layer_40/eval,results/verified_layerwise_probe_configs.csv,42,,,,artifact metrics read from train_eval_summary.json
intphys2__jepa_v2__mlp__layer_40,intphys2__jepa_v2__mlp__layer_40__seed_102,IntPhys2,intphys2,main,V-JEPA 2,ViT-G/16,MLP,mlp,40,Final layer,102,artifact,complete,voe_accuracy,voe_accuracy,100,100,37.254902,65.196078,54.901961,61.27451,2000,2000,false,false,artifacts/probes/intphys2/seed_runs_layerwise_v1/intphys2__jepa_v2__mlp__layer_40/seed_102/train_eval_summary.json,artifacts/probes/intphys2/seed_runs_layerwise_v1/intphys2__jepa_v2__mlp__layer_40/seed_102/layer_40/eval,results/verified_layerwise_probe_configs.csv,42,,,,artifact metrics read from train_eval_summary.json
intphys2__jepa_v2__mlp__layer_10,intphys2__jepa_v2__mlp__layer_10__seed_101,IntPhys2,intphys2,main,V-JEPA 2,ViT-G/16,MLP,mlp,10,Layer 0.25,101,artifact,complete,voe_accuracy,voe_accuracy,58.940397,72.516556,19.607843,54.411765,17.647059,51.960784,2000,2000,false,false,artifacts/probes/intphys2/seed_runs_layerwise_v1/intphys2__jepa_v2__mlp__layer_10/seed_101/train_eval_summary.json,artifacts/probes/intphys2/seed_runs_layerwise_v1/intphys2__jepa_v2__mlp__layer_10/seed_101/layer_10/eval,results/verified_layerwise_probe_configs.csv,43,,,,artifact metrics read from train_eval_summary.json
intphys2__jepa_v2__mlp__layer_10,intphys2__jepa_v2__mlp__layer_10__seed_102,IntPhys2,intphys2,main,V-JEPA 2,ViT-G/16,MLP,mlp,10,Layer 0.25,102,artifact,complete,voe_accuracy,voe_accuracy,73.509934,71.357616,7.843137,53.431373,19.607843,52.45098,2000,2000,false,false,artifacts/probes/intphys2/seed_runs_layerwise_v1/intphys2__jepa_v2__mlp__layer_10/seed_102/train_eval_summary.json,artifacts/probes/intphys2/seed_runs_layerwise_v1/intphys2__jepa_v2__mlp__layer_10/seed_102/layer_10/eval,results/verified_layerwise_probe_configs.csv,43,,,,artifact metrics read from train_eval_summary.json
intphys2__jepa_v2__mlp__layer_20,intphys2__jepa_v2__mlp__layer_20__seed_101,IntPhys2,intphys2,main,V-JEPA 2,ViT-G/16,MLP,mlp,20,Layer 0.5,101,artifact,complete,voe_accuracy,voe_accuracy,91.390728,88.245033,19.607843,56.862745,23.529412,53.921569,2000,2000,false,false,artifacts/probes/intphys2/seed_runs_layerwise_v1/intphys2__jepa_v2__mlp__layer_20/seed_101/train_eval_summary.json,artifacts/probes/intphys2/seed_runs_layerwise_v1/intphys2__jepa_v2__mlp__layer_20/seed_101/layer_20/eval,results/verified_layerwise_probe_configs.csv,44,,,,artifact metrics read from train_eval_summary.json
intphys2__jepa_v2__mlp__layer_20,intphys2__jepa_v2__mlp__layer_20__seed_102,IntPhys2,intphys2,main,V-JEPA 2,ViT-G/16,MLP,mlp,20,Layer 0.5,102,artifact,complete,voe_accuracy,voe_accuracy,79.470199,86.092715,23.529412,57.352941,21.568627,55.392157,2000,2000,false,false,artifacts/probes/intphys2/seed_runs_layerwise_v1/intphys2__jepa_v2__mlp__layer_20/seed_102/train_eval_summary.json,artifacts/probes/intphys2/seed_runs_layerwise_v1/intphys2__jepa_v2__mlp__layer_20/seed_102/layer_20/eval,results/verified_layerwise_probe_configs.csv,44,,,,artifact metrics read from train_eval_summary.json
intphys2__jepa_v2__mlp__layer_30,intphys2__jepa_v2__mlp__layer_30__seed_101,IntPhys2,intphys2,main,V-JEPA 2,ViT-G/16,MLP,mlp,30,Layer 0.75,101,artifact,complete,voe_accuracy,voe_accuracy,94.701987,84.933775,35.294118,61.764706,50.980392,63.72549,2000,2000,false,false,artifacts/probes/intphys2/seed_runs_layerwise_v1/intphys2__jepa_v2__mlp__layer_30/seed_101/train_eval_summary.json,artifacts/probes/intphys2/seed_runs_layerwise_v1/intphys2__jepa_v2__mlp__layer_30/seed_101/layer_30/eval,results/verified_layerwise_probe_configs.csv,45,,,,artifact metrics read from train_eval_summary.json
intphys2__jepa_v2__mlp__layer_30,intphys2__jepa_v2__mlp__layer_30__seed_102,IntPhys2,intphys2,main,V-JEPA 2,ViT-G/16,MLP,mlp,30,Layer 0.75,102,artifact,complete,voe_accuracy,voe_accuracy,89.403974,88.410596,37.254902,63.72549,54.901961,65.686275,2000,2000,false,false,artifacts/probes/intphys2/seed_runs_layerwise_v1/intphys2__jepa_v2__mlp__layer_30/seed_102/train_eval_summary.json,artifacts/probes/intphys2/seed_runs_layerwise_v1/intphys2__jepa_v2__mlp__layer_30/seed_102/layer_30/eval,results/verified_layerwise_probe_configs.csv,45,,,,artifact metrics read from train_eval_summary.json
intphys2__jepa_v2_1__linear__layer_48,intphys2__jepa_v2_1__linear__layer_48__seed_101,IntPhys2,intphys2,main,V-JEPA 2.1,ViT-Gigantic/16,Linear,linear,48,Final layer,101,artifact,complete,voe_accuracy,voe_accuracy,53.642384,65.231788,29.411765,56.372549,39.215686,55.392157,100,100,false,false,artifacts/probes/intphys2/seed_runs_layerwise_v1/intphys2__jepa_v2_1__linear__layer_48/seed_101/train_eval_summary.json,artifacts/probes/intphys2/seed_runs_layerwise_v1/intphys2__jepa_v2_1__linear__layer_48/seed_101/layer_48/eval,results/verified_layerwise_probe_configs.csv,86,,,,artifact metrics read from train_eval_summary.json
intphys2__jepa_v2_1__linear__layer_48,intphys2__jepa_v2_1__linear__layer_48__seed_102,IntPhys2,intphys2,main,V-JEPA 2.1,ViT-Gigantic/16,Linear,linear,48,Final layer,102,artifact,complete,voe_accuracy,voe_accuracy,51.655629,57.450331,25.490196,58.333333,35.294118,56.372549,100,100,false,false,artifacts/probes/intphys2/seed_runs_layerwise_v1/intphys2__jepa_v2_1__linear__layer_48/seed_102/train_eval_summary.json,artifacts/probes/intphys2/seed_runs_layerwise_v1/intphys2__jepa_v2_1__linear__layer_48/seed_102/layer_48/eval,results/verified_layerwise_probe_configs.csv,86,,,,artifact metrics read from train_eval_summary.json
intphys2__jepa_v2_1__linear__layer_12,intphys2__jepa_v2_1__linear__layer_12__seed_101,IntPhys2,intphys2,main,V-JEPA 2.1,ViT-Gigantic/16,Linear,linear,12,Layer 0.25,101,artifact,complete,voe_accuracy,voe_accuracy,30.463576,53.807947,27.45098,54.901961,23.529412,53.921569,100,100,false,false,artifacts/probes/intphys2/seed_runs_layerwise_v1/intphys2__jepa_v2_1__linear__layer_12/seed_101/train_eval_summary.json,artifacts/probes/intphys2/seed_runs_layerwise_v1/intphys2__jepa_v2_1__linear__layer_12/seed_101/layer_12/eval,results/verified_layerwise_probe_configs.csv,87,,,,artifact metrics read from train_eval_summary.json
intphys2__jepa_v2_1__linear__layer_12,intphys2__jepa_v2_1__linear__layer_12__seed_102,IntPhys2,intphys2,main,V-JEPA 2.1,ViT-Gigantic/16,Linear,linear,12,Layer 0.25,102,artifact,complete,voe_accuracy,voe_accuracy,25.827815,52.317881,27.45098,54.901961,23.529412,55.392157,100,100,false,false,artifacts/probes/intphys2/seed_runs_layerwise_v1/intphys2__jepa_v2_1__linear__layer_12/seed_102/train_eval_summary.json,artifacts/probes/intphys2/seed_runs_layerwise_v1/intphys2__jepa_v2_1__linear__layer_12/seed_102/layer_12/eval,results/verified_layerwise_probe_configs.csv,87,,,,artifact metrics read from train_eval_summary.json
intphys2__jepa_v2_1__linear__layer_24,intphys2__jepa_v2_1__linear__layer_24__seed_101,IntPhys2,intphys2,main,V-JEPA 2.1,ViT-Gigantic/16,Linear,linear,24,Layer 0.5,101,artifact,complete,voe_accuracy,voe_accuracy,37.086093,57.781457,21.568627,54.901961,17.647059,54.901961,100,100,false,false,artifacts/probes/intphys2/seed_runs_layerwise_v1/intphys2__jepa_v2_1__linear__layer_24/seed_101/train_eval_summary.json,artifacts/probes/intphys2/seed_runs_layerwise_v1/intphys2__jepa_v2_1__linear__layer_24/seed_101/layer_24/eval,results/verified_layerwise_probe_configs.csv,88,,,,artifact metrics read from train_eval_summary.json
intphys2__jepa_v2_1__linear__layer_24,intphys2__jepa_v2_1__linear__layer_24__seed_102,IntPhys2,intphys2,main,V-JEPA 2.1,ViT-Gigantic/16,Linear,linear,24,Layer 0.5,102,artifact,complete,voe_accuracy,voe_accuracy,38.410596,57.781457,17.647059,55.882353,23.529412,55.392157,100,100,false,false,artifacts/probes/intphys2/seed_runs_layerwise_v1/intphys2__jepa_v2_1__linear__layer_24/seed_102/train_eval_summary.json,artifacts/probes/intphys2/seed_runs_layerwise_v1/intphys2__jepa_v2_1__linear__layer_24/seed_102/layer_24/eval,results/verified_layerwise_probe_configs.csv,88,,,,artifact metrics read from train_eval_summary.json
intphys2__jepa_v2_1__linear__layer_38,intphys2__jepa_v2_1__linear__layer_38__seed_101,IntPhys2,intphys2,main,V-JEPA 2.1,ViT-Gigantic/16,Linear,linear,38,Layer 0.75,101,artifact,complete,voe_accuracy,voe_accuracy,49.668874,60.099338,25.490196,54.901961,23.529412,53.921569,100,100,false,false,artifacts/probes/intphys2/seed_runs_layerwise_v1/intphys2__jepa_v2_1__linear__layer_38/seed_101/train_eval_summary.json,artifacts/probes/intphys2/seed_runs_layerwise_v1/intphys2__jepa_v2_1__linear__layer_38/seed_101/layer_38/eval,results/verified_layerwise_probe_configs.csv,89,,,,artifact metrics read from train_eval_summary.json
intphys2__jepa_v2_1__linear__layer_38,intphys2__jepa_v2_1__linear__layer_38__seed_102,IntPhys2,intphys2,main,V-JEPA 2.1,ViT-Gigantic/16,Linear,linear,38,Layer 0.75,102,artifact,complete,voe_accuracy,voe_accuracy,52.980132,54.801325,29.411765,55.392157,25.490196,54.411765,100,100,false,false,artifacts/probes/intphys2/seed_runs_layerwise_v1/intphys2__jepa_v2_1__linear__layer_38/seed_102/train_eval_summary.json,artifacts/probes/intphys2/seed_runs_layerwise_v1/intphys2__jepa_v2_1__linear__layer_38/seed_102/layer_38/eval,results/verified_layerwise_probe_configs.csv,89,,,,artifact metrics read from train_eval_summary.json
intphys2__jepa_v2_1__mlp__layer_48,intphys2__jepa_v2_1__mlp__layer_48__seed_101,IntPhys2,intphys2,main,V-JEPA 2.1,ViT-Gigantic/16,MLP,mlp,48,Final layer,101,artifact,complete,voe_accuracy,voe_accuracy,100,99.503311,23.529412,60.784314,37.254902,58.333333,2000,2000,false,false,artifacts/probes/intphys2/seed_runs_layerwise_v1/intphys2__jepa_v2_1__mlp__layer_48/seed_101/train_eval_summary.json,artifacts/probes/intphys2/seed_runs_layerwise_v1/intphys2__jepa_v2_1__mlp__layer_48/seed_101/layer_48/eval,results/verified_layerwise_probe_configs.csv,90,,,,artifact metrics read from train_eval_summary.json
intphys2__jepa_v2_1__mlp__layer_48,intphys2__jepa_v2_1__mlp__layer_48__seed_102,IntPhys2,intphys2,main,V-JEPA 2.1,ViT-Gigantic/16,MLP,mlp,48,Final layer,102,artifact,complete,voe_accuracy,voe_accuracy,100,99.834437,25.490196,62.745098,45.098039,60.784314,2000,2000,false,false,artifacts/probes/intphys2/seed_runs_layerwise_v1/intphys2__jepa_v2_1__mlp__layer_48/seed_102/train_eval_summary.json,artifacts/probes/intphys2/seed_runs_layerwise_v1/intphys2__jepa_v2_1__mlp__layer_48/seed_102/layer_48/eval,results/verified_layerwise_probe_configs.csv,90,,,,artifact metrics read from train_eval_summary.json
intphys2__jepa_v2_1__mlp__layer_12,intphys2__jepa_v2_1__mlp__layer_12__seed_101,IntPhys2,intphys2,main,V-JEPA 2.1,ViT-Gigantic/16,MLP,mlp,12,Layer 0.25,101,artifact,complete,voe_accuracy,voe_accuracy,91.390728,88.576159,27.45098,58.333333,21.568627,56.862745,2000,2000,false,false,artifacts/probes/intphys2/seed_runs_layerwise_v1/intphys2__jepa_v2_1__mlp__layer_12/seed_101/train_eval_summary.json,artifacts/probes/intphys2/seed_runs_layerwise_v1/intphys2__jepa_v2_1__mlp__layer_12/seed_101/layer_12/eval,results/verified_layerwise_probe_configs.csv,91,,,,artifact metrics read from train_eval_summary.json
intphys2__jepa_v2_1__mlp__layer_12,intphys2__jepa_v2_1__mlp__layer_12__seed_102,IntPhys2,intphys2,main,V-JEPA 2.1,ViT-Gigantic/16,MLP,mlp,12,Layer 0.25,102,artifact,complete,voe_accuracy,voe_accuracy,88.741722,88.907285,25.490196,57.843137,15.686275,56.372549,2000,2000,false,false,artifacts/probes/intphys2/seed_runs_layerwise_v1/intphys2__jepa_v2_1__mlp__layer_12/seed_102/train_eval_summary.json,artifacts/probes/intphys2/seed_runs_layerwise_v1/intphys2__jepa_v2_1__mlp__layer_12/seed_102/layer_12/eval,results/verified_layerwise_probe_configs.csv,91,,,,artifact metrics read from train_eval_summary.json
intphys2__jepa_v2_1__mlp__layer_24,intphys2__jepa_v2_1__mlp__layer_24__seed_101,IntPhys2,intphys2,main,V-JEPA 2.1,ViT-Gigantic/16,MLP,mlp,24,Layer 0.5,101,artifact,complete,voe_accuracy,voe_accuracy,26.490066,53.807947,13.72549,52.941176,17.647059,53.431373,50,50,false,false,artifacts/probes/intphys2/seed_runs_layerwise_v1/intphys2__jepa_v2_1__mlp__layer_24/seed_101/train_eval_summary.json,artifacts/probes/intphys2/seed_runs_layerwise_v1/intphys2__jepa_v2_1__mlp__layer_24/seed_101/layer_24/eval,results/verified_layerwise_probe_configs.csv,92,,,,artifact metrics read from train_eval_summary.json
intphys2__jepa_v2_1__mlp__layer_24,intphys2__jepa_v2_1__mlp__layer_24__seed_102,IntPhys2,intphys2,main,V-JEPA 2.1,ViT-Gigantic/16,MLP,mlp,24,Layer 0.5,102,artifact,complete,voe_accuracy,voe_accuracy,27.152318,53.97351,11.764706,52.941176,21.568627,51.960784,50,50,false,false,artifacts/probes/intphys2/seed_runs_layerwise_v1/intphys2__jepa_v2_1__mlp__layer_24/seed_102/train_eval_summary.json,artifacts/probes/intphys2/seed_runs_layerwise_v1/intphys2__jepa_v2_1__mlp__layer_24/seed_102/layer_24/eval,results/verified_layerwise_probe_configs.csv,92,,,,artifact metrics read from train_eval_summary.json
intphys2__jepa_v2_1__mlp__layer_38,intphys2__jepa_v2_1__mlp__layer_38__seed_101,IntPhys2,intphys2,main,V-JEPA 2.1,ViT-Gigantic/16,MLP,mlp,38,Layer 0.75,101,artifact,complete,voe_accuracy,voe_accuracy,100,98.013245,43.137255,60.784314,37.254902,60.784314,2000,2000,false,false,artifacts/probes/intphys2/seed_runs_layerwise_v1/intphys2__jepa_v2_1__mlp__layer_38/seed_101/train_eval_summary.json,artifacts/probes/intphys2/seed_runs_layerwise_v1/intphys2__jepa_v2_1__mlp__layer_38/seed_101/layer_38/eval,results/verified_layerwise_probe_configs.csv,93,,,,artifact metrics read from train_eval_summary.json
intphys2__jepa_v2_1__mlp__layer_38,intphys2__jepa_v2_1__mlp__layer_38__seed_102,IntPhys2,intphys2,main,V-JEPA 2.1,ViT-Gigantic/16,MLP,mlp,38,Layer 0.75,102,artifact,complete,voe_accuracy,voe_accuracy,100,99.172185,43.137255,61.764706,43.137255,57.843137,2000,2000,false,false,artifacts/probes/intphys2/seed_runs_layerwise_v1/intphys2__jepa_v2_1__mlp__layer_38/seed_102/train_eval_summary.json,artifacts/probes/intphys2/seed_runs_layerwise_v1/intphys2__jepa_v2_1__mlp__layer_38/seed_102/layer_38/eval,results/verified_layerwise_probe_configs.csv,93,,,,artifact metrics read from train_eval_summary.json
intphys2__videomae__linear__layer_32,intphys2__videomae__linear__layer_32__seed_101,IntPhys2,intphys2,main,VideoMAE,ViT-H/16,Linear,linear,32,Final layer,101,artifact,complete,voe_accuracy,voe_accuracy,60.264901,67.715232,29.411765,57.352941,31.372549,52.941176,1000,1000,false,false,artifacts/probes/intphys2/seed_runs_layerwise_v1/intphys2__videomae__linear__layer_32/seed_101/train_eval_summary.json,artifacts/probes/intphys2/seed_runs_layerwise_v1/intphys2__videomae__linear__layer_32/seed_101/layer_32/eval,results/verified_layerwise_probe_configs.csv,110,,,,artifact metrics read from train_eval_summary.json
intphys2__videomae__linear__layer_32,intphys2__videomae__linear__layer_32__seed_102,IntPhys2,intphys2,main,VideoMAE,ViT-H/16,Linear,linear,32,Final layer,102,artifact,complete,voe_accuracy,voe_accuracy,78.807947,79.139073,23.529412,57.352941,23.529412,51.470588,1000,1000,false,false,artifacts/probes/intphys2/seed_runs_layerwise_v1/intphys2__videomae__linear__layer_32/seed_102/train_eval_summary.json,artifacts/probes/intphys2/seed_runs_layerwise_v1/intphys2__videomae__linear__layer_32/seed_102/layer_32/eval,results/verified_layerwise_probe_configs.csv,110,,,,artifact metrics read from train_eval_summary.json
intphys2__videomae__linear__layer_8,intphys2__videomae__linear__layer_8__seed_101,IntPhys2,intphys2,main,VideoMAE,ViT-H/16,Linear,linear,8,Layer 0.25,101,artifact,complete,voe_accuracy,voe_accuracy,22.516556,52.81457,9.803922,51.470588,21.568627,50.490196,50,50,false,false,artifacts/probes/intphys2/seed_runs_layerwise_v1/intphys2__videomae__linear__layer_8/seed_101/train_eval_summary.json,artifacts/probes/intphys2/seed_runs_layerwise_v1/intphys2__videomae__linear__layer_8/seed_101/layer_8/eval,results/verified_layerwise_probe_configs.csv,111,,,,artifact metrics read from train_eval_summary.json
intphys2__videomae__linear__layer_8,intphys2__videomae__linear__layer_8__seed_102,IntPhys2,intphys2,main,VideoMAE,ViT-H/16,Linear,linear,8,Layer 0.25,102,artifact,complete,voe_accuracy,voe_accuracy,12.582781,49.337748,9.803922,52.941176,13.72549,50,50,50,false,false,artifacts/probes/intphys2/seed_runs_layerwise_v1/intphys2__videomae__linear__layer_8/seed_102/train_eval_summary.json,artifacts/probes/intphys2/seed_runs_layerwise_v1/intphys2__videomae__linear__layer_8/seed_102/layer_8/eval,results/verified_layerwise_probe_configs.csv,111,,,,artifact metrics read from train_eval_summary.json
intphys2__videomae__linear__layer_16,intphys2__videomae__linear__layer_16__seed_101,IntPhys2,intphys2,main,VideoMAE,ViT-H/16,Linear,linear,16,Layer 0.5,101,artifact,complete,voe_accuracy,voe_accuracy,51.655629,65.89404,37.254902,58.333333,29.411765,55.392157,2000,2000,false,false,artifacts/probes/intphys2/seed_runs_layerwise_v1/intphys2__videomae__linear__layer_16/seed_101/train_eval_summary.json,artifacts/probes/intphys2/seed_runs_layerwise_v1/intphys2__videomae__linear__layer_16/seed_101/layer_16/eval,results/verified_layerwise_probe_configs.csv,112,,,,artifact metrics read from train_eval_summary.json
intphys2__videomae__linear__layer_16,intphys2__videomae__linear__layer_16__seed_102,IntPhys2,intphys2,main,VideoMAE,ViT-H/16,Linear,linear,16,Layer 0.5,102,artifact,complete,voe_accuracy,voe_accuracy,50.993377,57.94702,31.372549,57.352941,25.490196,56.372549,2000,2000,false,false,artifacts/probes/intphys2/seed_runs_layerwise_v1/intphys2__videomae__linear__layer_16/seed_102/train_eval_summary.json,artifacts/probes/intphys2/seed_runs_layerwise_v1/intphys2__videomae__linear__layer_16/seed_102/layer_16/eval,results/verified_layerwise_probe_configs.csv,112,,,,artifact metrics read from train_eval_summary.json
intphys2__videomae__linear__layer_24,intphys2__videomae__linear__layer_24__seed_101,IntPhys2,intphys2,main,VideoMAE,ViT-H/16,Linear,linear,24,Layer 0.75,101,artifact,complete,voe_accuracy,voe_accuracy,53.642384,67.384106,35.294118,62.254902,29.411765,56.862745,500,500,false,false,artifacts/probes/intphys2/seed_runs_layerwise_v1/intphys2__videomae__linear__layer_24/seed_101/train_eval_summary.json,artifacts/probes/intphys2/seed_runs_layerwise_v1/intphys2__videomae__linear__layer_24/seed_101/layer_24/eval,results/verified_layerwise_probe_configs.csv,113,,,,artifact metrics read from train_eval_summary.json
intphys2__videomae__linear__layer_24,intphys2__videomae__linear__layer_24__seed_102,IntPhys2,intphys2,main,VideoMAE,ViT-H/16,Linear,linear,24,Layer 0.75,102,artifact,complete,voe_accuracy,voe_accuracy,56.953642,66.721854,37.254902,59.803922,29.411765,58.333333,500,500,false,false,artifacts/probes/intphys2/seed_runs_layerwise_v1/intphys2__videomae__linear__layer_24/seed_102/train_eval_summary.json,artifacts/probes/intphys2/seed_runs_layerwise_v1/intphys2__videomae__linear__layer_24/seed_102/layer_24/eval,results/verified_layerwise_probe_configs.csv,113,,,,artifact metrics read from train_eval_summary.json
intphys2__videomae__mlp__layer_32,intphys2__videomae__mlp__layer_32__seed_101,IntPhys2,intphys2,main,VideoMAE,ViT-H/16,MLP,mlp,32,Final layer,101,artifact,complete,voe_accuracy,voe_accuracy,79.470199,83.774834,25.490196,58.333333,33.333333,57.843137,2000,2000,false,false,artifacts/probes/intphys2/seed_runs_layerwise_v1/intphys2__videomae__mlp__layer_32/seed_101/train_eval_summary.json,artifacts/probes/intphys2/seed_runs_layerwise_v1/intphys2__videomae__mlp__layer_32/seed_101/layer_32/eval,results/verified_layerwise_probe_configs.csv,114,,,,artifact metrics read from train_eval_summary.json
intphys2__videomae__mlp__layer_32,intphys2__videomae__mlp__layer_32__seed_102,IntPhys2,intphys2,main,VideoMAE,ViT-H/16,MLP,mlp,32,Final layer,102,artifact,complete,voe_accuracy,voe_accuracy,83.443709,88.245033,27.45098,58.333333,31.372549,55.392157,2000,2000,false,false,artifacts/probes/intphys2/seed_runs_layerwise_v1/intphys2__videomae__mlp__layer_32/seed_102/train_eval_summary.json,artifacts/probes/intphys2/seed_runs_layerwise_v1/intphys2__videomae__mlp__layer_32/seed_102/layer_32/eval,results/verified_layerwise_probe_configs.csv,114,,,,artifact metrics read from train_eval_summary.json
intphys2__videomae__mlp__layer_8,intphys2__videomae__mlp__layer_8__seed_101,IntPhys2,intphys2,main,VideoMAE,ViT-H/16,MLP,mlp,8,Layer 0.25,101,artifact,complete,voe_accuracy,voe_accuracy,17.218543,50.165563,11.764706,51.960784,13.72549,50.490196,20,20,false,false,artifacts/probes/intphys2/seed_runs_layerwise_v1/intphys2__videomae__mlp__layer_8/seed_101/train_eval_summary.json,artifacts/probes/intphys2/seed_runs_layerwise_v1/intphys2__videomae__mlp__layer_8/seed_101/layer_8/eval,results/verified_layerwise_probe_configs.csv,115,,,,artifact metrics read from train_eval_summary.json
intphys2__videomae__mlp__layer_8,intphys2__videomae__mlp__layer_8__seed_102,IntPhys2,intphys2,main,VideoMAE,ViT-H/16,MLP,mlp,8,Layer 0.25,102,artifact,complete,voe_accuracy,voe_accuracy,19.86755,50.165563,5.882353,51.470588,13.72549,50,20,20,false,false,artifacts/probes/intphys2/seed_runs_layerwise_v1/intphys2__videomae__mlp__layer_8/seed_102/train_eval_summary.json,artifacts/probes/intphys2/seed_runs_layerwise_v1/intphys2__videomae__mlp__layer_8/seed_102/layer_8/eval,results/verified_layerwise_probe_configs.csv,115,,,,artifact metrics read from train_eval_summary.json
intphys2__videomae__mlp__layer_16,intphys2__videomae__mlp__layer_16__seed_101,IntPhys2,intphys2,main,VideoMAE,ViT-H/16,MLP,mlp,16,Layer 0.5,101,artifact,complete,voe_accuracy,voe_accuracy,43.708609,53.97351,35.294118,52.941176,27.45098,50.490196,50,50,false,false,artifacts/probes/intphys2/seed_runs_layerwise_v1/intphys2__videomae__mlp__layer_16/seed_101/train_eval_summary.json,artifacts/probes/intphys2/seed_runs_layerwise_v1/intphys2__videomae__mlp__layer_16/seed_101/layer_16/eval,results/verified_layerwise_probe_configs.csv,116,,,,artifact metrics read from train_eval_summary.json
intphys2__videomae__mlp__layer_16,intphys2__videomae__mlp__layer_16__seed_102,IntPhys2,intphys2,main,VideoMAE,ViT-H/16,MLP,mlp,16,Layer 0.5,102,artifact,complete,voe_accuracy,voe_accuracy,41.721854,51.986755,39.215686,53.431373,33.333333,53.921569,50,50,false,false,artifacts/probes/intphys2/seed_runs_layerwise_v1/intphys2__videomae__mlp__layer_16/seed_102/train_eval_summary.json,artifacts/probes/intphys2/seed_runs_layerwise_v1/intphys2__videomae__mlp__layer_16/seed_102/layer_16/eval,results/verified_layerwise_probe_configs.csv,116,,,,artifact metrics read from train_eval_summary.json
intphys2__videomae__mlp__layer_24,intphys2__videomae__mlp__layer_24__seed_101,IntPhys2,intphys2,main,VideoMAE,ViT-H/16,MLP,mlp,24,Layer 0.75,101,artifact,complete,voe_accuracy,voe_accuracy,93.377483,85.927152,39.215686,62.745098,29.411765,58.823529,2000,2000,false,false,artifacts/probes/intphys2/seed_runs_layerwise_v1/intphys2__videomae__mlp__layer_24/seed_101/train_eval_summary.json,artifacts/probes/intphys2/seed_runs_layerwise_v1/intphys2__videomae__mlp__layer_24/seed_101/layer_24/eval,results/verified_layerwise_probe_configs.csv,117,,,,artifact metrics read from train_eval_summary.json
intphys2__videomae__mlp__layer_24,intphys2__videomae__mlp__layer_24__seed_102,IntPhys2,intphys2,main,VideoMAE,ViT-H/16,MLP,mlp,24,Layer 0.75,102,artifact,complete,voe_accuracy,voe_accuracy,100,99.337748,41.176471,64.705882,41.176471,60.784314,2000,2000,false,false,artifacts/probes/intphys2/seed_runs_layerwise_v1/intphys2__videomae__mlp__layer_24/seed_102/train_eval_summary.json,artifacts/probes/intphys2/seed_runs_layerwise_v1/intphys2__videomae__mlp__layer_24/seed_102/layer_24/eval,results/verified_layerwise_probe_configs.csv,117,,,,artifact metrics read from train_eval_summary.json
intphys2__videomae_v2__linear__layer_40,intphys2__videomae_v2__linear__layer_40__seed_101,IntPhys2,intphys2,main,VideoMAE-v2,ViT-G/16,Linear,linear,40,Final layer,101,artifact,complete,voe_accuracy,voe_accuracy,73.509934,78.476821,27.45098,59.313725,54.901961,58.333333,2000,2000,false,false,artifacts/probes/intphys2/seed_runs_layerwise_v1/intphys2__videomae_v2__linear__layer_40/seed_101/train_eval_summary.json,artifacts/probes/intphys2/seed_runs_layerwise_v1/intphys2__videomae_v2__linear__layer_40/seed_101/layer_40/eval,results/verified_layerwise_probe_configs.csv,146,,,,artifact metrics read from train_eval_summary.json
intphys2__videomae_v2__linear__layer_40,intphys2__videomae_v2__linear__layer_40__seed_102,IntPhys2,intphys2,main,VideoMAE-v2,ViT-G/16,Linear,linear,40,Final layer,102,artifact,complete,voe_accuracy,voe_accuracy,78.807947,83.112583,27.45098,58.823529,50.980392,57.843137,2000,2000,false,false,artifacts/probes/intphys2/seed_runs_layerwise_v1/intphys2__videomae_v2__linear__layer_40/seed_102/train_eval_summary.json,artifacts/probes/intphys2/seed_runs_layerwise_v1/intphys2__videomae_v2__linear__layer_40/seed_102/layer_40/eval,results/verified_layerwise_probe_configs.csv,146,,,,artifact metrics read from train_eval_summary.json
intphys2__videomae_v2__linear__layer_10,intphys2__videomae_v2__linear__layer_10__seed_101,IntPhys2,intphys2,main,VideoMAE-v2,ViT-G/16,Linear,linear,10,Layer 0.25,101,artifact,complete,voe_accuracy,voe_accuracy,47.019868,59.437086,17.647059,51.960784,33.333333,52.45098,100,100,false,false,artifacts/probes/intphys2/seed_runs_layerwise_v1/intphys2__videomae_v2__linear__layer_10/seed_101/train_eval_summary.json,artifacts/probes/intphys2/seed_runs_layerwise_v1/intphys2__videomae_v2__linear__layer_10/seed_101/layer_10/eval,results/verified_layerwise_probe_configs.csv,147,,,,artifact metrics read from train_eval_summary.json
intphys2__videomae_v2__linear__layer_10,intphys2__videomae_v2__linear__layer_10__seed_102,IntPhys2,intphys2,main,VideoMAE-v2,ViT-G/16,Linear,linear,10,Layer 0.25,102,artifact,complete,voe_accuracy,voe_accuracy,45.695364,51.821192,17.647059,52.941176,33.333333,50.490196,100,100,false,false,artifacts/probes/intphys2/seed_runs_layerwise_v1/intphys2__videomae_v2__linear__layer_10/seed_102/train_eval_summary.json,artifacts/probes/intphys2/seed_runs_layerwise_v1/intphys2__videomae_v2__linear__layer_10/seed_102/layer_10/eval,results/verified_layerwise_probe_configs.csv,147,,,,artifact metrics read from train_eval_summary.json
intphys2__videomae_v2__linear__layer_20,intphys2__videomae_v2__linear__layer_20__seed_101,IntPhys2,intphys2,main,VideoMAE-v2,ViT-G/16,Linear,linear,20,Layer 0.5,101,artifact,complete,voe_accuracy,voe_accuracy,96.02649,86.423841,45.098039,64.215686,37.254902,59.803922,2000,2000,false,false,artifacts/probes/intphys2/seed_runs_layerwise_v1/intphys2__videomae_v2__linear__layer_20/seed_101/train_eval_summary.json,artifacts/probes/intphys2/seed_runs_layerwise_v1/intphys2__videomae_v2__linear__layer_20/seed_101/layer_20/eval,results/verified_layerwise_probe_configs.csv,148,,,,artifact metrics read from train_eval_summary.json
intphys2__videomae_v2__linear__layer_20,intphys2__videomae_v2__linear__layer_20__seed_102,IntPhys2,intphys2,main,VideoMAE-v2,ViT-G/16,Linear,linear,20,Layer 0.5,102,artifact,complete,voe_accuracy,voe_accuracy,96.02649,91.887417,47.058824,63.72549,37.254902,60.294118,2000,2000,false,false,artifacts/probes/intphys2/seed_runs_layerwise_v1/intphys2__videomae_v2__linear__layer_20/seed_102/train_eval_summary.json,artifacts/probes/intphys2/seed_runs_layerwise_v1/intphys2__videomae_v2__linear__layer_20/seed_102/layer_20/eval,results/verified_layerwise_probe_configs.csv,148,,,,artifact metrics read from train_eval_summary.json
intphys2__videomae_v2__linear__layer_30,intphys2__videomae_v2__linear__layer_30__seed_101,IntPhys2,intphys2,main,VideoMAE-v2,ViT-G/16,Linear,linear,30,Layer 0.75,101,artifact,complete,voe_accuracy,voe_accuracy,60.264901,76.15894,39.215686,61.764706,43.137255,59.313725,2000,2000,false,false,artifacts/probes/intphys2/seed_runs_layerwise_v1/intphys2__videomae_v2__linear__layer_30/seed_101/train_eval_summary.json,artifacts/probes/intphys2/seed_runs_layerwise_v1/intphys2__videomae_v2__linear__layer_30/seed_101/layer_30/eval,results/verified_layerwise_probe_configs.csv,149,,,,artifact metrics read from train_eval_summary.json
intphys2__videomae_v2__linear__layer_30,intphys2__videomae_v2__linear__layer_30__seed_102,IntPhys2,intphys2,main,VideoMAE-v2,ViT-G/16,Linear,linear,30,Layer 0.75,102,artifact,complete,voe_accuracy,voe_accuracy,61.589404,76.324503,37.254902,62.254902,43.137255,60.784314,2000,2000,false,false,artifacts/probes/intphys2/seed_runs_layerwise_v1/intphys2__videomae_v2__linear__layer_30/seed_102/train_eval_summary.json,artifacts/probes/intphys2/seed_runs_layerwise_v1/intphys2__videomae_v2__linear__layer_30/seed_102/layer_30/eval,results/verified_layerwise_probe_configs.csv,149,,,,artifact metrics read from train_eval_summary.json
intphys2__videomae_v2__mlp__layer_40,intphys2__videomae_v2__mlp__layer_40__seed_101,IntPhys2,intphys2,main,VideoMAE-v2,ViT-G/16,MLP,mlp,40,Final layer,101,artifact,complete,voe_accuracy,voe_accuracy,38.410596,50.993377,31.372549,51.960784,35.294118,51.960784,100,100,false,false,artifacts/probes/intphys2/seed_runs_layerwise_v1/intphys2__videomae_v2__mlp__layer_40/seed_101/train_eval_summary.json,artifacts/probes/intphys2/seed_runs_layerwise_v1/intphys2__videomae_v2__mlp__layer_40/seed_101/layer_40/eval,results/verified_layerwise_probe_configs.csv,150,,,,artifact metrics read from train_eval_summary.json
intphys2__videomae_v2__mlp__layer_40,intphys2__videomae_v2__mlp__layer_40__seed_102,IntPhys2,intphys2,main,VideoMAE-v2,ViT-G/16,MLP,mlp,40,Final layer,102,artifact,complete,voe_accuracy,voe_accuracy,39.072848,51.490066,35.294118,52.45098,45.098039,50.490196,100,100,false,false,artifacts/probes/intphys2/seed_runs_layerwise_v1/intphys2__videomae_v2__mlp__layer_40/seed_102/train_eval_summary.json,artifacts/probes/intphys2/seed_runs_layerwise_v1/intphys2__videomae_v2__mlp__layer_40/seed_102/layer_40/eval,results/verified_layerwise_probe_configs.csv,150,,,,artifact metrics read from train_eval_summary.json
intphys2__videomae_v2__mlp__layer_10,intphys2__videomae_v2__mlp__layer_10__seed_101,IntPhys2,intphys2,main,VideoMAE-v2,ViT-G/16,MLP,mlp,10,Layer 0.25,101,artifact,complete,voe_accuracy,voe_accuracy,90.728477,92.384106,29.411765,58.333333,35.294118,55.392157,2000,2000,false,false,artifacts/probes/intphys2/seed_runs_layerwise_v1/intphys2__videomae_v2__mlp__layer_10/seed_101/train_eval_summary.json,artifacts/probes/intphys2/seed_runs_layerwise_v1/intphys2__videomae_v2__mlp__layer_10/seed_101/layer_10/eval,results/verified_layerwise_probe_configs.csv,151,,,,artifact metrics read from train_eval_summary.json
intphys2__videomae_v2__mlp__layer_10,intphys2__videomae_v2__mlp__layer_10__seed_102,IntPhys2,intphys2,main,VideoMAE-v2,ViT-G/16,MLP,mlp,10,Layer 0.25,102,artifact,complete,voe_accuracy,voe_accuracy,93.377483,95.695364,29.411765,57.352941,33.333333,59.313725,2000,2000,false,false,artifacts/probes/intphys2/seed_runs_layerwise_v1/intphys2__videomae_v2__mlp__layer_10/seed_102/train_eval_summary.json,artifacts/probes/intphys2/seed_runs_layerwise_v1/intphys2__videomae_v2__mlp__layer_10/seed_102/layer_10/eval,results/verified_layerwise_probe_configs.csv,151,,,,artifact metrics read from train_eval_summary.json
intphys2__videomae_v2__mlp__layer_20,intphys2__videomae_v2__mlp__layer_20__seed_101,IntPhys2,intphys2,main,VideoMAE-v2,ViT-G/16,MLP,mlp,20,Layer 0.5,101,artifact,complete,voe_accuracy,voe_accuracy,62.913907,75.993377,41.176471,66.176471,50.980392,59.803922,2000,2000,false,false,artifacts/probes/intphys2/seed_runs_layerwise_v1/intphys2__videomae_v2__mlp__layer_20/seed_101/train_eval_summary.json,artifacts/probes/intphys2/seed_runs_layerwise_v1/intphys2__videomae_v2__mlp__layer_20/seed_101/layer_20/eval,results/verified_layerwise_probe_configs.csv,152,,,,artifact metrics read from train_eval_summary.json
intphys2__videomae_v2__mlp__layer_20,intphys2__videomae_v2__mlp__layer_20__seed_102,IntPhys2,intphys2,main,VideoMAE-v2,ViT-G/16,MLP,mlp,20,Layer 0.5,102,artifact,complete,voe_accuracy,voe_accuracy,60.927152,75.165563,41.176471,64.705882,45.098039,58.333333,2000,2000,false,false,artifacts/probes/intphys2/seed_runs_layerwise_v1/intphys2__videomae_v2__mlp__layer_20/seed_102/train_eval_summary.json,artifacts/probes/intphys2/seed_runs_layerwise_v1/intphys2__videomae_v2__mlp__layer_20/seed_102/layer_20/eval,results/verified_layerwise_probe_configs.csv,152,,,,artifact metrics read from train_eval_summary.json
intphys2__videomae_v2__mlp__layer_30,intphys2__videomae_v2__mlp__layer_30__seed_101,IntPhys2,intphys2,main,VideoMAE-v2,ViT-G/16,MLP,mlp,30,Layer 0.75,101,artifact,complete,voe_accuracy,voe_accuracy,59.602649,73.344371,43.137255,65.686275,47.058824,61.764706,2000,2000,false,false,artifacts/probes/intphys2/seed_runs_layerwise_v1/intphys2__videomae_v2__mlp__layer_30/seed_101/train_eval_summary.json,artifacts/probes/intphys2/seed_runs_layerwise_v1/intphys2__videomae_v2__mlp__layer_30/seed_101/layer_30/eval,results/verified_layerwise_probe_configs.csv,153,,,,artifact metrics read from train_eval_summary.json
intphys2__videomae_v2__mlp__layer_30,intphys2__videomae_v2__mlp__layer_30__seed_102,IntPhys2,intphys2,main,VideoMAE-v2,ViT-G/16,MLP,mlp,30,Layer 0.75,102,artifact,complete,voe_accuracy,voe_accuracy,58.278146,73.675497,43.137255,67.156863,47.058824,62.254902,2000,2000,false,false,artifacts/probes/intphys2/seed_runs_layerwise_v1/intphys2__videomae_v2__mlp__layer_30/seed_102/train_eval_summary.json,artifacts/probes/intphys2/seed_runs_layerwise_v1/intphys2__videomae_v2__mlp__layer_30/seed_102/layer_30/eval,results/verified_layerwise_probe_configs.csv,153,,,,artifact metrics read from train_eval_summary.json
mvp__jepa_v1__linear__layer_32,mvp__jepa_v1__linear__layer_32__seed_101,MVP,mvp,main,V-JEPA,ViT-H/16,Linear,linear,32,Final layer,101,artifact,complete,pair_consistency,pair_consistency,50.79258,72.900506,46.309403,69.868554,47.724975,70.778564,100,100,false,false,artifacts/probes/mvp/seed_runs_layerwise_v1/mvp__jepa_v1__linear__layer_32/seed_101/train_eval_summary.json,artifacts/probes/mvp/seed_runs_layerwise_v1/mvp__jepa_v1__linear__layer_32/seed_101/layer_32/eval,results/verified_layerwise_probe_configs.csv,338,,,,artifact metrics read from train_eval_summary.json
mvp__jepa_v1__linear__layer_32,mvp__jepa_v1__linear__layer_32__seed_102,MVP,mvp,main,V-JEPA,ViT-H/16,Linear,linear,32,Final layer,102,artifact,complete,pair_consistency,pair_consistency,42.664418,70.269815,41.253792,69.464105,40.040445,69.059656,100,100,false,false,artifacts/probes/mvp/seed_runs_layerwise_v1/mvp__jepa_v1__linear__layer_32/seed_102/train_eval_summary.json,artifacts/probes/mvp/seed_runs_layerwise_v1/mvp__jepa_v1__linear__layer_32/seed_102/layer_32/eval,results/verified_layerwise_probe_configs.csv,338,,,,artifact metrics read from train_eval_summary.json
mvp__jepa_v1__linear__layer_8,mvp__jepa_v1__linear__layer_8__seed_101,MVP,mvp,main,V-JEPA,ViT-H/16,Linear,linear,8,Layer 0.25,101,artifact,complete,pair_consistency,pair_consistency,39.730185,66.13828,33.973711,63.094034,36.804853,64.206269,100,100,false,false,artifacts/probes/mvp/seed_runs_layerwise_v1/mvp__jepa_v1__linear__layer_8/seed_101/train_eval_summary.json,artifacts/probes/mvp/seed_runs_layerwise_v1/mvp__jepa_v1__linear__layer_8/seed_101/layer_8/eval,results/verified_layerwise_probe_configs.csv,339,,,,artifact metrics read from train_eval_summary.json
mvp__jepa_v1__linear__layer_8,mvp__jepa_v1__linear__layer_8__seed_102,MVP,mvp,main,V-JEPA,ViT-H/16,Linear,linear,8,Layer 0.25,102,artifact,complete,pair_consistency,pair_consistency,40.134907,66.374368,35.894843,63.346815,36.804853,63.953488,100,100,false,false,artifacts/probes/mvp/seed_runs_layerwise_v1/mvp__jepa_v1__linear__layer_8/seed_102/train_eval_summary.json,artifacts/probes/mvp/seed_runs_layerwise_v1/mvp__jepa_v1__linear__layer_8/seed_102/layer_8/eval,results/verified_layerwise_probe_configs.csv,339,,,,artifact metrics read from train_eval_summary.json
mvp__jepa_v1__linear__layer_16,mvp__jepa_v1__linear__layer_16__seed_101,MVP,mvp,main,V-JEPA,ViT-H/16,Linear,linear,16,Layer 0.5,101,artifact,complete,pair_consistency,pair_consistency,40.370995,67.72344,35.187058,64.863498,37.411527,65.470172,100,100,false,false,artifacts/probes/mvp/seed_runs_layerwise_v1/mvp__jepa_v1__linear__layer_16/seed_101/train_eval_summary.json,artifacts/probes/mvp/seed_runs_layerwise_v1/mvp__jepa_v1__linear__layer_16/seed_101/layer_16/eval,results/verified_layerwise_probe_configs.csv,340,,,,artifact metrics read from train_eval_summary.json
mvp__jepa_v1__linear__layer_16,mvp__jepa_v1__linear__layer_16__seed_102,MVP,mvp,main,V-JEPA,ViT-H/16,Linear,linear,16,Layer 0.5,102,artifact,complete,pair_consistency,pair_consistency,45.261383,68.853288,38.92821,64.610718,40.950455,65.925177,100,100,false,false,artifacts/probes/mvp/seed_runs_layerwise_v1/mvp__jepa_v1__linear__layer_16/seed_102/train_eval_summary.json,artifacts/probes/mvp/seed_runs_layerwise_v1/mvp__jepa_v1__linear__layer_16/seed_102/layer_16/eval,results/verified_layerwise_probe_configs.csv,340,,,,artifact metrics read from train_eval_summary.json
mvp__jepa_v1__linear__layer_24,mvp__jepa_v1__linear__layer_24__seed_101,MVP,mvp,main,V-JEPA,ViT-H/16,Linear,linear,24,Layer 0.75,101,artifact,complete,pair_consistency,pair_consistency,52.681282,73.052277,48.837209,69.0091,47.118301,69.110212,100,100,false,false,artifacts/probes/mvp/seed_runs_layerwise_v1/mvp__jepa_v1__linear__layer_24/seed_101/train_eval_summary.json,artifacts/probes/mvp/seed_runs_layerwise_v1/mvp__jepa_v1__linear__layer_24/seed_101/layer_24/eval,results/verified_layerwise_probe_configs.csv,341,,,,artifact metrics read from train_eval_summary.json
mvp__jepa_v1__linear__layer_24,mvp__jepa_v1__linear__layer_24__seed_102,MVP,mvp,main,V-JEPA,ViT-H/16,Linear,linear,24,Layer 0.75,102,artifact,complete,pair_consistency,pair_consistency,52.478921,72.816189,47.320526,69.615774,47.826087,69.66633,100,100,false,false,artifacts/probes/mvp/seed_runs_layerwise_v1/mvp__jepa_v1__linear__layer_24/seed_102/train_eval_summary.json,artifacts/probes/mvp/seed_runs_layerwise_v1/mvp__jepa_v1__linear__layer_24/seed_102/layer_24/eval,results/verified_layerwise_probe_configs.csv,341,,,,artifact metrics read from train_eval_summary.json
mvp__jepa_v1__mlp__layer_32,mvp__jepa_v1__mlp__layer_32__seed_101,MVP,mvp,main,V-JEPA,ViT-H/16,MLP,mlp,32,Final layer,101,artifact,complete,pair_consistency,pair_consistency,99.831366,99.915683,91.102123,95.247725,87.057634,93.124368,2000,2000,false,false,artifacts/probes/mvp/seed_runs_layerwise_v1/mvp__jepa_v1__mlp__layer_32/seed_101/train_eval_summary.json,artifacts/probes/mvp/seed_runs_layerwise_v1/mvp__jepa_v1__mlp__layer_32/seed_101/layer_32/eval,results/verified_layerwise_probe_configs.csv,342,,,,artifact metrics read from train_eval_summary.json
mvp__jepa_v1__mlp__layer_32,mvp__jepa_v1__mlp__layer_32__seed_102,MVP,mvp,main,V-JEPA,ViT-H/16,MLP,mlp,32,Final layer,102,artifact,complete,pair_consistency,pair_consistency,99.831366,99.915683,90.596562,95.096057,88.877654,94.084934,2000,2000,false,false,artifacts/probes/mvp/seed_runs_layerwise_v1/mvp__jepa_v1__mlp__layer_32/seed_102/train_eval_summary.json,artifacts/probes/mvp/seed_runs_layerwise_v1/mvp__jepa_v1__mlp__layer_32/seed_102/layer_32/eval,results/verified_layerwise_probe_configs.csv,342,,,,artifact metrics read from train_eval_summary.json
mvp__jepa_v1__mlp__layer_8,mvp__jepa_v1__mlp__layer_8__seed_101,MVP,mvp,main,V-JEPA,ViT-H/16,MLP,mlp,8,Layer 0.25,101,artifact,complete,pair_consistency,pair_consistency,91.804384,95.868465,61.779575,78.412538,59.251769,77.047523,2000,2000,false,false,artifacts/probes/mvp/seed_runs_layerwise_v1/mvp__jepa_v1__mlp__layer_8/seed_101/train_eval_summary.json,artifacts/probes/mvp/seed_runs_layerwise_v1/mvp__jepa_v1__mlp__layer_8/seed_101/layer_8/eval,results/verified_layerwise_probe_configs.csv,343,,,,artifact metrics read from train_eval_summary.json
mvp__jepa_v1__mlp__layer_8,mvp__jepa_v1__mlp__layer_8__seed_102,MVP,mvp,main,V-JEPA,ViT-H/16,MLP,mlp,8,Layer 0.25,102,artifact,complete,pair_consistency,pair_consistency,91.871838,95.885329,61.172902,78.412538,58.038423,76.188069,2000,2000,false,false,artifacts/probes/mvp/seed_runs_layerwise_v1/mvp__jepa_v1__mlp__layer_8/seed_102/train_eval_summary.json,artifacts/probes/mvp/seed_runs_layerwise_v1/mvp__jepa_v1__mlp__layer_8/seed_102/layer_8/eval,results/verified_layerwise_probe_configs.csv,343,,,,artifact metrics read from train_eval_summary.json
mvp__jepa_v1__mlp__layer_16,mvp__jepa_v1__mlp__layer_16__seed_101,MVP,mvp,main,V-JEPA,ViT-H/16,MLP,mlp,16,Layer 0.5,101,artifact,complete,pair_consistency,pair_consistency,98.549747,99.274874,71.890799,84.984833,71.183013,83.822042,2000,2000,false,false,artifacts/probes/mvp/seed_runs_layerwise_v1/mvp__jepa_v1__mlp__layer_16/seed_101/train_eval_summary.json,artifacts/probes/mvp/seed_runs_layerwise_v1/mvp__jepa_v1__mlp__layer_16/seed_101/layer_16/eval,results/verified_layerwise_probe_configs.csv,344,,,,artifact metrics read from train_eval_summary.json
mvp__jepa_v1__mlp__layer_16,mvp__jepa_v1__mlp__layer_16__seed_102,MVP,mvp,main,V-JEPA,ViT-H/16,MLP,mlp,16,Layer 0.5,102,artifact,complete,pair_consistency,pair_consistency,99.25801,99.629005,72.901921,85.085945,72.699697,84.226491,2000,2000,false,false,artifacts/probes/mvp/seed_runs_layerwise_v1/mvp__jepa_v1__mlp__layer_16/seed_102/train_eval_summary.json,artifacts/probes/mvp/seed_runs_layerwise_v1/mvp__jepa_v1__mlp__layer_16/seed_102/layer_16/eval,results/verified_layerwise_probe_configs.csv,344,,,,artifact metrics read from train_eval_summary.json
mvp__jepa_v1__mlp__layer_24,mvp__jepa_v1__mlp__layer_24__seed_101,MVP,mvp,main,V-JEPA,ViT-H/16,MLP,mlp,24,Layer 0.75,101,artifact,complete,pair_consistency,pair_consistency,100,100,90.596562,94.994944,86.754297,92.770475,2000,2000,false,false,artifacts/probes/mvp/seed_runs_layerwise_v1/mvp__jepa_v1__mlp__layer_24/seed_101/train_eval_summary.json,artifacts/probes/mvp/seed_runs_layerwise_v1/mvp__jepa_v1__mlp__layer_24/seed_101/layer_24/eval,results/verified_layerwise_probe_configs.csv,345,,,,artifact metrics read from train_eval_summary.json
mvp__jepa_v1__mlp__layer_24,mvp__jepa_v1__mlp__layer_24__seed_102,MVP,mvp,main,V-JEPA,ViT-H/16,MLP,mlp,24,Layer 0.75,102,artifact,complete,pair_consistency,pair_consistency,100,100,90.49545,94.944388,86.85541,92.9727,2000,2000,false,false,artifacts/probes/mvp/seed_runs_layerwise_v1/mvp__jepa_v1__mlp__layer_24/seed_102/train_eval_summary.json,artifacts/probes/mvp/seed_runs_layerwise_v1/mvp__jepa_v1__mlp__layer_24/seed_102/layer_24/eval,results/verified_layerwise_probe_configs.csv,345,,,,artifact metrics read from train_eval_summary.json
mvp__jepa_v2__linear__layer_40,mvp__jepa_v2__linear__layer_40__seed_101,MVP,mvp,main,V-JEPA 2,ViT-G/16,Linear,linear,40,Final layer,101,artifact,complete,pair_consistency,pair_consistency,53.659359,73.01855,49.646107,70.171891,47.724975,68.655207,100,100,false,false,artifacts/probes/mvp/seed_runs_layerwise_v1/mvp__jepa_v2__linear__layer_40/seed_101/train_eval_summary.json,artifacts/probes/mvp/seed_runs_layerwise_v1/mvp__jepa_v2__linear__layer_40/seed_101/layer_40/eval,results/verified_layerwise_probe_configs.csv,362,,,,artifact metrics read from train_eval_summary.json
mvp__jepa_v2__linear__layer_40,mvp__jepa_v2__linear__layer_40__seed_102,MVP,mvp,main,V-JEPA 2,ViT-G/16,Linear,linear,40,Final layer,102,artifact,complete,pair_consistency,pair_consistency,51.568297,72.22597,48.129424,70.070779,47.421638,69.110212,100,100,false,false,artifacts/probes/mvp/seed_runs_layerwise_v1/mvp__jepa_v2__linear__layer_40/seed_102/train_eval_summary.json,artifacts/probes/mvp/seed_runs_layerwise_v1/mvp__jepa_v2__linear__layer_40/seed_102/layer_40/eval,results/verified_layerwise_probe_configs.csv,362,,,,artifact metrics read from train_eval_summary.json
mvp__jepa_v2__linear__layer_10,mvp__jepa_v2__linear__layer_10__seed_101,MVP,mvp,main,V-JEPA 2,ViT-G/16,Linear,linear,10,Layer 0.25,101,artifact,complete,pair_consistency,pair_consistency,34.198988,63.591906,29.322548,59.908999,30.535895,60.515672,100,100,false,false,artifacts/probes/mvp/seed_runs_layerwise_v1/mvp__jepa_v2__linear__layer_10/seed_101/train_eval_summary.json,artifacts/probes/mvp/seed_runs_layerwise_v1/mvp__jepa_v2__linear__layer_10/seed_101/layer_10/eval,results/verified_layerwise_probe_configs.csv,363,,,,artifact metrics read from train_eval_summary.json
mvp__jepa_v2__linear__layer_10,mvp__jepa_v2__linear__layer_10__seed_102,MVP,mvp,main,V-JEPA 2,ViT-G/16,Linear,linear,10,Layer 0.25,102,artifact,complete,pair_consistency,pair_consistency,34.637437,63.507589,30.33367,60.262892,32.457027,61.931244,100,100,false,false,artifacts/probes/mvp/seed_runs_layerwise_v1/mvp__jepa_v2__linear__layer_10/seed_102/train_eval_summary.json,artifacts/probes/mvp/seed_runs_layerwise_v1/mvp__jepa_v2__linear__layer_10/seed_102/layer_10/eval,results/verified_layerwise_probe_configs.csv,363,,,,artifact metrics read from train_eval_summary.json
mvp__jepa_v2__linear__layer_20,mvp__jepa_v2__linear__layer_20__seed_101,MVP,mvp,main,V-JEPA 2,ViT-G/16,Linear,linear,20,Layer 0.5,101,artifact,complete,pair_consistency,pair_consistency,39.15683,66.290051,34.37816,62.23458,32.153691,61.425683,100,100,false,false,artifacts/probes/mvp/seed_runs_layerwise_v1/mvp__jepa_v2__linear__layer_20/seed_101/train_eval_summary.json,artifacts/probes/mvp/seed_runs_layerwise_v1/mvp__jepa_v2__linear__layer_20/seed_101/layer_20/eval,results/verified_layerwise_probe_configs.csv,364,,,,artifact metrics read from train_eval_summary.json
mvp__jepa_v2__linear__layer_20,mvp__jepa_v2__linear__layer_20__seed_102,MVP,mvp,main,V-JEPA 2,ViT-G/16,Linear,linear,20,Layer 0.5,102,artifact,complete,pair_consistency,pair_consistency,39.831366,66.627319,33.771486,62.386249,33.872599,62.689585,100,100,false,false,artifacts/probes/mvp/seed_runs_layerwise_v1/mvp__jepa_v2__linear__layer_20/seed_102/train_eval_summary.json,artifacts/probes/mvp/seed_runs_layerwise_v1/mvp__jepa_v2__linear__layer_20/seed_102/layer_20/eval,results/verified_layerwise_probe_configs.csv,364,,,,artifact metrics read from train_eval_summary.json
mvp__jepa_v2__linear__layer_30,mvp__jepa_v2__linear__layer_30__seed_101,MVP,mvp,main,V-JEPA 2,ViT-G/16,Linear,linear,30,Layer 0.75,101,artifact,complete,pair_consistency,pair_consistency,44.957841,68.684654,39.433771,65.065723,39.332659,64.762386,100,100,false,false,artifacts/probes/mvp/seed_runs_layerwise_v1/mvp__jepa_v2__linear__layer_30/seed_101/train_eval_summary.json,artifacts/probes/mvp/seed_runs_layerwise_v1/mvp__jepa_v2__linear__layer_30/seed_101/layer_30/eval,results/verified_layerwise_probe_configs.csv,365,,,,artifact metrics read from train_eval_summary.json
mvp__jepa_v2__linear__layer_30,mvp__jepa_v2__linear__layer_30__seed_102,MVP,mvp,main,V-JEPA 2,ViT-G/16,Linear,linear,30,Layer 0.75,102,artifact,complete,pair_consistency,pair_consistency,37.605396,66.290051,36.299292,64.914055,35.085945,64.105157,100,100,false,false,artifacts/probes/mvp/seed_runs_layerwise_v1/mvp__jepa_v2__linear__layer_30/seed_102/train_eval_summary.json,artifacts/probes/mvp/seed_runs_layerwise_v1/mvp__jepa_v2__linear__layer_30/seed_102/layer_30/eval,results/verified_layerwise_probe_configs.csv,365,,,,artifact metrics read from train_eval_summary.json
mvp__jepa_v2__mlp__layer_40,mvp__jepa_v2__mlp__layer_40__seed_101,MVP,mvp,main,V-JEPA 2,ViT-G/16,MLP,mlp,40,Final layer,101,artifact,complete,pair_consistency,pair_consistency,99.730185,99.865093,87.76542,93.326593,86.046512,92.264914,2000,2000,false,false,artifacts/probes/mvp/seed_runs_layerwise_v1/mvp__jepa_v2__mlp__layer_40/seed_101/train_eval_summary.json,artifacts/probes/mvp/seed_runs_layerwise_v1/mvp__jepa_v2__mlp__layer_40/seed_101/layer_40/eval,results/verified_layerwise_probe_configs.csv,366,,,,artifact metrics read from train_eval_summary.json
mvp__jepa_v2__mlp__layer_40,mvp__jepa_v2__mlp__layer_40__seed_102,MVP,mvp,main,V-JEPA 2,ViT-G/16,MLP,mlp,40,Final layer,102,artifact,complete,pair_consistency,pair_consistency,99.797639,99.89882,87.563195,93.326593,86.147624,92.366026,2000,2000,false,false,artifacts/probes/mvp/seed_runs_layerwise_v1/mvp__jepa_v2__mlp__layer_40/seed_102/train_eval_summary.json,artifacts/probes/mvp/seed_runs_layerwise_v1/mvp__jepa_v2__mlp__layer_40/seed_102/layer_40/eval,results/verified_layerwise_probe_configs.csv,366,,,,artifact metrics read from train_eval_summary.json
mvp__jepa_v2__mlp__layer_10,mvp__jepa_v2__mlp__layer_10__seed_101,MVP,mvp,main,V-JEPA 2,ViT-G/16,MLP,mlp,10,Layer 0.25,101,artifact,complete,pair_consistency,pair_consistency,93.456998,96.627319,53.589484,73.913043,51.769464,71.890799,2000,2000,false,false,artifacts/probes/mvp/seed_runs_layerwise_v1/mvp__jepa_v2__mlp__layer_10/seed_101/train_eval_summary.json,artifacts/probes/mvp/seed_runs_layerwise_v1/mvp__jepa_v2__mlp__layer_10/seed_101/layer_10/eval,results/verified_layerwise_probe_configs.csv,367,,,,artifact metrics read from train_eval_summary.json
mvp__jepa_v2__mlp__layer_10,mvp__jepa_v2__mlp__layer_10__seed_102,MVP,mvp,main,V-JEPA 2,ViT-G/16,MLP,mlp,10,Layer 0.25,102,artifact,complete,pair_consistency,pair_consistency,88.229342,94.013491,53.185035,73.104146,50.859454,71.73913,2000,2000,false,false,artifacts/probes/mvp/seed_runs_layerwise_v1/mvp__jepa_v2__mlp__layer_10/seed_102/train_eval_summary.json,artifacts/probes/mvp/seed_runs_layerwise_v1/mvp__jepa_v2__mlp__layer_10/seed_102/layer_10/eval,results/verified_layerwise_probe_configs.csv,367,,,,artifact metrics read from train_eval_summary.json
mvp__jepa_v2__mlp__layer_20,mvp__jepa_v2__mlp__layer_20__seed_101,MVP,mvp,main,V-JEPA 2,ViT-G/16,MLP,mlp,20,Layer 0.5,101,artifact,complete,pair_consistency,pair_consistency,95.851602,97.925801,62.992922,79.069767,60.16178,76.946411,2000,2000,false,false,artifacts/probes/mvp/seed_runs_layerwise_v1/mvp__jepa_v2__mlp__layer_20/seed_101/train_eval_summary.json,artifacts/probes/mvp/seed_runs_layerwise_v1/mvp__jepa_v2__mlp__layer_20/seed_101/layer_20/eval,results/verified_layerwise_probe_configs.csv,368,,,,artifact metrics read from train_eval_summary.json
mvp__jepa_v2__mlp__layer_20,mvp__jepa_v2__mlp__layer_20__seed_102,MVP,mvp,main,V-JEPA 2,ViT-G/16,MLP,mlp,20,Layer 0.5,102,artifact,complete,pair_consistency,pair_consistency,92.310287,96.121417,62.487361,79.120324,58.139535,76.592518,2000,2000,false,false,artifacts/probes/mvp/seed_runs_layerwise_v1/mvp__jepa_v2__mlp__layer_20/seed_102/train_eval_summary.json,artifacts/probes/mvp/seed_runs_layerwise_v1/mvp__jepa_v2__mlp__layer_20/seed_102/layer_20/eval,results/verified_layerwise_probe_configs.csv,368,,,,artifact metrics read from train_eval_summary.json
mvp__jepa_v2__mlp__layer_30,mvp__jepa_v2__mlp__layer_30__seed_101,MVP,mvp,main,V-JEPA 2,ViT-G/16,MLP,mlp,30,Layer 0.75,101,artifact,complete,pair_consistency,pair_consistency,99.224283,99.612142,76.541962,86.905966,73.508595,84.63094,2000,2000,false,false,artifacts/probes/mvp/seed_runs_layerwise_v1/mvp__jepa_v2__mlp__layer_30/seed_101/train_eval_summary.json,artifacts/probes/mvp/seed_runs_layerwise_v1/mvp__jepa_v2__mlp__layer_30/seed_101/layer_30/eval,results/verified_layerwise_probe_configs.csv,369,,,,artifact metrics read from train_eval_summary.json
mvp__jepa_v2__mlp__layer_30,mvp__jepa_v2__mlp__layer_30__seed_102,MVP,mvp,main,V-JEPA 2,ViT-G/16,MLP,mlp,30,Layer 0.75,102,artifact,complete,pair_consistency,pair_consistency,99.561551,99.780776,76.744186,87.10819,72.800809,84.580384,2000,2000,false,false,artifacts/probes/mvp/seed_runs_layerwise_v1/mvp__jepa_v2__mlp__layer_30/seed_102/train_eval_summary.json,artifacts/probes/mvp/seed_runs_layerwise_v1/mvp__jepa_v2__mlp__layer_30/seed_102/layer_30/eval,results/verified_layerwise_probe_configs.csv,369,,,,artifact metrics read from train_eval_summary.json
mvp__jepa_v2_1__linear__layer_48,mvp__jepa_v2_1__linear__layer_48__seed_101,MVP,mvp,main,V-JEPA 2.1,ViT-Gigantic/16,Linear,linear,48,Final layer,101,artifact,complete,pair_consistency,pair_consistency,48.128162,71.281619,43.579373,67.18908,39.939333,66.27907,100,100,false,false,artifacts/probes/mvp/seed_runs_layerwise_v1/mvp__jepa_v2_1__linear__layer_48/seed_101/train_eval_summary.json,artifacts/probes/mvp/seed_runs_layerwise_v1/mvp__jepa_v2_1__linear__layer_48/seed_101/layer_48/eval,results/verified_layerwise_probe_configs.csv,410,,,,artifact metrics read from train_eval_summary.json
mvp__jepa_v2_1__linear__layer_48,mvp__jepa_v2_1__linear__layer_48__seed_102,MVP,mvp,main,V-JEPA 2.1,ViT-Gigantic/16,Linear,linear,48,Final layer,102,artifact,complete,pair_consistency,pair_consistency,44.620573,69.797639,40.343782,66.27907,38.422649,65.874621,100,100,false,false,artifacts/probes/mvp/seed_runs_layerwise_v1/mvp__jepa_v2_1__linear__layer_48/seed_102/train_eval_summary.json,artifacts/probes/mvp/seed_runs_layerwise_v1/mvp__jepa_v2_1__linear__layer_48/seed_102/layer_48/eval,results/verified_layerwise_probe_configs.csv,410,,,,artifact metrics read from train_eval_summary.json
mvp__jepa_v2_1__linear__layer_12,mvp__jepa_v2_1__linear__layer_12__seed_101,MVP,mvp,main,V-JEPA 2.1,ViT-Gigantic/16,Linear,linear,12,Layer 0.25,101,artifact,complete,pair_consistency,pair_consistency,34.435076,64.401349,31.749242,62.487361,30.131446,60.819009,100,100,false,false,artifacts/probes/mvp/seed_runs_layerwise_v1/mvp__jepa_v2_1__linear__layer_12/seed_101/train_eval_summary.json,artifacts/probes/mvp/seed_runs_layerwise_v1/mvp__jepa_v2_1__linear__layer_12/seed_101/layer_12/eval,results/verified_layerwise_probe_configs.csv,411,,,,artifact metrics read from train_eval_summary.json
mvp__jepa_v2_1__linear__layer_12,mvp__jepa_v2_1__linear__layer_12__seed_102,MVP,mvp,main,V-JEPA 2.1,ViT-Gigantic/16,Linear,linear,12,Layer 0.25,102,artifact,complete,pair_consistency,pair_consistency,37.841484,66.222597,33.872599,63.650152,33.164813,62.082912,100,100,false,false,artifacts/probes/mvp/seed_runs_layerwise_v1/mvp__jepa_v2_1__linear__layer_12/seed_102/train_eval_summary.json,artifacts/probes/mvp/seed_runs_layerwise_v1/mvp__jepa_v2_1__linear__layer_12/seed_102/layer_12/eval,results/verified_layerwise_probe_configs.csv,411,,,,artifact metrics read from train_eval_summary.json
mvp__jepa_v2_1__linear__layer_24,mvp__jepa_v2_1__linear__layer_24__seed_101,MVP,mvp,main,V-JEPA 2.1,ViT-Gigantic/16,Linear,linear,24,Layer 0.5,101,artifact,complete,pair_consistency,pair_consistency,45.868465,70.219224,41.051567,66.228514,38.725986,64.610718,100,100,false,false,artifacts/probes/mvp/seed_runs_layerwise_v1/mvp__jepa_v2_1__linear__layer_24/seed_101/train_eval_summary.json,artifacts/probes/mvp/seed_runs_layerwise_v1/mvp__jepa_v2_1__linear__layer_24/seed_101/layer_24/eval,results/verified_layerwise_probe_configs.csv,412,,,,artifact metrics read from train_eval_summary.json
mvp__jepa_v2_1__linear__layer_24,mvp__jepa_v2_1__linear__layer_24__seed_102,MVP,mvp,main,V-JEPA 2.1,ViT-Gigantic/16,Linear,linear,24,Layer 0.5,102,artifact,complete,pair_consistency,pair_consistency,48.229342,71.146712,41.456016,66.177958,39.635996,65.217391,100,100,false,false,artifacts/probes/mvp/seed_runs_layerwise_v1/mvp__jepa_v2_1__linear__layer_24/seed_102/train_eval_summary.json,artifacts/probes/mvp/seed_runs_layerwise_v1/mvp__jepa_v2_1__linear__layer_24/seed_102/layer_24/eval,results/verified_layerwise_probe_configs.csv,412,,,,artifact metrics read from train_eval_summary.json
mvp__jepa_v2_1__linear__layer_38,mvp__jepa_v2_1__linear__layer_38__seed_101,MVP,mvp,main,V-JEPA 2.1,ViT-Gigantic/16,Linear,linear,38,Layer 0.75,101,artifact,complete,pair_consistency,pair_consistency,50.725126,72.141653,43.983822,67.391304,44.691608,67.745197,100,100,false,false,artifacts/probes/mvp/seed_runs_layerwise_v1/mvp__jepa_v2_1__linear__layer_38/seed_101/train_eval_summary.json,artifacts/probes/mvp/seed_runs_layerwise_v1/mvp__jepa_v2_1__linear__layer_38/seed_101/layer_38/eval,results/verified_layerwise_probe_configs.csv,413,,,,artifact metrics read from train_eval_summary.json
mvp__jepa_v2_1__linear__layer_38,mvp__jepa_v2_1__linear__layer_38__seed_102,MVP,mvp,main,V-JEPA 2.1,ViT-Gigantic/16,Linear,linear,38,Layer 0.75,102,artifact,complete,pair_consistency,pair_consistency,49.915683,72.344013,44.388271,67.997978,42.669363,66.885743,100,100,false,false,artifacts/probes/mvp/seed_runs_layerwise_v1/mvp__jepa_v2_1__linear__layer_38/seed_102/train_eval_summary.json,artifacts/probes/mvp/seed_runs_layerwise_v1/mvp__jepa_v2_1__linear__layer_38/seed_102/layer_38/eval,results/verified_layerwise_probe_configs.csv,413,,,,artifact metrics read from train_eval_summary.json
mvp__jepa_v2_1__mlp__layer_48,mvp__jepa_v2_1__mlp__layer_48__seed_101,MVP,mvp,main,V-JEPA 2.1,ViT-Gigantic/16,MLP,mlp,48,Final layer,101,artifact,complete,pair_consistency,pair_consistency,98.650927,99.325464,71.385238,83.619818,67.239636,81.294237,2000,2000,false,false,artifacts/probes/mvp/seed_runs_layerwise_v1/mvp__jepa_v2_1__mlp__layer_48/seed_101/train_eval_summary.json,artifacts/probes/mvp/seed_runs_layerwise_v1/mvp__jepa_v2_1__mlp__layer_48/seed_101/layer_48/eval,results/verified_layerwise_probe_configs.csv,414,,,,artifact metrics read from train_eval_summary.json
mvp__jepa_v2_1__mlp__layer_48,mvp__jepa_v2_1__mlp__layer_48__seed_102,MVP,mvp,main,V-JEPA 2.1,ViT-Gigantic/16,MLP,mlp,48,Final layer,102,artifact,complete,pair_consistency,pair_consistency,98.178752,99.089376,72.093023,83.872599,66.632963,80.788675,2000,2000,false,false,artifacts/probes/mvp/seed_runs_layerwise_v1/mvp__jepa_v2_1__mlp__layer_48/seed_102/train_eval_summary.json,artifacts/probes/mvp/seed_runs_layerwise_v1/mvp__jepa_v2_1__mlp__layer_48/seed_102/layer_48/eval,results/verified_layerwise_probe_configs.csv,414,,,,artifact metrics read from train_eval_summary.json
mvp__jepa_v2_1__mlp__layer_12,mvp__jepa_v2_1__mlp__layer_12__seed_101,MVP,mvp,main,V-JEPA 2.1,ViT-Gigantic/16,MLP,mlp,12,Layer 0.25,101,artifact,complete,pair_consistency,pair_consistency,94.131535,97.015177,55.712841,74.469161,53.185035,72.901921,2000,2000,false,false,artifacts/probes/mvp/seed_runs_layerwise_v1/mvp__jepa_v2_1__mlp__layer_12/seed_101/train_eval_summary.json,artifacts/probes/mvp/seed_runs_layerwise_v1/mvp__jepa_v2_1__mlp__layer_12/seed_101/layer_12/eval,results/verified_layerwise_probe_configs.csv,415,,,,artifact metrics read from train_eval_summary.json
mvp__jepa_v2_1__mlp__layer_12,mvp__jepa_v2_1__mlp__layer_12__seed_102,MVP,mvp,main,V-JEPA 2.1,ViT-Gigantic/16,MLP,mlp,12,Layer 0.25,102,artifact,complete,pair_consistency,pair_consistency,94.401349,97.166948,57.128413,74.671385,55.20728,73.559151,2000,2000,false,false,artifacts/probes/mvp/seed_runs_layerwise_v1/mvp__jepa_v2_1__mlp__layer_12/seed_102/train_eval_summary.json,artifacts/probes/mvp/seed_runs_layerwise_v1/mvp__jepa_v2_1__mlp__layer_12/seed_102/layer_12/eval,results/verified_layerwise_probe_configs.csv,415,,,,artifact metrics read from train_eval_summary.json
mvp__jepa_v2_1__mlp__layer_24,mvp__jepa_v2_1__mlp__layer_24__seed_101,MVP,mvp,main,V-JEPA 2.1,ViT-Gigantic/16,MLP,mlp,24,Layer 0.5,101,artifact,complete,pair_consistency,pair_consistency,98.111298,99.055649,64.206269,79.979778,62.386249,78.715875,2000,2000,false,false,artifacts/probes/mvp/seed_runs_layerwise_v1/mvp__jepa_v2_1__mlp__layer_24/seed_101/train_eval_summary.json,artifacts/probes/mvp/seed_runs_layerwise_v1/mvp__jepa_v2_1__mlp__layer_24/seed_101/layer_24/eval,results/verified_layerwise_probe_configs.csv,416,,,,artifact metrics read from train_eval_summary.json
mvp__jepa_v2_1__mlp__layer_24,mvp__jepa_v2_1__mlp__layer_24__seed_102,MVP,mvp,main,V-JEPA 2.1,ViT-Gigantic/16,MLP,mlp,24,Layer 0.5,102,artifact,complete,pair_consistency,pair_consistency,97.504216,98.752108,65.015167,80.283114,61.476239,78.210313,2000,2000,false,false,artifacts/probes/mvp/seed_runs_layerwise_v1/mvp__jepa_v2_1__mlp__layer_24/seed_102/train_eval_summary.json,artifacts/probes/mvp/seed_runs_layerwise_v1/mvp__jepa_v2_1__mlp__layer_24/seed_102/layer_24/eval,results/verified_layerwise_probe_configs.csv,416,,,,artifact metrics read from train_eval_summary.json
mvp__jepa_v2_1__mlp__layer_38,mvp__jepa_v2_1__mlp__layer_38__seed_101,MVP,mvp,main,V-JEPA 2.1,ViT-Gigantic/16,MLP,mlp,38,Layer 0.75,101,artifact,complete,pair_consistency,pair_consistency,99.224283,99.595278,74.519717,84.984833,73.30637,84.37816,2000,2000,false,false,artifacts/probes/mvp/seed_runs_layerwise_v1/mvp__jepa_v2_1__mlp__layer_38/seed_101/train_eval_summary.json,artifacts/probes/mvp/seed_runs_layerwise_v1/mvp__jepa_v2_1__mlp__layer_38/seed_101/layer_38/eval,results/verified_layerwise_probe_configs.csv,417,,,,artifact metrics read from train_eval_summary.json
mvp__jepa_v2_1__mlp__layer_38,mvp__jepa_v2_1__mlp__layer_38__seed_102,MVP,mvp,main,V-JEPA 2.1,ViT-Gigantic/16,MLP,mlp,38,Layer 0.75,102,artifact,complete,pair_consistency,pair_consistency,97.77403,98.887015,73.609707,84.934277,71.688574,83.569262,2000,2000,false,false,artifacts/probes/mvp/seed_runs_layerwise_v1/mvp__jepa_v2_1__mlp__layer_38/seed_102/train_eval_summary.json,artifacts/probes/mvp/seed_runs_layerwise_v1/mvp__jepa_v2_1__mlp__layer_38/seed_102/layer_38/eval,results/verified_layerwise_probe_configs.csv,417,,,,artifact metrics read from train_eval_summary.json
mvp__videomae__linear__layer_32,mvp__videomae__linear__layer_32__seed_101,MVP,mvp,main,VideoMAE,ViT-H/16,Linear,linear,32,Final layer,101,artifact,complete,pair_consistency,pair_consistency,40,66.694772,35.490394,63.902932,35.28817,63.346815,100,100,false,false,artifacts/probes/mvp/seed_runs_layerwise_v1/mvp__videomae__linear__layer_32/seed_101/train_eval_summary.json,artifacts/probes/mvp/seed_runs_layerwise_v1/mvp__videomae__linear__layer_32/seed_101/layer_32/eval,results/verified_layerwise_probe_configs.csv,434,,,,artifact metrics read from train_eval_summary.json
mvp__videomae__linear__layer_32,mvp__videomae__linear__layer_32__seed_102,MVP,mvp,main,VideoMAE,ViT-H/16,Linear,linear,32,Final layer,102,artifact,complete,pair_consistency,pair_consistency,36.18887,65.311973,33.569262,63.14459,30.940344,61.779575,100,100,false,false,artifacts/probes/mvp/seed_runs_layerwise_v1/mvp__videomae__linear__layer_32/seed_102/train_eval_summary.json,artifacts/probes/mvp/seed_runs_layerwise_v1/mvp__videomae__linear__layer_32/seed_102/layer_32/eval,results/verified_layerwise_probe_configs.csv,434,,,,artifact metrics read from train_eval_summary.json
mvp__videomae__linear__layer_8,mvp__videomae__linear__layer_8__seed_101,MVP,mvp,main,VideoMAE,ViT-H/16,Linear,linear,8,Layer 0.25,101,artifact,complete,pair_consistency,pair_consistency,36.155143,65.261383,31.547017,62.335693,31.850354,61.830131,100,100,false,false,artifacts/probes/mvp/seed_runs_layerwise_v1/mvp__videomae__linear__layer_8/seed_101/train_eval_summary.json,artifacts/probes/mvp/seed_runs_layerwise_v1/mvp__videomae__linear__layer_8/seed_101/layer_8/eval,results/verified_layerwise_probe_configs.csv,435,,,,artifact metrics read from train_eval_summary.json
mvp__videomae__linear__layer_8,mvp__videomae__linear__layer_8__seed_102,MVP,mvp,main,VideoMAE,ViT-H/16,Linear,linear,8,Layer 0.25,102,artifact,complete,pair_consistency,pair_consistency,36.762226,64.839798,32.55814,62.032356,30.637007,60.060667,100,100,false,false,artifacts/probes/mvp/seed_runs_layerwise_v1/mvp__videomae__linear__layer_8/seed_102/train_eval_summary.json,artifacts/probes/mvp/seed_runs_layerwise_v1/mvp__videomae__linear__layer_8/seed_102/layer_8/eval,results/verified_layerwise_probe_configs.csv,435,,,,artifact metrics read from train_eval_summary.json
mvp__videomae__linear__layer_16,mvp__videomae__linear__layer_16__seed_101,MVP,mvp,main,VideoMAE,ViT-H/16,Linear,linear,16,Layer 0.5,101,artifact,complete,pair_consistency,pair_consistency,39.021922,66.677909,33.771486,63.043478,35.085945,64.105157,100,100,false,false,artifacts/probes/mvp/seed_runs_layerwise_v1/mvp__videomae__linear__layer_16/seed_101/train_eval_summary.json,artifacts/probes/mvp/seed_runs_layerwise_v1/mvp__videomae__linear__layer_16/seed_101/layer_16/eval,results/verified_layerwise_probe_configs.csv,436,,,,artifact metrics read from train_eval_summary.json
mvp__videomae__linear__layer_16,mvp__videomae__linear__layer_16__seed_102,MVP,mvp,main,VideoMAE,ViT-H/16,Linear,linear,16,Layer 0.5,102,artifact,complete,pair_consistency,pair_consistency,40.236088,66.947723,35.591507,63.094034,36.299292,63.549039,100,100,false,false,artifacts/probes/mvp/seed_runs_layerwise_v1/mvp__videomae__linear__layer_16/seed_102/train_eval_summary.json,artifacts/probes/mvp/seed_runs_layerwise_v1/mvp__videomae__linear__layer_16/seed_102/layer_16/eval,results/verified_layerwise_probe_configs.csv,436,,,,artifact metrics read from train_eval_summary.json
mvp__videomae__linear__layer_24,mvp__videomae__linear__layer_24__seed_101,MVP,mvp,main,VideoMAE,ViT-H/16,Linear,linear,24,Layer 0.75,101,artifact,complete,pair_consistency,pair_consistency,38.448567,67.116358,34.37816,64.71183,34.883721,64.054601,100,100,false,false,artifacts/probes/mvp/seed_runs_layerwise_v1/mvp__videomae__linear__layer_24/seed_101/train_eval_summary.json,artifacts/probes/mvp/seed_runs_layerwise_v1/mvp__videomae__linear__layer_24/seed_101/layer_24/eval,results/verified_layerwise_probe_configs.csv,437,,,,artifact metrics read from train_eval_summary.json
mvp__videomae__linear__layer_24,mvp__videomae__linear__layer_24__seed_102,MVP,mvp,main,VideoMAE,ViT-H/16,Linear,linear,24,Layer 0.75,102,artifact,complete,pair_consistency,pair_consistency,35.716695,66.458685,31.951466,63.902932,31.749242,63.245703,100,100,false,false,artifacts/probes/mvp/seed_runs_layerwise_v1/mvp__videomae__linear__layer_24/seed_102/train_eval_summary.json,artifacts/probes/mvp/seed_runs_layerwise_v1/mvp__videomae__linear__layer_24/seed_102/layer_24/eval,results/verified_layerwise_probe_configs.csv,437,,,,artifact metrics read from train_eval_summary.json
mvp__videomae__mlp__layer_32,mvp__videomae__mlp__layer_32__seed_101,MVP,mvp,main,VideoMAE,ViT-H/16,MLP,mlp,32,Final layer,101,artifact,complete,pair_consistency,pair_consistency,98.482293,99.241147,66.127401,81.648129,62.89181,79.979778,2000,2000,false,false,artifacts/probes/mvp/seed_runs_layerwise_v1/mvp__videomae__mlp__layer_32/seed_101/train_eval_summary.json,artifacts/probes/mvp/seed_runs_layerwise_v1/mvp__videomae__mlp__layer_32/seed_101/layer_32/eval,results/verified_layerwise_probe_configs.csv,438,,,,artifact metrics read from train_eval_summary.json
mvp__videomae__mlp__layer_32,mvp__videomae__mlp__layer_32__seed_102,MVP,mvp,main,VideoMAE,ViT-H/16,MLP,mlp,32,Final layer,102,artifact,complete,pair_consistency,pair_consistency,98.010118,99.005059,67.037412,82.052578,63.397371,79.979778,2000,2000,false,false,artifacts/probes/mvp/seed_runs_layerwise_v1/mvp__videomae__mlp__layer_32/seed_102/train_eval_summary.json,artifacts/probes/mvp/seed_runs_layerwise_v1/mvp__videomae__mlp__layer_32/seed_102/layer_32/eval,results/verified_layerwise_probe_configs.csv,438,,,,artifact metrics read from train_eval_summary.json
mvp__videomae__mlp__layer_8,mvp__videomae__mlp__layer_8__seed_101,MVP,mvp,main,VideoMAE,ViT-H/16,MLP,mlp,8,Layer 0.25,101,artifact,complete,pair_consistency,pair_consistency,84.991568,92.478921,50.65723,72.497472,50.556117,72.345804,2000,2000,false,false,artifacts/probes/mvp/seed_runs_layerwise_v1/mvp__videomae__mlp__layer_8/seed_101/train_eval_summary.json,artifacts/probes/mvp/seed_runs_layerwise_v1/mvp__videomae__mlp__layer_8/seed_101/layer_8/eval,results/verified_layerwise_probe_configs.csv,439,,,,artifact metrics read from train_eval_summary.json
mvp__videomae__mlp__layer_8,mvp__videomae__mlp__layer_8__seed_102,MVP,mvp,main,VideoMAE,ViT-H/16,MLP,mlp,8,Layer 0.25,102,artifact,complete,pair_consistency,pair_consistency,86.374368,93.102867,50.556117,72.699697,49.747219,71.284125,2000,2000,false,false,artifacts/probes/mvp/seed_runs_layerwise_v1/mvp__videomae__mlp__layer_8/seed_102/train_eval_summary.json,artifacts/probes/mvp/seed_runs_layerwise_v1/mvp__videomae__mlp__layer_8/seed_102/layer_8/eval,results/verified_layerwise_probe_configs.csv,439,,,,artifact metrics read from train_eval_summary.json
mvp__videomae__mlp__layer_16,mvp__videomae__mlp__layer_16__seed_101,MVP,mvp,main,VideoMAE,ViT-H/16,MLP,mlp,16,Layer 0.5,101,artifact,complete,pair_consistency,pair_consistency,87.284992,93.625632,59.352882,77.502528,57.0273,75.985844,2000,2000,false,false,artifacts/probes/mvp/seed_runs_layerwise_v1/mvp__videomae__mlp__layer_16/seed_101/train_eval_summary.json,artifacts/probes/mvp/seed_runs_layerwise_v1/mvp__videomae__mlp__layer_16/seed_101/layer_16/eval,results/verified_layerwise_probe_configs.csv,440,,,,artifact metrics read from train_eval_summary.json
mvp__videomae__mlp__layer_16,mvp__videomae__mlp__layer_16__seed_102,MVP,mvp,main,VideoMAE,ViT-H/16,MLP,mlp,16,Layer 0.5,102,artifact,complete,pair_consistency,pair_consistency,89.544688,94.721754,60.364004,78.311426,60.16178,77.60364,2000,2000,false,false,artifacts/probes/mvp/seed_runs_layerwise_v1/mvp__videomae__mlp__layer_16/seed_102/train_eval_summary.json,artifacts/probes/mvp/seed_runs_layerwise_v1/mvp__videomae__mlp__layer_16/seed_102/layer_16/eval,results/verified_layerwise_probe_configs.csv,440,,,,artifact metrics read from train_eval_summary.json
mvp__videomae__mlp__layer_24,mvp__videomae__mlp__layer_24__seed_101,MVP,mvp,main,VideoMAE,ViT-H/16,MLP,mlp,24,Layer 0.75,101,artifact,complete,pair_consistency,pair_consistency,93.01855,96.475548,69.059656,82.962588,64.307381,80.283114,2000,2000,false,false,artifacts/probes/mvp/seed_runs_layerwise_v1/mvp__videomae__mlp__layer_24/seed_101/train_eval_summary.json,artifacts/probes/mvp/seed_runs_layerwise_v1/mvp__videomae__mlp__layer_24/seed_101/layer_24/eval,results/verified_layerwise_probe_configs.csv,441,,,,artifact metrics read from train_eval_summary.json
mvp__videomae__mlp__layer_24,mvp__videomae__mlp__layer_24__seed_102,MVP,mvp,main,VideoMAE,ViT-H/16,MLP,mlp,24,Layer 0.75,102,artifact,complete,pair_consistency,pair_consistency,93.524452,96.745363,68.655207,82.709808,65.520728,80.33367,2000,2000,false,false,artifacts/probes/mvp/seed_runs_layerwise_v1/mvp__videomae__mlp__layer_24/seed_102/train_eval_summary.json,artifacts/probes/mvp/seed_runs_layerwise_v1/mvp__videomae__mlp__layer_24/seed_102/layer_24/eval,results/verified_layerwise_probe_configs.csv,441,,,,artifact metrics read from train_eval_summary.json
mvp__videomae_v2__linear__layer_40,mvp__videomae_v2__linear__layer_40__seed_101,MVP,mvp,main,VideoMAE-v2,ViT-G/16,Linear,linear,40,Final layer,101,artifact,complete,pair_consistency,pair_consistency,40.067454,67.369309,34.37816,63.599596,34.479272,63.346815,100,100,false,false,artifacts/probes/mvp/seed_runs_layerwise_v1/mvp__videomae_v2__linear__layer_40/seed_101/train_eval_summary.json,artifacts/probes/mvp/seed_runs_layerwise_v1/mvp__videomae_v2__linear__layer_40/seed_101/layer_40/eval,results/verified_layerwise_probe_configs.csv,470,,,,artifact metrics read from train_eval_summary.json
mvp__videomae_v2__linear__layer_40,mvp__videomae_v2__linear__layer_40__seed_102,MVP,mvp,main,VideoMAE-v2,ViT-G/16,Linear,linear,40,Final layer,102,artifact,complete,pair_consistency,pair_consistency,36.357504,65.092749,34.681496,63.650152,33.670374,62.23458,100,100,false,false,artifacts/probes/mvp/seed_runs_layerwise_v1/mvp__videomae_v2__linear__layer_40/seed_102/train_eval_summary.json,artifacts/probes/mvp/seed_runs_layerwise_v1/mvp__videomae_v2__linear__layer_40/seed_102/layer_40/eval,results/verified_layerwise_probe_configs.csv,470,,,,artifact metrics read from train_eval_summary.json
mvp__videomae_v2__linear__layer_10,mvp__videomae_v2__linear__layer_10__seed_101,MVP,mvp,main,VideoMAE-v2,ViT-G/16,Linear,linear,10,Layer 0.25,101,artifact,complete,pair_consistency,pair_consistency,36.357504,65.29511,31.24368,61.880688,32.861476,62.992922,100,100,false,false,artifacts/probes/mvp/seed_runs_layerwise_v1/mvp__videomae_v2__linear__layer_10/seed_101/train_eval_summary.json,artifacts/probes/mvp/seed_runs_layerwise_v1/mvp__videomae_v2__linear__layer_10/seed_101/layer_10/eval,results/verified_layerwise_probe_configs.csv,471,,,,artifact metrics read from train_eval_summary.json
mvp__videomae_v2__linear__layer_10,mvp__videomae_v2__linear__layer_10__seed_102,MVP,mvp,main,VideoMAE-v2,ViT-G/16,Linear,linear,10,Layer 0.25,102,artifact,complete,pair_consistency,pair_consistency,33.659359,63.743676,31.041456,61.526795,32.052578,62.184024,100,100,false,false,artifacts/probes/mvp/seed_runs_layerwise_v1/mvp__videomae_v2__linear__layer_10/seed_102/train_eval_summary.json,artifacts/probes/mvp/seed_runs_layerwise_v1/mvp__videomae_v2__linear__layer_10/seed_102/layer_10/eval,results/verified_layerwise_probe_configs.csv,471,,,,artifact metrics read from train_eval_summary.json
mvp__videomae_v2__linear__layer_20,mvp__videomae_v2__linear__layer_20__seed_101,MVP,mvp,main,VideoMAE-v2,ViT-G/16,Linear,linear,20,Layer 0.5,101,artifact,complete,pair_consistency,pair_consistency,39.865093,67.099494,38.321537,65.015167,34.782609,62.639029,100,100,false,false,artifacts/probes/mvp/seed_runs_layerwise_v1/mvp__videomae_v2__linear__layer_20/seed_101/train_eval_summary.json,artifacts/probes/mvp/seed_runs_layerwise_v1/mvp__videomae_v2__linear__layer_20/seed_101/layer_20/eval,results/verified_layerwise_probe_configs.csv,472,,,,artifact metrics read from train_eval_summary.json
mvp__videomae_v2__linear__layer_20,mvp__videomae_v2__linear__layer_20__seed_102,MVP,mvp,main,VideoMAE-v2,ViT-G/16,Linear,linear,20,Layer 0.5,102,artifact,complete,pair_consistency,pair_consistency,40.269815,67.352445,37.310415,64.863498,35.490394,64.560162,100,100,false,false,artifacts/probes/mvp/seed_runs_layerwise_v1/mvp__videomae_v2__linear__layer_20/seed_102/train_eval_summary.json,artifacts/probes/mvp/seed_runs_layerwise_v1/mvp__videomae_v2__linear__layer_20/seed_102/layer_20/eval,results/verified_layerwise_probe_configs.csv,472,,,,artifact metrics read from train_eval_summary.json
mvp__videomae_v2__linear__layer_30,mvp__videomae_v2__linear__layer_30__seed_101,MVP,mvp,main,VideoMAE-v2,ViT-G/16,Linear,linear,30,Layer 0.75,101,artifact,complete,pair_consistency,pair_consistency,38.752108,66.23946,37.209302,64.256825,34.175935,62.537917,100,100,false,false,artifacts/probes/mvp/seed_runs_layerwise_v1/mvp__videomae_v2__linear__layer_30/seed_101/train_eval_summary.json,artifacts/probes/mvp/seed_runs_layerwise_v1/mvp__videomae_v2__linear__layer_30/seed_101/layer_30/eval,results/verified_layerwise_probe_configs.csv,473,,,,artifact metrics read from train_eval_summary.json
mvp__videomae_v2__linear__layer_30,mvp__videomae_v2__linear__layer_30__seed_102,MVP,mvp,main,VideoMAE-v2,ViT-G/16,Linear,linear,30,Layer 0.75,102,artifact,complete,pair_consistency,pair_consistency,39.966273,66.18887,35.995956,63.397371,35.692619,63.043478,100,100,false,false,artifacts/probes/mvp/seed_runs_layerwise_v1/mvp__videomae_v2__linear__layer_30/seed_102/train_eval_summary.json,artifacts/probes/mvp/seed_runs_layerwise_v1/mvp__videomae_v2__linear__layer_30/seed_102/layer_30/eval,results/verified_layerwise_probe_configs.csv,473,,,,artifact metrics read from train_eval_summary.json
mvp__videomae_v2__mlp__layer_40,mvp__videomae_v2__mlp__layer_40__seed_101,MVP,mvp,main,VideoMAE-v2,ViT-G/16,MLP,mlp,40,Final layer,101,artifact,complete,pair_consistency,pair_consistency,89.645868,94.688027,61.172902,77.805865,58.543984,76.339737,2000,2000,false,false,artifacts/probes/mvp/seed_runs_layerwise_v1/mvp__videomae_v2__mlp__layer_40/seed_101/train_eval_summary.json,artifacts/probes/mvp/seed_runs_layerwise_v1/mvp__videomae_v2__mlp__layer_40/seed_101/layer_40/eval,results/verified_layerwise_probe_configs.csv,474,,,,artifact metrics read from train_eval_summary.json
mvp__videomae_v2__mlp__layer_40,mvp__videomae_v2__mlp__layer_40__seed_102,MVP,mvp,main,VideoMAE-v2,ViT-G/16,MLP,mlp,40,Final layer,102,artifact,complete,pair_consistency,pair_consistency,88.397976,94.080944,61.779575,78.210313,57.0273,75.379171,2000,2000,false,false,artifacts/probes/mvp/seed_runs_layerwise_v1/mvp__videomae_v2__mlp__layer_40/seed_102/train_eval_summary.json,artifacts/probes/mvp/seed_runs_layerwise_v1/mvp__videomae_v2__mlp__layer_40/seed_102/layer_40/eval,results/verified_layerwise_probe_configs.csv,474,,,,artifact metrics read from train_eval_summary.json
mvp__videomae_v2__mlp__layer_10,mvp__videomae_v2__mlp__layer_10__seed_101,MVP,mvp,main,VideoMAE-v2,ViT-G/16,MLP,mlp,10,Layer 0.25,101,artifact,complete,pair_consistency,pair_consistency,86.88027,93.389545,53.38726,74.165824,52.173913,72.649141,2000,2000,false,false,artifacts/probes/mvp/seed_runs_layerwise_v1/mvp__videomae_v2__mlp__layer_10/seed_101/train_eval_summary.json,artifacts/probes/mvp/seed_runs_layerwise_v1/mvp__videomae_v2__mlp__layer_10/seed_101/layer_10/eval,results/verified_layerwise_probe_configs.csv,475,,,,artifact metrics read from train_eval_summary.json
mvp__videomae_v2__mlp__layer_10,mvp__videomae_v2__mlp__layer_10__seed_102,MVP,mvp,main,VideoMAE-v2,ViT-G/16,MLP,mlp,10,Layer 0.25,102,artifact,complete,pair_consistency,pair_consistency,86.913997,93.355818,53.286148,74.165824,53.286148,73.30637,2000,2000,false,false,artifacts/probes/mvp/seed_runs_layerwise_v1/mvp__videomae_v2__mlp__layer_10/seed_102/train_eval_summary.json,artifacts/probes/mvp/seed_runs_layerwise_v1/mvp__videomae_v2__mlp__layer_10/seed_102/layer_10/eval,results/verified_layerwise_probe_configs.csv,475,,,,artifact metrics read from train_eval_summary.json
mvp__videomae_v2__mlp__layer_20,mvp__videomae_v2__mlp__layer_20__seed_101,MVP,mvp,main,VideoMAE-v2,ViT-G/16,MLP,mlp,20,Layer 0.5,101,artifact,complete,pair_consistency,pair_consistency,93.389545,96.694772,68.655207,82.406471,66.228514,80.586451,2000,2000,false,false,artifacts/probes/mvp/seed_runs_layerwise_v1/mvp__videomae_v2__mlp__layer_20/seed_101/train_eval_summary.json,artifacts/probes/mvp/seed_runs_layerwise_v1/mvp__videomae_v2__mlp__layer_20/seed_101/layer_20/eval,results/verified_layerwise_probe_configs.csv,476,,,,artifact metrics read from train_eval_summary.json
mvp__videomae_v2__mlp__layer_20,mvp__videomae_v2__mlp__layer_20__seed_102,MVP,mvp,main,VideoMAE-v2,ViT-G/16,MLP,mlp,20,Layer 0.5,102,artifact,complete,pair_consistency,pair_consistency,94.637437,97.318718,68.554095,82.355915,66.936299,81.142568,2000,2000,false,false,artifacts/probes/mvp/seed_runs_layerwise_v1/mvp__videomae_v2__mlp__layer_20/seed_102/train_eval_summary.json,artifacts/probes/mvp/seed_runs_layerwise_v1/mvp__videomae_v2__mlp__layer_20/seed_102/layer_20/eval,results/verified_layerwise_probe_configs.csv,476,,,,artifact metrics read from train_eval_summary.json
mvp__videomae_v2__mlp__layer_30,mvp__videomae_v2__mlp__layer_30__seed_101,MVP,mvp,main,VideoMAE-v2,ViT-G/16,MLP,mlp,30,Layer 0.75,101,artifact,complete,pair_consistency,pair_consistency,92.242833,96.020236,63.599596,79.474216,61.07179,78.058645,2000,2000,false,false,artifacts/probes/mvp/seed_runs_layerwise_v1/mvp__videomae_v2__mlp__layer_30/seed_101/train_eval_summary.json,artifacts/probes/mvp/seed_runs_layerwise_v1/mvp__videomae_v2__mlp__layer_30/seed_101/layer_30/eval,results/verified_layerwise_probe_configs.csv,477,,,,artifact metrics read from train_eval_summary.json
mvp__videomae_v2__mlp__layer_30,mvp__videomae_v2__mlp__layer_30__seed_102,MVP,mvp,main,VideoMAE-v2,ViT-G/16,MLP,mlp,30,Layer 0.75,102,artifact,complete,pair_consistency,pair_consistency,90.455312,95.177066,64.206269,79.625885,61.07179,78.715875,2000,2000,false,false,artifacts/probes/mvp/seed_runs_layerwise_v1/mvp__videomae_v2__mlp__layer_30/seed_102/train_eval_summary.json,artifacts/probes/mvp/seed_runs_layerwise_v1/mvp__videomae_v2__mlp__layer_30/seed_102/layer_30/eval,results/verified_layerwise_probe_configs.csv,477,,,,artifact metrics read from train_eval_summary.json
