config_id,run_id,dataset,dataset_hydra,experiment,model,backbone,probe,probe_hydra,layer,layer_label,seed,source,status,objective_metric_name,primary_metric_name,train_primary,train_accuracy,val_primary,val_accuracy,test_primary,test_accuracy,n_epochs,expected_epochs,early_stopped,expected_early_stopping,artifact_train_eval_summary,artifact_probe_eval_dir,source_csv_path,source_csv_line_number,source_excel_workbook,source_excel_sheet,source_excel_range,notes
intphys2__same_l__jepa_v1__vitl16_224__linear__layer_6,intphys2__same_l__jepa_v1__vitl16_224__linear__layer_6__seed_42,IntPhys2,intphys2,same_L,V-JEPA,ViT-L/16,Linear,linear,6,6,42,source_csv,complete,voe_accuracy,voe_accuracy,45.695364,65.728477,27.45098,56.862745,25.490196,55.392157,,1000,,false,,,results/verified_layerwise_probe_configs.csv,2,intphys_primary_db.xlsx,V-JEPA,A3:K3,seed 42 read from source CSV metrics
intphys2__same_l__jepa_v1__vitl16_224__linear__layer_12,intphys2__same_l__jepa_v1__vitl16_224__linear__layer_12__seed_42,IntPhys2,intphys2,same_L,V-JEPA,ViT-L/16,Linear,linear,12,12,42,source_csv,complete,voe_accuracy,voe_accuracy,49.668874,71.523179,43.137255,61.27451,29.411765,51.470588,,2000,,false,,,results/verified_layerwise_probe_configs.csv,3,intphys_primary_db.xlsx,V-JEPA,A4:K4,seed 42 read from source CSV metrics
intphys2__same_l__jepa_v1__vitl16_224__linear__layer_18,intphys2__same_l__jepa_v1__vitl16_224__linear__layer_18__seed_42,IntPhys2,intphys2,same_L,V-JEPA,ViT-L/16,Linear,linear,18,18,42,source_csv,complete,voe_accuracy,voe_accuracy,43.046358,53.311258,41.176471,53.921569,37.254902,53.921569,,20,,false,,,results/verified_layerwise_probe_configs.csv,4,intphys_primary_db.xlsx,V-JEPA,A5:K5,seed 42 read from source CSV metrics
intphys2__same_l__jepa_v1__vitl16_224__linear__layer_24,intphys2__same_l__jepa_v1__vitl16_224__linear__layer_24__seed_42,IntPhys2,intphys2,same_L,V-JEPA,ViT-L/16,Linear,linear,24,24,42,source_csv,complete,voe_accuracy,voe_accuracy,49.006623,59.10596,39.215686,56.862745,47.058824,60.294118,,500,,false,,,results/verified_layerwise_probe_configs.csv,5,intphys_primary_db.xlsx,V-JEPA,A6:K6,seed 42 read from source CSV metrics
intphys2__same_l__jepa_v1__vitl16_224__mlp__layer_6,intphys2__same_l__jepa_v1__vitl16_224__mlp__layer_6__seed_42,IntPhys2,intphys2,same_L,V-JEPA,ViT-L/16,MLP,mlp,6,6,42,source_csv,complete,voe_accuracy,voe_accuracy,26.490066,53.311258,25.490196,54.411765,31.372549,52.45098,,50,,false,,,results/verified_layerwise_probe_configs.csv,6,intphys_primary_db.xlsx,V-JEPA,A7:K7,seed 42 read from source CSV metrics
intphys2__same_l__jepa_v1__vitl16_224__mlp__layer_12,intphys2__same_l__jepa_v1__vitl16_224__mlp__layer_12__seed_42,IntPhys2,intphys2,same_L,V-JEPA,ViT-L/16,MLP,mlp,12,12,42,source_csv,complete,voe_accuracy,voe_accuracy,100,100,43.137255,63.72549,35.294118,58.333333,,2000,,false,,,results/verified_layerwise_probe_configs.csv,7,intphys_primary_db.xlsx,V-JEPA,A8:K8,seed 42 read from source CSV metrics
intphys2__same_l__jepa_v1__vitl16_224__mlp__layer_18,intphys2__same_l__jepa_v1__vitl16_224__mlp__layer_18__seed_42,IntPhys2,intphys2,same_L,V-JEPA,ViT-L/16,MLP,mlp,18,18,42,source_csv,complete,voe_accuracy,voe_accuracy,82.781457,85.596026,50.980392,67.156863,47.058824,64.215686,,2000,,false,,,results/verified_layerwise_probe_configs.csv,8,intphys_primary_db.xlsx,V-JEPA,A9:K9,seed 42 read from source CSV metrics
intphys2__same_l__jepa_v1__vitl16_224__mlp__layer_24,intphys2__same_l__jepa_v1__vitl16_224__mlp__layer_24__seed_42,IntPhys2,intphys2,same_L,V-JEPA,ViT-L/16,MLP,mlp,24,24,42,source_csv,complete,voe_accuracy,voe_accuracy,50.993377,57.119205,43.137255,53.921569,49.019608,50.980392,,20,,false,,,results/verified_layerwise_probe_configs.csv,9,intphys_primary_db.xlsx,V-JEPA,A10:K10,seed 42 read from source CSV metrics
intphys2__same_l__jepa_v2__vitl_256__linear__layer_6,intphys2__same_l__jepa_v2__vitl_256__linear__layer_6__seed_42,IntPhys2,intphys2,same_L,V-JEPA 2,ViT-L/16,Linear,linear,6,6,42,source_csv,complete,voe_accuracy,voe_accuracy,37.086093,53.311258,19.607843,52.45098,27.45098,52.45098,,50,,false,,,results/verified_layerwise_probe_configs.csv,26,intphys_primary_db.xlsx,V-JEPA 2,A3:K3,seed 42 read from source CSV metrics
intphys2__same_l__jepa_v2__vitl_256__linear__layer_12,intphys2__same_l__jepa_v2__vitl_256__linear__layer_12__seed_42,IntPhys2,intphys2,same_L,V-JEPA 2,ViT-L/16,Linear,linear,12,12,42,source_csv,complete,voe_accuracy,voe_accuracy,70.860927,78.642384,33.333333,58.333333,37.254902,55.882353,,2000,,false,,,results/verified_layerwise_probe_configs.csv,27,intphys_primary_db.xlsx,V-JEPA 2,A4:K4,seed 42 read from source CSV metrics
intphys2__same_l__jepa_v2__vitl_256__linear__layer_18,intphys2__same_l__jepa_v2__vitl_256__linear__layer_18__seed_42,IntPhys2,intphys2,same_L,V-JEPA 2,ViT-L/16,Linear,linear,18,18,42,source_csv,complete,voe_accuracy,voe_accuracy,85.430464,79.635762,45.098039,66.176471,49.019608,64.215686,,2000,,false,,,results/verified_layerwise_probe_configs.csv,28,intphys_primary_db.xlsx,V-JEPA 2,A5:K5,seed 42 read from source CSV metrics
intphys2__same_l__jepa_v2__vitl_256__linear__layer_24,intphys2__same_l__jepa_v2__vitl_256__linear__layer_24__seed_42,IntPhys2,intphys2,same_L,V-JEPA 2,ViT-L/16,Linear,linear,24,24,42,source_csv,complete,voe_accuracy,voe_accuracy,64.238411,73.84106,27.45098,58.333333,35.294118,54.901961,,100,,false,,,results/verified_layerwise_probe_configs.csv,29,intphys_primary_db.xlsx,V-JEPA 2,A6:K6,seed 42 read from source CSV metrics
intphys2__same_l__jepa_v2__vitl_256__mlp__layer_6,intphys2__same_l__jepa_v2__vitl_256__mlp__layer_6__seed_42,IntPhys2,intphys2,same_L,V-JEPA 2,ViT-L/16,MLP,mlp,6,6,42,source_csv,complete,voe_accuracy,voe_accuracy,22.516556,51.490066,19.607843,51.470588,19.607843,50.980392,,50,,false,,,results/verified_layerwise_probe_configs.csv,30,intphys_primary_db.xlsx,V-JEPA 2,A7:K7,seed 42 read from source CSV metrics
intphys2__same_l__jepa_v2__vitl_256__mlp__layer_12,intphys2__same_l__jepa_v2__vitl_256__mlp__layer_12__seed_42,IntPhys2,intphys2,same_L,V-JEPA 2,ViT-L/16,MLP,mlp,12,12,42,source_csv,complete,voe_accuracy,voe_accuracy,100,99.503311,31.372549,62.254902,33.333333,56.862745,,2000,,false,,,results/verified_layerwise_probe_configs.csv,31,intphys_primary_db.xlsx,V-JEPA 2,A8:K8,seed 42 read from source CSV metrics
intphys2__same_l__jepa_v2__vitl_256__mlp__layer_18,intphys2__same_l__jepa_v2__vitl_256__mlp__layer_18__seed_42,IntPhys2,intphys2,same_L,V-JEPA 2,ViT-L/16,MLP,mlp,18,18,42,source_csv,complete,voe_accuracy,voe_accuracy,95.364238,96.523179,45.098039,67.647059,52.941176,65.196078,,2000,,false,,,results/verified_layerwise_probe_configs.csv,32,intphys_primary_db.xlsx,V-JEPA 2,A9:K9,seed 42 read from source CSV metrics
intphys2__same_l__jepa_v2__vitl_256__mlp__layer_24,intphys2__same_l__jepa_v2__vitl_256__mlp__layer_24__seed_42,IntPhys2,intphys2,same_L,V-JEPA 2,ViT-L/16,MLP,mlp,24,24,42,source_csv,complete,voe_accuracy,voe_accuracy,86.092715,87.086093,27.45098,61.764706,37.254902,58.823529,,2000,,false,,,results/verified_layerwise_probe_configs.csv,33,intphys_primary_db.xlsx,V-JEPA 2,A10:K10,seed 42 read from source CSV metrics
intphys2__same_l__jepa_v2_1__vitl_384__linear__layer_6,intphys2__same_l__jepa_v2_1__vitl_384__linear__layer_6__seed_42,IntPhys2,intphys2,same_L,V-JEPA 2.1,ViT-L/16,Linear,linear,6,6,42,source_csv,complete,voe_accuracy,voe_accuracy,35.761589,52.483444,23.529412,53.921569,23.529412,50,,50,,false,,,results/verified_layerwise_probe_configs.csv,62,intphys_primary_db.xlsx,V-JEPA 2.1,N3:X3,seed 42 read from source CSV metrics
intphys2__same_l__jepa_v2_1__vitl_384__linear__layer_12,intphys2__same_l__jepa_v2_1__vitl_384__linear__layer_12__seed_42,IntPhys2,intphys2,same_L,V-JEPA 2.1,ViT-L/16,Linear,linear,12,12,42,source_csv,complete,voe_accuracy,voe_accuracy,44.370861,57.284768,35.294118,54.411765,25.490196,49.509804,,100,,false,,,results/verified_layerwise_probe_configs.csv,63,intphys_primary_db.xlsx,V-JEPA 2.1,N4:X4,seed 42 read from source CSV metrics
intphys2__same_l__jepa_v2_1__vitl_384__linear__layer_18,intphys2__same_l__jepa_v2_1__vitl_384__linear__layer_18__seed_42,IntPhys2,intphys2,same_L,V-JEPA 2.1,ViT-L/16,Linear,linear,18,18,42,source_csv,complete,voe_accuracy,voe_accuracy,53.642384,70.364238,35.294118,59.313725,43.137255,60.784314,,2000,,false,,,results/verified_layerwise_probe_configs.csv,64,intphys_primary_db.xlsx,V-JEPA 2.1,N5:X5,seed 42 read from source CSV metrics
intphys2__same_l__jepa_v2_1__vitl_384__linear__layer_24,intphys2__same_l__jepa_v2_1__vitl_384__linear__layer_24__seed_42,IntPhys2,intphys2,same_L,V-JEPA 2.1,ViT-L/16,Linear,linear,24,24,42,source_csv,complete,voe_accuracy,voe_accuracy,49.668874,55.463576,33.333333,56.372549,27.45098,53.921569,,500,,false,,,results/verified_layerwise_probe_configs.csv,65,intphys_primary_db.xlsx,V-JEPA 2.1,N6:X6,seed 42 read from source CSV metrics
intphys2__same_l__jepa_v2_1__vitl_384__mlp__layer_6,intphys2__same_l__jepa_v2_1__vitl_384__mlp__layer_6__seed_42,IntPhys2,intphys2,same_L,V-JEPA 2.1,ViT-L/16,MLP,mlp,6,6,42,source_csv,complete,voe_accuracy,voe_accuracy,17.880795,50.165563,19.607843,51.470588,9.803922,50,,100,,false,,,results/verified_layerwise_probe_configs.csv,66,intphys_primary_db.xlsx,V-JEPA 2.1,N7:X7,seed 42 read from source CSV metrics
intphys2__same_l__jepa_v2_1__vitl_384__mlp__layer_12,intphys2__same_l__jepa_v2_1__vitl_384__mlp__layer_12__seed_42,IntPhys2,intphys2,same_L,V-JEPA 2.1,ViT-L/16,MLP,mlp,12,12,42,source_csv,complete,voe_accuracy,voe_accuracy,97.350993,88.741722,47.058824,63.72549,39.215686,57.352941,,2000,,false,,,results/verified_layerwise_probe_configs.csv,67,intphys_primary_db.xlsx,V-JEPA 2.1,N8:X8,seed 42 read from source CSV metrics
intphys2__same_l__jepa_v2_1__vitl_384__mlp__layer_18,intphys2__same_l__jepa_v2_1__vitl_384__mlp__layer_18__seed_42,IntPhys2,intphys2,same_L,V-JEPA 2.1,ViT-L/16,MLP,mlp,18,18,42,source_csv,complete,voe_accuracy,voe_accuracy,98.013245,85.761589,33.333333,65.686275,50.980392,58.823529,,2000,,false,,,results/verified_layerwise_probe_configs.csv,68,intphys_primary_db.xlsx,V-JEPA 2.1,N9:X9,seed 42 read from source CSV metrics
intphys2__same_l__jepa_v2_1__vitl_384__mlp__layer_24,intphys2__same_l__jepa_v2_1__vitl_384__mlp__layer_24__seed_42,IntPhys2,intphys2,same_L,V-JEPA 2.1,ViT-L/16,MLP,mlp,24,24,42,source_csv,complete,voe_accuracy,voe_accuracy,100,96.854305,39.215686,59.803922,33.333333,58.333333,,2000,,false,,,results/verified_layerwise_probe_configs.csv,69,intphys_primary_db.xlsx,V-JEPA 2.1,N10:X10,seed 42 read from source CSV metrics
intphys2__same_l__videomae__vit_large_16_224__linear__layer_6,intphys2__same_l__videomae__vit_large_16_224__linear__layer_6__seed_42,IntPhys2,intphys2,same_L,VideoMAE,ViT-L/16,Linear,linear,6,6,42,source_csv,complete,voe_accuracy,voe_accuracy,9.271523,50.496689,15.686275,51.960784,15.686275,50.490196,,100,,false,,,results/verified_layerwise_probe_configs.csv,98,intphys_primary_db.xlsx,VideoMAE,A3:K3,seed 42 read from source CSV metrics
intphys2__same_l__videomae__vit_large_16_224__linear__layer_12,intphys2__same_l__videomae__vit_large_16_224__linear__layer_12__seed_42,IntPhys2,intphys2,same_L,VideoMAE,ViT-L/16,Linear,linear,12,12,42,source_csv,complete,voe_accuracy,voe_accuracy,32.450331,53.311258,21.568627,52.941176,17.647059,52.941176,,50,,false,,,results/verified_layerwise_probe_configs.csv,99,intphys_primary_db.xlsx,VideoMAE,A4:K4,seed 42 read from source CSV metrics
intphys2__same_l__videomae__vit_large_16_224__linear__layer_18,intphys2__same_l__videomae__vit_large_16_224__linear__layer_18__seed_42,IntPhys2,intphys2,same_L,VideoMAE,ViT-L/16,Linear,linear,18,18,42,source_csv,complete,voe_accuracy,voe_accuracy,42.384106,59.768212,35.294118,56.862745,43.137255,52.45098,,1000,,false,,,results/verified_layerwise_probe_configs.csv,100,intphys_primary_db.xlsx,VideoMAE,A5:K5,seed 42 read from source CSV metrics
intphys2__same_l__videomae__vit_large_16_224__linear__layer_24,intphys2__same_l__videomae__vit_large_16_224__linear__layer_24__seed_42,IntPhys2,intphys2,same_L,VideoMAE,ViT-L/16,Linear,linear,24,24,42,source_csv,complete,voe_accuracy,voe_accuracy,53.642384,70.033113,27.45098,59.803922,35.294118,53.431373,,2000,,false,,,results/verified_layerwise_probe_configs.csv,101,intphys_primary_db.xlsx,VideoMAE,A6:K6,seed 42 read from source CSV metrics
intphys2__same_l__videomae__vit_large_16_224__mlp__layer_6,intphys2__same_l__videomae__vit_large_16_224__mlp__layer_6__seed_42,IntPhys2,intphys2,same_L,VideoMAE,ViT-L/16,MLP,mlp,6,6,42,source_csv,complete,voe_accuracy,voe_accuracy,47.682119,57.119205,11.764706,52.941176,23.529412,53.431373,,2000,,false,,,results/verified_layerwise_probe_configs.csv,102,intphys_primary_db.xlsx,VideoMAE,A7:K7,seed 42 read from source CSV metrics
intphys2__same_l__videomae__vit_large_16_224__mlp__layer_12,intphys2__same_l__videomae__vit_large_16_224__mlp__layer_12__seed_42,IntPhys2,intphys2,same_L,VideoMAE,ViT-L/16,MLP,mlp,12,12,42,source_csv,complete,voe_accuracy,voe_accuracy,99.337748,98.178808,27.45098,59.313725,39.215686,60.784314,,2000,,false,,,results/verified_layerwise_probe_configs.csv,103,intphys_primary_db.xlsx,VideoMAE,A8:K8,seed 42 read from source CSV metrics
intphys2__same_l__videomae__vit_large_16_224__mlp__layer_18,intphys2__same_l__videomae__vit_large_16_224__mlp__layer_18__seed_42,IntPhys2,intphys2,same_L,VideoMAE,ViT-L/16,MLP,mlp,18,18,42,source_csv,complete,voe_accuracy,voe_accuracy,63.576159,76.490066,39.215686,60.294118,41.176471,56.372549,,2000,,false,,,results/verified_layerwise_probe_configs.csv,104,intphys_primary_db.xlsx,VideoMAE,A9:K9,seed 42 read from source CSV metrics
intphys2__same_l__videomae__vit_large_16_224__mlp__layer_24,intphys2__same_l__videomae__vit_large_16_224__mlp__layer_24__seed_42,IntPhys2,intphys2,same_L,VideoMAE,ViT-L/16,MLP,mlp,24,24,42,source_csv,complete,voe_accuracy,voe_accuracy,96.688742,95.529801,35.294118,64.705882,41.176471,62.254902,,2000,,false,,,results/verified_layerwise_probe_configs.csv,105,intphys_primary_db.xlsx,VideoMAE,A10:K10,seed 42 read from source CSV metrics
intphys2__same_l__videomae_v2__vit_large_16_224__linear__layer_6,intphys2__same_l__videomae_v2__vit_large_16_224__linear__layer_6__seed_42,IntPhys2,intphys2,same_L,VideoMAE-v2,ViT-L/16,Linear,linear,6,6,42,source_csv,complete,voe_accuracy,voe_accuracy,12.582781,51.490066,11.764706,51.470588,13.72549,50.980392,,50,,false,,,results/verified_layerwise_probe_configs.csv,134,intphys_primary_db.xlsx,VideoMAE-v2,N3:X3,seed 42 read from source CSV metrics
intphys2__same_l__videomae_v2__vit_large_16_224__linear__layer_12,intphys2__same_l__videomae_v2__vit_large_16_224__linear__layer_12__seed_42,IntPhys2,intphys2,same_L,VideoMAE-v2,ViT-L/16,Linear,linear,12,12,42,source_csv,complete,voe_accuracy,voe_accuracy,48.344371,60.596026,37.254902,56.862745,41.176471,50.980392,,1000,,false,,,results/verified_layerwise_probe_configs.csv,135,intphys_primary_db.xlsx,VideoMAE-v2,N4:X4,seed 42 read from source CSV metrics
intphys2__same_l__videomae_v2__vit_large_16_224__linear__layer_18,intphys2__same_l__videomae_v2__vit_large_16_224__linear__layer_18__seed_42,IntPhys2,intphys2,same_L,VideoMAE-v2,ViT-L/16,Linear,linear,18,18,42,source_csv,complete,voe_accuracy,voe_accuracy,70.860927,66.721854,47.058824,61.764706,29.411765,56.372549,,2000,,false,,,results/verified_layerwise_probe_configs.csv,136,intphys_primary_db.xlsx,VideoMAE-v2,N5:X5,seed 42 read from source CSV metrics
intphys2__same_l__videomae_v2__vit_large_16_224__linear__layer_24,intphys2__same_l__videomae_v2__vit_large_16_224__linear__layer_24__seed_42,IntPhys2,intphys2,same_L,VideoMAE-v2,ViT-L/16,Linear,linear,24,24,42,source_csv,complete,voe_accuracy,voe_accuracy,72.847682,85.264901,37.254902,58.823529,29.411765,53.921569,,2000,,false,,,results/verified_layerwise_probe_configs.csv,137,intphys_primary_db.xlsx,VideoMAE-v2,N6:X6,seed 42 read from source CSV metrics
intphys2__same_l__videomae_v2__vit_large_16_224__mlp__layer_6,intphys2__same_l__videomae_v2__vit_large_16_224__mlp__layer_6__seed_42,IntPhys2,intphys2,same_L,VideoMAE-v2,ViT-L/16,MLP,mlp,6,6,42,source_csv,complete,voe_accuracy,voe_accuracy,19.205298,49.834437,13.72549,52.45098,25.490196,50.490196,,1000,,false,,,results/verified_layerwise_probe_configs.csv,138,intphys_primary_db.xlsx,VideoMAE-v2,N7:X7,seed 42 read from source CSV metrics
intphys2__same_l__videomae_v2__vit_large_16_224__mlp__layer_12,intphys2__same_l__videomae_v2__vit_large_16_224__mlp__layer_12__seed_42,IntPhys2,intphys2,same_L,VideoMAE-v2,ViT-L/16,MLP,mlp,12,12,42,source_csv,complete,voe_accuracy,voe_accuracy,58.940397,77.317881,37.254902,60.294118,47.058824,55.392157,,2000,,false,,,results/verified_layerwise_probe_configs.csv,139,intphys_primary_db.xlsx,VideoMAE-v2,N8:X8,seed 42 read from source CSV metrics
intphys2__same_l__videomae_v2__vit_large_16_224__mlp__layer_18,intphys2__same_l__videomae_v2__vit_large_16_224__mlp__layer_18__seed_42,IntPhys2,intphys2,same_L,VideoMAE-v2,ViT-L/16,MLP,mlp,18,18,42,source_csv,complete,voe_accuracy,voe_accuracy,99.337748,96.02649,47.058824,62.745098,35.294118,61.27451,,2000,,false,,,results/verified_layerwise_probe_configs.csv,140,intphys_primary_db.xlsx,VideoMAE-v2,N9:X9,seed 42 read from source CSV metrics
intphys2__same_l__videomae_v2__vit_large_16_224__mlp__layer_24,intphys2__same_l__videomae_v2__vit_large_16_224__mlp__layer_24__seed_42,IntPhys2,intphys2,same_L,VideoMAE-v2,ViT-L/16,MLP,mlp,24,24,42,source_csv,complete,voe_accuracy,voe_accuracy,82.119205,80.794702,37.254902,59.803922,27.45098,57.352941,,50,,false,,,results/verified_layerwise_probe_configs.csv,141,intphys_primary_db.xlsx,VideoMAE-v2,N10:X10,seed 42 read from source CSV metrics
mvp__same_l__jepa_v1__vitl16_224__linear__layer_6,mvp__same_l__jepa_v1__vitl16_224__linear__layer_6__seed_42,MVP,mvp,same_L,V-JEPA,ViT-L/16,Linear,linear,6,6,42,source_csv,complete,pair_consistency,pair_consistency,49.106239,71.197302,42.163802,66.177958,40.647118,65.267947,,2000,,false,,,results/verified_layerwise_probe_configs.csv,326,mvp_primary_db.xlsx,V-JEPA,A3:K3,seed 42 read from source CSV metrics
mvp__same_l__jepa_v1__vitl16_224__linear__layer_12,mvp__same_l__jepa_v1__vitl16_224__linear__layer_12__seed_42,MVP,mvp,same_L,V-JEPA,ViT-L/16,Linear,linear,12,12,42,source_csv,complete,pair_consistency,pair_consistency,49.072513,70.994941,42.264914,66.481294,43.377149,66.936299,,2000,,false,,,results/verified_layerwise_probe_configs.csv,327,mvp_primary_db.xlsx,V-JEPA,A4:K4,seed 42 read from source CSV metrics
mvp__same_l__jepa_v1__vitl16_224__linear__layer_18,mvp__same_l__jepa_v1__vitl16_224__linear__layer_18__seed_42,MVP,mvp,same_L,V-JEPA,ViT-L/16,Linear,linear,18,18,42,source_csv,complete,pair_consistency,pair_consistency,59.359191,77.099494,49.747219,70.020222,47.017189,69.362993,,2000,,false,,,results/verified_layerwise_probe_configs.csv,328,mvp_primary_db.xlsx,V-JEPA,A5:K5,seed 42 read from source CSV metrics
mvp__same_l__jepa_v1__vitl16_224__linear__layer_24,mvp__same_l__jepa_v1__vitl16_224__linear__layer_24__seed_42,MVP,mvp,same_L,V-JEPA,ViT-L/16,Linear,linear,24,24,42,source_csv,complete,pair_consistency,pair_consistency,53.187184,73.322091,47.320526,69.413549,46.006067,68.705763,,2000,,false,,,results/verified_layerwise_probe_configs.csv,329,mvp_primary_db.xlsx,V-JEPA,A6:K6,seed 42 read from source CSV metrics
mvp__same_l__jepa_v1__vitl16_224__mlp__layer_6,mvp__same_l__jepa_v1__vitl16_224__mlp__layer_6__seed_42,MVP,mvp,same_L,V-JEPA,ViT-L/16,MLP,mlp,6,6,42,source_csv,complete,pair_consistency,pair_consistency,93.11973,96.526138,63.094034,79.676441,60.16178,77.957533,,2000,,false,,,results/verified_layerwise_probe_configs.csv,330,mvp_primary_db.xlsx,V-JEPA,A7:K7,seed 42 read from source CSV metrics
mvp__same_l__jepa_v1__vitl16_224__mlp__layer_12,mvp__same_l__jepa_v1__vitl16_224__mlp__layer_12__seed_42,MVP,mvp,same_L,V-JEPA,ViT-L/16,MLP,mlp,12,12,42,source_csv,complete,pair_consistency,pair_consistency,98.145025,99.072513,70.677452,83.872599,67.340748,81.547017,,2000,,false,,,results/verified_layerwise_probe_configs.csv,331,mvp_primary_db.xlsx,V-JEPA,A8:K8,seed 42 read from source CSV metrics
mvp__same_l__jepa_v1__vitl16_224__mlp__layer_18,mvp__same_l__jepa_v1__vitl16_224__mlp__layer_18__seed_42,MVP,mvp,same_L,V-JEPA,ViT-L/16,MLP,mlp,18,18,42,source_csv,complete,pair_consistency,pair_consistency,99.797639,99.89882,83.215369,91.001011,83.72093,91.152679,,2000,,false,,,results/verified_layerwise_probe_configs.csv,332,mvp_primary_db.xlsx,V-JEPA,A9:K9,seed 42 read from source CSV metrics
mvp__same_l__jepa_v1__vitl16_224__mlp__layer_24,mvp__same_l__jepa_v1__vitl16_224__mlp__layer_24__seed_42,MVP,mvp,same_L,V-JEPA,ViT-L/16,MLP,mlp,24,24,42,source_csv,complete,pair_consistency,pair_consistency,99.527825,99.763912,80.283114,89.737108,77.856421,88.0182,,2000,,false,,,results/verified_layerwise_probe_configs.csv,333,mvp_primary_db.xlsx,V-JEPA,A10:K10,seed 42 read from source CSV metrics
mvp__same_l__jepa_v2__vitl_256__linear__layer_6,mvp__same_l__jepa_v2__vitl_256__linear__layer_6__seed_42,MVP,mvp,same_L,V-JEPA 2,ViT-L/16,Linear,linear,6,6,42,source_csv,complete,pair_consistency,pair_consistency,44.148398,68.549747,37.815976,63.549039,35.28817,62.335693,,2000,,false,,,results/verified_layerwise_probe_configs.csv,350,mvp_primary_db.xlsx,V-JEPA 2,A3:K3,seed 42 read from source CSV metrics
mvp__same_l__jepa_v2__vitl_256__linear__layer_12,mvp__same_l__jepa_v2__vitl_256__linear__layer_12__seed_42,MVP,mvp,same_L,V-JEPA 2,ViT-L/16,Linear,linear,12,12,42,source_csv,complete,pair_consistency,pair_consistency,54.232715,73.490725,43.276036,67.138524,43.88271,66.936299,,2000,,false,,,results/verified_layerwise_probe_configs.csv,351,mvp_primary_db.xlsx,V-JEPA 2,A4:K4,seed 42 read from source CSV metrics
mvp__same_l__jepa_v2__vitl_256__linear__layer_18,mvp__same_l__jepa_v2__vitl_256__linear__layer_18__seed_42,MVP,mvp,same_L,V-JEPA 2,ViT-L/16,Linear,linear,18,18,42,source_csv,complete,pair_consistency,pair_consistency,58.448567,75.919056,52.072801,72.042467,49.241658,69.767442,,2000,,false,,,results/verified_layerwise_probe_configs.csv,352,mvp_primary_db.xlsx,V-JEPA 2,A5:K5,seed 42 read from source CSV metrics
mvp__same_l__jepa_v2__vitl_256__linear__layer_24,mvp__same_l__jepa_v2__vitl_256__linear__layer_24__seed_42,MVP,mvp,same_L,V-JEPA 2,ViT-L/16,Linear,linear,24,24,42,source_csv,complete,pair_consistency,pair_consistency,61.753794,77.639123,55.409505,73.407482,54.095046,72.952477,,2000,,false,,,results/verified_layerwise_probe_configs.csv,353,mvp_primary_db.xlsx,V-JEPA 2,A6:K6,seed 42 read from source CSV metrics
mvp__same_l__jepa_v2__vitl_256__mlp__layer_6,mvp__same_l__jepa_v2__vitl_256__mlp__layer_6__seed_42,MVP,mvp,same_L,V-JEPA 2,ViT-L/16,MLP,mlp,6,6,42,source_csv,complete,pair_consistency,pair_consistency,94.873524,97.436762,58.038423,75.581395,56.016178,74.620829,,2000,,false,,,results/verified_layerwise_probe_configs.csv,354,mvp_primary_db.xlsx,V-JEPA 2,A7:K7,seed 42 read from source CSV metrics
mvp__same_l__jepa_v2__vitl_256__mlp__layer_12,mvp__same_l__jepa_v2__vitl_256__mlp__layer_12__seed_42,MVP,mvp,same_L,V-JEPA 2,ViT-L/16,MLP,mlp,12,12,42,source_csv,complete,pair_consistency,pair_consistency,99.561551,99.780776,70.070779,83.265925,68.250758,82.305359,,2000,,false,,,results/verified_layerwise_probe_configs.csv,355,mvp_primary_db.xlsx,V-JEPA 2,A8:K8,seed 42 read from source CSV metrics
mvp__same_l__jepa_v2__vitl_256__mlp__layer_18,mvp__same_l__jepa_v2__vitl_256__mlp__layer_18__seed_42,MVP,mvp,same_L,V-JEPA 2,ViT-L/16,MLP,mlp,18,18,42,source_csv,complete,pair_consistency,pair_consistency,99.595278,99.797639,84.934277,91.860465,85.338726,92.113246,,2000,,false,,,results/verified_layerwise_probe_configs.csv,356,mvp_primary_db.xlsx,V-JEPA 2,A9:K9,seed 42 read from source CSV metrics
mvp__same_l__jepa_v2__vitl_256__mlp__layer_24,mvp__same_l__jepa_v2__vitl_256__mlp__layer_24__seed_42,MVP,mvp,same_L,V-JEPA 2,ViT-L/16,MLP,mlp,24,24,42,source_csv,complete,pair_consistency,pair_consistency,100,100,89.180991,94.084934,86.956522,92.770475,,2000,,false,,,results/verified_layerwise_probe_configs.csv,357,mvp_primary_db.xlsx,V-JEPA 2,A10:K10,seed 42 read from source CSV metrics
mvp__same_l__jepa_v2_1__vitl_384__linear__layer_6,mvp__same_l__jepa_v2_1__vitl_384__linear__layer_6__seed_42,MVP,mvp,same_L,V-JEPA 2.1,ViT-L/16,Linear,linear,6,6,42,source_csv,complete,pair_consistency,pair_consistency,48.937605,70.893761,42.669363,65.62184,41.456016,66.228514,,2000,,false,,,results/verified_layerwise_probe_configs.csv,386,mvp_primary_db.xlsx,V-JEPA 2.1,N3:X3,seed 42 read from source CSV metrics
mvp__same_l__jepa_v2_1__vitl_384__linear__layer_12,mvp__same_l__jepa_v2_1__vitl_384__linear__layer_12__seed_42,MVP,mvp,same_L,V-JEPA 2.1,ViT-L/16,Linear,linear,12,12,42,source_csv,complete,pair_consistency,pair_consistency,51.129848,72.664418,42.467139,65.722952,39.635996,65.318504,,2000,,false,,,results/verified_layerwise_probe_configs.csv,387,mvp_primary_db.xlsx,V-JEPA 2.1,N4:X4,seed 42 read from source CSV metrics
mvp__same_l__jepa_v2_1__vitl_384__linear__layer_18,mvp__same_l__jepa_v2_1__vitl_384__linear__layer_18__seed_42,MVP,mvp,same_L,V-JEPA 2.1,ViT-L/16,Linear,linear,18,18,42,source_csv,complete,pair_consistency,pair_consistency,51.602024,72.360877,47.421638,68.655207,44.084934,66.885743,,2000,,false,,,results/verified_layerwise_probe_configs.csv,388,mvp_primary_db.xlsx,V-JEPA 2.1,N5:X5,seed 42 read from source CSV metrics
mvp__same_l__jepa_v2_1__vitl_384__linear__layer_24,mvp__same_l__jepa_v2_1__vitl_384__linear__layer_24__seed_42,MVP,mvp,same_L,V-JEPA 2.1,ViT-L/16,Linear,linear,24,24,42,source_csv,complete,pair_consistency,pair_consistency,52.647555,72.833052,47.320526,69.059656,43.983822,67.44186,,2000,,false,,,results/verified_layerwise_probe_configs.csv,389,mvp_primary_db.xlsx,V-JEPA 2.1,N6:X6,seed 42 read from source CSV metrics
mvp__same_l__jepa_v2_1__vitl_384__mlp__layer_6,mvp__same_l__jepa_v2_1__vitl_384__mlp__layer_6__seed_42,MVP,mvp,same_L,V-JEPA 2.1,ViT-L/16,MLP,mlp,6,6,42,source_csv,complete,pair_consistency,pair_consistency,93.929174,96.947723,64.509606,79.676441,60.262892,77.249747,,2000,,false,,,results/verified_layerwise_probe_configs.csv,390,mvp_primary_db.xlsx,V-JEPA 2.1,N7:X7,seed 42 read from source CSV metrics
mvp__same_l__jepa_v2_1__vitl_384__mlp__layer_12,mvp__same_l__jepa_v2_1__vitl_384__mlp__layer_12__seed_42,MVP,mvp,same_L,V-JEPA 2.1,ViT-L/16,MLP,mlp,12,12,42,source_csv,complete,pair_consistency,pair_consistency,95.143339,97.554806,68.857432,82.103134,66.53185,80.839232,,2000,,false,,,results/verified_layerwise_probe_configs.csv,391,mvp_primary_db.xlsx,V-JEPA 2.1,N8:X8,seed 42 read from source CSV metrics
mvp__same_l__jepa_v2_1__vitl_384__mlp__layer_18,mvp__same_l__jepa_v2_1__vitl_384__mlp__layer_18__seed_42,MVP,mvp,same_L,V-JEPA 2.1,ViT-L/16,MLP,mlp,18,18,42,source_csv,complete,pair_consistency,pair_consistency,94.772344,97.369309,71.48635,84.277048,72.093023,84.175935,,2000,,false,,,results/verified_layerwise_probe_configs.csv,392,mvp_primary_db.xlsx,V-JEPA 2.1,N9:X9,seed 42 read from source CSV metrics
mvp__same_l__jepa_v2_1__vitl_384__mlp__layer_24,mvp__same_l__jepa_v2_1__vitl_384__mlp__layer_24__seed_42,MVP,mvp,same_L,V-JEPA 2.1,ViT-L/16,MLP,mlp,24,24,42,source_csv,complete,pair_consistency,pair_consistency,97.268128,98.634064,73.710819,84.883721,71.081901,83.670374,,2000,,false,,,results/verified_layerwise_probe_configs.csv,393,mvp_primary_db.xlsx,V-JEPA 2.1,N10:X10,seed 42 read from source CSV metrics
mvp__same_l__videomae__vit_large_16_224__linear__layer_6,mvp__same_l__videomae__vit_large_16_224__linear__layer_6__seed_42,MVP,mvp,same_L,VideoMAE,ViT-L/16,Linear,linear,6,6,42,source_csv,complete,pair_consistency,pair_consistency,41.011804,67.453626,35.389282,63.245703,32.254803,60.970677,,2000,,false,,,results/verified_layerwise_probe_configs.csv,422,mvp_primary_db.xlsx,VideoMAE,A3:K3,seed 42 read from source CSV metrics
mvp__same_l__videomae__vit_large_16_224__linear__layer_12,mvp__same_l__videomae__vit_large_16_224__linear__layer_12__seed_42,MVP,mvp,same_L,VideoMAE,ViT-L/16,Linear,linear,12,12,42,source_csv,complete,pair_consistency,pair_consistency,45.699831,70.033727,37.310415,63.953488,36.602629,63.751264,,2000,,false,,,results/verified_layerwise_probe_configs.csv,423,mvp_primary_db.xlsx,VideoMAE,A4:K4,seed 42 read from source CSV metrics
mvp__same_l__videomae__vit_large_16_224__linear__layer_18,mvp__same_l__videomae__vit_large_16_224__linear__layer_18__seed_42,MVP,mvp,same_L,VideoMAE,ViT-L/16,Linear,linear,18,18,42,source_csv,complete,pair_consistency,pair_consistency,48.735245,71.517707,39.83822,65.318504,38.92821,64.661274,,2000,,false,,,results/verified_layerwise_probe_configs.csv,424,mvp_primary_db.xlsx,VideoMAE,A5:K5,seed 42 read from source CSV metrics
mvp__same_l__videomae__vit_large_16_224__linear__layer_24,mvp__same_l__videomae__vit_large_16_224__linear__layer_24__seed_42,MVP,mvp,same_L,VideoMAE,ViT-L/16,Linear,linear,24,24,42,source_csv,complete,pair_consistency,pair_consistency,49.241147,70.961214,41.354904,65.925177,40.849343,66.127401,,2000,,false,,,results/verified_layerwise_probe_configs.csv,425,mvp_primary_db.xlsx,VideoMAE,A6:K6,seed 42 read from source CSV metrics
mvp__same_l__videomae__vit_large_16_224__mlp__layer_6,mvp__same_l__videomae__vit_large_16_224__mlp__layer_6__seed_42,MVP,mvp,same_L,VideoMAE,ViT-L/16,MLP,mlp,6,6,42,source_csv,complete,pair_consistency,pair_consistency,81.214165,90.573356,51.870576,73.356926,52.47725,73.30637,,2000,,false,,,results/verified_layerwise_probe_configs.csv,426,mvp_primary_db.xlsx,VideoMAE,A7:K7,seed 42 read from source CSV metrics
mvp__same_l__videomae__vit_large_16_224__mlp__layer_12,mvp__same_l__videomae__vit_large_16_224__mlp__layer_12__seed_42,MVP,mvp,same_L,VideoMAE,ViT-L/16,MLP,mlp,12,12,42,source_csv,complete,pair_consistency,pair_consistency,88.634064,94.232715,58.645096,76.390293,55.20728,74.87361,,2000,,false,,,results/verified_layerwise_probe_configs.csv,427,mvp_primary_db.xlsx,VideoMAE,A8:K8,seed 42 read from source CSV metrics
mvp__same_l__videomae__vit_large_16_224__mlp__layer_18,mvp__same_l__videomae__vit_large_16_224__mlp__layer_18__seed_42,MVP,mvp,same_L,VideoMAE,ViT-L/16,MLP,mlp,18,18,42,source_csv,complete,pair_consistency,pair_consistency,91.500843,95.716695,66.734075,81.850354,62.588473,79.221436,,2000,,false,,,results/verified_layerwise_probe_configs.csv,428,mvp_primary_db.xlsx,VideoMAE,A9:K9,seed 42 read from source CSV metrics
mvp__same_l__videomae__vit_large_16_224__mlp__layer_24,mvp__same_l__videomae__vit_large_16_224__mlp__layer_24__seed_42,MVP,mvp,same_L,VideoMAE,ViT-L/16,MLP,mlp,24,24,42,source_csv,complete,pair_consistency,pair_consistency,92.310287,96.13828,67.745197,82.153691,63.296259,79.575329,,2000,,false,,,results/verified_layerwise_probe_configs.csv,429,mvp_primary_db.xlsx,VideoMAE,A10:K10,seed 42 read from source CSV metrics
mvp__same_l__videomae_v2__vit_large_16_224__linear__layer_6,mvp__same_l__videomae_v2__vit_large_16_224__linear__layer_6__seed_42,MVP,mvp,same_L,VideoMAE-v2,ViT-L/16,Linear,linear,6,6,42,source_csv,complete,pair_consistency,pair_consistency,38.853288,65.969646,34.782609,62.082912,34.074823,62.639029,,2000,,false,,,results/verified_layerwise_probe_configs.csv,458,mvp_primary_db.xlsx,VideoMAE-v2,N3:X3,seed 42 read from source CSV metrics
mvp__same_l__videomae_v2__vit_large_16_224__linear__layer_12,mvp__same_l__videomae_v2__vit_large_16_224__linear__layer_12__seed_42,MVP,mvp,same_L,VideoMAE-v2,ViT-L/16,Linear,linear,12,12,42,source_csv,complete,pair_consistency,pair_consistency,45.49747,69.629005,39.83822,65.722952,36.905966,63.599596,,2000,,false,,,results/verified_layerwise_probe_configs.csv,459,mvp_primary_db.xlsx,VideoMAE-v2,N4:X4,seed 42 read from source CSV metrics
mvp__same_l__videomae_v2__vit_large_16_224__linear__layer_18,mvp__same_l__videomae_v2__vit_large_16_224__linear__layer_18__seed_42,MVP,mvp,same_L,VideoMAE-v2,ViT-L/16,Linear,linear,18,18,42,source_csv,complete,pair_consistency,pair_consistency,50.893761,72.445194,44.186047,68.301314,40.141557,65.419616,,2000,,false,,,results/verified_layerwise_probe_configs.csv,460,mvp_primary_db.xlsx,VideoMAE-v2,N5:X5,seed 42 read from source CSV metrics
mvp__same_l__videomae_v2__vit_large_16_224__linear__layer_24,mvp__same_l__videomae_v2__vit_large_16_224__linear__layer_24__seed_42,MVP,mvp,same_L,VideoMAE-v2,ViT-L/16,Linear,linear,24,24,42,source_csv,complete,pair_consistency,pair_consistency,46.947723,70.505902,37.411527,64.307381,34.681496,62.588473,,1000,,false,,,results/verified_layerwise_probe_configs.csv,461,mvp_primary_db.xlsx,VideoMAE-v2,N6:X6,seed 42 read from source CSV metrics
mvp__same_l__videomae_v2__vit_large_16_224__mlp__layer_6,mvp__same_l__videomae_v2__vit_large_16_224__mlp__layer_6__seed_42,MVP,mvp,same_L,VideoMAE-v2,ViT-L/16,MLP,mlp,6,6,42,source_csv,complete,pair_consistency,pair_consistency,71.669477,85.615514,50.252781,72.548028,49.140546,71.890799,,2000,,false,,,results/verified_layerwise_probe_configs.csv,462,mvp_primary_db.xlsx,VideoMAE-v2,N7:X7,seed 42 read from source CSV metrics
mvp__same_l__videomae_v2__vit_large_16_224__mlp__layer_12,mvp__same_l__videomae_v2__vit_large_16_224__mlp__layer_12__seed_42,MVP,mvp,same_L,VideoMAE-v2,ViT-L/16,MLP,mlp,12,12,42,source_csv,complete,pair_consistency,pair_consistency,92.849916,96.391231,68.351871,82.204247,65.217391,80.485339,,2000,,false,,,results/verified_layerwise_probe_configs.csv,463,mvp_primary_db.xlsx,VideoMAE-v2,N8:X8,seed 42 read from source CSV metrics
mvp__same_l__videomae_v2__vit_large_16_224__mlp__layer_18,mvp__same_l__videomae_v2__vit_large_16_224__mlp__layer_18__seed_42,MVP,mvp,same_L,VideoMAE-v2,ViT-L/16,MLP,mlp,18,18,42,source_csv,complete,pair_consistency,pair_consistency,99.25801,99.629005,73.609707,84.833165,68.857432,82.608696,,2000,,false,,,results/verified_layerwise_probe_configs.csv,464,mvp_primary_db.xlsx,VideoMAE-v2,N9:X9,seed 42 read from source CSV metrics
mvp__same_l__videomae_v2__vit_large_16_224__mlp__layer_24,mvp__same_l__videomae_v2__vit_large_16_224__mlp__layer_24__seed_42,MVP,mvp,same_L,VideoMAE-v2,ViT-L/16,MLP,mlp,24,24,42,source_csv,complete,pair_consistency,pair_consistency,99.932546,99.966273,62.082912,79.42366,57.532861,75.834176,,2000,,false,,,results/verified_layerwise_probe_configs.csv,465,mvp_primary_db.xlsx,VideoMAE-v2,N10:X10,seed 42 read from source CSV metrics
intphys2__same_l__jepa_v1__vitl16_224__linear__layer_6,intphys2__same_l__jepa_v1__vitl16_224__linear__layer_6__seed_101,IntPhys2,intphys2,same_L,V-JEPA,ViT-L/16,Linear,linear,6,6,101,artifact,complete,voe_accuracy,voe_accuracy,43.046358,58.609272,23.529412,56.862745,25.490196,54.901961,1000,1000,false,false,artifacts/probes/intphys2/seed_runs_layerwise_same_l_v1/intphys2__same_l__jepa_v1__vitl16_224__linear__layer_6/seed_101/train_eval_summary.json,artifacts/probes/intphys2/seed_runs_layerwise_same_l_v1/intphys2__same_l__jepa_v1__vitl16_224__linear__layer_6/seed_101/layer_6/eval,results/verified_layerwise_probe_configs.csv,2,,,,artifact metrics read from train_eval_summary.json
intphys2__same_l__jepa_v1__vitl16_224__linear__layer_6,intphys2__same_l__jepa_v1__vitl16_224__linear__layer_6__seed_102,IntPhys2,intphys2,same_L,V-JEPA,ViT-L/16,Linear,linear,6,6,102,artifact,complete,voe_accuracy,voe_accuracy,45.033113,64.238411,25.490196,56.862745,27.45098,52.941176,1000,1000,false,false,artifacts/probes/intphys2/seed_runs_layerwise_same_l_v1/intphys2__same_l__jepa_v1__vitl16_224__linear__layer_6/seed_102/train_eval_summary.json,artifacts/probes/intphys2/seed_runs_layerwise_same_l_v1/intphys2__same_l__jepa_v1__vitl16_224__linear__layer_6/seed_102/layer_6/eval,results/verified_layerwise_probe_configs.csv,2,,,,artifact metrics read from train_eval_summary.json
intphys2__same_l__jepa_v1__vitl16_224__linear__layer_12,intphys2__same_l__jepa_v1__vitl16_224__linear__layer_12__seed_101,IntPhys2,intphys2,same_L,V-JEPA,ViT-L/16,Linear,linear,12,12,101,artifact,complete,voe_accuracy,voe_accuracy,50.993377,69.205298,39.215686,61.764706,31.372549,52.941176,2000,2000,false,false,artifacts/probes/intphys2/seed_runs_layerwise_same_l_v1/intphys2__same_l__jepa_v1__vitl16_224__linear__layer_12/seed_101/train_eval_summary.json,artifacts/probes/intphys2/seed_runs_layerwise_same_l_v1/intphys2__same_l__jepa_v1__vitl16_224__linear__layer_12/seed_101/layer_12/eval,results/verified_layerwise_probe_configs.csv,3,,,,artifact metrics read from train_eval_summary.json
intphys2__same_l__jepa_v1__vitl16_224__linear__layer_12,intphys2__same_l__jepa_v1__vitl16_224__linear__layer_12__seed_102,IntPhys2,intphys2,same_L,V-JEPA,ViT-L/16,Linear,linear,12,12,102,artifact,complete,voe_accuracy,voe_accuracy,48.344371,72.516556,39.215686,60.784314,33.333333,51.470588,2000,2000,false,false,artifacts/probes/intphys2/seed_runs_layerwise_same_l_v1/intphys2__same_l__jepa_v1__vitl16_224__linear__layer_12/seed_102/train_eval_summary.json,artifacts/probes/intphys2/seed_runs_layerwise_same_l_v1/intphys2__same_l__jepa_v1__vitl16_224__linear__layer_12/seed_102/layer_12/eval,results/verified_layerwise_probe_configs.csv,3,,,,artifact metrics read from train_eval_summary.json
intphys2__same_l__jepa_v1__vitl16_224__linear__layer_18,intphys2__same_l__jepa_v1__vitl16_224__linear__layer_18__seed_101,IntPhys2,intphys2,same_L,V-JEPA,ViT-L/16,Linear,linear,18,18,101,artifact,complete,voe_accuracy,voe_accuracy,39.735099,54.304636,31.372549,55.392157,35.294118,53.921569,20,20,false,false,artifacts/probes/intphys2/seed_runs_layerwise_same_l_v1/intphys2__same_l__jepa_v1__vitl16_224__linear__layer_18/seed_101/train_eval_summary.json,artifacts/probes/intphys2/seed_runs_layerwise_same_l_v1/intphys2__same_l__jepa_v1__vitl16_224__linear__layer_18/seed_101/layer_18/eval,results/verified_layerwise_probe_configs.csv,4,,,,artifact metrics read from train_eval_summary.json
intphys2__same_l__jepa_v1__vitl16_224__linear__layer_18,intphys2__same_l__jepa_v1__vitl16_224__linear__layer_18__seed_102,IntPhys2,intphys2,same_L,V-JEPA,ViT-L/16,Linear,linear,18,18,102,artifact,complete,voe_accuracy,voe_accuracy,43.708609,55.960265,33.333333,54.901961,33.333333,55.392157,20,20,false,false,artifacts/probes/intphys2/seed_runs_layerwise_same_l_v1/intphys2__same_l__jepa_v1__vitl16_224__linear__layer_18/seed_102/train_eval_summary.json,artifacts/probes/intphys2/seed_runs_layerwise_same_l_v1/intphys2__same_l__jepa_v1__vitl16_224__linear__layer_18/seed_102/layer_18/eval,results/verified_layerwise_probe_configs.csv,4,,,,artifact metrics read from train_eval_summary.json
intphys2__same_l__jepa_v1__vitl16_224__linear__layer_24,intphys2__same_l__jepa_v1__vitl16_224__linear__layer_24__seed_101,IntPhys2,intphys2,same_L,V-JEPA,ViT-L/16,Linear,linear,24,24,101,artifact,complete,voe_accuracy,voe_accuracy,45.033113,55.13245,33.333333,57.843137,43.137255,53.921569,500,500,false,false,artifacts/probes/intphys2/seed_runs_layerwise_same_l_v1/intphys2__same_l__jepa_v1__vitl16_224__linear__layer_24/seed_101/train_eval_summary.json,artifacts/probes/intphys2/seed_runs_layerwise_same_l_v1/intphys2__same_l__jepa_v1__vitl16_224__linear__layer_24/seed_101/layer_24/eval,results/verified_layerwise_probe_configs.csv,5,,,,artifact metrics read from train_eval_summary.json
intphys2__same_l__jepa_v1__vitl16_224__linear__layer_24,intphys2__same_l__jepa_v1__vitl16_224__linear__layer_24__seed_102,IntPhys2,intphys2,same_L,V-JEPA,ViT-L/16,Linear,linear,24,24,102,artifact,complete,voe_accuracy,voe_accuracy,45.695364,57.284768,27.45098,56.372549,54.901961,54.901961,500,500,false,false,artifacts/probes/intphys2/seed_runs_layerwise_same_l_v1/intphys2__same_l__jepa_v1__vitl16_224__linear__layer_24/seed_102/train_eval_summary.json,artifacts/probes/intphys2/seed_runs_layerwise_same_l_v1/intphys2__same_l__jepa_v1__vitl16_224__linear__layer_24/seed_102/layer_24/eval,results/verified_layerwise_probe_configs.csv,5,,,,artifact metrics read from train_eval_summary.json
intphys2__same_l__jepa_v1__vitl16_224__mlp__layer_6,intphys2__same_l__jepa_v1__vitl16_224__mlp__layer_6__seed_101,IntPhys2,intphys2,same_L,V-JEPA,ViT-L/16,MLP,mlp,6,6,101,artifact,complete,voe_accuracy,voe_accuracy,36.423841,52.649007,13.72549,54.901961,25.490196,52.941176,50,50,false,false,artifacts/probes/intphys2/seed_runs_layerwise_same_l_v1/intphys2__same_l__jepa_v1__vitl16_224__mlp__layer_6/seed_101/train_eval_summary.json,artifacts/probes/intphys2/seed_runs_layerwise_same_l_v1/intphys2__same_l__jepa_v1__vitl16_224__mlp__layer_6/seed_101/layer_6/eval,results/verified_layerwise_probe_configs.csv,6,,,,artifact metrics read from train_eval_summary.json
intphys2__same_l__jepa_v1__vitl16_224__mlp__layer_6,intphys2__same_l__jepa_v1__vitl16_224__mlp__layer_6__seed_102,IntPhys2,intphys2,same_L,V-JEPA,ViT-L/16,MLP,mlp,6,6,102,artifact,complete,voe_accuracy,voe_accuracy,29.801325,53.145695,11.764706,52.941176,23.529412,53.431373,50,50,false,false,artifacts/probes/intphys2/seed_runs_layerwise_same_l_v1/intphys2__same_l__jepa_v1__vitl16_224__mlp__layer_6/seed_102/train_eval_summary.json,artifacts/probes/intphys2/seed_runs_layerwise_same_l_v1/intphys2__same_l__jepa_v1__vitl16_224__mlp__layer_6/seed_102/layer_6/eval,results/verified_layerwise_probe_configs.csv,6,,,,artifact metrics read from train_eval_summary.json
intphys2__same_l__jepa_v1__vitl16_224__mlp__layer_12,intphys2__same_l__jepa_v1__vitl16_224__mlp__layer_12__seed_101,IntPhys2,intphys2,same_L,V-JEPA,ViT-L/16,MLP,mlp,12,12,101,artifact,complete,voe_accuracy,voe_accuracy,100,99.834437,39.215686,63.72549,31.372549,58.333333,2000,2000,false,false,artifacts/probes/intphys2/seed_runs_layerwise_same_l_v1/intphys2__same_l__jepa_v1__vitl16_224__mlp__layer_12/seed_101/train_eval_summary.json,artifacts/probes/intphys2/seed_runs_layerwise_same_l_v1/intphys2__same_l__jepa_v1__vitl16_224__mlp__layer_12/seed_101/layer_12/eval,results/verified_layerwise_probe_configs.csv,7,,,,artifact metrics read from train_eval_summary.json
intphys2__same_l__jepa_v1__vitl16_224__mlp__layer_12,intphys2__same_l__jepa_v1__vitl16_224__mlp__layer_12__seed_102,IntPhys2,intphys2,same_L,V-JEPA,ViT-L/16,MLP,mlp,12,12,102,artifact,complete,voe_accuracy,voe_accuracy,70.860927,79.139073,49.019608,63.72549,33.333333,59.313725,2000,2000,false,false,artifacts/probes/intphys2/seed_runs_layerwise_same_l_v1/intphys2__same_l__jepa_v1__vitl16_224__mlp__layer_12/seed_102/train_eval_summary.json,artifacts/probes/intphys2/seed_runs_layerwise_same_l_v1/intphys2__same_l__jepa_v1__vitl16_224__mlp__layer_12/seed_102/layer_12/eval,results/verified_layerwise_probe_configs.csv,7,,,,artifact metrics read from train_eval_summary.json
intphys2__same_l__jepa_v1__vitl16_224__mlp__layer_18,intphys2__same_l__jepa_v1__vitl16_224__mlp__layer_18__seed_101,IntPhys2,intphys2,same_L,V-JEPA,ViT-L/16,MLP,mlp,18,18,101,artifact,complete,voe_accuracy,voe_accuracy,96.02649,89.735099,49.019608,65.686275,52.941176,64.215686,2000,2000,false,false,artifacts/probes/intphys2/seed_runs_layerwise_same_l_v1/intphys2__same_l__jepa_v1__vitl16_224__mlp__layer_18/seed_101/train_eval_summary.json,artifacts/probes/intphys2/seed_runs_layerwise_same_l_v1/intphys2__same_l__jepa_v1__vitl16_224__mlp__layer_18/seed_101/layer_18/eval,results/verified_layerwise_probe_configs.csv,8,,,,artifact metrics read from train_eval_summary.json
intphys2__same_l__jepa_v1__vitl16_224__mlp__layer_18,intphys2__same_l__jepa_v1__vitl16_224__mlp__layer_18__seed_102,IntPhys2,intphys2,same_L,V-JEPA,ViT-L/16,MLP,mlp,18,18,102,artifact,complete,voe_accuracy,voe_accuracy,84.10596,91.887417,50.980392,66.666667,50.980392,64.705882,2000,2000,false,false,artifacts/probes/intphys2/seed_runs_layerwise_same_l_v1/intphys2__same_l__jepa_v1__vitl16_224__mlp__layer_18/seed_102/train_eval_summary.json,artifacts/probes/intphys2/seed_runs_layerwise_same_l_v1/intphys2__same_l__jepa_v1__vitl16_224__mlp__layer_18/seed_102/layer_18/eval,results/verified_layerwise_probe_configs.csv,8,,,,artifact metrics read from train_eval_summary.json
intphys2__same_l__jepa_v1__vitl16_224__mlp__layer_24,intphys2__same_l__jepa_v1__vitl16_224__mlp__layer_24__seed_101,IntPhys2,intphys2,same_L,V-JEPA,ViT-L/16,MLP,mlp,24,24,101,artifact,complete,voe_accuracy,voe_accuracy,49.006623,56.788079,33.333333,56.862745,39.215686,54.901961,20,20,false,false,artifacts/probes/intphys2/seed_runs_layerwise_same_l_v1/intphys2__same_l__jepa_v1__vitl16_224__mlp__layer_24/seed_101/train_eval_summary.json,artifacts/probes/intphys2/seed_runs_layerwise_same_l_v1/intphys2__same_l__jepa_v1__vitl16_224__mlp__layer_24/seed_101/layer_24/eval,results/verified_layerwise_probe_configs.csv,9,,,,artifact metrics read from train_eval_summary.json
intphys2__same_l__jepa_v1__vitl16_224__mlp__layer_24,intphys2__same_l__jepa_v1__vitl16_224__mlp__layer_24__seed_102,IntPhys2,intphys2,same_L,V-JEPA,ViT-L/16,MLP,mlp,24,24,102,artifact,complete,voe_accuracy,voe_accuracy,53.642384,58.443709,35.294118,56.372549,45.098039,54.411765,20,20,false,false,artifacts/probes/intphys2/seed_runs_layerwise_same_l_v1/intphys2__same_l__jepa_v1__vitl16_224__mlp__layer_24/seed_102/train_eval_summary.json,artifacts/probes/intphys2/seed_runs_layerwise_same_l_v1/intphys2__same_l__jepa_v1__vitl16_224__mlp__layer_24/seed_102/layer_24/eval,results/verified_layerwise_probe_configs.csv,9,,,,artifact metrics read from train_eval_summary.json
intphys2__same_l__jepa_v2__vitl_256__linear__layer_6,intphys2__same_l__jepa_v2__vitl_256__linear__layer_6__seed_101,IntPhys2,intphys2,same_L,V-JEPA 2,ViT-L/16,Linear,linear,6,6,101,artifact,complete,voe_accuracy,voe_accuracy,25.165563,50.827815,13.72549,50.980392,11.764706,50.490196,50,50,false,false,artifacts/probes/intphys2/seed_runs_layerwise_same_l_v1/intphys2__same_l__jepa_v2__vitl_256__linear__layer_6/seed_101/train_eval_summary.json,artifacts/probes/intphys2/seed_runs_layerwise_same_l_v1/intphys2__same_l__jepa_v2__vitl_256__linear__layer_6/seed_101/layer_6/eval,results/verified_layerwise_probe_configs.csv,26,,,,artifact metrics read from train_eval_summary.json
intphys2__same_l__jepa_v2__vitl_256__linear__layer_6,intphys2__same_l__jepa_v2__vitl_256__linear__layer_6__seed_102,IntPhys2,intphys2,same_L,V-JEPA 2,ViT-L/16,Linear,linear,6,6,102,artifact,complete,voe_accuracy,voe_accuracy,33.112583,50.993377,11.764706,51.470588,25.490196,51.470588,50,50,false,false,artifacts/probes/intphys2/seed_runs_layerwise_same_l_v1/intphys2__same_l__jepa_v2__vitl_256__linear__layer_6/seed_102/train_eval_summary.json,artifacts/probes/intphys2/seed_runs_layerwise_same_l_v1/intphys2__same_l__jepa_v2__vitl_256__linear__layer_6/seed_102/layer_6/eval,results/verified_layerwise_probe_configs.csv,26,,,,artifact metrics read from train_eval_summary.json
intphys2__same_l__jepa_v2__vitl_256__linear__layer_12,intphys2__same_l__jepa_v2__vitl_256__linear__layer_12__seed_101,IntPhys2,intphys2,same_L,V-JEPA 2,ViT-L/16,Linear,linear,12,12,101,artifact,complete,voe_accuracy,voe_accuracy,86.092715,79.304636,27.45098,59.313725,35.294118,53.921569,2000,2000,false,false,artifacts/probes/intphys2/seed_runs_layerwise_same_l_v1/intphys2__same_l__jepa_v2__vitl_256__linear__layer_12/seed_101/train_eval_summary.json,artifacts/probes/intphys2/seed_runs_layerwise_same_l_v1/intphys2__same_l__jepa_v2__vitl_256__linear__layer_12/seed_101/layer_12/eval,results/verified_layerwise_probe_configs.csv,27,,,,artifact metrics read from train_eval_summary.json
intphys2__same_l__jepa_v2__vitl_256__linear__layer_12,intphys2__same_l__jepa_v2__vitl_256__linear__layer_12__seed_102,IntPhys2,intphys2,same_L,V-JEPA 2,ViT-L/16,Linear,linear,12,12,102,artifact,complete,voe_accuracy,voe_accuracy,76.15894,84.10596,35.294118,58.823529,35.294118,54.411765,2000,2000,false,false,artifacts/probes/intphys2/seed_runs_layerwise_same_l_v1/intphys2__same_l__jepa_v2__vitl_256__linear__layer_12/seed_102/train_eval_summary.json,artifacts/probes/intphys2/seed_runs_layerwise_same_l_v1/intphys2__same_l__jepa_v2__vitl_256__linear__layer_12/seed_102/layer_12/eval,results/verified_layerwise_probe_configs.csv,27,,,,artifact metrics read from train_eval_summary.json
intphys2__same_l__jepa_v2__vitl_256__linear__layer_18,intphys2__same_l__jepa_v2__vitl_256__linear__layer_18__seed_101,IntPhys2,intphys2,same_L,V-JEPA 2,ViT-L/16,Linear,linear,18,18,101,artifact,complete,voe_accuracy,voe_accuracy,83.443709,73.344371,41.176471,66.176471,50.980392,62.745098,2000,2000,false,false,artifacts/probes/intphys2/seed_runs_layerwise_same_l_v1/intphys2__same_l__jepa_v2__vitl_256__linear__layer_18/seed_101/train_eval_summary.json,artifacts/probes/intphys2/seed_runs_layerwise_same_l_v1/intphys2__same_l__jepa_v2__vitl_256__linear__layer_18/seed_101/layer_18/eval,results/verified_layerwise_probe_configs.csv,28,,,,artifact metrics read from train_eval_summary.json
intphys2__same_l__jepa_v2__vitl_256__linear__layer_18,intphys2__same_l__jepa_v2__vitl_256__linear__layer_18__seed_102,IntPhys2,intphys2,same_L,V-JEPA 2,ViT-L/16,Linear,linear,18,18,102,artifact,complete,voe_accuracy,voe_accuracy,81.456954,83.443709,41.176471,66.176471,50.980392,62.254902,2000,2000,false,false,artifacts/probes/intphys2/seed_runs_layerwise_same_l_v1/intphys2__same_l__jepa_v2__vitl_256__linear__layer_18/seed_102/train_eval_summary.json,artifacts/probes/intphys2/seed_runs_layerwise_same_l_v1/intphys2__same_l__jepa_v2__vitl_256__linear__layer_18/seed_102/layer_18/eval,results/verified_layerwise_probe_configs.csv,28,,,,artifact metrics read from train_eval_summary.json
intphys2__same_l__jepa_v2__vitl_256__linear__layer_24,intphys2__same_l__jepa_v2__vitl_256__linear__layer_24__seed_101,IntPhys2,intphys2,same_L,V-JEPA 2,ViT-L/16,Linear,linear,24,24,101,artifact,complete,voe_accuracy,voe_accuracy,58.278146,61.589404,29.411765,57.352941,35.294118,54.411765,100,100,false,false,artifacts/probes/intphys2/seed_runs_layerwise_same_l_v1/intphys2__same_l__jepa_v2__vitl_256__linear__layer_24/seed_101/train_eval_summary.json,artifacts/probes/intphys2/seed_runs_layerwise_same_l_v1/intphys2__same_l__jepa_v2__vitl_256__linear__layer_24/seed_101/layer_24/eval,results/verified_layerwise_probe_configs.csv,29,,,,artifact metrics read from train_eval_summary.json
intphys2__same_l__jepa_v2__vitl_256__linear__layer_24,intphys2__same_l__jepa_v2__vitl_256__linear__layer_24__seed_102,IntPhys2,intphys2,same_L,V-JEPA 2,ViT-L/16,Linear,linear,24,24,102,artifact,complete,voe_accuracy,voe_accuracy,62.913907,71.357616,27.45098,57.352941,31.372549,57.843137,100,100,false,false,artifacts/probes/intphys2/seed_runs_layerwise_same_l_v1/intphys2__same_l__jepa_v2__vitl_256__linear__layer_24/seed_102/train_eval_summary.json,artifacts/probes/intphys2/seed_runs_layerwise_same_l_v1/intphys2__same_l__jepa_v2__vitl_256__linear__layer_24/seed_102/layer_24/eval,results/verified_layerwise_probe_configs.csv,29,,,,artifact metrics read from train_eval_summary.json
intphys2__same_l__jepa_v2__vitl_256__mlp__layer_6,intphys2__same_l__jepa_v2__vitl_256__mlp__layer_6__seed_101,IntPhys2,intphys2,same_L,V-JEPA 2,ViT-L/16,MLP,mlp,6,6,101,artifact,complete,voe_accuracy,voe_accuracy,25.165563,50,15.686275,51.960784,23.529412,50.980392,50,50,false,false,artifacts/probes/intphys2/seed_runs_layerwise_same_l_v1/intphys2__same_l__jepa_v2__vitl_256__mlp__layer_6/seed_101/train_eval_summary.json,artifacts/probes/intphys2/seed_runs_layerwise_same_l_v1/intphys2__same_l__jepa_v2__vitl_256__mlp__layer_6/seed_101/layer_6/eval,results/verified_layerwise_probe_configs.csv,30,,,,artifact metrics read from train_eval_summary.json
intphys2__same_l__jepa_v2__vitl_256__mlp__layer_6,intphys2__same_l__jepa_v2__vitl_256__mlp__layer_6__seed_102,IntPhys2,intphys2,same_L,V-JEPA 2,ViT-L/16,MLP,mlp,6,6,102,artifact,complete,voe_accuracy,voe_accuracy,33.112583,51.490066,11.764706,51.470588,21.568627,52.941176,50,50,false,false,artifacts/probes/intphys2/seed_runs_layerwise_same_l_v1/intphys2__same_l__jepa_v2__vitl_256__mlp__layer_6/seed_102/train_eval_summary.json,artifacts/probes/intphys2/seed_runs_layerwise_same_l_v1/intphys2__same_l__jepa_v2__vitl_256__mlp__layer_6/seed_102/layer_6/eval,results/verified_layerwise_probe_configs.csv,30,,,,artifact metrics read from train_eval_summary.json
intphys2__same_l__jepa_v2__vitl_256__mlp__layer_12,intphys2__same_l__jepa_v2__vitl_256__mlp__layer_12__seed_101,IntPhys2,intphys2,same_L,V-JEPA 2,ViT-L/16,MLP,mlp,12,12,101,artifact,complete,voe_accuracy,voe_accuracy,99.337748,98.509934,33.333333,60.784314,29.411765,57.352941,2000,2000,false,false,artifacts/probes/intphys2/seed_runs_layerwise_same_l_v1/intphys2__same_l__jepa_v2__vitl_256__mlp__layer_12/seed_101/train_eval_summary.json,artifacts/probes/intphys2/seed_runs_layerwise_same_l_v1/intphys2__same_l__jepa_v2__vitl_256__mlp__layer_12/seed_101/layer_12/eval,results/verified_layerwise_probe_configs.csv,31,,,,artifact metrics read from train_eval_summary.json
intphys2__same_l__jepa_v2__vitl_256__mlp__layer_12,intphys2__same_l__jepa_v2__vitl_256__mlp__layer_12__seed_102,IntPhys2,intphys2,same_L,V-JEPA 2,ViT-L/16,MLP,mlp,12,12,102,artifact,complete,voe_accuracy,voe_accuracy,99.337748,97.18543,33.333333,60.784314,27.45098,53.921569,2000,2000,false,false,artifacts/probes/intphys2/seed_runs_layerwise_same_l_v1/intphys2__same_l__jepa_v2__vitl_256__mlp__layer_12/seed_102/train_eval_summary.json,artifacts/probes/intphys2/seed_runs_layerwise_same_l_v1/intphys2__same_l__jepa_v2__vitl_256__mlp__layer_12/seed_102/layer_12/eval,results/verified_layerwise_probe_configs.csv,31,,,,artifact metrics read from train_eval_summary.json
intphys2__same_l__jepa_v2__vitl_256__mlp__layer_18,intphys2__same_l__jepa_v2__vitl_256__mlp__layer_18__seed_101,IntPhys2,intphys2,same_L,V-JEPA 2,ViT-L/16,MLP,mlp,18,18,101,artifact,complete,voe_accuracy,voe_accuracy,99.337748,98.344371,43.137255,68.137255,49.019608,64.705882,2000,2000,false,false,artifacts/probes/intphys2/seed_runs_layerwise_same_l_v1/intphys2__same_l__jepa_v2__vitl_256__mlp__layer_18/seed_101/train_eval_summary.json,artifacts/probes/intphys2/seed_runs_layerwise_same_l_v1/intphys2__same_l__jepa_v2__vitl_256__mlp__layer_18/seed_101/layer_18/eval,results/verified_layerwise_probe_configs.csv,32,,,,artifact metrics read from train_eval_summary.json
intphys2__same_l__jepa_v2__vitl_256__mlp__layer_18,intphys2__same_l__jepa_v2__vitl_256__mlp__layer_18__seed_102,IntPhys2,intphys2,same_L,V-JEPA 2,ViT-L/16,MLP,mlp,18,18,102,artifact,complete,voe_accuracy,voe_accuracy,99.337748,99.337748,43.137255,68.627451,54.901961,64.705882,2000,2000,false,false,artifacts/probes/intphys2/seed_runs_layerwise_same_l_v1/intphys2__same_l__jepa_v2__vitl_256__mlp__layer_18/seed_102/train_eval_summary.json,artifacts/probes/intphys2/seed_runs_layerwise_same_l_v1/intphys2__same_l__jepa_v2__vitl_256__mlp__layer_18/seed_102/layer_18/eval,results/verified_layerwise_probe_configs.csv,32,,,,artifact metrics read from train_eval_summary.json
intphys2__same_l__jepa_v2__vitl_256__mlp__layer_24,intphys2__same_l__jepa_v2__vitl_256__mlp__layer_24__seed_101,IntPhys2,intphys2,same_L,V-JEPA 2,ViT-L/16,MLP,mlp,24,24,101,artifact,complete,voe_accuracy,voe_accuracy,93.377483,94.536424,33.333333,61.27451,35.294118,58.333333,2000,2000,false,false,artifacts/probes/intphys2/seed_runs_layerwise_same_l_v1/intphys2__same_l__jepa_v2__vitl_256__mlp__layer_24/seed_101/train_eval_summary.json,artifacts/probes/intphys2/seed_runs_layerwise_same_l_v1/intphys2__same_l__jepa_v2__vitl_256__mlp__layer_24/seed_101/layer_24/eval,results/verified_layerwise_probe_configs.csv,33,,,,artifact metrics read from train_eval_summary.json
intphys2__same_l__jepa_v2__vitl_256__mlp__layer_24,intphys2__same_l__jepa_v2__vitl_256__mlp__layer_24__seed_102,IntPhys2,intphys2,same_L,V-JEPA 2,ViT-L/16,MLP,mlp,24,24,102,artifact,complete,voe_accuracy,voe_accuracy,100,96.192053,33.333333,61.764706,35.294118,60.784314,2000,2000,false,false,artifacts/probes/intphys2/seed_runs_layerwise_same_l_v1/intphys2__same_l__jepa_v2__vitl_256__mlp__layer_24/seed_102/train_eval_summary.json,artifacts/probes/intphys2/seed_runs_layerwise_same_l_v1/intphys2__same_l__jepa_v2__vitl_256__mlp__layer_24/seed_102/layer_24/eval,results/verified_layerwise_probe_configs.csv,33,,,,artifact metrics read from train_eval_summary.json
intphys2__same_l__jepa_v2_1__vitl_384__linear__layer_6,intphys2__same_l__jepa_v2_1__vitl_384__linear__layer_6__seed_101,IntPhys2,intphys2,same_L,V-JEPA 2.1,ViT-L/16,Linear,linear,6,6,101,artifact,complete,voe_accuracy,voe_accuracy,27.81457,52.317881,23.529412,51.960784,27.45098,51.960784,50,50,false,false,artifacts/probes/intphys2/seed_runs_layerwise_same_l_v1/intphys2__same_l__jepa_v2_1__vitl_384__linear__layer_6/seed_101/train_eval_summary.json,artifacts/probes/intphys2/seed_runs_layerwise_same_l_v1/intphys2__same_l__jepa_v2_1__vitl_384__linear__layer_6/seed_101/layer_6/eval,results/verified_layerwise_probe_configs.csv,62,,,,artifact metrics read from train_eval_summary.json
intphys2__same_l__jepa_v2_1__vitl_384__linear__layer_6,intphys2__same_l__jepa_v2_1__vitl_384__linear__layer_6__seed_102,IntPhys2,intphys2,same_L,V-JEPA 2.1,ViT-L/16,Linear,linear,6,6,102,artifact,complete,voe_accuracy,voe_accuracy,25.165563,51.490066,9.803922,51.470588,17.647059,49.509804,50,50,false,false,artifacts/probes/intphys2/seed_runs_layerwise_same_l_v1/intphys2__same_l__jepa_v2_1__vitl_384__linear__layer_6/seed_102/train_eval_summary.json,artifacts/probes/intphys2/seed_runs_layerwise_same_l_v1/intphys2__same_l__jepa_v2_1__vitl_384__linear__layer_6/seed_102/layer_6/eval,results/verified_layerwise_probe_configs.csv,62,,,,artifact metrics read from train_eval_summary.json
intphys2__same_l__jepa_v2_1__vitl_384__linear__layer_12,intphys2__same_l__jepa_v2_1__vitl_384__linear__layer_12__seed_101,IntPhys2,intphys2,same_L,V-JEPA 2.1,ViT-L/16,Linear,linear,12,12,101,artifact,complete,voe_accuracy,voe_accuracy,45.695364,53.642384,35.294118,55.392157,25.490196,53.921569,100,100,false,false,artifacts/probes/intphys2/seed_runs_layerwise_same_l_v1/intphys2__same_l__jepa_v2_1__vitl_384__linear__layer_12/seed_101/train_eval_summary.json,artifacts/probes/intphys2/seed_runs_layerwise_same_l_v1/intphys2__same_l__jepa_v2_1__vitl_384__linear__layer_12/seed_101/layer_12/eval,results/verified_layerwise_probe_configs.csv,63,,,,artifact metrics read from train_eval_summary.json
intphys2__same_l__jepa_v2_1__vitl_384__linear__layer_12,intphys2__same_l__jepa_v2_1__vitl_384__linear__layer_12__seed_102,IntPhys2,intphys2,same_L,V-JEPA 2.1,ViT-L/16,Linear,linear,12,12,102,artifact,complete,voe_accuracy,voe_accuracy,45.033113,55.794702,37.254902,54.901961,25.490196,51.470588,100,100,false,false,artifacts/probes/intphys2/seed_runs_layerwise_same_l_v1/intphys2__same_l__jepa_v2_1__vitl_384__linear__layer_12/seed_102/train_eval_summary.json,artifacts/probes/intphys2/seed_runs_layerwise_same_l_v1/intphys2__same_l__jepa_v2_1__vitl_384__linear__layer_12/seed_102/layer_12/eval,results/verified_layerwise_probe_configs.csv,63,,,,artifact metrics read from train_eval_summary.json
intphys2__same_l__jepa_v2_1__vitl_384__linear__layer_18,intphys2__same_l__jepa_v2_1__vitl_384__linear__layer_18__seed_101,IntPhys2,intphys2,same_L,V-JEPA 2.1,ViT-L/16,Linear,linear,18,18,101,artifact,complete,voe_accuracy,voe_accuracy,56.953642,73.178808,35.294118,58.823529,45.098039,61.27451,2000,2000,false,false,artifacts/probes/intphys2/seed_runs_layerwise_same_l_v1/intphys2__same_l__jepa_v2_1__vitl_384__linear__layer_18/seed_101/train_eval_summary.json,artifacts/probes/intphys2/seed_runs_layerwise_same_l_v1/intphys2__same_l__jepa_v2_1__vitl_384__linear__layer_18/seed_101/layer_18/eval,results/verified_layerwise_probe_configs.csv,64,,,,artifact metrics read from train_eval_summary.json
intphys2__same_l__jepa_v2_1__vitl_384__linear__layer_18,intphys2__same_l__jepa_v2_1__vitl_384__linear__layer_18__seed_102,IntPhys2,intphys2,same_L,V-JEPA 2.1,ViT-L/16,Linear,linear,18,18,102,artifact,complete,voe_accuracy,voe_accuracy,55.629139,72.516556,35.294118,59.313725,45.098039,61.764706,2000,2000,false,false,artifacts/probes/intphys2/seed_runs_layerwise_same_l_v1/intphys2__same_l__jepa_v2_1__vitl_384__linear__layer_18/seed_102/train_eval_summary.json,artifacts/probes/intphys2/seed_runs_layerwise_same_l_v1/intphys2__same_l__jepa_v2_1__vitl_384__linear__layer_18/seed_102/layer_18/eval,results/verified_layerwise_probe_configs.csv,64,,,,artifact metrics read from train_eval_summary.json
intphys2__same_l__jepa_v2_1__vitl_384__linear__layer_24,intphys2__same_l__jepa_v2_1__vitl_384__linear__layer_24__seed_101,IntPhys2,intphys2,same_L,V-JEPA 2.1,ViT-L/16,Linear,linear,24,24,101,artifact,complete,voe_accuracy,voe_accuracy,67.549669,76.986755,31.372549,56.862745,27.45098,56.862745,500,500,false,false,artifacts/probes/intphys2/seed_runs_layerwise_same_l_v1/intphys2__same_l__jepa_v2_1__vitl_384__linear__layer_24/seed_101/train_eval_summary.json,artifacts/probes/intphys2/seed_runs_layerwise_same_l_v1/intphys2__same_l__jepa_v2_1__vitl_384__linear__layer_24/seed_101/layer_24/eval,results/verified_layerwise_probe_configs.csv,65,,,,artifact metrics read from train_eval_summary.json
intphys2__same_l__jepa_v2_1__vitl_384__linear__layer_24,intphys2__same_l__jepa_v2_1__vitl_384__linear__layer_24__seed_102,IntPhys2,intphys2,same_L,V-JEPA 2.1,ViT-L/16,Linear,linear,24,24,102,artifact,complete,voe_accuracy,voe_accuracy,62.251656,71.523179,27.45098,57.843137,25.490196,57.352941,500,500,false,false,artifacts/probes/intphys2/seed_runs_layerwise_same_l_v1/intphys2__same_l__jepa_v2_1__vitl_384__linear__layer_24/seed_102/train_eval_summary.json,artifacts/probes/intphys2/seed_runs_layerwise_same_l_v1/intphys2__same_l__jepa_v2_1__vitl_384__linear__layer_24/seed_102/layer_24/eval,results/verified_layerwise_probe_configs.csv,65,,,,artifact metrics read from train_eval_summary.json
intphys2__same_l__jepa_v2_1__vitl_384__mlp__layer_6,intphys2__same_l__jepa_v2_1__vitl_384__mlp__layer_6__seed_101,IntPhys2,intphys2,same_L,V-JEPA 2.1,ViT-L/16,MLP,mlp,6,6,101,artifact,complete,voe_accuracy,voe_accuracy,29.801325,50.662252,11.764706,50.490196,17.647059,50,100,100,false,false,artifacts/probes/intphys2/seed_runs_layerwise_same_l_v1/intphys2__same_l__jepa_v2_1__vitl_384__mlp__layer_6/seed_101/train_eval_summary.json,artifacts/probes/intphys2/seed_runs_layerwise_same_l_v1/intphys2__same_l__jepa_v2_1__vitl_384__mlp__layer_6/seed_101/layer_6/eval,results/verified_layerwise_probe_configs.csv,66,,,,artifact metrics read from train_eval_summary.json
intphys2__same_l__jepa_v2_1__vitl_384__mlp__layer_6,intphys2__same_l__jepa_v2_1__vitl_384__mlp__layer_6__seed_102,IntPhys2,intphys2,same_L,V-JEPA 2.1,ViT-L/16,MLP,mlp,6,6,102,artifact,complete,voe_accuracy,voe_accuracy,21.854305,50.331126,17.647059,51.960784,13.72549,50.490196,100,100,false,false,artifacts/probes/intphys2/seed_runs_layerwise_same_l_v1/intphys2__same_l__jepa_v2_1__vitl_384__mlp__layer_6/seed_102/train_eval_summary.json,artifacts/probes/intphys2/seed_runs_layerwise_same_l_v1/intphys2__same_l__jepa_v2_1__vitl_384__mlp__layer_6/seed_102/layer_6/eval,results/verified_layerwise_probe_configs.csv,66,,,,artifact metrics read from train_eval_summary.json
intphys2__same_l__jepa_v2_1__vitl_384__mlp__layer_12,intphys2__same_l__jepa_v2_1__vitl_384__mlp__layer_12__seed_101,IntPhys2,intphys2,same_L,V-JEPA 2.1,ViT-L/16,MLP,mlp,12,12,101,artifact,complete,voe_accuracy,voe_accuracy,99.337748,81.622517,47.058824,61.27451,41.176471,60.784314,2000,2000,false,false,artifacts/probes/intphys2/seed_runs_layerwise_same_l_v1/intphys2__same_l__jepa_v2_1__vitl_384__mlp__layer_12/seed_101/train_eval_summary.json,artifacts/probes/intphys2/seed_runs_layerwise_same_l_v1/intphys2__same_l__jepa_v2_1__vitl_384__mlp__layer_12/seed_101/layer_12/eval,results/verified_layerwise_probe_configs.csv,67,,,,artifact metrics read from train_eval_summary.json
intphys2__same_l__jepa_v2_1__vitl_384__mlp__layer_12,intphys2__same_l__jepa_v2_1__vitl_384__mlp__layer_12__seed_102,IntPhys2,intphys2,same_L,V-JEPA 2.1,ViT-L/16,MLP,mlp,12,12,102,artifact,complete,voe_accuracy,voe_accuracy,98.013245,91.887417,43.137255,63.235294,35.294118,60.784314,2000,2000,false,false,artifacts/probes/intphys2/seed_runs_layerwise_same_l_v1/intphys2__same_l__jepa_v2_1__vitl_384__mlp__layer_12/seed_102/train_eval_summary.json,artifacts/probes/intphys2/seed_runs_layerwise_same_l_v1/intphys2__same_l__jepa_v2_1__vitl_384__mlp__layer_12/seed_102/layer_12/eval,results/verified_layerwise_probe_configs.csv,67,,,,artifact metrics read from train_eval_summary.json
intphys2__same_l__jepa_v2_1__vitl_384__mlp__layer_18,intphys2__same_l__jepa_v2_1__vitl_384__mlp__layer_18__seed_101,IntPhys2,intphys2,same_L,V-JEPA 2.1,ViT-L/16,MLP,mlp,18,18,101,artifact,complete,voe_accuracy,voe_accuracy,98.675497,89.900662,37.254902,64.215686,49.019608,57.843137,2000,2000,false,false,artifacts/probes/intphys2/seed_runs_layerwise_same_l_v1/intphys2__same_l__jepa_v2_1__vitl_384__mlp__layer_18/seed_101/train_eval_summary.json,artifacts/probes/intphys2/seed_runs_layerwise_same_l_v1/intphys2__same_l__jepa_v2_1__vitl_384__mlp__layer_18/seed_101/layer_18/eval,results/verified_layerwise_probe_configs.csv,68,,,,artifact metrics read from train_eval_summary.json
intphys2__same_l__jepa_v2_1__vitl_384__mlp__layer_18,intphys2__same_l__jepa_v2_1__vitl_384__mlp__layer_18__seed_102,IntPhys2,intphys2,same_L,V-JEPA 2.1,ViT-L/16,MLP,mlp,18,18,102,artifact,complete,voe_accuracy,voe_accuracy,99.337748,94.86755,39.215686,65.196078,54.901961,58.333333,2000,2000,false,false,artifacts/probes/intphys2/seed_runs_layerwise_same_l_v1/intphys2__same_l__jepa_v2_1__vitl_384__mlp__layer_18/seed_102/train_eval_summary.json,artifacts/probes/intphys2/seed_runs_layerwise_same_l_v1/intphys2__same_l__jepa_v2_1__vitl_384__mlp__layer_18/seed_102/layer_18/eval,results/verified_layerwise_probe_configs.csv,68,,,,artifact metrics read from train_eval_summary.json
intphys2__same_l__jepa_v2_1__vitl_384__mlp__layer_24,intphys2__same_l__jepa_v2_1__vitl_384__mlp__layer_24__seed_101,IntPhys2,intphys2,same_L,V-JEPA 2.1,ViT-L/16,MLP,mlp,24,24,101,artifact,complete,voe_accuracy,voe_accuracy,100,98.509934,29.411765,59.313725,33.333333,58.823529,2000,2000,false,false,artifacts/probes/intphys2/seed_runs_layerwise_same_l_v1/intphys2__same_l__jepa_v2_1__vitl_384__mlp__layer_24/seed_101/train_eval_summary.json,artifacts/probes/intphys2/seed_runs_layerwise_same_l_v1/intphys2__same_l__jepa_v2_1__vitl_384__mlp__layer_24/seed_101/layer_24/eval,results/verified_layerwise_probe_configs.csv,69,,,,artifact metrics read from train_eval_summary.json
intphys2__same_l__jepa_v2_1__vitl_384__mlp__layer_24,intphys2__same_l__jepa_v2_1__vitl_384__mlp__layer_24__seed_102,IntPhys2,intphys2,same_L,V-JEPA 2.1,ViT-L/16,MLP,mlp,24,24,102,artifact,complete,voe_accuracy,voe_accuracy,100,98.509934,37.254902,60.784314,31.372549,58.823529,2000,2000,false,false,artifacts/probes/intphys2/seed_runs_layerwise_same_l_v1/intphys2__same_l__jepa_v2_1__vitl_384__mlp__layer_24/seed_102/train_eval_summary.json,artifacts/probes/intphys2/seed_runs_layerwise_same_l_v1/intphys2__same_l__jepa_v2_1__vitl_384__mlp__layer_24/seed_102/layer_24/eval,results/verified_layerwise_probe_configs.csv,69,,,,artifact metrics read from train_eval_summary.json
intphys2__same_l__videomae__vit_large_16_224__linear__layer_6,intphys2__same_l__videomae__vit_large_16_224__linear__layer_6__seed_101,IntPhys2,intphys2,same_L,VideoMAE,ViT-L/16,Linear,linear,6,6,101,artifact,complete,voe_accuracy,voe_accuracy,8.609272,50.496689,17.647059,51.960784,13.72549,49.019608,100,100,false,false,artifacts/probes/intphys2/seed_runs_layerwise_same_l_v1/intphys2__same_l__videomae__vit_large_16_224__linear__layer_6/seed_101/train_eval_summary.json,artifacts/probes/intphys2/seed_runs_layerwise_same_l_v1/intphys2__same_l__videomae__vit_large_16_224__linear__layer_6/seed_101/layer_6/eval,results/verified_layerwise_probe_configs.csv,98,,,,artifact metrics read from train_eval_summary.json
intphys2__same_l__videomae__vit_large_16_224__linear__layer_6,intphys2__same_l__videomae__vit_large_16_224__linear__layer_6__seed_102,IntPhys2,intphys2,same_L,VideoMAE,ViT-L/16,Linear,linear,6,6,102,artifact,complete,voe_accuracy,voe_accuracy,4.635762,50.165563,17.647059,51.470588,17.647059,49.019608,100,100,false,false,artifacts/probes/intphys2/seed_runs_layerwise_same_l_v1/intphys2__same_l__videomae__vit_large_16_224__linear__layer_6/seed_102/train_eval_summary.json,artifacts/probes/intphys2/seed_runs_layerwise_same_l_v1/intphys2__same_l__videomae__vit_large_16_224__linear__layer_6/seed_102/layer_6/eval,results/verified_layerwise_probe_configs.csv,98,,,,artifact metrics read from train_eval_summary.json
intphys2__same_l__videomae__vit_large_16_224__linear__layer_12,intphys2__same_l__videomae__vit_large_16_224__linear__layer_12__seed_101,IntPhys2,intphys2,same_L,VideoMAE,ViT-L/16,Linear,linear,12,12,101,artifact,complete,voe_accuracy,voe_accuracy,35.099338,51.655629,13.72549,52.45098,15.686275,49.509804,50,50,false,false,artifacts/probes/intphys2/seed_runs_layerwise_same_l_v1/intphys2__same_l__videomae__vit_large_16_224__linear__layer_12/seed_101/train_eval_summary.json,artifacts/probes/intphys2/seed_runs_layerwise_same_l_v1/intphys2__same_l__videomae__vit_large_16_224__linear__layer_12/seed_101/layer_12/eval,results/verified_layerwise_probe_configs.csv,99,,,,artifact metrics read from train_eval_summary.json
intphys2__same_l__videomae__vit_large_16_224__linear__layer_12,intphys2__same_l__videomae__vit_large_16_224__linear__layer_12__seed_102,IntPhys2,intphys2,same_L,VideoMAE,ViT-L/16,Linear,linear,12,12,102,artifact,complete,voe_accuracy,voe_accuracy,14.569536,50.165563,19.607843,53.431373,17.647059,50,50,50,false,false,artifacts/probes/intphys2/seed_runs_layerwise_same_l_v1/intphys2__same_l__videomae__vit_large_16_224__linear__layer_12/seed_102/train_eval_summary.json,artifacts/probes/intphys2/seed_runs_layerwise_same_l_v1/intphys2__same_l__videomae__vit_large_16_224__linear__layer_12/seed_102/layer_12/eval,results/verified_layerwise_probe_configs.csv,99,,,,artifact metrics read from train_eval_summary.json
intphys2__same_l__videomae__vit_large_16_224__linear__layer_18,intphys2__same_l__videomae__vit_large_16_224__linear__layer_18__seed_101,IntPhys2,intphys2,same_L,VideoMAE,ViT-L/16,Linear,linear,18,18,101,artifact,complete,voe_accuracy,voe_accuracy,46.357616,62.417219,33.333333,60.294118,39.215686,54.411765,1000,1000,false,false,artifacts/probes/intphys2/seed_runs_layerwise_same_l_v1/intphys2__same_l__videomae__vit_large_16_224__linear__layer_18/seed_101/train_eval_summary.json,artifacts/probes/intphys2/seed_runs_layerwise_same_l_v1/intphys2__same_l__videomae__vit_large_16_224__linear__layer_18/seed_101/layer_18/eval,results/verified_layerwise_probe_configs.csv,100,,,,artifact metrics read from train_eval_summary.json
intphys2__same_l__videomae__vit_large_16_224__linear__layer_18,intphys2__same_l__videomae__vit_large_16_224__linear__layer_18__seed_102,IntPhys2,intphys2,same_L,VideoMAE,ViT-L/16,Linear,linear,18,18,102,artifact,complete,voe_accuracy,voe_accuracy,35.099338,54.635762,35.294118,59.313725,25.490196,54.411765,1000,1000,false,false,artifacts/probes/intphys2/seed_runs_layerwise_same_l_v1/intphys2__same_l__videomae__vit_large_16_224__linear__layer_18/seed_102/train_eval_summary.json,artifacts/probes/intphys2/seed_runs_layerwise_same_l_v1/intphys2__same_l__videomae__vit_large_16_224__linear__layer_18/seed_102/layer_18/eval,results/verified_layerwise_probe_configs.csv,100,,,,artifact metrics read from train_eval_summary.json
intphys2__same_l__videomae__vit_large_16_224__linear__layer_24,intphys2__same_l__videomae__vit_large_16_224__linear__layer_24__seed_101,IntPhys2,intphys2,same_L,VideoMAE,ViT-L/16,Linear,linear,24,24,101,artifact,complete,voe_accuracy,voe_accuracy,52.980132,73.84106,31.372549,58.333333,39.215686,56.372549,2000,2000,false,false,artifacts/probes/intphys2/seed_runs_layerwise_same_l_v1/intphys2__same_l__videomae__vit_large_16_224__linear__layer_24/seed_101/train_eval_summary.json,artifacts/probes/intphys2/seed_runs_layerwise_same_l_v1/intphys2__same_l__videomae__vit_large_16_224__linear__layer_24/seed_101/layer_24/eval,results/verified_layerwise_probe_configs.csv,101,,,,artifact metrics read from train_eval_summary.json
intphys2__same_l__videomae__vit_large_16_224__linear__layer_24,intphys2__same_l__videomae__vit_large_16_224__linear__layer_24__seed_102,IntPhys2,intphys2,same_L,VideoMAE,ViT-L/16,Linear,linear,24,24,102,artifact,complete,voe_accuracy,voe_accuracy,49.668874,68.543046,35.294118,59.313725,35.294118,53.431373,2000,2000,false,false,artifacts/probes/intphys2/seed_runs_layerwise_same_l_v1/intphys2__same_l__videomae__vit_large_16_224__linear__layer_24/seed_102/train_eval_summary.json,artifacts/probes/intphys2/seed_runs_layerwise_same_l_v1/intphys2__same_l__videomae__vit_large_16_224__linear__layer_24/seed_102/layer_24/eval,results/verified_layerwise_probe_configs.csv,101,,,,artifact metrics read from train_eval_summary.json
intphys2__same_l__videomae__vit_large_16_224__mlp__layer_6,intphys2__same_l__videomae__vit_large_16_224__mlp__layer_6__seed_101,IntPhys2,intphys2,same_L,VideoMAE,ViT-L/16,MLP,mlp,6,6,101,artifact,complete,voe_accuracy,voe_accuracy,25.165563,52.649007,7.843137,53.431373,21.568627,53.921569,2000,2000,false,false,artifacts/probes/intphys2/seed_runs_layerwise_same_l_v1/intphys2__same_l__videomae__vit_large_16_224__mlp__layer_6/seed_101/train_eval_summary.json,artifacts/probes/intphys2/seed_runs_layerwise_same_l_v1/intphys2__same_l__videomae__vit_large_16_224__mlp__layer_6/seed_101/layer_6/eval,results/verified_layerwise_probe_configs.csv,102,,,,artifact metrics read from train_eval_summary.json
intphys2__same_l__videomae__vit_large_16_224__mlp__layer_6,intphys2__same_l__videomae__vit_large_16_224__mlp__layer_6__seed_102,IntPhys2,intphys2,same_L,VideoMAE,ViT-L/16,MLP,mlp,6,6,102,artifact,complete,voe_accuracy,voe_accuracy,62.913907,63.741722,11.764706,53.431373,29.411765,54.901961,2000,2000,false,false,artifacts/probes/intphys2/seed_runs_layerwise_same_l_v1/intphys2__same_l__videomae__vit_large_16_224__mlp__layer_6/seed_102/train_eval_summary.json,artifacts/probes/intphys2/seed_runs_layerwise_same_l_v1/intphys2__same_l__videomae__vit_large_16_224__mlp__layer_6/seed_102/layer_6/eval,results/verified_layerwise_probe_configs.csv,102,,,,artifact metrics read from train_eval_summary.json
intphys2__same_l__videomae__vit_large_16_224__mlp__layer_12,intphys2__same_l__videomae__vit_large_16_224__mlp__layer_12__seed_101,IntPhys2,intphys2,same_L,VideoMAE,ViT-L/16,MLP,mlp,12,12,101,artifact,complete,voe_accuracy,voe_accuracy,87.417219,88.741722,31.372549,58.823529,35.294118,56.862745,2000,2000,false,false,artifacts/probes/intphys2/seed_runs_layerwise_same_l_v1/intphys2__same_l__videomae__vit_large_16_224__mlp__layer_12/seed_101/train_eval_summary.json,artifacts/probes/intphys2/seed_runs_layerwise_same_l_v1/intphys2__same_l__videomae__vit_large_16_224__mlp__layer_12/seed_101/layer_12/eval,results/verified_layerwise_probe_configs.csv,103,,,,artifact metrics read from train_eval_summary.json
intphys2__same_l__videomae__vit_large_16_224__mlp__layer_12,intphys2__same_l__videomae__vit_large_16_224__mlp__layer_12__seed_102,IntPhys2,intphys2,same_L,VideoMAE,ViT-L/16,MLP,mlp,12,12,102,artifact,complete,voe_accuracy,voe_accuracy,94.039735,88.576159,33.333333,60.294118,35.294118,59.803922,2000,2000,false,false,artifacts/probes/intphys2/seed_runs_layerwise_same_l_v1/intphys2__same_l__videomae__vit_large_16_224__mlp__layer_12/seed_102/train_eval_summary.json,artifacts/probes/intphys2/seed_runs_layerwise_same_l_v1/intphys2__same_l__videomae__vit_large_16_224__mlp__layer_12/seed_102/layer_12/eval,results/verified_layerwise_probe_configs.csv,103,,,,artifact metrics read from train_eval_summary.json
intphys2__same_l__videomae__vit_large_16_224__mlp__layer_18,intphys2__same_l__videomae__vit_large_16_224__mlp__layer_18__seed_101,IntPhys2,intphys2,same_L,VideoMAE,ViT-L/16,MLP,mlp,18,18,101,artifact,complete,voe_accuracy,voe_accuracy,66.225166,79.635762,43.137255,61.27451,41.176471,57.843137,2000,2000,false,false,artifacts/probes/intphys2/seed_runs_layerwise_same_l_v1/intphys2__same_l__videomae__vit_large_16_224__mlp__layer_18/seed_101/train_eval_summary.json,artifacts/probes/intphys2/seed_runs_layerwise_same_l_v1/intphys2__same_l__videomae__vit_large_16_224__mlp__layer_18/seed_101/layer_18/eval,results/verified_layerwise_probe_configs.csv,104,,,,artifact metrics read from train_eval_summary.json
intphys2__same_l__videomae__vit_large_16_224__mlp__layer_18,intphys2__same_l__videomae__vit_large_16_224__mlp__layer_18__seed_102,IntPhys2,intphys2,same_L,VideoMAE,ViT-L/16,MLP,mlp,18,18,102,artifact,complete,voe_accuracy,voe_accuracy,70.860927,80.960265,43.137255,61.27451,45.098039,57.843137,2000,2000,false,false,artifacts/probes/intphys2/seed_runs_layerwise_same_l_v1/intphys2__same_l__videomae__vit_large_16_224__mlp__layer_18/seed_102/train_eval_summary.json,artifacts/probes/intphys2/seed_runs_layerwise_same_l_v1/intphys2__same_l__videomae__vit_large_16_224__mlp__layer_18/seed_102/layer_18/eval,results/verified_layerwise_probe_configs.csv,104,,,,artifact metrics read from train_eval_summary.json
intphys2__same_l__videomae__vit_large_16_224__mlp__layer_24,intphys2__same_l__videomae__vit_large_16_224__mlp__layer_24__seed_101,IntPhys2,intphys2,same_L,VideoMAE,ViT-L/16,MLP,mlp,24,24,101,artifact,complete,voe_accuracy,voe_accuracy,100,94.205298,31.372549,63.72549,43.137255,61.764706,2000,2000,false,false,artifacts/probes/intphys2/seed_runs_layerwise_same_l_v1/intphys2__same_l__videomae__vit_large_16_224__mlp__layer_24/seed_101/train_eval_summary.json,artifacts/probes/intphys2/seed_runs_layerwise_same_l_v1/intphys2__same_l__videomae__vit_large_16_224__mlp__layer_24/seed_101/layer_24/eval,results/verified_layerwise_probe_configs.csv,105,,,,artifact metrics read from train_eval_summary.json
intphys2__same_l__videomae__vit_large_16_224__mlp__layer_24,intphys2__same_l__videomae__vit_large_16_224__mlp__layer_24__seed_102,IntPhys2,intphys2,same_L,VideoMAE,ViT-L/16,MLP,mlp,24,24,102,artifact,complete,voe_accuracy,voe_accuracy,94.701987,92.384106,35.294118,63.72549,37.254902,58.823529,2000,2000,false,false,artifacts/probes/intphys2/seed_runs_layerwise_same_l_v1/intphys2__same_l__videomae__vit_large_16_224__mlp__layer_24/seed_102/train_eval_summary.json,artifacts/probes/intphys2/seed_runs_layerwise_same_l_v1/intphys2__same_l__videomae__vit_large_16_224__mlp__layer_24/seed_102/layer_24/eval,results/verified_layerwise_probe_configs.csv,105,,,,artifact metrics read from train_eval_summary.json
intphys2__same_l__videomae_v2__vit_large_16_224__linear__layer_6,intphys2__same_l__videomae_v2__vit_large_16_224__linear__layer_6__seed_101,IntPhys2,intphys2,same_L,VideoMAE-v2,ViT-L/16,Linear,linear,6,6,101,artifact,complete,voe_accuracy,voe_accuracy,16.556291,50.165563,13.72549,50.980392,15.686275,48.529412,50,50,false,false,artifacts/probes/intphys2/seed_runs_layerwise_same_l_v1/intphys2__same_l__videomae_v2__vit_large_16_224__linear__layer_6/seed_101/train_eval_summary.json,artifacts/probes/intphys2/seed_runs_layerwise_same_l_v1/intphys2__same_l__videomae_v2__vit_large_16_224__linear__layer_6/seed_101/layer_6/eval,results/verified_layerwise_probe_configs.csv,134,,,,artifact metrics read from train_eval_summary.json
intphys2__same_l__videomae_v2__vit_large_16_224__linear__layer_6,intphys2__same_l__videomae_v2__vit_large_16_224__linear__layer_6__seed_102,IntPhys2,intphys2,same_L,VideoMAE-v2,ViT-L/16,Linear,linear,6,6,102,artifact,complete,voe_accuracy,voe_accuracy,11.92053,50.662252,7.843137,50.980392,17.647059,50,50,50,false,false,artifacts/probes/intphys2/seed_runs_layerwise_same_l_v1/intphys2__same_l__videomae_v2__vit_large_16_224__linear__layer_6/seed_102/train_eval_summary.json,artifacts/probes/intphys2/seed_runs_layerwise_same_l_v1/intphys2__same_l__videomae_v2__vit_large_16_224__linear__layer_6/seed_102/layer_6/eval,results/verified_layerwise_probe_configs.csv,134,,,,artifact metrics read from train_eval_summary.json
intphys2__same_l__videomae_v2__vit_large_16_224__linear__layer_12,intphys2__same_l__videomae_v2__vit_large_16_224__linear__layer_12__seed_101,IntPhys2,intphys2,same_L,VideoMAE-v2,ViT-L/16,Linear,linear,12,12,101,artifact,complete,voe_accuracy,voe_accuracy,47.682119,57.615894,37.254902,57.843137,49.019608,52.941176,1000,1000,false,false,artifacts/probes/intphys2/seed_runs_layerwise_same_l_v1/intphys2__same_l__videomae_v2__vit_large_16_224__linear__layer_12/seed_101/train_eval_summary.json,artifacts/probes/intphys2/seed_runs_layerwise_same_l_v1/intphys2__same_l__videomae_v2__vit_large_16_224__linear__layer_12/seed_101/layer_12/eval,results/verified_layerwise_probe_configs.csv,135,,,,artifact metrics read from train_eval_summary.json
intphys2__same_l__videomae_v2__vit_large_16_224__linear__layer_12,intphys2__same_l__videomae_v2__vit_large_16_224__linear__layer_12__seed_102,IntPhys2,intphys2,same_L,VideoMAE-v2,ViT-L/16,Linear,linear,12,12,102,artifact,complete,voe_accuracy,voe_accuracy,50.993377,55.298013,33.333333,58.333333,37.254902,51.960784,1000,1000,false,false,artifacts/probes/intphys2/seed_runs_layerwise_same_l_v1/intphys2__same_l__videomae_v2__vit_large_16_224__linear__layer_12/seed_102/train_eval_summary.json,artifacts/probes/intphys2/seed_runs_layerwise_same_l_v1/intphys2__same_l__videomae_v2__vit_large_16_224__linear__layer_12/seed_102/layer_12/eval,results/verified_layerwise_probe_configs.csv,135,,,,artifact metrics read from train_eval_summary.json
intphys2__same_l__videomae_v2__vit_large_16_224__linear__layer_18,intphys2__same_l__videomae_v2__vit_large_16_224__linear__layer_18__seed_101,IntPhys2,intphys2,same_L,VideoMAE-v2,ViT-L/16,Linear,linear,18,18,101,artifact,complete,voe_accuracy,voe_accuracy,55.629139,53.642384,45.098039,59.803922,31.372549,53.431373,2000,2000,false,false,artifacts/probes/intphys2/seed_runs_layerwise_same_l_v1/intphys2__same_l__videomae_v2__vit_large_16_224__linear__layer_18/seed_101/train_eval_summary.json,artifacts/probes/intphys2/seed_runs_layerwise_same_l_v1/intphys2__same_l__videomae_v2__vit_large_16_224__linear__layer_18/seed_101/layer_18/eval,results/verified_layerwise_probe_configs.csv,136,,,,artifact metrics read from train_eval_summary.json
intphys2__same_l__videomae_v2__vit_large_16_224__linear__layer_18,intphys2__same_l__videomae_v2__vit_large_16_224__linear__layer_18__seed_102,IntPhys2,intphys2,same_L,VideoMAE-v2,ViT-L/16,Linear,linear,18,18,102,artifact,complete,voe_accuracy,voe_accuracy,49.006623,62.913907,37.254902,60.294118,35.294118,58.823529,2000,2000,false,false,artifacts/probes/intphys2/seed_runs_layerwise_same_l_v1/intphys2__same_l__videomae_v2__vit_large_16_224__linear__layer_18/seed_102/train_eval_summary.json,artifacts/probes/intphys2/seed_runs_layerwise_same_l_v1/intphys2__same_l__videomae_v2__vit_large_16_224__linear__layer_18/seed_102/layer_18/eval,results/verified_layerwise_probe_configs.csv,136,,,,artifact metrics read from train_eval_summary.json
intphys2__same_l__videomae_v2__vit_large_16_224__linear__layer_24,intphys2__same_l__videomae_v2__vit_large_16_224__linear__layer_24__seed_101,IntPhys2,intphys2,same_L,VideoMAE-v2,ViT-L/16,Linear,linear,24,24,101,artifact,complete,voe_accuracy,voe_accuracy,58.278146,74.503311,31.372549,60.294118,33.333333,56.862745,2000,2000,false,false,artifacts/probes/intphys2/seed_runs_layerwise_same_l_v1/intphys2__same_l__videomae_v2__vit_large_16_224__linear__layer_24/seed_101/train_eval_summary.json,artifacts/probes/intphys2/seed_runs_layerwise_same_l_v1/intphys2__same_l__videomae_v2__vit_large_16_224__linear__layer_24/seed_101/layer_24/eval,results/verified_layerwise_probe_configs.csv,137,,,,artifact metrics read from train_eval_summary.json
intphys2__same_l__videomae_v2__vit_large_16_224__linear__layer_24,intphys2__same_l__videomae_v2__vit_large_16_224__linear__layer_24__seed_102,IntPhys2,intphys2,same_L,VideoMAE-v2,ViT-L/16,Linear,linear,24,24,102,artifact,complete,voe_accuracy,voe_accuracy,72.847682,86.092715,35.294118,60.294118,23.529412,54.901961,2000,2000,false,false,artifacts/probes/intphys2/seed_runs_layerwise_same_l_v1/intphys2__same_l__videomae_v2__vit_large_16_224__linear__layer_24/seed_102/train_eval_summary.json,artifacts/probes/intphys2/seed_runs_layerwise_same_l_v1/intphys2__same_l__videomae_v2__vit_large_16_224__linear__layer_24/seed_102/layer_24/eval,results/verified_layerwise_probe_configs.csv,137,,,,artifact metrics read from train_eval_summary.json
intphys2__same_l__videomae_v2__vit_large_16_224__mlp__layer_6,intphys2__same_l__videomae_v2__vit_large_16_224__mlp__layer_6__seed_101,IntPhys2,intphys2,same_L,VideoMAE-v2,ViT-L/16,MLP,mlp,6,6,101,artifact,complete,voe_accuracy,voe_accuracy,19.205298,50.827815,5.882353,51.960784,27.45098,51.470588,1000,1000,false,false,artifacts/probes/intphys2/seed_runs_layerwise_same_l_v1/intphys2__same_l__videomae_v2__vit_large_16_224__mlp__layer_6/seed_101/train_eval_summary.json,artifacts/probes/intphys2/seed_runs_layerwise_same_l_v1/intphys2__same_l__videomae_v2__vit_large_16_224__mlp__layer_6/seed_101/layer_6/eval,results/verified_layerwise_probe_configs.csv,138,,,,artifact metrics read from train_eval_summary.json
intphys2__same_l__videomae_v2__vit_large_16_224__mlp__layer_6,intphys2__same_l__videomae_v2__vit_large_16_224__mlp__layer_6__seed_102,IntPhys2,intphys2,same_L,VideoMAE-v2,ViT-L/16,MLP,mlp,6,6,102,artifact,complete,voe_accuracy,voe_accuracy,13.907285,50.331126,7.843137,52.45098,19.607843,50,1000,1000,false,false,artifacts/probes/intphys2/seed_runs_layerwise_same_l_v1/intphys2__same_l__videomae_v2__vit_large_16_224__mlp__layer_6/seed_102/train_eval_summary.json,artifacts/probes/intphys2/seed_runs_layerwise_same_l_v1/intphys2__same_l__videomae_v2__vit_large_16_224__mlp__layer_6/seed_102/layer_6/eval,results/verified_layerwise_probe_configs.csv,138,,,,artifact metrics read from train_eval_summary.json
intphys2__same_l__videomae_v2__vit_large_16_224__mlp__layer_12,intphys2__same_l__videomae_v2__vit_large_16_224__mlp__layer_12__seed_101,IntPhys2,intphys2,same_L,VideoMAE-v2,ViT-L/16,MLP,mlp,12,12,101,artifact,complete,voe_accuracy,voe_accuracy,88.07947,89.403974,41.176471,61.27451,50.980392,61.27451,2000,2000,false,false,artifacts/probes/intphys2/seed_runs_layerwise_same_l_v1/intphys2__same_l__videomae_v2__vit_large_16_224__mlp__layer_12/seed_101/train_eval_summary.json,artifacts/probes/intphys2/seed_runs_layerwise_same_l_v1/intphys2__same_l__videomae_v2__vit_large_16_224__mlp__layer_12/seed_101/layer_12/eval,results/verified_layerwise_probe_configs.csv,139,,,,artifact metrics read from train_eval_summary.json
intphys2__same_l__videomae_v2__vit_large_16_224__mlp__layer_12,intphys2__same_l__videomae_v2__vit_large_16_224__mlp__layer_12__seed_102,IntPhys2,intphys2,same_L,VideoMAE-v2,ViT-L/16,MLP,mlp,12,12,102,artifact,complete,voe_accuracy,voe_accuracy,90.066225,91.390728,37.254902,59.803922,52.941176,61.764706,2000,2000,false,false,artifacts/probes/intphys2/seed_runs_layerwise_same_l_v1/intphys2__same_l__videomae_v2__vit_large_16_224__mlp__layer_12/seed_102/train_eval_summary.json,artifacts/probes/intphys2/seed_runs_layerwise_same_l_v1/intphys2__same_l__videomae_v2__vit_large_16_224__mlp__layer_12/seed_102/layer_12/eval,results/verified_layerwise_probe_configs.csv,139,,,,artifact metrics read from train_eval_summary.json
intphys2__same_l__videomae_v2__vit_large_16_224__mlp__layer_18,intphys2__same_l__videomae_v2__vit_large_16_224__mlp__layer_18__seed_101,IntPhys2,intphys2,same_L,VideoMAE-v2,ViT-L/16,MLP,mlp,18,18,101,artifact,complete,voe_accuracy,voe_accuracy,96.688742,96.02649,47.058824,63.235294,37.254902,60.294118,2000,2000,false,false,artifacts/probes/intphys2/seed_runs_layerwise_same_l_v1/intphys2__same_l__videomae_v2__vit_large_16_224__mlp__layer_18/seed_101/train_eval_summary.json,artifacts/probes/intphys2/seed_runs_layerwise_same_l_v1/intphys2__same_l__videomae_v2__vit_large_16_224__mlp__layer_18/seed_101/layer_18/eval,results/verified_layerwise_probe_configs.csv,140,,,,artifact metrics read from train_eval_summary.json
intphys2__same_l__videomae_v2__vit_large_16_224__mlp__layer_18,intphys2__same_l__videomae_v2__vit_large_16_224__mlp__layer_18__seed_102,IntPhys2,intphys2,same_L,VideoMAE-v2,ViT-L/16,MLP,mlp,18,18,102,artifact,complete,voe_accuracy,voe_accuracy,99.337748,97.847682,50.980392,62.254902,35.294118,60.294118,2000,2000,false,false,artifacts/probes/intphys2/seed_runs_layerwise_same_l_v1/intphys2__same_l__videomae_v2__vit_large_16_224__mlp__layer_18/seed_102/train_eval_summary.json,artifacts/probes/intphys2/seed_runs_layerwise_same_l_v1/intphys2__same_l__videomae_v2__vit_large_16_224__mlp__layer_18/seed_102/layer_18/eval,results/verified_layerwise_probe_configs.csv,140,,,,artifact metrics read from train_eval_summary.json
intphys2__same_l__videomae_v2__vit_large_16_224__mlp__layer_24,intphys2__same_l__videomae_v2__vit_large_16_224__mlp__layer_24__seed_101,IntPhys2,intphys2,same_L,VideoMAE-v2,ViT-L/16,MLP,mlp,24,24,101,artifact,complete,voe_accuracy,voe_accuracy,60.927152,71.357616,31.372549,58.333333,33.333333,56.372549,50,50,false,false,artifacts/probes/intphys2/seed_runs_layerwise_same_l_v1/intphys2__same_l__videomae_v2__vit_large_16_224__mlp__layer_24/seed_101/train_eval_summary.json,artifacts/probes/intphys2/seed_runs_layerwise_same_l_v1/intphys2__same_l__videomae_v2__vit_large_16_224__mlp__layer_24/seed_101/layer_24/eval,results/verified_layerwise_probe_configs.csv,141,,,,artifact metrics read from train_eval_summary.json
intphys2__same_l__videomae_v2__vit_large_16_224__mlp__layer_24,intphys2__same_l__videomae_v2__vit_large_16_224__mlp__layer_24__seed_102,IntPhys2,intphys2,same_L,VideoMAE-v2,ViT-L/16,MLP,mlp,24,24,102,artifact,complete,voe_accuracy,voe_accuracy,76.15894,76.986755,29.411765,58.823529,33.333333,55.392157,50,50,false,false,artifacts/probes/intphys2/seed_runs_layerwise_same_l_v1/intphys2__same_l__videomae_v2__vit_large_16_224__mlp__layer_24/seed_102/train_eval_summary.json,artifacts/probes/intphys2/seed_runs_layerwise_same_l_v1/intphys2__same_l__videomae_v2__vit_large_16_224__mlp__layer_24/seed_102/layer_24/eval,results/verified_layerwise_probe_configs.csv,141,,,,artifact metrics read from train_eval_summary.json
mvp__same_l__jepa_v1__vitl16_224__linear__layer_6,mvp__same_l__jepa_v1__vitl16_224__linear__layer_6__seed_101,MVP,mvp,same_L,V-JEPA,ViT-L/16,Linear,linear,6,6,101,artifact,complete,pair_consistency,pair_consistency,48.903879,71.568297,40.950455,66.127401,40.444894,65.166835,2000,2000,false,false,artifacts/probes/mvp/seed_runs_layerwise_same_l_v1/mvp__same_l__jepa_v1__vitl16_224__linear__layer_6/seed_101/train_eval_summary.json,artifacts/probes/mvp/seed_runs_layerwise_same_l_v1/mvp__same_l__jepa_v1__vitl16_224__linear__layer_6/seed_101/layer_6/eval,results/verified_layerwise_probe_configs.csv,326,,,,artifact metrics read from train_eval_summary.json
mvp__same_l__jepa_v1__vitl16_224__linear__layer_6,mvp__same_l__jepa_v1__vitl16_224__linear__layer_6__seed_102,MVP,mvp,same_L,V-JEPA,ViT-L/16,Linear,linear,6,6,102,artifact,complete,pair_consistency,pair_consistency,48.701518,71.045531,41.456016,66.127401,40.444894,65.267947,2000,2000,false,false,artifacts/probes/mvp/seed_runs_layerwise_same_l_v1/mvp__same_l__jepa_v1__vitl16_224__linear__layer_6/seed_102/train_eval_summary.json,artifacts/probes/mvp/seed_runs_layerwise_same_l_v1/mvp__same_l__jepa_v1__vitl16_224__linear__layer_6/seed_102/layer_6/eval,results/verified_layerwise_probe_configs.csv,326,,,,artifact metrics read from train_eval_summary.json
mvp__same_l__jepa_v1__vitl16_224__linear__layer_12,mvp__same_l__jepa_v1__vitl16_224__linear__layer_12__seed_101,MVP,mvp,same_L,V-JEPA,ViT-L/16,Linear,linear,12,12,101,artifact,complete,pair_consistency,pair_consistency,46.677909,70.370995,42.366026,66.784631,41.152679,66.026289,2000,2000,false,false,artifacts/probes/mvp/seed_runs_layerwise_same_l_v1/mvp__same_l__jepa_v1__vitl16_224__linear__layer_12/seed_101/train_eval_summary.json,artifacts/probes/mvp/seed_runs_layerwise_same_l_v1/mvp__same_l__jepa_v1__vitl16_224__linear__layer_12/seed_101/layer_12/eval,results/verified_layerwise_probe_configs.csv,327,,,,artifact metrics read from train_eval_summary.json
mvp__same_l__jepa_v1__vitl16_224__linear__layer_12,mvp__same_l__jepa_v1__vitl16_224__linear__layer_12__seed_102,MVP,mvp,same_L,V-JEPA,ViT-L/16,Linear,linear,12,12,102,artifact,complete,pair_consistency,pair_consistency,47.824621,70.607083,41.658241,66.784631,42.770475,66.632963,2000,2000,false,false,artifacts/probes/mvp/seed_runs_layerwise_same_l_v1/mvp__same_l__jepa_v1__vitl16_224__linear__layer_12/seed_102/train_eval_summary.json,artifacts/probes/mvp/seed_runs_layerwise_same_l_v1/mvp__same_l__jepa_v1__vitl16_224__linear__layer_12/seed_102/layer_12/eval,results/verified_layerwise_probe_configs.csv,327,,,,artifact metrics read from train_eval_summary.json
mvp__same_l__jepa_v1__vitl16_224__linear__layer_18,mvp__same_l__jepa_v1__vitl16_224__linear__layer_18__seed_101,MVP,mvp,same_L,V-JEPA,ViT-L/16,Linear,linear,18,18,101,artifact,complete,pair_consistency,pair_consistency,60.303541,77.639123,49.140546,69.969666,46.511628,68.604651,2000,2000,false,false,artifacts/probes/mvp/seed_runs_layerwise_same_l_v1/mvp__same_l__jepa_v1__vitl16_224__linear__layer_18/seed_101/train_eval_summary.json,artifacts/probes/mvp/seed_runs_layerwise_same_l_v1/mvp__same_l__jepa_v1__vitl16_224__linear__layer_18/seed_101/layer_18/eval,results/verified_layerwise_probe_configs.csv,328,,,,artifact metrics read from train_eval_summary.json
mvp__same_l__jepa_v1__vitl16_224__linear__layer_18,mvp__same_l__jepa_v1__vitl16_224__linear__layer_18__seed_102,MVP,mvp,same_L,V-JEPA,ViT-L/16,Linear,linear,18,18,102,artifact,complete,pair_consistency,pair_consistency,58.954469,76.779089,49.848332,70.020222,47.219414,69.312437,2000,2000,false,false,artifacts/probes/mvp/seed_runs_layerwise_same_l_v1/mvp__same_l__jepa_v1__vitl16_224__linear__layer_18/seed_102/train_eval_summary.json,artifacts/probes/mvp/seed_runs_layerwise_same_l_v1/mvp__same_l__jepa_v1__vitl16_224__linear__layer_18/seed_102/layer_18/eval,results/verified_layerwise_probe_configs.csv,328,,,,artifact metrics read from train_eval_summary.json
mvp__same_l__jepa_v1__vitl16_224__linear__layer_24,mvp__same_l__jepa_v1__vitl16_224__linear__layer_24__seed_101,MVP,mvp,same_L,V-JEPA,ViT-L/16,Linear,linear,24,24,101,artifact,complete,pair_consistency,pair_consistency,49.510961,72.22597,45.197169,69.362993,41.759353,67.644085,2000,2000,false,false,artifacts/probes/mvp/seed_runs_layerwise_same_l_v1/mvp__same_l__jepa_v1__vitl16_224__linear__layer_24/seed_101/train_eval_summary.json,artifacts/probes/mvp/seed_runs_layerwise_same_l_v1/mvp__same_l__jepa_v1__vitl16_224__linear__layer_24/seed_101/layer_24/eval,results/verified_layerwise_probe_configs.csv,329,,,,artifact metrics read from train_eval_summary.json
mvp__same_l__jepa_v1__vitl16_224__linear__layer_24,mvp__same_l__jepa_v1__vitl16_224__linear__layer_24__seed_102,MVP,mvp,same_L,V-JEPA,ViT-L/16,Linear,linear,24,24,102,artifact,complete,pair_consistency,pair_consistency,49.072513,71.854975,45.096057,69.413549,41.658241,67.492417,2000,2000,false,false,artifacts/probes/mvp/seed_runs_layerwise_same_l_v1/mvp__same_l__jepa_v1__vitl16_224__linear__layer_24/seed_102/train_eval_summary.json,artifacts/probes/mvp/seed_runs_layerwise_same_l_v1/mvp__same_l__jepa_v1__vitl16_224__linear__layer_24/seed_102/layer_24/eval,results/verified_layerwise_probe_configs.csv,329,,,,artifact metrics read from train_eval_summary.json
mvp__same_l__jepa_v1__vitl16_224__mlp__layer_6,mvp__same_l__jepa_v1__vitl16_224__mlp__layer_6__seed_101,MVP,mvp,same_L,V-JEPA,ViT-L/16,MLP,mlp,6,6,101,artifact,complete,pair_consistency,pair_consistency,94.569983,97.251265,62.89181,79.726997,60.262892,77.856421,2000,2000,false,false,artifacts/probes/mvp/seed_runs_layerwise_same_l_v1/mvp__same_l__jepa_v1__vitl16_224__mlp__layer_6/seed_101/train_eval_summary.json,artifacts/probes/mvp/seed_runs_layerwise_same_l_v1/mvp__same_l__jepa_v1__vitl16_224__mlp__layer_6/seed_101/layer_6/eval,results/verified_layerwise_probe_configs.csv,330,,,,artifact metrics read from train_eval_summary.json
mvp__same_l__jepa_v1__vitl16_224__mlp__layer_6,mvp__same_l__jepa_v1__vitl16_224__mlp__layer_6__seed_102,MVP,mvp,same_L,V-JEPA,ViT-L/16,MLP,mlp,6,6,102,artifact,complete,pair_consistency,pair_consistency,95.885329,97.925801,62.790698,79.271992,61.274014,78.311426,2000,2000,false,false,artifacts/probes/mvp/seed_runs_layerwise_same_l_v1/mvp__same_l__jepa_v1__vitl16_224__mlp__layer_6/seed_102/train_eval_summary.json,artifacts/probes/mvp/seed_runs_layerwise_same_l_v1/mvp__same_l__jepa_v1__vitl16_224__mlp__layer_6/seed_102/layer_6/eval,results/verified_layerwise_probe_configs.csv,330,,,,artifact metrics read from train_eval_summary.json
mvp__same_l__jepa_v1__vitl16_224__mlp__layer_12,mvp__same_l__jepa_v1__vitl16_224__mlp__layer_12__seed_101,MVP,mvp,same_L,V-JEPA,ViT-L/16,MLP,mlp,12,12,101,artifact,complete,pair_consistency,pair_consistency,99.494098,99.747049,70.070779,83.822042,67.846309,81.799798,2000,2000,false,false,artifacts/probes/mvp/seed_runs_layerwise_same_l_v1/mvp__same_l__jepa_v1__vitl16_224__mlp__layer_12/seed_101/train_eval_summary.json,artifacts/probes/mvp/seed_runs_layerwise_same_l_v1/mvp__same_l__jepa_v1__vitl16_224__mlp__layer_12/seed_101/layer_12/eval,results/verified_layerwise_probe_configs.csv,331,,,,artifact metrics read from train_eval_summary.json
mvp__same_l__jepa_v1__vitl16_224__mlp__layer_12,mvp__same_l__jepa_v1__vitl16_224__mlp__layer_12__seed_102,MVP,mvp,same_L,V-JEPA,ViT-L/16,MLP,mlp,12,12,102,artifact,complete,pair_consistency,pair_consistency,97.942664,98.971332,70.677452,83.670374,65.722952,80.788675,2000,2000,false,false,artifacts/probes/mvp/seed_runs_layerwise_same_l_v1/mvp__same_l__jepa_v1__vitl16_224__mlp__layer_12/seed_102/train_eval_summary.json,artifacts/probes/mvp/seed_runs_layerwise_same_l_v1/mvp__same_l__jepa_v1__vitl16_224__mlp__layer_12/seed_102/layer_12/eval,results/verified_layerwise_probe_configs.csv,331,,,,artifact metrics read from train_eval_summary.json
mvp__same_l__jepa_v1__vitl16_224__mlp__layer_18,mvp__same_l__jepa_v1__vitl16_224__mlp__layer_18__seed_101,MVP,mvp,same_L,V-JEPA,ViT-L/16,MLP,mlp,18,18,101,artifact,complete,pair_consistency,pair_consistency,99.966273,99.983137,84.327604,91.658241,83.013145,90.950455,2000,2000,false,false,artifacts/probes/mvp/seed_runs_layerwise_same_l_v1/mvp__same_l__jepa_v1__vitl16_224__mlp__layer_18/seed_101/train_eval_summary.json,artifacts/probes/mvp/seed_runs_layerwise_same_l_v1/mvp__same_l__jepa_v1__vitl16_224__mlp__layer_18/seed_101/layer_18/eval,results/verified_layerwise_probe_configs.csv,332,,,,artifact metrics read from train_eval_summary.json
mvp__same_l__jepa_v1__vitl16_224__mlp__layer_18,mvp__same_l__jepa_v1__vitl16_224__mlp__layer_18__seed_102,MVP,mvp,same_L,V-JEPA,ViT-L/16,MLP,mlp,18,18,102,artifact,complete,pair_consistency,pair_consistency,99.662732,99.831366,84.226491,91.658241,82.81092,90.849343,2000,2000,false,false,artifacts/probes/mvp/seed_runs_layerwise_same_l_v1/mvp__same_l__jepa_v1__vitl16_224__mlp__layer_18/seed_102/train_eval_summary.json,artifacts/probes/mvp/seed_runs_layerwise_same_l_v1/mvp__same_l__jepa_v1__vitl16_224__mlp__layer_18/seed_102/layer_18/eval,results/verified_layerwise_probe_configs.csv,332,,,,artifact metrics read from train_eval_summary.json
mvp__same_l__jepa_v1__vitl16_224__mlp__layer_24,mvp__same_l__jepa_v1__vitl16_224__mlp__layer_24__seed_101,MVP,mvp,same_L,V-JEPA,ViT-L/16,MLP,mlp,24,24,101,artifact,complete,pair_consistency,pair_consistency,99.629005,99.814503,81.193124,89.888777,78.867543,88.624874,2000,2000,false,false,artifacts/probes/mvp/seed_runs_layerwise_same_l_v1/mvp__same_l__jepa_v1__vitl16_224__mlp__layer_24/seed_101/train_eval_summary.json,artifacts/probes/mvp/seed_runs_layerwise_same_l_v1/mvp__same_l__jepa_v1__vitl16_224__mlp__layer_24/seed_101/layer_24/eval,results/verified_layerwise_probe_configs.csv,333,,,,artifact metrics read from train_eval_summary.json
mvp__same_l__jepa_v1__vitl16_224__mlp__layer_24,mvp__same_l__jepa_v1__vitl16_224__mlp__layer_24__seed_102,MVP,mvp,same_L,V-JEPA,ViT-L/16,MLP,mlp,24,24,102,artifact,complete,pair_consistency,pair_consistency,99.595278,99.797639,80.788675,89.83822,76.946411,87.360971,2000,2000,false,false,artifacts/probes/mvp/seed_runs_layerwise_same_l_v1/mvp__same_l__jepa_v1__vitl16_224__mlp__layer_24/seed_102/train_eval_summary.json,artifacts/probes/mvp/seed_runs_layerwise_same_l_v1/mvp__same_l__jepa_v1__vitl16_224__mlp__layer_24/seed_102/layer_24/eval,results/verified_layerwise_probe_configs.csv,333,,,,artifact metrics read from train_eval_summary.json
mvp__same_l__jepa_v2__vitl_256__linear__layer_6,mvp__same_l__jepa_v2__vitl_256__linear__layer_6__seed_101,MVP,mvp,same_L,V-JEPA 2,ViT-L/16,Linear,linear,6,6,101,artifact,complete,pair_consistency,pair_consistency,40.84317,66.846543,35.28817,63.094034,32.760364,61.627907,2000,2000,false,false,artifacts/probes/mvp/seed_runs_layerwise_same_l_v1/mvp__same_l__jepa_v2__vitl_256__linear__layer_6/seed_101/train_eval_summary.json,artifacts/probes/mvp/seed_runs_layerwise_same_l_v1/mvp__same_l__jepa_v2__vitl_256__linear__layer_6/seed_101/layer_6/eval,results/verified_layerwise_probe_configs.csv,350,,,,artifact metrics read from train_eval_summary.json
mvp__same_l__jepa_v2__vitl_256__linear__layer_6,mvp__same_l__jepa_v2__vitl_256__linear__layer_6__seed_102,MVP,mvp,same_L,V-JEPA 2,ViT-L/16,Linear,linear,6,6,102,artifact,complete,pair_consistency,pair_consistency,41.146712,67.537943,35.389282,63.447927,33.265925,61.9818,2000,2000,false,false,artifacts/probes/mvp/seed_runs_layerwise_same_l_v1/mvp__same_l__jepa_v2__vitl_256__linear__layer_6/seed_102/train_eval_summary.json,artifacts/probes/mvp/seed_runs_layerwise_same_l_v1/mvp__same_l__jepa_v2__vitl_256__linear__layer_6/seed_102/layer_6/eval,results/verified_layerwise_probe_configs.csv,350,,,,artifact metrics read from train_eval_summary.json
mvp__same_l__jepa_v2__vitl_256__linear__layer_12,mvp__same_l__jepa_v2__vitl_256__linear__layer_12__seed_101,MVP,mvp,same_L,V-JEPA 2,ViT-L/16,Linear,linear,12,12,101,artifact,complete,pair_consistency,pair_consistency,54.266442,73.709949,43.478261,67.087968,43.073812,66.986855,2000,2000,false,false,artifacts/probes/mvp/seed_runs_layerwise_same_l_v1/mvp__same_l__jepa_v2__vitl_256__linear__layer_12/seed_101/train_eval_summary.json,artifacts/probes/mvp/seed_runs_layerwise_same_l_v1/mvp__same_l__jepa_v2__vitl_256__linear__layer_12/seed_101/layer_12/eval,results/verified_layerwise_probe_configs.csv,351,,,,artifact metrics read from train_eval_summary.json
mvp__same_l__jepa_v2__vitl_256__linear__layer_12,mvp__same_l__jepa_v2__vitl_256__linear__layer_12__seed_102,MVP,mvp,same_L,V-JEPA 2,ViT-L/16,Linear,linear,12,12,102,artifact,complete,pair_consistency,pair_consistency,53.558179,73.237774,43.680485,67.087968,43.781598,67.087968,2000,2000,false,false,artifacts/probes/mvp/seed_runs_layerwise_same_l_v1/mvp__same_l__jepa_v2__vitl_256__linear__layer_12/seed_102/train_eval_summary.json,artifacts/probes/mvp/seed_runs_layerwise_same_l_v1/mvp__same_l__jepa_v2__vitl_256__linear__layer_12/seed_102/layer_12/eval,results/verified_layerwise_probe_configs.csv,351,,,,artifact metrics read from train_eval_summary.json
mvp__same_l__jepa_v2__vitl_256__linear__layer_18,mvp__same_l__jepa_v2__vitl_256__linear__layer_18__seed_101,MVP,mvp,same_L,V-JEPA 2,ViT-L/16,Linear,linear,18,18,101,artifact,complete,pair_consistency,pair_consistency,59.730185,76.711636,51.162791,71.435794,49.140546,69.767442,2000,2000,false,false,artifacts/probes/mvp/seed_runs_layerwise_same_l_v1/mvp__same_l__jepa_v2__vitl_256__linear__layer_18/seed_101/train_eval_summary.json,artifacts/probes/mvp/seed_runs_layerwise_same_l_v1/mvp__same_l__jepa_v2__vitl_256__linear__layer_18/seed_101/layer_18/eval,results/verified_layerwise_probe_configs.csv,352,,,,artifact metrics read from train_eval_summary.json
mvp__same_l__jepa_v2__vitl_256__linear__layer_18,mvp__same_l__jepa_v2__vitl_256__linear__layer_18__seed_102,MVP,mvp,same_L,V-JEPA 2,ViT-L/16,Linear,linear,18,18,102,artifact,complete,pair_consistency,pair_consistency,58.212479,75.801012,51.466127,71.840243,48.837209,69.66633,2000,2000,false,false,artifacts/probes/mvp/seed_runs_layerwise_same_l_v1/mvp__same_l__jepa_v2__vitl_256__linear__layer_18/seed_102/train_eval_summary.json,artifacts/probes/mvp/seed_runs_layerwise_same_l_v1/mvp__same_l__jepa_v2__vitl_256__linear__layer_18/seed_102/layer_18/eval,results/verified_layerwise_probe_configs.csv,352,,,,artifact metrics read from train_eval_summary.json
mvp__same_l__jepa_v2__vitl_256__linear__layer_24,mvp__same_l__jepa_v2__vitl_256__linear__layer_24__seed_101,MVP,mvp,same_L,V-JEPA 2,ViT-L/16,Linear,linear,24,24,101,artifact,complete,pair_consistency,pair_consistency,60.202361,77.251265,54.903943,73.407482,52.275025,72.548028,2000,2000,false,false,artifacts/probes/mvp/seed_runs_layerwise_same_l_v1/mvp__same_l__jepa_v2__vitl_256__linear__layer_24/seed_101/train_eval_summary.json,artifacts/probes/mvp/seed_runs_layerwise_same_l_v1/mvp__same_l__jepa_v2__vitl_256__linear__layer_24/seed_101/layer_24/eval,results/verified_layerwise_probe_configs.csv,353,,,,artifact metrics read from train_eval_summary.json
mvp__same_l__jepa_v2__vitl_256__linear__layer_24,mvp__same_l__jepa_v2__vitl_256__linear__layer_24__seed_102,MVP,mvp,same_L,V-JEPA 2,ViT-L/16,Linear,linear,24,24,102,artifact,complete,pair_consistency,pair_consistency,60.708263,77.386172,54.600607,73.407482,53.083923,72.39636,2000,2000,false,false,artifacts/probes/mvp/seed_runs_layerwise_same_l_v1/mvp__same_l__jepa_v2__vitl_256__linear__layer_24/seed_102/train_eval_summary.json,artifacts/probes/mvp/seed_runs_layerwise_same_l_v1/mvp__same_l__jepa_v2__vitl_256__linear__layer_24/seed_102/layer_24/eval,results/verified_layerwise_probe_configs.csv,353,,,,artifact metrics read from train_eval_summary.json
mvp__same_l__jepa_v2__vitl_256__mlp__layer_6,mvp__same_l__jepa_v2__vitl_256__mlp__layer_6__seed_101,MVP,mvp,same_L,V-JEPA 2,ViT-L/16,MLP,mlp,6,6,101,artifact,complete,pair_consistency,pair_consistency,97.065767,98.532884,58.139535,75.985844,56.723964,74.974722,2000,2000,false,false,artifacts/probes/mvp/seed_runs_layerwise_same_l_v1/mvp__same_l__jepa_v2__vitl_256__mlp__layer_6/seed_101/train_eval_summary.json,artifacts/probes/mvp/seed_runs_layerwise_same_l_v1/mvp__same_l__jepa_v2__vitl_256__mlp__layer_6/seed_101/layer_6/eval,results/verified_layerwise_probe_configs.csv,354,,,,artifact metrics read from train_eval_summary.json
mvp__same_l__jepa_v2__vitl_256__mlp__layer_6,mvp__same_l__jepa_v2__vitl_256__mlp__layer_6__seed_102,MVP,mvp,same_L,V-JEPA 2,ViT-L/16,MLP,mlp,6,6,102,artifact,complete,pair_consistency,pair_consistency,92.715008,96.340641,58.240647,76.188069,54.398382,73.913043,2000,2000,false,false,artifacts/probes/mvp/seed_runs_layerwise_same_l_v1/mvp__same_l__jepa_v2__vitl_256__mlp__layer_6/seed_102/train_eval_summary.json,artifacts/probes/mvp/seed_runs_layerwise_same_l_v1/mvp__same_l__jepa_v2__vitl_256__mlp__layer_6/seed_102/layer_6/eval,results/verified_layerwise_probe_configs.csv,354,,,,artifact metrics read from train_eval_summary.json
mvp__same_l__jepa_v2__vitl_256__mlp__layer_12,mvp__same_l__jepa_v2__vitl_256__mlp__layer_12__seed_101,MVP,mvp,same_L,V-JEPA 2,ViT-L/16,MLP,mlp,12,12,101,artifact,complete,pair_consistency,pair_consistency,99.763912,99.881956,68.655207,82.709808,67.239636,81.041456,2000,2000,false,false,artifacts/probes/mvp/seed_runs_layerwise_same_l_v1/mvp__same_l__jepa_v2__vitl_256__mlp__layer_12/seed_101/train_eval_summary.json,artifacts/probes/mvp/seed_runs_layerwise_same_l_v1/mvp__same_l__jepa_v2__vitl_256__mlp__layer_12/seed_101/layer_12/eval,results/verified_layerwise_probe_configs.csv,355,,,,artifact metrics read from train_eval_summary.json
mvp__same_l__jepa_v2__vitl_256__mlp__layer_12,mvp__same_l__jepa_v2__vitl_256__mlp__layer_12__seed_102,MVP,mvp,same_L,V-JEPA 2,ViT-L/16,MLP,mlp,12,12,102,artifact,complete,pair_consistency,pair_consistency,99.359191,99.679595,70.273003,83.518706,64.509606,80.434783,2000,2000,false,false,artifacts/probes/mvp/seed_runs_layerwise_same_l_v1/mvp__same_l__jepa_v2__vitl_256__mlp__layer_12/seed_102/train_eval_summary.json,artifacts/probes/mvp/seed_runs_layerwise_same_l_v1/mvp__same_l__jepa_v2__vitl_256__mlp__layer_12/seed_102/layer_12/eval,results/verified_layerwise_probe_configs.csv,355,,,,artifact metrics read from train_eval_summary.json
mvp__same_l__jepa_v2__vitl_256__mlp__layer_18,mvp__same_l__jepa_v2__vitl_256__mlp__layer_18__seed_101,MVP,mvp,same_L,V-JEPA 2,ViT-L/16,MLP,mlp,18,18,101,artifact,complete,pair_consistency,pair_consistency,99.696459,99.848229,83.822042,91.354904,83.72093,90.899899,2000,2000,false,false,artifacts/probes/mvp/seed_runs_layerwise_same_l_v1/mvp__same_l__jepa_v2__vitl_256__mlp__layer_18/seed_101/train_eval_summary.json,artifacts/probes/mvp/seed_runs_layerwise_same_l_v1/mvp__same_l__jepa_v2__vitl_256__mlp__layer_18/seed_101/layer_18/eval,results/verified_layerwise_probe_configs.csv,356,,,,artifact metrics read from train_eval_summary.json
mvp__same_l__jepa_v2__vitl_256__mlp__layer_18,mvp__same_l__jepa_v2__vitl_256__mlp__layer_18__seed_102,MVP,mvp,same_L,V-JEPA 2,ViT-L/16,MLP,mlp,18,18,102,artifact,complete,pair_consistency,pair_consistency,99.831366,99.915683,84.428716,91.809909,83.518706,90.950455,2000,2000,false,false,artifacts/probes/mvp/seed_runs_layerwise_same_l_v1/mvp__same_l__jepa_v2__vitl_256__mlp__layer_18/seed_102/train_eval_summary.json,artifacts/probes/mvp/seed_runs_layerwise_same_l_v1/mvp__same_l__jepa_v2__vitl_256__mlp__layer_18/seed_102/layer_18/eval,results/verified_layerwise_probe_configs.csv,356,,,,artifact metrics read from train_eval_summary.json
mvp__same_l__jepa_v2__vitl_256__mlp__layer_24,mvp__same_l__jepa_v2__vitl_256__mlp__layer_24__seed_101,MVP,mvp,same_L,V-JEPA 2,ViT-L/16,MLP,mlp,24,24,101,artifact,complete,pair_consistency,pair_consistency,99.89882,99.94941,87.664307,93.174924,86.046512,92.163802,2000,2000,false,false,artifacts/probes/mvp/seed_runs_layerwise_same_l_v1/mvp__same_l__jepa_v2__vitl_256__mlp__layer_24/seed_101/train_eval_summary.json,artifacts/probes/mvp/seed_runs_layerwise_same_l_v1/mvp__same_l__jepa_v2__vitl_256__mlp__layer_24/seed_101/layer_24/eval,results/verified_layerwise_probe_configs.csv,357,,,,artifact metrics read from train_eval_summary.json
mvp__same_l__jepa_v2__vitl_256__mlp__layer_24,mvp__same_l__jepa_v2__vitl_256__mlp__layer_24__seed_102,MVP,mvp,same_L,V-JEPA 2,ViT-L/16,MLP,mlp,24,24,102,artifact,complete,pair_consistency,pair_consistency,99.763912,99.881956,89.686552,94.438827,87.360971,92.871587,2000,2000,false,false,artifacts/probes/mvp/seed_runs_layerwise_same_l_v1/mvp__same_l__jepa_v2__vitl_256__mlp__layer_24/seed_102/train_eval_summary.json,artifacts/probes/mvp/seed_runs_layerwise_same_l_v1/mvp__same_l__jepa_v2__vitl_256__mlp__layer_24/seed_102/layer_24/eval,results/verified_layerwise_probe_configs.csv,357,,,,artifact metrics read from train_eval_summary.json
mvp__same_l__jepa_v2_1__vitl_384__linear__layer_6,mvp__same_l__jepa_v2_1__vitl_384__linear__layer_6__seed_101,MVP,mvp,same_L,V-JEPA 2.1,ViT-L/16,Linear,linear,6,6,101,artifact,complete,pair_consistency,pair_consistency,48.229342,70.79258,41.253792,65.571284,40.242669,66.481294,2000,2000,false,false,artifacts/probes/mvp/seed_runs_layerwise_same_l_v1/mvp__same_l__jepa_v2_1__vitl_384__linear__layer_6/seed_101/train_eval_summary.json,artifacts/probes/mvp/seed_runs_layerwise_same_l_v1/mvp__same_l__jepa_v2_1__vitl_384__linear__layer_6/seed_101/layer_6/eval,results/verified_layerwise_probe_configs.csv,386,,,,artifact metrics read from train_eval_summary.json
mvp__same_l__jepa_v2_1__vitl_384__linear__layer_6,mvp__same_l__jepa_v2_1__vitl_384__linear__layer_6__seed_102,MVP,mvp,same_L,V-JEPA 2.1,ViT-L/16,Linear,linear,6,6,102,artifact,complete,pair_consistency,pair_consistency,49.241147,71.079258,41.759353,65.722952,42.06269,66.228514,2000,2000,false,false,artifacts/probes/mvp/seed_runs_layerwise_same_l_v1/mvp__same_l__jepa_v2_1__vitl_384__linear__layer_6/seed_102/train_eval_summary.json,artifacts/probes/mvp/seed_runs_layerwise_same_l_v1/mvp__same_l__jepa_v2_1__vitl_384__linear__layer_6/seed_102/layer_6/eval,results/verified_layerwise_probe_configs.csv,386,,,,artifact metrics read from train_eval_summary.json
mvp__same_l__jepa_v2_1__vitl_384__linear__layer_12,mvp__same_l__jepa_v2_1__vitl_384__linear__layer_12__seed_101,MVP,mvp,same_L,V-JEPA 2.1,ViT-L/16,Linear,linear,12,12,101,artifact,complete,pair_consistency,pair_consistency,50.05059,72.310287,42.06269,66.026289,40.950455,66.026289,2000,2000,false,false,artifacts/probes/mvp/seed_runs_layerwise_same_l_v1/mvp__same_l__jepa_v2_1__vitl_384__linear__layer_12/seed_101/train_eval_summary.json,artifacts/probes/mvp/seed_runs_layerwise_same_l_v1/mvp__same_l__jepa_v2_1__vitl_384__linear__layer_12/seed_101/layer_12/eval,results/verified_layerwise_probe_configs.csv,387,,,,artifact metrics read from train_eval_summary.json
mvp__same_l__jepa_v2_1__vitl_384__linear__layer_12,mvp__same_l__jepa_v2_1__vitl_384__linear__layer_12__seed_102,MVP,mvp,same_L,V-JEPA 2.1,ViT-L/16,Linear,linear,12,12,102,artifact,complete,pair_consistency,pair_consistency,48.937605,71.618887,41.658241,65.874621,39.83822,65.672396,2000,2000,false,false,artifacts/probes/mvp/seed_runs_layerwise_same_l_v1/mvp__same_l__jepa_v2_1__vitl_384__linear__layer_12/seed_102/train_eval_summary.json,artifacts/probes/mvp/seed_runs_layerwise_same_l_v1/mvp__same_l__jepa_v2_1__vitl_384__linear__layer_12/seed_102/layer_12/eval,results/verified_layerwise_probe_configs.csv,387,,,,artifact metrics read from train_eval_summary.json
mvp__same_l__jepa_v2_1__vitl_384__linear__layer_18,mvp__same_l__jepa_v2_1__vitl_384__linear__layer_18__seed_101,MVP,mvp,same_L,V-JEPA 2.1,ViT-L/16,Linear,linear,18,18,101,artifact,complete,pair_consistency,pair_consistency,53.288364,73.473862,47.320526,68.655207,43.276036,66.228514,2000,2000,false,false,artifacts/probes/mvp/seed_runs_layerwise_same_l_v1/mvp__same_l__jepa_v2_1__vitl_384__linear__layer_18/seed_101/train_eval_summary.json,artifacts/probes/mvp/seed_runs_layerwise_same_l_v1/mvp__same_l__jepa_v2_1__vitl_384__linear__layer_18/seed_101/layer_18/eval,results/verified_layerwise_probe_configs.csv,388,,,,artifact metrics read from train_eval_summary.json
mvp__same_l__jepa_v2_1__vitl_384__linear__layer_18,mvp__same_l__jepa_v2_1__vitl_384__linear__layer_18__seed_102,MVP,mvp,same_L,V-JEPA 2.1,ViT-L/16,Linear,linear,18,18,102,artifact,complete,pair_consistency,pair_consistency,53.220911,73.507589,46.511628,68.655207,43.377149,66.481294,2000,2000,false,false,artifacts/probes/mvp/seed_runs_layerwise_same_l_v1/mvp__same_l__jepa_v2_1__vitl_384__linear__layer_18/seed_102/train_eval_summary.json,artifacts/probes/mvp/seed_runs_layerwise_same_l_v1/mvp__same_l__jepa_v2_1__vitl_384__linear__layer_18/seed_102/layer_18/eval,results/verified_layerwise_probe_configs.csv,388,,,,artifact metrics read from train_eval_summary.json
mvp__same_l__jepa_v2_1__vitl_384__linear__layer_24,mvp__same_l__jepa_v2_1__vitl_384__linear__layer_24__seed_101,MVP,mvp,same_L,V-JEPA 2.1,ViT-L/16,Linear,linear,24,24,101,artifact,complete,pair_consistency,pair_consistency,54.839798,74.148398,46.511628,68.806876,44.893832,67.846309,2000,2000,false,false,artifacts/probes/mvp/seed_runs_layerwise_same_l_v1/mvp__same_l__jepa_v2_1__vitl_384__linear__layer_24/seed_101/train_eval_summary.json,artifacts/probes/mvp/seed_runs_layerwise_same_l_v1/mvp__same_l__jepa_v2_1__vitl_384__linear__layer_24/seed_101/layer_24/eval,results/verified_layerwise_probe_configs.csv,389,,,,artifact metrics read from train_eval_summary.json
mvp__same_l__jepa_v2_1__vitl_384__linear__layer_24,mvp__same_l__jepa_v2_1__vitl_384__linear__layer_24__seed_102,MVP,mvp,same_L,V-JEPA 2.1,ViT-L/16,Linear,linear,24,24,102,artifact,complete,pair_consistency,pair_consistency,53.625632,73.659359,46.410516,68.857432,44.79272,67.846309,2000,2000,false,false,artifacts/probes/mvp/seed_runs_layerwise_same_l_v1/mvp__same_l__jepa_v2_1__vitl_384__linear__layer_24/seed_102/train_eval_summary.json,artifacts/probes/mvp/seed_runs_layerwise_same_l_v1/mvp__same_l__jepa_v2_1__vitl_384__linear__layer_24/seed_102/layer_24/eval,results/verified_layerwise_probe_configs.csv,389,,,,artifact metrics read from train_eval_summary.json
mvp__same_l__jepa_v2_1__vitl_384__mlp__layer_6,mvp__same_l__jepa_v2_1__vitl_384__mlp__layer_6__seed_101,MVP,mvp,same_L,V-JEPA 2.1,ViT-L/16,MLP,mlp,6,6,101,artifact,complete,pair_consistency,pair_consistency,94.435076,97.217538,63.80182,79.777553,59.555106,76.895854,2000,2000,false,false,artifacts/probes/mvp/seed_runs_layerwise_same_l_v1/mvp__same_l__jepa_v2_1__vitl_384__mlp__layer_6/seed_101/train_eval_summary.json,artifacts/probes/mvp/seed_runs_layerwise_same_l_v1/mvp__same_l__jepa_v2_1__vitl_384__mlp__layer_6/seed_101/layer_6/eval,results/verified_layerwise_probe_configs.csv,390,,,,artifact metrics read from train_eval_summary.json
mvp__same_l__jepa_v2_1__vitl_384__mlp__layer_6,mvp__same_l__jepa_v2_1__vitl_384__mlp__layer_6__seed_102,MVP,mvp,same_L,V-JEPA 2.1,ViT-L/16,MLP,mlp,6,6,102,artifact,complete,pair_consistency,pair_consistency,94.266442,97.099494,63.094034,79.271992,60.768453,77.60364,2000,2000,false,false,artifacts/probes/mvp/seed_runs_layerwise_same_l_v1/mvp__same_l__jepa_v2_1__vitl_384__mlp__layer_6/seed_102/train_eval_summary.json,artifacts/probes/mvp/seed_runs_layerwise_same_l_v1/mvp__same_l__jepa_v2_1__vitl_384__mlp__layer_6/seed_102/layer_6/eval,results/verified_layerwise_probe_configs.csv,390,,,,artifact metrics read from train_eval_summary.json
mvp__same_l__jepa_v2_1__vitl_384__mlp__layer_12,mvp__same_l__jepa_v2_1__vitl_384__mlp__layer_12__seed_101,MVP,mvp,same_L,V-JEPA 2.1,ViT-L/16,MLP,mlp,12,12,101,artifact,complete,pair_consistency,pair_consistency,92.040472,96.020236,67.542973,81.648129,64.509606,80.08089,2000,2000,false,false,artifacts/probes/mvp/seed_runs_layerwise_same_l_v1/mvp__same_l__jepa_v2_1__vitl_384__mlp__layer_12/seed_101/train_eval_summary.json,artifacts/probes/mvp/seed_runs_layerwise_same_l_v1/mvp__same_l__jepa_v2_1__vitl_384__mlp__layer_12/seed_101/layer_12/eval,results/verified_layerwise_probe_configs.csv,391,,,,artifact metrics read from train_eval_summary.json
mvp__same_l__jepa_v2_1__vitl_384__mlp__layer_12,mvp__same_l__jepa_v2_1__vitl_384__mlp__layer_12__seed_102,MVP,mvp,same_L,V-JEPA 2.1,ViT-L/16,MLP,mlp,12,12,102,artifact,complete,pair_consistency,pair_consistency,94.266442,97.116358,68.351871,82.052578,65.925177,80.738119,2000,2000,false,false,artifacts/probes/mvp/seed_runs_layerwise_same_l_v1/mvp__same_l__jepa_v2_1__vitl_384__mlp__layer_12/seed_102/train_eval_summary.json,artifacts/probes/mvp/seed_runs_layerwise_same_l_v1/mvp__same_l__jepa_v2_1__vitl_384__mlp__layer_12/seed_102/layer_12/eval,results/verified_layerwise_probe_configs.csv,391,,,,artifact metrics read from train_eval_summary.json
mvp__same_l__jepa_v2_1__vitl_384__mlp__layer_18,mvp__same_l__jepa_v2_1__vitl_384__mlp__layer_18__seed_101,MVP,mvp,same_L,V-JEPA 2.1,ViT-L/16,MLP,mlp,18,18,101,artifact,complete,pair_consistency,pair_consistency,94.097808,96.998314,72.598584,84.883721,69.868554,83.164813,2000,2000,false,false,artifacts/probes/mvp/seed_runs_layerwise_same_l_v1/mvp__same_l__jepa_v2_1__vitl_384__mlp__layer_18/seed_101/train_eval_summary.json,artifacts/probes/mvp/seed_runs_layerwise_same_l_v1/mvp__same_l__jepa_v2_1__vitl_384__mlp__layer_18/seed_101/layer_18/eval,results/verified_layerwise_probe_configs.csv,392,,,,artifact metrics read from train_eval_summary.json
mvp__same_l__jepa_v2_1__vitl_384__mlp__layer_18,mvp__same_l__jepa_v2_1__vitl_384__mlp__layer_18__seed_102,MVP,mvp,same_L,V-JEPA 2.1,ViT-L/16,MLP,mlp,18,18,102,artifact,complete,pair_consistency,pair_consistency,95.210793,97.571669,71.789687,84.226491,71.385238,83.822042,2000,2000,false,false,artifacts/probes/mvp/seed_runs_layerwise_same_l_v1/mvp__same_l__jepa_v2_1__vitl_384__mlp__layer_18/seed_102/train_eval_summary.json,artifacts/probes/mvp/seed_runs_layerwise_same_l_v1/mvp__same_l__jepa_v2_1__vitl_384__mlp__layer_18/seed_102/layer_18/eval,results/verified_layerwise_probe_configs.csv,392,,,,artifact metrics read from train_eval_summary.json
mvp__same_l__jepa_v2_1__vitl_384__mlp__layer_24,mvp__same_l__jepa_v2_1__vitl_384__mlp__layer_24__seed_101,MVP,mvp,same_L,V-JEPA 2.1,ViT-L/16,MLP,mlp,24,24,101,artifact,complete,pair_consistency,pair_consistency,97.537943,98.768971,72.598584,84.479272,71.284125,83.72093,2000,2000,false,false,artifacts/probes/mvp/seed_runs_layerwise_same_l_v1/mvp__same_l__jepa_v2_1__vitl_384__mlp__layer_24/seed_101/train_eval_summary.json,artifacts/probes/mvp/seed_runs_layerwise_same_l_v1/mvp__same_l__jepa_v2_1__vitl_384__mlp__layer_24/seed_101/layer_24/eval,results/verified_layerwise_probe_configs.csv,393,,,,artifact metrics read from train_eval_summary.json
mvp__same_l__jepa_v2_1__vitl_384__mlp__layer_24,mvp__same_l__jepa_v2_1__vitl_384__mlp__layer_24__seed_102,MVP,mvp,same_L,V-JEPA 2.1,ViT-L/16,MLP,mlp,24,24,102,artifact,complete,pair_consistency,pair_consistency,97.335582,98.667791,73.508595,84.732053,70.879676,83.417594,2000,2000,false,false,artifacts/probes/mvp/seed_runs_layerwise_same_l_v1/mvp__same_l__jepa_v2_1__vitl_384__mlp__layer_24/seed_102/train_eval_summary.json,artifacts/probes/mvp/seed_runs_layerwise_same_l_v1/mvp__same_l__jepa_v2_1__vitl_384__mlp__layer_24/seed_102/layer_24/eval,results/verified_layerwise_probe_configs.csv,393,,,,artifact metrics read from train_eval_summary.json
mvp__same_l__videomae__vit_large_16_224__linear__layer_6,mvp__same_l__videomae__vit_large_16_224__linear__layer_6__seed_101,MVP,mvp,same_L,VideoMAE,ViT-L/16,Linear,linear,6,6,101,artifact,complete,pair_consistency,pair_consistency,37.976391,65.851602,34.681496,63.447927,31.24368,61.07179,2000,2000,false,false,artifacts/probes/mvp/seed_runs_layerwise_same_l_v1/mvp__same_l__videomae__vit_large_16_224__linear__layer_6/seed_101/train_eval_summary.json,artifacts/probes/mvp/seed_runs_layerwise_same_l_v1/mvp__same_l__videomae__vit_large_16_224__linear__layer_6/seed_101/layer_6/eval,results/verified_layerwise_probe_configs.csv,422,,,,artifact metrics read from train_eval_summary.json
mvp__same_l__videomae__vit_large_16_224__linear__layer_6,mvp__same_l__videomae__vit_large_16_224__linear__layer_6__seed_102,MVP,mvp,same_L,VideoMAE,ViT-L/16,Linear,linear,6,6,102,artifact,complete,pair_consistency,pair_consistency,40.337268,67.251265,35.187058,63.245703,31.445905,60.970677,2000,2000,false,false,artifacts/probes/mvp/seed_runs_layerwise_same_l_v1/mvp__same_l__videomae__vit_large_16_224__linear__layer_6/seed_102/train_eval_summary.json,artifacts/probes/mvp/seed_runs_layerwise_same_l_v1/mvp__same_l__videomae__vit_large_16_224__linear__layer_6/seed_102/layer_6/eval,results/verified_layerwise_probe_configs.csv,422,,,,artifact metrics read from train_eval_summary.json
mvp__same_l__videomae__vit_large_16_224__linear__layer_12,mvp__same_l__videomae__vit_large_16_224__linear__layer_12__seed_101,MVP,mvp,same_L,VideoMAE,ViT-L/16,Linear,linear,12,12,101,artifact,complete,pair_consistency,pair_consistency,45.733558,70.118044,37.411527,64.357937,35.389282,62.841254,2000,2000,false,false,artifacts/probes/mvp/seed_runs_layerwise_same_l_v1/mvp__same_l__videomae__vit_large_16_224__linear__layer_12/seed_101/train_eval_summary.json,artifacts/probes/mvp/seed_runs_layerwise_same_l_v1/mvp__same_l__videomae__vit_large_16_224__linear__layer_12/seed_101/layer_12/eval,results/verified_layerwise_probe_configs.csv,423,,,,artifact metrics read from train_eval_summary.json
mvp__same_l__videomae__vit_large_16_224__linear__layer_12,mvp__same_l__videomae__vit_large_16_224__linear__layer_12__seed_102,MVP,mvp,same_L,VideoMAE,ViT-L/16,Linear,linear,12,12,102,artifact,complete,pair_consistency,pair_consistency,44.047218,69.409781,35.793731,63.852376,35.28817,63.195147,2000,2000,false,false,artifacts/probes/mvp/seed_runs_layerwise_same_l_v1/mvp__same_l__videomae__vit_large_16_224__linear__layer_12/seed_102/train_eval_summary.json,artifacts/probes/mvp/seed_runs_layerwise_same_l_v1/mvp__same_l__videomae__vit_large_16_224__linear__layer_12/seed_102/layer_12/eval,results/verified_layerwise_probe_configs.csv,423,,,,artifact metrics read from train_eval_summary.json
mvp__same_l__videomae__vit_large_16_224__linear__layer_18,mvp__same_l__videomae__vit_large_16_224__linear__layer_18__seed_101,MVP,mvp,same_L,VideoMAE,ViT-L/16,Linear,linear,18,18,101,artifact,complete,pair_consistency,pair_consistency,49.881956,71.854975,39.029323,65.015167,40.242669,65.116279,2000,2000,false,false,artifacts/probes/mvp/seed_runs_layerwise_same_l_v1/mvp__same_l__videomae__vit_large_16_224__linear__layer_18/seed_101/train_eval_summary.json,artifacts/probes/mvp/seed_runs_layerwise_same_l_v1/mvp__same_l__videomae__vit_large_16_224__linear__layer_18/seed_101/layer_18/eval,results/verified_layerwise_probe_configs.csv,424,,,,artifact metrics read from train_eval_summary.json
mvp__same_l__videomae__vit_large_16_224__linear__layer_18,mvp__same_l__videomae__vit_large_16_224__linear__layer_18__seed_102,MVP,mvp,same_L,VideoMAE,ViT-L/16,Linear,linear,18,18,102,artifact,complete,pair_consistency,pair_consistency,48.397976,71.602024,38.92821,65.470172,38.624874,64.964611,2000,2000,false,false,artifacts/probes/mvp/seed_runs_layerwise_same_l_v1/mvp__same_l__videomae__vit_large_16_224__linear__layer_18/seed_102/train_eval_summary.json,artifacts/probes/mvp/seed_runs_layerwise_same_l_v1/mvp__same_l__videomae__vit_large_16_224__linear__layer_18/seed_102/layer_18/eval,results/verified_layerwise_probe_configs.csv,424,,,,artifact metrics read from train_eval_summary.json
mvp__same_l__videomae__vit_large_16_224__linear__layer_24,mvp__same_l__videomae__vit_large_16_224__linear__layer_24__seed_101,MVP,mvp,same_L,VideoMAE,ViT-L/16,Linear,linear,24,24,101,artifact,complete,pair_consistency,pair_consistency,49.881956,71.500843,41.456016,65.824065,41.456016,66.076845,2000,2000,false,false,artifacts/probes/mvp/seed_runs_layerwise_same_l_v1/mvp__same_l__videomae__vit_large_16_224__linear__layer_24/seed_101/train_eval_summary.json,artifacts/probes/mvp/seed_runs_layerwise_same_l_v1/mvp__same_l__videomae__vit_large_16_224__linear__layer_24/seed_101/layer_24/eval,results/verified_layerwise_probe_configs.csv,425,,,,artifact metrics read from train_eval_summary.json
mvp__same_l__videomae__vit_large_16_224__linear__layer_24,mvp__same_l__videomae__vit_large_16_224__linear__layer_24__seed_102,MVP,mvp,same_L,VideoMAE,ViT-L/16,Linear,linear,24,24,102,artifact,complete,pair_consistency,pair_consistency,49.510961,71.197302,41.658241,65.925177,41.253792,66.026289,2000,2000,false,false,artifacts/probes/mvp/seed_runs_layerwise_same_l_v1/mvp__same_l__videomae__vit_large_16_224__linear__layer_24/seed_102/train_eval_summary.json,artifacts/probes/mvp/seed_runs_layerwise_same_l_v1/mvp__same_l__videomae__vit_large_16_224__linear__layer_24/seed_102/layer_24/eval,results/verified_layerwise_probe_configs.csv,425,,,,artifact metrics read from train_eval_summary.json
mvp__same_l__videomae__vit_large_16_224__mlp__layer_6,mvp__same_l__videomae__vit_large_16_224__mlp__layer_6__seed_101,MVP,mvp,same_L,VideoMAE,ViT-L/16,MLP,mlp,6,6,101,artifact,complete,pair_consistency,pair_consistency,81.686341,90.708263,51.769464,73.003033,50.556117,72.244692,2000,2000,false,false,artifacts/probes/mvp/seed_runs_layerwise_same_l_v1/mvp__same_l__videomae__vit_large_16_224__mlp__layer_6/seed_101/train_eval_summary.json,artifacts/probes/mvp/seed_runs_layerwise_same_l_v1/mvp__same_l__videomae__vit_large_16_224__mlp__layer_6/seed_101/layer_6/eval,results/verified_layerwise_probe_configs.csv,426,,,,artifact metrics read from train_eval_summary.json
mvp__same_l__videomae__vit_large_16_224__mlp__layer_6,mvp__same_l__videomae__vit_large_16_224__mlp__layer_6__seed_102,MVP,mvp,same_L,VideoMAE,ViT-L/16,MLP,mlp,6,6,102,artifact,complete,pair_consistency,pair_consistency,83.541315,91.652614,52.072801,73.559151,50.353893,72.295248,2000,2000,false,false,artifacts/probes/mvp/seed_runs_layerwise_same_l_v1/mvp__same_l__videomae__vit_large_16_224__mlp__layer_6/seed_102/train_eval_summary.json,artifacts/probes/mvp/seed_runs_layerwise_same_l_v1/mvp__same_l__videomae__vit_large_16_224__mlp__layer_6/seed_102/layer_6/eval,results/verified_layerwise_probe_configs.csv,426,,,,artifact metrics read from train_eval_summary.json
mvp__same_l__videomae__vit_large_16_224__mlp__layer_12,mvp__same_l__videomae__vit_large_16_224__mlp__layer_12__seed_101,MVP,mvp,same_L,VideoMAE,ViT-L/16,MLP,mlp,12,12,101,artifact,complete,pair_consistency,pair_consistency,88.499157,94.182125,59.150657,76.794742,57.128413,75.379171,2000,2000,false,false,artifacts/probes/mvp/seed_runs_layerwise_same_l_v1/mvp__same_l__videomae__vit_large_16_224__mlp__layer_12/seed_101/train_eval_summary.json,artifacts/probes/mvp/seed_runs_layerwise_same_l_v1/mvp__same_l__videomae__vit_large_16_224__mlp__layer_12/seed_101/layer_12/eval,results/verified_layerwise_probe_configs.csv,427,,,,artifact metrics read from train_eval_summary.json
mvp__same_l__videomae__vit_large_16_224__mlp__layer_12,mvp__same_l__videomae__vit_large_16_224__mlp__layer_12__seed_102,MVP,mvp,same_L,VideoMAE,ViT-L/16,MLP,mlp,12,12,102,artifact,complete,pair_consistency,pair_consistency,89.780776,94.772344,57.735086,76.643074,55.409505,74.317492,2000,2000,false,false,artifacts/probes/mvp/seed_runs_layerwise_same_l_v1/mvp__same_l__videomae__vit_large_16_224__mlp__layer_12/seed_102/train_eval_summary.json,artifacts/probes/mvp/seed_runs_layerwise_same_l_v1/mvp__same_l__videomae__vit_large_16_224__mlp__layer_12/seed_102/layer_12/eval,results/verified_layerwise_probe_configs.csv,427,,,,artifact metrics read from train_eval_summary.json
mvp__same_l__videomae__vit_large_16_224__mlp__layer_18,mvp__same_l__videomae__vit_large_16_224__mlp__layer_18__seed_101,MVP,mvp,same_L,VideoMAE,ViT-L/16,MLP,mlp,18,18,101,artifact,complete,pair_consistency,pair_consistency,91.770658,95.851602,65.015167,81.092012,63.80182,80.182002,2000,2000,false,false,artifacts/probes/mvp/seed_runs_layerwise_same_l_v1/mvp__same_l__videomae__vit_large_16_224__mlp__layer_18/seed_101/train_eval_summary.json,artifacts/probes/mvp/seed_runs_layerwise_same_l_v1/mvp__same_l__videomae__vit_large_16_224__mlp__layer_18/seed_101/layer_18/eval,results/verified_layerwise_probe_configs.csv,428,,,,artifact metrics read from train_eval_summary.json
mvp__same_l__videomae__vit_large_16_224__mlp__layer_18,mvp__same_l__videomae__vit_large_16_224__mlp__layer_18__seed_102,MVP,mvp,same_L,VideoMAE,ViT-L/16,MLP,mlp,18,18,102,artifact,complete,pair_consistency,pair_consistency,93.254637,96.593592,66.329626,81.648129,63.296259,79.42366,2000,2000,false,false,artifacts/probes/mvp/seed_runs_layerwise_same_l_v1/mvp__same_l__videomae__vit_large_16_224__mlp__layer_18/seed_102/train_eval_summary.json,artifacts/probes/mvp/seed_runs_layerwise_same_l_v1/mvp__same_l__videomae__vit_large_16_224__mlp__layer_18/seed_102/layer_18/eval,results/verified_layerwise_probe_configs.csv,428,,,,artifact metrics read from train_eval_summary.json
mvp__same_l__videomae__vit_large_16_224__mlp__layer_24,mvp__same_l__videomae__vit_large_16_224__mlp__layer_24__seed_101,MVP,mvp,same_L,VideoMAE,ViT-L/16,MLP,mlp,24,24,101,artifact,complete,pair_consistency,pair_consistency,91.905565,95.935919,67.745197,82.507583,66.329626,81.547017,2000,2000,false,false,artifacts/probes/mvp/seed_runs_layerwise_same_l_v1/mvp__same_l__videomae__vit_large_16_224__mlp__layer_24/seed_101/train_eval_summary.json,artifacts/probes/mvp/seed_runs_layerwise_same_l_v1/mvp__same_l__videomae__vit_large_16_224__mlp__layer_24/seed_101/layer_24/eval,results/verified_layerwise_probe_configs.csv,429,,,,artifact metrics read from train_eval_summary.json
mvp__same_l__videomae__vit_large_16_224__mlp__layer_24,mvp__same_l__videomae__vit_large_16_224__mlp__layer_24__seed_102,MVP,mvp,same_L,VideoMAE,ViT-L/16,MLP,mlp,24,24,102,artifact,complete,pair_consistency,pair_consistency,92.411467,96.155143,69.160768,83.114257,65.015167,80.839232,2000,2000,false,false,artifacts/probes/mvp/seed_runs_layerwise_same_l_v1/mvp__same_l__videomae__vit_large_16_224__mlp__layer_24/seed_102/train_eval_summary.json,artifacts/probes/mvp/seed_runs_layerwise_same_l_v1/mvp__same_l__videomae__vit_large_16_224__mlp__layer_24/seed_102/layer_24/eval,results/verified_layerwise_probe_configs.csv,429,,,,artifact metrics read from train_eval_summary.json
mvp__same_l__videomae_v2__vit_large_16_224__linear__layer_6,mvp__same_l__videomae_v2__vit_large_16_224__linear__layer_6__seed_101,MVP,mvp,same_L,VideoMAE-v2,ViT-L/16,Linear,linear,6,6,101,artifact,complete,pair_consistency,pair_consistency,34.435076,64.957841,31.041456,62.133468,32.861476,63.14459,2000,2000,false,false,artifacts/probes/mvp/seed_runs_layerwise_same_l_v1/mvp__same_l__videomae_v2__vit_large_16_224__linear__layer_6/seed_101/train_eval_summary.json,artifacts/probes/mvp/seed_runs_layerwise_same_l_v1/mvp__same_l__videomae_v2__vit_large_16_224__linear__layer_6/seed_101/layer_6/eval,results/verified_layerwise_probe_configs.csv,458,,,,artifact metrics read from train_eval_summary.json
mvp__same_l__videomae_v2__vit_large_16_224__linear__layer_6,mvp__same_l__videomae_v2__vit_large_16_224__linear__layer_6__seed_102,MVP,mvp,same_L,VideoMAE-v2,ViT-L/16,Linear,linear,6,6,102,artifact,complete,pair_consistency,pair_consistency,33.254637,63.322091,32.153691,61.931244,31.24368,61.223458,2000,2000,false,false,artifacts/probes/mvp/seed_runs_layerwise_same_l_v1/mvp__same_l__videomae_v2__vit_large_16_224__linear__layer_6/seed_102/train_eval_summary.json,artifacts/probes/mvp/seed_runs_layerwise_same_l_v1/mvp__same_l__videomae_v2__vit_large_16_224__linear__layer_6/seed_102/layer_6/eval,results/verified_layerwise_probe_configs.csv,458,,,,artifact metrics read from train_eval_summary.json
mvp__same_l__videomae_v2__vit_large_16_224__linear__layer_12,mvp__same_l__videomae_v2__vit_large_16_224__linear__layer_12__seed_101,MVP,mvp,same_L,VideoMAE-v2,ViT-L/16,Linear,linear,12,12,101,artifact,complete,pair_consistency,pair_consistency,46.340641,70.016863,39.433771,65.874621,38.827098,64.256825,2000,2000,false,false,artifacts/probes/mvp/seed_runs_layerwise_same_l_v1/mvp__same_l__videomae_v2__vit_large_16_224__linear__layer_12/seed_101/train_eval_summary.json,artifacts/probes/mvp/seed_runs_layerwise_same_l_v1/mvp__same_l__videomae_v2__vit_large_16_224__linear__layer_12/seed_101/layer_12/eval,results/verified_layerwise_probe_configs.csv,459,,,,artifact metrics read from train_eval_summary.json
mvp__same_l__videomae_v2__vit_large_16_224__linear__layer_12,mvp__same_l__videomae_v2__vit_large_16_224__linear__layer_12__seed_102,MVP,mvp,same_L,VideoMAE-v2,ViT-L/16,Linear,linear,12,12,102,artifact,complete,pair_consistency,pair_consistency,48.026981,70.455312,40.040445,65.773509,38.725986,63.953488,2000,2000,false,false,artifacts/probes/mvp/seed_runs_layerwise_same_l_v1/mvp__same_l__videomae_v2__vit_large_16_224__linear__layer_12/seed_102/train_eval_summary.json,artifacts/probes/mvp/seed_runs_layerwise_same_l_v1/mvp__same_l__videomae_v2__vit_large_16_224__linear__layer_12/seed_102/layer_12/eval,results/verified_layerwise_probe_configs.csv,459,,,,artifact metrics read from train_eval_summary.json
mvp__same_l__videomae_v2__vit_large_16_224__linear__layer_18,mvp__same_l__videomae_v2__vit_large_16_224__linear__layer_18__seed_101,MVP,mvp,same_L,VideoMAE-v2,ViT-L/16,Linear,linear,18,18,101,artifact,complete,pair_consistency,pair_consistency,50.556492,72.37774,43.174924,68.09909,39.534884,64.71183,2000,2000,false,false,artifacts/probes/mvp/seed_runs_layerwise_same_l_v1/mvp__same_l__videomae_v2__vit_large_16_224__linear__layer_18/seed_101/train_eval_summary.json,artifacts/probes/mvp/seed_runs_layerwise_same_l_v1/mvp__same_l__videomae_v2__vit_large_16_224__linear__layer_18/seed_101/layer_18/eval,results/verified_layerwise_probe_configs.csv,460,,,,artifact metrics read from train_eval_summary.json
mvp__same_l__videomae_v2__vit_large_16_224__linear__layer_18,mvp__same_l__videomae_v2__vit_large_16_224__linear__layer_18__seed_102,MVP,mvp,same_L,VideoMAE-v2,ViT-L/16,Linear,linear,18,18,102,artifact,complete,pair_consistency,pair_consistency,52.849916,73.305228,43.781598,67.896866,40.444894,65.116279,2000,2000,false,false,artifacts/probes/mvp/seed_runs_layerwise_same_l_v1/mvp__same_l__videomae_v2__vit_large_16_224__linear__layer_18/seed_102/train_eval_summary.json,artifacts/probes/mvp/seed_runs_layerwise_same_l_v1/mvp__same_l__videomae_v2__vit_large_16_224__linear__layer_18/seed_102/layer_18/eval,results/verified_layerwise_probe_configs.csv,460,,,,artifact metrics read from train_eval_summary.json
mvp__same_l__videomae_v2__vit_large_16_224__linear__layer_24,mvp__same_l__videomae_v2__vit_large_16_224__linear__layer_24__seed_101,MVP,mvp,same_L,VideoMAE-v2,ViT-L/16,Linear,linear,24,24,101,artifact,complete,pair_consistency,pair_consistency,43.06914,68.937605,36.703741,64.812942,34.37816,63.953488,1000,1000,false,false,artifacts/probes/mvp/seed_runs_layerwise_same_l_v1/mvp__same_l__videomae_v2__vit_large_16_224__linear__layer_24/seed_101/train_eval_summary.json,artifacts/probes/mvp/seed_runs_layerwise_same_l_v1/mvp__same_l__videomae_v2__vit_large_16_224__linear__layer_24/seed_101/layer_24/eval,results/verified_layerwise_probe_configs.csv,461,,,,artifact metrics read from train_eval_summary.json
mvp__same_l__videomae_v2__vit_large_16_224__linear__layer_24,mvp__same_l__videomae_v2__vit_large_16_224__linear__layer_24__seed_102,MVP,mvp,same_L,VideoMAE-v2,ViT-L/16,Linear,linear,24,24,102,artifact,complete,pair_consistency,pair_consistency,46.23946,70.370995,37.209302,64.408493,35.692619,62.588473,1000,1000,false,false,artifacts/probes/mvp/seed_runs_layerwise_same_l_v1/mvp__same_l__videomae_v2__vit_large_16_224__linear__layer_24/seed_102/train_eval_summary.json,artifacts/probes/mvp/seed_runs_layerwise_same_l_v1/mvp__same_l__videomae_v2__vit_large_16_224__linear__layer_24/seed_102/layer_24/eval,results/verified_layerwise_probe_configs.csv,461,,,,artifact metrics read from train_eval_summary.json
mvp__same_l__videomae_v2__vit_large_16_224__mlp__layer_6,mvp__same_l__videomae_v2__vit_large_16_224__mlp__layer_6__seed_101,MVP,mvp,same_L,VideoMAE-v2,ViT-L/16,MLP,mlp,6,6,101,artifact,complete,pair_consistency,pair_consistency,69.005059,84.148398,49.241658,72.800809,48.533873,71.334681,2000,2000,false,false,artifacts/probes/mvp/seed_runs_layerwise_same_l_v1/mvp__same_l__videomae_v2__vit_large_16_224__mlp__layer_6/seed_101/train_eval_summary.json,artifacts/probes/mvp/seed_runs_layerwise_same_l_v1/mvp__same_l__videomae_v2__vit_large_16_224__mlp__layer_6/seed_101/layer_6/eval,results/verified_layerwise_probe_configs.csv,462,,,,artifact metrics read from train_eval_summary.json
mvp__same_l__videomae_v2__vit_large_16_224__mlp__layer_6,mvp__same_l__videomae_v2__vit_large_16_224__mlp__layer_6__seed_102,MVP,mvp,same_L,VideoMAE-v2,ViT-L/16,MLP,mlp,6,6,102,artifact,complete,pair_consistency,pair_consistency,72.816189,86.003373,51.061678,73.154702,48.938322,71.385238,2000,2000,false,false,artifacts/probes/mvp/seed_runs_layerwise_same_l_v1/mvp__same_l__videomae_v2__vit_large_16_224__mlp__layer_6/seed_102/train_eval_summary.json,artifacts/probes/mvp/seed_runs_layerwise_same_l_v1/mvp__same_l__videomae_v2__vit_large_16_224__mlp__layer_6/seed_102/layer_6/eval,results/verified_layerwise_probe_configs.csv,462,,,,artifact metrics read from train_eval_summary.json
mvp__same_l__videomae_v2__vit_large_16_224__mlp__layer_12,mvp__same_l__videomae_v2__vit_large_16_224__mlp__layer_12__seed_101,MVP,mvp,same_L,VideoMAE-v2,ViT-L/16,MLP,mlp,12,12,101,artifact,complete,pair_consistency,pair_consistency,91.096121,95.531197,67.340748,81.850354,64.71183,80.131446,2000,2000,false,false,artifacts/probes/mvp/seed_runs_layerwise_same_l_v1/mvp__same_l__videomae_v2__vit_large_16_224__mlp__layer_12/seed_101/train_eval_summary.json,artifacts/probes/mvp/seed_runs_layerwise_same_l_v1/mvp__same_l__videomae_v2__vit_large_16_224__mlp__layer_12/seed_101/layer_12/eval,results/verified_layerwise_probe_configs.csv,463,,,,artifact metrics read from train_eval_summary.json
mvp__same_l__videomae_v2__vit_large_16_224__mlp__layer_12,mvp__same_l__videomae_v2__vit_large_16_224__mlp__layer_12__seed_102,MVP,mvp,same_L,VideoMAE-v2,ViT-L/16,MLP,mlp,12,12,102,artifact,complete,pair_consistency,pair_consistency,92.816189,96.408094,66.734075,81.597573,64.914055,80.030334,2000,2000,false,false,artifacts/probes/mvp/seed_runs_layerwise_same_l_v1/mvp__same_l__videomae_v2__vit_large_16_224__mlp__layer_12/seed_102/train_eval_summary.json,artifacts/probes/mvp/seed_runs_layerwise_same_l_v1/mvp__same_l__videomae_v2__vit_large_16_224__mlp__layer_12/seed_102/layer_12/eval,results/verified_layerwise_probe_configs.csv,463,,,,artifact metrics read from train_eval_summary.json
mvp__same_l__videomae_v2__vit_large_16_224__mlp__layer_18,mvp__same_l__videomae_v2__vit_large_16_224__mlp__layer_18__seed_101,MVP,mvp,same_L,VideoMAE-v2,ViT-L/16,MLP,mlp,18,18,101,artifact,complete,pair_consistency,pair_consistency,99.325464,99.662732,73.811931,85.28817,69.059656,82.406471,2000,2000,false,false,artifacts/probes/mvp/seed_runs_layerwise_same_l_v1/mvp__same_l__videomae_v2__vit_large_16_224__mlp__layer_18/seed_101/train_eval_summary.json,artifacts/probes/mvp/seed_runs_layerwise_same_l_v1/mvp__same_l__videomae_v2__vit_large_16_224__mlp__layer_18/seed_101/layer_18/eval,results/verified_layerwise_probe_configs.csv,464,,,,artifact metrics read from train_eval_summary.json
mvp__same_l__videomae_v2__vit_large_16_224__mlp__layer_18,mvp__same_l__videomae_v2__vit_large_16_224__mlp__layer_18__seed_102,MVP,mvp,same_L,VideoMAE-v2,ViT-L/16,MLP,mlp,18,18,102,artifact,complete,pair_consistency,pair_consistency,99.325464,99.662732,72.598584,84.833165,66.632963,81.344793,2000,2000,false,false,artifacts/probes/mvp/seed_runs_layerwise_same_l_v1/mvp__same_l__videomae_v2__vit_large_16_224__mlp__layer_18/seed_102/train_eval_summary.json,artifacts/probes/mvp/seed_runs_layerwise_same_l_v1/mvp__same_l__videomae_v2__vit_large_16_224__mlp__layer_18/seed_102/layer_18/eval,results/verified_layerwise_probe_configs.csv,464,,,,artifact metrics read from train_eval_summary.json
mvp__same_l__videomae_v2__vit_large_16_224__mlp__layer_24,mvp__same_l__videomae_v2__vit_large_16_224__mlp__layer_24__seed_101,MVP,mvp,same_L,VideoMAE-v2,ViT-L/16,MLP,mlp,24,24,101,artifact,complete,pair_consistency,pair_consistency,99.224283,99.612142,59.150657,77.451972,57.0273,76.086957,2000,2000,false,false,artifacts/probes/mvp/seed_runs_layerwise_same_l_v1/mvp__same_l__videomae_v2__vit_large_16_224__mlp__layer_24/seed_101/train_eval_summary.json,artifacts/probes/mvp/seed_runs_layerwise_same_l_v1/mvp__same_l__videomae_v2__vit_large_16_224__mlp__layer_24/seed_101/layer_24/eval,results/verified_layerwise_probe_configs.csv,465,,,,artifact metrics read from train_eval_summary.json
mvp__same_l__videomae_v2__vit_large_16_224__mlp__layer_24,mvp__same_l__videomae_v2__vit_large_16_224__mlp__layer_24__seed_102,MVP,mvp,same_L,VideoMAE-v2,ViT-L/16,MLP,mlp,24,24,102,artifact,complete,pair_consistency,pair_consistency,99.831366,99.915683,60.262892,78.109201,58.139535,76.643074,2000,2000,false,false,artifacts/probes/mvp/seed_runs_layerwise_same_l_v1/mvp__same_l__videomae_v2__vit_large_16_224__mlp__layer_24/seed_102/train_eval_summary.json,artifacts/probes/mvp/seed_runs_layerwise_same_l_v1/mvp__same_l__videomae_v2__vit_large_16_224__mlp__layer_24/seed_102/layer_24/eval,results/verified_layerwise_probe_configs.csv,465,,,,artifact metrics read from train_eval_summary.json
