dataset,experiment,model,backbone,probe,probe_layer,excel_layer,selected_slot,layer_label,config_status,lr,weight_decay,batch_size,eval_batch_size,epochs,early_stopping_enabled,early_stopping_patience,feature_view,mlp_hidden_dims,mlp_dropout,temporal_num_heads,temporal_num_self_attn_blocks,temporal_mlp_ratio,temporal_dropout,best_trial,n_trials,config_id,config_source,evidence_path,notes,has_lr,has_optuna_winner,has_config_json,config_availability
IntPhys2,ltx,LTX-Video,LTX-13B,Attentive,34,34,34,34,VERIFIED_ATTENTIVE_LAYER_LR,1e-05,,,,,,,tokens,,,,,,,,,intphys2__ltx__ltx_video__ltx_13b__temporal_attn__layer_34,current Excel Selected LR,,Layer and LR recovered from current Excel Selected LR; fixed attentive runtime settings intentionally not filled here.,True,False,True,attentive_lr_only
IntPhys2,ltx,LTX-Video,LTX-13B,Attentive,36,36,36,36,VERIFIED_ATTENTIVE_LAYER_LR,1e-05,,,,,,,tokens,,,,,,,,,intphys2__ltx__ltx_video__ltx_13b__temporal_attn__layer_36,current Excel Selected LR,,Layer and LR recovered from current Excel Selected LR; fixed attentive runtime settings intentionally not filled here.,True,False,True,attentive_lr_only
IntPhys2,ltx,LTX-Video,LTX-13B,Attentive,38,38,38,38,VERIFIED_ATTENTIVE_LAYER_LR,1e-05,,,,,,,tokens,,,,,,,,,intphys2__ltx__ltx_video__ltx_13b__temporal_attn__layer_38,current Excel Selected LR,,Layer and LR recovered from current Excel Selected LR; fixed attentive runtime settings intentionally not filled here.,True,False,True,attentive_lr_only
IntPhys2,ltx,LTX-Video,LTX-13B,Attentive,39,39,39,39,VERIFIED_ATTENTIVE_LAYER_LR,1e-05,,,,,,,tokens,,,,,,,,,intphys2__ltx__ltx_video__ltx_13b__temporal_attn__layer_39,current Excel Selected LR,,Layer and LR recovered from current Excel Selected LR; fixed attentive runtime settings intentionally not filled here.,True,False,True,attentive_lr_only
IntPhys2,ltx,LTX-Video,LTX-13B,Linear,1,1,1,noise_1.0_block_12,VERIFIED_FULL,0.0001329291894316,0.0050615768887523,32.0,,50.0,True,5.0,pooled,,,,,,,0.0,20.0,intphys2__ltx_video__linear__slot_1,recovered_best_configs.json,output/training/intphys2/linear/intphys2_ltx_linear_layers_22572277.out,Full config recovered from recovered_best_configs.json and matched to current Excel row. LTX JSON normalized: layer is probe slot; depth_layer_id is transformer block.,True,True,True,full_config
IntPhys2,ltx,LTX-Video,LTX-13B,Linear,2,2,2,noise_1.0_block_24,VERIFIED_FULL,0.0001329291894316,0.0050615768887523,32.0,,50.0,True,5.0,pooled,,,,,,,0.0,20.0,intphys2__ltx_video__linear__slot_2,recovered_best_configs.json,output/training/intphys2/linear/intphys2_ltx_linear_layers_22572277.out,Full config recovered from recovered_best_configs.json and matched to current Excel row. LTX JSON normalized: layer is probe slot; depth_layer_id is transformer block.,True,True,True,full_config
IntPhys2,ltx,LTX-Video,LTX-13B,Linear,3,3,3,noise_1.0_block_36,VERIFIED_FULL,0.0001329291894316,0.0050615768887523,32.0,,50.0,True,5.0,pooled,,,,,,,0.0,20.0,intphys2__ltx_video__linear__slot_3,recovered_best_configs.json,output/training/intphys2/linear/intphys2_ltx_linear_layers_22572277.out,Full config recovered from recovered_best_configs.json and matched to current Excel row. LTX JSON normalized: layer is probe slot; depth_layer_id is transformer block.,True,True,True,full_config
IntPhys2,ltx,LTX-Video,LTX-13B,Linear,4,4,4,noise_1.0_block_48,VERIFIED_FULL,0.0001329291894316,0.0050615768887523,32.0,,50.0,True,5.0,pooled,,,,,,,0.0,20.0,intphys2__ltx_video__linear__slot_4,recovered_best_configs.json,output/training/intphys2/linear/intphys2_ltx_linear_layers_22572277.out,Full config recovered from recovered_best_configs.json and matched to current Excel row. LTX JSON normalized: layer is probe slot; depth_layer_id is transformer block.,True,True,True,full_config
IntPhys2,ltx,LTX-Video,LTX-13B,Linear,5,5,5,noise_0.9_block_12,VERIFIED_FULL,0.0001976218934028,5.589524205217922e-07,32.0,,50.0,True,5.0,pooled,,,,,,,2.0,20.0,intphys2__ltx_video__linear__slot_5,recovered_best_configs.json,output/training/intphys2/linear/intphys2_ltx_linear_layers_22572277.out,Full config recovered from recovered_best_configs.json and matched to current Excel row. LTX JSON normalized: layer is probe slot; depth_layer_id is transformer block.,True,True,True,full_config
IntPhys2,ltx,LTX-Video,LTX-13B,Linear,6,6,6,noise_0.9_block_24,VERIFIED_FULL,0.0093935930241943,0.0006666105389316,32.0,,50.0,True,5.0,pooled,,,,,,,14.0,20.0,intphys2__ltx_video__linear__slot_6,recovered_best_configs.json,output/training/intphys2/linear/intphys2_ltx_linear_layers_22572277.out,Full config recovered from recovered_best_configs.json and matched to current Excel row. LTX JSON normalized: layer is probe slot; depth_layer_id is transformer block.,True,True,True,full_config
IntPhys2,ltx,LTX-Video,LTX-13B,Linear,7,7,7,noise_0.9_block_36,VERIFIED_FULL,8.200518402245828e-05,3.8550736900261795e-08,32.0,,50.0,True,5.0,pooled,,,,,,,4.0,20.0,intphys2__ltx_video__linear__slot_7,recovered_best_configs.json,output/training/intphys2/linear/intphys2_ltx_linear_layers_22572277.out,Full config recovered from recovered_best_configs.json and matched to current Excel row. LTX JSON normalized: layer is probe slot; depth_layer_id is transformer block.,True,True,True,full_config
IntPhys2,ltx,LTX-Video,LTX-13B,Linear,8,8,8,noise_0.9_block_48,VERIFIED_FULL,0.0006218704727769,0.0033981724150106,256.0,,100.0,True,5.0,pooled,,,,,,,6.0,20.0,intphys2__ltx_video__linear__slot_8,recovered_best_configs.json,output/training/intphys2/linear/intphys2_ltx_linear_layers_22572277.out,Full config recovered from recovered_best_configs.json and matched to current Excel row. LTX JSON normalized: layer is probe slot; depth_layer_id is transformer block.,True,True,True,full_config
IntPhys2,ltx,LTX-Video,LTX-13B,Linear,9,9,9,noise_0.8_block_12,VERIFIED_FULL,0.0068455702672729,0.0001275958087251,64.0,,20.0,True,5.0,pooled,,,,,,,10.0,20.0,intphys2__ltx_video__linear__slot_9,recovered_best_configs.json,output/training/intphys2/linear/intphys2_ltx_linear_layers_22572277.out,Full config recovered from recovered_best_configs.json and matched to current Excel row. LTX JSON normalized: layer is probe slot; depth_layer_id is transformer block.,True,True,True,full_config
IntPhys2,ltx,LTX-Video,LTX-13B,Linear,10,10,10,noise_0.8_block_24,VERIFIED_FULL,0.003307247541444,2.814035668328875e-07,64.0,,20.0,True,5.0,pooled,,,,,,,18.0,20.0,intphys2__ltx_video__linear__slot_10,recovered_best_configs.json,output/training/intphys2/linear/intphys2_ltx_linear_layers_22572277.out,Full config recovered from recovered_best_configs.json and matched to current Excel row. LTX JSON normalized: layer is probe slot; depth_layer_id is transformer block.,True,True,True,full_config
IntPhys2,ltx,LTX-Video,LTX-13B,Linear,11,11,11,noise_0.8_block_36,VERIFIED_FULL,0.0004313899082192,6.577938122450034e-08,256.0,,50.0,True,5.0,pooled,,,,,,,15.0,20.0,intphys2__ltx_video__linear__slot_11,recovered_best_configs.json,output/training/intphys2/linear/intphys2_ltx_linear_layers_22572277.out,Full config recovered from recovered_best_configs.json and matched to current Excel row. LTX JSON normalized: layer is probe slot; depth_layer_id is transformer block.,True,True,True,full_config
IntPhys2,ltx,LTX-Video,LTX-13B,Linear,12,12,12,noise_0.8_block_48,VERIFIED_FULL,1.0388823104027935e-05,0.0007812113973534,128.0,,100.0,True,5.0,pooled,,,,,,,8.0,20.0,intphys2__ltx_video__linear__slot_12,recovered_best_configs.json,output/training/intphys2/linear/intphys2_ltx_linear_layers_22572277.out,Full config recovered from recovered_best_configs.json and matched to current Excel row. LTX JSON normalized: layer is probe slot; depth_layer_id is transformer block.,True,True,True,full_config
IntPhys2,ltx,LTX-Video,LTX-13B,Linear,13,13,13,noise_0.7_block_12,VERIFIED_FULL,0.0068455702672729,2.435315556919516e-05,64.0,,20.0,True,5.0,pooled,,,,,,,10.0,20.0,intphys2__ltx_video__linear__slot_13,recovered_best_configs.json,output/training/intphys2/linear/intphys2_ltx_linear_layers_22572277.out,Full config recovered from recovered_best_configs.json and matched to current Excel row. LTX JSON normalized: layer is probe slot; depth_layer_id is transformer block.,True,True,True,full_config
IntPhys2,ltx,LTX-Video,LTX-13B,Linear,14,14,14,noise_0.7_block_24,VERIFIED_FULL,0.0071808928210677,1.051368030362245e-08,64.0,,100.0,True,5.0,pooled,,,,,,,12.0,20.0,intphys2__ltx_video__linear__slot_14,recovered_best_configs.json,output/training/intphys2/linear/intphys2_ltx_linear_layers_22572277.out,Full config recovered from recovered_best_configs.json and matched to current Excel row. LTX JSON normalized: layer is probe slot; depth_layer_id is transformer block.,True,True,True,full_config
IntPhys2,ltx,LTX-Video,LTX-13B,Linear,15,15,15,noise_0.7_block_36,VERIFIED_FULL,0.0044005929565618,5.221380167249247e-05,64.0,,20.0,True,5.0,pooled,,,,,,,12.0,20.0,intphys2__ltx_video__linear__slot_15,recovered_best_configs.json,output/training/intphys2/linear/intphys2_ltx_linear_layers_22572277.out,Full config recovered from recovered_best_configs.json and matched to current Excel row. LTX JSON normalized: layer is probe slot; depth_layer_id is transformer block.,True,True,True,full_config
IntPhys2,ltx,LTX-Video,LTX-13B,Linear,16,16,16,noise_0.7_block_48,VERIFIED_FULL,0.0001976218934028,5.589524205217922e-07,32.0,,50.0,True,5.0,pooled,,,,,,,2.0,20.0,intphys2__ltx_video__linear__slot_16,recovered_best_configs.json,output/training/intphys2/linear/intphys2_ltx_linear_layers_22572277.out,Full config recovered from recovered_best_configs.json and matched to current Excel row. LTX JSON normalized: layer is probe slot; depth_layer_id is transformer block.,True,True,True,full_config
IntPhys2,ltx,LTX-Video,LTX-13B,Linear,17,17,17,noise_0.6_block_12,VERIFIED_FULL,0.0001175601090023,4.848496183873288e-07,128.0,,20.0,True,5.0,pooled,,,,,,,7.0,20.0,intphys2__ltx_video__linear__slot_17,recovered_best_configs.json,output/training/intphys2/linear/intphys2_ltx_linear_layers_22572277.out,Full config recovered from recovered_best_configs.json and matched to current Excel row. LTX JSON normalized: layer is probe slot; depth_layer_id is transformer block.,True,True,True,full_config
IntPhys2,ltx,LTX-Video,LTX-13B,Linear,18,18,18,noise_0.6_block_24,VERIFIED_FULL,0.0013311216080736,1.3289448722869162e-08,32.0,,100.0,True,5.0,pooled,,,,,,,1.0,20.0,intphys2__ltx_video__linear__slot_18,recovered_best_configs.json,output/training/intphys2/linear/intphys2_ltx_linear_layers_22572277.out,Full config recovered from recovered_best_configs.json and matched to current Excel row. LTX JSON normalized: layer is probe slot; depth_layer_id is transformer block.,True,True,True,full_config
IntPhys2,ltx,LTX-Video,LTX-13B,Linear,19,19,19,noise_0.6_block_36,VERIFIED_FULL,0.0003489018845491,3.5849855803404713e-05,64.0,,50.0,True,5.0,pooled,,,,,,,3.0,20.0,intphys2__ltx_video__linear__slot_19,recovered_best_configs.json,output/training/intphys2/linear/intphys2_ltx_linear_layers_22572277.out,Full config recovered from recovered_best_configs.json and matched to current Excel row. LTX JSON normalized: layer is probe slot; depth_layer_id is transformer block.,True,True,True,full_config
IntPhys2,ltx,LTX-Video,LTX-13B,Linear,20,20,20,noise_0.6_block_48,VERIFIED_FULL,0.0001175601090023,4.848496183873288e-07,128.0,,20.0,True,5.0,pooled,,,,,,,7.0,20.0,intphys2__ltx_video__linear__slot_20,recovered_best_configs.json,output/training/intphys2/linear/intphys2_ltx_linear_layers_22572277.out,Full config recovered from recovered_best_configs.json and matched to current Excel row. LTX JSON normalized: layer is probe slot; depth_layer_id is transformer block.,True,True,True,full_config
IntPhys2,ltx,LTX-Video,LTX-13B,Linear,21,21,21,noise_0.5_block_12,VERIFIED_FULL,8.200518402245828e-05,3.8550736900261795e-08,32.0,,50.0,True,5.0,pooled,,,,,,,4.0,20.0,intphys2__ltx_video__linear__slot_21,recovered_best_configs.json,output/training/intphys2/linear/intphys2_ltx_linear_layers_22572277.out,Full config recovered from recovered_best_configs.json and matched to current Excel row. LTX JSON normalized: layer is probe slot; depth_layer_id is transformer block.,True,True,True,full_config
IntPhys2,ltx,LTX-Video,LTX-13B,Linear,22,22,22,noise_0.5_block_24,VERIFIED_FULL,0.0093730948464104,4.95553970951814e-06,64.0,,100.0,True,5.0,pooled,,,,,,,17.0,20.0,intphys2__ltx_video__linear__slot_22,recovered_best_configs.json,output/training/intphys2/linear/intphys2_ltx_linear_layers_22572277.out,Full config recovered from recovered_best_configs.json and matched to current Excel row. LTX JSON normalized: layer is probe slot; depth_layer_id is transformer block.,True,True,True,full_config
IntPhys2,ltx,LTX-Video,LTX-13B,Linear,23,23,23,noise_0.5_block_36,VERIFIED_FULL,0.0003489018845491,3.5849855803404713e-05,64.0,,50.0,True,5.0,pooled,,,,,,,3.0,20.0,intphys2__ltx_video__linear__slot_23,recovered_best_configs.json,output/training/intphys2/linear/intphys2_ltx_linear_layers_22572277.out,Full config recovered from recovered_best_configs.json and matched to current Excel row. LTX JSON normalized: layer is probe slot; depth_layer_id is transformer block.,True,True,True,full_config
IntPhys2,ltx,LTX-Video,LTX-13B,Linear,24,24,24,noise_0.5_block_48,VERIFIED_FULL,0.0001976218934028,5.589524205217922e-07,32.0,,50.0,True,5.0,pooled,,,,,,,2.0,20.0,intphys2__ltx_video__linear__slot_24,recovered_best_configs.json,output/training/intphys2/linear/intphys2_ltx_linear_layers_22572277.out,Full config recovered from recovered_best_configs.json and matched to current Excel row. LTX JSON normalized: layer is probe slot; depth_layer_id is transformer block.,True,True,True,full_config
IntPhys2,ltx,LTX-Video,LTX-13B,Linear,25,25,25,noise_0.4_block_12,VERIFIED_FULL,0.0032720201056142,1.6494404261439623e-08,64.0,,100.0,True,5.0,pooled,,,,,,,11.0,20.0,intphys2__ltx_video__linear__slot_25,recovered_best_configs.json,output/training/intphys2/linear/intphys2_ltx_linear_layers_22572277.out,Full config recovered from recovered_best_configs.json and matched to current Excel row. LTX JSON normalized: layer is probe slot; depth_layer_id is transformer block.,True,True,True,full_config
IntPhys2,ltx,LTX-Video,LTX-13B,Linear,26,26,26,noise_0.4_block_24,VERIFIED_FULL,0.0015829651148323,1.1388130189358153e-07,64.0,,100.0,True,5.0,pooled,,,,,,,19.0,20.0,intphys2__ltx_video__linear__slot_26,recovered_best_configs.json,output/training/intphys2/linear/intphys2_ltx_linear_layers_22572277.out,Full config recovered from recovered_best_configs.json and matched to current Excel row. LTX JSON normalized: layer is probe slot; depth_layer_id is transformer block.,True,True,True,full_config
IntPhys2,ltx,LTX-Video,LTX-13B,Linear,27,27,27,noise_0.4_block_36,VERIFIED_FULL,0.0013311216080736,1.3289448722869162e-08,32.0,,100.0,True,5.0,pooled,,,,,,,1.0,20.0,intphys2__ltx_video__linear__slot_27,recovered_best_configs.json,output/training/intphys2/linear/intphys2_ltx_linear_layers_22572277.out,Full config recovered from recovered_best_configs.json and matched to current Excel row. LTX JSON normalized: layer is probe slot; depth_layer_id is transformer block.,True,True,True,full_config
IntPhys2,ltx,LTX-Video,LTX-13B,Linear,28,28,28,noise_0.4_block_48,VERIFIED_FULL,0.0001976218934028,5.589524205217922e-07,32.0,,50.0,True,5.0,pooled,,,,,,,2.0,20.0,intphys2__ltx_video__linear__slot_28,recovered_best_configs.json,output/training/intphys2/linear/intphys2_ltx_linear_layers_22572277.out,Full config recovered from recovered_best_configs.json and matched to current Excel row. LTX JSON normalized: layer is probe slot; depth_layer_id is transformer block.,True,True,True,full_config
IntPhys2,ltx,LTX-Video,LTX-13B,Linear,29,29,29,noise_0.3_block_12,VERIFIED_FULL,0.0006136348245754,0.0045253729960073,32.0,,100.0,True,5.0,pooled,,,,,,,13.0,20.0,intphys2__ltx_video__linear__slot_29,recovered_best_configs.json,output/training/intphys2/linear/intphys2_ltx_linear_layers_22572277.out,Full config recovered from recovered_best_configs.json and matched to current Excel row. LTX JSON normalized: layer is probe slot; depth_layer_id is transformer block.,True,True,True,full_config
IntPhys2,ltx,LTX-Video,LTX-13B,Linear,30,30,30,noise_0.3_block_24,VERIFIED_FULL,0.008013349589915,1.086383341945677e-08,64.0,,100.0,True,5.0,pooled,,,,,,,10.0,20.0,intphys2__ltx_video__linear__slot_30,recovered_best_configs.json,output/training/intphys2/linear/intphys2_ltx_linear_layers_22572277.out,Full config recovered from recovered_best_configs.json and matched to current Excel row. LTX JSON normalized: layer is probe slot; depth_layer_id is transformer block.,True,True,True,full_config
IntPhys2,ltx,LTX-Video,LTX-13B,Linear,31,31,31,noise_0.3_block_36,VERIFIED_FULL,0.0086910919516175,1.4016628598724878e-07,32.0,,20.0,True,5.0,pooled,,,,,,,14.0,20.0,intphys2__ltx_video__linear__slot_31,recovered_best_configs.json,output/training/intphys2/linear/intphys2_ltx_linear_layers_22572277.out,Full config recovered from recovered_best_configs.json and matched to current Excel row. LTX JSON normalized: layer is probe slot; depth_layer_id is transformer block.,True,True,True,full_config
IntPhys2,ltx,LTX-Video,LTX-13B,Linear,32,32,32,noise_0.3_block_48,VERIFIED_FULL,0.0024820762449519,0.000319735686353,256.0,,20.0,True,5.0,pooled,,,,,,,13.0,20.0,intphys2__ltx_video__linear__slot_32,recovered_best_configs.json,output/training/intphys2/linear/intphys2_ltx_linear_layers_22572277.out,Full config recovered from recovered_best_configs.json and matched to current Excel row. LTX JSON normalized: layer is probe slot; depth_layer_id is transformer block.,True,True,True,full_config
IntPhys2,ltx,LTX-Video,LTX-13B,Linear,33,33,33,noise_0.2_block_12,VERIFIED_FULL,0.0035534536513345,7.210935840467621e-08,64.0,,100.0,True,5.0,pooled,,,,,,,16.0,20.0,intphys2__ltx_video__linear__slot_33,recovered_best_configs.json,output/training/intphys2/linear/intphys2_ltx_linear_layers_22572277.out,Full config recovered from recovered_best_configs.json and matched to current Excel row. LTX JSON normalized: layer is probe slot; depth_layer_id is transformer block.,True,True,True,full_config
IntPhys2,ltx,LTX-Video,LTX-13B,Linear,34,34,34,noise_0.2_block_24,VERIFIED_FULL,0.0082967969219367,1.7074626001153678e-08,64.0,,100.0,True,5.0,pooled,,,,,,,11.0,20.0,intphys2__ltx_video__linear__slot_34,recovered_best_configs.json,output/training/intphys2/linear/intphys2_ltx_linear_layers_22572277.out,Full config recovered from recovered_best_configs.json and matched to current Excel row. LTX JSON normalized: layer is probe slot; depth_layer_id is transformer block.,True,True,True,full_config
IntPhys2,ltx,LTX-Video,LTX-13B,Linear,35,35,35,noise_0.2_block_36,VERIFIED_FULL,0.0082967969219367,1.7074626001153678e-08,64.0,,100.0,True,5.0,pooled,,,,,,,11.0,20.0,intphys2__ltx_video__linear__slot_35,recovered_best_configs.json,output/training/intphys2/linear/intphys2_ltx_linear_layers_22572277.out,Full config recovered from recovered_best_configs.json and matched to current Excel row. LTX JSON normalized: layer is probe slot; depth_layer_id is transformer block.,True,True,True,full_config
IntPhys2,ltx,LTX-Video,LTX-13B,Linear,36,36,36,noise_0.2_block_48,VERIFIED_FULL,0.0071808928210677,1.051368030362245e-08,64.0,,100.0,True,5.0,pooled,,,,,,,12.0,20.0,intphys2__ltx_video__linear__slot_36,recovered_best_configs.json,output/training/intphys2/linear/intphys2_ltx_linear_layers_22572277.out,Full config recovered from recovered_best_configs.json and matched to current Excel row. LTX JSON normalized: layer is probe slot; depth_layer_id is transformer block.,True,True,True,full_config
IntPhys2,ltx,LTX-Video,LTX-13B,Linear,37,37,37,noise_0.1_block_12,VERIFIED_FULL,0.0001976218934028,5.589524205217922e-07,32.0,,50.0,True,5.0,pooled,,,,,,,2.0,20.0,intphys2__ltx_video__linear__slot_37,recovered_best_configs.json,output/training/intphys2/linear/intphys2_ltx_linear_layers_22572277.out,Full config recovered from recovered_best_configs.json and matched to current Excel row. LTX JSON normalized: layer is probe slot; depth_layer_id is transformer block.,True,True,True,full_config
IntPhys2,ltx,LTX-Video,LTX-13B,Linear,38,38,38,noise_0.1_block_24,VERIFIED_FULL,0.0054023363462835,2.1405773509077468e-05,32.0,,100.0,True,5.0,pooled,,,,,,,19.0,20.0,intphys2__ltx_video__linear__slot_38,recovered_best_configs.json,output/training/intphys2/linear/intphys2_ltx_linear_layers_22572277.out,Full config recovered from recovered_best_configs.json and matched to current Excel row. LTX JSON normalized: layer is probe slot; depth_layer_id is transformer block.,True,True,True,full_config
IntPhys2,ltx,LTX-Video,LTX-13B,Linear,39,39,39,noise_0.1_block_36,VERIFIED_FULL,0.008013349589915,1.086383341945677e-08,64.0,,100.0,True,5.0,pooled,,,,,,,10.0,20.0,intphys2__ltx_video__linear__slot_39,recovered_best_configs.json,output/training/intphys2/linear/intphys2_ltx_linear_layers_22572277.out,Full config recovered from recovered_best_configs.json and matched to current Excel row. LTX JSON normalized: layer is probe slot; depth_layer_id is transformer block.,True,True,True,full_config
IntPhys2,ltx,LTX-Video,LTX-13B,Linear,40,40,40,noise_0.1_block_48,VERIFIED_FULL,0.0024820762449519,6.7407894737442e-06,32.0,,20.0,True,5.0,pooled,,,,,,,13.0,20.0,intphys2__ltx_video__linear__slot_40,recovered_best_configs.json,output/training/intphys2/linear/intphys2_ltx_linear_layers_22572277.out,Full config recovered from recovered_best_configs.json and matched to current Excel row. LTX JSON normalized: layer is probe slot; depth_layer_id is transformer block.,True,True,True,full_config
IntPhys2,ltx,LTX-Video,LTX-13B,MLP,1,1,1,noise_1.0_block_12,VERIFIED_FULL,0.0001329291894316,0.0050615768887523,32.0,,2000.0,True,5.0,pooled,[256],0.2159725093210578,,,,,0.0,20.0,intphys2__ltx_video__mlp__slot_1,recovered_best_configs.json,output/training/intphys2/mlp/intphys2_ltx_mlp_layers_22604093.out,Full config recovered from recovered_best_configs.json and matched to current Excel row. LTX JSON normalized: layer is probe slot; depth_layer_id is transformer block.,True,True,True,full_config
IntPhys2,ltx,LTX-Video,LTX-13B,MLP,2,2,2,noise_1.0_block_24,VERIFIED_FULL,0.0001329291894316,0.0050615768887523,32.0,,2000.0,True,5.0,pooled,[256],0.2159725093210578,,,,,0.0,20.0,intphys2__ltx_video__mlp__slot_2,recovered_best_configs.json,output/training/intphys2/mlp/intphys2_ltx_mlp_layers_22604093.out,Full config recovered from recovered_best_configs.json and matched to current Excel row. LTX JSON normalized: layer is probe slot; depth_layer_id is transformer block.,True,True,True,full_config
IntPhys2,ltx,LTX-Video,LTX-13B,MLP,3,3,3,noise_1.0_block_36,VERIFIED_FULL,0.0001329291894316,0.0050615768887523,32.0,,2000.0,True,5.0,pooled,[256],0.2159725093210578,,,,,0.0,20.0,intphys2__ltx_video__mlp__slot_3,recovered_best_configs.json,output/training/intphys2/mlp/intphys2_ltx_mlp_layers_22604093.out,Full config recovered from recovered_best_configs.json and matched to current Excel row. LTX JSON normalized: layer is probe slot; depth_layer_id is transformer block.,True,True,True,full_config
IntPhys2,ltx,LTX-Video,LTX-13B,MLP,4,4,4,noise_1.0_block_48,VERIFIED_FULL,0.0001329291894316,0.0050615768887523,32.0,,2000.0,True,5.0,pooled,[256],0.2159725093210578,,,,,0.0,20.0,intphys2__ltx_video__mlp__slot_4,recovered_best_configs.json,output/training/intphys2/mlp/intphys2_ltx_mlp_layers_22604093.out,Full config recovered from recovered_best_configs.json and matched to current Excel row. LTX JSON normalized: layer is probe slot; depth_layer_id is transformer block.,True,True,True,full_config
IntPhys2,ltx,LTX-Video,LTX-13B,MLP,5,5,5,noise_0.9_block_12,VERIFIED_FULL,2.7207248059486677e-05,8.64403589520682e-06,32.0,,50.0,True,5.0,pooled,[512],0.3387821809211412,,,,,8.0,20.0,intphys2__ltx_video__mlp__slot_5,recovered_best_configs.json,output/training/intphys2/mlp/intphys2_ltx_mlp_layers_22604093.out,Full config recovered from recovered_best_configs.json and matched to current Excel row. LTX JSON normalized: layer is probe slot; depth_layer_id is transformer block.,True,True,True,full_config
IntPhys2,ltx,LTX-Video,LTX-13B,MLP,6,6,6,noise_0.9_block_24,VERIFIED_FULL,1.033285556962607e-05,0.0009262400523003,256.0,,100.0,True,5.0,pooled,[256],0.1006824872205229,,,,,19.0,20.0,intphys2__ltx_video__mlp__slot_6,recovered_best_configs.json,output/training/intphys2/mlp/intphys2_ltx_mlp_layers_22604093.out,Full config recovered from recovered_best_configs.json and matched to current Excel row. LTX JSON normalized: layer is probe slot; depth_layer_id is transformer block.,True,True,True,full_config
IntPhys2,ltx,LTX-Video,LTX-13B,MLP,7,7,7,noise_0.9_block_36,VERIFIED_FULL,0.0001329291894316,0.0050615768887523,32.0,,2000.0,True,5.0,pooled,[256],0.2159725093210578,,,,,0.0,20.0,intphys2__ltx_video__mlp__slot_7,recovered_best_configs.json,output/training/intphys2/mlp/intphys2_ltx_mlp_layers_22604093.out,Full config recovered from recovered_best_configs.json and matched to current Excel row. LTX JSON normalized: layer is probe slot; depth_layer_id is transformer block.,True,True,True,full_config
IntPhys2,ltx,LTX-Video,LTX-13B,MLP,8,8,8,noise_0.9_block_48,VERIFIED_FULL,0.0045300059942318,0.0001364378722336,32.0,,500.0,True,5.0,pooled,[1024],0.2883281191216033,,,,,17.0,20.0,intphys2__ltx_video__mlp__slot_8,recovered_best_configs.json,output/training/intphys2/mlp/intphys2_ltx_mlp_layers_22604093.out,Full config recovered from recovered_best_configs.json and matched to current Excel row. LTX JSON normalized: layer is probe slot; depth_layer_id is transformer block.,True,True,True,full_config
IntPhys2,ltx,LTX-Video,LTX-13B,MLP,9,9,9,noise_0.8_block_12,VERIFIED_FULL,0.0001030019660098,0.0045442082254883,128.0,,20.0,True,5.0,pooled,"[1024,512,1024]",0.1197809453334862,,,,,7.0,20.0,intphys2__ltx_video__mlp__slot_9,recovered_best_configs.json,output/training/intphys2/mlp/intphys2_ltx_mlp_layers_22604093.out,Full config recovered from recovered_best_configs.json and matched to current Excel row. LTX JSON normalized: layer is probe slot; depth_layer_id is transformer block.,True,True,True,full_config
IntPhys2,ltx,LTX-Video,LTX-13B,MLP,10,10,10,noise_0.8_block_24,VERIFIED_FULL,7.476312062252303e-05,4.689400963537693e-05,256.0,,20.0,True,5.0,pooled,"[512,256]",0.0488360570031919,,,,,1.0,20.0,intphys2__ltx_video__mlp__slot_10,recovered_best_configs.json,output/training/intphys2/mlp/intphys2_ltx_mlp_layers_22604093.out,Full config recovered from recovered_best_configs.json and matched to current Excel row. LTX JSON normalized: layer is probe slot; depth_layer_id is transformer block.,True,True,True,full_config
IntPhys2,ltx,LTX-Video,LTX-13B,MLP,11,11,11,noise_0.8_block_36,VERIFIED_FULL,0.0001329291894316,0.0050615768887523,32.0,,2000.0,True,5.0,pooled,[256],0.2159725093210578,,,,,0.0,20.0,intphys2__ltx_video__mlp__slot_11,recovered_best_configs.json,output/training/intphys2/mlp/intphys2_ltx_mlp_layers_22604093.out,Full config recovered from recovered_best_configs.json and matched to current Excel row. LTX JSON normalized: layer is probe slot; depth_layer_id is transformer block.,True,True,True,full_config
IntPhys2,ltx,LTX-Video,LTX-13B,MLP,12,12,12,noise_0.8_block_48,VERIFIED_FULL,0.0001329291894316,0.0050615768887523,32.0,,2000.0,True,5.0,pooled,[256],0.2159725093210578,,,,,0.0,20.0,intphys2__ltx_video__mlp__slot_12,recovered_best_configs.json,output/training/intphys2/mlp/intphys2_ltx_mlp_layers_22604093.out,Full config recovered from recovered_best_configs.json and matched to current Excel row. LTX JSON normalized: layer is probe slot; depth_layer_id is transformer block.,True,True,True,full_config
IntPhys2,ltx,LTX-Video,LTX-13B,MLP,13,13,13,noise_0.7_block_12,VERIFIED_FULL,0.0001329291894316,0.0050615768887523,32.0,,2000.0,True,5.0,pooled,[256],0.2159725093210578,,,,,0.0,20.0,intphys2__ltx_video__mlp__slot_13,recovered_best_configs.json,output/training/intphys2/mlp/intphys2_ltx_mlp_layers_22604093.out,Full config recovered from recovered_best_configs.json and matched to current Excel row. LTX JSON normalized: layer is probe slot; depth_layer_id is transformer block.,True,True,True,full_config
IntPhys2,ltx,LTX-Video,LTX-13B,MLP,14,14,14,noise_0.7_block_24,VERIFIED_FULL,2.7207248059486677e-05,8.64403589520682e-06,32.0,,50.0,True,5.0,pooled,[512],0.3387821809211412,,,,,8.0,20.0,intphys2__ltx_video__mlp__slot_14,recovered_best_configs.json,output/training/intphys2/mlp/intphys2_ltx_mlp_layers_22604093.out,Full config recovered from recovered_best_configs.json and matched to current Excel row. LTX JSON normalized: layer is probe slot; depth_layer_id is transformer block.,True,True,True,full_config
IntPhys2,ltx,LTX-Video,LTX-13B,MLP,15,15,15,noise_0.7_block_36,VERIFIED_FULL,0.0001329291894316,0.0050615768887523,32.0,,2000.0,True,5.0,pooled,[256],0.2159725093210578,,,,,0.0,20.0,intphys2__ltx_video__mlp__slot_15,recovered_best_configs.json,output/training/intphys2/mlp/intphys2_ltx_mlp_layers_22604093.out,Full config recovered from recovered_best_configs.json and matched to current Excel row. LTX JSON normalized: layer is probe slot; depth_layer_id is transformer block.,True,True,True,full_config
IntPhys2,ltx,LTX-Video,LTX-13B,MLP,16,16,16,noise_0.7_block_48,VERIFIED_FULL,1.033285556962607e-05,1.9715055759651984e-06,64.0,,50.0,True,5.0,pooled,[256],0.102479397189921,,,,,19.0,20.0,intphys2__ltx_video__mlp__slot_16,recovered_best_configs.json,output/training/intphys2/mlp/intphys2_ltx_mlp_layers_22604093.out,Full config recovered from recovered_best_configs.json and matched to current Excel row. LTX JSON normalized: layer is probe slot; depth_layer_id is transformer block.,True,True,True,full_config
IntPhys2,ltx,LTX-Video,LTX-13B,MLP,17,17,17,noise_0.6_block_12,VERIFIED_FULL,0.0001329291894316,0.0050615768887523,32.0,,2000.0,True,5.0,pooled,[256],0.2159725093210578,,,,,0.0,20.0,intphys2__ltx_video__mlp__slot_17,recovered_best_configs.json,output/training/intphys2/mlp/intphys2_ltx_mlp_layers_22604093.out,Full config recovered from recovered_best_configs.json and matched to current Excel row. LTX JSON normalized: layer is probe slot; depth_layer_id is transformer block.,True,True,True,full_config
IntPhys2,ltx,LTX-Video,LTX-13B,MLP,18,18,18,noise_0.6_block_24,VERIFIED_FULL,0.0006227253081323,0.0074617492378959,64.0,,2000.0,True,5.0,pooled,[256],0.0020352585611516,,,,,17.0,20.0,intphys2__ltx_video__mlp__slot_18,recovered_best_configs.json,output/training/intphys2/mlp/intphys2_ltx_mlp_layers_22604093.out,Full config recovered from recovered_best_configs.json and matched to current Excel row. LTX JSON normalized: layer is probe slot; depth_layer_id is transformer block.,True,True,True,full_config
IntPhys2,ltx,LTX-Video,LTX-13B,MLP,19,19,19,noise_0.6_block_36,VERIFIED_FULL,2.7207248059486677e-05,8.64403589520682e-06,32.0,,50.0,True,5.0,pooled,[512],0.3387821809211412,,,,,8.0,20.0,intphys2__ltx_video__mlp__slot_19,recovered_best_configs.json,output/training/intphys2/mlp/intphys2_ltx_mlp_layers_22604093.out,Full config recovered from recovered_best_configs.json and matched to current Excel row. LTX JSON normalized: layer is probe slot; depth_layer_id is transformer block.,True,True,True,full_config
IntPhys2,ltx,LTX-Video,LTX-13B,MLP,20,20,20,noise_0.6_block_48,VERIFIED_FULL,0.0001329291894316,0.0050615768887523,32.0,,2000.0,True,5.0,pooled,[256],0.2159725093210578,,,,,0.0,20.0,intphys2__ltx_video__mlp__slot_20,recovered_best_configs.json,output/training/intphys2/mlp/intphys2_ltx_mlp_layers_22604093.out,Full config recovered from recovered_best_configs.json and matched to current Excel row. LTX JSON normalized: layer is probe slot; depth_layer_id is transformer block.,True,True,True,full_config
IntPhys2,ltx,LTX-Video,LTX-13B,MLP,21,21,21,noise_0.5_block_12,VERIFIED_FULL,2.7207248059486677e-05,8.64403589520682e-06,32.0,,50.0,True,5.0,pooled,[512],0.3387821809211412,,,,,8.0,20.0,intphys2__ltx_video__mlp__slot_21,recovered_best_configs.json,output/training/intphys2/mlp/intphys2_ltx_mlp_layers_22604093.out,Full config recovered from recovered_best_configs.json and matched to current Excel row. LTX JSON normalized: layer is probe slot; depth_layer_id is transformer block.,True,True,True,full_config
IntPhys2,ltx,LTX-Video,LTX-13B,MLP,22,22,22,noise_0.5_block_24,VERIFIED_FULL,2.7207248059486677e-05,8.64403589520682e-06,32.0,,50.0,True,5.0,pooled,[512],0.3387821809211412,,,,,8.0,20.0,intphys2__ltx_video__mlp__slot_22,recovered_best_configs.json,output/training/intphys2/mlp/intphys2_ltx_mlp_layers_22604093.out,Full config recovered from recovered_best_configs.json and matched to current Excel row. LTX JSON normalized: layer is probe slot; depth_layer_id is transformer block.,True,True,True,full_config
IntPhys2,ltx,LTX-Video,LTX-13B,MLP,23,23,23,noise_0.5_block_36,VERIFIED_FULL,0.0002980520847202,6.959325518689239e-05,64.0,,50.0,True,5.0,pooled,"[512,256]",0.0817767951328333,,,,,18.0,20.0,intphys2__ltx_video__mlp__slot_23,recovered_best_configs.json,output/training/intphys2/mlp/intphys2_ltx_mlp_layers_22604093.out,Full config recovered from recovered_best_configs.json and matched to current Excel row. LTX JSON normalized: layer is probe slot; depth_layer_id is transformer block.,True,True,True,full_config
IntPhys2,ltx,LTX-Video,LTX-13B,MLP,24,24,24,noise_0.5_block_48,VERIFIED_FULL,0.0001329291894316,0.0050615768887523,32.0,,2000.0,True,5.0,pooled,[256],0.2159725093210578,,,,,0.0,20.0,intphys2__ltx_video__mlp__slot_24,recovered_best_configs.json,output/training/intphys2/mlp/intphys2_ltx_mlp_layers_22604093.out,Full config recovered from recovered_best_configs.json and matched to current Excel row. LTX JSON normalized: layer is probe slot; depth_layer_id is transformer block.,True,True,True,full_config
IntPhys2,ltx,LTX-Video,LTX-13B,MLP,25,25,25,noise_0.4_block_12,VERIFIED_FULL,4.96371046691712e-05,4.78570419845307e-07,256.0,,20.0,True,5.0,pooled,[1024],0.3007240387643267,,,,,15.0,20.0,intphys2__ltx_video__mlp__slot_25,recovered_best_configs.json,output/training/intphys2/mlp/intphys2_ltx_mlp_layers_22604093.out,Full config recovered from recovered_best_configs.json and matched to current Excel row. LTX JSON normalized: layer is probe slot; depth_layer_id is transformer block.,True,True,True,full_config
IntPhys2,ltx,LTX-Video,LTX-13B,MLP,26,26,26,noise_0.4_block_24,VERIFIED_FULL,0.0001329291894316,0.0050615768887523,32.0,,2000.0,True,5.0,pooled,[256],0.2159725093210578,,,,,0.0,20.0,intphys2__ltx_video__mlp__slot_26,recovered_best_configs.json,output/training/intphys2/mlp/intphys2_ltx_mlp_layers_22604093.out,Full config recovered from recovered_best_configs.json and matched to current Excel row. LTX JSON normalized: layer is probe slot; depth_layer_id is transformer block.,True,True,True,full_config
IntPhys2,ltx,LTX-Video,LTX-13B,MLP,27,27,27,noise_0.4_block_36,VERIFIED_FULL,2.968660430757744e-05,1.1073617768597933e-07,32.0,,100.0,True,5.0,pooled,[512],0.4501945220447684,,,,,16.0,20.0,intphys2__ltx_video__mlp__slot_27,recovered_best_configs.json,output/training/intphys2/mlp/intphys2_ltx_mlp_layers_22604093.out,Full config recovered from recovered_best_configs.json and matched to current Excel row. LTX JSON normalized: layer is probe slot; depth_layer_id is transformer block.,True,True,True,full_config
IntPhys2,ltx,LTX-Video,LTX-13B,MLP,28,28,28,noise_0.4_block_48,VERIFIED_FULL,0.0001329291894316,0.0050615768887523,32.0,,2000.0,True,5.0,pooled,[256],0.2159725093210578,,,,,0.0,20.0,intphys2__ltx_video__mlp__slot_28,recovered_best_configs.json,output/training/intphys2/mlp/intphys2_ltx_mlp_layers_22604093.out,Full config recovered from recovered_best_configs.json and matched to current Excel row. LTX JSON normalized: layer is probe slot; depth_layer_id is transformer block.,True,True,True,full_config
IntPhys2,ltx,LTX-Video,LTX-13B,MLP,29,29,29,noise_0.3_block_12,VERIFIED_FULL,0.0002438000325496,0.0003286662534399,64.0,,2000.0,True,5.0,pooled,[256],0.1535740191949437,,,,,12.0,20.0,intphys2__ltx_video__mlp__slot_29,recovered_best_configs.json,output/training/intphys2/mlp/intphys2_ltx_mlp_layers_22604093.out,Full config recovered from recovered_best_configs.json and matched to current Excel row. LTX JSON normalized: layer is probe slot; depth_layer_id is transformer block.,True,True,True,full_config
IntPhys2,ltx,LTX-Video,LTX-13B,MLP,30,30,30,noise_0.3_block_24,VERIFIED_FULL,0.0011290133559092,4.374364439939069e-06,256.0,,50.0,True,5.0,pooled,[256],0.0442462510259597,,,,,2.0,20.0,intphys2__ltx_video__mlp__slot_30,recovered_best_configs.json,output/training/intphys2/mlp/intphys2_ltx_mlp_layers_22604093.out,Full config recovered from recovered_best_configs.json and matched to current Excel row. LTX JSON normalized: layer is probe slot; depth_layer_id is transformer block.,True,True,True,full_config
IntPhys2,ltx,LTX-Video,LTX-13B,MLP,31,31,31,noise_0.3_block_36,VERIFIED_FULL,0.0003492823457114,7.619436507678932e-07,32.0,,100.0,True,5.0,pooled,[1024],0.2329771165387378,,,,,11.0,20.0,intphys2__ltx_video__mlp__slot_31,recovered_best_configs.json,output/training/intphys2/mlp/intphys2_ltx_mlp_layers_22604093.out,Full config recovered from recovered_best_configs.json and matched to current Excel row. LTX JSON normalized: layer is probe slot; depth_layer_id is transformer block.,True,True,True,full_config
IntPhys2,ltx,LTX-Video,LTX-13B,MLP,32,32,32,noise_0.3_block_48,VERIFIED_FULL,0.0001253713585244,0.0093362436049503,128.0,,2000.0,True,5.0,pooled,"[1024,512,1024]",0.1638223975289627,,,,,12.0,20.0,intphys2__ltx_video__mlp__slot_32,recovered_best_configs.json,output/training/intphys2/mlp/intphys2_ltx_mlp_layers_22604093.out,Full config recovered from recovered_best_configs.json and matched to current Excel row. LTX JSON normalized: layer is probe slot; depth_layer_id is transformer block.,True,True,True,full_config
IntPhys2,ltx,LTX-Video,LTX-13B,MLP,33,33,33,noise_0.2_block_12,VERIFIED_FULL,1.1137414908293512e-05,7.042780455130713e-07,256.0,,100.0,True,5.0,pooled,"[512,256]",0.121293422853583,,,,,11.0,20.0,intphys2__ltx_video__mlp__slot_33,recovered_best_configs.json,output/training/intphys2/mlp/intphys2_ltx_mlp_layers_22604093.out,Full config recovered from recovered_best_configs.json and matched to current Excel row. LTX JSON normalized: layer is probe slot; depth_layer_id is transformer block.,True,True,True,full_config
IntPhys2,ltx,LTX-Video,LTX-13B,MLP,34,34,34,noise_0.2_block_24,VERIFIED_FULL,0.0020597335357437,2.7814285643757443e-08,128.0,,1000.0,True,5.0,pooled,[256],0.3854835899772805,,,,,4.0,20.0,intphys2__ltx_video__mlp__slot_34,recovered_best_configs.json,output/training/intphys2/mlp/intphys2_ltx_mlp_layers_22604093.out,Full config recovered from recovered_best_configs.json and matched to current Excel row. LTX JSON normalized: layer is probe slot; depth_layer_id is transformer block.,True,True,True,full_config
IntPhys2,ltx,LTX-Video,LTX-13B,MLP,35,35,35,noise_0.2_block_36,VERIFIED_FULL,0.0001329291894316,0.0050615768887523,32.0,,2000.0,True,5.0,pooled,[256],0.2159725093210578,,,,,0.0,20.0,intphys2__ltx_video__mlp__slot_35,recovered_best_configs.json,output/training/intphys2/mlp/intphys2_ltx_mlp_layers_22604093.out,Full config recovered from recovered_best_configs.json and matched to current Excel row. LTX JSON normalized: layer is probe slot; depth_layer_id is transformer block.,True,True,True,full_config
IntPhys2,ltx,LTX-Video,LTX-13B,MLP,36,36,36,noise_0.2_block_48,VERIFIED_FULL,0.0001329291894316,0.0050615768887523,32.0,,2000.0,True,5.0,pooled,[256],0.2159725093210578,,,,,0.0,20.0,intphys2__ltx_video__mlp__slot_36,recovered_best_configs.json,output/training/intphys2/mlp/intphys2_ltx_mlp_layers_22604093.out,Full config recovered from recovered_best_configs.json and matched to current Excel row. LTX JSON normalized: layer is probe slot; depth_layer_id is transformer block.,True,True,True,full_config
IntPhys2,ltx,LTX-Video,LTX-13B,MLP,37,37,37,noise_0.1_block_12,VERIFIED_FULL,0.0001329291894316,0.0050615768887523,32.0,,2000.0,True,5.0,pooled,[256],0.2159725093210578,,,,,0.0,20.0,intphys2__ltx_video__mlp__slot_37,recovered_best_configs.json,output/training/intphys2/mlp/intphys2_ltx_mlp_layers_22604093.out,Full config recovered from recovered_best_configs.json and matched to current Excel row. LTX JSON normalized: layer is probe slot; depth_layer_id is transformer block.,True,True,True,full_config
IntPhys2,ltx,LTX-Video,LTX-13B,MLP,38,38,38,noise_0.1_block_24,VERIFIED_FULL,1.1948996969395558e-05,1.6936178609266271e-06,32.0,,100.0,True,5.0,pooled,"[512,256]",0.2614894534332407,,,,,17.0,20.0,intphys2__ltx_video__mlp__slot_38,recovered_best_configs.json,output/training/intphys2/mlp/intphys2_ltx_mlp_layers_22604093.out,Full config recovered from recovered_best_configs.json and matched to current Excel row. LTX JSON normalized: layer is probe slot; depth_layer_id is transformer block.,True,True,True,full_config
IntPhys2,ltx,LTX-Video,LTX-13B,MLP,39,39,39,noise_0.1_block_36,VERIFIED_FULL,0.0001329291894316,0.0050615768887523,32.0,,2000.0,True,5.0,pooled,[256],0.2159725093210578,,,,,0.0,20.0,intphys2__ltx_video__mlp__slot_39,recovered_best_configs.json,output/training/intphys2/mlp/intphys2_ltx_mlp_layers_22604093.out,Full config recovered from recovered_best_configs.json and matched to current Excel row. LTX JSON normalized: layer is probe slot; depth_layer_id is transformer block.,True,True,True,full_config
IntPhys2,ltx,LTX-Video,LTX-13B,MLP,40,40,40,noise_0.1_block_48,VERIFIED_FULL,0.0028684736295935,0.0018256744393096,64.0,,50.0,True,5.0,pooled,"[512,256]",0.4348867135267744,,,,,19.0,20.0,intphys2__ltx_video__mlp__slot_40,recovered_best_configs.json,output/training/intphys2/mlp/intphys2_ltx_mlp_layers_22604093.out,Full config recovered from recovered_best_configs.json and matched to current Excel row. LTX JSON normalized: layer is probe slot; depth_layer_id is transformer block.,True,True,True,full_config
IntPhys2,ltx,LTX-Video,LTX-2B,Attentive,34,34,34,34,VERIFIED_FULL,1e-05,0.01,1.0,1.0,90.0,True,20.0,tokens,,,16.0,1.0,2.0,0.2,,,intphys2__ltx__ltx_video__ltx_2b__temporal_attn__layer_34,local train_eval_summary.json,different_backbone_ablation/ltx_2b/intphys2/attentive/intphys2_probe_temporal_attn_ltx_video_ltxv_2b_0_9_8_distilled_ep90_pat20_h100_lr_matrix/train_eval_summary.json,Full attentive config recovered from local train_eval_summary.json; LR also matches current Excel Selected LR.,True,False,True,full_config
IntPhys2,ltx,LTX-Video,LTX-2B,Attentive,36,36,36,36,VERIFIED_FULL,1e-05,0.01,1.0,1.0,90.0,True,20.0,tokens,,,16.0,1.0,2.0,0.2,,,intphys2__ltx__ltx_video__ltx_2b__temporal_attn__layer_36,local train_eval_summary.json,different_backbone_ablation/ltx_2b/intphys2/attentive/intphys2_probe_temporal_attn_ltx_video_ltxv_2b_0_9_8_distilled_ep90_pat20_h100_lr_matrix/train_eval_summary.json,Full attentive config recovered from local train_eval_summary.json; LR also matches current Excel Selected LR.,True,False,True,full_config
IntPhys2,ltx,LTX-Video,LTX-2B,Attentive,38,38,38,38,VERIFIED_FULL,0.0001,0.01,1.0,1.0,90.0,True,20.0,tokens,,,16.0,1.0,2.0,0.2,,,intphys2__ltx__ltx_video__ltx_2b__temporal_attn__layer_38,local train_eval_summary.json,different_backbone_ablation/ltx_2b/intphys2/attentive/intphys2_probe_temporal_attn_ltx_video_ltxv_2b_0_9_8_distilled_ep90_pat20_h100_lr_matrix/train_eval_summary.json,Full attentive config recovered from local train_eval_summary.json; LR also matches current Excel Selected LR.,True,False,True,full_config
IntPhys2,ltx,LTX-Video,LTX-2B,Attentive,39,39,39,39,VERIFIED_FULL,1e-05,0.01,1.0,1.0,90.0,True,20.0,tokens,,,16.0,1.0,2.0,0.2,,,intphys2__ltx__ltx_video__ltx_2b__temporal_attn__layer_39,local train_eval_summary.json,different_backbone_ablation/ltx_2b/intphys2/attentive/intphys2_probe_temporal_attn_ltx_video_ltxv_2b_0_9_8_distilled_ep90_pat20_h100_lr_matrix/train_eval_summary.json,Full attentive config recovered from local train_eval_summary.json; LR also matches current Excel Selected LR.,True,False,True,full_config
IntPhys2,ltx,LTX-Video,LTX-2B,Linear,1,1,1,noise_1.0_block_7,VERIFIED_FULL,0.0001329291894316,0.0050615768887523,32.0,1024.0,2000.0,False,5.0,pooled,,,,,,,0.0,20.0,intphys2__ltx__ltx_2b_0_9_8_distilled__linear__slot_1,local optuna_summary.json,different_backbone_ablation/ltx_2b/intphys2/linear/intphys2_probe_linear_ltx_video_ltxv_2b_0_9_8_distilled_20260602T175813Z/layer_noise_1.0_block_7/train/optuna_summary.json,Config recovered from local result datastore; existing non-null values were preserved. LTX JSON normalized: layer is probe slot; depth_layer_id is transformer block.,True,True,True,full_config
IntPhys2,ltx,LTX-Video,LTX-2B,Linear,2,2,2,noise_1.0_block_14,VERIFIED_FULL,0.0001329291894316,0.0050615768887523,32.0,1024.0,2000.0,False,5.0,pooled,,,,,,,0.0,20.0,intphys2__ltx__ltx_2b_0_9_8_distilled__linear__slot_2,local optuna_summary.json,different_backbone_ablation/ltx_2b/intphys2/linear/intphys2_probe_linear_ltx_video_ltxv_2b_0_9_8_distilled_20260602T175813Z/layer_noise_1.0_block_14/train/optuna_summary.json,Config recovered from local result datastore; existing non-null values were preserved. LTX JSON normalized: layer is probe slot; depth_layer_id is transformer block.,True,True,True,full_config
IntPhys2,ltx,LTX-Video,LTX-2B,Linear,3,3,3,noise_1.0_block_21,VERIFIED_FULL,0.0001329291894316,0.0050615768887523,32.0,1024.0,2000.0,False,5.0,pooled,,,,,,,0.0,20.0,intphys2__ltx__ltx_2b_0_9_8_distilled__linear__slot_3,local optuna_summary.json,different_backbone_ablation/ltx_2b/intphys2/linear/intphys2_probe_linear_ltx_video_ltxv_2b_0_9_8_distilled_20260602T175813Z/layer_noise_1.0_block_21/train/optuna_summary.json,Config recovered from local result datastore; existing non-null values were preserved. LTX JSON normalized: layer is probe slot; depth_layer_id is transformer block.,True,True,True,full_config
IntPhys2,ltx,LTX-Video,LTX-2B,Linear,4,4,4,noise_1.0_block_28,VERIFIED_FULL,0.0001329291894316,0.0050615768887523,32.0,1024.0,2000.0,False,5.0,pooled,,,,,,,0.0,20.0,intphys2__ltx__ltx_2b_0_9_8_distilled__linear__slot_4,local optuna_summary.json,different_backbone_ablation/ltx_2b/intphys2/linear/intphys2_probe_linear_ltx_video_ltxv_2b_0_9_8_distilled_20260602T175813Z/layer_noise_1.0_block_28/train/optuna_summary.json,Config recovered from local result datastore; existing non-null values were preserved. LTX JSON normalized: layer is probe slot; depth_layer_id is transformer block.,True,True,True,full_config
IntPhys2,ltx,LTX-Video,LTX-2B,Linear,5,5,5,noise_0.9_block_7,VERIFIED_FULL,1.1526025292404458e-05,0.0001397075568061,64.0,1024.0,20.0,False,5.0,pooled,,,,,,,10.0,20.0,intphys2__ltx__ltx_2b_0_9_8_distilled__linear__slot_5,local optuna_summary.json,different_backbone_ablation/ltx_2b/intphys2/linear/intphys2_probe_linear_ltx_video_ltxv_2b_0_9_8_distilled_20260602T175813Z/layer_noise_0.9_block_7/train/optuna_summary.json,Config recovered from local result datastore; existing non-null values were preserved. LTX JSON normalized: layer is probe slot; depth_layer_id is transformer block.,True,True,True,full_config
IntPhys2,ltx,LTX-Video,LTX-2B,Linear,6,6,6,noise_0.9_block_14,VERIFIED_FULL,8.200518402245827e-05,3.855073690026178e-08,32.0,1024.0,50.0,False,5.0,pooled,,,,,,,3.0,20.0,intphys2__ltx__ltx_2b_0_9_8_distilled__linear__slot_6,local optuna_summary.json,different_backbone_ablation/ltx_2b/intphys2/linear/intphys2_probe_linear_ltx_video_ltxv_2b_0_9_8_distilled_20260602T175813Z/layer_noise_0.9_block_14/train/optuna_summary.json,Config recovered from local result datastore; existing non-null values were preserved. LTX JSON normalized: layer is probe slot; depth_layer_id is transformer block.,True,True,True,full_config
IntPhys2,ltx,LTX-Video,LTX-2B,Linear,7,7,7,noise_0.9_block_21,VERIFIED_FULL,0.000982769670991,0.0089468100009794,64.0,1024.0,2000.0,False,5.0,pooled,,,,,,,13.0,20.0,intphys2__ltx__ltx_2b_0_9_8_distilled__linear__slot_7,local optuna_summary.json,different_backbone_ablation/ltx_2b/intphys2/linear/intphys2_probe_linear_ltx_video_ltxv_2b_0_9_8_distilled_20260602T175813Z/layer_noise_0.9_block_21/train/optuna_summary.json,Config recovered from local result datastore; existing non-null values were preserved. LTX JSON normalized: layer is probe slot; depth_layer_id is transformer block.,True,True,True,full_config
IntPhys2,ltx,LTX-Video,LTX-2B,Linear,8,8,8,noise_0.9_block_28,VERIFIED_FULL,0.0040078267041313,9.332891813013938e-08,64.0,1024.0,20.0,False,5.0,pooled,,,,,,,18.0,20.0,intphys2__ltx__ltx_2b_0_9_8_distilled__linear__slot_8,local optuna_summary.json,different_backbone_ablation/ltx_2b/intphys2/linear/intphys2_probe_linear_ltx_video_ltxv_2b_0_9_8_distilled_20260602T175813Z/layer_noise_0.9_block_28/train/optuna_summary.json,Config recovered from local result datastore; existing non-null values were preserved. LTX JSON normalized: layer is probe slot; depth_layer_id is transformer block.,True,True,True,full_config
IntPhys2,ltx,LTX-Video,LTX-2B,Linear,9,9,9,noise_0.8_block_7,VERIFIED_FULL,0.0021464035477145,4.294315419725004e-05,64.0,1024.0,50.0,False,5.0,pooled,,,,,,,10.0,20.0,intphys2__ltx__ltx_2b_0_9_8_distilled__linear__slot_9,local optuna_summary.json,different_backbone_ablation/ltx_2b/intphys2/linear/intphys2_probe_linear_ltx_video_ltxv_2b_0_9_8_distilled_20260602T175813Z/layer_noise_0.8_block_7/train/optuna_summary.json,Config recovered from local result datastore; existing non-null values were preserved. LTX JSON normalized: layer is probe slot; depth_layer_id is transformer block.,True,True,True,full_config
IntPhys2,ltx,LTX-Video,LTX-2B,Linear,10,10,10,noise_0.8_block_14,VERIFIED_FULL,3.777589722019716e-05,1.7524045089605142e-05,128.0,1024.0,50.0,False,5.0,pooled,,,,,,,13.0,20.0,intphys2__ltx__ltx_2b_0_9_8_distilled__linear__slot_10,local optuna_summary.json,different_backbone_ablation/ltx_2b/intphys2/linear/intphys2_probe_linear_ltx_video_ltxv_2b_0_9_8_distilled_20260602T175813Z/layer_noise_0.8_block_14/train/optuna_summary.json,Config recovered from local result datastore; existing non-null values were preserved. LTX JSON normalized: layer is probe slot; depth_layer_id is transformer block.,True,True,True,full_config
IntPhys2,ltx,LTX-Video,LTX-2B,Linear,11,11,11,noise_0.8_block_21,VERIFIED_FULL,0.0004366473592979,1.2856617791467908e-07,32.0,1024.0,50.0,False,5.0,pooled,,,,,,,4.0,20.0,intphys2__ltx__ltx_2b_0_9_8_distilled__linear__slot_11,local optuna_summary.json,different_backbone_ablation/ltx_2b/intphys2/linear/intphys2_probe_linear_ltx_video_ltxv_2b_0_9_8_distilled_20260602T175813Z/layer_noise_0.8_block_21/train/optuna_summary.json,Config recovered from local result datastore; existing non-null values were preserved. LTX JSON normalized: layer is probe slot; depth_layer_id is transformer block.,True,True,True,full_config
IntPhys2,ltx,LTX-Video,LTX-2B,Linear,12,12,12,noise_0.8_block_28,VERIFIED_FULL,0.0031428808908401,1.879466824163843e-07,256.0,1024.0,100.0,False,5.0,pooled,,,,,,,1.0,20.0,intphys2__ltx__ltx_2b_0_9_8_distilled__linear__slot_12,local optuna_summary.json,different_backbone_ablation/ltx_2b/intphys2/linear/intphys2_probe_linear_ltx_video_ltxv_2b_0_9_8_distilled_20260602T175813Z/layer_noise_0.8_block_28/train/optuna_summary.json,Config recovered from local result datastore; existing non-null values were preserved. LTX JSON normalized: layer is probe slot; depth_layer_id is transformer block.,True,True,True,full_config
IntPhys2,ltx,LTX-Video,LTX-2B,Linear,13,13,13,noise_0.7_block_7,VERIFIED_FULL,0.0004366473592979,1.2856617791467908e-07,32.0,1024.0,50.0,False,5.0,pooled,,,,,,,4.0,20.0,intphys2__ltx__ltx_2b_0_9_8_distilled__linear__slot_13,local optuna_summary.json,different_backbone_ablation/ltx_2b/intphys2/linear/intphys2_probe_linear_ltx_video_ltxv_2b_0_9_8_distilled_20260602T175813Z/layer_noise_0.7_block_7/train/optuna_summary.json,Config recovered from local result datastore; existing non-null values were preserved. LTX JSON normalized: layer is probe slot; depth_layer_id is transformer block.,True,True,True,full_config
IntPhys2,ltx,LTX-Video,LTX-2B,Linear,14,14,14,noise_0.7_block_14,VERIFIED_FULL,0.0067331317028666,2.1525409933729087e-05,32.0,1024.0,500.0,False,5.0,pooled,,,,,,,18.0,20.0,intphys2__ltx__ltx_2b_0_9_8_distilled__linear__slot_14,local optuna_summary.json,different_backbone_ablation/ltx_2b/intphys2/linear/intphys2_probe_linear_ltx_video_ltxv_2b_0_9_8_distilled_20260602T175813Z/layer_noise_0.7_block_14/train/optuna_summary.json,Config recovered from local result datastore; existing non-null values were preserved. LTX JSON normalized: layer is probe slot; depth_layer_id is transformer block.,True,True,True,full_config
IntPhys2,ltx,LTX-Video,LTX-2B,Linear,15,15,15,noise_0.7_block_21,VERIFIED_FULL,0.0001329291894316,0.0050615768887523,32.0,1024.0,2000.0,False,5.0,pooled,,,,,,,0.0,20.0,intphys2__ltx__ltx_2b_0_9_8_distilled__linear__slot_15,local optuna_summary.json,different_backbone_ablation/ltx_2b/intphys2/linear/intphys2_probe_linear_ltx_video_ltxv_2b_0_9_8_distilled_20260602T175813Z/layer_noise_0.7_block_21/train/optuna_summary.json,Config recovered from local result datastore; existing non-null values were preserved. LTX JSON normalized: layer is probe slot; depth_layer_id is transformer block.,True,True,True,full_config
IntPhys2,ltx,LTX-Video,LTX-2B,Linear,16,16,16,noise_0.7_block_28,VERIFIED_FULL,0.0001329291894316,0.0050615768887523,32.0,1024.0,2000.0,False,5.0,pooled,,,,,,,0.0,20.0,intphys2__ltx__ltx_2b_0_9_8_distilled__linear__slot_16,local optuna_summary.json,different_backbone_ablation/ltx_2b/intphys2/linear/intphys2_probe_linear_ltx_video_ltxv_2b_0_9_8_distilled_20260602T175813Z/layer_noise_0.7_block_28/train/optuna_summary.json,Config recovered from local result datastore; existing non-null values were preserved. LTX JSON normalized: layer is probe slot; depth_layer_id is transformer block.,True,True,True,full_config
IntPhys2,ltx,LTX-Video,LTX-2B,Linear,17,17,17,noise_0.6_block_7,VERIFIED_FULL,0.0031428808908401,1.879466824163843e-07,256.0,1024.0,100.0,False,5.0,pooled,,,,,,,1.0,20.0,intphys2__ltx__ltx_2b_0_9_8_distilled__linear__slot_17,local optuna_summary.json,different_backbone_ablation/ltx_2b/intphys2/linear/intphys2_probe_linear_ltx_video_ltxv_2b_0_9_8_distilled_20260602T175813Z/layer_noise_0.6_block_7/train/optuna_summary.json,Config recovered from local result datastore; existing non-null values were preserved. LTX JSON normalized: layer is probe slot; depth_layer_id is transformer block.,True,True,True,full_config
IntPhys2,ltx,LTX-Video,LTX-2B,Linear,18,18,18,noise_0.6_block_14,VERIFIED_FULL,0.0002334586407601,0.0005141096648805,128.0,1024.0,1000.0,False,5.0,pooled,,,,,,,2.0,20.0,intphys2__ltx__ltx_2b_0_9_8_distilled__linear__slot_18,local optuna_summary.json,different_backbone_ablation/ltx_2b/intphys2/linear/intphys2_probe_linear_ltx_video_ltxv_2b_0_9_8_distilled_20260602T175813Z/layer_noise_0.6_block_14/train/optuna_summary.json,Config recovered from local result datastore; existing non-null values were preserved. LTX JSON normalized: layer is probe slot; depth_layer_id is transformer block.,True,True,True,full_config
IntPhys2,ltx,LTX-Video,LTX-2B,Linear,19,19,19,noise_0.6_block_21,VERIFIED_FULL,0.0001329291894316,0.0050615768887523,32.0,1024.0,2000.0,False,5.0,pooled,,,,,,,0.0,20.0,intphys2__ltx__ltx_2b_0_9_8_distilled__linear__slot_19,local optuna_summary.json,different_backbone_ablation/ltx_2b/intphys2/linear/intphys2_probe_linear_ltx_video_ltxv_2b_0_9_8_distilled_20260602T175813Z/layer_noise_0.6_block_21/train/optuna_summary.json,Config recovered from local result datastore; existing non-null values were preserved. LTX JSON normalized: layer is probe slot; depth_layer_id is transformer block.,True,True,True,full_config
IntPhys2,ltx,LTX-Video,LTX-2B,Linear,20,20,20,noise_0.6_block_28,VERIFIED_FULL,0.0079856348972815,6.099825856592939e-06,128.0,1024.0,20.0,False,5.0,pooled,,,,,,,17.0,20.0,intphys2__ltx__ltx_2b_0_9_8_distilled__linear__slot_20,local optuna_summary.json,different_backbone_ablation/ltx_2b/intphys2/linear/intphys2_probe_linear_ltx_video_ltxv_2b_0_9_8_distilled_20260602T175813Z/layer_noise_0.6_block_28/train/optuna_summary.json,Config recovered from local result datastore; existing non-null values were preserved. LTX JSON normalized: layer is probe slot; depth_layer_id is transformer block.,True,True,True,full_config
IntPhys2,ltx,LTX-Video,LTX-2B,Linear,21,21,21,noise_0.5_block_7,VERIFIED_FULL,0.0004366473592979,1.2856617791467908e-07,32.0,1024.0,50.0,False,5.0,pooled,,,,,,,4.0,20.0,intphys2__ltx__ltx_2b_0_9_8_distilled__linear__slot_21,local optuna_summary.json,different_backbone_ablation/ltx_2b/intphys2/linear/intphys2_probe_linear_ltx_video_ltxv_2b_0_9_8_distilled_20260602T175813Z/layer_noise_0.5_block_7/train/optuna_summary.json,Config recovered from local result datastore; existing non-null values were preserved. LTX JSON normalized: layer is probe slot; depth_layer_id is transformer block.,True,True,True,full_config
IntPhys2,ltx,LTX-Video,LTX-2B,Linear,22,22,22,noise_0.5_block_14,VERIFIED_FULL,0.0002334586407601,0.0005141096648805,128.0,1024.0,1000.0,False,5.0,pooled,,,,,,,2.0,20.0,intphys2__ltx__ltx_2b_0_9_8_distilled__linear__slot_22,local optuna_summary.json,different_backbone_ablation/ltx_2b/intphys2/linear/intphys2_probe_linear_ltx_video_ltxv_2b_0_9_8_distilled_20260602T175813Z/layer_noise_0.5_block_14/train/optuna_summary.json,Config recovered from local result datastore; existing non-null values were preserved. LTX JSON normalized: layer is probe slot; depth_layer_id is transformer block.,True,True,True,full_config
IntPhys2,ltx,LTX-Video,LTX-2B,Linear,23,23,23,noise_0.5_block_21,VERIFIED_FULL,3.289343140185841e-05,0.003370476159478,32.0,1024.0,50.0,False,5.0,pooled,,,,,,,13.0,20.0,intphys2__ltx__ltx_2b_0_9_8_distilled__linear__slot_23,local optuna_summary.json,different_backbone_ablation/ltx_2b/intphys2/linear/intphys2_probe_linear_ltx_video_ltxv_2b_0_9_8_distilled_20260602T175813Z/layer_noise_0.5_block_21/train/optuna_summary.json,Config recovered from local result datastore; existing non-null values were preserved. LTX JSON normalized: layer is probe slot; depth_layer_id is transformer block.,True,True,True,full_config
IntPhys2,ltx,LTX-Video,LTX-2B,Linear,24,24,24,noise_0.5_block_28,VERIFIED_FULL,0.0002334586407601,0.0005141096648805,128.0,1024.0,1000.0,False,5.0,pooled,,,,,,,2.0,20.0,intphys2__ltx__ltx_2b_0_9_8_distilled__linear__slot_24,local optuna_summary.json,different_backbone_ablation/ltx_2b/intphys2/linear/intphys2_probe_linear_ltx_video_ltxv_2b_0_9_8_distilled_20260602T175813Z/layer_noise_0.5_block_28/train/optuna_summary.json,Config recovered from local result datastore; existing non-null values were preserved. LTX JSON normalized: layer is probe slot; depth_layer_id is transformer block.,True,True,True,full_config
IntPhys2,ltx,LTX-Video,LTX-2B,Linear,25,25,25,noise_0.4_block_7,VERIFIED_FULL,8.569331925053983e-05,8.93511059033186e-07,128.0,1024.0,1000.0,False,5.0,pooled,,,,,,,7.0,20.0,intphys2__ltx__ltx_2b_0_9_8_distilled__linear__slot_25,local optuna_summary.json,different_backbone_ablation/ltx_2b/intphys2/linear/intphys2_probe_linear_ltx_video_ltxv_2b_0_9_8_distilled_20260602T175813Z/layer_noise_0.4_block_7/train/optuna_summary.json,Config recovered from local result datastore; existing non-null values were preserved. LTX JSON normalized: layer is probe slot; depth_layer_id is transformer block.,True,True,True,full_config
IntPhys2,ltx,LTX-Video,LTX-2B,Linear,26,26,26,noise_0.4_block_14,VERIFIED_FULL,0.0001329291894316,0.0050615768887523,32.0,1024.0,2000.0,False,5.0,pooled,,,,,,,0.0,20.0,intphys2__ltx__ltx_2b_0_9_8_distilled__linear__slot_26,local optuna_summary.json,different_backbone_ablation/ltx_2b/intphys2/linear/intphys2_probe_linear_ltx_video_ltxv_2b_0_9_8_distilled_20260602T175813Z/layer_noise_0.4_block_14/train/optuna_summary.json,Config recovered from local result datastore; existing non-null values were preserved. LTX JSON normalized: layer is probe slot; depth_layer_id is transformer block.,True,True,True,full_config
IntPhys2,ltx,LTX-Video,LTX-2B,Linear,27,27,27,noise_0.4_block_21,VERIFIED_FULL,0.0021464035477145,4.294315419725004e-05,64.0,1024.0,50.0,False,5.0,pooled,,,,,,,10.0,20.0,intphys2__ltx__ltx_2b_0_9_8_distilled__linear__slot_27,local optuna_summary.json,different_backbone_ablation/ltx_2b/intphys2/linear/intphys2_probe_linear_ltx_video_ltxv_2b_0_9_8_distilled_20260602T175813Z/layer_noise_0.4_block_21/train/optuna_summary.json,Config recovered from local result datastore; existing non-null values were preserved. LTX JSON normalized: layer is probe slot; depth_layer_id is transformer block.,True,True,True,full_config
IntPhys2,ltx,LTX-Video,LTX-2B,Linear,28,28,28,noise_0.4_block_28,VERIFIED_FULL,8.569331925053983e-05,8.93511059033186e-07,128.0,1024.0,1000.0,False,5.0,pooled,,,,,,,7.0,20.0,intphys2__ltx__ltx_2b_0_9_8_distilled__linear__slot_28,local optuna_summary.json,different_backbone_ablation/ltx_2b/intphys2/linear/intphys2_probe_linear_ltx_video_ltxv_2b_0_9_8_distilled_20260602T175813Z/layer_noise_0.4_block_28/train/optuna_summary.json,Config recovered from local result datastore; existing non-null values were preserved. LTX JSON normalized: layer is probe slot; depth_layer_id is transformer block.,True,True,True,full_config
IntPhys2,ltx,LTX-Video,LTX-2B,Linear,29,29,29,noise_0.3_block_7,VERIFIED_FULL,5.420818643180641e-05,2.1525409933729087e-05,32.0,1024.0,1000.0,False,5.0,pooled,,,,,,,18.0,20.0,intphys2__ltx__ltx_2b_0_9_8_distilled__linear__slot_29,local optuna_summary.json,different_backbone_ablation/ltx_2b/intphys2/linear/intphys2_probe_linear_ltx_video_ltxv_2b_0_9_8_distilled_20260602T175813Z/layer_noise_0.3_block_7/train/optuna_summary.json,Config recovered from local result datastore; existing non-null values were preserved. LTX JSON normalized: layer is probe slot; depth_layer_id is transformer block.,True,True,True,full_config
IntPhys2,ltx,LTX-Video,LTX-2B,Linear,30,30,30,noise_0.3_block_14,VERIFIED_FULL,0.0040127122414323,3.1849170502899925e-05,64.0,1024.0,2000.0,False,5.0,pooled,,,,,,,12.0,20.0,intphys2__ltx__ltx_2b_0_9_8_distilled__linear__slot_30,local optuna_summary.json,different_backbone_ablation/ltx_2b/intphys2/linear/intphys2_probe_linear_ltx_video_ltxv_2b_0_9_8_distilled_20260602T175813Z/layer_noise_0.3_block_14/train/optuna_summary.json,Config recovered from local result datastore; existing non-null values were preserved. LTX JSON normalized: layer is probe slot; depth_layer_id is transformer block.,True,True,True,full_config
IntPhys2,ltx,LTX-Video,LTX-2B,Linear,31,31,31,noise_0.3_block_21,VERIFIED_FULL,1.0388823104027935e-05,0.0007812113973534,128.0,1024.0,100.0,False,5.0,pooled,,,,,,,6.0,20.0,intphys2__ltx__ltx_2b_0_9_8_distilled__linear__slot_31,local optuna_summary.json,different_backbone_ablation/ltx_2b/intphys2/linear/intphys2_probe_linear_ltx_video_ltxv_2b_0_9_8_distilled_20260602T175813Z/layer_noise_0.3_block_21/train/optuna_summary.json,Config recovered from local result datastore; existing non-null values were preserved. LTX JSON normalized: layer is probe slot; depth_layer_id is transformer block.,True,True,True,full_config
IntPhys2,ltx,LTX-Video,LTX-2B,Linear,32,32,32,noise_0.3_block_28,VERIFIED_FULL,1.0388823104027935e-05,0.0007812113973534,128.0,1024.0,100.0,False,5.0,pooled,,,,,,,6.0,20.0,intphys2__ltx__ltx_2b_0_9_8_distilled__linear__slot_32,local optuna_summary.json,different_backbone_ablation/ltx_2b/intphys2/linear/intphys2_probe_linear_ltx_video_ltxv_2b_0_9_8_distilled_20260602T175813Z/layer_noise_0.3_block_28/train/optuna_summary.json,Config recovered from local result datastore; existing non-null values were preserved. LTX JSON normalized: layer is probe slot; depth_layer_id is transformer block.,True,True,True,full_config
IntPhys2,ltx,LTX-Video,LTX-2B,Linear,33,33,33,noise_0.2_block_7,VERIFIED_FULL,0.0008713797512294,5.651113946974228e-06,32.0,1024.0,20.0,False,5.0,pooled,,,,,,,14.0,20.0,intphys2__ltx__ltx_2b_0_9_8_distilled__linear__slot_33,local optuna_summary.json,different_backbone_ablation/ltx_2b/intphys2/linear/intphys2_probe_linear_ltx_video_ltxv_2b_0_9_8_distilled_20260602T175813Z/layer_noise_0.2_block_7/train/optuna_summary.json,Config recovered from local result datastore; existing non-null values were preserved. LTX JSON normalized: layer is probe slot; depth_layer_id is transformer block.,True,True,True,full_config
IntPhys2,ltx,LTX-Video,LTX-2B,Linear,34,34,34,noise_0.2_block_14,VERIFIED_FULL,0.0021464035477145,0.0039552323360892,64.0,1024.0,2000.0,False,5.0,pooled,,,,,,,10.0,20.0,intphys2__ltx__ltx_2b_0_9_8_distilled__linear__slot_34,local optuna_summary.json,different_backbone_ablation/ltx_2b/intphys2/linear/intphys2_probe_linear_ltx_video_ltxv_2b_0_9_8_distilled_20260602T175813Z/layer_noise_0.2_block_14/train/optuna_summary.json,Config recovered from local result datastore; existing non-null values were preserved. LTX JSON normalized: layer is probe slot; depth_layer_id is transformer block.,True,True,True,full_config
IntPhys2,ltx,LTX-Video,LTX-2B,Linear,35,35,35,noise_0.2_block_21,VERIFIED_FULL,0.0020762830177901,1.5140768113540122e-07,64.0,1024.0,50.0,False,5.0,pooled,,,,,,,11.0,20.0,intphys2__ltx__ltx_2b_0_9_8_distilled__linear__slot_35,local optuna_summary.json,different_backbone_ablation/ltx_2b/intphys2/linear/intphys2_probe_linear_ltx_video_ltxv_2b_0_9_8_distilled_20260602T175813Z/layer_noise_0.2_block_21/train/optuna_summary.json,Config recovered from local result datastore; existing non-null values were preserved. LTX JSON normalized: layer is probe slot; depth_layer_id is transformer block.,True,True,True,full_config
IntPhys2,ltx,LTX-Video,LTX-2B,Linear,36,36,36,noise_0.2_block_28,VERIFIED_FULL,4.857295179217165e-05,2.8965395242758635e-08,128.0,1024.0,1000.0,False,5.0,pooled,,,,,,,9.0,20.0,intphys2__ltx__ltx_2b_0_9_8_distilled__linear__slot_36,local optuna_summary.json,different_backbone_ablation/ltx_2b/intphys2/linear/intphys2_probe_linear_ltx_video_ltxv_2b_0_9_8_distilled_20260602T175813Z/layer_noise_0.2_block_28/train/optuna_summary.json,Config recovered from local result datastore; existing non-null values were preserved. LTX JSON normalized: layer is probe slot; depth_layer_id is transformer block.,True,True,True,full_config
IntPhys2,ltx,LTX-Video,LTX-2B,Linear,37,37,37,noise_0.1_block_7,VERIFIED_FULL,8.200518402245827e-05,3.855073690026178e-08,32.0,1024.0,50.0,False,5.0,pooled,,,,,,,3.0,20.0,intphys2__ltx__ltx_2b_0_9_8_distilled__linear__slot_37,local optuna_summary.json,different_backbone_ablation/ltx_2b/intphys2/linear/intphys2_probe_linear_ltx_video_ltxv_2b_0_9_8_distilled_20260602T175813Z/layer_noise_0.1_block_7/train/optuna_summary.json,Config recovered from local result datastore; existing non-null values were preserved. LTX JSON normalized: layer is probe slot; depth_layer_id is transformer block.,True,True,True,full_config
IntPhys2,ltx,LTX-Video,LTX-2B,Linear,38,38,38,noise_0.1_block_14,VERIFIED_FULL,1.0388823104027935e-05,0.0007812113973534,128.0,1024.0,100.0,False,5.0,pooled,,,,,,,6.0,20.0,intphys2__ltx__ltx_2b_0_9_8_distilled__linear__slot_38,local optuna_summary.json,different_backbone_ablation/ltx_2b/intphys2/linear/intphys2_probe_linear_ltx_video_ltxv_2b_0_9_8_distilled_20260602T175813Z/layer_noise_0.1_block_14/train/optuna_summary.json,Config recovered from local result datastore; existing non-null values were preserved. LTX JSON normalized: layer is probe slot; depth_layer_id is transformer block.,True,True,True,full_config
IntPhys2,ltx,LTX-Video,LTX-2B,Linear,39,39,39,noise_0.1_block_21,VERIFIED_FULL,0.0031428808908401,1.879466824163843e-07,256.0,1024.0,100.0,False,5.0,pooled,,,,,,,1.0,20.0,intphys2__ltx__ltx_2b_0_9_8_distilled__linear__slot_39,local optuna_summary.json,different_backbone_ablation/ltx_2b/intphys2/linear/intphys2_probe_linear_ltx_video_ltxv_2b_0_9_8_distilled_20260602T175813Z/layer_noise_0.1_block_21/train/optuna_summary.json,Config recovered from local result datastore; existing non-null values were preserved. LTX JSON normalized: layer is probe slot; depth_layer_id is transformer block.,True,True,True,full_config
IntPhys2,ltx,LTX-Video,LTX-2B,Linear,40,40,40,noise_0.1_block_28,VERIFIED_FULL,0.0031428808908401,1.879466824163843e-07,256.0,1024.0,100.0,False,5.0,pooled,,,,,,,1.0,20.0,intphys2__ltx__ltx_2b_0_9_8_distilled__linear__slot_40,local optuna_summary.json,different_backbone_ablation/ltx_2b/intphys2/linear/intphys2_probe_linear_ltx_video_ltxv_2b_0_9_8_distilled_20260602T175813Z/layer_noise_0.1_block_28/train/optuna_summary.json,Config recovered from local result datastore; existing non-null values were preserved. LTX JSON normalized: layer is probe slot; depth_layer_id is transformer block.,True,True,True,full_config
IntPhys2,ltx,LTX-Video,LTX-2B,MLP,1,1,1,noise_1.0_block_7,VERIFIED_FULL,0.0001329291894316,0.0050615768887523,32.0,1024.0,2000.0,False,5.0,pooled,[256],0.2159725093210578,,,,,0.0,20.0,intphys2__ltx__ltx_2b_0_9_8_distilled__mlp__slot_1,local optuna_summary.json,different_backbone_ablation/ltx_2b/intphys2/mlp/intphys2_probe_mlp_ltx_video_ltxv_2b_0_9_8_distilled_20260602T162801Z/layer_noise_1.0_block_7/train/optuna_summary.json,Config recovered from local result datastore; existing non-null values were preserved. LTX JSON normalized: layer is probe slot; depth_layer_id is transformer block.,True,True,True,full_config
IntPhys2,ltx,LTX-Video,LTX-2B,MLP,2,2,2,noise_1.0_block_14,VERIFIED_FULL,0.0001329291894316,0.0050615768887523,32.0,1024.0,2000.0,False,5.0,pooled,[256],0.2159725093210578,,,,,0.0,20.0,intphys2__ltx__ltx_2b_0_9_8_distilled__mlp__slot_2,local optuna_summary.json,different_backbone_ablation/ltx_2b/intphys2/mlp/intphys2_probe_mlp_ltx_video_ltxv_2b_0_9_8_distilled_20260602T162801Z/layer_noise_1.0_block_14/train/optuna_summary.json,Config recovered from local result datastore; existing non-null values were preserved. LTX JSON normalized: layer is probe slot; depth_layer_id is transformer block.,True,True,True,full_config
IntPhys2,ltx,LTX-Video,LTX-2B,MLP,3,3,3,noise_1.0_block_21,VERIFIED_FULL,0.0001329291894316,0.0050615768887523,32.0,1024.0,2000.0,False,5.0,pooled,[256],0.2159725093210578,,,,,0.0,20.0,intphys2__ltx__ltx_2b_0_9_8_distilled__mlp__slot_3,local optuna_summary.json,different_backbone_ablation/ltx_2b/intphys2/mlp/intphys2_probe_mlp_ltx_video_ltxv_2b_0_9_8_distilled_20260602T162801Z/layer_noise_1.0_block_21/train/optuna_summary.json,Config recovered from local result datastore; existing non-null values were preserved. LTX JSON normalized: layer is probe slot; depth_layer_id is transformer block.,True,True,True,full_config
IntPhys2,ltx,LTX-Video,LTX-2B,MLP,4,4,4,noise_1.0_block_28,VERIFIED_FULL,0.0001329291894316,0.0050615768887523,32.0,1024.0,2000.0,False,5.0,pooled,[256],0.2159725093210578,,,,,0.0,20.0,intphys2__ltx__ltx_2b_0_9_8_distilled__mlp__slot_4,local optuna_summary.json,different_backbone_ablation/ltx_2b/intphys2/mlp/intphys2_probe_mlp_ltx_video_ltxv_2b_0_9_8_distilled_20260602T162801Z/layer_noise_1.0_block_28/train/optuna_summary.json,Config recovered from local result datastore; existing non-null values were preserved. LTX JSON normalized: layer is probe slot; depth_layer_id is transformer block.,True,True,True,full_config
IntPhys2,ltx,LTX-Video,LTX-2B,MLP,5,5,5,noise_0.9_block_7,VERIFIED_FULL,7.476312062252303e-05,4.689400963537693e-05,256.0,1024.0,20.0,False,5.0,pooled,"[512,256]",0.0488360570031919,,,,,1.0,20.0,intphys2__ltx__ltx_2b_0_9_8_distilled__mlp__slot_5,local optuna_summary.json,different_backbone_ablation/ltx_2b/intphys2/mlp/intphys2_probe_mlp_ltx_video_ltxv_2b_0_9_8_distilled_20260602T162801Z/layer_noise_0.9_block_7/train/optuna_summary.json,Config recovered from local result datastore; existing non-null values were preserved. LTX JSON normalized: layer is probe slot; depth_layer_id is transformer block.,True,True,True,full_config
IntPhys2,ltx,LTX-Video,LTX-2B,MLP,6,6,6,noise_0.9_block_14,VERIFIED_FULL,0.0085730058493664,8.7853599666885e-05,64.0,1024.0,20.0,False,5.0,pooled,"[512,256]",0.2199746022641412,,,,,11.0,20.0,intphys2__ltx__ltx_2b_0_9_8_distilled__mlp__slot_6,local optuna_summary.json,different_backbone_ablation/ltx_2b/intphys2/mlp/intphys2_probe_mlp_ltx_video_ltxv_2b_0_9_8_distilled_20260602T171549Z/layer_noise_0.9_block_14/train/optuna_summary.json,Config recovered from local result datastore; existing non-null values were preserved. LTX JSON normalized: layer is probe slot; depth_layer_id is transformer block.,True,True,True,full_config
IntPhys2,ltx,LTX-Video,LTX-2B,MLP,7,7,7,noise_0.9_block_21,VERIFIED_FULL,7.476312062252303e-05,4.689400963537693e-05,256.0,1024.0,20.0,False,5.0,pooled,"[512,256]",0.0488360570031919,,,,,1.0,20.0,intphys2__ltx__ltx_2b_0_9_8_distilled__mlp__slot_7,local optuna_summary.json,different_backbone_ablation/ltx_2b/intphys2/mlp/intphys2_probe_mlp_ltx_video_ltxv_2b_0_9_8_distilled_20260602T171549Z/layer_noise_0.9_block_21/train/optuna_summary.json,Config recovered from local result datastore; existing non-null values were preserved. LTX JSON normalized: layer is probe slot; depth_layer_id is transformer block.,True,True,True,full_config
IntPhys2,ltx,LTX-Video,LTX-2B,MLP,8,8,8,noise_0.9_block_28,VERIFIED_FULL,0.0003537955057145,2.1024850103894267e-07,32.0,1024.0,2000.0,False,5.0,pooled,"[1024,512,256]",0.4501945220447684,,,,,16.0,20.0,intphys2__ltx__ltx_2b_0_9_8_distilled__mlp__slot_8,local optuna_summary.json,different_backbone_ablation/ltx_2b/intphys2/mlp/intphys2_probe_mlp_ltx_video_ltxv_2b_0_9_8_distilled_20260602T171549Z/layer_noise_0.9_block_28/train/optuna_summary.json,Config recovered from local result datastore; existing non-null values were preserved. LTX JSON normalized: layer is probe slot; depth_layer_id is transformer block.,True,True,True,full_config
IntPhys2,ltx,LTX-Video,LTX-2B,MLP,9,9,9,noise_0.8_block_7,VERIFIED_FULL,1.0788661515919544e-05,2.7514065250989604e-07,64.0,1024.0,50.0,False,5.0,pooled,"[512,256]",0.2912554411220166,,,,,18.0,20.0,intphys2__ltx__ltx_2b_0_9_8_distilled__mlp__slot_9,local optuna_summary.json,different_backbone_ablation/ltx_2b/intphys2/mlp/intphys2_probe_mlp_ltx_video_ltxv_2b_0_9_8_distilled_20260602T171549Z/layer_noise_0.8_block_7/train/optuna_summary.json,Config recovered from local result datastore; existing non-null values were preserved. LTX JSON normalized: layer is probe slot; depth_layer_id is transformer block.,True,True,True,full_config
IntPhys2,ltx,LTX-Video,LTX-2B,MLP,10,10,10,noise_0.8_block_14,VERIFIED_FULL,0.0001329291894316,0.0050615768887523,32.0,1024.0,2000.0,False,5.0,pooled,[256],0.2159725093210578,,,,,0.0,20.0,intphys2__ltx__ltx_2b_0_9_8_distilled__mlp__slot_10,local optuna_summary.json,different_backbone_ablation/ltx_2b/intphys2/mlp/intphys2_probe_mlp_ltx_video_ltxv_2b_0_9_8_distilled_20260602T171549Z/layer_noise_0.8_block_14/train/optuna_summary.json,Config recovered from local result datastore; existing non-null values were preserved. LTX JSON normalized: layer is probe slot; depth_layer_id is transformer block.,True,True,True,full_config
IntPhys2,ltx,LTX-Video,LTX-2B,MLP,11,11,11,noise_0.8_block_21,VERIFIED_FULL,0.0026909051080242,4.785704198453071e-07,64.0,1024.0,100.0,False,5.0,pooled,[1024],0.4990128545456467,,,,,15.0,20.0,intphys2__ltx__ltx_2b_0_9_8_distilled__mlp__slot_11,local optuna_summary.json,different_backbone_ablation/ltx_2b/intphys2/mlp/intphys2_probe_mlp_ltx_video_ltxv_2b_0_9_8_distilled_20260602T171552Z/layer_noise_0.8_block_21/train/optuna_summary.json,Config recovered from local result datastore; existing non-null values were preserved. LTX JSON normalized: layer is probe slot; depth_layer_id is transformer block.,True,True,True,full_config
IntPhys2,ltx,LTX-Video,LTX-2B,MLP,12,12,12,noise_0.8_block_28,VERIFIED_FULL,0.0026598032438685,8.803810947733266e-05,64.0,1024.0,500.0,False,5.0,pooled,[512],0.2912554411220166,,,,,18.0,20.0,intphys2__ltx__ltx_2b_0_9_8_distilled__mlp__slot_12,local optuna_summary.json,different_backbone_ablation/ltx_2b/intphys2/mlp/intphys2_probe_mlp_ltx_video_ltxv_2b_0_9_8_distilled_20260602T171552Z/layer_noise_0.8_block_28/train/optuna_summary.json,Config recovered from local result datastore; existing non-null values were preserved. LTX JSON normalized: layer is probe slot; depth_layer_id is transformer block.,True,True,True,full_config
IntPhys2,ltx,LTX-Video,LTX-2B,MLP,13,13,13,noise_0.7_block_7,VERIFIED_FULL,3.80057103470028e-05,0.0007718639756887,64.0,1024.0,50.0,False,5.0,pooled,"[512,256]",0.2912554411220166,,,,,18.0,20.0,intphys2__ltx__ltx_2b_0_9_8_distilled__mlp__slot_13,local optuna_summary.json,different_backbone_ablation/ltx_2b/intphys2/mlp/intphys2_probe_mlp_ltx_video_ltxv_2b_0_9_8_distilled_20260602T171552Z/layer_noise_0.7_block_7/train/optuna_summary.json,Config recovered from local result datastore; existing non-null values were preserved. LTX JSON normalized: layer is probe slot; depth_layer_id is transformer block.,True,True,True,full_config
IntPhys2,ltx,LTX-Video,LTX-2B,MLP,14,14,14,noise_0.7_block_14,VERIFIED_FULL,0.0003961817591154,0.0001412846201041,256.0,1024.0,100.0,False,5.0,pooled,[1024],0.160152592540142,,,,,13.0,20.0,intphys2__ltx__ltx_2b_0_9_8_distilled__mlp__slot_14,local optuna_summary.json,different_backbone_ablation/ltx_2b/intphys2/mlp/intphys2_probe_mlp_ltx_video_ltxv_2b_0_9_8_distilled_20260602T171552Z/layer_noise_0.7_block_14/train/optuna_summary.json,Config recovered from local result datastore; existing non-null values were preserved. LTX JSON normalized: layer is probe slot; depth_layer_id is transformer block.,True,True,True,full_config
IntPhys2,ltx,LTX-Video,LTX-2B,MLP,15,15,15,noise_0.7_block_21,VERIFIED_FULL,0.0011290133559092,4.3743644399390684e-06,256.0,1024.0,50.0,False,5.0,pooled,[256],0.0442462510259597,,,,,2.0,20.0,intphys2__ltx__ltx_2b_0_9_8_distilled__mlp__slot_15,local optuna_summary.json,different_backbone_ablation/ltx_2b/intphys2/mlp/intphys2_probe_mlp_ltx_video_ltxv_2b_0_9_8_distilled_20260602T171552Z/layer_noise_0.7_block_21/train/optuna_summary.json,Config recovered from local result datastore; existing non-null values were preserved. LTX JSON normalized: layer is probe slot; depth_layer_id is transformer block.,True,True,True,full_config
IntPhys2,ltx,LTX-Video,LTX-2B,MLP,16,16,16,noise_0.7_block_28,VERIFIED_FULL,0.0003029610442821,1.3689795993592184e-05,32.0,1024.0,500.0,False,5.0,pooled,"[1024,512,1024]",0.4040601897822084,,,,,5.0,20.0,intphys2__ltx__ltx_2b_0_9_8_distilled__mlp__slot_16,local optuna_summary.json,different_backbone_ablation/ltx_2b/intphys2/mlp/intphys2_probe_mlp_ltx_video_ltxv_2b_0_9_8_distilled_20260602T171552Z/layer_noise_0.7_block_28/train/optuna_summary.json,Config recovered from local result datastore; existing non-null values were preserved. LTX JSON normalized: layer is probe slot; depth_layer_id is transformer block.,True,True,True,full_config
IntPhys2,ltx,LTX-Video,LTX-2B,MLP,17,17,17,noise_0.6_block_7,VERIFIED_FULL,0.0068455702672729,0.0002136387597848,64.0,1024.0,20.0,False,5.0,pooled,"[512,256]",0.228390298477393,,,,,10.0,20.0,intphys2__ltx__ltx_2b_0_9_8_distilled__mlp__slot_17,local optuna_summary.json,different_backbone_ablation/ltx_2b/intphys2/mlp/intphys2_probe_mlp_ltx_video_ltxv_2b_0_9_8_distilled_20260602T171552Z/layer_noise_0.6_block_7/train/optuna_summary.json,Config recovered from local result datastore; existing non-null values were preserved. LTX JSON normalized: layer is probe slot; depth_layer_id is transformer block.,True,True,True,full_config
IntPhys2,ltx,LTX-Video,LTX-2B,MLP,18,18,18,noise_0.6_block_14,VERIFIED_FULL,0.0002092430331581,0.0074583969888723,32.0,1024.0,2000.0,False,5.0,pooled,"[512,256]",0.0040256369180161,,,,,14.0,20.0,intphys2__ltx__ltx_2b_0_9_8_distilled__mlp__slot_18,local optuna_summary.json,different_backbone_ablation/ltx_2b/intphys2/mlp/intphys2_probe_mlp_ltx_video_ltxv_2b_0_9_8_distilled_20260602T171552Z/layer_noise_0.6_block_14/train/optuna_summary.json,Config recovered from local result datastore; existing non-null values were preserved. LTX JSON normalized: layer is probe slot; depth_layer_id is transformer block.,True,True,True,full_config
IntPhys2,ltx,LTX-Video,LTX-2B,MLP,19,19,19,noise_0.6_block_21,VERIFIED_FULL,1.1524054506099163e-05,0.0001758820685657,64.0,1024.0,100.0,False,5.0,pooled,"[1024,512,256]",0.1901464801259052,,,,,10.0,20.0,intphys2__ltx__ltx_2b_0_9_8_distilled__mlp__slot_19,local optuna_summary.json,different_backbone_ablation/ltx_2b/intphys2/mlp/intphys2_probe_mlp_ltx_video_ltxv_2b_0_9_8_distilled_20260602T171552Z/layer_noise_0.6_block_21/train/optuna_summary.json,Config recovered from local result datastore; existing non-null values were preserved. LTX JSON normalized: layer is probe slot; depth_layer_id is transformer block.,True,True,True,full_config
IntPhys2,ltx,LTX-Video,LTX-2B,MLP,20,20,20,noise_0.6_block_28,VERIFIED_FULL,2.7207248059486677e-05,8.64403589520682e-06,32.0,1024.0,50.0,False,5.0,pooled,[512],0.3387821809211412,,,,,8.0,20.0,intphys2__ltx__ltx_2b_0_9_8_distilled__mlp__slot_20,local optuna_summary.json,different_backbone_ablation/ltx_2b/intphys2/mlp/intphys2_probe_mlp_ltx_video_ltxv_2b_0_9_8_distilled_20260602T171552Z/layer_noise_0.6_block_28/train/optuna_summary.json,Config recovered from local result datastore; existing non-null values were preserved. LTX JSON normalized: layer is probe slot; depth_layer_id is transformer block.,True,True,True,full_config
IntPhys2,ltx,LTX-Video,LTX-2B,MLP,21,21,21,noise_0.5_block_7,VERIFIED_FULL,7.476312062252303e-05,4.689400963537693e-05,256.0,1024.0,20.0,False,5.0,pooled,"[512,256]",0.0488360570031919,,,,,1.0,20.0,intphys2__ltx__ltx_2b_0_9_8_distilled__mlp__slot_21,local optuna_summary.json,different_backbone_ablation/ltx_2b/intphys2/mlp/intphys2_probe_mlp_ltx_video_ltxv_2b_0_9_8_distilled_20260602T171552Z/layer_noise_0.5_block_7/train/optuna_summary.json,Config recovered from local result datastore; existing non-null values were preserved. LTX JSON normalized: layer is probe slot; depth_layer_id is transformer block.,True,True,True,full_config
IntPhys2,ltx,LTX-Video,LTX-2B,MLP,22,22,22,noise_0.5_block_14,VERIFIED_FULL,7.476312062252303e-05,4.689400963537693e-05,256.0,1024.0,20.0,False,5.0,pooled,"[512,256]",0.0488360570031919,,,,,1.0,20.0,intphys2__ltx__ltx_2b_0_9_8_distilled__mlp__slot_22,local optuna_summary.json,different_backbone_ablation/ltx_2b/intphys2/mlp/intphys2_probe_mlp_ltx_video_ltxv_2b_0_9_8_distilled_20260602T171552Z/layer_noise_0.5_block_14/train/optuna_summary.json,Config recovered from local result datastore; existing non-null values were preserved. LTX JSON normalized: layer is probe slot; depth_layer_id is transformer block.,True,True,True,full_config
IntPhys2,ltx,LTX-Video,LTX-2B,MLP,23,23,23,noise_0.5_block_21,VERIFIED_FULL,0.0044271646762812,1.8455226655292843e-06,32.0,1024.0,50.0,False,5.0,pooled,"[1024,512,256]",0.3263019530958903,,,,,17.0,20.0,intphys2__ltx__ltx_2b_0_9_8_distilled__mlp__slot_23,local optuna_summary.json,different_backbone_ablation/ltx_2b/intphys2/mlp/intphys2_probe_mlp_ltx_video_ltxv_2b_0_9_8_distilled_20260602T171552Z/layer_noise_0.5_block_21/train/optuna_summary.json,Config recovered from local result datastore; existing non-null values were preserved. LTX JSON normalized: layer is probe slot; depth_layer_id is transformer block.,True,True,True,full_config
IntPhys2,ltx,LTX-Video,LTX-2B,MLP,24,24,24,noise_0.5_block_28,VERIFIED_FULL,0.0068455702672729,0.0003789228327101,64.0,1024.0,20.0,False,5.0,pooled,"[1024,512,256]",0.1901464801259052,,,,,10.0,20.0,intphys2__ltx__ltx_2b_0_9_8_distilled__mlp__slot_24,local optuna_summary.json,different_backbone_ablation/ltx_2b/intphys2/mlp/intphys2_probe_mlp_ltx_video_ltxv_2b_0_9_8_distilled_20260602T171552Z/layer_noise_0.5_block_28/train/optuna_summary.json,Config recovered from local result datastore; existing non-null values were preserved. LTX JSON normalized: layer is probe slot; depth_layer_id is transformer block.,True,True,True,full_config
IntPhys2,ltx,LTX-Video,LTX-2B,MLP,25,25,25,noise_0.4_block_7,VERIFIED_FULL,7.476312062252303e-05,4.689400963537693e-05,256.0,1024.0,20.0,False,5.0,pooled,"[512,256]",0.0488360570031919,,,,,1.0,20.0,intphys2__ltx__ltx_2b_0_9_8_distilled__mlp__slot_25,local optuna_summary.json,different_backbone_ablation/ltx_2b/intphys2/mlp/intphys2_probe_mlp_ltx_video_ltxv_2b_0_9_8_distilled_20260602T171552Z/layer_noise_0.4_block_7/train/optuna_summary.json,Config recovered from local result datastore; existing non-null values were preserved. LTX JSON normalized: layer is probe slot; depth_layer_id is transformer block.,True,True,True,full_config
IntPhys2,ltx,LTX-Video,LTX-2B,MLP,26,26,26,noise_0.4_block_14,VERIFIED_FULL,0.0001881417423349,1.285671298605995e-06,64.0,1024.0,500.0,False,5.0,pooled,"[1024,512,256]",0.18550047872899,,,,,18.0,20.0,intphys2__ltx__ltx_2b_0_9_8_distilled__mlp__slot_26,local optuna_summary.json,different_backbone_ablation/ltx_2b/intphys2/mlp/intphys2_probe_mlp_ltx_video_ltxv_2b_0_9_8_distilled_20260602T171552Z/layer_noise_0.4_block_14/train/optuna_summary.json,Config recovered from local result datastore; existing non-null values were preserved. LTX JSON normalized: layer is probe slot; depth_layer_id is transformer block.,True,True,True,full_config
IntPhys2,ltx,LTX-Video,LTX-2B,MLP,27,27,27,noise_0.4_block_21,VERIFIED_FULL,0.0003029610442821,1.3689795993592184e-05,32.0,1024.0,500.0,False,5.0,pooled,"[1024,512,1024]",0.4040601897822084,,,,,5.0,20.0,intphys2__ltx__ltx_2b_0_9_8_distilled__mlp__slot_27,local optuna_summary.json,different_backbone_ablation/ltx_2b/intphys2/mlp/intphys2_probe_mlp_ltx_video_ltxv_2b_0_9_8_distilled_20260602T171552Z/layer_noise_0.4_block_21/train/optuna_summary.json,Config recovered from local result datastore; existing non-null values were preserved. LTX JSON normalized: layer is probe slot; depth_layer_id is transformer block.,True,True,True,full_config
IntPhys2,ltx,LTX-Video,LTX-2B,MLP,28,28,28,noise_0.4_block_28,VERIFIED_FULL,2.7207248059486677e-05,8.64403589520682e-06,32.0,1024.0,50.0,False,5.0,pooled,[512],0.3387821809211412,,,,,8.0,20.0,intphys2__ltx__ltx_2b_0_9_8_distilled__mlp__slot_28,local optuna_summary.json,different_backbone_ablation/ltx_2b/intphys2/mlp/intphys2_probe_mlp_ltx_video_ltxv_2b_0_9_8_distilled_20260602T171552Z/layer_noise_0.4_block_28/train/optuna_summary.json,Config recovered from local result datastore; existing non-null values were preserved. LTX JSON normalized: layer is probe slot; depth_layer_id is transformer block.,True,True,True,full_config
IntPhys2,ltx,LTX-Video,LTX-2B,MLP,29,29,29,noise_0.3_block_7,VERIFIED_FULL,0.0011290133559092,4.3743644399390684e-06,256.0,1024.0,50.0,False,5.0,pooled,[256],0.0442462510259597,,,,,2.0,20.0,intphys2__ltx__ltx_2b_0_9_8_distilled__mlp__slot_29,local optuna_summary.json,different_backbone_ablation/ltx_2b/intphys2/mlp/intphys2_probe_mlp_ltx_video_ltxv_2b_0_9_8_distilled_20260602T171552Z/layer_noise_0.3_block_7/train/optuna_summary.json,Config recovered from local result datastore; existing non-null values were preserved. LTX JSON normalized: layer is probe slot; depth_layer_id is transformer block.,True,True,True,full_config
IntPhys2,ltx,LTX-Video,LTX-2B,MLP,30,30,30,noise_0.3_block_14,VERIFIED_FULL,0.0002982467698749,0.0002066908417343,256.0,1024.0,2000.0,False,5.0,pooled,[256],0.161379641217495,,,,,13.0,20.0,intphys2__ltx__ltx_2b_0_9_8_distilled__mlp__slot_30,local optuna_summary.json,different_backbone_ablation/ltx_2b/intphys2/mlp/intphys2_probe_mlp_ltx_video_ltxv_2b_0_9_8_distilled_20260602T171552Z/layer_noise_0.3_block_14/train/optuna_summary.json,Config recovered from local result datastore; existing non-null values were preserved. LTX JSON normalized: layer is probe slot; depth_layer_id is transformer block.,True,True,True,full_config
IntPhys2,ltx,LTX-Video,LTX-2B,MLP,31,31,31,noise_0.3_block_21,VERIFIED_FULL,0.0001030019660098,0.0045442082254883,128.0,1024.0,20.0,False,5.0,pooled,"[1024,512,1024]",0.1197809453334862,,,,,7.0,20.0,intphys2__ltx__ltx_2b_0_9_8_distilled__mlp__slot_31,local optuna_summary.json,different_backbone_ablation/ltx_2b/intphys2/mlp/intphys2_probe_mlp_ltx_video_ltxv_2b_0_9_8_distilled_20260602T171553Z/layer_noise_0.3_block_21/train/optuna_summary.json,Config recovered from local result datastore; existing non-null values were preserved. LTX JSON normalized: layer is probe slot; depth_layer_id is transformer block.,True,True,True,full_config
IntPhys2,ltx,LTX-Video,LTX-2B,MLP,32,32,32,noise_0.3_block_28,VERIFIED_FULL,2.8002680028882615e-05,2.942820540562481e-06,256.0,1024.0,50.0,False,5.0,pooled,[256],0.1862750884591987,,,,,19.0,20.0,intphys2__ltx__ltx_2b_0_9_8_distilled__mlp__slot_32,local optuna_summary.json,different_backbone_ablation/ltx_2b/intphys2/mlp/intphys2_probe_mlp_ltx_video_ltxv_2b_0_9_8_distilled_20260602T171553Z/layer_noise_0.3_block_28/train/optuna_summary.json,Config recovered from local result datastore; existing non-null values were preserved. LTX JSON normalized: layer is probe slot; depth_layer_id is transformer block.,True,True,True,full_config
IntPhys2,ltx,LTX-Video,LTX-2B,MLP,33,33,33,noise_0.2_block_7,VERIFIED_FULL,0.0002092430331581,0.0074583969888723,32.0,1024.0,2000.0,False,5.0,pooled,"[512,256]",0.0040256369180161,,,,,14.0,20.0,intphys2__ltx__ltx_2b_0_9_8_distilled__mlp__slot_33,local optuna_summary.json,different_backbone_ablation/ltx_2b/intphys2/mlp/intphys2_probe_mlp_ltx_video_ltxv_2b_0_9_8_distilled_20260602T171553Z/layer_noise_0.2_block_7/train/optuna_summary.json,Config recovered from local result datastore; existing non-null values were preserved. LTX JSON normalized: layer is probe slot; depth_layer_id is transformer block.,True,True,True,full_config
IntPhys2,ltx,LTX-Video,LTX-2B,MLP,34,34,34,noise_0.2_block_14,VERIFIED_FULL,0.0001329291894316,0.0050615768887523,32.0,1024.0,2000.0,False,5.0,pooled,[256],0.2159725093210578,,,,,0.0,20.0,intphys2__ltx__ltx_2b_0_9_8_distilled__mlp__slot_34,local optuna_summary.json,different_backbone_ablation/ltx_2b/intphys2/mlp/intphys2_probe_mlp_ltx_video_ltxv_2b_0_9_8_distilled_20260602T171553Z/layer_noise_0.2_block_14/train/optuna_summary.json,Config recovered from local result datastore; existing non-null values were preserved. LTX JSON normalized: layer is probe slot; depth_layer_id is transformer block.,True,True,True,full_config
IntPhys2,ltx,LTX-Video,LTX-2B,MLP,35,35,35,noise_0.2_block_21,VERIFIED_FULL,0.0003029610442821,1.3689795993592184e-05,32.0,1024.0,500.0,False,5.0,pooled,"[1024,512,1024]",0.4040601897822084,,,,,5.0,20.0,intphys2__ltx__ltx_2b_0_9_8_distilled__mlp__slot_35,local optuna_summary.json,different_backbone_ablation/ltx_2b/intphys2/mlp/intphys2_probe_mlp_ltx_video_ltxv_2b_0_9_8_distilled_20260602T171553Z/layer_noise_0.2_block_21/train/optuna_summary.json,Config recovered from local result datastore; existing non-null values were preserved. LTX JSON normalized: layer is probe slot; depth_layer_id is transformer block.,True,True,True,full_config
IntPhys2,ltx,LTX-Video,LTX-2B,MLP,36,36,36,noise_0.2_block_28,VERIFIED_FULL,1.0788661515919544e-05,0.0007718639756887,32.0,1024.0,100.0,False,5.0,pooled,"[1024,512,256]",0.1731012926087821,,,,,18.0,20.0,intphys2__ltx__ltx_2b_0_9_8_distilled__mlp__slot_36,local optuna_summary.json,different_backbone_ablation/ltx_2b/intphys2/mlp/intphys2_probe_mlp_ltx_video_ltxv_2b_0_9_8_distilled_20260602T171553Z/layer_noise_0.2_block_28/train/optuna_summary.json,Config recovered from local result datastore; existing non-null values were preserved. LTX JSON normalized: layer is probe slot; depth_layer_id is transformer block.,True,True,True,full_config
IntPhys2,ltx,LTX-Video,LTX-2B,MLP,37,37,37,noise_0.1_block_7,VERIFIED_FULL,0.009956055660659,3.1735668424563583e-06,256.0,1024.0,500.0,False,5.0,pooled,[1024],0.3024525412067922,,,,,15.0,20.0,intphys2__ltx__ltx_2b_0_9_8_distilled__mlp__slot_37,local optuna_summary.json,different_backbone_ablation/ltx_2b/intphys2/mlp/intphys2_probe_mlp_ltx_video_ltxv_2b_0_9_8_distilled_20260602T171553Z/layer_noise_0.1_block_7/train/optuna_summary.json,Config recovered from local result datastore; existing non-null values were preserved. LTX JSON normalized: layer is probe slot; depth_layer_id is transformer block.,True,True,True,full_config
IntPhys2,ltx,LTX-Video,LTX-2B,MLP,38,38,38,noise_0.1_block_14,VERIFIED_FULL,0.0001329291894316,0.0050615768887523,32.0,1024.0,2000.0,False,5.0,pooled,[256],0.2159725093210578,,,,,0.0,20.0,intphys2__ltx__ltx_2b_0_9_8_distilled__mlp__slot_38,local optuna_summary.json,different_backbone_ablation/ltx_2b/intphys2/mlp/intphys2_probe_mlp_ltx_video_ltxv_2b_0_9_8_distilled_20260602T171553Z/layer_noise_0.1_block_14/train/optuna_summary.json,Config recovered from local result datastore; existing non-null values were preserved. LTX JSON normalized: layer is probe slot; depth_layer_id is transformer block.,True,True,True,full_config
IntPhys2,ltx,LTX-Video,LTX-2B,MLP,39,39,39,noise_0.1_block_21,VERIFIED_FULL,0.0001329291894316,0.0050615768887523,32.0,1024.0,2000.0,False,5.0,pooled,[256],0.2159725093210578,,,,,0.0,20.0,intphys2__ltx__ltx_2b_0_9_8_distilled__mlp__slot_39,local optuna_summary.json,different_backbone_ablation/ltx_2b/intphys2/mlp/intphys2_probe_mlp_ltx_video_ltxv_2b_0_9_8_distilled_20260602T171553Z/layer_noise_0.1_block_21/train/optuna_summary.json,Config recovered from local result datastore; existing non-null values were preserved. LTX JSON normalized: layer is probe slot; depth_layer_id is transformer block.,True,True,True,full_config
IntPhys2,ltx,LTX-Video,LTX-2B,MLP,40,40,40,noise_0.1_block_28,VERIFIED_FULL,7.476312062252303e-05,4.689400963537693e-05,256.0,1024.0,20.0,False,5.0,pooled,"[512,256]",0.0488360570031919,,,,,1.0,20.0,intphys2__ltx__ltx_2b_0_9_8_distilled__mlp__slot_40,local optuna_summary.json,different_backbone_ablation/ltx_2b/intphys2/mlp/intphys2_probe_mlp_ltx_video_ltxv_2b_0_9_8_distilled_20260602T171553Z/layer_noise_0.1_block_28/train/optuna_summary.json,Config recovered from local result datastore; existing non-null values were preserved. LTX JSON normalized: layer is probe slot; depth_layer_id is transformer block.,True,True,True,full_config
MVP,ltx,LTX-Video,LTX-13B,Attentive,noise_0.6_block_24,noise_0.6_block_24,noise_0.6_block_24,noise_0.6_block_24,MISSING,,,,,,,,,,,,,,,,,,,,No recovered config for this exact layer row.,False,False,False,missing
MVP,ltx,LTX-Video,LTX-13B,Attentive,noise_0.5_block_24,noise_0.5_block_24,noise_0.5_block_24,noise_0.5_block_24,MISSING,,,,,,,,,,,,,,,,,,,,No recovered config for this exact layer row.,False,False,False,missing
MVP,ltx,LTX-Video,LTX-13B,Attentive,noise_0.2_block_24,noise_0.2_block_24,noise_0.2_block_24,noise_0.2_block_24,MISSING,,,,,,,,,,,,,,,,,,,,No recovered config for this exact layer row.,False,False,False,missing
MVP,ltx,LTX-Video,LTX-13B,Attentive,noise_0.1_block_24,noise_0.1_block_24,noise_0.1_block_24,noise_0.1_block_24,MISSING,,,,,,,,,,,,,,,,,,,,No recovered config for this exact layer row.,False,False,False,missing
MVP,ltx,LTX-Video,LTX-13B,Linear,1,1,1,noise_1.0_block_12,MISSING,,,,,,,,,,,,,,,,,,,,No recovered config for this exact layer row.,False,False,False,missing
MVP,ltx,LTX-Video,LTX-13B,Linear,2,2,2,noise_1.0_block_24,MISSING,,,,,,,,,,,,,,,,,,,,No recovered config for this exact layer row.,False,False,False,missing
MVP,ltx,LTX-Video,LTX-13B,Linear,3,3,3,noise_1.0_block_36,VERIFIED_FULL,0.0001329291894316,0.0050615768887523,32.0,,2000.0,True,5.0,pooled,,,,,,,0.0,20.0,mvp__ltx_video__linear__slot_3,recovered_best_configs.json,output/training/mvp/linear/mvp_ltx_linear_layer_36_22616606.out,Full config recovered from recovered_best_configs.json and matched to current Excel row. LTX JSON normalized: layer is probe slot; depth_layer_id is transformer block.,True,True,True,full_config
MVP,ltx,LTX-Video,LTX-13B,Linear,4,4,4,noise_1.0_block_48,VERIFIED_FULL,0.0001329291894316,0.0050615768887523,32.0,,2000.0,True,5.0,pooled,,,,,,,0.0,20.0,mvp__ltx_video__linear__slot_4,recovered_best_configs.json,output/training/mvp/linear/mvp_ltx_linear_layer_48_22616607.out,Full config recovered from recovered_best_configs.json and matched to current Excel row. LTX JSON normalized: layer is probe slot; depth_layer_id is transformer block.,True,True,True,full_config
MVP,ltx,LTX-Video,LTX-13B,Linear,5,5,5,noise_0.9_block_12,MISSING,,,,,,,,,,,,,,,,,,,,No recovered config for this exact layer row.,False,False,False,missing
MVP,ltx,LTX-Video,LTX-13B,Linear,6,6,6,noise_0.9_block_24,MISSING,,,,,,,,,,,,,,,,,,,,No recovered config for this exact layer row.,False,False,False,missing
MVP,ltx,LTX-Video,LTX-13B,Linear,7,7,7,noise_0.9_block_36,VERIFIED_FULL,0.0021464035477145,4.305396115571913e-05,64.0,,500.0,True,5.0,pooled,,,,,,,10.0,20.0,mvp__ltx_video__linear__slot_7,recovered_best_configs.json,output/training/mvp/linear/mvp_ltx_linear_layer_36_22616606.out,Full config recovered from recovered_best_configs.json and matched to current Excel row. LTX JSON normalized: layer is probe slot; depth_layer_id is transformer block.,True,True,True,full_config
MVP,ltx,LTX-Video,LTX-13B,Linear,8,8,8,noise_0.9_block_48,VERIFIED_FULL,0.0002334586407601,0.0005141096648805,128.0,,1000.0,True,5.0,pooled,,,,,,,2.0,20.0,mvp__ltx_video__linear__slot_8,recovered_best_configs.json,output/training/mvp/linear/mvp_ltx_linear_layer_48_22616607.out,Full config recovered from recovered_best_configs.json and matched to current Excel row. LTX JSON normalized: layer is probe slot; depth_layer_id is transformer block.,True,True,True,full_config
MVP,ltx,LTX-Video,LTX-13B,Linear,9,9,9,noise_0.8_block_12,MISSING,,,,,,,,,,,,,,,,,,,,No recovered config for this exact layer row.,False,False,False,missing
MVP,ltx,LTX-Video,LTX-13B,Linear,10,10,10,noise_0.8_block_24,MISSING,,,,,,,,,,,,,,,,,,,,No recovered config for this exact layer row.,False,False,False,missing
MVP,ltx,LTX-Video,LTX-13B,Linear,11,11,11,noise_0.8_block_36,VERIFIED_FULL,0.0001465655388622,4.247116662617142e-07,32.0,,500.0,True,5.0,pooled,,,,,,,5.0,20.0,mvp__ltx_video__linear__slot_11,recovered_best_configs.json,output/training/mvp/linear/mvp_ltx_linear_layer_36_22616606.out,Full config recovered from recovered_best_configs.json and matched to current Excel row. LTX JSON normalized: layer is probe slot; depth_layer_id is transformer block.,True,True,True,full_config
MVP,ltx,LTX-Video,LTX-13B,Linear,12,12,12,noise_0.8_block_48,VERIFIED_FULL,0.0002334586407601,0.0005141096648805,128.0,,1000.0,True,5.0,pooled,,,,,,,2.0,20.0,mvp__ltx_video__linear__slot_12,recovered_best_configs.json,output/training/mvp/linear/mvp_ltx_linear_layer_48_22616607.out,Full config recovered from recovered_best_configs.json and matched to current Excel row. LTX JSON normalized: layer is probe slot; depth_layer_id is transformer block.,True,True,True,full_config
MVP,ltx,LTX-Video,LTX-13B,Linear,13,13,13,noise_0.7_block_12,MISSING,,,,,,,,,,,,,,,,,,,,No recovered config for this exact layer row.,False,False,False,missing
MVP,ltx,LTX-Video,LTX-13B,Linear,14,14,14,noise_0.7_block_24,MISSING,,,,,,,,,,,,,,,,,,,,No recovered config for this exact layer row.,False,False,False,missing
MVP,ltx,LTX-Video,LTX-13B,Linear,15,15,15,noise_0.7_block_36,VERIFIED_FULL,0.0001329291894316,0.0050615768887523,32.0,,2000.0,True,5.0,pooled,,,,,,,0.0,20.0,mvp__ltx_video__linear__slot_15,recovered_best_configs.json,output/training/mvp/linear/mvp_ltx_linear_layer_36_22616606.out,Full config recovered from recovered_best_configs.json and matched to current Excel row. LTX JSON normalized: layer is probe slot; depth_layer_id is transformer block.,True,True,True,full_config
MVP,ltx,LTX-Video,LTX-13B,Linear,16,16,16,noise_0.7_block_48,VERIFIED_FULL,0.0009028168422346,0.0027924716433862,64.0,,2000.0,True,5.0,pooled,,,,,,,11.0,20.0,mvp__ltx_video__linear__slot_16,recovered_best_configs.json,output/training/mvp/linear/mvp_ltx_linear_layer_48_22616607.out,Full config recovered from recovered_best_configs.json and matched to current Excel row. LTX JSON normalized: layer is probe slot; depth_layer_id is transformer block.,True,True,True,full_config
MVP,ltx,LTX-Video,LTX-13B,Linear,17,17,17,noise_0.6_block_12,MISSING,,,,,,,,,,,,,,,,,,,,No recovered config for this exact layer row.,False,False,False,missing
MVP,ltx,LTX-Video,LTX-13B,Linear,18,18,18,noise_0.6_block_24,MISSING,,,,,,,,,,,,,,,,,,,,No recovered config for this exact layer row.,False,False,False,missing
MVP,ltx,LTX-Video,LTX-13B,Linear,19,19,19,noise_0.6_block_36,VERIFIED_FULL,0.0001329291894316,0.0050615768887523,32.0,,2000.0,True,5.0,pooled,,,,,,,0.0,20.0,mvp__ltx_video__linear__slot_19,recovered_best_configs.json,output/training/mvp/linear/mvp_ltx_linear_layer_36_22616606.out,Full config recovered from recovered_best_configs.json and matched to current Excel row. LTX JSON normalized: layer is probe slot; depth_layer_id is transformer block.,True,True,True,full_config
MVP,ltx,LTX-Video,LTX-13B,Linear,20,20,20,noise_0.6_block_48,VERIFIED_FULL,0.0001329291894316,0.0050615768887523,32.0,,2000.0,True,5.0,pooled,,,,,,,0.0,20.0,mvp__ltx_video__linear__slot_20,recovered_best_configs.json,output/training/mvp/linear/mvp_ltx_linear_layer_48_22616607.out,Full config recovered from recovered_best_configs.json and matched to current Excel row. LTX JSON normalized: layer is probe slot; depth_layer_id is transformer block.,True,True,True,full_config
MVP,ltx,LTX-Video,LTX-13B,Linear,21,21,21,noise_0.5_block_12,MISSING,,,,,,,,,,,,,,,,,,,,No recovered config for this exact layer row.,False,False,False,missing
MVP,ltx,LTX-Video,LTX-13B,Linear,22,22,22,noise_0.5_block_24,MISSING,,,,,,,,,,,,,,,,,,,,No recovered config for this exact layer row.,False,False,False,missing
MVP,ltx,LTX-Video,LTX-13B,Linear,23,23,23,noise_0.5_block_36,VERIFIED_FULL,0.0001329291894316,0.0050615768887523,32.0,,2000.0,True,5.0,pooled,,,,,,,0.0,20.0,mvp__ltx_video__linear__slot_23,recovered_best_configs.json,output/training/mvp/linear/mvp_ltx_linear_layer_36_22616606.out,Full config recovered from recovered_best_configs.json and matched to current Excel row. LTX JSON normalized: layer is probe slot; depth_layer_id is transformer block.,True,True,True,full_config
MVP,ltx,LTX-Video,LTX-13B,Linear,24,24,24,noise_0.5_block_48,VERIFIED_FULL,0.0001465655388622,4.247116662617142e-07,32.0,,500.0,True,5.0,pooled,,,,,,,5.0,20.0,mvp__ltx_video__linear__slot_24,recovered_best_configs.json,output/training/mvp/linear/mvp_ltx_linear_layer_48_22616607.out,Full config recovered from recovered_best_configs.json and matched to current Excel row. LTX JSON normalized: layer is probe slot; depth_layer_id is transformer block.,True,True,True,full_config
MVP,ltx,LTX-Video,LTX-13B,Linear,25,25,25,noise_0.4_block_12,MISSING,,,,,,,,,,,,,,,,,,,,No recovered config for this exact layer row.,False,False,False,missing
MVP,ltx,LTX-Video,LTX-13B,Linear,26,26,26,noise_0.4_block_24,MISSING,,,,,,,,,,,,,,,,,,,,No recovered config for this exact layer row.,False,False,False,missing
MVP,ltx,LTX-Video,LTX-13B,Linear,27,27,27,noise_0.4_block_36,VERIFIED_FULL,0.0001465655388622,4.247116662617142e-07,32.0,,500.0,True,5.0,pooled,,,,,,,5.0,20.0,mvp__ltx_video__linear__slot_27,recovered_best_configs.json,output/training/mvp/linear/mvp_ltx_linear_layer_36_22616606.out,Full config recovered from recovered_best_configs.json and matched to current Excel row. LTX JSON normalized: layer is probe slot; depth_layer_id is transformer block.,True,True,True,full_config
MVP,ltx,LTX-Video,LTX-13B,Linear,28,28,28,noise_0.4_block_48,VERIFIED_FULL,0.0001329291894316,0.0050615768887523,32.0,,2000.0,True,5.0,pooled,,,,,,,0.0,20.0,mvp__ltx_video__linear__slot_28,recovered_best_configs.json,output/training/mvp/linear/mvp_ltx_linear_layer_48_22616607.out,Full config recovered from recovered_best_configs.json and matched to current Excel row. LTX JSON normalized: layer is probe slot; depth_layer_id is transformer block.,True,True,True,full_config
MVP,ltx,LTX-Video,LTX-13B,Linear,29,29,29,noise_0.3_block_12,MISSING,,,,,,,,,,,,,,,,,,,,No recovered config for this exact layer row.,False,False,False,missing
MVP,ltx,LTX-Video,LTX-13B,Linear,30,30,30,noise_0.3_block_24,MISSING,,,,,,,,,,,,,,,,,,,,No recovered config for this exact layer row.,False,False,False,missing
MVP,ltx,LTX-Video,LTX-13B,Linear,31,31,31,noise_0.3_block_36,VERIFIED_FULL,0.0001329291894316,0.0050615768887523,32.0,,2000.0,True,5.0,pooled,,,,,,,0.0,20.0,mvp__ltx_video__linear__slot_31,recovered_best_configs.json,output/training/mvp/linear/mvp_ltx_linear_layer_36_22616606.out,Full config recovered from recovered_best_configs.json and matched to current Excel row. LTX JSON normalized: layer is probe slot; depth_layer_id is transformer block.,True,True,True,full_config
MVP,ltx,LTX-Video,LTX-13B,Linear,32,32,32,noise_0.3_block_48,VERIFIED_FULL,0.0001329291894316,0.0050615768887523,32.0,,2000.0,True,5.0,pooled,,,,,,,0.0,20.0,mvp__ltx_video__linear__slot_32,recovered_best_configs.json,output/training/mvp/linear/mvp_ltx_linear_layer_48_22616607.out,Full config recovered from recovered_best_configs.json and matched to current Excel row. LTX JSON normalized: layer is probe slot; depth_layer_id is transformer block.,True,True,True,full_config
MVP,ltx,LTX-Video,LTX-13B,Linear,33,33,33,noise_0.2_block_12,VERIFIED_FULL,0.0026864301528543,4.91235518261527e-06,64.0,,2000.0,True,5.0,pooled,,,,,,,19.0,20.0,mvp__ltx_video__linear__slot_33,recovered_best_configs.json,output/training/mvp/linear/mvp_ltx_linear_layer_12_22639274.out,Full config recovered from recovered_best_configs.json and matched to current Excel row. LTX JSON normalized: layer is probe slot; depth_layer_id is transformer block.,True,True,True,full_config
MVP,ltx,LTX-Video,LTX-13B,Linear,34,34,34,noise_0.2_block_24,VERIFIED_FULL,0.0011390177735221,0.0018894444733865,32.0,,2000.0,True,5.0,pooled,,,,,,,15.0,20.0,mvp__ltx_video__linear__slot_34,recovered_best_configs.json,output/training/mvp/linear/mvp_ltx_linear_layer_24_22639276.out,Full config recovered from recovered_best_configs.json and matched to current Excel row. LTX JSON normalized: layer is probe slot; depth_layer_id is transformer block.,True,True,True,full_config
MVP,ltx,LTX-Video,LTX-13B,Linear,35,35,35,noise_0.2_block_36,VERIFIED_FULL,0.000955038969613,0.0006287181301801,32.0,,1000.0,True,5.0,pooled,,,,,,,14.0,20.0,mvp__ltx_video__linear__slot_35,recovered_best_configs.json,output/training/mvp/linear/mvp_ltx_linear_layer_36_22616606.out,Full config recovered from recovered_best_configs.json and matched to current Excel row. LTX JSON normalized: layer is probe slot; depth_layer_id is transformer block.,True,True,True,full_config
MVP,ltx,LTX-Video,LTX-13B,Linear,36,36,36,noise_0.2_block_48,VERIFIED_FULL,0.0002334586407601,0.0005141096648805,128.0,,1000.0,True,5.0,pooled,,,,,,,2.0,20.0,mvp__ltx_video__linear__slot_36,recovered_best_configs.json,output/training/mvp/linear/mvp_ltx_linear_layer_48_22616607.out,Full config recovered from recovered_best_configs.json and matched to current Excel row. LTX JSON normalized: layer is probe slot; depth_layer_id is transformer block.,True,True,True,full_config
MVP,ltx,LTX-Video,LTX-13B,Linear,37,37,37,noise_0.1_block_12,VERIFIED_FULL,0.0001329291894316,0.0050615768887523,32.0,,2000.0,True,5.0,pooled,,,,,,,0.0,20.0,mvp__ltx_video__linear__slot_37,recovered_best_configs.json,output/training/mvp/linear/mvp_ltx_linear_layer_12_22639274.out,Full config recovered from recovered_best_configs.json and matched to current Excel row. LTX JSON normalized: layer is probe slot; depth_layer_id is transformer block.,True,True,True,full_config
MVP,ltx,LTX-Video,LTX-13B,Linear,38,38,38,noise_0.1_block_24,VERIFIED_FULL,0.0011740085777673,0.000219490200784,64.0,,2000.0,True,5.0,pooled,,,,,,,14.0,20.0,mvp__ltx_video__linear__slot_38,recovered_best_configs.json,output/training/mvp/linear/mvp_ltx_linear_layer_24_22639276.out,Full config recovered from recovered_best_configs.json and matched to current Excel row. LTX JSON normalized: layer is probe slot; depth_layer_id is transformer block.,True,True,True,full_config
MVP,ltx,LTX-Video,LTX-13B,Linear,39,39,39,noise_0.1_block_36,VERIFIED_FULL,0.0001329291894316,0.0050615768887523,32.0,,2000.0,True,5.0,pooled,,,,,,,0.0,20.0,mvp__ltx_video__linear__slot_39,recovered_best_configs.json,output/training/mvp/linear/mvp_ltx_linear_layer_36_22616606.out,Full config recovered from recovered_best_configs.json and matched to current Excel row. LTX JSON normalized: layer is probe slot; depth_layer_id is transformer block.,True,True,True,full_config
MVP,ltx,LTX-Video,LTX-13B,Linear,40,40,40,noise_0.1_block_48,VERIFIED_FULL,0.0001329291894316,0.0050615768887523,32.0,,2000.0,True,5.0,pooled,,,,,,,0.0,20.0,mvp__ltx_video__linear__slot_40,recovered_best_configs.json,output/training/mvp/linear/mvp_ltx_linear_layer_48_22616607.out,Full config recovered from recovered_best_configs.json and matched to current Excel row. LTX JSON normalized: layer is probe slot; depth_layer_id is transformer block.,True,True,True,full_config
MVP,ltx,LTX-Video,LTX-13B,MLP,1,1,1,noise_1.0_block_12,MISSING,,,,,,,,,,,,,,,,,,,,No recovered config for this exact layer row.,False,False,False,missing
MVP,ltx,LTX-Video,LTX-13B,MLP,2,2,2,noise_1.0_block_24,MISSING,,,,,,,,,,,,,,,,,,,,No recovered config for this exact layer row.,False,False,False,missing
MVP,ltx,LTX-Video,LTX-13B,MLP,3,3,3,noise_1.0_block_36,MISSING,,,,,,,,,,,,,,,,,,,,No recovered config for this exact layer row.,False,False,False,missing
MVP,ltx,LTX-Video,LTX-13B,MLP,4,4,4,noise_1.0_block_48,MISSING,,,,,,,,,,,,,,,,,,,,No recovered config for this exact layer row.,False,False,False,missing
MVP,ltx,LTX-Video,LTX-13B,MLP,5,5,5,noise_0.9_block_12,MISSING,,,,,,,,,,,,,,,,,,,,No recovered config for this exact layer row.,False,False,False,missing
MVP,ltx,LTX-Video,LTX-13B,MLP,6,6,6,noise_0.9_block_24,MISSING,,,,,,,,,,,,,,,,,,,,No recovered config for this exact layer row.,False,False,False,missing
MVP,ltx,LTX-Video,LTX-13B,MLP,7,7,7,noise_0.9_block_36,MISSING,,,,,,,,,,,,,,,,,,,,No recovered config for this exact layer row.,False,False,False,missing
MVP,ltx,LTX-Video,LTX-13B,MLP,8,8,8,noise_0.9_block_48,MISSING,,,,,,,,,,,,,,,,,,,,No recovered config for this exact layer row.,False,False,False,missing
MVP,ltx,LTX-Video,LTX-13B,MLP,9,9,9,noise_0.8_block_12,MISSING,,,,,,,,,,,,,,,,,,,,No recovered config for this exact layer row.,False,False,False,missing
MVP,ltx,LTX-Video,LTX-13B,MLP,10,10,10,noise_0.8_block_24,MISSING,,,,,,,,,,,,,,,,,,,,No recovered config for this exact layer row.,False,False,False,missing
MVP,ltx,LTX-Video,LTX-13B,MLP,11,11,11,noise_0.8_block_36,MISSING,,,,,,,,,,,,,,,,,,,,No recovered config for this exact layer row.,False,False,False,missing
MVP,ltx,LTX-Video,LTX-13B,MLP,12,12,12,noise_0.8_block_48,MISSING,,,,,,,,,,,,,,,,,,,,No recovered config for this exact layer row.,False,False,False,missing
MVP,ltx,LTX-Video,LTX-13B,MLP,13,13,13,noise_0.7_block_12,MISSING,,,,,,,,,,,,,,,,,,,,No recovered config for this exact layer row.,False,False,False,missing
MVP,ltx,LTX-Video,LTX-13B,MLP,14,14,14,noise_0.7_block_24,MISSING,,,,,,,,,,,,,,,,,,,,No recovered config for this exact layer row.,False,False,False,missing
MVP,ltx,LTX-Video,LTX-13B,MLP,15,15,15,noise_0.7_block_36,MISSING,,,,,,,,,,,,,,,,,,,,No recovered config for this exact layer row.,False,False,False,missing
MVP,ltx,LTX-Video,LTX-13B,MLP,16,16,16,noise_0.7_block_48,MISSING,,,,,,,,,,,,,,,,,,,,No recovered config for this exact layer row.,False,False,False,missing
MVP,ltx,LTX-Video,LTX-13B,MLP,17,17,17,noise_0.6_block_12,MISSING,,,,,,,,,,,,,,,,,,,,No recovered config for this exact layer row.,False,False,False,missing
MVP,ltx,LTX-Video,LTX-13B,MLP,18,18,18,noise_0.6_block_24,MISSING,,,,,,,,,,,,,,,,,,,,No recovered config for this exact layer row.,False,False,False,missing
MVP,ltx,LTX-Video,LTX-13B,MLP,19,19,19,noise_0.6_block_36,MISSING,,,,,,,,,,,,,,,,,,,,No recovered config for this exact layer row.,False,False,False,missing
MVP,ltx,LTX-Video,LTX-13B,MLP,20,20,20,noise_0.6_block_48,MISSING,,,,,,,,,,,,,,,,,,,,No recovered config for this exact layer row.,False,False,False,missing
MVP,ltx,LTX-Video,LTX-13B,MLP,21,21,21,noise_0.5_block_12,MISSING,,,,,,,,,,,,,,,,,,,,No recovered config for this exact layer row.,False,False,False,missing
MVP,ltx,LTX-Video,LTX-13B,MLP,22,22,22,noise_0.5_block_24,MISSING,,,,,,,,,,,,,,,,,,,,No recovered config for this exact layer row.,False,False,False,missing
MVP,ltx,LTX-Video,LTX-13B,MLP,23,23,23,noise_0.5_block_36,VERIFIED_FULL,0.0001329291894316,0.0050615768887523,32.0,,2000.0,True,5.0,pooled,[256],0.2159725093210578,,,,,0.0,20.0,mvp__ltx_video__mlp__slot_23,recovered_best_configs.json,output/training/mvp/mlp/mvp_ltx_mlp_layer_36_22641235.out,Full config recovered from recovered_best_configs.json and matched to current Excel row. LTX JSON normalized: layer is probe slot; depth_layer_id is transformer block.,True,True,True,full_config
MVP,ltx,LTX-Video,LTX-13B,MLP,24,24,24,noise_0.5_block_48,MISSING,,,,,,,,,,,,,,,,,,,,No recovered config for this exact layer row.,False,False,False,missing
MVP,ltx,LTX-Video,LTX-13B,MLP,25,25,25,noise_0.4_block_12,VERIFIED_FULL,0.0001329291894316,0.0050615768887523,32.0,,2000.0,True,5.0,pooled,[256],0.2159725093210578,,,,,0.0,20.0,mvp__ltx_video__mlp__slot_25,recovered_best_configs.json,output/training/mvp/mlp/mvp_ltx_mlp_layer_12_22641233.out,Full config recovered from recovered_best_configs.json and matched to current Excel row. LTX JSON normalized: layer is probe slot; depth_layer_id is transformer block.,True,True,True,full_config
MVP,ltx,LTX-Video,LTX-13B,MLP,26,26,26,noise_0.4_block_24,VERIFIED_FULL,0.0001329291894316,0.0050615768887523,32.0,,2000.0,True,5.0,pooled,[256],0.2159725093210578,,,,,0.0,20.0,mvp__ltx_video__mlp__slot_26,recovered_best_configs.json,output/training/mvp/mlp/mvp_ltx_mlp_layer_24_22641234.out,Full config recovered from recovered_best_configs.json and matched to current Excel row. LTX JSON normalized: layer is probe slot; depth_layer_id is transformer block.,True,True,True,full_config
MVP,ltx,LTX-Video,LTX-13B,MLP,27,27,27,noise_0.4_block_36,VERIFIED_FULL,0.0001329291894316,0.0050615768887523,32.0,,2000.0,True,5.0,pooled,[256],0.2159725093210578,,,,,0.0,20.0,mvp__ltx_video__mlp__slot_27,recovered_best_configs.json,output/training/mvp/mlp/mvp_ltx_mlp_layer_36_22641235.out,Full config recovered from recovered_best_configs.json and matched to current Excel row. LTX JSON normalized: layer is probe slot; depth_layer_id is transformer block.,True,True,True,full_config
MVP,ltx,LTX-Video,LTX-13B,MLP,28,28,28,noise_0.4_block_48,MISSING,,,,,,,,,,,,,,,,,,,,No recovered config for this exact layer row.,False,False,False,missing
MVP,ltx,LTX-Video,LTX-13B,MLP,29,29,29,noise_0.3_block_12,VERIFIED_FULL,0.0001329291894316,0.0050615768887523,32.0,,2000.0,True,5.0,pooled,[256],0.2159725093210578,,,,,0.0,20.0,mvp__ltx_video__mlp__slot_29,recovered_best_configs.json,output/training/mvp/mlp/mvp_ltx_mlp_layer_12_22641233.out,Full config recovered from recovered_best_configs.json and matched to current Excel row. LTX JSON normalized: layer is probe slot; depth_layer_id is transformer block.,True,True,True,full_config
MVP,ltx,LTX-Video,LTX-13B,MLP,30,30,30,noise_0.3_block_24,VERIFIED_FULL,0.0001329291894316,0.0050615768887523,32.0,,2000.0,True,5.0,pooled,[256],0.2159725093210578,,,,,0.0,20.0,mvp__ltx_video__mlp__slot_30,recovered_best_configs.json,output/training/mvp/mlp/mvp_ltx_mlp_layer_24_22641234.out,Full config recovered from recovered_best_configs.json and matched to current Excel row. LTX JSON normalized: layer is probe slot; depth_layer_id is transformer block.,True,True,True,full_config
MVP,ltx,LTX-Video,LTX-13B,MLP,31,31,31,noise_0.3_block_36,VERIFIED_FULL,0.0001329291894316,0.0050615768887523,32.0,,2000.0,True,5.0,pooled,[256],0.2159725093210578,,,,,0.0,20.0,mvp__ltx_video__mlp__slot_31,recovered_best_configs.json,output/training/mvp/mlp/mvp_ltx_mlp_layer_36_22641235.out,Full config recovered from recovered_best_configs.json and matched to current Excel row. LTX JSON normalized: layer is probe slot; depth_layer_id is transformer block.,True,True,True,full_config
MVP,ltx,LTX-Video,LTX-13B,MLP,32,32,32,noise_0.3_block_48,MISSING,,,,,,,,,,,,,,,,,,,,No recovered config for this exact layer row.,False,False,False,missing
MVP,ltx,LTX-Video,LTX-13B,MLP,33,33,33,noise_0.2_block_12,VERIFIED_FULL,0.0001329291894316,0.0050615768887523,32.0,,2000.0,True,5.0,pooled,[256],0.2159725093210578,,,,,0.0,20.0,mvp__ltx_video__mlp__slot_33,recovered_best_configs.json,output/training/mvp/mlp/mvp_ltx_mlp_layer_12_22641233.out,Full config recovered from recovered_best_configs.json and matched to current Excel row. LTX JSON normalized: layer is probe slot; depth_layer_id is transformer block.,True,True,True,full_config
MVP,ltx,LTX-Video,LTX-13B,MLP,34,34,34,noise_0.2_block_24,VERIFIED_FULL,0.0001329291894316,0.0050615768887523,32.0,,2000.0,True,5.0,pooled,[256],0.2159725093210578,,,,,0.0,20.0,mvp__ltx_video__mlp__slot_34,recovered_best_configs.json,output/training/mvp/mlp/mvp_ltx_mlp_layer_24_22641234.out,Full config recovered from recovered_best_configs.json and matched to current Excel row. LTX JSON normalized: layer is probe slot; depth_layer_id is transformer block.,True,True,True,full_config
MVP,ltx,LTX-Video,LTX-13B,MLP,35,35,35,noise_0.2_block_36,VERIFIED_FULL,0.0001329291894316,0.0050615768887523,32.0,,2000.0,True,5.0,pooled,[256],0.2159725093210578,,,,,0.0,20.0,mvp__ltx_video__mlp__slot_35,recovered_best_configs.json,output/training/mvp/mlp/mvp_ltx_mlp_layer_36_22641235.out,Full config recovered from recovered_best_configs.json and matched to current Excel row. LTX JSON normalized: layer is probe slot; depth_layer_id is transformer block.,True,True,True,full_config
MVP,ltx,LTX-Video,LTX-13B,MLP,36,36,36,noise_0.2_block_48,MISSING,,,,,,,,,,,,,,,,,,,,No recovered config for this exact layer row.,False,False,False,missing
MVP,ltx,LTX-Video,LTX-13B,MLP,37,37,37,noise_0.1_block_12,VERIFIED_FULL,0.0001329291894316,0.0050615768887523,32.0,,2000.0,True,5.0,pooled,[256],0.2159725093210578,,,,,0.0,20.0,mvp__ltx_video__mlp__slot_37,recovered_best_configs.json,output/training/mvp/mlp/mvp_ltx_mlp_layer_12_22641233.out,Full config recovered from recovered_best_configs.json and matched to current Excel row. LTX JSON normalized: layer is probe slot; depth_layer_id is transformer block.,True,True,True,full_config
MVP,ltx,LTX-Video,LTX-13B,MLP,38,38,38,noise_0.1_block_24,VERIFIED_FULL,0.0001329291894316,0.0050615768887523,32.0,,2000.0,True,5.0,pooled,[256],0.2159725093210578,,,,,0.0,20.0,mvp__ltx_video__mlp__slot_38,recovered_best_configs.json,output/training/mvp/mlp/mvp_ltx_mlp_layer_24_22641234.out,Full config recovered from recovered_best_configs.json and matched to current Excel row. LTX JSON normalized: layer is probe slot; depth_layer_id is transformer block.,True,True,True,full_config
MVP,ltx,LTX-Video,LTX-13B,MLP,39,39,39,noise_0.1_block_36,VERIFIED_FULL,0.0001329291894316,0.0050615768887523,32.0,,2000.0,True,5.0,pooled,[256],0.2159725093210578,,,,,0.0,20.0,mvp__ltx_video__mlp__slot_39,recovered_best_configs.json,output/training/mvp/mlp/mvp_ltx_mlp_layer_36_22641235.out,Full config recovered from recovered_best_configs.json and matched to current Excel row. LTX JSON normalized: layer is probe slot; depth_layer_id is transformer block.,True,True,True,full_config
MVP,ltx,LTX-Video,LTX-13B,MLP,40,40,40,noise_0.1_block_48,MISSING,,,,,,,,,,,,,,,,,,,,No recovered config for this exact layer row.,False,False,False,missing
MVP,ltx,LTX-Video,LTX-2B,Attentive,17,17,17,17,VERIFIED_FULL,1e-5,0.01,1,1,30,true,5,tokens,,,16,1,2,0.2,,,mvp__ltx__ltx_video__ltx_2b__temporal_attn__layer_17,local train_eval_summary.json,artifacts/probes/mvp/mvp_probe_temporal_attn_ltx_video_ltx_2b_0_9_8_distilled_lr_matrix/train_eval_summary.json,Recovered from local MVP LTX-2B attentive LR-matrix artifact; layers corrected to top-4 MVP LTX-2B MLP test-primary layers.,True,False,True,full_config
MVP,ltx,LTX-Video,LTX-2B,Attentive,21,21,21,21,VERIFIED_FULL,1e-5,0.01,1,1,30,true,5,tokens,,,16,1,2,0.2,,,mvp__ltx__ltx_video__ltx_2b__temporal_attn__layer_21,local train_eval_summary.json,artifacts/probes/mvp/mvp_probe_temporal_attn_ltx_video_ltx_2b_0_9_8_distilled_lr_matrix/train_eval_summary.json,Recovered from local MVP LTX-2B attentive LR-matrix artifact; layers corrected to top-4 MVP LTX-2B MLP test-primary layers.,True,False,True,full_config
MVP,ltx,LTX-Video,LTX-2B,Attentive,29,29,29,29,VERIFIED_FULL,1e-5,0.01,1,1,30,true,5,tokens,,,16,1,2,0.2,,,mvp__ltx__ltx_video__ltx_2b__temporal_attn__layer_29,local train_eval_summary.json,artifacts/probes/mvp/mvp_probe_temporal_attn_ltx_video_ltx_2b_0_9_8_distilled_lr_matrix/train_eval_summary.json,Recovered from local MVP LTX-2B attentive LR-matrix artifact; layers corrected to top-4 MVP LTX-2B MLP test-primary layers.,True,False,True,full_config
MVP,ltx,LTX-Video,LTX-2B,Attentive,38,38,38,38,VERIFIED_FULL,1e-5,0.01,1,1,30,true,5,tokens,,,16,1,2,0.2,,,mvp__ltx__ltx_video__ltx_2b__temporal_attn__layer_38,local train_eval_summary.json,artifacts/probes/mvp/mvp_probe_temporal_attn_ltx_video_ltx_2b_0_9_8_distilled_lr_matrix/train_eval_summary.json,Recovered from local MVP LTX-2B attentive LR-matrix artifact; layers corrected to top-4 MVP LTX-2B MLP test-primary layers.,True,False,True,full_config
MVP,ltx,LTX-Video,LTX-2B,Linear,1,1,1,noise_1.0_block_7,VERIFIED_FULL,0.0001329291894316,0.0050615768887523,32.0,1024.0,2000.0,False,5.0,pooled,,,,,,,0.0,20.0,mvp__ltx__ltx_2b_0_9_8_distilled__linear__slot_1,local optuna_summary.json,different_backbone_ablation/ltx_2b/mvp/linear/mvp_probe_linear_ltx_video_ltxv_2b_0_9_8_distilled_20260602T184247Z/layer_noise_1.0_block_7/train/optuna_summary.json,Config recovered from local result datastore; existing non-null values were preserved. LTX JSON normalized: layer is probe slot; depth_layer_id is transformer block.,True,True,True,full_config
MVP,ltx,LTX-Video,LTX-2B,Linear,2,2,2,noise_1.0_block_14,VERIFIED_FULL,0.0001329291894316,0.0050615768887523,32.0,1024.0,2000.0,False,5.0,pooled,,,,,,,0.0,20.0,mvp__ltx__ltx_2b_0_9_8_distilled__linear__slot_2,local optuna_summary.json,different_backbone_ablation/ltx_2b/mvp/linear/mvp_probe_linear_ltx_video_ltxv_2b_0_9_8_distilled_20260602T184247Z/layer_noise_1.0_block_14/train/optuna_summary.json,Config recovered from local result datastore; existing non-null values were preserved. LTX JSON normalized: layer is probe slot; depth_layer_id is transformer block.,True,True,True,full_config
MVP,ltx,LTX-Video,LTX-2B,Linear,3,3,3,noise_1.0_block_21,VERIFIED_FULL,0.0001329291894316,0.0050615768887523,32.0,1024.0,2000.0,False,5.0,pooled,,,,,,,0.0,20.0,mvp__ltx__ltx_2b_0_9_8_distilled__linear__slot_3,local optuna_summary.json,different_backbone_ablation/ltx_2b/mvp/linear/mvp_probe_linear_ltx_video_ltxv_2b_0_9_8_distilled_20260602T184247Z/layer_noise_1.0_block_21/train/optuna_summary.json,Config recovered from local result datastore; existing non-null values were preserved. LTX JSON normalized: layer is probe slot; depth_layer_id is transformer block.,True,True,True,full_config
MVP,ltx,LTX-Video,LTX-2B,Linear,4,4,4,noise_1.0_block_28,VERIFIED_FULL,0.0001329291894316,0.0050615768887523,32.0,1024.0,2000.0,False,5.0,pooled,,,,,,,0.0,20.0,mvp__ltx__ltx_2b_0_9_8_distilled__linear__slot_4,local optuna_summary.json,different_backbone_ablation/ltx_2b/mvp/linear/mvp_probe_linear_ltx_video_ltxv_2b_0_9_8_distilled_20260602T184247Z/layer_noise_1.0_block_28/train/optuna_summary.json,Config recovered from local result datastore; existing non-null values were preserved. LTX JSON normalized: layer is probe slot; depth_layer_id is transformer block.,True,True,True,full_config
MVP,ltx,LTX-Video,LTX-2B,Linear,5,5,5,noise_0.9_block_7,VERIFIED_FULL,0.0069324321736738,7.282431692574398e-05,64.0,1024.0,2000.0,False,5.0,pooled,,,,,,,12.0,20.0,mvp__ltx__ltx_2b_0_9_8_distilled__linear__slot_5,local optuna_summary.json,different_backbone_ablation/ltx_2b/mvp/linear/mvp_probe_linear_ltx_video_ltxv_2b_0_9_8_distilled_20260602T184247Z/layer_noise_0.9_block_7/train/optuna_summary.json,Config recovered from local result datastore; existing non-null values were preserved. LTX JSON normalized: layer is probe slot; depth_layer_id is transformer block.,True,True,True,full_config
MVP,ltx,LTX-Video,LTX-2B,Linear,6,6,6,noise_0.9_block_14,VERIFIED_FULL,0.0021464035477145,0.0039552323360892,64.0,1024.0,2000.0,False,5.0,pooled,,,,,,,10.0,20.0,mvp__ltx__ltx_2b_0_9_8_distilled__linear__slot_6,local optuna_summary.json,different_backbone_ablation/ltx_2b/mvp/linear/mvp_probe_linear_ltx_video_ltxv_2b_0_9_8_distilled_20260602T184247Z/layer_noise_0.9_block_14/train/optuna_summary.json,Config recovered from local result datastore; existing non-null values were preserved. LTX JSON normalized: layer is probe slot; depth_layer_id is transformer block.,True,True,True,full_config
MVP,ltx,LTX-Video,LTX-2B,Linear,7,7,7,noise_0.9_block_21,VERIFIED_FULL,0.000955038969613,0.0006287181301801,32.0,1024.0,1000.0,False,5.0,pooled,,,,,,,14.0,20.0,mvp__ltx__ltx_2b_0_9_8_distilled__linear__slot_7,local optuna_summary.json,different_backbone_ablation/ltx_2b/mvp/linear/mvp_probe_linear_ltx_video_ltxv_2b_0_9_8_distilled_20260602T184247Z/layer_noise_0.9_block_21/train/optuna_summary.json,Config recovered from local result datastore; existing non-null values were preserved. LTX JSON normalized: layer is probe slot; depth_layer_id is transformer block.,True,True,True,full_config
MVP,ltx,LTX-Video,LTX-2B,Linear,8,8,8,noise_0.9_block_28,VERIFIED_FULL,0.0001465655388622,4.247116662617142e-07,32.0,1024.0,500.0,False,5.0,pooled,,,,,,,5.0,20.0,mvp__ltx__ltx_2b_0_9_8_distilled__linear__slot_8,local optuna_summary.json,different_backbone_ablation/ltx_2b/mvp/linear/mvp_probe_linear_ltx_video_ltxv_2b_0_9_8_distilled_20260602T184247Z/layer_noise_0.9_block_28/train/optuna_summary.json,Config recovered from local result datastore; existing non-null values were preserved. LTX JSON normalized: layer is probe slot; depth_layer_id is transformer block.,True,True,True,full_config
MVP,ltx,LTX-Video,LTX-2B,Linear,9,9,9,noise_0.8_block_7,VERIFIED_FULL,0.0093763036759052,3.0267441672616737e-05,64.0,1024.0,2000.0,False,5.0,pooled,,,,,,,16.0,20.0,mvp__ltx__ltx_2b_0_9_8_distilled__linear__slot_9,local optuna_summary.json,different_backbone_ablation/ltx_2b/mvp/linear/mvp_probe_linear_ltx_video_ltxv_2b_0_9_8_distilled_20260602T184247Z/layer_noise_0.8_block_7/train/optuna_summary.json,Config recovered from local result datastore; existing non-null values were preserved. LTX JSON normalized: layer is probe slot; depth_layer_id is transformer block.,True,True,True,full_config
MVP,ltx,LTX-Video,LTX-2B,Linear,10,10,10,noise_0.8_block_14,VERIFIED_FULL,0.0002334586407601,0.0005141096648805,128.0,1024.0,1000.0,False,5.0,pooled,,,,,,,2.0,20.0,mvp__ltx__ltx_2b_0_9_8_distilled__linear__slot_10,local optuna_summary.json,different_backbone_ablation/ltx_2b/mvp/linear/mvp_probe_linear_ltx_video_ltxv_2b_0_9_8_distilled_20260602T184247Z/layer_noise_0.8_block_14/train/optuna_summary.json,Config recovered from local result datastore; existing non-null values were preserved. LTX JSON normalized: layer is probe slot; depth_layer_id is transformer block.,True,True,True,full_config
MVP,ltx,LTX-Video,LTX-2B,Linear,11,11,11,noise_0.8_block_21,VERIFIED_FULL,0.0001465655388622,4.247116662617142e-07,32.0,1024.0,500.0,False,5.0,pooled,,,,,,,5.0,20.0,mvp__ltx__ltx_2b_0_9_8_distilled__linear__slot_11,local optuna_summary.json,different_backbone_ablation/ltx_2b/mvp/linear/mvp_probe_linear_ltx_video_ltxv_2b_0_9_8_distilled_20260602T184247Z/layer_noise_0.8_block_21/train/optuna_summary.json,Config recovered from local result datastore; existing non-null values were preserved. LTX JSON normalized: layer is probe slot; depth_layer_id is transformer block.,True,True,True,full_config
MVP,ltx,LTX-Video,LTX-2B,Linear,12,12,12,noise_0.8_block_28,VERIFIED_FULL,0.0009028168422346,5.18966548872156e-05,64.0,1024.0,500.0,False,5.0,pooled,,,,,,,11.0,20.0,mvp__ltx__ltx_2b_0_9_8_distilled__linear__slot_12,local optuna_summary.json,different_backbone_ablation/ltx_2b/mvp/linear/mvp_probe_linear_ltx_video_ltxv_2b_0_9_8_distilled_20260602T184247Z/layer_noise_0.8_block_28/train/optuna_summary.json,Config recovered from local result datastore; existing non-null values were preserved. LTX JSON normalized: layer is probe slot; depth_layer_id is transformer block.,True,True,True,full_config
MVP,ltx,LTX-Video,LTX-2B,Linear,13,13,13,noise_0.7_block_7,VERIFIED_FULL,0.0078114528891886,0.0008403189858327,64.0,1024.0,2000.0,False,5.0,pooled,,,,,,,15.0,20.0,mvp__ltx__ltx_2b_0_9_8_distilled__linear__slot_13,local optuna_summary.json,different_backbone_ablation/ltx_2b/mvp/linear/mvp_probe_linear_ltx_video_ltxv_2b_0_9_8_distilled_20260602T184247Z/layer_noise_0.7_block_7/train/optuna_summary.json,Config recovered from local result datastore; existing non-null values were preserved. LTX JSON normalized: layer is probe slot; depth_layer_id is transformer block.,True,True,True,full_config
MVP,ltx,LTX-Video,LTX-2B,Linear,14,14,14,noise_0.7_block_14,VERIFIED_FULL,0.0012692243971395,3.780057533411267e-05,64.0,1024.0,2000.0,False,5.0,pooled,,,,,,,13.0,20.0,mvp__ltx__ltx_2b_0_9_8_distilled__linear__slot_14,local optuna_summary.json,different_backbone_ablation/ltx_2b/mvp/linear/mvp_probe_linear_ltx_video_ltxv_2b_0_9_8_distilled_20260602T184247Z/layer_noise_0.7_block_14/train/optuna_summary.json,Config recovered from local result datastore; existing non-null values were preserved. LTX JSON normalized: layer is probe slot; depth_layer_id is transformer block.,True,True,True,full_config
MVP,ltx,LTX-Video,LTX-2B,Linear,15,15,15,noise_0.7_block_21,VERIFIED_FULL,0.0002301076123079,2.888507758626832e-07,32.0,1024.0,500.0,False,5.0,pooled,,,,,,,16.0,20.0,mvp__ltx__ltx_2b_0_9_8_distilled__linear__slot_15,local optuna_summary.json,different_backbone_ablation/ltx_2b/mvp/linear/mvp_probe_linear_ltx_video_ltxv_2b_0_9_8_distilled_20260602T184247Z/layer_noise_0.7_block_21/train/optuna_summary.json,Config recovered from local result datastore; existing non-null values were preserved. LTX JSON normalized: layer is probe slot; depth_layer_id is transformer block.,True,True,True,full_config
MVP,ltx,LTX-Video,LTX-2B,Linear,16,16,16,noise_0.7_block_28,VERIFIED_FULL,0.0001329291894316,0.0050615768887523,32.0,1024.0,2000.0,False,5.0,pooled,,,,,,,0.0,20.0,mvp__ltx__ltx_2b_0_9_8_distilled__linear__slot_16,local optuna_summary.json,different_backbone_ablation/ltx_2b/mvp/linear/mvp_probe_linear_ltx_video_ltxv_2b_0_9_8_distilled_20260602T184247Z/layer_noise_0.7_block_28/train/optuna_summary.json,Config recovered from local result datastore; existing non-null values were preserved. LTX JSON normalized: layer is probe slot; depth_layer_id is transformer block.,True,True,True,full_config
MVP,ltx,LTX-Video,LTX-2B,Linear,17,17,17,noise_0.6_block_7,VERIFIED_FULL,0.007804961511044,7.282431692574398e-05,64.0,1024.0,2000.0,False,5.0,pooled,,,,,,,12.0,20.0,mvp__ltx__ltx_2b_0_9_8_distilled__linear__slot_17,local optuna_summary.json,different_backbone_ablation/ltx_2b/mvp/linear/mvp_probe_linear_ltx_video_ltxv_2b_0_9_8_distilled_20260602T184247Z/layer_noise_0.6_block_7/train/optuna_summary.json,Config recovered from local result datastore; existing non-null values were preserved. LTX JSON normalized: layer is probe slot; depth_layer_id is transformer block.,True,True,True,full_config
MVP,ltx,LTX-Video,LTX-2B,Linear,18,18,18,noise_0.6_block_14,VERIFIED_FULL,0.0080265139276372,6.250382842137843e-06,32.0,1024.0,2000.0,False,5.0,pooled,,,,,,,19.0,20.0,mvp__ltx__ltx_2b_0_9_8_distilled__linear__slot_18,local optuna_summary.json,different_backbone_ablation/ltx_2b/mvp/linear/mvp_probe_linear_ltx_video_ltxv_2b_0_9_8_distilled_20260602T184247Z/layer_noise_0.6_block_14/train/optuna_summary.json,Config recovered from local result datastore; existing non-null values were preserved. LTX JSON normalized: layer is probe slot; depth_layer_id is transformer block.,True,True,True,full_config
MVP,ltx,LTX-Video,LTX-2B,Linear,19,19,19,noise_0.6_block_21,VERIFIED_FULL,0.0002334586407601,0.0005141096648805,128.0,1024.0,1000.0,False,5.0,pooled,,,,,,,2.0,20.0,mvp__ltx__ltx_2b_0_9_8_distilled__linear__slot_19,local optuna_summary.json,different_backbone_ablation/ltx_2b/mvp/linear/mvp_probe_linear_ltx_video_ltxv_2b_0_9_8_distilled_20260602T184247Z/layer_noise_0.6_block_21/train/optuna_summary.json,Config recovered from local result datastore; existing non-null values were preserved. LTX JSON normalized: layer is probe slot; depth_layer_id is transformer block.,True,True,True,full_config
MVP,ltx,LTX-Video,LTX-2B,Linear,20,20,20,noise_0.6_block_28,VERIFIED_FULL,2.3818687768506888e-05,1.7074626001153678e-08,128.0,1024.0,1000.0,False,5.0,pooled,,,,,,,11.0,20.0,mvp__ltx__ltx_2b_0_9_8_distilled__linear__slot_20,local optuna_summary.json,different_backbone_ablation/ltx_2b/mvp/linear/mvp_probe_linear_ltx_video_ltxv_2b_0_9_8_distilled_20260602T184247Z/layer_noise_0.6_block_28/train/optuna_summary.json,Config recovered from local result datastore; existing non-null values were preserved. LTX JSON normalized: layer is probe slot; depth_layer_id is transformer block.,True,True,True,full_config
MVP,ltx,LTX-Video,LTX-2B,Linear,21,21,21,noise_0.5_block_7,VERIFIED_FULL,0.0078114528891886,0.0008403189858327,64.0,1024.0,2000.0,False,5.0,pooled,,,,,,,15.0,20.0,mvp__ltx__ltx_2b_0_9_8_distilled__linear__slot_21,local optuna_summary.json,different_backbone_ablation/ltx_2b/mvp/linear/mvp_probe_linear_ltx_video_ltxv_2b_0_9_8_distilled_20260602T184247Z/layer_noise_0.5_block_7/train/optuna_summary.json,Config recovered from local result datastore; existing non-null values were preserved. LTX JSON normalized: layer is probe slot; depth_layer_id is transformer block.,True,True,True,full_config
MVP,ltx,LTX-Video,LTX-2B,Linear,22,22,22,noise_0.5_block_14,VERIFIED_FULL,0.0002438000325496,0.0093362436049503,32.0,1024.0,2000.0,False,5.0,pooled,,,,,,,13.0,20.0,mvp__ltx__ltx_2b_0_9_8_distilled__linear__slot_22,local optuna_summary.json,different_backbone_ablation/ltx_2b/mvp/linear/mvp_probe_linear_ltx_video_ltxv_2b_0_9_8_distilled_20260602T184247Z/layer_noise_0.5_block_14/train/optuna_summary.json,Config recovered from local result datastore; existing non-null values were preserved. LTX JSON normalized: layer is probe slot; depth_layer_id is transformer block.,True,True,True,full_config
MVP,ltx,LTX-Video,LTX-2B,Linear,23,23,23,noise_0.5_block_21,VERIFIED_FULL,0.0001329291894316,0.0050615768887523,32.0,1024.0,2000.0,False,5.0,pooled,,,,,,,0.0,20.0,mvp__ltx__ltx_2b_0_9_8_distilled__linear__slot_23,local optuna_summary.json,different_backbone_ablation/ltx_2b/mvp/linear/mvp_probe_linear_ltx_video_ltxv_2b_0_9_8_distilled_20260602T184247Z/layer_noise_0.5_block_21/train/optuna_summary.json,Config recovered from local result datastore; existing non-null values were preserved. LTX JSON normalized: layer is probe slot; depth_layer_id is transformer block.,True,True,True,full_config
MVP,ltx,LTX-Video,LTX-2B,Linear,24,24,24,noise_0.5_block_28,VERIFIED_FULL,0.0001329291894316,0.0050615768887523,32.0,1024.0,2000.0,False,5.0,pooled,,,,,,,0.0,20.0,mvp__ltx__ltx_2b_0_9_8_distilled__linear__slot_24,local optuna_summary.json,different_backbone_ablation/ltx_2b/mvp/linear/mvp_probe_linear_ltx_video_ltxv_2b_0_9_8_distilled_20260602T184247Z/layer_noise_0.5_block_28/train/optuna_summary.json,Config recovered from local result datastore; existing non-null values were preserved. LTX JSON normalized: layer is probe slot; depth_layer_id is transformer block.,True,True,True,full_config
MVP,ltx,LTX-Video,LTX-2B,Linear,25,25,25,noise_0.4_block_7,VERIFIED_FULL,0.0009028168422346,0.0027924716433862,64.0,1024.0,2000.0,False,5.0,pooled,,,,,,,11.0,20.0,mvp__ltx__ltx_2b_0_9_8_distilled__linear__slot_25,local optuna_summary.json,different_backbone_ablation/ltx_2b/mvp/linear/mvp_probe_linear_ltx_video_ltxv_2b_0_9_8_distilled_20260602T184247Z/layer_noise_0.4_block_7/train/optuna_summary.json,Config recovered from local result datastore; existing non-null values were preserved. LTX JSON normalized: layer is probe slot; depth_layer_id is transformer block.,True,True,True,full_config
MVP,ltx,LTX-Video,LTX-2B,Linear,26,26,26,noise_0.4_block_14,VERIFIED_FULL,0.0079856348972815,1.229766006862362e-05,64.0,1024.0,2000.0,False,5.0,pooled,,,,,,,17.0,20.0,mvp__ltx__ltx_2b_0_9_8_distilled__linear__slot_26,local optuna_summary.json,different_backbone_ablation/ltx_2b/mvp/linear/mvp_probe_linear_ltx_video_ltxv_2b_0_9_8_distilled_20260602T184247Z/layer_noise_0.4_block_14/train/optuna_summary.json,Config recovered from local result datastore; existing non-null values were preserved. LTX JSON normalized: layer is probe slot; depth_layer_id is transformer block.,True,True,True,full_config
MVP,ltx,LTX-Video,LTX-2B,Linear,27,27,27,noise_0.4_block_21,VERIFIED_FULL,0.0001465655388622,4.247116662617142e-07,32.0,1024.0,500.0,False,5.0,pooled,,,,,,,5.0,20.0,mvp__ltx__ltx_2b_0_9_8_distilled__linear__slot_27,local optuna_summary.json,different_backbone_ablation/ltx_2b/mvp/linear/mvp_probe_linear_ltx_video_ltxv_2b_0_9_8_distilled_20260602T184247Z/layer_noise_0.4_block_21/train/optuna_summary.json,Config recovered from local result datastore; existing non-null values were preserved. LTX JSON normalized: layer is probe slot; depth_layer_id is transformer block.,True,True,True,full_config
MVP,ltx,LTX-Video,LTX-2B,Linear,28,28,28,noise_0.4_block_28,VERIFIED_FULL,0.0002334586407601,0.0005141096648805,128.0,1024.0,1000.0,False,5.0,pooled,,,,,,,2.0,20.0,mvp__ltx__ltx_2b_0_9_8_distilled__linear__slot_28,local optuna_summary.json,different_backbone_ablation/ltx_2b/mvp/linear/mvp_probe_linear_ltx_video_ltxv_2b_0_9_8_distilled_20260602T184247Z/layer_noise_0.4_block_28/train/optuna_summary.json,Config recovered from local result datastore; existing non-null values were preserved. LTX JSON normalized: layer is probe slot; depth_layer_id is transformer block.,True,True,True,full_config
MVP,ltx,LTX-Video,LTX-2B,Linear,29,29,29,noise_0.3_block_7,VERIFIED_FULL,0.007804961511044,7.282431692574398e-05,64.0,1024.0,2000.0,False,5.0,pooled,,,,,,,12.0,20.0,mvp__ltx__ltx_2b_0_9_8_distilled__linear__slot_29,local optuna_summary.json,different_backbone_ablation/ltx_2b/mvp/linear/mvp_probe_linear_ltx_video_ltxv_2b_0_9_8_distilled_20260602T184247Z/layer_noise_0.3_block_7/train/optuna_summary.json,Config recovered from local result datastore; existing non-null values were preserved. LTX JSON normalized: layer is probe slot; depth_layer_id is transformer block.,True,True,True,full_config
MVP,ltx,LTX-Video,LTX-2B,Linear,30,30,30,noise_0.3_block_14,VERIFIED_FULL,0.0001329291894316,0.0050615768887523,32.0,1024.0,2000.0,False,5.0,pooled,,,,,,,0.0,20.0,mvp__ltx__ltx_2b_0_9_8_distilled__linear__slot_30,local optuna_summary.json,different_backbone_ablation/ltx_2b/mvp/linear/mvp_probe_linear_ltx_video_ltxv_2b_0_9_8_distilled_20260602T184247Z/layer_noise_0.3_block_14/train/optuna_summary.json,Config recovered from local result datastore; existing non-null values were preserved. LTX JSON normalized: layer is probe slot; depth_layer_id is transformer block.,True,True,True,full_config
MVP,ltx,LTX-Video,LTX-2B,Linear,31,31,31,noise_0.3_block_21,VERIFIED_FULL,0.0001329291894316,0.0050615768887523,32.0,1024.0,2000.0,False,5.0,pooled,,,,,,,0.0,20.0,mvp__ltx__ltx_2b_0_9_8_distilled__linear__slot_31,local optuna_summary.json,different_backbone_ablation/ltx_2b/mvp/linear/mvp_probe_linear_ltx_video_ltxv_2b_0_9_8_distilled_20260602T184247Z/layer_noise_0.3_block_21/train/optuna_summary.json,Config recovered from local result datastore; existing non-null values were preserved. LTX JSON normalized: layer is probe slot; depth_layer_id is transformer block.,True,True,True,full_config
MVP,ltx,LTX-Video,LTX-2B,Linear,32,32,32,noise_0.3_block_28,VERIFIED_FULL,0.0002334586407601,0.0005141096648805,128.0,1024.0,1000.0,False,5.0,pooled,,,,,,,2.0,20.0,mvp__ltx__ltx_2b_0_9_8_distilled__linear__slot_32,local optuna_summary.json,different_backbone_ablation/ltx_2b/mvp/linear/mvp_probe_linear_ltx_video_ltxv_2b_0_9_8_distilled_20260602T184247Z/layer_noise_0.3_block_28/train/optuna_summary.json,Config recovered from local result datastore; existing non-null values were preserved. LTX JSON normalized: layer is probe slot; depth_layer_id is transformer block.,True,True,True,full_config
MVP,ltx,LTX-Video,LTX-2B,Linear,33,33,33,noise_0.2_block_7,VERIFIED_FULL,0.0011740085777673,5.506354832190182e-05,64.0,1024.0,2000.0,False,5.0,pooled,,,,,,,14.0,20.0,mvp__ltx__ltx_2b_0_9_8_distilled__linear__slot_33,local optuna_summary.json,different_backbone_ablation/ltx_2b/mvp/linear/mvp_probe_linear_ltx_video_ltxv_2b_0_9_8_distilled_20260603T201513Z/layer_noise_0.2_block_7/train/optuna_summary.json,Config recovered from local result datastore; existing non-null values were preserved. LTX JSON normalized: layer is probe slot; depth_layer_id is transformer block.,True,True,True,full_config
MVP,ltx,LTX-Video,LTX-2B,Linear,34,34,34,noise_0.2_block_14,VERIFIED_FULL,0.0002334586407601,0.0005141096648805,128.0,1024.0,1000.0,False,5.0,pooled,,,,,,,2.0,20.0,mvp__ltx__ltx_2b_0_9_8_distilled__linear__slot_34,local optuna_summary.json,different_backbone_ablation/ltx_2b/mvp/linear/mvp_probe_linear_ltx_video_ltxv_2b_0_9_8_distilled_20260603T201513Z/layer_noise_0.2_block_14/train/optuna_summary.json,Config recovered from local result datastore; existing non-null values were preserved. LTX JSON normalized: layer is probe slot; depth_layer_id is transformer block.,True,True,True,full_config
MVP,ltx,LTX-Video,LTX-2B,Linear,35,35,35,noise_0.2_block_21,VERIFIED_FULL,0.0010545829355582,7.282431692574398e-05,64.0,1024.0,2000.0,False,5.0,pooled,,,,,,,12.0,20.0,mvp__ltx__ltx_2b_0_9_8_distilled__linear__slot_35,local optuna_summary.json,different_backbone_ablation/ltx_2b/mvp/linear/mvp_probe_linear_ltx_video_ltxv_2b_0_9_8_distilled_20260603T201513Z/layer_noise_0.2_block_21/train/optuna_summary.json,Config recovered from local result datastore; existing non-null values were preserved. LTX JSON normalized: layer is probe slot; depth_layer_id is transformer block.,True,True,True,full_config
MVP,ltx,LTX-Video,LTX-2B,Linear,36,36,36,noise_0.2_block_28,VERIFIED_FULL,0.0001329291894316,0.0050615768887523,32.0,1024.0,2000.0,False,5.0,pooled,,,,,,,0.0,20.0,mvp__ltx__ltx_2b_0_9_8_distilled__linear__slot_36,local optuna_summary.json,different_backbone_ablation/ltx_2b/mvp/linear/mvp_probe_linear_ltx_video_ltxv_2b_0_9_8_distilled_20260603T201513Z/layer_noise_0.2_block_28/train/optuna_summary.json,Config recovered from local result datastore; existing non-null values were preserved. LTX JSON normalized: layer is probe slot; depth_layer_id is transformer block.,True,True,True,full_config
MVP,ltx,LTX-Video,LTX-2B,Linear,37,37,37,noise_0.1_block_7,VERIFIED_FULL,0.007804961511044,7.282431692574398e-05,64.0,1024.0,2000.0,False,5.0,pooled,,,,,,,12.0,20.0,mvp__ltx__ltx_2b_0_9_8_distilled__linear__slot_37,local optuna_summary.json,different_backbone_ablation/ltx_2b/mvp/linear/mvp_probe_linear_ltx_video_ltxv_2b_0_9_8_distilled_20260603T201513Z/layer_noise_0.1_block_7/train/optuna_summary.json,Config recovered from local result datastore; existing non-null values were preserved. LTX JSON normalized: layer is probe slot; depth_layer_id is transformer block.,True,True,True,full_config
MVP,ltx,LTX-Video,LTX-2B,Linear,38,38,38,noise_0.1_block_14,VERIFIED_FULL,0.0010545829355582,7.282431692574398e-05,64.0,1024.0,2000.0,False,5.0,pooled,,,,,,,12.0,20.0,mvp__ltx__ltx_2b_0_9_8_distilled__linear__slot_38,local optuna_summary.json,different_backbone_ablation/ltx_2b/mvp/linear/mvp_probe_linear_ltx_video_ltxv_2b_0_9_8_distilled_20260603T201513Z/layer_noise_0.1_block_14/train/optuna_summary.json,Config recovered from local result datastore; existing non-null values were preserved. LTX JSON normalized: layer is probe slot; depth_layer_id is transformer block.,True,True,True,full_config
MVP,ltx,LTX-Video,LTX-2B,Linear,39,39,39,noise_0.1_block_21,VERIFIED_FULL,0.0055063395115975,1.5826958045938118e-05,64.0,1024.0,2000.0,False,5.0,pooled,,,,,,,19.0,20.0,mvp__ltx__ltx_2b_0_9_8_distilled__linear__slot_39,local optuna_summary.json,different_backbone_ablation/ltx_2b/mvp/linear/mvp_probe_linear_ltx_video_ltxv_2b_0_9_8_distilled_20260603T201513Z/layer_noise_0.1_block_21/train/optuna_summary.json,Config recovered from local result datastore; existing non-null values were preserved. LTX JSON normalized: layer is probe slot; depth_layer_id is transformer block.,True,True,True,full_config
MVP,ltx,LTX-Video,LTX-2B,Linear,40,40,40,noise_0.1_block_28,VERIFIED_FULL,0.0001329291894316,0.0050615768887523,32.0,1024.0,2000.0,False,5.0,pooled,,,,,,,0.0,20.0,mvp__ltx__ltx_2b_0_9_8_distilled__linear__slot_40,local optuna_summary.json,different_backbone_ablation/ltx_2b/mvp/linear/mvp_probe_linear_ltx_video_ltxv_2b_0_9_8_distilled_20260603T201513Z/layer_noise_0.1_block_28/train/optuna_summary.json,Config recovered from local result datastore; existing non-null values were preserved. LTX JSON normalized: layer is probe slot; depth_layer_id is transformer block.,True,True,True,full_config
MVP,ltx,LTX-Video,LTX-2B,MLP,1,1,1,noise_1.0_block_7,VERIFIED_FULL,0.0001329291894316,0.0050615768887523,32.0,1024.0,2000.0,False,5.0,pooled,[256],0.2159725093210578,,,,,0.0,20.0,mvp__ltx__ltx_2b_0_9_8_distilled__mlp__slot_1,local optuna_summary.json,different_backbone_ablation/ltx_2b/mvp/mlp/mvp_probe_mlp_ltx_video_ltxv_2b_0_9_8_distilled_20260603T080457Z/layer_noise_1.0_block_7/train/optuna_summary.json,Config recovered from local result datastore; existing non-null values were preserved. LTX JSON normalized: layer is probe slot; depth_layer_id is transformer block.,True,True,True,full_config
MVP,ltx,LTX-Video,LTX-2B,MLP,2,2,2,noise_1.0_block_14,VERIFIED_FULL,0.0001329291894316,0.0050615768887523,32.0,1024.0,2000.0,False,5.0,pooled,[256],0.2159725093210578,,,,,0.0,20.0,mvp__ltx__ltx_2b_0_9_8_distilled__mlp__slot_2,local optuna_summary.json,different_backbone_ablation/ltx_2b/mvp/mlp/mvp_probe_mlp_ltx_video_ltxv_2b_0_9_8_distilled_20260603T080457Z/layer_noise_1.0_block_14/train/optuna_summary.json,Config recovered from local result datastore; existing non-null values were preserved. LTX JSON normalized: layer is probe slot; depth_layer_id is transformer block.,True,True,True,full_config
MVP,ltx,LTX-Video,LTX-2B,MLP,3,3,3,noise_1.0_block_21,VERIFIED_FULL,0.0001329291894316,0.0050615768887523,32.0,1024.0,2000.0,False,5.0,pooled,[256],0.2159725093210578,,,,,0.0,20.0,mvp__ltx__ltx_2b_0_9_8_distilled__mlp__slot_3,local optuna_summary.json,different_backbone_ablation/ltx_2b/mvp/mlp/mvp_probe_mlp_ltx_video_ltxv_2b_0_9_8_distilled_20260603T080457Z/layer_noise_1.0_block_21/train/optuna_summary.json,Config recovered from local result datastore; existing non-null values were preserved. LTX JSON normalized: layer is probe slot; depth_layer_id is transformer block.,True,True,True,full_config
MVP,ltx,LTX-Video,LTX-2B,MLP,4,4,4,noise_1.0_block_28,VERIFIED_FULL,0.0001329291894316,0.0050615768887523,32.0,1024.0,2000.0,False,5.0,pooled,[256],0.2159725093210578,,,,,0.0,20.0,mvp__ltx__ltx_2b_0_9_8_distilled__mlp__slot_4,local optuna_summary.json,different_backbone_ablation/ltx_2b/mvp/mlp/mvp_probe_mlp_ltx_video_ltxv_2b_0_9_8_distilled_20260603T080457Z/layer_noise_1.0_block_28/train/optuna_summary.json,Config recovered from local result datastore; existing non-null values were preserved. LTX JSON normalized: layer is probe slot; depth_layer_id is transformer block.,True,True,True,full_config
MVP,ltx,LTX-Video,LTX-2B,MLP,5,5,5,noise_0.9_block_7,VERIFIED_FULL,0.0001329291894316,0.0050615768887523,32.0,1024.0,2000.0,False,5.0,pooled,[256],0.2159725093210578,,,,,0.0,20.0,mvp__ltx__ltx_2b_0_9_8_distilled__mlp__slot_5,local optuna_summary.json,different_backbone_ablation/ltx_2b/mvp/mlp/mvp_probe_mlp_ltx_video_ltxv_2b_0_9_8_distilled_20260603T080457Z/layer_noise_0.9_block_7/train/optuna_summary.json,Config recovered from local result datastore; existing non-null values were preserved. LTX JSON normalized: layer is probe slot; depth_layer_id is transformer block.,True,True,True,full_config
MVP,ltx,LTX-Video,LTX-2B,MLP,6,6,6,noise_0.9_block_14,VERIFIED_FULL,0.0001329291894316,0.0050615768887523,32.0,1024.0,2000.0,False,5.0,pooled,[256],0.2159725093210578,,,,,0.0,20.0,mvp__ltx__ltx_2b_0_9_8_distilled__mlp__slot_6,local optuna_summary.json,different_backbone_ablation/ltx_2b/mvp/mlp/mvp_probe_mlp_ltx_video_ltxv_2b_0_9_8_distilled_20260603T080457Z/layer_noise_0.9_block_14/train/optuna_summary.json,Config recovered from local result datastore; existing non-null values were preserved. LTX JSON normalized: layer is probe slot; depth_layer_id is transformer block.,True,True,True,full_config
MVP,ltx,LTX-Video,LTX-2B,MLP,7,7,7,noise_0.9_block_21,VERIFIED_FULL,0.0001329291894316,0.0050615768887523,32.0,1024.0,2000.0,False,5.0,pooled,[256],0.2159725093210578,,,,,0.0,20.0,mvp__ltx__ltx_2b_0_9_8_distilled__mlp__slot_7,local optuna_summary.json,different_backbone_ablation/ltx_2b/mvp/mlp/mvp_probe_mlp_ltx_video_ltxv_2b_0_9_8_distilled_20260603T080457Z/layer_noise_0.9_block_21/train/optuna_summary.json,Config recovered from local result datastore; existing non-null values were preserved. LTX JSON normalized: layer is probe slot; depth_layer_id is transformer block.,True,True,True,full_config
MVP,ltx,LTX-Video,LTX-2B,MLP,8,8,8,noise_0.9_block_28,VERIFIED_FULL,0.0001103825166536,0.0072279109902502,32.0,1024.0,500.0,False,5.0,pooled,[1024],0.4741199884881519,,,,,14.0,20.0,mvp__ltx__ltx_2b_0_9_8_distilled__mlp__slot_8,local optuna_summary.json,different_backbone_ablation/ltx_2b/mvp/mlp/mvp_probe_mlp_ltx_video_ltxv_2b_0_9_8_distilled_20260603T080457Z/layer_noise_0.9_block_28/train/optuna_summary.json,Config recovered from local result datastore; existing non-null values were preserved. LTX JSON normalized: layer is probe slot; depth_layer_id is transformer block.,True,True,True,full_config
MVP,ltx,LTX-Video,LTX-2B,MLP,9,9,9,noise_0.8_block_7,VERIFIED_FULL,0.0001329291894316,0.0050615768887523,32.0,1024.0,2000.0,False,5.0,pooled,[256],0.2159725093210578,,,,,0.0,20.0,mvp__ltx__ltx_2b_0_9_8_distilled__mlp__slot_9,local optuna_summary.json,different_backbone_ablation/ltx_2b/mvp/mlp/mvp_probe_mlp_ltx_video_ltxv_2b_0_9_8_distilled_20260603T080457Z/layer_noise_0.8_block_7/train/optuna_summary.json,Config recovered from local result datastore; existing non-null values were preserved. LTX JSON normalized: layer is probe slot; depth_layer_id is transformer block.,True,True,True,full_config
MVP,ltx,LTX-Video,LTX-2B,MLP,10,10,10,noise_0.8_block_14,VERIFIED_FULL,0.0001329291894316,0.0050615768887523,32.0,1024.0,2000.0,False,5.0,pooled,[256],0.2159725093210578,,,,,0.0,20.0,mvp__ltx__ltx_2b_0_9_8_distilled__mlp__slot_10,local optuna_summary.json,different_backbone_ablation/ltx_2b/mvp/mlp/mvp_probe_mlp_ltx_video_ltxv_2b_0_9_8_distilled_20260603T080457Z/layer_noise_0.8_block_14/train/optuna_summary.json,Config recovered from local result datastore; existing non-null values were preserved. LTX JSON normalized: layer is probe slot; depth_layer_id is transformer block.,True,True,True,full_config
MVP,ltx,LTX-Video,LTX-2B,MLP,11,11,11,noise_0.8_block_21,VERIFIED_FULL,0.0001329291894316,0.0050615768887523,32.0,1024.0,2000.0,False,5.0,pooled,[256],0.2159725093210578,,,,,0.0,20.0,mvp__ltx__ltx_2b_0_9_8_distilled__mlp__slot_11,local optuna_summary.json,different_backbone_ablation/ltx_2b/mvp/mlp/mvp_probe_mlp_ltx_video_ltxv_2b_0_9_8_distilled_20260603T231916Z/layer_noise_0.8_block_21/train/optuna_summary.json,Config recovered from local result datastore; existing non-null values were preserved. LTX JSON normalized: layer is probe slot; depth_layer_id is transformer block.,True,True,True,full_config
MVP,ltx,LTX-Video,LTX-2B,MLP,12,12,12,noise_0.8_block_28,VERIFIED_FULL,0.0003029610442821,1.3689795993592184e-05,32.0,1024.0,500.0,False,5.0,pooled,"[1024,512,1024]",0.4040601897822084,,,,,5.0,20.0,mvp__ltx__ltx_2b_0_9_8_distilled__mlp__slot_12,local optuna_summary.json,different_backbone_ablation/ltx_2b/mvp/mlp/mvp_probe_mlp_ltx_video_ltxv_2b_0_9_8_distilled_20260603T231916Z/layer_noise_0.8_block_28/train/optuna_summary.json,Config recovered from local result datastore; existing non-null values were preserved. LTX JSON normalized: layer is probe slot; depth_layer_id is transformer block.,True,True,True,full_config
MVP,ltx,LTX-Video,LTX-2B,MLP,13,13,13,noise_0.7_block_7,VERIFIED_FULL,0.0001329291894316,0.0050615768887523,32.0,1024.0,2000.0,False,5.0,pooled,[256],0.2159725093210578,,,,,0.0,20.0,mvp__ltx__ltx_2b_0_9_8_distilled__mlp__slot_13,local optuna_summary.json,different_backbone_ablation/ltx_2b/mvp/mlp/mvp_probe_mlp_ltx_video_ltxv_2b_0_9_8_distilled_20260603T231916Z/layer_noise_0.7_block_7/train/optuna_summary.json,Config recovered from local result datastore; existing non-null values were preserved. LTX JSON normalized: layer is probe slot; depth_layer_id is transformer block.,True,True,True,full_config
MVP,ltx,LTX-Video,LTX-2B,MLP,14,14,14,noise_0.7_block_14,VERIFIED_FULL,0.0001329291894316,0.0050615768887523,32.0,1024.0,2000.0,False,5.0,pooled,[256],0.2159725093210578,,,,,0.0,20.0,mvp__ltx__ltx_2b_0_9_8_distilled__mlp__slot_14,local optuna_summary.json,different_backbone_ablation/ltx_2b/mvp/mlp/mvp_probe_mlp_ltx_video_ltxv_2b_0_9_8_distilled_20260603T231916Z/layer_noise_0.7_block_14/train/optuna_summary.json,Config recovered from local result datastore; existing non-null values were preserved. LTX JSON normalized: layer is probe slot; depth_layer_id is transformer block.,True,True,True,full_config
MVP,ltx,LTX-Video,LTX-2B,MLP,15,15,15,noise_0.7_block_21,VERIFIED_FULL,0.0001329291894316,0.0050615768887523,32.0,1024.0,2000.0,False,5.0,pooled,[256],0.2159725093210578,,,,,0.0,20.0,mvp__ltx__ltx_2b_0_9_8_distilled__mlp__slot_15,local optuna_summary.json,different_backbone_ablation/ltx_2b/mvp/mlp/mvp_probe_mlp_ltx_video_ltxv_2b_0_9_8_distilled_20260603T231916Z/layer_noise_0.7_block_21/train/optuna_summary.json,Config recovered from local result datastore; existing non-null values were preserved. LTX JSON normalized: layer is probe slot; depth_layer_id is transformer block.,True,True,True,full_config
MVP,ltx,LTX-Video,LTX-2B,MLP,16,16,16,noise_0.7_block_28,VERIFIED_FULL,0.0001329291894316,0.0050615768887523,32.0,1024.0,2000.0,False,5.0,pooled,[256],0.2159725093210578,,,,,0.0,20.0,mvp__ltx__ltx_2b_0_9_8_distilled__mlp__slot_16,local optuna_summary.json,different_backbone_ablation/ltx_2b/mvp/mlp/mvp_probe_mlp_ltx_video_ltxv_2b_0_9_8_distilled_20260603T231916Z/layer_noise_0.7_block_28/train/optuna_summary.json,Config recovered from local result datastore; existing non-null values were preserved. LTX JSON normalized: layer is probe slot; depth_layer_id is transformer block.,True,True,True,full_config
MVP,ltx,LTX-Video,LTX-2B,MLP,17,17,17,noise_0.6_block_7,VERIFIED_FULL,0.0001329291894316,0.0050615768887523,32.0,1024.0,2000.0,False,5.0,pooled,[256],0.2159725093210578,,,,,0.0,20.0,mvp__ltx__ltx_2b_0_9_8_distilled__mlp__slot_17,local optuna_summary.json,different_backbone_ablation/ltx_2b/mvp/mlp/mvp_probe_mlp_ltx_video_ltxv_2b_0_9_8_distilled_20260603T231916Z/layer_noise_0.6_block_7/train/optuna_summary.json,Config recovered from local result datastore; existing non-null values were preserved. LTX JSON normalized: layer is probe slot; depth_layer_id is transformer block.,True,True,True,full_config
MVP,ltx,LTX-Video,LTX-2B,MLP,18,18,18,noise_0.6_block_14,VERIFIED_FULL,0.0001329291894316,0.0050615768887523,32.0,1024.0,2000.0,False,5.0,pooled,[256],0.2159725093210578,,,,,0.0,20.0,mvp__ltx__ltx_2b_0_9_8_distilled__mlp__slot_18,local optuna_summary.json,different_backbone_ablation/ltx_2b/mvp/mlp/mvp_probe_mlp_ltx_video_ltxv_2b_0_9_8_distilled_20260603T231916Z/layer_noise_0.6_block_14/train/optuna_summary.json,Config recovered from local result datastore; existing non-null values were preserved. LTX JSON normalized: layer is probe slot; depth_layer_id is transformer block.,True,True,True,full_config
MVP,ltx,LTX-Video,LTX-2B,MLP,19,19,19,noise_0.6_block_21,VERIFIED_FULL,0.0003402958160835,0.0012099111197749,128.0,1024.0,2000.0,False,5.0,pooled,[512],0.149026944893575,,,,,12.0,20.0,mvp__ltx__ltx_2b_0_9_8_distilled__mlp__slot_19,local optuna_summary.json,different_backbone_ablation/ltx_2b/mvp/mlp/mvp_probe_mlp_ltx_video_ltxv_2b_0_9_8_distilled_20260603T231916Z/layer_noise_0.6_block_21/train/optuna_summary.json,Config recovered from local result datastore; existing non-null values were preserved. LTX JSON normalized: layer is probe slot; depth_layer_id is transformer block.,True,True,True,full_config
MVP,ltx,LTX-Video,LTX-2B,MLP,20,20,20,noise_0.6_block_28,VERIFIED_FULL,0.0001329291894316,0.0050615768887523,32.0,1024.0,2000.0,False,5.0,pooled,[256],0.2159725093210578,,,,,0.0,20.0,mvp__ltx__ltx_2b_0_9_8_distilled__mlp__slot_20,local optuna_summary.json,different_backbone_ablation/ltx_2b/mvp/mlp/mvp_probe_mlp_ltx_video_ltxv_2b_0_9_8_distilled_20260603T231916Z/layer_noise_0.6_block_28/train/optuna_summary.json,Config recovered from local result datastore; existing non-null values were preserved. LTX JSON normalized: layer is probe slot; depth_layer_id is transformer block.,True,True,True,full_config
MVP,ltx,LTX-Video,LTX-2B,MLP,21,21,21,noise_0.5_block_7,VERIFIED_FULL,0.0001329291894316,0.0050615768887523,32.0,1024.0,2000.0,False,5.0,pooled,[256],0.2159725093210578,,,,,0.0,20.0,mvp__ltx__ltx_2b_0_9_8_distilled__mlp__slot_21,local optuna_summary.json,different_backbone_ablation/ltx_2b/mvp/mlp/mvp_probe_mlp_ltx_video_ltxv_2b_0_9_8_distilled_20260604T063952Z/layer_noise_0.5_block_7/train/optuna_summary.json,Config recovered from local result datastore; existing non-null values were preserved. LTX JSON normalized: layer is probe slot; depth_layer_id is transformer block.,True,True,True,full_config
MVP,ltx,LTX-Video,LTX-2B,MLP,22,22,22,noise_0.5_block_14,VERIFIED_FULL,0.0001329291894316,0.0050615768887523,32.0,1024.0,2000.0,False,5.0,pooled,[256],0.2159725093210578,,,,,0.0,20.0,mvp__ltx__ltx_2b_0_9_8_distilled__mlp__slot_22,local optuna_summary.json,different_backbone_ablation/ltx_2b/mvp/mlp/mvp_probe_mlp_ltx_video_ltxv_2b_0_9_8_distilled_20260604T063952Z/layer_noise_0.5_block_14/train/optuna_summary.json,Config recovered from local result datastore; existing non-null values were preserved. LTX JSON normalized: layer is probe slot; depth_layer_id is transformer block.,True,True,True,full_config
MVP,ltx,LTX-Video,LTX-2B,MLP,23,23,23,noise_0.5_block_21,VERIFIED_FULL,0.0001804950553325,6.617254002900423e-07,64.0,1024.0,500.0,False,5.0,pooled,[1024],0.1719723576317548,,,,,16.0,20.0,mvp__ltx__ltx_2b_0_9_8_distilled__mlp__slot_23,local optuna_summary.json,different_backbone_ablation/ltx_2b/mvp/mlp/mvp_probe_mlp_ltx_video_ltxv_2b_0_9_8_distilled_20260604T063952Z/layer_noise_0.5_block_21/train/optuna_summary.json,Config recovered from local result datastore; existing non-null values were preserved. LTX JSON normalized: layer is probe slot; depth_layer_id is transformer block.,True,True,True,full_config
MVP,ltx,LTX-Video,LTX-2B,MLP,24,24,24,noise_0.5_block_28,VERIFIED_FULL,0.0001329291894316,0.0050615768887523,32.0,1024.0,2000.0,False,5.0,pooled,[256],0.2159725093210578,,,,,0.0,20.0,mvp__ltx__ltx_2b_0_9_8_distilled__mlp__slot_24,local optuna_summary.json,different_backbone_ablation/ltx_2b/mvp/mlp/mvp_probe_mlp_ltx_video_ltxv_2b_0_9_8_distilled_20260604T063952Z/layer_noise_0.5_block_28/train/optuna_summary.json,Config recovered from local result datastore; existing non-null values were preserved. LTX JSON normalized: layer is probe slot; depth_layer_id is transformer block.,True,True,True,full_config
MVP,ltx,LTX-Video,LTX-2B,MLP,25,25,25,noise_0.4_block_7,VERIFIED_FULL,0.0001329291894316,0.0050615768887523,32.0,1024.0,2000.0,False,5.0,pooled,[256],0.2159725093210578,,,,,0.0,20.0,mvp__ltx__ltx_2b_0_9_8_distilled__mlp__slot_25,local optuna_summary.json,different_backbone_ablation/ltx_2b/mvp/mlp/mvp_probe_mlp_ltx_video_ltxv_2b_0_9_8_distilled_20260604T063952Z/layer_noise_0.4_block_7/train/optuna_summary.json,Config recovered from local result datastore; existing non-null values were preserved. LTX JSON normalized: layer is probe slot; depth_layer_id is transformer block.,True,True,True,full_config
MVP,ltx,LTX-Video,LTX-2B,MLP,26,26,26,noise_0.4_block_14,VERIFIED_FULL,0.0007816581332871,1.285671298605995e-06,64.0,1024.0,2000.0,False,5.0,pooled,[256],0.1926754506999439,,,,,18.0,20.0,mvp__ltx__ltx_2b_0_9_8_distilled__mlp__slot_26,local optuna_summary.json,different_backbone_ablation/ltx_2b/mvp/mlp/mvp_probe_mlp_ltx_video_ltxv_2b_0_9_8_distilled_20260604T063952Z/layer_noise_0.4_block_14/train/optuna_summary.json,Config recovered from local result datastore; existing non-null values were preserved. LTX JSON normalized: layer is probe slot; depth_layer_id is transformer block.,True,True,True,full_config
MVP,ltx,LTX-Video,LTX-2B,MLP,27,27,27,noise_0.4_block_21,VERIFIED_FULL,0.0001329291894316,0.0050615768887523,32.0,1024.0,2000.0,False,5.0,pooled,[256],0.2159725093210578,,,,,0.0,20.0,mvp__ltx__ltx_2b_0_9_8_distilled__mlp__slot_27,local optuna_summary.json,different_backbone_ablation/ltx_2b/mvp/mlp/mvp_probe_mlp_ltx_video_ltxv_2b_0_9_8_distilled_20260604T063952Z/layer_noise_0.4_block_21/train/optuna_summary.json,Config recovered from local result datastore; existing non-null values were preserved. LTX JSON normalized: layer is probe slot; depth_layer_id is transformer block.,True,True,True,full_config
MVP,ltx,LTX-Video,LTX-2B,MLP,28,28,28,noise_0.4_block_28,VERIFIED_FULL,0.0001329291894316,0.0050615768887523,32.0,1024.0,2000.0,False,5.0,pooled,[256],0.2159725093210578,,,,,0.0,20.0,mvp__ltx__ltx_2b_0_9_8_distilled__mlp__slot_28,local optuna_summary.json,different_backbone_ablation/ltx_2b/mvp/mlp/mvp_probe_mlp_ltx_video_ltxv_2b_0_9_8_distilled_20260604T063952Z/layer_noise_0.4_block_28/train/optuna_summary.json,Config recovered from local result datastore; existing non-null values were preserved. LTX JSON normalized: layer is probe slot; depth_layer_id is transformer block.,True,True,True,full_config
MVP,ltx,LTX-Video,LTX-2B,MLP,29,29,29,noise_0.3_block_7,VERIFIED_FULL,0.0001329291894316,0.0050615768887523,32.0,1024.0,2000.0,False,5.0,pooled,[256],0.2159725093210578,,,,,0.0,20.0,mvp__ltx__ltx_2b_0_9_8_distilled__mlp__slot_29,local optuna_summary.json,different_backbone_ablation/ltx_2b/mvp/mlp/mvp_probe_mlp_ltx_video_ltxv_2b_0_9_8_distilled_20260604T063952Z/layer_noise_0.3_block_7/train/optuna_summary.json,Config recovered from local result datastore; existing non-null values were preserved. LTX JSON normalized: layer is probe slot; depth_layer_id is transformer block.,True,True,True,full_config
MVP,ltx,LTX-Video,LTX-2B,MLP,30,30,30,noise_0.3_block_14,VERIFIED_FULL,0.0001329291894316,0.0050615768887523,32.0,1024.0,2000.0,False,5.0,pooled,[256],0.2159725093210578,,,,,0.0,20.0,mvp__ltx__ltx_2b_0_9_8_distilled__mlp__slot_30,local optuna_summary.json,different_backbone_ablation/ltx_2b/mvp/mlp/mvp_probe_mlp_ltx_video_ltxv_2b_0_9_8_distilled_20260604T063952Z/layer_noise_0.3_block_14/train/optuna_summary.json,Config recovered from local result datastore; existing non-null values were preserved. LTX JSON normalized: layer is probe slot; depth_layer_id is transformer block.,True,True,True,full_config
MVP,ltx,LTX-Video,LTX-2B,MLP,31,31,31,noise_0.3_block_21,VERIFIED_FULL,2.549623075806523e-05,0.0002760675147369,64.0,1024.0,2000.0,False,5.0,pooled,"[1024,512,256]",0.1648426652321959,,,,,18.0,20.0,mvp__ltx__ltx_2b_0_9_8_distilled__mlp__slot_31,local optuna_summary.json,different_backbone_ablation/ltx_2b/mvp/mlp/mvp_probe_mlp_ltx_video_ltxv_2b_0_9_8_distilled_20260604T064102Z/layer_noise_0.3_block_21/train/optuna_summary.json,Config recovered from local result datastore; existing non-null values were preserved. LTX JSON normalized: layer is probe slot; depth_layer_id is transformer block.,True,True,True,full_config
MVP,ltx,LTX-Video,LTX-2B,MLP,32,32,32,noise_0.3_block_28,VERIFIED_FULL,0.0001329291894316,0.0050615768887523,32.0,1024.0,2000.0,False,5.0,pooled,[256],0.2159725093210578,,,,,0.0,20.0,mvp__ltx__ltx_2b_0_9_8_distilled__mlp__slot_32,local optuna_summary.json,different_backbone_ablation/ltx_2b/mvp/mlp/mvp_probe_mlp_ltx_video_ltxv_2b_0_9_8_distilled_20260604T064102Z/layer_noise_0.3_block_28/train/optuna_summary.json,Config recovered from local result datastore; existing non-null values were preserved. LTX JSON normalized: layer is probe slot; depth_layer_id is transformer block.,True,True,True,full_config
MVP,ltx,LTX-Video,LTX-2B,MLP,33,33,33,noise_0.2_block_7,VERIFIED_FULL,0.0001329291894316,0.0050615768887523,32.0,1024.0,2000.0,False,5.0,pooled,[256],0.2159725093210578,,,,,0.0,20.0,mvp__ltx__ltx_2b_0_9_8_distilled__mlp__slot_33,local optuna_summary.json,different_backbone_ablation/ltx_2b/mvp/mlp/mvp_probe_mlp_ltx_video_ltxv_2b_0_9_8_distilled_20260604T064102Z/layer_noise_0.2_block_7/train/optuna_summary.json,Config recovered from local result datastore; existing non-null values were preserved. LTX JSON normalized: layer is probe slot; depth_layer_id is transformer block.,True,True,True,full_config
MVP,ltx,LTX-Video,LTX-2B,MLP,34,34,34,noise_0.2_block_14,VERIFIED_FULL,0.0001329291894316,0.0050615768887523,32.0,1024.0,2000.0,False,5.0,pooled,[256],0.2159725093210578,,,,,0.0,20.0,mvp__ltx__ltx_2b_0_9_8_distilled__mlp__slot_34,local optuna_summary.json,different_backbone_ablation/ltx_2b/mvp/mlp/mvp_probe_mlp_ltx_video_ltxv_2b_0_9_8_distilled_20260604T064102Z/layer_noise_0.2_block_14/train/optuna_summary.json,Config recovered from local result datastore; existing non-null values were preserved. LTX JSON normalized: layer is probe slot; depth_layer_id is transformer block.,True,True,True,full_config
MVP,ltx,LTX-Video,LTX-2B,MLP,35,35,35,noise_0.2_block_21,VERIFIED_FULL,3.353269039030964e-05,0.000220224425266,64.0,1024.0,2000.0,False,5.0,pooled,"[1024,512,256]",0.1550186135528007,,,,,15.0,20.0,mvp__ltx__ltx_2b_0_9_8_distilled__mlp__slot_35,local optuna_summary.json,different_backbone_ablation/ltx_2b/mvp/mlp/mvp_probe_mlp_ltx_video_ltxv_2b_0_9_8_distilled_20260604T064102Z/layer_noise_0.2_block_21/train/optuna_summary.json,Config recovered from local result datastore; existing non-null values were preserved. LTX JSON normalized: layer is probe slot; depth_layer_id is transformer block.,True,True,True,full_config
MVP,ltx,LTX-Video,LTX-2B,MLP,36,36,36,noise_0.2_block_28,VERIFIED_FULL,0.0001329291894316,0.0050615768887523,32.0,1024.0,2000.0,False,5.0,pooled,[256],0.2159725093210578,,,,,0.0,20.0,mvp__ltx__ltx_2b_0_9_8_distilled__mlp__slot_36,local optuna_summary.json,different_backbone_ablation/ltx_2b/mvp/mlp/mvp_probe_mlp_ltx_video_ltxv_2b_0_9_8_distilled_20260604T064102Z/layer_noise_0.2_block_28/train/optuna_summary.json,Config recovered from local result datastore; existing non-null values were preserved. LTX JSON normalized: layer is probe slot; depth_layer_id is transformer block.,True,True,True,full_config
MVP,ltx,LTX-Video,LTX-2B,MLP,37,37,37,noise_0.1_block_7,VERIFIED_FULL,0.0001329291894316,0.0050615768887523,32.0,1024.0,2000.0,False,5.0,pooled,[256],0.2159725093210578,,,,,0.0,20.0,mvp__ltx__ltx_2b_0_9_8_distilled__mlp__slot_37,local optuna_summary.json,different_backbone_ablation/ltx_2b/mvp/mlp/mvp_probe_mlp_ltx_video_ltxv_2b_0_9_8_distilled_20260604T064102Z/layer_noise_0.1_block_7/train/optuna_summary.json,Config recovered from local result datastore; existing non-null values were preserved. LTX JSON normalized: layer is probe slot; depth_layer_id is transformer block.,True,True,True,full_config
MVP,ltx,LTX-Video,LTX-2B,MLP,38,38,38,noise_0.1_block_14,VERIFIED_FULL,0.0001329291894316,0.0050615768887523,32.0,1024.0,2000.0,False,5.0,pooled,[256],0.2159725093210578,,,,,0.0,20.0,mvp__ltx__ltx_2b_0_9_8_distilled__mlp__slot_38,local optuna_summary.json,different_backbone_ablation/ltx_2b/mvp/mlp/mvp_probe_mlp_ltx_video_ltxv_2b_0_9_8_distilled_20260604T064102Z/layer_noise_0.1_block_14/train/optuna_summary.json,Config recovered from local result datastore; existing non-null values were preserved. LTX JSON normalized: layer is probe slot; depth_layer_id is transformer block.,True,True,True,full_config
MVP,ltx,LTX-Video,LTX-2B,MLP,39,39,39,noise_0.1_block_21,VERIFIED_FULL,0.0001329291894316,0.0050615768887523,32.0,1024.0,2000.0,False,5.0,pooled,[256],0.2159725093210578,,,,,0.0,20.0,mvp__ltx__ltx_2b_0_9_8_distilled__mlp__slot_39,local optuna_summary.json,different_backbone_ablation/ltx_2b/mvp/mlp/mvp_probe_mlp_ltx_video_ltxv_2b_0_9_8_distilled_20260604T064102Z/layer_noise_0.1_block_21/train/optuna_summary.json,Config recovered from local result datastore; existing non-null values were preserved. LTX JSON normalized: layer is probe slot; depth_layer_id is transformer block.,True,True,True,full_config
MVP,ltx,LTX-Video,LTX-2B,MLP,40,40,40,noise_0.1_block_28,VERIFIED_FULL,0.0001329291894316,0.0050615768887523,32.0,1024.0,2000.0,False,5.0,pooled,[256],0.2159725093210578,,,,,0.0,20.0,mvp__ltx__ltx_2b_0_9_8_distilled__mlp__slot_40,local optuna_summary.json,different_backbone_ablation/ltx_2b/mvp/mlp/mvp_probe_mlp_ltx_video_ltxv_2b_0_9_8_distilled_20260604T064102Z/layer_noise_0.1_block_28/train/optuna_summary.json,Config recovered from local result datastore; existing non-null values were preserved. LTX JSON normalized: layer is probe slot; depth_layer_id is transformer block.,True,True,True,full_config
