dataset,experiment,model_label,backbone,probe,layer_key,n_seeds,seeds,seed_source,test_primary_mean,test_primary_std,test_accuracy_mean,test_accuracy_std,val_primary_mean,val_primary_std,val_accuracy_mean,val_accuracy_std
intphys2,ltx,LTX-13B,LTX-13B,linear,id:1,3,"42,101,102",ready_manifest,0.0,0.0,50.0,0.0,0.0,0.0,50.0,0.0
intphys2,ltx,LTX-13B,LTX-13B,linear,id:10,3,"42,101,102",ready_manifest,21.56862745098037,3.9215686274509434,51.633986928104555,1.0204245095422013,13.725490196078427,6.792356108113241,51.96078431372547,0.4901960784313424
intphys2,ltx,LTX-13B,LTX-13B,linear,id:11,3,"42,101,102",ready_manifest,19.6078431372549,1.9607843137254974,51.633986928104555,1.8558524005883092,20.915032679738538,11.489147602122173,55.22875816993463,1.497573756521518
intphys2,ltx,LTX-13B,LTX-13B,linear,id:12,3,"42,101,102",ready_manifest,14.379084967320262,4.081698038168889,49.183006535947705,2.467266155317235,15.686274509803917,3.396178054056619,52.77777777777776,1.497573756521487
intphys2,ltx,LTX-13B,LTX-13B,linear,id:13,3,"42,101,102",ready_manifest,27.45098039215685,5.187747668754082,51.79738562091502,0.7487868782607849,16.339869281045747,4.081698038168887,50.6535947712418,0.2830148378380734
intphys2,ltx,LTX-13B,LTX-13B,linear,id:14,3,"42,101,102",ready_manifest,30.718954248366,1.132059351352193,54.08496732026143,0.7487868782607415,16.339869281045747,2.264118702704411,57.18954248366012,0.7487868782607834
intphys2,ltx,LTX-13B,LTX-13B,linear,id:15,3,"42,101,102",ready_manifest,29.41176470588234,1.9607843137254672,56.37254901960784,3.5348541916313603,27.450980392156854,6.79235610811323,53.92156862745097,0.8490445135141381
intphys2,ltx,LTX-13B,LTX-13B,linear,id:16,3,"42,101,102",ready_manifest,18.95424836601307,4.081698038168889,52.941176470588225,2.2463606347822975,14.379084967320232,7.92441545946541,54.411764705882334,0.9803921568627487
intphys2,ltx,LTX-13B,LTX-13B,linear,id:17,3,"42,101,102",ready_manifest,20.915032679738538,6.303039713067263,51.47058823529411,2.136715168402285,14.379084967320255,1.1320593513521942,53.75816993464053,1.7215120511197275
intphys2,ltx,LTX-13B,LTX-13B,linear,id:18,3,"42,101,102",ready_manifest,37.254901960784316,1.9607843137254868,59.15032679738562,1.8558524005883328,25.49019607843135,1.9607843137254921,57.51633986928103,1.41507418919025
intphys2,ltx,LTX-13B,LTX-13B,linear,id:19,3,"42,101,102",ready_manifest,30.065359477124183,8.163396076337774,54.41176470588234,1.767427095815657,22.875816993464028,2.264118702704372,57.51633986928104,1.1320593513522157
intphys2,ltx,LTX-13B,LTX-13B,linear,id:2,3,"42,101,102",ready_manifest,0.0,0.0,50.0,0.0,0.0,0.0,50.0,0.0
intphys2,ltx,LTX-13B,LTX-13B,linear,id:20,3,"42,101,102",ready_manifest,16.33986928104574,8.16339607633778,50.490196078431374,2.2463606347822758,21.568627450980387,3.3961780540566284,53.59477124183007,2.418079834468747
intphys2,ltx,LTX-13B,LTX-13B,linear,id:21,3,"42,101,102",ready_manifest,22.875816993464028,2.264118702704372,54.08496732026141,1.9811038648663266,14.379084967320251,2.995147513043037,54.08496732026143,1.0204245095422364
intphys2,ltx,LTX-13B,LTX-13B,linear,id:22,3,"42,101,102",ready_manifest,39.2156862745098,1.9607843137254868,59.47712418300651,1.233633077658622,30.718954248366003,4.934532310634466,58.16993464052287,0.28301483783803855
intphys2,ltx,LTX-13B,LTX-13B,linear,id:23,3,"42,101,102",ready_manifest,39.2156862745098,1.9607843137254868,58.98692810457515,2.6997894839637526,30.065359477124165,2.9951475130430345,58.660130718954235,1.2336330776585975
intphys2,ltx,LTX-13B,LTX-13B,linear,id:24,3,"42,101,102",ready_manifest,29.411764705882337,5.882352941176473,58.49673202614377,1.0204245095421915,16.99346405228758,6.303039713067291,55.06535947712416,1.5757599282668322
intphys2,ltx,LTX-13B,LTX-13B,linear,id:25,3,"42,101,102",ready_manifest,33.33333333333332,3.9215686274509807,55.228758169934615,0.7487868782607306,14.379084967320253,2.2641187027044087,54.411764705882334,2.871624278332789e-14
intphys2,ltx,LTX-13B,LTX-13B,linear,id:26,3,"42,101,102",ready_manifest,42.483660130718924,1.132059351352187,60.13071895424836,0.28301483783804265,36.60130718954248,1.1320593513522033,59.31372549019608,0.8490445135141526
intphys2,ltx,LTX-13B,LTX-13B,linear,id:27,3,"42,101,102",ready_manifest,34.640522875816984,2.2641187027044274,58.33333333333333,0.4901960784313708,23.529411764705856,1.9607843137254886,57.51633986928101,0.7487868782607711
intphys2,ltx,LTX-13B,LTX-13B,linear,id:28,3,"42,101,102",ready_manifest,26.79738562091502,4.528237405408816,54.73856209150325,2.4672661553172404,16.339869281045722,6.88604820447887,52.61437908496729,1.2336330776585749
intphys2,ltx,LTX-13B,LTX-13B,linear,id:29,3,"42,101,102",ready_manifest,32.02614379084966,7.924415459465451,55.88235294117644,1.7674270958157279,13.725490196078423,1.9607843137254797,55.06535947712418,0.5660296756761078
intphys2,ltx,LTX-13B,LTX-13B,linear,id:3,3,"42,101,102",ready_manifest,0.0,0.0,50.0,0.0,0.0,0.0,50.0,0.0
intphys2,ltx,LTX-13B,LTX-13B,linear,id:30,3,"42,101,102",ready_manifest,41.83006535947709,1.1320593513522381,61.928104575163374,1.575759928266835,38.56209150326794,2.9951475130429897,59.31372549019606,0.49019607843134594
intphys2,ltx,LTX-13B,LTX-13B,linear,id:31,3,"42,101,102",ready_manifest,29.411764705882334,1.9607843137255205,52.77777777777776,2.9547616535988803,31.37254901960783,1.9607843137254726,56.0457516339869,2.6997894839637806
intphys2,ltx,LTX-13B,LTX-13B,linear,id:32,3,"42,101,102",ready_manifest,27.450980392156847,3.39617805405661,51.79738562091501,1.233633077658662,17.64705882352939,8.985442539129064,52.450980392156865,0.8490445135141504
intphys2,ltx,LTX-13B,LTX-13B,linear,id:33,3,"42,101,102",ready_manifest,30.718954248365996,2.264118702704425,55.06535947712418,0.5660296756761078,17.64705882352938,3.9215686274509345,54.5751633986928,0.5660296756760955
intphys2,ltx,LTX-13B,LTX-13B,linear,id:34,3,"42,101,102",ready_manifest,47.05882352941174,3.692088357856443e-14,59.31372549019608,2.9411764705882284,40.52287581699344,6.303039713067267,59.31372549019607,0.980392156862731
intphys2,ltx,LTX-13B,LTX-13B,linear,id:35,3,"42,101,102",ready_manifest,35.29411764705882,1.9607843137254868,59.967320261437905,1.0204245095422217,36.60130718954248,1.1320593513522033,61.43790849673202,1.2336330776586295
intphys2,ltx,LTX-13B,LTX-13B,linear,id:36,3,"42,101,102",ready_manifest,30.718954248365993,4.081698038168914,54.41176470588235,1.2969369171885188,24.183006535947687,2.2641187027043923,55.22875816993463,1.0204245095422007
intphys2,ltx,LTX-13B,LTX-13B,linear,id:37,3,"42,101,102",ready_manifest,24.183006535947705,10.061963606758582,52.777777777777764,1.9811038648663475,15.686274509803908,5.187747668754116,52.614379084967325,0.5660296756761016
intphys2,ltx,LTX-13B,LTX-13B,linear,id:38,3,"42,101,102",ready_manifest,49.673202614379065,2.995147513043042,60.620915032679726,1.0204245095421989,33.33333333333333,3.9215686274509736,59.80392156862744,1.2969369171885416
intphys2,ltx,LTX-13B,LTX-13B,linear,id:39,3,"42,101,102",ready_manifest,35.94771241830065,2.264118702704415,56.04575163398693,0.5660296756761057,33.98692810457516,4.0816980381688825,61.111111111111086,0.28301483783803444
intphys2,ltx,LTX-13B,LTX-13B,linear,id:4,3,"42,101,102",ready_manifest,0.0,0.0,50.0,0.0,0.0,0.0,50.0,0.0
intphys2,ltx,LTX-13B,LTX-13B,linear,id:40,3,"42,101,102",ready_manifest,24.183006535947698,6.303039713067265,53.75816993464049,0.7487868782607446,29.41176470588233,3.396178054056637,57.02614379084966,0.7487868782607803
intphys2,ltx,LTX-13B,LTX-13B,linear,id:5,3,"42,101,102",ready_manifest,22.222222222222193,4.081698038168873,50.98039215686274,0.8490445135141628,13.725490196078418,1.9607843137255108,52.12418300653595,1.2336330776586195
intphys2,ltx,LTX-13B,LTX-13B,linear,id:6,3,"42,101,102",ready_manifest,24.18300653594771,4.934532310634479,52.77777777777777,1.1320593513522197,11.764705882352935,3.396178054056609,51.14379084967318,0.7487868782607958
intphys2,ltx,LTX-13B,LTX-13B,linear,id:7,3,"42,101,102",ready_manifest,15.032679738562084,1.1320593513522004,52.28758169934638,1.5757599282668664,13.725490196078423,1.9607843137254797,54.41176470588235,1.6980890270283153
intphys2,ltx,LTX-13B,LTX-13B,linear,id:8,3,"42,101,102",ready_manifest,13.071895424836587,2.2641187027044265,50.49019607843137,2.1367151684022883,20.915032679738534,1.1320593513521808,53.267973856209125,0.7487868782607199
intphys2,ltx,LTX-13B,LTX-13B,linear,id:9,3,"42,101,102",ready_manifest,19.60784313725488,7.069708383262695,49.34640522875817,0.7487868782607578,12.418300653594768,4.528237405408822,50.81699346405226,0.5660296756761263
intphys2,ltx,LTX-13B,LTX-13B,linear,label:noise_0.1_block_12,3,"42,101,102",ready_manifest,24.183006535947705,10.061963606758582,52.777777777777764,1.9811038648663475,15.686274509803908,5.187747668754116,52.614379084967325,0.5660296756761016
intphys2,ltx,LTX-13B,LTX-13B,linear,label:noise_0.1_block_24,3,"42,101,102",ready_manifest,49.673202614379065,2.995147513043042,60.620915032679726,1.0204245095421989,33.33333333333333,3.9215686274509736,59.80392156862744,1.2969369171885416
intphys2,ltx,LTX-13B,LTX-13B,linear,label:noise_0.1_block_36,3,"42,101,102",ready_manifest,35.94771241830065,2.264118702704415,56.04575163398693,0.5660296756761057,33.98692810457516,4.0816980381688825,61.111111111111086,0.28301483783803444
intphys2,ltx,LTX-13B,LTX-13B,linear,label:noise_0.1_block_48,3,"42,101,102",ready_manifest,24.183006535947698,6.303039713067265,53.75816993464049,0.7487868782607446,29.41176470588233,3.396178054056637,57.02614379084966,0.7487868782607803
intphys2,ltx,LTX-13B,LTX-13B,linear,label:noise_0.2_block_12,3,"42,101,102",ready_manifest,30.718954248365996,2.264118702704425,55.06535947712418,0.5660296756761078,17.64705882352938,3.9215686274509345,54.5751633986928,0.5660296756760955
intphys2,ltx,LTX-13B,LTX-13B,linear,label:noise_0.2_block_24,3,"42,101,102",ready_manifest,47.05882352941174,3.692088357856443e-14,59.31372549019608,2.9411764705882284,40.52287581699344,6.303039713067267,59.31372549019607,0.980392156862731
intphys2,ltx,LTX-13B,LTX-13B,linear,label:noise_0.2_block_36,3,"42,101,102",ready_manifest,35.29411764705882,1.9607843137254868,59.967320261437905,1.0204245095422217,36.60130718954248,1.1320593513522033,61.43790849673202,1.2336330776586295
intphys2,ltx,LTX-13B,LTX-13B,linear,label:noise_0.2_block_48,3,"42,101,102",ready_manifest,30.718954248365993,4.081698038168914,54.41176470588235,1.2969369171885188,24.183006535947687,2.2641187027043923,55.22875816993463,1.0204245095422007
intphys2,ltx,LTX-13B,LTX-13B,linear,label:noise_0.3_block_12,3,"42,101,102",ready_manifest,32.02614379084966,7.924415459465451,55.88235294117644,1.7674270958157279,13.725490196078423,1.9607843137254797,55.06535947712418,0.5660296756761078
intphys2,ltx,LTX-13B,LTX-13B,linear,label:noise_0.3_block_24,3,"42,101,102",ready_manifest,41.83006535947709,1.1320593513522381,61.928104575163374,1.575759928266835,38.56209150326794,2.9951475130429897,59.31372549019606,0.49019607843134594
intphys2,ltx,LTX-13B,LTX-13B,linear,label:noise_0.3_block_36,3,"42,101,102",ready_manifest,29.411764705882334,1.9607843137255205,52.77777777777776,2.9547616535988803,31.37254901960783,1.9607843137254726,56.0457516339869,2.6997894839637806
intphys2,ltx,LTX-13B,LTX-13B,linear,label:noise_0.3_block_48,3,"42,101,102",ready_manifest,27.450980392156847,3.39617805405661,51.79738562091501,1.233633077658662,17.64705882352939,8.985442539129064,52.450980392156865,0.8490445135141504
intphys2,ltx,LTX-13B,LTX-13B,linear,label:noise_0.4_block_12,3,"42,101,102",ready_manifest,33.33333333333332,3.9215686274509807,55.228758169934615,0.7487868782607306,14.379084967320253,2.2641187027044087,54.411764705882334,2.871624278332789e-14
intphys2,ltx,LTX-13B,LTX-13B,linear,label:noise_0.4_block_24,3,"42,101,102",ready_manifest,42.483660130718924,1.132059351352187,60.13071895424836,0.28301483783804265,36.60130718954248,1.1320593513522033,59.31372549019608,0.8490445135141526
intphys2,ltx,LTX-13B,LTX-13B,linear,label:noise_0.4_block_36,3,"42,101,102",ready_manifest,34.640522875816984,2.2641187027044274,58.33333333333333,0.4901960784313708,23.529411764705856,1.9607843137254886,57.51633986928101,0.7487868782607711
intphys2,ltx,LTX-13B,LTX-13B,linear,label:noise_0.4_block_48,3,"42,101,102",ready_manifest,26.79738562091502,4.528237405408816,54.73856209150325,2.4672661553172404,16.339869281045722,6.88604820447887,52.61437908496729,1.2336330776585749
intphys2,ltx,LTX-13B,LTX-13B,linear,label:noise_0.5_block_12,3,"42,101,102",ready_manifest,22.875816993464028,2.264118702704372,54.08496732026141,1.9811038648663266,14.379084967320251,2.995147513043037,54.08496732026143,1.0204245095422364
intphys2,ltx,LTX-13B,LTX-13B,linear,label:noise_0.5_block_24,3,"42,101,102",ready_manifest,39.2156862745098,1.9607843137254868,59.47712418300651,1.233633077658622,30.718954248366003,4.934532310634466,58.16993464052287,0.28301483783803855
intphys2,ltx,LTX-13B,LTX-13B,linear,label:noise_0.5_block_36,3,"42,101,102",ready_manifest,39.2156862745098,1.9607843137254868,58.98692810457515,2.6997894839637526,30.065359477124165,2.9951475130430345,58.660130718954235,1.2336330776585975
intphys2,ltx,LTX-13B,LTX-13B,linear,label:noise_0.5_block_48,3,"42,101,102",ready_manifest,29.411764705882337,5.882352941176473,58.49673202614377,1.0204245095421915,16.99346405228758,6.303039713067291,55.06535947712416,1.5757599282668322
intphys2,ltx,LTX-13B,LTX-13B,linear,label:noise_0.6_block_12,3,"42,101,102",ready_manifest,20.915032679738538,6.303039713067263,51.47058823529411,2.136715168402285,14.379084967320255,1.1320593513521942,53.75816993464053,1.7215120511197275
intphys2,ltx,LTX-13B,LTX-13B,linear,label:noise_0.6_block_24,3,"42,101,102",ready_manifest,37.254901960784316,1.9607843137254868,59.15032679738562,1.8558524005883328,25.49019607843135,1.9607843137254921,57.51633986928103,1.41507418919025
intphys2,ltx,LTX-13B,LTX-13B,linear,label:noise_0.6_block_36,3,"42,101,102",ready_manifest,30.065359477124183,8.163396076337774,54.41176470588234,1.767427095815657,22.875816993464028,2.264118702704372,57.51633986928104,1.1320593513522157
intphys2,ltx,LTX-13B,LTX-13B,linear,label:noise_0.6_block_48,3,"42,101,102",ready_manifest,16.33986928104574,8.16339607633778,50.490196078431374,2.2463606347822758,21.568627450980387,3.3961780540566284,53.59477124183007,2.418079834468747
intphys2,ltx,LTX-13B,LTX-13B,linear,label:noise_0.7_block_12,3,"42,101,102",ready_manifest,27.45098039215685,5.187747668754082,51.79738562091502,0.7487868782607849,16.339869281045747,4.081698038168887,50.6535947712418,0.2830148378380734
intphys2,ltx,LTX-13B,LTX-13B,linear,label:noise_0.7_block_24,3,"42,101,102",ready_manifest,30.718954248366,1.132059351352193,54.08496732026143,0.7487868782607415,16.339869281045747,2.264118702704411,57.18954248366012,0.7487868782607834
intphys2,ltx,LTX-13B,LTX-13B,linear,label:noise_0.7_block_36,3,"42,101,102",ready_manifest,29.41176470588234,1.9607843137254672,56.37254901960784,3.5348541916313603,27.450980392156854,6.79235610811323,53.92156862745097,0.8490445135141381
intphys2,ltx,LTX-13B,LTX-13B,linear,label:noise_0.7_block_48,3,"42,101,102",ready_manifest,18.95424836601307,4.081698038168889,52.941176470588225,2.2463606347822975,14.379084967320232,7.92441545946541,54.411764705882334,0.9803921568627487
intphys2,ltx,LTX-13B,LTX-13B,linear,label:noise_0.8_block_12,3,"42,101,102",ready_manifest,19.60784313725488,7.069708383262695,49.34640522875817,0.7487868782607578,12.418300653594768,4.528237405408822,50.81699346405226,0.5660296756761263
intphys2,ltx,LTX-13B,LTX-13B,linear,label:noise_0.8_block_24,3,"42,101,102",ready_manifest,21.56862745098037,3.9215686274509434,51.633986928104555,1.0204245095422013,13.725490196078427,6.792356108113241,51.96078431372547,0.4901960784313424
intphys2,ltx,LTX-13B,LTX-13B,linear,label:noise_0.8_block_36,3,"42,101,102",ready_manifest,19.6078431372549,1.9607843137254974,51.633986928104555,1.8558524005883092,20.915032679738538,11.489147602122173,55.22875816993463,1.497573756521518
intphys2,ltx,LTX-13B,LTX-13B,linear,label:noise_0.8_block_48,3,"42,101,102",ready_manifest,14.379084967320262,4.081698038168889,49.183006535947705,2.467266155317235,15.686274509803917,3.396178054056619,52.77777777777776,1.497573756521487
intphys2,ltx,LTX-13B,LTX-13B,linear,label:noise_0.9_block_12,3,"42,101,102",ready_manifest,22.222222222222193,4.081698038168873,50.98039215686274,0.8490445135141628,13.725490196078418,1.9607843137255108,52.12418300653595,1.2336330776586195
intphys2,ltx,LTX-13B,LTX-13B,linear,label:noise_0.9_block_24,3,"42,101,102",ready_manifest,24.18300653594771,4.934532310634479,52.77777777777777,1.1320593513522197,11.764705882352935,3.396178054056609,51.14379084967318,0.7487868782607958
intphys2,ltx,LTX-13B,LTX-13B,linear,label:noise_0.9_block_36,3,"42,101,102",ready_manifest,15.032679738562084,1.1320593513522004,52.28758169934638,1.5757599282668664,13.725490196078423,1.9607843137254797,54.41176470588235,1.6980890270283153
intphys2,ltx,LTX-13B,LTX-13B,linear,label:noise_0.9_block_48,3,"42,101,102",ready_manifest,13.071895424836587,2.2641187027044265,50.49019607843137,2.1367151684022883,20.915032679738534,1.1320593513521808,53.267973856209125,0.7487868782607199
intphys2,ltx,LTX-13B,LTX-13B,linear,label:noise_1.0_block_12,3,"42,101,102",ready_manifest,0.0,0.0,50.0,0.0,0.0,0.0,50.0,0.0
intphys2,ltx,LTX-13B,LTX-13B,linear,label:noise_1.0_block_24,3,"42,101,102",ready_manifest,0.0,0.0,50.0,0.0,0.0,0.0,50.0,0.0
intphys2,ltx,LTX-13B,LTX-13B,linear,label:noise_1.0_block_36,3,"42,101,102",ready_manifest,0.0,0.0,50.0,0.0,0.0,0.0,50.0,0.0
intphys2,ltx,LTX-13B,LTX-13B,linear,label:noise_1.0_block_48,3,"42,101,102",ready_manifest,0.0,0.0,50.0,0.0,0.0,0.0,50.0,0.0
intphys2,ltx,LTX-13B,LTX-13B,mlp,id:1,3,"42,101,102",ready_manifest,0.0,0.0,50.0,0.0,0.0,0.0,50.0,0.0
intphys2,ltx,LTX-13B,LTX-13B,mlp,id:10,3,"42,101,102",ready_manifest,12.41830065359476,4.0816980381688825,50.490196078431374,1.296936917188527,8.496732026143784,6.303039713067278,51.470588235294095,0.9803921568627167
intphys2,ltx,LTX-13B,LTX-13B,mlp,id:11,3,"42,101,102",ready_manifest,20.26143790849673,1.1320593513522086,57.35294117647058,0.8490445135141628,20.261437908496703,2.2641187027043883,58.82352941176468,0.8490445135141279
intphys2,ltx,LTX-13B,LTX-13B,mlp,id:12,3,"42,101,102",ready_manifest,19.60784313725487,1.9607843137254442,50.490196078431374,1.470588235294123,10.457516339869276,6.3030397130672835,52.94117647058822,1.2969369171884906
intphys2,ltx,LTX-13B,LTX-13B,mlp,id:13,3,"42,101,102",ready_manifest,27.45098039215685,5.187747668754081,57.18954248366013,1.9811038648663633,18.300653594771237,1.1320593513522115,56.209150326797364,0.2830148378380939
intphys2,ltx,LTX-13B,LTX-13B,mlp,id:14,3,"42,101,102",ready_manifest,30.718954248366003,6.303039713067286,52.6143790849673,1.7215120511197306,15.032679738562063,7.423409602353251,54.24836601307188,0.7487868782607547
intphys2,ltx,LTX-13B,LTX-13B,mlp,id:15,3,"42,101,102",ready_manifest,33.33333333333332,1.960784313725478,59.31372549019605,1.7674270958157319,28.104575163398682,4.93453231063446,58.33333333333332,2.0511601988091347e-14
intphys2,ltx,LTX-13B,LTX-13B,mlp,id:16,3,"42,101,102",ready_manifest,21.568627450980394,5.1877476687541,50.980392156862735,1.7674270958156806,13.071895424836601,5.990295026086065,54.08496732026143,1.0204245095422364
intphys2,ltx,LTX-13B,LTX-13B,mlp,id:17,3,"42,101,102",ready_manifest,24.836601307189515,1.1320593513522546,57.51633986928103,1.2336330776586402,16.993464052287578,1.1320593513522044,56.53594771241828,0.748786878260788
intphys2,ltx,LTX-13B,LTX-13B,mlp,id:18,3,"42,101,102",ready_manifest,35.29411764705881,1.960784313725508,62.418300653594756,0.7487868782607261,28.10457516339868,1.1320593513521788,58.16993464052288,0.5660296756760976
intphys2,ltx,LTX-13B,LTX-13B,mlp,id:19,3,"42,101,102",ready_manifest,35.29411764705881,1.9607843137254939,54.901960784313715,1.7674270958156728,30.06535947712417,1.1320593513522197,58.82352941176468,0.8490445135141915
intphys2,ltx,LTX-13B,LTX-13B,mlp,id:2,3,"42,101,102",ready_manifest,0.0,0.0,50.0,0.0,0.0,0.0,50.0,0.0
intphys2,ltx,LTX-13B,LTX-13B,mlp,id:20,3,"42,101,102",ready_manifest,31.372549019607828,1.9607843137254868,56.209150326797364,2.0408490190844177,18.95424836601304,2.9951475130429936,55.88235294117645,0.4901960784313708
intphys2,ltx,LTX-13B,LTX-13B,mlp,id:21,3,"42,101,102",ready_manifest,22.875816993464028,2.995147513043,52.45098039215686,0.9803921568627416,14.379084967320232,6.303039713067239,52.28758169934639,0.28301483783803033
intphys2,ltx,LTX-13B,LTX-13B,mlp,id:22,3,"42,101,102",ready_manifest,35.94771241830065,1.1320593513522157,54.73856209150326,1.497573756521522,31.37254901960783,1.9607843137254726,55.88235294117647,0.49019607843137436
intphys2,ltx,LTX-13B,LTX-13B,mlp,id:23,3,"42,101,102",ready_manifest,33.33333333333332,3.396178054056651,54.08496732026142,1.4975737565215521,29.41176470588234,1.9607843137254672,57.51633986928101,1.7215120511197322
intphys2,ltx,LTX-13B,LTX-13B,mlp,id:24,3,"42,101,102",ready_manifest,28.7581699346405,2.9951475130430723,60.62091503267973,0.5660296756761161,20.261437908496728,2.995147513043037,57.35294117647056,5.3330165169037506e-14
intphys2,ltx,LTX-13B,LTX-13B,mlp,id:25,3,"42,101,102",ready_manifest,15.032679738562083,2.2641187027044243,50.16339869281045,1.23363307765862,18.954248366013044,7.924415459465426,51.14379084967319,0.7487868782607695
intphys2,ltx,LTX-13B,LTX-13B,mlp,id:26,3,"42,101,102",ready_manifest,36.60130718954248,2.264118702704411,61.11111111111111,1.0204245095422178,36.60130718954248,2.264118702704411,62.09150326797384,0.2830148378380775
intphys2,ltx,LTX-13B,LTX-13B,mlp,id:27,3,"42,101,102",ready_manifest,36.601307189542474,2.9951475130430523,58.00653594771241,1.4975737565215381,24.183006535947687,1.1320593513521664,58.00653594771241,0.5660296756760955
intphys2,ltx,LTX-13B,LTX-13B,mlp,id:28,3,"42,101,102",ready_manifest,35.294117647058805,6.792356108113282,58.16993464052287,0.7487868782607571,18.954248366013072,1.1320593513522064,55.71895424836599,0.2830148378380283
intphys2,ltx,LTX-13B,LTX-13B,mlp,id:29,3,"42,101,102",ready_manifest,27.450980392156836,3.396178054056643,58.33333333333333,1.7674270958156668,17.647058823529413,1.9607843137254894,57.189542483660105,0.7487868782607501
intphys2,ltx,LTX-13B,LTX-13B,mlp,id:3,3,"42,101,102",ready_manifest,0.0,0.0,50.0,0.0,0.0,0.0,50.0,0.0
intphys2,ltx,LTX-13B,LTX-13B,mlp,id:30,3,"42,101,102",ready_manifest,39.21568627450977,3.3961780540565916,53.59477124183006,1.8558524005883381,35.947712418300654,2.9951475130430323,54.5751633986928,0.5660296756760955
intphys2,ltx,LTX-13B,LTX-13B,mlp,id:31,3,"42,101,102",ready_manifest,33.33333333333332,1.960784313725478,59.640522875816984,0.7487868782607446,34.640522875816984,2.995147513043032,58.98692810457514,1.233633077658646
intphys2,ltx,LTX-13B,LTX-13B,mlp,id:32,3,"42,101,102",ready_manifest,25.490196078431342,3.3961780540566755,53.92156862745096,0.8490445135141361,20.261437908496703,2.2641187027043883,56.69934640522873,0.5660296756760483
intphys2,ltx,LTX-13B,LTX-13B,mlp,id:33,3,"42,101,102",ready_manifest,18.300653594771234,2.995147513043043,51.47058823529411,0.9803921568627487,13.725490196078404,10.917185025156869,52.12418300653593,1.0204245095422155
intphys2,ltx,LTX-13B,LTX-13B,mlp,id:34,3,"42,101,102",ready_manifest,45.09803921568625,3.396178054056604,62.09150326797384,1.4975737565215188,40.52287581699344,4.528237405408805,62.254901960784295,0.8490445135141218
intphys2,ltx,LTX-13B,LTX-13B,mlp,id:35,3,"42,101,102",ready_manifest,35.29411764705881,1.9607843137254939,60.94771241830065,0.7487868782607703,41.17647058823526,1.9607843137254903,63.56209150326797,0.7487868782607602
intphys2,ltx,LTX-13B,LTX-13B,mlp,id:36,3,"42,101,102",ready_manifest,37.25490196078428,5.187747668754064,56.69934640522874,3.18941524443513,22.875816993464024,4.081698038168903,56.535947712418285,0.2830148378380611
intphys2,ltx,LTX-13B,LTX-13B,mlp,id:37,3,"42,101,102",ready_manifest,29.41176470588234,1.9607843137254672,58.82352941176469,0.9803921568627771,21.568627450980365,3.396178054056597,56.8627450980392,0.4901960784313921
intphys2,ltx,LTX-13B,LTX-13B,mlp,id:38,3,"42,101,102",ready_manifest,44.444444444444414,2.2641187027044354,59.64052287581698,1.132059351352224,30.065359477124183,8.163396076337774,57.35294117647056,1.7674270958156373
intphys2,ltx,LTX-13B,LTX-13B,mlp,id:39,3,"42,101,102",ready_manifest,41.17647058823527,3.396178054056598,59.47712418300651,1.233633077658622,39.869281045751606,2.9951475130429865,61.764705882352935,1.296936917188539
intphys2,ltx,LTX-13B,LTX-13B,mlp,id:4,3,"42,101,102",ready_manifest,0.0,0.0,50.0,0.0,0.0,0.0,50.0,0.0
intphys2,ltx,LTX-13B,LTX-13B,mlp,id:40,3,"42,101,102",ready_manifest,18.954248366013065,4.081698038168895,48.202614379084956,1.4975737565215026,28.10457516339868,2.2641187027044025,53.10457516339869,1.233633077658613
intphys2,ltx,LTX-13B,LTX-13B,mlp,id:5,3,"42,101,102",ready_manifest,22.222222222222214,5.660296756761048,52.77777777777775,2.0408490190844844,13.071895424836574,10.799157935855062,51.470588235294116,0.4901960784313779
intphys2,ltx,LTX-13B,LTX-13B,mlp,id:6,3,"42,101,102",ready_manifest,15.686274509803916,1.9607843137254903,50.326797385620885,1.2336330776586153,8.49673202614378,4.93453231063446,51.79738562091502,1.0204245095422098
intphys2,ltx,LTX-13B,LTX-13B,mlp,id:7,3,"42,101,102",ready_manifest,32.679738562091494,2.99514751304302,56.69934640522875,0.2830148378380447,13.071895424836594,2.995147513043023,55.88235294117645,0.4901960784313708
intphys2,ltx,LTX-13B,LTX-13B,mlp,id:8,3,"42,101,102",ready_manifest,14.379084967320251,1.1320593513522157,52.94117647058821,2.7292962562892606,16.99346405228755,4.081698038168836,58.49673202614379,0.2830148378380488
intphys2,ltx,LTX-13B,LTX-13B,mlp,id:9,3,"42,101,102",ready_manifest,20.915032679738562,7.924415459465452,50.490196078431346,0.4901960784313708,11.111111111111104,4.081698038168875,50.3267973856209,0.5660296756760771
intphys2,ltx,LTX-13B,LTX-13B,mlp,label:noise_0.1_block_12,3,"42,101,102",ready_manifest,29.41176470588234,1.9607843137254672,58.82352941176469,0.9803921568627771,21.568627450980365,3.396178054056597,56.8627450980392,0.4901960784313921
intphys2,ltx,LTX-13B,LTX-13B,mlp,label:noise_0.1_block_24,3,"42,101,102",ready_manifest,44.444444444444414,2.2641187027044354,59.64052287581698,1.132059351352224,30.065359477124183,8.163396076337774,57.35294117647056,1.7674270958156373
intphys2,ltx,LTX-13B,LTX-13B,mlp,label:noise_0.1_block_36,3,"42,101,102",ready_manifest,41.17647058823527,3.396178054056598,59.47712418300651,1.233633077658622,39.869281045751606,2.9951475130429865,61.764705882352935,1.296936917188539
intphys2,ltx,LTX-13B,LTX-13B,mlp,label:noise_0.1_block_48,3,"42,101,102",ready_manifest,18.954248366013065,4.081698038168895,48.202614379084956,1.4975737565215026,28.10457516339868,2.2641187027044025,53.10457516339869,1.233633077658613
intphys2,ltx,LTX-13B,LTX-13B,mlp,label:noise_0.2_block_12,3,"42,101,102",ready_manifest,18.300653594771234,2.995147513043043,51.47058823529411,0.9803921568627487,13.725490196078404,10.917185025156869,52.12418300653593,1.0204245095422155
intphys2,ltx,LTX-13B,LTX-13B,mlp,label:noise_0.2_block_24,3,"42,101,102",ready_manifest,45.09803921568625,3.396178054056604,62.09150326797384,1.4975737565215188,40.52287581699344,4.528237405408805,62.254901960784295,0.8490445135141218
intphys2,ltx,LTX-13B,LTX-13B,mlp,label:noise_0.2_block_36,3,"42,101,102",ready_manifest,35.29411764705881,1.9607843137254939,60.94771241830065,0.7487868782607703,41.17647058823526,1.9607843137254903,63.56209150326797,0.7487868782607602
intphys2,ltx,LTX-13B,LTX-13B,mlp,label:noise_0.2_block_48,3,"42,101,102",ready_manifest,37.25490196078428,5.187747668754064,56.69934640522874,3.18941524443513,22.875816993464024,4.081698038168903,56.535947712418285,0.2830148378380611
intphys2,ltx,LTX-13B,LTX-13B,mlp,label:noise_0.3_block_12,3,"42,101,102",ready_manifest,27.450980392156836,3.396178054056643,58.33333333333333,1.7674270958156668,17.647058823529413,1.9607843137254894,57.189542483660105,0.7487868782607501
intphys2,ltx,LTX-13B,LTX-13B,mlp,label:noise_0.3_block_24,3,"42,101,102",ready_manifest,39.21568627450977,3.3961780540565916,53.59477124183006,1.8558524005883381,35.947712418300654,2.9951475130430323,54.5751633986928,0.5660296756760955
intphys2,ltx,LTX-13B,LTX-13B,mlp,label:noise_0.3_block_36,3,"42,101,102",ready_manifest,33.33333333333332,1.960784313725478,59.640522875816984,0.7487868782607446,34.640522875816984,2.995147513043032,58.98692810457514,1.233633077658646
intphys2,ltx,LTX-13B,LTX-13B,mlp,label:noise_0.3_block_48,3,"42,101,102",ready_manifest,25.490196078431342,3.3961780540566755,53.92156862745096,0.8490445135141361,20.261437908496703,2.2641187027043883,56.69934640522873,0.5660296756760483
intphys2,ltx,LTX-13B,LTX-13B,mlp,label:noise_0.4_block_12,3,"42,101,102",ready_manifest,15.032679738562083,2.2641187027044243,50.16339869281045,1.23363307765862,18.954248366013044,7.924415459465426,51.14379084967319,0.7487868782607695
intphys2,ltx,LTX-13B,LTX-13B,mlp,label:noise_0.4_block_24,3,"42,101,102",ready_manifest,36.60130718954248,2.264118702704411,61.11111111111111,1.0204245095422178,36.60130718954248,2.264118702704411,62.09150326797384,0.2830148378380775
intphys2,ltx,LTX-13B,LTX-13B,mlp,label:noise_0.4_block_36,3,"42,101,102",ready_manifest,36.601307189542474,2.9951475130430523,58.00653594771241,1.4975737565215381,24.183006535947687,1.1320593513521664,58.00653594771241,0.5660296756760955
intphys2,ltx,LTX-13B,LTX-13B,mlp,label:noise_0.4_block_48,3,"42,101,102",ready_manifest,35.294117647058805,6.792356108113282,58.16993464052287,0.7487868782607571,18.954248366013072,1.1320593513522064,55.71895424836599,0.2830148378380283
intphys2,ltx,LTX-13B,LTX-13B,mlp,label:noise_0.5_block_12,3,"42,101,102",ready_manifest,22.875816993464028,2.995147513043,52.45098039215686,0.9803921568627416,14.379084967320232,6.303039713067239,52.28758169934639,0.28301483783803033
intphys2,ltx,LTX-13B,LTX-13B,mlp,label:noise_0.5_block_24,3,"42,101,102",ready_manifest,35.94771241830065,1.1320593513522157,54.73856209150326,1.497573756521522,31.37254901960783,1.9607843137254726,55.88235294117647,0.49019607843137436
intphys2,ltx,LTX-13B,LTX-13B,mlp,label:noise_0.5_block_36,3,"42,101,102",ready_manifest,33.33333333333332,3.396178054056651,54.08496732026142,1.4975737565215521,29.41176470588234,1.9607843137254672,57.51633986928101,1.7215120511197322
intphys2,ltx,LTX-13B,LTX-13B,mlp,label:noise_0.5_block_48,3,"42,101,102",ready_manifest,28.7581699346405,2.9951475130430723,60.62091503267973,0.5660296756761161,20.261437908496728,2.995147513043037,57.35294117647056,5.3330165169037506e-14
intphys2,ltx,LTX-13B,LTX-13B,mlp,label:noise_0.6_block_12,3,"42,101,102",ready_manifest,24.836601307189515,1.1320593513522546,57.51633986928103,1.2336330776586402,16.993464052287578,1.1320593513522044,56.53594771241828,0.748786878260788
intphys2,ltx,LTX-13B,LTX-13B,mlp,label:noise_0.6_block_24,3,"42,101,102",ready_manifest,35.29411764705881,1.960784313725508,62.418300653594756,0.7487868782607261,28.10457516339868,1.1320593513521788,58.16993464052288,0.5660296756760976
intphys2,ltx,LTX-13B,LTX-13B,mlp,label:noise_0.6_block_36,3,"42,101,102",ready_manifest,35.29411764705881,1.9607843137254939,54.901960784313715,1.7674270958156728,30.06535947712417,1.1320593513522197,58.82352941176468,0.8490445135141915
intphys2,ltx,LTX-13B,LTX-13B,mlp,label:noise_0.6_block_48,3,"42,101,102",ready_manifest,31.372549019607828,1.9607843137254868,56.209150326797364,2.0408490190844177,18.95424836601304,2.9951475130429936,55.88235294117645,0.4901960784313708
intphys2,ltx,LTX-13B,LTX-13B,mlp,label:noise_0.7_block_12,3,"42,101,102",ready_manifest,27.45098039215685,5.187747668754081,57.18954248366013,1.9811038648663633,18.300653594771237,1.1320593513522115,56.209150326797364,0.2830148378380939
intphys2,ltx,LTX-13B,LTX-13B,mlp,label:noise_0.7_block_24,3,"42,101,102",ready_manifest,30.718954248366003,6.303039713067286,52.6143790849673,1.7215120511197306,15.032679738562063,7.423409602353251,54.24836601307188,0.7487868782607547
intphys2,ltx,LTX-13B,LTX-13B,mlp,label:noise_0.7_block_36,3,"42,101,102",ready_manifest,33.33333333333332,1.960784313725478,59.31372549019605,1.7674270958157319,28.104575163398682,4.93453231063446,58.33333333333332,2.0511601988091347e-14
intphys2,ltx,LTX-13B,LTX-13B,mlp,label:noise_0.7_block_48,3,"42,101,102",ready_manifest,21.568627450980394,5.1877476687541,50.980392156862735,1.7674270958156806,13.071895424836601,5.990295026086065,54.08496732026143,1.0204245095422364
intphys2,ltx,LTX-13B,LTX-13B,mlp,label:noise_0.8_block_12,3,"42,101,102",ready_manifest,20.915032679738562,7.924415459465452,50.490196078431346,0.4901960784313708,11.111111111111104,4.081698038168875,50.3267973856209,0.5660296756760771
intphys2,ltx,LTX-13B,LTX-13B,mlp,label:noise_0.8_block_24,3,"42,101,102",ready_manifest,12.41830065359476,4.0816980381688825,50.490196078431374,1.296936917188527,8.496732026143784,6.303039713067278,51.470588235294095,0.9803921568627167
intphys2,ltx,LTX-13B,LTX-13B,mlp,label:noise_0.8_block_36,3,"42,101,102",ready_manifest,20.26143790849673,1.1320593513522086,57.35294117647058,0.8490445135141628,20.261437908496703,2.2641187027043883,58.82352941176468,0.8490445135141279
intphys2,ltx,LTX-13B,LTX-13B,mlp,label:noise_0.8_block_48,3,"42,101,102",ready_manifest,19.60784313725487,1.9607843137254442,50.490196078431374,1.470588235294123,10.457516339869276,6.3030397130672835,52.94117647058822,1.2969369171884906
intphys2,ltx,LTX-13B,LTX-13B,mlp,label:noise_0.9_block_12,3,"42,101,102",ready_manifest,22.222222222222214,5.660296756761048,52.77777777777775,2.0408490190844844,13.071895424836574,10.799157935855062,51.470588235294116,0.4901960784313779
intphys2,ltx,LTX-13B,LTX-13B,mlp,label:noise_0.9_block_24,3,"42,101,102",ready_manifest,15.686274509803916,1.9607843137254903,50.326797385620885,1.2336330776586153,8.49673202614378,4.93453231063446,51.79738562091502,1.0204245095422098
intphys2,ltx,LTX-13B,LTX-13B,mlp,label:noise_0.9_block_36,3,"42,101,102",ready_manifest,32.679738562091494,2.99514751304302,56.69934640522875,0.2830148378380447,13.071895424836594,2.995147513043023,55.88235294117645,0.4901960784313708
intphys2,ltx,LTX-13B,LTX-13B,mlp,label:noise_0.9_block_48,3,"42,101,102",ready_manifest,14.379084967320251,1.1320593513522157,52.94117647058821,2.7292962562892606,16.99346405228755,4.081698038168836,58.49673202614379,0.2830148378380488
intphys2,ltx,LTX-13B,LTX-13B,mlp,label:noise_1.0_block_12,3,"42,101,102",ready_manifest,0.0,0.0,50.0,0.0,0.0,0.0,50.0,0.0
intphys2,ltx,LTX-13B,LTX-13B,mlp,label:noise_1.0_block_24,3,"42,101,102",ready_manifest,0.0,0.0,50.0,0.0,0.0,0.0,50.0,0.0
intphys2,ltx,LTX-13B,LTX-13B,mlp,label:noise_1.0_block_36,3,"42,101,102",ready_manifest,0.0,0.0,50.0,0.0,0.0,0.0,50.0,0.0
intphys2,ltx,LTX-13B,LTX-13B,mlp,label:noise_1.0_block_48,3,"42,101,102",ready_manifest,0.0,0.0,50.0,0.0,0.0,0.0,50.0,0.0
intphys2,ltx,LTX-13B,LTX-13B,temporal_attn,id:34,3,"42,101,102",ready_manifest,48.36601307189542,6.886048204478918,66.83006535947712,1.9811038648663633,49.01960784313726,3.9215686274509807,65.19607843137256,0.8490445135141546
intphys2,ltx,LTX-13B,LTX-13B,temporal_attn,id:36,3,"42,101,102",ready_manifest,44.44444444444444,4.081698038168886,60.947712418300654,2.8722869005305465,36.60130718954248,4.081698038168887,64.37908496732027,0.7487868782607641
intphys2,ltx,LTX-13B,LTX-13B,temporal_attn,id:38,3,"42,101,102",ready_manifest,44.44444444444444,2.9951475130430336,62.90849673202614,0.2830148378380549,51.63398692810458,5.990295026086059,65.68627450980392,0.8490445135141463
intphys2,ltx,LTX-13B,LTX-13B,temporal_attn,id:39,3,"42,101,102",ready_manifest,45.09803921568628,1.9607843137254832,67.15686274509804,2.5938738343770456,52.287581699346404,4.9345323106344745,69.44444444444444,1.855852400588321
intphys2,ltx,LTX-13B,LTX-13B,temporal_attn,label:34,3,"42,101,102",ready_manifest,48.36601307189542,6.886048204478918,66.83006535947712,1.9811038648663633,49.01960784313726,3.9215686274509807,65.19607843137256,0.8490445135141546
intphys2,ltx,LTX-13B,LTX-13B,temporal_attn,label:36,3,"42,101,102",ready_manifest,44.44444444444444,4.081698038168886,60.947712418300654,2.8722869005305465,36.60130718954248,4.081698038168887,64.37908496732027,0.7487868782607641
intphys2,ltx,LTX-13B,LTX-13B,temporal_attn,label:38,3,"42,101,102",ready_manifest,44.44444444444444,2.9951475130430336,62.90849673202614,0.2830148378380549,51.63398692810458,5.990295026086059,65.68627450980392,0.8490445135141463
intphys2,ltx,LTX-13B,LTX-13B,temporal_attn,label:39,3,"42,101,102",ready_manifest,45.09803921568628,1.9607843137254832,67.15686274509804,2.5938738343770456,52.287581699346404,4.9345323106344745,69.44444444444444,1.855852400588321
intphys2,ltx,LTX-2B,LTX-2B,linear,id:1,3,"42,101,102",ready_manifest,0.0,0.0,50.0,0.0,0.0,0.0,50.0,0.0
intphys2,ltx,LTX-2B,LTX-2B,linear,id:10,3,"42,101,102",ready_manifest,6.5359477124183005,2.995147513043033,50.81699346405228,0.5660296756761057,10.45751633986928,6.30303971306729,52.94117647058823,0.8490445135141504
intphys2,ltx,LTX-2B,LTX-2B,linear,id:11,3,"42,101,102",ready_manifest,10.457516339869281,4.081698038168888,48.20261437908497,2.264118702704419,15.68627450980392,8.985442539129096,53.92156862745099,1.698089027028309
intphys2,ltx,LTX-2B,LTX-2B,linear,id:12,3,"42,101,102",ready_manifest,22.875816993464053,6.886048204478916,51.47058823529412,2.5471335405424678,12.41830065359477,6.8860482044789135,54.248366013071895,1.855852400588325
intphys2,ltx,LTX-2B,LTX-2B,linear,id:13,3,"42,101,102",ready_manifest,11.11111111111111,2.995147513043033,50.98039215686275,1.6980890270283173,13.72549019607843,3.3961780540566213,52.287581699346404,1.4150741891902563
intphys2,ltx,LTX-2B,LTX-2B,linear,id:14,3,"42,101,102",ready_manifest,23.529411764705884,6.792356108113247,53.92156862745098,1.470588235294123,14.379084967320264,13.055545330351755,55.22875816993464,0.7487868782607617
intphys2,ltx,LTX-2B,LTX-2B,linear,id:15,3,"42,101,102",ready_manifest,12.418300653594772,4.081698038168888,51.63398692810457,2.0408490190844404,13.071895424836601,9.869064621268953,54.90196078431373,3.43137254901961
intphys2,ltx,LTX-2B,LTX-2B,linear,id:16,3,"42,101,102",ready_manifest,10.457516339869281,6.303039713067292,51.79738562091503,1.9811038648663633,11.76470588235294,3.9215686274509793,55.22875816993464,1.5757599282668244
intphys2,ltx,LTX-2B,LTX-2B,linear,id:17,3,"42,101,102",ready_manifest,16.33986928104575,1.1320593513522064,52.450980392156865,2.5938738343770553,14.379084967320262,4.934532310634475,54.24836601307189,0.28301483783805287
intphys2,ltx,LTX-2B,LTX-2B,linear,id:18,3,"42,101,102",ready_manifest,16.33986928104575,1.132059351352209,50.98039215686275,2.5938738343770527,14.379084967320262,2.9951475130430336,53.431372549019606,0.49019607843136725
intphys2,ltx,LTX-2B,LTX-2B,linear,id:19,3,"42,101,102",ready_manifest,13.72549019607843,6.792356108113243,51.96078431372549,2.1367151684022883,10.457516339869281,6.8860482044789135,53.267973856209146,1.0204245095422206
intphys2,ltx,LTX-2B,LTX-2B,linear,id:2,3,"42,101,102",ready_manifest,0.0,0.0,50.0,0.0,0.0,0.0,50.0,0.0
intphys2,ltx,LTX-2B,LTX-2B,linear,id:20,3,"42,101,102",ready_manifest,16.99346405228758,4.081698038168886,50.81699346405229,1.4975737565215157,15.686274509803921,5.187747668754098,52.77777777777777,1.4975737565215101
intphys2,ltx,LTX-2B,LTX-2B,linear,id:21,3,"42,101,102",ready_manifest,12.418300653594772,2.9951475130430323,52.450980392156865,1.296936917188527,13.071895424836601,5.990295026086065,52.94117647058824,0.9803921568627381
intphys2,ltx,LTX-2B,LTX-2B,linear,id:22,3,"42,101,102",ready_manifest,17.647058823529413,5.187747668754099,53.431372549019606,2.13671516840229,15.032679738562091,2.2641187027044127,53.59477124183006,1.0204245095422229
intphys2,ltx,LTX-2B,LTX-2B,linear,id:23,3,"42,101,102",ready_manifest,7.8431372549019605,3.9215686274509802,49.18300653594771,0.7487868782607578,18.30065359477124,6.886048204478912,53.43137254901961,1.470588235294116
intphys2,ltx,LTX-2B,LTX-2B,linear,id:24,3,"42,101,102",ready_manifest,17.647058823529413,3.9215686274509807,53.26797385620915,3.189415244435154,14.37908496732026,7.423409602353298,53.75816993464053,1.7215120511197275
intphys2,ltx,LTX-2B,LTX-2B,linear,id:25,3,"42,101,102",ready_manifest,9.803921568627452,1.96078431372549,52.77777777777778,2.418079834468747,12.41830065359477,7.92441545946545,54.24836601307189,0.28301483783805287
intphys2,ltx,LTX-2B,LTX-2B,linear,id:26,3,"42,101,102",ready_manifest,11.764705882352942,1.9607843137254903,52.287581699346404,1.7215120511197313,15.68627450980392,8.985442539129096,53.75816993464053,1.4150741891902563
intphys2,ltx,LTX-2B,LTX-2B,linear,id:27,3,"42,101,102",ready_manifest,22.875816993464053,6.303039713067292,50.81699346405229,2.699789483963775,15.686274509803921,1.9607843137254886,55.06535947712418,0.5660296756761078
intphys2,ltx,LTX-2B,LTX-2B,linear,id:28,3,"42,101,102",ready_manifest,14.379084967320262,6.886048204478916,53.75816993464052,4.169068896134993,15.686274509803921,5.882352941176469,55.22875816993464,1.2336330776586242
intphys2,ltx,LTX-2B,LTX-2B,linear,id:29,3,"42,101,102",ready_manifest,8.49673202614379,1.132059351352209,53.26797385620915,0.7487868782607571,13.071895424836601,5.990295026086065,54.248366013071895,1.4150741891902603
intphys2,ltx,LTX-2B,LTX-2B,linear,id:3,3,"42,101,102",ready_manifest,0.0,0.0,50.0,0.0,0.0,0.0,50.0,0.0
intphys2,ltx,LTX-2B,LTX-2B,linear,id:30,3,"42,101,102",ready_manifest,21.568627450980394,5.88235294117647,53.26797385620915,1.9811038648663664,20.261437908496735,7.924415459465456,54.73856209150326,1.8558524005883195
intphys2,ltx,LTX-2B,LTX-2B,linear,id:31,3,"42,101,102",ready_manifest,12.41830065359477,2.995147513043031,49.673202614379086,1.9811038648663633,11.76470588235294,8.546860673609164,53.59477124183007,0.28301483783805287
intphys2,ltx,LTX-2B,LTX-2B,linear,id:32,3,"42,101,102",ready_manifest,7.8431372549019605,3.3961780540566218,48.03921568627451,0.4901960784313708,16.99346405228758,5.660296756761035,53.92156862745098,2.7292962562892256
intphys2,ltx,LTX-2B,LTX-2B,linear,id:33,3,"42,101,102",ready_manifest,9.15032679738562,4.081698038168889,49.346405228758165,0.5660296756761057,10.45751633986928,6.30303971306729,51.79738562091504,0.28301483783805287
intphys2,ltx,LTX-2B,LTX-2B,linear,id:34,3,"42,101,102",ready_manifest,21.56862745098039,5.1877476687541,55.22875816993464,1.5757599282668244,16.99346405228758,4.081698038168886,57.67973856209151,0.5660296756761098
intphys2,ltx,LTX-2B,LTX-2B,linear,id:35,3,"42,101,102",ready_manifest,16.339869281045754,5.990295026086065,51.63398692810458,1.98110386486636,14.37908496732026,4.081698038168886,54.411764705882355,0.8490445135141608
intphys2,ltx,LTX-2B,LTX-2B,linear,id:36,3,"42,101,102",ready_manifest,16.99346405228758,4.52823740540883,52.124183006535944,1.4975737565215188,15.68627450980392,8.54686067360916,54.73856209150327,2.210416545501413
intphys2,ltx,LTX-2B,LTX-2B,linear,id:37,3,"42,101,102",ready_manifest,7.8431372549019605,5.187747668754099,49.83660130718955,1.9811038648663664,12.41830065359477,2.995147513043031,52.77777777777778,1.0204245095422189
intphys2,ltx,LTX-2B,LTX-2B,linear,id:38,3,"42,101,102",ready_manifest,6.5359477124183,7.92441545946545,50.81699346405229,1.0204245095422269,15.032679738562091,4.528237405408829,52.124183006535944,1.4975737565215188
intphys2,ltx,LTX-2B,LTX-2B,linear,id:39,3,"42,101,102",ready_manifest,16.99346405228758,2.9951475130430327,50.81699346405229,1.233633077658619,12.41830065359477,9.672319337874994,53.59477124183007,1.7215120511197244
intphys2,ltx,LTX-2B,LTX-2B,linear,id:4,3,"42,101,102",ready_manifest,0.0,0.0,50.0,0.0,0.0,0.0,50.0,0.0
intphys2,ltx,LTX-2B,LTX-2B,linear,id:40,3,"42,101,102",ready_manifest,16.33986928104575,2.995147513043031,52.77777777777778,0.748786878260754,15.03267973856209,5.660296756761037,54.248366013071895,1.855852400588325
intphys2,ltx,LTX-2B,LTX-2B,linear,id:5,3,"42,101,102",ready_manifest,5.88235294117647,3.921568627450981,49.01960784313726,0.8490445135141587,14.37908496732026,2.2641187027044145,50.98039215686274,0.8490445135141546
intphys2,ltx,LTX-2B,LTX-2B,linear,id:6,3,"42,101,102",ready_manifest,11.764705882352942,5.882352941176472,49.346405228758165,1.0204245095422217,16.33986928104575,4.528237405408828,53.43137254901961,2.1367151684022883
intphys2,ltx,LTX-2B,LTX-2B,linear,id:7,3,"42,101,102",ready_manifest,20.26143790849673,7.423409602353298,51.307189542483655,2.787372893665356,16.33986928104575,1.132059351352209,53.92156862745098,0.4901960784313708
intphys2,ltx,LTX-2B,LTX-2B,linear,id:8,3,"42,101,102",ready_manifest,16.33986928104575,6.30303971306729,50.98039215686275,1.470588235294116,17.647058823529413,9.80392156862745,52.614379084967325,1.1320593513521993
intphys2,ltx,LTX-2B,LTX-2B,linear,id:9,3,"42,101,102",ready_manifest,12.418300653594772,8.163396076337776,50.326797385620914,1.1320593513522075,13.72549019607843,7.069708383262723,52.12418300653595,1.0204245095422257
intphys2,ltx,LTX-2B,LTX-2B,linear,label:noise_0.1_block_14,3,"42,101,102",ready_manifest,6.5359477124183,7.92441545946545,50.81699346405229,1.0204245095422269,15.032679738562091,4.528237405408829,52.124183006535944,1.4975737565215188
intphys2,ltx,LTX-2B,LTX-2B,linear,label:noise_0.1_block_21,3,"42,101,102",ready_manifest,16.99346405228758,2.9951475130430327,50.81699346405229,1.233633077658619,12.41830065359477,9.672319337874994,53.59477124183007,1.7215120511197244
intphys2,ltx,LTX-2B,LTX-2B,linear,label:noise_0.1_block_28,3,"42,101,102",ready_manifest,16.33986928104575,2.995147513043031,52.77777777777778,0.748786878260754,15.03267973856209,5.660296756761037,54.248366013071895,1.855852400588325
intphys2,ltx,LTX-2B,LTX-2B,linear,label:noise_0.1_block_7,3,"42,101,102",ready_manifest,7.8431372549019605,5.187747668754099,49.83660130718955,1.9811038648663664,12.41830065359477,2.995147513043031,52.77777777777778,1.0204245095422189
intphys2,ltx,LTX-2B,LTX-2B,linear,label:noise_0.2_block_14,3,"42,101,102",ready_manifest,21.56862745098039,5.1877476687541,55.22875816993464,1.5757599282668244,16.99346405228758,4.081698038168886,57.67973856209151,0.5660296756761098
intphys2,ltx,LTX-2B,LTX-2B,linear,label:noise_0.2_block_21,3,"42,101,102",ready_manifest,16.339869281045754,5.990295026086065,51.63398692810458,1.98110386486636,14.37908496732026,4.081698038168886,54.411764705882355,0.8490445135141608
intphys2,ltx,LTX-2B,LTX-2B,linear,label:noise_0.2_block_28,3,"42,101,102",ready_manifest,16.99346405228758,4.52823740540883,52.124183006535944,1.4975737565215188,15.68627450980392,8.54686067360916,54.73856209150327,2.210416545501413
intphys2,ltx,LTX-2B,LTX-2B,linear,label:noise_0.2_block_7,3,"42,101,102",ready_manifest,9.15032679738562,4.081698038168889,49.346405228758165,0.5660296756761057,10.45751633986928,6.30303971306729,51.79738562091504,0.28301483783805287
intphys2,ltx,LTX-2B,LTX-2B,linear,label:noise_0.3_block_14,3,"42,101,102",ready_manifest,21.568627450980394,5.88235294117647,53.26797385620915,1.9811038648663664,20.261437908496735,7.924415459465456,54.73856209150326,1.8558524005883195
intphys2,ltx,LTX-2B,LTX-2B,linear,label:noise_0.3_block_21,3,"42,101,102",ready_manifest,12.41830065359477,2.995147513043031,49.673202614379086,1.9811038648663633,11.76470588235294,8.546860673609164,53.59477124183007,0.28301483783805287
intphys2,ltx,LTX-2B,LTX-2B,linear,label:noise_0.3_block_28,3,"42,101,102",ready_manifest,7.8431372549019605,3.3961780540566218,48.03921568627451,0.4901960784313708,16.99346405228758,5.660296756761035,53.92156862745098,2.7292962562892256
intphys2,ltx,LTX-2B,LTX-2B,linear,label:noise_0.3_block_7,3,"42,101,102",ready_manifest,8.49673202614379,1.132059351352209,53.26797385620915,0.7487868782607571,13.071895424836601,5.990295026086065,54.248366013071895,1.4150741891902603
intphys2,ltx,LTX-2B,LTX-2B,linear,label:noise_0.4_block_14,3,"42,101,102",ready_manifest,11.764705882352942,1.9607843137254903,52.287581699346404,1.7215120511197313,15.68627450980392,8.985442539129096,53.75816993464053,1.4150741891902563
intphys2,ltx,LTX-2B,LTX-2B,linear,label:noise_0.4_block_21,3,"42,101,102",ready_manifest,22.875816993464053,6.303039713067292,50.81699346405229,2.699789483963775,15.686274509803921,1.9607843137254886,55.06535947712418,0.5660296756761078
intphys2,ltx,LTX-2B,LTX-2B,linear,label:noise_0.4_block_28,3,"42,101,102",ready_manifest,14.379084967320262,6.886048204478916,53.75816993464052,4.169068896134993,15.686274509803921,5.882352941176469,55.22875816993464,1.2336330776586242
intphys2,ltx,LTX-2B,LTX-2B,linear,label:noise_0.4_block_7,3,"42,101,102",ready_manifest,9.803921568627452,1.96078431372549,52.77777777777778,2.418079834468747,12.41830065359477,7.92441545946545,54.24836601307189,0.28301483783805287
intphys2,ltx,LTX-2B,LTX-2B,linear,label:noise_0.5_block_14,3,"42,101,102",ready_manifest,17.647058823529413,5.187747668754099,53.431372549019606,2.13671516840229,15.032679738562091,2.2641187027044127,53.59477124183006,1.0204245095422229
intphys2,ltx,LTX-2B,LTX-2B,linear,label:noise_0.5_block_21,3,"42,101,102",ready_manifest,7.8431372549019605,3.9215686274509802,49.18300653594771,0.7487868782607578,18.30065359477124,6.886048204478912,53.43137254901961,1.470588235294116
intphys2,ltx,LTX-2B,LTX-2B,linear,label:noise_0.5_block_28,3,"42,101,102",ready_manifest,17.647058823529413,3.9215686274509807,53.26797385620915,3.189415244435154,14.37908496732026,7.423409602353298,53.75816993464053,1.7215120511197275
intphys2,ltx,LTX-2B,LTX-2B,linear,label:noise_0.5_block_7,3,"42,101,102",ready_manifest,12.418300653594772,2.9951475130430323,52.450980392156865,1.296936917188527,13.071895424836601,5.990295026086065,52.94117647058824,0.9803921568627381
intphys2,ltx,LTX-2B,LTX-2B,linear,label:noise_0.6_block_14,3,"42,101,102",ready_manifest,16.33986928104575,1.132059351352209,50.98039215686275,2.5938738343770527,14.379084967320262,2.9951475130430336,53.431372549019606,0.49019607843136725
intphys2,ltx,LTX-2B,LTX-2B,linear,label:noise_0.6_block_21,3,"42,101,102",ready_manifest,13.72549019607843,6.792356108113243,51.96078431372549,2.1367151684022883,10.457516339869281,6.8860482044789135,53.267973856209146,1.0204245095422206
intphys2,ltx,LTX-2B,LTX-2B,linear,label:noise_0.6_block_28,3,"42,101,102",ready_manifest,16.99346405228758,4.081698038168886,50.81699346405229,1.4975737565215157,15.686274509803921,5.187747668754098,52.77777777777777,1.4975737565215101
intphys2,ltx,LTX-2B,LTX-2B,linear,label:noise_0.6_block_7,3,"42,101,102",ready_manifest,16.33986928104575,1.1320593513522064,52.450980392156865,2.5938738343770553,14.379084967320262,4.934532310634475,54.24836601307189,0.28301483783805287
intphys2,ltx,LTX-2B,LTX-2B,linear,label:noise_0.7_block_14,3,"42,101,102",ready_manifest,23.529411764705884,6.792356108113247,53.92156862745098,1.470588235294123,14.379084967320264,13.055545330351755,55.22875816993464,0.7487868782607617
intphys2,ltx,LTX-2B,LTX-2B,linear,label:noise_0.7_block_21,3,"42,101,102",ready_manifest,12.418300653594772,4.081698038168888,51.63398692810457,2.0408490190844404,13.071895424836601,9.869064621268953,54.90196078431373,3.43137254901961
intphys2,ltx,LTX-2B,LTX-2B,linear,label:noise_0.7_block_28,3,"42,101,102",ready_manifest,10.457516339869281,6.303039713067292,51.79738562091503,1.9811038648663633,11.76470588235294,3.9215686274509793,55.22875816993464,1.5757599282668244
intphys2,ltx,LTX-2B,LTX-2B,linear,label:noise_0.7_block_7,3,"42,101,102",ready_manifest,11.11111111111111,2.995147513043033,50.98039215686275,1.6980890270283173,13.72549019607843,3.3961780540566213,52.287581699346404,1.4150741891902563
intphys2,ltx,LTX-2B,LTX-2B,linear,label:noise_0.8_block_14,3,"42,101,102",ready_manifest,6.5359477124183005,2.995147513043033,50.81699346405228,0.5660296756761057,10.45751633986928,6.30303971306729,52.94117647058823,0.8490445135141504
intphys2,ltx,LTX-2B,LTX-2B,linear,label:noise_0.8_block_21,3,"42,101,102",ready_manifest,10.457516339869281,4.081698038168888,48.20261437908497,2.264118702704419,15.68627450980392,8.985442539129096,53.92156862745099,1.698089027028309
intphys2,ltx,LTX-2B,LTX-2B,linear,label:noise_0.8_block_28,3,"42,101,102",ready_manifest,22.875816993464053,6.886048204478916,51.47058823529412,2.5471335405424678,12.41830065359477,6.8860482044789135,54.248366013071895,1.855852400588325
intphys2,ltx,LTX-2B,LTX-2B,linear,label:noise_0.8_block_7,3,"42,101,102",ready_manifest,12.418300653594772,8.163396076337776,50.326797385620914,1.1320593513522075,13.72549019607843,7.069708383262723,52.12418300653595,1.0204245095422257
intphys2,ltx,LTX-2B,LTX-2B,linear,label:noise_0.9_block_14,3,"42,101,102",ready_manifest,11.764705882352942,5.882352941176472,49.346405228758165,1.0204245095422217,16.33986928104575,4.528237405408828,53.43137254901961,2.1367151684022883
intphys2,ltx,LTX-2B,LTX-2B,linear,label:noise_0.9_block_21,3,"42,101,102",ready_manifest,20.26143790849673,7.423409602353298,51.307189542483655,2.787372893665356,16.33986928104575,1.132059351352209,53.92156862745098,0.4901960784313708
intphys2,ltx,LTX-2B,LTX-2B,linear,label:noise_0.9_block_28,3,"42,101,102",ready_manifest,16.33986928104575,6.30303971306729,50.98039215686275,1.470588235294116,17.647058823529413,9.80392156862745,52.614379084967325,1.1320593513521993
intphys2,ltx,LTX-2B,LTX-2B,linear,label:noise_0.9_block_7,3,"42,101,102",ready_manifest,5.88235294117647,3.921568627450981,49.01960784313726,0.8490445135141587,14.37908496732026,2.2641187027044145,50.98039215686274,0.8490445135141546
intphys2,ltx,LTX-2B,LTX-2B,linear,label:noise_1.0_block_14,3,"42,101,102",ready_manifest,0.0,0.0,50.0,0.0,0.0,0.0,50.0,0.0
intphys2,ltx,LTX-2B,LTX-2B,linear,label:noise_1.0_block_21,3,"42,101,102",ready_manifest,0.0,0.0,50.0,0.0,0.0,0.0,50.0,0.0
intphys2,ltx,LTX-2B,LTX-2B,linear,label:noise_1.0_block_28,3,"42,101,102",ready_manifest,0.0,0.0,50.0,0.0,0.0,0.0,50.0,0.0
intphys2,ltx,LTX-2B,LTX-2B,linear,label:noise_1.0_block_7,3,"42,101,102",ready_manifest,0.0,0.0,50.0,0.0,0.0,0.0,50.0,0.0
intphys2,ltx,LTX-2B,LTX-2B,mlp,id:1,3,"42,101,102",ready_manifest,0.0,0.0,50.0,0.0,0.0,0.0,50.0,0.0
intphys2,ltx,LTX-2B,LTX-2B,mlp,id:10,3,"42,101,102",ready_manifest,14.379084967320262,4.081698038168888,54.57516339869281,3.2638863325879437,16.99346405228758,2.9951475130430314,57.189542483660134,1.8558524005883235
intphys2,ltx,LTX-2B,LTX-2B,mlp,id:11,3,"42,101,102",ready_manifest,10.457516339869281,1.1320593513522064,51.63398692810457,1.5757599282668244,18.30065359477124,8.163396076337776,53.431372549019606,1.698089027028309
intphys2,ltx,LTX-2B,LTX-2B,mlp,id:12,3,"42,101,102",ready_manifest,18.954248366013072,2.264118702704416,52.450980392156865,0.9803921568627452,15.032679738562091,6.8860482044789135,54.248366013071895,1.0204245095422217
intphys2,ltx,LTX-2B,LTX-2B,mlp,id:13,3,"42,101,102",ready_manifest,13.071895424836601,4.528237405408829,51.1437908496732,0.5660296756761078,13.72549019607843,3.921568627450979,52.12418300653595,1.0204245095422257
intphys2,ltx,LTX-2B,LTX-2B,mlp,id:14,3,"42,101,102",ready_manifest,16.33986928104575,4.934532310634476,50.49019607843137,0.4901960784313708,12.41830065359477,11.980590052172127,53.92156862745098,0.8490445135141587
intphys2,ltx,LTX-2B,LTX-2B,mlp,id:15,3,"42,101,102",ready_manifest,15.686274509803921,1.9607843137254886,51.1437908496732,0.5660296756761078,13.071895424836601,12.606079426134581,52.77777777777778,1.0204245095422149
intphys2,ltx,LTX-2B,LTX-2B,mlp,id:16,3,"42,101,102",ready_manifest,15.032679738562093,5.9902950260860655,50.65359477124183,4.447927316606607,15.032679738562091,5.990295026086064,55.06535947712418,0.7487868782607602
intphys2,ltx,LTX-2B,LTX-2B,mlp,id:17,3,"42,101,102",ready_manifest,13.071895424836601,4.934532310634478,50.0,0.0,13.72549019607843,1.9607843137254894,50.0,0.0
intphys2,ltx,LTX-2B,LTX-2B,mlp,id:18,3,"42,101,102",ready_manifest,19.607843137254903,1.9607843137254921,54.73856209150326,1.0204245095422257,16.99346405228758,5.990295026086065,56.69934640522875,0.28301483783804676
intphys2,ltx,LTX-2B,LTX-2B,mlp,id:19,3,"42,101,102",ready_manifest,9.15032679738562,7.92441545946545,50.16339869281045,1.0204245095422189,16.33986928104575,4.528237405408828,52.287581699346404,1.4975737565215133
intphys2,ltx,LTX-2B,LTX-2B,mlp,id:2,3,"42,101,102",ready_manifest,0.0,0.0,50.0,0.0,0.0,0.0,50.0,0.0
intphys2,ltx,LTX-2B,LTX-2B,mlp,id:20,3,"42,101,102",ready_manifest,15.686274509803921,3.3961780540566204,51.143790849673195,0.2830148378380549,13.071895424836601,4.081698038168886,54.248366013071895,1.855852400588325
intphys2,ltx,LTX-2B,LTX-2B,mlp,id:21,3,"42,101,102",ready_manifest,12.418300653594772,5.990295026086066,50.490196078431374,0.8490445135141587,10.45751633986928,5.990295026086065,51.1437908496732,0.5660296756761078
intphys2,ltx,LTX-2B,LTX-2B,mlp,id:22,3,"42,101,102",ready_manifest,11.11111111111111,4.081698038168887,50.65359477124183,0.5660296756760996,18.95424836601307,9.672319337874994,52.94117647058823,1.2969369171885257
intphys2,ltx,LTX-2B,LTX-2B,mlp,id:23,3,"42,101,102",ready_manifest,11.11111111111111,4.528237405408831,50.0,0.0,17.64705882352941,7.069708383262722,50.0,0.0
intphys2,ltx,LTX-2B,LTX-2B,mlp,id:24,3,"42,101,102",ready_manifest,12.41830065359477,8.163396076337774,50.0,0.0,11.76470588235294,6.7923561081132435,50.0,0.0
intphys2,ltx,LTX-2B,LTX-2B,mlp,id:25,3,"42,101,102",ready_manifest,9.150326797385622,8.841666182005676,50.0,1.7674270958156866,11.764705882352942,3.396178054056623,51.307189542483655,0.283014837838057
intphys2,ltx,LTX-2B,LTX-2B,mlp,id:26,3,"42,101,102",ready_manifest,16.99346405228758,2.9951475130430314,53.59477124183006,2.9951475130430354,22.875816993464053,6.886048204478917,54.57516339869281,1.5757599282668244
intphys2,ltx,LTX-2B,LTX-2B,mlp,id:27,3,"42,101,102",ready_manifest,22.875816993464053,2.264118702704414,51.63398692810458,1.4975737565215188,20.26143790849673,4.5282374054088255,56.04575163398693,1.0204245095422189
intphys2,ltx,LTX-2B,LTX-2B,mlp,id:28,3,"42,101,102",ready_manifest,15.686274509803923,3.3961780540566235,53.59477124183007,2.6997894839637815,15.686274509803921,3.92156862745098,53.92156862745098,1.296936917188527
intphys2,ltx,LTX-2B,LTX-2B,mlp,id:29,3,"42,101,102",ready_manifest,10.45751633986928,6.30303971306729,50.98039215686275,1.470588235294116,10.45751633986928,4.934532310634475,51.79738562091504,0.28301483783805287
intphys2,ltx,LTX-2B,LTX-2B,mlp,id:3,3,"42,101,102",ready_manifest,0.0,0.0,50.0,0.0,0.0,0.0,50.0,0.0
intphys2,ltx,LTX-2B,LTX-2B,mlp,id:30,3,"42,101,102",ready_manifest,26.143790849673202,9.266305149514919,55.55555555555556,3.263886332587935,17.647058823529413,8.546860673609164,56.04575163398693,0.748786878260754
intphys2,ltx,LTX-2B,LTX-2B,mlp,id:31,3,"42,101,102",ready_manifest,18.30065359477124,6.303039713067288,49.01960784313725,0.4901960784313779,15.03267973856209,2.9951475130430323,51.470588235294116,0.49019607843138147
intphys2,ltx,LTX-2B,LTX-2B,mlp,id:32,3,"42,101,102",ready_manifest,11.11111111111111,4.934532310634476,51.30718954248366,1.1320593513522115,15.686274509803921,6.7923561081132435,53.75816993464053,2.3165762873787275
intphys2,ltx,LTX-2B,LTX-2B,mlp,id:33,3,"42,101,102",ready_manifest,24.18300653594771,1.1320593513522075,56.209150326797385,1.2336330776586166,17.647058823529413,5.187747668754098,56.5359477124183,0.7487868782607571
intphys2,ltx,LTX-2B,LTX-2B,mlp,id:34,3,"42,101,102",ready_manifest,24.18300653594771,7.423409602353302,56.69934640522876,2.8722869005305505,17.647058823529413,5.187747668754098,57.6797385620915,1.4975737565215148
intphys2,ltx,LTX-2B,LTX-2B,mlp,id:35,3,"42,101,102",ready_manifest,22.22222222222222,4.081698038168888,52.287581699346404,1.575759928266826,15.686274509803921,3.3961780540566204,56.045751633986924,0.7487868782607501
intphys2,ltx,LTX-2B,LTX-2B,mlp,id:36,3,"42,101,102",ready_manifest,18.30065359477124,2.264118702704415,51.63398692810458,2.9951475130430367,18.954248366013072,5.990295026086062,52.94117647058824,1.9607843137254939
intphys2,ltx,LTX-2B,LTX-2B,mlp,id:37,3,"42,101,102",ready_manifest,11.111111111111112,2.2641187027044145,53.431372549019606,0.4901960784313708,11.11111111111111,4.081698038168886,54.248366013071895,0.7487868782607594
intphys2,ltx,LTX-2B,LTX-2B,mlp,id:38,3,"42,101,102",ready_manifest,21.56862745098039,3.396178054056622,56.5359477124183,2.210416545501423,13.72549019607843,1.9607843137254894,55.71895424836602,1.85585240058833
intphys2,ltx,LTX-2B,LTX-2B,mlp,id:39,3,"42,101,102",ready_manifest,26.797385620915033,1.1320593513522086,52.287581699346404,2.6997894839637815,13.071895424836601,7.924415459465451,56.045751633986924,3.3366957282127636
intphys2,ltx,LTX-2B,LTX-2B,mlp,id:4,3,"42,101,102",ready_manifest,0.0,0.0,50.0,0.0,0.0,0.0,50.0,0.0
intphys2,ltx,LTX-2B,LTX-2B,mlp,id:40,3,"42,101,102",ready_manifest,16.99346405228758,2.9951475130430314,50.490196078431374,1.296936917188527,14.37908496732026,6.30303971306729,52.287581699346404,1.4975737565215133
intphys2,ltx,LTX-2B,LTX-2B,mlp,id:5,3,"42,101,102",ready_manifest,13.725490196078432,7.843137254901962,49.673202614379086,1.0204245095422189,13.72549019607843,7.069708383262723,50.98039215686274,0.4901960784313779
intphys2,ltx,LTX-2B,LTX-2B,mlp,id:6,3,"42,101,102",ready_manifest,14.379084967320262,1.1320593513522064,50.326797385620914,0.5660296756760976,11.11111111111111,6.8860482044789135,50.49019607843137,0.49019607843136725
intphys2,ltx,LTX-2B,LTX-2B,mlp,id:7,3,"42,101,102",ready_manifest,14.379084967320262,4.081698038168887,51.14379084967321,1.0204245095422257,12.41830065359477,7.92441545946545,51.470588235294116,1.2969369171885243
intphys2,ltx,LTX-2B,LTX-2B,mlp,id:8,3,"42,101,102",ready_manifest,20.915032679738562,6.303039713067289,54.248366013071895,1.2336330776586195,18.954248366013072,7.423409602353297,56.04575163398693,1.1320593513522055
intphys2,ltx,LTX-2B,LTX-2B,mlp,id:9,3,"42,101,102",ready_manifest,18.30065359477124,4.934532310634475,49.673202614379086,1.9811038648663633,14.37908496732026,8.163396076337774,51.79738562091503,1.0204245095422257
intphys2,ltx,LTX-2B,LTX-2B,mlp,label:noise_0.1_block_14,3,"42,101,102",ready_manifest,21.56862745098039,3.396178054056622,56.5359477124183,2.210416545501423,13.72549019607843,1.9607843137254894,55.71895424836602,1.85585240058833
intphys2,ltx,LTX-2B,LTX-2B,mlp,label:noise_0.1_block_21,3,"42,101,102",ready_manifest,26.797385620915033,1.1320593513522086,52.287581699346404,2.6997894839637815,13.071895424836601,7.924415459465451,56.045751633986924,3.3366957282127636
intphys2,ltx,LTX-2B,LTX-2B,mlp,label:noise_0.1_block_28,3,"42,101,102",ready_manifest,16.99346405228758,2.9951475130430314,50.490196078431374,1.296936917188527,14.37908496732026,6.30303971306729,52.287581699346404,1.4975737565215133
intphys2,ltx,LTX-2B,LTX-2B,mlp,label:noise_0.1_block_7,3,"42,101,102",ready_manifest,11.111111111111112,2.2641187027044145,53.431372549019606,0.4901960784313708,11.11111111111111,4.081698038168886,54.248366013071895,0.7487868782607594
intphys2,ltx,LTX-2B,LTX-2B,mlp,label:noise_0.2_block_14,3,"42,101,102",ready_manifest,24.18300653594771,7.423409602353302,56.69934640522876,2.8722869005305505,17.647058823529413,5.187747668754098,57.6797385620915,1.4975737565215148
intphys2,ltx,LTX-2B,LTX-2B,mlp,label:noise_0.2_block_21,3,"42,101,102",ready_manifest,22.22222222222222,4.081698038168888,52.287581699346404,1.575759928266826,15.686274509803921,3.3961780540566204,56.045751633986924,0.7487868782607501
intphys2,ltx,LTX-2B,LTX-2B,mlp,label:noise_0.2_block_28,3,"42,101,102",ready_manifest,18.30065359477124,2.264118702704415,51.63398692810458,2.9951475130430367,18.954248366013072,5.990295026086062,52.94117647058824,1.9607843137254939
intphys2,ltx,LTX-2B,LTX-2B,mlp,label:noise_0.2_block_7,3,"42,101,102",ready_manifest,24.18300653594771,1.1320593513522075,56.209150326797385,1.2336330776586166,17.647058823529413,5.187747668754098,56.5359477124183,0.7487868782607571
intphys2,ltx,LTX-2B,LTX-2B,mlp,label:noise_0.3_block_14,3,"42,101,102",ready_manifest,26.143790849673202,9.266305149514919,55.55555555555556,3.263886332587935,17.647058823529413,8.546860673609164,56.04575163398693,0.748786878260754
intphys2,ltx,LTX-2B,LTX-2B,mlp,label:noise_0.3_block_21,3,"42,101,102",ready_manifest,18.30065359477124,6.303039713067288,49.01960784313725,0.4901960784313779,15.03267973856209,2.9951475130430323,51.470588235294116,0.49019607843138147
intphys2,ltx,LTX-2B,LTX-2B,mlp,label:noise_0.3_block_28,3,"42,101,102",ready_manifest,11.11111111111111,4.934532310634476,51.30718954248366,1.1320593513522115,15.686274509803921,6.7923561081132435,53.75816993464053,2.3165762873787275
intphys2,ltx,LTX-2B,LTX-2B,mlp,label:noise_0.3_block_7,3,"42,101,102",ready_manifest,10.45751633986928,6.30303971306729,50.98039215686275,1.470588235294116,10.45751633986928,4.934532310634475,51.79738562091504,0.28301483783805287
intphys2,ltx,LTX-2B,LTX-2B,mlp,label:noise_0.4_block_14,3,"42,101,102",ready_manifest,16.99346405228758,2.9951475130430314,53.59477124183006,2.9951475130430354,22.875816993464053,6.886048204478917,54.57516339869281,1.5757599282668244
intphys2,ltx,LTX-2B,LTX-2B,mlp,label:noise_0.4_block_21,3,"42,101,102",ready_manifest,22.875816993464053,2.264118702704414,51.63398692810458,1.4975737565215188,20.26143790849673,4.5282374054088255,56.04575163398693,1.0204245095422189
intphys2,ltx,LTX-2B,LTX-2B,mlp,label:noise_0.4_block_28,3,"42,101,102",ready_manifest,15.686274509803923,3.3961780540566235,53.59477124183007,2.6997894839637815,15.686274509803921,3.92156862745098,53.92156862745098,1.296936917188527
intphys2,ltx,LTX-2B,LTX-2B,mlp,label:noise_0.4_block_7,3,"42,101,102",ready_manifest,9.150326797385622,8.841666182005676,50.0,1.7674270958156866,11.764705882352942,3.396178054056623,51.307189542483655,0.283014837838057
intphys2,ltx,LTX-2B,LTX-2B,mlp,label:noise_0.5_block_14,3,"42,101,102",ready_manifest,11.11111111111111,4.081698038168887,50.65359477124183,0.5660296756760996,18.95424836601307,9.672319337874994,52.94117647058823,1.2969369171885257
intphys2,ltx,LTX-2B,LTX-2B,mlp,label:noise_0.5_block_21,3,"42,101,102",ready_manifest,11.11111111111111,4.528237405408831,50.0,0.0,17.64705882352941,7.069708383262722,50.0,0.0
intphys2,ltx,LTX-2B,LTX-2B,mlp,label:noise_0.5_block_28,3,"42,101,102",ready_manifest,12.41830065359477,8.163396076337774,50.0,0.0,11.76470588235294,6.7923561081132435,50.0,0.0
intphys2,ltx,LTX-2B,LTX-2B,mlp,label:noise_0.5_block_7,3,"42,101,102",ready_manifest,12.418300653594772,5.990295026086066,50.490196078431374,0.8490445135141587,10.45751633986928,5.990295026086065,51.1437908496732,0.5660296756761078
intphys2,ltx,LTX-2B,LTX-2B,mlp,label:noise_0.6_block_14,3,"42,101,102",ready_manifest,19.607843137254903,1.9607843137254921,54.73856209150326,1.0204245095422257,16.99346405228758,5.990295026086065,56.69934640522875,0.28301483783804676
intphys2,ltx,LTX-2B,LTX-2B,mlp,label:noise_0.6_block_21,3,"42,101,102",ready_manifest,9.15032679738562,7.92441545946545,50.16339869281045,1.0204245095422189,16.33986928104575,4.528237405408828,52.287581699346404,1.4975737565215133
intphys2,ltx,LTX-2B,LTX-2B,mlp,label:noise_0.6_block_28,3,"42,101,102",ready_manifest,15.686274509803921,3.3961780540566204,51.143790849673195,0.2830148378380549,13.071895424836601,4.081698038168886,54.248366013071895,1.855852400588325
intphys2,ltx,LTX-2B,LTX-2B,mlp,label:noise_0.6_block_7,3,"42,101,102",ready_manifest,13.071895424836601,4.934532310634478,50.0,0.0,13.72549019607843,1.9607843137254894,50.0,0.0
intphys2,ltx,LTX-2B,LTX-2B,mlp,label:noise_0.7_block_14,3,"42,101,102",ready_manifest,16.33986928104575,4.934532310634476,50.49019607843137,0.4901960784313708,12.41830065359477,11.980590052172127,53.92156862745098,0.8490445135141587
intphys2,ltx,LTX-2B,LTX-2B,mlp,label:noise_0.7_block_21,3,"42,101,102",ready_manifest,15.686274509803921,1.9607843137254886,51.1437908496732,0.5660296756761078,13.071895424836601,12.606079426134581,52.77777777777778,1.0204245095422149
intphys2,ltx,LTX-2B,LTX-2B,mlp,label:noise_0.7_block_28,3,"42,101,102",ready_manifest,15.032679738562093,5.9902950260860655,50.65359477124183,4.447927316606607,15.032679738562091,5.990295026086064,55.06535947712418,0.7487868782607602
intphys2,ltx,LTX-2B,LTX-2B,mlp,label:noise_0.7_block_7,3,"42,101,102",ready_manifest,13.071895424836601,4.528237405408829,51.1437908496732,0.5660296756761078,13.72549019607843,3.921568627450979,52.12418300653595,1.0204245095422257
intphys2,ltx,LTX-2B,LTX-2B,mlp,label:noise_0.8_block_14,3,"42,101,102",ready_manifest,14.379084967320262,4.081698038168888,54.57516339869281,3.2638863325879437,16.99346405228758,2.9951475130430314,57.189542483660134,1.8558524005883235
intphys2,ltx,LTX-2B,LTX-2B,mlp,label:noise_0.8_block_21,3,"42,101,102",ready_manifest,10.457516339869281,1.1320593513522064,51.63398692810457,1.5757599282668244,18.30065359477124,8.163396076337776,53.431372549019606,1.698089027028309
intphys2,ltx,LTX-2B,LTX-2B,mlp,label:noise_0.8_block_28,3,"42,101,102",ready_manifest,18.954248366013072,2.264118702704416,52.450980392156865,0.9803921568627452,15.032679738562091,6.8860482044789135,54.248366013071895,1.0204245095422217
intphys2,ltx,LTX-2B,LTX-2B,mlp,label:noise_0.8_block_7,3,"42,101,102",ready_manifest,18.30065359477124,4.934532310634475,49.673202614379086,1.9811038648663633,14.37908496732026,8.163396076337774,51.79738562091503,1.0204245095422257
intphys2,ltx,LTX-2B,LTX-2B,mlp,label:noise_0.9_block_14,3,"42,101,102",ready_manifest,14.379084967320262,1.1320593513522064,50.326797385620914,0.5660296756760976,11.11111111111111,6.8860482044789135,50.49019607843137,0.49019607843136725
intphys2,ltx,LTX-2B,LTX-2B,mlp,label:noise_0.9_block_21,3,"42,101,102",ready_manifest,14.379084967320262,4.081698038168887,51.14379084967321,1.0204245095422257,12.41830065359477,7.92441545946545,51.470588235294116,1.2969369171885243
intphys2,ltx,LTX-2B,LTX-2B,mlp,label:noise_0.9_block_28,3,"42,101,102",ready_manifest,20.915032679738562,6.303039713067289,54.248366013071895,1.2336330776586195,18.954248366013072,7.423409602353297,56.04575163398693,1.1320593513522055
intphys2,ltx,LTX-2B,LTX-2B,mlp,label:noise_0.9_block_7,3,"42,101,102",ready_manifest,13.725490196078432,7.843137254901962,49.673202614379086,1.0204245095422189,13.72549019607843,7.069708383262723,50.98039215686274,0.4901960784313779
intphys2,ltx,LTX-2B,LTX-2B,mlp,label:noise_1.0_block_14,3,"42,101,102",ready_manifest,0.0,0.0,50.0,0.0,0.0,0.0,50.0,0.0
intphys2,ltx,LTX-2B,LTX-2B,mlp,label:noise_1.0_block_21,3,"42,101,102",ready_manifest,0.0,0.0,50.0,0.0,0.0,0.0,50.0,0.0
intphys2,ltx,LTX-2B,LTX-2B,mlp,label:noise_1.0_block_28,3,"42,101,102",ready_manifest,0.0,0.0,50.0,0.0,0.0,0.0,50.0,0.0
intphys2,ltx,LTX-2B,LTX-2B,mlp,label:noise_1.0_block_7,3,"42,101,102",ready_manifest,0.0,0.0,50.0,0.0,0.0,0.0,50.0,0.0
intphys2,ltx,LTX-2B,LTX-2B,temporal_attn,id:34,3,"42,101,102",ready_manifest,20.915032679738562,9.266305149514917,53.10457516339869,4.226312796201819,19.6078431372549,5.187747668754097,55.392156862745104,3.5348541916313603
intphys2,ltx,LTX-2B,LTX-2B,temporal_attn,id:36,3,"42,101,102",ready_manifest,29.411764705882355,5.187747668754105,58.98692810457516,1.4975737565215148,26.79738562091503,6.8860482044789135,57.352941176470594,2.2463606347822727
intphys2,ltx,LTX-2B,LTX-2B,temporal_attn,id:38,3,"42,101,102",ready_manifest,15.686274509803923,5.88235294117647,48.36601307189542,2.0408490190844435,20.26143790849673,2.264118702704417,55.3921568627451,0.9803921568627523
intphys2,ltx,LTX-2B,LTX-2B,temporal_attn,id:39,3,"42,101,102",ready_manifest,28.104575163398692,2.264118702704419,54.90196078431373,2.593873834377044,20.26143790849673,4.081698038168887,56.045751633986924,0.7487868782607501
intphys2,ltx,LTX-2B,LTX-2B,temporal_attn,label:34,3,"42,101,102",ready_manifest,20.915032679738562,9.266305149514917,53.10457516339869,4.226312796201819,19.6078431372549,5.187747668754097,55.392156862745104,3.5348541916313603
intphys2,ltx,LTX-2B,LTX-2B,temporal_attn,label:36,3,"42,101,102",ready_manifest,29.411764705882355,5.187747668754105,58.98692810457516,1.4975737565215148,26.79738562091503,6.8860482044789135,57.352941176470594,2.2463606347822727
intphys2,ltx,LTX-2B,LTX-2B,temporal_attn,label:38,3,"42,101,102",ready_manifest,15.686274509803923,5.88235294117647,48.36601307189542,2.0408490190844435,20.26143790849673,2.264118702704417,55.3921568627451,0.9803921568627523
intphys2,ltx,LTX-2B,LTX-2B,temporal_attn,label:39,3,"42,101,102",ready_manifest,28.104575163398692,2.264118702704419,54.90196078431373,2.593873834377044,20.26143790849673,4.081698038168887,56.045751633986924,0.7487868782607501
mvp,ltx,LTX-13B,LTX-13B,linear,id:1,3,"42,101,102",ready_manifest,0.0,0.0,50.0,0.0,0.0,0.0,50.0,0.0
mvp,ltx,LTX-13B,LTX-13B,linear,id:10,3,"42,101,102",ready_manifest,50.151668351870576,0.9750910779568193,71.75598247387934,0.3289386804169682,51.16279069767442,0.6150417118602901,72.07617121671723,0.058377175853349346
mvp,ltx,LTX-13B,LTX-13B,linear,id:11,3,"42,101,102",ready_manifest,36.3329962925514,0.30890297910049513,63.009774182676104,0.1459429396333754,39.164138860802154,0.9062574762216876,65.62184024266936,0.13375891360285547
mvp,ltx,LTX-13B,LTX-13B,linear,id:12,3,"42,101,102",ready_manifest,33.29962925513987,0.8479774604252853,60.24603977081227,0.4587346676378895,35.79373104145601,0.44073801249147054,62.200876306033024,0.2918858792667488
mvp,ltx,LTX-13B,LTX-13B,linear,id:13,3,"42,101,102",ready_manifest,44.32086282440176,1.3578184751252904,68.28446241995282,0.4055008229024516,46.68014829794405,2.1217513630653375,69.66632962588473,0.1011122345803841
mvp,ltx,LTX-13B,LTX-13B,linear,id:14,3,"42,101,102",ready_manifest,48.87091338051904,0.9820561027525073,70.72800808897877,0.48227462154547834,49.98314796090327,0.4559403187889638,72.04246713852376,0.1011122345803841
mvp,ltx,LTX-13B,LTX-13B,linear,id:15,3,"42,101,102",ready_manifest,40.37748567576677,0.5188676885183939,65.50387596899225,0.20432011548672682,41.25379170879677,0.2675178272057203,65.50387596899225,0.10524095042801353
mvp,ltx,LTX-13B,LTX-13B,linear,id:16,3,"42,101,102",ready_manifest,38.6922817660937,0.47783777818529855,64.07145264577014,0.5163988353907808,38.658577687900234,0.8235114070017298,63.49848331648129,0.0
mvp,ltx,LTX-13B,LTX-13B,linear,id:17,3,"42,101,102",ready_manifest,45.567913717559826,0.6094756090335389,69.14391641388607,0.16251517965947135,47.69127064374789,0.7314639168928416,70.05392652510953,0.029188587926670572
mvp,ltx,LTX-13B,LTX-13B,linear,id:18,3,"42,101,102",ready_manifest,49.27536231884058,0.7314639168928438,71.1324570273003,0.15166835187057615,54.566902595214025,0.058377175853349346,73.99730367374453,0.17754724895268834
mvp,ltx,LTX-13B,LTX-13B,linear,id:19,3,"42,101,102",ready_manifest,42.837883383889455,0.15445148955024332,67.05426356589147,0.20432011548672213,44.15234243343445,0.5837717585334935,68.26761038085608,0.1052409504280158
mvp,ltx,LTX-13B,LTX-13B,linear,id:2,3,"42,101,102",ready_manifest,0.0,0.0,50.0,0.0,0.0,0.0,50.0,0.0
mvp,ltx,LTX-13B,LTX-13B,linear,id:20,3,"42,101,102",ready_manifest,41.05156723963599,0.10111223458038054,65.82406471183013,0.26751782720572165,40.78193461408831,1.1719136266069243,66.29592180653859,0.3550944979053834
mvp,ltx,LTX-13B,LTX-13B,linear,id:21,3,"42,101,102",ready_manifest,43.24233232221099,1.3040473287598975,68.31816649814628,0.793478757465019,47.657566565554426,0.9924119895069389,70.49207954162453,0.15445148955024718
mvp,ltx,LTX-13B,LTX-13B,linear,id:22,3,"42,101,102",ready_manifest,47.927199191102126,0.3502630551200961,70.55948769801147,0.1625151796594765,52.713178294573645,0.058377175853345245,72.90192113245702,0.15166835187057615
mvp,ltx,LTX-13B,LTX-13B,linear,id:23,3,"42,101,102",ready_manifest,43.545669025952144,1.2356119164019774,67.08796764408493,0.6611070187372111,44.759015840916746,0.3089029791004905,67.7789012470509,0.058377175853349346
mvp,ltx,LTX-13B,LTX-13B,linear,id:24,3,"42,101,102",ready_manifest,41.79305695989215,0.9118806375779421,66.36332996292552,0.21048190085602933,41.25379170879676,1.0556427208200785,66.12740141557128,0.2814845481713885
mvp,ltx,LTX-13B,LTX-13B,linear,id:25,3,"42,101,102",ready_manifest,40.512301988540614,1.1091663412136417,67.08796764408493,0.7633806304621578,44.32086282440175,0.32503035931893975,69.61577350859454,0.31572285128404515
mvp,ltx,LTX-13B,LTX-13B,linear,id:26,3,"42,101,102",ready_manifest,46.91607684529828,0.36456534635632093,69.61577350859454,0.18228267317815702,49.20795416245365,0.7101889958107702,70.71115604988204,0.0772257447751205
mvp,ltx,LTX-13B,LTX-13B,linear,id:27,3,"42,101,102",ready_manifest,44.590495449949444,1.8395758744853619,68.46983485001685,0.36573195844641965,43.377148634984835,0.5253945826801442,67.3913043478261,0.15166835187057615
mvp,ltx,LTX-13B,LTX-13B,linear,id:28,3,"42,101,102",ready_manifest,40.815638692281766,0.6578773608339472,65.47017189079878,0.4633544686507416,41.38860802157061,0.6732384346288528,66.17795753286148,0.18228267317816294
mvp,ltx,LTX-13B,LTX-13B,linear,id:29,3,"42,101,102",ready_manifest,39.53488372093023,2.726282864047067,66.81833501853724,0.4086402309734378,41.08527131782946,2.5061424260224228,67.93056959892147,0.14594293963336927
mvp,ltx,LTX-13B,LTX-13B,linear,id:3,3,"42,101,102",ready_manifest,0.0,0.0,50.0,0.0,0.0,0.0,50.0,0.0
mvp,ltx,LTX-13B,LTX-13B,linear,id:30,3,"42,101,102",ready_manifest,46.107178968655205,1.12593819268554,69.09336029659589,0.42997474965193855,46.20829120323559,1.139477014113718,68.90798786653185,0.0
mvp,ltx,LTX-13B,LTX-13B,linear,id:31,3,"42,101,102",ready_manifest,44.42197505898214,1.2803114198330012,68.1159420289855,0.5452878222906509,44.65790360633637,0.5568827651452067,68.5540950455005,0.13375891360285008
mvp,ltx,LTX-13B,LTX-13B,linear,id:32,3,"42,101,102",ready_manifest,40.849342770475225,1.0700713088228906,65.53758004718571,0.38612872387561487,39.26525109538254,1.300121437275759,65.48702392989551,0.21048190085602933
mvp,ltx,LTX-13B,LTX-13B,linear,id:33,3,"42,101,102",ready_manifest,41.08527131782946,2.3263139773154604,66.48129423660262,0.3538928210313403,39.87192450286485,1.365327205967585,65.95888102460398,0.1625151796594684
mvp,ltx,LTX-13B,LTX-13B,linear,id:34,3,"42,101,102",ready_manifest,49.51129086619481,0.8172804619468909,70.93023255813954,0.4979200102020298,44.590495449949444,0.3502630551200961,68.1159420289855,0.11675435170669869
mvp,ltx,LTX-13B,LTX-13B,linear,id:35,3,"42,101,102",ready_manifest,44.35456690259522,0.11675435170669869,67.7789012470509,0.19140237094035525,44.11863835524098,0.3828047418807055,68.04853387259858,0.05055611729018494
mvp,ltx,LTX-13B,LTX-13B,linear,id:36,3,"42,101,102",ready_manifest,40.71452645770138,0.4086402309734416,65.35220761712168,0.29623181380597996,40.95045500505561,0.6150417118602826,65.43646781260533,0.33661921731443184
mvp,ltx,LTX-13B,LTX-13B,linear,id:37,3,"42,101,102",ready_manifest,43.10751600943714,3.185169132816111,67.62723289518031,0.5545831706068216,42.736771149309064,2.773376687181761,67.40815638692281,0.25446021015405257
mvp,ltx,LTX-13B,LTX-13B,linear,id:38,3,"42,101,102",ready_manifest,47.75867880013482,0.6578773608339472,69.76744186046513,0.22036900624573488,46.03977081226828,0.15445148955024718,69.00910010111222,0.3033367037411523
mvp,ltx,LTX-13B,LTX-13B,linear,id:39,3,"42,101,102",ready_manifest,44.42197505898214,0.5089204203081085,68.33501853724302,0.42997474965194327,43.24233232221099,0.058377175853345245,67.57667677789013,0.029188587926678774
mvp,ltx,LTX-13B,LTX-13B,linear,id:4,3,"42,101,102",ready_manifest,0.0,0.0,50.0,0.0,0.0,0.0,50.0,0.0
mvp,ltx,LTX-13B,LTX-13B,linear,id:40,3,"42,101,102",ready_manifest,39.737108190091,0.5629690963427719,64.47590158409167,0.1914023709403584,42.77047522750253,0.7077856420626912,67.07111560498821,0.23350870341339738
mvp,ltx,LTX-13B,LTX-13B,linear,id:5,3,"42,101,102",ready_manifest,37.84967981125716,1.6345609238937817,64.93090663970341,0.30890297910049286,38.99561846983485,2.1599555065739326,65.79036063363667,0.28747425192503645
mvp,ltx,LTX-13B,LTX-13B,linear,id:6,3,"42,101,102",ready_manifest,42.46713852376138,0.8088978766430763,67.00370744860128,0.6361505253851343,43.78159757330637,0.1751315275600501,67.98112571621166,0.058377175853349346
mvp,ltx,LTX-13B,LTX-13B,linear,id:7,3,"42,101,102",ready_manifest,33.80519042804179,0.8110016458049174,62.48736097067746,0.18228267317816588,34.64779238287833,0.7101889958107668,62.82440175261207,0.029188587926676723
mvp,ltx,LTX-13B,LTX-13B,linear,id:8,3,"42,101,102",ready_manifest,27.3340074148972,1.0327976707815687,57.12841253791709,0.5960478322826895,29.861813279406807,1.4167744898539738,59.352881698685536,0.17513152756004804
mvp,ltx,LTX-13B,LTX-13B,linear,id:9,3,"42,101,102",ready_manifest,42.06268958543984,0.9645492430909489,66.86889113582744,0.5064030738563108,43.916413886080214,0.7173507466731627,67.66093697337378,0.30890297910049436
mvp,ltx,LTX-13B,LTX-13B,linear,label:noise_0.1_block_12,3,"42,101,102",ready_manifest,43.10751600943714,3.185169132816111,67.62723289518031,0.5545831706068216,42.736771149309064,2.773376687181761,67.40815638692281,0.25446021015405257
mvp,ltx,LTX-13B,LTX-13B,linear,label:noise_0.1_block_24,3,"42,101,102",ready_manifest,47.75867880013482,0.6578773608339472,69.76744186046513,0.22036900624573488,46.03977081226828,0.15445148955024718,69.00910010111222,0.3033367037411523
mvp,ltx,LTX-13B,LTX-13B,linear,label:noise_0.1_block_36,3,"42,101,102",ready_manifest,44.42197505898214,0.5089204203081085,68.33501853724302,0.42997474965194327,43.24233232221099,0.058377175853345245,67.57667677789013,0.029188587926678774
mvp,ltx,LTX-13B,LTX-13B,linear,label:noise_0.1_block_48,3,"42,101,102",ready_manifest,39.737108190091,0.5629690963427719,64.47590158409167,0.1914023709403584,42.77047522750253,0.7077856420626912,67.07111560498821,0.23350870341339738
mvp,ltx,LTX-13B,LTX-13B,linear,label:noise_0.2_block_12,3,"42,101,102",ready_manifest,41.08527131782946,2.3263139773154604,66.48129423660262,0.3538928210313403,39.87192450286485,1.365327205967585,65.95888102460398,0.1625151796594684
mvp,ltx,LTX-13B,LTX-13B,linear,label:noise_0.2_block_24,3,"42,101,102",ready_manifest,49.51129086619481,0.8172804619468909,70.93023255813954,0.4979200102020298,44.590495449949444,0.3502630551200961,68.1159420289855,0.11675435170669869
mvp,ltx,LTX-13B,LTX-13B,linear,label:noise_0.2_block_36,3,"42,101,102",ready_manifest,44.35456690259522,0.11675435170669869,67.7789012470509,0.19140237094035525,44.11863835524098,0.3828047418807055,68.04853387259858,0.05055611729018494
mvp,ltx,LTX-13B,LTX-13B,linear,label:noise_0.2_block_48,3,"42,101,102",ready_manifest,40.71452645770138,0.4086402309734416,65.35220761712168,0.29623181380597996,40.95045500505561,0.6150417118602826,65.43646781260533,0.33661921731443184
mvp,ltx,LTX-13B,LTX-13B,linear,label:noise_0.3_block_12,3,"42,101,102",ready_manifest,39.53488372093023,2.726282864047067,66.81833501853724,0.4086402309734378,41.08527131782946,2.5061424260224228,67.93056959892147,0.14594293963336927
mvp,ltx,LTX-13B,LTX-13B,linear,label:noise_0.3_block_24,3,"42,101,102",ready_manifest,46.107178968655205,1.12593819268554,69.09336029659589,0.42997474965193855,46.20829120323559,1.139477014113718,68.90798786653185,0.0
mvp,ltx,LTX-13B,LTX-13B,linear,label:noise_0.3_block_36,3,"42,101,102",ready_manifest,44.42197505898214,1.2803114198330012,68.1159420289855,0.5452878222906509,44.65790360633637,0.5568827651452067,68.5540950455005,0.13375891360285008
mvp,ltx,LTX-13B,LTX-13B,linear,label:noise_0.3_block_48,3,"42,101,102",ready_manifest,40.849342770475225,1.0700713088228906,65.53758004718571,0.38612872387561487,39.26525109538254,1.300121437275759,65.48702392989551,0.21048190085602933
mvp,ltx,LTX-13B,LTX-13B,linear,label:noise_0.4_block_12,3,"42,101,102",ready_manifest,40.512301988540614,1.1091663412136417,67.08796764408493,0.7633806304621578,44.32086282440175,0.32503035931893975,69.61577350859454,0.31572285128404515
mvp,ltx,LTX-13B,LTX-13B,linear,label:noise_0.4_block_24,3,"42,101,102",ready_manifest,46.91607684529828,0.36456534635632093,69.61577350859454,0.18228267317815702,49.20795416245365,0.7101889958107702,70.71115604988204,0.0772257447751205
mvp,ltx,LTX-13B,LTX-13B,linear,label:noise_0.4_block_36,3,"42,101,102",ready_manifest,44.590495449949444,1.8395758744853619,68.46983485001685,0.36573195844641965,43.377148634984835,0.5253945826801442,67.3913043478261,0.15166835187057615
mvp,ltx,LTX-13B,LTX-13B,linear,label:noise_0.4_block_48,3,"42,101,102",ready_manifest,40.815638692281766,0.6578773608339472,65.47017189079878,0.4633544686507416,41.38860802157061,0.6732384346288528,66.17795753286148,0.18228267317816294
mvp,ltx,LTX-13B,LTX-13B,linear,label:noise_0.5_block_12,3,"42,101,102",ready_manifest,43.24233232221099,1.3040473287598975,68.31816649814628,0.793478757465019,47.657566565554426,0.9924119895069389,70.49207954162453,0.15445148955024718
mvp,ltx,LTX-13B,LTX-13B,linear,label:noise_0.5_block_24,3,"42,101,102",ready_manifest,47.927199191102126,0.3502630551200961,70.55948769801147,0.1625151796594765,52.713178294573645,0.058377175853345245,72.90192113245702,0.15166835187057615
mvp,ltx,LTX-13B,LTX-13B,linear,label:noise_0.5_block_36,3,"42,101,102",ready_manifest,43.545669025952144,1.2356119164019774,67.08796764408493,0.6611070187372111,44.759015840916746,0.3089029791004905,67.7789012470509,0.058377175853349346
mvp,ltx,LTX-13B,LTX-13B,linear,label:noise_0.5_block_48,3,"42,101,102",ready_manifest,41.79305695989215,0.9118806375779421,66.36332996292552,0.21048190085602933,41.25379170879676,1.0556427208200785,66.12740141557128,0.2814845481713885
mvp,ltx,LTX-13B,LTX-13B,linear,label:noise_0.6_block_12,3,"42,101,102",ready_manifest,45.567913717559826,0.6094756090335389,69.14391641388607,0.16251517965947135,47.69127064374789,0.7314639168928416,70.05392652510953,0.029188587926670572
mvp,ltx,LTX-13B,LTX-13B,linear,label:noise_0.6_block_24,3,"42,101,102",ready_manifest,49.27536231884058,0.7314639168928438,71.1324570273003,0.15166835187057615,54.566902595214025,0.058377175853349346,73.99730367374453,0.17754724895268834
mvp,ltx,LTX-13B,LTX-13B,linear,label:noise_0.6_block_36,3,"42,101,102",ready_manifest,42.837883383889455,0.15445148955024332,67.05426356589147,0.20432011548672213,44.15234243343445,0.5837717585334935,68.26761038085608,0.1052409504280158
mvp,ltx,LTX-13B,LTX-13B,linear,label:noise_0.6_block_48,3,"42,101,102",ready_manifest,41.05156723963599,0.10111223458038054,65.82406471183013,0.26751782720572165,40.78193461408831,1.1719136266069243,66.29592180653859,0.3550944979053834
mvp,ltx,LTX-13B,LTX-13B,linear,label:noise_0.7_block_12,3,"42,101,102",ready_manifest,44.32086282440176,1.3578184751252904,68.28446241995282,0.4055008229024516,46.68014829794405,2.1217513630653375,69.66632962588473,0.1011122345803841
mvp,ltx,LTX-13B,LTX-13B,linear,label:noise_0.7_block_24,3,"42,101,102",ready_manifest,48.87091338051904,0.9820561027525073,70.72800808897877,0.48227462154547834,49.98314796090327,0.4559403187889638,72.04246713852376,0.1011122345803841
mvp,ltx,LTX-13B,LTX-13B,linear,label:noise_0.7_block_36,3,"42,101,102",ready_manifest,40.37748567576677,0.5188676885183939,65.50387596899225,0.20432011548672682,41.25379170879677,0.2675178272057203,65.50387596899225,0.10524095042801353
mvp,ltx,LTX-13B,LTX-13B,linear,label:noise_0.7_block_48,3,"42,101,102",ready_manifest,38.6922817660937,0.47783777818529855,64.07145264577014,0.5163988353907808,38.658577687900234,0.8235114070017298,63.49848331648129,0.0
mvp,ltx,LTX-13B,LTX-13B,linear,label:noise_0.8_block_12,3,"42,101,102",ready_manifest,42.06268958543984,0.9645492430909489,66.86889113582744,0.5064030738563108,43.916413886080214,0.7173507466731627,67.66093697337378,0.30890297910049436
mvp,ltx,LTX-13B,LTX-13B,linear,label:noise_0.8_block_24,3,"42,101,102",ready_manifest,50.151668351870576,0.9750910779568193,71.75598247387934,0.3289386804169682,51.16279069767442,0.6150417118602901,72.07617121671723,0.058377175853349346
mvp,ltx,LTX-13B,LTX-13B,linear,label:noise_0.8_block_36,3,"42,101,102",ready_manifest,36.3329962925514,0.30890297910049513,63.009774182676104,0.1459429396333754,39.164138860802154,0.9062574762216876,65.62184024266936,0.13375891360285547
mvp,ltx,LTX-13B,LTX-13B,linear,label:noise_0.8_block_48,3,"42,101,102",ready_manifest,33.29962925513987,0.8479774604252853,60.24603977081227,0.4587346676378895,35.79373104145601,0.44073801249147054,62.200876306033024,0.2918858792667488
mvp,ltx,LTX-13B,LTX-13B,linear,label:noise_0.9_block_12,3,"42,101,102",ready_manifest,37.84967981125716,1.6345609238937817,64.93090663970341,0.30890297910049286,38.99561846983485,2.1599555065739326,65.79036063363667,0.28747425192503645
mvp,ltx,LTX-13B,LTX-13B,linear,label:noise_0.9_block_24,3,"42,101,102",ready_manifest,42.46713852376138,0.8088978766430763,67.00370744860128,0.6361505253851343,43.78159757330637,0.1751315275600501,67.98112571621166,0.058377175853349346
mvp,ltx,LTX-13B,LTX-13B,linear,label:noise_0.9_block_36,3,"42,101,102",ready_manifest,33.80519042804179,0.8110016458049174,62.48736097067746,0.18228267317816588,34.64779238287833,0.7101889958107668,62.82440175261207,0.029188587926676723
mvp,ltx,LTX-13B,LTX-13B,linear,label:noise_0.9_block_48,3,"42,101,102",ready_manifest,27.3340074148972,1.0327976707815687,57.12841253791709,0.5960478322826895,29.861813279406807,1.4167744898539738,59.352881698685536,0.17513152756004804
mvp,ltx,LTX-13B,LTX-13B,linear,label:noise_1.0_block_12,3,"42,101,102",ready_manifest,0.0,0.0,50.0,0.0,0.0,0.0,50.0,0.0
mvp,ltx,LTX-13B,LTX-13B,linear,label:noise_1.0_block_24,3,"42,101,102",ready_manifest,0.0,0.0,50.0,0.0,0.0,0.0,50.0,0.0
mvp,ltx,LTX-13B,LTX-13B,linear,label:noise_1.0_block_36,3,"42,101,102",ready_manifest,0.0,0.0,50.0,0.0,0.0,0.0,50.0,0.0
mvp,ltx,LTX-13B,LTX-13B,linear,label:noise_1.0_block_48,3,"42,101,102",ready_manifest,0.0,0.0,50.0,0.0,0.0,0.0,50.0,0.0
mvp,ltx,LTX-13B,LTX-13B,mlp,id:1,3,"42,101,102",ready_manifest,0.0,0.0,50.0,0.0,0.0,0.0,50.0,0.0
mvp,ltx,LTX-13B,LTX-13B,mlp,id:10,3,"42,101,102",ready_manifest,66.43073811931244,1.026177104660486,81.29423660262891,0.4875455389784082,67.57667677789013,0.49877480913207695,82.40647118301314,0.33151863115783253
mvp,ltx,LTX-13B,LTX-13B,mlp,id:11,3,"42,101,102",ready_manifest,52.173913043478265,0.2675178272057203,72.53117627232895,0.24938740456603609,56.285810583080554,0.15445148955024796,75.42972699696664,0.17513152756004804
mvp,ltx,LTX-13B,LTX-13B,mlp,id:12,3,"42,101,102",ready_manifest,41.96157735085946,0.20222446916077175,66.17795753286148,0.17513152756004804,40.647118301314464,0.6066734074823081,65.31850353892821,0.262697291340068
mvp,ltx,LTX-13B,LTX-13B,mlp,id:13,3,"42,101,102",ready_manifest,62.521065048870916,0.6882567528366104,78.80013481631278,0.40864023097344543,66.56555443208629,0.49877480913207695,81.36164475901583,0.29188587926674675
mvp,ltx,LTX-13B,LTX-13B,mlp,id:14,3,"42,101,102",ready_manifest,67.88001348163128,0.46701740682679477,82.25480283114257,0.2022244691607682,69.90225817323896,0.42096380171205866,83.53555780249411,0.3047378045167691
mvp,ltx,LTX-13B,LTX-13B,mlp,id:15,3,"42,101,102",ready_manifest,58.7799123693967,2.2067807933765944,76.50825749915741,1.091746837664,58.7799123693967,0.7656094837614136,76.13751263902932,0.3315186311578315
mvp,ltx,LTX-13B,LTX-13B,mlp,id:16,3,"42,101,102",ready_manifest,49.174250084260194,0.9715898419548066,71.09875294910684,0.5545831706068239,49.20795416245366,0.765609483761411,70.62689585439838,0.4012767408085798
mvp,ltx,LTX-13B,LTX-13B,mlp,id:17,3,"42,101,102",ready_manifest,63.094034378159755,1.516683518705765,79.15402763734411,0.9755278488983031,66.16110549376475,0.765609483761411,81.1762723289518,0.2594338442591941
mvp,ltx,LTX-13B,LTX-13B,mlp,id:18,3,"42,101,102",ready_manifest,68.58779912369397,0.6500607186378847,82.33906302662622,0.3926922884304318,70.4752275025278,0.364565346356318,83.63667003707448,0.3550944979053834
mvp,ltx,LTX-13B,LTX-13B,mlp,id:19,3,"42,101,102",ready_manifest,62.82440175261207,1.0178408406162174,79.22143579373105,0.5830415871926546,66.49814627569936,0.5837717585334935,80.99089989888776,0.2022244691607682
mvp,ltx,LTX-13B,LTX-13B,mlp,id:2,3,"42,101,102",ready_manifest,0.0,0.0,50.0,0.0,0.0,0.0,50.0,0.0
mvp,ltx,LTX-13B,LTX-13B,mlp,id:20,3,"42,101,102",ready_manifest,58.71250421300977,0.32503035931894125,76.42399730367374,0.20432011548672213,57.70138186720593,0.30890297910049436,76.03640040444894,0.22036900624572997
mvp,ltx,LTX-13B,LTX-13B,mlp,id:21,3,"42,101,102",ready_manifest,62.99292214357937,0.7077856420626871,79.10347152005392,0.33661921731442973,66.1948095719582,0.5749485038500829,81.24368048533873,0.3538928210313403
mvp,ltx,LTX-13B,LTX-13B,mlp,id:22,3,"42,101,102",ready_manifest,68.31816649814628,0.8834069714918253,82.10313447927199,0.30752085593013984,70.67745197168857,0.440738012491473,84.15908324907313,0.2544602101540592
mvp,ltx,LTX-13B,LTX-13B,mlp,id:23,3,"42,101,102",ready_manifest,64.00404448938322,1.6645174553239945,79.62588473205258,0.7549638282643119,67.23963599595551,0.7633806304621578,81.41220087630603,0.15445148955024873
mvp,ltx,LTX-13B,LTX-13B,mlp,id:24,3,"42,101,102",ready_manifest,61.206605999325916,0.21048190085602933,78.27772160431412,0.15445148955024873,61.61105493764746,1.0620796263288685,78.14290529154027,0.2874742519250385
mvp,ltx,LTX-13B,LTX-13B,mlp,id:25,3,"42,101,102",ready_manifest,62.217728345129764,0.9975496182641613,78.91809908998988,0.4822746215454761,65.28479946073475,0.6732384346288559,80.60330299966296,0.3366192173144258
mvp,ltx,LTX-13B,LTX-13B,mlp,id:26,3,"42,101,102",ready_manifest,67.81260532524435,0.49877480913207695,81.95146612740142,0.26269729134007613,70.57633973710819,0.5629690963427719,83.68722615436468,0.29188587926674675
mvp,ltx,LTX-13B,LTX-13B,mlp,id:27,3,"42,101,102",ready_manifest,66.4644421975059,0.5568827651452067,81.41220087630603,0.49620599475346533,67.74519716885743,0.6150417118602843,81.86720593191777,0.0772257447751267
mvp,ltx,LTX-13B,LTX-13B,mlp,id:28,3,"42,101,102",ready_manifest,62.25143242332322,0.8479774604252872,78.14290529154027,0.46974586669249124,62.79069767441861,0.5350356544114433,78.88439501179643,0.058377175853349346
mvp,ltx,LTX-13B,LTX-13B,mlp,id:29,3,"42,101,102",ready_manifest,61.47623862487361,1.0556427208200851,78.09234917425009,0.7332089625145658,63.59959555106168,0.40444893832153994,79.77755308392315,0.22036900624573488
mvp,ltx,LTX-13B,LTX-13B,mlp,id:3,3,"42,101,102",ready_manifest,0.0,0.0,50.0,0.0,0.0,0.0,50.0,0.0
mvp,ltx,LTX-13B,LTX-13B,mlp,id:30,3,"42,101,102",ready_manifest,66.26221772834514,0.9556755563705971,81.04145601617796,0.3538928210313484,69.36299292214358,0.2022244691607682,83.04684866868892,0.21048190085602933
mvp,ltx,LTX-13B,LTX-13B,mlp,id:31,3,"42,101,102",ready_manifest,65.45331985170206,1.1719136266069219,80.45163464779237,0.42096380171205866,66.49814627569936,0.3828047418807055,81.4459049544995,0.267517827205719
mvp,ltx,LTX-13B,LTX-13B,mlp,id:32,3,"42,101,102",ready_manifest,61.712167172227836,1.0811604268517327,77.97438490057297,0.5089204203081118,62.217728345129764,0.15445148955024796,78.24401752612066,0.16251517965947135
mvp,ltx,LTX-13B,LTX-13B,mlp,id:33,3,"42,101,102",ready_manifest,60.364004044489384,1.5099276565286275,77.51937984496124,0.6321199640549666,61.84698348500169,1.3196341051871836,78.83383889450623,0.40550082290246575
mvp,ltx,LTX-13B,LTX-13B,mlp,id:34,3,"42,101,102",ready_manifest,65.31850353892821,0.26751782720572165,80.35052241321199,0.07722574477512825,67.81260532524435,0.6882567528366064,82.15369059656219,0.2814845481713834
mvp,ltx,LTX-13B,LTX-13B,mlp,id:35,3,"42,101,102",ready_manifest,65.01516683518706,0.0,80.63700707785642,0.1011122345803841,67.10481968318166,0.8172804619468909,81.3447927199191,0.2316772343253677
mvp,ltx,LTX-13B,LTX-13B,mlp,id:36,3,"42,101,102",ready_manifest,60.12807549713516,0.772257447751236,77.14863498483317,0.4633544686507416,60.59993259184362,0.8599494993038834,77.41826761038085,0.3366192173144262
mvp,ltx,LTX-13B,LTX-13B,mlp,id:37,3,"42,101,102",ready_manifest,59.58881024603977,0.6882567528366064,77.18233906302663,0.5358312469020732,60.49882035726323,0.15445148955025106,77.9406808223795,0.15445148955024565
mvp,ltx,LTX-13B,LTX-13B,mlp,id:38,3,"42,101,102",ready_manifest,64.20626895854399,0.535035654411446,79.7438490057297,0.42398873021264494,65.99258510279743,0.49877480913207695,81.26053252443545,0.27844138257260986
mvp,ltx,LTX-13B,LTX-13B,mlp,id:39,3,"42,101,102",ready_manifest,65.14998314796091,1.416774489853972,80.72126727334008,0.7332089625145659,66.36332996292552,0.5924636276119624,80.94034378159758,0.36456534635632387
mvp,ltx,LTX-13B,LTX-13B,mlp,id:4,3,"42,101,102",ready_manifest,0.0,0.0,50.0,0.0,0.0,0.0,50.0,0.0
mvp,ltx,LTX-13B,LTX-13B,mlp,id:40,3,"42,101,102",ready_manifest,61.40883046848669,0.7314639168928456,77.87327266599259,0.24938740456603609,61.24031007751938,0.11675435170669458,78.19346140883046,0.14594293963337746
mvp,ltx,LTX-13B,LTX-13B,mlp,id:5,3,"42,101,102",ready_manifest,50.185372430064035,1.2882719820435704,72.0593191776205,1.0847007106002031,52.47724974721941,0.7077856420626912,73.4917425008426,0.3289386804169755
mvp,ltx,LTX-13B,LTX-13B,mlp,id:6,3,"42,101,102",ready_manifest,55.17357600269632,0.7173507466731658,74.55342096393663,0.29623181380598523,57.836198179979775,0.8987051989196742,76.82844624199528,0.23891888909265327
mvp,ltx,LTX-13B,LTX-13B,mlp,id:7,3,"42,101,102",ready_manifest,43.14122008763061,1.531218967522826,67.69464105156723,0.8771158530281833,42.837883383889455,0.7656094837614176,68.18335018537243,0.21048190085602933
mvp,ltx,LTX-13B,LTX-13B,mlp,id:8,3,"42,101,102",ready_manifest,32.89518031681833,0.40864023097344543,59.858442871587464,0.26751782720571765,34.546680148297945,0.5568827651452067,61.5267947421638,0.2814845481713892
mvp,ltx,LTX-13B,LTX-13B,mlp,id:9,3,"42,101,102",ready_manifest,60.97067745197169,0.9750910779568234,78.10920121334682,0.4633544686507416,64.64442197505899,0.6732384346288519,80.55274688237276,0.25446021015405257
mvp,ltx,LTX-13B,LTX-13B,mlp,label:noise_0.1_block_12,3,"42,101,102",ready_manifest,59.58881024603977,0.6882567528366064,77.18233906302663,0.5358312469020732,60.49882035726323,0.15445148955025106,77.9406808223795,0.15445148955024565
mvp,ltx,LTX-13B,LTX-13B,mlp,label:noise_0.1_block_24,3,"42,101,102",ready_manifest,64.20626895854399,0.535035654411446,79.7438490057297,0.42398873021264494,65.99258510279743,0.49877480913207695,81.26053252443545,0.27844138257260986
mvp,ltx,LTX-13B,LTX-13B,mlp,label:noise_0.1_block_36,3,"42,101,102",ready_manifest,65.14998314796091,1.416774489853972,80.72126727334008,0.7332089625145659,66.36332996292552,0.5924636276119624,80.94034378159758,0.36456534635632387
mvp,ltx,LTX-13B,LTX-13B,mlp,label:noise_0.1_block_48,3,"42,101,102",ready_manifest,61.40883046848669,0.7314639168928456,77.87327266599259,0.24938740456603609,61.24031007751938,0.11675435170669458,78.19346140883046,0.14594293963337746
mvp,ltx,LTX-13B,LTX-13B,mlp,label:noise_0.2_block_12,3,"42,101,102",ready_manifest,60.364004044489384,1.5099276565286275,77.51937984496124,0.6321199640549666,61.84698348500169,1.3196341051871836,78.83383889450623,0.40550082290246575
mvp,ltx,LTX-13B,LTX-13B,mlp,label:noise_0.2_block_24,3,"42,101,102",ready_manifest,65.31850353892821,0.26751782720572165,80.35052241321199,0.07722574477512825,67.81260532524435,0.6882567528366064,82.15369059656219,0.2814845481713834
mvp,ltx,LTX-13B,LTX-13B,mlp,label:noise_0.2_block_36,3,"42,101,102",ready_manifest,65.01516683518706,0.0,80.63700707785642,0.1011122345803841,67.10481968318166,0.8172804619468909,81.3447927199191,0.2316772343253677
mvp,ltx,LTX-13B,LTX-13B,mlp,label:noise_0.2_block_48,3,"42,101,102",ready_manifest,60.12807549713516,0.772257447751236,77.14863498483317,0.4633544686507416,60.59993259184362,0.8599494993038834,77.41826761038085,0.3366192173144262
mvp,ltx,LTX-13B,LTX-13B,mlp,label:noise_0.3_block_12,3,"42,101,102",ready_manifest,61.47623862487361,1.0556427208200851,78.09234917425009,0.7332089625145658,63.59959555106168,0.40444893832153994,79.77755308392315,0.22036900624573488
mvp,ltx,LTX-13B,LTX-13B,mlp,label:noise_0.3_block_24,3,"42,101,102",ready_manifest,66.26221772834514,0.9556755563705971,81.04145601617796,0.3538928210313484,69.36299292214358,0.2022244691607682,83.04684866868892,0.21048190085602933
mvp,ltx,LTX-13B,LTX-13B,mlp,label:noise_0.3_block_36,3,"42,101,102",ready_manifest,65.45331985170206,1.1719136266069219,80.45163464779237,0.42096380171205866,66.49814627569936,0.3828047418807055,81.4459049544995,0.267517827205719
mvp,ltx,LTX-13B,LTX-13B,mlp,label:noise_0.3_block_48,3,"42,101,102",ready_manifest,61.712167172227836,1.0811604268517327,77.97438490057297,0.5089204203081118,62.217728345129764,0.15445148955024796,78.24401752612066,0.16251517965947135
mvp,ltx,LTX-13B,LTX-13B,mlp,label:noise_0.4_block_12,3,"42,101,102",ready_manifest,62.217728345129764,0.9975496182641613,78.91809908998988,0.4822746215454761,65.28479946073475,0.6732384346288559,80.60330299966296,0.3366192173144258
mvp,ltx,LTX-13B,LTX-13B,mlp,label:noise_0.4_block_24,3,"42,101,102",ready_manifest,67.81260532524435,0.49877480913207695,81.95146612740142,0.26269729134007613,70.57633973710819,0.5629690963427719,83.68722615436468,0.29188587926674675
mvp,ltx,LTX-13B,LTX-13B,mlp,label:noise_0.4_block_36,3,"42,101,102",ready_manifest,66.4644421975059,0.5568827651452067,81.41220087630603,0.49620599475346533,67.74519716885743,0.6150417118602843,81.86720593191777,0.0772257447751267
mvp,ltx,LTX-13B,LTX-13B,mlp,label:noise_0.4_block_48,3,"42,101,102",ready_manifest,62.25143242332322,0.8479774604252872,78.14290529154027,0.46974586669249124,62.79069767441861,0.5350356544114433,78.88439501179643,0.058377175853349346
mvp,ltx,LTX-13B,LTX-13B,mlp,label:noise_0.5_block_12,3,"42,101,102",ready_manifest,62.99292214357937,0.7077856420626871,79.10347152005392,0.33661921731442973,66.1948095719582,0.5749485038500829,81.24368048533873,0.3538928210313403
mvp,ltx,LTX-13B,LTX-13B,mlp,label:noise_0.5_block_24,3,"42,101,102",ready_manifest,68.31816649814628,0.8834069714918253,82.10313447927199,0.30752085593013984,70.67745197168857,0.440738012491473,84.15908324907313,0.2544602101540592
mvp,ltx,LTX-13B,LTX-13B,mlp,label:noise_0.5_block_36,3,"42,101,102",ready_manifest,64.00404448938322,1.6645174553239945,79.62588473205258,0.7549638282643119,67.23963599595551,0.7633806304621578,81.41220087630603,0.15445148955024873
mvp,ltx,LTX-13B,LTX-13B,mlp,label:noise_0.5_block_48,3,"42,101,102",ready_manifest,61.206605999325916,0.21048190085602933,78.27772160431412,0.15445148955024873,61.61105493764746,1.0620796263288685,78.14290529154027,0.2874742519250385
mvp,ltx,LTX-13B,LTX-13B,mlp,label:noise_0.6_block_12,3,"42,101,102",ready_manifest,63.094034378159755,1.516683518705765,79.15402763734411,0.9755278488983031,66.16110549376475,0.765609483761411,81.1762723289518,0.2594338442591941
mvp,ltx,LTX-13B,LTX-13B,mlp,label:noise_0.6_block_24,3,"42,101,102",ready_manifest,68.58779912369397,0.6500607186378847,82.33906302662622,0.3926922884304318,70.4752275025278,0.364565346356318,83.63667003707448,0.3550944979053834
mvp,ltx,LTX-13B,LTX-13B,mlp,label:noise_0.6_block_36,3,"42,101,102",ready_manifest,62.82440175261207,1.0178408406162174,79.22143579373105,0.5830415871926546,66.49814627569936,0.5837717585334935,80.99089989888776,0.2022244691607682
mvp,ltx,LTX-13B,LTX-13B,mlp,label:noise_0.6_block_48,3,"42,101,102",ready_manifest,58.71250421300977,0.32503035931894125,76.42399730367374,0.20432011548672213,57.70138186720593,0.30890297910049436,76.03640040444894,0.22036900624572997
mvp,ltx,LTX-13B,LTX-13B,mlp,label:noise_0.7_block_12,3,"42,101,102",ready_manifest,62.521065048870916,0.6882567528366104,78.80013481631278,0.40864023097344543,66.56555443208629,0.49877480913207695,81.36164475901583,0.29188587926674675
mvp,ltx,LTX-13B,LTX-13B,mlp,label:noise_0.7_block_24,3,"42,101,102",ready_manifest,67.88001348163128,0.46701740682679477,82.25480283114257,0.2022244691607682,69.90225817323896,0.42096380171205866,83.53555780249411,0.3047378045167691
mvp,ltx,LTX-13B,LTX-13B,mlp,label:noise_0.7_block_36,3,"42,101,102",ready_manifest,58.7799123693967,2.2067807933765944,76.50825749915741,1.091746837664,58.7799123693967,0.7656094837614136,76.13751263902932,0.3315186311578315
mvp,ltx,LTX-13B,LTX-13B,mlp,label:noise_0.7_block_48,3,"42,101,102",ready_manifest,49.174250084260194,0.9715898419548066,71.09875294910684,0.5545831706068239,49.20795416245366,0.765609483761411,70.62689585439838,0.4012767408085798
mvp,ltx,LTX-13B,LTX-13B,mlp,label:noise_0.8_block_12,3,"42,101,102",ready_manifest,60.97067745197169,0.9750910779568234,78.10920121334682,0.4633544686507416,64.64442197505899,0.6732384346288519,80.55274688237276,0.25446021015405257
mvp,ltx,LTX-13B,LTX-13B,mlp,label:noise_0.8_block_24,3,"42,101,102",ready_manifest,66.43073811931244,1.026177104660486,81.29423660262891,0.4875455389784082,67.57667677789013,0.49877480913207695,82.40647118301314,0.33151863115783253
mvp,ltx,LTX-13B,LTX-13B,mlp,label:noise_0.8_block_36,3,"42,101,102",ready_manifest,52.173913043478265,0.2675178272057203,72.53117627232895,0.24938740456603609,56.285810583080554,0.15445148955024796,75.42972699696664,0.17513152756004804
mvp,ltx,LTX-13B,LTX-13B,mlp,label:noise_0.8_block_48,3,"42,101,102",ready_manifest,41.96157735085946,0.20222446916077175,66.17795753286148,0.17513152756004804,40.647118301314464,0.6066734074823081,65.31850353892821,0.262697291340068
mvp,ltx,LTX-13B,LTX-13B,mlp,label:noise_0.9_block_12,3,"42,101,102",ready_manifest,50.185372430064035,1.2882719820435704,72.0593191776205,1.0847007106002031,52.47724974721941,0.7077856420626912,73.4917425008426,0.3289386804169755
mvp,ltx,LTX-13B,LTX-13B,mlp,label:noise_0.9_block_24,3,"42,101,102",ready_manifest,55.17357600269632,0.7173507466731658,74.55342096393663,0.29623181380598523,57.836198179979775,0.8987051989196742,76.82844624199528,0.23891888909265327
mvp,ltx,LTX-13B,LTX-13B,mlp,label:noise_0.9_block_36,3,"42,101,102",ready_manifest,43.14122008763061,1.531218967522826,67.69464105156723,0.8771158530281833,42.837883383889455,0.7656094837614176,68.18335018537243,0.21048190085602933
mvp,ltx,LTX-13B,LTX-13B,mlp,label:noise_0.9_block_48,3,"42,101,102",ready_manifest,32.89518031681833,0.40864023097344543,59.858442871587464,0.26751782720571765,34.546680148297945,0.5568827651452067,61.5267947421638,0.2814845481713892
mvp,ltx,LTX-13B,LTX-13B,mlp,label:noise_1.0_block_12,3,"42,101,102",ready_manifest,0.0,0.0,50.0,0.0,0.0,0.0,50.0,0.0
mvp,ltx,LTX-13B,LTX-13B,mlp,label:noise_1.0_block_24,3,"42,101,102",ready_manifest,0.0,0.0,50.0,0.0,0.0,0.0,50.0,0.0
mvp,ltx,LTX-13B,LTX-13B,mlp,label:noise_1.0_block_36,3,"42,101,102",ready_manifest,0.0,0.0,50.0,0.0,0.0,0.0,50.0,0.0
mvp,ltx,LTX-13B,LTX-13B,mlp,label:noise_1.0_block_48,3,"42,101,102",ready_manifest,0.0,0.0,50.0,0.0,0.0,0.0,50.0,0.0
mvp,ltx,LTX-2B,LTX-2B,linear,id:1,3,"42,101,102",ready_manifest,0.0,0.0,50.0,0.0,0.0,0.0,50.0,0.0
mvp,ltx,LTX-2B,LTX-2B,linear,id:10,3,"42,101,102",ready_manifest,26.659925851027975,8.820171161177706,57.95416245365689,5.233555327023009,28.61476238624874,7.444635039110198,59.50455005055611,3.502630551200969
mvp,ltx,LTX-2B,LTX-2B,linear,id:11,3,"42,101,102",ready_manifest,26.322885069093363,4.095149524117035,57.06100438153017,3.050312180275705,26.862150320188743,3.301795726464712,57.43174924165824,3.1962503373253335
mvp,ltx,LTX-2B,LTX-2B,linear,id:12,3,"42,101,102",ready_manifest,28.041793056959893,1.570769153721743,57.128412537917086,2.9981951472563653,29.15402763734412,1.214750339800477,57.81934614088304,2.437378174825038
mvp,ltx,LTX-2B,LTX-2B,linear,id:13,3,"42,101,102",ready_manifest,29.693292888439505,3.0372966345549877,59.89214694978092,2.7885414900720837,32.018874283788335,3.737507219237467,61.17290192113246,2.716421159152617
mvp,ltx,LTX-2B,LTX-2B,linear,id:14,3,"42,101,102",ready_manifest,28.2103134479272,4.856545989291338,57.971014492753625,3.42191847563116,29.052915402763734,3.595294765065122,59.28547354229862,2.437378174825038
mvp,ltx,LTX-2B,LTX-2B,linear,id:15,3,"42,101,102",ready_manifest,27.73845635321874,5.371651895963595,57.49915739804516,4.130881327193247,30.40107853050219,6.208598594384432,58.76306033029997,5.534066980193031
mvp,ltx,LTX-2B,LTX-2B,linear,id:16,3,"42,101,102",ready_manifest,28.24401752612066,4.082647766469408,57.077856420626894,4.513106957830492,29.86181327940681,4.933130423112346,58.67880013481631,4.582608304487928
mvp,ltx,LTX-2B,LTX-2B,linear,id:17,3,"42,101,102",ready_manifest,31.58072126727334,3.723804959182717,60.701044826423995,3.100592014049729,33.16481294236603,4.305291983021994,61.69531513313111,2.772915853034098
mvp,ltx,LTX-2B,LTX-2B,linear,id:18,3,"42,101,102",ready_manifest,30.064037748567575,4.586232205776623,59.35288169868554,3.5084634121127403,29.96292551398719,2.469154419601267,59.689922480620154,1.7833725611932496
mvp,ltx,LTX-2B,LTX-2B,linear,id:19,3,"42,101,102",ready_manifest,29.794405123019885,5.927224144256588,58.35861139197843,4.305390926819377,29.659588810246042,6.072068208870085,58.61139197842939,4.305390926819372
mvp,ltx,LTX-2B,LTX-2B,linear,id:2,3,"42,101,102",ready_manifest,0.0,0.0,50.0,0.0,0.0,0.0,50.0,0.0
mvp,ltx,LTX-2B,LTX-2B,linear,id:20,3,"42,101,102",ready_manifest,27.098078867542974,4.647864483139011,56.8587799123694,3.9725442980076546,27.772160431412203,4.006818157359688,57.78564206268958,3.4744229537516063
mvp,ltx,LTX-2B,LTX-2B,linear,id:21,3,"42,101,102",ready_manifest,29.625884732052576,1.4046960555560966,60.29659588810246,1.6647733577707933,31.782945736434108,2.90657373270649,61.69531513313111,2.730186366610445
mvp,ltx,LTX-2B,LTX-2B,linear,id:22,3,"42,101,102",ready_manifest,30.535894843276036,4.1677378858493315,60.2123356926188,2.942261785025578,30.535894843276036,3.9563190185063433,59.13380519042804,2.7029010671293277
mvp,ltx,LTX-2B,LTX-2B,linear,id:23,3,"42,101,102",ready_manifest,29.45736434108527,5.568827651452078,58.99898887765419,3.94337714863498,30.299966295921806,5.405802134258658,59.47084597236265,3.737507219237463
mvp,ltx,LTX-2B,LTX-2B,linear,id:24,3,"42,101,102",ready_manifest,27.06437478934951,3.4811597798922422,56.72396359959554,3.3925377289803174,30.434782608695652,5.691999168872626,59.90899898887765,4.509707680201965
mvp,ltx,LTX-2B,LTX-2B,linear,id:25,3,"42,101,102",ready_manifest,31.81664981462757,4.476810080745479,60.39770812268285,3.029291723714533,32.89518031681833,3.3448644472970965,61.661611054937644,2.1313665997657414
mvp,ltx,LTX-2B,LTX-2B,linear,id:26,3,"42,101,102",ready_manifest,28.041793056959893,6.259438066876797,58.35861139197843,3.8400469002958704,30.097741826761037,4.616228472769991,59.50455005055612,2.8936477292728386
mvp,ltx,LTX-2B,LTX-2B,linear,id:27,3,"42,101,102",ready_manifest,28.378833838894508,3.491423663924544,57.937310414560166,2.327229380482085,28.918099089989887,4.647864483139015,58.560835861139196,3.47675169679888
mvp,ltx,LTX-2B,LTX-2B,linear,id:28,3,"42,101,102",ready_manifest,29.65958881024604,1.8708040561345352,57.83619817997978,1.8909609918367098,30.06403774856758,3.294045628006906,59.18436130771824,3.270685148354061
mvp,ltx,LTX-2B,LTX-2B,linear,id:29,3,"42,101,102",ready_manifest,30.872935625210648,3.603815554602608,60.27974384900573,1.8660161761038458,34.041118975396024,3.822702225482395,62.43680485338726,2.802560475537962
mvp,ltx,LTX-2B,LTX-2B,linear,id:3,3,"42,101,102",ready_manifest,0.0,0.0,50.0,0.0,0.0,0.0,50.0,0.0
mvp,ltx,LTX-2B,LTX-2B,linear,id:30,3,"42,101,102",ready_manifest,29.18773171553758,3.210744671934222,58.99898887765419,2.2399269885617503,30.502190765082574,4.436665364854556,59.35288169868554,2.539910351280177
mvp,ltx,LTX-2B,LTX-2B,linear,id:31,3,"42,101,102",ready_manifest,29.38995618469835,5.411472888100475,58.66194809571958,4.05595358706723,31.10886417256488,3.707295397759906,59.47084597236265,2.8622681153437344
mvp,ltx,LTX-2B,LTX-2B,linear,id:32,3,"42,101,102",ready_manifest,29.389956184698345,3.4099467124885057,58.62824401752612,2.6657667454304845,29.558476575665654,3.201177790198936,59.36973373778227,2.729250035162523
mvp,ltx,LTX-2B,LTX-2B,linear,id:33,3,"42,101,102",ready_manifest,31.277384563532184,3.0271816500481212,60.88641725648803,1.9412056874459989,32.42332322210988,2.570585098168973,61.7458712504213,2.2038833601256065
mvp,ltx,LTX-2B,LTX-2B,linear,id:34,3,"42,101,102",ready_manifest,28.816986855409503,1.839575874485367,59.16750926862151,1.2136978483337255,29.423660262891808,2.0448683939491095,59.58881024603977,1.430240808407063
mvp,ltx,LTX-2B,LTX-2B,linear,id:35,3,"42,101,102",ready_manifest,29.491068419278733,4.881044106781321,59.319177620492084,3.9648160229375082,31.24368048533873,6.3925006746506545,60.583080552746885,4.000114674011557
mvp,ltx,LTX-2B,LTX-2B,linear,id:36,3,"42,101,102",ready_manifest,29.558476575665654,3.6629061247639063,59.36973373778227,2.4856614853376864,30.232558139534884,3.0198553130572448,60.2123356926188,2.495752284569769
mvp,ltx,LTX-2B,LTX-2B,linear,id:37,3,"42,101,102",ready_manifest,29.221435793731043,1.2424879400853879,60.161779575328616,1.4019640671245774,31.917762049207955,1.9822468422693083,62.04920795416245,2.2073598236380207
mvp,ltx,LTX-2B,LTX-2B,linear,id:38,3,"42,101,102",ready_manifest,28.51365015166835,1.8561738878347653,58.57768790023593,0.818842643293319,31.445904954499493,1.7629520499658962,60.111223458038424,1.5326093418831284
mvp,ltx,LTX-2B,LTX-2B,linear,id:39,3,"42,101,102",ready_manifest,31.91776204920795,5.200485749103044,60.481968318166494,4.006818157359694,31.917762049207955,4.304500350766887,61.156049882035724,3.2695127430058246
mvp,ltx,LTX-2B,LTX-2B,linear,id:4,3,"42,101,102",ready_manifest,0.0,0.0,50.0,0.0,0.0,0.0,50.0,0.0
mvp,ltx,LTX-2B,LTX-2B,linear,id:40,3,"42,101,102",ready_manifest,30.535894843276036,4.55790805645486,59.13380519042804,3.4925215767406055,30.974047859791035,1.1091663412136417,60.448264239973035,1.2561270747276152
mvp,ltx,LTX-2B,LTX-2B,linear,id:5,3,"42,101,102",ready_manifest,24.8062015503876,2.4856614853376837,57.38119312436805,1.799542136557907,27.603640040444894,3.085166087440314,59.487698011459386,2.131366599765739
mvp,ltx,LTX-2B,LTX-2B,linear,id:6,3,"42,101,102",ready_manifest,25.17694641051567,1.7629520499658944,56.75766767778901,2.0655953415631334,26.693629929221437,1.5891035030840945,58.341759352881695,1.4046960555560974
mvp,ltx,LTX-2B,LTX-2B,linear,id:7,3,"42,101,102",ready_manifest,25.109538254128747,1.78695195710301,56.52173913043479,2.2501732137783517,25.109538254128747,1.698966385052723,56.150994270306704,1.305026956289139
mvp,ltx,LTX-2B,LTX-2B,linear,id:8,3,"42,101,102",ready_manifest,23.08729356252106,3.6236194788279636,55.42635658914729,3.4704973280887366,24.806201550387595,1.0228507519712513,56.403774856757664,1.3512141075430488
mvp,ltx,LTX-2B,LTX-2B,linear,id:9,3,"42,101,102",ready_manifest,29.592180653859117,4.398479053979834,59.63936636332996,2.189922318518962,30.940343781597573,3.599084273115811,60.734748904617454,2.599751350737317
mvp,ltx,LTX-2B,LTX-2B,linear,label:noise_0.1_block_14,3,"42,101,102",ready_manifest,28.51365015166835,1.8561738878347653,58.57768790023593,0.818842643293319,31.445904954499493,1.7629520499658962,60.111223458038424,1.5326093418831284
mvp,ltx,LTX-2B,LTX-2B,linear,label:noise_0.1_block_21,3,"42,101,102",ready_manifest,31.91776204920795,5.200485749103044,60.481968318166494,4.006818157359694,31.917762049207955,4.304500350766887,61.156049882035724,3.2695127430058246
mvp,ltx,LTX-2B,LTX-2B,linear,label:noise_0.1_block_28,3,"42,101,102",ready_manifest,30.535894843276036,4.55790805645486,59.13380519042804,3.4925215767406055,30.974047859791035,1.1091663412136417,60.448264239973035,1.2561270747276152
mvp,ltx,LTX-2B,LTX-2B,linear,label:noise_0.1_block_7,3,"42,101,102",ready_manifest,29.221435793731043,1.2424879400853879,60.161779575328616,1.4019640671245774,31.917762049207955,1.9822468422693083,62.04920795416245,2.2073598236380207
mvp,ltx,LTX-2B,LTX-2B,linear,label:noise_0.2_block_14,3,"42,101,102",ready_manifest,28.816986855409503,1.839575874485367,59.16750926862151,1.2136978483337255,29.423660262891808,2.0448683939491095,59.58881024603977,1.430240808407063
mvp,ltx,LTX-2B,LTX-2B,linear,label:noise_0.2_block_21,3,"42,101,102",ready_manifest,29.491068419278733,4.881044106781321,59.319177620492084,3.9648160229375082,31.24368048533873,6.3925006746506545,60.583080552746885,4.000114674011557
mvp,ltx,LTX-2B,LTX-2B,linear,label:noise_0.2_block_28,3,"42,101,102",ready_manifest,29.558476575665654,3.6629061247639063,59.36973373778227,2.4856614853376864,30.232558139534884,3.0198553130572448,60.2123356926188,2.495752284569769
mvp,ltx,LTX-2B,LTX-2B,linear,label:noise_0.2_block_7,3,"42,101,102",ready_manifest,31.277384563532184,3.0271816500481212,60.88641725648803,1.9412056874459989,32.42332322210988,2.570585098168973,61.7458712504213,2.2038833601256065
mvp,ltx,LTX-2B,LTX-2B,linear,label:noise_0.3_block_14,3,"42,101,102",ready_manifest,29.18773171553758,3.210744671934222,58.99898887765419,2.2399269885617503,30.502190765082574,4.436665364854556,59.35288169868554,2.539910351280177
mvp,ltx,LTX-2B,LTX-2B,linear,label:noise_0.3_block_21,3,"42,101,102",ready_manifest,29.38995618469835,5.411472888100475,58.66194809571958,4.05595358706723,31.10886417256488,3.707295397759906,59.47084597236265,2.8622681153437344
mvp,ltx,LTX-2B,LTX-2B,linear,label:noise_0.3_block_28,3,"42,101,102",ready_manifest,29.389956184698345,3.4099467124885057,58.62824401752612,2.6657667454304845,29.558476575665654,3.201177790198936,59.36973373778227,2.729250035162523
mvp,ltx,LTX-2B,LTX-2B,linear,label:noise_0.3_block_7,3,"42,101,102",ready_manifest,30.872935625210648,3.603815554602608,60.27974384900573,1.8660161761038458,34.041118975396024,3.822702225482395,62.43680485338726,2.802560475537962
mvp,ltx,LTX-2B,LTX-2B,linear,label:noise_0.4_block_14,3,"42,101,102",ready_manifest,28.041793056959893,6.259438066876797,58.35861139197843,3.8400469002958704,30.097741826761037,4.616228472769991,59.50455005055612,2.8936477292728386
mvp,ltx,LTX-2B,LTX-2B,linear,label:noise_0.4_block_21,3,"42,101,102",ready_manifest,28.378833838894508,3.491423663924544,57.937310414560166,2.327229380482085,28.918099089989887,4.647864483139015,58.560835861139196,3.47675169679888
mvp,ltx,LTX-2B,LTX-2B,linear,label:noise_0.4_block_28,3,"42,101,102",ready_manifest,29.65958881024604,1.8708040561345352,57.83619817997978,1.8909609918367098,30.06403774856758,3.294045628006906,59.18436130771824,3.270685148354061
mvp,ltx,LTX-2B,LTX-2B,linear,label:noise_0.4_block_7,3,"42,101,102",ready_manifest,31.81664981462757,4.476810080745479,60.39770812268285,3.029291723714533,32.89518031681833,3.3448644472970965,61.661611054937644,2.1313665997657414
mvp,ltx,LTX-2B,LTX-2B,linear,label:noise_0.5_block_14,3,"42,101,102",ready_manifest,30.535894843276036,4.1677378858493315,60.2123356926188,2.942261785025578,30.535894843276036,3.9563190185063433,59.13380519042804,2.7029010671293277
mvp,ltx,LTX-2B,LTX-2B,linear,label:noise_0.5_block_21,3,"42,101,102",ready_manifest,29.45736434108527,5.568827651452078,58.99898887765419,3.94337714863498,30.299966295921806,5.405802134258658,59.47084597236265,3.737507219237463
mvp,ltx,LTX-2B,LTX-2B,linear,label:noise_0.5_block_28,3,"42,101,102",ready_manifest,27.06437478934951,3.4811597798922422,56.72396359959554,3.3925377289803174,30.434782608695652,5.691999168872626,59.90899898887765,4.509707680201965
mvp,ltx,LTX-2B,LTX-2B,linear,label:noise_0.5_block_7,3,"42,101,102",ready_manifest,29.625884732052576,1.4046960555560966,60.29659588810246,1.6647733577707933,31.782945736434108,2.90657373270649,61.69531513313111,2.730186366610445
mvp,ltx,LTX-2B,LTX-2B,linear,label:noise_0.6_block_14,3,"42,101,102",ready_manifest,30.064037748567575,4.586232205776623,59.35288169868554,3.5084634121127403,29.96292551398719,2.469154419601267,59.689922480620154,1.7833725611932496
mvp,ltx,LTX-2B,LTX-2B,linear,label:noise_0.6_block_21,3,"42,101,102",ready_manifest,29.794405123019885,5.927224144256588,58.35861139197843,4.305390926819377,29.659588810246042,6.072068208870085,58.61139197842939,4.305390926819372
mvp,ltx,LTX-2B,LTX-2B,linear,label:noise_0.6_block_28,3,"42,101,102",ready_manifest,27.098078867542974,4.647864483139011,56.8587799123694,3.9725442980076546,27.772160431412203,4.006818157359688,57.78564206268958,3.4744229537516063
mvp,ltx,LTX-2B,LTX-2B,linear,label:noise_0.6_block_7,3,"42,101,102",ready_manifest,31.58072126727334,3.723804959182717,60.701044826423995,3.100592014049729,33.16481294236603,4.305291983021994,61.69531513313111,2.772915853034098
mvp,ltx,LTX-2B,LTX-2B,linear,label:noise_0.7_block_14,3,"42,101,102",ready_manifest,28.2103134479272,4.856545989291338,57.971014492753625,3.42191847563116,29.052915402763734,3.595294765065122,59.28547354229862,2.437378174825038
mvp,ltx,LTX-2B,LTX-2B,linear,label:noise_0.7_block_21,3,"42,101,102",ready_manifest,27.73845635321874,5.371651895963595,57.49915739804516,4.130881327193247,30.40107853050219,6.208598594384432,58.76306033029997,5.534066980193031
mvp,ltx,LTX-2B,LTX-2B,linear,label:noise_0.7_block_28,3,"42,101,102",ready_manifest,28.24401752612066,4.082647766469408,57.077856420626894,4.513106957830492,29.86181327940681,4.933130423112346,58.67880013481631,4.582608304487928
mvp,ltx,LTX-2B,LTX-2B,linear,label:noise_0.7_block_7,3,"42,101,102",ready_manifest,29.693292888439505,3.0372966345549877,59.89214694978092,2.7885414900720837,32.018874283788335,3.737507219237467,61.17290192113246,2.716421159152617
mvp,ltx,LTX-2B,LTX-2B,linear,label:noise_0.8_block_14,3,"42,101,102",ready_manifest,26.659925851027975,8.820171161177706,57.95416245365689,5.233555327023009,28.61476238624874,7.444635039110198,59.50455005055611,3.502630551200969
mvp,ltx,LTX-2B,LTX-2B,linear,label:noise_0.8_block_21,3,"42,101,102",ready_manifest,26.322885069093363,4.095149524117035,57.06100438153017,3.050312180275705,26.862150320188743,3.301795726464712,57.43174924165824,3.1962503373253335
mvp,ltx,LTX-2B,LTX-2B,linear,label:noise_0.8_block_28,3,"42,101,102",ready_manifest,28.041793056959893,1.570769153721743,57.128412537917086,2.9981951472563653,29.15402763734412,1.214750339800477,57.81934614088304,2.437378174825038
mvp,ltx,LTX-2B,LTX-2B,linear,label:noise_0.8_block_7,3,"42,101,102",ready_manifest,29.592180653859117,4.398479053979834,59.63936636332996,2.189922318518962,30.940343781597573,3.599084273115811,60.734748904617454,2.599751350737317
mvp,ltx,LTX-2B,LTX-2B,linear,label:noise_0.9_block_14,3,"42,101,102",ready_manifest,25.17694641051567,1.7629520499658944,56.75766767778901,2.0655953415631334,26.693629929221437,1.5891035030840945,58.341759352881695,1.4046960555560974
mvp,ltx,LTX-2B,LTX-2B,linear,label:noise_0.9_block_21,3,"42,101,102",ready_manifest,25.109538254128747,1.78695195710301,56.52173913043479,2.2501732137783517,25.109538254128747,1.698966385052723,56.150994270306704,1.305026956289139
mvp,ltx,LTX-2B,LTX-2B,linear,label:noise_0.9_block_28,3,"42,101,102",ready_manifest,23.08729356252106,3.6236194788279636,55.42635658914729,3.4704973280887366,24.806201550387595,1.0228507519712513,56.403774856757664,1.3512141075430488
mvp,ltx,LTX-2B,LTX-2B,linear,label:noise_0.9_block_7,3,"42,101,102",ready_manifest,24.8062015503876,2.4856614853376837,57.38119312436805,1.799542136557907,27.603640040444894,3.085166087440314,59.487698011459386,2.131366599765739
mvp,ltx,LTX-2B,LTX-2B,linear,label:noise_1.0_block_14,3,"42,101,102",ready_manifest,0.0,0.0,50.0,0.0,0.0,0.0,50.0,0.0
mvp,ltx,LTX-2B,LTX-2B,linear,label:noise_1.0_block_21,3,"42,101,102",ready_manifest,0.0,0.0,50.0,0.0,0.0,0.0,50.0,0.0
mvp,ltx,LTX-2B,LTX-2B,linear,label:noise_1.0_block_28,3,"42,101,102",ready_manifest,0.0,0.0,50.0,0.0,0.0,0.0,50.0,0.0
mvp,ltx,LTX-2B,LTX-2B,linear,label:noise_1.0_block_7,3,"42,101,102",ready_manifest,0.0,0.0,50.0,0.0,0.0,0.0,50.0,0.0
mvp,ltx,LTX-2B,LTX-2B,mlp,id:1,3,"42,101,102",ready_manifest,0.0,0.0,50.0,0.0,0.0,0.0,50.0,0.0
mvp,ltx,LTX-2B,LTX-2B,mlp,id:10,3,"42,101,102",ready_manifest,39.02932254802831,7.922322636986422,64.15571284125379,5.074534858413738,38.860802157061,9.224147981874632,65.03201887428378,5.750374065391469
mvp,ltx,LTX-2B,LTX-2B,mlp,id:11,3,"42,101,102",ready_manifest,37.98449612403101,9.434553547494865,63.195146612740146,6.30655901505313,37.917087967644086,8.676231045694779,63.51533535557802,6.102299972675628
mvp,ltx,LTX-2B,LTX-2B,mlp,id:12,3,"42,101,102",ready_manifest,35.018537243006406,8.838119342705657,61.796427367711495,7.032996166485553,37.31041456016178,7.7382244140131355,62.94236602628918,6.874330751793503
mvp,ltx,LTX-2B,LTX-2B,mlp,id:13,3,"42,101,102",ready_manifest,43.849005729693296,4.7126690424019975,67.91371755982475,3.175122734597531,46.646444219750585,5.554121214725854,69.27873272665992,3.2171067878268125
mvp,ltx,LTX-2B,LTX-2B,mlp,id:14,3,"42,101,102",ready_manifest,39.096730704415236,9.254025336389624,64.34108527131782,5.856732171845816,41.42231209976407,7.539700977736682,66.09369733737783,4.62176197274607
mvp,ltx,LTX-2B,LTX-2B,mlp,id:15,3,"42,101,102",ready_manifest,40.07414897202561,12.5380529907722,64.29052915402764,8.791872082688428,40.984159083249075,13.171914252167847,65.90832490731378,8.480226712884411
mvp,ltx,LTX-2B,LTX-2B,mlp,id:16,3,"42,101,102",ready_manifest,39.467475564543314,11.549094731697702,64.23997303673744,8.556737977150089,40.27637344118638,11.421804389102528,64.94775867880014,8.47932247151536
mvp,ltx,LTX-2B,LTX-2B,mlp,id:17,3,"42,101,102",ready_manifest,45.601617795753285,4.5635122735679445,69.05965621840242,3.2838134356026307,47.52275025278058,6.150417118602851,69.81799797775531,3.740811068490583
mvp,ltx,LTX-2B,LTX-2B,mlp,id:18,3,"42,101,102",ready_manifest,41.75935288169869,10.508378118807832,65.99258510279745,6.539025486011646,42.56825075834176,9.02054880877287,67.27334007414898,5.72118661131776
mvp,ltx,LTX-2B,LTX-2B,mlp,id:19,3,"42,101,102",ready_manifest,40.883046848668684,12.909277934827749,65.23424334344456,8.49738901636265,41.11897539602292,12.760321272970478,66.16110549376475,8.656225036155233
mvp,ltx,LTX-2B,LTX-2B,mlp,id:2,3,"42,101,102",ready_manifest,0.0,0.0,50.0,0.0,0.0,0.0,50.0,0.0
mvp,ltx,LTX-2B,LTX-2B,mlp,id:20,3,"42,101,102",ready_manifest,41.354903943377145,12.467593643517372,65.28479946073475,8.64706683071446,41.523424334344455,9.517628274615012,66.00943714189417,6.866022051663045
mvp,ltx,LTX-2B,LTX-2B,mlp,id:21,3,"42,101,102",ready_manifest,45.97236265588136,6.002638607034407,69.29558476575666,3.9395944281228066,47.253117627232896,6.510821890004646,70.3572632288507,3.9812206754349195
mvp,ltx,LTX-2B,LTX-2B,mlp,id:22,3,"42,101,102",ready_manifest,42.93899561846983,8.903811177795571,67.13852376137513,6.08839241484577,44.65790360633637,8.380937707076225,68.36872261543647,5.710902194551263
mvp,ltx,LTX-2B,LTX-2B,mlp,id:23,3,"42,101,102",ready_manifest,41.89416919447253,11.426279024369226,66.44759015840917,8.292025245531127,42.669362992922146,11.390731908596312,67.17222783956858,7.828420637766052
mvp,ltx,LTX-2B,LTX-2B,mlp,id:24,3,"42,101,102",ready_manifest,40.984159083249075,11.91252036987056,64.88035052241321,7.791931679616679,42.46713852376138,9.98300913827906,66.8520390967307,6.540002592636113
mvp,ltx,LTX-2B,LTX-2B,mlp,id:25,3,"42,101,102",ready_manifest,45.39939332659252,6.611070187372107,68.52039096730704,4.74482919625921,47.38793394000674,6.375952901837584,70.4752275025278,3.6361764684229563
mvp,ltx,LTX-2B,LTX-2B,mlp,id:26,3,"42,101,102",ready_manifest,42.43343444556792,8.835805496952757,66.70037074486012,5.240388072355304,43.81530165149984,8.664046149999429,68.09908998988878,5.437544857330134
mvp,ltx,LTX-2B,LTX-2B,mlp,id:27,3,"42,101,102",ready_manifest,43.10751600943714,10.29873319987729,66.68351870576339,7.8440223178991815,44.15234243343445,12.494352268659428,67.7283451297607,8.523667418993192
mvp,ltx,LTX-2B,LTX-2B,mlp,id:28,3,"42,101,102",ready_manifest,42.568250758341755,11.419864835992316,65.30165149983148,7.431978517565058,43.98382204246714,11.735554819408767,67.22278395685878,7.209758474340756
mvp,ltx,LTX-2B,LTX-2B,mlp,id:29,3,"42,101,102",ready_manifest,46.107178968655205,5.86712399450112,68.75631951466127,3.768381224182851,47.89349511290866,6.254536178580736,70.77856420626895,3.504089676676124
mvp,ltx,LTX-2B,LTX-2B,mlp,id:3,3,"42,101,102",ready_manifest,0.0,0.0,50.0,0.0,0.0,0.0,50.0,0.0
mvp,ltx,LTX-2B,LTX-2B,mlp,id:30,3,"42,101,102",ready_manifest,43.916413886080214,8.357727972277056,68.09908998988877,5.099155252275725,44.79271991911021,8.071898042979585,68.5540950455005,5.124156163346026
mvp,ltx,LTX-2B,LTX-2B,mlp,id:31,3,"42,101,102",ready_manifest,45.736434108527135,12.508663699721058,68.63835524098417,8.28261863735151,46.814964610717894,9.901257783829829,69.37984496124031,6.7609868404298625
mvp,ltx,LTX-2B,LTX-2B,mlp,id:32,3,"42,101,102",ready_manifest,42.163801820020225,10.515672396359959,66.17795753286148,6.307977334876535,43.849005729693296,9.165216608975859,67.71149309066396,5.228669327955413
mvp,ltx,LTX-2B,LTX-2B,mlp,id:33,3,"42,101,102",ready_manifest,44.590495449949444,5.410213234245395,68.31816649814628,3.6768353401602436,47.08459723626559,4.987748091320771,70.17189079878665,3.023661588332791
mvp,ltx,LTX-2B,LTX-2B,mlp,id:34,3,"42,101,102",ready_manifest,43.714189416919446,5.845593191624385,68.14964610717897,4.20437267670208,45.87125042130098,6.976255704044442,69.04280417930569,4.062250351757355
mvp,ltx,LTX-2B,LTX-2B,mlp,id:35,3,"42,101,102",ready_manifest,45.635321873946744,11.17934349095045,68.335018537243,6.946883926548581,47.35422986181327,9.50257779880068,69.41354903943378,5.827565723925592
mvp,ltx,LTX-2B,LTX-2B,mlp,id:36,3,"42,101,102",ready_manifest,42.77047522750253,9.142693270339587,66.51499831479609,5.348525007406222,44.28715874620829,8.056684777294784,67.98112571621166,5.020691668573998
mvp,ltx,LTX-2B,LTX-2B,mlp,id:37,3,"42,101,102",ready_manifest,44.72531176272329,5.554121214725857,67.91371755982473,3.874173467851471,46.30940343781597,4.5635122735679525,69.58206943040108,2.9549751427305373
mvp,ltx,LTX-2B,LTX-2B,mlp,id:38,3,"42,101,102",ready_manifest,43.714189416919446,4.1754986628779465,67.9474216380182,3.0045819935497686,45.97236265588136,6.538243695575135,69.22817660936973,4.001711760012195
mvp,ltx,LTX-2B,LTX-2B,mlp,id:39,3,"42,101,102",ready_manifest,42.871587462082914,9.217865130986729,66.53185035389282,6.20564755997234,44.11863835524098,8.09298013603883,67.82945736434108,5.589671745475221
mvp,ltx,LTX-2B,LTX-2B,mlp,id:4,3,"42,101,102",ready_manifest,0.0,0.0,50.0,0.0,0.0,0.0,50.0,0.0
mvp,ltx,LTX-2B,LTX-2B,mlp,id:40,3,"42,101,102",ready_manifest,42.2649140546006,8.1563172859952,66.27906976744187,5.527982581531502,45.83754634310752,5.810508790346314,68.90798786653185,3.599084273115815
mvp,ltx,LTX-2B,LTX-2B,mlp,id:5,3,"42,101,102",ready_manifest,36.70374115267948,4.60143994053903,63.53218739467475,2.9236709429212926,37.3778227165487,4.188943734104783,64.30738119312437,2.8513829428116453
mvp,ltx,LTX-2B,LTX-2B,mlp,id:6,3,"42,101,102",ready_manifest,34.81631277384564,4.63060181883265,61.408830468486684,3.048635877430511,35.085945399393324,2.9426960992629407,62.38624873609707,2.163305651702188
mvp,ltx,LTX-2B,LTX-2B,mlp,id:7,3,"42,101,102",ready_manifest,32.59184361307718,6.59739574418177,60.56622851365015,5.517569662171926,32.28850690933603,5.899561692942909,60.81900910010111,3.547224134537866
mvp,ltx,LTX-2B,LTX-2B,mlp,id:8,3,"42,101,102",ready_manifest,27.3340074148972,2.437902436134158,57.65082574991574,3.2503035931894018,27.50252780586451,0.6630372623156733,58.004718570947084,2.20504279029443
mvp,ltx,LTX-2B,LTX-2B,mlp,id:9,3,"42,101,102",ready_manifest,43.07381193124368,5.262695118169099,67.37445230872936,3.7508187283145413,44.82642399730367,6.510821890004648,68.11594202898551,3.486662046724819
mvp,ltx,LTX-2B,LTX-2B,mlp,label:noise_0.1_block_14,3,"42,101,102",ready_manifest,43.714189416919446,4.1754986628779465,67.9474216380182,3.0045819935497686,45.97236265588136,6.538243695575135,69.22817660936973,4.001711760012195
mvp,ltx,LTX-2B,LTX-2B,mlp,label:noise_0.1_block_21,3,"42,101,102",ready_manifest,42.871587462082914,9.217865130986729,66.53185035389282,6.20564755997234,44.11863835524098,8.09298013603883,67.82945736434108,5.589671745475221
mvp,ltx,LTX-2B,LTX-2B,mlp,label:noise_0.1_block_28,3,"42,101,102",ready_manifest,42.2649140546006,8.1563172859952,66.27906976744187,5.527982581531502,45.83754634310752,5.810508790346314,68.90798786653185,3.599084273115815
mvp,ltx,LTX-2B,LTX-2B,mlp,label:noise_0.1_block_7,3,"42,101,102",ready_manifest,44.72531176272329,5.554121214725857,67.91371755982473,3.874173467851471,46.30940343781597,4.5635122735679525,69.58206943040108,2.9549751427305373
mvp,ltx,LTX-2B,LTX-2B,mlp,label:noise_0.2_block_14,3,"42,101,102",ready_manifest,43.714189416919446,5.845593191624385,68.14964610717897,4.20437267670208,45.87125042130098,6.976255704044442,69.04280417930569,4.062250351757355
mvp,ltx,LTX-2B,LTX-2B,mlp,label:noise_0.2_block_21,3,"42,101,102",ready_manifest,45.635321873946744,11.17934349095045,68.335018537243,6.946883926548581,47.35422986181327,9.50257779880068,69.41354903943378,5.827565723925592
mvp,ltx,LTX-2B,LTX-2B,mlp,label:noise_0.2_block_28,3,"42,101,102",ready_manifest,42.77047522750253,9.142693270339587,66.51499831479609,5.348525007406222,44.28715874620829,8.056684777294784,67.98112571621166,5.020691668573998
mvp,ltx,LTX-2B,LTX-2B,mlp,label:noise_0.2_block_7,3,"42,101,102",ready_manifest,44.590495449949444,5.410213234245395,68.31816649814628,3.6768353401602436,47.08459723626559,4.987748091320771,70.17189079878665,3.023661588332791
mvp,ltx,LTX-2B,LTX-2B,mlp,label:noise_0.3_block_14,3,"42,101,102",ready_manifest,43.916413886080214,8.357727972277056,68.09908998988877,5.099155252275725,44.79271991911021,8.071898042979585,68.5540950455005,5.124156163346026
mvp,ltx,LTX-2B,LTX-2B,mlp,label:noise_0.3_block_21,3,"42,101,102",ready_manifest,45.736434108527135,12.508663699721058,68.63835524098417,8.28261863735151,46.814964610717894,9.901257783829829,69.37984496124031,6.7609868404298625
mvp,ltx,LTX-2B,LTX-2B,mlp,label:noise_0.3_block_28,3,"42,101,102",ready_manifest,42.163801820020225,10.515672396359959,66.17795753286148,6.307977334876535,43.849005729693296,9.165216608975859,67.71149309066396,5.228669327955413
mvp,ltx,LTX-2B,LTX-2B,mlp,label:noise_0.3_block_7,3,"42,101,102",ready_manifest,46.107178968655205,5.86712399450112,68.75631951466127,3.768381224182851,47.89349511290866,6.254536178580736,70.77856420626895,3.504089676676124
mvp,ltx,LTX-2B,LTX-2B,mlp,label:noise_0.4_block_14,3,"42,101,102",ready_manifest,42.43343444556792,8.835805496952757,66.70037074486012,5.240388072355304,43.81530165149984,8.664046149999429,68.09908998988878,5.437544857330134
mvp,ltx,LTX-2B,LTX-2B,mlp,label:noise_0.4_block_21,3,"42,101,102",ready_manifest,43.10751600943714,10.29873319987729,66.68351870576339,7.8440223178991815,44.15234243343445,12.494352268659428,67.7283451297607,8.523667418993192
mvp,ltx,LTX-2B,LTX-2B,mlp,label:noise_0.4_block_28,3,"42,101,102",ready_manifest,42.568250758341755,11.419864835992316,65.30165149983148,7.431978517565058,43.98382204246714,11.735554819408767,67.22278395685878,7.209758474340756
mvp,ltx,LTX-2B,LTX-2B,mlp,label:noise_0.4_block_7,3,"42,101,102",ready_manifest,45.39939332659252,6.611070187372107,68.52039096730704,4.74482919625921,47.38793394000674,6.375952901837584,70.4752275025278,3.6361764684229563
mvp,ltx,LTX-2B,LTX-2B,mlp,label:noise_0.5_block_14,3,"42,101,102",ready_manifest,42.93899561846983,8.903811177795571,67.13852376137513,6.08839241484577,44.65790360633637,8.380937707076225,68.36872261543647,5.710902194551263
mvp,ltx,LTX-2B,LTX-2B,mlp,label:noise_0.5_block_21,3,"42,101,102",ready_manifest,41.89416919447253,11.426279024369226,66.44759015840917,8.292025245531127,42.669362992922146,11.390731908596312,67.17222783956858,7.828420637766052
mvp,ltx,LTX-2B,LTX-2B,mlp,label:noise_0.5_block_28,3,"42,101,102",ready_manifest,40.984159083249075,11.91252036987056,64.88035052241321,7.791931679616679,42.46713852376138,9.98300913827906,66.8520390967307,6.540002592636113
mvp,ltx,LTX-2B,LTX-2B,mlp,label:noise_0.5_block_7,3,"42,101,102",ready_manifest,45.97236265588136,6.002638607034407,69.29558476575666,3.9395944281228066,47.253117627232896,6.510821890004646,70.3572632288507,3.9812206754349195
mvp,ltx,LTX-2B,LTX-2B,mlp,label:noise_0.6_block_14,3,"42,101,102",ready_manifest,41.75935288169869,10.508378118807832,65.99258510279745,6.539025486011646,42.56825075834176,9.02054880877287,67.27334007414898,5.72118661131776
mvp,ltx,LTX-2B,LTX-2B,mlp,label:noise_0.6_block_21,3,"42,101,102",ready_manifest,40.883046848668684,12.909277934827749,65.23424334344456,8.49738901636265,41.11897539602292,12.760321272970478,66.16110549376475,8.656225036155233
mvp,ltx,LTX-2B,LTX-2B,mlp,label:noise_0.6_block_28,3,"42,101,102",ready_manifest,41.354903943377145,12.467593643517372,65.28479946073475,8.64706683071446,41.523424334344455,9.517628274615012,66.00943714189417,6.866022051663045
mvp,ltx,LTX-2B,LTX-2B,mlp,label:noise_0.6_block_7,3,"42,101,102",ready_manifest,45.601617795753285,4.5635122735679445,69.05965621840242,3.2838134356026307,47.52275025278058,6.150417118602851,69.81799797775531,3.740811068490583
mvp,ltx,LTX-2B,LTX-2B,mlp,label:noise_0.7_block_14,3,"42,101,102",ready_manifest,39.096730704415236,9.254025336389624,64.34108527131782,5.856732171845816,41.42231209976407,7.539700977736682,66.09369733737783,4.62176197274607
mvp,ltx,LTX-2B,LTX-2B,mlp,label:noise_0.7_block_21,3,"42,101,102",ready_manifest,40.07414897202561,12.5380529907722,64.29052915402764,8.791872082688428,40.984159083249075,13.171914252167847,65.90832490731378,8.480226712884411
mvp,ltx,LTX-2B,LTX-2B,mlp,label:noise_0.7_block_28,3,"42,101,102",ready_manifest,39.467475564543314,11.549094731697702,64.23997303673744,8.556737977150089,40.27637344118638,11.421804389102528,64.94775867880014,8.47932247151536
mvp,ltx,LTX-2B,LTX-2B,mlp,label:noise_0.7_block_7,3,"42,101,102",ready_manifest,43.849005729693296,4.7126690424019975,67.91371755982475,3.175122734597531,46.646444219750585,5.554121214725854,69.27873272665992,3.2171067878268125
mvp,ltx,LTX-2B,LTX-2B,mlp,label:noise_0.8_block_14,3,"42,101,102",ready_manifest,39.02932254802831,7.922322636986422,64.15571284125379,5.074534858413738,38.860802157061,9.224147981874632,65.03201887428378,5.750374065391469
mvp,ltx,LTX-2B,LTX-2B,mlp,label:noise_0.8_block_21,3,"42,101,102",ready_manifest,37.98449612403101,9.434553547494865,63.195146612740146,6.30655901505313,37.917087967644086,8.676231045694779,63.51533535557802,6.102299972675628
mvp,ltx,LTX-2B,LTX-2B,mlp,label:noise_0.8_block_28,3,"42,101,102",ready_manifest,35.018537243006406,8.838119342705657,61.796427367711495,7.032996166485553,37.31041456016178,7.7382244140131355,62.94236602628918,6.874330751793503
mvp,ltx,LTX-2B,LTX-2B,mlp,label:noise_0.8_block_7,3,"42,101,102",ready_manifest,43.07381193124368,5.262695118169099,67.37445230872936,3.7508187283145413,44.82642399730367,6.510821890004648,68.11594202898551,3.486662046724819
mvp,ltx,LTX-2B,LTX-2B,mlp,label:noise_0.9_block_14,3,"42,101,102",ready_manifest,34.81631277384564,4.63060181883265,61.408830468486684,3.048635877430511,35.085945399393324,2.9426960992629407,62.38624873609707,2.163305651702188
mvp,ltx,LTX-2B,LTX-2B,mlp,label:noise_0.9_block_21,3,"42,101,102",ready_manifest,32.59184361307718,6.59739574418177,60.56622851365015,5.517569662171926,32.28850690933603,5.899561692942909,60.81900910010111,3.547224134537866
mvp,ltx,LTX-2B,LTX-2B,mlp,label:noise_0.9_block_28,3,"42,101,102",ready_manifest,27.3340074148972,2.437902436134158,57.65082574991574,3.2503035931894018,27.50252780586451,0.6630372623156733,58.004718570947084,2.20504279029443
mvp,ltx,LTX-2B,LTX-2B,mlp,label:noise_0.9_block_7,3,"42,101,102",ready_manifest,36.70374115267948,4.60143994053903,63.53218739467475,2.9236709429212926,37.3778227165487,4.188943734104783,64.30738119312437,2.8513829428116453
mvp,ltx,LTX-2B,LTX-2B,mlp,label:noise_1.0_block_14,3,"42,101,102",ready_manifest,0.0,0.0,50.0,0.0,0.0,0.0,50.0,0.0
mvp,ltx,LTX-2B,LTX-2B,mlp,label:noise_1.0_block_21,3,"42,101,102",ready_manifest,0.0,0.0,50.0,0.0,0.0,0.0,50.0,0.0
mvp,ltx,LTX-2B,LTX-2B,mlp,label:noise_1.0_block_28,3,"42,101,102",ready_manifest,0.0,0.0,50.0,0.0,0.0,0.0,50.0,0.0
mvp,ltx,LTX-2B,LTX-2B,mlp,label:noise_1.0_block_7,3,"42,101,102",ready_manifest,0.0,0.0,50.0,0.0,0.0,0.0,50.0,0.0
mvp,ltx,LTX-2B,LTX-2B,temporal_attn,id:21,3,"42,101,102",ready_manifest,55.443208628244015,2.824514365425451,75.68250758341759,1.314459049544997,54.53319851702056,1.781221471078371,75.44657903606335,0.7366866529961017
mvp,ltx,LTX-2B,LTX-2B,temporal_attn,label:21,3,"42,101,102",ready_manifest,55.443208628244015,2.824514365425451,75.68250758341759,1.314459049544997,54.53319851702056,1.781221471078371,75.44657903606335,0.7366866529961017
mvp,main,V-JEPA,ViT-H/16,temporal_attn,id:16,3,"42,101,102",ready_manifest,92.65251095382543,1.8377223970631134,96.02291877317155,0.849483192526358,92.55139871924503,0.9174693352757866,95.78699022581732,0.33661921731442224
mvp,main,V-JEPA,ViT-H/16,temporal_attn,id:24,3,"42,101,102",ready_manifest,94.97809234917425,0.9118806375779355,97.1351533535558,0.5682411627936362,95.41624536568925,0.2104819008560407,97.57330637007078,0.18228267317816294
mvp,main,V-JEPA,ViT-H/16,temporal_attn,id:32,3,"42,101,102",ready_manifest,92.21435793731041,0.631445702568096,95.85439838220425,0.26269729134007613,92.85473542298617,1.2479614817373426,96.27569935962251,0.5262047521400801
mvp,main,V-JEPA,ViT-H/16,temporal_attn,id:8,3,"42,101,102",ready_manifest,76.03640040444894,2.650220914475458,86.1644759015841,2.2566006728308854,76.9464105156724,4.5635122735679525,86.73744523087294,3.0553355706180336
mvp,main,V-JEPA,ViT-H/16,temporal_attn,label:final layer,3,"42,101,102",ready_manifest,92.21435793731041,0.631445702568096,95.85439838220425,0.26269729134007613,92.85473542298617,1.2479614817373426,96.27569935962251,0.5262047521400801
mvp,main,V-JEPA,ViT-H/16,temporal_attn,label:layer 0.25,3,"42,101,102",ready_manifest,76.03640040444894,2.650220914475458,86.1644759015841,2.2566006728308854,76.9464105156724,4.5635122735679525,86.73744523087294,3.0553355706180336
mvp,main,V-JEPA,ViT-H/16,temporal_attn,label:layer 0.5,3,"42,101,102",ready_manifest,92.65251095382543,1.8377223970631134,96.02291877317155,0.849483192526358,92.55139871924503,0.9174693352757866,95.78699022581732,0.33661921731442224
mvp,main,V-JEPA,ViT-H/16,temporal_attn,label:layer 0.75,3,"42,101,102",ready_manifest,94.97809234917425,0.9118806375779355,97.1351533535558,0.5682411627936362,95.41624536568925,0.2104819008560407,97.57330637007078,0.18228267317816294
mvp,main,V-JEPA 2,ViT-G/16,temporal_attn,id:10,3,"42,101,102",ready_manifest,49.41017863161443,1.5997902644160205,69.81799797775531,0.7897117973616425,51.66835187057634,1.4046960555560974,71.90765082574991,0.7870100727223224
mvp,main,V-JEPA 2,ViT-G/16,temporal_attn,id:20,3,"42,101,102",ready_manifest,58.84732052578362,3.0652186837662567,75.36231884057972,1.460304791431743,60.76845298281092,2.8901124222358856,76.30603302999663,1.5957911157613849
mvp,main,V-JEPA 2,ViT-G/16,temporal_attn,id:30,3,"42,101,102",ready_manifest,89.88877654196158,4.1183846014997645,94.2366026289181,2.583313709007335,91.33805190428042,3.8506817147521697,95.3319851702056,2.180565299462529
mvp,main,V-JEPA 2,ViT-G/16,temporal_attn,id:40,3,"42,101,102",ready_manifest,94.37141894169194,0.3550944979053908,96.83181664981463,0.27844138257259693,94.57364341085271,0.2918858792667631,97.06774519716886,0.13375891360285813
mvp,main,V-JEPA 2,ViT-G/16,temporal_attn,label:final layer,3,"42,101,102",ready_manifest,94.37141894169194,0.3550944979053908,96.83181664981463,0.27844138257259693,94.57364341085271,0.2918858792667631,97.06774519716886,0.13375891360285813
mvp,main,V-JEPA 2,ViT-G/16,temporal_attn,label:layer 0.25,3,"42,101,102",ready_manifest,49.41017863161443,1.5997902644160205,69.81799797775531,0.7897117973616425,51.66835187057634,1.4046960555560974,71.90765082574991,0.7870100727223224
mvp,main,V-JEPA 2,ViT-G/16,temporal_attn,label:layer 0.5,3,"42,101,102",ready_manifest,58.84732052578362,3.0652186837662567,75.36231884057972,1.460304791431743,60.76845298281092,2.8901124222358856,76.30603302999663,1.5957911157613849
mvp,main,V-JEPA 2,ViT-G/16,temporal_attn,label:layer 0.75,3,"42,101,102",ready_manifest,89.88877654196158,4.1183846014997645,94.2366026289181,2.583313709007335,91.33805190428042,3.8506817147521697,95.3319851702056,2.180565299462529
mvp,main,V-JEPA 2.1,ViT-Gigantic/16,temporal_attn,id:12,3,"42,101,102",ready_manifest,51.2639029322548,0.3033367037411523,70.82912032355915,0.08756576378002812,53.28614762386249,0.6630372623156782,71.72227839568588,0.2043201154867233
mvp,main,V-JEPA 2.1,ViT-Gigantic/16,temporal_attn,id:24,3,"42,101,102",ready_manifest,70.71115604988204,7.226754850822909,82.25480283114257,4.823541108114384,72.43006403774856,7.303448995366012,83.55240984159083,4.781586063018403
mvp,main,V-JEPA 2.1,ViT-Gigantic/16,temporal_attn,id:38,3,"42,101,102",ready_manifest,89.11358274351196,8.818432301748725,93.89956184698349,4.849787312231843,88.87765419615775,8.061759055724032,94.0175261206606,4.1104123581039325
mvp,main,V-JEPA 2.1,ViT-Gigantic/16,temporal_attn,id:48,3,"42,101,102",ready_manifest,92.51769464105156,0.440738012491473,95.97236265588135,0.379451643046767,93.76474553420962,0.45594031878896013,96.62959218065386,0.2784413825725999
mvp,main,V-JEPA 2.1,ViT-Gigantic/16,temporal_attn,label:final layer,3,"42,101,102",ready_manifest,92.51769464105156,0.440738012491473,95.97236265588135,0.379451643046767,93.76474553420962,0.45594031878896013,96.62959218065386,0.2784413825725999
mvp,main,V-JEPA 2.1,ViT-Gigantic/16,temporal_attn,label:layer 0.25,3,"42,101,102",ready_manifest,51.2639029322548,0.3033367037411523,70.82912032355915,0.08756576378002812,53.28614762386249,0.6630372623156782,71.72227839568588,0.2043201154867233
mvp,main,V-JEPA 2.1,ViT-Gigantic/16,temporal_attn,label:layer 0.5,3,"42,101,102",ready_manifest,70.71115604988204,7.226754850822909,82.25480283114257,4.823541108114384,72.43006403774856,7.303448995366012,83.55240984159083,4.781586063018403
mvp,main,V-JEPA 2.1,ViT-Gigantic/16,temporal_attn,label:layer 0.75,3,"42,101,102",ready_manifest,89.11358274351196,8.818432301748725,93.89956184698349,4.849787312231843,88.87765419615775,8.061759055724032,94.0175261206606,4.1104123581039325
mvp,main,VideoMAE,ViT-H/16,temporal_attn,id:16,3,"42,101,102",ready_manifest,83.11425682507581,1.2259206929203486,90.66397034041117,1.0128061477126211,83.35018537243008,1.7198989986077597,90.96730704415234,1.0128061477126193
mvp,main,VideoMAE,ViT-H/16,temporal_attn,id:24,3,"42,101,102",ready_manifest,91.87731715537579,0.1544514895502348,95.18031681833499,0.07722574477516701,93.39400067408154,0.35509449790542047,96.25884732052575,0.15166835187057615
mvp,main,VideoMAE,ViT-H/16,temporal_attn,id:32,3,"42,101,102",ready_manifest,86.68688911358274,1.0811604268517427,92.83788338388942,0.37945164304681617,87.93394000674078,0.6578773608339874,93.41085271317827,0.24938740456608505
mvp,main,VideoMAE,ViT-H/16,temporal_attn,id:8,3,"42,101,102",ready_manifest,61.813279406808206,3.1723040416690695,78.22716548702391,1.8708040561345443,63.9029322548028,3.158847189446596,79.03606336366698,1.6724322236485643
mvp,main,VideoMAE,ViT-H/16,temporal_attn,label:final layer,3,"42,101,102",ready_manifest,86.68688911358274,1.0811604268517427,92.83788338388942,0.37945164304681617,87.93394000674078,0.6578773608339874,93.41085271317827,0.24938740456608505
mvp,main,VideoMAE,ViT-H/16,temporal_attn,label:layer 0.25,3,"42,101,102",ready_manifest,61.813279406808206,3.1723040416690695,78.22716548702391,1.8708040561345443,63.9029322548028,3.158847189446596,79.03606336366698,1.6724322236485643
mvp,main,VideoMAE,ViT-H/16,temporal_attn,label:layer 0.5,3,"42,101,102",ready_manifest,83.11425682507581,1.2259206929203486,90.66397034041117,1.0128061477126211,83.35018537243008,1.7198989986077597,90.96730704415234,1.0128061477126193
mvp,main,VideoMAE,ViT-H/16,temporal_attn,label:layer 0.75,3,"42,101,102",ready_manifest,91.87731715537579,0.1544514895502348,95.18031681833499,0.07722574477516701,93.39400067408154,0.35509449790542047,96.25884732052575,0.15166835187057615
mvp,main,VideoMAE-v2,ViT-G/16,temporal_attn,id:10,3,"42,101,102",ready_manifest,71.14930906639702,0.9174693352758028,82.49073137849678,0.42997474965190874,70.07077856420625,1.1259381926855414,82.13683855746544,1.280311419832954
mvp,main,VideoMAE-v2,ViT-G/16,temporal_attn,id:20,3,"42,101,102",ready_manifest,88.13616447590157,1.719898998607761,93.24233232221097,1.0389661369597742,88.97876643073809,2.8365541231760374,94.00067408156386,1.4426959707330305
mvp,main,VideoMAE-v2,ViT-G/16,temporal_attn,id:30,3,"42,101,102",ready_manifest,89.85507246376808,3.2675577992898655,94.13549039433771,2.1984646011282956,91.16953151331309,2.602208041382876,95.07920458375462,1.479432440423889
mvp,main,VideoMAE-v2,ViT-G/16,temporal_attn,id:40,3,"42,101,102",ready_manifest,79.47421638018197,1.9501821559135981,87.7148634984833,1.5574238423406546,80.72126727334005,2.510218561693982,88.60802157061005,1.7117060011759915
mvp,main,VideoMAE-v2,ViT-G/16,temporal_attn,label:final layer,3,"42,101,102",ready_manifest,79.47421638018197,1.9501821559135981,87.7148634984833,1.5574238423406546,80.72126727334005,2.510218561693982,88.60802157061005,1.7117060011759915
mvp,main,VideoMAE-v2,ViT-G/16,temporal_attn,label:layer 0.25,3,"42,101,102",ready_manifest,71.14930906639702,0.9174693352758028,82.49073137849678,0.42997474965190874,70.07077856420625,1.1259381926855414,82.13683855746544,1.280311419832954
mvp,main,VideoMAE-v2,ViT-G/16,temporal_attn,label:layer 0.5,3,"42,101,102",ready_manifest,88.13616447590157,1.719898998607761,93.24233232221097,1.0389661369597742,88.97876643073809,2.8365541231760374,94.00067408156386,1.4426959707330305
mvp,main,VideoMAE-v2,ViT-G/16,temporal_attn,label:layer 0.75,3,"42,101,102",ready_manifest,89.85507246376808,3.2675577992898655,94.13549039433771,2.1984646011282956,91.16953151331309,2.602208041382876,95.07920458375462,1.479432440423889
