run_id,config_id,run_command,dataset,dataset_hydra,experiment,model,backbone,probe,probe_hydra,seed,original_seed,backbone_name,backbone_variant,layer,selected_slot,layer_label,feature_view,lr,weight_decay,batch_size,eval_batch_size,epochs,early_stopping_enabled,early_stopping_patience,mlp_hidden_dims,mlp_dropout,temporal_num_heads,temporal_num_self_attn_blocks,temporal_mlp_ratio,temporal_dropout,probe_device,probe_output_dir,probe_output_subdir,eval_output_dir,eval_output_subdir,wandb_group,wandb_name,status,blocked_reason,hydra_overrides_json,source_csv_path,source_csv_row_index,source_csv_line_number,source_row_sha256,source_config_status,source_config_json,source_evidence_path
intphys2__jepa_v1__linear__layer_32__seed_101,intphys2__jepa_v1__linear__layer_32,train_eval.probe.intphys2,IntPhys2,intphys2,main,V-JEPA,ViT-H/16,Linear,linear,101,42,jepa_v1,vith16_384,32,,Final layer,pooled,0.0001329291894316216,0.005061576888752304,32,1024,2000,false,5,,,,,,,cpu,artifacts/probes/intphys2,seed_runs_layerwise_v1/intphys2__jepa_v1__linear__layer_32/seed_101,artifacts/results/intphys2,seed_runs_layerwise_v1/intphys2__jepa_v1__linear__layer_32/seed_101,seed_runs_layerwise_v1_intphys2__jepa_v1__linear__layer_32,intphys2__jepa_v1__linear__layer_32__seed_101,pending,,"[""seed=101"",""split.seed=42"",""backbone.name=jepa_v1"",""+backbone.kwargs.variant=vith16_384"",""probe.name=linear"",""probe.layer=32"",""probe.layers=[]"",""probe.feature_view=pooled"",""probe.device=cpu"",""probe.lr=0.0001329291894316216"",""probe.weight_decay=0.005061576888752304"",""probe.batch_size=32"",""probe.eval_batch_size=1024"",""probe.epochs=2000"",""probe.early_stopping.enabled=false"",""probe.early_stopping.patience=5"",""probe.optuna.enabled=false"",""probe.output_dir=artifacts/probes/intphys2"",""probe.output_subdir=seed_runs_layerwise_v1/intphys2__jepa_v1__linear__layer_32/seed_101"",""probe.eval_output_dir=artifacts/results/intphys2"",""probe.eval_output_subdir=seed_runs_layerwise_v1/intphys2__jepa_v1__linear__layer_32/seed_101"",""probe.wandb.group=seed_runs_layerwise_v1_intphys2__jepa_v1__linear__layer_32"",""probe.wandb.name=intphys2__jepa_v1__linear__layer_32__seed_101""]",results/verified_layerwise_probe_configs.csv,12,14,21ae4707964c2ebc,VERIFIED_FULL,"{""batch_size"":32,""early_stopping"":{""enabled"":true,""patience"":5},""epochs"":2000,""feature_view"":""pooled"",""layer"":32,""lr"":0.0001329291894316216,""slot"":null,""weight_decay"":0.005061576888752304}",output/training/intphys2/linear/intphys2_jepa_v1_linear_layers_22261451.out
intphys2__jepa_v1__linear__layer_32__seed_102,intphys2__jepa_v1__linear__layer_32,train_eval.probe.intphys2,IntPhys2,intphys2,main,V-JEPA,ViT-H/16,Linear,linear,102,42,jepa_v1,vith16_384,32,,Final layer,pooled,0.0001329291894316216,0.005061576888752304,32,1024,2000,false,5,,,,,,,cpu,artifacts/probes/intphys2,seed_runs_layerwise_v1/intphys2__jepa_v1__linear__layer_32/seed_102,artifacts/results/intphys2,seed_runs_layerwise_v1/intphys2__jepa_v1__linear__layer_32/seed_102,seed_runs_layerwise_v1_intphys2__jepa_v1__linear__layer_32,intphys2__jepa_v1__linear__layer_32__seed_102,pending,,"[""seed=102"",""split.seed=42"",""backbone.name=jepa_v1"",""+backbone.kwargs.variant=vith16_384"",""probe.name=linear"",""probe.layer=32"",""probe.layers=[]"",""probe.feature_view=pooled"",""probe.device=cpu"",""probe.lr=0.0001329291894316216"",""probe.weight_decay=0.005061576888752304"",""probe.batch_size=32"",""probe.eval_batch_size=1024"",""probe.epochs=2000"",""probe.early_stopping.enabled=false"",""probe.early_stopping.patience=5"",""probe.optuna.enabled=false"",""probe.output_dir=artifacts/probes/intphys2"",""probe.output_subdir=seed_runs_layerwise_v1/intphys2__jepa_v1__linear__layer_32/seed_102"",""probe.eval_output_dir=artifacts/results/intphys2"",""probe.eval_output_subdir=seed_runs_layerwise_v1/intphys2__jepa_v1__linear__layer_32/seed_102"",""probe.wandb.group=seed_runs_layerwise_v1_intphys2__jepa_v1__linear__layer_32"",""probe.wandb.name=intphys2__jepa_v1__linear__layer_32__seed_102""]",results/verified_layerwise_probe_configs.csv,12,14,21ae4707964c2ebc,VERIFIED_FULL,"{""batch_size"":32,""early_stopping"":{""enabled"":true,""patience"":5},""epochs"":2000,""feature_view"":""pooled"",""layer"":32,""lr"":0.0001329291894316216,""slot"":null,""weight_decay"":0.005061576888752304}",output/training/intphys2/linear/intphys2_jepa_v1_linear_layers_22261451.out
intphys2__jepa_v1__linear__layer_8__seed_101,intphys2__jepa_v1__linear__layer_8,train_eval.probe.intphys2,IntPhys2,intphys2,main,V-JEPA,ViT-H/16,Linear,linear,101,42,jepa_v1,vith16_384,8,,Layer 0.25,pooled,0.0003699972431463808,3.6749049453053196e-06,256,1024,100,false,5,,,,,,,cpu,artifacts/probes/intphys2,seed_runs_layerwise_v1/intphys2__jepa_v1__linear__layer_8/seed_101,artifacts/results/intphys2,seed_runs_layerwise_v1/intphys2__jepa_v1__linear__layer_8/seed_101,seed_runs_layerwise_v1_intphys2__jepa_v1__linear__layer_8,intphys2__jepa_v1__linear__layer_8__seed_101,pending,,"[""seed=101"",""split.seed=42"",""backbone.name=jepa_v1"",""+backbone.kwargs.variant=vith16_384"",""probe.name=linear"",""probe.layer=8"",""probe.layers=[]"",""probe.feature_view=pooled"",""probe.device=cpu"",""probe.lr=0.0003699972431463808"",""probe.weight_decay=3.6749049453053196e-06"",""probe.batch_size=256"",""probe.eval_batch_size=1024"",""probe.epochs=100"",""probe.early_stopping.enabled=false"",""probe.early_stopping.patience=5"",""probe.optuna.enabled=false"",""probe.output_dir=artifacts/probes/intphys2"",""probe.output_subdir=seed_runs_layerwise_v1/intphys2__jepa_v1__linear__layer_8/seed_101"",""probe.eval_output_dir=artifacts/results/intphys2"",""probe.eval_output_subdir=seed_runs_layerwise_v1/intphys2__jepa_v1__linear__layer_8/seed_101"",""probe.wandb.group=seed_runs_layerwise_v1_intphys2__jepa_v1__linear__layer_8"",""probe.wandb.name=intphys2__jepa_v1__linear__layer_8__seed_101""]",results/verified_layerwise_probe_configs.csv,13,15,c532575cb520aad9,VERIFIED_FULL,"{""batch_size"":256,""early_stopping"":{""enabled"":true,""patience"":5},""epochs"":100,""feature_view"":""pooled"",""layer"":8,""lr"":0.0003699972431463808,""slot"":null,""weight_decay"":3.6749049453053196e-06}",output/training/intphys2/linear/intphys2_jepa_v1_linear_layers_22261451.out
intphys2__jepa_v1__linear__layer_8__seed_102,intphys2__jepa_v1__linear__layer_8,train_eval.probe.intphys2,IntPhys2,intphys2,main,V-JEPA,ViT-H/16,Linear,linear,102,42,jepa_v1,vith16_384,8,,Layer 0.25,pooled,0.0003699972431463808,3.6749049453053196e-06,256,1024,100,false,5,,,,,,,cpu,artifacts/probes/intphys2,seed_runs_layerwise_v1/intphys2__jepa_v1__linear__layer_8/seed_102,artifacts/results/intphys2,seed_runs_layerwise_v1/intphys2__jepa_v1__linear__layer_8/seed_102,seed_runs_layerwise_v1_intphys2__jepa_v1__linear__layer_8,intphys2__jepa_v1__linear__layer_8__seed_102,pending,,"[""seed=102"",""split.seed=42"",""backbone.name=jepa_v1"",""+backbone.kwargs.variant=vith16_384"",""probe.name=linear"",""probe.layer=8"",""probe.layers=[]"",""probe.feature_view=pooled"",""probe.device=cpu"",""probe.lr=0.0003699972431463808"",""probe.weight_decay=3.6749049453053196e-06"",""probe.batch_size=256"",""probe.eval_batch_size=1024"",""probe.epochs=100"",""probe.early_stopping.enabled=false"",""probe.early_stopping.patience=5"",""probe.optuna.enabled=false"",""probe.output_dir=artifacts/probes/intphys2"",""probe.output_subdir=seed_runs_layerwise_v1/intphys2__jepa_v1__linear__layer_8/seed_102"",""probe.eval_output_dir=artifacts/results/intphys2"",""probe.eval_output_subdir=seed_runs_layerwise_v1/intphys2__jepa_v1__linear__layer_8/seed_102"",""probe.wandb.group=seed_runs_layerwise_v1_intphys2__jepa_v1__linear__layer_8"",""probe.wandb.name=intphys2__jepa_v1__linear__layer_8__seed_102""]",results/verified_layerwise_probe_configs.csv,13,15,c532575cb520aad9,VERIFIED_FULL,"{""batch_size"":256,""early_stopping"":{""enabled"":true,""patience"":5},""epochs"":100,""feature_view"":""pooled"",""layer"":8,""lr"":0.0003699972431463808,""slot"":null,""weight_decay"":3.6749049453053196e-06}",output/training/intphys2/linear/intphys2_jepa_v1_linear_layers_22261451.out
intphys2__jepa_v1__linear__layer_16__seed_101,intphys2__jepa_v1__linear__layer_16,train_eval.probe.intphys2,IntPhys2,intphys2,main,V-JEPA,ViT-H/16,Linear,linear,101,42,jepa_v1,vith16_384,16,,Layer 0.5,pooled,0.005680619932086539,6.2989172362875366e-06,64,1024,2000,false,5,,,,,,,cpu,artifacts/probes/intphys2,seed_runs_layerwise_v1/intphys2__jepa_v1__linear__layer_16/seed_101,artifacts/results/intphys2,seed_runs_layerwise_v1/intphys2__jepa_v1__linear__layer_16/seed_101,seed_runs_layerwise_v1_intphys2__jepa_v1__linear__layer_16,intphys2__jepa_v1__linear__layer_16__seed_101,pending,,"[""seed=101"",""split.seed=42"",""backbone.name=jepa_v1"",""+backbone.kwargs.variant=vith16_384"",""probe.name=linear"",""probe.layer=16"",""probe.layers=[]"",""probe.feature_view=pooled"",""probe.device=cpu"",""probe.lr=0.005680619932086539"",""probe.weight_decay=6.2989172362875366e-06"",""probe.batch_size=64"",""probe.eval_batch_size=1024"",""probe.epochs=2000"",""probe.early_stopping.enabled=false"",""probe.early_stopping.patience=5"",""probe.optuna.enabled=false"",""probe.output_dir=artifacts/probes/intphys2"",""probe.output_subdir=seed_runs_layerwise_v1/intphys2__jepa_v1__linear__layer_16/seed_101"",""probe.eval_output_dir=artifacts/results/intphys2"",""probe.eval_output_subdir=seed_runs_layerwise_v1/intphys2__jepa_v1__linear__layer_16/seed_101"",""probe.wandb.group=seed_runs_layerwise_v1_intphys2__jepa_v1__linear__layer_16"",""probe.wandb.name=intphys2__jepa_v1__linear__layer_16__seed_101""]",results/verified_layerwise_probe_configs.csv,14,16,e26f57a42d6172a3,VERIFIED_FULL,"{""batch_size"":64,""early_stopping"":{""enabled"":true,""patience"":5},""epochs"":2000,""feature_view"":""pooled"",""layer"":16,""lr"":0.005680619932086539,""slot"":null,""weight_decay"":6.2989172362875366e-06}",output/training/intphys2/linear/intphys2_jepa_v1_linear_layers_22261451.out
intphys2__jepa_v1__linear__layer_16__seed_102,intphys2__jepa_v1__linear__layer_16,train_eval.probe.intphys2,IntPhys2,intphys2,main,V-JEPA,ViT-H/16,Linear,linear,102,42,jepa_v1,vith16_384,16,,Layer 0.5,pooled,0.005680619932086539,6.2989172362875366e-06,64,1024,2000,false,5,,,,,,,cpu,artifacts/probes/intphys2,seed_runs_layerwise_v1/intphys2__jepa_v1__linear__layer_16/seed_102,artifacts/results/intphys2,seed_runs_layerwise_v1/intphys2__jepa_v1__linear__layer_16/seed_102,seed_runs_layerwise_v1_intphys2__jepa_v1__linear__layer_16,intphys2__jepa_v1__linear__layer_16__seed_102,pending,,"[""seed=102"",""split.seed=42"",""backbone.name=jepa_v1"",""+backbone.kwargs.variant=vith16_384"",""probe.name=linear"",""probe.layer=16"",""probe.layers=[]"",""probe.feature_view=pooled"",""probe.device=cpu"",""probe.lr=0.005680619932086539"",""probe.weight_decay=6.2989172362875366e-06"",""probe.batch_size=64"",""probe.eval_batch_size=1024"",""probe.epochs=2000"",""probe.early_stopping.enabled=false"",""probe.early_stopping.patience=5"",""probe.optuna.enabled=false"",""probe.output_dir=artifacts/probes/intphys2"",""probe.output_subdir=seed_runs_layerwise_v1/intphys2__jepa_v1__linear__layer_16/seed_102"",""probe.eval_output_dir=artifacts/results/intphys2"",""probe.eval_output_subdir=seed_runs_layerwise_v1/intphys2__jepa_v1__linear__layer_16/seed_102"",""probe.wandb.group=seed_runs_layerwise_v1_intphys2__jepa_v1__linear__layer_16"",""probe.wandb.name=intphys2__jepa_v1__linear__layer_16__seed_102""]",results/verified_layerwise_probe_configs.csv,14,16,e26f57a42d6172a3,VERIFIED_FULL,"{""batch_size"":64,""early_stopping"":{""enabled"":true,""patience"":5},""epochs"":2000,""feature_view"":""pooled"",""layer"":16,""lr"":0.005680619932086539,""slot"":null,""weight_decay"":6.2989172362875366e-06}",output/training/intphys2/linear/intphys2_jepa_v1_linear_layers_22261451.out
intphys2__jepa_v1__linear__layer_24__seed_101,intphys2__jepa_v1__linear__layer_24,train_eval.probe.intphys2,IntPhys2,intphys2,main,V-JEPA,ViT-H/16,Linear,linear,101,42,jepa_v1,vith16_384,24,,Layer 0.75,pooled,0.002216476552485099,5.991763284171463e-05,64,1024,100,false,5,,,,,,,cpu,artifacts/probes/intphys2,seed_runs_layerwise_v1/intphys2__jepa_v1__linear__layer_24/seed_101,artifacts/results/intphys2,seed_runs_layerwise_v1/intphys2__jepa_v1__linear__layer_24/seed_101,seed_runs_layerwise_v1_intphys2__jepa_v1__linear__layer_24,intphys2__jepa_v1__linear__layer_24__seed_101,pending,,"[""seed=101"",""split.seed=42"",""backbone.name=jepa_v1"",""+backbone.kwargs.variant=vith16_384"",""probe.name=linear"",""probe.layer=24"",""probe.layers=[]"",""probe.feature_view=pooled"",""probe.device=cpu"",""probe.lr=0.002216476552485099"",""probe.weight_decay=5.991763284171463e-05"",""probe.batch_size=64"",""probe.eval_batch_size=1024"",""probe.epochs=100"",""probe.early_stopping.enabled=false"",""probe.early_stopping.patience=5"",""probe.optuna.enabled=false"",""probe.output_dir=artifacts/probes/intphys2"",""probe.output_subdir=seed_runs_layerwise_v1/intphys2__jepa_v1__linear__layer_24/seed_101"",""probe.eval_output_dir=artifacts/results/intphys2"",""probe.eval_output_subdir=seed_runs_layerwise_v1/intphys2__jepa_v1__linear__layer_24/seed_101"",""probe.wandb.group=seed_runs_layerwise_v1_intphys2__jepa_v1__linear__layer_24"",""probe.wandb.name=intphys2__jepa_v1__linear__layer_24__seed_101""]",results/verified_layerwise_probe_configs.csv,15,17,c867c0a149f6cabb,VERIFIED_FULL,"{""batch_size"":64,""early_stopping"":{""enabled"":true,""patience"":5},""epochs"":100,""feature_view"":""pooled"",""layer"":24,""lr"":0.002216476552485099,""slot"":null,""weight_decay"":5.991763284171463e-05}",output/training/intphys2/linear/intphys2_jepa_v1_linear_layers_22261451.out
intphys2__jepa_v1__linear__layer_24__seed_102,intphys2__jepa_v1__linear__layer_24,train_eval.probe.intphys2,IntPhys2,intphys2,main,V-JEPA,ViT-H/16,Linear,linear,102,42,jepa_v1,vith16_384,24,,Layer 0.75,pooled,0.002216476552485099,5.991763284171463e-05,64,1024,100,false,5,,,,,,,cpu,artifacts/probes/intphys2,seed_runs_layerwise_v1/intphys2__jepa_v1__linear__layer_24/seed_102,artifacts/results/intphys2,seed_runs_layerwise_v1/intphys2__jepa_v1__linear__layer_24/seed_102,seed_runs_layerwise_v1_intphys2__jepa_v1__linear__layer_24,intphys2__jepa_v1__linear__layer_24__seed_102,pending,,"[""seed=102"",""split.seed=42"",""backbone.name=jepa_v1"",""+backbone.kwargs.variant=vith16_384"",""probe.name=linear"",""probe.layer=24"",""probe.layers=[]"",""probe.feature_view=pooled"",""probe.device=cpu"",""probe.lr=0.002216476552485099"",""probe.weight_decay=5.991763284171463e-05"",""probe.batch_size=64"",""probe.eval_batch_size=1024"",""probe.epochs=100"",""probe.early_stopping.enabled=false"",""probe.early_stopping.patience=5"",""probe.optuna.enabled=false"",""probe.output_dir=artifacts/probes/intphys2"",""probe.output_subdir=seed_runs_layerwise_v1/intphys2__jepa_v1__linear__layer_24/seed_102"",""probe.eval_output_dir=artifacts/results/intphys2"",""probe.eval_output_subdir=seed_runs_layerwise_v1/intphys2__jepa_v1__linear__layer_24/seed_102"",""probe.wandb.group=seed_runs_layerwise_v1_intphys2__jepa_v1__linear__layer_24"",""probe.wandb.name=intphys2__jepa_v1__linear__layer_24__seed_102""]",results/verified_layerwise_probe_configs.csv,15,17,c867c0a149f6cabb,VERIFIED_FULL,"{""batch_size"":64,""early_stopping"":{""enabled"":true,""patience"":5},""epochs"":100,""feature_view"":""pooled"",""layer"":24,""lr"":0.002216476552485099,""slot"":null,""weight_decay"":5.991763284171463e-05}",output/training/intphys2/linear/intphys2_jepa_v1_linear_layers_22261451.out
intphys2__jepa_v1__mlp__layer_32__seed_101,intphys2__jepa_v1__mlp__layer_32,train_eval.probe.intphys2,IntPhys2,intphys2,main,V-JEPA,ViT-H/16,MLP,mlp,101,42,jepa_v1,vith16_384,32,,Final layer,pooled,0.0008311984961958987,0.000517091398990107,64,1024,2000,false,5,[512],0.14469269115194977,,,,,cpu,artifacts/probes/intphys2,seed_runs_layerwise_v1/intphys2__jepa_v1__mlp__layer_32/seed_101,artifacts/results/intphys2,seed_runs_layerwise_v1/intphys2__jepa_v1__mlp__layer_32/seed_101,seed_runs_layerwise_v1_intphys2__jepa_v1__mlp__layer_32,intphys2__jepa_v1__mlp__layer_32__seed_101,pending,,"[""seed=101"",""split.seed=42"",""backbone.name=jepa_v1"",""+backbone.kwargs.variant=vith16_384"",""probe.name=mlp"",""probe.layer=32"",""probe.layers=[]"",""probe.feature_view=pooled"",""probe.device=cpu"",""probe.lr=0.0008311984961958987"",""probe.weight_decay=0.000517091398990107"",""probe.batch_size=64"",""probe.eval_batch_size=1024"",""probe.epochs=2000"",""probe.early_stopping.enabled=false"",""probe.early_stopping.patience=5"",""probe.optuna.enabled=false"",""probe.output_dir=artifacts/probes/intphys2"",""probe.output_subdir=seed_runs_layerwise_v1/intphys2__jepa_v1__mlp__layer_32/seed_101"",""probe.eval_output_dir=artifacts/results/intphys2"",""probe.eval_output_subdir=seed_runs_layerwise_v1/intphys2__jepa_v1__mlp__layer_32/seed_101"",""probe.wandb.group=seed_runs_layerwise_v1_intphys2__jepa_v1__mlp__layer_32"",""probe.wandb.name=intphys2__jepa_v1__mlp__layer_32__seed_101"",""probe.mlp.hidden_dims=[512]"",""probe.mlp.dropout=0.14469269115194977""]",results/verified_layerwise_probe_configs.csv,16,18,e306f36a369ef339,VERIFIED_FULL,"{""batch_size"":64,""dropout"":0.14469269115194977,""early_stopping"":{""enabled"":true,""patience"":5},""epochs"":2000,""feature_view"":""pooled"",""hidden_dims"":[512],""layer"":32,""lr"":0.0008311984961958987,""slot"":null,""weight_decay"":0.000517091398990107}",jobs/train/intphys2/mlp/output/training/intphys2/mlp/intphys2_jepa_v1_mlp_layers_22594073.out
intphys2__jepa_v1__mlp__layer_32__seed_102,intphys2__jepa_v1__mlp__layer_32,train_eval.probe.intphys2,IntPhys2,intphys2,main,V-JEPA,ViT-H/16,MLP,mlp,102,42,jepa_v1,vith16_384,32,,Final layer,pooled,0.0008311984961958987,0.000517091398990107,64,1024,2000,false,5,[512],0.14469269115194977,,,,,cpu,artifacts/probes/intphys2,seed_runs_layerwise_v1/intphys2__jepa_v1__mlp__layer_32/seed_102,artifacts/results/intphys2,seed_runs_layerwise_v1/intphys2__jepa_v1__mlp__layer_32/seed_102,seed_runs_layerwise_v1_intphys2__jepa_v1__mlp__layer_32,intphys2__jepa_v1__mlp__layer_32__seed_102,pending,,"[""seed=102"",""split.seed=42"",""backbone.name=jepa_v1"",""+backbone.kwargs.variant=vith16_384"",""probe.name=mlp"",""probe.layer=32"",""probe.layers=[]"",""probe.feature_view=pooled"",""probe.device=cpu"",""probe.lr=0.0008311984961958987"",""probe.weight_decay=0.000517091398990107"",""probe.batch_size=64"",""probe.eval_batch_size=1024"",""probe.epochs=2000"",""probe.early_stopping.enabled=false"",""probe.early_stopping.patience=5"",""probe.optuna.enabled=false"",""probe.output_dir=artifacts/probes/intphys2"",""probe.output_subdir=seed_runs_layerwise_v1/intphys2__jepa_v1__mlp__layer_32/seed_102"",""probe.eval_output_dir=artifacts/results/intphys2"",""probe.eval_output_subdir=seed_runs_layerwise_v1/intphys2__jepa_v1__mlp__layer_32/seed_102"",""probe.wandb.group=seed_runs_layerwise_v1_intphys2__jepa_v1__mlp__layer_32"",""probe.wandb.name=intphys2__jepa_v1__mlp__layer_32__seed_102"",""probe.mlp.hidden_dims=[512]"",""probe.mlp.dropout=0.14469269115194977""]",results/verified_layerwise_probe_configs.csv,16,18,e306f36a369ef339,VERIFIED_FULL,"{""batch_size"":64,""dropout"":0.14469269115194977,""early_stopping"":{""enabled"":true,""patience"":5},""epochs"":2000,""feature_view"":""pooled"",""hidden_dims"":[512],""layer"":32,""lr"":0.0008311984961958987,""slot"":null,""weight_decay"":0.000517091398990107}",jobs/train/intphys2/mlp/output/training/intphys2/mlp/intphys2_jepa_v1_mlp_layers_22594073.out
intphys2__jepa_v1__mlp__layer_8__seed_101,intphys2__jepa_v1__mlp__layer_8,train_eval.probe.intphys2,IntPhys2,intphys2,main,V-JEPA,ViT-H/16,MLP,mlp,101,42,jepa_v1,vith16_384,8,,Layer 0.25,pooled,0.0011290133559092666,4.374364439939069e-06,256,1024,50,false,5,[256],0.04424625102595975,,,,,cpu,artifacts/probes/intphys2,seed_runs_layerwise_v1/intphys2__jepa_v1__mlp__layer_8/seed_101,artifacts/results/intphys2,seed_runs_layerwise_v1/intphys2__jepa_v1__mlp__layer_8/seed_101,seed_runs_layerwise_v1_intphys2__jepa_v1__mlp__layer_8,intphys2__jepa_v1__mlp__layer_8__seed_101,pending,,"[""seed=101"",""split.seed=42"",""backbone.name=jepa_v1"",""+backbone.kwargs.variant=vith16_384"",""probe.name=mlp"",""probe.layer=8"",""probe.layers=[]"",""probe.feature_view=pooled"",""probe.device=cpu"",""probe.lr=0.0011290133559092666"",""probe.weight_decay=4.374364439939069e-06"",""probe.batch_size=256"",""probe.eval_batch_size=1024"",""probe.epochs=50"",""probe.early_stopping.enabled=false"",""probe.early_stopping.patience=5"",""probe.optuna.enabled=false"",""probe.output_dir=artifacts/probes/intphys2"",""probe.output_subdir=seed_runs_layerwise_v1/intphys2__jepa_v1__mlp__layer_8/seed_101"",""probe.eval_output_dir=artifacts/results/intphys2"",""probe.eval_output_subdir=seed_runs_layerwise_v1/intphys2__jepa_v1__mlp__layer_8/seed_101"",""probe.wandb.group=seed_runs_layerwise_v1_intphys2__jepa_v1__mlp__layer_8"",""probe.wandb.name=intphys2__jepa_v1__mlp__layer_8__seed_101"",""probe.mlp.hidden_dims=[256]"",""probe.mlp.dropout=0.04424625102595975""]",results/verified_layerwise_probe_configs.csv,17,19,a30fde001ec25b47,VERIFIED_FULL,"{""batch_size"":256,""dropout"":0.04424625102595975,""early_stopping"":{""enabled"":true,""patience"":5},""epochs"":50,""feature_view"":""pooled"",""hidden_dims"":[256],""layer"":8,""lr"":0.0011290133559092666,""slot"":null,""weight_decay"":4.374364439939069e-06}",jobs/train/intphys2/mlp/output/training/intphys2/mlp/intphys2_jepa_v1_mlp_layers_22594073.out
intphys2__jepa_v1__mlp__layer_8__seed_102,intphys2__jepa_v1__mlp__layer_8,train_eval.probe.intphys2,IntPhys2,intphys2,main,V-JEPA,ViT-H/16,MLP,mlp,102,42,jepa_v1,vith16_384,8,,Layer 0.25,pooled,0.0011290133559092666,4.374364439939069e-06,256,1024,50,false,5,[256],0.04424625102595975,,,,,cpu,artifacts/probes/intphys2,seed_runs_layerwise_v1/intphys2__jepa_v1__mlp__layer_8/seed_102,artifacts/results/intphys2,seed_runs_layerwise_v1/intphys2__jepa_v1__mlp__layer_8/seed_102,seed_runs_layerwise_v1_intphys2__jepa_v1__mlp__layer_8,intphys2__jepa_v1__mlp__layer_8__seed_102,pending,,"[""seed=102"",""split.seed=42"",""backbone.name=jepa_v1"",""+backbone.kwargs.variant=vith16_384"",""probe.name=mlp"",""probe.layer=8"",""probe.layers=[]"",""probe.feature_view=pooled"",""probe.device=cpu"",""probe.lr=0.0011290133559092666"",""probe.weight_decay=4.374364439939069e-06"",""probe.batch_size=256"",""probe.eval_batch_size=1024"",""probe.epochs=50"",""probe.early_stopping.enabled=false"",""probe.early_stopping.patience=5"",""probe.optuna.enabled=false"",""probe.output_dir=artifacts/probes/intphys2"",""probe.output_subdir=seed_runs_layerwise_v1/intphys2__jepa_v1__mlp__layer_8/seed_102"",""probe.eval_output_dir=artifacts/results/intphys2"",""probe.eval_output_subdir=seed_runs_layerwise_v1/intphys2__jepa_v1__mlp__layer_8/seed_102"",""probe.wandb.group=seed_runs_layerwise_v1_intphys2__jepa_v1__mlp__layer_8"",""probe.wandb.name=intphys2__jepa_v1__mlp__layer_8__seed_102"",""probe.mlp.hidden_dims=[256]"",""probe.mlp.dropout=0.04424625102595975""]",results/verified_layerwise_probe_configs.csv,17,19,a30fde001ec25b47,VERIFIED_FULL,"{""batch_size"":256,""dropout"":0.04424625102595975,""early_stopping"":{""enabled"":true,""patience"":5},""epochs"":50,""feature_view"":""pooled"",""hidden_dims"":[256],""layer"":8,""lr"":0.0011290133559092666,""slot"":null,""weight_decay"":4.374364439939069e-06}",jobs/train/intphys2/mlp/output/training/intphys2/mlp/intphys2_jepa_v1_mlp_layers_22594073.out
intphys2__jepa_v1__mlp__layer_16__seed_101,intphys2__jepa_v1__mlp__layer_16,train_eval.probe.intphys2,IntPhys2,intphys2,main,V-JEPA,ViT-H/16,MLP,mlp,101,42,jepa_v1,vith16_384,16,,Layer 0.5,pooled,0.0001329291894316216,0.005061576888752304,32,1024,2000,false,5,[256],0.21597250932105788,,,,,cpu,artifacts/probes/intphys2,seed_runs_layerwise_v1/intphys2__jepa_v1__mlp__layer_16/seed_101,artifacts/results/intphys2,seed_runs_layerwise_v1/intphys2__jepa_v1__mlp__layer_16/seed_101,seed_runs_layerwise_v1_intphys2__jepa_v1__mlp__layer_16,intphys2__jepa_v1__mlp__layer_16__seed_101,pending,,"[""seed=101"",""split.seed=42"",""backbone.name=jepa_v1"",""+backbone.kwargs.variant=vith16_384"",""probe.name=mlp"",""probe.layer=16"",""probe.layers=[]"",""probe.feature_view=pooled"",""probe.device=cpu"",""probe.lr=0.0001329291894316216"",""probe.weight_decay=0.005061576888752304"",""probe.batch_size=32"",""probe.eval_batch_size=1024"",""probe.epochs=2000"",""probe.early_stopping.enabled=false"",""probe.early_stopping.patience=5"",""probe.optuna.enabled=false"",""probe.output_dir=artifacts/probes/intphys2"",""probe.output_subdir=seed_runs_layerwise_v1/intphys2__jepa_v1__mlp__layer_16/seed_101"",""probe.eval_output_dir=artifacts/results/intphys2"",""probe.eval_output_subdir=seed_runs_layerwise_v1/intphys2__jepa_v1__mlp__layer_16/seed_101"",""probe.wandb.group=seed_runs_layerwise_v1_intphys2__jepa_v1__mlp__layer_16"",""probe.wandb.name=intphys2__jepa_v1__mlp__layer_16__seed_101"",""probe.mlp.hidden_dims=[256]"",""probe.mlp.dropout=0.21597250932105788""]",results/verified_layerwise_probe_configs.csv,18,20,bb6811cb0ae5ad2d,VERIFIED_FULL,"{""batch_size"":32,""dropout"":0.21597250932105788,""early_stopping"":{""enabled"":true,""patience"":5},""epochs"":2000,""feature_view"":""pooled"",""hidden_dims"":[256],""layer"":16,""lr"":0.0001329291894316216,""slot"":null,""weight_decay"":0.005061576888752304}",jobs/train/intphys2/mlp/output/training/intphys2/mlp/intphys2_jepa_v1_mlp_layers_22594073.out
intphys2__jepa_v1__mlp__layer_16__seed_102,intphys2__jepa_v1__mlp__layer_16,train_eval.probe.intphys2,IntPhys2,intphys2,main,V-JEPA,ViT-H/16,MLP,mlp,102,42,jepa_v1,vith16_384,16,,Layer 0.5,pooled,0.0001329291894316216,0.005061576888752304,32,1024,2000,false,5,[256],0.21597250932105788,,,,,cpu,artifacts/probes/intphys2,seed_runs_layerwise_v1/intphys2__jepa_v1__mlp__layer_16/seed_102,artifacts/results/intphys2,seed_runs_layerwise_v1/intphys2__jepa_v1__mlp__layer_16/seed_102,seed_runs_layerwise_v1_intphys2__jepa_v1__mlp__layer_16,intphys2__jepa_v1__mlp__layer_16__seed_102,pending,,"[""seed=102"",""split.seed=42"",""backbone.name=jepa_v1"",""+backbone.kwargs.variant=vith16_384"",""probe.name=mlp"",""probe.layer=16"",""probe.layers=[]"",""probe.feature_view=pooled"",""probe.device=cpu"",""probe.lr=0.0001329291894316216"",""probe.weight_decay=0.005061576888752304"",""probe.batch_size=32"",""probe.eval_batch_size=1024"",""probe.epochs=2000"",""probe.early_stopping.enabled=false"",""probe.early_stopping.patience=5"",""probe.optuna.enabled=false"",""probe.output_dir=artifacts/probes/intphys2"",""probe.output_subdir=seed_runs_layerwise_v1/intphys2__jepa_v1__mlp__layer_16/seed_102"",""probe.eval_output_dir=artifacts/results/intphys2"",""probe.eval_output_subdir=seed_runs_layerwise_v1/intphys2__jepa_v1__mlp__layer_16/seed_102"",""probe.wandb.group=seed_runs_layerwise_v1_intphys2__jepa_v1__mlp__layer_16"",""probe.wandb.name=intphys2__jepa_v1__mlp__layer_16__seed_102"",""probe.mlp.hidden_dims=[256]"",""probe.mlp.dropout=0.21597250932105788""]",results/verified_layerwise_probe_configs.csv,18,20,bb6811cb0ae5ad2d,VERIFIED_FULL,"{""batch_size"":32,""dropout"":0.21597250932105788,""early_stopping"":{""enabled"":true,""patience"":5},""epochs"":2000,""feature_view"":""pooled"",""hidden_dims"":[256],""layer"":16,""lr"":0.0001329291894316216,""slot"":null,""weight_decay"":0.005061576888752304}",jobs/train/intphys2/mlp/output/training/intphys2/mlp/intphys2_jepa_v1_mlp_layers_22594073.out
intphys2__jepa_v1__mlp__layer_24__seed_101,intphys2__jepa_v1__mlp__layer_24,train_eval.probe.intphys2,IntPhys2,intphys2,main,V-JEPA,ViT-H/16,MLP,mlp,101,42,jepa_v1,vith16_384,24,,Layer 0.75,pooled,0.000461634686337263,0.0005556378395446794,32,1024,100,false,5,[1024],0.15501861355280072,,,,,cpu,artifacts/probes/intphys2,seed_runs_layerwise_v1/intphys2__jepa_v1__mlp__layer_24/seed_101,artifacts/results/intphys2,seed_runs_layerwise_v1/intphys2__jepa_v1__mlp__layer_24/seed_101,seed_runs_layerwise_v1_intphys2__jepa_v1__mlp__layer_24,intphys2__jepa_v1__mlp__layer_24__seed_101,pending,,"[""seed=101"",""split.seed=42"",""backbone.name=jepa_v1"",""+backbone.kwargs.variant=vith16_384"",""probe.name=mlp"",""probe.layer=24"",""probe.layers=[]"",""probe.feature_view=pooled"",""probe.device=cpu"",""probe.lr=0.000461634686337263"",""probe.weight_decay=0.0005556378395446794"",""probe.batch_size=32"",""probe.eval_batch_size=1024"",""probe.epochs=100"",""probe.early_stopping.enabled=false"",""probe.early_stopping.patience=5"",""probe.optuna.enabled=false"",""probe.output_dir=artifacts/probes/intphys2"",""probe.output_subdir=seed_runs_layerwise_v1/intphys2__jepa_v1__mlp__layer_24/seed_101"",""probe.eval_output_dir=artifacts/results/intphys2"",""probe.eval_output_subdir=seed_runs_layerwise_v1/intphys2__jepa_v1__mlp__layer_24/seed_101"",""probe.wandb.group=seed_runs_layerwise_v1_intphys2__jepa_v1__mlp__layer_24"",""probe.wandb.name=intphys2__jepa_v1__mlp__layer_24__seed_101"",""probe.mlp.hidden_dims=[1024]"",""probe.mlp.dropout=0.15501861355280072""]",results/verified_layerwise_probe_configs.csv,19,21,9e8a7d9a3419b127,VERIFIED_FULL,"{""batch_size"":32,""dropout"":0.15501861355280072,""early_stopping"":{""enabled"":true,""patience"":5},""epochs"":100,""feature_view"":""pooled"",""hidden_dims"":[1024],""layer"":24,""lr"":0.000461634686337263,""slot"":null,""weight_decay"":0.0005556378395446794}",jobs/train/intphys2/mlp/output/training/intphys2/mlp/intphys2_jepa_v1_mlp_layers_22594073.out
intphys2__jepa_v1__mlp__layer_24__seed_102,intphys2__jepa_v1__mlp__layer_24,train_eval.probe.intphys2,IntPhys2,intphys2,main,V-JEPA,ViT-H/16,MLP,mlp,102,42,jepa_v1,vith16_384,24,,Layer 0.75,pooled,0.000461634686337263,0.0005556378395446794,32,1024,100,false,5,[1024],0.15501861355280072,,,,,cpu,artifacts/probes/intphys2,seed_runs_layerwise_v1/intphys2__jepa_v1__mlp__layer_24/seed_102,artifacts/results/intphys2,seed_runs_layerwise_v1/intphys2__jepa_v1__mlp__layer_24/seed_102,seed_runs_layerwise_v1_intphys2__jepa_v1__mlp__layer_24,intphys2__jepa_v1__mlp__layer_24__seed_102,pending,,"[""seed=102"",""split.seed=42"",""backbone.name=jepa_v1"",""+backbone.kwargs.variant=vith16_384"",""probe.name=mlp"",""probe.layer=24"",""probe.layers=[]"",""probe.feature_view=pooled"",""probe.device=cpu"",""probe.lr=0.000461634686337263"",""probe.weight_decay=0.0005556378395446794"",""probe.batch_size=32"",""probe.eval_batch_size=1024"",""probe.epochs=100"",""probe.early_stopping.enabled=false"",""probe.early_stopping.patience=5"",""probe.optuna.enabled=false"",""probe.output_dir=artifacts/probes/intphys2"",""probe.output_subdir=seed_runs_layerwise_v1/intphys2__jepa_v1__mlp__layer_24/seed_102"",""probe.eval_output_dir=artifacts/results/intphys2"",""probe.eval_output_subdir=seed_runs_layerwise_v1/intphys2__jepa_v1__mlp__layer_24/seed_102"",""probe.wandb.group=seed_runs_layerwise_v1_intphys2__jepa_v1__mlp__layer_24"",""probe.wandb.name=intphys2__jepa_v1__mlp__layer_24__seed_102"",""probe.mlp.hidden_dims=[1024]"",""probe.mlp.dropout=0.15501861355280072""]",results/verified_layerwise_probe_configs.csv,19,21,9e8a7d9a3419b127,VERIFIED_FULL,"{""batch_size"":32,""dropout"":0.15501861355280072,""early_stopping"":{""enabled"":true,""patience"":5},""epochs"":100,""feature_view"":""pooled"",""hidden_dims"":[1024],""layer"":24,""lr"":0.000461634686337263,""slot"":null,""weight_decay"":0.0005556378395446794}",jobs/train/intphys2/mlp/output/training/intphys2/mlp/intphys2_jepa_v1_mlp_layers_22594073.out
intphys2__jepa_v2__linear__layer_40__seed_101,intphys2__jepa_v2__linear__layer_40,train_eval.probe.intphys2,IntPhys2,intphys2,main,V-JEPA 2,ViT-G/16,Linear,linear,101,42,jepa_v2,vitg_384,40,,Final layer,pooled,0.008898895461208912,9.309392298120741e-06,64,1024,100,false,5,,,,,,,cpu,artifacts/probes/intphys2,seed_runs_layerwise_v1/intphys2__jepa_v2__linear__layer_40/seed_101,artifacts/results/intphys2,seed_runs_layerwise_v1/intphys2__jepa_v2__linear__layer_40/seed_101,seed_runs_layerwise_v1_intphys2__jepa_v2__linear__layer_40,intphys2__jepa_v2__linear__layer_40__seed_101,pending,,"[""seed=101"",""split.seed=42"",""backbone.name=jepa_v2"",""+backbone.kwargs.variant=vitg_384"",""probe.name=linear"",""probe.layer=40"",""probe.layers=[]"",""probe.feature_view=pooled"",""probe.device=cpu"",""probe.lr=0.008898895461208912"",""probe.weight_decay=9.309392298120741e-06"",""probe.batch_size=64"",""probe.eval_batch_size=1024"",""probe.epochs=100"",""probe.early_stopping.enabled=false"",""probe.early_stopping.patience=5"",""probe.optuna.enabled=false"",""probe.output_dir=artifacts/probes/intphys2"",""probe.output_subdir=seed_runs_layerwise_v1/intphys2__jepa_v2__linear__layer_40/seed_101"",""probe.eval_output_dir=artifacts/results/intphys2"",""probe.eval_output_subdir=seed_runs_layerwise_v1/intphys2__jepa_v2__linear__layer_40/seed_101"",""probe.wandb.group=seed_runs_layerwise_v1_intphys2__jepa_v2__linear__layer_40"",""probe.wandb.name=intphys2__jepa_v2__linear__layer_40__seed_101""]",results/verified_layerwise_probe_configs.csv,36,38,acfe131d8c9234f6,VERIFIED_FULL,"{""batch_size"":64,""early_stopping"":{""enabled"":true,""patience"":5},""epochs"":100,""feature_view"":""pooled"",""layer"":40,""lr"":0.008898895461208912,""slot"":null,""weight_decay"":9.309392298120741e-06}",output/training/intphys2/linear/intphys2_jepa_v2_linear_layers_22349976.out
intphys2__jepa_v2__linear__layer_40__seed_102,intphys2__jepa_v2__linear__layer_40,train_eval.probe.intphys2,IntPhys2,intphys2,main,V-JEPA 2,ViT-G/16,Linear,linear,102,42,jepa_v2,vitg_384,40,,Final layer,pooled,0.008898895461208912,9.309392298120741e-06,64,1024,100,false,5,,,,,,,cpu,artifacts/probes/intphys2,seed_runs_layerwise_v1/intphys2__jepa_v2__linear__layer_40/seed_102,artifacts/results/intphys2,seed_runs_layerwise_v1/intphys2__jepa_v2__linear__layer_40/seed_102,seed_runs_layerwise_v1_intphys2__jepa_v2__linear__layer_40,intphys2__jepa_v2__linear__layer_40__seed_102,pending,,"[""seed=102"",""split.seed=42"",""backbone.name=jepa_v2"",""+backbone.kwargs.variant=vitg_384"",""probe.name=linear"",""probe.layer=40"",""probe.layers=[]"",""probe.feature_view=pooled"",""probe.device=cpu"",""probe.lr=0.008898895461208912"",""probe.weight_decay=9.309392298120741e-06"",""probe.batch_size=64"",""probe.eval_batch_size=1024"",""probe.epochs=100"",""probe.early_stopping.enabled=false"",""probe.early_stopping.patience=5"",""probe.optuna.enabled=false"",""probe.output_dir=artifacts/probes/intphys2"",""probe.output_subdir=seed_runs_layerwise_v1/intphys2__jepa_v2__linear__layer_40/seed_102"",""probe.eval_output_dir=artifacts/results/intphys2"",""probe.eval_output_subdir=seed_runs_layerwise_v1/intphys2__jepa_v2__linear__layer_40/seed_102"",""probe.wandb.group=seed_runs_layerwise_v1_intphys2__jepa_v2__linear__layer_40"",""probe.wandb.name=intphys2__jepa_v2__linear__layer_40__seed_102""]",results/verified_layerwise_probe_configs.csv,36,38,acfe131d8c9234f6,VERIFIED_FULL,"{""batch_size"":64,""early_stopping"":{""enabled"":true,""patience"":5},""epochs"":100,""feature_view"":""pooled"",""layer"":40,""lr"":0.008898895461208912,""slot"":null,""weight_decay"":9.309392298120741e-06}",output/training/intphys2/linear/intphys2_jepa_v2_linear_layers_22349976.out
intphys2__jepa_v2__linear__layer_10__seed_101,intphys2__jepa_v2__linear__layer_10,train_eval.probe.intphys2,IntPhys2,intphys2,main,V-JEPA 2,ViT-G/16,Linear,linear,101,42,jepa_v2,vitg_384,10,,Layer 0.25,pooled,0.00314288089084011,1.879466824163843e-07,256,1024,100,false,5,,,,,,,cpu,artifacts/probes/intphys2,seed_runs_layerwise_v1/intphys2__jepa_v2__linear__layer_10/seed_101,artifacts/results/intphys2,seed_runs_layerwise_v1/intphys2__jepa_v2__linear__layer_10/seed_101,seed_runs_layerwise_v1_intphys2__jepa_v2__linear__layer_10,intphys2__jepa_v2__linear__layer_10__seed_101,pending,,"[""seed=101"",""split.seed=42"",""backbone.name=jepa_v2"",""+backbone.kwargs.variant=vitg_384"",""probe.name=linear"",""probe.layer=10"",""probe.layers=[]"",""probe.feature_view=pooled"",""probe.device=cpu"",""probe.lr=0.00314288089084011"",""probe.weight_decay=1.879466824163843e-07"",""probe.batch_size=256"",""probe.eval_batch_size=1024"",""probe.epochs=100"",""probe.early_stopping.enabled=false"",""probe.early_stopping.patience=5"",""probe.optuna.enabled=false"",""probe.output_dir=artifacts/probes/intphys2"",""probe.output_subdir=seed_runs_layerwise_v1/intphys2__jepa_v2__linear__layer_10/seed_101"",""probe.eval_output_dir=artifacts/results/intphys2"",""probe.eval_output_subdir=seed_runs_layerwise_v1/intphys2__jepa_v2__linear__layer_10/seed_101"",""probe.wandb.group=seed_runs_layerwise_v1_intphys2__jepa_v2__linear__layer_10"",""probe.wandb.name=intphys2__jepa_v2__linear__layer_10__seed_101""]",results/verified_layerwise_probe_configs.csv,37,39,f2016a62fbe8a6af,VERIFIED_FULL,"{""batch_size"":256,""early_stopping"":{""enabled"":true,""patience"":5},""epochs"":100,""feature_view"":""pooled"",""layer"":10,""lr"":0.00314288089084011,""slot"":null,""weight_decay"":1.879466824163843e-07}",output/training/intphys2/linear/intphys2_jepa_v2_linear_layers_22349976.out
intphys2__jepa_v2__linear__layer_10__seed_102,intphys2__jepa_v2__linear__layer_10,train_eval.probe.intphys2,IntPhys2,intphys2,main,V-JEPA 2,ViT-G/16,Linear,linear,102,42,jepa_v2,vitg_384,10,,Layer 0.25,pooled,0.00314288089084011,1.879466824163843e-07,256,1024,100,false,5,,,,,,,cpu,artifacts/probes/intphys2,seed_runs_layerwise_v1/intphys2__jepa_v2__linear__layer_10/seed_102,artifacts/results/intphys2,seed_runs_layerwise_v1/intphys2__jepa_v2__linear__layer_10/seed_102,seed_runs_layerwise_v1_intphys2__jepa_v2__linear__layer_10,intphys2__jepa_v2__linear__layer_10__seed_102,pending,,"[""seed=102"",""split.seed=42"",""backbone.name=jepa_v2"",""+backbone.kwargs.variant=vitg_384"",""probe.name=linear"",""probe.layer=10"",""probe.layers=[]"",""probe.feature_view=pooled"",""probe.device=cpu"",""probe.lr=0.00314288089084011"",""probe.weight_decay=1.879466824163843e-07"",""probe.batch_size=256"",""probe.eval_batch_size=1024"",""probe.epochs=100"",""probe.early_stopping.enabled=false"",""probe.early_stopping.patience=5"",""probe.optuna.enabled=false"",""probe.output_dir=artifacts/probes/intphys2"",""probe.output_subdir=seed_runs_layerwise_v1/intphys2__jepa_v2__linear__layer_10/seed_102"",""probe.eval_output_dir=artifacts/results/intphys2"",""probe.eval_output_subdir=seed_runs_layerwise_v1/intphys2__jepa_v2__linear__layer_10/seed_102"",""probe.wandb.group=seed_runs_layerwise_v1_intphys2__jepa_v2__linear__layer_10"",""probe.wandb.name=intphys2__jepa_v2__linear__layer_10__seed_102""]",results/verified_layerwise_probe_configs.csv,37,39,f2016a62fbe8a6af,VERIFIED_FULL,"{""batch_size"":256,""early_stopping"":{""enabled"":true,""patience"":5},""epochs"":100,""feature_view"":""pooled"",""layer"":10,""lr"":0.00314288089084011,""slot"":null,""weight_decay"":1.879466824163843e-07}",output/training/intphys2/linear/intphys2_jepa_v2_linear_layers_22349976.out
intphys2__jepa_v2__linear__layer_20__seed_101,intphys2__jepa_v2__linear__layer_20,train_eval.probe.intphys2,IntPhys2,intphys2,main,V-JEPA 2,ViT-G/16,Linear,linear,101,42,jepa_v2,vitg_384,20,,Layer 0.5,pooled,0.002482076244951997,5.409880269609888e-05,64,1024,100,false,5,,,,,,,cpu,artifacts/probes/intphys2,seed_runs_layerwise_v1/intphys2__jepa_v2__linear__layer_20/seed_101,artifacts/results/intphys2,seed_runs_layerwise_v1/intphys2__jepa_v2__linear__layer_20/seed_101,seed_runs_layerwise_v1_intphys2__jepa_v2__linear__layer_20,intphys2__jepa_v2__linear__layer_20__seed_101,pending,,"[""seed=101"",""split.seed=42"",""backbone.name=jepa_v2"",""+backbone.kwargs.variant=vitg_384"",""probe.name=linear"",""probe.layer=20"",""probe.layers=[]"",""probe.feature_view=pooled"",""probe.device=cpu"",""probe.lr=0.002482076244951997"",""probe.weight_decay=5.409880269609888e-05"",""probe.batch_size=64"",""probe.eval_batch_size=1024"",""probe.epochs=100"",""probe.early_stopping.enabled=false"",""probe.early_stopping.patience=5"",""probe.optuna.enabled=false"",""probe.output_dir=artifacts/probes/intphys2"",""probe.output_subdir=seed_runs_layerwise_v1/intphys2__jepa_v2__linear__layer_20/seed_101"",""probe.eval_output_dir=artifacts/results/intphys2"",""probe.eval_output_subdir=seed_runs_layerwise_v1/intphys2__jepa_v2__linear__layer_20/seed_101"",""probe.wandb.group=seed_runs_layerwise_v1_intphys2__jepa_v2__linear__layer_20"",""probe.wandb.name=intphys2__jepa_v2__linear__layer_20__seed_101""]",results/verified_layerwise_probe_configs.csv,38,40,d34a99d33c33c19f,VERIFIED_FULL,"{""batch_size"":64,""early_stopping"":{""enabled"":true,""patience"":5},""epochs"":100,""feature_view"":""pooled"",""layer"":20,""lr"":0.002482076244951997,""slot"":null,""weight_decay"":5.409880269609888e-05}",output/training/intphys2/linear/intphys2_jepa_v2_linear_layers_22349976.out
intphys2__jepa_v2__linear__layer_20__seed_102,intphys2__jepa_v2__linear__layer_20,train_eval.probe.intphys2,IntPhys2,intphys2,main,V-JEPA 2,ViT-G/16,Linear,linear,102,42,jepa_v2,vitg_384,20,,Layer 0.5,pooled,0.002482076244951997,5.409880269609888e-05,64,1024,100,false,5,,,,,,,cpu,artifacts/probes/intphys2,seed_runs_layerwise_v1/intphys2__jepa_v2__linear__layer_20/seed_102,artifacts/results/intphys2,seed_runs_layerwise_v1/intphys2__jepa_v2__linear__layer_20/seed_102,seed_runs_layerwise_v1_intphys2__jepa_v2__linear__layer_20,intphys2__jepa_v2__linear__layer_20__seed_102,pending,,"[""seed=102"",""split.seed=42"",""backbone.name=jepa_v2"",""+backbone.kwargs.variant=vitg_384"",""probe.name=linear"",""probe.layer=20"",""probe.layers=[]"",""probe.feature_view=pooled"",""probe.device=cpu"",""probe.lr=0.002482076244951997"",""probe.weight_decay=5.409880269609888e-05"",""probe.batch_size=64"",""probe.eval_batch_size=1024"",""probe.epochs=100"",""probe.early_stopping.enabled=false"",""probe.early_stopping.patience=5"",""probe.optuna.enabled=false"",""probe.output_dir=artifacts/probes/intphys2"",""probe.output_subdir=seed_runs_layerwise_v1/intphys2__jepa_v2__linear__layer_20/seed_102"",""probe.eval_output_dir=artifacts/results/intphys2"",""probe.eval_output_subdir=seed_runs_layerwise_v1/intphys2__jepa_v2__linear__layer_20/seed_102"",""probe.wandb.group=seed_runs_layerwise_v1_intphys2__jepa_v2__linear__layer_20"",""probe.wandb.name=intphys2__jepa_v2__linear__layer_20__seed_102""]",results/verified_layerwise_probe_configs.csv,38,40,d34a99d33c33c19f,VERIFIED_FULL,"{""batch_size"":64,""early_stopping"":{""enabled"":true,""patience"":5},""epochs"":100,""feature_view"":""pooled"",""layer"":20,""lr"":0.002482076244951997,""slot"":null,""weight_decay"":5.409880269609888e-05}",output/training/intphys2/linear/intphys2_jepa_v2_linear_layers_22349976.out
intphys2__jepa_v2__linear__layer_30__seed_101,intphys2__jepa_v2__linear__layer_30,train_eval.probe.intphys2,IntPhys2,intphys2,main,V-JEPA 2,ViT-G/16,Linear,linear,101,42,jepa_v2,vitg_384,30,,Layer 0.75,pooled,0.00043664735929796326,1.2856617791467908e-07,32,1024,100,false,5,,,,,,,cpu,artifacts/probes/intphys2,seed_runs_layerwise_v1/intphys2__jepa_v2__linear__layer_30/seed_101,artifacts/results/intphys2,seed_runs_layerwise_v1/intphys2__jepa_v2__linear__layer_30/seed_101,seed_runs_layerwise_v1_intphys2__jepa_v2__linear__layer_30,intphys2__jepa_v2__linear__layer_30__seed_101,pending,,"[""seed=101"",""split.seed=42"",""backbone.name=jepa_v2"",""+backbone.kwargs.variant=vitg_384"",""probe.name=linear"",""probe.layer=30"",""probe.layers=[]"",""probe.feature_view=pooled"",""probe.device=cpu"",""probe.lr=0.00043664735929796326"",""probe.weight_decay=1.2856617791467908e-07"",""probe.batch_size=32"",""probe.eval_batch_size=1024"",""probe.epochs=100"",""probe.early_stopping.enabled=false"",""probe.early_stopping.patience=5"",""probe.optuna.enabled=false"",""probe.output_dir=artifacts/probes/intphys2"",""probe.output_subdir=seed_runs_layerwise_v1/intphys2__jepa_v2__linear__layer_30/seed_101"",""probe.eval_output_dir=artifacts/results/intphys2"",""probe.eval_output_subdir=seed_runs_layerwise_v1/intphys2__jepa_v2__linear__layer_30/seed_101"",""probe.wandb.group=seed_runs_layerwise_v1_intphys2__jepa_v2__linear__layer_30"",""probe.wandb.name=intphys2__jepa_v2__linear__layer_30__seed_101""]",results/verified_layerwise_probe_configs.csv,39,41,e21558238d37e0a8,VERIFIED_FULL,"{""batch_size"":32,""early_stopping"":{""enabled"":true,""patience"":5},""epochs"":100,""feature_view"":""pooled"",""layer"":30,""lr"":0.00043664735929796326,""slot"":null,""weight_decay"":1.2856617791467908e-07}",output/training/intphys2/linear/intphys2_jepa_v2_linear_layers_22349976.out
intphys2__jepa_v2__linear__layer_30__seed_102,intphys2__jepa_v2__linear__layer_30,train_eval.probe.intphys2,IntPhys2,intphys2,main,V-JEPA 2,ViT-G/16,Linear,linear,102,42,jepa_v2,vitg_384,30,,Layer 0.75,pooled,0.00043664735929796326,1.2856617791467908e-07,32,1024,100,false,5,,,,,,,cpu,artifacts/probes/intphys2,seed_runs_layerwise_v1/intphys2__jepa_v2__linear__layer_30/seed_102,artifacts/results/intphys2,seed_runs_layerwise_v1/intphys2__jepa_v2__linear__layer_30/seed_102,seed_runs_layerwise_v1_intphys2__jepa_v2__linear__layer_30,intphys2__jepa_v2__linear__layer_30__seed_102,pending,,"[""seed=102"",""split.seed=42"",""backbone.name=jepa_v2"",""+backbone.kwargs.variant=vitg_384"",""probe.name=linear"",""probe.layer=30"",""probe.layers=[]"",""probe.feature_view=pooled"",""probe.device=cpu"",""probe.lr=0.00043664735929796326"",""probe.weight_decay=1.2856617791467908e-07"",""probe.batch_size=32"",""probe.eval_batch_size=1024"",""probe.epochs=100"",""probe.early_stopping.enabled=false"",""probe.early_stopping.patience=5"",""probe.optuna.enabled=false"",""probe.output_dir=artifacts/probes/intphys2"",""probe.output_subdir=seed_runs_layerwise_v1/intphys2__jepa_v2__linear__layer_30/seed_102"",""probe.eval_output_dir=artifacts/results/intphys2"",""probe.eval_output_subdir=seed_runs_layerwise_v1/intphys2__jepa_v2__linear__layer_30/seed_102"",""probe.wandb.group=seed_runs_layerwise_v1_intphys2__jepa_v2__linear__layer_30"",""probe.wandb.name=intphys2__jepa_v2__linear__layer_30__seed_102""]",results/verified_layerwise_probe_configs.csv,39,41,e21558238d37e0a8,VERIFIED_FULL,"{""batch_size"":32,""early_stopping"":{""enabled"":true,""patience"":5},""epochs"":100,""feature_view"":""pooled"",""layer"":30,""lr"":0.00043664735929796326,""slot"":null,""weight_decay"":1.2856617791467908e-07}",output/training/intphys2/linear/intphys2_jepa_v2_linear_layers_22349976.out
intphys2__jepa_v2__mlp__layer_40__seed_101,intphys2__jepa_v2__mlp__layer_40,train_eval.probe.intphys2,IntPhys2,intphys2,main,V-JEPA 2,ViT-G/16,MLP,mlp,101,42,jepa_v2,vitg_384,40,,Final layer,pooled,0.0001329291894316216,0.005061576888752304,32,1024,2000,false,5,[256],0.21597250932105788,,,,,cpu,artifacts/probes/intphys2,seed_runs_layerwise_v1/intphys2__jepa_v2__mlp__layer_40/seed_101,artifacts/results/intphys2,seed_runs_layerwise_v1/intphys2__jepa_v2__mlp__layer_40/seed_101,seed_runs_layerwise_v1_intphys2__jepa_v2__mlp__layer_40,intphys2__jepa_v2__mlp__layer_40__seed_101,pending,,"[""seed=101"",""split.seed=42"",""backbone.name=jepa_v2"",""+backbone.kwargs.variant=vitg_384"",""probe.name=mlp"",""probe.layer=40"",""probe.layers=[]"",""probe.feature_view=pooled"",""probe.device=cpu"",""probe.lr=0.0001329291894316216"",""probe.weight_decay=0.005061576888752304"",""probe.batch_size=32"",""probe.eval_batch_size=1024"",""probe.epochs=2000"",""probe.early_stopping.enabled=false"",""probe.early_stopping.patience=5"",""probe.optuna.enabled=false"",""probe.output_dir=artifacts/probes/intphys2"",""probe.output_subdir=seed_runs_layerwise_v1/intphys2__jepa_v2__mlp__layer_40/seed_101"",""probe.eval_output_dir=artifacts/results/intphys2"",""probe.eval_output_subdir=seed_runs_layerwise_v1/intphys2__jepa_v2__mlp__layer_40/seed_101"",""probe.wandb.group=seed_runs_layerwise_v1_intphys2__jepa_v2__mlp__layer_40"",""probe.wandb.name=intphys2__jepa_v2__mlp__layer_40__seed_101"",""probe.mlp.hidden_dims=[256]"",""probe.mlp.dropout=0.21597250932105788""]",results/verified_layerwise_probe_configs.csv,40,42,6080e3890295a58a,VERIFIED_FULL,"{""batch_size"":32,""dropout"":0.21597250932105788,""early_stopping"":{""enabled"":true,""patience"":5},""epochs"":2000,""feature_view"":""pooled"",""hidden_dims"":[256],""layer"":40,""lr"":0.0001329291894316216,""slot"":null,""weight_decay"":0.005061576888752304}",jobs/train/intphys2/mlp/output/training/intphys2/mlp/intphys2_jepa_v2_mlp_layers_22594076.out
intphys2__jepa_v2__mlp__layer_40__seed_102,intphys2__jepa_v2__mlp__layer_40,train_eval.probe.intphys2,IntPhys2,intphys2,main,V-JEPA 2,ViT-G/16,MLP,mlp,102,42,jepa_v2,vitg_384,40,,Final layer,pooled,0.0001329291894316216,0.005061576888752304,32,1024,2000,false,5,[256],0.21597250932105788,,,,,cpu,artifacts/probes/intphys2,seed_runs_layerwise_v1/intphys2__jepa_v2__mlp__layer_40/seed_102,artifacts/results/intphys2,seed_runs_layerwise_v1/intphys2__jepa_v2__mlp__layer_40/seed_102,seed_runs_layerwise_v1_intphys2__jepa_v2__mlp__layer_40,intphys2__jepa_v2__mlp__layer_40__seed_102,pending,,"[""seed=102"",""split.seed=42"",""backbone.name=jepa_v2"",""+backbone.kwargs.variant=vitg_384"",""probe.name=mlp"",""probe.layer=40"",""probe.layers=[]"",""probe.feature_view=pooled"",""probe.device=cpu"",""probe.lr=0.0001329291894316216"",""probe.weight_decay=0.005061576888752304"",""probe.batch_size=32"",""probe.eval_batch_size=1024"",""probe.epochs=2000"",""probe.early_stopping.enabled=false"",""probe.early_stopping.patience=5"",""probe.optuna.enabled=false"",""probe.output_dir=artifacts/probes/intphys2"",""probe.output_subdir=seed_runs_layerwise_v1/intphys2__jepa_v2__mlp__layer_40/seed_102"",""probe.eval_output_dir=artifacts/results/intphys2"",""probe.eval_output_subdir=seed_runs_layerwise_v1/intphys2__jepa_v2__mlp__layer_40/seed_102"",""probe.wandb.group=seed_runs_layerwise_v1_intphys2__jepa_v2__mlp__layer_40"",""probe.wandb.name=intphys2__jepa_v2__mlp__layer_40__seed_102"",""probe.mlp.hidden_dims=[256]"",""probe.mlp.dropout=0.21597250932105788""]",results/verified_layerwise_probe_configs.csv,40,42,6080e3890295a58a,VERIFIED_FULL,"{""batch_size"":32,""dropout"":0.21597250932105788,""early_stopping"":{""enabled"":true,""patience"":5},""epochs"":2000,""feature_view"":""pooled"",""hidden_dims"":[256],""layer"":40,""lr"":0.0001329291894316216,""slot"":null,""weight_decay"":0.005061576888752304}",jobs/train/intphys2/mlp/output/training/intphys2/mlp/intphys2_jepa_v2_mlp_layers_22594076.out
intphys2__jepa_v2__mlp__layer_10__seed_101,intphys2__jepa_v2__mlp__layer_10,train_eval.probe.intphys2,IntPhys2,intphys2,main,V-JEPA 2,ViT-G/16,MLP,mlp,101,42,jepa_v2,vitg_384,10,,Layer 0.25,pooled,0.0001329291894316216,0.005061576888752304,32,1024,2000,false,5,[256],0.21597250932105788,,,,,cpu,artifacts/probes/intphys2,seed_runs_layerwise_v1/intphys2__jepa_v2__mlp__layer_10/seed_101,artifacts/results/intphys2,seed_runs_layerwise_v1/intphys2__jepa_v2__mlp__layer_10/seed_101,seed_runs_layerwise_v1_intphys2__jepa_v2__mlp__layer_10,intphys2__jepa_v2__mlp__layer_10__seed_101,pending,,"[""seed=101"",""split.seed=42"",""backbone.name=jepa_v2"",""+backbone.kwargs.variant=vitg_384"",""probe.name=mlp"",""probe.layer=10"",""probe.layers=[]"",""probe.feature_view=pooled"",""probe.device=cpu"",""probe.lr=0.0001329291894316216"",""probe.weight_decay=0.005061576888752304"",""probe.batch_size=32"",""probe.eval_batch_size=1024"",""probe.epochs=2000"",""probe.early_stopping.enabled=false"",""probe.early_stopping.patience=5"",""probe.optuna.enabled=false"",""probe.output_dir=artifacts/probes/intphys2"",""probe.output_subdir=seed_runs_layerwise_v1/intphys2__jepa_v2__mlp__layer_10/seed_101"",""probe.eval_output_dir=artifacts/results/intphys2"",""probe.eval_output_subdir=seed_runs_layerwise_v1/intphys2__jepa_v2__mlp__layer_10/seed_101"",""probe.wandb.group=seed_runs_layerwise_v1_intphys2__jepa_v2__mlp__layer_10"",""probe.wandb.name=intphys2__jepa_v2__mlp__layer_10__seed_101"",""probe.mlp.hidden_dims=[256]"",""probe.mlp.dropout=0.21597250932105788""]",results/verified_layerwise_probe_configs.csv,41,43,1ba9db3e314d4177,VERIFIED_FULL,"{""batch_size"":32,""dropout"":0.21597250932105788,""early_stopping"":{""enabled"":true,""patience"":5},""epochs"":2000,""feature_view"":""pooled"",""hidden_dims"":[256],""layer"":10,""lr"":0.0001329291894316216,""slot"":null,""weight_decay"":0.005061576888752304}",jobs/train/intphys2/mlp/output/training/intphys2/mlp/intphys2_jepa_v2_mlp_layers_22594076.out
intphys2__jepa_v2__mlp__layer_10__seed_102,intphys2__jepa_v2__mlp__layer_10,train_eval.probe.intphys2,IntPhys2,intphys2,main,V-JEPA 2,ViT-G/16,MLP,mlp,102,42,jepa_v2,vitg_384,10,,Layer 0.25,pooled,0.0001329291894316216,0.005061576888752304,32,1024,2000,false,5,[256],0.21597250932105788,,,,,cpu,artifacts/probes/intphys2,seed_runs_layerwise_v1/intphys2__jepa_v2__mlp__layer_10/seed_102,artifacts/results/intphys2,seed_runs_layerwise_v1/intphys2__jepa_v2__mlp__layer_10/seed_102,seed_runs_layerwise_v1_intphys2__jepa_v2__mlp__layer_10,intphys2__jepa_v2__mlp__layer_10__seed_102,pending,,"[""seed=102"",""split.seed=42"",""backbone.name=jepa_v2"",""+backbone.kwargs.variant=vitg_384"",""probe.name=mlp"",""probe.layer=10"",""probe.layers=[]"",""probe.feature_view=pooled"",""probe.device=cpu"",""probe.lr=0.0001329291894316216"",""probe.weight_decay=0.005061576888752304"",""probe.batch_size=32"",""probe.eval_batch_size=1024"",""probe.epochs=2000"",""probe.early_stopping.enabled=false"",""probe.early_stopping.patience=5"",""probe.optuna.enabled=false"",""probe.output_dir=artifacts/probes/intphys2"",""probe.output_subdir=seed_runs_layerwise_v1/intphys2__jepa_v2__mlp__layer_10/seed_102"",""probe.eval_output_dir=artifacts/results/intphys2"",""probe.eval_output_subdir=seed_runs_layerwise_v1/intphys2__jepa_v2__mlp__layer_10/seed_102"",""probe.wandb.group=seed_runs_layerwise_v1_intphys2__jepa_v2__mlp__layer_10"",""probe.wandb.name=intphys2__jepa_v2__mlp__layer_10__seed_102"",""probe.mlp.hidden_dims=[256]"",""probe.mlp.dropout=0.21597250932105788""]",results/verified_layerwise_probe_configs.csv,41,43,1ba9db3e314d4177,VERIFIED_FULL,"{""batch_size"":32,""dropout"":0.21597250932105788,""early_stopping"":{""enabled"":true,""patience"":5},""epochs"":2000,""feature_view"":""pooled"",""hidden_dims"":[256],""layer"":10,""lr"":0.0001329291894316216,""slot"":null,""weight_decay"":0.005061576888752304}",jobs/train/intphys2/mlp/output/training/intphys2/mlp/intphys2_jepa_v2_mlp_layers_22594076.out
intphys2__jepa_v2__mlp__layer_20__seed_101,intphys2__jepa_v2__mlp__layer_20,train_eval.probe.intphys2,IntPhys2,intphys2,main,V-JEPA 2,ViT-G/16,MLP,mlp,101,42,jepa_v2,vitg_384,20,,Layer 0.5,pooled,0.0001329291894316216,0.005061576888752304,32,1024,2000,false,5,[256],0.21597250932105788,,,,,cpu,artifacts/probes/intphys2,seed_runs_layerwise_v1/intphys2__jepa_v2__mlp__layer_20/seed_101,artifacts/results/intphys2,seed_runs_layerwise_v1/intphys2__jepa_v2__mlp__layer_20/seed_101,seed_runs_layerwise_v1_intphys2__jepa_v2__mlp__layer_20,intphys2__jepa_v2__mlp__layer_20__seed_101,pending,,"[""seed=101"",""split.seed=42"",""backbone.name=jepa_v2"",""+backbone.kwargs.variant=vitg_384"",""probe.name=mlp"",""probe.layer=20"",""probe.layers=[]"",""probe.feature_view=pooled"",""probe.device=cpu"",""probe.lr=0.0001329291894316216"",""probe.weight_decay=0.005061576888752304"",""probe.batch_size=32"",""probe.eval_batch_size=1024"",""probe.epochs=2000"",""probe.early_stopping.enabled=false"",""probe.early_stopping.patience=5"",""probe.optuna.enabled=false"",""probe.output_dir=artifacts/probes/intphys2"",""probe.output_subdir=seed_runs_layerwise_v1/intphys2__jepa_v2__mlp__layer_20/seed_101"",""probe.eval_output_dir=artifacts/results/intphys2"",""probe.eval_output_subdir=seed_runs_layerwise_v1/intphys2__jepa_v2__mlp__layer_20/seed_101"",""probe.wandb.group=seed_runs_layerwise_v1_intphys2__jepa_v2__mlp__layer_20"",""probe.wandb.name=intphys2__jepa_v2__mlp__layer_20__seed_101"",""probe.mlp.hidden_dims=[256]"",""probe.mlp.dropout=0.21597250932105788""]",results/verified_layerwise_probe_configs.csv,42,44,f69e521134adec1d,VERIFIED_FULL,"{""batch_size"":32,""dropout"":0.21597250932105788,""early_stopping"":{""enabled"":true,""patience"":5},""epochs"":2000,""feature_view"":""pooled"",""hidden_dims"":[256],""layer"":20,""lr"":0.0001329291894316216,""slot"":null,""weight_decay"":0.005061576888752304}",jobs/train/intphys2/mlp/output/training/intphys2/mlp/intphys2_jepa_v2_mlp_layers_22594076.out
intphys2__jepa_v2__mlp__layer_20__seed_102,intphys2__jepa_v2__mlp__layer_20,train_eval.probe.intphys2,IntPhys2,intphys2,main,V-JEPA 2,ViT-G/16,MLP,mlp,102,42,jepa_v2,vitg_384,20,,Layer 0.5,pooled,0.0001329291894316216,0.005061576888752304,32,1024,2000,false,5,[256],0.21597250932105788,,,,,cpu,artifacts/probes/intphys2,seed_runs_layerwise_v1/intphys2__jepa_v2__mlp__layer_20/seed_102,artifacts/results/intphys2,seed_runs_layerwise_v1/intphys2__jepa_v2__mlp__layer_20/seed_102,seed_runs_layerwise_v1_intphys2__jepa_v2__mlp__layer_20,intphys2__jepa_v2__mlp__layer_20__seed_102,pending,,"[""seed=102"",""split.seed=42"",""backbone.name=jepa_v2"",""+backbone.kwargs.variant=vitg_384"",""probe.name=mlp"",""probe.layer=20"",""probe.layers=[]"",""probe.feature_view=pooled"",""probe.device=cpu"",""probe.lr=0.0001329291894316216"",""probe.weight_decay=0.005061576888752304"",""probe.batch_size=32"",""probe.eval_batch_size=1024"",""probe.epochs=2000"",""probe.early_stopping.enabled=false"",""probe.early_stopping.patience=5"",""probe.optuna.enabled=false"",""probe.output_dir=artifacts/probes/intphys2"",""probe.output_subdir=seed_runs_layerwise_v1/intphys2__jepa_v2__mlp__layer_20/seed_102"",""probe.eval_output_dir=artifacts/results/intphys2"",""probe.eval_output_subdir=seed_runs_layerwise_v1/intphys2__jepa_v2__mlp__layer_20/seed_102"",""probe.wandb.group=seed_runs_layerwise_v1_intphys2__jepa_v2__mlp__layer_20"",""probe.wandb.name=intphys2__jepa_v2__mlp__layer_20__seed_102"",""probe.mlp.hidden_dims=[256]"",""probe.mlp.dropout=0.21597250932105788""]",results/verified_layerwise_probe_configs.csv,42,44,f69e521134adec1d,VERIFIED_FULL,"{""batch_size"":32,""dropout"":0.21597250932105788,""early_stopping"":{""enabled"":true,""patience"":5},""epochs"":2000,""feature_view"":""pooled"",""hidden_dims"":[256],""layer"":20,""lr"":0.0001329291894316216,""slot"":null,""weight_decay"":0.005061576888752304}",jobs/train/intphys2/mlp/output/training/intphys2/mlp/intphys2_jepa_v2_mlp_layers_22594076.out
intphys2__jepa_v2__mlp__layer_30__seed_101,intphys2__jepa_v2__mlp__layer_30,train_eval.probe.intphys2,IntPhys2,intphys2,main,V-JEPA 2,ViT-G/16,MLP,mlp,101,42,jepa_v2,vitg_384,30,,Layer 0.75,pooled,0.0001329291894316216,0.005061576888752304,32,1024,2000,false,5,[256],0.21597250932105788,,,,,cpu,artifacts/probes/intphys2,seed_runs_layerwise_v1/intphys2__jepa_v2__mlp__layer_30/seed_101,artifacts/results/intphys2,seed_runs_layerwise_v1/intphys2__jepa_v2__mlp__layer_30/seed_101,seed_runs_layerwise_v1_intphys2__jepa_v2__mlp__layer_30,intphys2__jepa_v2__mlp__layer_30__seed_101,pending,,"[""seed=101"",""split.seed=42"",""backbone.name=jepa_v2"",""+backbone.kwargs.variant=vitg_384"",""probe.name=mlp"",""probe.layer=30"",""probe.layers=[]"",""probe.feature_view=pooled"",""probe.device=cpu"",""probe.lr=0.0001329291894316216"",""probe.weight_decay=0.005061576888752304"",""probe.batch_size=32"",""probe.eval_batch_size=1024"",""probe.epochs=2000"",""probe.early_stopping.enabled=false"",""probe.early_stopping.patience=5"",""probe.optuna.enabled=false"",""probe.output_dir=artifacts/probes/intphys2"",""probe.output_subdir=seed_runs_layerwise_v1/intphys2__jepa_v2__mlp__layer_30/seed_101"",""probe.eval_output_dir=artifacts/results/intphys2"",""probe.eval_output_subdir=seed_runs_layerwise_v1/intphys2__jepa_v2__mlp__layer_30/seed_101"",""probe.wandb.group=seed_runs_layerwise_v1_intphys2__jepa_v2__mlp__layer_30"",""probe.wandb.name=intphys2__jepa_v2__mlp__layer_30__seed_101"",""probe.mlp.hidden_dims=[256]"",""probe.mlp.dropout=0.21597250932105788""]",results/verified_layerwise_probe_configs.csv,43,45,1ff6d622a65ff57d,VERIFIED_FULL,"{""batch_size"":32,""dropout"":0.21597250932105788,""early_stopping"":{""enabled"":true,""patience"":5},""epochs"":2000,""feature_view"":""pooled"",""hidden_dims"":[256],""layer"":30,""lr"":0.0001329291894316216,""slot"":null,""weight_decay"":0.005061576888752304}",jobs/train/intphys2/mlp/output/training/intphys2/mlp/intphys2_jepa_v2_mlp_layers_22594076.out
intphys2__jepa_v2__mlp__layer_30__seed_102,intphys2__jepa_v2__mlp__layer_30,train_eval.probe.intphys2,IntPhys2,intphys2,main,V-JEPA 2,ViT-G/16,MLP,mlp,102,42,jepa_v2,vitg_384,30,,Layer 0.75,pooled,0.0001329291894316216,0.005061576888752304,32,1024,2000,false,5,[256],0.21597250932105788,,,,,cpu,artifacts/probes/intphys2,seed_runs_layerwise_v1/intphys2__jepa_v2__mlp__layer_30/seed_102,artifacts/results/intphys2,seed_runs_layerwise_v1/intphys2__jepa_v2__mlp__layer_30/seed_102,seed_runs_layerwise_v1_intphys2__jepa_v2__mlp__layer_30,intphys2__jepa_v2__mlp__layer_30__seed_102,pending,,"[""seed=102"",""split.seed=42"",""backbone.name=jepa_v2"",""+backbone.kwargs.variant=vitg_384"",""probe.name=mlp"",""probe.layer=30"",""probe.layers=[]"",""probe.feature_view=pooled"",""probe.device=cpu"",""probe.lr=0.0001329291894316216"",""probe.weight_decay=0.005061576888752304"",""probe.batch_size=32"",""probe.eval_batch_size=1024"",""probe.epochs=2000"",""probe.early_stopping.enabled=false"",""probe.early_stopping.patience=5"",""probe.optuna.enabled=false"",""probe.output_dir=artifacts/probes/intphys2"",""probe.output_subdir=seed_runs_layerwise_v1/intphys2__jepa_v2__mlp__layer_30/seed_102"",""probe.eval_output_dir=artifacts/results/intphys2"",""probe.eval_output_subdir=seed_runs_layerwise_v1/intphys2__jepa_v2__mlp__layer_30/seed_102"",""probe.wandb.group=seed_runs_layerwise_v1_intphys2__jepa_v2__mlp__layer_30"",""probe.wandb.name=intphys2__jepa_v2__mlp__layer_30__seed_102"",""probe.mlp.hidden_dims=[256]"",""probe.mlp.dropout=0.21597250932105788""]",results/verified_layerwise_probe_configs.csv,43,45,1ff6d622a65ff57d,VERIFIED_FULL,"{""batch_size"":32,""dropout"":0.21597250932105788,""early_stopping"":{""enabled"":true,""patience"":5},""epochs"":2000,""feature_view"":""pooled"",""hidden_dims"":[256],""layer"":30,""lr"":0.0001329291894316216,""slot"":null,""weight_decay"":0.005061576888752304}",jobs/train/intphys2/mlp/output/training/intphys2/mlp/intphys2_jepa_v2_mlp_layers_22594076.out
intphys2__jepa_v2_1__linear__layer_48__seed_101,intphys2__jepa_v2_1__linear__layer_48,train_eval.probe.intphys2,IntPhys2,intphys2,main,V-JEPA 2.1,ViT-Gigantic/16,Linear,linear,101,42,jepa_v2_1,vitG_384,48,,Final layer,pooled,0.007886205453184318,3.9188840466962226e-05,64,1024,100,false,5,,,,,,,cpu,artifacts/probes/intphys2,seed_runs_layerwise_v1/intphys2__jepa_v2_1__linear__layer_48/seed_101,artifacts/results/intphys2,seed_runs_layerwise_v1/intphys2__jepa_v2_1__linear__layer_48/seed_101,seed_runs_layerwise_v1_intphys2__jepa_v2_1__linear__layer_48,intphys2__jepa_v2_1__linear__layer_48__seed_101,pending,,"[""seed=101"",""split.seed=42"",""backbone.name=jepa_v2_1"",""+backbone.kwargs.variant=vitG_384"",""probe.name=linear"",""probe.layer=48"",""probe.layers=[]"",""probe.feature_view=pooled"",""probe.device=cpu"",""probe.lr=0.007886205453184318"",""probe.weight_decay=3.9188840466962226e-05"",""probe.batch_size=64"",""probe.eval_batch_size=1024"",""probe.epochs=100"",""probe.early_stopping.enabled=false"",""probe.early_stopping.patience=5"",""probe.optuna.enabled=false"",""probe.output_dir=artifacts/probes/intphys2"",""probe.output_subdir=seed_runs_layerwise_v1/intphys2__jepa_v2_1__linear__layer_48/seed_101"",""probe.eval_output_dir=artifacts/results/intphys2"",""probe.eval_output_subdir=seed_runs_layerwise_v1/intphys2__jepa_v2_1__linear__layer_48/seed_101"",""probe.wandb.group=seed_runs_layerwise_v1_intphys2__jepa_v2_1__linear__layer_48"",""probe.wandb.name=intphys2__jepa_v2_1__linear__layer_48__seed_101""]",results/verified_layerwise_probe_configs.csv,84,86,dc315f3e4bc4b71c,VERIFIED_FULL,"{""batch_size"":64,""early_stopping"":{""enabled"":true,""patience"":5},""epochs"":100,""feature_view"":""pooled"",""layer"":48,""lr"":0.007886205453184318,""slot"":null,""weight_decay"":3.9188840466962226e-05}",output/training/intphys2/linear/intphys2_jepa_v2_1_linear_layers_22349978.out
intphys2__jepa_v2_1__linear__layer_48__seed_102,intphys2__jepa_v2_1__linear__layer_48,train_eval.probe.intphys2,IntPhys2,intphys2,main,V-JEPA 2.1,ViT-Gigantic/16,Linear,linear,102,42,jepa_v2_1,vitG_384,48,,Final layer,pooled,0.007886205453184318,3.9188840466962226e-05,64,1024,100,false,5,,,,,,,cpu,artifacts/probes/intphys2,seed_runs_layerwise_v1/intphys2__jepa_v2_1__linear__layer_48/seed_102,artifacts/results/intphys2,seed_runs_layerwise_v1/intphys2__jepa_v2_1__linear__layer_48/seed_102,seed_runs_layerwise_v1_intphys2__jepa_v2_1__linear__layer_48,intphys2__jepa_v2_1__linear__layer_48__seed_102,pending,,"[""seed=102"",""split.seed=42"",""backbone.name=jepa_v2_1"",""+backbone.kwargs.variant=vitG_384"",""probe.name=linear"",""probe.layer=48"",""probe.layers=[]"",""probe.feature_view=pooled"",""probe.device=cpu"",""probe.lr=0.007886205453184318"",""probe.weight_decay=3.9188840466962226e-05"",""probe.batch_size=64"",""probe.eval_batch_size=1024"",""probe.epochs=100"",""probe.early_stopping.enabled=false"",""probe.early_stopping.patience=5"",""probe.optuna.enabled=false"",""probe.output_dir=artifacts/probes/intphys2"",""probe.output_subdir=seed_runs_layerwise_v1/intphys2__jepa_v2_1__linear__layer_48/seed_102"",""probe.eval_output_dir=artifacts/results/intphys2"",""probe.eval_output_subdir=seed_runs_layerwise_v1/intphys2__jepa_v2_1__linear__layer_48/seed_102"",""probe.wandb.group=seed_runs_layerwise_v1_intphys2__jepa_v2_1__linear__layer_48"",""probe.wandb.name=intphys2__jepa_v2_1__linear__layer_48__seed_102""]",results/verified_layerwise_probe_configs.csv,84,86,dc315f3e4bc4b71c,VERIFIED_FULL,"{""batch_size"":64,""early_stopping"":{""enabled"":true,""patience"":5},""epochs"":100,""feature_view"":""pooled"",""layer"":48,""lr"":0.007886205453184318,""slot"":null,""weight_decay"":3.9188840466962226e-05}",output/training/intphys2/linear/intphys2_jepa_v2_1_linear_layers_22349978.out
intphys2__jepa_v2_1__linear__layer_12__seed_101,intphys2__jepa_v2_1__linear__layer_12,train_eval.probe.intphys2,IntPhys2,intphys2,main,V-JEPA 2.1,ViT-Gigantic/16,Linear,linear,101,42,jepa_v2_1,vitG_384,12,,Layer 0.25,pooled,0.00314288089084011,1.879466824163843e-07,256,1024,100,false,5,,,,,,,cpu,artifacts/probes/intphys2,seed_runs_layerwise_v1/intphys2__jepa_v2_1__linear__layer_12/seed_101,artifacts/results/intphys2,seed_runs_layerwise_v1/intphys2__jepa_v2_1__linear__layer_12/seed_101,seed_runs_layerwise_v1_intphys2__jepa_v2_1__linear__layer_12,intphys2__jepa_v2_1__linear__layer_12__seed_101,pending,,"[""seed=101"",""split.seed=42"",""backbone.name=jepa_v2_1"",""+backbone.kwargs.variant=vitG_384"",""probe.name=linear"",""probe.layer=12"",""probe.layers=[]"",""probe.feature_view=pooled"",""probe.device=cpu"",""probe.lr=0.00314288089084011"",""probe.weight_decay=1.879466824163843e-07"",""probe.batch_size=256"",""probe.eval_batch_size=1024"",""probe.epochs=100"",""probe.early_stopping.enabled=false"",""probe.early_stopping.patience=5"",""probe.optuna.enabled=false"",""probe.output_dir=artifacts/probes/intphys2"",""probe.output_subdir=seed_runs_layerwise_v1/intphys2__jepa_v2_1__linear__layer_12/seed_101"",""probe.eval_output_dir=artifacts/results/intphys2"",""probe.eval_output_subdir=seed_runs_layerwise_v1/intphys2__jepa_v2_1__linear__layer_12/seed_101"",""probe.wandb.group=seed_runs_layerwise_v1_intphys2__jepa_v2_1__linear__layer_12"",""probe.wandb.name=intphys2__jepa_v2_1__linear__layer_12__seed_101""]",results/verified_layerwise_probe_configs.csv,85,87,be4d2762a71a6f72,VERIFIED_FULL,"{""batch_size"":256,""early_stopping"":{""enabled"":true,""patience"":5},""epochs"":100,""feature_view"":""pooled"",""layer"":12,""lr"":0.00314288089084011,""slot"":null,""weight_decay"":1.879466824163843e-07}",output/training/intphys2/linear/intphys2_jepa_v2_1_linear_layers_22349978.out
intphys2__jepa_v2_1__linear__layer_12__seed_102,intphys2__jepa_v2_1__linear__layer_12,train_eval.probe.intphys2,IntPhys2,intphys2,main,V-JEPA 2.1,ViT-Gigantic/16,Linear,linear,102,42,jepa_v2_1,vitG_384,12,,Layer 0.25,pooled,0.00314288089084011,1.879466824163843e-07,256,1024,100,false,5,,,,,,,cpu,artifacts/probes/intphys2,seed_runs_layerwise_v1/intphys2__jepa_v2_1__linear__layer_12/seed_102,artifacts/results/intphys2,seed_runs_layerwise_v1/intphys2__jepa_v2_1__linear__layer_12/seed_102,seed_runs_layerwise_v1_intphys2__jepa_v2_1__linear__layer_12,intphys2__jepa_v2_1__linear__layer_12__seed_102,pending,,"[""seed=102"",""split.seed=42"",""backbone.name=jepa_v2_1"",""+backbone.kwargs.variant=vitG_384"",""probe.name=linear"",""probe.layer=12"",""probe.layers=[]"",""probe.feature_view=pooled"",""probe.device=cpu"",""probe.lr=0.00314288089084011"",""probe.weight_decay=1.879466824163843e-07"",""probe.batch_size=256"",""probe.eval_batch_size=1024"",""probe.epochs=100"",""probe.early_stopping.enabled=false"",""probe.early_stopping.patience=5"",""probe.optuna.enabled=false"",""probe.output_dir=artifacts/probes/intphys2"",""probe.output_subdir=seed_runs_layerwise_v1/intphys2__jepa_v2_1__linear__layer_12/seed_102"",""probe.eval_output_dir=artifacts/results/intphys2"",""probe.eval_output_subdir=seed_runs_layerwise_v1/intphys2__jepa_v2_1__linear__layer_12/seed_102"",""probe.wandb.group=seed_runs_layerwise_v1_intphys2__jepa_v2_1__linear__layer_12"",""probe.wandb.name=intphys2__jepa_v2_1__linear__layer_12__seed_102""]",results/verified_layerwise_probe_configs.csv,85,87,be4d2762a71a6f72,VERIFIED_FULL,"{""batch_size"":256,""early_stopping"":{""enabled"":true,""patience"":5},""epochs"":100,""feature_view"":""pooled"",""layer"":12,""lr"":0.00314288089084011,""slot"":null,""weight_decay"":1.879466824163843e-07}",output/training/intphys2/linear/intphys2_jepa_v2_1_linear_layers_22349978.out
intphys2__jepa_v2_1__linear__layer_24__seed_101,intphys2__jepa_v2_1__linear__layer_24,train_eval.probe.intphys2,IntPhys2,intphys2,main,V-JEPA 2.1,ViT-Gigantic/16,Linear,linear,101,42,jepa_v2_1,vitG_384,24,,Layer 0.5,pooled,0.00019762189340280086,5.589524205217922e-07,32,1024,100,false,5,,,,,,,cpu,artifacts/probes/intphys2,seed_runs_layerwise_v1/intphys2__jepa_v2_1__linear__layer_24/seed_101,artifacts/results/intphys2,seed_runs_layerwise_v1/intphys2__jepa_v2_1__linear__layer_24/seed_101,seed_runs_layerwise_v1_intphys2__jepa_v2_1__linear__layer_24,intphys2__jepa_v2_1__linear__layer_24__seed_101,pending,,"[""seed=101"",""split.seed=42"",""backbone.name=jepa_v2_1"",""+backbone.kwargs.variant=vitG_384"",""probe.name=linear"",""probe.layer=24"",""probe.layers=[]"",""probe.feature_view=pooled"",""probe.device=cpu"",""probe.lr=0.00019762189340280086"",""probe.weight_decay=5.589524205217922e-07"",""probe.batch_size=32"",""probe.eval_batch_size=1024"",""probe.epochs=100"",""probe.early_stopping.enabled=false"",""probe.early_stopping.patience=5"",""probe.optuna.enabled=false"",""probe.output_dir=artifacts/probes/intphys2"",""probe.output_subdir=seed_runs_layerwise_v1/intphys2__jepa_v2_1__linear__layer_24/seed_101"",""probe.eval_output_dir=artifacts/results/intphys2"",""probe.eval_output_subdir=seed_runs_layerwise_v1/intphys2__jepa_v2_1__linear__layer_24/seed_101"",""probe.wandb.group=seed_runs_layerwise_v1_intphys2__jepa_v2_1__linear__layer_24"",""probe.wandb.name=intphys2__jepa_v2_1__linear__layer_24__seed_101""]",results/verified_layerwise_probe_configs.csv,86,88,c0d8e2e0b0a659b0,VERIFIED_FULL,"{""batch_size"":32,""early_stopping"":{""enabled"":true,""patience"":5},""epochs"":100,""feature_view"":""pooled"",""layer"":24,""lr"":0.00019762189340280086,""slot"":null,""weight_decay"":5.589524205217922e-07}",output/training/intphys2/linear/intphys2_jepa_v2_1_linear_layers_22349978.out
intphys2__jepa_v2_1__linear__layer_24__seed_102,intphys2__jepa_v2_1__linear__layer_24,train_eval.probe.intphys2,IntPhys2,intphys2,main,V-JEPA 2.1,ViT-Gigantic/16,Linear,linear,102,42,jepa_v2_1,vitG_384,24,,Layer 0.5,pooled,0.00019762189340280086,5.589524205217922e-07,32,1024,100,false,5,,,,,,,cpu,artifacts/probes/intphys2,seed_runs_layerwise_v1/intphys2__jepa_v2_1__linear__layer_24/seed_102,artifacts/results/intphys2,seed_runs_layerwise_v1/intphys2__jepa_v2_1__linear__layer_24/seed_102,seed_runs_layerwise_v1_intphys2__jepa_v2_1__linear__layer_24,intphys2__jepa_v2_1__linear__layer_24__seed_102,pending,,"[""seed=102"",""split.seed=42"",""backbone.name=jepa_v2_1"",""+backbone.kwargs.variant=vitG_384"",""probe.name=linear"",""probe.layer=24"",""probe.layers=[]"",""probe.feature_view=pooled"",""probe.device=cpu"",""probe.lr=0.00019762189340280086"",""probe.weight_decay=5.589524205217922e-07"",""probe.batch_size=32"",""probe.eval_batch_size=1024"",""probe.epochs=100"",""probe.early_stopping.enabled=false"",""probe.early_stopping.patience=5"",""probe.optuna.enabled=false"",""probe.output_dir=artifacts/probes/intphys2"",""probe.output_subdir=seed_runs_layerwise_v1/intphys2__jepa_v2_1__linear__layer_24/seed_102"",""probe.eval_output_dir=artifacts/results/intphys2"",""probe.eval_output_subdir=seed_runs_layerwise_v1/intphys2__jepa_v2_1__linear__layer_24/seed_102"",""probe.wandb.group=seed_runs_layerwise_v1_intphys2__jepa_v2_1__linear__layer_24"",""probe.wandb.name=intphys2__jepa_v2_1__linear__layer_24__seed_102""]",results/verified_layerwise_probe_configs.csv,86,88,c0d8e2e0b0a659b0,VERIFIED_FULL,"{""batch_size"":32,""early_stopping"":{""enabled"":true,""patience"":5},""epochs"":100,""feature_view"":""pooled"",""layer"":24,""lr"":0.00019762189340280086,""slot"":null,""weight_decay"":5.589524205217922e-07}",output/training/intphys2/linear/intphys2_jepa_v2_1_linear_layers_22349978.out
intphys2__jepa_v2_1__linear__layer_38__seed_101,intphys2__jepa_v2_1__linear__layer_38,train_eval.probe.intphys2,IntPhys2,intphys2,main,V-JEPA 2.1,ViT-Gigantic/16,Linear,linear,101,42,jepa_v2_1,vitG_384,38,,Layer 0.75,pooled,0.008589902259876388,6.917735117804129e-06,256,1024,100,false,5,,,,,,,cpu,artifacts/probes/intphys2,seed_runs_layerwise_v1/intphys2__jepa_v2_1__linear__layer_38/seed_101,artifacts/results/intphys2,seed_runs_layerwise_v1/intphys2__jepa_v2_1__linear__layer_38/seed_101,seed_runs_layerwise_v1_intphys2__jepa_v2_1__linear__layer_38,intphys2__jepa_v2_1__linear__layer_38__seed_101,pending,,"[""seed=101"",""split.seed=42"",""backbone.name=jepa_v2_1"",""+backbone.kwargs.variant=vitG_384"",""probe.name=linear"",""probe.layer=38"",""probe.layers=[]"",""probe.feature_view=pooled"",""probe.device=cpu"",""probe.lr=0.008589902259876388"",""probe.weight_decay=6.917735117804129e-06"",""probe.batch_size=256"",""probe.eval_batch_size=1024"",""probe.epochs=100"",""probe.early_stopping.enabled=false"",""probe.early_stopping.patience=5"",""probe.optuna.enabled=false"",""probe.output_dir=artifacts/probes/intphys2"",""probe.output_subdir=seed_runs_layerwise_v1/intphys2__jepa_v2_1__linear__layer_38/seed_101"",""probe.eval_output_dir=artifacts/results/intphys2"",""probe.eval_output_subdir=seed_runs_layerwise_v1/intphys2__jepa_v2_1__linear__layer_38/seed_101"",""probe.wandb.group=seed_runs_layerwise_v1_intphys2__jepa_v2_1__linear__layer_38"",""probe.wandb.name=intphys2__jepa_v2_1__linear__layer_38__seed_101""]",results/verified_layerwise_probe_configs.csv,87,89,87e9a442be3d7bd1,VERIFIED_FULL,"{""batch_size"":256,""early_stopping"":{""enabled"":true,""patience"":5},""epochs"":100,""feature_view"":""pooled"",""layer"":38,""lr"":0.008589902259876388,""slot"":null,""weight_decay"":6.917735117804129e-06}",output/training/intphys2/linear/intphys2_jepa_v2_1_linear_layers_22349978.out
intphys2__jepa_v2_1__linear__layer_38__seed_102,intphys2__jepa_v2_1__linear__layer_38,train_eval.probe.intphys2,IntPhys2,intphys2,main,V-JEPA 2.1,ViT-Gigantic/16,Linear,linear,102,42,jepa_v2_1,vitG_384,38,,Layer 0.75,pooled,0.008589902259876388,6.917735117804129e-06,256,1024,100,false,5,,,,,,,cpu,artifacts/probes/intphys2,seed_runs_layerwise_v1/intphys2__jepa_v2_1__linear__layer_38/seed_102,artifacts/results/intphys2,seed_runs_layerwise_v1/intphys2__jepa_v2_1__linear__layer_38/seed_102,seed_runs_layerwise_v1_intphys2__jepa_v2_1__linear__layer_38,intphys2__jepa_v2_1__linear__layer_38__seed_102,pending,,"[""seed=102"",""split.seed=42"",""backbone.name=jepa_v2_1"",""+backbone.kwargs.variant=vitG_384"",""probe.name=linear"",""probe.layer=38"",""probe.layers=[]"",""probe.feature_view=pooled"",""probe.device=cpu"",""probe.lr=0.008589902259876388"",""probe.weight_decay=6.917735117804129e-06"",""probe.batch_size=256"",""probe.eval_batch_size=1024"",""probe.epochs=100"",""probe.early_stopping.enabled=false"",""probe.early_stopping.patience=5"",""probe.optuna.enabled=false"",""probe.output_dir=artifacts/probes/intphys2"",""probe.output_subdir=seed_runs_layerwise_v1/intphys2__jepa_v2_1__linear__layer_38/seed_102"",""probe.eval_output_dir=artifacts/results/intphys2"",""probe.eval_output_subdir=seed_runs_layerwise_v1/intphys2__jepa_v2_1__linear__layer_38/seed_102"",""probe.wandb.group=seed_runs_layerwise_v1_intphys2__jepa_v2_1__linear__layer_38"",""probe.wandb.name=intphys2__jepa_v2_1__linear__layer_38__seed_102""]",results/verified_layerwise_probe_configs.csv,87,89,87e9a442be3d7bd1,VERIFIED_FULL,"{""batch_size"":256,""early_stopping"":{""enabled"":true,""patience"":5},""epochs"":100,""feature_view"":""pooled"",""layer"":38,""lr"":0.008589902259876388,""slot"":null,""weight_decay"":6.917735117804129e-06}",output/training/intphys2/linear/intphys2_jepa_v2_1_linear_layers_22349978.out
intphys2__jepa_v2_1__mlp__layer_48__seed_101,intphys2__jepa_v2_1__mlp__layer_48,train_eval.probe.intphys2,IntPhys2,intphys2,main,V-JEPA 2.1,ViT-Gigantic/16,MLP,mlp,101,42,jepa_v2_1,vitG_384,48,,Final layer,pooled,0.0001329291894316216,0.005061576888752304,32,1024,2000,false,5,[256],0.21597250932105788,,,,,cpu,artifacts/probes/intphys2,seed_runs_layerwise_v1/intphys2__jepa_v2_1__mlp__layer_48/seed_101,artifacts/results/intphys2,seed_runs_layerwise_v1/intphys2__jepa_v2_1__mlp__layer_48/seed_101,seed_runs_layerwise_v1_intphys2__jepa_v2_1__mlp__layer_48,intphys2__jepa_v2_1__mlp__layer_48__seed_101,pending,,"[""seed=101"",""split.seed=42"",""backbone.name=jepa_v2_1"",""+backbone.kwargs.variant=vitG_384"",""probe.name=mlp"",""probe.layer=48"",""probe.layers=[]"",""probe.feature_view=pooled"",""probe.device=cpu"",""probe.lr=0.0001329291894316216"",""probe.weight_decay=0.005061576888752304"",""probe.batch_size=32"",""probe.eval_batch_size=1024"",""probe.epochs=2000"",""probe.early_stopping.enabled=false"",""probe.early_stopping.patience=5"",""probe.optuna.enabled=false"",""probe.output_dir=artifacts/probes/intphys2"",""probe.output_subdir=seed_runs_layerwise_v1/intphys2__jepa_v2_1__mlp__layer_48/seed_101"",""probe.eval_output_dir=artifacts/results/intphys2"",""probe.eval_output_subdir=seed_runs_layerwise_v1/intphys2__jepa_v2_1__mlp__layer_48/seed_101"",""probe.wandb.group=seed_runs_layerwise_v1_intphys2__jepa_v2_1__mlp__layer_48"",""probe.wandb.name=intphys2__jepa_v2_1__mlp__layer_48__seed_101"",""probe.mlp.hidden_dims=[256]"",""probe.mlp.dropout=0.21597250932105788""]",results/verified_layerwise_probe_configs.csv,88,90,219d1565ae0d801a,VERIFIED_FULL,"{""batch_size"":32,""dropout"":0.21597250932105788,""early_stopping"":{""enabled"":true,""patience"":5},""epochs"":2000,""feature_view"":""pooled"",""hidden_dims"":[256],""layer"":48,""lr"":0.0001329291894316216,""slot"":null,""weight_decay"":0.005061576888752304}",jobs/train/intphys2/mlp/output/training/intphys2/mlp/intphys2_jepa_v2_1_mlp_layers_22594074.out
intphys2__jepa_v2_1__mlp__layer_48__seed_102,intphys2__jepa_v2_1__mlp__layer_48,train_eval.probe.intphys2,IntPhys2,intphys2,main,V-JEPA 2.1,ViT-Gigantic/16,MLP,mlp,102,42,jepa_v2_1,vitG_384,48,,Final layer,pooled,0.0001329291894316216,0.005061576888752304,32,1024,2000,false,5,[256],0.21597250932105788,,,,,cpu,artifacts/probes/intphys2,seed_runs_layerwise_v1/intphys2__jepa_v2_1__mlp__layer_48/seed_102,artifacts/results/intphys2,seed_runs_layerwise_v1/intphys2__jepa_v2_1__mlp__layer_48/seed_102,seed_runs_layerwise_v1_intphys2__jepa_v2_1__mlp__layer_48,intphys2__jepa_v2_1__mlp__layer_48__seed_102,pending,,"[""seed=102"",""split.seed=42"",""backbone.name=jepa_v2_1"",""+backbone.kwargs.variant=vitG_384"",""probe.name=mlp"",""probe.layer=48"",""probe.layers=[]"",""probe.feature_view=pooled"",""probe.device=cpu"",""probe.lr=0.0001329291894316216"",""probe.weight_decay=0.005061576888752304"",""probe.batch_size=32"",""probe.eval_batch_size=1024"",""probe.epochs=2000"",""probe.early_stopping.enabled=false"",""probe.early_stopping.patience=5"",""probe.optuna.enabled=false"",""probe.output_dir=artifacts/probes/intphys2"",""probe.output_subdir=seed_runs_layerwise_v1/intphys2__jepa_v2_1__mlp__layer_48/seed_102"",""probe.eval_output_dir=artifacts/results/intphys2"",""probe.eval_output_subdir=seed_runs_layerwise_v1/intphys2__jepa_v2_1__mlp__layer_48/seed_102"",""probe.wandb.group=seed_runs_layerwise_v1_intphys2__jepa_v2_1__mlp__layer_48"",""probe.wandb.name=intphys2__jepa_v2_1__mlp__layer_48__seed_102"",""probe.mlp.hidden_dims=[256]"",""probe.mlp.dropout=0.21597250932105788""]",results/verified_layerwise_probe_configs.csv,88,90,219d1565ae0d801a,VERIFIED_FULL,"{""batch_size"":32,""dropout"":0.21597250932105788,""early_stopping"":{""enabled"":true,""patience"":5},""epochs"":2000,""feature_view"":""pooled"",""hidden_dims"":[256],""layer"":48,""lr"":0.0001329291894316216,""slot"":null,""weight_decay"":0.005061576888752304}",jobs/train/intphys2/mlp/output/training/intphys2/mlp/intphys2_jepa_v2_1_mlp_layers_22594074.out
intphys2__jepa_v2_1__mlp__layer_12__seed_101,intphys2__jepa_v2_1__mlp__layer_12,train_eval.probe.intphys2,IntPhys2,intphys2,main,V-JEPA 2.1,ViT-Gigantic/16,MLP,mlp,101,42,jepa_v2_1,vitG_384,12,,Layer 0.25,pooled,0.0001329291894316216,0.005061576888752304,32,1024,2000,false,5,[256],0.21597250932105788,,,,,cpu,artifacts/probes/intphys2,seed_runs_layerwise_v1/intphys2__jepa_v2_1__mlp__layer_12/seed_101,artifacts/results/intphys2,seed_runs_layerwise_v1/intphys2__jepa_v2_1__mlp__layer_12/seed_101,seed_runs_layerwise_v1_intphys2__jepa_v2_1__mlp__layer_12,intphys2__jepa_v2_1__mlp__layer_12__seed_101,pending,,"[""seed=101"",""split.seed=42"",""backbone.name=jepa_v2_1"",""+backbone.kwargs.variant=vitG_384"",""probe.name=mlp"",""probe.layer=12"",""probe.layers=[]"",""probe.feature_view=pooled"",""probe.device=cpu"",""probe.lr=0.0001329291894316216"",""probe.weight_decay=0.005061576888752304"",""probe.batch_size=32"",""probe.eval_batch_size=1024"",""probe.epochs=2000"",""probe.early_stopping.enabled=false"",""probe.early_stopping.patience=5"",""probe.optuna.enabled=false"",""probe.output_dir=artifacts/probes/intphys2"",""probe.output_subdir=seed_runs_layerwise_v1/intphys2__jepa_v2_1__mlp__layer_12/seed_101"",""probe.eval_output_dir=artifacts/results/intphys2"",""probe.eval_output_subdir=seed_runs_layerwise_v1/intphys2__jepa_v2_1__mlp__layer_12/seed_101"",""probe.wandb.group=seed_runs_layerwise_v1_intphys2__jepa_v2_1__mlp__layer_12"",""probe.wandb.name=intphys2__jepa_v2_1__mlp__layer_12__seed_101"",""probe.mlp.hidden_dims=[256]"",""probe.mlp.dropout=0.21597250932105788""]",results/verified_layerwise_probe_configs.csv,89,91,13f8d357de7be469,VERIFIED_FULL,"{""batch_size"":32,""dropout"":0.21597250932105788,""early_stopping"":{""enabled"":true,""patience"":5},""epochs"":2000,""feature_view"":""pooled"",""hidden_dims"":[256],""layer"":12,""lr"":0.0001329291894316216,""slot"":null,""weight_decay"":0.005061576888752304}",jobs/train/intphys2/mlp/output/training/intphys2/mlp/intphys2_jepa_v2_1_mlp_layers_22594074.out
intphys2__jepa_v2_1__mlp__layer_12__seed_102,intphys2__jepa_v2_1__mlp__layer_12,train_eval.probe.intphys2,IntPhys2,intphys2,main,V-JEPA 2.1,ViT-Gigantic/16,MLP,mlp,102,42,jepa_v2_1,vitG_384,12,,Layer 0.25,pooled,0.0001329291894316216,0.005061576888752304,32,1024,2000,false,5,[256],0.21597250932105788,,,,,cpu,artifacts/probes/intphys2,seed_runs_layerwise_v1/intphys2__jepa_v2_1__mlp__layer_12/seed_102,artifacts/results/intphys2,seed_runs_layerwise_v1/intphys2__jepa_v2_1__mlp__layer_12/seed_102,seed_runs_layerwise_v1_intphys2__jepa_v2_1__mlp__layer_12,intphys2__jepa_v2_1__mlp__layer_12__seed_102,pending,,"[""seed=102"",""split.seed=42"",""backbone.name=jepa_v2_1"",""+backbone.kwargs.variant=vitG_384"",""probe.name=mlp"",""probe.layer=12"",""probe.layers=[]"",""probe.feature_view=pooled"",""probe.device=cpu"",""probe.lr=0.0001329291894316216"",""probe.weight_decay=0.005061576888752304"",""probe.batch_size=32"",""probe.eval_batch_size=1024"",""probe.epochs=2000"",""probe.early_stopping.enabled=false"",""probe.early_stopping.patience=5"",""probe.optuna.enabled=false"",""probe.output_dir=artifacts/probes/intphys2"",""probe.output_subdir=seed_runs_layerwise_v1/intphys2__jepa_v2_1__mlp__layer_12/seed_102"",""probe.eval_output_dir=artifacts/results/intphys2"",""probe.eval_output_subdir=seed_runs_layerwise_v1/intphys2__jepa_v2_1__mlp__layer_12/seed_102"",""probe.wandb.group=seed_runs_layerwise_v1_intphys2__jepa_v2_1__mlp__layer_12"",""probe.wandb.name=intphys2__jepa_v2_1__mlp__layer_12__seed_102"",""probe.mlp.hidden_dims=[256]"",""probe.mlp.dropout=0.21597250932105788""]",results/verified_layerwise_probe_configs.csv,89,91,13f8d357de7be469,VERIFIED_FULL,"{""batch_size"":32,""dropout"":0.21597250932105788,""early_stopping"":{""enabled"":true,""patience"":5},""epochs"":2000,""feature_view"":""pooled"",""hidden_dims"":[256],""layer"":12,""lr"":0.0001329291894316216,""slot"":null,""weight_decay"":0.005061576888752304}",jobs/train/intphys2/mlp/output/training/intphys2/mlp/intphys2_jepa_v2_1_mlp_layers_22594074.out
intphys2__jepa_v2_1__mlp__layer_24__seed_101,intphys2__jepa_v2_1__mlp__layer_24,train_eval.probe.intphys2,IntPhys2,intphys2,main,V-JEPA 2.1,ViT-Gigantic/16,MLP,mlp,101,42,jepa_v2_1,vitG_384,24,,Layer 0.5,pooled,1.9271614885597854e-05,1.2784504489313643e-06,32,1024,50,false,5,[256],0.10851341925567713,,,,,cpu,artifacts/probes/intphys2,seed_runs_layerwise_v1/intphys2__jepa_v2_1__mlp__layer_24/seed_101,artifacts/results/intphys2,seed_runs_layerwise_v1/intphys2__jepa_v2_1__mlp__layer_24/seed_101,seed_runs_layerwise_v1_intphys2__jepa_v2_1__mlp__layer_24,intphys2__jepa_v2_1__mlp__layer_24__seed_101,pending,,"[""seed=101"",""split.seed=42"",""backbone.name=jepa_v2_1"",""+backbone.kwargs.variant=vitG_384"",""probe.name=mlp"",""probe.layer=24"",""probe.layers=[]"",""probe.feature_view=pooled"",""probe.device=cpu"",""probe.lr=1.9271614885597854e-05"",""probe.weight_decay=1.2784504489313643e-06"",""probe.batch_size=32"",""probe.eval_batch_size=1024"",""probe.epochs=50"",""probe.early_stopping.enabled=false"",""probe.early_stopping.patience=5"",""probe.optuna.enabled=false"",""probe.output_dir=artifacts/probes/intphys2"",""probe.output_subdir=seed_runs_layerwise_v1/intphys2__jepa_v2_1__mlp__layer_24/seed_101"",""probe.eval_output_dir=artifacts/results/intphys2"",""probe.eval_output_subdir=seed_runs_layerwise_v1/intphys2__jepa_v2_1__mlp__layer_24/seed_101"",""probe.wandb.group=seed_runs_layerwise_v1_intphys2__jepa_v2_1__mlp__layer_24"",""probe.wandb.name=intphys2__jepa_v2_1__mlp__layer_24__seed_101"",""probe.mlp.hidden_dims=[256]"",""probe.mlp.dropout=0.10851341925567713""]",results/verified_layerwise_probe_configs.csv,90,92,089270879b2e021f,VERIFIED_FULL,"{""batch_size"":32,""dropout"":0.10851341925567713,""early_stopping"":{""enabled"":true,""patience"":5},""epochs"":50,""feature_view"":""pooled"",""hidden_dims"":[256],""layer"":24,""lr"":1.9271614885597854e-05,""slot"":null,""weight_decay"":1.2784504489313643e-06}",jobs/train/intphys2/mlp/output/training/intphys2/mlp/intphys2_jepa_v2_1_mlp_layers_22594074.out
intphys2__jepa_v2_1__mlp__layer_24__seed_102,intphys2__jepa_v2_1__mlp__layer_24,train_eval.probe.intphys2,IntPhys2,intphys2,main,V-JEPA 2.1,ViT-Gigantic/16,MLP,mlp,102,42,jepa_v2_1,vitG_384,24,,Layer 0.5,pooled,1.9271614885597854e-05,1.2784504489313643e-06,32,1024,50,false,5,[256],0.10851341925567713,,,,,cpu,artifacts/probes/intphys2,seed_runs_layerwise_v1/intphys2__jepa_v2_1__mlp__layer_24/seed_102,artifacts/results/intphys2,seed_runs_layerwise_v1/intphys2__jepa_v2_1__mlp__layer_24/seed_102,seed_runs_layerwise_v1_intphys2__jepa_v2_1__mlp__layer_24,intphys2__jepa_v2_1__mlp__layer_24__seed_102,pending,,"[""seed=102"",""split.seed=42"",""backbone.name=jepa_v2_1"",""+backbone.kwargs.variant=vitG_384"",""probe.name=mlp"",""probe.layer=24"",""probe.layers=[]"",""probe.feature_view=pooled"",""probe.device=cpu"",""probe.lr=1.9271614885597854e-05"",""probe.weight_decay=1.2784504489313643e-06"",""probe.batch_size=32"",""probe.eval_batch_size=1024"",""probe.epochs=50"",""probe.early_stopping.enabled=false"",""probe.early_stopping.patience=5"",""probe.optuna.enabled=false"",""probe.output_dir=artifacts/probes/intphys2"",""probe.output_subdir=seed_runs_layerwise_v1/intphys2__jepa_v2_1__mlp__layer_24/seed_102"",""probe.eval_output_dir=artifacts/results/intphys2"",""probe.eval_output_subdir=seed_runs_layerwise_v1/intphys2__jepa_v2_1__mlp__layer_24/seed_102"",""probe.wandb.group=seed_runs_layerwise_v1_intphys2__jepa_v2_1__mlp__layer_24"",""probe.wandb.name=intphys2__jepa_v2_1__mlp__layer_24__seed_102"",""probe.mlp.hidden_dims=[256]"",""probe.mlp.dropout=0.10851341925567713""]",results/verified_layerwise_probe_configs.csv,90,92,089270879b2e021f,VERIFIED_FULL,"{""batch_size"":32,""dropout"":0.10851341925567713,""early_stopping"":{""enabled"":true,""patience"":5},""epochs"":50,""feature_view"":""pooled"",""hidden_dims"":[256],""layer"":24,""lr"":1.9271614885597854e-05,""slot"":null,""weight_decay"":1.2784504489313643e-06}",jobs/train/intphys2/mlp/output/training/intphys2/mlp/intphys2_jepa_v2_1_mlp_layers_22594074.out
intphys2__jepa_v2_1__mlp__layer_38__seed_101,intphys2__jepa_v2_1__mlp__layer_38,train_eval.probe.intphys2,IntPhys2,intphys2,main,V-JEPA 2.1,ViT-Gigantic/16,MLP,mlp,101,42,jepa_v2_1,vitG_384,38,,Layer 0.75,pooled,0.0001329291894316216,0.005061576888752304,32,1024,2000,false,5,[256],0.21597250932105788,,,,,cpu,artifacts/probes/intphys2,seed_runs_layerwise_v1/intphys2__jepa_v2_1__mlp__layer_38/seed_101,artifacts/results/intphys2,seed_runs_layerwise_v1/intphys2__jepa_v2_1__mlp__layer_38/seed_101,seed_runs_layerwise_v1_intphys2__jepa_v2_1__mlp__layer_38,intphys2__jepa_v2_1__mlp__layer_38__seed_101,pending,,"[""seed=101"",""split.seed=42"",""backbone.name=jepa_v2_1"",""+backbone.kwargs.variant=vitG_384"",""probe.name=mlp"",""probe.layer=38"",""probe.layers=[]"",""probe.feature_view=pooled"",""probe.device=cpu"",""probe.lr=0.0001329291894316216"",""probe.weight_decay=0.005061576888752304"",""probe.batch_size=32"",""probe.eval_batch_size=1024"",""probe.epochs=2000"",""probe.early_stopping.enabled=false"",""probe.early_stopping.patience=5"",""probe.optuna.enabled=false"",""probe.output_dir=artifacts/probes/intphys2"",""probe.output_subdir=seed_runs_layerwise_v1/intphys2__jepa_v2_1__mlp__layer_38/seed_101"",""probe.eval_output_dir=artifacts/results/intphys2"",""probe.eval_output_subdir=seed_runs_layerwise_v1/intphys2__jepa_v2_1__mlp__layer_38/seed_101"",""probe.wandb.group=seed_runs_layerwise_v1_intphys2__jepa_v2_1__mlp__layer_38"",""probe.wandb.name=intphys2__jepa_v2_1__mlp__layer_38__seed_101"",""probe.mlp.hidden_dims=[256]"",""probe.mlp.dropout=0.21597250932105788""]",results/verified_layerwise_probe_configs.csv,91,93,fb3dcb2dd992a802,VERIFIED_FULL,"{""batch_size"":32,""dropout"":0.21597250932105788,""early_stopping"":{""enabled"":true,""patience"":5},""epochs"":2000,""feature_view"":""pooled"",""hidden_dims"":[256],""layer"":38,""lr"":0.0001329291894316216,""slot"":null,""weight_decay"":0.005061576888752304}",jobs/train/intphys2/mlp/output/training/intphys2/mlp/intphys2_jepa_v2_1_mlp_layers_22594074.out
intphys2__jepa_v2_1__mlp__layer_38__seed_102,intphys2__jepa_v2_1__mlp__layer_38,train_eval.probe.intphys2,IntPhys2,intphys2,main,V-JEPA 2.1,ViT-Gigantic/16,MLP,mlp,102,42,jepa_v2_1,vitG_384,38,,Layer 0.75,pooled,0.0001329291894316216,0.005061576888752304,32,1024,2000,false,5,[256],0.21597250932105788,,,,,cpu,artifacts/probes/intphys2,seed_runs_layerwise_v1/intphys2__jepa_v2_1__mlp__layer_38/seed_102,artifacts/results/intphys2,seed_runs_layerwise_v1/intphys2__jepa_v2_1__mlp__layer_38/seed_102,seed_runs_layerwise_v1_intphys2__jepa_v2_1__mlp__layer_38,intphys2__jepa_v2_1__mlp__layer_38__seed_102,pending,,"[""seed=102"",""split.seed=42"",""backbone.name=jepa_v2_1"",""+backbone.kwargs.variant=vitG_384"",""probe.name=mlp"",""probe.layer=38"",""probe.layers=[]"",""probe.feature_view=pooled"",""probe.device=cpu"",""probe.lr=0.0001329291894316216"",""probe.weight_decay=0.005061576888752304"",""probe.batch_size=32"",""probe.eval_batch_size=1024"",""probe.epochs=2000"",""probe.early_stopping.enabled=false"",""probe.early_stopping.patience=5"",""probe.optuna.enabled=false"",""probe.output_dir=artifacts/probes/intphys2"",""probe.output_subdir=seed_runs_layerwise_v1/intphys2__jepa_v2_1__mlp__layer_38/seed_102"",""probe.eval_output_dir=artifacts/results/intphys2"",""probe.eval_output_subdir=seed_runs_layerwise_v1/intphys2__jepa_v2_1__mlp__layer_38/seed_102"",""probe.wandb.group=seed_runs_layerwise_v1_intphys2__jepa_v2_1__mlp__layer_38"",""probe.wandb.name=intphys2__jepa_v2_1__mlp__layer_38__seed_102"",""probe.mlp.hidden_dims=[256]"",""probe.mlp.dropout=0.21597250932105788""]",results/verified_layerwise_probe_configs.csv,91,93,fb3dcb2dd992a802,VERIFIED_FULL,"{""batch_size"":32,""dropout"":0.21597250932105788,""early_stopping"":{""enabled"":true,""patience"":5},""epochs"":2000,""feature_view"":""pooled"",""hidden_dims"":[256],""layer"":38,""lr"":0.0001329291894316216,""slot"":null,""weight_decay"":0.005061576888752304}",jobs/train/intphys2/mlp/output/training/intphys2/mlp/intphys2_jepa_v2_1_mlp_layers_22594074.out
intphys2__videomae__linear__layer_32__seed_101,intphys2__videomae__linear__layer_32,train_eval.probe.intphys2,IntPhys2,intphys2,main,VideoMAE,ViT-H/16,Linear,linear,101,42,videomae,vit_huge_16_224,32,,Final layer,pooled,0.0007834552695468125,1.0995079668358829e-08,32,1024,1000,false,5,,,,,,,cpu,artifacts/probes/intphys2,seed_runs_layerwise_v1/intphys2__videomae__linear__layer_32/seed_101,artifacts/results/intphys2,seed_runs_layerwise_v1/intphys2__videomae__linear__layer_32/seed_101,seed_runs_layerwise_v1_intphys2__videomae__linear__layer_32,intphys2__videomae__linear__layer_32__seed_101,pending,,"[""seed=101"",""split.seed=42"",""backbone.name=videomae"",""+backbone.kwargs.variant=vit_huge_16_224"",""probe.name=linear"",""probe.layer=32"",""probe.layers=[]"",""probe.feature_view=pooled"",""probe.device=cpu"",""probe.lr=0.0007834552695468125"",""probe.weight_decay=1.0995079668358829e-08"",""probe.batch_size=32"",""probe.eval_batch_size=1024"",""probe.epochs=1000"",""probe.early_stopping.enabled=false"",""probe.early_stopping.patience=5"",""probe.optuna.enabled=false"",""probe.output_dir=artifacts/probes/intphys2"",""probe.output_subdir=seed_runs_layerwise_v1/intphys2__videomae__linear__layer_32/seed_101"",""probe.eval_output_dir=artifacts/results/intphys2"",""probe.eval_output_subdir=seed_runs_layerwise_v1/intphys2__videomae__linear__layer_32/seed_101"",""probe.wandb.group=seed_runs_layerwise_v1_intphys2__videomae__linear__layer_32"",""probe.wandb.name=intphys2__videomae__linear__layer_32__seed_101""]",results/verified_layerwise_probe_configs.csv,108,110,a2d0d018ec75bef4,VERIFIED_FULL,"{""batch_size"":32,""early_stopping"":{""enabled"":true,""patience"":5},""epochs"":1000,""feature_view"":""pooled"",""layer"":32,""lr"":0.0007834552695468125,""slot"":null,""weight_decay"":1.0995079668358829e-08}",output/training/intphys2/linear/intphys2_videomae_linear_layers_22261454.out
intphys2__videomae__linear__layer_32__seed_102,intphys2__videomae__linear__layer_32,train_eval.probe.intphys2,IntPhys2,intphys2,main,VideoMAE,ViT-H/16,Linear,linear,102,42,videomae,vit_huge_16_224,32,,Final layer,pooled,0.0007834552695468125,1.0995079668358829e-08,32,1024,1000,false,5,,,,,,,cpu,artifacts/probes/intphys2,seed_runs_layerwise_v1/intphys2__videomae__linear__layer_32/seed_102,artifacts/results/intphys2,seed_runs_layerwise_v1/intphys2__videomae__linear__layer_32/seed_102,seed_runs_layerwise_v1_intphys2__videomae__linear__layer_32,intphys2__videomae__linear__layer_32__seed_102,pending,,"[""seed=102"",""split.seed=42"",""backbone.name=videomae"",""+backbone.kwargs.variant=vit_huge_16_224"",""probe.name=linear"",""probe.layer=32"",""probe.layers=[]"",""probe.feature_view=pooled"",""probe.device=cpu"",""probe.lr=0.0007834552695468125"",""probe.weight_decay=1.0995079668358829e-08"",""probe.batch_size=32"",""probe.eval_batch_size=1024"",""probe.epochs=1000"",""probe.early_stopping.enabled=false"",""probe.early_stopping.patience=5"",""probe.optuna.enabled=false"",""probe.output_dir=artifacts/probes/intphys2"",""probe.output_subdir=seed_runs_layerwise_v1/intphys2__videomae__linear__layer_32/seed_102"",""probe.eval_output_dir=artifacts/results/intphys2"",""probe.eval_output_subdir=seed_runs_layerwise_v1/intphys2__videomae__linear__layer_32/seed_102"",""probe.wandb.group=seed_runs_layerwise_v1_intphys2__videomae__linear__layer_32"",""probe.wandb.name=intphys2__videomae__linear__layer_32__seed_102""]",results/verified_layerwise_probe_configs.csv,108,110,a2d0d018ec75bef4,VERIFIED_FULL,"{""batch_size"":32,""early_stopping"":{""enabled"":true,""patience"":5},""epochs"":1000,""feature_view"":""pooled"",""layer"":32,""lr"":0.0007834552695468125,""slot"":null,""weight_decay"":1.0995079668358829e-08}",output/training/intphys2/linear/intphys2_videomae_linear_layers_22261454.out
intphys2__videomae__linear__layer_8__seed_101,intphys2__videomae__linear__layer_8,train_eval.probe.intphys2,IntPhys2,intphys2,main,VideoMAE,ViT-H/16,Linear,linear,101,42,videomae,vit_huge_16_224,8,,Layer 0.25,pooled,0.00043664735929796326,1.2856617791467908e-07,32,1024,50,false,5,,,,,,,cpu,artifacts/probes/intphys2,seed_runs_layerwise_v1/intphys2__videomae__linear__layer_8/seed_101,artifacts/results/intphys2,seed_runs_layerwise_v1/intphys2__videomae__linear__layer_8/seed_101,seed_runs_layerwise_v1_intphys2__videomae__linear__layer_8,intphys2__videomae__linear__layer_8__seed_101,pending,,"[""seed=101"",""split.seed=42"",""backbone.name=videomae"",""+backbone.kwargs.variant=vit_huge_16_224"",""probe.name=linear"",""probe.layer=8"",""probe.layers=[]"",""probe.feature_view=pooled"",""probe.device=cpu"",""probe.lr=0.00043664735929796326"",""probe.weight_decay=1.2856617791467908e-07"",""probe.batch_size=32"",""probe.eval_batch_size=1024"",""probe.epochs=50"",""probe.early_stopping.enabled=false"",""probe.early_stopping.patience=5"",""probe.optuna.enabled=false"",""probe.output_dir=artifacts/probes/intphys2"",""probe.output_subdir=seed_runs_layerwise_v1/intphys2__videomae__linear__layer_8/seed_101"",""probe.eval_output_dir=artifacts/results/intphys2"",""probe.eval_output_subdir=seed_runs_layerwise_v1/intphys2__videomae__linear__layer_8/seed_101"",""probe.wandb.group=seed_runs_layerwise_v1_intphys2__videomae__linear__layer_8"",""probe.wandb.name=intphys2__videomae__linear__layer_8__seed_101""]",results/verified_layerwise_probe_configs.csv,109,111,f0900dae2be5e7d8,VERIFIED_FULL,"{""batch_size"":32,""early_stopping"":{""enabled"":true,""patience"":5},""epochs"":50,""feature_view"":""pooled"",""layer"":8,""lr"":0.00043664735929796326,""slot"":null,""weight_decay"":1.2856617791467908e-07}",output/training/intphys2/linear/intphys2_videomae_linear_layers_22261454.out
intphys2__videomae__linear__layer_8__seed_102,intphys2__videomae__linear__layer_8,train_eval.probe.intphys2,IntPhys2,intphys2,main,VideoMAE,ViT-H/16,Linear,linear,102,42,videomae,vit_huge_16_224,8,,Layer 0.25,pooled,0.00043664735929796326,1.2856617791467908e-07,32,1024,50,false,5,,,,,,,cpu,artifacts/probes/intphys2,seed_runs_layerwise_v1/intphys2__videomae__linear__layer_8/seed_102,artifacts/results/intphys2,seed_runs_layerwise_v1/intphys2__videomae__linear__layer_8/seed_102,seed_runs_layerwise_v1_intphys2__videomae__linear__layer_8,intphys2__videomae__linear__layer_8__seed_102,pending,,"[""seed=102"",""split.seed=42"",""backbone.name=videomae"",""+backbone.kwargs.variant=vit_huge_16_224"",""probe.name=linear"",""probe.layer=8"",""probe.layers=[]"",""probe.feature_view=pooled"",""probe.device=cpu"",""probe.lr=0.00043664735929796326"",""probe.weight_decay=1.2856617791467908e-07"",""probe.batch_size=32"",""probe.eval_batch_size=1024"",""probe.epochs=50"",""probe.early_stopping.enabled=false"",""probe.early_stopping.patience=5"",""probe.optuna.enabled=false"",""probe.output_dir=artifacts/probes/intphys2"",""probe.output_subdir=seed_runs_layerwise_v1/intphys2__videomae__linear__layer_8/seed_102"",""probe.eval_output_dir=artifacts/results/intphys2"",""probe.eval_output_subdir=seed_runs_layerwise_v1/intphys2__videomae__linear__layer_8/seed_102"",""probe.wandb.group=seed_runs_layerwise_v1_intphys2__videomae__linear__layer_8"",""probe.wandb.name=intphys2__videomae__linear__layer_8__seed_102""]",results/verified_layerwise_probe_configs.csv,109,111,f0900dae2be5e7d8,VERIFIED_FULL,"{""batch_size"":32,""early_stopping"":{""enabled"":true,""patience"":5},""epochs"":50,""feature_view"":""pooled"",""layer"":8,""lr"":0.00043664735929796326,""slot"":null,""weight_decay"":1.2856617791467908e-07}",output/training/intphys2/linear/intphys2_videomae_linear_layers_22261454.out
intphys2__videomae__linear__layer_16__seed_101,intphys2__videomae__linear__layer_16,train_eval.probe.intphys2,IntPhys2,intphys2,main,VideoMAE,ViT-H/16,Linear,linear,101,42,videomae,vit_huge_16_224,16,,Layer 0.5,pooled,0.0001329291894316216,0.005061576888752304,32,1024,2000,false,5,,,,,,,cpu,artifacts/probes/intphys2,seed_runs_layerwise_v1/intphys2__videomae__linear__layer_16/seed_101,artifacts/results/intphys2,seed_runs_layerwise_v1/intphys2__videomae__linear__layer_16/seed_101,seed_runs_layerwise_v1_intphys2__videomae__linear__layer_16,intphys2__videomae__linear__layer_16__seed_101,pending,,"[""seed=101"",""split.seed=42"",""backbone.name=videomae"",""+backbone.kwargs.variant=vit_huge_16_224"",""probe.name=linear"",""probe.layer=16"",""probe.layers=[]"",""probe.feature_view=pooled"",""probe.device=cpu"",""probe.lr=0.0001329291894316216"",""probe.weight_decay=0.005061576888752304"",""probe.batch_size=32"",""probe.eval_batch_size=1024"",""probe.epochs=2000"",""probe.early_stopping.enabled=false"",""probe.early_stopping.patience=5"",""probe.optuna.enabled=false"",""probe.output_dir=artifacts/probes/intphys2"",""probe.output_subdir=seed_runs_layerwise_v1/intphys2__videomae__linear__layer_16/seed_101"",""probe.eval_output_dir=artifacts/results/intphys2"",""probe.eval_output_subdir=seed_runs_layerwise_v1/intphys2__videomae__linear__layer_16/seed_101"",""probe.wandb.group=seed_runs_layerwise_v1_intphys2__videomae__linear__layer_16"",""probe.wandb.name=intphys2__videomae__linear__layer_16__seed_101""]",results/verified_layerwise_probe_configs.csv,110,112,dc88d4959bafa099,VERIFIED_FULL,"{""batch_size"":32,""early_stopping"":{""enabled"":true,""patience"":5},""epochs"":2000,""feature_view"":""pooled"",""layer"":16,""lr"":0.0001329291894316216,""slot"":null,""weight_decay"":0.005061576888752304}",output/training/intphys2/linear/intphys2_videomae_linear_layers_22261454.out
intphys2__videomae__linear__layer_16__seed_102,intphys2__videomae__linear__layer_16,train_eval.probe.intphys2,IntPhys2,intphys2,main,VideoMAE,ViT-H/16,Linear,linear,102,42,videomae,vit_huge_16_224,16,,Layer 0.5,pooled,0.0001329291894316216,0.005061576888752304,32,1024,2000,false,5,,,,,,,cpu,artifacts/probes/intphys2,seed_runs_layerwise_v1/intphys2__videomae__linear__layer_16/seed_102,artifacts/results/intphys2,seed_runs_layerwise_v1/intphys2__videomae__linear__layer_16/seed_102,seed_runs_layerwise_v1_intphys2__videomae__linear__layer_16,intphys2__videomae__linear__layer_16__seed_102,pending,,"[""seed=102"",""split.seed=42"",""backbone.name=videomae"",""+backbone.kwargs.variant=vit_huge_16_224"",""probe.name=linear"",""probe.layer=16"",""probe.layers=[]"",""probe.feature_view=pooled"",""probe.device=cpu"",""probe.lr=0.0001329291894316216"",""probe.weight_decay=0.005061576888752304"",""probe.batch_size=32"",""probe.eval_batch_size=1024"",""probe.epochs=2000"",""probe.early_stopping.enabled=false"",""probe.early_stopping.patience=5"",""probe.optuna.enabled=false"",""probe.output_dir=artifacts/probes/intphys2"",""probe.output_subdir=seed_runs_layerwise_v1/intphys2__videomae__linear__layer_16/seed_102"",""probe.eval_output_dir=artifacts/results/intphys2"",""probe.eval_output_subdir=seed_runs_layerwise_v1/intphys2__videomae__linear__layer_16/seed_102"",""probe.wandb.group=seed_runs_layerwise_v1_intphys2__videomae__linear__layer_16"",""probe.wandb.name=intphys2__videomae__linear__layer_16__seed_102""]",results/verified_layerwise_probe_configs.csv,110,112,dc88d4959bafa099,VERIFIED_FULL,"{""batch_size"":32,""early_stopping"":{""enabled"":true,""patience"":5},""epochs"":2000,""feature_view"":""pooled"",""layer"":16,""lr"":0.0001329291894316216,""slot"":null,""weight_decay"":0.005061576888752304}",output/training/intphys2/linear/intphys2_videomae_linear_layers_22261454.out
intphys2__videomae__linear__layer_24__seed_101,intphys2__videomae__linear__layer_24,train_eval.probe.intphys2,IntPhys2,intphys2,main,VideoMAE,ViT-H/16,Linear,linear,101,42,videomae,vit_huge_16_224,24,,Layer 0.75,pooled,0.0008129948297847977,9.622097331889619e-06,256,1024,500,false,5,,,,,,,cpu,artifacts/probes/intphys2,seed_runs_layerwise_v1/intphys2__videomae__linear__layer_24/seed_101,artifacts/results/intphys2,seed_runs_layerwise_v1/intphys2__videomae__linear__layer_24/seed_101,seed_runs_layerwise_v1_intphys2__videomae__linear__layer_24,intphys2__videomae__linear__layer_24__seed_101,pending,,"[""seed=101"",""split.seed=42"",""backbone.name=videomae"",""+backbone.kwargs.variant=vit_huge_16_224"",""probe.name=linear"",""probe.layer=24"",""probe.layers=[]"",""probe.feature_view=pooled"",""probe.device=cpu"",""probe.lr=0.0008129948297847977"",""probe.weight_decay=9.622097331889619e-06"",""probe.batch_size=256"",""probe.eval_batch_size=1024"",""probe.epochs=500"",""probe.early_stopping.enabled=false"",""probe.early_stopping.patience=5"",""probe.optuna.enabled=false"",""probe.output_dir=artifacts/probes/intphys2"",""probe.output_subdir=seed_runs_layerwise_v1/intphys2__videomae__linear__layer_24/seed_101"",""probe.eval_output_dir=artifacts/results/intphys2"",""probe.eval_output_subdir=seed_runs_layerwise_v1/intphys2__videomae__linear__layer_24/seed_101"",""probe.wandb.group=seed_runs_layerwise_v1_intphys2__videomae__linear__layer_24"",""probe.wandb.name=intphys2__videomae__linear__layer_24__seed_101""]",results/verified_layerwise_probe_configs.csv,111,113,4d205f4d658cb5cb,VERIFIED_FULL,"{""batch_size"":256,""early_stopping"":{""enabled"":true,""patience"":5},""epochs"":500,""feature_view"":""pooled"",""layer"":24,""lr"":0.0008129948297847977,""slot"":null,""weight_decay"":9.622097331889619e-06}",output/training/intphys2/linear/intphys2_videomae_linear_layers_22261454.out
intphys2__videomae__linear__layer_24__seed_102,intphys2__videomae__linear__layer_24,train_eval.probe.intphys2,IntPhys2,intphys2,main,VideoMAE,ViT-H/16,Linear,linear,102,42,videomae,vit_huge_16_224,24,,Layer 0.75,pooled,0.0008129948297847977,9.622097331889619e-06,256,1024,500,false,5,,,,,,,cpu,artifacts/probes/intphys2,seed_runs_layerwise_v1/intphys2__videomae__linear__layer_24/seed_102,artifacts/results/intphys2,seed_runs_layerwise_v1/intphys2__videomae__linear__layer_24/seed_102,seed_runs_layerwise_v1_intphys2__videomae__linear__layer_24,intphys2__videomae__linear__layer_24__seed_102,pending,,"[""seed=102"",""split.seed=42"",""backbone.name=videomae"",""+backbone.kwargs.variant=vit_huge_16_224"",""probe.name=linear"",""probe.layer=24"",""probe.layers=[]"",""probe.feature_view=pooled"",""probe.device=cpu"",""probe.lr=0.0008129948297847977"",""probe.weight_decay=9.622097331889619e-06"",""probe.batch_size=256"",""probe.eval_batch_size=1024"",""probe.epochs=500"",""probe.early_stopping.enabled=false"",""probe.early_stopping.patience=5"",""probe.optuna.enabled=false"",""probe.output_dir=artifacts/probes/intphys2"",""probe.output_subdir=seed_runs_layerwise_v1/intphys2__videomae__linear__layer_24/seed_102"",""probe.eval_output_dir=artifacts/results/intphys2"",""probe.eval_output_subdir=seed_runs_layerwise_v1/intphys2__videomae__linear__layer_24/seed_102"",""probe.wandb.group=seed_runs_layerwise_v1_intphys2__videomae__linear__layer_24"",""probe.wandb.name=intphys2__videomae__linear__layer_24__seed_102""]",results/verified_layerwise_probe_configs.csv,111,113,4d205f4d658cb5cb,VERIFIED_FULL,"{""batch_size"":256,""early_stopping"":{""enabled"":true,""patience"":5},""epochs"":500,""feature_view"":""pooled"",""layer"":24,""lr"":0.0008129948297847977,""slot"":null,""weight_decay"":9.622097331889619e-06}",output/training/intphys2/linear/intphys2_videomae_linear_layers_22261454.out
intphys2__videomae__mlp__layer_32__seed_101,intphys2__videomae__mlp__layer_32,train_eval.probe.intphys2,IntPhys2,intphys2,main,VideoMAE,ViT-H/16,MLP,mlp,101,42,videomae,vit_huge_16_224,32,,Final layer,pooled,0.0001329291894316216,0.005061576888752304,32,1024,2000,false,5,[256],0.21597250932105788,,,,,cpu,artifacts/probes/intphys2,seed_runs_layerwise_v1/intphys2__videomae__mlp__layer_32/seed_101,artifacts/results/intphys2,seed_runs_layerwise_v1/intphys2__videomae__mlp__layer_32/seed_101,seed_runs_layerwise_v1_intphys2__videomae__mlp__layer_32,intphys2__videomae__mlp__layer_32__seed_101,pending,,"[""seed=101"",""split.seed=42"",""backbone.name=videomae"",""+backbone.kwargs.variant=vit_huge_16_224"",""probe.name=mlp"",""probe.layer=32"",""probe.layers=[]"",""probe.feature_view=pooled"",""probe.device=cpu"",""probe.lr=0.0001329291894316216"",""probe.weight_decay=0.005061576888752304"",""probe.batch_size=32"",""probe.eval_batch_size=1024"",""probe.epochs=2000"",""probe.early_stopping.enabled=false"",""probe.early_stopping.patience=5"",""probe.optuna.enabled=false"",""probe.output_dir=artifacts/probes/intphys2"",""probe.output_subdir=seed_runs_layerwise_v1/intphys2__videomae__mlp__layer_32/seed_101"",""probe.eval_output_dir=artifacts/results/intphys2"",""probe.eval_output_subdir=seed_runs_layerwise_v1/intphys2__videomae__mlp__layer_32/seed_101"",""probe.wandb.group=seed_runs_layerwise_v1_intphys2__videomae__mlp__layer_32"",""probe.wandb.name=intphys2__videomae__mlp__layer_32__seed_101"",""probe.mlp.hidden_dims=[256]"",""probe.mlp.dropout=0.21597250932105788""]",results/verified_layerwise_probe_configs.csv,112,114,e5da1849bb6d5bbd,VERIFIED_FULL,"{""batch_size"":32,""dropout"":0.21597250932105788,""early_stopping"":{""enabled"":true,""patience"":5},""epochs"":2000,""feature_view"":""pooled"",""hidden_dims"":[256],""layer"":32,""lr"":0.0001329291894316216,""slot"":null,""weight_decay"":0.005061576888752304}",jobs/train/intphys2/mlp/output/training/intphys2/mlp/intphys2_videomae_mlp_layers_22594091.out
intphys2__videomae__mlp__layer_32__seed_102,intphys2__videomae__mlp__layer_32,train_eval.probe.intphys2,IntPhys2,intphys2,main,VideoMAE,ViT-H/16,MLP,mlp,102,42,videomae,vit_huge_16_224,32,,Final layer,pooled,0.0001329291894316216,0.005061576888752304,32,1024,2000,false,5,[256],0.21597250932105788,,,,,cpu,artifacts/probes/intphys2,seed_runs_layerwise_v1/intphys2__videomae__mlp__layer_32/seed_102,artifacts/results/intphys2,seed_runs_layerwise_v1/intphys2__videomae__mlp__layer_32/seed_102,seed_runs_layerwise_v1_intphys2__videomae__mlp__layer_32,intphys2__videomae__mlp__layer_32__seed_102,pending,,"[""seed=102"",""split.seed=42"",""backbone.name=videomae"",""+backbone.kwargs.variant=vit_huge_16_224"",""probe.name=mlp"",""probe.layer=32"",""probe.layers=[]"",""probe.feature_view=pooled"",""probe.device=cpu"",""probe.lr=0.0001329291894316216"",""probe.weight_decay=0.005061576888752304"",""probe.batch_size=32"",""probe.eval_batch_size=1024"",""probe.epochs=2000"",""probe.early_stopping.enabled=false"",""probe.early_stopping.patience=5"",""probe.optuna.enabled=false"",""probe.output_dir=artifacts/probes/intphys2"",""probe.output_subdir=seed_runs_layerwise_v1/intphys2__videomae__mlp__layer_32/seed_102"",""probe.eval_output_dir=artifacts/results/intphys2"",""probe.eval_output_subdir=seed_runs_layerwise_v1/intphys2__videomae__mlp__layer_32/seed_102"",""probe.wandb.group=seed_runs_layerwise_v1_intphys2__videomae__mlp__layer_32"",""probe.wandb.name=intphys2__videomae__mlp__layer_32__seed_102"",""probe.mlp.hidden_dims=[256]"",""probe.mlp.dropout=0.21597250932105788""]",results/verified_layerwise_probe_configs.csv,112,114,e5da1849bb6d5bbd,VERIFIED_FULL,"{""batch_size"":32,""dropout"":0.21597250932105788,""early_stopping"":{""enabled"":true,""patience"":5},""epochs"":2000,""feature_view"":""pooled"",""hidden_dims"":[256],""layer"":32,""lr"":0.0001329291894316216,""slot"":null,""weight_decay"":0.005061576888752304}",jobs/train/intphys2/mlp/output/training/intphys2/mlp/intphys2_videomae_mlp_layers_22594091.out
intphys2__videomae__mlp__layer_8__seed_101,intphys2__videomae__mlp__layer_8,train_eval.probe.intphys2,IntPhys2,intphys2,main,VideoMAE,ViT-H/16,MLP,mlp,101,42,videomae,vit_huge_16_224,8,,Layer 0.25,pooled,7.476312062252303e-05,4.689400963537693e-05,256,1024,20,false,5,"[512,256]",0.048836057003191935,,,,,cpu,artifacts/probes/intphys2,seed_runs_layerwise_v1/intphys2__videomae__mlp__layer_8/seed_101,artifacts/results/intphys2,seed_runs_layerwise_v1/intphys2__videomae__mlp__layer_8/seed_101,seed_runs_layerwise_v1_intphys2__videomae__mlp__layer_8,intphys2__videomae__mlp__layer_8__seed_101,pending,,"[""seed=101"",""split.seed=42"",""backbone.name=videomae"",""+backbone.kwargs.variant=vit_huge_16_224"",""probe.name=mlp"",""probe.layer=8"",""probe.layers=[]"",""probe.feature_view=pooled"",""probe.device=cpu"",""probe.lr=7.476312062252303e-05"",""probe.weight_decay=4.689400963537693e-05"",""probe.batch_size=256"",""probe.eval_batch_size=1024"",""probe.epochs=20"",""probe.early_stopping.enabled=false"",""probe.early_stopping.patience=5"",""probe.optuna.enabled=false"",""probe.output_dir=artifacts/probes/intphys2"",""probe.output_subdir=seed_runs_layerwise_v1/intphys2__videomae__mlp__layer_8/seed_101"",""probe.eval_output_dir=artifacts/results/intphys2"",""probe.eval_output_subdir=seed_runs_layerwise_v1/intphys2__videomae__mlp__layer_8/seed_101"",""probe.wandb.group=seed_runs_layerwise_v1_intphys2__videomae__mlp__layer_8"",""probe.wandb.name=intphys2__videomae__mlp__layer_8__seed_101"",""probe.mlp.hidden_dims=[512,256]"",""probe.mlp.dropout=0.048836057003191935""]",results/verified_layerwise_probe_configs.csv,113,115,34c4bcb51a38bb04,VERIFIED_FULL,"{""batch_size"":256,""dropout"":0.048836057003191935,""early_stopping"":{""enabled"":true,""patience"":5},""epochs"":20,""feature_view"":""pooled"",""hidden_dims"":[512,256],""layer"":8,""lr"":7.476312062252303e-05,""slot"":null,""weight_decay"":4.689400963537693e-05}",jobs/train/intphys2/mlp/output/training/intphys2/mlp/intphys2_videomae_mlp_layers_22594091.out
intphys2__videomae__mlp__layer_8__seed_102,intphys2__videomae__mlp__layer_8,train_eval.probe.intphys2,IntPhys2,intphys2,main,VideoMAE,ViT-H/16,MLP,mlp,102,42,videomae,vit_huge_16_224,8,,Layer 0.25,pooled,7.476312062252303e-05,4.689400963537693e-05,256,1024,20,false,5,"[512,256]",0.048836057003191935,,,,,cpu,artifacts/probes/intphys2,seed_runs_layerwise_v1/intphys2__videomae__mlp__layer_8/seed_102,artifacts/results/intphys2,seed_runs_layerwise_v1/intphys2__videomae__mlp__layer_8/seed_102,seed_runs_layerwise_v1_intphys2__videomae__mlp__layer_8,intphys2__videomae__mlp__layer_8__seed_102,pending,,"[""seed=102"",""split.seed=42"",""backbone.name=videomae"",""+backbone.kwargs.variant=vit_huge_16_224"",""probe.name=mlp"",""probe.layer=8"",""probe.layers=[]"",""probe.feature_view=pooled"",""probe.device=cpu"",""probe.lr=7.476312062252303e-05"",""probe.weight_decay=4.689400963537693e-05"",""probe.batch_size=256"",""probe.eval_batch_size=1024"",""probe.epochs=20"",""probe.early_stopping.enabled=false"",""probe.early_stopping.patience=5"",""probe.optuna.enabled=false"",""probe.output_dir=artifacts/probes/intphys2"",""probe.output_subdir=seed_runs_layerwise_v1/intphys2__videomae__mlp__layer_8/seed_102"",""probe.eval_output_dir=artifacts/results/intphys2"",""probe.eval_output_subdir=seed_runs_layerwise_v1/intphys2__videomae__mlp__layer_8/seed_102"",""probe.wandb.group=seed_runs_layerwise_v1_intphys2__videomae__mlp__layer_8"",""probe.wandb.name=intphys2__videomae__mlp__layer_8__seed_102"",""probe.mlp.hidden_dims=[512,256]"",""probe.mlp.dropout=0.048836057003191935""]",results/verified_layerwise_probe_configs.csv,113,115,34c4bcb51a38bb04,VERIFIED_FULL,"{""batch_size"":256,""dropout"":0.048836057003191935,""early_stopping"":{""enabled"":true,""patience"":5},""epochs"":20,""feature_view"":""pooled"",""hidden_dims"":[512,256],""layer"":8,""lr"":7.476312062252303e-05,""slot"":null,""weight_decay"":4.689400963537693e-05}",jobs/train/intphys2/mlp/output/training/intphys2/mlp/intphys2_videomae_mlp_layers_22594091.out
intphys2__videomae__mlp__layer_16__seed_101,intphys2__videomae__mlp__layer_16,train_eval.probe.intphys2,IntPhys2,intphys2,main,VideoMAE,ViT-H/16,MLP,mlp,101,42,videomae,vit_huge_16_224,16,,Layer 0.5,pooled,0.0011290133559092666,4.374364439939069e-06,256,1024,50,false,5,[256],0.04424625102595975,,,,,cpu,artifacts/probes/intphys2,seed_runs_layerwise_v1/intphys2__videomae__mlp__layer_16/seed_101,artifacts/results/intphys2,seed_runs_layerwise_v1/intphys2__videomae__mlp__layer_16/seed_101,seed_runs_layerwise_v1_intphys2__videomae__mlp__layer_16,intphys2__videomae__mlp__layer_16__seed_101,pending,,"[""seed=101"",""split.seed=42"",""backbone.name=videomae"",""+backbone.kwargs.variant=vit_huge_16_224"",""probe.name=mlp"",""probe.layer=16"",""probe.layers=[]"",""probe.feature_view=pooled"",""probe.device=cpu"",""probe.lr=0.0011290133559092666"",""probe.weight_decay=4.374364439939069e-06"",""probe.batch_size=256"",""probe.eval_batch_size=1024"",""probe.epochs=50"",""probe.early_stopping.enabled=false"",""probe.early_stopping.patience=5"",""probe.optuna.enabled=false"",""probe.output_dir=artifacts/probes/intphys2"",""probe.output_subdir=seed_runs_layerwise_v1/intphys2__videomae__mlp__layer_16/seed_101"",""probe.eval_output_dir=artifacts/results/intphys2"",""probe.eval_output_subdir=seed_runs_layerwise_v1/intphys2__videomae__mlp__layer_16/seed_101"",""probe.wandb.group=seed_runs_layerwise_v1_intphys2__videomae__mlp__layer_16"",""probe.wandb.name=intphys2__videomae__mlp__layer_16__seed_101"",""probe.mlp.hidden_dims=[256]"",""probe.mlp.dropout=0.04424625102595975""]",results/verified_layerwise_probe_configs.csv,114,116,22fd541af5ff3119,VERIFIED_FULL,"{""batch_size"":256,""dropout"":0.04424625102595975,""early_stopping"":{""enabled"":true,""patience"":5},""epochs"":50,""feature_view"":""pooled"",""hidden_dims"":[256],""layer"":16,""lr"":0.0011290133559092666,""slot"":null,""weight_decay"":4.374364439939069e-06}",jobs/train/intphys2/mlp/output/training/intphys2/mlp/intphys2_videomae_mlp_layers_22594091.out
intphys2__videomae__mlp__layer_16__seed_102,intphys2__videomae__mlp__layer_16,train_eval.probe.intphys2,IntPhys2,intphys2,main,VideoMAE,ViT-H/16,MLP,mlp,102,42,videomae,vit_huge_16_224,16,,Layer 0.5,pooled,0.0011290133559092666,4.374364439939069e-06,256,1024,50,false,5,[256],0.04424625102595975,,,,,cpu,artifacts/probes/intphys2,seed_runs_layerwise_v1/intphys2__videomae__mlp__layer_16/seed_102,artifacts/results/intphys2,seed_runs_layerwise_v1/intphys2__videomae__mlp__layer_16/seed_102,seed_runs_layerwise_v1_intphys2__videomae__mlp__layer_16,intphys2__videomae__mlp__layer_16__seed_102,pending,,"[""seed=102"",""split.seed=42"",""backbone.name=videomae"",""+backbone.kwargs.variant=vit_huge_16_224"",""probe.name=mlp"",""probe.layer=16"",""probe.layers=[]"",""probe.feature_view=pooled"",""probe.device=cpu"",""probe.lr=0.0011290133559092666"",""probe.weight_decay=4.374364439939069e-06"",""probe.batch_size=256"",""probe.eval_batch_size=1024"",""probe.epochs=50"",""probe.early_stopping.enabled=false"",""probe.early_stopping.patience=5"",""probe.optuna.enabled=false"",""probe.output_dir=artifacts/probes/intphys2"",""probe.output_subdir=seed_runs_layerwise_v1/intphys2__videomae__mlp__layer_16/seed_102"",""probe.eval_output_dir=artifacts/results/intphys2"",""probe.eval_output_subdir=seed_runs_layerwise_v1/intphys2__videomae__mlp__layer_16/seed_102"",""probe.wandb.group=seed_runs_layerwise_v1_intphys2__videomae__mlp__layer_16"",""probe.wandb.name=intphys2__videomae__mlp__layer_16__seed_102"",""probe.mlp.hidden_dims=[256]"",""probe.mlp.dropout=0.04424625102595975""]",results/verified_layerwise_probe_configs.csv,114,116,22fd541af5ff3119,VERIFIED_FULL,"{""batch_size"":256,""dropout"":0.04424625102595975,""early_stopping"":{""enabled"":true,""patience"":5},""epochs"":50,""feature_view"":""pooled"",""hidden_dims"":[256],""layer"":16,""lr"":0.0011290133559092666,""slot"":null,""weight_decay"":4.374364439939069e-06}",jobs/train/intphys2/mlp/output/training/intphys2/mlp/intphys2_videomae_mlp_layers_22594091.out
intphys2__videomae__mlp__layer_24__seed_101,intphys2__videomae__mlp__layer_24,train_eval.probe.intphys2,IntPhys2,intphys2,main,VideoMAE,ViT-H/16,MLP,mlp,101,42,videomae,vit_huge_16_224,24,,Layer 0.75,pooled,0.0001329291894316216,0.005061576888752304,32,1024,2000,false,5,[256],0.21597250932105788,,,,,cpu,artifacts/probes/intphys2,seed_runs_layerwise_v1/intphys2__videomae__mlp__layer_24/seed_101,artifacts/results/intphys2,seed_runs_layerwise_v1/intphys2__videomae__mlp__layer_24/seed_101,seed_runs_layerwise_v1_intphys2__videomae__mlp__layer_24,intphys2__videomae__mlp__layer_24__seed_101,pending,,"[""seed=101"",""split.seed=42"",""backbone.name=videomae"",""+backbone.kwargs.variant=vit_huge_16_224"",""probe.name=mlp"",""probe.layer=24"",""probe.layers=[]"",""probe.feature_view=pooled"",""probe.device=cpu"",""probe.lr=0.0001329291894316216"",""probe.weight_decay=0.005061576888752304"",""probe.batch_size=32"",""probe.eval_batch_size=1024"",""probe.epochs=2000"",""probe.early_stopping.enabled=false"",""probe.early_stopping.patience=5"",""probe.optuna.enabled=false"",""probe.output_dir=artifacts/probes/intphys2"",""probe.output_subdir=seed_runs_layerwise_v1/intphys2__videomae__mlp__layer_24/seed_101"",""probe.eval_output_dir=artifacts/results/intphys2"",""probe.eval_output_subdir=seed_runs_layerwise_v1/intphys2__videomae__mlp__layer_24/seed_101"",""probe.wandb.group=seed_runs_layerwise_v1_intphys2__videomae__mlp__layer_24"",""probe.wandb.name=intphys2__videomae__mlp__layer_24__seed_101"",""probe.mlp.hidden_dims=[256]"",""probe.mlp.dropout=0.21597250932105788""]",results/verified_layerwise_probe_configs.csv,115,117,05be6eefbc488e19,VERIFIED_FULL,"{""batch_size"":32,""dropout"":0.21597250932105788,""early_stopping"":{""enabled"":true,""patience"":5},""epochs"":2000,""feature_view"":""pooled"",""hidden_dims"":[256],""layer"":24,""lr"":0.0001329291894316216,""slot"":null,""weight_decay"":0.005061576888752304}",jobs/train/intphys2/mlp/output/training/intphys2/mlp/intphys2_videomae_mlp_layers_22594091.out
intphys2__videomae__mlp__layer_24__seed_102,intphys2__videomae__mlp__layer_24,train_eval.probe.intphys2,IntPhys2,intphys2,main,VideoMAE,ViT-H/16,MLP,mlp,102,42,videomae,vit_huge_16_224,24,,Layer 0.75,pooled,0.0001329291894316216,0.005061576888752304,32,1024,2000,false,5,[256],0.21597250932105788,,,,,cpu,artifacts/probes/intphys2,seed_runs_layerwise_v1/intphys2__videomae__mlp__layer_24/seed_102,artifacts/results/intphys2,seed_runs_layerwise_v1/intphys2__videomae__mlp__layer_24/seed_102,seed_runs_layerwise_v1_intphys2__videomae__mlp__layer_24,intphys2__videomae__mlp__layer_24__seed_102,pending,,"[""seed=102"",""split.seed=42"",""backbone.name=videomae"",""+backbone.kwargs.variant=vit_huge_16_224"",""probe.name=mlp"",""probe.layer=24"",""probe.layers=[]"",""probe.feature_view=pooled"",""probe.device=cpu"",""probe.lr=0.0001329291894316216"",""probe.weight_decay=0.005061576888752304"",""probe.batch_size=32"",""probe.eval_batch_size=1024"",""probe.epochs=2000"",""probe.early_stopping.enabled=false"",""probe.early_stopping.patience=5"",""probe.optuna.enabled=false"",""probe.output_dir=artifacts/probes/intphys2"",""probe.output_subdir=seed_runs_layerwise_v1/intphys2__videomae__mlp__layer_24/seed_102"",""probe.eval_output_dir=artifacts/results/intphys2"",""probe.eval_output_subdir=seed_runs_layerwise_v1/intphys2__videomae__mlp__layer_24/seed_102"",""probe.wandb.group=seed_runs_layerwise_v1_intphys2__videomae__mlp__layer_24"",""probe.wandb.name=intphys2__videomae__mlp__layer_24__seed_102"",""probe.mlp.hidden_dims=[256]"",""probe.mlp.dropout=0.21597250932105788""]",results/verified_layerwise_probe_configs.csv,115,117,05be6eefbc488e19,VERIFIED_FULL,"{""batch_size"":32,""dropout"":0.21597250932105788,""early_stopping"":{""enabled"":true,""patience"":5},""epochs"":2000,""feature_view"":""pooled"",""hidden_dims"":[256],""layer"":24,""lr"":0.0001329291894316216,""slot"":null,""weight_decay"":0.005061576888752304}",jobs/train/intphys2/mlp/output/training/intphys2/mlp/intphys2_videomae_mlp_layers_22594091.out
intphys2__videomae_v2__linear__layer_40__seed_101,intphys2__videomae_v2__linear__layer_40,train_eval.probe.intphys2,IntPhys2,intphys2,main,VideoMAE-v2,ViT-G/16,Linear,linear,101,42,videomae_v2,vit_giant_16_224,40,,Final layer,pooled,0.0017155689066982573,5.462505892999816e-06,64,1024,2000,false,5,,,,,,,cpu,artifacts/probes/intphys2,seed_runs_layerwise_v1/intphys2__videomae_v2__linear__layer_40/seed_101,artifacts/results/intphys2,seed_runs_layerwise_v1/intphys2__videomae_v2__linear__layer_40/seed_101,seed_runs_layerwise_v1_intphys2__videomae_v2__linear__layer_40,intphys2__videomae_v2__linear__layer_40__seed_101,pending,,"[""seed=101"",""split.seed=42"",""backbone.name=videomae_v2"",""+backbone.kwargs.variant=vit_giant_16_224"",""probe.name=linear"",""probe.layer=40"",""probe.layers=[]"",""probe.feature_view=pooled"",""probe.device=cpu"",""probe.lr=0.0017155689066982573"",""probe.weight_decay=5.462505892999816e-06"",""probe.batch_size=64"",""probe.eval_batch_size=1024"",""probe.epochs=2000"",""probe.early_stopping.enabled=false"",""probe.early_stopping.patience=5"",""probe.optuna.enabled=false"",""probe.output_dir=artifacts/probes/intphys2"",""probe.output_subdir=seed_runs_layerwise_v1/intphys2__videomae_v2__linear__layer_40/seed_101"",""probe.eval_output_dir=artifacts/results/intphys2"",""probe.eval_output_subdir=seed_runs_layerwise_v1/intphys2__videomae_v2__linear__layer_40/seed_101"",""probe.wandb.group=seed_runs_layerwise_v1_intphys2__videomae_v2__linear__layer_40"",""probe.wandb.name=intphys2__videomae_v2__linear__layer_40__seed_101""]",results/verified_layerwise_probe_configs.csv,144,146,733b099cc95c549b,VERIFIED_FULL,"{""batch_size"":64,""early_stopping"":{""enabled"":true,""patience"":5},""epochs"":2000,""feature_view"":""pooled"",""layer"":40,""lr"":0.0017155689066982573,""slot"":null,""weight_decay"":5.462505892999816e-06}",output/training/intphys2/linear/intphys2_videomae_v2_linear_layers_22261456.out
intphys2__videomae_v2__linear__layer_40__seed_102,intphys2__videomae_v2__linear__layer_40,train_eval.probe.intphys2,IntPhys2,intphys2,main,VideoMAE-v2,ViT-G/16,Linear,linear,102,42,videomae_v2,vit_giant_16_224,40,,Final layer,pooled,0.0017155689066982573,5.462505892999816e-06,64,1024,2000,false,5,,,,,,,cpu,artifacts/probes/intphys2,seed_runs_layerwise_v1/intphys2__videomae_v2__linear__layer_40/seed_102,artifacts/results/intphys2,seed_runs_layerwise_v1/intphys2__videomae_v2__linear__layer_40/seed_102,seed_runs_layerwise_v1_intphys2__videomae_v2__linear__layer_40,intphys2__videomae_v2__linear__layer_40__seed_102,pending,,"[""seed=102"",""split.seed=42"",""backbone.name=videomae_v2"",""+backbone.kwargs.variant=vit_giant_16_224"",""probe.name=linear"",""probe.layer=40"",""probe.layers=[]"",""probe.feature_view=pooled"",""probe.device=cpu"",""probe.lr=0.0017155689066982573"",""probe.weight_decay=5.462505892999816e-06"",""probe.batch_size=64"",""probe.eval_batch_size=1024"",""probe.epochs=2000"",""probe.early_stopping.enabled=false"",""probe.early_stopping.patience=5"",""probe.optuna.enabled=false"",""probe.output_dir=artifacts/probes/intphys2"",""probe.output_subdir=seed_runs_layerwise_v1/intphys2__videomae_v2__linear__layer_40/seed_102"",""probe.eval_output_dir=artifacts/results/intphys2"",""probe.eval_output_subdir=seed_runs_layerwise_v1/intphys2__videomae_v2__linear__layer_40/seed_102"",""probe.wandb.group=seed_runs_layerwise_v1_intphys2__videomae_v2__linear__layer_40"",""probe.wandb.name=intphys2__videomae_v2__linear__layer_40__seed_102""]",results/verified_layerwise_probe_configs.csv,144,146,733b099cc95c549b,VERIFIED_FULL,"{""batch_size"":64,""early_stopping"":{""enabled"":true,""patience"":5},""epochs"":2000,""feature_view"":""pooled"",""layer"":40,""lr"":0.0017155689066982573,""slot"":null,""weight_decay"":5.462505892999816e-06}",output/training/intphys2/linear/intphys2_videomae_v2_linear_layers_22261456.out
intphys2__videomae_v2__linear__layer_10__seed_101,intphys2__videomae_v2__linear__layer_10,train_eval.probe.intphys2,IntPhys2,intphys2,main,VideoMAE-v2,ViT-G/16,Linear,linear,101,42,videomae_v2,vit_giant_16_224,10,,Layer 0.25,pooled,0.008025618452161373,3.6478494604188404e-07,256,1024,100,false,5,,,,,,,cpu,artifacts/probes/intphys2,seed_runs_layerwise_v1/intphys2__videomae_v2__linear__layer_10/seed_101,artifacts/results/intphys2,seed_runs_layerwise_v1/intphys2__videomae_v2__linear__layer_10/seed_101,seed_runs_layerwise_v1_intphys2__videomae_v2__linear__layer_10,intphys2__videomae_v2__linear__layer_10__seed_101,pending,,"[""seed=101"",""split.seed=42"",""backbone.name=videomae_v2"",""+backbone.kwargs.variant=vit_giant_16_224"",""probe.name=linear"",""probe.layer=10"",""probe.layers=[]"",""probe.feature_view=pooled"",""probe.device=cpu"",""probe.lr=0.008025618452161373"",""probe.weight_decay=3.6478494604188404e-07"",""probe.batch_size=256"",""probe.eval_batch_size=1024"",""probe.epochs=100"",""probe.early_stopping.enabled=false"",""probe.early_stopping.patience=5"",""probe.optuna.enabled=false"",""probe.output_dir=artifacts/probes/intphys2"",""probe.output_subdir=seed_runs_layerwise_v1/intphys2__videomae_v2__linear__layer_10/seed_101"",""probe.eval_output_dir=artifacts/results/intphys2"",""probe.eval_output_subdir=seed_runs_layerwise_v1/intphys2__videomae_v2__linear__layer_10/seed_101"",""probe.wandb.group=seed_runs_layerwise_v1_intphys2__videomae_v2__linear__layer_10"",""probe.wandb.name=intphys2__videomae_v2__linear__layer_10__seed_101""]",results/verified_layerwise_probe_configs.csv,145,147,97d9131706f67a7f,VERIFIED_FULL,"{""batch_size"":256,""early_stopping"":{""enabled"":true,""patience"":5},""epochs"":100,""feature_view"":""pooled"",""layer"":10,""lr"":0.008025618452161373,""slot"":null,""weight_decay"":3.6478494604188404e-07}",output/training/intphys2/linear/intphys2_videomae_v2_linear_layers_22261456.out
intphys2__videomae_v2__linear__layer_10__seed_102,intphys2__videomae_v2__linear__layer_10,train_eval.probe.intphys2,IntPhys2,intphys2,main,VideoMAE-v2,ViT-G/16,Linear,linear,102,42,videomae_v2,vit_giant_16_224,10,,Layer 0.25,pooled,0.008025618452161373,3.6478494604188404e-07,256,1024,100,false,5,,,,,,,cpu,artifacts/probes/intphys2,seed_runs_layerwise_v1/intphys2__videomae_v2__linear__layer_10/seed_102,artifacts/results/intphys2,seed_runs_layerwise_v1/intphys2__videomae_v2__linear__layer_10/seed_102,seed_runs_layerwise_v1_intphys2__videomae_v2__linear__layer_10,intphys2__videomae_v2__linear__layer_10__seed_102,pending,,"[""seed=102"",""split.seed=42"",""backbone.name=videomae_v2"",""+backbone.kwargs.variant=vit_giant_16_224"",""probe.name=linear"",""probe.layer=10"",""probe.layers=[]"",""probe.feature_view=pooled"",""probe.device=cpu"",""probe.lr=0.008025618452161373"",""probe.weight_decay=3.6478494604188404e-07"",""probe.batch_size=256"",""probe.eval_batch_size=1024"",""probe.epochs=100"",""probe.early_stopping.enabled=false"",""probe.early_stopping.patience=5"",""probe.optuna.enabled=false"",""probe.output_dir=artifacts/probes/intphys2"",""probe.output_subdir=seed_runs_layerwise_v1/intphys2__videomae_v2__linear__layer_10/seed_102"",""probe.eval_output_dir=artifacts/results/intphys2"",""probe.eval_output_subdir=seed_runs_layerwise_v1/intphys2__videomae_v2__linear__layer_10/seed_102"",""probe.wandb.group=seed_runs_layerwise_v1_intphys2__videomae_v2__linear__layer_10"",""probe.wandb.name=intphys2__videomae_v2__linear__layer_10__seed_102""]",results/verified_layerwise_probe_configs.csv,145,147,97d9131706f67a7f,VERIFIED_FULL,"{""batch_size"":256,""early_stopping"":{""enabled"":true,""patience"":5},""epochs"":100,""feature_view"":""pooled"",""layer"":10,""lr"":0.008025618452161373,""slot"":null,""weight_decay"":3.6478494604188404e-07}",output/training/intphys2/linear/intphys2_videomae_v2_linear_layers_22261456.out
intphys2__videomae_v2__linear__layer_20__seed_101,intphys2__videomae_v2__linear__layer_20,train_eval.probe.intphys2,IntPhys2,intphys2,main,VideoMAE-v2,ViT-G/16,Linear,linear,101,42,videomae_v2,vit_giant_16_224,20,,Layer 0.5,pooled,0.009376303675905204,3.0267441672616737e-05,64,1024,2000,false,5,,,,,,,cpu,artifacts/probes/intphys2,seed_runs_layerwise_v1/intphys2__videomae_v2__linear__layer_20/seed_101,artifacts/results/intphys2,seed_runs_layerwise_v1/intphys2__videomae_v2__linear__layer_20/seed_101,seed_runs_layerwise_v1_intphys2__videomae_v2__linear__layer_20,intphys2__videomae_v2__linear__layer_20__seed_101,pending,,"[""seed=101"",""split.seed=42"",""backbone.name=videomae_v2"",""+backbone.kwargs.variant=vit_giant_16_224"",""probe.name=linear"",""probe.layer=20"",""probe.layers=[]"",""probe.feature_view=pooled"",""probe.device=cpu"",""probe.lr=0.009376303675905204"",""probe.weight_decay=3.0267441672616737e-05"",""probe.batch_size=64"",""probe.eval_batch_size=1024"",""probe.epochs=2000"",""probe.early_stopping.enabled=false"",""probe.early_stopping.patience=5"",""probe.optuna.enabled=false"",""probe.output_dir=artifacts/probes/intphys2"",""probe.output_subdir=seed_runs_layerwise_v1/intphys2__videomae_v2__linear__layer_20/seed_101"",""probe.eval_output_dir=artifacts/results/intphys2"",""probe.eval_output_subdir=seed_runs_layerwise_v1/intphys2__videomae_v2__linear__layer_20/seed_101"",""probe.wandb.group=seed_runs_layerwise_v1_intphys2__videomae_v2__linear__layer_20"",""probe.wandb.name=intphys2__videomae_v2__linear__layer_20__seed_101""]",results/verified_layerwise_probe_configs.csv,146,148,aa93c518236eecee,VERIFIED_FULL,"{""batch_size"":64,""early_stopping"":{""enabled"":true,""patience"":5},""epochs"":2000,""feature_view"":""pooled"",""layer"":20,""lr"":0.009376303675905204,""slot"":null,""weight_decay"":3.0267441672616737e-05}",output/training/intphys2/linear/intphys2_videomae_v2_linear_layers_22261456.out
intphys2__videomae_v2__linear__layer_20__seed_102,intphys2__videomae_v2__linear__layer_20,train_eval.probe.intphys2,IntPhys2,intphys2,main,VideoMAE-v2,ViT-G/16,Linear,linear,102,42,videomae_v2,vit_giant_16_224,20,,Layer 0.5,pooled,0.009376303675905204,3.0267441672616737e-05,64,1024,2000,false,5,,,,,,,cpu,artifacts/probes/intphys2,seed_runs_layerwise_v1/intphys2__videomae_v2__linear__layer_20/seed_102,artifacts/results/intphys2,seed_runs_layerwise_v1/intphys2__videomae_v2__linear__layer_20/seed_102,seed_runs_layerwise_v1_intphys2__videomae_v2__linear__layer_20,intphys2__videomae_v2__linear__layer_20__seed_102,pending,,"[""seed=102"",""split.seed=42"",""backbone.name=videomae_v2"",""+backbone.kwargs.variant=vit_giant_16_224"",""probe.name=linear"",""probe.layer=20"",""probe.layers=[]"",""probe.feature_view=pooled"",""probe.device=cpu"",""probe.lr=0.009376303675905204"",""probe.weight_decay=3.0267441672616737e-05"",""probe.batch_size=64"",""probe.eval_batch_size=1024"",""probe.epochs=2000"",""probe.early_stopping.enabled=false"",""probe.early_stopping.patience=5"",""probe.optuna.enabled=false"",""probe.output_dir=artifacts/probes/intphys2"",""probe.output_subdir=seed_runs_layerwise_v1/intphys2__videomae_v2__linear__layer_20/seed_102"",""probe.eval_output_dir=artifacts/results/intphys2"",""probe.eval_output_subdir=seed_runs_layerwise_v1/intphys2__videomae_v2__linear__layer_20/seed_102"",""probe.wandb.group=seed_runs_layerwise_v1_intphys2__videomae_v2__linear__layer_20"",""probe.wandb.name=intphys2__videomae_v2__linear__layer_20__seed_102""]",results/verified_layerwise_probe_configs.csv,146,148,aa93c518236eecee,VERIFIED_FULL,"{""batch_size"":64,""early_stopping"":{""enabled"":true,""patience"":5},""epochs"":2000,""feature_view"":""pooled"",""layer"":20,""lr"":0.009376303675905204,""slot"":null,""weight_decay"":3.0267441672616737e-05}",output/training/intphys2/linear/intphys2_videomae_v2_linear_layers_22261456.out
intphys2__videomae_v2__linear__layer_30__seed_101,intphys2__videomae_v2__linear__layer_30,train_eval.probe.intphys2,IntPhys2,intphys2,main,VideoMAE-v2,ViT-G/16,Linear,linear,101,42,videomae_v2,vit_giant_16_224,30,,Layer 0.75,pooled,0.0001329291894316216,0.005061576888752304,32,1024,2000,false,5,,,,,,,cpu,artifacts/probes/intphys2,seed_runs_layerwise_v1/intphys2__videomae_v2__linear__layer_30/seed_101,artifacts/results/intphys2,seed_runs_layerwise_v1/intphys2__videomae_v2__linear__layer_30/seed_101,seed_runs_layerwise_v1_intphys2__videomae_v2__linear__layer_30,intphys2__videomae_v2__linear__layer_30__seed_101,pending,,"[""seed=101"",""split.seed=42"",""backbone.name=videomae_v2"",""+backbone.kwargs.variant=vit_giant_16_224"",""probe.name=linear"",""probe.layer=30"",""probe.layers=[]"",""probe.feature_view=pooled"",""probe.device=cpu"",""probe.lr=0.0001329291894316216"",""probe.weight_decay=0.005061576888752304"",""probe.batch_size=32"",""probe.eval_batch_size=1024"",""probe.epochs=2000"",""probe.early_stopping.enabled=false"",""probe.early_stopping.patience=5"",""probe.optuna.enabled=false"",""probe.output_dir=artifacts/probes/intphys2"",""probe.output_subdir=seed_runs_layerwise_v1/intphys2__videomae_v2__linear__layer_30/seed_101"",""probe.eval_output_dir=artifacts/results/intphys2"",""probe.eval_output_subdir=seed_runs_layerwise_v1/intphys2__videomae_v2__linear__layer_30/seed_101"",""probe.wandb.group=seed_runs_layerwise_v1_intphys2__videomae_v2__linear__layer_30"",""probe.wandb.name=intphys2__videomae_v2__linear__layer_30__seed_101""]",results/verified_layerwise_probe_configs.csv,147,149,1fd999dcdadaf54f,VERIFIED_FULL,"{""batch_size"":32,""early_stopping"":{""enabled"":true,""patience"":5},""epochs"":2000,""feature_view"":""pooled"",""layer"":30,""lr"":0.0001329291894316216,""slot"":null,""weight_decay"":0.005061576888752304}",output/training/intphys2/linear/intphys2_videomae_v2_linear_layers_22261456.out
intphys2__videomae_v2__linear__layer_30__seed_102,intphys2__videomae_v2__linear__layer_30,train_eval.probe.intphys2,IntPhys2,intphys2,main,VideoMAE-v2,ViT-G/16,Linear,linear,102,42,videomae_v2,vit_giant_16_224,30,,Layer 0.75,pooled,0.0001329291894316216,0.005061576888752304,32,1024,2000,false,5,,,,,,,cpu,artifacts/probes/intphys2,seed_runs_layerwise_v1/intphys2__videomae_v2__linear__layer_30/seed_102,artifacts/results/intphys2,seed_runs_layerwise_v1/intphys2__videomae_v2__linear__layer_30/seed_102,seed_runs_layerwise_v1_intphys2__videomae_v2__linear__layer_30,intphys2__videomae_v2__linear__layer_30__seed_102,pending,,"[""seed=102"",""split.seed=42"",""backbone.name=videomae_v2"",""+backbone.kwargs.variant=vit_giant_16_224"",""probe.name=linear"",""probe.layer=30"",""probe.layers=[]"",""probe.feature_view=pooled"",""probe.device=cpu"",""probe.lr=0.0001329291894316216"",""probe.weight_decay=0.005061576888752304"",""probe.batch_size=32"",""probe.eval_batch_size=1024"",""probe.epochs=2000"",""probe.early_stopping.enabled=false"",""probe.early_stopping.patience=5"",""probe.optuna.enabled=false"",""probe.output_dir=artifacts/probes/intphys2"",""probe.output_subdir=seed_runs_layerwise_v1/intphys2__videomae_v2__linear__layer_30/seed_102"",""probe.eval_output_dir=artifacts/results/intphys2"",""probe.eval_output_subdir=seed_runs_layerwise_v1/intphys2__videomae_v2__linear__layer_30/seed_102"",""probe.wandb.group=seed_runs_layerwise_v1_intphys2__videomae_v2__linear__layer_30"",""probe.wandb.name=intphys2__videomae_v2__linear__layer_30__seed_102""]",results/verified_layerwise_probe_configs.csv,147,149,1fd999dcdadaf54f,VERIFIED_FULL,"{""batch_size"":32,""early_stopping"":{""enabled"":true,""patience"":5},""epochs"":2000,""feature_view"":""pooled"",""layer"":30,""lr"":0.0001329291894316216,""slot"":null,""weight_decay"":0.005061576888752304}",output/training/intphys2/linear/intphys2_videomae_v2_linear_layers_22261456.out
intphys2__videomae_v2__mlp__layer_40__seed_101,intphys2__videomae_v2__mlp__layer_40,train_eval.probe.intphys2,IntPhys2,intphys2,main,VideoMAE-v2,ViT-G/16,MLP,mlp,101,42,videomae_v2,vit_giant_16_224,40,,Final layer,pooled,0.002690905108024241,2.188157521700329e-07,64,1024,100,false,5,[1024],0.15501861355280072,,,,,cpu,artifacts/probes/intphys2,seed_runs_layerwise_v1/intphys2__videomae_v2__mlp__layer_40/seed_101,artifacts/results/intphys2,seed_runs_layerwise_v1/intphys2__videomae_v2__mlp__layer_40/seed_101,seed_runs_layerwise_v1_intphys2__videomae_v2__mlp__layer_40,intphys2__videomae_v2__mlp__layer_40__seed_101,pending,,"[""seed=101"",""split.seed=42"",""backbone.name=videomae_v2"",""+backbone.kwargs.variant=vit_giant_16_224"",""probe.name=mlp"",""probe.layer=40"",""probe.layers=[]"",""probe.feature_view=pooled"",""probe.device=cpu"",""probe.lr=0.002690905108024241"",""probe.weight_decay=2.188157521700329e-07"",""probe.batch_size=64"",""probe.eval_batch_size=1024"",""probe.epochs=100"",""probe.early_stopping.enabled=false"",""probe.early_stopping.patience=5"",""probe.optuna.enabled=false"",""probe.output_dir=artifacts/probes/intphys2"",""probe.output_subdir=seed_runs_layerwise_v1/intphys2__videomae_v2__mlp__layer_40/seed_101"",""probe.eval_output_dir=artifacts/results/intphys2"",""probe.eval_output_subdir=seed_runs_layerwise_v1/intphys2__videomae_v2__mlp__layer_40/seed_101"",""probe.wandb.group=seed_runs_layerwise_v1_intphys2__videomae_v2__mlp__layer_40"",""probe.wandb.name=intphys2__videomae_v2__mlp__layer_40__seed_101"",""probe.mlp.hidden_dims=[1024]"",""probe.mlp.dropout=0.15501861355280072""]",results/verified_layerwise_probe_configs.csv,148,150,c29487549ce30a0d,VERIFIED_FULL,"{""batch_size"":64,""dropout"":0.15501861355280072,""early_stopping"":{""enabled"":true,""patience"":5},""epochs"":100,""feature_view"":""pooled"",""hidden_dims"":[1024],""layer"":40,""lr"":0.002690905108024241,""slot"":null,""weight_decay"":2.188157521700329e-07}",jobs/train/intphys2/mlp/output/training/intphys2/mlp/intphys2_videomae_v2_mlp_layers_22594085.out
intphys2__videomae_v2__mlp__layer_40__seed_102,intphys2__videomae_v2__mlp__layer_40,train_eval.probe.intphys2,IntPhys2,intphys2,main,VideoMAE-v2,ViT-G/16,MLP,mlp,102,42,videomae_v2,vit_giant_16_224,40,,Final layer,pooled,0.002690905108024241,2.188157521700329e-07,64,1024,100,false,5,[1024],0.15501861355280072,,,,,cpu,artifacts/probes/intphys2,seed_runs_layerwise_v1/intphys2__videomae_v2__mlp__layer_40/seed_102,artifacts/results/intphys2,seed_runs_layerwise_v1/intphys2__videomae_v2__mlp__layer_40/seed_102,seed_runs_layerwise_v1_intphys2__videomae_v2__mlp__layer_40,intphys2__videomae_v2__mlp__layer_40__seed_102,pending,,"[""seed=102"",""split.seed=42"",""backbone.name=videomae_v2"",""+backbone.kwargs.variant=vit_giant_16_224"",""probe.name=mlp"",""probe.layer=40"",""probe.layers=[]"",""probe.feature_view=pooled"",""probe.device=cpu"",""probe.lr=0.002690905108024241"",""probe.weight_decay=2.188157521700329e-07"",""probe.batch_size=64"",""probe.eval_batch_size=1024"",""probe.epochs=100"",""probe.early_stopping.enabled=false"",""probe.early_stopping.patience=5"",""probe.optuna.enabled=false"",""probe.output_dir=artifacts/probes/intphys2"",""probe.output_subdir=seed_runs_layerwise_v1/intphys2__videomae_v2__mlp__layer_40/seed_102"",""probe.eval_output_dir=artifacts/results/intphys2"",""probe.eval_output_subdir=seed_runs_layerwise_v1/intphys2__videomae_v2__mlp__layer_40/seed_102"",""probe.wandb.group=seed_runs_layerwise_v1_intphys2__videomae_v2__mlp__layer_40"",""probe.wandb.name=intphys2__videomae_v2__mlp__layer_40__seed_102"",""probe.mlp.hidden_dims=[1024]"",""probe.mlp.dropout=0.15501861355280072""]",results/verified_layerwise_probe_configs.csv,148,150,c29487549ce30a0d,VERIFIED_FULL,"{""batch_size"":64,""dropout"":0.15501861355280072,""early_stopping"":{""enabled"":true,""patience"":5},""epochs"":100,""feature_view"":""pooled"",""hidden_dims"":[1024],""layer"":40,""lr"":0.002690905108024241,""slot"":null,""weight_decay"":2.188157521700329e-07}",jobs/train/intphys2/mlp/output/training/intphys2/mlp/intphys2_videomae_v2_mlp_layers_22594085.out
intphys2__videomae_v2__mlp__layer_10__seed_101,intphys2__videomae_v2__mlp__layer_10,train_eval.probe.intphys2,IntPhys2,intphys2,main,VideoMAE-v2,ViT-G/16,MLP,mlp,101,42,videomae_v2,vit_giant_16_224,10,,Layer 0.25,pooled,0.0001329291894316216,0.005061576888752304,32,1024,2000,false,5,[256],0.21597250932105788,,,,,cpu,artifacts/probes/intphys2,seed_runs_layerwise_v1/intphys2__videomae_v2__mlp__layer_10/seed_101,artifacts/results/intphys2,seed_runs_layerwise_v1/intphys2__videomae_v2__mlp__layer_10/seed_101,seed_runs_layerwise_v1_intphys2__videomae_v2__mlp__layer_10,intphys2__videomae_v2__mlp__layer_10__seed_101,pending,,"[""seed=101"",""split.seed=42"",""backbone.name=videomae_v2"",""+backbone.kwargs.variant=vit_giant_16_224"",""probe.name=mlp"",""probe.layer=10"",""probe.layers=[]"",""probe.feature_view=pooled"",""probe.device=cpu"",""probe.lr=0.0001329291894316216"",""probe.weight_decay=0.005061576888752304"",""probe.batch_size=32"",""probe.eval_batch_size=1024"",""probe.epochs=2000"",""probe.early_stopping.enabled=false"",""probe.early_stopping.patience=5"",""probe.optuna.enabled=false"",""probe.output_dir=artifacts/probes/intphys2"",""probe.output_subdir=seed_runs_layerwise_v1/intphys2__videomae_v2__mlp__layer_10/seed_101"",""probe.eval_output_dir=artifacts/results/intphys2"",""probe.eval_output_subdir=seed_runs_layerwise_v1/intphys2__videomae_v2__mlp__layer_10/seed_101"",""probe.wandb.group=seed_runs_layerwise_v1_intphys2__videomae_v2__mlp__layer_10"",""probe.wandb.name=intphys2__videomae_v2__mlp__layer_10__seed_101"",""probe.mlp.hidden_dims=[256]"",""probe.mlp.dropout=0.21597250932105788""]",results/verified_layerwise_probe_configs.csv,149,151,3c93e0f20b4196ec,VERIFIED_FULL,"{""batch_size"":32,""dropout"":0.21597250932105788,""early_stopping"":{""enabled"":true,""patience"":5},""epochs"":2000,""feature_view"":""pooled"",""hidden_dims"":[256],""layer"":10,""lr"":0.0001329291894316216,""slot"":null,""weight_decay"":0.005061576888752304}",jobs/train/intphys2/mlp/output/training/intphys2/mlp/intphys2_videomae_v2_mlp_layers_22594085.out
intphys2__videomae_v2__mlp__layer_10__seed_102,intphys2__videomae_v2__mlp__layer_10,train_eval.probe.intphys2,IntPhys2,intphys2,main,VideoMAE-v2,ViT-G/16,MLP,mlp,102,42,videomae_v2,vit_giant_16_224,10,,Layer 0.25,pooled,0.0001329291894316216,0.005061576888752304,32,1024,2000,false,5,[256],0.21597250932105788,,,,,cpu,artifacts/probes/intphys2,seed_runs_layerwise_v1/intphys2__videomae_v2__mlp__layer_10/seed_102,artifacts/results/intphys2,seed_runs_layerwise_v1/intphys2__videomae_v2__mlp__layer_10/seed_102,seed_runs_layerwise_v1_intphys2__videomae_v2__mlp__layer_10,intphys2__videomae_v2__mlp__layer_10__seed_102,pending,,"[""seed=102"",""split.seed=42"",""backbone.name=videomae_v2"",""+backbone.kwargs.variant=vit_giant_16_224"",""probe.name=mlp"",""probe.layer=10"",""probe.layers=[]"",""probe.feature_view=pooled"",""probe.device=cpu"",""probe.lr=0.0001329291894316216"",""probe.weight_decay=0.005061576888752304"",""probe.batch_size=32"",""probe.eval_batch_size=1024"",""probe.epochs=2000"",""probe.early_stopping.enabled=false"",""probe.early_stopping.patience=5"",""probe.optuna.enabled=false"",""probe.output_dir=artifacts/probes/intphys2"",""probe.output_subdir=seed_runs_layerwise_v1/intphys2__videomae_v2__mlp__layer_10/seed_102"",""probe.eval_output_dir=artifacts/results/intphys2"",""probe.eval_output_subdir=seed_runs_layerwise_v1/intphys2__videomae_v2__mlp__layer_10/seed_102"",""probe.wandb.group=seed_runs_layerwise_v1_intphys2__videomae_v2__mlp__layer_10"",""probe.wandb.name=intphys2__videomae_v2__mlp__layer_10__seed_102"",""probe.mlp.hidden_dims=[256]"",""probe.mlp.dropout=0.21597250932105788""]",results/verified_layerwise_probe_configs.csv,149,151,3c93e0f20b4196ec,VERIFIED_FULL,"{""batch_size"":32,""dropout"":0.21597250932105788,""early_stopping"":{""enabled"":true,""patience"":5},""epochs"":2000,""feature_view"":""pooled"",""hidden_dims"":[256],""layer"":10,""lr"":0.0001329291894316216,""slot"":null,""weight_decay"":0.005061576888752304}",jobs/train/intphys2/mlp/output/training/intphys2/mlp/intphys2_videomae_v2_mlp_layers_22594085.out
intphys2__videomae_v2__mlp__layer_20__seed_101,intphys2__videomae_v2__mlp__layer_20,train_eval.probe.intphys2,IntPhys2,intphys2,main,VideoMAE-v2,ViT-G/16,MLP,mlp,101,42,videomae_v2,vit_giant_16_224,20,,Layer 0.5,pooled,0.0001329291894316216,0.005061576888752304,32,1024,2000,false,5,[256],0.21597250932105788,,,,,cpu,artifacts/probes/intphys2,seed_runs_layerwise_v1/intphys2__videomae_v2__mlp__layer_20/seed_101,artifacts/results/intphys2,seed_runs_layerwise_v1/intphys2__videomae_v2__mlp__layer_20/seed_101,seed_runs_layerwise_v1_intphys2__videomae_v2__mlp__layer_20,intphys2__videomae_v2__mlp__layer_20__seed_101,pending,,"[""seed=101"",""split.seed=42"",""backbone.name=videomae_v2"",""+backbone.kwargs.variant=vit_giant_16_224"",""probe.name=mlp"",""probe.layer=20"",""probe.layers=[]"",""probe.feature_view=pooled"",""probe.device=cpu"",""probe.lr=0.0001329291894316216"",""probe.weight_decay=0.005061576888752304"",""probe.batch_size=32"",""probe.eval_batch_size=1024"",""probe.epochs=2000"",""probe.early_stopping.enabled=false"",""probe.early_stopping.patience=5"",""probe.optuna.enabled=false"",""probe.output_dir=artifacts/probes/intphys2"",""probe.output_subdir=seed_runs_layerwise_v1/intphys2__videomae_v2__mlp__layer_20/seed_101"",""probe.eval_output_dir=artifacts/results/intphys2"",""probe.eval_output_subdir=seed_runs_layerwise_v1/intphys2__videomae_v2__mlp__layer_20/seed_101"",""probe.wandb.group=seed_runs_layerwise_v1_intphys2__videomae_v2__mlp__layer_20"",""probe.wandb.name=intphys2__videomae_v2__mlp__layer_20__seed_101"",""probe.mlp.hidden_dims=[256]"",""probe.mlp.dropout=0.21597250932105788""]",results/verified_layerwise_probe_configs.csv,150,152,e490ac3821b5bef0,VERIFIED_FULL,"{""batch_size"":32,""dropout"":0.21597250932105788,""early_stopping"":{""enabled"":true,""patience"":5},""epochs"":2000,""feature_view"":""pooled"",""hidden_dims"":[256],""layer"":20,""lr"":0.0001329291894316216,""slot"":null,""weight_decay"":0.005061576888752304}",jobs/train/intphys2/mlp/output/training/intphys2/mlp/intphys2_videomae_v2_mlp_layers_22594085.out
intphys2__videomae_v2__mlp__layer_20__seed_102,intphys2__videomae_v2__mlp__layer_20,train_eval.probe.intphys2,IntPhys2,intphys2,main,VideoMAE-v2,ViT-G/16,MLP,mlp,102,42,videomae_v2,vit_giant_16_224,20,,Layer 0.5,pooled,0.0001329291894316216,0.005061576888752304,32,1024,2000,false,5,[256],0.21597250932105788,,,,,cpu,artifacts/probes/intphys2,seed_runs_layerwise_v1/intphys2__videomae_v2__mlp__layer_20/seed_102,artifacts/results/intphys2,seed_runs_layerwise_v1/intphys2__videomae_v2__mlp__layer_20/seed_102,seed_runs_layerwise_v1_intphys2__videomae_v2__mlp__layer_20,intphys2__videomae_v2__mlp__layer_20__seed_102,pending,,"[""seed=102"",""split.seed=42"",""backbone.name=videomae_v2"",""+backbone.kwargs.variant=vit_giant_16_224"",""probe.name=mlp"",""probe.layer=20"",""probe.layers=[]"",""probe.feature_view=pooled"",""probe.device=cpu"",""probe.lr=0.0001329291894316216"",""probe.weight_decay=0.005061576888752304"",""probe.batch_size=32"",""probe.eval_batch_size=1024"",""probe.epochs=2000"",""probe.early_stopping.enabled=false"",""probe.early_stopping.patience=5"",""probe.optuna.enabled=false"",""probe.output_dir=artifacts/probes/intphys2"",""probe.output_subdir=seed_runs_layerwise_v1/intphys2__videomae_v2__mlp__layer_20/seed_102"",""probe.eval_output_dir=artifacts/results/intphys2"",""probe.eval_output_subdir=seed_runs_layerwise_v1/intphys2__videomae_v2__mlp__layer_20/seed_102"",""probe.wandb.group=seed_runs_layerwise_v1_intphys2__videomae_v2__mlp__layer_20"",""probe.wandb.name=intphys2__videomae_v2__mlp__layer_20__seed_102"",""probe.mlp.hidden_dims=[256]"",""probe.mlp.dropout=0.21597250932105788""]",results/verified_layerwise_probe_configs.csv,150,152,e490ac3821b5bef0,VERIFIED_FULL,"{""batch_size"":32,""dropout"":0.21597250932105788,""early_stopping"":{""enabled"":true,""patience"":5},""epochs"":2000,""feature_view"":""pooled"",""hidden_dims"":[256],""layer"":20,""lr"":0.0001329291894316216,""slot"":null,""weight_decay"":0.005061576888752304}",jobs/train/intphys2/mlp/output/training/intphys2/mlp/intphys2_videomae_v2_mlp_layers_22594085.out
intphys2__videomae_v2__mlp__layer_30__seed_101,intphys2__videomae_v2__mlp__layer_30,train_eval.probe.intphys2,IntPhys2,intphys2,main,VideoMAE-v2,ViT-G/16,MLP,mlp,101,42,videomae_v2,vit_giant_16_224,30,,Layer 0.75,pooled,0.0001329291894316216,0.005061576888752304,32,1024,2000,false,5,[256],0.21597250932105788,,,,,cpu,artifacts/probes/intphys2,seed_runs_layerwise_v1/intphys2__videomae_v2__mlp__layer_30/seed_101,artifacts/results/intphys2,seed_runs_layerwise_v1/intphys2__videomae_v2__mlp__layer_30/seed_101,seed_runs_layerwise_v1_intphys2__videomae_v2__mlp__layer_30,intphys2__videomae_v2__mlp__layer_30__seed_101,pending,,"[""seed=101"",""split.seed=42"",""backbone.name=videomae_v2"",""+backbone.kwargs.variant=vit_giant_16_224"",""probe.name=mlp"",""probe.layer=30"",""probe.layers=[]"",""probe.feature_view=pooled"",""probe.device=cpu"",""probe.lr=0.0001329291894316216"",""probe.weight_decay=0.005061576888752304"",""probe.batch_size=32"",""probe.eval_batch_size=1024"",""probe.epochs=2000"",""probe.early_stopping.enabled=false"",""probe.early_stopping.patience=5"",""probe.optuna.enabled=false"",""probe.output_dir=artifacts/probes/intphys2"",""probe.output_subdir=seed_runs_layerwise_v1/intphys2__videomae_v2__mlp__layer_30/seed_101"",""probe.eval_output_dir=artifacts/results/intphys2"",""probe.eval_output_subdir=seed_runs_layerwise_v1/intphys2__videomae_v2__mlp__layer_30/seed_101"",""probe.wandb.group=seed_runs_layerwise_v1_intphys2__videomae_v2__mlp__layer_30"",""probe.wandb.name=intphys2__videomae_v2__mlp__layer_30__seed_101"",""probe.mlp.hidden_dims=[256]"",""probe.mlp.dropout=0.21597250932105788""]",results/verified_layerwise_probe_configs.csv,151,153,28ec22df7cd7d8ed,VERIFIED_FULL,"{""batch_size"":32,""dropout"":0.21597250932105788,""early_stopping"":{""enabled"":true,""patience"":5},""epochs"":2000,""feature_view"":""pooled"",""hidden_dims"":[256],""layer"":30,""lr"":0.0001329291894316216,""slot"":null,""weight_decay"":0.005061576888752304}",jobs/train/intphys2/mlp/output/training/intphys2/mlp/intphys2_videomae_v2_mlp_layers_22594085.out
intphys2__videomae_v2__mlp__layer_30__seed_102,intphys2__videomae_v2__mlp__layer_30,train_eval.probe.intphys2,IntPhys2,intphys2,main,VideoMAE-v2,ViT-G/16,MLP,mlp,102,42,videomae_v2,vit_giant_16_224,30,,Layer 0.75,pooled,0.0001329291894316216,0.005061576888752304,32,1024,2000,false,5,[256],0.21597250932105788,,,,,cpu,artifacts/probes/intphys2,seed_runs_layerwise_v1/intphys2__videomae_v2__mlp__layer_30/seed_102,artifacts/results/intphys2,seed_runs_layerwise_v1/intphys2__videomae_v2__mlp__layer_30/seed_102,seed_runs_layerwise_v1_intphys2__videomae_v2__mlp__layer_30,intphys2__videomae_v2__mlp__layer_30__seed_102,pending,,"[""seed=102"",""split.seed=42"",""backbone.name=videomae_v2"",""+backbone.kwargs.variant=vit_giant_16_224"",""probe.name=mlp"",""probe.layer=30"",""probe.layers=[]"",""probe.feature_view=pooled"",""probe.device=cpu"",""probe.lr=0.0001329291894316216"",""probe.weight_decay=0.005061576888752304"",""probe.batch_size=32"",""probe.eval_batch_size=1024"",""probe.epochs=2000"",""probe.early_stopping.enabled=false"",""probe.early_stopping.patience=5"",""probe.optuna.enabled=false"",""probe.output_dir=artifacts/probes/intphys2"",""probe.output_subdir=seed_runs_layerwise_v1/intphys2__videomae_v2__mlp__layer_30/seed_102"",""probe.eval_output_dir=artifacts/results/intphys2"",""probe.eval_output_subdir=seed_runs_layerwise_v1/intphys2__videomae_v2__mlp__layer_30/seed_102"",""probe.wandb.group=seed_runs_layerwise_v1_intphys2__videomae_v2__mlp__layer_30"",""probe.wandb.name=intphys2__videomae_v2__mlp__layer_30__seed_102"",""probe.mlp.hidden_dims=[256]"",""probe.mlp.dropout=0.21597250932105788""]",results/verified_layerwise_probe_configs.csv,151,153,28ec22df7cd7d8ed,VERIFIED_FULL,"{""batch_size"":32,""dropout"":0.21597250932105788,""early_stopping"":{""enabled"":true,""patience"":5},""epochs"":2000,""feature_view"":""pooled"",""hidden_dims"":[256],""layer"":30,""lr"":0.0001329291894316216,""slot"":null,""weight_decay"":0.005061576888752304}",jobs/train/intphys2/mlp/output/training/intphys2/mlp/intphys2_videomae_v2_mlp_layers_22594085.out
mvp__jepa_v1__linear__layer_32__seed_101,mvp__jepa_v1__linear__layer_32,train_eval.probe.mvp,MVP,mvp,main,V-JEPA,ViT-H/16,Linear,linear,101,42,jepa_v1,vith16_384,32,,Final layer,pooled,0.008013349589915042,1.086383341945677e-08,64,1024,100,false,5,,,,,,,cpu,artifacts/probes/mvp,seed_runs_layerwise_v1/mvp__jepa_v1__linear__layer_32/seed_101,artifacts/results/mvp,seed_runs_layerwise_v1/mvp__jepa_v1__linear__layer_32/seed_101,seed_runs_layerwise_v1_mvp__jepa_v1__linear__layer_32,mvp__jepa_v1__linear__layer_32__seed_101,pending,,"[""seed=101"",""split.seed=42"",""backbone.name=jepa_v1"",""+backbone.kwargs.variant=vith16_384"",""probe.name=linear"",""probe.layer=32"",""probe.layers=[]"",""probe.feature_view=pooled"",""probe.device=cpu"",""probe.lr=0.008013349589915042"",""probe.weight_decay=1.086383341945677e-08"",""probe.batch_size=64"",""probe.eval_batch_size=1024"",""probe.epochs=100"",""probe.early_stopping.enabled=false"",""probe.early_stopping.patience=5"",""probe.optuna.enabled=false"",""probe.output_dir=artifacts/probes/mvp"",""probe.output_subdir=seed_runs_layerwise_v1/mvp__jepa_v1__linear__layer_32/seed_101"",""probe.eval_output_dir=artifacts/results/mvp"",""probe.eval_output_subdir=seed_runs_layerwise_v1/mvp__jepa_v1__linear__layer_32/seed_101"",""probe.wandb.group=seed_runs_layerwise_v1_mvp__jepa_v1__linear__layer_32"",""probe.wandb.name=mvp__jepa_v1__linear__layer_32__seed_101""]",results/verified_layerwise_probe_configs.csv,336,338,4b805ee7fca7fee2,VERIFIED_FULL,"{""batch_size"":64,""early_stopping"":{""enabled"":true,""patience"":5},""epochs"":100,""feature_view"":""pooled"",""layer"":32,""lr"":0.008013349589915042,""slot"":null,""weight_decay"":1.086383341945677e-08}",output/training/mvp/linear/mvp_jepa_v1_linear_layers_22484514.out
mvp__jepa_v1__linear__layer_32__seed_102,mvp__jepa_v1__linear__layer_32,train_eval.probe.mvp,MVP,mvp,main,V-JEPA,ViT-H/16,Linear,linear,102,42,jepa_v1,vith16_384,32,,Final layer,pooled,0.008013349589915042,1.086383341945677e-08,64,1024,100,false,5,,,,,,,cpu,artifacts/probes/mvp,seed_runs_layerwise_v1/mvp__jepa_v1__linear__layer_32/seed_102,artifacts/results/mvp,seed_runs_layerwise_v1/mvp__jepa_v1__linear__layer_32/seed_102,seed_runs_layerwise_v1_mvp__jepa_v1__linear__layer_32,mvp__jepa_v1__linear__layer_32__seed_102,pending,,"[""seed=102"",""split.seed=42"",""backbone.name=jepa_v1"",""+backbone.kwargs.variant=vith16_384"",""probe.name=linear"",""probe.layer=32"",""probe.layers=[]"",""probe.feature_view=pooled"",""probe.device=cpu"",""probe.lr=0.008013349589915042"",""probe.weight_decay=1.086383341945677e-08"",""probe.batch_size=64"",""probe.eval_batch_size=1024"",""probe.epochs=100"",""probe.early_stopping.enabled=false"",""probe.early_stopping.patience=5"",""probe.optuna.enabled=false"",""probe.output_dir=artifacts/probes/mvp"",""probe.output_subdir=seed_runs_layerwise_v1/mvp__jepa_v1__linear__layer_32/seed_102"",""probe.eval_output_dir=artifacts/results/mvp"",""probe.eval_output_subdir=seed_runs_layerwise_v1/mvp__jepa_v1__linear__layer_32/seed_102"",""probe.wandb.group=seed_runs_layerwise_v1_mvp__jepa_v1__linear__layer_32"",""probe.wandb.name=mvp__jepa_v1__linear__layer_32__seed_102""]",results/verified_layerwise_probe_configs.csv,336,338,4b805ee7fca7fee2,VERIFIED_FULL,"{""batch_size"":64,""early_stopping"":{""enabled"":true,""patience"":5},""epochs"":100,""feature_view"":""pooled"",""layer"":32,""lr"":0.008013349589915042,""slot"":null,""weight_decay"":1.086383341945677e-08}",output/training/mvp/linear/mvp_jepa_v1_linear_layers_22484514.out
mvp__jepa_v1__linear__layer_8__seed_101,mvp__jepa_v1__linear__layer_8,train_eval.probe.mvp,MVP,mvp,main,V-JEPA,ViT-H/16,Linear,linear,101,42,jepa_v1,vith16_384,8,,Layer 0.25,pooled,0.007180892821067769,1.051368030362245e-08,64,1024,100,false,5,,,,,,,cpu,artifacts/probes/mvp,seed_runs_layerwise_v1/mvp__jepa_v1__linear__layer_8/seed_101,artifacts/results/mvp,seed_runs_layerwise_v1/mvp__jepa_v1__linear__layer_8/seed_101,seed_runs_layerwise_v1_mvp__jepa_v1__linear__layer_8,mvp__jepa_v1__linear__layer_8__seed_101,pending,,"[""seed=101"",""split.seed=42"",""backbone.name=jepa_v1"",""+backbone.kwargs.variant=vith16_384"",""probe.name=linear"",""probe.layer=8"",""probe.layers=[]"",""probe.feature_view=pooled"",""probe.device=cpu"",""probe.lr=0.007180892821067769"",""probe.weight_decay=1.051368030362245e-08"",""probe.batch_size=64"",""probe.eval_batch_size=1024"",""probe.epochs=100"",""probe.early_stopping.enabled=false"",""probe.early_stopping.patience=5"",""probe.optuna.enabled=false"",""probe.output_dir=artifacts/probes/mvp"",""probe.output_subdir=seed_runs_layerwise_v1/mvp__jepa_v1__linear__layer_8/seed_101"",""probe.eval_output_dir=artifacts/results/mvp"",""probe.eval_output_subdir=seed_runs_layerwise_v1/mvp__jepa_v1__linear__layer_8/seed_101"",""probe.wandb.group=seed_runs_layerwise_v1_mvp__jepa_v1__linear__layer_8"",""probe.wandb.name=mvp__jepa_v1__linear__layer_8__seed_101""]",results/verified_layerwise_probe_configs.csv,337,339,bbcc6c0da4c7248c,VERIFIED_FULL,"{""batch_size"":64,""early_stopping"":{""enabled"":true,""patience"":5},""epochs"":100,""feature_view"":""pooled"",""layer"":8,""lr"":0.007180892821067769,""slot"":null,""weight_decay"":1.051368030362245e-08}",output/training/mvp/linear/mvp_jepa_v1_linear_layers_22484514.out
mvp__jepa_v1__linear__layer_8__seed_102,mvp__jepa_v1__linear__layer_8,train_eval.probe.mvp,MVP,mvp,main,V-JEPA,ViT-H/16,Linear,linear,102,42,jepa_v1,vith16_384,8,,Layer 0.25,pooled,0.007180892821067769,1.051368030362245e-08,64,1024,100,false,5,,,,,,,cpu,artifacts/probes/mvp,seed_runs_layerwise_v1/mvp__jepa_v1__linear__layer_8/seed_102,artifacts/results/mvp,seed_runs_layerwise_v1/mvp__jepa_v1__linear__layer_8/seed_102,seed_runs_layerwise_v1_mvp__jepa_v1__linear__layer_8,mvp__jepa_v1__linear__layer_8__seed_102,pending,,"[""seed=102"",""split.seed=42"",""backbone.name=jepa_v1"",""+backbone.kwargs.variant=vith16_384"",""probe.name=linear"",""probe.layer=8"",""probe.layers=[]"",""probe.feature_view=pooled"",""probe.device=cpu"",""probe.lr=0.007180892821067769"",""probe.weight_decay=1.051368030362245e-08"",""probe.batch_size=64"",""probe.eval_batch_size=1024"",""probe.epochs=100"",""probe.early_stopping.enabled=false"",""probe.early_stopping.patience=5"",""probe.optuna.enabled=false"",""probe.output_dir=artifacts/probes/mvp"",""probe.output_subdir=seed_runs_layerwise_v1/mvp__jepa_v1__linear__layer_8/seed_102"",""probe.eval_output_dir=artifacts/results/mvp"",""probe.eval_output_subdir=seed_runs_layerwise_v1/mvp__jepa_v1__linear__layer_8/seed_102"",""probe.wandb.group=seed_runs_layerwise_v1_mvp__jepa_v1__linear__layer_8"",""probe.wandb.name=mvp__jepa_v1__linear__layer_8__seed_102""]",results/verified_layerwise_probe_configs.csv,337,339,bbcc6c0da4c7248c,VERIFIED_FULL,"{""batch_size"":64,""early_stopping"":{""enabled"":true,""patience"":5},""epochs"":100,""feature_view"":""pooled"",""layer"":8,""lr"":0.007180892821067769,""slot"":null,""weight_decay"":1.051368030362245e-08}",output/training/mvp/linear/mvp_jepa_v1_linear_layers_22484514.out
mvp__jepa_v1__linear__layer_16__seed_101,mvp__jepa_v1__linear__layer_16,train_eval.probe.mvp,MVP,mvp,main,V-JEPA,ViT-H/16,Linear,linear,101,42,jepa_v1,vith16_384,16,,Layer 0.5,pooled,0.0030827019376531905,1.1731239427301637e-05,32,1024,100,false,5,,,,,,,cpu,artifacts/probes/mvp,seed_runs_layerwise_v1/mvp__jepa_v1__linear__layer_16/seed_101,artifacts/results/mvp,seed_runs_layerwise_v1/mvp__jepa_v1__linear__layer_16/seed_101,seed_runs_layerwise_v1_mvp__jepa_v1__linear__layer_16,mvp__jepa_v1__linear__layer_16__seed_101,pending,,"[""seed=101"",""split.seed=42"",""backbone.name=jepa_v1"",""+backbone.kwargs.variant=vith16_384"",""probe.name=linear"",""probe.layer=16"",""probe.layers=[]"",""probe.feature_view=pooled"",""probe.device=cpu"",""probe.lr=0.0030827019376531905"",""probe.weight_decay=1.1731239427301637e-05"",""probe.batch_size=32"",""probe.eval_batch_size=1024"",""probe.epochs=100"",""probe.early_stopping.enabled=false"",""probe.early_stopping.patience=5"",""probe.optuna.enabled=false"",""probe.output_dir=artifacts/probes/mvp"",""probe.output_subdir=seed_runs_layerwise_v1/mvp__jepa_v1__linear__layer_16/seed_101"",""probe.eval_output_dir=artifacts/results/mvp"",""probe.eval_output_subdir=seed_runs_layerwise_v1/mvp__jepa_v1__linear__layer_16/seed_101"",""probe.wandb.group=seed_runs_layerwise_v1_mvp__jepa_v1__linear__layer_16"",""probe.wandb.name=mvp__jepa_v1__linear__layer_16__seed_101""]",results/verified_layerwise_probe_configs.csv,338,340,aa80a31896e066fd,VERIFIED_FULL,"{""batch_size"":32,""early_stopping"":{""enabled"":true,""patience"":5},""epochs"":100,""feature_view"":""pooled"",""layer"":16,""lr"":0.0030827019376531905,""slot"":null,""weight_decay"":1.1731239427301637e-05}",output/training/mvp/linear/mvp_jepa_v1_linear_layers_22484514.out
mvp__jepa_v1__linear__layer_16__seed_102,mvp__jepa_v1__linear__layer_16,train_eval.probe.mvp,MVP,mvp,main,V-JEPA,ViT-H/16,Linear,linear,102,42,jepa_v1,vith16_384,16,,Layer 0.5,pooled,0.0030827019376531905,1.1731239427301637e-05,32,1024,100,false,5,,,,,,,cpu,artifacts/probes/mvp,seed_runs_layerwise_v1/mvp__jepa_v1__linear__layer_16/seed_102,artifacts/results/mvp,seed_runs_layerwise_v1/mvp__jepa_v1__linear__layer_16/seed_102,seed_runs_layerwise_v1_mvp__jepa_v1__linear__layer_16,mvp__jepa_v1__linear__layer_16__seed_102,pending,,"[""seed=102"",""split.seed=42"",""backbone.name=jepa_v1"",""+backbone.kwargs.variant=vith16_384"",""probe.name=linear"",""probe.layer=16"",""probe.layers=[]"",""probe.feature_view=pooled"",""probe.device=cpu"",""probe.lr=0.0030827019376531905"",""probe.weight_decay=1.1731239427301637e-05"",""probe.batch_size=32"",""probe.eval_batch_size=1024"",""probe.epochs=100"",""probe.early_stopping.enabled=false"",""probe.early_stopping.patience=5"",""probe.optuna.enabled=false"",""probe.output_dir=artifacts/probes/mvp"",""probe.output_subdir=seed_runs_layerwise_v1/mvp__jepa_v1__linear__layer_16/seed_102"",""probe.eval_output_dir=artifacts/results/mvp"",""probe.eval_output_subdir=seed_runs_layerwise_v1/mvp__jepa_v1__linear__layer_16/seed_102"",""probe.wandb.group=seed_runs_layerwise_v1_mvp__jepa_v1__linear__layer_16"",""probe.wandb.name=mvp__jepa_v1__linear__layer_16__seed_102""]",results/verified_layerwise_probe_configs.csv,338,340,aa80a31896e066fd,VERIFIED_FULL,"{""batch_size"":32,""early_stopping"":{""enabled"":true,""patience"":5},""epochs"":100,""feature_view"":""pooled"",""layer"":16,""lr"":0.0030827019376531905,""slot"":null,""weight_decay"":1.1731239427301637e-05}",output/training/mvp/linear/mvp_jepa_v1_linear_layers_22484514.out
mvp__jepa_v1__linear__layer_24__seed_101,mvp__jepa_v1__linear__layer_24,train_eval.probe.mvp,MVP,mvp,main,V-JEPA,ViT-H/16,Linear,linear,101,42,jepa_v1,vith16_384,24,,Layer 0.75,pooled,0.0036314466835073236,3.821228989247768e-06,64,1024,100,false,5,,,,,,,cpu,artifacts/probes/mvp,seed_runs_layerwise_v1/mvp__jepa_v1__linear__layer_24/seed_101,artifacts/results/mvp,seed_runs_layerwise_v1/mvp__jepa_v1__linear__layer_24/seed_101,seed_runs_layerwise_v1_mvp__jepa_v1__linear__layer_24,mvp__jepa_v1__linear__layer_24__seed_101,pending,,"[""seed=101"",""split.seed=42"",""backbone.name=jepa_v1"",""+backbone.kwargs.variant=vith16_384"",""probe.name=linear"",""probe.layer=24"",""probe.layers=[]"",""probe.feature_view=pooled"",""probe.device=cpu"",""probe.lr=0.0036314466835073236"",""probe.weight_decay=3.821228989247768e-06"",""probe.batch_size=64"",""probe.eval_batch_size=1024"",""probe.epochs=100"",""probe.early_stopping.enabled=false"",""probe.early_stopping.patience=5"",""probe.optuna.enabled=false"",""probe.output_dir=artifacts/probes/mvp"",""probe.output_subdir=seed_runs_layerwise_v1/mvp__jepa_v1__linear__layer_24/seed_101"",""probe.eval_output_dir=artifacts/results/mvp"",""probe.eval_output_subdir=seed_runs_layerwise_v1/mvp__jepa_v1__linear__layer_24/seed_101"",""probe.wandb.group=seed_runs_layerwise_v1_mvp__jepa_v1__linear__layer_24"",""probe.wandb.name=mvp__jepa_v1__linear__layer_24__seed_101""]",results/verified_layerwise_probe_configs.csv,339,341,7d8f9ca03ccb70e9,VERIFIED_FULL,"{""batch_size"":64,""early_stopping"":{""enabled"":true,""patience"":5},""epochs"":100,""feature_view"":""pooled"",""layer"":24,""lr"":0.0036314466835073236,""slot"":null,""weight_decay"":3.821228989247768e-06}",output/training/mvp/linear/mvp_jepa_v1_linear_layers_22484514.out
mvp__jepa_v1__linear__layer_24__seed_102,mvp__jepa_v1__linear__layer_24,train_eval.probe.mvp,MVP,mvp,main,V-JEPA,ViT-H/16,Linear,linear,102,42,jepa_v1,vith16_384,24,,Layer 0.75,pooled,0.0036314466835073236,3.821228989247768e-06,64,1024,100,false,5,,,,,,,cpu,artifacts/probes/mvp,seed_runs_layerwise_v1/mvp__jepa_v1__linear__layer_24/seed_102,artifacts/results/mvp,seed_runs_layerwise_v1/mvp__jepa_v1__linear__layer_24/seed_102,seed_runs_layerwise_v1_mvp__jepa_v1__linear__layer_24,mvp__jepa_v1__linear__layer_24__seed_102,pending,,"[""seed=102"",""split.seed=42"",""backbone.name=jepa_v1"",""+backbone.kwargs.variant=vith16_384"",""probe.name=linear"",""probe.layer=24"",""probe.layers=[]"",""probe.feature_view=pooled"",""probe.device=cpu"",""probe.lr=0.0036314466835073236"",""probe.weight_decay=3.821228989247768e-06"",""probe.batch_size=64"",""probe.eval_batch_size=1024"",""probe.epochs=100"",""probe.early_stopping.enabled=false"",""probe.early_stopping.patience=5"",""probe.optuna.enabled=false"",""probe.output_dir=artifacts/probes/mvp"",""probe.output_subdir=seed_runs_layerwise_v1/mvp__jepa_v1__linear__layer_24/seed_102"",""probe.eval_output_dir=artifacts/results/mvp"",""probe.eval_output_subdir=seed_runs_layerwise_v1/mvp__jepa_v1__linear__layer_24/seed_102"",""probe.wandb.group=seed_runs_layerwise_v1_mvp__jepa_v1__linear__layer_24"",""probe.wandb.name=mvp__jepa_v1__linear__layer_24__seed_102""]",results/verified_layerwise_probe_configs.csv,339,341,7d8f9ca03ccb70e9,VERIFIED_FULL,"{""batch_size"":64,""early_stopping"":{""enabled"":true,""patience"":5},""epochs"":100,""feature_view"":""pooled"",""layer"":24,""lr"":0.0036314466835073236,""slot"":null,""weight_decay"":3.821228989247768e-06}",output/training/mvp/linear/mvp_jepa_v1_linear_layers_22484514.out
mvp__jepa_v1__mlp__layer_32__seed_101,mvp__jepa_v1__mlp__layer_32,train_eval.probe.mvp,MVP,mvp,main,V-JEPA,ViT-H/16,MLP,mlp,101,42,jepa_v1,vith16_384,32,,Final layer,pooled,0.0006506252713093818,5.827061512212219e-07,64,1024,2000,false,5,"[1024,512,256]",0.17501694660620298,,,,,cpu,artifacts/probes/mvp,seed_runs_layerwise_v1/mvp__jepa_v1__mlp__layer_32/seed_101,artifacts/results/mvp,seed_runs_layerwise_v1/mvp__jepa_v1__mlp__layer_32/seed_101,seed_runs_layerwise_v1_mvp__jepa_v1__mlp__layer_32,mvp__jepa_v1__mlp__layer_32__seed_101,pending,,"[""seed=101"",""split.seed=42"",""backbone.name=jepa_v1"",""+backbone.kwargs.variant=vith16_384"",""probe.name=mlp"",""probe.layer=32"",""probe.layers=[]"",""probe.feature_view=pooled"",""probe.device=cpu"",""probe.lr=0.0006506252713093818"",""probe.weight_decay=5.827061512212219e-07"",""probe.batch_size=64"",""probe.eval_batch_size=1024"",""probe.epochs=2000"",""probe.early_stopping.enabled=false"",""probe.early_stopping.patience=5"",""probe.optuna.enabled=false"",""probe.output_dir=artifacts/probes/mvp"",""probe.output_subdir=seed_runs_layerwise_v1/mvp__jepa_v1__mlp__layer_32/seed_101"",""probe.eval_output_dir=artifacts/results/mvp"",""probe.eval_output_subdir=seed_runs_layerwise_v1/mvp__jepa_v1__mlp__layer_32/seed_101"",""probe.wandb.group=seed_runs_layerwise_v1_mvp__jepa_v1__mlp__layer_32"",""probe.wandb.name=mvp__jepa_v1__mlp__layer_32__seed_101"",""probe.mlp.hidden_dims=[1024,512,256]"",""probe.mlp.dropout=0.17501694660620298""]",results/verified_layerwise_probe_configs.csv,340,342,cf49b033bdf165b6,VERIFIED_FULL,"{""batch_size"":64,""dropout"":0.17501694660620298,""early_stopping"":{""enabled"":true,""patience"":5},""epochs"":2000,""feature_view"":""pooled"",""hidden_dims"":[1024,512,256],""layer"":32,""lr"":0.0006506252713093818,""slot"":null,""weight_decay"":5.827061512212219e-07}",jobs/train/mvp/mlp/output/training/mvp/mlp/mvp_jepa_v1_mlp_layers_22594123.out
mvp__jepa_v1__mlp__layer_32__seed_102,mvp__jepa_v1__mlp__layer_32,train_eval.probe.mvp,MVP,mvp,main,V-JEPA,ViT-H/16,MLP,mlp,102,42,jepa_v1,vith16_384,32,,Final layer,pooled,0.0006506252713093818,5.827061512212219e-07,64,1024,2000,false,5,"[1024,512,256]",0.17501694660620298,,,,,cpu,artifacts/probes/mvp,seed_runs_layerwise_v1/mvp__jepa_v1__mlp__layer_32/seed_102,artifacts/results/mvp,seed_runs_layerwise_v1/mvp__jepa_v1__mlp__layer_32/seed_102,seed_runs_layerwise_v1_mvp__jepa_v1__mlp__layer_32,mvp__jepa_v1__mlp__layer_32__seed_102,pending,,"[""seed=102"",""split.seed=42"",""backbone.name=jepa_v1"",""+backbone.kwargs.variant=vith16_384"",""probe.name=mlp"",""probe.layer=32"",""probe.layers=[]"",""probe.feature_view=pooled"",""probe.device=cpu"",""probe.lr=0.0006506252713093818"",""probe.weight_decay=5.827061512212219e-07"",""probe.batch_size=64"",""probe.eval_batch_size=1024"",""probe.epochs=2000"",""probe.early_stopping.enabled=false"",""probe.early_stopping.patience=5"",""probe.optuna.enabled=false"",""probe.output_dir=artifacts/probes/mvp"",""probe.output_subdir=seed_runs_layerwise_v1/mvp__jepa_v1__mlp__layer_32/seed_102"",""probe.eval_output_dir=artifacts/results/mvp"",""probe.eval_output_subdir=seed_runs_layerwise_v1/mvp__jepa_v1__mlp__layer_32/seed_102"",""probe.wandb.group=seed_runs_layerwise_v1_mvp__jepa_v1__mlp__layer_32"",""probe.wandb.name=mvp__jepa_v1__mlp__layer_32__seed_102"",""probe.mlp.hidden_dims=[1024,512,256]"",""probe.mlp.dropout=0.17501694660620298""]",results/verified_layerwise_probe_configs.csv,340,342,cf49b033bdf165b6,VERIFIED_FULL,"{""batch_size"":64,""dropout"":0.17501694660620298,""early_stopping"":{""enabled"":true,""patience"":5},""epochs"":2000,""feature_view"":""pooled"",""hidden_dims"":[1024,512,256],""layer"":32,""lr"":0.0006506252713093818,""slot"":null,""weight_decay"":5.827061512212219e-07}",jobs/train/mvp/mlp/output/training/mvp/mlp/mvp_jepa_v1_mlp_layers_22594123.out
mvp__jepa_v1__mlp__layer_8__seed_101,mvp__jepa_v1__mlp__layer_8,train_eval.probe.mvp,MVP,mvp,main,V-JEPA,ViT-H/16,MLP,mlp,101,42,jepa_v1,vith16_384,8,,Layer 0.25,pooled,0.0001329291894316216,0.005061576888752304,32,1024,2000,false,5,[256],0.21597250932105788,,,,,cpu,artifacts/probes/mvp,seed_runs_layerwise_v1/mvp__jepa_v1__mlp__layer_8/seed_101,artifacts/results/mvp,seed_runs_layerwise_v1/mvp__jepa_v1__mlp__layer_8/seed_101,seed_runs_layerwise_v1_mvp__jepa_v1__mlp__layer_8,mvp__jepa_v1__mlp__layer_8__seed_101,pending,,"[""seed=101"",""split.seed=42"",""backbone.name=jepa_v1"",""+backbone.kwargs.variant=vith16_384"",""probe.name=mlp"",""probe.layer=8"",""probe.layers=[]"",""probe.feature_view=pooled"",""probe.device=cpu"",""probe.lr=0.0001329291894316216"",""probe.weight_decay=0.005061576888752304"",""probe.batch_size=32"",""probe.eval_batch_size=1024"",""probe.epochs=2000"",""probe.early_stopping.enabled=false"",""probe.early_stopping.patience=5"",""probe.optuna.enabled=false"",""probe.output_dir=artifacts/probes/mvp"",""probe.output_subdir=seed_runs_layerwise_v1/mvp__jepa_v1__mlp__layer_8/seed_101"",""probe.eval_output_dir=artifacts/results/mvp"",""probe.eval_output_subdir=seed_runs_layerwise_v1/mvp__jepa_v1__mlp__layer_8/seed_101"",""probe.wandb.group=seed_runs_layerwise_v1_mvp__jepa_v1__mlp__layer_8"",""probe.wandb.name=mvp__jepa_v1__mlp__layer_8__seed_101"",""probe.mlp.hidden_dims=[256]"",""probe.mlp.dropout=0.21597250932105788""]",results/verified_layerwise_probe_configs.csv,341,343,fda5c6688d3221a8,VERIFIED_FULL,"{""batch_size"":32,""dropout"":0.21597250932105788,""early_stopping"":{""enabled"":true,""patience"":5},""epochs"":2000,""feature_view"":""pooled"",""hidden_dims"":[256],""layer"":8,""lr"":0.0001329291894316216,""slot"":null,""weight_decay"":0.005061576888752304}",jobs/train/mvp/mlp/output/training/mvp/mlp/mvp_jepa_v1_mlp_layers_22594123.out
mvp__jepa_v1__mlp__layer_8__seed_102,mvp__jepa_v1__mlp__layer_8,train_eval.probe.mvp,MVP,mvp,main,V-JEPA,ViT-H/16,MLP,mlp,102,42,jepa_v1,vith16_384,8,,Layer 0.25,pooled,0.0001329291894316216,0.005061576888752304,32,1024,2000,false,5,[256],0.21597250932105788,,,,,cpu,artifacts/probes/mvp,seed_runs_layerwise_v1/mvp__jepa_v1__mlp__layer_8/seed_102,artifacts/results/mvp,seed_runs_layerwise_v1/mvp__jepa_v1__mlp__layer_8/seed_102,seed_runs_layerwise_v1_mvp__jepa_v1__mlp__layer_8,mvp__jepa_v1__mlp__layer_8__seed_102,pending,,"[""seed=102"",""split.seed=42"",""backbone.name=jepa_v1"",""+backbone.kwargs.variant=vith16_384"",""probe.name=mlp"",""probe.layer=8"",""probe.layers=[]"",""probe.feature_view=pooled"",""probe.device=cpu"",""probe.lr=0.0001329291894316216"",""probe.weight_decay=0.005061576888752304"",""probe.batch_size=32"",""probe.eval_batch_size=1024"",""probe.epochs=2000"",""probe.early_stopping.enabled=false"",""probe.early_stopping.patience=5"",""probe.optuna.enabled=false"",""probe.output_dir=artifacts/probes/mvp"",""probe.output_subdir=seed_runs_layerwise_v1/mvp__jepa_v1__mlp__layer_8/seed_102"",""probe.eval_output_dir=artifacts/results/mvp"",""probe.eval_output_subdir=seed_runs_layerwise_v1/mvp__jepa_v1__mlp__layer_8/seed_102"",""probe.wandb.group=seed_runs_layerwise_v1_mvp__jepa_v1__mlp__layer_8"",""probe.wandb.name=mvp__jepa_v1__mlp__layer_8__seed_102"",""probe.mlp.hidden_dims=[256]"",""probe.mlp.dropout=0.21597250932105788""]",results/verified_layerwise_probe_configs.csv,341,343,fda5c6688d3221a8,VERIFIED_FULL,"{""batch_size"":32,""dropout"":0.21597250932105788,""early_stopping"":{""enabled"":true,""patience"":5},""epochs"":2000,""feature_view"":""pooled"",""hidden_dims"":[256],""layer"":8,""lr"":0.0001329291894316216,""slot"":null,""weight_decay"":0.005061576888752304}",jobs/train/mvp/mlp/output/training/mvp/mlp/mvp_jepa_v1_mlp_layers_22594123.out
mvp__jepa_v1__mlp__layer_16__seed_101,mvp__jepa_v1__mlp__layer_16,train_eval.probe.mvp,MVP,mvp,main,V-JEPA,ViT-H/16,MLP,mlp,101,42,jepa_v1,vith16_384,16,,Layer 0.5,pooled,0.0001329291894316216,0.005061576888752304,32,1024,2000,false,5,[256],0.21597250932105788,,,,,cpu,artifacts/probes/mvp,seed_runs_layerwise_v1/mvp__jepa_v1__mlp__layer_16/seed_101,artifacts/results/mvp,seed_runs_layerwise_v1/mvp__jepa_v1__mlp__layer_16/seed_101,seed_runs_layerwise_v1_mvp__jepa_v1__mlp__layer_16,mvp__jepa_v1__mlp__layer_16__seed_101,pending,,"[""seed=101"",""split.seed=42"",""backbone.name=jepa_v1"",""+backbone.kwargs.variant=vith16_384"",""probe.name=mlp"",""probe.layer=16"",""probe.layers=[]"",""probe.feature_view=pooled"",""probe.device=cpu"",""probe.lr=0.0001329291894316216"",""probe.weight_decay=0.005061576888752304"",""probe.batch_size=32"",""probe.eval_batch_size=1024"",""probe.epochs=2000"",""probe.early_stopping.enabled=false"",""probe.early_stopping.patience=5"",""probe.optuna.enabled=false"",""probe.output_dir=artifacts/probes/mvp"",""probe.output_subdir=seed_runs_layerwise_v1/mvp__jepa_v1__mlp__layer_16/seed_101"",""probe.eval_output_dir=artifacts/results/mvp"",""probe.eval_output_subdir=seed_runs_layerwise_v1/mvp__jepa_v1__mlp__layer_16/seed_101"",""probe.wandb.group=seed_runs_layerwise_v1_mvp__jepa_v1__mlp__layer_16"",""probe.wandb.name=mvp__jepa_v1__mlp__layer_16__seed_101"",""probe.mlp.hidden_dims=[256]"",""probe.mlp.dropout=0.21597250932105788""]",results/verified_layerwise_probe_configs.csv,342,344,f4d38e91a95cf531,VERIFIED_FULL,"{""batch_size"":32,""dropout"":0.21597250932105788,""early_stopping"":{""enabled"":true,""patience"":5},""epochs"":2000,""feature_view"":""pooled"",""hidden_dims"":[256],""layer"":16,""lr"":0.0001329291894316216,""slot"":null,""weight_decay"":0.005061576888752304}",jobs/train/mvp/mlp/output/training/mvp/mlp/mvp_jepa_v1_mlp_layers_22594123.out
mvp__jepa_v1__mlp__layer_16__seed_102,mvp__jepa_v1__mlp__layer_16,train_eval.probe.mvp,MVP,mvp,main,V-JEPA,ViT-H/16,MLP,mlp,102,42,jepa_v1,vith16_384,16,,Layer 0.5,pooled,0.0001329291894316216,0.005061576888752304,32,1024,2000,false,5,[256],0.21597250932105788,,,,,cpu,artifacts/probes/mvp,seed_runs_layerwise_v1/mvp__jepa_v1__mlp__layer_16/seed_102,artifacts/results/mvp,seed_runs_layerwise_v1/mvp__jepa_v1__mlp__layer_16/seed_102,seed_runs_layerwise_v1_mvp__jepa_v1__mlp__layer_16,mvp__jepa_v1__mlp__layer_16__seed_102,pending,,"[""seed=102"",""split.seed=42"",""backbone.name=jepa_v1"",""+backbone.kwargs.variant=vith16_384"",""probe.name=mlp"",""probe.layer=16"",""probe.layers=[]"",""probe.feature_view=pooled"",""probe.device=cpu"",""probe.lr=0.0001329291894316216"",""probe.weight_decay=0.005061576888752304"",""probe.batch_size=32"",""probe.eval_batch_size=1024"",""probe.epochs=2000"",""probe.early_stopping.enabled=false"",""probe.early_stopping.patience=5"",""probe.optuna.enabled=false"",""probe.output_dir=artifacts/probes/mvp"",""probe.output_subdir=seed_runs_layerwise_v1/mvp__jepa_v1__mlp__layer_16/seed_102"",""probe.eval_output_dir=artifacts/results/mvp"",""probe.eval_output_subdir=seed_runs_layerwise_v1/mvp__jepa_v1__mlp__layer_16/seed_102"",""probe.wandb.group=seed_runs_layerwise_v1_mvp__jepa_v1__mlp__layer_16"",""probe.wandb.name=mvp__jepa_v1__mlp__layer_16__seed_102"",""probe.mlp.hidden_dims=[256]"",""probe.mlp.dropout=0.21597250932105788""]",results/verified_layerwise_probe_configs.csv,342,344,f4d38e91a95cf531,VERIFIED_FULL,"{""batch_size"":32,""dropout"":0.21597250932105788,""early_stopping"":{""enabled"":true,""patience"":5},""epochs"":2000,""feature_view"":""pooled"",""hidden_dims"":[256],""layer"":16,""lr"":0.0001329291894316216,""slot"":null,""weight_decay"":0.005061576888752304}",jobs/train/mvp/mlp/output/training/mvp/mlp/mvp_jepa_v1_mlp_layers_22594123.out
mvp__jepa_v1__mlp__layer_24__seed_101,mvp__jepa_v1__mlp__layer_24,train_eval.probe.mvp,MVP,mvp,main,V-JEPA,ViT-H/16,MLP,mlp,101,42,jepa_v1,vith16_384,24,,Layer 0.75,pooled,0.00017604344110565298,0.008681319912263964,32,1024,2000,false,5,"[512,256]",0.0020188999349553278,,,,,cpu,artifacts/probes/mvp,seed_runs_layerwise_v1/mvp__jepa_v1__mlp__layer_24/seed_101,artifacts/results/mvp,seed_runs_layerwise_v1/mvp__jepa_v1__mlp__layer_24/seed_101,seed_runs_layerwise_v1_mvp__jepa_v1__mlp__layer_24,mvp__jepa_v1__mlp__layer_24__seed_101,pending,,"[""seed=101"",""split.seed=42"",""backbone.name=jepa_v1"",""+backbone.kwargs.variant=vith16_384"",""probe.name=mlp"",""probe.layer=24"",""probe.layers=[]"",""probe.feature_view=pooled"",""probe.device=cpu"",""probe.lr=0.00017604344110565298"",""probe.weight_decay=0.008681319912263964"",""probe.batch_size=32"",""probe.eval_batch_size=1024"",""probe.epochs=2000"",""probe.early_stopping.enabled=false"",""probe.early_stopping.patience=5"",""probe.optuna.enabled=false"",""probe.output_dir=artifacts/probes/mvp"",""probe.output_subdir=seed_runs_layerwise_v1/mvp__jepa_v1__mlp__layer_24/seed_101"",""probe.eval_output_dir=artifacts/results/mvp"",""probe.eval_output_subdir=seed_runs_layerwise_v1/mvp__jepa_v1__mlp__layer_24/seed_101"",""probe.wandb.group=seed_runs_layerwise_v1_mvp__jepa_v1__mlp__layer_24"",""probe.wandb.name=mvp__jepa_v1__mlp__layer_24__seed_101"",""probe.mlp.hidden_dims=[512,256]"",""probe.mlp.dropout=0.0020188999349553278""]",results/verified_layerwise_probe_configs.csv,343,345,3113f82502c8785e,VERIFIED_FULL,"{""batch_size"":32,""dropout"":0.0020188999349553278,""early_stopping"":{""enabled"":true,""patience"":5},""epochs"":2000,""feature_view"":""pooled"",""hidden_dims"":[512,256],""layer"":24,""lr"":0.00017604344110565298,""slot"":null,""weight_decay"":0.008681319912263964}",jobs/train/mvp/mlp/output/training/mvp/mlp/mvp_jepa_v1_mlp_layers_22594123.out
mvp__jepa_v1__mlp__layer_24__seed_102,mvp__jepa_v1__mlp__layer_24,train_eval.probe.mvp,MVP,mvp,main,V-JEPA,ViT-H/16,MLP,mlp,102,42,jepa_v1,vith16_384,24,,Layer 0.75,pooled,0.00017604344110565298,0.008681319912263964,32,1024,2000,false,5,"[512,256]",0.0020188999349553278,,,,,cpu,artifacts/probes/mvp,seed_runs_layerwise_v1/mvp__jepa_v1__mlp__layer_24/seed_102,artifacts/results/mvp,seed_runs_layerwise_v1/mvp__jepa_v1__mlp__layer_24/seed_102,seed_runs_layerwise_v1_mvp__jepa_v1__mlp__layer_24,mvp__jepa_v1__mlp__layer_24__seed_102,pending,,"[""seed=102"",""split.seed=42"",""backbone.name=jepa_v1"",""+backbone.kwargs.variant=vith16_384"",""probe.name=mlp"",""probe.layer=24"",""probe.layers=[]"",""probe.feature_view=pooled"",""probe.device=cpu"",""probe.lr=0.00017604344110565298"",""probe.weight_decay=0.008681319912263964"",""probe.batch_size=32"",""probe.eval_batch_size=1024"",""probe.epochs=2000"",""probe.early_stopping.enabled=false"",""probe.early_stopping.patience=5"",""probe.optuna.enabled=false"",""probe.output_dir=artifacts/probes/mvp"",""probe.output_subdir=seed_runs_layerwise_v1/mvp__jepa_v1__mlp__layer_24/seed_102"",""probe.eval_output_dir=artifacts/results/mvp"",""probe.eval_output_subdir=seed_runs_layerwise_v1/mvp__jepa_v1__mlp__layer_24/seed_102"",""probe.wandb.group=seed_runs_layerwise_v1_mvp__jepa_v1__mlp__layer_24"",""probe.wandb.name=mvp__jepa_v1__mlp__layer_24__seed_102"",""probe.mlp.hidden_dims=[512,256]"",""probe.mlp.dropout=0.0020188999349553278""]",results/verified_layerwise_probe_configs.csv,343,345,3113f82502c8785e,VERIFIED_FULL,"{""batch_size"":32,""dropout"":0.0020188999349553278,""early_stopping"":{""enabled"":true,""patience"":5},""epochs"":2000,""feature_view"":""pooled"",""hidden_dims"":[512,256],""layer"":24,""lr"":0.00017604344110565298,""slot"":null,""weight_decay"":0.008681319912263964}",jobs/train/mvp/mlp/output/training/mvp/mlp/mvp_jepa_v1_mlp_layers_22594123.out
mvp__jepa_v2__linear__layer_40__seed_101,mvp__jepa_v2__linear__layer_40,train_eval.probe.mvp,MVP,mvp,main,V-JEPA 2,ViT-G/16,Linear,linear,101,42,jepa_v2,vitg_384,40,,Final layer,pooled,0.0025385907507398863,0.0003306331267262618,64,1024,100,false,5,,,,,,,cpu,artifacts/probes/mvp,seed_runs_layerwise_v1/mvp__jepa_v2__linear__layer_40/seed_101,artifacts/results/mvp,seed_runs_layerwise_v1/mvp__jepa_v2__linear__layer_40/seed_101,seed_runs_layerwise_v1_mvp__jepa_v2__linear__layer_40,mvp__jepa_v2__linear__layer_40__seed_101,pending,,"[""seed=101"",""split.seed=42"",""backbone.name=jepa_v2"",""+backbone.kwargs.variant=vitg_384"",""probe.name=linear"",""probe.layer=40"",""probe.layers=[]"",""probe.feature_view=pooled"",""probe.device=cpu"",""probe.lr=0.0025385907507398863"",""probe.weight_decay=0.0003306331267262618"",""probe.batch_size=64"",""probe.eval_batch_size=1024"",""probe.epochs=100"",""probe.early_stopping.enabled=false"",""probe.early_stopping.patience=5"",""probe.optuna.enabled=false"",""probe.output_dir=artifacts/probes/mvp"",""probe.output_subdir=seed_runs_layerwise_v1/mvp__jepa_v2__linear__layer_40/seed_101"",""probe.eval_output_dir=artifacts/results/mvp"",""probe.eval_output_subdir=seed_runs_layerwise_v1/mvp__jepa_v2__linear__layer_40/seed_101"",""probe.wandb.group=seed_runs_layerwise_v1_mvp__jepa_v2__linear__layer_40"",""probe.wandb.name=mvp__jepa_v2__linear__layer_40__seed_101""]",results/verified_layerwise_probe_configs.csv,360,362,7f09c6a7bf21ea30,VERIFIED_FULL,"{""batch_size"":64,""early_stopping"":{""enabled"":true,""patience"":5},""epochs"":100,""feature_view"":""pooled"",""layer"":40,""lr"":0.0025385907507398863,""slot"":null,""weight_decay"":0.0003306331267262618}",output/training/mvp/linear/mvp_jepa_v2_linear_layers_22392307.out
mvp__jepa_v2__linear__layer_40__seed_102,mvp__jepa_v2__linear__layer_40,train_eval.probe.mvp,MVP,mvp,main,V-JEPA 2,ViT-G/16,Linear,linear,102,42,jepa_v2,vitg_384,40,,Final layer,pooled,0.0025385907507398863,0.0003306331267262618,64,1024,100,false,5,,,,,,,cpu,artifacts/probes/mvp,seed_runs_layerwise_v1/mvp__jepa_v2__linear__layer_40/seed_102,artifacts/results/mvp,seed_runs_layerwise_v1/mvp__jepa_v2__linear__layer_40/seed_102,seed_runs_layerwise_v1_mvp__jepa_v2__linear__layer_40,mvp__jepa_v2__linear__layer_40__seed_102,pending,,"[""seed=102"",""split.seed=42"",""backbone.name=jepa_v2"",""+backbone.kwargs.variant=vitg_384"",""probe.name=linear"",""probe.layer=40"",""probe.layers=[]"",""probe.feature_view=pooled"",""probe.device=cpu"",""probe.lr=0.0025385907507398863"",""probe.weight_decay=0.0003306331267262618"",""probe.batch_size=64"",""probe.eval_batch_size=1024"",""probe.epochs=100"",""probe.early_stopping.enabled=false"",""probe.early_stopping.patience=5"",""probe.optuna.enabled=false"",""probe.output_dir=artifacts/probes/mvp"",""probe.output_subdir=seed_runs_layerwise_v1/mvp__jepa_v2__linear__layer_40/seed_102"",""probe.eval_output_dir=artifacts/results/mvp"",""probe.eval_output_subdir=seed_runs_layerwise_v1/mvp__jepa_v2__linear__layer_40/seed_102"",""probe.wandb.group=seed_runs_layerwise_v1_mvp__jepa_v2__linear__layer_40"",""probe.wandb.name=mvp__jepa_v2__linear__layer_40__seed_102""]",results/verified_layerwise_probe_configs.csv,360,362,7f09c6a7bf21ea30,VERIFIED_FULL,"{""batch_size"":64,""early_stopping"":{""enabled"":true,""patience"":5},""epochs"":100,""feature_view"":""pooled"",""layer"":40,""lr"":0.0025385907507398863,""slot"":null,""weight_decay"":0.0003306331267262618}",output/training/mvp/linear/mvp_jepa_v2_linear_layers_22392307.out
mvp__jepa_v2__linear__layer_10__seed_101,mvp__jepa_v2__linear__layer_10,train_eval.probe.mvp,MVP,mvp,main,V-JEPA 2,ViT-G/16,Linear,linear,101,42,jepa_v2,vitg_384,10,,Layer 0.25,pooled,0.00972858315193107,3.435782489966982e-05,128,1024,100,false,5,,,,,,,cpu,artifacts/probes/mvp,seed_runs_layerwise_v1/mvp__jepa_v2__linear__layer_10/seed_101,artifacts/results/mvp,seed_runs_layerwise_v1/mvp__jepa_v2__linear__layer_10/seed_101,seed_runs_layerwise_v1_mvp__jepa_v2__linear__layer_10,mvp__jepa_v2__linear__layer_10__seed_101,pending,,"[""seed=101"",""split.seed=42"",""backbone.name=jepa_v2"",""+backbone.kwargs.variant=vitg_384"",""probe.name=linear"",""probe.layer=10"",""probe.layers=[]"",""probe.feature_view=pooled"",""probe.device=cpu"",""probe.lr=0.00972858315193107"",""probe.weight_decay=3.435782489966982e-05"",""probe.batch_size=128"",""probe.eval_batch_size=1024"",""probe.epochs=100"",""probe.early_stopping.enabled=false"",""probe.early_stopping.patience=5"",""probe.optuna.enabled=false"",""probe.output_dir=artifacts/probes/mvp"",""probe.output_subdir=seed_runs_layerwise_v1/mvp__jepa_v2__linear__layer_10/seed_101"",""probe.eval_output_dir=artifacts/results/mvp"",""probe.eval_output_subdir=seed_runs_layerwise_v1/mvp__jepa_v2__linear__layer_10/seed_101"",""probe.wandb.group=seed_runs_layerwise_v1_mvp__jepa_v2__linear__layer_10"",""probe.wandb.name=mvp__jepa_v2__linear__layer_10__seed_101""]",results/verified_layerwise_probe_configs.csv,361,363,af34ce7dfaa054ed,VERIFIED_FULL,"{""batch_size"":128,""early_stopping"":{""enabled"":true,""patience"":5},""epochs"":100,""feature_view"":""pooled"",""layer"":10,""lr"":0.00972858315193107,""slot"":null,""weight_decay"":3.435782489966982e-05}",output/training/mvp/linear/mvp_jepa_v2_linear_layers_22392307.out
mvp__jepa_v2__linear__layer_10__seed_102,mvp__jepa_v2__linear__layer_10,train_eval.probe.mvp,MVP,mvp,main,V-JEPA 2,ViT-G/16,Linear,linear,102,42,jepa_v2,vitg_384,10,,Layer 0.25,pooled,0.00972858315193107,3.435782489966982e-05,128,1024,100,false,5,,,,,,,cpu,artifacts/probes/mvp,seed_runs_layerwise_v1/mvp__jepa_v2__linear__layer_10/seed_102,artifacts/results/mvp,seed_runs_layerwise_v1/mvp__jepa_v2__linear__layer_10/seed_102,seed_runs_layerwise_v1_mvp__jepa_v2__linear__layer_10,mvp__jepa_v2__linear__layer_10__seed_102,pending,,"[""seed=102"",""split.seed=42"",""backbone.name=jepa_v2"",""+backbone.kwargs.variant=vitg_384"",""probe.name=linear"",""probe.layer=10"",""probe.layers=[]"",""probe.feature_view=pooled"",""probe.device=cpu"",""probe.lr=0.00972858315193107"",""probe.weight_decay=3.435782489966982e-05"",""probe.batch_size=128"",""probe.eval_batch_size=1024"",""probe.epochs=100"",""probe.early_stopping.enabled=false"",""probe.early_stopping.patience=5"",""probe.optuna.enabled=false"",""probe.output_dir=artifacts/probes/mvp"",""probe.output_subdir=seed_runs_layerwise_v1/mvp__jepa_v2__linear__layer_10/seed_102"",""probe.eval_output_dir=artifacts/results/mvp"",""probe.eval_output_subdir=seed_runs_layerwise_v1/mvp__jepa_v2__linear__layer_10/seed_102"",""probe.wandb.group=seed_runs_layerwise_v1_mvp__jepa_v2__linear__layer_10"",""probe.wandb.name=mvp__jepa_v2__linear__layer_10__seed_102""]",results/verified_layerwise_probe_configs.csv,361,363,af34ce7dfaa054ed,VERIFIED_FULL,"{""batch_size"":128,""early_stopping"":{""enabled"":true,""patience"":5},""epochs"":100,""feature_view"":""pooled"",""layer"":10,""lr"":0.00972858315193107,""slot"":null,""weight_decay"":3.435782489966982e-05}",output/training/mvp/linear/mvp_jepa_v2_linear_layers_22392307.out
mvp__jepa_v2__linear__layer_20__seed_101,mvp__jepa_v2__linear__layer_20,train_eval.probe.mvp,MVP,mvp,main,V-JEPA 2,ViT-G/16,Linear,linear,101,42,jepa_v2,vitg_384,20,,Layer 0.5,pooled,0.00423691820605159,1.2620605492160553e-06,64,1024,100,false,5,,,,,,,cpu,artifacts/probes/mvp,seed_runs_layerwise_v1/mvp__jepa_v2__linear__layer_20/seed_101,artifacts/results/mvp,seed_runs_layerwise_v1/mvp__jepa_v2__linear__layer_20/seed_101,seed_runs_layerwise_v1_mvp__jepa_v2__linear__layer_20,mvp__jepa_v2__linear__layer_20__seed_101,pending,,"[""seed=101"",""split.seed=42"",""backbone.name=jepa_v2"",""+backbone.kwargs.variant=vitg_384"",""probe.name=linear"",""probe.layer=20"",""probe.layers=[]"",""probe.feature_view=pooled"",""probe.device=cpu"",""probe.lr=0.00423691820605159"",""probe.weight_decay=1.2620605492160553e-06"",""probe.batch_size=64"",""probe.eval_batch_size=1024"",""probe.epochs=100"",""probe.early_stopping.enabled=false"",""probe.early_stopping.patience=5"",""probe.optuna.enabled=false"",""probe.output_dir=artifacts/probes/mvp"",""probe.output_subdir=seed_runs_layerwise_v1/mvp__jepa_v2__linear__layer_20/seed_101"",""probe.eval_output_dir=artifacts/results/mvp"",""probe.eval_output_subdir=seed_runs_layerwise_v1/mvp__jepa_v2__linear__layer_20/seed_101"",""probe.wandb.group=seed_runs_layerwise_v1_mvp__jepa_v2__linear__layer_20"",""probe.wandb.name=mvp__jepa_v2__linear__layer_20__seed_101""]",results/verified_layerwise_probe_configs.csv,362,364,3645dd8cd2f932d5,VERIFIED_FULL,"{""batch_size"":64,""early_stopping"":{""enabled"":true,""patience"":5},""epochs"":100,""feature_view"":""pooled"",""layer"":20,""lr"":0.00423691820605159,""slot"":null,""weight_decay"":1.2620605492160553e-06}",output/training/mvp/linear/mvp_jepa_v2_linear_layers_22392307.out
mvp__jepa_v2__linear__layer_20__seed_102,mvp__jepa_v2__linear__layer_20,train_eval.probe.mvp,MVP,mvp,main,V-JEPA 2,ViT-G/16,Linear,linear,102,42,jepa_v2,vitg_384,20,,Layer 0.5,pooled,0.00423691820605159,1.2620605492160553e-06,64,1024,100,false,5,,,,,,,cpu,artifacts/probes/mvp,seed_runs_layerwise_v1/mvp__jepa_v2__linear__layer_20/seed_102,artifacts/results/mvp,seed_runs_layerwise_v1/mvp__jepa_v2__linear__layer_20/seed_102,seed_runs_layerwise_v1_mvp__jepa_v2__linear__layer_20,mvp__jepa_v2__linear__layer_20__seed_102,pending,,"[""seed=102"",""split.seed=42"",""backbone.name=jepa_v2"",""+backbone.kwargs.variant=vitg_384"",""probe.name=linear"",""probe.layer=20"",""probe.layers=[]"",""probe.feature_view=pooled"",""probe.device=cpu"",""probe.lr=0.00423691820605159"",""probe.weight_decay=1.2620605492160553e-06"",""probe.batch_size=64"",""probe.eval_batch_size=1024"",""probe.epochs=100"",""probe.early_stopping.enabled=false"",""probe.early_stopping.patience=5"",""probe.optuna.enabled=false"",""probe.output_dir=artifacts/probes/mvp"",""probe.output_subdir=seed_runs_layerwise_v1/mvp__jepa_v2__linear__layer_20/seed_102"",""probe.eval_output_dir=artifacts/results/mvp"",""probe.eval_output_subdir=seed_runs_layerwise_v1/mvp__jepa_v2__linear__layer_20/seed_102"",""probe.wandb.group=seed_runs_layerwise_v1_mvp__jepa_v2__linear__layer_20"",""probe.wandb.name=mvp__jepa_v2__linear__layer_20__seed_102""]",results/verified_layerwise_probe_configs.csv,362,364,3645dd8cd2f932d5,VERIFIED_FULL,"{""batch_size"":64,""early_stopping"":{""enabled"":true,""patience"":5},""epochs"":100,""feature_view"":""pooled"",""layer"":20,""lr"":0.00423691820605159,""slot"":null,""weight_decay"":1.2620605492160553e-06}",output/training/mvp/linear/mvp_jepa_v2_linear_layers_22392307.out
mvp__jepa_v2__linear__layer_30__seed_101,mvp__jepa_v2__linear__layer_30,train_eval.probe.mvp,MVP,mvp,main,V-JEPA 2,ViT-G/16,Linear,linear,101,42,jepa_v2,vitg_384,30,,Layer 0.75,pooled,0.002482076244951997,4.037733308961697e-06,64,1024,100,false,5,,,,,,,cpu,artifacts/probes/mvp,seed_runs_layerwise_v1/mvp__jepa_v2__linear__layer_30/seed_101,artifacts/results/mvp,seed_runs_layerwise_v1/mvp__jepa_v2__linear__layer_30/seed_101,seed_runs_layerwise_v1_mvp__jepa_v2__linear__layer_30,mvp__jepa_v2__linear__layer_30__seed_101,pending,,"[""seed=101"",""split.seed=42"",""backbone.name=jepa_v2"",""+backbone.kwargs.variant=vitg_384"",""probe.name=linear"",""probe.layer=30"",""probe.layers=[]"",""probe.feature_view=pooled"",""probe.device=cpu"",""probe.lr=0.002482076244951997"",""probe.weight_decay=4.037733308961697e-06"",""probe.batch_size=64"",""probe.eval_batch_size=1024"",""probe.epochs=100"",""probe.early_stopping.enabled=false"",""probe.early_stopping.patience=5"",""probe.optuna.enabled=false"",""probe.output_dir=artifacts/probes/mvp"",""probe.output_subdir=seed_runs_layerwise_v1/mvp__jepa_v2__linear__layer_30/seed_101"",""probe.eval_output_dir=artifacts/results/mvp"",""probe.eval_output_subdir=seed_runs_layerwise_v1/mvp__jepa_v2__linear__layer_30/seed_101"",""probe.wandb.group=seed_runs_layerwise_v1_mvp__jepa_v2__linear__layer_30"",""probe.wandb.name=mvp__jepa_v2__linear__layer_30__seed_101""]",results/verified_layerwise_probe_configs.csv,363,365,5a9311324427d97c,VERIFIED_FULL,"{""batch_size"":64,""early_stopping"":{""enabled"":true,""patience"":5},""epochs"":100,""feature_view"":""pooled"",""layer"":30,""lr"":0.002482076244951997,""slot"":null,""weight_decay"":4.037733308961697e-06}",output/training/mvp/linear/mvp_jepa_v2_linear_layers_22392307.out
mvp__jepa_v2__linear__layer_30__seed_102,mvp__jepa_v2__linear__layer_30,train_eval.probe.mvp,MVP,mvp,main,V-JEPA 2,ViT-G/16,Linear,linear,102,42,jepa_v2,vitg_384,30,,Layer 0.75,pooled,0.002482076244951997,4.037733308961697e-06,64,1024,100,false,5,,,,,,,cpu,artifacts/probes/mvp,seed_runs_layerwise_v1/mvp__jepa_v2__linear__layer_30/seed_102,artifacts/results/mvp,seed_runs_layerwise_v1/mvp__jepa_v2__linear__layer_30/seed_102,seed_runs_layerwise_v1_mvp__jepa_v2__linear__layer_30,mvp__jepa_v2__linear__layer_30__seed_102,pending,,"[""seed=102"",""split.seed=42"",""backbone.name=jepa_v2"",""+backbone.kwargs.variant=vitg_384"",""probe.name=linear"",""probe.layer=30"",""probe.layers=[]"",""probe.feature_view=pooled"",""probe.device=cpu"",""probe.lr=0.002482076244951997"",""probe.weight_decay=4.037733308961697e-06"",""probe.batch_size=64"",""probe.eval_batch_size=1024"",""probe.epochs=100"",""probe.early_stopping.enabled=false"",""probe.early_stopping.patience=5"",""probe.optuna.enabled=false"",""probe.output_dir=artifacts/probes/mvp"",""probe.output_subdir=seed_runs_layerwise_v1/mvp__jepa_v2__linear__layer_30/seed_102"",""probe.eval_output_dir=artifacts/results/mvp"",""probe.eval_output_subdir=seed_runs_layerwise_v1/mvp__jepa_v2__linear__layer_30/seed_102"",""probe.wandb.group=seed_runs_layerwise_v1_mvp__jepa_v2__linear__layer_30"",""probe.wandb.name=mvp__jepa_v2__linear__layer_30__seed_102""]",results/verified_layerwise_probe_configs.csv,363,365,5a9311324427d97c,VERIFIED_FULL,"{""batch_size"":64,""early_stopping"":{""enabled"":true,""patience"":5},""epochs"":100,""feature_view"":""pooled"",""layer"":30,""lr"":0.002482076244951997,""slot"":null,""weight_decay"":4.037733308961697e-06}",output/training/mvp/linear/mvp_jepa_v2_linear_layers_22392307.out
mvp__jepa_v2__mlp__layer_40__seed_101,mvp__jepa_v2__mlp__layer_40,train_eval.probe.mvp,MVP,mvp,main,V-JEPA 2,ViT-G/16,MLP,mlp,101,42,jepa_v2,vitg_384,40,,Final layer,pooled,0.000591918416083762,0.0001666091065162824,64,1024,2000,false,5,"[1024,512,256]",0.15501861355280072,,,,,cpu,artifacts/probes/mvp,seed_runs_layerwise_v1/mvp__jepa_v2__mlp__layer_40/seed_101,artifacts/results/mvp,seed_runs_layerwise_v1/mvp__jepa_v2__mlp__layer_40/seed_101,seed_runs_layerwise_v1_mvp__jepa_v2__mlp__layer_40,mvp__jepa_v2__mlp__layer_40__seed_101,pending,,"[""seed=101"",""split.seed=42"",""backbone.name=jepa_v2"",""+backbone.kwargs.variant=vitg_384"",""probe.name=mlp"",""probe.layer=40"",""probe.layers=[]"",""probe.feature_view=pooled"",""probe.device=cpu"",""probe.lr=0.000591918416083762"",""probe.weight_decay=0.0001666091065162824"",""probe.batch_size=64"",""probe.eval_batch_size=1024"",""probe.epochs=2000"",""probe.early_stopping.enabled=false"",""probe.early_stopping.patience=5"",""probe.optuna.enabled=false"",""probe.output_dir=artifacts/probes/mvp"",""probe.output_subdir=seed_runs_layerwise_v1/mvp__jepa_v2__mlp__layer_40/seed_101"",""probe.eval_output_dir=artifacts/results/mvp"",""probe.eval_output_subdir=seed_runs_layerwise_v1/mvp__jepa_v2__mlp__layer_40/seed_101"",""probe.wandb.group=seed_runs_layerwise_v1_mvp__jepa_v2__mlp__layer_40"",""probe.wandb.name=mvp__jepa_v2__mlp__layer_40__seed_101"",""probe.mlp.hidden_dims=[1024,512,256]"",""probe.mlp.dropout=0.15501861355280072""]",results/verified_layerwise_probe_configs.csv,364,366,75e7c7c18e129c71,VERIFIED_FULL,"{""batch_size"":64,""dropout"":0.15501861355280072,""early_stopping"":{""enabled"":true,""patience"":5},""epochs"":2000,""feature_view"":""pooled"",""hidden_dims"":[1024,512,256],""layer"":40,""lr"":0.000591918416083762,""slot"":null,""weight_decay"":0.0001666091065162824}",jobs/train/mvp/mlp/output/training/mvp/mlp/mvp_jepa_v2_mlp_layers_22594132.out
mvp__jepa_v2__mlp__layer_40__seed_102,mvp__jepa_v2__mlp__layer_40,train_eval.probe.mvp,MVP,mvp,main,V-JEPA 2,ViT-G/16,MLP,mlp,102,42,jepa_v2,vitg_384,40,,Final layer,pooled,0.000591918416083762,0.0001666091065162824,64,1024,2000,false,5,"[1024,512,256]",0.15501861355280072,,,,,cpu,artifacts/probes/mvp,seed_runs_layerwise_v1/mvp__jepa_v2__mlp__layer_40/seed_102,artifacts/results/mvp,seed_runs_layerwise_v1/mvp__jepa_v2__mlp__layer_40/seed_102,seed_runs_layerwise_v1_mvp__jepa_v2__mlp__layer_40,mvp__jepa_v2__mlp__layer_40__seed_102,pending,,"[""seed=102"",""split.seed=42"",""backbone.name=jepa_v2"",""+backbone.kwargs.variant=vitg_384"",""probe.name=mlp"",""probe.layer=40"",""probe.layers=[]"",""probe.feature_view=pooled"",""probe.device=cpu"",""probe.lr=0.000591918416083762"",""probe.weight_decay=0.0001666091065162824"",""probe.batch_size=64"",""probe.eval_batch_size=1024"",""probe.epochs=2000"",""probe.early_stopping.enabled=false"",""probe.early_stopping.patience=5"",""probe.optuna.enabled=false"",""probe.output_dir=artifacts/probes/mvp"",""probe.output_subdir=seed_runs_layerwise_v1/mvp__jepa_v2__mlp__layer_40/seed_102"",""probe.eval_output_dir=artifacts/results/mvp"",""probe.eval_output_subdir=seed_runs_layerwise_v1/mvp__jepa_v2__mlp__layer_40/seed_102"",""probe.wandb.group=seed_runs_layerwise_v1_mvp__jepa_v2__mlp__layer_40"",""probe.wandb.name=mvp__jepa_v2__mlp__layer_40__seed_102"",""probe.mlp.hidden_dims=[1024,512,256]"",""probe.mlp.dropout=0.15501861355280072""]",results/verified_layerwise_probe_configs.csv,364,366,75e7c7c18e129c71,VERIFIED_FULL,"{""batch_size"":64,""dropout"":0.15501861355280072,""early_stopping"":{""enabled"":true,""patience"":5},""epochs"":2000,""feature_view"":""pooled"",""hidden_dims"":[1024,512,256],""layer"":40,""lr"":0.000591918416083762,""slot"":null,""weight_decay"":0.0001666091065162824}",jobs/train/mvp/mlp/output/training/mvp/mlp/mvp_jepa_v2_mlp_layers_22594132.out
mvp__jepa_v2__mlp__layer_10__seed_101,mvp__jepa_v2__mlp__layer_10,train_eval.probe.mvp,MVP,mvp,main,V-JEPA 2,ViT-G/16,MLP,mlp,101,42,jepa_v2,vitg_384,10,,Layer 0.25,pooled,0.0001329291894316216,0.005061576888752304,32,1024,2000,false,5,[256],0.21597250932105788,,,,,cpu,artifacts/probes/mvp,seed_runs_layerwise_v1/mvp__jepa_v2__mlp__layer_10/seed_101,artifacts/results/mvp,seed_runs_layerwise_v1/mvp__jepa_v2__mlp__layer_10/seed_101,seed_runs_layerwise_v1_mvp__jepa_v2__mlp__layer_10,mvp__jepa_v2__mlp__layer_10__seed_101,pending,,"[""seed=101"",""split.seed=42"",""backbone.name=jepa_v2"",""+backbone.kwargs.variant=vitg_384"",""probe.name=mlp"",""probe.layer=10"",""probe.layers=[]"",""probe.feature_view=pooled"",""probe.device=cpu"",""probe.lr=0.0001329291894316216"",""probe.weight_decay=0.005061576888752304"",""probe.batch_size=32"",""probe.eval_batch_size=1024"",""probe.epochs=2000"",""probe.early_stopping.enabled=false"",""probe.early_stopping.patience=5"",""probe.optuna.enabled=false"",""probe.output_dir=artifacts/probes/mvp"",""probe.output_subdir=seed_runs_layerwise_v1/mvp__jepa_v2__mlp__layer_10/seed_101"",""probe.eval_output_dir=artifacts/results/mvp"",""probe.eval_output_subdir=seed_runs_layerwise_v1/mvp__jepa_v2__mlp__layer_10/seed_101"",""probe.wandb.group=seed_runs_layerwise_v1_mvp__jepa_v2__mlp__layer_10"",""probe.wandb.name=mvp__jepa_v2__mlp__layer_10__seed_101"",""probe.mlp.hidden_dims=[256]"",""probe.mlp.dropout=0.21597250932105788""]",results/verified_layerwise_probe_configs.csv,365,367,e590d7780e5ebac1,VERIFIED_FULL,"{""batch_size"":32,""dropout"":0.21597250932105788,""early_stopping"":{""enabled"":true,""patience"":5},""epochs"":2000,""feature_view"":""pooled"",""hidden_dims"":[256],""layer"":10,""lr"":0.0001329291894316216,""slot"":null,""weight_decay"":0.005061576888752304}",jobs/train/mvp/mlp/output/training/mvp/mlp/mvp_jepa_v2_mlp_layers_22594132.out
mvp__jepa_v2__mlp__layer_10__seed_102,mvp__jepa_v2__mlp__layer_10,train_eval.probe.mvp,MVP,mvp,main,V-JEPA 2,ViT-G/16,MLP,mlp,102,42,jepa_v2,vitg_384,10,,Layer 0.25,pooled,0.0001329291894316216,0.005061576888752304,32,1024,2000,false,5,[256],0.21597250932105788,,,,,cpu,artifacts/probes/mvp,seed_runs_layerwise_v1/mvp__jepa_v2__mlp__layer_10/seed_102,artifacts/results/mvp,seed_runs_layerwise_v1/mvp__jepa_v2__mlp__layer_10/seed_102,seed_runs_layerwise_v1_mvp__jepa_v2__mlp__layer_10,mvp__jepa_v2__mlp__layer_10__seed_102,pending,,"[""seed=102"",""split.seed=42"",""backbone.name=jepa_v2"",""+backbone.kwargs.variant=vitg_384"",""probe.name=mlp"",""probe.layer=10"",""probe.layers=[]"",""probe.feature_view=pooled"",""probe.device=cpu"",""probe.lr=0.0001329291894316216"",""probe.weight_decay=0.005061576888752304"",""probe.batch_size=32"",""probe.eval_batch_size=1024"",""probe.epochs=2000"",""probe.early_stopping.enabled=false"",""probe.early_stopping.patience=5"",""probe.optuna.enabled=false"",""probe.output_dir=artifacts/probes/mvp"",""probe.output_subdir=seed_runs_layerwise_v1/mvp__jepa_v2__mlp__layer_10/seed_102"",""probe.eval_output_dir=artifacts/results/mvp"",""probe.eval_output_subdir=seed_runs_layerwise_v1/mvp__jepa_v2__mlp__layer_10/seed_102"",""probe.wandb.group=seed_runs_layerwise_v1_mvp__jepa_v2__mlp__layer_10"",""probe.wandb.name=mvp__jepa_v2__mlp__layer_10__seed_102"",""probe.mlp.hidden_dims=[256]"",""probe.mlp.dropout=0.21597250932105788""]",results/verified_layerwise_probe_configs.csv,365,367,e590d7780e5ebac1,VERIFIED_FULL,"{""batch_size"":32,""dropout"":0.21597250932105788,""early_stopping"":{""enabled"":true,""patience"":5},""epochs"":2000,""feature_view"":""pooled"",""hidden_dims"":[256],""layer"":10,""lr"":0.0001329291894316216,""slot"":null,""weight_decay"":0.005061576888752304}",jobs/train/mvp/mlp/output/training/mvp/mlp/mvp_jepa_v2_mlp_layers_22594132.out
mvp__jepa_v2__mlp__layer_20__seed_101,mvp__jepa_v2__mlp__layer_20,train_eval.probe.mvp,MVP,mvp,main,V-JEPA 2,ViT-G/16,MLP,mlp,101,42,jepa_v2,vitg_384,20,,Layer 0.5,pooled,0.0001329291894316216,0.005061576888752304,32,1024,2000,false,5,[256],0.21597250932105788,,,,,cpu,artifacts/probes/mvp,seed_runs_layerwise_v1/mvp__jepa_v2__mlp__layer_20/seed_101,artifacts/results/mvp,seed_runs_layerwise_v1/mvp__jepa_v2__mlp__layer_20/seed_101,seed_runs_layerwise_v1_mvp__jepa_v2__mlp__layer_20,mvp__jepa_v2__mlp__layer_20__seed_101,pending,,"[""seed=101"",""split.seed=42"",""backbone.name=jepa_v2"",""+backbone.kwargs.variant=vitg_384"",""probe.name=mlp"",""probe.layer=20"",""probe.layers=[]"",""probe.feature_view=pooled"",""probe.device=cpu"",""probe.lr=0.0001329291894316216"",""probe.weight_decay=0.005061576888752304"",""probe.batch_size=32"",""probe.eval_batch_size=1024"",""probe.epochs=2000"",""probe.early_stopping.enabled=false"",""probe.early_stopping.patience=5"",""probe.optuna.enabled=false"",""probe.output_dir=artifacts/probes/mvp"",""probe.output_subdir=seed_runs_layerwise_v1/mvp__jepa_v2__mlp__layer_20/seed_101"",""probe.eval_output_dir=artifacts/results/mvp"",""probe.eval_output_subdir=seed_runs_layerwise_v1/mvp__jepa_v2__mlp__layer_20/seed_101"",""probe.wandb.group=seed_runs_layerwise_v1_mvp__jepa_v2__mlp__layer_20"",""probe.wandb.name=mvp__jepa_v2__mlp__layer_20__seed_101"",""probe.mlp.hidden_dims=[256]"",""probe.mlp.dropout=0.21597250932105788""]",results/verified_layerwise_probe_configs.csv,366,368,dcd9c99d2b500ecd,VERIFIED_FULL,"{""batch_size"":32,""dropout"":0.21597250932105788,""early_stopping"":{""enabled"":true,""patience"":5},""epochs"":2000,""feature_view"":""pooled"",""hidden_dims"":[256],""layer"":20,""lr"":0.0001329291894316216,""slot"":null,""weight_decay"":0.005061576888752304}",jobs/train/mvp/mlp/output/training/mvp/mlp/mvp_jepa_v2_mlp_layers_22594132.out
mvp__jepa_v2__mlp__layer_20__seed_102,mvp__jepa_v2__mlp__layer_20,train_eval.probe.mvp,MVP,mvp,main,V-JEPA 2,ViT-G/16,MLP,mlp,102,42,jepa_v2,vitg_384,20,,Layer 0.5,pooled,0.0001329291894316216,0.005061576888752304,32,1024,2000,false,5,[256],0.21597250932105788,,,,,cpu,artifacts/probes/mvp,seed_runs_layerwise_v1/mvp__jepa_v2__mlp__layer_20/seed_102,artifacts/results/mvp,seed_runs_layerwise_v1/mvp__jepa_v2__mlp__layer_20/seed_102,seed_runs_layerwise_v1_mvp__jepa_v2__mlp__layer_20,mvp__jepa_v2__mlp__layer_20__seed_102,pending,,"[""seed=102"",""split.seed=42"",""backbone.name=jepa_v2"",""+backbone.kwargs.variant=vitg_384"",""probe.name=mlp"",""probe.layer=20"",""probe.layers=[]"",""probe.feature_view=pooled"",""probe.device=cpu"",""probe.lr=0.0001329291894316216"",""probe.weight_decay=0.005061576888752304"",""probe.batch_size=32"",""probe.eval_batch_size=1024"",""probe.epochs=2000"",""probe.early_stopping.enabled=false"",""probe.early_stopping.patience=5"",""probe.optuna.enabled=false"",""probe.output_dir=artifacts/probes/mvp"",""probe.output_subdir=seed_runs_layerwise_v1/mvp__jepa_v2__mlp__layer_20/seed_102"",""probe.eval_output_dir=artifacts/results/mvp"",""probe.eval_output_subdir=seed_runs_layerwise_v1/mvp__jepa_v2__mlp__layer_20/seed_102"",""probe.wandb.group=seed_runs_layerwise_v1_mvp__jepa_v2__mlp__layer_20"",""probe.wandb.name=mvp__jepa_v2__mlp__layer_20__seed_102"",""probe.mlp.hidden_dims=[256]"",""probe.mlp.dropout=0.21597250932105788""]",results/verified_layerwise_probe_configs.csv,366,368,dcd9c99d2b500ecd,VERIFIED_FULL,"{""batch_size"":32,""dropout"":0.21597250932105788,""early_stopping"":{""enabled"":true,""patience"":5},""epochs"":2000,""feature_view"":""pooled"",""hidden_dims"":[256],""layer"":20,""lr"":0.0001329291894316216,""slot"":null,""weight_decay"":0.005061576888752304}",jobs/train/mvp/mlp/output/training/mvp/mlp/mvp_jepa_v2_mlp_layers_22594132.out
mvp__jepa_v2__mlp__layer_30__seed_101,mvp__jepa_v2__mlp__layer_30,train_eval.probe.mvp,MVP,mvp,main,V-JEPA 2,ViT-G/16,MLP,mlp,101,42,jepa_v2,vitg_384,30,,Layer 0.75,pooled,0.0006227253081323598,0.007461749237895955,64,1024,2000,false,5,[256],0.002035258561151679,,,,,cpu,artifacts/probes/mvp,seed_runs_layerwise_v1/mvp__jepa_v2__mlp__layer_30/seed_101,artifacts/results/mvp,seed_runs_layerwise_v1/mvp__jepa_v2__mlp__layer_30/seed_101,seed_runs_layerwise_v1_mvp__jepa_v2__mlp__layer_30,mvp__jepa_v2__mlp__layer_30__seed_101,pending,,"[""seed=101"",""split.seed=42"",""backbone.name=jepa_v2"",""+backbone.kwargs.variant=vitg_384"",""probe.name=mlp"",""probe.layer=30"",""probe.layers=[]"",""probe.feature_view=pooled"",""probe.device=cpu"",""probe.lr=0.0006227253081323598"",""probe.weight_decay=0.007461749237895955"",""probe.batch_size=64"",""probe.eval_batch_size=1024"",""probe.epochs=2000"",""probe.early_stopping.enabled=false"",""probe.early_stopping.patience=5"",""probe.optuna.enabled=false"",""probe.output_dir=artifacts/probes/mvp"",""probe.output_subdir=seed_runs_layerwise_v1/mvp__jepa_v2__mlp__layer_30/seed_101"",""probe.eval_output_dir=artifacts/results/mvp"",""probe.eval_output_subdir=seed_runs_layerwise_v1/mvp__jepa_v2__mlp__layer_30/seed_101"",""probe.wandb.group=seed_runs_layerwise_v1_mvp__jepa_v2__mlp__layer_30"",""probe.wandb.name=mvp__jepa_v2__mlp__layer_30__seed_101"",""probe.mlp.hidden_dims=[256]"",""probe.mlp.dropout=0.002035258561151679""]",results/verified_layerwise_probe_configs.csv,367,369,e6084b3b40576894,VERIFIED_FULL,"{""batch_size"":64,""dropout"":0.002035258561151679,""early_stopping"":{""enabled"":true,""patience"":5},""epochs"":2000,""feature_view"":""pooled"",""hidden_dims"":[256],""layer"":30,""lr"":0.0006227253081323598,""slot"":null,""weight_decay"":0.007461749237895955}",jobs/train/mvp/mlp/output/training/mvp/mlp/mvp_jepa_v2_mlp_layers_22594132.out
mvp__jepa_v2__mlp__layer_30__seed_102,mvp__jepa_v2__mlp__layer_30,train_eval.probe.mvp,MVP,mvp,main,V-JEPA 2,ViT-G/16,MLP,mlp,102,42,jepa_v2,vitg_384,30,,Layer 0.75,pooled,0.0006227253081323598,0.007461749237895955,64,1024,2000,false,5,[256],0.002035258561151679,,,,,cpu,artifacts/probes/mvp,seed_runs_layerwise_v1/mvp__jepa_v2__mlp__layer_30/seed_102,artifacts/results/mvp,seed_runs_layerwise_v1/mvp__jepa_v2__mlp__layer_30/seed_102,seed_runs_layerwise_v1_mvp__jepa_v2__mlp__layer_30,mvp__jepa_v2__mlp__layer_30__seed_102,pending,,"[""seed=102"",""split.seed=42"",""backbone.name=jepa_v2"",""+backbone.kwargs.variant=vitg_384"",""probe.name=mlp"",""probe.layer=30"",""probe.layers=[]"",""probe.feature_view=pooled"",""probe.device=cpu"",""probe.lr=0.0006227253081323598"",""probe.weight_decay=0.007461749237895955"",""probe.batch_size=64"",""probe.eval_batch_size=1024"",""probe.epochs=2000"",""probe.early_stopping.enabled=false"",""probe.early_stopping.patience=5"",""probe.optuna.enabled=false"",""probe.output_dir=artifacts/probes/mvp"",""probe.output_subdir=seed_runs_layerwise_v1/mvp__jepa_v2__mlp__layer_30/seed_102"",""probe.eval_output_dir=artifacts/results/mvp"",""probe.eval_output_subdir=seed_runs_layerwise_v1/mvp__jepa_v2__mlp__layer_30/seed_102"",""probe.wandb.group=seed_runs_layerwise_v1_mvp__jepa_v2__mlp__layer_30"",""probe.wandb.name=mvp__jepa_v2__mlp__layer_30__seed_102"",""probe.mlp.hidden_dims=[256]"",""probe.mlp.dropout=0.002035258561151679""]",results/verified_layerwise_probe_configs.csv,367,369,e6084b3b40576894,VERIFIED_FULL,"{""batch_size"":64,""dropout"":0.002035258561151679,""early_stopping"":{""enabled"":true,""patience"":5},""epochs"":2000,""feature_view"":""pooled"",""hidden_dims"":[256],""layer"":30,""lr"":0.0006227253081323598,""slot"":null,""weight_decay"":0.007461749237895955}",jobs/train/mvp/mlp/output/training/mvp/mlp/mvp_jepa_v2_mlp_layers_22594132.out
mvp__jepa_v2_1__linear__layer_48__seed_101,mvp__jepa_v2_1__linear__layer_48,train_eval.probe.mvp,MVP,mvp,main,V-JEPA 2.1,ViT-Gigantic/16,Linear,linear,101,42,jepa_v2_1,vitG_384,48,,Final layer,pooled,0.00500366212062638,2.2631709120790008e-06,64,1024,100,false,5,,,,,,,cpu,artifacts/probes/mvp,seed_runs_layerwise_v1/mvp__jepa_v2_1__linear__layer_48/seed_101,artifacts/results/mvp,seed_runs_layerwise_v1/mvp__jepa_v2_1__linear__layer_48/seed_101,seed_runs_layerwise_v1_mvp__jepa_v2_1__linear__layer_48,mvp__jepa_v2_1__linear__layer_48__seed_101,pending,,"[""seed=101"",""split.seed=42"",""backbone.name=jepa_v2_1"",""+backbone.kwargs.variant=vitG_384"",""probe.name=linear"",""probe.layer=48"",""probe.layers=[]"",""probe.feature_view=pooled"",""probe.device=cpu"",""probe.lr=0.00500366212062638"",""probe.weight_decay=2.2631709120790008e-06"",""probe.batch_size=64"",""probe.eval_batch_size=1024"",""probe.epochs=100"",""probe.early_stopping.enabled=false"",""probe.early_stopping.patience=5"",""probe.optuna.enabled=false"",""probe.output_dir=artifacts/probes/mvp"",""probe.output_subdir=seed_runs_layerwise_v1/mvp__jepa_v2_1__linear__layer_48/seed_101"",""probe.eval_output_dir=artifacts/results/mvp"",""probe.eval_output_subdir=seed_runs_layerwise_v1/mvp__jepa_v2_1__linear__layer_48/seed_101"",""probe.wandb.group=seed_runs_layerwise_v1_mvp__jepa_v2_1__linear__layer_48"",""probe.wandb.name=mvp__jepa_v2_1__linear__layer_48__seed_101""]",results/verified_layerwise_probe_configs.csv,408,410,6553315053680cc5,VERIFIED_FULL,"{""batch_size"":64,""early_stopping"":{""enabled"":true,""patience"":5},""epochs"":100,""feature_view"":""pooled"",""layer"":48,""lr"":0.00500366212062638,""slot"":null,""weight_decay"":2.2631709120790008e-06}",output/training/mvp/linear/mvp_jepa_v2_1_linear_layers_22392310.out
mvp__jepa_v2_1__linear__layer_48__seed_102,mvp__jepa_v2_1__linear__layer_48,train_eval.probe.mvp,MVP,mvp,main,V-JEPA 2.1,ViT-Gigantic/16,Linear,linear,102,42,jepa_v2_1,vitG_384,48,,Final layer,pooled,0.00500366212062638,2.2631709120790008e-06,64,1024,100,false,5,,,,,,,cpu,artifacts/probes/mvp,seed_runs_layerwise_v1/mvp__jepa_v2_1__linear__layer_48/seed_102,artifacts/results/mvp,seed_runs_layerwise_v1/mvp__jepa_v2_1__linear__layer_48/seed_102,seed_runs_layerwise_v1_mvp__jepa_v2_1__linear__layer_48,mvp__jepa_v2_1__linear__layer_48__seed_102,pending,,"[""seed=102"",""split.seed=42"",""backbone.name=jepa_v2_1"",""+backbone.kwargs.variant=vitG_384"",""probe.name=linear"",""probe.layer=48"",""probe.layers=[]"",""probe.feature_view=pooled"",""probe.device=cpu"",""probe.lr=0.00500366212062638"",""probe.weight_decay=2.2631709120790008e-06"",""probe.batch_size=64"",""probe.eval_batch_size=1024"",""probe.epochs=100"",""probe.early_stopping.enabled=false"",""probe.early_stopping.patience=5"",""probe.optuna.enabled=false"",""probe.output_dir=artifacts/probes/mvp"",""probe.output_subdir=seed_runs_layerwise_v1/mvp__jepa_v2_1__linear__layer_48/seed_102"",""probe.eval_output_dir=artifacts/results/mvp"",""probe.eval_output_subdir=seed_runs_layerwise_v1/mvp__jepa_v2_1__linear__layer_48/seed_102"",""probe.wandb.group=seed_runs_layerwise_v1_mvp__jepa_v2_1__linear__layer_48"",""probe.wandb.name=mvp__jepa_v2_1__linear__layer_48__seed_102""]",results/verified_layerwise_probe_configs.csv,408,410,6553315053680cc5,VERIFIED_FULL,"{""batch_size"":64,""early_stopping"":{""enabled"":true,""patience"":5},""epochs"":100,""feature_view"":""pooled"",""layer"":48,""lr"":0.00500366212062638,""slot"":null,""weight_decay"":2.2631709120790008e-06}",output/training/mvp/linear/mvp_jepa_v2_1_linear_layers_22392310.out
mvp__jepa_v2_1__linear__layer_12__seed_101,mvp__jepa_v2_1__linear__layer_12,train_eval.probe.mvp,MVP,mvp,main,V-JEPA 2.1,ViT-Gigantic/16,Linear,linear,101,42,jepa_v2_1,vitG_384,12,,Layer 0.25,pooled,0.009840793387514502,5.105129366337536e-05,128,1024,100,false,5,,,,,,,cpu,artifacts/probes/mvp,seed_runs_layerwise_v1/mvp__jepa_v2_1__linear__layer_12/seed_101,artifacts/results/mvp,seed_runs_layerwise_v1/mvp__jepa_v2_1__linear__layer_12/seed_101,seed_runs_layerwise_v1_mvp__jepa_v2_1__linear__layer_12,mvp__jepa_v2_1__linear__layer_12__seed_101,pending,,"[""seed=101"",""split.seed=42"",""backbone.name=jepa_v2_1"",""+backbone.kwargs.variant=vitG_384"",""probe.name=linear"",""probe.layer=12"",""probe.layers=[]"",""probe.feature_view=pooled"",""probe.device=cpu"",""probe.lr=0.009840793387514502"",""probe.weight_decay=5.105129366337536e-05"",""probe.batch_size=128"",""probe.eval_batch_size=1024"",""probe.epochs=100"",""probe.early_stopping.enabled=false"",""probe.early_stopping.patience=5"",""probe.optuna.enabled=false"",""probe.output_dir=artifacts/probes/mvp"",""probe.output_subdir=seed_runs_layerwise_v1/mvp__jepa_v2_1__linear__layer_12/seed_101"",""probe.eval_output_dir=artifacts/results/mvp"",""probe.eval_output_subdir=seed_runs_layerwise_v1/mvp__jepa_v2_1__linear__layer_12/seed_101"",""probe.wandb.group=seed_runs_layerwise_v1_mvp__jepa_v2_1__linear__layer_12"",""probe.wandb.name=mvp__jepa_v2_1__linear__layer_12__seed_101""]",results/verified_layerwise_probe_configs.csv,409,411,d2dc1bd0cb839761,VERIFIED_FULL,"{""batch_size"":128,""early_stopping"":{""enabled"":true,""patience"":5},""epochs"":100,""feature_view"":""pooled"",""layer"":12,""lr"":0.009840793387514502,""slot"":null,""weight_decay"":5.105129366337536e-05}",output/training/mvp/linear/mvp_jepa_v2_1_linear_layers_22392310.out
mvp__jepa_v2_1__linear__layer_12__seed_102,mvp__jepa_v2_1__linear__layer_12,train_eval.probe.mvp,MVP,mvp,main,V-JEPA 2.1,ViT-Gigantic/16,Linear,linear,102,42,jepa_v2_1,vitG_384,12,,Layer 0.25,pooled,0.009840793387514502,5.105129366337536e-05,128,1024,100,false,5,,,,,,,cpu,artifacts/probes/mvp,seed_runs_layerwise_v1/mvp__jepa_v2_1__linear__layer_12/seed_102,artifacts/results/mvp,seed_runs_layerwise_v1/mvp__jepa_v2_1__linear__layer_12/seed_102,seed_runs_layerwise_v1_mvp__jepa_v2_1__linear__layer_12,mvp__jepa_v2_1__linear__layer_12__seed_102,pending,,"[""seed=102"",""split.seed=42"",""backbone.name=jepa_v2_1"",""+backbone.kwargs.variant=vitG_384"",""probe.name=linear"",""probe.layer=12"",""probe.layers=[]"",""probe.feature_view=pooled"",""probe.device=cpu"",""probe.lr=0.009840793387514502"",""probe.weight_decay=5.105129366337536e-05"",""probe.batch_size=128"",""probe.eval_batch_size=1024"",""probe.epochs=100"",""probe.early_stopping.enabled=false"",""probe.early_stopping.patience=5"",""probe.optuna.enabled=false"",""probe.output_dir=artifacts/probes/mvp"",""probe.output_subdir=seed_runs_layerwise_v1/mvp__jepa_v2_1__linear__layer_12/seed_102"",""probe.eval_output_dir=artifacts/results/mvp"",""probe.eval_output_subdir=seed_runs_layerwise_v1/mvp__jepa_v2_1__linear__layer_12/seed_102"",""probe.wandb.group=seed_runs_layerwise_v1_mvp__jepa_v2_1__linear__layer_12"",""probe.wandb.name=mvp__jepa_v2_1__linear__layer_12__seed_102""]",results/verified_layerwise_probe_configs.csv,409,411,d2dc1bd0cb839761,VERIFIED_FULL,"{""batch_size"":128,""early_stopping"":{""enabled"":true,""patience"":5},""epochs"":100,""feature_view"":""pooled"",""layer"":12,""lr"":0.009840793387514502,""slot"":null,""weight_decay"":5.105129366337536e-05}",output/training/mvp/linear/mvp_jepa_v2_1_linear_layers_22392310.out
mvp__jepa_v2_1__linear__layer_24__seed_101,mvp__jepa_v2_1__linear__layer_24,train_eval.probe.mvp,MVP,mvp,main,V-JEPA 2.1,ViT-Gigantic/16,Linear,linear,101,42,jepa_v2_1,vitG_384,24,,Layer 0.5,pooled,0.009438342075485972,0.00027931310519689937,64,1024,100,false,5,,,,,,,cpu,artifacts/probes/mvp,seed_runs_layerwise_v1/mvp__jepa_v2_1__linear__layer_24/seed_101,artifacts/results/mvp,seed_runs_layerwise_v1/mvp__jepa_v2_1__linear__layer_24/seed_101,seed_runs_layerwise_v1_mvp__jepa_v2_1__linear__layer_24,mvp__jepa_v2_1__linear__layer_24__seed_101,pending,,"[""seed=101"",""split.seed=42"",""backbone.name=jepa_v2_1"",""+backbone.kwargs.variant=vitG_384"",""probe.name=linear"",""probe.layer=24"",""probe.layers=[]"",""probe.feature_view=pooled"",""probe.device=cpu"",""probe.lr=0.009438342075485972"",""probe.weight_decay=0.00027931310519689937"",""probe.batch_size=64"",""probe.eval_batch_size=1024"",""probe.epochs=100"",""probe.early_stopping.enabled=false"",""probe.early_stopping.patience=5"",""probe.optuna.enabled=false"",""probe.output_dir=artifacts/probes/mvp"",""probe.output_subdir=seed_runs_layerwise_v1/mvp__jepa_v2_1__linear__layer_24/seed_101"",""probe.eval_output_dir=artifacts/results/mvp"",""probe.eval_output_subdir=seed_runs_layerwise_v1/mvp__jepa_v2_1__linear__layer_24/seed_101"",""probe.wandb.group=seed_runs_layerwise_v1_mvp__jepa_v2_1__linear__layer_24"",""probe.wandb.name=mvp__jepa_v2_1__linear__layer_24__seed_101""]",results/verified_layerwise_probe_configs.csv,410,412,5234ea04ec4916b9,VERIFIED_FULL,"{""batch_size"":64,""early_stopping"":{""enabled"":true,""patience"":5},""epochs"":100,""feature_view"":""pooled"",""layer"":24,""lr"":0.009438342075485972,""slot"":null,""weight_decay"":0.00027931310519689937}",output/training/mvp/linear/mvp_jepa_v2_1_linear_layers_22392310.out
mvp__jepa_v2_1__linear__layer_24__seed_102,mvp__jepa_v2_1__linear__layer_24,train_eval.probe.mvp,MVP,mvp,main,V-JEPA 2.1,ViT-Gigantic/16,Linear,linear,102,42,jepa_v2_1,vitG_384,24,,Layer 0.5,pooled,0.009438342075485972,0.00027931310519689937,64,1024,100,false,5,,,,,,,cpu,artifacts/probes/mvp,seed_runs_layerwise_v1/mvp__jepa_v2_1__linear__layer_24/seed_102,artifacts/results/mvp,seed_runs_layerwise_v1/mvp__jepa_v2_1__linear__layer_24/seed_102,seed_runs_layerwise_v1_mvp__jepa_v2_1__linear__layer_24,mvp__jepa_v2_1__linear__layer_24__seed_102,pending,,"[""seed=102"",""split.seed=42"",""backbone.name=jepa_v2_1"",""+backbone.kwargs.variant=vitG_384"",""probe.name=linear"",""probe.layer=24"",""probe.layers=[]"",""probe.feature_view=pooled"",""probe.device=cpu"",""probe.lr=0.009438342075485972"",""probe.weight_decay=0.00027931310519689937"",""probe.batch_size=64"",""probe.eval_batch_size=1024"",""probe.epochs=100"",""probe.early_stopping.enabled=false"",""probe.early_stopping.patience=5"",""probe.optuna.enabled=false"",""probe.output_dir=artifacts/probes/mvp"",""probe.output_subdir=seed_runs_layerwise_v1/mvp__jepa_v2_1__linear__layer_24/seed_102"",""probe.eval_output_dir=artifacts/results/mvp"",""probe.eval_output_subdir=seed_runs_layerwise_v1/mvp__jepa_v2_1__linear__layer_24/seed_102"",""probe.wandb.group=seed_runs_layerwise_v1_mvp__jepa_v2_1__linear__layer_24"",""probe.wandb.name=mvp__jepa_v2_1__linear__layer_24__seed_102""]",results/verified_layerwise_probe_configs.csv,410,412,5234ea04ec4916b9,VERIFIED_FULL,"{""batch_size"":64,""early_stopping"":{""enabled"":true,""patience"":5},""epochs"":100,""feature_view"":""pooled"",""layer"":24,""lr"":0.009438342075485972,""slot"":null,""weight_decay"":0.00027931310519689937}",output/training/mvp/linear/mvp_jepa_v2_1_linear_layers_22392310.out
mvp__jepa_v2_1__linear__layer_38__seed_101,mvp__jepa_v2_1__linear__layer_38,train_eval.probe.mvp,MVP,mvp,main,V-JEPA 2.1,ViT-Gigantic/16,Linear,linear,101,42,jepa_v2_1,vitG_384,38,,Layer 0.75,pooled,0.009438342075485972,0.00027931310519689937,64,1024,100,false,5,,,,,,,cpu,artifacts/probes/mvp,seed_runs_layerwise_v1/mvp__jepa_v2_1__linear__layer_38/seed_101,artifacts/results/mvp,seed_runs_layerwise_v1/mvp__jepa_v2_1__linear__layer_38/seed_101,seed_runs_layerwise_v1_mvp__jepa_v2_1__linear__layer_38,mvp__jepa_v2_1__linear__layer_38__seed_101,pending,,"[""seed=101"",""split.seed=42"",""backbone.name=jepa_v2_1"",""+backbone.kwargs.variant=vitG_384"",""probe.name=linear"",""probe.layer=38"",""probe.layers=[]"",""probe.feature_view=pooled"",""probe.device=cpu"",""probe.lr=0.009438342075485972"",""probe.weight_decay=0.00027931310519689937"",""probe.batch_size=64"",""probe.eval_batch_size=1024"",""probe.epochs=100"",""probe.early_stopping.enabled=false"",""probe.early_stopping.patience=5"",""probe.optuna.enabled=false"",""probe.output_dir=artifacts/probes/mvp"",""probe.output_subdir=seed_runs_layerwise_v1/mvp__jepa_v2_1__linear__layer_38/seed_101"",""probe.eval_output_dir=artifacts/results/mvp"",""probe.eval_output_subdir=seed_runs_layerwise_v1/mvp__jepa_v2_1__linear__layer_38/seed_101"",""probe.wandb.group=seed_runs_layerwise_v1_mvp__jepa_v2_1__linear__layer_38"",""probe.wandb.name=mvp__jepa_v2_1__linear__layer_38__seed_101""]",results/verified_layerwise_probe_configs.csv,411,413,aaf092cdd6ac9f68,VERIFIED_FULL,"{""batch_size"":64,""early_stopping"":{""enabled"":true,""patience"":5},""epochs"":100,""feature_view"":""pooled"",""layer"":38,""lr"":0.009438342075485972,""slot"":null,""weight_decay"":0.00027931310519689937}",output/training/mvp/linear/mvp_jepa_v2_1_linear_layers_22392310.out
mvp__jepa_v2_1__linear__layer_38__seed_102,mvp__jepa_v2_1__linear__layer_38,train_eval.probe.mvp,MVP,mvp,main,V-JEPA 2.1,ViT-Gigantic/16,Linear,linear,102,42,jepa_v2_1,vitG_384,38,,Layer 0.75,pooled,0.009438342075485972,0.00027931310519689937,64,1024,100,false,5,,,,,,,cpu,artifacts/probes/mvp,seed_runs_layerwise_v1/mvp__jepa_v2_1__linear__layer_38/seed_102,artifacts/results/mvp,seed_runs_layerwise_v1/mvp__jepa_v2_1__linear__layer_38/seed_102,seed_runs_layerwise_v1_mvp__jepa_v2_1__linear__layer_38,mvp__jepa_v2_1__linear__layer_38__seed_102,pending,,"[""seed=102"",""split.seed=42"",""backbone.name=jepa_v2_1"",""+backbone.kwargs.variant=vitG_384"",""probe.name=linear"",""probe.layer=38"",""probe.layers=[]"",""probe.feature_view=pooled"",""probe.device=cpu"",""probe.lr=0.009438342075485972"",""probe.weight_decay=0.00027931310519689937"",""probe.batch_size=64"",""probe.eval_batch_size=1024"",""probe.epochs=100"",""probe.early_stopping.enabled=false"",""probe.early_stopping.patience=5"",""probe.optuna.enabled=false"",""probe.output_dir=artifacts/probes/mvp"",""probe.output_subdir=seed_runs_layerwise_v1/mvp__jepa_v2_1__linear__layer_38/seed_102"",""probe.eval_output_dir=artifacts/results/mvp"",""probe.eval_output_subdir=seed_runs_layerwise_v1/mvp__jepa_v2_1__linear__layer_38/seed_102"",""probe.wandb.group=seed_runs_layerwise_v1_mvp__jepa_v2_1__linear__layer_38"",""probe.wandb.name=mvp__jepa_v2_1__linear__layer_38__seed_102""]",results/verified_layerwise_probe_configs.csv,411,413,aaf092cdd6ac9f68,VERIFIED_FULL,"{""batch_size"":64,""early_stopping"":{""enabled"":true,""patience"":5},""epochs"":100,""feature_view"":""pooled"",""layer"":38,""lr"":0.009438342075485972,""slot"":null,""weight_decay"":0.00027931310519689937}",output/training/mvp/linear/mvp_jepa_v2_1_linear_layers_22392310.out
mvp__jepa_v2_1__mlp__layer_48__seed_101,mvp__jepa_v2_1__mlp__layer_48,train_eval.probe.mvp,MVP,mvp,main,V-JEPA 2.1,ViT-Gigantic/16,MLP,mlp,101,42,jepa_v2_1,vitG_384,48,,Final layer,pooled,0.0001329291894316216,0.005061576888752304,32,1024,2000,false,5,[256],0.21597250932105788,,,,,cpu,artifacts/probes/mvp,seed_runs_layerwise_v1/mvp__jepa_v2_1__mlp__layer_48/seed_101,artifacts/results/mvp,seed_runs_layerwise_v1/mvp__jepa_v2_1__mlp__layer_48/seed_101,seed_runs_layerwise_v1_mvp__jepa_v2_1__mlp__layer_48,mvp__jepa_v2_1__mlp__layer_48__seed_101,pending,,"[""seed=101"",""split.seed=42"",""backbone.name=jepa_v2_1"",""+backbone.kwargs.variant=vitG_384"",""probe.name=mlp"",""probe.layer=48"",""probe.layers=[]"",""probe.feature_view=pooled"",""probe.device=cpu"",""probe.lr=0.0001329291894316216"",""probe.weight_decay=0.005061576888752304"",""probe.batch_size=32"",""probe.eval_batch_size=1024"",""probe.epochs=2000"",""probe.early_stopping.enabled=false"",""probe.early_stopping.patience=5"",""probe.optuna.enabled=false"",""probe.output_dir=artifacts/probes/mvp"",""probe.output_subdir=seed_runs_layerwise_v1/mvp__jepa_v2_1__mlp__layer_48/seed_101"",""probe.eval_output_dir=artifacts/results/mvp"",""probe.eval_output_subdir=seed_runs_layerwise_v1/mvp__jepa_v2_1__mlp__layer_48/seed_101"",""probe.wandb.group=seed_runs_layerwise_v1_mvp__jepa_v2_1__mlp__layer_48"",""probe.wandb.name=mvp__jepa_v2_1__mlp__layer_48__seed_101"",""probe.mlp.hidden_dims=[256]"",""probe.mlp.dropout=0.21597250932105788""]",results/verified_layerwise_probe_configs.csv,412,414,924ae39d1c816b9d,VERIFIED_FULL,"{""batch_size"":32,""dropout"":0.21597250932105788,""early_stopping"":{""enabled"":true,""patience"":5},""epochs"":2000,""feature_view"":""pooled"",""hidden_dims"":[256],""layer"":48,""lr"":0.0001329291894316216,""slot"":null,""weight_decay"":0.005061576888752304}",jobs/train/mvp/mlp/output/training/mvp/mlp/mvp_jepa_v2_1_mlp_layers_22594124.out
mvp__jepa_v2_1__mlp__layer_48__seed_102,mvp__jepa_v2_1__mlp__layer_48,train_eval.probe.mvp,MVP,mvp,main,V-JEPA 2.1,ViT-Gigantic/16,MLP,mlp,102,42,jepa_v2_1,vitG_384,48,,Final layer,pooled,0.0001329291894316216,0.005061576888752304,32,1024,2000,false,5,[256],0.21597250932105788,,,,,cpu,artifacts/probes/mvp,seed_runs_layerwise_v1/mvp__jepa_v2_1__mlp__layer_48/seed_102,artifacts/results/mvp,seed_runs_layerwise_v1/mvp__jepa_v2_1__mlp__layer_48/seed_102,seed_runs_layerwise_v1_mvp__jepa_v2_1__mlp__layer_48,mvp__jepa_v2_1__mlp__layer_48__seed_102,pending,,"[""seed=102"",""split.seed=42"",""backbone.name=jepa_v2_1"",""+backbone.kwargs.variant=vitG_384"",""probe.name=mlp"",""probe.layer=48"",""probe.layers=[]"",""probe.feature_view=pooled"",""probe.device=cpu"",""probe.lr=0.0001329291894316216"",""probe.weight_decay=0.005061576888752304"",""probe.batch_size=32"",""probe.eval_batch_size=1024"",""probe.epochs=2000"",""probe.early_stopping.enabled=false"",""probe.early_stopping.patience=5"",""probe.optuna.enabled=false"",""probe.output_dir=artifacts/probes/mvp"",""probe.output_subdir=seed_runs_layerwise_v1/mvp__jepa_v2_1__mlp__layer_48/seed_102"",""probe.eval_output_dir=artifacts/results/mvp"",""probe.eval_output_subdir=seed_runs_layerwise_v1/mvp__jepa_v2_1__mlp__layer_48/seed_102"",""probe.wandb.group=seed_runs_layerwise_v1_mvp__jepa_v2_1__mlp__layer_48"",""probe.wandb.name=mvp__jepa_v2_1__mlp__layer_48__seed_102"",""probe.mlp.hidden_dims=[256]"",""probe.mlp.dropout=0.21597250932105788""]",results/verified_layerwise_probe_configs.csv,412,414,924ae39d1c816b9d,VERIFIED_FULL,"{""batch_size"":32,""dropout"":0.21597250932105788,""early_stopping"":{""enabled"":true,""patience"":5},""epochs"":2000,""feature_view"":""pooled"",""hidden_dims"":[256],""layer"":48,""lr"":0.0001329291894316216,""slot"":null,""weight_decay"":0.005061576888752304}",jobs/train/mvp/mlp/output/training/mvp/mlp/mvp_jepa_v2_1_mlp_layers_22594124.out
mvp__jepa_v2_1__mlp__layer_12__seed_101,mvp__jepa_v2_1__mlp__layer_12,train_eval.probe.mvp,MVP,mvp,main,V-JEPA 2.1,ViT-Gigantic/16,MLP,mlp,101,42,jepa_v2_1,vitG_384,12,,Layer 0.25,pooled,0.0001329291894316216,0.005061576888752304,32,1024,2000,false,5,[256],0.21597250932105788,,,,,cpu,artifacts/probes/mvp,seed_runs_layerwise_v1/mvp__jepa_v2_1__mlp__layer_12/seed_101,artifacts/results/mvp,seed_runs_layerwise_v1/mvp__jepa_v2_1__mlp__layer_12/seed_101,seed_runs_layerwise_v1_mvp__jepa_v2_1__mlp__layer_12,mvp__jepa_v2_1__mlp__layer_12__seed_101,pending,,"[""seed=101"",""split.seed=42"",""backbone.name=jepa_v2_1"",""+backbone.kwargs.variant=vitG_384"",""probe.name=mlp"",""probe.layer=12"",""probe.layers=[]"",""probe.feature_view=pooled"",""probe.device=cpu"",""probe.lr=0.0001329291894316216"",""probe.weight_decay=0.005061576888752304"",""probe.batch_size=32"",""probe.eval_batch_size=1024"",""probe.epochs=2000"",""probe.early_stopping.enabled=false"",""probe.early_stopping.patience=5"",""probe.optuna.enabled=false"",""probe.output_dir=artifacts/probes/mvp"",""probe.output_subdir=seed_runs_layerwise_v1/mvp__jepa_v2_1__mlp__layer_12/seed_101"",""probe.eval_output_dir=artifacts/results/mvp"",""probe.eval_output_subdir=seed_runs_layerwise_v1/mvp__jepa_v2_1__mlp__layer_12/seed_101"",""probe.wandb.group=seed_runs_layerwise_v1_mvp__jepa_v2_1__mlp__layer_12"",""probe.wandb.name=mvp__jepa_v2_1__mlp__layer_12__seed_101"",""probe.mlp.hidden_dims=[256]"",""probe.mlp.dropout=0.21597250932105788""]",results/verified_layerwise_probe_configs.csv,413,415,d53dea0213cf3cf2,VERIFIED_FULL,"{""batch_size"":32,""dropout"":0.21597250932105788,""early_stopping"":{""enabled"":true,""patience"":5},""epochs"":2000,""feature_view"":""pooled"",""hidden_dims"":[256],""layer"":12,""lr"":0.0001329291894316216,""slot"":null,""weight_decay"":0.005061576888752304}",jobs/train/mvp/mlp/output/training/mvp/mlp/mvp_jepa_v2_1_mlp_layers_22594124.out
mvp__jepa_v2_1__mlp__layer_12__seed_102,mvp__jepa_v2_1__mlp__layer_12,train_eval.probe.mvp,MVP,mvp,main,V-JEPA 2.1,ViT-Gigantic/16,MLP,mlp,102,42,jepa_v2_1,vitG_384,12,,Layer 0.25,pooled,0.0001329291894316216,0.005061576888752304,32,1024,2000,false,5,[256],0.21597250932105788,,,,,cpu,artifacts/probes/mvp,seed_runs_layerwise_v1/mvp__jepa_v2_1__mlp__layer_12/seed_102,artifacts/results/mvp,seed_runs_layerwise_v1/mvp__jepa_v2_1__mlp__layer_12/seed_102,seed_runs_layerwise_v1_mvp__jepa_v2_1__mlp__layer_12,mvp__jepa_v2_1__mlp__layer_12__seed_102,pending,,"[""seed=102"",""split.seed=42"",""backbone.name=jepa_v2_1"",""+backbone.kwargs.variant=vitG_384"",""probe.name=mlp"",""probe.layer=12"",""probe.layers=[]"",""probe.feature_view=pooled"",""probe.device=cpu"",""probe.lr=0.0001329291894316216"",""probe.weight_decay=0.005061576888752304"",""probe.batch_size=32"",""probe.eval_batch_size=1024"",""probe.epochs=2000"",""probe.early_stopping.enabled=false"",""probe.early_stopping.patience=5"",""probe.optuna.enabled=false"",""probe.output_dir=artifacts/probes/mvp"",""probe.output_subdir=seed_runs_layerwise_v1/mvp__jepa_v2_1__mlp__layer_12/seed_102"",""probe.eval_output_dir=artifacts/results/mvp"",""probe.eval_output_subdir=seed_runs_layerwise_v1/mvp__jepa_v2_1__mlp__layer_12/seed_102"",""probe.wandb.group=seed_runs_layerwise_v1_mvp__jepa_v2_1__mlp__layer_12"",""probe.wandb.name=mvp__jepa_v2_1__mlp__layer_12__seed_102"",""probe.mlp.hidden_dims=[256]"",""probe.mlp.dropout=0.21597250932105788""]",results/verified_layerwise_probe_configs.csv,413,415,d53dea0213cf3cf2,VERIFIED_FULL,"{""batch_size"":32,""dropout"":0.21597250932105788,""early_stopping"":{""enabled"":true,""patience"":5},""epochs"":2000,""feature_view"":""pooled"",""hidden_dims"":[256],""layer"":12,""lr"":0.0001329291894316216,""slot"":null,""weight_decay"":0.005061576888752304}",jobs/train/mvp/mlp/output/training/mvp/mlp/mvp_jepa_v2_1_mlp_layers_22594124.out
mvp__jepa_v2_1__mlp__layer_24__seed_101,mvp__jepa_v2_1__mlp__layer_24,train_eval.probe.mvp,MVP,mvp,main,V-JEPA 2.1,ViT-Gigantic/16,MLP,mlp,101,42,jepa_v2_1,vitG_384,24,,Layer 0.5,pooled,0.0001329291894316216,0.005061576888752304,32,1024,2000,false,5,[256],0.21597250932105788,,,,,cpu,artifacts/probes/mvp,seed_runs_layerwise_v1/mvp__jepa_v2_1__mlp__layer_24/seed_101,artifacts/results/mvp,seed_runs_layerwise_v1/mvp__jepa_v2_1__mlp__layer_24/seed_101,seed_runs_layerwise_v1_mvp__jepa_v2_1__mlp__layer_24,mvp__jepa_v2_1__mlp__layer_24__seed_101,pending,,"[""seed=101"",""split.seed=42"",""backbone.name=jepa_v2_1"",""+backbone.kwargs.variant=vitG_384"",""probe.name=mlp"",""probe.layer=24"",""probe.layers=[]"",""probe.feature_view=pooled"",""probe.device=cpu"",""probe.lr=0.0001329291894316216"",""probe.weight_decay=0.005061576888752304"",""probe.batch_size=32"",""probe.eval_batch_size=1024"",""probe.epochs=2000"",""probe.early_stopping.enabled=false"",""probe.early_stopping.patience=5"",""probe.optuna.enabled=false"",""probe.output_dir=artifacts/probes/mvp"",""probe.output_subdir=seed_runs_layerwise_v1/mvp__jepa_v2_1__mlp__layer_24/seed_101"",""probe.eval_output_dir=artifacts/results/mvp"",""probe.eval_output_subdir=seed_runs_layerwise_v1/mvp__jepa_v2_1__mlp__layer_24/seed_101"",""probe.wandb.group=seed_runs_layerwise_v1_mvp__jepa_v2_1__mlp__layer_24"",""probe.wandb.name=mvp__jepa_v2_1__mlp__layer_24__seed_101"",""probe.mlp.hidden_dims=[256]"",""probe.mlp.dropout=0.21597250932105788""]",results/verified_layerwise_probe_configs.csv,414,416,3420543898d04f0a,VERIFIED_FULL,"{""batch_size"":32,""dropout"":0.21597250932105788,""early_stopping"":{""enabled"":true,""patience"":5},""epochs"":2000,""feature_view"":""pooled"",""hidden_dims"":[256],""layer"":24,""lr"":0.0001329291894316216,""slot"":null,""weight_decay"":0.005061576888752304}",jobs/train/mvp/mlp/output/training/mvp/mlp/mvp_jepa_v2_1_mlp_layers_22594124.out
mvp__jepa_v2_1__mlp__layer_24__seed_102,mvp__jepa_v2_1__mlp__layer_24,train_eval.probe.mvp,MVP,mvp,main,V-JEPA 2.1,ViT-Gigantic/16,MLP,mlp,102,42,jepa_v2_1,vitG_384,24,,Layer 0.5,pooled,0.0001329291894316216,0.005061576888752304,32,1024,2000,false,5,[256],0.21597250932105788,,,,,cpu,artifacts/probes/mvp,seed_runs_layerwise_v1/mvp__jepa_v2_1__mlp__layer_24/seed_102,artifacts/results/mvp,seed_runs_layerwise_v1/mvp__jepa_v2_1__mlp__layer_24/seed_102,seed_runs_layerwise_v1_mvp__jepa_v2_1__mlp__layer_24,mvp__jepa_v2_1__mlp__layer_24__seed_102,pending,,"[""seed=102"",""split.seed=42"",""backbone.name=jepa_v2_1"",""+backbone.kwargs.variant=vitG_384"",""probe.name=mlp"",""probe.layer=24"",""probe.layers=[]"",""probe.feature_view=pooled"",""probe.device=cpu"",""probe.lr=0.0001329291894316216"",""probe.weight_decay=0.005061576888752304"",""probe.batch_size=32"",""probe.eval_batch_size=1024"",""probe.epochs=2000"",""probe.early_stopping.enabled=false"",""probe.early_stopping.patience=5"",""probe.optuna.enabled=false"",""probe.output_dir=artifacts/probes/mvp"",""probe.output_subdir=seed_runs_layerwise_v1/mvp__jepa_v2_1__mlp__layer_24/seed_102"",""probe.eval_output_dir=artifacts/results/mvp"",""probe.eval_output_subdir=seed_runs_layerwise_v1/mvp__jepa_v2_1__mlp__layer_24/seed_102"",""probe.wandb.group=seed_runs_layerwise_v1_mvp__jepa_v2_1__mlp__layer_24"",""probe.wandb.name=mvp__jepa_v2_1__mlp__layer_24__seed_102"",""probe.mlp.hidden_dims=[256]"",""probe.mlp.dropout=0.21597250932105788""]",results/verified_layerwise_probe_configs.csv,414,416,3420543898d04f0a,VERIFIED_FULL,"{""batch_size"":32,""dropout"":0.21597250932105788,""early_stopping"":{""enabled"":true,""patience"":5},""epochs"":2000,""feature_view"":""pooled"",""hidden_dims"":[256],""layer"":24,""lr"":0.0001329291894316216,""slot"":null,""weight_decay"":0.005061576888752304}",jobs/train/mvp/mlp/output/training/mvp/mlp/mvp_jepa_v2_1_mlp_layers_22594124.out
mvp__jepa_v2_1__mlp__layer_38__seed_101,mvp__jepa_v2_1__mlp__layer_38,train_eval.probe.mvp,MVP,mvp,main,V-JEPA 2.1,ViT-Gigantic/16,MLP,mlp,101,42,jepa_v2_1,vitG_384,38,,Layer 0.75,pooled,0.0001329291894316216,0.005061576888752304,32,1024,2000,false,5,[256],0.21597250932105788,,,,,cpu,artifacts/probes/mvp,seed_runs_layerwise_v1/mvp__jepa_v2_1__mlp__layer_38/seed_101,artifacts/results/mvp,seed_runs_layerwise_v1/mvp__jepa_v2_1__mlp__layer_38/seed_101,seed_runs_layerwise_v1_mvp__jepa_v2_1__mlp__layer_38,mvp__jepa_v2_1__mlp__layer_38__seed_101,pending,,"[""seed=101"",""split.seed=42"",""backbone.name=jepa_v2_1"",""+backbone.kwargs.variant=vitG_384"",""probe.name=mlp"",""probe.layer=38"",""probe.layers=[]"",""probe.feature_view=pooled"",""probe.device=cpu"",""probe.lr=0.0001329291894316216"",""probe.weight_decay=0.005061576888752304"",""probe.batch_size=32"",""probe.eval_batch_size=1024"",""probe.epochs=2000"",""probe.early_stopping.enabled=false"",""probe.early_stopping.patience=5"",""probe.optuna.enabled=false"",""probe.output_dir=artifacts/probes/mvp"",""probe.output_subdir=seed_runs_layerwise_v1/mvp__jepa_v2_1__mlp__layer_38/seed_101"",""probe.eval_output_dir=artifacts/results/mvp"",""probe.eval_output_subdir=seed_runs_layerwise_v1/mvp__jepa_v2_1__mlp__layer_38/seed_101"",""probe.wandb.group=seed_runs_layerwise_v1_mvp__jepa_v2_1__mlp__layer_38"",""probe.wandb.name=mvp__jepa_v2_1__mlp__layer_38__seed_101"",""probe.mlp.hidden_dims=[256]"",""probe.mlp.dropout=0.21597250932105788""]",results/verified_layerwise_probe_configs.csv,415,417,79ddcab318d38377,VERIFIED_FULL,"{""batch_size"":32,""dropout"":0.21597250932105788,""early_stopping"":{""enabled"":true,""patience"":5},""epochs"":2000,""feature_view"":""pooled"",""hidden_dims"":[256],""layer"":38,""lr"":0.0001329291894316216,""slot"":null,""weight_decay"":0.005061576888752304}",jobs/train/mvp/mlp/output/training/mvp/mlp/mvp_jepa_v2_1_mlp_layers_22594124.out
mvp__jepa_v2_1__mlp__layer_38__seed_102,mvp__jepa_v2_1__mlp__layer_38,train_eval.probe.mvp,MVP,mvp,main,V-JEPA 2.1,ViT-Gigantic/16,MLP,mlp,102,42,jepa_v2_1,vitG_384,38,,Layer 0.75,pooled,0.0001329291894316216,0.005061576888752304,32,1024,2000,false,5,[256],0.21597250932105788,,,,,cpu,artifacts/probes/mvp,seed_runs_layerwise_v1/mvp__jepa_v2_1__mlp__layer_38/seed_102,artifacts/results/mvp,seed_runs_layerwise_v1/mvp__jepa_v2_1__mlp__layer_38/seed_102,seed_runs_layerwise_v1_mvp__jepa_v2_1__mlp__layer_38,mvp__jepa_v2_1__mlp__layer_38__seed_102,pending,,"[""seed=102"",""split.seed=42"",""backbone.name=jepa_v2_1"",""+backbone.kwargs.variant=vitG_384"",""probe.name=mlp"",""probe.layer=38"",""probe.layers=[]"",""probe.feature_view=pooled"",""probe.device=cpu"",""probe.lr=0.0001329291894316216"",""probe.weight_decay=0.005061576888752304"",""probe.batch_size=32"",""probe.eval_batch_size=1024"",""probe.epochs=2000"",""probe.early_stopping.enabled=false"",""probe.early_stopping.patience=5"",""probe.optuna.enabled=false"",""probe.output_dir=artifacts/probes/mvp"",""probe.output_subdir=seed_runs_layerwise_v1/mvp__jepa_v2_1__mlp__layer_38/seed_102"",""probe.eval_output_dir=artifacts/results/mvp"",""probe.eval_output_subdir=seed_runs_layerwise_v1/mvp__jepa_v2_1__mlp__layer_38/seed_102"",""probe.wandb.group=seed_runs_layerwise_v1_mvp__jepa_v2_1__mlp__layer_38"",""probe.wandb.name=mvp__jepa_v2_1__mlp__layer_38__seed_102"",""probe.mlp.hidden_dims=[256]"",""probe.mlp.dropout=0.21597250932105788""]",results/verified_layerwise_probe_configs.csv,415,417,79ddcab318d38377,VERIFIED_FULL,"{""batch_size"":32,""dropout"":0.21597250932105788,""early_stopping"":{""enabled"":true,""patience"":5},""epochs"":2000,""feature_view"":""pooled"",""hidden_dims"":[256],""layer"":38,""lr"":0.0001329291894316216,""slot"":null,""weight_decay"":0.005061576888752304}",jobs/train/mvp/mlp/output/training/mvp/mlp/mvp_jepa_v2_1_mlp_layers_22594124.out
mvp__videomae__linear__layer_32__seed_101,mvp__videomae__linear__layer_32,train_eval.probe.mvp,MVP,mvp,main,VideoMAE,ViT-H/16,Linear,linear,101,42,videomae,vit_huge_16_224,32,,Final layer,pooled,0.003587427989128852,4.1115623680606124e-05,256,1024,100,false,5,,,,,,,cpu,artifacts/probes/mvp,seed_runs_layerwise_v1/mvp__videomae__linear__layer_32/seed_101,artifacts/results/mvp,seed_runs_layerwise_v1/mvp__videomae__linear__layer_32/seed_101,seed_runs_layerwise_v1_mvp__videomae__linear__layer_32,mvp__videomae__linear__layer_32__seed_101,pending,,"[""seed=101"",""split.seed=42"",""backbone.name=videomae"",""+backbone.kwargs.variant=vit_huge_16_224"",""probe.name=linear"",""probe.layer=32"",""probe.layers=[]"",""probe.feature_view=pooled"",""probe.device=cpu"",""probe.lr=0.003587427989128852"",""probe.weight_decay=4.1115623680606124e-05"",""probe.batch_size=256"",""probe.eval_batch_size=1024"",""probe.epochs=100"",""probe.early_stopping.enabled=false"",""probe.early_stopping.patience=5"",""probe.optuna.enabled=false"",""probe.output_dir=artifacts/probes/mvp"",""probe.output_subdir=seed_runs_layerwise_v1/mvp__videomae__linear__layer_32/seed_101"",""probe.eval_output_dir=artifacts/results/mvp"",""probe.eval_output_subdir=seed_runs_layerwise_v1/mvp__videomae__linear__layer_32/seed_101"",""probe.wandb.group=seed_runs_layerwise_v1_mvp__videomae__linear__layer_32"",""probe.wandb.name=mvp__videomae__linear__layer_32__seed_101""]",results/verified_layerwise_probe_configs.csv,432,434,0186a2a981eb226b,VERIFIED_FULL,"{""batch_size"":256,""early_stopping"":{""enabled"":true,""patience"":5},""epochs"":100,""feature_view"":""pooled"",""layer"":32,""lr"":0.003587427989128852,""slot"":null,""weight_decay"":4.1115623680606124e-05}",output/training/mvp/linear/mvp_videomae_linear_layers_22392313.out
mvp__videomae__linear__layer_32__seed_102,mvp__videomae__linear__layer_32,train_eval.probe.mvp,MVP,mvp,main,VideoMAE,ViT-H/16,Linear,linear,102,42,videomae,vit_huge_16_224,32,,Final layer,pooled,0.003587427989128852,4.1115623680606124e-05,256,1024,100,false,5,,,,,,,cpu,artifacts/probes/mvp,seed_runs_layerwise_v1/mvp__videomae__linear__layer_32/seed_102,artifacts/results/mvp,seed_runs_layerwise_v1/mvp__videomae__linear__layer_32/seed_102,seed_runs_layerwise_v1_mvp__videomae__linear__layer_32,mvp__videomae__linear__layer_32__seed_102,pending,,"[""seed=102"",""split.seed=42"",""backbone.name=videomae"",""+backbone.kwargs.variant=vit_huge_16_224"",""probe.name=linear"",""probe.layer=32"",""probe.layers=[]"",""probe.feature_view=pooled"",""probe.device=cpu"",""probe.lr=0.003587427989128852"",""probe.weight_decay=4.1115623680606124e-05"",""probe.batch_size=256"",""probe.eval_batch_size=1024"",""probe.epochs=100"",""probe.early_stopping.enabled=false"",""probe.early_stopping.patience=5"",""probe.optuna.enabled=false"",""probe.output_dir=artifacts/probes/mvp"",""probe.output_subdir=seed_runs_layerwise_v1/mvp__videomae__linear__layer_32/seed_102"",""probe.eval_output_dir=artifacts/results/mvp"",""probe.eval_output_subdir=seed_runs_layerwise_v1/mvp__videomae__linear__layer_32/seed_102"",""probe.wandb.group=seed_runs_layerwise_v1_mvp__videomae__linear__layer_32"",""probe.wandb.name=mvp__videomae__linear__layer_32__seed_102""]",results/verified_layerwise_probe_configs.csv,432,434,0186a2a981eb226b,VERIFIED_FULL,"{""batch_size"":256,""early_stopping"":{""enabled"":true,""patience"":5},""epochs"":100,""feature_view"":""pooled"",""layer"":32,""lr"":0.003587427989128852,""slot"":null,""weight_decay"":4.1115623680606124e-05}",output/training/mvp/linear/mvp_videomae_linear_layers_22392313.out
mvp__videomae__linear__layer_8__seed_101,mvp__videomae__linear__layer_8,train_eval.probe.mvp,MVP,mvp,main,VideoMAE,ViT-H/16,Linear,linear,101,42,videomae,vit_huge_16_224,8,,Layer 0.25,pooled,0.009381830589644915,0.00010080304770358508,64,1024,100,false,5,,,,,,,cpu,artifacts/probes/mvp,seed_runs_layerwise_v1/mvp__videomae__linear__layer_8/seed_101,artifacts/results/mvp,seed_runs_layerwise_v1/mvp__videomae__linear__layer_8/seed_101,seed_runs_layerwise_v1_mvp__videomae__linear__layer_8,mvp__videomae__linear__layer_8__seed_101,pending,,"[""seed=101"",""split.seed=42"",""backbone.name=videomae"",""+backbone.kwargs.variant=vit_huge_16_224"",""probe.name=linear"",""probe.layer=8"",""probe.layers=[]"",""probe.feature_view=pooled"",""probe.device=cpu"",""probe.lr=0.009381830589644915"",""probe.weight_decay=0.00010080304770358508"",""probe.batch_size=64"",""probe.eval_batch_size=1024"",""probe.epochs=100"",""probe.early_stopping.enabled=false"",""probe.early_stopping.patience=5"",""probe.optuna.enabled=false"",""probe.output_dir=artifacts/probes/mvp"",""probe.output_subdir=seed_runs_layerwise_v1/mvp__videomae__linear__layer_8/seed_101"",""probe.eval_output_dir=artifacts/results/mvp"",""probe.eval_output_subdir=seed_runs_layerwise_v1/mvp__videomae__linear__layer_8/seed_101"",""probe.wandb.group=seed_runs_layerwise_v1_mvp__videomae__linear__layer_8"",""probe.wandb.name=mvp__videomae__linear__layer_8__seed_101""]",results/verified_layerwise_probe_configs.csv,433,435,01e18a91f8c17fba,VERIFIED_FULL,"{""batch_size"":64,""early_stopping"":{""enabled"":true,""patience"":5},""epochs"":100,""feature_view"":""pooled"",""layer"":8,""lr"":0.009381830589644915,""slot"":null,""weight_decay"":0.00010080304770358508}",output/training/mvp/linear/mvp_videomae_linear_layers_22392313.out
mvp__videomae__linear__layer_8__seed_102,mvp__videomae__linear__layer_8,train_eval.probe.mvp,MVP,mvp,main,VideoMAE,ViT-H/16,Linear,linear,102,42,videomae,vit_huge_16_224,8,,Layer 0.25,pooled,0.009381830589644915,0.00010080304770358508,64,1024,100,false,5,,,,,,,cpu,artifacts/probes/mvp,seed_runs_layerwise_v1/mvp__videomae__linear__layer_8/seed_102,artifacts/results/mvp,seed_runs_layerwise_v1/mvp__videomae__linear__layer_8/seed_102,seed_runs_layerwise_v1_mvp__videomae__linear__layer_8,mvp__videomae__linear__layer_8__seed_102,pending,,"[""seed=102"",""split.seed=42"",""backbone.name=videomae"",""+backbone.kwargs.variant=vit_huge_16_224"",""probe.name=linear"",""probe.layer=8"",""probe.layers=[]"",""probe.feature_view=pooled"",""probe.device=cpu"",""probe.lr=0.009381830589644915"",""probe.weight_decay=0.00010080304770358508"",""probe.batch_size=64"",""probe.eval_batch_size=1024"",""probe.epochs=100"",""probe.early_stopping.enabled=false"",""probe.early_stopping.patience=5"",""probe.optuna.enabled=false"",""probe.output_dir=artifacts/probes/mvp"",""probe.output_subdir=seed_runs_layerwise_v1/mvp__videomae__linear__layer_8/seed_102"",""probe.eval_output_dir=artifacts/results/mvp"",""probe.eval_output_subdir=seed_runs_layerwise_v1/mvp__videomae__linear__layer_8/seed_102"",""probe.wandb.group=seed_runs_layerwise_v1_mvp__videomae__linear__layer_8"",""probe.wandb.name=mvp__videomae__linear__layer_8__seed_102""]",results/verified_layerwise_probe_configs.csv,433,435,01e18a91f8c17fba,VERIFIED_FULL,"{""batch_size"":64,""early_stopping"":{""enabled"":true,""patience"":5},""epochs"":100,""feature_view"":""pooled"",""layer"":8,""lr"":0.009381830589644915,""slot"":null,""weight_decay"":0.00010080304770358508}",output/training/mvp/linear/mvp_videomae_linear_layers_22392313.out
mvp__videomae__linear__layer_16__seed_101,mvp__videomae__linear__layer_16,train_eval.probe.mvp,MVP,mvp,main,VideoMAE,ViT-H/16,Linear,linear,101,42,videomae,vit_huge_16_224,16,,Layer 0.5,pooled,0.007392240743961467,1.0377758348717218e-07,64,1024,100,false,5,,,,,,,cpu,artifacts/probes/mvp,seed_runs_layerwise_v1/mvp__videomae__linear__layer_16/seed_101,artifacts/results/mvp,seed_runs_layerwise_v1/mvp__videomae__linear__layer_16/seed_101,seed_runs_layerwise_v1_mvp__videomae__linear__layer_16,mvp__videomae__linear__layer_16__seed_101,pending,,"[""seed=101"",""split.seed=42"",""backbone.name=videomae"",""+backbone.kwargs.variant=vit_huge_16_224"",""probe.name=linear"",""probe.layer=16"",""probe.layers=[]"",""probe.feature_view=pooled"",""probe.device=cpu"",""probe.lr=0.007392240743961467"",""probe.weight_decay=1.0377758348717218e-07"",""probe.batch_size=64"",""probe.eval_batch_size=1024"",""probe.epochs=100"",""probe.early_stopping.enabled=false"",""probe.early_stopping.patience=5"",""probe.optuna.enabled=false"",""probe.output_dir=artifacts/probes/mvp"",""probe.output_subdir=seed_runs_layerwise_v1/mvp__videomae__linear__layer_16/seed_101"",""probe.eval_output_dir=artifacts/results/mvp"",""probe.eval_output_subdir=seed_runs_layerwise_v1/mvp__videomae__linear__layer_16/seed_101"",""probe.wandb.group=seed_runs_layerwise_v1_mvp__videomae__linear__layer_16"",""probe.wandb.name=mvp__videomae__linear__layer_16__seed_101""]",results/verified_layerwise_probe_configs.csv,434,436,080eb27404c36a89,VERIFIED_FULL,"{""batch_size"":64,""early_stopping"":{""enabled"":true,""patience"":5},""epochs"":100,""feature_view"":""pooled"",""layer"":16,""lr"":0.007392240743961467,""slot"":null,""weight_decay"":1.0377758348717218e-07}",output/training/mvp/linear/mvp_videomae_linear_layers_22392313.out
mvp__videomae__linear__layer_16__seed_102,mvp__videomae__linear__layer_16,train_eval.probe.mvp,MVP,mvp,main,VideoMAE,ViT-H/16,Linear,linear,102,42,videomae,vit_huge_16_224,16,,Layer 0.5,pooled,0.007392240743961467,1.0377758348717218e-07,64,1024,100,false,5,,,,,,,cpu,artifacts/probes/mvp,seed_runs_layerwise_v1/mvp__videomae__linear__layer_16/seed_102,artifacts/results/mvp,seed_runs_layerwise_v1/mvp__videomae__linear__layer_16/seed_102,seed_runs_layerwise_v1_mvp__videomae__linear__layer_16,mvp__videomae__linear__layer_16__seed_102,pending,,"[""seed=102"",""split.seed=42"",""backbone.name=videomae"",""+backbone.kwargs.variant=vit_huge_16_224"",""probe.name=linear"",""probe.layer=16"",""probe.layers=[]"",""probe.feature_view=pooled"",""probe.device=cpu"",""probe.lr=0.007392240743961467"",""probe.weight_decay=1.0377758348717218e-07"",""probe.batch_size=64"",""probe.eval_batch_size=1024"",""probe.epochs=100"",""probe.early_stopping.enabled=false"",""probe.early_stopping.patience=5"",""probe.optuna.enabled=false"",""probe.output_dir=artifacts/probes/mvp"",""probe.output_subdir=seed_runs_layerwise_v1/mvp__videomae__linear__layer_16/seed_102"",""probe.eval_output_dir=artifacts/results/mvp"",""probe.eval_output_subdir=seed_runs_layerwise_v1/mvp__videomae__linear__layer_16/seed_102"",""probe.wandb.group=seed_runs_layerwise_v1_mvp__videomae__linear__layer_16"",""probe.wandb.name=mvp__videomae__linear__layer_16__seed_102""]",results/verified_layerwise_probe_configs.csv,434,436,080eb27404c36a89,VERIFIED_FULL,"{""batch_size"":64,""early_stopping"":{""enabled"":true,""patience"":5},""epochs"":100,""feature_view"":""pooled"",""layer"":16,""lr"":0.007392240743961467,""slot"":null,""weight_decay"":1.0377758348717218e-07}",output/training/mvp/linear/mvp_videomae_linear_layers_22392313.out
mvp__videomae__linear__layer_24__seed_101,mvp__videomae__linear__layer_24,train_eval.probe.mvp,MVP,mvp,main,VideoMAE,ViT-H/16,Linear,linear,101,42,videomae,vit_huge_16_224,24,,Layer 0.75,pooled,0.00462327097832658,6.074304269028365e-05,32,1024,100,false,5,,,,,,,cpu,artifacts/probes/mvp,seed_runs_layerwise_v1/mvp__videomae__linear__layer_24/seed_101,artifacts/results/mvp,seed_runs_layerwise_v1/mvp__videomae__linear__layer_24/seed_101,seed_runs_layerwise_v1_mvp__videomae__linear__layer_24,mvp__videomae__linear__layer_24__seed_101,pending,,"[""seed=101"",""split.seed=42"",""backbone.name=videomae"",""+backbone.kwargs.variant=vit_huge_16_224"",""probe.name=linear"",""probe.layer=24"",""probe.layers=[]"",""probe.feature_view=pooled"",""probe.device=cpu"",""probe.lr=0.00462327097832658"",""probe.weight_decay=6.074304269028365e-05"",""probe.batch_size=32"",""probe.eval_batch_size=1024"",""probe.epochs=100"",""probe.early_stopping.enabled=false"",""probe.early_stopping.patience=5"",""probe.optuna.enabled=false"",""probe.output_dir=artifacts/probes/mvp"",""probe.output_subdir=seed_runs_layerwise_v1/mvp__videomae__linear__layer_24/seed_101"",""probe.eval_output_dir=artifacts/results/mvp"",""probe.eval_output_subdir=seed_runs_layerwise_v1/mvp__videomae__linear__layer_24/seed_101"",""probe.wandb.group=seed_runs_layerwise_v1_mvp__videomae__linear__layer_24"",""probe.wandb.name=mvp__videomae__linear__layer_24__seed_101""]",results/verified_layerwise_probe_configs.csv,435,437,aafe0a858e0ea090,VERIFIED_FULL,"{""batch_size"":32,""early_stopping"":{""enabled"":true,""patience"":5},""epochs"":100,""feature_view"":""pooled"",""layer"":24,""lr"":0.00462327097832658,""slot"":null,""weight_decay"":6.074304269028365e-05}",output/training/mvp/linear/mvp_videomae_linear_layers_22392313.out
mvp__videomae__linear__layer_24__seed_102,mvp__videomae__linear__layer_24,train_eval.probe.mvp,MVP,mvp,main,VideoMAE,ViT-H/16,Linear,linear,102,42,videomae,vit_huge_16_224,24,,Layer 0.75,pooled,0.00462327097832658,6.074304269028365e-05,32,1024,100,false,5,,,,,,,cpu,artifacts/probes/mvp,seed_runs_layerwise_v1/mvp__videomae__linear__layer_24/seed_102,artifacts/results/mvp,seed_runs_layerwise_v1/mvp__videomae__linear__layer_24/seed_102,seed_runs_layerwise_v1_mvp__videomae__linear__layer_24,mvp__videomae__linear__layer_24__seed_102,pending,,"[""seed=102"",""split.seed=42"",""backbone.name=videomae"",""+backbone.kwargs.variant=vit_huge_16_224"",""probe.name=linear"",""probe.layer=24"",""probe.layers=[]"",""probe.feature_view=pooled"",""probe.device=cpu"",""probe.lr=0.00462327097832658"",""probe.weight_decay=6.074304269028365e-05"",""probe.batch_size=32"",""probe.eval_batch_size=1024"",""probe.epochs=100"",""probe.early_stopping.enabled=false"",""probe.early_stopping.patience=5"",""probe.optuna.enabled=false"",""probe.output_dir=artifacts/probes/mvp"",""probe.output_subdir=seed_runs_layerwise_v1/mvp__videomae__linear__layer_24/seed_102"",""probe.eval_output_dir=artifacts/results/mvp"",""probe.eval_output_subdir=seed_runs_layerwise_v1/mvp__videomae__linear__layer_24/seed_102"",""probe.wandb.group=seed_runs_layerwise_v1_mvp__videomae__linear__layer_24"",""probe.wandb.name=mvp__videomae__linear__layer_24__seed_102""]",results/verified_layerwise_probe_configs.csv,435,437,aafe0a858e0ea090,VERIFIED_FULL,"{""batch_size"":32,""early_stopping"":{""enabled"":true,""patience"":5},""epochs"":100,""feature_view"":""pooled"",""layer"":24,""lr"":0.00462327097832658,""slot"":null,""weight_decay"":6.074304269028365e-05}",output/training/mvp/linear/mvp_videomae_linear_layers_22392313.out
mvp__videomae__mlp__layer_32__seed_101,mvp__videomae__mlp__layer_32,train_eval.probe.mvp,MVP,mvp,main,VideoMAE,ViT-H/16,MLP,mlp,101,42,videomae,vit_huge_16_224,32,,Final layer,pooled,0.0001329291894316216,0.005061576888752304,32,1024,2000,false,5,[256],0.21597250932105788,,,,,cpu,artifacts/probes/mvp,seed_runs_layerwise_v1/mvp__videomae__mlp__layer_32/seed_101,artifacts/results/mvp,seed_runs_layerwise_v1/mvp__videomae__mlp__layer_32/seed_101,seed_runs_layerwise_v1_mvp__videomae__mlp__layer_32,mvp__videomae__mlp__layer_32__seed_101,pending,,"[""seed=101"",""split.seed=42"",""backbone.name=videomae"",""+backbone.kwargs.variant=vit_huge_16_224"",""probe.name=mlp"",""probe.layer=32"",""probe.layers=[]"",""probe.feature_view=pooled"",""probe.device=cpu"",""probe.lr=0.0001329291894316216"",""probe.weight_decay=0.005061576888752304"",""probe.batch_size=32"",""probe.eval_batch_size=1024"",""probe.epochs=2000"",""probe.early_stopping.enabled=false"",""probe.early_stopping.patience=5"",""probe.optuna.enabled=false"",""probe.output_dir=artifacts/probes/mvp"",""probe.output_subdir=seed_runs_layerwise_v1/mvp__videomae__mlp__layer_32/seed_101"",""probe.eval_output_dir=artifacts/results/mvp"",""probe.eval_output_subdir=seed_runs_layerwise_v1/mvp__videomae__mlp__layer_32/seed_101"",""probe.wandb.group=seed_runs_layerwise_v1_mvp__videomae__mlp__layer_32"",""probe.wandb.name=mvp__videomae__mlp__layer_32__seed_101"",""probe.mlp.hidden_dims=[256]"",""probe.mlp.dropout=0.21597250932105788""]",results/verified_layerwise_probe_configs.csv,436,438,3ec324cee2186ea3,VERIFIED_FULL,"{""batch_size"":32,""dropout"":0.21597250932105788,""early_stopping"":{""enabled"":true,""patience"":5},""epochs"":2000,""feature_view"":""pooled"",""hidden_dims"":[256],""layer"":32,""lr"":0.0001329291894316216,""slot"":null,""weight_decay"":0.005061576888752304}",jobs/train/mvp/mlp/output/training/mvp/mlp/mvp_videomae_mlp_layers_22594133.out
mvp__videomae__mlp__layer_32__seed_102,mvp__videomae__mlp__layer_32,train_eval.probe.mvp,MVP,mvp,main,VideoMAE,ViT-H/16,MLP,mlp,102,42,videomae,vit_huge_16_224,32,,Final layer,pooled,0.0001329291894316216,0.005061576888752304,32,1024,2000,false,5,[256],0.21597250932105788,,,,,cpu,artifacts/probes/mvp,seed_runs_layerwise_v1/mvp__videomae__mlp__layer_32/seed_102,artifacts/results/mvp,seed_runs_layerwise_v1/mvp__videomae__mlp__layer_32/seed_102,seed_runs_layerwise_v1_mvp__videomae__mlp__layer_32,mvp__videomae__mlp__layer_32__seed_102,pending,,"[""seed=102"",""split.seed=42"",""backbone.name=videomae"",""+backbone.kwargs.variant=vit_huge_16_224"",""probe.name=mlp"",""probe.layer=32"",""probe.layers=[]"",""probe.feature_view=pooled"",""probe.device=cpu"",""probe.lr=0.0001329291894316216"",""probe.weight_decay=0.005061576888752304"",""probe.batch_size=32"",""probe.eval_batch_size=1024"",""probe.epochs=2000"",""probe.early_stopping.enabled=false"",""probe.early_stopping.patience=5"",""probe.optuna.enabled=false"",""probe.output_dir=artifacts/probes/mvp"",""probe.output_subdir=seed_runs_layerwise_v1/mvp__videomae__mlp__layer_32/seed_102"",""probe.eval_output_dir=artifacts/results/mvp"",""probe.eval_output_subdir=seed_runs_layerwise_v1/mvp__videomae__mlp__layer_32/seed_102"",""probe.wandb.group=seed_runs_layerwise_v1_mvp__videomae__mlp__layer_32"",""probe.wandb.name=mvp__videomae__mlp__layer_32__seed_102"",""probe.mlp.hidden_dims=[256]"",""probe.mlp.dropout=0.21597250932105788""]",results/verified_layerwise_probe_configs.csv,436,438,3ec324cee2186ea3,VERIFIED_FULL,"{""batch_size"":32,""dropout"":0.21597250932105788,""early_stopping"":{""enabled"":true,""patience"":5},""epochs"":2000,""feature_view"":""pooled"",""hidden_dims"":[256],""layer"":32,""lr"":0.0001329291894316216,""slot"":null,""weight_decay"":0.005061576888752304}",jobs/train/mvp/mlp/output/training/mvp/mlp/mvp_videomae_mlp_layers_22594133.out
mvp__videomae__mlp__layer_8__seed_101,mvp__videomae__mlp__layer_8,train_eval.probe.mvp,MVP,mvp,main,VideoMAE,ViT-H/16,MLP,mlp,101,42,videomae,vit_huge_16_224,8,,Layer 0.25,pooled,0.0001329291894316216,0.005061576888752304,32,1024,2000,false,5,[256],0.21597250932105788,,,,,cpu,artifacts/probes/mvp,seed_runs_layerwise_v1/mvp__videomae__mlp__layer_8/seed_101,artifacts/results/mvp,seed_runs_layerwise_v1/mvp__videomae__mlp__layer_8/seed_101,seed_runs_layerwise_v1_mvp__videomae__mlp__layer_8,mvp__videomae__mlp__layer_8__seed_101,pending,,"[""seed=101"",""split.seed=42"",""backbone.name=videomae"",""+backbone.kwargs.variant=vit_huge_16_224"",""probe.name=mlp"",""probe.layer=8"",""probe.layers=[]"",""probe.feature_view=pooled"",""probe.device=cpu"",""probe.lr=0.0001329291894316216"",""probe.weight_decay=0.005061576888752304"",""probe.batch_size=32"",""probe.eval_batch_size=1024"",""probe.epochs=2000"",""probe.early_stopping.enabled=false"",""probe.early_stopping.patience=5"",""probe.optuna.enabled=false"",""probe.output_dir=artifacts/probes/mvp"",""probe.output_subdir=seed_runs_layerwise_v1/mvp__videomae__mlp__layer_8/seed_101"",""probe.eval_output_dir=artifacts/results/mvp"",""probe.eval_output_subdir=seed_runs_layerwise_v1/mvp__videomae__mlp__layer_8/seed_101"",""probe.wandb.group=seed_runs_layerwise_v1_mvp__videomae__mlp__layer_8"",""probe.wandb.name=mvp__videomae__mlp__layer_8__seed_101"",""probe.mlp.hidden_dims=[256]"",""probe.mlp.dropout=0.21597250932105788""]",results/verified_layerwise_probe_configs.csv,437,439,1641830d928760f4,VERIFIED_FULL,"{""batch_size"":32,""dropout"":0.21597250932105788,""early_stopping"":{""enabled"":true,""patience"":5},""epochs"":2000,""feature_view"":""pooled"",""hidden_dims"":[256],""layer"":8,""lr"":0.0001329291894316216,""slot"":null,""weight_decay"":0.005061576888752304}",jobs/train/mvp/mlp/output/training/mvp/mlp/mvp_videomae_mlp_layers_22594133.out
mvp__videomae__mlp__layer_8__seed_102,mvp__videomae__mlp__layer_8,train_eval.probe.mvp,MVP,mvp,main,VideoMAE,ViT-H/16,MLP,mlp,102,42,videomae,vit_huge_16_224,8,,Layer 0.25,pooled,0.0001329291894316216,0.005061576888752304,32,1024,2000,false,5,[256],0.21597250932105788,,,,,cpu,artifacts/probes/mvp,seed_runs_layerwise_v1/mvp__videomae__mlp__layer_8/seed_102,artifacts/results/mvp,seed_runs_layerwise_v1/mvp__videomae__mlp__layer_8/seed_102,seed_runs_layerwise_v1_mvp__videomae__mlp__layer_8,mvp__videomae__mlp__layer_8__seed_102,pending,,"[""seed=102"",""split.seed=42"",""backbone.name=videomae"",""+backbone.kwargs.variant=vit_huge_16_224"",""probe.name=mlp"",""probe.layer=8"",""probe.layers=[]"",""probe.feature_view=pooled"",""probe.device=cpu"",""probe.lr=0.0001329291894316216"",""probe.weight_decay=0.005061576888752304"",""probe.batch_size=32"",""probe.eval_batch_size=1024"",""probe.epochs=2000"",""probe.early_stopping.enabled=false"",""probe.early_stopping.patience=5"",""probe.optuna.enabled=false"",""probe.output_dir=artifacts/probes/mvp"",""probe.output_subdir=seed_runs_layerwise_v1/mvp__videomae__mlp__layer_8/seed_102"",""probe.eval_output_dir=artifacts/results/mvp"",""probe.eval_output_subdir=seed_runs_layerwise_v1/mvp__videomae__mlp__layer_8/seed_102"",""probe.wandb.group=seed_runs_layerwise_v1_mvp__videomae__mlp__layer_8"",""probe.wandb.name=mvp__videomae__mlp__layer_8__seed_102"",""probe.mlp.hidden_dims=[256]"",""probe.mlp.dropout=0.21597250932105788""]",results/verified_layerwise_probe_configs.csv,437,439,1641830d928760f4,VERIFIED_FULL,"{""batch_size"":32,""dropout"":0.21597250932105788,""early_stopping"":{""enabled"":true,""patience"":5},""epochs"":2000,""feature_view"":""pooled"",""hidden_dims"":[256],""layer"":8,""lr"":0.0001329291894316216,""slot"":null,""weight_decay"":0.005061576888752304}",jobs/train/mvp/mlp/output/training/mvp/mlp/mvp_videomae_mlp_layers_22594133.out
mvp__videomae__mlp__layer_16__seed_101,mvp__videomae__mlp__layer_16,train_eval.probe.mvp,MVP,mvp,main,VideoMAE,ViT-H/16,MLP,mlp,101,42,videomae,vit_huge_16_224,16,,Layer 0.5,pooled,0.0001329291894316216,0.005061576888752304,32,1024,2000,false,5,[256],0.21597250932105788,,,,,cpu,artifacts/probes/mvp,seed_runs_layerwise_v1/mvp__videomae__mlp__layer_16/seed_101,artifacts/results/mvp,seed_runs_layerwise_v1/mvp__videomae__mlp__layer_16/seed_101,seed_runs_layerwise_v1_mvp__videomae__mlp__layer_16,mvp__videomae__mlp__layer_16__seed_101,pending,,"[""seed=101"",""split.seed=42"",""backbone.name=videomae"",""+backbone.kwargs.variant=vit_huge_16_224"",""probe.name=mlp"",""probe.layer=16"",""probe.layers=[]"",""probe.feature_view=pooled"",""probe.device=cpu"",""probe.lr=0.0001329291894316216"",""probe.weight_decay=0.005061576888752304"",""probe.batch_size=32"",""probe.eval_batch_size=1024"",""probe.epochs=2000"",""probe.early_stopping.enabled=false"",""probe.early_stopping.patience=5"",""probe.optuna.enabled=false"",""probe.output_dir=artifacts/probes/mvp"",""probe.output_subdir=seed_runs_layerwise_v1/mvp__videomae__mlp__layer_16/seed_101"",""probe.eval_output_dir=artifacts/results/mvp"",""probe.eval_output_subdir=seed_runs_layerwise_v1/mvp__videomae__mlp__layer_16/seed_101"",""probe.wandb.group=seed_runs_layerwise_v1_mvp__videomae__mlp__layer_16"",""probe.wandb.name=mvp__videomae__mlp__layer_16__seed_101"",""probe.mlp.hidden_dims=[256]"",""probe.mlp.dropout=0.21597250932105788""]",results/verified_layerwise_probe_configs.csv,438,440,2dd6e9a5c8163b4b,VERIFIED_FULL,"{""batch_size"":32,""dropout"":0.21597250932105788,""early_stopping"":{""enabled"":true,""patience"":5},""epochs"":2000,""feature_view"":""pooled"",""hidden_dims"":[256],""layer"":16,""lr"":0.0001329291894316216,""slot"":null,""weight_decay"":0.005061576888752304}",jobs/train/mvp/mlp/output/training/mvp/mlp/mvp_videomae_mlp_layers_22594133.out
mvp__videomae__mlp__layer_16__seed_102,mvp__videomae__mlp__layer_16,train_eval.probe.mvp,MVP,mvp,main,VideoMAE,ViT-H/16,MLP,mlp,102,42,videomae,vit_huge_16_224,16,,Layer 0.5,pooled,0.0001329291894316216,0.005061576888752304,32,1024,2000,false,5,[256],0.21597250932105788,,,,,cpu,artifacts/probes/mvp,seed_runs_layerwise_v1/mvp__videomae__mlp__layer_16/seed_102,artifacts/results/mvp,seed_runs_layerwise_v1/mvp__videomae__mlp__layer_16/seed_102,seed_runs_layerwise_v1_mvp__videomae__mlp__layer_16,mvp__videomae__mlp__layer_16__seed_102,pending,,"[""seed=102"",""split.seed=42"",""backbone.name=videomae"",""+backbone.kwargs.variant=vit_huge_16_224"",""probe.name=mlp"",""probe.layer=16"",""probe.layers=[]"",""probe.feature_view=pooled"",""probe.device=cpu"",""probe.lr=0.0001329291894316216"",""probe.weight_decay=0.005061576888752304"",""probe.batch_size=32"",""probe.eval_batch_size=1024"",""probe.epochs=2000"",""probe.early_stopping.enabled=false"",""probe.early_stopping.patience=5"",""probe.optuna.enabled=false"",""probe.output_dir=artifacts/probes/mvp"",""probe.output_subdir=seed_runs_layerwise_v1/mvp__videomae__mlp__layer_16/seed_102"",""probe.eval_output_dir=artifacts/results/mvp"",""probe.eval_output_subdir=seed_runs_layerwise_v1/mvp__videomae__mlp__layer_16/seed_102"",""probe.wandb.group=seed_runs_layerwise_v1_mvp__videomae__mlp__layer_16"",""probe.wandb.name=mvp__videomae__mlp__layer_16__seed_102"",""probe.mlp.hidden_dims=[256]"",""probe.mlp.dropout=0.21597250932105788""]",results/verified_layerwise_probe_configs.csv,438,440,2dd6e9a5c8163b4b,VERIFIED_FULL,"{""batch_size"":32,""dropout"":0.21597250932105788,""early_stopping"":{""enabled"":true,""patience"":5},""epochs"":2000,""feature_view"":""pooled"",""hidden_dims"":[256],""layer"":16,""lr"":0.0001329291894316216,""slot"":null,""weight_decay"":0.005061576888752304}",jobs/train/mvp/mlp/output/training/mvp/mlp/mvp_videomae_mlp_layers_22594133.out
mvp__videomae__mlp__layer_24__seed_101,mvp__videomae__mlp__layer_24,train_eval.probe.mvp,MVP,mvp,main,VideoMAE,ViT-H/16,MLP,mlp,101,42,videomae,vit_huge_16_224,24,,Layer 0.75,pooled,0.0001329291894316216,0.005061576888752304,32,1024,2000,false,5,[256],0.21597250932105788,,,,,cpu,artifacts/probes/mvp,seed_runs_layerwise_v1/mvp__videomae__mlp__layer_24/seed_101,artifacts/results/mvp,seed_runs_layerwise_v1/mvp__videomae__mlp__layer_24/seed_101,seed_runs_layerwise_v1_mvp__videomae__mlp__layer_24,mvp__videomae__mlp__layer_24__seed_101,pending,,"[""seed=101"",""split.seed=42"",""backbone.name=videomae"",""+backbone.kwargs.variant=vit_huge_16_224"",""probe.name=mlp"",""probe.layer=24"",""probe.layers=[]"",""probe.feature_view=pooled"",""probe.device=cpu"",""probe.lr=0.0001329291894316216"",""probe.weight_decay=0.005061576888752304"",""probe.batch_size=32"",""probe.eval_batch_size=1024"",""probe.epochs=2000"",""probe.early_stopping.enabled=false"",""probe.early_stopping.patience=5"",""probe.optuna.enabled=false"",""probe.output_dir=artifacts/probes/mvp"",""probe.output_subdir=seed_runs_layerwise_v1/mvp__videomae__mlp__layer_24/seed_101"",""probe.eval_output_dir=artifacts/results/mvp"",""probe.eval_output_subdir=seed_runs_layerwise_v1/mvp__videomae__mlp__layer_24/seed_101"",""probe.wandb.group=seed_runs_layerwise_v1_mvp__videomae__mlp__layer_24"",""probe.wandb.name=mvp__videomae__mlp__layer_24__seed_101"",""probe.mlp.hidden_dims=[256]"",""probe.mlp.dropout=0.21597250932105788""]",results/verified_layerwise_probe_configs.csv,439,441,89d0147f019de5f2,VERIFIED_FULL,"{""batch_size"":32,""dropout"":0.21597250932105788,""early_stopping"":{""enabled"":true,""patience"":5},""epochs"":2000,""feature_view"":""pooled"",""hidden_dims"":[256],""layer"":24,""lr"":0.0001329291894316216,""slot"":null,""weight_decay"":0.005061576888752304}",jobs/train/mvp/mlp/output/training/mvp/mlp/mvp_videomae_mlp_layers_22594133.out
mvp__videomae__mlp__layer_24__seed_102,mvp__videomae__mlp__layer_24,train_eval.probe.mvp,MVP,mvp,main,VideoMAE,ViT-H/16,MLP,mlp,102,42,videomae,vit_huge_16_224,24,,Layer 0.75,pooled,0.0001329291894316216,0.005061576888752304,32,1024,2000,false,5,[256],0.21597250932105788,,,,,cpu,artifacts/probes/mvp,seed_runs_layerwise_v1/mvp__videomae__mlp__layer_24/seed_102,artifacts/results/mvp,seed_runs_layerwise_v1/mvp__videomae__mlp__layer_24/seed_102,seed_runs_layerwise_v1_mvp__videomae__mlp__layer_24,mvp__videomae__mlp__layer_24__seed_102,pending,,"[""seed=102"",""split.seed=42"",""backbone.name=videomae"",""+backbone.kwargs.variant=vit_huge_16_224"",""probe.name=mlp"",""probe.layer=24"",""probe.layers=[]"",""probe.feature_view=pooled"",""probe.device=cpu"",""probe.lr=0.0001329291894316216"",""probe.weight_decay=0.005061576888752304"",""probe.batch_size=32"",""probe.eval_batch_size=1024"",""probe.epochs=2000"",""probe.early_stopping.enabled=false"",""probe.early_stopping.patience=5"",""probe.optuna.enabled=false"",""probe.output_dir=artifacts/probes/mvp"",""probe.output_subdir=seed_runs_layerwise_v1/mvp__videomae__mlp__layer_24/seed_102"",""probe.eval_output_dir=artifacts/results/mvp"",""probe.eval_output_subdir=seed_runs_layerwise_v1/mvp__videomae__mlp__layer_24/seed_102"",""probe.wandb.group=seed_runs_layerwise_v1_mvp__videomae__mlp__layer_24"",""probe.wandb.name=mvp__videomae__mlp__layer_24__seed_102"",""probe.mlp.hidden_dims=[256]"",""probe.mlp.dropout=0.21597250932105788""]",results/verified_layerwise_probe_configs.csv,439,441,89d0147f019de5f2,VERIFIED_FULL,"{""batch_size"":32,""dropout"":0.21597250932105788,""early_stopping"":{""enabled"":true,""patience"":5},""epochs"":2000,""feature_view"":""pooled"",""hidden_dims"":[256],""layer"":24,""lr"":0.0001329291894316216,""slot"":null,""weight_decay"":0.005061576888752304}",jobs/train/mvp/mlp/output/training/mvp/mlp/mvp_videomae_mlp_layers_22594133.out
mvp__videomae_v2__linear__layer_40__seed_101,mvp__videomae_v2__linear__layer_40,train_eval.probe.mvp,MVP,mvp,main,VideoMAE-v2,ViT-G/16,Linear,linear,101,42,videomae_v2,vit_giant_16_224,40,,Final layer,pooled,0.0036314466835073236,3.821228989247768e-06,64,1024,100,false,5,,,,,,,cpu,artifacts/probes/mvp,seed_runs_layerwise_v1/mvp__videomae_v2__linear__layer_40/seed_101,artifacts/results/mvp,seed_runs_layerwise_v1/mvp__videomae_v2__linear__layer_40/seed_101,seed_runs_layerwise_v1_mvp__videomae_v2__linear__layer_40,mvp__videomae_v2__linear__layer_40__seed_101,pending,,"[""seed=101"",""split.seed=42"",""backbone.name=videomae_v2"",""+backbone.kwargs.variant=vit_giant_16_224"",""probe.name=linear"",""probe.layer=40"",""probe.layers=[]"",""probe.feature_view=pooled"",""probe.device=cpu"",""probe.lr=0.0036314466835073236"",""probe.weight_decay=3.821228989247768e-06"",""probe.batch_size=64"",""probe.eval_batch_size=1024"",""probe.epochs=100"",""probe.early_stopping.enabled=false"",""probe.early_stopping.patience=5"",""probe.optuna.enabled=false"",""probe.output_dir=artifacts/probes/mvp"",""probe.output_subdir=seed_runs_layerwise_v1/mvp__videomae_v2__linear__layer_40/seed_101"",""probe.eval_output_dir=artifacts/results/mvp"",""probe.eval_output_subdir=seed_runs_layerwise_v1/mvp__videomae_v2__linear__layer_40/seed_101"",""probe.wandb.group=seed_runs_layerwise_v1_mvp__videomae_v2__linear__layer_40"",""probe.wandb.name=mvp__videomae_v2__linear__layer_40__seed_101""]",results/verified_layerwise_probe_configs.csv,468,470,a1cebf1b24416ea2,VERIFIED_FULL,"{""batch_size"":64,""early_stopping"":{""enabled"":true,""patience"":5},""epochs"":100,""feature_view"":""pooled"",""layer"":40,""lr"":0.0036314466835073236,""slot"":null,""weight_decay"":3.821228989247768e-06}",output/training/mvp/linear/mvp_videomae_v2_linear_layers_22392314.out
mvp__videomae_v2__linear__layer_40__seed_102,mvp__videomae_v2__linear__layer_40,train_eval.probe.mvp,MVP,mvp,main,VideoMAE-v2,ViT-G/16,Linear,linear,102,42,videomae_v2,vit_giant_16_224,40,,Final layer,pooled,0.0036314466835073236,3.821228989247768e-06,64,1024,100,false,5,,,,,,,cpu,artifacts/probes/mvp,seed_runs_layerwise_v1/mvp__videomae_v2__linear__layer_40/seed_102,artifacts/results/mvp,seed_runs_layerwise_v1/mvp__videomae_v2__linear__layer_40/seed_102,seed_runs_layerwise_v1_mvp__videomae_v2__linear__layer_40,mvp__videomae_v2__linear__layer_40__seed_102,pending,,"[""seed=102"",""split.seed=42"",""backbone.name=videomae_v2"",""+backbone.kwargs.variant=vit_giant_16_224"",""probe.name=linear"",""probe.layer=40"",""probe.layers=[]"",""probe.feature_view=pooled"",""probe.device=cpu"",""probe.lr=0.0036314466835073236"",""probe.weight_decay=3.821228989247768e-06"",""probe.batch_size=64"",""probe.eval_batch_size=1024"",""probe.epochs=100"",""probe.early_stopping.enabled=false"",""probe.early_stopping.patience=5"",""probe.optuna.enabled=false"",""probe.output_dir=artifacts/probes/mvp"",""probe.output_subdir=seed_runs_layerwise_v1/mvp__videomae_v2__linear__layer_40/seed_102"",""probe.eval_output_dir=artifacts/results/mvp"",""probe.eval_output_subdir=seed_runs_layerwise_v1/mvp__videomae_v2__linear__layer_40/seed_102"",""probe.wandb.group=seed_runs_layerwise_v1_mvp__videomae_v2__linear__layer_40"",""probe.wandb.name=mvp__videomae_v2__linear__layer_40__seed_102""]",results/verified_layerwise_probe_configs.csv,468,470,a1cebf1b24416ea2,VERIFIED_FULL,"{""batch_size"":64,""early_stopping"":{""enabled"":true,""patience"":5},""epochs"":100,""feature_view"":""pooled"",""layer"":40,""lr"":0.0036314466835073236,""slot"":null,""weight_decay"":3.821228989247768e-06}",output/training/mvp/linear/mvp_videomae_v2_linear_layers_22392314.out
mvp__videomae_v2__linear__layer_10__seed_101,mvp__videomae_v2__linear__layer_10,train_eval.probe.mvp,MVP,mvp,main,VideoMAE-v2,ViT-G/16,Linear,linear,101,42,videomae_v2,vit_giant_16_224,10,,Layer 0.25,pooled,0.007426005343305405,1.0179110443029212e-07,64,1024,100,false,5,,,,,,,cpu,artifacts/probes/mvp,seed_runs_layerwise_v1/mvp__videomae_v2__linear__layer_10/seed_101,artifacts/results/mvp,seed_runs_layerwise_v1/mvp__videomae_v2__linear__layer_10/seed_101,seed_runs_layerwise_v1_mvp__videomae_v2__linear__layer_10,mvp__videomae_v2__linear__layer_10__seed_101,pending,,"[""seed=101"",""split.seed=42"",""backbone.name=videomae_v2"",""+backbone.kwargs.variant=vit_giant_16_224"",""probe.name=linear"",""probe.layer=10"",""probe.layers=[]"",""probe.feature_view=pooled"",""probe.device=cpu"",""probe.lr=0.007426005343305405"",""probe.weight_decay=1.0179110443029212e-07"",""probe.batch_size=64"",""probe.eval_batch_size=1024"",""probe.epochs=100"",""probe.early_stopping.enabled=false"",""probe.early_stopping.patience=5"",""probe.optuna.enabled=false"",""probe.output_dir=artifacts/probes/mvp"",""probe.output_subdir=seed_runs_layerwise_v1/mvp__videomae_v2__linear__layer_10/seed_101"",""probe.eval_output_dir=artifacts/results/mvp"",""probe.eval_output_subdir=seed_runs_layerwise_v1/mvp__videomae_v2__linear__layer_10/seed_101"",""probe.wandb.group=seed_runs_layerwise_v1_mvp__videomae_v2__linear__layer_10"",""probe.wandb.name=mvp__videomae_v2__linear__layer_10__seed_101""]",results/verified_layerwise_probe_configs.csv,469,471,a6cf1b4d232aeb7a,VERIFIED_FULL,"{""batch_size"":64,""early_stopping"":{""enabled"":true,""patience"":5},""epochs"":100,""feature_view"":""pooled"",""layer"":10,""lr"":0.007426005343305405,""slot"":null,""weight_decay"":1.0179110443029212e-07}",output/training/mvp/linear/mvp_videomae_v2_linear_layers_22392314.out
mvp__videomae_v2__linear__layer_10__seed_102,mvp__videomae_v2__linear__layer_10,train_eval.probe.mvp,MVP,mvp,main,VideoMAE-v2,ViT-G/16,Linear,linear,102,42,videomae_v2,vit_giant_16_224,10,,Layer 0.25,pooled,0.007426005343305405,1.0179110443029212e-07,64,1024,100,false,5,,,,,,,cpu,artifacts/probes/mvp,seed_runs_layerwise_v1/mvp__videomae_v2__linear__layer_10/seed_102,artifacts/results/mvp,seed_runs_layerwise_v1/mvp__videomae_v2__linear__layer_10/seed_102,seed_runs_layerwise_v1_mvp__videomae_v2__linear__layer_10,mvp__videomae_v2__linear__layer_10__seed_102,pending,,"[""seed=102"",""split.seed=42"",""backbone.name=videomae_v2"",""+backbone.kwargs.variant=vit_giant_16_224"",""probe.name=linear"",""probe.layer=10"",""probe.layers=[]"",""probe.feature_view=pooled"",""probe.device=cpu"",""probe.lr=0.007426005343305405"",""probe.weight_decay=1.0179110443029212e-07"",""probe.batch_size=64"",""probe.eval_batch_size=1024"",""probe.epochs=100"",""probe.early_stopping.enabled=false"",""probe.early_stopping.patience=5"",""probe.optuna.enabled=false"",""probe.output_dir=artifacts/probes/mvp"",""probe.output_subdir=seed_runs_layerwise_v1/mvp__videomae_v2__linear__layer_10/seed_102"",""probe.eval_output_dir=artifacts/results/mvp"",""probe.eval_output_subdir=seed_runs_layerwise_v1/mvp__videomae_v2__linear__layer_10/seed_102"",""probe.wandb.group=seed_runs_layerwise_v1_mvp__videomae_v2__linear__layer_10"",""probe.wandb.name=mvp__videomae_v2__linear__layer_10__seed_102""]",results/verified_layerwise_probe_configs.csv,469,471,a6cf1b4d232aeb7a,VERIFIED_FULL,"{""batch_size"":64,""early_stopping"":{""enabled"":true,""patience"":5},""epochs"":100,""feature_view"":""pooled"",""layer"":10,""lr"":0.007426005343305405,""slot"":null,""weight_decay"":1.0179110443029212e-07}",output/training/mvp/linear/mvp_videomae_v2_linear_layers_22392314.out
mvp__videomae_v2__linear__layer_20__seed_101,mvp__videomae_v2__linear__layer_20,train_eval.probe.mvp,MVP,mvp,main,VideoMAE-v2,ViT-G/16,Linear,linear,101,42,videomae_v2,vit_giant_16_224,20,,Layer 0.5,pooled,0.004099626472340928,2.978878852837696e-06,32,1024,100,false,5,,,,,,,cpu,artifacts/probes/mvp,seed_runs_layerwise_v1/mvp__videomae_v2__linear__layer_20/seed_101,artifacts/results/mvp,seed_runs_layerwise_v1/mvp__videomae_v2__linear__layer_20/seed_101,seed_runs_layerwise_v1_mvp__videomae_v2__linear__layer_20,mvp__videomae_v2__linear__layer_20__seed_101,pending,,"[""seed=101"",""split.seed=42"",""backbone.name=videomae_v2"",""+backbone.kwargs.variant=vit_giant_16_224"",""probe.name=linear"",""probe.layer=20"",""probe.layers=[]"",""probe.feature_view=pooled"",""probe.device=cpu"",""probe.lr=0.004099626472340928"",""probe.weight_decay=2.978878852837696e-06"",""probe.batch_size=32"",""probe.eval_batch_size=1024"",""probe.epochs=100"",""probe.early_stopping.enabled=false"",""probe.early_stopping.patience=5"",""probe.optuna.enabled=false"",""probe.output_dir=artifacts/probes/mvp"",""probe.output_subdir=seed_runs_layerwise_v1/mvp__videomae_v2__linear__layer_20/seed_101"",""probe.eval_output_dir=artifacts/results/mvp"",""probe.eval_output_subdir=seed_runs_layerwise_v1/mvp__videomae_v2__linear__layer_20/seed_101"",""probe.wandb.group=seed_runs_layerwise_v1_mvp__videomae_v2__linear__layer_20"",""probe.wandb.name=mvp__videomae_v2__linear__layer_20__seed_101""]",results/verified_layerwise_probe_configs.csv,470,472,f6218aaa7e78da2e,VERIFIED_FULL,"{""batch_size"":32,""early_stopping"":{""enabled"":true,""patience"":5},""epochs"":100,""feature_view"":""pooled"",""layer"":20,""lr"":0.004099626472340928,""slot"":null,""weight_decay"":2.978878852837696e-06}",output/training/mvp/linear/mvp_videomae_v2_linear_layers_22392314.out
mvp__videomae_v2__linear__layer_20__seed_102,mvp__videomae_v2__linear__layer_20,train_eval.probe.mvp,MVP,mvp,main,VideoMAE-v2,ViT-G/16,Linear,linear,102,42,videomae_v2,vit_giant_16_224,20,,Layer 0.5,pooled,0.004099626472340928,2.978878852837696e-06,32,1024,100,false,5,,,,,,,cpu,artifacts/probes/mvp,seed_runs_layerwise_v1/mvp__videomae_v2__linear__layer_20/seed_102,artifacts/results/mvp,seed_runs_layerwise_v1/mvp__videomae_v2__linear__layer_20/seed_102,seed_runs_layerwise_v1_mvp__videomae_v2__linear__layer_20,mvp__videomae_v2__linear__layer_20__seed_102,pending,,"[""seed=102"",""split.seed=42"",""backbone.name=videomae_v2"",""+backbone.kwargs.variant=vit_giant_16_224"",""probe.name=linear"",""probe.layer=20"",""probe.layers=[]"",""probe.feature_view=pooled"",""probe.device=cpu"",""probe.lr=0.004099626472340928"",""probe.weight_decay=2.978878852837696e-06"",""probe.batch_size=32"",""probe.eval_batch_size=1024"",""probe.epochs=100"",""probe.early_stopping.enabled=false"",""probe.early_stopping.patience=5"",""probe.optuna.enabled=false"",""probe.output_dir=artifacts/probes/mvp"",""probe.output_subdir=seed_runs_layerwise_v1/mvp__videomae_v2__linear__layer_20/seed_102"",""probe.eval_output_dir=artifacts/results/mvp"",""probe.eval_output_subdir=seed_runs_layerwise_v1/mvp__videomae_v2__linear__layer_20/seed_102"",""probe.wandb.group=seed_runs_layerwise_v1_mvp__videomae_v2__linear__layer_20"",""probe.wandb.name=mvp__videomae_v2__linear__layer_20__seed_102""]",results/verified_layerwise_probe_configs.csv,470,472,f6218aaa7e78da2e,VERIFIED_FULL,"{""batch_size"":32,""early_stopping"":{""enabled"":true,""patience"":5},""epochs"":100,""feature_view"":""pooled"",""layer"":20,""lr"":0.004099626472340928,""slot"":null,""weight_decay"":2.978878852837696e-06}",output/training/mvp/linear/mvp_videomae_v2_linear_layers_22392314.out
mvp__videomae_v2__linear__layer_30__seed_101,mvp__videomae_v2__linear__layer_30,train_eval.probe.mvp,MVP,mvp,main,VideoMAE-v2,ViT-G/16,Linear,linear,101,42,videomae_v2,vit_giant_16_224,30,,Layer 0.75,pooled,0.0034521857958584876,0.00016848373229580403,64,1024,100,false,5,,,,,,,cpu,artifacts/probes/mvp,seed_runs_layerwise_v1/mvp__videomae_v2__linear__layer_30/seed_101,artifacts/results/mvp,seed_runs_layerwise_v1/mvp__videomae_v2__linear__layer_30/seed_101,seed_runs_layerwise_v1_mvp__videomae_v2__linear__layer_30,mvp__videomae_v2__linear__layer_30__seed_101,pending,,"[""seed=101"",""split.seed=42"",""backbone.name=videomae_v2"",""+backbone.kwargs.variant=vit_giant_16_224"",""probe.name=linear"",""probe.layer=30"",""probe.layers=[]"",""probe.feature_view=pooled"",""probe.device=cpu"",""probe.lr=0.0034521857958584876"",""probe.weight_decay=0.00016848373229580403"",""probe.batch_size=64"",""probe.eval_batch_size=1024"",""probe.epochs=100"",""probe.early_stopping.enabled=false"",""probe.early_stopping.patience=5"",""probe.optuna.enabled=false"",""probe.output_dir=artifacts/probes/mvp"",""probe.output_subdir=seed_runs_layerwise_v1/mvp__videomae_v2__linear__layer_30/seed_101"",""probe.eval_output_dir=artifacts/results/mvp"",""probe.eval_output_subdir=seed_runs_layerwise_v1/mvp__videomae_v2__linear__layer_30/seed_101"",""probe.wandb.group=seed_runs_layerwise_v1_mvp__videomae_v2__linear__layer_30"",""probe.wandb.name=mvp__videomae_v2__linear__layer_30__seed_101""]",results/verified_layerwise_probe_configs.csv,471,473,c04ca08b907e7ec5,VERIFIED_FULL,"{""batch_size"":64,""early_stopping"":{""enabled"":true,""patience"":5},""epochs"":100,""feature_view"":""pooled"",""layer"":30,""lr"":0.0034521857958584876,""slot"":null,""weight_decay"":0.00016848373229580403}",output/training/mvp/linear/mvp_videomae_v2_linear_layers_22392314.out
mvp__videomae_v2__linear__layer_30__seed_102,mvp__videomae_v2__linear__layer_30,train_eval.probe.mvp,MVP,mvp,main,VideoMAE-v2,ViT-G/16,Linear,linear,102,42,videomae_v2,vit_giant_16_224,30,,Layer 0.75,pooled,0.0034521857958584876,0.00016848373229580403,64,1024,100,false,5,,,,,,,cpu,artifacts/probes/mvp,seed_runs_layerwise_v1/mvp__videomae_v2__linear__layer_30/seed_102,artifacts/results/mvp,seed_runs_layerwise_v1/mvp__videomae_v2__linear__layer_30/seed_102,seed_runs_layerwise_v1_mvp__videomae_v2__linear__layer_30,mvp__videomae_v2__linear__layer_30__seed_102,pending,,"[""seed=102"",""split.seed=42"",""backbone.name=videomae_v2"",""+backbone.kwargs.variant=vit_giant_16_224"",""probe.name=linear"",""probe.layer=30"",""probe.layers=[]"",""probe.feature_view=pooled"",""probe.device=cpu"",""probe.lr=0.0034521857958584876"",""probe.weight_decay=0.00016848373229580403"",""probe.batch_size=64"",""probe.eval_batch_size=1024"",""probe.epochs=100"",""probe.early_stopping.enabled=false"",""probe.early_stopping.patience=5"",""probe.optuna.enabled=false"",""probe.output_dir=artifacts/probes/mvp"",""probe.output_subdir=seed_runs_layerwise_v1/mvp__videomae_v2__linear__layer_30/seed_102"",""probe.eval_output_dir=artifacts/results/mvp"",""probe.eval_output_subdir=seed_runs_layerwise_v1/mvp__videomae_v2__linear__layer_30/seed_102"",""probe.wandb.group=seed_runs_layerwise_v1_mvp__videomae_v2__linear__layer_30"",""probe.wandb.name=mvp__videomae_v2__linear__layer_30__seed_102""]",results/verified_layerwise_probe_configs.csv,471,473,c04ca08b907e7ec5,VERIFIED_FULL,"{""batch_size"":64,""early_stopping"":{""enabled"":true,""patience"":5},""epochs"":100,""feature_view"":""pooled"",""layer"":30,""lr"":0.0034521857958584876,""slot"":null,""weight_decay"":0.00016848373229580403}",output/training/mvp/linear/mvp_videomae_v2_linear_layers_22392314.out
mvp__videomae_v2__mlp__layer_40__seed_101,mvp__videomae_v2__mlp__layer_40,train_eval.probe.mvp,MVP,mvp,main,VideoMAE-v2,ViT-G/16,MLP,mlp,101,42,videomae_v2,vit_giant_16_224,40,,Final layer,pooled,0.0001329291894316216,0.005061576888752304,32,1024,2000,false,5,[256],0.21597250932105788,,,,,cpu,artifacts/probes/mvp,seed_runs_layerwise_v1/mvp__videomae_v2__mlp__layer_40/seed_101,artifacts/results/mvp,seed_runs_layerwise_v1/mvp__videomae_v2__mlp__layer_40/seed_101,seed_runs_layerwise_v1_mvp__videomae_v2__mlp__layer_40,mvp__videomae_v2__mlp__layer_40__seed_101,pending,,"[""seed=101"",""split.seed=42"",""backbone.name=videomae_v2"",""+backbone.kwargs.variant=vit_giant_16_224"",""probe.name=mlp"",""probe.layer=40"",""probe.layers=[]"",""probe.feature_view=pooled"",""probe.device=cpu"",""probe.lr=0.0001329291894316216"",""probe.weight_decay=0.005061576888752304"",""probe.batch_size=32"",""probe.eval_batch_size=1024"",""probe.epochs=2000"",""probe.early_stopping.enabled=false"",""probe.early_stopping.patience=5"",""probe.optuna.enabled=false"",""probe.output_dir=artifacts/probes/mvp"",""probe.output_subdir=seed_runs_layerwise_v1/mvp__videomae_v2__mlp__layer_40/seed_101"",""probe.eval_output_dir=artifacts/results/mvp"",""probe.eval_output_subdir=seed_runs_layerwise_v1/mvp__videomae_v2__mlp__layer_40/seed_101"",""probe.wandb.group=seed_runs_layerwise_v1_mvp__videomae_v2__mlp__layer_40"",""probe.wandb.name=mvp__videomae_v2__mlp__layer_40__seed_101"",""probe.mlp.hidden_dims=[256]"",""probe.mlp.dropout=0.21597250932105788""]",results/verified_layerwise_probe_configs.csv,472,474,43b07670efbc3695,VERIFIED_FULL,"{""batch_size"":32,""dropout"":0.21597250932105788,""early_stopping"":{""enabled"":true,""patience"":5},""epochs"":2000,""feature_view"":""pooled"",""hidden_dims"":[256],""layer"":40,""lr"":0.0001329291894316216,""slot"":null,""weight_decay"":0.005061576888752304}",jobs/train/mvp/mlp/output/training/mvp/mlp/mvp_videomae_v2_mlp_layers_22594139.out
mvp__videomae_v2__mlp__layer_40__seed_102,mvp__videomae_v2__mlp__layer_40,train_eval.probe.mvp,MVP,mvp,main,VideoMAE-v2,ViT-G/16,MLP,mlp,102,42,videomae_v2,vit_giant_16_224,40,,Final layer,pooled,0.0001329291894316216,0.005061576888752304,32,1024,2000,false,5,[256],0.21597250932105788,,,,,cpu,artifacts/probes/mvp,seed_runs_layerwise_v1/mvp__videomae_v2__mlp__layer_40/seed_102,artifacts/results/mvp,seed_runs_layerwise_v1/mvp__videomae_v2__mlp__layer_40/seed_102,seed_runs_layerwise_v1_mvp__videomae_v2__mlp__layer_40,mvp__videomae_v2__mlp__layer_40__seed_102,pending,,"[""seed=102"",""split.seed=42"",""backbone.name=videomae_v2"",""+backbone.kwargs.variant=vit_giant_16_224"",""probe.name=mlp"",""probe.layer=40"",""probe.layers=[]"",""probe.feature_view=pooled"",""probe.device=cpu"",""probe.lr=0.0001329291894316216"",""probe.weight_decay=0.005061576888752304"",""probe.batch_size=32"",""probe.eval_batch_size=1024"",""probe.epochs=2000"",""probe.early_stopping.enabled=false"",""probe.early_stopping.patience=5"",""probe.optuna.enabled=false"",""probe.output_dir=artifacts/probes/mvp"",""probe.output_subdir=seed_runs_layerwise_v1/mvp__videomae_v2__mlp__layer_40/seed_102"",""probe.eval_output_dir=artifacts/results/mvp"",""probe.eval_output_subdir=seed_runs_layerwise_v1/mvp__videomae_v2__mlp__layer_40/seed_102"",""probe.wandb.group=seed_runs_layerwise_v1_mvp__videomae_v2__mlp__layer_40"",""probe.wandb.name=mvp__videomae_v2__mlp__layer_40__seed_102"",""probe.mlp.hidden_dims=[256]"",""probe.mlp.dropout=0.21597250932105788""]",results/verified_layerwise_probe_configs.csv,472,474,43b07670efbc3695,VERIFIED_FULL,"{""batch_size"":32,""dropout"":0.21597250932105788,""early_stopping"":{""enabled"":true,""patience"":5},""epochs"":2000,""feature_view"":""pooled"",""hidden_dims"":[256],""layer"":40,""lr"":0.0001329291894316216,""slot"":null,""weight_decay"":0.005061576888752304}",jobs/train/mvp/mlp/output/training/mvp/mlp/mvp_videomae_v2_mlp_layers_22594139.out
mvp__videomae_v2__mlp__layer_10__seed_101,mvp__videomae_v2__mlp__layer_10,train_eval.probe.mvp,MVP,mvp,main,VideoMAE-v2,ViT-G/16,MLP,mlp,101,42,videomae_v2,vit_giant_16_224,10,,Layer 0.25,pooled,0.0001329291894316216,0.005061576888752304,32,1024,2000,false,5,[256],0.21597250932105788,,,,,cpu,artifacts/probes/mvp,seed_runs_layerwise_v1/mvp__videomae_v2__mlp__layer_10/seed_101,artifacts/results/mvp,seed_runs_layerwise_v1/mvp__videomae_v2__mlp__layer_10/seed_101,seed_runs_layerwise_v1_mvp__videomae_v2__mlp__layer_10,mvp__videomae_v2__mlp__layer_10__seed_101,pending,,"[""seed=101"",""split.seed=42"",""backbone.name=videomae_v2"",""+backbone.kwargs.variant=vit_giant_16_224"",""probe.name=mlp"",""probe.layer=10"",""probe.layers=[]"",""probe.feature_view=pooled"",""probe.device=cpu"",""probe.lr=0.0001329291894316216"",""probe.weight_decay=0.005061576888752304"",""probe.batch_size=32"",""probe.eval_batch_size=1024"",""probe.epochs=2000"",""probe.early_stopping.enabled=false"",""probe.early_stopping.patience=5"",""probe.optuna.enabled=false"",""probe.output_dir=artifacts/probes/mvp"",""probe.output_subdir=seed_runs_layerwise_v1/mvp__videomae_v2__mlp__layer_10/seed_101"",""probe.eval_output_dir=artifacts/results/mvp"",""probe.eval_output_subdir=seed_runs_layerwise_v1/mvp__videomae_v2__mlp__layer_10/seed_101"",""probe.wandb.group=seed_runs_layerwise_v1_mvp__videomae_v2__mlp__layer_10"",""probe.wandb.name=mvp__videomae_v2__mlp__layer_10__seed_101"",""probe.mlp.hidden_dims=[256]"",""probe.mlp.dropout=0.21597250932105788""]",results/verified_layerwise_probe_configs.csv,473,475,0014226478080808,VERIFIED_FULL,"{""batch_size"":32,""dropout"":0.21597250932105788,""early_stopping"":{""enabled"":true,""patience"":5},""epochs"":2000,""feature_view"":""pooled"",""hidden_dims"":[256],""layer"":10,""lr"":0.0001329291894316216,""slot"":null,""weight_decay"":0.005061576888752304}",jobs/train/mvp/mlp/output/training/mvp/mlp/mvp_videomae_v2_mlp_layers_22594139.out
mvp__videomae_v2__mlp__layer_10__seed_102,mvp__videomae_v2__mlp__layer_10,train_eval.probe.mvp,MVP,mvp,main,VideoMAE-v2,ViT-G/16,MLP,mlp,102,42,videomae_v2,vit_giant_16_224,10,,Layer 0.25,pooled,0.0001329291894316216,0.005061576888752304,32,1024,2000,false,5,[256],0.21597250932105788,,,,,cpu,artifacts/probes/mvp,seed_runs_layerwise_v1/mvp__videomae_v2__mlp__layer_10/seed_102,artifacts/results/mvp,seed_runs_layerwise_v1/mvp__videomae_v2__mlp__layer_10/seed_102,seed_runs_layerwise_v1_mvp__videomae_v2__mlp__layer_10,mvp__videomae_v2__mlp__layer_10__seed_102,pending,,"[""seed=102"",""split.seed=42"",""backbone.name=videomae_v2"",""+backbone.kwargs.variant=vit_giant_16_224"",""probe.name=mlp"",""probe.layer=10"",""probe.layers=[]"",""probe.feature_view=pooled"",""probe.device=cpu"",""probe.lr=0.0001329291894316216"",""probe.weight_decay=0.005061576888752304"",""probe.batch_size=32"",""probe.eval_batch_size=1024"",""probe.epochs=2000"",""probe.early_stopping.enabled=false"",""probe.early_stopping.patience=5"",""probe.optuna.enabled=false"",""probe.output_dir=artifacts/probes/mvp"",""probe.output_subdir=seed_runs_layerwise_v1/mvp__videomae_v2__mlp__layer_10/seed_102"",""probe.eval_output_dir=artifacts/results/mvp"",""probe.eval_output_subdir=seed_runs_layerwise_v1/mvp__videomae_v2__mlp__layer_10/seed_102"",""probe.wandb.group=seed_runs_layerwise_v1_mvp__videomae_v2__mlp__layer_10"",""probe.wandb.name=mvp__videomae_v2__mlp__layer_10__seed_102"",""probe.mlp.hidden_dims=[256]"",""probe.mlp.dropout=0.21597250932105788""]",results/verified_layerwise_probe_configs.csv,473,475,0014226478080808,VERIFIED_FULL,"{""batch_size"":32,""dropout"":0.21597250932105788,""early_stopping"":{""enabled"":true,""patience"":5},""epochs"":2000,""feature_view"":""pooled"",""hidden_dims"":[256],""layer"":10,""lr"":0.0001329291894316216,""slot"":null,""weight_decay"":0.005061576888752304}",jobs/train/mvp/mlp/output/training/mvp/mlp/mvp_videomae_v2_mlp_layers_22594139.out
mvp__videomae_v2__mlp__layer_20__seed_101,mvp__videomae_v2__mlp__layer_20,train_eval.probe.mvp,MVP,mvp,main,VideoMAE-v2,ViT-G/16,MLP,mlp,101,42,videomae_v2,vit_giant_16_224,20,,Layer 0.5,pooled,0.0001329291894316216,0.005061576888752304,32,1024,2000,false,5,[256],0.21597250932105788,,,,,cpu,artifacts/probes/mvp,seed_runs_layerwise_v1/mvp__videomae_v2__mlp__layer_20/seed_101,artifacts/results/mvp,seed_runs_layerwise_v1/mvp__videomae_v2__mlp__layer_20/seed_101,seed_runs_layerwise_v1_mvp__videomae_v2__mlp__layer_20,mvp__videomae_v2__mlp__layer_20__seed_101,pending,,"[""seed=101"",""split.seed=42"",""backbone.name=videomae_v2"",""+backbone.kwargs.variant=vit_giant_16_224"",""probe.name=mlp"",""probe.layer=20"",""probe.layers=[]"",""probe.feature_view=pooled"",""probe.device=cpu"",""probe.lr=0.0001329291894316216"",""probe.weight_decay=0.005061576888752304"",""probe.batch_size=32"",""probe.eval_batch_size=1024"",""probe.epochs=2000"",""probe.early_stopping.enabled=false"",""probe.early_stopping.patience=5"",""probe.optuna.enabled=false"",""probe.output_dir=artifacts/probes/mvp"",""probe.output_subdir=seed_runs_layerwise_v1/mvp__videomae_v2__mlp__layer_20/seed_101"",""probe.eval_output_dir=artifacts/results/mvp"",""probe.eval_output_subdir=seed_runs_layerwise_v1/mvp__videomae_v2__mlp__layer_20/seed_101"",""probe.wandb.group=seed_runs_layerwise_v1_mvp__videomae_v2__mlp__layer_20"",""probe.wandb.name=mvp__videomae_v2__mlp__layer_20__seed_101"",""probe.mlp.hidden_dims=[256]"",""probe.mlp.dropout=0.21597250932105788""]",results/verified_layerwise_probe_configs.csv,474,476,7befdd9bd951fea7,VERIFIED_FULL,"{""batch_size"":32,""dropout"":0.21597250932105788,""early_stopping"":{""enabled"":true,""patience"":5},""epochs"":2000,""feature_view"":""pooled"",""hidden_dims"":[256],""layer"":20,""lr"":0.0001329291894316216,""slot"":null,""weight_decay"":0.005061576888752304}",jobs/train/mvp/mlp/output/training/mvp/mlp/mvp_videomae_v2_mlp_layers_22594139.out
mvp__videomae_v2__mlp__layer_20__seed_102,mvp__videomae_v2__mlp__layer_20,train_eval.probe.mvp,MVP,mvp,main,VideoMAE-v2,ViT-G/16,MLP,mlp,102,42,videomae_v2,vit_giant_16_224,20,,Layer 0.5,pooled,0.0001329291894316216,0.005061576888752304,32,1024,2000,false,5,[256],0.21597250932105788,,,,,cpu,artifacts/probes/mvp,seed_runs_layerwise_v1/mvp__videomae_v2__mlp__layer_20/seed_102,artifacts/results/mvp,seed_runs_layerwise_v1/mvp__videomae_v2__mlp__layer_20/seed_102,seed_runs_layerwise_v1_mvp__videomae_v2__mlp__layer_20,mvp__videomae_v2__mlp__layer_20__seed_102,pending,,"[""seed=102"",""split.seed=42"",""backbone.name=videomae_v2"",""+backbone.kwargs.variant=vit_giant_16_224"",""probe.name=mlp"",""probe.layer=20"",""probe.layers=[]"",""probe.feature_view=pooled"",""probe.device=cpu"",""probe.lr=0.0001329291894316216"",""probe.weight_decay=0.005061576888752304"",""probe.batch_size=32"",""probe.eval_batch_size=1024"",""probe.epochs=2000"",""probe.early_stopping.enabled=false"",""probe.early_stopping.patience=5"",""probe.optuna.enabled=false"",""probe.output_dir=artifacts/probes/mvp"",""probe.output_subdir=seed_runs_layerwise_v1/mvp__videomae_v2__mlp__layer_20/seed_102"",""probe.eval_output_dir=artifacts/results/mvp"",""probe.eval_output_subdir=seed_runs_layerwise_v1/mvp__videomae_v2__mlp__layer_20/seed_102"",""probe.wandb.group=seed_runs_layerwise_v1_mvp__videomae_v2__mlp__layer_20"",""probe.wandb.name=mvp__videomae_v2__mlp__layer_20__seed_102"",""probe.mlp.hidden_dims=[256]"",""probe.mlp.dropout=0.21597250932105788""]",results/verified_layerwise_probe_configs.csv,474,476,7befdd9bd951fea7,VERIFIED_FULL,"{""batch_size"":32,""dropout"":0.21597250932105788,""early_stopping"":{""enabled"":true,""patience"":5},""epochs"":2000,""feature_view"":""pooled"",""hidden_dims"":[256],""layer"":20,""lr"":0.0001329291894316216,""slot"":null,""weight_decay"":0.005061576888752304}",jobs/train/mvp/mlp/output/training/mvp/mlp/mvp_videomae_v2_mlp_layers_22594139.out
mvp__videomae_v2__mlp__layer_30__seed_101,mvp__videomae_v2__mlp__layer_30,train_eval.probe.mvp,MVP,mvp,main,VideoMAE-v2,ViT-G/16,MLP,mlp,101,42,videomae_v2,vit_giant_16_224,30,,Layer 0.75,pooled,0.0001329291894316216,0.005061576888752304,32,1024,2000,false,5,[256],0.21597250932105788,,,,,cpu,artifacts/probes/mvp,seed_runs_layerwise_v1/mvp__videomae_v2__mlp__layer_30/seed_101,artifacts/results/mvp,seed_runs_layerwise_v1/mvp__videomae_v2__mlp__layer_30/seed_101,seed_runs_layerwise_v1_mvp__videomae_v2__mlp__layer_30,mvp__videomae_v2__mlp__layer_30__seed_101,pending,,"[""seed=101"",""split.seed=42"",""backbone.name=videomae_v2"",""+backbone.kwargs.variant=vit_giant_16_224"",""probe.name=mlp"",""probe.layer=30"",""probe.layers=[]"",""probe.feature_view=pooled"",""probe.device=cpu"",""probe.lr=0.0001329291894316216"",""probe.weight_decay=0.005061576888752304"",""probe.batch_size=32"",""probe.eval_batch_size=1024"",""probe.epochs=2000"",""probe.early_stopping.enabled=false"",""probe.early_stopping.patience=5"",""probe.optuna.enabled=false"",""probe.output_dir=artifacts/probes/mvp"",""probe.output_subdir=seed_runs_layerwise_v1/mvp__videomae_v2__mlp__layer_30/seed_101"",""probe.eval_output_dir=artifacts/results/mvp"",""probe.eval_output_subdir=seed_runs_layerwise_v1/mvp__videomae_v2__mlp__layer_30/seed_101"",""probe.wandb.group=seed_runs_layerwise_v1_mvp__videomae_v2__mlp__layer_30"",""probe.wandb.name=mvp__videomae_v2__mlp__layer_30__seed_101"",""probe.mlp.hidden_dims=[256]"",""probe.mlp.dropout=0.21597250932105788""]",results/verified_layerwise_probe_configs.csv,475,477,a177091c9c0f1fd8,VERIFIED_FULL,"{""batch_size"":32,""dropout"":0.21597250932105788,""early_stopping"":{""enabled"":true,""patience"":5},""epochs"":2000,""feature_view"":""pooled"",""hidden_dims"":[256],""layer"":30,""lr"":0.0001329291894316216,""slot"":null,""weight_decay"":0.005061576888752304}",jobs/train/mvp/mlp/output/training/mvp/mlp/mvp_videomae_v2_mlp_layers_22594139.out
mvp__videomae_v2__mlp__layer_30__seed_102,mvp__videomae_v2__mlp__layer_30,train_eval.probe.mvp,MVP,mvp,main,VideoMAE-v2,ViT-G/16,MLP,mlp,102,42,videomae_v2,vit_giant_16_224,30,,Layer 0.75,pooled,0.0001329291894316216,0.005061576888752304,32,1024,2000,false,5,[256],0.21597250932105788,,,,,cpu,artifacts/probes/mvp,seed_runs_layerwise_v1/mvp__videomae_v2__mlp__layer_30/seed_102,artifacts/results/mvp,seed_runs_layerwise_v1/mvp__videomae_v2__mlp__layer_30/seed_102,seed_runs_layerwise_v1_mvp__videomae_v2__mlp__layer_30,mvp__videomae_v2__mlp__layer_30__seed_102,pending,,"[""seed=102"",""split.seed=42"",""backbone.name=videomae_v2"",""+backbone.kwargs.variant=vit_giant_16_224"",""probe.name=mlp"",""probe.layer=30"",""probe.layers=[]"",""probe.feature_view=pooled"",""probe.device=cpu"",""probe.lr=0.0001329291894316216"",""probe.weight_decay=0.005061576888752304"",""probe.batch_size=32"",""probe.eval_batch_size=1024"",""probe.epochs=2000"",""probe.early_stopping.enabled=false"",""probe.early_stopping.patience=5"",""probe.optuna.enabled=false"",""probe.output_dir=artifacts/probes/mvp"",""probe.output_subdir=seed_runs_layerwise_v1/mvp__videomae_v2__mlp__layer_30/seed_102"",""probe.eval_output_dir=artifacts/results/mvp"",""probe.eval_output_subdir=seed_runs_layerwise_v1/mvp__videomae_v2__mlp__layer_30/seed_102"",""probe.wandb.group=seed_runs_layerwise_v1_mvp__videomae_v2__mlp__layer_30"",""probe.wandb.name=mvp__videomae_v2__mlp__layer_30__seed_102"",""probe.mlp.hidden_dims=[256]"",""probe.mlp.dropout=0.21597250932105788""]",results/verified_layerwise_probe_configs.csv,475,477,a177091c9c0f1fd8,VERIFIED_FULL,"{""batch_size"":32,""dropout"":0.21597250932105788,""early_stopping"":{""enabled"":true,""patience"":5},""epochs"":2000,""feature_view"":""pooled"",""hidden_dims"":[256],""layer"":30,""lr"":0.0001329291894316216,""slot"":null,""weight_decay"":0.005061576888752304}",jobs/train/mvp/mlp/output/training/mvp/mlp/mvp_videomae_v2_mlp_layers_22594139.out
