run_id,config_id,run_command,dataset,dataset_hydra,experiment,model,backbone,probe,probe_hydra,seed,original_seed,backbone_name,backbone_variant,layer,selected_slot,layer_label,feature_view,lr,weight_decay,batch_size,eval_batch_size,epochs,early_stopping_enabled,early_stopping_patience,mlp_hidden_dims,mlp_dropout,temporal_num_heads,temporal_num_self_attn_blocks,temporal_mlp_ratio,temporal_dropout,probe_device,probe_output_dir,probe_output_subdir,eval_output_dir,eval_output_subdir,wandb_group,wandb_name,status,blocked_reason,hydra_overrides_json,source_csv_path,source_csv_row_index,source_csv_line_number,source_row_sha256,source_config_status,source_config_json,source_evidence_path
intphys2__ltx__ltx_2b_0_9_8_distilled__linear__slot_1__seed_101,intphys2__ltx__ltx_2b_0_9_8_distilled__linear__slot_1,train_eval.probe.intphys2,IntPhys2,intphys2,ltx,LTX-Video,LTX-2B,Linear,linear,101,42,ltx_video,ltx_2b_0_9_8_distilled,1,1,noise_1.0_block_7,pooled,0.00013292918943162159,0.0050615768887523043,32,1024,2000,false,5,,,,,,,cpu,artifacts/probes/intphys2,seed_runs_intphys2_ltx2b_linear_mlp/intphys2__ltx__ltx_2b_0_9_8_distilled__linear__slot_1/seed_101,artifacts/results/intphys2,seed_runs_intphys2_ltx2b_linear_mlp/intphys2__ltx__ltx_2b_0_9_8_distilled__linear__slot_1/seed_101,seed_runs_intphys2_ltx2b_linear_mlp_intphys2__ltx__ltx_2b_0_9_8_distilled__linear__slot_1,intphys2__ltx__ltx_2b_0_9_8_distilled__linear__slot_1__seed_101,pending,,"[""seed=101"",""split.seed=42"",""backbone.name=ltx_video"",""+backbone.kwargs.variant=ltx_2b_0_9_8_distilled"",""probe.name=linear"",""probe.layer=1"",""probe.layers=[]"",""probe.feature_view=pooled"",""probe.device=cpu"",""probe.lr=0.00013292918943162159"",""probe.weight_decay=0.0050615768887523043"",""probe.batch_size=32"",""probe.eval_batch_size=1024"",""probe.epochs=2000"",""probe.early_stopping.enabled=false"",""probe.early_stopping.patience=5"",""probe.optuna.enabled=false"",""probe.output_dir=artifacts/probes/intphys2"",""probe.output_subdir=seed_runs_intphys2_ltx2b_linear_mlp/intphys2__ltx__ltx_2b_0_9_8_distilled__linear__slot_1/seed_101"",""probe.eval_output_dir=artifacts/results/intphys2"",""probe.eval_output_subdir=seed_runs_intphys2_ltx2b_linear_mlp/intphys2__ltx__ltx_2b_0_9_8_distilled__linear__slot_1/seed_101"",""probe.wandb.group=seed_runs_intphys2_ltx2b_linear_mlp_intphys2__ltx__ltx_2b_0_9_8_distilled__linear__slot_1"",""probe.wandb.name=intphys2__ltx__ltx_2b_0_9_8_distilled__linear__slot_1__seed_101""]",results/verified_layerwise_probe_configs.csv,156,158,0014ca4d599d70cd,VERIFIED_FULL,"{""batch_size"":32,""depth_layer_id"":7,""early_stopping"":{""enabled"":false,""patience"":5},""epochs"":2000,""eval_batch_size"":1024,""feature_view"":""pooled"",""layer"":1,""lr"":0.0001329291894316216,""slot"":1,""weight_decay"":0.005061576888752304}",different_backbone_ablation/ltx_2b/intphys2/linear/intphys2_probe_linear_ltx_video_ltxv_2b_0_9_8_distilled_20260602T175813Z/layer_noise_1.0_block_7/train/optuna_summary.json
intphys2__ltx__ltx_2b_0_9_8_distilled__linear__slot_1__seed_102,intphys2__ltx__ltx_2b_0_9_8_distilled__linear__slot_1,train_eval.probe.intphys2,IntPhys2,intphys2,ltx,LTX-Video,LTX-2B,Linear,linear,102,42,ltx_video,ltx_2b_0_9_8_distilled,1,1,noise_1.0_block_7,pooled,0.00013292918943162159,0.0050615768887523043,32,1024,2000,false,5,,,,,,,cpu,artifacts/probes/intphys2,seed_runs_intphys2_ltx2b_linear_mlp/intphys2__ltx__ltx_2b_0_9_8_distilled__linear__slot_1/seed_102,artifacts/results/intphys2,seed_runs_intphys2_ltx2b_linear_mlp/intphys2__ltx__ltx_2b_0_9_8_distilled__linear__slot_1/seed_102,seed_runs_intphys2_ltx2b_linear_mlp_intphys2__ltx__ltx_2b_0_9_8_distilled__linear__slot_1,intphys2__ltx__ltx_2b_0_9_8_distilled__linear__slot_1__seed_102,pending,,"[""seed=102"",""split.seed=42"",""backbone.name=ltx_video"",""+backbone.kwargs.variant=ltx_2b_0_9_8_distilled"",""probe.name=linear"",""probe.layer=1"",""probe.layers=[]"",""probe.feature_view=pooled"",""probe.device=cpu"",""probe.lr=0.00013292918943162159"",""probe.weight_decay=0.0050615768887523043"",""probe.batch_size=32"",""probe.eval_batch_size=1024"",""probe.epochs=2000"",""probe.early_stopping.enabled=false"",""probe.early_stopping.patience=5"",""probe.optuna.enabled=false"",""probe.output_dir=artifacts/probes/intphys2"",""probe.output_subdir=seed_runs_intphys2_ltx2b_linear_mlp/intphys2__ltx__ltx_2b_0_9_8_distilled__linear__slot_1/seed_102"",""probe.eval_output_dir=artifacts/results/intphys2"",""probe.eval_output_subdir=seed_runs_intphys2_ltx2b_linear_mlp/intphys2__ltx__ltx_2b_0_9_8_distilled__linear__slot_1/seed_102"",""probe.wandb.group=seed_runs_intphys2_ltx2b_linear_mlp_intphys2__ltx__ltx_2b_0_9_8_distilled__linear__slot_1"",""probe.wandb.name=intphys2__ltx__ltx_2b_0_9_8_distilled__linear__slot_1__seed_102""]",results/verified_layerwise_probe_configs.csv,156,158,0014ca4d599d70cd,VERIFIED_FULL,"{""batch_size"":32,""depth_layer_id"":7,""early_stopping"":{""enabled"":false,""patience"":5},""epochs"":2000,""eval_batch_size"":1024,""feature_view"":""pooled"",""layer"":1,""lr"":0.0001329291894316216,""slot"":1,""weight_decay"":0.005061576888752304}",different_backbone_ablation/ltx_2b/intphys2/linear/intphys2_probe_linear_ltx_video_ltxv_2b_0_9_8_distilled_20260602T175813Z/layer_noise_1.0_block_7/train/optuna_summary.json
intphys2__ltx__ltx_2b_0_9_8_distilled__linear__slot_5__seed_101,intphys2__ltx__ltx_2b_0_9_8_distilled__linear__slot_5,train_eval.probe.intphys2,IntPhys2,intphys2,ltx,LTX-Video,LTX-2B,Linear,linear,101,42,ltx_video,ltx_2b_0_9_8_distilled,5,5,noise_0.9_block_7,pooled,1.1526025292404458e-05,0.00013970755680618323,64,1024,20,false,5,,,,,,,cpu,artifacts/probes/intphys2,seed_runs_intphys2_ltx2b_linear_mlp/intphys2__ltx__ltx_2b_0_9_8_distilled__linear__slot_5/seed_101,artifacts/results/intphys2,seed_runs_intphys2_ltx2b_linear_mlp/intphys2__ltx__ltx_2b_0_9_8_distilled__linear__slot_5/seed_101,seed_runs_intphys2_ltx2b_linear_mlp_intphys2__ltx__ltx_2b_0_9_8_distilled__linear__slot_5,intphys2__ltx__ltx_2b_0_9_8_distilled__linear__slot_5__seed_101,pending,,"[""seed=101"",""split.seed=42"",""backbone.name=ltx_video"",""+backbone.kwargs.variant=ltx_2b_0_9_8_distilled"",""probe.name=linear"",""probe.layer=5"",""probe.layers=[]"",""probe.feature_view=pooled"",""probe.device=cpu"",""probe.lr=1.1526025292404458e-05"",""probe.weight_decay=0.00013970755680618323"",""probe.batch_size=64"",""probe.eval_batch_size=1024"",""probe.epochs=20"",""probe.early_stopping.enabled=false"",""probe.early_stopping.patience=5"",""probe.optuna.enabled=false"",""probe.output_dir=artifacts/probes/intphys2"",""probe.output_subdir=seed_runs_intphys2_ltx2b_linear_mlp/intphys2__ltx__ltx_2b_0_9_8_distilled__linear__slot_5/seed_101"",""probe.eval_output_dir=artifacts/results/intphys2"",""probe.eval_output_subdir=seed_runs_intphys2_ltx2b_linear_mlp/intphys2__ltx__ltx_2b_0_9_8_distilled__linear__slot_5/seed_101"",""probe.wandb.group=seed_runs_intphys2_ltx2b_linear_mlp_intphys2__ltx__ltx_2b_0_9_8_distilled__linear__slot_5"",""probe.wandb.name=intphys2__ltx__ltx_2b_0_9_8_distilled__linear__slot_5__seed_101""]",results/verified_layerwise_probe_configs.csv,157,159,3ea67a3486f4dd83,VERIFIED_FULL,"{""batch_size"":64,""depth_layer_id"":7,""early_stopping"":{""enabled"":false,""patience"":5},""epochs"":20,""eval_batch_size"":1024,""feature_view"":""pooled"",""layer"":5,""lr"":1.1526025292404458e-05,""slot"":5,""weight_decay"":0.00013970755680618323}",different_backbone_ablation/ltx_2b/intphys2/linear/intphys2_probe_linear_ltx_video_ltxv_2b_0_9_8_distilled_20260602T175813Z/layer_noise_0.9_block_7/train/optuna_summary.json
intphys2__ltx__ltx_2b_0_9_8_distilled__linear__slot_5__seed_102,intphys2__ltx__ltx_2b_0_9_8_distilled__linear__slot_5,train_eval.probe.intphys2,IntPhys2,intphys2,ltx,LTX-Video,LTX-2B,Linear,linear,102,42,ltx_video,ltx_2b_0_9_8_distilled,5,5,noise_0.9_block_7,pooled,1.1526025292404458e-05,0.00013970755680618323,64,1024,20,false,5,,,,,,,cpu,artifacts/probes/intphys2,seed_runs_intphys2_ltx2b_linear_mlp/intphys2__ltx__ltx_2b_0_9_8_distilled__linear__slot_5/seed_102,artifacts/results/intphys2,seed_runs_intphys2_ltx2b_linear_mlp/intphys2__ltx__ltx_2b_0_9_8_distilled__linear__slot_5/seed_102,seed_runs_intphys2_ltx2b_linear_mlp_intphys2__ltx__ltx_2b_0_9_8_distilled__linear__slot_5,intphys2__ltx__ltx_2b_0_9_8_distilled__linear__slot_5__seed_102,pending,,"[""seed=102"",""split.seed=42"",""backbone.name=ltx_video"",""+backbone.kwargs.variant=ltx_2b_0_9_8_distilled"",""probe.name=linear"",""probe.layer=5"",""probe.layers=[]"",""probe.feature_view=pooled"",""probe.device=cpu"",""probe.lr=1.1526025292404458e-05"",""probe.weight_decay=0.00013970755680618323"",""probe.batch_size=64"",""probe.eval_batch_size=1024"",""probe.epochs=20"",""probe.early_stopping.enabled=false"",""probe.early_stopping.patience=5"",""probe.optuna.enabled=false"",""probe.output_dir=artifacts/probes/intphys2"",""probe.output_subdir=seed_runs_intphys2_ltx2b_linear_mlp/intphys2__ltx__ltx_2b_0_9_8_distilled__linear__slot_5/seed_102"",""probe.eval_output_dir=artifacts/results/intphys2"",""probe.eval_output_subdir=seed_runs_intphys2_ltx2b_linear_mlp/intphys2__ltx__ltx_2b_0_9_8_distilled__linear__slot_5/seed_102"",""probe.wandb.group=seed_runs_intphys2_ltx2b_linear_mlp_intphys2__ltx__ltx_2b_0_9_8_distilled__linear__slot_5"",""probe.wandb.name=intphys2__ltx__ltx_2b_0_9_8_distilled__linear__slot_5__seed_102""]",results/verified_layerwise_probe_configs.csv,157,159,3ea67a3486f4dd83,VERIFIED_FULL,"{""batch_size"":64,""depth_layer_id"":7,""early_stopping"":{""enabled"":false,""patience"":5},""epochs"":20,""eval_batch_size"":1024,""feature_view"":""pooled"",""layer"":5,""lr"":1.1526025292404458e-05,""slot"":5,""weight_decay"":0.00013970755680618323}",different_backbone_ablation/ltx_2b/intphys2/linear/intphys2_probe_linear_ltx_video_ltxv_2b_0_9_8_distilled_20260602T175813Z/layer_noise_0.9_block_7/train/optuna_summary.json
intphys2__ltx__ltx_2b_0_9_8_distilled__linear__slot_9__seed_101,intphys2__ltx__ltx_2b_0_9_8_distilled__linear__slot_9,train_eval.probe.intphys2,IntPhys2,intphys2,ltx,LTX-Video,LTX-2B,Linear,linear,101,42,ltx_video,ltx_2b_0_9_8_distilled,9,9,noise_0.8_block_7,pooled,0.0021464035477145849,4.294315419725004e-05,64,1024,50,false,5,,,,,,,cpu,artifacts/probes/intphys2,seed_runs_intphys2_ltx2b_linear_mlp/intphys2__ltx__ltx_2b_0_9_8_distilled__linear__slot_9/seed_101,artifacts/results/intphys2,seed_runs_intphys2_ltx2b_linear_mlp/intphys2__ltx__ltx_2b_0_9_8_distilled__linear__slot_9/seed_101,seed_runs_intphys2_ltx2b_linear_mlp_intphys2__ltx__ltx_2b_0_9_8_distilled__linear__slot_9,intphys2__ltx__ltx_2b_0_9_8_distilled__linear__slot_9__seed_101,pending,,"[""seed=101"",""split.seed=42"",""backbone.name=ltx_video"",""+backbone.kwargs.variant=ltx_2b_0_9_8_distilled"",""probe.name=linear"",""probe.layer=9"",""probe.layers=[]"",""probe.feature_view=pooled"",""probe.device=cpu"",""probe.lr=0.0021464035477145849"",""probe.weight_decay=4.294315419725004e-05"",""probe.batch_size=64"",""probe.eval_batch_size=1024"",""probe.epochs=50"",""probe.early_stopping.enabled=false"",""probe.early_stopping.patience=5"",""probe.optuna.enabled=false"",""probe.output_dir=artifacts/probes/intphys2"",""probe.output_subdir=seed_runs_intphys2_ltx2b_linear_mlp/intphys2__ltx__ltx_2b_0_9_8_distilled__linear__slot_9/seed_101"",""probe.eval_output_dir=artifacts/results/intphys2"",""probe.eval_output_subdir=seed_runs_intphys2_ltx2b_linear_mlp/intphys2__ltx__ltx_2b_0_9_8_distilled__linear__slot_9/seed_101"",""probe.wandb.group=seed_runs_intphys2_ltx2b_linear_mlp_intphys2__ltx__ltx_2b_0_9_8_distilled__linear__slot_9"",""probe.wandb.name=intphys2__ltx__ltx_2b_0_9_8_distilled__linear__slot_9__seed_101""]",results/verified_layerwise_probe_configs.csv,158,160,d511de829c47c29a,VERIFIED_FULL,"{""batch_size"":64,""depth_layer_id"":7,""early_stopping"":{""enabled"":false,""patience"":5},""epochs"":50,""eval_batch_size"":1024,""feature_view"":""pooled"",""layer"":9,""lr"":0.002146403547714585,""slot"":9,""weight_decay"":4.294315419725004e-05}",different_backbone_ablation/ltx_2b/intphys2/linear/intphys2_probe_linear_ltx_video_ltxv_2b_0_9_8_distilled_20260602T175813Z/layer_noise_0.8_block_7/train/optuna_summary.json
intphys2__ltx__ltx_2b_0_9_8_distilled__linear__slot_9__seed_102,intphys2__ltx__ltx_2b_0_9_8_distilled__linear__slot_9,train_eval.probe.intphys2,IntPhys2,intphys2,ltx,LTX-Video,LTX-2B,Linear,linear,102,42,ltx_video,ltx_2b_0_9_8_distilled,9,9,noise_0.8_block_7,pooled,0.0021464035477145849,4.294315419725004e-05,64,1024,50,false,5,,,,,,,cpu,artifacts/probes/intphys2,seed_runs_intphys2_ltx2b_linear_mlp/intphys2__ltx__ltx_2b_0_9_8_distilled__linear__slot_9/seed_102,artifacts/results/intphys2,seed_runs_intphys2_ltx2b_linear_mlp/intphys2__ltx__ltx_2b_0_9_8_distilled__linear__slot_9/seed_102,seed_runs_intphys2_ltx2b_linear_mlp_intphys2__ltx__ltx_2b_0_9_8_distilled__linear__slot_9,intphys2__ltx__ltx_2b_0_9_8_distilled__linear__slot_9__seed_102,pending,,"[""seed=102"",""split.seed=42"",""backbone.name=ltx_video"",""+backbone.kwargs.variant=ltx_2b_0_9_8_distilled"",""probe.name=linear"",""probe.layer=9"",""probe.layers=[]"",""probe.feature_view=pooled"",""probe.device=cpu"",""probe.lr=0.0021464035477145849"",""probe.weight_decay=4.294315419725004e-05"",""probe.batch_size=64"",""probe.eval_batch_size=1024"",""probe.epochs=50"",""probe.early_stopping.enabled=false"",""probe.early_stopping.patience=5"",""probe.optuna.enabled=false"",""probe.output_dir=artifacts/probes/intphys2"",""probe.output_subdir=seed_runs_intphys2_ltx2b_linear_mlp/intphys2__ltx__ltx_2b_0_9_8_distilled__linear__slot_9/seed_102"",""probe.eval_output_dir=artifacts/results/intphys2"",""probe.eval_output_subdir=seed_runs_intphys2_ltx2b_linear_mlp/intphys2__ltx__ltx_2b_0_9_8_distilled__linear__slot_9/seed_102"",""probe.wandb.group=seed_runs_intphys2_ltx2b_linear_mlp_intphys2__ltx__ltx_2b_0_9_8_distilled__linear__slot_9"",""probe.wandb.name=intphys2__ltx__ltx_2b_0_9_8_distilled__linear__slot_9__seed_102""]",results/verified_layerwise_probe_configs.csv,158,160,d511de829c47c29a,VERIFIED_FULL,"{""batch_size"":64,""depth_layer_id"":7,""early_stopping"":{""enabled"":false,""patience"":5},""epochs"":50,""eval_batch_size"":1024,""feature_view"":""pooled"",""layer"":9,""lr"":0.002146403547714585,""slot"":9,""weight_decay"":4.294315419725004e-05}",different_backbone_ablation/ltx_2b/intphys2/linear/intphys2_probe_linear_ltx_video_ltxv_2b_0_9_8_distilled_20260602T175813Z/layer_noise_0.8_block_7/train/optuna_summary.json
intphys2__ltx__ltx_2b_0_9_8_distilled__linear__slot_13__seed_101,intphys2__ltx__ltx_2b_0_9_8_distilled__linear__slot_13,train_eval.probe.intphys2,IntPhys2,intphys2,ltx,LTX-Video,LTX-2B,Linear,linear,101,42,ltx_video,ltx_2b_0_9_8_distilled,13,13,noise_0.7_block_7,pooled,0.00043664735929796326,1.2856617791467908e-07,32,1024,50,false,5,,,,,,,cpu,artifacts/probes/intphys2,seed_runs_intphys2_ltx2b_linear_mlp/intphys2__ltx__ltx_2b_0_9_8_distilled__linear__slot_13/seed_101,artifacts/results/intphys2,seed_runs_intphys2_ltx2b_linear_mlp/intphys2__ltx__ltx_2b_0_9_8_distilled__linear__slot_13/seed_101,seed_runs_intphys2_ltx2b_linear_mlp_intphys2__ltx__ltx_2b_0_9_8_distilled__linear__slot_13,intphys2__ltx__ltx_2b_0_9_8_distilled__linear__slot_13__seed_101,pending,,"[""seed=101"",""split.seed=42"",""backbone.name=ltx_video"",""+backbone.kwargs.variant=ltx_2b_0_9_8_distilled"",""probe.name=linear"",""probe.layer=13"",""probe.layers=[]"",""probe.feature_view=pooled"",""probe.device=cpu"",""probe.lr=0.00043664735929796326"",""probe.weight_decay=1.2856617791467908e-07"",""probe.batch_size=32"",""probe.eval_batch_size=1024"",""probe.epochs=50"",""probe.early_stopping.enabled=false"",""probe.early_stopping.patience=5"",""probe.optuna.enabled=false"",""probe.output_dir=artifacts/probes/intphys2"",""probe.output_subdir=seed_runs_intphys2_ltx2b_linear_mlp/intphys2__ltx__ltx_2b_0_9_8_distilled__linear__slot_13/seed_101"",""probe.eval_output_dir=artifacts/results/intphys2"",""probe.eval_output_subdir=seed_runs_intphys2_ltx2b_linear_mlp/intphys2__ltx__ltx_2b_0_9_8_distilled__linear__slot_13/seed_101"",""probe.wandb.group=seed_runs_intphys2_ltx2b_linear_mlp_intphys2__ltx__ltx_2b_0_9_8_distilled__linear__slot_13"",""probe.wandb.name=intphys2__ltx__ltx_2b_0_9_8_distilled__linear__slot_13__seed_101""]",results/verified_layerwise_probe_configs.csv,159,161,6d3ecc7f5ce34812,VERIFIED_FULL,"{""batch_size"":32,""depth_layer_id"":7,""early_stopping"":{""enabled"":false,""patience"":5},""epochs"":50,""eval_batch_size"":1024,""feature_view"":""pooled"",""layer"":13,""lr"":0.00043664735929796326,""slot"":13,""weight_decay"":1.2856617791467908e-07}",different_backbone_ablation/ltx_2b/intphys2/linear/intphys2_probe_linear_ltx_video_ltxv_2b_0_9_8_distilled_20260602T175813Z/layer_noise_0.7_block_7/train/optuna_summary.json
intphys2__ltx__ltx_2b_0_9_8_distilled__linear__slot_13__seed_102,intphys2__ltx__ltx_2b_0_9_8_distilled__linear__slot_13,train_eval.probe.intphys2,IntPhys2,intphys2,ltx,LTX-Video,LTX-2B,Linear,linear,102,42,ltx_video,ltx_2b_0_9_8_distilled,13,13,noise_0.7_block_7,pooled,0.00043664735929796326,1.2856617791467908e-07,32,1024,50,false,5,,,,,,,cpu,artifacts/probes/intphys2,seed_runs_intphys2_ltx2b_linear_mlp/intphys2__ltx__ltx_2b_0_9_8_distilled__linear__slot_13/seed_102,artifacts/results/intphys2,seed_runs_intphys2_ltx2b_linear_mlp/intphys2__ltx__ltx_2b_0_9_8_distilled__linear__slot_13/seed_102,seed_runs_intphys2_ltx2b_linear_mlp_intphys2__ltx__ltx_2b_0_9_8_distilled__linear__slot_13,intphys2__ltx__ltx_2b_0_9_8_distilled__linear__slot_13__seed_102,pending,,"[""seed=102"",""split.seed=42"",""backbone.name=ltx_video"",""+backbone.kwargs.variant=ltx_2b_0_9_8_distilled"",""probe.name=linear"",""probe.layer=13"",""probe.layers=[]"",""probe.feature_view=pooled"",""probe.device=cpu"",""probe.lr=0.00043664735929796326"",""probe.weight_decay=1.2856617791467908e-07"",""probe.batch_size=32"",""probe.eval_batch_size=1024"",""probe.epochs=50"",""probe.early_stopping.enabled=false"",""probe.early_stopping.patience=5"",""probe.optuna.enabled=false"",""probe.output_dir=artifacts/probes/intphys2"",""probe.output_subdir=seed_runs_intphys2_ltx2b_linear_mlp/intphys2__ltx__ltx_2b_0_9_8_distilled__linear__slot_13/seed_102"",""probe.eval_output_dir=artifacts/results/intphys2"",""probe.eval_output_subdir=seed_runs_intphys2_ltx2b_linear_mlp/intphys2__ltx__ltx_2b_0_9_8_distilled__linear__slot_13/seed_102"",""probe.wandb.group=seed_runs_intphys2_ltx2b_linear_mlp_intphys2__ltx__ltx_2b_0_9_8_distilled__linear__slot_13"",""probe.wandb.name=intphys2__ltx__ltx_2b_0_9_8_distilled__linear__slot_13__seed_102""]",results/verified_layerwise_probe_configs.csv,159,161,6d3ecc7f5ce34812,VERIFIED_FULL,"{""batch_size"":32,""depth_layer_id"":7,""early_stopping"":{""enabled"":false,""patience"":5},""epochs"":50,""eval_batch_size"":1024,""feature_view"":""pooled"",""layer"":13,""lr"":0.00043664735929796326,""slot"":13,""weight_decay"":1.2856617791467908e-07}",different_backbone_ablation/ltx_2b/intphys2/linear/intphys2_probe_linear_ltx_video_ltxv_2b_0_9_8_distilled_20260602T175813Z/layer_noise_0.7_block_7/train/optuna_summary.json
intphys2__ltx__ltx_2b_0_9_8_distilled__linear__slot_17__seed_101,intphys2__ltx__ltx_2b_0_9_8_distilled__linear__slot_17,train_eval.probe.intphys2,IntPhys2,intphys2,ltx,LTX-Video,LTX-2B,Linear,linear,101,42,ltx_video,ltx_2b_0_9_8_distilled,17,17,noise_0.6_block_7,pooled,0.0031428808908401098,1.8794668241638429e-07,256,1024,100,false,5,,,,,,,cpu,artifacts/probes/intphys2,seed_runs_intphys2_ltx2b_linear_mlp/intphys2__ltx__ltx_2b_0_9_8_distilled__linear__slot_17/seed_101,artifacts/results/intphys2,seed_runs_intphys2_ltx2b_linear_mlp/intphys2__ltx__ltx_2b_0_9_8_distilled__linear__slot_17/seed_101,seed_runs_intphys2_ltx2b_linear_mlp_intphys2__ltx__ltx_2b_0_9_8_distilled__linear__slot_17,intphys2__ltx__ltx_2b_0_9_8_distilled__linear__slot_17__seed_101,pending,,"[""seed=101"",""split.seed=42"",""backbone.name=ltx_video"",""+backbone.kwargs.variant=ltx_2b_0_9_8_distilled"",""probe.name=linear"",""probe.layer=17"",""probe.layers=[]"",""probe.feature_view=pooled"",""probe.device=cpu"",""probe.lr=0.0031428808908401098"",""probe.weight_decay=1.8794668241638429e-07"",""probe.batch_size=256"",""probe.eval_batch_size=1024"",""probe.epochs=100"",""probe.early_stopping.enabled=false"",""probe.early_stopping.patience=5"",""probe.optuna.enabled=false"",""probe.output_dir=artifacts/probes/intphys2"",""probe.output_subdir=seed_runs_intphys2_ltx2b_linear_mlp/intphys2__ltx__ltx_2b_0_9_8_distilled__linear__slot_17/seed_101"",""probe.eval_output_dir=artifacts/results/intphys2"",""probe.eval_output_subdir=seed_runs_intphys2_ltx2b_linear_mlp/intphys2__ltx__ltx_2b_0_9_8_distilled__linear__slot_17/seed_101"",""probe.wandb.group=seed_runs_intphys2_ltx2b_linear_mlp_intphys2__ltx__ltx_2b_0_9_8_distilled__linear__slot_17"",""probe.wandb.name=intphys2__ltx__ltx_2b_0_9_8_distilled__linear__slot_17__seed_101""]",results/verified_layerwise_probe_configs.csv,160,162,12a53ba6b4c70b69,VERIFIED_FULL,"{""batch_size"":256,""depth_layer_id"":7,""early_stopping"":{""enabled"":false,""patience"":5},""epochs"":100,""eval_batch_size"":1024,""feature_view"":""pooled"",""layer"":17,""lr"":0.00314288089084011,""slot"":17,""weight_decay"":1.879466824163843e-07}",different_backbone_ablation/ltx_2b/intphys2/linear/intphys2_probe_linear_ltx_video_ltxv_2b_0_9_8_distilled_20260602T175813Z/layer_noise_0.6_block_7/train/optuna_summary.json
intphys2__ltx__ltx_2b_0_9_8_distilled__linear__slot_17__seed_102,intphys2__ltx__ltx_2b_0_9_8_distilled__linear__slot_17,train_eval.probe.intphys2,IntPhys2,intphys2,ltx,LTX-Video,LTX-2B,Linear,linear,102,42,ltx_video,ltx_2b_0_9_8_distilled,17,17,noise_0.6_block_7,pooled,0.0031428808908401098,1.8794668241638429e-07,256,1024,100,false,5,,,,,,,cpu,artifacts/probes/intphys2,seed_runs_intphys2_ltx2b_linear_mlp/intphys2__ltx__ltx_2b_0_9_8_distilled__linear__slot_17/seed_102,artifacts/results/intphys2,seed_runs_intphys2_ltx2b_linear_mlp/intphys2__ltx__ltx_2b_0_9_8_distilled__linear__slot_17/seed_102,seed_runs_intphys2_ltx2b_linear_mlp_intphys2__ltx__ltx_2b_0_9_8_distilled__linear__slot_17,intphys2__ltx__ltx_2b_0_9_8_distilled__linear__slot_17__seed_102,pending,,"[""seed=102"",""split.seed=42"",""backbone.name=ltx_video"",""+backbone.kwargs.variant=ltx_2b_0_9_8_distilled"",""probe.name=linear"",""probe.layer=17"",""probe.layers=[]"",""probe.feature_view=pooled"",""probe.device=cpu"",""probe.lr=0.0031428808908401098"",""probe.weight_decay=1.8794668241638429e-07"",""probe.batch_size=256"",""probe.eval_batch_size=1024"",""probe.epochs=100"",""probe.early_stopping.enabled=false"",""probe.early_stopping.patience=5"",""probe.optuna.enabled=false"",""probe.output_dir=artifacts/probes/intphys2"",""probe.output_subdir=seed_runs_intphys2_ltx2b_linear_mlp/intphys2__ltx__ltx_2b_0_9_8_distilled__linear__slot_17/seed_102"",""probe.eval_output_dir=artifacts/results/intphys2"",""probe.eval_output_subdir=seed_runs_intphys2_ltx2b_linear_mlp/intphys2__ltx__ltx_2b_0_9_8_distilled__linear__slot_17/seed_102"",""probe.wandb.group=seed_runs_intphys2_ltx2b_linear_mlp_intphys2__ltx__ltx_2b_0_9_8_distilled__linear__slot_17"",""probe.wandb.name=intphys2__ltx__ltx_2b_0_9_8_distilled__linear__slot_17__seed_102""]",results/verified_layerwise_probe_configs.csv,160,162,12a53ba6b4c70b69,VERIFIED_FULL,"{""batch_size"":256,""depth_layer_id"":7,""early_stopping"":{""enabled"":false,""patience"":5},""epochs"":100,""eval_batch_size"":1024,""feature_view"":""pooled"",""layer"":17,""lr"":0.00314288089084011,""slot"":17,""weight_decay"":1.879466824163843e-07}",different_backbone_ablation/ltx_2b/intphys2/linear/intphys2_probe_linear_ltx_video_ltxv_2b_0_9_8_distilled_20260602T175813Z/layer_noise_0.6_block_7/train/optuna_summary.json
intphys2__ltx__ltx_2b_0_9_8_distilled__linear__slot_21__seed_101,intphys2__ltx__ltx_2b_0_9_8_distilled__linear__slot_21,train_eval.probe.intphys2,IntPhys2,intphys2,ltx,LTX-Video,LTX-2B,Linear,linear,101,42,ltx_video,ltx_2b_0_9_8_distilled,21,21,noise_0.5_block_7,pooled,0.00043664735929796326,1.2856617791467908e-07,32,1024,50,false,5,,,,,,,cpu,artifacts/probes/intphys2,seed_runs_intphys2_ltx2b_linear_mlp/intphys2__ltx__ltx_2b_0_9_8_distilled__linear__slot_21/seed_101,artifacts/results/intphys2,seed_runs_intphys2_ltx2b_linear_mlp/intphys2__ltx__ltx_2b_0_9_8_distilled__linear__slot_21/seed_101,seed_runs_intphys2_ltx2b_linear_mlp_intphys2__ltx__ltx_2b_0_9_8_distilled__linear__slot_21,intphys2__ltx__ltx_2b_0_9_8_distilled__linear__slot_21__seed_101,pending,,"[""seed=101"",""split.seed=42"",""backbone.name=ltx_video"",""+backbone.kwargs.variant=ltx_2b_0_9_8_distilled"",""probe.name=linear"",""probe.layer=21"",""probe.layers=[]"",""probe.feature_view=pooled"",""probe.device=cpu"",""probe.lr=0.00043664735929796326"",""probe.weight_decay=1.2856617791467908e-07"",""probe.batch_size=32"",""probe.eval_batch_size=1024"",""probe.epochs=50"",""probe.early_stopping.enabled=false"",""probe.early_stopping.patience=5"",""probe.optuna.enabled=false"",""probe.output_dir=artifacts/probes/intphys2"",""probe.output_subdir=seed_runs_intphys2_ltx2b_linear_mlp/intphys2__ltx__ltx_2b_0_9_8_distilled__linear__slot_21/seed_101"",""probe.eval_output_dir=artifacts/results/intphys2"",""probe.eval_output_subdir=seed_runs_intphys2_ltx2b_linear_mlp/intphys2__ltx__ltx_2b_0_9_8_distilled__linear__slot_21/seed_101"",""probe.wandb.group=seed_runs_intphys2_ltx2b_linear_mlp_intphys2__ltx__ltx_2b_0_9_8_distilled__linear__slot_21"",""probe.wandb.name=intphys2__ltx__ltx_2b_0_9_8_distilled__linear__slot_21__seed_101""]",results/verified_layerwise_probe_configs.csv,161,163,8c993b752b521bec,VERIFIED_FULL,"{""batch_size"":32,""depth_layer_id"":7,""early_stopping"":{""enabled"":false,""patience"":5},""epochs"":50,""eval_batch_size"":1024,""feature_view"":""pooled"",""layer"":21,""lr"":0.00043664735929796326,""slot"":21,""weight_decay"":1.2856617791467908e-07}",different_backbone_ablation/ltx_2b/intphys2/linear/intphys2_probe_linear_ltx_video_ltxv_2b_0_9_8_distilled_20260602T175813Z/layer_noise_0.5_block_7/train/optuna_summary.json
intphys2__ltx__ltx_2b_0_9_8_distilled__linear__slot_21__seed_102,intphys2__ltx__ltx_2b_0_9_8_distilled__linear__slot_21,train_eval.probe.intphys2,IntPhys2,intphys2,ltx,LTX-Video,LTX-2B,Linear,linear,102,42,ltx_video,ltx_2b_0_9_8_distilled,21,21,noise_0.5_block_7,pooled,0.00043664735929796326,1.2856617791467908e-07,32,1024,50,false,5,,,,,,,cpu,artifacts/probes/intphys2,seed_runs_intphys2_ltx2b_linear_mlp/intphys2__ltx__ltx_2b_0_9_8_distilled__linear__slot_21/seed_102,artifacts/results/intphys2,seed_runs_intphys2_ltx2b_linear_mlp/intphys2__ltx__ltx_2b_0_9_8_distilled__linear__slot_21/seed_102,seed_runs_intphys2_ltx2b_linear_mlp_intphys2__ltx__ltx_2b_0_9_8_distilled__linear__slot_21,intphys2__ltx__ltx_2b_0_9_8_distilled__linear__slot_21__seed_102,pending,,"[""seed=102"",""split.seed=42"",""backbone.name=ltx_video"",""+backbone.kwargs.variant=ltx_2b_0_9_8_distilled"",""probe.name=linear"",""probe.layer=21"",""probe.layers=[]"",""probe.feature_view=pooled"",""probe.device=cpu"",""probe.lr=0.00043664735929796326"",""probe.weight_decay=1.2856617791467908e-07"",""probe.batch_size=32"",""probe.eval_batch_size=1024"",""probe.epochs=50"",""probe.early_stopping.enabled=false"",""probe.early_stopping.patience=5"",""probe.optuna.enabled=false"",""probe.output_dir=artifacts/probes/intphys2"",""probe.output_subdir=seed_runs_intphys2_ltx2b_linear_mlp/intphys2__ltx__ltx_2b_0_9_8_distilled__linear__slot_21/seed_102"",""probe.eval_output_dir=artifacts/results/intphys2"",""probe.eval_output_subdir=seed_runs_intphys2_ltx2b_linear_mlp/intphys2__ltx__ltx_2b_0_9_8_distilled__linear__slot_21/seed_102"",""probe.wandb.group=seed_runs_intphys2_ltx2b_linear_mlp_intphys2__ltx__ltx_2b_0_9_8_distilled__linear__slot_21"",""probe.wandb.name=intphys2__ltx__ltx_2b_0_9_8_distilled__linear__slot_21__seed_102""]",results/verified_layerwise_probe_configs.csv,161,163,8c993b752b521bec,VERIFIED_FULL,"{""batch_size"":32,""depth_layer_id"":7,""early_stopping"":{""enabled"":false,""patience"":5},""epochs"":50,""eval_batch_size"":1024,""feature_view"":""pooled"",""layer"":21,""lr"":0.00043664735929796326,""slot"":21,""weight_decay"":1.2856617791467908e-07}",different_backbone_ablation/ltx_2b/intphys2/linear/intphys2_probe_linear_ltx_video_ltxv_2b_0_9_8_distilled_20260602T175813Z/layer_noise_0.5_block_7/train/optuna_summary.json
intphys2__ltx__ltx_2b_0_9_8_distilled__linear__slot_25__seed_101,intphys2__ltx__ltx_2b_0_9_8_distilled__linear__slot_25,train_eval.probe.intphys2,IntPhys2,intphys2,ltx,LTX-Video,LTX-2B,Linear,linear,101,42,ltx_video,ltx_2b_0_9_8_distilled,25,25,noise_0.4_block_7,pooled,8.569331925053983e-05,8.93511059033186e-07,128,1024,1000,false,5,,,,,,,cpu,artifacts/probes/intphys2,seed_runs_intphys2_ltx2b_linear_mlp/intphys2__ltx__ltx_2b_0_9_8_distilled__linear__slot_25/seed_101,artifacts/results/intphys2,seed_runs_intphys2_ltx2b_linear_mlp/intphys2__ltx__ltx_2b_0_9_8_distilled__linear__slot_25/seed_101,seed_runs_intphys2_ltx2b_linear_mlp_intphys2__ltx__ltx_2b_0_9_8_distilled__linear__slot_25,intphys2__ltx__ltx_2b_0_9_8_distilled__linear__slot_25__seed_101,pending,,"[""seed=101"",""split.seed=42"",""backbone.name=ltx_video"",""+backbone.kwargs.variant=ltx_2b_0_9_8_distilled"",""probe.name=linear"",""probe.layer=25"",""probe.layers=[]"",""probe.feature_view=pooled"",""probe.device=cpu"",""probe.lr=8.569331925053983e-05"",""probe.weight_decay=8.93511059033186e-07"",""probe.batch_size=128"",""probe.eval_batch_size=1024"",""probe.epochs=1000"",""probe.early_stopping.enabled=false"",""probe.early_stopping.patience=5"",""probe.optuna.enabled=false"",""probe.output_dir=artifacts/probes/intphys2"",""probe.output_subdir=seed_runs_intphys2_ltx2b_linear_mlp/intphys2__ltx__ltx_2b_0_9_8_distilled__linear__slot_25/seed_101"",""probe.eval_output_dir=artifacts/results/intphys2"",""probe.eval_output_subdir=seed_runs_intphys2_ltx2b_linear_mlp/intphys2__ltx__ltx_2b_0_9_8_distilled__linear__slot_25/seed_101"",""probe.wandb.group=seed_runs_intphys2_ltx2b_linear_mlp_intphys2__ltx__ltx_2b_0_9_8_distilled__linear__slot_25"",""probe.wandb.name=intphys2__ltx__ltx_2b_0_9_8_distilled__linear__slot_25__seed_101""]",results/verified_layerwise_probe_configs.csv,162,164,a6a3fc967122652a,VERIFIED_FULL,"{""batch_size"":128,""depth_layer_id"":7,""early_stopping"":{""enabled"":false,""patience"":5},""epochs"":1000,""eval_batch_size"":1024,""feature_view"":""pooled"",""layer"":25,""lr"":8.569331925053983e-05,""slot"":25,""weight_decay"":8.93511059033186e-07}",different_backbone_ablation/ltx_2b/intphys2/linear/intphys2_probe_linear_ltx_video_ltxv_2b_0_9_8_distilled_20260602T175813Z/layer_noise_0.4_block_7/train/optuna_summary.json
intphys2__ltx__ltx_2b_0_9_8_distilled__linear__slot_25__seed_102,intphys2__ltx__ltx_2b_0_9_8_distilled__linear__slot_25,train_eval.probe.intphys2,IntPhys2,intphys2,ltx,LTX-Video,LTX-2B,Linear,linear,102,42,ltx_video,ltx_2b_0_9_8_distilled,25,25,noise_0.4_block_7,pooled,8.569331925053983e-05,8.93511059033186e-07,128,1024,1000,false,5,,,,,,,cpu,artifacts/probes/intphys2,seed_runs_intphys2_ltx2b_linear_mlp/intphys2__ltx__ltx_2b_0_9_8_distilled__linear__slot_25/seed_102,artifacts/results/intphys2,seed_runs_intphys2_ltx2b_linear_mlp/intphys2__ltx__ltx_2b_0_9_8_distilled__linear__slot_25/seed_102,seed_runs_intphys2_ltx2b_linear_mlp_intphys2__ltx__ltx_2b_0_9_8_distilled__linear__slot_25,intphys2__ltx__ltx_2b_0_9_8_distilled__linear__slot_25__seed_102,pending,,"[""seed=102"",""split.seed=42"",""backbone.name=ltx_video"",""+backbone.kwargs.variant=ltx_2b_0_9_8_distilled"",""probe.name=linear"",""probe.layer=25"",""probe.layers=[]"",""probe.feature_view=pooled"",""probe.device=cpu"",""probe.lr=8.569331925053983e-05"",""probe.weight_decay=8.93511059033186e-07"",""probe.batch_size=128"",""probe.eval_batch_size=1024"",""probe.epochs=1000"",""probe.early_stopping.enabled=false"",""probe.early_stopping.patience=5"",""probe.optuna.enabled=false"",""probe.output_dir=artifacts/probes/intphys2"",""probe.output_subdir=seed_runs_intphys2_ltx2b_linear_mlp/intphys2__ltx__ltx_2b_0_9_8_distilled__linear__slot_25/seed_102"",""probe.eval_output_dir=artifacts/results/intphys2"",""probe.eval_output_subdir=seed_runs_intphys2_ltx2b_linear_mlp/intphys2__ltx__ltx_2b_0_9_8_distilled__linear__slot_25/seed_102"",""probe.wandb.group=seed_runs_intphys2_ltx2b_linear_mlp_intphys2__ltx__ltx_2b_0_9_8_distilled__linear__slot_25"",""probe.wandb.name=intphys2__ltx__ltx_2b_0_9_8_distilled__linear__slot_25__seed_102""]",results/verified_layerwise_probe_configs.csv,162,164,a6a3fc967122652a,VERIFIED_FULL,"{""batch_size"":128,""depth_layer_id"":7,""early_stopping"":{""enabled"":false,""patience"":5},""epochs"":1000,""eval_batch_size"":1024,""feature_view"":""pooled"",""layer"":25,""lr"":8.569331925053983e-05,""slot"":25,""weight_decay"":8.93511059033186e-07}",different_backbone_ablation/ltx_2b/intphys2/linear/intphys2_probe_linear_ltx_video_ltxv_2b_0_9_8_distilled_20260602T175813Z/layer_noise_0.4_block_7/train/optuna_summary.json
intphys2__ltx__ltx_2b_0_9_8_distilled__linear__slot_29__seed_101,intphys2__ltx__ltx_2b_0_9_8_distilled__linear__slot_29,train_eval.probe.intphys2,IntPhys2,intphys2,ltx,LTX-Video,LTX-2B,Linear,linear,101,42,ltx_video,ltx_2b_0_9_8_distilled,29,29,noise_0.3_block_7,pooled,5.4208186431806408e-05,2.1525409933729087e-05,32,1024,1000,false,5,,,,,,,cpu,artifacts/probes/intphys2,seed_runs_intphys2_ltx2b_linear_mlp/intphys2__ltx__ltx_2b_0_9_8_distilled__linear__slot_29/seed_101,artifacts/results/intphys2,seed_runs_intphys2_ltx2b_linear_mlp/intphys2__ltx__ltx_2b_0_9_8_distilled__linear__slot_29/seed_101,seed_runs_intphys2_ltx2b_linear_mlp_intphys2__ltx__ltx_2b_0_9_8_distilled__linear__slot_29,intphys2__ltx__ltx_2b_0_9_8_distilled__linear__slot_29__seed_101,pending,,"[""seed=101"",""split.seed=42"",""backbone.name=ltx_video"",""+backbone.kwargs.variant=ltx_2b_0_9_8_distilled"",""probe.name=linear"",""probe.layer=29"",""probe.layers=[]"",""probe.feature_view=pooled"",""probe.device=cpu"",""probe.lr=5.4208186431806408e-05"",""probe.weight_decay=2.1525409933729087e-05"",""probe.batch_size=32"",""probe.eval_batch_size=1024"",""probe.epochs=1000"",""probe.early_stopping.enabled=false"",""probe.early_stopping.patience=5"",""probe.optuna.enabled=false"",""probe.output_dir=artifacts/probes/intphys2"",""probe.output_subdir=seed_runs_intphys2_ltx2b_linear_mlp/intphys2__ltx__ltx_2b_0_9_8_distilled__linear__slot_29/seed_101"",""probe.eval_output_dir=artifacts/results/intphys2"",""probe.eval_output_subdir=seed_runs_intphys2_ltx2b_linear_mlp/intphys2__ltx__ltx_2b_0_9_8_distilled__linear__slot_29/seed_101"",""probe.wandb.group=seed_runs_intphys2_ltx2b_linear_mlp_intphys2__ltx__ltx_2b_0_9_8_distilled__linear__slot_29"",""probe.wandb.name=intphys2__ltx__ltx_2b_0_9_8_distilled__linear__slot_29__seed_101""]",results/verified_layerwise_probe_configs.csv,163,165,3d4d405e6ccdfeea,VERIFIED_FULL,"{""batch_size"":32,""depth_layer_id"":7,""early_stopping"":{""enabled"":false,""patience"":5},""epochs"":1000,""eval_batch_size"":1024,""feature_view"":""pooled"",""layer"":29,""lr"":5.420818643180641e-05,""slot"":29,""weight_decay"":2.1525409933729087e-05}",different_backbone_ablation/ltx_2b/intphys2/linear/intphys2_probe_linear_ltx_video_ltxv_2b_0_9_8_distilled_20260602T175813Z/layer_noise_0.3_block_7/train/optuna_summary.json
intphys2__ltx__ltx_2b_0_9_8_distilled__linear__slot_29__seed_102,intphys2__ltx__ltx_2b_0_9_8_distilled__linear__slot_29,train_eval.probe.intphys2,IntPhys2,intphys2,ltx,LTX-Video,LTX-2B,Linear,linear,102,42,ltx_video,ltx_2b_0_9_8_distilled,29,29,noise_0.3_block_7,pooled,5.4208186431806408e-05,2.1525409933729087e-05,32,1024,1000,false,5,,,,,,,cpu,artifacts/probes/intphys2,seed_runs_intphys2_ltx2b_linear_mlp/intphys2__ltx__ltx_2b_0_9_8_distilled__linear__slot_29/seed_102,artifacts/results/intphys2,seed_runs_intphys2_ltx2b_linear_mlp/intphys2__ltx__ltx_2b_0_9_8_distilled__linear__slot_29/seed_102,seed_runs_intphys2_ltx2b_linear_mlp_intphys2__ltx__ltx_2b_0_9_8_distilled__linear__slot_29,intphys2__ltx__ltx_2b_0_9_8_distilled__linear__slot_29__seed_102,pending,,"[""seed=102"",""split.seed=42"",""backbone.name=ltx_video"",""+backbone.kwargs.variant=ltx_2b_0_9_8_distilled"",""probe.name=linear"",""probe.layer=29"",""probe.layers=[]"",""probe.feature_view=pooled"",""probe.device=cpu"",""probe.lr=5.4208186431806408e-05"",""probe.weight_decay=2.1525409933729087e-05"",""probe.batch_size=32"",""probe.eval_batch_size=1024"",""probe.epochs=1000"",""probe.early_stopping.enabled=false"",""probe.early_stopping.patience=5"",""probe.optuna.enabled=false"",""probe.output_dir=artifacts/probes/intphys2"",""probe.output_subdir=seed_runs_intphys2_ltx2b_linear_mlp/intphys2__ltx__ltx_2b_0_9_8_distilled__linear__slot_29/seed_102"",""probe.eval_output_dir=artifacts/results/intphys2"",""probe.eval_output_subdir=seed_runs_intphys2_ltx2b_linear_mlp/intphys2__ltx__ltx_2b_0_9_8_distilled__linear__slot_29/seed_102"",""probe.wandb.group=seed_runs_intphys2_ltx2b_linear_mlp_intphys2__ltx__ltx_2b_0_9_8_distilled__linear__slot_29"",""probe.wandb.name=intphys2__ltx__ltx_2b_0_9_8_distilled__linear__slot_29__seed_102""]",results/verified_layerwise_probe_configs.csv,163,165,3d4d405e6ccdfeea,VERIFIED_FULL,"{""batch_size"":32,""depth_layer_id"":7,""early_stopping"":{""enabled"":false,""patience"":5},""epochs"":1000,""eval_batch_size"":1024,""feature_view"":""pooled"",""layer"":29,""lr"":5.420818643180641e-05,""slot"":29,""weight_decay"":2.1525409933729087e-05}",different_backbone_ablation/ltx_2b/intphys2/linear/intphys2_probe_linear_ltx_video_ltxv_2b_0_9_8_distilled_20260602T175813Z/layer_noise_0.3_block_7/train/optuna_summary.json
intphys2__ltx__ltx_2b_0_9_8_distilled__linear__slot_33__seed_101,intphys2__ltx__ltx_2b_0_9_8_distilled__linear__slot_33,train_eval.probe.intphys2,IntPhys2,intphys2,ltx,LTX-Video,LTX-2B,Linear,linear,101,42,ltx_video,ltx_2b_0_9_8_distilled,33,33,noise_0.2_block_7,pooled,0.00087137975122949629,5.651113946974228e-06,32,1024,20,false,5,,,,,,,cpu,artifacts/probes/intphys2,seed_runs_intphys2_ltx2b_linear_mlp/intphys2__ltx__ltx_2b_0_9_8_distilled__linear__slot_33/seed_101,artifacts/results/intphys2,seed_runs_intphys2_ltx2b_linear_mlp/intphys2__ltx__ltx_2b_0_9_8_distilled__linear__slot_33/seed_101,seed_runs_intphys2_ltx2b_linear_mlp_intphys2__ltx__ltx_2b_0_9_8_distilled__linear__slot_33,intphys2__ltx__ltx_2b_0_9_8_distilled__linear__slot_33__seed_101,pending,,"[""seed=101"",""split.seed=42"",""backbone.name=ltx_video"",""+backbone.kwargs.variant=ltx_2b_0_9_8_distilled"",""probe.name=linear"",""probe.layer=33"",""probe.layers=[]"",""probe.feature_view=pooled"",""probe.device=cpu"",""probe.lr=0.00087137975122949629"",""probe.weight_decay=5.651113946974228e-06"",""probe.batch_size=32"",""probe.eval_batch_size=1024"",""probe.epochs=20"",""probe.early_stopping.enabled=false"",""probe.early_stopping.patience=5"",""probe.optuna.enabled=false"",""probe.output_dir=artifacts/probes/intphys2"",""probe.output_subdir=seed_runs_intphys2_ltx2b_linear_mlp/intphys2__ltx__ltx_2b_0_9_8_distilled__linear__slot_33/seed_101"",""probe.eval_output_dir=artifacts/results/intphys2"",""probe.eval_output_subdir=seed_runs_intphys2_ltx2b_linear_mlp/intphys2__ltx__ltx_2b_0_9_8_distilled__linear__slot_33/seed_101"",""probe.wandb.group=seed_runs_intphys2_ltx2b_linear_mlp_intphys2__ltx__ltx_2b_0_9_8_distilled__linear__slot_33"",""probe.wandb.name=intphys2__ltx__ltx_2b_0_9_8_distilled__linear__slot_33__seed_101""]",results/verified_layerwise_probe_configs.csv,164,166,be5f5a7d7bbd7151,VERIFIED_FULL,"{""batch_size"":32,""depth_layer_id"":7,""early_stopping"":{""enabled"":false,""patience"":5},""epochs"":20,""eval_batch_size"":1024,""feature_view"":""pooled"",""layer"":33,""lr"":0.0008713797512294963,""slot"":33,""weight_decay"":5.651113946974228e-06}",different_backbone_ablation/ltx_2b/intphys2/linear/intphys2_probe_linear_ltx_video_ltxv_2b_0_9_8_distilled_20260602T175813Z/layer_noise_0.2_block_7/train/optuna_summary.json
intphys2__ltx__ltx_2b_0_9_8_distilled__linear__slot_33__seed_102,intphys2__ltx__ltx_2b_0_9_8_distilled__linear__slot_33,train_eval.probe.intphys2,IntPhys2,intphys2,ltx,LTX-Video,LTX-2B,Linear,linear,102,42,ltx_video,ltx_2b_0_9_8_distilled,33,33,noise_0.2_block_7,pooled,0.00087137975122949629,5.651113946974228e-06,32,1024,20,false,5,,,,,,,cpu,artifacts/probes/intphys2,seed_runs_intphys2_ltx2b_linear_mlp/intphys2__ltx__ltx_2b_0_9_8_distilled__linear__slot_33/seed_102,artifacts/results/intphys2,seed_runs_intphys2_ltx2b_linear_mlp/intphys2__ltx__ltx_2b_0_9_8_distilled__linear__slot_33/seed_102,seed_runs_intphys2_ltx2b_linear_mlp_intphys2__ltx__ltx_2b_0_9_8_distilled__linear__slot_33,intphys2__ltx__ltx_2b_0_9_8_distilled__linear__slot_33__seed_102,pending,,"[""seed=102"",""split.seed=42"",""backbone.name=ltx_video"",""+backbone.kwargs.variant=ltx_2b_0_9_8_distilled"",""probe.name=linear"",""probe.layer=33"",""probe.layers=[]"",""probe.feature_view=pooled"",""probe.device=cpu"",""probe.lr=0.00087137975122949629"",""probe.weight_decay=5.651113946974228e-06"",""probe.batch_size=32"",""probe.eval_batch_size=1024"",""probe.epochs=20"",""probe.early_stopping.enabled=false"",""probe.early_stopping.patience=5"",""probe.optuna.enabled=false"",""probe.output_dir=artifacts/probes/intphys2"",""probe.output_subdir=seed_runs_intphys2_ltx2b_linear_mlp/intphys2__ltx__ltx_2b_0_9_8_distilled__linear__slot_33/seed_102"",""probe.eval_output_dir=artifacts/results/intphys2"",""probe.eval_output_subdir=seed_runs_intphys2_ltx2b_linear_mlp/intphys2__ltx__ltx_2b_0_9_8_distilled__linear__slot_33/seed_102"",""probe.wandb.group=seed_runs_intphys2_ltx2b_linear_mlp_intphys2__ltx__ltx_2b_0_9_8_distilled__linear__slot_33"",""probe.wandb.name=intphys2__ltx__ltx_2b_0_9_8_distilled__linear__slot_33__seed_102""]",results/verified_layerwise_probe_configs.csv,164,166,be5f5a7d7bbd7151,VERIFIED_FULL,"{""batch_size"":32,""depth_layer_id"":7,""early_stopping"":{""enabled"":false,""patience"":5},""epochs"":20,""eval_batch_size"":1024,""feature_view"":""pooled"",""layer"":33,""lr"":0.0008713797512294963,""slot"":33,""weight_decay"":5.651113946974228e-06}",different_backbone_ablation/ltx_2b/intphys2/linear/intphys2_probe_linear_ltx_video_ltxv_2b_0_9_8_distilled_20260602T175813Z/layer_noise_0.2_block_7/train/optuna_summary.json
intphys2__ltx__ltx_2b_0_9_8_distilled__linear__slot_37__seed_101,intphys2__ltx__ltx_2b_0_9_8_distilled__linear__slot_37,train_eval.probe.intphys2,IntPhys2,intphys2,ltx,LTX-Video,LTX-2B,Linear,linear,101,42,ltx_video,ltx_2b_0_9_8_distilled,37,37,noise_0.1_block_7,pooled,8.2005184022458281e-05,3.8550736900261789e-08,32,1024,50,false,5,,,,,,,cpu,artifacts/probes/intphys2,seed_runs_intphys2_ltx2b_linear_mlp/intphys2__ltx__ltx_2b_0_9_8_distilled__linear__slot_37/seed_101,artifacts/results/intphys2,seed_runs_intphys2_ltx2b_linear_mlp/intphys2__ltx__ltx_2b_0_9_8_distilled__linear__slot_37/seed_101,seed_runs_intphys2_ltx2b_linear_mlp_intphys2__ltx__ltx_2b_0_9_8_distilled__linear__slot_37,intphys2__ltx__ltx_2b_0_9_8_distilled__linear__slot_37__seed_101,pending,,"[""seed=101"",""split.seed=42"",""backbone.name=ltx_video"",""+backbone.kwargs.variant=ltx_2b_0_9_8_distilled"",""probe.name=linear"",""probe.layer=37"",""probe.layers=[]"",""probe.feature_view=pooled"",""probe.device=cpu"",""probe.lr=8.2005184022458281e-05"",""probe.weight_decay=3.8550736900261789e-08"",""probe.batch_size=32"",""probe.eval_batch_size=1024"",""probe.epochs=50"",""probe.early_stopping.enabled=false"",""probe.early_stopping.patience=5"",""probe.optuna.enabled=false"",""probe.output_dir=artifacts/probes/intphys2"",""probe.output_subdir=seed_runs_intphys2_ltx2b_linear_mlp/intphys2__ltx__ltx_2b_0_9_8_distilled__linear__slot_37/seed_101"",""probe.eval_output_dir=artifacts/results/intphys2"",""probe.eval_output_subdir=seed_runs_intphys2_ltx2b_linear_mlp/intphys2__ltx__ltx_2b_0_9_8_distilled__linear__slot_37/seed_101"",""probe.wandb.group=seed_runs_intphys2_ltx2b_linear_mlp_intphys2__ltx__ltx_2b_0_9_8_distilled__linear__slot_37"",""probe.wandb.name=intphys2__ltx__ltx_2b_0_9_8_distilled__linear__slot_37__seed_101""]",results/verified_layerwise_probe_configs.csv,165,167,d912dd63f4ed533f,VERIFIED_FULL,"{""batch_size"":32,""depth_layer_id"":7,""early_stopping"":{""enabled"":false,""patience"":5},""epochs"":50,""eval_batch_size"":1024,""feature_view"":""pooled"",""layer"":37,""lr"":8.200518402245828e-05,""slot"":37,""weight_decay"":3.855073690026179e-08}",different_backbone_ablation/ltx_2b/intphys2/linear/intphys2_probe_linear_ltx_video_ltxv_2b_0_9_8_distilled_20260602T175813Z/layer_noise_0.1_block_7/train/optuna_summary.json
intphys2__ltx__ltx_2b_0_9_8_distilled__linear__slot_37__seed_102,intphys2__ltx__ltx_2b_0_9_8_distilled__linear__slot_37,train_eval.probe.intphys2,IntPhys2,intphys2,ltx,LTX-Video,LTX-2B,Linear,linear,102,42,ltx_video,ltx_2b_0_9_8_distilled,37,37,noise_0.1_block_7,pooled,8.2005184022458281e-05,3.8550736900261789e-08,32,1024,50,false,5,,,,,,,cpu,artifacts/probes/intphys2,seed_runs_intphys2_ltx2b_linear_mlp/intphys2__ltx__ltx_2b_0_9_8_distilled__linear__slot_37/seed_102,artifacts/results/intphys2,seed_runs_intphys2_ltx2b_linear_mlp/intphys2__ltx__ltx_2b_0_9_8_distilled__linear__slot_37/seed_102,seed_runs_intphys2_ltx2b_linear_mlp_intphys2__ltx__ltx_2b_0_9_8_distilled__linear__slot_37,intphys2__ltx__ltx_2b_0_9_8_distilled__linear__slot_37__seed_102,pending,,"[""seed=102"",""split.seed=42"",""backbone.name=ltx_video"",""+backbone.kwargs.variant=ltx_2b_0_9_8_distilled"",""probe.name=linear"",""probe.layer=37"",""probe.layers=[]"",""probe.feature_view=pooled"",""probe.device=cpu"",""probe.lr=8.2005184022458281e-05"",""probe.weight_decay=3.8550736900261789e-08"",""probe.batch_size=32"",""probe.eval_batch_size=1024"",""probe.epochs=50"",""probe.early_stopping.enabled=false"",""probe.early_stopping.patience=5"",""probe.optuna.enabled=false"",""probe.output_dir=artifacts/probes/intphys2"",""probe.output_subdir=seed_runs_intphys2_ltx2b_linear_mlp/intphys2__ltx__ltx_2b_0_9_8_distilled__linear__slot_37/seed_102"",""probe.eval_output_dir=artifacts/results/intphys2"",""probe.eval_output_subdir=seed_runs_intphys2_ltx2b_linear_mlp/intphys2__ltx__ltx_2b_0_9_8_distilled__linear__slot_37/seed_102"",""probe.wandb.group=seed_runs_intphys2_ltx2b_linear_mlp_intphys2__ltx__ltx_2b_0_9_8_distilled__linear__slot_37"",""probe.wandb.name=intphys2__ltx__ltx_2b_0_9_8_distilled__linear__slot_37__seed_102""]",results/verified_layerwise_probe_configs.csv,165,167,d912dd63f4ed533f,VERIFIED_FULL,"{""batch_size"":32,""depth_layer_id"":7,""early_stopping"":{""enabled"":false,""patience"":5},""epochs"":50,""eval_batch_size"":1024,""feature_view"":""pooled"",""layer"":37,""lr"":8.200518402245828e-05,""slot"":37,""weight_decay"":3.855073690026179e-08}",different_backbone_ablation/ltx_2b/intphys2/linear/intphys2_probe_linear_ltx_video_ltxv_2b_0_9_8_distilled_20260602T175813Z/layer_noise_0.1_block_7/train/optuna_summary.json
intphys2__ltx__ltx_2b_0_9_8_distilled__linear__slot_2__seed_101,intphys2__ltx__ltx_2b_0_9_8_distilled__linear__slot_2,train_eval.probe.intphys2,IntPhys2,intphys2,ltx,LTX-Video,LTX-2B,Linear,linear,101,42,ltx_video,ltx_2b_0_9_8_distilled,2,2,noise_1.0_block_14,pooled,0.00013292918943162159,0.0050615768887523043,32,1024,2000,false,5,,,,,,,cpu,artifacts/probes/intphys2,seed_runs_intphys2_ltx2b_linear_mlp/intphys2__ltx__ltx_2b_0_9_8_distilled__linear__slot_2/seed_101,artifacts/results/intphys2,seed_runs_intphys2_ltx2b_linear_mlp/intphys2__ltx__ltx_2b_0_9_8_distilled__linear__slot_2/seed_101,seed_runs_intphys2_ltx2b_linear_mlp_intphys2__ltx__ltx_2b_0_9_8_distilled__linear__slot_2,intphys2__ltx__ltx_2b_0_9_8_distilled__linear__slot_2__seed_101,pending,,"[""seed=101"",""split.seed=42"",""backbone.name=ltx_video"",""+backbone.kwargs.variant=ltx_2b_0_9_8_distilled"",""probe.name=linear"",""probe.layer=2"",""probe.layers=[]"",""probe.feature_view=pooled"",""probe.device=cpu"",""probe.lr=0.00013292918943162159"",""probe.weight_decay=0.0050615768887523043"",""probe.batch_size=32"",""probe.eval_batch_size=1024"",""probe.epochs=2000"",""probe.early_stopping.enabled=false"",""probe.early_stopping.patience=5"",""probe.optuna.enabled=false"",""probe.output_dir=artifacts/probes/intphys2"",""probe.output_subdir=seed_runs_intphys2_ltx2b_linear_mlp/intphys2__ltx__ltx_2b_0_9_8_distilled__linear__slot_2/seed_101"",""probe.eval_output_dir=artifacts/results/intphys2"",""probe.eval_output_subdir=seed_runs_intphys2_ltx2b_linear_mlp/intphys2__ltx__ltx_2b_0_9_8_distilled__linear__slot_2/seed_101"",""probe.wandb.group=seed_runs_intphys2_ltx2b_linear_mlp_intphys2__ltx__ltx_2b_0_9_8_distilled__linear__slot_2"",""probe.wandb.name=intphys2__ltx__ltx_2b_0_9_8_distilled__linear__slot_2__seed_101""]",results/verified_layerwise_probe_configs.csv,166,168,2fa4399cfa28fcac,VERIFIED_FULL,"{""batch_size"":32,""depth_layer_id"":14,""early_stopping"":{""enabled"":false,""patience"":5},""epochs"":2000,""eval_batch_size"":1024,""feature_view"":""pooled"",""layer"":2,""lr"":0.0001329291894316216,""slot"":2,""weight_decay"":0.005061576888752304}",different_backbone_ablation/ltx_2b/intphys2/linear/intphys2_probe_linear_ltx_video_ltxv_2b_0_9_8_distilled_20260602T175813Z/layer_noise_1.0_block_14/train/optuna_summary.json
intphys2__ltx__ltx_2b_0_9_8_distilled__linear__slot_2__seed_102,intphys2__ltx__ltx_2b_0_9_8_distilled__linear__slot_2,train_eval.probe.intphys2,IntPhys2,intphys2,ltx,LTX-Video,LTX-2B,Linear,linear,102,42,ltx_video,ltx_2b_0_9_8_distilled,2,2,noise_1.0_block_14,pooled,0.00013292918943162159,0.0050615768887523043,32,1024,2000,false,5,,,,,,,cpu,artifacts/probes/intphys2,seed_runs_intphys2_ltx2b_linear_mlp/intphys2__ltx__ltx_2b_0_9_8_distilled__linear__slot_2/seed_102,artifacts/results/intphys2,seed_runs_intphys2_ltx2b_linear_mlp/intphys2__ltx__ltx_2b_0_9_8_distilled__linear__slot_2/seed_102,seed_runs_intphys2_ltx2b_linear_mlp_intphys2__ltx__ltx_2b_0_9_8_distilled__linear__slot_2,intphys2__ltx__ltx_2b_0_9_8_distilled__linear__slot_2__seed_102,pending,,"[""seed=102"",""split.seed=42"",""backbone.name=ltx_video"",""+backbone.kwargs.variant=ltx_2b_0_9_8_distilled"",""probe.name=linear"",""probe.layer=2"",""probe.layers=[]"",""probe.feature_view=pooled"",""probe.device=cpu"",""probe.lr=0.00013292918943162159"",""probe.weight_decay=0.0050615768887523043"",""probe.batch_size=32"",""probe.eval_batch_size=1024"",""probe.epochs=2000"",""probe.early_stopping.enabled=false"",""probe.early_stopping.patience=5"",""probe.optuna.enabled=false"",""probe.output_dir=artifacts/probes/intphys2"",""probe.output_subdir=seed_runs_intphys2_ltx2b_linear_mlp/intphys2__ltx__ltx_2b_0_9_8_distilled__linear__slot_2/seed_102"",""probe.eval_output_dir=artifacts/results/intphys2"",""probe.eval_output_subdir=seed_runs_intphys2_ltx2b_linear_mlp/intphys2__ltx__ltx_2b_0_9_8_distilled__linear__slot_2/seed_102"",""probe.wandb.group=seed_runs_intphys2_ltx2b_linear_mlp_intphys2__ltx__ltx_2b_0_9_8_distilled__linear__slot_2"",""probe.wandb.name=intphys2__ltx__ltx_2b_0_9_8_distilled__linear__slot_2__seed_102""]",results/verified_layerwise_probe_configs.csv,166,168,2fa4399cfa28fcac,VERIFIED_FULL,"{""batch_size"":32,""depth_layer_id"":14,""early_stopping"":{""enabled"":false,""patience"":5},""epochs"":2000,""eval_batch_size"":1024,""feature_view"":""pooled"",""layer"":2,""lr"":0.0001329291894316216,""slot"":2,""weight_decay"":0.005061576888752304}",different_backbone_ablation/ltx_2b/intphys2/linear/intphys2_probe_linear_ltx_video_ltxv_2b_0_9_8_distilled_20260602T175813Z/layer_noise_1.0_block_14/train/optuna_summary.json
intphys2__ltx__ltx_2b_0_9_8_distilled__linear__slot_6__seed_101,intphys2__ltx__ltx_2b_0_9_8_distilled__linear__slot_6,train_eval.probe.intphys2,IntPhys2,intphys2,ltx,LTX-Video,LTX-2B,Linear,linear,101,42,ltx_video,ltx_2b_0_9_8_distilled,6,6,noise_0.9_block_14,pooled,8.2005184022458281e-05,3.8550736900261789e-08,32,1024,50,false,5,,,,,,,cpu,artifacts/probes/intphys2,seed_runs_intphys2_ltx2b_linear_mlp/intphys2__ltx__ltx_2b_0_9_8_distilled__linear__slot_6/seed_101,artifacts/results/intphys2,seed_runs_intphys2_ltx2b_linear_mlp/intphys2__ltx__ltx_2b_0_9_8_distilled__linear__slot_6/seed_101,seed_runs_intphys2_ltx2b_linear_mlp_intphys2__ltx__ltx_2b_0_9_8_distilled__linear__slot_6,intphys2__ltx__ltx_2b_0_9_8_distilled__linear__slot_6__seed_101,pending,,"[""seed=101"",""split.seed=42"",""backbone.name=ltx_video"",""+backbone.kwargs.variant=ltx_2b_0_9_8_distilled"",""probe.name=linear"",""probe.layer=6"",""probe.layers=[]"",""probe.feature_view=pooled"",""probe.device=cpu"",""probe.lr=8.2005184022458281e-05"",""probe.weight_decay=3.8550736900261789e-08"",""probe.batch_size=32"",""probe.eval_batch_size=1024"",""probe.epochs=50"",""probe.early_stopping.enabled=false"",""probe.early_stopping.patience=5"",""probe.optuna.enabled=false"",""probe.output_dir=artifacts/probes/intphys2"",""probe.output_subdir=seed_runs_intphys2_ltx2b_linear_mlp/intphys2__ltx__ltx_2b_0_9_8_distilled__linear__slot_6/seed_101"",""probe.eval_output_dir=artifacts/results/intphys2"",""probe.eval_output_subdir=seed_runs_intphys2_ltx2b_linear_mlp/intphys2__ltx__ltx_2b_0_9_8_distilled__linear__slot_6/seed_101"",""probe.wandb.group=seed_runs_intphys2_ltx2b_linear_mlp_intphys2__ltx__ltx_2b_0_9_8_distilled__linear__slot_6"",""probe.wandb.name=intphys2__ltx__ltx_2b_0_9_8_distilled__linear__slot_6__seed_101""]",results/verified_layerwise_probe_configs.csv,167,169,8957e0e905833f71,VERIFIED_FULL,"{""batch_size"":32,""depth_layer_id"":14,""early_stopping"":{""enabled"":false,""patience"":5},""epochs"":50,""eval_batch_size"":1024,""feature_view"":""pooled"",""layer"":6,""lr"":8.200518402245828e-05,""slot"":6,""weight_decay"":3.855073690026179e-08}",different_backbone_ablation/ltx_2b/intphys2/linear/intphys2_probe_linear_ltx_video_ltxv_2b_0_9_8_distilled_20260602T175813Z/layer_noise_0.9_block_14/train/optuna_summary.json
intphys2__ltx__ltx_2b_0_9_8_distilled__linear__slot_6__seed_102,intphys2__ltx__ltx_2b_0_9_8_distilled__linear__slot_6,train_eval.probe.intphys2,IntPhys2,intphys2,ltx,LTX-Video,LTX-2B,Linear,linear,102,42,ltx_video,ltx_2b_0_9_8_distilled,6,6,noise_0.9_block_14,pooled,8.2005184022458281e-05,3.8550736900261789e-08,32,1024,50,false,5,,,,,,,cpu,artifacts/probes/intphys2,seed_runs_intphys2_ltx2b_linear_mlp/intphys2__ltx__ltx_2b_0_9_8_distilled__linear__slot_6/seed_102,artifacts/results/intphys2,seed_runs_intphys2_ltx2b_linear_mlp/intphys2__ltx__ltx_2b_0_9_8_distilled__linear__slot_6/seed_102,seed_runs_intphys2_ltx2b_linear_mlp_intphys2__ltx__ltx_2b_0_9_8_distilled__linear__slot_6,intphys2__ltx__ltx_2b_0_9_8_distilled__linear__slot_6__seed_102,pending,,"[""seed=102"",""split.seed=42"",""backbone.name=ltx_video"",""+backbone.kwargs.variant=ltx_2b_0_9_8_distilled"",""probe.name=linear"",""probe.layer=6"",""probe.layers=[]"",""probe.feature_view=pooled"",""probe.device=cpu"",""probe.lr=8.2005184022458281e-05"",""probe.weight_decay=3.8550736900261789e-08"",""probe.batch_size=32"",""probe.eval_batch_size=1024"",""probe.epochs=50"",""probe.early_stopping.enabled=false"",""probe.early_stopping.patience=5"",""probe.optuna.enabled=false"",""probe.output_dir=artifacts/probes/intphys2"",""probe.output_subdir=seed_runs_intphys2_ltx2b_linear_mlp/intphys2__ltx__ltx_2b_0_9_8_distilled__linear__slot_6/seed_102"",""probe.eval_output_dir=artifacts/results/intphys2"",""probe.eval_output_subdir=seed_runs_intphys2_ltx2b_linear_mlp/intphys2__ltx__ltx_2b_0_9_8_distilled__linear__slot_6/seed_102"",""probe.wandb.group=seed_runs_intphys2_ltx2b_linear_mlp_intphys2__ltx__ltx_2b_0_9_8_distilled__linear__slot_6"",""probe.wandb.name=intphys2__ltx__ltx_2b_0_9_8_distilled__linear__slot_6__seed_102""]",results/verified_layerwise_probe_configs.csv,167,169,8957e0e905833f71,VERIFIED_FULL,"{""batch_size"":32,""depth_layer_id"":14,""early_stopping"":{""enabled"":false,""patience"":5},""epochs"":50,""eval_batch_size"":1024,""feature_view"":""pooled"",""layer"":6,""lr"":8.200518402245828e-05,""slot"":6,""weight_decay"":3.855073690026179e-08}",different_backbone_ablation/ltx_2b/intphys2/linear/intphys2_probe_linear_ltx_video_ltxv_2b_0_9_8_distilled_20260602T175813Z/layer_noise_0.9_block_14/train/optuna_summary.json
intphys2__ltx__ltx_2b_0_9_8_distilled__linear__slot_10__seed_101,intphys2__ltx__ltx_2b_0_9_8_distilled__linear__slot_10,train_eval.probe.intphys2,IntPhys2,intphys2,ltx,LTX-Video,LTX-2B,Linear,linear,101,42,ltx_video,ltx_2b_0_9_8_distilled,10,10,noise_0.8_block_14,pooled,3.7775897220197155e-05,1.7524045089605142e-05,128,1024,50,false,5,,,,,,,cpu,artifacts/probes/intphys2,seed_runs_intphys2_ltx2b_linear_mlp/intphys2__ltx__ltx_2b_0_9_8_distilled__linear__slot_10/seed_101,artifacts/results/intphys2,seed_runs_intphys2_ltx2b_linear_mlp/intphys2__ltx__ltx_2b_0_9_8_distilled__linear__slot_10/seed_101,seed_runs_intphys2_ltx2b_linear_mlp_intphys2__ltx__ltx_2b_0_9_8_distilled__linear__slot_10,intphys2__ltx__ltx_2b_0_9_8_distilled__linear__slot_10__seed_101,pending,,"[""seed=101"",""split.seed=42"",""backbone.name=ltx_video"",""+backbone.kwargs.variant=ltx_2b_0_9_8_distilled"",""probe.name=linear"",""probe.layer=10"",""probe.layers=[]"",""probe.feature_view=pooled"",""probe.device=cpu"",""probe.lr=3.7775897220197155e-05"",""probe.weight_decay=1.7524045089605142e-05"",""probe.batch_size=128"",""probe.eval_batch_size=1024"",""probe.epochs=50"",""probe.early_stopping.enabled=false"",""probe.early_stopping.patience=5"",""probe.optuna.enabled=false"",""probe.output_dir=artifacts/probes/intphys2"",""probe.output_subdir=seed_runs_intphys2_ltx2b_linear_mlp/intphys2__ltx__ltx_2b_0_9_8_distilled__linear__slot_10/seed_101"",""probe.eval_output_dir=artifacts/results/intphys2"",""probe.eval_output_subdir=seed_runs_intphys2_ltx2b_linear_mlp/intphys2__ltx__ltx_2b_0_9_8_distilled__linear__slot_10/seed_101"",""probe.wandb.group=seed_runs_intphys2_ltx2b_linear_mlp_intphys2__ltx__ltx_2b_0_9_8_distilled__linear__slot_10"",""probe.wandb.name=intphys2__ltx__ltx_2b_0_9_8_distilled__linear__slot_10__seed_101""]",results/verified_layerwise_probe_configs.csv,168,170,892bbb2cdc36da49,VERIFIED_FULL,"{""batch_size"":128,""depth_layer_id"":14,""early_stopping"":{""enabled"":false,""patience"":5},""epochs"":50,""eval_batch_size"":1024,""feature_view"":""pooled"",""layer"":10,""lr"":3.7775897220197155e-05,""slot"":10,""weight_decay"":1.7524045089605142e-05}",different_backbone_ablation/ltx_2b/intphys2/linear/intphys2_probe_linear_ltx_video_ltxv_2b_0_9_8_distilled_20260602T175813Z/layer_noise_0.8_block_14/train/optuna_summary.json
intphys2__ltx__ltx_2b_0_9_8_distilled__linear__slot_10__seed_102,intphys2__ltx__ltx_2b_0_9_8_distilled__linear__slot_10,train_eval.probe.intphys2,IntPhys2,intphys2,ltx,LTX-Video,LTX-2B,Linear,linear,102,42,ltx_video,ltx_2b_0_9_8_distilled,10,10,noise_0.8_block_14,pooled,3.7775897220197155e-05,1.7524045089605142e-05,128,1024,50,false,5,,,,,,,cpu,artifacts/probes/intphys2,seed_runs_intphys2_ltx2b_linear_mlp/intphys2__ltx__ltx_2b_0_9_8_distilled__linear__slot_10/seed_102,artifacts/results/intphys2,seed_runs_intphys2_ltx2b_linear_mlp/intphys2__ltx__ltx_2b_0_9_8_distilled__linear__slot_10/seed_102,seed_runs_intphys2_ltx2b_linear_mlp_intphys2__ltx__ltx_2b_0_9_8_distilled__linear__slot_10,intphys2__ltx__ltx_2b_0_9_8_distilled__linear__slot_10__seed_102,pending,,"[""seed=102"",""split.seed=42"",""backbone.name=ltx_video"",""+backbone.kwargs.variant=ltx_2b_0_9_8_distilled"",""probe.name=linear"",""probe.layer=10"",""probe.layers=[]"",""probe.feature_view=pooled"",""probe.device=cpu"",""probe.lr=3.7775897220197155e-05"",""probe.weight_decay=1.7524045089605142e-05"",""probe.batch_size=128"",""probe.eval_batch_size=1024"",""probe.epochs=50"",""probe.early_stopping.enabled=false"",""probe.early_stopping.patience=5"",""probe.optuna.enabled=false"",""probe.output_dir=artifacts/probes/intphys2"",""probe.output_subdir=seed_runs_intphys2_ltx2b_linear_mlp/intphys2__ltx__ltx_2b_0_9_8_distilled__linear__slot_10/seed_102"",""probe.eval_output_dir=artifacts/results/intphys2"",""probe.eval_output_subdir=seed_runs_intphys2_ltx2b_linear_mlp/intphys2__ltx__ltx_2b_0_9_8_distilled__linear__slot_10/seed_102"",""probe.wandb.group=seed_runs_intphys2_ltx2b_linear_mlp_intphys2__ltx__ltx_2b_0_9_8_distilled__linear__slot_10"",""probe.wandb.name=intphys2__ltx__ltx_2b_0_9_8_distilled__linear__slot_10__seed_102""]",results/verified_layerwise_probe_configs.csv,168,170,892bbb2cdc36da49,VERIFIED_FULL,"{""batch_size"":128,""depth_layer_id"":14,""early_stopping"":{""enabled"":false,""patience"":5},""epochs"":50,""eval_batch_size"":1024,""feature_view"":""pooled"",""layer"":10,""lr"":3.7775897220197155e-05,""slot"":10,""weight_decay"":1.7524045089605142e-05}",different_backbone_ablation/ltx_2b/intphys2/linear/intphys2_probe_linear_ltx_video_ltxv_2b_0_9_8_distilled_20260602T175813Z/layer_noise_0.8_block_14/train/optuna_summary.json
intphys2__ltx__ltx_2b_0_9_8_distilled__linear__slot_14__seed_101,intphys2__ltx__ltx_2b_0_9_8_distilled__linear__slot_14,train_eval.probe.intphys2,IntPhys2,intphys2,ltx,LTX-Video,LTX-2B,Linear,linear,101,42,ltx_video,ltx_2b_0_9_8_distilled,14,14,noise_0.7_block_14,pooled,0.0067331317028666111,2.1525409933729087e-05,32,1024,500,false,5,,,,,,,cpu,artifacts/probes/intphys2,seed_runs_intphys2_ltx2b_linear_mlp/intphys2__ltx__ltx_2b_0_9_8_distilled__linear__slot_14/seed_101,artifacts/results/intphys2,seed_runs_intphys2_ltx2b_linear_mlp/intphys2__ltx__ltx_2b_0_9_8_distilled__linear__slot_14/seed_101,seed_runs_intphys2_ltx2b_linear_mlp_intphys2__ltx__ltx_2b_0_9_8_distilled__linear__slot_14,intphys2__ltx__ltx_2b_0_9_8_distilled__linear__slot_14__seed_101,pending,,"[""seed=101"",""split.seed=42"",""backbone.name=ltx_video"",""+backbone.kwargs.variant=ltx_2b_0_9_8_distilled"",""probe.name=linear"",""probe.layer=14"",""probe.layers=[]"",""probe.feature_view=pooled"",""probe.device=cpu"",""probe.lr=0.0067331317028666111"",""probe.weight_decay=2.1525409933729087e-05"",""probe.batch_size=32"",""probe.eval_batch_size=1024"",""probe.epochs=500"",""probe.early_stopping.enabled=false"",""probe.early_stopping.patience=5"",""probe.optuna.enabled=false"",""probe.output_dir=artifacts/probes/intphys2"",""probe.output_subdir=seed_runs_intphys2_ltx2b_linear_mlp/intphys2__ltx__ltx_2b_0_9_8_distilled__linear__slot_14/seed_101"",""probe.eval_output_dir=artifacts/results/intphys2"",""probe.eval_output_subdir=seed_runs_intphys2_ltx2b_linear_mlp/intphys2__ltx__ltx_2b_0_9_8_distilled__linear__slot_14/seed_101"",""probe.wandb.group=seed_runs_intphys2_ltx2b_linear_mlp_intphys2__ltx__ltx_2b_0_9_8_distilled__linear__slot_14"",""probe.wandb.name=intphys2__ltx__ltx_2b_0_9_8_distilled__linear__slot_14__seed_101""]",results/verified_layerwise_probe_configs.csv,169,171,26cd8c4d5ccfe510,VERIFIED_FULL,"{""batch_size"":32,""depth_layer_id"":14,""early_stopping"":{""enabled"":false,""patience"":5},""epochs"":500,""eval_batch_size"":1024,""feature_view"":""pooled"",""layer"":14,""lr"":0.006733131702866611,""slot"":14,""weight_decay"":2.1525409933729087e-05}",different_backbone_ablation/ltx_2b/intphys2/linear/intphys2_probe_linear_ltx_video_ltxv_2b_0_9_8_distilled_20260602T175813Z/layer_noise_0.7_block_14/train/optuna_summary.json
intphys2__ltx__ltx_2b_0_9_8_distilled__linear__slot_14__seed_102,intphys2__ltx__ltx_2b_0_9_8_distilled__linear__slot_14,train_eval.probe.intphys2,IntPhys2,intphys2,ltx,LTX-Video,LTX-2B,Linear,linear,102,42,ltx_video,ltx_2b_0_9_8_distilled,14,14,noise_0.7_block_14,pooled,0.0067331317028666111,2.1525409933729087e-05,32,1024,500,false,5,,,,,,,cpu,artifacts/probes/intphys2,seed_runs_intphys2_ltx2b_linear_mlp/intphys2__ltx__ltx_2b_0_9_8_distilled__linear__slot_14/seed_102,artifacts/results/intphys2,seed_runs_intphys2_ltx2b_linear_mlp/intphys2__ltx__ltx_2b_0_9_8_distilled__linear__slot_14/seed_102,seed_runs_intphys2_ltx2b_linear_mlp_intphys2__ltx__ltx_2b_0_9_8_distilled__linear__slot_14,intphys2__ltx__ltx_2b_0_9_8_distilled__linear__slot_14__seed_102,pending,,"[""seed=102"",""split.seed=42"",""backbone.name=ltx_video"",""+backbone.kwargs.variant=ltx_2b_0_9_8_distilled"",""probe.name=linear"",""probe.layer=14"",""probe.layers=[]"",""probe.feature_view=pooled"",""probe.device=cpu"",""probe.lr=0.0067331317028666111"",""probe.weight_decay=2.1525409933729087e-05"",""probe.batch_size=32"",""probe.eval_batch_size=1024"",""probe.epochs=500"",""probe.early_stopping.enabled=false"",""probe.early_stopping.patience=5"",""probe.optuna.enabled=false"",""probe.output_dir=artifacts/probes/intphys2"",""probe.output_subdir=seed_runs_intphys2_ltx2b_linear_mlp/intphys2__ltx__ltx_2b_0_9_8_distilled__linear__slot_14/seed_102"",""probe.eval_output_dir=artifacts/results/intphys2"",""probe.eval_output_subdir=seed_runs_intphys2_ltx2b_linear_mlp/intphys2__ltx__ltx_2b_0_9_8_distilled__linear__slot_14/seed_102"",""probe.wandb.group=seed_runs_intphys2_ltx2b_linear_mlp_intphys2__ltx__ltx_2b_0_9_8_distilled__linear__slot_14"",""probe.wandb.name=intphys2__ltx__ltx_2b_0_9_8_distilled__linear__slot_14__seed_102""]",results/verified_layerwise_probe_configs.csv,169,171,26cd8c4d5ccfe510,VERIFIED_FULL,"{""batch_size"":32,""depth_layer_id"":14,""early_stopping"":{""enabled"":false,""patience"":5},""epochs"":500,""eval_batch_size"":1024,""feature_view"":""pooled"",""layer"":14,""lr"":0.006733131702866611,""slot"":14,""weight_decay"":2.1525409933729087e-05}",different_backbone_ablation/ltx_2b/intphys2/linear/intphys2_probe_linear_ltx_video_ltxv_2b_0_9_8_distilled_20260602T175813Z/layer_noise_0.7_block_14/train/optuna_summary.json
intphys2__ltx__ltx_2b_0_9_8_distilled__linear__slot_18__seed_101,intphys2__ltx__ltx_2b_0_9_8_distilled__linear__slot_18,train_eval.probe.intphys2,IntPhys2,intphys2,ltx,LTX-Video,LTX-2B,Linear,linear,101,42,ltx_video,ltx_2b_0_9_8_distilled,18,18,noise_0.6_block_14,pooled,0.00023345864076016249,0.00051410966488057519,128,1024,1000,false,5,,,,,,,cpu,artifacts/probes/intphys2,seed_runs_intphys2_ltx2b_linear_mlp/intphys2__ltx__ltx_2b_0_9_8_distilled__linear__slot_18/seed_101,artifacts/results/intphys2,seed_runs_intphys2_ltx2b_linear_mlp/intphys2__ltx__ltx_2b_0_9_8_distilled__linear__slot_18/seed_101,seed_runs_intphys2_ltx2b_linear_mlp_intphys2__ltx__ltx_2b_0_9_8_distilled__linear__slot_18,intphys2__ltx__ltx_2b_0_9_8_distilled__linear__slot_18__seed_101,pending,,"[""seed=101"",""split.seed=42"",""backbone.name=ltx_video"",""+backbone.kwargs.variant=ltx_2b_0_9_8_distilled"",""probe.name=linear"",""probe.layer=18"",""probe.layers=[]"",""probe.feature_view=pooled"",""probe.device=cpu"",""probe.lr=0.00023345864076016249"",""probe.weight_decay=0.00051410966488057519"",""probe.batch_size=128"",""probe.eval_batch_size=1024"",""probe.epochs=1000"",""probe.early_stopping.enabled=false"",""probe.early_stopping.patience=5"",""probe.optuna.enabled=false"",""probe.output_dir=artifacts/probes/intphys2"",""probe.output_subdir=seed_runs_intphys2_ltx2b_linear_mlp/intphys2__ltx__ltx_2b_0_9_8_distilled__linear__slot_18/seed_101"",""probe.eval_output_dir=artifacts/results/intphys2"",""probe.eval_output_subdir=seed_runs_intphys2_ltx2b_linear_mlp/intphys2__ltx__ltx_2b_0_9_8_distilled__linear__slot_18/seed_101"",""probe.wandb.group=seed_runs_intphys2_ltx2b_linear_mlp_intphys2__ltx__ltx_2b_0_9_8_distilled__linear__slot_18"",""probe.wandb.name=intphys2__ltx__ltx_2b_0_9_8_distilled__linear__slot_18__seed_101""]",results/verified_layerwise_probe_configs.csv,170,172,2c4fc95a90e92b5d,VERIFIED_FULL,"{""batch_size"":128,""depth_layer_id"":14,""early_stopping"":{""enabled"":false,""patience"":5},""epochs"":1000,""eval_batch_size"":1024,""feature_view"":""pooled"",""layer"":18,""lr"":0.00023345864076016249,""slot"":18,""weight_decay"":0.0005141096648805752}",different_backbone_ablation/ltx_2b/intphys2/linear/intphys2_probe_linear_ltx_video_ltxv_2b_0_9_8_distilled_20260602T175813Z/layer_noise_0.6_block_14/train/optuna_summary.json
intphys2__ltx__ltx_2b_0_9_8_distilled__linear__slot_18__seed_102,intphys2__ltx__ltx_2b_0_9_8_distilled__linear__slot_18,train_eval.probe.intphys2,IntPhys2,intphys2,ltx,LTX-Video,LTX-2B,Linear,linear,102,42,ltx_video,ltx_2b_0_9_8_distilled,18,18,noise_0.6_block_14,pooled,0.00023345864076016249,0.00051410966488057519,128,1024,1000,false,5,,,,,,,cpu,artifacts/probes/intphys2,seed_runs_intphys2_ltx2b_linear_mlp/intphys2__ltx__ltx_2b_0_9_8_distilled__linear__slot_18/seed_102,artifacts/results/intphys2,seed_runs_intphys2_ltx2b_linear_mlp/intphys2__ltx__ltx_2b_0_9_8_distilled__linear__slot_18/seed_102,seed_runs_intphys2_ltx2b_linear_mlp_intphys2__ltx__ltx_2b_0_9_8_distilled__linear__slot_18,intphys2__ltx__ltx_2b_0_9_8_distilled__linear__slot_18__seed_102,pending,,"[""seed=102"",""split.seed=42"",""backbone.name=ltx_video"",""+backbone.kwargs.variant=ltx_2b_0_9_8_distilled"",""probe.name=linear"",""probe.layer=18"",""probe.layers=[]"",""probe.feature_view=pooled"",""probe.device=cpu"",""probe.lr=0.00023345864076016249"",""probe.weight_decay=0.00051410966488057519"",""probe.batch_size=128"",""probe.eval_batch_size=1024"",""probe.epochs=1000"",""probe.early_stopping.enabled=false"",""probe.early_stopping.patience=5"",""probe.optuna.enabled=false"",""probe.output_dir=artifacts/probes/intphys2"",""probe.output_subdir=seed_runs_intphys2_ltx2b_linear_mlp/intphys2__ltx__ltx_2b_0_9_8_distilled__linear__slot_18/seed_102"",""probe.eval_output_dir=artifacts/results/intphys2"",""probe.eval_output_subdir=seed_runs_intphys2_ltx2b_linear_mlp/intphys2__ltx__ltx_2b_0_9_8_distilled__linear__slot_18/seed_102"",""probe.wandb.group=seed_runs_intphys2_ltx2b_linear_mlp_intphys2__ltx__ltx_2b_0_9_8_distilled__linear__slot_18"",""probe.wandb.name=intphys2__ltx__ltx_2b_0_9_8_distilled__linear__slot_18__seed_102""]",results/verified_layerwise_probe_configs.csv,170,172,2c4fc95a90e92b5d,VERIFIED_FULL,"{""batch_size"":128,""depth_layer_id"":14,""early_stopping"":{""enabled"":false,""patience"":5},""epochs"":1000,""eval_batch_size"":1024,""feature_view"":""pooled"",""layer"":18,""lr"":0.00023345864076016249,""slot"":18,""weight_decay"":0.0005141096648805752}",different_backbone_ablation/ltx_2b/intphys2/linear/intphys2_probe_linear_ltx_video_ltxv_2b_0_9_8_distilled_20260602T175813Z/layer_noise_0.6_block_14/train/optuna_summary.json
intphys2__ltx__ltx_2b_0_9_8_distilled__linear__slot_22__seed_101,intphys2__ltx__ltx_2b_0_9_8_distilled__linear__slot_22,train_eval.probe.intphys2,IntPhys2,intphys2,ltx,LTX-Video,LTX-2B,Linear,linear,101,42,ltx_video,ltx_2b_0_9_8_distilled,22,22,noise_0.5_block_14,pooled,0.00023345864076016249,0.00051410966488057519,128,1024,1000,false,5,,,,,,,cpu,artifacts/probes/intphys2,seed_runs_intphys2_ltx2b_linear_mlp/intphys2__ltx__ltx_2b_0_9_8_distilled__linear__slot_22/seed_101,artifacts/results/intphys2,seed_runs_intphys2_ltx2b_linear_mlp/intphys2__ltx__ltx_2b_0_9_8_distilled__linear__slot_22/seed_101,seed_runs_intphys2_ltx2b_linear_mlp_intphys2__ltx__ltx_2b_0_9_8_distilled__linear__slot_22,intphys2__ltx__ltx_2b_0_9_8_distilled__linear__slot_22__seed_101,pending,,"[""seed=101"",""split.seed=42"",""backbone.name=ltx_video"",""+backbone.kwargs.variant=ltx_2b_0_9_8_distilled"",""probe.name=linear"",""probe.layer=22"",""probe.layers=[]"",""probe.feature_view=pooled"",""probe.device=cpu"",""probe.lr=0.00023345864076016249"",""probe.weight_decay=0.00051410966488057519"",""probe.batch_size=128"",""probe.eval_batch_size=1024"",""probe.epochs=1000"",""probe.early_stopping.enabled=false"",""probe.early_stopping.patience=5"",""probe.optuna.enabled=false"",""probe.output_dir=artifacts/probes/intphys2"",""probe.output_subdir=seed_runs_intphys2_ltx2b_linear_mlp/intphys2__ltx__ltx_2b_0_9_8_distilled__linear__slot_22/seed_101"",""probe.eval_output_dir=artifacts/results/intphys2"",""probe.eval_output_subdir=seed_runs_intphys2_ltx2b_linear_mlp/intphys2__ltx__ltx_2b_0_9_8_distilled__linear__slot_22/seed_101"",""probe.wandb.group=seed_runs_intphys2_ltx2b_linear_mlp_intphys2__ltx__ltx_2b_0_9_8_distilled__linear__slot_22"",""probe.wandb.name=intphys2__ltx__ltx_2b_0_9_8_distilled__linear__slot_22__seed_101""]",results/verified_layerwise_probe_configs.csv,171,173,a4cbe9a79b67a395,VERIFIED_FULL,"{""batch_size"":128,""depth_layer_id"":14,""early_stopping"":{""enabled"":false,""patience"":5},""epochs"":1000,""eval_batch_size"":1024,""feature_view"":""pooled"",""layer"":22,""lr"":0.00023345864076016249,""slot"":22,""weight_decay"":0.0005141096648805752}",different_backbone_ablation/ltx_2b/intphys2/linear/intphys2_probe_linear_ltx_video_ltxv_2b_0_9_8_distilled_20260602T175813Z/layer_noise_0.5_block_14/train/optuna_summary.json
intphys2__ltx__ltx_2b_0_9_8_distilled__linear__slot_22__seed_102,intphys2__ltx__ltx_2b_0_9_8_distilled__linear__slot_22,train_eval.probe.intphys2,IntPhys2,intphys2,ltx,LTX-Video,LTX-2B,Linear,linear,102,42,ltx_video,ltx_2b_0_9_8_distilled,22,22,noise_0.5_block_14,pooled,0.00023345864076016249,0.00051410966488057519,128,1024,1000,false,5,,,,,,,cpu,artifacts/probes/intphys2,seed_runs_intphys2_ltx2b_linear_mlp/intphys2__ltx__ltx_2b_0_9_8_distilled__linear__slot_22/seed_102,artifacts/results/intphys2,seed_runs_intphys2_ltx2b_linear_mlp/intphys2__ltx__ltx_2b_0_9_8_distilled__linear__slot_22/seed_102,seed_runs_intphys2_ltx2b_linear_mlp_intphys2__ltx__ltx_2b_0_9_8_distilled__linear__slot_22,intphys2__ltx__ltx_2b_0_9_8_distilled__linear__slot_22__seed_102,pending,,"[""seed=102"",""split.seed=42"",""backbone.name=ltx_video"",""+backbone.kwargs.variant=ltx_2b_0_9_8_distilled"",""probe.name=linear"",""probe.layer=22"",""probe.layers=[]"",""probe.feature_view=pooled"",""probe.device=cpu"",""probe.lr=0.00023345864076016249"",""probe.weight_decay=0.00051410966488057519"",""probe.batch_size=128"",""probe.eval_batch_size=1024"",""probe.epochs=1000"",""probe.early_stopping.enabled=false"",""probe.early_stopping.patience=5"",""probe.optuna.enabled=false"",""probe.output_dir=artifacts/probes/intphys2"",""probe.output_subdir=seed_runs_intphys2_ltx2b_linear_mlp/intphys2__ltx__ltx_2b_0_9_8_distilled__linear__slot_22/seed_102"",""probe.eval_output_dir=artifacts/results/intphys2"",""probe.eval_output_subdir=seed_runs_intphys2_ltx2b_linear_mlp/intphys2__ltx__ltx_2b_0_9_8_distilled__linear__slot_22/seed_102"",""probe.wandb.group=seed_runs_intphys2_ltx2b_linear_mlp_intphys2__ltx__ltx_2b_0_9_8_distilled__linear__slot_22"",""probe.wandb.name=intphys2__ltx__ltx_2b_0_9_8_distilled__linear__slot_22__seed_102""]",results/verified_layerwise_probe_configs.csv,171,173,a4cbe9a79b67a395,VERIFIED_FULL,"{""batch_size"":128,""depth_layer_id"":14,""early_stopping"":{""enabled"":false,""patience"":5},""epochs"":1000,""eval_batch_size"":1024,""feature_view"":""pooled"",""layer"":22,""lr"":0.00023345864076016249,""slot"":22,""weight_decay"":0.0005141096648805752}",different_backbone_ablation/ltx_2b/intphys2/linear/intphys2_probe_linear_ltx_video_ltxv_2b_0_9_8_distilled_20260602T175813Z/layer_noise_0.5_block_14/train/optuna_summary.json
intphys2__ltx__ltx_2b_0_9_8_distilled__linear__slot_26__seed_101,intphys2__ltx__ltx_2b_0_9_8_distilled__linear__slot_26,train_eval.probe.intphys2,IntPhys2,intphys2,ltx,LTX-Video,LTX-2B,Linear,linear,101,42,ltx_video,ltx_2b_0_9_8_distilled,26,26,noise_0.4_block_14,pooled,0.00013292918943162159,0.0050615768887523043,32,1024,2000,false,5,,,,,,,cpu,artifacts/probes/intphys2,seed_runs_intphys2_ltx2b_linear_mlp/intphys2__ltx__ltx_2b_0_9_8_distilled__linear__slot_26/seed_101,artifacts/results/intphys2,seed_runs_intphys2_ltx2b_linear_mlp/intphys2__ltx__ltx_2b_0_9_8_distilled__linear__slot_26/seed_101,seed_runs_intphys2_ltx2b_linear_mlp_intphys2__ltx__ltx_2b_0_9_8_distilled__linear__slot_26,intphys2__ltx__ltx_2b_0_9_8_distilled__linear__slot_26__seed_101,pending,,"[""seed=101"",""split.seed=42"",""backbone.name=ltx_video"",""+backbone.kwargs.variant=ltx_2b_0_9_8_distilled"",""probe.name=linear"",""probe.layer=26"",""probe.layers=[]"",""probe.feature_view=pooled"",""probe.device=cpu"",""probe.lr=0.00013292918943162159"",""probe.weight_decay=0.0050615768887523043"",""probe.batch_size=32"",""probe.eval_batch_size=1024"",""probe.epochs=2000"",""probe.early_stopping.enabled=false"",""probe.early_stopping.patience=5"",""probe.optuna.enabled=false"",""probe.output_dir=artifacts/probes/intphys2"",""probe.output_subdir=seed_runs_intphys2_ltx2b_linear_mlp/intphys2__ltx__ltx_2b_0_9_8_distilled__linear__slot_26/seed_101"",""probe.eval_output_dir=artifacts/results/intphys2"",""probe.eval_output_subdir=seed_runs_intphys2_ltx2b_linear_mlp/intphys2__ltx__ltx_2b_0_9_8_distilled__linear__slot_26/seed_101"",""probe.wandb.group=seed_runs_intphys2_ltx2b_linear_mlp_intphys2__ltx__ltx_2b_0_9_8_distilled__linear__slot_26"",""probe.wandb.name=intphys2__ltx__ltx_2b_0_9_8_distilled__linear__slot_26__seed_101""]",results/verified_layerwise_probe_configs.csv,172,174,4956c8d8390238ae,VERIFIED_FULL,"{""batch_size"":32,""depth_layer_id"":14,""early_stopping"":{""enabled"":false,""patience"":5},""epochs"":2000,""eval_batch_size"":1024,""feature_view"":""pooled"",""layer"":26,""lr"":0.0001329291894316216,""slot"":26,""weight_decay"":0.005061576888752304}",different_backbone_ablation/ltx_2b/intphys2/linear/intphys2_probe_linear_ltx_video_ltxv_2b_0_9_8_distilled_20260602T175813Z/layer_noise_0.4_block_14/train/optuna_summary.json
intphys2__ltx__ltx_2b_0_9_8_distilled__linear__slot_26__seed_102,intphys2__ltx__ltx_2b_0_9_8_distilled__linear__slot_26,train_eval.probe.intphys2,IntPhys2,intphys2,ltx,LTX-Video,LTX-2B,Linear,linear,102,42,ltx_video,ltx_2b_0_9_8_distilled,26,26,noise_0.4_block_14,pooled,0.00013292918943162159,0.0050615768887523043,32,1024,2000,false,5,,,,,,,cpu,artifacts/probes/intphys2,seed_runs_intphys2_ltx2b_linear_mlp/intphys2__ltx__ltx_2b_0_9_8_distilled__linear__slot_26/seed_102,artifacts/results/intphys2,seed_runs_intphys2_ltx2b_linear_mlp/intphys2__ltx__ltx_2b_0_9_8_distilled__linear__slot_26/seed_102,seed_runs_intphys2_ltx2b_linear_mlp_intphys2__ltx__ltx_2b_0_9_8_distilled__linear__slot_26,intphys2__ltx__ltx_2b_0_9_8_distilled__linear__slot_26__seed_102,pending,,"[""seed=102"",""split.seed=42"",""backbone.name=ltx_video"",""+backbone.kwargs.variant=ltx_2b_0_9_8_distilled"",""probe.name=linear"",""probe.layer=26"",""probe.layers=[]"",""probe.feature_view=pooled"",""probe.device=cpu"",""probe.lr=0.00013292918943162159"",""probe.weight_decay=0.0050615768887523043"",""probe.batch_size=32"",""probe.eval_batch_size=1024"",""probe.epochs=2000"",""probe.early_stopping.enabled=false"",""probe.early_stopping.patience=5"",""probe.optuna.enabled=false"",""probe.output_dir=artifacts/probes/intphys2"",""probe.output_subdir=seed_runs_intphys2_ltx2b_linear_mlp/intphys2__ltx__ltx_2b_0_9_8_distilled__linear__slot_26/seed_102"",""probe.eval_output_dir=artifacts/results/intphys2"",""probe.eval_output_subdir=seed_runs_intphys2_ltx2b_linear_mlp/intphys2__ltx__ltx_2b_0_9_8_distilled__linear__slot_26/seed_102"",""probe.wandb.group=seed_runs_intphys2_ltx2b_linear_mlp_intphys2__ltx__ltx_2b_0_9_8_distilled__linear__slot_26"",""probe.wandb.name=intphys2__ltx__ltx_2b_0_9_8_distilled__linear__slot_26__seed_102""]",results/verified_layerwise_probe_configs.csv,172,174,4956c8d8390238ae,VERIFIED_FULL,"{""batch_size"":32,""depth_layer_id"":14,""early_stopping"":{""enabled"":false,""patience"":5},""epochs"":2000,""eval_batch_size"":1024,""feature_view"":""pooled"",""layer"":26,""lr"":0.0001329291894316216,""slot"":26,""weight_decay"":0.005061576888752304}",different_backbone_ablation/ltx_2b/intphys2/linear/intphys2_probe_linear_ltx_video_ltxv_2b_0_9_8_distilled_20260602T175813Z/layer_noise_0.4_block_14/train/optuna_summary.json
intphys2__ltx__ltx_2b_0_9_8_distilled__linear__slot_30__seed_101,intphys2__ltx__ltx_2b_0_9_8_distilled__linear__slot_30,train_eval.probe.intphys2,IntPhys2,intphys2,ltx,LTX-Video,LTX-2B,Linear,linear,101,42,ltx_video,ltx_2b_0_9_8_distilled,30,30,noise_0.3_block_14,pooled,0.0040127122414323601,3.1849170502899932e-05,64,1024,2000,false,5,,,,,,,cpu,artifacts/probes/intphys2,seed_runs_intphys2_ltx2b_linear_mlp/intphys2__ltx__ltx_2b_0_9_8_distilled__linear__slot_30/seed_101,artifacts/results/intphys2,seed_runs_intphys2_ltx2b_linear_mlp/intphys2__ltx__ltx_2b_0_9_8_distilled__linear__slot_30/seed_101,seed_runs_intphys2_ltx2b_linear_mlp_intphys2__ltx__ltx_2b_0_9_8_distilled__linear__slot_30,intphys2__ltx__ltx_2b_0_9_8_distilled__linear__slot_30__seed_101,pending,,"[""seed=101"",""split.seed=42"",""backbone.name=ltx_video"",""+backbone.kwargs.variant=ltx_2b_0_9_8_distilled"",""probe.name=linear"",""probe.layer=30"",""probe.layers=[]"",""probe.feature_view=pooled"",""probe.device=cpu"",""probe.lr=0.0040127122414323601"",""probe.weight_decay=3.1849170502899932e-05"",""probe.batch_size=64"",""probe.eval_batch_size=1024"",""probe.epochs=2000"",""probe.early_stopping.enabled=false"",""probe.early_stopping.patience=5"",""probe.optuna.enabled=false"",""probe.output_dir=artifacts/probes/intphys2"",""probe.output_subdir=seed_runs_intphys2_ltx2b_linear_mlp/intphys2__ltx__ltx_2b_0_9_8_distilled__linear__slot_30/seed_101"",""probe.eval_output_dir=artifacts/results/intphys2"",""probe.eval_output_subdir=seed_runs_intphys2_ltx2b_linear_mlp/intphys2__ltx__ltx_2b_0_9_8_distilled__linear__slot_30/seed_101"",""probe.wandb.group=seed_runs_intphys2_ltx2b_linear_mlp_intphys2__ltx__ltx_2b_0_9_8_distilled__linear__slot_30"",""probe.wandb.name=intphys2__ltx__ltx_2b_0_9_8_distilled__linear__slot_30__seed_101""]",results/verified_layerwise_probe_configs.csv,173,175,c2ed5e76c3488719,VERIFIED_FULL,"{""batch_size"":64,""depth_layer_id"":14,""early_stopping"":{""enabled"":false,""patience"":5},""epochs"":2000,""eval_batch_size"":1024,""feature_view"":""pooled"",""layer"":30,""lr"":0.00401271224143236,""slot"":30,""weight_decay"":3.184917050289993e-05}",different_backbone_ablation/ltx_2b/intphys2/linear/intphys2_probe_linear_ltx_video_ltxv_2b_0_9_8_distilled_20260602T175813Z/layer_noise_0.3_block_14/train/optuna_summary.json
intphys2__ltx__ltx_2b_0_9_8_distilled__linear__slot_30__seed_102,intphys2__ltx__ltx_2b_0_9_8_distilled__linear__slot_30,train_eval.probe.intphys2,IntPhys2,intphys2,ltx,LTX-Video,LTX-2B,Linear,linear,102,42,ltx_video,ltx_2b_0_9_8_distilled,30,30,noise_0.3_block_14,pooled,0.0040127122414323601,3.1849170502899932e-05,64,1024,2000,false,5,,,,,,,cpu,artifacts/probes/intphys2,seed_runs_intphys2_ltx2b_linear_mlp/intphys2__ltx__ltx_2b_0_9_8_distilled__linear__slot_30/seed_102,artifacts/results/intphys2,seed_runs_intphys2_ltx2b_linear_mlp/intphys2__ltx__ltx_2b_0_9_8_distilled__linear__slot_30/seed_102,seed_runs_intphys2_ltx2b_linear_mlp_intphys2__ltx__ltx_2b_0_9_8_distilled__linear__slot_30,intphys2__ltx__ltx_2b_0_9_8_distilled__linear__slot_30__seed_102,pending,,"[""seed=102"",""split.seed=42"",""backbone.name=ltx_video"",""+backbone.kwargs.variant=ltx_2b_0_9_8_distilled"",""probe.name=linear"",""probe.layer=30"",""probe.layers=[]"",""probe.feature_view=pooled"",""probe.device=cpu"",""probe.lr=0.0040127122414323601"",""probe.weight_decay=3.1849170502899932e-05"",""probe.batch_size=64"",""probe.eval_batch_size=1024"",""probe.epochs=2000"",""probe.early_stopping.enabled=false"",""probe.early_stopping.patience=5"",""probe.optuna.enabled=false"",""probe.output_dir=artifacts/probes/intphys2"",""probe.output_subdir=seed_runs_intphys2_ltx2b_linear_mlp/intphys2__ltx__ltx_2b_0_9_8_distilled__linear__slot_30/seed_102"",""probe.eval_output_dir=artifacts/results/intphys2"",""probe.eval_output_subdir=seed_runs_intphys2_ltx2b_linear_mlp/intphys2__ltx__ltx_2b_0_9_8_distilled__linear__slot_30/seed_102"",""probe.wandb.group=seed_runs_intphys2_ltx2b_linear_mlp_intphys2__ltx__ltx_2b_0_9_8_distilled__linear__slot_30"",""probe.wandb.name=intphys2__ltx__ltx_2b_0_9_8_distilled__linear__slot_30__seed_102""]",results/verified_layerwise_probe_configs.csv,173,175,c2ed5e76c3488719,VERIFIED_FULL,"{""batch_size"":64,""depth_layer_id"":14,""early_stopping"":{""enabled"":false,""patience"":5},""epochs"":2000,""eval_batch_size"":1024,""feature_view"":""pooled"",""layer"":30,""lr"":0.00401271224143236,""slot"":30,""weight_decay"":3.184917050289993e-05}",different_backbone_ablation/ltx_2b/intphys2/linear/intphys2_probe_linear_ltx_video_ltxv_2b_0_9_8_distilled_20260602T175813Z/layer_noise_0.3_block_14/train/optuna_summary.json
intphys2__ltx__ltx_2b_0_9_8_distilled__linear__slot_34__seed_101,intphys2__ltx__ltx_2b_0_9_8_distilled__linear__slot_34,train_eval.probe.intphys2,IntPhys2,intphys2,ltx,LTX-Video,LTX-2B,Linear,linear,101,42,ltx_video,ltx_2b_0_9_8_distilled,34,34,noise_0.2_block_14,pooled,0.0021464035477145849,0.0039552323360892176,64,1024,2000,false,5,,,,,,,cpu,artifacts/probes/intphys2,seed_runs_intphys2_ltx2b_linear_mlp/intphys2__ltx__ltx_2b_0_9_8_distilled__linear__slot_34/seed_101,artifacts/results/intphys2,seed_runs_intphys2_ltx2b_linear_mlp/intphys2__ltx__ltx_2b_0_9_8_distilled__linear__slot_34/seed_101,seed_runs_intphys2_ltx2b_linear_mlp_intphys2__ltx__ltx_2b_0_9_8_distilled__linear__slot_34,intphys2__ltx__ltx_2b_0_9_8_distilled__linear__slot_34__seed_101,pending,,"[""seed=101"",""split.seed=42"",""backbone.name=ltx_video"",""+backbone.kwargs.variant=ltx_2b_0_9_8_distilled"",""probe.name=linear"",""probe.layer=34"",""probe.layers=[]"",""probe.feature_view=pooled"",""probe.device=cpu"",""probe.lr=0.0021464035477145849"",""probe.weight_decay=0.0039552323360892176"",""probe.batch_size=64"",""probe.eval_batch_size=1024"",""probe.epochs=2000"",""probe.early_stopping.enabled=false"",""probe.early_stopping.patience=5"",""probe.optuna.enabled=false"",""probe.output_dir=artifacts/probes/intphys2"",""probe.output_subdir=seed_runs_intphys2_ltx2b_linear_mlp/intphys2__ltx__ltx_2b_0_9_8_distilled__linear__slot_34/seed_101"",""probe.eval_output_dir=artifacts/results/intphys2"",""probe.eval_output_subdir=seed_runs_intphys2_ltx2b_linear_mlp/intphys2__ltx__ltx_2b_0_9_8_distilled__linear__slot_34/seed_101"",""probe.wandb.group=seed_runs_intphys2_ltx2b_linear_mlp_intphys2__ltx__ltx_2b_0_9_8_distilled__linear__slot_34"",""probe.wandb.name=intphys2__ltx__ltx_2b_0_9_8_distilled__linear__slot_34__seed_101""]",results/verified_layerwise_probe_configs.csv,174,176,32e12a9d70050add,VERIFIED_FULL,"{""batch_size"":64,""depth_layer_id"":14,""early_stopping"":{""enabled"":false,""patience"":5},""epochs"":2000,""eval_batch_size"":1024,""feature_view"":""pooled"",""layer"":34,""lr"":0.002146403547714585,""slot"":34,""weight_decay"":0.003955232336089218}",different_backbone_ablation/ltx_2b/intphys2/linear/intphys2_probe_linear_ltx_video_ltxv_2b_0_9_8_distilled_20260602T175813Z/layer_noise_0.2_block_14/train/optuna_summary.json
intphys2__ltx__ltx_2b_0_9_8_distilled__linear__slot_34__seed_102,intphys2__ltx__ltx_2b_0_9_8_distilled__linear__slot_34,train_eval.probe.intphys2,IntPhys2,intphys2,ltx,LTX-Video,LTX-2B,Linear,linear,102,42,ltx_video,ltx_2b_0_9_8_distilled,34,34,noise_0.2_block_14,pooled,0.0021464035477145849,0.0039552323360892176,64,1024,2000,false,5,,,,,,,cpu,artifacts/probes/intphys2,seed_runs_intphys2_ltx2b_linear_mlp/intphys2__ltx__ltx_2b_0_9_8_distilled__linear__slot_34/seed_102,artifacts/results/intphys2,seed_runs_intphys2_ltx2b_linear_mlp/intphys2__ltx__ltx_2b_0_9_8_distilled__linear__slot_34/seed_102,seed_runs_intphys2_ltx2b_linear_mlp_intphys2__ltx__ltx_2b_0_9_8_distilled__linear__slot_34,intphys2__ltx__ltx_2b_0_9_8_distilled__linear__slot_34__seed_102,pending,,"[""seed=102"",""split.seed=42"",""backbone.name=ltx_video"",""+backbone.kwargs.variant=ltx_2b_0_9_8_distilled"",""probe.name=linear"",""probe.layer=34"",""probe.layers=[]"",""probe.feature_view=pooled"",""probe.device=cpu"",""probe.lr=0.0021464035477145849"",""probe.weight_decay=0.0039552323360892176"",""probe.batch_size=64"",""probe.eval_batch_size=1024"",""probe.epochs=2000"",""probe.early_stopping.enabled=false"",""probe.early_stopping.patience=5"",""probe.optuna.enabled=false"",""probe.output_dir=artifacts/probes/intphys2"",""probe.output_subdir=seed_runs_intphys2_ltx2b_linear_mlp/intphys2__ltx__ltx_2b_0_9_8_distilled__linear__slot_34/seed_102"",""probe.eval_output_dir=artifacts/results/intphys2"",""probe.eval_output_subdir=seed_runs_intphys2_ltx2b_linear_mlp/intphys2__ltx__ltx_2b_0_9_8_distilled__linear__slot_34/seed_102"",""probe.wandb.group=seed_runs_intphys2_ltx2b_linear_mlp_intphys2__ltx__ltx_2b_0_9_8_distilled__linear__slot_34"",""probe.wandb.name=intphys2__ltx__ltx_2b_0_9_8_distilled__linear__slot_34__seed_102""]",results/verified_layerwise_probe_configs.csv,174,176,32e12a9d70050add,VERIFIED_FULL,"{""batch_size"":64,""depth_layer_id"":14,""early_stopping"":{""enabled"":false,""patience"":5},""epochs"":2000,""eval_batch_size"":1024,""feature_view"":""pooled"",""layer"":34,""lr"":0.002146403547714585,""slot"":34,""weight_decay"":0.003955232336089218}",different_backbone_ablation/ltx_2b/intphys2/linear/intphys2_probe_linear_ltx_video_ltxv_2b_0_9_8_distilled_20260602T175813Z/layer_noise_0.2_block_14/train/optuna_summary.json
intphys2__ltx__ltx_2b_0_9_8_distilled__linear__slot_38__seed_101,intphys2__ltx__ltx_2b_0_9_8_distilled__linear__slot_38,train_eval.probe.intphys2,IntPhys2,intphys2,ltx,LTX-Video,LTX-2B,Linear,linear,101,42,ltx_video,ltx_2b_0_9_8_distilled,38,38,noise_0.1_block_14,pooled,1.0388823104027935e-05,0.00078121139735349242,128,1024,100,false,5,,,,,,,cpu,artifacts/probes/intphys2,seed_runs_intphys2_ltx2b_linear_mlp/intphys2__ltx__ltx_2b_0_9_8_distilled__linear__slot_38/seed_101,artifacts/results/intphys2,seed_runs_intphys2_ltx2b_linear_mlp/intphys2__ltx__ltx_2b_0_9_8_distilled__linear__slot_38/seed_101,seed_runs_intphys2_ltx2b_linear_mlp_intphys2__ltx__ltx_2b_0_9_8_distilled__linear__slot_38,intphys2__ltx__ltx_2b_0_9_8_distilled__linear__slot_38__seed_101,pending,,"[""seed=101"",""split.seed=42"",""backbone.name=ltx_video"",""+backbone.kwargs.variant=ltx_2b_0_9_8_distilled"",""probe.name=linear"",""probe.layer=38"",""probe.layers=[]"",""probe.feature_view=pooled"",""probe.device=cpu"",""probe.lr=1.0388823104027935e-05"",""probe.weight_decay=0.00078121139735349242"",""probe.batch_size=128"",""probe.eval_batch_size=1024"",""probe.epochs=100"",""probe.early_stopping.enabled=false"",""probe.early_stopping.patience=5"",""probe.optuna.enabled=false"",""probe.output_dir=artifacts/probes/intphys2"",""probe.output_subdir=seed_runs_intphys2_ltx2b_linear_mlp/intphys2__ltx__ltx_2b_0_9_8_distilled__linear__slot_38/seed_101"",""probe.eval_output_dir=artifacts/results/intphys2"",""probe.eval_output_subdir=seed_runs_intphys2_ltx2b_linear_mlp/intphys2__ltx__ltx_2b_0_9_8_distilled__linear__slot_38/seed_101"",""probe.wandb.group=seed_runs_intphys2_ltx2b_linear_mlp_intphys2__ltx__ltx_2b_0_9_8_distilled__linear__slot_38"",""probe.wandb.name=intphys2__ltx__ltx_2b_0_9_8_distilled__linear__slot_38__seed_101""]",results/verified_layerwise_probe_configs.csv,175,177,4c0fb3932d2e2f2b,VERIFIED_FULL,"{""batch_size"":128,""depth_layer_id"":14,""early_stopping"":{""enabled"":false,""patience"":5},""epochs"":100,""eval_batch_size"":1024,""feature_view"":""pooled"",""layer"":38,""lr"":1.0388823104027935e-05,""slot"":38,""weight_decay"":0.0007812113973534924}",different_backbone_ablation/ltx_2b/intphys2/linear/intphys2_probe_linear_ltx_video_ltxv_2b_0_9_8_distilled_20260602T175813Z/layer_noise_0.1_block_14/train/optuna_summary.json
intphys2__ltx__ltx_2b_0_9_8_distilled__linear__slot_38__seed_102,intphys2__ltx__ltx_2b_0_9_8_distilled__linear__slot_38,train_eval.probe.intphys2,IntPhys2,intphys2,ltx,LTX-Video,LTX-2B,Linear,linear,102,42,ltx_video,ltx_2b_0_9_8_distilled,38,38,noise_0.1_block_14,pooled,1.0388823104027935e-05,0.00078121139735349242,128,1024,100,false,5,,,,,,,cpu,artifacts/probes/intphys2,seed_runs_intphys2_ltx2b_linear_mlp/intphys2__ltx__ltx_2b_0_9_8_distilled__linear__slot_38/seed_102,artifacts/results/intphys2,seed_runs_intphys2_ltx2b_linear_mlp/intphys2__ltx__ltx_2b_0_9_8_distilled__linear__slot_38/seed_102,seed_runs_intphys2_ltx2b_linear_mlp_intphys2__ltx__ltx_2b_0_9_8_distilled__linear__slot_38,intphys2__ltx__ltx_2b_0_9_8_distilled__linear__slot_38__seed_102,pending,,"[""seed=102"",""split.seed=42"",""backbone.name=ltx_video"",""+backbone.kwargs.variant=ltx_2b_0_9_8_distilled"",""probe.name=linear"",""probe.layer=38"",""probe.layers=[]"",""probe.feature_view=pooled"",""probe.device=cpu"",""probe.lr=1.0388823104027935e-05"",""probe.weight_decay=0.00078121139735349242"",""probe.batch_size=128"",""probe.eval_batch_size=1024"",""probe.epochs=100"",""probe.early_stopping.enabled=false"",""probe.early_stopping.patience=5"",""probe.optuna.enabled=false"",""probe.output_dir=artifacts/probes/intphys2"",""probe.output_subdir=seed_runs_intphys2_ltx2b_linear_mlp/intphys2__ltx__ltx_2b_0_9_8_distilled__linear__slot_38/seed_102"",""probe.eval_output_dir=artifacts/results/intphys2"",""probe.eval_output_subdir=seed_runs_intphys2_ltx2b_linear_mlp/intphys2__ltx__ltx_2b_0_9_8_distilled__linear__slot_38/seed_102"",""probe.wandb.group=seed_runs_intphys2_ltx2b_linear_mlp_intphys2__ltx__ltx_2b_0_9_8_distilled__linear__slot_38"",""probe.wandb.name=intphys2__ltx__ltx_2b_0_9_8_distilled__linear__slot_38__seed_102""]",results/verified_layerwise_probe_configs.csv,175,177,4c0fb3932d2e2f2b,VERIFIED_FULL,"{""batch_size"":128,""depth_layer_id"":14,""early_stopping"":{""enabled"":false,""patience"":5},""epochs"":100,""eval_batch_size"":1024,""feature_view"":""pooled"",""layer"":38,""lr"":1.0388823104027935e-05,""slot"":38,""weight_decay"":0.0007812113973534924}",different_backbone_ablation/ltx_2b/intphys2/linear/intphys2_probe_linear_ltx_video_ltxv_2b_0_9_8_distilled_20260602T175813Z/layer_noise_0.1_block_14/train/optuna_summary.json
intphys2__ltx__ltx_2b_0_9_8_distilled__linear__slot_3__seed_101,intphys2__ltx__ltx_2b_0_9_8_distilled__linear__slot_3,train_eval.probe.intphys2,IntPhys2,intphys2,ltx,LTX-Video,LTX-2B,Linear,linear,101,42,ltx_video,ltx_2b_0_9_8_distilled,3,3,noise_1.0_block_21,pooled,0.00013292918943162159,0.0050615768887523043,32,1024,2000,false,5,,,,,,,cpu,artifacts/probes/intphys2,seed_runs_intphys2_ltx2b_linear_mlp/intphys2__ltx__ltx_2b_0_9_8_distilled__linear__slot_3/seed_101,artifacts/results/intphys2,seed_runs_intphys2_ltx2b_linear_mlp/intphys2__ltx__ltx_2b_0_9_8_distilled__linear__slot_3/seed_101,seed_runs_intphys2_ltx2b_linear_mlp_intphys2__ltx__ltx_2b_0_9_8_distilled__linear__slot_3,intphys2__ltx__ltx_2b_0_9_8_distilled__linear__slot_3__seed_101,pending,,"[""seed=101"",""split.seed=42"",""backbone.name=ltx_video"",""+backbone.kwargs.variant=ltx_2b_0_9_8_distilled"",""probe.name=linear"",""probe.layer=3"",""probe.layers=[]"",""probe.feature_view=pooled"",""probe.device=cpu"",""probe.lr=0.00013292918943162159"",""probe.weight_decay=0.0050615768887523043"",""probe.batch_size=32"",""probe.eval_batch_size=1024"",""probe.epochs=2000"",""probe.early_stopping.enabled=false"",""probe.early_stopping.patience=5"",""probe.optuna.enabled=false"",""probe.output_dir=artifacts/probes/intphys2"",""probe.output_subdir=seed_runs_intphys2_ltx2b_linear_mlp/intphys2__ltx__ltx_2b_0_9_8_distilled__linear__slot_3/seed_101"",""probe.eval_output_dir=artifacts/results/intphys2"",""probe.eval_output_subdir=seed_runs_intphys2_ltx2b_linear_mlp/intphys2__ltx__ltx_2b_0_9_8_distilled__linear__slot_3/seed_101"",""probe.wandb.group=seed_runs_intphys2_ltx2b_linear_mlp_intphys2__ltx__ltx_2b_0_9_8_distilled__linear__slot_3"",""probe.wandb.name=intphys2__ltx__ltx_2b_0_9_8_distilled__linear__slot_3__seed_101""]",results/verified_layerwise_probe_configs.csv,176,178,635281c1af20d6d4,VERIFIED_FULL,"{""batch_size"":32,""depth_layer_id"":21,""early_stopping"":{""enabled"":false,""patience"":5},""epochs"":2000,""eval_batch_size"":1024,""feature_view"":""pooled"",""layer"":3,""lr"":0.0001329291894316216,""slot"":3,""weight_decay"":0.005061576888752304}",different_backbone_ablation/ltx_2b/intphys2/linear/intphys2_probe_linear_ltx_video_ltxv_2b_0_9_8_distilled_20260602T175813Z/layer_noise_1.0_block_21/train/optuna_summary.json
intphys2__ltx__ltx_2b_0_9_8_distilled__linear__slot_3__seed_102,intphys2__ltx__ltx_2b_0_9_8_distilled__linear__slot_3,train_eval.probe.intphys2,IntPhys2,intphys2,ltx,LTX-Video,LTX-2B,Linear,linear,102,42,ltx_video,ltx_2b_0_9_8_distilled,3,3,noise_1.0_block_21,pooled,0.00013292918943162159,0.0050615768887523043,32,1024,2000,false,5,,,,,,,cpu,artifacts/probes/intphys2,seed_runs_intphys2_ltx2b_linear_mlp/intphys2__ltx__ltx_2b_0_9_8_distilled__linear__slot_3/seed_102,artifacts/results/intphys2,seed_runs_intphys2_ltx2b_linear_mlp/intphys2__ltx__ltx_2b_0_9_8_distilled__linear__slot_3/seed_102,seed_runs_intphys2_ltx2b_linear_mlp_intphys2__ltx__ltx_2b_0_9_8_distilled__linear__slot_3,intphys2__ltx__ltx_2b_0_9_8_distilled__linear__slot_3__seed_102,pending,,"[""seed=102"",""split.seed=42"",""backbone.name=ltx_video"",""+backbone.kwargs.variant=ltx_2b_0_9_8_distilled"",""probe.name=linear"",""probe.layer=3"",""probe.layers=[]"",""probe.feature_view=pooled"",""probe.device=cpu"",""probe.lr=0.00013292918943162159"",""probe.weight_decay=0.0050615768887523043"",""probe.batch_size=32"",""probe.eval_batch_size=1024"",""probe.epochs=2000"",""probe.early_stopping.enabled=false"",""probe.early_stopping.patience=5"",""probe.optuna.enabled=false"",""probe.output_dir=artifacts/probes/intphys2"",""probe.output_subdir=seed_runs_intphys2_ltx2b_linear_mlp/intphys2__ltx__ltx_2b_0_9_8_distilled__linear__slot_3/seed_102"",""probe.eval_output_dir=artifacts/results/intphys2"",""probe.eval_output_subdir=seed_runs_intphys2_ltx2b_linear_mlp/intphys2__ltx__ltx_2b_0_9_8_distilled__linear__slot_3/seed_102"",""probe.wandb.group=seed_runs_intphys2_ltx2b_linear_mlp_intphys2__ltx__ltx_2b_0_9_8_distilled__linear__slot_3"",""probe.wandb.name=intphys2__ltx__ltx_2b_0_9_8_distilled__linear__slot_3__seed_102""]",results/verified_layerwise_probe_configs.csv,176,178,635281c1af20d6d4,VERIFIED_FULL,"{""batch_size"":32,""depth_layer_id"":21,""early_stopping"":{""enabled"":false,""patience"":5},""epochs"":2000,""eval_batch_size"":1024,""feature_view"":""pooled"",""layer"":3,""lr"":0.0001329291894316216,""slot"":3,""weight_decay"":0.005061576888752304}",different_backbone_ablation/ltx_2b/intphys2/linear/intphys2_probe_linear_ltx_video_ltxv_2b_0_9_8_distilled_20260602T175813Z/layer_noise_1.0_block_21/train/optuna_summary.json
intphys2__ltx__ltx_2b_0_9_8_distilled__linear__slot_7__seed_101,intphys2__ltx__ltx_2b_0_9_8_distilled__linear__slot_7,train_eval.probe.intphys2,IntPhys2,intphys2,ltx,LTX-Video,LTX-2B,Linear,linear,101,42,ltx_video,ltx_2b_0_9_8_distilled,7,7,noise_0.9_block_21,pooled,0.00098276967099106163,0.0089468100009794122,64,1024,2000,false,5,,,,,,,cpu,artifacts/probes/intphys2,seed_runs_intphys2_ltx2b_linear_mlp/intphys2__ltx__ltx_2b_0_9_8_distilled__linear__slot_7/seed_101,artifacts/results/intphys2,seed_runs_intphys2_ltx2b_linear_mlp/intphys2__ltx__ltx_2b_0_9_8_distilled__linear__slot_7/seed_101,seed_runs_intphys2_ltx2b_linear_mlp_intphys2__ltx__ltx_2b_0_9_8_distilled__linear__slot_7,intphys2__ltx__ltx_2b_0_9_8_distilled__linear__slot_7__seed_101,pending,,"[""seed=101"",""split.seed=42"",""backbone.name=ltx_video"",""+backbone.kwargs.variant=ltx_2b_0_9_8_distilled"",""probe.name=linear"",""probe.layer=7"",""probe.layers=[]"",""probe.feature_view=pooled"",""probe.device=cpu"",""probe.lr=0.00098276967099106163"",""probe.weight_decay=0.0089468100009794122"",""probe.batch_size=64"",""probe.eval_batch_size=1024"",""probe.epochs=2000"",""probe.early_stopping.enabled=false"",""probe.early_stopping.patience=5"",""probe.optuna.enabled=false"",""probe.output_dir=artifacts/probes/intphys2"",""probe.output_subdir=seed_runs_intphys2_ltx2b_linear_mlp/intphys2__ltx__ltx_2b_0_9_8_distilled__linear__slot_7/seed_101"",""probe.eval_output_dir=artifacts/results/intphys2"",""probe.eval_output_subdir=seed_runs_intphys2_ltx2b_linear_mlp/intphys2__ltx__ltx_2b_0_9_8_distilled__linear__slot_7/seed_101"",""probe.wandb.group=seed_runs_intphys2_ltx2b_linear_mlp_intphys2__ltx__ltx_2b_0_9_8_distilled__linear__slot_7"",""probe.wandb.name=intphys2__ltx__ltx_2b_0_9_8_distilled__linear__slot_7__seed_101""]",results/verified_layerwise_probe_configs.csv,177,179,700e38f71ea68a36,VERIFIED_FULL,"{""batch_size"":64,""depth_layer_id"":21,""early_stopping"":{""enabled"":false,""patience"":5},""epochs"":2000,""eval_batch_size"":1024,""feature_view"":""pooled"",""layer"":7,""lr"":0.0009827696709910616,""slot"":7,""weight_decay"":0.008946810000979412}",different_backbone_ablation/ltx_2b/intphys2/linear/intphys2_probe_linear_ltx_video_ltxv_2b_0_9_8_distilled_20260602T175813Z/layer_noise_0.9_block_21/train/optuna_summary.json
intphys2__ltx__ltx_2b_0_9_8_distilled__linear__slot_7__seed_102,intphys2__ltx__ltx_2b_0_9_8_distilled__linear__slot_7,train_eval.probe.intphys2,IntPhys2,intphys2,ltx,LTX-Video,LTX-2B,Linear,linear,102,42,ltx_video,ltx_2b_0_9_8_distilled,7,7,noise_0.9_block_21,pooled,0.00098276967099106163,0.0089468100009794122,64,1024,2000,false,5,,,,,,,cpu,artifacts/probes/intphys2,seed_runs_intphys2_ltx2b_linear_mlp/intphys2__ltx__ltx_2b_0_9_8_distilled__linear__slot_7/seed_102,artifacts/results/intphys2,seed_runs_intphys2_ltx2b_linear_mlp/intphys2__ltx__ltx_2b_0_9_8_distilled__linear__slot_7/seed_102,seed_runs_intphys2_ltx2b_linear_mlp_intphys2__ltx__ltx_2b_0_9_8_distilled__linear__slot_7,intphys2__ltx__ltx_2b_0_9_8_distilled__linear__slot_7__seed_102,pending,,"[""seed=102"",""split.seed=42"",""backbone.name=ltx_video"",""+backbone.kwargs.variant=ltx_2b_0_9_8_distilled"",""probe.name=linear"",""probe.layer=7"",""probe.layers=[]"",""probe.feature_view=pooled"",""probe.device=cpu"",""probe.lr=0.00098276967099106163"",""probe.weight_decay=0.0089468100009794122"",""probe.batch_size=64"",""probe.eval_batch_size=1024"",""probe.epochs=2000"",""probe.early_stopping.enabled=false"",""probe.early_stopping.patience=5"",""probe.optuna.enabled=false"",""probe.output_dir=artifacts/probes/intphys2"",""probe.output_subdir=seed_runs_intphys2_ltx2b_linear_mlp/intphys2__ltx__ltx_2b_0_9_8_distilled__linear__slot_7/seed_102"",""probe.eval_output_dir=artifacts/results/intphys2"",""probe.eval_output_subdir=seed_runs_intphys2_ltx2b_linear_mlp/intphys2__ltx__ltx_2b_0_9_8_distilled__linear__slot_7/seed_102"",""probe.wandb.group=seed_runs_intphys2_ltx2b_linear_mlp_intphys2__ltx__ltx_2b_0_9_8_distilled__linear__slot_7"",""probe.wandb.name=intphys2__ltx__ltx_2b_0_9_8_distilled__linear__slot_7__seed_102""]",results/verified_layerwise_probe_configs.csv,177,179,700e38f71ea68a36,VERIFIED_FULL,"{""batch_size"":64,""depth_layer_id"":21,""early_stopping"":{""enabled"":false,""patience"":5},""epochs"":2000,""eval_batch_size"":1024,""feature_view"":""pooled"",""layer"":7,""lr"":0.0009827696709910616,""slot"":7,""weight_decay"":0.008946810000979412}",different_backbone_ablation/ltx_2b/intphys2/linear/intphys2_probe_linear_ltx_video_ltxv_2b_0_9_8_distilled_20260602T175813Z/layer_noise_0.9_block_21/train/optuna_summary.json
intphys2__ltx__ltx_2b_0_9_8_distilled__linear__slot_11__seed_101,intphys2__ltx__ltx_2b_0_9_8_distilled__linear__slot_11,train_eval.probe.intphys2,IntPhys2,intphys2,ltx,LTX-Video,LTX-2B,Linear,linear,101,42,ltx_video,ltx_2b_0_9_8_distilled,11,11,noise_0.8_block_21,pooled,0.00043664735929796326,1.2856617791467908e-07,32,1024,50,false,5,,,,,,,cpu,artifacts/probes/intphys2,seed_runs_intphys2_ltx2b_linear_mlp/intphys2__ltx__ltx_2b_0_9_8_distilled__linear__slot_11/seed_101,artifacts/results/intphys2,seed_runs_intphys2_ltx2b_linear_mlp/intphys2__ltx__ltx_2b_0_9_8_distilled__linear__slot_11/seed_101,seed_runs_intphys2_ltx2b_linear_mlp_intphys2__ltx__ltx_2b_0_9_8_distilled__linear__slot_11,intphys2__ltx__ltx_2b_0_9_8_distilled__linear__slot_11__seed_101,pending,,"[""seed=101"",""split.seed=42"",""backbone.name=ltx_video"",""+backbone.kwargs.variant=ltx_2b_0_9_8_distilled"",""probe.name=linear"",""probe.layer=11"",""probe.layers=[]"",""probe.feature_view=pooled"",""probe.device=cpu"",""probe.lr=0.00043664735929796326"",""probe.weight_decay=1.2856617791467908e-07"",""probe.batch_size=32"",""probe.eval_batch_size=1024"",""probe.epochs=50"",""probe.early_stopping.enabled=false"",""probe.early_stopping.patience=5"",""probe.optuna.enabled=false"",""probe.output_dir=artifacts/probes/intphys2"",""probe.output_subdir=seed_runs_intphys2_ltx2b_linear_mlp/intphys2__ltx__ltx_2b_0_9_8_distilled__linear__slot_11/seed_101"",""probe.eval_output_dir=artifacts/results/intphys2"",""probe.eval_output_subdir=seed_runs_intphys2_ltx2b_linear_mlp/intphys2__ltx__ltx_2b_0_9_8_distilled__linear__slot_11/seed_101"",""probe.wandb.group=seed_runs_intphys2_ltx2b_linear_mlp_intphys2__ltx__ltx_2b_0_9_8_distilled__linear__slot_11"",""probe.wandb.name=intphys2__ltx__ltx_2b_0_9_8_distilled__linear__slot_11__seed_101""]",results/verified_layerwise_probe_configs.csv,178,180,a007fcdacdff1695,VERIFIED_FULL,"{""batch_size"":32,""depth_layer_id"":21,""early_stopping"":{""enabled"":false,""patience"":5},""epochs"":50,""eval_batch_size"":1024,""feature_view"":""pooled"",""layer"":11,""lr"":0.00043664735929796326,""slot"":11,""weight_decay"":1.2856617791467908e-07}",different_backbone_ablation/ltx_2b/intphys2/linear/intphys2_probe_linear_ltx_video_ltxv_2b_0_9_8_distilled_20260602T175813Z/layer_noise_0.8_block_21/train/optuna_summary.json
intphys2__ltx__ltx_2b_0_9_8_distilled__linear__slot_11__seed_102,intphys2__ltx__ltx_2b_0_9_8_distilled__linear__slot_11,train_eval.probe.intphys2,IntPhys2,intphys2,ltx,LTX-Video,LTX-2B,Linear,linear,102,42,ltx_video,ltx_2b_0_9_8_distilled,11,11,noise_0.8_block_21,pooled,0.00043664735929796326,1.2856617791467908e-07,32,1024,50,false,5,,,,,,,cpu,artifacts/probes/intphys2,seed_runs_intphys2_ltx2b_linear_mlp/intphys2__ltx__ltx_2b_0_9_8_distilled__linear__slot_11/seed_102,artifacts/results/intphys2,seed_runs_intphys2_ltx2b_linear_mlp/intphys2__ltx__ltx_2b_0_9_8_distilled__linear__slot_11/seed_102,seed_runs_intphys2_ltx2b_linear_mlp_intphys2__ltx__ltx_2b_0_9_8_distilled__linear__slot_11,intphys2__ltx__ltx_2b_0_9_8_distilled__linear__slot_11__seed_102,pending,,"[""seed=102"",""split.seed=42"",""backbone.name=ltx_video"",""+backbone.kwargs.variant=ltx_2b_0_9_8_distilled"",""probe.name=linear"",""probe.layer=11"",""probe.layers=[]"",""probe.feature_view=pooled"",""probe.device=cpu"",""probe.lr=0.00043664735929796326"",""probe.weight_decay=1.2856617791467908e-07"",""probe.batch_size=32"",""probe.eval_batch_size=1024"",""probe.epochs=50"",""probe.early_stopping.enabled=false"",""probe.early_stopping.patience=5"",""probe.optuna.enabled=false"",""probe.output_dir=artifacts/probes/intphys2"",""probe.output_subdir=seed_runs_intphys2_ltx2b_linear_mlp/intphys2__ltx__ltx_2b_0_9_8_distilled__linear__slot_11/seed_102"",""probe.eval_output_dir=artifacts/results/intphys2"",""probe.eval_output_subdir=seed_runs_intphys2_ltx2b_linear_mlp/intphys2__ltx__ltx_2b_0_9_8_distilled__linear__slot_11/seed_102"",""probe.wandb.group=seed_runs_intphys2_ltx2b_linear_mlp_intphys2__ltx__ltx_2b_0_9_8_distilled__linear__slot_11"",""probe.wandb.name=intphys2__ltx__ltx_2b_0_9_8_distilled__linear__slot_11__seed_102""]",results/verified_layerwise_probe_configs.csv,178,180,a007fcdacdff1695,VERIFIED_FULL,"{""batch_size"":32,""depth_layer_id"":21,""early_stopping"":{""enabled"":false,""patience"":5},""epochs"":50,""eval_batch_size"":1024,""feature_view"":""pooled"",""layer"":11,""lr"":0.00043664735929796326,""slot"":11,""weight_decay"":1.2856617791467908e-07}",different_backbone_ablation/ltx_2b/intphys2/linear/intphys2_probe_linear_ltx_video_ltxv_2b_0_9_8_distilled_20260602T175813Z/layer_noise_0.8_block_21/train/optuna_summary.json
intphys2__ltx__ltx_2b_0_9_8_distilled__linear__slot_15__seed_101,intphys2__ltx__ltx_2b_0_9_8_distilled__linear__slot_15,train_eval.probe.intphys2,IntPhys2,intphys2,ltx,LTX-Video,LTX-2B,Linear,linear,101,42,ltx_video,ltx_2b_0_9_8_distilled,15,15,noise_0.7_block_21,pooled,0.00013292918943162159,0.0050615768887523043,32,1024,2000,false,5,,,,,,,cpu,artifacts/probes/intphys2,seed_runs_intphys2_ltx2b_linear_mlp/intphys2__ltx__ltx_2b_0_9_8_distilled__linear__slot_15/seed_101,artifacts/results/intphys2,seed_runs_intphys2_ltx2b_linear_mlp/intphys2__ltx__ltx_2b_0_9_8_distilled__linear__slot_15/seed_101,seed_runs_intphys2_ltx2b_linear_mlp_intphys2__ltx__ltx_2b_0_9_8_distilled__linear__slot_15,intphys2__ltx__ltx_2b_0_9_8_distilled__linear__slot_15__seed_101,pending,,"[""seed=101"",""split.seed=42"",""backbone.name=ltx_video"",""+backbone.kwargs.variant=ltx_2b_0_9_8_distilled"",""probe.name=linear"",""probe.layer=15"",""probe.layers=[]"",""probe.feature_view=pooled"",""probe.device=cpu"",""probe.lr=0.00013292918943162159"",""probe.weight_decay=0.0050615768887523043"",""probe.batch_size=32"",""probe.eval_batch_size=1024"",""probe.epochs=2000"",""probe.early_stopping.enabled=false"",""probe.early_stopping.patience=5"",""probe.optuna.enabled=false"",""probe.output_dir=artifacts/probes/intphys2"",""probe.output_subdir=seed_runs_intphys2_ltx2b_linear_mlp/intphys2__ltx__ltx_2b_0_9_8_distilled__linear__slot_15/seed_101"",""probe.eval_output_dir=artifacts/results/intphys2"",""probe.eval_output_subdir=seed_runs_intphys2_ltx2b_linear_mlp/intphys2__ltx__ltx_2b_0_9_8_distilled__linear__slot_15/seed_101"",""probe.wandb.group=seed_runs_intphys2_ltx2b_linear_mlp_intphys2__ltx__ltx_2b_0_9_8_distilled__linear__slot_15"",""probe.wandb.name=intphys2__ltx__ltx_2b_0_9_8_distilled__linear__slot_15__seed_101""]",results/verified_layerwise_probe_configs.csv,179,181,506945d24325f825,VERIFIED_FULL,"{""batch_size"":32,""depth_layer_id"":21,""early_stopping"":{""enabled"":false,""patience"":5},""epochs"":2000,""eval_batch_size"":1024,""feature_view"":""pooled"",""layer"":15,""lr"":0.0001329291894316216,""slot"":15,""weight_decay"":0.005061576888752304}",different_backbone_ablation/ltx_2b/intphys2/linear/intphys2_probe_linear_ltx_video_ltxv_2b_0_9_8_distilled_20260602T175813Z/layer_noise_0.7_block_21/train/optuna_summary.json
intphys2__ltx__ltx_2b_0_9_8_distilled__linear__slot_15__seed_102,intphys2__ltx__ltx_2b_0_9_8_distilled__linear__slot_15,train_eval.probe.intphys2,IntPhys2,intphys2,ltx,LTX-Video,LTX-2B,Linear,linear,102,42,ltx_video,ltx_2b_0_9_8_distilled,15,15,noise_0.7_block_21,pooled,0.00013292918943162159,0.0050615768887523043,32,1024,2000,false,5,,,,,,,cpu,artifacts/probes/intphys2,seed_runs_intphys2_ltx2b_linear_mlp/intphys2__ltx__ltx_2b_0_9_8_distilled__linear__slot_15/seed_102,artifacts/results/intphys2,seed_runs_intphys2_ltx2b_linear_mlp/intphys2__ltx__ltx_2b_0_9_8_distilled__linear__slot_15/seed_102,seed_runs_intphys2_ltx2b_linear_mlp_intphys2__ltx__ltx_2b_0_9_8_distilled__linear__slot_15,intphys2__ltx__ltx_2b_0_9_8_distilled__linear__slot_15__seed_102,pending,,"[""seed=102"",""split.seed=42"",""backbone.name=ltx_video"",""+backbone.kwargs.variant=ltx_2b_0_9_8_distilled"",""probe.name=linear"",""probe.layer=15"",""probe.layers=[]"",""probe.feature_view=pooled"",""probe.device=cpu"",""probe.lr=0.00013292918943162159"",""probe.weight_decay=0.0050615768887523043"",""probe.batch_size=32"",""probe.eval_batch_size=1024"",""probe.epochs=2000"",""probe.early_stopping.enabled=false"",""probe.early_stopping.patience=5"",""probe.optuna.enabled=false"",""probe.output_dir=artifacts/probes/intphys2"",""probe.output_subdir=seed_runs_intphys2_ltx2b_linear_mlp/intphys2__ltx__ltx_2b_0_9_8_distilled__linear__slot_15/seed_102"",""probe.eval_output_dir=artifacts/results/intphys2"",""probe.eval_output_subdir=seed_runs_intphys2_ltx2b_linear_mlp/intphys2__ltx__ltx_2b_0_9_8_distilled__linear__slot_15/seed_102"",""probe.wandb.group=seed_runs_intphys2_ltx2b_linear_mlp_intphys2__ltx__ltx_2b_0_9_8_distilled__linear__slot_15"",""probe.wandb.name=intphys2__ltx__ltx_2b_0_9_8_distilled__linear__slot_15__seed_102""]",results/verified_layerwise_probe_configs.csv,179,181,506945d24325f825,VERIFIED_FULL,"{""batch_size"":32,""depth_layer_id"":21,""early_stopping"":{""enabled"":false,""patience"":5},""epochs"":2000,""eval_batch_size"":1024,""feature_view"":""pooled"",""layer"":15,""lr"":0.0001329291894316216,""slot"":15,""weight_decay"":0.005061576888752304}",different_backbone_ablation/ltx_2b/intphys2/linear/intphys2_probe_linear_ltx_video_ltxv_2b_0_9_8_distilled_20260602T175813Z/layer_noise_0.7_block_21/train/optuna_summary.json
intphys2__ltx__ltx_2b_0_9_8_distilled__linear__slot_19__seed_101,intphys2__ltx__ltx_2b_0_9_8_distilled__linear__slot_19,train_eval.probe.intphys2,IntPhys2,intphys2,ltx,LTX-Video,LTX-2B,Linear,linear,101,42,ltx_video,ltx_2b_0_9_8_distilled,19,19,noise_0.6_block_21,pooled,0.00013292918943162159,0.0050615768887523043,32,1024,2000,false,5,,,,,,,cpu,artifacts/probes/intphys2,seed_runs_intphys2_ltx2b_linear_mlp/intphys2__ltx__ltx_2b_0_9_8_distilled__linear__slot_19/seed_101,artifacts/results/intphys2,seed_runs_intphys2_ltx2b_linear_mlp/intphys2__ltx__ltx_2b_0_9_8_distilled__linear__slot_19/seed_101,seed_runs_intphys2_ltx2b_linear_mlp_intphys2__ltx__ltx_2b_0_9_8_distilled__linear__slot_19,intphys2__ltx__ltx_2b_0_9_8_distilled__linear__slot_19__seed_101,pending,,"[""seed=101"",""split.seed=42"",""backbone.name=ltx_video"",""+backbone.kwargs.variant=ltx_2b_0_9_8_distilled"",""probe.name=linear"",""probe.layer=19"",""probe.layers=[]"",""probe.feature_view=pooled"",""probe.device=cpu"",""probe.lr=0.00013292918943162159"",""probe.weight_decay=0.0050615768887523043"",""probe.batch_size=32"",""probe.eval_batch_size=1024"",""probe.epochs=2000"",""probe.early_stopping.enabled=false"",""probe.early_stopping.patience=5"",""probe.optuna.enabled=false"",""probe.output_dir=artifacts/probes/intphys2"",""probe.output_subdir=seed_runs_intphys2_ltx2b_linear_mlp/intphys2__ltx__ltx_2b_0_9_8_distilled__linear__slot_19/seed_101"",""probe.eval_output_dir=artifacts/results/intphys2"",""probe.eval_output_subdir=seed_runs_intphys2_ltx2b_linear_mlp/intphys2__ltx__ltx_2b_0_9_8_distilled__linear__slot_19/seed_101"",""probe.wandb.group=seed_runs_intphys2_ltx2b_linear_mlp_intphys2__ltx__ltx_2b_0_9_8_distilled__linear__slot_19"",""probe.wandb.name=intphys2__ltx__ltx_2b_0_9_8_distilled__linear__slot_19__seed_101""]",results/verified_layerwise_probe_configs.csv,180,182,ca0bee2fb54c64f4,VERIFIED_FULL,"{""batch_size"":32,""depth_layer_id"":21,""early_stopping"":{""enabled"":false,""patience"":5},""epochs"":2000,""eval_batch_size"":1024,""feature_view"":""pooled"",""layer"":19,""lr"":0.0001329291894316216,""slot"":19,""weight_decay"":0.005061576888752304}",different_backbone_ablation/ltx_2b/intphys2/linear/intphys2_probe_linear_ltx_video_ltxv_2b_0_9_8_distilled_20260602T175813Z/layer_noise_0.6_block_21/train/optuna_summary.json
intphys2__ltx__ltx_2b_0_9_8_distilled__linear__slot_19__seed_102,intphys2__ltx__ltx_2b_0_9_8_distilled__linear__slot_19,train_eval.probe.intphys2,IntPhys2,intphys2,ltx,LTX-Video,LTX-2B,Linear,linear,102,42,ltx_video,ltx_2b_0_9_8_distilled,19,19,noise_0.6_block_21,pooled,0.00013292918943162159,0.0050615768887523043,32,1024,2000,false,5,,,,,,,cpu,artifacts/probes/intphys2,seed_runs_intphys2_ltx2b_linear_mlp/intphys2__ltx__ltx_2b_0_9_8_distilled__linear__slot_19/seed_102,artifacts/results/intphys2,seed_runs_intphys2_ltx2b_linear_mlp/intphys2__ltx__ltx_2b_0_9_8_distilled__linear__slot_19/seed_102,seed_runs_intphys2_ltx2b_linear_mlp_intphys2__ltx__ltx_2b_0_9_8_distilled__linear__slot_19,intphys2__ltx__ltx_2b_0_9_8_distilled__linear__slot_19__seed_102,pending,,"[""seed=102"",""split.seed=42"",""backbone.name=ltx_video"",""+backbone.kwargs.variant=ltx_2b_0_9_8_distilled"",""probe.name=linear"",""probe.layer=19"",""probe.layers=[]"",""probe.feature_view=pooled"",""probe.device=cpu"",""probe.lr=0.00013292918943162159"",""probe.weight_decay=0.0050615768887523043"",""probe.batch_size=32"",""probe.eval_batch_size=1024"",""probe.epochs=2000"",""probe.early_stopping.enabled=false"",""probe.early_stopping.patience=5"",""probe.optuna.enabled=false"",""probe.output_dir=artifacts/probes/intphys2"",""probe.output_subdir=seed_runs_intphys2_ltx2b_linear_mlp/intphys2__ltx__ltx_2b_0_9_8_distilled__linear__slot_19/seed_102"",""probe.eval_output_dir=artifacts/results/intphys2"",""probe.eval_output_subdir=seed_runs_intphys2_ltx2b_linear_mlp/intphys2__ltx__ltx_2b_0_9_8_distilled__linear__slot_19/seed_102"",""probe.wandb.group=seed_runs_intphys2_ltx2b_linear_mlp_intphys2__ltx__ltx_2b_0_9_8_distilled__linear__slot_19"",""probe.wandb.name=intphys2__ltx__ltx_2b_0_9_8_distilled__linear__slot_19__seed_102""]",results/verified_layerwise_probe_configs.csv,180,182,ca0bee2fb54c64f4,VERIFIED_FULL,"{""batch_size"":32,""depth_layer_id"":21,""early_stopping"":{""enabled"":false,""patience"":5},""epochs"":2000,""eval_batch_size"":1024,""feature_view"":""pooled"",""layer"":19,""lr"":0.0001329291894316216,""slot"":19,""weight_decay"":0.005061576888752304}",different_backbone_ablation/ltx_2b/intphys2/linear/intphys2_probe_linear_ltx_video_ltxv_2b_0_9_8_distilled_20260602T175813Z/layer_noise_0.6_block_21/train/optuna_summary.json
intphys2__ltx__ltx_2b_0_9_8_distilled__linear__slot_23__seed_101,intphys2__ltx__ltx_2b_0_9_8_distilled__linear__slot_23,train_eval.probe.intphys2,IntPhys2,intphys2,ltx,LTX-Video,LTX-2B,Linear,linear,101,42,ltx_video,ltx_2b_0_9_8_distilled,23,23,noise_0.5_block_21,pooled,3.2893431401858408e-05,0.0033704761594780825,32,1024,50,false,5,,,,,,,cpu,artifacts/probes/intphys2,seed_runs_intphys2_ltx2b_linear_mlp/intphys2__ltx__ltx_2b_0_9_8_distilled__linear__slot_23/seed_101,artifacts/results/intphys2,seed_runs_intphys2_ltx2b_linear_mlp/intphys2__ltx__ltx_2b_0_9_8_distilled__linear__slot_23/seed_101,seed_runs_intphys2_ltx2b_linear_mlp_intphys2__ltx__ltx_2b_0_9_8_distilled__linear__slot_23,intphys2__ltx__ltx_2b_0_9_8_distilled__linear__slot_23__seed_101,pending,,"[""seed=101"",""split.seed=42"",""backbone.name=ltx_video"",""+backbone.kwargs.variant=ltx_2b_0_9_8_distilled"",""probe.name=linear"",""probe.layer=23"",""probe.layers=[]"",""probe.feature_view=pooled"",""probe.device=cpu"",""probe.lr=3.2893431401858408e-05"",""probe.weight_decay=0.0033704761594780825"",""probe.batch_size=32"",""probe.eval_batch_size=1024"",""probe.epochs=50"",""probe.early_stopping.enabled=false"",""probe.early_stopping.patience=5"",""probe.optuna.enabled=false"",""probe.output_dir=artifacts/probes/intphys2"",""probe.output_subdir=seed_runs_intphys2_ltx2b_linear_mlp/intphys2__ltx__ltx_2b_0_9_8_distilled__linear__slot_23/seed_101"",""probe.eval_output_dir=artifacts/results/intphys2"",""probe.eval_output_subdir=seed_runs_intphys2_ltx2b_linear_mlp/intphys2__ltx__ltx_2b_0_9_8_distilled__linear__slot_23/seed_101"",""probe.wandb.group=seed_runs_intphys2_ltx2b_linear_mlp_intphys2__ltx__ltx_2b_0_9_8_distilled__linear__slot_23"",""probe.wandb.name=intphys2__ltx__ltx_2b_0_9_8_distilled__linear__slot_23__seed_101""]",results/verified_layerwise_probe_configs.csv,181,183,f5f43006c14ee592,VERIFIED_FULL,"{""batch_size"":32,""depth_layer_id"":21,""early_stopping"":{""enabled"":false,""patience"":5},""epochs"":50,""eval_batch_size"":1024,""feature_view"":""pooled"",""layer"":23,""lr"":3.289343140185841e-05,""slot"":23,""weight_decay"":0.0033704761594780825}",different_backbone_ablation/ltx_2b/intphys2/linear/intphys2_probe_linear_ltx_video_ltxv_2b_0_9_8_distilled_20260602T175813Z/layer_noise_0.5_block_21/train/optuna_summary.json
intphys2__ltx__ltx_2b_0_9_8_distilled__linear__slot_23__seed_102,intphys2__ltx__ltx_2b_0_9_8_distilled__linear__slot_23,train_eval.probe.intphys2,IntPhys2,intphys2,ltx,LTX-Video,LTX-2B,Linear,linear,102,42,ltx_video,ltx_2b_0_9_8_distilled,23,23,noise_0.5_block_21,pooled,3.2893431401858408e-05,0.0033704761594780825,32,1024,50,false,5,,,,,,,cpu,artifacts/probes/intphys2,seed_runs_intphys2_ltx2b_linear_mlp/intphys2__ltx__ltx_2b_0_9_8_distilled__linear__slot_23/seed_102,artifacts/results/intphys2,seed_runs_intphys2_ltx2b_linear_mlp/intphys2__ltx__ltx_2b_0_9_8_distilled__linear__slot_23/seed_102,seed_runs_intphys2_ltx2b_linear_mlp_intphys2__ltx__ltx_2b_0_9_8_distilled__linear__slot_23,intphys2__ltx__ltx_2b_0_9_8_distilled__linear__slot_23__seed_102,pending,,"[""seed=102"",""split.seed=42"",""backbone.name=ltx_video"",""+backbone.kwargs.variant=ltx_2b_0_9_8_distilled"",""probe.name=linear"",""probe.layer=23"",""probe.layers=[]"",""probe.feature_view=pooled"",""probe.device=cpu"",""probe.lr=3.2893431401858408e-05"",""probe.weight_decay=0.0033704761594780825"",""probe.batch_size=32"",""probe.eval_batch_size=1024"",""probe.epochs=50"",""probe.early_stopping.enabled=false"",""probe.early_stopping.patience=5"",""probe.optuna.enabled=false"",""probe.output_dir=artifacts/probes/intphys2"",""probe.output_subdir=seed_runs_intphys2_ltx2b_linear_mlp/intphys2__ltx__ltx_2b_0_9_8_distilled__linear__slot_23/seed_102"",""probe.eval_output_dir=artifacts/results/intphys2"",""probe.eval_output_subdir=seed_runs_intphys2_ltx2b_linear_mlp/intphys2__ltx__ltx_2b_0_9_8_distilled__linear__slot_23/seed_102"",""probe.wandb.group=seed_runs_intphys2_ltx2b_linear_mlp_intphys2__ltx__ltx_2b_0_9_8_distilled__linear__slot_23"",""probe.wandb.name=intphys2__ltx__ltx_2b_0_9_8_distilled__linear__slot_23__seed_102""]",results/verified_layerwise_probe_configs.csv,181,183,f5f43006c14ee592,VERIFIED_FULL,"{""batch_size"":32,""depth_layer_id"":21,""early_stopping"":{""enabled"":false,""patience"":5},""epochs"":50,""eval_batch_size"":1024,""feature_view"":""pooled"",""layer"":23,""lr"":3.289343140185841e-05,""slot"":23,""weight_decay"":0.0033704761594780825}",different_backbone_ablation/ltx_2b/intphys2/linear/intphys2_probe_linear_ltx_video_ltxv_2b_0_9_8_distilled_20260602T175813Z/layer_noise_0.5_block_21/train/optuna_summary.json
intphys2__ltx__ltx_2b_0_9_8_distilled__linear__slot_27__seed_101,intphys2__ltx__ltx_2b_0_9_8_distilled__linear__slot_27,train_eval.probe.intphys2,IntPhys2,intphys2,ltx,LTX-Video,LTX-2B,Linear,linear,101,42,ltx_video,ltx_2b_0_9_8_distilled,27,27,noise_0.4_block_21,pooled,0.0021464035477145849,4.294315419725004e-05,64,1024,50,false,5,,,,,,,cpu,artifacts/probes/intphys2,seed_runs_intphys2_ltx2b_linear_mlp/intphys2__ltx__ltx_2b_0_9_8_distilled__linear__slot_27/seed_101,artifacts/results/intphys2,seed_runs_intphys2_ltx2b_linear_mlp/intphys2__ltx__ltx_2b_0_9_8_distilled__linear__slot_27/seed_101,seed_runs_intphys2_ltx2b_linear_mlp_intphys2__ltx__ltx_2b_0_9_8_distilled__linear__slot_27,intphys2__ltx__ltx_2b_0_9_8_distilled__linear__slot_27__seed_101,pending,,"[""seed=101"",""split.seed=42"",""backbone.name=ltx_video"",""+backbone.kwargs.variant=ltx_2b_0_9_8_distilled"",""probe.name=linear"",""probe.layer=27"",""probe.layers=[]"",""probe.feature_view=pooled"",""probe.device=cpu"",""probe.lr=0.0021464035477145849"",""probe.weight_decay=4.294315419725004e-05"",""probe.batch_size=64"",""probe.eval_batch_size=1024"",""probe.epochs=50"",""probe.early_stopping.enabled=false"",""probe.early_stopping.patience=5"",""probe.optuna.enabled=false"",""probe.output_dir=artifacts/probes/intphys2"",""probe.output_subdir=seed_runs_intphys2_ltx2b_linear_mlp/intphys2__ltx__ltx_2b_0_9_8_distilled__linear__slot_27/seed_101"",""probe.eval_output_dir=artifacts/results/intphys2"",""probe.eval_output_subdir=seed_runs_intphys2_ltx2b_linear_mlp/intphys2__ltx__ltx_2b_0_9_8_distilled__linear__slot_27/seed_101"",""probe.wandb.group=seed_runs_intphys2_ltx2b_linear_mlp_intphys2__ltx__ltx_2b_0_9_8_distilled__linear__slot_27"",""probe.wandb.name=intphys2__ltx__ltx_2b_0_9_8_distilled__linear__slot_27__seed_101""]",results/verified_layerwise_probe_configs.csv,182,184,72808c364cecfe58,VERIFIED_FULL,"{""batch_size"":64,""depth_layer_id"":21,""early_stopping"":{""enabled"":false,""patience"":5},""epochs"":50,""eval_batch_size"":1024,""feature_view"":""pooled"",""layer"":27,""lr"":0.002146403547714585,""slot"":27,""weight_decay"":4.294315419725004e-05}",different_backbone_ablation/ltx_2b/intphys2/linear/intphys2_probe_linear_ltx_video_ltxv_2b_0_9_8_distilled_20260602T175813Z/layer_noise_0.4_block_21/train/optuna_summary.json
intphys2__ltx__ltx_2b_0_9_8_distilled__linear__slot_27__seed_102,intphys2__ltx__ltx_2b_0_9_8_distilled__linear__slot_27,train_eval.probe.intphys2,IntPhys2,intphys2,ltx,LTX-Video,LTX-2B,Linear,linear,102,42,ltx_video,ltx_2b_0_9_8_distilled,27,27,noise_0.4_block_21,pooled,0.0021464035477145849,4.294315419725004e-05,64,1024,50,false,5,,,,,,,cpu,artifacts/probes/intphys2,seed_runs_intphys2_ltx2b_linear_mlp/intphys2__ltx__ltx_2b_0_9_8_distilled__linear__slot_27/seed_102,artifacts/results/intphys2,seed_runs_intphys2_ltx2b_linear_mlp/intphys2__ltx__ltx_2b_0_9_8_distilled__linear__slot_27/seed_102,seed_runs_intphys2_ltx2b_linear_mlp_intphys2__ltx__ltx_2b_0_9_8_distilled__linear__slot_27,intphys2__ltx__ltx_2b_0_9_8_distilled__linear__slot_27__seed_102,pending,,"[""seed=102"",""split.seed=42"",""backbone.name=ltx_video"",""+backbone.kwargs.variant=ltx_2b_0_9_8_distilled"",""probe.name=linear"",""probe.layer=27"",""probe.layers=[]"",""probe.feature_view=pooled"",""probe.device=cpu"",""probe.lr=0.0021464035477145849"",""probe.weight_decay=4.294315419725004e-05"",""probe.batch_size=64"",""probe.eval_batch_size=1024"",""probe.epochs=50"",""probe.early_stopping.enabled=false"",""probe.early_stopping.patience=5"",""probe.optuna.enabled=false"",""probe.output_dir=artifacts/probes/intphys2"",""probe.output_subdir=seed_runs_intphys2_ltx2b_linear_mlp/intphys2__ltx__ltx_2b_0_9_8_distilled__linear__slot_27/seed_102"",""probe.eval_output_dir=artifacts/results/intphys2"",""probe.eval_output_subdir=seed_runs_intphys2_ltx2b_linear_mlp/intphys2__ltx__ltx_2b_0_9_8_distilled__linear__slot_27/seed_102"",""probe.wandb.group=seed_runs_intphys2_ltx2b_linear_mlp_intphys2__ltx__ltx_2b_0_9_8_distilled__linear__slot_27"",""probe.wandb.name=intphys2__ltx__ltx_2b_0_9_8_distilled__linear__slot_27__seed_102""]",results/verified_layerwise_probe_configs.csv,182,184,72808c364cecfe58,VERIFIED_FULL,"{""batch_size"":64,""depth_layer_id"":21,""early_stopping"":{""enabled"":false,""patience"":5},""epochs"":50,""eval_batch_size"":1024,""feature_view"":""pooled"",""layer"":27,""lr"":0.002146403547714585,""slot"":27,""weight_decay"":4.294315419725004e-05}",different_backbone_ablation/ltx_2b/intphys2/linear/intphys2_probe_linear_ltx_video_ltxv_2b_0_9_8_distilled_20260602T175813Z/layer_noise_0.4_block_21/train/optuna_summary.json
intphys2__ltx__ltx_2b_0_9_8_distilled__linear__slot_31__seed_101,intphys2__ltx__ltx_2b_0_9_8_distilled__linear__slot_31,train_eval.probe.intphys2,IntPhys2,intphys2,ltx,LTX-Video,LTX-2B,Linear,linear,101,42,ltx_video,ltx_2b_0_9_8_distilled,31,31,noise_0.3_block_21,pooled,1.0388823104027935e-05,0.00078121139735349242,128,1024,100,false,5,,,,,,,cpu,artifacts/probes/intphys2,seed_runs_intphys2_ltx2b_linear_mlp/intphys2__ltx__ltx_2b_0_9_8_distilled__linear__slot_31/seed_101,artifacts/results/intphys2,seed_runs_intphys2_ltx2b_linear_mlp/intphys2__ltx__ltx_2b_0_9_8_distilled__linear__slot_31/seed_101,seed_runs_intphys2_ltx2b_linear_mlp_intphys2__ltx__ltx_2b_0_9_8_distilled__linear__slot_31,intphys2__ltx__ltx_2b_0_9_8_distilled__linear__slot_31__seed_101,pending,,"[""seed=101"",""split.seed=42"",""backbone.name=ltx_video"",""+backbone.kwargs.variant=ltx_2b_0_9_8_distilled"",""probe.name=linear"",""probe.layer=31"",""probe.layers=[]"",""probe.feature_view=pooled"",""probe.device=cpu"",""probe.lr=1.0388823104027935e-05"",""probe.weight_decay=0.00078121139735349242"",""probe.batch_size=128"",""probe.eval_batch_size=1024"",""probe.epochs=100"",""probe.early_stopping.enabled=false"",""probe.early_stopping.patience=5"",""probe.optuna.enabled=false"",""probe.output_dir=artifacts/probes/intphys2"",""probe.output_subdir=seed_runs_intphys2_ltx2b_linear_mlp/intphys2__ltx__ltx_2b_0_9_8_distilled__linear__slot_31/seed_101"",""probe.eval_output_dir=artifacts/results/intphys2"",""probe.eval_output_subdir=seed_runs_intphys2_ltx2b_linear_mlp/intphys2__ltx__ltx_2b_0_9_8_distilled__linear__slot_31/seed_101"",""probe.wandb.group=seed_runs_intphys2_ltx2b_linear_mlp_intphys2__ltx__ltx_2b_0_9_8_distilled__linear__slot_31"",""probe.wandb.name=intphys2__ltx__ltx_2b_0_9_8_distilled__linear__slot_31__seed_101""]",results/verified_layerwise_probe_configs.csv,183,185,5691cb84e474eaa5,VERIFIED_FULL,"{""batch_size"":128,""depth_layer_id"":21,""early_stopping"":{""enabled"":false,""patience"":5},""epochs"":100,""eval_batch_size"":1024,""feature_view"":""pooled"",""layer"":31,""lr"":1.0388823104027935e-05,""slot"":31,""weight_decay"":0.0007812113973534924}",different_backbone_ablation/ltx_2b/intphys2/linear/intphys2_probe_linear_ltx_video_ltxv_2b_0_9_8_distilled_20260602T175813Z/layer_noise_0.3_block_21/train/optuna_summary.json
intphys2__ltx__ltx_2b_0_9_8_distilled__linear__slot_31__seed_102,intphys2__ltx__ltx_2b_0_9_8_distilled__linear__slot_31,train_eval.probe.intphys2,IntPhys2,intphys2,ltx,LTX-Video,LTX-2B,Linear,linear,102,42,ltx_video,ltx_2b_0_9_8_distilled,31,31,noise_0.3_block_21,pooled,1.0388823104027935e-05,0.00078121139735349242,128,1024,100,false,5,,,,,,,cpu,artifacts/probes/intphys2,seed_runs_intphys2_ltx2b_linear_mlp/intphys2__ltx__ltx_2b_0_9_8_distilled__linear__slot_31/seed_102,artifacts/results/intphys2,seed_runs_intphys2_ltx2b_linear_mlp/intphys2__ltx__ltx_2b_0_9_8_distilled__linear__slot_31/seed_102,seed_runs_intphys2_ltx2b_linear_mlp_intphys2__ltx__ltx_2b_0_9_8_distilled__linear__slot_31,intphys2__ltx__ltx_2b_0_9_8_distilled__linear__slot_31__seed_102,pending,,"[""seed=102"",""split.seed=42"",""backbone.name=ltx_video"",""+backbone.kwargs.variant=ltx_2b_0_9_8_distilled"",""probe.name=linear"",""probe.layer=31"",""probe.layers=[]"",""probe.feature_view=pooled"",""probe.device=cpu"",""probe.lr=1.0388823104027935e-05"",""probe.weight_decay=0.00078121139735349242"",""probe.batch_size=128"",""probe.eval_batch_size=1024"",""probe.epochs=100"",""probe.early_stopping.enabled=false"",""probe.early_stopping.patience=5"",""probe.optuna.enabled=false"",""probe.output_dir=artifacts/probes/intphys2"",""probe.output_subdir=seed_runs_intphys2_ltx2b_linear_mlp/intphys2__ltx__ltx_2b_0_9_8_distilled__linear__slot_31/seed_102"",""probe.eval_output_dir=artifacts/results/intphys2"",""probe.eval_output_subdir=seed_runs_intphys2_ltx2b_linear_mlp/intphys2__ltx__ltx_2b_0_9_8_distilled__linear__slot_31/seed_102"",""probe.wandb.group=seed_runs_intphys2_ltx2b_linear_mlp_intphys2__ltx__ltx_2b_0_9_8_distilled__linear__slot_31"",""probe.wandb.name=intphys2__ltx__ltx_2b_0_9_8_distilled__linear__slot_31__seed_102""]",results/verified_layerwise_probe_configs.csv,183,185,5691cb84e474eaa5,VERIFIED_FULL,"{""batch_size"":128,""depth_layer_id"":21,""early_stopping"":{""enabled"":false,""patience"":5},""epochs"":100,""eval_batch_size"":1024,""feature_view"":""pooled"",""layer"":31,""lr"":1.0388823104027935e-05,""slot"":31,""weight_decay"":0.0007812113973534924}",different_backbone_ablation/ltx_2b/intphys2/linear/intphys2_probe_linear_ltx_video_ltxv_2b_0_9_8_distilled_20260602T175813Z/layer_noise_0.3_block_21/train/optuna_summary.json
intphys2__ltx__ltx_2b_0_9_8_distilled__linear__slot_35__seed_101,intphys2__ltx__ltx_2b_0_9_8_distilled__linear__slot_35,train_eval.probe.intphys2,IntPhys2,intphys2,ltx,LTX-Video,LTX-2B,Linear,linear,101,42,ltx_video,ltx_2b_0_9_8_distilled,35,35,noise_0.2_block_21,pooled,0.0020762830177901079,1.5140768113540119e-07,64,1024,50,false,5,,,,,,,cpu,artifacts/probes/intphys2,seed_runs_intphys2_ltx2b_linear_mlp/intphys2__ltx__ltx_2b_0_9_8_distilled__linear__slot_35/seed_101,artifacts/results/intphys2,seed_runs_intphys2_ltx2b_linear_mlp/intphys2__ltx__ltx_2b_0_9_8_distilled__linear__slot_35/seed_101,seed_runs_intphys2_ltx2b_linear_mlp_intphys2__ltx__ltx_2b_0_9_8_distilled__linear__slot_35,intphys2__ltx__ltx_2b_0_9_8_distilled__linear__slot_35__seed_101,pending,,"[""seed=101"",""split.seed=42"",""backbone.name=ltx_video"",""+backbone.kwargs.variant=ltx_2b_0_9_8_distilled"",""probe.name=linear"",""probe.layer=35"",""probe.layers=[]"",""probe.feature_view=pooled"",""probe.device=cpu"",""probe.lr=0.0020762830177901079"",""probe.weight_decay=1.5140768113540119e-07"",""probe.batch_size=64"",""probe.eval_batch_size=1024"",""probe.epochs=50"",""probe.early_stopping.enabled=false"",""probe.early_stopping.patience=5"",""probe.optuna.enabled=false"",""probe.output_dir=artifacts/probes/intphys2"",""probe.output_subdir=seed_runs_intphys2_ltx2b_linear_mlp/intphys2__ltx__ltx_2b_0_9_8_distilled__linear__slot_35/seed_101"",""probe.eval_output_dir=artifacts/results/intphys2"",""probe.eval_output_subdir=seed_runs_intphys2_ltx2b_linear_mlp/intphys2__ltx__ltx_2b_0_9_8_distilled__linear__slot_35/seed_101"",""probe.wandb.group=seed_runs_intphys2_ltx2b_linear_mlp_intphys2__ltx__ltx_2b_0_9_8_distilled__linear__slot_35"",""probe.wandb.name=intphys2__ltx__ltx_2b_0_9_8_distilled__linear__slot_35__seed_101""]",results/verified_layerwise_probe_configs.csv,184,186,3f0c2e3bcc94c3ee,VERIFIED_FULL,"{""batch_size"":64,""depth_layer_id"":21,""early_stopping"":{""enabled"":false,""patience"":5},""epochs"":50,""eval_batch_size"":1024,""feature_view"":""pooled"",""layer"":35,""lr"":0.002076283017790108,""slot"":35,""weight_decay"":1.514076811354012e-07}",different_backbone_ablation/ltx_2b/intphys2/linear/intphys2_probe_linear_ltx_video_ltxv_2b_0_9_8_distilled_20260602T175813Z/layer_noise_0.2_block_21/train/optuna_summary.json
intphys2__ltx__ltx_2b_0_9_8_distilled__linear__slot_35__seed_102,intphys2__ltx__ltx_2b_0_9_8_distilled__linear__slot_35,train_eval.probe.intphys2,IntPhys2,intphys2,ltx,LTX-Video,LTX-2B,Linear,linear,102,42,ltx_video,ltx_2b_0_9_8_distilled,35,35,noise_0.2_block_21,pooled,0.0020762830177901079,1.5140768113540119e-07,64,1024,50,false,5,,,,,,,cpu,artifacts/probes/intphys2,seed_runs_intphys2_ltx2b_linear_mlp/intphys2__ltx__ltx_2b_0_9_8_distilled__linear__slot_35/seed_102,artifacts/results/intphys2,seed_runs_intphys2_ltx2b_linear_mlp/intphys2__ltx__ltx_2b_0_9_8_distilled__linear__slot_35/seed_102,seed_runs_intphys2_ltx2b_linear_mlp_intphys2__ltx__ltx_2b_0_9_8_distilled__linear__slot_35,intphys2__ltx__ltx_2b_0_9_8_distilled__linear__slot_35__seed_102,pending,,"[""seed=102"",""split.seed=42"",""backbone.name=ltx_video"",""+backbone.kwargs.variant=ltx_2b_0_9_8_distilled"",""probe.name=linear"",""probe.layer=35"",""probe.layers=[]"",""probe.feature_view=pooled"",""probe.device=cpu"",""probe.lr=0.0020762830177901079"",""probe.weight_decay=1.5140768113540119e-07"",""probe.batch_size=64"",""probe.eval_batch_size=1024"",""probe.epochs=50"",""probe.early_stopping.enabled=false"",""probe.early_stopping.patience=5"",""probe.optuna.enabled=false"",""probe.output_dir=artifacts/probes/intphys2"",""probe.output_subdir=seed_runs_intphys2_ltx2b_linear_mlp/intphys2__ltx__ltx_2b_0_9_8_distilled__linear__slot_35/seed_102"",""probe.eval_output_dir=artifacts/results/intphys2"",""probe.eval_output_subdir=seed_runs_intphys2_ltx2b_linear_mlp/intphys2__ltx__ltx_2b_0_9_8_distilled__linear__slot_35/seed_102"",""probe.wandb.group=seed_runs_intphys2_ltx2b_linear_mlp_intphys2__ltx__ltx_2b_0_9_8_distilled__linear__slot_35"",""probe.wandb.name=intphys2__ltx__ltx_2b_0_9_8_distilled__linear__slot_35__seed_102""]",results/verified_layerwise_probe_configs.csv,184,186,3f0c2e3bcc94c3ee,VERIFIED_FULL,"{""batch_size"":64,""depth_layer_id"":21,""early_stopping"":{""enabled"":false,""patience"":5},""epochs"":50,""eval_batch_size"":1024,""feature_view"":""pooled"",""layer"":35,""lr"":0.002076283017790108,""slot"":35,""weight_decay"":1.514076811354012e-07}",different_backbone_ablation/ltx_2b/intphys2/linear/intphys2_probe_linear_ltx_video_ltxv_2b_0_9_8_distilled_20260602T175813Z/layer_noise_0.2_block_21/train/optuna_summary.json
intphys2__ltx__ltx_2b_0_9_8_distilled__linear__slot_39__seed_101,intphys2__ltx__ltx_2b_0_9_8_distilled__linear__slot_39,train_eval.probe.intphys2,IntPhys2,intphys2,ltx,LTX-Video,LTX-2B,Linear,linear,101,42,ltx_video,ltx_2b_0_9_8_distilled,39,39,noise_0.1_block_21,pooled,0.0031428808908401098,1.8794668241638429e-07,256,1024,100,false,5,,,,,,,cpu,artifacts/probes/intphys2,seed_runs_intphys2_ltx2b_linear_mlp/intphys2__ltx__ltx_2b_0_9_8_distilled__linear__slot_39/seed_101,artifacts/results/intphys2,seed_runs_intphys2_ltx2b_linear_mlp/intphys2__ltx__ltx_2b_0_9_8_distilled__linear__slot_39/seed_101,seed_runs_intphys2_ltx2b_linear_mlp_intphys2__ltx__ltx_2b_0_9_8_distilled__linear__slot_39,intphys2__ltx__ltx_2b_0_9_8_distilled__linear__slot_39__seed_101,pending,,"[""seed=101"",""split.seed=42"",""backbone.name=ltx_video"",""+backbone.kwargs.variant=ltx_2b_0_9_8_distilled"",""probe.name=linear"",""probe.layer=39"",""probe.layers=[]"",""probe.feature_view=pooled"",""probe.device=cpu"",""probe.lr=0.0031428808908401098"",""probe.weight_decay=1.8794668241638429e-07"",""probe.batch_size=256"",""probe.eval_batch_size=1024"",""probe.epochs=100"",""probe.early_stopping.enabled=false"",""probe.early_stopping.patience=5"",""probe.optuna.enabled=false"",""probe.output_dir=artifacts/probes/intphys2"",""probe.output_subdir=seed_runs_intphys2_ltx2b_linear_mlp/intphys2__ltx__ltx_2b_0_9_8_distilled__linear__slot_39/seed_101"",""probe.eval_output_dir=artifacts/results/intphys2"",""probe.eval_output_subdir=seed_runs_intphys2_ltx2b_linear_mlp/intphys2__ltx__ltx_2b_0_9_8_distilled__linear__slot_39/seed_101"",""probe.wandb.group=seed_runs_intphys2_ltx2b_linear_mlp_intphys2__ltx__ltx_2b_0_9_8_distilled__linear__slot_39"",""probe.wandb.name=intphys2__ltx__ltx_2b_0_9_8_distilled__linear__slot_39__seed_101""]",results/verified_layerwise_probe_configs.csv,185,187,51ed29fc942335cf,VERIFIED_FULL,"{""batch_size"":256,""depth_layer_id"":21,""early_stopping"":{""enabled"":false,""patience"":5},""epochs"":100,""eval_batch_size"":1024,""feature_view"":""pooled"",""layer"":39,""lr"":0.00314288089084011,""slot"":39,""weight_decay"":1.879466824163843e-07}",different_backbone_ablation/ltx_2b/intphys2/linear/intphys2_probe_linear_ltx_video_ltxv_2b_0_9_8_distilled_20260602T175813Z/layer_noise_0.1_block_21/train/optuna_summary.json
intphys2__ltx__ltx_2b_0_9_8_distilled__linear__slot_39__seed_102,intphys2__ltx__ltx_2b_0_9_8_distilled__linear__slot_39,train_eval.probe.intphys2,IntPhys2,intphys2,ltx,LTX-Video,LTX-2B,Linear,linear,102,42,ltx_video,ltx_2b_0_9_8_distilled,39,39,noise_0.1_block_21,pooled,0.0031428808908401098,1.8794668241638429e-07,256,1024,100,false,5,,,,,,,cpu,artifacts/probes/intphys2,seed_runs_intphys2_ltx2b_linear_mlp/intphys2__ltx__ltx_2b_0_9_8_distilled__linear__slot_39/seed_102,artifacts/results/intphys2,seed_runs_intphys2_ltx2b_linear_mlp/intphys2__ltx__ltx_2b_0_9_8_distilled__linear__slot_39/seed_102,seed_runs_intphys2_ltx2b_linear_mlp_intphys2__ltx__ltx_2b_0_9_8_distilled__linear__slot_39,intphys2__ltx__ltx_2b_0_9_8_distilled__linear__slot_39__seed_102,pending,,"[""seed=102"",""split.seed=42"",""backbone.name=ltx_video"",""+backbone.kwargs.variant=ltx_2b_0_9_8_distilled"",""probe.name=linear"",""probe.layer=39"",""probe.layers=[]"",""probe.feature_view=pooled"",""probe.device=cpu"",""probe.lr=0.0031428808908401098"",""probe.weight_decay=1.8794668241638429e-07"",""probe.batch_size=256"",""probe.eval_batch_size=1024"",""probe.epochs=100"",""probe.early_stopping.enabled=false"",""probe.early_stopping.patience=5"",""probe.optuna.enabled=false"",""probe.output_dir=artifacts/probes/intphys2"",""probe.output_subdir=seed_runs_intphys2_ltx2b_linear_mlp/intphys2__ltx__ltx_2b_0_9_8_distilled__linear__slot_39/seed_102"",""probe.eval_output_dir=artifacts/results/intphys2"",""probe.eval_output_subdir=seed_runs_intphys2_ltx2b_linear_mlp/intphys2__ltx__ltx_2b_0_9_8_distilled__linear__slot_39/seed_102"",""probe.wandb.group=seed_runs_intphys2_ltx2b_linear_mlp_intphys2__ltx__ltx_2b_0_9_8_distilled__linear__slot_39"",""probe.wandb.name=intphys2__ltx__ltx_2b_0_9_8_distilled__linear__slot_39__seed_102""]",results/verified_layerwise_probe_configs.csv,185,187,51ed29fc942335cf,VERIFIED_FULL,"{""batch_size"":256,""depth_layer_id"":21,""early_stopping"":{""enabled"":false,""patience"":5},""epochs"":100,""eval_batch_size"":1024,""feature_view"":""pooled"",""layer"":39,""lr"":0.00314288089084011,""slot"":39,""weight_decay"":1.879466824163843e-07}",different_backbone_ablation/ltx_2b/intphys2/linear/intphys2_probe_linear_ltx_video_ltxv_2b_0_9_8_distilled_20260602T175813Z/layer_noise_0.1_block_21/train/optuna_summary.json
intphys2__ltx__ltx_2b_0_9_8_distilled__linear__slot_4__seed_101,intphys2__ltx__ltx_2b_0_9_8_distilled__linear__slot_4,train_eval.probe.intphys2,IntPhys2,intphys2,ltx,LTX-Video,LTX-2B,Linear,linear,101,42,ltx_video,ltx_2b_0_9_8_distilled,4,4,noise_1.0_block_28,pooled,0.00013292918943162159,0.0050615768887523043,32,1024,2000,false,5,,,,,,,cpu,artifacts/probes/intphys2,seed_runs_intphys2_ltx2b_linear_mlp/intphys2__ltx__ltx_2b_0_9_8_distilled__linear__slot_4/seed_101,artifacts/results/intphys2,seed_runs_intphys2_ltx2b_linear_mlp/intphys2__ltx__ltx_2b_0_9_8_distilled__linear__slot_4/seed_101,seed_runs_intphys2_ltx2b_linear_mlp_intphys2__ltx__ltx_2b_0_9_8_distilled__linear__slot_4,intphys2__ltx__ltx_2b_0_9_8_distilled__linear__slot_4__seed_101,pending,,"[""seed=101"",""split.seed=42"",""backbone.name=ltx_video"",""+backbone.kwargs.variant=ltx_2b_0_9_8_distilled"",""probe.name=linear"",""probe.layer=4"",""probe.layers=[]"",""probe.feature_view=pooled"",""probe.device=cpu"",""probe.lr=0.00013292918943162159"",""probe.weight_decay=0.0050615768887523043"",""probe.batch_size=32"",""probe.eval_batch_size=1024"",""probe.epochs=2000"",""probe.early_stopping.enabled=false"",""probe.early_stopping.patience=5"",""probe.optuna.enabled=false"",""probe.output_dir=artifacts/probes/intphys2"",""probe.output_subdir=seed_runs_intphys2_ltx2b_linear_mlp/intphys2__ltx__ltx_2b_0_9_8_distilled__linear__slot_4/seed_101"",""probe.eval_output_dir=artifacts/results/intphys2"",""probe.eval_output_subdir=seed_runs_intphys2_ltx2b_linear_mlp/intphys2__ltx__ltx_2b_0_9_8_distilled__linear__slot_4/seed_101"",""probe.wandb.group=seed_runs_intphys2_ltx2b_linear_mlp_intphys2__ltx__ltx_2b_0_9_8_distilled__linear__slot_4"",""probe.wandb.name=intphys2__ltx__ltx_2b_0_9_8_distilled__linear__slot_4__seed_101""]",results/verified_layerwise_probe_configs.csv,186,188,24afa3fe9ccc13f8,VERIFIED_FULL,"{""batch_size"":32,""depth_layer_id"":28,""early_stopping"":{""enabled"":false,""patience"":5},""epochs"":2000,""eval_batch_size"":1024,""feature_view"":""pooled"",""layer"":4,""lr"":0.0001329291894316216,""slot"":4,""weight_decay"":0.005061576888752304}",different_backbone_ablation/ltx_2b/intphys2/linear/intphys2_probe_linear_ltx_video_ltxv_2b_0_9_8_distilled_20260602T175813Z/layer_noise_1.0_block_28/train/optuna_summary.json
intphys2__ltx__ltx_2b_0_9_8_distilled__linear__slot_4__seed_102,intphys2__ltx__ltx_2b_0_9_8_distilled__linear__slot_4,train_eval.probe.intphys2,IntPhys2,intphys2,ltx,LTX-Video,LTX-2B,Linear,linear,102,42,ltx_video,ltx_2b_0_9_8_distilled,4,4,noise_1.0_block_28,pooled,0.00013292918943162159,0.0050615768887523043,32,1024,2000,false,5,,,,,,,cpu,artifacts/probes/intphys2,seed_runs_intphys2_ltx2b_linear_mlp/intphys2__ltx__ltx_2b_0_9_8_distilled__linear__slot_4/seed_102,artifacts/results/intphys2,seed_runs_intphys2_ltx2b_linear_mlp/intphys2__ltx__ltx_2b_0_9_8_distilled__linear__slot_4/seed_102,seed_runs_intphys2_ltx2b_linear_mlp_intphys2__ltx__ltx_2b_0_9_8_distilled__linear__slot_4,intphys2__ltx__ltx_2b_0_9_8_distilled__linear__slot_4__seed_102,pending,,"[""seed=102"",""split.seed=42"",""backbone.name=ltx_video"",""+backbone.kwargs.variant=ltx_2b_0_9_8_distilled"",""probe.name=linear"",""probe.layer=4"",""probe.layers=[]"",""probe.feature_view=pooled"",""probe.device=cpu"",""probe.lr=0.00013292918943162159"",""probe.weight_decay=0.0050615768887523043"",""probe.batch_size=32"",""probe.eval_batch_size=1024"",""probe.epochs=2000"",""probe.early_stopping.enabled=false"",""probe.early_stopping.patience=5"",""probe.optuna.enabled=false"",""probe.output_dir=artifacts/probes/intphys2"",""probe.output_subdir=seed_runs_intphys2_ltx2b_linear_mlp/intphys2__ltx__ltx_2b_0_9_8_distilled__linear__slot_4/seed_102"",""probe.eval_output_dir=artifacts/results/intphys2"",""probe.eval_output_subdir=seed_runs_intphys2_ltx2b_linear_mlp/intphys2__ltx__ltx_2b_0_9_8_distilled__linear__slot_4/seed_102"",""probe.wandb.group=seed_runs_intphys2_ltx2b_linear_mlp_intphys2__ltx__ltx_2b_0_9_8_distilled__linear__slot_4"",""probe.wandb.name=intphys2__ltx__ltx_2b_0_9_8_distilled__linear__slot_4__seed_102""]",results/verified_layerwise_probe_configs.csv,186,188,24afa3fe9ccc13f8,VERIFIED_FULL,"{""batch_size"":32,""depth_layer_id"":28,""early_stopping"":{""enabled"":false,""patience"":5},""epochs"":2000,""eval_batch_size"":1024,""feature_view"":""pooled"",""layer"":4,""lr"":0.0001329291894316216,""slot"":4,""weight_decay"":0.005061576888752304}",different_backbone_ablation/ltx_2b/intphys2/linear/intphys2_probe_linear_ltx_video_ltxv_2b_0_9_8_distilled_20260602T175813Z/layer_noise_1.0_block_28/train/optuna_summary.json
intphys2__ltx__ltx_2b_0_9_8_distilled__linear__slot_8__seed_101,intphys2__ltx__ltx_2b_0_9_8_distilled__linear__slot_8,train_eval.probe.intphys2,IntPhys2,intphys2,ltx,LTX-Video,LTX-2B,Linear,linear,101,42,ltx_video,ltx_2b_0_9_8_distilled,8,8,noise_0.9_block_28,pooled,0.0040078267041313157,9.3328918130139381e-08,64,1024,20,false,5,,,,,,,cpu,artifacts/probes/intphys2,seed_runs_intphys2_ltx2b_linear_mlp/intphys2__ltx__ltx_2b_0_9_8_distilled__linear__slot_8/seed_101,artifacts/results/intphys2,seed_runs_intphys2_ltx2b_linear_mlp/intphys2__ltx__ltx_2b_0_9_8_distilled__linear__slot_8/seed_101,seed_runs_intphys2_ltx2b_linear_mlp_intphys2__ltx__ltx_2b_0_9_8_distilled__linear__slot_8,intphys2__ltx__ltx_2b_0_9_8_distilled__linear__slot_8__seed_101,pending,,"[""seed=101"",""split.seed=42"",""backbone.name=ltx_video"",""+backbone.kwargs.variant=ltx_2b_0_9_8_distilled"",""probe.name=linear"",""probe.layer=8"",""probe.layers=[]"",""probe.feature_view=pooled"",""probe.device=cpu"",""probe.lr=0.0040078267041313157"",""probe.weight_decay=9.3328918130139381e-08"",""probe.batch_size=64"",""probe.eval_batch_size=1024"",""probe.epochs=20"",""probe.early_stopping.enabled=false"",""probe.early_stopping.patience=5"",""probe.optuna.enabled=false"",""probe.output_dir=artifacts/probes/intphys2"",""probe.output_subdir=seed_runs_intphys2_ltx2b_linear_mlp/intphys2__ltx__ltx_2b_0_9_8_distilled__linear__slot_8/seed_101"",""probe.eval_output_dir=artifacts/results/intphys2"",""probe.eval_output_subdir=seed_runs_intphys2_ltx2b_linear_mlp/intphys2__ltx__ltx_2b_0_9_8_distilled__linear__slot_8/seed_101"",""probe.wandb.group=seed_runs_intphys2_ltx2b_linear_mlp_intphys2__ltx__ltx_2b_0_9_8_distilled__linear__slot_8"",""probe.wandb.name=intphys2__ltx__ltx_2b_0_9_8_distilled__linear__slot_8__seed_101""]",results/verified_layerwise_probe_configs.csv,187,189,ce4de0ff53c31c88,VERIFIED_FULL,"{""batch_size"":64,""depth_layer_id"":28,""early_stopping"":{""enabled"":false,""patience"":5},""epochs"":20,""eval_batch_size"":1024,""feature_view"":""pooled"",""layer"":8,""lr"":0.004007826704131316,""slot"":8,""weight_decay"":9.332891813013938e-08}",different_backbone_ablation/ltx_2b/intphys2/linear/intphys2_probe_linear_ltx_video_ltxv_2b_0_9_8_distilled_20260602T175813Z/layer_noise_0.9_block_28/train/optuna_summary.json
intphys2__ltx__ltx_2b_0_9_8_distilled__linear__slot_8__seed_102,intphys2__ltx__ltx_2b_0_9_8_distilled__linear__slot_8,train_eval.probe.intphys2,IntPhys2,intphys2,ltx,LTX-Video,LTX-2B,Linear,linear,102,42,ltx_video,ltx_2b_0_9_8_distilled,8,8,noise_0.9_block_28,pooled,0.0040078267041313157,9.3328918130139381e-08,64,1024,20,false,5,,,,,,,cpu,artifacts/probes/intphys2,seed_runs_intphys2_ltx2b_linear_mlp/intphys2__ltx__ltx_2b_0_9_8_distilled__linear__slot_8/seed_102,artifacts/results/intphys2,seed_runs_intphys2_ltx2b_linear_mlp/intphys2__ltx__ltx_2b_0_9_8_distilled__linear__slot_8/seed_102,seed_runs_intphys2_ltx2b_linear_mlp_intphys2__ltx__ltx_2b_0_9_8_distilled__linear__slot_8,intphys2__ltx__ltx_2b_0_9_8_distilled__linear__slot_8__seed_102,pending,,"[""seed=102"",""split.seed=42"",""backbone.name=ltx_video"",""+backbone.kwargs.variant=ltx_2b_0_9_8_distilled"",""probe.name=linear"",""probe.layer=8"",""probe.layers=[]"",""probe.feature_view=pooled"",""probe.device=cpu"",""probe.lr=0.0040078267041313157"",""probe.weight_decay=9.3328918130139381e-08"",""probe.batch_size=64"",""probe.eval_batch_size=1024"",""probe.epochs=20"",""probe.early_stopping.enabled=false"",""probe.early_stopping.patience=5"",""probe.optuna.enabled=false"",""probe.output_dir=artifacts/probes/intphys2"",""probe.output_subdir=seed_runs_intphys2_ltx2b_linear_mlp/intphys2__ltx__ltx_2b_0_9_8_distilled__linear__slot_8/seed_102"",""probe.eval_output_dir=artifacts/results/intphys2"",""probe.eval_output_subdir=seed_runs_intphys2_ltx2b_linear_mlp/intphys2__ltx__ltx_2b_0_9_8_distilled__linear__slot_8/seed_102"",""probe.wandb.group=seed_runs_intphys2_ltx2b_linear_mlp_intphys2__ltx__ltx_2b_0_9_8_distilled__linear__slot_8"",""probe.wandb.name=intphys2__ltx__ltx_2b_0_9_8_distilled__linear__slot_8__seed_102""]",results/verified_layerwise_probe_configs.csv,187,189,ce4de0ff53c31c88,VERIFIED_FULL,"{""batch_size"":64,""depth_layer_id"":28,""early_stopping"":{""enabled"":false,""patience"":5},""epochs"":20,""eval_batch_size"":1024,""feature_view"":""pooled"",""layer"":8,""lr"":0.004007826704131316,""slot"":8,""weight_decay"":9.332891813013938e-08}",different_backbone_ablation/ltx_2b/intphys2/linear/intphys2_probe_linear_ltx_video_ltxv_2b_0_9_8_distilled_20260602T175813Z/layer_noise_0.9_block_28/train/optuna_summary.json
intphys2__ltx__ltx_2b_0_9_8_distilled__linear__slot_12__seed_101,intphys2__ltx__ltx_2b_0_9_8_distilled__linear__slot_12,train_eval.probe.intphys2,IntPhys2,intphys2,ltx,LTX-Video,LTX-2B,Linear,linear,101,42,ltx_video,ltx_2b_0_9_8_distilled,12,12,noise_0.8_block_28,pooled,0.0031428808908401098,1.8794668241638429e-07,256,1024,100,false,5,,,,,,,cpu,artifacts/probes/intphys2,seed_runs_intphys2_ltx2b_linear_mlp/intphys2__ltx__ltx_2b_0_9_8_distilled__linear__slot_12/seed_101,artifacts/results/intphys2,seed_runs_intphys2_ltx2b_linear_mlp/intphys2__ltx__ltx_2b_0_9_8_distilled__linear__slot_12/seed_101,seed_runs_intphys2_ltx2b_linear_mlp_intphys2__ltx__ltx_2b_0_9_8_distilled__linear__slot_12,intphys2__ltx__ltx_2b_0_9_8_distilled__linear__slot_12__seed_101,pending,,"[""seed=101"",""split.seed=42"",""backbone.name=ltx_video"",""+backbone.kwargs.variant=ltx_2b_0_9_8_distilled"",""probe.name=linear"",""probe.layer=12"",""probe.layers=[]"",""probe.feature_view=pooled"",""probe.device=cpu"",""probe.lr=0.0031428808908401098"",""probe.weight_decay=1.8794668241638429e-07"",""probe.batch_size=256"",""probe.eval_batch_size=1024"",""probe.epochs=100"",""probe.early_stopping.enabled=false"",""probe.early_stopping.patience=5"",""probe.optuna.enabled=false"",""probe.output_dir=artifacts/probes/intphys2"",""probe.output_subdir=seed_runs_intphys2_ltx2b_linear_mlp/intphys2__ltx__ltx_2b_0_9_8_distilled__linear__slot_12/seed_101"",""probe.eval_output_dir=artifacts/results/intphys2"",""probe.eval_output_subdir=seed_runs_intphys2_ltx2b_linear_mlp/intphys2__ltx__ltx_2b_0_9_8_distilled__linear__slot_12/seed_101"",""probe.wandb.group=seed_runs_intphys2_ltx2b_linear_mlp_intphys2__ltx__ltx_2b_0_9_8_distilled__linear__slot_12"",""probe.wandb.name=intphys2__ltx__ltx_2b_0_9_8_distilled__linear__slot_12__seed_101""]",results/verified_layerwise_probe_configs.csv,188,190,b7eb78dd702f909f,VERIFIED_FULL,"{""batch_size"":256,""depth_layer_id"":28,""early_stopping"":{""enabled"":false,""patience"":5},""epochs"":100,""eval_batch_size"":1024,""feature_view"":""pooled"",""layer"":12,""lr"":0.00314288089084011,""slot"":12,""weight_decay"":1.879466824163843e-07}",different_backbone_ablation/ltx_2b/intphys2/linear/intphys2_probe_linear_ltx_video_ltxv_2b_0_9_8_distilled_20260602T175813Z/layer_noise_0.8_block_28/train/optuna_summary.json
intphys2__ltx__ltx_2b_0_9_8_distilled__linear__slot_12__seed_102,intphys2__ltx__ltx_2b_0_9_8_distilled__linear__slot_12,train_eval.probe.intphys2,IntPhys2,intphys2,ltx,LTX-Video,LTX-2B,Linear,linear,102,42,ltx_video,ltx_2b_0_9_8_distilled,12,12,noise_0.8_block_28,pooled,0.0031428808908401098,1.8794668241638429e-07,256,1024,100,false,5,,,,,,,cpu,artifacts/probes/intphys2,seed_runs_intphys2_ltx2b_linear_mlp/intphys2__ltx__ltx_2b_0_9_8_distilled__linear__slot_12/seed_102,artifacts/results/intphys2,seed_runs_intphys2_ltx2b_linear_mlp/intphys2__ltx__ltx_2b_0_9_8_distilled__linear__slot_12/seed_102,seed_runs_intphys2_ltx2b_linear_mlp_intphys2__ltx__ltx_2b_0_9_8_distilled__linear__slot_12,intphys2__ltx__ltx_2b_0_9_8_distilled__linear__slot_12__seed_102,pending,,"[""seed=102"",""split.seed=42"",""backbone.name=ltx_video"",""+backbone.kwargs.variant=ltx_2b_0_9_8_distilled"",""probe.name=linear"",""probe.layer=12"",""probe.layers=[]"",""probe.feature_view=pooled"",""probe.device=cpu"",""probe.lr=0.0031428808908401098"",""probe.weight_decay=1.8794668241638429e-07"",""probe.batch_size=256"",""probe.eval_batch_size=1024"",""probe.epochs=100"",""probe.early_stopping.enabled=false"",""probe.early_stopping.patience=5"",""probe.optuna.enabled=false"",""probe.output_dir=artifacts/probes/intphys2"",""probe.output_subdir=seed_runs_intphys2_ltx2b_linear_mlp/intphys2__ltx__ltx_2b_0_9_8_distilled__linear__slot_12/seed_102"",""probe.eval_output_dir=artifacts/results/intphys2"",""probe.eval_output_subdir=seed_runs_intphys2_ltx2b_linear_mlp/intphys2__ltx__ltx_2b_0_9_8_distilled__linear__slot_12/seed_102"",""probe.wandb.group=seed_runs_intphys2_ltx2b_linear_mlp_intphys2__ltx__ltx_2b_0_9_8_distilled__linear__slot_12"",""probe.wandb.name=intphys2__ltx__ltx_2b_0_9_8_distilled__linear__slot_12__seed_102""]",results/verified_layerwise_probe_configs.csv,188,190,b7eb78dd702f909f,VERIFIED_FULL,"{""batch_size"":256,""depth_layer_id"":28,""early_stopping"":{""enabled"":false,""patience"":5},""epochs"":100,""eval_batch_size"":1024,""feature_view"":""pooled"",""layer"":12,""lr"":0.00314288089084011,""slot"":12,""weight_decay"":1.879466824163843e-07}",different_backbone_ablation/ltx_2b/intphys2/linear/intphys2_probe_linear_ltx_video_ltxv_2b_0_9_8_distilled_20260602T175813Z/layer_noise_0.8_block_28/train/optuna_summary.json
intphys2__ltx__ltx_2b_0_9_8_distilled__linear__slot_16__seed_101,intphys2__ltx__ltx_2b_0_9_8_distilled__linear__slot_16,train_eval.probe.intphys2,IntPhys2,intphys2,ltx,LTX-Video,LTX-2B,Linear,linear,101,42,ltx_video,ltx_2b_0_9_8_distilled,16,16,noise_0.7_block_28,pooled,0.00013292918943162159,0.0050615768887523043,32,1024,2000,false,5,,,,,,,cpu,artifacts/probes/intphys2,seed_runs_intphys2_ltx2b_linear_mlp/intphys2__ltx__ltx_2b_0_9_8_distilled__linear__slot_16/seed_101,artifacts/results/intphys2,seed_runs_intphys2_ltx2b_linear_mlp/intphys2__ltx__ltx_2b_0_9_8_distilled__linear__slot_16/seed_101,seed_runs_intphys2_ltx2b_linear_mlp_intphys2__ltx__ltx_2b_0_9_8_distilled__linear__slot_16,intphys2__ltx__ltx_2b_0_9_8_distilled__linear__slot_16__seed_101,pending,,"[""seed=101"",""split.seed=42"",""backbone.name=ltx_video"",""+backbone.kwargs.variant=ltx_2b_0_9_8_distilled"",""probe.name=linear"",""probe.layer=16"",""probe.layers=[]"",""probe.feature_view=pooled"",""probe.device=cpu"",""probe.lr=0.00013292918943162159"",""probe.weight_decay=0.0050615768887523043"",""probe.batch_size=32"",""probe.eval_batch_size=1024"",""probe.epochs=2000"",""probe.early_stopping.enabled=false"",""probe.early_stopping.patience=5"",""probe.optuna.enabled=false"",""probe.output_dir=artifacts/probes/intphys2"",""probe.output_subdir=seed_runs_intphys2_ltx2b_linear_mlp/intphys2__ltx__ltx_2b_0_9_8_distilled__linear__slot_16/seed_101"",""probe.eval_output_dir=artifacts/results/intphys2"",""probe.eval_output_subdir=seed_runs_intphys2_ltx2b_linear_mlp/intphys2__ltx__ltx_2b_0_9_8_distilled__linear__slot_16/seed_101"",""probe.wandb.group=seed_runs_intphys2_ltx2b_linear_mlp_intphys2__ltx__ltx_2b_0_9_8_distilled__linear__slot_16"",""probe.wandb.name=intphys2__ltx__ltx_2b_0_9_8_distilled__linear__slot_16__seed_101""]",results/verified_layerwise_probe_configs.csv,189,191,85bc3325cd7c33b7,VERIFIED_FULL,"{""batch_size"":32,""depth_layer_id"":28,""early_stopping"":{""enabled"":false,""patience"":5},""epochs"":2000,""eval_batch_size"":1024,""feature_view"":""pooled"",""layer"":16,""lr"":0.0001329291894316216,""slot"":16,""weight_decay"":0.005061576888752304}",different_backbone_ablation/ltx_2b/intphys2/linear/intphys2_probe_linear_ltx_video_ltxv_2b_0_9_8_distilled_20260602T175813Z/layer_noise_0.7_block_28/train/optuna_summary.json
intphys2__ltx__ltx_2b_0_9_8_distilled__linear__slot_16__seed_102,intphys2__ltx__ltx_2b_0_9_8_distilled__linear__slot_16,train_eval.probe.intphys2,IntPhys2,intphys2,ltx,LTX-Video,LTX-2B,Linear,linear,102,42,ltx_video,ltx_2b_0_9_8_distilled,16,16,noise_0.7_block_28,pooled,0.00013292918943162159,0.0050615768887523043,32,1024,2000,false,5,,,,,,,cpu,artifacts/probes/intphys2,seed_runs_intphys2_ltx2b_linear_mlp/intphys2__ltx__ltx_2b_0_9_8_distilled__linear__slot_16/seed_102,artifacts/results/intphys2,seed_runs_intphys2_ltx2b_linear_mlp/intphys2__ltx__ltx_2b_0_9_8_distilled__linear__slot_16/seed_102,seed_runs_intphys2_ltx2b_linear_mlp_intphys2__ltx__ltx_2b_0_9_8_distilled__linear__slot_16,intphys2__ltx__ltx_2b_0_9_8_distilled__linear__slot_16__seed_102,pending,,"[""seed=102"",""split.seed=42"",""backbone.name=ltx_video"",""+backbone.kwargs.variant=ltx_2b_0_9_8_distilled"",""probe.name=linear"",""probe.layer=16"",""probe.layers=[]"",""probe.feature_view=pooled"",""probe.device=cpu"",""probe.lr=0.00013292918943162159"",""probe.weight_decay=0.0050615768887523043"",""probe.batch_size=32"",""probe.eval_batch_size=1024"",""probe.epochs=2000"",""probe.early_stopping.enabled=false"",""probe.early_stopping.patience=5"",""probe.optuna.enabled=false"",""probe.output_dir=artifacts/probes/intphys2"",""probe.output_subdir=seed_runs_intphys2_ltx2b_linear_mlp/intphys2__ltx__ltx_2b_0_9_8_distilled__linear__slot_16/seed_102"",""probe.eval_output_dir=artifacts/results/intphys2"",""probe.eval_output_subdir=seed_runs_intphys2_ltx2b_linear_mlp/intphys2__ltx__ltx_2b_0_9_8_distilled__linear__slot_16/seed_102"",""probe.wandb.group=seed_runs_intphys2_ltx2b_linear_mlp_intphys2__ltx__ltx_2b_0_9_8_distilled__linear__slot_16"",""probe.wandb.name=intphys2__ltx__ltx_2b_0_9_8_distilled__linear__slot_16__seed_102""]",results/verified_layerwise_probe_configs.csv,189,191,85bc3325cd7c33b7,VERIFIED_FULL,"{""batch_size"":32,""depth_layer_id"":28,""early_stopping"":{""enabled"":false,""patience"":5},""epochs"":2000,""eval_batch_size"":1024,""feature_view"":""pooled"",""layer"":16,""lr"":0.0001329291894316216,""slot"":16,""weight_decay"":0.005061576888752304}",different_backbone_ablation/ltx_2b/intphys2/linear/intphys2_probe_linear_ltx_video_ltxv_2b_0_9_8_distilled_20260602T175813Z/layer_noise_0.7_block_28/train/optuna_summary.json
intphys2__ltx__ltx_2b_0_9_8_distilled__linear__slot_20__seed_101,intphys2__ltx__ltx_2b_0_9_8_distilled__linear__slot_20,train_eval.probe.intphys2,IntPhys2,intphys2,ltx,LTX-Video,LTX-2B,Linear,linear,101,42,ltx_video,ltx_2b_0_9_8_distilled,20,20,noise_0.6_block_28,pooled,0.0079856348972815062,6.0998258565929394e-06,128,1024,20,false,5,,,,,,,cpu,artifacts/probes/intphys2,seed_runs_intphys2_ltx2b_linear_mlp/intphys2__ltx__ltx_2b_0_9_8_distilled__linear__slot_20/seed_101,artifacts/results/intphys2,seed_runs_intphys2_ltx2b_linear_mlp/intphys2__ltx__ltx_2b_0_9_8_distilled__linear__slot_20/seed_101,seed_runs_intphys2_ltx2b_linear_mlp_intphys2__ltx__ltx_2b_0_9_8_distilled__linear__slot_20,intphys2__ltx__ltx_2b_0_9_8_distilled__linear__slot_20__seed_101,pending,,"[""seed=101"",""split.seed=42"",""backbone.name=ltx_video"",""+backbone.kwargs.variant=ltx_2b_0_9_8_distilled"",""probe.name=linear"",""probe.layer=20"",""probe.layers=[]"",""probe.feature_view=pooled"",""probe.device=cpu"",""probe.lr=0.0079856348972815062"",""probe.weight_decay=6.0998258565929394e-06"",""probe.batch_size=128"",""probe.eval_batch_size=1024"",""probe.epochs=20"",""probe.early_stopping.enabled=false"",""probe.early_stopping.patience=5"",""probe.optuna.enabled=false"",""probe.output_dir=artifacts/probes/intphys2"",""probe.output_subdir=seed_runs_intphys2_ltx2b_linear_mlp/intphys2__ltx__ltx_2b_0_9_8_distilled__linear__slot_20/seed_101"",""probe.eval_output_dir=artifacts/results/intphys2"",""probe.eval_output_subdir=seed_runs_intphys2_ltx2b_linear_mlp/intphys2__ltx__ltx_2b_0_9_8_distilled__linear__slot_20/seed_101"",""probe.wandb.group=seed_runs_intphys2_ltx2b_linear_mlp_intphys2__ltx__ltx_2b_0_9_8_distilled__linear__slot_20"",""probe.wandb.name=intphys2__ltx__ltx_2b_0_9_8_distilled__linear__slot_20__seed_101""]",results/verified_layerwise_probe_configs.csv,190,192,50481d7a40920243,VERIFIED_FULL,"{""batch_size"":128,""depth_layer_id"":28,""early_stopping"":{""enabled"":false,""patience"":5},""epochs"":20,""eval_batch_size"":1024,""feature_view"":""pooled"",""layer"":20,""lr"":0.007985634897281506,""slot"":20,""weight_decay"":6.099825856592939e-06}",different_backbone_ablation/ltx_2b/intphys2/linear/intphys2_probe_linear_ltx_video_ltxv_2b_0_9_8_distilled_20260602T175813Z/layer_noise_0.6_block_28/train/optuna_summary.json
intphys2__ltx__ltx_2b_0_9_8_distilled__linear__slot_20__seed_102,intphys2__ltx__ltx_2b_0_9_8_distilled__linear__slot_20,train_eval.probe.intphys2,IntPhys2,intphys2,ltx,LTX-Video,LTX-2B,Linear,linear,102,42,ltx_video,ltx_2b_0_9_8_distilled,20,20,noise_0.6_block_28,pooled,0.0079856348972815062,6.0998258565929394e-06,128,1024,20,false,5,,,,,,,cpu,artifacts/probes/intphys2,seed_runs_intphys2_ltx2b_linear_mlp/intphys2__ltx__ltx_2b_0_9_8_distilled__linear__slot_20/seed_102,artifacts/results/intphys2,seed_runs_intphys2_ltx2b_linear_mlp/intphys2__ltx__ltx_2b_0_9_8_distilled__linear__slot_20/seed_102,seed_runs_intphys2_ltx2b_linear_mlp_intphys2__ltx__ltx_2b_0_9_8_distilled__linear__slot_20,intphys2__ltx__ltx_2b_0_9_8_distilled__linear__slot_20__seed_102,pending,,"[""seed=102"",""split.seed=42"",""backbone.name=ltx_video"",""+backbone.kwargs.variant=ltx_2b_0_9_8_distilled"",""probe.name=linear"",""probe.layer=20"",""probe.layers=[]"",""probe.feature_view=pooled"",""probe.device=cpu"",""probe.lr=0.0079856348972815062"",""probe.weight_decay=6.0998258565929394e-06"",""probe.batch_size=128"",""probe.eval_batch_size=1024"",""probe.epochs=20"",""probe.early_stopping.enabled=false"",""probe.early_stopping.patience=5"",""probe.optuna.enabled=false"",""probe.output_dir=artifacts/probes/intphys2"",""probe.output_subdir=seed_runs_intphys2_ltx2b_linear_mlp/intphys2__ltx__ltx_2b_0_9_8_distilled__linear__slot_20/seed_102"",""probe.eval_output_dir=artifacts/results/intphys2"",""probe.eval_output_subdir=seed_runs_intphys2_ltx2b_linear_mlp/intphys2__ltx__ltx_2b_0_9_8_distilled__linear__slot_20/seed_102"",""probe.wandb.group=seed_runs_intphys2_ltx2b_linear_mlp_intphys2__ltx__ltx_2b_0_9_8_distilled__linear__slot_20"",""probe.wandb.name=intphys2__ltx__ltx_2b_0_9_8_distilled__linear__slot_20__seed_102""]",results/verified_layerwise_probe_configs.csv,190,192,50481d7a40920243,VERIFIED_FULL,"{""batch_size"":128,""depth_layer_id"":28,""early_stopping"":{""enabled"":false,""patience"":5},""epochs"":20,""eval_batch_size"":1024,""feature_view"":""pooled"",""layer"":20,""lr"":0.007985634897281506,""slot"":20,""weight_decay"":6.099825856592939e-06}",different_backbone_ablation/ltx_2b/intphys2/linear/intphys2_probe_linear_ltx_video_ltxv_2b_0_9_8_distilled_20260602T175813Z/layer_noise_0.6_block_28/train/optuna_summary.json
intphys2__ltx__ltx_2b_0_9_8_distilled__linear__slot_24__seed_101,intphys2__ltx__ltx_2b_0_9_8_distilled__linear__slot_24,train_eval.probe.intphys2,IntPhys2,intphys2,ltx,LTX-Video,LTX-2B,Linear,linear,101,42,ltx_video,ltx_2b_0_9_8_distilled,24,24,noise_0.5_block_28,pooled,0.00023345864076016249,0.00051410966488057519,128,1024,1000,false,5,,,,,,,cpu,artifacts/probes/intphys2,seed_runs_intphys2_ltx2b_linear_mlp/intphys2__ltx__ltx_2b_0_9_8_distilled__linear__slot_24/seed_101,artifacts/results/intphys2,seed_runs_intphys2_ltx2b_linear_mlp/intphys2__ltx__ltx_2b_0_9_8_distilled__linear__slot_24/seed_101,seed_runs_intphys2_ltx2b_linear_mlp_intphys2__ltx__ltx_2b_0_9_8_distilled__linear__slot_24,intphys2__ltx__ltx_2b_0_9_8_distilled__linear__slot_24__seed_101,pending,,"[""seed=101"",""split.seed=42"",""backbone.name=ltx_video"",""+backbone.kwargs.variant=ltx_2b_0_9_8_distilled"",""probe.name=linear"",""probe.layer=24"",""probe.layers=[]"",""probe.feature_view=pooled"",""probe.device=cpu"",""probe.lr=0.00023345864076016249"",""probe.weight_decay=0.00051410966488057519"",""probe.batch_size=128"",""probe.eval_batch_size=1024"",""probe.epochs=1000"",""probe.early_stopping.enabled=false"",""probe.early_stopping.patience=5"",""probe.optuna.enabled=false"",""probe.output_dir=artifacts/probes/intphys2"",""probe.output_subdir=seed_runs_intphys2_ltx2b_linear_mlp/intphys2__ltx__ltx_2b_0_9_8_distilled__linear__slot_24/seed_101"",""probe.eval_output_dir=artifacts/results/intphys2"",""probe.eval_output_subdir=seed_runs_intphys2_ltx2b_linear_mlp/intphys2__ltx__ltx_2b_0_9_8_distilled__linear__slot_24/seed_101"",""probe.wandb.group=seed_runs_intphys2_ltx2b_linear_mlp_intphys2__ltx__ltx_2b_0_9_8_distilled__linear__slot_24"",""probe.wandb.name=intphys2__ltx__ltx_2b_0_9_8_distilled__linear__slot_24__seed_101""]",results/verified_layerwise_probe_configs.csv,191,193,622f9934a977caf7,VERIFIED_FULL,"{""batch_size"":128,""depth_layer_id"":28,""early_stopping"":{""enabled"":false,""patience"":5},""epochs"":1000,""eval_batch_size"":1024,""feature_view"":""pooled"",""layer"":24,""lr"":0.00023345864076016249,""slot"":24,""weight_decay"":0.0005141096648805752}",different_backbone_ablation/ltx_2b/intphys2/linear/intphys2_probe_linear_ltx_video_ltxv_2b_0_9_8_distilled_20260602T175813Z/layer_noise_0.5_block_28/train/optuna_summary.json
intphys2__ltx__ltx_2b_0_9_8_distilled__linear__slot_24__seed_102,intphys2__ltx__ltx_2b_0_9_8_distilled__linear__slot_24,train_eval.probe.intphys2,IntPhys2,intphys2,ltx,LTX-Video,LTX-2B,Linear,linear,102,42,ltx_video,ltx_2b_0_9_8_distilled,24,24,noise_0.5_block_28,pooled,0.00023345864076016249,0.00051410966488057519,128,1024,1000,false,5,,,,,,,cpu,artifacts/probes/intphys2,seed_runs_intphys2_ltx2b_linear_mlp/intphys2__ltx__ltx_2b_0_9_8_distilled__linear__slot_24/seed_102,artifacts/results/intphys2,seed_runs_intphys2_ltx2b_linear_mlp/intphys2__ltx__ltx_2b_0_9_8_distilled__linear__slot_24/seed_102,seed_runs_intphys2_ltx2b_linear_mlp_intphys2__ltx__ltx_2b_0_9_8_distilled__linear__slot_24,intphys2__ltx__ltx_2b_0_9_8_distilled__linear__slot_24__seed_102,pending,,"[""seed=102"",""split.seed=42"",""backbone.name=ltx_video"",""+backbone.kwargs.variant=ltx_2b_0_9_8_distilled"",""probe.name=linear"",""probe.layer=24"",""probe.layers=[]"",""probe.feature_view=pooled"",""probe.device=cpu"",""probe.lr=0.00023345864076016249"",""probe.weight_decay=0.00051410966488057519"",""probe.batch_size=128"",""probe.eval_batch_size=1024"",""probe.epochs=1000"",""probe.early_stopping.enabled=false"",""probe.early_stopping.patience=5"",""probe.optuna.enabled=false"",""probe.output_dir=artifacts/probes/intphys2"",""probe.output_subdir=seed_runs_intphys2_ltx2b_linear_mlp/intphys2__ltx__ltx_2b_0_9_8_distilled__linear__slot_24/seed_102"",""probe.eval_output_dir=artifacts/results/intphys2"",""probe.eval_output_subdir=seed_runs_intphys2_ltx2b_linear_mlp/intphys2__ltx__ltx_2b_0_9_8_distilled__linear__slot_24/seed_102"",""probe.wandb.group=seed_runs_intphys2_ltx2b_linear_mlp_intphys2__ltx__ltx_2b_0_9_8_distilled__linear__slot_24"",""probe.wandb.name=intphys2__ltx__ltx_2b_0_9_8_distilled__linear__slot_24__seed_102""]",results/verified_layerwise_probe_configs.csv,191,193,622f9934a977caf7,VERIFIED_FULL,"{""batch_size"":128,""depth_layer_id"":28,""early_stopping"":{""enabled"":false,""patience"":5},""epochs"":1000,""eval_batch_size"":1024,""feature_view"":""pooled"",""layer"":24,""lr"":0.00023345864076016249,""slot"":24,""weight_decay"":0.0005141096648805752}",different_backbone_ablation/ltx_2b/intphys2/linear/intphys2_probe_linear_ltx_video_ltxv_2b_0_9_8_distilled_20260602T175813Z/layer_noise_0.5_block_28/train/optuna_summary.json
intphys2__ltx__ltx_2b_0_9_8_distilled__linear__slot_28__seed_101,intphys2__ltx__ltx_2b_0_9_8_distilled__linear__slot_28,train_eval.probe.intphys2,IntPhys2,intphys2,ltx,LTX-Video,LTX-2B,Linear,linear,101,42,ltx_video,ltx_2b_0_9_8_distilled,28,28,noise_0.4_block_28,pooled,8.569331925053983e-05,8.93511059033186e-07,128,1024,1000,false,5,,,,,,,cpu,artifacts/probes/intphys2,seed_runs_intphys2_ltx2b_linear_mlp/intphys2__ltx__ltx_2b_0_9_8_distilled__linear__slot_28/seed_101,artifacts/results/intphys2,seed_runs_intphys2_ltx2b_linear_mlp/intphys2__ltx__ltx_2b_0_9_8_distilled__linear__slot_28/seed_101,seed_runs_intphys2_ltx2b_linear_mlp_intphys2__ltx__ltx_2b_0_9_8_distilled__linear__slot_28,intphys2__ltx__ltx_2b_0_9_8_distilled__linear__slot_28__seed_101,pending,,"[""seed=101"",""split.seed=42"",""backbone.name=ltx_video"",""+backbone.kwargs.variant=ltx_2b_0_9_8_distilled"",""probe.name=linear"",""probe.layer=28"",""probe.layers=[]"",""probe.feature_view=pooled"",""probe.device=cpu"",""probe.lr=8.569331925053983e-05"",""probe.weight_decay=8.93511059033186e-07"",""probe.batch_size=128"",""probe.eval_batch_size=1024"",""probe.epochs=1000"",""probe.early_stopping.enabled=false"",""probe.early_stopping.patience=5"",""probe.optuna.enabled=false"",""probe.output_dir=artifacts/probes/intphys2"",""probe.output_subdir=seed_runs_intphys2_ltx2b_linear_mlp/intphys2__ltx__ltx_2b_0_9_8_distilled__linear__slot_28/seed_101"",""probe.eval_output_dir=artifacts/results/intphys2"",""probe.eval_output_subdir=seed_runs_intphys2_ltx2b_linear_mlp/intphys2__ltx__ltx_2b_0_9_8_distilled__linear__slot_28/seed_101"",""probe.wandb.group=seed_runs_intphys2_ltx2b_linear_mlp_intphys2__ltx__ltx_2b_0_9_8_distilled__linear__slot_28"",""probe.wandb.name=intphys2__ltx__ltx_2b_0_9_8_distilled__linear__slot_28__seed_101""]",results/verified_layerwise_probe_configs.csv,192,194,a4abf94a8ad7d96e,VERIFIED_FULL,"{""batch_size"":128,""depth_layer_id"":28,""early_stopping"":{""enabled"":false,""patience"":5},""epochs"":1000,""eval_batch_size"":1024,""feature_view"":""pooled"",""layer"":28,""lr"":8.569331925053983e-05,""slot"":28,""weight_decay"":8.93511059033186e-07}",different_backbone_ablation/ltx_2b/intphys2/linear/intphys2_probe_linear_ltx_video_ltxv_2b_0_9_8_distilled_20260602T175813Z/layer_noise_0.4_block_28/train/optuna_summary.json
intphys2__ltx__ltx_2b_0_9_8_distilled__linear__slot_28__seed_102,intphys2__ltx__ltx_2b_0_9_8_distilled__linear__slot_28,train_eval.probe.intphys2,IntPhys2,intphys2,ltx,LTX-Video,LTX-2B,Linear,linear,102,42,ltx_video,ltx_2b_0_9_8_distilled,28,28,noise_0.4_block_28,pooled,8.569331925053983e-05,8.93511059033186e-07,128,1024,1000,false,5,,,,,,,cpu,artifacts/probes/intphys2,seed_runs_intphys2_ltx2b_linear_mlp/intphys2__ltx__ltx_2b_0_9_8_distilled__linear__slot_28/seed_102,artifacts/results/intphys2,seed_runs_intphys2_ltx2b_linear_mlp/intphys2__ltx__ltx_2b_0_9_8_distilled__linear__slot_28/seed_102,seed_runs_intphys2_ltx2b_linear_mlp_intphys2__ltx__ltx_2b_0_9_8_distilled__linear__slot_28,intphys2__ltx__ltx_2b_0_9_8_distilled__linear__slot_28__seed_102,pending,,"[""seed=102"",""split.seed=42"",""backbone.name=ltx_video"",""+backbone.kwargs.variant=ltx_2b_0_9_8_distilled"",""probe.name=linear"",""probe.layer=28"",""probe.layers=[]"",""probe.feature_view=pooled"",""probe.device=cpu"",""probe.lr=8.569331925053983e-05"",""probe.weight_decay=8.93511059033186e-07"",""probe.batch_size=128"",""probe.eval_batch_size=1024"",""probe.epochs=1000"",""probe.early_stopping.enabled=false"",""probe.early_stopping.patience=5"",""probe.optuna.enabled=false"",""probe.output_dir=artifacts/probes/intphys2"",""probe.output_subdir=seed_runs_intphys2_ltx2b_linear_mlp/intphys2__ltx__ltx_2b_0_9_8_distilled__linear__slot_28/seed_102"",""probe.eval_output_dir=artifacts/results/intphys2"",""probe.eval_output_subdir=seed_runs_intphys2_ltx2b_linear_mlp/intphys2__ltx__ltx_2b_0_9_8_distilled__linear__slot_28/seed_102"",""probe.wandb.group=seed_runs_intphys2_ltx2b_linear_mlp_intphys2__ltx__ltx_2b_0_9_8_distilled__linear__slot_28"",""probe.wandb.name=intphys2__ltx__ltx_2b_0_9_8_distilled__linear__slot_28__seed_102""]",results/verified_layerwise_probe_configs.csv,192,194,a4abf94a8ad7d96e,VERIFIED_FULL,"{""batch_size"":128,""depth_layer_id"":28,""early_stopping"":{""enabled"":false,""patience"":5},""epochs"":1000,""eval_batch_size"":1024,""feature_view"":""pooled"",""layer"":28,""lr"":8.569331925053983e-05,""slot"":28,""weight_decay"":8.93511059033186e-07}",different_backbone_ablation/ltx_2b/intphys2/linear/intphys2_probe_linear_ltx_video_ltxv_2b_0_9_8_distilled_20260602T175813Z/layer_noise_0.4_block_28/train/optuna_summary.json
intphys2__ltx__ltx_2b_0_9_8_distilled__linear__slot_32__seed_101,intphys2__ltx__ltx_2b_0_9_8_distilled__linear__slot_32,train_eval.probe.intphys2,IntPhys2,intphys2,ltx,LTX-Video,LTX-2B,Linear,linear,101,42,ltx_video,ltx_2b_0_9_8_distilled,32,32,noise_0.3_block_28,pooled,1.0388823104027935e-05,0.00078121139735349242,128,1024,100,false,5,,,,,,,cpu,artifacts/probes/intphys2,seed_runs_intphys2_ltx2b_linear_mlp/intphys2__ltx__ltx_2b_0_9_8_distilled__linear__slot_32/seed_101,artifacts/results/intphys2,seed_runs_intphys2_ltx2b_linear_mlp/intphys2__ltx__ltx_2b_0_9_8_distilled__linear__slot_32/seed_101,seed_runs_intphys2_ltx2b_linear_mlp_intphys2__ltx__ltx_2b_0_9_8_distilled__linear__slot_32,intphys2__ltx__ltx_2b_0_9_8_distilled__linear__slot_32__seed_101,pending,,"[""seed=101"",""split.seed=42"",""backbone.name=ltx_video"",""+backbone.kwargs.variant=ltx_2b_0_9_8_distilled"",""probe.name=linear"",""probe.layer=32"",""probe.layers=[]"",""probe.feature_view=pooled"",""probe.device=cpu"",""probe.lr=1.0388823104027935e-05"",""probe.weight_decay=0.00078121139735349242"",""probe.batch_size=128"",""probe.eval_batch_size=1024"",""probe.epochs=100"",""probe.early_stopping.enabled=false"",""probe.early_stopping.patience=5"",""probe.optuna.enabled=false"",""probe.output_dir=artifacts/probes/intphys2"",""probe.output_subdir=seed_runs_intphys2_ltx2b_linear_mlp/intphys2__ltx__ltx_2b_0_9_8_distilled__linear__slot_32/seed_101"",""probe.eval_output_dir=artifacts/results/intphys2"",""probe.eval_output_subdir=seed_runs_intphys2_ltx2b_linear_mlp/intphys2__ltx__ltx_2b_0_9_8_distilled__linear__slot_32/seed_101"",""probe.wandb.group=seed_runs_intphys2_ltx2b_linear_mlp_intphys2__ltx__ltx_2b_0_9_8_distilled__linear__slot_32"",""probe.wandb.name=intphys2__ltx__ltx_2b_0_9_8_distilled__linear__slot_32__seed_101""]",results/verified_layerwise_probe_configs.csv,193,195,ed413e7260178b10,VERIFIED_FULL,"{""batch_size"":128,""depth_layer_id"":28,""early_stopping"":{""enabled"":false,""patience"":5},""epochs"":100,""eval_batch_size"":1024,""feature_view"":""pooled"",""layer"":32,""lr"":1.0388823104027935e-05,""slot"":32,""weight_decay"":0.0007812113973534924}",different_backbone_ablation/ltx_2b/intphys2/linear/intphys2_probe_linear_ltx_video_ltxv_2b_0_9_8_distilled_20260602T175813Z/layer_noise_0.3_block_28/train/optuna_summary.json
intphys2__ltx__ltx_2b_0_9_8_distilled__linear__slot_32__seed_102,intphys2__ltx__ltx_2b_0_9_8_distilled__linear__slot_32,train_eval.probe.intphys2,IntPhys2,intphys2,ltx,LTX-Video,LTX-2B,Linear,linear,102,42,ltx_video,ltx_2b_0_9_8_distilled,32,32,noise_0.3_block_28,pooled,1.0388823104027935e-05,0.00078121139735349242,128,1024,100,false,5,,,,,,,cpu,artifacts/probes/intphys2,seed_runs_intphys2_ltx2b_linear_mlp/intphys2__ltx__ltx_2b_0_9_8_distilled__linear__slot_32/seed_102,artifacts/results/intphys2,seed_runs_intphys2_ltx2b_linear_mlp/intphys2__ltx__ltx_2b_0_9_8_distilled__linear__slot_32/seed_102,seed_runs_intphys2_ltx2b_linear_mlp_intphys2__ltx__ltx_2b_0_9_8_distilled__linear__slot_32,intphys2__ltx__ltx_2b_0_9_8_distilled__linear__slot_32__seed_102,pending,,"[""seed=102"",""split.seed=42"",""backbone.name=ltx_video"",""+backbone.kwargs.variant=ltx_2b_0_9_8_distilled"",""probe.name=linear"",""probe.layer=32"",""probe.layers=[]"",""probe.feature_view=pooled"",""probe.device=cpu"",""probe.lr=1.0388823104027935e-05"",""probe.weight_decay=0.00078121139735349242"",""probe.batch_size=128"",""probe.eval_batch_size=1024"",""probe.epochs=100"",""probe.early_stopping.enabled=false"",""probe.early_stopping.patience=5"",""probe.optuna.enabled=false"",""probe.output_dir=artifacts/probes/intphys2"",""probe.output_subdir=seed_runs_intphys2_ltx2b_linear_mlp/intphys2__ltx__ltx_2b_0_9_8_distilled__linear__slot_32/seed_102"",""probe.eval_output_dir=artifacts/results/intphys2"",""probe.eval_output_subdir=seed_runs_intphys2_ltx2b_linear_mlp/intphys2__ltx__ltx_2b_0_9_8_distilled__linear__slot_32/seed_102"",""probe.wandb.group=seed_runs_intphys2_ltx2b_linear_mlp_intphys2__ltx__ltx_2b_0_9_8_distilled__linear__slot_32"",""probe.wandb.name=intphys2__ltx__ltx_2b_0_9_8_distilled__linear__slot_32__seed_102""]",results/verified_layerwise_probe_configs.csv,193,195,ed413e7260178b10,VERIFIED_FULL,"{""batch_size"":128,""depth_layer_id"":28,""early_stopping"":{""enabled"":false,""patience"":5},""epochs"":100,""eval_batch_size"":1024,""feature_view"":""pooled"",""layer"":32,""lr"":1.0388823104027935e-05,""slot"":32,""weight_decay"":0.0007812113973534924}",different_backbone_ablation/ltx_2b/intphys2/linear/intphys2_probe_linear_ltx_video_ltxv_2b_0_9_8_distilled_20260602T175813Z/layer_noise_0.3_block_28/train/optuna_summary.json
intphys2__ltx__ltx_2b_0_9_8_distilled__linear__slot_36__seed_101,intphys2__ltx__ltx_2b_0_9_8_distilled__linear__slot_36,train_eval.probe.intphys2,IntPhys2,intphys2,ltx,LTX-Video,LTX-2B,Linear,linear,101,42,ltx_video,ltx_2b_0_9_8_distilled,36,36,noise_0.2_block_28,pooled,4.857295179217165e-05,2.8965395242758635e-08,128,1024,1000,false,5,,,,,,,cpu,artifacts/probes/intphys2,seed_runs_intphys2_ltx2b_linear_mlp/intphys2__ltx__ltx_2b_0_9_8_distilled__linear__slot_36/seed_101,artifacts/results/intphys2,seed_runs_intphys2_ltx2b_linear_mlp/intphys2__ltx__ltx_2b_0_9_8_distilled__linear__slot_36/seed_101,seed_runs_intphys2_ltx2b_linear_mlp_intphys2__ltx__ltx_2b_0_9_8_distilled__linear__slot_36,intphys2__ltx__ltx_2b_0_9_8_distilled__linear__slot_36__seed_101,pending,,"[""seed=101"",""split.seed=42"",""backbone.name=ltx_video"",""+backbone.kwargs.variant=ltx_2b_0_9_8_distilled"",""probe.name=linear"",""probe.layer=36"",""probe.layers=[]"",""probe.feature_view=pooled"",""probe.device=cpu"",""probe.lr=4.857295179217165e-05"",""probe.weight_decay=2.8965395242758635e-08"",""probe.batch_size=128"",""probe.eval_batch_size=1024"",""probe.epochs=1000"",""probe.early_stopping.enabled=false"",""probe.early_stopping.patience=5"",""probe.optuna.enabled=false"",""probe.output_dir=artifacts/probes/intphys2"",""probe.output_subdir=seed_runs_intphys2_ltx2b_linear_mlp/intphys2__ltx__ltx_2b_0_9_8_distilled__linear__slot_36/seed_101"",""probe.eval_output_dir=artifacts/results/intphys2"",""probe.eval_output_subdir=seed_runs_intphys2_ltx2b_linear_mlp/intphys2__ltx__ltx_2b_0_9_8_distilled__linear__slot_36/seed_101"",""probe.wandb.group=seed_runs_intphys2_ltx2b_linear_mlp_intphys2__ltx__ltx_2b_0_9_8_distilled__linear__slot_36"",""probe.wandb.name=intphys2__ltx__ltx_2b_0_9_8_distilled__linear__slot_36__seed_101""]",results/verified_layerwise_probe_configs.csv,194,196,d310adaf4b7b76bd,VERIFIED_FULL,"{""batch_size"":128,""depth_layer_id"":28,""early_stopping"":{""enabled"":false,""patience"":5},""epochs"":1000,""eval_batch_size"":1024,""feature_view"":""pooled"",""layer"":36,""lr"":4.857295179217165e-05,""slot"":36,""weight_decay"":2.8965395242758635e-08}",different_backbone_ablation/ltx_2b/intphys2/linear/intphys2_probe_linear_ltx_video_ltxv_2b_0_9_8_distilled_20260602T175813Z/layer_noise_0.2_block_28/train/optuna_summary.json
intphys2__ltx__ltx_2b_0_9_8_distilled__linear__slot_36__seed_102,intphys2__ltx__ltx_2b_0_9_8_distilled__linear__slot_36,train_eval.probe.intphys2,IntPhys2,intphys2,ltx,LTX-Video,LTX-2B,Linear,linear,102,42,ltx_video,ltx_2b_0_9_8_distilled,36,36,noise_0.2_block_28,pooled,4.857295179217165e-05,2.8965395242758635e-08,128,1024,1000,false,5,,,,,,,cpu,artifacts/probes/intphys2,seed_runs_intphys2_ltx2b_linear_mlp/intphys2__ltx__ltx_2b_0_9_8_distilled__linear__slot_36/seed_102,artifacts/results/intphys2,seed_runs_intphys2_ltx2b_linear_mlp/intphys2__ltx__ltx_2b_0_9_8_distilled__linear__slot_36/seed_102,seed_runs_intphys2_ltx2b_linear_mlp_intphys2__ltx__ltx_2b_0_9_8_distilled__linear__slot_36,intphys2__ltx__ltx_2b_0_9_8_distilled__linear__slot_36__seed_102,pending,,"[""seed=102"",""split.seed=42"",""backbone.name=ltx_video"",""+backbone.kwargs.variant=ltx_2b_0_9_8_distilled"",""probe.name=linear"",""probe.layer=36"",""probe.layers=[]"",""probe.feature_view=pooled"",""probe.device=cpu"",""probe.lr=4.857295179217165e-05"",""probe.weight_decay=2.8965395242758635e-08"",""probe.batch_size=128"",""probe.eval_batch_size=1024"",""probe.epochs=1000"",""probe.early_stopping.enabled=false"",""probe.early_stopping.patience=5"",""probe.optuna.enabled=false"",""probe.output_dir=artifacts/probes/intphys2"",""probe.output_subdir=seed_runs_intphys2_ltx2b_linear_mlp/intphys2__ltx__ltx_2b_0_9_8_distilled__linear__slot_36/seed_102"",""probe.eval_output_dir=artifacts/results/intphys2"",""probe.eval_output_subdir=seed_runs_intphys2_ltx2b_linear_mlp/intphys2__ltx__ltx_2b_0_9_8_distilled__linear__slot_36/seed_102"",""probe.wandb.group=seed_runs_intphys2_ltx2b_linear_mlp_intphys2__ltx__ltx_2b_0_9_8_distilled__linear__slot_36"",""probe.wandb.name=intphys2__ltx__ltx_2b_0_9_8_distilled__linear__slot_36__seed_102""]",results/verified_layerwise_probe_configs.csv,194,196,d310adaf4b7b76bd,VERIFIED_FULL,"{""batch_size"":128,""depth_layer_id"":28,""early_stopping"":{""enabled"":false,""patience"":5},""epochs"":1000,""eval_batch_size"":1024,""feature_view"":""pooled"",""layer"":36,""lr"":4.857295179217165e-05,""slot"":36,""weight_decay"":2.8965395242758635e-08}",different_backbone_ablation/ltx_2b/intphys2/linear/intphys2_probe_linear_ltx_video_ltxv_2b_0_9_8_distilled_20260602T175813Z/layer_noise_0.2_block_28/train/optuna_summary.json
intphys2__ltx__ltx_2b_0_9_8_distilled__linear__slot_40__seed_101,intphys2__ltx__ltx_2b_0_9_8_distilled__linear__slot_40,train_eval.probe.intphys2,IntPhys2,intphys2,ltx,LTX-Video,LTX-2B,Linear,linear,101,42,ltx_video,ltx_2b_0_9_8_distilled,40,40,noise_0.1_block_28,pooled,0.0031428808908401098,1.8794668241638429e-07,256,1024,100,false,5,,,,,,,cpu,artifacts/probes/intphys2,seed_runs_intphys2_ltx2b_linear_mlp/intphys2__ltx__ltx_2b_0_9_8_distilled__linear__slot_40/seed_101,artifacts/results/intphys2,seed_runs_intphys2_ltx2b_linear_mlp/intphys2__ltx__ltx_2b_0_9_8_distilled__linear__slot_40/seed_101,seed_runs_intphys2_ltx2b_linear_mlp_intphys2__ltx__ltx_2b_0_9_8_distilled__linear__slot_40,intphys2__ltx__ltx_2b_0_9_8_distilled__linear__slot_40__seed_101,pending,,"[""seed=101"",""split.seed=42"",""backbone.name=ltx_video"",""+backbone.kwargs.variant=ltx_2b_0_9_8_distilled"",""probe.name=linear"",""probe.layer=40"",""probe.layers=[]"",""probe.feature_view=pooled"",""probe.device=cpu"",""probe.lr=0.0031428808908401098"",""probe.weight_decay=1.8794668241638429e-07"",""probe.batch_size=256"",""probe.eval_batch_size=1024"",""probe.epochs=100"",""probe.early_stopping.enabled=false"",""probe.early_stopping.patience=5"",""probe.optuna.enabled=false"",""probe.output_dir=artifacts/probes/intphys2"",""probe.output_subdir=seed_runs_intphys2_ltx2b_linear_mlp/intphys2__ltx__ltx_2b_0_9_8_distilled__linear__slot_40/seed_101"",""probe.eval_output_dir=artifacts/results/intphys2"",""probe.eval_output_subdir=seed_runs_intphys2_ltx2b_linear_mlp/intphys2__ltx__ltx_2b_0_9_8_distilled__linear__slot_40/seed_101"",""probe.wandb.group=seed_runs_intphys2_ltx2b_linear_mlp_intphys2__ltx__ltx_2b_0_9_8_distilled__linear__slot_40"",""probe.wandb.name=intphys2__ltx__ltx_2b_0_9_8_distilled__linear__slot_40__seed_101""]",results/verified_layerwise_probe_configs.csv,195,197,a170ece587791ebd,VERIFIED_FULL,"{""batch_size"":256,""depth_layer_id"":28,""early_stopping"":{""enabled"":false,""patience"":5},""epochs"":100,""eval_batch_size"":1024,""feature_view"":""pooled"",""layer"":40,""lr"":0.00314288089084011,""slot"":40,""weight_decay"":1.879466824163843e-07}",different_backbone_ablation/ltx_2b/intphys2/linear/intphys2_probe_linear_ltx_video_ltxv_2b_0_9_8_distilled_20260602T175813Z/layer_noise_0.1_block_28/train/optuna_summary.json
intphys2__ltx__ltx_2b_0_9_8_distilled__linear__slot_40__seed_102,intphys2__ltx__ltx_2b_0_9_8_distilled__linear__slot_40,train_eval.probe.intphys2,IntPhys2,intphys2,ltx,LTX-Video,LTX-2B,Linear,linear,102,42,ltx_video,ltx_2b_0_9_8_distilled,40,40,noise_0.1_block_28,pooled,0.0031428808908401098,1.8794668241638429e-07,256,1024,100,false,5,,,,,,,cpu,artifacts/probes/intphys2,seed_runs_intphys2_ltx2b_linear_mlp/intphys2__ltx__ltx_2b_0_9_8_distilled__linear__slot_40/seed_102,artifacts/results/intphys2,seed_runs_intphys2_ltx2b_linear_mlp/intphys2__ltx__ltx_2b_0_9_8_distilled__linear__slot_40/seed_102,seed_runs_intphys2_ltx2b_linear_mlp_intphys2__ltx__ltx_2b_0_9_8_distilled__linear__slot_40,intphys2__ltx__ltx_2b_0_9_8_distilled__linear__slot_40__seed_102,pending,,"[""seed=102"",""split.seed=42"",""backbone.name=ltx_video"",""+backbone.kwargs.variant=ltx_2b_0_9_8_distilled"",""probe.name=linear"",""probe.layer=40"",""probe.layers=[]"",""probe.feature_view=pooled"",""probe.device=cpu"",""probe.lr=0.0031428808908401098"",""probe.weight_decay=1.8794668241638429e-07"",""probe.batch_size=256"",""probe.eval_batch_size=1024"",""probe.epochs=100"",""probe.early_stopping.enabled=false"",""probe.early_stopping.patience=5"",""probe.optuna.enabled=false"",""probe.output_dir=artifacts/probes/intphys2"",""probe.output_subdir=seed_runs_intphys2_ltx2b_linear_mlp/intphys2__ltx__ltx_2b_0_9_8_distilled__linear__slot_40/seed_102"",""probe.eval_output_dir=artifacts/results/intphys2"",""probe.eval_output_subdir=seed_runs_intphys2_ltx2b_linear_mlp/intphys2__ltx__ltx_2b_0_9_8_distilled__linear__slot_40/seed_102"",""probe.wandb.group=seed_runs_intphys2_ltx2b_linear_mlp_intphys2__ltx__ltx_2b_0_9_8_distilled__linear__slot_40"",""probe.wandb.name=intphys2__ltx__ltx_2b_0_9_8_distilled__linear__slot_40__seed_102""]",results/verified_layerwise_probe_configs.csv,195,197,a170ece587791ebd,VERIFIED_FULL,"{""batch_size"":256,""depth_layer_id"":28,""early_stopping"":{""enabled"":false,""patience"":5},""epochs"":100,""eval_batch_size"":1024,""feature_view"":""pooled"",""layer"":40,""lr"":0.00314288089084011,""slot"":40,""weight_decay"":1.879466824163843e-07}",different_backbone_ablation/ltx_2b/intphys2/linear/intphys2_probe_linear_ltx_video_ltxv_2b_0_9_8_distilled_20260602T175813Z/layer_noise_0.1_block_28/train/optuna_summary.json
intphys2__ltx__ltx_2b_0_9_8_distilled__mlp__slot_1__seed_101,intphys2__ltx__ltx_2b_0_9_8_distilled__mlp__slot_1,train_eval.probe.intphys2,IntPhys2,intphys2,ltx,LTX-Video,LTX-2B,MLP,mlp,101,42,ltx_video,ltx_2b_0_9_8_distilled,1,1,noise_1.0_block_7,pooled,0.00013292918943162159,0.0050615768887523043,32,1024,2000,false,5,[256],0.21597250932105788,,,,,cpu,artifacts/probes/intphys2,seed_runs_intphys2_ltx2b_linear_mlp/intphys2__ltx__ltx_2b_0_9_8_distilled__mlp__slot_1/seed_101,artifacts/results/intphys2,seed_runs_intphys2_ltx2b_linear_mlp/intphys2__ltx__ltx_2b_0_9_8_distilled__mlp__slot_1/seed_101,seed_runs_intphys2_ltx2b_linear_mlp_intphys2__ltx__ltx_2b_0_9_8_distilled__mlp__slot_1,intphys2__ltx__ltx_2b_0_9_8_distilled__mlp__slot_1__seed_101,pending,,"[""seed=101"",""split.seed=42"",""backbone.name=ltx_video"",""+backbone.kwargs.variant=ltx_2b_0_9_8_distilled"",""probe.name=mlp"",""probe.layer=1"",""probe.layers=[]"",""probe.feature_view=pooled"",""probe.device=cpu"",""probe.lr=0.00013292918943162159"",""probe.weight_decay=0.0050615768887523043"",""probe.batch_size=32"",""probe.eval_batch_size=1024"",""probe.epochs=2000"",""probe.early_stopping.enabled=false"",""probe.early_stopping.patience=5"",""probe.optuna.enabled=false"",""probe.output_dir=artifacts/probes/intphys2"",""probe.output_subdir=seed_runs_intphys2_ltx2b_linear_mlp/intphys2__ltx__ltx_2b_0_9_8_distilled__mlp__slot_1/seed_101"",""probe.eval_output_dir=artifacts/results/intphys2"",""probe.eval_output_subdir=seed_runs_intphys2_ltx2b_linear_mlp/intphys2__ltx__ltx_2b_0_9_8_distilled__mlp__slot_1/seed_101"",""probe.wandb.group=seed_runs_intphys2_ltx2b_linear_mlp_intphys2__ltx__ltx_2b_0_9_8_distilled__mlp__slot_1"",""probe.wandb.name=intphys2__ltx__ltx_2b_0_9_8_distilled__mlp__slot_1__seed_101"",""probe.mlp.hidden_dims=[256]"",""probe.mlp.dropout=0.21597250932105788""]",results/verified_layerwise_probe_configs.csv,196,198,c2b2d610515ee666,VERIFIED_FULL,"{""batch_size"":32,""depth_layer_id"":7,""dropout"":0.21597250932105788,""early_stopping"":{""enabled"":false,""patience"":5},""epochs"":2000,""eval_batch_size"":1024,""feature_view"":""pooled"",""hidden_dims"":[256],""layer"":1,""lr"":0.0001329291894316216,""slot"":1,""weight_decay"":0.005061576888752304}",different_backbone_ablation/ltx_2b/intphys2/mlp/intphys2_probe_mlp_ltx_video_ltxv_2b_0_9_8_distilled_20260602T162801Z/layer_noise_1.0_block_7/train/optuna_summary.json
intphys2__ltx__ltx_2b_0_9_8_distilled__mlp__slot_1__seed_102,intphys2__ltx__ltx_2b_0_9_8_distilled__mlp__slot_1,train_eval.probe.intphys2,IntPhys2,intphys2,ltx,LTX-Video,LTX-2B,MLP,mlp,102,42,ltx_video,ltx_2b_0_9_8_distilled,1,1,noise_1.0_block_7,pooled,0.00013292918943162159,0.0050615768887523043,32,1024,2000,false,5,[256],0.21597250932105788,,,,,cpu,artifacts/probes/intphys2,seed_runs_intphys2_ltx2b_linear_mlp/intphys2__ltx__ltx_2b_0_9_8_distilled__mlp__slot_1/seed_102,artifacts/results/intphys2,seed_runs_intphys2_ltx2b_linear_mlp/intphys2__ltx__ltx_2b_0_9_8_distilled__mlp__slot_1/seed_102,seed_runs_intphys2_ltx2b_linear_mlp_intphys2__ltx__ltx_2b_0_9_8_distilled__mlp__slot_1,intphys2__ltx__ltx_2b_0_9_8_distilled__mlp__slot_1__seed_102,pending,,"[""seed=102"",""split.seed=42"",""backbone.name=ltx_video"",""+backbone.kwargs.variant=ltx_2b_0_9_8_distilled"",""probe.name=mlp"",""probe.layer=1"",""probe.layers=[]"",""probe.feature_view=pooled"",""probe.device=cpu"",""probe.lr=0.00013292918943162159"",""probe.weight_decay=0.0050615768887523043"",""probe.batch_size=32"",""probe.eval_batch_size=1024"",""probe.epochs=2000"",""probe.early_stopping.enabled=false"",""probe.early_stopping.patience=5"",""probe.optuna.enabled=false"",""probe.output_dir=artifacts/probes/intphys2"",""probe.output_subdir=seed_runs_intphys2_ltx2b_linear_mlp/intphys2__ltx__ltx_2b_0_9_8_distilled__mlp__slot_1/seed_102"",""probe.eval_output_dir=artifacts/results/intphys2"",""probe.eval_output_subdir=seed_runs_intphys2_ltx2b_linear_mlp/intphys2__ltx__ltx_2b_0_9_8_distilled__mlp__slot_1/seed_102"",""probe.wandb.group=seed_runs_intphys2_ltx2b_linear_mlp_intphys2__ltx__ltx_2b_0_9_8_distilled__mlp__slot_1"",""probe.wandb.name=intphys2__ltx__ltx_2b_0_9_8_distilled__mlp__slot_1__seed_102"",""probe.mlp.hidden_dims=[256]"",""probe.mlp.dropout=0.21597250932105788""]",results/verified_layerwise_probe_configs.csv,196,198,c2b2d610515ee666,VERIFIED_FULL,"{""batch_size"":32,""depth_layer_id"":7,""dropout"":0.21597250932105788,""early_stopping"":{""enabled"":false,""patience"":5},""epochs"":2000,""eval_batch_size"":1024,""feature_view"":""pooled"",""hidden_dims"":[256],""layer"":1,""lr"":0.0001329291894316216,""slot"":1,""weight_decay"":0.005061576888752304}",different_backbone_ablation/ltx_2b/intphys2/mlp/intphys2_probe_mlp_ltx_video_ltxv_2b_0_9_8_distilled_20260602T162801Z/layer_noise_1.0_block_7/train/optuna_summary.json
intphys2__ltx__ltx_2b_0_9_8_distilled__mlp__slot_5__seed_101,intphys2__ltx__ltx_2b_0_9_8_distilled__mlp__slot_5,train_eval.probe.intphys2,IntPhys2,intphys2,ltx,LTX-Video,LTX-2B,MLP,mlp,101,42,ltx_video,ltx_2b_0_9_8_distilled,5,5,noise_0.9_block_7,pooled,7.4763120622523026e-05,4.689400963537693e-05,256,1024,20,false,5,"[512,256]",0.048836057003191935,,,,,cpu,artifacts/probes/intphys2,seed_runs_intphys2_ltx2b_linear_mlp/intphys2__ltx__ltx_2b_0_9_8_distilled__mlp__slot_5/seed_101,artifacts/results/intphys2,seed_runs_intphys2_ltx2b_linear_mlp/intphys2__ltx__ltx_2b_0_9_8_distilled__mlp__slot_5/seed_101,seed_runs_intphys2_ltx2b_linear_mlp_intphys2__ltx__ltx_2b_0_9_8_distilled__mlp__slot_5,intphys2__ltx__ltx_2b_0_9_8_distilled__mlp__slot_5__seed_101,pending,,"[""seed=101"",""split.seed=42"",""backbone.name=ltx_video"",""+backbone.kwargs.variant=ltx_2b_0_9_8_distilled"",""probe.name=mlp"",""probe.layer=5"",""probe.layers=[]"",""probe.feature_view=pooled"",""probe.device=cpu"",""probe.lr=7.4763120622523026e-05"",""probe.weight_decay=4.689400963537693e-05"",""probe.batch_size=256"",""probe.eval_batch_size=1024"",""probe.epochs=20"",""probe.early_stopping.enabled=false"",""probe.early_stopping.patience=5"",""probe.optuna.enabled=false"",""probe.output_dir=artifacts/probes/intphys2"",""probe.output_subdir=seed_runs_intphys2_ltx2b_linear_mlp/intphys2__ltx__ltx_2b_0_9_8_distilled__mlp__slot_5/seed_101"",""probe.eval_output_dir=artifacts/results/intphys2"",""probe.eval_output_subdir=seed_runs_intphys2_ltx2b_linear_mlp/intphys2__ltx__ltx_2b_0_9_8_distilled__mlp__slot_5/seed_101"",""probe.wandb.group=seed_runs_intphys2_ltx2b_linear_mlp_intphys2__ltx__ltx_2b_0_9_8_distilled__mlp__slot_5"",""probe.wandb.name=intphys2__ltx__ltx_2b_0_9_8_distilled__mlp__slot_5__seed_101"",""probe.mlp.hidden_dims=[512,256]"",""probe.mlp.dropout=0.048836057003191935""]",results/verified_layerwise_probe_configs.csv,197,199,a46473b6a854220b,VERIFIED_FULL,"{""batch_size"":256,""depth_layer_id"":7,""dropout"":0.048836057003191935,""early_stopping"":{""enabled"":false,""patience"":5},""epochs"":20,""eval_batch_size"":1024,""feature_view"":""pooled"",""hidden_dims"":[512,256],""layer"":5,""lr"":7.476312062252303e-05,""slot"":5,""weight_decay"":4.689400963537693e-05}",different_backbone_ablation/ltx_2b/intphys2/mlp/intphys2_probe_mlp_ltx_video_ltxv_2b_0_9_8_distilled_20260602T162801Z/layer_noise_0.9_block_7/train/optuna_summary.json
intphys2__ltx__ltx_2b_0_9_8_distilled__mlp__slot_5__seed_102,intphys2__ltx__ltx_2b_0_9_8_distilled__mlp__slot_5,train_eval.probe.intphys2,IntPhys2,intphys2,ltx,LTX-Video,LTX-2B,MLP,mlp,102,42,ltx_video,ltx_2b_0_9_8_distilled,5,5,noise_0.9_block_7,pooled,7.4763120622523026e-05,4.689400963537693e-05,256,1024,20,false,5,"[512,256]",0.048836057003191935,,,,,cpu,artifacts/probes/intphys2,seed_runs_intphys2_ltx2b_linear_mlp/intphys2__ltx__ltx_2b_0_9_8_distilled__mlp__slot_5/seed_102,artifacts/results/intphys2,seed_runs_intphys2_ltx2b_linear_mlp/intphys2__ltx__ltx_2b_0_9_8_distilled__mlp__slot_5/seed_102,seed_runs_intphys2_ltx2b_linear_mlp_intphys2__ltx__ltx_2b_0_9_8_distilled__mlp__slot_5,intphys2__ltx__ltx_2b_0_9_8_distilled__mlp__slot_5__seed_102,pending,,"[""seed=102"",""split.seed=42"",""backbone.name=ltx_video"",""+backbone.kwargs.variant=ltx_2b_0_9_8_distilled"",""probe.name=mlp"",""probe.layer=5"",""probe.layers=[]"",""probe.feature_view=pooled"",""probe.device=cpu"",""probe.lr=7.4763120622523026e-05"",""probe.weight_decay=4.689400963537693e-05"",""probe.batch_size=256"",""probe.eval_batch_size=1024"",""probe.epochs=20"",""probe.early_stopping.enabled=false"",""probe.early_stopping.patience=5"",""probe.optuna.enabled=false"",""probe.output_dir=artifacts/probes/intphys2"",""probe.output_subdir=seed_runs_intphys2_ltx2b_linear_mlp/intphys2__ltx__ltx_2b_0_9_8_distilled__mlp__slot_5/seed_102"",""probe.eval_output_dir=artifacts/results/intphys2"",""probe.eval_output_subdir=seed_runs_intphys2_ltx2b_linear_mlp/intphys2__ltx__ltx_2b_0_9_8_distilled__mlp__slot_5/seed_102"",""probe.wandb.group=seed_runs_intphys2_ltx2b_linear_mlp_intphys2__ltx__ltx_2b_0_9_8_distilled__mlp__slot_5"",""probe.wandb.name=intphys2__ltx__ltx_2b_0_9_8_distilled__mlp__slot_5__seed_102"",""probe.mlp.hidden_dims=[512,256]"",""probe.mlp.dropout=0.048836057003191935""]",results/verified_layerwise_probe_configs.csv,197,199,a46473b6a854220b,VERIFIED_FULL,"{""batch_size"":256,""depth_layer_id"":7,""dropout"":0.048836057003191935,""early_stopping"":{""enabled"":false,""patience"":5},""epochs"":20,""eval_batch_size"":1024,""feature_view"":""pooled"",""hidden_dims"":[512,256],""layer"":5,""lr"":7.476312062252303e-05,""slot"":5,""weight_decay"":4.689400963537693e-05}",different_backbone_ablation/ltx_2b/intphys2/mlp/intphys2_probe_mlp_ltx_video_ltxv_2b_0_9_8_distilled_20260602T162801Z/layer_noise_0.9_block_7/train/optuna_summary.json
intphys2__ltx__ltx_2b_0_9_8_distilled__mlp__slot_9__seed_101,intphys2__ltx__ltx_2b_0_9_8_distilled__mlp__slot_9,train_eval.probe.intphys2,IntPhys2,intphys2,ltx,LTX-Video,LTX-2B,MLP,mlp,101,42,ltx_video,ltx_2b_0_9_8_distilled,9,9,noise_0.8_block_7,pooled,1.0788661515919544e-05,2.7514065250989604e-07,64,1024,50,false,5,"[512,256]",0.29125544112201668,,,,,cpu,artifacts/probes/intphys2,seed_runs_intphys2_ltx2b_linear_mlp/intphys2__ltx__ltx_2b_0_9_8_distilled__mlp__slot_9/seed_101,artifacts/results/intphys2,seed_runs_intphys2_ltx2b_linear_mlp/intphys2__ltx__ltx_2b_0_9_8_distilled__mlp__slot_9/seed_101,seed_runs_intphys2_ltx2b_linear_mlp_intphys2__ltx__ltx_2b_0_9_8_distilled__mlp__slot_9,intphys2__ltx__ltx_2b_0_9_8_distilled__mlp__slot_9__seed_101,pending,,"[""seed=101"",""split.seed=42"",""backbone.name=ltx_video"",""+backbone.kwargs.variant=ltx_2b_0_9_8_distilled"",""probe.name=mlp"",""probe.layer=9"",""probe.layers=[]"",""probe.feature_view=pooled"",""probe.device=cpu"",""probe.lr=1.0788661515919544e-05"",""probe.weight_decay=2.7514065250989604e-07"",""probe.batch_size=64"",""probe.eval_batch_size=1024"",""probe.epochs=50"",""probe.early_stopping.enabled=false"",""probe.early_stopping.patience=5"",""probe.optuna.enabled=false"",""probe.output_dir=artifacts/probes/intphys2"",""probe.output_subdir=seed_runs_intphys2_ltx2b_linear_mlp/intphys2__ltx__ltx_2b_0_9_8_distilled__mlp__slot_9/seed_101"",""probe.eval_output_dir=artifacts/results/intphys2"",""probe.eval_output_subdir=seed_runs_intphys2_ltx2b_linear_mlp/intphys2__ltx__ltx_2b_0_9_8_distilled__mlp__slot_9/seed_101"",""probe.wandb.group=seed_runs_intphys2_ltx2b_linear_mlp_intphys2__ltx__ltx_2b_0_9_8_distilled__mlp__slot_9"",""probe.wandb.name=intphys2__ltx__ltx_2b_0_9_8_distilled__mlp__slot_9__seed_101"",""probe.mlp.hidden_dims=[512,256]"",""probe.mlp.dropout=0.29125544112201668""]",results/verified_layerwise_probe_configs.csv,198,200,8a84d1f772a63c90,VERIFIED_FULL,"{""batch_size"":64,""depth_layer_id"":7,""dropout"":0.2912554411220167,""early_stopping"":{""enabled"":false,""patience"":5},""epochs"":50,""eval_batch_size"":1024,""feature_view"":""pooled"",""hidden_dims"":[512,256],""layer"":9,""lr"":1.0788661515919544e-05,""slot"":9,""weight_decay"":2.7514065250989604e-07}",different_backbone_ablation/ltx_2b/intphys2/mlp/intphys2_probe_mlp_ltx_video_ltxv_2b_0_9_8_distilled_20260602T171549Z/layer_noise_0.8_block_7/train/optuna_summary.json
intphys2__ltx__ltx_2b_0_9_8_distilled__mlp__slot_9__seed_102,intphys2__ltx__ltx_2b_0_9_8_distilled__mlp__slot_9,train_eval.probe.intphys2,IntPhys2,intphys2,ltx,LTX-Video,LTX-2B,MLP,mlp,102,42,ltx_video,ltx_2b_0_9_8_distilled,9,9,noise_0.8_block_7,pooled,1.0788661515919544e-05,2.7514065250989604e-07,64,1024,50,false,5,"[512,256]",0.29125544112201668,,,,,cpu,artifacts/probes/intphys2,seed_runs_intphys2_ltx2b_linear_mlp/intphys2__ltx__ltx_2b_0_9_8_distilled__mlp__slot_9/seed_102,artifacts/results/intphys2,seed_runs_intphys2_ltx2b_linear_mlp/intphys2__ltx__ltx_2b_0_9_8_distilled__mlp__slot_9/seed_102,seed_runs_intphys2_ltx2b_linear_mlp_intphys2__ltx__ltx_2b_0_9_8_distilled__mlp__slot_9,intphys2__ltx__ltx_2b_0_9_8_distilled__mlp__slot_9__seed_102,pending,,"[""seed=102"",""split.seed=42"",""backbone.name=ltx_video"",""+backbone.kwargs.variant=ltx_2b_0_9_8_distilled"",""probe.name=mlp"",""probe.layer=9"",""probe.layers=[]"",""probe.feature_view=pooled"",""probe.device=cpu"",""probe.lr=1.0788661515919544e-05"",""probe.weight_decay=2.7514065250989604e-07"",""probe.batch_size=64"",""probe.eval_batch_size=1024"",""probe.epochs=50"",""probe.early_stopping.enabled=false"",""probe.early_stopping.patience=5"",""probe.optuna.enabled=false"",""probe.output_dir=artifacts/probes/intphys2"",""probe.output_subdir=seed_runs_intphys2_ltx2b_linear_mlp/intphys2__ltx__ltx_2b_0_9_8_distilled__mlp__slot_9/seed_102"",""probe.eval_output_dir=artifacts/results/intphys2"",""probe.eval_output_subdir=seed_runs_intphys2_ltx2b_linear_mlp/intphys2__ltx__ltx_2b_0_9_8_distilled__mlp__slot_9/seed_102"",""probe.wandb.group=seed_runs_intphys2_ltx2b_linear_mlp_intphys2__ltx__ltx_2b_0_9_8_distilled__mlp__slot_9"",""probe.wandb.name=intphys2__ltx__ltx_2b_0_9_8_distilled__mlp__slot_9__seed_102"",""probe.mlp.hidden_dims=[512,256]"",""probe.mlp.dropout=0.29125544112201668""]",results/verified_layerwise_probe_configs.csv,198,200,8a84d1f772a63c90,VERIFIED_FULL,"{""batch_size"":64,""depth_layer_id"":7,""dropout"":0.2912554411220167,""early_stopping"":{""enabled"":false,""patience"":5},""epochs"":50,""eval_batch_size"":1024,""feature_view"":""pooled"",""hidden_dims"":[512,256],""layer"":9,""lr"":1.0788661515919544e-05,""slot"":9,""weight_decay"":2.7514065250989604e-07}",different_backbone_ablation/ltx_2b/intphys2/mlp/intphys2_probe_mlp_ltx_video_ltxv_2b_0_9_8_distilled_20260602T171549Z/layer_noise_0.8_block_7/train/optuna_summary.json
intphys2__ltx__ltx_2b_0_9_8_distilled__mlp__slot_13__seed_101,intphys2__ltx__ltx_2b_0_9_8_distilled__mlp__slot_13,train_eval.probe.intphys2,IntPhys2,intphys2,ltx,LTX-Video,LTX-2B,MLP,mlp,101,42,ltx_video,ltx_2b_0_9_8_distilled,13,13,noise_0.7_block_7,pooled,3.8005710347002797e-05,0.00077186397568879594,64,1024,50,false,5,"[512,256]",0.29125544112201668,,,,,cpu,artifacts/probes/intphys2,seed_runs_intphys2_ltx2b_linear_mlp/intphys2__ltx__ltx_2b_0_9_8_distilled__mlp__slot_13/seed_101,artifacts/results/intphys2,seed_runs_intphys2_ltx2b_linear_mlp/intphys2__ltx__ltx_2b_0_9_8_distilled__mlp__slot_13/seed_101,seed_runs_intphys2_ltx2b_linear_mlp_intphys2__ltx__ltx_2b_0_9_8_distilled__mlp__slot_13,intphys2__ltx__ltx_2b_0_9_8_distilled__mlp__slot_13__seed_101,pending,,"[""seed=101"",""split.seed=42"",""backbone.name=ltx_video"",""+backbone.kwargs.variant=ltx_2b_0_9_8_distilled"",""probe.name=mlp"",""probe.layer=13"",""probe.layers=[]"",""probe.feature_view=pooled"",""probe.device=cpu"",""probe.lr=3.8005710347002797e-05"",""probe.weight_decay=0.00077186397568879594"",""probe.batch_size=64"",""probe.eval_batch_size=1024"",""probe.epochs=50"",""probe.early_stopping.enabled=false"",""probe.early_stopping.patience=5"",""probe.optuna.enabled=false"",""probe.output_dir=artifacts/probes/intphys2"",""probe.output_subdir=seed_runs_intphys2_ltx2b_linear_mlp/intphys2__ltx__ltx_2b_0_9_8_distilled__mlp__slot_13/seed_101"",""probe.eval_output_dir=artifacts/results/intphys2"",""probe.eval_output_subdir=seed_runs_intphys2_ltx2b_linear_mlp/intphys2__ltx__ltx_2b_0_9_8_distilled__mlp__slot_13/seed_101"",""probe.wandb.group=seed_runs_intphys2_ltx2b_linear_mlp_intphys2__ltx__ltx_2b_0_9_8_distilled__mlp__slot_13"",""probe.wandb.name=intphys2__ltx__ltx_2b_0_9_8_distilled__mlp__slot_13__seed_101"",""probe.mlp.hidden_dims=[512,256]"",""probe.mlp.dropout=0.29125544112201668""]",results/verified_layerwise_probe_configs.csv,199,201,88b2d2a0ffdb11f2,VERIFIED_FULL,"{""batch_size"":64,""depth_layer_id"":7,""dropout"":0.2912554411220167,""early_stopping"":{""enabled"":false,""patience"":5},""epochs"":50,""eval_batch_size"":1024,""feature_view"":""pooled"",""hidden_dims"":[512,256],""layer"":13,""lr"":3.80057103470028e-05,""slot"":13,""weight_decay"":0.0007718639756887959}",different_backbone_ablation/ltx_2b/intphys2/mlp/intphys2_probe_mlp_ltx_video_ltxv_2b_0_9_8_distilled_20260602T171552Z/layer_noise_0.7_block_7/train/optuna_summary.json
intphys2__ltx__ltx_2b_0_9_8_distilled__mlp__slot_13__seed_102,intphys2__ltx__ltx_2b_0_9_8_distilled__mlp__slot_13,train_eval.probe.intphys2,IntPhys2,intphys2,ltx,LTX-Video,LTX-2B,MLP,mlp,102,42,ltx_video,ltx_2b_0_9_8_distilled,13,13,noise_0.7_block_7,pooled,3.8005710347002797e-05,0.00077186397568879594,64,1024,50,false,5,"[512,256]",0.29125544112201668,,,,,cpu,artifacts/probes/intphys2,seed_runs_intphys2_ltx2b_linear_mlp/intphys2__ltx__ltx_2b_0_9_8_distilled__mlp__slot_13/seed_102,artifacts/results/intphys2,seed_runs_intphys2_ltx2b_linear_mlp/intphys2__ltx__ltx_2b_0_9_8_distilled__mlp__slot_13/seed_102,seed_runs_intphys2_ltx2b_linear_mlp_intphys2__ltx__ltx_2b_0_9_8_distilled__mlp__slot_13,intphys2__ltx__ltx_2b_0_9_8_distilled__mlp__slot_13__seed_102,pending,,"[""seed=102"",""split.seed=42"",""backbone.name=ltx_video"",""+backbone.kwargs.variant=ltx_2b_0_9_8_distilled"",""probe.name=mlp"",""probe.layer=13"",""probe.layers=[]"",""probe.feature_view=pooled"",""probe.device=cpu"",""probe.lr=3.8005710347002797e-05"",""probe.weight_decay=0.00077186397568879594"",""probe.batch_size=64"",""probe.eval_batch_size=1024"",""probe.epochs=50"",""probe.early_stopping.enabled=false"",""probe.early_stopping.patience=5"",""probe.optuna.enabled=false"",""probe.output_dir=artifacts/probes/intphys2"",""probe.output_subdir=seed_runs_intphys2_ltx2b_linear_mlp/intphys2__ltx__ltx_2b_0_9_8_distilled__mlp__slot_13/seed_102"",""probe.eval_output_dir=artifacts/results/intphys2"",""probe.eval_output_subdir=seed_runs_intphys2_ltx2b_linear_mlp/intphys2__ltx__ltx_2b_0_9_8_distilled__mlp__slot_13/seed_102"",""probe.wandb.group=seed_runs_intphys2_ltx2b_linear_mlp_intphys2__ltx__ltx_2b_0_9_8_distilled__mlp__slot_13"",""probe.wandb.name=intphys2__ltx__ltx_2b_0_9_8_distilled__mlp__slot_13__seed_102"",""probe.mlp.hidden_dims=[512,256]"",""probe.mlp.dropout=0.29125544112201668""]",results/verified_layerwise_probe_configs.csv,199,201,88b2d2a0ffdb11f2,VERIFIED_FULL,"{""batch_size"":64,""depth_layer_id"":7,""dropout"":0.2912554411220167,""early_stopping"":{""enabled"":false,""patience"":5},""epochs"":50,""eval_batch_size"":1024,""feature_view"":""pooled"",""hidden_dims"":[512,256],""layer"":13,""lr"":3.80057103470028e-05,""slot"":13,""weight_decay"":0.0007718639756887959}",different_backbone_ablation/ltx_2b/intphys2/mlp/intphys2_probe_mlp_ltx_video_ltxv_2b_0_9_8_distilled_20260602T171552Z/layer_noise_0.7_block_7/train/optuna_summary.json
intphys2__ltx__ltx_2b_0_9_8_distilled__mlp__slot_17__seed_101,intphys2__ltx__ltx_2b_0_9_8_distilled__mlp__slot_17,train_eval.probe.intphys2,IntPhys2,intphys2,ltx,LTX-Video,LTX-2B,MLP,mlp,101,42,ltx_video,ltx_2b_0_9_8_distilled,17,17,noise_0.6_block_7,pooled,0.0068455702672729317,0.00021363875978487205,64,1024,20,false,5,"[512,256]",0.22839029847739306,,,,,cpu,artifacts/probes/intphys2,seed_runs_intphys2_ltx2b_linear_mlp/intphys2__ltx__ltx_2b_0_9_8_distilled__mlp__slot_17/seed_101,artifacts/results/intphys2,seed_runs_intphys2_ltx2b_linear_mlp/intphys2__ltx__ltx_2b_0_9_8_distilled__mlp__slot_17/seed_101,seed_runs_intphys2_ltx2b_linear_mlp_intphys2__ltx__ltx_2b_0_9_8_distilled__mlp__slot_17,intphys2__ltx__ltx_2b_0_9_8_distilled__mlp__slot_17__seed_101,pending,,"[""seed=101"",""split.seed=42"",""backbone.name=ltx_video"",""+backbone.kwargs.variant=ltx_2b_0_9_8_distilled"",""probe.name=mlp"",""probe.layer=17"",""probe.layers=[]"",""probe.feature_view=pooled"",""probe.device=cpu"",""probe.lr=0.0068455702672729317"",""probe.weight_decay=0.00021363875978487205"",""probe.batch_size=64"",""probe.eval_batch_size=1024"",""probe.epochs=20"",""probe.early_stopping.enabled=false"",""probe.early_stopping.patience=5"",""probe.optuna.enabled=false"",""probe.output_dir=artifacts/probes/intphys2"",""probe.output_subdir=seed_runs_intphys2_ltx2b_linear_mlp/intphys2__ltx__ltx_2b_0_9_8_distilled__mlp__slot_17/seed_101"",""probe.eval_output_dir=artifacts/results/intphys2"",""probe.eval_output_subdir=seed_runs_intphys2_ltx2b_linear_mlp/intphys2__ltx__ltx_2b_0_9_8_distilled__mlp__slot_17/seed_101"",""probe.wandb.group=seed_runs_intphys2_ltx2b_linear_mlp_intphys2__ltx__ltx_2b_0_9_8_distilled__mlp__slot_17"",""probe.wandb.name=intphys2__ltx__ltx_2b_0_9_8_distilled__mlp__slot_17__seed_101"",""probe.mlp.hidden_dims=[512,256]"",""probe.mlp.dropout=0.22839029847739306""]",results/verified_layerwise_probe_configs.csv,200,202,08defae44cc78c5b,VERIFIED_FULL,"{""batch_size"":64,""depth_layer_id"":7,""dropout"":0.22839029847739306,""early_stopping"":{""enabled"":false,""patience"":5},""epochs"":20,""eval_batch_size"":1024,""feature_view"":""pooled"",""hidden_dims"":[512,256],""layer"":17,""lr"":0.006845570267272932,""slot"":17,""weight_decay"":0.00021363875978487205}",different_backbone_ablation/ltx_2b/intphys2/mlp/intphys2_probe_mlp_ltx_video_ltxv_2b_0_9_8_distilled_20260602T171552Z/layer_noise_0.6_block_7/train/optuna_summary.json
intphys2__ltx__ltx_2b_0_9_8_distilled__mlp__slot_17__seed_102,intphys2__ltx__ltx_2b_0_9_8_distilled__mlp__slot_17,train_eval.probe.intphys2,IntPhys2,intphys2,ltx,LTX-Video,LTX-2B,MLP,mlp,102,42,ltx_video,ltx_2b_0_9_8_distilled,17,17,noise_0.6_block_7,pooled,0.0068455702672729317,0.00021363875978487205,64,1024,20,false,5,"[512,256]",0.22839029847739306,,,,,cpu,artifacts/probes/intphys2,seed_runs_intphys2_ltx2b_linear_mlp/intphys2__ltx__ltx_2b_0_9_8_distilled__mlp__slot_17/seed_102,artifacts/results/intphys2,seed_runs_intphys2_ltx2b_linear_mlp/intphys2__ltx__ltx_2b_0_9_8_distilled__mlp__slot_17/seed_102,seed_runs_intphys2_ltx2b_linear_mlp_intphys2__ltx__ltx_2b_0_9_8_distilled__mlp__slot_17,intphys2__ltx__ltx_2b_0_9_8_distilled__mlp__slot_17__seed_102,pending,,"[""seed=102"",""split.seed=42"",""backbone.name=ltx_video"",""+backbone.kwargs.variant=ltx_2b_0_9_8_distilled"",""probe.name=mlp"",""probe.layer=17"",""probe.layers=[]"",""probe.feature_view=pooled"",""probe.device=cpu"",""probe.lr=0.0068455702672729317"",""probe.weight_decay=0.00021363875978487205"",""probe.batch_size=64"",""probe.eval_batch_size=1024"",""probe.epochs=20"",""probe.early_stopping.enabled=false"",""probe.early_stopping.patience=5"",""probe.optuna.enabled=false"",""probe.output_dir=artifacts/probes/intphys2"",""probe.output_subdir=seed_runs_intphys2_ltx2b_linear_mlp/intphys2__ltx__ltx_2b_0_9_8_distilled__mlp__slot_17/seed_102"",""probe.eval_output_dir=artifacts/results/intphys2"",""probe.eval_output_subdir=seed_runs_intphys2_ltx2b_linear_mlp/intphys2__ltx__ltx_2b_0_9_8_distilled__mlp__slot_17/seed_102"",""probe.wandb.group=seed_runs_intphys2_ltx2b_linear_mlp_intphys2__ltx__ltx_2b_0_9_8_distilled__mlp__slot_17"",""probe.wandb.name=intphys2__ltx__ltx_2b_0_9_8_distilled__mlp__slot_17__seed_102"",""probe.mlp.hidden_dims=[512,256]"",""probe.mlp.dropout=0.22839029847739306""]",results/verified_layerwise_probe_configs.csv,200,202,08defae44cc78c5b,VERIFIED_FULL,"{""batch_size"":64,""depth_layer_id"":7,""dropout"":0.22839029847739306,""early_stopping"":{""enabled"":false,""patience"":5},""epochs"":20,""eval_batch_size"":1024,""feature_view"":""pooled"",""hidden_dims"":[512,256],""layer"":17,""lr"":0.006845570267272932,""slot"":17,""weight_decay"":0.00021363875978487205}",different_backbone_ablation/ltx_2b/intphys2/mlp/intphys2_probe_mlp_ltx_video_ltxv_2b_0_9_8_distilled_20260602T171552Z/layer_noise_0.6_block_7/train/optuna_summary.json
intphys2__ltx__ltx_2b_0_9_8_distilled__mlp__slot_21__seed_101,intphys2__ltx__ltx_2b_0_9_8_distilled__mlp__slot_21,train_eval.probe.intphys2,IntPhys2,intphys2,ltx,LTX-Video,LTX-2B,MLP,mlp,101,42,ltx_video,ltx_2b_0_9_8_distilled,21,21,noise_0.5_block_7,pooled,7.4763120622523026e-05,4.689400963537693e-05,256,1024,20,false,5,"[512,256]",0.048836057003191935,,,,,cpu,artifacts/probes/intphys2,seed_runs_intphys2_ltx2b_linear_mlp/intphys2__ltx__ltx_2b_0_9_8_distilled__mlp__slot_21/seed_101,artifacts/results/intphys2,seed_runs_intphys2_ltx2b_linear_mlp/intphys2__ltx__ltx_2b_0_9_8_distilled__mlp__slot_21/seed_101,seed_runs_intphys2_ltx2b_linear_mlp_intphys2__ltx__ltx_2b_0_9_8_distilled__mlp__slot_21,intphys2__ltx__ltx_2b_0_9_8_distilled__mlp__slot_21__seed_101,pending,,"[""seed=101"",""split.seed=42"",""backbone.name=ltx_video"",""+backbone.kwargs.variant=ltx_2b_0_9_8_distilled"",""probe.name=mlp"",""probe.layer=21"",""probe.layers=[]"",""probe.feature_view=pooled"",""probe.device=cpu"",""probe.lr=7.4763120622523026e-05"",""probe.weight_decay=4.689400963537693e-05"",""probe.batch_size=256"",""probe.eval_batch_size=1024"",""probe.epochs=20"",""probe.early_stopping.enabled=false"",""probe.early_stopping.patience=5"",""probe.optuna.enabled=false"",""probe.output_dir=artifacts/probes/intphys2"",""probe.output_subdir=seed_runs_intphys2_ltx2b_linear_mlp/intphys2__ltx__ltx_2b_0_9_8_distilled__mlp__slot_21/seed_101"",""probe.eval_output_dir=artifacts/results/intphys2"",""probe.eval_output_subdir=seed_runs_intphys2_ltx2b_linear_mlp/intphys2__ltx__ltx_2b_0_9_8_distilled__mlp__slot_21/seed_101"",""probe.wandb.group=seed_runs_intphys2_ltx2b_linear_mlp_intphys2__ltx__ltx_2b_0_9_8_distilled__mlp__slot_21"",""probe.wandb.name=intphys2__ltx__ltx_2b_0_9_8_distilled__mlp__slot_21__seed_101"",""probe.mlp.hidden_dims=[512,256]"",""probe.mlp.dropout=0.048836057003191935""]",results/verified_layerwise_probe_configs.csv,201,203,f192488d08c2df39,VERIFIED_FULL,"{""batch_size"":256,""depth_layer_id"":7,""dropout"":0.048836057003191935,""early_stopping"":{""enabled"":false,""patience"":5},""epochs"":20,""eval_batch_size"":1024,""feature_view"":""pooled"",""hidden_dims"":[512,256],""layer"":21,""lr"":7.476312062252303e-05,""slot"":21,""weight_decay"":4.689400963537693e-05}",different_backbone_ablation/ltx_2b/intphys2/mlp/intphys2_probe_mlp_ltx_video_ltxv_2b_0_9_8_distilled_20260602T171552Z/layer_noise_0.5_block_7/train/optuna_summary.json
intphys2__ltx__ltx_2b_0_9_8_distilled__mlp__slot_21__seed_102,intphys2__ltx__ltx_2b_0_9_8_distilled__mlp__slot_21,train_eval.probe.intphys2,IntPhys2,intphys2,ltx,LTX-Video,LTX-2B,MLP,mlp,102,42,ltx_video,ltx_2b_0_9_8_distilled,21,21,noise_0.5_block_7,pooled,7.4763120622523026e-05,4.689400963537693e-05,256,1024,20,false,5,"[512,256]",0.048836057003191935,,,,,cpu,artifacts/probes/intphys2,seed_runs_intphys2_ltx2b_linear_mlp/intphys2__ltx__ltx_2b_0_9_8_distilled__mlp__slot_21/seed_102,artifacts/results/intphys2,seed_runs_intphys2_ltx2b_linear_mlp/intphys2__ltx__ltx_2b_0_9_8_distilled__mlp__slot_21/seed_102,seed_runs_intphys2_ltx2b_linear_mlp_intphys2__ltx__ltx_2b_0_9_8_distilled__mlp__slot_21,intphys2__ltx__ltx_2b_0_9_8_distilled__mlp__slot_21__seed_102,pending,,"[""seed=102"",""split.seed=42"",""backbone.name=ltx_video"",""+backbone.kwargs.variant=ltx_2b_0_9_8_distilled"",""probe.name=mlp"",""probe.layer=21"",""probe.layers=[]"",""probe.feature_view=pooled"",""probe.device=cpu"",""probe.lr=7.4763120622523026e-05"",""probe.weight_decay=4.689400963537693e-05"",""probe.batch_size=256"",""probe.eval_batch_size=1024"",""probe.epochs=20"",""probe.early_stopping.enabled=false"",""probe.early_stopping.patience=5"",""probe.optuna.enabled=false"",""probe.output_dir=artifacts/probes/intphys2"",""probe.output_subdir=seed_runs_intphys2_ltx2b_linear_mlp/intphys2__ltx__ltx_2b_0_9_8_distilled__mlp__slot_21/seed_102"",""probe.eval_output_dir=artifacts/results/intphys2"",""probe.eval_output_subdir=seed_runs_intphys2_ltx2b_linear_mlp/intphys2__ltx__ltx_2b_0_9_8_distilled__mlp__slot_21/seed_102"",""probe.wandb.group=seed_runs_intphys2_ltx2b_linear_mlp_intphys2__ltx__ltx_2b_0_9_8_distilled__mlp__slot_21"",""probe.wandb.name=intphys2__ltx__ltx_2b_0_9_8_distilled__mlp__slot_21__seed_102"",""probe.mlp.hidden_dims=[512,256]"",""probe.mlp.dropout=0.048836057003191935""]",results/verified_layerwise_probe_configs.csv,201,203,f192488d08c2df39,VERIFIED_FULL,"{""batch_size"":256,""depth_layer_id"":7,""dropout"":0.048836057003191935,""early_stopping"":{""enabled"":false,""patience"":5},""epochs"":20,""eval_batch_size"":1024,""feature_view"":""pooled"",""hidden_dims"":[512,256],""layer"":21,""lr"":7.476312062252303e-05,""slot"":21,""weight_decay"":4.689400963537693e-05}",different_backbone_ablation/ltx_2b/intphys2/mlp/intphys2_probe_mlp_ltx_video_ltxv_2b_0_9_8_distilled_20260602T171552Z/layer_noise_0.5_block_7/train/optuna_summary.json
intphys2__ltx__ltx_2b_0_9_8_distilled__mlp__slot_25__seed_101,intphys2__ltx__ltx_2b_0_9_8_distilled__mlp__slot_25,train_eval.probe.intphys2,IntPhys2,intphys2,ltx,LTX-Video,LTX-2B,MLP,mlp,101,42,ltx_video,ltx_2b_0_9_8_distilled,25,25,noise_0.4_block_7,pooled,7.4763120622523026e-05,4.689400963537693e-05,256,1024,20,false,5,"[512,256]",0.048836057003191935,,,,,cpu,artifacts/probes/intphys2,seed_runs_intphys2_ltx2b_linear_mlp/intphys2__ltx__ltx_2b_0_9_8_distilled__mlp__slot_25/seed_101,artifacts/results/intphys2,seed_runs_intphys2_ltx2b_linear_mlp/intphys2__ltx__ltx_2b_0_9_8_distilled__mlp__slot_25/seed_101,seed_runs_intphys2_ltx2b_linear_mlp_intphys2__ltx__ltx_2b_0_9_8_distilled__mlp__slot_25,intphys2__ltx__ltx_2b_0_9_8_distilled__mlp__slot_25__seed_101,pending,,"[""seed=101"",""split.seed=42"",""backbone.name=ltx_video"",""+backbone.kwargs.variant=ltx_2b_0_9_8_distilled"",""probe.name=mlp"",""probe.layer=25"",""probe.layers=[]"",""probe.feature_view=pooled"",""probe.device=cpu"",""probe.lr=7.4763120622523026e-05"",""probe.weight_decay=4.689400963537693e-05"",""probe.batch_size=256"",""probe.eval_batch_size=1024"",""probe.epochs=20"",""probe.early_stopping.enabled=false"",""probe.early_stopping.patience=5"",""probe.optuna.enabled=false"",""probe.output_dir=artifacts/probes/intphys2"",""probe.output_subdir=seed_runs_intphys2_ltx2b_linear_mlp/intphys2__ltx__ltx_2b_0_9_8_distilled__mlp__slot_25/seed_101"",""probe.eval_output_dir=artifacts/results/intphys2"",""probe.eval_output_subdir=seed_runs_intphys2_ltx2b_linear_mlp/intphys2__ltx__ltx_2b_0_9_8_distilled__mlp__slot_25/seed_101"",""probe.wandb.group=seed_runs_intphys2_ltx2b_linear_mlp_intphys2__ltx__ltx_2b_0_9_8_distilled__mlp__slot_25"",""probe.wandb.name=intphys2__ltx__ltx_2b_0_9_8_distilled__mlp__slot_25__seed_101"",""probe.mlp.hidden_dims=[512,256]"",""probe.mlp.dropout=0.048836057003191935""]",results/verified_layerwise_probe_configs.csv,202,204,65be7e19d1251f30,VERIFIED_FULL,"{""batch_size"":256,""depth_layer_id"":7,""dropout"":0.048836057003191935,""early_stopping"":{""enabled"":false,""patience"":5},""epochs"":20,""eval_batch_size"":1024,""feature_view"":""pooled"",""hidden_dims"":[512,256],""layer"":25,""lr"":7.476312062252303e-05,""slot"":25,""weight_decay"":4.689400963537693e-05}",different_backbone_ablation/ltx_2b/intphys2/mlp/intphys2_probe_mlp_ltx_video_ltxv_2b_0_9_8_distilled_20260602T171552Z/layer_noise_0.4_block_7/train/optuna_summary.json
intphys2__ltx__ltx_2b_0_9_8_distilled__mlp__slot_25__seed_102,intphys2__ltx__ltx_2b_0_9_8_distilled__mlp__slot_25,train_eval.probe.intphys2,IntPhys2,intphys2,ltx,LTX-Video,LTX-2B,MLP,mlp,102,42,ltx_video,ltx_2b_0_9_8_distilled,25,25,noise_0.4_block_7,pooled,7.4763120622523026e-05,4.689400963537693e-05,256,1024,20,false,5,"[512,256]",0.048836057003191935,,,,,cpu,artifacts/probes/intphys2,seed_runs_intphys2_ltx2b_linear_mlp/intphys2__ltx__ltx_2b_0_9_8_distilled__mlp__slot_25/seed_102,artifacts/results/intphys2,seed_runs_intphys2_ltx2b_linear_mlp/intphys2__ltx__ltx_2b_0_9_8_distilled__mlp__slot_25/seed_102,seed_runs_intphys2_ltx2b_linear_mlp_intphys2__ltx__ltx_2b_0_9_8_distilled__mlp__slot_25,intphys2__ltx__ltx_2b_0_9_8_distilled__mlp__slot_25__seed_102,pending,,"[""seed=102"",""split.seed=42"",""backbone.name=ltx_video"",""+backbone.kwargs.variant=ltx_2b_0_9_8_distilled"",""probe.name=mlp"",""probe.layer=25"",""probe.layers=[]"",""probe.feature_view=pooled"",""probe.device=cpu"",""probe.lr=7.4763120622523026e-05"",""probe.weight_decay=4.689400963537693e-05"",""probe.batch_size=256"",""probe.eval_batch_size=1024"",""probe.epochs=20"",""probe.early_stopping.enabled=false"",""probe.early_stopping.patience=5"",""probe.optuna.enabled=false"",""probe.output_dir=artifacts/probes/intphys2"",""probe.output_subdir=seed_runs_intphys2_ltx2b_linear_mlp/intphys2__ltx__ltx_2b_0_9_8_distilled__mlp__slot_25/seed_102"",""probe.eval_output_dir=artifacts/results/intphys2"",""probe.eval_output_subdir=seed_runs_intphys2_ltx2b_linear_mlp/intphys2__ltx__ltx_2b_0_9_8_distilled__mlp__slot_25/seed_102"",""probe.wandb.group=seed_runs_intphys2_ltx2b_linear_mlp_intphys2__ltx__ltx_2b_0_9_8_distilled__mlp__slot_25"",""probe.wandb.name=intphys2__ltx__ltx_2b_0_9_8_distilled__mlp__slot_25__seed_102"",""probe.mlp.hidden_dims=[512,256]"",""probe.mlp.dropout=0.048836057003191935""]",results/verified_layerwise_probe_configs.csv,202,204,65be7e19d1251f30,VERIFIED_FULL,"{""batch_size"":256,""depth_layer_id"":7,""dropout"":0.048836057003191935,""early_stopping"":{""enabled"":false,""patience"":5},""epochs"":20,""eval_batch_size"":1024,""feature_view"":""pooled"",""hidden_dims"":[512,256],""layer"":25,""lr"":7.476312062252303e-05,""slot"":25,""weight_decay"":4.689400963537693e-05}",different_backbone_ablation/ltx_2b/intphys2/mlp/intphys2_probe_mlp_ltx_video_ltxv_2b_0_9_8_distilled_20260602T171552Z/layer_noise_0.4_block_7/train/optuna_summary.json
intphys2__ltx__ltx_2b_0_9_8_distilled__mlp__slot_29__seed_101,intphys2__ltx__ltx_2b_0_9_8_distilled__mlp__slot_29,train_eval.probe.intphys2,IntPhys2,intphys2,ltx,LTX-Video,LTX-2B,MLP,mlp,101,42,ltx_video,ltx_2b_0_9_8_distilled,29,29,noise_0.3_block_7,pooled,0.0011290133559092666,4.3743644399390693e-06,256,1024,50,false,5,[256],0.044246251025959749,,,,,cpu,artifacts/probes/intphys2,seed_runs_intphys2_ltx2b_linear_mlp/intphys2__ltx__ltx_2b_0_9_8_distilled__mlp__slot_29/seed_101,artifacts/results/intphys2,seed_runs_intphys2_ltx2b_linear_mlp/intphys2__ltx__ltx_2b_0_9_8_distilled__mlp__slot_29/seed_101,seed_runs_intphys2_ltx2b_linear_mlp_intphys2__ltx__ltx_2b_0_9_8_distilled__mlp__slot_29,intphys2__ltx__ltx_2b_0_9_8_distilled__mlp__slot_29__seed_101,pending,,"[""seed=101"",""split.seed=42"",""backbone.name=ltx_video"",""+backbone.kwargs.variant=ltx_2b_0_9_8_distilled"",""probe.name=mlp"",""probe.layer=29"",""probe.layers=[]"",""probe.feature_view=pooled"",""probe.device=cpu"",""probe.lr=0.0011290133559092666"",""probe.weight_decay=4.3743644399390693e-06"",""probe.batch_size=256"",""probe.eval_batch_size=1024"",""probe.epochs=50"",""probe.early_stopping.enabled=false"",""probe.early_stopping.patience=5"",""probe.optuna.enabled=false"",""probe.output_dir=artifacts/probes/intphys2"",""probe.output_subdir=seed_runs_intphys2_ltx2b_linear_mlp/intphys2__ltx__ltx_2b_0_9_8_distilled__mlp__slot_29/seed_101"",""probe.eval_output_dir=artifacts/results/intphys2"",""probe.eval_output_subdir=seed_runs_intphys2_ltx2b_linear_mlp/intphys2__ltx__ltx_2b_0_9_8_distilled__mlp__slot_29/seed_101"",""probe.wandb.group=seed_runs_intphys2_ltx2b_linear_mlp_intphys2__ltx__ltx_2b_0_9_8_distilled__mlp__slot_29"",""probe.wandb.name=intphys2__ltx__ltx_2b_0_9_8_distilled__mlp__slot_29__seed_101"",""probe.mlp.hidden_dims=[256]"",""probe.mlp.dropout=0.044246251025959749""]",results/verified_layerwise_probe_configs.csv,203,205,3c3f84fd5e596726,VERIFIED_FULL,"{""batch_size"":256,""depth_layer_id"":7,""dropout"":0.04424625102595975,""early_stopping"":{""enabled"":false,""patience"":5},""epochs"":50,""eval_batch_size"":1024,""feature_view"":""pooled"",""hidden_dims"":[256],""layer"":29,""lr"":0.0011290133559092666,""slot"":29,""weight_decay"":4.374364439939069e-06}",different_backbone_ablation/ltx_2b/intphys2/mlp/intphys2_probe_mlp_ltx_video_ltxv_2b_0_9_8_distilled_20260602T171552Z/layer_noise_0.3_block_7/train/optuna_summary.json
intphys2__ltx__ltx_2b_0_9_8_distilled__mlp__slot_29__seed_102,intphys2__ltx__ltx_2b_0_9_8_distilled__mlp__slot_29,train_eval.probe.intphys2,IntPhys2,intphys2,ltx,LTX-Video,LTX-2B,MLP,mlp,102,42,ltx_video,ltx_2b_0_9_8_distilled,29,29,noise_0.3_block_7,pooled,0.0011290133559092666,4.3743644399390693e-06,256,1024,50,false,5,[256],0.044246251025959749,,,,,cpu,artifacts/probes/intphys2,seed_runs_intphys2_ltx2b_linear_mlp/intphys2__ltx__ltx_2b_0_9_8_distilled__mlp__slot_29/seed_102,artifacts/results/intphys2,seed_runs_intphys2_ltx2b_linear_mlp/intphys2__ltx__ltx_2b_0_9_8_distilled__mlp__slot_29/seed_102,seed_runs_intphys2_ltx2b_linear_mlp_intphys2__ltx__ltx_2b_0_9_8_distilled__mlp__slot_29,intphys2__ltx__ltx_2b_0_9_8_distilled__mlp__slot_29__seed_102,pending,,"[""seed=102"",""split.seed=42"",""backbone.name=ltx_video"",""+backbone.kwargs.variant=ltx_2b_0_9_8_distilled"",""probe.name=mlp"",""probe.layer=29"",""probe.layers=[]"",""probe.feature_view=pooled"",""probe.device=cpu"",""probe.lr=0.0011290133559092666"",""probe.weight_decay=4.3743644399390693e-06"",""probe.batch_size=256"",""probe.eval_batch_size=1024"",""probe.epochs=50"",""probe.early_stopping.enabled=false"",""probe.early_stopping.patience=5"",""probe.optuna.enabled=false"",""probe.output_dir=artifacts/probes/intphys2"",""probe.output_subdir=seed_runs_intphys2_ltx2b_linear_mlp/intphys2__ltx__ltx_2b_0_9_8_distilled__mlp__slot_29/seed_102"",""probe.eval_output_dir=artifacts/results/intphys2"",""probe.eval_output_subdir=seed_runs_intphys2_ltx2b_linear_mlp/intphys2__ltx__ltx_2b_0_9_8_distilled__mlp__slot_29/seed_102"",""probe.wandb.group=seed_runs_intphys2_ltx2b_linear_mlp_intphys2__ltx__ltx_2b_0_9_8_distilled__mlp__slot_29"",""probe.wandb.name=intphys2__ltx__ltx_2b_0_9_8_distilled__mlp__slot_29__seed_102"",""probe.mlp.hidden_dims=[256]"",""probe.mlp.dropout=0.044246251025959749""]",results/verified_layerwise_probe_configs.csv,203,205,3c3f84fd5e596726,VERIFIED_FULL,"{""batch_size"":256,""depth_layer_id"":7,""dropout"":0.04424625102595975,""early_stopping"":{""enabled"":false,""patience"":5},""epochs"":50,""eval_batch_size"":1024,""feature_view"":""pooled"",""hidden_dims"":[256],""layer"":29,""lr"":0.0011290133559092666,""slot"":29,""weight_decay"":4.374364439939069e-06}",different_backbone_ablation/ltx_2b/intphys2/mlp/intphys2_probe_mlp_ltx_video_ltxv_2b_0_9_8_distilled_20260602T171552Z/layer_noise_0.3_block_7/train/optuna_summary.json
intphys2__ltx__ltx_2b_0_9_8_distilled__mlp__slot_33__seed_101,intphys2__ltx__ltx_2b_0_9_8_distilled__mlp__slot_33,train_eval.probe.intphys2,IntPhys2,intphys2,ltx,LTX-Video,LTX-2B,MLP,mlp,101,42,ltx_video,ltx_2b_0_9_8_distilled,33,33,noise_0.2_block_7,pooled,0.0002092430331581472,0.0074583969888723615,32,1024,2000,false,5,"[512,256]",0.0040256369180161622,,,,,cpu,artifacts/probes/intphys2,seed_runs_intphys2_ltx2b_linear_mlp/intphys2__ltx__ltx_2b_0_9_8_distilled__mlp__slot_33/seed_101,artifacts/results/intphys2,seed_runs_intphys2_ltx2b_linear_mlp/intphys2__ltx__ltx_2b_0_9_8_distilled__mlp__slot_33/seed_101,seed_runs_intphys2_ltx2b_linear_mlp_intphys2__ltx__ltx_2b_0_9_8_distilled__mlp__slot_33,intphys2__ltx__ltx_2b_0_9_8_distilled__mlp__slot_33__seed_101,pending,,"[""seed=101"",""split.seed=42"",""backbone.name=ltx_video"",""+backbone.kwargs.variant=ltx_2b_0_9_8_distilled"",""probe.name=mlp"",""probe.layer=33"",""probe.layers=[]"",""probe.feature_view=pooled"",""probe.device=cpu"",""probe.lr=0.0002092430331581472"",""probe.weight_decay=0.0074583969888723615"",""probe.batch_size=32"",""probe.eval_batch_size=1024"",""probe.epochs=2000"",""probe.early_stopping.enabled=false"",""probe.early_stopping.patience=5"",""probe.optuna.enabled=false"",""probe.output_dir=artifacts/probes/intphys2"",""probe.output_subdir=seed_runs_intphys2_ltx2b_linear_mlp/intphys2__ltx__ltx_2b_0_9_8_distilled__mlp__slot_33/seed_101"",""probe.eval_output_dir=artifacts/results/intphys2"",""probe.eval_output_subdir=seed_runs_intphys2_ltx2b_linear_mlp/intphys2__ltx__ltx_2b_0_9_8_distilled__mlp__slot_33/seed_101"",""probe.wandb.group=seed_runs_intphys2_ltx2b_linear_mlp_intphys2__ltx__ltx_2b_0_9_8_distilled__mlp__slot_33"",""probe.wandb.name=intphys2__ltx__ltx_2b_0_9_8_distilled__mlp__slot_33__seed_101"",""probe.mlp.hidden_dims=[512,256]"",""probe.mlp.dropout=0.0040256369180161622""]",results/verified_layerwise_probe_configs.csv,204,206,875ea72fd54119c3,VERIFIED_FULL,"{""batch_size"":32,""depth_layer_id"":7,""dropout"":0.004025636918016162,""early_stopping"":{""enabled"":false,""patience"":5},""epochs"":2000,""eval_batch_size"":1024,""feature_view"":""pooled"",""hidden_dims"":[512,256],""layer"":33,""lr"":0.0002092430331581472,""slot"":33,""weight_decay"":0.0074583969888723615}",different_backbone_ablation/ltx_2b/intphys2/mlp/intphys2_probe_mlp_ltx_video_ltxv_2b_0_9_8_distilled_20260602T171553Z/layer_noise_0.2_block_7/train/optuna_summary.json
intphys2__ltx__ltx_2b_0_9_8_distilled__mlp__slot_33__seed_102,intphys2__ltx__ltx_2b_0_9_8_distilled__mlp__slot_33,train_eval.probe.intphys2,IntPhys2,intphys2,ltx,LTX-Video,LTX-2B,MLP,mlp,102,42,ltx_video,ltx_2b_0_9_8_distilled,33,33,noise_0.2_block_7,pooled,0.0002092430331581472,0.0074583969888723615,32,1024,2000,false,5,"[512,256]",0.0040256369180161622,,,,,cpu,artifacts/probes/intphys2,seed_runs_intphys2_ltx2b_linear_mlp/intphys2__ltx__ltx_2b_0_9_8_distilled__mlp__slot_33/seed_102,artifacts/results/intphys2,seed_runs_intphys2_ltx2b_linear_mlp/intphys2__ltx__ltx_2b_0_9_8_distilled__mlp__slot_33/seed_102,seed_runs_intphys2_ltx2b_linear_mlp_intphys2__ltx__ltx_2b_0_9_8_distilled__mlp__slot_33,intphys2__ltx__ltx_2b_0_9_8_distilled__mlp__slot_33__seed_102,pending,,"[""seed=102"",""split.seed=42"",""backbone.name=ltx_video"",""+backbone.kwargs.variant=ltx_2b_0_9_8_distilled"",""probe.name=mlp"",""probe.layer=33"",""probe.layers=[]"",""probe.feature_view=pooled"",""probe.device=cpu"",""probe.lr=0.0002092430331581472"",""probe.weight_decay=0.0074583969888723615"",""probe.batch_size=32"",""probe.eval_batch_size=1024"",""probe.epochs=2000"",""probe.early_stopping.enabled=false"",""probe.early_stopping.patience=5"",""probe.optuna.enabled=false"",""probe.output_dir=artifacts/probes/intphys2"",""probe.output_subdir=seed_runs_intphys2_ltx2b_linear_mlp/intphys2__ltx__ltx_2b_0_9_8_distilled__mlp__slot_33/seed_102"",""probe.eval_output_dir=artifacts/results/intphys2"",""probe.eval_output_subdir=seed_runs_intphys2_ltx2b_linear_mlp/intphys2__ltx__ltx_2b_0_9_8_distilled__mlp__slot_33/seed_102"",""probe.wandb.group=seed_runs_intphys2_ltx2b_linear_mlp_intphys2__ltx__ltx_2b_0_9_8_distilled__mlp__slot_33"",""probe.wandb.name=intphys2__ltx__ltx_2b_0_9_8_distilled__mlp__slot_33__seed_102"",""probe.mlp.hidden_dims=[512,256]"",""probe.mlp.dropout=0.0040256369180161622""]",results/verified_layerwise_probe_configs.csv,204,206,875ea72fd54119c3,VERIFIED_FULL,"{""batch_size"":32,""depth_layer_id"":7,""dropout"":0.004025636918016162,""early_stopping"":{""enabled"":false,""patience"":5},""epochs"":2000,""eval_batch_size"":1024,""feature_view"":""pooled"",""hidden_dims"":[512,256],""layer"":33,""lr"":0.0002092430331581472,""slot"":33,""weight_decay"":0.0074583969888723615}",different_backbone_ablation/ltx_2b/intphys2/mlp/intphys2_probe_mlp_ltx_video_ltxv_2b_0_9_8_distilled_20260602T171553Z/layer_noise_0.2_block_7/train/optuna_summary.json
intphys2__ltx__ltx_2b_0_9_8_distilled__mlp__slot_37__seed_101,intphys2__ltx__ltx_2b_0_9_8_distilled__mlp__slot_37,train_eval.probe.intphys2,IntPhys2,intphys2,ltx,LTX-Video,LTX-2B,MLP,mlp,101,42,ltx_video,ltx_2b_0_9_8_distilled,37,37,noise_0.1_block_7,pooled,0.0099560556606590658,3.1735668424563583e-06,256,1024,500,false,5,[1024],0.30245254120679221,,,,,cpu,artifacts/probes/intphys2,seed_runs_intphys2_ltx2b_linear_mlp/intphys2__ltx__ltx_2b_0_9_8_distilled__mlp__slot_37/seed_101,artifacts/results/intphys2,seed_runs_intphys2_ltx2b_linear_mlp/intphys2__ltx__ltx_2b_0_9_8_distilled__mlp__slot_37/seed_101,seed_runs_intphys2_ltx2b_linear_mlp_intphys2__ltx__ltx_2b_0_9_8_distilled__mlp__slot_37,intphys2__ltx__ltx_2b_0_9_8_distilled__mlp__slot_37__seed_101,pending,,"[""seed=101"",""split.seed=42"",""backbone.name=ltx_video"",""+backbone.kwargs.variant=ltx_2b_0_9_8_distilled"",""probe.name=mlp"",""probe.layer=37"",""probe.layers=[]"",""probe.feature_view=pooled"",""probe.device=cpu"",""probe.lr=0.0099560556606590658"",""probe.weight_decay=3.1735668424563583e-06"",""probe.batch_size=256"",""probe.eval_batch_size=1024"",""probe.epochs=500"",""probe.early_stopping.enabled=false"",""probe.early_stopping.patience=5"",""probe.optuna.enabled=false"",""probe.output_dir=artifacts/probes/intphys2"",""probe.output_subdir=seed_runs_intphys2_ltx2b_linear_mlp/intphys2__ltx__ltx_2b_0_9_8_distilled__mlp__slot_37/seed_101"",""probe.eval_output_dir=artifacts/results/intphys2"",""probe.eval_output_subdir=seed_runs_intphys2_ltx2b_linear_mlp/intphys2__ltx__ltx_2b_0_9_8_distilled__mlp__slot_37/seed_101"",""probe.wandb.group=seed_runs_intphys2_ltx2b_linear_mlp_intphys2__ltx__ltx_2b_0_9_8_distilled__mlp__slot_37"",""probe.wandb.name=intphys2__ltx__ltx_2b_0_9_8_distilled__mlp__slot_37__seed_101"",""probe.mlp.hidden_dims=[1024]"",""probe.mlp.dropout=0.30245254120679221""]",results/verified_layerwise_probe_configs.csv,205,207,b25cc6aad6fc02f7,VERIFIED_FULL,"{""batch_size"":256,""depth_layer_id"":7,""dropout"":0.3024525412067922,""early_stopping"":{""enabled"":false,""patience"":5},""epochs"":500,""eval_batch_size"":1024,""feature_view"":""pooled"",""hidden_dims"":[1024],""layer"":37,""lr"":0.009956055660659066,""slot"":37,""weight_decay"":3.1735668424563583e-06}",different_backbone_ablation/ltx_2b/intphys2/mlp/intphys2_probe_mlp_ltx_video_ltxv_2b_0_9_8_distilled_20260602T171553Z/layer_noise_0.1_block_7/train/optuna_summary.json
intphys2__ltx__ltx_2b_0_9_8_distilled__mlp__slot_37__seed_102,intphys2__ltx__ltx_2b_0_9_8_distilled__mlp__slot_37,train_eval.probe.intphys2,IntPhys2,intphys2,ltx,LTX-Video,LTX-2B,MLP,mlp,102,42,ltx_video,ltx_2b_0_9_8_distilled,37,37,noise_0.1_block_7,pooled,0.0099560556606590658,3.1735668424563583e-06,256,1024,500,false,5,[1024],0.30245254120679221,,,,,cpu,artifacts/probes/intphys2,seed_runs_intphys2_ltx2b_linear_mlp/intphys2__ltx__ltx_2b_0_9_8_distilled__mlp__slot_37/seed_102,artifacts/results/intphys2,seed_runs_intphys2_ltx2b_linear_mlp/intphys2__ltx__ltx_2b_0_9_8_distilled__mlp__slot_37/seed_102,seed_runs_intphys2_ltx2b_linear_mlp_intphys2__ltx__ltx_2b_0_9_8_distilled__mlp__slot_37,intphys2__ltx__ltx_2b_0_9_8_distilled__mlp__slot_37__seed_102,pending,,"[""seed=102"",""split.seed=42"",""backbone.name=ltx_video"",""+backbone.kwargs.variant=ltx_2b_0_9_8_distilled"",""probe.name=mlp"",""probe.layer=37"",""probe.layers=[]"",""probe.feature_view=pooled"",""probe.device=cpu"",""probe.lr=0.0099560556606590658"",""probe.weight_decay=3.1735668424563583e-06"",""probe.batch_size=256"",""probe.eval_batch_size=1024"",""probe.epochs=500"",""probe.early_stopping.enabled=false"",""probe.early_stopping.patience=5"",""probe.optuna.enabled=false"",""probe.output_dir=artifacts/probes/intphys2"",""probe.output_subdir=seed_runs_intphys2_ltx2b_linear_mlp/intphys2__ltx__ltx_2b_0_9_8_distilled__mlp__slot_37/seed_102"",""probe.eval_output_dir=artifacts/results/intphys2"",""probe.eval_output_subdir=seed_runs_intphys2_ltx2b_linear_mlp/intphys2__ltx__ltx_2b_0_9_8_distilled__mlp__slot_37/seed_102"",""probe.wandb.group=seed_runs_intphys2_ltx2b_linear_mlp_intphys2__ltx__ltx_2b_0_9_8_distilled__mlp__slot_37"",""probe.wandb.name=intphys2__ltx__ltx_2b_0_9_8_distilled__mlp__slot_37__seed_102"",""probe.mlp.hidden_dims=[1024]"",""probe.mlp.dropout=0.30245254120679221""]",results/verified_layerwise_probe_configs.csv,205,207,b25cc6aad6fc02f7,VERIFIED_FULL,"{""batch_size"":256,""depth_layer_id"":7,""dropout"":0.3024525412067922,""early_stopping"":{""enabled"":false,""patience"":5},""epochs"":500,""eval_batch_size"":1024,""feature_view"":""pooled"",""hidden_dims"":[1024],""layer"":37,""lr"":0.009956055660659066,""slot"":37,""weight_decay"":3.1735668424563583e-06}",different_backbone_ablation/ltx_2b/intphys2/mlp/intphys2_probe_mlp_ltx_video_ltxv_2b_0_9_8_distilled_20260602T171553Z/layer_noise_0.1_block_7/train/optuna_summary.json
intphys2__ltx__ltx_2b_0_9_8_distilled__mlp__slot_2__seed_101,intphys2__ltx__ltx_2b_0_9_8_distilled__mlp__slot_2,train_eval.probe.intphys2,IntPhys2,intphys2,ltx,LTX-Video,LTX-2B,MLP,mlp,101,42,ltx_video,ltx_2b_0_9_8_distilled,2,2,noise_1.0_block_14,pooled,0.00013292918943162159,0.0050615768887523043,32,1024,2000,false,5,[256],0.21597250932105788,,,,,cpu,artifacts/probes/intphys2,seed_runs_intphys2_ltx2b_linear_mlp/intphys2__ltx__ltx_2b_0_9_8_distilled__mlp__slot_2/seed_101,artifacts/results/intphys2,seed_runs_intphys2_ltx2b_linear_mlp/intphys2__ltx__ltx_2b_0_9_8_distilled__mlp__slot_2/seed_101,seed_runs_intphys2_ltx2b_linear_mlp_intphys2__ltx__ltx_2b_0_9_8_distilled__mlp__slot_2,intphys2__ltx__ltx_2b_0_9_8_distilled__mlp__slot_2__seed_101,pending,,"[""seed=101"",""split.seed=42"",""backbone.name=ltx_video"",""+backbone.kwargs.variant=ltx_2b_0_9_8_distilled"",""probe.name=mlp"",""probe.layer=2"",""probe.layers=[]"",""probe.feature_view=pooled"",""probe.device=cpu"",""probe.lr=0.00013292918943162159"",""probe.weight_decay=0.0050615768887523043"",""probe.batch_size=32"",""probe.eval_batch_size=1024"",""probe.epochs=2000"",""probe.early_stopping.enabled=false"",""probe.early_stopping.patience=5"",""probe.optuna.enabled=false"",""probe.output_dir=artifacts/probes/intphys2"",""probe.output_subdir=seed_runs_intphys2_ltx2b_linear_mlp/intphys2__ltx__ltx_2b_0_9_8_distilled__mlp__slot_2/seed_101"",""probe.eval_output_dir=artifacts/results/intphys2"",""probe.eval_output_subdir=seed_runs_intphys2_ltx2b_linear_mlp/intphys2__ltx__ltx_2b_0_9_8_distilled__mlp__slot_2/seed_101"",""probe.wandb.group=seed_runs_intphys2_ltx2b_linear_mlp_intphys2__ltx__ltx_2b_0_9_8_distilled__mlp__slot_2"",""probe.wandb.name=intphys2__ltx__ltx_2b_0_9_8_distilled__mlp__slot_2__seed_101"",""probe.mlp.hidden_dims=[256]"",""probe.mlp.dropout=0.21597250932105788""]",results/verified_layerwise_probe_configs.csv,206,208,ad8e6c2fbf7738ec,VERIFIED_FULL,"{""batch_size"":32,""depth_layer_id"":14,""dropout"":0.21597250932105788,""early_stopping"":{""enabled"":false,""patience"":5},""epochs"":2000,""eval_batch_size"":1024,""feature_view"":""pooled"",""hidden_dims"":[256],""layer"":2,""lr"":0.0001329291894316216,""slot"":2,""weight_decay"":0.005061576888752304}",different_backbone_ablation/ltx_2b/intphys2/mlp/intphys2_probe_mlp_ltx_video_ltxv_2b_0_9_8_distilled_20260602T162801Z/layer_noise_1.0_block_14/train/optuna_summary.json
intphys2__ltx__ltx_2b_0_9_8_distilled__mlp__slot_2__seed_102,intphys2__ltx__ltx_2b_0_9_8_distilled__mlp__slot_2,train_eval.probe.intphys2,IntPhys2,intphys2,ltx,LTX-Video,LTX-2B,MLP,mlp,102,42,ltx_video,ltx_2b_0_9_8_distilled,2,2,noise_1.0_block_14,pooled,0.00013292918943162159,0.0050615768887523043,32,1024,2000,false,5,[256],0.21597250932105788,,,,,cpu,artifacts/probes/intphys2,seed_runs_intphys2_ltx2b_linear_mlp/intphys2__ltx__ltx_2b_0_9_8_distilled__mlp__slot_2/seed_102,artifacts/results/intphys2,seed_runs_intphys2_ltx2b_linear_mlp/intphys2__ltx__ltx_2b_0_9_8_distilled__mlp__slot_2/seed_102,seed_runs_intphys2_ltx2b_linear_mlp_intphys2__ltx__ltx_2b_0_9_8_distilled__mlp__slot_2,intphys2__ltx__ltx_2b_0_9_8_distilled__mlp__slot_2__seed_102,pending,,"[""seed=102"",""split.seed=42"",""backbone.name=ltx_video"",""+backbone.kwargs.variant=ltx_2b_0_9_8_distilled"",""probe.name=mlp"",""probe.layer=2"",""probe.layers=[]"",""probe.feature_view=pooled"",""probe.device=cpu"",""probe.lr=0.00013292918943162159"",""probe.weight_decay=0.0050615768887523043"",""probe.batch_size=32"",""probe.eval_batch_size=1024"",""probe.epochs=2000"",""probe.early_stopping.enabled=false"",""probe.early_stopping.patience=5"",""probe.optuna.enabled=false"",""probe.output_dir=artifacts/probes/intphys2"",""probe.output_subdir=seed_runs_intphys2_ltx2b_linear_mlp/intphys2__ltx__ltx_2b_0_9_8_distilled__mlp__slot_2/seed_102"",""probe.eval_output_dir=artifacts/results/intphys2"",""probe.eval_output_subdir=seed_runs_intphys2_ltx2b_linear_mlp/intphys2__ltx__ltx_2b_0_9_8_distilled__mlp__slot_2/seed_102"",""probe.wandb.group=seed_runs_intphys2_ltx2b_linear_mlp_intphys2__ltx__ltx_2b_0_9_8_distilled__mlp__slot_2"",""probe.wandb.name=intphys2__ltx__ltx_2b_0_9_8_distilled__mlp__slot_2__seed_102"",""probe.mlp.hidden_dims=[256]"",""probe.mlp.dropout=0.21597250932105788""]",results/verified_layerwise_probe_configs.csv,206,208,ad8e6c2fbf7738ec,VERIFIED_FULL,"{""batch_size"":32,""depth_layer_id"":14,""dropout"":0.21597250932105788,""early_stopping"":{""enabled"":false,""patience"":5},""epochs"":2000,""eval_batch_size"":1024,""feature_view"":""pooled"",""hidden_dims"":[256],""layer"":2,""lr"":0.0001329291894316216,""slot"":2,""weight_decay"":0.005061576888752304}",different_backbone_ablation/ltx_2b/intphys2/mlp/intphys2_probe_mlp_ltx_video_ltxv_2b_0_9_8_distilled_20260602T162801Z/layer_noise_1.0_block_14/train/optuna_summary.json
intphys2__ltx__ltx_2b_0_9_8_distilled__mlp__slot_6__seed_101,intphys2__ltx__ltx_2b_0_9_8_distilled__mlp__slot_6,train_eval.probe.intphys2,IntPhys2,intphys2,ltx,LTX-Video,LTX-2B,MLP,mlp,101,42,ltx_video,ltx_2b_0_9_8_distilled,6,6,noise_0.9_block_14,pooled,0.0085730058493664624,8.7853599666884997e-05,64,1024,20,false,5,"[512,256]",0.21997460226414123,,,,,cpu,artifacts/probes/intphys2,seed_runs_intphys2_ltx2b_linear_mlp/intphys2__ltx__ltx_2b_0_9_8_distilled__mlp__slot_6/seed_101,artifacts/results/intphys2,seed_runs_intphys2_ltx2b_linear_mlp/intphys2__ltx__ltx_2b_0_9_8_distilled__mlp__slot_6/seed_101,seed_runs_intphys2_ltx2b_linear_mlp_intphys2__ltx__ltx_2b_0_9_8_distilled__mlp__slot_6,intphys2__ltx__ltx_2b_0_9_8_distilled__mlp__slot_6__seed_101,pending,,"[""seed=101"",""split.seed=42"",""backbone.name=ltx_video"",""+backbone.kwargs.variant=ltx_2b_0_9_8_distilled"",""probe.name=mlp"",""probe.layer=6"",""probe.layers=[]"",""probe.feature_view=pooled"",""probe.device=cpu"",""probe.lr=0.0085730058493664624"",""probe.weight_decay=8.7853599666884997e-05"",""probe.batch_size=64"",""probe.eval_batch_size=1024"",""probe.epochs=20"",""probe.early_stopping.enabled=false"",""probe.early_stopping.patience=5"",""probe.optuna.enabled=false"",""probe.output_dir=artifacts/probes/intphys2"",""probe.output_subdir=seed_runs_intphys2_ltx2b_linear_mlp/intphys2__ltx__ltx_2b_0_9_8_distilled__mlp__slot_6/seed_101"",""probe.eval_output_dir=artifacts/results/intphys2"",""probe.eval_output_subdir=seed_runs_intphys2_ltx2b_linear_mlp/intphys2__ltx__ltx_2b_0_9_8_distilled__mlp__slot_6/seed_101"",""probe.wandb.group=seed_runs_intphys2_ltx2b_linear_mlp_intphys2__ltx__ltx_2b_0_9_8_distilled__mlp__slot_6"",""probe.wandb.name=intphys2__ltx__ltx_2b_0_9_8_distilled__mlp__slot_6__seed_101"",""probe.mlp.hidden_dims=[512,256]"",""probe.mlp.dropout=0.21997460226414123""]",results/verified_layerwise_probe_configs.csv,207,209,2a7553d4653a8485,VERIFIED_FULL,"{""batch_size"":64,""depth_layer_id"":14,""dropout"":0.21997460226414123,""early_stopping"":{""enabled"":false,""patience"":5},""epochs"":20,""eval_batch_size"":1024,""feature_view"":""pooled"",""hidden_dims"":[512,256],""layer"":6,""lr"":0.008573005849366462,""slot"":6,""weight_decay"":8.7853599666885e-05}",different_backbone_ablation/ltx_2b/intphys2/mlp/intphys2_probe_mlp_ltx_video_ltxv_2b_0_9_8_distilled_20260602T171549Z/layer_noise_0.9_block_14/train/optuna_summary.json
intphys2__ltx__ltx_2b_0_9_8_distilled__mlp__slot_6__seed_102,intphys2__ltx__ltx_2b_0_9_8_distilled__mlp__slot_6,train_eval.probe.intphys2,IntPhys2,intphys2,ltx,LTX-Video,LTX-2B,MLP,mlp,102,42,ltx_video,ltx_2b_0_9_8_distilled,6,6,noise_0.9_block_14,pooled,0.0085730058493664624,8.7853599666884997e-05,64,1024,20,false,5,"[512,256]",0.21997460226414123,,,,,cpu,artifacts/probes/intphys2,seed_runs_intphys2_ltx2b_linear_mlp/intphys2__ltx__ltx_2b_0_9_8_distilled__mlp__slot_6/seed_102,artifacts/results/intphys2,seed_runs_intphys2_ltx2b_linear_mlp/intphys2__ltx__ltx_2b_0_9_8_distilled__mlp__slot_6/seed_102,seed_runs_intphys2_ltx2b_linear_mlp_intphys2__ltx__ltx_2b_0_9_8_distilled__mlp__slot_6,intphys2__ltx__ltx_2b_0_9_8_distilled__mlp__slot_6__seed_102,pending,,"[""seed=102"",""split.seed=42"",""backbone.name=ltx_video"",""+backbone.kwargs.variant=ltx_2b_0_9_8_distilled"",""probe.name=mlp"",""probe.layer=6"",""probe.layers=[]"",""probe.feature_view=pooled"",""probe.device=cpu"",""probe.lr=0.0085730058493664624"",""probe.weight_decay=8.7853599666884997e-05"",""probe.batch_size=64"",""probe.eval_batch_size=1024"",""probe.epochs=20"",""probe.early_stopping.enabled=false"",""probe.early_stopping.patience=5"",""probe.optuna.enabled=false"",""probe.output_dir=artifacts/probes/intphys2"",""probe.output_subdir=seed_runs_intphys2_ltx2b_linear_mlp/intphys2__ltx__ltx_2b_0_9_8_distilled__mlp__slot_6/seed_102"",""probe.eval_output_dir=artifacts/results/intphys2"",""probe.eval_output_subdir=seed_runs_intphys2_ltx2b_linear_mlp/intphys2__ltx__ltx_2b_0_9_8_distilled__mlp__slot_6/seed_102"",""probe.wandb.group=seed_runs_intphys2_ltx2b_linear_mlp_intphys2__ltx__ltx_2b_0_9_8_distilled__mlp__slot_6"",""probe.wandb.name=intphys2__ltx__ltx_2b_0_9_8_distilled__mlp__slot_6__seed_102"",""probe.mlp.hidden_dims=[512,256]"",""probe.mlp.dropout=0.21997460226414123""]",results/verified_layerwise_probe_configs.csv,207,209,2a7553d4653a8485,VERIFIED_FULL,"{""batch_size"":64,""depth_layer_id"":14,""dropout"":0.21997460226414123,""early_stopping"":{""enabled"":false,""patience"":5},""epochs"":20,""eval_batch_size"":1024,""feature_view"":""pooled"",""hidden_dims"":[512,256],""layer"":6,""lr"":0.008573005849366462,""slot"":6,""weight_decay"":8.7853599666885e-05}",different_backbone_ablation/ltx_2b/intphys2/mlp/intphys2_probe_mlp_ltx_video_ltxv_2b_0_9_8_distilled_20260602T171549Z/layer_noise_0.9_block_14/train/optuna_summary.json
intphys2__ltx__ltx_2b_0_9_8_distilled__mlp__slot_10__seed_101,intphys2__ltx__ltx_2b_0_9_8_distilled__mlp__slot_10,train_eval.probe.intphys2,IntPhys2,intphys2,ltx,LTX-Video,LTX-2B,MLP,mlp,101,42,ltx_video,ltx_2b_0_9_8_distilled,10,10,noise_0.8_block_14,pooled,0.00013292918943162159,0.0050615768887523043,32,1024,2000,false,5,[256],0.21597250932105788,,,,,cpu,artifacts/probes/intphys2,seed_runs_intphys2_ltx2b_linear_mlp/intphys2__ltx__ltx_2b_0_9_8_distilled__mlp__slot_10/seed_101,artifacts/results/intphys2,seed_runs_intphys2_ltx2b_linear_mlp/intphys2__ltx__ltx_2b_0_9_8_distilled__mlp__slot_10/seed_101,seed_runs_intphys2_ltx2b_linear_mlp_intphys2__ltx__ltx_2b_0_9_8_distilled__mlp__slot_10,intphys2__ltx__ltx_2b_0_9_8_distilled__mlp__slot_10__seed_101,pending,,"[""seed=101"",""split.seed=42"",""backbone.name=ltx_video"",""+backbone.kwargs.variant=ltx_2b_0_9_8_distilled"",""probe.name=mlp"",""probe.layer=10"",""probe.layers=[]"",""probe.feature_view=pooled"",""probe.device=cpu"",""probe.lr=0.00013292918943162159"",""probe.weight_decay=0.0050615768887523043"",""probe.batch_size=32"",""probe.eval_batch_size=1024"",""probe.epochs=2000"",""probe.early_stopping.enabled=false"",""probe.early_stopping.patience=5"",""probe.optuna.enabled=false"",""probe.output_dir=artifacts/probes/intphys2"",""probe.output_subdir=seed_runs_intphys2_ltx2b_linear_mlp/intphys2__ltx__ltx_2b_0_9_8_distilled__mlp__slot_10/seed_101"",""probe.eval_output_dir=artifacts/results/intphys2"",""probe.eval_output_subdir=seed_runs_intphys2_ltx2b_linear_mlp/intphys2__ltx__ltx_2b_0_9_8_distilled__mlp__slot_10/seed_101"",""probe.wandb.group=seed_runs_intphys2_ltx2b_linear_mlp_intphys2__ltx__ltx_2b_0_9_8_distilled__mlp__slot_10"",""probe.wandb.name=intphys2__ltx__ltx_2b_0_9_8_distilled__mlp__slot_10__seed_101"",""probe.mlp.hidden_dims=[256]"",""probe.mlp.dropout=0.21597250932105788""]",results/verified_layerwise_probe_configs.csv,208,210,3cca20563eb53dce,VERIFIED_FULL,"{""batch_size"":32,""depth_layer_id"":14,""dropout"":0.21597250932105788,""early_stopping"":{""enabled"":false,""patience"":5},""epochs"":2000,""eval_batch_size"":1024,""feature_view"":""pooled"",""hidden_dims"":[256],""layer"":10,""lr"":0.0001329291894316216,""slot"":10,""weight_decay"":0.005061576888752304}",different_backbone_ablation/ltx_2b/intphys2/mlp/intphys2_probe_mlp_ltx_video_ltxv_2b_0_9_8_distilled_20260602T171549Z/layer_noise_0.8_block_14/train/optuna_summary.json
intphys2__ltx__ltx_2b_0_9_8_distilled__mlp__slot_10__seed_102,intphys2__ltx__ltx_2b_0_9_8_distilled__mlp__slot_10,train_eval.probe.intphys2,IntPhys2,intphys2,ltx,LTX-Video,LTX-2B,MLP,mlp,102,42,ltx_video,ltx_2b_0_9_8_distilled,10,10,noise_0.8_block_14,pooled,0.00013292918943162159,0.0050615768887523043,32,1024,2000,false,5,[256],0.21597250932105788,,,,,cpu,artifacts/probes/intphys2,seed_runs_intphys2_ltx2b_linear_mlp/intphys2__ltx__ltx_2b_0_9_8_distilled__mlp__slot_10/seed_102,artifacts/results/intphys2,seed_runs_intphys2_ltx2b_linear_mlp/intphys2__ltx__ltx_2b_0_9_8_distilled__mlp__slot_10/seed_102,seed_runs_intphys2_ltx2b_linear_mlp_intphys2__ltx__ltx_2b_0_9_8_distilled__mlp__slot_10,intphys2__ltx__ltx_2b_0_9_8_distilled__mlp__slot_10__seed_102,pending,,"[""seed=102"",""split.seed=42"",""backbone.name=ltx_video"",""+backbone.kwargs.variant=ltx_2b_0_9_8_distilled"",""probe.name=mlp"",""probe.layer=10"",""probe.layers=[]"",""probe.feature_view=pooled"",""probe.device=cpu"",""probe.lr=0.00013292918943162159"",""probe.weight_decay=0.0050615768887523043"",""probe.batch_size=32"",""probe.eval_batch_size=1024"",""probe.epochs=2000"",""probe.early_stopping.enabled=false"",""probe.early_stopping.patience=5"",""probe.optuna.enabled=false"",""probe.output_dir=artifacts/probes/intphys2"",""probe.output_subdir=seed_runs_intphys2_ltx2b_linear_mlp/intphys2__ltx__ltx_2b_0_9_8_distilled__mlp__slot_10/seed_102"",""probe.eval_output_dir=artifacts/results/intphys2"",""probe.eval_output_subdir=seed_runs_intphys2_ltx2b_linear_mlp/intphys2__ltx__ltx_2b_0_9_8_distilled__mlp__slot_10/seed_102"",""probe.wandb.group=seed_runs_intphys2_ltx2b_linear_mlp_intphys2__ltx__ltx_2b_0_9_8_distilled__mlp__slot_10"",""probe.wandb.name=intphys2__ltx__ltx_2b_0_9_8_distilled__mlp__slot_10__seed_102"",""probe.mlp.hidden_dims=[256]"",""probe.mlp.dropout=0.21597250932105788""]",results/verified_layerwise_probe_configs.csv,208,210,3cca20563eb53dce,VERIFIED_FULL,"{""batch_size"":32,""depth_layer_id"":14,""dropout"":0.21597250932105788,""early_stopping"":{""enabled"":false,""patience"":5},""epochs"":2000,""eval_batch_size"":1024,""feature_view"":""pooled"",""hidden_dims"":[256],""layer"":10,""lr"":0.0001329291894316216,""slot"":10,""weight_decay"":0.005061576888752304}",different_backbone_ablation/ltx_2b/intphys2/mlp/intphys2_probe_mlp_ltx_video_ltxv_2b_0_9_8_distilled_20260602T171549Z/layer_noise_0.8_block_14/train/optuna_summary.json
intphys2__ltx__ltx_2b_0_9_8_distilled__mlp__slot_14__seed_101,intphys2__ltx__ltx_2b_0_9_8_distilled__mlp__slot_14,train_eval.probe.intphys2,IntPhys2,intphys2,ltx,LTX-Video,LTX-2B,MLP,mlp,101,42,ltx_video,ltx_2b_0_9_8_distilled,14,14,noise_0.7_block_14,pooled,0.00039618175911548348,0.00014128462010415776,256,1024,100,false,5,[1024],0.16015259254014208,,,,,cpu,artifacts/probes/intphys2,seed_runs_intphys2_ltx2b_linear_mlp/intphys2__ltx__ltx_2b_0_9_8_distilled__mlp__slot_14/seed_101,artifacts/results/intphys2,seed_runs_intphys2_ltx2b_linear_mlp/intphys2__ltx__ltx_2b_0_9_8_distilled__mlp__slot_14/seed_101,seed_runs_intphys2_ltx2b_linear_mlp_intphys2__ltx__ltx_2b_0_9_8_distilled__mlp__slot_14,intphys2__ltx__ltx_2b_0_9_8_distilled__mlp__slot_14__seed_101,pending,,"[""seed=101"",""split.seed=42"",""backbone.name=ltx_video"",""+backbone.kwargs.variant=ltx_2b_0_9_8_distilled"",""probe.name=mlp"",""probe.layer=14"",""probe.layers=[]"",""probe.feature_view=pooled"",""probe.device=cpu"",""probe.lr=0.00039618175911548348"",""probe.weight_decay=0.00014128462010415776"",""probe.batch_size=256"",""probe.eval_batch_size=1024"",""probe.epochs=100"",""probe.early_stopping.enabled=false"",""probe.early_stopping.patience=5"",""probe.optuna.enabled=false"",""probe.output_dir=artifacts/probes/intphys2"",""probe.output_subdir=seed_runs_intphys2_ltx2b_linear_mlp/intphys2__ltx__ltx_2b_0_9_8_distilled__mlp__slot_14/seed_101"",""probe.eval_output_dir=artifacts/results/intphys2"",""probe.eval_output_subdir=seed_runs_intphys2_ltx2b_linear_mlp/intphys2__ltx__ltx_2b_0_9_8_distilled__mlp__slot_14/seed_101"",""probe.wandb.group=seed_runs_intphys2_ltx2b_linear_mlp_intphys2__ltx__ltx_2b_0_9_8_distilled__mlp__slot_14"",""probe.wandb.name=intphys2__ltx__ltx_2b_0_9_8_distilled__mlp__slot_14__seed_101"",""probe.mlp.hidden_dims=[1024]"",""probe.mlp.dropout=0.16015259254014208""]",results/verified_layerwise_probe_configs.csv,209,211,f2b92e48469a6486,VERIFIED_FULL,"{""batch_size"":256,""depth_layer_id"":14,""dropout"":0.16015259254014208,""early_stopping"":{""enabled"":false,""patience"":5},""epochs"":100,""eval_batch_size"":1024,""feature_view"":""pooled"",""hidden_dims"":[1024],""layer"":14,""lr"":0.0003961817591154835,""slot"":14,""weight_decay"":0.00014128462010415776}",different_backbone_ablation/ltx_2b/intphys2/mlp/intphys2_probe_mlp_ltx_video_ltxv_2b_0_9_8_distilled_20260602T171552Z/layer_noise_0.7_block_14/train/optuna_summary.json
intphys2__ltx__ltx_2b_0_9_8_distilled__mlp__slot_14__seed_102,intphys2__ltx__ltx_2b_0_9_8_distilled__mlp__slot_14,train_eval.probe.intphys2,IntPhys2,intphys2,ltx,LTX-Video,LTX-2B,MLP,mlp,102,42,ltx_video,ltx_2b_0_9_8_distilled,14,14,noise_0.7_block_14,pooled,0.00039618175911548348,0.00014128462010415776,256,1024,100,false,5,[1024],0.16015259254014208,,,,,cpu,artifacts/probes/intphys2,seed_runs_intphys2_ltx2b_linear_mlp/intphys2__ltx__ltx_2b_0_9_8_distilled__mlp__slot_14/seed_102,artifacts/results/intphys2,seed_runs_intphys2_ltx2b_linear_mlp/intphys2__ltx__ltx_2b_0_9_8_distilled__mlp__slot_14/seed_102,seed_runs_intphys2_ltx2b_linear_mlp_intphys2__ltx__ltx_2b_0_9_8_distilled__mlp__slot_14,intphys2__ltx__ltx_2b_0_9_8_distilled__mlp__slot_14__seed_102,pending,,"[""seed=102"",""split.seed=42"",""backbone.name=ltx_video"",""+backbone.kwargs.variant=ltx_2b_0_9_8_distilled"",""probe.name=mlp"",""probe.layer=14"",""probe.layers=[]"",""probe.feature_view=pooled"",""probe.device=cpu"",""probe.lr=0.00039618175911548348"",""probe.weight_decay=0.00014128462010415776"",""probe.batch_size=256"",""probe.eval_batch_size=1024"",""probe.epochs=100"",""probe.early_stopping.enabled=false"",""probe.early_stopping.patience=5"",""probe.optuna.enabled=false"",""probe.output_dir=artifacts/probes/intphys2"",""probe.output_subdir=seed_runs_intphys2_ltx2b_linear_mlp/intphys2__ltx__ltx_2b_0_9_8_distilled__mlp__slot_14/seed_102"",""probe.eval_output_dir=artifacts/results/intphys2"",""probe.eval_output_subdir=seed_runs_intphys2_ltx2b_linear_mlp/intphys2__ltx__ltx_2b_0_9_8_distilled__mlp__slot_14/seed_102"",""probe.wandb.group=seed_runs_intphys2_ltx2b_linear_mlp_intphys2__ltx__ltx_2b_0_9_8_distilled__mlp__slot_14"",""probe.wandb.name=intphys2__ltx__ltx_2b_0_9_8_distilled__mlp__slot_14__seed_102"",""probe.mlp.hidden_dims=[1024]"",""probe.mlp.dropout=0.16015259254014208""]",results/verified_layerwise_probe_configs.csv,209,211,f2b92e48469a6486,VERIFIED_FULL,"{""batch_size"":256,""depth_layer_id"":14,""dropout"":0.16015259254014208,""early_stopping"":{""enabled"":false,""patience"":5},""epochs"":100,""eval_batch_size"":1024,""feature_view"":""pooled"",""hidden_dims"":[1024],""layer"":14,""lr"":0.0003961817591154835,""slot"":14,""weight_decay"":0.00014128462010415776}",different_backbone_ablation/ltx_2b/intphys2/mlp/intphys2_probe_mlp_ltx_video_ltxv_2b_0_9_8_distilled_20260602T171552Z/layer_noise_0.7_block_14/train/optuna_summary.json
intphys2__ltx__ltx_2b_0_9_8_distilled__mlp__slot_18__seed_101,intphys2__ltx__ltx_2b_0_9_8_distilled__mlp__slot_18,train_eval.probe.intphys2,IntPhys2,intphys2,ltx,LTX-Video,LTX-2B,MLP,mlp,101,42,ltx_video,ltx_2b_0_9_8_distilled,18,18,noise_0.6_block_14,pooled,0.0002092430331581472,0.0074583969888723615,32,1024,2000,false,5,"[512,256]",0.0040256369180161622,,,,,cpu,artifacts/probes/intphys2,seed_runs_intphys2_ltx2b_linear_mlp/intphys2__ltx__ltx_2b_0_9_8_distilled__mlp__slot_18/seed_101,artifacts/results/intphys2,seed_runs_intphys2_ltx2b_linear_mlp/intphys2__ltx__ltx_2b_0_9_8_distilled__mlp__slot_18/seed_101,seed_runs_intphys2_ltx2b_linear_mlp_intphys2__ltx__ltx_2b_0_9_8_distilled__mlp__slot_18,intphys2__ltx__ltx_2b_0_9_8_distilled__mlp__slot_18__seed_101,pending,,"[""seed=101"",""split.seed=42"",""backbone.name=ltx_video"",""+backbone.kwargs.variant=ltx_2b_0_9_8_distilled"",""probe.name=mlp"",""probe.layer=18"",""probe.layers=[]"",""probe.feature_view=pooled"",""probe.device=cpu"",""probe.lr=0.0002092430331581472"",""probe.weight_decay=0.0074583969888723615"",""probe.batch_size=32"",""probe.eval_batch_size=1024"",""probe.epochs=2000"",""probe.early_stopping.enabled=false"",""probe.early_stopping.patience=5"",""probe.optuna.enabled=false"",""probe.output_dir=artifacts/probes/intphys2"",""probe.output_subdir=seed_runs_intphys2_ltx2b_linear_mlp/intphys2__ltx__ltx_2b_0_9_8_distilled__mlp__slot_18/seed_101"",""probe.eval_output_dir=artifacts/results/intphys2"",""probe.eval_output_subdir=seed_runs_intphys2_ltx2b_linear_mlp/intphys2__ltx__ltx_2b_0_9_8_distilled__mlp__slot_18/seed_101"",""probe.wandb.group=seed_runs_intphys2_ltx2b_linear_mlp_intphys2__ltx__ltx_2b_0_9_8_distilled__mlp__slot_18"",""probe.wandb.name=intphys2__ltx__ltx_2b_0_9_8_distilled__mlp__slot_18__seed_101"",""probe.mlp.hidden_dims=[512,256]"",""probe.mlp.dropout=0.0040256369180161622""]",results/verified_layerwise_probe_configs.csv,210,212,d4881f74d33dc085,VERIFIED_FULL,"{""batch_size"":32,""depth_layer_id"":14,""dropout"":0.004025636918016162,""early_stopping"":{""enabled"":false,""patience"":5},""epochs"":2000,""eval_batch_size"":1024,""feature_view"":""pooled"",""hidden_dims"":[512,256],""layer"":18,""lr"":0.0002092430331581472,""slot"":18,""weight_decay"":0.0074583969888723615}",different_backbone_ablation/ltx_2b/intphys2/mlp/intphys2_probe_mlp_ltx_video_ltxv_2b_0_9_8_distilled_20260602T171552Z/layer_noise_0.6_block_14/train/optuna_summary.json
intphys2__ltx__ltx_2b_0_9_8_distilled__mlp__slot_18__seed_102,intphys2__ltx__ltx_2b_0_9_8_distilled__mlp__slot_18,train_eval.probe.intphys2,IntPhys2,intphys2,ltx,LTX-Video,LTX-2B,MLP,mlp,102,42,ltx_video,ltx_2b_0_9_8_distilled,18,18,noise_0.6_block_14,pooled,0.0002092430331581472,0.0074583969888723615,32,1024,2000,false,5,"[512,256]",0.0040256369180161622,,,,,cpu,artifacts/probes/intphys2,seed_runs_intphys2_ltx2b_linear_mlp/intphys2__ltx__ltx_2b_0_9_8_distilled__mlp__slot_18/seed_102,artifacts/results/intphys2,seed_runs_intphys2_ltx2b_linear_mlp/intphys2__ltx__ltx_2b_0_9_8_distilled__mlp__slot_18/seed_102,seed_runs_intphys2_ltx2b_linear_mlp_intphys2__ltx__ltx_2b_0_9_8_distilled__mlp__slot_18,intphys2__ltx__ltx_2b_0_9_8_distilled__mlp__slot_18__seed_102,pending,,"[""seed=102"",""split.seed=42"",""backbone.name=ltx_video"",""+backbone.kwargs.variant=ltx_2b_0_9_8_distilled"",""probe.name=mlp"",""probe.layer=18"",""probe.layers=[]"",""probe.feature_view=pooled"",""probe.device=cpu"",""probe.lr=0.0002092430331581472"",""probe.weight_decay=0.0074583969888723615"",""probe.batch_size=32"",""probe.eval_batch_size=1024"",""probe.epochs=2000"",""probe.early_stopping.enabled=false"",""probe.early_stopping.patience=5"",""probe.optuna.enabled=false"",""probe.output_dir=artifacts/probes/intphys2"",""probe.output_subdir=seed_runs_intphys2_ltx2b_linear_mlp/intphys2__ltx__ltx_2b_0_9_8_distilled__mlp__slot_18/seed_102"",""probe.eval_output_dir=artifacts/results/intphys2"",""probe.eval_output_subdir=seed_runs_intphys2_ltx2b_linear_mlp/intphys2__ltx__ltx_2b_0_9_8_distilled__mlp__slot_18/seed_102"",""probe.wandb.group=seed_runs_intphys2_ltx2b_linear_mlp_intphys2__ltx__ltx_2b_0_9_8_distilled__mlp__slot_18"",""probe.wandb.name=intphys2__ltx__ltx_2b_0_9_8_distilled__mlp__slot_18__seed_102"",""probe.mlp.hidden_dims=[512,256]"",""probe.mlp.dropout=0.0040256369180161622""]",results/verified_layerwise_probe_configs.csv,210,212,d4881f74d33dc085,VERIFIED_FULL,"{""batch_size"":32,""depth_layer_id"":14,""dropout"":0.004025636918016162,""early_stopping"":{""enabled"":false,""patience"":5},""epochs"":2000,""eval_batch_size"":1024,""feature_view"":""pooled"",""hidden_dims"":[512,256],""layer"":18,""lr"":0.0002092430331581472,""slot"":18,""weight_decay"":0.0074583969888723615}",different_backbone_ablation/ltx_2b/intphys2/mlp/intphys2_probe_mlp_ltx_video_ltxv_2b_0_9_8_distilled_20260602T171552Z/layer_noise_0.6_block_14/train/optuna_summary.json
intphys2__ltx__ltx_2b_0_9_8_distilled__mlp__slot_22__seed_101,intphys2__ltx__ltx_2b_0_9_8_distilled__mlp__slot_22,train_eval.probe.intphys2,IntPhys2,intphys2,ltx,LTX-Video,LTX-2B,MLP,mlp,101,42,ltx_video,ltx_2b_0_9_8_distilled,22,22,noise_0.5_block_14,pooled,7.4763120622523026e-05,4.689400963537693e-05,256,1024,20,false,5,"[512,256]",0.048836057003191935,,,,,cpu,artifacts/probes/intphys2,seed_runs_intphys2_ltx2b_linear_mlp/intphys2__ltx__ltx_2b_0_9_8_distilled__mlp__slot_22/seed_101,artifacts/results/intphys2,seed_runs_intphys2_ltx2b_linear_mlp/intphys2__ltx__ltx_2b_0_9_8_distilled__mlp__slot_22/seed_101,seed_runs_intphys2_ltx2b_linear_mlp_intphys2__ltx__ltx_2b_0_9_8_distilled__mlp__slot_22,intphys2__ltx__ltx_2b_0_9_8_distilled__mlp__slot_22__seed_101,pending,,"[""seed=101"",""split.seed=42"",""backbone.name=ltx_video"",""+backbone.kwargs.variant=ltx_2b_0_9_8_distilled"",""probe.name=mlp"",""probe.layer=22"",""probe.layers=[]"",""probe.feature_view=pooled"",""probe.device=cpu"",""probe.lr=7.4763120622523026e-05"",""probe.weight_decay=4.689400963537693e-05"",""probe.batch_size=256"",""probe.eval_batch_size=1024"",""probe.epochs=20"",""probe.early_stopping.enabled=false"",""probe.early_stopping.patience=5"",""probe.optuna.enabled=false"",""probe.output_dir=artifacts/probes/intphys2"",""probe.output_subdir=seed_runs_intphys2_ltx2b_linear_mlp/intphys2__ltx__ltx_2b_0_9_8_distilled__mlp__slot_22/seed_101"",""probe.eval_output_dir=artifacts/results/intphys2"",""probe.eval_output_subdir=seed_runs_intphys2_ltx2b_linear_mlp/intphys2__ltx__ltx_2b_0_9_8_distilled__mlp__slot_22/seed_101"",""probe.wandb.group=seed_runs_intphys2_ltx2b_linear_mlp_intphys2__ltx__ltx_2b_0_9_8_distilled__mlp__slot_22"",""probe.wandb.name=intphys2__ltx__ltx_2b_0_9_8_distilled__mlp__slot_22__seed_101"",""probe.mlp.hidden_dims=[512,256]"",""probe.mlp.dropout=0.048836057003191935""]",results/verified_layerwise_probe_configs.csv,211,213,0791d74ef6a6a5a9,VERIFIED_FULL,"{""batch_size"":256,""depth_layer_id"":14,""dropout"":0.048836057003191935,""early_stopping"":{""enabled"":false,""patience"":5},""epochs"":20,""eval_batch_size"":1024,""feature_view"":""pooled"",""hidden_dims"":[512,256],""layer"":22,""lr"":7.476312062252303e-05,""slot"":22,""weight_decay"":4.689400963537693e-05}",different_backbone_ablation/ltx_2b/intphys2/mlp/intphys2_probe_mlp_ltx_video_ltxv_2b_0_9_8_distilled_20260602T171552Z/layer_noise_0.5_block_14/train/optuna_summary.json
intphys2__ltx__ltx_2b_0_9_8_distilled__mlp__slot_22__seed_102,intphys2__ltx__ltx_2b_0_9_8_distilled__mlp__slot_22,train_eval.probe.intphys2,IntPhys2,intphys2,ltx,LTX-Video,LTX-2B,MLP,mlp,102,42,ltx_video,ltx_2b_0_9_8_distilled,22,22,noise_0.5_block_14,pooled,7.4763120622523026e-05,4.689400963537693e-05,256,1024,20,false,5,"[512,256]",0.048836057003191935,,,,,cpu,artifacts/probes/intphys2,seed_runs_intphys2_ltx2b_linear_mlp/intphys2__ltx__ltx_2b_0_9_8_distilled__mlp__slot_22/seed_102,artifacts/results/intphys2,seed_runs_intphys2_ltx2b_linear_mlp/intphys2__ltx__ltx_2b_0_9_8_distilled__mlp__slot_22/seed_102,seed_runs_intphys2_ltx2b_linear_mlp_intphys2__ltx__ltx_2b_0_9_8_distilled__mlp__slot_22,intphys2__ltx__ltx_2b_0_9_8_distilled__mlp__slot_22__seed_102,pending,,"[""seed=102"",""split.seed=42"",""backbone.name=ltx_video"",""+backbone.kwargs.variant=ltx_2b_0_9_8_distilled"",""probe.name=mlp"",""probe.layer=22"",""probe.layers=[]"",""probe.feature_view=pooled"",""probe.device=cpu"",""probe.lr=7.4763120622523026e-05"",""probe.weight_decay=4.689400963537693e-05"",""probe.batch_size=256"",""probe.eval_batch_size=1024"",""probe.epochs=20"",""probe.early_stopping.enabled=false"",""probe.early_stopping.patience=5"",""probe.optuna.enabled=false"",""probe.output_dir=artifacts/probes/intphys2"",""probe.output_subdir=seed_runs_intphys2_ltx2b_linear_mlp/intphys2__ltx__ltx_2b_0_9_8_distilled__mlp__slot_22/seed_102"",""probe.eval_output_dir=artifacts/results/intphys2"",""probe.eval_output_subdir=seed_runs_intphys2_ltx2b_linear_mlp/intphys2__ltx__ltx_2b_0_9_8_distilled__mlp__slot_22/seed_102"",""probe.wandb.group=seed_runs_intphys2_ltx2b_linear_mlp_intphys2__ltx__ltx_2b_0_9_8_distilled__mlp__slot_22"",""probe.wandb.name=intphys2__ltx__ltx_2b_0_9_8_distilled__mlp__slot_22__seed_102"",""probe.mlp.hidden_dims=[512,256]"",""probe.mlp.dropout=0.048836057003191935""]",results/verified_layerwise_probe_configs.csv,211,213,0791d74ef6a6a5a9,VERIFIED_FULL,"{""batch_size"":256,""depth_layer_id"":14,""dropout"":0.048836057003191935,""early_stopping"":{""enabled"":false,""patience"":5},""epochs"":20,""eval_batch_size"":1024,""feature_view"":""pooled"",""hidden_dims"":[512,256],""layer"":22,""lr"":7.476312062252303e-05,""slot"":22,""weight_decay"":4.689400963537693e-05}",different_backbone_ablation/ltx_2b/intphys2/mlp/intphys2_probe_mlp_ltx_video_ltxv_2b_0_9_8_distilled_20260602T171552Z/layer_noise_0.5_block_14/train/optuna_summary.json
intphys2__ltx__ltx_2b_0_9_8_distilled__mlp__slot_26__seed_101,intphys2__ltx__ltx_2b_0_9_8_distilled__mlp__slot_26,train_eval.probe.intphys2,IntPhys2,intphys2,ltx,LTX-Video,LTX-2B,MLP,mlp,101,42,ltx_video,ltx_2b_0_9_8_distilled,26,26,noise_0.4_block_14,pooled,0.00018814174233499378,1.285671298605995e-06,64,1024,500,false,5,"[1024,512,256]",0.18550047872899006,,,,,cpu,artifacts/probes/intphys2,seed_runs_intphys2_ltx2b_linear_mlp/intphys2__ltx__ltx_2b_0_9_8_distilled__mlp__slot_26/seed_101,artifacts/results/intphys2,seed_runs_intphys2_ltx2b_linear_mlp/intphys2__ltx__ltx_2b_0_9_8_distilled__mlp__slot_26/seed_101,seed_runs_intphys2_ltx2b_linear_mlp_intphys2__ltx__ltx_2b_0_9_8_distilled__mlp__slot_26,intphys2__ltx__ltx_2b_0_9_8_distilled__mlp__slot_26__seed_101,pending,,"[""seed=101"",""split.seed=42"",""backbone.name=ltx_video"",""+backbone.kwargs.variant=ltx_2b_0_9_8_distilled"",""probe.name=mlp"",""probe.layer=26"",""probe.layers=[]"",""probe.feature_view=pooled"",""probe.device=cpu"",""probe.lr=0.00018814174233499378"",""probe.weight_decay=1.285671298605995e-06"",""probe.batch_size=64"",""probe.eval_batch_size=1024"",""probe.epochs=500"",""probe.early_stopping.enabled=false"",""probe.early_stopping.patience=5"",""probe.optuna.enabled=false"",""probe.output_dir=artifacts/probes/intphys2"",""probe.output_subdir=seed_runs_intphys2_ltx2b_linear_mlp/intphys2__ltx__ltx_2b_0_9_8_distilled__mlp__slot_26/seed_101"",""probe.eval_output_dir=artifacts/results/intphys2"",""probe.eval_output_subdir=seed_runs_intphys2_ltx2b_linear_mlp/intphys2__ltx__ltx_2b_0_9_8_distilled__mlp__slot_26/seed_101"",""probe.wandb.group=seed_runs_intphys2_ltx2b_linear_mlp_intphys2__ltx__ltx_2b_0_9_8_distilled__mlp__slot_26"",""probe.wandb.name=intphys2__ltx__ltx_2b_0_9_8_distilled__mlp__slot_26__seed_101"",""probe.mlp.hidden_dims=[1024,512,256]"",""probe.mlp.dropout=0.18550047872899006""]",results/verified_layerwise_probe_configs.csv,212,214,3782c57bfceb634c,VERIFIED_FULL,"{""batch_size"":64,""depth_layer_id"":14,""dropout"":0.18550047872899006,""early_stopping"":{""enabled"":false,""patience"":5},""epochs"":500,""eval_batch_size"":1024,""feature_view"":""pooled"",""hidden_dims"":[1024,512,256],""layer"":26,""lr"":0.00018814174233499378,""slot"":26,""weight_decay"":1.285671298605995e-06}",different_backbone_ablation/ltx_2b/intphys2/mlp/intphys2_probe_mlp_ltx_video_ltxv_2b_0_9_8_distilled_20260602T171552Z/layer_noise_0.4_block_14/train/optuna_summary.json
intphys2__ltx__ltx_2b_0_9_8_distilled__mlp__slot_26__seed_102,intphys2__ltx__ltx_2b_0_9_8_distilled__mlp__slot_26,train_eval.probe.intphys2,IntPhys2,intphys2,ltx,LTX-Video,LTX-2B,MLP,mlp,102,42,ltx_video,ltx_2b_0_9_8_distilled,26,26,noise_0.4_block_14,pooled,0.00018814174233499378,1.285671298605995e-06,64,1024,500,false,5,"[1024,512,256]",0.18550047872899006,,,,,cpu,artifacts/probes/intphys2,seed_runs_intphys2_ltx2b_linear_mlp/intphys2__ltx__ltx_2b_0_9_8_distilled__mlp__slot_26/seed_102,artifacts/results/intphys2,seed_runs_intphys2_ltx2b_linear_mlp/intphys2__ltx__ltx_2b_0_9_8_distilled__mlp__slot_26/seed_102,seed_runs_intphys2_ltx2b_linear_mlp_intphys2__ltx__ltx_2b_0_9_8_distilled__mlp__slot_26,intphys2__ltx__ltx_2b_0_9_8_distilled__mlp__slot_26__seed_102,pending,,"[""seed=102"",""split.seed=42"",""backbone.name=ltx_video"",""+backbone.kwargs.variant=ltx_2b_0_9_8_distilled"",""probe.name=mlp"",""probe.layer=26"",""probe.layers=[]"",""probe.feature_view=pooled"",""probe.device=cpu"",""probe.lr=0.00018814174233499378"",""probe.weight_decay=1.285671298605995e-06"",""probe.batch_size=64"",""probe.eval_batch_size=1024"",""probe.epochs=500"",""probe.early_stopping.enabled=false"",""probe.early_stopping.patience=5"",""probe.optuna.enabled=false"",""probe.output_dir=artifacts/probes/intphys2"",""probe.output_subdir=seed_runs_intphys2_ltx2b_linear_mlp/intphys2__ltx__ltx_2b_0_9_8_distilled__mlp__slot_26/seed_102"",""probe.eval_output_dir=artifacts/results/intphys2"",""probe.eval_output_subdir=seed_runs_intphys2_ltx2b_linear_mlp/intphys2__ltx__ltx_2b_0_9_8_distilled__mlp__slot_26/seed_102"",""probe.wandb.group=seed_runs_intphys2_ltx2b_linear_mlp_intphys2__ltx__ltx_2b_0_9_8_distilled__mlp__slot_26"",""probe.wandb.name=intphys2__ltx__ltx_2b_0_9_8_distilled__mlp__slot_26__seed_102"",""probe.mlp.hidden_dims=[1024,512,256]"",""probe.mlp.dropout=0.18550047872899006""]",results/verified_layerwise_probe_configs.csv,212,214,3782c57bfceb634c,VERIFIED_FULL,"{""batch_size"":64,""depth_layer_id"":14,""dropout"":0.18550047872899006,""early_stopping"":{""enabled"":false,""patience"":5},""epochs"":500,""eval_batch_size"":1024,""feature_view"":""pooled"",""hidden_dims"":[1024,512,256],""layer"":26,""lr"":0.00018814174233499378,""slot"":26,""weight_decay"":1.285671298605995e-06}",different_backbone_ablation/ltx_2b/intphys2/mlp/intphys2_probe_mlp_ltx_video_ltxv_2b_0_9_8_distilled_20260602T171552Z/layer_noise_0.4_block_14/train/optuna_summary.json
intphys2__ltx__ltx_2b_0_9_8_distilled__mlp__slot_30__seed_101,intphys2__ltx__ltx_2b_0_9_8_distilled__mlp__slot_30,train_eval.probe.intphys2,IntPhys2,intphys2,ltx,LTX-Video,LTX-2B,MLP,mlp,101,42,ltx_video,ltx_2b_0_9_8_distilled,30,30,noise_0.3_block_14,pooled,0.00029824676987495649,0.00020669084173431223,256,1024,2000,false,5,[256],0.16137964121749504,,,,,cpu,artifacts/probes/intphys2,seed_runs_intphys2_ltx2b_linear_mlp/intphys2__ltx__ltx_2b_0_9_8_distilled__mlp__slot_30/seed_101,artifacts/results/intphys2,seed_runs_intphys2_ltx2b_linear_mlp/intphys2__ltx__ltx_2b_0_9_8_distilled__mlp__slot_30/seed_101,seed_runs_intphys2_ltx2b_linear_mlp_intphys2__ltx__ltx_2b_0_9_8_distilled__mlp__slot_30,intphys2__ltx__ltx_2b_0_9_8_distilled__mlp__slot_30__seed_101,pending,,"[""seed=101"",""split.seed=42"",""backbone.name=ltx_video"",""+backbone.kwargs.variant=ltx_2b_0_9_8_distilled"",""probe.name=mlp"",""probe.layer=30"",""probe.layers=[]"",""probe.feature_view=pooled"",""probe.device=cpu"",""probe.lr=0.00029824676987495649"",""probe.weight_decay=0.00020669084173431223"",""probe.batch_size=256"",""probe.eval_batch_size=1024"",""probe.epochs=2000"",""probe.early_stopping.enabled=false"",""probe.early_stopping.patience=5"",""probe.optuna.enabled=false"",""probe.output_dir=artifacts/probes/intphys2"",""probe.output_subdir=seed_runs_intphys2_ltx2b_linear_mlp/intphys2__ltx__ltx_2b_0_9_8_distilled__mlp__slot_30/seed_101"",""probe.eval_output_dir=artifacts/results/intphys2"",""probe.eval_output_subdir=seed_runs_intphys2_ltx2b_linear_mlp/intphys2__ltx__ltx_2b_0_9_8_distilled__mlp__slot_30/seed_101"",""probe.wandb.group=seed_runs_intphys2_ltx2b_linear_mlp_intphys2__ltx__ltx_2b_0_9_8_distilled__mlp__slot_30"",""probe.wandb.name=intphys2__ltx__ltx_2b_0_9_8_distilled__mlp__slot_30__seed_101"",""probe.mlp.hidden_dims=[256]"",""probe.mlp.dropout=0.16137964121749504""]",results/verified_layerwise_probe_configs.csv,213,215,9b24a8131a99398b,VERIFIED_FULL,"{""batch_size"":256,""depth_layer_id"":14,""dropout"":0.16137964121749504,""early_stopping"":{""enabled"":false,""patience"":5},""epochs"":2000,""eval_batch_size"":1024,""feature_view"":""pooled"",""hidden_dims"":[256],""layer"":30,""lr"":0.0002982467698749565,""slot"":30,""weight_decay"":0.00020669084173431223}",different_backbone_ablation/ltx_2b/intphys2/mlp/intphys2_probe_mlp_ltx_video_ltxv_2b_0_9_8_distilled_20260602T171552Z/layer_noise_0.3_block_14/train/optuna_summary.json
intphys2__ltx__ltx_2b_0_9_8_distilled__mlp__slot_30__seed_102,intphys2__ltx__ltx_2b_0_9_8_distilled__mlp__slot_30,train_eval.probe.intphys2,IntPhys2,intphys2,ltx,LTX-Video,LTX-2B,MLP,mlp,102,42,ltx_video,ltx_2b_0_9_8_distilled,30,30,noise_0.3_block_14,pooled,0.00029824676987495649,0.00020669084173431223,256,1024,2000,false,5,[256],0.16137964121749504,,,,,cpu,artifacts/probes/intphys2,seed_runs_intphys2_ltx2b_linear_mlp/intphys2__ltx__ltx_2b_0_9_8_distilled__mlp__slot_30/seed_102,artifacts/results/intphys2,seed_runs_intphys2_ltx2b_linear_mlp/intphys2__ltx__ltx_2b_0_9_8_distilled__mlp__slot_30/seed_102,seed_runs_intphys2_ltx2b_linear_mlp_intphys2__ltx__ltx_2b_0_9_8_distilled__mlp__slot_30,intphys2__ltx__ltx_2b_0_9_8_distilled__mlp__slot_30__seed_102,pending,,"[""seed=102"",""split.seed=42"",""backbone.name=ltx_video"",""+backbone.kwargs.variant=ltx_2b_0_9_8_distilled"",""probe.name=mlp"",""probe.layer=30"",""probe.layers=[]"",""probe.feature_view=pooled"",""probe.device=cpu"",""probe.lr=0.00029824676987495649"",""probe.weight_decay=0.00020669084173431223"",""probe.batch_size=256"",""probe.eval_batch_size=1024"",""probe.epochs=2000"",""probe.early_stopping.enabled=false"",""probe.early_stopping.patience=5"",""probe.optuna.enabled=false"",""probe.output_dir=artifacts/probes/intphys2"",""probe.output_subdir=seed_runs_intphys2_ltx2b_linear_mlp/intphys2__ltx__ltx_2b_0_9_8_distilled__mlp__slot_30/seed_102"",""probe.eval_output_dir=artifacts/results/intphys2"",""probe.eval_output_subdir=seed_runs_intphys2_ltx2b_linear_mlp/intphys2__ltx__ltx_2b_0_9_8_distilled__mlp__slot_30/seed_102"",""probe.wandb.group=seed_runs_intphys2_ltx2b_linear_mlp_intphys2__ltx__ltx_2b_0_9_8_distilled__mlp__slot_30"",""probe.wandb.name=intphys2__ltx__ltx_2b_0_9_8_distilled__mlp__slot_30__seed_102"",""probe.mlp.hidden_dims=[256]"",""probe.mlp.dropout=0.16137964121749504""]",results/verified_layerwise_probe_configs.csv,213,215,9b24a8131a99398b,VERIFIED_FULL,"{""batch_size"":256,""depth_layer_id"":14,""dropout"":0.16137964121749504,""early_stopping"":{""enabled"":false,""patience"":5},""epochs"":2000,""eval_batch_size"":1024,""feature_view"":""pooled"",""hidden_dims"":[256],""layer"":30,""lr"":0.0002982467698749565,""slot"":30,""weight_decay"":0.00020669084173431223}",different_backbone_ablation/ltx_2b/intphys2/mlp/intphys2_probe_mlp_ltx_video_ltxv_2b_0_9_8_distilled_20260602T171552Z/layer_noise_0.3_block_14/train/optuna_summary.json
intphys2__ltx__ltx_2b_0_9_8_distilled__mlp__slot_34__seed_101,intphys2__ltx__ltx_2b_0_9_8_distilled__mlp__slot_34,train_eval.probe.intphys2,IntPhys2,intphys2,ltx,LTX-Video,LTX-2B,MLP,mlp,101,42,ltx_video,ltx_2b_0_9_8_distilled,34,34,noise_0.2_block_14,pooled,0.00013292918943162159,0.0050615768887523043,32,1024,2000,false,5,[256],0.21597250932105788,,,,,cpu,artifacts/probes/intphys2,seed_runs_intphys2_ltx2b_linear_mlp/intphys2__ltx__ltx_2b_0_9_8_distilled__mlp__slot_34/seed_101,artifacts/results/intphys2,seed_runs_intphys2_ltx2b_linear_mlp/intphys2__ltx__ltx_2b_0_9_8_distilled__mlp__slot_34/seed_101,seed_runs_intphys2_ltx2b_linear_mlp_intphys2__ltx__ltx_2b_0_9_8_distilled__mlp__slot_34,intphys2__ltx__ltx_2b_0_9_8_distilled__mlp__slot_34__seed_101,pending,,"[""seed=101"",""split.seed=42"",""backbone.name=ltx_video"",""+backbone.kwargs.variant=ltx_2b_0_9_8_distilled"",""probe.name=mlp"",""probe.layer=34"",""probe.layers=[]"",""probe.feature_view=pooled"",""probe.device=cpu"",""probe.lr=0.00013292918943162159"",""probe.weight_decay=0.0050615768887523043"",""probe.batch_size=32"",""probe.eval_batch_size=1024"",""probe.epochs=2000"",""probe.early_stopping.enabled=false"",""probe.early_stopping.patience=5"",""probe.optuna.enabled=false"",""probe.output_dir=artifacts/probes/intphys2"",""probe.output_subdir=seed_runs_intphys2_ltx2b_linear_mlp/intphys2__ltx__ltx_2b_0_9_8_distilled__mlp__slot_34/seed_101"",""probe.eval_output_dir=artifacts/results/intphys2"",""probe.eval_output_subdir=seed_runs_intphys2_ltx2b_linear_mlp/intphys2__ltx__ltx_2b_0_9_8_distilled__mlp__slot_34/seed_101"",""probe.wandb.group=seed_runs_intphys2_ltx2b_linear_mlp_intphys2__ltx__ltx_2b_0_9_8_distilled__mlp__slot_34"",""probe.wandb.name=intphys2__ltx__ltx_2b_0_9_8_distilled__mlp__slot_34__seed_101"",""probe.mlp.hidden_dims=[256]"",""probe.mlp.dropout=0.21597250932105788""]",results/verified_layerwise_probe_configs.csv,214,216,fb859e5a4011a511,VERIFIED_FULL,"{""batch_size"":32,""depth_layer_id"":14,""dropout"":0.21597250932105788,""early_stopping"":{""enabled"":false,""patience"":5},""epochs"":2000,""eval_batch_size"":1024,""feature_view"":""pooled"",""hidden_dims"":[256],""layer"":34,""lr"":0.0001329291894316216,""slot"":34,""weight_decay"":0.005061576888752304}",different_backbone_ablation/ltx_2b/intphys2/mlp/intphys2_probe_mlp_ltx_video_ltxv_2b_0_9_8_distilled_20260602T171553Z/layer_noise_0.2_block_14/train/optuna_summary.json
intphys2__ltx__ltx_2b_0_9_8_distilled__mlp__slot_34__seed_102,intphys2__ltx__ltx_2b_0_9_8_distilled__mlp__slot_34,train_eval.probe.intphys2,IntPhys2,intphys2,ltx,LTX-Video,LTX-2B,MLP,mlp,102,42,ltx_video,ltx_2b_0_9_8_distilled,34,34,noise_0.2_block_14,pooled,0.00013292918943162159,0.0050615768887523043,32,1024,2000,false,5,[256],0.21597250932105788,,,,,cpu,artifacts/probes/intphys2,seed_runs_intphys2_ltx2b_linear_mlp/intphys2__ltx__ltx_2b_0_9_8_distilled__mlp__slot_34/seed_102,artifacts/results/intphys2,seed_runs_intphys2_ltx2b_linear_mlp/intphys2__ltx__ltx_2b_0_9_8_distilled__mlp__slot_34/seed_102,seed_runs_intphys2_ltx2b_linear_mlp_intphys2__ltx__ltx_2b_0_9_8_distilled__mlp__slot_34,intphys2__ltx__ltx_2b_0_9_8_distilled__mlp__slot_34__seed_102,pending,,"[""seed=102"",""split.seed=42"",""backbone.name=ltx_video"",""+backbone.kwargs.variant=ltx_2b_0_9_8_distilled"",""probe.name=mlp"",""probe.layer=34"",""probe.layers=[]"",""probe.feature_view=pooled"",""probe.device=cpu"",""probe.lr=0.00013292918943162159"",""probe.weight_decay=0.0050615768887523043"",""probe.batch_size=32"",""probe.eval_batch_size=1024"",""probe.epochs=2000"",""probe.early_stopping.enabled=false"",""probe.early_stopping.patience=5"",""probe.optuna.enabled=false"",""probe.output_dir=artifacts/probes/intphys2"",""probe.output_subdir=seed_runs_intphys2_ltx2b_linear_mlp/intphys2__ltx__ltx_2b_0_9_8_distilled__mlp__slot_34/seed_102"",""probe.eval_output_dir=artifacts/results/intphys2"",""probe.eval_output_subdir=seed_runs_intphys2_ltx2b_linear_mlp/intphys2__ltx__ltx_2b_0_9_8_distilled__mlp__slot_34/seed_102"",""probe.wandb.group=seed_runs_intphys2_ltx2b_linear_mlp_intphys2__ltx__ltx_2b_0_9_8_distilled__mlp__slot_34"",""probe.wandb.name=intphys2__ltx__ltx_2b_0_9_8_distilled__mlp__slot_34__seed_102"",""probe.mlp.hidden_dims=[256]"",""probe.mlp.dropout=0.21597250932105788""]",results/verified_layerwise_probe_configs.csv,214,216,fb859e5a4011a511,VERIFIED_FULL,"{""batch_size"":32,""depth_layer_id"":14,""dropout"":0.21597250932105788,""early_stopping"":{""enabled"":false,""patience"":5},""epochs"":2000,""eval_batch_size"":1024,""feature_view"":""pooled"",""hidden_dims"":[256],""layer"":34,""lr"":0.0001329291894316216,""slot"":34,""weight_decay"":0.005061576888752304}",different_backbone_ablation/ltx_2b/intphys2/mlp/intphys2_probe_mlp_ltx_video_ltxv_2b_0_9_8_distilled_20260602T171553Z/layer_noise_0.2_block_14/train/optuna_summary.json
intphys2__ltx__ltx_2b_0_9_8_distilled__mlp__slot_38__seed_101,intphys2__ltx__ltx_2b_0_9_8_distilled__mlp__slot_38,train_eval.probe.intphys2,IntPhys2,intphys2,ltx,LTX-Video,LTX-2B,MLP,mlp,101,42,ltx_video,ltx_2b_0_9_8_distilled,38,38,noise_0.1_block_14,pooled,0.00013292918943162159,0.0050615768887523043,32,1024,2000,false,5,[256],0.21597250932105788,,,,,cpu,artifacts/probes/intphys2,seed_runs_intphys2_ltx2b_linear_mlp/intphys2__ltx__ltx_2b_0_9_8_distilled__mlp__slot_38/seed_101,artifacts/results/intphys2,seed_runs_intphys2_ltx2b_linear_mlp/intphys2__ltx__ltx_2b_0_9_8_distilled__mlp__slot_38/seed_101,seed_runs_intphys2_ltx2b_linear_mlp_intphys2__ltx__ltx_2b_0_9_8_distilled__mlp__slot_38,intphys2__ltx__ltx_2b_0_9_8_distilled__mlp__slot_38__seed_101,pending,,"[""seed=101"",""split.seed=42"",""backbone.name=ltx_video"",""+backbone.kwargs.variant=ltx_2b_0_9_8_distilled"",""probe.name=mlp"",""probe.layer=38"",""probe.layers=[]"",""probe.feature_view=pooled"",""probe.device=cpu"",""probe.lr=0.00013292918943162159"",""probe.weight_decay=0.0050615768887523043"",""probe.batch_size=32"",""probe.eval_batch_size=1024"",""probe.epochs=2000"",""probe.early_stopping.enabled=false"",""probe.early_stopping.patience=5"",""probe.optuna.enabled=false"",""probe.output_dir=artifacts/probes/intphys2"",""probe.output_subdir=seed_runs_intphys2_ltx2b_linear_mlp/intphys2__ltx__ltx_2b_0_9_8_distilled__mlp__slot_38/seed_101"",""probe.eval_output_dir=artifacts/results/intphys2"",""probe.eval_output_subdir=seed_runs_intphys2_ltx2b_linear_mlp/intphys2__ltx__ltx_2b_0_9_8_distilled__mlp__slot_38/seed_101"",""probe.wandb.group=seed_runs_intphys2_ltx2b_linear_mlp_intphys2__ltx__ltx_2b_0_9_8_distilled__mlp__slot_38"",""probe.wandb.name=intphys2__ltx__ltx_2b_0_9_8_distilled__mlp__slot_38__seed_101"",""probe.mlp.hidden_dims=[256]"",""probe.mlp.dropout=0.21597250932105788""]",results/verified_layerwise_probe_configs.csv,215,217,2eec485881771049,VERIFIED_FULL,"{""batch_size"":32,""depth_layer_id"":14,""dropout"":0.21597250932105788,""early_stopping"":{""enabled"":false,""patience"":5},""epochs"":2000,""eval_batch_size"":1024,""feature_view"":""pooled"",""hidden_dims"":[256],""layer"":38,""lr"":0.0001329291894316216,""slot"":38,""weight_decay"":0.005061576888752304}",different_backbone_ablation/ltx_2b/intphys2/mlp/intphys2_probe_mlp_ltx_video_ltxv_2b_0_9_8_distilled_20260602T171553Z/layer_noise_0.1_block_14/train/optuna_summary.json
intphys2__ltx__ltx_2b_0_9_8_distilled__mlp__slot_38__seed_102,intphys2__ltx__ltx_2b_0_9_8_distilled__mlp__slot_38,train_eval.probe.intphys2,IntPhys2,intphys2,ltx,LTX-Video,LTX-2B,MLP,mlp,102,42,ltx_video,ltx_2b_0_9_8_distilled,38,38,noise_0.1_block_14,pooled,0.00013292918943162159,0.0050615768887523043,32,1024,2000,false,5,[256],0.21597250932105788,,,,,cpu,artifacts/probes/intphys2,seed_runs_intphys2_ltx2b_linear_mlp/intphys2__ltx__ltx_2b_0_9_8_distilled__mlp__slot_38/seed_102,artifacts/results/intphys2,seed_runs_intphys2_ltx2b_linear_mlp/intphys2__ltx__ltx_2b_0_9_8_distilled__mlp__slot_38/seed_102,seed_runs_intphys2_ltx2b_linear_mlp_intphys2__ltx__ltx_2b_0_9_8_distilled__mlp__slot_38,intphys2__ltx__ltx_2b_0_9_8_distilled__mlp__slot_38__seed_102,pending,,"[""seed=102"",""split.seed=42"",""backbone.name=ltx_video"",""+backbone.kwargs.variant=ltx_2b_0_9_8_distilled"",""probe.name=mlp"",""probe.layer=38"",""probe.layers=[]"",""probe.feature_view=pooled"",""probe.device=cpu"",""probe.lr=0.00013292918943162159"",""probe.weight_decay=0.0050615768887523043"",""probe.batch_size=32"",""probe.eval_batch_size=1024"",""probe.epochs=2000"",""probe.early_stopping.enabled=false"",""probe.early_stopping.patience=5"",""probe.optuna.enabled=false"",""probe.output_dir=artifacts/probes/intphys2"",""probe.output_subdir=seed_runs_intphys2_ltx2b_linear_mlp/intphys2__ltx__ltx_2b_0_9_8_distilled__mlp__slot_38/seed_102"",""probe.eval_output_dir=artifacts/results/intphys2"",""probe.eval_output_subdir=seed_runs_intphys2_ltx2b_linear_mlp/intphys2__ltx__ltx_2b_0_9_8_distilled__mlp__slot_38/seed_102"",""probe.wandb.group=seed_runs_intphys2_ltx2b_linear_mlp_intphys2__ltx__ltx_2b_0_9_8_distilled__mlp__slot_38"",""probe.wandb.name=intphys2__ltx__ltx_2b_0_9_8_distilled__mlp__slot_38__seed_102"",""probe.mlp.hidden_dims=[256]"",""probe.mlp.dropout=0.21597250932105788""]",results/verified_layerwise_probe_configs.csv,215,217,2eec485881771049,VERIFIED_FULL,"{""batch_size"":32,""depth_layer_id"":14,""dropout"":0.21597250932105788,""early_stopping"":{""enabled"":false,""patience"":5},""epochs"":2000,""eval_batch_size"":1024,""feature_view"":""pooled"",""hidden_dims"":[256],""layer"":38,""lr"":0.0001329291894316216,""slot"":38,""weight_decay"":0.005061576888752304}",different_backbone_ablation/ltx_2b/intphys2/mlp/intphys2_probe_mlp_ltx_video_ltxv_2b_0_9_8_distilled_20260602T171553Z/layer_noise_0.1_block_14/train/optuna_summary.json
intphys2__ltx__ltx_2b_0_9_8_distilled__mlp__slot_3__seed_101,intphys2__ltx__ltx_2b_0_9_8_distilled__mlp__slot_3,train_eval.probe.intphys2,IntPhys2,intphys2,ltx,LTX-Video,LTX-2B,MLP,mlp,101,42,ltx_video,ltx_2b_0_9_8_distilled,3,3,noise_1.0_block_21,pooled,0.00013292918943162159,0.0050615768887523043,32,1024,2000,false,5,[256],0.21597250932105788,,,,,cpu,artifacts/probes/intphys2,seed_runs_intphys2_ltx2b_linear_mlp/intphys2__ltx__ltx_2b_0_9_8_distilled__mlp__slot_3/seed_101,artifacts/results/intphys2,seed_runs_intphys2_ltx2b_linear_mlp/intphys2__ltx__ltx_2b_0_9_8_distilled__mlp__slot_3/seed_101,seed_runs_intphys2_ltx2b_linear_mlp_intphys2__ltx__ltx_2b_0_9_8_distilled__mlp__slot_3,intphys2__ltx__ltx_2b_0_9_8_distilled__mlp__slot_3__seed_101,pending,,"[""seed=101"",""split.seed=42"",""backbone.name=ltx_video"",""+backbone.kwargs.variant=ltx_2b_0_9_8_distilled"",""probe.name=mlp"",""probe.layer=3"",""probe.layers=[]"",""probe.feature_view=pooled"",""probe.device=cpu"",""probe.lr=0.00013292918943162159"",""probe.weight_decay=0.0050615768887523043"",""probe.batch_size=32"",""probe.eval_batch_size=1024"",""probe.epochs=2000"",""probe.early_stopping.enabled=false"",""probe.early_stopping.patience=5"",""probe.optuna.enabled=false"",""probe.output_dir=artifacts/probes/intphys2"",""probe.output_subdir=seed_runs_intphys2_ltx2b_linear_mlp/intphys2__ltx__ltx_2b_0_9_8_distilled__mlp__slot_3/seed_101"",""probe.eval_output_dir=artifacts/results/intphys2"",""probe.eval_output_subdir=seed_runs_intphys2_ltx2b_linear_mlp/intphys2__ltx__ltx_2b_0_9_8_distilled__mlp__slot_3/seed_101"",""probe.wandb.group=seed_runs_intphys2_ltx2b_linear_mlp_intphys2__ltx__ltx_2b_0_9_8_distilled__mlp__slot_3"",""probe.wandb.name=intphys2__ltx__ltx_2b_0_9_8_distilled__mlp__slot_3__seed_101"",""probe.mlp.hidden_dims=[256]"",""probe.mlp.dropout=0.21597250932105788""]",results/verified_layerwise_probe_configs.csv,216,218,1985879ab178a627,VERIFIED_FULL,"{""batch_size"":32,""depth_layer_id"":21,""dropout"":0.21597250932105788,""early_stopping"":{""enabled"":false,""patience"":5},""epochs"":2000,""eval_batch_size"":1024,""feature_view"":""pooled"",""hidden_dims"":[256],""layer"":3,""lr"":0.0001329291894316216,""slot"":3,""weight_decay"":0.005061576888752304}",different_backbone_ablation/ltx_2b/intphys2/mlp/intphys2_probe_mlp_ltx_video_ltxv_2b_0_9_8_distilled_20260602T162801Z/layer_noise_1.0_block_21/train/optuna_summary.json
intphys2__ltx__ltx_2b_0_9_8_distilled__mlp__slot_3__seed_102,intphys2__ltx__ltx_2b_0_9_8_distilled__mlp__slot_3,train_eval.probe.intphys2,IntPhys2,intphys2,ltx,LTX-Video,LTX-2B,MLP,mlp,102,42,ltx_video,ltx_2b_0_9_8_distilled,3,3,noise_1.0_block_21,pooled,0.00013292918943162159,0.0050615768887523043,32,1024,2000,false,5,[256],0.21597250932105788,,,,,cpu,artifacts/probes/intphys2,seed_runs_intphys2_ltx2b_linear_mlp/intphys2__ltx__ltx_2b_0_9_8_distilled__mlp__slot_3/seed_102,artifacts/results/intphys2,seed_runs_intphys2_ltx2b_linear_mlp/intphys2__ltx__ltx_2b_0_9_8_distilled__mlp__slot_3/seed_102,seed_runs_intphys2_ltx2b_linear_mlp_intphys2__ltx__ltx_2b_0_9_8_distilled__mlp__slot_3,intphys2__ltx__ltx_2b_0_9_8_distilled__mlp__slot_3__seed_102,pending,,"[""seed=102"",""split.seed=42"",""backbone.name=ltx_video"",""+backbone.kwargs.variant=ltx_2b_0_9_8_distilled"",""probe.name=mlp"",""probe.layer=3"",""probe.layers=[]"",""probe.feature_view=pooled"",""probe.device=cpu"",""probe.lr=0.00013292918943162159"",""probe.weight_decay=0.0050615768887523043"",""probe.batch_size=32"",""probe.eval_batch_size=1024"",""probe.epochs=2000"",""probe.early_stopping.enabled=false"",""probe.early_stopping.patience=5"",""probe.optuna.enabled=false"",""probe.output_dir=artifacts/probes/intphys2"",""probe.output_subdir=seed_runs_intphys2_ltx2b_linear_mlp/intphys2__ltx__ltx_2b_0_9_8_distilled__mlp__slot_3/seed_102"",""probe.eval_output_dir=artifacts/results/intphys2"",""probe.eval_output_subdir=seed_runs_intphys2_ltx2b_linear_mlp/intphys2__ltx__ltx_2b_0_9_8_distilled__mlp__slot_3/seed_102"",""probe.wandb.group=seed_runs_intphys2_ltx2b_linear_mlp_intphys2__ltx__ltx_2b_0_9_8_distilled__mlp__slot_3"",""probe.wandb.name=intphys2__ltx__ltx_2b_0_9_8_distilled__mlp__slot_3__seed_102"",""probe.mlp.hidden_dims=[256]"",""probe.mlp.dropout=0.21597250932105788""]",results/verified_layerwise_probe_configs.csv,216,218,1985879ab178a627,VERIFIED_FULL,"{""batch_size"":32,""depth_layer_id"":21,""dropout"":0.21597250932105788,""early_stopping"":{""enabled"":false,""patience"":5},""epochs"":2000,""eval_batch_size"":1024,""feature_view"":""pooled"",""hidden_dims"":[256],""layer"":3,""lr"":0.0001329291894316216,""slot"":3,""weight_decay"":0.005061576888752304}",different_backbone_ablation/ltx_2b/intphys2/mlp/intphys2_probe_mlp_ltx_video_ltxv_2b_0_9_8_distilled_20260602T162801Z/layer_noise_1.0_block_21/train/optuna_summary.json
intphys2__ltx__ltx_2b_0_9_8_distilled__mlp__slot_7__seed_101,intphys2__ltx__ltx_2b_0_9_8_distilled__mlp__slot_7,train_eval.probe.intphys2,IntPhys2,intphys2,ltx,LTX-Video,LTX-2B,MLP,mlp,101,42,ltx_video,ltx_2b_0_9_8_distilled,7,7,noise_0.9_block_21,pooled,7.4763120622523026e-05,4.689400963537693e-05,256,1024,20,false,5,"[512,256]",0.048836057003191935,,,,,cpu,artifacts/probes/intphys2,seed_runs_intphys2_ltx2b_linear_mlp/intphys2__ltx__ltx_2b_0_9_8_distilled__mlp__slot_7/seed_101,artifacts/results/intphys2,seed_runs_intphys2_ltx2b_linear_mlp/intphys2__ltx__ltx_2b_0_9_8_distilled__mlp__slot_7/seed_101,seed_runs_intphys2_ltx2b_linear_mlp_intphys2__ltx__ltx_2b_0_9_8_distilled__mlp__slot_7,intphys2__ltx__ltx_2b_0_9_8_distilled__mlp__slot_7__seed_101,pending,,"[""seed=101"",""split.seed=42"",""backbone.name=ltx_video"",""+backbone.kwargs.variant=ltx_2b_0_9_8_distilled"",""probe.name=mlp"",""probe.layer=7"",""probe.layers=[]"",""probe.feature_view=pooled"",""probe.device=cpu"",""probe.lr=7.4763120622523026e-05"",""probe.weight_decay=4.689400963537693e-05"",""probe.batch_size=256"",""probe.eval_batch_size=1024"",""probe.epochs=20"",""probe.early_stopping.enabled=false"",""probe.early_stopping.patience=5"",""probe.optuna.enabled=false"",""probe.output_dir=artifacts/probes/intphys2"",""probe.output_subdir=seed_runs_intphys2_ltx2b_linear_mlp/intphys2__ltx__ltx_2b_0_9_8_distilled__mlp__slot_7/seed_101"",""probe.eval_output_dir=artifacts/results/intphys2"",""probe.eval_output_subdir=seed_runs_intphys2_ltx2b_linear_mlp/intphys2__ltx__ltx_2b_0_9_8_distilled__mlp__slot_7/seed_101"",""probe.wandb.group=seed_runs_intphys2_ltx2b_linear_mlp_intphys2__ltx__ltx_2b_0_9_8_distilled__mlp__slot_7"",""probe.wandb.name=intphys2__ltx__ltx_2b_0_9_8_distilled__mlp__slot_7__seed_101"",""probe.mlp.hidden_dims=[512,256]"",""probe.mlp.dropout=0.048836057003191935""]",results/verified_layerwise_probe_configs.csv,217,219,a92010fc71d26556,VERIFIED_FULL,"{""batch_size"":256,""depth_layer_id"":21,""dropout"":0.048836057003191935,""early_stopping"":{""enabled"":false,""patience"":5},""epochs"":20,""eval_batch_size"":1024,""feature_view"":""pooled"",""hidden_dims"":[512,256],""layer"":7,""lr"":7.476312062252303e-05,""slot"":7,""weight_decay"":4.689400963537693e-05}",different_backbone_ablation/ltx_2b/intphys2/mlp/intphys2_probe_mlp_ltx_video_ltxv_2b_0_9_8_distilled_20260602T171549Z/layer_noise_0.9_block_21/train/optuna_summary.json
intphys2__ltx__ltx_2b_0_9_8_distilled__mlp__slot_7__seed_102,intphys2__ltx__ltx_2b_0_9_8_distilled__mlp__slot_7,train_eval.probe.intphys2,IntPhys2,intphys2,ltx,LTX-Video,LTX-2B,MLP,mlp,102,42,ltx_video,ltx_2b_0_9_8_distilled,7,7,noise_0.9_block_21,pooled,7.4763120622523026e-05,4.689400963537693e-05,256,1024,20,false,5,"[512,256]",0.048836057003191935,,,,,cpu,artifacts/probes/intphys2,seed_runs_intphys2_ltx2b_linear_mlp/intphys2__ltx__ltx_2b_0_9_8_distilled__mlp__slot_7/seed_102,artifacts/results/intphys2,seed_runs_intphys2_ltx2b_linear_mlp/intphys2__ltx__ltx_2b_0_9_8_distilled__mlp__slot_7/seed_102,seed_runs_intphys2_ltx2b_linear_mlp_intphys2__ltx__ltx_2b_0_9_8_distilled__mlp__slot_7,intphys2__ltx__ltx_2b_0_9_8_distilled__mlp__slot_7__seed_102,pending,,"[""seed=102"",""split.seed=42"",""backbone.name=ltx_video"",""+backbone.kwargs.variant=ltx_2b_0_9_8_distilled"",""probe.name=mlp"",""probe.layer=7"",""probe.layers=[]"",""probe.feature_view=pooled"",""probe.device=cpu"",""probe.lr=7.4763120622523026e-05"",""probe.weight_decay=4.689400963537693e-05"",""probe.batch_size=256"",""probe.eval_batch_size=1024"",""probe.epochs=20"",""probe.early_stopping.enabled=false"",""probe.early_stopping.patience=5"",""probe.optuna.enabled=false"",""probe.output_dir=artifacts/probes/intphys2"",""probe.output_subdir=seed_runs_intphys2_ltx2b_linear_mlp/intphys2__ltx__ltx_2b_0_9_8_distilled__mlp__slot_7/seed_102"",""probe.eval_output_dir=artifacts/results/intphys2"",""probe.eval_output_subdir=seed_runs_intphys2_ltx2b_linear_mlp/intphys2__ltx__ltx_2b_0_9_8_distilled__mlp__slot_7/seed_102"",""probe.wandb.group=seed_runs_intphys2_ltx2b_linear_mlp_intphys2__ltx__ltx_2b_0_9_8_distilled__mlp__slot_7"",""probe.wandb.name=intphys2__ltx__ltx_2b_0_9_8_distilled__mlp__slot_7__seed_102"",""probe.mlp.hidden_dims=[512,256]"",""probe.mlp.dropout=0.048836057003191935""]",results/verified_layerwise_probe_configs.csv,217,219,a92010fc71d26556,VERIFIED_FULL,"{""batch_size"":256,""depth_layer_id"":21,""dropout"":0.048836057003191935,""early_stopping"":{""enabled"":false,""patience"":5},""epochs"":20,""eval_batch_size"":1024,""feature_view"":""pooled"",""hidden_dims"":[512,256],""layer"":7,""lr"":7.476312062252303e-05,""slot"":7,""weight_decay"":4.689400963537693e-05}",different_backbone_ablation/ltx_2b/intphys2/mlp/intphys2_probe_mlp_ltx_video_ltxv_2b_0_9_8_distilled_20260602T171549Z/layer_noise_0.9_block_21/train/optuna_summary.json
intphys2__ltx__ltx_2b_0_9_8_distilled__mlp__slot_11__seed_101,intphys2__ltx__ltx_2b_0_9_8_distilled__mlp__slot_11,train_eval.probe.intphys2,IntPhys2,intphys2,ltx,LTX-Video,LTX-2B,MLP,mlp,101,42,ltx_video,ltx_2b_0_9_8_distilled,11,11,noise_0.8_block_21,pooled,0.002690905108024241,4.7857041984530703e-07,64,1024,100,false,5,[1024],0.49901285454564676,,,,,cpu,artifacts/probes/intphys2,seed_runs_intphys2_ltx2b_linear_mlp/intphys2__ltx__ltx_2b_0_9_8_distilled__mlp__slot_11/seed_101,artifacts/results/intphys2,seed_runs_intphys2_ltx2b_linear_mlp/intphys2__ltx__ltx_2b_0_9_8_distilled__mlp__slot_11/seed_101,seed_runs_intphys2_ltx2b_linear_mlp_intphys2__ltx__ltx_2b_0_9_8_distilled__mlp__slot_11,intphys2__ltx__ltx_2b_0_9_8_distilled__mlp__slot_11__seed_101,pending,,"[""seed=101"",""split.seed=42"",""backbone.name=ltx_video"",""+backbone.kwargs.variant=ltx_2b_0_9_8_distilled"",""probe.name=mlp"",""probe.layer=11"",""probe.layers=[]"",""probe.feature_view=pooled"",""probe.device=cpu"",""probe.lr=0.002690905108024241"",""probe.weight_decay=4.7857041984530703e-07"",""probe.batch_size=64"",""probe.eval_batch_size=1024"",""probe.epochs=100"",""probe.early_stopping.enabled=false"",""probe.early_stopping.patience=5"",""probe.optuna.enabled=false"",""probe.output_dir=artifacts/probes/intphys2"",""probe.output_subdir=seed_runs_intphys2_ltx2b_linear_mlp/intphys2__ltx__ltx_2b_0_9_8_distilled__mlp__slot_11/seed_101"",""probe.eval_output_dir=artifacts/results/intphys2"",""probe.eval_output_subdir=seed_runs_intphys2_ltx2b_linear_mlp/intphys2__ltx__ltx_2b_0_9_8_distilled__mlp__slot_11/seed_101"",""probe.wandb.group=seed_runs_intphys2_ltx2b_linear_mlp_intphys2__ltx__ltx_2b_0_9_8_distilled__mlp__slot_11"",""probe.wandb.name=intphys2__ltx__ltx_2b_0_9_8_distilled__mlp__slot_11__seed_101"",""probe.mlp.hidden_dims=[1024]"",""probe.mlp.dropout=0.49901285454564676""]",results/verified_layerwise_probe_configs.csv,218,220,10b25e8c944da1f7,VERIFIED_FULL,"{""batch_size"":64,""depth_layer_id"":21,""dropout"":0.49901285454564676,""early_stopping"":{""enabled"":false,""patience"":5},""epochs"":100,""eval_batch_size"":1024,""feature_view"":""pooled"",""hidden_dims"":[1024],""layer"":11,""lr"":0.002690905108024241,""slot"":11,""weight_decay"":4.78570419845307e-07}",different_backbone_ablation/ltx_2b/intphys2/mlp/intphys2_probe_mlp_ltx_video_ltxv_2b_0_9_8_distilled_20260602T171552Z/layer_noise_0.8_block_21/train/optuna_summary.json
intphys2__ltx__ltx_2b_0_9_8_distilled__mlp__slot_11__seed_102,intphys2__ltx__ltx_2b_0_9_8_distilled__mlp__slot_11,train_eval.probe.intphys2,IntPhys2,intphys2,ltx,LTX-Video,LTX-2B,MLP,mlp,102,42,ltx_video,ltx_2b_0_9_8_distilled,11,11,noise_0.8_block_21,pooled,0.002690905108024241,4.7857041984530703e-07,64,1024,100,false,5,[1024],0.49901285454564676,,,,,cpu,artifacts/probes/intphys2,seed_runs_intphys2_ltx2b_linear_mlp/intphys2__ltx__ltx_2b_0_9_8_distilled__mlp__slot_11/seed_102,artifacts/results/intphys2,seed_runs_intphys2_ltx2b_linear_mlp/intphys2__ltx__ltx_2b_0_9_8_distilled__mlp__slot_11/seed_102,seed_runs_intphys2_ltx2b_linear_mlp_intphys2__ltx__ltx_2b_0_9_8_distilled__mlp__slot_11,intphys2__ltx__ltx_2b_0_9_8_distilled__mlp__slot_11__seed_102,pending,,"[""seed=102"",""split.seed=42"",""backbone.name=ltx_video"",""+backbone.kwargs.variant=ltx_2b_0_9_8_distilled"",""probe.name=mlp"",""probe.layer=11"",""probe.layers=[]"",""probe.feature_view=pooled"",""probe.device=cpu"",""probe.lr=0.002690905108024241"",""probe.weight_decay=4.7857041984530703e-07"",""probe.batch_size=64"",""probe.eval_batch_size=1024"",""probe.epochs=100"",""probe.early_stopping.enabled=false"",""probe.early_stopping.patience=5"",""probe.optuna.enabled=false"",""probe.output_dir=artifacts/probes/intphys2"",""probe.output_subdir=seed_runs_intphys2_ltx2b_linear_mlp/intphys2__ltx__ltx_2b_0_9_8_distilled__mlp__slot_11/seed_102"",""probe.eval_output_dir=artifacts/results/intphys2"",""probe.eval_output_subdir=seed_runs_intphys2_ltx2b_linear_mlp/intphys2__ltx__ltx_2b_0_9_8_distilled__mlp__slot_11/seed_102"",""probe.wandb.group=seed_runs_intphys2_ltx2b_linear_mlp_intphys2__ltx__ltx_2b_0_9_8_distilled__mlp__slot_11"",""probe.wandb.name=intphys2__ltx__ltx_2b_0_9_8_distilled__mlp__slot_11__seed_102"",""probe.mlp.hidden_dims=[1024]"",""probe.mlp.dropout=0.49901285454564676""]",results/verified_layerwise_probe_configs.csv,218,220,10b25e8c944da1f7,VERIFIED_FULL,"{""batch_size"":64,""depth_layer_id"":21,""dropout"":0.49901285454564676,""early_stopping"":{""enabled"":false,""patience"":5},""epochs"":100,""eval_batch_size"":1024,""feature_view"":""pooled"",""hidden_dims"":[1024],""layer"":11,""lr"":0.002690905108024241,""slot"":11,""weight_decay"":4.78570419845307e-07}",different_backbone_ablation/ltx_2b/intphys2/mlp/intphys2_probe_mlp_ltx_video_ltxv_2b_0_9_8_distilled_20260602T171552Z/layer_noise_0.8_block_21/train/optuna_summary.json
intphys2__ltx__ltx_2b_0_9_8_distilled__mlp__slot_15__seed_101,intphys2__ltx__ltx_2b_0_9_8_distilled__mlp__slot_15,train_eval.probe.intphys2,IntPhys2,intphys2,ltx,LTX-Video,LTX-2B,MLP,mlp,101,42,ltx_video,ltx_2b_0_9_8_distilled,15,15,noise_0.7_block_21,pooled,0.0011290133559092666,4.3743644399390693e-06,256,1024,50,false,5,[256],0.044246251025959749,,,,,cpu,artifacts/probes/intphys2,seed_runs_intphys2_ltx2b_linear_mlp/intphys2__ltx__ltx_2b_0_9_8_distilled__mlp__slot_15/seed_101,artifacts/results/intphys2,seed_runs_intphys2_ltx2b_linear_mlp/intphys2__ltx__ltx_2b_0_9_8_distilled__mlp__slot_15/seed_101,seed_runs_intphys2_ltx2b_linear_mlp_intphys2__ltx__ltx_2b_0_9_8_distilled__mlp__slot_15,intphys2__ltx__ltx_2b_0_9_8_distilled__mlp__slot_15__seed_101,pending,,"[""seed=101"",""split.seed=42"",""backbone.name=ltx_video"",""+backbone.kwargs.variant=ltx_2b_0_9_8_distilled"",""probe.name=mlp"",""probe.layer=15"",""probe.layers=[]"",""probe.feature_view=pooled"",""probe.device=cpu"",""probe.lr=0.0011290133559092666"",""probe.weight_decay=4.3743644399390693e-06"",""probe.batch_size=256"",""probe.eval_batch_size=1024"",""probe.epochs=50"",""probe.early_stopping.enabled=false"",""probe.early_stopping.patience=5"",""probe.optuna.enabled=false"",""probe.output_dir=artifacts/probes/intphys2"",""probe.output_subdir=seed_runs_intphys2_ltx2b_linear_mlp/intphys2__ltx__ltx_2b_0_9_8_distilled__mlp__slot_15/seed_101"",""probe.eval_output_dir=artifacts/results/intphys2"",""probe.eval_output_subdir=seed_runs_intphys2_ltx2b_linear_mlp/intphys2__ltx__ltx_2b_0_9_8_distilled__mlp__slot_15/seed_101"",""probe.wandb.group=seed_runs_intphys2_ltx2b_linear_mlp_intphys2__ltx__ltx_2b_0_9_8_distilled__mlp__slot_15"",""probe.wandb.name=intphys2__ltx__ltx_2b_0_9_8_distilled__mlp__slot_15__seed_101"",""probe.mlp.hidden_dims=[256]"",""probe.mlp.dropout=0.044246251025959749""]",results/verified_layerwise_probe_configs.csv,219,221,024ded5c32a6eecb,VERIFIED_FULL,"{""batch_size"":256,""depth_layer_id"":21,""dropout"":0.04424625102595975,""early_stopping"":{""enabled"":false,""patience"":5},""epochs"":50,""eval_batch_size"":1024,""feature_view"":""pooled"",""hidden_dims"":[256],""layer"":15,""lr"":0.0011290133559092666,""slot"":15,""weight_decay"":4.374364439939069e-06}",different_backbone_ablation/ltx_2b/intphys2/mlp/intphys2_probe_mlp_ltx_video_ltxv_2b_0_9_8_distilled_20260602T171552Z/layer_noise_0.7_block_21/train/optuna_summary.json
intphys2__ltx__ltx_2b_0_9_8_distilled__mlp__slot_15__seed_102,intphys2__ltx__ltx_2b_0_9_8_distilled__mlp__slot_15,train_eval.probe.intphys2,IntPhys2,intphys2,ltx,LTX-Video,LTX-2B,MLP,mlp,102,42,ltx_video,ltx_2b_0_9_8_distilled,15,15,noise_0.7_block_21,pooled,0.0011290133559092666,4.3743644399390693e-06,256,1024,50,false,5,[256],0.044246251025959749,,,,,cpu,artifacts/probes/intphys2,seed_runs_intphys2_ltx2b_linear_mlp/intphys2__ltx__ltx_2b_0_9_8_distilled__mlp__slot_15/seed_102,artifacts/results/intphys2,seed_runs_intphys2_ltx2b_linear_mlp/intphys2__ltx__ltx_2b_0_9_8_distilled__mlp__slot_15/seed_102,seed_runs_intphys2_ltx2b_linear_mlp_intphys2__ltx__ltx_2b_0_9_8_distilled__mlp__slot_15,intphys2__ltx__ltx_2b_0_9_8_distilled__mlp__slot_15__seed_102,pending,,"[""seed=102"",""split.seed=42"",""backbone.name=ltx_video"",""+backbone.kwargs.variant=ltx_2b_0_9_8_distilled"",""probe.name=mlp"",""probe.layer=15"",""probe.layers=[]"",""probe.feature_view=pooled"",""probe.device=cpu"",""probe.lr=0.0011290133559092666"",""probe.weight_decay=4.3743644399390693e-06"",""probe.batch_size=256"",""probe.eval_batch_size=1024"",""probe.epochs=50"",""probe.early_stopping.enabled=false"",""probe.early_stopping.patience=5"",""probe.optuna.enabled=false"",""probe.output_dir=artifacts/probes/intphys2"",""probe.output_subdir=seed_runs_intphys2_ltx2b_linear_mlp/intphys2__ltx__ltx_2b_0_9_8_distilled__mlp__slot_15/seed_102"",""probe.eval_output_dir=artifacts/results/intphys2"",""probe.eval_output_subdir=seed_runs_intphys2_ltx2b_linear_mlp/intphys2__ltx__ltx_2b_0_9_8_distilled__mlp__slot_15/seed_102"",""probe.wandb.group=seed_runs_intphys2_ltx2b_linear_mlp_intphys2__ltx__ltx_2b_0_9_8_distilled__mlp__slot_15"",""probe.wandb.name=intphys2__ltx__ltx_2b_0_9_8_distilled__mlp__slot_15__seed_102"",""probe.mlp.hidden_dims=[256]"",""probe.mlp.dropout=0.044246251025959749""]",results/verified_layerwise_probe_configs.csv,219,221,024ded5c32a6eecb,VERIFIED_FULL,"{""batch_size"":256,""depth_layer_id"":21,""dropout"":0.04424625102595975,""early_stopping"":{""enabled"":false,""patience"":5},""epochs"":50,""eval_batch_size"":1024,""feature_view"":""pooled"",""hidden_dims"":[256],""layer"":15,""lr"":0.0011290133559092666,""slot"":15,""weight_decay"":4.374364439939069e-06}",different_backbone_ablation/ltx_2b/intphys2/mlp/intphys2_probe_mlp_ltx_video_ltxv_2b_0_9_8_distilled_20260602T171552Z/layer_noise_0.7_block_21/train/optuna_summary.json
intphys2__ltx__ltx_2b_0_9_8_distilled__mlp__slot_19__seed_101,intphys2__ltx__ltx_2b_0_9_8_distilled__mlp__slot_19,train_eval.probe.intphys2,IntPhys2,intphys2,ltx,LTX-Video,LTX-2B,MLP,mlp,101,42,ltx_video,ltx_2b_0_9_8_distilled,19,19,noise_0.6_block_21,pooled,1.1524054506099165e-05,0.00017588206856579633,64,1024,100,false,5,"[1024,512,256]",0.19014648012590529,,,,,cpu,artifacts/probes/intphys2,seed_runs_intphys2_ltx2b_linear_mlp/intphys2__ltx__ltx_2b_0_9_8_distilled__mlp__slot_19/seed_101,artifacts/results/intphys2,seed_runs_intphys2_ltx2b_linear_mlp/intphys2__ltx__ltx_2b_0_9_8_distilled__mlp__slot_19/seed_101,seed_runs_intphys2_ltx2b_linear_mlp_intphys2__ltx__ltx_2b_0_9_8_distilled__mlp__slot_19,intphys2__ltx__ltx_2b_0_9_8_distilled__mlp__slot_19__seed_101,pending,,"[""seed=101"",""split.seed=42"",""backbone.name=ltx_video"",""+backbone.kwargs.variant=ltx_2b_0_9_8_distilled"",""probe.name=mlp"",""probe.layer=19"",""probe.layers=[]"",""probe.feature_view=pooled"",""probe.device=cpu"",""probe.lr=1.1524054506099165e-05"",""probe.weight_decay=0.00017588206856579633"",""probe.batch_size=64"",""probe.eval_batch_size=1024"",""probe.epochs=100"",""probe.early_stopping.enabled=false"",""probe.early_stopping.patience=5"",""probe.optuna.enabled=false"",""probe.output_dir=artifacts/probes/intphys2"",""probe.output_subdir=seed_runs_intphys2_ltx2b_linear_mlp/intphys2__ltx__ltx_2b_0_9_8_distilled__mlp__slot_19/seed_101"",""probe.eval_output_dir=artifacts/results/intphys2"",""probe.eval_output_subdir=seed_runs_intphys2_ltx2b_linear_mlp/intphys2__ltx__ltx_2b_0_9_8_distilled__mlp__slot_19/seed_101"",""probe.wandb.group=seed_runs_intphys2_ltx2b_linear_mlp_intphys2__ltx__ltx_2b_0_9_8_distilled__mlp__slot_19"",""probe.wandb.name=intphys2__ltx__ltx_2b_0_9_8_distilled__mlp__slot_19__seed_101"",""probe.mlp.hidden_dims=[1024,512,256]"",""probe.mlp.dropout=0.19014648012590529""]",results/verified_layerwise_probe_configs.csv,220,222,b6a4cf7e3f501c13,VERIFIED_FULL,"{""batch_size"":64,""depth_layer_id"":21,""dropout"":0.1901464801259053,""early_stopping"":{""enabled"":false,""patience"":5},""epochs"":100,""eval_batch_size"":1024,""feature_view"":""pooled"",""hidden_dims"":[1024,512,256],""layer"":19,""lr"":1.1524054506099165e-05,""slot"":19,""weight_decay"":0.00017588206856579633}",different_backbone_ablation/ltx_2b/intphys2/mlp/intphys2_probe_mlp_ltx_video_ltxv_2b_0_9_8_distilled_20260602T171552Z/layer_noise_0.6_block_21/train/optuna_summary.json
intphys2__ltx__ltx_2b_0_9_8_distilled__mlp__slot_19__seed_102,intphys2__ltx__ltx_2b_0_9_8_distilled__mlp__slot_19,train_eval.probe.intphys2,IntPhys2,intphys2,ltx,LTX-Video,LTX-2B,MLP,mlp,102,42,ltx_video,ltx_2b_0_9_8_distilled,19,19,noise_0.6_block_21,pooled,1.1524054506099165e-05,0.00017588206856579633,64,1024,100,false,5,"[1024,512,256]",0.19014648012590529,,,,,cpu,artifacts/probes/intphys2,seed_runs_intphys2_ltx2b_linear_mlp/intphys2__ltx__ltx_2b_0_9_8_distilled__mlp__slot_19/seed_102,artifacts/results/intphys2,seed_runs_intphys2_ltx2b_linear_mlp/intphys2__ltx__ltx_2b_0_9_8_distilled__mlp__slot_19/seed_102,seed_runs_intphys2_ltx2b_linear_mlp_intphys2__ltx__ltx_2b_0_9_8_distilled__mlp__slot_19,intphys2__ltx__ltx_2b_0_9_8_distilled__mlp__slot_19__seed_102,pending,,"[""seed=102"",""split.seed=42"",""backbone.name=ltx_video"",""+backbone.kwargs.variant=ltx_2b_0_9_8_distilled"",""probe.name=mlp"",""probe.layer=19"",""probe.layers=[]"",""probe.feature_view=pooled"",""probe.device=cpu"",""probe.lr=1.1524054506099165e-05"",""probe.weight_decay=0.00017588206856579633"",""probe.batch_size=64"",""probe.eval_batch_size=1024"",""probe.epochs=100"",""probe.early_stopping.enabled=false"",""probe.early_stopping.patience=5"",""probe.optuna.enabled=false"",""probe.output_dir=artifacts/probes/intphys2"",""probe.output_subdir=seed_runs_intphys2_ltx2b_linear_mlp/intphys2__ltx__ltx_2b_0_9_8_distilled__mlp__slot_19/seed_102"",""probe.eval_output_dir=artifacts/results/intphys2"",""probe.eval_output_subdir=seed_runs_intphys2_ltx2b_linear_mlp/intphys2__ltx__ltx_2b_0_9_8_distilled__mlp__slot_19/seed_102"",""probe.wandb.group=seed_runs_intphys2_ltx2b_linear_mlp_intphys2__ltx__ltx_2b_0_9_8_distilled__mlp__slot_19"",""probe.wandb.name=intphys2__ltx__ltx_2b_0_9_8_distilled__mlp__slot_19__seed_102"",""probe.mlp.hidden_dims=[1024,512,256]"",""probe.mlp.dropout=0.19014648012590529""]",results/verified_layerwise_probe_configs.csv,220,222,b6a4cf7e3f501c13,VERIFIED_FULL,"{""batch_size"":64,""depth_layer_id"":21,""dropout"":0.1901464801259053,""early_stopping"":{""enabled"":false,""patience"":5},""epochs"":100,""eval_batch_size"":1024,""feature_view"":""pooled"",""hidden_dims"":[1024,512,256],""layer"":19,""lr"":1.1524054506099165e-05,""slot"":19,""weight_decay"":0.00017588206856579633}",different_backbone_ablation/ltx_2b/intphys2/mlp/intphys2_probe_mlp_ltx_video_ltxv_2b_0_9_8_distilled_20260602T171552Z/layer_noise_0.6_block_21/train/optuna_summary.json
intphys2__ltx__ltx_2b_0_9_8_distilled__mlp__slot_23__seed_101,intphys2__ltx__ltx_2b_0_9_8_distilled__mlp__slot_23,train_eval.probe.intphys2,IntPhys2,intphys2,ltx,LTX-Video,LTX-2B,MLP,mlp,101,42,ltx_video,ltx_2b_0_9_8_distilled,23,23,noise_0.5_block_21,pooled,0.0044271646762812644,1.8455226655292845e-06,32,1024,50,false,5,"[1024,512,256]",0.32630195309589033,,,,,cpu,artifacts/probes/intphys2,seed_runs_intphys2_ltx2b_linear_mlp/intphys2__ltx__ltx_2b_0_9_8_distilled__mlp__slot_23/seed_101,artifacts/results/intphys2,seed_runs_intphys2_ltx2b_linear_mlp/intphys2__ltx__ltx_2b_0_9_8_distilled__mlp__slot_23/seed_101,seed_runs_intphys2_ltx2b_linear_mlp_intphys2__ltx__ltx_2b_0_9_8_distilled__mlp__slot_23,intphys2__ltx__ltx_2b_0_9_8_distilled__mlp__slot_23__seed_101,pending,,"[""seed=101"",""split.seed=42"",""backbone.name=ltx_video"",""+backbone.kwargs.variant=ltx_2b_0_9_8_distilled"",""probe.name=mlp"",""probe.layer=23"",""probe.layers=[]"",""probe.feature_view=pooled"",""probe.device=cpu"",""probe.lr=0.0044271646762812644"",""probe.weight_decay=1.8455226655292845e-06"",""probe.batch_size=32"",""probe.eval_batch_size=1024"",""probe.epochs=50"",""probe.early_stopping.enabled=false"",""probe.early_stopping.patience=5"",""probe.optuna.enabled=false"",""probe.output_dir=artifacts/probes/intphys2"",""probe.output_subdir=seed_runs_intphys2_ltx2b_linear_mlp/intphys2__ltx__ltx_2b_0_9_8_distilled__mlp__slot_23/seed_101"",""probe.eval_output_dir=artifacts/results/intphys2"",""probe.eval_output_subdir=seed_runs_intphys2_ltx2b_linear_mlp/intphys2__ltx__ltx_2b_0_9_8_distilled__mlp__slot_23/seed_101"",""probe.wandb.group=seed_runs_intphys2_ltx2b_linear_mlp_intphys2__ltx__ltx_2b_0_9_8_distilled__mlp__slot_23"",""probe.wandb.name=intphys2__ltx__ltx_2b_0_9_8_distilled__mlp__slot_23__seed_101"",""probe.mlp.hidden_dims=[1024,512,256]"",""probe.mlp.dropout=0.32630195309589033""]",results/verified_layerwise_probe_configs.csv,221,223,c0209155e2e398d2,VERIFIED_FULL,"{""batch_size"":32,""depth_layer_id"":21,""dropout"":0.32630195309589033,""early_stopping"":{""enabled"":false,""patience"":5},""epochs"":50,""eval_batch_size"":1024,""feature_view"":""pooled"",""hidden_dims"":[1024,512,256],""layer"":23,""lr"":0.004427164676281264,""slot"":23,""weight_decay"":1.8455226655292845e-06}",different_backbone_ablation/ltx_2b/intphys2/mlp/intphys2_probe_mlp_ltx_video_ltxv_2b_0_9_8_distilled_20260602T171552Z/layer_noise_0.5_block_21/train/optuna_summary.json
intphys2__ltx__ltx_2b_0_9_8_distilled__mlp__slot_23__seed_102,intphys2__ltx__ltx_2b_0_9_8_distilled__mlp__slot_23,train_eval.probe.intphys2,IntPhys2,intphys2,ltx,LTX-Video,LTX-2B,MLP,mlp,102,42,ltx_video,ltx_2b_0_9_8_distilled,23,23,noise_0.5_block_21,pooled,0.0044271646762812644,1.8455226655292845e-06,32,1024,50,false,5,"[1024,512,256]",0.32630195309589033,,,,,cpu,artifacts/probes/intphys2,seed_runs_intphys2_ltx2b_linear_mlp/intphys2__ltx__ltx_2b_0_9_8_distilled__mlp__slot_23/seed_102,artifacts/results/intphys2,seed_runs_intphys2_ltx2b_linear_mlp/intphys2__ltx__ltx_2b_0_9_8_distilled__mlp__slot_23/seed_102,seed_runs_intphys2_ltx2b_linear_mlp_intphys2__ltx__ltx_2b_0_9_8_distilled__mlp__slot_23,intphys2__ltx__ltx_2b_0_9_8_distilled__mlp__slot_23__seed_102,pending,,"[""seed=102"",""split.seed=42"",""backbone.name=ltx_video"",""+backbone.kwargs.variant=ltx_2b_0_9_8_distilled"",""probe.name=mlp"",""probe.layer=23"",""probe.layers=[]"",""probe.feature_view=pooled"",""probe.device=cpu"",""probe.lr=0.0044271646762812644"",""probe.weight_decay=1.8455226655292845e-06"",""probe.batch_size=32"",""probe.eval_batch_size=1024"",""probe.epochs=50"",""probe.early_stopping.enabled=false"",""probe.early_stopping.patience=5"",""probe.optuna.enabled=false"",""probe.output_dir=artifacts/probes/intphys2"",""probe.output_subdir=seed_runs_intphys2_ltx2b_linear_mlp/intphys2__ltx__ltx_2b_0_9_8_distilled__mlp__slot_23/seed_102"",""probe.eval_output_dir=artifacts/results/intphys2"",""probe.eval_output_subdir=seed_runs_intphys2_ltx2b_linear_mlp/intphys2__ltx__ltx_2b_0_9_8_distilled__mlp__slot_23/seed_102"",""probe.wandb.group=seed_runs_intphys2_ltx2b_linear_mlp_intphys2__ltx__ltx_2b_0_9_8_distilled__mlp__slot_23"",""probe.wandb.name=intphys2__ltx__ltx_2b_0_9_8_distilled__mlp__slot_23__seed_102"",""probe.mlp.hidden_dims=[1024,512,256]"",""probe.mlp.dropout=0.32630195309589033""]",results/verified_layerwise_probe_configs.csv,221,223,c0209155e2e398d2,VERIFIED_FULL,"{""batch_size"":32,""depth_layer_id"":21,""dropout"":0.32630195309589033,""early_stopping"":{""enabled"":false,""patience"":5},""epochs"":50,""eval_batch_size"":1024,""feature_view"":""pooled"",""hidden_dims"":[1024,512,256],""layer"":23,""lr"":0.004427164676281264,""slot"":23,""weight_decay"":1.8455226655292845e-06}",different_backbone_ablation/ltx_2b/intphys2/mlp/intphys2_probe_mlp_ltx_video_ltxv_2b_0_9_8_distilled_20260602T171552Z/layer_noise_0.5_block_21/train/optuna_summary.json
intphys2__ltx__ltx_2b_0_9_8_distilled__mlp__slot_27__seed_101,intphys2__ltx__ltx_2b_0_9_8_distilled__mlp__slot_27,train_eval.probe.intphys2,IntPhys2,intphys2,ltx,LTX-Video,LTX-2B,MLP,mlp,101,42,ltx_video,ltx_2b_0_9_8_distilled,27,27,noise_0.4_block_21,pooled,0.00030296104428212476,1.3689795993592185e-05,32,1024,500,false,5,"[1024,512,1024]",0.40406018978220848,,,,,cpu,artifacts/probes/intphys2,seed_runs_intphys2_ltx2b_linear_mlp/intphys2__ltx__ltx_2b_0_9_8_distilled__mlp__slot_27/seed_101,artifacts/results/intphys2,seed_runs_intphys2_ltx2b_linear_mlp/intphys2__ltx__ltx_2b_0_9_8_distilled__mlp__slot_27/seed_101,seed_runs_intphys2_ltx2b_linear_mlp_intphys2__ltx__ltx_2b_0_9_8_distilled__mlp__slot_27,intphys2__ltx__ltx_2b_0_9_8_distilled__mlp__slot_27__seed_101,pending,,"[""seed=101"",""split.seed=42"",""backbone.name=ltx_video"",""+backbone.kwargs.variant=ltx_2b_0_9_8_distilled"",""probe.name=mlp"",""probe.layer=27"",""probe.layers=[]"",""probe.feature_view=pooled"",""probe.device=cpu"",""probe.lr=0.00030296104428212476"",""probe.weight_decay=1.3689795993592185e-05"",""probe.batch_size=32"",""probe.eval_batch_size=1024"",""probe.epochs=500"",""probe.early_stopping.enabled=false"",""probe.early_stopping.patience=5"",""probe.optuna.enabled=false"",""probe.output_dir=artifacts/probes/intphys2"",""probe.output_subdir=seed_runs_intphys2_ltx2b_linear_mlp/intphys2__ltx__ltx_2b_0_9_8_distilled__mlp__slot_27/seed_101"",""probe.eval_output_dir=artifacts/results/intphys2"",""probe.eval_output_subdir=seed_runs_intphys2_ltx2b_linear_mlp/intphys2__ltx__ltx_2b_0_9_8_distilled__mlp__slot_27/seed_101"",""probe.wandb.group=seed_runs_intphys2_ltx2b_linear_mlp_intphys2__ltx__ltx_2b_0_9_8_distilled__mlp__slot_27"",""probe.wandb.name=intphys2__ltx__ltx_2b_0_9_8_distilled__mlp__slot_27__seed_101"",""probe.mlp.hidden_dims=[1024,512,1024]"",""probe.mlp.dropout=0.40406018978220848""]",results/verified_layerwise_probe_configs.csv,222,224,270b1074541772cd,VERIFIED_FULL,"{""batch_size"":32,""depth_layer_id"":21,""dropout"":0.4040601897822085,""early_stopping"":{""enabled"":false,""patience"":5},""epochs"":500,""eval_batch_size"":1024,""feature_view"":""pooled"",""hidden_dims"":[1024,512,1024],""layer"":27,""lr"":0.00030296104428212476,""slot"":27,""weight_decay"":1.3689795993592185e-05}",different_backbone_ablation/ltx_2b/intphys2/mlp/intphys2_probe_mlp_ltx_video_ltxv_2b_0_9_8_distilled_20260602T171552Z/layer_noise_0.4_block_21/train/optuna_summary.json
intphys2__ltx__ltx_2b_0_9_8_distilled__mlp__slot_27__seed_102,intphys2__ltx__ltx_2b_0_9_8_distilled__mlp__slot_27,train_eval.probe.intphys2,IntPhys2,intphys2,ltx,LTX-Video,LTX-2B,MLP,mlp,102,42,ltx_video,ltx_2b_0_9_8_distilled,27,27,noise_0.4_block_21,pooled,0.00030296104428212476,1.3689795993592185e-05,32,1024,500,false,5,"[1024,512,1024]",0.40406018978220848,,,,,cpu,artifacts/probes/intphys2,seed_runs_intphys2_ltx2b_linear_mlp/intphys2__ltx__ltx_2b_0_9_8_distilled__mlp__slot_27/seed_102,artifacts/results/intphys2,seed_runs_intphys2_ltx2b_linear_mlp/intphys2__ltx__ltx_2b_0_9_8_distilled__mlp__slot_27/seed_102,seed_runs_intphys2_ltx2b_linear_mlp_intphys2__ltx__ltx_2b_0_9_8_distilled__mlp__slot_27,intphys2__ltx__ltx_2b_0_9_8_distilled__mlp__slot_27__seed_102,pending,,"[""seed=102"",""split.seed=42"",""backbone.name=ltx_video"",""+backbone.kwargs.variant=ltx_2b_0_9_8_distilled"",""probe.name=mlp"",""probe.layer=27"",""probe.layers=[]"",""probe.feature_view=pooled"",""probe.device=cpu"",""probe.lr=0.00030296104428212476"",""probe.weight_decay=1.3689795993592185e-05"",""probe.batch_size=32"",""probe.eval_batch_size=1024"",""probe.epochs=500"",""probe.early_stopping.enabled=false"",""probe.early_stopping.patience=5"",""probe.optuna.enabled=false"",""probe.output_dir=artifacts/probes/intphys2"",""probe.output_subdir=seed_runs_intphys2_ltx2b_linear_mlp/intphys2__ltx__ltx_2b_0_9_8_distilled__mlp__slot_27/seed_102"",""probe.eval_output_dir=artifacts/results/intphys2"",""probe.eval_output_subdir=seed_runs_intphys2_ltx2b_linear_mlp/intphys2__ltx__ltx_2b_0_9_8_distilled__mlp__slot_27/seed_102"",""probe.wandb.group=seed_runs_intphys2_ltx2b_linear_mlp_intphys2__ltx__ltx_2b_0_9_8_distilled__mlp__slot_27"",""probe.wandb.name=intphys2__ltx__ltx_2b_0_9_8_distilled__mlp__slot_27__seed_102"",""probe.mlp.hidden_dims=[1024,512,1024]"",""probe.mlp.dropout=0.40406018978220848""]",results/verified_layerwise_probe_configs.csv,222,224,270b1074541772cd,VERIFIED_FULL,"{""batch_size"":32,""depth_layer_id"":21,""dropout"":0.4040601897822085,""early_stopping"":{""enabled"":false,""patience"":5},""epochs"":500,""eval_batch_size"":1024,""feature_view"":""pooled"",""hidden_dims"":[1024,512,1024],""layer"":27,""lr"":0.00030296104428212476,""slot"":27,""weight_decay"":1.3689795993592185e-05}",different_backbone_ablation/ltx_2b/intphys2/mlp/intphys2_probe_mlp_ltx_video_ltxv_2b_0_9_8_distilled_20260602T171552Z/layer_noise_0.4_block_21/train/optuna_summary.json
intphys2__ltx__ltx_2b_0_9_8_distilled__mlp__slot_31__seed_101,intphys2__ltx__ltx_2b_0_9_8_distilled__mlp__slot_31,train_eval.probe.intphys2,IntPhys2,intphys2,ltx,LTX-Video,LTX-2B,MLP,mlp,101,42,ltx_video,ltx_2b_0_9_8_distilled,31,31,noise_0.3_block_21,pooled,0.00010300196600986775,0.0045442082254883295,128,1024,20,false,5,"[1024,512,1024]",0.11978094533348621,,,,,cpu,artifacts/probes/intphys2,seed_runs_intphys2_ltx2b_linear_mlp/intphys2__ltx__ltx_2b_0_9_8_distilled__mlp__slot_31/seed_101,artifacts/results/intphys2,seed_runs_intphys2_ltx2b_linear_mlp/intphys2__ltx__ltx_2b_0_9_8_distilled__mlp__slot_31/seed_101,seed_runs_intphys2_ltx2b_linear_mlp_intphys2__ltx__ltx_2b_0_9_8_distilled__mlp__slot_31,intphys2__ltx__ltx_2b_0_9_8_distilled__mlp__slot_31__seed_101,pending,,"[""seed=101"",""split.seed=42"",""backbone.name=ltx_video"",""+backbone.kwargs.variant=ltx_2b_0_9_8_distilled"",""probe.name=mlp"",""probe.layer=31"",""probe.layers=[]"",""probe.feature_view=pooled"",""probe.device=cpu"",""probe.lr=0.00010300196600986775"",""probe.weight_decay=0.0045442082254883295"",""probe.batch_size=128"",""probe.eval_batch_size=1024"",""probe.epochs=20"",""probe.early_stopping.enabled=false"",""probe.early_stopping.patience=5"",""probe.optuna.enabled=false"",""probe.output_dir=artifacts/probes/intphys2"",""probe.output_subdir=seed_runs_intphys2_ltx2b_linear_mlp/intphys2__ltx__ltx_2b_0_9_8_distilled__mlp__slot_31/seed_101"",""probe.eval_output_dir=artifacts/results/intphys2"",""probe.eval_output_subdir=seed_runs_intphys2_ltx2b_linear_mlp/intphys2__ltx__ltx_2b_0_9_8_distilled__mlp__slot_31/seed_101"",""probe.wandb.group=seed_runs_intphys2_ltx2b_linear_mlp_intphys2__ltx__ltx_2b_0_9_8_distilled__mlp__slot_31"",""probe.wandb.name=intphys2__ltx__ltx_2b_0_9_8_distilled__mlp__slot_31__seed_101"",""probe.mlp.hidden_dims=[1024,512,1024]"",""probe.mlp.dropout=0.11978094533348621""]",results/verified_layerwise_probe_configs.csv,223,225,cd5cc4bb82cf3d9b,VERIFIED_FULL,"{""batch_size"":128,""depth_layer_id"":21,""dropout"":0.11978094533348621,""early_stopping"":{""enabled"":false,""patience"":5},""epochs"":20,""eval_batch_size"":1024,""feature_view"":""pooled"",""hidden_dims"":[1024,512,1024],""layer"":31,""lr"":0.00010300196600986775,""slot"":31,""weight_decay"":0.0045442082254883295}",different_backbone_ablation/ltx_2b/intphys2/mlp/intphys2_probe_mlp_ltx_video_ltxv_2b_0_9_8_distilled_20260602T171553Z/layer_noise_0.3_block_21/train/optuna_summary.json
intphys2__ltx__ltx_2b_0_9_8_distilled__mlp__slot_31__seed_102,intphys2__ltx__ltx_2b_0_9_8_distilled__mlp__slot_31,train_eval.probe.intphys2,IntPhys2,intphys2,ltx,LTX-Video,LTX-2B,MLP,mlp,102,42,ltx_video,ltx_2b_0_9_8_distilled,31,31,noise_0.3_block_21,pooled,0.00010300196600986775,0.0045442082254883295,128,1024,20,false,5,"[1024,512,1024]",0.11978094533348621,,,,,cpu,artifacts/probes/intphys2,seed_runs_intphys2_ltx2b_linear_mlp/intphys2__ltx__ltx_2b_0_9_8_distilled__mlp__slot_31/seed_102,artifacts/results/intphys2,seed_runs_intphys2_ltx2b_linear_mlp/intphys2__ltx__ltx_2b_0_9_8_distilled__mlp__slot_31/seed_102,seed_runs_intphys2_ltx2b_linear_mlp_intphys2__ltx__ltx_2b_0_9_8_distilled__mlp__slot_31,intphys2__ltx__ltx_2b_0_9_8_distilled__mlp__slot_31__seed_102,pending,,"[""seed=102"",""split.seed=42"",""backbone.name=ltx_video"",""+backbone.kwargs.variant=ltx_2b_0_9_8_distilled"",""probe.name=mlp"",""probe.layer=31"",""probe.layers=[]"",""probe.feature_view=pooled"",""probe.device=cpu"",""probe.lr=0.00010300196600986775"",""probe.weight_decay=0.0045442082254883295"",""probe.batch_size=128"",""probe.eval_batch_size=1024"",""probe.epochs=20"",""probe.early_stopping.enabled=false"",""probe.early_stopping.patience=5"",""probe.optuna.enabled=false"",""probe.output_dir=artifacts/probes/intphys2"",""probe.output_subdir=seed_runs_intphys2_ltx2b_linear_mlp/intphys2__ltx__ltx_2b_0_9_8_distilled__mlp__slot_31/seed_102"",""probe.eval_output_dir=artifacts/results/intphys2"",""probe.eval_output_subdir=seed_runs_intphys2_ltx2b_linear_mlp/intphys2__ltx__ltx_2b_0_9_8_distilled__mlp__slot_31/seed_102"",""probe.wandb.group=seed_runs_intphys2_ltx2b_linear_mlp_intphys2__ltx__ltx_2b_0_9_8_distilled__mlp__slot_31"",""probe.wandb.name=intphys2__ltx__ltx_2b_0_9_8_distilled__mlp__slot_31__seed_102"",""probe.mlp.hidden_dims=[1024,512,1024]"",""probe.mlp.dropout=0.11978094533348621""]",results/verified_layerwise_probe_configs.csv,223,225,cd5cc4bb82cf3d9b,VERIFIED_FULL,"{""batch_size"":128,""depth_layer_id"":21,""dropout"":0.11978094533348621,""early_stopping"":{""enabled"":false,""patience"":5},""epochs"":20,""eval_batch_size"":1024,""feature_view"":""pooled"",""hidden_dims"":[1024,512,1024],""layer"":31,""lr"":0.00010300196600986775,""slot"":31,""weight_decay"":0.0045442082254883295}",different_backbone_ablation/ltx_2b/intphys2/mlp/intphys2_probe_mlp_ltx_video_ltxv_2b_0_9_8_distilled_20260602T171553Z/layer_noise_0.3_block_21/train/optuna_summary.json
intphys2__ltx__ltx_2b_0_9_8_distilled__mlp__slot_35__seed_101,intphys2__ltx__ltx_2b_0_9_8_distilled__mlp__slot_35,train_eval.probe.intphys2,IntPhys2,intphys2,ltx,LTX-Video,LTX-2B,MLP,mlp,101,42,ltx_video,ltx_2b_0_9_8_distilled,35,35,noise_0.2_block_21,pooled,0.00030296104428212476,1.3689795993592185e-05,32,1024,500,false,5,"[1024,512,1024]",0.40406018978220848,,,,,cpu,artifacts/probes/intphys2,seed_runs_intphys2_ltx2b_linear_mlp/intphys2__ltx__ltx_2b_0_9_8_distilled__mlp__slot_35/seed_101,artifacts/results/intphys2,seed_runs_intphys2_ltx2b_linear_mlp/intphys2__ltx__ltx_2b_0_9_8_distilled__mlp__slot_35/seed_101,seed_runs_intphys2_ltx2b_linear_mlp_intphys2__ltx__ltx_2b_0_9_8_distilled__mlp__slot_35,intphys2__ltx__ltx_2b_0_9_8_distilled__mlp__slot_35__seed_101,pending,,"[""seed=101"",""split.seed=42"",""backbone.name=ltx_video"",""+backbone.kwargs.variant=ltx_2b_0_9_8_distilled"",""probe.name=mlp"",""probe.layer=35"",""probe.layers=[]"",""probe.feature_view=pooled"",""probe.device=cpu"",""probe.lr=0.00030296104428212476"",""probe.weight_decay=1.3689795993592185e-05"",""probe.batch_size=32"",""probe.eval_batch_size=1024"",""probe.epochs=500"",""probe.early_stopping.enabled=false"",""probe.early_stopping.patience=5"",""probe.optuna.enabled=false"",""probe.output_dir=artifacts/probes/intphys2"",""probe.output_subdir=seed_runs_intphys2_ltx2b_linear_mlp/intphys2__ltx__ltx_2b_0_9_8_distilled__mlp__slot_35/seed_101"",""probe.eval_output_dir=artifacts/results/intphys2"",""probe.eval_output_subdir=seed_runs_intphys2_ltx2b_linear_mlp/intphys2__ltx__ltx_2b_0_9_8_distilled__mlp__slot_35/seed_101"",""probe.wandb.group=seed_runs_intphys2_ltx2b_linear_mlp_intphys2__ltx__ltx_2b_0_9_8_distilled__mlp__slot_35"",""probe.wandb.name=intphys2__ltx__ltx_2b_0_9_8_distilled__mlp__slot_35__seed_101"",""probe.mlp.hidden_dims=[1024,512,1024]"",""probe.mlp.dropout=0.40406018978220848""]",results/verified_layerwise_probe_configs.csv,224,226,889fe9ed4a0753bc,VERIFIED_FULL,"{""batch_size"":32,""depth_layer_id"":21,""dropout"":0.4040601897822085,""early_stopping"":{""enabled"":false,""patience"":5},""epochs"":500,""eval_batch_size"":1024,""feature_view"":""pooled"",""hidden_dims"":[1024,512,1024],""layer"":35,""lr"":0.00030296104428212476,""slot"":35,""weight_decay"":1.3689795993592185e-05}",different_backbone_ablation/ltx_2b/intphys2/mlp/intphys2_probe_mlp_ltx_video_ltxv_2b_0_9_8_distilled_20260602T171553Z/layer_noise_0.2_block_21/train/optuna_summary.json
intphys2__ltx__ltx_2b_0_9_8_distilled__mlp__slot_35__seed_102,intphys2__ltx__ltx_2b_0_9_8_distilled__mlp__slot_35,train_eval.probe.intphys2,IntPhys2,intphys2,ltx,LTX-Video,LTX-2B,MLP,mlp,102,42,ltx_video,ltx_2b_0_9_8_distilled,35,35,noise_0.2_block_21,pooled,0.00030296104428212476,1.3689795993592185e-05,32,1024,500,false,5,"[1024,512,1024]",0.40406018978220848,,,,,cpu,artifacts/probes/intphys2,seed_runs_intphys2_ltx2b_linear_mlp/intphys2__ltx__ltx_2b_0_9_8_distilled__mlp__slot_35/seed_102,artifacts/results/intphys2,seed_runs_intphys2_ltx2b_linear_mlp/intphys2__ltx__ltx_2b_0_9_8_distilled__mlp__slot_35/seed_102,seed_runs_intphys2_ltx2b_linear_mlp_intphys2__ltx__ltx_2b_0_9_8_distilled__mlp__slot_35,intphys2__ltx__ltx_2b_0_9_8_distilled__mlp__slot_35__seed_102,pending,,"[""seed=102"",""split.seed=42"",""backbone.name=ltx_video"",""+backbone.kwargs.variant=ltx_2b_0_9_8_distilled"",""probe.name=mlp"",""probe.layer=35"",""probe.layers=[]"",""probe.feature_view=pooled"",""probe.device=cpu"",""probe.lr=0.00030296104428212476"",""probe.weight_decay=1.3689795993592185e-05"",""probe.batch_size=32"",""probe.eval_batch_size=1024"",""probe.epochs=500"",""probe.early_stopping.enabled=false"",""probe.early_stopping.patience=5"",""probe.optuna.enabled=false"",""probe.output_dir=artifacts/probes/intphys2"",""probe.output_subdir=seed_runs_intphys2_ltx2b_linear_mlp/intphys2__ltx__ltx_2b_0_9_8_distilled__mlp__slot_35/seed_102"",""probe.eval_output_dir=artifacts/results/intphys2"",""probe.eval_output_subdir=seed_runs_intphys2_ltx2b_linear_mlp/intphys2__ltx__ltx_2b_0_9_8_distilled__mlp__slot_35/seed_102"",""probe.wandb.group=seed_runs_intphys2_ltx2b_linear_mlp_intphys2__ltx__ltx_2b_0_9_8_distilled__mlp__slot_35"",""probe.wandb.name=intphys2__ltx__ltx_2b_0_9_8_distilled__mlp__slot_35__seed_102"",""probe.mlp.hidden_dims=[1024,512,1024]"",""probe.mlp.dropout=0.40406018978220848""]",results/verified_layerwise_probe_configs.csv,224,226,889fe9ed4a0753bc,VERIFIED_FULL,"{""batch_size"":32,""depth_layer_id"":21,""dropout"":0.4040601897822085,""early_stopping"":{""enabled"":false,""patience"":5},""epochs"":500,""eval_batch_size"":1024,""feature_view"":""pooled"",""hidden_dims"":[1024,512,1024],""layer"":35,""lr"":0.00030296104428212476,""slot"":35,""weight_decay"":1.3689795993592185e-05}",different_backbone_ablation/ltx_2b/intphys2/mlp/intphys2_probe_mlp_ltx_video_ltxv_2b_0_9_8_distilled_20260602T171553Z/layer_noise_0.2_block_21/train/optuna_summary.json
intphys2__ltx__ltx_2b_0_9_8_distilled__mlp__slot_39__seed_101,intphys2__ltx__ltx_2b_0_9_8_distilled__mlp__slot_39,train_eval.probe.intphys2,IntPhys2,intphys2,ltx,LTX-Video,LTX-2B,MLP,mlp,101,42,ltx_video,ltx_2b_0_9_8_distilled,39,39,noise_0.1_block_21,pooled,0.00013292918943162159,0.0050615768887523043,32,1024,2000,false,5,[256],0.21597250932105788,,,,,cpu,artifacts/probes/intphys2,seed_runs_intphys2_ltx2b_linear_mlp/intphys2__ltx__ltx_2b_0_9_8_distilled__mlp__slot_39/seed_101,artifacts/results/intphys2,seed_runs_intphys2_ltx2b_linear_mlp/intphys2__ltx__ltx_2b_0_9_8_distilled__mlp__slot_39/seed_101,seed_runs_intphys2_ltx2b_linear_mlp_intphys2__ltx__ltx_2b_0_9_8_distilled__mlp__slot_39,intphys2__ltx__ltx_2b_0_9_8_distilled__mlp__slot_39__seed_101,pending,,"[""seed=101"",""split.seed=42"",""backbone.name=ltx_video"",""+backbone.kwargs.variant=ltx_2b_0_9_8_distilled"",""probe.name=mlp"",""probe.layer=39"",""probe.layers=[]"",""probe.feature_view=pooled"",""probe.device=cpu"",""probe.lr=0.00013292918943162159"",""probe.weight_decay=0.0050615768887523043"",""probe.batch_size=32"",""probe.eval_batch_size=1024"",""probe.epochs=2000"",""probe.early_stopping.enabled=false"",""probe.early_stopping.patience=5"",""probe.optuna.enabled=false"",""probe.output_dir=artifacts/probes/intphys2"",""probe.output_subdir=seed_runs_intphys2_ltx2b_linear_mlp/intphys2__ltx__ltx_2b_0_9_8_distilled__mlp__slot_39/seed_101"",""probe.eval_output_dir=artifacts/results/intphys2"",""probe.eval_output_subdir=seed_runs_intphys2_ltx2b_linear_mlp/intphys2__ltx__ltx_2b_0_9_8_distilled__mlp__slot_39/seed_101"",""probe.wandb.group=seed_runs_intphys2_ltx2b_linear_mlp_intphys2__ltx__ltx_2b_0_9_8_distilled__mlp__slot_39"",""probe.wandb.name=intphys2__ltx__ltx_2b_0_9_8_distilled__mlp__slot_39__seed_101"",""probe.mlp.hidden_dims=[256]"",""probe.mlp.dropout=0.21597250932105788""]",results/verified_layerwise_probe_configs.csv,225,227,56913738bc2e456e,VERIFIED_FULL,"{""batch_size"":32,""depth_layer_id"":21,""dropout"":0.21597250932105788,""early_stopping"":{""enabled"":false,""patience"":5},""epochs"":2000,""eval_batch_size"":1024,""feature_view"":""pooled"",""hidden_dims"":[256],""layer"":39,""lr"":0.0001329291894316216,""slot"":39,""weight_decay"":0.005061576888752304}",different_backbone_ablation/ltx_2b/intphys2/mlp/intphys2_probe_mlp_ltx_video_ltxv_2b_0_9_8_distilled_20260602T171553Z/layer_noise_0.1_block_21/train/optuna_summary.json
intphys2__ltx__ltx_2b_0_9_8_distilled__mlp__slot_39__seed_102,intphys2__ltx__ltx_2b_0_9_8_distilled__mlp__slot_39,train_eval.probe.intphys2,IntPhys2,intphys2,ltx,LTX-Video,LTX-2B,MLP,mlp,102,42,ltx_video,ltx_2b_0_9_8_distilled,39,39,noise_0.1_block_21,pooled,0.00013292918943162159,0.0050615768887523043,32,1024,2000,false,5,[256],0.21597250932105788,,,,,cpu,artifacts/probes/intphys2,seed_runs_intphys2_ltx2b_linear_mlp/intphys2__ltx__ltx_2b_0_9_8_distilled__mlp__slot_39/seed_102,artifacts/results/intphys2,seed_runs_intphys2_ltx2b_linear_mlp/intphys2__ltx__ltx_2b_0_9_8_distilled__mlp__slot_39/seed_102,seed_runs_intphys2_ltx2b_linear_mlp_intphys2__ltx__ltx_2b_0_9_8_distilled__mlp__slot_39,intphys2__ltx__ltx_2b_0_9_8_distilled__mlp__slot_39__seed_102,pending,,"[""seed=102"",""split.seed=42"",""backbone.name=ltx_video"",""+backbone.kwargs.variant=ltx_2b_0_9_8_distilled"",""probe.name=mlp"",""probe.layer=39"",""probe.layers=[]"",""probe.feature_view=pooled"",""probe.device=cpu"",""probe.lr=0.00013292918943162159"",""probe.weight_decay=0.0050615768887523043"",""probe.batch_size=32"",""probe.eval_batch_size=1024"",""probe.epochs=2000"",""probe.early_stopping.enabled=false"",""probe.early_stopping.patience=5"",""probe.optuna.enabled=false"",""probe.output_dir=artifacts/probes/intphys2"",""probe.output_subdir=seed_runs_intphys2_ltx2b_linear_mlp/intphys2__ltx__ltx_2b_0_9_8_distilled__mlp__slot_39/seed_102"",""probe.eval_output_dir=artifacts/results/intphys2"",""probe.eval_output_subdir=seed_runs_intphys2_ltx2b_linear_mlp/intphys2__ltx__ltx_2b_0_9_8_distilled__mlp__slot_39/seed_102"",""probe.wandb.group=seed_runs_intphys2_ltx2b_linear_mlp_intphys2__ltx__ltx_2b_0_9_8_distilled__mlp__slot_39"",""probe.wandb.name=intphys2__ltx__ltx_2b_0_9_8_distilled__mlp__slot_39__seed_102"",""probe.mlp.hidden_dims=[256]"",""probe.mlp.dropout=0.21597250932105788""]",results/verified_layerwise_probe_configs.csv,225,227,56913738bc2e456e,VERIFIED_FULL,"{""batch_size"":32,""depth_layer_id"":21,""dropout"":0.21597250932105788,""early_stopping"":{""enabled"":false,""patience"":5},""epochs"":2000,""eval_batch_size"":1024,""feature_view"":""pooled"",""hidden_dims"":[256],""layer"":39,""lr"":0.0001329291894316216,""slot"":39,""weight_decay"":0.005061576888752304}",different_backbone_ablation/ltx_2b/intphys2/mlp/intphys2_probe_mlp_ltx_video_ltxv_2b_0_9_8_distilled_20260602T171553Z/layer_noise_0.1_block_21/train/optuna_summary.json
intphys2__ltx__ltx_2b_0_9_8_distilled__mlp__slot_4__seed_101,intphys2__ltx__ltx_2b_0_9_8_distilled__mlp__slot_4,train_eval.probe.intphys2,IntPhys2,intphys2,ltx,LTX-Video,LTX-2B,MLP,mlp,101,42,ltx_video,ltx_2b_0_9_8_distilled,4,4,noise_1.0_block_28,pooled,0.00013292918943162159,0.0050615768887523043,32,1024,2000,false,5,[256],0.21597250932105788,,,,,cpu,artifacts/probes/intphys2,seed_runs_intphys2_ltx2b_linear_mlp/intphys2__ltx__ltx_2b_0_9_8_distilled__mlp__slot_4/seed_101,artifacts/results/intphys2,seed_runs_intphys2_ltx2b_linear_mlp/intphys2__ltx__ltx_2b_0_9_8_distilled__mlp__slot_4/seed_101,seed_runs_intphys2_ltx2b_linear_mlp_intphys2__ltx__ltx_2b_0_9_8_distilled__mlp__slot_4,intphys2__ltx__ltx_2b_0_9_8_distilled__mlp__slot_4__seed_101,pending,,"[""seed=101"",""split.seed=42"",""backbone.name=ltx_video"",""+backbone.kwargs.variant=ltx_2b_0_9_8_distilled"",""probe.name=mlp"",""probe.layer=4"",""probe.layers=[]"",""probe.feature_view=pooled"",""probe.device=cpu"",""probe.lr=0.00013292918943162159"",""probe.weight_decay=0.0050615768887523043"",""probe.batch_size=32"",""probe.eval_batch_size=1024"",""probe.epochs=2000"",""probe.early_stopping.enabled=false"",""probe.early_stopping.patience=5"",""probe.optuna.enabled=false"",""probe.output_dir=artifacts/probes/intphys2"",""probe.output_subdir=seed_runs_intphys2_ltx2b_linear_mlp/intphys2__ltx__ltx_2b_0_9_8_distilled__mlp__slot_4/seed_101"",""probe.eval_output_dir=artifacts/results/intphys2"",""probe.eval_output_subdir=seed_runs_intphys2_ltx2b_linear_mlp/intphys2__ltx__ltx_2b_0_9_8_distilled__mlp__slot_4/seed_101"",""probe.wandb.group=seed_runs_intphys2_ltx2b_linear_mlp_intphys2__ltx__ltx_2b_0_9_8_distilled__mlp__slot_4"",""probe.wandb.name=intphys2__ltx__ltx_2b_0_9_8_distilled__mlp__slot_4__seed_101"",""probe.mlp.hidden_dims=[256]"",""probe.mlp.dropout=0.21597250932105788""]",results/verified_layerwise_probe_configs.csv,226,228,f2013cc554064309,VERIFIED_FULL,"{""batch_size"":32,""depth_layer_id"":28,""dropout"":0.21597250932105788,""early_stopping"":{""enabled"":false,""patience"":5},""epochs"":2000,""eval_batch_size"":1024,""feature_view"":""pooled"",""hidden_dims"":[256],""layer"":4,""lr"":0.0001329291894316216,""slot"":4,""weight_decay"":0.005061576888752304}",different_backbone_ablation/ltx_2b/intphys2/mlp/intphys2_probe_mlp_ltx_video_ltxv_2b_0_9_8_distilled_20260602T162801Z/layer_noise_1.0_block_28/train/optuna_summary.json
intphys2__ltx__ltx_2b_0_9_8_distilled__mlp__slot_4__seed_102,intphys2__ltx__ltx_2b_0_9_8_distilled__mlp__slot_4,train_eval.probe.intphys2,IntPhys2,intphys2,ltx,LTX-Video,LTX-2B,MLP,mlp,102,42,ltx_video,ltx_2b_0_9_8_distilled,4,4,noise_1.0_block_28,pooled,0.00013292918943162159,0.0050615768887523043,32,1024,2000,false,5,[256],0.21597250932105788,,,,,cpu,artifacts/probes/intphys2,seed_runs_intphys2_ltx2b_linear_mlp/intphys2__ltx__ltx_2b_0_9_8_distilled__mlp__slot_4/seed_102,artifacts/results/intphys2,seed_runs_intphys2_ltx2b_linear_mlp/intphys2__ltx__ltx_2b_0_9_8_distilled__mlp__slot_4/seed_102,seed_runs_intphys2_ltx2b_linear_mlp_intphys2__ltx__ltx_2b_0_9_8_distilled__mlp__slot_4,intphys2__ltx__ltx_2b_0_9_8_distilled__mlp__slot_4__seed_102,pending,,"[""seed=102"",""split.seed=42"",""backbone.name=ltx_video"",""+backbone.kwargs.variant=ltx_2b_0_9_8_distilled"",""probe.name=mlp"",""probe.layer=4"",""probe.layers=[]"",""probe.feature_view=pooled"",""probe.device=cpu"",""probe.lr=0.00013292918943162159"",""probe.weight_decay=0.0050615768887523043"",""probe.batch_size=32"",""probe.eval_batch_size=1024"",""probe.epochs=2000"",""probe.early_stopping.enabled=false"",""probe.early_stopping.patience=5"",""probe.optuna.enabled=false"",""probe.output_dir=artifacts/probes/intphys2"",""probe.output_subdir=seed_runs_intphys2_ltx2b_linear_mlp/intphys2__ltx__ltx_2b_0_9_8_distilled__mlp__slot_4/seed_102"",""probe.eval_output_dir=artifacts/results/intphys2"",""probe.eval_output_subdir=seed_runs_intphys2_ltx2b_linear_mlp/intphys2__ltx__ltx_2b_0_9_8_distilled__mlp__slot_4/seed_102"",""probe.wandb.group=seed_runs_intphys2_ltx2b_linear_mlp_intphys2__ltx__ltx_2b_0_9_8_distilled__mlp__slot_4"",""probe.wandb.name=intphys2__ltx__ltx_2b_0_9_8_distilled__mlp__slot_4__seed_102"",""probe.mlp.hidden_dims=[256]"",""probe.mlp.dropout=0.21597250932105788""]",results/verified_layerwise_probe_configs.csv,226,228,f2013cc554064309,VERIFIED_FULL,"{""batch_size"":32,""depth_layer_id"":28,""dropout"":0.21597250932105788,""early_stopping"":{""enabled"":false,""patience"":5},""epochs"":2000,""eval_batch_size"":1024,""feature_view"":""pooled"",""hidden_dims"":[256],""layer"":4,""lr"":0.0001329291894316216,""slot"":4,""weight_decay"":0.005061576888752304}",different_backbone_ablation/ltx_2b/intphys2/mlp/intphys2_probe_mlp_ltx_video_ltxv_2b_0_9_8_distilled_20260602T162801Z/layer_noise_1.0_block_28/train/optuna_summary.json
intphys2__ltx__ltx_2b_0_9_8_distilled__mlp__slot_8__seed_101,intphys2__ltx__ltx_2b_0_9_8_distilled__mlp__slot_8,train_eval.probe.intphys2,IntPhys2,intphys2,ltx,LTX-Video,LTX-2B,MLP,mlp,101,42,ltx_video,ltx_2b_0_9_8_distilled,8,8,noise_0.9_block_28,pooled,0.00035379550571450484,2.1024850103894264e-07,32,1024,2000,false,5,"[1024,512,256]",0.45019452204476845,,,,,cpu,artifacts/probes/intphys2,seed_runs_intphys2_ltx2b_linear_mlp/intphys2__ltx__ltx_2b_0_9_8_distilled__mlp__slot_8/seed_101,artifacts/results/intphys2,seed_runs_intphys2_ltx2b_linear_mlp/intphys2__ltx__ltx_2b_0_9_8_distilled__mlp__slot_8/seed_101,seed_runs_intphys2_ltx2b_linear_mlp_intphys2__ltx__ltx_2b_0_9_8_distilled__mlp__slot_8,intphys2__ltx__ltx_2b_0_9_8_distilled__mlp__slot_8__seed_101,pending,,"[""seed=101"",""split.seed=42"",""backbone.name=ltx_video"",""+backbone.kwargs.variant=ltx_2b_0_9_8_distilled"",""probe.name=mlp"",""probe.layer=8"",""probe.layers=[]"",""probe.feature_view=pooled"",""probe.device=cpu"",""probe.lr=0.00035379550571450484"",""probe.weight_decay=2.1024850103894264e-07"",""probe.batch_size=32"",""probe.eval_batch_size=1024"",""probe.epochs=2000"",""probe.early_stopping.enabled=false"",""probe.early_stopping.patience=5"",""probe.optuna.enabled=false"",""probe.output_dir=artifacts/probes/intphys2"",""probe.output_subdir=seed_runs_intphys2_ltx2b_linear_mlp/intphys2__ltx__ltx_2b_0_9_8_distilled__mlp__slot_8/seed_101"",""probe.eval_output_dir=artifacts/results/intphys2"",""probe.eval_output_subdir=seed_runs_intphys2_ltx2b_linear_mlp/intphys2__ltx__ltx_2b_0_9_8_distilled__mlp__slot_8/seed_101"",""probe.wandb.group=seed_runs_intphys2_ltx2b_linear_mlp_intphys2__ltx__ltx_2b_0_9_8_distilled__mlp__slot_8"",""probe.wandb.name=intphys2__ltx__ltx_2b_0_9_8_distilled__mlp__slot_8__seed_101"",""probe.mlp.hidden_dims=[1024,512,256]"",""probe.mlp.dropout=0.45019452204476845""]",results/verified_layerwise_probe_configs.csv,227,229,31b50ffaac862267,VERIFIED_FULL,"{""batch_size"":32,""depth_layer_id"":28,""dropout"":0.45019452204476845,""early_stopping"":{""enabled"":false,""patience"":5},""epochs"":2000,""eval_batch_size"":1024,""feature_view"":""pooled"",""hidden_dims"":[1024,512,256],""layer"":8,""lr"":0.00035379550571450484,""slot"":8,""weight_decay"":2.1024850103894264e-07}",different_backbone_ablation/ltx_2b/intphys2/mlp/intphys2_probe_mlp_ltx_video_ltxv_2b_0_9_8_distilled_20260602T171549Z/layer_noise_0.9_block_28/train/optuna_summary.json
intphys2__ltx__ltx_2b_0_9_8_distilled__mlp__slot_8__seed_102,intphys2__ltx__ltx_2b_0_9_8_distilled__mlp__slot_8,train_eval.probe.intphys2,IntPhys2,intphys2,ltx,LTX-Video,LTX-2B,MLP,mlp,102,42,ltx_video,ltx_2b_0_9_8_distilled,8,8,noise_0.9_block_28,pooled,0.00035379550571450484,2.1024850103894264e-07,32,1024,2000,false,5,"[1024,512,256]",0.45019452204476845,,,,,cpu,artifacts/probes/intphys2,seed_runs_intphys2_ltx2b_linear_mlp/intphys2__ltx__ltx_2b_0_9_8_distilled__mlp__slot_8/seed_102,artifacts/results/intphys2,seed_runs_intphys2_ltx2b_linear_mlp/intphys2__ltx__ltx_2b_0_9_8_distilled__mlp__slot_8/seed_102,seed_runs_intphys2_ltx2b_linear_mlp_intphys2__ltx__ltx_2b_0_9_8_distilled__mlp__slot_8,intphys2__ltx__ltx_2b_0_9_8_distilled__mlp__slot_8__seed_102,pending,,"[""seed=102"",""split.seed=42"",""backbone.name=ltx_video"",""+backbone.kwargs.variant=ltx_2b_0_9_8_distilled"",""probe.name=mlp"",""probe.layer=8"",""probe.layers=[]"",""probe.feature_view=pooled"",""probe.device=cpu"",""probe.lr=0.00035379550571450484"",""probe.weight_decay=2.1024850103894264e-07"",""probe.batch_size=32"",""probe.eval_batch_size=1024"",""probe.epochs=2000"",""probe.early_stopping.enabled=false"",""probe.early_stopping.patience=5"",""probe.optuna.enabled=false"",""probe.output_dir=artifacts/probes/intphys2"",""probe.output_subdir=seed_runs_intphys2_ltx2b_linear_mlp/intphys2__ltx__ltx_2b_0_9_8_distilled__mlp__slot_8/seed_102"",""probe.eval_output_dir=artifacts/results/intphys2"",""probe.eval_output_subdir=seed_runs_intphys2_ltx2b_linear_mlp/intphys2__ltx__ltx_2b_0_9_8_distilled__mlp__slot_8/seed_102"",""probe.wandb.group=seed_runs_intphys2_ltx2b_linear_mlp_intphys2__ltx__ltx_2b_0_9_8_distilled__mlp__slot_8"",""probe.wandb.name=intphys2__ltx__ltx_2b_0_9_8_distilled__mlp__slot_8__seed_102"",""probe.mlp.hidden_dims=[1024,512,256]"",""probe.mlp.dropout=0.45019452204476845""]",results/verified_layerwise_probe_configs.csv,227,229,31b50ffaac862267,VERIFIED_FULL,"{""batch_size"":32,""depth_layer_id"":28,""dropout"":0.45019452204476845,""early_stopping"":{""enabled"":false,""patience"":5},""epochs"":2000,""eval_batch_size"":1024,""feature_view"":""pooled"",""hidden_dims"":[1024,512,256],""layer"":8,""lr"":0.00035379550571450484,""slot"":8,""weight_decay"":2.1024850103894264e-07}",different_backbone_ablation/ltx_2b/intphys2/mlp/intphys2_probe_mlp_ltx_video_ltxv_2b_0_9_8_distilled_20260602T171549Z/layer_noise_0.9_block_28/train/optuna_summary.json
intphys2__ltx__ltx_2b_0_9_8_distilled__mlp__slot_12__seed_101,intphys2__ltx__ltx_2b_0_9_8_distilled__mlp__slot_12,train_eval.probe.intphys2,IntPhys2,intphys2,ltx,LTX-Video,LTX-2B,MLP,mlp,101,42,ltx_video,ltx_2b_0_9_8_distilled,12,12,noise_0.8_block_28,pooled,0.0026598032438685847,8.8038109477332662e-05,64,1024,500,false,5,[512],0.29125544112201668,,,,,cpu,artifacts/probes/intphys2,seed_runs_intphys2_ltx2b_linear_mlp/intphys2__ltx__ltx_2b_0_9_8_distilled__mlp__slot_12/seed_101,artifacts/results/intphys2,seed_runs_intphys2_ltx2b_linear_mlp/intphys2__ltx__ltx_2b_0_9_8_distilled__mlp__slot_12/seed_101,seed_runs_intphys2_ltx2b_linear_mlp_intphys2__ltx__ltx_2b_0_9_8_distilled__mlp__slot_12,intphys2__ltx__ltx_2b_0_9_8_distilled__mlp__slot_12__seed_101,pending,,"[""seed=101"",""split.seed=42"",""backbone.name=ltx_video"",""+backbone.kwargs.variant=ltx_2b_0_9_8_distilled"",""probe.name=mlp"",""probe.layer=12"",""probe.layers=[]"",""probe.feature_view=pooled"",""probe.device=cpu"",""probe.lr=0.0026598032438685847"",""probe.weight_decay=8.8038109477332662e-05"",""probe.batch_size=64"",""probe.eval_batch_size=1024"",""probe.epochs=500"",""probe.early_stopping.enabled=false"",""probe.early_stopping.patience=5"",""probe.optuna.enabled=false"",""probe.output_dir=artifacts/probes/intphys2"",""probe.output_subdir=seed_runs_intphys2_ltx2b_linear_mlp/intphys2__ltx__ltx_2b_0_9_8_distilled__mlp__slot_12/seed_101"",""probe.eval_output_dir=artifacts/results/intphys2"",""probe.eval_output_subdir=seed_runs_intphys2_ltx2b_linear_mlp/intphys2__ltx__ltx_2b_0_9_8_distilled__mlp__slot_12/seed_101"",""probe.wandb.group=seed_runs_intphys2_ltx2b_linear_mlp_intphys2__ltx__ltx_2b_0_9_8_distilled__mlp__slot_12"",""probe.wandb.name=intphys2__ltx__ltx_2b_0_9_8_distilled__mlp__slot_12__seed_101"",""probe.mlp.hidden_dims=[512]"",""probe.mlp.dropout=0.29125544112201668""]",results/verified_layerwise_probe_configs.csv,228,230,edf26969467373db,VERIFIED_FULL,"{""batch_size"":64,""depth_layer_id"":28,""dropout"":0.2912554411220167,""early_stopping"":{""enabled"":false,""patience"":5},""epochs"":500,""eval_batch_size"":1024,""feature_view"":""pooled"",""hidden_dims"":[512],""layer"":12,""lr"":0.0026598032438685847,""slot"":12,""weight_decay"":8.803810947733266e-05}",different_backbone_ablation/ltx_2b/intphys2/mlp/intphys2_probe_mlp_ltx_video_ltxv_2b_0_9_8_distilled_20260602T171552Z/layer_noise_0.8_block_28/train/optuna_summary.json
intphys2__ltx__ltx_2b_0_9_8_distilled__mlp__slot_12__seed_102,intphys2__ltx__ltx_2b_0_9_8_distilled__mlp__slot_12,train_eval.probe.intphys2,IntPhys2,intphys2,ltx,LTX-Video,LTX-2B,MLP,mlp,102,42,ltx_video,ltx_2b_0_9_8_distilled,12,12,noise_0.8_block_28,pooled,0.0026598032438685847,8.8038109477332662e-05,64,1024,500,false,5,[512],0.29125544112201668,,,,,cpu,artifacts/probes/intphys2,seed_runs_intphys2_ltx2b_linear_mlp/intphys2__ltx__ltx_2b_0_9_8_distilled__mlp__slot_12/seed_102,artifacts/results/intphys2,seed_runs_intphys2_ltx2b_linear_mlp/intphys2__ltx__ltx_2b_0_9_8_distilled__mlp__slot_12/seed_102,seed_runs_intphys2_ltx2b_linear_mlp_intphys2__ltx__ltx_2b_0_9_8_distilled__mlp__slot_12,intphys2__ltx__ltx_2b_0_9_8_distilled__mlp__slot_12__seed_102,pending,,"[""seed=102"",""split.seed=42"",""backbone.name=ltx_video"",""+backbone.kwargs.variant=ltx_2b_0_9_8_distilled"",""probe.name=mlp"",""probe.layer=12"",""probe.layers=[]"",""probe.feature_view=pooled"",""probe.device=cpu"",""probe.lr=0.0026598032438685847"",""probe.weight_decay=8.8038109477332662e-05"",""probe.batch_size=64"",""probe.eval_batch_size=1024"",""probe.epochs=500"",""probe.early_stopping.enabled=false"",""probe.early_stopping.patience=5"",""probe.optuna.enabled=false"",""probe.output_dir=artifacts/probes/intphys2"",""probe.output_subdir=seed_runs_intphys2_ltx2b_linear_mlp/intphys2__ltx__ltx_2b_0_9_8_distilled__mlp__slot_12/seed_102"",""probe.eval_output_dir=artifacts/results/intphys2"",""probe.eval_output_subdir=seed_runs_intphys2_ltx2b_linear_mlp/intphys2__ltx__ltx_2b_0_9_8_distilled__mlp__slot_12/seed_102"",""probe.wandb.group=seed_runs_intphys2_ltx2b_linear_mlp_intphys2__ltx__ltx_2b_0_9_8_distilled__mlp__slot_12"",""probe.wandb.name=intphys2__ltx__ltx_2b_0_9_8_distilled__mlp__slot_12__seed_102"",""probe.mlp.hidden_dims=[512]"",""probe.mlp.dropout=0.29125544112201668""]",results/verified_layerwise_probe_configs.csv,228,230,edf26969467373db,VERIFIED_FULL,"{""batch_size"":64,""depth_layer_id"":28,""dropout"":0.2912554411220167,""early_stopping"":{""enabled"":false,""patience"":5},""epochs"":500,""eval_batch_size"":1024,""feature_view"":""pooled"",""hidden_dims"":[512],""layer"":12,""lr"":0.0026598032438685847,""slot"":12,""weight_decay"":8.803810947733266e-05}",different_backbone_ablation/ltx_2b/intphys2/mlp/intphys2_probe_mlp_ltx_video_ltxv_2b_0_9_8_distilled_20260602T171552Z/layer_noise_0.8_block_28/train/optuna_summary.json
intphys2__ltx__ltx_2b_0_9_8_distilled__mlp__slot_16__seed_101,intphys2__ltx__ltx_2b_0_9_8_distilled__mlp__slot_16,train_eval.probe.intphys2,IntPhys2,intphys2,ltx,LTX-Video,LTX-2B,MLP,mlp,101,42,ltx_video,ltx_2b_0_9_8_distilled,16,16,noise_0.7_block_28,pooled,0.00030296104428212476,1.3689795993592185e-05,32,1024,500,false,5,"[1024,512,1024]",0.40406018978220848,,,,,cpu,artifacts/probes/intphys2,seed_runs_intphys2_ltx2b_linear_mlp/intphys2__ltx__ltx_2b_0_9_8_distilled__mlp__slot_16/seed_101,artifacts/results/intphys2,seed_runs_intphys2_ltx2b_linear_mlp/intphys2__ltx__ltx_2b_0_9_8_distilled__mlp__slot_16/seed_101,seed_runs_intphys2_ltx2b_linear_mlp_intphys2__ltx__ltx_2b_0_9_8_distilled__mlp__slot_16,intphys2__ltx__ltx_2b_0_9_8_distilled__mlp__slot_16__seed_101,pending,,"[""seed=101"",""split.seed=42"",""backbone.name=ltx_video"",""+backbone.kwargs.variant=ltx_2b_0_9_8_distilled"",""probe.name=mlp"",""probe.layer=16"",""probe.layers=[]"",""probe.feature_view=pooled"",""probe.device=cpu"",""probe.lr=0.00030296104428212476"",""probe.weight_decay=1.3689795993592185e-05"",""probe.batch_size=32"",""probe.eval_batch_size=1024"",""probe.epochs=500"",""probe.early_stopping.enabled=false"",""probe.early_stopping.patience=5"",""probe.optuna.enabled=false"",""probe.output_dir=artifacts/probes/intphys2"",""probe.output_subdir=seed_runs_intphys2_ltx2b_linear_mlp/intphys2__ltx__ltx_2b_0_9_8_distilled__mlp__slot_16/seed_101"",""probe.eval_output_dir=artifacts/results/intphys2"",""probe.eval_output_subdir=seed_runs_intphys2_ltx2b_linear_mlp/intphys2__ltx__ltx_2b_0_9_8_distilled__mlp__slot_16/seed_101"",""probe.wandb.group=seed_runs_intphys2_ltx2b_linear_mlp_intphys2__ltx__ltx_2b_0_9_8_distilled__mlp__slot_16"",""probe.wandb.name=intphys2__ltx__ltx_2b_0_9_8_distilled__mlp__slot_16__seed_101"",""probe.mlp.hidden_dims=[1024,512,1024]"",""probe.mlp.dropout=0.40406018978220848""]",results/verified_layerwise_probe_configs.csv,229,231,08fd6acc9f53a16e,VERIFIED_FULL,"{""batch_size"":32,""depth_layer_id"":28,""dropout"":0.4040601897822085,""early_stopping"":{""enabled"":false,""patience"":5},""epochs"":500,""eval_batch_size"":1024,""feature_view"":""pooled"",""hidden_dims"":[1024,512,1024],""layer"":16,""lr"":0.00030296104428212476,""slot"":16,""weight_decay"":1.3689795993592185e-05}",different_backbone_ablation/ltx_2b/intphys2/mlp/intphys2_probe_mlp_ltx_video_ltxv_2b_0_9_8_distilled_20260602T171552Z/layer_noise_0.7_block_28/train/optuna_summary.json
intphys2__ltx__ltx_2b_0_9_8_distilled__mlp__slot_16__seed_102,intphys2__ltx__ltx_2b_0_9_8_distilled__mlp__slot_16,train_eval.probe.intphys2,IntPhys2,intphys2,ltx,LTX-Video,LTX-2B,MLP,mlp,102,42,ltx_video,ltx_2b_0_9_8_distilled,16,16,noise_0.7_block_28,pooled,0.00030296104428212476,1.3689795993592185e-05,32,1024,500,false,5,"[1024,512,1024]",0.40406018978220848,,,,,cpu,artifacts/probes/intphys2,seed_runs_intphys2_ltx2b_linear_mlp/intphys2__ltx__ltx_2b_0_9_8_distilled__mlp__slot_16/seed_102,artifacts/results/intphys2,seed_runs_intphys2_ltx2b_linear_mlp/intphys2__ltx__ltx_2b_0_9_8_distilled__mlp__slot_16/seed_102,seed_runs_intphys2_ltx2b_linear_mlp_intphys2__ltx__ltx_2b_0_9_8_distilled__mlp__slot_16,intphys2__ltx__ltx_2b_0_9_8_distilled__mlp__slot_16__seed_102,pending,,"[""seed=102"",""split.seed=42"",""backbone.name=ltx_video"",""+backbone.kwargs.variant=ltx_2b_0_9_8_distilled"",""probe.name=mlp"",""probe.layer=16"",""probe.layers=[]"",""probe.feature_view=pooled"",""probe.device=cpu"",""probe.lr=0.00030296104428212476"",""probe.weight_decay=1.3689795993592185e-05"",""probe.batch_size=32"",""probe.eval_batch_size=1024"",""probe.epochs=500"",""probe.early_stopping.enabled=false"",""probe.early_stopping.patience=5"",""probe.optuna.enabled=false"",""probe.output_dir=artifacts/probes/intphys2"",""probe.output_subdir=seed_runs_intphys2_ltx2b_linear_mlp/intphys2__ltx__ltx_2b_0_9_8_distilled__mlp__slot_16/seed_102"",""probe.eval_output_dir=artifacts/results/intphys2"",""probe.eval_output_subdir=seed_runs_intphys2_ltx2b_linear_mlp/intphys2__ltx__ltx_2b_0_9_8_distilled__mlp__slot_16/seed_102"",""probe.wandb.group=seed_runs_intphys2_ltx2b_linear_mlp_intphys2__ltx__ltx_2b_0_9_8_distilled__mlp__slot_16"",""probe.wandb.name=intphys2__ltx__ltx_2b_0_9_8_distilled__mlp__slot_16__seed_102"",""probe.mlp.hidden_dims=[1024,512,1024]"",""probe.mlp.dropout=0.40406018978220848""]",results/verified_layerwise_probe_configs.csv,229,231,08fd6acc9f53a16e,VERIFIED_FULL,"{""batch_size"":32,""depth_layer_id"":28,""dropout"":0.4040601897822085,""early_stopping"":{""enabled"":false,""patience"":5},""epochs"":500,""eval_batch_size"":1024,""feature_view"":""pooled"",""hidden_dims"":[1024,512,1024],""layer"":16,""lr"":0.00030296104428212476,""slot"":16,""weight_decay"":1.3689795993592185e-05}",different_backbone_ablation/ltx_2b/intphys2/mlp/intphys2_probe_mlp_ltx_video_ltxv_2b_0_9_8_distilled_20260602T171552Z/layer_noise_0.7_block_28/train/optuna_summary.json
intphys2__ltx__ltx_2b_0_9_8_distilled__mlp__slot_20__seed_101,intphys2__ltx__ltx_2b_0_9_8_distilled__mlp__slot_20,train_eval.probe.intphys2,IntPhys2,intphys2,ltx,LTX-Video,LTX-2B,MLP,mlp,101,42,ltx_video,ltx_2b_0_9_8_distilled,20,20,noise_0.6_block_28,pooled,2.7207248059486674e-05,8.6440358952068192e-06,32,1024,50,false,5,[512],0.33878218092114121,,,,,cpu,artifacts/probes/intphys2,seed_runs_intphys2_ltx2b_linear_mlp/intphys2__ltx__ltx_2b_0_9_8_distilled__mlp__slot_20/seed_101,artifacts/results/intphys2,seed_runs_intphys2_ltx2b_linear_mlp/intphys2__ltx__ltx_2b_0_9_8_distilled__mlp__slot_20/seed_101,seed_runs_intphys2_ltx2b_linear_mlp_intphys2__ltx__ltx_2b_0_9_8_distilled__mlp__slot_20,intphys2__ltx__ltx_2b_0_9_8_distilled__mlp__slot_20__seed_101,pending,,"[""seed=101"",""split.seed=42"",""backbone.name=ltx_video"",""+backbone.kwargs.variant=ltx_2b_0_9_8_distilled"",""probe.name=mlp"",""probe.layer=20"",""probe.layers=[]"",""probe.feature_view=pooled"",""probe.device=cpu"",""probe.lr=2.7207248059486674e-05"",""probe.weight_decay=8.6440358952068192e-06"",""probe.batch_size=32"",""probe.eval_batch_size=1024"",""probe.epochs=50"",""probe.early_stopping.enabled=false"",""probe.early_stopping.patience=5"",""probe.optuna.enabled=false"",""probe.output_dir=artifacts/probes/intphys2"",""probe.output_subdir=seed_runs_intphys2_ltx2b_linear_mlp/intphys2__ltx__ltx_2b_0_9_8_distilled__mlp__slot_20/seed_101"",""probe.eval_output_dir=artifacts/results/intphys2"",""probe.eval_output_subdir=seed_runs_intphys2_ltx2b_linear_mlp/intphys2__ltx__ltx_2b_0_9_8_distilled__mlp__slot_20/seed_101"",""probe.wandb.group=seed_runs_intphys2_ltx2b_linear_mlp_intphys2__ltx__ltx_2b_0_9_8_distilled__mlp__slot_20"",""probe.wandb.name=intphys2__ltx__ltx_2b_0_9_8_distilled__mlp__slot_20__seed_101"",""probe.mlp.hidden_dims=[512]"",""probe.mlp.dropout=0.33878218092114121""]",results/verified_layerwise_probe_configs.csv,230,232,35fff128d1c5272e,VERIFIED_FULL,"{""batch_size"":32,""depth_layer_id"":28,""dropout"":0.3387821809211412,""early_stopping"":{""enabled"":false,""patience"":5},""epochs"":50,""eval_batch_size"":1024,""feature_view"":""pooled"",""hidden_dims"":[512],""layer"":20,""lr"":2.7207248059486674e-05,""slot"":20,""weight_decay"":8.64403589520682e-06}",different_backbone_ablation/ltx_2b/intphys2/mlp/intphys2_probe_mlp_ltx_video_ltxv_2b_0_9_8_distilled_20260602T171552Z/layer_noise_0.6_block_28/train/optuna_summary.json
intphys2__ltx__ltx_2b_0_9_8_distilled__mlp__slot_20__seed_102,intphys2__ltx__ltx_2b_0_9_8_distilled__mlp__slot_20,train_eval.probe.intphys2,IntPhys2,intphys2,ltx,LTX-Video,LTX-2B,MLP,mlp,102,42,ltx_video,ltx_2b_0_9_8_distilled,20,20,noise_0.6_block_28,pooled,2.7207248059486674e-05,8.6440358952068192e-06,32,1024,50,false,5,[512],0.33878218092114121,,,,,cpu,artifacts/probes/intphys2,seed_runs_intphys2_ltx2b_linear_mlp/intphys2__ltx__ltx_2b_0_9_8_distilled__mlp__slot_20/seed_102,artifacts/results/intphys2,seed_runs_intphys2_ltx2b_linear_mlp/intphys2__ltx__ltx_2b_0_9_8_distilled__mlp__slot_20/seed_102,seed_runs_intphys2_ltx2b_linear_mlp_intphys2__ltx__ltx_2b_0_9_8_distilled__mlp__slot_20,intphys2__ltx__ltx_2b_0_9_8_distilled__mlp__slot_20__seed_102,pending,,"[""seed=102"",""split.seed=42"",""backbone.name=ltx_video"",""+backbone.kwargs.variant=ltx_2b_0_9_8_distilled"",""probe.name=mlp"",""probe.layer=20"",""probe.layers=[]"",""probe.feature_view=pooled"",""probe.device=cpu"",""probe.lr=2.7207248059486674e-05"",""probe.weight_decay=8.6440358952068192e-06"",""probe.batch_size=32"",""probe.eval_batch_size=1024"",""probe.epochs=50"",""probe.early_stopping.enabled=false"",""probe.early_stopping.patience=5"",""probe.optuna.enabled=false"",""probe.output_dir=artifacts/probes/intphys2"",""probe.output_subdir=seed_runs_intphys2_ltx2b_linear_mlp/intphys2__ltx__ltx_2b_0_9_8_distilled__mlp__slot_20/seed_102"",""probe.eval_output_dir=artifacts/results/intphys2"",""probe.eval_output_subdir=seed_runs_intphys2_ltx2b_linear_mlp/intphys2__ltx__ltx_2b_0_9_8_distilled__mlp__slot_20/seed_102"",""probe.wandb.group=seed_runs_intphys2_ltx2b_linear_mlp_intphys2__ltx__ltx_2b_0_9_8_distilled__mlp__slot_20"",""probe.wandb.name=intphys2__ltx__ltx_2b_0_9_8_distilled__mlp__slot_20__seed_102"",""probe.mlp.hidden_dims=[512]"",""probe.mlp.dropout=0.33878218092114121""]",results/verified_layerwise_probe_configs.csv,230,232,35fff128d1c5272e,VERIFIED_FULL,"{""batch_size"":32,""depth_layer_id"":28,""dropout"":0.3387821809211412,""early_stopping"":{""enabled"":false,""patience"":5},""epochs"":50,""eval_batch_size"":1024,""feature_view"":""pooled"",""hidden_dims"":[512],""layer"":20,""lr"":2.7207248059486674e-05,""slot"":20,""weight_decay"":8.64403589520682e-06}",different_backbone_ablation/ltx_2b/intphys2/mlp/intphys2_probe_mlp_ltx_video_ltxv_2b_0_9_8_distilled_20260602T171552Z/layer_noise_0.6_block_28/train/optuna_summary.json
intphys2__ltx__ltx_2b_0_9_8_distilled__mlp__slot_24__seed_101,intphys2__ltx__ltx_2b_0_9_8_distilled__mlp__slot_24,train_eval.probe.intphys2,IntPhys2,intphys2,ltx,LTX-Video,LTX-2B,MLP,mlp,101,42,ltx_video,ltx_2b_0_9_8_distilled,24,24,noise_0.5_block_28,pooled,0.0068455702672729317,0.00037892283271019823,64,1024,20,false,5,"[1024,512,256]",0.19014648012590529,,,,,cpu,artifacts/probes/intphys2,seed_runs_intphys2_ltx2b_linear_mlp/intphys2__ltx__ltx_2b_0_9_8_distilled__mlp__slot_24/seed_101,artifacts/results/intphys2,seed_runs_intphys2_ltx2b_linear_mlp/intphys2__ltx__ltx_2b_0_9_8_distilled__mlp__slot_24/seed_101,seed_runs_intphys2_ltx2b_linear_mlp_intphys2__ltx__ltx_2b_0_9_8_distilled__mlp__slot_24,intphys2__ltx__ltx_2b_0_9_8_distilled__mlp__slot_24__seed_101,pending,,"[""seed=101"",""split.seed=42"",""backbone.name=ltx_video"",""+backbone.kwargs.variant=ltx_2b_0_9_8_distilled"",""probe.name=mlp"",""probe.layer=24"",""probe.layers=[]"",""probe.feature_view=pooled"",""probe.device=cpu"",""probe.lr=0.0068455702672729317"",""probe.weight_decay=0.00037892283271019823"",""probe.batch_size=64"",""probe.eval_batch_size=1024"",""probe.epochs=20"",""probe.early_stopping.enabled=false"",""probe.early_stopping.patience=5"",""probe.optuna.enabled=false"",""probe.output_dir=artifacts/probes/intphys2"",""probe.output_subdir=seed_runs_intphys2_ltx2b_linear_mlp/intphys2__ltx__ltx_2b_0_9_8_distilled__mlp__slot_24/seed_101"",""probe.eval_output_dir=artifacts/results/intphys2"",""probe.eval_output_subdir=seed_runs_intphys2_ltx2b_linear_mlp/intphys2__ltx__ltx_2b_0_9_8_distilled__mlp__slot_24/seed_101"",""probe.wandb.group=seed_runs_intphys2_ltx2b_linear_mlp_intphys2__ltx__ltx_2b_0_9_8_distilled__mlp__slot_24"",""probe.wandb.name=intphys2__ltx__ltx_2b_0_9_8_distilled__mlp__slot_24__seed_101"",""probe.mlp.hidden_dims=[1024,512,256]"",""probe.mlp.dropout=0.19014648012590529""]",results/verified_layerwise_probe_configs.csv,231,233,3aa959fc472f374c,VERIFIED_FULL,"{""batch_size"":64,""depth_layer_id"":28,""dropout"":0.1901464801259053,""early_stopping"":{""enabled"":false,""patience"":5},""epochs"":20,""eval_batch_size"":1024,""feature_view"":""pooled"",""hidden_dims"":[1024,512,256],""layer"":24,""lr"":0.006845570267272932,""slot"":24,""weight_decay"":0.00037892283271019823}",different_backbone_ablation/ltx_2b/intphys2/mlp/intphys2_probe_mlp_ltx_video_ltxv_2b_0_9_8_distilled_20260602T171552Z/layer_noise_0.5_block_28/train/optuna_summary.json
intphys2__ltx__ltx_2b_0_9_8_distilled__mlp__slot_24__seed_102,intphys2__ltx__ltx_2b_0_9_8_distilled__mlp__slot_24,train_eval.probe.intphys2,IntPhys2,intphys2,ltx,LTX-Video,LTX-2B,MLP,mlp,102,42,ltx_video,ltx_2b_0_9_8_distilled,24,24,noise_0.5_block_28,pooled,0.0068455702672729317,0.00037892283271019823,64,1024,20,false,5,"[1024,512,256]",0.19014648012590529,,,,,cpu,artifacts/probes/intphys2,seed_runs_intphys2_ltx2b_linear_mlp/intphys2__ltx__ltx_2b_0_9_8_distilled__mlp__slot_24/seed_102,artifacts/results/intphys2,seed_runs_intphys2_ltx2b_linear_mlp/intphys2__ltx__ltx_2b_0_9_8_distilled__mlp__slot_24/seed_102,seed_runs_intphys2_ltx2b_linear_mlp_intphys2__ltx__ltx_2b_0_9_8_distilled__mlp__slot_24,intphys2__ltx__ltx_2b_0_9_8_distilled__mlp__slot_24__seed_102,pending,,"[""seed=102"",""split.seed=42"",""backbone.name=ltx_video"",""+backbone.kwargs.variant=ltx_2b_0_9_8_distilled"",""probe.name=mlp"",""probe.layer=24"",""probe.layers=[]"",""probe.feature_view=pooled"",""probe.device=cpu"",""probe.lr=0.0068455702672729317"",""probe.weight_decay=0.00037892283271019823"",""probe.batch_size=64"",""probe.eval_batch_size=1024"",""probe.epochs=20"",""probe.early_stopping.enabled=false"",""probe.early_stopping.patience=5"",""probe.optuna.enabled=false"",""probe.output_dir=artifacts/probes/intphys2"",""probe.output_subdir=seed_runs_intphys2_ltx2b_linear_mlp/intphys2__ltx__ltx_2b_0_9_8_distilled__mlp__slot_24/seed_102"",""probe.eval_output_dir=artifacts/results/intphys2"",""probe.eval_output_subdir=seed_runs_intphys2_ltx2b_linear_mlp/intphys2__ltx__ltx_2b_0_9_8_distilled__mlp__slot_24/seed_102"",""probe.wandb.group=seed_runs_intphys2_ltx2b_linear_mlp_intphys2__ltx__ltx_2b_0_9_8_distilled__mlp__slot_24"",""probe.wandb.name=intphys2__ltx__ltx_2b_0_9_8_distilled__mlp__slot_24__seed_102"",""probe.mlp.hidden_dims=[1024,512,256]"",""probe.mlp.dropout=0.19014648012590529""]",results/verified_layerwise_probe_configs.csv,231,233,3aa959fc472f374c,VERIFIED_FULL,"{""batch_size"":64,""depth_layer_id"":28,""dropout"":0.1901464801259053,""early_stopping"":{""enabled"":false,""patience"":5},""epochs"":20,""eval_batch_size"":1024,""feature_view"":""pooled"",""hidden_dims"":[1024,512,256],""layer"":24,""lr"":0.006845570267272932,""slot"":24,""weight_decay"":0.00037892283271019823}",different_backbone_ablation/ltx_2b/intphys2/mlp/intphys2_probe_mlp_ltx_video_ltxv_2b_0_9_8_distilled_20260602T171552Z/layer_noise_0.5_block_28/train/optuna_summary.json
intphys2__ltx__ltx_2b_0_9_8_distilled__mlp__slot_28__seed_101,intphys2__ltx__ltx_2b_0_9_8_distilled__mlp__slot_28,train_eval.probe.intphys2,IntPhys2,intphys2,ltx,LTX-Video,LTX-2B,MLP,mlp,101,42,ltx_video,ltx_2b_0_9_8_distilled,28,28,noise_0.4_block_28,pooled,2.7207248059486674e-05,8.6440358952068192e-06,32,1024,50,false,5,[512],0.33878218092114121,,,,,cpu,artifacts/probes/intphys2,seed_runs_intphys2_ltx2b_linear_mlp/intphys2__ltx__ltx_2b_0_9_8_distilled__mlp__slot_28/seed_101,artifacts/results/intphys2,seed_runs_intphys2_ltx2b_linear_mlp/intphys2__ltx__ltx_2b_0_9_8_distilled__mlp__slot_28/seed_101,seed_runs_intphys2_ltx2b_linear_mlp_intphys2__ltx__ltx_2b_0_9_8_distilled__mlp__slot_28,intphys2__ltx__ltx_2b_0_9_8_distilled__mlp__slot_28__seed_101,pending,,"[""seed=101"",""split.seed=42"",""backbone.name=ltx_video"",""+backbone.kwargs.variant=ltx_2b_0_9_8_distilled"",""probe.name=mlp"",""probe.layer=28"",""probe.layers=[]"",""probe.feature_view=pooled"",""probe.device=cpu"",""probe.lr=2.7207248059486674e-05"",""probe.weight_decay=8.6440358952068192e-06"",""probe.batch_size=32"",""probe.eval_batch_size=1024"",""probe.epochs=50"",""probe.early_stopping.enabled=false"",""probe.early_stopping.patience=5"",""probe.optuna.enabled=false"",""probe.output_dir=artifacts/probes/intphys2"",""probe.output_subdir=seed_runs_intphys2_ltx2b_linear_mlp/intphys2__ltx__ltx_2b_0_9_8_distilled__mlp__slot_28/seed_101"",""probe.eval_output_dir=artifacts/results/intphys2"",""probe.eval_output_subdir=seed_runs_intphys2_ltx2b_linear_mlp/intphys2__ltx__ltx_2b_0_9_8_distilled__mlp__slot_28/seed_101"",""probe.wandb.group=seed_runs_intphys2_ltx2b_linear_mlp_intphys2__ltx__ltx_2b_0_9_8_distilled__mlp__slot_28"",""probe.wandb.name=intphys2__ltx__ltx_2b_0_9_8_distilled__mlp__slot_28__seed_101"",""probe.mlp.hidden_dims=[512]"",""probe.mlp.dropout=0.33878218092114121""]",results/verified_layerwise_probe_configs.csv,232,234,9c72000e304b56e6,VERIFIED_FULL,"{""batch_size"":32,""depth_layer_id"":28,""dropout"":0.3387821809211412,""early_stopping"":{""enabled"":false,""patience"":5},""epochs"":50,""eval_batch_size"":1024,""feature_view"":""pooled"",""hidden_dims"":[512],""layer"":28,""lr"":2.7207248059486674e-05,""slot"":28,""weight_decay"":8.64403589520682e-06}",different_backbone_ablation/ltx_2b/intphys2/mlp/intphys2_probe_mlp_ltx_video_ltxv_2b_0_9_8_distilled_20260602T171552Z/layer_noise_0.4_block_28/train/optuna_summary.json
intphys2__ltx__ltx_2b_0_9_8_distilled__mlp__slot_28__seed_102,intphys2__ltx__ltx_2b_0_9_8_distilled__mlp__slot_28,train_eval.probe.intphys2,IntPhys2,intphys2,ltx,LTX-Video,LTX-2B,MLP,mlp,102,42,ltx_video,ltx_2b_0_9_8_distilled,28,28,noise_0.4_block_28,pooled,2.7207248059486674e-05,8.6440358952068192e-06,32,1024,50,false,5,[512],0.33878218092114121,,,,,cpu,artifacts/probes/intphys2,seed_runs_intphys2_ltx2b_linear_mlp/intphys2__ltx__ltx_2b_0_9_8_distilled__mlp__slot_28/seed_102,artifacts/results/intphys2,seed_runs_intphys2_ltx2b_linear_mlp/intphys2__ltx__ltx_2b_0_9_8_distilled__mlp__slot_28/seed_102,seed_runs_intphys2_ltx2b_linear_mlp_intphys2__ltx__ltx_2b_0_9_8_distilled__mlp__slot_28,intphys2__ltx__ltx_2b_0_9_8_distilled__mlp__slot_28__seed_102,pending,,"[""seed=102"",""split.seed=42"",""backbone.name=ltx_video"",""+backbone.kwargs.variant=ltx_2b_0_9_8_distilled"",""probe.name=mlp"",""probe.layer=28"",""probe.layers=[]"",""probe.feature_view=pooled"",""probe.device=cpu"",""probe.lr=2.7207248059486674e-05"",""probe.weight_decay=8.6440358952068192e-06"",""probe.batch_size=32"",""probe.eval_batch_size=1024"",""probe.epochs=50"",""probe.early_stopping.enabled=false"",""probe.early_stopping.patience=5"",""probe.optuna.enabled=false"",""probe.output_dir=artifacts/probes/intphys2"",""probe.output_subdir=seed_runs_intphys2_ltx2b_linear_mlp/intphys2__ltx__ltx_2b_0_9_8_distilled__mlp__slot_28/seed_102"",""probe.eval_output_dir=artifacts/results/intphys2"",""probe.eval_output_subdir=seed_runs_intphys2_ltx2b_linear_mlp/intphys2__ltx__ltx_2b_0_9_8_distilled__mlp__slot_28/seed_102"",""probe.wandb.group=seed_runs_intphys2_ltx2b_linear_mlp_intphys2__ltx__ltx_2b_0_9_8_distilled__mlp__slot_28"",""probe.wandb.name=intphys2__ltx__ltx_2b_0_9_8_distilled__mlp__slot_28__seed_102"",""probe.mlp.hidden_dims=[512]"",""probe.mlp.dropout=0.33878218092114121""]",results/verified_layerwise_probe_configs.csv,232,234,9c72000e304b56e6,VERIFIED_FULL,"{""batch_size"":32,""depth_layer_id"":28,""dropout"":0.3387821809211412,""early_stopping"":{""enabled"":false,""patience"":5},""epochs"":50,""eval_batch_size"":1024,""feature_view"":""pooled"",""hidden_dims"":[512],""layer"":28,""lr"":2.7207248059486674e-05,""slot"":28,""weight_decay"":8.64403589520682e-06}",different_backbone_ablation/ltx_2b/intphys2/mlp/intphys2_probe_mlp_ltx_video_ltxv_2b_0_9_8_distilled_20260602T171552Z/layer_noise_0.4_block_28/train/optuna_summary.json
intphys2__ltx__ltx_2b_0_9_8_distilled__mlp__slot_32__seed_101,intphys2__ltx__ltx_2b_0_9_8_distilled__mlp__slot_32,train_eval.probe.intphys2,IntPhys2,intphys2,ltx,LTX-Video,LTX-2B,MLP,mlp,101,42,ltx_video,ltx_2b_0_9_8_distilled,32,32,noise_0.3_block_28,pooled,2.8002680028882618e-05,2.9428205405624815e-06,256,1024,50,false,5,[256],0.18627508845919871,,,,,cpu,artifacts/probes/intphys2,seed_runs_intphys2_ltx2b_linear_mlp/intphys2__ltx__ltx_2b_0_9_8_distilled__mlp__slot_32/seed_101,artifacts/results/intphys2,seed_runs_intphys2_ltx2b_linear_mlp/intphys2__ltx__ltx_2b_0_9_8_distilled__mlp__slot_32/seed_101,seed_runs_intphys2_ltx2b_linear_mlp_intphys2__ltx__ltx_2b_0_9_8_distilled__mlp__slot_32,intphys2__ltx__ltx_2b_0_9_8_distilled__mlp__slot_32__seed_101,pending,,"[""seed=101"",""split.seed=42"",""backbone.name=ltx_video"",""+backbone.kwargs.variant=ltx_2b_0_9_8_distilled"",""probe.name=mlp"",""probe.layer=32"",""probe.layers=[]"",""probe.feature_view=pooled"",""probe.device=cpu"",""probe.lr=2.8002680028882618e-05"",""probe.weight_decay=2.9428205405624815e-06"",""probe.batch_size=256"",""probe.eval_batch_size=1024"",""probe.epochs=50"",""probe.early_stopping.enabled=false"",""probe.early_stopping.patience=5"",""probe.optuna.enabled=false"",""probe.output_dir=artifacts/probes/intphys2"",""probe.output_subdir=seed_runs_intphys2_ltx2b_linear_mlp/intphys2__ltx__ltx_2b_0_9_8_distilled__mlp__slot_32/seed_101"",""probe.eval_output_dir=artifacts/results/intphys2"",""probe.eval_output_subdir=seed_runs_intphys2_ltx2b_linear_mlp/intphys2__ltx__ltx_2b_0_9_8_distilled__mlp__slot_32/seed_101"",""probe.wandb.group=seed_runs_intphys2_ltx2b_linear_mlp_intphys2__ltx__ltx_2b_0_9_8_distilled__mlp__slot_32"",""probe.wandb.name=intphys2__ltx__ltx_2b_0_9_8_distilled__mlp__slot_32__seed_101"",""probe.mlp.hidden_dims=[256]"",""probe.mlp.dropout=0.18627508845919871""]",results/verified_layerwise_probe_configs.csv,233,235,73d591a29861befa,VERIFIED_FULL,"{""batch_size"":256,""depth_layer_id"":28,""dropout"":0.1862750884591987,""early_stopping"":{""enabled"":false,""patience"":5},""epochs"":50,""eval_batch_size"":1024,""feature_view"":""pooled"",""hidden_dims"":[256],""layer"":32,""lr"":2.8002680028882618e-05,""slot"":32,""weight_decay"":2.9428205405624815e-06}",different_backbone_ablation/ltx_2b/intphys2/mlp/intphys2_probe_mlp_ltx_video_ltxv_2b_0_9_8_distilled_20260602T171553Z/layer_noise_0.3_block_28/train/optuna_summary.json
intphys2__ltx__ltx_2b_0_9_8_distilled__mlp__slot_32__seed_102,intphys2__ltx__ltx_2b_0_9_8_distilled__mlp__slot_32,train_eval.probe.intphys2,IntPhys2,intphys2,ltx,LTX-Video,LTX-2B,MLP,mlp,102,42,ltx_video,ltx_2b_0_9_8_distilled,32,32,noise_0.3_block_28,pooled,2.8002680028882618e-05,2.9428205405624815e-06,256,1024,50,false,5,[256],0.18627508845919871,,,,,cpu,artifacts/probes/intphys2,seed_runs_intphys2_ltx2b_linear_mlp/intphys2__ltx__ltx_2b_0_9_8_distilled__mlp__slot_32/seed_102,artifacts/results/intphys2,seed_runs_intphys2_ltx2b_linear_mlp/intphys2__ltx__ltx_2b_0_9_8_distilled__mlp__slot_32/seed_102,seed_runs_intphys2_ltx2b_linear_mlp_intphys2__ltx__ltx_2b_0_9_8_distilled__mlp__slot_32,intphys2__ltx__ltx_2b_0_9_8_distilled__mlp__slot_32__seed_102,pending,,"[""seed=102"",""split.seed=42"",""backbone.name=ltx_video"",""+backbone.kwargs.variant=ltx_2b_0_9_8_distilled"",""probe.name=mlp"",""probe.layer=32"",""probe.layers=[]"",""probe.feature_view=pooled"",""probe.device=cpu"",""probe.lr=2.8002680028882618e-05"",""probe.weight_decay=2.9428205405624815e-06"",""probe.batch_size=256"",""probe.eval_batch_size=1024"",""probe.epochs=50"",""probe.early_stopping.enabled=false"",""probe.early_stopping.patience=5"",""probe.optuna.enabled=false"",""probe.output_dir=artifacts/probes/intphys2"",""probe.output_subdir=seed_runs_intphys2_ltx2b_linear_mlp/intphys2__ltx__ltx_2b_0_9_8_distilled__mlp__slot_32/seed_102"",""probe.eval_output_dir=artifacts/results/intphys2"",""probe.eval_output_subdir=seed_runs_intphys2_ltx2b_linear_mlp/intphys2__ltx__ltx_2b_0_9_8_distilled__mlp__slot_32/seed_102"",""probe.wandb.group=seed_runs_intphys2_ltx2b_linear_mlp_intphys2__ltx__ltx_2b_0_9_8_distilled__mlp__slot_32"",""probe.wandb.name=intphys2__ltx__ltx_2b_0_9_8_distilled__mlp__slot_32__seed_102"",""probe.mlp.hidden_dims=[256]"",""probe.mlp.dropout=0.18627508845919871""]",results/verified_layerwise_probe_configs.csv,233,235,73d591a29861befa,VERIFIED_FULL,"{""batch_size"":256,""depth_layer_id"":28,""dropout"":0.1862750884591987,""early_stopping"":{""enabled"":false,""patience"":5},""epochs"":50,""eval_batch_size"":1024,""feature_view"":""pooled"",""hidden_dims"":[256],""layer"":32,""lr"":2.8002680028882618e-05,""slot"":32,""weight_decay"":2.9428205405624815e-06}",different_backbone_ablation/ltx_2b/intphys2/mlp/intphys2_probe_mlp_ltx_video_ltxv_2b_0_9_8_distilled_20260602T171553Z/layer_noise_0.3_block_28/train/optuna_summary.json
intphys2__ltx__ltx_2b_0_9_8_distilled__mlp__slot_36__seed_101,intphys2__ltx__ltx_2b_0_9_8_distilled__mlp__slot_36,train_eval.probe.intphys2,IntPhys2,intphys2,ltx,LTX-Video,LTX-2B,MLP,mlp,101,42,ltx_video,ltx_2b_0_9_8_distilled,36,36,noise_0.2_block_28,pooled,1.0788661515919544e-05,0.00077186397568879594,32,1024,100,false,5,"[1024,512,256]",0.17310129260878215,,,,,cpu,artifacts/probes/intphys2,seed_runs_intphys2_ltx2b_linear_mlp/intphys2__ltx__ltx_2b_0_9_8_distilled__mlp__slot_36/seed_101,artifacts/results/intphys2,seed_runs_intphys2_ltx2b_linear_mlp/intphys2__ltx__ltx_2b_0_9_8_distilled__mlp__slot_36/seed_101,seed_runs_intphys2_ltx2b_linear_mlp_intphys2__ltx__ltx_2b_0_9_8_distilled__mlp__slot_36,intphys2__ltx__ltx_2b_0_9_8_distilled__mlp__slot_36__seed_101,pending,,"[""seed=101"",""split.seed=42"",""backbone.name=ltx_video"",""+backbone.kwargs.variant=ltx_2b_0_9_8_distilled"",""probe.name=mlp"",""probe.layer=36"",""probe.layers=[]"",""probe.feature_view=pooled"",""probe.device=cpu"",""probe.lr=1.0788661515919544e-05"",""probe.weight_decay=0.00077186397568879594"",""probe.batch_size=32"",""probe.eval_batch_size=1024"",""probe.epochs=100"",""probe.early_stopping.enabled=false"",""probe.early_stopping.patience=5"",""probe.optuna.enabled=false"",""probe.output_dir=artifacts/probes/intphys2"",""probe.output_subdir=seed_runs_intphys2_ltx2b_linear_mlp/intphys2__ltx__ltx_2b_0_9_8_distilled__mlp__slot_36/seed_101"",""probe.eval_output_dir=artifacts/results/intphys2"",""probe.eval_output_subdir=seed_runs_intphys2_ltx2b_linear_mlp/intphys2__ltx__ltx_2b_0_9_8_distilled__mlp__slot_36/seed_101"",""probe.wandb.group=seed_runs_intphys2_ltx2b_linear_mlp_intphys2__ltx__ltx_2b_0_9_8_distilled__mlp__slot_36"",""probe.wandb.name=intphys2__ltx__ltx_2b_0_9_8_distilled__mlp__slot_36__seed_101"",""probe.mlp.hidden_dims=[1024,512,256]"",""probe.mlp.dropout=0.17310129260878215""]",results/verified_layerwise_probe_configs.csv,234,236,9bbe207b9b0319e0,VERIFIED_FULL,"{""batch_size"":32,""depth_layer_id"":28,""dropout"":0.17310129260878215,""early_stopping"":{""enabled"":false,""patience"":5},""epochs"":100,""eval_batch_size"":1024,""feature_view"":""pooled"",""hidden_dims"":[1024,512,256],""layer"":36,""lr"":1.0788661515919544e-05,""slot"":36,""weight_decay"":0.0007718639756887959}",different_backbone_ablation/ltx_2b/intphys2/mlp/intphys2_probe_mlp_ltx_video_ltxv_2b_0_9_8_distilled_20260602T171553Z/layer_noise_0.2_block_28/train/optuna_summary.json
intphys2__ltx__ltx_2b_0_9_8_distilled__mlp__slot_36__seed_102,intphys2__ltx__ltx_2b_0_9_8_distilled__mlp__slot_36,train_eval.probe.intphys2,IntPhys2,intphys2,ltx,LTX-Video,LTX-2B,MLP,mlp,102,42,ltx_video,ltx_2b_0_9_8_distilled,36,36,noise_0.2_block_28,pooled,1.0788661515919544e-05,0.00077186397568879594,32,1024,100,false,5,"[1024,512,256]",0.17310129260878215,,,,,cpu,artifacts/probes/intphys2,seed_runs_intphys2_ltx2b_linear_mlp/intphys2__ltx__ltx_2b_0_9_8_distilled__mlp__slot_36/seed_102,artifacts/results/intphys2,seed_runs_intphys2_ltx2b_linear_mlp/intphys2__ltx__ltx_2b_0_9_8_distilled__mlp__slot_36/seed_102,seed_runs_intphys2_ltx2b_linear_mlp_intphys2__ltx__ltx_2b_0_9_8_distilled__mlp__slot_36,intphys2__ltx__ltx_2b_0_9_8_distilled__mlp__slot_36__seed_102,pending,,"[""seed=102"",""split.seed=42"",""backbone.name=ltx_video"",""+backbone.kwargs.variant=ltx_2b_0_9_8_distilled"",""probe.name=mlp"",""probe.layer=36"",""probe.layers=[]"",""probe.feature_view=pooled"",""probe.device=cpu"",""probe.lr=1.0788661515919544e-05"",""probe.weight_decay=0.00077186397568879594"",""probe.batch_size=32"",""probe.eval_batch_size=1024"",""probe.epochs=100"",""probe.early_stopping.enabled=false"",""probe.early_stopping.patience=5"",""probe.optuna.enabled=false"",""probe.output_dir=artifacts/probes/intphys2"",""probe.output_subdir=seed_runs_intphys2_ltx2b_linear_mlp/intphys2__ltx__ltx_2b_0_9_8_distilled__mlp__slot_36/seed_102"",""probe.eval_output_dir=artifacts/results/intphys2"",""probe.eval_output_subdir=seed_runs_intphys2_ltx2b_linear_mlp/intphys2__ltx__ltx_2b_0_9_8_distilled__mlp__slot_36/seed_102"",""probe.wandb.group=seed_runs_intphys2_ltx2b_linear_mlp_intphys2__ltx__ltx_2b_0_9_8_distilled__mlp__slot_36"",""probe.wandb.name=intphys2__ltx__ltx_2b_0_9_8_distilled__mlp__slot_36__seed_102"",""probe.mlp.hidden_dims=[1024,512,256]"",""probe.mlp.dropout=0.17310129260878215""]",results/verified_layerwise_probe_configs.csv,234,236,9bbe207b9b0319e0,VERIFIED_FULL,"{""batch_size"":32,""depth_layer_id"":28,""dropout"":0.17310129260878215,""early_stopping"":{""enabled"":false,""patience"":5},""epochs"":100,""eval_batch_size"":1024,""feature_view"":""pooled"",""hidden_dims"":[1024,512,256],""layer"":36,""lr"":1.0788661515919544e-05,""slot"":36,""weight_decay"":0.0007718639756887959}",different_backbone_ablation/ltx_2b/intphys2/mlp/intphys2_probe_mlp_ltx_video_ltxv_2b_0_9_8_distilled_20260602T171553Z/layer_noise_0.2_block_28/train/optuna_summary.json
intphys2__ltx__ltx_2b_0_9_8_distilled__mlp__slot_40__seed_101,intphys2__ltx__ltx_2b_0_9_8_distilled__mlp__slot_40,train_eval.probe.intphys2,IntPhys2,intphys2,ltx,LTX-Video,LTX-2B,MLP,mlp,101,42,ltx_video,ltx_2b_0_9_8_distilled,40,40,noise_0.1_block_28,pooled,7.4763120622523026e-05,4.689400963537693e-05,256,1024,20,false,5,"[512,256]",0.048836057003191935,,,,,cpu,artifacts/probes/intphys2,seed_runs_intphys2_ltx2b_linear_mlp/intphys2__ltx__ltx_2b_0_9_8_distilled__mlp__slot_40/seed_101,artifacts/results/intphys2,seed_runs_intphys2_ltx2b_linear_mlp/intphys2__ltx__ltx_2b_0_9_8_distilled__mlp__slot_40/seed_101,seed_runs_intphys2_ltx2b_linear_mlp_intphys2__ltx__ltx_2b_0_9_8_distilled__mlp__slot_40,intphys2__ltx__ltx_2b_0_9_8_distilled__mlp__slot_40__seed_101,pending,,"[""seed=101"",""split.seed=42"",""backbone.name=ltx_video"",""+backbone.kwargs.variant=ltx_2b_0_9_8_distilled"",""probe.name=mlp"",""probe.layer=40"",""probe.layers=[]"",""probe.feature_view=pooled"",""probe.device=cpu"",""probe.lr=7.4763120622523026e-05"",""probe.weight_decay=4.689400963537693e-05"",""probe.batch_size=256"",""probe.eval_batch_size=1024"",""probe.epochs=20"",""probe.early_stopping.enabled=false"",""probe.early_stopping.patience=5"",""probe.optuna.enabled=false"",""probe.output_dir=artifacts/probes/intphys2"",""probe.output_subdir=seed_runs_intphys2_ltx2b_linear_mlp/intphys2__ltx__ltx_2b_0_9_8_distilled__mlp__slot_40/seed_101"",""probe.eval_output_dir=artifacts/results/intphys2"",""probe.eval_output_subdir=seed_runs_intphys2_ltx2b_linear_mlp/intphys2__ltx__ltx_2b_0_9_8_distilled__mlp__slot_40/seed_101"",""probe.wandb.group=seed_runs_intphys2_ltx2b_linear_mlp_intphys2__ltx__ltx_2b_0_9_8_distilled__mlp__slot_40"",""probe.wandb.name=intphys2__ltx__ltx_2b_0_9_8_distilled__mlp__slot_40__seed_101"",""probe.mlp.hidden_dims=[512,256]"",""probe.mlp.dropout=0.048836057003191935""]",results/verified_layerwise_probe_configs.csv,235,237,ff8411627b11125e,VERIFIED_FULL,"{""batch_size"":256,""depth_layer_id"":28,""dropout"":0.048836057003191935,""early_stopping"":{""enabled"":false,""patience"":5},""epochs"":20,""eval_batch_size"":1024,""feature_view"":""pooled"",""hidden_dims"":[512,256],""layer"":40,""lr"":7.476312062252303e-05,""slot"":40,""weight_decay"":4.689400963537693e-05}",different_backbone_ablation/ltx_2b/intphys2/mlp/intphys2_probe_mlp_ltx_video_ltxv_2b_0_9_8_distilled_20260602T171553Z/layer_noise_0.1_block_28/train/optuna_summary.json
intphys2__ltx__ltx_2b_0_9_8_distilled__mlp__slot_40__seed_102,intphys2__ltx__ltx_2b_0_9_8_distilled__mlp__slot_40,train_eval.probe.intphys2,IntPhys2,intphys2,ltx,LTX-Video,LTX-2B,MLP,mlp,102,42,ltx_video,ltx_2b_0_9_8_distilled,40,40,noise_0.1_block_28,pooled,7.4763120622523026e-05,4.689400963537693e-05,256,1024,20,false,5,"[512,256]",0.048836057003191935,,,,,cpu,artifacts/probes/intphys2,seed_runs_intphys2_ltx2b_linear_mlp/intphys2__ltx__ltx_2b_0_9_8_distilled__mlp__slot_40/seed_102,artifacts/results/intphys2,seed_runs_intphys2_ltx2b_linear_mlp/intphys2__ltx__ltx_2b_0_9_8_distilled__mlp__slot_40/seed_102,seed_runs_intphys2_ltx2b_linear_mlp_intphys2__ltx__ltx_2b_0_9_8_distilled__mlp__slot_40,intphys2__ltx__ltx_2b_0_9_8_distilled__mlp__slot_40__seed_102,pending,,"[""seed=102"",""split.seed=42"",""backbone.name=ltx_video"",""+backbone.kwargs.variant=ltx_2b_0_9_8_distilled"",""probe.name=mlp"",""probe.layer=40"",""probe.layers=[]"",""probe.feature_view=pooled"",""probe.device=cpu"",""probe.lr=7.4763120622523026e-05"",""probe.weight_decay=4.689400963537693e-05"",""probe.batch_size=256"",""probe.eval_batch_size=1024"",""probe.epochs=20"",""probe.early_stopping.enabled=false"",""probe.early_stopping.patience=5"",""probe.optuna.enabled=false"",""probe.output_dir=artifacts/probes/intphys2"",""probe.output_subdir=seed_runs_intphys2_ltx2b_linear_mlp/intphys2__ltx__ltx_2b_0_9_8_distilled__mlp__slot_40/seed_102"",""probe.eval_output_dir=artifacts/results/intphys2"",""probe.eval_output_subdir=seed_runs_intphys2_ltx2b_linear_mlp/intphys2__ltx__ltx_2b_0_9_8_distilled__mlp__slot_40/seed_102"",""probe.wandb.group=seed_runs_intphys2_ltx2b_linear_mlp_intphys2__ltx__ltx_2b_0_9_8_distilled__mlp__slot_40"",""probe.wandb.name=intphys2__ltx__ltx_2b_0_9_8_distilled__mlp__slot_40__seed_102"",""probe.mlp.hidden_dims=[512,256]"",""probe.mlp.dropout=0.048836057003191935""]",results/verified_layerwise_probe_configs.csv,235,237,ff8411627b11125e,VERIFIED_FULL,"{""batch_size"":256,""depth_layer_id"":28,""dropout"":0.048836057003191935,""early_stopping"":{""enabled"":false,""patience"":5},""epochs"":20,""eval_batch_size"":1024,""feature_view"":""pooled"",""hidden_dims"":[512,256],""layer"":40,""lr"":7.476312062252303e-05,""slot"":40,""weight_decay"":4.689400963537693e-05}",different_backbone_ablation/ltx_2b/intphys2/mlp/intphys2_probe_mlp_ltx_video_ltxv_2b_0_9_8_distilled_20260602T171553Z/layer_noise_0.1_block_28/train/optuna_summary.json
