run_id,config_id,run_command,dataset,dataset_hydra,experiment,model,backbone,probe,probe_hydra,seed,original_seed,backbone_name,backbone_variant,layer,selected_slot,layer_label,feature_view,lr,weight_decay,batch_size,eval_batch_size,epochs,early_stopping_enabled,early_stopping_patience,mlp_hidden_dims,mlp_dropout,temporal_num_heads,temporal_num_self_attn_blocks,temporal_mlp_ratio,temporal_dropout,probe_device,probe_output_dir,probe_output_subdir,eval_output_dir,eval_output_subdir,wandb_group,wandb_name,status,blocked_reason,hydra_overrides_json,source_csv_path,source_csv_row_index,source_csv_line_number,source_row_sha256,source_config_status,source_config_json,source_evidence_path
intphys2__ltx_video__linear__slot_1__seed_101,intphys2__ltx_video__linear__slot_1,train_eval.probe.intphys2,IntPhys2,intphys2,ltx,LTX-Video,LTX-13B,Linear,linear,101,42,ltx_video,ltxv_13b_0_9_8_distilled,1,1,noise_1.0_block_12,pooled,0.0001329291894316216,0.005061576888752304,32,1024,50,false,5,,,,,,,cpu,artifacts/probes/intphys2,seed_runs_intphys2_ltx13b_linear_mlp/intphys2__ltx_video__linear__slot_1/seed_101,artifacts/results/intphys2,seed_runs_intphys2_ltx13b_linear_mlp/intphys2__ltx_video__linear__slot_1/seed_101,seed_runs_intphys2_ltx13b_linear_mlp_intphys2__ltx_video__linear__slot_1,intphys2__ltx_video__linear__slot_1__seed_101,pending,,"[""seed=101"",""split.seed=42"",""backbone.name=ltx_video"",""+backbone.kwargs.variant=ltxv_13b_0_9_8_distilled"",""probe.name=linear"",""probe.layer=1"",""probe.layers=[]"",""probe.feature_view=pooled"",""probe.device=cpu"",""probe.lr=0.0001329291894316216"",""probe.weight_decay=0.005061576888752304"",""probe.batch_size=32"",""probe.eval_batch_size=1024"",""probe.epochs=50"",""probe.early_stopping.enabled=false"",""probe.early_stopping.patience=5"",""probe.optuna.enabled=false"",""probe.output_dir=artifacts/probes/intphys2"",""probe.output_subdir=seed_runs_intphys2_ltx13b_linear_mlp/intphys2__ltx_video__linear__slot_1/seed_101"",""probe.eval_output_dir=artifacts/results/intphys2"",""probe.eval_output_subdir=seed_runs_intphys2_ltx13b_linear_mlp/intphys2__ltx_video__linear__slot_1/seed_101"",""probe.wandb.group=seed_runs_intphys2_ltx13b_linear_mlp_intphys2__ltx_video__linear__slot_1"",""probe.wandb.name=intphys2__ltx_video__linear__slot_1__seed_101""]",results/verified_layerwise_probe_configs.csv,240,242,494bed9cd31da6c5,VERIFIED_FULL,"{""batch_size"":32,""depth_layer_id"":12,""early_stopping"":{""enabled"":true,""patience"":5},""epochs"":50,""feature_view"":""pooled"",""layer"":1,""lr"":0.0001329291894316216,""slot"":1,""weight_decay"":0.005061576888752304}",output/training/intphys2/linear/intphys2_ltx_linear_layers_22572277.out
intphys2__ltx_video__linear__slot_1__seed_102,intphys2__ltx_video__linear__slot_1,train_eval.probe.intphys2,IntPhys2,intphys2,ltx,LTX-Video,LTX-13B,Linear,linear,102,42,ltx_video,ltxv_13b_0_9_8_distilled,1,1,noise_1.0_block_12,pooled,0.0001329291894316216,0.005061576888752304,32,1024,50,false,5,,,,,,,cpu,artifacts/probes/intphys2,seed_runs_intphys2_ltx13b_linear_mlp/intphys2__ltx_video__linear__slot_1/seed_102,artifacts/results/intphys2,seed_runs_intphys2_ltx13b_linear_mlp/intphys2__ltx_video__linear__slot_1/seed_102,seed_runs_intphys2_ltx13b_linear_mlp_intphys2__ltx_video__linear__slot_1,intphys2__ltx_video__linear__slot_1__seed_102,pending,,"[""seed=102"",""split.seed=42"",""backbone.name=ltx_video"",""+backbone.kwargs.variant=ltxv_13b_0_9_8_distilled"",""probe.name=linear"",""probe.layer=1"",""probe.layers=[]"",""probe.feature_view=pooled"",""probe.device=cpu"",""probe.lr=0.0001329291894316216"",""probe.weight_decay=0.005061576888752304"",""probe.batch_size=32"",""probe.eval_batch_size=1024"",""probe.epochs=50"",""probe.early_stopping.enabled=false"",""probe.early_stopping.patience=5"",""probe.optuna.enabled=false"",""probe.output_dir=artifacts/probes/intphys2"",""probe.output_subdir=seed_runs_intphys2_ltx13b_linear_mlp/intphys2__ltx_video__linear__slot_1/seed_102"",""probe.eval_output_dir=artifacts/results/intphys2"",""probe.eval_output_subdir=seed_runs_intphys2_ltx13b_linear_mlp/intphys2__ltx_video__linear__slot_1/seed_102"",""probe.wandb.group=seed_runs_intphys2_ltx13b_linear_mlp_intphys2__ltx_video__linear__slot_1"",""probe.wandb.name=intphys2__ltx_video__linear__slot_1__seed_102""]",results/verified_layerwise_probe_configs.csv,240,242,494bed9cd31da6c5,VERIFIED_FULL,"{""batch_size"":32,""depth_layer_id"":12,""early_stopping"":{""enabled"":true,""patience"":5},""epochs"":50,""feature_view"":""pooled"",""layer"":1,""lr"":0.0001329291894316216,""slot"":1,""weight_decay"":0.005061576888752304}",output/training/intphys2/linear/intphys2_ltx_linear_layers_22572277.out
intphys2__ltx_video__linear__slot_2__seed_101,intphys2__ltx_video__linear__slot_2,train_eval.probe.intphys2,IntPhys2,intphys2,ltx,LTX-Video,LTX-13B,Linear,linear,101,42,ltx_video,ltxv_13b_0_9_8_distilled,2,2,noise_1.0_block_24,pooled,0.0001329291894316216,0.005061576888752304,32,1024,50,false,5,,,,,,,cpu,artifacts/probes/intphys2,seed_runs_intphys2_ltx13b_linear_mlp/intphys2__ltx_video__linear__slot_2/seed_101,artifacts/results/intphys2,seed_runs_intphys2_ltx13b_linear_mlp/intphys2__ltx_video__linear__slot_2/seed_101,seed_runs_intphys2_ltx13b_linear_mlp_intphys2__ltx_video__linear__slot_2,intphys2__ltx_video__linear__slot_2__seed_101,pending,,"[""seed=101"",""split.seed=42"",""backbone.name=ltx_video"",""+backbone.kwargs.variant=ltxv_13b_0_9_8_distilled"",""probe.name=linear"",""probe.layer=2"",""probe.layers=[]"",""probe.feature_view=pooled"",""probe.device=cpu"",""probe.lr=0.0001329291894316216"",""probe.weight_decay=0.005061576888752304"",""probe.batch_size=32"",""probe.eval_batch_size=1024"",""probe.epochs=50"",""probe.early_stopping.enabled=false"",""probe.early_stopping.patience=5"",""probe.optuna.enabled=false"",""probe.output_dir=artifacts/probes/intphys2"",""probe.output_subdir=seed_runs_intphys2_ltx13b_linear_mlp/intphys2__ltx_video__linear__slot_2/seed_101"",""probe.eval_output_dir=artifacts/results/intphys2"",""probe.eval_output_subdir=seed_runs_intphys2_ltx13b_linear_mlp/intphys2__ltx_video__linear__slot_2/seed_101"",""probe.wandb.group=seed_runs_intphys2_ltx13b_linear_mlp_intphys2__ltx_video__linear__slot_2"",""probe.wandb.name=intphys2__ltx_video__linear__slot_2__seed_101""]",results/verified_layerwise_probe_configs.csv,241,243,fcf1864d73b22f8e,VERIFIED_FULL,"{""batch_size"":32,""depth_layer_id"":24,""early_stopping"":{""enabled"":true,""patience"":5},""epochs"":50,""feature_view"":""pooled"",""layer"":2,""lr"":0.0001329291894316216,""slot"":2,""weight_decay"":0.005061576888752304}",output/training/intphys2/linear/intphys2_ltx_linear_layers_22572277.out
intphys2__ltx_video__linear__slot_2__seed_102,intphys2__ltx_video__linear__slot_2,train_eval.probe.intphys2,IntPhys2,intphys2,ltx,LTX-Video,LTX-13B,Linear,linear,102,42,ltx_video,ltxv_13b_0_9_8_distilled,2,2,noise_1.0_block_24,pooled,0.0001329291894316216,0.005061576888752304,32,1024,50,false,5,,,,,,,cpu,artifacts/probes/intphys2,seed_runs_intphys2_ltx13b_linear_mlp/intphys2__ltx_video__linear__slot_2/seed_102,artifacts/results/intphys2,seed_runs_intphys2_ltx13b_linear_mlp/intphys2__ltx_video__linear__slot_2/seed_102,seed_runs_intphys2_ltx13b_linear_mlp_intphys2__ltx_video__linear__slot_2,intphys2__ltx_video__linear__slot_2__seed_102,pending,,"[""seed=102"",""split.seed=42"",""backbone.name=ltx_video"",""+backbone.kwargs.variant=ltxv_13b_0_9_8_distilled"",""probe.name=linear"",""probe.layer=2"",""probe.layers=[]"",""probe.feature_view=pooled"",""probe.device=cpu"",""probe.lr=0.0001329291894316216"",""probe.weight_decay=0.005061576888752304"",""probe.batch_size=32"",""probe.eval_batch_size=1024"",""probe.epochs=50"",""probe.early_stopping.enabled=false"",""probe.early_stopping.patience=5"",""probe.optuna.enabled=false"",""probe.output_dir=artifacts/probes/intphys2"",""probe.output_subdir=seed_runs_intphys2_ltx13b_linear_mlp/intphys2__ltx_video__linear__slot_2/seed_102"",""probe.eval_output_dir=artifacts/results/intphys2"",""probe.eval_output_subdir=seed_runs_intphys2_ltx13b_linear_mlp/intphys2__ltx_video__linear__slot_2/seed_102"",""probe.wandb.group=seed_runs_intphys2_ltx13b_linear_mlp_intphys2__ltx_video__linear__slot_2"",""probe.wandb.name=intphys2__ltx_video__linear__slot_2__seed_102""]",results/verified_layerwise_probe_configs.csv,241,243,fcf1864d73b22f8e,VERIFIED_FULL,"{""batch_size"":32,""depth_layer_id"":24,""early_stopping"":{""enabled"":true,""patience"":5},""epochs"":50,""feature_view"":""pooled"",""layer"":2,""lr"":0.0001329291894316216,""slot"":2,""weight_decay"":0.005061576888752304}",output/training/intphys2/linear/intphys2_ltx_linear_layers_22572277.out
intphys2__ltx_video__linear__slot_3__seed_101,intphys2__ltx_video__linear__slot_3,train_eval.probe.intphys2,IntPhys2,intphys2,ltx,LTX-Video,LTX-13B,Linear,linear,101,42,ltx_video,ltxv_13b_0_9_8_distilled,3,3,noise_1.0_block_36,pooled,0.0001329291894316216,0.005061576888752304,32,1024,50,false,5,,,,,,,cpu,artifacts/probes/intphys2,seed_runs_intphys2_ltx13b_linear_mlp/intphys2__ltx_video__linear__slot_3/seed_101,artifacts/results/intphys2,seed_runs_intphys2_ltx13b_linear_mlp/intphys2__ltx_video__linear__slot_3/seed_101,seed_runs_intphys2_ltx13b_linear_mlp_intphys2__ltx_video__linear__slot_3,intphys2__ltx_video__linear__slot_3__seed_101,pending,,"[""seed=101"",""split.seed=42"",""backbone.name=ltx_video"",""+backbone.kwargs.variant=ltxv_13b_0_9_8_distilled"",""probe.name=linear"",""probe.layer=3"",""probe.layers=[]"",""probe.feature_view=pooled"",""probe.device=cpu"",""probe.lr=0.0001329291894316216"",""probe.weight_decay=0.005061576888752304"",""probe.batch_size=32"",""probe.eval_batch_size=1024"",""probe.epochs=50"",""probe.early_stopping.enabled=false"",""probe.early_stopping.patience=5"",""probe.optuna.enabled=false"",""probe.output_dir=artifacts/probes/intphys2"",""probe.output_subdir=seed_runs_intphys2_ltx13b_linear_mlp/intphys2__ltx_video__linear__slot_3/seed_101"",""probe.eval_output_dir=artifacts/results/intphys2"",""probe.eval_output_subdir=seed_runs_intphys2_ltx13b_linear_mlp/intphys2__ltx_video__linear__slot_3/seed_101"",""probe.wandb.group=seed_runs_intphys2_ltx13b_linear_mlp_intphys2__ltx_video__linear__slot_3"",""probe.wandb.name=intphys2__ltx_video__linear__slot_3__seed_101""]",results/verified_layerwise_probe_configs.csv,242,244,526ed95208ab75c1,VERIFIED_FULL,"{""batch_size"":32,""depth_layer_id"":36,""early_stopping"":{""enabled"":true,""patience"":5},""epochs"":50,""feature_view"":""pooled"",""layer"":3,""lr"":0.0001329291894316216,""slot"":3,""weight_decay"":0.005061576888752304}",output/training/intphys2/linear/intphys2_ltx_linear_layers_22572277.out
intphys2__ltx_video__linear__slot_3__seed_102,intphys2__ltx_video__linear__slot_3,train_eval.probe.intphys2,IntPhys2,intphys2,ltx,LTX-Video,LTX-13B,Linear,linear,102,42,ltx_video,ltxv_13b_0_9_8_distilled,3,3,noise_1.0_block_36,pooled,0.0001329291894316216,0.005061576888752304,32,1024,50,false,5,,,,,,,cpu,artifacts/probes/intphys2,seed_runs_intphys2_ltx13b_linear_mlp/intphys2__ltx_video__linear__slot_3/seed_102,artifacts/results/intphys2,seed_runs_intphys2_ltx13b_linear_mlp/intphys2__ltx_video__linear__slot_3/seed_102,seed_runs_intphys2_ltx13b_linear_mlp_intphys2__ltx_video__linear__slot_3,intphys2__ltx_video__linear__slot_3__seed_102,pending,,"[""seed=102"",""split.seed=42"",""backbone.name=ltx_video"",""+backbone.kwargs.variant=ltxv_13b_0_9_8_distilled"",""probe.name=linear"",""probe.layer=3"",""probe.layers=[]"",""probe.feature_view=pooled"",""probe.device=cpu"",""probe.lr=0.0001329291894316216"",""probe.weight_decay=0.005061576888752304"",""probe.batch_size=32"",""probe.eval_batch_size=1024"",""probe.epochs=50"",""probe.early_stopping.enabled=false"",""probe.early_stopping.patience=5"",""probe.optuna.enabled=false"",""probe.output_dir=artifacts/probes/intphys2"",""probe.output_subdir=seed_runs_intphys2_ltx13b_linear_mlp/intphys2__ltx_video__linear__slot_3/seed_102"",""probe.eval_output_dir=artifacts/results/intphys2"",""probe.eval_output_subdir=seed_runs_intphys2_ltx13b_linear_mlp/intphys2__ltx_video__linear__slot_3/seed_102"",""probe.wandb.group=seed_runs_intphys2_ltx13b_linear_mlp_intphys2__ltx_video__linear__slot_3"",""probe.wandb.name=intphys2__ltx_video__linear__slot_3__seed_102""]",results/verified_layerwise_probe_configs.csv,242,244,526ed95208ab75c1,VERIFIED_FULL,"{""batch_size"":32,""depth_layer_id"":36,""early_stopping"":{""enabled"":true,""patience"":5},""epochs"":50,""feature_view"":""pooled"",""layer"":3,""lr"":0.0001329291894316216,""slot"":3,""weight_decay"":0.005061576888752304}",output/training/intphys2/linear/intphys2_ltx_linear_layers_22572277.out
intphys2__ltx_video__linear__slot_4__seed_101,intphys2__ltx_video__linear__slot_4,train_eval.probe.intphys2,IntPhys2,intphys2,ltx,LTX-Video,LTX-13B,Linear,linear,101,42,ltx_video,ltxv_13b_0_9_8_distilled,4,4,noise_1.0_block_48,pooled,0.0001329291894316216,0.005061576888752304,32,1024,50,false,5,,,,,,,cpu,artifacts/probes/intphys2,seed_runs_intphys2_ltx13b_linear_mlp/intphys2__ltx_video__linear__slot_4/seed_101,artifacts/results/intphys2,seed_runs_intphys2_ltx13b_linear_mlp/intphys2__ltx_video__linear__slot_4/seed_101,seed_runs_intphys2_ltx13b_linear_mlp_intphys2__ltx_video__linear__slot_4,intphys2__ltx_video__linear__slot_4__seed_101,pending,,"[""seed=101"",""split.seed=42"",""backbone.name=ltx_video"",""+backbone.kwargs.variant=ltxv_13b_0_9_8_distilled"",""probe.name=linear"",""probe.layer=4"",""probe.layers=[]"",""probe.feature_view=pooled"",""probe.device=cpu"",""probe.lr=0.0001329291894316216"",""probe.weight_decay=0.005061576888752304"",""probe.batch_size=32"",""probe.eval_batch_size=1024"",""probe.epochs=50"",""probe.early_stopping.enabled=false"",""probe.early_stopping.patience=5"",""probe.optuna.enabled=false"",""probe.output_dir=artifacts/probes/intphys2"",""probe.output_subdir=seed_runs_intphys2_ltx13b_linear_mlp/intphys2__ltx_video__linear__slot_4/seed_101"",""probe.eval_output_dir=artifacts/results/intphys2"",""probe.eval_output_subdir=seed_runs_intphys2_ltx13b_linear_mlp/intphys2__ltx_video__linear__slot_4/seed_101"",""probe.wandb.group=seed_runs_intphys2_ltx13b_linear_mlp_intphys2__ltx_video__linear__slot_4"",""probe.wandb.name=intphys2__ltx_video__linear__slot_4__seed_101""]",results/verified_layerwise_probe_configs.csv,243,245,bee0135c1d841523,VERIFIED_FULL,"{""batch_size"":32,""depth_layer_id"":48,""early_stopping"":{""enabled"":true,""patience"":5},""epochs"":50,""feature_view"":""pooled"",""layer"":4,""lr"":0.0001329291894316216,""slot"":4,""weight_decay"":0.005061576888752304}",output/training/intphys2/linear/intphys2_ltx_linear_layers_22572277.out
intphys2__ltx_video__linear__slot_4__seed_102,intphys2__ltx_video__linear__slot_4,train_eval.probe.intphys2,IntPhys2,intphys2,ltx,LTX-Video,LTX-13B,Linear,linear,102,42,ltx_video,ltxv_13b_0_9_8_distilled,4,4,noise_1.0_block_48,pooled,0.0001329291894316216,0.005061576888752304,32,1024,50,false,5,,,,,,,cpu,artifacts/probes/intphys2,seed_runs_intphys2_ltx13b_linear_mlp/intphys2__ltx_video__linear__slot_4/seed_102,artifacts/results/intphys2,seed_runs_intphys2_ltx13b_linear_mlp/intphys2__ltx_video__linear__slot_4/seed_102,seed_runs_intphys2_ltx13b_linear_mlp_intphys2__ltx_video__linear__slot_4,intphys2__ltx_video__linear__slot_4__seed_102,pending,,"[""seed=102"",""split.seed=42"",""backbone.name=ltx_video"",""+backbone.kwargs.variant=ltxv_13b_0_9_8_distilled"",""probe.name=linear"",""probe.layer=4"",""probe.layers=[]"",""probe.feature_view=pooled"",""probe.device=cpu"",""probe.lr=0.0001329291894316216"",""probe.weight_decay=0.005061576888752304"",""probe.batch_size=32"",""probe.eval_batch_size=1024"",""probe.epochs=50"",""probe.early_stopping.enabled=false"",""probe.early_stopping.patience=5"",""probe.optuna.enabled=false"",""probe.output_dir=artifacts/probes/intphys2"",""probe.output_subdir=seed_runs_intphys2_ltx13b_linear_mlp/intphys2__ltx_video__linear__slot_4/seed_102"",""probe.eval_output_dir=artifacts/results/intphys2"",""probe.eval_output_subdir=seed_runs_intphys2_ltx13b_linear_mlp/intphys2__ltx_video__linear__slot_4/seed_102"",""probe.wandb.group=seed_runs_intphys2_ltx13b_linear_mlp_intphys2__ltx_video__linear__slot_4"",""probe.wandb.name=intphys2__ltx_video__linear__slot_4__seed_102""]",results/verified_layerwise_probe_configs.csv,243,245,bee0135c1d841523,VERIFIED_FULL,"{""batch_size"":32,""depth_layer_id"":48,""early_stopping"":{""enabled"":true,""patience"":5},""epochs"":50,""feature_view"":""pooled"",""layer"":4,""lr"":0.0001329291894316216,""slot"":4,""weight_decay"":0.005061576888752304}",output/training/intphys2/linear/intphys2_ltx_linear_layers_22572277.out
intphys2__ltx_video__linear__slot_5__seed_101,intphys2__ltx_video__linear__slot_5,train_eval.probe.intphys2,IntPhys2,intphys2,ltx,LTX-Video,LTX-13B,Linear,linear,101,42,ltx_video,ltxv_13b_0_9_8_distilled,5,5,noise_0.9_block_12,pooled,0.00019762189340280086,5.589524205217922e-07,32,1024,50,false,5,,,,,,,cpu,artifacts/probes/intphys2,seed_runs_intphys2_ltx13b_linear_mlp/intphys2__ltx_video__linear__slot_5/seed_101,artifacts/results/intphys2,seed_runs_intphys2_ltx13b_linear_mlp/intphys2__ltx_video__linear__slot_5/seed_101,seed_runs_intphys2_ltx13b_linear_mlp_intphys2__ltx_video__linear__slot_5,intphys2__ltx_video__linear__slot_5__seed_101,pending,,"[""seed=101"",""split.seed=42"",""backbone.name=ltx_video"",""+backbone.kwargs.variant=ltxv_13b_0_9_8_distilled"",""probe.name=linear"",""probe.layer=5"",""probe.layers=[]"",""probe.feature_view=pooled"",""probe.device=cpu"",""probe.lr=0.00019762189340280086"",""probe.weight_decay=5.589524205217922e-07"",""probe.batch_size=32"",""probe.eval_batch_size=1024"",""probe.epochs=50"",""probe.early_stopping.enabled=false"",""probe.early_stopping.patience=5"",""probe.optuna.enabled=false"",""probe.output_dir=artifacts/probes/intphys2"",""probe.output_subdir=seed_runs_intphys2_ltx13b_linear_mlp/intphys2__ltx_video__linear__slot_5/seed_101"",""probe.eval_output_dir=artifacts/results/intphys2"",""probe.eval_output_subdir=seed_runs_intphys2_ltx13b_linear_mlp/intphys2__ltx_video__linear__slot_5/seed_101"",""probe.wandb.group=seed_runs_intphys2_ltx13b_linear_mlp_intphys2__ltx_video__linear__slot_5"",""probe.wandb.name=intphys2__ltx_video__linear__slot_5__seed_101""]",results/verified_layerwise_probe_configs.csv,244,246,fff57830a22f4033,VERIFIED_FULL,"{""batch_size"":32,""depth_layer_id"":12,""early_stopping"":{""enabled"":true,""patience"":5},""epochs"":50,""feature_view"":""pooled"",""layer"":5,""lr"":0.00019762189340280086,""slot"":5,""weight_decay"":5.589524205217922e-07}",output/training/intphys2/linear/intphys2_ltx_linear_layers_22572277.out
intphys2__ltx_video__linear__slot_5__seed_102,intphys2__ltx_video__linear__slot_5,train_eval.probe.intphys2,IntPhys2,intphys2,ltx,LTX-Video,LTX-13B,Linear,linear,102,42,ltx_video,ltxv_13b_0_9_8_distilled,5,5,noise_0.9_block_12,pooled,0.00019762189340280086,5.589524205217922e-07,32,1024,50,false,5,,,,,,,cpu,artifacts/probes/intphys2,seed_runs_intphys2_ltx13b_linear_mlp/intphys2__ltx_video__linear__slot_5/seed_102,artifacts/results/intphys2,seed_runs_intphys2_ltx13b_linear_mlp/intphys2__ltx_video__linear__slot_5/seed_102,seed_runs_intphys2_ltx13b_linear_mlp_intphys2__ltx_video__linear__slot_5,intphys2__ltx_video__linear__slot_5__seed_102,pending,,"[""seed=102"",""split.seed=42"",""backbone.name=ltx_video"",""+backbone.kwargs.variant=ltxv_13b_0_9_8_distilled"",""probe.name=linear"",""probe.layer=5"",""probe.layers=[]"",""probe.feature_view=pooled"",""probe.device=cpu"",""probe.lr=0.00019762189340280086"",""probe.weight_decay=5.589524205217922e-07"",""probe.batch_size=32"",""probe.eval_batch_size=1024"",""probe.epochs=50"",""probe.early_stopping.enabled=false"",""probe.early_stopping.patience=5"",""probe.optuna.enabled=false"",""probe.output_dir=artifacts/probes/intphys2"",""probe.output_subdir=seed_runs_intphys2_ltx13b_linear_mlp/intphys2__ltx_video__linear__slot_5/seed_102"",""probe.eval_output_dir=artifacts/results/intphys2"",""probe.eval_output_subdir=seed_runs_intphys2_ltx13b_linear_mlp/intphys2__ltx_video__linear__slot_5/seed_102"",""probe.wandb.group=seed_runs_intphys2_ltx13b_linear_mlp_intphys2__ltx_video__linear__slot_5"",""probe.wandb.name=intphys2__ltx_video__linear__slot_5__seed_102""]",results/verified_layerwise_probe_configs.csv,244,246,fff57830a22f4033,VERIFIED_FULL,"{""batch_size"":32,""depth_layer_id"":12,""early_stopping"":{""enabled"":true,""patience"":5},""epochs"":50,""feature_view"":""pooled"",""layer"":5,""lr"":0.00019762189340280086,""slot"":5,""weight_decay"":5.589524205217922e-07}",output/training/intphys2/linear/intphys2_ltx_linear_layers_22572277.out
intphys2__ltx_video__linear__slot_6__seed_101,intphys2__ltx_video__linear__slot_6,train_eval.probe.intphys2,IntPhys2,intphys2,ltx,LTX-Video,LTX-13B,Linear,linear,101,42,ltx_video,ltxv_13b_0_9_8_distilled,6,6,noise_0.9_block_24,pooled,0.00939359302419437,0.0006666105389316685,32,1024,50,false,5,,,,,,,cpu,artifacts/probes/intphys2,seed_runs_intphys2_ltx13b_linear_mlp/intphys2__ltx_video__linear__slot_6/seed_101,artifacts/results/intphys2,seed_runs_intphys2_ltx13b_linear_mlp/intphys2__ltx_video__linear__slot_6/seed_101,seed_runs_intphys2_ltx13b_linear_mlp_intphys2__ltx_video__linear__slot_6,intphys2__ltx_video__linear__slot_6__seed_101,pending,,"[""seed=101"",""split.seed=42"",""backbone.name=ltx_video"",""+backbone.kwargs.variant=ltxv_13b_0_9_8_distilled"",""probe.name=linear"",""probe.layer=6"",""probe.layers=[]"",""probe.feature_view=pooled"",""probe.device=cpu"",""probe.lr=0.00939359302419437"",""probe.weight_decay=0.0006666105389316685"",""probe.batch_size=32"",""probe.eval_batch_size=1024"",""probe.epochs=50"",""probe.early_stopping.enabled=false"",""probe.early_stopping.patience=5"",""probe.optuna.enabled=false"",""probe.output_dir=artifacts/probes/intphys2"",""probe.output_subdir=seed_runs_intphys2_ltx13b_linear_mlp/intphys2__ltx_video__linear__slot_6/seed_101"",""probe.eval_output_dir=artifacts/results/intphys2"",""probe.eval_output_subdir=seed_runs_intphys2_ltx13b_linear_mlp/intphys2__ltx_video__linear__slot_6/seed_101"",""probe.wandb.group=seed_runs_intphys2_ltx13b_linear_mlp_intphys2__ltx_video__linear__slot_6"",""probe.wandb.name=intphys2__ltx_video__linear__slot_6__seed_101""]",results/verified_layerwise_probe_configs.csv,245,247,4c5c25e81ef57e2c,VERIFIED_FULL,"{""batch_size"":32,""depth_layer_id"":24,""early_stopping"":{""enabled"":true,""patience"":5},""epochs"":50,""feature_view"":""pooled"",""layer"":6,""lr"":0.00939359302419437,""slot"":6,""weight_decay"":0.0006666105389316685}",output/training/intphys2/linear/intphys2_ltx_linear_layers_22572277.out
intphys2__ltx_video__linear__slot_6__seed_102,intphys2__ltx_video__linear__slot_6,train_eval.probe.intphys2,IntPhys2,intphys2,ltx,LTX-Video,LTX-13B,Linear,linear,102,42,ltx_video,ltxv_13b_0_9_8_distilled,6,6,noise_0.9_block_24,pooled,0.00939359302419437,0.0006666105389316685,32,1024,50,false,5,,,,,,,cpu,artifacts/probes/intphys2,seed_runs_intphys2_ltx13b_linear_mlp/intphys2__ltx_video__linear__slot_6/seed_102,artifacts/results/intphys2,seed_runs_intphys2_ltx13b_linear_mlp/intphys2__ltx_video__linear__slot_6/seed_102,seed_runs_intphys2_ltx13b_linear_mlp_intphys2__ltx_video__linear__slot_6,intphys2__ltx_video__linear__slot_6__seed_102,pending,,"[""seed=102"",""split.seed=42"",""backbone.name=ltx_video"",""+backbone.kwargs.variant=ltxv_13b_0_9_8_distilled"",""probe.name=linear"",""probe.layer=6"",""probe.layers=[]"",""probe.feature_view=pooled"",""probe.device=cpu"",""probe.lr=0.00939359302419437"",""probe.weight_decay=0.0006666105389316685"",""probe.batch_size=32"",""probe.eval_batch_size=1024"",""probe.epochs=50"",""probe.early_stopping.enabled=false"",""probe.early_stopping.patience=5"",""probe.optuna.enabled=false"",""probe.output_dir=artifacts/probes/intphys2"",""probe.output_subdir=seed_runs_intphys2_ltx13b_linear_mlp/intphys2__ltx_video__linear__slot_6/seed_102"",""probe.eval_output_dir=artifacts/results/intphys2"",""probe.eval_output_subdir=seed_runs_intphys2_ltx13b_linear_mlp/intphys2__ltx_video__linear__slot_6/seed_102"",""probe.wandb.group=seed_runs_intphys2_ltx13b_linear_mlp_intphys2__ltx_video__linear__slot_6"",""probe.wandb.name=intphys2__ltx_video__linear__slot_6__seed_102""]",results/verified_layerwise_probe_configs.csv,245,247,4c5c25e81ef57e2c,VERIFIED_FULL,"{""batch_size"":32,""depth_layer_id"":24,""early_stopping"":{""enabled"":true,""patience"":5},""epochs"":50,""feature_view"":""pooled"",""layer"":6,""lr"":0.00939359302419437,""slot"":6,""weight_decay"":0.0006666105389316685}",output/training/intphys2/linear/intphys2_ltx_linear_layers_22572277.out
intphys2__ltx_video__linear__slot_7__seed_101,intphys2__ltx_video__linear__slot_7,train_eval.probe.intphys2,IntPhys2,intphys2,ltx,LTX-Video,LTX-13B,Linear,linear,101,42,ltx_video,ltxv_13b_0_9_8_distilled,7,7,noise_0.9_block_36,pooled,8.200518402245828e-05,3.855073690026179e-08,32,1024,50,false,5,,,,,,,cpu,artifacts/probes/intphys2,seed_runs_intphys2_ltx13b_linear_mlp/intphys2__ltx_video__linear__slot_7/seed_101,artifacts/results/intphys2,seed_runs_intphys2_ltx13b_linear_mlp/intphys2__ltx_video__linear__slot_7/seed_101,seed_runs_intphys2_ltx13b_linear_mlp_intphys2__ltx_video__linear__slot_7,intphys2__ltx_video__linear__slot_7__seed_101,pending,,"[""seed=101"",""split.seed=42"",""backbone.name=ltx_video"",""+backbone.kwargs.variant=ltxv_13b_0_9_8_distilled"",""probe.name=linear"",""probe.layer=7"",""probe.layers=[]"",""probe.feature_view=pooled"",""probe.device=cpu"",""probe.lr=8.200518402245828e-05"",""probe.weight_decay=3.855073690026179e-08"",""probe.batch_size=32"",""probe.eval_batch_size=1024"",""probe.epochs=50"",""probe.early_stopping.enabled=false"",""probe.early_stopping.patience=5"",""probe.optuna.enabled=false"",""probe.output_dir=artifacts/probes/intphys2"",""probe.output_subdir=seed_runs_intphys2_ltx13b_linear_mlp/intphys2__ltx_video__linear__slot_7/seed_101"",""probe.eval_output_dir=artifacts/results/intphys2"",""probe.eval_output_subdir=seed_runs_intphys2_ltx13b_linear_mlp/intphys2__ltx_video__linear__slot_7/seed_101"",""probe.wandb.group=seed_runs_intphys2_ltx13b_linear_mlp_intphys2__ltx_video__linear__slot_7"",""probe.wandb.name=intphys2__ltx_video__linear__slot_7__seed_101""]",results/verified_layerwise_probe_configs.csv,246,248,9c6b088d63cdd758,VERIFIED_FULL,"{""batch_size"":32,""depth_layer_id"":36,""early_stopping"":{""enabled"":true,""patience"":5},""epochs"":50,""feature_view"":""pooled"",""layer"":7,""lr"":8.200518402245828e-05,""slot"":7,""weight_decay"":3.855073690026179e-08}",output/training/intphys2/linear/intphys2_ltx_linear_layers_22572277.out
intphys2__ltx_video__linear__slot_7__seed_102,intphys2__ltx_video__linear__slot_7,train_eval.probe.intphys2,IntPhys2,intphys2,ltx,LTX-Video,LTX-13B,Linear,linear,102,42,ltx_video,ltxv_13b_0_9_8_distilled,7,7,noise_0.9_block_36,pooled,8.200518402245828e-05,3.855073690026179e-08,32,1024,50,false,5,,,,,,,cpu,artifacts/probes/intphys2,seed_runs_intphys2_ltx13b_linear_mlp/intphys2__ltx_video__linear__slot_7/seed_102,artifacts/results/intphys2,seed_runs_intphys2_ltx13b_linear_mlp/intphys2__ltx_video__linear__slot_7/seed_102,seed_runs_intphys2_ltx13b_linear_mlp_intphys2__ltx_video__linear__slot_7,intphys2__ltx_video__linear__slot_7__seed_102,pending,,"[""seed=102"",""split.seed=42"",""backbone.name=ltx_video"",""+backbone.kwargs.variant=ltxv_13b_0_9_8_distilled"",""probe.name=linear"",""probe.layer=7"",""probe.layers=[]"",""probe.feature_view=pooled"",""probe.device=cpu"",""probe.lr=8.200518402245828e-05"",""probe.weight_decay=3.855073690026179e-08"",""probe.batch_size=32"",""probe.eval_batch_size=1024"",""probe.epochs=50"",""probe.early_stopping.enabled=false"",""probe.early_stopping.patience=5"",""probe.optuna.enabled=false"",""probe.output_dir=artifacts/probes/intphys2"",""probe.output_subdir=seed_runs_intphys2_ltx13b_linear_mlp/intphys2__ltx_video__linear__slot_7/seed_102"",""probe.eval_output_dir=artifacts/results/intphys2"",""probe.eval_output_subdir=seed_runs_intphys2_ltx13b_linear_mlp/intphys2__ltx_video__linear__slot_7/seed_102"",""probe.wandb.group=seed_runs_intphys2_ltx13b_linear_mlp_intphys2__ltx_video__linear__slot_7"",""probe.wandb.name=intphys2__ltx_video__linear__slot_7__seed_102""]",results/verified_layerwise_probe_configs.csv,246,248,9c6b088d63cdd758,VERIFIED_FULL,"{""batch_size"":32,""depth_layer_id"":36,""early_stopping"":{""enabled"":true,""patience"":5},""epochs"":50,""feature_view"":""pooled"",""layer"":7,""lr"":8.200518402245828e-05,""slot"":7,""weight_decay"":3.855073690026179e-08}",output/training/intphys2/linear/intphys2_ltx_linear_layers_22572277.out
intphys2__ltx_video__linear__slot_8__seed_101,intphys2__ltx_video__linear__slot_8,train_eval.probe.intphys2,IntPhys2,intphys2,ltx,LTX-Video,LTX-13B,Linear,linear,101,42,ltx_video,ltxv_13b_0_9_8_distilled,8,8,noise_0.9_block_48,pooled,0.0006218704727769079,0.0033981724150106006,256,1024,100,false,5,,,,,,,cpu,artifacts/probes/intphys2,seed_runs_intphys2_ltx13b_linear_mlp/intphys2__ltx_video__linear__slot_8/seed_101,artifacts/results/intphys2,seed_runs_intphys2_ltx13b_linear_mlp/intphys2__ltx_video__linear__slot_8/seed_101,seed_runs_intphys2_ltx13b_linear_mlp_intphys2__ltx_video__linear__slot_8,intphys2__ltx_video__linear__slot_8__seed_101,pending,,"[""seed=101"",""split.seed=42"",""backbone.name=ltx_video"",""+backbone.kwargs.variant=ltxv_13b_0_9_8_distilled"",""probe.name=linear"",""probe.layer=8"",""probe.layers=[]"",""probe.feature_view=pooled"",""probe.device=cpu"",""probe.lr=0.0006218704727769079"",""probe.weight_decay=0.0033981724150106006"",""probe.batch_size=256"",""probe.eval_batch_size=1024"",""probe.epochs=100"",""probe.early_stopping.enabled=false"",""probe.early_stopping.patience=5"",""probe.optuna.enabled=false"",""probe.output_dir=artifacts/probes/intphys2"",""probe.output_subdir=seed_runs_intphys2_ltx13b_linear_mlp/intphys2__ltx_video__linear__slot_8/seed_101"",""probe.eval_output_dir=artifacts/results/intphys2"",""probe.eval_output_subdir=seed_runs_intphys2_ltx13b_linear_mlp/intphys2__ltx_video__linear__slot_8/seed_101"",""probe.wandb.group=seed_runs_intphys2_ltx13b_linear_mlp_intphys2__ltx_video__linear__slot_8"",""probe.wandb.name=intphys2__ltx_video__linear__slot_8__seed_101""]",results/verified_layerwise_probe_configs.csv,247,249,b387e6035613014a,VERIFIED_FULL,"{""batch_size"":256,""depth_layer_id"":48,""early_stopping"":{""enabled"":true,""patience"":5},""epochs"":100,""feature_view"":""pooled"",""layer"":8,""lr"":0.0006218704727769079,""slot"":8,""weight_decay"":0.0033981724150106006}",output/training/intphys2/linear/intphys2_ltx_linear_layers_22572277.out
intphys2__ltx_video__linear__slot_8__seed_102,intphys2__ltx_video__linear__slot_8,train_eval.probe.intphys2,IntPhys2,intphys2,ltx,LTX-Video,LTX-13B,Linear,linear,102,42,ltx_video,ltxv_13b_0_9_8_distilled,8,8,noise_0.9_block_48,pooled,0.0006218704727769079,0.0033981724150106006,256,1024,100,false,5,,,,,,,cpu,artifacts/probes/intphys2,seed_runs_intphys2_ltx13b_linear_mlp/intphys2__ltx_video__linear__slot_8/seed_102,artifacts/results/intphys2,seed_runs_intphys2_ltx13b_linear_mlp/intphys2__ltx_video__linear__slot_8/seed_102,seed_runs_intphys2_ltx13b_linear_mlp_intphys2__ltx_video__linear__slot_8,intphys2__ltx_video__linear__slot_8__seed_102,pending,,"[""seed=102"",""split.seed=42"",""backbone.name=ltx_video"",""+backbone.kwargs.variant=ltxv_13b_0_9_8_distilled"",""probe.name=linear"",""probe.layer=8"",""probe.layers=[]"",""probe.feature_view=pooled"",""probe.device=cpu"",""probe.lr=0.0006218704727769079"",""probe.weight_decay=0.0033981724150106006"",""probe.batch_size=256"",""probe.eval_batch_size=1024"",""probe.epochs=100"",""probe.early_stopping.enabled=false"",""probe.early_stopping.patience=5"",""probe.optuna.enabled=false"",""probe.output_dir=artifacts/probes/intphys2"",""probe.output_subdir=seed_runs_intphys2_ltx13b_linear_mlp/intphys2__ltx_video__linear__slot_8/seed_102"",""probe.eval_output_dir=artifacts/results/intphys2"",""probe.eval_output_subdir=seed_runs_intphys2_ltx13b_linear_mlp/intphys2__ltx_video__linear__slot_8/seed_102"",""probe.wandb.group=seed_runs_intphys2_ltx13b_linear_mlp_intphys2__ltx_video__linear__slot_8"",""probe.wandb.name=intphys2__ltx_video__linear__slot_8__seed_102""]",results/verified_layerwise_probe_configs.csv,247,249,b387e6035613014a,VERIFIED_FULL,"{""batch_size"":256,""depth_layer_id"":48,""early_stopping"":{""enabled"":true,""patience"":5},""epochs"":100,""feature_view"":""pooled"",""layer"":8,""lr"":0.0006218704727769079,""slot"":8,""weight_decay"":0.0033981724150106006}",output/training/intphys2/linear/intphys2_ltx_linear_layers_22572277.out
intphys2__ltx_video__linear__slot_9__seed_101,intphys2__ltx_video__linear__slot_9,train_eval.probe.intphys2,IntPhys2,intphys2,ltx,LTX-Video,LTX-13B,Linear,linear,101,42,ltx_video,ltxv_13b_0_9_8_distilled,9,9,noise_0.8_block_12,pooled,0.006845570267272932,0.00012759580872512692,64,1024,20,false,5,,,,,,,cpu,artifacts/probes/intphys2,seed_runs_intphys2_ltx13b_linear_mlp/intphys2__ltx_video__linear__slot_9/seed_101,artifacts/results/intphys2,seed_runs_intphys2_ltx13b_linear_mlp/intphys2__ltx_video__linear__slot_9/seed_101,seed_runs_intphys2_ltx13b_linear_mlp_intphys2__ltx_video__linear__slot_9,intphys2__ltx_video__linear__slot_9__seed_101,pending,,"[""seed=101"",""split.seed=42"",""backbone.name=ltx_video"",""+backbone.kwargs.variant=ltxv_13b_0_9_8_distilled"",""probe.name=linear"",""probe.layer=9"",""probe.layers=[]"",""probe.feature_view=pooled"",""probe.device=cpu"",""probe.lr=0.006845570267272932"",""probe.weight_decay=0.00012759580872512692"",""probe.batch_size=64"",""probe.eval_batch_size=1024"",""probe.epochs=20"",""probe.early_stopping.enabled=false"",""probe.early_stopping.patience=5"",""probe.optuna.enabled=false"",""probe.output_dir=artifacts/probes/intphys2"",""probe.output_subdir=seed_runs_intphys2_ltx13b_linear_mlp/intphys2__ltx_video__linear__slot_9/seed_101"",""probe.eval_output_dir=artifacts/results/intphys2"",""probe.eval_output_subdir=seed_runs_intphys2_ltx13b_linear_mlp/intphys2__ltx_video__linear__slot_9/seed_101"",""probe.wandb.group=seed_runs_intphys2_ltx13b_linear_mlp_intphys2__ltx_video__linear__slot_9"",""probe.wandb.name=intphys2__ltx_video__linear__slot_9__seed_101""]",results/verified_layerwise_probe_configs.csv,248,250,cf098dcd1ec71e48,VERIFIED_FULL,"{""batch_size"":64,""depth_layer_id"":12,""early_stopping"":{""enabled"":true,""patience"":5},""epochs"":20,""feature_view"":""pooled"",""layer"":9,""lr"":0.006845570267272932,""slot"":9,""weight_decay"":0.00012759580872512692}",output/training/intphys2/linear/intphys2_ltx_linear_layers_22572277.out
intphys2__ltx_video__linear__slot_9__seed_102,intphys2__ltx_video__linear__slot_9,train_eval.probe.intphys2,IntPhys2,intphys2,ltx,LTX-Video,LTX-13B,Linear,linear,102,42,ltx_video,ltxv_13b_0_9_8_distilled,9,9,noise_0.8_block_12,pooled,0.006845570267272932,0.00012759580872512692,64,1024,20,false,5,,,,,,,cpu,artifacts/probes/intphys2,seed_runs_intphys2_ltx13b_linear_mlp/intphys2__ltx_video__linear__slot_9/seed_102,artifacts/results/intphys2,seed_runs_intphys2_ltx13b_linear_mlp/intphys2__ltx_video__linear__slot_9/seed_102,seed_runs_intphys2_ltx13b_linear_mlp_intphys2__ltx_video__linear__slot_9,intphys2__ltx_video__linear__slot_9__seed_102,pending,,"[""seed=102"",""split.seed=42"",""backbone.name=ltx_video"",""+backbone.kwargs.variant=ltxv_13b_0_9_8_distilled"",""probe.name=linear"",""probe.layer=9"",""probe.layers=[]"",""probe.feature_view=pooled"",""probe.device=cpu"",""probe.lr=0.006845570267272932"",""probe.weight_decay=0.00012759580872512692"",""probe.batch_size=64"",""probe.eval_batch_size=1024"",""probe.epochs=20"",""probe.early_stopping.enabled=false"",""probe.early_stopping.patience=5"",""probe.optuna.enabled=false"",""probe.output_dir=artifacts/probes/intphys2"",""probe.output_subdir=seed_runs_intphys2_ltx13b_linear_mlp/intphys2__ltx_video__linear__slot_9/seed_102"",""probe.eval_output_dir=artifacts/results/intphys2"",""probe.eval_output_subdir=seed_runs_intphys2_ltx13b_linear_mlp/intphys2__ltx_video__linear__slot_9/seed_102"",""probe.wandb.group=seed_runs_intphys2_ltx13b_linear_mlp_intphys2__ltx_video__linear__slot_9"",""probe.wandb.name=intphys2__ltx_video__linear__slot_9__seed_102""]",results/verified_layerwise_probe_configs.csv,248,250,cf098dcd1ec71e48,VERIFIED_FULL,"{""batch_size"":64,""depth_layer_id"":12,""early_stopping"":{""enabled"":true,""patience"":5},""epochs"":20,""feature_view"":""pooled"",""layer"":9,""lr"":0.006845570267272932,""slot"":9,""weight_decay"":0.00012759580872512692}",output/training/intphys2/linear/intphys2_ltx_linear_layers_22572277.out
intphys2__ltx_video__linear__slot_10__seed_101,intphys2__ltx_video__linear__slot_10,train_eval.probe.intphys2,IntPhys2,intphys2,ltx,LTX-Video,LTX-13B,Linear,linear,101,42,ltx_video,ltxv_13b_0_9_8_distilled,10,10,noise_0.8_block_24,pooled,0.003307247541444052,2.8140356683288743e-07,64,1024,20,false,5,,,,,,,cpu,artifacts/probes/intphys2,seed_runs_intphys2_ltx13b_linear_mlp/intphys2__ltx_video__linear__slot_10/seed_101,artifacts/results/intphys2,seed_runs_intphys2_ltx13b_linear_mlp/intphys2__ltx_video__linear__slot_10/seed_101,seed_runs_intphys2_ltx13b_linear_mlp_intphys2__ltx_video__linear__slot_10,intphys2__ltx_video__linear__slot_10__seed_101,pending,,"[""seed=101"",""split.seed=42"",""backbone.name=ltx_video"",""+backbone.kwargs.variant=ltxv_13b_0_9_8_distilled"",""probe.name=linear"",""probe.layer=10"",""probe.layers=[]"",""probe.feature_view=pooled"",""probe.device=cpu"",""probe.lr=0.003307247541444052"",""probe.weight_decay=2.8140356683288743e-07"",""probe.batch_size=64"",""probe.eval_batch_size=1024"",""probe.epochs=20"",""probe.early_stopping.enabled=false"",""probe.early_stopping.patience=5"",""probe.optuna.enabled=false"",""probe.output_dir=artifacts/probes/intphys2"",""probe.output_subdir=seed_runs_intphys2_ltx13b_linear_mlp/intphys2__ltx_video__linear__slot_10/seed_101"",""probe.eval_output_dir=artifacts/results/intphys2"",""probe.eval_output_subdir=seed_runs_intphys2_ltx13b_linear_mlp/intphys2__ltx_video__linear__slot_10/seed_101"",""probe.wandb.group=seed_runs_intphys2_ltx13b_linear_mlp_intphys2__ltx_video__linear__slot_10"",""probe.wandb.name=intphys2__ltx_video__linear__slot_10__seed_101""]",results/verified_layerwise_probe_configs.csv,249,251,6938bc81a454a500,VERIFIED_FULL,"{""batch_size"":64,""depth_layer_id"":24,""early_stopping"":{""enabled"":true,""patience"":5},""epochs"":20,""feature_view"":""pooled"",""layer"":10,""lr"":0.003307247541444052,""slot"":10,""weight_decay"":2.8140356683288743e-07}",output/training/intphys2/linear/intphys2_ltx_linear_layers_22572277.out
intphys2__ltx_video__linear__slot_10__seed_102,intphys2__ltx_video__linear__slot_10,train_eval.probe.intphys2,IntPhys2,intphys2,ltx,LTX-Video,LTX-13B,Linear,linear,102,42,ltx_video,ltxv_13b_0_9_8_distilled,10,10,noise_0.8_block_24,pooled,0.003307247541444052,2.8140356683288743e-07,64,1024,20,false,5,,,,,,,cpu,artifacts/probes/intphys2,seed_runs_intphys2_ltx13b_linear_mlp/intphys2__ltx_video__linear__slot_10/seed_102,artifacts/results/intphys2,seed_runs_intphys2_ltx13b_linear_mlp/intphys2__ltx_video__linear__slot_10/seed_102,seed_runs_intphys2_ltx13b_linear_mlp_intphys2__ltx_video__linear__slot_10,intphys2__ltx_video__linear__slot_10__seed_102,pending,,"[""seed=102"",""split.seed=42"",""backbone.name=ltx_video"",""+backbone.kwargs.variant=ltxv_13b_0_9_8_distilled"",""probe.name=linear"",""probe.layer=10"",""probe.layers=[]"",""probe.feature_view=pooled"",""probe.device=cpu"",""probe.lr=0.003307247541444052"",""probe.weight_decay=2.8140356683288743e-07"",""probe.batch_size=64"",""probe.eval_batch_size=1024"",""probe.epochs=20"",""probe.early_stopping.enabled=false"",""probe.early_stopping.patience=5"",""probe.optuna.enabled=false"",""probe.output_dir=artifacts/probes/intphys2"",""probe.output_subdir=seed_runs_intphys2_ltx13b_linear_mlp/intphys2__ltx_video__linear__slot_10/seed_102"",""probe.eval_output_dir=artifacts/results/intphys2"",""probe.eval_output_subdir=seed_runs_intphys2_ltx13b_linear_mlp/intphys2__ltx_video__linear__slot_10/seed_102"",""probe.wandb.group=seed_runs_intphys2_ltx13b_linear_mlp_intphys2__ltx_video__linear__slot_10"",""probe.wandb.name=intphys2__ltx_video__linear__slot_10__seed_102""]",results/verified_layerwise_probe_configs.csv,249,251,6938bc81a454a500,VERIFIED_FULL,"{""batch_size"":64,""depth_layer_id"":24,""early_stopping"":{""enabled"":true,""patience"":5},""epochs"":20,""feature_view"":""pooled"",""layer"":10,""lr"":0.003307247541444052,""slot"":10,""weight_decay"":2.8140356683288743e-07}",output/training/intphys2/linear/intphys2_ltx_linear_layers_22572277.out
intphys2__ltx_video__linear__slot_11__seed_101,intphys2__ltx_video__linear__slot_11,train_eval.probe.intphys2,IntPhys2,intphys2,ltx,LTX-Video,LTX-13B,Linear,linear,101,42,ltx_video,ltxv_13b_0_9_8_distilled,11,11,noise_0.8_block_36,pooled,0.0004313899082192975,6.577938122450034e-08,256,1024,50,false,5,,,,,,,cpu,artifacts/probes/intphys2,seed_runs_intphys2_ltx13b_linear_mlp/intphys2__ltx_video__linear__slot_11/seed_101,artifacts/results/intphys2,seed_runs_intphys2_ltx13b_linear_mlp/intphys2__ltx_video__linear__slot_11/seed_101,seed_runs_intphys2_ltx13b_linear_mlp_intphys2__ltx_video__linear__slot_11,intphys2__ltx_video__linear__slot_11__seed_101,pending,,"[""seed=101"",""split.seed=42"",""backbone.name=ltx_video"",""+backbone.kwargs.variant=ltxv_13b_0_9_8_distilled"",""probe.name=linear"",""probe.layer=11"",""probe.layers=[]"",""probe.feature_view=pooled"",""probe.device=cpu"",""probe.lr=0.0004313899082192975"",""probe.weight_decay=6.577938122450034e-08"",""probe.batch_size=256"",""probe.eval_batch_size=1024"",""probe.epochs=50"",""probe.early_stopping.enabled=false"",""probe.early_stopping.patience=5"",""probe.optuna.enabled=false"",""probe.output_dir=artifacts/probes/intphys2"",""probe.output_subdir=seed_runs_intphys2_ltx13b_linear_mlp/intphys2__ltx_video__linear__slot_11/seed_101"",""probe.eval_output_dir=artifacts/results/intphys2"",""probe.eval_output_subdir=seed_runs_intphys2_ltx13b_linear_mlp/intphys2__ltx_video__linear__slot_11/seed_101"",""probe.wandb.group=seed_runs_intphys2_ltx13b_linear_mlp_intphys2__ltx_video__linear__slot_11"",""probe.wandb.name=intphys2__ltx_video__linear__slot_11__seed_101""]",results/verified_layerwise_probe_configs.csv,250,252,a24c246eddac3e15,VERIFIED_FULL,"{""batch_size"":256,""depth_layer_id"":36,""early_stopping"":{""enabled"":true,""patience"":5},""epochs"":50,""feature_view"":""pooled"",""layer"":11,""lr"":0.0004313899082192975,""slot"":11,""weight_decay"":6.577938122450034e-08}",output/training/intphys2/linear/intphys2_ltx_linear_layers_22572277.out
intphys2__ltx_video__linear__slot_11__seed_102,intphys2__ltx_video__linear__slot_11,train_eval.probe.intphys2,IntPhys2,intphys2,ltx,LTX-Video,LTX-13B,Linear,linear,102,42,ltx_video,ltxv_13b_0_9_8_distilled,11,11,noise_0.8_block_36,pooled,0.0004313899082192975,6.577938122450034e-08,256,1024,50,false,5,,,,,,,cpu,artifacts/probes/intphys2,seed_runs_intphys2_ltx13b_linear_mlp/intphys2__ltx_video__linear__slot_11/seed_102,artifacts/results/intphys2,seed_runs_intphys2_ltx13b_linear_mlp/intphys2__ltx_video__linear__slot_11/seed_102,seed_runs_intphys2_ltx13b_linear_mlp_intphys2__ltx_video__linear__slot_11,intphys2__ltx_video__linear__slot_11__seed_102,pending,,"[""seed=102"",""split.seed=42"",""backbone.name=ltx_video"",""+backbone.kwargs.variant=ltxv_13b_0_9_8_distilled"",""probe.name=linear"",""probe.layer=11"",""probe.layers=[]"",""probe.feature_view=pooled"",""probe.device=cpu"",""probe.lr=0.0004313899082192975"",""probe.weight_decay=6.577938122450034e-08"",""probe.batch_size=256"",""probe.eval_batch_size=1024"",""probe.epochs=50"",""probe.early_stopping.enabled=false"",""probe.early_stopping.patience=5"",""probe.optuna.enabled=false"",""probe.output_dir=artifacts/probes/intphys2"",""probe.output_subdir=seed_runs_intphys2_ltx13b_linear_mlp/intphys2__ltx_video__linear__slot_11/seed_102"",""probe.eval_output_dir=artifacts/results/intphys2"",""probe.eval_output_subdir=seed_runs_intphys2_ltx13b_linear_mlp/intphys2__ltx_video__linear__slot_11/seed_102"",""probe.wandb.group=seed_runs_intphys2_ltx13b_linear_mlp_intphys2__ltx_video__linear__slot_11"",""probe.wandb.name=intphys2__ltx_video__linear__slot_11__seed_102""]",results/verified_layerwise_probe_configs.csv,250,252,a24c246eddac3e15,VERIFIED_FULL,"{""batch_size"":256,""depth_layer_id"":36,""early_stopping"":{""enabled"":true,""patience"":5},""epochs"":50,""feature_view"":""pooled"",""layer"":11,""lr"":0.0004313899082192975,""slot"":11,""weight_decay"":6.577938122450034e-08}",output/training/intphys2/linear/intphys2_ltx_linear_layers_22572277.out
intphys2__ltx_video__linear__slot_12__seed_101,intphys2__ltx_video__linear__slot_12,train_eval.probe.intphys2,IntPhys2,intphys2,ltx,LTX-Video,LTX-13B,Linear,linear,101,42,ltx_video,ltxv_13b_0_9_8_distilled,12,12,noise_0.8_block_48,pooled,1.0388823104027935e-05,0.0007812113973534924,128,1024,100,false,5,,,,,,,cpu,artifacts/probes/intphys2,seed_runs_intphys2_ltx13b_linear_mlp/intphys2__ltx_video__linear__slot_12/seed_101,artifacts/results/intphys2,seed_runs_intphys2_ltx13b_linear_mlp/intphys2__ltx_video__linear__slot_12/seed_101,seed_runs_intphys2_ltx13b_linear_mlp_intphys2__ltx_video__linear__slot_12,intphys2__ltx_video__linear__slot_12__seed_101,pending,,"[""seed=101"",""split.seed=42"",""backbone.name=ltx_video"",""+backbone.kwargs.variant=ltxv_13b_0_9_8_distilled"",""probe.name=linear"",""probe.layer=12"",""probe.layers=[]"",""probe.feature_view=pooled"",""probe.device=cpu"",""probe.lr=1.0388823104027935e-05"",""probe.weight_decay=0.0007812113973534924"",""probe.batch_size=128"",""probe.eval_batch_size=1024"",""probe.epochs=100"",""probe.early_stopping.enabled=false"",""probe.early_stopping.patience=5"",""probe.optuna.enabled=false"",""probe.output_dir=artifacts/probes/intphys2"",""probe.output_subdir=seed_runs_intphys2_ltx13b_linear_mlp/intphys2__ltx_video__linear__slot_12/seed_101"",""probe.eval_output_dir=artifacts/results/intphys2"",""probe.eval_output_subdir=seed_runs_intphys2_ltx13b_linear_mlp/intphys2__ltx_video__linear__slot_12/seed_101"",""probe.wandb.group=seed_runs_intphys2_ltx13b_linear_mlp_intphys2__ltx_video__linear__slot_12"",""probe.wandb.name=intphys2__ltx_video__linear__slot_12__seed_101""]",results/verified_layerwise_probe_configs.csv,251,253,ee5f27639357e64a,VERIFIED_FULL,"{""batch_size"":128,""depth_layer_id"":48,""early_stopping"":{""enabled"":true,""patience"":5},""epochs"":100,""feature_view"":""pooled"",""layer"":12,""lr"":1.0388823104027935e-05,""slot"":12,""weight_decay"":0.0007812113973534924}",output/training/intphys2/linear/intphys2_ltx_linear_layers_22572277.out
intphys2__ltx_video__linear__slot_12__seed_102,intphys2__ltx_video__linear__slot_12,train_eval.probe.intphys2,IntPhys2,intphys2,ltx,LTX-Video,LTX-13B,Linear,linear,102,42,ltx_video,ltxv_13b_0_9_8_distilled,12,12,noise_0.8_block_48,pooled,1.0388823104027935e-05,0.0007812113973534924,128,1024,100,false,5,,,,,,,cpu,artifacts/probes/intphys2,seed_runs_intphys2_ltx13b_linear_mlp/intphys2__ltx_video__linear__slot_12/seed_102,artifacts/results/intphys2,seed_runs_intphys2_ltx13b_linear_mlp/intphys2__ltx_video__linear__slot_12/seed_102,seed_runs_intphys2_ltx13b_linear_mlp_intphys2__ltx_video__linear__slot_12,intphys2__ltx_video__linear__slot_12__seed_102,pending,,"[""seed=102"",""split.seed=42"",""backbone.name=ltx_video"",""+backbone.kwargs.variant=ltxv_13b_0_9_8_distilled"",""probe.name=linear"",""probe.layer=12"",""probe.layers=[]"",""probe.feature_view=pooled"",""probe.device=cpu"",""probe.lr=1.0388823104027935e-05"",""probe.weight_decay=0.0007812113973534924"",""probe.batch_size=128"",""probe.eval_batch_size=1024"",""probe.epochs=100"",""probe.early_stopping.enabled=false"",""probe.early_stopping.patience=5"",""probe.optuna.enabled=false"",""probe.output_dir=artifacts/probes/intphys2"",""probe.output_subdir=seed_runs_intphys2_ltx13b_linear_mlp/intphys2__ltx_video__linear__slot_12/seed_102"",""probe.eval_output_dir=artifacts/results/intphys2"",""probe.eval_output_subdir=seed_runs_intphys2_ltx13b_linear_mlp/intphys2__ltx_video__linear__slot_12/seed_102"",""probe.wandb.group=seed_runs_intphys2_ltx13b_linear_mlp_intphys2__ltx_video__linear__slot_12"",""probe.wandb.name=intphys2__ltx_video__linear__slot_12__seed_102""]",results/verified_layerwise_probe_configs.csv,251,253,ee5f27639357e64a,VERIFIED_FULL,"{""batch_size"":128,""depth_layer_id"":48,""early_stopping"":{""enabled"":true,""patience"":5},""epochs"":100,""feature_view"":""pooled"",""layer"":12,""lr"":1.0388823104027935e-05,""slot"":12,""weight_decay"":0.0007812113973534924}",output/training/intphys2/linear/intphys2_ltx_linear_layers_22572277.out
intphys2__ltx_video__linear__slot_13__seed_101,intphys2__ltx_video__linear__slot_13,train_eval.probe.intphys2,IntPhys2,intphys2,ltx,LTX-Video,LTX-13B,Linear,linear,101,42,ltx_video,ltxv_13b_0_9_8_distilled,13,13,noise_0.7_block_12,pooled,0.006845570267272932,2.435315556919516e-05,64,1024,20,false,5,,,,,,,cpu,artifacts/probes/intphys2,seed_runs_intphys2_ltx13b_linear_mlp/intphys2__ltx_video__linear__slot_13/seed_101,artifacts/results/intphys2,seed_runs_intphys2_ltx13b_linear_mlp/intphys2__ltx_video__linear__slot_13/seed_101,seed_runs_intphys2_ltx13b_linear_mlp_intphys2__ltx_video__linear__slot_13,intphys2__ltx_video__linear__slot_13__seed_101,pending,,"[""seed=101"",""split.seed=42"",""backbone.name=ltx_video"",""+backbone.kwargs.variant=ltxv_13b_0_9_8_distilled"",""probe.name=linear"",""probe.layer=13"",""probe.layers=[]"",""probe.feature_view=pooled"",""probe.device=cpu"",""probe.lr=0.006845570267272932"",""probe.weight_decay=2.435315556919516e-05"",""probe.batch_size=64"",""probe.eval_batch_size=1024"",""probe.epochs=20"",""probe.early_stopping.enabled=false"",""probe.early_stopping.patience=5"",""probe.optuna.enabled=false"",""probe.output_dir=artifacts/probes/intphys2"",""probe.output_subdir=seed_runs_intphys2_ltx13b_linear_mlp/intphys2__ltx_video__linear__slot_13/seed_101"",""probe.eval_output_dir=artifacts/results/intphys2"",""probe.eval_output_subdir=seed_runs_intphys2_ltx13b_linear_mlp/intphys2__ltx_video__linear__slot_13/seed_101"",""probe.wandb.group=seed_runs_intphys2_ltx13b_linear_mlp_intphys2__ltx_video__linear__slot_13"",""probe.wandb.name=intphys2__ltx_video__linear__slot_13__seed_101""]",results/verified_layerwise_probe_configs.csv,252,254,e253b0889dc38d87,VERIFIED_FULL,"{""batch_size"":64,""depth_layer_id"":12,""early_stopping"":{""enabled"":true,""patience"":5},""epochs"":20,""feature_view"":""pooled"",""layer"":13,""lr"":0.006845570267272932,""slot"":13,""weight_decay"":2.435315556919516e-05}",output/training/intphys2/linear/intphys2_ltx_linear_layers_22572277.out
intphys2__ltx_video__linear__slot_13__seed_102,intphys2__ltx_video__linear__slot_13,train_eval.probe.intphys2,IntPhys2,intphys2,ltx,LTX-Video,LTX-13B,Linear,linear,102,42,ltx_video,ltxv_13b_0_9_8_distilled,13,13,noise_0.7_block_12,pooled,0.006845570267272932,2.435315556919516e-05,64,1024,20,false,5,,,,,,,cpu,artifacts/probes/intphys2,seed_runs_intphys2_ltx13b_linear_mlp/intphys2__ltx_video__linear__slot_13/seed_102,artifacts/results/intphys2,seed_runs_intphys2_ltx13b_linear_mlp/intphys2__ltx_video__linear__slot_13/seed_102,seed_runs_intphys2_ltx13b_linear_mlp_intphys2__ltx_video__linear__slot_13,intphys2__ltx_video__linear__slot_13__seed_102,pending,,"[""seed=102"",""split.seed=42"",""backbone.name=ltx_video"",""+backbone.kwargs.variant=ltxv_13b_0_9_8_distilled"",""probe.name=linear"",""probe.layer=13"",""probe.layers=[]"",""probe.feature_view=pooled"",""probe.device=cpu"",""probe.lr=0.006845570267272932"",""probe.weight_decay=2.435315556919516e-05"",""probe.batch_size=64"",""probe.eval_batch_size=1024"",""probe.epochs=20"",""probe.early_stopping.enabled=false"",""probe.early_stopping.patience=5"",""probe.optuna.enabled=false"",""probe.output_dir=artifacts/probes/intphys2"",""probe.output_subdir=seed_runs_intphys2_ltx13b_linear_mlp/intphys2__ltx_video__linear__slot_13/seed_102"",""probe.eval_output_dir=artifacts/results/intphys2"",""probe.eval_output_subdir=seed_runs_intphys2_ltx13b_linear_mlp/intphys2__ltx_video__linear__slot_13/seed_102"",""probe.wandb.group=seed_runs_intphys2_ltx13b_linear_mlp_intphys2__ltx_video__linear__slot_13"",""probe.wandb.name=intphys2__ltx_video__linear__slot_13__seed_102""]",results/verified_layerwise_probe_configs.csv,252,254,e253b0889dc38d87,VERIFIED_FULL,"{""batch_size"":64,""depth_layer_id"":12,""early_stopping"":{""enabled"":true,""patience"":5},""epochs"":20,""feature_view"":""pooled"",""layer"":13,""lr"":0.006845570267272932,""slot"":13,""weight_decay"":2.435315556919516e-05}",output/training/intphys2/linear/intphys2_ltx_linear_layers_22572277.out
intphys2__ltx_video__linear__slot_14__seed_101,intphys2__ltx_video__linear__slot_14,train_eval.probe.intphys2,IntPhys2,intphys2,ltx,LTX-Video,LTX-13B,Linear,linear,101,42,ltx_video,ltxv_13b_0_9_8_distilled,14,14,noise_0.7_block_24,pooled,0.007180892821067769,1.051368030362245e-08,64,1024,100,false,5,,,,,,,cpu,artifacts/probes/intphys2,seed_runs_intphys2_ltx13b_linear_mlp/intphys2__ltx_video__linear__slot_14/seed_101,artifacts/results/intphys2,seed_runs_intphys2_ltx13b_linear_mlp/intphys2__ltx_video__linear__slot_14/seed_101,seed_runs_intphys2_ltx13b_linear_mlp_intphys2__ltx_video__linear__slot_14,intphys2__ltx_video__linear__slot_14__seed_101,pending,,"[""seed=101"",""split.seed=42"",""backbone.name=ltx_video"",""+backbone.kwargs.variant=ltxv_13b_0_9_8_distilled"",""probe.name=linear"",""probe.layer=14"",""probe.layers=[]"",""probe.feature_view=pooled"",""probe.device=cpu"",""probe.lr=0.007180892821067769"",""probe.weight_decay=1.051368030362245e-08"",""probe.batch_size=64"",""probe.eval_batch_size=1024"",""probe.epochs=100"",""probe.early_stopping.enabled=false"",""probe.early_stopping.patience=5"",""probe.optuna.enabled=false"",""probe.output_dir=artifacts/probes/intphys2"",""probe.output_subdir=seed_runs_intphys2_ltx13b_linear_mlp/intphys2__ltx_video__linear__slot_14/seed_101"",""probe.eval_output_dir=artifacts/results/intphys2"",""probe.eval_output_subdir=seed_runs_intphys2_ltx13b_linear_mlp/intphys2__ltx_video__linear__slot_14/seed_101"",""probe.wandb.group=seed_runs_intphys2_ltx13b_linear_mlp_intphys2__ltx_video__linear__slot_14"",""probe.wandb.name=intphys2__ltx_video__linear__slot_14__seed_101""]",results/verified_layerwise_probe_configs.csv,253,255,d4401da55e10a230,VERIFIED_FULL,"{""batch_size"":64,""depth_layer_id"":24,""early_stopping"":{""enabled"":true,""patience"":5},""epochs"":100,""feature_view"":""pooled"",""layer"":14,""lr"":0.007180892821067769,""slot"":14,""weight_decay"":1.051368030362245e-08}",output/training/intphys2/linear/intphys2_ltx_linear_layers_22572277.out
intphys2__ltx_video__linear__slot_14__seed_102,intphys2__ltx_video__linear__slot_14,train_eval.probe.intphys2,IntPhys2,intphys2,ltx,LTX-Video,LTX-13B,Linear,linear,102,42,ltx_video,ltxv_13b_0_9_8_distilled,14,14,noise_0.7_block_24,pooled,0.007180892821067769,1.051368030362245e-08,64,1024,100,false,5,,,,,,,cpu,artifacts/probes/intphys2,seed_runs_intphys2_ltx13b_linear_mlp/intphys2__ltx_video__linear__slot_14/seed_102,artifacts/results/intphys2,seed_runs_intphys2_ltx13b_linear_mlp/intphys2__ltx_video__linear__slot_14/seed_102,seed_runs_intphys2_ltx13b_linear_mlp_intphys2__ltx_video__linear__slot_14,intphys2__ltx_video__linear__slot_14__seed_102,pending,,"[""seed=102"",""split.seed=42"",""backbone.name=ltx_video"",""+backbone.kwargs.variant=ltxv_13b_0_9_8_distilled"",""probe.name=linear"",""probe.layer=14"",""probe.layers=[]"",""probe.feature_view=pooled"",""probe.device=cpu"",""probe.lr=0.007180892821067769"",""probe.weight_decay=1.051368030362245e-08"",""probe.batch_size=64"",""probe.eval_batch_size=1024"",""probe.epochs=100"",""probe.early_stopping.enabled=false"",""probe.early_stopping.patience=5"",""probe.optuna.enabled=false"",""probe.output_dir=artifacts/probes/intphys2"",""probe.output_subdir=seed_runs_intphys2_ltx13b_linear_mlp/intphys2__ltx_video__linear__slot_14/seed_102"",""probe.eval_output_dir=artifacts/results/intphys2"",""probe.eval_output_subdir=seed_runs_intphys2_ltx13b_linear_mlp/intphys2__ltx_video__linear__slot_14/seed_102"",""probe.wandb.group=seed_runs_intphys2_ltx13b_linear_mlp_intphys2__ltx_video__linear__slot_14"",""probe.wandb.name=intphys2__ltx_video__linear__slot_14__seed_102""]",results/verified_layerwise_probe_configs.csv,253,255,d4401da55e10a230,VERIFIED_FULL,"{""batch_size"":64,""depth_layer_id"":24,""early_stopping"":{""enabled"":true,""patience"":5},""epochs"":100,""feature_view"":""pooled"",""layer"":14,""lr"":0.007180892821067769,""slot"":14,""weight_decay"":1.051368030362245e-08}",output/training/intphys2/linear/intphys2_ltx_linear_layers_22572277.out
intphys2__ltx_video__linear__slot_15__seed_101,intphys2__ltx_video__linear__slot_15,train_eval.probe.intphys2,IntPhys2,intphys2,ltx,LTX-Video,LTX-13B,Linear,linear,101,42,ltx_video,ltxv_13b_0_9_8_distilled,15,15,noise_0.7_block_36,pooled,0.004400592956561875,5.2213801672492465e-05,64,1024,20,false,5,,,,,,,cpu,artifacts/probes/intphys2,seed_runs_intphys2_ltx13b_linear_mlp/intphys2__ltx_video__linear__slot_15/seed_101,artifacts/results/intphys2,seed_runs_intphys2_ltx13b_linear_mlp/intphys2__ltx_video__linear__slot_15/seed_101,seed_runs_intphys2_ltx13b_linear_mlp_intphys2__ltx_video__linear__slot_15,intphys2__ltx_video__linear__slot_15__seed_101,pending,,"[""seed=101"",""split.seed=42"",""backbone.name=ltx_video"",""+backbone.kwargs.variant=ltxv_13b_0_9_8_distilled"",""probe.name=linear"",""probe.layer=15"",""probe.layers=[]"",""probe.feature_view=pooled"",""probe.device=cpu"",""probe.lr=0.004400592956561875"",""probe.weight_decay=5.2213801672492465e-05"",""probe.batch_size=64"",""probe.eval_batch_size=1024"",""probe.epochs=20"",""probe.early_stopping.enabled=false"",""probe.early_stopping.patience=5"",""probe.optuna.enabled=false"",""probe.output_dir=artifacts/probes/intphys2"",""probe.output_subdir=seed_runs_intphys2_ltx13b_linear_mlp/intphys2__ltx_video__linear__slot_15/seed_101"",""probe.eval_output_dir=artifacts/results/intphys2"",""probe.eval_output_subdir=seed_runs_intphys2_ltx13b_linear_mlp/intphys2__ltx_video__linear__slot_15/seed_101"",""probe.wandb.group=seed_runs_intphys2_ltx13b_linear_mlp_intphys2__ltx_video__linear__slot_15"",""probe.wandb.name=intphys2__ltx_video__linear__slot_15__seed_101""]",results/verified_layerwise_probe_configs.csv,254,256,afdbd169d0acc03d,VERIFIED_FULL,"{""batch_size"":64,""depth_layer_id"":36,""early_stopping"":{""enabled"":true,""patience"":5},""epochs"":20,""feature_view"":""pooled"",""layer"":15,""lr"":0.004400592956561875,""slot"":15,""weight_decay"":5.2213801672492465e-05}",output/training/intphys2/linear/intphys2_ltx_linear_layers_22572277.out
intphys2__ltx_video__linear__slot_15__seed_102,intphys2__ltx_video__linear__slot_15,train_eval.probe.intphys2,IntPhys2,intphys2,ltx,LTX-Video,LTX-13B,Linear,linear,102,42,ltx_video,ltxv_13b_0_9_8_distilled,15,15,noise_0.7_block_36,pooled,0.004400592956561875,5.2213801672492465e-05,64,1024,20,false,5,,,,,,,cpu,artifacts/probes/intphys2,seed_runs_intphys2_ltx13b_linear_mlp/intphys2__ltx_video__linear__slot_15/seed_102,artifacts/results/intphys2,seed_runs_intphys2_ltx13b_linear_mlp/intphys2__ltx_video__linear__slot_15/seed_102,seed_runs_intphys2_ltx13b_linear_mlp_intphys2__ltx_video__linear__slot_15,intphys2__ltx_video__linear__slot_15__seed_102,pending,,"[""seed=102"",""split.seed=42"",""backbone.name=ltx_video"",""+backbone.kwargs.variant=ltxv_13b_0_9_8_distilled"",""probe.name=linear"",""probe.layer=15"",""probe.layers=[]"",""probe.feature_view=pooled"",""probe.device=cpu"",""probe.lr=0.004400592956561875"",""probe.weight_decay=5.2213801672492465e-05"",""probe.batch_size=64"",""probe.eval_batch_size=1024"",""probe.epochs=20"",""probe.early_stopping.enabled=false"",""probe.early_stopping.patience=5"",""probe.optuna.enabled=false"",""probe.output_dir=artifacts/probes/intphys2"",""probe.output_subdir=seed_runs_intphys2_ltx13b_linear_mlp/intphys2__ltx_video__linear__slot_15/seed_102"",""probe.eval_output_dir=artifacts/results/intphys2"",""probe.eval_output_subdir=seed_runs_intphys2_ltx13b_linear_mlp/intphys2__ltx_video__linear__slot_15/seed_102"",""probe.wandb.group=seed_runs_intphys2_ltx13b_linear_mlp_intphys2__ltx_video__linear__slot_15"",""probe.wandb.name=intphys2__ltx_video__linear__slot_15__seed_102""]",results/verified_layerwise_probe_configs.csv,254,256,afdbd169d0acc03d,VERIFIED_FULL,"{""batch_size"":64,""depth_layer_id"":36,""early_stopping"":{""enabled"":true,""patience"":5},""epochs"":20,""feature_view"":""pooled"",""layer"":15,""lr"":0.004400592956561875,""slot"":15,""weight_decay"":5.2213801672492465e-05}",output/training/intphys2/linear/intphys2_ltx_linear_layers_22572277.out
intphys2__ltx_video__linear__slot_16__seed_101,intphys2__ltx_video__linear__slot_16,train_eval.probe.intphys2,IntPhys2,intphys2,ltx,LTX-Video,LTX-13B,Linear,linear,101,42,ltx_video,ltxv_13b_0_9_8_distilled,16,16,noise_0.7_block_48,pooled,0.00019762189340280086,5.589524205217922e-07,32,1024,50,false,5,,,,,,,cpu,artifacts/probes/intphys2,seed_runs_intphys2_ltx13b_linear_mlp/intphys2__ltx_video__linear__slot_16/seed_101,artifacts/results/intphys2,seed_runs_intphys2_ltx13b_linear_mlp/intphys2__ltx_video__linear__slot_16/seed_101,seed_runs_intphys2_ltx13b_linear_mlp_intphys2__ltx_video__linear__slot_16,intphys2__ltx_video__linear__slot_16__seed_101,pending,,"[""seed=101"",""split.seed=42"",""backbone.name=ltx_video"",""+backbone.kwargs.variant=ltxv_13b_0_9_8_distilled"",""probe.name=linear"",""probe.layer=16"",""probe.layers=[]"",""probe.feature_view=pooled"",""probe.device=cpu"",""probe.lr=0.00019762189340280086"",""probe.weight_decay=5.589524205217922e-07"",""probe.batch_size=32"",""probe.eval_batch_size=1024"",""probe.epochs=50"",""probe.early_stopping.enabled=false"",""probe.early_stopping.patience=5"",""probe.optuna.enabled=false"",""probe.output_dir=artifacts/probes/intphys2"",""probe.output_subdir=seed_runs_intphys2_ltx13b_linear_mlp/intphys2__ltx_video__linear__slot_16/seed_101"",""probe.eval_output_dir=artifacts/results/intphys2"",""probe.eval_output_subdir=seed_runs_intphys2_ltx13b_linear_mlp/intphys2__ltx_video__linear__slot_16/seed_101"",""probe.wandb.group=seed_runs_intphys2_ltx13b_linear_mlp_intphys2__ltx_video__linear__slot_16"",""probe.wandb.name=intphys2__ltx_video__linear__slot_16__seed_101""]",results/verified_layerwise_probe_configs.csv,255,257,57c81e248a39356d,VERIFIED_FULL,"{""batch_size"":32,""depth_layer_id"":48,""early_stopping"":{""enabled"":true,""patience"":5},""epochs"":50,""feature_view"":""pooled"",""layer"":16,""lr"":0.00019762189340280086,""slot"":16,""weight_decay"":5.589524205217922e-07}",output/training/intphys2/linear/intphys2_ltx_linear_layers_22572277.out
intphys2__ltx_video__linear__slot_16__seed_102,intphys2__ltx_video__linear__slot_16,train_eval.probe.intphys2,IntPhys2,intphys2,ltx,LTX-Video,LTX-13B,Linear,linear,102,42,ltx_video,ltxv_13b_0_9_8_distilled,16,16,noise_0.7_block_48,pooled,0.00019762189340280086,5.589524205217922e-07,32,1024,50,false,5,,,,,,,cpu,artifacts/probes/intphys2,seed_runs_intphys2_ltx13b_linear_mlp/intphys2__ltx_video__linear__slot_16/seed_102,artifacts/results/intphys2,seed_runs_intphys2_ltx13b_linear_mlp/intphys2__ltx_video__linear__slot_16/seed_102,seed_runs_intphys2_ltx13b_linear_mlp_intphys2__ltx_video__linear__slot_16,intphys2__ltx_video__linear__slot_16__seed_102,pending,,"[""seed=102"",""split.seed=42"",""backbone.name=ltx_video"",""+backbone.kwargs.variant=ltxv_13b_0_9_8_distilled"",""probe.name=linear"",""probe.layer=16"",""probe.layers=[]"",""probe.feature_view=pooled"",""probe.device=cpu"",""probe.lr=0.00019762189340280086"",""probe.weight_decay=5.589524205217922e-07"",""probe.batch_size=32"",""probe.eval_batch_size=1024"",""probe.epochs=50"",""probe.early_stopping.enabled=false"",""probe.early_stopping.patience=5"",""probe.optuna.enabled=false"",""probe.output_dir=artifacts/probes/intphys2"",""probe.output_subdir=seed_runs_intphys2_ltx13b_linear_mlp/intphys2__ltx_video__linear__slot_16/seed_102"",""probe.eval_output_dir=artifacts/results/intphys2"",""probe.eval_output_subdir=seed_runs_intphys2_ltx13b_linear_mlp/intphys2__ltx_video__linear__slot_16/seed_102"",""probe.wandb.group=seed_runs_intphys2_ltx13b_linear_mlp_intphys2__ltx_video__linear__slot_16"",""probe.wandb.name=intphys2__ltx_video__linear__slot_16__seed_102""]",results/verified_layerwise_probe_configs.csv,255,257,57c81e248a39356d,VERIFIED_FULL,"{""batch_size"":32,""depth_layer_id"":48,""early_stopping"":{""enabled"":true,""patience"":5},""epochs"":50,""feature_view"":""pooled"",""layer"":16,""lr"":0.00019762189340280086,""slot"":16,""weight_decay"":5.589524205217922e-07}",output/training/intphys2/linear/intphys2_ltx_linear_layers_22572277.out
intphys2__ltx_video__linear__slot_17__seed_101,intphys2__ltx_video__linear__slot_17,train_eval.probe.intphys2,IntPhys2,intphys2,ltx,LTX-Video,LTX-13B,Linear,linear,101,42,ltx_video,ltxv_13b_0_9_8_distilled,17,17,noise_0.6_block_12,pooled,0.00011756010900231849,4.848496183873288e-07,128,1024,20,false,5,,,,,,,cpu,artifacts/probes/intphys2,seed_runs_intphys2_ltx13b_linear_mlp/intphys2__ltx_video__linear__slot_17/seed_101,artifacts/results/intphys2,seed_runs_intphys2_ltx13b_linear_mlp/intphys2__ltx_video__linear__slot_17/seed_101,seed_runs_intphys2_ltx13b_linear_mlp_intphys2__ltx_video__linear__slot_17,intphys2__ltx_video__linear__slot_17__seed_101,pending,,"[""seed=101"",""split.seed=42"",""backbone.name=ltx_video"",""+backbone.kwargs.variant=ltxv_13b_0_9_8_distilled"",""probe.name=linear"",""probe.layer=17"",""probe.layers=[]"",""probe.feature_view=pooled"",""probe.device=cpu"",""probe.lr=0.00011756010900231849"",""probe.weight_decay=4.848496183873288e-07"",""probe.batch_size=128"",""probe.eval_batch_size=1024"",""probe.epochs=20"",""probe.early_stopping.enabled=false"",""probe.early_stopping.patience=5"",""probe.optuna.enabled=false"",""probe.output_dir=artifacts/probes/intphys2"",""probe.output_subdir=seed_runs_intphys2_ltx13b_linear_mlp/intphys2__ltx_video__linear__slot_17/seed_101"",""probe.eval_output_dir=artifacts/results/intphys2"",""probe.eval_output_subdir=seed_runs_intphys2_ltx13b_linear_mlp/intphys2__ltx_video__linear__slot_17/seed_101"",""probe.wandb.group=seed_runs_intphys2_ltx13b_linear_mlp_intphys2__ltx_video__linear__slot_17"",""probe.wandb.name=intphys2__ltx_video__linear__slot_17__seed_101""]",results/verified_layerwise_probe_configs.csv,256,258,d0fa5a7811559d15,VERIFIED_FULL,"{""batch_size"":128,""depth_layer_id"":12,""early_stopping"":{""enabled"":true,""patience"":5},""epochs"":20,""feature_view"":""pooled"",""layer"":17,""lr"":0.00011756010900231849,""slot"":17,""weight_decay"":4.848496183873288e-07}",output/training/intphys2/linear/intphys2_ltx_linear_layers_22572277.out
intphys2__ltx_video__linear__slot_17__seed_102,intphys2__ltx_video__linear__slot_17,train_eval.probe.intphys2,IntPhys2,intphys2,ltx,LTX-Video,LTX-13B,Linear,linear,102,42,ltx_video,ltxv_13b_0_9_8_distilled,17,17,noise_0.6_block_12,pooled,0.00011756010900231849,4.848496183873288e-07,128,1024,20,false,5,,,,,,,cpu,artifacts/probes/intphys2,seed_runs_intphys2_ltx13b_linear_mlp/intphys2__ltx_video__linear__slot_17/seed_102,artifacts/results/intphys2,seed_runs_intphys2_ltx13b_linear_mlp/intphys2__ltx_video__linear__slot_17/seed_102,seed_runs_intphys2_ltx13b_linear_mlp_intphys2__ltx_video__linear__slot_17,intphys2__ltx_video__linear__slot_17__seed_102,pending,,"[""seed=102"",""split.seed=42"",""backbone.name=ltx_video"",""+backbone.kwargs.variant=ltxv_13b_0_9_8_distilled"",""probe.name=linear"",""probe.layer=17"",""probe.layers=[]"",""probe.feature_view=pooled"",""probe.device=cpu"",""probe.lr=0.00011756010900231849"",""probe.weight_decay=4.848496183873288e-07"",""probe.batch_size=128"",""probe.eval_batch_size=1024"",""probe.epochs=20"",""probe.early_stopping.enabled=false"",""probe.early_stopping.patience=5"",""probe.optuna.enabled=false"",""probe.output_dir=artifacts/probes/intphys2"",""probe.output_subdir=seed_runs_intphys2_ltx13b_linear_mlp/intphys2__ltx_video__linear__slot_17/seed_102"",""probe.eval_output_dir=artifacts/results/intphys2"",""probe.eval_output_subdir=seed_runs_intphys2_ltx13b_linear_mlp/intphys2__ltx_video__linear__slot_17/seed_102"",""probe.wandb.group=seed_runs_intphys2_ltx13b_linear_mlp_intphys2__ltx_video__linear__slot_17"",""probe.wandb.name=intphys2__ltx_video__linear__slot_17__seed_102""]",results/verified_layerwise_probe_configs.csv,256,258,d0fa5a7811559d15,VERIFIED_FULL,"{""batch_size"":128,""depth_layer_id"":12,""early_stopping"":{""enabled"":true,""patience"":5},""epochs"":20,""feature_view"":""pooled"",""layer"":17,""lr"":0.00011756010900231849,""slot"":17,""weight_decay"":4.848496183873288e-07}",output/training/intphys2/linear/intphys2_ltx_linear_layers_22572277.out
intphys2__ltx_video__linear__slot_18__seed_101,intphys2__ltx_video__linear__slot_18,train_eval.probe.intphys2,IntPhys2,intphys2,ltx,LTX-Video,LTX-13B,Linear,linear,101,42,ltx_video,ltxv_13b_0_9_8_distilled,18,18,noise_0.6_block_24,pooled,0.001331121608073689,1.328944872286916e-08,32,1024,100,false,5,,,,,,,cpu,artifacts/probes/intphys2,seed_runs_intphys2_ltx13b_linear_mlp/intphys2__ltx_video__linear__slot_18/seed_101,artifacts/results/intphys2,seed_runs_intphys2_ltx13b_linear_mlp/intphys2__ltx_video__linear__slot_18/seed_101,seed_runs_intphys2_ltx13b_linear_mlp_intphys2__ltx_video__linear__slot_18,intphys2__ltx_video__linear__slot_18__seed_101,pending,,"[""seed=101"",""split.seed=42"",""backbone.name=ltx_video"",""+backbone.kwargs.variant=ltxv_13b_0_9_8_distilled"",""probe.name=linear"",""probe.layer=18"",""probe.layers=[]"",""probe.feature_view=pooled"",""probe.device=cpu"",""probe.lr=0.001331121608073689"",""probe.weight_decay=1.328944872286916e-08"",""probe.batch_size=32"",""probe.eval_batch_size=1024"",""probe.epochs=100"",""probe.early_stopping.enabled=false"",""probe.early_stopping.patience=5"",""probe.optuna.enabled=false"",""probe.output_dir=artifacts/probes/intphys2"",""probe.output_subdir=seed_runs_intphys2_ltx13b_linear_mlp/intphys2__ltx_video__linear__slot_18/seed_101"",""probe.eval_output_dir=artifacts/results/intphys2"",""probe.eval_output_subdir=seed_runs_intphys2_ltx13b_linear_mlp/intphys2__ltx_video__linear__slot_18/seed_101"",""probe.wandb.group=seed_runs_intphys2_ltx13b_linear_mlp_intphys2__ltx_video__linear__slot_18"",""probe.wandb.name=intphys2__ltx_video__linear__slot_18__seed_101""]",results/verified_layerwise_probe_configs.csv,257,259,e826ddafb1164cd1,VERIFIED_FULL,"{""batch_size"":32,""depth_layer_id"":24,""early_stopping"":{""enabled"":true,""patience"":5},""epochs"":100,""feature_view"":""pooled"",""layer"":18,""lr"":0.001331121608073689,""slot"":18,""weight_decay"":1.328944872286916e-08}",output/training/intphys2/linear/intphys2_ltx_linear_layers_22572277.out
intphys2__ltx_video__linear__slot_18__seed_102,intphys2__ltx_video__linear__slot_18,train_eval.probe.intphys2,IntPhys2,intphys2,ltx,LTX-Video,LTX-13B,Linear,linear,102,42,ltx_video,ltxv_13b_0_9_8_distilled,18,18,noise_0.6_block_24,pooled,0.001331121608073689,1.328944872286916e-08,32,1024,100,false,5,,,,,,,cpu,artifacts/probes/intphys2,seed_runs_intphys2_ltx13b_linear_mlp/intphys2__ltx_video__linear__slot_18/seed_102,artifacts/results/intphys2,seed_runs_intphys2_ltx13b_linear_mlp/intphys2__ltx_video__linear__slot_18/seed_102,seed_runs_intphys2_ltx13b_linear_mlp_intphys2__ltx_video__linear__slot_18,intphys2__ltx_video__linear__slot_18__seed_102,pending,,"[""seed=102"",""split.seed=42"",""backbone.name=ltx_video"",""+backbone.kwargs.variant=ltxv_13b_0_9_8_distilled"",""probe.name=linear"",""probe.layer=18"",""probe.layers=[]"",""probe.feature_view=pooled"",""probe.device=cpu"",""probe.lr=0.001331121608073689"",""probe.weight_decay=1.328944872286916e-08"",""probe.batch_size=32"",""probe.eval_batch_size=1024"",""probe.epochs=100"",""probe.early_stopping.enabled=false"",""probe.early_stopping.patience=5"",""probe.optuna.enabled=false"",""probe.output_dir=artifacts/probes/intphys2"",""probe.output_subdir=seed_runs_intphys2_ltx13b_linear_mlp/intphys2__ltx_video__linear__slot_18/seed_102"",""probe.eval_output_dir=artifacts/results/intphys2"",""probe.eval_output_subdir=seed_runs_intphys2_ltx13b_linear_mlp/intphys2__ltx_video__linear__slot_18/seed_102"",""probe.wandb.group=seed_runs_intphys2_ltx13b_linear_mlp_intphys2__ltx_video__linear__slot_18"",""probe.wandb.name=intphys2__ltx_video__linear__slot_18__seed_102""]",results/verified_layerwise_probe_configs.csv,257,259,e826ddafb1164cd1,VERIFIED_FULL,"{""batch_size"":32,""depth_layer_id"":24,""early_stopping"":{""enabled"":true,""patience"":5},""epochs"":100,""feature_view"":""pooled"",""layer"":18,""lr"":0.001331121608073689,""slot"":18,""weight_decay"":1.328944872286916e-08}",output/training/intphys2/linear/intphys2_ltx_linear_layers_22572277.out
intphys2__ltx_video__linear__slot_19__seed_101,intphys2__ltx_video__linear__slot_19,train_eval.probe.intphys2,IntPhys2,intphys2,ltx,LTX-Video,LTX-13B,Linear,linear,101,42,ltx_video,ltxv_13b_0_9_8_distilled,19,19,noise_0.6_block_36,pooled,0.0003489018845491386,3.5849855803404713e-05,64,1024,50,false,5,,,,,,,cpu,artifacts/probes/intphys2,seed_runs_intphys2_ltx13b_linear_mlp/intphys2__ltx_video__linear__slot_19/seed_101,artifacts/results/intphys2,seed_runs_intphys2_ltx13b_linear_mlp/intphys2__ltx_video__linear__slot_19/seed_101,seed_runs_intphys2_ltx13b_linear_mlp_intphys2__ltx_video__linear__slot_19,intphys2__ltx_video__linear__slot_19__seed_101,pending,,"[""seed=101"",""split.seed=42"",""backbone.name=ltx_video"",""+backbone.kwargs.variant=ltxv_13b_0_9_8_distilled"",""probe.name=linear"",""probe.layer=19"",""probe.layers=[]"",""probe.feature_view=pooled"",""probe.device=cpu"",""probe.lr=0.0003489018845491386"",""probe.weight_decay=3.5849855803404713e-05"",""probe.batch_size=64"",""probe.eval_batch_size=1024"",""probe.epochs=50"",""probe.early_stopping.enabled=false"",""probe.early_stopping.patience=5"",""probe.optuna.enabled=false"",""probe.output_dir=artifacts/probes/intphys2"",""probe.output_subdir=seed_runs_intphys2_ltx13b_linear_mlp/intphys2__ltx_video__linear__slot_19/seed_101"",""probe.eval_output_dir=artifacts/results/intphys2"",""probe.eval_output_subdir=seed_runs_intphys2_ltx13b_linear_mlp/intphys2__ltx_video__linear__slot_19/seed_101"",""probe.wandb.group=seed_runs_intphys2_ltx13b_linear_mlp_intphys2__ltx_video__linear__slot_19"",""probe.wandb.name=intphys2__ltx_video__linear__slot_19__seed_101""]",results/verified_layerwise_probe_configs.csv,258,260,c4fa0d021e0a08c2,VERIFIED_FULL,"{""batch_size"":64,""depth_layer_id"":36,""early_stopping"":{""enabled"":true,""patience"":5},""epochs"":50,""feature_view"":""pooled"",""layer"":19,""lr"":0.0003489018845491386,""slot"":19,""weight_decay"":3.5849855803404713e-05}",output/training/intphys2/linear/intphys2_ltx_linear_layers_22572277.out
intphys2__ltx_video__linear__slot_19__seed_102,intphys2__ltx_video__linear__slot_19,train_eval.probe.intphys2,IntPhys2,intphys2,ltx,LTX-Video,LTX-13B,Linear,linear,102,42,ltx_video,ltxv_13b_0_9_8_distilled,19,19,noise_0.6_block_36,pooled,0.0003489018845491386,3.5849855803404713e-05,64,1024,50,false,5,,,,,,,cpu,artifacts/probes/intphys2,seed_runs_intphys2_ltx13b_linear_mlp/intphys2__ltx_video__linear__slot_19/seed_102,artifacts/results/intphys2,seed_runs_intphys2_ltx13b_linear_mlp/intphys2__ltx_video__linear__slot_19/seed_102,seed_runs_intphys2_ltx13b_linear_mlp_intphys2__ltx_video__linear__slot_19,intphys2__ltx_video__linear__slot_19__seed_102,pending,,"[""seed=102"",""split.seed=42"",""backbone.name=ltx_video"",""+backbone.kwargs.variant=ltxv_13b_0_9_8_distilled"",""probe.name=linear"",""probe.layer=19"",""probe.layers=[]"",""probe.feature_view=pooled"",""probe.device=cpu"",""probe.lr=0.0003489018845491386"",""probe.weight_decay=3.5849855803404713e-05"",""probe.batch_size=64"",""probe.eval_batch_size=1024"",""probe.epochs=50"",""probe.early_stopping.enabled=false"",""probe.early_stopping.patience=5"",""probe.optuna.enabled=false"",""probe.output_dir=artifacts/probes/intphys2"",""probe.output_subdir=seed_runs_intphys2_ltx13b_linear_mlp/intphys2__ltx_video__linear__slot_19/seed_102"",""probe.eval_output_dir=artifacts/results/intphys2"",""probe.eval_output_subdir=seed_runs_intphys2_ltx13b_linear_mlp/intphys2__ltx_video__linear__slot_19/seed_102"",""probe.wandb.group=seed_runs_intphys2_ltx13b_linear_mlp_intphys2__ltx_video__linear__slot_19"",""probe.wandb.name=intphys2__ltx_video__linear__slot_19__seed_102""]",results/verified_layerwise_probe_configs.csv,258,260,c4fa0d021e0a08c2,VERIFIED_FULL,"{""batch_size"":64,""depth_layer_id"":36,""early_stopping"":{""enabled"":true,""patience"":5},""epochs"":50,""feature_view"":""pooled"",""layer"":19,""lr"":0.0003489018845491386,""slot"":19,""weight_decay"":3.5849855803404713e-05}",output/training/intphys2/linear/intphys2_ltx_linear_layers_22572277.out
intphys2__ltx_video__linear__slot_20__seed_101,intphys2__ltx_video__linear__slot_20,train_eval.probe.intphys2,IntPhys2,intphys2,ltx,LTX-Video,LTX-13B,Linear,linear,101,42,ltx_video,ltxv_13b_0_9_8_distilled,20,20,noise_0.6_block_48,pooled,0.00011756010900231849,4.848496183873288e-07,128,1024,20,false,5,,,,,,,cpu,artifacts/probes/intphys2,seed_runs_intphys2_ltx13b_linear_mlp/intphys2__ltx_video__linear__slot_20/seed_101,artifacts/results/intphys2,seed_runs_intphys2_ltx13b_linear_mlp/intphys2__ltx_video__linear__slot_20/seed_101,seed_runs_intphys2_ltx13b_linear_mlp_intphys2__ltx_video__linear__slot_20,intphys2__ltx_video__linear__slot_20__seed_101,pending,,"[""seed=101"",""split.seed=42"",""backbone.name=ltx_video"",""+backbone.kwargs.variant=ltxv_13b_0_9_8_distilled"",""probe.name=linear"",""probe.layer=20"",""probe.layers=[]"",""probe.feature_view=pooled"",""probe.device=cpu"",""probe.lr=0.00011756010900231849"",""probe.weight_decay=4.848496183873288e-07"",""probe.batch_size=128"",""probe.eval_batch_size=1024"",""probe.epochs=20"",""probe.early_stopping.enabled=false"",""probe.early_stopping.patience=5"",""probe.optuna.enabled=false"",""probe.output_dir=artifacts/probes/intphys2"",""probe.output_subdir=seed_runs_intphys2_ltx13b_linear_mlp/intphys2__ltx_video__linear__slot_20/seed_101"",""probe.eval_output_dir=artifacts/results/intphys2"",""probe.eval_output_subdir=seed_runs_intphys2_ltx13b_linear_mlp/intphys2__ltx_video__linear__slot_20/seed_101"",""probe.wandb.group=seed_runs_intphys2_ltx13b_linear_mlp_intphys2__ltx_video__linear__slot_20"",""probe.wandb.name=intphys2__ltx_video__linear__slot_20__seed_101""]",results/verified_layerwise_probe_configs.csv,259,261,35207b3869f1adb3,VERIFIED_FULL,"{""batch_size"":128,""depth_layer_id"":48,""early_stopping"":{""enabled"":true,""patience"":5},""epochs"":20,""feature_view"":""pooled"",""layer"":20,""lr"":0.00011756010900231849,""slot"":20,""weight_decay"":4.848496183873288e-07}",output/training/intphys2/linear/intphys2_ltx_linear_layers_22572277.out
intphys2__ltx_video__linear__slot_20__seed_102,intphys2__ltx_video__linear__slot_20,train_eval.probe.intphys2,IntPhys2,intphys2,ltx,LTX-Video,LTX-13B,Linear,linear,102,42,ltx_video,ltxv_13b_0_9_8_distilled,20,20,noise_0.6_block_48,pooled,0.00011756010900231849,4.848496183873288e-07,128,1024,20,false,5,,,,,,,cpu,artifacts/probes/intphys2,seed_runs_intphys2_ltx13b_linear_mlp/intphys2__ltx_video__linear__slot_20/seed_102,artifacts/results/intphys2,seed_runs_intphys2_ltx13b_linear_mlp/intphys2__ltx_video__linear__slot_20/seed_102,seed_runs_intphys2_ltx13b_linear_mlp_intphys2__ltx_video__linear__slot_20,intphys2__ltx_video__linear__slot_20__seed_102,pending,,"[""seed=102"",""split.seed=42"",""backbone.name=ltx_video"",""+backbone.kwargs.variant=ltxv_13b_0_9_8_distilled"",""probe.name=linear"",""probe.layer=20"",""probe.layers=[]"",""probe.feature_view=pooled"",""probe.device=cpu"",""probe.lr=0.00011756010900231849"",""probe.weight_decay=4.848496183873288e-07"",""probe.batch_size=128"",""probe.eval_batch_size=1024"",""probe.epochs=20"",""probe.early_stopping.enabled=false"",""probe.early_stopping.patience=5"",""probe.optuna.enabled=false"",""probe.output_dir=artifacts/probes/intphys2"",""probe.output_subdir=seed_runs_intphys2_ltx13b_linear_mlp/intphys2__ltx_video__linear__slot_20/seed_102"",""probe.eval_output_dir=artifacts/results/intphys2"",""probe.eval_output_subdir=seed_runs_intphys2_ltx13b_linear_mlp/intphys2__ltx_video__linear__slot_20/seed_102"",""probe.wandb.group=seed_runs_intphys2_ltx13b_linear_mlp_intphys2__ltx_video__linear__slot_20"",""probe.wandb.name=intphys2__ltx_video__linear__slot_20__seed_102""]",results/verified_layerwise_probe_configs.csv,259,261,35207b3869f1adb3,VERIFIED_FULL,"{""batch_size"":128,""depth_layer_id"":48,""early_stopping"":{""enabled"":true,""patience"":5},""epochs"":20,""feature_view"":""pooled"",""layer"":20,""lr"":0.00011756010900231849,""slot"":20,""weight_decay"":4.848496183873288e-07}",output/training/intphys2/linear/intphys2_ltx_linear_layers_22572277.out
intphys2__ltx_video__linear__slot_21__seed_101,intphys2__ltx_video__linear__slot_21,train_eval.probe.intphys2,IntPhys2,intphys2,ltx,LTX-Video,LTX-13B,Linear,linear,101,42,ltx_video,ltxv_13b_0_9_8_distilled,21,21,noise_0.5_block_12,pooled,8.200518402245828e-05,3.855073690026179e-08,32,1024,50,false,5,,,,,,,cpu,artifacts/probes/intphys2,seed_runs_intphys2_ltx13b_linear_mlp/intphys2__ltx_video__linear__slot_21/seed_101,artifacts/results/intphys2,seed_runs_intphys2_ltx13b_linear_mlp/intphys2__ltx_video__linear__slot_21/seed_101,seed_runs_intphys2_ltx13b_linear_mlp_intphys2__ltx_video__linear__slot_21,intphys2__ltx_video__linear__slot_21__seed_101,pending,,"[""seed=101"",""split.seed=42"",""backbone.name=ltx_video"",""+backbone.kwargs.variant=ltxv_13b_0_9_8_distilled"",""probe.name=linear"",""probe.layer=21"",""probe.layers=[]"",""probe.feature_view=pooled"",""probe.device=cpu"",""probe.lr=8.200518402245828e-05"",""probe.weight_decay=3.855073690026179e-08"",""probe.batch_size=32"",""probe.eval_batch_size=1024"",""probe.epochs=50"",""probe.early_stopping.enabled=false"",""probe.early_stopping.patience=5"",""probe.optuna.enabled=false"",""probe.output_dir=artifacts/probes/intphys2"",""probe.output_subdir=seed_runs_intphys2_ltx13b_linear_mlp/intphys2__ltx_video__linear__slot_21/seed_101"",""probe.eval_output_dir=artifacts/results/intphys2"",""probe.eval_output_subdir=seed_runs_intphys2_ltx13b_linear_mlp/intphys2__ltx_video__linear__slot_21/seed_101"",""probe.wandb.group=seed_runs_intphys2_ltx13b_linear_mlp_intphys2__ltx_video__linear__slot_21"",""probe.wandb.name=intphys2__ltx_video__linear__slot_21__seed_101""]",results/verified_layerwise_probe_configs.csv,260,262,bef9abf7b2f7fe2a,VERIFIED_FULL,"{""batch_size"":32,""depth_layer_id"":12,""early_stopping"":{""enabled"":true,""patience"":5},""epochs"":50,""feature_view"":""pooled"",""layer"":21,""lr"":8.200518402245828e-05,""slot"":21,""weight_decay"":3.855073690026179e-08}",output/training/intphys2/linear/intphys2_ltx_linear_layers_22572277.out
intphys2__ltx_video__linear__slot_21__seed_102,intphys2__ltx_video__linear__slot_21,train_eval.probe.intphys2,IntPhys2,intphys2,ltx,LTX-Video,LTX-13B,Linear,linear,102,42,ltx_video,ltxv_13b_0_9_8_distilled,21,21,noise_0.5_block_12,pooled,8.200518402245828e-05,3.855073690026179e-08,32,1024,50,false,5,,,,,,,cpu,artifacts/probes/intphys2,seed_runs_intphys2_ltx13b_linear_mlp/intphys2__ltx_video__linear__slot_21/seed_102,artifacts/results/intphys2,seed_runs_intphys2_ltx13b_linear_mlp/intphys2__ltx_video__linear__slot_21/seed_102,seed_runs_intphys2_ltx13b_linear_mlp_intphys2__ltx_video__linear__slot_21,intphys2__ltx_video__linear__slot_21__seed_102,pending,,"[""seed=102"",""split.seed=42"",""backbone.name=ltx_video"",""+backbone.kwargs.variant=ltxv_13b_0_9_8_distilled"",""probe.name=linear"",""probe.layer=21"",""probe.layers=[]"",""probe.feature_view=pooled"",""probe.device=cpu"",""probe.lr=8.200518402245828e-05"",""probe.weight_decay=3.855073690026179e-08"",""probe.batch_size=32"",""probe.eval_batch_size=1024"",""probe.epochs=50"",""probe.early_stopping.enabled=false"",""probe.early_stopping.patience=5"",""probe.optuna.enabled=false"",""probe.output_dir=artifacts/probes/intphys2"",""probe.output_subdir=seed_runs_intphys2_ltx13b_linear_mlp/intphys2__ltx_video__linear__slot_21/seed_102"",""probe.eval_output_dir=artifacts/results/intphys2"",""probe.eval_output_subdir=seed_runs_intphys2_ltx13b_linear_mlp/intphys2__ltx_video__linear__slot_21/seed_102"",""probe.wandb.group=seed_runs_intphys2_ltx13b_linear_mlp_intphys2__ltx_video__linear__slot_21"",""probe.wandb.name=intphys2__ltx_video__linear__slot_21__seed_102""]",results/verified_layerwise_probe_configs.csv,260,262,bef9abf7b2f7fe2a,VERIFIED_FULL,"{""batch_size"":32,""depth_layer_id"":12,""early_stopping"":{""enabled"":true,""patience"":5},""epochs"":50,""feature_view"":""pooled"",""layer"":21,""lr"":8.200518402245828e-05,""slot"":21,""weight_decay"":3.855073690026179e-08}",output/training/intphys2/linear/intphys2_ltx_linear_layers_22572277.out
intphys2__ltx_video__linear__slot_22__seed_101,intphys2__ltx_video__linear__slot_22,train_eval.probe.intphys2,IntPhys2,intphys2,ltx,LTX-Video,LTX-13B,Linear,linear,101,42,ltx_video,ltxv_13b_0_9_8_distilled,22,22,noise_0.5_block_24,pooled,0.009373094846410444,4.9555397095181396e-06,64,1024,100,false,5,,,,,,,cpu,artifacts/probes/intphys2,seed_runs_intphys2_ltx13b_linear_mlp/intphys2__ltx_video__linear__slot_22/seed_101,artifacts/results/intphys2,seed_runs_intphys2_ltx13b_linear_mlp/intphys2__ltx_video__linear__slot_22/seed_101,seed_runs_intphys2_ltx13b_linear_mlp_intphys2__ltx_video__linear__slot_22,intphys2__ltx_video__linear__slot_22__seed_101,pending,,"[""seed=101"",""split.seed=42"",""backbone.name=ltx_video"",""+backbone.kwargs.variant=ltxv_13b_0_9_8_distilled"",""probe.name=linear"",""probe.layer=22"",""probe.layers=[]"",""probe.feature_view=pooled"",""probe.device=cpu"",""probe.lr=0.009373094846410444"",""probe.weight_decay=4.9555397095181396e-06"",""probe.batch_size=64"",""probe.eval_batch_size=1024"",""probe.epochs=100"",""probe.early_stopping.enabled=false"",""probe.early_stopping.patience=5"",""probe.optuna.enabled=false"",""probe.output_dir=artifacts/probes/intphys2"",""probe.output_subdir=seed_runs_intphys2_ltx13b_linear_mlp/intphys2__ltx_video__linear__slot_22/seed_101"",""probe.eval_output_dir=artifacts/results/intphys2"",""probe.eval_output_subdir=seed_runs_intphys2_ltx13b_linear_mlp/intphys2__ltx_video__linear__slot_22/seed_101"",""probe.wandb.group=seed_runs_intphys2_ltx13b_linear_mlp_intphys2__ltx_video__linear__slot_22"",""probe.wandb.name=intphys2__ltx_video__linear__slot_22__seed_101""]",results/verified_layerwise_probe_configs.csv,261,263,26126c9fba10bdee,VERIFIED_FULL,"{""batch_size"":64,""depth_layer_id"":24,""early_stopping"":{""enabled"":true,""patience"":5},""epochs"":100,""feature_view"":""pooled"",""layer"":22,""lr"":0.009373094846410444,""slot"":22,""weight_decay"":4.9555397095181396e-06}",output/training/intphys2/linear/intphys2_ltx_linear_layers_22572277.out
intphys2__ltx_video__linear__slot_22__seed_102,intphys2__ltx_video__linear__slot_22,train_eval.probe.intphys2,IntPhys2,intphys2,ltx,LTX-Video,LTX-13B,Linear,linear,102,42,ltx_video,ltxv_13b_0_9_8_distilled,22,22,noise_0.5_block_24,pooled,0.009373094846410444,4.9555397095181396e-06,64,1024,100,false,5,,,,,,,cpu,artifacts/probes/intphys2,seed_runs_intphys2_ltx13b_linear_mlp/intphys2__ltx_video__linear__slot_22/seed_102,artifacts/results/intphys2,seed_runs_intphys2_ltx13b_linear_mlp/intphys2__ltx_video__linear__slot_22/seed_102,seed_runs_intphys2_ltx13b_linear_mlp_intphys2__ltx_video__linear__slot_22,intphys2__ltx_video__linear__slot_22__seed_102,pending,,"[""seed=102"",""split.seed=42"",""backbone.name=ltx_video"",""+backbone.kwargs.variant=ltxv_13b_0_9_8_distilled"",""probe.name=linear"",""probe.layer=22"",""probe.layers=[]"",""probe.feature_view=pooled"",""probe.device=cpu"",""probe.lr=0.009373094846410444"",""probe.weight_decay=4.9555397095181396e-06"",""probe.batch_size=64"",""probe.eval_batch_size=1024"",""probe.epochs=100"",""probe.early_stopping.enabled=false"",""probe.early_stopping.patience=5"",""probe.optuna.enabled=false"",""probe.output_dir=artifacts/probes/intphys2"",""probe.output_subdir=seed_runs_intphys2_ltx13b_linear_mlp/intphys2__ltx_video__linear__slot_22/seed_102"",""probe.eval_output_dir=artifacts/results/intphys2"",""probe.eval_output_subdir=seed_runs_intphys2_ltx13b_linear_mlp/intphys2__ltx_video__linear__slot_22/seed_102"",""probe.wandb.group=seed_runs_intphys2_ltx13b_linear_mlp_intphys2__ltx_video__linear__slot_22"",""probe.wandb.name=intphys2__ltx_video__linear__slot_22__seed_102""]",results/verified_layerwise_probe_configs.csv,261,263,26126c9fba10bdee,VERIFIED_FULL,"{""batch_size"":64,""depth_layer_id"":24,""early_stopping"":{""enabled"":true,""patience"":5},""epochs"":100,""feature_view"":""pooled"",""layer"":22,""lr"":0.009373094846410444,""slot"":22,""weight_decay"":4.9555397095181396e-06}",output/training/intphys2/linear/intphys2_ltx_linear_layers_22572277.out
intphys2__ltx_video__linear__slot_23__seed_101,intphys2__ltx_video__linear__slot_23,train_eval.probe.intphys2,IntPhys2,intphys2,ltx,LTX-Video,LTX-13B,Linear,linear,101,42,ltx_video,ltxv_13b_0_9_8_distilled,23,23,noise_0.5_block_36,pooled,0.0003489018845491386,3.5849855803404713e-05,64,1024,50,false,5,,,,,,,cpu,artifacts/probes/intphys2,seed_runs_intphys2_ltx13b_linear_mlp/intphys2__ltx_video__linear__slot_23/seed_101,artifacts/results/intphys2,seed_runs_intphys2_ltx13b_linear_mlp/intphys2__ltx_video__linear__slot_23/seed_101,seed_runs_intphys2_ltx13b_linear_mlp_intphys2__ltx_video__linear__slot_23,intphys2__ltx_video__linear__slot_23__seed_101,pending,,"[""seed=101"",""split.seed=42"",""backbone.name=ltx_video"",""+backbone.kwargs.variant=ltxv_13b_0_9_8_distilled"",""probe.name=linear"",""probe.layer=23"",""probe.layers=[]"",""probe.feature_view=pooled"",""probe.device=cpu"",""probe.lr=0.0003489018845491386"",""probe.weight_decay=3.5849855803404713e-05"",""probe.batch_size=64"",""probe.eval_batch_size=1024"",""probe.epochs=50"",""probe.early_stopping.enabled=false"",""probe.early_stopping.patience=5"",""probe.optuna.enabled=false"",""probe.output_dir=artifacts/probes/intphys2"",""probe.output_subdir=seed_runs_intphys2_ltx13b_linear_mlp/intphys2__ltx_video__linear__slot_23/seed_101"",""probe.eval_output_dir=artifacts/results/intphys2"",""probe.eval_output_subdir=seed_runs_intphys2_ltx13b_linear_mlp/intphys2__ltx_video__linear__slot_23/seed_101"",""probe.wandb.group=seed_runs_intphys2_ltx13b_linear_mlp_intphys2__ltx_video__linear__slot_23"",""probe.wandb.name=intphys2__ltx_video__linear__slot_23__seed_101""]",results/verified_layerwise_probe_configs.csv,262,264,73bb036064a3041e,VERIFIED_FULL,"{""batch_size"":64,""depth_layer_id"":36,""early_stopping"":{""enabled"":true,""patience"":5},""epochs"":50,""feature_view"":""pooled"",""layer"":23,""lr"":0.0003489018845491386,""slot"":23,""weight_decay"":3.5849855803404713e-05}",output/training/intphys2/linear/intphys2_ltx_linear_layers_22572277.out
intphys2__ltx_video__linear__slot_23__seed_102,intphys2__ltx_video__linear__slot_23,train_eval.probe.intphys2,IntPhys2,intphys2,ltx,LTX-Video,LTX-13B,Linear,linear,102,42,ltx_video,ltxv_13b_0_9_8_distilled,23,23,noise_0.5_block_36,pooled,0.0003489018845491386,3.5849855803404713e-05,64,1024,50,false,5,,,,,,,cpu,artifacts/probes/intphys2,seed_runs_intphys2_ltx13b_linear_mlp/intphys2__ltx_video__linear__slot_23/seed_102,artifacts/results/intphys2,seed_runs_intphys2_ltx13b_linear_mlp/intphys2__ltx_video__linear__slot_23/seed_102,seed_runs_intphys2_ltx13b_linear_mlp_intphys2__ltx_video__linear__slot_23,intphys2__ltx_video__linear__slot_23__seed_102,pending,,"[""seed=102"",""split.seed=42"",""backbone.name=ltx_video"",""+backbone.kwargs.variant=ltxv_13b_0_9_8_distilled"",""probe.name=linear"",""probe.layer=23"",""probe.layers=[]"",""probe.feature_view=pooled"",""probe.device=cpu"",""probe.lr=0.0003489018845491386"",""probe.weight_decay=3.5849855803404713e-05"",""probe.batch_size=64"",""probe.eval_batch_size=1024"",""probe.epochs=50"",""probe.early_stopping.enabled=false"",""probe.early_stopping.patience=5"",""probe.optuna.enabled=false"",""probe.output_dir=artifacts/probes/intphys2"",""probe.output_subdir=seed_runs_intphys2_ltx13b_linear_mlp/intphys2__ltx_video__linear__slot_23/seed_102"",""probe.eval_output_dir=artifacts/results/intphys2"",""probe.eval_output_subdir=seed_runs_intphys2_ltx13b_linear_mlp/intphys2__ltx_video__linear__slot_23/seed_102"",""probe.wandb.group=seed_runs_intphys2_ltx13b_linear_mlp_intphys2__ltx_video__linear__slot_23"",""probe.wandb.name=intphys2__ltx_video__linear__slot_23__seed_102""]",results/verified_layerwise_probe_configs.csv,262,264,73bb036064a3041e,VERIFIED_FULL,"{""batch_size"":64,""depth_layer_id"":36,""early_stopping"":{""enabled"":true,""patience"":5},""epochs"":50,""feature_view"":""pooled"",""layer"":23,""lr"":0.0003489018845491386,""slot"":23,""weight_decay"":3.5849855803404713e-05}",output/training/intphys2/linear/intphys2_ltx_linear_layers_22572277.out
intphys2__ltx_video__linear__slot_24__seed_101,intphys2__ltx_video__linear__slot_24,train_eval.probe.intphys2,IntPhys2,intphys2,ltx,LTX-Video,LTX-13B,Linear,linear,101,42,ltx_video,ltxv_13b_0_9_8_distilled,24,24,noise_0.5_block_48,pooled,0.00019762189340280086,5.589524205217922e-07,32,1024,50,false,5,,,,,,,cpu,artifacts/probes/intphys2,seed_runs_intphys2_ltx13b_linear_mlp/intphys2__ltx_video__linear__slot_24/seed_101,artifacts/results/intphys2,seed_runs_intphys2_ltx13b_linear_mlp/intphys2__ltx_video__linear__slot_24/seed_101,seed_runs_intphys2_ltx13b_linear_mlp_intphys2__ltx_video__linear__slot_24,intphys2__ltx_video__linear__slot_24__seed_101,pending,,"[""seed=101"",""split.seed=42"",""backbone.name=ltx_video"",""+backbone.kwargs.variant=ltxv_13b_0_9_8_distilled"",""probe.name=linear"",""probe.layer=24"",""probe.layers=[]"",""probe.feature_view=pooled"",""probe.device=cpu"",""probe.lr=0.00019762189340280086"",""probe.weight_decay=5.589524205217922e-07"",""probe.batch_size=32"",""probe.eval_batch_size=1024"",""probe.epochs=50"",""probe.early_stopping.enabled=false"",""probe.early_stopping.patience=5"",""probe.optuna.enabled=false"",""probe.output_dir=artifacts/probes/intphys2"",""probe.output_subdir=seed_runs_intphys2_ltx13b_linear_mlp/intphys2__ltx_video__linear__slot_24/seed_101"",""probe.eval_output_dir=artifacts/results/intphys2"",""probe.eval_output_subdir=seed_runs_intphys2_ltx13b_linear_mlp/intphys2__ltx_video__linear__slot_24/seed_101"",""probe.wandb.group=seed_runs_intphys2_ltx13b_linear_mlp_intphys2__ltx_video__linear__slot_24"",""probe.wandb.name=intphys2__ltx_video__linear__slot_24__seed_101""]",results/verified_layerwise_probe_configs.csv,263,265,18f908d13a085a95,VERIFIED_FULL,"{""batch_size"":32,""depth_layer_id"":48,""early_stopping"":{""enabled"":true,""patience"":5},""epochs"":50,""feature_view"":""pooled"",""layer"":24,""lr"":0.00019762189340280086,""slot"":24,""weight_decay"":5.589524205217922e-07}",output/training/intphys2/linear/intphys2_ltx_linear_layers_22572277.out
intphys2__ltx_video__linear__slot_24__seed_102,intphys2__ltx_video__linear__slot_24,train_eval.probe.intphys2,IntPhys2,intphys2,ltx,LTX-Video,LTX-13B,Linear,linear,102,42,ltx_video,ltxv_13b_0_9_8_distilled,24,24,noise_0.5_block_48,pooled,0.00019762189340280086,5.589524205217922e-07,32,1024,50,false,5,,,,,,,cpu,artifacts/probes/intphys2,seed_runs_intphys2_ltx13b_linear_mlp/intphys2__ltx_video__linear__slot_24/seed_102,artifacts/results/intphys2,seed_runs_intphys2_ltx13b_linear_mlp/intphys2__ltx_video__linear__slot_24/seed_102,seed_runs_intphys2_ltx13b_linear_mlp_intphys2__ltx_video__linear__slot_24,intphys2__ltx_video__linear__slot_24__seed_102,pending,,"[""seed=102"",""split.seed=42"",""backbone.name=ltx_video"",""+backbone.kwargs.variant=ltxv_13b_0_9_8_distilled"",""probe.name=linear"",""probe.layer=24"",""probe.layers=[]"",""probe.feature_view=pooled"",""probe.device=cpu"",""probe.lr=0.00019762189340280086"",""probe.weight_decay=5.589524205217922e-07"",""probe.batch_size=32"",""probe.eval_batch_size=1024"",""probe.epochs=50"",""probe.early_stopping.enabled=false"",""probe.early_stopping.patience=5"",""probe.optuna.enabled=false"",""probe.output_dir=artifacts/probes/intphys2"",""probe.output_subdir=seed_runs_intphys2_ltx13b_linear_mlp/intphys2__ltx_video__linear__slot_24/seed_102"",""probe.eval_output_dir=artifacts/results/intphys2"",""probe.eval_output_subdir=seed_runs_intphys2_ltx13b_linear_mlp/intphys2__ltx_video__linear__slot_24/seed_102"",""probe.wandb.group=seed_runs_intphys2_ltx13b_linear_mlp_intphys2__ltx_video__linear__slot_24"",""probe.wandb.name=intphys2__ltx_video__linear__slot_24__seed_102""]",results/verified_layerwise_probe_configs.csv,263,265,18f908d13a085a95,VERIFIED_FULL,"{""batch_size"":32,""depth_layer_id"":48,""early_stopping"":{""enabled"":true,""patience"":5},""epochs"":50,""feature_view"":""pooled"",""layer"":24,""lr"":0.00019762189340280086,""slot"":24,""weight_decay"":5.589524205217922e-07}",output/training/intphys2/linear/intphys2_ltx_linear_layers_22572277.out
intphys2__ltx_video__linear__slot_25__seed_101,intphys2__ltx_video__linear__slot_25,train_eval.probe.intphys2,IntPhys2,intphys2,ltx,LTX-Video,LTX-13B,Linear,linear,101,42,ltx_video,ltxv_13b_0_9_8_distilled,25,25,noise_0.4_block_12,pooled,0.003272020105614245,1.6494404261439623e-08,64,1024,100,false,5,,,,,,,cpu,artifacts/probes/intphys2,seed_runs_intphys2_ltx13b_linear_mlp/intphys2__ltx_video__linear__slot_25/seed_101,artifacts/results/intphys2,seed_runs_intphys2_ltx13b_linear_mlp/intphys2__ltx_video__linear__slot_25/seed_101,seed_runs_intphys2_ltx13b_linear_mlp_intphys2__ltx_video__linear__slot_25,intphys2__ltx_video__linear__slot_25__seed_101,pending,,"[""seed=101"",""split.seed=42"",""backbone.name=ltx_video"",""+backbone.kwargs.variant=ltxv_13b_0_9_8_distilled"",""probe.name=linear"",""probe.layer=25"",""probe.layers=[]"",""probe.feature_view=pooled"",""probe.device=cpu"",""probe.lr=0.003272020105614245"",""probe.weight_decay=1.6494404261439623e-08"",""probe.batch_size=64"",""probe.eval_batch_size=1024"",""probe.epochs=100"",""probe.early_stopping.enabled=false"",""probe.early_stopping.patience=5"",""probe.optuna.enabled=false"",""probe.output_dir=artifacts/probes/intphys2"",""probe.output_subdir=seed_runs_intphys2_ltx13b_linear_mlp/intphys2__ltx_video__linear__slot_25/seed_101"",""probe.eval_output_dir=artifacts/results/intphys2"",""probe.eval_output_subdir=seed_runs_intphys2_ltx13b_linear_mlp/intphys2__ltx_video__linear__slot_25/seed_101"",""probe.wandb.group=seed_runs_intphys2_ltx13b_linear_mlp_intphys2__ltx_video__linear__slot_25"",""probe.wandb.name=intphys2__ltx_video__linear__slot_25__seed_101""]",results/verified_layerwise_probe_configs.csv,264,266,cc2456829e62349a,VERIFIED_FULL,"{""batch_size"":64,""depth_layer_id"":12,""early_stopping"":{""enabled"":true,""patience"":5},""epochs"":100,""feature_view"":""pooled"",""layer"":25,""lr"":0.003272020105614245,""slot"":25,""weight_decay"":1.6494404261439623e-08}",output/training/intphys2/linear/intphys2_ltx_linear_layers_22572277.out
intphys2__ltx_video__linear__slot_25__seed_102,intphys2__ltx_video__linear__slot_25,train_eval.probe.intphys2,IntPhys2,intphys2,ltx,LTX-Video,LTX-13B,Linear,linear,102,42,ltx_video,ltxv_13b_0_9_8_distilled,25,25,noise_0.4_block_12,pooled,0.003272020105614245,1.6494404261439623e-08,64,1024,100,false,5,,,,,,,cpu,artifacts/probes/intphys2,seed_runs_intphys2_ltx13b_linear_mlp/intphys2__ltx_video__linear__slot_25/seed_102,artifacts/results/intphys2,seed_runs_intphys2_ltx13b_linear_mlp/intphys2__ltx_video__linear__slot_25/seed_102,seed_runs_intphys2_ltx13b_linear_mlp_intphys2__ltx_video__linear__slot_25,intphys2__ltx_video__linear__slot_25__seed_102,pending,,"[""seed=102"",""split.seed=42"",""backbone.name=ltx_video"",""+backbone.kwargs.variant=ltxv_13b_0_9_8_distilled"",""probe.name=linear"",""probe.layer=25"",""probe.layers=[]"",""probe.feature_view=pooled"",""probe.device=cpu"",""probe.lr=0.003272020105614245"",""probe.weight_decay=1.6494404261439623e-08"",""probe.batch_size=64"",""probe.eval_batch_size=1024"",""probe.epochs=100"",""probe.early_stopping.enabled=false"",""probe.early_stopping.patience=5"",""probe.optuna.enabled=false"",""probe.output_dir=artifacts/probes/intphys2"",""probe.output_subdir=seed_runs_intphys2_ltx13b_linear_mlp/intphys2__ltx_video__linear__slot_25/seed_102"",""probe.eval_output_dir=artifacts/results/intphys2"",""probe.eval_output_subdir=seed_runs_intphys2_ltx13b_linear_mlp/intphys2__ltx_video__linear__slot_25/seed_102"",""probe.wandb.group=seed_runs_intphys2_ltx13b_linear_mlp_intphys2__ltx_video__linear__slot_25"",""probe.wandb.name=intphys2__ltx_video__linear__slot_25__seed_102""]",results/verified_layerwise_probe_configs.csv,264,266,cc2456829e62349a,VERIFIED_FULL,"{""batch_size"":64,""depth_layer_id"":12,""early_stopping"":{""enabled"":true,""patience"":5},""epochs"":100,""feature_view"":""pooled"",""layer"":25,""lr"":0.003272020105614245,""slot"":25,""weight_decay"":1.6494404261439623e-08}",output/training/intphys2/linear/intphys2_ltx_linear_layers_22572277.out
intphys2__ltx_video__linear__slot_26__seed_101,intphys2__ltx_video__linear__slot_26,train_eval.probe.intphys2,IntPhys2,intphys2,ltx,LTX-Video,LTX-13B,Linear,linear,101,42,ltx_video,ltxv_13b_0_9_8_distilled,26,26,noise_0.4_block_24,pooled,0.0015829651148323754,1.1388130189358153e-07,64,1024,100,false,5,,,,,,,cpu,artifacts/probes/intphys2,seed_runs_intphys2_ltx13b_linear_mlp/intphys2__ltx_video__linear__slot_26/seed_101,artifacts/results/intphys2,seed_runs_intphys2_ltx13b_linear_mlp/intphys2__ltx_video__linear__slot_26/seed_101,seed_runs_intphys2_ltx13b_linear_mlp_intphys2__ltx_video__linear__slot_26,intphys2__ltx_video__linear__slot_26__seed_101,pending,,"[""seed=101"",""split.seed=42"",""backbone.name=ltx_video"",""+backbone.kwargs.variant=ltxv_13b_0_9_8_distilled"",""probe.name=linear"",""probe.layer=26"",""probe.layers=[]"",""probe.feature_view=pooled"",""probe.device=cpu"",""probe.lr=0.0015829651148323754"",""probe.weight_decay=1.1388130189358153e-07"",""probe.batch_size=64"",""probe.eval_batch_size=1024"",""probe.epochs=100"",""probe.early_stopping.enabled=false"",""probe.early_stopping.patience=5"",""probe.optuna.enabled=false"",""probe.output_dir=artifacts/probes/intphys2"",""probe.output_subdir=seed_runs_intphys2_ltx13b_linear_mlp/intphys2__ltx_video__linear__slot_26/seed_101"",""probe.eval_output_dir=artifacts/results/intphys2"",""probe.eval_output_subdir=seed_runs_intphys2_ltx13b_linear_mlp/intphys2__ltx_video__linear__slot_26/seed_101"",""probe.wandb.group=seed_runs_intphys2_ltx13b_linear_mlp_intphys2__ltx_video__linear__slot_26"",""probe.wandb.name=intphys2__ltx_video__linear__slot_26__seed_101""]",results/verified_layerwise_probe_configs.csv,265,267,4871057638a04582,VERIFIED_FULL,"{""batch_size"":64,""depth_layer_id"":24,""early_stopping"":{""enabled"":true,""patience"":5},""epochs"":100,""feature_view"":""pooled"",""layer"":26,""lr"":0.0015829651148323754,""slot"":26,""weight_decay"":1.1388130189358153e-07}",output/training/intphys2/linear/intphys2_ltx_linear_layers_22572277.out
intphys2__ltx_video__linear__slot_26__seed_102,intphys2__ltx_video__linear__slot_26,train_eval.probe.intphys2,IntPhys2,intphys2,ltx,LTX-Video,LTX-13B,Linear,linear,102,42,ltx_video,ltxv_13b_0_9_8_distilled,26,26,noise_0.4_block_24,pooled,0.0015829651148323754,1.1388130189358153e-07,64,1024,100,false,5,,,,,,,cpu,artifacts/probes/intphys2,seed_runs_intphys2_ltx13b_linear_mlp/intphys2__ltx_video__linear__slot_26/seed_102,artifacts/results/intphys2,seed_runs_intphys2_ltx13b_linear_mlp/intphys2__ltx_video__linear__slot_26/seed_102,seed_runs_intphys2_ltx13b_linear_mlp_intphys2__ltx_video__linear__slot_26,intphys2__ltx_video__linear__slot_26__seed_102,pending,,"[""seed=102"",""split.seed=42"",""backbone.name=ltx_video"",""+backbone.kwargs.variant=ltxv_13b_0_9_8_distilled"",""probe.name=linear"",""probe.layer=26"",""probe.layers=[]"",""probe.feature_view=pooled"",""probe.device=cpu"",""probe.lr=0.0015829651148323754"",""probe.weight_decay=1.1388130189358153e-07"",""probe.batch_size=64"",""probe.eval_batch_size=1024"",""probe.epochs=100"",""probe.early_stopping.enabled=false"",""probe.early_stopping.patience=5"",""probe.optuna.enabled=false"",""probe.output_dir=artifacts/probes/intphys2"",""probe.output_subdir=seed_runs_intphys2_ltx13b_linear_mlp/intphys2__ltx_video__linear__slot_26/seed_102"",""probe.eval_output_dir=artifacts/results/intphys2"",""probe.eval_output_subdir=seed_runs_intphys2_ltx13b_linear_mlp/intphys2__ltx_video__linear__slot_26/seed_102"",""probe.wandb.group=seed_runs_intphys2_ltx13b_linear_mlp_intphys2__ltx_video__linear__slot_26"",""probe.wandb.name=intphys2__ltx_video__linear__slot_26__seed_102""]",results/verified_layerwise_probe_configs.csv,265,267,4871057638a04582,VERIFIED_FULL,"{""batch_size"":64,""depth_layer_id"":24,""early_stopping"":{""enabled"":true,""patience"":5},""epochs"":100,""feature_view"":""pooled"",""layer"":26,""lr"":0.0015829651148323754,""slot"":26,""weight_decay"":1.1388130189358153e-07}",output/training/intphys2/linear/intphys2_ltx_linear_layers_22572277.out
intphys2__ltx_video__linear__slot_27__seed_101,intphys2__ltx_video__linear__slot_27,train_eval.probe.intphys2,IntPhys2,intphys2,ltx,LTX-Video,LTX-13B,Linear,linear,101,42,ltx_video,ltxv_13b_0_9_8_distilled,27,27,noise_0.4_block_36,pooled,0.001331121608073689,1.328944872286916e-08,32,1024,100,false,5,,,,,,,cpu,artifacts/probes/intphys2,seed_runs_intphys2_ltx13b_linear_mlp/intphys2__ltx_video__linear__slot_27/seed_101,artifacts/results/intphys2,seed_runs_intphys2_ltx13b_linear_mlp/intphys2__ltx_video__linear__slot_27/seed_101,seed_runs_intphys2_ltx13b_linear_mlp_intphys2__ltx_video__linear__slot_27,intphys2__ltx_video__linear__slot_27__seed_101,pending,,"[""seed=101"",""split.seed=42"",""backbone.name=ltx_video"",""+backbone.kwargs.variant=ltxv_13b_0_9_8_distilled"",""probe.name=linear"",""probe.layer=27"",""probe.layers=[]"",""probe.feature_view=pooled"",""probe.device=cpu"",""probe.lr=0.001331121608073689"",""probe.weight_decay=1.328944872286916e-08"",""probe.batch_size=32"",""probe.eval_batch_size=1024"",""probe.epochs=100"",""probe.early_stopping.enabled=false"",""probe.early_stopping.patience=5"",""probe.optuna.enabled=false"",""probe.output_dir=artifacts/probes/intphys2"",""probe.output_subdir=seed_runs_intphys2_ltx13b_linear_mlp/intphys2__ltx_video__linear__slot_27/seed_101"",""probe.eval_output_dir=artifacts/results/intphys2"",""probe.eval_output_subdir=seed_runs_intphys2_ltx13b_linear_mlp/intphys2__ltx_video__linear__slot_27/seed_101"",""probe.wandb.group=seed_runs_intphys2_ltx13b_linear_mlp_intphys2__ltx_video__linear__slot_27"",""probe.wandb.name=intphys2__ltx_video__linear__slot_27__seed_101""]",results/verified_layerwise_probe_configs.csv,266,268,e0b1f2560856d5c0,VERIFIED_FULL,"{""batch_size"":32,""depth_layer_id"":36,""early_stopping"":{""enabled"":true,""patience"":5},""epochs"":100,""feature_view"":""pooled"",""layer"":27,""lr"":0.001331121608073689,""slot"":27,""weight_decay"":1.328944872286916e-08}",output/training/intphys2/linear/intphys2_ltx_linear_layers_22572277.out
intphys2__ltx_video__linear__slot_27__seed_102,intphys2__ltx_video__linear__slot_27,train_eval.probe.intphys2,IntPhys2,intphys2,ltx,LTX-Video,LTX-13B,Linear,linear,102,42,ltx_video,ltxv_13b_0_9_8_distilled,27,27,noise_0.4_block_36,pooled,0.001331121608073689,1.328944872286916e-08,32,1024,100,false,5,,,,,,,cpu,artifacts/probes/intphys2,seed_runs_intphys2_ltx13b_linear_mlp/intphys2__ltx_video__linear__slot_27/seed_102,artifacts/results/intphys2,seed_runs_intphys2_ltx13b_linear_mlp/intphys2__ltx_video__linear__slot_27/seed_102,seed_runs_intphys2_ltx13b_linear_mlp_intphys2__ltx_video__linear__slot_27,intphys2__ltx_video__linear__slot_27__seed_102,pending,,"[""seed=102"",""split.seed=42"",""backbone.name=ltx_video"",""+backbone.kwargs.variant=ltxv_13b_0_9_8_distilled"",""probe.name=linear"",""probe.layer=27"",""probe.layers=[]"",""probe.feature_view=pooled"",""probe.device=cpu"",""probe.lr=0.001331121608073689"",""probe.weight_decay=1.328944872286916e-08"",""probe.batch_size=32"",""probe.eval_batch_size=1024"",""probe.epochs=100"",""probe.early_stopping.enabled=false"",""probe.early_stopping.patience=5"",""probe.optuna.enabled=false"",""probe.output_dir=artifacts/probes/intphys2"",""probe.output_subdir=seed_runs_intphys2_ltx13b_linear_mlp/intphys2__ltx_video__linear__slot_27/seed_102"",""probe.eval_output_dir=artifacts/results/intphys2"",""probe.eval_output_subdir=seed_runs_intphys2_ltx13b_linear_mlp/intphys2__ltx_video__linear__slot_27/seed_102"",""probe.wandb.group=seed_runs_intphys2_ltx13b_linear_mlp_intphys2__ltx_video__linear__slot_27"",""probe.wandb.name=intphys2__ltx_video__linear__slot_27__seed_102""]",results/verified_layerwise_probe_configs.csv,266,268,e0b1f2560856d5c0,VERIFIED_FULL,"{""batch_size"":32,""depth_layer_id"":36,""early_stopping"":{""enabled"":true,""patience"":5},""epochs"":100,""feature_view"":""pooled"",""layer"":27,""lr"":0.001331121608073689,""slot"":27,""weight_decay"":1.328944872286916e-08}",output/training/intphys2/linear/intphys2_ltx_linear_layers_22572277.out
intphys2__ltx_video__linear__slot_28__seed_101,intphys2__ltx_video__linear__slot_28,train_eval.probe.intphys2,IntPhys2,intphys2,ltx,LTX-Video,LTX-13B,Linear,linear,101,42,ltx_video,ltxv_13b_0_9_8_distilled,28,28,noise_0.4_block_48,pooled,0.00019762189340280086,5.589524205217922e-07,32,1024,50,false,5,,,,,,,cpu,artifacts/probes/intphys2,seed_runs_intphys2_ltx13b_linear_mlp/intphys2__ltx_video__linear__slot_28/seed_101,artifacts/results/intphys2,seed_runs_intphys2_ltx13b_linear_mlp/intphys2__ltx_video__linear__slot_28/seed_101,seed_runs_intphys2_ltx13b_linear_mlp_intphys2__ltx_video__linear__slot_28,intphys2__ltx_video__linear__slot_28__seed_101,pending,,"[""seed=101"",""split.seed=42"",""backbone.name=ltx_video"",""+backbone.kwargs.variant=ltxv_13b_0_9_8_distilled"",""probe.name=linear"",""probe.layer=28"",""probe.layers=[]"",""probe.feature_view=pooled"",""probe.device=cpu"",""probe.lr=0.00019762189340280086"",""probe.weight_decay=5.589524205217922e-07"",""probe.batch_size=32"",""probe.eval_batch_size=1024"",""probe.epochs=50"",""probe.early_stopping.enabled=false"",""probe.early_stopping.patience=5"",""probe.optuna.enabled=false"",""probe.output_dir=artifacts/probes/intphys2"",""probe.output_subdir=seed_runs_intphys2_ltx13b_linear_mlp/intphys2__ltx_video__linear__slot_28/seed_101"",""probe.eval_output_dir=artifacts/results/intphys2"",""probe.eval_output_subdir=seed_runs_intphys2_ltx13b_linear_mlp/intphys2__ltx_video__linear__slot_28/seed_101"",""probe.wandb.group=seed_runs_intphys2_ltx13b_linear_mlp_intphys2__ltx_video__linear__slot_28"",""probe.wandb.name=intphys2__ltx_video__linear__slot_28__seed_101""]",results/verified_layerwise_probe_configs.csv,267,269,435cd03780317e3f,VERIFIED_FULL,"{""batch_size"":32,""depth_layer_id"":48,""early_stopping"":{""enabled"":true,""patience"":5},""epochs"":50,""feature_view"":""pooled"",""layer"":28,""lr"":0.00019762189340280086,""slot"":28,""weight_decay"":5.589524205217922e-07}",output/training/intphys2/linear/intphys2_ltx_linear_layers_22572277.out
intphys2__ltx_video__linear__slot_28__seed_102,intphys2__ltx_video__linear__slot_28,train_eval.probe.intphys2,IntPhys2,intphys2,ltx,LTX-Video,LTX-13B,Linear,linear,102,42,ltx_video,ltxv_13b_0_9_8_distilled,28,28,noise_0.4_block_48,pooled,0.00019762189340280086,5.589524205217922e-07,32,1024,50,false,5,,,,,,,cpu,artifacts/probes/intphys2,seed_runs_intphys2_ltx13b_linear_mlp/intphys2__ltx_video__linear__slot_28/seed_102,artifacts/results/intphys2,seed_runs_intphys2_ltx13b_linear_mlp/intphys2__ltx_video__linear__slot_28/seed_102,seed_runs_intphys2_ltx13b_linear_mlp_intphys2__ltx_video__linear__slot_28,intphys2__ltx_video__linear__slot_28__seed_102,pending,,"[""seed=102"",""split.seed=42"",""backbone.name=ltx_video"",""+backbone.kwargs.variant=ltxv_13b_0_9_8_distilled"",""probe.name=linear"",""probe.layer=28"",""probe.layers=[]"",""probe.feature_view=pooled"",""probe.device=cpu"",""probe.lr=0.00019762189340280086"",""probe.weight_decay=5.589524205217922e-07"",""probe.batch_size=32"",""probe.eval_batch_size=1024"",""probe.epochs=50"",""probe.early_stopping.enabled=false"",""probe.early_stopping.patience=5"",""probe.optuna.enabled=false"",""probe.output_dir=artifacts/probes/intphys2"",""probe.output_subdir=seed_runs_intphys2_ltx13b_linear_mlp/intphys2__ltx_video__linear__slot_28/seed_102"",""probe.eval_output_dir=artifacts/results/intphys2"",""probe.eval_output_subdir=seed_runs_intphys2_ltx13b_linear_mlp/intphys2__ltx_video__linear__slot_28/seed_102"",""probe.wandb.group=seed_runs_intphys2_ltx13b_linear_mlp_intphys2__ltx_video__linear__slot_28"",""probe.wandb.name=intphys2__ltx_video__linear__slot_28__seed_102""]",results/verified_layerwise_probe_configs.csv,267,269,435cd03780317e3f,VERIFIED_FULL,"{""batch_size"":32,""depth_layer_id"":48,""early_stopping"":{""enabled"":true,""patience"":5},""epochs"":50,""feature_view"":""pooled"",""layer"":28,""lr"":0.00019762189340280086,""slot"":28,""weight_decay"":5.589524205217922e-07}",output/training/intphys2/linear/intphys2_ltx_linear_layers_22572277.out
intphys2__ltx_video__linear__slot_29__seed_101,intphys2__ltx_video__linear__slot_29,train_eval.probe.intphys2,IntPhys2,intphys2,ltx,LTX-Video,LTX-13B,Linear,linear,101,42,ltx_video,ltxv_13b_0_9_8_distilled,29,29,noise_0.3_block_12,pooled,0.000613634824575451,0.004525372996007366,32,1024,100,false,5,,,,,,,cpu,artifacts/probes/intphys2,seed_runs_intphys2_ltx13b_linear_mlp/intphys2__ltx_video__linear__slot_29/seed_101,artifacts/results/intphys2,seed_runs_intphys2_ltx13b_linear_mlp/intphys2__ltx_video__linear__slot_29/seed_101,seed_runs_intphys2_ltx13b_linear_mlp_intphys2__ltx_video__linear__slot_29,intphys2__ltx_video__linear__slot_29__seed_101,pending,,"[""seed=101"",""split.seed=42"",""backbone.name=ltx_video"",""+backbone.kwargs.variant=ltxv_13b_0_9_8_distilled"",""probe.name=linear"",""probe.layer=29"",""probe.layers=[]"",""probe.feature_view=pooled"",""probe.device=cpu"",""probe.lr=0.000613634824575451"",""probe.weight_decay=0.004525372996007366"",""probe.batch_size=32"",""probe.eval_batch_size=1024"",""probe.epochs=100"",""probe.early_stopping.enabled=false"",""probe.early_stopping.patience=5"",""probe.optuna.enabled=false"",""probe.output_dir=artifacts/probes/intphys2"",""probe.output_subdir=seed_runs_intphys2_ltx13b_linear_mlp/intphys2__ltx_video__linear__slot_29/seed_101"",""probe.eval_output_dir=artifacts/results/intphys2"",""probe.eval_output_subdir=seed_runs_intphys2_ltx13b_linear_mlp/intphys2__ltx_video__linear__slot_29/seed_101"",""probe.wandb.group=seed_runs_intphys2_ltx13b_linear_mlp_intphys2__ltx_video__linear__slot_29"",""probe.wandb.name=intphys2__ltx_video__linear__slot_29__seed_101""]",results/verified_layerwise_probe_configs.csv,268,270,48305ac967012ae3,VERIFIED_FULL,"{""batch_size"":32,""depth_layer_id"":12,""early_stopping"":{""enabled"":true,""patience"":5},""epochs"":100,""feature_view"":""pooled"",""layer"":29,""lr"":0.000613634824575451,""slot"":29,""weight_decay"":0.004525372996007366}",output/training/intphys2/linear/intphys2_ltx_linear_layers_22572277.out
intphys2__ltx_video__linear__slot_29__seed_102,intphys2__ltx_video__linear__slot_29,train_eval.probe.intphys2,IntPhys2,intphys2,ltx,LTX-Video,LTX-13B,Linear,linear,102,42,ltx_video,ltxv_13b_0_9_8_distilled,29,29,noise_0.3_block_12,pooled,0.000613634824575451,0.004525372996007366,32,1024,100,false,5,,,,,,,cpu,artifacts/probes/intphys2,seed_runs_intphys2_ltx13b_linear_mlp/intphys2__ltx_video__linear__slot_29/seed_102,artifacts/results/intphys2,seed_runs_intphys2_ltx13b_linear_mlp/intphys2__ltx_video__linear__slot_29/seed_102,seed_runs_intphys2_ltx13b_linear_mlp_intphys2__ltx_video__linear__slot_29,intphys2__ltx_video__linear__slot_29__seed_102,pending,,"[""seed=102"",""split.seed=42"",""backbone.name=ltx_video"",""+backbone.kwargs.variant=ltxv_13b_0_9_8_distilled"",""probe.name=linear"",""probe.layer=29"",""probe.layers=[]"",""probe.feature_view=pooled"",""probe.device=cpu"",""probe.lr=0.000613634824575451"",""probe.weight_decay=0.004525372996007366"",""probe.batch_size=32"",""probe.eval_batch_size=1024"",""probe.epochs=100"",""probe.early_stopping.enabled=false"",""probe.early_stopping.patience=5"",""probe.optuna.enabled=false"",""probe.output_dir=artifacts/probes/intphys2"",""probe.output_subdir=seed_runs_intphys2_ltx13b_linear_mlp/intphys2__ltx_video__linear__slot_29/seed_102"",""probe.eval_output_dir=artifacts/results/intphys2"",""probe.eval_output_subdir=seed_runs_intphys2_ltx13b_linear_mlp/intphys2__ltx_video__linear__slot_29/seed_102"",""probe.wandb.group=seed_runs_intphys2_ltx13b_linear_mlp_intphys2__ltx_video__linear__slot_29"",""probe.wandb.name=intphys2__ltx_video__linear__slot_29__seed_102""]",results/verified_layerwise_probe_configs.csv,268,270,48305ac967012ae3,VERIFIED_FULL,"{""batch_size"":32,""depth_layer_id"":12,""early_stopping"":{""enabled"":true,""patience"":5},""epochs"":100,""feature_view"":""pooled"",""layer"":29,""lr"":0.000613634824575451,""slot"":29,""weight_decay"":0.004525372996007366}",output/training/intphys2/linear/intphys2_ltx_linear_layers_22572277.out
intphys2__ltx_video__linear__slot_30__seed_101,intphys2__ltx_video__linear__slot_30,train_eval.probe.intphys2,IntPhys2,intphys2,ltx,LTX-Video,LTX-13B,Linear,linear,101,42,ltx_video,ltxv_13b_0_9_8_distilled,30,30,noise_0.3_block_24,pooled,0.008013349589915042,1.086383341945677e-08,64,1024,100,false,5,,,,,,,cpu,artifacts/probes/intphys2,seed_runs_intphys2_ltx13b_linear_mlp/intphys2__ltx_video__linear__slot_30/seed_101,artifacts/results/intphys2,seed_runs_intphys2_ltx13b_linear_mlp/intphys2__ltx_video__linear__slot_30/seed_101,seed_runs_intphys2_ltx13b_linear_mlp_intphys2__ltx_video__linear__slot_30,intphys2__ltx_video__linear__slot_30__seed_101,pending,,"[""seed=101"",""split.seed=42"",""backbone.name=ltx_video"",""+backbone.kwargs.variant=ltxv_13b_0_9_8_distilled"",""probe.name=linear"",""probe.layer=30"",""probe.layers=[]"",""probe.feature_view=pooled"",""probe.device=cpu"",""probe.lr=0.008013349589915042"",""probe.weight_decay=1.086383341945677e-08"",""probe.batch_size=64"",""probe.eval_batch_size=1024"",""probe.epochs=100"",""probe.early_stopping.enabled=false"",""probe.early_stopping.patience=5"",""probe.optuna.enabled=false"",""probe.output_dir=artifacts/probes/intphys2"",""probe.output_subdir=seed_runs_intphys2_ltx13b_linear_mlp/intphys2__ltx_video__linear__slot_30/seed_101"",""probe.eval_output_dir=artifacts/results/intphys2"",""probe.eval_output_subdir=seed_runs_intphys2_ltx13b_linear_mlp/intphys2__ltx_video__linear__slot_30/seed_101"",""probe.wandb.group=seed_runs_intphys2_ltx13b_linear_mlp_intphys2__ltx_video__linear__slot_30"",""probe.wandb.name=intphys2__ltx_video__linear__slot_30__seed_101""]",results/verified_layerwise_probe_configs.csv,269,271,942d01f76458bb69,VERIFIED_FULL,"{""batch_size"":64,""depth_layer_id"":24,""early_stopping"":{""enabled"":true,""patience"":5},""epochs"":100,""feature_view"":""pooled"",""layer"":30,""lr"":0.008013349589915042,""slot"":30,""weight_decay"":1.086383341945677e-08}",output/training/intphys2/linear/intphys2_ltx_linear_layers_22572277.out
intphys2__ltx_video__linear__slot_30__seed_102,intphys2__ltx_video__linear__slot_30,train_eval.probe.intphys2,IntPhys2,intphys2,ltx,LTX-Video,LTX-13B,Linear,linear,102,42,ltx_video,ltxv_13b_0_9_8_distilled,30,30,noise_0.3_block_24,pooled,0.008013349589915042,1.086383341945677e-08,64,1024,100,false,5,,,,,,,cpu,artifacts/probes/intphys2,seed_runs_intphys2_ltx13b_linear_mlp/intphys2__ltx_video__linear__slot_30/seed_102,artifacts/results/intphys2,seed_runs_intphys2_ltx13b_linear_mlp/intphys2__ltx_video__linear__slot_30/seed_102,seed_runs_intphys2_ltx13b_linear_mlp_intphys2__ltx_video__linear__slot_30,intphys2__ltx_video__linear__slot_30__seed_102,pending,,"[""seed=102"",""split.seed=42"",""backbone.name=ltx_video"",""+backbone.kwargs.variant=ltxv_13b_0_9_8_distilled"",""probe.name=linear"",""probe.layer=30"",""probe.layers=[]"",""probe.feature_view=pooled"",""probe.device=cpu"",""probe.lr=0.008013349589915042"",""probe.weight_decay=1.086383341945677e-08"",""probe.batch_size=64"",""probe.eval_batch_size=1024"",""probe.epochs=100"",""probe.early_stopping.enabled=false"",""probe.early_stopping.patience=5"",""probe.optuna.enabled=false"",""probe.output_dir=artifacts/probes/intphys2"",""probe.output_subdir=seed_runs_intphys2_ltx13b_linear_mlp/intphys2__ltx_video__linear__slot_30/seed_102"",""probe.eval_output_dir=artifacts/results/intphys2"",""probe.eval_output_subdir=seed_runs_intphys2_ltx13b_linear_mlp/intphys2__ltx_video__linear__slot_30/seed_102"",""probe.wandb.group=seed_runs_intphys2_ltx13b_linear_mlp_intphys2__ltx_video__linear__slot_30"",""probe.wandb.name=intphys2__ltx_video__linear__slot_30__seed_102""]",results/verified_layerwise_probe_configs.csv,269,271,942d01f76458bb69,VERIFIED_FULL,"{""batch_size"":64,""depth_layer_id"":24,""early_stopping"":{""enabled"":true,""patience"":5},""epochs"":100,""feature_view"":""pooled"",""layer"":30,""lr"":0.008013349589915042,""slot"":30,""weight_decay"":1.086383341945677e-08}",output/training/intphys2/linear/intphys2_ltx_linear_layers_22572277.out
intphys2__ltx_video__linear__slot_31__seed_101,intphys2__ltx_video__linear__slot_31,train_eval.probe.intphys2,IntPhys2,intphys2,ltx,LTX-Video,LTX-13B,Linear,linear,101,42,ltx_video,ltxv_13b_0_9_8_distilled,31,31,noise_0.3_block_36,pooled,0.008691091951617512,1.4016628598724878e-07,32,1024,20,false,5,,,,,,,cpu,artifacts/probes/intphys2,seed_runs_intphys2_ltx13b_linear_mlp/intphys2__ltx_video__linear__slot_31/seed_101,artifacts/results/intphys2,seed_runs_intphys2_ltx13b_linear_mlp/intphys2__ltx_video__linear__slot_31/seed_101,seed_runs_intphys2_ltx13b_linear_mlp_intphys2__ltx_video__linear__slot_31,intphys2__ltx_video__linear__slot_31__seed_101,pending,,"[""seed=101"",""split.seed=42"",""backbone.name=ltx_video"",""+backbone.kwargs.variant=ltxv_13b_0_9_8_distilled"",""probe.name=linear"",""probe.layer=31"",""probe.layers=[]"",""probe.feature_view=pooled"",""probe.device=cpu"",""probe.lr=0.008691091951617512"",""probe.weight_decay=1.4016628598724878e-07"",""probe.batch_size=32"",""probe.eval_batch_size=1024"",""probe.epochs=20"",""probe.early_stopping.enabled=false"",""probe.early_stopping.patience=5"",""probe.optuna.enabled=false"",""probe.output_dir=artifacts/probes/intphys2"",""probe.output_subdir=seed_runs_intphys2_ltx13b_linear_mlp/intphys2__ltx_video__linear__slot_31/seed_101"",""probe.eval_output_dir=artifacts/results/intphys2"",""probe.eval_output_subdir=seed_runs_intphys2_ltx13b_linear_mlp/intphys2__ltx_video__linear__slot_31/seed_101"",""probe.wandb.group=seed_runs_intphys2_ltx13b_linear_mlp_intphys2__ltx_video__linear__slot_31"",""probe.wandb.name=intphys2__ltx_video__linear__slot_31__seed_101""]",results/verified_layerwise_probe_configs.csv,270,272,3d08e78e2003c5fb,VERIFIED_FULL,"{""batch_size"":32,""depth_layer_id"":36,""early_stopping"":{""enabled"":true,""patience"":5},""epochs"":20,""feature_view"":""pooled"",""layer"":31,""lr"":0.008691091951617512,""slot"":31,""weight_decay"":1.4016628598724878e-07}",output/training/intphys2/linear/intphys2_ltx_linear_layers_22572277.out
intphys2__ltx_video__linear__slot_31__seed_102,intphys2__ltx_video__linear__slot_31,train_eval.probe.intphys2,IntPhys2,intphys2,ltx,LTX-Video,LTX-13B,Linear,linear,102,42,ltx_video,ltxv_13b_0_9_8_distilled,31,31,noise_0.3_block_36,pooled,0.008691091951617512,1.4016628598724878e-07,32,1024,20,false,5,,,,,,,cpu,artifacts/probes/intphys2,seed_runs_intphys2_ltx13b_linear_mlp/intphys2__ltx_video__linear__slot_31/seed_102,artifacts/results/intphys2,seed_runs_intphys2_ltx13b_linear_mlp/intphys2__ltx_video__linear__slot_31/seed_102,seed_runs_intphys2_ltx13b_linear_mlp_intphys2__ltx_video__linear__slot_31,intphys2__ltx_video__linear__slot_31__seed_102,pending,,"[""seed=102"",""split.seed=42"",""backbone.name=ltx_video"",""+backbone.kwargs.variant=ltxv_13b_0_9_8_distilled"",""probe.name=linear"",""probe.layer=31"",""probe.layers=[]"",""probe.feature_view=pooled"",""probe.device=cpu"",""probe.lr=0.008691091951617512"",""probe.weight_decay=1.4016628598724878e-07"",""probe.batch_size=32"",""probe.eval_batch_size=1024"",""probe.epochs=20"",""probe.early_stopping.enabled=false"",""probe.early_stopping.patience=5"",""probe.optuna.enabled=false"",""probe.output_dir=artifacts/probes/intphys2"",""probe.output_subdir=seed_runs_intphys2_ltx13b_linear_mlp/intphys2__ltx_video__linear__slot_31/seed_102"",""probe.eval_output_dir=artifacts/results/intphys2"",""probe.eval_output_subdir=seed_runs_intphys2_ltx13b_linear_mlp/intphys2__ltx_video__linear__slot_31/seed_102"",""probe.wandb.group=seed_runs_intphys2_ltx13b_linear_mlp_intphys2__ltx_video__linear__slot_31"",""probe.wandb.name=intphys2__ltx_video__linear__slot_31__seed_102""]",results/verified_layerwise_probe_configs.csv,270,272,3d08e78e2003c5fb,VERIFIED_FULL,"{""batch_size"":32,""depth_layer_id"":36,""early_stopping"":{""enabled"":true,""patience"":5},""epochs"":20,""feature_view"":""pooled"",""layer"":31,""lr"":0.008691091951617512,""slot"":31,""weight_decay"":1.4016628598724878e-07}",output/training/intphys2/linear/intphys2_ltx_linear_layers_22572277.out
intphys2__ltx_video__linear__slot_32__seed_101,intphys2__ltx_video__linear__slot_32,train_eval.probe.intphys2,IntPhys2,intphys2,ltx,LTX-Video,LTX-13B,Linear,linear,101,42,ltx_video,ltxv_13b_0_9_8_distilled,32,32,noise_0.3_block_48,pooled,0.002482076244951997,0.0003197356863530829,256,1024,20,false,5,,,,,,,cpu,artifacts/probes/intphys2,seed_runs_intphys2_ltx13b_linear_mlp/intphys2__ltx_video__linear__slot_32/seed_101,artifacts/results/intphys2,seed_runs_intphys2_ltx13b_linear_mlp/intphys2__ltx_video__linear__slot_32/seed_101,seed_runs_intphys2_ltx13b_linear_mlp_intphys2__ltx_video__linear__slot_32,intphys2__ltx_video__linear__slot_32__seed_101,pending,,"[""seed=101"",""split.seed=42"",""backbone.name=ltx_video"",""+backbone.kwargs.variant=ltxv_13b_0_9_8_distilled"",""probe.name=linear"",""probe.layer=32"",""probe.layers=[]"",""probe.feature_view=pooled"",""probe.device=cpu"",""probe.lr=0.002482076244951997"",""probe.weight_decay=0.0003197356863530829"",""probe.batch_size=256"",""probe.eval_batch_size=1024"",""probe.epochs=20"",""probe.early_stopping.enabled=false"",""probe.early_stopping.patience=5"",""probe.optuna.enabled=false"",""probe.output_dir=artifacts/probes/intphys2"",""probe.output_subdir=seed_runs_intphys2_ltx13b_linear_mlp/intphys2__ltx_video__linear__slot_32/seed_101"",""probe.eval_output_dir=artifacts/results/intphys2"",""probe.eval_output_subdir=seed_runs_intphys2_ltx13b_linear_mlp/intphys2__ltx_video__linear__slot_32/seed_101"",""probe.wandb.group=seed_runs_intphys2_ltx13b_linear_mlp_intphys2__ltx_video__linear__slot_32"",""probe.wandb.name=intphys2__ltx_video__linear__slot_32__seed_101""]",results/verified_layerwise_probe_configs.csv,271,273,9e61ba9e61965d70,VERIFIED_FULL,"{""batch_size"":256,""depth_layer_id"":48,""early_stopping"":{""enabled"":true,""patience"":5},""epochs"":20,""feature_view"":""pooled"",""layer"":32,""lr"":0.002482076244951997,""slot"":32,""weight_decay"":0.0003197356863530829}",output/training/intphys2/linear/intphys2_ltx_linear_layers_22572277.out
intphys2__ltx_video__linear__slot_32__seed_102,intphys2__ltx_video__linear__slot_32,train_eval.probe.intphys2,IntPhys2,intphys2,ltx,LTX-Video,LTX-13B,Linear,linear,102,42,ltx_video,ltxv_13b_0_9_8_distilled,32,32,noise_0.3_block_48,pooled,0.002482076244951997,0.0003197356863530829,256,1024,20,false,5,,,,,,,cpu,artifacts/probes/intphys2,seed_runs_intphys2_ltx13b_linear_mlp/intphys2__ltx_video__linear__slot_32/seed_102,artifacts/results/intphys2,seed_runs_intphys2_ltx13b_linear_mlp/intphys2__ltx_video__linear__slot_32/seed_102,seed_runs_intphys2_ltx13b_linear_mlp_intphys2__ltx_video__linear__slot_32,intphys2__ltx_video__linear__slot_32__seed_102,pending,,"[""seed=102"",""split.seed=42"",""backbone.name=ltx_video"",""+backbone.kwargs.variant=ltxv_13b_0_9_8_distilled"",""probe.name=linear"",""probe.layer=32"",""probe.layers=[]"",""probe.feature_view=pooled"",""probe.device=cpu"",""probe.lr=0.002482076244951997"",""probe.weight_decay=0.0003197356863530829"",""probe.batch_size=256"",""probe.eval_batch_size=1024"",""probe.epochs=20"",""probe.early_stopping.enabled=false"",""probe.early_stopping.patience=5"",""probe.optuna.enabled=false"",""probe.output_dir=artifacts/probes/intphys2"",""probe.output_subdir=seed_runs_intphys2_ltx13b_linear_mlp/intphys2__ltx_video__linear__slot_32/seed_102"",""probe.eval_output_dir=artifacts/results/intphys2"",""probe.eval_output_subdir=seed_runs_intphys2_ltx13b_linear_mlp/intphys2__ltx_video__linear__slot_32/seed_102"",""probe.wandb.group=seed_runs_intphys2_ltx13b_linear_mlp_intphys2__ltx_video__linear__slot_32"",""probe.wandb.name=intphys2__ltx_video__linear__slot_32__seed_102""]",results/verified_layerwise_probe_configs.csv,271,273,9e61ba9e61965d70,VERIFIED_FULL,"{""batch_size"":256,""depth_layer_id"":48,""early_stopping"":{""enabled"":true,""patience"":5},""epochs"":20,""feature_view"":""pooled"",""layer"":32,""lr"":0.002482076244951997,""slot"":32,""weight_decay"":0.0003197356863530829}",output/training/intphys2/linear/intphys2_ltx_linear_layers_22572277.out
intphys2__ltx_video__linear__slot_33__seed_101,intphys2__ltx_video__linear__slot_33,train_eval.probe.intphys2,IntPhys2,intphys2,ltx,LTX-Video,LTX-13B,Linear,linear,101,42,ltx_video,ltxv_13b_0_9_8_distilled,33,33,noise_0.2_block_12,pooled,0.003553453651334502,7.210935840467621e-08,64,1024,100,false,5,,,,,,,cpu,artifacts/probes/intphys2,seed_runs_intphys2_ltx13b_linear_mlp/intphys2__ltx_video__linear__slot_33/seed_101,artifacts/results/intphys2,seed_runs_intphys2_ltx13b_linear_mlp/intphys2__ltx_video__linear__slot_33/seed_101,seed_runs_intphys2_ltx13b_linear_mlp_intphys2__ltx_video__linear__slot_33,intphys2__ltx_video__linear__slot_33__seed_101,pending,,"[""seed=101"",""split.seed=42"",""backbone.name=ltx_video"",""+backbone.kwargs.variant=ltxv_13b_0_9_8_distilled"",""probe.name=linear"",""probe.layer=33"",""probe.layers=[]"",""probe.feature_view=pooled"",""probe.device=cpu"",""probe.lr=0.003553453651334502"",""probe.weight_decay=7.210935840467621e-08"",""probe.batch_size=64"",""probe.eval_batch_size=1024"",""probe.epochs=100"",""probe.early_stopping.enabled=false"",""probe.early_stopping.patience=5"",""probe.optuna.enabled=false"",""probe.output_dir=artifacts/probes/intphys2"",""probe.output_subdir=seed_runs_intphys2_ltx13b_linear_mlp/intphys2__ltx_video__linear__slot_33/seed_101"",""probe.eval_output_dir=artifacts/results/intphys2"",""probe.eval_output_subdir=seed_runs_intphys2_ltx13b_linear_mlp/intphys2__ltx_video__linear__slot_33/seed_101"",""probe.wandb.group=seed_runs_intphys2_ltx13b_linear_mlp_intphys2__ltx_video__linear__slot_33"",""probe.wandb.name=intphys2__ltx_video__linear__slot_33__seed_101""]",results/verified_layerwise_probe_configs.csv,272,274,028590645f13fb13,VERIFIED_FULL,"{""batch_size"":64,""depth_layer_id"":12,""early_stopping"":{""enabled"":true,""patience"":5},""epochs"":100,""feature_view"":""pooled"",""layer"":33,""lr"":0.003553453651334502,""slot"":33,""weight_decay"":7.210935840467621e-08}",output/training/intphys2/linear/intphys2_ltx_linear_layers_22572277.out
intphys2__ltx_video__linear__slot_33__seed_102,intphys2__ltx_video__linear__slot_33,train_eval.probe.intphys2,IntPhys2,intphys2,ltx,LTX-Video,LTX-13B,Linear,linear,102,42,ltx_video,ltxv_13b_0_9_8_distilled,33,33,noise_0.2_block_12,pooled,0.003553453651334502,7.210935840467621e-08,64,1024,100,false,5,,,,,,,cpu,artifacts/probes/intphys2,seed_runs_intphys2_ltx13b_linear_mlp/intphys2__ltx_video__linear__slot_33/seed_102,artifacts/results/intphys2,seed_runs_intphys2_ltx13b_linear_mlp/intphys2__ltx_video__linear__slot_33/seed_102,seed_runs_intphys2_ltx13b_linear_mlp_intphys2__ltx_video__linear__slot_33,intphys2__ltx_video__linear__slot_33__seed_102,pending,,"[""seed=102"",""split.seed=42"",""backbone.name=ltx_video"",""+backbone.kwargs.variant=ltxv_13b_0_9_8_distilled"",""probe.name=linear"",""probe.layer=33"",""probe.layers=[]"",""probe.feature_view=pooled"",""probe.device=cpu"",""probe.lr=0.003553453651334502"",""probe.weight_decay=7.210935840467621e-08"",""probe.batch_size=64"",""probe.eval_batch_size=1024"",""probe.epochs=100"",""probe.early_stopping.enabled=false"",""probe.early_stopping.patience=5"",""probe.optuna.enabled=false"",""probe.output_dir=artifacts/probes/intphys2"",""probe.output_subdir=seed_runs_intphys2_ltx13b_linear_mlp/intphys2__ltx_video__linear__slot_33/seed_102"",""probe.eval_output_dir=artifacts/results/intphys2"",""probe.eval_output_subdir=seed_runs_intphys2_ltx13b_linear_mlp/intphys2__ltx_video__linear__slot_33/seed_102"",""probe.wandb.group=seed_runs_intphys2_ltx13b_linear_mlp_intphys2__ltx_video__linear__slot_33"",""probe.wandb.name=intphys2__ltx_video__linear__slot_33__seed_102""]",results/verified_layerwise_probe_configs.csv,272,274,028590645f13fb13,VERIFIED_FULL,"{""batch_size"":64,""depth_layer_id"":12,""early_stopping"":{""enabled"":true,""patience"":5},""epochs"":100,""feature_view"":""pooled"",""layer"":33,""lr"":0.003553453651334502,""slot"":33,""weight_decay"":7.210935840467621e-08}",output/training/intphys2/linear/intphys2_ltx_linear_layers_22572277.out
intphys2__ltx_video__linear__slot_34__seed_101,intphys2__ltx_video__linear__slot_34,train_eval.probe.intphys2,IntPhys2,intphys2,ltx,LTX-Video,LTX-13B,Linear,linear,101,42,ltx_video,ltxv_13b_0_9_8_distilled,34,34,noise_0.2_block_24,pooled,0.008296796921936793,1.7074626001153678e-08,64,1024,100,false,5,,,,,,,cpu,artifacts/probes/intphys2,seed_runs_intphys2_ltx13b_linear_mlp/intphys2__ltx_video__linear__slot_34/seed_101,artifacts/results/intphys2,seed_runs_intphys2_ltx13b_linear_mlp/intphys2__ltx_video__linear__slot_34/seed_101,seed_runs_intphys2_ltx13b_linear_mlp_intphys2__ltx_video__linear__slot_34,intphys2__ltx_video__linear__slot_34__seed_101,pending,,"[""seed=101"",""split.seed=42"",""backbone.name=ltx_video"",""+backbone.kwargs.variant=ltxv_13b_0_9_8_distilled"",""probe.name=linear"",""probe.layer=34"",""probe.layers=[]"",""probe.feature_view=pooled"",""probe.device=cpu"",""probe.lr=0.008296796921936793"",""probe.weight_decay=1.7074626001153678e-08"",""probe.batch_size=64"",""probe.eval_batch_size=1024"",""probe.epochs=100"",""probe.early_stopping.enabled=false"",""probe.early_stopping.patience=5"",""probe.optuna.enabled=false"",""probe.output_dir=artifacts/probes/intphys2"",""probe.output_subdir=seed_runs_intphys2_ltx13b_linear_mlp/intphys2__ltx_video__linear__slot_34/seed_101"",""probe.eval_output_dir=artifacts/results/intphys2"",""probe.eval_output_subdir=seed_runs_intphys2_ltx13b_linear_mlp/intphys2__ltx_video__linear__slot_34/seed_101"",""probe.wandb.group=seed_runs_intphys2_ltx13b_linear_mlp_intphys2__ltx_video__linear__slot_34"",""probe.wandb.name=intphys2__ltx_video__linear__slot_34__seed_101""]",results/verified_layerwise_probe_configs.csv,273,275,d88d6069ad8bb139,VERIFIED_FULL,"{""batch_size"":64,""depth_layer_id"":24,""early_stopping"":{""enabled"":true,""patience"":5},""epochs"":100,""feature_view"":""pooled"",""layer"":34,""lr"":0.008296796921936793,""slot"":34,""weight_decay"":1.7074626001153678e-08}",output/training/intphys2/linear/intphys2_ltx_linear_layers_22572277.out
intphys2__ltx_video__linear__slot_34__seed_102,intphys2__ltx_video__linear__slot_34,train_eval.probe.intphys2,IntPhys2,intphys2,ltx,LTX-Video,LTX-13B,Linear,linear,102,42,ltx_video,ltxv_13b_0_9_8_distilled,34,34,noise_0.2_block_24,pooled,0.008296796921936793,1.7074626001153678e-08,64,1024,100,false,5,,,,,,,cpu,artifacts/probes/intphys2,seed_runs_intphys2_ltx13b_linear_mlp/intphys2__ltx_video__linear__slot_34/seed_102,artifacts/results/intphys2,seed_runs_intphys2_ltx13b_linear_mlp/intphys2__ltx_video__linear__slot_34/seed_102,seed_runs_intphys2_ltx13b_linear_mlp_intphys2__ltx_video__linear__slot_34,intphys2__ltx_video__linear__slot_34__seed_102,pending,,"[""seed=102"",""split.seed=42"",""backbone.name=ltx_video"",""+backbone.kwargs.variant=ltxv_13b_0_9_8_distilled"",""probe.name=linear"",""probe.layer=34"",""probe.layers=[]"",""probe.feature_view=pooled"",""probe.device=cpu"",""probe.lr=0.008296796921936793"",""probe.weight_decay=1.7074626001153678e-08"",""probe.batch_size=64"",""probe.eval_batch_size=1024"",""probe.epochs=100"",""probe.early_stopping.enabled=false"",""probe.early_stopping.patience=5"",""probe.optuna.enabled=false"",""probe.output_dir=artifacts/probes/intphys2"",""probe.output_subdir=seed_runs_intphys2_ltx13b_linear_mlp/intphys2__ltx_video__linear__slot_34/seed_102"",""probe.eval_output_dir=artifacts/results/intphys2"",""probe.eval_output_subdir=seed_runs_intphys2_ltx13b_linear_mlp/intphys2__ltx_video__linear__slot_34/seed_102"",""probe.wandb.group=seed_runs_intphys2_ltx13b_linear_mlp_intphys2__ltx_video__linear__slot_34"",""probe.wandb.name=intphys2__ltx_video__linear__slot_34__seed_102""]",results/verified_layerwise_probe_configs.csv,273,275,d88d6069ad8bb139,VERIFIED_FULL,"{""batch_size"":64,""depth_layer_id"":24,""early_stopping"":{""enabled"":true,""patience"":5},""epochs"":100,""feature_view"":""pooled"",""layer"":34,""lr"":0.008296796921936793,""slot"":34,""weight_decay"":1.7074626001153678e-08}",output/training/intphys2/linear/intphys2_ltx_linear_layers_22572277.out
intphys2__ltx_video__linear__slot_35__seed_101,intphys2__ltx_video__linear__slot_35,train_eval.probe.intphys2,IntPhys2,intphys2,ltx,LTX-Video,LTX-13B,Linear,linear,101,42,ltx_video,ltxv_13b_0_9_8_distilled,35,35,noise_0.2_block_36,pooled,0.008296796921936793,1.7074626001153678e-08,64,1024,100,false,5,,,,,,,cpu,artifacts/probes/intphys2,seed_runs_intphys2_ltx13b_linear_mlp/intphys2__ltx_video__linear__slot_35/seed_101,artifacts/results/intphys2,seed_runs_intphys2_ltx13b_linear_mlp/intphys2__ltx_video__linear__slot_35/seed_101,seed_runs_intphys2_ltx13b_linear_mlp_intphys2__ltx_video__linear__slot_35,intphys2__ltx_video__linear__slot_35__seed_101,pending,,"[""seed=101"",""split.seed=42"",""backbone.name=ltx_video"",""+backbone.kwargs.variant=ltxv_13b_0_9_8_distilled"",""probe.name=linear"",""probe.layer=35"",""probe.layers=[]"",""probe.feature_view=pooled"",""probe.device=cpu"",""probe.lr=0.008296796921936793"",""probe.weight_decay=1.7074626001153678e-08"",""probe.batch_size=64"",""probe.eval_batch_size=1024"",""probe.epochs=100"",""probe.early_stopping.enabled=false"",""probe.early_stopping.patience=5"",""probe.optuna.enabled=false"",""probe.output_dir=artifacts/probes/intphys2"",""probe.output_subdir=seed_runs_intphys2_ltx13b_linear_mlp/intphys2__ltx_video__linear__slot_35/seed_101"",""probe.eval_output_dir=artifacts/results/intphys2"",""probe.eval_output_subdir=seed_runs_intphys2_ltx13b_linear_mlp/intphys2__ltx_video__linear__slot_35/seed_101"",""probe.wandb.group=seed_runs_intphys2_ltx13b_linear_mlp_intphys2__ltx_video__linear__slot_35"",""probe.wandb.name=intphys2__ltx_video__linear__slot_35__seed_101""]",results/verified_layerwise_probe_configs.csv,274,276,2d0ab7f7e1425016,VERIFIED_FULL,"{""batch_size"":64,""depth_layer_id"":36,""early_stopping"":{""enabled"":true,""patience"":5},""epochs"":100,""feature_view"":""pooled"",""layer"":35,""lr"":0.008296796921936793,""slot"":35,""weight_decay"":1.7074626001153678e-08}",output/training/intphys2/linear/intphys2_ltx_linear_layers_22572277.out
intphys2__ltx_video__linear__slot_35__seed_102,intphys2__ltx_video__linear__slot_35,train_eval.probe.intphys2,IntPhys2,intphys2,ltx,LTX-Video,LTX-13B,Linear,linear,102,42,ltx_video,ltxv_13b_0_9_8_distilled,35,35,noise_0.2_block_36,pooled,0.008296796921936793,1.7074626001153678e-08,64,1024,100,false,5,,,,,,,cpu,artifacts/probes/intphys2,seed_runs_intphys2_ltx13b_linear_mlp/intphys2__ltx_video__linear__slot_35/seed_102,artifacts/results/intphys2,seed_runs_intphys2_ltx13b_linear_mlp/intphys2__ltx_video__linear__slot_35/seed_102,seed_runs_intphys2_ltx13b_linear_mlp_intphys2__ltx_video__linear__slot_35,intphys2__ltx_video__linear__slot_35__seed_102,pending,,"[""seed=102"",""split.seed=42"",""backbone.name=ltx_video"",""+backbone.kwargs.variant=ltxv_13b_0_9_8_distilled"",""probe.name=linear"",""probe.layer=35"",""probe.layers=[]"",""probe.feature_view=pooled"",""probe.device=cpu"",""probe.lr=0.008296796921936793"",""probe.weight_decay=1.7074626001153678e-08"",""probe.batch_size=64"",""probe.eval_batch_size=1024"",""probe.epochs=100"",""probe.early_stopping.enabled=false"",""probe.early_stopping.patience=5"",""probe.optuna.enabled=false"",""probe.output_dir=artifacts/probes/intphys2"",""probe.output_subdir=seed_runs_intphys2_ltx13b_linear_mlp/intphys2__ltx_video__linear__slot_35/seed_102"",""probe.eval_output_dir=artifacts/results/intphys2"",""probe.eval_output_subdir=seed_runs_intphys2_ltx13b_linear_mlp/intphys2__ltx_video__linear__slot_35/seed_102"",""probe.wandb.group=seed_runs_intphys2_ltx13b_linear_mlp_intphys2__ltx_video__linear__slot_35"",""probe.wandb.name=intphys2__ltx_video__linear__slot_35__seed_102""]",results/verified_layerwise_probe_configs.csv,274,276,2d0ab7f7e1425016,VERIFIED_FULL,"{""batch_size"":64,""depth_layer_id"":36,""early_stopping"":{""enabled"":true,""patience"":5},""epochs"":100,""feature_view"":""pooled"",""layer"":35,""lr"":0.008296796921936793,""slot"":35,""weight_decay"":1.7074626001153678e-08}",output/training/intphys2/linear/intphys2_ltx_linear_layers_22572277.out
intphys2__ltx_video__linear__slot_36__seed_101,intphys2__ltx_video__linear__slot_36,train_eval.probe.intphys2,IntPhys2,intphys2,ltx,LTX-Video,LTX-13B,Linear,linear,101,42,ltx_video,ltxv_13b_0_9_8_distilled,36,36,noise_0.2_block_48,pooled,0.007180892821067769,1.051368030362245e-08,64,1024,100,false,5,,,,,,,cpu,artifacts/probes/intphys2,seed_runs_intphys2_ltx13b_linear_mlp/intphys2__ltx_video__linear__slot_36/seed_101,artifacts/results/intphys2,seed_runs_intphys2_ltx13b_linear_mlp/intphys2__ltx_video__linear__slot_36/seed_101,seed_runs_intphys2_ltx13b_linear_mlp_intphys2__ltx_video__linear__slot_36,intphys2__ltx_video__linear__slot_36__seed_101,pending,,"[""seed=101"",""split.seed=42"",""backbone.name=ltx_video"",""+backbone.kwargs.variant=ltxv_13b_0_9_8_distilled"",""probe.name=linear"",""probe.layer=36"",""probe.layers=[]"",""probe.feature_view=pooled"",""probe.device=cpu"",""probe.lr=0.007180892821067769"",""probe.weight_decay=1.051368030362245e-08"",""probe.batch_size=64"",""probe.eval_batch_size=1024"",""probe.epochs=100"",""probe.early_stopping.enabled=false"",""probe.early_stopping.patience=5"",""probe.optuna.enabled=false"",""probe.output_dir=artifacts/probes/intphys2"",""probe.output_subdir=seed_runs_intphys2_ltx13b_linear_mlp/intphys2__ltx_video__linear__slot_36/seed_101"",""probe.eval_output_dir=artifacts/results/intphys2"",""probe.eval_output_subdir=seed_runs_intphys2_ltx13b_linear_mlp/intphys2__ltx_video__linear__slot_36/seed_101"",""probe.wandb.group=seed_runs_intphys2_ltx13b_linear_mlp_intphys2__ltx_video__linear__slot_36"",""probe.wandb.name=intphys2__ltx_video__linear__slot_36__seed_101""]",results/verified_layerwise_probe_configs.csv,275,277,43883e8c8655e8a8,VERIFIED_FULL,"{""batch_size"":64,""depth_layer_id"":48,""early_stopping"":{""enabled"":true,""patience"":5},""epochs"":100,""feature_view"":""pooled"",""layer"":36,""lr"":0.007180892821067769,""slot"":36,""weight_decay"":1.051368030362245e-08}",output/training/intphys2/linear/intphys2_ltx_linear_layers_22572277.out
intphys2__ltx_video__linear__slot_36__seed_102,intphys2__ltx_video__linear__slot_36,train_eval.probe.intphys2,IntPhys2,intphys2,ltx,LTX-Video,LTX-13B,Linear,linear,102,42,ltx_video,ltxv_13b_0_9_8_distilled,36,36,noise_0.2_block_48,pooled,0.007180892821067769,1.051368030362245e-08,64,1024,100,false,5,,,,,,,cpu,artifacts/probes/intphys2,seed_runs_intphys2_ltx13b_linear_mlp/intphys2__ltx_video__linear__slot_36/seed_102,artifacts/results/intphys2,seed_runs_intphys2_ltx13b_linear_mlp/intphys2__ltx_video__linear__slot_36/seed_102,seed_runs_intphys2_ltx13b_linear_mlp_intphys2__ltx_video__linear__slot_36,intphys2__ltx_video__linear__slot_36__seed_102,pending,,"[""seed=102"",""split.seed=42"",""backbone.name=ltx_video"",""+backbone.kwargs.variant=ltxv_13b_0_9_8_distilled"",""probe.name=linear"",""probe.layer=36"",""probe.layers=[]"",""probe.feature_view=pooled"",""probe.device=cpu"",""probe.lr=0.007180892821067769"",""probe.weight_decay=1.051368030362245e-08"",""probe.batch_size=64"",""probe.eval_batch_size=1024"",""probe.epochs=100"",""probe.early_stopping.enabled=false"",""probe.early_stopping.patience=5"",""probe.optuna.enabled=false"",""probe.output_dir=artifacts/probes/intphys2"",""probe.output_subdir=seed_runs_intphys2_ltx13b_linear_mlp/intphys2__ltx_video__linear__slot_36/seed_102"",""probe.eval_output_dir=artifacts/results/intphys2"",""probe.eval_output_subdir=seed_runs_intphys2_ltx13b_linear_mlp/intphys2__ltx_video__linear__slot_36/seed_102"",""probe.wandb.group=seed_runs_intphys2_ltx13b_linear_mlp_intphys2__ltx_video__linear__slot_36"",""probe.wandb.name=intphys2__ltx_video__linear__slot_36__seed_102""]",results/verified_layerwise_probe_configs.csv,275,277,43883e8c8655e8a8,VERIFIED_FULL,"{""batch_size"":64,""depth_layer_id"":48,""early_stopping"":{""enabled"":true,""patience"":5},""epochs"":100,""feature_view"":""pooled"",""layer"":36,""lr"":0.007180892821067769,""slot"":36,""weight_decay"":1.051368030362245e-08}",output/training/intphys2/linear/intphys2_ltx_linear_layers_22572277.out
intphys2__ltx_video__linear__slot_37__seed_101,intphys2__ltx_video__linear__slot_37,train_eval.probe.intphys2,IntPhys2,intphys2,ltx,LTX-Video,LTX-13B,Linear,linear,101,42,ltx_video,ltxv_13b_0_9_8_distilled,37,37,noise_0.1_block_12,pooled,0.00019762189340280086,5.589524205217922e-07,32,1024,50,false,5,,,,,,,cpu,artifacts/probes/intphys2,seed_runs_intphys2_ltx13b_linear_mlp/intphys2__ltx_video__linear__slot_37/seed_101,artifacts/results/intphys2,seed_runs_intphys2_ltx13b_linear_mlp/intphys2__ltx_video__linear__slot_37/seed_101,seed_runs_intphys2_ltx13b_linear_mlp_intphys2__ltx_video__linear__slot_37,intphys2__ltx_video__linear__slot_37__seed_101,pending,,"[""seed=101"",""split.seed=42"",""backbone.name=ltx_video"",""+backbone.kwargs.variant=ltxv_13b_0_9_8_distilled"",""probe.name=linear"",""probe.layer=37"",""probe.layers=[]"",""probe.feature_view=pooled"",""probe.device=cpu"",""probe.lr=0.00019762189340280086"",""probe.weight_decay=5.589524205217922e-07"",""probe.batch_size=32"",""probe.eval_batch_size=1024"",""probe.epochs=50"",""probe.early_stopping.enabled=false"",""probe.early_stopping.patience=5"",""probe.optuna.enabled=false"",""probe.output_dir=artifacts/probes/intphys2"",""probe.output_subdir=seed_runs_intphys2_ltx13b_linear_mlp/intphys2__ltx_video__linear__slot_37/seed_101"",""probe.eval_output_dir=artifacts/results/intphys2"",""probe.eval_output_subdir=seed_runs_intphys2_ltx13b_linear_mlp/intphys2__ltx_video__linear__slot_37/seed_101"",""probe.wandb.group=seed_runs_intphys2_ltx13b_linear_mlp_intphys2__ltx_video__linear__slot_37"",""probe.wandb.name=intphys2__ltx_video__linear__slot_37__seed_101""]",results/verified_layerwise_probe_configs.csv,276,278,5faa544e0bea9239,VERIFIED_FULL,"{""batch_size"":32,""depth_layer_id"":12,""early_stopping"":{""enabled"":true,""patience"":5},""epochs"":50,""feature_view"":""pooled"",""layer"":37,""lr"":0.00019762189340280086,""slot"":37,""weight_decay"":5.589524205217922e-07}",output/training/intphys2/linear/intphys2_ltx_linear_layers_22572277.out
intphys2__ltx_video__linear__slot_37__seed_102,intphys2__ltx_video__linear__slot_37,train_eval.probe.intphys2,IntPhys2,intphys2,ltx,LTX-Video,LTX-13B,Linear,linear,102,42,ltx_video,ltxv_13b_0_9_8_distilled,37,37,noise_0.1_block_12,pooled,0.00019762189340280086,5.589524205217922e-07,32,1024,50,false,5,,,,,,,cpu,artifacts/probes/intphys2,seed_runs_intphys2_ltx13b_linear_mlp/intphys2__ltx_video__linear__slot_37/seed_102,artifacts/results/intphys2,seed_runs_intphys2_ltx13b_linear_mlp/intphys2__ltx_video__linear__slot_37/seed_102,seed_runs_intphys2_ltx13b_linear_mlp_intphys2__ltx_video__linear__slot_37,intphys2__ltx_video__linear__slot_37__seed_102,pending,,"[""seed=102"",""split.seed=42"",""backbone.name=ltx_video"",""+backbone.kwargs.variant=ltxv_13b_0_9_8_distilled"",""probe.name=linear"",""probe.layer=37"",""probe.layers=[]"",""probe.feature_view=pooled"",""probe.device=cpu"",""probe.lr=0.00019762189340280086"",""probe.weight_decay=5.589524205217922e-07"",""probe.batch_size=32"",""probe.eval_batch_size=1024"",""probe.epochs=50"",""probe.early_stopping.enabled=false"",""probe.early_stopping.patience=5"",""probe.optuna.enabled=false"",""probe.output_dir=artifacts/probes/intphys2"",""probe.output_subdir=seed_runs_intphys2_ltx13b_linear_mlp/intphys2__ltx_video__linear__slot_37/seed_102"",""probe.eval_output_dir=artifacts/results/intphys2"",""probe.eval_output_subdir=seed_runs_intphys2_ltx13b_linear_mlp/intphys2__ltx_video__linear__slot_37/seed_102"",""probe.wandb.group=seed_runs_intphys2_ltx13b_linear_mlp_intphys2__ltx_video__linear__slot_37"",""probe.wandb.name=intphys2__ltx_video__linear__slot_37__seed_102""]",results/verified_layerwise_probe_configs.csv,276,278,5faa544e0bea9239,VERIFIED_FULL,"{""batch_size"":32,""depth_layer_id"":12,""early_stopping"":{""enabled"":true,""patience"":5},""epochs"":50,""feature_view"":""pooled"",""layer"":37,""lr"":0.00019762189340280086,""slot"":37,""weight_decay"":5.589524205217922e-07}",output/training/intphys2/linear/intphys2_ltx_linear_layers_22572277.out
intphys2__ltx_video__linear__slot_38__seed_101,intphys2__ltx_video__linear__slot_38,train_eval.probe.intphys2,IntPhys2,intphys2,ltx,LTX-Video,LTX-13B,Linear,linear,101,42,ltx_video,ltxv_13b_0_9_8_distilled,38,38,noise_0.1_block_24,pooled,0.005402336346283585,2.1405773509077468e-05,32,1024,100,false,5,,,,,,,cpu,artifacts/probes/intphys2,seed_runs_intphys2_ltx13b_linear_mlp/intphys2__ltx_video__linear__slot_38/seed_101,artifacts/results/intphys2,seed_runs_intphys2_ltx13b_linear_mlp/intphys2__ltx_video__linear__slot_38/seed_101,seed_runs_intphys2_ltx13b_linear_mlp_intphys2__ltx_video__linear__slot_38,intphys2__ltx_video__linear__slot_38__seed_101,pending,,"[""seed=101"",""split.seed=42"",""backbone.name=ltx_video"",""+backbone.kwargs.variant=ltxv_13b_0_9_8_distilled"",""probe.name=linear"",""probe.layer=38"",""probe.layers=[]"",""probe.feature_view=pooled"",""probe.device=cpu"",""probe.lr=0.005402336346283585"",""probe.weight_decay=2.1405773509077468e-05"",""probe.batch_size=32"",""probe.eval_batch_size=1024"",""probe.epochs=100"",""probe.early_stopping.enabled=false"",""probe.early_stopping.patience=5"",""probe.optuna.enabled=false"",""probe.output_dir=artifacts/probes/intphys2"",""probe.output_subdir=seed_runs_intphys2_ltx13b_linear_mlp/intphys2__ltx_video__linear__slot_38/seed_101"",""probe.eval_output_dir=artifacts/results/intphys2"",""probe.eval_output_subdir=seed_runs_intphys2_ltx13b_linear_mlp/intphys2__ltx_video__linear__slot_38/seed_101"",""probe.wandb.group=seed_runs_intphys2_ltx13b_linear_mlp_intphys2__ltx_video__linear__slot_38"",""probe.wandb.name=intphys2__ltx_video__linear__slot_38__seed_101""]",results/verified_layerwise_probe_configs.csv,277,279,b03f050085ab74d5,VERIFIED_FULL,"{""batch_size"":32,""depth_layer_id"":24,""early_stopping"":{""enabled"":true,""patience"":5},""epochs"":100,""feature_view"":""pooled"",""layer"":38,""lr"":0.005402336346283585,""slot"":38,""weight_decay"":2.1405773509077468e-05}",output/training/intphys2/linear/intphys2_ltx_linear_layers_22572277.out
intphys2__ltx_video__linear__slot_38__seed_102,intphys2__ltx_video__linear__slot_38,train_eval.probe.intphys2,IntPhys2,intphys2,ltx,LTX-Video,LTX-13B,Linear,linear,102,42,ltx_video,ltxv_13b_0_9_8_distilled,38,38,noise_0.1_block_24,pooled,0.005402336346283585,2.1405773509077468e-05,32,1024,100,false,5,,,,,,,cpu,artifacts/probes/intphys2,seed_runs_intphys2_ltx13b_linear_mlp/intphys2__ltx_video__linear__slot_38/seed_102,artifacts/results/intphys2,seed_runs_intphys2_ltx13b_linear_mlp/intphys2__ltx_video__linear__slot_38/seed_102,seed_runs_intphys2_ltx13b_linear_mlp_intphys2__ltx_video__linear__slot_38,intphys2__ltx_video__linear__slot_38__seed_102,pending,,"[""seed=102"",""split.seed=42"",""backbone.name=ltx_video"",""+backbone.kwargs.variant=ltxv_13b_0_9_8_distilled"",""probe.name=linear"",""probe.layer=38"",""probe.layers=[]"",""probe.feature_view=pooled"",""probe.device=cpu"",""probe.lr=0.005402336346283585"",""probe.weight_decay=2.1405773509077468e-05"",""probe.batch_size=32"",""probe.eval_batch_size=1024"",""probe.epochs=100"",""probe.early_stopping.enabled=false"",""probe.early_stopping.patience=5"",""probe.optuna.enabled=false"",""probe.output_dir=artifacts/probes/intphys2"",""probe.output_subdir=seed_runs_intphys2_ltx13b_linear_mlp/intphys2__ltx_video__linear__slot_38/seed_102"",""probe.eval_output_dir=artifacts/results/intphys2"",""probe.eval_output_subdir=seed_runs_intphys2_ltx13b_linear_mlp/intphys2__ltx_video__linear__slot_38/seed_102"",""probe.wandb.group=seed_runs_intphys2_ltx13b_linear_mlp_intphys2__ltx_video__linear__slot_38"",""probe.wandb.name=intphys2__ltx_video__linear__slot_38__seed_102""]",results/verified_layerwise_probe_configs.csv,277,279,b03f050085ab74d5,VERIFIED_FULL,"{""batch_size"":32,""depth_layer_id"":24,""early_stopping"":{""enabled"":true,""patience"":5},""epochs"":100,""feature_view"":""pooled"",""layer"":38,""lr"":0.005402336346283585,""slot"":38,""weight_decay"":2.1405773509077468e-05}",output/training/intphys2/linear/intphys2_ltx_linear_layers_22572277.out
intphys2__ltx_video__linear__slot_39__seed_101,intphys2__ltx_video__linear__slot_39,train_eval.probe.intphys2,IntPhys2,intphys2,ltx,LTX-Video,LTX-13B,Linear,linear,101,42,ltx_video,ltxv_13b_0_9_8_distilled,39,39,noise_0.1_block_36,pooled,0.008013349589915042,1.086383341945677e-08,64,1024,100,false,5,,,,,,,cpu,artifacts/probes/intphys2,seed_runs_intphys2_ltx13b_linear_mlp/intphys2__ltx_video__linear__slot_39/seed_101,artifacts/results/intphys2,seed_runs_intphys2_ltx13b_linear_mlp/intphys2__ltx_video__linear__slot_39/seed_101,seed_runs_intphys2_ltx13b_linear_mlp_intphys2__ltx_video__linear__slot_39,intphys2__ltx_video__linear__slot_39__seed_101,pending,,"[""seed=101"",""split.seed=42"",""backbone.name=ltx_video"",""+backbone.kwargs.variant=ltxv_13b_0_9_8_distilled"",""probe.name=linear"",""probe.layer=39"",""probe.layers=[]"",""probe.feature_view=pooled"",""probe.device=cpu"",""probe.lr=0.008013349589915042"",""probe.weight_decay=1.086383341945677e-08"",""probe.batch_size=64"",""probe.eval_batch_size=1024"",""probe.epochs=100"",""probe.early_stopping.enabled=false"",""probe.early_stopping.patience=5"",""probe.optuna.enabled=false"",""probe.output_dir=artifacts/probes/intphys2"",""probe.output_subdir=seed_runs_intphys2_ltx13b_linear_mlp/intphys2__ltx_video__linear__slot_39/seed_101"",""probe.eval_output_dir=artifacts/results/intphys2"",""probe.eval_output_subdir=seed_runs_intphys2_ltx13b_linear_mlp/intphys2__ltx_video__linear__slot_39/seed_101"",""probe.wandb.group=seed_runs_intphys2_ltx13b_linear_mlp_intphys2__ltx_video__linear__slot_39"",""probe.wandb.name=intphys2__ltx_video__linear__slot_39__seed_101""]",results/verified_layerwise_probe_configs.csv,278,280,e9e55aaf6ada236d,VERIFIED_FULL,"{""batch_size"":64,""depth_layer_id"":36,""early_stopping"":{""enabled"":true,""patience"":5},""epochs"":100,""feature_view"":""pooled"",""layer"":39,""lr"":0.008013349589915042,""slot"":39,""weight_decay"":1.086383341945677e-08}",output/training/intphys2/linear/intphys2_ltx_linear_layers_22572277.out
intphys2__ltx_video__linear__slot_39__seed_102,intphys2__ltx_video__linear__slot_39,train_eval.probe.intphys2,IntPhys2,intphys2,ltx,LTX-Video,LTX-13B,Linear,linear,102,42,ltx_video,ltxv_13b_0_9_8_distilled,39,39,noise_0.1_block_36,pooled,0.008013349589915042,1.086383341945677e-08,64,1024,100,false,5,,,,,,,cpu,artifacts/probes/intphys2,seed_runs_intphys2_ltx13b_linear_mlp/intphys2__ltx_video__linear__slot_39/seed_102,artifacts/results/intphys2,seed_runs_intphys2_ltx13b_linear_mlp/intphys2__ltx_video__linear__slot_39/seed_102,seed_runs_intphys2_ltx13b_linear_mlp_intphys2__ltx_video__linear__slot_39,intphys2__ltx_video__linear__slot_39__seed_102,pending,,"[""seed=102"",""split.seed=42"",""backbone.name=ltx_video"",""+backbone.kwargs.variant=ltxv_13b_0_9_8_distilled"",""probe.name=linear"",""probe.layer=39"",""probe.layers=[]"",""probe.feature_view=pooled"",""probe.device=cpu"",""probe.lr=0.008013349589915042"",""probe.weight_decay=1.086383341945677e-08"",""probe.batch_size=64"",""probe.eval_batch_size=1024"",""probe.epochs=100"",""probe.early_stopping.enabled=false"",""probe.early_stopping.patience=5"",""probe.optuna.enabled=false"",""probe.output_dir=artifacts/probes/intphys2"",""probe.output_subdir=seed_runs_intphys2_ltx13b_linear_mlp/intphys2__ltx_video__linear__slot_39/seed_102"",""probe.eval_output_dir=artifacts/results/intphys2"",""probe.eval_output_subdir=seed_runs_intphys2_ltx13b_linear_mlp/intphys2__ltx_video__linear__slot_39/seed_102"",""probe.wandb.group=seed_runs_intphys2_ltx13b_linear_mlp_intphys2__ltx_video__linear__slot_39"",""probe.wandb.name=intphys2__ltx_video__linear__slot_39__seed_102""]",results/verified_layerwise_probe_configs.csv,278,280,e9e55aaf6ada236d,VERIFIED_FULL,"{""batch_size"":64,""depth_layer_id"":36,""early_stopping"":{""enabled"":true,""patience"":5},""epochs"":100,""feature_view"":""pooled"",""layer"":39,""lr"":0.008013349589915042,""slot"":39,""weight_decay"":1.086383341945677e-08}",output/training/intphys2/linear/intphys2_ltx_linear_layers_22572277.out
intphys2__ltx_video__linear__slot_40__seed_101,intphys2__ltx_video__linear__slot_40,train_eval.probe.intphys2,IntPhys2,intphys2,ltx,LTX-Video,LTX-13B,Linear,linear,101,42,ltx_video,ltxv_13b_0_9_8_distilled,40,40,noise_0.1_block_48,pooled,0.002482076244951997,6.7407894737442e-06,32,1024,20,false,5,,,,,,,cpu,artifacts/probes/intphys2,seed_runs_intphys2_ltx13b_linear_mlp/intphys2__ltx_video__linear__slot_40/seed_101,artifacts/results/intphys2,seed_runs_intphys2_ltx13b_linear_mlp/intphys2__ltx_video__linear__slot_40/seed_101,seed_runs_intphys2_ltx13b_linear_mlp_intphys2__ltx_video__linear__slot_40,intphys2__ltx_video__linear__slot_40__seed_101,pending,,"[""seed=101"",""split.seed=42"",""backbone.name=ltx_video"",""+backbone.kwargs.variant=ltxv_13b_0_9_8_distilled"",""probe.name=linear"",""probe.layer=40"",""probe.layers=[]"",""probe.feature_view=pooled"",""probe.device=cpu"",""probe.lr=0.002482076244951997"",""probe.weight_decay=6.7407894737442e-06"",""probe.batch_size=32"",""probe.eval_batch_size=1024"",""probe.epochs=20"",""probe.early_stopping.enabled=false"",""probe.early_stopping.patience=5"",""probe.optuna.enabled=false"",""probe.output_dir=artifacts/probes/intphys2"",""probe.output_subdir=seed_runs_intphys2_ltx13b_linear_mlp/intphys2__ltx_video__linear__slot_40/seed_101"",""probe.eval_output_dir=artifacts/results/intphys2"",""probe.eval_output_subdir=seed_runs_intphys2_ltx13b_linear_mlp/intphys2__ltx_video__linear__slot_40/seed_101"",""probe.wandb.group=seed_runs_intphys2_ltx13b_linear_mlp_intphys2__ltx_video__linear__slot_40"",""probe.wandb.name=intphys2__ltx_video__linear__slot_40__seed_101""]",results/verified_layerwise_probe_configs.csv,279,281,d524fd44346337c5,VERIFIED_FULL,"{""batch_size"":32,""depth_layer_id"":48,""early_stopping"":{""enabled"":true,""patience"":5},""epochs"":20,""feature_view"":""pooled"",""layer"":40,""lr"":0.002482076244951997,""slot"":40,""weight_decay"":6.7407894737442e-06}",output/training/intphys2/linear/intphys2_ltx_linear_layers_22572277.out
intphys2__ltx_video__linear__slot_40__seed_102,intphys2__ltx_video__linear__slot_40,train_eval.probe.intphys2,IntPhys2,intphys2,ltx,LTX-Video,LTX-13B,Linear,linear,102,42,ltx_video,ltxv_13b_0_9_8_distilled,40,40,noise_0.1_block_48,pooled,0.002482076244951997,6.7407894737442e-06,32,1024,20,false,5,,,,,,,cpu,artifacts/probes/intphys2,seed_runs_intphys2_ltx13b_linear_mlp/intphys2__ltx_video__linear__slot_40/seed_102,artifacts/results/intphys2,seed_runs_intphys2_ltx13b_linear_mlp/intphys2__ltx_video__linear__slot_40/seed_102,seed_runs_intphys2_ltx13b_linear_mlp_intphys2__ltx_video__linear__slot_40,intphys2__ltx_video__linear__slot_40__seed_102,pending,,"[""seed=102"",""split.seed=42"",""backbone.name=ltx_video"",""+backbone.kwargs.variant=ltxv_13b_0_9_8_distilled"",""probe.name=linear"",""probe.layer=40"",""probe.layers=[]"",""probe.feature_view=pooled"",""probe.device=cpu"",""probe.lr=0.002482076244951997"",""probe.weight_decay=6.7407894737442e-06"",""probe.batch_size=32"",""probe.eval_batch_size=1024"",""probe.epochs=20"",""probe.early_stopping.enabled=false"",""probe.early_stopping.patience=5"",""probe.optuna.enabled=false"",""probe.output_dir=artifacts/probes/intphys2"",""probe.output_subdir=seed_runs_intphys2_ltx13b_linear_mlp/intphys2__ltx_video__linear__slot_40/seed_102"",""probe.eval_output_dir=artifacts/results/intphys2"",""probe.eval_output_subdir=seed_runs_intphys2_ltx13b_linear_mlp/intphys2__ltx_video__linear__slot_40/seed_102"",""probe.wandb.group=seed_runs_intphys2_ltx13b_linear_mlp_intphys2__ltx_video__linear__slot_40"",""probe.wandb.name=intphys2__ltx_video__linear__slot_40__seed_102""]",results/verified_layerwise_probe_configs.csv,279,281,d524fd44346337c5,VERIFIED_FULL,"{""batch_size"":32,""depth_layer_id"":48,""early_stopping"":{""enabled"":true,""patience"":5},""epochs"":20,""feature_view"":""pooled"",""layer"":40,""lr"":0.002482076244951997,""slot"":40,""weight_decay"":6.7407894737442e-06}",output/training/intphys2/linear/intphys2_ltx_linear_layers_22572277.out
intphys2__ltx_video__mlp__slot_1__seed_101,intphys2__ltx_video__mlp__slot_1,train_eval.probe.intphys2,IntPhys2,intphys2,ltx,LTX-Video,LTX-13B,MLP,mlp,101,42,ltx_video,ltxv_13b_0_9_8_distilled,1,1,noise_1.0_block_12,pooled,0.0001329291894316216,0.005061576888752304,32,1024,2000,false,5,[256],0.21597250932105788,,,,,cpu,artifacts/probes/intphys2,seed_runs_intphys2_ltx13b_linear_mlp/intphys2__ltx_video__mlp__slot_1/seed_101,artifacts/results/intphys2,seed_runs_intphys2_ltx13b_linear_mlp/intphys2__ltx_video__mlp__slot_1/seed_101,seed_runs_intphys2_ltx13b_linear_mlp_intphys2__ltx_video__mlp__slot_1,intphys2__ltx_video__mlp__slot_1__seed_101,pending,,"[""seed=101"",""split.seed=42"",""backbone.name=ltx_video"",""+backbone.kwargs.variant=ltxv_13b_0_9_8_distilled"",""probe.name=mlp"",""probe.layer=1"",""probe.layers=[]"",""probe.feature_view=pooled"",""probe.device=cpu"",""probe.lr=0.0001329291894316216"",""probe.weight_decay=0.005061576888752304"",""probe.batch_size=32"",""probe.eval_batch_size=1024"",""probe.epochs=2000"",""probe.early_stopping.enabled=false"",""probe.early_stopping.patience=5"",""probe.optuna.enabled=false"",""probe.output_dir=artifacts/probes/intphys2"",""probe.output_subdir=seed_runs_intphys2_ltx13b_linear_mlp/intphys2__ltx_video__mlp__slot_1/seed_101"",""probe.eval_output_dir=artifacts/results/intphys2"",""probe.eval_output_subdir=seed_runs_intphys2_ltx13b_linear_mlp/intphys2__ltx_video__mlp__slot_1/seed_101"",""probe.wandb.group=seed_runs_intphys2_ltx13b_linear_mlp_intphys2__ltx_video__mlp__slot_1"",""probe.wandb.name=intphys2__ltx_video__mlp__slot_1__seed_101"",""probe.mlp.hidden_dims=[256]"",""probe.mlp.dropout=0.21597250932105788""]",results/verified_layerwise_probe_configs.csv,280,282,5ecb3373d72911e4,VERIFIED_FULL,"{""batch_size"":32,""depth_layer_id"":12,""dropout"":0.21597250932105788,""early_stopping"":{""enabled"":true,""patience"":5},""epochs"":2000,""feature_view"":""pooled"",""hidden_dims"":[256],""layer"":1,""lr"":0.0001329291894316216,""slot"":1,""weight_decay"":0.005061576888752304}",output/training/intphys2/mlp/intphys2_ltx_mlp_layers_22604093.out
intphys2__ltx_video__mlp__slot_1__seed_102,intphys2__ltx_video__mlp__slot_1,train_eval.probe.intphys2,IntPhys2,intphys2,ltx,LTX-Video,LTX-13B,MLP,mlp,102,42,ltx_video,ltxv_13b_0_9_8_distilled,1,1,noise_1.0_block_12,pooled,0.0001329291894316216,0.005061576888752304,32,1024,2000,false,5,[256],0.21597250932105788,,,,,cpu,artifacts/probes/intphys2,seed_runs_intphys2_ltx13b_linear_mlp/intphys2__ltx_video__mlp__slot_1/seed_102,artifacts/results/intphys2,seed_runs_intphys2_ltx13b_linear_mlp/intphys2__ltx_video__mlp__slot_1/seed_102,seed_runs_intphys2_ltx13b_linear_mlp_intphys2__ltx_video__mlp__slot_1,intphys2__ltx_video__mlp__slot_1__seed_102,pending,,"[""seed=102"",""split.seed=42"",""backbone.name=ltx_video"",""+backbone.kwargs.variant=ltxv_13b_0_9_8_distilled"",""probe.name=mlp"",""probe.layer=1"",""probe.layers=[]"",""probe.feature_view=pooled"",""probe.device=cpu"",""probe.lr=0.0001329291894316216"",""probe.weight_decay=0.005061576888752304"",""probe.batch_size=32"",""probe.eval_batch_size=1024"",""probe.epochs=2000"",""probe.early_stopping.enabled=false"",""probe.early_stopping.patience=5"",""probe.optuna.enabled=false"",""probe.output_dir=artifacts/probes/intphys2"",""probe.output_subdir=seed_runs_intphys2_ltx13b_linear_mlp/intphys2__ltx_video__mlp__slot_1/seed_102"",""probe.eval_output_dir=artifacts/results/intphys2"",""probe.eval_output_subdir=seed_runs_intphys2_ltx13b_linear_mlp/intphys2__ltx_video__mlp__slot_1/seed_102"",""probe.wandb.group=seed_runs_intphys2_ltx13b_linear_mlp_intphys2__ltx_video__mlp__slot_1"",""probe.wandb.name=intphys2__ltx_video__mlp__slot_1__seed_102"",""probe.mlp.hidden_dims=[256]"",""probe.mlp.dropout=0.21597250932105788""]",results/verified_layerwise_probe_configs.csv,280,282,5ecb3373d72911e4,VERIFIED_FULL,"{""batch_size"":32,""depth_layer_id"":12,""dropout"":0.21597250932105788,""early_stopping"":{""enabled"":true,""patience"":5},""epochs"":2000,""feature_view"":""pooled"",""hidden_dims"":[256],""layer"":1,""lr"":0.0001329291894316216,""slot"":1,""weight_decay"":0.005061576888752304}",output/training/intphys2/mlp/intphys2_ltx_mlp_layers_22604093.out
intphys2__ltx_video__mlp__slot_2__seed_101,intphys2__ltx_video__mlp__slot_2,train_eval.probe.intphys2,IntPhys2,intphys2,ltx,LTX-Video,LTX-13B,MLP,mlp,101,42,ltx_video,ltxv_13b_0_9_8_distilled,2,2,noise_1.0_block_24,pooled,0.0001329291894316216,0.005061576888752304,32,1024,2000,false,5,[256],0.21597250932105788,,,,,cpu,artifacts/probes/intphys2,seed_runs_intphys2_ltx13b_linear_mlp/intphys2__ltx_video__mlp__slot_2/seed_101,artifacts/results/intphys2,seed_runs_intphys2_ltx13b_linear_mlp/intphys2__ltx_video__mlp__slot_2/seed_101,seed_runs_intphys2_ltx13b_linear_mlp_intphys2__ltx_video__mlp__slot_2,intphys2__ltx_video__mlp__slot_2__seed_101,pending,,"[""seed=101"",""split.seed=42"",""backbone.name=ltx_video"",""+backbone.kwargs.variant=ltxv_13b_0_9_8_distilled"",""probe.name=mlp"",""probe.layer=2"",""probe.layers=[]"",""probe.feature_view=pooled"",""probe.device=cpu"",""probe.lr=0.0001329291894316216"",""probe.weight_decay=0.005061576888752304"",""probe.batch_size=32"",""probe.eval_batch_size=1024"",""probe.epochs=2000"",""probe.early_stopping.enabled=false"",""probe.early_stopping.patience=5"",""probe.optuna.enabled=false"",""probe.output_dir=artifacts/probes/intphys2"",""probe.output_subdir=seed_runs_intphys2_ltx13b_linear_mlp/intphys2__ltx_video__mlp__slot_2/seed_101"",""probe.eval_output_dir=artifacts/results/intphys2"",""probe.eval_output_subdir=seed_runs_intphys2_ltx13b_linear_mlp/intphys2__ltx_video__mlp__slot_2/seed_101"",""probe.wandb.group=seed_runs_intphys2_ltx13b_linear_mlp_intphys2__ltx_video__mlp__slot_2"",""probe.wandb.name=intphys2__ltx_video__mlp__slot_2__seed_101"",""probe.mlp.hidden_dims=[256]"",""probe.mlp.dropout=0.21597250932105788""]",results/verified_layerwise_probe_configs.csv,281,283,670c763bf529e73f,VERIFIED_FULL,"{""batch_size"":32,""depth_layer_id"":24,""dropout"":0.21597250932105788,""early_stopping"":{""enabled"":true,""patience"":5},""epochs"":2000,""feature_view"":""pooled"",""hidden_dims"":[256],""layer"":2,""lr"":0.0001329291894316216,""slot"":2,""weight_decay"":0.005061576888752304}",output/training/intphys2/mlp/intphys2_ltx_mlp_layers_22604093.out
intphys2__ltx_video__mlp__slot_2__seed_102,intphys2__ltx_video__mlp__slot_2,train_eval.probe.intphys2,IntPhys2,intphys2,ltx,LTX-Video,LTX-13B,MLP,mlp,102,42,ltx_video,ltxv_13b_0_9_8_distilled,2,2,noise_1.0_block_24,pooled,0.0001329291894316216,0.005061576888752304,32,1024,2000,false,5,[256],0.21597250932105788,,,,,cpu,artifacts/probes/intphys2,seed_runs_intphys2_ltx13b_linear_mlp/intphys2__ltx_video__mlp__slot_2/seed_102,artifacts/results/intphys2,seed_runs_intphys2_ltx13b_linear_mlp/intphys2__ltx_video__mlp__slot_2/seed_102,seed_runs_intphys2_ltx13b_linear_mlp_intphys2__ltx_video__mlp__slot_2,intphys2__ltx_video__mlp__slot_2__seed_102,pending,,"[""seed=102"",""split.seed=42"",""backbone.name=ltx_video"",""+backbone.kwargs.variant=ltxv_13b_0_9_8_distilled"",""probe.name=mlp"",""probe.layer=2"",""probe.layers=[]"",""probe.feature_view=pooled"",""probe.device=cpu"",""probe.lr=0.0001329291894316216"",""probe.weight_decay=0.005061576888752304"",""probe.batch_size=32"",""probe.eval_batch_size=1024"",""probe.epochs=2000"",""probe.early_stopping.enabled=false"",""probe.early_stopping.patience=5"",""probe.optuna.enabled=false"",""probe.output_dir=artifacts/probes/intphys2"",""probe.output_subdir=seed_runs_intphys2_ltx13b_linear_mlp/intphys2__ltx_video__mlp__slot_2/seed_102"",""probe.eval_output_dir=artifacts/results/intphys2"",""probe.eval_output_subdir=seed_runs_intphys2_ltx13b_linear_mlp/intphys2__ltx_video__mlp__slot_2/seed_102"",""probe.wandb.group=seed_runs_intphys2_ltx13b_linear_mlp_intphys2__ltx_video__mlp__slot_2"",""probe.wandb.name=intphys2__ltx_video__mlp__slot_2__seed_102"",""probe.mlp.hidden_dims=[256]"",""probe.mlp.dropout=0.21597250932105788""]",results/verified_layerwise_probe_configs.csv,281,283,670c763bf529e73f,VERIFIED_FULL,"{""batch_size"":32,""depth_layer_id"":24,""dropout"":0.21597250932105788,""early_stopping"":{""enabled"":true,""patience"":5},""epochs"":2000,""feature_view"":""pooled"",""hidden_dims"":[256],""layer"":2,""lr"":0.0001329291894316216,""slot"":2,""weight_decay"":0.005061576888752304}",output/training/intphys2/mlp/intphys2_ltx_mlp_layers_22604093.out
intphys2__ltx_video__mlp__slot_3__seed_101,intphys2__ltx_video__mlp__slot_3,train_eval.probe.intphys2,IntPhys2,intphys2,ltx,LTX-Video,LTX-13B,MLP,mlp,101,42,ltx_video,ltxv_13b_0_9_8_distilled,3,3,noise_1.0_block_36,pooled,0.0001329291894316216,0.005061576888752304,32,1024,2000,false,5,[256],0.21597250932105788,,,,,cpu,artifacts/probes/intphys2,seed_runs_intphys2_ltx13b_linear_mlp/intphys2__ltx_video__mlp__slot_3/seed_101,artifacts/results/intphys2,seed_runs_intphys2_ltx13b_linear_mlp/intphys2__ltx_video__mlp__slot_3/seed_101,seed_runs_intphys2_ltx13b_linear_mlp_intphys2__ltx_video__mlp__slot_3,intphys2__ltx_video__mlp__slot_3__seed_101,pending,,"[""seed=101"",""split.seed=42"",""backbone.name=ltx_video"",""+backbone.kwargs.variant=ltxv_13b_0_9_8_distilled"",""probe.name=mlp"",""probe.layer=3"",""probe.layers=[]"",""probe.feature_view=pooled"",""probe.device=cpu"",""probe.lr=0.0001329291894316216"",""probe.weight_decay=0.005061576888752304"",""probe.batch_size=32"",""probe.eval_batch_size=1024"",""probe.epochs=2000"",""probe.early_stopping.enabled=false"",""probe.early_stopping.patience=5"",""probe.optuna.enabled=false"",""probe.output_dir=artifacts/probes/intphys2"",""probe.output_subdir=seed_runs_intphys2_ltx13b_linear_mlp/intphys2__ltx_video__mlp__slot_3/seed_101"",""probe.eval_output_dir=artifacts/results/intphys2"",""probe.eval_output_subdir=seed_runs_intphys2_ltx13b_linear_mlp/intphys2__ltx_video__mlp__slot_3/seed_101"",""probe.wandb.group=seed_runs_intphys2_ltx13b_linear_mlp_intphys2__ltx_video__mlp__slot_3"",""probe.wandb.name=intphys2__ltx_video__mlp__slot_3__seed_101"",""probe.mlp.hidden_dims=[256]"",""probe.mlp.dropout=0.21597250932105788""]",results/verified_layerwise_probe_configs.csv,282,284,ea8b4c37bd4fc014,VERIFIED_FULL,"{""batch_size"":32,""depth_layer_id"":36,""dropout"":0.21597250932105788,""early_stopping"":{""enabled"":true,""patience"":5},""epochs"":2000,""feature_view"":""pooled"",""hidden_dims"":[256],""layer"":3,""lr"":0.0001329291894316216,""slot"":3,""weight_decay"":0.005061576888752304}",output/training/intphys2/mlp/intphys2_ltx_mlp_layers_22604093.out
intphys2__ltx_video__mlp__slot_3__seed_102,intphys2__ltx_video__mlp__slot_3,train_eval.probe.intphys2,IntPhys2,intphys2,ltx,LTX-Video,LTX-13B,MLP,mlp,102,42,ltx_video,ltxv_13b_0_9_8_distilled,3,3,noise_1.0_block_36,pooled,0.0001329291894316216,0.005061576888752304,32,1024,2000,false,5,[256],0.21597250932105788,,,,,cpu,artifacts/probes/intphys2,seed_runs_intphys2_ltx13b_linear_mlp/intphys2__ltx_video__mlp__slot_3/seed_102,artifacts/results/intphys2,seed_runs_intphys2_ltx13b_linear_mlp/intphys2__ltx_video__mlp__slot_3/seed_102,seed_runs_intphys2_ltx13b_linear_mlp_intphys2__ltx_video__mlp__slot_3,intphys2__ltx_video__mlp__slot_3__seed_102,pending,,"[""seed=102"",""split.seed=42"",""backbone.name=ltx_video"",""+backbone.kwargs.variant=ltxv_13b_0_9_8_distilled"",""probe.name=mlp"",""probe.layer=3"",""probe.layers=[]"",""probe.feature_view=pooled"",""probe.device=cpu"",""probe.lr=0.0001329291894316216"",""probe.weight_decay=0.005061576888752304"",""probe.batch_size=32"",""probe.eval_batch_size=1024"",""probe.epochs=2000"",""probe.early_stopping.enabled=false"",""probe.early_stopping.patience=5"",""probe.optuna.enabled=false"",""probe.output_dir=artifacts/probes/intphys2"",""probe.output_subdir=seed_runs_intphys2_ltx13b_linear_mlp/intphys2__ltx_video__mlp__slot_3/seed_102"",""probe.eval_output_dir=artifacts/results/intphys2"",""probe.eval_output_subdir=seed_runs_intphys2_ltx13b_linear_mlp/intphys2__ltx_video__mlp__slot_3/seed_102"",""probe.wandb.group=seed_runs_intphys2_ltx13b_linear_mlp_intphys2__ltx_video__mlp__slot_3"",""probe.wandb.name=intphys2__ltx_video__mlp__slot_3__seed_102"",""probe.mlp.hidden_dims=[256]"",""probe.mlp.dropout=0.21597250932105788""]",results/verified_layerwise_probe_configs.csv,282,284,ea8b4c37bd4fc014,VERIFIED_FULL,"{""batch_size"":32,""depth_layer_id"":36,""dropout"":0.21597250932105788,""early_stopping"":{""enabled"":true,""patience"":5},""epochs"":2000,""feature_view"":""pooled"",""hidden_dims"":[256],""layer"":3,""lr"":0.0001329291894316216,""slot"":3,""weight_decay"":0.005061576888752304}",output/training/intphys2/mlp/intphys2_ltx_mlp_layers_22604093.out
intphys2__ltx_video__mlp__slot_4__seed_101,intphys2__ltx_video__mlp__slot_4,train_eval.probe.intphys2,IntPhys2,intphys2,ltx,LTX-Video,LTX-13B,MLP,mlp,101,42,ltx_video,ltxv_13b_0_9_8_distilled,4,4,noise_1.0_block_48,pooled,0.0001329291894316216,0.005061576888752304,32,1024,2000,false,5,[256],0.21597250932105788,,,,,cpu,artifacts/probes/intphys2,seed_runs_intphys2_ltx13b_linear_mlp/intphys2__ltx_video__mlp__slot_4/seed_101,artifacts/results/intphys2,seed_runs_intphys2_ltx13b_linear_mlp/intphys2__ltx_video__mlp__slot_4/seed_101,seed_runs_intphys2_ltx13b_linear_mlp_intphys2__ltx_video__mlp__slot_4,intphys2__ltx_video__mlp__slot_4__seed_101,pending,,"[""seed=101"",""split.seed=42"",""backbone.name=ltx_video"",""+backbone.kwargs.variant=ltxv_13b_0_9_8_distilled"",""probe.name=mlp"",""probe.layer=4"",""probe.layers=[]"",""probe.feature_view=pooled"",""probe.device=cpu"",""probe.lr=0.0001329291894316216"",""probe.weight_decay=0.005061576888752304"",""probe.batch_size=32"",""probe.eval_batch_size=1024"",""probe.epochs=2000"",""probe.early_stopping.enabled=false"",""probe.early_stopping.patience=5"",""probe.optuna.enabled=false"",""probe.output_dir=artifacts/probes/intphys2"",""probe.output_subdir=seed_runs_intphys2_ltx13b_linear_mlp/intphys2__ltx_video__mlp__slot_4/seed_101"",""probe.eval_output_dir=artifacts/results/intphys2"",""probe.eval_output_subdir=seed_runs_intphys2_ltx13b_linear_mlp/intphys2__ltx_video__mlp__slot_4/seed_101"",""probe.wandb.group=seed_runs_intphys2_ltx13b_linear_mlp_intphys2__ltx_video__mlp__slot_4"",""probe.wandb.name=intphys2__ltx_video__mlp__slot_4__seed_101"",""probe.mlp.hidden_dims=[256]"",""probe.mlp.dropout=0.21597250932105788""]",results/verified_layerwise_probe_configs.csv,283,285,af6862f9206172da,VERIFIED_FULL,"{""batch_size"":32,""depth_layer_id"":48,""dropout"":0.21597250932105788,""early_stopping"":{""enabled"":true,""patience"":5},""epochs"":2000,""feature_view"":""pooled"",""hidden_dims"":[256],""layer"":4,""lr"":0.0001329291894316216,""slot"":4,""weight_decay"":0.005061576888752304}",output/training/intphys2/mlp/intphys2_ltx_mlp_layers_22604093.out
intphys2__ltx_video__mlp__slot_4__seed_102,intphys2__ltx_video__mlp__slot_4,train_eval.probe.intphys2,IntPhys2,intphys2,ltx,LTX-Video,LTX-13B,MLP,mlp,102,42,ltx_video,ltxv_13b_0_9_8_distilled,4,4,noise_1.0_block_48,pooled,0.0001329291894316216,0.005061576888752304,32,1024,2000,false,5,[256],0.21597250932105788,,,,,cpu,artifacts/probes/intphys2,seed_runs_intphys2_ltx13b_linear_mlp/intphys2__ltx_video__mlp__slot_4/seed_102,artifacts/results/intphys2,seed_runs_intphys2_ltx13b_linear_mlp/intphys2__ltx_video__mlp__slot_4/seed_102,seed_runs_intphys2_ltx13b_linear_mlp_intphys2__ltx_video__mlp__slot_4,intphys2__ltx_video__mlp__slot_4__seed_102,pending,,"[""seed=102"",""split.seed=42"",""backbone.name=ltx_video"",""+backbone.kwargs.variant=ltxv_13b_0_9_8_distilled"",""probe.name=mlp"",""probe.layer=4"",""probe.layers=[]"",""probe.feature_view=pooled"",""probe.device=cpu"",""probe.lr=0.0001329291894316216"",""probe.weight_decay=0.005061576888752304"",""probe.batch_size=32"",""probe.eval_batch_size=1024"",""probe.epochs=2000"",""probe.early_stopping.enabled=false"",""probe.early_stopping.patience=5"",""probe.optuna.enabled=false"",""probe.output_dir=artifacts/probes/intphys2"",""probe.output_subdir=seed_runs_intphys2_ltx13b_linear_mlp/intphys2__ltx_video__mlp__slot_4/seed_102"",""probe.eval_output_dir=artifacts/results/intphys2"",""probe.eval_output_subdir=seed_runs_intphys2_ltx13b_linear_mlp/intphys2__ltx_video__mlp__slot_4/seed_102"",""probe.wandb.group=seed_runs_intphys2_ltx13b_linear_mlp_intphys2__ltx_video__mlp__slot_4"",""probe.wandb.name=intphys2__ltx_video__mlp__slot_4__seed_102"",""probe.mlp.hidden_dims=[256]"",""probe.mlp.dropout=0.21597250932105788""]",results/verified_layerwise_probe_configs.csv,283,285,af6862f9206172da,VERIFIED_FULL,"{""batch_size"":32,""depth_layer_id"":48,""dropout"":0.21597250932105788,""early_stopping"":{""enabled"":true,""patience"":5},""epochs"":2000,""feature_view"":""pooled"",""hidden_dims"":[256],""layer"":4,""lr"":0.0001329291894316216,""slot"":4,""weight_decay"":0.005061576888752304}",output/training/intphys2/mlp/intphys2_ltx_mlp_layers_22604093.out
intphys2__ltx_video__mlp__slot_5__seed_101,intphys2__ltx_video__mlp__slot_5,train_eval.probe.intphys2,IntPhys2,intphys2,ltx,LTX-Video,LTX-13B,MLP,mlp,101,42,ltx_video,ltxv_13b_0_9_8_distilled,5,5,noise_0.9_block_12,pooled,2.7207248059486674e-05,8.64403589520682e-06,32,1024,50,false,5,[512],0.3387821809211412,,,,,cpu,artifacts/probes/intphys2,seed_runs_intphys2_ltx13b_linear_mlp/intphys2__ltx_video__mlp__slot_5/seed_101,artifacts/results/intphys2,seed_runs_intphys2_ltx13b_linear_mlp/intphys2__ltx_video__mlp__slot_5/seed_101,seed_runs_intphys2_ltx13b_linear_mlp_intphys2__ltx_video__mlp__slot_5,intphys2__ltx_video__mlp__slot_5__seed_101,pending,,"[""seed=101"",""split.seed=42"",""backbone.name=ltx_video"",""+backbone.kwargs.variant=ltxv_13b_0_9_8_distilled"",""probe.name=mlp"",""probe.layer=5"",""probe.layers=[]"",""probe.feature_view=pooled"",""probe.device=cpu"",""probe.lr=2.7207248059486674e-05"",""probe.weight_decay=8.64403589520682e-06"",""probe.batch_size=32"",""probe.eval_batch_size=1024"",""probe.epochs=50"",""probe.early_stopping.enabled=false"",""probe.early_stopping.patience=5"",""probe.optuna.enabled=false"",""probe.output_dir=artifacts/probes/intphys2"",""probe.output_subdir=seed_runs_intphys2_ltx13b_linear_mlp/intphys2__ltx_video__mlp__slot_5/seed_101"",""probe.eval_output_dir=artifacts/results/intphys2"",""probe.eval_output_subdir=seed_runs_intphys2_ltx13b_linear_mlp/intphys2__ltx_video__mlp__slot_5/seed_101"",""probe.wandb.group=seed_runs_intphys2_ltx13b_linear_mlp_intphys2__ltx_video__mlp__slot_5"",""probe.wandb.name=intphys2__ltx_video__mlp__slot_5__seed_101"",""probe.mlp.hidden_dims=[512]"",""probe.mlp.dropout=0.3387821809211412""]",results/verified_layerwise_probe_configs.csv,284,286,d7f9c94d97706f65,VERIFIED_FULL,"{""batch_size"":32,""depth_layer_id"":12,""dropout"":0.3387821809211412,""early_stopping"":{""enabled"":true,""patience"":5},""epochs"":50,""feature_view"":""pooled"",""hidden_dims"":[512],""layer"":5,""lr"":2.7207248059486674e-05,""slot"":5,""weight_decay"":8.64403589520682e-06}",output/training/intphys2/mlp/intphys2_ltx_mlp_layers_22604093.out
intphys2__ltx_video__mlp__slot_5__seed_102,intphys2__ltx_video__mlp__slot_5,train_eval.probe.intphys2,IntPhys2,intphys2,ltx,LTX-Video,LTX-13B,MLP,mlp,102,42,ltx_video,ltxv_13b_0_9_8_distilled,5,5,noise_0.9_block_12,pooled,2.7207248059486674e-05,8.64403589520682e-06,32,1024,50,false,5,[512],0.3387821809211412,,,,,cpu,artifacts/probes/intphys2,seed_runs_intphys2_ltx13b_linear_mlp/intphys2__ltx_video__mlp__slot_5/seed_102,artifacts/results/intphys2,seed_runs_intphys2_ltx13b_linear_mlp/intphys2__ltx_video__mlp__slot_5/seed_102,seed_runs_intphys2_ltx13b_linear_mlp_intphys2__ltx_video__mlp__slot_5,intphys2__ltx_video__mlp__slot_5__seed_102,pending,,"[""seed=102"",""split.seed=42"",""backbone.name=ltx_video"",""+backbone.kwargs.variant=ltxv_13b_0_9_8_distilled"",""probe.name=mlp"",""probe.layer=5"",""probe.layers=[]"",""probe.feature_view=pooled"",""probe.device=cpu"",""probe.lr=2.7207248059486674e-05"",""probe.weight_decay=8.64403589520682e-06"",""probe.batch_size=32"",""probe.eval_batch_size=1024"",""probe.epochs=50"",""probe.early_stopping.enabled=false"",""probe.early_stopping.patience=5"",""probe.optuna.enabled=false"",""probe.output_dir=artifacts/probes/intphys2"",""probe.output_subdir=seed_runs_intphys2_ltx13b_linear_mlp/intphys2__ltx_video__mlp__slot_5/seed_102"",""probe.eval_output_dir=artifacts/results/intphys2"",""probe.eval_output_subdir=seed_runs_intphys2_ltx13b_linear_mlp/intphys2__ltx_video__mlp__slot_5/seed_102"",""probe.wandb.group=seed_runs_intphys2_ltx13b_linear_mlp_intphys2__ltx_video__mlp__slot_5"",""probe.wandb.name=intphys2__ltx_video__mlp__slot_5__seed_102"",""probe.mlp.hidden_dims=[512]"",""probe.mlp.dropout=0.3387821809211412""]",results/verified_layerwise_probe_configs.csv,284,286,d7f9c94d97706f65,VERIFIED_FULL,"{""batch_size"":32,""depth_layer_id"":12,""dropout"":0.3387821809211412,""early_stopping"":{""enabled"":true,""patience"":5},""epochs"":50,""feature_view"":""pooled"",""hidden_dims"":[512],""layer"":5,""lr"":2.7207248059486674e-05,""slot"":5,""weight_decay"":8.64403589520682e-06}",output/training/intphys2/mlp/intphys2_ltx_mlp_layers_22604093.out
intphys2__ltx_video__mlp__slot_6__seed_101,intphys2__ltx_video__mlp__slot_6,train_eval.probe.intphys2,IntPhys2,intphys2,ltx,LTX-Video,LTX-13B,MLP,mlp,101,42,ltx_video,ltxv_13b_0_9_8_distilled,6,6,noise_0.9_block_24,pooled,1.033285556962607e-05,0.0009262400523003135,256,1024,100,false,5,[256],0.10068248722052296,,,,,cpu,artifacts/probes/intphys2,seed_runs_intphys2_ltx13b_linear_mlp/intphys2__ltx_video__mlp__slot_6/seed_101,artifacts/results/intphys2,seed_runs_intphys2_ltx13b_linear_mlp/intphys2__ltx_video__mlp__slot_6/seed_101,seed_runs_intphys2_ltx13b_linear_mlp_intphys2__ltx_video__mlp__slot_6,intphys2__ltx_video__mlp__slot_6__seed_101,pending,,"[""seed=101"",""split.seed=42"",""backbone.name=ltx_video"",""+backbone.kwargs.variant=ltxv_13b_0_9_8_distilled"",""probe.name=mlp"",""probe.layer=6"",""probe.layers=[]"",""probe.feature_view=pooled"",""probe.device=cpu"",""probe.lr=1.033285556962607e-05"",""probe.weight_decay=0.0009262400523003135"",""probe.batch_size=256"",""probe.eval_batch_size=1024"",""probe.epochs=100"",""probe.early_stopping.enabled=false"",""probe.early_stopping.patience=5"",""probe.optuna.enabled=false"",""probe.output_dir=artifacts/probes/intphys2"",""probe.output_subdir=seed_runs_intphys2_ltx13b_linear_mlp/intphys2__ltx_video__mlp__slot_6/seed_101"",""probe.eval_output_dir=artifacts/results/intphys2"",""probe.eval_output_subdir=seed_runs_intphys2_ltx13b_linear_mlp/intphys2__ltx_video__mlp__slot_6/seed_101"",""probe.wandb.group=seed_runs_intphys2_ltx13b_linear_mlp_intphys2__ltx_video__mlp__slot_6"",""probe.wandb.name=intphys2__ltx_video__mlp__slot_6__seed_101"",""probe.mlp.hidden_dims=[256]"",""probe.mlp.dropout=0.10068248722052296""]",results/verified_layerwise_probe_configs.csv,285,287,f0e1c7cbca944632,VERIFIED_FULL,"{""batch_size"":256,""depth_layer_id"":24,""dropout"":0.10068248722052296,""early_stopping"":{""enabled"":true,""patience"":5},""epochs"":100,""feature_view"":""pooled"",""hidden_dims"":[256],""layer"":6,""lr"":1.033285556962607e-05,""slot"":6,""weight_decay"":0.0009262400523003135}",output/training/intphys2/mlp/intphys2_ltx_mlp_layers_22604093.out
intphys2__ltx_video__mlp__slot_6__seed_102,intphys2__ltx_video__mlp__slot_6,train_eval.probe.intphys2,IntPhys2,intphys2,ltx,LTX-Video,LTX-13B,MLP,mlp,102,42,ltx_video,ltxv_13b_0_9_8_distilled,6,6,noise_0.9_block_24,pooled,1.033285556962607e-05,0.0009262400523003135,256,1024,100,false,5,[256],0.10068248722052296,,,,,cpu,artifacts/probes/intphys2,seed_runs_intphys2_ltx13b_linear_mlp/intphys2__ltx_video__mlp__slot_6/seed_102,artifacts/results/intphys2,seed_runs_intphys2_ltx13b_linear_mlp/intphys2__ltx_video__mlp__slot_6/seed_102,seed_runs_intphys2_ltx13b_linear_mlp_intphys2__ltx_video__mlp__slot_6,intphys2__ltx_video__mlp__slot_6__seed_102,pending,,"[""seed=102"",""split.seed=42"",""backbone.name=ltx_video"",""+backbone.kwargs.variant=ltxv_13b_0_9_8_distilled"",""probe.name=mlp"",""probe.layer=6"",""probe.layers=[]"",""probe.feature_view=pooled"",""probe.device=cpu"",""probe.lr=1.033285556962607e-05"",""probe.weight_decay=0.0009262400523003135"",""probe.batch_size=256"",""probe.eval_batch_size=1024"",""probe.epochs=100"",""probe.early_stopping.enabled=false"",""probe.early_stopping.patience=5"",""probe.optuna.enabled=false"",""probe.output_dir=artifacts/probes/intphys2"",""probe.output_subdir=seed_runs_intphys2_ltx13b_linear_mlp/intphys2__ltx_video__mlp__slot_6/seed_102"",""probe.eval_output_dir=artifacts/results/intphys2"",""probe.eval_output_subdir=seed_runs_intphys2_ltx13b_linear_mlp/intphys2__ltx_video__mlp__slot_6/seed_102"",""probe.wandb.group=seed_runs_intphys2_ltx13b_linear_mlp_intphys2__ltx_video__mlp__slot_6"",""probe.wandb.name=intphys2__ltx_video__mlp__slot_6__seed_102"",""probe.mlp.hidden_dims=[256]"",""probe.mlp.dropout=0.10068248722052296""]",results/verified_layerwise_probe_configs.csv,285,287,f0e1c7cbca944632,VERIFIED_FULL,"{""batch_size"":256,""depth_layer_id"":24,""dropout"":0.10068248722052296,""early_stopping"":{""enabled"":true,""patience"":5},""epochs"":100,""feature_view"":""pooled"",""hidden_dims"":[256],""layer"":6,""lr"":1.033285556962607e-05,""slot"":6,""weight_decay"":0.0009262400523003135}",output/training/intphys2/mlp/intphys2_ltx_mlp_layers_22604093.out
intphys2__ltx_video__mlp__slot_7__seed_101,intphys2__ltx_video__mlp__slot_7,train_eval.probe.intphys2,IntPhys2,intphys2,ltx,LTX-Video,LTX-13B,MLP,mlp,101,42,ltx_video,ltxv_13b_0_9_8_distilled,7,7,noise_0.9_block_36,pooled,0.0001329291894316216,0.005061576888752304,32,1024,2000,false,5,[256],0.21597250932105788,,,,,cpu,artifacts/probes/intphys2,seed_runs_intphys2_ltx13b_linear_mlp/intphys2__ltx_video__mlp__slot_7/seed_101,artifacts/results/intphys2,seed_runs_intphys2_ltx13b_linear_mlp/intphys2__ltx_video__mlp__slot_7/seed_101,seed_runs_intphys2_ltx13b_linear_mlp_intphys2__ltx_video__mlp__slot_7,intphys2__ltx_video__mlp__slot_7__seed_101,pending,,"[""seed=101"",""split.seed=42"",""backbone.name=ltx_video"",""+backbone.kwargs.variant=ltxv_13b_0_9_8_distilled"",""probe.name=mlp"",""probe.layer=7"",""probe.layers=[]"",""probe.feature_view=pooled"",""probe.device=cpu"",""probe.lr=0.0001329291894316216"",""probe.weight_decay=0.005061576888752304"",""probe.batch_size=32"",""probe.eval_batch_size=1024"",""probe.epochs=2000"",""probe.early_stopping.enabled=false"",""probe.early_stopping.patience=5"",""probe.optuna.enabled=false"",""probe.output_dir=artifacts/probes/intphys2"",""probe.output_subdir=seed_runs_intphys2_ltx13b_linear_mlp/intphys2__ltx_video__mlp__slot_7/seed_101"",""probe.eval_output_dir=artifacts/results/intphys2"",""probe.eval_output_subdir=seed_runs_intphys2_ltx13b_linear_mlp/intphys2__ltx_video__mlp__slot_7/seed_101"",""probe.wandb.group=seed_runs_intphys2_ltx13b_linear_mlp_intphys2__ltx_video__mlp__slot_7"",""probe.wandb.name=intphys2__ltx_video__mlp__slot_7__seed_101"",""probe.mlp.hidden_dims=[256]"",""probe.mlp.dropout=0.21597250932105788""]",results/verified_layerwise_probe_configs.csv,286,288,32e25caff0b391e3,VERIFIED_FULL,"{""batch_size"":32,""depth_layer_id"":36,""dropout"":0.21597250932105788,""early_stopping"":{""enabled"":true,""patience"":5},""epochs"":2000,""feature_view"":""pooled"",""hidden_dims"":[256],""layer"":7,""lr"":0.0001329291894316216,""slot"":7,""weight_decay"":0.005061576888752304}",output/training/intphys2/mlp/intphys2_ltx_mlp_layers_22604093.out
intphys2__ltx_video__mlp__slot_7__seed_102,intphys2__ltx_video__mlp__slot_7,train_eval.probe.intphys2,IntPhys2,intphys2,ltx,LTX-Video,LTX-13B,MLP,mlp,102,42,ltx_video,ltxv_13b_0_9_8_distilled,7,7,noise_0.9_block_36,pooled,0.0001329291894316216,0.005061576888752304,32,1024,2000,false,5,[256],0.21597250932105788,,,,,cpu,artifacts/probes/intphys2,seed_runs_intphys2_ltx13b_linear_mlp/intphys2__ltx_video__mlp__slot_7/seed_102,artifacts/results/intphys2,seed_runs_intphys2_ltx13b_linear_mlp/intphys2__ltx_video__mlp__slot_7/seed_102,seed_runs_intphys2_ltx13b_linear_mlp_intphys2__ltx_video__mlp__slot_7,intphys2__ltx_video__mlp__slot_7__seed_102,pending,,"[""seed=102"",""split.seed=42"",""backbone.name=ltx_video"",""+backbone.kwargs.variant=ltxv_13b_0_9_8_distilled"",""probe.name=mlp"",""probe.layer=7"",""probe.layers=[]"",""probe.feature_view=pooled"",""probe.device=cpu"",""probe.lr=0.0001329291894316216"",""probe.weight_decay=0.005061576888752304"",""probe.batch_size=32"",""probe.eval_batch_size=1024"",""probe.epochs=2000"",""probe.early_stopping.enabled=false"",""probe.early_stopping.patience=5"",""probe.optuna.enabled=false"",""probe.output_dir=artifacts/probes/intphys2"",""probe.output_subdir=seed_runs_intphys2_ltx13b_linear_mlp/intphys2__ltx_video__mlp__slot_7/seed_102"",""probe.eval_output_dir=artifacts/results/intphys2"",""probe.eval_output_subdir=seed_runs_intphys2_ltx13b_linear_mlp/intphys2__ltx_video__mlp__slot_7/seed_102"",""probe.wandb.group=seed_runs_intphys2_ltx13b_linear_mlp_intphys2__ltx_video__mlp__slot_7"",""probe.wandb.name=intphys2__ltx_video__mlp__slot_7__seed_102"",""probe.mlp.hidden_dims=[256]"",""probe.mlp.dropout=0.21597250932105788""]",results/verified_layerwise_probe_configs.csv,286,288,32e25caff0b391e3,VERIFIED_FULL,"{""batch_size"":32,""depth_layer_id"":36,""dropout"":0.21597250932105788,""early_stopping"":{""enabled"":true,""patience"":5},""epochs"":2000,""feature_view"":""pooled"",""hidden_dims"":[256],""layer"":7,""lr"":0.0001329291894316216,""slot"":7,""weight_decay"":0.005061576888752304}",output/training/intphys2/mlp/intphys2_ltx_mlp_layers_22604093.out
intphys2__ltx_video__mlp__slot_8__seed_101,intphys2__ltx_video__mlp__slot_8,train_eval.probe.intphys2,IntPhys2,intphys2,ltx,LTX-Video,LTX-13B,MLP,mlp,101,42,ltx_video,ltxv_13b_0_9_8_distilled,8,8,noise_0.9_block_48,pooled,0.00453000599423186,0.0001364378722336155,32,1024,500,false,5,[1024],0.2883281191216033,,,,,cpu,artifacts/probes/intphys2,seed_runs_intphys2_ltx13b_linear_mlp/intphys2__ltx_video__mlp__slot_8/seed_101,artifacts/results/intphys2,seed_runs_intphys2_ltx13b_linear_mlp/intphys2__ltx_video__mlp__slot_8/seed_101,seed_runs_intphys2_ltx13b_linear_mlp_intphys2__ltx_video__mlp__slot_8,intphys2__ltx_video__mlp__slot_8__seed_101,pending,,"[""seed=101"",""split.seed=42"",""backbone.name=ltx_video"",""+backbone.kwargs.variant=ltxv_13b_0_9_8_distilled"",""probe.name=mlp"",""probe.layer=8"",""probe.layers=[]"",""probe.feature_view=pooled"",""probe.device=cpu"",""probe.lr=0.00453000599423186"",""probe.weight_decay=0.0001364378722336155"",""probe.batch_size=32"",""probe.eval_batch_size=1024"",""probe.epochs=500"",""probe.early_stopping.enabled=false"",""probe.early_stopping.patience=5"",""probe.optuna.enabled=false"",""probe.output_dir=artifacts/probes/intphys2"",""probe.output_subdir=seed_runs_intphys2_ltx13b_linear_mlp/intphys2__ltx_video__mlp__slot_8/seed_101"",""probe.eval_output_dir=artifacts/results/intphys2"",""probe.eval_output_subdir=seed_runs_intphys2_ltx13b_linear_mlp/intphys2__ltx_video__mlp__slot_8/seed_101"",""probe.wandb.group=seed_runs_intphys2_ltx13b_linear_mlp_intphys2__ltx_video__mlp__slot_8"",""probe.wandb.name=intphys2__ltx_video__mlp__slot_8__seed_101"",""probe.mlp.hidden_dims=[1024]"",""probe.mlp.dropout=0.2883281191216033""]",results/verified_layerwise_probe_configs.csv,287,289,159e4c9916c37d66,VERIFIED_FULL,"{""batch_size"":32,""depth_layer_id"":48,""dropout"":0.2883281191216033,""early_stopping"":{""enabled"":true,""patience"":5},""epochs"":500,""feature_view"":""pooled"",""hidden_dims"":[1024],""layer"":8,""lr"":0.00453000599423186,""slot"":8,""weight_decay"":0.0001364378722336155}",output/training/intphys2/mlp/intphys2_ltx_mlp_layers_22604093.out
intphys2__ltx_video__mlp__slot_8__seed_102,intphys2__ltx_video__mlp__slot_8,train_eval.probe.intphys2,IntPhys2,intphys2,ltx,LTX-Video,LTX-13B,MLP,mlp,102,42,ltx_video,ltxv_13b_0_9_8_distilled,8,8,noise_0.9_block_48,pooled,0.00453000599423186,0.0001364378722336155,32,1024,500,false,5,[1024],0.2883281191216033,,,,,cpu,artifacts/probes/intphys2,seed_runs_intphys2_ltx13b_linear_mlp/intphys2__ltx_video__mlp__slot_8/seed_102,artifacts/results/intphys2,seed_runs_intphys2_ltx13b_linear_mlp/intphys2__ltx_video__mlp__slot_8/seed_102,seed_runs_intphys2_ltx13b_linear_mlp_intphys2__ltx_video__mlp__slot_8,intphys2__ltx_video__mlp__slot_8__seed_102,pending,,"[""seed=102"",""split.seed=42"",""backbone.name=ltx_video"",""+backbone.kwargs.variant=ltxv_13b_0_9_8_distilled"",""probe.name=mlp"",""probe.layer=8"",""probe.layers=[]"",""probe.feature_view=pooled"",""probe.device=cpu"",""probe.lr=0.00453000599423186"",""probe.weight_decay=0.0001364378722336155"",""probe.batch_size=32"",""probe.eval_batch_size=1024"",""probe.epochs=500"",""probe.early_stopping.enabled=false"",""probe.early_stopping.patience=5"",""probe.optuna.enabled=false"",""probe.output_dir=artifacts/probes/intphys2"",""probe.output_subdir=seed_runs_intphys2_ltx13b_linear_mlp/intphys2__ltx_video__mlp__slot_8/seed_102"",""probe.eval_output_dir=artifacts/results/intphys2"",""probe.eval_output_subdir=seed_runs_intphys2_ltx13b_linear_mlp/intphys2__ltx_video__mlp__slot_8/seed_102"",""probe.wandb.group=seed_runs_intphys2_ltx13b_linear_mlp_intphys2__ltx_video__mlp__slot_8"",""probe.wandb.name=intphys2__ltx_video__mlp__slot_8__seed_102"",""probe.mlp.hidden_dims=[1024]"",""probe.mlp.dropout=0.2883281191216033""]",results/verified_layerwise_probe_configs.csv,287,289,159e4c9916c37d66,VERIFIED_FULL,"{""batch_size"":32,""depth_layer_id"":48,""dropout"":0.2883281191216033,""early_stopping"":{""enabled"":true,""patience"":5},""epochs"":500,""feature_view"":""pooled"",""hidden_dims"":[1024],""layer"":8,""lr"":0.00453000599423186,""slot"":8,""weight_decay"":0.0001364378722336155}",output/training/intphys2/mlp/intphys2_ltx_mlp_layers_22604093.out
intphys2__ltx_video__mlp__slot_9__seed_101,intphys2__ltx_video__mlp__slot_9,train_eval.probe.intphys2,IntPhys2,intphys2,ltx,LTX-Video,LTX-13B,MLP,mlp,101,42,ltx_video,ltxv_13b_0_9_8_distilled,9,9,noise_0.8_block_12,pooled,0.00010300196600986775,0.0045442082254883295,128,1024,20,false,5,"[1024,512,1024]",0.11978094533348621,,,,,cpu,artifacts/probes/intphys2,seed_runs_intphys2_ltx13b_linear_mlp/intphys2__ltx_video__mlp__slot_9/seed_101,artifacts/results/intphys2,seed_runs_intphys2_ltx13b_linear_mlp/intphys2__ltx_video__mlp__slot_9/seed_101,seed_runs_intphys2_ltx13b_linear_mlp_intphys2__ltx_video__mlp__slot_9,intphys2__ltx_video__mlp__slot_9__seed_101,pending,,"[""seed=101"",""split.seed=42"",""backbone.name=ltx_video"",""+backbone.kwargs.variant=ltxv_13b_0_9_8_distilled"",""probe.name=mlp"",""probe.layer=9"",""probe.layers=[]"",""probe.feature_view=pooled"",""probe.device=cpu"",""probe.lr=0.00010300196600986775"",""probe.weight_decay=0.0045442082254883295"",""probe.batch_size=128"",""probe.eval_batch_size=1024"",""probe.epochs=20"",""probe.early_stopping.enabled=false"",""probe.early_stopping.patience=5"",""probe.optuna.enabled=false"",""probe.output_dir=artifacts/probes/intphys2"",""probe.output_subdir=seed_runs_intphys2_ltx13b_linear_mlp/intphys2__ltx_video__mlp__slot_9/seed_101"",""probe.eval_output_dir=artifacts/results/intphys2"",""probe.eval_output_subdir=seed_runs_intphys2_ltx13b_linear_mlp/intphys2__ltx_video__mlp__slot_9/seed_101"",""probe.wandb.group=seed_runs_intphys2_ltx13b_linear_mlp_intphys2__ltx_video__mlp__slot_9"",""probe.wandb.name=intphys2__ltx_video__mlp__slot_9__seed_101"",""probe.mlp.hidden_dims=[1024,512,1024]"",""probe.mlp.dropout=0.11978094533348621""]",results/verified_layerwise_probe_configs.csv,288,290,ac181781f1aa7206,VERIFIED_FULL,"{""batch_size"":128,""depth_layer_id"":12,""dropout"":0.11978094533348621,""early_stopping"":{""enabled"":true,""patience"":5},""epochs"":20,""feature_view"":""pooled"",""hidden_dims"":[1024,512,1024],""layer"":9,""lr"":0.00010300196600986775,""slot"":9,""weight_decay"":0.0045442082254883295}",output/training/intphys2/mlp/intphys2_ltx_mlp_layers_22604093.out
intphys2__ltx_video__mlp__slot_9__seed_102,intphys2__ltx_video__mlp__slot_9,train_eval.probe.intphys2,IntPhys2,intphys2,ltx,LTX-Video,LTX-13B,MLP,mlp,102,42,ltx_video,ltxv_13b_0_9_8_distilled,9,9,noise_0.8_block_12,pooled,0.00010300196600986775,0.0045442082254883295,128,1024,20,false,5,"[1024,512,1024]",0.11978094533348621,,,,,cpu,artifacts/probes/intphys2,seed_runs_intphys2_ltx13b_linear_mlp/intphys2__ltx_video__mlp__slot_9/seed_102,artifacts/results/intphys2,seed_runs_intphys2_ltx13b_linear_mlp/intphys2__ltx_video__mlp__slot_9/seed_102,seed_runs_intphys2_ltx13b_linear_mlp_intphys2__ltx_video__mlp__slot_9,intphys2__ltx_video__mlp__slot_9__seed_102,pending,,"[""seed=102"",""split.seed=42"",""backbone.name=ltx_video"",""+backbone.kwargs.variant=ltxv_13b_0_9_8_distilled"",""probe.name=mlp"",""probe.layer=9"",""probe.layers=[]"",""probe.feature_view=pooled"",""probe.device=cpu"",""probe.lr=0.00010300196600986775"",""probe.weight_decay=0.0045442082254883295"",""probe.batch_size=128"",""probe.eval_batch_size=1024"",""probe.epochs=20"",""probe.early_stopping.enabled=false"",""probe.early_stopping.patience=5"",""probe.optuna.enabled=false"",""probe.output_dir=artifacts/probes/intphys2"",""probe.output_subdir=seed_runs_intphys2_ltx13b_linear_mlp/intphys2__ltx_video__mlp__slot_9/seed_102"",""probe.eval_output_dir=artifacts/results/intphys2"",""probe.eval_output_subdir=seed_runs_intphys2_ltx13b_linear_mlp/intphys2__ltx_video__mlp__slot_9/seed_102"",""probe.wandb.group=seed_runs_intphys2_ltx13b_linear_mlp_intphys2__ltx_video__mlp__slot_9"",""probe.wandb.name=intphys2__ltx_video__mlp__slot_9__seed_102"",""probe.mlp.hidden_dims=[1024,512,1024]"",""probe.mlp.dropout=0.11978094533348621""]",results/verified_layerwise_probe_configs.csv,288,290,ac181781f1aa7206,VERIFIED_FULL,"{""batch_size"":128,""depth_layer_id"":12,""dropout"":0.11978094533348621,""early_stopping"":{""enabled"":true,""patience"":5},""epochs"":20,""feature_view"":""pooled"",""hidden_dims"":[1024,512,1024],""layer"":9,""lr"":0.00010300196600986775,""slot"":9,""weight_decay"":0.0045442082254883295}",output/training/intphys2/mlp/intphys2_ltx_mlp_layers_22604093.out
intphys2__ltx_video__mlp__slot_10__seed_101,intphys2__ltx_video__mlp__slot_10,train_eval.probe.intphys2,IntPhys2,intphys2,ltx,LTX-Video,LTX-13B,MLP,mlp,101,42,ltx_video,ltxv_13b_0_9_8_distilled,10,10,noise_0.8_block_24,pooled,7.476312062252303e-05,4.689400963537693e-05,256,1024,20,false,5,"[512,256]",0.048836057003191935,,,,,cpu,artifacts/probes/intphys2,seed_runs_intphys2_ltx13b_linear_mlp/intphys2__ltx_video__mlp__slot_10/seed_101,artifacts/results/intphys2,seed_runs_intphys2_ltx13b_linear_mlp/intphys2__ltx_video__mlp__slot_10/seed_101,seed_runs_intphys2_ltx13b_linear_mlp_intphys2__ltx_video__mlp__slot_10,intphys2__ltx_video__mlp__slot_10__seed_101,pending,,"[""seed=101"",""split.seed=42"",""backbone.name=ltx_video"",""+backbone.kwargs.variant=ltxv_13b_0_9_8_distilled"",""probe.name=mlp"",""probe.layer=10"",""probe.layers=[]"",""probe.feature_view=pooled"",""probe.device=cpu"",""probe.lr=7.476312062252303e-05"",""probe.weight_decay=4.689400963537693e-05"",""probe.batch_size=256"",""probe.eval_batch_size=1024"",""probe.epochs=20"",""probe.early_stopping.enabled=false"",""probe.early_stopping.patience=5"",""probe.optuna.enabled=false"",""probe.output_dir=artifacts/probes/intphys2"",""probe.output_subdir=seed_runs_intphys2_ltx13b_linear_mlp/intphys2__ltx_video__mlp__slot_10/seed_101"",""probe.eval_output_dir=artifacts/results/intphys2"",""probe.eval_output_subdir=seed_runs_intphys2_ltx13b_linear_mlp/intphys2__ltx_video__mlp__slot_10/seed_101"",""probe.wandb.group=seed_runs_intphys2_ltx13b_linear_mlp_intphys2__ltx_video__mlp__slot_10"",""probe.wandb.name=intphys2__ltx_video__mlp__slot_10__seed_101"",""probe.mlp.hidden_dims=[512,256]"",""probe.mlp.dropout=0.048836057003191935""]",results/verified_layerwise_probe_configs.csv,289,291,d6407025147f4987,VERIFIED_FULL,"{""batch_size"":256,""depth_layer_id"":24,""dropout"":0.048836057003191935,""early_stopping"":{""enabled"":true,""patience"":5},""epochs"":20,""feature_view"":""pooled"",""hidden_dims"":[512,256],""layer"":10,""lr"":7.476312062252303e-05,""slot"":10,""weight_decay"":4.689400963537693e-05}",output/training/intphys2/mlp/intphys2_ltx_mlp_layers_22604093.out
intphys2__ltx_video__mlp__slot_10__seed_102,intphys2__ltx_video__mlp__slot_10,train_eval.probe.intphys2,IntPhys2,intphys2,ltx,LTX-Video,LTX-13B,MLP,mlp,102,42,ltx_video,ltxv_13b_0_9_8_distilled,10,10,noise_0.8_block_24,pooled,7.476312062252303e-05,4.689400963537693e-05,256,1024,20,false,5,"[512,256]",0.048836057003191935,,,,,cpu,artifacts/probes/intphys2,seed_runs_intphys2_ltx13b_linear_mlp/intphys2__ltx_video__mlp__slot_10/seed_102,artifacts/results/intphys2,seed_runs_intphys2_ltx13b_linear_mlp/intphys2__ltx_video__mlp__slot_10/seed_102,seed_runs_intphys2_ltx13b_linear_mlp_intphys2__ltx_video__mlp__slot_10,intphys2__ltx_video__mlp__slot_10__seed_102,pending,,"[""seed=102"",""split.seed=42"",""backbone.name=ltx_video"",""+backbone.kwargs.variant=ltxv_13b_0_9_8_distilled"",""probe.name=mlp"",""probe.layer=10"",""probe.layers=[]"",""probe.feature_view=pooled"",""probe.device=cpu"",""probe.lr=7.476312062252303e-05"",""probe.weight_decay=4.689400963537693e-05"",""probe.batch_size=256"",""probe.eval_batch_size=1024"",""probe.epochs=20"",""probe.early_stopping.enabled=false"",""probe.early_stopping.patience=5"",""probe.optuna.enabled=false"",""probe.output_dir=artifacts/probes/intphys2"",""probe.output_subdir=seed_runs_intphys2_ltx13b_linear_mlp/intphys2__ltx_video__mlp__slot_10/seed_102"",""probe.eval_output_dir=artifacts/results/intphys2"",""probe.eval_output_subdir=seed_runs_intphys2_ltx13b_linear_mlp/intphys2__ltx_video__mlp__slot_10/seed_102"",""probe.wandb.group=seed_runs_intphys2_ltx13b_linear_mlp_intphys2__ltx_video__mlp__slot_10"",""probe.wandb.name=intphys2__ltx_video__mlp__slot_10__seed_102"",""probe.mlp.hidden_dims=[512,256]"",""probe.mlp.dropout=0.048836057003191935""]",results/verified_layerwise_probe_configs.csv,289,291,d6407025147f4987,VERIFIED_FULL,"{""batch_size"":256,""depth_layer_id"":24,""dropout"":0.048836057003191935,""early_stopping"":{""enabled"":true,""patience"":5},""epochs"":20,""feature_view"":""pooled"",""hidden_dims"":[512,256],""layer"":10,""lr"":7.476312062252303e-05,""slot"":10,""weight_decay"":4.689400963537693e-05}",output/training/intphys2/mlp/intphys2_ltx_mlp_layers_22604093.out
intphys2__ltx_video__mlp__slot_11__seed_101,intphys2__ltx_video__mlp__slot_11,train_eval.probe.intphys2,IntPhys2,intphys2,ltx,LTX-Video,LTX-13B,MLP,mlp,101,42,ltx_video,ltxv_13b_0_9_8_distilled,11,11,noise_0.8_block_36,pooled,0.0001329291894316216,0.005061576888752304,32,1024,2000,false,5,[256],0.21597250932105788,,,,,cpu,artifacts/probes/intphys2,seed_runs_intphys2_ltx13b_linear_mlp/intphys2__ltx_video__mlp__slot_11/seed_101,artifacts/results/intphys2,seed_runs_intphys2_ltx13b_linear_mlp/intphys2__ltx_video__mlp__slot_11/seed_101,seed_runs_intphys2_ltx13b_linear_mlp_intphys2__ltx_video__mlp__slot_11,intphys2__ltx_video__mlp__slot_11__seed_101,pending,,"[""seed=101"",""split.seed=42"",""backbone.name=ltx_video"",""+backbone.kwargs.variant=ltxv_13b_0_9_8_distilled"",""probe.name=mlp"",""probe.layer=11"",""probe.layers=[]"",""probe.feature_view=pooled"",""probe.device=cpu"",""probe.lr=0.0001329291894316216"",""probe.weight_decay=0.005061576888752304"",""probe.batch_size=32"",""probe.eval_batch_size=1024"",""probe.epochs=2000"",""probe.early_stopping.enabled=false"",""probe.early_stopping.patience=5"",""probe.optuna.enabled=false"",""probe.output_dir=artifacts/probes/intphys2"",""probe.output_subdir=seed_runs_intphys2_ltx13b_linear_mlp/intphys2__ltx_video__mlp__slot_11/seed_101"",""probe.eval_output_dir=artifacts/results/intphys2"",""probe.eval_output_subdir=seed_runs_intphys2_ltx13b_linear_mlp/intphys2__ltx_video__mlp__slot_11/seed_101"",""probe.wandb.group=seed_runs_intphys2_ltx13b_linear_mlp_intphys2__ltx_video__mlp__slot_11"",""probe.wandb.name=intphys2__ltx_video__mlp__slot_11__seed_101"",""probe.mlp.hidden_dims=[256]"",""probe.mlp.dropout=0.21597250932105788""]",results/verified_layerwise_probe_configs.csv,290,292,2035f170eed1e55e,VERIFIED_FULL,"{""batch_size"":32,""depth_layer_id"":36,""dropout"":0.21597250932105788,""early_stopping"":{""enabled"":true,""patience"":5},""epochs"":2000,""feature_view"":""pooled"",""hidden_dims"":[256],""layer"":11,""lr"":0.0001329291894316216,""slot"":11,""weight_decay"":0.005061576888752304}",output/training/intphys2/mlp/intphys2_ltx_mlp_layers_22604093.out
intphys2__ltx_video__mlp__slot_11__seed_102,intphys2__ltx_video__mlp__slot_11,train_eval.probe.intphys2,IntPhys2,intphys2,ltx,LTX-Video,LTX-13B,MLP,mlp,102,42,ltx_video,ltxv_13b_0_9_8_distilled,11,11,noise_0.8_block_36,pooled,0.0001329291894316216,0.005061576888752304,32,1024,2000,false,5,[256],0.21597250932105788,,,,,cpu,artifacts/probes/intphys2,seed_runs_intphys2_ltx13b_linear_mlp/intphys2__ltx_video__mlp__slot_11/seed_102,artifacts/results/intphys2,seed_runs_intphys2_ltx13b_linear_mlp/intphys2__ltx_video__mlp__slot_11/seed_102,seed_runs_intphys2_ltx13b_linear_mlp_intphys2__ltx_video__mlp__slot_11,intphys2__ltx_video__mlp__slot_11__seed_102,pending,,"[""seed=102"",""split.seed=42"",""backbone.name=ltx_video"",""+backbone.kwargs.variant=ltxv_13b_0_9_8_distilled"",""probe.name=mlp"",""probe.layer=11"",""probe.layers=[]"",""probe.feature_view=pooled"",""probe.device=cpu"",""probe.lr=0.0001329291894316216"",""probe.weight_decay=0.005061576888752304"",""probe.batch_size=32"",""probe.eval_batch_size=1024"",""probe.epochs=2000"",""probe.early_stopping.enabled=false"",""probe.early_stopping.patience=5"",""probe.optuna.enabled=false"",""probe.output_dir=artifacts/probes/intphys2"",""probe.output_subdir=seed_runs_intphys2_ltx13b_linear_mlp/intphys2__ltx_video__mlp__slot_11/seed_102"",""probe.eval_output_dir=artifacts/results/intphys2"",""probe.eval_output_subdir=seed_runs_intphys2_ltx13b_linear_mlp/intphys2__ltx_video__mlp__slot_11/seed_102"",""probe.wandb.group=seed_runs_intphys2_ltx13b_linear_mlp_intphys2__ltx_video__mlp__slot_11"",""probe.wandb.name=intphys2__ltx_video__mlp__slot_11__seed_102"",""probe.mlp.hidden_dims=[256]"",""probe.mlp.dropout=0.21597250932105788""]",results/verified_layerwise_probe_configs.csv,290,292,2035f170eed1e55e,VERIFIED_FULL,"{""batch_size"":32,""depth_layer_id"":36,""dropout"":0.21597250932105788,""early_stopping"":{""enabled"":true,""patience"":5},""epochs"":2000,""feature_view"":""pooled"",""hidden_dims"":[256],""layer"":11,""lr"":0.0001329291894316216,""slot"":11,""weight_decay"":0.005061576888752304}",output/training/intphys2/mlp/intphys2_ltx_mlp_layers_22604093.out
intphys2__ltx_video__mlp__slot_12__seed_101,intphys2__ltx_video__mlp__slot_12,train_eval.probe.intphys2,IntPhys2,intphys2,ltx,LTX-Video,LTX-13B,MLP,mlp,101,42,ltx_video,ltxv_13b_0_9_8_distilled,12,12,noise_0.8_block_48,pooled,0.0001329291894316216,0.005061576888752304,32,1024,2000,false,5,[256],0.21597250932105788,,,,,cpu,artifacts/probes/intphys2,seed_runs_intphys2_ltx13b_linear_mlp/intphys2__ltx_video__mlp__slot_12/seed_101,artifacts/results/intphys2,seed_runs_intphys2_ltx13b_linear_mlp/intphys2__ltx_video__mlp__slot_12/seed_101,seed_runs_intphys2_ltx13b_linear_mlp_intphys2__ltx_video__mlp__slot_12,intphys2__ltx_video__mlp__slot_12__seed_101,pending,,"[""seed=101"",""split.seed=42"",""backbone.name=ltx_video"",""+backbone.kwargs.variant=ltxv_13b_0_9_8_distilled"",""probe.name=mlp"",""probe.layer=12"",""probe.layers=[]"",""probe.feature_view=pooled"",""probe.device=cpu"",""probe.lr=0.0001329291894316216"",""probe.weight_decay=0.005061576888752304"",""probe.batch_size=32"",""probe.eval_batch_size=1024"",""probe.epochs=2000"",""probe.early_stopping.enabled=false"",""probe.early_stopping.patience=5"",""probe.optuna.enabled=false"",""probe.output_dir=artifacts/probes/intphys2"",""probe.output_subdir=seed_runs_intphys2_ltx13b_linear_mlp/intphys2__ltx_video__mlp__slot_12/seed_101"",""probe.eval_output_dir=artifacts/results/intphys2"",""probe.eval_output_subdir=seed_runs_intphys2_ltx13b_linear_mlp/intphys2__ltx_video__mlp__slot_12/seed_101"",""probe.wandb.group=seed_runs_intphys2_ltx13b_linear_mlp_intphys2__ltx_video__mlp__slot_12"",""probe.wandb.name=intphys2__ltx_video__mlp__slot_12__seed_101"",""probe.mlp.hidden_dims=[256]"",""probe.mlp.dropout=0.21597250932105788""]",results/verified_layerwise_probe_configs.csv,291,293,2571c0e604266806,VERIFIED_FULL,"{""batch_size"":32,""depth_layer_id"":48,""dropout"":0.21597250932105788,""early_stopping"":{""enabled"":true,""patience"":5},""epochs"":2000,""feature_view"":""pooled"",""hidden_dims"":[256],""layer"":12,""lr"":0.0001329291894316216,""slot"":12,""weight_decay"":0.005061576888752304}",output/training/intphys2/mlp/intphys2_ltx_mlp_layers_22604093.out
intphys2__ltx_video__mlp__slot_12__seed_102,intphys2__ltx_video__mlp__slot_12,train_eval.probe.intphys2,IntPhys2,intphys2,ltx,LTX-Video,LTX-13B,MLP,mlp,102,42,ltx_video,ltxv_13b_0_9_8_distilled,12,12,noise_0.8_block_48,pooled,0.0001329291894316216,0.005061576888752304,32,1024,2000,false,5,[256],0.21597250932105788,,,,,cpu,artifacts/probes/intphys2,seed_runs_intphys2_ltx13b_linear_mlp/intphys2__ltx_video__mlp__slot_12/seed_102,artifacts/results/intphys2,seed_runs_intphys2_ltx13b_linear_mlp/intphys2__ltx_video__mlp__slot_12/seed_102,seed_runs_intphys2_ltx13b_linear_mlp_intphys2__ltx_video__mlp__slot_12,intphys2__ltx_video__mlp__slot_12__seed_102,pending,,"[""seed=102"",""split.seed=42"",""backbone.name=ltx_video"",""+backbone.kwargs.variant=ltxv_13b_0_9_8_distilled"",""probe.name=mlp"",""probe.layer=12"",""probe.layers=[]"",""probe.feature_view=pooled"",""probe.device=cpu"",""probe.lr=0.0001329291894316216"",""probe.weight_decay=0.005061576888752304"",""probe.batch_size=32"",""probe.eval_batch_size=1024"",""probe.epochs=2000"",""probe.early_stopping.enabled=false"",""probe.early_stopping.patience=5"",""probe.optuna.enabled=false"",""probe.output_dir=artifacts/probes/intphys2"",""probe.output_subdir=seed_runs_intphys2_ltx13b_linear_mlp/intphys2__ltx_video__mlp__slot_12/seed_102"",""probe.eval_output_dir=artifacts/results/intphys2"",""probe.eval_output_subdir=seed_runs_intphys2_ltx13b_linear_mlp/intphys2__ltx_video__mlp__slot_12/seed_102"",""probe.wandb.group=seed_runs_intphys2_ltx13b_linear_mlp_intphys2__ltx_video__mlp__slot_12"",""probe.wandb.name=intphys2__ltx_video__mlp__slot_12__seed_102"",""probe.mlp.hidden_dims=[256]"",""probe.mlp.dropout=0.21597250932105788""]",results/verified_layerwise_probe_configs.csv,291,293,2571c0e604266806,VERIFIED_FULL,"{""batch_size"":32,""depth_layer_id"":48,""dropout"":0.21597250932105788,""early_stopping"":{""enabled"":true,""patience"":5},""epochs"":2000,""feature_view"":""pooled"",""hidden_dims"":[256],""layer"":12,""lr"":0.0001329291894316216,""slot"":12,""weight_decay"":0.005061576888752304}",output/training/intphys2/mlp/intphys2_ltx_mlp_layers_22604093.out
intphys2__ltx_video__mlp__slot_13__seed_101,intphys2__ltx_video__mlp__slot_13,train_eval.probe.intphys2,IntPhys2,intphys2,ltx,LTX-Video,LTX-13B,MLP,mlp,101,42,ltx_video,ltxv_13b_0_9_8_distilled,13,13,noise_0.7_block_12,pooled,0.0001329291894316216,0.005061576888752304,32,1024,2000,false,5,[256],0.21597250932105788,,,,,cpu,artifacts/probes/intphys2,seed_runs_intphys2_ltx13b_linear_mlp/intphys2__ltx_video__mlp__slot_13/seed_101,artifacts/results/intphys2,seed_runs_intphys2_ltx13b_linear_mlp/intphys2__ltx_video__mlp__slot_13/seed_101,seed_runs_intphys2_ltx13b_linear_mlp_intphys2__ltx_video__mlp__slot_13,intphys2__ltx_video__mlp__slot_13__seed_101,pending,,"[""seed=101"",""split.seed=42"",""backbone.name=ltx_video"",""+backbone.kwargs.variant=ltxv_13b_0_9_8_distilled"",""probe.name=mlp"",""probe.layer=13"",""probe.layers=[]"",""probe.feature_view=pooled"",""probe.device=cpu"",""probe.lr=0.0001329291894316216"",""probe.weight_decay=0.005061576888752304"",""probe.batch_size=32"",""probe.eval_batch_size=1024"",""probe.epochs=2000"",""probe.early_stopping.enabled=false"",""probe.early_stopping.patience=5"",""probe.optuna.enabled=false"",""probe.output_dir=artifacts/probes/intphys2"",""probe.output_subdir=seed_runs_intphys2_ltx13b_linear_mlp/intphys2__ltx_video__mlp__slot_13/seed_101"",""probe.eval_output_dir=artifacts/results/intphys2"",""probe.eval_output_subdir=seed_runs_intphys2_ltx13b_linear_mlp/intphys2__ltx_video__mlp__slot_13/seed_101"",""probe.wandb.group=seed_runs_intphys2_ltx13b_linear_mlp_intphys2__ltx_video__mlp__slot_13"",""probe.wandb.name=intphys2__ltx_video__mlp__slot_13__seed_101"",""probe.mlp.hidden_dims=[256]"",""probe.mlp.dropout=0.21597250932105788""]",results/verified_layerwise_probe_configs.csv,292,294,7e7f629f3d95f06f,VERIFIED_FULL,"{""batch_size"":32,""depth_layer_id"":12,""dropout"":0.21597250932105788,""early_stopping"":{""enabled"":true,""patience"":5},""epochs"":2000,""feature_view"":""pooled"",""hidden_dims"":[256],""layer"":13,""lr"":0.0001329291894316216,""slot"":13,""weight_decay"":0.005061576888752304}",output/training/intphys2/mlp/intphys2_ltx_mlp_layers_22604093.out
intphys2__ltx_video__mlp__slot_13__seed_102,intphys2__ltx_video__mlp__slot_13,train_eval.probe.intphys2,IntPhys2,intphys2,ltx,LTX-Video,LTX-13B,MLP,mlp,102,42,ltx_video,ltxv_13b_0_9_8_distilled,13,13,noise_0.7_block_12,pooled,0.0001329291894316216,0.005061576888752304,32,1024,2000,false,5,[256],0.21597250932105788,,,,,cpu,artifacts/probes/intphys2,seed_runs_intphys2_ltx13b_linear_mlp/intphys2__ltx_video__mlp__slot_13/seed_102,artifacts/results/intphys2,seed_runs_intphys2_ltx13b_linear_mlp/intphys2__ltx_video__mlp__slot_13/seed_102,seed_runs_intphys2_ltx13b_linear_mlp_intphys2__ltx_video__mlp__slot_13,intphys2__ltx_video__mlp__slot_13__seed_102,pending,,"[""seed=102"",""split.seed=42"",""backbone.name=ltx_video"",""+backbone.kwargs.variant=ltxv_13b_0_9_8_distilled"",""probe.name=mlp"",""probe.layer=13"",""probe.layers=[]"",""probe.feature_view=pooled"",""probe.device=cpu"",""probe.lr=0.0001329291894316216"",""probe.weight_decay=0.005061576888752304"",""probe.batch_size=32"",""probe.eval_batch_size=1024"",""probe.epochs=2000"",""probe.early_stopping.enabled=false"",""probe.early_stopping.patience=5"",""probe.optuna.enabled=false"",""probe.output_dir=artifacts/probes/intphys2"",""probe.output_subdir=seed_runs_intphys2_ltx13b_linear_mlp/intphys2__ltx_video__mlp__slot_13/seed_102"",""probe.eval_output_dir=artifacts/results/intphys2"",""probe.eval_output_subdir=seed_runs_intphys2_ltx13b_linear_mlp/intphys2__ltx_video__mlp__slot_13/seed_102"",""probe.wandb.group=seed_runs_intphys2_ltx13b_linear_mlp_intphys2__ltx_video__mlp__slot_13"",""probe.wandb.name=intphys2__ltx_video__mlp__slot_13__seed_102"",""probe.mlp.hidden_dims=[256]"",""probe.mlp.dropout=0.21597250932105788""]",results/verified_layerwise_probe_configs.csv,292,294,7e7f629f3d95f06f,VERIFIED_FULL,"{""batch_size"":32,""depth_layer_id"":12,""dropout"":0.21597250932105788,""early_stopping"":{""enabled"":true,""patience"":5},""epochs"":2000,""feature_view"":""pooled"",""hidden_dims"":[256],""layer"":13,""lr"":0.0001329291894316216,""slot"":13,""weight_decay"":0.005061576888752304}",output/training/intphys2/mlp/intphys2_ltx_mlp_layers_22604093.out
intphys2__ltx_video__mlp__slot_14__seed_101,intphys2__ltx_video__mlp__slot_14,train_eval.probe.intphys2,IntPhys2,intphys2,ltx,LTX-Video,LTX-13B,MLP,mlp,101,42,ltx_video,ltxv_13b_0_9_8_distilled,14,14,noise_0.7_block_24,pooled,2.7207248059486674e-05,8.64403589520682e-06,32,1024,50,false,5,[512],0.3387821809211412,,,,,cpu,artifacts/probes/intphys2,seed_runs_intphys2_ltx13b_linear_mlp/intphys2__ltx_video__mlp__slot_14/seed_101,artifacts/results/intphys2,seed_runs_intphys2_ltx13b_linear_mlp/intphys2__ltx_video__mlp__slot_14/seed_101,seed_runs_intphys2_ltx13b_linear_mlp_intphys2__ltx_video__mlp__slot_14,intphys2__ltx_video__mlp__slot_14__seed_101,pending,,"[""seed=101"",""split.seed=42"",""backbone.name=ltx_video"",""+backbone.kwargs.variant=ltxv_13b_0_9_8_distilled"",""probe.name=mlp"",""probe.layer=14"",""probe.layers=[]"",""probe.feature_view=pooled"",""probe.device=cpu"",""probe.lr=2.7207248059486674e-05"",""probe.weight_decay=8.64403589520682e-06"",""probe.batch_size=32"",""probe.eval_batch_size=1024"",""probe.epochs=50"",""probe.early_stopping.enabled=false"",""probe.early_stopping.patience=5"",""probe.optuna.enabled=false"",""probe.output_dir=artifacts/probes/intphys2"",""probe.output_subdir=seed_runs_intphys2_ltx13b_linear_mlp/intphys2__ltx_video__mlp__slot_14/seed_101"",""probe.eval_output_dir=artifacts/results/intphys2"",""probe.eval_output_subdir=seed_runs_intphys2_ltx13b_linear_mlp/intphys2__ltx_video__mlp__slot_14/seed_101"",""probe.wandb.group=seed_runs_intphys2_ltx13b_linear_mlp_intphys2__ltx_video__mlp__slot_14"",""probe.wandb.name=intphys2__ltx_video__mlp__slot_14__seed_101"",""probe.mlp.hidden_dims=[512]"",""probe.mlp.dropout=0.3387821809211412""]",results/verified_layerwise_probe_configs.csv,293,295,01d8414accba02f8,VERIFIED_FULL,"{""batch_size"":32,""depth_layer_id"":24,""dropout"":0.3387821809211412,""early_stopping"":{""enabled"":true,""patience"":5},""epochs"":50,""feature_view"":""pooled"",""hidden_dims"":[512],""layer"":14,""lr"":2.7207248059486674e-05,""slot"":14,""weight_decay"":8.64403589520682e-06}",output/training/intphys2/mlp/intphys2_ltx_mlp_layers_22604093.out
intphys2__ltx_video__mlp__slot_14__seed_102,intphys2__ltx_video__mlp__slot_14,train_eval.probe.intphys2,IntPhys2,intphys2,ltx,LTX-Video,LTX-13B,MLP,mlp,102,42,ltx_video,ltxv_13b_0_9_8_distilled,14,14,noise_0.7_block_24,pooled,2.7207248059486674e-05,8.64403589520682e-06,32,1024,50,false,5,[512],0.3387821809211412,,,,,cpu,artifacts/probes/intphys2,seed_runs_intphys2_ltx13b_linear_mlp/intphys2__ltx_video__mlp__slot_14/seed_102,artifacts/results/intphys2,seed_runs_intphys2_ltx13b_linear_mlp/intphys2__ltx_video__mlp__slot_14/seed_102,seed_runs_intphys2_ltx13b_linear_mlp_intphys2__ltx_video__mlp__slot_14,intphys2__ltx_video__mlp__slot_14__seed_102,pending,,"[""seed=102"",""split.seed=42"",""backbone.name=ltx_video"",""+backbone.kwargs.variant=ltxv_13b_0_9_8_distilled"",""probe.name=mlp"",""probe.layer=14"",""probe.layers=[]"",""probe.feature_view=pooled"",""probe.device=cpu"",""probe.lr=2.7207248059486674e-05"",""probe.weight_decay=8.64403589520682e-06"",""probe.batch_size=32"",""probe.eval_batch_size=1024"",""probe.epochs=50"",""probe.early_stopping.enabled=false"",""probe.early_stopping.patience=5"",""probe.optuna.enabled=false"",""probe.output_dir=artifacts/probes/intphys2"",""probe.output_subdir=seed_runs_intphys2_ltx13b_linear_mlp/intphys2__ltx_video__mlp__slot_14/seed_102"",""probe.eval_output_dir=artifacts/results/intphys2"",""probe.eval_output_subdir=seed_runs_intphys2_ltx13b_linear_mlp/intphys2__ltx_video__mlp__slot_14/seed_102"",""probe.wandb.group=seed_runs_intphys2_ltx13b_linear_mlp_intphys2__ltx_video__mlp__slot_14"",""probe.wandb.name=intphys2__ltx_video__mlp__slot_14__seed_102"",""probe.mlp.hidden_dims=[512]"",""probe.mlp.dropout=0.3387821809211412""]",results/verified_layerwise_probe_configs.csv,293,295,01d8414accba02f8,VERIFIED_FULL,"{""batch_size"":32,""depth_layer_id"":24,""dropout"":0.3387821809211412,""early_stopping"":{""enabled"":true,""patience"":5},""epochs"":50,""feature_view"":""pooled"",""hidden_dims"":[512],""layer"":14,""lr"":2.7207248059486674e-05,""slot"":14,""weight_decay"":8.64403589520682e-06}",output/training/intphys2/mlp/intphys2_ltx_mlp_layers_22604093.out
intphys2__ltx_video__mlp__slot_15__seed_101,intphys2__ltx_video__mlp__slot_15,train_eval.probe.intphys2,IntPhys2,intphys2,ltx,LTX-Video,LTX-13B,MLP,mlp,101,42,ltx_video,ltxv_13b_0_9_8_distilled,15,15,noise_0.7_block_36,pooled,0.0001329291894316216,0.005061576888752304,32,1024,2000,false,5,[256],0.21597250932105788,,,,,cpu,artifacts/probes/intphys2,seed_runs_intphys2_ltx13b_linear_mlp/intphys2__ltx_video__mlp__slot_15/seed_101,artifacts/results/intphys2,seed_runs_intphys2_ltx13b_linear_mlp/intphys2__ltx_video__mlp__slot_15/seed_101,seed_runs_intphys2_ltx13b_linear_mlp_intphys2__ltx_video__mlp__slot_15,intphys2__ltx_video__mlp__slot_15__seed_101,pending,,"[""seed=101"",""split.seed=42"",""backbone.name=ltx_video"",""+backbone.kwargs.variant=ltxv_13b_0_9_8_distilled"",""probe.name=mlp"",""probe.layer=15"",""probe.layers=[]"",""probe.feature_view=pooled"",""probe.device=cpu"",""probe.lr=0.0001329291894316216"",""probe.weight_decay=0.005061576888752304"",""probe.batch_size=32"",""probe.eval_batch_size=1024"",""probe.epochs=2000"",""probe.early_stopping.enabled=false"",""probe.early_stopping.patience=5"",""probe.optuna.enabled=false"",""probe.output_dir=artifacts/probes/intphys2"",""probe.output_subdir=seed_runs_intphys2_ltx13b_linear_mlp/intphys2__ltx_video__mlp__slot_15/seed_101"",""probe.eval_output_dir=artifacts/results/intphys2"",""probe.eval_output_subdir=seed_runs_intphys2_ltx13b_linear_mlp/intphys2__ltx_video__mlp__slot_15/seed_101"",""probe.wandb.group=seed_runs_intphys2_ltx13b_linear_mlp_intphys2__ltx_video__mlp__slot_15"",""probe.wandb.name=intphys2__ltx_video__mlp__slot_15__seed_101"",""probe.mlp.hidden_dims=[256]"",""probe.mlp.dropout=0.21597250932105788""]",results/verified_layerwise_probe_configs.csv,294,296,b2432f9b0104998b,VERIFIED_FULL,"{""batch_size"":32,""depth_layer_id"":36,""dropout"":0.21597250932105788,""early_stopping"":{""enabled"":true,""patience"":5},""epochs"":2000,""feature_view"":""pooled"",""hidden_dims"":[256],""layer"":15,""lr"":0.0001329291894316216,""slot"":15,""weight_decay"":0.005061576888752304}",output/training/intphys2/mlp/intphys2_ltx_mlp_layers_22604093.out
intphys2__ltx_video__mlp__slot_15__seed_102,intphys2__ltx_video__mlp__slot_15,train_eval.probe.intphys2,IntPhys2,intphys2,ltx,LTX-Video,LTX-13B,MLP,mlp,102,42,ltx_video,ltxv_13b_0_9_8_distilled,15,15,noise_0.7_block_36,pooled,0.0001329291894316216,0.005061576888752304,32,1024,2000,false,5,[256],0.21597250932105788,,,,,cpu,artifacts/probes/intphys2,seed_runs_intphys2_ltx13b_linear_mlp/intphys2__ltx_video__mlp__slot_15/seed_102,artifacts/results/intphys2,seed_runs_intphys2_ltx13b_linear_mlp/intphys2__ltx_video__mlp__slot_15/seed_102,seed_runs_intphys2_ltx13b_linear_mlp_intphys2__ltx_video__mlp__slot_15,intphys2__ltx_video__mlp__slot_15__seed_102,pending,,"[""seed=102"",""split.seed=42"",""backbone.name=ltx_video"",""+backbone.kwargs.variant=ltxv_13b_0_9_8_distilled"",""probe.name=mlp"",""probe.layer=15"",""probe.layers=[]"",""probe.feature_view=pooled"",""probe.device=cpu"",""probe.lr=0.0001329291894316216"",""probe.weight_decay=0.005061576888752304"",""probe.batch_size=32"",""probe.eval_batch_size=1024"",""probe.epochs=2000"",""probe.early_stopping.enabled=false"",""probe.early_stopping.patience=5"",""probe.optuna.enabled=false"",""probe.output_dir=artifacts/probes/intphys2"",""probe.output_subdir=seed_runs_intphys2_ltx13b_linear_mlp/intphys2__ltx_video__mlp__slot_15/seed_102"",""probe.eval_output_dir=artifacts/results/intphys2"",""probe.eval_output_subdir=seed_runs_intphys2_ltx13b_linear_mlp/intphys2__ltx_video__mlp__slot_15/seed_102"",""probe.wandb.group=seed_runs_intphys2_ltx13b_linear_mlp_intphys2__ltx_video__mlp__slot_15"",""probe.wandb.name=intphys2__ltx_video__mlp__slot_15__seed_102"",""probe.mlp.hidden_dims=[256]"",""probe.mlp.dropout=0.21597250932105788""]",results/verified_layerwise_probe_configs.csv,294,296,b2432f9b0104998b,VERIFIED_FULL,"{""batch_size"":32,""depth_layer_id"":36,""dropout"":0.21597250932105788,""early_stopping"":{""enabled"":true,""patience"":5},""epochs"":2000,""feature_view"":""pooled"",""hidden_dims"":[256],""layer"":15,""lr"":0.0001329291894316216,""slot"":15,""weight_decay"":0.005061576888752304}",output/training/intphys2/mlp/intphys2_ltx_mlp_layers_22604093.out
intphys2__ltx_video__mlp__slot_16__seed_101,intphys2__ltx_video__mlp__slot_16,train_eval.probe.intphys2,IntPhys2,intphys2,ltx,LTX-Video,LTX-13B,MLP,mlp,101,42,ltx_video,ltxv_13b_0_9_8_distilled,16,16,noise_0.7_block_48,pooled,1.033285556962607e-05,1.9715055759651984e-06,64,1024,50,false,5,[256],0.10247939718992106,,,,,cpu,artifacts/probes/intphys2,seed_runs_intphys2_ltx13b_linear_mlp/intphys2__ltx_video__mlp__slot_16/seed_101,artifacts/results/intphys2,seed_runs_intphys2_ltx13b_linear_mlp/intphys2__ltx_video__mlp__slot_16/seed_101,seed_runs_intphys2_ltx13b_linear_mlp_intphys2__ltx_video__mlp__slot_16,intphys2__ltx_video__mlp__slot_16__seed_101,pending,,"[""seed=101"",""split.seed=42"",""backbone.name=ltx_video"",""+backbone.kwargs.variant=ltxv_13b_0_9_8_distilled"",""probe.name=mlp"",""probe.layer=16"",""probe.layers=[]"",""probe.feature_view=pooled"",""probe.device=cpu"",""probe.lr=1.033285556962607e-05"",""probe.weight_decay=1.9715055759651984e-06"",""probe.batch_size=64"",""probe.eval_batch_size=1024"",""probe.epochs=50"",""probe.early_stopping.enabled=false"",""probe.early_stopping.patience=5"",""probe.optuna.enabled=false"",""probe.output_dir=artifacts/probes/intphys2"",""probe.output_subdir=seed_runs_intphys2_ltx13b_linear_mlp/intphys2__ltx_video__mlp__slot_16/seed_101"",""probe.eval_output_dir=artifacts/results/intphys2"",""probe.eval_output_subdir=seed_runs_intphys2_ltx13b_linear_mlp/intphys2__ltx_video__mlp__slot_16/seed_101"",""probe.wandb.group=seed_runs_intphys2_ltx13b_linear_mlp_intphys2__ltx_video__mlp__slot_16"",""probe.wandb.name=intphys2__ltx_video__mlp__slot_16__seed_101"",""probe.mlp.hidden_dims=[256]"",""probe.mlp.dropout=0.10247939718992106""]",results/verified_layerwise_probe_configs.csv,295,297,366d9c691db86d3e,VERIFIED_FULL,"{""batch_size"":64,""depth_layer_id"":48,""dropout"":0.10247939718992106,""early_stopping"":{""enabled"":true,""patience"":5},""epochs"":50,""feature_view"":""pooled"",""hidden_dims"":[256],""layer"":16,""lr"":1.033285556962607e-05,""slot"":16,""weight_decay"":1.9715055759651984e-06}",output/training/intphys2/mlp/intphys2_ltx_mlp_layers_22604093.out
intphys2__ltx_video__mlp__slot_16__seed_102,intphys2__ltx_video__mlp__slot_16,train_eval.probe.intphys2,IntPhys2,intphys2,ltx,LTX-Video,LTX-13B,MLP,mlp,102,42,ltx_video,ltxv_13b_0_9_8_distilled,16,16,noise_0.7_block_48,pooled,1.033285556962607e-05,1.9715055759651984e-06,64,1024,50,false,5,[256],0.10247939718992106,,,,,cpu,artifacts/probes/intphys2,seed_runs_intphys2_ltx13b_linear_mlp/intphys2__ltx_video__mlp__slot_16/seed_102,artifacts/results/intphys2,seed_runs_intphys2_ltx13b_linear_mlp/intphys2__ltx_video__mlp__slot_16/seed_102,seed_runs_intphys2_ltx13b_linear_mlp_intphys2__ltx_video__mlp__slot_16,intphys2__ltx_video__mlp__slot_16__seed_102,pending,,"[""seed=102"",""split.seed=42"",""backbone.name=ltx_video"",""+backbone.kwargs.variant=ltxv_13b_0_9_8_distilled"",""probe.name=mlp"",""probe.layer=16"",""probe.layers=[]"",""probe.feature_view=pooled"",""probe.device=cpu"",""probe.lr=1.033285556962607e-05"",""probe.weight_decay=1.9715055759651984e-06"",""probe.batch_size=64"",""probe.eval_batch_size=1024"",""probe.epochs=50"",""probe.early_stopping.enabled=false"",""probe.early_stopping.patience=5"",""probe.optuna.enabled=false"",""probe.output_dir=artifacts/probes/intphys2"",""probe.output_subdir=seed_runs_intphys2_ltx13b_linear_mlp/intphys2__ltx_video__mlp__slot_16/seed_102"",""probe.eval_output_dir=artifacts/results/intphys2"",""probe.eval_output_subdir=seed_runs_intphys2_ltx13b_linear_mlp/intphys2__ltx_video__mlp__slot_16/seed_102"",""probe.wandb.group=seed_runs_intphys2_ltx13b_linear_mlp_intphys2__ltx_video__mlp__slot_16"",""probe.wandb.name=intphys2__ltx_video__mlp__slot_16__seed_102"",""probe.mlp.hidden_dims=[256]"",""probe.mlp.dropout=0.10247939718992106""]",results/verified_layerwise_probe_configs.csv,295,297,366d9c691db86d3e,VERIFIED_FULL,"{""batch_size"":64,""depth_layer_id"":48,""dropout"":0.10247939718992106,""early_stopping"":{""enabled"":true,""patience"":5},""epochs"":50,""feature_view"":""pooled"",""hidden_dims"":[256],""layer"":16,""lr"":1.033285556962607e-05,""slot"":16,""weight_decay"":1.9715055759651984e-06}",output/training/intphys2/mlp/intphys2_ltx_mlp_layers_22604093.out
intphys2__ltx_video__mlp__slot_17__seed_101,intphys2__ltx_video__mlp__slot_17,train_eval.probe.intphys2,IntPhys2,intphys2,ltx,LTX-Video,LTX-13B,MLP,mlp,101,42,ltx_video,ltxv_13b_0_9_8_distilled,17,17,noise_0.6_block_12,pooled,0.0001329291894316216,0.005061576888752304,32,1024,2000,false,5,[256],0.21597250932105788,,,,,cpu,artifacts/probes/intphys2,seed_runs_intphys2_ltx13b_linear_mlp/intphys2__ltx_video__mlp__slot_17/seed_101,artifacts/results/intphys2,seed_runs_intphys2_ltx13b_linear_mlp/intphys2__ltx_video__mlp__slot_17/seed_101,seed_runs_intphys2_ltx13b_linear_mlp_intphys2__ltx_video__mlp__slot_17,intphys2__ltx_video__mlp__slot_17__seed_101,pending,,"[""seed=101"",""split.seed=42"",""backbone.name=ltx_video"",""+backbone.kwargs.variant=ltxv_13b_0_9_8_distilled"",""probe.name=mlp"",""probe.layer=17"",""probe.layers=[]"",""probe.feature_view=pooled"",""probe.device=cpu"",""probe.lr=0.0001329291894316216"",""probe.weight_decay=0.005061576888752304"",""probe.batch_size=32"",""probe.eval_batch_size=1024"",""probe.epochs=2000"",""probe.early_stopping.enabled=false"",""probe.early_stopping.patience=5"",""probe.optuna.enabled=false"",""probe.output_dir=artifacts/probes/intphys2"",""probe.output_subdir=seed_runs_intphys2_ltx13b_linear_mlp/intphys2__ltx_video__mlp__slot_17/seed_101"",""probe.eval_output_dir=artifacts/results/intphys2"",""probe.eval_output_subdir=seed_runs_intphys2_ltx13b_linear_mlp/intphys2__ltx_video__mlp__slot_17/seed_101"",""probe.wandb.group=seed_runs_intphys2_ltx13b_linear_mlp_intphys2__ltx_video__mlp__slot_17"",""probe.wandb.name=intphys2__ltx_video__mlp__slot_17__seed_101"",""probe.mlp.hidden_dims=[256]"",""probe.mlp.dropout=0.21597250932105788""]",results/verified_layerwise_probe_configs.csv,296,298,3885a5de6a3e2ecf,VERIFIED_FULL,"{""batch_size"":32,""depth_layer_id"":12,""dropout"":0.21597250932105788,""early_stopping"":{""enabled"":true,""patience"":5},""epochs"":2000,""feature_view"":""pooled"",""hidden_dims"":[256],""layer"":17,""lr"":0.0001329291894316216,""slot"":17,""weight_decay"":0.005061576888752304}",output/training/intphys2/mlp/intphys2_ltx_mlp_layers_22604093.out
intphys2__ltx_video__mlp__slot_17__seed_102,intphys2__ltx_video__mlp__slot_17,train_eval.probe.intphys2,IntPhys2,intphys2,ltx,LTX-Video,LTX-13B,MLP,mlp,102,42,ltx_video,ltxv_13b_0_9_8_distilled,17,17,noise_0.6_block_12,pooled,0.0001329291894316216,0.005061576888752304,32,1024,2000,false,5,[256],0.21597250932105788,,,,,cpu,artifacts/probes/intphys2,seed_runs_intphys2_ltx13b_linear_mlp/intphys2__ltx_video__mlp__slot_17/seed_102,artifacts/results/intphys2,seed_runs_intphys2_ltx13b_linear_mlp/intphys2__ltx_video__mlp__slot_17/seed_102,seed_runs_intphys2_ltx13b_linear_mlp_intphys2__ltx_video__mlp__slot_17,intphys2__ltx_video__mlp__slot_17__seed_102,pending,,"[""seed=102"",""split.seed=42"",""backbone.name=ltx_video"",""+backbone.kwargs.variant=ltxv_13b_0_9_8_distilled"",""probe.name=mlp"",""probe.layer=17"",""probe.layers=[]"",""probe.feature_view=pooled"",""probe.device=cpu"",""probe.lr=0.0001329291894316216"",""probe.weight_decay=0.005061576888752304"",""probe.batch_size=32"",""probe.eval_batch_size=1024"",""probe.epochs=2000"",""probe.early_stopping.enabled=false"",""probe.early_stopping.patience=5"",""probe.optuna.enabled=false"",""probe.output_dir=artifacts/probes/intphys2"",""probe.output_subdir=seed_runs_intphys2_ltx13b_linear_mlp/intphys2__ltx_video__mlp__slot_17/seed_102"",""probe.eval_output_dir=artifacts/results/intphys2"",""probe.eval_output_subdir=seed_runs_intphys2_ltx13b_linear_mlp/intphys2__ltx_video__mlp__slot_17/seed_102"",""probe.wandb.group=seed_runs_intphys2_ltx13b_linear_mlp_intphys2__ltx_video__mlp__slot_17"",""probe.wandb.name=intphys2__ltx_video__mlp__slot_17__seed_102"",""probe.mlp.hidden_dims=[256]"",""probe.mlp.dropout=0.21597250932105788""]",results/verified_layerwise_probe_configs.csv,296,298,3885a5de6a3e2ecf,VERIFIED_FULL,"{""batch_size"":32,""depth_layer_id"":12,""dropout"":0.21597250932105788,""early_stopping"":{""enabled"":true,""patience"":5},""epochs"":2000,""feature_view"":""pooled"",""hidden_dims"":[256],""layer"":17,""lr"":0.0001329291894316216,""slot"":17,""weight_decay"":0.005061576888752304}",output/training/intphys2/mlp/intphys2_ltx_mlp_layers_22604093.out
intphys2__ltx_video__mlp__slot_18__seed_101,intphys2__ltx_video__mlp__slot_18,train_eval.probe.intphys2,IntPhys2,intphys2,ltx,LTX-Video,LTX-13B,MLP,mlp,101,42,ltx_video,ltxv_13b_0_9_8_distilled,18,18,noise_0.6_block_24,pooled,0.0006227253081323598,0.007461749237895955,64,1024,2000,false,5,[256],0.002035258561151679,,,,,cpu,artifacts/probes/intphys2,seed_runs_intphys2_ltx13b_linear_mlp/intphys2__ltx_video__mlp__slot_18/seed_101,artifacts/results/intphys2,seed_runs_intphys2_ltx13b_linear_mlp/intphys2__ltx_video__mlp__slot_18/seed_101,seed_runs_intphys2_ltx13b_linear_mlp_intphys2__ltx_video__mlp__slot_18,intphys2__ltx_video__mlp__slot_18__seed_101,pending,,"[""seed=101"",""split.seed=42"",""backbone.name=ltx_video"",""+backbone.kwargs.variant=ltxv_13b_0_9_8_distilled"",""probe.name=mlp"",""probe.layer=18"",""probe.layers=[]"",""probe.feature_view=pooled"",""probe.device=cpu"",""probe.lr=0.0006227253081323598"",""probe.weight_decay=0.007461749237895955"",""probe.batch_size=64"",""probe.eval_batch_size=1024"",""probe.epochs=2000"",""probe.early_stopping.enabled=false"",""probe.early_stopping.patience=5"",""probe.optuna.enabled=false"",""probe.output_dir=artifacts/probes/intphys2"",""probe.output_subdir=seed_runs_intphys2_ltx13b_linear_mlp/intphys2__ltx_video__mlp__slot_18/seed_101"",""probe.eval_output_dir=artifacts/results/intphys2"",""probe.eval_output_subdir=seed_runs_intphys2_ltx13b_linear_mlp/intphys2__ltx_video__mlp__slot_18/seed_101"",""probe.wandb.group=seed_runs_intphys2_ltx13b_linear_mlp_intphys2__ltx_video__mlp__slot_18"",""probe.wandb.name=intphys2__ltx_video__mlp__slot_18__seed_101"",""probe.mlp.hidden_dims=[256]"",""probe.mlp.dropout=0.002035258561151679""]",results/verified_layerwise_probe_configs.csv,297,299,a547b3d7b100b356,VERIFIED_FULL,"{""batch_size"":64,""depth_layer_id"":24,""dropout"":0.002035258561151679,""early_stopping"":{""enabled"":true,""patience"":5},""epochs"":2000,""feature_view"":""pooled"",""hidden_dims"":[256],""layer"":18,""lr"":0.0006227253081323598,""slot"":18,""weight_decay"":0.007461749237895955}",output/training/intphys2/mlp/intphys2_ltx_mlp_layers_22604093.out
intphys2__ltx_video__mlp__slot_18__seed_102,intphys2__ltx_video__mlp__slot_18,train_eval.probe.intphys2,IntPhys2,intphys2,ltx,LTX-Video,LTX-13B,MLP,mlp,102,42,ltx_video,ltxv_13b_0_9_8_distilled,18,18,noise_0.6_block_24,pooled,0.0006227253081323598,0.007461749237895955,64,1024,2000,false,5,[256],0.002035258561151679,,,,,cpu,artifacts/probes/intphys2,seed_runs_intphys2_ltx13b_linear_mlp/intphys2__ltx_video__mlp__slot_18/seed_102,artifacts/results/intphys2,seed_runs_intphys2_ltx13b_linear_mlp/intphys2__ltx_video__mlp__slot_18/seed_102,seed_runs_intphys2_ltx13b_linear_mlp_intphys2__ltx_video__mlp__slot_18,intphys2__ltx_video__mlp__slot_18__seed_102,pending,,"[""seed=102"",""split.seed=42"",""backbone.name=ltx_video"",""+backbone.kwargs.variant=ltxv_13b_0_9_8_distilled"",""probe.name=mlp"",""probe.layer=18"",""probe.layers=[]"",""probe.feature_view=pooled"",""probe.device=cpu"",""probe.lr=0.0006227253081323598"",""probe.weight_decay=0.007461749237895955"",""probe.batch_size=64"",""probe.eval_batch_size=1024"",""probe.epochs=2000"",""probe.early_stopping.enabled=false"",""probe.early_stopping.patience=5"",""probe.optuna.enabled=false"",""probe.output_dir=artifacts/probes/intphys2"",""probe.output_subdir=seed_runs_intphys2_ltx13b_linear_mlp/intphys2__ltx_video__mlp__slot_18/seed_102"",""probe.eval_output_dir=artifacts/results/intphys2"",""probe.eval_output_subdir=seed_runs_intphys2_ltx13b_linear_mlp/intphys2__ltx_video__mlp__slot_18/seed_102"",""probe.wandb.group=seed_runs_intphys2_ltx13b_linear_mlp_intphys2__ltx_video__mlp__slot_18"",""probe.wandb.name=intphys2__ltx_video__mlp__slot_18__seed_102"",""probe.mlp.hidden_dims=[256]"",""probe.mlp.dropout=0.002035258561151679""]",results/verified_layerwise_probe_configs.csv,297,299,a547b3d7b100b356,VERIFIED_FULL,"{""batch_size"":64,""depth_layer_id"":24,""dropout"":0.002035258561151679,""early_stopping"":{""enabled"":true,""patience"":5},""epochs"":2000,""feature_view"":""pooled"",""hidden_dims"":[256],""layer"":18,""lr"":0.0006227253081323598,""slot"":18,""weight_decay"":0.007461749237895955}",output/training/intphys2/mlp/intphys2_ltx_mlp_layers_22604093.out
intphys2__ltx_video__mlp__slot_19__seed_101,intphys2__ltx_video__mlp__slot_19,train_eval.probe.intphys2,IntPhys2,intphys2,ltx,LTX-Video,LTX-13B,MLP,mlp,101,42,ltx_video,ltxv_13b_0_9_8_distilled,19,19,noise_0.6_block_36,pooled,2.7207248059486674e-05,8.64403589520682e-06,32,1024,50,false,5,[512],0.3387821809211412,,,,,cpu,artifacts/probes/intphys2,seed_runs_intphys2_ltx13b_linear_mlp/intphys2__ltx_video__mlp__slot_19/seed_101,artifacts/results/intphys2,seed_runs_intphys2_ltx13b_linear_mlp/intphys2__ltx_video__mlp__slot_19/seed_101,seed_runs_intphys2_ltx13b_linear_mlp_intphys2__ltx_video__mlp__slot_19,intphys2__ltx_video__mlp__slot_19__seed_101,pending,,"[""seed=101"",""split.seed=42"",""backbone.name=ltx_video"",""+backbone.kwargs.variant=ltxv_13b_0_9_8_distilled"",""probe.name=mlp"",""probe.layer=19"",""probe.layers=[]"",""probe.feature_view=pooled"",""probe.device=cpu"",""probe.lr=2.7207248059486674e-05"",""probe.weight_decay=8.64403589520682e-06"",""probe.batch_size=32"",""probe.eval_batch_size=1024"",""probe.epochs=50"",""probe.early_stopping.enabled=false"",""probe.early_stopping.patience=5"",""probe.optuna.enabled=false"",""probe.output_dir=artifacts/probes/intphys2"",""probe.output_subdir=seed_runs_intphys2_ltx13b_linear_mlp/intphys2__ltx_video__mlp__slot_19/seed_101"",""probe.eval_output_dir=artifacts/results/intphys2"",""probe.eval_output_subdir=seed_runs_intphys2_ltx13b_linear_mlp/intphys2__ltx_video__mlp__slot_19/seed_101"",""probe.wandb.group=seed_runs_intphys2_ltx13b_linear_mlp_intphys2__ltx_video__mlp__slot_19"",""probe.wandb.name=intphys2__ltx_video__mlp__slot_19__seed_101"",""probe.mlp.hidden_dims=[512]"",""probe.mlp.dropout=0.3387821809211412""]",results/verified_layerwise_probe_configs.csv,298,300,4d7b68de84824fc0,VERIFIED_FULL,"{""batch_size"":32,""depth_layer_id"":36,""dropout"":0.3387821809211412,""early_stopping"":{""enabled"":true,""patience"":5},""epochs"":50,""feature_view"":""pooled"",""hidden_dims"":[512],""layer"":19,""lr"":2.7207248059486674e-05,""slot"":19,""weight_decay"":8.64403589520682e-06}",output/training/intphys2/mlp/intphys2_ltx_mlp_layers_22604093.out
intphys2__ltx_video__mlp__slot_19__seed_102,intphys2__ltx_video__mlp__slot_19,train_eval.probe.intphys2,IntPhys2,intphys2,ltx,LTX-Video,LTX-13B,MLP,mlp,102,42,ltx_video,ltxv_13b_0_9_8_distilled,19,19,noise_0.6_block_36,pooled,2.7207248059486674e-05,8.64403589520682e-06,32,1024,50,false,5,[512],0.3387821809211412,,,,,cpu,artifacts/probes/intphys2,seed_runs_intphys2_ltx13b_linear_mlp/intphys2__ltx_video__mlp__slot_19/seed_102,artifacts/results/intphys2,seed_runs_intphys2_ltx13b_linear_mlp/intphys2__ltx_video__mlp__slot_19/seed_102,seed_runs_intphys2_ltx13b_linear_mlp_intphys2__ltx_video__mlp__slot_19,intphys2__ltx_video__mlp__slot_19__seed_102,pending,,"[""seed=102"",""split.seed=42"",""backbone.name=ltx_video"",""+backbone.kwargs.variant=ltxv_13b_0_9_8_distilled"",""probe.name=mlp"",""probe.layer=19"",""probe.layers=[]"",""probe.feature_view=pooled"",""probe.device=cpu"",""probe.lr=2.7207248059486674e-05"",""probe.weight_decay=8.64403589520682e-06"",""probe.batch_size=32"",""probe.eval_batch_size=1024"",""probe.epochs=50"",""probe.early_stopping.enabled=false"",""probe.early_stopping.patience=5"",""probe.optuna.enabled=false"",""probe.output_dir=artifacts/probes/intphys2"",""probe.output_subdir=seed_runs_intphys2_ltx13b_linear_mlp/intphys2__ltx_video__mlp__slot_19/seed_102"",""probe.eval_output_dir=artifacts/results/intphys2"",""probe.eval_output_subdir=seed_runs_intphys2_ltx13b_linear_mlp/intphys2__ltx_video__mlp__slot_19/seed_102"",""probe.wandb.group=seed_runs_intphys2_ltx13b_linear_mlp_intphys2__ltx_video__mlp__slot_19"",""probe.wandb.name=intphys2__ltx_video__mlp__slot_19__seed_102"",""probe.mlp.hidden_dims=[512]"",""probe.mlp.dropout=0.3387821809211412""]",results/verified_layerwise_probe_configs.csv,298,300,4d7b68de84824fc0,VERIFIED_FULL,"{""batch_size"":32,""depth_layer_id"":36,""dropout"":0.3387821809211412,""early_stopping"":{""enabled"":true,""patience"":5},""epochs"":50,""feature_view"":""pooled"",""hidden_dims"":[512],""layer"":19,""lr"":2.7207248059486674e-05,""slot"":19,""weight_decay"":8.64403589520682e-06}",output/training/intphys2/mlp/intphys2_ltx_mlp_layers_22604093.out
intphys2__ltx_video__mlp__slot_20__seed_101,intphys2__ltx_video__mlp__slot_20,train_eval.probe.intphys2,IntPhys2,intphys2,ltx,LTX-Video,LTX-13B,MLP,mlp,101,42,ltx_video,ltxv_13b_0_9_8_distilled,20,20,noise_0.6_block_48,pooled,0.0001329291894316216,0.005061576888752304,32,1024,2000,false,5,[256],0.21597250932105788,,,,,cpu,artifacts/probes/intphys2,seed_runs_intphys2_ltx13b_linear_mlp/intphys2__ltx_video__mlp__slot_20/seed_101,artifacts/results/intphys2,seed_runs_intphys2_ltx13b_linear_mlp/intphys2__ltx_video__mlp__slot_20/seed_101,seed_runs_intphys2_ltx13b_linear_mlp_intphys2__ltx_video__mlp__slot_20,intphys2__ltx_video__mlp__slot_20__seed_101,pending,,"[""seed=101"",""split.seed=42"",""backbone.name=ltx_video"",""+backbone.kwargs.variant=ltxv_13b_0_9_8_distilled"",""probe.name=mlp"",""probe.layer=20"",""probe.layers=[]"",""probe.feature_view=pooled"",""probe.device=cpu"",""probe.lr=0.0001329291894316216"",""probe.weight_decay=0.005061576888752304"",""probe.batch_size=32"",""probe.eval_batch_size=1024"",""probe.epochs=2000"",""probe.early_stopping.enabled=false"",""probe.early_stopping.patience=5"",""probe.optuna.enabled=false"",""probe.output_dir=artifacts/probes/intphys2"",""probe.output_subdir=seed_runs_intphys2_ltx13b_linear_mlp/intphys2__ltx_video__mlp__slot_20/seed_101"",""probe.eval_output_dir=artifacts/results/intphys2"",""probe.eval_output_subdir=seed_runs_intphys2_ltx13b_linear_mlp/intphys2__ltx_video__mlp__slot_20/seed_101"",""probe.wandb.group=seed_runs_intphys2_ltx13b_linear_mlp_intphys2__ltx_video__mlp__slot_20"",""probe.wandb.name=intphys2__ltx_video__mlp__slot_20__seed_101"",""probe.mlp.hidden_dims=[256]"",""probe.mlp.dropout=0.21597250932105788""]",results/verified_layerwise_probe_configs.csv,299,301,d2084162791bdeb7,VERIFIED_FULL,"{""batch_size"":32,""depth_layer_id"":48,""dropout"":0.21597250932105788,""early_stopping"":{""enabled"":true,""patience"":5},""epochs"":2000,""feature_view"":""pooled"",""hidden_dims"":[256],""layer"":20,""lr"":0.0001329291894316216,""slot"":20,""weight_decay"":0.005061576888752304}",output/training/intphys2/mlp/intphys2_ltx_mlp_layers_22604093.out
intphys2__ltx_video__mlp__slot_20__seed_102,intphys2__ltx_video__mlp__slot_20,train_eval.probe.intphys2,IntPhys2,intphys2,ltx,LTX-Video,LTX-13B,MLP,mlp,102,42,ltx_video,ltxv_13b_0_9_8_distilled,20,20,noise_0.6_block_48,pooled,0.0001329291894316216,0.005061576888752304,32,1024,2000,false,5,[256],0.21597250932105788,,,,,cpu,artifacts/probes/intphys2,seed_runs_intphys2_ltx13b_linear_mlp/intphys2__ltx_video__mlp__slot_20/seed_102,artifacts/results/intphys2,seed_runs_intphys2_ltx13b_linear_mlp/intphys2__ltx_video__mlp__slot_20/seed_102,seed_runs_intphys2_ltx13b_linear_mlp_intphys2__ltx_video__mlp__slot_20,intphys2__ltx_video__mlp__slot_20__seed_102,pending,,"[""seed=102"",""split.seed=42"",""backbone.name=ltx_video"",""+backbone.kwargs.variant=ltxv_13b_0_9_8_distilled"",""probe.name=mlp"",""probe.layer=20"",""probe.layers=[]"",""probe.feature_view=pooled"",""probe.device=cpu"",""probe.lr=0.0001329291894316216"",""probe.weight_decay=0.005061576888752304"",""probe.batch_size=32"",""probe.eval_batch_size=1024"",""probe.epochs=2000"",""probe.early_stopping.enabled=false"",""probe.early_stopping.patience=5"",""probe.optuna.enabled=false"",""probe.output_dir=artifacts/probes/intphys2"",""probe.output_subdir=seed_runs_intphys2_ltx13b_linear_mlp/intphys2__ltx_video__mlp__slot_20/seed_102"",""probe.eval_output_dir=artifacts/results/intphys2"",""probe.eval_output_subdir=seed_runs_intphys2_ltx13b_linear_mlp/intphys2__ltx_video__mlp__slot_20/seed_102"",""probe.wandb.group=seed_runs_intphys2_ltx13b_linear_mlp_intphys2__ltx_video__mlp__slot_20"",""probe.wandb.name=intphys2__ltx_video__mlp__slot_20__seed_102"",""probe.mlp.hidden_dims=[256]"",""probe.mlp.dropout=0.21597250932105788""]",results/verified_layerwise_probe_configs.csv,299,301,d2084162791bdeb7,VERIFIED_FULL,"{""batch_size"":32,""depth_layer_id"":48,""dropout"":0.21597250932105788,""early_stopping"":{""enabled"":true,""patience"":5},""epochs"":2000,""feature_view"":""pooled"",""hidden_dims"":[256],""layer"":20,""lr"":0.0001329291894316216,""slot"":20,""weight_decay"":0.005061576888752304}",output/training/intphys2/mlp/intphys2_ltx_mlp_layers_22604093.out
intphys2__ltx_video__mlp__slot_21__seed_101,intphys2__ltx_video__mlp__slot_21,train_eval.probe.intphys2,IntPhys2,intphys2,ltx,LTX-Video,LTX-13B,MLP,mlp,101,42,ltx_video,ltxv_13b_0_9_8_distilled,21,21,noise_0.5_block_12,pooled,2.7207248059486674e-05,8.64403589520682e-06,32,1024,50,false,5,[512],0.3387821809211412,,,,,cpu,artifacts/probes/intphys2,seed_runs_intphys2_ltx13b_linear_mlp/intphys2__ltx_video__mlp__slot_21/seed_101,artifacts/results/intphys2,seed_runs_intphys2_ltx13b_linear_mlp/intphys2__ltx_video__mlp__slot_21/seed_101,seed_runs_intphys2_ltx13b_linear_mlp_intphys2__ltx_video__mlp__slot_21,intphys2__ltx_video__mlp__slot_21__seed_101,pending,,"[""seed=101"",""split.seed=42"",""backbone.name=ltx_video"",""+backbone.kwargs.variant=ltxv_13b_0_9_8_distilled"",""probe.name=mlp"",""probe.layer=21"",""probe.layers=[]"",""probe.feature_view=pooled"",""probe.device=cpu"",""probe.lr=2.7207248059486674e-05"",""probe.weight_decay=8.64403589520682e-06"",""probe.batch_size=32"",""probe.eval_batch_size=1024"",""probe.epochs=50"",""probe.early_stopping.enabled=false"",""probe.early_stopping.patience=5"",""probe.optuna.enabled=false"",""probe.output_dir=artifacts/probes/intphys2"",""probe.output_subdir=seed_runs_intphys2_ltx13b_linear_mlp/intphys2__ltx_video__mlp__slot_21/seed_101"",""probe.eval_output_dir=artifacts/results/intphys2"",""probe.eval_output_subdir=seed_runs_intphys2_ltx13b_linear_mlp/intphys2__ltx_video__mlp__slot_21/seed_101"",""probe.wandb.group=seed_runs_intphys2_ltx13b_linear_mlp_intphys2__ltx_video__mlp__slot_21"",""probe.wandb.name=intphys2__ltx_video__mlp__slot_21__seed_101"",""probe.mlp.hidden_dims=[512]"",""probe.mlp.dropout=0.3387821809211412""]",results/verified_layerwise_probe_configs.csv,300,302,54bc90257c1feae9,VERIFIED_FULL,"{""batch_size"":32,""depth_layer_id"":12,""dropout"":0.3387821809211412,""early_stopping"":{""enabled"":true,""patience"":5},""epochs"":50,""feature_view"":""pooled"",""hidden_dims"":[512],""layer"":21,""lr"":2.7207248059486674e-05,""slot"":21,""weight_decay"":8.64403589520682e-06}",output/training/intphys2/mlp/intphys2_ltx_mlp_layers_22604093.out
intphys2__ltx_video__mlp__slot_21__seed_102,intphys2__ltx_video__mlp__slot_21,train_eval.probe.intphys2,IntPhys2,intphys2,ltx,LTX-Video,LTX-13B,MLP,mlp,102,42,ltx_video,ltxv_13b_0_9_8_distilled,21,21,noise_0.5_block_12,pooled,2.7207248059486674e-05,8.64403589520682e-06,32,1024,50,false,5,[512],0.3387821809211412,,,,,cpu,artifacts/probes/intphys2,seed_runs_intphys2_ltx13b_linear_mlp/intphys2__ltx_video__mlp__slot_21/seed_102,artifacts/results/intphys2,seed_runs_intphys2_ltx13b_linear_mlp/intphys2__ltx_video__mlp__slot_21/seed_102,seed_runs_intphys2_ltx13b_linear_mlp_intphys2__ltx_video__mlp__slot_21,intphys2__ltx_video__mlp__slot_21__seed_102,pending,,"[""seed=102"",""split.seed=42"",""backbone.name=ltx_video"",""+backbone.kwargs.variant=ltxv_13b_0_9_8_distilled"",""probe.name=mlp"",""probe.layer=21"",""probe.layers=[]"",""probe.feature_view=pooled"",""probe.device=cpu"",""probe.lr=2.7207248059486674e-05"",""probe.weight_decay=8.64403589520682e-06"",""probe.batch_size=32"",""probe.eval_batch_size=1024"",""probe.epochs=50"",""probe.early_stopping.enabled=false"",""probe.early_stopping.patience=5"",""probe.optuna.enabled=false"",""probe.output_dir=artifacts/probes/intphys2"",""probe.output_subdir=seed_runs_intphys2_ltx13b_linear_mlp/intphys2__ltx_video__mlp__slot_21/seed_102"",""probe.eval_output_dir=artifacts/results/intphys2"",""probe.eval_output_subdir=seed_runs_intphys2_ltx13b_linear_mlp/intphys2__ltx_video__mlp__slot_21/seed_102"",""probe.wandb.group=seed_runs_intphys2_ltx13b_linear_mlp_intphys2__ltx_video__mlp__slot_21"",""probe.wandb.name=intphys2__ltx_video__mlp__slot_21__seed_102"",""probe.mlp.hidden_dims=[512]"",""probe.mlp.dropout=0.3387821809211412""]",results/verified_layerwise_probe_configs.csv,300,302,54bc90257c1feae9,VERIFIED_FULL,"{""batch_size"":32,""depth_layer_id"":12,""dropout"":0.3387821809211412,""early_stopping"":{""enabled"":true,""patience"":5},""epochs"":50,""feature_view"":""pooled"",""hidden_dims"":[512],""layer"":21,""lr"":2.7207248059486674e-05,""slot"":21,""weight_decay"":8.64403589520682e-06}",output/training/intphys2/mlp/intphys2_ltx_mlp_layers_22604093.out
intphys2__ltx_video__mlp__slot_22__seed_101,intphys2__ltx_video__mlp__slot_22,train_eval.probe.intphys2,IntPhys2,intphys2,ltx,LTX-Video,LTX-13B,MLP,mlp,101,42,ltx_video,ltxv_13b_0_9_8_distilled,22,22,noise_0.5_block_24,pooled,2.7207248059486674e-05,8.64403589520682e-06,32,1024,50,false,5,[512],0.3387821809211412,,,,,cpu,artifacts/probes/intphys2,seed_runs_intphys2_ltx13b_linear_mlp/intphys2__ltx_video__mlp__slot_22/seed_101,artifacts/results/intphys2,seed_runs_intphys2_ltx13b_linear_mlp/intphys2__ltx_video__mlp__slot_22/seed_101,seed_runs_intphys2_ltx13b_linear_mlp_intphys2__ltx_video__mlp__slot_22,intphys2__ltx_video__mlp__slot_22__seed_101,pending,,"[""seed=101"",""split.seed=42"",""backbone.name=ltx_video"",""+backbone.kwargs.variant=ltxv_13b_0_9_8_distilled"",""probe.name=mlp"",""probe.layer=22"",""probe.layers=[]"",""probe.feature_view=pooled"",""probe.device=cpu"",""probe.lr=2.7207248059486674e-05"",""probe.weight_decay=8.64403589520682e-06"",""probe.batch_size=32"",""probe.eval_batch_size=1024"",""probe.epochs=50"",""probe.early_stopping.enabled=false"",""probe.early_stopping.patience=5"",""probe.optuna.enabled=false"",""probe.output_dir=artifacts/probes/intphys2"",""probe.output_subdir=seed_runs_intphys2_ltx13b_linear_mlp/intphys2__ltx_video__mlp__slot_22/seed_101"",""probe.eval_output_dir=artifacts/results/intphys2"",""probe.eval_output_subdir=seed_runs_intphys2_ltx13b_linear_mlp/intphys2__ltx_video__mlp__slot_22/seed_101"",""probe.wandb.group=seed_runs_intphys2_ltx13b_linear_mlp_intphys2__ltx_video__mlp__slot_22"",""probe.wandb.name=intphys2__ltx_video__mlp__slot_22__seed_101"",""probe.mlp.hidden_dims=[512]"",""probe.mlp.dropout=0.3387821809211412""]",results/verified_layerwise_probe_configs.csv,301,303,6bb5aec2a5692174,VERIFIED_FULL,"{""batch_size"":32,""depth_layer_id"":24,""dropout"":0.3387821809211412,""early_stopping"":{""enabled"":true,""patience"":5},""epochs"":50,""feature_view"":""pooled"",""hidden_dims"":[512],""layer"":22,""lr"":2.7207248059486674e-05,""slot"":22,""weight_decay"":8.64403589520682e-06}",output/training/intphys2/mlp/intphys2_ltx_mlp_layers_22604093.out
intphys2__ltx_video__mlp__slot_22__seed_102,intphys2__ltx_video__mlp__slot_22,train_eval.probe.intphys2,IntPhys2,intphys2,ltx,LTX-Video,LTX-13B,MLP,mlp,102,42,ltx_video,ltxv_13b_0_9_8_distilled,22,22,noise_0.5_block_24,pooled,2.7207248059486674e-05,8.64403589520682e-06,32,1024,50,false,5,[512],0.3387821809211412,,,,,cpu,artifacts/probes/intphys2,seed_runs_intphys2_ltx13b_linear_mlp/intphys2__ltx_video__mlp__slot_22/seed_102,artifacts/results/intphys2,seed_runs_intphys2_ltx13b_linear_mlp/intphys2__ltx_video__mlp__slot_22/seed_102,seed_runs_intphys2_ltx13b_linear_mlp_intphys2__ltx_video__mlp__slot_22,intphys2__ltx_video__mlp__slot_22__seed_102,pending,,"[""seed=102"",""split.seed=42"",""backbone.name=ltx_video"",""+backbone.kwargs.variant=ltxv_13b_0_9_8_distilled"",""probe.name=mlp"",""probe.layer=22"",""probe.layers=[]"",""probe.feature_view=pooled"",""probe.device=cpu"",""probe.lr=2.7207248059486674e-05"",""probe.weight_decay=8.64403589520682e-06"",""probe.batch_size=32"",""probe.eval_batch_size=1024"",""probe.epochs=50"",""probe.early_stopping.enabled=false"",""probe.early_stopping.patience=5"",""probe.optuna.enabled=false"",""probe.output_dir=artifacts/probes/intphys2"",""probe.output_subdir=seed_runs_intphys2_ltx13b_linear_mlp/intphys2__ltx_video__mlp__slot_22/seed_102"",""probe.eval_output_dir=artifacts/results/intphys2"",""probe.eval_output_subdir=seed_runs_intphys2_ltx13b_linear_mlp/intphys2__ltx_video__mlp__slot_22/seed_102"",""probe.wandb.group=seed_runs_intphys2_ltx13b_linear_mlp_intphys2__ltx_video__mlp__slot_22"",""probe.wandb.name=intphys2__ltx_video__mlp__slot_22__seed_102"",""probe.mlp.hidden_dims=[512]"",""probe.mlp.dropout=0.3387821809211412""]",results/verified_layerwise_probe_configs.csv,301,303,6bb5aec2a5692174,VERIFIED_FULL,"{""batch_size"":32,""depth_layer_id"":24,""dropout"":0.3387821809211412,""early_stopping"":{""enabled"":true,""patience"":5},""epochs"":50,""feature_view"":""pooled"",""hidden_dims"":[512],""layer"":22,""lr"":2.7207248059486674e-05,""slot"":22,""weight_decay"":8.64403589520682e-06}",output/training/intphys2/mlp/intphys2_ltx_mlp_layers_22604093.out
intphys2__ltx_video__mlp__slot_23__seed_101,intphys2__ltx_video__mlp__slot_23,train_eval.probe.intphys2,IntPhys2,intphys2,ltx,LTX-Video,LTX-13B,MLP,mlp,101,42,ltx_video,ltxv_13b_0_9_8_distilled,23,23,noise_0.5_block_36,pooled,0.00029805208472028194,6.959325518689239e-05,64,1024,50,false,5,"[512,256]",0.08177679513283337,,,,,cpu,artifacts/probes/intphys2,seed_runs_intphys2_ltx13b_linear_mlp/intphys2__ltx_video__mlp__slot_23/seed_101,artifacts/results/intphys2,seed_runs_intphys2_ltx13b_linear_mlp/intphys2__ltx_video__mlp__slot_23/seed_101,seed_runs_intphys2_ltx13b_linear_mlp_intphys2__ltx_video__mlp__slot_23,intphys2__ltx_video__mlp__slot_23__seed_101,pending,,"[""seed=101"",""split.seed=42"",""backbone.name=ltx_video"",""+backbone.kwargs.variant=ltxv_13b_0_9_8_distilled"",""probe.name=mlp"",""probe.layer=23"",""probe.layers=[]"",""probe.feature_view=pooled"",""probe.device=cpu"",""probe.lr=0.00029805208472028194"",""probe.weight_decay=6.959325518689239e-05"",""probe.batch_size=64"",""probe.eval_batch_size=1024"",""probe.epochs=50"",""probe.early_stopping.enabled=false"",""probe.early_stopping.patience=5"",""probe.optuna.enabled=false"",""probe.output_dir=artifacts/probes/intphys2"",""probe.output_subdir=seed_runs_intphys2_ltx13b_linear_mlp/intphys2__ltx_video__mlp__slot_23/seed_101"",""probe.eval_output_dir=artifacts/results/intphys2"",""probe.eval_output_subdir=seed_runs_intphys2_ltx13b_linear_mlp/intphys2__ltx_video__mlp__slot_23/seed_101"",""probe.wandb.group=seed_runs_intphys2_ltx13b_linear_mlp_intphys2__ltx_video__mlp__slot_23"",""probe.wandb.name=intphys2__ltx_video__mlp__slot_23__seed_101"",""probe.mlp.hidden_dims=[512,256]"",""probe.mlp.dropout=0.08177679513283337""]",results/verified_layerwise_probe_configs.csv,302,304,4ec4bc39e03f4a4c,VERIFIED_FULL,"{""batch_size"":64,""depth_layer_id"":36,""dropout"":0.08177679513283337,""early_stopping"":{""enabled"":true,""patience"":5},""epochs"":50,""feature_view"":""pooled"",""hidden_dims"":[512,256],""layer"":23,""lr"":0.00029805208472028194,""slot"":23,""weight_decay"":6.959325518689239e-05}",output/training/intphys2/mlp/intphys2_ltx_mlp_layers_22604093.out
intphys2__ltx_video__mlp__slot_23__seed_102,intphys2__ltx_video__mlp__slot_23,train_eval.probe.intphys2,IntPhys2,intphys2,ltx,LTX-Video,LTX-13B,MLP,mlp,102,42,ltx_video,ltxv_13b_0_9_8_distilled,23,23,noise_0.5_block_36,pooled,0.00029805208472028194,6.959325518689239e-05,64,1024,50,false,5,"[512,256]",0.08177679513283337,,,,,cpu,artifacts/probes/intphys2,seed_runs_intphys2_ltx13b_linear_mlp/intphys2__ltx_video__mlp__slot_23/seed_102,artifacts/results/intphys2,seed_runs_intphys2_ltx13b_linear_mlp/intphys2__ltx_video__mlp__slot_23/seed_102,seed_runs_intphys2_ltx13b_linear_mlp_intphys2__ltx_video__mlp__slot_23,intphys2__ltx_video__mlp__slot_23__seed_102,pending,,"[""seed=102"",""split.seed=42"",""backbone.name=ltx_video"",""+backbone.kwargs.variant=ltxv_13b_0_9_8_distilled"",""probe.name=mlp"",""probe.layer=23"",""probe.layers=[]"",""probe.feature_view=pooled"",""probe.device=cpu"",""probe.lr=0.00029805208472028194"",""probe.weight_decay=6.959325518689239e-05"",""probe.batch_size=64"",""probe.eval_batch_size=1024"",""probe.epochs=50"",""probe.early_stopping.enabled=false"",""probe.early_stopping.patience=5"",""probe.optuna.enabled=false"",""probe.output_dir=artifacts/probes/intphys2"",""probe.output_subdir=seed_runs_intphys2_ltx13b_linear_mlp/intphys2__ltx_video__mlp__slot_23/seed_102"",""probe.eval_output_dir=artifacts/results/intphys2"",""probe.eval_output_subdir=seed_runs_intphys2_ltx13b_linear_mlp/intphys2__ltx_video__mlp__slot_23/seed_102"",""probe.wandb.group=seed_runs_intphys2_ltx13b_linear_mlp_intphys2__ltx_video__mlp__slot_23"",""probe.wandb.name=intphys2__ltx_video__mlp__slot_23__seed_102"",""probe.mlp.hidden_dims=[512,256]"",""probe.mlp.dropout=0.08177679513283337""]",results/verified_layerwise_probe_configs.csv,302,304,4ec4bc39e03f4a4c,VERIFIED_FULL,"{""batch_size"":64,""depth_layer_id"":36,""dropout"":0.08177679513283337,""early_stopping"":{""enabled"":true,""patience"":5},""epochs"":50,""feature_view"":""pooled"",""hidden_dims"":[512,256],""layer"":23,""lr"":0.00029805208472028194,""slot"":23,""weight_decay"":6.959325518689239e-05}",output/training/intphys2/mlp/intphys2_ltx_mlp_layers_22604093.out
intphys2__ltx_video__mlp__slot_24__seed_101,intphys2__ltx_video__mlp__slot_24,train_eval.probe.intphys2,IntPhys2,intphys2,ltx,LTX-Video,LTX-13B,MLP,mlp,101,42,ltx_video,ltxv_13b_0_9_8_distilled,24,24,noise_0.5_block_48,pooled,0.0001329291894316216,0.005061576888752304,32,1024,2000,false,5,[256],0.21597250932105788,,,,,cpu,artifacts/probes/intphys2,seed_runs_intphys2_ltx13b_linear_mlp/intphys2__ltx_video__mlp__slot_24/seed_101,artifacts/results/intphys2,seed_runs_intphys2_ltx13b_linear_mlp/intphys2__ltx_video__mlp__slot_24/seed_101,seed_runs_intphys2_ltx13b_linear_mlp_intphys2__ltx_video__mlp__slot_24,intphys2__ltx_video__mlp__slot_24__seed_101,pending,,"[""seed=101"",""split.seed=42"",""backbone.name=ltx_video"",""+backbone.kwargs.variant=ltxv_13b_0_9_8_distilled"",""probe.name=mlp"",""probe.layer=24"",""probe.layers=[]"",""probe.feature_view=pooled"",""probe.device=cpu"",""probe.lr=0.0001329291894316216"",""probe.weight_decay=0.005061576888752304"",""probe.batch_size=32"",""probe.eval_batch_size=1024"",""probe.epochs=2000"",""probe.early_stopping.enabled=false"",""probe.early_stopping.patience=5"",""probe.optuna.enabled=false"",""probe.output_dir=artifacts/probes/intphys2"",""probe.output_subdir=seed_runs_intphys2_ltx13b_linear_mlp/intphys2__ltx_video__mlp__slot_24/seed_101"",""probe.eval_output_dir=artifacts/results/intphys2"",""probe.eval_output_subdir=seed_runs_intphys2_ltx13b_linear_mlp/intphys2__ltx_video__mlp__slot_24/seed_101"",""probe.wandb.group=seed_runs_intphys2_ltx13b_linear_mlp_intphys2__ltx_video__mlp__slot_24"",""probe.wandb.name=intphys2__ltx_video__mlp__slot_24__seed_101"",""probe.mlp.hidden_dims=[256]"",""probe.mlp.dropout=0.21597250932105788""]",results/verified_layerwise_probe_configs.csv,303,305,a297fe8dce8e25c6,VERIFIED_FULL,"{""batch_size"":32,""depth_layer_id"":48,""dropout"":0.21597250932105788,""early_stopping"":{""enabled"":true,""patience"":5},""epochs"":2000,""feature_view"":""pooled"",""hidden_dims"":[256],""layer"":24,""lr"":0.0001329291894316216,""slot"":24,""weight_decay"":0.005061576888752304}",output/training/intphys2/mlp/intphys2_ltx_mlp_layers_22604093.out
intphys2__ltx_video__mlp__slot_24__seed_102,intphys2__ltx_video__mlp__slot_24,train_eval.probe.intphys2,IntPhys2,intphys2,ltx,LTX-Video,LTX-13B,MLP,mlp,102,42,ltx_video,ltxv_13b_0_9_8_distilled,24,24,noise_0.5_block_48,pooled,0.0001329291894316216,0.005061576888752304,32,1024,2000,false,5,[256],0.21597250932105788,,,,,cpu,artifacts/probes/intphys2,seed_runs_intphys2_ltx13b_linear_mlp/intphys2__ltx_video__mlp__slot_24/seed_102,artifacts/results/intphys2,seed_runs_intphys2_ltx13b_linear_mlp/intphys2__ltx_video__mlp__slot_24/seed_102,seed_runs_intphys2_ltx13b_linear_mlp_intphys2__ltx_video__mlp__slot_24,intphys2__ltx_video__mlp__slot_24__seed_102,pending,,"[""seed=102"",""split.seed=42"",""backbone.name=ltx_video"",""+backbone.kwargs.variant=ltxv_13b_0_9_8_distilled"",""probe.name=mlp"",""probe.layer=24"",""probe.layers=[]"",""probe.feature_view=pooled"",""probe.device=cpu"",""probe.lr=0.0001329291894316216"",""probe.weight_decay=0.005061576888752304"",""probe.batch_size=32"",""probe.eval_batch_size=1024"",""probe.epochs=2000"",""probe.early_stopping.enabled=false"",""probe.early_stopping.patience=5"",""probe.optuna.enabled=false"",""probe.output_dir=artifacts/probes/intphys2"",""probe.output_subdir=seed_runs_intphys2_ltx13b_linear_mlp/intphys2__ltx_video__mlp__slot_24/seed_102"",""probe.eval_output_dir=artifacts/results/intphys2"",""probe.eval_output_subdir=seed_runs_intphys2_ltx13b_linear_mlp/intphys2__ltx_video__mlp__slot_24/seed_102"",""probe.wandb.group=seed_runs_intphys2_ltx13b_linear_mlp_intphys2__ltx_video__mlp__slot_24"",""probe.wandb.name=intphys2__ltx_video__mlp__slot_24__seed_102"",""probe.mlp.hidden_dims=[256]"",""probe.mlp.dropout=0.21597250932105788""]",results/verified_layerwise_probe_configs.csv,303,305,a297fe8dce8e25c6,VERIFIED_FULL,"{""batch_size"":32,""depth_layer_id"":48,""dropout"":0.21597250932105788,""early_stopping"":{""enabled"":true,""patience"":5},""epochs"":2000,""feature_view"":""pooled"",""hidden_dims"":[256],""layer"":24,""lr"":0.0001329291894316216,""slot"":24,""weight_decay"":0.005061576888752304}",output/training/intphys2/mlp/intphys2_ltx_mlp_layers_22604093.out
intphys2__ltx_video__mlp__slot_25__seed_101,intphys2__ltx_video__mlp__slot_25,train_eval.probe.intphys2,IntPhys2,intphys2,ltx,LTX-Video,LTX-13B,MLP,mlp,101,42,ltx_video,ltxv_13b_0_9_8_distilled,25,25,noise_0.4_block_12,pooled,4.9637104669171204e-05,4.78570419845307e-07,256,1024,20,false,5,[1024],0.30072403876432674,,,,,cpu,artifacts/probes/intphys2,seed_runs_intphys2_ltx13b_linear_mlp/intphys2__ltx_video__mlp__slot_25/seed_101,artifacts/results/intphys2,seed_runs_intphys2_ltx13b_linear_mlp/intphys2__ltx_video__mlp__slot_25/seed_101,seed_runs_intphys2_ltx13b_linear_mlp_intphys2__ltx_video__mlp__slot_25,intphys2__ltx_video__mlp__slot_25__seed_101,pending,,"[""seed=101"",""split.seed=42"",""backbone.name=ltx_video"",""+backbone.kwargs.variant=ltxv_13b_0_9_8_distilled"",""probe.name=mlp"",""probe.layer=25"",""probe.layers=[]"",""probe.feature_view=pooled"",""probe.device=cpu"",""probe.lr=4.9637104669171204e-05"",""probe.weight_decay=4.78570419845307e-07"",""probe.batch_size=256"",""probe.eval_batch_size=1024"",""probe.epochs=20"",""probe.early_stopping.enabled=false"",""probe.early_stopping.patience=5"",""probe.optuna.enabled=false"",""probe.output_dir=artifacts/probes/intphys2"",""probe.output_subdir=seed_runs_intphys2_ltx13b_linear_mlp/intphys2__ltx_video__mlp__slot_25/seed_101"",""probe.eval_output_dir=artifacts/results/intphys2"",""probe.eval_output_subdir=seed_runs_intphys2_ltx13b_linear_mlp/intphys2__ltx_video__mlp__slot_25/seed_101"",""probe.wandb.group=seed_runs_intphys2_ltx13b_linear_mlp_intphys2__ltx_video__mlp__slot_25"",""probe.wandb.name=intphys2__ltx_video__mlp__slot_25__seed_101"",""probe.mlp.hidden_dims=[1024]"",""probe.mlp.dropout=0.30072403876432674""]",results/verified_layerwise_probe_configs.csv,304,306,12b6ea356f357ee5,VERIFIED_FULL,"{""batch_size"":256,""depth_layer_id"":12,""dropout"":0.30072403876432674,""early_stopping"":{""enabled"":true,""patience"":5},""epochs"":20,""feature_view"":""pooled"",""hidden_dims"":[1024],""layer"":25,""lr"":4.9637104669171204e-05,""slot"":25,""weight_decay"":4.78570419845307e-07}",output/training/intphys2/mlp/intphys2_ltx_mlp_layers_22604093.out
intphys2__ltx_video__mlp__slot_25__seed_102,intphys2__ltx_video__mlp__slot_25,train_eval.probe.intphys2,IntPhys2,intphys2,ltx,LTX-Video,LTX-13B,MLP,mlp,102,42,ltx_video,ltxv_13b_0_9_8_distilled,25,25,noise_0.4_block_12,pooled,4.9637104669171204e-05,4.78570419845307e-07,256,1024,20,false,5,[1024],0.30072403876432674,,,,,cpu,artifacts/probes/intphys2,seed_runs_intphys2_ltx13b_linear_mlp/intphys2__ltx_video__mlp__slot_25/seed_102,artifacts/results/intphys2,seed_runs_intphys2_ltx13b_linear_mlp/intphys2__ltx_video__mlp__slot_25/seed_102,seed_runs_intphys2_ltx13b_linear_mlp_intphys2__ltx_video__mlp__slot_25,intphys2__ltx_video__mlp__slot_25__seed_102,pending,,"[""seed=102"",""split.seed=42"",""backbone.name=ltx_video"",""+backbone.kwargs.variant=ltxv_13b_0_9_8_distilled"",""probe.name=mlp"",""probe.layer=25"",""probe.layers=[]"",""probe.feature_view=pooled"",""probe.device=cpu"",""probe.lr=4.9637104669171204e-05"",""probe.weight_decay=4.78570419845307e-07"",""probe.batch_size=256"",""probe.eval_batch_size=1024"",""probe.epochs=20"",""probe.early_stopping.enabled=false"",""probe.early_stopping.patience=5"",""probe.optuna.enabled=false"",""probe.output_dir=artifacts/probes/intphys2"",""probe.output_subdir=seed_runs_intphys2_ltx13b_linear_mlp/intphys2__ltx_video__mlp__slot_25/seed_102"",""probe.eval_output_dir=artifacts/results/intphys2"",""probe.eval_output_subdir=seed_runs_intphys2_ltx13b_linear_mlp/intphys2__ltx_video__mlp__slot_25/seed_102"",""probe.wandb.group=seed_runs_intphys2_ltx13b_linear_mlp_intphys2__ltx_video__mlp__slot_25"",""probe.wandb.name=intphys2__ltx_video__mlp__slot_25__seed_102"",""probe.mlp.hidden_dims=[1024]"",""probe.mlp.dropout=0.30072403876432674""]",results/verified_layerwise_probe_configs.csv,304,306,12b6ea356f357ee5,VERIFIED_FULL,"{""batch_size"":256,""depth_layer_id"":12,""dropout"":0.30072403876432674,""early_stopping"":{""enabled"":true,""patience"":5},""epochs"":20,""feature_view"":""pooled"",""hidden_dims"":[1024],""layer"":25,""lr"":4.9637104669171204e-05,""slot"":25,""weight_decay"":4.78570419845307e-07}",output/training/intphys2/mlp/intphys2_ltx_mlp_layers_22604093.out
intphys2__ltx_video__mlp__slot_26__seed_101,intphys2__ltx_video__mlp__slot_26,train_eval.probe.intphys2,IntPhys2,intphys2,ltx,LTX-Video,LTX-13B,MLP,mlp,101,42,ltx_video,ltxv_13b_0_9_8_distilled,26,26,noise_0.4_block_24,pooled,0.0001329291894316216,0.005061576888752304,32,1024,2000,false,5,[256],0.21597250932105788,,,,,cpu,artifacts/probes/intphys2,seed_runs_intphys2_ltx13b_linear_mlp/intphys2__ltx_video__mlp__slot_26/seed_101,artifacts/results/intphys2,seed_runs_intphys2_ltx13b_linear_mlp/intphys2__ltx_video__mlp__slot_26/seed_101,seed_runs_intphys2_ltx13b_linear_mlp_intphys2__ltx_video__mlp__slot_26,intphys2__ltx_video__mlp__slot_26__seed_101,pending,,"[""seed=101"",""split.seed=42"",""backbone.name=ltx_video"",""+backbone.kwargs.variant=ltxv_13b_0_9_8_distilled"",""probe.name=mlp"",""probe.layer=26"",""probe.layers=[]"",""probe.feature_view=pooled"",""probe.device=cpu"",""probe.lr=0.0001329291894316216"",""probe.weight_decay=0.005061576888752304"",""probe.batch_size=32"",""probe.eval_batch_size=1024"",""probe.epochs=2000"",""probe.early_stopping.enabled=false"",""probe.early_stopping.patience=5"",""probe.optuna.enabled=false"",""probe.output_dir=artifacts/probes/intphys2"",""probe.output_subdir=seed_runs_intphys2_ltx13b_linear_mlp/intphys2__ltx_video__mlp__slot_26/seed_101"",""probe.eval_output_dir=artifacts/results/intphys2"",""probe.eval_output_subdir=seed_runs_intphys2_ltx13b_linear_mlp/intphys2__ltx_video__mlp__slot_26/seed_101"",""probe.wandb.group=seed_runs_intphys2_ltx13b_linear_mlp_intphys2__ltx_video__mlp__slot_26"",""probe.wandb.name=intphys2__ltx_video__mlp__slot_26__seed_101"",""probe.mlp.hidden_dims=[256]"",""probe.mlp.dropout=0.21597250932105788""]",results/verified_layerwise_probe_configs.csv,305,307,6a6bef3832999532,VERIFIED_FULL,"{""batch_size"":32,""depth_layer_id"":24,""dropout"":0.21597250932105788,""early_stopping"":{""enabled"":true,""patience"":5},""epochs"":2000,""feature_view"":""pooled"",""hidden_dims"":[256],""layer"":26,""lr"":0.0001329291894316216,""slot"":26,""weight_decay"":0.005061576888752304}",output/training/intphys2/mlp/intphys2_ltx_mlp_layers_22604093.out
intphys2__ltx_video__mlp__slot_26__seed_102,intphys2__ltx_video__mlp__slot_26,train_eval.probe.intphys2,IntPhys2,intphys2,ltx,LTX-Video,LTX-13B,MLP,mlp,102,42,ltx_video,ltxv_13b_0_9_8_distilled,26,26,noise_0.4_block_24,pooled,0.0001329291894316216,0.005061576888752304,32,1024,2000,false,5,[256],0.21597250932105788,,,,,cpu,artifacts/probes/intphys2,seed_runs_intphys2_ltx13b_linear_mlp/intphys2__ltx_video__mlp__slot_26/seed_102,artifacts/results/intphys2,seed_runs_intphys2_ltx13b_linear_mlp/intphys2__ltx_video__mlp__slot_26/seed_102,seed_runs_intphys2_ltx13b_linear_mlp_intphys2__ltx_video__mlp__slot_26,intphys2__ltx_video__mlp__slot_26__seed_102,pending,,"[""seed=102"",""split.seed=42"",""backbone.name=ltx_video"",""+backbone.kwargs.variant=ltxv_13b_0_9_8_distilled"",""probe.name=mlp"",""probe.layer=26"",""probe.layers=[]"",""probe.feature_view=pooled"",""probe.device=cpu"",""probe.lr=0.0001329291894316216"",""probe.weight_decay=0.005061576888752304"",""probe.batch_size=32"",""probe.eval_batch_size=1024"",""probe.epochs=2000"",""probe.early_stopping.enabled=false"",""probe.early_stopping.patience=5"",""probe.optuna.enabled=false"",""probe.output_dir=artifacts/probes/intphys2"",""probe.output_subdir=seed_runs_intphys2_ltx13b_linear_mlp/intphys2__ltx_video__mlp__slot_26/seed_102"",""probe.eval_output_dir=artifacts/results/intphys2"",""probe.eval_output_subdir=seed_runs_intphys2_ltx13b_linear_mlp/intphys2__ltx_video__mlp__slot_26/seed_102"",""probe.wandb.group=seed_runs_intphys2_ltx13b_linear_mlp_intphys2__ltx_video__mlp__slot_26"",""probe.wandb.name=intphys2__ltx_video__mlp__slot_26__seed_102"",""probe.mlp.hidden_dims=[256]"",""probe.mlp.dropout=0.21597250932105788""]",results/verified_layerwise_probe_configs.csv,305,307,6a6bef3832999532,VERIFIED_FULL,"{""batch_size"":32,""depth_layer_id"":24,""dropout"":0.21597250932105788,""early_stopping"":{""enabled"":true,""patience"":5},""epochs"":2000,""feature_view"":""pooled"",""hidden_dims"":[256],""layer"":26,""lr"":0.0001329291894316216,""slot"":26,""weight_decay"":0.005061576888752304}",output/training/intphys2/mlp/intphys2_ltx_mlp_layers_22604093.out
intphys2__ltx_video__mlp__slot_27__seed_101,intphys2__ltx_video__mlp__slot_27,train_eval.probe.intphys2,IntPhys2,intphys2,ltx,LTX-Video,LTX-13B,MLP,mlp,101,42,ltx_video,ltxv_13b_0_9_8_distilled,27,27,noise_0.4_block_36,pooled,2.9686604307577442e-05,1.1073617768597931e-07,32,1024,100,false,5,[512],0.45019452204476845,,,,,cpu,artifacts/probes/intphys2,seed_runs_intphys2_ltx13b_linear_mlp/intphys2__ltx_video__mlp__slot_27/seed_101,artifacts/results/intphys2,seed_runs_intphys2_ltx13b_linear_mlp/intphys2__ltx_video__mlp__slot_27/seed_101,seed_runs_intphys2_ltx13b_linear_mlp_intphys2__ltx_video__mlp__slot_27,intphys2__ltx_video__mlp__slot_27__seed_101,pending,,"[""seed=101"",""split.seed=42"",""backbone.name=ltx_video"",""+backbone.kwargs.variant=ltxv_13b_0_9_8_distilled"",""probe.name=mlp"",""probe.layer=27"",""probe.layers=[]"",""probe.feature_view=pooled"",""probe.device=cpu"",""probe.lr=2.9686604307577442e-05"",""probe.weight_decay=1.1073617768597931e-07"",""probe.batch_size=32"",""probe.eval_batch_size=1024"",""probe.epochs=100"",""probe.early_stopping.enabled=false"",""probe.early_stopping.patience=5"",""probe.optuna.enabled=false"",""probe.output_dir=artifacts/probes/intphys2"",""probe.output_subdir=seed_runs_intphys2_ltx13b_linear_mlp/intphys2__ltx_video__mlp__slot_27/seed_101"",""probe.eval_output_dir=artifacts/results/intphys2"",""probe.eval_output_subdir=seed_runs_intphys2_ltx13b_linear_mlp/intphys2__ltx_video__mlp__slot_27/seed_101"",""probe.wandb.group=seed_runs_intphys2_ltx13b_linear_mlp_intphys2__ltx_video__mlp__slot_27"",""probe.wandb.name=intphys2__ltx_video__mlp__slot_27__seed_101"",""probe.mlp.hidden_dims=[512]"",""probe.mlp.dropout=0.45019452204476845""]",results/verified_layerwise_probe_configs.csv,306,308,c3c417c1b88cf5ad,VERIFIED_FULL,"{""batch_size"":32,""depth_layer_id"":36,""dropout"":0.45019452204476845,""early_stopping"":{""enabled"":true,""patience"":5},""epochs"":100,""feature_view"":""pooled"",""hidden_dims"":[512],""layer"":27,""lr"":2.9686604307577442e-05,""slot"":27,""weight_decay"":1.1073617768597931e-07}",output/training/intphys2/mlp/intphys2_ltx_mlp_layers_22604093.out
intphys2__ltx_video__mlp__slot_27__seed_102,intphys2__ltx_video__mlp__slot_27,train_eval.probe.intphys2,IntPhys2,intphys2,ltx,LTX-Video,LTX-13B,MLP,mlp,102,42,ltx_video,ltxv_13b_0_9_8_distilled,27,27,noise_0.4_block_36,pooled,2.9686604307577442e-05,1.1073617768597931e-07,32,1024,100,false,5,[512],0.45019452204476845,,,,,cpu,artifacts/probes/intphys2,seed_runs_intphys2_ltx13b_linear_mlp/intphys2__ltx_video__mlp__slot_27/seed_102,artifacts/results/intphys2,seed_runs_intphys2_ltx13b_linear_mlp/intphys2__ltx_video__mlp__slot_27/seed_102,seed_runs_intphys2_ltx13b_linear_mlp_intphys2__ltx_video__mlp__slot_27,intphys2__ltx_video__mlp__slot_27__seed_102,pending,,"[""seed=102"",""split.seed=42"",""backbone.name=ltx_video"",""+backbone.kwargs.variant=ltxv_13b_0_9_8_distilled"",""probe.name=mlp"",""probe.layer=27"",""probe.layers=[]"",""probe.feature_view=pooled"",""probe.device=cpu"",""probe.lr=2.9686604307577442e-05"",""probe.weight_decay=1.1073617768597931e-07"",""probe.batch_size=32"",""probe.eval_batch_size=1024"",""probe.epochs=100"",""probe.early_stopping.enabled=false"",""probe.early_stopping.patience=5"",""probe.optuna.enabled=false"",""probe.output_dir=artifacts/probes/intphys2"",""probe.output_subdir=seed_runs_intphys2_ltx13b_linear_mlp/intphys2__ltx_video__mlp__slot_27/seed_102"",""probe.eval_output_dir=artifacts/results/intphys2"",""probe.eval_output_subdir=seed_runs_intphys2_ltx13b_linear_mlp/intphys2__ltx_video__mlp__slot_27/seed_102"",""probe.wandb.group=seed_runs_intphys2_ltx13b_linear_mlp_intphys2__ltx_video__mlp__slot_27"",""probe.wandb.name=intphys2__ltx_video__mlp__slot_27__seed_102"",""probe.mlp.hidden_dims=[512]"",""probe.mlp.dropout=0.45019452204476845""]",results/verified_layerwise_probe_configs.csv,306,308,c3c417c1b88cf5ad,VERIFIED_FULL,"{""batch_size"":32,""depth_layer_id"":36,""dropout"":0.45019452204476845,""early_stopping"":{""enabled"":true,""patience"":5},""epochs"":100,""feature_view"":""pooled"",""hidden_dims"":[512],""layer"":27,""lr"":2.9686604307577442e-05,""slot"":27,""weight_decay"":1.1073617768597931e-07}",output/training/intphys2/mlp/intphys2_ltx_mlp_layers_22604093.out
intphys2__ltx_video__mlp__slot_28__seed_101,intphys2__ltx_video__mlp__slot_28,train_eval.probe.intphys2,IntPhys2,intphys2,ltx,LTX-Video,LTX-13B,MLP,mlp,101,42,ltx_video,ltxv_13b_0_9_8_distilled,28,28,noise_0.4_block_48,pooled,0.0001329291894316216,0.005061576888752304,32,1024,2000,false,5,[256],0.21597250932105788,,,,,cpu,artifacts/probes/intphys2,seed_runs_intphys2_ltx13b_linear_mlp/intphys2__ltx_video__mlp__slot_28/seed_101,artifacts/results/intphys2,seed_runs_intphys2_ltx13b_linear_mlp/intphys2__ltx_video__mlp__slot_28/seed_101,seed_runs_intphys2_ltx13b_linear_mlp_intphys2__ltx_video__mlp__slot_28,intphys2__ltx_video__mlp__slot_28__seed_101,pending,,"[""seed=101"",""split.seed=42"",""backbone.name=ltx_video"",""+backbone.kwargs.variant=ltxv_13b_0_9_8_distilled"",""probe.name=mlp"",""probe.layer=28"",""probe.layers=[]"",""probe.feature_view=pooled"",""probe.device=cpu"",""probe.lr=0.0001329291894316216"",""probe.weight_decay=0.005061576888752304"",""probe.batch_size=32"",""probe.eval_batch_size=1024"",""probe.epochs=2000"",""probe.early_stopping.enabled=false"",""probe.early_stopping.patience=5"",""probe.optuna.enabled=false"",""probe.output_dir=artifacts/probes/intphys2"",""probe.output_subdir=seed_runs_intphys2_ltx13b_linear_mlp/intphys2__ltx_video__mlp__slot_28/seed_101"",""probe.eval_output_dir=artifacts/results/intphys2"",""probe.eval_output_subdir=seed_runs_intphys2_ltx13b_linear_mlp/intphys2__ltx_video__mlp__slot_28/seed_101"",""probe.wandb.group=seed_runs_intphys2_ltx13b_linear_mlp_intphys2__ltx_video__mlp__slot_28"",""probe.wandb.name=intphys2__ltx_video__mlp__slot_28__seed_101"",""probe.mlp.hidden_dims=[256]"",""probe.mlp.dropout=0.21597250932105788""]",results/verified_layerwise_probe_configs.csv,307,309,aa267b4d49f0f4bc,VERIFIED_FULL,"{""batch_size"":32,""depth_layer_id"":48,""dropout"":0.21597250932105788,""early_stopping"":{""enabled"":true,""patience"":5},""epochs"":2000,""feature_view"":""pooled"",""hidden_dims"":[256],""layer"":28,""lr"":0.0001329291894316216,""slot"":28,""weight_decay"":0.005061576888752304}",output/training/intphys2/mlp/intphys2_ltx_mlp_layers_22604093.out
intphys2__ltx_video__mlp__slot_28__seed_102,intphys2__ltx_video__mlp__slot_28,train_eval.probe.intphys2,IntPhys2,intphys2,ltx,LTX-Video,LTX-13B,MLP,mlp,102,42,ltx_video,ltxv_13b_0_9_8_distilled,28,28,noise_0.4_block_48,pooled,0.0001329291894316216,0.005061576888752304,32,1024,2000,false,5,[256],0.21597250932105788,,,,,cpu,artifacts/probes/intphys2,seed_runs_intphys2_ltx13b_linear_mlp/intphys2__ltx_video__mlp__slot_28/seed_102,artifacts/results/intphys2,seed_runs_intphys2_ltx13b_linear_mlp/intphys2__ltx_video__mlp__slot_28/seed_102,seed_runs_intphys2_ltx13b_linear_mlp_intphys2__ltx_video__mlp__slot_28,intphys2__ltx_video__mlp__slot_28__seed_102,pending,,"[""seed=102"",""split.seed=42"",""backbone.name=ltx_video"",""+backbone.kwargs.variant=ltxv_13b_0_9_8_distilled"",""probe.name=mlp"",""probe.layer=28"",""probe.layers=[]"",""probe.feature_view=pooled"",""probe.device=cpu"",""probe.lr=0.0001329291894316216"",""probe.weight_decay=0.005061576888752304"",""probe.batch_size=32"",""probe.eval_batch_size=1024"",""probe.epochs=2000"",""probe.early_stopping.enabled=false"",""probe.early_stopping.patience=5"",""probe.optuna.enabled=false"",""probe.output_dir=artifacts/probes/intphys2"",""probe.output_subdir=seed_runs_intphys2_ltx13b_linear_mlp/intphys2__ltx_video__mlp__slot_28/seed_102"",""probe.eval_output_dir=artifacts/results/intphys2"",""probe.eval_output_subdir=seed_runs_intphys2_ltx13b_linear_mlp/intphys2__ltx_video__mlp__slot_28/seed_102"",""probe.wandb.group=seed_runs_intphys2_ltx13b_linear_mlp_intphys2__ltx_video__mlp__slot_28"",""probe.wandb.name=intphys2__ltx_video__mlp__slot_28__seed_102"",""probe.mlp.hidden_dims=[256]"",""probe.mlp.dropout=0.21597250932105788""]",results/verified_layerwise_probe_configs.csv,307,309,aa267b4d49f0f4bc,VERIFIED_FULL,"{""batch_size"":32,""depth_layer_id"":48,""dropout"":0.21597250932105788,""early_stopping"":{""enabled"":true,""patience"":5},""epochs"":2000,""feature_view"":""pooled"",""hidden_dims"":[256],""layer"":28,""lr"":0.0001329291894316216,""slot"":28,""weight_decay"":0.005061576888752304}",output/training/intphys2/mlp/intphys2_ltx_mlp_layers_22604093.out
intphys2__ltx_video__mlp__slot_29__seed_101,intphys2__ltx_video__mlp__slot_29,train_eval.probe.intphys2,IntPhys2,intphys2,ltx,LTX-Video,LTX-13B,MLP,mlp,101,42,ltx_video,ltxv_13b_0_9_8_distilled,29,29,noise_0.3_block_12,pooled,0.00024380003254969372,0.0003286662534399516,64,1024,2000,false,5,[256],0.15357401919494376,,,,,cpu,artifacts/probes/intphys2,seed_runs_intphys2_ltx13b_linear_mlp/intphys2__ltx_video__mlp__slot_29/seed_101,artifacts/results/intphys2,seed_runs_intphys2_ltx13b_linear_mlp/intphys2__ltx_video__mlp__slot_29/seed_101,seed_runs_intphys2_ltx13b_linear_mlp_intphys2__ltx_video__mlp__slot_29,intphys2__ltx_video__mlp__slot_29__seed_101,pending,,"[""seed=101"",""split.seed=42"",""backbone.name=ltx_video"",""+backbone.kwargs.variant=ltxv_13b_0_9_8_distilled"",""probe.name=mlp"",""probe.layer=29"",""probe.layers=[]"",""probe.feature_view=pooled"",""probe.device=cpu"",""probe.lr=0.00024380003254969372"",""probe.weight_decay=0.0003286662534399516"",""probe.batch_size=64"",""probe.eval_batch_size=1024"",""probe.epochs=2000"",""probe.early_stopping.enabled=false"",""probe.early_stopping.patience=5"",""probe.optuna.enabled=false"",""probe.output_dir=artifacts/probes/intphys2"",""probe.output_subdir=seed_runs_intphys2_ltx13b_linear_mlp/intphys2__ltx_video__mlp__slot_29/seed_101"",""probe.eval_output_dir=artifacts/results/intphys2"",""probe.eval_output_subdir=seed_runs_intphys2_ltx13b_linear_mlp/intphys2__ltx_video__mlp__slot_29/seed_101"",""probe.wandb.group=seed_runs_intphys2_ltx13b_linear_mlp_intphys2__ltx_video__mlp__slot_29"",""probe.wandb.name=intphys2__ltx_video__mlp__slot_29__seed_101"",""probe.mlp.hidden_dims=[256]"",""probe.mlp.dropout=0.15357401919494376""]",results/verified_layerwise_probe_configs.csv,308,310,786fe24d08c9280d,VERIFIED_FULL,"{""batch_size"":64,""depth_layer_id"":12,""dropout"":0.15357401919494376,""early_stopping"":{""enabled"":true,""patience"":5},""epochs"":2000,""feature_view"":""pooled"",""hidden_dims"":[256],""layer"":29,""lr"":0.00024380003254969372,""slot"":29,""weight_decay"":0.0003286662534399516}",output/training/intphys2/mlp/intphys2_ltx_mlp_layers_22604093.out
intphys2__ltx_video__mlp__slot_29__seed_102,intphys2__ltx_video__mlp__slot_29,train_eval.probe.intphys2,IntPhys2,intphys2,ltx,LTX-Video,LTX-13B,MLP,mlp,102,42,ltx_video,ltxv_13b_0_9_8_distilled,29,29,noise_0.3_block_12,pooled,0.00024380003254969372,0.0003286662534399516,64,1024,2000,false,5,[256],0.15357401919494376,,,,,cpu,artifacts/probes/intphys2,seed_runs_intphys2_ltx13b_linear_mlp/intphys2__ltx_video__mlp__slot_29/seed_102,artifacts/results/intphys2,seed_runs_intphys2_ltx13b_linear_mlp/intphys2__ltx_video__mlp__slot_29/seed_102,seed_runs_intphys2_ltx13b_linear_mlp_intphys2__ltx_video__mlp__slot_29,intphys2__ltx_video__mlp__slot_29__seed_102,pending,,"[""seed=102"",""split.seed=42"",""backbone.name=ltx_video"",""+backbone.kwargs.variant=ltxv_13b_0_9_8_distilled"",""probe.name=mlp"",""probe.layer=29"",""probe.layers=[]"",""probe.feature_view=pooled"",""probe.device=cpu"",""probe.lr=0.00024380003254969372"",""probe.weight_decay=0.0003286662534399516"",""probe.batch_size=64"",""probe.eval_batch_size=1024"",""probe.epochs=2000"",""probe.early_stopping.enabled=false"",""probe.early_stopping.patience=5"",""probe.optuna.enabled=false"",""probe.output_dir=artifacts/probes/intphys2"",""probe.output_subdir=seed_runs_intphys2_ltx13b_linear_mlp/intphys2__ltx_video__mlp__slot_29/seed_102"",""probe.eval_output_dir=artifacts/results/intphys2"",""probe.eval_output_subdir=seed_runs_intphys2_ltx13b_linear_mlp/intphys2__ltx_video__mlp__slot_29/seed_102"",""probe.wandb.group=seed_runs_intphys2_ltx13b_linear_mlp_intphys2__ltx_video__mlp__slot_29"",""probe.wandb.name=intphys2__ltx_video__mlp__slot_29__seed_102"",""probe.mlp.hidden_dims=[256]"",""probe.mlp.dropout=0.15357401919494376""]",results/verified_layerwise_probe_configs.csv,308,310,786fe24d08c9280d,VERIFIED_FULL,"{""batch_size"":64,""depth_layer_id"":12,""dropout"":0.15357401919494376,""early_stopping"":{""enabled"":true,""patience"":5},""epochs"":2000,""feature_view"":""pooled"",""hidden_dims"":[256],""layer"":29,""lr"":0.00024380003254969372,""slot"":29,""weight_decay"":0.0003286662534399516}",output/training/intphys2/mlp/intphys2_ltx_mlp_layers_22604093.out
intphys2__ltx_video__mlp__slot_30__seed_101,intphys2__ltx_video__mlp__slot_30,train_eval.probe.intphys2,IntPhys2,intphys2,ltx,LTX-Video,LTX-13B,MLP,mlp,101,42,ltx_video,ltxv_13b_0_9_8_distilled,30,30,noise_0.3_block_24,pooled,0.0011290133559092666,4.374364439939069e-06,256,1024,50,false,5,[256],0.04424625102595975,,,,,cpu,artifacts/probes/intphys2,seed_runs_intphys2_ltx13b_linear_mlp/intphys2__ltx_video__mlp__slot_30/seed_101,artifacts/results/intphys2,seed_runs_intphys2_ltx13b_linear_mlp/intphys2__ltx_video__mlp__slot_30/seed_101,seed_runs_intphys2_ltx13b_linear_mlp_intphys2__ltx_video__mlp__slot_30,intphys2__ltx_video__mlp__slot_30__seed_101,pending,,"[""seed=101"",""split.seed=42"",""backbone.name=ltx_video"",""+backbone.kwargs.variant=ltxv_13b_0_9_8_distilled"",""probe.name=mlp"",""probe.layer=30"",""probe.layers=[]"",""probe.feature_view=pooled"",""probe.device=cpu"",""probe.lr=0.0011290133559092666"",""probe.weight_decay=4.374364439939069e-06"",""probe.batch_size=256"",""probe.eval_batch_size=1024"",""probe.epochs=50"",""probe.early_stopping.enabled=false"",""probe.early_stopping.patience=5"",""probe.optuna.enabled=false"",""probe.output_dir=artifacts/probes/intphys2"",""probe.output_subdir=seed_runs_intphys2_ltx13b_linear_mlp/intphys2__ltx_video__mlp__slot_30/seed_101"",""probe.eval_output_dir=artifacts/results/intphys2"",""probe.eval_output_subdir=seed_runs_intphys2_ltx13b_linear_mlp/intphys2__ltx_video__mlp__slot_30/seed_101"",""probe.wandb.group=seed_runs_intphys2_ltx13b_linear_mlp_intphys2__ltx_video__mlp__slot_30"",""probe.wandb.name=intphys2__ltx_video__mlp__slot_30__seed_101"",""probe.mlp.hidden_dims=[256]"",""probe.mlp.dropout=0.04424625102595975""]",results/verified_layerwise_probe_configs.csv,309,311,b138e94f5359d261,VERIFIED_FULL,"{""batch_size"":256,""depth_layer_id"":24,""dropout"":0.04424625102595975,""early_stopping"":{""enabled"":true,""patience"":5},""epochs"":50,""feature_view"":""pooled"",""hidden_dims"":[256],""layer"":30,""lr"":0.0011290133559092666,""slot"":30,""weight_decay"":4.374364439939069e-06}",output/training/intphys2/mlp/intphys2_ltx_mlp_layers_22604093.out
intphys2__ltx_video__mlp__slot_30__seed_102,intphys2__ltx_video__mlp__slot_30,train_eval.probe.intphys2,IntPhys2,intphys2,ltx,LTX-Video,LTX-13B,MLP,mlp,102,42,ltx_video,ltxv_13b_0_9_8_distilled,30,30,noise_0.3_block_24,pooled,0.0011290133559092666,4.374364439939069e-06,256,1024,50,false,5,[256],0.04424625102595975,,,,,cpu,artifacts/probes/intphys2,seed_runs_intphys2_ltx13b_linear_mlp/intphys2__ltx_video__mlp__slot_30/seed_102,artifacts/results/intphys2,seed_runs_intphys2_ltx13b_linear_mlp/intphys2__ltx_video__mlp__slot_30/seed_102,seed_runs_intphys2_ltx13b_linear_mlp_intphys2__ltx_video__mlp__slot_30,intphys2__ltx_video__mlp__slot_30__seed_102,pending,,"[""seed=102"",""split.seed=42"",""backbone.name=ltx_video"",""+backbone.kwargs.variant=ltxv_13b_0_9_8_distilled"",""probe.name=mlp"",""probe.layer=30"",""probe.layers=[]"",""probe.feature_view=pooled"",""probe.device=cpu"",""probe.lr=0.0011290133559092666"",""probe.weight_decay=4.374364439939069e-06"",""probe.batch_size=256"",""probe.eval_batch_size=1024"",""probe.epochs=50"",""probe.early_stopping.enabled=false"",""probe.early_stopping.patience=5"",""probe.optuna.enabled=false"",""probe.output_dir=artifacts/probes/intphys2"",""probe.output_subdir=seed_runs_intphys2_ltx13b_linear_mlp/intphys2__ltx_video__mlp__slot_30/seed_102"",""probe.eval_output_dir=artifacts/results/intphys2"",""probe.eval_output_subdir=seed_runs_intphys2_ltx13b_linear_mlp/intphys2__ltx_video__mlp__slot_30/seed_102"",""probe.wandb.group=seed_runs_intphys2_ltx13b_linear_mlp_intphys2__ltx_video__mlp__slot_30"",""probe.wandb.name=intphys2__ltx_video__mlp__slot_30__seed_102"",""probe.mlp.hidden_dims=[256]"",""probe.mlp.dropout=0.04424625102595975""]",results/verified_layerwise_probe_configs.csv,309,311,b138e94f5359d261,VERIFIED_FULL,"{""batch_size"":256,""depth_layer_id"":24,""dropout"":0.04424625102595975,""early_stopping"":{""enabled"":true,""patience"":5},""epochs"":50,""feature_view"":""pooled"",""hidden_dims"":[256],""layer"":30,""lr"":0.0011290133559092666,""slot"":30,""weight_decay"":4.374364439939069e-06}",output/training/intphys2/mlp/intphys2_ltx_mlp_layers_22604093.out
intphys2__ltx_video__mlp__slot_31__seed_101,intphys2__ltx_video__mlp__slot_31,train_eval.probe.intphys2,IntPhys2,intphys2,ltx,LTX-Video,LTX-13B,MLP,mlp,101,42,ltx_video,ltxv_13b_0_9_8_distilled,31,31,noise_0.3_block_36,pooled,0.0003492823457114943,7.619436507678932e-07,32,1024,100,false,5,[1024],0.23297711653873787,,,,,cpu,artifacts/probes/intphys2,seed_runs_intphys2_ltx13b_linear_mlp/intphys2__ltx_video__mlp__slot_31/seed_101,artifacts/results/intphys2,seed_runs_intphys2_ltx13b_linear_mlp/intphys2__ltx_video__mlp__slot_31/seed_101,seed_runs_intphys2_ltx13b_linear_mlp_intphys2__ltx_video__mlp__slot_31,intphys2__ltx_video__mlp__slot_31__seed_101,pending,,"[""seed=101"",""split.seed=42"",""backbone.name=ltx_video"",""+backbone.kwargs.variant=ltxv_13b_0_9_8_distilled"",""probe.name=mlp"",""probe.layer=31"",""probe.layers=[]"",""probe.feature_view=pooled"",""probe.device=cpu"",""probe.lr=0.0003492823457114943"",""probe.weight_decay=7.619436507678932e-07"",""probe.batch_size=32"",""probe.eval_batch_size=1024"",""probe.epochs=100"",""probe.early_stopping.enabled=false"",""probe.early_stopping.patience=5"",""probe.optuna.enabled=false"",""probe.output_dir=artifacts/probes/intphys2"",""probe.output_subdir=seed_runs_intphys2_ltx13b_linear_mlp/intphys2__ltx_video__mlp__slot_31/seed_101"",""probe.eval_output_dir=artifacts/results/intphys2"",""probe.eval_output_subdir=seed_runs_intphys2_ltx13b_linear_mlp/intphys2__ltx_video__mlp__slot_31/seed_101"",""probe.wandb.group=seed_runs_intphys2_ltx13b_linear_mlp_intphys2__ltx_video__mlp__slot_31"",""probe.wandb.name=intphys2__ltx_video__mlp__slot_31__seed_101"",""probe.mlp.hidden_dims=[1024]"",""probe.mlp.dropout=0.23297711653873787""]",results/verified_layerwise_probe_configs.csv,310,312,9b25f6d1d9c8570a,VERIFIED_FULL,"{""batch_size"":32,""depth_layer_id"":36,""dropout"":0.23297711653873787,""early_stopping"":{""enabled"":true,""patience"":5},""epochs"":100,""feature_view"":""pooled"",""hidden_dims"":[1024],""layer"":31,""lr"":0.0003492823457114943,""slot"":31,""weight_decay"":7.619436507678932e-07}",output/training/intphys2/mlp/intphys2_ltx_mlp_layers_22604093.out
intphys2__ltx_video__mlp__slot_31__seed_102,intphys2__ltx_video__mlp__slot_31,train_eval.probe.intphys2,IntPhys2,intphys2,ltx,LTX-Video,LTX-13B,MLP,mlp,102,42,ltx_video,ltxv_13b_0_9_8_distilled,31,31,noise_0.3_block_36,pooled,0.0003492823457114943,7.619436507678932e-07,32,1024,100,false,5,[1024],0.23297711653873787,,,,,cpu,artifacts/probes/intphys2,seed_runs_intphys2_ltx13b_linear_mlp/intphys2__ltx_video__mlp__slot_31/seed_102,artifacts/results/intphys2,seed_runs_intphys2_ltx13b_linear_mlp/intphys2__ltx_video__mlp__slot_31/seed_102,seed_runs_intphys2_ltx13b_linear_mlp_intphys2__ltx_video__mlp__slot_31,intphys2__ltx_video__mlp__slot_31__seed_102,pending,,"[""seed=102"",""split.seed=42"",""backbone.name=ltx_video"",""+backbone.kwargs.variant=ltxv_13b_0_9_8_distilled"",""probe.name=mlp"",""probe.layer=31"",""probe.layers=[]"",""probe.feature_view=pooled"",""probe.device=cpu"",""probe.lr=0.0003492823457114943"",""probe.weight_decay=7.619436507678932e-07"",""probe.batch_size=32"",""probe.eval_batch_size=1024"",""probe.epochs=100"",""probe.early_stopping.enabled=false"",""probe.early_stopping.patience=5"",""probe.optuna.enabled=false"",""probe.output_dir=artifacts/probes/intphys2"",""probe.output_subdir=seed_runs_intphys2_ltx13b_linear_mlp/intphys2__ltx_video__mlp__slot_31/seed_102"",""probe.eval_output_dir=artifacts/results/intphys2"",""probe.eval_output_subdir=seed_runs_intphys2_ltx13b_linear_mlp/intphys2__ltx_video__mlp__slot_31/seed_102"",""probe.wandb.group=seed_runs_intphys2_ltx13b_linear_mlp_intphys2__ltx_video__mlp__slot_31"",""probe.wandb.name=intphys2__ltx_video__mlp__slot_31__seed_102"",""probe.mlp.hidden_dims=[1024]"",""probe.mlp.dropout=0.23297711653873787""]",results/verified_layerwise_probe_configs.csv,310,312,9b25f6d1d9c8570a,VERIFIED_FULL,"{""batch_size"":32,""depth_layer_id"":36,""dropout"":0.23297711653873787,""early_stopping"":{""enabled"":true,""patience"":5},""epochs"":100,""feature_view"":""pooled"",""hidden_dims"":[1024],""layer"":31,""lr"":0.0003492823457114943,""slot"":31,""weight_decay"":7.619436507678932e-07}",output/training/intphys2/mlp/intphys2_ltx_mlp_layers_22604093.out
intphys2__ltx_video__mlp__slot_32__seed_101,intphys2__ltx_video__mlp__slot_32,train_eval.probe.intphys2,IntPhys2,intphys2,ltx,LTX-Video,LTX-13B,MLP,mlp,101,42,ltx_video,ltxv_13b_0_9_8_distilled,32,32,noise_0.3_block_48,pooled,0.00012537135852449114,0.009336243604950356,128,1024,2000,false,5,"[1024,512,1024]",0.16382239752896272,,,,,cpu,artifacts/probes/intphys2,seed_runs_intphys2_ltx13b_linear_mlp/intphys2__ltx_video__mlp__slot_32/seed_101,artifacts/results/intphys2,seed_runs_intphys2_ltx13b_linear_mlp/intphys2__ltx_video__mlp__slot_32/seed_101,seed_runs_intphys2_ltx13b_linear_mlp_intphys2__ltx_video__mlp__slot_32,intphys2__ltx_video__mlp__slot_32__seed_101,pending,,"[""seed=101"",""split.seed=42"",""backbone.name=ltx_video"",""+backbone.kwargs.variant=ltxv_13b_0_9_8_distilled"",""probe.name=mlp"",""probe.layer=32"",""probe.layers=[]"",""probe.feature_view=pooled"",""probe.device=cpu"",""probe.lr=0.00012537135852449114"",""probe.weight_decay=0.009336243604950356"",""probe.batch_size=128"",""probe.eval_batch_size=1024"",""probe.epochs=2000"",""probe.early_stopping.enabled=false"",""probe.early_stopping.patience=5"",""probe.optuna.enabled=false"",""probe.output_dir=artifacts/probes/intphys2"",""probe.output_subdir=seed_runs_intphys2_ltx13b_linear_mlp/intphys2__ltx_video__mlp__slot_32/seed_101"",""probe.eval_output_dir=artifacts/results/intphys2"",""probe.eval_output_subdir=seed_runs_intphys2_ltx13b_linear_mlp/intphys2__ltx_video__mlp__slot_32/seed_101"",""probe.wandb.group=seed_runs_intphys2_ltx13b_linear_mlp_intphys2__ltx_video__mlp__slot_32"",""probe.wandb.name=intphys2__ltx_video__mlp__slot_32__seed_101"",""probe.mlp.hidden_dims=[1024,512,1024]"",""probe.mlp.dropout=0.16382239752896272""]",results/verified_layerwise_probe_configs.csv,311,313,87e749336413021f,VERIFIED_FULL,"{""batch_size"":128,""depth_layer_id"":48,""dropout"":0.16382239752896272,""early_stopping"":{""enabled"":true,""patience"":5},""epochs"":2000,""feature_view"":""pooled"",""hidden_dims"":[1024,512,1024],""layer"":32,""lr"":0.00012537135852449114,""slot"":32,""weight_decay"":0.009336243604950356}",output/training/intphys2/mlp/intphys2_ltx_mlp_layers_22604093.out
intphys2__ltx_video__mlp__slot_32__seed_102,intphys2__ltx_video__mlp__slot_32,train_eval.probe.intphys2,IntPhys2,intphys2,ltx,LTX-Video,LTX-13B,MLP,mlp,102,42,ltx_video,ltxv_13b_0_9_8_distilled,32,32,noise_0.3_block_48,pooled,0.00012537135852449114,0.009336243604950356,128,1024,2000,false,5,"[1024,512,1024]",0.16382239752896272,,,,,cpu,artifacts/probes/intphys2,seed_runs_intphys2_ltx13b_linear_mlp/intphys2__ltx_video__mlp__slot_32/seed_102,artifacts/results/intphys2,seed_runs_intphys2_ltx13b_linear_mlp/intphys2__ltx_video__mlp__slot_32/seed_102,seed_runs_intphys2_ltx13b_linear_mlp_intphys2__ltx_video__mlp__slot_32,intphys2__ltx_video__mlp__slot_32__seed_102,pending,,"[""seed=102"",""split.seed=42"",""backbone.name=ltx_video"",""+backbone.kwargs.variant=ltxv_13b_0_9_8_distilled"",""probe.name=mlp"",""probe.layer=32"",""probe.layers=[]"",""probe.feature_view=pooled"",""probe.device=cpu"",""probe.lr=0.00012537135852449114"",""probe.weight_decay=0.009336243604950356"",""probe.batch_size=128"",""probe.eval_batch_size=1024"",""probe.epochs=2000"",""probe.early_stopping.enabled=false"",""probe.early_stopping.patience=5"",""probe.optuna.enabled=false"",""probe.output_dir=artifacts/probes/intphys2"",""probe.output_subdir=seed_runs_intphys2_ltx13b_linear_mlp/intphys2__ltx_video__mlp__slot_32/seed_102"",""probe.eval_output_dir=artifacts/results/intphys2"",""probe.eval_output_subdir=seed_runs_intphys2_ltx13b_linear_mlp/intphys2__ltx_video__mlp__slot_32/seed_102"",""probe.wandb.group=seed_runs_intphys2_ltx13b_linear_mlp_intphys2__ltx_video__mlp__slot_32"",""probe.wandb.name=intphys2__ltx_video__mlp__slot_32__seed_102"",""probe.mlp.hidden_dims=[1024,512,1024]"",""probe.mlp.dropout=0.16382239752896272""]",results/verified_layerwise_probe_configs.csv,311,313,87e749336413021f,VERIFIED_FULL,"{""batch_size"":128,""depth_layer_id"":48,""dropout"":0.16382239752896272,""early_stopping"":{""enabled"":true,""patience"":5},""epochs"":2000,""feature_view"":""pooled"",""hidden_dims"":[1024,512,1024],""layer"":32,""lr"":0.00012537135852449114,""slot"":32,""weight_decay"":0.009336243604950356}",output/training/intphys2/mlp/intphys2_ltx_mlp_layers_22604093.out
intphys2__ltx_video__mlp__slot_33__seed_101,intphys2__ltx_video__mlp__slot_33,train_eval.probe.intphys2,IntPhys2,intphys2,ltx,LTX-Video,LTX-13B,MLP,mlp,101,42,ltx_video,ltxv_13b_0_9_8_distilled,33,33,noise_0.2_block_12,pooled,1.1137414908293512e-05,7.042780455130713e-07,256,1024,100,false,5,"[512,256]",0.12129342285358304,,,,,cpu,artifacts/probes/intphys2,seed_runs_intphys2_ltx13b_linear_mlp/intphys2__ltx_video__mlp__slot_33/seed_101,artifacts/results/intphys2,seed_runs_intphys2_ltx13b_linear_mlp/intphys2__ltx_video__mlp__slot_33/seed_101,seed_runs_intphys2_ltx13b_linear_mlp_intphys2__ltx_video__mlp__slot_33,intphys2__ltx_video__mlp__slot_33__seed_101,pending,,"[""seed=101"",""split.seed=42"",""backbone.name=ltx_video"",""+backbone.kwargs.variant=ltxv_13b_0_9_8_distilled"",""probe.name=mlp"",""probe.layer=33"",""probe.layers=[]"",""probe.feature_view=pooled"",""probe.device=cpu"",""probe.lr=1.1137414908293512e-05"",""probe.weight_decay=7.042780455130713e-07"",""probe.batch_size=256"",""probe.eval_batch_size=1024"",""probe.epochs=100"",""probe.early_stopping.enabled=false"",""probe.early_stopping.patience=5"",""probe.optuna.enabled=false"",""probe.output_dir=artifacts/probes/intphys2"",""probe.output_subdir=seed_runs_intphys2_ltx13b_linear_mlp/intphys2__ltx_video__mlp__slot_33/seed_101"",""probe.eval_output_dir=artifacts/results/intphys2"",""probe.eval_output_subdir=seed_runs_intphys2_ltx13b_linear_mlp/intphys2__ltx_video__mlp__slot_33/seed_101"",""probe.wandb.group=seed_runs_intphys2_ltx13b_linear_mlp_intphys2__ltx_video__mlp__slot_33"",""probe.wandb.name=intphys2__ltx_video__mlp__slot_33__seed_101"",""probe.mlp.hidden_dims=[512,256]"",""probe.mlp.dropout=0.12129342285358304""]",results/verified_layerwise_probe_configs.csv,312,314,73135618ddfd960d,VERIFIED_FULL,"{""batch_size"":256,""depth_layer_id"":12,""dropout"":0.12129342285358304,""early_stopping"":{""enabled"":true,""patience"":5},""epochs"":100,""feature_view"":""pooled"",""hidden_dims"":[512,256],""layer"":33,""lr"":1.1137414908293512e-05,""slot"":33,""weight_decay"":7.042780455130713e-07}",output/training/intphys2/mlp/intphys2_ltx_mlp_layers_22604093.out
intphys2__ltx_video__mlp__slot_33__seed_102,intphys2__ltx_video__mlp__slot_33,train_eval.probe.intphys2,IntPhys2,intphys2,ltx,LTX-Video,LTX-13B,MLP,mlp,102,42,ltx_video,ltxv_13b_0_9_8_distilled,33,33,noise_0.2_block_12,pooled,1.1137414908293512e-05,7.042780455130713e-07,256,1024,100,false,5,"[512,256]",0.12129342285358304,,,,,cpu,artifacts/probes/intphys2,seed_runs_intphys2_ltx13b_linear_mlp/intphys2__ltx_video__mlp__slot_33/seed_102,artifacts/results/intphys2,seed_runs_intphys2_ltx13b_linear_mlp/intphys2__ltx_video__mlp__slot_33/seed_102,seed_runs_intphys2_ltx13b_linear_mlp_intphys2__ltx_video__mlp__slot_33,intphys2__ltx_video__mlp__slot_33__seed_102,pending,,"[""seed=102"",""split.seed=42"",""backbone.name=ltx_video"",""+backbone.kwargs.variant=ltxv_13b_0_9_8_distilled"",""probe.name=mlp"",""probe.layer=33"",""probe.layers=[]"",""probe.feature_view=pooled"",""probe.device=cpu"",""probe.lr=1.1137414908293512e-05"",""probe.weight_decay=7.042780455130713e-07"",""probe.batch_size=256"",""probe.eval_batch_size=1024"",""probe.epochs=100"",""probe.early_stopping.enabled=false"",""probe.early_stopping.patience=5"",""probe.optuna.enabled=false"",""probe.output_dir=artifacts/probes/intphys2"",""probe.output_subdir=seed_runs_intphys2_ltx13b_linear_mlp/intphys2__ltx_video__mlp__slot_33/seed_102"",""probe.eval_output_dir=artifacts/results/intphys2"",""probe.eval_output_subdir=seed_runs_intphys2_ltx13b_linear_mlp/intphys2__ltx_video__mlp__slot_33/seed_102"",""probe.wandb.group=seed_runs_intphys2_ltx13b_linear_mlp_intphys2__ltx_video__mlp__slot_33"",""probe.wandb.name=intphys2__ltx_video__mlp__slot_33__seed_102"",""probe.mlp.hidden_dims=[512,256]"",""probe.mlp.dropout=0.12129342285358304""]",results/verified_layerwise_probe_configs.csv,312,314,73135618ddfd960d,VERIFIED_FULL,"{""batch_size"":256,""depth_layer_id"":12,""dropout"":0.12129342285358304,""early_stopping"":{""enabled"":true,""patience"":5},""epochs"":100,""feature_view"":""pooled"",""hidden_dims"":[512,256],""layer"":33,""lr"":1.1137414908293512e-05,""slot"":33,""weight_decay"":7.042780455130713e-07}",output/training/intphys2/mlp/intphys2_ltx_mlp_layers_22604093.out
intphys2__ltx_video__mlp__slot_34__seed_101,intphys2__ltx_video__mlp__slot_34,train_eval.probe.intphys2,IntPhys2,intphys2,ltx,LTX-Video,LTX-13B,MLP,mlp,101,42,ltx_video,ltxv_13b_0_9_8_distilled,34,34,noise_0.2_block_24,pooled,0.0020597335357437196,2.781428564375744e-08,128,1024,1000,false,5,[256],0.3854835899772805,,,,,cpu,artifacts/probes/intphys2,seed_runs_intphys2_ltx13b_linear_mlp/intphys2__ltx_video__mlp__slot_34/seed_101,artifacts/results/intphys2,seed_runs_intphys2_ltx13b_linear_mlp/intphys2__ltx_video__mlp__slot_34/seed_101,seed_runs_intphys2_ltx13b_linear_mlp_intphys2__ltx_video__mlp__slot_34,intphys2__ltx_video__mlp__slot_34__seed_101,pending,,"[""seed=101"",""split.seed=42"",""backbone.name=ltx_video"",""+backbone.kwargs.variant=ltxv_13b_0_9_8_distilled"",""probe.name=mlp"",""probe.layer=34"",""probe.layers=[]"",""probe.feature_view=pooled"",""probe.device=cpu"",""probe.lr=0.0020597335357437196"",""probe.weight_decay=2.781428564375744e-08"",""probe.batch_size=128"",""probe.eval_batch_size=1024"",""probe.epochs=1000"",""probe.early_stopping.enabled=false"",""probe.early_stopping.patience=5"",""probe.optuna.enabled=false"",""probe.output_dir=artifacts/probes/intphys2"",""probe.output_subdir=seed_runs_intphys2_ltx13b_linear_mlp/intphys2__ltx_video__mlp__slot_34/seed_101"",""probe.eval_output_dir=artifacts/results/intphys2"",""probe.eval_output_subdir=seed_runs_intphys2_ltx13b_linear_mlp/intphys2__ltx_video__mlp__slot_34/seed_101"",""probe.wandb.group=seed_runs_intphys2_ltx13b_linear_mlp_intphys2__ltx_video__mlp__slot_34"",""probe.wandb.name=intphys2__ltx_video__mlp__slot_34__seed_101"",""probe.mlp.hidden_dims=[256]"",""probe.mlp.dropout=0.3854835899772805""]",results/verified_layerwise_probe_configs.csv,313,315,6f0a91f108bb4471,VERIFIED_FULL,"{""batch_size"":128,""depth_layer_id"":24,""dropout"":0.3854835899772805,""early_stopping"":{""enabled"":true,""patience"":5},""epochs"":1000,""feature_view"":""pooled"",""hidden_dims"":[256],""layer"":34,""lr"":0.0020597335357437196,""slot"":34,""weight_decay"":2.781428564375744e-08}",output/training/intphys2/mlp/intphys2_ltx_mlp_layers_22604093.out
intphys2__ltx_video__mlp__slot_34__seed_102,intphys2__ltx_video__mlp__slot_34,train_eval.probe.intphys2,IntPhys2,intphys2,ltx,LTX-Video,LTX-13B,MLP,mlp,102,42,ltx_video,ltxv_13b_0_9_8_distilled,34,34,noise_0.2_block_24,pooled,0.0020597335357437196,2.781428564375744e-08,128,1024,1000,false,5,[256],0.3854835899772805,,,,,cpu,artifacts/probes/intphys2,seed_runs_intphys2_ltx13b_linear_mlp/intphys2__ltx_video__mlp__slot_34/seed_102,artifacts/results/intphys2,seed_runs_intphys2_ltx13b_linear_mlp/intphys2__ltx_video__mlp__slot_34/seed_102,seed_runs_intphys2_ltx13b_linear_mlp_intphys2__ltx_video__mlp__slot_34,intphys2__ltx_video__mlp__slot_34__seed_102,pending,,"[""seed=102"",""split.seed=42"",""backbone.name=ltx_video"",""+backbone.kwargs.variant=ltxv_13b_0_9_8_distilled"",""probe.name=mlp"",""probe.layer=34"",""probe.layers=[]"",""probe.feature_view=pooled"",""probe.device=cpu"",""probe.lr=0.0020597335357437196"",""probe.weight_decay=2.781428564375744e-08"",""probe.batch_size=128"",""probe.eval_batch_size=1024"",""probe.epochs=1000"",""probe.early_stopping.enabled=false"",""probe.early_stopping.patience=5"",""probe.optuna.enabled=false"",""probe.output_dir=artifacts/probes/intphys2"",""probe.output_subdir=seed_runs_intphys2_ltx13b_linear_mlp/intphys2__ltx_video__mlp__slot_34/seed_102"",""probe.eval_output_dir=artifacts/results/intphys2"",""probe.eval_output_subdir=seed_runs_intphys2_ltx13b_linear_mlp/intphys2__ltx_video__mlp__slot_34/seed_102"",""probe.wandb.group=seed_runs_intphys2_ltx13b_linear_mlp_intphys2__ltx_video__mlp__slot_34"",""probe.wandb.name=intphys2__ltx_video__mlp__slot_34__seed_102"",""probe.mlp.hidden_dims=[256]"",""probe.mlp.dropout=0.3854835899772805""]",results/verified_layerwise_probe_configs.csv,313,315,6f0a91f108bb4471,VERIFIED_FULL,"{""batch_size"":128,""depth_layer_id"":24,""dropout"":0.3854835899772805,""early_stopping"":{""enabled"":true,""patience"":5},""epochs"":1000,""feature_view"":""pooled"",""hidden_dims"":[256],""layer"":34,""lr"":0.0020597335357437196,""slot"":34,""weight_decay"":2.781428564375744e-08}",output/training/intphys2/mlp/intphys2_ltx_mlp_layers_22604093.out
intphys2__ltx_video__mlp__slot_35__seed_101,intphys2__ltx_video__mlp__slot_35,train_eval.probe.intphys2,IntPhys2,intphys2,ltx,LTX-Video,LTX-13B,MLP,mlp,101,42,ltx_video,ltxv_13b_0_9_8_distilled,35,35,noise_0.2_block_36,pooled,0.0001329291894316216,0.005061576888752304,32,1024,2000,false,5,[256],0.21597250932105788,,,,,cpu,artifacts/probes/intphys2,seed_runs_intphys2_ltx13b_linear_mlp/intphys2__ltx_video__mlp__slot_35/seed_101,artifacts/results/intphys2,seed_runs_intphys2_ltx13b_linear_mlp/intphys2__ltx_video__mlp__slot_35/seed_101,seed_runs_intphys2_ltx13b_linear_mlp_intphys2__ltx_video__mlp__slot_35,intphys2__ltx_video__mlp__slot_35__seed_101,pending,,"[""seed=101"",""split.seed=42"",""backbone.name=ltx_video"",""+backbone.kwargs.variant=ltxv_13b_0_9_8_distilled"",""probe.name=mlp"",""probe.layer=35"",""probe.layers=[]"",""probe.feature_view=pooled"",""probe.device=cpu"",""probe.lr=0.0001329291894316216"",""probe.weight_decay=0.005061576888752304"",""probe.batch_size=32"",""probe.eval_batch_size=1024"",""probe.epochs=2000"",""probe.early_stopping.enabled=false"",""probe.early_stopping.patience=5"",""probe.optuna.enabled=false"",""probe.output_dir=artifacts/probes/intphys2"",""probe.output_subdir=seed_runs_intphys2_ltx13b_linear_mlp/intphys2__ltx_video__mlp__slot_35/seed_101"",""probe.eval_output_dir=artifacts/results/intphys2"",""probe.eval_output_subdir=seed_runs_intphys2_ltx13b_linear_mlp/intphys2__ltx_video__mlp__slot_35/seed_101"",""probe.wandb.group=seed_runs_intphys2_ltx13b_linear_mlp_intphys2__ltx_video__mlp__slot_35"",""probe.wandb.name=intphys2__ltx_video__mlp__slot_35__seed_101"",""probe.mlp.hidden_dims=[256]"",""probe.mlp.dropout=0.21597250932105788""]",results/verified_layerwise_probe_configs.csv,314,316,b72f5bce4b716b22,VERIFIED_FULL,"{""batch_size"":32,""depth_layer_id"":36,""dropout"":0.21597250932105788,""early_stopping"":{""enabled"":true,""patience"":5},""epochs"":2000,""feature_view"":""pooled"",""hidden_dims"":[256],""layer"":35,""lr"":0.0001329291894316216,""slot"":35,""weight_decay"":0.005061576888752304}",output/training/intphys2/mlp/intphys2_ltx_mlp_layers_22604093.out
intphys2__ltx_video__mlp__slot_35__seed_102,intphys2__ltx_video__mlp__slot_35,train_eval.probe.intphys2,IntPhys2,intphys2,ltx,LTX-Video,LTX-13B,MLP,mlp,102,42,ltx_video,ltxv_13b_0_9_8_distilled,35,35,noise_0.2_block_36,pooled,0.0001329291894316216,0.005061576888752304,32,1024,2000,false,5,[256],0.21597250932105788,,,,,cpu,artifacts/probes/intphys2,seed_runs_intphys2_ltx13b_linear_mlp/intphys2__ltx_video__mlp__slot_35/seed_102,artifacts/results/intphys2,seed_runs_intphys2_ltx13b_linear_mlp/intphys2__ltx_video__mlp__slot_35/seed_102,seed_runs_intphys2_ltx13b_linear_mlp_intphys2__ltx_video__mlp__slot_35,intphys2__ltx_video__mlp__slot_35__seed_102,pending,,"[""seed=102"",""split.seed=42"",""backbone.name=ltx_video"",""+backbone.kwargs.variant=ltxv_13b_0_9_8_distilled"",""probe.name=mlp"",""probe.layer=35"",""probe.layers=[]"",""probe.feature_view=pooled"",""probe.device=cpu"",""probe.lr=0.0001329291894316216"",""probe.weight_decay=0.005061576888752304"",""probe.batch_size=32"",""probe.eval_batch_size=1024"",""probe.epochs=2000"",""probe.early_stopping.enabled=false"",""probe.early_stopping.patience=5"",""probe.optuna.enabled=false"",""probe.output_dir=artifacts/probes/intphys2"",""probe.output_subdir=seed_runs_intphys2_ltx13b_linear_mlp/intphys2__ltx_video__mlp__slot_35/seed_102"",""probe.eval_output_dir=artifacts/results/intphys2"",""probe.eval_output_subdir=seed_runs_intphys2_ltx13b_linear_mlp/intphys2__ltx_video__mlp__slot_35/seed_102"",""probe.wandb.group=seed_runs_intphys2_ltx13b_linear_mlp_intphys2__ltx_video__mlp__slot_35"",""probe.wandb.name=intphys2__ltx_video__mlp__slot_35__seed_102"",""probe.mlp.hidden_dims=[256]"",""probe.mlp.dropout=0.21597250932105788""]",results/verified_layerwise_probe_configs.csv,314,316,b72f5bce4b716b22,VERIFIED_FULL,"{""batch_size"":32,""depth_layer_id"":36,""dropout"":0.21597250932105788,""early_stopping"":{""enabled"":true,""patience"":5},""epochs"":2000,""feature_view"":""pooled"",""hidden_dims"":[256],""layer"":35,""lr"":0.0001329291894316216,""slot"":35,""weight_decay"":0.005061576888752304}",output/training/intphys2/mlp/intphys2_ltx_mlp_layers_22604093.out
intphys2__ltx_video__mlp__slot_36__seed_101,intphys2__ltx_video__mlp__slot_36,train_eval.probe.intphys2,IntPhys2,intphys2,ltx,LTX-Video,LTX-13B,MLP,mlp,101,42,ltx_video,ltxv_13b_0_9_8_distilled,36,36,noise_0.2_block_48,pooled,0.0001329291894316216,0.005061576888752304,32,1024,2000,false,5,[256],0.21597250932105788,,,,,cpu,artifacts/probes/intphys2,seed_runs_intphys2_ltx13b_linear_mlp/intphys2__ltx_video__mlp__slot_36/seed_101,artifacts/results/intphys2,seed_runs_intphys2_ltx13b_linear_mlp/intphys2__ltx_video__mlp__slot_36/seed_101,seed_runs_intphys2_ltx13b_linear_mlp_intphys2__ltx_video__mlp__slot_36,intphys2__ltx_video__mlp__slot_36__seed_101,pending,,"[""seed=101"",""split.seed=42"",""backbone.name=ltx_video"",""+backbone.kwargs.variant=ltxv_13b_0_9_8_distilled"",""probe.name=mlp"",""probe.layer=36"",""probe.layers=[]"",""probe.feature_view=pooled"",""probe.device=cpu"",""probe.lr=0.0001329291894316216"",""probe.weight_decay=0.005061576888752304"",""probe.batch_size=32"",""probe.eval_batch_size=1024"",""probe.epochs=2000"",""probe.early_stopping.enabled=false"",""probe.early_stopping.patience=5"",""probe.optuna.enabled=false"",""probe.output_dir=artifacts/probes/intphys2"",""probe.output_subdir=seed_runs_intphys2_ltx13b_linear_mlp/intphys2__ltx_video__mlp__slot_36/seed_101"",""probe.eval_output_dir=artifacts/results/intphys2"",""probe.eval_output_subdir=seed_runs_intphys2_ltx13b_linear_mlp/intphys2__ltx_video__mlp__slot_36/seed_101"",""probe.wandb.group=seed_runs_intphys2_ltx13b_linear_mlp_intphys2__ltx_video__mlp__slot_36"",""probe.wandb.name=intphys2__ltx_video__mlp__slot_36__seed_101"",""probe.mlp.hidden_dims=[256]"",""probe.mlp.dropout=0.21597250932105788""]",results/verified_layerwise_probe_configs.csv,315,317,6cb912093ea51bb4,VERIFIED_FULL,"{""batch_size"":32,""depth_layer_id"":48,""dropout"":0.21597250932105788,""early_stopping"":{""enabled"":true,""patience"":5},""epochs"":2000,""feature_view"":""pooled"",""hidden_dims"":[256],""layer"":36,""lr"":0.0001329291894316216,""slot"":36,""weight_decay"":0.005061576888752304}",output/training/intphys2/mlp/intphys2_ltx_mlp_layers_22604093.out
intphys2__ltx_video__mlp__slot_36__seed_102,intphys2__ltx_video__mlp__slot_36,train_eval.probe.intphys2,IntPhys2,intphys2,ltx,LTX-Video,LTX-13B,MLP,mlp,102,42,ltx_video,ltxv_13b_0_9_8_distilled,36,36,noise_0.2_block_48,pooled,0.0001329291894316216,0.005061576888752304,32,1024,2000,false,5,[256],0.21597250932105788,,,,,cpu,artifacts/probes/intphys2,seed_runs_intphys2_ltx13b_linear_mlp/intphys2__ltx_video__mlp__slot_36/seed_102,artifacts/results/intphys2,seed_runs_intphys2_ltx13b_linear_mlp/intphys2__ltx_video__mlp__slot_36/seed_102,seed_runs_intphys2_ltx13b_linear_mlp_intphys2__ltx_video__mlp__slot_36,intphys2__ltx_video__mlp__slot_36__seed_102,pending,,"[""seed=102"",""split.seed=42"",""backbone.name=ltx_video"",""+backbone.kwargs.variant=ltxv_13b_0_9_8_distilled"",""probe.name=mlp"",""probe.layer=36"",""probe.layers=[]"",""probe.feature_view=pooled"",""probe.device=cpu"",""probe.lr=0.0001329291894316216"",""probe.weight_decay=0.005061576888752304"",""probe.batch_size=32"",""probe.eval_batch_size=1024"",""probe.epochs=2000"",""probe.early_stopping.enabled=false"",""probe.early_stopping.patience=5"",""probe.optuna.enabled=false"",""probe.output_dir=artifacts/probes/intphys2"",""probe.output_subdir=seed_runs_intphys2_ltx13b_linear_mlp/intphys2__ltx_video__mlp__slot_36/seed_102"",""probe.eval_output_dir=artifacts/results/intphys2"",""probe.eval_output_subdir=seed_runs_intphys2_ltx13b_linear_mlp/intphys2__ltx_video__mlp__slot_36/seed_102"",""probe.wandb.group=seed_runs_intphys2_ltx13b_linear_mlp_intphys2__ltx_video__mlp__slot_36"",""probe.wandb.name=intphys2__ltx_video__mlp__slot_36__seed_102"",""probe.mlp.hidden_dims=[256]"",""probe.mlp.dropout=0.21597250932105788""]",results/verified_layerwise_probe_configs.csv,315,317,6cb912093ea51bb4,VERIFIED_FULL,"{""batch_size"":32,""depth_layer_id"":48,""dropout"":0.21597250932105788,""early_stopping"":{""enabled"":true,""patience"":5},""epochs"":2000,""feature_view"":""pooled"",""hidden_dims"":[256],""layer"":36,""lr"":0.0001329291894316216,""slot"":36,""weight_decay"":0.005061576888752304}",output/training/intphys2/mlp/intphys2_ltx_mlp_layers_22604093.out
intphys2__ltx_video__mlp__slot_37__seed_101,intphys2__ltx_video__mlp__slot_37,train_eval.probe.intphys2,IntPhys2,intphys2,ltx,LTX-Video,LTX-13B,MLP,mlp,101,42,ltx_video,ltxv_13b_0_9_8_distilled,37,37,noise_0.1_block_12,pooled,0.0001329291894316216,0.005061576888752304,32,1024,2000,false,5,[256],0.21597250932105788,,,,,cpu,artifacts/probes/intphys2,seed_runs_intphys2_ltx13b_linear_mlp/intphys2__ltx_video__mlp__slot_37/seed_101,artifacts/results/intphys2,seed_runs_intphys2_ltx13b_linear_mlp/intphys2__ltx_video__mlp__slot_37/seed_101,seed_runs_intphys2_ltx13b_linear_mlp_intphys2__ltx_video__mlp__slot_37,intphys2__ltx_video__mlp__slot_37__seed_101,pending,,"[""seed=101"",""split.seed=42"",""backbone.name=ltx_video"",""+backbone.kwargs.variant=ltxv_13b_0_9_8_distilled"",""probe.name=mlp"",""probe.layer=37"",""probe.layers=[]"",""probe.feature_view=pooled"",""probe.device=cpu"",""probe.lr=0.0001329291894316216"",""probe.weight_decay=0.005061576888752304"",""probe.batch_size=32"",""probe.eval_batch_size=1024"",""probe.epochs=2000"",""probe.early_stopping.enabled=false"",""probe.early_stopping.patience=5"",""probe.optuna.enabled=false"",""probe.output_dir=artifacts/probes/intphys2"",""probe.output_subdir=seed_runs_intphys2_ltx13b_linear_mlp/intphys2__ltx_video__mlp__slot_37/seed_101"",""probe.eval_output_dir=artifacts/results/intphys2"",""probe.eval_output_subdir=seed_runs_intphys2_ltx13b_linear_mlp/intphys2__ltx_video__mlp__slot_37/seed_101"",""probe.wandb.group=seed_runs_intphys2_ltx13b_linear_mlp_intphys2__ltx_video__mlp__slot_37"",""probe.wandb.name=intphys2__ltx_video__mlp__slot_37__seed_101"",""probe.mlp.hidden_dims=[256]"",""probe.mlp.dropout=0.21597250932105788""]",results/verified_layerwise_probe_configs.csv,316,318,eb6f456579b242c0,VERIFIED_FULL,"{""batch_size"":32,""depth_layer_id"":12,""dropout"":0.21597250932105788,""early_stopping"":{""enabled"":true,""patience"":5},""epochs"":2000,""feature_view"":""pooled"",""hidden_dims"":[256],""layer"":37,""lr"":0.0001329291894316216,""slot"":37,""weight_decay"":0.005061576888752304}",output/training/intphys2/mlp/intphys2_ltx_mlp_layers_22604093.out
intphys2__ltx_video__mlp__slot_37__seed_102,intphys2__ltx_video__mlp__slot_37,train_eval.probe.intphys2,IntPhys2,intphys2,ltx,LTX-Video,LTX-13B,MLP,mlp,102,42,ltx_video,ltxv_13b_0_9_8_distilled,37,37,noise_0.1_block_12,pooled,0.0001329291894316216,0.005061576888752304,32,1024,2000,false,5,[256],0.21597250932105788,,,,,cpu,artifacts/probes/intphys2,seed_runs_intphys2_ltx13b_linear_mlp/intphys2__ltx_video__mlp__slot_37/seed_102,artifacts/results/intphys2,seed_runs_intphys2_ltx13b_linear_mlp/intphys2__ltx_video__mlp__slot_37/seed_102,seed_runs_intphys2_ltx13b_linear_mlp_intphys2__ltx_video__mlp__slot_37,intphys2__ltx_video__mlp__slot_37__seed_102,pending,,"[""seed=102"",""split.seed=42"",""backbone.name=ltx_video"",""+backbone.kwargs.variant=ltxv_13b_0_9_8_distilled"",""probe.name=mlp"",""probe.layer=37"",""probe.layers=[]"",""probe.feature_view=pooled"",""probe.device=cpu"",""probe.lr=0.0001329291894316216"",""probe.weight_decay=0.005061576888752304"",""probe.batch_size=32"",""probe.eval_batch_size=1024"",""probe.epochs=2000"",""probe.early_stopping.enabled=false"",""probe.early_stopping.patience=5"",""probe.optuna.enabled=false"",""probe.output_dir=artifacts/probes/intphys2"",""probe.output_subdir=seed_runs_intphys2_ltx13b_linear_mlp/intphys2__ltx_video__mlp__slot_37/seed_102"",""probe.eval_output_dir=artifacts/results/intphys2"",""probe.eval_output_subdir=seed_runs_intphys2_ltx13b_linear_mlp/intphys2__ltx_video__mlp__slot_37/seed_102"",""probe.wandb.group=seed_runs_intphys2_ltx13b_linear_mlp_intphys2__ltx_video__mlp__slot_37"",""probe.wandb.name=intphys2__ltx_video__mlp__slot_37__seed_102"",""probe.mlp.hidden_dims=[256]"",""probe.mlp.dropout=0.21597250932105788""]",results/verified_layerwise_probe_configs.csv,316,318,eb6f456579b242c0,VERIFIED_FULL,"{""batch_size"":32,""depth_layer_id"":12,""dropout"":0.21597250932105788,""early_stopping"":{""enabled"":true,""patience"":5},""epochs"":2000,""feature_view"":""pooled"",""hidden_dims"":[256],""layer"":37,""lr"":0.0001329291894316216,""slot"":37,""weight_decay"":0.005061576888752304}",output/training/intphys2/mlp/intphys2_ltx_mlp_layers_22604093.out
intphys2__ltx_video__mlp__slot_38__seed_101,intphys2__ltx_video__mlp__slot_38,train_eval.probe.intphys2,IntPhys2,intphys2,ltx,LTX-Video,LTX-13B,MLP,mlp,101,42,ltx_video,ltxv_13b_0_9_8_distilled,38,38,noise_0.1_block_24,pooled,1.1948996969395558e-05,1.6936178609266271e-06,32,1024,100,false,5,"[512,256]",0.26148945343324076,,,,,cpu,artifacts/probes/intphys2,seed_runs_intphys2_ltx13b_linear_mlp/intphys2__ltx_video__mlp__slot_38/seed_101,artifacts/results/intphys2,seed_runs_intphys2_ltx13b_linear_mlp/intphys2__ltx_video__mlp__slot_38/seed_101,seed_runs_intphys2_ltx13b_linear_mlp_intphys2__ltx_video__mlp__slot_38,intphys2__ltx_video__mlp__slot_38__seed_101,pending,,"[""seed=101"",""split.seed=42"",""backbone.name=ltx_video"",""+backbone.kwargs.variant=ltxv_13b_0_9_8_distilled"",""probe.name=mlp"",""probe.layer=38"",""probe.layers=[]"",""probe.feature_view=pooled"",""probe.device=cpu"",""probe.lr=1.1948996969395558e-05"",""probe.weight_decay=1.6936178609266271e-06"",""probe.batch_size=32"",""probe.eval_batch_size=1024"",""probe.epochs=100"",""probe.early_stopping.enabled=false"",""probe.early_stopping.patience=5"",""probe.optuna.enabled=false"",""probe.output_dir=artifacts/probes/intphys2"",""probe.output_subdir=seed_runs_intphys2_ltx13b_linear_mlp/intphys2__ltx_video__mlp__slot_38/seed_101"",""probe.eval_output_dir=artifacts/results/intphys2"",""probe.eval_output_subdir=seed_runs_intphys2_ltx13b_linear_mlp/intphys2__ltx_video__mlp__slot_38/seed_101"",""probe.wandb.group=seed_runs_intphys2_ltx13b_linear_mlp_intphys2__ltx_video__mlp__slot_38"",""probe.wandb.name=intphys2__ltx_video__mlp__slot_38__seed_101"",""probe.mlp.hidden_dims=[512,256]"",""probe.mlp.dropout=0.26148945343324076""]",results/verified_layerwise_probe_configs.csv,317,319,d20d1426cded0df2,VERIFIED_FULL,"{""batch_size"":32,""depth_layer_id"":24,""dropout"":0.26148945343324076,""early_stopping"":{""enabled"":true,""patience"":5},""epochs"":100,""feature_view"":""pooled"",""hidden_dims"":[512,256],""layer"":38,""lr"":1.1948996969395558e-05,""slot"":38,""weight_decay"":1.6936178609266271e-06}",output/training/intphys2/mlp/intphys2_ltx_mlp_layers_22604093.out
intphys2__ltx_video__mlp__slot_38__seed_102,intphys2__ltx_video__mlp__slot_38,train_eval.probe.intphys2,IntPhys2,intphys2,ltx,LTX-Video,LTX-13B,MLP,mlp,102,42,ltx_video,ltxv_13b_0_9_8_distilled,38,38,noise_0.1_block_24,pooled,1.1948996969395558e-05,1.6936178609266271e-06,32,1024,100,false,5,"[512,256]",0.26148945343324076,,,,,cpu,artifacts/probes/intphys2,seed_runs_intphys2_ltx13b_linear_mlp/intphys2__ltx_video__mlp__slot_38/seed_102,artifacts/results/intphys2,seed_runs_intphys2_ltx13b_linear_mlp/intphys2__ltx_video__mlp__slot_38/seed_102,seed_runs_intphys2_ltx13b_linear_mlp_intphys2__ltx_video__mlp__slot_38,intphys2__ltx_video__mlp__slot_38__seed_102,pending,,"[""seed=102"",""split.seed=42"",""backbone.name=ltx_video"",""+backbone.kwargs.variant=ltxv_13b_0_9_8_distilled"",""probe.name=mlp"",""probe.layer=38"",""probe.layers=[]"",""probe.feature_view=pooled"",""probe.device=cpu"",""probe.lr=1.1948996969395558e-05"",""probe.weight_decay=1.6936178609266271e-06"",""probe.batch_size=32"",""probe.eval_batch_size=1024"",""probe.epochs=100"",""probe.early_stopping.enabled=false"",""probe.early_stopping.patience=5"",""probe.optuna.enabled=false"",""probe.output_dir=artifacts/probes/intphys2"",""probe.output_subdir=seed_runs_intphys2_ltx13b_linear_mlp/intphys2__ltx_video__mlp__slot_38/seed_102"",""probe.eval_output_dir=artifacts/results/intphys2"",""probe.eval_output_subdir=seed_runs_intphys2_ltx13b_linear_mlp/intphys2__ltx_video__mlp__slot_38/seed_102"",""probe.wandb.group=seed_runs_intphys2_ltx13b_linear_mlp_intphys2__ltx_video__mlp__slot_38"",""probe.wandb.name=intphys2__ltx_video__mlp__slot_38__seed_102"",""probe.mlp.hidden_dims=[512,256]"",""probe.mlp.dropout=0.26148945343324076""]",results/verified_layerwise_probe_configs.csv,317,319,d20d1426cded0df2,VERIFIED_FULL,"{""batch_size"":32,""depth_layer_id"":24,""dropout"":0.26148945343324076,""early_stopping"":{""enabled"":true,""patience"":5},""epochs"":100,""feature_view"":""pooled"",""hidden_dims"":[512,256],""layer"":38,""lr"":1.1948996969395558e-05,""slot"":38,""weight_decay"":1.6936178609266271e-06}",output/training/intphys2/mlp/intphys2_ltx_mlp_layers_22604093.out
intphys2__ltx_video__mlp__slot_39__seed_101,intphys2__ltx_video__mlp__slot_39,train_eval.probe.intphys2,IntPhys2,intphys2,ltx,LTX-Video,LTX-13B,MLP,mlp,101,42,ltx_video,ltxv_13b_0_9_8_distilled,39,39,noise_0.1_block_36,pooled,0.0001329291894316216,0.005061576888752304,32,1024,2000,false,5,[256],0.21597250932105788,,,,,cpu,artifacts/probes/intphys2,seed_runs_intphys2_ltx13b_linear_mlp/intphys2__ltx_video__mlp__slot_39/seed_101,artifacts/results/intphys2,seed_runs_intphys2_ltx13b_linear_mlp/intphys2__ltx_video__mlp__slot_39/seed_101,seed_runs_intphys2_ltx13b_linear_mlp_intphys2__ltx_video__mlp__slot_39,intphys2__ltx_video__mlp__slot_39__seed_101,pending,,"[""seed=101"",""split.seed=42"",""backbone.name=ltx_video"",""+backbone.kwargs.variant=ltxv_13b_0_9_8_distilled"",""probe.name=mlp"",""probe.layer=39"",""probe.layers=[]"",""probe.feature_view=pooled"",""probe.device=cpu"",""probe.lr=0.0001329291894316216"",""probe.weight_decay=0.005061576888752304"",""probe.batch_size=32"",""probe.eval_batch_size=1024"",""probe.epochs=2000"",""probe.early_stopping.enabled=false"",""probe.early_stopping.patience=5"",""probe.optuna.enabled=false"",""probe.output_dir=artifacts/probes/intphys2"",""probe.output_subdir=seed_runs_intphys2_ltx13b_linear_mlp/intphys2__ltx_video__mlp__slot_39/seed_101"",""probe.eval_output_dir=artifacts/results/intphys2"",""probe.eval_output_subdir=seed_runs_intphys2_ltx13b_linear_mlp/intphys2__ltx_video__mlp__slot_39/seed_101"",""probe.wandb.group=seed_runs_intphys2_ltx13b_linear_mlp_intphys2__ltx_video__mlp__slot_39"",""probe.wandb.name=intphys2__ltx_video__mlp__slot_39__seed_101"",""probe.mlp.hidden_dims=[256]"",""probe.mlp.dropout=0.21597250932105788""]",results/verified_layerwise_probe_configs.csv,318,320,0e46bce57b78352a,VERIFIED_FULL,"{""batch_size"":32,""depth_layer_id"":36,""dropout"":0.21597250932105788,""early_stopping"":{""enabled"":true,""patience"":5},""epochs"":2000,""feature_view"":""pooled"",""hidden_dims"":[256],""layer"":39,""lr"":0.0001329291894316216,""slot"":39,""weight_decay"":0.005061576888752304}",output/training/intphys2/mlp/intphys2_ltx_mlp_layers_22604093.out
intphys2__ltx_video__mlp__slot_39__seed_102,intphys2__ltx_video__mlp__slot_39,train_eval.probe.intphys2,IntPhys2,intphys2,ltx,LTX-Video,LTX-13B,MLP,mlp,102,42,ltx_video,ltxv_13b_0_9_8_distilled,39,39,noise_0.1_block_36,pooled,0.0001329291894316216,0.005061576888752304,32,1024,2000,false,5,[256],0.21597250932105788,,,,,cpu,artifacts/probes/intphys2,seed_runs_intphys2_ltx13b_linear_mlp/intphys2__ltx_video__mlp__slot_39/seed_102,artifacts/results/intphys2,seed_runs_intphys2_ltx13b_linear_mlp/intphys2__ltx_video__mlp__slot_39/seed_102,seed_runs_intphys2_ltx13b_linear_mlp_intphys2__ltx_video__mlp__slot_39,intphys2__ltx_video__mlp__slot_39__seed_102,pending,,"[""seed=102"",""split.seed=42"",""backbone.name=ltx_video"",""+backbone.kwargs.variant=ltxv_13b_0_9_8_distilled"",""probe.name=mlp"",""probe.layer=39"",""probe.layers=[]"",""probe.feature_view=pooled"",""probe.device=cpu"",""probe.lr=0.0001329291894316216"",""probe.weight_decay=0.005061576888752304"",""probe.batch_size=32"",""probe.eval_batch_size=1024"",""probe.epochs=2000"",""probe.early_stopping.enabled=false"",""probe.early_stopping.patience=5"",""probe.optuna.enabled=false"",""probe.output_dir=artifacts/probes/intphys2"",""probe.output_subdir=seed_runs_intphys2_ltx13b_linear_mlp/intphys2__ltx_video__mlp__slot_39/seed_102"",""probe.eval_output_dir=artifacts/results/intphys2"",""probe.eval_output_subdir=seed_runs_intphys2_ltx13b_linear_mlp/intphys2__ltx_video__mlp__slot_39/seed_102"",""probe.wandb.group=seed_runs_intphys2_ltx13b_linear_mlp_intphys2__ltx_video__mlp__slot_39"",""probe.wandb.name=intphys2__ltx_video__mlp__slot_39__seed_102"",""probe.mlp.hidden_dims=[256]"",""probe.mlp.dropout=0.21597250932105788""]",results/verified_layerwise_probe_configs.csv,318,320,0e46bce57b78352a,VERIFIED_FULL,"{""batch_size"":32,""depth_layer_id"":36,""dropout"":0.21597250932105788,""early_stopping"":{""enabled"":true,""patience"":5},""epochs"":2000,""feature_view"":""pooled"",""hidden_dims"":[256],""layer"":39,""lr"":0.0001329291894316216,""slot"":39,""weight_decay"":0.005061576888752304}",output/training/intphys2/mlp/intphys2_ltx_mlp_layers_22604093.out
intphys2__ltx_video__mlp__slot_40__seed_101,intphys2__ltx_video__mlp__slot_40,train_eval.probe.intphys2,IntPhys2,intphys2,ltx,LTX-Video,LTX-13B,MLP,mlp,101,42,ltx_video,ltxv_13b_0_9_8_distilled,40,40,noise_0.1_block_48,pooled,0.002868473629593556,0.0018256744393096663,64,1024,50,false,5,"[512,256]",0.4348867135267744,,,,,cpu,artifacts/probes/intphys2,seed_runs_intphys2_ltx13b_linear_mlp/intphys2__ltx_video__mlp__slot_40/seed_101,artifacts/results/intphys2,seed_runs_intphys2_ltx13b_linear_mlp/intphys2__ltx_video__mlp__slot_40/seed_101,seed_runs_intphys2_ltx13b_linear_mlp_intphys2__ltx_video__mlp__slot_40,intphys2__ltx_video__mlp__slot_40__seed_101,pending,,"[""seed=101"",""split.seed=42"",""backbone.name=ltx_video"",""+backbone.kwargs.variant=ltxv_13b_0_9_8_distilled"",""probe.name=mlp"",""probe.layer=40"",""probe.layers=[]"",""probe.feature_view=pooled"",""probe.device=cpu"",""probe.lr=0.002868473629593556"",""probe.weight_decay=0.0018256744393096663"",""probe.batch_size=64"",""probe.eval_batch_size=1024"",""probe.epochs=50"",""probe.early_stopping.enabled=false"",""probe.early_stopping.patience=5"",""probe.optuna.enabled=false"",""probe.output_dir=artifacts/probes/intphys2"",""probe.output_subdir=seed_runs_intphys2_ltx13b_linear_mlp/intphys2__ltx_video__mlp__slot_40/seed_101"",""probe.eval_output_dir=artifacts/results/intphys2"",""probe.eval_output_subdir=seed_runs_intphys2_ltx13b_linear_mlp/intphys2__ltx_video__mlp__slot_40/seed_101"",""probe.wandb.group=seed_runs_intphys2_ltx13b_linear_mlp_intphys2__ltx_video__mlp__slot_40"",""probe.wandb.name=intphys2__ltx_video__mlp__slot_40__seed_101"",""probe.mlp.hidden_dims=[512,256]"",""probe.mlp.dropout=0.4348867135267744""]",results/verified_layerwise_probe_configs.csv,319,321,df14f8b93639f21b,VERIFIED_FULL,"{""batch_size"":64,""depth_layer_id"":48,""dropout"":0.4348867135267744,""early_stopping"":{""enabled"":true,""patience"":5},""epochs"":50,""feature_view"":""pooled"",""hidden_dims"":[512,256],""layer"":40,""lr"":0.002868473629593556,""slot"":40,""weight_decay"":0.0018256744393096663}",output/training/intphys2/mlp/intphys2_ltx_mlp_layers_22604093.out
intphys2__ltx_video__mlp__slot_40__seed_102,intphys2__ltx_video__mlp__slot_40,train_eval.probe.intphys2,IntPhys2,intphys2,ltx,LTX-Video,LTX-13B,MLP,mlp,102,42,ltx_video,ltxv_13b_0_9_8_distilled,40,40,noise_0.1_block_48,pooled,0.002868473629593556,0.0018256744393096663,64,1024,50,false,5,"[512,256]",0.4348867135267744,,,,,cpu,artifacts/probes/intphys2,seed_runs_intphys2_ltx13b_linear_mlp/intphys2__ltx_video__mlp__slot_40/seed_102,artifacts/results/intphys2,seed_runs_intphys2_ltx13b_linear_mlp/intphys2__ltx_video__mlp__slot_40/seed_102,seed_runs_intphys2_ltx13b_linear_mlp_intphys2__ltx_video__mlp__slot_40,intphys2__ltx_video__mlp__slot_40__seed_102,pending,,"[""seed=102"",""split.seed=42"",""backbone.name=ltx_video"",""+backbone.kwargs.variant=ltxv_13b_0_9_8_distilled"",""probe.name=mlp"",""probe.layer=40"",""probe.layers=[]"",""probe.feature_view=pooled"",""probe.device=cpu"",""probe.lr=0.002868473629593556"",""probe.weight_decay=0.0018256744393096663"",""probe.batch_size=64"",""probe.eval_batch_size=1024"",""probe.epochs=50"",""probe.early_stopping.enabled=false"",""probe.early_stopping.patience=5"",""probe.optuna.enabled=false"",""probe.output_dir=artifacts/probes/intphys2"",""probe.output_subdir=seed_runs_intphys2_ltx13b_linear_mlp/intphys2__ltx_video__mlp__slot_40/seed_102"",""probe.eval_output_dir=artifacts/results/intphys2"",""probe.eval_output_subdir=seed_runs_intphys2_ltx13b_linear_mlp/intphys2__ltx_video__mlp__slot_40/seed_102"",""probe.wandb.group=seed_runs_intphys2_ltx13b_linear_mlp_intphys2__ltx_video__mlp__slot_40"",""probe.wandb.name=intphys2__ltx_video__mlp__slot_40__seed_102"",""probe.mlp.hidden_dims=[512,256]"",""probe.mlp.dropout=0.4348867135267744""]",results/verified_layerwise_probe_configs.csv,319,321,df14f8b93639f21b,VERIFIED_FULL,"{""batch_size"":64,""depth_layer_id"":48,""dropout"":0.4348867135267744,""early_stopping"":{""enabled"":true,""patience"":5},""epochs"":50,""feature_view"":""pooled"",""hidden_dims"":[512,256],""layer"":40,""lr"":0.002868473629593556,""slot"":40,""weight_decay"":0.0018256744393096663}",output/training/intphys2/mlp/intphys2_ltx_mlp_layers_22604093.out
