run_id,config_id,run_command,dataset,dataset_hydra,experiment,model,backbone,probe,probe_hydra,seed,original_seed,backbone_name,backbone_variant,layer,selected_slot,layer_label,feature_view,lr,weight_decay,batch_size,eval_batch_size,epochs,early_stopping_enabled,early_stopping_patience,mlp_hidden_dims,mlp_dropout,temporal_num_heads,temporal_num_self_attn_blocks,temporal_mlp_ratio,temporal_dropout,probe_device,probe_output_dir,probe_output_subdir,eval_output_dir,eval_output_subdir,wandb_group,wandb_name,status,blocked_reason,hydra_overrides_json,source_csv_path,source_csv_row_index,source_csv_line_number,source_row_sha256,source_config_status,source_config_json,source_evidence_path
intphys2__same_l__jepa_v1__vitl16_224__linear__layer_6__seed_101,intphys2__same_l__jepa_v1__vitl16_224__linear__layer_6,train_eval.probe.intphys2,IntPhys2,intphys2,same_L,V-JEPA,ViT-L/16,Linear,linear,101,42,jepa_v1,vitl16_224,6,,6,pooled,0.00095503896961301191,0.00062871813018013588,32,1024,1000,false,5,,,,,,,cpu,artifacts/probes/intphys2,seed_runs_layerwise_same_l_v1/intphys2__same_l__jepa_v1__vitl16_224__linear__layer_6/seed_101,artifacts/results/intphys2,seed_runs_layerwise_same_l_v1/intphys2__same_l__jepa_v1__vitl16_224__linear__layer_6/seed_101,seed_runs_layerwise_same_l_v1_intphys2__same_l__jepa_v1__vitl16_224__linear__layer_6,intphys2__same_l__jepa_v1__vitl16_224__linear__layer_6__seed_101,pending,,"[""seed=101"",""split.seed=42"",""backbone.name=jepa_v1"",""+backbone.kwargs.variant=vitl16_224"",""probe.name=linear"",""probe.layer=6"",""probe.layers=[]"",""probe.feature_view=pooled"",""probe.device=cpu"",""probe.lr=0.00095503896961301191"",""probe.weight_decay=0.00062871813018013588"",""probe.batch_size=32"",""probe.eval_batch_size=1024"",""probe.epochs=1000"",""probe.early_stopping.enabled=false"",""probe.early_stopping.patience=5"",""probe.optuna.enabled=false"",""probe.output_dir=artifacts/probes/intphys2"",""probe.output_subdir=seed_runs_layerwise_same_l_v1/intphys2__same_l__jepa_v1__vitl16_224__linear__layer_6/seed_101"",""probe.eval_output_dir=artifacts/results/intphys2"",""probe.eval_output_subdir=seed_runs_layerwise_same_l_v1/intphys2__same_l__jepa_v1__vitl16_224__linear__layer_6/seed_101"",""probe.wandb.group=seed_runs_layerwise_same_l_v1_intphys2__same_l__jepa_v1__vitl16_224__linear__layer_6"",""probe.wandb.name=intphys2__same_l__jepa_v1__vitl16_224__linear__layer_6__seed_101"",""feature_cache.layer_ids=[6,12,18,24]""]",results/verified_layerwise_probe_configs.csv,0,2,5ceb594fece3d3a5,VERIFIED_FULL,"{""batch_size"":32,""early_stopping"":{""enabled"":false,""patience"":5},""epochs"":1000,""eval_batch_size"":1024,""feature_view"":""pooled"",""layer"":6,""lr"":0.0009550389696130119,""slot"":null,""weight_decay"":0.0006287181301801359}",same_size_ablation/intphys_same_size_ablation/Linear/intphys2_probe_linear_jepa_v1_vitl16_224_20260526T233045Z/layer_6/train/optuna_summary.json
intphys2__same_l__jepa_v1__vitl16_224__linear__layer_6__seed_102,intphys2__same_l__jepa_v1__vitl16_224__linear__layer_6,train_eval.probe.intphys2,IntPhys2,intphys2,same_L,V-JEPA,ViT-L/16,Linear,linear,102,42,jepa_v1,vitl16_224,6,,6,pooled,0.00095503896961301191,0.00062871813018013588,32,1024,1000,false,5,,,,,,,cpu,artifacts/probes/intphys2,seed_runs_layerwise_same_l_v1/intphys2__same_l__jepa_v1__vitl16_224__linear__layer_6/seed_102,artifacts/results/intphys2,seed_runs_layerwise_same_l_v1/intphys2__same_l__jepa_v1__vitl16_224__linear__layer_6/seed_102,seed_runs_layerwise_same_l_v1_intphys2__same_l__jepa_v1__vitl16_224__linear__layer_6,intphys2__same_l__jepa_v1__vitl16_224__linear__layer_6__seed_102,pending,,"[""seed=102"",""split.seed=42"",""backbone.name=jepa_v1"",""+backbone.kwargs.variant=vitl16_224"",""probe.name=linear"",""probe.layer=6"",""probe.layers=[]"",""probe.feature_view=pooled"",""probe.device=cpu"",""probe.lr=0.00095503896961301191"",""probe.weight_decay=0.00062871813018013588"",""probe.batch_size=32"",""probe.eval_batch_size=1024"",""probe.epochs=1000"",""probe.early_stopping.enabled=false"",""probe.early_stopping.patience=5"",""probe.optuna.enabled=false"",""probe.output_dir=artifacts/probes/intphys2"",""probe.output_subdir=seed_runs_layerwise_same_l_v1/intphys2__same_l__jepa_v1__vitl16_224__linear__layer_6/seed_102"",""probe.eval_output_dir=artifacts/results/intphys2"",""probe.eval_output_subdir=seed_runs_layerwise_same_l_v1/intphys2__same_l__jepa_v1__vitl16_224__linear__layer_6/seed_102"",""probe.wandb.group=seed_runs_layerwise_same_l_v1_intphys2__same_l__jepa_v1__vitl16_224__linear__layer_6"",""probe.wandb.name=intphys2__same_l__jepa_v1__vitl16_224__linear__layer_6__seed_102"",""feature_cache.layer_ids=[6,12,18,24]""]",results/verified_layerwise_probe_configs.csv,0,2,5ceb594fece3d3a5,VERIFIED_FULL,"{""batch_size"":32,""early_stopping"":{""enabled"":false,""patience"":5},""epochs"":1000,""eval_batch_size"":1024,""feature_view"":""pooled"",""layer"":6,""lr"":0.0009550389696130119,""slot"":null,""weight_decay"":0.0006287181301801359}",same_size_ablation/intphys_same_size_ablation/Linear/intphys2_probe_linear_jepa_v1_vitl16_224_20260526T233045Z/layer_6/train/optuna_summary.json
intphys2__same_l__jepa_v1__vitl16_224__linear__layer_12__seed_101,intphys2__same_l__jepa_v1__vitl16_224__linear__layer_12,train_eval.probe.intphys2,IntPhys2,intphys2,same_L,V-JEPA,ViT-L/16,Linear,linear,101,42,jepa_v1,vitl16_224,12,,12,pooled,0.00013292918943162159,0.0050615768887523043,32,1024,2000,false,5,,,,,,,cpu,artifacts/probes/intphys2,seed_runs_layerwise_same_l_v1/intphys2__same_l__jepa_v1__vitl16_224__linear__layer_12/seed_101,artifacts/results/intphys2,seed_runs_layerwise_same_l_v1/intphys2__same_l__jepa_v1__vitl16_224__linear__layer_12/seed_101,seed_runs_layerwise_same_l_v1_intphys2__same_l__jepa_v1__vitl16_224__linear__layer_12,intphys2__same_l__jepa_v1__vitl16_224__linear__layer_12__seed_101,pending,,"[""seed=101"",""split.seed=42"",""backbone.name=jepa_v1"",""+backbone.kwargs.variant=vitl16_224"",""probe.name=linear"",""probe.layer=12"",""probe.layers=[]"",""probe.feature_view=pooled"",""probe.device=cpu"",""probe.lr=0.00013292918943162159"",""probe.weight_decay=0.0050615768887523043"",""probe.batch_size=32"",""probe.eval_batch_size=1024"",""probe.epochs=2000"",""probe.early_stopping.enabled=false"",""probe.early_stopping.patience=5"",""probe.optuna.enabled=false"",""probe.output_dir=artifacts/probes/intphys2"",""probe.output_subdir=seed_runs_layerwise_same_l_v1/intphys2__same_l__jepa_v1__vitl16_224__linear__layer_12/seed_101"",""probe.eval_output_dir=artifacts/results/intphys2"",""probe.eval_output_subdir=seed_runs_layerwise_same_l_v1/intphys2__same_l__jepa_v1__vitl16_224__linear__layer_12/seed_101"",""probe.wandb.group=seed_runs_layerwise_same_l_v1_intphys2__same_l__jepa_v1__vitl16_224__linear__layer_12"",""probe.wandb.name=intphys2__same_l__jepa_v1__vitl16_224__linear__layer_12__seed_101"",""feature_cache.layer_ids=[6,12,18,24]""]",results/verified_layerwise_probe_configs.csv,1,3,4ad619c8078738d9,VERIFIED_FULL,"{""batch_size"":32,""early_stopping"":{""enabled"":false,""patience"":5},""epochs"":2000,""eval_batch_size"":1024,""feature_view"":""pooled"",""layer"":12,""lr"":0.0001329291894316216,""slot"":null,""weight_decay"":0.005061576888752304}",same_size_ablation/intphys_same_size_ablation/Linear/intphys2_probe_linear_jepa_v1_vitl16_224_20260526T233045Z/layer_12/train/optuna_summary.json
intphys2__same_l__jepa_v1__vitl16_224__linear__layer_12__seed_102,intphys2__same_l__jepa_v1__vitl16_224__linear__layer_12,train_eval.probe.intphys2,IntPhys2,intphys2,same_L,V-JEPA,ViT-L/16,Linear,linear,102,42,jepa_v1,vitl16_224,12,,12,pooled,0.00013292918943162159,0.0050615768887523043,32,1024,2000,false,5,,,,,,,cpu,artifacts/probes/intphys2,seed_runs_layerwise_same_l_v1/intphys2__same_l__jepa_v1__vitl16_224__linear__layer_12/seed_102,artifacts/results/intphys2,seed_runs_layerwise_same_l_v1/intphys2__same_l__jepa_v1__vitl16_224__linear__layer_12/seed_102,seed_runs_layerwise_same_l_v1_intphys2__same_l__jepa_v1__vitl16_224__linear__layer_12,intphys2__same_l__jepa_v1__vitl16_224__linear__layer_12__seed_102,pending,,"[""seed=102"",""split.seed=42"",""backbone.name=jepa_v1"",""+backbone.kwargs.variant=vitl16_224"",""probe.name=linear"",""probe.layer=12"",""probe.layers=[]"",""probe.feature_view=pooled"",""probe.device=cpu"",""probe.lr=0.00013292918943162159"",""probe.weight_decay=0.0050615768887523043"",""probe.batch_size=32"",""probe.eval_batch_size=1024"",""probe.epochs=2000"",""probe.early_stopping.enabled=false"",""probe.early_stopping.patience=5"",""probe.optuna.enabled=false"",""probe.output_dir=artifacts/probes/intphys2"",""probe.output_subdir=seed_runs_layerwise_same_l_v1/intphys2__same_l__jepa_v1__vitl16_224__linear__layer_12/seed_102"",""probe.eval_output_dir=artifacts/results/intphys2"",""probe.eval_output_subdir=seed_runs_layerwise_same_l_v1/intphys2__same_l__jepa_v1__vitl16_224__linear__layer_12/seed_102"",""probe.wandb.group=seed_runs_layerwise_same_l_v1_intphys2__same_l__jepa_v1__vitl16_224__linear__layer_12"",""probe.wandb.name=intphys2__same_l__jepa_v1__vitl16_224__linear__layer_12__seed_102"",""feature_cache.layer_ids=[6,12,18,24]""]",results/verified_layerwise_probe_configs.csv,1,3,4ad619c8078738d9,VERIFIED_FULL,"{""batch_size"":32,""early_stopping"":{""enabled"":false,""patience"":5},""epochs"":2000,""eval_batch_size"":1024,""feature_view"":""pooled"",""layer"":12,""lr"":0.0001329291894316216,""slot"":null,""weight_decay"":0.005061576888752304}",same_size_ablation/intphys_same_size_ablation/Linear/intphys2_probe_linear_jepa_v1_vitl16_224_20260526T233045Z/layer_12/train/optuna_summary.json
intphys2__same_l__jepa_v1__vitl16_224__linear__layer_18__seed_101,intphys2__same_l__jepa_v1__vitl16_224__linear__layer_18,train_eval.probe.intphys2,IntPhys2,intphys2,same_L,V-JEPA,ViT-L/16,Linear,linear,101,42,jepa_v1,vitl16_224,18,,18,pooled,0.0067556378946509107,2.5285011481292255e-05,256,1024,20,false,5,,,,,,,cpu,artifacts/probes/intphys2,seed_runs_layerwise_same_l_v1/intphys2__same_l__jepa_v1__vitl16_224__linear__layer_18/seed_101,artifacts/results/intphys2,seed_runs_layerwise_same_l_v1/intphys2__same_l__jepa_v1__vitl16_224__linear__layer_18/seed_101,seed_runs_layerwise_same_l_v1_intphys2__same_l__jepa_v1__vitl16_224__linear__layer_18,intphys2__same_l__jepa_v1__vitl16_224__linear__layer_18__seed_101,pending,,"[""seed=101"",""split.seed=42"",""backbone.name=jepa_v1"",""+backbone.kwargs.variant=vitl16_224"",""probe.name=linear"",""probe.layer=18"",""probe.layers=[]"",""probe.feature_view=pooled"",""probe.device=cpu"",""probe.lr=0.0067556378946509107"",""probe.weight_decay=2.5285011481292255e-05"",""probe.batch_size=256"",""probe.eval_batch_size=1024"",""probe.epochs=20"",""probe.early_stopping.enabled=false"",""probe.early_stopping.patience=5"",""probe.optuna.enabled=false"",""probe.output_dir=artifacts/probes/intphys2"",""probe.output_subdir=seed_runs_layerwise_same_l_v1/intphys2__same_l__jepa_v1__vitl16_224__linear__layer_18/seed_101"",""probe.eval_output_dir=artifacts/results/intphys2"",""probe.eval_output_subdir=seed_runs_layerwise_same_l_v1/intphys2__same_l__jepa_v1__vitl16_224__linear__layer_18/seed_101"",""probe.wandb.group=seed_runs_layerwise_same_l_v1_intphys2__same_l__jepa_v1__vitl16_224__linear__layer_18"",""probe.wandb.name=intphys2__same_l__jepa_v1__vitl16_224__linear__layer_18__seed_101"",""feature_cache.layer_ids=[6,12,18,24]""]",results/verified_layerwise_probe_configs.csv,2,4,c5e54b652c566a0c,VERIFIED_FULL,"{""batch_size"":256,""early_stopping"":{""enabled"":false,""patience"":5},""epochs"":20,""eval_batch_size"":1024,""feature_view"":""pooled"",""layer"":18,""lr"":0.006755637894650911,""slot"":null,""weight_decay"":2.5285011481292255e-05}",same_size_ablation/intphys_same_size_ablation/Linear/intphys2_probe_linear_jepa_v1_vitl16_224_20260526T233045Z/layer_18/train/optuna_summary.json
intphys2__same_l__jepa_v1__vitl16_224__linear__layer_18__seed_102,intphys2__same_l__jepa_v1__vitl16_224__linear__layer_18,train_eval.probe.intphys2,IntPhys2,intphys2,same_L,V-JEPA,ViT-L/16,Linear,linear,102,42,jepa_v1,vitl16_224,18,,18,pooled,0.0067556378946509107,2.5285011481292255e-05,256,1024,20,false,5,,,,,,,cpu,artifacts/probes/intphys2,seed_runs_layerwise_same_l_v1/intphys2__same_l__jepa_v1__vitl16_224__linear__layer_18/seed_102,artifacts/results/intphys2,seed_runs_layerwise_same_l_v1/intphys2__same_l__jepa_v1__vitl16_224__linear__layer_18/seed_102,seed_runs_layerwise_same_l_v1_intphys2__same_l__jepa_v1__vitl16_224__linear__layer_18,intphys2__same_l__jepa_v1__vitl16_224__linear__layer_18__seed_102,pending,,"[""seed=102"",""split.seed=42"",""backbone.name=jepa_v1"",""+backbone.kwargs.variant=vitl16_224"",""probe.name=linear"",""probe.layer=18"",""probe.layers=[]"",""probe.feature_view=pooled"",""probe.device=cpu"",""probe.lr=0.0067556378946509107"",""probe.weight_decay=2.5285011481292255e-05"",""probe.batch_size=256"",""probe.eval_batch_size=1024"",""probe.epochs=20"",""probe.early_stopping.enabled=false"",""probe.early_stopping.patience=5"",""probe.optuna.enabled=false"",""probe.output_dir=artifacts/probes/intphys2"",""probe.output_subdir=seed_runs_layerwise_same_l_v1/intphys2__same_l__jepa_v1__vitl16_224__linear__layer_18/seed_102"",""probe.eval_output_dir=artifacts/results/intphys2"",""probe.eval_output_subdir=seed_runs_layerwise_same_l_v1/intphys2__same_l__jepa_v1__vitl16_224__linear__layer_18/seed_102"",""probe.wandb.group=seed_runs_layerwise_same_l_v1_intphys2__same_l__jepa_v1__vitl16_224__linear__layer_18"",""probe.wandb.name=intphys2__same_l__jepa_v1__vitl16_224__linear__layer_18__seed_102"",""feature_cache.layer_ids=[6,12,18,24]""]",results/verified_layerwise_probe_configs.csv,2,4,c5e54b652c566a0c,VERIFIED_FULL,"{""batch_size"":256,""early_stopping"":{""enabled"":false,""patience"":5},""epochs"":20,""eval_batch_size"":1024,""feature_view"":""pooled"",""layer"":18,""lr"":0.006755637894650911,""slot"":null,""weight_decay"":2.5285011481292255e-05}",same_size_ablation/intphys_same_size_ablation/Linear/intphys2_probe_linear_jepa_v1_vitl16_224_20260526T233045Z/layer_18/train/optuna_summary.json
intphys2__same_l__jepa_v1__vitl16_224__linear__layer_24__seed_101,intphys2__same_l__jepa_v1__vitl16_224__linear__layer_24,train_eval.probe.intphys2,IntPhys2,intphys2,same_L,V-JEPA,ViT-L/16,Linear,linear,101,42,jepa_v1,vitl16_224,24,,24,pooled,0.00014656553886225324,4.2471166626171418e-07,32,1024,500,false,5,,,,,,,cpu,artifacts/probes/intphys2,seed_runs_layerwise_same_l_v1/intphys2__same_l__jepa_v1__vitl16_224__linear__layer_24/seed_101,artifacts/results/intphys2,seed_runs_layerwise_same_l_v1/intphys2__same_l__jepa_v1__vitl16_224__linear__layer_24/seed_101,seed_runs_layerwise_same_l_v1_intphys2__same_l__jepa_v1__vitl16_224__linear__layer_24,intphys2__same_l__jepa_v1__vitl16_224__linear__layer_24__seed_101,pending,,"[""seed=101"",""split.seed=42"",""backbone.name=jepa_v1"",""+backbone.kwargs.variant=vitl16_224"",""probe.name=linear"",""probe.layer=24"",""probe.layers=[]"",""probe.feature_view=pooled"",""probe.device=cpu"",""probe.lr=0.00014656553886225324"",""probe.weight_decay=4.2471166626171418e-07"",""probe.batch_size=32"",""probe.eval_batch_size=1024"",""probe.epochs=500"",""probe.early_stopping.enabled=false"",""probe.early_stopping.patience=5"",""probe.optuna.enabled=false"",""probe.output_dir=artifacts/probes/intphys2"",""probe.output_subdir=seed_runs_layerwise_same_l_v1/intphys2__same_l__jepa_v1__vitl16_224__linear__layer_24/seed_101"",""probe.eval_output_dir=artifacts/results/intphys2"",""probe.eval_output_subdir=seed_runs_layerwise_same_l_v1/intphys2__same_l__jepa_v1__vitl16_224__linear__layer_24/seed_101"",""probe.wandb.group=seed_runs_layerwise_same_l_v1_intphys2__same_l__jepa_v1__vitl16_224__linear__layer_24"",""probe.wandb.name=intphys2__same_l__jepa_v1__vitl16_224__linear__layer_24__seed_101"",""feature_cache.layer_ids=[6,12,18,24]""]",results/verified_layerwise_probe_configs.csv,3,5,27a4c9aea8595720,VERIFIED_FULL,"{""batch_size"":32,""early_stopping"":{""enabled"":false,""patience"":5},""epochs"":500,""eval_batch_size"":1024,""feature_view"":""pooled"",""layer"":24,""lr"":0.00014656553886225324,""slot"":null,""weight_decay"":4.247116662617142e-07}",same_size_ablation/intphys_same_size_ablation/Linear/intphys2_probe_linear_jepa_v1_vitl16_224_20260526T233045Z/layer_24/train/optuna_summary.json
intphys2__same_l__jepa_v1__vitl16_224__linear__layer_24__seed_102,intphys2__same_l__jepa_v1__vitl16_224__linear__layer_24,train_eval.probe.intphys2,IntPhys2,intphys2,same_L,V-JEPA,ViT-L/16,Linear,linear,102,42,jepa_v1,vitl16_224,24,,24,pooled,0.00014656553886225324,4.2471166626171418e-07,32,1024,500,false,5,,,,,,,cpu,artifacts/probes/intphys2,seed_runs_layerwise_same_l_v1/intphys2__same_l__jepa_v1__vitl16_224__linear__layer_24/seed_102,artifacts/results/intphys2,seed_runs_layerwise_same_l_v1/intphys2__same_l__jepa_v1__vitl16_224__linear__layer_24/seed_102,seed_runs_layerwise_same_l_v1_intphys2__same_l__jepa_v1__vitl16_224__linear__layer_24,intphys2__same_l__jepa_v1__vitl16_224__linear__layer_24__seed_102,pending,,"[""seed=102"",""split.seed=42"",""backbone.name=jepa_v1"",""+backbone.kwargs.variant=vitl16_224"",""probe.name=linear"",""probe.layer=24"",""probe.layers=[]"",""probe.feature_view=pooled"",""probe.device=cpu"",""probe.lr=0.00014656553886225324"",""probe.weight_decay=4.2471166626171418e-07"",""probe.batch_size=32"",""probe.eval_batch_size=1024"",""probe.epochs=500"",""probe.early_stopping.enabled=false"",""probe.early_stopping.patience=5"",""probe.optuna.enabled=false"",""probe.output_dir=artifacts/probes/intphys2"",""probe.output_subdir=seed_runs_layerwise_same_l_v1/intphys2__same_l__jepa_v1__vitl16_224__linear__layer_24/seed_102"",""probe.eval_output_dir=artifacts/results/intphys2"",""probe.eval_output_subdir=seed_runs_layerwise_same_l_v1/intphys2__same_l__jepa_v1__vitl16_224__linear__layer_24/seed_102"",""probe.wandb.group=seed_runs_layerwise_same_l_v1_intphys2__same_l__jepa_v1__vitl16_224__linear__layer_24"",""probe.wandb.name=intphys2__same_l__jepa_v1__vitl16_224__linear__layer_24__seed_102"",""feature_cache.layer_ids=[6,12,18,24]""]",results/verified_layerwise_probe_configs.csv,3,5,27a4c9aea8595720,VERIFIED_FULL,"{""batch_size"":32,""early_stopping"":{""enabled"":false,""patience"":5},""epochs"":500,""eval_batch_size"":1024,""feature_view"":""pooled"",""layer"":24,""lr"":0.00014656553886225324,""slot"":null,""weight_decay"":4.247116662617142e-07}",same_size_ablation/intphys_same_size_ablation/Linear/intphys2_probe_linear_jepa_v1_vitl16_224_20260526T233045Z/layer_24/train/optuna_summary.json
intphys2__same_l__jepa_v1__vitl16_224__mlp__layer_6__seed_101,intphys2__same_l__jepa_v1__vitl16_224__mlp__layer_6,train_eval.probe.intphys2,IntPhys2,intphys2,same_L,V-JEPA,ViT-L/16,MLP,mlp,101,42,jepa_v1,vitl16_224,6,,6,pooled,9.1120841289386755e-05,6.8676918070164952e-05,64,1024,50,false,5,[512],0.28847458694483891,,,,,cpu,artifacts/probes/intphys2,seed_runs_layerwise_same_l_v1/intphys2__same_l__jepa_v1__vitl16_224__mlp__layer_6/seed_101,artifacts/results/intphys2,seed_runs_layerwise_same_l_v1/intphys2__same_l__jepa_v1__vitl16_224__mlp__layer_6/seed_101,seed_runs_layerwise_same_l_v1_intphys2__same_l__jepa_v1__vitl16_224__mlp__layer_6,intphys2__same_l__jepa_v1__vitl16_224__mlp__layer_6__seed_101,pending,,"[""seed=101"",""split.seed=42"",""backbone.name=jepa_v1"",""+backbone.kwargs.variant=vitl16_224"",""probe.name=mlp"",""probe.layer=6"",""probe.layers=[]"",""probe.feature_view=pooled"",""probe.device=cpu"",""probe.lr=9.1120841289386755e-05"",""probe.weight_decay=6.8676918070164952e-05"",""probe.batch_size=64"",""probe.eval_batch_size=1024"",""probe.epochs=50"",""probe.early_stopping.enabled=false"",""probe.early_stopping.patience=5"",""probe.optuna.enabled=false"",""probe.output_dir=artifacts/probes/intphys2"",""probe.output_subdir=seed_runs_layerwise_same_l_v1/intphys2__same_l__jepa_v1__vitl16_224__mlp__layer_6/seed_101"",""probe.eval_output_dir=artifacts/results/intphys2"",""probe.eval_output_subdir=seed_runs_layerwise_same_l_v1/intphys2__same_l__jepa_v1__vitl16_224__mlp__layer_6/seed_101"",""probe.wandb.group=seed_runs_layerwise_same_l_v1_intphys2__same_l__jepa_v1__vitl16_224__mlp__layer_6"",""probe.wandb.name=intphys2__same_l__jepa_v1__vitl16_224__mlp__layer_6__seed_101"",""probe.mlp.hidden_dims=[512]"",""probe.mlp.dropout=0.28847458694483891"",""feature_cache.layer_ids=[6,12,18,24]""]",results/verified_layerwise_probe_configs.csv,4,6,0dcc303b5e0b64cc,VERIFIED_FULL,"{""batch_size"":64,""dropout"":0.2884745869448389,""early_stopping"":{""enabled"":false,""patience"":5},""epochs"":50,""eval_batch_size"":1024,""feature_view"":""pooled"",""hidden_dims"":[512],""layer"":6,""lr"":9.112084128938676e-05,""slot"":null,""weight_decay"":6.867691807016495e-05}",same_size_ablation/intphys_same_size_ablation/MLP/intphys2_probe_mlp_jepa_v1_vitl16_224_20260527T001136Z/layer_6/train/optuna_summary.json
intphys2__same_l__jepa_v1__vitl16_224__mlp__layer_6__seed_102,intphys2__same_l__jepa_v1__vitl16_224__mlp__layer_6,train_eval.probe.intphys2,IntPhys2,intphys2,same_L,V-JEPA,ViT-L/16,MLP,mlp,102,42,jepa_v1,vitl16_224,6,,6,pooled,9.1120841289386755e-05,6.8676918070164952e-05,64,1024,50,false,5,[512],0.28847458694483891,,,,,cpu,artifacts/probes/intphys2,seed_runs_layerwise_same_l_v1/intphys2__same_l__jepa_v1__vitl16_224__mlp__layer_6/seed_102,artifacts/results/intphys2,seed_runs_layerwise_same_l_v1/intphys2__same_l__jepa_v1__vitl16_224__mlp__layer_6/seed_102,seed_runs_layerwise_same_l_v1_intphys2__same_l__jepa_v1__vitl16_224__mlp__layer_6,intphys2__same_l__jepa_v1__vitl16_224__mlp__layer_6__seed_102,pending,,"[""seed=102"",""split.seed=42"",""backbone.name=jepa_v1"",""+backbone.kwargs.variant=vitl16_224"",""probe.name=mlp"",""probe.layer=6"",""probe.layers=[]"",""probe.feature_view=pooled"",""probe.device=cpu"",""probe.lr=9.1120841289386755e-05"",""probe.weight_decay=6.8676918070164952e-05"",""probe.batch_size=64"",""probe.eval_batch_size=1024"",""probe.epochs=50"",""probe.early_stopping.enabled=false"",""probe.early_stopping.patience=5"",""probe.optuna.enabled=false"",""probe.output_dir=artifacts/probes/intphys2"",""probe.output_subdir=seed_runs_layerwise_same_l_v1/intphys2__same_l__jepa_v1__vitl16_224__mlp__layer_6/seed_102"",""probe.eval_output_dir=artifacts/results/intphys2"",""probe.eval_output_subdir=seed_runs_layerwise_same_l_v1/intphys2__same_l__jepa_v1__vitl16_224__mlp__layer_6/seed_102"",""probe.wandb.group=seed_runs_layerwise_same_l_v1_intphys2__same_l__jepa_v1__vitl16_224__mlp__layer_6"",""probe.wandb.name=intphys2__same_l__jepa_v1__vitl16_224__mlp__layer_6__seed_102"",""probe.mlp.hidden_dims=[512]"",""probe.mlp.dropout=0.28847458694483891"",""feature_cache.layer_ids=[6,12,18,24]""]",results/verified_layerwise_probe_configs.csv,4,6,0dcc303b5e0b64cc,VERIFIED_FULL,"{""batch_size"":64,""dropout"":0.2884745869448389,""early_stopping"":{""enabled"":false,""patience"":5},""epochs"":50,""eval_batch_size"":1024,""feature_view"":""pooled"",""hidden_dims"":[512],""layer"":6,""lr"":9.112084128938676e-05,""slot"":null,""weight_decay"":6.867691807016495e-05}",same_size_ablation/intphys_same_size_ablation/MLP/intphys2_probe_mlp_jepa_v1_vitl16_224_20260527T001136Z/layer_6/train/optuna_summary.json
intphys2__same_l__jepa_v1__vitl16_224__mlp__layer_12__seed_101,intphys2__same_l__jepa_v1__vitl16_224__mlp__layer_12,train_eval.probe.intphys2,IntPhys2,intphys2,same_L,V-JEPA,ViT-L/16,MLP,mlp,101,42,jepa_v1,vitl16_224,12,,12,pooled,0.00013292918943162159,0.0050615768887523043,32,1024,2000,false,5,[256],0.21597250932105788,,,,,cpu,artifacts/probes/intphys2,seed_runs_layerwise_same_l_v1/intphys2__same_l__jepa_v1__vitl16_224__mlp__layer_12/seed_101,artifacts/results/intphys2,seed_runs_layerwise_same_l_v1/intphys2__same_l__jepa_v1__vitl16_224__mlp__layer_12/seed_101,seed_runs_layerwise_same_l_v1_intphys2__same_l__jepa_v1__vitl16_224__mlp__layer_12,intphys2__same_l__jepa_v1__vitl16_224__mlp__layer_12__seed_101,pending,,"[""seed=101"",""split.seed=42"",""backbone.name=jepa_v1"",""+backbone.kwargs.variant=vitl16_224"",""probe.name=mlp"",""probe.layer=12"",""probe.layers=[]"",""probe.feature_view=pooled"",""probe.device=cpu"",""probe.lr=0.00013292918943162159"",""probe.weight_decay=0.0050615768887523043"",""probe.batch_size=32"",""probe.eval_batch_size=1024"",""probe.epochs=2000"",""probe.early_stopping.enabled=false"",""probe.early_stopping.patience=5"",""probe.optuna.enabled=false"",""probe.output_dir=artifacts/probes/intphys2"",""probe.output_subdir=seed_runs_layerwise_same_l_v1/intphys2__same_l__jepa_v1__vitl16_224__mlp__layer_12/seed_101"",""probe.eval_output_dir=artifacts/results/intphys2"",""probe.eval_output_subdir=seed_runs_layerwise_same_l_v1/intphys2__same_l__jepa_v1__vitl16_224__mlp__layer_12/seed_101"",""probe.wandb.group=seed_runs_layerwise_same_l_v1_intphys2__same_l__jepa_v1__vitl16_224__mlp__layer_12"",""probe.wandb.name=intphys2__same_l__jepa_v1__vitl16_224__mlp__layer_12__seed_101"",""probe.mlp.hidden_dims=[256]"",""probe.mlp.dropout=0.21597250932105788"",""feature_cache.layer_ids=[6,12,18,24]""]",results/verified_layerwise_probe_configs.csv,5,7,64c6c385dc734bcc,VERIFIED_FULL,"{""batch_size"":32,""dropout"":0.21597250932105788,""early_stopping"":{""enabled"":false,""patience"":5},""epochs"":2000,""eval_batch_size"":1024,""feature_view"":""pooled"",""hidden_dims"":[256],""layer"":12,""lr"":0.0001329291894316216,""slot"":null,""weight_decay"":0.005061576888752304}",same_size_ablation/intphys_same_size_ablation/MLP/intphys2_probe_mlp_jepa_v1_vitl16_224_20260527T001136Z/layer_12/train/optuna_summary.json
intphys2__same_l__jepa_v1__vitl16_224__mlp__layer_12__seed_102,intphys2__same_l__jepa_v1__vitl16_224__mlp__layer_12,train_eval.probe.intphys2,IntPhys2,intphys2,same_L,V-JEPA,ViT-L/16,MLP,mlp,102,42,jepa_v1,vitl16_224,12,,12,pooled,0.00013292918943162159,0.0050615768887523043,32,1024,2000,false,5,[256],0.21597250932105788,,,,,cpu,artifacts/probes/intphys2,seed_runs_layerwise_same_l_v1/intphys2__same_l__jepa_v1__vitl16_224__mlp__layer_12/seed_102,artifacts/results/intphys2,seed_runs_layerwise_same_l_v1/intphys2__same_l__jepa_v1__vitl16_224__mlp__layer_12/seed_102,seed_runs_layerwise_same_l_v1_intphys2__same_l__jepa_v1__vitl16_224__mlp__layer_12,intphys2__same_l__jepa_v1__vitl16_224__mlp__layer_12__seed_102,pending,,"[""seed=102"",""split.seed=42"",""backbone.name=jepa_v1"",""+backbone.kwargs.variant=vitl16_224"",""probe.name=mlp"",""probe.layer=12"",""probe.layers=[]"",""probe.feature_view=pooled"",""probe.device=cpu"",""probe.lr=0.00013292918943162159"",""probe.weight_decay=0.0050615768887523043"",""probe.batch_size=32"",""probe.eval_batch_size=1024"",""probe.epochs=2000"",""probe.early_stopping.enabled=false"",""probe.early_stopping.patience=5"",""probe.optuna.enabled=false"",""probe.output_dir=artifacts/probes/intphys2"",""probe.output_subdir=seed_runs_layerwise_same_l_v1/intphys2__same_l__jepa_v1__vitl16_224__mlp__layer_12/seed_102"",""probe.eval_output_dir=artifacts/results/intphys2"",""probe.eval_output_subdir=seed_runs_layerwise_same_l_v1/intphys2__same_l__jepa_v1__vitl16_224__mlp__layer_12/seed_102"",""probe.wandb.group=seed_runs_layerwise_same_l_v1_intphys2__same_l__jepa_v1__vitl16_224__mlp__layer_12"",""probe.wandb.name=intphys2__same_l__jepa_v1__vitl16_224__mlp__layer_12__seed_102"",""probe.mlp.hidden_dims=[256]"",""probe.mlp.dropout=0.21597250932105788"",""feature_cache.layer_ids=[6,12,18,24]""]",results/verified_layerwise_probe_configs.csv,5,7,64c6c385dc734bcc,VERIFIED_FULL,"{""batch_size"":32,""dropout"":0.21597250932105788,""early_stopping"":{""enabled"":false,""patience"":5},""epochs"":2000,""eval_batch_size"":1024,""feature_view"":""pooled"",""hidden_dims"":[256],""layer"":12,""lr"":0.0001329291894316216,""slot"":null,""weight_decay"":0.005061576888752304}",same_size_ablation/intphys_same_size_ablation/MLP/intphys2_probe_mlp_jepa_v1_vitl16_224_20260527T001136Z/layer_12/train/optuna_summary.json
intphys2__same_l__jepa_v1__vitl16_224__mlp__layer_18__seed_101,intphys2__same_l__jepa_v1__vitl16_224__mlp__layer_18,train_eval.probe.intphys2,IntPhys2,intphys2,same_L,V-JEPA,ViT-L/16,MLP,mlp,101,42,jepa_v1,vitl16_224,18,,18,pooled,0.00013292918943162159,0.0050615768887523043,32,1024,2000,false,5,[256],0.21597250932105788,,,,,cpu,artifacts/probes/intphys2,seed_runs_layerwise_same_l_v1/intphys2__same_l__jepa_v1__vitl16_224__mlp__layer_18/seed_101,artifacts/results/intphys2,seed_runs_layerwise_same_l_v1/intphys2__same_l__jepa_v1__vitl16_224__mlp__layer_18/seed_101,seed_runs_layerwise_same_l_v1_intphys2__same_l__jepa_v1__vitl16_224__mlp__layer_18,intphys2__same_l__jepa_v1__vitl16_224__mlp__layer_18__seed_101,pending,,"[""seed=101"",""split.seed=42"",""backbone.name=jepa_v1"",""+backbone.kwargs.variant=vitl16_224"",""probe.name=mlp"",""probe.layer=18"",""probe.layers=[]"",""probe.feature_view=pooled"",""probe.device=cpu"",""probe.lr=0.00013292918943162159"",""probe.weight_decay=0.0050615768887523043"",""probe.batch_size=32"",""probe.eval_batch_size=1024"",""probe.epochs=2000"",""probe.early_stopping.enabled=false"",""probe.early_stopping.patience=5"",""probe.optuna.enabled=false"",""probe.output_dir=artifacts/probes/intphys2"",""probe.output_subdir=seed_runs_layerwise_same_l_v1/intphys2__same_l__jepa_v1__vitl16_224__mlp__layer_18/seed_101"",""probe.eval_output_dir=artifacts/results/intphys2"",""probe.eval_output_subdir=seed_runs_layerwise_same_l_v1/intphys2__same_l__jepa_v1__vitl16_224__mlp__layer_18/seed_101"",""probe.wandb.group=seed_runs_layerwise_same_l_v1_intphys2__same_l__jepa_v1__vitl16_224__mlp__layer_18"",""probe.wandb.name=intphys2__same_l__jepa_v1__vitl16_224__mlp__layer_18__seed_101"",""probe.mlp.hidden_dims=[256]"",""probe.mlp.dropout=0.21597250932105788"",""feature_cache.layer_ids=[6,12,18,24]""]",results/verified_layerwise_probe_configs.csv,6,8,1aee805adf64896d,VERIFIED_FULL,"{""batch_size"":32,""dropout"":0.21597250932105788,""early_stopping"":{""enabled"":false,""patience"":5},""epochs"":2000,""eval_batch_size"":1024,""feature_view"":""pooled"",""hidden_dims"":[256],""layer"":18,""lr"":0.0001329291894316216,""slot"":null,""weight_decay"":0.005061576888752304}",same_size_ablation/intphys_same_size_ablation/MLP/intphys2_probe_mlp_jepa_v1_vitl16_224_20260527T001136Z/layer_18/train/optuna_summary.json
intphys2__same_l__jepa_v1__vitl16_224__mlp__layer_18__seed_102,intphys2__same_l__jepa_v1__vitl16_224__mlp__layer_18,train_eval.probe.intphys2,IntPhys2,intphys2,same_L,V-JEPA,ViT-L/16,MLP,mlp,102,42,jepa_v1,vitl16_224,18,,18,pooled,0.00013292918943162159,0.0050615768887523043,32,1024,2000,false,5,[256],0.21597250932105788,,,,,cpu,artifacts/probes/intphys2,seed_runs_layerwise_same_l_v1/intphys2__same_l__jepa_v1__vitl16_224__mlp__layer_18/seed_102,artifacts/results/intphys2,seed_runs_layerwise_same_l_v1/intphys2__same_l__jepa_v1__vitl16_224__mlp__layer_18/seed_102,seed_runs_layerwise_same_l_v1_intphys2__same_l__jepa_v1__vitl16_224__mlp__layer_18,intphys2__same_l__jepa_v1__vitl16_224__mlp__layer_18__seed_102,pending,,"[""seed=102"",""split.seed=42"",""backbone.name=jepa_v1"",""+backbone.kwargs.variant=vitl16_224"",""probe.name=mlp"",""probe.layer=18"",""probe.layers=[]"",""probe.feature_view=pooled"",""probe.device=cpu"",""probe.lr=0.00013292918943162159"",""probe.weight_decay=0.0050615768887523043"",""probe.batch_size=32"",""probe.eval_batch_size=1024"",""probe.epochs=2000"",""probe.early_stopping.enabled=false"",""probe.early_stopping.patience=5"",""probe.optuna.enabled=false"",""probe.output_dir=artifacts/probes/intphys2"",""probe.output_subdir=seed_runs_layerwise_same_l_v1/intphys2__same_l__jepa_v1__vitl16_224__mlp__layer_18/seed_102"",""probe.eval_output_dir=artifacts/results/intphys2"",""probe.eval_output_subdir=seed_runs_layerwise_same_l_v1/intphys2__same_l__jepa_v1__vitl16_224__mlp__layer_18/seed_102"",""probe.wandb.group=seed_runs_layerwise_same_l_v1_intphys2__same_l__jepa_v1__vitl16_224__mlp__layer_18"",""probe.wandb.name=intphys2__same_l__jepa_v1__vitl16_224__mlp__layer_18__seed_102"",""probe.mlp.hidden_dims=[256]"",""probe.mlp.dropout=0.21597250932105788"",""feature_cache.layer_ids=[6,12,18,24]""]",results/verified_layerwise_probe_configs.csv,6,8,1aee805adf64896d,VERIFIED_FULL,"{""batch_size"":32,""dropout"":0.21597250932105788,""early_stopping"":{""enabled"":false,""patience"":5},""epochs"":2000,""eval_batch_size"":1024,""feature_view"":""pooled"",""hidden_dims"":[256],""layer"":18,""lr"":0.0001329291894316216,""slot"":null,""weight_decay"":0.005061576888752304}",same_size_ablation/intphys_same_size_ablation/MLP/intphys2_probe_mlp_jepa_v1_vitl16_224_20260527T001136Z/layer_18/train/optuna_summary.json
intphys2__same_l__jepa_v1__vitl16_224__mlp__layer_24__seed_101,intphys2__same_l__jepa_v1__vitl16_224__mlp__layer_24,train_eval.probe.intphys2,IntPhys2,intphys2,same_L,V-JEPA,ViT-L/16,MLP,mlp,101,42,jepa_v1,vitl16_224,24,,24,pooled,0.00010300196600986775,0.0045442082254883295,128,1024,20,false,5,"[1024,512,1024]",0.11978094533348621,,,,,cpu,artifacts/probes/intphys2,seed_runs_layerwise_same_l_v1/intphys2__same_l__jepa_v1__vitl16_224__mlp__layer_24/seed_101,artifacts/results/intphys2,seed_runs_layerwise_same_l_v1/intphys2__same_l__jepa_v1__vitl16_224__mlp__layer_24/seed_101,seed_runs_layerwise_same_l_v1_intphys2__same_l__jepa_v1__vitl16_224__mlp__layer_24,intphys2__same_l__jepa_v1__vitl16_224__mlp__layer_24__seed_101,pending,,"[""seed=101"",""split.seed=42"",""backbone.name=jepa_v1"",""+backbone.kwargs.variant=vitl16_224"",""probe.name=mlp"",""probe.layer=24"",""probe.layers=[]"",""probe.feature_view=pooled"",""probe.device=cpu"",""probe.lr=0.00010300196600986775"",""probe.weight_decay=0.0045442082254883295"",""probe.batch_size=128"",""probe.eval_batch_size=1024"",""probe.epochs=20"",""probe.early_stopping.enabled=false"",""probe.early_stopping.patience=5"",""probe.optuna.enabled=false"",""probe.output_dir=artifacts/probes/intphys2"",""probe.output_subdir=seed_runs_layerwise_same_l_v1/intphys2__same_l__jepa_v1__vitl16_224__mlp__layer_24/seed_101"",""probe.eval_output_dir=artifacts/results/intphys2"",""probe.eval_output_subdir=seed_runs_layerwise_same_l_v1/intphys2__same_l__jepa_v1__vitl16_224__mlp__layer_24/seed_101"",""probe.wandb.group=seed_runs_layerwise_same_l_v1_intphys2__same_l__jepa_v1__vitl16_224__mlp__layer_24"",""probe.wandb.name=intphys2__same_l__jepa_v1__vitl16_224__mlp__layer_24__seed_101"",""probe.mlp.hidden_dims=[1024,512,1024]"",""probe.mlp.dropout=0.11978094533348621"",""feature_cache.layer_ids=[6,12,18,24]""]",results/verified_layerwise_probe_configs.csv,7,9,e4c3c321bb0394e6,VERIFIED_FULL,"{""batch_size"":128,""dropout"":0.11978094533348621,""early_stopping"":{""enabled"":false,""patience"":5},""epochs"":20,""eval_batch_size"":1024,""feature_view"":""pooled"",""hidden_dims"":[1024,512,1024],""layer"":24,""lr"":0.00010300196600986775,""slot"":null,""weight_decay"":0.0045442082254883295}",same_size_ablation/intphys_same_size_ablation/MLP/intphys2_probe_mlp_jepa_v1_vitl16_224_20260527T001136Z/layer_24/train/optuna_summary.json
intphys2__same_l__jepa_v1__vitl16_224__mlp__layer_24__seed_102,intphys2__same_l__jepa_v1__vitl16_224__mlp__layer_24,train_eval.probe.intphys2,IntPhys2,intphys2,same_L,V-JEPA,ViT-L/16,MLP,mlp,102,42,jepa_v1,vitl16_224,24,,24,pooled,0.00010300196600986775,0.0045442082254883295,128,1024,20,false,5,"[1024,512,1024]",0.11978094533348621,,,,,cpu,artifacts/probes/intphys2,seed_runs_layerwise_same_l_v1/intphys2__same_l__jepa_v1__vitl16_224__mlp__layer_24/seed_102,artifacts/results/intphys2,seed_runs_layerwise_same_l_v1/intphys2__same_l__jepa_v1__vitl16_224__mlp__layer_24/seed_102,seed_runs_layerwise_same_l_v1_intphys2__same_l__jepa_v1__vitl16_224__mlp__layer_24,intphys2__same_l__jepa_v1__vitl16_224__mlp__layer_24__seed_102,pending,,"[""seed=102"",""split.seed=42"",""backbone.name=jepa_v1"",""+backbone.kwargs.variant=vitl16_224"",""probe.name=mlp"",""probe.layer=24"",""probe.layers=[]"",""probe.feature_view=pooled"",""probe.device=cpu"",""probe.lr=0.00010300196600986775"",""probe.weight_decay=0.0045442082254883295"",""probe.batch_size=128"",""probe.eval_batch_size=1024"",""probe.epochs=20"",""probe.early_stopping.enabled=false"",""probe.early_stopping.patience=5"",""probe.optuna.enabled=false"",""probe.output_dir=artifacts/probes/intphys2"",""probe.output_subdir=seed_runs_layerwise_same_l_v1/intphys2__same_l__jepa_v1__vitl16_224__mlp__layer_24/seed_102"",""probe.eval_output_dir=artifacts/results/intphys2"",""probe.eval_output_subdir=seed_runs_layerwise_same_l_v1/intphys2__same_l__jepa_v1__vitl16_224__mlp__layer_24/seed_102"",""probe.wandb.group=seed_runs_layerwise_same_l_v1_intphys2__same_l__jepa_v1__vitl16_224__mlp__layer_24"",""probe.wandb.name=intphys2__same_l__jepa_v1__vitl16_224__mlp__layer_24__seed_102"",""probe.mlp.hidden_dims=[1024,512,1024]"",""probe.mlp.dropout=0.11978094533348621"",""feature_cache.layer_ids=[6,12,18,24]""]",results/verified_layerwise_probe_configs.csv,7,9,e4c3c321bb0394e6,VERIFIED_FULL,"{""batch_size"":128,""dropout"":0.11978094533348621,""early_stopping"":{""enabled"":false,""patience"":5},""epochs"":20,""eval_batch_size"":1024,""feature_view"":""pooled"",""hidden_dims"":[1024,512,1024],""layer"":24,""lr"":0.00010300196600986775,""slot"":null,""weight_decay"":0.0045442082254883295}",same_size_ablation/intphys_same_size_ablation/MLP/intphys2_probe_mlp_jepa_v1_vitl16_224_20260527T001136Z/layer_24/train/optuna_summary.json
intphys2__same_l__jepa_v2__vitl_256__linear__layer_6__seed_101,intphys2__same_l__jepa_v2__vitl_256__linear__layer_6,train_eval.probe.intphys2,IntPhys2,intphys2,same_L,V-JEPA 2,ViT-L/16,Linear,linear,101,42,jepa_v2,vitl_256,6,,6,pooled,0.0034752685500732045,9.2285687462999357e-05,32,1024,50,false,5,,,,,,,cpu,artifacts/probes/intphys2,seed_runs_layerwise_same_l_v1/intphys2__same_l__jepa_v2__vitl_256__linear__layer_6/seed_101,artifacts/results/intphys2,seed_runs_layerwise_same_l_v1/intphys2__same_l__jepa_v2__vitl_256__linear__layer_6/seed_101,seed_runs_layerwise_same_l_v1_intphys2__same_l__jepa_v2__vitl_256__linear__layer_6,intphys2__same_l__jepa_v2__vitl_256__linear__layer_6__seed_101,pending,,"[""seed=101"",""split.seed=42"",""backbone.name=jepa_v2"",""+backbone.kwargs.variant=vitl_256"",""probe.name=linear"",""probe.layer=6"",""probe.layers=[]"",""probe.feature_view=pooled"",""probe.device=cpu"",""probe.lr=0.0034752685500732045"",""probe.weight_decay=9.2285687462999357e-05"",""probe.batch_size=32"",""probe.eval_batch_size=1024"",""probe.epochs=50"",""probe.early_stopping.enabled=false"",""probe.early_stopping.patience=5"",""probe.optuna.enabled=false"",""probe.output_dir=artifacts/probes/intphys2"",""probe.output_subdir=seed_runs_layerwise_same_l_v1/intphys2__same_l__jepa_v2__vitl_256__linear__layer_6/seed_101"",""probe.eval_output_dir=artifacts/results/intphys2"",""probe.eval_output_subdir=seed_runs_layerwise_same_l_v1/intphys2__same_l__jepa_v2__vitl_256__linear__layer_6/seed_101"",""probe.wandb.group=seed_runs_layerwise_same_l_v1_intphys2__same_l__jepa_v2__vitl_256__linear__layer_6"",""probe.wandb.name=intphys2__same_l__jepa_v2__vitl_256__linear__layer_6__seed_101"",""feature_cache.layer_ids=[6,12,18,24]""]",results/verified_layerwise_probe_configs.csv,24,26,3ef86ab4528e3592,VERIFIED_FULL,"{""batch_size"":32,""early_stopping"":{""enabled"":false,""patience"":5},""epochs"":50,""eval_batch_size"":1024,""feature_view"":""pooled"",""layer"":6,""lr"":0.0034752685500732045,""slot"":null,""weight_decay"":9.228568746299936e-05}",same_size_ablation/intphys_same_size_ablation/Linear/intphys2_probe_linear_jepa_v2_vitl_256_20260526T233145Z/layer_6/train/optuna_summary.json
intphys2__same_l__jepa_v2__vitl_256__linear__layer_6__seed_102,intphys2__same_l__jepa_v2__vitl_256__linear__layer_6,train_eval.probe.intphys2,IntPhys2,intphys2,same_L,V-JEPA 2,ViT-L/16,Linear,linear,102,42,jepa_v2,vitl_256,6,,6,pooled,0.0034752685500732045,9.2285687462999357e-05,32,1024,50,false,5,,,,,,,cpu,artifacts/probes/intphys2,seed_runs_layerwise_same_l_v1/intphys2__same_l__jepa_v2__vitl_256__linear__layer_6/seed_102,artifacts/results/intphys2,seed_runs_layerwise_same_l_v1/intphys2__same_l__jepa_v2__vitl_256__linear__layer_6/seed_102,seed_runs_layerwise_same_l_v1_intphys2__same_l__jepa_v2__vitl_256__linear__layer_6,intphys2__same_l__jepa_v2__vitl_256__linear__layer_6__seed_102,pending,,"[""seed=102"",""split.seed=42"",""backbone.name=jepa_v2"",""+backbone.kwargs.variant=vitl_256"",""probe.name=linear"",""probe.layer=6"",""probe.layers=[]"",""probe.feature_view=pooled"",""probe.device=cpu"",""probe.lr=0.0034752685500732045"",""probe.weight_decay=9.2285687462999357e-05"",""probe.batch_size=32"",""probe.eval_batch_size=1024"",""probe.epochs=50"",""probe.early_stopping.enabled=false"",""probe.early_stopping.patience=5"",""probe.optuna.enabled=false"",""probe.output_dir=artifacts/probes/intphys2"",""probe.output_subdir=seed_runs_layerwise_same_l_v1/intphys2__same_l__jepa_v2__vitl_256__linear__layer_6/seed_102"",""probe.eval_output_dir=artifacts/results/intphys2"",""probe.eval_output_subdir=seed_runs_layerwise_same_l_v1/intphys2__same_l__jepa_v2__vitl_256__linear__layer_6/seed_102"",""probe.wandb.group=seed_runs_layerwise_same_l_v1_intphys2__same_l__jepa_v2__vitl_256__linear__layer_6"",""probe.wandb.name=intphys2__same_l__jepa_v2__vitl_256__linear__layer_6__seed_102"",""feature_cache.layer_ids=[6,12,18,24]""]",results/verified_layerwise_probe_configs.csv,24,26,3ef86ab4528e3592,VERIFIED_FULL,"{""batch_size"":32,""early_stopping"":{""enabled"":false,""patience"":5},""epochs"":50,""eval_batch_size"":1024,""feature_view"":""pooled"",""layer"":6,""lr"":0.0034752685500732045,""slot"":null,""weight_decay"":9.228568746299936e-05}",same_size_ablation/intphys_same_size_ablation/Linear/intphys2_probe_linear_jepa_v2_vitl_256_20260526T233145Z/layer_6/train/optuna_summary.json
intphys2__same_l__jepa_v2__vitl_256__linear__layer_12__seed_101,intphys2__same_l__jepa_v2__vitl_256__linear__layer_12,train_eval.probe.intphys2,IntPhys2,intphys2,same_L,V-JEPA 2,ViT-L/16,Linear,linear,101,42,jepa_v2,vitl_256,12,,12,pooled,0.0094885122178514011,0.00010487799991759567,64,1024,2000,false,5,,,,,,,cpu,artifacts/probes/intphys2,seed_runs_layerwise_same_l_v1/intphys2__same_l__jepa_v2__vitl_256__linear__layer_12/seed_101,artifacts/results/intphys2,seed_runs_layerwise_same_l_v1/intphys2__same_l__jepa_v2__vitl_256__linear__layer_12/seed_101,seed_runs_layerwise_same_l_v1_intphys2__same_l__jepa_v2__vitl_256__linear__layer_12,intphys2__same_l__jepa_v2__vitl_256__linear__layer_12__seed_101,pending,,"[""seed=101"",""split.seed=42"",""backbone.name=jepa_v2"",""+backbone.kwargs.variant=vitl_256"",""probe.name=linear"",""probe.layer=12"",""probe.layers=[]"",""probe.feature_view=pooled"",""probe.device=cpu"",""probe.lr=0.0094885122178514011"",""probe.weight_decay=0.00010487799991759567"",""probe.batch_size=64"",""probe.eval_batch_size=1024"",""probe.epochs=2000"",""probe.early_stopping.enabled=false"",""probe.early_stopping.patience=5"",""probe.optuna.enabled=false"",""probe.output_dir=artifacts/probes/intphys2"",""probe.output_subdir=seed_runs_layerwise_same_l_v1/intphys2__same_l__jepa_v2__vitl_256__linear__layer_12/seed_101"",""probe.eval_output_dir=artifacts/results/intphys2"",""probe.eval_output_subdir=seed_runs_layerwise_same_l_v1/intphys2__same_l__jepa_v2__vitl_256__linear__layer_12/seed_101"",""probe.wandb.group=seed_runs_layerwise_same_l_v1_intphys2__same_l__jepa_v2__vitl_256__linear__layer_12"",""probe.wandb.name=intphys2__same_l__jepa_v2__vitl_256__linear__layer_12__seed_101"",""feature_cache.layer_ids=[6,12,18,24]""]",results/verified_layerwise_probe_configs.csv,25,27,a8bd3a9f56b64e7c,VERIFIED_FULL,"{""batch_size"":64,""early_stopping"":{""enabled"":false,""patience"":5},""epochs"":2000,""eval_batch_size"":1024,""feature_view"":""pooled"",""layer"":12,""lr"":0.009488512217851401,""slot"":null,""weight_decay"":0.00010487799991759567}",same_size_ablation/intphys_same_size_ablation/Linear/intphys2_probe_linear_jepa_v2_vitl_256_20260526T233145Z/layer_12/train/optuna_summary.json
intphys2__same_l__jepa_v2__vitl_256__linear__layer_12__seed_102,intphys2__same_l__jepa_v2__vitl_256__linear__layer_12,train_eval.probe.intphys2,IntPhys2,intphys2,same_L,V-JEPA 2,ViT-L/16,Linear,linear,102,42,jepa_v2,vitl_256,12,,12,pooled,0.0094885122178514011,0.00010487799991759567,64,1024,2000,false,5,,,,,,,cpu,artifacts/probes/intphys2,seed_runs_layerwise_same_l_v1/intphys2__same_l__jepa_v2__vitl_256__linear__layer_12/seed_102,artifacts/results/intphys2,seed_runs_layerwise_same_l_v1/intphys2__same_l__jepa_v2__vitl_256__linear__layer_12/seed_102,seed_runs_layerwise_same_l_v1_intphys2__same_l__jepa_v2__vitl_256__linear__layer_12,intphys2__same_l__jepa_v2__vitl_256__linear__layer_12__seed_102,pending,,"[""seed=102"",""split.seed=42"",""backbone.name=jepa_v2"",""+backbone.kwargs.variant=vitl_256"",""probe.name=linear"",""probe.layer=12"",""probe.layers=[]"",""probe.feature_view=pooled"",""probe.device=cpu"",""probe.lr=0.0094885122178514011"",""probe.weight_decay=0.00010487799991759567"",""probe.batch_size=64"",""probe.eval_batch_size=1024"",""probe.epochs=2000"",""probe.early_stopping.enabled=false"",""probe.early_stopping.patience=5"",""probe.optuna.enabled=false"",""probe.output_dir=artifacts/probes/intphys2"",""probe.output_subdir=seed_runs_layerwise_same_l_v1/intphys2__same_l__jepa_v2__vitl_256__linear__layer_12/seed_102"",""probe.eval_output_dir=artifacts/results/intphys2"",""probe.eval_output_subdir=seed_runs_layerwise_same_l_v1/intphys2__same_l__jepa_v2__vitl_256__linear__layer_12/seed_102"",""probe.wandb.group=seed_runs_layerwise_same_l_v1_intphys2__same_l__jepa_v2__vitl_256__linear__layer_12"",""probe.wandb.name=intphys2__same_l__jepa_v2__vitl_256__linear__layer_12__seed_102"",""feature_cache.layer_ids=[6,12,18,24]""]",results/verified_layerwise_probe_configs.csv,25,27,a8bd3a9f56b64e7c,VERIFIED_FULL,"{""batch_size"":64,""early_stopping"":{""enabled"":false,""patience"":5},""epochs"":2000,""eval_batch_size"":1024,""feature_view"":""pooled"",""layer"":12,""lr"":0.009488512217851401,""slot"":null,""weight_decay"":0.00010487799991759567}",same_size_ablation/intphys_same_size_ablation/Linear/intphys2_probe_linear_jepa_v2_vitl_256_20260526T233145Z/layer_12/train/optuna_summary.json
intphys2__same_l__jepa_v2__vitl_256__linear__layer_18__seed_101,intphys2__same_l__jepa_v2__vitl_256__linear__layer_18,train_eval.probe.intphys2,IntPhys2,intphys2,same_L,V-JEPA 2,ViT-L/16,Linear,linear,101,42,jepa_v2,vitl_256,18,,18,pooled,0.0078049615110440127,7.2824316925743996e-05,64,1024,2000,false,5,,,,,,,cpu,artifacts/probes/intphys2,seed_runs_layerwise_same_l_v1/intphys2__same_l__jepa_v2__vitl_256__linear__layer_18/seed_101,artifacts/results/intphys2,seed_runs_layerwise_same_l_v1/intphys2__same_l__jepa_v2__vitl_256__linear__layer_18/seed_101,seed_runs_layerwise_same_l_v1_intphys2__same_l__jepa_v2__vitl_256__linear__layer_18,intphys2__same_l__jepa_v2__vitl_256__linear__layer_18__seed_101,pending,,"[""seed=101"",""split.seed=42"",""backbone.name=jepa_v2"",""+backbone.kwargs.variant=vitl_256"",""probe.name=linear"",""probe.layer=18"",""probe.layers=[]"",""probe.feature_view=pooled"",""probe.device=cpu"",""probe.lr=0.0078049615110440127"",""probe.weight_decay=7.2824316925743996e-05"",""probe.batch_size=64"",""probe.eval_batch_size=1024"",""probe.epochs=2000"",""probe.early_stopping.enabled=false"",""probe.early_stopping.patience=5"",""probe.optuna.enabled=false"",""probe.output_dir=artifacts/probes/intphys2"",""probe.output_subdir=seed_runs_layerwise_same_l_v1/intphys2__same_l__jepa_v2__vitl_256__linear__layer_18/seed_101"",""probe.eval_output_dir=artifacts/results/intphys2"",""probe.eval_output_subdir=seed_runs_layerwise_same_l_v1/intphys2__same_l__jepa_v2__vitl_256__linear__layer_18/seed_101"",""probe.wandb.group=seed_runs_layerwise_same_l_v1_intphys2__same_l__jepa_v2__vitl_256__linear__layer_18"",""probe.wandb.name=intphys2__same_l__jepa_v2__vitl_256__linear__layer_18__seed_101"",""feature_cache.layer_ids=[6,12,18,24]""]",results/verified_layerwise_probe_configs.csv,26,28,230a63f86d8d38b5,VERIFIED_FULL,"{""batch_size"":64,""early_stopping"":{""enabled"":false,""patience"":5},""epochs"":2000,""eval_batch_size"":1024,""feature_view"":""pooled"",""layer"":18,""lr"":0.007804961511044013,""slot"":null,""weight_decay"":7.2824316925744e-05}",same_size_ablation/intphys_same_size_ablation/Linear/intphys2_probe_linear_jepa_v2_vitl_256_20260526T233145Z/layer_18/train/optuna_summary.json
intphys2__same_l__jepa_v2__vitl_256__linear__layer_18__seed_102,intphys2__same_l__jepa_v2__vitl_256__linear__layer_18,train_eval.probe.intphys2,IntPhys2,intphys2,same_L,V-JEPA 2,ViT-L/16,Linear,linear,102,42,jepa_v2,vitl_256,18,,18,pooled,0.0078049615110440127,7.2824316925743996e-05,64,1024,2000,false,5,,,,,,,cpu,artifacts/probes/intphys2,seed_runs_layerwise_same_l_v1/intphys2__same_l__jepa_v2__vitl_256__linear__layer_18/seed_102,artifacts/results/intphys2,seed_runs_layerwise_same_l_v1/intphys2__same_l__jepa_v2__vitl_256__linear__layer_18/seed_102,seed_runs_layerwise_same_l_v1_intphys2__same_l__jepa_v2__vitl_256__linear__layer_18,intphys2__same_l__jepa_v2__vitl_256__linear__layer_18__seed_102,pending,,"[""seed=102"",""split.seed=42"",""backbone.name=jepa_v2"",""+backbone.kwargs.variant=vitl_256"",""probe.name=linear"",""probe.layer=18"",""probe.layers=[]"",""probe.feature_view=pooled"",""probe.device=cpu"",""probe.lr=0.0078049615110440127"",""probe.weight_decay=7.2824316925743996e-05"",""probe.batch_size=64"",""probe.eval_batch_size=1024"",""probe.epochs=2000"",""probe.early_stopping.enabled=false"",""probe.early_stopping.patience=5"",""probe.optuna.enabled=false"",""probe.output_dir=artifacts/probes/intphys2"",""probe.output_subdir=seed_runs_layerwise_same_l_v1/intphys2__same_l__jepa_v2__vitl_256__linear__layer_18/seed_102"",""probe.eval_output_dir=artifacts/results/intphys2"",""probe.eval_output_subdir=seed_runs_layerwise_same_l_v1/intphys2__same_l__jepa_v2__vitl_256__linear__layer_18/seed_102"",""probe.wandb.group=seed_runs_layerwise_same_l_v1_intphys2__same_l__jepa_v2__vitl_256__linear__layer_18"",""probe.wandb.name=intphys2__same_l__jepa_v2__vitl_256__linear__layer_18__seed_102"",""feature_cache.layer_ids=[6,12,18,24]""]",results/verified_layerwise_probe_configs.csv,26,28,230a63f86d8d38b5,VERIFIED_FULL,"{""batch_size"":64,""early_stopping"":{""enabled"":false,""patience"":5},""epochs"":2000,""eval_batch_size"":1024,""feature_view"":""pooled"",""layer"":18,""lr"":0.007804961511044013,""slot"":null,""weight_decay"":7.2824316925744e-05}",same_size_ablation/intphys_same_size_ablation/Linear/intphys2_probe_linear_jepa_v2_vitl_256_20260526T233145Z/layer_18/train/optuna_summary.json
intphys2__same_l__jepa_v2__vitl_256__linear__layer_24__seed_101,intphys2__same_l__jepa_v2__vitl_256__linear__layer_24,train_eval.probe.intphys2,IntPhys2,intphys2,same_L,V-JEPA 2,ViT-L/16,Linear,linear,101,42,jepa_v2,vitl_256,24,,24,pooled,0.0093468450152190009,0.00010294317962430987,32,1024,100,false,5,,,,,,,cpu,artifacts/probes/intphys2,seed_runs_layerwise_same_l_v1/intphys2__same_l__jepa_v2__vitl_256__linear__layer_24/seed_101,artifacts/results/intphys2,seed_runs_layerwise_same_l_v1/intphys2__same_l__jepa_v2__vitl_256__linear__layer_24/seed_101,seed_runs_layerwise_same_l_v1_intphys2__same_l__jepa_v2__vitl_256__linear__layer_24,intphys2__same_l__jepa_v2__vitl_256__linear__layer_24__seed_101,pending,,"[""seed=101"",""split.seed=42"",""backbone.name=jepa_v2"",""+backbone.kwargs.variant=vitl_256"",""probe.name=linear"",""probe.layer=24"",""probe.layers=[]"",""probe.feature_view=pooled"",""probe.device=cpu"",""probe.lr=0.0093468450152190009"",""probe.weight_decay=0.00010294317962430987"",""probe.batch_size=32"",""probe.eval_batch_size=1024"",""probe.epochs=100"",""probe.early_stopping.enabled=false"",""probe.early_stopping.patience=5"",""probe.optuna.enabled=false"",""probe.output_dir=artifacts/probes/intphys2"",""probe.output_subdir=seed_runs_layerwise_same_l_v1/intphys2__same_l__jepa_v2__vitl_256__linear__layer_24/seed_101"",""probe.eval_output_dir=artifacts/results/intphys2"",""probe.eval_output_subdir=seed_runs_layerwise_same_l_v1/intphys2__same_l__jepa_v2__vitl_256__linear__layer_24/seed_101"",""probe.wandb.group=seed_runs_layerwise_same_l_v1_intphys2__same_l__jepa_v2__vitl_256__linear__layer_24"",""probe.wandb.name=intphys2__same_l__jepa_v2__vitl_256__linear__layer_24__seed_101"",""feature_cache.layer_ids=[6,12,18,24]""]",results/verified_layerwise_probe_configs.csv,27,29,43a211f389bbb4ca,VERIFIED_FULL,"{""batch_size"":32,""early_stopping"":{""enabled"":false,""patience"":5},""epochs"":100,""eval_batch_size"":1024,""feature_view"":""pooled"",""layer"":24,""lr"":0.009346845015219,""slot"":null,""weight_decay"":0.00010294317962430987}",same_size_ablation/intphys_same_size_ablation/Linear/intphys2_probe_linear_jepa_v2_vitl_256_20260526T233145Z/layer_24/train/optuna_summary.json
intphys2__same_l__jepa_v2__vitl_256__linear__layer_24__seed_102,intphys2__same_l__jepa_v2__vitl_256__linear__layer_24,train_eval.probe.intphys2,IntPhys2,intphys2,same_L,V-JEPA 2,ViT-L/16,Linear,linear,102,42,jepa_v2,vitl_256,24,,24,pooled,0.0093468450152190009,0.00010294317962430987,32,1024,100,false,5,,,,,,,cpu,artifacts/probes/intphys2,seed_runs_layerwise_same_l_v1/intphys2__same_l__jepa_v2__vitl_256__linear__layer_24/seed_102,artifacts/results/intphys2,seed_runs_layerwise_same_l_v1/intphys2__same_l__jepa_v2__vitl_256__linear__layer_24/seed_102,seed_runs_layerwise_same_l_v1_intphys2__same_l__jepa_v2__vitl_256__linear__layer_24,intphys2__same_l__jepa_v2__vitl_256__linear__layer_24__seed_102,pending,,"[""seed=102"",""split.seed=42"",""backbone.name=jepa_v2"",""+backbone.kwargs.variant=vitl_256"",""probe.name=linear"",""probe.layer=24"",""probe.layers=[]"",""probe.feature_view=pooled"",""probe.device=cpu"",""probe.lr=0.0093468450152190009"",""probe.weight_decay=0.00010294317962430987"",""probe.batch_size=32"",""probe.eval_batch_size=1024"",""probe.epochs=100"",""probe.early_stopping.enabled=false"",""probe.early_stopping.patience=5"",""probe.optuna.enabled=false"",""probe.output_dir=artifacts/probes/intphys2"",""probe.output_subdir=seed_runs_layerwise_same_l_v1/intphys2__same_l__jepa_v2__vitl_256__linear__layer_24/seed_102"",""probe.eval_output_dir=artifacts/results/intphys2"",""probe.eval_output_subdir=seed_runs_layerwise_same_l_v1/intphys2__same_l__jepa_v2__vitl_256__linear__layer_24/seed_102"",""probe.wandb.group=seed_runs_layerwise_same_l_v1_intphys2__same_l__jepa_v2__vitl_256__linear__layer_24"",""probe.wandb.name=intphys2__same_l__jepa_v2__vitl_256__linear__layer_24__seed_102"",""feature_cache.layer_ids=[6,12,18,24]""]",results/verified_layerwise_probe_configs.csv,27,29,43a211f389bbb4ca,VERIFIED_FULL,"{""batch_size"":32,""early_stopping"":{""enabled"":false,""patience"":5},""epochs"":100,""eval_batch_size"":1024,""feature_view"":""pooled"",""layer"":24,""lr"":0.009346845015219,""slot"":null,""weight_decay"":0.00010294317962430987}",same_size_ablation/intphys_same_size_ablation/Linear/intphys2_probe_linear_jepa_v2_vitl_256_20260526T233145Z/layer_24/train/optuna_summary.json
intphys2__same_l__jepa_v2__vitl_256__mlp__layer_6__seed_101,intphys2__same_l__jepa_v2__vitl_256__mlp__layer_6,train_eval.probe.intphys2,IntPhys2,intphys2,same_L,V-JEPA 2,ViT-L/16,MLP,mlp,101,42,jepa_v2,vitl_256,6,,6,pooled,0.00019173977363311285,1.3526064575581676e-07,256,1024,50,false,5,"[512,256]",0.0081978710797880605,,,,,cpu,artifacts/probes/intphys2,seed_runs_layerwise_same_l_v1/intphys2__same_l__jepa_v2__vitl_256__mlp__layer_6/seed_101,artifacts/results/intphys2,seed_runs_layerwise_same_l_v1/intphys2__same_l__jepa_v2__vitl_256__mlp__layer_6/seed_101,seed_runs_layerwise_same_l_v1_intphys2__same_l__jepa_v2__vitl_256__mlp__layer_6,intphys2__same_l__jepa_v2__vitl_256__mlp__layer_6__seed_101,pending,,"[""seed=101"",""split.seed=42"",""backbone.name=jepa_v2"",""+backbone.kwargs.variant=vitl_256"",""probe.name=mlp"",""probe.layer=6"",""probe.layers=[]"",""probe.feature_view=pooled"",""probe.device=cpu"",""probe.lr=0.00019173977363311285"",""probe.weight_decay=1.3526064575581676e-07"",""probe.batch_size=256"",""probe.eval_batch_size=1024"",""probe.epochs=50"",""probe.early_stopping.enabled=false"",""probe.early_stopping.patience=5"",""probe.optuna.enabled=false"",""probe.output_dir=artifacts/probes/intphys2"",""probe.output_subdir=seed_runs_layerwise_same_l_v1/intphys2__same_l__jepa_v2__vitl_256__mlp__layer_6/seed_101"",""probe.eval_output_dir=artifacts/results/intphys2"",""probe.eval_output_subdir=seed_runs_layerwise_same_l_v1/intphys2__same_l__jepa_v2__vitl_256__mlp__layer_6/seed_101"",""probe.wandb.group=seed_runs_layerwise_same_l_v1_intphys2__same_l__jepa_v2__vitl_256__mlp__layer_6"",""probe.wandb.name=intphys2__same_l__jepa_v2__vitl_256__mlp__layer_6__seed_101"",""probe.mlp.hidden_dims=[512,256]"",""probe.mlp.dropout=0.0081978710797880605"",""feature_cache.layer_ids=[6,12,18,24]""]",results/verified_layerwise_probe_configs.csv,28,30,70158586358d2c42,VERIFIED_FULL,"{""batch_size"":256,""dropout"":0.00819787107978806,""early_stopping"":{""enabled"":false,""patience"":5},""epochs"":50,""eval_batch_size"":1024,""feature_view"":""pooled"",""hidden_dims"":[512,256],""layer"":6,""lr"":0.00019173977363311285,""slot"":null,""weight_decay"":1.3526064575581676e-07}",same_size_ablation/intphys_same_size_ablation/MLP/intphys2_probe_mlp_jepa_v2_vitl_256_20260527T001207Z/layer_6/train/optuna_summary.json
intphys2__same_l__jepa_v2__vitl_256__mlp__layer_6__seed_102,intphys2__same_l__jepa_v2__vitl_256__mlp__layer_6,train_eval.probe.intphys2,IntPhys2,intphys2,same_L,V-JEPA 2,ViT-L/16,MLP,mlp,102,42,jepa_v2,vitl_256,6,,6,pooled,0.00019173977363311285,1.3526064575581676e-07,256,1024,50,false,5,"[512,256]",0.0081978710797880605,,,,,cpu,artifacts/probes/intphys2,seed_runs_layerwise_same_l_v1/intphys2__same_l__jepa_v2__vitl_256__mlp__layer_6/seed_102,artifacts/results/intphys2,seed_runs_layerwise_same_l_v1/intphys2__same_l__jepa_v2__vitl_256__mlp__layer_6/seed_102,seed_runs_layerwise_same_l_v1_intphys2__same_l__jepa_v2__vitl_256__mlp__layer_6,intphys2__same_l__jepa_v2__vitl_256__mlp__layer_6__seed_102,pending,,"[""seed=102"",""split.seed=42"",""backbone.name=jepa_v2"",""+backbone.kwargs.variant=vitl_256"",""probe.name=mlp"",""probe.layer=6"",""probe.layers=[]"",""probe.feature_view=pooled"",""probe.device=cpu"",""probe.lr=0.00019173977363311285"",""probe.weight_decay=1.3526064575581676e-07"",""probe.batch_size=256"",""probe.eval_batch_size=1024"",""probe.epochs=50"",""probe.early_stopping.enabled=false"",""probe.early_stopping.patience=5"",""probe.optuna.enabled=false"",""probe.output_dir=artifacts/probes/intphys2"",""probe.output_subdir=seed_runs_layerwise_same_l_v1/intphys2__same_l__jepa_v2__vitl_256__mlp__layer_6/seed_102"",""probe.eval_output_dir=artifacts/results/intphys2"",""probe.eval_output_subdir=seed_runs_layerwise_same_l_v1/intphys2__same_l__jepa_v2__vitl_256__mlp__layer_6/seed_102"",""probe.wandb.group=seed_runs_layerwise_same_l_v1_intphys2__same_l__jepa_v2__vitl_256__mlp__layer_6"",""probe.wandb.name=intphys2__same_l__jepa_v2__vitl_256__mlp__layer_6__seed_102"",""probe.mlp.hidden_dims=[512,256]"",""probe.mlp.dropout=0.0081978710797880605"",""feature_cache.layer_ids=[6,12,18,24]""]",results/verified_layerwise_probe_configs.csv,28,30,70158586358d2c42,VERIFIED_FULL,"{""batch_size"":256,""dropout"":0.00819787107978806,""early_stopping"":{""enabled"":false,""patience"":5},""epochs"":50,""eval_batch_size"":1024,""feature_view"":""pooled"",""hidden_dims"":[512,256],""layer"":6,""lr"":0.00019173977363311285,""slot"":null,""weight_decay"":1.3526064575581676e-07}",same_size_ablation/intphys_same_size_ablation/MLP/intphys2_probe_mlp_jepa_v2_vitl_256_20260527T001207Z/layer_6/train/optuna_summary.json
intphys2__same_l__jepa_v2__vitl_256__mlp__layer_12__seed_101,intphys2__same_l__jepa_v2__vitl_256__mlp__layer_12,train_eval.probe.intphys2,IntPhys2,intphys2,same_L,V-JEPA 2,ViT-L/16,MLP,mlp,101,42,jepa_v2,vitl_256,12,,12,pooled,0.00013292918943162159,0.0050615768887523043,32,1024,2000,false,5,[256],0.21597250932105788,,,,,cpu,artifacts/probes/intphys2,seed_runs_layerwise_same_l_v1/intphys2__same_l__jepa_v2__vitl_256__mlp__layer_12/seed_101,artifacts/results/intphys2,seed_runs_layerwise_same_l_v1/intphys2__same_l__jepa_v2__vitl_256__mlp__layer_12/seed_101,seed_runs_layerwise_same_l_v1_intphys2__same_l__jepa_v2__vitl_256__mlp__layer_12,intphys2__same_l__jepa_v2__vitl_256__mlp__layer_12__seed_101,pending,,"[""seed=101"",""split.seed=42"",""backbone.name=jepa_v2"",""+backbone.kwargs.variant=vitl_256"",""probe.name=mlp"",""probe.layer=12"",""probe.layers=[]"",""probe.feature_view=pooled"",""probe.device=cpu"",""probe.lr=0.00013292918943162159"",""probe.weight_decay=0.0050615768887523043"",""probe.batch_size=32"",""probe.eval_batch_size=1024"",""probe.epochs=2000"",""probe.early_stopping.enabled=false"",""probe.early_stopping.patience=5"",""probe.optuna.enabled=false"",""probe.output_dir=artifacts/probes/intphys2"",""probe.output_subdir=seed_runs_layerwise_same_l_v1/intphys2__same_l__jepa_v2__vitl_256__mlp__layer_12/seed_101"",""probe.eval_output_dir=artifacts/results/intphys2"",""probe.eval_output_subdir=seed_runs_layerwise_same_l_v1/intphys2__same_l__jepa_v2__vitl_256__mlp__layer_12/seed_101"",""probe.wandb.group=seed_runs_layerwise_same_l_v1_intphys2__same_l__jepa_v2__vitl_256__mlp__layer_12"",""probe.wandb.name=intphys2__same_l__jepa_v2__vitl_256__mlp__layer_12__seed_101"",""probe.mlp.hidden_dims=[256]"",""probe.mlp.dropout=0.21597250932105788"",""feature_cache.layer_ids=[6,12,18,24]""]",results/verified_layerwise_probe_configs.csv,29,31,9b2ecd2d9ee327e5,VERIFIED_FULL,"{""batch_size"":32,""dropout"":0.21597250932105788,""early_stopping"":{""enabled"":false,""patience"":5},""epochs"":2000,""eval_batch_size"":1024,""feature_view"":""pooled"",""hidden_dims"":[256],""layer"":12,""lr"":0.0001329291894316216,""slot"":null,""weight_decay"":0.005061576888752304}",same_size_ablation/intphys_same_size_ablation/MLP/intphys2_probe_mlp_jepa_v2_vitl_256_20260527T001207Z/layer_12/train/optuna_summary.json
intphys2__same_l__jepa_v2__vitl_256__mlp__layer_12__seed_102,intphys2__same_l__jepa_v2__vitl_256__mlp__layer_12,train_eval.probe.intphys2,IntPhys2,intphys2,same_L,V-JEPA 2,ViT-L/16,MLP,mlp,102,42,jepa_v2,vitl_256,12,,12,pooled,0.00013292918943162159,0.0050615768887523043,32,1024,2000,false,5,[256],0.21597250932105788,,,,,cpu,artifacts/probes/intphys2,seed_runs_layerwise_same_l_v1/intphys2__same_l__jepa_v2__vitl_256__mlp__layer_12/seed_102,artifacts/results/intphys2,seed_runs_layerwise_same_l_v1/intphys2__same_l__jepa_v2__vitl_256__mlp__layer_12/seed_102,seed_runs_layerwise_same_l_v1_intphys2__same_l__jepa_v2__vitl_256__mlp__layer_12,intphys2__same_l__jepa_v2__vitl_256__mlp__layer_12__seed_102,pending,,"[""seed=102"",""split.seed=42"",""backbone.name=jepa_v2"",""+backbone.kwargs.variant=vitl_256"",""probe.name=mlp"",""probe.layer=12"",""probe.layers=[]"",""probe.feature_view=pooled"",""probe.device=cpu"",""probe.lr=0.00013292918943162159"",""probe.weight_decay=0.0050615768887523043"",""probe.batch_size=32"",""probe.eval_batch_size=1024"",""probe.epochs=2000"",""probe.early_stopping.enabled=false"",""probe.early_stopping.patience=5"",""probe.optuna.enabled=false"",""probe.output_dir=artifacts/probes/intphys2"",""probe.output_subdir=seed_runs_layerwise_same_l_v1/intphys2__same_l__jepa_v2__vitl_256__mlp__layer_12/seed_102"",""probe.eval_output_dir=artifacts/results/intphys2"",""probe.eval_output_subdir=seed_runs_layerwise_same_l_v1/intphys2__same_l__jepa_v2__vitl_256__mlp__layer_12/seed_102"",""probe.wandb.group=seed_runs_layerwise_same_l_v1_intphys2__same_l__jepa_v2__vitl_256__mlp__layer_12"",""probe.wandb.name=intphys2__same_l__jepa_v2__vitl_256__mlp__layer_12__seed_102"",""probe.mlp.hidden_dims=[256]"",""probe.mlp.dropout=0.21597250932105788"",""feature_cache.layer_ids=[6,12,18,24]""]",results/verified_layerwise_probe_configs.csv,29,31,9b2ecd2d9ee327e5,VERIFIED_FULL,"{""batch_size"":32,""dropout"":0.21597250932105788,""early_stopping"":{""enabled"":false,""patience"":5},""epochs"":2000,""eval_batch_size"":1024,""feature_view"":""pooled"",""hidden_dims"":[256],""layer"":12,""lr"":0.0001329291894316216,""slot"":null,""weight_decay"":0.005061576888752304}",same_size_ablation/intphys_same_size_ablation/MLP/intphys2_probe_mlp_jepa_v2_vitl_256_20260527T001207Z/layer_12/train/optuna_summary.json
intphys2__same_l__jepa_v2__vitl_256__mlp__layer_18__seed_101,intphys2__same_l__jepa_v2__vitl_256__mlp__layer_18,train_eval.probe.intphys2,IntPhys2,intphys2,same_L,V-JEPA 2,ViT-L/16,MLP,mlp,101,42,jepa_v2,vitl_256,18,,18,pooled,0.00013292918943162159,0.0050615768887523043,32,1024,2000,false,5,[256],0.21597250932105788,,,,,cpu,artifacts/probes/intphys2,seed_runs_layerwise_same_l_v1/intphys2__same_l__jepa_v2__vitl_256__mlp__layer_18/seed_101,artifacts/results/intphys2,seed_runs_layerwise_same_l_v1/intphys2__same_l__jepa_v2__vitl_256__mlp__layer_18/seed_101,seed_runs_layerwise_same_l_v1_intphys2__same_l__jepa_v2__vitl_256__mlp__layer_18,intphys2__same_l__jepa_v2__vitl_256__mlp__layer_18__seed_101,pending,,"[""seed=101"",""split.seed=42"",""backbone.name=jepa_v2"",""+backbone.kwargs.variant=vitl_256"",""probe.name=mlp"",""probe.layer=18"",""probe.layers=[]"",""probe.feature_view=pooled"",""probe.device=cpu"",""probe.lr=0.00013292918943162159"",""probe.weight_decay=0.0050615768887523043"",""probe.batch_size=32"",""probe.eval_batch_size=1024"",""probe.epochs=2000"",""probe.early_stopping.enabled=false"",""probe.early_stopping.patience=5"",""probe.optuna.enabled=false"",""probe.output_dir=artifacts/probes/intphys2"",""probe.output_subdir=seed_runs_layerwise_same_l_v1/intphys2__same_l__jepa_v2__vitl_256__mlp__layer_18/seed_101"",""probe.eval_output_dir=artifacts/results/intphys2"",""probe.eval_output_subdir=seed_runs_layerwise_same_l_v1/intphys2__same_l__jepa_v2__vitl_256__mlp__layer_18/seed_101"",""probe.wandb.group=seed_runs_layerwise_same_l_v1_intphys2__same_l__jepa_v2__vitl_256__mlp__layer_18"",""probe.wandb.name=intphys2__same_l__jepa_v2__vitl_256__mlp__layer_18__seed_101"",""probe.mlp.hidden_dims=[256]"",""probe.mlp.dropout=0.21597250932105788"",""feature_cache.layer_ids=[6,12,18,24]""]",results/verified_layerwise_probe_configs.csv,30,32,36bcecabdb535e52,VERIFIED_FULL,"{""batch_size"":32,""dropout"":0.21597250932105788,""early_stopping"":{""enabled"":false,""patience"":5},""epochs"":2000,""eval_batch_size"":1024,""feature_view"":""pooled"",""hidden_dims"":[256],""layer"":18,""lr"":0.0001329291894316216,""slot"":null,""weight_decay"":0.005061576888752304}",same_size_ablation/intphys_same_size_ablation/MLP/intphys2_probe_mlp_jepa_v2_vitl_256_20260527T001207Z/layer_18/train/optuna_summary.json
intphys2__same_l__jepa_v2__vitl_256__mlp__layer_18__seed_102,intphys2__same_l__jepa_v2__vitl_256__mlp__layer_18,train_eval.probe.intphys2,IntPhys2,intphys2,same_L,V-JEPA 2,ViT-L/16,MLP,mlp,102,42,jepa_v2,vitl_256,18,,18,pooled,0.00013292918943162159,0.0050615768887523043,32,1024,2000,false,5,[256],0.21597250932105788,,,,,cpu,artifacts/probes/intphys2,seed_runs_layerwise_same_l_v1/intphys2__same_l__jepa_v2__vitl_256__mlp__layer_18/seed_102,artifacts/results/intphys2,seed_runs_layerwise_same_l_v1/intphys2__same_l__jepa_v2__vitl_256__mlp__layer_18/seed_102,seed_runs_layerwise_same_l_v1_intphys2__same_l__jepa_v2__vitl_256__mlp__layer_18,intphys2__same_l__jepa_v2__vitl_256__mlp__layer_18__seed_102,pending,,"[""seed=102"",""split.seed=42"",""backbone.name=jepa_v2"",""+backbone.kwargs.variant=vitl_256"",""probe.name=mlp"",""probe.layer=18"",""probe.layers=[]"",""probe.feature_view=pooled"",""probe.device=cpu"",""probe.lr=0.00013292918943162159"",""probe.weight_decay=0.0050615768887523043"",""probe.batch_size=32"",""probe.eval_batch_size=1024"",""probe.epochs=2000"",""probe.early_stopping.enabled=false"",""probe.early_stopping.patience=5"",""probe.optuna.enabled=false"",""probe.output_dir=artifacts/probes/intphys2"",""probe.output_subdir=seed_runs_layerwise_same_l_v1/intphys2__same_l__jepa_v2__vitl_256__mlp__layer_18/seed_102"",""probe.eval_output_dir=artifacts/results/intphys2"",""probe.eval_output_subdir=seed_runs_layerwise_same_l_v1/intphys2__same_l__jepa_v2__vitl_256__mlp__layer_18/seed_102"",""probe.wandb.group=seed_runs_layerwise_same_l_v1_intphys2__same_l__jepa_v2__vitl_256__mlp__layer_18"",""probe.wandb.name=intphys2__same_l__jepa_v2__vitl_256__mlp__layer_18__seed_102"",""probe.mlp.hidden_dims=[256]"",""probe.mlp.dropout=0.21597250932105788"",""feature_cache.layer_ids=[6,12,18,24]""]",results/verified_layerwise_probe_configs.csv,30,32,36bcecabdb535e52,VERIFIED_FULL,"{""batch_size"":32,""dropout"":0.21597250932105788,""early_stopping"":{""enabled"":false,""patience"":5},""epochs"":2000,""eval_batch_size"":1024,""feature_view"":""pooled"",""hidden_dims"":[256],""layer"":18,""lr"":0.0001329291894316216,""slot"":null,""weight_decay"":0.005061576888752304}",same_size_ablation/intphys_same_size_ablation/MLP/intphys2_probe_mlp_jepa_v2_vitl_256_20260527T001207Z/layer_18/train/optuna_summary.json
intphys2__same_l__jepa_v2__vitl_256__mlp__layer_24__seed_101,intphys2__same_l__jepa_v2__vitl_256__mlp__layer_24,train_eval.probe.intphys2,IntPhys2,intphys2,same_L,V-JEPA 2,ViT-L/16,MLP,mlp,101,42,jepa_v2,vitl_256,24,,24,pooled,0.00013292918943162159,0.0050615768887523043,32,1024,2000,false,5,[256],0.21597250932105788,,,,,cpu,artifacts/probes/intphys2,seed_runs_layerwise_same_l_v1/intphys2__same_l__jepa_v2__vitl_256__mlp__layer_24/seed_101,artifacts/results/intphys2,seed_runs_layerwise_same_l_v1/intphys2__same_l__jepa_v2__vitl_256__mlp__layer_24/seed_101,seed_runs_layerwise_same_l_v1_intphys2__same_l__jepa_v2__vitl_256__mlp__layer_24,intphys2__same_l__jepa_v2__vitl_256__mlp__layer_24__seed_101,pending,,"[""seed=101"",""split.seed=42"",""backbone.name=jepa_v2"",""+backbone.kwargs.variant=vitl_256"",""probe.name=mlp"",""probe.layer=24"",""probe.layers=[]"",""probe.feature_view=pooled"",""probe.device=cpu"",""probe.lr=0.00013292918943162159"",""probe.weight_decay=0.0050615768887523043"",""probe.batch_size=32"",""probe.eval_batch_size=1024"",""probe.epochs=2000"",""probe.early_stopping.enabled=false"",""probe.early_stopping.patience=5"",""probe.optuna.enabled=false"",""probe.output_dir=artifacts/probes/intphys2"",""probe.output_subdir=seed_runs_layerwise_same_l_v1/intphys2__same_l__jepa_v2__vitl_256__mlp__layer_24/seed_101"",""probe.eval_output_dir=artifacts/results/intphys2"",""probe.eval_output_subdir=seed_runs_layerwise_same_l_v1/intphys2__same_l__jepa_v2__vitl_256__mlp__layer_24/seed_101"",""probe.wandb.group=seed_runs_layerwise_same_l_v1_intphys2__same_l__jepa_v2__vitl_256__mlp__layer_24"",""probe.wandb.name=intphys2__same_l__jepa_v2__vitl_256__mlp__layer_24__seed_101"",""probe.mlp.hidden_dims=[256]"",""probe.mlp.dropout=0.21597250932105788"",""feature_cache.layer_ids=[6,12,18,24]""]",results/verified_layerwise_probe_configs.csv,31,33,effa7a6559577e29,VERIFIED_FULL,"{""batch_size"":32,""dropout"":0.21597250932105788,""early_stopping"":{""enabled"":false,""patience"":5},""epochs"":2000,""eval_batch_size"":1024,""feature_view"":""pooled"",""hidden_dims"":[256],""layer"":24,""lr"":0.0001329291894316216,""slot"":null,""weight_decay"":0.005061576888752304}",same_size_ablation/intphys_same_size_ablation/MLP/intphys2_probe_mlp_jepa_v2_vitl_256_20260527T001207Z/layer_24/train/optuna_summary.json
intphys2__same_l__jepa_v2__vitl_256__mlp__layer_24__seed_102,intphys2__same_l__jepa_v2__vitl_256__mlp__layer_24,train_eval.probe.intphys2,IntPhys2,intphys2,same_L,V-JEPA 2,ViT-L/16,MLP,mlp,102,42,jepa_v2,vitl_256,24,,24,pooled,0.00013292918943162159,0.0050615768887523043,32,1024,2000,false,5,[256],0.21597250932105788,,,,,cpu,artifacts/probes/intphys2,seed_runs_layerwise_same_l_v1/intphys2__same_l__jepa_v2__vitl_256__mlp__layer_24/seed_102,artifacts/results/intphys2,seed_runs_layerwise_same_l_v1/intphys2__same_l__jepa_v2__vitl_256__mlp__layer_24/seed_102,seed_runs_layerwise_same_l_v1_intphys2__same_l__jepa_v2__vitl_256__mlp__layer_24,intphys2__same_l__jepa_v2__vitl_256__mlp__layer_24__seed_102,pending,,"[""seed=102"",""split.seed=42"",""backbone.name=jepa_v2"",""+backbone.kwargs.variant=vitl_256"",""probe.name=mlp"",""probe.layer=24"",""probe.layers=[]"",""probe.feature_view=pooled"",""probe.device=cpu"",""probe.lr=0.00013292918943162159"",""probe.weight_decay=0.0050615768887523043"",""probe.batch_size=32"",""probe.eval_batch_size=1024"",""probe.epochs=2000"",""probe.early_stopping.enabled=false"",""probe.early_stopping.patience=5"",""probe.optuna.enabled=false"",""probe.output_dir=artifacts/probes/intphys2"",""probe.output_subdir=seed_runs_layerwise_same_l_v1/intphys2__same_l__jepa_v2__vitl_256__mlp__layer_24/seed_102"",""probe.eval_output_dir=artifacts/results/intphys2"",""probe.eval_output_subdir=seed_runs_layerwise_same_l_v1/intphys2__same_l__jepa_v2__vitl_256__mlp__layer_24/seed_102"",""probe.wandb.group=seed_runs_layerwise_same_l_v1_intphys2__same_l__jepa_v2__vitl_256__mlp__layer_24"",""probe.wandb.name=intphys2__same_l__jepa_v2__vitl_256__mlp__layer_24__seed_102"",""probe.mlp.hidden_dims=[256]"",""probe.mlp.dropout=0.21597250932105788"",""feature_cache.layer_ids=[6,12,18,24]""]",results/verified_layerwise_probe_configs.csv,31,33,effa7a6559577e29,VERIFIED_FULL,"{""batch_size"":32,""dropout"":0.21597250932105788,""early_stopping"":{""enabled"":false,""patience"":5},""epochs"":2000,""eval_batch_size"":1024,""feature_view"":""pooled"",""hidden_dims"":[256],""layer"":24,""lr"":0.0001329291894316216,""slot"":null,""weight_decay"":0.005061576888752304}",same_size_ablation/intphys_same_size_ablation/MLP/intphys2_probe_mlp_jepa_v2_vitl_256_20260527T001207Z/layer_24/train/optuna_summary.json
intphys2__same_l__jepa_v2_1__vitl_384__linear__layer_6__seed_101,intphys2__same_l__jepa_v2_1__vitl_384__linear__layer_6,train_eval.probe.intphys2,IntPhys2,intphys2,same_L,V-JEPA 2.1,ViT-L/16,Linear,linear,101,42,jepa_v2_1,vitl_384,6,,6,pooled,0.00043664735929796326,1.2856617791467908e-07,32,1024,50,false,5,,,,,,,cpu,artifacts/probes/intphys2,seed_runs_layerwise_same_l_v1/intphys2__same_l__jepa_v2_1__vitl_384__linear__layer_6/seed_101,artifacts/results/intphys2,seed_runs_layerwise_same_l_v1/intphys2__same_l__jepa_v2_1__vitl_384__linear__layer_6/seed_101,seed_runs_layerwise_same_l_v1_intphys2__same_l__jepa_v2_1__vitl_384__linear__layer_6,intphys2__same_l__jepa_v2_1__vitl_384__linear__layer_6__seed_101,pending,,"[""seed=101"",""split.seed=42"",""backbone.name=jepa_v2_1"",""+backbone.kwargs.variant=vitl_384"",""probe.name=linear"",""probe.layer=6"",""probe.layers=[]"",""probe.feature_view=pooled"",""probe.device=cpu"",""probe.lr=0.00043664735929796326"",""probe.weight_decay=1.2856617791467908e-07"",""probe.batch_size=32"",""probe.eval_batch_size=1024"",""probe.epochs=50"",""probe.early_stopping.enabled=false"",""probe.early_stopping.patience=5"",""probe.optuna.enabled=false"",""probe.output_dir=artifacts/probes/intphys2"",""probe.output_subdir=seed_runs_layerwise_same_l_v1/intphys2__same_l__jepa_v2_1__vitl_384__linear__layer_6/seed_101"",""probe.eval_output_dir=artifacts/results/intphys2"",""probe.eval_output_subdir=seed_runs_layerwise_same_l_v1/intphys2__same_l__jepa_v2_1__vitl_384__linear__layer_6/seed_101"",""probe.wandb.group=seed_runs_layerwise_same_l_v1_intphys2__same_l__jepa_v2_1__vitl_384__linear__layer_6"",""probe.wandb.name=intphys2__same_l__jepa_v2_1__vitl_384__linear__layer_6__seed_101"",""feature_cache.layer_ids=[6,12,18,24]""]",results/verified_layerwise_probe_configs.csv,60,62,5f31ab329b499b27,VERIFIED_FULL,"{""batch_size"":32,""early_stopping"":{""enabled"":false,""patience"":5},""epochs"":50,""eval_batch_size"":1024,""feature_view"":""pooled"",""layer"":6,""lr"":0.00043664735929796326,""slot"":null,""weight_decay"":1.2856617791467908e-07}",same_size_ablation/intphys_same_size_ablation/Linear/intphys2_probe_linear_jepa_v2_1_vitl_384_20260526T233510Z/layer_6/train/optuna_summary.json
intphys2__same_l__jepa_v2_1__vitl_384__linear__layer_6__seed_102,intphys2__same_l__jepa_v2_1__vitl_384__linear__layer_6,train_eval.probe.intphys2,IntPhys2,intphys2,same_L,V-JEPA 2.1,ViT-L/16,Linear,linear,102,42,jepa_v2_1,vitl_384,6,,6,pooled,0.00043664735929796326,1.2856617791467908e-07,32,1024,50,false,5,,,,,,,cpu,artifacts/probes/intphys2,seed_runs_layerwise_same_l_v1/intphys2__same_l__jepa_v2_1__vitl_384__linear__layer_6/seed_102,artifacts/results/intphys2,seed_runs_layerwise_same_l_v1/intphys2__same_l__jepa_v2_1__vitl_384__linear__layer_6/seed_102,seed_runs_layerwise_same_l_v1_intphys2__same_l__jepa_v2_1__vitl_384__linear__layer_6,intphys2__same_l__jepa_v2_1__vitl_384__linear__layer_6__seed_102,pending,,"[""seed=102"",""split.seed=42"",""backbone.name=jepa_v2_1"",""+backbone.kwargs.variant=vitl_384"",""probe.name=linear"",""probe.layer=6"",""probe.layers=[]"",""probe.feature_view=pooled"",""probe.device=cpu"",""probe.lr=0.00043664735929796326"",""probe.weight_decay=1.2856617791467908e-07"",""probe.batch_size=32"",""probe.eval_batch_size=1024"",""probe.epochs=50"",""probe.early_stopping.enabled=false"",""probe.early_stopping.patience=5"",""probe.optuna.enabled=false"",""probe.output_dir=artifacts/probes/intphys2"",""probe.output_subdir=seed_runs_layerwise_same_l_v1/intphys2__same_l__jepa_v2_1__vitl_384__linear__layer_6/seed_102"",""probe.eval_output_dir=artifacts/results/intphys2"",""probe.eval_output_subdir=seed_runs_layerwise_same_l_v1/intphys2__same_l__jepa_v2_1__vitl_384__linear__layer_6/seed_102"",""probe.wandb.group=seed_runs_layerwise_same_l_v1_intphys2__same_l__jepa_v2_1__vitl_384__linear__layer_6"",""probe.wandb.name=intphys2__same_l__jepa_v2_1__vitl_384__linear__layer_6__seed_102"",""feature_cache.layer_ids=[6,12,18,24]""]",results/verified_layerwise_probe_configs.csv,60,62,5f31ab329b499b27,VERIFIED_FULL,"{""batch_size"":32,""early_stopping"":{""enabled"":false,""patience"":5},""epochs"":50,""eval_batch_size"":1024,""feature_view"":""pooled"",""layer"":6,""lr"":0.00043664735929796326,""slot"":null,""weight_decay"":1.2856617791467908e-07}",same_size_ablation/intphys_same_size_ablation/Linear/intphys2_probe_linear_jepa_v2_1_vitl_384_20260526T233510Z/layer_6/train/optuna_summary.json
intphys2__same_l__jepa_v2_1__vitl_384__linear__layer_12__seed_101,intphys2__same_l__jepa_v2_1__vitl_384__linear__layer_12,train_eval.probe.intphys2,IntPhys2,intphys2,same_L,V-JEPA 2.1,ViT-L/16,Linear,linear,101,42,jepa_v2_1,vitl_384,12,,12,pooled,0.0031428808908401098,1.8794668241638429e-07,256,1024,100,false,5,,,,,,,cpu,artifacts/probes/intphys2,seed_runs_layerwise_same_l_v1/intphys2__same_l__jepa_v2_1__vitl_384__linear__layer_12/seed_101,artifacts/results/intphys2,seed_runs_layerwise_same_l_v1/intphys2__same_l__jepa_v2_1__vitl_384__linear__layer_12/seed_101,seed_runs_layerwise_same_l_v1_intphys2__same_l__jepa_v2_1__vitl_384__linear__layer_12,intphys2__same_l__jepa_v2_1__vitl_384__linear__layer_12__seed_101,pending,,"[""seed=101"",""split.seed=42"",""backbone.name=jepa_v2_1"",""+backbone.kwargs.variant=vitl_384"",""probe.name=linear"",""probe.layer=12"",""probe.layers=[]"",""probe.feature_view=pooled"",""probe.device=cpu"",""probe.lr=0.0031428808908401098"",""probe.weight_decay=1.8794668241638429e-07"",""probe.batch_size=256"",""probe.eval_batch_size=1024"",""probe.epochs=100"",""probe.early_stopping.enabled=false"",""probe.early_stopping.patience=5"",""probe.optuna.enabled=false"",""probe.output_dir=artifacts/probes/intphys2"",""probe.output_subdir=seed_runs_layerwise_same_l_v1/intphys2__same_l__jepa_v2_1__vitl_384__linear__layer_12/seed_101"",""probe.eval_output_dir=artifacts/results/intphys2"",""probe.eval_output_subdir=seed_runs_layerwise_same_l_v1/intphys2__same_l__jepa_v2_1__vitl_384__linear__layer_12/seed_101"",""probe.wandb.group=seed_runs_layerwise_same_l_v1_intphys2__same_l__jepa_v2_1__vitl_384__linear__layer_12"",""probe.wandb.name=intphys2__same_l__jepa_v2_1__vitl_384__linear__layer_12__seed_101"",""feature_cache.layer_ids=[6,12,18,24]""]",results/verified_layerwise_probe_configs.csv,61,63,4407971c7a9334c0,VERIFIED_FULL,"{""batch_size"":256,""early_stopping"":{""enabled"":false,""patience"":5},""epochs"":100,""eval_batch_size"":1024,""feature_view"":""pooled"",""layer"":12,""lr"":0.00314288089084011,""slot"":null,""weight_decay"":1.879466824163843e-07}",same_size_ablation/intphys_same_size_ablation/Linear/intphys2_probe_linear_jepa_v2_1_vitl_384_20260526T233510Z/layer_12/train/optuna_summary.json
intphys2__same_l__jepa_v2_1__vitl_384__linear__layer_12__seed_102,intphys2__same_l__jepa_v2_1__vitl_384__linear__layer_12,train_eval.probe.intphys2,IntPhys2,intphys2,same_L,V-JEPA 2.1,ViT-L/16,Linear,linear,102,42,jepa_v2_1,vitl_384,12,,12,pooled,0.0031428808908401098,1.8794668241638429e-07,256,1024,100,false,5,,,,,,,cpu,artifacts/probes/intphys2,seed_runs_layerwise_same_l_v1/intphys2__same_l__jepa_v2_1__vitl_384__linear__layer_12/seed_102,artifacts/results/intphys2,seed_runs_layerwise_same_l_v1/intphys2__same_l__jepa_v2_1__vitl_384__linear__layer_12/seed_102,seed_runs_layerwise_same_l_v1_intphys2__same_l__jepa_v2_1__vitl_384__linear__layer_12,intphys2__same_l__jepa_v2_1__vitl_384__linear__layer_12__seed_102,pending,,"[""seed=102"",""split.seed=42"",""backbone.name=jepa_v2_1"",""+backbone.kwargs.variant=vitl_384"",""probe.name=linear"",""probe.layer=12"",""probe.layers=[]"",""probe.feature_view=pooled"",""probe.device=cpu"",""probe.lr=0.0031428808908401098"",""probe.weight_decay=1.8794668241638429e-07"",""probe.batch_size=256"",""probe.eval_batch_size=1024"",""probe.epochs=100"",""probe.early_stopping.enabled=false"",""probe.early_stopping.patience=5"",""probe.optuna.enabled=false"",""probe.output_dir=artifacts/probes/intphys2"",""probe.output_subdir=seed_runs_layerwise_same_l_v1/intphys2__same_l__jepa_v2_1__vitl_384__linear__layer_12/seed_102"",""probe.eval_output_dir=artifacts/results/intphys2"",""probe.eval_output_subdir=seed_runs_layerwise_same_l_v1/intphys2__same_l__jepa_v2_1__vitl_384__linear__layer_12/seed_102"",""probe.wandb.group=seed_runs_layerwise_same_l_v1_intphys2__same_l__jepa_v2_1__vitl_384__linear__layer_12"",""probe.wandb.name=intphys2__same_l__jepa_v2_1__vitl_384__linear__layer_12__seed_102"",""feature_cache.layer_ids=[6,12,18,24]""]",results/verified_layerwise_probe_configs.csv,61,63,4407971c7a9334c0,VERIFIED_FULL,"{""batch_size"":256,""early_stopping"":{""enabled"":false,""patience"":5},""epochs"":100,""eval_batch_size"":1024,""feature_view"":""pooled"",""layer"":12,""lr"":0.00314288089084011,""slot"":null,""weight_decay"":1.879466824163843e-07}",same_size_ablation/intphys_same_size_ablation/Linear/intphys2_probe_linear_jepa_v2_1_vitl_384_20260526T233510Z/layer_12/train/optuna_summary.json
intphys2__same_l__jepa_v2_1__vitl_384__linear__layer_18__seed_101,intphys2__same_l__jepa_v2_1__vitl_384__linear__layer_18,train_eval.probe.intphys2,IntPhys2,intphys2,same_L,V-JEPA 2.1,ViT-L/16,Linear,linear,101,42,jepa_v2_1,vitl_384,18,,18,pooled,0.0017155689066982573,5.4625058929998161e-06,64,1024,2000,false,5,,,,,,,cpu,artifacts/probes/intphys2,seed_runs_layerwise_same_l_v1/intphys2__same_l__jepa_v2_1__vitl_384__linear__layer_18/seed_101,artifacts/results/intphys2,seed_runs_layerwise_same_l_v1/intphys2__same_l__jepa_v2_1__vitl_384__linear__layer_18/seed_101,seed_runs_layerwise_same_l_v1_intphys2__same_l__jepa_v2_1__vitl_384__linear__layer_18,intphys2__same_l__jepa_v2_1__vitl_384__linear__layer_18__seed_101,pending,,"[""seed=101"",""split.seed=42"",""backbone.name=jepa_v2_1"",""+backbone.kwargs.variant=vitl_384"",""probe.name=linear"",""probe.layer=18"",""probe.layers=[]"",""probe.feature_view=pooled"",""probe.device=cpu"",""probe.lr=0.0017155689066982573"",""probe.weight_decay=5.4625058929998161e-06"",""probe.batch_size=64"",""probe.eval_batch_size=1024"",""probe.epochs=2000"",""probe.early_stopping.enabled=false"",""probe.early_stopping.patience=5"",""probe.optuna.enabled=false"",""probe.output_dir=artifacts/probes/intphys2"",""probe.output_subdir=seed_runs_layerwise_same_l_v1/intphys2__same_l__jepa_v2_1__vitl_384__linear__layer_18/seed_101"",""probe.eval_output_dir=artifacts/results/intphys2"",""probe.eval_output_subdir=seed_runs_layerwise_same_l_v1/intphys2__same_l__jepa_v2_1__vitl_384__linear__layer_18/seed_101"",""probe.wandb.group=seed_runs_layerwise_same_l_v1_intphys2__same_l__jepa_v2_1__vitl_384__linear__layer_18"",""probe.wandb.name=intphys2__same_l__jepa_v2_1__vitl_384__linear__layer_18__seed_101"",""feature_cache.layer_ids=[6,12,18,24]""]",results/verified_layerwise_probe_configs.csv,62,64,364feec097340f51,VERIFIED_FULL,"{""batch_size"":64,""early_stopping"":{""enabled"":false,""patience"":5},""epochs"":2000,""eval_batch_size"":1024,""feature_view"":""pooled"",""layer"":18,""lr"":0.0017155689066982573,""slot"":null,""weight_decay"":5.462505892999816e-06}",same_size_ablation/intphys_same_size_ablation/Linear/intphys2_probe_linear_jepa_v2_1_vitl_384_20260526T233510Z/layer_18/train/optuna_summary.json
intphys2__same_l__jepa_v2_1__vitl_384__linear__layer_18__seed_102,intphys2__same_l__jepa_v2_1__vitl_384__linear__layer_18,train_eval.probe.intphys2,IntPhys2,intphys2,same_L,V-JEPA 2.1,ViT-L/16,Linear,linear,102,42,jepa_v2_1,vitl_384,18,,18,pooled,0.0017155689066982573,5.4625058929998161e-06,64,1024,2000,false,5,,,,,,,cpu,artifacts/probes/intphys2,seed_runs_layerwise_same_l_v1/intphys2__same_l__jepa_v2_1__vitl_384__linear__layer_18/seed_102,artifacts/results/intphys2,seed_runs_layerwise_same_l_v1/intphys2__same_l__jepa_v2_1__vitl_384__linear__layer_18/seed_102,seed_runs_layerwise_same_l_v1_intphys2__same_l__jepa_v2_1__vitl_384__linear__layer_18,intphys2__same_l__jepa_v2_1__vitl_384__linear__layer_18__seed_102,pending,,"[""seed=102"",""split.seed=42"",""backbone.name=jepa_v2_1"",""+backbone.kwargs.variant=vitl_384"",""probe.name=linear"",""probe.layer=18"",""probe.layers=[]"",""probe.feature_view=pooled"",""probe.device=cpu"",""probe.lr=0.0017155689066982573"",""probe.weight_decay=5.4625058929998161e-06"",""probe.batch_size=64"",""probe.eval_batch_size=1024"",""probe.epochs=2000"",""probe.early_stopping.enabled=false"",""probe.early_stopping.patience=5"",""probe.optuna.enabled=false"",""probe.output_dir=artifacts/probes/intphys2"",""probe.output_subdir=seed_runs_layerwise_same_l_v1/intphys2__same_l__jepa_v2_1__vitl_384__linear__layer_18/seed_102"",""probe.eval_output_dir=artifacts/results/intphys2"",""probe.eval_output_subdir=seed_runs_layerwise_same_l_v1/intphys2__same_l__jepa_v2_1__vitl_384__linear__layer_18/seed_102"",""probe.wandb.group=seed_runs_layerwise_same_l_v1_intphys2__same_l__jepa_v2_1__vitl_384__linear__layer_18"",""probe.wandb.name=intphys2__same_l__jepa_v2_1__vitl_384__linear__layer_18__seed_102"",""feature_cache.layer_ids=[6,12,18,24]""]",results/verified_layerwise_probe_configs.csv,62,64,364feec097340f51,VERIFIED_FULL,"{""batch_size"":64,""early_stopping"":{""enabled"":false,""patience"":5},""epochs"":2000,""eval_batch_size"":1024,""feature_view"":""pooled"",""layer"":18,""lr"":0.0017155689066982573,""slot"":null,""weight_decay"":5.462505892999816e-06}",same_size_ablation/intphys_same_size_ablation/Linear/intphys2_probe_linear_jepa_v2_1_vitl_384_20260526T233510Z/layer_18/train/optuna_summary.json
intphys2__same_l__jepa_v2_1__vitl_384__linear__layer_24__seed_101,intphys2__same_l__jepa_v2_1__vitl_384__linear__layer_24,train_eval.probe.intphys2,IntPhys2,intphys2,same_L,V-JEPA 2.1,ViT-L/16,Linear,linear,101,42,jepa_v2_1,vitl_384,24,,24,pooled,0.0084200153824884692,0.009745352936988692,64,1024,500,false,5,,,,,,,cpu,artifacts/probes/intphys2,seed_runs_layerwise_same_l_v1/intphys2__same_l__jepa_v2_1__vitl_384__linear__layer_24/seed_101,artifacts/results/intphys2,seed_runs_layerwise_same_l_v1/intphys2__same_l__jepa_v2_1__vitl_384__linear__layer_24/seed_101,seed_runs_layerwise_same_l_v1_intphys2__same_l__jepa_v2_1__vitl_384__linear__layer_24,intphys2__same_l__jepa_v2_1__vitl_384__linear__layer_24__seed_101,pending,,"[""seed=101"",""split.seed=42"",""backbone.name=jepa_v2_1"",""+backbone.kwargs.variant=vitl_384"",""probe.name=linear"",""probe.layer=24"",""probe.layers=[]"",""probe.feature_view=pooled"",""probe.device=cpu"",""probe.lr=0.0084200153824884692"",""probe.weight_decay=0.009745352936988692"",""probe.batch_size=64"",""probe.eval_batch_size=1024"",""probe.epochs=500"",""probe.early_stopping.enabled=false"",""probe.early_stopping.patience=5"",""probe.optuna.enabled=false"",""probe.output_dir=artifacts/probes/intphys2"",""probe.output_subdir=seed_runs_layerwise_same_l_v1/intphys2__same_l__jepa_v2_1__vitl_384__linear__layer_24/seed_101"",""probe.eval_output_dir=artifacts/results/intphys2"",""probe.eval_output_subdir=seed_runs_layerwise_same_l_v1/intphys2__same_l__jepa_v2_1__vitl_384__linear__layer_24/seed_101"",""probe.wandb.group=seed_runs_layerwise_same_l_v1_intphys2__same_l__jepa_v2_1__vitl_384__linear__layer_24"",""probe.wandb.name=intphys2__same_l__jepa_v2_1__vitl_384__linear__layer_24__seed_101"",""feature_cache.layer_ids=[6,12,18,24]""]",results/verified_layerwise_probe_configs.csv,63,65,a79c4daac1876eb7,VERIFIED_FULL,"{""batch_size"":64,""early_stopping"":{""enabled"":false,""patience"":5},""epochs"":500,""eval_batch_size"":1024,""feature_view"":""pooled"",""layer"":24,""lr"":0.00842001538248847,""slot"":null,""weight_decay"":0.009745352936988692}",same_size_ablation/intphys_same_size_ablation/Linear/intphys2_probe_linear_jepa_v2_1_vitl_384_20260526T233510Z/layer_24/train/optuna_summary.json
intphys2__same_l__jepa_v2_1__vitl_384__linear__layer_24__seed_102,intphys2__same_l__jepa_v2_1__vitl_384__linear__layer_24,train_eval.probe.intphys2,IntPhys2,intphys2,same_L,V-JEPA 2.1,ViT-L/16,Linear,linear,102,42,jepa_v2_1,vitl_384,24,,24,pooled,0.0084200153824884692,0.009745352936988692,64,1024,500,false,5,,,,,,,cpu,artifacts/probes/intphys2,seed_runs_layerwise_same_l_v1/intphys2__same_l__jepa_v2_1__vitl_384__linear__layer_24/seed_102,artifacts/results/intphys2,seed_runs_layerwise_same_l_v1/intphys2__same_l__jepa_v2_1__vitl_384__linear__layer_24/seed_102,seed_runs_layerwise_same_l_v1_intphys2__same_l__jepa_v2_1__vitl_384__linear__layer_24,intphys2__same_l__jepa_v2_1__vitl_384__linear__layer_24__seed_102,pending,,"[""seed=102"",""split.seed=42"",""backbone.name=jepa_v2_1"",""+backbone.kwargs.variant=vitl_384"",""probe.name=linear"",""probe.layer=24"",""probe.layers=[]"",""probe.feature_view=pooled"",""probe.device=cpu"",""probe.lr=0.0084200153824884692"",""probe.weight_decay=0.009745352936988692"",""probe.batch_size=64"",""probe.eval_batch_size=1024"",""probe.epochs=500"",""probe.early_stopping.enabled=false"",""probe.early_stopping.patience=5"",""probe.optuna.enabled=false"",""probe.output_dir=artifacts/probes/intphys2"",""probe.output_subdir=seed_runs_layerwise_same_l_v1/intphys2__same_l__jepa_v2_1__vitl_384__linear__layer_24/seed_102"",""probe.eval_output_dir=artifacts/results/intphys2"",""probe.eval_output_subdir=seed_runs_layerwise_same_l_v1/intphys2__same_l__jepa_v2_1__vitl_384__linear__layer_24/seed_102"",""probe.wandb.group=seed_runs_layerwise_same_l_v1_intphys2__same_l__jepa_v2_1__vitl_384__linear__layer_24"",""probe.wandb.name=intphys2__same_l__jepa_v2_1__vitl_384__linear__layer_24__seed_102"",""feature_cache.layer_ids=[6,12,18,24]""]",results/verified_layerwise_probe_configs.csv,63,65,a79c4daac1876eb7,VERIFIED_FULL,"{""batch_size"":64,""early_stopping"":{""enabled"":false,""patience"":5},""epochs"":500,""eval_batch_size"":1024,""feature_view"":""pooled"",""layer"":24,""lr"":0.00842001538248847,""slot"":null,""weight_decay"":0.009745352936988692}",same_size_ablation/intphys_same_size_ablation/Linear/intphys2_probe_linear_jepa_v2_1_vitl_384_20260526T233510Z/layer_24/train/optuna_summary.json
intphys2__same_l__jepa_v2_1__vitl_384__mlp__layer_6__seed_101,intphys2__same_l__jepa_v2_1__vitl_384__mlp__layer_6,train_eval.probe.intphys2,IntPhys2,intphys2,same_L,V-JEPA 2.1,ViT-L/16,MLP,mlp,101,42,jepa_v2_1,vitl_384,6,,6,pooled,0.00012607446015619982,0.0072109475748453316,32,1024,100,false,5,"[1024,512,256]",0.4741199884881519,,,,,cpu,artifacts/probes/intphys2,seed_runs_layerwise_same_l_v1/intphys2__same_l__jepa_v2_1__vitl_384__mlp__layer_6/seed_101,artifacts/results/intphys2,seed_runs_layerwise_same_l_v1/intphys2__same_l__jepa_v2_1__vitl_384__mlp__layer_6/seed_101,seed_runs_layerwise_same_l_v1_intphys2__same_l__jepa_v2_1__vitl_384__mlp__layer_6,intphys2__same_l__jepa_v2_1__vitl_384__mlp__layer_6__seed_101,pending,,"[""seed=101"",""split.seed=42"",""backbone.name=jepa_v2_1"",""+backbone.kwargs.variant=vitl_384"",""probe.name=mlp"",""probe.layer=6"",""probe.layers=[]"",""probe.feature_view=pooled"",""probe.device=cpu"",""probe.lr=0.00012607446015619982"",""probe.weight_decay=0.0072109475748453316"",""probe.batch_size=32"",""probe.eval_batch_size=1024"",""probe.epochs=100"",""probe.early_stopping.enabled=false"",""probe.early_stopping.patience=5"",""probe.optuna.enabled=false"",""probe.output_dir=artifacts/probes/intphys2"",""probe.output_subdir=seed_runs_layerwise_same_l_v1/intphys2__same_l__jepa_v2_1__vitl_384__mlp__layer_6/seed_101"",""probe.eval_output_dir=artifacts/results/intphys2"",""probe.eval_output_subdir=seed_runs_layerwise_same_l_v1/intphys2__same_l__jepa_v2_1__vitl_384__mlp__layer_6/seed_101"",""probe.wandb.group=seed_runs_layerwise_same_l_v1_intphys2__same_l__jepa_v2_1__vitl_384__mlp__layer_6"",""probe.wandb.name=intphys2__same_l__jepa_v2_1__vitl_384__mlp__layer_6__seed_101"",""probe.mlp.hidden_dims=[1024,512,256]"",""probe.mlp.dropout=0.4741199884881519"",""feature_cache.layer_ids=[6,12,18,24]""]",results/verified_layerwise_probe_configs.csv,64,66,56435986b46c8e94,VERIFIED_FULL,"{""batch_size"":32,""dropout"":0.4741199884881519,""early_stopping"":{""enabled"":false,""patience"":5},""epochs"":100,""eval_batch_size"":1024,""feature_view"":""pooled"",""hidden_dims"":[1024,512,256],""layer"":6,""lr"":0.00012607446015619982,""slot"":null,""weight_decay"":0.007210947574845332}",same_size_ablation/intphys_same_size_ablation/MLP/intphys2_probe_mlp_jepa_v2_1_vitl_384_20260527T000637Z/layer_6/train/optuna_summary.json
intphys2__same_l__jepa_v2_1__vitl_384__mlp__layer_6__seed_102,intphys2__same_l__jepa_v2_1__vitl_384__mlp__layer_6,train_eval.probe.intphys2,IntPhys2,intphys2,same_L,V-JEPA 2.1,ViT-L/16,MLP,mlp,102,42,jepa_v2_1,vitl_384,6,,6,pooled,0.00012607446015619982,0.0072109475748453316,32,1024,100,false,5,"[1024,512,256]",0.4741199884881519,,,,,cpu,artifacts/probes/intphys2,seed_runs_layerwise_same_l_v1/intphys2__same_l__jepa_v2_1__vitl_384__mlp__layer_6/seed_102,artifacts/results/intphys2,seed_runs_layerwise_same_l_v1/intphys2__same_l__jepa_v2_1__vitl_384__mlp__layer_6/seed_102,seed_runs_layerwise_same_l_v1_intphys2__same_l__jepa_v2_1__vitl_384__mlp__layer_6,intphys2__same_l__jepa_v2_1__vitl_384__mlp__layer_6__seed_102,pending,,"[""seed=102"",""split.seed=42"",""backbone.name=jepa_v2_1"",""+backbone.kwargs.variant=vitl_384"",""probe.name=mlp"",""probe.layer=6"",""probe.layers=[]"",""probe.feature_view=pooled"",""probe.device=cpu"",""probe.lr=0.00012607446015619982"",""probe.weight_decay=0.0072109475748453316"",""probe.batch_size=32"",""probe.eval_batch_size=1024"",""probe.epochs=100"",""probe.early_stopping.enabled=false"",""probe.early_stopping.patience=5"",""probe.optuna.enabled=false"",""probe.output_dir=artifacts/probes/intphys2"",""probe.output_subdir=seed_runs_layerwise_same_l_v1/intphys2__same_l__jepa_v2_1__vitl_384__mlp__layer_6/seed_102"",""probe.eval_output_dir=artifacts/results/intphys2"",""probe.eval_output_subdir=seed_runs_layerwise_same_l_v1/intphys2__same_l__jepa_v2_1__vitl_384__mlp__layer_6/seed_102"",""probe.wandb.group=seed_runs_layerwise_same_l_v1_intphys2__same_l__jepa_v2_1__vitl_384__mlp__layer_6"",""probe.wandb.name=intphys2__same_l__jepa_v2_1__vitl_384__mlp__layer_6__seed_102"",""probe.mlp.hidden_dims=[1024,512,256]"",""probe.mlp.dropout=0.4741199884881519"",""feature_cache.layer_ids=[6,12,18,24]""]",results/verified_layerwise_probe_configs.csv,64,66,56435986b46c8e94,VERIFIED_FULL,"{""batch_size"":32,""dropout"":0.4741199884881519,""early_stopping"":{""enabled"":false,""patience"":5},""epochs"":100,""eval_batch_size"":1024,""feature_view"":""pooled"",""hidden_dims"":[1024,512,256],""layer"":6,""lr"":0.00012607446015619982,""slot"":null,""weight_decay"":0.007210947574845332}",same_size_ablation/intphys_same_size_ablation/MLP/intphys2_probe_mlp_jepa_v2_1_vitl_384_20260527T000637Z/layer_6/train/optuna_summary.json
intphys2__same_l__jepa_v2_1__vitl_384__mlp__layer_12__seed_101,intphys2__same_l__jepa_v2_1__vitl_384__mlp__layer_12,train_eval.probe.intphys2,IntPhys2,intphys2,same_L,V-JEPA 2.1,ViT-L/16,MLP,mlp,101,42,jepa_v2_1,vitl_384,12,,12,pooled,0.00013292918943162159,0.0050615768887523043,32,1024,2000,false,5,[256],0.21597250932105788,,,,,cpu,artifacts/probes/intphys2,seed_runs_layerwise_same_l_v1/intphys2__same_l__jepa_v2_1__vitl_384__mlp__layer_12/seed_101,artifacts/results/intphys2,seed_runs_layerwise_same_l_v1/intphys2__same_l__jepa_v2_1__vitl_384__mlp__layer_12/seed_101,seed_runs_layerwise_same_l_v1_intphys2__same_l__jepa_v2_1__vitl_384__mlp__layer_12,intphys2__same_l__jepa_v2_1__vitl_384__mlp__layer_12__seed_101,pending,,"[""seed=101"",""split.seed=42"",""backbone.name=jepa_v2_1"",""+backbone.kwargs.variant=vitl_384"",""probe.name=mlp"",""probe.layer=12"",""probe.layers=[]"",""probe.feature_view=pooled"",""probe.device=cpu"",""probe.lr=0.00013292918943162159"",""probe.weight_decay=0.0050615768887523043"",""probe.batch_size=32"",""probe.eval_batch_size=1024"",""probe.epochs=2000"",""probe.early_stopping.enabled=false"",""probe.early_stopping.patience=5"",""probe.optuna.enabled=false"",""probe.output_dir=artifacts/probes/intphys2"",""probe.output_subdir=seed_runs_layerwise_same_l_v1/intphys2__same_l__jepa_v2_1__vitl_384__mlp__layer_12/seed_101"",""probe.eval_output_dir=artifacts/results/intphys2"",""probe.eval_output_subdir=seed_runs_layerwise_same_l_v1/intphys2__same_l__jepa_v2_1__vitl_384__mlp__layer_12/seed_101"",""probe.wandb.group=seed_runs_layerwise_same_l_v1_intphys2__same_l__jepa_v2_1__vitl_384__mlp__layer_12"",""probe.wandb.name=intphys2__same_l__jepa_v2_1__vitl_384__mlp__layer_12__seed_101"",""probe.mlp.hidden_dims=[256]"",""probe.mlp.dropout=0.21597250932105788"",""feature_cache.layer_ids=[6,12,18,24]""]",results/verified_layerwise_probe_configs.csv,65,67,90842361fc61f0aa,VERIFIED_FULL,"{""batch_size"":32,""dropout"":0.21597250932105788,""early_stopping"":{""enabled"":false,""patience"":5},""epochs"":2000,""eval_batch_size"":1024,""feature_view"":""pooled"",""hidden_dims"":[256],""layer"":12,""lr"":0.0001329291894316216,""slot"":null,""weight_decay"":0.005061576888752304}",same_size_ablation/intphys_same_size_ablation/MLP/intphys2_probe_mlp_jepa_v2_1_vitl_384_20260527T000637Z/layer_12/train/optuna_summary.json
intphys2__same_l__jepa_v2_1__vitl_384__mlp__layer_12__seed_102,intphys2__same_l__jepa_v2_1__vitl_384__mlp__layer_12,train_eval.probe.intphys2,IntPhys2,intphys2,same_L,V-JEPA 2.1,ViT-L/16,MLP,mlp,102,42,jepa_v2_1,vitl_384,12,,12,pooled,0.00013292918943162159,0.0050615768887523043,32,1024,2000,false,5,[256],0.21597250932105788,,,,,cpu,artifacts/probes/intphys2,seed_runs_layerwise_same_l_v1/intphys2__same_l__jepa_v2_1__vitl_384__mlp__layer_12/seed_102,artifacts/results/intphys2,seed_runs_layerwise_same_l_v1/intphys2__same_l__jepa_v2_1__vitl_384__mlp__layer_12/seed_102,seed_runs_layerwise_same_l_v1_intphys2__same_l__jepa_v2_1__vitl_384__mlp__layer_12,intphys2__same_l__jepa_v2_1__vitl_384__mlp__layer_12__seed_102,pending,,"[""seed=102"",""split.seed=42"",""backbone.name=jepa_v2_1"",""+backbone.kwargs.variant=vitl_384"",""probe.name=mlp"",""probe.layer=12"",""probe.layers=[]"",""probe.feature_view=pooled"",""probe.device=cpu"",""probe.lr=0.00013292918943162159"",""probe.weight_decay=0.0050615768887523043"",""probe.batch_size=32"",""probe.eval_batch_size=1024"",""probe.epochs=2000"",""probe.early_stopping.enabled=false"",""probe.early_stopping.patience=5"",""probe.optuna.enabled=false"",""probe.output_dir=artifacts/probes/intphys2"",""probe.output_subdir=seed_runs_layerwise_same_l_v1/intphys2__same_l__jepa_v2_1__vitl_384__mlp__layer_12/seed_102"",""probe.eval_output_dir=artifacts/results/intphys2"",""probe.eval_output_subdir=seed_runs_layerwise_same_l_v1/intphys2__same_l__jepa_v2_1__vitl_384__mlp__layer_12/seed_102"",""probe.wandb.group=seed_runs_layerwise_same_l_v1_intphys2__same_l__jepa_v2_1__vitl_384__mlp__layer_12"",""probe.wandb.name=intphys2__same_l__jepa_v2_1__vitl_384__mlp__layer_12__seed_102"",""probe.mlp.hidden_dims=[256]"",""probe.mlp.dropout=0.21597250932105788"",""feature_cache.layer_ids=[6,12,18,24]""]",results/verified_layerwise_probe_configs.csv,65,67,90842361fc61f0aa,VERIFIED_FULL,"{""batch_size"":32,""dropout"":0.21597250932105788,""early_stopping"":{""enabled"":false,""patience"":5},""epochs"":2000,""eval_batch_size"":1024,""feature_view"":""pooled"",""hidden_dims"":[256],""layer"":12,""lr"":0.0001329291894316216,""slot"":null,""weight_decay"":0.005061576888752304}",same_size_ablation/intphys_same_size_ablation/MLP/intphys2_probe_mlp_jepa_v2_1_vitl_384_20260527T000637Z/layer_12/train/optuna_summary.json
intphys2__same_l__jepa_v2_1__vitl_384__mlp__layer_18__seed_101,intphys2__same_l__jepa_v2_1__vitl_384__mlp__layer_18,train_eval.probe.intphys2,IntPhys2,intphys2,same_L,V-JEPA 2.1,ViT-L/16,MLP,mlp,101,42,jepa_v2_1,vitl_384,18,,18,pooled,0.00013292918943162159,0.0050615768887523043,32,1024,2000,false,5,[256],0.21597250932105788,,,,,cpu,artifacts/probes/intphys2,seed_runs_layerwise_same_l_v1/intphys2__same_l__jepa_v2_1__vitl_384__mlp__layer_18/seed_101,artifacts/results/intphys2,seed_runs_layerwise_same_l_v1/intphys2__same_l__jepa_v2_1__vitl_384__mlp__layer_18/seed_101,seed_runs_layerwise_same_l_v1_intphys2__same_l__jepa_v2_1__vitl_384__mlp__layer_18,intphys2__same_l__jepa_v2_1__vitl_384__mlp__layer_18__seed_101,pending,,"[""seed=101"",""split.seed=42"",""backbone.name=jepa_v2_1"",""+backbone.kwargs.variant=vitl_384"",""probe.name=mlp"",""probe.layer=18"",""probe.layers=[]"",""probe.feature_view=pooled"",""probe.device=cpu"",""probe.lr=0.00013292918943162159"",""probe.weight_decay=0.0050615768887523043"",""probe.batch_size=32"",""probe.eval_batch_size=1024"",""probe.epochs=2000"",""probe.early_stopping.enabled=false"",""probe.early_stopping.patience=5"",""probe.optuna.enabled=false"",""probe.output_dir=artifacts/probes/intphys2"",""probe.output_subdir=seed_runs_layerwise_same_l_v1/intphys2__same_l__jepa_v2_1__vitl_384__mlp__layer_18/seed_101"",""probe.eval_output_dir=artifacts/results/intphys2"",""probe.eval_output_subdir=seed_runs_layerwise_same_l_v1/intphys2__same_l__jepa_v2_1__vitl_384__mlp__layer_18/seed_101"",""probe.wandb.group=seed_runs_layerwise_same_l_v1_intphys2__same_l__jepa_v2_1__vitl_384__mlp__layer_18"",""probe.wandb.name=intphys2__same_l__jepa_v2_1__vitl_384__mlp__layer_18__seed_101"",""probe.mlp.hidden_dims=[256]"",""probe.mlp.dropout=0.21597250932105788"",""feature_cache.layer_ids=[6,12,18,24]""]",results/verified_layerwise_probe_configs.csv,66,68,1ba4c2f645b0a907,VERIFIED_FULL,"{""batch_size"":32,""dropout"":0.21597250932105788,""early_stopping"":{""enabled"":false,""patience"":5},""epochs"":2000,""eval_batch_size"":1024,""feature_view"":""pooled"",""hidden_dims"":[256],""layer"":18,""lr"":0.0001329291894316216,""slot"":null,""weight_decay"":0.005061576888752304}",same_size_ablation/intphys_same_size_ablation/MLP/intphys2_probe_mlp_jepa_v2_1_vitl_384_20260527T000637Z/layer_18/train/optuna_summary.json
intphys2__same_l__jepa_v2_1__vitl_384__mlp__layer_18__seed_102,intphys2__same_l__jepa_v2_1__vitl_384__mlp__layer_18,train_eval.probe.intphys2,IntPhys2,intphys2,same_L,V-JEPA 2.1,ViT-L/16,MLP,mlp,102,42,jepa_v2_1,vitl_384,18,,18,pooled,0.00013292918943162159,0.0050615768887523043,32,1024,2000,false,5,[256],0.21597250932105788,,,,,cpu,artifacts/probes/intphys2,seed_runs_layerwise_same_l_v1/intphys2__same_l__jepa_v2_1__vitl_384__mlp__layer_18/seed_102,artifacts/results/intphys2,seed_runs_layerwise_same_l_v1/intphys2__same_l__jepa_v2_1__vitl_384__mlp__layer_18/seed_102,seed_runs_layerwise_same_l_v1_intphys2__same_l__jepa_v2_1__vitl_384__mlp__layer_18,intphys2__same_l__jepa_v2_1__vitl_384__mlp__layer_18__seed_102,pending,,"[""seed=102"",""split.seed=42"",""backbone.name=jepa_v2_1"",""+backbone.kwargs.variant=vitl_384"",""probe.name=mlp"",""probe.layer=18"",""probe.layers=[]"",""probe.feature_view=pooled"",""probe.device=cpu"",""probe.lr=0.00013292918943162159"",""probe.weight_decay=0.0050615768887523043"",""probe.batch_size=32"",""probe.eval_batch_size=1024"",""probe.epochs=2000"",""probe.early_stopping.enabled=false"",""probe.early_stopping.patience=5"",""probe.optuna.enabled=false"",""probe.output_dir=artifacts/probes/intphys2"",""probe.output_subdir=seed_runs_layerwise_same_l_v1/intphys2__same_l__jepa_v2_1__vitl_384__mlp__layer_18/seed_102"",""probe.eval_output_dir=artifacts/results/intphys2"",""probe.eval_output_subdir=seed_runs_layerwise_same_l_v1/intphys2__same_l__jepa_v2_1__vitl_384__mlp__layer_18/seed_102"",""probe.wandb.group=seed_runs_layerwise_same_l_v1_intphys2__same_l__jepa_v2_1__vitl_384__mlp__layer_18"",""probe.wandb.name=intphys2__same_l__jepa_v2_1__vitl_384__mlp__layer_18__seed_102"",""probe.mlp.hidden_dims=[256]"",""probe.mlp.dropout=0.21597250932105788"",""feature_cache.layer_ids=[6,12,18,24]""]",results/verified_layerwise_probe_configs.csv,66,68,1ba4c2f645b0a907,VERIFIED_FULL,"{""batch_size"":32,""dropout"":0.21597250932105788,""early_stopping"":{""enabled"":false,""patience"":5},""epochs"":2000,""eval_batch_size"":1024,""feature_view"":""pooled"",""hidden_dims"":[256],""layer"":18,""lr"":0.0001329291894316216,""slot"":null,""weight_decay"":0.005061576888752304}",same_size_ablation/intphys_same_size_ablation/MLP/intphys2_probe_mlp_jepa_v2_1_vitl_384_20260527T000637Z/layer_18/train/optuna_summary.json
intphys2__same_l__jepa_v2_1__vitl_384__mlp__layer_24__seed_101,intphys2__same_l__jepa_v2_1__vitl_384__mlp__layer_24,train_eval.probe.intphys2,IntPhys2,intphys2,same_L,V-JEPA 2.1,ViT-L/16,MLP,mlp,101,42,jepa_v2_1,vitl_384,24,,24,pooled,0.00013292918943162159,0.0050615768887523043,32,1024,2000,false,5,[256],0.21597250932105788,,,,,cpu,artifacts/probes/intphys2,seed_runs_layerwise_same_l_v1/intphys2__same_l__jepa_v2_1__vitl_384__mlp__layer_24/seed_101,artifacts/results/intphys2,seed_runs_layerwise_same_l_v1/intphys2__same_l__jepa_v2_1__vitl_384__mlp__layer_24/seed_101,seed_runs_layerwise_same_l_v1_intphys2__same_l__jepa_v2_1__vitl_384__mlp__layer_24,intphys2__same_l__jepa_v2_1__vitl_384__mlp__layer_24__seed_101,pending,,"[""seed=101"",""split.seed=42"",""backbone.name=jepa_v2_1"",""+backbone.kwargs.variant=vitl_384"",""probe.name=mlp"",""probe.layer=24"",""probe.layers=[]"",""probe.feature_view=pooled"",""probe.device=cpu"",""probe.lr=0.00013292918943162159"",""probe.weight_decay=0.0050615768887523043"",""probe.batch_size=32"",""probe.eval_batch_size=1024"",""probe.epochs=2000"",""probe.early_stopping.enabled=false"",""probe.early_stopping.patience=5"",""probe.optuna.enabled=false"",""probe.output_dir=artifacts/probes/intphys2"",""probe.output_subdir=seed_runs_layerwise_same_l_v1/intphys2__same_l__jepa_v2_1__vitl_384__mlp__layer_24/seed_101"",""probe.eval_output_dir=artifacts/results/intphys2"",""probe.eval_output_subdir=seed_runs_layerwise_same_l_v1/intphys2__same_l__jepa_v2_1__vitl_384__mlp__layer_24/seed_101"",""probe.wandb.group=seed_runs_layerwise_same_l_v1_intphys2__same_l__jepa_v2_1__vitl_384__mlp__layer_24"",""probe.wandb.name=intphys2__same_l__jepa_v2_1__vitl_384__mlp__layer_24__seed_101"",""probe.mlp.hidden_dims=[256]"",""probe.mlp.dropout=0.21597250932105788"",""feature_cache.layer_ids=[6,12,18,24]""]",results/verified_layerwise_probe_configs.csv,67,69,bed0827934d4f632,VERIFIED_FULL,"{""batch_size"":32,""dropout"":0.21597250932105788,""early_stopping"":{""enabled"":false,""patience"":5},""epochs"":2000,""eval_batch_size"":1024,""feature_view"":""pooled"",""hidden_dims"":[256],""layer"":24,""lr"":0.0001329291894316216,""slot"":null,""weight_decay"":0.005061576888752304}",same_size_ablation/intphys_same_size_ablation/MLP/intphys2_probe_mlp_jepa_v2_1_vitl_384_20260527T000637Z/layer_24/train/optuna_summary.json
intphys2__same_l__jepa_v2_1__vitl_384__mlp__layer_24__seed_102,intphys2__same_l__jepa_v2_1__vitl_384__mlp__layer_24,train_eval.probe.intphys2,IntPhys2,intphys2,same_L,V-JEPA 2.1,ViT-L/16,MLP,mlp,102,42,jepa_v2_1,vitl_384,24,,24,pooled,0.00013292918943162159,0.0050615768887523043,32,1024,2000,false,5,[256],0.21597250932105788,,,,,cpu,artifacts/probes/intphys2,seed_runs_layerwise_same_l_v1/intphys2__same_l__jepa_v2_1__vitl_384__mlp__layer_24/seed_102,artifacts/results/intphys2,seed_runs_layerwise_same_l_v1/intphys2__same_l__jepa_v2_1__vitl_384__mlp__layer_24/seed_102,seed_runs_layerwise_same_l_v1_intphys2__same_l__jepa_v2_1__vitl_384__mlp__layer_24,intphys2__same_l__jepa_v2_1__vitl_384__mlp__layer_24__seed_102,pending,,"[""seed=102"",""split.seed=42"",""backbone.name=jepa_v2_1"",""+backbone.kwargs.variant=vitl_384"",""probe.name=mlp"",""probe.layer=24"",""probe.layers=[]"",""probe.feature_view=pooled"",""probe.device=cpu"",""probe.lr=0.00013292918943162159"",""probe.weight_decay=0.0050615768887523043"",""probe.batch_size=32"",""probe.eval_batch_size=1024"",""probe.epochs=2000"",""probe.early_stopping.enabled=false"",""probe.early_stopping.patience=5"",""probe.optuna.enabled=false"",""probe.output_dir=artifacts/probes/intphys2"",""probe.output_subdir=seed_runs_layerwise_same_l_v1/intphys2__same_l__jepa_v2_1__vitl_384__mlp__layer_24/seed_102"",""probe.eval_output_dir=artifacts/results/intphys2"",""probe.eval_output_subdir=seed_runs_layerwise_same_l_v1/intphys2__same_l__jepa_v2_1__vitl_384__mlp__layer_24/seed_102"",""probe.wandb.group=seed_runs_layerwise_same_l_v1_intphys2__same_l__jepa_v2_1__vitl_384__mlp__layer_24"",""probe.wandb.name=intphys2__same_l__jepa_v2_1__vitl_384__mlp__layer_24__seed_102"",""probe.mlp.hidden_dims=[256]"",""probe.mlp.dropout=0.21597250932105788"",""feature_cache.layer_ids=[6,12,18,24]""]",results/verified_layerwise_probe_configs.csv,67,69,bed0827934d4f632,VERIFIED_FULL,"{""batch_size"":32,""dropout"":0.21597250932105788,""early_stopping"":{""enabled"":false,""patience"":5},""epochs"":2000,""eval_batch_size"":1024,""feature_view"":""pooled"",""hidden_dims"":[256],""layer"":24,""lr"":0.0001329291894316216,""slot"":null,""weight_decay"":0.005061576888752304}",same_size_ablation/intphys_same_size_ablation/MLP/intphys2_probe_mlp_jepa_v2_1_vitl_384_20260527T000637Z/layer_24/train/optuna_summary.json
intphys2__same_l__videomae__vit_large_16_224__linear__layer_6__seed_101,intphys2__same_l__videomae__vit_large_16_224__linear__layer_6,train_eval.probe.intphys2,IntPhys2,intphys2,same_L,VideoMAE,ViT-L/16,Linear,linear,101,42,videomae,vit_large_16_224,6,,6,pooled,1.0388823104027935e-05,0.00078121139735349242,128,1024,100,false,5,,,,,,,cpu,artifacts/probes/intphys2,seed_runs_layerwise_same_l_v1/intphys2__same_l__videomae__vit_large_16_224__linear__layer_6/seed_101,artifacts/results/intphys2,seed_runs_layerwise_same_l_v1/intphys2__same_l__videomae__vit_large_16_224__linear__layer_6/seed_101,seed_runs_layerwise_same_l_v1_intphys2__same_l__videomae__vit_large_16_224__linear__layer_6,intphys2__same_l__videomae__vit_large_16_224__linear__layer_6__seed_101,pending,,"[""seed=101"",""split.seed=42"",""backbone.name=videomae"",""+backbone.kwargs.variant=vit_large_16_224"",""probe.name=linear"",""probe.layer=6"",""probe.layers=[]"",""probe.feature_view=pooled"",""probe.device=cpu"",""probe.lr=1.0388823104027935e-05"",""probe.weight_decay=0.00078121139735349242"",""probe.batch_size=128"",""probe.eval_batch_size=1024"",""probe.epochs=100"",""probe.early_stopping.enabled=false"",""probe.early_stopping.patience=5"",""probe.optuna.enabled=false"",""probe.output_dir=artifacts/probes/intphys2"",""probe.output_subdir=seed_runs_layerwise_same_l_v1/intphys2__same_l__videomae__vit_large_16_224__linear__layer_6/seed_101"",""probe.eval_output_dir=artifacts/results/intphys2"",""probe.eval_output_subdir=seed_runs_layerwise_same_l_v1/intphys2__same_l__videomae__vit_large_16_224__linear__layer_6/seed_101"",""probe.wandb.group=seed_runs_layerwise_same_l_v1_intphys2__same_l__videomae__vit_large_16_224__linear__layer_6"",""probe.wandb.name=intphys2__same_l__videomae__vit_large_16_224__linear__layer_6__seed_101"",""feature_cache.layer_ids=[6,12,18,24]""]",results/verified_layerwise_probe_configs.csv,96,98,a4a302867a9c7514,VERIFIED_FULL,"{""batch_size"":128,""early_stopping"":{""enabled"":false,""patience"":5},""epochs"":100,""eval_batch_size"":1024,""feature_view"":""pooled"",""layer"":6,""lr"":1.0388823104027935e-05,""slot"":null,""weight_decay"":0.0007812113973534924}",same_size_ablation/intphys_same_size_ablation/Linear/intphys2_probe_linear_videomae_vit_large_16_224_20260526T233042Z/layer_6/train/optuna_summary.json
intphys2__same_l__videomae__vit_large_16_224__linear__layer_6__seed_102,intphys2__same_l__videomae__vit_large_16_224__linear__layer_6,train_eval.probe.intphys2,IntPhys2,intphys2,same_L,VideoMAE,ViT-L/16,Linear,linear,102,42,videomae,vit_large_16_224,6,,6,pooled,1.0388823104027935e-05,0.00078121139735349242,128,1024,100,false,5,,,,,,,cpu,artifacts/probes/intphys2,seed_runs_layerwise_same_l_v1/intphys2__same_l__videomae__vit_large_16_224__linear__layer_6/seed_102,artifacts/results/intphys2,seed_runs_layerwise_same_l_v1/intphys2__same_l__videomae__vit_large_16_224__linear__layer_6/seed_102,seed_runs_layerwise_same_l_v1_intphys2__same_l__videomae__vit_large_16_224__linear__layer_6,intphys2__same_l__videomae__vit_large_16_224__linear__layer_6__seed_102,pending,,"[""seed=102"",""split.seed=42"",""backbone.name=videomae"",""+backbone.kwargs.variant=vit_large_16_224"",""probe.name=linear"",""probe.layer=6"",""probe.layers=[]"",""probe.feature_view=pooled"",""probe.device=cpu"",""probe.lr=1.0388823104027935e-05"",""probe.weight_decay=0.00078121139735349242"",""probe.batch_size=128"",""probe.eval_batch_size=1024"",""probe.epochs=100"",""probe.early_stopping.enabled=false"",""probe.early_stopping.patience=5"",""probe.optuna.enabled=false"",""probe.output_dir=artifacts/probes/intphys2"",""probe.output_subdir=seed_runs_layerwise_same_l_v1/intphys2__same_l__videomae__vit_large_16_224__linear__layer_6/seed_102"",""probe.eval_output_dir=artifacts/results/intphys2"",""probe.eval_output_subdir=seed_runs_layerwise_same_l_v1/intphys2__same_l__videomae__vit_large_16_224__linear__layer_6/seed_102"",""probe.wandb.group=seed_runs_layerwise_same_l_v1_intphys2__same_l__videomae__vit_large_16_224__linear__layer_6"",""probe.wandb.name=intphys2__same_l__videomae__vit_large_16_224__linear__layer_6__seed_102"",""feature_cache.layer_ids=[6,12,18,24]""]",results/verified_layerwise_probe_configs.csv,96,98,a4a302867a9c7514,VERIFIED_FULL,"{""batch_size"":128,""early_stopping"":{""enabled"":false,""patience"":5},""epochs"":100,""eval_batch_size"":1024,""feature_view"":""pooled"",""layer"":6,""lr"":1.0388823104027935e-05,""slot"":null,""weight_decay"":0.0007812113973534924}",same_size_ablation/intphys_same_size_ablation/Linear/intphys2_probe_linear_videomae_vit_large_16_224_20260526T233042Z/layer_6/train/optuna_summary.json
intphys2__same_l__videomae__vit_large_16_224__linear__layer_12__seed_101,intphys2__same_l__videomae__vit_large_16_224__linear__layer_12,train_eval.probe.intphys2,IntPhys2,intphys2,same_L,VideoMAE,ViT-L/16,Linear,linear,101,42,videomae,vit_large_16_224,12,,12,pooled,0.0013153366402801777,1.2741858513915908e-07,256,1024,50,false,5,,,,,,,cpu,artifacts/probes/intphys2,seed_runs_layerwise_same_l_v1/intphys2__same_l__videomae__vit_large_16_224__linear__layer_12/seed_101,artifacts/results/intphys2,seed_runs_layerwise_same_l_v1/intphys2__same_l__videomae__vit_large_16_224__linear__layer_12/seed_101,seed_runs_layerwise_same_l_v1_intphys2__same_l__videomae__vit_large_16_224__linear__layer_12,intphys2__same_l__videomae__vit_large_16_224__linear__layer_12__seed_101,pending,,"[""seed=101"",""split.seed=42"",""backbone.name=videomae"",""+backbone.kwargs.variant=vit_large_16_224"",""probe.name=linear"",""probe.layer=12"",""probe.layers=[]"",""probe.feature_view=pooled"",""probe.device=cpu"",""probe.lr=0.0013153366402801777"",""probe.weight_decay=1.2741858513915908e-07"",""probe.batch_size=256"",""probe.eval_batch_size=1024"",""probe.epochs=50"",""probe.early_stopping.enabled=false"",""probe.early_stopping.patience=5"",""probe.optuna.enabled=false"",""probe.output_dir=artifacts/probes/intphys2"",""probe.output_subdir=seed_runs_layerwise_same_l_v1/intphys2__same_l__videomae__vit_large_16_224__linear__layer_12/seed_101"",""probe.eval_output_dir=artifacts/results/intphys2"",""probe.eval_output_subdir=seed_runs_layerwise_same_l_v1/intphys2__same_l__videomae__vit_large_16_224__linear__layer_12/seed_101"",""probe.wandb.group=seed_runs_layerwise_same_l_v1_intphys2__same_l__videomae__vit_large_16_224__linear__layer_12"",""probe.wandb.name=intphys2__same_l__videomae__vit_large_16_224__linear__layer_12__seed_101"",""feature_cache.layer_ids=[6,12,18,24]""]",results/verified_layerwise_probe_configs.csv,97,99,5271d13152e2d7f2,VERIFIED_FULL,"{""batch_size"":256,""early_stopping"":{""enabled"":false,""patience"":5},""epochs"":50,""eval_batch_size"":1024,""feature_view"":""pooled"",""layer"":12,""lr"":0.0013153366402801777,""slot"":null,""weight_decay"":1.2741858513915908e-07}",same_size_ablation/intphys_same_size_ablation/Linear/intphys2_probe_linear_videomae_vit_large_16_224_20260526T233042Z/layer_12/train/optuna_summary.json
intphys2__same_l__videomae__vit_large_16_224__linear__layer_12__seed_102,intphys2__same_l__videomae__vit_large_16_224__linear__layer_12,train_eval.probe.intphys2,IntPhys2,intphys2,same_L,VideoMAE,ViT-L/16,Linear,linear,102,42,videomae,vit_large_16_224,12,,12,pooled,0.0013153366402801777,1.2741858513915908e-07,256,1024,50,false,5,,,,,,,cpu,artifacts/probes/intphys2,seed_runs_layerwise_same_l_v1/intphys2__same_l__videomae__vit_large_16_224__linear__layer_12/seed_102,artifacts/results/intphys2,seed_runs_layerwise_same_l_v1/intphys2__same_l__videomae__vit_large_16_224__linear__layer_12/seed_102,seed_runs_layerwise_same_l_v1_intphys2__same_l__videomae__vit_large_16_224__linear__layer_12,intphys2__same_l__videomae__vit_large_16_224__linear__layer_12__seed_102,pending,,"[""seed=102"",""split.seed=42"",""backbone.name=videomae"",""+backbone.kwargs.variant=vit_large_16_224"",""probe.name=linear"",""probe.layer=12"",""probe.layers=[]"",""probe.feature_view=pooled"",""probe.device=cpu"",""probe.lr=0.0013153366402801777"",""probe.weight_decay=1.2741858513915908e-07"",""probe.batch_size=256"",""probe.eval_batch_size=1024"",""probe.epochs=50"",""probe.early_stopping.enabled=false"",""probe.early_stopping.patience=5"",""probe.optuna.enabled=false"",""probe.output_dir=artifacts/probes/intphys2"",""probe.output_subdir=seed_runs_layerwise_same_l_v1/intphys2__same_l__videomae__vit_large_16_224__linear__layer_12/seed_102"",""probe.eval_output_dir=artifacts/results/intphys2"",""probe.eval_output_subdir=seed_runs_layerwise_same_l_v1/intphys2__same_l__videomae__vit_large_16_224__linear__layer_12/seed_102"",""probe.wandb.group=seed_runs_layerwise_same_l_v1_intphys2__same_l__videomae__vit_large_16_224__linear__layer_12"",""probe.wandb.name=intphys2__same_l__videomae__vit_large_16_224__linear__layer_12__seed_102"",""feature_cache.layer_ids=[6,12,18,24]""]",results/verified_layerwise_probe_configs.csv,97,99,5271d13152e2d7f2,VERIFIED_FULL,"{""batch_size"":256,""early_stopping"":{""enabled"":false,""patience"":5},""epochs"":50,""eval_batch_size"":1024,""feature_view"":""pooled"",""layer"":12,""lr"":0.0013153366402801777,""slot"":null,""weight_decay"":1.2741858513915908e-07}",same_size_ablation/intphys_same_size_ablation/Linear/intphys2_probe_linear_videomae_vit_large_16_224_20260526T233042Z/layer_12/train/optuna_summary.json
intphys2__same_l__videomae__vit_large_16_224__linear__layer_18__seed_101,intphys2__same_l__videomae__vit_large_16_224__linear__layer_18,train_eval.probe.intphys2,IntPhys2,intphys2,same_L,VideoMAE,ViT-L/16,Linear,linear,101,42,videomae,vit_large_16_224,18,,18,pooled,0.00023345864076016249,0.00051410966488057519,128,1024,1000,false,5,,,,,,,cpu,artifacts/probes/intphys2,seed_runs_layerwise_same_l_v1/intphys2__same_l__videomae__vit_large_16_224__linear__layer_18/seed_101,artifacts/results/intphys2,seed_runs_layerwise_same_l_v1/intphys2__same_l__videomae__vit_large_16_224__linear__layer_18/seed_101,seed_runs_layerwise_same_l_v1_intphys2__same_l__videomae__vit_large_16_224__linear__layer_18,intphys2__same_l__videomae__vit_large_16_224__linear__layer_18__seed_101,pending,,"[""seed=101"",""split.seed=42"",""backbone.name=videomae"",""+backbone.kwargs.variant=vit_large_16_224"",""probe.name=linear"",""probe.layer=18"",""probe.layers=[]"",""probe.feature_view=pooled"",""probe.device=cpu"",""probe.lr=0.00023345864076016249"",""probe.weight_decay=0.00051410966488057519"",""probe.batch_size=128"",""probe.eval_batch_size=1024"",""probe.epochs=1000"",""probe.early_stopping.enabled=false"",""probe.early_stopping.patience=5"",""probe.optuna.enabled=false"",""probe.output_dir=artifacts/probes/intphys2"",""probe.output_subdir=seed_runs_layerwise_same_l_v1/intphys2__same_l__videomae__vit_large_16_224__linear__layer_18/seed_101"",""probe.eval_output_dir=artifacts/results/intphys2"",""probe.eval_output_subdir=seed_runs_layerwise_same_l_v1/intphys2__same_l__videomae__vit_large_16_224__linear__layer_18/seed_101"",""probe.wandb.group=seed_runs_layerwise_same_l_v1_intphys2__same_l__videomae__vit_large_16_224__linear__layer_18"",""probe.wandb.name=intphys2__same_l__videomae__vit_large_16_224__linear__layer_18__seed_101"",""feature_cache.layer_ids=[6,12,18,24]""]",results/verified_layerwise_probe_configs.csv,98,100,cfa7ed164436f4b7,VERIFIED_FULL,"{""batch_size"":128,""early_stopping"":{""enabled"":false,""patience"":5},""epochs"":1000,""eval_batch_size"":1024,""feature_view"":""pooled"",""layer"":18,""lr"":0.00023345864076016249,""slot"":null,""weight_decay"":0.0005141096648805752}",same_size_ablation/intphys_same_size_ablation/Linear/intphys2_probe_linear_videomae_vit_large_16_224_20260526T233042Z/layer_18/train/optuna_summary.json
intphys2__same_l__videomae__vit_large_16_224__linear__layer_18__seed_102,intphys2__same_l__videomae__vit_large_16_224__linear__layer_18,train_eval.probe.intphys2,IntPhys2,intphys2,same_L,VideoMAE,ViT-L/16,Linear,linear,102,42,videomae,vit_large_16_224,18,,18,pooled,0.00023345864076016249,0.00051410966488057519,128,1024,1000,false,5,,,,,,,cpu,artifacts/probes/intphys2,seed_runs_layerwise_same_l_v1/intphys2__same_l__videomae__vit_large_16_224__linear__layer_18/seed_102,artifacts/results/intphys2,seed_runs_layerwise_same_l_v1/intphys2__same_l__videomae__vit_large_16_224__linear__layer_18/seed_102,seed_runs_layerwise_same_l_v1_intphys2__same_l__videomae__vit_large_16_224__linear__layer_18,intphys2__same_l__videomae__vit_large_16_224__linear__layer_18__seed_102,pending,,"[""seed=102"",""split.seed=42"",""backbone.name=videomae"",""+backbone.kwargs.variant=vit_large_16_224"",""probe.name=linear"",""probe.layer=18"",""probe.layers=[]"",""probe.feature_view=pooled"",""probe.device=cpu"",""probe.lr=0.00023345864076016249"",""probe.weight_decay=0.00051410966488057519"",""probe.batch_size=128"",""probe.eval_batch_size=1024"",""probe.epochs=1000"",""probe.early_stopping.enabled=false"",""probe.early_stopping.patience=5"",""probe.optuna.enabled=false"",""probe.output_dir=artifacts/probes/intphys2"",""probe.output_subdir=seed_runs_layerwise_same_l_v1/intphys2__same_l__videomae__vit_large_16_224__linear__layer_18/seed_102"",""probe.eval_output_dir=artifacts/results/intphys2"",""probe.eval_output_subdir=seed_runs_layerwise_same_l_v1/intphys2__same_l__videomae__vit_large_16_224__linear__layer_18/seed_102"",""probe.wandb.group=seed_runs_layerwise_same_l_v1_intphys2__same_l__videomae__vit_large_16_224__linear__layer_18"",""probe.wandb.name=intphys2__same_l__videomae__vit_large_16_224__linear__layer_18__seed_102"",""feature_cache.layer_ids=[6,12,18,24]""]",results/verified_layerwise_probe_configs.csv,98,100,cfa7ed164436f4b7,VERIFIED_FULL,"{""batch_size"":128,""early_stopping"":{""enabled"":false,""patience"":5},""epochs"":1000,""eval_batch_size"":1024,""feature_view"":""pooled"",""layer"":18,""lr"":0.00023345864076016249,""slot"":null,""weight_decay"":0.0005141096648805752}",same_size_ablation/intphys_same_size_ablation/Linear/intphys2_probe_linear_videomae_vit_large_16_224_20260526T233042Z/layer_18/train/optuna_summary.json
intphys2__same_l__videomae__vit_large_16_224__linear__layer_24__seed_101,intphys2__same_l__videomae__vit_large_16_224__linear__layer_24,train_eval.probe.intphys2,IntPhys2,intphys2,same_L,VideoMAE,ViT-L/16,Linear,linear,101,42,videomae,vit_large_16_224,24,,24,pooled,0.00013292918943162159,0.0050615768887523043,32,1024,2000,false,5,,,,,,,cpu,artifacts/probes/intphys2,seed_runs_layerwise_same_l_v1/intphys2__same_l__videomae__vit_large_16_224__linear__layer_24/seed_101,artifacts/results/intphys2,seed_runs_layerwise_same_l_v1/intphys2__same_l__videomae__vit_large_16_224__linear__layer_24/seed_101,seed_runs_layerwise_same_l_v1_intphys2__same_l__videomae__vit_large_16_224__linear__layer_24,intphys2__same_l__videomae__vit_large_16_224__linear__layer_24__seed_101,pending,,"[""seed=101"",""split.seed=42"",""backbone.name=videomae"",""+backbone.kwargs.variant=vit_large_16_224"",""probe.name=linear"",""probe.layer=24"",""probe.layers=[]"",""probe.feature_view=pooled"",""probe.device=cpu"",""probe.lr=0.00013292918943162159"",""probe.weight_decay=0.0050615768887523043"",""probe.batch_size=32"",""probe.eval_batch_size=1024"",""probe.epochs=2000"",""probe.early_stopping.enabled=false"",""probe.early_stopping.patience=5"",""probe.optuna.enabled=false"",""probe.output_dir=artifacts/probes/intphys2"",""probe.output_subdir=seed_runs_layerwise_same_l_v1/intphys2__same_l__videomae__vit_large_16_224__linear__layer_24/seed_101"",""probe.eval_output_dir=artifacts/results/intphys2"",""probe.eval_output_subdir=seed_runs_layerwise_same_l_v1/intphys2__same_l__videomae__vit_large_16_224__linear__layer_24/seed_101"",""probe.wandb.group=seed_runs_layerwise_same_l_v1_intphys2__same_l__videomae__vit_large_16_224__linear__layer_24"",""probe.wandb.name=intphys2__same_l__videomae__vit_large_16_224__linear__layer_24__seed_101"",""feature_cache.layer_ids=[6,12,18,24]""]",results/verified_layerwise_probe_configs.csv,99,101,9e78e450ebad5fe9,VERIFIED_FULL,"{""batch_size"":32,""early_stopping"":{""enabled"":false,""patience"":5},""epochs"":2000,""eval_batch_size"":1024,""feature_view"":""pooled"",""layer"":24,""lr"":0.0001329291894316216,""slot"":null,""weight_decay"":0.005061576888752304}",same_size_ablation/intphys_same_size_ablation/Linear/intphys2_probe_linear_videomae_vit_large_16_224_20260526T233042Z/layer_24/train/optuna_summary.json
intphys2__same_l__videomae__vit_large_16_224__linear__layer_24__seed_102,intphys2__same_l__videomae__vit_large_16_224__linear__layer_24,train_eval.probe.intphys2,IntPhys2,intphys2,same_L,VideoMAE,ViT-L/16,Linear,linear,102,42,videomae,vit_large_16_224,24,,24,pooled,0.00013292918943162159,0.0050615768887523043,32,1024,2000,false,5,,,,,,,cpu,artifacts/probes/intphys2,seed_runs_layerwise_same_l_v1/intphys2__same_l__videomae__vit_large_16_224__linear__layer_24/seed_102,artifacts/results/intphys2,seed_runs_layerwise_same_l_v1/intphys2__same_l__videomae__vit_large_16_224__linear__layer_24/seed_102,seed_runs_layerwise_same_l_v1_intphys2__same_l__videomae__vit_large_16_224__linear__layer_24,intphys2__same_l__videomae__vit_large_16_224__linear__layer_24__seed_102,pending,,"[""seed=102"",""split.seed=42"",""backbone.name=videomae"",""+backbone.kwargs.variant=vit_large_16_224"",""probe.name=linear"",""probe.layer=24"",""probe.layers=[]"",""probe.feature_view=pooled"",""probe.device=cpu"",""probe.lr=0.00013292918943162159"",""probe.weight_decay=0.0050615768887523043"",""probe.batch_size=32"",""probe.eval_batch_size=1024"",""probe.epochs=2000"",""probe.early_stopping.enabled=false"",""probe.early_stopping.patience=5"",""probe.optuna.enabled=false"",""probe.output_dir=artifacts/probes/intphys2"",""probe.output_subdir=seed_runs_layerwise_same_l_v1/intphys2__same_l__videomae__vit_large_16_224__linear__layer_24/seed_102"",""probe.eval_output_dir=artifacts/results/intphys2"",""probe.eval_output_subdir=seed_runs_layerwise_same_l_v1/intphys2__same_l__videomae__vit_large_16_224__linear__layer_24/seed_102"",""probe.wandb.group=seed_runs_layerwise_same_l_v1_intphys2__same_l__videomae__vit_large_16_224__linear__layer_24"",""probe.wandb.name=intphys2__same_l__videomae__vit_large_16_224__linear__layer_24__seed_102"",""feature_cache.layer_ids=[6,12,18,24]""]",results/verified_layerwise_probe_configs.csv,99,101,9e78e450ebad5fe9,VERIFIED_FULL,"{""batch_size"":32,""early_stopping"":{""enabled"":false,""patience"":5},""epochs"":2000,""eval_batch_size"":1024,""feature_view"":""pooled"",""layer"":24,""lr"":0.0001329291894316216,""slot"":null,""weight_decay"":0.005061576888752304}",same_size_ablation/intphys_same_size_ablation/Linear/intphys2_probe_linear_videomae_vit_large_16_224_20260526T233042Z/layer_24/train/optuna_summary.json
intphys2__same_l__videomae__vit_large_16_224__mlp__layer_6__seed_101,intphys2__same_l__videomae__vit_large_16_224__mlp__layer_6,train_eval.probe.intphys2,IntPhys2,intphys2,same_L,VideoMAE,ViT-L/16,MLP,mlp,101,42,videomae,vit_large_16_224,6,,6,pooled,3.0013611408881984e-05,3.8487061109960295e-07,32,1024,2000,false,5,[1024],0.24913739632145349,,,,,cpu,artifacts/probes/intphys2,seed_runs_layerwise_same_l_v1/intphys2__same_l__videomae__vit_large_16_224__mlp__layer_6/seed_101,artifacts/results/intphys2,seed_runs_layerwise_same_l_v1/intphys2__same_l__videomae__vit_large_16_224__mlp__layer_6/seed_101,seed_runs_layerwise_same_l_v1_intphys2__same_l__videomae__vit_large_16_224__mlp__layer_6,intphys2__same_l__videomae__vit_large_16_224__mlp__layer_6__seed_101,pending,,"[""seed=101"",""split.seed=42"",""backbone.name=videomae"",""+backbone.kwargs.variant=vit_large_16_224"",""probe.name=mlp"",""probe.layer=6"",""probe.layers=[]"",""probe.feature_view=pooled"",""probe.device=cpu"",""probe.lr=3.0013611408881984e-05"",""probe.weight_decay=3.8487061109960295e-07"",""probe.batch_size=32"",""probe.eval_batch_size=1024"",""probe.epochs=2000"",""probe.early_stopping.enabled=false"",""probe.early_stopping.patience=5"",""probe.optuna.enabled=false"",""probe.output_dir=artifacts/probes/intphys2"",""probe.output_subdir=seed_runs_layerwise_same_l_v1/intphys2__same_l__videomae__vit_large_16_224__mlp__layer_6/seed_101"",""probe.eval_output_dir=artifacts/results/intphys2"",""probe.eval_output_subdir=seed_runs_layerwise_same_l_v1/intphys2__same_l__videomae__vit_large_16_224__mlp__layer_6/seed_101"",""probe.wandb.group=seed_runs_layerwise_same_l_v1_intphys2__same_l__videomae__vit_large_16_224__mlp__layer_6"",""probe.wandb.name=intphys2__same_l__videomae__vit_large_16_224__mlp__layer_6__seed_101"",""probe.mlp.hidden_dims=[1024]"",""probe.mlp.dropout=0.24913739632145349"",""feature_cache.layer_ids=[6,12,18,24]""]",results/verified_layerwise_probe_configs.csv,100,102,37f09063f8deba7d,VERIFIED_FULL,"{""batch_size"":32,""dropout"":0.24913739632145349,""early_stopping"":{""enabled"":false,""patience"":5},""epochs"":2000,""eval_batch_size"":1024,""feature_view"":""pooled"",""hidden_dims"":[1024],""layer"":6,""lr"":3.0013611408881984e-05,""slot"":null,""weight_decay"":3.8487061109960295e-07}",same_size_ablation/intphys_same_size_ablation/MLP/intphys2_probe_mlp_videomae_vit_large_16_224_20260526T235559Z/layer_6/train/optuna_summary.json
intphys2__same_l__videomae__vit_large_16_224__mlp__layer_6__seed_102,intphys2__same_l__videomae__vit_large_16_224__mlp__layer_6,train_eval.probe.intphys2,IntPhys2,intphys2,same_L,VideoMAE,ViT-L/16,MLP,mlp,102,42,videomae,vit_large_16_224,6,,6,pooled,3.0013611408881984e-05,3.8487061109960295e-07,32,1024,2000,false,5,[1024],0.24913739632145349,,,,,cpu,artifacts/probes/intphys2,seed_runs_layerwise_same_l_v1/intphys2__same_l__videomae__vit_large_16_224__mlp__layer_6/seed_102,artifacts/results/intphys2,seed_runs_layerwise_same_l_v1/intphys2__same_l__videomae__vit_large_16_224__mlp__layer_6/seed_102,seed_runs_layerwise_same_l_v1_intphys2__same_l__videomae__vit_large_16_224__mlp__layer_6,intphys2__same_l__videomae__vit_large_16_224__mlp__layer_6__seed_102,pending,,"[""seed=102"",""split.seed=42"",""backbone.name=videomae"",""+backbone.kwargs.variant=vit_large_16_224"",""probe.name=mlp"",""probe.layer=6"",""probe.layers=[]"",""probe.feature_view=pooled"",""probe.device=cpu"",""probe.lr=3.0013611408881984e-05"",""probe.weight_decay=3.8487061109960295e-07"",""probe.batch_size=32"",""probe.eval_batch_size=1024"",""probe.epochs=2000"",""probe.early_stopping.enabled=false"",""probe.early_stopping.patience=5"",""probe.optuna.enabled=false"",""probe.output_dir=artifacts/probes/intphys2"",""probe.output_subdir=seed_runs_layerwise_same_l_v1/intphys2__same_l__videomae__vit_large_16_224__mlp__layer_6/seed_102"",""probe.eval_output_dir=artifacts/results/intphys2"",""probe.eval_output_subdir=seed_runs_layerwise_same_l_v1/intphys2__same_l__videomae__vit_large_16_224__mlp__layer_6/seed_102"",""probe.wandb.group=seed_runs_layerwise_same_l_v1_intphys2__same_l__videomae__vit_large_16_224__mlp__layer_6"",""probe.wandb.name=intphys2__same_l__videomae__vit_large_16_224__mlp__layer_6__seed_102"",""probe.mlp.hidden_dims=[1024]"",""probe.mlp.dropout=0.24913739632145349"",""feature_cache.layer_ids=[6,12,18,24]""]",results/verified_layerwise_probe_configs.csv,100,102,37f09063f8deba7d,VERIFIED_FULL,"{""batch_size"":32,""dropout"":0.24913739632145349,""early_stopping"":{""enabled"":false,""patience"":5},""epochs"":2000,""eval_batch_size"":1024,""feature_view"":""pooled"",""hidden_dims"":[1024],""layer"":6,""lr"":3.0013611408881984e-05,""slot"":null,""weight_decay"":3.8487061109960295e-07}",same_size_ablation/intphys_same_size_ablation/MLP/intphys2_probe_mlp_videomae_vit_large_16_224_20260526T235559Z/layer_6/train/optuna_summary.json
intphys2__same_l__videomae__vit_large_16_224__mlp__layer_12__seed_101,intphys2__same_l__videomae__vit_large_16_224__mlp__layer_12,train_eval.probe.intphys2,IntPhys2,intphys2,same_L,VideoMAE,ViT-L/16,MLP,mlp,101,42,videomae,vit_large_16_224,12,,12,pooled,0.00013292918943162159,0.0050615768887523043,32,1024,2000,false,5,[256],0.21597250932105788,,,,,cpu,artifacts/probes/intphys2,seed_runs_layerwise_same_l_v1/intphys2__same_l__videomae__vit_large_16_224__mlp__layer_12/seed_101,artifacts/results/intphys2,seed_runs_layerwise_same_l_v1/intphys2__same_l__videomae__vit_large_16_224__mlp__layer_12/seed_101,seed_runs_layerwise_same_l_v1_intphys2__same_l__videomae__vit_large_16_224__mlp__layer_12,intphys2__same_l__videomae__vit_large_16_224__mlp__layer_12__seed_101,pending,,"[""seed=101"",""split.seed=42"",""backbone.name=videomae"",""+backbone.kwargs.variant=vit_large_16_224"",""probe.name=mlp"",""probe.layer=12"",""probe.layers=[]"",""probe.feature_view=pooled"",""probe.device=cpu"",""probe.lr=0.00013292918943162159"",""probe.weight_decay=0.0050615768887523043"",""probe.batch_size=32"",""probe.eval_batch_size=1024"",""probe.epochs=2000"",""probe.early_stopping.enabled=false"",""probe.early_stopping.patience=5"",""probe.optuna.enabled=false"",""probe.output_dir=artifacts/probes/intphys2"",""probe.output_subdir=seed_runs_layerwise_same_l_v1/intphys2__same_l__videomae__vit_large_16_224__mlp__layer_12/seed_101"",""probe.eval_output_dir=artifacts/results/intphys2"",""probe.eval_output_subdir=seed_runs_layerwise_same_l_v1/intphys2__same_l__videomae__vit_large_16_224__mlp__layer_12/seed_101"",""probe.wandb.group=seed_runs_layerwise_same_l_v1_intphys2__same_l__videomae__vit_large_16_224__mlp__layer_12"",""probe.wandb.name=intphys2__same_l__videomae__vit_large_16_224__mlp__layer_12__seed_101"",""probe.mlp.hidden_dims=[256]"",""probe.mlp.dropout=0.21597250932105788"",""feature_cache.layer_ids=[6,12,18,24]""]",results/verified_layerwise_probe_configs.csv,101,103,ddd41205256bed15,VERIFIED_FULL,"{""batch_size"":32,""dropout"":0.21597250932105788,""early_stopping"":{""enabled"":false,""patience"":5},""epochs"":2000,""eval_batch_size"":1024,""feature_view"":""pooled"",""hidden_dims"":[256],""layer"":12,""lr"":0.0001329291894316216,""slot"":null,""weight_decay"":0.005061576888752304}",same_size_ablation/intphys_same_size_ablation/MLP/intphys2_probe_mlp_videomae_vit_large_16_224_20260526T235559Z/layer_12/train/optuna_summary.json
intphys2__same_l__videomae__vit_large_16_224__mlp__layer_12__seed_102,intphys2__same_l__videomae__vit_large_16_224__mlp__layer_12,train_eval.probe.intphys2,IntPhys2,intphys2,same_L,VideoMAE,ViT-L/16,MLP,mlp,102,42,videomae,vit_large_16_224,12,,12,pooled,0.00013292918943162159,0.0050615768887523043,32,1024,2000,false,5,[256],0.21597250932105788,,,,,cpu,artifacts/probes/intphys2,seed_runs_layerwise_same_l_v1/intphys2__same_l__videomae__vit_large_16_224__mlp__layer_12/seed_102,artifacts/results/intphys2,seed_runs_layerwise_same_l_v1/intphys2__same_l__videomae__vit_large_16_224__mlp__layer_12/seed_102,seed_runs_layerwise_same_l_v1_intphys2__same_l__videomae__vit_large_16_224__mlp__layer_12,intphys2__same_l__videomae__vit_large_16_224__mlp__layer_12__seed_102,pending,,"[""seed=102"",""split.seed=42"",""backbone.name=videomae"",""+backbone.kwargs.variant=vit_large_16_224"",""probe.name=mlp"",""probe.layer=12"",""probe.layers=[]"",""probe.feature_view=pooled"",""probe.device=cpu"",""probe.lr=0.00013292918943162159"",""probe.weight_decay=0.0050615768887523043"",""probe.batch_size=32"",""probe.eval_batch_size=1024"",""probe.epochs=2000"",""probe.early_stopping.enabled=false"",""probe.early_stopping.patience=5"",""probe.optuna.enabled=false"",""probe.output_dir=artifacts/probes/intphys2"",""probe.output_subdir=seed_runs_layerwise_same_l_v1/intphys2__same_l__videomae__vit_large_16_224__mlp__layer_12/seed_102"",""probe.eval_output_dir=artifacts/results/intphys2"",""probe.eval_output_subdir=seed_runs_layerwise_same_l_v1/intphys2__same_l__videomae__vit_large_16_224__mlp__layer_12/seed_102"",""probe.wandb.group=seed_runs_layerwise_same_l_v1_intphys2__same_l__videomae__vit_large_16_224__mlp__layer_12"",""probe.wandb.name=intphys2__same_l__videomae__vit_large_16_224__mlp__layer_12__seed_102"",""probe.mlp.hidden_dims=[256]"",""probe.mlp.dropout=0.21597250932105788"",""feature_cache.layer_ids=[6,12,18,24]""]",results/verified_layerwise_probe_configs.csv,101,103,ddd41205256bed15,VERIFIED_FULL,"{""batch_size"":32,""dropout"":0.21597250932105788,""early_stopping"":{""enabled"":false,""patience"":5},""epochs"":2000,""eval_batch_size"":1024,""feature_view"":""pooled"",""hidden_dims"":[256],""layer"":12,""lr"":0.0001329291894316216,""slot"":null,""weight_decay"":0.005061576888752304}",same_size_ablation/intphys_same_size_ablation/MLP/intphys2_probe_mlp_videomae_vit_large_16_224_20260526T235559Z/layer_12/train/optuna_summary.json
intphys2__same_l__videomae__vit_large_16_224__mlp__layer_18__seed_101,intphys2__same_l__videomae__vit_large_16_224__mlp__layer_18,train_eval.probe.intphys2,IntPhys2,intphys2,same_L,VideoMAE,ViT-L/16,MLP,mlp,101,42,videomae,vit_large_16_224,18,,18,pooled,0.00013292918943162159,0.0050615768887523043,32,1024,2000,false,5,[256],0.21597250932105788,,,,,cpu,artifacts/probes/intphys2,seed_runs_layerwise_same_l_v1/intphys2__same_l__videomae__vit_large_16_224__mlp__layer_18/seed_101,artifacts/results/intphys2,seed_runs_layerwise_same_l_v1/intphys2__same_l__videomae__vit_large_16_224__mlp__layer_18/seed_101,seed_runs_layerwise_same_l_v1_intphys2__same_l__videomae__vit_large_16_224__mlp__layer_18,intphys2__same_l__videomae__vit_large_16_224__mlp__layer_18__seed_101,pending,,"[""seed=101"",""split.seed=42"",""backbone.name=videomae"",""+backbone.kwargs.variant=vit_large_16_224"",""probe.name=mlp"",""probe.layer=18"",""probe.layers=[]"",""probe.feature_view=pooled"",""probe.device=cpu"",""probe.lr=0.00013292918943162159"",""probe.weight_decay=0.0050615768887523043"",""probe.batch_size=32"",""probe.eval_batch_size=1024"",""probe.epochs=2000"",""probe.early_stopping.enabled=false"",""probe.early_stopping.patience=5"",""probe.optuna.enabled=false"",""probe.output_dir=artifacts/probes/intphys2"",""probe.output_subdir=seed_runs_layerwise_same_l_v1/intphys2__same_l__videomae__vit_large_16_224__mlp__layer_18/seed_101"",""probe.eval_output_dir=artifacts/results/intphys2"",""probe.eval_output_subdir=seed_runs_layerwise_same_l_v1/intphys2__same_l__videomae__vit_large_16_224__mlp__layer_18/seed_101"",""probe.wandb.group=seed_runs_layerwise_same_l_v1_intphys2__same_l__videomae__vit_large_16_224__mlp__layer_18"",""probe.wandb.name=intphys2__same_l__videomae__vit_large_16_224__mlp__layer_18__seed_101"",""probe.mlp.hidden_dims=[256]"",""probe.mlp.dropout=0.21597250932105788"",""feature_cache.layer_ids=[6,12,18,24]""]",results/verified_layerwise_probe_configs.csv,102,104,3c257c3e9a2d9c57,VERIFIED_FULL,"{""batch_size"":32,""dropout"":0.21597250932105788,""early_stopping"":{""enabled"":false,""patience"":5},""epochs"":2000,""eval_batch_size"":1024,""feature_view"":""pooled"",""hidden_dims"":[256],""layer"":18,""lr"":0.0001329291894316216,""slot"":null,""weight_decay"":0.005061576888752304}",same_size_ablation/intphys_same_size_ablation/MLP/intphys2_probe_mlp_videomae_vit_large_16_224_20260526T235559Z/layer_18/train/optuna_summary.json
intphys2__same_l__videomae__vit_large_16_224__mlp__layer_18__seed_102,intphys2__same_l__videomae__vit_large_16_224__mlp__layer_18,train_eval.probe.intphys2,IntPhys2,intphys2,same_L,VideoMAE,ViT-L/16,MLP,mlp,102,42,videomae,vit_large_16_224,18,,18,pooled,0.00013292918943162159,0.0050615768887523043,32,1024,2000,false,5,[256],0.21597250932105788,,,,,cpu,artifacts/probes/intphys2,seed_runs_layerwise_same_l_v1/intphys2__same_l__videomae__vit_large_16_224__mlp__layer_18/seed_102,artifacts/results/intphys2,seed_runs_layerwise_same_l_v1/intphys2__same_l__videomae__vit_large_16_224__mlp__layer_18/seed_102,seed_runs_layerwise_same_l_v1_intphys2__same_l__videomae__vit_large_16_224__mlp__layer_18,intphys2__same_l__videomae__vit_large_16_224__mlp__layer_18__seed_102,pending,,"[""seed=102"",""split.seed=42"",""backbone.name=videomae"",""+backbone.kwargs.variant=vit_large_16_224"",""probe.name=mlp"",""probe.layer=18"",""probe.layers=[]"",""probe.feature_view=pooled"",""probe.device=cpu"",""probe.lr=0.00013292918943162159"",""probe.weight_decay=0.0050615768887523043"",""probe.batch_size=32"",""probe.eval_batch_size=1024"",""probe.epochs=2000"",""probe.early_stopping.enabled=false"",""probe.early_stopping.patience=5"",""probe.optuna.enabled=false"",""probe.output_dir=artifacts/probes/intphys2"",""probe.output_subdir=seed_runs_layerwise_same_l_v1/intphys2__same_l__videomae__vit_large_16_224__mlp__layer_18/seed_102"",""probe.eval_output_dir=artifacts/results/intphys2"",""probe.eval_output_subdir=seed_runs_layerwise_same_l_v1/intphys2__same_l__videomae__vit_large_16_224__mlp__layer_18/seed_102"",""probe.wandb.group=seed_runs_layerwise_same_l_v1_intphys2__same_l__videomae__vit_large_16_224__mlp__layer_18"",""probe.wandb.name=intphys2__same_l__videomae__vit_large_16_224__mlp__layer_18__seed_102"",""probe.mlp.hidden_dims=[256]"",""probe.mlp.dropout=0.21597250932105788"",""feature_cache.layer_ids=[6,12,18,24]""]",results/verified_layerwise_probe_configs.csv,102,104,3c257c3e9a2d9c57,VERIFIED_FULL,"{""batch_size"":32,""dropout"":0.21597250932105788,""early_stopping"":{""enabled"":false,""patience"":5},""epochs"":2000,""eval_batch_size"":1024,""feature_view"":""pooled"",""hidden_dims"":[256],""layer"":18,""lr"":0.0001329291894316216,""slot"":null,""weight_decay"":0.005061576888752304}",same_size_ablation/intphys_same_size_ablation/MLP/intphys2_probe_mlp_videomae_vit_large_16_224_20260526T235559Z/layer_18/train/optuna_summary.json
intphys2__same_l__videomae__vit_large_16_224__mlp__layer_24__seed_101,intphys2__same_l__videomae__vit_large_16_224__mlp__layer_24,train_eval.probe.intphys2,IntPhys2,intphys2,same_L,VideoMAE,ViT-L/16,MLP,mlp,101,42,videomae,vit_large_16_224,24,,24,pooled,0.00013292918943162159,0.0050615768887523043,32,1024,2000,false,5,[256],0.21597250932105788,,,,,cpu,artifacts/probes/intphys2,seed_runs_layerwise_same_l_v1/intphys2__same_l__videomae__vit_large_16_224__mlp__layer_24/seed_101,artifacts/results/intphys2,seed_runs_layerwise_same_l_v1/intphys2__same_l__videomae__vit_large_16_224__mlp__layer_24/seed_101,seed_runs_layerwise_same_l_v1_intphys2__same_l__videomae__vit_large_16_224__mlp__layer_24,intphys2__same_l__videomae__vit_large_16_224__mlp__layer_24__seed_101,pending,,"[""seed=101"",""split.seed=42"",""backbone.name=videomae"",""+backbone.kwargs.variant=vit_large_16_224"",""probe.name=mlp"",""probe.layer=24"",""probe.layers=[]"",""probe.feature_view=pooled"",""probe.device=cpu"",""probe.lr=0.00013292918943162159"",""probe.weight_decay=0.0050615768887523043"",""probe.batch_size=32"",""probe.eval_batch_size=1024"",""probe.epochs=2000"",""probe.early_stopping.enabled=false"",""probe.early_stopping.patience=5"",""probe.optuna.enabled=false"",""probe.output_dir=artifacts/probes/intphys2"",""probe.output_subdir=seed_runs_layerwise_same_l_v1/intphys2__same_l__videomae__vit_large_16_224__mlp__layer_24/seed_101"",""probe.eval_output_dir=artifacts/results/intphys2"",""probe.eval_output_subdir=seed_runs_layerwise_same_l_v1/intphys2__same_l__videomae__vit_large_16_224__mlp__layer_24/seed_101"",""probe.wandb.group=seed_runs_layerwise_same_l_v1_intphys2__same_l__videomae__vit_large_16_224__mlp__layer_24"",""probe.wandb.name=intphys2__same_l__videomae__vit_large_16_224__mlp__layer_24__seed_101"",""probe.mlp.hidden_dims=[256]"",""probe.mlp.dropout=0.21597250932105788"",""feature_cache.layer_ids=[6,12,18,24]""]",results/verified_layerwise_probe_configs.csv,103,105,d6e409d599dedc4d,VERIFIED_FULL,"{""batch_size"":32,""dropout"":0.21597250932105788,""early_stopping"":{""enabled"":false,""patience"":5},""epochs"":2000,""eval_batch_size"":1024,""feature_view"":""pooled"",""hidden_dims"":[256],""layer"":24,""lr"":0.0001329291894316216,""slot"":null,""weight_decay"":0.005061576888752304}",same_size_ablation/intphys_same_size_ablation/MLP/intphys2_probe_mlp_videomae_vit_large_16_224_20260526T235559Z/layer_24/train/optuna_summary.json
intphys2__same_l__videomae__vit_large_16_224__mlp__layer_24__seed_102,intphys2__same_l__videomae__vit_large_16_224__mlp__layer_24,train_eval.probe.intphys2,IntPhys2,intphys2,same_L,VideoMAE,ViT-L/16,MLP,mlp,102,42,videomae,vit_large_16_224,24,,24,pooled,0.00013292918943162159,0.0050615768887523043,32,1024,2000,false,5,[256],0.21597250932105788,,,,,cpu,artifacts/probes/intphys2,seed_runs_layerwise_same_l_v1/intphys2__same_l__videomae__vit_large_16_224__mlp__layer_24/seed_102,artifacts/results/intphys2,seed_runs_layerwise_same_l_v1/intphys2__same_l__videomae__vit_large_16_224__mlp__layer_24/seed_102,seed_runs_layerwise_same_l_v1_intphys2__same_l__videomae__vit_large_16_224__mlp__layer_24,intphys2__same_l__videomae__vit_large_16_224__mlp__layer_24__seed_102,pending,,"[""seed=102"",""split.seed=42"",""backbone.name=videomae"",""+backbone.kwargs.variant=vit_large_16_224"",""probe.name=mlp"",""probe.layer=24"",""probe.layers=[]"",""probe.feature_view=pooled"",""probe.device=cpu"",""probe.lr=0.00013292918943162159"",""probe.weight_decay=0.0050615768887523043"",""probe.batch_size=32"",""probe.eval_batch_size=1024"",""probe.epochs=2000"",""probe.early_stopping.enabled=false"",""probe.early_stopping.patience=5"",""probe.optuna.enabled=false"",""probe.output_dir=artifacts/probes/intphys2"",""probe.output_subdir=seed_runs_layerwise_same_l_v1/intphys2__same_l__videomae__vit_large_16_224__mlp__layer_24/seed_102"",""probe.eval_output_dir=artifacts/results/intphys2"",""probe.eval_output_subdir=seed_runs_layerwise_same_l_v1/intphys2__same_l__videomae__vit_large_16_224__mlp__layer_24/seed_102"",""probe.wandb.group=seed_runs_layerwise_same_l_v1_intphys2__same_l__videomae__vit_large_16_224__mlp__layer_24"",""probe.wandb.name=intphys2__same_l__videomae__vit_large_16_224__mlp__layer_24__seed_102"",""probe.mlp.hidden_dims=[256]"",""probe.mlp.dropout=0.21597250932105788"",""feature_cache.layer_ids=[6,12,18,24]""]",results/verified_layerwise_probe_configs.csv,103,105,d6e409d599dedc4d,VERIFIED_FULL,"{""batch_size"":32,""dropout"":0.21597250932105788,""early_stopping"":{""enabled"":false,""patience"":5},""epochs"":2000,""eval_batch_size"":1024,""feature_view"":""pooled"",""hidden_dims"":[256],""layer"":24,""lr"":0.0001329291894316216,""slot"":null,""weight_decay"":0.005061576888752304}",same_size_ablation/intphys_same_size_ablation/MLP/intphys2_probe_mlp_videomae_vit_large_16_224_20260526T235559Z/layer_24/train/optuna_summary.json
intphys2__same_l__videomae_v2__vit_large_16_224__linear__layer_6__seed_101,intphys2__same_l__videomae_v2__vit_large_16_224__linear__layer_6,train_eval.probe.intphys2,IntPhys2,intphys2,same_L,VideoMAE-v2,ViT-L/16,Linear,linear,101,42,videomae_v2,vit_large_16_224,6,,6,pooled,0.00043664735929796326,1.2856617791467908e-07,32,1024,50,false,5,,,,,,,cpu,artifacts/probes/intphys2,seed_runs_layerwise_same_l_v1/intphys2__same_l__videomae_v2__vit_large_16_224__linear__layer_6/seed_101,artifacts/results/intphys2,seed_runs_layerwise_same_l_v1/intphys2__same_l__videomae_v2__vit_large_16_224__linear__layer_6/seed_101,seed_runs_layerwise_same_l_v1_intphys2__same_l__videomae_v2__vit_large_16_224__linear__layer_6,intphys2__same_l__videomae_v2__vit_large_16_224__linear__layer_6__seed_101,pending,,"[""seed=101"",""split.seed=42"",""backbone.name=videomae_v2"",""+backbone.kwargs.variant=vit_large_16_224"",""probe.name=linear"",""probe.layer=6"",""probe.layers=[]"",""probe.feature_view=pooled"",""probe.device=cpu"",""probe.lr=0.00043664735929796326"",""probe.weight_decay=1.2856617791467908e-07"",""probe.batch_size=32"",""probe.eval_batch_size=1024"",""probe.epochs=50"",""probe.early_stopping.enabled=false"",""probe.early_stopping.patience=5"",""probe.optuna.enabled=false"",""probe.output_dir=artifacts/probes/intphys2"",""probe.output_subdir=seed_runs_layerwise_same_l_v1/intphys2__same_l__videomae_v2__vit_large_16_224__linear__layer_6/seed_101"",""probe.eval_output_dir=artifacts/results/intphys2"",""probe.eval_output_subdir=seed_runs_layerwise_same_l_v1/intphys2__same_l__videomae_v2__vit_large_16_224__linear__layer_6/seed_101"",""probe.wandb.group=seed_runs_layerwise_same_l_v1_intphys2__same_l__videomae_v2__vit_large_16_224__linear__layer_6"",""probe.wandb.name=intphys2__same_l__videomae_v2__vit_large_16_224__linear__layer_6__seed_101"",""feature_cache.layer_ids=[6,12,18,24]""]",results/verified_layerwise_probe_configs.csv,132,134,1c13629091e08a8e,VERIFIED_FULL,"{""batch_size"":32,""early_stopping"":{""enabled"":false,""patience"":5},""epochs"":50,""eval_batch_size"":1024,""feature_view"":""pooled"",""layer"":6,""lr"":0.00043664735929796326,""slot"":null,""weight_decay"":1.2856617791467908e-07}",same_size_ablation/intphys_same_size_ablation/Linear/intphys2_probe_linear_videomae_v2_vit_large_16_224_20260526T233042Z/layer_6/train/optuna_summary.json
intphys2__same_l__videomae_v2__vit_large_16_224__linear__layer_6__seed_102,intphys2__same_l__videomae_v2__vit_large_16_224__linear__layer_6,train_eval.probe.intphys2,IntPhys2,intphys2,same_L,VideoMAE-v2,ViT-L/16,Linear,linear,102,42,videomae_v2,vit_large_16_224,6,,6,pooled,0.00043664735929796326,1.2856617791467908e-07,32,1024,50,false,5,,,,,,,cpu,artifacts/probes/intphys2,seed_runs_layerwise_same_l_v1/intphys2__same_l__videomae_v2__vit_large_16_224__linear__layer_6/seed_102,artifacts/results/intphys2,seed_runs_layerwise_same_l_v1/intphys2__same_l__videomae_v2__vit_large_16_224__linear__layer_6/seed_102,seed_runs_layerwise_same_l_v1_intphys2__same_l__videomae_v2__vit_large_16_224__linear__layer_6,intphys2__same_l__videomae_v2__vit_large_16_224__linear__layer_6__seed_102,pending,,"[""seed=102"",""split.seed=42"",""backbone.name=videomae_v2"",""+backbone.kwargs.variant=vit_large_16_224"",""probe.name=linear"",""probe.layer=6"",""probe.layers=[]"",""probe.feature_view=pooled"",""probe.device=cpu"",""probe.lr=0.00043664735929796326"",""probe.weight_decay=1.2856617791467908e-07"",""probe.batch_size=32"",""probe.eval_batch_size=1024"",""probe.epochs=50"",""probe.early_stopping.enabled=false"",""probe.early_stopping.patience=5"",""probe.optuna.enabled=false"",""probe.output_dir=artifacts/probes/intphys2"",""probe.output_subdir=seed_runs_layerwise_same_l_v1/intphys2__same_l__videomae_v2__vit_large_16_224__linear__layer_6/seed_102"",""probe.eval_output_dir=artifacts/results/intphys2"",""probe.eval_output_subdir=seed_runs_layerwise_same_l_v1/intphys2__same_l__videomae_v2__vit_large_16_224__linear__layer_6/seed_102"",""probe.wandb.group=seed_runs_layerwise_same_l_v1_intphys2__same_l__videomae_v2__vit_large_16_224__linear__layer_6"",""probe.wandb.name=intphys2__same_l__videomae_v2__vit_large_16_224__linear__layer_6__seed_102"",""feature_cache.layer_ids=[6,12,18,24]""]",results/verified_layerwise_probe_configs.csv,132,134,1c13629091e08a8e,VERIFIED_FULL,"{""batch_size"":32,""early_stopping"":{""enabled"":false,""patience"":5},""epochs"":50,""eval_batch_size"":1024,""feature_view"":""pooled"",""layer"":6,""lr"":0.00043664735929796326,""slot"":null,""weight_decay"":1.2856617791467908e-07}",same_size_ablation/intphys_same_size_ablation/Linear/intphys2_probe_linear_videomae_v2_vit_large_16_224_20260526T233042Z/layer_6/train/optuna_summary.json
intphys2__same_l__videomae_v2__vit_large_16_224__linear__layer_12__seed_101,intphys2__same_l__videomae_v2__vit_large_16_224__linear__layer_12,train_eval.probe.intphys2,IntPhys2,intphys2,same_L,VideoMAE-v2,ViT-L/16,Linear,linear,101,42,videomae_v2,vit_large_16_224,12,,12,pooled,0.00023345864076016249,0.00051410966488057519,128,1024,1000,false,5,,,,,,,cpu,artifacts/probes/intphys2,seed_runs_layerwise_same_l_v1/intphys2__same_l__videomae_v2__vit_large_16_224__linear__layer_12/seed_101,artifacts/results/intphys2,seed_runs_layerwise_same_l_v1/intphys2__same_l__videomae_v2__vit_large_16_224__linear__layer_12/seed_101,seed_runs_layerwise_same_l_v1_intphys2__same_l__videomae_v2__vit_large_16_224__linear__layer_12,intphys2__same_l__videomae_v2__vit_large_16_224__linear__layer_12__seed_101,pending,,"[""seed=101"",""split.seed=42"",""backbone.name=videomae_v2"",""+backbone.kwargs.variant=vit_large_16_224"",""probe.name=linear"",""probe.layer=12"",""probe.layers=[]"",""probe.feature_view=pooled"",""probe.device=cpu"",""probe.lr=0.00023345864076016249"",""probe.weight_decay=0.00051410966488057519"",""probe.batch_size=128"",""probe.eval_batch_size=1024"",""probe.epochs=1000"",""probe.early_stopping.enabled=false"",""probe.early_stopping.patience=5"",""probe.optuna.enabled=false"",""probe.output_dir=artifacts/probes/intphys2"",""probe.output_subdir=seed_runs_layerwise_same_l_v1/intphys2__same_l__videomae_v2__vit_large_16_224__linear__layer_12/seed_101"",""probe.eval_output_dir=artifacts/results/intphys2"",""probe.eval_output_subdir=seed_runs_layerwise_same_l_v1/intphys2__same_l__videomae_v2__vit_large_16_224__linear__layer_12/seed_101"",""probe.wandb.group=seed_runs_layerwise_same_l_v1_intphys2__same_l__videomae_v2__vit_large_16_224__linear__layer_12"",""probe.wandb.name=intphys2__same_l__videomae_v2__vit_large_16_224__linear__layer_12__seed_101"",""feature_cache.layer_ids=[6,12,18,24]""]",results/verified_layerwise_probe_configs.csv,133,135,99130a4a4d20ed83,VERIFIED_FULL,"{""batch_size"":128,""early_stopping"":{""enabled"":false,""patience"":5},""epochs"":1000,""eval_batch_size"":1024,""feature_view"":""pooled"",""layer"":12,""lr"":0.00023345864076016249,""slot"":null,""weight_decay"":0.0005141096648805752}",same_size_ablation/intphys_same_size_ablation/Linear/intphys2_probe_linear_videomae_v2_vit_large_16_224_20260526T233042Z/layer_12/train/optuna_summary.json
intphys2__same_l__videomae_v2__vit_large_16_224__linear__layer_12__seed_102,intphys2__same_l__videomae_v2__vit_large_16_224__linear__layer_12,train_eval.probe.intphys2,IntPhys2,intphys2,same_L,VideoMAE-v2,ViT-L/16,Linear,linear,102,42,videomae_v2,vit_large_16_224,12,,12,pooled,0.00023345864076016249,0.00051410966488057519,128,1024,1000,false,5,,,,,,,cpu,artifacts/probes/intphys2,seed_runs_layerwise_same_l_v1/intphys2__same_l__videomae_v2__vit_large_16_224__linear__layer_12/seed_102,artifacts/results/intphys2,seed_runs_layerwise_same_l_v1/intphys2__same_l__videomae_v2__vit_large_16_224__linear__layer_12/seed_102,seed_runs_layerwise_same_l_v1_intphys2__same_l__videomae_v2__vit_large_16_224__linear__layer_12,intphys2__same_l__videomae_v2__vit_large_16_224__linear__layer_12__seed_102,pending,,"[""seed=102"",""split.seed=42"",""backbone.name=videomae_v2"",""+backbone.kwargs.variant=vit_large_16_224"",""probe.name=linear"",""probe.layer=12"",""probe.layers=[]"",""probe.feature_view=pooled"",""probe.device=cpu"",""probe.lr=0.00023345864076016249"",""probe.weight_decay=0.00051410966488057519"",""probe.batch_size=128"",""probe.eval_batch_size=1024"",""probe.epochs=1000"",""probe.early_stopping.enabled=false"",""probe.early_stopping.patience=5"",""probe.optuna.enabled=false"",""probe.output_dir=artifacts/probes/intphys2"",""probe.output_subdir=seed_runs_layerwise_same_l_v1/intphys2__same_l__videomae_v2__vit_large_16_224__linear__layer_12/seed_102"",""probe.eval_output_dir=artifacts/results/intphys2"",""probe.eval_output_subdir=seed_runs_layerwise_same_l_v1/intphys2__same_l__videomae_v2__vit_large_16_224__linear__layer_12/seed_102"",""probe.wandb.group=seed_runs_layerwise_same_l_v1_intphys2__same_l__videomae_v2__vit_large_16_224__linear__layer_12"",""probe.wandb.name=intphys2__same_l__videomae_v2__vit_large_16_224__linear__layer_12__seed_102"",""feature_cache.layer_ids=[6,12,18,24]""]",results/verified_layerwise_probe_configs.csv,133,135,99130a4a4d20ed83,VERIFIED_FULL,"{""batch_size"":128,""early_stopping"":{""enabled"":false,""patience"":5},""epochs"":1000,""eval_batch_size"":1024,""feature_view"":""pooled"",""layer"":12,""lr"":0.00023345864076016249,""slot"":null,""weight_decay"":0.0005141096648805752}",same_size_ablation/intphys_same_size_ablation/Linear/intphys2_probe_linear_videomae_v2_vit_large_16_224_20260526T233042Z/layer_12/train/optuna_summary.json
intphys2__same_l__videomae_v2__vit_large_16_224__linear__layer_18__seed_101,intphys2__same_l__videomae_v2__vit_large_16_224__linear__layer_18,train_eval.probe.intphys2,IntPhys2,intphys2,same_L,VideoMAE-v2,ViT-L/16,Linear,linear,101,42,videomae_v2,vit_large_16_224,18,,18,pooled,0.0078049615110440127,7.2824316925743996e-05,64,1024,2000,false,5,,,,,,,cpu,artifacts/probes/intphys2,seed_runs_layerwise_same_l_v1/intphys2__same_l__videomae_v2__vit_large_16_224__linear__layer_18/seed_101,artifacts/results/intphys2,seed_runs_layerwise_same_l_v1/intphys2__same_l__videomae_v2__vit_large_16_224__linear__layer_18/seed_101,seed_runs_layerwise_same_l_v1_intphys2__same_l__videomae_v2__vit_large_16_224__linear__layer_18,intphys2__same_l__videomae_v2__vit_large_16_224__linear__layer_18__seed_101,pending,,"[""seed=101"",""split.seed=42"",""backbone.name=videomae_v2"",""+backbone.kwargs.variant=vit_large_16_224"",""probe.name=linear"",""probe.layer=18"",""probe.layers=[]"",""probe.feature_view=pooled"",""probe.device=cpu"",""probe.lr=0.0078049615110440127"",""probe.weight_decay=7.2824316925743996e-05"",""probe.batch_size=64"",""probe.eval_batch_size=1024"",""probe.epochs=2000"",""probe.early_stopping.enabled=false"",""probe.early_stopping.patience=5"",""probe.optuna.enabled=false"",""probe.output_dir=artifacts/probes/intphys2"",""probe.output_subdir=seed_runs_layerwise_same_l_v1/intphys2__same_l__videomae_v2__vit_large_16_224__linear__layer_18/seed_101"",""probe.eval_output_dir=artifacts/results/intphys2"",""probe.eval_output_subdir=seed_runs_layerwise_same_l_v1/intphys2__same_l__videomae_v2__vit_large_16_224__linear__layer_18/seed_101"",""probe.wandb.group=seed_runs_layerwise_same_l_v1_intphys2__same_l__videomae_v2__vit_large_16_224__linear__layer_18"",""probe.wandb.name=intphys2__same_l__videomae_v2__vit_large_16_224__linear__layer_18__seed_101"",""feature_cache.layer_ids=[6,12,18,24]""]",results/verified_layerwise_probe_configs.csv,134,136,d788102e6f557b91,VERIFIED_FULL,"{""batch_size"":64,""early_stopping"":{""enabled"":false,""patience"":5},""epochs"":2000,""eval_batch_size"":1024,""feature_view"":""pooled"",""layer"":18,""lr"":0.007804961511044013,""slot"":null,""weight_decay"":7.2824316925744e-05}",same_size_ablation/intphys_same_size_ablation/Linear/intphys2_probe_linear_videomae_v2_vit_large_16_224_20260526T233042Z/layer_18/train/optuna_summary.json
intphys2__same_l__videomae_v2__vit_large_16_224__linear__layer_18__seed_102,intphys2__same_l__videomae_v2__vit_large_16_224__linear__layer_18,train_eval.probe.intphys2,IntPhys2,intphys2,same_L,VideoMAE-v2,ViT-L/16,Linear,linear,102,42,videomae_v2,vit_large_16_224,18,,18,pooled,0.0078049615110440127,7.2824316925743996e-05,64,1024,2000,false,5,,,,,,,cpu,artifacts/probes/intphys2,seed_runs_layerwise_same_l_v1/intphys2__same_l__videomae_v2__vit_large_16_224__linear__layer_18/seed_102,artifacts/results/intphys2,seed_runs_layerwise_same_l_v1/intphys2__same_l__videomae_v2__vit_large_16_224__linear__layer_18/seed_102,seed_runs_layerwise_same_l_v1_intphys2__same_l__videomae_v2__vit_large_16_224__linear__layer_18,intphys2__same_l__videomae_v2__vit_large_16_224__linear__layer_18__seed_102,pending,,"[""seed=102"",""split.seed=42"",""backbone.name=videomae_v2"",""+backbone.kwargs.variant=vit_large_16_224"",""probe.name=linear"",""probe.layer=18"",""probe.layers=[]"",""probe.feature_view=pooled"",""probe.device=cpu"",""probe.lr=0.0078049615110440127"",""probe.weight_decay=7.2824316925743996e-05"",""probe.batch_size=64"",""probe.eval_batch_size=1024"",""probe.epochs=2000"",""probe.early_stopping.enabled=false"",""probe.early_stopping.patience=5"",""probe.optuna.enabled=false"",""probe.output_dir=artifacts/probes/intphys2"",""probe.output_subdir=seed_runs_layerwise_same_l_v1/intphys2__same_l__videomae_v2__vit_large_16_224__linear__layer_18/seed_102"",""probe.eval_output_dir=artifacts/results/intphys2"",""probe.eval_output_subdir=seed_runs_layerwise_same_l_v1/intphys2__same_l__videomae_v2__vit_large_16_224__linear__layer_18/seed_102"",""probe.wandb.group=seed_runs_layerwise_same_l_v1_intphys2__same_l__videomae_v2__vit_large_16_224__linear__layer_18"",""probe.wandb.name=intphys2__same_l__videomae_v2__vit_large_16_224__linear__layer_18__seed_102"",""feature_cache.layer_ids=[6,12,18,24]""]",results/verified_layerwise_probe_configs.csv,134,136,d788102e6f557b91,VERIFIED_FULL,"{""batch_size"":64,""early_stopping"":{""enabled"":false,""patience"":5},""epochs"":2000,""eval_batch_size"":1024,""feature_view"":""pooled"",""layer"":18,""lr"":0.007804961511044013,""slot"":null,""weight_decay"":7.2824316925744e-05}",same_size_ablation/intphys_same_size_ablation/Linear/intphys2_probe_linear_videomae_v2_vit_large_16_224_20260526T233042Z/layer_18/train/optuna_summary.json
intphys2__same_l__videomae_v2__vit_large_16_224__linear__layer_24__seed_101,intphys2__same_l__videomae_v2__vit_large_16_224__linear__layer_24,train_eval.probe.intphys2,IntPhys2,intphys2,same_L,VideoMAE-v2,ViT-L/16,Linear,linear,101,42,videomae_v2,vit_large_16_224,24,,24,pooled,0.00013292918943162159,0.0050615768887523043,32,1024,2000,false,5,,,,,,,cpu,artifacts/probes/intphys2,seed_runs_layerwise_same_l_v1/intphys2__same_l__videomae_v2__vit_large_16_224__linear__layer_24/seed_101,artifacts/results/intphys2,seed_runs_layerwise_same_l_v1/intphys2__same_l__videomae_v2__vit_large_16_224__linear__layer_24/seed_101,seed_runs_layerwise_same_l_v1_intphys2__same_l__videomae_v2__vit_large_16_224__linear__layer_24,intphys2__same_l__videomae_v2__vit_large_16_224__linear__layer_24__seed_101,pending,,"[""seed=101"",""split.seed=42"",""backbone.name=videomae_v2"",""+backbone.kwargs.variant=vit_large_16_224"",""probe.name=linear"",""probe.layer=24"",""probe.layers=[]"",""probe.feature_view=pooled"",""probe.device=cpu"",""probe.lr=0.00013292918943162159"",""probe.weight_decay=0.0050615768887523043"",""probe.batch_size=32"",""probe.eval_batch_size=1024"",""probe.epochs=2000"",""probe.early_stopping.enabled=false"",""probe.early_stopping.patience=5"",""probe.optuna.enabled=false"",""probe.output_dir=artifacts/probes/intphys2"",""probe.output_subdir=seed_runs_layerwise_same_l_v1/intphys2__same_l__videomae_v2__vit_large_16_224__linear__layer_24/seed_101"",""probe.eval_output_dir=artifacts/results/intphys2"",""probe.eval_output_subdir=seed_runs_layerwise_same_l_v1/intphys2__same_l__videomae_v2__vit_large_16_224__linear__layer_24/seed_101"",""probe.wandb.group=seed_runs_layerwise_same_l_v1_intphys2__same_l__videomae_v2__vit_large_16_224__linear__layer_24"",""probe.wandb.name=intphys2__same_l__videomae_v2__vit_large_16_224__linear__layer_24__seed_101"",""feature_cache.layer_ids=[6,12,18,24]""]",results/verified_layerwise_probe_configs.csv,135,137,0b4395816b521de2,VERIFIED_FULL,"{""batch_size"":32,""early_stopping"":{""enabled"":false,""patience"":5},""epochs"":2000,""eval_batch_size"":1024,""feature_view"":""pooled"",""layer"":24,""lr"":0.0001329291894316216,""slot"":null,""weight_decay"":0.005061576888752304}",same_size_ablation/intphys_same_size_ablation/Linear/intphys2_probe_linear_videomae_v2_vit_large_16_224_20260526T233042Z/layer_24/train/optuna_summary.json
intphys2__same_l__videomae_v2__vit_large_16_224__linear__layer_24__seed_102,intphys2__same_l__videomae_v2__vit_large_16_224__linear__layer_24,train_eval.probe.intphys2,IntPhys2,intphys2,same_L,VideoMAE-v2,ViT-L/16,Linear,linear,102,42,videomae_v2,vit_large_16_224,24,,24,pooled,0.00013292918943162159,0.0050615768887523043,32,1024,2000,false,5,,,,,,,cpu,artifacts/probes/intphys2,seed_runs_layerwise_same_l_v1/intphys2__same_l__videomae_v2__vit_large_16_224__linear__layer_24/seed_102,artifacts/results/intphys2,seed_runs_layerwise_same_l_v1/intphys2__same_l__videomae_v2__vit_large_16_224__linear__layer_24/seed_102,seed_runs_layerwise_same_l_v1_intphys2__same_l__videomae_v2__vit_large_16_224__linear__layer_24,intphys2__same_l__videomae_v2__vit_large_16_224__linear__layer_24__seed_102,pending,,"[""seed=102"",""split.seed=42"",""backbone.name=videomae_v2"",""+backbone.kwargs.variant=vit_large_16_224"",""probe.name=linear"",""probe.layer=24"",""probe.layers=[]"",""probe.feature_view=pooled"",""probe.device=cpu"",""probe.lr=0.00013292918943162159"",""probe.weight_decay=0.0050615768887523043"",""probe.batch_size=32"",""probe.eval_batch_size=1024"",""probe.epochs=2000"",""probe.early_stopping.enabled=false"",""probe.early_stopping.patience=5"",""probe.optuna.enabled=false"",""probe.output_dir=artifacts/probes/intphys2"",""probe.output_subdir=seed_runs_layerwise_same_l_v1/intphys2__same_l__videomae_v2__vit_large_16_224__linear__layer_24/seed_102"",""probe.eval_output_dir=artifacts/results/intphys2"",""probe.eval_output_subdir=seed_runs_layerwise_same_l_v1/intphys2__same_l__videomae_v2__vit_large_16_224__linear__layer_24/seed_102"",""probe.wandb.group=seed_runs_layerwise_same_l_v1_intphys2__same_l__videomae_v2__vit_large_16_224__linear__layer_24"",""probe.wandb.name=intphys2__same_l__videomae_v2__vit_large_16_224__linear__layer_24__seed_102"",""feature_cache.layer_ids=[6,12,18,24]""]",results/verified_layerwise_probe_configs.csv,135,137,0b4395816b521de2,VERIFIED_FULL,"{""batch_size"":32,""early_stopping"":{""enabled"":false,""patience"":5},""epochs"":2000,""eval_batch_size"":1024,""feature_view"":""pooled"",""layer"":24,""lr"":0.0001329291894316216,""slot"":null,""weight_decay"":0.005061576888752304}",same_size_ablation/intphys_same_size_ablation/Linear/intphys2_probe_linear_videomae_v2_vit_large_16_224_20260526T233042Z/layer_24/train/optuna_summary.json
intphys2__same_l__videomae_v2__vit_large_16_224__mlp__layer_6__seed_101,intphys2__same_l__videomae_v2__vit_large_16_224__mlp__layer_6,train_eval.probe.intphys2,IntPhys2,intphys2,same_L,VideoMAE-v2,ViT-L/16,MLP,mlp,101,42,videomae_v2,vit_large_16_224,6,,6,pooled,3.8721180321745841e-05,1.8679434894556277e-08,256,1024,1000,false,5,[256],0.36450358402049365,,,,,cpu,artifacts/probes/intphys2,seed_runs_layerwise_same_l_v1/intphys2__same_l__videomae_v2__vit_large_16_224__mlp__layer_6/seed_101,artifacts/results/intphys2,seed_runs_layerwise_same_l_v1/intphys2__same_l__videomae_v2__vit_large_16_224__mlp__layer_6/seed_101,seed_runs_layerwise_same_l_v1_intphys2__same_l__videomae_v2__vit_large_16_224__mlp__layer_6,intphys2__same_l__videomae_v2__vit_large_16_224__mlp__layer_6__seed_101,pending,,"[""seed=101"",""split.seed=42"",""backbone.name=videomae_v2"",""+backbone.kwargs.variant=vit_large_16_224"",""probe.name=mlp"",""probe.layer=6"",""probe.layers=[]"",""probe.feature_view=pooled"",""probe.device=cpu"",""probe.lr=3.8721180321745841e-05"",""probe.weight_decay=1.8679434894556277e-08"",""probe.batch_size=256"",""probe.eval_batch_size=1024"",""probe.epochs=1000"",""probe.early_stopping.enabled=false"",""probe.early_stopping.patience=5"",""probe.optuna.enabled=false"",""probe.output_dir=artifacts/probes/intphys2"",""probe.output_subdir=seed_runs_layerwise_same_l_v1/intphys2__same_l__videomae_v2__vit_large_16_224__mlp__layer_6/seed_101"",""probe.eval_output_dir=artifacts/results/intphys2"",""probe.eval_output_subdir=seed_runs_layerwise_same_l_v1/intphys2__same_l__videomae_v2__vit_large_16_224__mlp__layer_6/seed_101"",""probe.wandb.group=seed_runs_layerwise_same_l_v1_intphys2__same_l__videomae_v2__vit_large_16_224__mlp__layer_6"",""probe.wandb.name=intphys2__same_l__videomae_v2__vit_large_16_224__mlp__layer_6__seed_101"",""probe.mlp.hidden_dims=[256]"",""probe.mlp.dropout=0.36450358402049365"",""feature_cache.layer_ids=[6,12,18,24]""]",results/verified_layerwise_probe_configs.csv,136,138,a5510a0d6df18998,VERIFIED_FULL,"{""batch_size"":256,""dropout"":0.36450358402049365,""early_stopping"":{""enabled"":false,""patience"":5},""epochs"":1000,""eval_batch_size"":1024,""feature_view"":""pooled"",""hidden_dims"":[256],""layer"":6,""lr"":3.872118032174584e-05,""slot"":null,""weight_decay"":1.8679434894556277e-08}",same_size_ablation/intphys_same_size_ablation/MLP/intphys2_probe_mlp_videomae_v2_vit_large_16_224_20260527T000816Z/layer_6/train/optuna_summary.json
intphys2__same_l__videomae_v2__vit_large_16_224__mlp__layer_6__seed_102,intphys2__same_l__videomae_v2__vit_large_16_224__mlp__layer_6,train_eval.probe.intphys2,IntPhys2,intphys2,same_L,VideoMAE-v2,ViT-L/16,MLP,mlp,102,42,videomae_v2,vit_large_16_224,6,,6,pooled,3.8721180321745841e-05,1.8679434894556277e-08,256,1024,1000,false,5,[256],0.36450358402049365,,,,,cpu,artifacts/probes/intphys2,seed_runs_layerwise_same_l_v1/intphys2__same_l__videomae_v2__vit_large_16_224__mlp__layer_6/seed_102,artifacts/results/intphys2,seed_runs_layerwise_same_l_v1/intphys2__same_l__videomae_v2__vit_large_16_224__mlp__layer_6/seed_102,seed_runs_layerwise_same_l_v1_intphys2__same_l__videomae_v2__vit_large_16_224__mlp__layer_6,intphys2__same_l__videomae_v2__vit_large_16_224__mlp__layer_6__seed_102,pending,,"[""seed=102"",""split.seed=42"",""backbone.name=videomae_v2"",""+backbone.kwargs.variant=vit_large_16_224"",""probe.name=mlp"",""probe.layer=6"",""probe.layers=[]"",""probe.feature_view=pooled"",""probe.device=cpu"",""probe.lr=3.8721180321745841e-05"",""probe.weight_decay=1.8679434894556277e-08"",""probe.batch_size=256"",""probe.eval_batch_size=1024"",""probe.epochs=1000"",""probe.early_stopping.enabled=false"",""probe.early_stopping.patience=5"",""probe.optuna.enabled=false"",""probe.output_dir=artifacts/probes/intphys2"",""probe.output_subdir=seed_runs_layerwise_same_l_v1/intphys2__same_l__videomae_v2__vit_large_16_224__mlp__layer_6/seed_102"",""probe.eval_output_dir=artifacts/results/intphys2"",""probe.eval_output_subdir=seed_runs_layerwise_same_l_v1/intphys2__same_l__videomae_v2__vit_large_16_224__mlp__layer_6/seed_102"",""probe.wandb.group=seed_runs_layerwise_same_l_v1_intphys2__same_l__videomae_v2__vit_large_16_224__mlp__layer_6"",""probe.wandb.name=intphys2__same_l__videomae_v2__vit_large_16_224__mlp__layer_6__seed_102"",""probe.mlp.hidden_dims=[256]"",""probe.mlp.dropout=0.36450358402049365"",""feature_cache.layer_ids=[6,12,18,24]""]",results/verified_layerwise_probe_configs.csv,136,138,a5510a0d6df18998,VERIFIED_FULL,"{""batch_size"":256,""dropout"":0.36450358402049365,""early_stopping"":{""enabled"":false,""patience"":5},""epochs"":1000,""eval_batch_size"":1024,""feature_view"":""pooled"",""hidden_dims"":[256],""layer"":6,""lr"":3.872118032174584e-05,""slot"":null,""weight_decay"":1.8679434894556277e-08}",same_size_ablation/intphys_same_size_ablation/MLP/intphys2_probe_mlp_videomae_v2_vit_large_16_224_20260527T000816Z/layer_6/train/optuna_summary.json
intphys2__same_l__videomae_v2__vit_large_16_224__mlp__layer_12__seed_101,intphys2__same_l__videomae_v2__vit_large_16_224__mlp__layer_12,train_eval.probe.intphys2,IntPhys2,intphys2,same_L,VideoMAE-v2,ViT-L/16,MLP,mlp,101,42,videomae_v2,vit_large_16_224,12,,12,pooled,0.00013292918943162159,0.0050615768887523043,32,1024,2000,false,5,[256],0.21597250932105788,,,,,cpu,artifacts/probes/intphys2,seed_runs_layerwise_same_l_v1/intphys2__same_l__videomae_v2__vit_large_16_224__mlp__layer_12/seed_101,artifacts/results/intphys2,seed_runs_layerwise_same_l_v1/intphys2__same_l__videomae_v2__vit_large_16_224__mlp__layer_12/seed_101,seed_runs_layerwise_same_l_v1_intphys2__same_l__videomae_v2__vit_large_16_224__mlp__layer_12,intphys2__same_l__videomae_v2__vit_large_16_224__mlp__layer_12__seed_101,pending,,"[""seed=101"",""split.seed=42"",""backbone.name=videomae_v2"",""+backbone.kwargs.variant=vit_large_16_224"",""probe.name=mlp"",""probe.layer=12"",""probe.layers=[]"",""probe.feature_view=pooled"",""probe.device=cpu"",""probe.lr=0.00013292918943162159"",""probe.weight_decay=0.0050615768887523043"",""probe.batch_size=32"",""probe.eval_batch_size=1024"",""probe.epochs=2000"",""probe.early_stopping.enabled=false"",""probe.early_stopping.patience=5"",""probe.optuna.enabled=false"",""probe.output_dir=artifacts/probes/intphys2"",""probe.output_subdir=seed_runs_layerwise_same_l_v1/intphys2__same_l__videomae_v2__vit_large_16_224__mlp__layer_12/seed_101"",""probe.eval_output_dir=artifacts/results/intphys2"",""probe.eval_output_subdir=seed_runs_layerwise_same_l_v1/intphys2__same_l__videomae_v2__vit_large_16_224__mlp__layer_12/seed_101"",""probe.wandb.group=seed_runs_layerwise_same_l_v1_intphys2__same_l__videomae_v2__vit_large_16_224__mlp__layer_12"",""probe.wandb.name=intphys2__same_l__videomae_v2__vit_large_16_224__mlp__layer_12__seed_101"",""probe.mlp.hidden_dims=[256]"",""probe.mlp.dropout=0.21597250932105788"",""feature_cache.layer_ids=[6,12,18,24]""]",results/verified_layerwise_probe_configs.csv,137,139,42948db2565e8704,VERIFIED_FULL,"{""batch_size"":32,""dropout"":0.21597250932105788,""early_stopping"":{""enabled"":false,""patience"":5},""epochs"":2000,""eval_batch_size"":1024,""feature_view"":""pooled"",""hidden_dims"":[256],""layer"":12,""lr"":0.0001329291894316216,""slot"":null,""weight_decay"":0.005061576888752304}",same_size_ablation/intphys_same_size_ablation/MLP/intphys2_probe_mlp_videomae_v2_vit_large_16_224_20260527T000816Z/layer_12/train/optuna_summary.json
intphys2__same_l__videomae_v2__vit_large_16_224__mlp__layer_12__seed_102,intphys2__same_l__videomae_v2__vit_large_16_224__mlp__layer_12,train_eval.probe.intphys2,IntPhys2,intphys2,same_L,VideoMAE-v2,ViT-L/16,MLP,mlp,102,42,videomae_v2,vit_large_16_224,12,,12,pooled,0.00013292918943162159,0.0050615768887523043,32,1024,2000,false,5,[256],0.21597250932105788,,,,,cpu,artifacts/probes/intphys2,seed_runs_layerwise_same_l_v1/intphys2__same_l__videomae_v2__vit_large_16_224__mlp__layer_12/seed_102,artifacts/results/intphys2,seed_runs_layerwise_same_l_v1/intphys2__same_l__videomae_v2__vit_large_16_224__mlp__layer_12/seed_102,seed_runs_layerwise_same_l_v1_intphys2__same_l__videomae_v2__vit_large_16_224__mlp__layer_12,intphys2__same_l__videomae_v2__vit_large_16_224__mlp__layer_12__seed_102,pending,,"[""seed=102"",""split.seed=42"",""backbone.name=videomae_v2"",""+backbone.kwargs.variant=vit_large_16_224"",""probe.name=mlp"",""probe.layer=12"",""probe.layers=[]"",""probe.feature_view=pooled"",""probe.device=cpu"",""probe.lr=0.00013292918943162159"",""probe.weight_decay=0.0050615768887523043"",""probe.batch_size=32"",""probe.eval_batch_size=1024"",""probe.epochs=2000"",""probe.early_stopping.enabled=false"",""probe.early_stopping.patience=5"",""probe.optuna.enabled=false"",""probe.output_dir=artifacts/probes/intphys2"",""probe.output_subdir=seed_runs_layerwise_same_l_v1/intphys2__same_l__videomae_v2__vit_large_16_224__mlp__layer_12/seed_102"",""probe.eval_output_dir=artifacts/results/intphys2"",""probe.eval_output_subdir=seed_runs_layerwise_same_l_v1/intphys2__same_l__videomae_v2__vit_large_16_224__mlp__layer_12/seed_102"",""probe.wandb.group=seed_runs_layerwise_same_l_v1_intphys2__same_l__videomae_v2__vit_large_16_224__mlp__layer_12"",""probe.wandb.name=intphys2__same_l__videomae_v2__vit_large_16_224__mlp__layer_12__seed_102"",""probe.mlp.hidden_dims=[256]"",""probe.mlp.dropout=0.21597250932105788"",""feature_cache.layer_ids=[6,12,18,24]""]",results/verified_layerwise_probe_configs.csv,137,139,42948db2565e8704,VERIFIED_FULL,"{""batch_size"":32,""dropout"":0.21597250932105788,""early_stopping"":{""enabled"":false,""patience"":5},""epochs"":2000,""eval_batch_size"":1024,""feature_view"":""pooled"",""hidden_dims"":[256],""layer"":12,""lr"":0.0001329291894316216,""slot"":null,""weight_decay"":0.005061576888752304}",same_size_ablation/intphys_same_size_ablation/MLP/intphys2_probe_mlp_videomae_v2_vit_large_16_224_20260527T000816Z/layer_12/train/optuna_summary.json
intphys2__same_l__videomae_v2__vit_large_16_224__mlp__layer_18__seed_101,intphys2__same_l__videomae_v2__vit_large_16_224__mlp__layer_18,train_eval.probe.intphys2,IntPhys2,intphys2,same_L,VideoMAE-v2,ViT-L/16,MLP,mlp,101,42,videomae_v2,vit_large_16_224,18,,18,pooled,0.00013292918943162159,0.0050615768887523043,32,1024,2000,false,5,[256],0.21597250932105788,,,,,cpu,artifacts/probes/intphys2,seed_runs_layerwise_same_l_v1/intphys2__same_l__videomae_v2__vit_large_16_224__mlp__layer_18/seed_101,artifacts/results/intphys2,seed_runs_layerwise_same_l_v1/intphys2__same_l__videomae_v2__vit_large_16_224__mlp__layer_18/seed_101,seed_runs_layerwise_same_l_v1_intphys2__same_l__videomae_v2__vit_large_16_224__mlp__layer_18,intphys2__same_l__videomae_v2__vit_large_16_224__mlp__layer_18__seed_101,pending,,"[""seed=101"",""split.seed=42"",""backbone.name=videomae_v2"",""+backbone.kwargs.variant=vit_large_16_224"",""probe.name=mlp"",""probe.layer=18"",""probe.layers=[]"",""probe.feature_view=pooled"",""probe.device=cpu"",""probe.lr=0.00013292918943162159"",""probe.weight_decay=0.0050615768887523043"",""probe.batch_size=32"",""probe.eval_batch_size=1024"",""probe.epochs=2000"",""probe.early_stopping.enabled=false"",""probe.early_stopping.patience=5"",""probe.optuna.enabled=false"",""probe.output_dir=artifacts/probes/intphys2"",""probe.output_subdir=seed_runs_layerwise_same_l_v1/intphys2__same_l__videomae_v2__vit_large_16_224__mlp__layer_18/seed_101"",""probe.eval_output_dir=artifacts/results/intphys2"",""probe.eval_output_subdir=seed_runs_layerwise_same_l_v1/intphys2__same_l__videomae_v2__vit_large_16_224__mlp__layer_18/seed_101"",""probe.wandb.group=seed_runs_layerwise_same_l_v1_intphys2__same_l__videomae_v2__vit_large_16_224__mlp__layer_18"",""probe.wandb.name=intphys2__same_l__videomae_v2__vit_large_16_224__mlp__layer_18__seed_101"",""probe.mlp.hidden_dims=[256]"",""probe.mlp.dropout=0.21597250932105788"",""feature_cache.layer_ids=[6,12,18,24]""]",results/verified_layerwise_probe_configs.csv,138,140,8cac0ba5c421cce4,VERIFIED_FULL,"{""batch_size"":32,""dropout"":0.21597250932105788,""early_stopping"":{""enabled"":false,""patience"":5},""epochs"":2000,""eval_batch_size"":1024,""feature_view"":""pooled"",""hidden_dims"":[256],""layer"":18,""lr"":0.0001329291894316216,""slot"":null,""weight_decay"":0.005061576888752304}",same_size_ablation/intphys_same_size_ablation/MLP/intphys2_probe_mlp_videomae_v2_vit_large_16_224_20260527T000816Z/layer_18/train/optuna_summary.json
intphys2__same_l__videomae_v2__vit_large_16_224__mlp__layer_18__seed_102,intphys2__same_l__videomae_v2__vit_large_16_224__mlp__layer_18,train_eval.probe.intphys2,IntPhys2,intphys2,same_L,VideoMAE-v2,ViT-L/16,MLP,mlp,102,42,videomae_v2,vit_large_16_224,18,,18,pooled,0.00013292918943162159,0.0050615768887523043,32,1024,2000,false,5,[256],0.21597250932105788,,,,,cpu,artifacts/probes/intphys2,seed_runs_layerwise_same_l_v1/intphys2__same_l__videomae_v2__vit_large_16_224__mlp__layer_18/seed_102,artifacts/results/intphys2,seed_runs_layerwise_same_l_v1/intphys2__same_l__videomae_v2__vit_large_16_224__mlp__layer_18/seed_102,seed_runs_layerwise_same_l_v1_intphys2__same_l__videomae_v2__vit_large_16_224__mlp__layer_18,intphys2__same_l__videomae_v2__vit_large_16_224__mlp__layer_18__seed_102,pending,,"[""seed=102"",""split.seed=42"",""backbone.name=videomae_v2"",""+backbone.kwargs.variant=vit_large_16_224"",""probe.name=mlp"",""probe.layer=18"",""probe.layers=[]"",""probe.feature_view=pooled"",""probe.device=cpu"",""probe.lr=0.00013292918943162159"",""probe.weight_decay=0.0050615768887523043"",""probe.batch_size=32"",""probe.eval_batch_size=1024"",""probe.epochs=2000"",""probe.early_stopping.enabled=false"",""probe.early_stopping.patience=5"",""probe.optuna.enabled=false"",""probe.output_dir=artifacts/probes/intphys2"",""probe.output_subdir=seed_runs_layerwise_same_l_v1/intphys2__same_l__videomae_v2__vit_large_16_224__mlp__layer_18/seed_102"",""probe.eval_output_dir=artifacts/results/intphys2"",""probe.eval_output_subdir=seed_runs_layerwise_same_l_v1/intphys2__same_l__videomae_v2__vit_large_16_224__mlp__layer_18/seed_102"",""probe.wandb.group=seed_runs_layerwise_same_l_v1_intphys2__same_l__videomae_v2__vit_large_16_224__mlp__layer_18"",""probe.wandb.name=intphys2__same_l__videomae_v2__vit_large_16_224__mlp__layer_18__seed_102"",""probe.mlp.hidden_dims=[256]"",""probe.mlp.dropout=0.21597250932105788"",""feature_cache.layer_ids=[6,12,18,24]""]",results/verified_layerwise_probe_configs.csv,138,140,8cac0ba5c421cce4,VERIFIED_FULL,"{""batch_size"":32,""dropout"":0.21597250932105788,""early_stopping"":{""enabled"":false,""patience"":5},""epochs"":2000,""eval_batch_size"":1024,""feature_view"":""pooled"",""hidden_dims"":[256],""layer"":18,""lr"":0.0001329291894316216,""slot"":null,""weight_decay"":0.005061576888752304}",same_size_ablation/intphys_same_size_ablation/MLP/intphys2_probe_mlp_videomae_v2_vit_large_16_224_20260527T000816Z/layer_18/train/optuna_summary.json
intphys2__same_l__videomae_v2__vit_large_16_224__mlp__layer_24__seed_101,intphys2__same_l__videomae_v2__vit_large_16_224__mlp__layer_24,train_eval.probe.intphys2,IntPhys2,intphys2,same_L,VideoMAE-v2,ViT-L/16,MLP,mlp,101,42,videomae_v2,vit_large_16_224,24,,24,pooled,0.0013170860931241925,0.00074997805565941479,128,1024,50,false,5,[1024],0.0030832258118906608,,,,,cpu,artifacts/probes/intphys2,seed_runs_layerwise_same_l_v1/intphys2__same_l__videomae_v2__vit_large_16_224__mlp__layer_24/seed_101,artifacts/results/intphys2,seed_runs_layerwise_same_l_v1/intphys2__same_l__videomae_v2__vit_large_16_224__mlp__layer_24/seed_101,seed_runs_layerwise_same_l_v1_intphys2__same_l__videomae_v2__vit_large_16_224__mlp__layer_24,intphys2__same_l__videomae_v2__vit_large_16_224__mlp__layer_24__seed_101,pending,,"[""seed=101"",""split.seed=42"",""backbone.name=videomae_v2"",""+backbone.kwargs.variant=vit_large_16_224"",""probe.name=mlp"",""probe.layer=24"",""probe.layers=[]"",""probe.feature_view=pooled"",""probe.device=cpu"",""probe.lr=0.0013170860931241925"",""probe.weight_decay=0.00074997805565941479"",""probe.batch_size=128"",""probe.eval_batch_size=1024"",""probe.epochs=50"",""probe.early_stopping.enabled=false"",""probe.early_stopping.patience=5"",""probe.optuna.enabled=false"",""probe.output_dir=artifacts/probes/intphys2"",""probe.output_subdir=seed_runs_layerwise_same_l_v1/intphys2__same_l__videomae_v2__vit_large_16_224__mlp__layer_24/seed_101"",""probe.eval_output_dir=artifacts/results/intphys2"",""probe.eval_output_subdir=seed_runs_layerwise_same_l_v1/intphys2__same_l__videomae_v2__vit_large_16_224__mlp__layer_24/seed_101"",""probe.wandb.group=seed_runs_layerwise_same_l_v1_intphys2__same_l__videomae_v2__vit_large_16_224__mlp__layer_24"",""probe.wandb.name=intphys2__same_l__videomae_v2__vit_large_16_224__mlp__layer_24__seed_101"",""probe.mlp.hidden_dims=[1024]"",""probe.mlp.dropout=0.0030832258118906608"",""feature_cache.layer_ids=[6,12,18,24]""]",results/verified_layerwise_probe_configs.csv,139,141,7c2293f74d78e16d,VERIFIED_FULL,"{""batch_size"":128,""dropout"":0.003083225811890661,""early_stopping"":{""enabled"":false,""patience"":5},""epochs"":50,""eval_batch_size"":1024,""feature_view"":""pooled"",""hidden_dims"":[1024],""layer"":24,""lr"":0.0013170860931241925,""slot"":null,""weight_decay"":0.0007499780556594148}",same_size_ablation/intphys_same_size_ablation/MLP/intphys2_probe_mlp_videomae_v2_vit_large_16_224_20260527T000816Z/layer_24/train/optuna_summary.json
intphys2__same_l__videomae_v2__vit_large_16_224__mlp__layer_24__seed_102,intphys2__same_l__videomae_v2__vit_large_16_224__mlp__layer_24,train_eval.probe.intphys2,IntPhys2,intphys2,same_L,VideoMAE-v2,ViT-L/16,MLP,mlp,102,42,videomae_v2,vit_large_16_224,24,,24,pooled,0.0013170860931241925,0.00074997805565941479,128,1024,50,false,5,[1024],0.0030832258118906608,,,,,cpu,artifacts/probes/intphys2,seed_runs_layerwise_same_l_v1/intphys2__same_l__videomae_v2__vit_large_16_224__mlp__layer_24/seed_102,artifacts/results/intphys2,seed_runs_layerwise_same_l_v1/intphys2__same_l__videomae_v2__vit_large_16_224__mlp__layer_24/seed_102,seed_runs_layerwise_same_l_v1_intphys2__same_l__videomae_v2__vit_large_16_224__mlp__layer_24,intphys2__same_l__videomae_v2__vit_large_16_224__mlp__layer_24__seed_102,pending,,"[""seed=102"",""split.seed=42"",""backbone.name=videomae_v2"",""+backbone.kwargs.variant=vit_large_16_224"",""probe.name=mlp"",""probe.layer=24"",""probe.layers=[]"",""probe.feature_view=pooled"",""probe.device=cpu"",""probe.lr=0.0013170860931241925"",""probe.weight_decay=0.00074997805565941479"",""probe.batch_size=128"",""probe.eval_batch_size=1024"",""probe.epochs=50"",""probe.early_stopping.enabled=false"",""probe.early_stopping.patience=5"",""probe.optuna.enabled=false"",""probe.output_dir=artifacts/probes/intphys2"",""probe.output_subdir=seed_runs_layerwise_same_l_v1/intphys2__same_l__videomae_v2__vit_large_16_224__mlp__layer_24/seed_102"",""probe.eval_output_dir=artifacts/results/intphys2"",""probe.eval_output_subdir=seed_runs_layerwise_same_l_v1/intphys2__same_l__videomae_v2__vit_large_16_224__mlp__layer_24/seed_102"",""probe.wandb.group=seed_runs_layerwise_same_l_v1_intphys2__same_l__videomae_v2__vit_large_16_224__mlp__layer_24"",""probe.wandb.name=intphys2__same_l__videomae_v2__vit_large_16_224__mlp__layer_24__seed_102"",""probe.mlp.hidden_dims=[1024]"",""probe.mlp.dropout=0.0030832258118906608"",""feature_cache.layer_ids=[6,12,18,24]""]",results/verified_layerwise_probe_configs.csv,139,141,7c2293f74d78e16d,VERIFIED_FULL,"{""batch_size"":128,""dropout"":0.003083225811890661,""early_stopping"":{""enabled"":false,""patience"":5},""epochs"":50,""eval_batch_size"":1024,""feature_view"":""pooled"",""hidden_dims"":[1024],""layer"":24,""lr"":0.0013170860931241925,""slot"":null,""weight_decay"":0.0007499780556594148}",same_size_ablation/intphys_same_size_ablation/MLP/intphys2_probe_mlp_videomae_v2_vit_large_16_224_20260527T000816Z/layer_24/train/optuna_summary.json
mvp__same_l__jepa_v1__vitl16_224__linear__layer_6__seed_101,mvp__same_l__jepa_v1__vitl16_224__linear__layer_6,train_eval.probe.mvp,MVP,mvp,same_L,V-JEPA,ViT-L/16,Linear,linear,101,42,jepa_v1,vitl16_224,6,,6,pooled,0.007811452889188655,0.0001371575145876111,64,1024,2000,false,5,,,,,,,cpu,artifacts/probes/mvp,seed_runs_layerwise_same_l_v1/mvp__same_l__jepa_v1__vitl16_224__linear__layer_6/seed_101,artifacts/results/mvp,seed_runs_layerwise_same_l_v1/mvp__same_l__jepa_v1__vitl16_224__linear__layer_6/seed_101,seed_runs_layerwise_same_l_v1_mvp__same_l__jepa_v1__vitl16_224__linear__layer_6,mvp__same_l__jepa_v1__vitl16_224__linear__layer_6__seed_101,pending,,"[""seed=101"",""split.seed=42"",""backbone.name=jepa_v1"",""+backbone.kwargs.variant=vitl16_224"",""probe.name=linear"",""probe.layer=6"",""probe.layers=[]"",""probe.feature_view=pooled"",""probe.device=cpu"",""probe.lr=0.007811452889188655"",""probe.weight_decay=0.0001371575145876111"",""probe.batch_size=64"",""probe.eval_batch_size=1024"",""probe.epochs=2000"",""probe.early_stopping.enabled=false"",""probe.early_stopping.patience=5"",""probe.optuna.enabled=false"",""probe.output_dir=artifacts/probes/mvp"",""probe.output_subdir=seed_runs_layerwise_same_l_v1/mvp__same_l__jepa_v1__vitl16_224__linear__layer_6/seed_101"",""probe.eval_output_dir=artifacts/results/mvp"",""probe.eval_output_subdir=seed_runs_layerwise_same_l_v1/mvp__same_l__jepa_v1__vitl16_224__linear__layer_6/seed_101"",""probe.wandb.group=seed_runs_layerwise_same_l_v1_mvp__same_l__jepa_v1__vitl16_224__linear__layer_6"",""probe.wandb.name=mvp__same_l__jepa_v1__vitl16_224__linear__layer_6__seed_101"",""feature_cache.layer_ids=[6,12,18,24]""]",results/verified_layerwise_probe_configs.csv,324,326,b61f7787a1ab7533,VERIFIED_FULL,"{""batch_size"":64,""early_stopping"":{""enabled"":false,""patience"":5},""epochs"":2000,""eval_batch_size"":1024,""feature_view"":""pooled"",""layer"":6,""lr"":0.007811452889188655,""slot"":null,""weight_decay"":0.0001371575145876111}",same_size_ablation/mvp_same_size_ablation/linear/mvp_probe_linear_jepa_v1_vitl16_224_20260529T131228Z/layer_6/train/optuna_summary.json
mvp__same_l__jepa_v1__vitl16_224__linear__layer_6__seed_102,mvp__same_l__jepa_v1__vitl16_224__linear__layer_6,train_eval.probe.mvp,MVP,mvp,same_L,V-JEPA,ViT-L/16,Linear,linear,102,42,jepa_v1,vitl16_224,6,,6,pooled,0.007811452889188655,0.0001371575145876111,64,1024,2000,false,5,,,,,,,cpu,artifacts/probes/mvp,seed_runs_layerwise_same_l_v1/mvp__same_l__jepa_v1__vitl16_224__linear__layer_6/seed_102,artifacts/results/mvp,seed_runs_layerwise_same_l_v1/mvp__same_l__jepa_v1__vitl16_224__linear__layer_6/seed_102,seed_runs_layerwise_same_l_v1_mvp__same_l__jepa_v1__vitl16_224__linear__layer_6,mvp__same_l__jepa_v1__vitl16_224__linear__layer_6__seed_102,pending,,"[""seed=102"",""split.seed=42"",""backbone.name=jepa_v1"",""+backbone.kwargs.variant=vitl16_224"",""probe.name=linear"",""probe.layer=6"",""probe.layers=[]"",""probe.feature_view=pooled"",""probe.device=cpu"",""probe.lr=0.007811452889188655"",""probe.weight_decay=0.0001371575145876111"",""probe.batch_size=64"",""probe.eval_batch_size=1024"",""probe.epochs=2000"",""probe.early_stopping.enabled=false"",""probe.early_stopping.patience=5"",""probe.optuna.enabled=false"",""probe.output_dir=artifacts/probes/mvp"",""probe.output_subdir=seed_runs_layerwise_same_l_v1/mvp__same_l__jepa_v1__vitl16_224__linear__layer_6/seed_102"",""probe.eval_output_dir=artifacts/results/mvp"",""probe.eval_output_subdir=seed_runs_layerwise_same_l_v1/mvp__same_l__jepa_v1__vitl16_224__linear__layer_6/seed_102"",""probe.wandb.group=seed_runs_layerwise_same_l_v1_mvp__same_l__jepa_v1__vitl16_224__linear__layer_6"",""probe.wandb.name=mvp__same_l__jepa_v1__vitl16_224__linear__layer_6__seed_102"",""feature_cache.layer_ids=[6,12,18,24]""]",results/verified_layerwise_probe_configs.csv,324,326,b61f7787a1ab7533,VERIFIED_FULL,"{""batch_size"":64,""early_stopping"":{""enabled"":false,""patience"":5},""epochs"":2000,""eval_batch_size"":1024,""feature_view"":""pooled"",""layer"":6,""lr"":0.007811452889188655,""slot"":null,""weight_decay"":0.0001371575145876111}",same_size_ablation/mvp_same_size_ablation/linear/mvp_probe_linear_jepa_v1_vitl16_224_20260529T131228Z/layer_6/train/optuna_summary.json
mvp__same_l__jepa_v1__vitl16_224__linear__layer_12__seed_101,mvp__same_l__jepa_v1__vitl16_224__linear__layer_12,train_eval.probe.mvp,MVP,mvp,same_L,V-JEPA,ViT-L/16,Linear,linear,101,42,jepa_v1,vitl16_224,12,,12,pooled,0.0033144468715881089,0.0027924716433862171,64,1024,2000,false,5,,,,,,,cpu,artifacts/probes/mvp,seed_runs_layerwise_same_l_v1/mvp__same_l__jepa_v1__vitl16_224__linear__layer_12/seed_101,artifacts/results/mvp,seed_runs_layerwise_same_l_v1/mvp__same_l__jepa_v1__vitl16_224__linear__layer_12/seed_101,seed_runs_layerwise_same_l_v1_mvp__same_l__jepa_v1__vitl16_224__linear__layer_12,mvp__same_l__jepa_v1__vitl16_224__linear__layer_12__seed_101,pending,,"[""seed=101"",""split.seed=42"",""backbone.name=jepa_v1"",""+backbone.kwargs.variant=vitl16_224"",""probe.name=linear"",""probe.layer=12"",""probe.layers=[]"",""probe.feature_view=pooled"",""probe.device=cpu"",""probe.lr=0.0033144468715881089"",""probe.weight_decay=0.0027924716433862171"",""probe.batch_size=64"",""probe.eval_batch_size=1024"",""probe.epochs=2000"",""probe.early_stopping.enabled=false"",""probe.early_stopping.patience=5"",""probe.optuna.enabled=false"",""probe.output_dir=artifacts/probes/mvp"",""probe.output_subdir=seed_runs_layerwise_same_l_v1/mvp__same_l__jepa_v1__vitl16_224__linear__layer_12/seed_101"",""probe.eval_output_dir=artifacts/results/mvp"",""probe.eval_output_subdir=seed_runs_layerwise_same_l_v1/mvp__same_l__jepa_v1__vitl16_224__linear__layer_12/seed_101"",""probe.wandb.group=seed_runs_layerwise_same_l_v1_mvp__same_l__jepa_v1__vitl16_224__linear__layer_12"",""probe.wandb.name=mvp__same_l__jepa_v1__vitl16_224__linear__layer_12__seed_101"",""feature_cache.layer_ids=[6,12,18,24]""]",results/verified_layerwise_probe_configs.csv,325,327,13e923a881f5f457,VERIFIED_FULL,"{""batch_size"":64,""early_stopping"":{""enabled"":false,""patience"":5},""epochs"":2000,""eval_batch_size"":1024,""feature_view"":""pooled"",""layer"":12,""lr"":0.003314446871588109,""slot"":null,""weight_decay"":0.002792471643386217}",same_size_ablation/mvp_same_size_ablation/linear/mvp_probe_linear_jepa_v1_vitl16_224_20260529T131228Z/layer_12/train/optuna_summary.json
mvp__same_l__jepa_v1__vitl16_224__linear__layer_12__seed_102,mvp__same_l__jepa_v1__vitl16_224__linear__layer_12,train_eval.probe.mvp,MVP,mvp,same_L,V-JEPA,ViT-L/16,Linear,linear,102,42,jepa_v1,vitl16_224,12,,12,pooled,0.0033144468715881089,0.0027924716433862171,64,1024,2000,false,5,,,,,,,cpu,artifacts/probes/mvp,seed_runs_layerwise_same_l_v1/mvp__same_l__jepa_v1__vitl16_224__linear__layer_12/seed_102,artifacts/results/mvp,seed_runs_layerwise_same_l_v1/mvp__same_l__jepa_v1__vitl16_224__linear__layer_12/seed_102,seed_runs_layerwise_same_l_v1_mvp__same_l__jepa_v1__vitl16_224__linear__layer_12,mvp__same_l__jepa_v1__vitl16_224__linear__layer_12__seed_102,pending,,"[""seed=102"",""split.seed=42"",""backbone.name=jepa_v1"",""+backbone.kwargs.variant=vitl16_224"",""probe.name=linear"",""probe.layer=12"",""probe.layers=[]"",""probe.feature_view=pooled"",""probe.device=cpu"",""probe.lr=0.0033144468715881089"",""probe.weight_decay=0.0027924716433862171"",""probe.batch_size=64"",""probe.eval_batch_size=1024"",""probe.epochs=2000"",""probe.early_stopping.enabled=false"",""probe.early_stopping.patience=5"",""probe.optuna.enabled=false"",""probe.output_dir=artifacts/probes/mvp"",""probe.output_subdir=seed_runs_layerwise_same_l_v1/mvp__same_l__jepa_v1__vitl16_224__linear__layer_12/seed_102"",""probe.eval_output_dir=artifacts/results/mvp"",""probe.eval_output_subdir=seed_runs_layerwise_same_l_v1/mvp__same_l__jepa_v1__vitl16_224__linear__layer_12/seed_102"",""probe.wandb.group=seed_runs_layerwise_same_l_v1_mvp__same_l__jepa_v1__vitl16_224__linear__layer_12"",""probe.wandb.name=mvp__same_l__jepa_v1__vitl16_224__linear__layer_12__seed_102"",""feature_cache.layer_ids=[6,12,18,24]""]",results/verified_layerwise_probe_configs.csv,325,327,13e923a881f5f457,VERIFIED_FULL,"{""batch_size"":64,""early_stopping"":{""enabled"":false,""patience"":5},""epochs"":2000,""eval_batch_size"":1024,""feature_view"":""pooled"",""layer"":12,""lr"":0.003314446871588109,""slot"":null,""weight_decay"":0.002792471643386217}",same_size_ablation/mvp_same_size_ablation/linear/mvp_probe_linear_jepa_v1_vitl16_224_20260529T131228Z/layer_12/train/optuna_summary.json
mvp__same_l__jepa_v1__vitl16_224__linear__layer_18__seed_101,mvp__same_l__jepa_v1__vitl16_224__linear__layer_18,train_eval.probe.mvp,MVP,mvp,same_L,V-JEPA,ViT-L/16,Linear,linear,101,42,jepa_v1,vitl16_224,18,,18,pooled,0.007811452889188655,0.0001371575145876111,64,1024,2000,false,5,,,,,,,cpu,artifacts/probes/mvp,seed_runs_layerwise_same_l_v1/mvp__same_l__jepa_v1__vitl16_224__linear__layer_18/seed_101,artifacts/results/mvp,seed_runs_layerwise_same_l_v1/mvp__same_l__jepa_v1__vitl16_224__linear__layer_18/seed_101,seed_runs_layerwise_same_l_v1_mvp__same_l__jepa_v1__vitl16_224__linear__layer_18,mvp__same_l__jepa_v1__vitl16_224__linear__layer_18__seed_101,pending,,"[""seed=101"",""split.seed=42"",""backbone.name=jepa_v1"",""+backbone.kwargs.variant=vitl16_224"",""probe.name=linear"",""probe.layer=18"",""probe.layers=[]"",""probe.feature_view=pooled"",""probe.device=cpu"",""probe.lr=0.007811452889188655"",""probe.weight_decay=0.0001371575145876111"",""probe.batch_size=64"",""probe.eval_batch_size=1024"",""probe.epochs=2000"",""probe.early_stopping.enabled=false"",""probe.early_stopping.patience=5"",""probe.optuna.enabled=false"",""probe.output_dir=artifacts/probes/mvp"",""probe.output_subdir=seed_runs_layerwise_same_l_v1/mvp__same_l__jepa_v1__vitl16_224__linear__layer_18/seed_101"",""probe.eval_output_dir=artifacts/results/mvp"",""probe.eval_output_subdir=seed_runs_layerwise_same_l_v1/mvp__same_l__jepa_v1__vitl16_224__linear__layer_18/seed_101"",""probe.wandb.group=seed_runs_layerwise_same_l_v1_mvp__same_l__jepa_v1__vitl16_224__linear__layer_18"",""probe.wandb.name=mvp__same_l__jepa_v1__vitl16_224__linear__layer_18__seed_101"",""feature_cache.layer_ids=[6,12,18,24]""]",results/verified_layerwise_probe_configs.csv,326,328,bec83d4df0ab4228,VERIFIED_FULL,"{""batch_size"":64,""early_stopping"":{""enabled"":false,""patience"":5},""epochs"":2000,""eval_batch_size"":1024,""feature_view"":""pooled"",""layer"":18,""lr"":0.007811452889188655,""slot"":null,""weight_decay"":0.0001371575145876111}",same_size_ablation/mvp_same_size_ablation/linear/mvp_probe_linear_jepa_v1_vitl16_224_20260529T131228Z/layer_18/train/optuna_summary.json
mvp__same_l__jepa_v1__vitl16_224__linear__layer_18__seed_102,mvp__same_l__jepa_v1__vitl16_224__linear__layer_18,train_eval.probe.mvp,MVP,mvp,same_L,V-JEPA,ViT-L/16,Linear,linear,102,42,jepa_v1,vitl16_224,18,,18,pooled,0.007811452889188655,0.0001371575145876111,64,1024,2000,false,5,,,,,,,cpu,artifacts/probes/mvp,seed_runs_layerwise_same_l_v1/mvp__same_l__jepa_v1__vitl16_224__linear__layer_18/seed_102,artifacts/results/mvp,seed_runs_layerwise_same_l_v1/mvp__same_l__jepa_v1__vitl16_224__linear__layer_18/seed_102,seed_runs_layerwise_same_l_v1_mvp__same_l__jepa_v1__vitl16_224__linear__layer_18,mvp__same_l__jepa_v1__vitl16_224__linear__layer_18__seed_102,pending,,"[""seed=102"",""split.seed=42"",""backbone.name=jepa_v1"",""+backbone.kwargs.variant=vitl16_224"",""probe.name=linear"",""probe.layer=18"",""probe.layers=[]"",""probe.feature_view=pooled"",""probe.device=cpu"",""probe.lr=0.007811452889188655"",""probe.weight_decay=0.0001371575145876111"",""probe.batch_size=64"",""probe.eval_batch_size=1024"",""probe.epochs=2000"",""probe.early_stopping.enabled=false"",""probe.early_stopping.patience=5"",""probe.optuna.enabled=false"",""probe.output_dir=artifacts/probes/mvp"",""probe.output_subdir=seed_runs_layerwise_same_l_v1/mvp__same_l__jepa_v1__vitl16_224__linear__layer_18/seed_102"",""probe.eval_output_dir=artifacts/results/mvp"",""probe.eval_output_subdir=seed_runs_layerwise_same_l_v1/mvp__same_l__jepa_v1__vitl16_224__linear__layer_18/seed_102"",""probe.wandb.group=seed_runs_layerwise_same_l_v1_mvp__same_l__jepa_v1__vitl16_224__linear__layer_18"",""probe.wandb.name=mvp__same_l__jepa_v1__vitl16_224__linear__layer_18__seed_102"",""feature_cache.layer_ids=[6,12,18,24]""]",results/verified_layerwise_probe_configs.csv,326,328,bec83d4df0ab4228,VERIFIED_FULL,"{""batch_size"":64,""early_stopping"":{""enabled"":false,""patience"":5},""epochs"":2000,""eval_batch_size"":1024,""feature_view"":""pooled"",""layer"":18,""lr"":0.007811452889188655,""slot"":null,""weight_decay"":0.0001371575145876111}",same_size_ablation/mvp_same_size_ablation/linear/mvp_probe_linear_jepa_v1_vitl16_224_20260529T131228Z/layer_18/train/optuna_summary.json
mvp__same_l__jepa_v1__vitl16_224__linear__layer_24__seed_101,mvp__same_l__jepa_v1__vitl16_224__linear__layer_24,train_eval.probe.mvp,MVP,mvp,same_L,V-JEPA,ViT-L/16,Linear,linear,101,42,jepa_v1,vitl16_224,24,,24,pooled,0.0021464035477145849,0.0039552323360892176,64,1024,2000,false,5,,,,,,,cpu,artifacts/probes/mvp,seed_runs_layerwise_same_l_v1/mvp__same_l__jepa_v1__vitl16_224__linear__layer_24/seed_101,artifacts/results/mvp,seed_runs_layerwise_same_l_v1/mvp__same_l__jepa_v1__vitl16_224__linear__layer_24/seed_101,seed_runs_layerwise_same_l_v1_mvp__same_l__jepa_v1__vitl16_224__linear__layer_24,mvp__same_l__jepa_v1__vitl16_224__linear__layer_24__seed_101,pending,,"[""seed=101"",""split.seed=42"",""backbone.name=jepa_v1"",""+backbone.kwargs.variant=vitl16_224"",""probe.name=linear"",""probe.layer=24"",""probe.layers=[]"",""probe.feature_view=pooled"",""probe.device=cpu"",""probe.lr=0.0021464035477145849"",""probe.weight_decay=0.0039552323360892176"",""probe.batch_size=64"",""probe.eval_batch_size=1024"",""probe.epochs=2000"",""probe.early_stopping.enabled=false"",""probe.early_stopping.patience=5"",""probe.optuna.enabled=false"",""probe.output_dir=artifacts/probes/mvp"",""probe.output_subdir=seed_runs_layerwise_same_l_v1/mvp__same_l__jepa_v1__vitl16_224__linear__layer_24/seed_101"",""probe.eval_output_dir=artifacts/results/mvp"",""probe.eval_output_subdir=seed_runs_layerwise_same_l_v1/mvp__same_l__jepa_v1__vitl16_224__linear__layer_24/seed_101"",""probe.wandb.group=seed_runs_layerwise_same_l_v1_mvp__same_l__jepa_v1__vitl16_224__linear__layer_24"",""probe.wandb.name=mvp__same_l__jepa_v1__vitl16_224__linear__layer_24__seed_101"",""feature_cache.layer_ids=[6,12,18,24]""]",results/verified_layerwise_probe_configs.csv,327,329,e4bd172635334166,VERIFIED_FULL,"{""batch_size"":64,""early_stopping"":{""enabled"":false,""patience"":5},""epochs"":2000,""eval_batch_size"":1024,""feature_view"":""pooled"",""layer"":24,""lr"":0.002146403547714585,""slot"":null,""weight_decay"":0.003955232336089218}",same_size_ablation/mvp_same_size_ablation/linear/mvp_probe_linear_jepa_v1_vitl16_224_20260529T131228Z/layer_24/train/optuna_summary.json
mvp__same_l__jepa_v1__vitl16_224__linear__layer_24__seed_102,mvp__same_l__jepa_v1__vitl16_224__linear__layer_24,train_eval.probe.mvp,MVP,mvp,same_L,V-JEPA,ViT-L/16,Linear,linear,102,42,jepa_v1,vitl16_224,24,,24,pooled,0.0021464035477145849,0.0039552323360892176,64,1024,2000,false,5,,,,,,,cpu,artifacts/probes/mvp,seed_runs_layerwise_same_l_v1/mvp__same_l__jepa_v1__vitl16_224__linear__layer_24/seed_102,artifacts/results/mvp,seed_runs_layerwise_same_l_v1/mvp__same_l__jepa_v1__vitl16_224__linear__layer_24/seed_102,seed_runs_layerwise_same_l_v1_mvp__same_l__jepa_v1__vitl16_224__linear__layer_24,mvp__same_l__jepa_v1__vitl16_224__linear__layer_24__seed_102,pending,,"[""seed=102"",""split.seed=42"",""backbone.name=jepa_v1"",""+backbone.kwargs.variant=vitl16_224"",""probe.name=linear"",""probe.layer=24"",""probe.layers=[]"",""probe.feature_view=pooled"",""probe.device=cpu"",""probe.lr=0.0021464035477145849"",""probe.weight_decay=0.0039552323360892176"",""probe.batch_size=64"",""probe.eval_batch_size=1024"",""probe.epochs=2000"",""probe.early_stopping.enabled=false"",""probe.early_stopping.patience=5"",""probe.optuna.enabled=false"",""probe.output_dir=artifacts/probes/mvp"",""probe.output_subdir=seed_runs_layerwise_same_l_v1/mvp__same_l__jepa_v1__vitl16_224__linear__layer_24/seed_102"",""probe.eval_output_dir=artifacts/results/mvp"",""probe.eval_output_subdir=seed_runs_layerwise_same_l_v1/mvp__same_l__jepa_v1__vitl16_224__linear__layer_24/seed_102"",""probe.wandb.group=seed_runs_layerwise_same_l_v1_mvp__same_l__jepa_v1__vitl16_224__linear__layer_24"",""probe.wandb.name=mvp__same_l__jepa_v1__vitl16_224__linear__layer_24__seed_102"",""feature_cache.layer_ids=[6,12,18,24]""]",results/verified_layerwise_probe_configs.csv,327,329,e4bd172635334166,VERIFIED_FULL,"{""batch_size"":64,""early_stopping"":{""enabled"":false,""patience"":5},""epochs"":2000,""eval_batch_size"":1024,""feature_view"":""pooled"",""layer"":24,""lr"":0.002146403547714585,""slot"":null,""weight_decay"":0.003955232336089218}",same_size_ablation/mvp_same_size_ablation/linear/mvp_probe_linear_jepa_v1_vitl16_224_20260529T131228Z/layer_24/train/optuna_summary.json
mvp__same_l__jepa_v1__vitl16_224__mlp__layer_6__seed_101,mvp__same_l__jepa_v1__vitl16_224__mlp__layer_6,train_eval.probe.mvp,MVP,mvp,same_L,V-JEPA,ViT-L/16,MLP,mlp,101,42,jepa_v1,vitl16_224,6,,6,pooled,0.00013292918943162159,0.0050615768887523043,32,1024,2000,false,5,[256],0.21597250932105788,,,,,cpu,artifacts/probes/mvp,seed_runs_layerwise_same_l_v1/mvp__same_l__jepa_v1__vitl16_224__mlp__layer_6/seed_101,artifacts/results/mvp,seed_runs_layerwise_same_l_v1/mvp__same_l__jepa_v1__vitl16_224__mlp__layer_6/seed_101,seed_runs_layerwise_same_l_v1_mvp__same_l__jepa_v1__vitl16_224__mlp__layer_6,mvp__same_l__jepa_v1__vitl16_224__mlp__layer_6__seed_101,pending,,"[""seed=101"",""split.seed=42"",""backbone.name=jepa_v1"",""+backbone.kwargs.variant=vitl16_224"",""probe.name=mlp"",""probe.layer=6"",""probe.layers=[]"",""probe.feature_view=pooled"",""probe.device=cpu"",""probe.lr=0.00013292918943162159"",""probe.weight_decay=0.0050615768887523043"",""probe.batch_size=32"",""probe.eval_batch_size=1024"",""probe.epochs=2000"",""probe.early_stopping.enabled=false"",""probe.early_stopping.patience=5"",""probe.optuna.enabled=false"",""probe.output_dir=artifacts/probes/mvp"",""probe.output_subdir=seed_runs_layerwise_same_l_v1/mvp__same_l__jepa_v1__vitl16_224__mlp__layer_6/seed_101"",""probe.eval_output_dir=artifacts/results/mvp"",""probe.eval_output_subdir=seed_runs_layerwise_same_l_v1/mvp__same_l__jepa_v1__vitl16_224__mlp__layer_6/seed_101"",""probe.wandb.group=seed_runs_layerwise_same_l_v1_mvp__same_l__jepa_v1__vitl16_224__mlp__layer_6"",""probe.wandb.name=mvp__same_l__jepa_v1__vitl16_224__mlp__layer_6__seed_101"",""probe.mlp.hidden_dims=[256]"",""probe.mlp.dropout=0.21597250932105788"",""feature_cache.layer_ids=[6,12,18,24]""]",results/verified_layerwise_probe_configs.csv,328,330,6cfe7ad13d0e3224,VERIFIED_FULL,"{""batch_size"":32,""dropout"":0.21597250932105788,""early_stopping"":{""enabled"":false,""patience"":5},""epochs"":2000,""eval_batch_size"":1024,""feature_view"":""pooled"",""hidden_dims"":[256],""layer"":6,""lr"":0.0001329291894316216,""slot"":null,""weight_decay"":0.005061576888752304}",same_size_ablation/mvp_same_size_ablation/mlp/mvp_probe_mlp_jepa_v1_vitl16_224_20260530T064717Z/layer_6/train/optuna_summary.json
mvp__same_l__jepa_v1__vitl16_224__mlp__layer_6__seed_102,mvp__same_l__jepa_v1__vitl16_224__mlp__layer_6,train_eval.probe.mvp,MVP,mvp,same_L,V-JEPA,ViT-L/16,MLP,mlp,102,42,jepa_v1,vitl16_224,6,,6,pooled,0.00013292918943162159,0.0050615768887523043,32,1024,2000,false,5,[256],0.21597250932105788,,,,,cpu,artifacts/probes/mvp,seed_runs_layerwise_same_l_v1/mvp__same_l__jepa_v1__vitl16_224__mlp__layer_6/seed_102,artifacts/results/mvp,seed_runs_layerwise_same_l_v1/mvp__same_l__jepa_v1__vitl16_224__mlp__layer_6/seed_102,seed_runs_layerwise_same_l_v1_mvp__same_l__jepa_v1__vitl16_224__mlp__layer_6,mvp__same_l__jepa_v1__vitl16_224__mlp__layer_6__seed_102,pending,,"[""seed=102"",""split.seed=42"",""backbone.name=jepa_v1"",""+backbone.kwargs.variant=vitl16_224"",""probe.name=mlp"",""probe.layer=6"",""probe.layers=[]"",""probe.feature_view=pooled"",""probe.device=cpu"",""probe.lr=0.00013292918943162159"",""probe.weight_decay=0.0050615768887523043"",""probe.batch_size=32"",""probe.eval_batch_size=1024"",""probe.epochs=2000"",""probe.early_stopping.enabled=false"",""probe.early_stopping.patience=5"",""probe.optuna.enabled=false"",""probe.output_dir=artifacts/probes/mvp"",""probe.output_subdir=seed_runs_layerwise_same_l_v1/mvp__same_l__jepa_v1__vitl16_224__mlp__layer_6/seed_102"",""probe.eval_output_dir=artifacts/results/mvp"",""probe.eval_output_subdir=seed_runs_layerwise_same_l_v1/mvp__same_l__jepa_v1__vitl16_224__mlp__layer_6/seed_102"",""probe.wandb.group=seed_runs_layerwise_same_l_v1_mvp__same_l__jepa_v1__vitl16_224__mlp__layer_6"",""probe.wandb.name=mvp__same_l__jepa_v1__vitl16_224__mlp__layer_6__seed_102"",""probe.mlp.hidden_dims=[256]"",""probe.mlp.dropout=0.21597250932105788"",""feature_cache.layer_ids=[6,12,18,24]""]",results/verified_layerwise_probe_configs.csv,328,330,6cfe7ad13d0e3224,VERIFIED_FULL,"{""batch_size"":32,""dropout"":0.21597250932105788,""early_stopping"":{""enabled"":false,""patience"":5},""epochs"":2000,""eval_batch_size"":1024,""feature_view"":""pooled"",""hidden_dims"":[256],""layer"":6,""lr"":0.0001329291894316216,""slot"":null,""weight_decay"":0.005061576888752304}",same_size_ablation/mvp_same_size_ablation/mlp/mvp_probe_mlp_jepa_v1_vitl16_224_20260530T064717Z/layer_6/train/optuna_summary.json
mvp__same_l__jepa_v1__vitl16_224__mlp__layer_12__seed_101,mvp__same_l__jepa_v1__vitl16_224__mlp__layer_12,train_eval.probe.mvp,MVP,mvp,same_L,V-JEPA,ViT-L/16,MLP,mlp,101,42,jepa_v1,vitl16_224,12,,12,pooled,0.00013292918943162159,0.0050615768887523043,32,1024,2000,false,5,[256],0.21597250932105788,,,,,cpu,artifacts/probes/mvp,seed_runs_layerwise_same_l_v1/mvp__same_l__jepa_v1__vitl16_224__mlp__layer_12/seed_101,artifacts/results/mvp,seed_runs_layerwise_same_l_v1/mvp__same_l__jepa_v1__vitl16_224__mlp__layer_12/seed_101,seed_runs_layerwise_same_l_v1_mvp__same_l__jepa_v1__vitl16_224__mlp__layer_12,mvp__same_l__jepa_v1__vitl16_224__mlp__layer_12__seed_101,pending,,"[""seed=101"",""split.seed=42"",""backbone.name=jepa_v1"",""+backbone.kwargs.variant=vitl16_224"",""probe.name=mlp"",""probe.layer=12"",""probe.layers=[]"",""probe.feature_view=pooled"",""probe.device=cpu"",""probe.lr=0.00013292918943162159"",""probe.weight_decay=0.0050615768887523043"",""probe.batch_size=32"",""probe.eval_batch_size=1024"",""probe.epochs=2000"",""probe.early_stopping.enabled=false"",""probe.early_stopping.patience=5"",""probe.optuna.enabled=false"",""probe.output_dir=artifacts/probes/mvp"",""probe.output_subdir=seed_runs_layerwise_same_l_v1/mvp__same_l__jepa_v1__vitl16_224__mlp__layer_12/seed_101"",""probe.eval_output_dir=artifacts/results/mvp"",""probe.eval_output_subdir=seed_runs_layerwise_same_l_v1/mvp__same_l__jepa_v1__vitl16_224__mlp__layer_12/seed_101"",""probe.wandb.group=seed_runs_layerwise_same_l_v1_mvp__same_l__jepa_v1__vitl16_224__mlp__layer_12"",""probe.wandb.name=mvp__same_l__jepa_v1__vitl16_224__mlp__layer_12__seed_101"",""probe.mlp.hidden_dims=[256]"",""probe.mlp.dropout=0.21597250932105788"",""feature_cache.layer_ids=[6,12,18,24]""]",results/verified_layerwise_probe_configs.csv,329,331,3476cbba56c8ee7f,VERIFIED_FULL,"{""batch_size"":32,""dropout"":0.21597250932105788,""early_stopping"":{""enabled"":false,""patience"":5},""epochs"":2000,""eval_batch_size"":1024,""feature_view"":""pooled"",""hidden_dims"":[256],""layer"":12,""lr"":0.0001329291894316216,""slot"":null,""weight_decay"":0.005061576888752304}",same_size_ablation/mvp_same_size_ablation/mlp/mvp_probe_mlp_jepa_v1_vitl16_224_20260530T064717Z/layer_12/train/optuna_summary.json
mvp__same_l__jepa_v1__vitl16_224__mlp__layer_12__seed_102,mvp__same_l__jepa_v1__vitl16_224__mlp__layer_12,train_eval.probe.mvp,MVP,mvp,same_L,V-JEPA,ViT-L/16,MLP,mlp,102,42,jepa_v1,vitl16_224,12,,12,pooled,0.00013292918943162159,0.0050615768887523043,32,1024,2000,false,5,[256],0.21597250932105788,,,,,cpu,artifacts/probes/mvp,seed_runs_layerwise_same_l_v1/mvp__same_l__jepa_v1__vitl16_224__mlp__layer_12/seed_102,artifacts/results/mvp,seed_runs_layerwise_same_l_v1/mvp__same_l__jepa_v1__vitl16_224__mlp__layer_12/seed_102,seed_runs_layerwise_same_l_v1_mvp__same_l__jepa_v1__vitl16_224__mlp__layer_12,mvp__same_l__jepa_v1__vitl16_224__mlp__layer_12__seed_102,pending,,"[""seed=102"",""split.seed=42"",""backbone.name=jepa_v1"",""+backbone.kwargs.variant=vitl16_224"",""probe.name=mlp"",""probe.layer=12"",""probe.layers=[]"",""probe.feature_view=pooled"",""probe.device=cpu"",""probe.lr=0.00013292918943162159"",""probe.weight_decay=0.0050615768887523043"",""probe.batch_size=32"",""probe.eval_batch_size=1024"",""probe.epochs=2000"",""probe.early_stopping.enabled=false"",""probe.early_stopping.patience=5"",""probe.optuna.enabled=false"",""probe.output_dir=artifacts/probes/mvp"",""probe.output_subdir=seed_runs_layerwise_same_l_v1/mvp__same_l__jepa_v1__vitl16_224__mlp__layer_12/seed_102"",""probe.eval_output_dir=artifacts/results/mvp"",""probe.eval_output_subdir=seed_runs_layerwise_same_l_v1/mvp__same_l__jepa_v1__vitl16_224__mlp__layer_12/seed_102"",""probe.wandb.group=seed_runs_layerwise_same_l_v1_mvp__same_l__jepa_v1__vitl16_224__mlp__layer_12"",""probe.wandb.name=mvp__same_l__jepa_v1__vitl16_224__mlp__layer_12__seed_102"",""probe.mlp.hidden_dims=[256]"",""probe.mlp.dropout=0.21597250932105788"",""feature_cache.layer_ids=[6,12,18,24]""]",results/verified_layerwise_probe_configs.csv,329,331,3476cbba56c8ee7f,VERIFIED_FULL,"{""batch_size"":32,""dropout"":0.21597250932105788,""early_stopping"":{""enabled"":false,""patience"":5},""epochs"":2000,""eval_batch_size"":1024,""feature_view"":""pooled"",""hidden_dims"":[256],""layer"":12,""lr"":0.0001329291894316216,""slot"":null,""weight_decay"":0.005061576888752304}",same_size_ablation/mvp_same_size_ablation/mlp/mvp_probe_mlp_jepa_v1_vitl16_224_20260530T064717Z/layer_12/train/optuna_summary.json
mvp__same_l__jepa_v1__vitl16_224__mlp__layer_18__seed_101,mvp__same_l__jepa_v1__vitl16_224__mlp__layer_18,train_eval.probe.mvp,MVP,mvp,same_L,V-JEPA,ViT-L/16,MLP,mlp,101,42,jepa_v1,vitl16_224,18,,18,pooled,0.00013292918943162159,0.0050615768887523043,32,1024,2000,false,5,[256],0.21597250932105788,,,,,cpu,artifacts/probes/mvp,seed_runs_layerwise_same_l_v1/mvp__same_l__jepa_v1__vitl16_224__mlp__layer_18/seed_101,artifacts/results/mvp,seed_runs_layerwise_same_l_v1/mvp__same_l__jepa_v1__vitl16_224__mlp__layer_18/seed_101,seed_runs_layerwise_same_l_v1_mvp__same_l__jepa_v1__vitl16_224__mlp__layer_18,mvp__same_l__jepa_v1__vitl16_224__mlp__layer_18__seed_101,pending,,"[""seed=101"",""split.seed=42"",""backbone.name=jepa_v1"",""+backbone.kwargs.variant=vitl16_224"",""probe.name=mlp"",""probe.layer=18"",""probe.layers=[]"",""probe.feature_view=pooled"",""probe.device=cpu"",""probe.lr=0.00013292918943162159"",""probe.weight_decay=0.0050615768887523043"",""probe.batch_size=32"",""probe.eval_batch_size=1024"",""probe.epochs=2000"",""probe.early_stopping.enabled=false"",""probe.early_stopping.patience=5"",""probe.optuna.enabled=false"",""probe.output_dir=artifacts/probes/mvp"",""probe.output_subdir=seed_runs_layerwise_same_l_v1/mvp__same_l__jepa_v1__vitl16_224__mlp__layer_18/seed_101"",""probe.eval_output_dir=artifacts/results/mvp"",""probe.eval_output_subdir=seed_runs_layerwise_same_l_v1/mvp__same_l__jepa_v1__vitl16_224__mlp__layer_18/seed_101"",""probe.wandb.group=seed_runs_layerwise_same_l_v1_mvp__same_l__jepa_v1__vitl16_224__mlp__layer_18"",""probe.wandb.name=mvp__same_l__jepa_v1__vitl16_224__mlp__layer_18__seed_101"",""probe.mlp.hidden_dims=[256]"",""probe.mlp.dropout=0.21597250932105788"",""feature_cache.layer_ids=[6,12,18,24]""]",results/verified_layerwise_probe_configs.csv,330,332,2ed388afe05d12fb,VERIFIED_FULL,"{""batch_size"":32,""dropout"":0.21597250932105788,""early_stopping"":{""enabled"":false,""patience"":5},""epochs"":2000,""eval_batch_size"":1024,""feature_view"":""pooled"",""hidden_dims"":[256],""layer"":18,""lr"":0.0001329291894316216,""slot"":null,""weight_decay"":0.005061576888752304}",same_size_ablation/mvp_same_size_ablation/mlp/mvp_probe_mlp_jepa_v1_vitl16_224_20260530T064717Z/layer_18/train/optuna_summary.json
mvp__same_l__jepa_v1__vitl16_224__mlp__layer_18__seed_102,mvp__same_l__jepa_v1__vitl16_224__mlp__layer_18,train_eval.probe.mvp,MVP,mvp,same_L,V-JEPA,ViT-L/16,MLP,mlp,102,42,jepa_v1,vitl16_224,18,,18,pooled,0.00013292918943162159,0.0050615768887523043,32,1024,2000,false,5,[256],0.21597250932105788,,,,,cpu,artifacts/probes/mvp,seed_runs_layerwise_same_l_v1/mvp__same_l__jepa_v1__vitl16_224__mlp__layer_18/seed_102,artifacts/results/mvp,seed_runs_layerwise_same_l_v1/mvp__same_l__jepa_v1__vitl16_224__mlp__layer_18/seed_102,seed_runs_layerwise_same_l_v1_mvp__same_l__jepa_v1__vitl16_224__mlp__layer_18,mvp__same_l__jepa_v1__vitl16_224__mlp__layer_18__seed_102,pending,,"[""seed=102"",""split.seed=42"",""backbone.name=jepa_v1"",""+backbone.kwargs.variant=vitl16_224"",""probe.name=mlp"",""probe.layer=18"",""probe.layers=[]"",""probe.feature_view=pooled"",""probe.device=cpu"",""probe.lr=0.00013292918943162159"",""probe.weight_decay=0.0050615768887523043"",""probe.batch_size=32"",""probe.eval_batch_size=1024"",""probe.epochs=2000"",""probe.early_stopping.enabled=false"",""probe.early_stopping.patience=5"",""probe.optuna.enabled=false"",""probe.output_dir=artifacts/probes/mvp"",""probe.output_subdir=seed_runs_layerwise_same_l_v1/mvp__same_l__jepa_v1__vitl16_224__mlp__layer_18/seed_102"",""probe.eval_output_dir=artifacts/results/mvp"",""probe.eval_output_subdir=seed_runs_layerwise_same_l_v1/mvp__same_l__jepa_v1__vitl16_224__mlp__layer_18/seed_102"",""probe.wandb.group=seed_runs_layerwise_same_l_v1_mvp__same_l__jepa_v1__vitl16_224__mlp__layer_18"",""probe.wandb.name=mvp__same_l__jepa_v1__vitl16_224__mlp__layer_18__seed_102"",""probe.mlp.hidden_dims=[256]"",""probe.mlp.dropout=0.21597250932105788"",""feature_cache.layer_ids=[6,12,18,24]""]",results/verified_layerwise_probe_configs.csv,330,332,2ed388afe05d12fb,VERIFIED_FULL,"{""batch_size"":32,""dropout"":0.21597250932105788,""early_stopping"":{""enabled"":false,""patience"":5},""epochs"":2000,""eval_batch_size"":1024,""feature_view"":""pooled"",""hidden_dims"":[256],""layer"":18,""lr"":0.0001329291894316216,""slot"":null,""weight_decay"":0.005061576888752304}",same_size_ablation/mvp_same_size_ablation/mlp/mvp_probe_mlp_jepa_v1_vitl16_224_20260530T064717Z/layer_18/train/optuna_summary.json
mvp__same_l__jepa_v1__vitl16_224__mlp__layer_24__seed_101,mvp__same_l__jepa_v1__vitl16_224__mlp__layer_24,train_eval.probe.mvp,MVP,mvp,same_L,V-JEPA,ViT-L/16,MLP,mlp,101,42,jepa_v1,vitl16_224,24,,24,pooled,0.00013292918943162159,0.0050615768887523043,32,1024,2000,false,5,[256],0.21597250932105788,,,,,cpu,artifacts/probes/mvp,seed_runs_layerwise_same_l_v1/mvp__same_l__jepa_v1__vitl16_224__mlp__layer_24/seed_101,artifacts/results/mvp,seed_runs_layerwise_same_l_v1/mvp__same_l__jepa_v1__vitl16_224__mlp__layer_24/seed_101,seed_runs_layerwise_same_l_v1_mvp__same_l__jepa_v1__vitl16_224__mlp__layer_24,mvp__same_l__jepa_v1__vitl16_224__mlp__layer_24__seed_101,pending,,"[""seed=101"",""split.seed=42"",""backbone.name=jepa_v1"",""+backbone.kwargs.variant=vitl16_224"",""probe.name=mlp"",""probe.layer=24"",""probe.layers=[]"",""probe.feature_view=pooled"",""probe.device=cpu"",""probe.lr=0.00013292918943162159"",""probe.weight_decay=0.0050615768887523043"",""probe.batch_size=32"",""probe.eval_batch_size=1024"",""probe.epochs=2000"",""probe.early_stopping.enabled=false"",""probe.early_stopping.patience=5"",""probe.optuna.enabled=false"",""probe.output_dir=artifacts/probes/mvp"",""probe.output_subdir=seed_runs_layerwise_same_l_v1/mvp__same_l__jepa_v1__vitl16_224__mlp__layer_24/seed_101"",""probe.eval_output_dir=artifacts/results/mvp"",""probe.eval_output_subdir=seed_runs_layerwise_same_l_v1/mvp__same_l__jepa_v1__vitl16_224__mlp__layer_24/seed_101"",""probe.wandb.group=seed_runs_layerwise_same_l_v1_mvp__same_l__jepa_v1__vitl16_224__mlp__layer_24"",""probe.wandb.name=mvp__same_l__jepa_v1__vitl16_224__mlp__layer_24__seed_101"",""probe.mlp.hidden_dims=[256]"",""probe.mlp.dropout=0.21597250932105788"",""feature_cache.layer_ids=[6,12,18,24]""]",results/verified_layerwise_probe_configs.csv,331,333,078a27ab22d384f6,VERIFIED_FULL,"{""batch_size"":32,""dropout"":0.21597250932105788,""early_stopping"":{""enabled"":false,""patience"":5},""epochs"":2000,""eval_batch_size"":1024,""feature_view"":""pooled"",""hidden_dims"":[256],""layer"":24,""lr"":0.0001329291894316216,""slot"":null,""weight_decay"":0.005061576888752304}",same_size_ablation/mvp_same_size_ablation/mlp/mvp_probe_mlp_jepa_v1_vitl16_224_20260530T064717Z/layer_24/train/optuna_summary.json
mvp__same_l__jepa_v1__vitl16_224__mlp__layer_24__seed_102,mvp__same_l__jepa_v1__vitl16_224__mlp__layer_24,train_eval.probe.mvp,MVP,mvp,same_L,V-JEPA,ViT-L/16,MLP,mlp,102,42,jepa_v1,vitl16_224,24,,24,pooled,0.00013292918943162159,0.0050615768887523043,32,1024,2000,false,5,[256],0.21597250932105788,,,,,cpu,artifacts/probes/mvp,seed_runs_layerwise_same_l_v1/mvp__same_l__jepa_v1__vitl16_224__mlp__layer_24/seed_102,artifacts/results/mvp,seed_runs_layerwise_same_l_v1/mvp__same_l__jepa_v1__vitl16_224__mlp__layer_24/seed_102,seed_runs_layerwise_same_l_v1_mvp__same_l__jepa_v1__vitl16_224__mlp__layer_24,mvp__same_l__jepa_v1__vitl16_224__mlp__layer_24__seed_102,pending,,"[""seed=102"",""split.seed=42"",""backbone.name=jepa_v1"",""+backbone.kwargs.variant=vitl16_224"",""probe.name=mlp"",""probe.layer=24"",""probe.layers=[]"",""probe.feature_view=pooled"",""probe.device=cpu"",""probe.lr=0.00013292918943162159"",""probe.weight_decay=0.0050615768887523043"",""probe.batch_size=32"",""probe.eval_batch_size=1024"",""probe.epochs=2000"",""probe.early_stopping.enabled=false"",""probe.early_stopping.patience=5"",""probe.optuna.enabled=false"",""probe.output_dir=artifacts/probes/mvp"",""probe.output_subdir=seed_runs_layerwise_same_l_v1/mvp__same_l__jepa_v1__vitl16_224__mlp__layer_24/seed_102"",""probe.eval_output_dir=artifacts/results/mvp"",""probe.eval_output_subdir=seed_runs_layerwise_same_l_v1/mvp__same_l__jepa_v1__vitl16_224__mlp__layer_24/seed_102"",""probe.wandb.group=seed_runs_layerwise_same_l_v1_mvp__same_l__jepa_v1__vitl16_224__mlp__layer_24"",""probe.wandb.name=mvp__same_l__jepa_v1__vitl16_224__mlp__layer_24__seed_102"",""probe.mlp.hidden_dims=[256]"",""probe.mlp.dropout=0.21597250932105788"",""feature_cache.layer_ids=[6,12,18,24]""]",results/verified_layerwise_probe_configs.csv,331,333,078a27ab22d384f6,VERIFIED_FULL,"{""batch_size"":32,""dropout"":0.21597250932105788,""early_stopping"":{""enabled"":false,""patience"":5},""epochs"":2000,""eval_batch_size"":1024,""feature_view"":""pooled"",""hidden_dims"":[256],""layer"":24,""lr"":0.0001329291894316216,""slot"":null,""weight_decay"":0.005061576888752304}",same_size_ablation/mvp_same_size_ablation/mlp/mvp_probe_mlp_jepa_v1_vitl16_224_20260530T064717Z/layer_24/train/optuna_summary.json
mvp__same_l__jepa_v2__vitl_256__linear__layer_6__seed_101,mvp__same_l__jepa_v2__vitl_256__linear__layer_6,train_eval.probe.mvp,MVP,mvp,same_L,V-JEPA 2,ViT-L/16,Linear,linear,101,42,jepa_v2,vitl_256,6,,6,pooled,0.0011033106817202587,6.8074651540319715e-05,32,1024,2000,false,5,,,,,,,cpu,artifacts/probes/mvp,seed_runs_layerwise_same_l_v1/mvp__same_l__jepa_v2__vitl_256__linear__layer_6/seed_101,artifacts/results/mvp,seed_runs_layerwise_same_l_v1/mvp__same_l__jepa_v2__vitl_256__linear__layer_6/seed_101,seed_runs_layerwise_same_l_v1_mvp__same_l__jepa_v2__vitl_256__linear__layer_6,mvp__same_l__jepa_v2__vitl_256__linear__layer_6__seed_101,pending,,"[""seed=101"",""split.seed=42"",""backbone.name=jepa_v2"",""+backbone.kwargs.variant=vitl_256"",""probe.name=linear"",""probe.layer=6"",""probe.layers=[]"",""probe.feature_view=pooled"",""probe.device=cpu"",""probe.lr=0.0011033106817202587"",""probe.weight_decay=6.8074651540319715e-05"",""probe.batch_size=32"",""probe.eval_batch_size=1024"",""probe.epochs=2000"",""probe.early_stopping.enabled=false"",""probe.early_stopping.patience=5"",""probe.optuna.enabled=false"",""probe.output_dir=artifacts/probes/mvp"",""probe.output_subdir=seed_runs_layerwise_same_l_v1/mvp__same_l__jepa_v2__vitl_256__linear__layer_6/seed_101"",""probe.eval_output_dir=artifacts/results/mvp"",""probe.eval_output_subdir=seed_runs_layerwise_same_l_v1/mvp__same_l__jepa_v2__vitl_256__linear__layer_6/seed_101"",""probe.wandb.group=seed_runs_layerwise_same_l_v1_mvp__same_l__jepa_v2__vitl_256__linear__layer_6"",""probe.wandb.name=mvp__same_l__jepa_v2__vitl_256__linear__layer_6__seed_101"",""feature_cache.layer_ids=[6,12,18,24]""]",results/verified_layerwise_probe_configs.csv,348,350,3e65d2a06e248bbd,VERIFIED_FULL,"{""batch_size"":32,""early_stopping"":{""enabled"":false,""patience"":5},""epochs"":2000,""eval_batch_size"":1024,""feature_view"":""pooled"",""layer"":6,""lr"":0.0011033106817202587,""slot"":null,""weight_decay"":6.807465154031971e-05}",same_size_ablation/mvp_same_size_ablation/linear/mvp_probe_linear_jepa_v2_vitl_256_20260529T131219Z/layer_6/train/optuna_summary.json
mvp__same_l__jepa_v2__vitl_256__linear__layer_6__seed_102,mvp__same_l__jepa_v2__vitl_256__linear__layer_6,train_eval.probe.mvp,MVP,mvp,same_L,V-JEPA 2,ViT-L/16,Linear,linear,102,42,jepa_v2,vitl_256,6,,6,pooled,0.0011033106817202587,6.8074651540319715e-05,32,1024,2000,false,5,,,,,,,cpu,artifacts/probes/mvp,seed_runs_layerwise_same_l_v1/mvp__same_l__jepa_v2__vitl_256__linear__layer_6/seed_102,artifacts/results/mvp,seed_runs_layerwise_same_l_v1/mvp__same_l__jepa_v2__vitl_256__linear__layer_6/seed_102,seed_runs_layerwise_same_l_v1_mvp__same_l__jepa_v2__vitl_256__linear__layer_6,mvp__same_l__jepa_v2__vitl_256__linear__layer_6__seed_102,pending,,"[""seed=102"",""split.seed=42"",""backbone.name=jepa_v2"",""+backbone.kwargs.variant=vitl_256"",""probe.name=linear"",""probe.layer=6"",""probe.layers=[]"",""probe.feature_view=pooled"",""probe.device=cpu"",""probe.lr=0.0011033106817202587"",""probe.weight_decay=6.8074651540319715e-05"",""probe.batch_size=32"",""probe.eval_batch_size=1024"",""probe.epochs=2000"",""probe.early_stopping.enabled=false"",""probe.early_stopping.patience=5"",""probe.optuna.enabled=false"",""probe.output_dir=artifacts/probes/mvp"",""probe.output_subdir=seed_runs_layerwise_same_l_v1/mvp__same_l__jepa_v2__vitl_256__linear__layer_6/seed_102"",""probe.eval_output_dir=artifacts/results/mvp"",""probe.eval_output_subdir=seed_runs_layerwise_same_l_v1/mvp__same_l__jepa_v2__vitl_256__linear__layer_6/seed_102"",""probe.wandb.group=seed_runs_layerwise_same_l_v1_mvp__same_l__jepa_v2__vitl_256__linear__layer_6"",""probe.wandb.name=mvp__same_l__jepa_v2__vitl_256__linear__layer_6__seed_102"",""feature_cache.layer_ids=[6,12,18,24]""]",results/verified_layerwise_probe_configs.csv,348,350,3e65d2a06e248bbd,VERIFIED_FULL,"{""batch_size"":32,""early_stopping"":{""enabled"":false,""patience"":5},""epochs"":2000,""eval_batch_size"":1024,""feature_view"":""pooled"",""layer"":6,""lr"":0.0011033106817202587,""slot"":null,""weight_decay"":6.807465154031971e-05}",same_size_ablation/mvp_same_size_ablation/linear/mvp_probe_linear_jepa_v2_vitl_256_20260529T131219Z/layer_6/train/optuna_summary.json
mvp__same_l__jepa_v2__vitl_256__linear__layer_12__seed_101,mvp__same_l__jepa_v2__vitl_256__linear__layer_12,train_eval.probe.mvp,MVP,mvp,same_L,V-JEPA 2,ViT-L/16,Linear,linear,101,42,jepa_v2,vitl_256,12,,12,pooled,0.0014736268408014157,4.0139515751435926e-05,64,1024,2000,false,5,,,,,,,cpu,artifacts/probes/mvp,seed_runs_layerwise_same_l_v1/mvp__same_l__jepa_v2__vitl_256__linear__layer_12/seed_101,artifacts/results/mvp,seed_runs_layerwise_same_l_v1/mvp__same_l__jepa_v2__vitl_256__linear__layer_12/seed_101,seed_runs_layerwise_same_l_v1_mvp__same_l__jepa_v2__vitl_256__linear__layer_12,mvp__same_l__jepa_v2__vitl_256__linear__layer_12__seed_101,pending,,"[""seed=101"",""split.seed=42"",""backbone.name=jepa_v2"",""+backbone.kwargs.variant=vitl_256"",""probe.name=linear"",""probe.layer=12"",""probe.layers=[]"",""probe.feature_view=pooled"",""probe.device=cpu"",""probe.lr=0.0014736268408014157"",""probe.weight_decay=4.0139515751435926e-05"",""probe.batch_size=64"",""probe.eval_batch_size=1024"",""probe.epochs=2000"",""probe.early_stopping.enabled=false"",""probe.early_stopping.patience=5"",""probe.optuna.enabled=false"",""probe.output_dir=artifacts/probes/mvp"",""probe.output_subdir=seed_runs_layerwise_same_l_v1/mvp__same_l__jepa_v2__vitl_256__linear__layer_12/seed_101"",""probe.eval_output_dir=artifacts/results/mvp"",""probe.eval_output_subdir=seed_runs_layerwise_same_l_v1/mvp__same_l__jepa_v2__vitl_256__linear__layer_12/seed_101"",""probe.wandb.group=seed_runs_layerwise_same_l_v1_mvp__same_l__jepa_v2__vitl_256__linear__layer_12"",""probe.wandb.name=mvp__same_l__jepa_v2__vitl_256__linear__layer_12__seed_101"",""feature_cache.layer_ids=[6,12,18,24]""]",results/verified_layerwise_probe_configs.csv,349,351,477c57d480944091,VERIFIED_FULL,"{""batch_size"":64,""early_stopping"":{""enabled"":false,""patience"":5},""epochs"":2000,""eval_batch_size"":1024,""feature_view"":""pooled"",""layer"":12,""lr"":0.0014736268408014157,""slot"":null,""weight_decay"":4.0139515751435926e-05}",same_size_ablation/mvp_same_size_ablation/linear/mvp_probe_linear_jepa_v2_vitl_256_20260529T131219Z/layer_12/train/optuna_summary.json
mvp__same_l__jepa_v2__vitl_256__linear__layer_12__seed_102,mvp__same_l__jepa_v2__vitl_256__linear__layer_12,train_eval.probe.mvp,MVP,mvp,same_L,V-JEPA 2,ViT-L/16,Linear,linear,102,42,jepa_v2,vitl_256,12,,12,pooled,0.0014736268408014157,4.0139515751435926e-05,64,1024,2000,false,5,,,,,,,cpu,artifacts/probes/mvp,seed_runs_layerwise_same_l_v1/mvp__same_l__jepa_v2__vitl_256__linear__layer_12/seed_102,artifacts/results/mvp,seed_runs_layerwise_same_l_v1/mvp__same_l__jepa_v2__vitl_256__linear__layer_12/seed_102,seed_runs_layerwise_same_l_v1_mvp__same_l__jepa_v2__vitl_256__linear__layer_12,mvp__same_l__jepa_v2__vitl_256__linear__layer_12__seed_102,pending,,"[""seed=102"",""split.seed=42"",""backbone.name=jepa_v2"",""+backbone.kwargs.variant=vitl_256"",""probe.name=linear"",""probe.layer=12"",""probe.layers=[]"",""probe.feature_view=pooled"",""probe.device=cpu"",""probe.lr=0.0014736268408014157"",""probe.weight_decay=4.0139515751435926e-05"",""probe.batch_size=64"",""probe.eval_batch_size=1024"",""probe.epochs=2000"",""probe.early_stopping.enabled=false"",""probe.early_stopping.patience=5"",""probe.optuna.enabled=false"",""probe.output_dir=artifacts/probes/mvp"",""probe.output_subdir=seed_runs_layerwise_same_l_v1/mvp__same_l__jepa_v2__vitl_256__linear__layer_12/seed_102"",""probe.eval_output_dir=artifacts/results/mvp"",""probe.eval_output_subdir=seed_runs_layerwise_same_l_v1/mvp__same_l__jepa_v2__vitl_256__linear__layer_12/seed_102"",""probe.wandb.group=seed_runs_layerwise_same_l_v1_mvp__same_l__jepa_v2__vitl_256__linear__layer_12"",""probe.wandb.name=mvp__same_l__jepa_v2__vitl_256__linear__layer_12__seed_102"",""feature_cache.layer_ids=[6,12,18,24]""]",results/verified_layerwise_probe_configs.csv,349,351,477c57d480944091,VERIFIED_FULL,"{""batch_size"":64,""early_stopping"":{""enabled"":false,""patience"":5},""epochs"":2000,""eval_batch_size"":1024,""feature_view"":""pooled"",""layer"":12,""lr"":0.0014736268408014157,""slot"":null,""weight_decay"":4.0139515751435926e-05}",same_size_ablation/mvp_same_size_ablation/linear/mvp_probe_linear_jepa_v2_vitl_256_20260529T131219Z/layer_12/train/optuna_summary.json
mvp__same_l__jepa_v2__vitl_256__linear__layer_18__seed_101,mvp__same_l__jepa_v2__vitl_256__linear__layer_18,train_eval.probe.mvp,MVP,mvp,same_L,V-JEPA 2,ViT-L/16,Linear,linear,101,42,jepa_v2,vitl_256,18,,18,pooled,0.0096379725784439298,5.1145208860780314e-05,64,1024,2000,false,5,,,,,,,cpu,artifacts/probes/mvp,seed_runs_layerwise_same_l_v1/mvp__same_l__jepa_v2__vitl_256__linear__layer_18/seed_101,artifacts/results/mvp,seed_runs_layerwise_same_l_v1/mvp__same_l__jepa_v2__vitl_256__linear__layer_18/seed_101,seed_runs_layerwise_same_l_v1_mvp__same_l__jepa_v2__vitl_256__linear__layer_18,mvp__same_l__jepa_v2__vitl_256__linear__layer_18__seed_101,pending,,"[""seed=101"",""split.seed=42"",""backbone.name=jepa_v2"",""+backbone.kwargs.variant=vitl_256"",""probe.name=linear"",""probe.layer=18"",""probe.layers=[]"",""probe.feature_view=pooled"",""probe.device=cpu"",""probe.lr=0.0096379725784439298"",""probe.weight_decay=5.1145208860780314e-05"",""probe.batch_size=64"",""probe.eval_batch_size=1024"",""probe.epochs=2000"",""probe.early_stopping.enabled=false"",""probe.early_stopping.patience=5"",""probe.optuna.enabled=false"",""probe.output_dir=artifacts/probes/mvp"",""probe.output_subdir=seed_runs_layerwise_same_l_v1/mvp__same_l__jepa_v2__vitl_256__linear__layer_18/seed_101"",""probe.eval_output_dir=artifacts/results/mvp"",""probe.eval_output_subdir=seed_runs_layerwise_same_l_v1/mvp__same_l__jepa_v2__vitl_256__linear__layer_18/seed_101"",""probe.wandb.group=seed_runs_layerwise_same_l_v1_mvp__same_l__jepa_v2__vitl_256__linear__layer_18"",""probe.wandb.name=mvp__same_l__jepa_v2__vitl_256__linear__layer_18__seed_101"",""feature_cache.layer_ids=[6,12,18,24]""]",results/verified_layerwise_probe_configs.csv,350,352,558056bb7663c756,VERIFIED_FULL,"{""batch_size"":64,""early_stopping"":{""enabled"":false,""patience"":5},""epochs"":2000,""eval_batch_size"":1024,""feature_view"":""pooled"",""layer"":18,""lr"":0.00963797257844393,""slot"":null,""weight_decay"":5.1145208860780314e-05}",same_size_ablation/mvp_same_size_ablation/linear/mvp_probe_linear_jepa_v2_vitl_256_20260529T131219Z/layer_18/train/optuna_summary.json
mvp__same_l__jepa_v2__vitl_256__linear__layer_18__seed_102,mvp__same_l__jepa_v2__vitl_256__linear__layer_18,train_eval.probe.mvp,MVP,mvp,same_L,V-JEPA 2,ViT-L/16,Linear,linear,102,42,jepa_v2,vitl_256,18,,18,pooled,0.0096379725784439298,5.1145208860780314e-05,64,1024,2000,false,5,,,,,,,cpu,artifacts/probes/mvp,seed_runs_layerwise_same_l_v1/mvp__same_l__jepa_v2__vitl_256__linear__layer_18/seed_102,artifacts/results/mvp,seed_runs_layerwise_same_l_v1/mvp__same_l__jepa_v2__vitl_256__linear__layer_18/seed_102,seed_runs_layerwise_same_l_v1_mvp__same_l__jepa_v2__vitl_256__linear__layer_18,mvp__same_l__jepa_v2__vitl_256__linear__layer_18__seed_102,pending,,"[""seed=102"",""split.seed=42"",""backbone.name=jepa_v2"",""+backbone.kwargs.variant=vitl_256"",""probe.name=linear"",""probe.layer=18"",""probe.layers=[]"",""probe.feature_view=pooled"",""probe.device=cpu"",""probe.lr=0.0096379725784439298"",""probe.weight_decay=5.1145208860780314e-05"",""probe.batch_size=64"",""probe.eval_batch_size=1024"",""probe.epochs=2000"",""probe.early_stopping.enabled=false"",""probe.early_stopping.patience=5"",""probe.optuna.enabled=false"",""probe.output_dir=artifacts/probes/mvp"",""probe.output_subdir=seed_runs_layerwise_same_l_v1/mvp__same_l__jepa_v2__vitl_256__linear__layer_18/seed_102"",""probe.eval_output_dir=artifacts/results/mvp"",""probe.eval_output_subdir=seed_runs_layerwise_same_l_v1/mvp__same_l__jepa_v2__vitl_256__linear__layer_18/seed_102"",""probe.wandb.group=seed_runs_layerwise_same_l_v1_mvp__same_l__jepa_v2__vitl_256__linear__layer_18"",""probe.wandb.name=mvp__same_l__jepa_v2__vitl_256__linear__layer_18__seed_102"",""feature_cache.layer_ids=[6,12,18,24]""]",results/verified_layerwise_probe_configs.csv,350,352,558056bb7663c756,VERIFIED_FULL,"{""batch_size"":64,""early_stopping"":{""enabled"":false,""patience"":5},""epochs"":2000,""eval_batch_size"":1024,""feature_view"":""pooled"",""layer"":18,""lr"":0.00963797257844393,""slot"":null,""weight_decay"":5.1145208860780314e-05}",same_size_ablation/mvp_same_size_ablation/linear/mvp_probe_linear_jepa_v2_vitl_256_20260529T131219Z/layer_18/train/optuna_summary.json
mvp__same_l__jepa_v2__vitl_256__linear__layer_24__seed_101,mvp__same_l__jepa_v2__vitl_256__linear__layer_24,train_eval.probe.mvp,MVP,mvp,same_L,V-JEPA 2,ViT-L/16,Linear,linear,101,42,jepa_v2,vitl_256,24,,24,pooled,0.0011390177735221545,0.009830811195453721,32,1024,2000,false,5,,,,,,,cpu,artifacts/probes/mvp,seed_runs_layerwise_same_l_v1/mvp__same_l__jepa_v2__vitl_256__linear__layer_24/seed_101,artifacts/results/mvp,seed_runs_layerwise_same_l_v1/mvp__same_l__jepa_v2__vitl_256__linear__layer_24/seed_101,seed_runs_layerwise_same_l_v1_mvp__same_l__jepa_v2__vitl_256__linear__layer_24,mvp__same_l__jepa_v2__vitl_256__linear__layer_24__seed_101,pending,,"[""seed=101"",""split.seed=42"",""backbone.name=jepa_v2"",""+backbone.kwargs.variant=vitl_256"",""probe.name=linear"",""probe.layer=24"",""probe.layers=[]"",""probe.feature_view=pooled"",""probe.device=cpu"",""probe.lr=0.0011390177735221545"",""probe.weight_decay=0.009830811195453721"",""probe.batch_size=32"",""probe.eval_batch_size=1024"",""probe.epochs=2000"",""probe.early_stopping.enabled=false"",""probe.early_stopping.patience=5"",""probe.optuna.enabled=false"",""probe.output_dir=artifacts/probes/mvp"",""probe.output_subdir=seed_runs_layerwise_same_l_v1/mvp__same_l__jepa_v2__vitl_256__linear__layer_24/seed_101"",""probe.eval_output_dir=artifacts/results/mvp"",""probe.eval_output_subdir=seed_runs_layerwise_same_l_v1/mvp__same_l__jepa_v2__vitl_256__linear__layer_24/seed_101"",""probe.wandb.group=seed_runs_layerwise_same_l_v1_mvp__same_l__jepa_v2__vitl_256__linear__layer_24"",""probe.wandb.name=mvp__same_l__jepa_v2__vitl_256__linear__layer_24__seed_101"",""feature_cache.layer_ids=[6,12,18,24]""]",results/verified_layerwise_probe_configs.csv,351,353,ac641a2350537938,VERIFIED_FULL,"{""batch_size"":32,""early_stopping"":{""enabled"":false,""patience"":5},""epochs"":2000,""eval_batch_size"":1024,""feature_view"":""pooled"",""layer"":24,""lr"":0.0011390177735221545,""slot"":null,""weight_decay"":0.009830811195453721}",same_size_ablation/mvp_same_size_ablation/linear/mvp_probe_linear_jepa_v2_vitl_256_20260529T131219Z/layer_24/train/optuna_summary.json
mvp__same_l__jepa_v2__vitl_256__linear__layer_24__seed_102,mvp__same_l__jepa_v2__vitl_256__linear__layer_24,train_eval.probe.mvp,MVP,mvp,same_L,V-JEPA 2,ViT-L/16,Linear,linear,102,42,jepa_v2,vitl_256,24,,24,pooled,0.0011390177735221545,0.009830811195453721,32,1024,2000,false,5,,,,,,,cpu,artifacts/probes/mvp,seed_runs_layerwise_same_l_v1/mvp__same_l__jepa_v2__vitl_256__linear__layer_24/seed_102,artifacts/results/mvp,seed_runs_layerwise_same_l_v1/mvp__same_l__jepa_v2__vitl_256__linear__layer_24/seed_102,seed_runs_layerwise_same_l_v1_mvp__same_l__jepa_v2__vitl_256__linear__layer_24,mvp__same_l__jepa_v2__vitl_256__linear__layer_24__seed_102,pending,,"[""seed=102"",""split.seed=42"",""backbone.name=jepa_v2"",""+backbone.kwargs.variant=vitl_256"",""probe.name=linear"",""probe.layer=24"",""probe.layers=[]"",""probe.feature_view=pooled"",""probe.device=cpu"",""probe.lr=0.0011390177735221545"",""probe.weight_decay=0.009830811195453721"",""probe.batch_size=32"",""probe.eval_batch_size=1024"",""probe.epochs=2000"",""probe.early_stopping.enabled=false"",""probe.early_stopping.patience=5"",""probe.optuna.enabled=false"",""probe.output_dir=artifacts/probes/mvp"",""probe.output_subdir=seed_runs_layerwise_same_l_v1/mvp__same_l__jepa_v2__vitl_256__linear__layer_24/seed_102"",""probe.eval_output_dir=artifacts/results/mvp"",""probe.eval_output_subdir=seed_runs_layerwise_same_l_v1/mvp__same_l__jepa_v2__vitl_256__linear__layer_24/seed_102"",""probe.wandb.group=seed_runs_layerwise_same_l_v1_mvp__same_l__jepa_v2__vitl_256__linear__layer_24"",""probe.wandb.name=mvp__same_l__jepa_v2__vitl_256__linear__layer_24__seed_102"",""feature_cache.layer_ids=[6,12,18,24]""]",results/verified_layerwise_probe_configs.csv,351,353,ac641a2350537938,VERIFIED_FULL,"{""batch_size"":32,""early_stopping"":{""enabled"":false,""patience"":5},""epochs"":2000,""eval_batch_size"":1024,""feature_view"":""pooled"",""layer"":24,""lr"":0.0011390177735221545,""slot"":null,""weight_decay"":0.009830811195453721}",same_size_ablation/mvp_same_size_ablation/linear/mvp_probe_linear_jepa_v2_vitl_256_20260529T131219Z/layer_24/train/optuna_summary.json
mvp__same_l__jepa_v2__vitl_256__mlp__layer_6__seed_101,mvp__same_l__jepa_v2__vitl_256__mlp__layer_6,train_eval.probe.mvp,MVP,mvp,same_L,V-JEPA 2,ViT-L/16,MLP,mlp,101,42,jepa_v2,vitl_256,6,,6,pooled,0.00013292918943162159,0.0050615768887523043,32,1024,2000,false,5,[256],0.21597250932105788,,,,,cpu,artifacts/probes/mvp,seed_runs_layerwise_same_l_v1/mvp__same_l__jepa_v2__vitl_256__mlp__layer_6/seed_101,artifacts/results/mvp,seed_runs_layerwise_same_l_v1/mvp__same_l__jepa_v2__vitl_256__mlp__layer_6/seed_101,seed_runs_layerwise_same_l_v1_mvp__same_l__jepa_v2__vitl_256__mlp__layer_6,mvp__same_l__jepa_v2__vitl_256__mlp__layer_6__seed_101,pending,,"[""seed=101"",""split.seed=42"",""backbone.name=jepa_v2"",""+backbone.kwargs.variant=vitl_256"",""probe.name=mlp"",""probe.layer=6"",""probe.layers=[]"",""probe.feature_view=pooled"",""probe.device=cpu"",""probe.lr=0.00013292918943162159"",""probe.weight_decay=0.0050615768887523043"",""probe.batch_size=32"",""probe.eval_batch_size=1024"",""probe.epochs=2000"",""probe.early_stopping.enabled=false"",""probe.early_stopping.patience=5"",""probe.optuna.enabled=false"",""probe.output_dir=artifacts/probes/mvp"",""probe.output_subdir=seed_runs_layerwise_same_l_v1/mvp__same_l__jepa_v2__vitl_256__mlp__layer_6/seed_101"",""probe.eval_output_dir=artifacts/results/mvp"",""probe.eval_output_subdir=seed_runs_layerwise_same_l_v1/mvp__same_l__jepa_v2__vitl_256__mlp__layer_6/seed_101"",""probe.wandb.group=seed_runs_layerwise_same_l_v1_mvp__same_l__jepa_v2__vitl_256__mlp__layer_6"",""probe.wandb.name=mvp__same_l__jepa_v2__vitl_256__mlp__layer_6__seed_101"",""probe.mlp.hidden_dims=[256]"",""probe.mlp.dropout=0.21597250932105788"",""feature_cache.layer_ids=[6,12,18,24]""]",results/verified_layerwise_probe_configs.csv,352,354,204c6524610ca759,VERIFIED_FULL,"{""batch_size"":32,""dropout"":0.21597250932105788,""early_stopping"":{""enabled"":false,""patience"":5},""epochs"":2000,""eval_batch_size"":1024,""feature_view"":""pooled"",""hidden_dims"":[256],""layer"":6,""lr"":0.0001329291894316216,""slot"":null,""weight_decay"":0.005061576888752304}",same_size_ablation/mvp_same_size_ablation/mlp/mvp_probe_mlp_jepa_v2_vitl_256_20260530T065523Z/layer_6/train/optuna_summary.json
mvp__same_l__jepa_v2__vitl_256__mlp__layer_6__seed_102,mvp__same_l__jepa_v2__vitl_256__mlp__layer_6,train_eval.probe.mvp,MVP,mvp,same_L,V-JEPA 2,ViT-L/16,MLP,mlp,102,42,jepa_v2,vitl_256,6,,6,pooled,0.00013292918943162159,0.0050615768887523043,32,1024,2000,false,5,[256],0.21597250932105788,,,,,cpu,artifacts/probes/mvp,seed_runs_layerwise_same_l_v1/mvp__same_l__jepa_v2__vitl_256__mlp__layer_6/seed_102,artifacts/results/mvp,seed_runs_layerwise_same_l_v1/mvp__same_l__jepa_v2__vitl_256__mlp__layer_6/seed_102,seed_runs_layerwise_same_l_v1_mvp__same_l__jepa_v2__vitl_256__mlp__layer_6,mvp__same_l__jepa_v2__vitl_256__mlp__layer_6__seed_102,pending,,"[""seed=102"",""split.seed=42"",""backbone.name=jepa_v2"",""+backbone.kwargs.variant=vitl_256"",""probe.name=mlp"",""probe.layer=6"",""probe.layers=[]"",""probe.feature_view=pooled"",""probe.device=cpu"",""probe.lr=0.00013292918943162159"",""probe.weight_decay=0.0050615768887523043"",""probe.batch_size=32"",""probe.eval_batch_size=1024"",""probe.epochs=2000"",""probe.early_stopping.enabled=false"",""probe.early_stopping.patience=5"",""probe.optuna.enabled=false"",""probe.output_dir=artifacts/probes/mvp"",""probe.output_subdir=seed_runs_layerwise_same_l_v1/mvp__same_l__jepa_v2__vitl_256__mlp__layer_6/seed_102"",""probe.eval_output_dir=artifacts/results/mvp"",""probe.eval_output_subdir=seed_runs_layerwise_same_l_v1/mvp__same_l__jepa_v2__vitl_256__mlp__layer_6/seed_102"",""probe.wandb.group=seed_runs_layerwise_same_l_v1_mvp__same_l__jepa_v2__vitl_256__mlp__layer_6"",""probe.wandb.name=mvp__same_l__jepa_v2__vitl_256__mlp__layer_6__seed_102"",""probe.mlp.hidden_dims=[256]"",""probe.mlp.dropout=0.21597250932105788"",""feature_cache.layer_ids=[6,12,18,24]""]",results/verified_layerwise_probe_configs.csv,352,354,204c6524610ca759,VERIFIED_FULL,"{""batch_size"":32,""dropout"":0.21597250932105788,""early_stopping"":{""enabled"":false,""patience"":5},""epochs"":2000,""eval_batch_size"":1024,""feature_view"":""pooled"",""hidden_dims"":[256],""layer"":6,""lr"":0.0001329291894316216,""slot"":null,""weight_decay"":0.005061576888752304}",same_size_ablation/mvp_same_size_ablation/mlp/mvp_probe_mlp_jepa_v2_vitl_256_20260530T065523Z/layer_6/train/optuna_summary.json
mvp__same_l__jepa_v2__vitl_256__mlp__layer_12__seed_101,mvp__same_l__jepa_v2__vitl_256__mlp__layer_12,train_eval.probe.mvp,MVP,mvp,same_L,V-JEPA 2,ViT-L/16,MLP,mlp,101,42,jepa_v2,vitl_256,12,,12,pooled,0.00013292918943162159,0.0050615768887523043,32,1024,2000,false,5,[256],0.21597250932105788,,,,,cpu,artifacts/probes/mvp,seed_runs_layerwise_same_l_v1/mvp__same_l__jepa_v2__vitl_256__mlp__layer_12/seed_101,artifacts/results/mvp,seed_runs_layerwise_same_l_v1/mvp__same_l__jepa_v2__vitl_256__mlp__layer_12/seed_101,seed_runs_layerwise_same_l_v1_mvp__same_l__jepa_v2__vitl_256__mlp__layer_12,mvp__same_l__jepa_v2__vitl_256__mlp__layer_12__seed_101,pending,,"[""seed=101"",""split.seed=42"",""backbone.name=jepa_v2"",""+backbone.kwargs.variant=vitl_256"",""probe.name=mlp"",""probe.layer=12"",""probe.layers=[]"",""probe.feature_view=pooled"",""probe.device=cpu"",""probe.lr=0.00013292918943162159"",""probe.weight_decay=0.0050615768887523043"",""probe.batch_size=32"",""probe.eval_batch_size=1024"",""probe.epochs=2000"",""probe.early_stopping.enabled=false"",""probe.early_stopping.patience=5"",""probe.optuna.enabled=false"",""probe.output_dir=artifacts/probes/mvp"",""probe.output_subdir=seed_runs_layerwise_same_l_v1/mvp__same_l__jepa_v2__vitl_256__mlp__layer_12/seed_101"",""probe.eval_output_dir=artifacts/results/mvp"",""probe.eval_output_subdir=seed_runs_layerwise_same_l_v1/mvp__same_l__jepa_v2__vitl_256__mlp__layer_12/seed_101"",""probe.wandb.group=seed_runs_layerwise_same_l_v1_mvp__same_l__jepa_v2__vitl_256__mlp__layer_12"",""probe.wandb.name=mvp__same_l__jepa_v2__vitl_256__mlp__layer_12__seed_101"",""probe.mlp.hidden_dims=[256]"",""probe.mlp.dropout=0.21597250932105788"",""feature_cache.layer_ids=[6,12,18,24]""]",results/verified_layerwise_probe_configs.csv,353,355,14b77390724172dc,VERIFIED_FULL,"{""batch_size"":32,""dropout"":0.21597250932105788,""early_stopping"":{""enabled"":false,""patience"":5},""epochs"":2000,""eval_batch_size"":1024,""feature_view"":""pooled"",""hidden_dims"":[256],""layer"":12,""lr"":0.0001329291894316216,""slot"":null,""weight_decay"":0.005061576888752304}",same_size_ablation/mvp_same_size_ablation/mlp/mvp_probe_mlp_jepa_v2_vitl_256_20260530T065523Z/layer_12/train/optuna_summary.json
mvp__same_l__jepa_v2__vitl_256__mlp__layer_12__seed_102,mvp__same_l__jepa_v2__vitl_256__mlp__layer_12,train_eval.probe.mvp,MVP,mvp,same_L,V-JEPA 2,ViT-L/16,MLP,mlp,102,42,jepa_v2,vitl_256,12,,12,pooled,0.00013292918943162159,0.0050615768887523043,32,1024,2000,false,5,[256],0.21597250932105788,,,,,cpu,artifacts/probes/mvp,seed_runs_layerwise_same_l_v1/mvp__same_l__jepa_v2__vitl_256__mlp__layer_12/seed_102,artifacts/results/mvp,seed_runs_layerwise_same_l_v1/mvp__same_l__jepa_v2__vitl_256__mlp__layer_12/seed_102,seed_runs_layerwise_same_l_v1_mvp__same_l__jepa_v2__vitl_256__mlp__layer_12,mvp__same_l__jepa_v2__vitl_256__mlp__layer_12__seed_102,pending,,"[""seed=102"",""split.seed=42"",""backbone.name=jepa_v2"",""+backbone.kwargs.variant=vitl_256"",""probe.name=mlp"",""probe.layer=12"",""probe.layers=[]"",""probe.feature_view=pooled"",""probe.device=cpu"",""probe.lr=0.00013292918943162159"",""probe.weight_decay=0.0050615768887523043"",""probe.batch_size=32"",""probe.eval_batch_size=1024"",""probe.epochs=2000"",""probe.early_stopping.enabled=false"",""probe.early_stopping.patience=5"",""probe.optuna.enabled=false"",""probe.output_dir=artifacts/probes/mvp"",""probe.output_subdir=seed_runs_layerwise_same_l_v1/mvp__same_l__jepa_v2__vitl_256__mlp__layer_12/seed_102"",""probe.eval_output_dir=artifacts/results/mvp"",""probe.eval_output_subdir=seed_runs_layerwise_same_l_v1/mvp__same_l__jepa_v2__vitl_256__mlp__layer_12/seed_102"",""probe.wandb.group=seed_runs_layerwise_same_l_v1_mvp__same_l__jepa_v2__vitl_256__mlp__layer_12"",""probe.wandb.name=mvp__same_l__jepa_v2__vitl_256__mlp__layer_12__seed_102"",""probe.mlp.hidden_dims=[256]"",""probe.mlp.dropout=0.21597250932105788"",""feature_cache.layer_ids=[6,12,18,24]""]",results/verified_layerwise_probe_configs.csv,353,355,14b77390724172dc,VERIFIED_FULL,"{""batch_size"":32,""dropout"":0.21597250932105788,""early_stopping"":{""enabled"":false,""patience"":5},""epochs"":2000,""eval_batch_size"":1024,""feature_view"":""pooled"",""hidden_dims"":[256],""layer"":12,""lr"":0.0001329291894316216,""slot"":null,""weight_decay"":0.005061576888752304}",same_size_ablation/mvp_same_size_ablation/mlp/mvp_probe_mlp_jepa_v2_vitl_256_20260530T065523Z/layer_12/train/optuna_summary.json
mvp__same_l__jepa_v2__vitl_256__mlp__layer_18__seed_101,mvp__same_l__jepa_v2__vitl_256__mlp__layer_18,train_eval.probe.mvp,MVP,mvp,same_L,V-JEPA 2,ViT-L/16,MLP,mlp,101,42,jepa_v2,vitl_256,18,,18,pooled,0.00013292918943162159,0.0050615768887523043,32,1024,2000,false,5,[256],0.21597250932105788,,,,,cpu,artifacts/probes/mvp,seed_runs_layerwise_same_l_v1/mvp__same_l__jepa_v2__vitl_256__mlp__layer_18/seed_101,artifacts/results/mvp,seed_runs_layerwise_same_l_v1/mvp__same_l__jepa_v2__vitl_256__mlp__layer_18/seed_101,seed_runs_layerwise_same_l_v1_mvp__same_l__jepa_v2__vitl_256__mlp__layer_18,mvp__same_l__jepa_v2__vitl_256__mlp__layer_18__seed_101,pending,,"[""seed=101"",""split.seed=42"",""backbone.name=jepa_v2"",""+backbone.kwargs.variant=vitl_256"",""probe.name=mlp"",""probe.layer=18"",""probe.layers=[]"",""probe.feature_view=pooled"",""probe.device=cpu"",""probe.lr=0.00013292918943162159"",""probe.weight_decay=0.0050615768887523043"",""probe.batch_size=32"",""probe.eval_batch_size=1024"",""probe.epochs=2000"",""probe.early_stopping.enabled=false"",""probe.early_stopping.patience=5"",""probe.optuna.enabled=false"",""probe.output_dir=artifacts/probes/mvp"",""probe.output_subdir=seed_runs_layerwise_same_l_v1/mvp__same_l__jepa_v2__vitl_256__mlp__layer_18/seed_101"",""probe.eval_output_dir=artifacts/results/mvp"",""probe.eval_output_subdir=seed_runs_layerwise_same_l_v1/mvp__same_l__jepa_v2__vitl_256__mlp__layer_18/seed_101"",""probe.wandb.group=seed_runs_layerwise_same_l_v1_mvp__same_l__jepa_v2__vitl_256__mlp__layer_18"",""probe.wandb.name=mvp__same_l__jepa_v2__vitl_256__mlp__layer_18__seed_101"",""probe.mlp.hidden_dims=[256]"",""probe.mlp.dropout=0.21597250932105788"",""feature_cache.layer_ids=[6,12,18,24]""]",results/verified_layerwise_probe_configs.csv,354,356,3a3b49ce327928ed,VERIFIED_FULL,"{""batch_size"":32,""dropout"":0.21597250932105788,""early_stopping"":{""enabled"":false,""patience"":5},""epochs"":2000,""eval_batch_size"":1024,""feature_view"":""pooled"",""hidden_dims"":[256],""layer"":18,""lr"":0.0001329291894316216,""slot"":null,""weight_decay"":0.005061576888752304}",same_size_ablation/mvp_same_size_ablation/mlp/mvp_probe_mlp_jepa_v2_vitl_256_20260530T065523Z/layer_18/train/optuna_summary.json
mvp__same_l__jepa_v2__vitl_256__mlp__layer_18__seed_102,mvp__same_l__jepa_v2__vitl_256__mlp__layer_18,train_eval.probe.mvp,MVP,mvp,same_L,V-JEPA 2,ViT-L/16,MLP,mlp,102,42,jepa_v2,vitl_256,18,,18,pooled,0.00013292918943162159,0.0050615768887523043,32,1024,2000,false,5,[256],0.21597250932105788,,,,,cpu,artifacts/probes/mvp,seed_runs_layerwise_same_l_v1/mvp__same_l__jepa_v2__vitl_256__mlp__layer_18/seed_102,artifacts/results/mvp,seed_runs_layerwise_same_l_v1/mvp__same_l__jepa_v2__vitl_256__mlp__layer_18/seed_102,seed_runs_layerwise_same_l_v1_mvp__same_l__jepa_v2__vitl_256__mlp__layer_18,mvp__same_l__jepa_v2__vitl_256__mlp__layer_18__seed_102,pending,,"[""seed=102"",""split.seed=42"",""backbone.name=jepa_v2"",""+backbone.kwargs.variant=vitl_256"",""probe.name=mlp"",""probe.layer=18"",""probe.layers=[]"",""probe.feature_view=pooled"",""probe.device=cpu"",""probe.lr=0.00013292918943162159"",""probe.weight_decay=0.0050615768887523043"",""probe.batch_size=32"",""probe.eval_batch_size=1024"",""probe.epochs=2000"",""probe.early_stopping.enabled=false"",""probe.early_stopping.patience=5"",""probe.optuna.enabled=false"",""probe.output_dir=artifacts/probes/mvp"",""probe.output_subdir=seed_runs_layerwise_same_l_v1/mvp__same_l__jepa_v2__vitl_256__mlp__layer_18/seed_102"",""probe.eval_output_dir=artifacts/results/mvp"",""probe.eval_output_subdir=seed_runs_layerwise_same_l_v1/mvp__same_l__jepa_v2__vitl_256__mlp__layer_18/seed_102"",""probe.wandb.group=seed_runs_layerwise_same_l_v1_mvp__same_l__jepa_v2__vitl_256__mlp__layer_18"",""probe.wandb.name=mvp__same_l__jepa_v2__vitl_256__mlp__layer_18__seed_102"",""probe.mlp.hidden_dims=[256]"",""probe.mlp.dropout=0.21597250932105788"",""feature_cache.layer_ids=[6,12,18,24]""]",results/verified_layerwise_probe_configs.csv,354,356,3a3b49ce327928ed,VERIFIED_FULL,"{""batch_size"":32,""dropout"":0.21597250932105788,""early_stopping"":{""enabled"":false,""patience"":5},""epochs"":2000,""eval_batch_size"":1024,""feature_view"":""pooled"",""hidden_dims"":[256],""layer"":18,""lr"":0.0001329291894316216,""slot"":null,""weight_decay"":0.005061576888752304}",same_size_ablation/mvp_same_size_ablation/mlp/mvp_probe_mlp_jepa_v2_vitl_256_20260530T065523Z/layer_18/train/optuna_summary.json
mvp__same_l__jepa_v2__vitl_256__mlp__layer_24__seed_101,mvp__same_l__jepa_v2__vitl_256__mlp__layer_24,train_eval.probe.mvp,MVP,mvp,same_L,V-JEPA 2,ViT-L/16,MLP,mlp,101,42,jepa_v2,vitl_256,24,,24,pooled,0.00059191841608376204,4.7857041984530703e-07,64,1024,2000,false,5,"[1024,512,256]",0.15501861355280072,,,,,cpu,artifacts/probes/mvp,seed_runs_layerwise_same_l_v1/mvp__same_l__jepa_v2__vitl_256__mlp__layer_24/seed_101,artifacts/results/mvp,seed_runs_layerwise_same_l_v1/mvp__same_l__jepa_v2__vitl_256__mlp__layer_24/seed_101,seed_runs_layerwise_same_l_v1_mvp__same_l__jepa_v2__vitl_256__mlp__layer_24,mvp__same_l__jepa_v2__vitl_256__mlp__layer_24__seed_101,pending,,"[""seed=101"",""split.seed=42"",""backbone.name=jepa_v2"",""+backbone.kwargs.variant=vitl_256"",""probe.name=mlp"",""probe.layer=24"",""probe.layers=[]"",""probe.feature_view=pooled"",""probe.device=cpu"",""probe.lr=0.00059191841608376204"",""probe.weight_decay=4.7857041984530703e-07"",""probe.batch_size=64"",""probe.eval_batch_size=1024"",""probe.epochs=2000"",""probe.early_stopping.enabled=false"",""probe.early_stopping.patience=5"",""probe.optuna.enabled=false"",""probe.output_dir=artifacts/probes/mvp"",""probe.output_subdir=seed_runs_layerwise_same_l_v1/mvp__same_l__jepa_v2__vitl_256__mlp__layer_24/seed_101"",""probe.eval_output_dir=artifacts/results/mvp"",""probe.eval_output_subdir=seed_runs_layerwise_same_l_v1/mvp__same_l__jepa_v2__vitl_256__mlp__layer_24/seed_101"",""probe.wandb.group=seed_runs_layerwise_same_l_v1_mvp__same_l__jepa_v2__vitl_256__mlp__layer_24"",""probe.wandb.name=mvp__same_l__jepa_v2__vitl_256__mlp__layer_24__seed_101"",""probe.mlp.hidden_dims=[1024,512,256]"",""probe.mlp.dropout=0.15501861355280072"",""feature_cache.layer_ids=[6,12,18,24]""]",results/verified_layerwise_probe_configs.csv,355,357,ae3612b99e41be0d,VERIFIED_FULL,"{""batch_size"":64,""dropout"":0.15501861355280072,""early_stopping"":{""enabled"":false,""patience"":5},""epochs"":2000,""eval_batch_size"":1024,""feature_view"":""pooled"",""hidden_dims"":[1024,512,256],""layer"":24,""lr"":0.000591918416083762,""slot"":null,""weight_decay"":4.78570419845307e-07}",same_size_ablation/mvp_same_size_ablation/mlp/mvp_probe_mlp_jepa_v2_vitl_256_20260530T065523Z/layer_24/train/optuna_summary.json
mvp__same_l__jepa_v2__vitl_256__mlp__layer_24__seed_102,mvp__same_l__jepa_v2__vitl_256__mlp__layer_24,train_eval.probe.mvp,MVP,mvp,same_L,V-JEPA 2,ViT-L/16,MLP,mlp,102,42,jepa_v2,vitl_256,24,,24,pooled,0.00059191841608376204,4.7857041984530703e-07,64,1024,2000,false,5,"[1024,512,256]",0.15501861355280072,,,,,cpu,artifacts/probes/mvp,seed_runs_layerwise_same_l_v1/mvp__same_l__jepa_v2__vitl_256__mlp__layer_24/seed_102,artifacts/results/mvp,seed_runs_layerwise_same_l_v1/mvp__same_l__jepa_v2__vitl_256__mlp__layer_24/seed_102,seed_runs_layerwise_same_l_v1_mvp__same_l__jepa_v2__vitl_256__mlp__layer_24,mvp__same_l__jepa_v2__vitl_256__mlp__layer_24__seed_102,pending,,"[""seed=102"",""split.seed=42"",""backbone.name=jepa_v2"",""+backbone.kwargs.variant=vitl_256"",""probe.name=mlp"",""probe.layer=24"",""probe.layers=[]"",""probe.feature_view=pooled"",""probe.device=cpu"",""probe.lr=0.00059191841608376204"",""probe.weight_decay=4.7857041984530703e-07"",""probe.batch_size=64"",""probe.eval_batch_size=1024"",""probe.epochs=2000"",""probe.early_stopping.enabled=false"",""probe.early_stopping.patience=5"",""probe.optuna.enabled=false"",""probe.output_dir=artifacts/probes/mvp"",""probe.output_subdir=seed_runs_layerwise_same_l_v1/mvp__same_l__jepa_v2__vitl_256__mlp__layer_24/seed_102"",""probe.eval_output_dir=artifacts/results/mvp"",""probe.eval_output_subdir=seed_runs_layerwise_same_l_v1/mvp__same_l__jepa_v2__vitl_256__mlp__layer_24/seed_102"",""probe.wandb.group=seed_runs_layerwise_same_l_v1_mvp__same_l__jepa_v2__vitl_256__mlp__layer_24"",""probe.wandb.name=mvp__same_l__jepa_v2__vitl_256__mlp__layer_24__seed_102"",""probe.mlp.hidden_dims=[1024,512,256]"",""probe.mlp.dropout=0.15501861355280072"",""feature_cache.layer_ids=[6,12,18,24]""]",results/verified_layerwise_probe_configs.csv,355,357,ae3612b99e41be0d,VERIFIED_FULL,"{""batch_size"":64,""dropout"":0.15501861355280072,""early_stopping"":{""enabled"":false,""patience"":5},""epochs"":2000,""eval_batch_size"":1024,""feature_view"":""pooled"",""hidden_dims"":[1024,512,256],""layer"":24,""lr"":0.000591918416083762,""slot"":null,""weight_decay"":4.78570419845307e-07}",same_size_ablation/mvp_same_size_ablation/mlp/mvp_probe_mlp_jepa_v2_vitl_256_20260530T065523Z/layer_24/train/optuna_summary.json
mvp__same_l__jepa_v2_1__vitl_384__linear__layer_6__seed_101,mvp__same_l__jepa_v2_1__vitl_384__linear__layer_6,train_eval.probe.mvp,MVP,mvp,same_L,V-JEPA 2.1,ViT-L/16,Linear,linear,101,42,jepa_v2_1,vitl_384,6,,6,pooled,0.0096379725784439298,5.1145208860780314e-05,64,1024,2000,false,5,,,,,,,cpu,artifacts/probes/mvp,seed_runs_layerwise_same_l_v1/mvp__same_l__jepa_v2_1__vitl_384__linear__layer_6/seed_101,artifacts/results/mvp,seed_runs_layerwise_same_l_v1/mvp__same_l__jepa_v2_1__vitl_384__linear__layer_6/seed_101,seed_runs_layerwise_same_l_v1_mvp__same_l__jepa_v2_1__vitl_384__linear__layer_6,mvp__same_l__jepa_v2_1__vitl_384__linear__layer_6__seed_101,pending,,"[""seed=101"",""split.seed=42"",""backbone.name=jepa_v2_1"",""+backbone.kwargs.variant=vitl_384"",""probe.name=linear"",""probe.layer=6"",""probe.layers=[]"",""probe.feature_view=pooled"",""probe.device=cpu"",""probe.lr=0.0096379725784439298"",""probe.weight_decay=5.1145208860780314e-05"",""probe.batch_size=64"",""probe.eval_batch_size=1024"",""probe.epochs=2000"",""probe.early_stopping.enabled=false"",""probe.early_stopping.patience=5"",""probe.optuna.enabled=false"",""probe.output_dir=artifacts/probes/mvp"",""probe.output_subdir=seed_runs_layerwise_same_l_v1/mvp__same_l__jepa_v2_1__vitl_384__linear__layer_6/seed_101"",""probe.eval_output_dir=artifacts/results/mvp"",""probe.eval_output_subdir=seed_runs_layerwise_same_l_v1/mvp__same_l__jepa_v2_1__vitl_384__linear__layer_6/seed_101"",""probe.wandb.group=seed_runs_layerwise_same_l_v1_mvp__same_l__jepa_v2_1__vitl_384__linear__layer_6"",""probe.wandb.name=mvp__same_l__jepa_v2_1__vitl_384__linear__layer_6__seed_101"",""feature_cache.layer_ids=[6,12,18,24]""]",results/verified_layerwise_probe_configs.csv,384,386,6c05523ea1b998f5,VERIFIED_FULL,"{""batch_size"":64,""early_stopping"":{""enabled"":false,""patience"":5},""epochs"":2000,""eval_batch_size"":1024,""feature_view"":""pooled"",""layer"":6,""lr"":0.00963797257844393,""slot"":null,""weight_decay"":5.1145208860780314e-05}",same_size_ablation/mvp_same_size_ablation/linear/mvp_probe_linear_jepa_v2_1_vitl_384_20260529T131218Z/layer_6/train/optuna_summary.json
mvp__same_l__jepa_v2_1__vitl_384__linear__layer_6__seed_102,mvp__same_l__jepa_v2_1__vitl_384__linear__layer_6,train_eval.probe.mvp,MVP,mvp,same_L,V-JEPA 2.1,ViT-L/16,Linear,linear,102,42,jepa_v2_1,vitl_384,6,,6,pooled,0.0096379725784439298,5.1145208860780314e-05,64,1024,2000,false,5,,,,,,,cpu,artifacts/probes/mvp,seed_runs_layerwise_same_l_v1/mvp__same_l__jepa_v2_1__vitl_384__linear__layer_6/seed_102,artifacts/results/mvp,seed_runs_layerwise_same_l_v1/mvp__same_l__jepa_v2_1__vitl_384__linear__layer_6/seed_102,seed_runs_layerwise_same_l_v1_mvp__same_l__jepa_v2_1__vitl_384__linear__layer_6,mvp__same_l__jepa_v2_1__vitl_384__linear__layer_6__seed_102,pending,,"[""seed=102"",""split.seed=42"",""backbone.name=jepa_v2_1"",""+backbone.kwargs.variant=vitl_384"",""probe.name=linear"",""probe.layer=6"",""probe.layers=[]"",""probe.feature_view=pooled"",""probe.device=cpu"",""probe.lr=0.0096379725784439298"",""probe.weight_decay=5.1145208860780314e-05"",""probe.batch_size=64"",""probe.eval_batch_size=1024"",""probe.epochs=2000"",""probe.early_stopping.enabled=false"",""probe.early_stopping.patience=5"",""probe.optuna.enabled=false"",""probe.output_dir=artifacts/probes/mvp"",""probe.output_subdir=seed_runs_layerwise_same_l_v1/mvp__same_l__jepa_v2_1__vitl_384__linear__layer_6/seed_102"",""probe.eval_output_dir=artifacts/results/mvp"",""probe.eval_output_subdir=seed_runs_layerwise_same_l_v1/mvp__same_l__jepa_v2_1__vitl_384__linear__layer_6/seed_102"",""probe.wandb.group=seed_runs_layerwise_same_l_v1_mvp__same_l__jepa_v2_1__vitl_384__linear__layer_6"",""probe.wandb.name=mvp__same_l__jepa_v2_1__vitl_384__linear__layer_6__seed_102"",""feature_cache.layer_ids=[6,12,18,24]""]",results/verified_layerwise_probe_configs.csv,384,386,6c05523ea1b998f5,VERIFIED_FULL,"{""batch_size"":64,""early_stopping"":{""enabled"":false,""patience"":5},""epochs"":2000,""eval_batch_size"":1024,""feature_view"":""pooled"",""layer"":6,""lr"":0.00963797257844393,""slot"":null,""weight_decay"":5.1145208860780314e-05}",same_size_ablation/mvp_same_size_ablation/linear/mvp_probe_linear_jepa_v2_1_vitl_384_20260529T131218Z/layer_6/train/optuna_summary.json
mvp__same_l__jepa_v2_1__vitl_384__linear__layer_12__seed_101,mvp__same_l__jepa_v2_1__vitl_384__linear__layer_12,train_eval.probe.mvp,MVP,mvp,same_L,V-JEPA 2.1,ViT-L/16,Linear,linear,101,42,jepa_v2_1,vitl_384,12,,12,pooled,0.0078049615110440127,7.2824316925743996e-05,64,1024,2000,false,5,,,,,,,cpu,artifacts/probes/mvp,seed_runs_layerwise_same_l_v1/mvp__same_l__jepa_v2_1__vitl_384__linear__layer_12/seed_101,artifacts/results/mvp,seed_runs_layerwise_same_l_v1/mvp__same_l__jepa_v2_1__vitl_384__linear__layer_12/seed_101,seed_runs_layerwise_same_l_v1_mvp__same_l__jepa_v2_1__vitl_384__linear__layer_12,mvp__same_l__jepa_v2_1__vitl_384__linear__layer_12__seed_101,pending,,"[""seed=101"",""split.seed=42"",""backbone.name=jepa_v2_1"",""+backbone.kwargs.variant=vitl_384"",""probe.name=linear"",""probe.layer=12"",""probe.layers=[]"",""probe.feature_view=pooled"",""probe.device=cpu"",""probe.lr=0.0078049615110440127"",""probe.weight_decay=7.2824316925743996e-05"",""probe.batch_size=64"",""probe.eval_batch_size=1024"",""probe.epochs=2000"",""probe.early_stopping.enabled=false"",""probe.early_stopping.patience=5"",""probe.optuna.enabled=false"",""probe.output_dir=artifacts/probes/mvp"",""probe.output_subdir=seed_runs_layerwise_same_l_v1/mvp__same_l__jepa_v2_1__vitl_384__linear__layer_12/seed_101"",""probe.eval_output_dir=artifacts/results/mvp"",""probe.eval_output_subdir=seed_runs_layerwise_same_l_v1/mvp__same_l__jepa_v2_1__vitl_384__linear__layer_12/seed_101"",""probe.wandb.group=seed_runs_layerwise_same_l_v1_mvp__same_l__jepa_v2_1__vitl_384__linear__layer_12"",""probe.wandb.name=mvp__same_l__jepa_v2_1__vitl_384__linear__layer_12__seed_101"",""feature_cache.layer_ids=[6,12,18,24]""]",results/verified_layerwise_probe_configs.csv,385,387,0a822e23a89f5d5f,VERIFIED_FULL,"{""batch_size"":64,""early_stopping"":{""enabled"":false,""patience"":5},""epochs"":2000,""eval_batch_size"":1024,""feature_view"":""pooled"",""layer"":12,""lr"":0.007804961511044013,""slot"":null,""weight_decay"":7.2824316925744e-05}",same_size_ablation/mvp_same_size_ablation/linear/mvp_probe_linear_jepa_v2_1_vitl_384_20260529T131218Z/layer_12/train/optuna_summary.json
mvp__same_l__jepa_v2_1__vitl_384__linear__layer_12__seed_102,mvp__same_l__jepa_v2_1__vitl_384__linear__layer_12,train_eval.probe.mvp,MVP,mvp,same_L,V-JEPA 2.1,ViT-L/16,Linear,linear,102,42,jepa_v2_1,vitl_384,12,,12,pooled,0.0078049615110440127,7.2824316925743996e-05,64,1024,2000,false,5,,,,,,,cpu,artifacts/probes/mvp,seed_runs_layerwise_same_l_v1/mvp__same_l__jepa_v2_1__vitl_384__linear__layer_12/seed_102,artifacts/results/mvp,seed_runs_layerwise_same_l_v1/mvp__same_l__jepa_v2_1__vitl_384__linear__layer_12/seed_102,seed_runs_layerwise_same_l_v1_mvp__same_l__jepa_v2_1__vitl_384__linear__layer_12,mvp__same_l__jepa_v2_1__vitl_384__linear__layer_12__seed_102,pending,,"[""seed=102"",""split.seed=42"",""backbone.name=jepa_v2_1"",""+backbone.kwargs.variant=vitl_384"",""probe.name=linear"",""probe.layer=12"",""probe.layers=[]"",""probe.feature_view=pooled"",""probe.device=cpu"",""probe.lr=0.0078049615110440127"",""probe.weight_decay=7.2824316925743996e-05"",""probe.batch_size=64"",""probe.eval_batch_size=1024"",""probe.epochs=2000"",""probe.early_stopping.enabled=false"",""probe.early_stopping.patience=5"",""probe.optuna.enabled=false"",""probe.output_dir=artifacts/probes/mvp"",""probe.output_subdir=seed_runs_layerwise_same_l_v1/mvp__same_l__jepa_v2_1__vitl_384__linear__layer_12/seed_102"",""probe.eval_output_dir=artifacts/results/mvp"",""probe.eval_output_subdir=seed_runs_layerwise_same_l_v1/mvp__same_l__jepa_v2_1__vitl_384__linear__layer_12/seed_102"",""probe.wandb.group=seed_runs_layerwise_same_l_v1_mvp__same_l__jepa_v2_1__vitl_384__linear__layer_12"",""probe.wandb.name=mvp__same_l__jepa_v2_1__vitl_384__linear__layer_12__seed_102"",""feature_cache.layer_ids=[6,12,18,24]""]",results/verified_layerwise_probe_configs.csv,385,387,0a822e23a89f5d5f,VERIFIED_FULL,"{""batch_size"":64,""early_stopping"":{""enabled"":false,""patience"":5},""epochs"":2000,""eval_batch_size"":1024,""feature_view"":""pooled"",""layer"":12,""lr"":0.007804961511044013,""slot"":null,""weight_decay"":7.2824316925744e-05}",same_size_ablation/mvp_same_size_ablation/linear/mvp_probe_linear_jepa_v2_1_vitl_384_20260529T131218Z/layer_12/train/optuna_summary.json
mvp__same_l__jepa_v2_1__vitl_384__linear__layer_18__seed_101,mvp__same_l__jepa_v2_1__vitl_384__linear__layer_18,train_eval.probe.mvp,MVP,mvp,same_L,V-JEPA 2.1,ViT-L/16,Linear,linear,101,42,jepa_v2_1,vitl_384,18,,18,pooled,0.003922877912156765,7.0096461636939923e-06,64,1024,2000,false,5,,,,,,,cpu,artifacts/probes/mvp,seed_runs_layerwise_same_l_v1/mvp__same_l__jepa_v2_1__vitl_384__linear__layer_18/seed_101,artifacts/results/mvp,seed_runs_layerwise_same_l_v1/mvp__same_l__jepa_v2_1__vitl_384__linear__layer_18/seed_101,seed_runs_layerwise_same_l_v1_mvp__same_l__jepa_v2_1__vitl_384__linear__layer_18,mvp__same_l__jepa_v2_1__vitl_384__linear__layer_18__seed_101,pending,,"[""seed=101"",""split.seed=42"",""backbone.name=jepa_v2_1"",""+backbone.kwargs.variant=vitl_384"",""probe.name=linear"",""probe.layer=18"",""probe.layers=[]"",""probe.feature_view=pooled"",""probe.device=cpu"",""probe.lr=0.003922877912156765"",""probe.weight_decay=7.0096461636939923e-06"",""probe.batch_size=64"",""probe.eval_batch_size=1024"",""probe.epochs=2000"",""probe.early_stopping.enabled=false"",""probe.early_stopping.patience=5"",""probe.optuna.enabled=false"",""probe.output_dir=artifacts/probes/mvp"",""probe.output_subdir=seed_runs_layerwise_same_l_v1/mvp__same_l__jepa_v2_1__vitl_384__linear__layer_18/seed_101"",""probe.eval_output_dir=artifacts/results/mvp"",""probe.eval_output_subdir=seed_runs_layerwise_same_l_v1/mvp__same_l__jepa_v2_1__vitl_384__linear__layer_18/seed_101"",""probe.wandb.group=seed_runs_layerwise_same_l_v1_mvp__same_l__jepa_v2_1__vitl_384__linear__layer_18"",""probe.wandb.name=mvp__same_l__jepa_v2_1__vitl_384__linear__layer_18__seed_101"",""feature_cache.layer_ids=[6,12,18,24]""]",results/verified_layerwise_probe_configs.csv,386,388,703e261f3f154c9b,VERIFIED_FULL,"{""batch_size"":64,""early_stopping"":{""enabled"":false,""patience"":5},""epochs"":2000,""eval_batch_size"":1024,""feature_view"":""pooled"",""layer"":18,""lr"":0.003922877912156765,""slot"":null,""weight_decay"":7.009646163693992e-06}",same_size_ablation/mvp_same_size_ablation/linear/mvp_probe_linear_jepa_v2_1_vitl_384_20260529T131218Z/layer_18/train/optuna_summary.json
mvp__same_l__jepa_v2_1__vitl_384__linear__layer_18__seed_102,mvp__same_l__jepa_v2_1__vitl_384__linear__layer_18,train_eval.probe.mvp,MVP,mvp,same_L,V-JEPA 2.1,ViT-L/16,Linear,linear,102,42,jepa_v2_1,vitl_384,18,,18,pooled,0.003922877912156765,7.0096461636939923e-06,64,1024,2000,false,5,,,,,,,cpu,artifacts/probes/mvp,seed_runs_layerwise_same_l_v1/mvp__same_l__jepa_v2_1__vitl_384__linear__layer_18/seed_102,artifacts/results/mvp,seed_runs_layerwise_same_l_v1/mvp__same_l__jepa_v2_1__vitl_384__linear__layer_18/seed_102,seed_runs_layerwise_same_l_v1_mvp__same_l__jepa_v2_1__vitl_384__linear__layer_18,mvp__same_l__jepa_v2_1__vitl_384__linear__layer_18__seed_102,pending,,"[""seed=102"",""split.seed=42"",""backbone.name=jepa_v2_1"",""+backbone.kwargs.variant=vitl_384"",""probe.name=linear"",""probe.layer=18"",""probe.layers=[]"",""probe.feature_view=pooled"",""probe.device=cpu"",""probe.lr=0.003922877912156765"",""probe.weight_decay=7.0096461636939923e-06"",""probe.batch_size=64"",""probe.eval_batch_size=1024"",""probe.epochs=2000"",""probe.early_stopping.enabled=false"",""probe.early_stopping.patience=5"",""probe.optuna.enabled=false"",""probe.output_dir=artifacts/probes/mvp"",""probe.output_subdir=seed_runs_layerwise_same_l_v1/mvp__same_l__jepa_v2_1__vitl_384__linear__layer_18/seed_102"",""probe.eval_output_dir=artifacts/results/mvp"",""probe.eval_output_subdir=seed_runs_layerwise_same_l_v1/mvp__same_l__jepa_v2_1__vitl_384__linear__layer_18/seed_102"",""probe.wandb.group=seed_runs_layerwise_same_l_v1_mvp__same_l__jepa_v2_1__vitl_384__linear__layer_18"",""probe.wandb.name=mvp__same_l__jepa_v2_1__vitl_384__linear__layer_18__seed_102"",""feature_cache.layer_ids=[6,12,18,24]""]",results/verified_layerwise_probe_configs.csv,386,388,703e261f3f154c9b,VERIFIED_FULL,"{""batch_size"":64,""early_stopping"":{""enabled"":false,""patience"":5},""epochs"":2000,""eval_batch_size"":1024,""feature_view"":""pooled"",""layer"":18,""lr"":0.003922877912156765,""slot"":null,""weight_decay"":7.009646163693992e-06}",same_size_ablation/mvp_same_size_ablation/linear/mvp_probe_linear_jepa_v2_1_vitl_384_20260529T131218Z/layer_18/train/optuna_summary.json
mvp__same_l__jepa_v2_1__vitl_384__linear__layer_24__seed_101,mvp__same_l__jepa_v2_1__vitl_384__linear__layer_24,train_eval.probe.mvp,MVP,mvp,same_L,V-JEPA 2.1,ViT-L/16,Linear,linear,101,42,jepa_v2_1,vitl_384,24,,24,pooled,0.0021464035477145849,0.0039552323360892176,64,1024,2000,false,5,,,,,,,cpu,artifacts/probes/mvp,seed_runs_layerwise_same_l_v1/mvp__same_l__jepa_v2_1__vitl_384__linear__layer_24/seed_101,artifacts/results/mvp,seed_runs_layerwise_same_l_v1/mvp__same_l__jepa_v2_1__vitl_384__linear__layer_24/seed_101,seed_runs_layerwise_same_l_v1_mvp__same_l__jepa_v2_1__vitl_384__linear__layer_24,mvp__same_l__jepa_v2_1__vitl_384__linear__layer_24__seed_101,pending,,"[""seed=101"",""split.seed=42"",""backbone.name=jepa_v2_1"",""+backbone.kwargs.variant=vitl_384"",""probe.name=linear"",""probe.layer=24"",""probe.layers=[]"",""probe.feature_view=pooled"",""probe.device=cpu"",""probe.lr=0.0021464035477145849"",""probe.weight_decay=0.0039552323360892176"",""probe.batch_size=64"",""probe.eval_batch_size=1024"",""probe.epochs=2000"",""probe.early_stopping.enabled=false"",""probe.early_stopping.patience=5"",""probe.optuna.enabled=false"",""probe.output_dir=artifacts/probes/mvp"",""probe.output_subdir=seed_runs_layerwise_same_l_v1/mvp__same_l__jepa_v2_1__vitl_384__linear__layer_24/seed_101"",""probe.eval_output_dir=artifacts/results/mvp"",""probe.eval_output_subdir=seed_runs_layerwise_same_l_v1/mvp__same_l__jepa_v2_1__vitl_384__linear__layer_24/seed_101"",""probe.wandb.group=seed_runs_layerwise_same_l_v1_mvp__same_l__jepa_v2_1__vitl_384__linear__layer_24"",""probe.wandb.name=mvp__same_l__jepa_v2_1__vitl_384__linear__layer_24__seed_101"",""feature_cache.layer_ids=[6,12,18,24]""]",results/verified_layerwise_probe_configs.csv,387,389,8be2ed9e122f5149,VERIFIED_FULL,"{""batch_size"":64,""early_stopping"":{""enabled"":false,""patience"":5},""epochs"":2000,""eval_batch_size"":1024,""feature_view"":""pooled"",""layer"":24,""lr"":0.002146403547714585,""slot"":null,""weight_decay"":0.003955232336089218}",same_size_ablation/mvp_same_size_ablation/linear/mvp_probe_linear_jepa_v2_1_vitl_384_20260529T131218Z/layer_24/train/optuna_summary.json
mvp__same_l__jepa_v2_1__vitl_384__linear__layer_24__seed_102,mvp__same_l__jepa_v2_1__vitl_384__linear__layer_24,train_eval.probe.mvp,MVP,mvp,same_L,V-JEPA 2.1,ViT-L/16,Linear,linear,102,42,jepa_v2_1,vitl_384,24,,24,pooled,0.0021464035477145849,0.0039552323360892176,64,1024,2000,false,5,,,,,,,cpu,artifacts/probes/mvp,seed_runs_layerwise_same_l_v1/mvp__same_l__jepa_v2_1__vitl_384__linear__layer_24/seed_102,artifacts/results/mvp,seed_runs_layerwise_same_l_v1/mvp__same_l__jepa_v2_1__vitl_384__linear__layer_24/seed_102,seed_runs_layerwise_same_l_v1_mvp__same_l__jepa_v2_1__vitl_384__linear__layer_24,mvp__same_l__jepa_v2_1__vitl_384__linear__layer_24__seed_102,pending,,"[""seed=102"",""split.seed=42"",""backbone.name=jepa_v2_1"",""+backbone.kwargs.variant=vitl_384"",""probe.name=linear"",""probe.layer=24"",""probe.layers=[]"",""probe.feature_view=pooled"",""probe.device=cpu"",""probe.lr=0.0021464035477145849"",""probe.weight_decay=0.0039552323360892176"",""probe.batch_size=64"",""probe.eval_batch_size=1024"",""probe.epochs=2000"",""probe.early_stopping.enabled=false"",""probe.early_stopping.patience=5"",""probe.optuna.enabled=false"",""probe.output_dir=artifacts/probes/mvp"",""probe.output_subdir=seed_runs_layerwise_same_l_v1/mvp__same_l__jepa_v2_1__vitl_384__linear__layer_24/seed_102"",""probe.eval_output_dir=artifacts/results/mvp"",""probe.eval_output_subdir=seed_runs_layerwise_same_l_v1/mvp__same_l__jepa_v2_1__vitl_384__linear__layer_24/seed_102"",""probe.wandb.group=seed_runs_layerwise_same_l_v1_mvp__same_l__jepa_v2_1__vitl_384__linear__layer_24"",""probe.wandb.name=mvp__same_l__jepa_v2_1__vitl_384__linear__layer_24__seed_102"",""feature_cache.layer_ids=[6,12,18,24]""]",results/verified_layerwise_probe_configs.csv,387,389,8be2ed9e122f5149,VERIFIED_FULL,"{""batch_size"":64,""early_stopping"":{""enabled"":false,""patience"":5},""epochs"":2000,""eval_batch_size"":1024,""feature_view"":""pooled"",""layer"":24,""lr"":0.002146403547714585,""slot"":null,""weight_decay"":0.003955232336089218}",same_size_ablation/mvp_same_size_ablation/linear/mvp_probe_linear_jepa_v2_1_vitl_384_20260529T131218Z/layer_24/train/optuna_summary.json
mvp__same_l__jepa_v2_1__vitl_384__mlp__layer_6__seed_101,mvp__same_l__jepa_v2_1__vitl_384__mlp__layer_6,train_eval.probe.mvp,MVP,mvp,same_L,V-JEPA 2.1,ViT-L/16,MLP,mlp,101,42,jepa_v2_1,vitl_384,6,,6,pooled,0.00013292918943162159,0.0050615768887523043,32,1024,2000,false,5,[256],0.21597250932105788,,,,,cpu,artifacts/probes/mvp,seed_runs_layerwise_same_l_v1/mvp__same_l__jepa_v2_1__vitl_384__mlp__layer_6/seed_101,artifacts/results/mvp,seed_runs_layerwise_same_l_v1/mvp__same_l__jepa_v2_1__vitl_384__mlp__layer_6/seed_101,seed_runs_layerwise_same_l_v1_mvp__same_l__jepa_v2_1__vitl_384__mlp__layer_6,mvp__same_l__jepa_v2_1__vitl_384__mlp__layer_6__seed_101,pending,,"[""seed=101"",""split.seed=42"",""backbone.name=jepa_v2_1"",""+backbone.kwargs.variant=vitl_384"",""probe.name=mlp"",""probe.layer=6"",""probe.layers=[]"",""probe.feature_view=pooled"",""probe.device=cpu"",""probe.lr=0.00013292918943162159"",""probe.weight_decay=0.0050615768887523043"",""probe.batch_size=32"",""probe.eval_batch_size=1024"",""probe.epochs=2000"",""probe.early_stopping.enabled=false"",""probe.early_stopping.patience=5"",""probe.optuna.enabled=false"",""probe.output_dir=artifacts/probes/mvp"",""probe.output_subdir=seed_runs_layerwise_same_l_v1/mvp__same_l__jepa_v2_1__vitl_384__mlp__layer_6/seed_101"",""probe.eval_output_dir=artifacts/results/mvp"",""probe.eval_output_subdir=seed_runs_layerwise_same_l_v1/mvp__same_l__jepa_v2_1__vitl_384__mlp__layer_6/seed_101"",""probe.wandb.group=seed_runs_layerwise_same_l_v1_mvp__same_l__jepa_v2_1__vitl_384__mlp__layer_6"",""probe.wandb.name=mvp__same_l__jepa_v2_1__vitl_384__mlp__layer_6__seed_101"",""probe.mlp.hidden_dims=[256]"",""probe.mlp.dropout=0.21597250932105788"",""feature_cache.layer_ids=[6,12,18,24]""]",results/verified_layerwise_probe_configs.csv,388,390,182c999ebcc8aa8a,VERIFIED_FULL,"{""batch_size"":32,""dropout"":0.21597250932105788,""early_stopping"":{""enabled"":false,""patience"":5},""epochs"":2000,""eval_batch_size"":1024,""feature_view"":""pooled"",""hidden_dims"":[256],""layer"":6,""lr"":0.0001329291894316216,""slot"":null,""weight_decay"":0.005061576888752304}",same_size_ablation/mvp_same_size_ablation/mlp/mvp_probe_mlp_jepa_v2_1_vitl_384_20260530T070146Z/layer_6/train/optuna_summary.json
mvp__same_l__jepa_v2_1__vitl_384__mlp__layer_6__seed_102,mvp__same_l__jepa_v2_1__vitl_384__mlp__layer_6,train_eval.probe.mvp,MVP,mvp,same_L,V-JEPA 2.1,ViT-L/16,MLP,mlp,102,42,jepa_v2_1,vitl_384,6,,6,pooled,0.00013292918943162159,0.0050615768887523043,32,1024,2000,false,5,[256],0.21597250932105788,,,,,cpu,artifacts/probes/mvp,seed_runs_layerwise_same_l_v1/mvp__same_l__jepa_v2_1__vitl_384__mlp__layer_6/seed_102,artifacts/results/mvp,seed_runs_layerwise_same_l_v1/mvp__same_l__jepa_v2_1__vitl_384__mlp__layer_6/seed_102,seed_runs_layerwise_same_l_v1_mvp__same_l__jepa_v2_1__vitl_384__mlp__layer_6,mvp__same_l__jepa_v2_1__vitl_384__mlp__layer_6__seed_102,pending,,"[""seed=102"",""split.seed=42"",""backbone.name=jepa_v2_1"",""+backbone.kwargs.variant=vitl_384"",""probe.name=mlp"",""probe.layer=6"",""probe.layers=[]"",""probe.feature_view=pooled"",""probe.device=cpu"",""probe.lr=0.00013292918943162159"",""probe.weight_decay=0.0050615768887523043"",""probe.batch_size=32"",""probe.eval_batch_size=1024"",""probe.epochs=2000"",""probe.early_stopping.enabled=false"",""probe.early_stopping.patience=5"",""probe.optuna.enabled=false"",""probe.output_dir=artifacts/probes/mvp"",""probe.output_subdir=seed_runs_layerwise_same_l_v1/mvp__same_l__jepa_v2_1__vitl_384__mlp__layer_6/seed_102"",""probe.eval_output_dir=artifacts/results/mvp"",""probe.eval_output_subdir=seed_runs_layerwise_same_l_v1/mvp__same_l__jepa_v2_1__vitl_384__mlp__layer_6/seed_102"",""probe.wandb.group=seed_runs_layerwise_same_l_v1_mvp__same_l__jepa_v2_1__vitl_384__mlp__layer_6"",""probe.wandb.name=mvp__same_l__jepa_v2_1__vitl_384__mlp__layer_6__seed_102"",""probe.mlp.hidden_dims=[256]"",""probe.mlp.dropout=0.21597250932105788"",""feature_cache.layer_ids=[6,12,18,24]""]",results/verified_layerwise_probe_configs.csv,388,390,182c999ebcc8aa8a,VERIFIED_FULL,"{""batch_size"":32,""dropout"":0.21597250932105788,""early_stopping"":{""enabled"":false,""patience"":5},""epochs"":2000,""eval_batch_size"":1024,""feature_view"":""pooled"",""hidden_dims"":[256],""layer"":6,""lr"":0.0001329291894316216,""slot"":null,""weight_decay"":0.005061576888752304}",same_size_ablation/mvp_same_size_ablation/mlp/mvp_probe_mlp_jepa_v2_1_vitl_384_20260530T070146Z/layer_6/train/optuna_summary.json
mvp__same_l__jepa_v2_1__vitl_384__mlp__layer_12__seed_101,mvp__same_l__jepa_v2_1__vitl_384__mlp__layer_12,train_eval.probe.mvp,MVP,mvp,same_L,V-JEPA 2.1,ViT-L/16,MLP,mlp,101,42,jepa_v2_1,vitl_384,12,,12,pooled,0.00013292918943162159,0.0050615768887523043,32,1024,2000,false,5,[256],0.21597250932105788,,,,,cpu,artifacts/probes/mvp,seed_runs_layerwise_same_l_v1/mvp__same_l__jepa_v2_1__vitl_384__mlp__layer_12/seed_101,artifacts/results/mvp,seed_runs_layerwise_same_l_v1/mvp__same_l__jepa_v2_1__vitl_384__mlp__layer_12/seed_101,seed_runs_layerwise_same_l_v1_mvp__same_l__jepa_v2_1__vitl_384__mlp__layer_12,mvp__same_l__jepa_v2_1__vitl_384__mlp__layer_12__seed_101,pending,,"[""seed=101"",""split.seed=42"",""backbone.name=jepa_v2_1"",""+backbone.kwargs.variant=vitl_384"",""probe.name=mlp"",""probe.layer=12"",""probe.layers=[]"",""probe.feature_view=pooled"",""probe.device=cpu"",""probe.lr=0.00013292918943162159"",""probe.weight_decay=0.0050615768887523043"",""probe.batch_size=32"",""probe.eval_batch_size=1024"",""probe.epochs=2000"",""probe.early_stopping.enabled=false"",""probe.early_stopping.patience=5"",""probe.optuna.enabled=false"",""probe.output_dir=artifacts/probes/mvp"",""probe.output_subdir=seed_runs_layerwise_same_l_v1/mvp__same_l__jepa_v2_1__vitl_384__mlp__layer_12/seed_101"",""probe.eval_output_dir=artifacts/results/mvp"",""probe.eval_output_subdir=seed_runs_layerwise_same_l_v1/mvp__same_l__jepa_v2_1__vitl_384__mlp__layer_12/seed_101"",""probe.wandb.group=seed_runs_layerwise_same_l_v1_mvp__same_l__jepa_v2_1__vitl_384__mlp__layer_12"",""probe.wandb.name=mvp__same_l__jepa_v2_1__vitl_384__mlp__layer_12__seed_101"",""probe.mlp.hidden_dims=[256]"",""probe.mlp.dropout=0.21597250932105788"",""feature_cache.layer_ids=[6,12,18,24]""]",results/verified_layerwise_probe_configs.csv,389,391,35879b9d28f86adf,VERIFIED_FULL,"{""batch_size"":32,""dropout"":0.21597250932105788,""early_stopping"":{""enabled"":false,""patience"":5},""epochs"":2000,""eval_batch_size"":1024,""feature_view"":""pooled"",""hidden_dims"":[256],""layer"":12,""lr"":0.0001329291894316216,""slot"":null,""weight_decay"":0.005061576888752304}",same_size_ablation/mvp_same_size_ablation/mlp/mvp_probe_mlp_jepa_v2_1_vitl_384_20260530T070146Z/layer_12/train/optuna_summary.json
mvp__same_l__jepa_v2_1__vitl_384__mlp__layer_12__seed_102,mvp__same_l__jepa_v2_1__vitl_384__mlp__layer_12,train_eval.probe.mvp,MVP,mvp,same_L,V-JEPA 2.1,ViT-L/16,MLP,mlp,102,42,jepa_v2_1,vitl_384,12,,12,pooled,0.00013292918943162159,0.0050615768887523043,32,1024,2000,false,5,[256],0.21597250932105788,,,,,cpu,artifacts/probes/mvp,seed_runs_layerwise_same_l_v1/mvp__same_l__jepa_v2_1__vitl_384__mlp__layer_12/seed_102,artifacts/results/mvp,seed_runs_layerwise_same_l_v1/mvp__same_l__jepa_v2_1__vitl_384__mlp__layer_12/seed_102,seed_runs_layerwise_same_l_v1_mvp__same_l__jepa_v2_1__vitl_384__mlp__layer_12,mvp__same_l__jepa_v2_1__vitl_384__mlp__layer_12__seed_102,pending,,"[""seed=102"",""split.seed=42"",""backbone.name=jepa_v2_1"",""+backbone.kwargs.variant=vitl_384"",""probe.name=mlp"",""probe.layer=12"",""probe.layers=[]"",""probe.feature_view=pooled"",""probe.device=cpu"",""probe.lr=0.00013292918943162159"",""probe.weight_decay=0.0050615768887523043"",""probe.batch_size=32"",""probe.eval_batch_size=1024"",""probe.epochs=2000"",""probe.early_stopping.enabled=false"",""probe.early_stopping.patience=5"",""probe.optuna.enabled=false"",""probe.output_dir=artifacts/probes/mvp"",""probe.output_subdir=seed_runs_layerwise_same_l_v1/mvp__same_l__jepa_v2_1__vitl_384__mlp__layer_12/seed_102"",""probe.eval_output_dir=artifacts/results/mvp"",""probe.eval_output_subdir=seed_runs_layerwise_same_l_v1/mvp__same_l__jepa_v2_1__vitl_384__mlp__layer_12/seed_102"",""probe.wandb.group=seed_runs_layerwise_same_l_v1_mvp__same_l__jepa_v2_1__vitl_384__mlp__layer_12"",""probe.wandb.name=mvp__same_l__jepa_v2_1__vitl_384__mlp__layer_12__seed_102"",""probe.mlp.hidden_dims=[256]"",""probe.mlp.dropout=0.21597250932105788"",""feature_cache.layer_ids=[6,12,18,24]""]",results/verified_layerwise_probe_configs.csv,389,391,35879b9d28f86adf,VERIFIED_FULL,"{""batch_size"":32,""dropout"":0.21597250932105788,""early_stopping"":{""enabled"":false,""patience"":5},""epochs"":2000,""eval_batch_size"":1024,""feature_view"":""pooled"",""hidden_dims"":[256],""layer"":12,""lr"":0.0001329291894316216,""slot"":null,""weight_decay"":0.005061576888752304}",same_size_ablation/mvp_same_size_ablation/mlp/mvp_probe_mlp_jepa_v2_1_vitl_384_20260530T070146Z/layer_12/train/optuna_summary.json
mvp__same_l__jepa_v2_1__vitl_384__mlp__layer_18__seed_101,mvp__same_l__jepa_v2_1__vitl_384__mlp__layer_18,train_eval.probe.mvp,MVP,mvp,same_L,V-JEPA 2.1,ViT-L/16,MLP,mlp,101,42,jepa_v2_1,vitl_384,18,,18,pooled,0.00013292918943162159,0.0050615768887523043,32,1024,2000,false,5,[256],0.21597250932105788,,,,,cpu,artifacts/probes/mvp,seed_runs_layerwise_same_l_v1/mvp__same_l__jepa_v2_1__vitl_384__mlp__layer_18/seed_101,artifacts/results/mvp,seed_runs_layerwise_same_l_v1/mvp__same_l__jepa_v2_1__vitl_384__mlp__layer_18/seed_101,seed_runs_layerwise_same_l_v1_mvp__same_l__jepa_v2_1__vitl_384__mlp__layer_18,mvp__same_l__jepa_v2_1__vitl_384__mlp__layer_18__seed_101,pending,,"[""seed=101"",""split.seed=42"",""backbone.name=jepa_v2_1"",""+backbone.kwargs.variant=vitl_384"",""probe.name=mlp"",""probe.layer=18"",""probe.layers=[]"",""probe.feature_view=pooled"",""probe.device=cpu"",""probe.lr=0.00013292918943162159"",""probe.weight_decay=0.0050615768887523043"",""probe.batch_size=32"",""probe.eval_batch_size=1024"",""probe.epochs=2000"",""probe.early_stopping.enabled=false"",""probe.early_stopping.patience=5"",""probe.optuna.enabled=false"",""probe.output_dir=artifacts/probes/mvp"",""probe.output_subdir=seed_runs_layerwise_same_l_v1/mvp__same_l__jepa_v2_1__vitl_384__mlp__layer_18/seed_101"",""probe.eval_output_dir=artifacts/results/mvp"",""probe.eval_output_subdir=seed_runs_layerwise_same_l_v1/mvp__same_l__jepa_v2_1__vitl_384__mlp__layer_18/seed_101"",""probe.wandb.group=seed_runs_layerwise_same_l_v1_mvp__same_l__jepa_v2_1__vitl_384__mlp__layer_18"",""probe.wandb.name=mvp__same_l__jepa_v2_1__vitl_384__mlp__layer_18__seed_101"",""probe.mlp.hidden_dims=[256]"",""probe.mlp.dropout=0.21597250932105788"",""feature_cache.layer_ids=[6,12,18,24]""]",results/verified_layerwise_probe_configs.csv,390,392,0be92ac69448eee5,VERIFIED_FULL,"{""batch_size"":32,""dropout"":0.21597250932105788,""early_stopping"":{""enabled"":false,""patience"":5},""epochs"":2000,""eval_batch_size"":1024,""feature_view"":""pooled"",""hidden_dims"":[256],""layer"":18,""lr"":0.0001329291894316216,""slot"":null,""weight_decay"":0.005061576888752304}",same_size_ablation/mvp_same_size_ablation/mlp/mvp_probe_mlp_jepa_v2_1_vitl_384_20260530T070146Z/layer_18/train/optuna_summary.json
mvp__same_l__jepa_v2_1__vitl_384__mlp__layer_18__seed_102,mvp__same_l__jepa_v2_1__vitl_384__mlp__layer_18,train_eval.probe.mvp,MVP,mvp,same_L,V-JEPA 2.1,ViT-L/16,MLP,mlp,102,42,jepa_v2_1,vitl_384,18,,18,pooled,0.00013292918943162159,0.0050615768887523043,32,1024,2000,false,5,[256],0.21597250932105788,,,,,cpu,artifacts/probes/mvp,seed_runs_layerwise_same_l_v1/mvp__same_l__jepa_v2_1__vitl_384__mlp__layer_18/seed_102,artifacts/results/mvp,seed_runs_layerwise_same_l_v1/mvp__same_l__jepa_v2_1__vitl_384__mlp__layer_18/seed_102,seed_runs_layerwise_same_l_v1_mvp__same_l__jepa_v2_1__vitl_384__mlp__layer_18,mvp__same_l__jepa_v2_1__vitl_384__mlp__layer_18__seed_102,pending,,"[""seed=102"",""split.seed=42"",""backbone.name=jepa_v2_1"",""+backbone.kwargs.variant=vitl_384"",""probe.name=mlp"",""probe.layer=18"",""probe.layers=[]"",""probe.feature_view=pooled"",""probe.device=cpu"",""probe.lr=0.00013292918943162159"",""probe.weight_decay=0.0050615768887523043"",""probe.batch_size=32"",""probe.eval_batch_size=1024"",""probe.epochs=2000"",""probe.early_stopping.enabled=false"",""probe.early_stopping.patience=5"",""probe.optuna.enabled=false"",""probe.output_dir=artifacts/probes/mvp"",""probe.output_subdir=seed_runs_layerwise_same_l_v1/mvp__same_l__jepa_v2_1__vitl_384__mlp__layer_18/seed_102"",""probe.eval_output_dir=artifacts/results/mvp"",""probe.eval_output_subdir=seed_runs_layerwise_same_l_v1/mvp__same_l__jepa_v2_1__vitl_384__mlp__layer_18/seed_102"",""probe.wandb.group=seed_runs_layerwise_same_l_v1_mvp__same_l__jepa_v2_1__vitl_384__mlp__layer_18"",""probe.wandb.name=mvp__same_l__jepa_v2_1__vitl_384__mlp__layer_18__seed_102"",""probe.mlp.hidden_dims=[256]"",""probe.mlp.dropout=0.21597250932105788"",""feature_cache.layer_ids=[6,12,18,24]""]",results/verified_layerwise_probe_configs.csv,390,392,0be92ac69448eee5,VERIFIED_FULL,"{""batch_size"":32,""dropout"":0.21597250932105788,""early_stopping"":{""enabled"":false,""patience"":5},""epochs"":2000,""eval_batch_size"":1024,""feature_view"":""pooled"",""hidden_dims"":[256],""layer"":18,""lr"":0.0001329291894316216,""slot"":null,""weight_decay"":0.005061576888752304}",same_size_ablation/mvp_same_size_ablation/mlp/mvp_probe_mlp_jepa_v2_1_vitl_384_20260530T070146Z/layer_18/train/optuna_summary.json
mvp__same_l__jepa_v2_1__vitl_384__mlp__layer_24__seed_101,mvp__same_l__jepa_v2_1__vitl_384__mlp__layer_24,train_eval.probe.mvp,MVP,mvp,same_L,V-JEPA 2.1,ViT-L/16,MLP,mlp,101,42,jepa_v2_1,vitl_384,24,,24,pooled,0.00013292918943162159,0.0050615768887523043,32,1024,2000,false,5,[256],0.21597250932105788,,,,,cpu,artifacts/probes/mvp,seed_runs_layerwise_same_l_v1/mvp__same_l__jepa_v2_1__vitl_384__mlp__layer_24/seed_101,artifacts/results/mvp,seed_runs_layerwise_same_l_v1/mvp__same_l__jepa_v2_1__vitl_384__mlp__layer_24/seed_101,seed_runs_layerwise_same_l_v1_mvp__same_l__jepa_v2_1__vitl_384__mlp__layer_24,mvp__same_l__jepa_v2_1__vitl_384__mlp__layer_24__seed_101,pending,,"[""seed=101"",""split.seed=42"",""backbone.name=jepa_v2_1"",""+backbone.kwargs.variant=vitl_384"",""probe.name=mlp"",""probe.layer=24"",""probe.layers=[]"",""probe.feature_view=pooled"",""probe.device=cpu"",""probe.lr=0.00013292918943162159"",""probe.weight_decay=0.0050615768887523043"",""probe.batch_size=32"",""probe.eval_batch_size=1024"",""probe.epochs=2000"",""probe.early_stopping.enabled=false"",""probe.early_stopping.patience=5"",""probe.optuna.enabled=false"",""probe.output_dir=artifacts/probes/mvp"",""probe.output_subdir=seed_runs_layerwise_same_l_v1/mvp__same_l__jepa_v2_1__vitl_384__mlp__layer_24/seed_101"",""probe.eval_output_dir=artifacts/results/mvp"",""probe.eval_output_subdir=seed_runs_layerwise_same_l_v1/mvp__same_l__jepa_v2_1__vitl_384__mlp__layer_24/seed_101"",""probe.wandb.group=seed_runs_layerwise_same_l_v1_mvp__same_l__jepa_v2_1__vitl_384__mlp__layer_24"",""probe.wandb.name=mvp__same_l__jepa_v2_1__vitl_384__mlp__layer_24__seed_101"",""probe.mlp.hidden_dims=[256]"",""probe.mlp.dropout=0.21597250932105788"",""feature_cache.layer_ids=[6,12,18,24]""]",results/verified_layerwise_probe_configs.csv,391,393,e96aea3b50d13330,VERIFIED_FULL,"{""batch_size"":32,""dropout"":0.21597250932105788,""early_stopping"":{""enabled"":false,""patience"":5},""epochs"":2000,""eval_batch_size"":1024,""feature_view"":""pooled"",""hidden_dims"":[256],""layer"":24,""lr"":0.0001329291894316216,""slot"":null,""weight_decay"":0.005061576888752304}",same_size_ablation/mvp_same_size_ablation/mlp/mvp_probe_mlp_jepa_v2_1_vitl_384_20260530T070146Z/layer_24/train/optuna_summary.json
mvp__same_l__jepa_v2_1__vitl_384__mlp__layer_24__seed_102,mvp__same_l__jepa_v2_1__vitl_384__mlp__layer_24,train_eval.probe.mvp,MVP,mvp,same_L,V-JEPA 2.1,ViT-L/16,MLP,mlp,102,42,jepa_v2_1,vitl_384,24,,24,pooled,0.00013292918943162159,0.0050615768887523043,32,1024,2000,false,5,[256],0.21597250932105788,,,,,cpu,artifacts/probes/mvp,seed_runs_layerwise_same_l_v1/mvp__same_l__jepa_v2_1__vitl_384__mlp__layer_24/seed_102,artifacts/results/mvp,seed_runs_layerwise_same_l_v1/mvp__same_l__jepa_v2_1__vitl_384__mlp__layer_24/seed_102,seed_runs_layerwise_same_l_v1_mvp__same_l__jepa_v2_1__vitl_384__mlp__layer_24,mvp__same_l__jepa_v2_1__vitl_384__mlp__layer_24__seed_102,pending,,"[""seed=102"",""split.seed=42"",""backbone.name=jepa_v2_1"",""+backbone.kwargs.variant=vitl_384"",""probe.name=mlp"",""probe.layer=24"",""probe.layers=[]"",""probe.feature_view=pooled"",""probe.device=cpu"",""probe.lr=0.00013292918943162159"",""probe.weight_decay=0.0050615768887523043"",""probe.batch_size=32"",""probe.eval_batch_size=1024"",""probe.epochs=2000"",""probe.early_stopping.enabled=false"",""probe.early_stopping.patience=5"",""probe.optuna.enabled=false"",""probe.output_dir=artifacts/probes/mvp"",""probe.output_subdir=seed_runs_layerwise_same_l_v1/mvp__same_l__jepa_v2_1__vitl_384__mlp__layer_24/seed_102"",""probe.eval_output_dir=artifacts/results/mvp"",""probe.eval_output_subdir=seed_runs_layerwise_same_l_v1/mvp__same_l__jepa_v2_1__vitl_384__mlp__layer_24/seed_102"",""probe.wandb.group=seed_runs_layerwise_same_l_v1_mvp__same_l__jepa_v2_1__vitl_384__mlp__layer_24"",""probe.wandb.name=mvp__same_l__jepa_v2_1__vitl_384__mlp__layer_24__seed_102"",""probe.mlp.hidden_dims=[256]"",""probe.mlp.dropout=0.21597250932105788"",""feature_cache.layer_ids=[6,12,18,24]""]",results/verified_layerwise_probe_configs.csv,391,393,e96aea3b50d13330,VERIFIED_FULL,"{""batch_size"":32,""dropout"":0.21597250932105788,""early_stopping"":{""enabled"":false,""patience"":5},""epochs"":2000,""eval_batch_size"":1024,""feature_view"":""pooled"",""hidden_dims"":[256],""layer"":24,""lr"":0.0001329291894316216,""slot"":null,""weight_decay"":0.005061576888752304}",same_size_ablation/mvp_same_size_ablation/mlp/mvp_probe_mlp_jepa_v2_1_vitl_384_20260530T070146Z/layer_24/train/optuna_summary.json
mvp__same_l__videomae__vit_large_16_224__linear__layer_6__seed_101,mvp__same_l__videomae__vit_large_16_224__linear__layer_6,train_eval.probe.mvp,MVP,mvp,same_L,VideoMAE,ViT-L/16,Linear,linear,101,42,videomae,vit_large_16_224,6,,6,pooled,0.0078049615110440127,7.2824316925743996e-05,64,1024,2000,false,5,,,,,,,cpu,artifacts/probes/mvp,seed_runs_layerwise_same_l_v1/mvp__same_l__videomae__vit_large_16_224__linear__layer_6/seed_101,artifacts/results/mvp,seed_runs_layerwise_same_l_v1/mvp__same_l__videomae__vit_large_16_224__linear__layer_6/seed_101,seed_runs_layerwise_same_l_v1_mvp__same_l__videomae__vit_large_16_224__linear__layer_6,mvp__same_l__videomae__vit_large_16_224__linear__layer_6__seed_101,pending,,"[""seed=101"",""split.seed=42"",""backbone.name=videomae"",""+backbone.kwargs.variant=vit_large_16_224"",""probe.name=linear"",""probe.layer=6"",""probe.layers=[]"",""probe.feature_view=pooled"",""probe.device=cpu"",""probe.lr=0.0078049615110440127"",""probe.weight_decay=7.2824316925743996e-05"",""probe.batch_size=64"",""probe.eval_batch_size=1024"",""probe.epochs=2000"",""probe.early_stopping.enabled=false"",""probe.early_stopping.patience=5"",""probe.optuna.enabled=false"",""probe.output_dir=artifacts/probes/mvp"",""probe.output_subdir=seed_runs_layerwise_same_l_v1/mvp__same_l__videomae__vit_large_16_224__linear__layer_6/seed_101"",""probe.eval_output_dir=artifacts/results/mvp"",""probe.eval_output_subdir=seed_runs_layerwise_same_l_v1/mvp__same_l__videomae__vit_large_16_224__linear__layer_6/seed_101"",""probe.wandb.group=seed_runs_layerwise_same_l_v1_mvp__same_l__videomae__vit_large_16_224__linear__layer_6"",""probe.wandb.name=mvp__same_l__videomae__vit_large_16_224__linear__layer_6__seed_101"",""feature_cache.layer_ids=[6,12,18,24]""]",results/verified_layerwise_probe_configs.csv,420,422,ddf619ef25a1d792,VERIFIED_FULL,"{""batch_size"":64,""early_stopping"":{""enabled"":false,""patience"":5},""epochs"":2000,""eval_batch_size"":1024,""feature_view"":""pooled"",""layer"":6,""lr"":0.007804961511044013,""slot"":null,""weight_decay"":7.2824316925744e-05}",same_size_ablation/mvp_same_size_ablation/linear/mvp_probe_linear_videomae_vit_large_16_224_20260529T131228Z/layer_6/train/optuna_summary.json
mvp__same_l__videomae__vit_large_16_224__linear__layer_6__seed_102,mvp__same_l__videomae__vit_large_16_224__linear__layer_6,train_eval.probe.mvp,MVP,mvp,same_L,VideoMAE,ViT-L/16,Linear,linear,102,42,videomae,vit_large_16_224,6,,6,pooled,0.0078049615110440127,7.2824316925743996e-05,64,1024,2000,false,5,,,,,,,cpu,artifacts/probes/mvp,seed_runs_layerwise_same_l_v1/mvp__same_l__videomae__vit_large_16_224__linear__layer_6/seed_102,artifacts/results/mvp,seed_runs_layerwise_same_l_v1/mvp__same_l__videomae__vit_large_16_224__linear__layer_6/seed_102,seed_runs_layerwise_same_l_v1_mvp__same_l__videomae__vit_large_16_224__linear__layer_6,mvp__same_l__videomae__vit_large_16_224__linear__layer_6__seed_102,pending,,"[""seed=102"",""split.seed=42"",""backbone.name=videomae"",""+backbone.kwargs.variant=vit_large_16_224"",""probe.name=linear"",""probe.layer=6"",""probe.layers=[]"",""probe.feature_view=pooled"",""probe.device=cpu"",""probe.lr=0.0078049615110440127"",""probe.weight_decay=7.2824316925743996e-05"",""probe.batch_size=64"",""probe.eval_batch_size=1024"",""probe.epochs=2000"",""probe.early_stopping.enabled=false"",""probe.early_stopping.patience=5"",""probe.optuna.enabled=false"",""probe.output_dir=artifacts/probes/mvp"",""probe.output_subdir=seed_runs_layerwise_same_l_v1/mvp__same_l__videomae__vit_large_16_224__linear__layer_6/seed_102"",""probe.eval_output_dir=artifacts/results/mvp"",""probe.eval_output_subdir=seed_runs_layerwise_same_l_v1/mvp__same_l__videomae__vit_large_16_224__linear__layer_6/seed_102"",""probe.wandb.group=seed_runs_layerwise_same_l_v1_mvp__same_l__videomae__vit_large_16_224__linear__layer_6"",""probe.wandb.name=mvp__same_l__videomae__vit_large_16_224__linear__layer_6__seed_102"",""feature_cache.layer_ids=[6,12,18,24]""]",results/verified_layerwise_probe_configs.csv,420,422,ddf619ef25a1d792,VERIFIED_FULL,"{""batch_size"":64,""early_stopping"":{""enabled"":false,""patience"":5},""epochs"":2000,""eval_batch_size"":1024,""feature_view"":""pooled"",""layer"":6,""lr"":0.007804961511044013,""slot"":null,""weight_decay"":7.2824316925744e-05}",same_size_ablation/mvp_same_size_ablation/linear/mvp_probe_linear_videomae_vit_large_16_224_20260529T131228Z/layer_6/train/optuna_summary.json
mvp__same_l__videomae__vit_large_16_224__linear__layer_12__seed_101,mvp__same_l__videomae__vit_large_16_224__linear__layer_12,train_eval.probe.mvp,MVP,mvp,same_L,VideoMAE,ViT-L/16,Linear,linear,101,42,videomae,vit_large_16_224,12,,12,pooled,0.0081467325800933157,7.296868032796372e-05,64,1024,2000,false,5,,,,,,,cpu,artifacts/probes/mvp,seed_runs_layerwise_same_l_v1/mvp__same_l__videomae__vit_large_16_224__linear__layer_12/seed_101,artifacts/results/mvp,seed_runs_layerwise_same_l_v1/mvp__same_l__videomae__vit_large_16_224__linear__layer_12/seed_101,seed_runs_layerwise_same_l_v1_mvp__same_l__videomae__vit_large_16_224__linear__layer_12,mvp__same_l__videomae__vit_large_16_224__linear__layer_12__seed_101,pending,,"[""seed=101"",""split.seed=42"",""backbone.name=videomae"",""+backbone.kwargs.variant=vit_large_16_224"",""probe.name=linear"",""probe.layer=12"",""probe.layers=[]"",""probe.feature_view=pooled"",""probe.device=cpu"",""probe.lr=0.0081467325800933157"",""probe.weight_decay=7.296868032796372e-05"",""probe.batch_size=64"",""probe.eval_batch_size=1024"",""probe.epochs=2000"",""probe.early_stopping.enabled=false"",""probe.early_stopping.patience=5"",""probe.optuna.enabled=false"",""probe.output_dir=artifacts/probes/mvp"",""probe.output_subdir=seed_runs_layerwise_same_l_v1/mvp__same_l__videomae__vit_large_16_224__linear__layer_12/seed_101"",""probe.eval_output_dir=artifacts/results/mvp"",""probe.eval_output_subdir=seed_runs_layerwise_same_l_v1/mvp__same_l__videomae__vit_large_16_224__linear__layer_12/seed_101"",""probe.wandb.group=seed_runs_layerwise_same_l_v1_mvp__same_l__videomae__vit_large_16_224__linear__layer_12"",""probe.wandb.name=mvp__same_l__videomae__vit_large_16_224__linear__layer_12__seed_101"",""feature_cache.layer_ids=[6,12,18,24]""]",results/verified_layerwise_probe_configs.csv,421,423,78e1e8e970e76b53,VERIFIED_FULL,"{""batch_size"":64,""early_stopping"":{""enabled"":false,""patience"":5},""epochs"":2000,""eval_batch_size"":1024,""feature_view"":""pooled"",""layer"":12,""lr"":0.008146732580093316,""slot"":null,""weight_decay"":7.296868032796372e-05}",same_size_ablation/mvp_same_size_ablation/linear/mvp_probe_linear_videomae_vit_large_16_224_20260529T131228Z/layer_12/train/optuna_summary.json
mvp__same_l__videomae__vit_large_16_224__linear__layer_12__seed_102,mvp__same_l__videomae__vit_large_16_224__linear__layer_12,train_eval.probe.mvp,MVP,mvp,same_L,VideoMAE,ViT-L/16,Linear,linear,102,42,videomae,vit_large_16_224,12,,12,pooled,0.0081467325800933157,7.296868032796372e-05,64,1024,2000,false,5,,,,,,,cpu,artifacts/probes/mvp,seed_runs_layerwise_same_l_v1/mvp__same_l__videomae__vit_large_16_224__linear__layer_12/seed_102,artifacts/results/mvp,seed_runs_layerwise_same_l_v1/mvp__same_l__videomae__vit_large_16_224__linear__layer_12/seed_102,seed_runs_layerwise_same_l_v1_mvp__same_l__videomae__vit_large_16_224__linear__layer_12,mvp__same_l__videomae__vit_large_16_224__linear__layer_12__seed_102,pending,,"[""seed=102"",""split.seed=42"",""backbone.name=videomae"",""+backbone.kwargs.variant=vit_large_16_224"",""probe.name=linear"",""probe.layer=12"",""probe.layers=[]"",""probe.feature_view=pooled"",""probe.device=cpu"",""probe.lr=0.0081467325800933157"",""probe.weight_decay=7.296868032796372e-05"",""probe.batch_size=64"",""probe.eval_batch_size=1024"",""probe.epochs=2000"",""probe.early_stopping.enabled=false"",""probe.early_stopping.patience=5"",""probe.optuna.enabled=false"",""probe.output_dir=artifacts/probes/mvp"",""probe.output_subdir=seed_runs_layerwise_same_l_v1/mvp__same_l__videomae__vit_large_16_224__linear__layer_12/seed_102"",""probe.eval_output_dir=artifacts/results/mvp"",""probe.eval_output_subdir=seed_runs_layerwise_same_l_v1/mvp__same_l__videomae__vit_large_16_224__linear__layer_12/seed_102"",""probe.wandb.group=seed_runs_layerwise_same_l_v1_mvp__same_l__videomae__vit_large_16_224__linear__layer_12"",""probe.wandb.name=mvp__same_l__videomae__vit_large_16_224__linear__layer_12__seed_102"",""feature_cache.layer_ids=[6,12,18,24]""]",results/verified_layerwise_probe_configs.csv,421,423,78e1e8e970e76b53,VERIFIED_FULL,"{""batch_size"":64,""early_stopping"":{""enabled"":false,""patience"":5},""epochs"":2000,""eval_batch_size"":1024,""feature_view"":""pooled"",""layer"":12,""lr"":0.008146732580093316,""slot"":null,""weight_decay"":7.296868032796372e-05}",same_size_ablation/mvp_same_size_ablation/linear/mvp_probe_linear_videomae_vit_large_16_224_20260529T131228Z/layer_12/train/optuna_summary.json
mvp__same_l__videomae__vit_large_16_224__linear__layer_18__seed_101,mvp__same_l__videomae__vit_large_16_224__linear__layer_18,train_eval.probe.mvp,MVP,mvp,same_L,VideoMAE,ViT-L/16,Linear,linear,101,42,videomae,vit_large_16_224,18,,18,pooled,0.007811452889188655,0.0001371575145876111,64,1024,2000,false,5,,,,,,,cpu,artifacts/probes/mvp,seed_runs_layerwise_same_l_v1/mvp__same_l__videomae__vit_large_16_224__linear__layer_18/seed_101,artifacts/results/mvp,seed_runs_layerwise_same_l_v1/mvp__same_l__videomae__vit_large_16_224__linear__layer_18/seed_101,seed_runs_layerwise_same_l_v1_mvp__same_l__videomae__vit_large_16_224__linear__layer_18,mvp__same_l__videomae__vit_large_16_224__linear__layer_18__seed_101,pending,,"[""seed=101"",""split.seed=42"",""backbone.name=videomae"",""+backbone.kwargs.variant=vit_large_16_224"",""probe.name=linear"",""probe.layer=18"",""probe.layers=[]"",""probe.feature_view=pooled"",""probe.device=cpu"",""probe.lr=0.007811452889188655"",""probe.weight_decay=0.0001371575145876111"",""probe.batch_size=64"",""probe.eval_batch_size=1024"",""probe.epochs=2000"",""probe.early_stopping.enabled=false"",""probe.early_stopping.patience=5"",""probe.optuna.enabled=false"",""probe.output_dir=artifacts/probes/mvp"",""probe.output_subdir=seed_runs_layerwise_same_l_v1/mvp__same_l__videomae__vit_large_16_224__linear__layer_18/seed_101"",""probe.eval_output_dir=artifacts/results/mvp"",""probe.eval_output_subdir=seed_runs_layerwise_same_l_v1/mvp__same_l__videomae__vit_large_16_224__linear__layer_18/seed_101"",""probe.wandb.group=seed_runs_layerwise_same_l_v1_mvp__same_l__videomae__vit_large_16_224__linear__layer_18"",""probe.wandb.name=mvp__same_l__videomae__vit_large_16_224__linear__layer_18__seed_101"",""feature_cache.layer_ids=[6,12,18,24]""]",results/verified_layerwise_probe_configs.csv,422,424,bb90d6b298ef0e5b,VERIFIED_FULL,"{""batch_size"":64,""early_stopping"":{""enabled"":false,""patience"":5},""epochs"":2000,""eval_batch_size"":1024,""feature_view"":""pooled"",""layer"":18,""lr"":0.007811452889188655,""slot"":null,""weight_decay"":0.0001371575145876111}",same_size_ablation/mvp_same_size_ablation/linear/mvp_probe_linear_videomae_vit_large_16_224_20260529T131228Z/layer_18/train/optuna_summary.json
mvp__same_l__videomae__vit_large_16_224__linear__layer_18__seed_102,mvp__same_l__videomae__vit_large_16_224__linear__layer_18,train_eval.probe.mvp,MVP,mvp,same_L,VideoMAE,ViT-L/16,Linear,linear,102,42,videomae,vit_large_16_224,18,,18,pooled,0.007811452889188655,0.0001371575145876111,64,1024,2000,false,5,,,,,,,cpu,artifacts/probes/mvp,seed_runs_layerwise_same_l_v1/mvp__same_l__videomae__vit_large_16_224__linear__layer_18/seed_102,artifacts/results/mvp,seed_runs_layerwise_same_l_v1/mvp__same_l__videomae__vit_large_16_224__linear__layer_18/seed_102,seed_runs_layerwise_same_l_v1_mvp__same_l__videomae__vit_large_16_224__linear__layer_18,mvp__same_l__videomae__vit_large_16_224__linear__layer_18__seed_102,pending,,"[""seed=102"",""split.seed=42"",""backbone.name=videomae"",""+backbone.kwargs.variant=vit_large_16_224"",""probe.name=linear"",""probe.layer=18"",""probe.layers=[]"",""probe.feature_view=pooled"",""probe.device=cpu"",""probe.lr=0.007811452889188655"",""probe.weight_decay=0.0001371575145876111"",""probe.batch_size=64"",""probe.eval_batch_size=1024"",""probe.epochs=2000"",""probe.early_stopping.enabled=false"",""probe.early_stopping.patience=5"",""probe.optuna.enabled=false"",""probe.output_dir=artifacts/probes/mvp"",""probe.output_subdir=seed_runs_layerwise_same_l_v1/mvp__same_l__videomae__vit_large_16_224__linear__layer_18/seed_102"",""probe.eval_output_dir=artifacts/results/mvp"",""probe.eval_output_subdir=seed_runs_layerwise_same_l_v1/mvp__same_l__videomae__vit_large_16_224__linear__layer_18/seed_102"",""probe.wandb.group=seed_runs_layerwise_same_l_v1_mvp__same_l__videomae__vit_large_16_224__linear__layer_18"",""probe.wandb.name=mvp__same_l__videomae__vit_large_16_224__linear__layer_18__seed_102"",""feature_cache.layer_ids=[6,12,18,24]""]",results/verified_layerwise_probe_configs.csv,422,424,bb90d6b298ef0e5b,VERIFIED_FULL,"{""batch_size"":64,""early_stopping"":{""enabled"":false,""patience"":5},""epochs"":2000,""eval_batch_size"":1024,""feature_view"":""pooled"",""layer"":18,""lr"":0.007811452889188655,""slot"":null,""weight_decay"":0.0001371575145876111}",same_size_ablation/mvp_same_size_ablation/linear/mvp_probe_linear_videomae_vit_large_16_224_20260529T131228Z/layer_18/train/optuna_summary.json
mvp__same_l__videomae__vit_large_16_224__linear__layer_24__seed_101,mvp__same_l__videomae__vit_large_16_224__linear__layer_24,train_eval.probe.mvp,MVP,mvp,same_L,VideoMAE,ViT-L/16,Linear,linear,101,42,videomae,vit_large_16_224,24,,24,pooled,0.0011740085777673128,5.5063548321901817e-05,64,1024,2000,false,5,,,,,,,cpu,artifacts/probes/mvp,seed_runs_layerwise_same_l_v1/mvp__same_l__videomae__vit_large_16_224__linear__layer_24/seed_101,artifacts/results/mvp,seed_runs_layerwise_same_l_v1/mvp__same_l__videomae__vit_large_16_224__linear__layer_24/seed_101,seed_runs_layerwise_same_l_v1_mvp__same_l__videomae__vit_large_16_224__linear__layer_24,mvp__same_l__videomae__vit_large_16_224__linear__layer_24__seed_101,pending,,"[""seed=101"",""split.seed=42"",""backbone.name=videomae"",""+backbone.kwargs.variant=vit_large_16_224"",""probe.name=linear"",""probe.layer=24"",""probe.layers=[]"",""probe.feature_view=pooled"",""probe.device=cpu"",""probe.lr=0.0011740085777673128"",""probe.weight_decay=5.5063548321901817e-05"",""probe.batch_size=64"",""probe.eval_batch_size=1024"",""probe.epochs=2000"",""probe.early_stopping.enabled=false"",""probe.early_stopping.patience=5"",""probe.optuna.enabled=false"",""probe.output_dir=artifacts/probes/mvp"",""probe.output_subdir=seed_runs_layerwise_same_l_v1/mvp__same_l__videomae__vit_large_16_224__linear__layer_24/seed_101"",""probe.eval_output_dir=artifacts/results/mvp"",""probe.eval_output_subdir=seed_runs_layerwise_same_l_v1/mvp__same_l__videomae__vit_large_16_224__linear__layer_24/seed_101"",""probe.wandb.group=seed_runs_layerwise_same_l_v1_mvp__same_l__videomae__vit_large_16_224__linear__layer_24"",""probe.wandb.name=mvp__same_l__videomae__vit_large_16_224__linear__layer_24__seed_101"",""feature_cache.layer_ids=[6,12,18,24]""]",results/verified_layerwise_probe_configs.csv,423,425,78d43944fb7f30d5,VERIFIED_FULL,"{""batch_size"":64,""early_stopping"":{""enabled"":false,""patience"":5},""epochs"":2000,""eval_batch_size"":1024,""feature_view"":""pooled"",""layer"":24,""lr"":0.0011740085777673128,""slot"":null,""weight_decay"":5.506354832190182e-05}",same_size_ablation/mvp_same_size_ablation/linear/mvp_probe_linear_videomae_vit_large_16_224_20260529T131228Z/layer_24/train/optuna_summary.json
mvp__same_l__videomae__vit_large_16_224__linear__layer_24__seed_102,mvp__same_l__videomae__vit_large_16_224__linear__layer_24,train_eval.probe.mvp,MVP,mvp,same_L,VideoMAE,ViT-L/16,Linear,linear,102,42,videomae,vit_large_16_224,24,,24,pooled,0.0011740085777673128,5.5063548321901817e-05,64,1024,2000,false,5,,,,,,,cpu,artifacts/probes/mvp,seed_runs_layerwise_same_l_v1/mvp__same_l__videomae__vit_large_16_224__linear__layer_24/seed_102,artifacts/results/mvp,seed_runs_layerwise_same_l_v1/mvp__same_l__videomae__vit_large_16_224__linear__layer_24/seed_102,seed_runs_layerwise_same_l_v1_mvp__same_l__videomae__vit_large_16_224__linear__layer_24,mvp__same_l__videomae__vit_large_16_224__linear__layer_24__seed_102,pending,,"[""seed=102"",""split.seed=42"",""backbone.name=videomae"",""+backbone.kwargs.variant=vit_large_16_224"",""probe.name=linear"",""probe.layer=24"",""probe.layers=[]"",""probe.feature_view=pooled"",""probe.device=cpu"",""probe.lr=0.0011740085777673128"",""probe.weight_decay=5.5063548321901817e-05"",""probe.batch_size=64"",""probe.eval_batch_size=1024"",""probe.epochs=2000"",""probe.early_stopping.enabled=false"",""probe.early_stopping.patience=5"",""probe.optuna.enabled=false"",""probe.output_dir=artifacts/probes/mvp"",""probe.output_subdir=seed_runs_layerwise_same_l_v1/mvp__same_l__videomae__vit_large_16_224__linear__layer_24/seed_102"",""probe.eval_output_dir=artifacts/results/mvp"",""probe.eval_output_subdir=seed_runs_layerwise_same_l_v1/mvp__same_l__videomae__vit_large_16_224__linear__layer_24/seed_102"",""probe.wandb.group=seed_runs_layerwise_same_l_v1_mvp__same_l__videomae__vit_large_16_224__linear__layer_24"",""probe.wandb.name=mvp__same_l__videomae__vit_large_16_224__linear__layer_24__seed_102"",""feature_cache.layer_ids=[6,12,18,24]""]",results/verified_layerwise_probe_configs.csv,423,425,78d43944fb7f30d5,VERIFIED_FULL,"{""batch_size"":64,""early_stopping"":{""enabled"":false,""patience"":5},""epochs"":2000,""eval_batch_size"":1024,""feature_view"":""pooled"",""layer"":24,""lr"":0.0011740085777673128,""slot"":null,""weight_decay"":5.506354832190182e-05}",same_size_ablation/mvp_same_size_ablation/linear/mvp_probe_linear_videomae_vit_large_16_224_20260529T131228Z/layer_24/train/optuna_summary.json
mvp__same_l__videomae__vit_large_16_224__mlp__layer_6__seed_101,mvp__same_l__videomae__vit_large_16_224__mlp__layer_6,train_eval.probe.mvp,MVP,mvp,same_L,VideoMAE,ViT-L/16,MLP,mlp,101,42,videomae,vit_large_16_224,6,,6,pooled,0.00013292918943162159,0.0050615768887523043,32,1024,2000,false,5,[256],0.21597250932105788,,,,,cpu,artifacts/probes/mvp,seed_runs_layerwise_same_l_v1/mvp__same_l__videomae__vit_large_16_224__mlp__layer_6/seed_101,artifacts/results/mvp,seed_runs_layerwise_same_l_v1/mvp__same_l__videomae__vit_large_16_224__mlp__layer_6/seed_101,seed_runs_layerwise_same_l_v1_mvp__same_l__videomae__vit_large_16_224__mlp__layer_6,mvp__same_l__videomae__vit_large_16_224__mlp__layer_6__seed_101,pending,,"[""seed=101"",""split.seed=42"",""backbone.name=videomae"",""+backbone.kwargs.variant=vit_large_16_224"",""probe.name=mlp"",""probe.layer=6"",""probe.layers=[]"",""probe.feature_view=pooled"",""probe.device=cpu"",""probe.lr=0.00013292918943162159"",""probe.weight_decay=0.0050615768887523043"",""probe.batch_size=32"",""probe.eval_batch_size=1024"",""probe.epochs=2000"",""probe.early_stopping.enabled=false"",""probe.early_stopping.patience=5"",""probe.optuna.enabled=false"",""probe.output_dir=artifacts/probes/mvp"",""probe.output_subdir=seed_runs_layerwise_same_l_v1/mvp__same_l__videomae__vit_large_16_224__mlp__layer_6/seed_101"",""probe.eval_output_dir=artifacts/results/mvp"",""probe.eval_output_subdir=seed_runs_layerwise_same_l_v1/mvp__same_l__videomae__vit_large_16_224__mlp__layer_6/seed_101"",""probe.wandb.group=seed_runs_layerwise_same_l_v1_mvp__same_l__videomae__vit_large_16_224__mlp__layer_6"",""probe.wandb.name=mvp__same_l__videomae__vit_large_16_224__mlp__layer_6__seed_101"",""probe.mlp.hidden_dims=[256]"",""probe.mlp.dropout=0.21597250932105788"",""feature_cache.layer_ids=[6,12,18,24]""]",results/verified_layerwise_probe_configs.csv,424,426,3c4586c50fc687a3,VERIFIED_FULL,"{""batch_size"":32,""dropout"":0.21597250932105788,""early_stopping"":{""enabled"":false,""patience"":5},""epochs"":2000,""eval_batch_size"":1024,""feature_view"":""pooled"",""hidden_dims"":[256],""layer"":6,""lr"":0.0001329291894316216,""slot"":null,""weight_decay"":0.005061576888752304}",same_size_ablation/mvp_same_size_ablation/mlp/mvp_probe_mlp_videomae_vit_large_16_224_20260530T071033Z/layer_6/train/optuna_summary.json
mvp__same_l__videomae__vit_large_16_224__mlp__layer_6__seed_102,mvp__same_l__videomae__vit_large_16_224__mlp__layer_6,train_eval.probe.mvp,MVP,mvp,same_L,VideoMAE,ViT-L/16,MLP,mlp,102,42,videomae,vit_large_16_224,6,,6,pooled,0.00013292918943162159,0.0050615768887523043,32,1024,2000,false,5,[256],0.21597250932105788,,,,,cpu,artifacts/probes/mvp,seed_runs_layerwise_same_l_v1/mvp__same_l__videomae__vit_large_16_224__mlp__layer_6/seed_102,artifacts/results/mvp,seed_runs_layerwise_same_l_v1/mvp__same_l__videomae__vit_large_16_224__mlp__layer_6/seed_102,seed_runs_layerwise_same_l_v1_mvp__same_l__videomae__vit_large_16_224__mlp__layer_6,mvp__same_l__videomae__vit_large_16_224__mlp__layer_6__seed_102,pending,,"[""seed=102"",""split.seed=42"",""backbone.name=videomae"",""+backbone.kwargs.variant=vit_large_16_224"",""probe.name=mlp"",""probe.layer=6"",""probe.layers=[]"",""probe.feature_view=pooled"",""probe.device=cpu"",""probe.lr=0.00013292918943162159"",""probe.weight_decay=0.0050615768887523043"",""probe.batch_size=32"",""probe.eval_batch_size=1024"",""probe.epochs=2000"",""probe.early_stopping.enabled=false"",""probe.early_stopping.patience=5"",""probe.optuna.enabled=false"",""probe.output_dir=artifacts/probes/mvp"",""probe.output_subdir=seed_runs_layerwise_same_l_v1/mvp__same_l__videomae__vit_large_16_224__mlp__layer_6/seed_102"",""probe.eval_output_dir=artifacts/results/mvp"",""probe.eval_output_subdir=seed_runs_layerwise_same_l_v1/mvp__same_l__videomae__vit_large_16_224__mlp__layer_6/seed_102"",""probe.wandb.group=seed_runs_layerwise_same_l_v1_mvp__same_l__videomae__vit_large_16_224__mlp__layer_6"",""probe.wandb.name=mvp__same_l__videomae__vit_large_16_224__mlp__layer_6__seed_102"",""probe.mlp.hidden_dims=[256]"",""probe.mlp.dropout=0.21597250932105788"",""feature_cache.layer_ids=[6,12,18,24]""]",results/verified_layerwise_probe_configs.csv,424,426,3c4586c50fc687a3,VERIFIED_FULL,"{""batch_size"":32,""dropout"":0.21597250932105788,""early_stopping"":{""enabled"":false,""patience"":5},""epochs"":2000,""eval_batch_size"":1024,""feature_view"":""pooled"",""hidden_dims"":[256],""layer"":6,""lr"":0.0001329291894316216,""slot"":null,""weight_decay"":0.005061576888752304}",same_size_ablation/mvp_same_size_ablation/mlp/mvp_probe_mlp_videomae_vit_large_16_224_20260530T071033Z/layer_6/train/optuna_summary.json
mvp__same_l__videomae__vit_large_16_224__mlp__layer_12__seed_101,mvp__same_l__videomae__vit_large_16_224__mlp__layer_12,train_eval.probe.mvp,MVP,mvp,same_L,VideoMAE,ViT-L/16,MLP,mlp,101,42,videomae,vit_large_16_224,12,,12,pooled,0.00013292918943162159,0.0050615768887523043,32,1024,2000,false,5,[256],0.21597250932105788,,,,,cpu,artifacts/probes/mvp,seed_runs_layerwise_same_l_v1/mvp__same_l__videomae__vit_large_16_224__mlp__layer_12/seed_101,artifacts/results/mvp,seed_runs_layerwise_same_l_v1/mvp__same_l__videomae__vit_large_16_224__mlp__layer_12/seed_101,seed_runs_layerwise_same_l_v1_mvp__same_l__videomae__vit_large_16_224__mlp__layer_12,mvp__same_l__videomae__vit_large_16_224__mlp__layer_12__seed_101,pending,,"[""seed=101"",""split.seed=42"",""backbone.name=videomae"",""+backbone.kwargs.variant=vit_large_16_224"",""probe.name=mlp"",""probe.layer=12"",""probe.layers=[]"",""probe.feature_view=pooled"",""probe.device=cpu"",""probe.lr=0.00013292918943162159"",""probe.weight_decay=0.0050615768887523043"",""probe.batch_size=32"",""probe.eval_batch_size=1024"",""probe.epochs=2000"",""probe.early_stopping.enabled=false"",""probe.early_stopping.patience=5"",""probe.optuna.enabled=false"",""probe.output_dir=artifacts/probes/mvp"",""probe.output_subdir=seed_runs_layerwise_same_l_v1/mvp__same_l__videomae__vit_large_16_224__mlp__layer_12/seed_101"",""probe.eval_output_dir=artifacts/results/mvp"",""probe.eval_output_subdir=seed_runs_layerwise_same_l_v1/mvp__same_l__videomae__vit_large_16_224__mlp__layer_12/seed_101"",""probe.wandb.group=seed_runs_layerwise_same_l_v1_mvp__same_l__videomae__vit_large_16_224__mlp__layer_12"",""probe.wandb.name=mvp__same_l__videomae__vit_large_16_224__mlp__layer_12__seed_101"",""probe.mlp.hidden_dims=[256]"",""probe.mlp.dropout=0.21597250932105788"",""feature_cache.layer_ids=[6,12,18,24]""]",results/verified_layerwise_probe_configs.csv,425,427,237935de83c689e5,VERIFIED_FULL,"{""batch_size"":32,""dropout"":0.21597250932105788,""early_stopping"":{""enabled"":false,""patience"":5},""epochs"":2000,""eval_batch_size"":1024,""feature_view"":""pooled"",""hidden_dims"":[256],""layer"":12,""lr"":0.0001329291894316216,""slot"":null,""weight_decay"":0.005061576888752304}",same_size_ablation/mvp_same_size_ablation/mlp/mvp_probe_mlp_videomae_vit_large_16_224_20260530T071033Z/layer_12/train/optuna_summary.json
mvp__same_l__videomae__vit_large_16_224__mlp__layer_12__seed_102,mvp__same_l__videomae__vit_large_16_224__mlp__layer_12,train_eval.probe.mvp,MVP,mvp,same_L,VideoMAE,ViT-L/16,MLP,mlp,102,42,videomae,vit_large_16_224,12,,12,pooled,0.00013292918943162159,0.0050615768887523043,32,1024,2000,false,5,[256],0.21597250932105788,,,,,cpu,artifacts/probes/mvp,seed_runs_layerwise_same_l_v1/mvp__same_l__videomae__vit_large_16_224__mlp__layer_12/seed_102,artifacts/results/mvp,seed_runs_layerwise_same_l_v1/mvp__same_l__videomae__vit_large_16_224__mlp__layer_12/seed_102,seed_runs_layerwise_same_l_v1_mvp__same_l__videomae__vit_large_16_224__mlp__layer_12,mvp__same_l__videomae__vit_large_16_224__mlp__layer_12__seed_102,pending,,"[""seed=102"",""split.seed=42"",""backbone.name=videomae"",""+backbone.kwargs.variant=vit_large_16_224"",""probe.name=mlp"",""probe.layer=12"",""probe.layers=[]"",""probe.feature_view=pooled"",""probe.device=cpu"",""probe.lr=0.00013292918943162159"",""probe.weight_decay=0.0050615768887523043"",""probe.batch_size=32"",""probe.eval_batch_size=1024"",""probe.epochs=2000"",""probe.early_stopping.enabled=false"",""probe.early_stopping.patience=5"",""probe.optuna.enabled=false"",""probe.output_dir=artifacts/probes/mvp"",""probe.output_subdir=seed_runs_layerwise_same_l_v1/mvp__same_l__videomae__vit_large_16_224__mlp__layer_12/seed_102"",""probe.eval_output_dir=artifacts/results/mvp"",""probe.eval_output_subdir=seed_runs_layerwise_same_l_v1/mvp__same_l__videomae__vit_large_16_224__mlp__layer_12/seed_102"",""probe.wandb.group=seed_runs_layerwise_same_l_v1_mvp__same_l__videomae__vit_large_16_224__mlp__layer_12"",""probe.wandb.name=mvp__same_l__videomae__vit_large_16_224__mlp__layer_12__seed_102"",""probe.mlp.hidden_dims=[256]"",""probe.mlp.dropout=0.21597250932105788"",""feature_cache.layer_ids=[6,12,18,24]""]",results/verified_layerwise_probe_configs.csv,425,427,237935de83c689e5,VERIFIED_FULL,"{""batch_size"":32,""dropout"":0.21597250932105788,""early_stopping"":{""enabled"":false,""patience"":5},""epochs"":2000,""eval_batch_size"":1024,""feature_view"":""pooled"",""hidden_dims"":[256],""layer"":12,""lr"":0.0001329291894316216,""slot"":null,""weight_decay"":0.005061576888752304}",same_size_ablation/mvp_same_size_ablation/mlp/mvp_probe_mlp_videomae_vit_large_16_224_20260530T071033Z/layer_12/train/optuna_summary.json
mvp__same_l__videomae__vit_large_16_224__mlp__layer_18__seed_101,mvp__same_l__videomae__vit_large_16_224__mlp__layer_18,train_eval.probe.mvp,MVP,mvp,same_L,VideoMAE,ViT-L/16,MLP,mlp,101,42,videomae,vit_large_16_224,18,,18,pooled,0.00013292918943162159,0.0050615768887523043,32,1024,2000,false,5,[256],0.21597250932105788,,,,,cpu,artifacts/probes/mvp,seed_runs_layerwise_same_l_v1/mvp__same_l__videomae__vit_large_16_224__mlp__layer_18/seed_101,artifacts/results/mvp,seed_runs_layerwise_same_l_v1/mvp__same_l__videomae__vit_large_16_224__mlp__layer_18/seed_101,seed_runs_layerwise_same_l_v1_mvp__same_l__videomae__vit_large_16_224__mlp__layer_18,mvp__same_l__videomae__vit_large_16_224__mlp__layer_18__seed_101,pending,,"[""seed=101"",""split.seed=42"",""backbone.name=videomae"",""+backbone.kwargs.variant=vit_large_16_224"",""probe.name=mlp"",""probe.layer=18"",""probe.layers=[]"",""probe.feature_view=pooled"",""probe.device=cpu"",""probe.lr=0.00013292918943162159"",""probe.weight_decay=0.0050615768887523043"",""probe.batch_size=32"",""probe.eval_batch_size=1024"",""probe.epochs=2000"",""probe.early_stopping.enabled=false"",""probe.early_stopping.patience=5"",""probe.optuna.enabled=false"",""probe.output_dir=artifacts/probes/mvp"",""probe.output_subdir=seed_runs_layerwise_same_l_v1/mvp__same_l__videomae__vit_large_16_224__mlp__layer_18/seed_101"",""probe.eval_output_dir=artifacts/results/mvp"",""probe.eval_output_subdir=seed_runs_layerwise_same_l_v1/mvp__same_l__videomae__vit_large_16_224__mlp__layer_18/seed_101"",""probe.wandb.group=seed_runs_layerwise_same_l_v1_mvp__same_l__videomae__vit_large_16_224__mlp__layer_18"",""probe.wandb.name=mvp__same_l__videomae__vit_large_16_224__mlp__layer_18__seed_101"",""probe.mlp.hidden_dims=[256]"",""probe.mlp.dropout=0.21597250932105788"",""feature_cache.layer_ids=[6,12,18,24]""]",results/verified_layerwise_probe_configs.csv,426,428,77d3be4b82bccafd,VERIFIED_FULL,"{""batch_size"":32,""dropout"":0.21597250932105788,""early_stopping"":{""enabled"":false,""patience"":5},""epochs"":2000,""eval_batch_size"":1024,""feature_view"":""pooled"",""hidden_dims"":[256],""layer"":18,""lr"":0.0001329291894316216,""slot"":null,""weight_decay"":0.005061576888752304}",same_size_ablation/mvp_same_size_ablation/mlp/mvp_probe_mlp_videomae_vit_large_16_224_20260530T071033Z/layer_18/train/optuna_summary.json
mvp__same_l__videomae__vit_large_16_224__mlp__layer_18__seed_102,mvp__same_l__videomae__vit_large_16_224__mlp__layer_18,train_eval.probe.mvp,MVP,mvp,same_L,VideoMAE,ViT-L/16,MLP,mlp,102,42,videomae,vit_large_16_224,18,,18,pooled,0.00013292918943162159,0.0050615768887523043,32,1024,2000,false,5,[256],0.21597250932105788,,,,,cpu,artifacts/probes/mvp,seed_runs_layerwise_same_l_v1/mvp__same_l__videomae__vit_large_16_224__mlp__layer_18/seed_102,artifacts/results/mvp,seed_runs_layerwise_same_l_v1/mvp__same_l__videomae__vit_large_16_224__mlp__layer_18/seed_102,seed_runs_layerwise_same_l_v1_mvp__same_l__videomae__vit_large_16_224__mlp__layer_18,mvp__same_l__videomae__vit_large_16_224__mlp__layer_18__seed_102,pending,,"[""seed=102"",""split.seed=42"",""backbone.name=videomae"",""+backbone.kwargs.variant=vit_large_16_224"",""probe.name=mlp"",""probe.layer=18"",""probe.layers=[]"",""probe.feature_view=pooled"",""probe.device=cpu"",""probe.lr=0.00013292918943162159"",""probe.weight_decay=0.0050615768887523043"",""probe.batch_size=32"",""probe.eval_batch_size=1024"",""probe.epochs=2000"",""probe.early_stopping.enabled=false"",""probe.early_stopping.patience=5"",""probe.optuna.enabled=false"",""probe.output_dir=artifacts/probes/mvp"",""probe.output_subdir=seed_runs_layerwise_same_l_v1/mvp__same_l__videomae__vit_large_16_224__mlp__layer_18/seed_102"",""probe.eval_output_dir=artifacts/results/mvp"",""probe.eval_output_subdir=seed_runs_layerwise_same_l_v1/mvp__same_l__videomae__vit_large_16_224__mlp__layer_18/seed_102"",""probe.wandb.group=seed_runs_layerwise_same_l_v1_mvp__same_l__videomae__vit_large_16_224__mlp__layer_18"",""probe.wandb.name=mvp__same_l__videomae__vit_large_16_224__mlp__layer_18__seed_102"",""probe.mlp.hidden_dims=[256]"",""probe.mlp.dropout=0.21597250932105788"",""feature_cache.layer_ids=[6,12,18,24]""]",results/verified_layerwise_probe_configs.csv,426,428,77d3be4b82bccafd,VERIFIED_FULL,"{""batch_size"":32,""dropout"":0.21597250932105788,""early_stopping"":{""enabled"":false,""patience"":5},""epochs"":2000,""eval_batch_size"":1024,""feature_view"":""pooled"",""hidden_dims"":[256],""layer"":18,""lr"":0.0001329291894316216,""slot"":null,""weight_decay"":0.005061576888752304}",same_size_ablation/mvp_same_size_ablation/mlp/mvp_probe_mlp_videomae_vit_large_16_224_20260530T071033Z/layer_18/train/optuna_summary.json
mvp__same_l__videomae__vit_large_16_224__mlp__layer_24__seed_101,mvp__same_l__videomae__vit_large_16_224__mlp__layer_24,train_eval.probe.mvp,MVP,mvp,same_L,VideoMAE,ViT-L/16,MLP,mlp,101,42,videomae,vit_large_16_224,24,,24,pooled,0.00013292918943162159,0.0050615768887523043,32,1024,2000,false,5,[256],0.21597250932105788,,,,,cpu,artifacts/probes/mvp,seed_runs_layerwise_same_l_v1/mvp__same_l__videomae__vit_large_16_224__mlp__layer_24/seed_101,artifacts/results/mvp,seed_runs_layerwise_same_l_v1/mvp__same_l__videomae__vit_large_16_224__mlp__layer_24/seed_101,seed_runs_layerwise_same_l_v1_mvp__same_l__videomae__vit_large_16_224__mlp__layer_24,mvp__same_l__videomae__vit_large_16_224__mlp__layer_24__seed_101,pending,,"[""seed=101"",""split.seed=42"",""backbone.name=videomae"",""+backbone.kwargs.variant=vit_large_16_224"",""probe.name=mlp"",""probe.layer=24"",""probe.layers=[]"",""probe.feature_view=pooled"",""probe.device=cpu"",""probe.lr=0.00013292918943162159"",""probe.weight_decay=0.0050615768887523043"",""probe.batch_size=32"",""probe.eval_batch_size=1024"",""probe.epochs=2000"",""probe.early_stopping.enabled=false"",""probe.early_stopping.patience=5"",""probe.optuna.enabled=false"",""probe.output_dir=artifacts/probes/mvp"",""probe.output_subdir=seed_runs_layerwise_same_l_v1/mvp__same_l__videomae__vit_large_16_224__mlp__layer_24/seed_101"",""probe.eval_output_dir=artifacts/results/mvp"",""probe.eval_output_subdir=seed_runs_layerwise_same_l_v1/mvp__same_l__videomae__vit_large_16_224__mlp__layer_24/seed_101"",""probe.wandb.group=seed_runs_layerwise_same_l_v1_mvp__same_l__videomae__vit_large_16_224__mlp__layer_24"",""probe.wandb.name=mvp__same_l__videomae__vit_large_16_224__mlp__layer_24__seed_101"",""probe.mlp.hidden_dims=[256]"",""probe.mlp.dropout=0.21597250932105788"",""feature_cache.layer_ids=[6,12,18,24]""]",results/verified_layerwise_probe_configs.csv,427,429,40a22a924ea37237,VERIFIED_FULL,"{""batch_size"":32,""dropout"":0.21597250932105788,""early_stopping"":{""enabled"":false,""patience"":5},""epochs"":2000,""eval_batch_size"":1024,""feature_view"":""pooled"",""hidden_dims"":[256],""layer"":24,""lr"":0.0001329291894316216,""slot"":null,""weight_decay"":0.005061576888752304}",same_size_ablation/mvp_same_size_ablation/mlp/mvp_probe_mlp_videomae_vit_large_16_224_20260530T071033Z/layer_24/train/optuna_summary.json
mvp__same_l__videomae__vit_large_16_224__mlp__layer_24__seed_102,mvp__same_l__videomae__vit_large_16_224__mlp__layer_24,train_eval.probe.mvp,MVP,mvp,same_L,VideoMAE,ViT-L/16,MLP,mlp,102,42,videomae,vit_large_16_224,24,,24,pooled,0.00013292918943162159,0.0050615768887523043,32,1024,2000,false,5,[256],0.21597250932105788,,,,,cpu,artifacts/probes/mvp,seed_runs_layerwise_same_l_v1/mvp__same_l__videomae__vit_large_16_224__mlp__layer_24/seed_102,artifacts/results/mvp,seed_runs_layerwise_same_l_v1/mvp__same_l__videomae__vit_large_16_224__mlp__layer_24/seed_102,seed_runs_layerwise_same_l_v1_mvp__same_l__videomae__vit_large_16_224__mlp__layer_24,mvp__same_l__videomae__vit_large_16_224__mlp__layer_24__seed_102,pending,,"[""seed=102"",""split.seed=42"",""backbone.name=videomae"",""+backbone.kwargs.variant=vit_large_16_224"",""probe.name=mlp"",""probe.layer=24"",""probe.layers=[]"",""probe.feature_view=pooled"",""probe.device=cpu"",""probe.lr=0.00013292918943162159"",""probe.weight_decay=0.0050615768887523043"",""probe.batch_size=32"",""probe.eval_batch_size=1024"",""probe.epochs=2000"",""probe.early_stopping.enabled=false"",""probe.early_stopping.patience=5"",""probe.optuna.enabled=false"",""probe.output_dir=artifacts/probes/mvp"",""probe.output_subdir=seed_runs_layerwise_same_l_v1/mvp__same_l__videomae__vit_large_16_224__mlp__layer_24/seed_102"",""probe.eval_output_dir=artifacts/results/mvp"",""probe.eval_output_subdir=seed_runs_layerwise_same_l_v1/mvp__same_l__videomae__vit_large_16_224__mlp__layer_24/seed_102"",""probe.wandb.group=seed_runs_layerwise_same_l_v1_mvp__same_l__videomae__vit_large_16_224__mlp__layer_24"",""probe.wandb.name=mvp__same_l__videomae__vit_large_16_224__mlp__layer_24__seed_102"",""probe.mlp.hidden_dims=[256]"",""probe.mlp.dropout=0.21597250932105788"",""feature_cache.layer_ids=[6,12,18,24]""]",results/verified_layerwise_probe_configs.csv,427,429,40a22a924ea37237,VERIFIED_FULL,"{""batch_size"":32,""dropout"":0.21597250932105788,""early_stopping"":{""enabled"":false,""patience"":5},""epochs"":2000,""eval_batch_size"":1024,""feature_view"":""pooled"",""hidden_dims"":[256],""layer"":24,""lr"":0.0001329291894316216,""slot"":null,""weight_decay"":0.005061576888752304}",same_size_ablation/mvp_same_size_ablation/mlp/mvp_probe_mlp_videomae_vit_large_16_224_20260530T071033Z/layer_24/train/optuna_summary.json
mvp__same_l__videomae_v2__vit_large_16_224__linear__layer_6__seed_101,mvp__same_l__videomae_v2__vit_large_16_224__linear__layer_6,train_eval.probe.mvp,MVP,mvp,same_L,VideoMAE-v2,ViT-L/16,Linear,linear,101,42,videomae_v2,vit_large_16_224,6,,6,pooled,0.0033144468715881089,0.0027924716433862171,64,1024,2000,false,5,,,,,,,cpu,artifacts/probes/mvp,seed_runs_layerwise_same_l_v1/mvp__same_l__videomae_v2__vit_large_16_224__linear__layer_6/seed_101,artifacts/results/mvp,seed_runs_layerwise_same_l_v1/mvp__same_l__videomae_v2__vit_large_16_224__linear__layer_6/seed_101,seed_runs_layerwise_same_l_v1_mvp__same_l__videomae_v2__vit_large_16_224__linear__layer_6,mvp__same_l__videomae_v2__vit_large_16_224__linear__layer_6__seed_101,pending,,"[""seed=101"",""split.seed=42"",""backbone.name=videomae_v2"",""+backbone.kwargs.variant=vit_large_16_224"",""probe.name=linear"",""probe.layer=6"",""probe.layers=[]"",""probe.feature_view=pooled"",""probe.device=cpu"",""probe.lr=0.0033144468715881089"",""probe.weight_decay=0.0027924716433862171"",""probe.batch_size=64"",""probe.eval_batch_size=1024"",""probe.epochs=2000"",""probe.early_stopping.enabled=false"",""probe.early_stopping.patience=5"",""probe.optuna.enabled=false"",""probe.output_dir=artifacts/probes/mvp"",""probe.output_subdir=seed_runs_layerwise_same_l_v1/mvp__same_l__videomae_v2__vit_large_16_224__linear__layer_6/seed_101"",""probe.eval_output_dir=artifacts/results/mvp"",""probe.eval_output_subdir=seed_runs_layerwise_same_l_v1/mvp__same_l__videomae_v2__vit_large_16_224__linear__layer_6/seed_101"",""probe.wandb.group=seed_runs_layerwise_same_l_v1_mvp__same_l__videomae_v2__vit_large_16_224__linear__layer_6"",""probe.wandb.name=mvp__same_l__videomae_v2__vit_large_16_224__linear__layer_6__seed_101"",""feature_cache.layer_ids=[6,12,18,24]""]",results/verified_layerwise_probe_configs.csv,456,458,82baa75ec431710d,VERIFIED_FULL,"{""batch_size"":64,""early_stopping"":{""enabled"":false,""patience"":5},""epochs"":2000,""eval_batch_size"":1024,""feature_view"":""pooled"",""layer"":6,""lr"":0.003314446871588109,""slot"":null,""weight_decay"":0.002792471643386217}",same_size_ablation/mvp_same_size_ablation/linear/mvp_probe_linear_videomae_v2_vit_large_16_224_20260529T131218Z/layer_6/train/optuna_summary.json
mvp__same_l__videomae_v2__vit_large_16_224__linear__layer_6__seed_102,mvp__same_l__videomae_v2__vit_large_16_224__linear__layer_6,train_eval.probe.mvp,MVP,mvp,same_L,VideoMAE-v2,ViT-L/16,Linear,linear,102,42,videomae_v2,vit_large_16_224,6,,6,pooled,0.0033144468715881089,0.0027924716433862171,64,1024,2000,false,5,,,,,,,cpu,artifacts/probes/mvp,seed_runs_layerwise_same_l_v1/mvp__same_l__videomae_v2__vit_large_16_224__linear__layer_6/seed_102,artifacts/results/mvp,seed_runs_layerwise_same_l_v1/mvp__same_l__videomae_v2__vit_large_16_224__linear__layer_6/seed_102,seed_runs_layerwise_same_l_v1_mvp__same_l__videomae_v2__vit_large_16_224__linear__layer_6,mvp__same_l__videomae_v2__vit_large_16_224__linear__layer_6__seed_102,pending,,"[""seed=102"",""split.seed=42"",""backbone.name=videomae_v2"",""+backbone.kwargs.variant=vit_large_16_224"",""probe.name=linear"",""probe.layer=6"",""probe.layers=[]"",""probe.feature_view=pooled"",""probe.device=cpu"",""probe.lr=0.0033144468715881089"",""probe.weight_decay=0.0027924716433862171"",""probe.batch_size=64"",""probe.eval_batch_size=1024"",""probe.epochs=2000"",""probe.early_stopping.enabled=false"",""probe.early_stopping.patience=5"",""probe.optuna.enabled=false"",""probe.output_dir=artifacts/probes/mvp"",""probe.output_subdir=seed_runs_layerwise_same_l_v1/mvp__same_l__videomae_v2__vit_large_16_224__linear__layer_6/seed_102"",""probe.eval_output_dir=artifacts/results/mvp"",""probe.eval_output_subdir=seed_runs_layerwise_same_l_v1/mvp__same_l__videomae_v2__vit_large_16_224__linear__layer_6/seed_102"",""probe.wandb.group=seed_runs_layerwise_same_l_v1_mvp__same_l__videomae_v2__vit_large_16_224__linear__layer_6"",""probe.wandb.name=mvp__same_l__videomae_v2__vit_large_16_224__linear__layer_6__seed_102"",""feature_cache.layer_ids=[6,12,18,24]""]",results/verified_layerwise_probe_configs.csv,456,458,82baa75ec431710d,VERIFIED_FULL,"{""batch_size"":64,""early_stopping"":{""enabled"":false,""patience"":5},""epochs"":2000,""eval_batch_size"":1024,""feature_view"":""pooled"",""layer"":6,""lr"":0.003314446871588109,""slot"":null,""weight_decay"":0.002792471643386217}",same_size_ablation/mvp_same_size_ablation/linear/mvp_probe_linear_videomae_v2_vit_large_16_224_20260529T131218Z/layer_6/train/optuna_summary.json
mvp__same_l__videomae_v2__vit_large_16_224__linear__layer_12__seed_101,mvp__same_l__videomae_v2__vit_large_16_224__linear__layer_12,train_eval.probe.mvp,MVP,mvp,same_L,VideoMAE-v2,ViT-L/16,Linear,linear,101,42,videomae_v2,vit_large_16_224,12,,12,pooled,0.0081467325800933157,7.296868032796372e-05,64,1024,2000,false,5,,,,,,,cpu,artifacts/probes/mvp,seed_runs_layerwise_same_l_v1/mvp__same_l__videomae_v2__vit_large_16_224__linear__layer_12/seed_101,artifacts/results/mvp,seed_runs_layerwise_same_l_v1/mvp__same_l__videomae_v2__vit_large_16_224__linear__layer_12/seed_101,seed_runs_layerwise_same_l_v1_mvp__same_l__videomae_v2__vit_large_16_224__linear__layer_12,mvp__same_l__videomae_v2__vit_large_16_224__linear__layer_12__seed_101,pending,,"[""seed=101"",""split.seed=42"",""backbone.name=videomae_v2"",""+backbone.kwargs.variant=vit_large_16_224"",""probe.name=linear"",""probe.layer=12"",""probe.layers=[]"",""probe.feature_view=pooled"",""probe.device=cpu"",""probe.lr=0.0081467325800933157"",""probe.weight_decay=7.296868032796372e-05"",""probe.batch_size=64"",""probe.eval_batch_size=1024"",""probe.epochs=2000"",""probe.early_stopping.enabled=false"",""probe.early_stopping.patience=5"",""probe.optuna.enabled=false"",""probe.output_dir=artifacts/probes/mvp"",""probe.output_subdir=seed_runs_layerwise_same_l_v1/mvp__same_l__videomae_v2__vit_large_16_224__linear__layer_12/seed_101"",""probe.eval_output_dir=artifacts/results/mvp"",""probe.eval_output_subdir=seed_runs_layerwise_same_l_v1/mvp__same_l__videomae_v2__vit_large_16_224__linear__layer_12/seed_101"",""probe.wandb.group=seed_runs_layerwise_same_l_v1_mvp__same_l__videomae_v2__vit_large_16_224__linear__layer_12"",""probe.wandb.name=mvp__same_l__videomae_v2__vit_large_16_224__linear__layer_12__seed_101"",""feature_cache.layer_ids=[6,12,18,24]""]",results/verified_layerwise_probe_configs.csv,457,459,196c4f65133a9362,VERIFIED_FULL,"{""batch_size"":64,""early_stopping"":{""enabled"":false,""patience"":5},""epochs"":2000,""eval_batch_size"":1024,""feature_view"":""pooled"",""layer"":12,""lr"":0.008146732580093316,""slot"":null,""weight_decay"":7.296868032796372e-05}",same_size_ablation/mvp_same_size_ablation/linear/mvp_probe_linear_videomae_v2_vit_large_16_224_20260529T131218Z/layer_12/train/optuna_summary.json
mvp__same_l__videomae_v2__vit_large_16_224__linear__layer_12__seed_102,mvp__same_l__videomae_v2__vit_large_16_224__linear__layer_12,train_eval.probe.mvp,MVP,mvp,same_L,VideoMAE-v2,ViT-L/16,Linear,linear,102,42,videomae_v2,vit_large_16_224,12,,12,pooled,0.0081467325800933157,7.296868032796372e-05,64,1024,2000,false,5,,,,,,,cpu,artifacts/probes/mvp,seed_runs_layerwise_same_l_v1/mvp__same_l__videomae_v2__vit_large_16_224__linear__layer_12/seed_102,artifacts/results/mvp,seed_runs_layerwise_same_l_v1/mvp__same_l__videomae_v2__vit_large_16_224__linear__layer_12/seed_102,seed_runs_layerwise_same_l_v1_mvp__same_l__videomae_v2__vit_large_16_224__linear__layer_12,mvp__same_l__videomae_v2__vit_large_16_224__linear__layer_12__seed_102,pending,,"[""seed=102"",""split.seed=42"",""backbone.name=videomae_v2"",""+backbone.kwargs.variant=vit_large_16_224"",""probe.name=linear"",""probe.layer=12"",""probe.layers=[]"",""probe.feature_view=pooled"",""probe.device=cpu"",""probe.lr=0.0081467325800933157"",""probe.weight_decay=7.296868032796372e-05"",""probe.batch_size=64"",""probe.eval_batch_size=1024"",""probe.epochs=2000"",""probe.early_stopping.enabled=false"",""probe.early_stopping.patience=5"",""probe.optuna.enabled=false"",""probe.output_dir=artifacts/probes/mvp"",""probe.output_subdir=seed_runs_layerwise_same_l_v1/mvp__same_l__videomae_v2__vit_large_16_224__linear__layer_12/seed_102"",""probe.eval_output_dir=artifacts/results/mvp"",""probe.eval_output_subdir=seed_runs_layerwise_same_l_v1/mvp__same_l__videomae_v2__vit_large_16_224__linear__layer_12/seed_102"",""probe.wandb.group=seed_runs_layerwise_same_l_v1_mvp__same_l__videomae_v2__vit_large_16_224__linear__layer_12"",""probe.wandb.name=mvp__same_l__videomae_v2__vit_large_16_224__linear__layer_12__seed_102"",""feature_cache.layer_ids=[6,12,18,24]""]",results/verified_layerwise_probe_configs.csv,457,459,196c4f65133a9362,VERIFIED_FULL,"{""batch_size"":64,""early_stopping"":{""enabled"":false,""patience"":5},""epochs"":2000,""eval_batch_size"":1024,""feature_view"":""pooled"",""layer"":12,""lr"":0.008146732580093316,""slot"":null,""weight_decay"":7.296868032796372e-05}",same_size_ablation/mvp_same_size_ablation/linear/mvp_probe_linear_videomae_v2_vit_large_16_224_20260529T131218Z/layer_12/train/optuna_summary.json
mvp__same_l__videomae_v2__vit_large_16_224__linear__layer_18__seed_101,mvp__same_l__videomae_v2__vit_large_16_224__linear__layer_18,train_eval.probe.mvp,MVP,mvp,same_L,VideoMAE-v2,ViT-L/16,Linear,linear,101,42,videomae_v2,vit_large_16_224,18,,18,pooled,0.0087689140332407912,4.587792444739836e-05,64,1024,2000,false,5,,,,,,,cpu,artifacts/probes/mvp,seed_runs_layerwise_same_l_v1/mvp__same_l__videomae_v2__vit_large_16_224__linear__layer_18/seed_101,artifacts/results/mvp,seed_runs_layerwise_same_l_v1/mvp__same_l__videomae_v2__vit_large_16_224__linear__layer_18/seed_101,seed_runs_layerwise_same_l_v1_mvp__same_l__videomae_v2__vit_large_16_224__linear__layer_18,mvp__same_l__videomae_v2__vit_large_16_224__linear__layer_18__seed_101,pending,,"[""seed=101"",""split.seed=42"",""backbone.name=videomae_v2"",""+backbone.kwargs.variant=vit_large_16_224"",""probe.name=linear"",""probe.layer=18"",""probe.layers=[]"",""probe.feature_view=pooled"",""probe.device=cpu"",""probe.lr=0.0087689140332407912"",""probe.weight_decay=4.587792444739836e-05"",""probe.batch_size=64"",""probe.eval_batch_size=1024"",""probe.epochs=2000"",""probe.early_stopping.enabled=false"",""probe.early_stopping.patience=5"",""probe.optuna.enabled=false"",""probe.output_dir=artifacts/probes/mvp"",""probe.output_subdir=seed_runs_layerwise_same_l_v1/mvp__same_l__videomae_v2__vit_large_16_224__linear__layer_18/seed_101"",""probe.eval_output_dir=artifacts/results/mvp"",""probe.eval_output_subdir=seed_runs_layerwise_same_l_v1/mvp__same_l__videomae_v2__vit_large_16_224__linear__layer_18/seed_101"",""probe.wandb.group=seed_runs_layerwise_same_l_v1_mvp__same_l__videomae_v2__vit_large_16_224__linear__layer_18"",""probe.wandb.name=mvp__same_l__videomae_v2__vit_large_16_224__linear__layer_18__seed_101"",""feature_cache.layer_ids=[6,12,18,24]""]",results/verified_layerwise_probe_configs.csv,458,460,0f14168d9f8d7c8f,VERIFIED_FULL,"{""batch_size"":64,""early_stopping"":{""enabled"":false,""patience"":5},""epochs"":2000,""eval_batch_size"":1024,""feature_view"":""pooled"",""layer"":18,""lr"":0.008768914033240791,""slot"":null,""weight_decay"":4.587792444739836e-05}",same_size_ablation/mvp_same_size_ablation/linear/mvp_probe_linear_videomae_v2_vit_large_16_224_20260529T131218Z/layer_18/train/optuna_summary.json
mvp__same_l__videomae_v2__vit_large_16_224__linear__layer_18__seed_102,mvp__same_l__videomae_v2__vit_large_16_224__linear__layer_18,train_eval.probe.mvp,MVP,mvp,same_L,VideoMAE-v2,ViT-L/16,Linear,linear,102,42,videomae_v2,vit_large_16_224,18,,18,pooled,0.0087689140332407912,4.587792444739836e-05,64,1024,2000,false,5,,,,,,,cpu,artifacts/probes/mvp,seed_runs_layerwise_same_l_v1/mvp__same_l__videomae_v2__vit_large_16_224__linear__layer_18/seed_102,artifacts/results/mvp,seed_runs_layerwise_same_l_v1/mvp__same_l__videomae_v2__vit_large_16_224__linear__layer_18/seed_102,seed_runs_layerwise_same_l_v1_mvp__same_l__videomae_v2__vit_large_16_224__linear__layer_18,mvp__same_l__videomae_v2__vit_large_16_224__linear__layer_18__seed_102,pending,,"[""seed=102"",""split.seed=42"",""backbone.name=videomae_v2"",""+backbone.kwargs.variant=vit_large_16_224"",""probe.name=linear"",""probe.layer=18"",""probe.layers=[]"",""probe.feature_view=pooled"",""probe.device=cpu"",""probe.lr=0.0087689140332407912"",""probe.weight_decay=4.587792444739836e-05"",""probe.batch_size=64"",""probe.eval_batch_size=1024"",""probe.epochs=2000"",""probe.early_stopping.enabled=false"",""probe.early_stopping.patience=5"",""probe.optuna.enabled=false"",""probe.output_dir=artifacts/probes/mvp"",""probe.output_subdir=seed_runs_layerwise_same_l_v1/mvp__same_l__videomae_v2__vit_large_16_224__linear__layer_18/seed_102"",""probe.eval_output_dir=artifacts/results/mvp"",""probe.eval_output_subdir=seed_runs_layerwise_same_l_v1/mvp__same_l__videomae_v2__vit_large_16_224__linear__layer_18/seed_102"",""probe.wandb.group=seed_runs_layerwise_same_l_v1_mvp__same_l__videomae_v2__vit_large_16_224__linear__layer_18"",""probe.wandb.name=mvp__same_l__videomae_v2__vit_large_16_224__linear__layer_18__seed_102"",""feature_cache.layer_ids=[6,12,18,24]""]",results/verified_layerwise_probe_configs.csv,458,460,0f14168d9f8d7c8f,VERIFIED_FULL,"{""batch_size"":64,""early_stopping"":{""enabled"":false,""patience"":5},""epochs"":2000,""eval_batch_size"":1024,""feature_view"":""pooled"",""layer"":18,""lr"":0.008768914033240791,""slot"":null,""weight_decay"":4.587792444739836e-05}",same_size_ablation/mvp_same_size_ablation/linear/mvp_probe_linear_videomae_v2_vit_large_16_224_20260529T131218Z/layer_18/train/optuna_summary.json
mvp__same_l__videomae_v2__vit_large_16_224__linear__layer_24__seed_101,mvp__same_l__videomae_v2__vit_large_16_224__linear__layer_24,train_eval.probe.mvp,MVP,mvp,same_L,VideoMAE-v2,ViT-L/16,Linear,linear,101,42,videomae_v2,vit_large_16_224,24,,24,pooled,0.00023345864076016249,0.00051410966488057519,128,1024,1000,false,5,,,,,,,cpu,artifacts/probes/mvp,seed_runs_layerwise_same_l_v1/mvp__same_l__videomae_v2__vit_large_16_224__linear__layer_24/seed_101,artifacts/results/mvp,seed_runs_layerwise_same_l_v1/mvp__same_l__videomae_v2__vit_large_16_224__linear__layer_24/seed_101,seed_runs_layerwise_same_l_v1_mvp__same_l__videomae_v2__vit_large_16_224__linear__layer_24,mvp__same_l__videomae_v2__vit_large_16_224__linear__layer_24__seed_101,pending,,"[""seed=101"",""split.seed=42"",""backbone.name=videomae_v2"",""+backbone.kwargs.variant=vit_large_16_224"",""probe.name=linear"",""probe.layer=24"",""probe.layers=[]"",""probe.feature_view=pooled"",""probe.device=cpu"",""probe.lr=0.00023345864076016249"",""probe.weight_decay=0.00051410966488057519"",""probe.batch_size=128"",""probe.eval_batch_size=1024"",""probe.epochs=1000"",""probe.early_stopping.enabled=false"",""probe.early_stopping.patience=5"",""probe.optuna.enabled=false"",""probe.output_dir=artifacts/probes/mvp"",""probe.output_subdir=seed_runs_layerwise_same_l_v1/mvp__same_l__videomae_v2__vit_large_16_224__linear__layer_24/seed_101"",""probe.eval_output_dir=artifacts/results/mvp"",""probe.eval_output_subdir=seed_runs_layerwise_same_l_v1/mvp__same_l__videomae_v2__vit_large_16_224__linear__layer_24/seed_101"",""probe.wandb.group=seed_runs_layerwise_same_l_v1_mvp__same_l__videomae_v2__vit_large_16_224__linear__layer_24"",""probe.wandb.name=mvp__same_l__videomae_v2__vit_large_16_224__linear__layer_24__seed_101"",""feature_cache.layer_ids=[6,12,18,24]""]",results/verified_layerwise_probe_configs.csv,459,461,71cbb2faf97cb5c3,VERIFIED_FULL,"{""batch_size"":128,""early_stopping"":{""enabled"":false,""patience"":5},""epochs"":1000,""eval_batch_size"":1024,""feature_view"":""pooled"",""layer"":24,""lr"":0.00023345864076016249,""slot"":null,""weight_decay"":0.0005141096648805752}",same_size_ablation/mvp_same_size_ablation/linear/mvp_probe_linear_videomae_v2_vit_large_16_224_20260529T131218Z/layer_24/train/optuna_summary.json
mvp__same_l__videomae_v2__vit_large_16_224__linear__layer_24__seed_102,mvp__same_l__videomae_v2__vit_large_16_224__linear__layer_24,train_eval.probe.mvp,MVP,mvp,same_L,VideoMAE-v2,ViT-L/16,Linear,linear,102,42,videomae_v2,vit_large_16_224,24,,24,pooled,0.00023345864076016249,0.00051410966488057519,128,1024,1000,false,5,,,,,,,cpu,artifacts/probes/mvp,seed_runs_layerwise_same_l_v1/mvp__same_l__videomae_v2__vit_large_16_224__linear__layer_24/seed_102,artifacts/results/mvp,seed_runs_layerwise_same_l_v1/mvp__same_l__videomae_v2__vit_large_16_224__linear__layer_24/seed_102,seed_runs_layerwise_same_l_v1_mvp__same_l__videomae_v2__vit_large_16_224__linear__layer_24,mvp__same_l__videomae_v2__vit_large_16_224__linear__layer_24__seed_102,pending,,"[""seed=102"",""split.seed=42"",""backbone.name=videomae_v2"",""+backbone.kwargs.variant=vit_large_16_224"",""probe.name=linear"",""probe.layer=24"",""probe.layers=[]"",""probe.feature_view=pooled"",""probe.device=cpu"",""probe.lr=0.00023345864076016249"",""probe.weight_decay=0.00051410966488057519"",""probe.batch_size=128"",""probe.eval_batch_size=1024"",""probe.epochs=1000"",""probe.early_stopping.enabled=false"",""probe.early_stopping.patience=5"",""probe.optuna.enabled=false"",""probe.output_dir=artifacts/probes/mvp"",""probe.output_subdir=seed_runs_layerwise_same_l_v1/mvp__same_l__videomae_v2__vit_large_16_224__linear__layer_24/seed_102"",""probe.eval_output_dir=artifacts/results/mvp"",""probe.eval_output_subdir=seed_runs_layerwise_same_l_v1/mvp__same_l__videomae_v2__vit_large_16_224__linear__layer_24/seed_102"",""probe.wandb.group=seed_runs_layerwise_same_l_v1_mvp__same_l__videomae_v2__vit_large_16_224__linear__layer_24"",""probe.wandb.name=mvp__same_l__videomae_v2__vit_large_16_224__linear__layer_24__seed_102"",""feature_cache.layer_ids=[6,12,18,24]""]",results/verified_layerwise_probe_configs.csv,459,461,71cbb2faf97cb5c3,VERIFIED_FULL,"{""batch_size"":128,""early_stopping"":{""enabled"":false,""patience"":5},""epochs"":1000,""eval_batch_size"":1024,""feature_view"":""pooled"",""layer"":24,""lr"":0.00023345864076016249,""slot"":null,""weight_decay"":0.0005141096648805752}",same_size_ablation/mvp_same_size_ablation/linear/mvp_probe_linear_videomae_v2_vit_large_16_224_20260529T131218Z/layer_24/train/optuna_summary.json
mvp__same_l__videomae_v2__vit_large_16_224__mlp__layer_6__seed_101,mvp__same_l__videomae_v2__vit_large_16_224__mlp__layer_6,train_eval.probe.mvp,MVP,mvp,same_L,VideoMAE-v2,ViT-L/16,MLP,mlp,101,42,videomae_v2,vit_large_16_224,6,,6,pooled,0.00013292918943162159,0.0050615768887523043,32,1024,2000,false,5,[256],0.21597250932105788,,,,,cpu,artifacts/probes/mvp,seed_runs_layerwise_same_l_v1/mvp__same_l__videomae_v2__vit_large_16_224__mlp__layer_6/seed_101,artifacts/results/mvp,seed_runs_layerwise_same_l_v1/mvp__same_l__videomae_v2__vit_large_16_224__mlp__layer_6/seed_101,seed_runs_layerwise_same_l_v1_mvp__same_l__videomae_v2__vit_large_16_224__mlp__layer_6,mvp__same_l__videomae_v2__vit_large_16_224__mlp__layer_6__seed_101,pending,,"[""seed=101"",""split.seed=42"",""backbone.name=videomae_v2"",""+backbone.kwargs.variant=vit_large_16_224"",""probe.name=mlp"",""probe.layer=6"",""probe.layers=[]"",""probe.feature_view=pooled"",""probe.device=cpu"",""probe.lr=0.00013292918943162159"",""probe.weight_decay=0.0050615768887523043"",""probe.batch_size=32"",""probe.eval_batch_size=1024"",""probe.epochs=2000"",""probe.early_stopping.enabled=false"",""probe.early_stopping.patience=5"",""probe.optuna.enabled=false"",""probe.output_dir=artifacts/probes/mvp"",""probe.output_subdir=seed_runs_layerwise_same_l_v1/mvp__same_l__videomae_v2__vit_large_16_224__mlp__layer_6/seed_101"",""probe.eval_output_dir=artifacts/results/mvp"",""probe.eval_output_subdir=seed_runs_layerwise_same_l_v1/mvp__same_l__videomae_v2__vit_large_16_224__mlp__layer_6/seed_101"",""probe.wandb.group=seed_runs_layerwise_same_l_v1_mvp__same_l__videomae_v2__vit_large_16_224__mlp__layer_6"",""probe.wandb.name=mvp__same_l__videomae_v2__vit_large_16_224__mlp__layer_6__seed_101"",""probe.mlp.hidden_dims=[256]"",""probe.mlp.dropout=0.21597250932105788"",""feature_cache.layer_ids=[6,12,18,24]""]",results/verified_layerwise_probe_configs.csv,460,462,2624254f16b35641,VERIFIED_FULL,"{""batch_size"":32,""dropout"":0.21597250932105788,""early_stopping"":{""enabled"":false,""patience"":5},""epochs"":2000,""eval_batch_size"":1024,""feature_view"":""pooled"",""hidden_dims"":[256],""layer"":6,""lr"":0.0001329291894316216,""slot"":null,""weight_decay"":0.005061576888752304}",same_size_ablation/mvp_same_size_ablation/mlp/mvp_probe_mlp_videomae_v2_vit_large_16_224_20260530T072011Z/layer_6/train/optuna_summary.json
mvp__same_l__videomae_v2__vit_large_16_224__mlp__layer_6__seed_102,mvp__same_l__videomae_v2__vit_large_16_224__mlp__layer_6,train_eval.probe.mvp,MVP,mvp,same_L,VideoMAE-v2,ViT-L/16,MLP,mlp,102,42,videomae_v2,vit_large_16_224,6,,6,pooled,0.00013292918943162159,0.0050615768887523043,32,1024,2000,false,5,[256],0.21597250932105788,,,,,cpu,artifacts/probes/mvp,seed_runs_layerwise_same_l_v1/mvp__same_l__videomae_v2__vit_large_16_224__mlp__layer_6/seed_102,artifacts/results/mvp,seed_runs_layerwise_same_l_v1/mvp__same_l__videomae_v2__vit_large_16_224__mlp__layer_6/seed_102,seed_runs_layerwise_same_l_v1_mvp__same_l__videomae_v2__vit_large_16_224__mlp__layer_6,mvp__same_l__videomae_v2__vit_large_16_224__mlp__layer_6__seed_102,pending,,"[""seed=102"",""split.seed=42"",""backbone.name=videomae_v2"",""+backbone.kwargs.variant=vit_large_16_224"",""probe.name=mlp"",""probe.layer=6"",""probe.layers=[]"",""probe.feature_view=pooled"",""probe.device=cpu"",""probe.lr=0.00013292918943162159"",""probe.weight_decay=0.0050615768887523043"",""probe.batch_size=32"",""probe.eval_batch_size=1024"",""probe.epochs=2000"",""probe.early_stopping.enabled=false"",""probe.early_stopping.patience=5"",""probe.optuna.enabled=false"",""probe.output_dir=artifacts/probes/mvp"",""probe.output_subdir=seed_runs_layerwise_same_l_v1/mvp__same_l__videomae_v2__vit_large_16_224__mlp__layer_6/seed_102"",""probe.eval_output_dir=artifacts/results/mvp"",""probe.eval_output_subdir=seed_runs_layerwise_same_l_v1/mvp__same_l__videomae_v2__vit_large_16_224__mlp__layer_6/seed_102"",""probe.wandb.group=seed_runs_layerwise_same_l_v1_mvp__same_l__videomae_v2__vit_large_16_224__mlp__layer_6"",""probe.wandb.name=mvp__same_l__videomae_v2__vit_large_16_224__mlp__layer_6__seed_102"",""probe.mlp.hidden_dims=[256]"",""probe.mlp.dropout=0.21597250932105788"",""feature_cache.layer_ids=[6,12,18,24]""]",results/verified_layerwise_probe_configs.csv,460,462,2624254f16b35641,VERIFIED_FULL,"{""batch_size"":32,""dropout"":0.21597250932105788,""early_stopping"":{""enabled"":false,""patience"":5},""epochs"":2000,""eval_batch_size"":1024,""feature_view"":""pooled"",""hidden_dims"":[256],""layer"":6,""lr"":0.0001329291894316216,""slot"":null,""weight_decay"":0.005061576888752304}",same_size_ablation/mvp_same_size_ablation/mlp/mvp_probe_mlp_videomae_v2_vit_large_16_224_20260530T072011Z/layer_6/train/optuna_summary.json
mvp__same_l__videomae_v2__vit_large_16_224__mlp__layer_12__seed_101,mvp__same_l__videomae_v2__vit_large_16_224__mlp__layer_12,train_eval.probe.mvp,MVP,mvp,same_L,VideoMAE-v2,ViT-L/16,MLP,mlp,101,42,videomae_v2,vit_large_16_224,12,,12,pooled,3.6858101863982668e-05,0.00029148611171370467,64,1024,2000,false,5,"[1024,512,256]",0.15739081467706534,,,,,cpu,artifacts/probes/mvp,seed_runs_layerwise_same_l_v1/mvp__same_l__videomae_v2__vit_large_16_224__mlp__layer_12/seed_101,artifacts/results/mvp,seed_runs_layerwise_same_l_v1/mvp__same_l__videomae_v2__vit_large_16_224__mlp__layer_12/seed_101,seed_runs_layerwise_same_l_v1_mvp__same_l__videomae_v2__vit_large_16_224__mlp__layer_12,mvp__same_l__videomae_v2__vit_large_16_224__mlp__layer_12__seed_101,pending,,"[""seed=101"",""split.seed=42"",""backbone.name=videomae_v2"",""+backbone.kwargs.variant=vit_large_16_224"",""probe.name=mlp"",""probe.layer=12"",""probe.layers=[]"",""probe.feature_view=pooled"",""probe.device=cpu"",""probe.lr=3.6858101863982668e-05"",""probe.weight_decay=0.00029148611171370467"",""probe.batch_size=64"",""probe.eval_batch_size=1024"",""probe.epochs=2000"",""probe.early_stopping.enabled=false"",""probe.early_stopping.patience=5"",""probe.optuna.enabled=false"",""probe.output_dir=artifacts/probes/mvp"",""probe.output_subdir=seed_runs_layerwise_same_l_v1/mvp__same_l__videomae_v2__vit_large_16_224__mlp__layer_12/seed_101"",""probe.eval_output_dir=artifacts/results/mvp"",""probe.eval_output_subdir=seed_runs_layerwise_same_l_v1/mvp__same_l__videomae_v2__vit_large_16_224__mlp__layer_12/seed_101"",""probe.wandb.group=seed_runs_layerwise_same_l_v1_mvp__same_l__videomae_v2__vit_large_16_224__mlp__layer_12"",""probe.wandb.name=mvp__same_l__videomae_v2__vit_large_16_224__mlp__layer_12__seed_101"",""probe.mlp.hidden_dims=[1024,512,256]"",""probe.mlp.dropout=0.15739081467706534"",""feature_cache.layer_ids=[6,12,18,24]""]",results/verified_layerwise_probe_configs.csv,461,463,21eaa44b1af2280b,VERIFIED_FULL,"{""batch_size"":64,""dropout"":0.15739081467706534,""early_stopping"":{""enabled"":false,""patience"":5},""epochs"":2000,""eval_batch_size"":1024,""feature_view"":""pooled"",""hidden_dims"":[1024,512,256],""layer"":12,""lr"":3.685810186398267e-05,""slot"":null,""weight_decay"":0.0002914861117137047}",same_size_ablation/mvp_same_size_ablation/mlp/mvp_probe_mlp_videomae_v2_vit_large_16_224_20260530T072011Z/layer_12/train/optuna_summary.json
mvp__same_l__videomae_v2__vit_large_16_224__mlp__layer_12__seed_102,mvp__same_l__videomae_v2__vit_large_16_224__mlp__layer_12,train_eval.probe.mvp,MVP,mvp,same_L,VideoMAE-v2,ViT-L/16,MLP,mlp,102,42,videomae_v2,vit_large_16_224,12,,12,pooled,3.6858101863982668e-05,0.00029148611171370467,64,1024,2000,false,5,"[1024,512,256]",0.15739081467706534,,,,,cpu,artifacts/probes/mvp,seed_runs_layerwise_same_l_v1/mvp__same_l__videomae_v2__vit_large_16_224__mlp__layer_12/seed_102,artifacts/results/mvp,seed_runs_layerwise_same_l_v1/mvp__same_l__videomae_v2__vit_large_16_224__mlp__layer_12/seed_102,seed_runs_layerwise_same_l_v1_mvp__same_l__videomae_v2__vit_large_16_224__mlp__layer_12,mvp__same_l__videomae_v2__vit_large_16_224__mlp__layer_12__seed_102,pending,,"[""seed=102"",""split.seed=42"",""backbone.name=videomae_v2"",""+backbone.kwargs.variant=vit_large_16_224"",""probe.name=mlp"",""probe.layer=12"",""probe.layers=[]"",""probe.feature_view=pooled"",""probe.device=cpu"",""probe.lr=3.6858101863982668e-05"",""probe.weight_decay=0.00029148611171370467"",""probe.batch_size=64"",""probe.eval_batch_size=1024"",""probe.epochs=2000"",""probe.early_stopping.enabled=false"",""probe.early_stopping.patience=5"",""probe.optuna.enabled=false"",""probe.output_dir=artifacts/probes/mvp"",""probe.output_subdir=seed_runs_layerwise_same_l_v1/mvp__same_l__videomae_v2__vit_large_16_224__mlp__layer_12/seed_102"",""probe.eval_output_dir=artifacts/results/mvp"",""probe.eval_output_subdir=seed_runs_layerwise_same_l_v1/mvp__same_l__videomae_v2__vit_large_16_224__mlp__layer_12/seed_102"",""probe.wandb.group=seed_runs_layerwise_same_l_v1_mvp__same_l__videomae_v2__vit_large_16_224__mlp__layer_12"",""probe.wandb.name=mvp__same_l__videomae_v2__vit_large_16_224__mlp__layer_12__seed_102"",""probe.mlp.hidden_dims=[1024,512,256]"",""probe.mlp.dropout=0.15739081467706534"",""feature_cache.layer_ids=[6,12,18,24]""]",results/verified_layerwise_probe_configs.csv,461,463,21eaa44b1af2280b,VERIFIED_FULL,"{""batch_size"":64,""dropout"":0.15739081467706534,""early_stopping"":{""enabled"":false,""patience"":5},""epochs"":2000,""eval_batch_size"":1024,""feature_view"":""pooled"",""hidden_dims"":[1024,512,256],""layer"":12,""lr"":3.685810186398267e-05,""slot"":null,""weight_decay"":0.0002914861117137047}",same_size_ablation/mvp_same_size_ablation/mlp/mvp_probe_mlp_videomae_v2_vit_large_16_224_20260530T072011Z/layer_12/train/optuna_summary.json
mvp__same_l__videomae_v2__vit_large_16_224__mlp__layer_18__seed_101,mvp__same_l__videomae_v2__vit_large_16_224__mlp__layer_18,train_eval.probe.mvp,MVP,mvp,same_L,VideoMAE-v2,ViT-L/16,MLP,mlp,101,42,videomae_v2,vit_large_16_224,18,,18,pooled,0.00013292918943162159,0.0050615768887523043,32,1024,2000,false,5,[256],0.21597250932105788,,,,,cpu,artifacts/probes/mvp,seed_runs_layerwise_same_l_v1/mvp__same_l__videomae_v2__vit_large_16_224__mlp__layer_18/seed_101,artifacts/results/mvp,seed_runs_layerwise_same_l_v1/mvp__same_l__videomae_v2__vit_large_16_224__mlp__layer_18/seed_101,seed_runs_layerwise_same_l_v1_mvp__same_l__videomae_v2__vit_large_16_224__mlp__layer_18,mvp__same_l__videomae_v2__vit_large_16_224__mlp__layer_18__seed_101,pending,,"[""seed=101"",""split.seed=42"",""backbone.name=videomae_v2"",""+backbone.kwargs.variant=vit_large_16_224"",""probe.name=mlp"",""probe.layer=18"",""probe.layers=[]"",""probe.feature_view=pooled"",""probe.device=cpu"",""probe.lr=0.00013292918943162159"",""probe.weight_decay=0.0050615768887523043"",""probe.batch_size=32"",""probe.eval_batch_size=1024"",""probe.epochs=2000"",""probe.early_stopping.enabled=false"",""probe.early_stopping.patience=5"",""probe.optuna.enabled=false"",""probe.output_dir=artifacts/probes/mvp"",""probe.output_subdir=seed_runs_layerwise_same_l_v1/mvp__same_l__videomae_v2__vit_large_16_224__mlp__layer_18/seed_101"",""probe.eval_output_dir=artifacts/results/mvp"",""probe.eval_output_subdir=seed_runs_layerwise_same_l_v1/mvp__same_l__videomae_v2__vit_large_16_224__mlp__layer_18/seed_101"",""probe.wandb.group=seed_runs_layerwise_same_l_v1_mvp__same_l__videomae_v2__vit_large_16_224__mlp__layer_18"",""probe.wandb.name=mvp__same_l__videomae_v2__vit_large_16_224__mlp__layer_18__seed_101"",""probe.mlp.hidden_dims=[256]"",""probe.mlp.dropout=0.21597250932105788"",""feature_cache.layer_ids=[6,12,18,24]""]",results/verified_layerwise_probe_configs.csv,462,464,08c08bf454fb2413,VERIFIED_FULL,"{""batch_size"":32,""dropout"":0.21597250932105788,""early_stopping"":{""enabled"":false,""patience"":5},""epochs"":2000,""eval_batch_size"":1024,""feature_view"":""pooled"",""hidden_dims"":[256],""layer"":18,""lr"":0.0001329291894316216,""slot"":null,""weight_decay"":0.005061576888752304}",same_size_ablation/mvp_same_size_ablation/mlp/mvp_probe_mlp_videomae_v2_vit_large_16_224_20260530T072011Z/layer_18/train/optuna_summary.json
mvp__same_l__videomae_v2__vit_large_16_224__mlp__layer_18__seed_102,mvp__same_l__videomae_v2__vit_large_16_224__mlp__layer_18,train_eval.probe.mvp,MVP,mvp,same_L,VideoMAE-v2,ViT-L/16,MLP,mlp,102,42,videomae_v2,vit_large_16_224,18,,18,pooled,0.00013292918943162159,0.0050615768887523043,32,1024,2000,false,5,[256],0.21597250932105788,,,,,cpu,artifacts/probes/mvp,seed_runs_layerwise_same_l_v1/mvp__same_l__videomae_v2__vit_large_16_224__mlp__layer_18/seed_102,artifacts/results/mvp,seed_runs_layerwise_same_l_v1/mvp__same_l__videomae_v2__vit_large_16_224__mlp__layer_18/seed_102,seed_runs_layerwise_same_l_v1_mvp__same_l__videomae_v2__vit_large_16_224__mlp__layer_18,mvp__same_l__videomae_v2__vit_large_16_224__mlp__layer_18__seed_102,pending,,"[""seed=102"",""split.seed=42"",""backbone.name=videomae_v2"",""+backbone.kwargs.variant=vit_large_16_224"",""probe.name=mlp"",""probe.layer=18"",""probe.layers=[]"",""probe.feature_view=pooled"",""probe.device=cpu"",""probe.lr=0.00013292918943162159"",""probe.weight_decay=0.0050615768887523043"",""probe.batch_size=32"",""probe.eval_batch_size=1024"",""probe.epochs=2000"",""probe.early_stopping.enabled=false"",""probe.early_stopping.patience=5"",""probe.optuna.enabled=false"",""probe.output_dir=artifacts/probes/mvp"",""probe.output_subdir=seed_runs_layerwise_same_l_v1/mvp__same_l__videomae_v2__vit_large_16_224__mlp__layer_18/seed_102"",""probe.eval_output_dir=artifacts/results/mvp"",""probe.eval_output_subdir=seed_runs_layerwise_same_l_v1/mvp__same_l__videomae_v2__vit_large_16_224__mlp__layer_18/seed_102"",""probe.wandb.group=seed_runs_layerwise_same_l_v1_mvp__same_l__videomae_v2__vit_large_16_224__mlp__layer_18"",""probe.wandb.name=mvp__same_l__videomae_v2__vit_large_16_224__mlp__layer_18__seed_102"",""probe.mlp.hidden_dims=[256]"",""probe.mlp.dropout=0.21597250932105788"",""feature_cache.layer_ids=[6,12,18,24]""]",results/verified_layerwise_probe_configs.csv,462,464,08c08bf454fb2413,VERIFIED_FULL,"{""batch_size"":32,""dropout"":0.21597250932105788,""early_stopping"":{""enabled"":false,""patience"":5},""epochs"":2000,""eval_batch_size"":1024,""feature_view"":""pooled"",""hidden_dims"":[256],""layer"":18,""lr"":0.0001329291894316216,""slot"":null,""weight_decay"":0.005061576888752304}",same_size_ablation/mvp_same_size_ablation/mlp/mvp_probe_mlp_videomae_v2_vit_large_16_224_20260530T072011Z/layer_18/train/optuna_summary.json
mvp__same_l__videomae_v2__vit_large_16_224__mlp__layer_24__seed_101,mvp__same_l__videomae_v2__vit_large_16_224__mlp__layer_24,train_eval.probe.mvp,MVP,mvp,same_L,VideoMAE-v2,ViT-L/16,MLP,mlp,101,42,videomae_v2,vit_large_16_224,24,,24,pooled,0.00013292918943162159,0.0050615768887523043,32,1024,2000,false,5,[256],0.21597250932105788,,,,,cpu,artifacts/probes/mvp,seed_runs_layerwise_same_l_v1/mvp__same_l__videomae_v2__vit_large_16_224__mlp__layer_24/seed_101,artifacts/results/mvp,seed_runs_layerwise_same_l_v1/mvp__same_l__videomae_v2__vit_large_16_224__mlp__layer_24/seed_101,seed_runs_layerwise_same_l_v1_mvp__same_l__videomae_v2__vit_large_16_224__mlp__layer_24,mvp__same_l__videomae_v2__vit_large_16_224__mlp__layer_24__seed_101,pending,,"[""seed=101"",""split.seed=42"",""backbone.name=videomae_v2"",""+backbone.kwargs.variant=vit_large_16_224"",""probe.name=mlp"",""probe.layer=24"",""probe.layers=[]"",""probe.feature_view=pooled"",""probe.device=cpu"",""probe.lr=0.00013292918943162159"",""probe.weight_decay=0.0050615768887523043"",""probe.batch_size=32"",""probe.eval_batch_size=1024"",""probe.epochs=2000"",""probe.early_stopping.enabled=false"",""probe.early_stopping.patience=5"",""probe.optuna.enabled=false"",""probe.output_dir=artifacts/probes/mvp"",""probe.output_subdir=seed_runs_layerwise_same_l_v1/mvp__same_l__videomae_v2__vit_large_16_224__mlp__layer_24/seed_101"",""probe.eval_output_dir=artifacts/results/mvp"",""probe.eval_output_subdir=seed_runs_layerwise_same_l_v1/mvp__same_l__videomae_v2__vit_large_16_224__mlp__layer_24/seed_101"",""probe.wandb.group=seed_runs_layerwise_same_l_v1_mvp__same_l__videomae_v2__vit_large_16_224__mlp__layer_24"",""probe.wandb.name=mvp__same_l__videomae_v2__vit_large_16_224__mlp__layer_24__seed_101"",""probe.mlp.hidden_dims=[256]"",""probe.mlp.dropout=0.21597250932105788"",""feature_cache.layer_ids=[6,12,18,24]""]",results/verified_layerwise_probe_configs.csv,463,465,89a1668b0f6a5afb,VERIFIED_FULL,"{""batch_size"":32,""dropout"":0.21597250932105788,""early_stopping"":{""enabled"":false,""patience"":5},""epochs"":2000,""eval_batch_size"":1024,""feature_view"":""pooled"",""hidden_dims"":[256],""layer"":24,""lr"":0.0001329291894316216,""slot"":null,""weight_decay"":0.005061576888752304}",same_size_ablation/mvp_same_size_ablation/mlp/mvp_probe_mlp_videomae_v2_vit_large_16_224_20260530T072011Z/layer_24/train/optuna_summary.json
mvp__same_l__videomae_v2__vit_large_16_224__mlp__layer_24__seed_102,mvp__same_l__videomae_v2__vit_large_16_224__mlp__layer_24,train_eval.probe.mvp,MVP,mvp,same_L,VideoMAE-v2,ViT-L/16,MLP,mlp,102,42,videomae_v2,vit_large_16_224,24,,24,pooled,0.00013292918943162159,0.0050615768887523043,32,1024,2000,false,5,[256],0.21597250932105788,,,,,cpu,artifacts/probes/mvp,seed_runs_layerwise_same_l_v1/mvp__same_l__videomae_v2__vit_large_16_224__mlp__layer_24/seed_102,artifacts/results/mvp,seed_runs_layerwise_same_l_v1/mvp__same_l__videomae_v2__vit_large_16_224__mlp__layer_24/seed_102,seed_runs_layerwise_same_l_v1_mvp__same_l__videomae_v2__vit_large_16_224__mlp__layer_24,mvp__same_l__videomae_v2__vit_large_16_224__mlp__layer_24__seed_102,pending,,"[""seed=102"",""split.seed=42"",""backbone.name=videomae_v2"",""+backbone.kwargs.variant=vit_large_16_224"",""probe.name=mlp"",""probe.layer=24"",""probe.layers=[]"",""probe.feature_view=pooled"",""probe.device=cpu"",""probe.lr=0.00013292918943162159"",""probe.weight_decay=0.0050615768887523043"",""probe.batch_size=32"",""probe.eval_batch_size=1024"",""probe.epochs=2000"",""probe.early_stopping.enabled=false"",""probe.early_stopping.patience=5"",""probe.optuna.enabled=false"",""probe.output_dir=artifacts/probes/mvp"",""probe.output_subdir=seed_runs_layerwise_same_l_v1/mvp__same_l__videomae_v2__vit_large_16_224__mlp__layer_24/seed_102"",""probe.eval_output_dir=artifacts/results/mvp"",""probe.eval_output_subdir=seed_runs_layerwise_same_l_v1/mvp__same_l__videomae_v2__vit_large_16_224__mlp__layer_24/seed_102"",""probe.wandb.group=seed_runs_layerwise_same_l_v1_mvp__same_l__videomae_v2__vit_large_16_224__mlp__layer_24"",""probe.wandb.name=mvp__same_l__videomae_v2__vit_large_16_224__mlp__layer_24__seed_102"",""probe.mlp.hidden_dims=[256]"",""probe.mlp.dropout=0.21597250932105788"",""feature_cache.layer_ids=[6,12,18,24]""]",results/verified_layerwise_probe_configs.csv,463,465,89a1668b0f6a5afb,VERIFIED_FULL,"{""batch_size"":32,""dropout"":0.21597250932105788,""early_stopping"":{""enabled"":false,""patience"":5},""epochs"":2000,""eval_batch_size"":1024,""feature_view"":""pooled"",""hidden_dims"":[256],""layer"":24,""lr"":0.0001329291894316216,""slot"":null,""weight_decay"":0.005061576888752304}",same_size_ablation/mvp_same_size_ablation/mlp/mvp_probe_mlp_videomae_v2_vit_large_16_224_20260530T072011Z/layer_24/train/optuna_summary.json
