dataset,experiment,model_label,backbone,probe,layer_key,layer,layer_label,config_id,manifest_seeds,expected_seeds,loaded_n_seeds,loaded_seeds,missing_loaded_seeds,loaded_seed_source,test_primary_mean,test_primary_std,status,manifest
intphys2,ltx,LTX-13B,LTX-13B,linear,id:1,1,noise_1.0_block_12,intphys2__ltx_video__linear__slot_1,"101,102","42,101,102",3,"42,101,102",,ready_manifest,0.0,0.0,OK,seed_manifest_intphys2_ltx13b_linear_mlp.csv
intphys2,ltx,LTX-13B,LTX-13B,linear,id:10,10,noise_0.8_block_24,intphys2__ltx_video__linear__slot_10,"101,102","42,101,102",3,"42,101,102",,ready_manifest,21.56862745098037,3.921568627450944,OK,seed_manifest_intphys2_ltx13b_linear_mlp.csv
intphys2,ltx,LTX-13B,LTX-13B,linear,id:11,11,noise_0.8_block_36,intphys2__ltx_video__linear__slot_11,"101,102","42,101,102",3,"42,101,102",,ready_manifest,19.6078431372549,1.9607843137254972,OK,seed_manifest_intphys2_ltx13b_linear_mlp.csv
intphys2,ltx,LTX-13B,LTX-13B,linear,id:12,12,noise_0.8_block_48,intphys2__ltx_video__linear__slot_12,"101,102","42,101,102",3,"42,101,102",,ready_manifest,14.379084967320262,4.081698038168889,OK,seed_manifest_intphys2_ltx13b_linear_mlp.csv
intphys2,ltx,LTX-13B,LTX-13B,linear,id:13,13,noise_0.7_block_12,intphys2__ltx_video__linear__slot_13,"101,102","42,101,102",3,"42,101,102",,ready_manifest,27.45098039215685,5.187747668754082,OK,seed_manifest_intphys2_ltx13b_linear_mlp.csv
intphys2,ltx,LTX-13B,LTX-13B,linear,id:14,14,noise_0.7_block_24,intphys2__ltx_video__linear__slot_14,"101,102","42,101,102",3,"42,101,102",,ready_manifest,30.718954248366,1.132059351352193,OK,seed_manifest_intphys2_ltx13b_linear_mlp.csv
intphys2,ltx,LTX-13B,LTX-13B,linear,id:15,15,noise_0.7_block_36,intphys2__ltx_video__linear__slot_15,"101,102","42,101,102",3,"42,101,102",,ready_manifest,29.41176470588234,1.9607843137254672,OK,seed_manifest_intphys2_ltx13b_linear_mlp.csv
intphys2,ltx,LTX-13B,LTX-13B,linear,id:16,16,noise_0.7_block_48,intphys2__ltx_video__linear__slot_16,"101,102","42,101,102",3,"42,101,102",,ready_manifest,18.95424836601307,4.081698038168889,OK,seed_manifest_intphys2_ltx13b_linear_mlp.csv
intphys2,ltx,LTX-13B,LTX-13B,linear,id:17,17,noise_0.6_block_12,intphys2__ltx_video__linear__slot_17,"101,102","42,101,102",3,"42,101,102",,ready_manifest,20.915032679738538,6.303039713067263,OK,seed_manifest_intphys2_ltx13b_linear_mlp.csv
intphys2,ltx,LTX-13B,LTX-13B,linear,id:18,18,noise_0.6_block_24,intphys2__ltx_video__linear__slot_18,"101,102","42,101,102",3,"42,101,102",,ready_manifest,37.25490196078432,1.9607843137254868,OK,seed_manifest_intphys2_ltx13b_linear_mlp.csv
intphys2,ltx,LTX-13B,LTX-13B,linear,id:19,19,noise_0.6_block_36,intphys2__ltx_video__linear__slot_19,"101,102","42,101,102",3,"42,101,102",,ready_manifest,30.065359477124183,8.163396076337774,OK,seed_manifest_intphys2_ltx13b_linear_mlp.csv
intphys2,ltx,LTX-13B,LTX-13B,linear,id:2,2,noise_1.0_block_24,intphys2__ltx_video__linear__slot_2,"101,102","42,101,102",3,"42,101,102",,ready_manifest,0.0,0.0,OK,seed_manifest_intphys2_ltx13b_linear_mlp.csv
intphys2,ltx,LTX-13B,LTX-13B,linear,id:20,20,noise_0.6_block_48,intphys2__ltx_video__linear__slot_20,"101,102","42,101,102",3,"42,101,102",,ready_manifest,16.33986928104574,8.16339607633778,OK,seed_manifest_intphys2_ltx13b_linear_mlp.csv
intphys2,ltx,LTX-13B,LTX-13B,linear,id:21,21,noise_0.5_block_12,intphys2__ltx_video__linear__slot_21,"101,102","42,101,102",3,"42,101,102",,ready_manifest,22.875816993464028,2.264118702704372,OK,seed_manifest_intphys2_ltx13b_linear_mlp.csv
intphys2,ltx,LTX-13B,LTX-13B,linear,id:22,22,noise_0.5_block_24,intphys2__ltx_video__linear__slot_22,"101,102","42,101,102",3,"42,101,102",,ready_manifest,39.2156862745098,1.9607843137254868,OK,seed_manifest_intphys2_ltx13b_linear_mlp.csv
intphys2,ltx,LTX-13B,LTX-13B,linear,id:23,23,noise_0.5_block_36,intphys2__ltx_video__linear__slot_23,"101,102","42,101,102",3,"42,101,102",,ready_manifest,39.2156862745098,1.9607843137254868,OK,seed_manifest_intphys2_ltx13b_linear_mlp.csv
intphys2,ltx,LTX-13B,LTX-13B,linear,id:24,24,noise_0.5_block_48,intphys2__ltx_video__linear__slot_24,"101,102","42,101,102",3,"42,101,102",,ready_manifest,29.411764705882337,5.882352941176473,OK,seed_manifest_intphys2_ltx13b_linear_mlp.csv
intphys2,ltx,LTX-13B,LTX-13B,linear,id:25,25,noise_0.4_block_12,intphys2__ltx_video__linear__slot_25,"101,102","42,101,102",3,"42,101,102",,ready_manifest,33.33333333333332,3.9215686274509807,OK,seed_manifest_intphys2_ltx13b_linear_mlp.csv
intphys2,ltx,LTX-13B,LTX-13B,linear,id:26,26,noise_0.4_block_24,intphys2__ltx_video__linear__slot_26,"101,102","42,101,102",3,"42,101,102",,ready_manifest,42.48366013071893,1.132059351352187,OK,seed_manifest_intphys2_ltx13b_linear_mlp.csv
intphys2,ltx,LTX-13B,LTX-13B,linear,id:27,27,noise_0.4_block_36,intphys2__ltx_video__linear__slot_27,"101,102","42,101,102",3,"42,101,102",,ready_manifest,34.640522875816984,2.2641187027044274,OK,seed_manifest_intphys2_ltx13b_linear_mlp.csv
intphys2,ltx,LTX-13B,LTX-13B,linear,id:28,28,noise_0.4_block_48,intphys2__ltx_video__linear__slot_28,"101,102","42,101,102",3,"42,101,102",,ready_manifest,26.79738562091502,4.528237405408816,OK,seed_manifest_intphys2_ltx13b_linear_mlp.csv
intphys2,ltx,LTX-13B,LTX-13B,linear,id:29,29,noise_0.3_block_12,intphys2__ltx_video__linear__slot_29,"101,102","42,101,102",3,"42,101,102",,ready_manifest,32.02614379084966,7.924415459465451,OK,seed_manifest_intphys2_ltx13b_linear_mlp.csv
intphys2,ltx,LTX-13B,LTX-13B,linear,id:3,3,noise_1.0_block_36,intphys2__ltx_video__linear__slot_3,"101,102","42,101,102",3,"42,101,102",,ready_manifest,0.0,0.0,OK,seed_manifest_intphys2_ltx13b_linear_mlp.csv
intphys2,ltx,LTX-13B,LTX-13B,linear,id:30,30,noise_0.3_block_24,intphys2__ltx_video__linear__slot_30,"101,102","42,101,102",3,"42,101,102",,ready_manifest,41.83006535947709,1.132059351352238,OK,seed_manifest_intphys2_ltx13b_linear_mlp.csv
intphys2,ltx,LTX-13B,LTX-13B,linear,id:31,31,noise_0.3_block_36,intphys2__ltx_video__linear__slot_31,"101,102","42,101,102",3,"42,101,102",,ready_manifest,29.411764705882334,1.9607843137255203,OK,seed_manifest_intphys2_ltx13b_linear_mlp.csv
intphys2,ltx,LTX-13B,LTX-13B,linear,id:32,32,noise_0.3_block_48,intphys2__ltx_video__linear__slot_32,"101,102","42,101,102",3,"42,101,102",,ready_manifest,27.450980392156847,3.39617805405661,OK,seed_manifest_intphys2_ltx13b_linear_mlp.csv
intphys2,ltx,LTX-13B,LTX-13B,linear,id:33,33,noise_0.2_block_12,intphys2__ltx_video__linear__slot_33,"101,102","42,101,102",3,"42,101,102",,ready_manifest,30.718954248366,2.264118702704425,OK,seed_manifest_intphys2_ltx13b_linear_mlp.csv
intphys2,ltx,LTX-13B,LTX-13B,linear,id:34,34,noise_0.2_block_24,intphys2__ltx_video__linear__slot_34,"101,102","42,101,102",3,"42,101,102",,ready_manifest,47.05882352941174,3.6920883578564435e-14,OK,seed_manifest_intphys2_ltx13b_linear_mlp.csv
intphys2,ltx,LTX-13B,LTX-13B,linear,id:35,35,noise_0.2_block_36,intphys2__ltx_video__linear__slot_35,"101,102","42,101,102",3,"42,101,102",,ready_manifest,35.29411764705882,1.9607843137254868,OK,seed_manifest_intphys2_ltx13b_linear_mlp.csv
intphys2,ltx,LTX-13B,LTX-13B,linear,id:36,36,noise_0.2_block_48,intphys2__ltx_video__linear__slot_36,"101,102","42,101,102",3,"42,101,102",,ready_manifest,30.718954248365996,4.081698038168914,OK,seed_manifest_intphys2_ltx13b_linear_mlp.csv
intphys2,ltx,LTX-13B,LTX-13B,linear,id:37,37,noise_0.1_block_12,intphys2__ltx_video__linear__slot_37,"101,102","42,101,102",3,"42,101,102",,ready_manifest,24.183006535947705,10.061963606758582,OK,seed_manifest_intphys2_ltx13b_linear_mlp.csv
intphys2,ltx,LTX-13B,LTX-13B,linear,id:38,38,noise_0.1_block_24,intphys2__ltx_video__linear__slot_38,"101,102","42,101,102",3,"42,101,102",,ready_manifest,49.673202614379065,2.995147513043042,OK,seed_manifest_intphys2_ltx13b_linear_mlp.csv
intphys2,ltx,LTX-13B,LTX-13B,linear,id:39,39,noise_0.1_block_36,intphys2__ltx_video__linear__slot_39,"101,102","42,101,102",3,"42,101,102",,ready_manifest,35.94771241830065,2.264118702704415,OK,seed_manifest_intphys2_ltx13b_linear_mlp.csv
intphys2,ltx,LTX-13B,LTX-13B,linear,id:4,4,noise_1.0_block_48,intphys2__ltx_video__linear__slot_4,"101,102","42,101,102",3,"42,101,102",,ready_manifest,0.0,0.0,OK,seed_manifest_intphys2_ltx13b_linear_mlp.csv
intphys2,ltx,LTX-13B,LTX-13B,linear,id:40,40,noise_0.1_block_48,intphys2__ltx_video__linear__slot_40,"101,102","42,101,102",3,"42,101,102",,ready_manifest,24.183006535947698,6.303039713067265,OK,seed_manifest_intphys2_ltx13b_linear_mlp.csv
intphys2,ltx,LTX-13B,LTX-13B,linear,id:5,5,noise_0.9_block_12,intphys2__ltx_video__linear__slot_5,"101,102","42,101,102",3,"42,101,102",,ready_manifest,22.222222222222197,4.081698038168873,OK,seed_manifest_intphys2_ltx13b_linear_mlp.csv
intphys2,ltx,LTX-13B,LTX-13B,linear,id:6,6,noise_0.9_block_24,intphys2__ltx_video__linear__slot_6,"101,102","42,101,102",3,"42,101,102",,ready_manifest,24.18300653594771,4.934532310634479,OK,seed_manifest_intphys2_ltx13b_linear_mlp.csv
intphys2,ltx,LTX-13B,LTX-13B,linear,id:7,7,noise_0.9_block_36,intphys2__ltx_video__linear__slot_7,"101,102","42,101,102",3,"42,101,102",,ready_manifest,15.032679738562084,1.1320593513522004,OK,seed_manifest_intphys2_ltx13b_linear_mlp.csv
intphys2,ltx,LTX-13B,LTX-13B,linear,id:8,8,noise_0.9_block_48,intphys2__ltx_video__linear__slot_8,"101,102","42,101,102",3,"42,101,102",,ready_manifest,13.071895424836589,2.2641187027044265,OK,seed_manifest_intphys2_ltx13b_linear_mlp.csv
intphys2,ltx,LTX-13B,LTX-13B,linear,id:9,9,noise_0.8_block_12,intphys2__ltx_video__linear__slot_9,"101,102","42,101,102",3,"42,101,102",,ready_manifest,19.60784313725488,7.069708383262695,OK,seed_manifest_intphys2_ltx13b_linear_mlp.csv
intphys2,ltx,LTX-2B,LTX-2B,linear,id:1,1,noise_1.0_block_7,intphys2__ltx__ltx_2b_0_9_8_distilled__linear__slot_1,"101,102","42,101,102",3,"42,101,102",,ready_manifest,0.0,0.0,OK,seed_manifest_intphys2_ltx2b_linear_mlp.csv
intphys2,ltx,LTX-2B,LTX-2B,linear,id:10,10,noise_0.8_block_14,intphys2__ltx__ltx_2b_0_9_8_distilled__linear__slot_10,"101,102","42,101,102",3,"42,101,102",,ready_manifest,6.5359477124183005,2.995147513043033,OK,seed_manifest_intphys2_ltx2b_linear_mlp.csv
intphys2,ltx,LTX-2B,LTX-2B,linear,id:11,11,noise_0.8_block_21,intphys2__ltx__ltx_2b_0_9_8_distilled__linear__slot_11,"101,102","42,101,102",3,"42,101,102",,ready_manifest,10.45751633986928,4.081698038168888,OK,seed_manifest_intphys2_ltx2b_linear_mlp.csv
intphys2,ltx,LTX-2B,LTX-2B,linear,id:12,12,noise_0.8_block_28,intphys2__ltx__ltx_2b_0_9_8_distilled__linear__slot_12,"101,102","42,101,102",3,"42,101,102",,ready_manifest,22.875816993464053,6.886048204478916,OK,seed_manifest_intphys2_ltx2b_linear_mlp.csv
intphys2,ltx,LTX-2B,LTX-2B,linear,id:13,13,noise_0.7_block_7,intphys2__ltx__ltx_2b_0_9_8_distilled__linear__slot_13,"101,102","42,101,102",3,"42,101,102",,ready_manifest,11.11111111111111,2.995147513043033,OK,seed_manifest_intphys2_ltx2b_linear_mlp.csv
intphys2,ltx,LTX-2B,LTX-2B,linear,id:14,14,noise_0.7_block_14,intphys2__ltx__ltx_2b_0_9_8_distilled__linear__slot_14,"101,102","42,101,102",3,"42,101,102",,ready_manifest,23.529411764705884,6.792356108113247,OK,seed_manifest_intphys2_ltx2b_linear_mlp.csv
intphys2,ltx,LTX-2B,LTX-2B,linear,id:15,15,noise_0.7_block_21,intphys2__ltx__ltx_2b_0_9_8_distilled__linear__slot_15,"101,102","42,101,102",3,"42,101,102",,ready_manifest,12.418300653594772,4.081698038168888,OK,seed_manifest_intphys2_ltx2b_linear_mlp.csv
intphys2,ltx,LTX-2B,LTX-2B,linear,id:16,16,noise_0.7_block_28,intphys2__ltx__ltx_2b_0_9_8_distilled__linear__slot_16,"101,102","42,101,102",3,"42,101,102",,ready_manifest,10.45751633986928,6.303039713067292,OK,seed_manifest_intphys2_ltx2b_linear_mlp.csv
intphys2,ltx,LTX-2B,LTX-2B,linear,id:17,17,noise_0.6_block_7,intphys2__ltx__ltx_2b_0_9_8_distilled__linear__slot_17,"101,102","42,101,102",3,"42,101,102",,ready_manifest,16.33986928104575,1.1320593513522064,OK,seed_manifest_intphys2_ltx2b_linear_mlp.csv
intphys2,ltx,LTX-2B,LTX-2B,linear,id:18,18,noise_0.6_block_14,intphys2__ltx__ltx_2b_0_9_8_distilled__linear__slot_18,"101,102","42,101,102",3,"42,101,102",,ready_manifest,16.33986928104575,1.132059351352209,OK,seed_manifest_intphys2_ltx2b_linear_mlp.csv
intphys2,ltx,LTX-2B,LTX-2B,linear,id:19,19,noise_0.6_block_21,intphys2__ltx__ltx_2b_0_9_8_distilled__linear__slot_19,"101,102","42,101,102",3,"42,101,102",,ready_manifest,13.72549019607843,6.792356108113243,OK,seed_manifest_intphys2_ltx2b_linear_mlp.csv
intphys2,ltx,LTX-2B,LTX-2B,linear,id:2,2,noise_1.0_block_14,intphys2__ltx__ltx_2b_0_9_8_distilled__linear__slot_2,"101,102","42,101,102",3,"42,101,102",,ready_manifest,0.0,0.0,OK,seed_manifest_intphys2_ltx2b_linear_mlp.csv
intphys2,ltx,LTX-2B,LTX-2B,linear,id:20,20,noise_0.6_block_28,intphys2__ltx__ltx_2b_0_9_8_distilled__linear__slot_20,"101,102","42,101,102",3,"42,101,102",,ready_manifest,16.99346405228758,4.081698038168886,OK,seed_manifest_intphys2_ltx2b_linear_mlp.csv
intphys2,ltx,LTX-2B,LTX-2B,linear,id:21,21,noise_0.5_block_7,intphys2__ltx__ltx_2b_0_9_8_distilled__linear__slot_21,"101,102","42,101,102",3,"42,101,102",,ready_manifest,12.418300653594772,2.9951475130430323,OK,seed_manifest_intphys2_ltx2b_linear_mlp.csv
intphys2,ltx,LTX-2B,LTX-2B,linear,id:22,22,noise_0.5_block_14,intphys2__ltx__ltx_2b_0_9_8_distilled__linear__slot_22,"101,102","42,101,102",3,"42,101,102",,ready_manifest,17.647058823529413,5.187747668754099,OK,seed_manifest_intphys2_ltx2b_linear_mlp.csv
intphys2,ltx,LTX-2B,LTX-2B,linear,id:23,23,noise_0.5_block_21,intphys2__ltx__ltx_2b_0_9_8_distilled__linear__slot_23,"101,102","42,101,102",3,"42,101,102",,ready_manifest,7.84313725490196,3.92156862745098,OK,seed_manifest_intphys2_ltx2b_linear_mlp.csv
intphys2,ltx,LTX-2B,LTX-2B,linear,id:24,24,noise_0.5_block_28,intphys2__ltx__ltx_2b_0_9_8_distilled__linear__slot_24,"101,102","42,101,102",3,"42,101,102",,ready_manifest,17.647058823529413,3.9215686274509807,OK,seed_manifest_intphys2_ltx2b_linear_mlp.csv
intphys2,ltx,LTX-2B,LTX-2B,linear,id:25,25,noise_0.4_block_7,intphys2__ltx__ltx_2b_0_9_8_distilled__linear__slot_25,"101,102","42,101,102",3,"42,101,102",,ready_manifest,9.803921568627452,1.96078431372549,OK,seed_manifest_intphys2_ltx2b_linear_mlp.csv
intphys2,ltx,LTX-2B,LTX-2B,linear,id:26,26,noise_0.4_block_14,intphys2__ltx__ltx_2b_0_9_8_distilled__linear__slot_26,"101,102","42,101,102",3,"42,101,102",,ready_manifest,11.764705882352942,1.9607843137254903,OK,seed_manifest_intphys2_ltx2b_linear_mlp.csv
intphys2,ltx,LTX-2B,LTX-2B,linear,id:27,27,noise_0.4_block_21,intphys2__ltx__ltx_2b_0_9_8_distilled__linear__slot_27,"101,102","42,101,102",3,"42,101,102",,ready_manifest,22.875816993464053,6.303039713067292,OK,seed_manifest_intphys2_ltx2b_linear_mlp.csv
intphys2,ltx,LTX-2B,LTX-2B,linear,id:28,28,noise_0.4_block_28,intphys2__ltx__ltx_2b_0_9_8_distilled__linear__slot_28,"101,102","42,101,102",3,"42,101,102",,ready_manifest,14.379084967320262,6.886048204478916,OK,seed_manifest_intphys2_ltx2b_linear_mlp.csv
intphys2,ltx,LTX-2B,LTX-2B,linear,id:29,29,noise_0.3_block_7,intphys2__ltx__ltx_2b_0_9_8_distilled__linear__slot_29,"101,102","42,101,102",3,"42,101,102",,ready_manifest,8.49673202614379,1.132059351352209,OK,seed_manifest_intphys2_ltx2b_linear_mlp.csv
intphys2,ltx,LTX-2B,LTX-2B,linear,id:3,3,noise_1.0_block_21,intphys2__ltx__ltx_2b_0_9_8_distilled__linear__slot_3,"101,102","42,101,102",3,"42,101,102",,ready_manifest,0.0,0.0,OK,seed_manifest_intphys2_ltx2b_linear_mlp.csv
intphys2,ltx,LTX-2B,LTX-2B,linear,id:30,30,noise_0.3_block_14,intphys2__ltx__ltx_2b_0_9_8_distilled__linear__slot_30,"101,102","42,101,102",3,"42,101,102",,ready_manifest,21.568627450980397,5.88235294117647,OK,seed_manifest_intphys2_ltx2b_linear_mlp.csv
intphys2,ltx,LTX-2B,LTX-2B,linear,id:31,31,noise_0.3_block_21,intphys2__ltx__ltx_2b_0_9_8_distilled__linear__slot_31,"101,102","42,101,102",3,"42,101,102",,ready_manifest,12.41830065359477,2.995147513043031,OK,seed_manifest_intphys2_ltx2b_linear_mlp.csv
intphys2,ltx,LTX-2B,LTX-2B,linear,id:32,32,noise_0.3_block_28,intphys2__ltx__ltx_2b_0_9_8_distilled__linear__slot_32,"101,102","42,101,102",3,"42,101,102",,ready_manifest,7.84313725490196,3.3961780540566218,OK,seed_manifest_intphys2_ltx2b_linear_mlp.csv
intphys2,ltx,LTX-2B,LTX-2B,linear,id:33,33,noise_0.2_block_7,intphys2__ltx__ltx_2b_0_9_8_distilled__linear__slot_33,"101,102","42,101,102",3,"42,101,102",,ready_manifest,9.15032679738562,4.081698038168889,OK,seed_manifest_intphys2_ltx2b_linear_mlp.csv
intphys2,ltx,LTX-2B,LTX-2B,linear,id:34,34,noise_0.2_block_14,intphys2__ltx__ltx_2b_0_9_8_distilled__linear__slot_34,"101,102","42,101,102",3,"42,101,102",,ready_manifest,21.56862745098039,5.1877476687541,OK,seed_manifest_intphys2_ltx2b_linear_mlp.csv
intphys2,ltx,LTX-2B,LTX-2B,linear,id:35,35,noise_0.2_block_21,intphys2__ltx__ltx_2b_0_9_8_distilled__linear__slot_35,"101,102","42,101,102",3,"42,101,102",,ready_manifest,16.339869281045754,5.990295026086065,OK,seed_manifest_intphys2_ltx2b_linear_mlp.csv
intphys2,ltx,LTX-2B,LTX-2B,linear,id:36,36,noise_0.2_block_28,intphys2__ltx__ltx_2b_0_9_8_distilled__linear__slot_36,"101,102","42,101,102",3,"42,101,102",,ready_manifest,16.99346405228758,4.52823740540883,OK,seed_manifest_intphys2_ltx2b_linear_mlp.csv
intphys2,ltx,LTX-2B,LTX-2B,linear,id:37,37,noise_0.1_block_7,intphys2__ltx__ltx_2b_0_9_8_distilled__linear__slot_37,"101,102","42,101,102",3,"42,101,102",,ready_manifest,7.84313725490196,5.187747668754099,OK,seed_manifest_intphys2_ltx2b_linear_mlp.csv
intphys2,ltx,LTX-2B,LTX-2B,linear,id:38,38,noise_0.1_block_14,intphys2__ltx__ltx_2b_0_9_8_distilled__linear__slot_38,"101,102","42,101,102",3,"42,101,102",,ready_manifest,6.5359477124183,7.92441545946545,OK,seed_manifest_intphys2_ltx2b_linear_mlp.csv
intphys2,ltx,LTX-2B,LTX-2B,linear,id:39,39,noise_0.1_block_21,intphys2__ltx__ltx_2b_0_9_8_distilled__linear__slot_39,"101,102","42,101,102",3,"42,101,102",,ready_manifest,16.99346405228758,2.9951475130430327,OK,seed_manifest_intphys2_ltx2b_linear_mlp.csv
intphys2,ltx,LTX-2B,LTX-2B,linear,id:4,4,noise_1.0_block_28,intphys2__ltx__ltx_2b_0_9_8_distilled__linear__slot_4,"101,102","42,101,102",3,"42,101,102",,ready_manifest,0.0,0.0,OK,seed_manifest_intphys2_ltx2b_linear_mlp.csv
intphys2,ltx,LTX-2B,LTX-2B,linear,id:40,40,noise_0.1_block_28,intphys2__ltx__ltx_2b_0_9_8_distilled__linear__slot_40,"101,102","42,101,102",3,"42,101,102",,ready_manifest,16.33986928104575,2.995147513043031,OK,seed_manifest_intphys2_ltx2b_linear_mlp.csv
intphys2,ltx,LTX-2B,LTX-2B,linear,id:5,5,noise_0.9_block_7,intphys2__ltx__ltx_2b_0_9_8_distilled__linear__slot_5,"101,102","42,101,102",3,"42,101,102",,ready_manifest,5.88235294117647,3.921568627450981,OK,seed_manifest_intphys2_ltx2b_linear_mlp.csv
intphys2,ltx,LTX-2B,LTX-2B,linear,id:6,6,noise_0.9_block_14,intphys2__ltx__ltx_2b_0_9_8_distilled__linear__slot_6,"101,102","42,101,102",3,"42,101,102",,ready_manifest,11.764705882352942,5.882352941176472,OK,seed_manifest_intphys2_ltx2b_linear_mlp.csv
intphys2,ltx,LTX-2B,LTX-2B,linear,id:7,7,noise_0.9_block_21,intphys2__ltx__ltx_2b_0_9_8_distilled__linear__slot_7,"101,102","42,101,102",3,"42,101,102",,ready_manifest,20.26143790849673,7.423409602353298,OK,seed_manifest_intphys2_ltx2b_linear_mlp.csv
intphys2,ltx,LTX-2B,LTX-2B,linear,id:8,8,noise_0.9_block_28,intphys2__ltx__ltx_2b_0_9_8_distilled__linear__slot_8,"101,102","42,101,102",3,"42,101,102",,ready_manifest,16.33986928104575,6.30303971306729,OK,seed_manifest_intphys2_ltx2b_linear_mlp.csv
intphys2,ltx,LTX-2B,LTX-2B,linear,id:9,9,noise_0.8_block_7,intphys2__ltx__ltx_2b_0_9_8_distilled__linear__slot_9,"101,102","42,101,102",3,"42,101,102",,ready_manifest,12.418300653594772,8.163396076337776,OK,seed_manifest_intphys2_ltx2b_linear_mlp.csv
intphys2,main,V-JEPA,ViT-H/16,linear,id:16,16,Layer 0.5,intphys2__jepa_v1__linear__layer_16,"101,102","42,101,102",3,"42,101,102",,original,37.254902,0.0,OK,seed_manifest_layerwise_main_linear_mlp_v1.csv
intphys2,main,V-JEPA,ViT-H/16,linear,id:24,24,Layer 0.75,intphys2__jepa_v1__linear__layer_24,"101,102","42,101,102",3,"42,101,102",,original,47.712418,4.081698,OK,seed_manifest_layerwise_main_linear_mlp_v1.csv;seed_manifest_main_linear_mlp_v1.csv
intphys2,main,V-JEPA,ViT-H/16,linear,id:32,32,Final layer,intphys2__jepa_v1__linear__layer_32,"101,102","42,101,102",3,"42,101,102",,original,48.366013,1.132059,OK,seed_manifest_layerwise_main_linear_mlp_v1.csv
intphys2,main,V-JEPA,ViT-H/16,linear,id:8,8,Layer 0.25,intphys2__jepa_v1__linear__layer_8,"101,102","42,101,102",3,"42,101,102",,original,16.339869,4.528237,OK,seed_manifest_layerwise_main_linear_mlp_v1.csv
intphys2,same_L,V-JEPA,ViT-L/16,linear,id:12,12,12,intphys2__same_l__jepa_v1__vitl16_224__linear__layer_12,"101,102","42,101,102",3,"42,101,102",,original,31.372549,1.960784,OK,seed_manifest_layerwise_same_l_linear_mlp_v1.csv
intphys2,same_L,V-JEPA,ViT-L/16,linear,id:18,18,18,intphys2__same_l__jepa_v1__vitl16_224__linear__layer_18,"101,102","42,101,102",3,"42,101,102",,original,35.294118,1.960785,OK,seed_manifest_layerwise_same_l_linear_mlp_v1.csv
intphys2,same_L,V-JEPA,ViT-L/16,linear,id:24,24,24,intphys2__same_l__jepa_v1__vitl16_224__linear__layer_24,"101,102","42,101,102",3,"42,101,102",,original,48.366013,5.990295,OK,seed_manifest_layerwise_same_l_linear_mlp_v1.csv
intphys2,same_L,V-JEPA,ViT-L/16,linear,id:6,6,6,intphys2__same_l__jepa_v1__vitl16_224__linear__layer_6,"101,102","42,101,102",3,"42,101,102",,original,26.143791,1.132059,OK,seed_manifest_layerwise_same_l_linear_mlp_v1.csv
intphys2,main,V-JEPA 2,ViT-G/16,linear,id:10,10,Layer 0.25,intphys2__jepa_v2__linear__layer_10,"101,102","42,101,102",3,"42,101,102",,original,14.379085,2.995148,OK,seed_manifest_layerwise_main_linear_mlp_v1.csv
intphys2,main,V-JEPA 2,ViT-G/16,linear,id:20,20,Layer 0.5,intphys2__jepa_v2__linear__layer_20,"101,102","42,101,102",3,"42,101,102",,original,23.529412,1.960785,OK,seed_manifest_layerwise_main_linear_mlp_v1.csv
intphys2,main,V-JEPA 2,ViT-G/16,linear,id:30,30,Layer 0.75,intphys2__jepa_v2__linear__layer_30,"101,102","42,101,102",3,"42,101,102",,original,37.908497,2.995148,OK,seed_manifest_layerwise_main_linear_mlp_v1.csv
intphys2,main,V-JEPA 2,ViT-G/16,linear,id:40,40,Final layer,intphys2__jepa_v2__linear__layer_40,"101,102","42,101,102",3,"42,101,102",,original,38.562092,2.264119,OK,seed_manifest_layerwise_main_linear_mlp_v1.csv;seed_manifest_main_linear_mlp_v1.csv
intphys2,same_L,V-JEPA 2,ViT-L/16,linear,id:12,12,12,intphys2__same_l__jepa_v2__vitl_256__linear__layer_12,"101,102","42,101,102",3,"42,101,102",,original,35.947713,1.132059,OK,seed_manifest_layerwise_same_l_linear_mlp_v1.csv
intphys2,same_L,V-JEPA 2,ViT-L/16,linear,id:18,18,18,intphys2__same_l__jepa_v2__vitl_256__linear__layer_18,"101,102","42,101,102",3,"42,101,102",,original,50.326797,1.132059,OK,seed_manifest_layerwise_same_l_linear_mlp_v1.csv
intphys2,same_L,V-JEPA 2,ViT-L/16,linear,id:24,24,24,intphys2__same_l__jepa_v2__vitl_256__linear__layer_24,"101,102","42,101,102",3,"42,101,102",,original,33.986928,2.264119,OK,seed_manifest_layerwise_same_l_linear_mlp_v1.csv
intphys2,same_L,V-JEPA 2,ViT-L/16,linear,id:6,6,6,intphys2__same_l__jepa_v2__vitl_256__linear__layer_6,"101,102","42,101,102",3,"42,101,102",,original,21.568627,8.54686,OK,seed_manifest_layerwise_same_l_linear_mlp_v1.csv
intphys2,backbone_sweep,V-JEPA 2.1,ViT-B/16,linear,id:12,12,12,intphys2__backbone_sweep__jepa_v2_1__vitb_384__linear__layer_12,"101,102","42,101,102",3,"42,101,102",,original,38.562091,1.132059,OK,seed_manifest_layerwise_backbone_sweep_linear_mlp_v1.csv
intphys2,backbone_sweep,V-JEPA 2.1,ViT-B/16,linear,id:3,3,3,intphys2__backbone_sweep__jepa_v2_1__vitb_384__linear__layer_3,"101,102","42,101,102",3,"42,101,102",,original,16.993464,5.990295,OK,seed_manifest_layerwise_backbone_sweep_linear_mlp_v1.csv
intphys2,backbone_sweep,V-JEPA 2.1,ViT-B/16,linear,id:6,6,6,intphys2__backbone_sweep__jepa_v2_1__vitb_384__linear__layer_6,"101,102","42,101,102",3,"42,101,102",,original,29.411765,0.0,OK,seed_manifest_layerwise_backbone_sweep_linear_mlp_v1.csv
intphys2,backbone_sweep,V-JEPA 2.1,ViT-B/16,linear,id:9,9,9,intphys2__backbone_sweep__jepa_v2_1__vitb_384__linear__layer_9,"101,102","42,101,102",3,"42,101,102",,original,24.836601,8.841666,OK,seed_manifest_layerwise_backbone_sweep_linear_mlp_v1.csv
intphys2,backbone_sweep,V-JEPA 2.1,ViT-G/16,linear,id:10,10,10,intphys2__backbone_sweep__jepa_v2_1__vitg_384__linear__layer_10,"101,102","42,101,102",3,"42,101,102",,original,23.529412,1.960785,OK,seed_manifest_layerwise_backbone_sweep_linear_mlp_v1.csv
intphys2,backbone_sweep,V-JEPA 2.1,ViT-G/16,linear,id:20,20,20,intphys2__backbone_sweep__jepa_v2_1__vitg_384__linear__layer_20,"101,102","42,101,102",3,"42,101,102",,original,30.718954,2.264118,OK,seed_manifest_layerwise_backbone_sweep_linear_mlp_v1.csv
intphys2,backbone_sweep,V-JEPA 2.1,ViT-G/16,linear,id:30,30,30,intphys2__backbone_sweep__jepa_v2_1__vitg_384__linear__layer_30,"101,102","42,101,102",3,"42,101,102",,original,30.065359,2.995147,OK,seed_manifest_layerwise_backbone_sweep_linear_mlp_v1.csv
intphys2,backbone_sweep,V-JEPA 2.1,ViT-G/16,linear,id:40,40,40,intphys2__backbone_sweep__jepa_v2_1__vitg_384__linear__layer_40,"101,102","42,101,102",3,"42,101,102",,original,47.058824,1.960785,OK,seed_manifest_layerwise_backbone_sweep_linear_mlp_v1.csv
intphys2,main,V-JEPA 2.1,ViT-Gigantic/16,linear,id:12,12,Layer 0.25,intphys2__jepa_v2_1__linear__layer_12,"101,102","42,101,102",3,"42,101,102",,original,24.183007,1.132059,OK,seed_manifest_layerwise_main_linear_mlp_v1.csv
intphys2,main,V-JEPA 2.1,ViT-Gigantic/16,linear,id:24,24,Layer 0.5,intphys2__jepa_v2_1__linear__layer_24,"101,102","42,101,102",3,"42,101,102",,original,20.261438,2.995148,OK,seed_manifest_layerwise_main_linear_mlp_v1.csv
intphys2,main,V-JEPA 2.1,ViT-Gigantic/16,linear,id:38,38,Layer 0.75,intphys2__jepa_v2_1__linear__layer_38,"101,102","42,101,102",3,"42,101,102",,original,24.183007,1.132059,OK,seed_manifest_layerwise_main_linear_mlp_v1.csv;seed_manifest_main_linear_mlp_v1.csv
intphys2,main,V-JEPA 2.1,ViT-Gigantic/16,linear,id:48,48,Final layer,intphys2__jepa_v2_1__linear__layer_48,"101,102","42,101,102",3,"42,101,102",,original,36.601307,2.264118,OK,seed_manifest_layerwise_main_linear_mlp_v1.csv
intphys2,same_L,V-JEPA 2.1,ViT-L/16,linear,id:12,12,12,intphys2__same_l__jepa_v2_1__vitl_384__linear__layer_12,"101,102","42,101,102",3,"42,101,102",,original,25.490196,0.0,OK,seed_manifest_layerwise_same_l_linear_mlp_v1.csv
intphys2,same_L,V-JEPA 2.1,ViT-L/16,linear,id:18,18,18,intphys2__same_l__jepa_v2_1__vitl_384__linear__layer_18,"101,102","42,101,102",3,"42,101,102",,original,44.444444,1.132059,OK,seed_manifest_layerwise_same_l_linear_mlp_v1.csv
intphys2,same_L,V-JEPA 2.1,ViT-L/16,linear,id:24,24,24,intphys2__same_l__jepa_v2_1__vitl_384__linear__layer_24,"101,102","42,101,102",3,"42,101,102",,original,26.797385,1.132059,OK,seed_manifest_layerwise_same_l_linear_mlp_v1.csv
intphys2,same_L,V-JEPA 2.1,ViT-L/16,linear,id:6,6,6,intphys2__same_l__jepa_v2_1__vitl_384__linear__layer_6,"101,102","42,101,102",3,"42,101,102",,original,22.875817,4.934532,OK,seed_manifest_layerwise_same_l_linear_mlp_v1.csv
intphys2,main,VideoMAE,ViT-H/16,linear,id:16,16,Layer 0.5,intphys2__videomae__linear__layer_16,"101,102","42,101,102",3,"42,101,102",,original,30.06536,4.934533,OK,seed_manifest_layerwise_main_linear_mlp_v1.csv;seed_manifest_main_linear_mlp_v1.csv
intphys2,main,VideoMAE,ViT-H/16,linear,id:24,24,Layer 0.75,intphys2__videomae__linear__layer_24,"101,102","42,101,102",3,"42,101,102",,original,31.372549,3.396178,OK,seed_manifest_layerwise_main_linear_mlp_v1.csv
intphys2,main,VideoMAE,ViT-H/16,linear,id:32,32,Final layer,intphys2__videomae__linear__layer_32,"101,102","42,101,102",3,"42,101,102",,original,28.75817,4.528237,OK,seed_manifest_layerwise_main_linear_mlp_v1.csv
intphys2,main,VideoMAE,ViT-H/16,linear,id:8,8,Layer 0.25,intphys2__videomae__linear__layer_8,"101,102","42,101,102",3,"42,101,102",,original,16.339869,4.528237,OK,seed_manifest_layerwise_main_linear_mlp_v1.csv
intphys2,same_L,VideoMAE,ViT-L/16,linear,id:12,12,12,intphys2__same_l__videomae__vit_large_16_224__linear__layer_12,"101,102","42,101,102",3,"42,101,102",,original,16.993464,1.132059,OK,seed_manifest_layerwise_same_l_linear_mlp_v1.csv
intphys2,same_L,VideoMAE,ViT-L/16,linear,id:18,18,18,intphys2__same_l__videomae__vit_large_16_224__linear__layer_18,"101,102","42,101,102",3,"42,101,102",,original,35.947712,9.266305,OK,seed_manifest_layerwise_same_l_linear_mlp_v1.csv
intphys2,same_L,VideoMAE,ViT-L/16,linear,id:24,24,24,intphys2__same_l__videomae__vit_large_16_224__linear__layer_24,"101,102","42,101,102",3,"42,101,102",,original,36.601307,2.264118,OK,seed_manifest_layerwise_same_l_linear_mlp_v1.csv
intphys2,same_L,VideoMAE,ViT-L/16,linear,id:6,6,6,intphys2__same_l__videomae__vit_large_16_224__linear__layer_6,"101,102","42,101,102",3,"42,101,102",,original,15.686275,1.960785,OK,seed_manifest_layerwise_same_l_linear_mlp_v1.csv
intphys2,backbone_sweep,VideoMAE-v2,ViT-B/16,linear,id:12,12,12,intphys2__backbone_sweep__videomae_v2__vit_base_16_224__linear__layer_12,"101,102","42,101,102",3,"42,101,102",,original,27.45098,1.960785,OK,seed_manifest_layerwise_backbone_sweep_linear_mlp_v1.csv
intphys2,backbone_sweep,VideoMAE-v2,ViT-B/16,linear,id:3,3,3,intphys2__backbone_sweep__videomae_v2__vit_base_16_224__linear__layer_3,"101,102","42,101,102",3,"42,101,102",,original,12.418301,10.799158,OK,seed_manifest_layerwise_backbone_sweep_linear_mlp_v1.csv
intphys2,backbone_sweep,VideoMAE-v2,ViT-B/16,linear,id:6,6,6,intphys2__backbone_sweep__videomae_v2__vit_base_16_224__linear__layer_6,"101,102","42,101,102",3,"42,101,102",,original,28.104575,5.990295,OK,seed_manifest_layerwise_backbone_sweep_linear_mlp_v1.csv
intphys2,backbone_sweep,VideoMAE-v2,ViT-B/16,linear,id:9,9,9,intphys2__backbone_sweep__videomae_v2__vit_base_16_224__linear__layer_9,"101,102","42,101,102",3,"42,101,102",,original,39.869281,2.995148,OK,seed_manifest_layerwise_backbone_sweep_linear_mlp_v1.csv
intphys2,main,VideoMAE-v2,ViT-G/16,linear,id:10,10,Layer 0.25,intphys2__videomae_v2__linear__layer_10,"101,102","42,101,102",3,"42,101,102",,original,30.718954,4.528237,OK,seed_manifest_layerwise_main_linear_mlp_v1.csv
intphys2,main,VideoMAE-v2,ViT-G/16,linear,id:20,20,Layer 0.5,intphys2__videomae_v2__linear__layer_20,"101,102","42,101,102",3,"42,101,102",,original,37.254902,0.0,OK,seed_manifest_layerwise_main_linear_mlp_v1.csv;seed_manifest_main_linear_mlp_v1.csv
intphys2,main,VideoMAE-v2,ViT-G/16,linear,id:30,30,Layer 0.75,intphys2__videomae_v2__linear__layer_30,"101,102","42,101,102",3,"42,101,102",,original,42.48366,1.132059,OK,seed_manifest_layerwise_main_linear_mlp_v1.csv
intphys2,main,VideoMAE-v2,ViT-G/16,linear,id:40,40,Final layer,intphys2__videomae_v2__linear__layer_40,"101,102","42,101,102",3,"42,101,102",,original,50.980392,3.921569,OK,seed_manifest_layerwise_main_linear_mlp_v1.csv
intphys2,same_L,VideoMAE-v2,ViT-L/16,linear,id:12,12,12,intphys2__same_l__videomae_v2__vit_large_16_224__linear__layer_12,"101,102","42,101,102",3,"42,101,102",,original,42.48366,5.990295,OK,seed_manifest_layerwise_same_l_linear_mlp_v1.csv
intphys2,same_L,VideoMAE-v2,ViT-L/16,linear,id:18,18,18,intphys2__same_l__videomae_v2__vit_large_16_224__linear__layer_18,"101,102","42,101,102",3,"42,101,102",,original,32.026144,2.995148,OK,seed_manifest_layerwise_same_l_linear_mlp_v1.csv
intphys2,same_L,VideoMAE-v2,ViT-L/16,linear,id:24,24,24,intphys2__same_l__videomae_v2__vit_large_16_224__linear__layer_24,"101,102","42,101,102",3,"42,101,102",,original,28.75817,4.934532,OK,seed_manifest_layerwise_same_l_linear_mlp_v1.csv
intphys2,same_L,VideoMAE-v2,ViT-L/16,linear,id:6,6,6,intphys2__same_l__videomae_v2__vit_large_16_224__linear__layer_6,"101,102","42,101,102",3,"42,101,102",,original,15.686275,1.960785,OK,seed_manifest_layerwise_same_l_linear_mlp_v1.csv
intphys2,ltx,LTX-13B,LTX-13B,mlp,id:1,1,noise_1.0_block_12,intphys2__ltx_video__mlp__slot_1,"101,102","42,101,102",3,"42,101,102",,ready_manifest,0.0,0.0,OK,seed_manifest_intphys2_ltx13b_linear_mlp.csv
intphys2,ltx,LTX-13B,LTX-13B,mlp,id:10,10,noise_0.8_block_24,intphys2__ltx_video__mlp__slot_10,"101,102","42,101,102",3,"42,101,102",,ready_manifest,12.41830065359476,4.0816980381688825,OK,seed_manifest_intphys2_ltx13b_linear_mlp.csv
intphys2,ltx,LTX-13B,LTX-13B,mlp,id:11,11,noise_0.8_block_36,intphys2__ltx_video__mlp__slot_11,"101,102","42,101,102",3,"42,101,102",,ready_manifest,20.26143790849673,1.1320593513522086,OK,seed_manifest_intphys2_ltx13b_linear_mlp.csv
intphys2,ltx,LTX-13B,LTX-13B,mlp,id:12,12,noise_0.8_block_48,intphys2__ltx_video__mlp__slot_12,"101,102","42,101,102",3,"42,101,102",,ready_manifest,19.60784313725487,1.960784313725444,OK,seed_manifest_intphys2_ltx13b_linear_mlp.csv
intphys2,ltx,LTX-13B,LTX-13B,mlp,id:13,13,noise_0.7_block_12,intphys2__ltx_video__mlp__slot_13,"101,102","42,101,102",3,"42,101,102",,ready_manifest,27.45098039215685,5.187747668754081,OK,seed_manifest_intphys2_ltx13b_linear_mlp.csv
intphys2,ltx,LTX-13B,LTX-13B,mlp,id:14,14,noise_0.7_block_24,intphys2__ltx_video__mlp__slot_14,"101,102","42,101,102",3,"42,101,102",,ready_manifest,30.718954248366003,6.303039713067286,OK,seed_manifest_intphys2_ltx13b_linear_mlp.csv
intphys2,ltx,LTX-13B,LTX-13B,mlp,id:15,15,noise_0.7_block_36,intphys2__ltx_video__mlp__slot_15,"101,102","42,101,102",3,"42,101,102",,ready_manifest,33.33333333333332,1.960784313725478,OK,seed_manifest_intphys2_ltx13b_linear_mlp.csv
intphys2,ltx,LTX-13B,LTX-13B,mlp,id:16,16,noise_0.7_block_48,intphys2__ltx_video__mlp__slot_16,"101,102","42,101,102",3,"42,101,102",,ready_manifest,21.568627450980397,5.1877476687541,OK,seed_manifest_intphys2_ltx13b_linear_mlp.csv
intphys2,ltx,LTX-13B,LTX-13B,mlp,id:17,17,noise_0.6_block_12,intphys2__ltx_video__mlp__slot_17,"101,102","42,101,102",3,"42,101,102",,ready_manifest,24.836601307189515,1.1320593513522546,OK,seed_manifest_intphys2_ltx13b_linear_mlp.csv
intphys2,ltx,LTX-13B,LTX-13B,mlp,id:18,18,noise_0.6_block_24,intphys2__ltx_video__mlp__slot_18,"101,102","42,101,102",3,"42,101,102",,ready_manifest,35.29411764705881,1.960784313725508,OK,seed_manifest_intphys2_ltx13b_linear_mlp.csv
intphys2,ltx,LTX-13B,LTX-13B,mlp,id:19,19,noise_0.6_block_36,intphys2__ltx_video__mlp__slot_19,"101,102","42,101,102",3,"42,101,102",,ready_manifest,35.29411764705881,1.9607843137254937,OK,seed_manifest_intphys2_ltx13b_linear_mlp.csv
intphys2,ltx,LTX-13B,LTX-13B,mlp,id:2,2,noise_1.0_block_24,intphys2__ltx_video__mlp__slot_2,"101,102","42,101,102",3,"42,101,102",,ready_manifest,0.0,0.0,OK,seed_manifest_intphys2_ltx13b_linear_mlp.csv
intphys2,ltx,LTX-13B,LTX-13B,mlp,id:20,20,noise_0.6_block_48,intphys2__ltx_video__mlp__slot_20,"101,102","42,101,102",3,"42,101,102",,ready_manifest,31.372549019607828,1.9607843137254868,OK,seed_manifest_intphys2_ltx13b_linear_mlp.csv
intphys2,ltx,LTX-13B,LTX-13B,mlp,id:21,21,noise_0.5_block_12,intphys2__ltx_video__mlp__slot_21,"101,102","42,101,102",3,"42,101,102",,ready_manifest,22.875816993464028,2.995147513043,OK,seed_manifest_intphys2_ltx13b_linear_mlp.csv
intphys2,ltx,LTX-13B,LTX-13B,mlp,id:22,22,noise_0.5_block_24,intphys2__ltx_video__mlp__slot_22,"101,102","42,101,102",3,"42,101,102",,ready_manifest,35.94771241830065,1.1320593513522157,OK,seed_manifest_intphys2_ltx13b_linear_mlp.csv
intphys2,ltx,LTX-13B,LTX-13B,mlp,id:23,23,noise_0.5_block_36,intphys2__ltx_video__mlp__slot_23,"101,102","42,101,102",3,"42,101,102",,ready_manifest,33.33333333333332,3.396178054056651,OK,seed_manifest_intphys2_ltx13b_linear_mlp.csv
intphys2,ltx,LTX-13B,LTX-13B,mlp,id:24,24,noise_0.5_block_48,intphys2__ltx_video__mlp__slot_24,"101,102","42,101,102",3,"42,101,102",,ready_manifest,28.7581699346405,2.9951475130430723,OK,seed_manifest_intphys2_ltx13b_linear_mlp.csv
intphys2,ltx,LTX-13B,LTX-13B,mlp,id:25,25,noise_0.4_block_12,intphys2__ltx_video__mlp__slot_25,"101,102","42,101,102",3,"42,101,102",,ready_manifest,15.032679738562084,2.2641187027044243,OK,seed_manifest_intphys2_ltx13b_linear_mlp.csv
intphys2,ltx,LTX-13B,LTX-13B,mlp,id:26,26,noise_0.4_block_24,intphys2__ltx_video__mlp__slot_26,"101,102","42,101,102",3,"42,101,102",,ready_manifest,36.60130718954248,2.264118702704411,OK,seed_manifest_intphys2_ltx13b_linear_mlp.csv
intphys2,ltx,LTX-13B,LTX-13B,mlp,id:27,27,noise_0.4_block_36,intphys2__ltx_video__mlp__slot_27,"101,102","42,101,102",3,"42,101,102",,ready_manifest,36.60130718954248,2.9951475130430523,OK,seed_manifest_intphys2_ltx13b_linear_mlp.csv
intphys2,ltx,LTX-13B,LTX-13B,mlp,id:28,28,noise_0.4_block_48,intphys2__ltx_video__mlp__slot_28,"101,102","42,101,102",3,"42,101,102",,ready_manifest,35.294117647058805,6.792356108113282,OK,seed_manifest_intphys2_ltx13b_linear_mlp.csv
intphys2,ltx,LTX-13B,LTX-13B,mlp,id:29,29,noise_0.3_block_12,intphys2__ltx_video__mlp__slot_29,"101,102","42,101,102",3,"42,101,102",,ready_manifest,27.45098039215684,3.396178054056643,OK,seed_manifest_intphys2_ltx13b_linear_mlp.csv
intphys2,ltx,LTX-13B,LTX-13B,mlp,id:3,3,noise_1.0_block_36,intphys2__ltx_video__mlp__slot_3,"101,102","42,101,102",3,"42,101,102",,ready_manifest,0.0,0.0,OK,seed_manifest_intphys2_ltx13b_linear_mlp.csv
intphys2,ltx,LTX-13B,LTX-13B,mlp,id:30,30,noise_0.3_block_24,intphys2__ltx_video__mlp__slot_30,"101,102","42,101,102",3,"42,101,102",,ready_manifest,39.21568627450977,3.396178054056592,OK,seed_manifest_intphys2_ltx13b_linear_mlp.csv
intphys2,ltx,LTX-13B,LTX-13B,mlp,id:31,31,noise_0.3_block_36,intphys2__ltx_video__mlp__slot_31,"101,102","42,101,102",3,"42,101,102",,ready_manifest,33.33333333333332,1.960784313725478,OK,seed_manifest_intphys2_ltx13b_linear_mlp.csv
intphys2,ltx,LTX-13B,LTX-13B,mlp,id:32,32,noise_0.3_block_48,intphys2__ltx_video__mlp__slot_32,"101,102","42,101,102",3,"42,101,102",,ready_manifest,25.490196078431342,3.3961780540566755,OK,seed_manifest_intphys2_ltx13b_linear_mlp.csv
intphys2,ltx,LTX-13B,LTX-13B,mlp,id:33,33,noise_0.2_block_12,intphys2__ltx_video__mlp__slot_33,"101,102","42,101,102",3,"42,101,102",,ready_manifest,18.300653594771237,2.995147513043043,OK,seed_manifest_intphys2_ltx13b_linear_mlp.csv
intphys2,ltx,LTX-13B,LTX-13B,mlp,id:34,34,noise_0.2_block_24,intphys2__ltx_video__mlp__slot_34,"101,102","42,101,102",3,"42,101,102",,ready_manifest,45.09803921568625,3.396178054056604,OK,seed_manifest_intphys2_ltx13b_linear_mlp.csv
intphys2,ltx,LTX-13B,LTX-13B,mlp,id:35,35,noise_0.2_block_36,intphys2__ltx_video__mlp__slot_35,"101,102","42,101,102",3,"42,101,102",,ready_manifest,35.29411764705881,1.9607843137254937,OK,seed_manifest_intphys2_ltx13b_linear_mlp.csv
intphys2,ltx,LTX-13B,LTX-13B,mlp,id:36,36,noise_0.2_block_48,intphys2__ltx_video__mlp__slot_36,"101,102","42,101,102",3,"42,101,102",,ready_manifest,37.25490196078428,5.187747668754064,OK,seed_manifest_intphys2_ltx13b_linear_mlp.csv
intphys2,ltx,LTX-13B,LTX-13B,mlp,id:37,37,noise_0.1_block_12,intphys2__ltx_video__mlp__slot_37,"101,102","42,101,102",3,"42,101,102",,ready_manifest,29.41176470588234,1.9607843137254672,OK,seed_manifest_intphys2_ltx13b_linear_mlp.csv
intphys2,ltx,LTX-13B,LTX-13B,mlp,id:38,38,noise_0.1_block_24,intphys2__ltx_video__mlp__slot_38,"101,102","42,101,102",3,"42,101,102",,ready_manifest,44.444444444444414,2.2641187027044354,OK,seed_manifest_intphys2_ltx13b_linear_mlp.csv
intphys2,ltx,LTX-13B,LTX-13B,mlp,id:39,39,noise_0.1_block_36,intphys2__ltx_video__mlp__slot_39,"101,102","42,101,102",3,"42,101,102",,ready_manifest,41.17647058823527,3.396178054056598,OK,seed_manifest_intphys2_ltx13b_linear_mlp.csv
intphys2,ltx,LTX-13B,LTX-13B,mlp,id:4,4,noise_1.0_block_48,intphys2__ltx_video__mlp__slot_4,"101,102","42,101,102",3,"42,101,102",,ready_manifest,0.0,0.0,OK,seed_manifest_intphys2_ltx13b_linear_mlp.csv
intphys2,ltx,LTX-13B,LTX-13B,mlp,id:40,40,noise_0.1_block_48,intphys2__ltx_video__mlp__slot_40,"101,102","42,101,102",3,"42,101,102",,ready_manifest,18.954248366013065,4.081698038168895,OK,seed_manifest_intphys2_ltx13b_linear_mlp.csv
intphys2,ltx,LTX-13B,LTX-13B,mlp,id:5,5,noise_0.9_block_12,intphys2__ltx_video__mlp__slot_5,"101,102","42,101,102",3,"42,101,102",,ready_manifest,22.22222222222221,5.660296756761048,OK,seed_manifest_intphys2_ltx13b_linear_mlp.csv
intphys2,ltx,LTX-13B,LTX-13B,mlp,id:6,6,noise_0.9_block_24,intphys2__ltx_video__mlp__slot_6,"101,102","42,101,102",3,"42,101,102",,ready_manifest,15.686274509803916,1.9607843137254903,OK,seed_manifest_intphys2_ltx13b_linear_mlp.csv
intphys2,ltx,LTX-13B,LTX-13B,mlp,id:7,7,noise_0.9_block_36,intphys2__ltx_video__mlp__slot_7,"101,102","42,101,102",3,"42,101,102",,ready_manifest,32.679738562091494,2.99514751304302,OK,seed_manifest_intphys2_ltx13b_linear_mlp.csv
intphys2,ltx,LTX-13B,LTX-13B,mlp,id:8,8,noise_0.9_block_48,intphys2__ltx_video__mlp__slot_8,"101,102","42,101,102",3,"42,101,102",,ready_manifest,14.379084967320251,1.1320593513522157,OK,seed_manifest_intphys2_ltx13b_linear_mlp.csv
intphys2,ltx,LTX-13B,LTX-13B,mlp,id:9,9,noise_0.8_block_12,intphys2__ltx_video__mlp__slot_9,"101,102","42,101,102",3,"42,101,102",,ready_manifest,20.91503267973856,7.924415459465452,OK,seed_manifest_intphys2_ltx13b_linear_mlp.csv
intphys2,ltx,LTX-2B,LTX-2B,mlp,id:1,1,noise_1.0_block_7,intphys2__ltx__ltx_2b_0_9_8_distilled__mlp__slot_1,"101,102","42,101,102",3,"42,101,102",,ready_manifest,0.0,0.0,OK,seed_manifest_intphys2_ltx2b_linear_mlp.csv
intphys2,ltx,LTX-2B,LTX-2B,mlp,id:10,10,noise_0.8_block_14,intphys2__ltx__ltx_2b_0_9_8_distilled__mlp__slot_10,"101,102","42,101,102",3,"42,101,102",,ready_manifest,14.379084967320262,4.081698038168888,OK,seed_manifest_intphys2_ltx2b_linear_mlp.csv
intphys2,ltx,LTX-2B,LTX-2B,mlp,id:11,11,noise_0.8_block_21,intphys2__ltx__ltx_2b_0_9_8_distilled__mlp__slot_11,"101,102","42,101,102",3,"42,101,102",,ready_manifest,10.45751633986928,1.1320593513522064,OK,seed_manifest_intphys2_ltx2b_linear_mlp.csv
intphys2,ltx,LTX-2B,LTX-2B,mlp,id:12,12,noise_0.8_block_28,intphys2__ltx__ltx_2b_0_9_8_distilled__mlp__slot_12,"101,102","42,101,102",3,"42,101,102",,ready_manifest,18.954248366013072,2.264118702704416,OK,seed_manifest_intphys2_ltx2b_linear_mlp.csv
intphys2,ltx,LTX-2B,LTX-2B,mlp,id:13,13,noise_0.7_block_7,intphys2__ltx__ltx_2b_0_9_8_distilled__mlp__slot_13,"101,102","42,101,102",3,"42,101,102",,ready_manifest,13.0718954248366,4.528237405408829,OK,seed_manifest_intphys2_ltx2b_linear_mlp.csv
intphys2,ltx,LTX-2B,LTX-2B,mlp,id:14,14,noise_0.7_block_14,intphys2__ltx__ltx_2b_0_9_8_distilled__mlp__slot_14,"101,102","42,101,102",3,"42,101,102",,ready_manifest,16.33986928104575,4.934532310634476,OK,seed_manifest_intphys2_ltx2b_linear_mlp.csv
intphys2,ltx,LTX-2B,LTX-2B,mlp,id:15,15,noise_0.7_block_21,intphys2__ltx__ltx_2b_0_9_8_distilled__mlp__slot_15,"101,102","42,101,102",3,"42,101,102",,ready_manifest,15.68627450980392,1.9607843137254888,OK,seed_manifest_intphys2_ltx2b_linear_mlp.csv
intphys2,ltx,LTX-2B,LTX-2B,mlp,id:16,16,noise_0.7_block_28,intphys2__ltx__ltx_2b_0_9_8_distilled__mlp__slot_16,"101,102","42,101,102",3,"42,101,102",,ready_manifest,15.032679738562091,5.9902950260860655,OK,seed_manifest_intphys2_ltx2b_linear_mlp.csv
intphys2,ltx,LTX-2B,LTX-2B,mlp,id:17,17,noise_0.6_block_7,intphys2__ltx__ltx_2b_0_9_8_distilled__mlp__slot_17,"101,102","42,101,102",3,"42,101,102",,ready_manifest,13.0718954248366,4.934532310634478,OK,seed_manifest_intphys2_ltx2b_linear_mlp.csv
intphys2,ltx,LTX-2B,LTX-2B,mlp,id:18,18,noise_0.6_block_14,intphys2__ltx__ltx_2b_0_9_8_distilled__mlp__slot_18,"101,102","42,101,102",3,"42,101,102",,ready_manifest,19.607843137254903,1.960784313725492,OK,seed_manifest_intphys2_ltx2b_linear_mlp.csv
intphys2,ltx,LTX-2B,LTX-2B,mlp,id:19,19,noise_0.6_block_21,intphys2__ltx__ltx_2b_0_9_8_distilled__mlp__slot_19,"101,102","42,101,102",3,"42,101,102",,ready_manifest,9.15032679738562,7.92441545946545,OK,seed_manifest_intphys2_ltx2b_linear_mlp.csv
intphys2,ltx,LTX-2B,LTX-2B,mlp,id:2,2,noise_1.0_block_14,intphys2__ltx__ltx_2b_0_9_8_distilled__mlp__slot_2,"101,102","42,101,102",3,"42,101,102",,ready_manifest,0.0,0.0,OK,seed_manifest_intphys2_ltx2b_linear_mlp.csv
intphys2,ltx,LTX-2B,LTX-2B,mlp,id:20,20,noise_0.6_block_28,intphys2__ltx__ltx_2b_0_9_8_distilled__mlp__slot_20,"101,102","42,101,102",3,"42,101,102",,ready_manifest,15.68627450980392,3.3961780540566204,OK,seed_manifest_intphys2_ltx2b_linear_mlp.csv
intphys2,ltx,LTX-2B,LTX-2B,mlp,id:21,21,noise_0.5_block_7,intphys2__ltx__ltx_2b_0_9_8_distilled__mlp__slot_21,"101,102","42,101,102",3,"42,101,102",,ready_manifest,12.418300653594772,5.990295026086066,OK,seed_manifest_intphys2_ltx2b_linear_mlp.csv
intphys2,ltx,LTX-2B,LTX-2B,mlp,id:22,22,noise_0.5_block_14,intphys2__ltx__ltx_2b_0_9_8_distilled__mlp__slot_22,"101,102","42,101,102",3,"42,101,102",,ready_manifest,11.11111111111111,4.081698038168887,OK,seed_manifest_intphys2_ltx2b_linear_mlp.csv
intphys2,ltx,LTX-2B,LTX-2B,mlp,id:23,23,noise_0.5_block_21,intphys2__ltx__ltx_2b_0_9_8_distilled__mlp__slot_23,"101,102","42,101,102",3,"42,101,102",,ready_manifest,11.11111111111111,4.528237405408831,OK,seed_manifest_intphys2_ltx2b_linear_mlp.csv
intphys2,ltx,LTX-2B,LTX-2B,mlp,id:24,24,noise_0.5_block_28,intphys2__ltx__ltx_2b_0_9_8_distilled__mlp__slot_24,"101,102","42,101,102",3,"42,101,102",,ready_manifest,12.41830065359477,8.163396076337774,OK,seed_manifest_intphys2_ltx2b_linear_mlp.csv
intphys2,ltx,LTX-2B,LTX-2B,mlp,id:25,25,noise_0.4_block_7,intphys2__ltx__ltx_2b_0_9_8_distilled__mlp__slot_25,"101,102","42,101,102",3,"42,101,102",,ready_manifest,9.150326797385622,8.841666182005676,OK,seed_manifest_intphys2_ltx2b_linear_mlp.csv
intphys2,ltx,LTX-2B,LTX-2B,mlp,id:26,26,noise_0.4_block_14,intphys2__ltx__ltx_2b_0_9_8_distilled__mlp__slot_26,"101,102","42,101,102",3,"42,101,102",,ready_manifest,16.99346405228758,2.9951475130430314,OK,seed_manifest_intphys2_ltx2b_linear_mlp.csv
intphys2,ltx,LTX-2B,LTX-2B,mlp,id:27,27,noise_0.4_block_21,intphys2__ltx__ltx_2b_0_9_8_distilled__mlp__slot_27,"101,102","42,101,102",3,"42,101,102",,ready_manifest,22.875816993464053,2.264118702704414,OK,seed_manifest_intphys2_ltx2b_linear_mlp.csv
intphys2,ltx,LTX-2B,LTX-2B,mlp,id:28,28,noise_0.4_block_28,intphys2__ltx__ltx_2b_0_9_8_distilled__mlp__slot_28,"101,102","42,101,102",3,"42,101,102",,ready_manifest,15.686274509803924,3.3961780540566235,OK,seed_manifest_intphys2_ltx2b_linear_mlp.csv
intphys2,ltx,LTX-2B,LTX-2B,mlp,id:29,29,noise_0.3_block_7,intphys2__ltx__ltx_2b_0_9_8_distilled__mlp__slot_29,"101,102","42,101,102",3,"42,101,102",,ready_manifest,10.45751633986928,6.30303971306729,OK,seed_manifest_intphys2_ltx2b_linear_mlp.csv
intphys2,ltx,LTX-2B,LTX-2B,mlp,id:3,3,noise_1.0_block_21,intphys2__ltx__ltx_2b_0_9_8_distilled__mlp__slot_3,"101,102","42,101,102",3,"42,101,102",,ready_manifest,0.0,0.0,OK,seed_manifest_intphys2_ltx2b_linear_mlp.csv
intphys2,ltx,LTX-2B,LTX-2B,mlp,id:30,30,noise_0.3_block_14,intphys2__ltx__ltx_2b_0_9_8_distilled__mlp__slot_30,"101,102","42,101,102",3,"42,101,102",,ready_manifest,26.1437908496732,9.26630514951492,OK,seed_manifest_intphys2_ltx2b_linear_mlp.csv
intphys2,ltx,LTX-2B,LTX-2B,mlp,id:31,31,noise_0.3_block_21,intphys2__ltx__ltx_2b_0_9_8_distilled__mlp__slot_31,"101,102","42,101,102",3,"42,101,102",,ready_manifest,18.30065359477124,6.303039713067288,OK,seed_manifest_intphys2_ltx2b_linear_mlp.csv
intphys2,ltx,LTX-2B,LTX-2B,mlp,id:32,32,noise_0.3_block_28,intphys2__ltx__ltx_2b_0_9_8_distilled__mlp__slot_32,"101,102","42,101,102",3,"42,101,102",,ready_manifest,11.11111111111111,4.934532310634476,OK,seed_manifest_intphys2_ltx2b_linear_mlp.csv
intphys2,ltx,LTX-2B,LTX-2B,mlp,id:33,33,noise_0.2_block_7,intphys2__ltx__ltx_2b_0_9_8_distilled__mlp__slot_33,"101,102","42,101,102",3,"42,101,102",,ready_manifest,24.18300653594771,1.1320593513522077,OK,seed_manifest_intphys2_ltx2b_linear_mlp.csv
intphys2,ltx,LTX-2B,LTX-2B,mlp,id:34,34,noise_0.2_block_14,intphys2__ltx__ltx_2b_0_9_8_distilled__mlp__slot_34,"101,102","42,101,102",3,"42,101,102",,ready_manifest,24.18300653594771,7.423409602353302,OK,seed_manifest_intphys2_ltx2b_linear_mlp.csv
intphys2,ltx,LTX-2B,LTX-2B,mlp,id:35,35,noise_0.2_block_21,intphys2__ltx__ltx_2b_0_9_8_distilled__mlp__slot_35,"101,102","42,101,102",3,"42,101,102",,ready_manifest,22.22222222222222,4.081698038168888,OK,seed_manifest_intphys2_ltx2b_linear_mlp.csv
intphys2,ltx,LTX-2B,LTX-2B,mlp,id:36,36,noise_0.2_block_28,intphys2__ltx__ltx_2b_0_9_8_distilled__mlp__slot_36,"101,102","42,101,102",3,"42,101,102",,ready_manifest,18.30065359477124,2.264118702704415,OK,seed_manifest_intphys2_ltx2b_linear_mlp.csv
intphys2,ltx,LTX-2B,LTX-2B,mlp,id:37,37,noise_0.1_block_7,intphys2__ltx__ltx_2b_0_9_8_distilled__mlp__slot_37,"101,102","42,101,102",3,"42,101,102",,ready_manifest,11.111111111111112,2.2641187027044145,OK,seed_manifest_intphys2_ltx2b_linear_mlp.csv
intphys2,ltx,LTX-2B,LTX-2B,mlp,id:38,38,noise_0.1_block_14,intphys2__ltx__ltx_2b_0_9_8_distilled__mlp__slot_38,"101,102","42,101,102",3,"42,101,102",,ready_manifest,21.56862745098039,3.396178054056622,OK,seed_manifest_intphys2_ltx2b_linear_mlp.csv
intphys2,ltx,LTX-2B,LTX-2B,mlp,id:39,39,noise_0.1_block_21,intphys2__ltx__ltx_2b_0_9_8_distilled__mlp__slot_39,"101,102","42,101,102",3,"42,101,102",,ready_manifest,26.797385620915037,1.1320593513522086,OK,seed_manifest_intphys2_ltx2b_linear_mlp.csv
intphys2,ltx,LTX-2B,LTX-2B,mlp,id:4,4,noise_1.0_block_28,intphys2__ltx__ltx_2b_0_9_8_distilled__mlp__slot_4,"101,102","42,101,102",3,"42,101,102",,ready_manifest,0.0,0.0,OK,seed_manifest_intphys2_ltx2b_linear_mlp.csv
intphys2,ltx,LTX-2B,LTX-2B,mlp,id:40,40,noise_0.1_block_28,intphys2__ltx__ltx_2b_0_9_8_distilled__mlp__slot_40,"101,102","42,101,102",3,"42,101,102",,ready_manifest,16.99346405228758,2.9951475130430314,OK,seed_manifest_intphys2_ltx2b_linear_mlp.csv
intphys2,ltx,LTX-2B,LTX-2B,mlp,id:5,5,noise_0.9_block_7,intphys2__ltx__ltx_2b_0_9_8_distilled__mlp__slot_5,"101,102","42,101,102",3,"42,101,102",,ready_manifest,13.725490196078432,7.843137254901962,OK,seed_manifest_intphys2_ltx2b_linear_mlp.csv
intphys2,ltx,LTX-2B,LTX-2B,mlp,id:6,6,noise_0.9_block_14,intphys2__ltx__ltx_2b_0_9_8_distilled__mlp__slot_6,"101,102","42,101,102",3,"42,101,102",,ready_manifest,14.379084967320262,1.1320593513522064,OK,seed_manifest_intphys2_ltx2b_linear_mlp.csv
intphys2,ltx,LTX-2B,LTX-2B,mlp,id:7,7,noise_0.9_block_21,intphys2__ltx__ltx_2b_0_9_8_distilled__mlp__slot_7,"101,102","42,101,102",3,"42,101,102",,ready_manifest,14.379084967320262,4.081698038168887,OK,seed_manifest_intphys2_ltx2b_linear_mlp.csv
intphys2,ltx,LTX-2B,LTX-2B,mlp,id:8,8,noise_0.9_block_28,intphys2__ltx__ltx_2b_0_9_8_distilled__mlp__slot_8,"101,102","42,101,102",3,"42,101,102",,ready_manifest,20.91503267973856,6.303039713067289,OK,seed_manifest_intphys2_ltx2b_linear_mlp.csv
intphys2,ltx,LTX-2B,LTX-2B,mlp,id:9,9,noise_0.8_block_7,intphys2__ltx__ltx_2b_0_9_8_distilled__mlp__slot_9,"101,102","42,101,102",3,"42,101,102",,ready_manifest,18.30065359477124,4.934532310634475,OK,seed_manifest_intphys2_ltx2b_linear_mlp.csv
intphys2,main,V-JEPA,ViT-H/16,mlp,id:16,16,Layer 0.5,intphys2__jepa_v1__mlp__layer_16,"101,102","42,101,102",3,"42,101,102",,original,43.137255,1.960784,OK,seed_manifest_layerwise_main_linear_mlp_v1.csv
intphys2,main,V-JEPA,ViT-H/16,mlp,id:24,24,Layer 0.75,intphys2__jepa_v1__mlp__layer_24,"101,102","42,101,102",3,"42,101,102",,original,45.751634,1.13206,OK,seed_manifest_layerwise_main_linear_mlp_v1.csv;seed_manifest_main_linear_mlp_v1.csv
intphys2,main,V-JEPA,ViT-H/16,mlp,id:32,32,Final layer,intphys2__jepa_v1__mlp__layer_32,"101,102","42,101,102",3,"42,101,102",,original,45.098039,1.960785,OK,seed_manifest_layerwise_main_linear_mlp_v1.csv
intphys2,main,V-JEPA,ViT-H/16,mlp,id:8,8,Layer 0.25,intphys2__jepa_v1__mlp__layer_8,"101,102","42,101,102",3,"42,101,102",,original,20.261438,4.081698,OK,seed_manifest_layerwise_main_linear_mlp_v1.csv
intphys2,same_L,V-JEPA,ViT-L/16,mlp,id:12,12,12,intphys2__same_l__jepa_v1__vitl16_224__mlp__layer_12,"101,102","42,101,102",3,"42,101,102",,original,33.333333,1.960785,OK,seed_manifest_layerwise_same_l_linear_mlp_v1.csv
intphys2,same_L,V-JEPA,ViT-L/16,mlp,id:18,18,18,intphys2__same_l__jepa_v1__vitl16_224__mlp__layer_18,"101,102","42,101,102",3,"42,101,102",,original,50.326797,2.995147,OK,seed_manifest_layerwise_same_l_linear_mlp_v1.csv
intphys2,same_L,V-JEPA,ViT-L/16,mlp,id:24,24,24,intphys2__same_l__jepa_v1__vitl16_224__mlp__layer_24,"101,102","42,101,102",3,"42,101,102",,original,44.444444,4.934533,OK,seed_manifest_layerwise_same_l_linear_mlp_v1.csv
intphys2,same_L,V-JEPA,ViT-L/16,mlp,id:6,6,6,intphys2__same_l__jepa_v1__vitl16_224__mlp__layer_6,"101,102","42,101,102",3,"42,101,102",,original,26.797386,4.081698,OK,seed_manifest_layerwise_same_l_linear_mlp_v1.csv
intphys2,main,V-JEPA 2,ViT-G/16,mlp,id:10,10,Layer 0.25,intphys2__jepa_v2__mlp__layer_10,"101,102","42,101,102",3,"42,101,102",,original,15.686275,5.187747,OK,seed_manifest_layerwise_main_linear_mlp_v1.csv
intphys2,main,V-JEPA 2,ViT-G/16,mlp,id:20,20,Layer 0.5,intphys2__jepa_v2__mlp__layer_20,"101,102","42,101,102",3,"42,101,102",,original,23.529412,1.960785,OK,seed_manifest_layerwise_main_linear_mlp_v1.csv
intphys2,main,V-JEPA 2,ViT-G/16,mlp,id:30,30,Layer 0.75,intphys2__jepa_v2__mlp__layer_30,"101,102","42,101,102",3,"42,101,102",,original,54.248366,2.995148,OK,seed_manifest_layerwise_main_linear_mlp_v1.csv
intphys2,main,V-JEPA 2,ViT-G/16,mlp,id:40,40,Final layer,intphys2__jepa_v2__mlp__layer_40,"101,102","42,101,102",3,"42,101,102",,original,51.633987,4.081698,OK,seed_manifest_layerwise_main_linear_mlp_v1.csv;seed_manifest_main_linear_mlp_v1.csv
intphys2,main_layerwise_seed_pilot,V-JEPA 2,ViT-G/16,mlp,id:10,10,10,intphys2__jepa_v2__mlp__layer_10,"42,101,102","42,101,102",3,"42,101,102",,ready_manifest,15.686274509803924,5.1877476687541,OK,seed_manifest_jepa_v2_mlp_layerwise_v1.csv
intphys2,main_layerwise_seed_pilot,V-JEPA 2,ViT-G/16,mlp,id:20,20,20,intphys2__jepa_v2__mlp__layer_20,"42,101,102","42,101,102",3,"42,101,102",,ready_manifest,23.52941176470588,1.9607843137254888,OK,seed_manifest_jepa_v2_mlp_layerwise_v1.csv
intphys2,main_layerwise_seed_pilot,V-JEPA 2,ViT-G/16,mlp,id:30,30,30,intphys2__jepa_v2__mlp__layer_30,"42,101,102","42,101,102",3,"42,101,102",,ready_manifest,54.248366013071895,2.9951475130430336,OK,seed_manifest_jepa_v2_mlp_layerwise_v1.csv
intphys2,main_layerwise_seed_pilot,V-JEPA 2,ViT-G/16,mlp,id:40,40,40,intphys2__jepa_v2__mlp__layer_40,"42,101,102","42,101,102",3,"42,101,102",,ready_manifest,51.63398692810458,4.081698038168892,OK,seed_manifest_jepa_v2_mlp_layerwise_v1.csv
intphys2,same_L,V-JEPA 2,ViT-L/16,mlp,id:12,12,12,intphys2__same_l__jepa_v2__vitl_256__mlp__layer_12,"101,102","42,101,102",3,"42,101,102",,original,30.065359,2.995147,OK,seed_manifest_layerwise_same_l_linear_mlp_v1.csv
intphys2,same_L,V-JEPA 2,ViT-L/16,mlp,id:18,18,18,intphys2__same_l__jepa_v2__vitl_256__mlp__layer_18,"101,102","42,101,102",3,"42,101,102",,original,52.287582,2.995147,OK,seed_manifest_layerwise_same_l_linear_mlp_v1.csv
intphys2,same_L,V-JEPA 2,ViT-L/16,mlp,id:24,24,24,intphys2__same_l__jepa_v2__vitl_256__mlp__layer_24,"101,102","42,101,102",3,"42,101,102",,original,35.947713,1.132059,OK,seed_manifest_layerwise_same_l_linear_mlp_v1.csv
intphys2,same_L,V-JEPA 2,ViT-L/16,mlp,id:6,6,6,intphys2__same_l__jepa_v2__vitl_256__mlp__layer_6,"101,102","42,101,102",3,"42,101,102",,original,21.568627,1.960785,OK,seed_manifest_layerwise_same_l_linear_mlp_v1.csv
intphys2,backbone_sweep,V-JEPA 2.1,ViT-B/16,mlp,id:12,12,12,intphys2__backbone_sweep__jepa_v2_1__vitb_384__mlp__layer_12,"101,102","42,101,102",3,"42,101,102",,original,49.019608,3.396178,OK,seed_manifest_layerwise_backbone_sweep_linear_mlp_v1.csv
intphys2,backbone_sweep,V-JEPA 2.1,ViT-B/16,mlp,id:3,3,3,intphys2__backbone_sweep__jepa_v2_1__vitb_384__mlp__layer_3,"101,102","42,101,102",3,"42,101,102",,original,26.143791,1.132059,OK,seed_manifest_layerwise_backbone_sweep_linear_mlp_v1.csv
intphys2,backbone_sweep,V-JEPA 2.1,ViT-B/16,mlp,id:6,6,6,intphys2__backbone_sweep__jepa_v2_1__vitb_384__mlp__layer_6,"101,102","42,101,102",3,"42,101,102",,original,22.875817,2.995148,OK,seed_manifest_layerwise_backbone_sweep_linear_mlp_v1.csv
intphys2,backbone_sweep,V-JEPA 2.1,ViT-B/16,mlp,id:9,9,9,intphys2__backbone_sweep__jepa_v2_1__vitb_384__mlp__layer_9,"101,102","42,101,102",3,"42,101,102",,original,49.673202,9.869065,OK,seed_manifest_layerwise_backbone_sweep_linear_mlp_v1.csv
intphys2,backbone_sweep,V-JEPA 2.1,ViT-G/16,mlp,id:10,10,10,intphys2__backbone_sweep__jepa_v2_1__vitg_384__mlp__layer_10,"101,102","42,101,102",3,"42,101,102",,original,15.686275,1.960785,OK,seed_manifest_layerwise_backbone_sweep_linear_mlp_v1.csv
intphys2,backbone_sweep,V-JEPA 2.1,ViT-G/16,mlp,id:20,20,20,intphys2__backbone_sweep__jepa_v2_1__vitg_384__mlp__layer_20,"101,102","42,101,102",3,"42,101,102",,original,39.869281,2.264119,OK,seed_manifest_layerwise_backbone_sweep_linear_mlp_v1.csv
intphys2,backbone_sweep,V-JEPA 2.1,ViT-G/16,mlp,id:30,30,30,intphys2__backbone_sweep__jepa_v2_1__vitg_384__mlp__layer_30,"101,102","42,101,102",3,"42,101,102",,original,36.601307,2.264118,OK,seed_manifest_layerwise_backbone_sweep_linear_mlp_v1.csv
intphys2,backbone_sweep,V-JEPA 2.1,ViT-G/16,mlp,id:40,40,40,intphys2__backbone_sweep__jepa_v2_1__vitg_384__mlp__layer_40,"101,102","42,101,102",3,"42,101,102",,original,41.176471,1.960785,OK,seed_manifest_layerwise_backbone_sweep_linear_mlp_v1.csv
intphys2,main,V-JEPA 2.1,ViT-Gigantic/16,mlp,id:12,12,Layer 0.25,intphys2__jepa_v2_1__mlp__layer_12,"101,102","42,101,102",3,"42,101,102",,original,20.915033,4.934532,OK,seed_manifest_layerwise_main_linear_mlp_v1.csv
intphys2,main,V-JEPA 2.1,ViT-Gigantic/16,mlp,id:24,24,Layer 0.5,intphys2__jepa_v2_1__mlp__layer_24,"101,102","42,101,102",3,"42,101,102",,original,19.607843,1.960784,OK,seed_manifest_layerwise_main_linear_mlp_v1.csv
intphys2,main,V-JEPA 2.1,ViT-Gigantic/16,mlp,id:38,38,Layer 0.75,intphys2__jepa_v2_1__mlp__layer_38,"101,102","42,101,102",3,"42,101,102",,original,39.869281,2.995148,OK,seed_manifest_layerwise_main_linear_mlp_v1.csv;seed_manifest_main_linear_mlp_v1.csv
intphys2,main,V-JEPA 2.1,ViT-Gigantic/16,mlp,id:48,48,Final layer,intphys2__jepa_v2_1__mlp__layer_48,"101,102","42,101,102",3,"42,101,102",,original,39.869281,4.528237,OK,seed_manifest_layerwise_main_linear_mlp_v1.csv
intphys2,same_L,V-JEPA 2.1,ViT-L/16,mlp,id:12,12,12,intphys2__same_l__jepa_v2_1__vitl_384__mlp__layer_12,"101,102","42,101,102",3,"42,101,102",,original,38.562092,2.995147,OK,seed_manifest_layerwise_same_l_linear_mlp_v1.csv
intphys2,same_L,V-JEPA 2.1,ViT-L/16,mlp,id:18,18,18,intphys2__same_l__jepa_v2_1__vitl_384__mlp__layer_18,"101,102","42,101,102",3,"42,101,102",,original,51.633987,2.995148,OK,seed_manifest_layerwise_same_l_linear_mlp_v1.csv
intphys2,same_L,V-JEPA 2.1,ViT-L/16,mlp,id:24,24,24,intphys2__same_l__jepa_v2_1__vitl_384__mlp__layer_24,"101,102","42,101,102",3,"42,101,102",,original,32.679738,1.132059,OK,seed_manifest_layerwise_same_l_linear_mlp_v1.csv
intphys2,same_L,V-JEPA 2.1,ViT-L/16,mlp,id:6,6,6,intphys2__same_l__jepa_v2_1__vitl_384__mlp__layer_6,"101,102","42,101,102",3,"42,101,102",,original,13.72549,3.921569,OK,seed_manifest_layerwise_same_l_linear_mlp_v1.csv
intphys2,main,VideoMAE,ViT-H/16,mlp,id:16,16,Layer 0.5,intphys2__videomae__mlp__layer_16,"101,102","42,101,102",3,"42,101,102",,original,31.372549,3.396178,OK,seed_manifest_layerwise_main_linear_mlp_v1.csv
intphys2,main,VideoMAE,ViT-H/16,mlp,id:24,24,Layer 0.75,intphys2__videomae__mlp__layer_24,"101,102","42,101,102",3,"42,101,102",,original,35.294118,5.882353,OK,seed_manifest_layerwise_main_linear_mlp_v1.csv;seed_manifest_main_linear_mlp_v1.csv
intphys2,main,VideoMAE,ViT-H/16,mlp,id:32,32,Final layer,intphys2__videomae__mlp__layer_32,"101,102","42,101,102",3,"42,101,102",,original,31.372549,1.960784,OK,seed_manifest_layerwise_main_linear_mlp_v1.csv
intphys2,main,VideoMAE,ViT-H/16,mlp,id:8,8,Layer 0.25,intphys2__videomae__mlp__layer_8,"101,102","42,101,102",3,"42,101,102",,original,15.03268,2.264119,OK,seed_manifest_layerwise_main_linear_mlp_v1.csv
intphys2,same_L,VideoMAE,ViT-L/16,mlp,id:12,12,12,intphys2__same_l__videomae__vit_large_16_224__mlp__layer_12,"101,102","42,101,102",3,"42,101,102",,original,36.601307,2.264118,OK,seed_manifest_layerwise_same_l_linear_mlp_v1.csv
intphys2,same_L,VideoMAE,ViT-L/16,mlp,id:18,18,18,intphys2__same_l__videomae__vit_large_16_224__mlp__layer_18,"101,102","42,101,102",3,"42,101,102",,original,42.48366,2.264118,OK,seed_manifest_layerwise_same_l_linear_mlp_v1.csv
intphys2,same_L,VideoMAE,ViT-L/16,mlp,id:24,24,24,intphys2__same_l__videomae__vit_large_16_224__mlp__layer_24,"101,102","42,101,102",3,"42,101,102",,original,40.522876,2.995148,OK,seed_manifest_layerwise_same_l_linear_mlp_v1.csv
intphys2,same_L,VideoMAE,ViT-L/16,mlp,id:6,6,6,intphys2__same_l__videomae__vit_large_16_224__mlp__layer_6,"101,102","42,101,102",3,"42,101,102",,original,24.836601,4.081698,OK,seed_manifest_layerwise_same_l_linear_mlp_v1.csv
intphys2,backbone_sweep,VideoMAE-v2,ViT-B/16,mlp,id:12,12,12,intphys2__backbone_sweep__videomae_v2__vit_base_16_224__mlp__layer_12,"101,102","42,101,102",3,"42,101,102",,original,29.411765,3.921569,OK,seed_manifest_layerwise_backbone_sweep_linear_mlp_v1.csv
intphys2,backbone_sweep,VideoMAE-v2,ViT-B/16,mlp,id:3,3,3,intphys2__backbone_sweep__videomae_v2__vit_base_16_224__mlp__layer_3,"101,102","42,101,102",3,"42,101,102",,original,9.803922,3.921569,OK,seed_manifest_layerwise_backbone_sweep_linear_mlp_v1.csv
intphys2,backbone_sweep,VideoMAE-v2,ViT-B/16,mlp,id:6,6,6,intphys2__backbone_sweep__videomae_v2__vit_base_16_224__mlp__layer_6,"101,102","42,101,102",3,"42,101,102",,original,18.300654,8.163396,OK,seed_manifest_layerwise_backbone_sweep_linear_mlp_v1.csv
intphys2,backbone_sweep,VideoMAE-v2,ViT-B/16,mlp,id:9,9,9,intphys2__backbone_sweep__videomae_v2__vit_base_16_224__mlp__layer_9,"101,102","42,101,102",3,"42,101,102",,original,37.908497,2.264118,OK,seed_manifest_layerwise_backbone_sweep_linear_mlp_v1.csv
intphys2,main,VideoMAE-v2,ViT-G/16,mlp,id:10,10,Layer 0.25,intphys2__videomae_v2__mlp__layer_10,"101,102","42,101,102",3,"42,101,102",,original,33.333333,1.960785,OK,seed_manifest_layerwise_main_linear_mlp_v1.csv
intphys2,main,VideoMAE-v2,ViT-G/16,mlp,id:20,20,Layer 0.5,intphys2__videomae_v2__mlp__layer_20,"101,102","42,101,102",3,"42,101,102",,original,47.712418,2.995147,OK,seed_manifest_layerwise_main_linear_mlp_v1.csv;seed_manifest_main_linear_mlp_v1.csv
intphys2,main,VideoMAE-v2,ViT-G/16,mlp,id:30,30,Layer 0.75,intphys2__videomae_v2__mlp__layer_30,"101,102","42,101,102",3,"42,101,102",,original,46.405229,1.13206,OK,seed_manifest_layerwise_main_linear_mlp_v1.csv
intphys2,main,VideoMAE-v2,ViT-G/16,mlp,id:40,40,Final layer,intphys2__videomae_v2__mlp__layer_40,"101,102","42,101,102",3,"42,101,102",,original,39.215686,5.187747,OK,seed_manifest_layerwise_main_linear_mlp_v1.csv
intphys2,same_L,VideoMAE-v2,ViT-L/16,mlp,id:12,12,12,intphys2__same_l__videomae_v2__vit_large_16_224__mlp__layer_12,"101,102","42,101,102",3,"42,101,102",,original,50.326797,2.995147,OK,seed_manifest_layerwise_same_l_linear_mlp_v1.csv
intphys2,same_L,VideoMAE-v2,ViT-L/16,mlp,id:18,18,18,intphys2__same_l__videomae_v2__vit_large_16_224__mlp__layer_18,"101,102","42,101,102",3,"42,101,102",,original,35.947713,1.132059,OK,seed_manifest_layerwise_same_l_linear_mlp_v1.csv
intphys2,same_L,VideoMAE-v2,ViT-L/16,mlp,id:24,24,24,intphys2__same_l__videomae_v2__vit_large_16_224__mlp__layer_24,"101,102","42,101,102",3,"42,101,102",,original,31.372549,3.396178,OK,seed_manifest_layerwise_same_l_linear_mlp_v1.csv
intphys2,same_L,VideoMAE-v2,ViT-L/16,mlp,id:6,6,6,intphys2__same_l__videomae_v2__vit_large_16_224__mlp__layer_6,"101,102","42,101,102",3,"42,101,102",,original,24.183006,4.081698,OK,seed_manifest_layerwise_same_l_linear_mlp_v1.csv
intphys2,ltx,LTX-13B,LTX-13B,temporal_attn,id:34,34,34,intphys2__ltx__ltx_video__ltx_13b__temporal_attn__layer_34,"101,102","42,101,102",3,"42,101,102",,ready_manifest,48.36601307189542,6.886048204478918,OK,seed_manifest_intphys2_ltx13b_attentive.csv
intphys2,ltx,LTX-13B,LTX-13B,temporal_attn,id:36,36,36,intphys2__ltx__ltx_video__ltx_13b__temporal_attn__layer_36,"101,102","42,101,102",3,"42,101,102",,ready_manifest,44.44444444444444,4.081698038168886,OK,seed_manifest_intphys2_ltx13b_attentive.csv
intphys2,ltx,LTX-13B,LTX-13B,temporal_attn,id:38,38,38,intphys2__ltx__ltx_video__ltx_13b__temporal_attn__layer_38,"101,102","42,101,102",3,"42,101,102",,ready_manifest,44.44444444444444,2.9951475130430336,OK,seed_manifest_intphys2_ltx13b_attentive.csv
intphys2,ltx,LTX-13B,LTX-13B,temporal_attn,id:39,39,39,intphys2__ltx__ltx_video__ltx_13b__temporal_attn__layer_39,"101,102","42,101,102",3,"42,101,102",,ready_manifest,45.09803921568628,1.9607843137254832,OK,seed_manifest_intphys2_ltx13b_attentive.csv
intphys2,ltx,LTX-2B,LTX-2B,temporal_attn,id:34,34,34,intphys2__ltx__ltx_video__ltx_2b__temporal_attn__layer_34,"101,102","42,101,102",3,"42,101,102",,ready_manifest,20.91503267973856,9.266305149514915,OK,seed_manifest_intphys2_ltx2b_attentive.csv
intphys2,ltx,LTX-2B,LTX-2B,temporal_attn,id:36,36,36,intphys2__ltx__ltx_video__ltx_2b__temporal_attn__layer_36,"101,102","42,101,102",3,"42,101,102",,ready_manifest,29.411764705882355,5.187747668754105,OK,seed_manifest_intphys2_ltx2b_attentive.csv
intphys2,ltx,LTX-2B,LTX-2B,temporal_attn,id:38,38,38,intphys2__ltx__ltx_video__ltx_2b__temporal_attn__layer_38,"101,102","42,101,102",3,"42,101,102",,ready_manifest,15.686274509803924,5.88235294117647,OK,seed_manifest_intphys2_ltx2b_attentive.csv
intphys2,ltx,LTX-2B,LTX-2B,temporal_attn,id:39,39,39,intphys2__ltx__ltx_video__ltx_2b__temporal_attn__layer_39,"101,102","42,101,102",3,"42,101,102",,ready_manifest,28.10457516339869,2.264118702704419,OK,seed_manifest_intphys2_ltx2b_attentive.csv
intphys2,main,V-JEPA,ViT-H/16,temporal_attn,id:16,16,16,intphys2__main__v_jepa__vit_h_16__temporal_attn__layer_16,"101,102","42,101,102",3,"42,101,102",,attentive_continuation,64.71,5.19,OK,seed_manifest_layerwise_main_attentive_intphys2_v1.csv
intphys2,main,V-JEPA,ViT-H/16,temporal_attn,id:24,24,24,intphys2__main__v_jepa__vit_h_16__temporal_attn__layer_24,"101,102","42,101,102",3,"42,101,102",,attentive_continuation,58.82,5.88,OK,seed_manifest_layerwise_main_attentive_intphys2_v1.csv
intphys2,main,V-JEPA,ViT-H/16,temporal_attn,id:32,32,32,intphys2__main__v_jepa__vit_h_16__temporal_attn__layer_32,"101,102","42,101,102",3,"42,101,102",,attentive_continuation,56.86,3.92,OK,seed_manifest_layerwise_main_attentive_intphys2_v1.csv
intphys2,main,V-JEPA,ViT-H/16,temporal_attn,id:8,8,8,intphys2__main__v_jepa__vit_h_16__temporal_attn__layer_8,"101,102","42,101,102",3,"42,101,102",,attentive_continuation,9.8,7.84,OK,seed_manifest_layerwise_main_attentive_intphys2_v1.csv
intphys2,same_L,V-JEPA,ViT-L/16,temporal_attn,id:12,12,12,intphys2__same_l__v_jepa__vit_l_16__temporal_attn__layer_12,"101,102","42,101,102",3,"42,101,102",,attentive_continuation,64.71,1.96,OK,seed_manifest_layerwise_same_l_attentive_v1.csv
intphys2,same_L,V-JEPA,ViT-L/16,temporal_attn,id:18,18,18,intphys2__same_l__v_jepa__vit_l_16__temporal_attn__layer_18,"101,102","42,101,102",3,"42,101,102",,attentive_continuation,72.55,3.4,OK,seed_manifest_layerwise_same_l_attentive_v1.csv
intphys2,same_L,V-JEPA,ViT-L/16,temporal_attn,id:24,24,24,intphys2__same_l__v_jepa__vit_l_16__temporal_attn__layer_24,"101,102","42,101,102",3,"42,101,102",,attentive_continuation,58.17,6.3,OK,seed_manifest_layerwise_same_l_attentive_v1.csv
intphys2,same_L,V-JEPA,ViT-L/16,temporal_attn,id:6,6,6,intphys2__same_l__v_jepa__vit_l_16__temporal_attn__layer_6,"101,102","42,101,102",3,"42,101,102",,attentive_continuation,15.03,1.13,OK,seed_manifest_layerwise_same_l_attentive_v1.csv
intphys2,main,V-JEPA 2,ViT-G/16,temporal_attn,id:10,10,10,intphys2__main__v_jepa_2__vit_g_16__temporal_attn__layer_10,"101,102","42,101,102",3,"42,101,102",,attentive_continuation,5.88,3.4,OK,seed_manifest_layerwise_main_attentive_intphys2_v1.csv
intphys2,main,V-JEPA 2,ViT-G/16,temporal_attn,id:20,20,20,intphys2__main__v_jepa_2__vit_g_16__temporal_attn__layer_20,"101,102","42,101,102",3,"42,101,102",,attentive_continuation,11.11,5.99,OK,seed_manifest_layerwise_main_attentive_intphys2_v1.csv
intphys2,main,V-JEPA 2,ViT-G/16,temporal_attn,id:30,30,30,intphys2__main__v_jepa_2__vit_g_16__temporal_attn__layer_30,"101,102","42,101,102",3,"42,101,102",,attentive_continuation,55.56,1.13,OK,seed_manifest_layerwise_main_attentive_intphys2_v1.csv
intphys2,main,V-JEPA 2,ViT-G/16,temporal_attn,id:40,40,40,intphys2__main__v_jepa_2__vit_g_16__temporal_attn__layer_40,"101,102","42,101,102",3,"42,101,102",,attentive_continuation,66.01,11.82,OK,seed_manifest_layerwise_main_attentive_intphys2_v1.csv
intphys2,same_L,V-JEPA 2,ViT-L/16,temporal_attn,id:12,12,12,intphys2__same_l__v_jepa_2__vit_l_16__temporal_attn__layer_12,"101,102","42,101,102",3,"42,101,102",,attentive_continuation,54.25,7.42,OK,seed_manifest_layerwise_same_l_attentive_v1.csv
intphys2,same_L,V-JEPA 2,ViT-L/16,temporal_attn,id:18,18,18,intphys2__same_l__v_jepa_2__vit_l_16__temporal_attn__layer_18,"101,102","42,101,102",3,"42,101,102",,attentive_continuation,64.71,5.88,OK,seed_manifest_layerwise_same_l_attentive_v1.csv
intphys2,same_L,V-JEPA 2,ViT-L/16,temporal_attn,id:24,24,24,intphys2__same_l__v_jepa_2__vit_l_16__temporal_attn__layer_24,"101,102","42,101,102",3,"42,101,102",,attentive_continuation,60.78,3.4,OK,seed_manifest_layerwise_same_l_attentive_v1.csv
intphys2,same_L,V-JEPA 2,ViT-L/16,temporal_attn,id:6,6,6,intphys2__same_l__v_jepa_2__vit_l_16__temporal_attn__layer_6,"101,102","42,101,102",3,"42,101,102",,attentive_continuation,20.92,5.99,OK,seed_manifest_layerwise_same_l_attentive_v1.csv
intphys2,backbone_sweep,V-JEPA 2.1,ViT-B/16,temporal_attn,id:12,12,12,intphys2__backbone_sweep__v_jepa_2_1__vit_b_16__temporal_attn__layer_12,"101,102","42,101,102",3,"42,101,102",,attentive_continuation,52.29,7.92,OK,seed_manifest_layerwise_backbone_sweep_attentive_v1.csv
intphys2,backbone_sweep,V-JEPA 2.1,ViT-B/16,temporal_attn,id:3,3,3,intphys2__backbone_sweep__v_jepa_2_1__vit_b_16__temporal_attn__layer_3,"101,102","42,101,102",3,"42,101,102",,attentive_continuation,11.11,3.0,OK,seed_manifest_layerwise_backbone_sweep_attentive_v1.csv
intphys2,backbone_sweep,V-JEPA 2.1,ViT-B/16,temporal_attn,id:6,6,6,intphys2__backbone_sweep__v_jepa_2_1__vit_b_16__temporal_attn__layer_6,"101,102","42,101,102",3,"42,101,102",,attentive_continuation,16.99,4.53,OK,seed_manifest_layerwise_backbone_sweep_attentive_v1.csv
intphys2,backbone_sweep,V-JEPA 2.1,ViT-B/16,temporal_attn,id:9,9,9,intphys2__backbone_sweep__v_jepa_2_1__vit_b_16__temporal_attn__layer_9,"101,102","42,101,102",3,"42,101,102",,attentive_continuation,55.56,3.0,OK,seed_manifest_layerwise_backbone_sweep_attentive_v1.csv
intphys2,backbone_sweep,V-JEPA 2.1,ViT-G/16,temporal_attn,id:10,10,10,intphys2__backbone_sweep__v_jepa_2_1__vit_g_16__temporal_attn__layer_10,"101,102","42,101,102",3,"42,101,102",,attentive_continuation,24.18,7.92,OK,seed_manifest_layerwise_backbone_sweep_attentive_v1.csv
intphys2,backbone_sweep,V-JEPA 2.1,ViT-G/16,temporal_attn,id:20,20,20,intphys2__backbone_sweep__v_jepa_2_1__vit_g_16__temporal_attn__layer_20,"101,102","42,101,102",3,"42,101,102",,attentive_continuation,41.83,4.53,OK,seed_manifest_layerwise_backbone_sweep_attentive_v1.csv
intphys2,backbone_sweep,V-JEPA 2.1,ViT-G/16,temporal_attn,id:30,30,30,intphys2__backbone_sweep__v_jepa_2_1__vit_g_16__temporal_attn__layer_30,"101,102","42,101,102",3,"42,101,102",,attentive_continuation,56.21,5.66,OK,seed_manifest_layerwise_backbone_sweep_attentive_v1.csv
intphys2,backbone_sweep,V-JEPA 2.1,ViT-G/16,temporal_attn,id:40,40,40,intphys2__backbone_sweep__v_jepa_2_1__vit_g_16__temporal_attn__layer_40,"101,102","42,101,102",3,"42,101,102",,attentive_continuation,65.36,4.08,OK,seed_manifest_layerwise_backbone_sweep_attentive_v1.csv
intphys2,main,V-JEPA 2.1,ViT-Gigantic/16,temporal_attn,id:12,12,12,intphys2__main__v_jepa_2_1__vit_gigantic_16__temporal_attn__layer_12,"101,102","42,101,102",3,"42,101,102",,attentive_continuation,17.65,5.19,OK,seed_manifest_layerwise_main_attentive_intphys2_v1.csv
intphys2,main,V-JEPA 2.1,ViT-Gigantic/16,temporal_attn,id:24,24,24,intphys2__main__v_jepa_2_1__vit_gigantic_16__temporal_attn__layer_24,"101,102","42,101,102",3,"42,101,102",,attentive_continuation,50.98,1.96,OK,seed_manifest_layerwise_main_attentive_intphys2_v1.csv
intphys2,main,V-JEPA 2.1,ViT-Gigantic/16,temporal_attn,id:38,38,38,intphys2__main__v_jepa_2_1__vit_gigantic_16__temporal_attn__layer_38,"101,102","42,101,102",3,"42,101,102",,attentive_continuation,58.82,5.19,OK,seed_manifest_layerwise_main_attentive_intphys2_v1.csv
intphys2,main,V-JEPA 2.1,ViT-Gigantic/16,temporal_attn,id:48,48,48,intphys2__main__v_jepa_2_1__vit_gigantic_16__temporal_attn__layer_48,"101,102","42,101,102",3,"42,101,102",,attentive_continuation,58.82,1.96,OK,seed_manifest_layerwise_main_attentive_intphys2_v1.csv
intphys2,same_L,V-JEPA 2.1,ViT-L/16,temporal_attn,id:12,12,12,intphys2__same_l__v_jepa_2_1__vit_l_16__temporal_attn__layer_12,"101,102","42,101,102",3,"42,101,102",,attentive_continuation,15.03,2.26,OK,seed_manifest_layerwise_same_l_attentive_v1.csv
intphys2,same_L,V-JEPA 2.1,ViT-L/16,temporal_attn,id:18,18,18,intphys2__same_l__v_jepa_2_1__vit_l_16__temporal_attn__layer_18,"101,102","42,101,102",3,"42,101,102",,attentive_continuation,56.86,3.92,OK,seed_manifest_layerwise_same_l_attentive_v1.csv
intphys2,same_L,V-JEPA 2.1,ViT-L/16,temporal_attn,id:24,24,24,intphys2__same_l__v_jepa_2_1__vit_l_16__temporal_attn__layer_24,"101,102","42,101,102",3,"42,101,102",,attentive_continuation,67.32,8.84,OK,seed_manifest_layerwise_same_l_attentive_v1.csv
intphys2,same_L,V-JEPA 2.1,ViT-L/16,temporal_attn,id:6,6,6,intphys2__same_l__v_jepa_2_1__vit_l_16__temporal_attn__layer_6,"101,102","42,101,102",3,"42,101,102",,attentive_continuation,9.15,7.42,OK,seed_manifest_layerwise_same_l_attentive_v1.csv
intphys2,main,VideoMAE,ViT-H/16,temporal_attn,id:16,16,16,intphys2__main__videomae__vit_h_16__temporal_attn__layer_16,"101,102","42,101,102",3,"42,101,102",,attentive_continuation,56.86,3.4,OK,seed_manifest_layerwise_main_attentive_intphys2_v1.csv
intphys2,main,VideoMAE,ViT-H/16,temporal_attn,id:24,24,24,intphys2__main__videomae__vit_h_16__temporal_attn__layer_24,"101,102","42,101,102",3,"42,101,102",,attentive_continuation,73.86,4.53,OK,seed_manifest_layerwise_main_attentive_intphys2_v1.csv
intphys2,main,VideoMAE,ViT-H/16,temporal_attn,id:32,32,32,intphys2__main__videomae__vit_h_16__temporal_attn__layer_32,"101,102","42,101,102",3,"42,101,102",,attentive_continuation,37.25,3.92,OK,seed_manifest_layerwise_main_attentive_intphys2_v1.csv
intphys2,main,VideoMAE,ViT-H/16,temporal_attn,id:8,8,8,intphys2__main__videomae__vit_h_16__temporal_attn__layer_8,"101,102","42,101,102",3,"42,101,102",,attentive_continuation,18.95,4.93,OK,seed_manifest_layerwise_main_attentive_intphys2_v1.csv
intphys2,same_L,VideoMAE,ViT-L/16,temporal_attn,id:12,12,12,intphys2__same_l__videomae__vit_l_16__temporal_attn__layer_12,"101,102","42,101,102",3,"42,101,102",,attentive_continuation,2.61,4.53,OK,seed_manifest_layerwise_same_l_attentive_v1.csv
intphys2,same_L,VideoMAE,ViT-L/16,temporal_attn,id:18,18,18,intphys2__same_l__videomae__vit_l_16__temporal_attn__layer_18,"101,102","42,101,102",3,"42,101,102",,attentive_continuation,60.13,6.3,OK,seed_manifest_layerwise_same_l_attentive_v1.csv
intphys2,same_L,VideoMAE,ViT-L/16,temporal_attn,id:24,24,24,intphys2__same_l__videomae__vit_l_16__temporal_attn__layer_24,"101,102","42,101,102",3,"42,101,102",,attentive_continuation,69.93,4.08,OK,seed_manifest_layerwise_same_l_attentive_v1.csv
intphys2,same_L,VideoMAE,ViT-L/16,temporal_attn,id:6,6,6,intphys2__same_l__videomae__vit_l_16__temporal_attn__layer_6,"101,102","42,101,102",3,"42,101,102",,attentive_continuation,10.46,6.3,OK,seed_manifest_layerwise_same_l_attentive_v1.csv
intphys2,backbone_sweep,VideoMAE-v2,ViT-B/16,temporal_attn,id:12,12,12,intphys2__backbone_sweep__videomae_v2__vit_b_16__temporal_attn__layer_12,"101,102","42,101,102",3,"42,101,102",,attentive_continuation,36.6,6.89,OK,seed_manifest_layerwise_backbone_sweep_attentive_v1.csv
intphys2,backbone_sweep,VideoMAE-v2,ViT-B/16,temporal_attn,id:3,3,3,intphys2__backbone_sweep__videomae_v2__vit_b_16__temporal_attn__layer_3,"101,102","42,101,102",3,"42,101,102",,attentive_continuation,13.73,5.19,OK,seed_manifest_layerwise_backbone_sweep_attentive_v1.csv
intphys2,backbone_sweep,VideoMAE-v2,ViT-B/16,temporal_attn,id:6,6,6,intphys2__backbone_sweep__videomae_v2__vit_b_16__temporal_attn__layer_6,"101,102","42,101,102",3,"42,101,102",,attentive_continuation,45.75,4.53,OK,seed_manifest_layerwise_backbone_sweep_attentive_v1.csv
intphys2,backbone_sweep,VideoMAE-v2,ViT-B/16,temporal_attn,id:9,9,9,intphys2__backbone_sweep__videomae_v2__vit_b_16__temporal_attn__layer_9,"101,102","42,101,102",3,"42,101,102",,attentive_continuation,56.21,4.08,OK,seed_manifest_layerwise_backbone_sweep_attentive_v1.csv
intphys2,main,VideoMAE-v2,ViT-G/16,temporal_attn,id:10,10,10,intphys2__main__videomae_v2__vit_g_16__temporal_attn__layer_10,"101,102","42,101,102",3,"42,101,102",,attentive_continuation,22.88,3.0,OK,seed_manifest_layerwise_main_attentive_intphys2_v1.csv
intphys2,main,VideoMAE-v2,ViT-G/16,temporal_attn,id:20,20,20,intphys2__main__videomae_v2__vit_g_16__temporal_attn__layer_20,"101,102","42,101,102",3,"42,101,102",,attentive_continuation,58.82,6.79,OK,seed_manifest_layerwise_main_attentive_intphys2_v1.csv
intphys2,main,VideoMAE-v2,ViT-G/16,temporal_attn,id:30,30,30,intphys2__main__videomae_v2__vit_g_16__temporal_attn__layer_30,"101,102","42,101,102",3,"42,101,102",,attentive_continuation,52.94,16.75,OK,seed_manifest_layerwise_main_attentive_intphys2_v1.csv
intphys2,main,VideoMAE-v2,ViT-G/16,temporal_attn,id:40,40,40,intphys2__main__videomae_v2__vit_g_16__temporal_attn__layer_40,"101,102","42,101,102",3,"42,101,102",,attentive_continuation,41.18,7.84,OK,seed_manifest_layerwise_main_attentive_intphys2_v1.csv
intphys2,same_L,VideoMAE-v2,ViT-L/16,temporal_attn,id:12,12,12,intphys2__same_l__videomae_v2__vit_l_16__temporal_attn__layer_12,"101,102","42,101,102",3,"42,101,102",,attentive_continuation,49.02,3.4,OK,seed_manifest_layerwise_same_l_attentive_v1.csv
intphys2,same_L,VideoMAE-v2,ViT-L/16,temporal_attn,id:18,18,18,intphys2__same_l__videomae_v2__vit_l_16__temporal_attn__layer_18,"101,102","42,101,102",3,"42,101,102",,attentive_continuation,56.86,1.96,OK,seed_manifest_layerwise_same_l_attentive_v1.csv
intphys2,same_L,VideoMAE-v2,ViT-L/16,temporal_attn,id:24,24,24,intphys2__same_l__videomae_v2__vit_l_16__temporal_attn__layer_24,"101,102","42,101,102",3,"42,101,102",,attentive_continuation,24.18,6.89,OK,seed_manifest_layerwise_same_l_attentive_v1.csv
intphys2,same_L,VideoMAE-v2,ViT-L/16,temporal_attn,id:6,6,6,intphys2__same_l__videomae_v2__vit_l_16__temporal_attn__layer_6,"101,102","42,101,102",3,"42,101,102",,attentive_continuation,5.88,5.19,OK,seed_manifest_layerwise_same_l_attentive_v1.csv
mvp,ltx,LTX-13B,LTX-13B,linear,id:1,1,noise_1.0_block_12,mvp__ltx__ltxv_13b_0_9_8_distilled__linear__slot_1,"101,102","42,101,102",3,"42,101,102",,ready_manifest,0.0,0.0,OK,seed_manifest_mvp_ltx13b_linear_mlp.csv
mvp,ltx,LTX-13B,LTX-13B,linear,id:10,10,noise_0.8_block_24,mvp__ltx__ltxv_13b_0_9_8_distilled__linear__slot_10,"101,102","42,101,102",3,"42,101,102",,ready_manifest,50.151668351870576,0.9750910779568192,OK,seed_manifest_mvp_ltx13b_linear_mlp.csv
mvp,ltx,LTX-13B,LTX-13B,linear,id:11,11,noise_0.8_block_36,mvp__ltx__ltxv_13b_0_9_8_distilled__linear__slot_11,"101,102","42,101,102",3,"42,101,102",,ready_manifest,36.3329962925514,0.3089029791004951,OK,seed_manifest_mvp_ltx13b_linear_mlp.csv
mvp,ltx,LTX-13B,LTX-13B,linear,id:12,12,noise_0.8_block_48,mvp__ltx__ltxv_13b_0_9_8_distilled__linear__slot_12,"101,102","42,101,102",3,"42,101,102",,ready_manifest,33.29962925513987,0.8479774604252853,OK,seed_manifest_mvp_ltx13b_linear_mlp.csv
mvp,ltx,LTX-13B,LTX-13B,linear,id:13,13,noise_0.7_block_12,mvp__ltx__ltxv_13b_0_9_8_distilled__linear__slot_13,"101,102","42,101,102",3,"42,101,102",,ready_manifest,44.32086282440176,1.3578184751252904,OK,seed_manifest_mvp_ltx13b_linear_mlp.csv
mvp,ltx,LTX-13B,LTX-13B,linear,id:14,14,noise_0.7_block_24,mvp__ltx__ltxv_13b_0_9_8_distilled__linear__slot_14,"101,102","42,101,102",3,"42,101,102",,ready_manifest,48.87091338051904,0.9820561027525072,OK,seed_manifest_mvp_ltx13b_linear_mlp.csv
mvp,ltx,LTX-13B,LTX-13B,linear,id:15,15,noise_0.7_block_36,mvp__ltx__ltxv_13b_0_9_8_distilled__linear__slot_15,"101,102","42,101,102",3,"42,101,102",,ready_manifest,40.37748567576677,0.5188676885183939,OK,seed_manifest_mvp_ltx13b_linear_mlp.csv
mvp,ltx,LTX-13B,LTX-13B,linear,id:16,16,noise_0.7_block_48,mvp__ltx__ltxv_13b_0_9_8_distilled__linear__slot_16,"101,102","42,101,102",3,"42,101,102",,ready_manifest,38.6922817660937,0.4778377781852985,OK,seed_manifest_mvp_ltx13b_linear_mlp.csv
mvp,ltx,LTX-13B,LTX-13B,linear,id:17,17,noise_0.6_block_12,mvp__ltx__ltxv_13b_0_9_8_distilled__linear__slot_17,"101,102","42,101,102",3,"42,101,102",,ready_manifest,45.56791371755983,0.6094756090335389,OK,seed_manifest_mvp_ltx13b_linear_mlp.csv
mvp,ltx,LTX-13B,LTX-13B,linear,id:18,18,noise_0.6_block_24,mvp__ltx__ltxv_13b_0_9_8_distilled__linear__slot_18,"101,102","42,101,102",3,"42,101,102",,ready_manifest,49.27536231884058,0.7314639168928438,OK,seed_manifest_mvp_ltx13b_linear_mlp.csv
mvp,ltx,LTX-13B,LTX-13B,linear,id:19,19,noise_0.6_block_36,mvp__ltx__ltxv_13b_0_9_8_distilled__linear__slot_19,"101,102","42,101,102",3,"42,101,102",,ready_manifest,42.837883383889455,0.1544514895502433,OK,seed_manifest_mvp_ltx13b_linear_mlp.csv
mvp,ltx,LTX-13B,LTX-13B,linear,id:2,2,noise_1.0_block_24,mvp__ltx__ltxv_13b_0_9_8_distilled__linear__slot_2,"101,102","42,101,102",3,"42,101,102",,ready_manifest,0.0,0.0,OK,seed_manifest_mvp_ltx13b_linear_mlp.csv
mvp,ltx,LTX-13B,LTX-13B,linear,id:20,20,noise_0.6_block_48,mvp__ltx__ltxv_13b_0_9_8_distilled__linear__slot_20,"101,102","42,101,102",3,"42,101,102",,ready_manifest,41.05156723963599,0.1011122345803805,OK,seed_manifest_mvp_ltx13b_linear_mlp.csv
mvp,ltx,LTX-13B,LTX-13B,linear,id:21,21,noise_0.5_block_12,mvp__ltx__ltxv_13b_0_9_8_distilled__linear__slot_21,"101,102","42,101,102",3,"42,101,102",,ready_manifest,43.24233232221099,1.3040473287598977,OK,seed_manifest_mvp_ltx13b_linear_mlp.csv
mvp,ltx,LTX-13B,LTX-13B,linear,id:22,22,noise_0.5_block_24,mvp__ltx__ltxv_13b_0_9_8_distilled__linear__slot_22,"101,102","42,101,102",3,"42,101,102",,ready_manifest,47.927199191102126,0.3502630551200961,OK,seed_manifest_mvp_ltx13b_linear_mlp.csv
mvp,ltx,LTX-13B,LTX-13B,linear,id:23,23,noise_0.5_block_36,mvp__ltx__ltxv_13b_0_9_8_distilled__linear__slot_23,"101,102","42,101,102",3,"42,101,102",,ready_manifest,43.545669025952144,1.2356119164019774,OK,seed_manifest_mvp_ltx13b_linear_mlp.csv
mvp,ltx,LTX-13B,LTX-13B,linear,id:24,24,noise_0.5_block_48,mvp__ltx__ltxv_13b_0_9_8_distilled__linear__slot_24,"101,102","42,101,102",3,"42,101,102",,ready_manifest,41.79305695989215,0.911880637577942,OK,seed_manifest_mvp_ltx13b_linear_mlp.csv
mvp,ltx,LTX-13B,LTX-13B,linear,id:25,25,noise_0.4_block_12,mvp__ltx__ltxv_13b_0_9_8_distilled__linear__slot_25,"101,102","42,101,102",3,"42,101,102",,ready_manifest,40.51230198854061,1.1091663412136417,OK,seed_manifest_mvp_ltx13b_linear_mlp.csv
mvp,ltx,LTX-13B,LTX-13B,linear,id:26,26,noise_0.4_block_24,mvp__ltx__ltxv_13b_0_9_8_distilled__linear__slot_26,"101,102","42,101,102",3,"42,101,102",,ready_manifest,46.91607684529828,0.3645653463563209,OK,seed_manifest_mvp_ltx13b_linear_mlp.csv
mvp,ltx,LTX-13B,LTX-13B,linear,id:27,27,noise_0.4_block_36,mvp__ltx__ltxv_13b_0_9_8_distilled__linear__slot_27,"101,102","42,101,102",3,"42,101,102",,ready_manifest,44.59049544994944,1.8395758744853616,OK,seed_manifest_mvp_ltx13b_linear_mlp.csv
mvp,ltx,LTX-13B,LTX-13B,linear,id:28,28,noise_0.4_block_48,mvp__ltx__ltxv_13b_0_9_8_distilled__linear__slot_28,"101,102","42,101,102",3,"42,101,102",,ready_manifest,40.815638692281766,0.6578773608339472,OK,seed_manifest_mvp_ltx13b_linear_mlp.csv
mvp,ltx,LTX-13B,LTX-13B,linear,id:29,29,noise_0.3_block_12,mvp__ltx__ltxv_13b_0_9_8_distilled__linear__slot_29,"101,102","42,101,102",3,"42,101,102",,ready_manifest,39.53488372093023,2.726282864047067,OK,seed_manifest_mvp_ltx13b_linear_mlp.csv
mvp,ltx,LTX-13B,LTX-13B,linear,id:3,3,noise_1.0_block_36,mvp__ltx__ltxv_13b_0_9_8_distilled__linear__slot_3,"101,102","42,101,102",3,"42,101,102",,ready_manifest,0.0,0.0,OK,seed_manifest_mvp_ltx13b_linear_mlp.csv
mvp,ltx,LTX-13B,LTX-13B,linear,id:30,30,noise_0.3_block_24,mvp__ltx__ltxv_13b_0_9_8_distilled__linear__slot_30,"101,102","42,101,102",3,"42,101,102",,ready_manifest,46.107178968655205,1.12593819268554,OK,seed_manifest_mvp_ltx13b_linear_mlp.csv
mvp,ltx,LTX-13B,LTX-13B,linear,id:31,31,noise_0.3_block_36,mvp__ltx__ltxv_13b_0_9_8_distilled__linear__slot_31,"101,102","42,101,102",3,"42,101,102",,ready_manifest,44.42197505898214,1.2803114198330012,OK,seed_manifest_mvp_ltx13b_linear_mlp.csv
mvp,ltx,LTX-13B,LTX-13B,linear,id:32,32,noise_0.3_block_48,mvp__ltx__ltxv_13b_0_9_8_distilled__linear__slot_32,"101,102","42,101,102",3,"42,101,102",,ready_manifest,40.849342770475225,1.0700713088228906,OK,seed_manifest_mvp_ltx13b_linear_mlp.csv
mvp,ltx,LTX-13B,LTX-13B,linear,id:33,33,noise_0.2_block_12,mvp__ltx__ltxv_13b_0_9_8_distilled__linear__slot_33,"101,102","42,101,102",3,"42,101,102",,ready_manifest,41.08527131782946,2.3263139773154604,OK,seed_manifest_mvp_ltx13b_linear_mlp.csv
mvp,ltx,LTX-13B,LTX-13B,linear,id:34,34,noise_0.2_block_24,mvp__ltx__ltxv_13b_0_9_8_distilled__linear__slot_34,"101,102","42,101,102",3,"42,101,102",,ready_manifest,49.51129086619481,0.8172804619468909,OK,seed_manifest_mvp_ltx13b_linear_mlp.csv
mvp,ltx,LTX-13B,LTX-13B,linear,id:35,35,noise_0.2_block_36,mvp__ltx__ltxv_13b_0_9_8_distilled__linear__slot_35,"101,102","42,101,102",3,"42,101,102",,ready_manifest,44.35456690259522,0.1167543517066986,OK,seed_manifest_mvp_ltx13b_linear_mlp.csv
mvp,ltx,LTX-13B,LTX-13B,linear,id:36,36,noise_0.2_block_48,mvp__ltx__ltxv_13b_0_9_8_distilled__linear__slot_36,"101,102","42,101,102",3,"42,101,102",,ready_manifest,40.71452645770138,0.4086402309734416,OK,seed_manifest_mvp_ltx13b_linear_mlp.csv
mvp,ltx,LTX-13B,LTX-13B,linear,id:37,37,noise_0.1_block_12,mvp__ltx__ltxv_13b_0_9_8_distilled__linear__slot_37,"101,102","42,101,102",3,"42,101,102",,ready_manifest,43.10751600943714,3.185169132816111,OK,seed_manifest_mvp_ltx13b_linear_mlp.csv
mvp,ltx,LTX-13B,LTX-13B,linear,id:38,38,noise_0.1_block_24,mvp__ltx__ltxv_13b_0_9_8_distilled__linear__slot_38,"101,102","42,101,102",3,"42,101,102",,ready_manifest,47.75867880013482,0.6578773608339472,OK,seed_manifest_mvp_ltx13b_linear_mlp.csv
mvp,ltx,LTX-13B,LTX-13B,linear,id:39,39,noise_0.1_block_36,mvp__ltx__ltxv_13b_0_9_8_distilled__linear__slot_39,"101,102","42,101,102",3,"42,101,102",,ready_manifest,44.42197505898214,0.5089204203081085,OK,seed_manifest_mvp_ltx13b_linear_mlp.csv
mvp,ltx,LTX-13B,LTX-13B,linear,id:4,4,noise_1.0_block_48,mvp__ltx__ltxv_13b_0_9_8_distilled__linear__slot_4,"101,102","42,101,102",3,"42,101,102",,ready_manifest,0.0,0.0,OK,seed_manifest_mvp_ltx13b_linear_mlp.csv
mvp,ltx,LTX-13B,LTX-13B,linear,id:40,40,noise_0.1_block_48,mvp__ltx__ltxv_13b_0_9_8_distilled__linear__slot_40,"101,102","42,101,102",3,"42,101,102",,ready_manifest,39.737108190091,0.5629690963427719,OK,seed_manifest_mvp_ltx13b_linear_mlp.csv
mvp,ltx,LTX-13B,LTX-13B,linear,id:5,5,noise_0.9_block_12,mvp__ltx__ltxv_13b_0_9_8_distilled__linear__slot_5,"101,102","42,101,102",3,"42,101,102",,ready_manifest,37.84967981125716,1.6345609238937815,OK,seed_manifest_mvp_ltx13b_linear_mlp.csv
mvp,ltx,LTX-13B,LTX-13B,linear,id:6,6,noise_0.9_block_24,mvp__ltx__ltxv_13b_0_9_8_distilled__linear__slot_6,"101,102","42,101,102",3,"42,101,102",,ready_manifest,42.46713852376138,0.8088978766430763,OK,seed_manifest_mvp_ltx13b_linear_mlp.csv
mvp,ltx,LTX-13B,LTX-13B,linear,id:7,7,noise_0.9_block_36,mvp__ltx__ltxv_13b_0_9_8_distilled__linear__slot_7,"101,102","42,101,102",3,"42,101,102",,ready_manifest,33.80519042804179,0.8110016458049174,OK,seed_manifest_mvp_ltx13b_linear_mlp.csv
mvp,ltx,LTX-13B,LTX-13B,linear,id:8,8,noise_0.9_block_48,mvp__ltx__ltxv_13b_0_9_8_distilled__linear__slot_8,"101,102","42,101,102",3,"42,101,102",,ready_manifest,27.3340074148972,1.0327976707815687,OK,seed_manifest_mvp_ltx13b_linear_mlp.csv
mvp,ltx,LTX-13B,LTX-13B,linear,id:9,9,noise_0.8_block_12,mvp__ltx__ltxv_13b_0_9_8_distilled__linear__slot_9,"101,102","42,101,102",3,"42,101,102",,ready_manifest,42.06268958543984,0.9645492430909488,OK,seed_manifest_mvp_ltx13b_linear_mlp.csv
mvp,ltx,LTX-2B,LTX-2B,linear,id:1,1,noise_1.0_block_7,mvp__ltx__ltx_2b_0_9_8_distilled__linear__slot_1,"101,102","42,101,102",3,"42,101,102",,ready_manifest,0.0,0.0,OK,seed_manifest_mvp_ltx2b_linear_mlp.csv
mvp,ltx,LTX-2B,LTX-2B,linear,id:10,10,noise_0.8_block_14,mvp__ltx__ltx_2b_0_9_8_distilled__linear__slot_10,"101,102","42,101,102",3,"42,101,102",,ready_manifest,26.65992585102797,8.820171161177706,OK,seed_manifest_mvp_ltx2b_linear_mlp.csv
mvp,ltx,LTX-2B,LTX-2B,linear,id:11,11,noise_0.8_block_21,mvp__ltx__ltx_2b_0_9_8_distilled__linear__slot_11,"101,102","42,101,102",3,"42,101,102",,ready_manifest,26.322885069093363,4.095149524117035,OK,seed_manifest_mvp_ltx2b_linear_mlp.csv
mvp,ltx,LTX-2B,LTX-2B,linear,id:12,12,noise_0.8_block_28,mvp__ltx__ltx_2b_0_9_8_distilled__linear__slot_12,"101,102","42,101,102",3,"42,101,102",,ready_manifest,28.041793056959893,1.570769153721743,OK,seed_manifest_mvp_ltx2b_linear_mlp.csv
mvp,ltx,LTX-2B,LTX-2B,linear,id:13,13,noise_0.7_block_7,mvp__ltx__ltx_2b_0_9_8_distilled__linear__slot_13,"101,102","42,101,102",3,"42,101,102",,ready_manifest,29.693292888439505,3.037296634554988,OK,seed_manifest_mvp_ltx2b_linear_mlp.csv
mvp,ltx,LTX-2B,LTX-2B,linear,id:14,14,noise_0.7_block_14,mvp__ltx__ltx_2b_0_9_8_distilled__linear__slot_14,"101,102","42,101,102",3,"42,101,102",,ready_manifest,28.2103134479272,4.856545989291338,OK,seed_manifest_mvp_ltx2b_linear_mlp.csv
mvp,ltx,LTX-2B,LTX-2B,linear,id:15,15,noise_0.7_block_21,mvp__ltx__ltx_2b_0_9_8_distilled__linear__slot_15,"101,102","42,101,102",3,"42,101,102",,ready_manifest,27.73845635321874,5.371651895963595,OK,seed_manifest_mvp_ltx2b_linear_mlp.csv
mvp,ltx,LTX-2B,LTX-2B,linear,id:16,16,noise_0.7_block_28,mvp__ltx__ltx_2b_0_9_8_distilled__linear__slot_16,"101,102","42,101,102",3,"42,101,102",,ready_manifest,28.24401752612066,4.082647766469408,OK,seed_manifest_mvp_ltx2b_linear_mlp.csv
mvp,ltx,LTX-2B,LTX-2B,linear,id:17,17,noise_0.6_block_7,mvp__ltx__ltx_2b_0_9_8_distilled__linear__slot_17,"101,102","42,101,102",3,"42,101,102",,ready_manifest,31.58072126727334,3.723804959182717,OK,seed_manifest_mvp_ltx2b_linear_mlp.csv
mvp,ltx,LTX-2B,LTX-2B,linear,id:18,18,noise_0.6_block_14,mvp__ltx__ltx_2b_0_9_8_distilled__linear__slot_18,"101,102","42,101,102",3,"42,101,102",,ready_manifest,30.06403774856757,4.586232205776623,OK,seed_manifest_mvp_ltx2b_linear_mlp.csv
mvp,ltx,LTX-2B,LTX-2B,linear,id:19,19,noise_0.6_block_21,mvp__ltx__ltx_2b_0_9_8_distilled__linear__slot_19,"101,102","42,101,102",3,"42,101,102",,ready_manifest,29.794405123019885,5.927224144256588,OK,seed_manifest_mvp_ltx2b_linear_mlp.csv
mvp,ltx,LTX-2B,LTX-2B,linear,id:2,2,noise_1.0_block_14,mvp__ltx__ltx_2b_0_9_8_distilled__linear__slot_2,"101,102","42,101,102",3,"42,101,102",,ready_manifest,0.0,0.0,OK,seed_manifest_mvp_ltx2b_linear_mlp.csv
mvp,ltx,LTX-2B,LTX-2B,linear,id:20,20,noise_0.6_block_28,mvp__ltx__ltx_2b_0_9_8_distilled__linear__slot_20,"101,102","42,101,102",3,"42,101,102",,ready_manifest,27.098078867542974,4.647864483139011,OK,seed_manifest_mvp_ltx2b_linear_mlp.csv
mvp,ltx,LTX-2B,LTX-2B,linear,id:21,21,noise_0.5_block_7,mvp__ltx__ltx_2b_0_9_8_distilled__linear__slot_21,"101,102","42,101,102",3,"42,101,102",,ready_manifest,29.625884732052576,1.4046960555560966,OK,seed_manifest_mvp_ltx2b_linear_mlp.csv
mvp,ltx,LTX-2B,LTX-2B,linear,id:22,22,noise_0.5_block_14,mvp__ltx__ltx_2b_0_9_8_distilled__linear__slot_22,"101,102","42,101,102",3,"42,101,102",,ready_manifest,30.53589484327604,4.167737885849332,OK,seed_manifest_mvp_ltx2b_linear_mlp.csv
mvp,ltx,LTX-2B,LTX-2B,linear,id:23,23,noise_0.5_block_21,mvp__ltx__ltx_2b_0_9_8_distilled__linear__slot_23,"101,102","42,101,102",3,"42,101,102",,ready_manifest,29.45736434108527,5.568827651452078,OK,seed_manifest_mvp_ltx2b_linear_mlp.csv
mvp,ltx,LTX-2B,LTX-2B,linear,id:24,24,noise_0.5_block_28,mvp__ltx__ltx_2b_0_9_8_distilled__linear__slot_24,"101,102","42,101,102",3,"42,101,102",,ready_manifest,27.06437478934951,3.4811597798922422,OK,seed_manifest_mvp_ltx2b_linear_mlp.csv
mvp,ltx,LTX-2B,LTX-2B,linear,id:25,25,noise_0.4_block_7,mvp__ltx__ltx_2b_0_9_8_distilled__linear__slot_25,"101,102","42,101,102",3,"42,101,102",,ready_manifest,31.81664981462757,4.476810080745479,OK,seed_manifest_mvp_ltx2b_linear_mlp.csv
mvp,ltx,LTX-2B,LTX-2B,linear,id:26,26,noise_0.4_block_14,mvp__ltx__ltx_2b_0_9_8_distilled__linear__slot_26,"101,102","42,101,102",3,"42,101,102",,ready_manifest,28.041793056959893,6.259438066876797,OK,seed_manifest_mvp_ltx2b_linear_mlp.csv
mvp,ltx,LTX-2B,LTX-2B,linear,id:27,27,noise_0.4_block_21,mvp__ltx__ltx_2b_0_9_8_distilled__linear__slot_27,"101,102","42,101,102",3,"42,101,102",,ready_manifest,28.378833838894508,3.491423663924544,OK,seed_manifest_mvp_ltx2b_linear_mlp.csv
mvp,ltx,LTX-2B,LTX-2B,linear,id:28,28,noise_0.4_block_28,mvp__ltx__ltx_2b_0_9_8_distilled__linear__slot_28,"101,102","42,101,102",3,"42,101,102",,ready_manifest,29.65958881024604,1.8708040561345352,OK,seed_manifest_mvp_ltx2b_linear_mlp.csv
mvp,ltx,LTX-2B,LTX-2B,linear,id:29,29,noise_0.3_block_7,mvp__ltx__ltx_2b_0_9_8_distilled__linear__slot_29,"101,102","42,101,102",3,"42,101,102",,ready_manifest,30.872935625210648,3.603815554602608,OK,seed_manifest_mvp_ltx2b_linear_mlp.csv
mvp,ltx,LTX-2B,LTX-2B,linear,id:3,3,noise_1.0_block_21,mvp__ltx__ltx_2b_0_9_8_distilled__linear__slot_3,"101,102","42,101,102",3,"42,101,102",,ready_manifest,0.0,0.0,OK,seed_manifest_mvp_ltx2b_linear_mlp.csv
mvp,ltx,LTX-2B,LTX-2B,linear,id:30,30,noise_0.3_block_14,mvp__ltx__ltx_2b_0_9_8_distilled__linear__slot_30,"101,102","42,101,102",3,"42,101,102",,ready_manifest,29.18773171553758,3.210744671934222,OK,seed_manifest_mvp_ltx2b_linear_mlp.csv
mvp,ltx,LTX-2B,LTX-2B,linear,id:31,31,noise_0.3_block_21,mvp__ltx__ltx_2b_0_9_8_distilled__linear__slot_31,"101,102","42,101,102",3,"42,101,102",,ready_manifest,29.38995618469835,5.411472888100475,OK,seed_manifest_mvp_ltx2b_linear_mlp.csv
mvp,ltx,LTX-2B,LTX-2B,linear,id:32,32,noise_0.3_block_28,mvp__ltx__ltx_2b_0_9_8_distilled__linear__slot_32,"101,102","42,101,102",3,"42,101,102",,ready_manifest,29.389956184698345,3.4099467124885057,OK,seed_manifest_mvp_ltx2b_linear_mlp.csv
mvp,ltx,LTX-2B,LTX-2B,linear,id:33,33,noise_0.2_block_7,mvp__ltx__ltx_2b_0_9_8_distilled__linear__slot_33,"101,102","42,101,102",3,"42,101,102",,ready_manifest,31.277384563532184,3.027181650048121,OK,seed_manifest_mvp_ltx2b_linear_mlp.csv
mvp,ltx,LTX-2B,LTX-2B,linear,id:34,34,noise_0.2_block_14,mvp__ltx__ltx_2b_0_9_8_distilled__linear__slot_34,"101,102","42,101,102",3,"42,101,102",,ready_manifest,28.816986855409503,1.839575874485367,OK,seed_manifest_mvp_ltx2b_linear_mlp.csv
mvp,ltx,LTX-2B,LTX-2B,linear,id:35,35,noise_0.2_block_21,mvp__ltx__ltx_2b_0_9_8_distilled__linear__slot_35,"101,102","42,101,102",3,"42,101,102",,ready_manifest,29.491068419278733,4.881044106781321,OK,seed_manifest_mvp_ltx2b_linear_mlp.csv
mvp,ltx,LTX-2B,LTX-2B,linear,id:36,36,noise_0.2_block_28,mvp__ltx__ltx_2b_0_9_8_distilled__linear__slot_36,"101,102","42,101,102",3,"42,101,102",,ready_manifest,29.55847657566565,3.6629061247639054,OK,seed_manifest_mvp_ltx2b_linear_mlp.csv
mvp,ltx,LTX-2B,LTX-2B,linear,id:37,37,noise_0.1_block_7,mvp__ltx__ltx_2b_0_9_8_distilled__linear__slot_37,"101,102","42,101,102",3,"42,101,102",,ready_manifest,29.221435793731043,1.242487940085388,OK,seed_manifest_mvp_ltx2b_linear_mlp.csv
mvp,ltx,LTX-2B,LTX-2B,linear,id:38,38,noise_0.1_block_14,mvp__ltx__ltx_2b_0_9_8_distilled__linear__slot_38,"101,102","42,101,102",3,"42,101,102",,ready_manifest,28.51365015166835,1.8561738878347651,OK,seed_manifest_mvp_ltx2b_linear_mlp.csv
mvp,ltx,LTX-2B,LTX-2B,linear,id:39,39,noise_0.1_block_21,mvp__ltx__ltx_2b_0_9_8_distilled__linear__slot_39,"101,102","42,101,102",3,"42,101,102",,ready_manifest,31.91776204920795,5.200485749103044,OK,seed_manifest_mvp_ltx2b_linear_mlp.csv
mvp,ltx,LTX-2B,LTX-2B,linear,id:4,4,noise_1.0_block_28,mvp__ltx__ltx_2b_0_9_8_distilled__linear__slot_4,"101,102","42,101,102",3,"42,101,102",,ready_manifest,0.0,0.0,OK,seed_manifest_mvp_ltx2b_linear_mlp.csv
mvp,ltx,LTX-2B,LTX-2B,linear,id:40,40,noise_0.1_block_28,mvp__ltx__ltx_2b_0_9_8_distilled__linear__slot_40,"101,102","42,101,102",3,"42,101,102",,ready_manifest,30.53589484327604,4.55790805645486,OK,seed_manifest_mvp_ltx2b_linear_mlp.csv
mvp,ltx,LTX-2B,LTX-2B,linear,id:5,5,noise_0.9_block_7,mvp__ltx__ltx_2b_0_9_8_distilled__linear__slot_5,"101,102","42,101,102",3,"42,101,102",,ready_manifest,24.8062015503876,2.485661485337684,OK,seed_manifest_mvp_ltx2b_linear_mlp.csv
mvp,ltx,LTX-2B,LTX-2B,linear,id:6,6,noise_0.9_block_14,mvp__ltx__ltx_2b_0_9_8_distilled__linear__slot_6,"101,102","42,101,102",3,"42,101,102",,ready_manifest,25.17694641051567,1.7629520499658944,OK,seed_manifest_mvp_ltx2b_linear_mlp.csv
mvp,ltx,LTX-2B,LTX-2B,linear,id:7,7,noise_0.9_block_21,mvp__ltx__ltx_2b_0_9_8_distilled__linear__slot_7,"101,102","42,101,102",3,"42,101,102",,ready_manifest,25.109538254128747,1.78695195710301,OK,seed_manifest_mvp_ltx2b_linear_mlp.csv
mvp,ltx,LTX-2B,LTX-2B,linear,id:8,8,noise_0.9_block_28,mvp__ltx__ltx_2b_0_9_8_distilled__linear__slot_8,"101,102","42,101,102",3,"42,101,102",,ready_manifest,23.08729356252106,3.623619478827964,OK,seed_manifest_mvp_ltx2b_linear_mlp.csv
mvp,ltx,LTX-2B,LTX-2B,linear,id:9,9,noise_0.8_block_7,mvp__ltx__ltx_2b_0_9_8_distilled__linear__slot_9,"101,102","42,101,102",3,"42,101,102",,ready_manifest,29.59218065385912,4.398479053979834,OK,seed_manifest_mvp_ltx2b_linear_mlp.csv
mvp,main,V-JEPA,ViT-H/16,linear,id:16,16,Layer 0.5,mvp__jepa_v1__linear__layer_16,"101,102","42,101,102",3,"42,101,102",,original,39.973037,2.238976,OK,seed_manifest_layerwise_main_linear_mlp_v1.csv
mvp,main,V-JEPA,ViT-H/16,linear,id:24,24,Layer 0.75,mvp__jepa_v1__linear__layer_24,"101,102","42,101,102",3,"42,101,102",,original,47.52275,0.364565,OK,seed_manifest_layerwise_main_linear_mlp_v1.csv
mvp,main,V-JEPA,ViT-H/16,linear,id:32,32,Final layer,mvp__jepa_v1__linear__layer_32,"101,102","42,101,102",3,"42,101,102",,original,45.500506,4.755501,OK,seed_manifest_layerwise_main_linear_mlp_v1.csv;seed_manifest_main_linear_mlp_v1.csv
mvp,main,V-JEPA,ViT-H/16,linear,id:8,8,Layer 0.25,mvp__jepa_v1__linear__layer_8,"101,102","42,101,102",3,"42,101,102",,original,36.737445,0.116754,OK,seed_manifest_layerwise_main_linear_mlp_v1.csv
mvp,same_L,V-JEPA,ViT-L/16,linear,id:12,12,12,mvp__same_l__jepa_v1__vitl16_224__linear__layer_12,"101,102","42,101,102",3,"42,101,102",,original,42.433434,1.149897,OK,seed_manifest_layerwise_same_l_linear_mlp_v1.csv
mvp,same_L,V-JEPA,ViT-L/16,linear,id:18,18,18,mvp__same_l__jepa_v1__vitl16_224__linear__layer_18,"101,102","42,101,102",3,"42,101,102",,original,46.916077,0.364565,OK,seed_manifest_layerwise_same_l_linear_mlp_v1.csv
mvp,same_L,V-JEPA,ViT-L/16,linear,id:24,24,24,mvp__same_l__jepa_v1__vitl16_224__linear__layer_24,"101,102","42,101,102",3,"42,101,102",,original,43.14122,2.481545,OK,seed_manifest_layerwise_same_l_linear_mlp_v1.csv
mvp,same_L,V-JEPA,ViT-L/16,linear,id:6,6,6,mvp__same_l__jepa_v1__vitl16_224__linear__layer_6,"101,102","42,101,102",3,"42,101,102",,original,40.512302,0.116754,OK,seed_manifest_layerwise_same_l_linear_mlp_v1.csv
mvp,main,V-JEPA 2,ViT-G/16,linear,id:10,10,Layer 0.25,mvp__jepa_v2__linear__layer_10,"101,102","42,101,102",3,"42,101,102",,original,31.07516,1.206305,OK,seed_manifest_layerwise_main_linear_mlp_v1.csv
mvp,main,V-JEPA 2,ViT-G/16,linear,id:20,20,Layer 0.5,mvp__jepa_v2__linear__layer_20,"101,102","42,101,102",3,"42,101,102",,original,32.55814,1.166084,OK,seed_manifest_layerwise_main_linear_mlp_v1.csv
mvp,main,V-JEPA 2,ViT-G/16,linear,id:30,30,Layer 0.75,mvp__jepa_v2__linear__layer_30,"101,102","42,101,102",3,"42,101,102",,original,38.456353,3.02887,OK,seed_manifest_layerwise_main_linear_mlp_v1.csv
mvp,main,V-JEPA 2,ViT-G/16,linear,id:40,40,Final layer,mvp__jepa_v2__linear__layer_40,"101,102","42,101,102",3,"42,101,102",,original,47.893495,0.574949,OK,seed_manifest_layerwise_main_linear_mlp_v1.csv;seed_manifest_main_linear_mlp_v1.csv
mvp,same_L,V-JEPA 2,ViT-L/16,linear,id:12,12,12,mvp__same_l__jepa_v2__vitl_256__linear__layer_12,"101,102","42,101,102",3,"42,101,102",,original,43.579373,0.440738,OK,seed_manifest_layerwise_same_l_linear_mlp_v1.csv
mvp,same_L,V-JEPA 2,ViT-L/16,linear,id:18,18,18,mvp__same_l__jepa_v2__vitl_256__linear__layer_18,"101,102","42,101,102",3,"42,101,102",,original,49.073138,0.210482,OK,seed_manifest_layerwise_same_l_linear_mlp_v1.csv
mvp,same_L,V-JEPA 2,ViT-L/16,linear,id:24,24,24,mvp__same_l__jepa_v2__vitl_256__linear__layer_24,"101,102","42,101,102",3,"42,101,102",,original,53.151331,0.911881,OK,seed_manifest_layerwise_same_l_linear_mlp_v1.csv
mvp,same_L,V-JEPA 2,ViT-L/16,linear,id:6,6,6,mvp__same_l__jepa_v2__vitl_256__linear__layer_6,"101,102","42,101,102",3,"42,101,102",,original,33.771486,1.337589,OK,seed_manifest_layerwise_same_l_linear_mlp_v1.csv
mvp,backbone_sweep,V-JEPA 2.1,ViT-B/16,linear,id:12,12,12,mvp__backbone_sweep__jepa_v2_1__vitb_384__linear__layer_12,"101,102","42,101,102",3,"42,101,102",,original,40.815639,0.308903,OK,seed_manifest_layerwise_backbone_sweep_linear_mlp_v1.csv
mvp,backbone_sweep,V-JEPA 2.1,ViT-B/16,linear,id:3,3,3,mvp__backbone_sweep__jepa_v2_1__vitb_384__linear__layer_3,"101,102","42,101,102",3,"42,101,102",,original,32.119986,0.710189,OK,seed_manifest_layerwise_backbone_sweep_linear_mlp_v1.csv
mvp,backbone_sweep,V-JEPA 2.1,ViT-B/16,linear,id:6,6,6,mvp__backbone_sweep__jepa_v2_1__vitb_384__linear__layer_6,"101,102","42,101,102",3,"42,101,102",,original,38.658578,0.518868,OK,seed_manifest_layerwise_backbone_sweep_linear_mlp_v1.csv
mvp,backbone_sweep,V-JEPA 2.1,ViT-B/16,linear,id:9,9,9,mvp__backbone_sweep__jepa_v2_1__vitb_384__linear__layer_9,"101,102","42,101,102",3,"42,101,102",,original,38.624874,0.350263,OK,seed_manifest_layerwise_backbone_sweep_linear_mlp_v1.csv
mvp,backbone_sweep,V-JEPA 2.1,ViT-G/16,linear,id:10,10,10,mvp__backbone_sweep__jepa_v2_1__vitg_384__linear__layer_10,"101,102","42,101,102",3,"42,101,102",,original,33.973711,1.139477,OK,seed_manifest_layerwise_backbone_sweep_linear_mlp_v1.csv
mvp,backbone_sweep,V-JEPA 2.1,ViT-G/16,linear,id:20,20,20,mvp__backbone_sweep__jepa_v2_1__vitg_384__linear__layer_20,"101,102","42,101,102",3,"42,101,102",,original,37.782272,0.673238,OK,seed_manifest_layerwise_backbone_sweep_linear_mlp_v1.csv
mvp,backbone_sweep,V-JEPA 2.1,ViT-G/16,linear,id:30,30,30,mvp__backbone_sweep__jepa_v2_1__vitg_384__linear__layer_30,"101,102","42,101,102",3,"42,101,102",,original,44.253455,0.871757,OK,seed_manifest_layerwise_backbone_sweep_linear_mlp_v1.csv
mvp,backbone_sweep,V-JEPA 2.1,ViT-G/16,linear,id:40,40,40,mvp__backbone_sweep__jepa_v2_1__vitg_384__linear__layer_40,"101,102","42,101,102",3,"42,101,102",,original,46.410515,0.631446,OK,seed_manifest_layerwise_backbone_sweep_linear_mlp_v1.csv
mvp,main,V-JEPA 2.1,ViT-Gigantic/16,linear,id:12,12,Layer 0.25,mvp__jepa_v2_1__linear__layer_12,"101,102","42,101,102",3,"42,101,102",,original,31.951466,1.605107,OK,seed_manifest_layerwise_main_linear_mlp_v1.csv
mvp,main,V-JEPA 2.1,ViT-Gigantic/16,linear,id:24,24,Layer 0.5,mvp__jepa_v2_1__linear__layer_24,"101,102","42,101,102",3,"42,101,102",,original,39.400067,0.592463,OK,seed_manifest_layerwise_main_linear_mlp_v1.csv
mvp,main,V-JEPA 2.1,ViT-Gigantic/16,linear,id:38,38,Layer 0.75,mvp__jepa_v2_1__linear__layer_38,"101,102","42,101,102",3,"42,101,102",,original,43.208628,1.300122,OK,seed_manifest_layerwise_main_linear_mlp_v1.csv
mvp,main,V-JEPA 2.1,ViT-Gigantic/16,linear,id:48,48,Final layer,mvp__jepa_v2_1__linear__layer_48,"101,102","42,101,102",3,"42,101,102",,original,39.973037,1.567511,OK,seed_manifest_layerwise_main_linear_mlp_v1.csv;seed_manifest_main_linear_mlp_v1.csv
mvp,same_L,V-JEPA 2.1,ViT-L/16,linear,id:12,12,12,mvp__same_l__jepa_v2_1__vitl_384__linear__layer_12,"101,102","42,101,102",3,"42,101,102",,original,40.141557,0.707786,OK,seed_manifest_layerwise_same_l_linear_mlp_v1.csv
mvp,same_L,V-JEPA 2.1,ViT-L/16,linear,id:18,18,18,mvp__same_l__jepa_v2_1__vitl_384__linear__layer_18,"101,102","42,101,102",3,"42,101,102",,original,43.579373,0.440738,OK,seed_manifest_layerwise_same_l_linear_mlp_v1.csv
mvp,same_L,V-JEPA 2.1,ViT-L/16,linear,id:24,24,24,mvp__same_l__jepa_v2_1__vitl_384__linear__layer_24,"101,102","42,101,102",3,"42,101,102",,original,44.556791,0.498775,OK,seed_manifest_layerwise_same_l_linear_mlp_v1.csv
mvp,same_L,V-JEPA 2.1,ViT-L/16,linear,id:6,6,6,mvp__same_l__jepa_v2_1__vitl_384__linear__layer_6,"101,102","42,101,102",3,"42,101,102",,original,41.253792,0.926709,OK,seed_manifest_layerwise_same_l_linear_mlp_v1.csv
mvp,main,VideoMAE,ViT-H/16,linear,id:16,16,Layer 0.5,mvp__videomae__linear__layer_16,"101,102","42,101,102",3,"42,101,102",,original,35.827435,0.650061,OK,seed_manifest_layerwise_main_linear_mlp_v1.csv
mvp,main,VideoMAE,ViT-H/16,linear,id:24,24,Layer 0.75,mvp__videomae__linear__layer_24,"101,102","42,101,102",3,"42,101,102",,original,34.715201,2.885392,OK,seed_manifest_layerwise_main_linear_mlp_v1.csv;seed_manifest_main_linear_mlp_v1.csv
mvp,main,VideoMAE,ViT-H/16,linear,id:32,32,Final layer,mvp__videomae__linear__layer_32,"101,102","42,101,102",3,"42,101,102",,original,33.535558,2.293116,OK,seed_manifest_layerwise_main_linear_mlp_v1.csv
mvp,main,VideoMAE,ViT-H/16,linear,id:8,8,Layer 0.25,mvp__videomae__linear__layer_8,"101,102","42,101,102",3,"42,101,102",,original,30.872936,0.883407,OK,seed_manifest_layerwise_main_linear_mlp_v1.csv
mvp,same_L,VideoMAE,ViT-L/16,linear,id:12,12,12,mvp__same_l__videomae__vit_large_16_224__linear__layer_12,"101,102","42,101,102",3,"42,101,102",,original,35.760027,0.731464,OK,seed_manifest_layerwise_same_l_linear_mlp_v1.csv
mvp,same_L,VideoMAE,ViT-L/16,linear,id:18,18,18,mvp__same_l__videomae__vit_large_16_224__linear__layer_18,"101,102","42,101,102",3,"42,101,102",,original,39.265251,0.859949,OK,seed_manifest_layerwise_same_l_linear_mlp_v1.csv
mvp,same_L,VideoMAE,ViT-L/16,linear,id:24,24,24,mvp__same_l__videomae__vit_large_16_224__linear__layer_24,"101,102","42,101,102",3,"42,101,102",,original,41.186384,0.308903,OK,seed_manifest_layerwise_same_l_linear_mlp_v1.csv
mvp,same_L,VideoMAE,ViT-L/16,linear,id:6,6,6,mvp__same_l__videomae__vit_large_16_224__linear__layer_6,"101,102","42,101,102",3,"42,101,102",,original,31.648129,0.535036,OK,seed_manifest_layerwise_same_l_linear_mlp_v1.csv
mvp,backbone_sweep,VideoMAE-v2,ViT-B/16,linear,id:12,12,12,mvp__backbone_sweep__videomae_v2__vit_base_16_224__linear__layer_12,"101,102","42,101,102",3,"42,101,102",,original,35.928547,0.355094,OK,seed_manifest_layerwise_backbone_sweep_linear_mlp_v1.csv
mvp,backbone_sweep,VideoMAE-v2,ViT-B/16,linear,id:3,3,3,mvp__backbone_sweep__videomae_v2__vit_base_16_224__linear__layer_3,"101,102","42,101,102",3,"42,101,102",,original,32.827772,0.25446,OK,seed_manifest_layerwise_backbone_sweep_linear_mlp_v1.csv
mvp,backbone_sweep,VideoMAE-v2,ViT-B/16,linear,id:6,6,6,mvp__backbone_sweep__videomae_v2__vit_base_16_224__linear__layer_6,"101,102","42,101,102",3,"42,101,102",,original,35.355578,0.518867,OK,seed_manifest_layerwise_backbone_sweep_linear_mlp_v1.csv
mvp,backbone_sweep,VideoMAE-v2,ViT-B/16,linear,id:9,9,9,mvp__backbone_sweep__videomae_v2__vit_base_16_224__linear__layer_9,"101,102","42,101,102",3,"42,101,102",,original,39.096731,1.090576,OK,seed_manifest_layerwise_backbone_sweep_linear_mlp_v1.csv
mvp,main,VideoMAE-v2,ViT-G/16,linear,id:10,10,Layer 0.25,mvp__videomae_v2__linear__layer_10,"101,102","42,101,102",3,"42,101,102",,original,32.794068,0.710189,OK,seed_manifest_layerwise_main_linear_mlp_v1.csv
mvp,main,VideoMAE-v2,ViT-G/16,linear,id:20,20,Layer 0.5,mvp__videomae_v2__linear__layer_20,"101,102","42,101,102",3,"42,101,102",,original,35.995955,1.530105,OK,seed_manifest_layerwise_main_linear_mlp_v1.csv;seed_manifest_main_linear_mlp_v1.csv
mvp,main,VideoMAE-v2,ViT-G/16,linear,id:30,30,Layer 0.75,mvp__videomae_v2__linear__layer_30,"101,102","42,101,102",3,"42,101,102",,original,35.119649,0.823512,OK,seed_manifest_layerwise_main_linear_mlp_v1.csv
mvp,main,VideoMAE-v2,ViT-G/16,linear,id:40,40,Final layer,mvp__videomae_v2__linear__layer_40,"101,102","42,101,102",3,"42,101,102",,original,33.367037,1.290915,OK,seed_manifest_layerwise_main_linear_mlp_v1.csv
mvp,same_L,VideoMAE-v2,ViT-L/16,linear,id:12,12,12,mvp__same_l__videomae_v2__vit_large_16_224__linear__layer_12,"101,102","42,101,102",3,"42,101,102",,original,38.153017,1.08116,OK,seed_manifest_layerwise_same_l_linear_mlp_v1.csv
mvp,same_L,VideoMAE-v2,ViT-L/16,linear,id:18,18,18,mvp__same_l__videomae_v2__vit_large_16_224__linear__layer_18,"101,102","42,101,102",3,"42,101,102",,original,40.040445,0.463354,OK,seed_manifest_layerwise_same_l_linear_mlp_v1.csv
mvp,same_L,VideoMAE-v2,ViT-L/16,linear,id:24,24,24,mvp__same_l__videomae_v2__vit_large_16_224__linear__layer_24,"101,102","42,101,102",3,"42,101,102",,original,34.917425,0.688257,OK,seed_manifest_layerwise_same_l_linear_mlp_v1.csv
mvp,same_L,VideoMAE-v2,ViT-L/16,linear,id:6,6,6,mvp__same_l__videomae_v2__vit_large_16_224__linear__layer_6,"101,102","42,101,102",3,"42,101,102",,original,32.72666,1.420378,OK,seed_manifest_layerwise_same_l_linear_mlp_v1.csv
mvp,ltx,LTX-13B,LTX-13B,mlp,id:1,1,noise_1.0_block_12,mvp__ltx__ltxv_13b_0_9_8_distilled__mlp__slot_1,"101,102","42,101,102",3,"42,101,102",,ready_manifest,0.0,0.0,OK,seed_manifest_mvp_ltx13b_linear_mlp.csv
mvp,ltx,LTX-13B,LTX-13B,mlp,id:10,10,noise_0.8_block_24,mvp__ltx__ltxv_13b_0_9_8_distilled__mlp__slot_10,"101,102","42,101,102",3,"42,101,102",,ready_manifest,66.43073811931244,1.026177104660486,OK,seed_manifest_mvp_ltx13b_linear_mlp.csv
mvp,ltx,LTX-13B,LTX-13B,mlp,id:11,11,noise_0.8_block_36,mvp__ltx__ltxv_13b_0_9_8_distilled__mlp__slot_11,"101,102","42,101,102",3,"42,101,102",,ready_manifest,52.173913043478265,0.2675178272057203,OK,seed_manifest_mvp_ltx13b_linear_mlp.csv
mvp,ltx,LTX-13B,LTX-13B,mlp,id:12,12,noise_0.8_block_48,mvp__ltx__ltxv_13b_0_9_8_distilled__mlp__slot_12,"101,102","42,101,102",3,"42,101,102",,ready_manifest,41.96157735085946,0.2022244691607717,OK,seed_manifest_mvp_ltx13b_linear_mlp.csv
mvp,ltx,LTX-13B,LTX-13B,mlp,id:13,13,noise_0.7_block_12,mvp__ltx__ltxv_13b_0_9_8_distilled__mlp__slot_13,"101,102","42,101,102",3,"42,101,102",,ready_manifest,62.52106504887092,0.6882567528366104,OK,seed_manifest_mvp_ltx13b_linear_mlp.csv
mvp,ltx,LTX-13B,LTX-13B,mlp,id:14,14,noise_0.7_block_24,mvp__ltx__ltxv_13b_0_9_8_distilled__mlp__slot_14,"101,102","42,101,102",3,"42,101,102",,ready_manifest,67.88001348163128,0.4670174068267947,OK,seed_manifest_mvp_ltx13b_linear_mlp.csv
mvp,ltx,LTX-13B,LTX-13B,mlp,id:15,15,noise_0.7_block_36,mvp__ltx__ltxv_13b_0_9_8_distilled__mlp__slot_15,"101,102","42,101,102",3,"42,101,102",,ready_manifest,58.7799123693967,2.2067807933765944,OK,seed_manifest_mvp_ltx13b_linear_mlp.csv
mvp,ltx,LTX-13B,LTX-13B,mlp,id:16,16,noise_0.7_block_48,mvp__ltx__ltxv_13b_0_9_8_distilled__mlp__slot_16,"101,102","42,101,102",3,"42,101,102",,ready_manifest,49.174250084260194,0.9715898419548066,OK,seed_manifest_mvp_ltx13b_linear_mlp.csv
mvp,ltx,LTX-13B,LTX-13B,mlp,id:17,17,noise_0.6_block_12,mvp__ltx__ltxv_13b_0_9_8_distilled__mlp__slot_17,"101,102","42,101,102",3,"42,101,102",,ready_manifest,63.09403437815976,1.516683518705765,OK,seed_manifest_mvp_ltx13b_linear_mlp.csv
mvp,ltx,LTX-13B,LTX-13B,mlp,id:18,18,noise_0.6_block_24,mvp__ltx__ltxv_13b_0_9_8_distilled__mlp__slot_18,"101,102","42,101,102",3,"42,101,102",,ready_manifest,68.58779912369397,0.6500607186378847,OK,seed_manifest_mvp_ltx13b_linear_mlp.csv
mvp,ltx,LTX-13B,LTX-13B,mlp,id:19,19,noise_0.6_block_36,mvp__ltx__ltxv_13b_0_9_8_distilled__mlp__slot_19,"101,102","42,101,102",3,"42,101,102",,ready_manifest,62.82440175261207,1.0178408406162174,OK,seed_manifest_mvp_ltx13b_linear_mlp.csv
mvp,ltx,LTX-13B,LTX-13B,mlp,id:2,2,noise_1.0_block_24,mvp__ltx__ltxv_13b_0_9_8_distilled__mlp__slot_2,"101,102","42,101,102",3,"42,101,102",,ready_manifest,0.0,0.0,OK,seed_manifest_mvp_ltx13b_linear_mlp.csv
mvp,ltx,LTX-13B,LTX-13B,mlp,id:20,20,noise_0.6_block_48,mvp__ltx__ltxv_13b_0_9_8_distilled__mlp__slot_20,"101,102","42,101,102",3,"42,101,102",,ready_manifest,58.71250421300977,0.3250303593189412,OK,seed_manifest_mvp_ltx13b_linear_mlp.csv
mvp,ltx,LTX-13B,LTX-13B,mlp,id:21,21,noise_0.5_block_12,mvp__ltx__ltxv_13b_0_9_8_distilled__mlp__slot_21,"101,102","42,101,102",3,"42,101,102",,ready_manifest,62.99292214357937,0.7077856420626871,OK,seed_manifest_mvp_ltx13b_linear_mlp.csv
mvp,ltx,LTX-13B,LTX-13B,mlp,id:22,22,noise_0.5_block_24,mvp__ltx__ltxv_13b_0_9_8_distilled__mlp__slot_22,"101,102","42,101,102",3,"42,101,102",,ready_manifest,68.31816649814628,0.8834069714918253,OK,seed_manifest_mvp_ltx13b_linear_mlp.csv
mvp,ltx,LTX-13B,LTX-13B,mlp,id:23,23,noise_0.5_block_36,mvp__ltx__ltxv_13b_0_9_8_distilled__mlp__slot_23,"101,102","42,101,102",3,"42,101,102",,ready_manifest,64.00404448938322,1.6645174553239943,OK,seed_manifest_mvp_ltx13b_linear_mlp.csv
mvp,ltx,LTX-13B,LTX-13B,mlp,id:24,24,noise_0.5_block_48,mvp__ltx__ltxv_13b_0_9_8_distilled__mlp__slot_24,"101,102","42,101,102",3,"42,101,102",,ready_manifest,61.20660599932592,0.2104819008560293,OK,seed_manifest_mvp_ltx13b_linear_mlp.csv
mvp,ltx,LTX-13B,LTX-13B,mlp,id:25,25,noise_0.4_block_12,mvp__ltx__ltxv_13b_0_9_8_distilled__mlp__slot_25,"101,102","42,101,102",3,"42,101,102",,ready_manifest,62.21772834512976,0.9975496182641612,OK,seed_manifest_mvp_ltx13b_linear_mlp.csv
mvp,ltx,LTX-13B,LTX-13B,mlp,id:26,26,noise_0.4_block_24,mvp__ltx__ltxv_13b_0_9_8_distilled__mlp__slot_26,"101,102","42,101,102",3,"42,101,102",,ready_manifest,67.81260532524435,0.4987748091320769,OK,seed_manifest_mvp_ltx13b_linear_mlp.csv
mvp,ltx,LTX-13B,LTX-13B,mlp,id:27,27,noise_0.4_block_36,mvp__ltx__ltxv_13b_0_9_8_distilled__mlp__slot_27,"101,102","42,101,102",3,"42,101,102",,ready_manifest,66.4644421975059,0.5568827651452067,OK,seed_manifest_mvp_ltx13b_linear_mlp.csv
mvp,ltx,LTX-13B,LTX-13B,mlp,id:28,28,noise_0.4_block_48,mvp__ltx__ltxv_13b_0_9_8_distilled__mlp__slot_28,"101,102","42,101,102",3,"42,101,102",,ready_manifest,62.25143242332322,0.8479774604252872,OK,seed_manifest_mvp_ltx13b_linear_mlp.csv
mvp,ltx,LTX-13B,LTX-13B,mlp,id:29,29,noise_0.3_block_12,mvp__ltx__ltxv_13b_0_9_8_distilled__mlp__slot_29,"101,102","42,101,102",3,"42,101,102",,ready_manifest,61.47623862487361,1.0556427208200851,OK,seed_manifest_mvp_ltx13b_linear_mlp.csv
mvp,ltx,LTX-13B,LTX-13B,mlp,id:3,3,noise_1.0_block_36,mvp__ltx__ltxv_13b_0_9_8_distilled__mlp__slot_3,"101,102","42,101,102",3,"42,101,102",,ready_manifest,0.0,0.0,OK,seed_manifest_mvp_ltx13b_linear_mlp.csv
mvp,ltx,LTX-13B,LTX-13B,mlp,id:30,30,noise_0.3_block_24,mvp__ltx__ltxv_13b_0_9_8_distilled__mlp__slot_30,"101,102","42,101,102",3,"42,101,102",,ready_manifest,66.26221772834514,0.9556755563705972,OK,seed_manifest_mvp_ltx13b_linear_mlp.csv
mvp,ltx,LTX-13B,LTX-13B,mlp,id:31,31,noise_0.3_block_36,mvp__ltx__ltxv_13b_0_9_8_distilled__mlp__slot_31,"101,102","42,101,102",3,"42,101,102",,ready_manifest,65.45331985170206,1.171913626606922,OK,seed_manifest_mvp_ltx13b_linear_mlp.csv
mvp,ltx,LTX-13B,LTX-13B,mlp,id:32,32,noise_0.3_block_48,mvp__ltx__ltxv_13b_0_9_8_distilled__mlp__slot_32,"101,102","42,101,102",3,"42,101,102",,ready_manifest,61.71216717222784,1.0811604268517327,OK,seed_manifest_mvp_ltx13b_linear_mlp.csv
mvp,ltx,LTX-13B,LTX-13B,mlp,id:33,33,noise_0.2_block_12,mvp__ltx__ltxv_13b_0_9_8_distilled__mlp__slot_33,"101,102","42,101,102",3,"42,101,102",,ready_manifest,60.36400404448938,1.5099276565286277,OK,seed_manifest_mvp_ltx13b_linear_mlp.csv
mvp,ltx,LTX-13B,LTX-13B,mlp,id:34,34,noise_0.2_block_24,mvp__ltx__ltxv_13b_0_9_8_distilled__mlp__slot_34,"101,102","42,101,102",3,"42,101,102",,ready_manifest,65.31850353892821,0.2675178272057216,OK,seed_manifest_mvp_ltx13b_linear_mlp.csv
mvp,ltx,LTX-13B,LTX-13B,mlp,id:35,35,noise_0.2_block_36,mvp__ltx__ltxv_13b_0_9_8_distilled__mlp__slot_35,"101,102","42,101,102",3,"42,101,102",,ready_manifest,65.01516683518706,0.0,OK,seed_manifest_mvp_ltx13b_linear_mlp.csv
mvp,ltx,LTX-13B,LTX-13B,mlp,id:36,36,noise_0.2_block_48,mvp__ltx__ltxv_13b_0_9_8_distilled__mlp__slot_36,"101,102","42,101,102",3,"42,101,102",,ready_manifest,60.12807549713516,0.772257447751236,OK,seed_manifest_mvp_ltx13b_linear_mlp.csv
mvp,ltx,LTX-13B,LTX-13B,mlp,id:37,37,noise_0.1_block_12,mvp__ltx__ltxv_13b_0_9_8_distilled__mlp__slot_37,"101,102","42,101,102",3,"42,101,102",,ready_manifest,59.58881024603977,0.6882567528366064,OK,seed_manifest_mvp_ltx13b_linear_mlp.csv
mvp,ltx,LTX-13B,LTX-13B,mlp,id:38,38,noise_0.1_block_24,mvp__ltx__ltxv_13b_0_9_8_distilled__mlp__slot_38,"101,102","42,101,102",3,"42,101,102",,ready_manifest,64.20626895854399,0.535035654411446,OK,seed_manifest_mvp_ltx13b_linear_mlp.csv
mvp,ltx,LTX-13B,LTX-13B,mlp,id:39,39,noise_0.1_block_36,mvp__ltx__ltxv_13b_0_9_8_distilled__mlp__slot_39,"101,102","42,101,102",3,"42,101,102",,ready_manifest,65.14998314796091,1.416774489853972,OK,seed_manifest_mvp_ltx13b_linear_mlp.csv
mvp,ltx,LTX-13B,LTX-13B,mlp,id:4,4,noise_1.0_block_48,mvp__ltx__ltxv_13b_0_9_8_distilled__mlp__slot_4,"101,102","42,101,102",3,"42,101,102",,ready_manifest,0.0,0.0,OK,seed_manifest_mvp_ltx13b_linear_mlp.csv
mvp,ltx,LTX-13B,LTX-13B,mlp,id:40,40,noise_0.1_block_48,mvp__ltx__ltxv_13b_0_9_8_distilled__mlp__slot_40,"101,102","42,101,102",3,"42,101,102",,ready_manifest,61.40883046848669,0.7314639168928456,OK,seed_manifest_mvp_ltx13b_linear_mlp.csv
mvp,ltx,LTX-13B,LTX-13B,mlp,id:5,5,noise_0.9_block_12,mvp__ltx__ltxv_13b_0_9_8_distilled__mlp__slot_5,"101,102","42,101,102",3,"42,101,102",,ready_manifest,50.18537243006404,1.2882719820435704,OK,seed_manifest_mvp_ltx13b_linear_mlp.csv
mvp,ltx,LTX-13B,LTX-13B,mlp,id:6,6,noise_0.9_block_24,mvp__ltx__ltxv_13b_0_9_8_distilled__mlp__slot_6,"101,102","42,101,102",3,"42,101,102",,ready_manifest,55.17357600269632,0.7173507466731658,OK,seed_manifest_mvp_ltx13b_linear_mlp.csv
mvp,ltx,LTX-13B,LTX-13B,mlp,id:7,7,noise_0.9_block_36,mvp__ltx__ltxv_13b_0_9_8_distilled__mlp__slot_7,"101,102","42,101,102",3,"42,101,102",,ready_manifest,43.14122008763061,1.531218967522826,OK,seed_manifest_mvp_ltx13b_linear_mlp.csv
mvp,ltx,LTX-13B,LTX-13B,mlp,id:8,8,noise_0.9_block_48,mvp__ltx__ltxv_13b_0_9_8_distilled__mlp__slot_8,"101,102","42,101,102",3,"42,101,102",,ready_manifest,32.89518031681833,0.4086402309734454,OK,seed_manifest_mvp_ltx13b_linear_mlp.csv
mvp,ltx,LTX-13B,LTX-13B,mlp,id:9,9,noise_0.8_block_12,mvp__ltx__ltxv_13b_0_9_8_distilled__mlp__slot_9,"101,102","42,101,102",3,"42,101,102",,ready_manifest,60.97067745197169,0.9750910779568234,OK,seed_manifest_mvp_ltx13b_linear_mlp.csv
mvp,ltx,LTX-2B,LTX-2B,mlp,id:1,1,noise_1.0_block_7,mvp__ltx__ltx_2b_0_9_8_distilled__mlp__slot_1,"101,102","42,101,102",3,"42,101,102",,ready_manifest,0.0,0.0,OK,seed_manifest_mvp_ltx2b_linear_mlp.csv
mvp,ltx,LTX-2B,LTX-2B,mlp,id:10,10,noise_0.8_block_14,mvp__ltx__ltx_2b_0_9_8_distilled__mlp__slot_10,"101,102","42,101,102",3,"42,101,102",,ready_manifest,39.02932254802831,7.922322636986422,OK,seed_manifest_mvp_ltx2b_linear_mlp.csv
mvp,ltx,LTX-2B,LTX-2B,mlp,id:11,11,noise_0.8_block_21,mvp__ltx__ltx_2b_0_9_8_distilled__mlp__slot_11,"101,102","42,101,102",3,"42,101,102",,ready_manifest,37.98449612403101,9.434553547494865,OK,seed_manifest_mvp_ltx2b_linear_mlp.csv
mvp,ltx,LTX-2B,LTX-2B,mlp,id:12,12,noise_0.8_block_28,mvp__ltx__ltx_2b_0_9_8_distilled__mlp__slot_12,"101,102","42,101,102",3,"42,101,102",,ready_manifest,35.018537243006406,8.838119342705657,OK,seed_manifest_mvp_ltx2b_linear_mlp.csv
mvp,ltx,LTX-2B,LTX-2B,mlp,id:13,13,noise_0.7_block_7,mvp__ltx__ltx_2b_0_9_8_distilled__mlp__slot_13,"101,102","42,101,102",3,"42,101,102",,ready_manifest,43.849005729693296,4.7126690424019975,OK,seed_manifest_mvp_ltx2b_linear_mlp.csv
mvp,ltx,LTX-2B,LTX-2B,mlp,id:14,14,noise_0.7_block_14,mvp__ltx__ltx_2b_0_9_8_distilled__mlp__slot_14,"101,102","42,101,102",3,"42,101,102",,ready_manifest,39.09673070441524,9.254025336389624,OK,seed_manifest_mvp_ltx2b_linear_mlp.csv
mvp,ltx,LTX-2B,LTX-2B,mlp,id:15,15,noise_0.7_block_21,mvp__ltx__ltx_2b_0_9_8_distilled__mlp__slot_15,"101,102","42,101,102",3,"42,101,102",,ready_manifest,40.07414897202561,12.5380529907722,OK,seed_manifest_mvp_ltx2b_linear_mlp.csv
mvp,ltx,LTX-2B,LTX-2B,mlp,id:16,16,noise_0.7_block_28,mvp__ltx__ltx_2b_0_9_8_distilled__mlp__slot_16,"101,102","42,101,102",3,"42,101,102",,ready_manifest,39.467475564543314,11.549094731697702,OK,seed_manifest_mvp_ltx2b_linear_mlp.csv
mvp,ltx,LTX-2B,LTX-2B,mlp,id:17,17,noise_0.6_block_7,mvp__ltx__ltx_2b_0_9_8_distilled__mlp__slot_17,"101,102","42,101,102",3,"42,101,102",,ready_manifest,45.601617795753285,4.5635122735679445,OK,seed_manifest_mvp_ltx2b_linear_mlp.csv
mvp,ltx,LTX-2B,LTX-2B,mlp,id:18,18,noise_0.6_block_14,mvp__ltx__ltx_2b_0_9_8_distilled__mlp__slot_18,"101,102","42,101,102",3,"42,101,102",,ready_manifest,41.75935288169869,10.508378118807832,OK,seed_manifest_mvp_ltx2b_linear_mlp.csv
mvp,ltx,LTX-2B,LTX-2B,mlp,id:19,19,noise_0.6_block_21,mvp__ltx__ltx_2b_0_9_8_distilled__mlp__slot_19,"101,102","42,101,102",3,"42,101,102",,ready_manifest,40.88304684866869,12.909277934827749,OK,seed_manifest_mvp_ltx2b_linear_mlp.csv
mvp,ltx,LTX-2B,LTX-2B,mlp,id:2,2,noise_1.0_block_14,mvp__ltx__ltx_2b_0_9_8_distilled__mlp__slot_2,"101,102","42,101,102",3,"42,101,102",,ready_manifest,0.0,0.0,OK,seed_manifest_mvp_ltx2b_linear_mlp.csv
mvp,ltx,LTX-2B,LTX-2B,mlp,id:20,20,noise_0.6_block_28,mvp__ltx__ltx_2b_0_9_8_distilled__mlp__slot_20,"101,102","42,101,102",3,"42,101,102",,ready_manifest,41.354903943377145,12.467593643517372,OK,seed_manifest_mvp_ltx2b_linear_mlp.csv
mvp,ltx,LTX-2B,LTX-2B,mlp,id:21,21,noise_0.5_block_7,mvp__ltx__ltx_2b_0_9_8_distilled__mlp__slot_21,"101,102","42,101,102",3,"42,101,102",,ready_manifest,45.97236265588136,6.002638607034407,OK,seed_manifest_mvp_ltx2b_linear_mlp.csv
mvp,ltx,LTX-2B,LTX-2B,mlp,id:22,22,noise_0.5_block_14,mvp__ltx__ltx_2b_0_9_8_distilled__mlp__slot_22,"101,102","42,101,102",3,"42,101,102",,ready_manifest,42.93899561846983,8.903811177795571,OK,seed_manifest_mvp_ltx2b_linear_mlp.csv
mvp,ltx,LTX-2B,LTX-2B,mlp,id:23,23,noise_0.5_block_21,mvp__ltx__ltx_2b_0_9_8_distilled__mlp__slot_23,"101,102","42,101,102",3,"42,101,102",,ready_manifest,41.89416919447253,11.426279024369226,OK,seed_manifest_mvp_ltx2b_linear_mlp.csv
mvp,ltx,LTX-2B,LTX-2B,mlp,id:24,24,noise_0.5_block_28,mvp__ltx__ltx_2b_0_9_8_distilled__mlp__slot_24,"101,102","42,101,102",3,"42,101,102",,ready_manifest,40.98415908324908,11.91252036987056,OK,seed_manifest_mvp_ltx2b_linear_mlp.csv
mvp,ltx,LTX-2B,LTX-2B,mlp,id:25,25,noise_0.4_block_7,mvp__ltx__ltx_2b_0_9_8_distilled__mlp__slot_25,"101,102","42,101,102",3,"42,101,102",,ready_manifest,45.39939332659252,6.611070187372107,OK,seed_manifest_mvp_ltx2b_linear_mlp.csv
mvp,ltx,LTX-2B,LTX-2B,mlp,id:26,26,noise_0.4_block_14,mvp__ltx__ltx_2b_0_9_8_distilled__mlp__slot_26,"101,102","42,101,102",3,"42,101,102",,ready_manifest,42.43343444556792,8.835805496952757,OK,seed_manifest_mvp_ltx2b_linear_mlp.csv
mvp,ltx,LTX-2B,LTX-2B,mlp,id:27,27,noise_0.4_block_21,mvp__ltx__ltx_2b_0_9_8_distilled__mlp__slot_27,"101,102","42,101,102",3,"42,101,102",,ready_manifest,43.10751600943714,10.29873319987729,OK,seed_manifest_mvp_ltx2b_linear_mlp.csv
mvp,ltx,LTX-2B,LTX-2B,mlp,id:28,28,noise_0.4_block_28,mvp__ltx__ltx_2b_0_9_8_distilled__mlp__slot_28,"101,102","42,101,102",3,"42,101,102",,ready_manifest,42.56825075834176,11.419864835992316,OK,seed_manifest_mvp_ltx2b_linear_mlp.csv
mvp,ltx,LTX-2B,LTX-2B,mlp,id:29,29,noise_0.3_block_7,mvp__ltx__ltx_2b_0_9_8_distilled__mlp__slot_29,"101,102","42,101,102",3,"42,101,102",,ready_manifest,46.107178968655205,5.86712399450112,OK,seed_manifest_mvp_ltx2b_linear_mlp.csv
mvp,ltx,LTX-2B,LTX-2B,mlp,id:3,3,noise_1.0_block_21,mvp__ltx__ltx_2b_0_9_8_distilled__mlp__slot_3,"101,102","42,101,102",3,"42,101,102",,ready_manifest,0.0,0.0,OK,seed_manifest_mvp_ltx2b_linear_mlp.csv
mvp,ltx,LTX-2B,LTX-2B,mlp,id:30,30,noise_0.3_block_14,mvp__ltx__ltx_2b_0_9_8_distilled__mlp__slot_30,"101,102","42,101,102",3,"42,101,102",,ready_manifest,43.91641388608021,8.357727972277056,OK,seed_manifest_mvp_ltx2b_linear_mlp.csv
mvp,ltx,LTX-2B,LTX-2B,mlp,id:31,31,noise_0.3_block_21,mvp__ltx__ltx_2b_0_9_8_distilled__mlp__slot_31,"101,102","42,101,102",3,"42,101,102",,ready_manifest,45.736434108527135,12.508663699721058,OK,seed_manifest_mvp_ltx2b_linear_mlp.csv
mvp,ltx,LTX-2B,LTX-2B,mlp,id:32,32,noise_0.3_block_28,mvp__ltx__ltx_2b_0_9_8_distilled__mlp__slot_32,"101,102","42,101,102",3,"42,101,102",,ready_manifest,42.16380182002023,10.51567239635996,OK,seed_manifest_mvp_ltx2b_linear_mlp.csv
mvp,ltx,LTX-2B,LTX-2B,mlp,id:33,33,noise_0.2_block_7,mvp__ltx__ltx_2b_0_9_8_distilled__mlp__slot_33,"101,102","42,101,102",3,"42,101,102",,ready_manifest,44.59049544994944,5.410213234245395,OK,seed_manifest_mvp_ltx2b_linear_mlp.csv
mvp,ltx,LTX-2B,LTX-2B,mlp,id:34,34,noise_0.2_block_14,mvp__ltx__ltx_2b_0_9_8_distilled__mlp__slot_34,"101,102","42,101,102",3,"42,101,102",,ready_manifest,43.714189416919446,5.845593191624385,OK,seed_manifest_mvp_ltx2b_linear_mlp.csv
mvp,ltx,LTX-2B,LTX-2B,mlp,id:35,35,noise_0.2_block_21,mvp__ltx__ltx_2b_0_9_8_distilled__mlp__slot_35,"101,102","42,101,102",3,"42,101,102",,ready_manifest,45.63532187394674,11.17934349095045,OK,seed_manifest_mvp_ltx2b_linear_mlp.csv
mvp,ltx,LTX-2B,LTX-2B,mlp,id:36,36,noise_0.2_block_28,mvp__ltx__ltx_2b_0_9_8_distilled__mlp__slot_36,"101,102","42,101,102",3,"42,101,102",,ready_manifest,42.77047522750253,9.142693270339588,OK,seed_manifest_mvp_ltx2b_linear_mlp.csv
mvp,ltx,LTX-2B,LTX-2B,mlp,id:37,37,noise_0.1_block_7,mvp__ltx__ltx_2b_0_9_8_distilled__mlp__slot_37,"101,102","42,101,102",3,"42,101,102",,ready_manifest,44.72531176272329,5.554121214725857,OK,seed_manifest_mvp_ltx2b_linear_mlp.csv
mvp,ltx,LTX-2B,LTX-2B,mlp,id:38,38,noise_0.1_block_14,mvp__ltx__ltx_2b_0_9_8_distilled__mlp__slot_38,"101,102","42,101,102",3,"42,101,102",,ready_manifest,43.714189416919446,4.1754986628779465,OK,seed_manifest_mvp_ltx2b_linear_mlp.csv
mvp,ltx,LTX-2B,LTX-2B,mlp,id:39,39,noise_0.1_block_21,mvp__ltx__ltx_2b_0_9_8_distilled__mlp__slot_39,"101,102","42,101,102",3,"42,101,102",,ready_manifest,42.871587462082914,9.217865130986729,OK,seed_manifest_mvp_ltx2b_linear_mlp.csv
mvp,ltx,LTX-2B,LTX-2B,mlp,id:4,4,noise_1.0_block_28,mvp__ltx__ltx_2b_0_9_8_distilled__mlp__slot_4,"101,102","42,101,102",3,"42,101,102",,ready_manifest,0.0,0.0,OK,seed_manifest_mvp_ltx2b_linear_mlp.csv
mvp,ltx,LTX-2B,LTX-2B,mlp,id:40,40,noise_0.1_block_28,mvp__ltx__ltx_2b_0_9_8_distilled__mlp__slot_40,"101,102","42,101,102",3,"42,101,102",,ready_manifest,42.2649140546006,8.1563172859952,OK,seed_manifest_mvp_ltx2b_linear_mlp.csv
mvp,ltx,LTX-2B,LTX-2B,mlp,id:5,5,noise_0.9_block_7,mvp__ltx__ltx_2b_0_9_8_distilled__mlp__slot_5,"101,102","42,101,102",3,"42,101,102",,ready_manifest,36.70374115267948,4.60143994053903,OK,seed_manifest_mvp_ltx2b_linear_mlp.csv
mvp,ltx,LTX-2B,LTX-2B,mlp,id:6,6,noise_0.9_block_14,mvp__ltx__ltx_2b_0_9_8_distilled__mlp__slot_6,"101,102","42,101,102",3,"42,101,102",,ready_manifest,34.81631277384564,4.63060181883265,OK,seed_manifest_mvp_ltx2b_linear_mlp.csv
mvp,ltx,LTX-2B,LTX-2B,mlp,id:7,7,noise_0.9_block_21,mvp__ltx__ltx_2b_0_9_8_distilled__mlp__slot_7,"101,102","42,101,102",3,"42,101,102",,ready_manifest,32.59184361307718,6.59739574418177,OK,seed_manifest_mvp_ltx2b_linear_mlp.csv
mvp,ltx,LTX-2B,LTX-2B,mlp,id:8,8,noise_0.9_block_28,mvp__ltx__ltx_2b_0_9_8_distilled__mlp__slot_8,"101,102","42,101,102",3,"42,101,102",,ready_manifest,27.3340074148972,2.437902436134158,OK,seed_manifest_mvp_ltx2b_linear_mlp.csv
mvp,ltx,LTX-2B,LTX-2B,mlp,id:9,9,noise_0.8_block_7,mvp__ltx__ltx_2b_0_9_8_distilled__mlp__slot_9,"101,102","42,101,102",3,"42,101,102",,ready_manifest,43.07381193124368,5.262695118169099,OK,seed_manifest_mvp_ltx2b_linear_mlp.csv
mvp,main,V-JEPA,ViT-H/16,mlp,id:16,16,Layer 0.5,mvp__jepa_v1__mlp__layer_16,"101,102","42,101,102",3,"42,101,102",,original,71.351534,1.272301,OK,seed_manifest_layerwise_main_linear_mlp_v1.csv
mvp,main,V-JEPA,ViT-H/16,mlp,id:24,24,Layer 0.75,mvp__jepa_v1__mlp__layer_24,"101,102","42,101,102",3,"42,101,102",,original,86.821706,0.058378,OK,seed_manifest_layerwise_main_linear_mlp_v1.csv
mvp,main,V-JEPA,ViT-H/16,mlp,id:32,32,Final layer,mvp__jepa_v1__mlp__layer_32,"101,102","42,101,102",3,"42,101,102",,original,87.731715,0.99755,OK,seed_manifest_layerwise_main_linear_mlp_v1.csv;seed_manifest_main_linear_mlp_v1.csv
mvp,main,V-JEPA,ViT-H/16,mlp,id:8,8,Layer 0.25,mvp__jepa_v1__mlp__layer_8,"101,102","42,101,102",3,"42,101,102",,original,58.914729,0.765609,OK,seed_manifest_layerwise_main_linear_mlp_v1.csv
mvp,same_L,V-JEPA,ViT-L/16,mlp,id:12,12,12,mvp__same_l__jepa_v1__vitl16_224__mlp__layer_12,"101,102","42,101,102",3,"42,101,102",,original,66.970003,1.109166,OK,seed_manifest_layerwise_same_l_linear_mlp_v1.csv
mvp,same_L,V-JEPA,ViT-L/16,mlp,id:18,18,18,mvp__same_l__jepa_v1__vitl16_224__mlp__layer_18,"101,102","42,101,102",3,"42,101,102",,original,83.181665,0.477838,OK,seed_manifest_layerwise_same_l_linear_mlp_v1.csv
mvp,same_L,V-JEPA,ViT-L/16,mlp,id:24,24,24,mvp__same_l__jepa_v1__vitl16_224__mlp__layer_24,"101,102","42,101,102",3,"42,101,102",,original,77.890125,0.961009,OK,seed_manifest_layerwise_same_l_linear_mlp_v1.csv
mvp,same_L,V-JEPA,ViT-L/16,mlp,id:6,6,6,mvp__same_l__jepa_v1__vitl16_224__mlp__layer_6,"101,102","42,101,102",3,"42,101,102",,original,60.566229,0.615041,OK,seed_manifest_layerwise_same_l_linear_mlp_v1.csv
mvp,main,V-JEPA 2,ViT-G/16,mlp,id:10,10,Layer 0.25,mvp__jepa_v2__mlp__layer_10,"101,102","42,101,102",3,"42,101,102",,original,51.56724,0.631446,OK,seed_manifest_layerwise_main_linear_mlp_v1.csv
mvp,main,V-JEPA 2,ViT-G/16,mlp,id:20,20,Layer 0.5,mvp__jepa_v2__mlp__layer_20,"101,102","42,101,102",3,"42,101,102",,original,58.881025,1.113766,OK,seed_manifest_layerwise_main_linear_mlp_v1.csv
mvp,main,V-JEPA 2,ViT-G/16,mlp,id:30,30,Layer 0.75,mvp__jepa_v2__mlp__layer_30,"101,102","42,101,102",3,"42,101,102",,original,73.542299,0.758903,OK,seed_manifest_layerwise_main_linear_mlp_v1.csv
mvp,main,V-JEPA 2,ViT-G/16,mlp,id:40,40,Final layer,mvp__jepa_v2__mlp__layer_40,"101,102","42,101,102",3,"42,101,102",,original,86.316144,0.382804,OK,seed_manifest_layerwise_main_linear_mlp_v1.csv;seed_manifest_main_linear_mlp_v1.csv
mvp,main_layerwise_seed_pilot,V-JEPA 2,ViT-G/16,mlp,id:10,10,10,mvp__jepa_v2__mlp__layer_10,"42,101,102","42,101,102",3,"42,101,102",,ready_manifest,51.06167846309403,0.631445702568092,OK,seed_manifest_jepa_v2_mlp_layerwise_v1.csv
mvp,main_layerwise_seed_pilot,V-JEPA 2,ViT-G/16,mlp,id:20,20,20,mvp__jepa_v2__mlp__layer_20,"42,101,102","42,101,102",3,"42,101,102",,ready_manifest,58.91472868217054,1.0905756445812844,OK,seed_manifest_jepa_v2_mlp_layerwise_v1.csv
mvp,main_layerwise_seed_pilot,V-JEPA 2,ViT-G/16,mlp,id:30,30,30,mvp__jepa_v2__mlp__layer_30,"42,101,102","42,101,102",3,"42,101,102",,ready_manifest,72.80080889787665,0.7077856420626958,OK,seed_manifest_jepa_v2_mlp_layerwise_v1.csv
mvp,main_layerwise_seed_pilot,V-JEPA 2,ViT-G/16,mlp,id:40,40,40,mvp__jepa_v2__mlp__layer_40,"42,101,102","42,101,102",3,"42,101,102",,ready_manifest,86.41725648803505,0.5568827651452067,OK,seed_manifest_jepa_v2_mlp_layerwise_v1.csv
mvp,same_L,V-JEPA 2,ViT-L/16,mlp,id:12,12,12,mvp__same_l__jepa_v2__vitl_256__mlp__layer_12,"101,102","42,101,102",3,"42,101,102",,original,66.666667,1.935271,OK,seed_manifest_layerwise_same_l_linear_mlp_v1.csv
mvp,same_L,V-JEPA 2,ViT-L/16,mlp,id:18,18,18,mvp__same_l__jepa_v2__vitl_256__mlp__layer_18,"101,102","42,101,102",3,"42,101,102",,original,84.192787,0.99755,OK,seed_manifest_layerwise_same_l_linear_mlp_v1.csv
mvp,same_L,V-JEPA 2,ViT-L/16,mlp,id:24,24,24,mvp__same_l__jepa_v2__vitl_256__mlp__layer_24,"101,102","42,101,102",3,"42,101,102",,original,86.788002,0.673238,OK,seed_manifest_layerwise_same_l_linear_mlp_v1.csv
mvp,same_L,V-JEPA 2,ViT-L/16,mlp,id:6,6,6,mvp__same_l__jepa_v2__vitl_256__mlp__layer_6,"101,102","42,101,102",3,"42,101,102",,original,55.712841,1.192096,OK,seed_manifest_layerwise_same_l_linear_mlp_v1.csv
mvp,backbone_sweep,V-JEPA 2.1,ViT-B/16,mlp,id:12,12,12,mvp__backbone_sweep__jepa_v2_1__vitb_384__mlp__layer_12,"101,102","42,101,102",3,"42,101,102",,original,70.610044,2.025612,OK,seed_manifest_layerwise_backbone_sweep_linear_mlp_v1.csv
mvp,backbone_sweep,V-JEPA 2.1,ViT-B/16,mlp,id:3,3,3,mvp__backbone_sweep__jepa_v2_1__vitb_384__mlp__layer_3,"101,102","42,101,102",3,"42,101,102",,original,50.219077,0.939492,OK,seed_manifest_layerwise_backbone_sweep_linear_mlp_v1.csv
mvp,backbone_sweep,V-JEPA 2.1,ViT-B/16,mlp,id:6,6,6,mvp__backbone_sweep__jepa_v2_1__vitb_384__mlp__layer_6,"101,102","42,101,102",3,"42,101,102",,original,63.161443,1.223138,OK,seed_manifest_layerwise_backbone_sweep_linear_mlp_v1.csv
mvp,backbone_sweep,V-JEPA 2.1,ViT-B/16,mlp,id:9,9,9,mvp__backbone_sweep__jepa_v2_1__vitb_384__mlp__layer_9,"101,102","42,101,102",3,"42,101,102",,original,66.464442,1.127451,OK,seed_manifest_layerwise_backbone_sweep_linear_mlp_v1.csv
mvp,backbone_sweep,V-JEPA 2.1,ViT-G/16,mlp,id:10,10,10,mvp__backbone_sweep__jepa_v2_1__vitg_384__mlp__layer_10,"101,102","42,101,102",3,"42,101,102",,original,47.152005,1.06208,OK,seed_manifest_layerwise_backbone_sweep_linear_mlp_v1.csv
mvp,backbone_sweep,V-JEPA 2.1,ViT-G/16,mlp,id:20,20,20,mvp__backbone_sweep__jepa_v2_1__vitg_384__mlp__layer_20,"101,102","42,101,102",3,"42,101,102",,original,60.397708,0.859949,OK,seed_manifest_layerwise_backbone_sweep_linear_mlp_v1.csv
mvp,backbone_sweep,V-JEPA 2.1,ViT-G/16,mlp,id:30,30,30,mvp__backbone_sweep__jepa_v2_1__vitg_384__mlp__layer_30,"101,102","42,101,102",3,"42,101,102",,original,68.92484,0.917469,OK,seed_manifest_layerwise_backbone_sweep_linear_mlp_v1.csv
mvp,backbone_sweep,V-JEPA 2.1,ViT-G/16,mlp,id:40,40,40,mvp__backbone_sweep__jepa_v2_1__vitg_384__mlp__layer_40,"101,102","42,101,102",3,"42,101,102",,original,65.891473,1.662469,OK,seed_manifest_layerwise_backbone_sweep_linear_mlp_v1.csv
mvp,main,V-JEPA 2.1,ViT-Gigantic/16,mlp,id:12,12,Layer 0.25,mvp__jepa_v2_1__mlp__layer_12,"101,102","42,101,102",3,"42,101,102",,original,53.859117,1.167544,OK,seed_manifest_layerwise_main_linear_mlp_v1.csv
mvp,main,V-JEPA 2.1,ViT-Gigantic/16,mlp,id:24,24,Layer 0.5,mvp__jepa_v2_1__mlp__layer_24,"101,102","42,101,102",3,"42,101,102",,original,62.285137,0.76338,OK,seed_manifest_layerwise_main_linear_mlp_v1.csv
mvp,main,V-JEPA 2.1,ViT-Gigantic/16,mlp,id:38,38,Layer 0.75,mvp__jepa_v2_1__mlp__layer_38,"101,102","42,101,102",3,"42,101,102",,original,71.924503,1.280312,OK,seed_manifest_layerwise_main_linear_mlp_v1.csv;seed_manifest_main_linear_mlp_v1.csv
mvp,main,V-JEPA 2.1,ViT-Gigantic/16,mlp,id:48,48,Final layer,mvp__jepa_v2_1__mlp__layer_48,"101,102","42,101,102",3,"42,101,102",,original,67.441861,0.926709,OK,seed_manifest_layerwise_main_linear_mlp_v1.csv
mvp,same_L,V-JEPA 2.1,ViT-L/16,mlp,id:12,12,12,mvp__same_l__jepa_v2_1__vitl_384__mlp__layer_12,"101,102","42,101,102",3,"42,101,102",,original,65.655544,1.037735,OK,seed_manifest_layerwise_same_l_linear_mlp_v1.csv
mvp,same_L,V-JEPA 2.1,ViT-L/16,mlp,id:18,18,18,mvp__same_l__jepa_v2_1__vitl_384__mlp__layer_18,"101,102","42,101,102",3,"42,101,102",,original,71.115605,1.136482,OK,seed_manifest_layerwise_same_l_linear_mlp_v1.csv
mvp,same_L,V-JEPA 2.1,ViT-L/16,mlp,id:24,24,24,mvp__same_l__jepa_v2_1__vitl_384__mlp__layer_24,"101,102","42,101,102",3,"42,101,102",,original,71.081901,0.202225,OK,seed_manifest_layerwise_same_l_linear_mlp_v1.csv
mvp,same_L,V-JEPA 2.1,ViT-L/16,mlp,id:6,6,6,mvp__same_l__jepa_v2_1__vitl_384__mlp__layer_6,"101,102","42,101,102",3,"42,101,102",,original,60.195484,0.609476,OK,seed_manifest_layerwise_same_l_linear_mlp_v1.csv
mvp,main,VideoMAE,ViT-H/16,mlp,id:16,16,Layer 0.5,mvp__videomae__mlp__layer_16,"101,102","42,101,102",3,"42,101,102",,original,58.341759,1.627248,OK,seed_manifest_layerwise_main_linear_mlp_v1.csv
mvp,main,VideoMAE,ViT-H/16,mlp,id:24,24,Layer 0.75,mvp__videomae__mlp__layer_24,"101,102","42,101,102",3,"42,101,102",,original,64.745534,0.673239,OK,seed_manifest_layerwise_main_linear_mlp_v1.csv;seed_manifest_main_linear_mlp_v1.csv
mvp,main,VideoMAE,ViT-H/16,mlp,id:32,32,Final layer,mvp__videomae__mlp__layer_32,"101,102","42,101,102",3,"42,101,102",,original,62.959218,0.40864,OK,seed_manifest_layerwise_main_linear_mlp_v1.csv
mvp,main,VideoMAE,ViT-H/16,mlp,id:8,8,Layer 0.25,mvp__videomae__mlp__layer_8,"101,102","42,101,102",3,"42,101,102",,original,50.25278,0.440738,OK,seed_manifest_layerwise_main_linear_mlp_v1.csv
mvp,same_L,VideoMAE,ViT-L/16,mlp,id:12,12,12,mvp__same_l__videomae__vit_large_16_224__mlp__layer_12,"101,102","42,101,102",3,"42,101,102",,original,55.915066,1.055643,OK,seed_manifest_layerwise_same_l_linear_mlp_v1.csv
mvp,same_L,VideoMAE,ViT-L/16,mlp,id:18,18,18,mvp__same_l__videomae__vit_large_16_224__mlp__layer_18,"101,102","42,101,102",3,"42,101,102",,original,63.228851,0.609476,OK,seed_manifest_layerwise_same_l_linear_mlp_v1.csv
mvp,same_L,VideoMAE,ViT-L/16,mlp,id:24,24,24,mvp__same_l__videomae__vit_large_16_224__mlp__layer_24,"101,102","42,101,102",3,"42,101,102",,original,64.880351,1.521171,OK,seed_manifest_layerwise_same_l_linear_mlp_v1.csv
mvp,same_L,VideoMAE,ViT-L/16,mlp,id:6,6,6,mvp__same_l__videomae__vit_large_16_224__mlp__layer_6,"101,102","42,101,102",3,"42,101,102",,original,51.129087,1.171914,OK,seed_manifest_layerwise_same_l_linear_mlp_v1.csv
mvp,backbone_sweep,VideoMAE-v2,ViT-B/16,mlp,id:12,12,12,mvp__backbone_sweep__videomae_v2__vit_base_16_224__mlp__layer_12,"101,102","42,101,102",3,"42,101,102",,original,69.228176,1.280312,OK,seed_manifest_layerwise_backbone_sweep_linear_mlp_v1.csv
mvp,backbone_sweep,VideoMAE-v2,ViT-B/16,mlp,id:3,3,3,mvp__backbone_sweep__videomae_v2__vit_base_16_224__mlp__layer_3,"101,102","42,101,102",3,"42,101,102",,original,49.443883,2.407661,OK,seed_manifest_layerwise_backbone_sweep_linear_mlp_v1.csv
mvp,backbone_sweep,VideoMAE-v2,ViT-B/16,mlp,id:6,6,6,mvp__backbone_sweep__videomae_v2__vit_base_16_224__mlp__layer_6,"101,102","42,101,102",3,"42,101,102",,original,56.656555,1.580502,OK,seed_manifest_layerwise_backbone_sweep_linear_mlp_v1.csv
mvp,backbone_sweep,VideoMAE-v2,ViT-B/16,mlp,id:9,9,9,mvp__backbone_sweep__videomae_v2__vit_base_16_224__mlp__layer_9,"101,102","42,101,102",3,"42,101,102",,original,66.026289,0.267518,OK,seed_manifest_layerwise_backbone_sweep_linear_mlp_v1.csv
mvp,main,VideoMAE-v2,ViT-G/16,mlp,id:10,10,Layer 0.25,mvp__videomae_v2__mlp__layer_10,"101,102","42,101,102",3,"42,101,102",,original,52.612066,0.592464,OK,seed_manifest_layerwise_main_linear_mlp_v1.csv
mvp,main,VideoMAE-v2,ViT-G/16,mlp,id:20,20,Layer 0.5,mvp__videomae_v2__mlp__layer_20,"101,102","42,101,102",3,"42,101,102",,original,66.430738,0.440738,OK,seed_manifest_layerwise_main_linear_mlp_v1.csv;seed_manifest_main_linear_mlp_v1.csv
mvp,main,VideoMAE-v2,ViT-G/16,mlp,id:30,30,Layer 0.75,mvp__videomae_v2__mlp__layer_30,"101,102","42,101,102",3,"42,101,102",,original,61.206606,0.233509,OK,seed_manifest_layerwise_main_linear_mlp_v1.csv
mvp,main,VideoMAE-v2,ViT-G/16,mlp,id:40,40,Final layer,mvp__videomae_v2__mlp__layer_40,"101,102","42,101,102",3,"42,101,102",,original,58.779912,1.881702,OK,seed_manifest_layerwise_main_linear_mlp_v1.csv
mvp,same_L,VideoMAE-v2,ViT-L/16,mlp,id:12,12,12,mvp__same_l__videomae_v2__vit_large_16_224__mlp__layer_12,"101,102","42,101,102",3,"42,101,102",,original,64.947759,0.25446,OK,seed_manifest_layerwise_same_l_linear_mlp_v1.csv
mvp,same_L,VideoMAE-v2,ViT-L/16,mlp,id:18,18,18,mvp__same_l__videomae_v2__vit_large_16_224__mlp__layer_18,"101,102","42,101,102",3,"42,101,102",,original,68.18335,1.346477,OK,seed_manifest_layerwise_same_l_linear_mlp_v1.csv
mvp,same_L,VideoMAE-v2,ViT-L/16,mlp,id:24,24,24,mvp__same_l__videomae_v2__vit_large_16_224__mlp__layer_24,"101,102","42,101,102",3,"42,101,102",,original,57.566565,0.556883,OK,seed_manifest_layerwise_same_l_linear_mlp_v1.csv
mvp,same_L,VideoMAE-v2,ViT-L/16,mlp,id:6,6,6,mvp__same_l__videomae_v2__vit_large_16_224__mlp__layer_6,"101,102","42,101,102",3,"42,101,102",,original,48.870914,0.308903,OK,seed_manifest_layerwise_same_l_linear_mlp_v1.csv
mvp,ltx,LTX-2B,LTX-2B,temporal_attn,id:17,17,17,mvp__ltx__ltx_video__ltx_2b__temporal_attn__layer_17,"101,102","42,101,102",0,,"42,101,102",,,,MISSING_FROM_LOADER,seed_manifest_mvp_ltx2b_attentive.csv
mvp,ltx,LTX-2B,LTX-2B,temporal_attn,id:21,21,21,mvp__ltx__ltx_video__ltx_2b__temporal_attn__layer_21,"101,102","42,101,102",3,"42,101,102",,ready_manifest,55.443208628244015,2.824514365425451,OK,seed_manifest_mvp_ltx2b_attentive.csv
mvp,ltx,LTX-2B,LTX-2B,temporal_attn,id:29,29,29,mvp__ltx__ltx_video__ltx_2b__temporal_attn__layer_29,"101,102","42,101,102",0,,"42,101,102",,,,MISSING_FROM_LOADER,seed_manifest_mvp_ltx2b_attentive.csv
mvp,ltx,LTX-2B,LTX-2B,temporal_attn,id:38,38,38,mvp__ltx__ltx_video__ltx_2b__temporal_attn__layer_38,"101,102","42,101,102",0,,"42,101,102",,,,MISSING_FROM_LOADER,seed_manifest_mvp_ltx2b_attentive.csv
mvp,main,V-JEPA,ViT-H/16,temporal_attn,id:16,16,Layer 0.5,mvp__jepa_v1__temporal_attn__layer_16,"101,102","42,101,102",3,"42,101,102",,ready_manifest,92.65251095382544,1.8377223970631131,OK,seed_manifest_mvp_jepa_v1_attentive_layerwise_v1.csv
mvp,main,V-JEPA,ViT-H/16,temporal_attn,id:24,24,Layer 0.75,mvp__jepa_v1__temporal_attn__layer_24,"101,102","42,101,102",3,"42,101,102",,ready_manifest,94.97809234917425,0.9118806375779356,OK,seed_manifest_mvp_jepa_v1_attentive_layerwise_v1.csv
mvp,main,V-JEPA,ViT-H/16,temporal_attn,id:32,32,Final layer,mvp__jepa_v1__temporal_attn__layer_32,"101,102","42,101,102",3,"42,101,102",,ready_manifest,92.2143579373104,0.631445702568096,OK,seed_manifest_mvp_jepa_v1_attentive_layerwise_v1.csv
mvp,main,V-JEPA,ViT-H/16,temporal_attn,id:8,8,Layer 0.25,mvp__jepa_v1__temporal_attn__layer_8,"101,102","42,101,102",3,"42,101,102",,ready_manifest,76.03640040444894,2.650220914475458,OK,seed_manifest_mvp_jepa_v1_attentive_layerwise_v1.csv
mvp,same_L,V-JEPA,ViT-L/16,temporal_attn,id:12,12,12,mvp__same_l__jepa_v1__vitl16_224__temporal_attn__layer_12,"101,102","42,101,102",3,"42,101,102",,attentive_continuation,91.44,0.94,OK,seed_manifest_layerwise_same_l_attentive_v1.csv
mvp,same_L,V-JEPA,ViT-L/16,temporal_attn,id:18,18,18,mvp__same_l__jepa_v1__vitl16_224__temporal_attn__layer_18,"101,102","42,101,102",3,"42,101,102",,attentive_continuation,93.46,0.41,OK,seed_manifest_layerwise_same_l_attentive_v1.csv
mvp,same_L,V-JEPA,ViT-L/16,temporal_attn,id:24,24,24,mvp__same_l__jepa_v1__vitl16_224__temporal_attn__layer_24,"101,102","42,101,102",3,"42,101,102",,attentive_continuation,90.66,3.13,OK,seed_manifest_layerwise_same_l_attentive_v1.csv
mvp,same_L,V-JEPA,ViT-L/16,temporal_attn,id:6,6,6,mvp__same_l__jepa_v1__vitl16_224__temporal_attn__layer_6,"101,102","42,101,102",3,"42,101,102",,attentive_continuation,75.46,1.44,OK,seed_manifest_layerwise_same_l_attentive_v1.csv
mvp,main,V-JEPA 2,ViT-G/16,temporal_attn,id:10,10,Layer 0.25,mvp__jepa_v2__temporal_attn__layer_10,"101,102","42,101,102",3,"42,101,102",,ready_manifest,49.41017863161443,1.5997902644160205,OK,seed_manifest_layerwise_main_attentive_mvp_v1.csv;seed_manifest_mvp_jepa_v2_attentive_layerwise_v1.csv
mvp,main,V-JEPA 2,ViT-G/16,temporal_attn,id:20,20,Layer 0.5,mvp__jepa_v2__temporal_attn__layer_20,"101,102","42,101,102",3,"42,101,102",,ready_manifest,58.84732052578362,3.0652186837662567,OK,seed_manifest_layerwise_main_attentive_mvp_v1.csv;seed_manifest_mvp_jepa_v2_attentive_layerwise_v1.csv
mvp,main,V-JEPA 2,ViT-G/16,temporal_attn,id:30,30,Layer 0.75,mvp__jepa_v2__temporal_attn__layer_30,"101,102","42,101,102",3,"42,101,102",,ready_manifest,89.88877654196158,4.1183846014997645,OK,seed_manifest_layerwise_main_attentive_mvp_v1.csv;seed_manifest_mvp_jepa_v2_attentive_layerwise_v1.csv
mvp,main,V-JEPA 2,ViT-G/16,temporal_attn,id:40,40,Final layer,mvp__jepa_v2__temporal_attn__layer_40,"101,102","42,101,102",3,"42,101,102",,ready_manifest,94.37141894169194,0.3550944979053908,OK,seed_manifest_layerwise_main_attentive_mvp_v1.csv;seed_manifest_mvp_jepa_v2_attentive_layerwise_v1.csv
mvp,same_L,V-JEPA 2,ViT-L/16,temporal_attn,id:12,12,12,mvp__same_l__jepa_v2__vitl_256__temporal_attn__layer_12,"101,102","42,101,102",3,"42,101,102",,attentive_continuation,84.16,5.11,OK,seed_manifest_layerwise_same_l_attentive_v1.csv
mvp,same_L,V-JEPA 2,ViT-L/16,temporal_attn,id:18,18,18,mvp__same_l__jepa_v2__vitl_256__temporal_attn__layer_18,"101,102","42,101,102",3,"42,101,102",,attentive_continuation,93.36,0.76,OK,seed_manifest_layerwise_same_l_attentive_v1.csv
mvp,same_L,V-JEPA 2,ViT-L/16,temporal_attn,id:24,24,24,mvp__same_l__jepa_v2__vitl_256__temporal_attn__layer_24,"101,102","42,101,102",3,"42,101,102",,attentive_continuation,93.02,0.54,OK,seed_manifest_layerwise_same_l_attentive_v1.csv
mvp,same_L,V-JEPA 2,ViT-L/16,temporal_attn,id:6,6,6,mvp__same_l__jepa_v2__vitl_256__temporal_attn__layer_6,"101,102","42,101,102",3,"42,101,102",,attentive_continuation,53.02,2.59,OK,seed_manifest_layerwise_same_l_attentive_v1.csv
mvp,backbone_sweep,V-JEPA 2.1,ViT-B/16,temporal_attn,id:12,12,12,mvp__backbone_sweep__jepa_v2_1__vitb_384__temporal_attn__layer_12,"101,102","42,101,102",3,"42,101,102",,attentive_continuation,90.12,1.13,OK,seed_manifest_layerwise_backbone_sweep_attentive_v1.csv
mvp,backbone_sweep,V-JEPA 2.1,ViT-B/16,temporal_attn,id:3,3,3,mvp__backbone_sweep__jepa_v2_1__vitb_384__temporal_attn__layer_3,"101,102","42,101,102",3,"42,101,102",,attentive_continuation,50.86,1.43,OK,seed_manifest_layerwise_backbone_sweep_attentive_v1.csv
mvp,backbone_sweep,V-JEPA 2.1,ViT-B/16,temporal_attn,id:6,6,6,mvp__backbone_sweep__jepa_v2_1__vitb_384__temporal_attn__layer_6,"101,102","42,101,102",3,"42,101,102",,attentive_continuation,78.67,8.01,OK,seed_manifest_layerwise_backbone_sweep_attentive_v1.csv
mvp,backbone_sweep,V-JEPA 2.1,ViT-B/16,temporal_attn,id:9,9,9,mvp__backbone_sweep__jepa_v2_1__vitb_384__temporal_attn__layer_9,"101,102","42,101,102",0,,"42,101,102",,,,MISSING_FROM_LOADER,seed_manifest_layerwise_backbone_sweep_attentive_v1.csv
mvp,backbone_sweep,V-JEPA 2.1,ViT-G/16,temporal_attn,id:10,10,10,mvp__backbone_sweep__jepa_v2_1__vitg_384__temporal_attn__layer_10,"101,102","42,101,102",3,"42,101,102",,attentive_continuation,52.54,3.33,OK,seed_manifest_layerwise_backbone_sweep_attentive_v1.csv
mvp,backbone_sweep,V-JEPA 2.1,ViT-G/16,temporal_attn,id:20,20,20,mvp__backbone_sweep__jepa_v2_1__vitg_384__temporal_attn__layer_20,"101,102","42,101,102",3,"42,101,102",,attentive_continuation,75.26,1.22,OK,seed_manifest_layerwise_backbone_sweep_attentive_v1.csv
mvp,backbone_sweep,V-JEPA 2.1,ViT-G/16,temporal_attn,id:30,30,30,mvp__backbone_sweep__jepa_v2_1__vitg_384__temporal_attn__layer_30,"101,102","42,101,102",3,"42,101,102",,attentive_continuation,84.63,12.5,OK,seed_manifest_layerwise_backbone_sweep_attentive_v1.csv
mvp,backbone_sweep,V-JEPA 2.1,ViT-G/16,temporal_attn,id:40,40,40,mvp__backbone_sweep__jepa_v2_1__vitg_384__temporal_attn__layer_40,"101,102","42,101,102",3,"42,101,102",,attentive_continuation,89.45,3.93,OK,seed_manifest_layerwise_backbone_sweep_attentive_v1.csv
mvp,main,V-JEPA 2.1,ViT-Gigantic/16,temporal_attn,id:12,12,Layer 0.25,mvp__jepa_v2_1__temporal_attn__layer_12,"101,102","42,101,102",3,"42,101,102",,ready_manifest,51.2639029322548,0.3033367037411523,OK,seed_manifest_mvp_jepa_v2_1_attentive_layerwise_v1.csv
mvp,main,V-JEPA 2.1,ViT-Gigantic/16,temporal_attn,id:24,24,Layer 0.5,mvp__jepa_v2_1__temporal_attn__layer_24,"101,102","42,101,102",3,"42,101,102",,ready_manifest,70.71115604988204,7.226754850822909,OK,seed_manifest_mvp_jepa_v2_1_attentive_layerwise_v1.csv
mvp,main,V-JEPA 2.1,ViT-Gigantic/16,temporal_attn,id:38,38,Layer 0.75,mvp__jepa_v2_1__temporal_attn__layer_38,"101,102","42,101,102",3,"42,101,102",,ready_manifest,89.11358274351196,8.818432301748725,OK,seed_manifest_mvp_jepa_v2_1_attentive_layerwise_v1.csv
mvp,main,V-JEPA 2.1,ViT-Gigantic/16,temporal_attn,id:48,48,Final layer,mvp__jepa_v2_1__temporal_attn__layer_48,"101,102","42,101,102",3,"42,101,102",,ready_manifest,92.51769464105156,0.440738012491473,OK,seed_manifest_mvp_jepa_v2_1_attentive_layerwise_v1.csv
mvp,same_L,V-JEPA 2.1,ViT-L/16,temporal_attn,id:12,12,12,mvp__same_l__jepa_v2_1__vitl_384__temporal_attn__layer_12,"101,102","42,101,102",3,"42,101,102",,attentive_continuation,81.4,5.0,OK,seed_manifest_layerwise_same_l_attentive_v1.csv
mvp,same_L,V-JEPA 2.1,ViT-L/16,temporal_attn,id:18,18,18,mvp__same_l__jepa_v2_1__vitl_384__temporal_attn__layer_18,"101,102","42,101,102",3,"42,101,102",,attentive_continuation,78.19,15.14,OK,seed_manifest_layerwise_same_l_attentive_v1.csv
mvp,same_L,V-JEPA 2.1,ViT-L/16,temporal_attn,id:24,24,24,mvp__same_l__jepa_v2_1__vitl_384__temporal_attn__layer_24,"101,102","42,101,102",3,"42,101,102",,attentive_continuation,90.06,4.93,OK,seed_manifest_layerwise_same_l_attentive_v1.csv
mvp,same_L,V-JEPA 2.1,ViT-L/16,temporal_attn,id:6,6,6,mvp__same_l__jepa_v2_1__vitl_384__temporal_attn__layer_6,"101,102","42,101,102",3,"42,101,102",,attentive_continuation,57.03,3.08,OK,seed_manifest_layerwise_same_l_attentive_v1.csv
mvp,main,VideoMAE,ViT-H/16,temporal_attn,id:16,16,Layer 0.5,mvp__videomae__temporal_attn__layer_16,"101,102","42,101,102",3,"42,101,102",,ready_manifest,83.11425682507581,1.2259206929203486,OK,seed_manifest_layerwise_main_attentive_mvp_v1.csv
mvp,main,VideoMAE,ViT-H/16,temporal_attn,id:24,24,Layer 0.75,mvp__videomae__temporal_attn__layer_24,"101,102","42,101,102",3,"42,101,102",,ready_manifest,91.8773171553758,0.1544514895502348,OK,seed_manifest_layerwise_main_attentive_mvp_v1.csv
mvp,main,VideoMAE,ViT-H/16,temporal_attn,id:32,32,Final layer,mvp__videomae__temporal_attn__layer_32,"101,102","42,101,102",3,"42,101,102",,ready_manifest,86.68688911358274,1.0811604268517427,OK,seed_manifest_layerwise_main_attentive_mvp_v1.csv
mvp,main,VideoMAE,ViT-H/16,temporal_attn,id:8,8,Layer 0.25,mvp__videomae__temporal_attn__layer_8,"101,102","42,101,102",3,"42,101,102",,ready_manifest,61.813279406808206,3.172304041669069,OK,seed_manifest_layerwise_main_attentive_mvp_v1.csv
mvp,same_L,VideoMAE,ViT-L/16,temporal_attn,id:12,12,12,mvp__same_l__videomae__vit_large_16_224__temporal_attn__layer_12,"101,102","42,101,102",3,"42,101,102",,attentive_continuation,76.0,2.49,OK,seed_manifest_layerwise_same_l_attentive_v1.csv
mvp,same_L,VideoMAE,ViT-L/16,temporal_attn,id:18,18,18,mvp__same_l__videomae__vit_large_16_224__temporal_attn__layer_18,"101,102","42,101,102",3,"42,101,102",,attentive_continuation,85.91,1.7,OK,seed_manifest_layerwise_same_l_attentive_v1.csv
mvp,same_L,VideoMAE,ViT-L/16,temporal_attn,id:24,24,24,mvp__same_l__videomae__vit_large_16_224__temporal_attn__layer_24,"101,102","42,101,102",3,"42,101,102",,attentive_continuation,89.79,0.46,OK,seed_manifest_layerwise_same_l_attentive_v1.csv
mvp,same_L,VideoMAE,ViT-L/16,temporal_attn,id:6,6,6,mvp__same_l__videomae__vit_large_16_224__temporal_attn__layer_6,"101,102","42,101,102",3,"42,101,102",,attentive_continuation,67.14,1.87,OK,seed_manifest_layerwise_same_l_attentive_v1.csv
mvp,backbone_sweep,VideoMAE-v2,ViT-B/16,temporal_attn,id:12,12,12,mvp__backbone_sweep__videomae_v2__vit_base_16_224__temporal_attn__layer_12,"101,102","42,101,102",3,"42,101,102",,attentive_continuation,71.62,3.2,OK,seed_manifest_layerwise_backbone_sweep_attentive_v1.csv
mvp,backbone_sweep,VideoMAE-v2,ViT-B/16,temporal_attn,id:3,3,3,mvp__backbone_sweep__videomae_v2__vit_base_16_224__temporal_attn__layer_3,"101,102","42,101,102",3,"42,101,102",,attentive_continuation,69.94,1.54,OK,seed_manifest_layerwise_backbone_sweep_attentive_v1.csv
mvp,backbone_sweep,VideoMAE-v2,ViT-B/16,temporal_attn,id:6,6,6,mvp__backbone_sweep__videomae_v2__vit_base_16_224__temporal_attn__layer_6,"101,102","42,101,102",3,"42,101,102",,attentive_continuation,74.49,1.89,OK,seed_manifest_layerwise_backbone_sweep_attentive_v1.csv
mvp,backbone_sweep,VideoMAE-v2,ViT-B/16,temporal_attn,id:9,9,9,mvp__backbone_sweep__videomae_v2__vit_base_16_224__temporal_attn__layer_9,"101,102","42,101,102",3,"42,101,102",,attentive_continuation,86.15,1.17,OK,seed_manifest_layerwise_backbone_sweep_attentive_v1.csv
mvp,main,VideoMAE-v2,ViT-G/16,temporal_attn,id:10,10,Layer 0.25,mvp__videomae_v2__temporal_attn__layer_10,"101,102","42,101,102",3,"42,101,102",,ready_manifest,71.14930906639702,0.9174693352758028,OK,seed_manifest_layerwise_main_attentive_mvp_v1.csv
mvp,main,VideoMAE-v2,ViT-G/16,temporal_attn,id:20,20,Layer 0.5,mvp__videomae_v2__temporal_attn__layer_20,"101,102","42,101,102",3,"42,101,102",,ready_manifest,88.13616447590157,1.719898998607761,OK,seed_manifest_layerwise_main_attentive_mvp_v1.csv
mvp,main,VideoMAE-v2,ViT-G/16,temporal_attn,id:30,30,Layer 0.75,mvp__videomae_v2__temporal_attn__layer_30,"101,102","42,101,102",3,"42,101,102",,ready_manifest,89.85507246376808,3.267557799289865,OK,seed_manifest_layerwise_main_attentive_mvp_v1.csv
mvp,main,VideoMAE-v2,ViT-G/16,temporal_attn,id:40,40,Final layer,mvp__videomae_v2__temporal_attn__layer_40,"101,102","42,101,102",3,"42,101,102",,ready_manifest,79.47421638018197,1.950182155913598,OK,seed_manifest_layerwise_main_attentive_mvp_v1.csv
mvp,same_L,VideoMAE-v2,ViT-L/16,temporal_attn,id:12,12,12,mvp__same_l__videomae_v2__vit_large_16_224__temporal_attn__layer_12,"101,102","42,101,102",3,"42,101,102",,attentive_continuation,66.6,8.3,OK,seed_manifest_layerwise_same_l_attentive_v1.csv
mvp,same_L,VideoMAE-v2,ViT-L/16,temporal_attn,id:18,18,18,mvp__same_l__videomae_v2__vit_large_16_224__temporal_attn__layer_18,"101,102","42,101,102",3,"42,101,102",,attentive_continuation,87.87,1.53,OK,seed_manifest_layerwise_same_l_attentive_v1.csv
mvp,same_L,VideoMAE-v2,ViT-L/16,temporal_attn,id:24,24,24,mvp__same_l__videomae_v2__vit_large_16_224__temporal_attn__layer_24,"101,102","42,101,102",3,"42,101,102",,attentive_continuation,79.61,3.57,OK,seed_manifest_layerwise_same_l_attentive_v1.csv
mvp,same_L,VideoMAE-v2,ViT-L/16,temporal_attn,id:6,6,6,mvp__same_l__videomae_v2__vit_large_16_224__temporal_attn__layer_6,"101,102","42,101,102",3,"42,101,102",,attentive_continuation,59.32,3.24,OK,seed_manifest_layerwise_same_l_attentive_v1.csv
