run_id,config_id,run_command,dataset,dataset_hydra,experiment,model,backbone,probe,probe_hydra,seed,original_seed,backbone_name,backbone_variant,layer,selected_slot,layer_label,feature_view,lr,weight_decay,batch_size,eval_batch_size,epochs,early_stopping_enabled,early_stopping_patience,mlp_hidden_dims,mlp_dropout,temporal_num_heads,temporal_num_self_attn_blocks,temporal_mlp_ratio,temporal_dropout,probe_device,probe_output_dir,probe_output_subdir,eval_output_dir,eval_output_subdir,wandb_group,wandb_name,status,blocked_reason,hydra_overrides_json,source_csv_path,source_csv_row_index,source_csv_line_number,source_row_sha256,source_config_status,source_config_json,source_evidence_path
intphys2__backbone_sweep__v_jepa_2_1__vit_b_16__temporal_attn__layer_3__seed_101,intphys2__backbone_sweep__v_jepa_2_1__vit_b_16__temporal_attn__layer_3,train_eval.probe.intphys2,IntPhys2,intphys2,backbone_sweep,V-JEPA 2.1,ViT-B/16,Attentive,temporal_attn,101,42,jepa_v2_1,vitb_384,3,,3,tokens,1e-4,0.01,2,2,90,true,20,,,16,1,2,0.20000000000000001,cuda,artifacts/probes/intphys2,seed_runs_layerwise_backbone_sweep_v1/intphys2__backbone_sweep__v_jepa_2_1__vit_b_16__temporal_attn__layer_3/seed_101,artifacts/results/intphys2,seed_runs_layerwise_backbone_sweep_v1/intphys2__backbone_sweep__v_jepa_2_1__vit_b_16__temporal_attn__layer_3/seed_101,seed_runs_layerwise_backbone_sweep_v1_intphys2__backbone_sweep__v_jepa_2_1__vit_b_16__temporal_attn__layer_3,intphys2__backbone_sweep__v_jepa_2_1__vit_b_16__temporal_attn__layer_3__seed_101,pending,,"[""seed=101"",""split.seed=42"",""backbone.name=jepa_v2_1"",""+backbone.kwargs.variant=vitb_384"",""probe.name=temporal_attn"",""probe.layer=3"",""probe.layers=[]"",""probe.feature_view=tokens"",""probe.device=cuda"",""probe.lr=1e-4"",""probe.weight_decay=0.01"",""probe.batch_size=2"",""probe.eval_batch_size=2"",""probe.epochs=90"",""probe.early_stopping.enabled=true"",""probe.early_stopping.patience=20"",""probe.optuna.enabled=false"",""probe.output_dir=artifacts/probes/intphys2"",""probe.output_subdir=seed_runs_layerwise_backbone_sweep_v1/intphys2__backbone_sweep__v_jepa_2_1__vit_b_16__temporal_attn__layer_3/seed_101"",""probe.eval_output_dir=artifacts/results/intphys2"",""probe.eval_output_subdir=seed_runs_layerwise_backbone_sweep_v1/intphys2__backbone_sweep__v_jepa_2_1__vit_b_16__temporal_attn__layer_3/seed_101"",""probe.wandb.group=seed_runs_layerwise_backbone_sweep_v1_intphys2__backbone_sweep__v_jepa_2_1__vit_b_16__temporal_attn__layer_3"",""probe.wandb.name=intphys2__backbone_sweep__v_jepa_2_1__vit_b_16__temporal_attn__layer_3__seed_101"",""feature_cache.layer_ids=[3,6,9,12]"",""probe.temporal_attn.num_heads=16"",""probe.temporal_attn.num_self_attn_blocks=1"",""probe.temporal_attn.mlp_ratio=2"",""probe.temporal_attn.dropout=0.20000000000000001"",""feature_cache.include_tokens=true""]",results/verified_layerwise_probe_configs.csv,56,58,7ed02b1bb9bdc522,VERIFIED_FULL,"{""batch_size"":2,""dropout"":0.2,""early_stopping"":{""enabled"":true,""patience"":20},""epochs"":90,""eval_batch_size"":2,""feature_view"":""tokens"",""layer"":3,""lr"":0.0001,""mlp_ratio"":2.0,""num_heads"":16,""num_self_attn_blocks"":1,""slot"":null,""weight_decay"":0.01}",different_backbone_ablation/other models/intphys2/attn/intphys2_probe_temporal_attn_jepa_v2_1_vitb_384_ep90_pat20_h100_lr_matrix/train_eval_summary.json
intphys2__backbone_sweep__v_jepa_2_1__vit_b_16__temporal_attn__layer_3__seed_102,intphys2__backbone_sweep__v_jepa_2_1__vit_b_16__temporal_attn__layer_3,train_eval.probe.intphys2,IntPhys2,intphys2,backbone_sweep,V-JEPA 2.1,ViT-B/16,Attentive,temporal_attn,102,42,jepa_v2_1,vitb_384,3,,3,tokens,1e-4,0.01,2,2,90,true,20,,,16,1,2,0.20000000000000001,cuda,artifacts/probes/intphys2,seed_runs_layerwise_backbone_sweep_v1/intphys2__backbone_sweep__v_jepa_2_1__vit_b_16__temporal_attn__layer_3/seed_102,artifacts/results/intphys2,seed_runs_layerwise_backbone_sweep_v1/intphys2__backbone_sweep__v_jepa_2_1__vit_b_16__temporal_attn__layer_3/seed_102,seed_runs_layerwise_backbone_sweep_v1_intphys2__backbone_sweep__v_jepa_2_1__vit_b_16__temporal_attn__layer_3,intphys2__backbone_sweep__v_jepa_2_1__vit_b_16__temporal_attn__layer_3__seed_102,pending,,"[""seed=102"",""split.seed=42"",""backbone.name=jepa_v2_1"",""+backbone.kwargs.variant=vitb_384"",""probe.name=temporal_attn"",""probe.layer=3"",""probe.layers=[]"",""probe.feature_view=tokens"",""probe.device=cuda"",""probe.lr=1e-4"",""probe.weight_decay=0.01"",""probe.batch_size=2"",""probe.eval_batch_size=2"",""probe.epochs=90"",""probe.early_stopping.enabled=true"",""probe.early_stopping.patience=20"",""probe.optuna.enabled=false"",""probe.output_dir=artifacts/probes/intphys2"",""probe.output_subdir=seed_runs_layerwise_backbone_sweep_v1/intphys2__backbone_sweep__v_jepa_2_1__vit_b_16__temporal_attn__layer_3/seed_102"",""probe.eval_output_dir=artifacts/results/intphys2"",""probe.eval_output_subdir=seed_runs_layerwise_backbone_sweep_v1/intphys2__backbone_sweep__v_jepa_2_1__vit_b_16__temporal_attn__layer_3/seed_102"",""probe.wandb.group=seed_runs_layerwise_backbone_sweep_v1_intphys2__backbone_sweep__v_jepa_2_1__vit_b_16__temporal_attn__layer_3"",""probe.wandb.name=intphys2__backbone_sweep__v_jepa_2_1__vit_b_16__temporal_attn__layer_3__seed_102"",""feature_cache.layer_ids=[3,6,9,12]"",""probe.temporal_attn.num_heads=16"",""probe.temporal_attn.num_self_attn_blocks=1"",""probe.temporal_attn.mlp_ratio=2"",""probe.temporal_attn.dropout=0.20000000000000001"",""feature_cache.include_tokens=true""]",results/verified_layerwise_probe_configs.csv,56,58,7ed02b1bb9bdc522,VERIFIED_FULL,"{""batch_size"":2,""dropout"":0.2,""early_stopping"":{""enabled"":true,""patience"":20},""epochs"":90,""eval_batch_size"":2,""feature_view"":""tokens"",""layer"":3,""lr"":0.0001,""mlp_ratio"":2.0,""num_heads"":16,""num_self_attn_blocks"":1,""slot"":null,""weight_decay"":0.01}",different_backbone_ablation/other models/intphys2/attn/intphys2_probe_temporal_attn_jepa_v2_1_vitb_384_ep90_pat20_h100_lr_matrix/train_eval_summary.json
intphys2__backbone_sweep__v_jepa_2_1__vit_b_16__temporal_attn__layer_6__seed_101,intphys2__backbone_sweep__v_jepa_2_1__vit_b_16__temporal_attn__layer_6,train_eval.probe.intphys2,IntPhys2,intphys2,backbone_sweep,V-JEPA 2.1,ViT-B/16,Attentive,temporal_attn,101,42,jepa_v2_1,vitb_384,6,,6,tokens,1e-4,0.01,2,2,90,true,20,,,16,1,2,0.20000000000000001,cuda,artifacts/probes/intphys2,seed_runs_layerwise_backbone_sweep_v1/intphys2__backbone_sweep__v_jepa_2_1__vit_b_16__temporal_attn__layer_6/seed_101,artifacts/results/intphys2,seed_runs_layerwise_backbone_sweep_v1/intphys2__backbone_sweep__v_jepa_2_1__vit_b_16__temporal_attn__layer_6/seed_101,seed_runs_layerwise_backbone_sweep_v1_intphys2__backbone_sweep__v_jepa_2_1__vit_b_16__temporal_attn__layer_6,intphys2__backbone_sweep__v_jepa_2_1__vit_b_16__temporal_attn__layer_6__seed_101,pending,,"[""seed=101"",""split.seed=42"",""backbone.name=jepa_v2_1"",""+backbone.kwargs.variant=vitb_384"",""probe.name=temporal_attn"",""probe.layer=6"",""probe.layers=[]"",""probe.feature_view=tokens"",""probe.device=cuda"",""probe.lr=1e-4"",""probe.weight_decay=0.01"",""probe.batch_size=2"",""probe.eval_batch_size=2"",""probe.epochs=90"",""probe.early_stopping.enabled=true"",""probe.early_stopping.patience=20"",""probe.optuna.enabled=false"",""probe.output_dir=artifacts/probes/intphys2"",""probe.output_subdir=seed_runs_layerwise_backbone_sweep_v1/intphys2__backbone_sweep__v_jepa_2_1__vit_b_16__temporal_attn__layer_6/seed_101"",""probe.eval_output_dir=artifacts/results/intphys2"",""probe.eval_output_subdir=seed_runs_layerwise_backbone_sweep_v1/intphys2__backbone_sweep__v_jepa_2_1__vit_b_16__temporal_attn__layer_6/seed_101"",""probe.wandb.group=seed_runs_layerwise_backbone_sweep_v1_intphys2__backbone_sweep__v_jepa_2_1__vit_b_16__temporal_attn__layer_6"",""probe.wandb.name=intphys2__backbone_sweep__v_jepa_2_1__vit_b_16__temporal_attn__layer_6__seed_101"",""feature_cache.layer_ids=[3,6,9,12]"",""probe.temporal_attn.num_heads=16"",""probe.temporal_attn.num_self_attn_blocks=1"",""probe.temporal_attn.mlp_ratio=2"",""probe.temporal_attn.dropout=0.20000000000000001"",""feature_cache.include_tokens=true""]",results/verified_layerwise_probe_configs.csv,57,59,a1f04e56eb37cc72,VERIFIED_FULL,"{""batch_size"":2,""dropout"":0.2,""early_stopping"":{""enabled"":true,""patience"":20},""epochs"":90,""eval_batch_size"":2,""feature_view"":""tokens"",""layer"":6,""lr"":0.0001,""mlp_ratio"":2.0,""num_heads"":16,""num_self_attn_blocks"":1,""slot"":null,""weight_decay"":0.01}",different_backbone_ablation/other models/intphys2/attn/intphys2_probe_temporal_attn_jepa_v2_1_vitb_384_ep90_pat20_h100_lr_matrix/train_eval_summary.json
intphys2__backbone_sweep__v_jepa_2_1__vit_b_16__temporal_attn__layer_6__seed_102,intphys2__backbone_sweep__v_jepa_2_1__vit_b_16__temporal_attn__layer_6,train_eval.probe.intphys2,IntPhys2,intphys2,backbone_sweep,V-JEPA 2.1,ViT-B/16,Attentive,temporal_attn,102,42,jepa_v2_1,vitb_384,6,,6,tokens,1e-4,0.01,2,2,90,true,20,,,16,1,2,0.20000000000000001,cuda,artifacts/probes/intphys2,seed_runs_layerwise_backbone_sweep_v1/intphys2__backbone_sweep__v_jepa_2_1__vit_b_16__temporal_attn__layer_6/seed_102,artifacts/results/intphys2,seed_runs_layerwise_backbone_sweep_v1/intphys2__backbone_sweep__v_jepa_2_1__vit_b_16__temporal_attn__layer_6/seed_102,seed_runs_layerwise_backbone_sweep_v1_intphys2__backbone_sweep__v_jepa_2_1__vit_b_16__temporal_attn__layer_6,intphys2__backbone_sweep__v_jepa_2_1__vit_b_16__temporal_attn__layer_6__seed_102,pending,,"[""seed=102"",""split.seed=42"",""backbone.name=jepa_v2_1"",""+backbone.kwargs.variant=vitb_384"",""probe.name=temporal_attn"",""probe.layer=6"",""probe.layers=[]"",""probe.feature_view=tokens"",""probe.device=cuda"",""probe.lr=1e-4"",""probe.weight_decay=0.01"",""probe.batch_size=2"",""probe.eval_batch_size=2"",""probe.epochs=90"",""probe.early_stopping.enabled=true"",""probe.early_stopping.patience=20"",""probe.optuna.enabled=false"",""probe.output_dir=artifacts/probes/intphys2"",""probe.output_subdir=seed_runs_layerwise_backbone_sweep_v1/intphys2__backbone_sweep__v_jepa_2_1__vit_b_16__temporal_attn__layer_6/seed_102"",""probe.eval_output_dir=artifacts/results/intphys2"",""probe.eval_output_subdir=seed_runs_layerwise_backbone_sweep_v1/intphys2__backbone_sweep__v_jepa_2_1__vit_b_16__temporal_attn__layer_6/seed_102"",""probe.wandb.group=seed_runs_layerwise_backbone_sweep_v1_intphys2__backbone_sweep__v_jepa_2_1__vit_b_16__temporal_attn__layer_6"",""probe.wandb.name=intphys2__backbone_sweep__v_jepa_2_1__vit_b_16__temporal_attn__layer_6__seed_102"",""feature_cache.layer_ids=[3,6,9,12]"",""probe.temporal_attn.num_heads=16"",""probe.temporal_attn.num_self_attn_blocks=1"",""probe.temporal_attn.mlp_ratio=2"",""probe.temporal_attn.dropout=0.20000000000000001"",""feature_cache.include_tokens=true""]",results/verified_layerwise_probe_configs.csv,57,59,a1f04e56eb37cc72,VERIFIED_FULL,"{""batch_size"":2,""dropout"":0.2,""early_stopping"":{""enabled"":true,""patience"":20},""epochs"":90,""eval_batch_size"":2,""feature_view"":""tokens"",""layer"":6,""lr"":0.0001,""mlp_ratio"":2.0,""num_heads"":16,""num_self_attn_blocks"":1,""slot"":null,""weight_decay"":0.01}",different_backbone_ablation/other models/intphys2/attn/intphys2_probe_temporal_attn_jepa_v2_1_vitb_384_ep90_pat20_h100_lr_matrix/train_eval_summary.json
intphys2__backbone_sweep__v_jepa_2_1__vit_b_16__temporal_attn__layer_9__seed_101,intphys2__backbone_sweep__v_jepa_2_1__vit_b_16__temporal_attn__layer_9,train_eval.probe.intphys2,IntPhys2,intphys2,backbone_sweep,V-JEPA 2.1,ViT-B/16,Attentive,temporal_attn,101,42,jepa_v2_1,vitb_384,9,,9,tokens,5e-5,0.01,2,2,90,true,20,,,16,1,2,0.20000000000000001,cuda,artifacts/probes/intphys2,seed_runs_layerwise_backbone_sweep_v1/intphys2__backbone_sweep__v_jepa_2_1__vit_b_16__temporal_attn__layer_9/seed_101,artifacts/results/intphys2,seed_runs_layerwise_backbone_sweep_v1/intphys2__backbone_sweep__v_jepa_2_1__vit_b_16__temporal_attn__layer_9/seed_101,seed_runs_layerwise_backbone_sweep_v1_intphys2__backbone_sweep__v_jepa_2_1__vit_b_16__temporal_attn__layer_9,intphys2__backbone_sweep__v_jepa_2_1__vit_b_16__temporal_attn__layer_9__seed_101,pending,,"[""seed=101"",""split.seed=42"",""backbone.name=jepa_v2_1"",""+backbone.kwargs.variant=vitb_384"",""probe.name=temporal_attn"",""probe.layer=9"",""probe.layers=[]"",""probe.feature_view=tokens"",""probe.device=cuda"",""probe.lr=5e-5"",""probe.weight_decay=0.01"",""probe.batch_size=2"",""probe.eval_batch_size=2"",""probe.epochs=90"",""probe.early_stopping.enabled=true"",""probe.early_stopping.patience=20"",""probe.optuna.enabled=false"",""probe.output_dir=artifacts/probes/intphys2"",""probe.output_subdir=seed_runs_layerwise_backbone_sweep_v1/intphys2__backbone_sweep__v_jepa_2_1__vit_b_16__temporal_attn__layer_9/seed_101"",""probe.eval_output_dir=artifacts/results/intphys2"",""probe.eval_output_subdir=seed_runs_layerwise_backbone_sweep_v1/intphys2__backbone_sweep__v_jepa_2_1__vit_b_16__temporal_attn__layer_9/seed_101"",""probe.wandb.group=seed_runs_layerwise_backbone_sweep_v1_intphys2__backbone_sweep__v_jepa_2_1__vit_b_16__temporal_attn__layer_9"",""probe.wandb.name=intphys2__backbone_sweep__v_jepa_2_1__vit_b_16__temporal_attn__layer_9__seed_101"",""feature_cache.layer_ids=[3,6,9,12]"",""probe.temporal_attn.num_heads=16"",""probe.temporal_attn.num_self_attn_blocks=1"",""probe.temporal_attn.mlp_ratio=2"",""probe.temporal_attn.dropout=0.20000000000000001"",""feature_cache.include_tokens=true""]",results/verified_layerwise_probe_configs.csv,58,60,109a19ce4c7a1efd,VERIFIED_FULL,"{""batch_size"":2,""dropout"":0.2,""early_stopping"":{""enabled"":true,""patience"":20},""epochs"":90,""eval_batch_size"":2,""feature_view"":""tokens"",""layer"":9,""lr"":5e-05,""mlp_ratio"":2.0,""num_heads"":16,""num_self_attn_blocks"":1,""slot"":null,""weight_decay"":0.01}",different_backbone_ablation/other models/intphys2/attn/intphys2_probe_temporal_attn_jepa_v2_1_vitb_384_ep90_pat20_h100_lr_matrix/train_eval_summary.json
intphys2__backbone_sweep__v_jepa_2_1__vit_b_16__temporal_attn__layer_9__seed_102,intphys2__backbone_sweep__v_jepa_2_1__vit_b_16__temporal_attn__layer_9,train_eval.probe.intphys2,IntPhys2,intphys2,backbone_sweep,V-JEPA 2.1,ViT-B/16,Attentive,temporal_attn,102,42,jepa_v2_1,vitb_384,9,,9,tokens,5e-5,0.01,2,2,90,true,20,,,16,1,2,0.20000000000000001,cuda,artifacts/probes/intphys2,seed_runs_layerwise_backbone_sweep_v1/intphys2__backbone_sweep__v_jepa_2_1__vit_b_16__temporal_attn__layer_9/seed_102,artifacts/results/intphys2,seed_runs_layerwise_backbone_sweep_v1/intphys2__backbone_sweep__v_jepa_2_1__vit_b_16__temporal_attn__layer_9/seed_102,seed_runs_layerwise_backbone_sweep_v1_intphys2__backbone_sweep__v_jepa_2_1__vit_b_16__temporal_attn__layer_9,intphys2__backbone_sweep__v_jepa_2_1__vit_b_16__temporal_attn__layer_9__seed_102,pending,,"[""seed=102"",""split.seed=42"",""backbone.name=jepa_v2_1"",""+backbone.kwargs.variant=vitb_384"",""probe.name=temporal_attn"",""probe.layer=9"",""probe.layers=[]"",""probe.feature_view=tokens"",""probe.device=cuda"",""probe.lr=5e-5"",""probe.weight_decay=0.01"",""probe.batch_size=2"",""probe.eval_batch_size=2"",""probe.epochs=90"",""probe.early_stopping.enabled=true"",""probe.early_stopping.patience=20"",""probe.optuna.enabled=false"",""probe.output_dir=artifacts/probes/intphys2"",""probe.output_subdir=seed_runs_layerwise_backbone_sweep_v1/intphys2__backbone_sweep__v_jepa_2_1__vit_b_16__temporal_attn__layer_9/seed_102"",""probe.eval_output_dir=artifacts/results/intphys2"",""probe.eval_output_subdir=seed_runs_layerwise_backbone_sweep_v1/intphys2__backbone_sweep__v_jepa_2_1__vit_b_16__temporal_attn__layer_9/seed_102"",""probe.wandb.group=seed_runs_layerwise_backbone_sweep_v1_intphys2__backbone_sweep__v_jepa_2_1__vit_b_16__temporal_attn__layer_9"",""probe.wandb.name=intphys2__backbone_sweep__v_jepa_2_1__vit_b_16__temporal_attn__layer_9__seed_102"",""feature_cache.layer_ids=[3,6,9,12]"",""probe.temporal_attn.num_heads=16"",""probe.temporal_attn.num_self_attn_blocks=1"",""probe.temporal_attn.mlp_ratio=2"",""probe.temporal_attn.dropout=0.20000000000000001"",""feature_cache.include_tokens=true""]",results/verified_layerwise_probe_configs.csv,58,60,109a19ce4c7a1efd,VERIFIED_FULL,"{""batch_size"":2,""dropout"":0.2,""early_stopping"":{""enabled"":true,""patience"":20},""epochs"":90,""eval_batch_size"":2,""feature_view"":""tokens"",""layer"":9,""lr"":5e-05,""mlp_ratio"":2.0,""num_heads"":16,""num_self_attn_blocks"":1,""slot"":null,""weight_decay"":0.01}",different_backbone_ablation/other models/intphys2/attn/intphys2_probe_temporal_attn_jepa_v2_1_vitb_384_ep90_pat20_h100_lr_matrix/train_eval_summary.json
intphys2__backbone_sweep__v_jepa_2_1__vit_b_16__temporal_attn__layer_12__seed_101,intphys2__backbone_sweep__v_jepa_2_1__vit_b_16__temporal_attn__layer_12,train_eval.probe.intphys2,IntPhys2,intphys2,backbone_sweep,V-JEPA 2.1,ViT-B/16,Attentive,temporal_attn,101,42,jepa_v2_1,vitb_384,12,,12,tokens,1e-4,0.01,2,2,90,true,20,,,16,1,2,0.20000000000000001,cuda,artifacts/probes/intphys2,seed_runs_layerwise_backbone_sweep_v1/intphys2__backbone_sweep__v_jepa_2_1__vit_b_16__temporal_attn__layer_12/seed_101,artifacts/results/intphys2,seed_runs_layerwise_backbone_sweep_v1/intphys2__backbone_sweep__v_jepa_2_1__vit_b_16__temporal_attn__layer_12/seed_101,seed_runs_layerwise_backbone_sweep_v1_intphys2__backbone_sweep__v_jepa_2_1__vit_b_16__temporal_attn__layer_12,intphys2__backbone_sweep__v_jepa_2_1__vit_b_16__temporal_attn__layer_12__seed_101,pending,,"[""seed=101"",""split.seed=42"",""backbone.name=jepa_v2_1"",""+backbone.kwargs.variant=vitb_384"",""probe.name=temporal_attn"",""probe.layer=12"",""probe.layers=[]"",""probe.feature_view=tokens"",""probe.device=cuda"",""probe.lr=1e-4"",""probe.weight_decay=0.01"",""probe.batch_size=2"",""probe.eval_batch_size=2"",""probe.epochs=90"",""probe.early_stopping.enabled=true"",""probe.early_stopping.patience=20"",""probe.optuna.enabled=false"",""probe.output_dir=artifacts/probes/intphys2"",""probe.output_subdir=seed_runs_layerwise_backbone_sweep_v1/intphys2__backbone_sweep__v_jepa_2_1__vit_b_16__temporal_attn__layer_12/seed_101"",""probe.eval_output_dir=artifacts/results/intphys2"",""probe.eval_output_subdir=seed_runs_layerwise_backbone_sweep_v1/intphys2__backbone_sweep__v_jepa_2_1__vit_b_16__temporal_attn__layer_12/seed_101"",""probe.wandb.group=seed_runs_layerwise_backbone_sweep_v1_intphys2__backbone_sweep__v_jepa_2_1__vit_b_16__temporal_attn__layer_12"",""probe.wandb.name=intphys2__backbone_sweep__v_jepa_2_1__vit_b_16__temporal_attn__layer_12__seed_101"",""feature_cache.layer_ids=[3,6,9,12]"",""probe.temporal_attn.num_heads=16"",""probe.temporal_attn.num_self_attn_blocks=1"",""probe.temporal_attn.mlp_ratio=2"",""probe.temporal_attn.dropout=0.20000000000000001"",""feature_cache.include_tokens=true""]",results/verified_layerwise_probe_configs.csv,59,61,2c6aefd0d380f963,VERIFIED_FULL,"{""batch_size"":2,""dropout"":0.2,""early_stopping"":{""enabled"":true,""patience"":20},""epochs"":90,""eval_batch_size"":2,""feature_view"":""tokens"",""layer"":12,""lr"":0.0001,""mlp_ratio"":2.0,""num_heads"":16,""num_self_attn_blocks"":1,""slot"":null,""weight_decay"":0.01}",different_backbone_ablation/other models/intphys2/attn/intphys2_probe_temporal_attn_jepa_v2_1_vitb_384_ep90_pat20_h100_lr_matrix/train_eval_summary.json
intphys2__backbone_sweep__v_jepa_2_1__vit_b_16__temporal_attn__layer_12__seed_102,intphys2__backbone_sweep__v_jepa_2_1__vit_b_16__temporal_attn__layer_12,train_eval.probe.intphys2,IntPhys2,intphys2,backbone_sweep,V-JEPA 2.1,ViT-B/16,Attentive,temporal_attn,102,42,jepa_v2_1,vitb_384,12,,12,tokens,1e-4,0.01,2,2,90,true,20,,,16,1,2,0.20000000000000001,cuda,artifacts/probes/intphys2,seed_runs_layerwise_backbone_sweep_v1/intphys2__backbone_sweep__v_jepa_2_1__vit_b_16__temporal_attn__layer_12/seed_102,artifacts/results/intphys2,seed_runs_layerwise_backbone_sweep_v1/intphys2__backbone_sweep__v_jepa_2_1__vit_b_16__temporal_attn__layer_12/seed_102,seed_runs_layerwise_backbone_sweep_v1_intphys2__backbone_sweep__v_jepa_2_1__vit_b_16__temporal_attn__layer_12,intphys2__backbone_sweep__v_jepa_2_1__vit_b_16__temporal_attn__layer_12__seed_102,pending,,"[""seed=102"",""split.seed=42"",""backbone.name=jepa_v2_1"",""+backbone.kwargs.variant=vitb_384"",""probe.name=temporal_attn"",""probe.layer=12"",""probe.layers=[]"",""probe.feature_view=tokens"",""probe.device=cuda"",""probe.lr=1e-4"",""probe.weight_decay=0.01"",""probe.batch_size=2"",""probe.eval_batch_size=2"",""probe.epochs=90"",""probe.early_stopping.enabled=true"",""probe.early_stopping.patience=20"",""probe.optuna.enabled=false"",""probe.output_dir=artifacts/probes/intphys2"",""probe.output_subdir=seed_runs_layerwise_backbone_sweep_v1/intphys2__backbone_sweep__v_jepa_2_1__vit_b_16__temporal_attn__layer_12/seed_102"",""probe.eval_output_dir=artifacts/results/intphys2"",""probe.eval_output_subdir=seed_runs_layerwise_backbone_sweep_v1/intphys2__backbone_sweep__v_jepa_2_1__vit_b_16__temporal_attn__layer_12/seed_102"",""probe.wandb.group=seed_runs_layerwise_backbone_sweep_v1_intphys2__backbone_sweep__v_jepa_2_1__vit_b_16__temporal_attn__layer_12"",""probe.wandb.name=intphys2__backbone_sweep__v_jepa_2_1__vit_b_16__temporal_attn__layer_12__seed_102"",""feature_cache.layer_ids=[3,6,9,12]"",""probe.temporal_attn.num_heads=16"",""probe.temporal_attn.num_self_attn_blocks=1"",""probe.temporal_attn.mlp_ratio=2"",""probe.temporal_attn.dropout=0.20000000000000001"",""feature_cache.include_tokens=true""]",results/verified_layerwise_probe_configs.csv,59,61,2c6aefd0d380f963,VERIFIED_FULL,"{""batch_size"":2,""dropout"":0.2,""early_stopping"":{""enabled"":true,""patience"":20},""epochs"":90,""eval_batch_size"":2,""feature_view"":""tokens"",""layer"":12,""lr"":0.0001,""mlp_ratio"":2.0,""num_heads"":16,""num_self_attn_blocks"":1,""slot"":null,""weight_decay"":0.01}",different_backbone_ablation/other models/intphys2/attn/intphys2_probe_temporal_attn_jepa_v2_1_vitb_384_ep90_pat20_h100_lr_matrix/train_eval_summary.json
intphys2__backbone_sweep__v_jepa_2_1__vit_g_16__temporal_attn__layer_10__seed_101,intphys2__backbone_sweep__v_jepa_2_1__vit_g_16__temporal_attn__layer_10,train_eval.probe.intphys2,IntPhys2,intphys2,backbone_sweep,V-JEPA 2.1,ViT-G/16,Attentive,temporal_attn,101,42,jepa_v2_1,vitg_384,10,,10,tokens,1e-4,0.01,2,2,90,true,20,,,16,1,2,0.20000000000000001,cuda,artifacts/probes/intphys2,seed_runs_layerwise_backbone_sweep_v1/intphys2__backbone_sweep__v_jepa_2_1__vit_g_16__temporal_attn__layer_10/seed_101,artifacts/results/intphys2,seed_runs_layerwise_backbone_sweep_v1/intphys2__backbone_sweep__v_jepa_2_1__vit_g_16__temporal_attn__layer_10/seed_101,seed_runs_layerwise_backbone_sweep_v1_intphys2__backbone_sweep__v_jepa_2_1__vit_g_16__temporal_attn__layer_10,intphys2__backbone_sweep__v_jepa_2_1__vit_g_16__temporal_attn__layer_10__seed_101,pending,,"[""seed=101"",""split.seed=42"",""backbone.name=jepa_v2_1"",""+backbone.kwargs.variant=vitg_384"",""probe.name=temporal_attn"",""probe.layer=10"",""probe.layers=[]"",""probe.feature_view=tokens"",""probe.device=cuda"",""probe.lr=1e-4"",""probe.weight_decay=0.01"",""probe.batch_size=2"",""probe.eval_batch_size=2"",""probe.epochs=90"",""probe.early_stopping.enabled=true"",""probe.early_stopping.patience=20"",""probe.optuna.enabled=false"",""probe.output_dir=artifacts/probes/intphys2"",""probe.output_subdir=seed_runs_layerwise_backbone_sweep_v1/intphys2__backbone_sweep__v_jepa_2_1__vit_g_16__temporal_attn__layer_10/seed_101"",""probe.eval_output_dir=artifacts/results/intphys2"",""probe.eval_output_subdir=seed_runs_layerwise_backbone_sweep_v1/intphys2__backbone_sweep__v_jepa_2_1__vit_g_16__temporal_attn__layer_10/seed_101"",""probe.wandb.group=seed_runs_layerwise_backbone_sweep_v1_intphys2__backbone_sweep__v_jepa_2_1__vit_g_16__temporal_attn__layer_10"",""probe.wandb.name=intphys2__backbone_sweep__v_jepa_2_1__vit_g_16__temporal_attn__layer_10__seed_101"",""feature_cache.layer_ids=[10,20,30,40]"",""probe.temporal_attn.num_heads=16"",""probe.temporal_attn.num_self_attn_blocks=1"",""probe.temporal_attn.mlp_ratio=2"",""probe.temporal_attn.dropout=0.20000000000000001"",""feature_cache.include_tokens=true""]",results/verified_layerwise_probe_configs.csv,80,82,c46a155a0b52d65b,VERIFIED_FULL,"{""batch_size"":2,""dropout"":0.2,""early_stopping"":{""enabled"":true,""patience"":20},""epochs"":90,""eval_batch_size"":2,""feature_view"":""tokens"",""layer"":10,""lr"":0.0001,""mlp_ratio"":2.0,""num_heads"":16,""num_self_attn_blocks"":1,""slot"":null,""weight_decay"":0.01}",different_backbone_ablation/other models/intphys2/attn/intphys2_probe_temporal_attn_jepa_v2_1_vitg_384_ep90_pat20_h100_lr_matrix/train_eval_summary.json
intphys2__backbone_sweep__v_jepa_2_1__vit_g_16__temporal_attn__layer_10__seed_102,intphys2__backbone_sweep__v_jepa_2_1__vit_g_16__temporal_attn__layer_10,train_eval.probe.intphys2,IntPhys2,intphys2,backbone_sweep,V-JEPA 2.1,ViT-G/16,Attentive,temporal_attn,102,42,jepa_v2_1,vitg_384,10,,10,tokens,1e-4,0.01,2,2,90,true,20,,,16,1,2,0.20000000000000001,cuda,artifacts/probes/intphys2,seed_runs_layerwise_backbone_sweep_v1/intphys2__backbone_sweep__v_jepa_2_1__vit_g_16__temporal_attn__layer_10/seed_102,artifacts/results/intphys2,seed_runs_layerwise_backbone_sweep_v1/intphys2__backbone_sweep__v_jepa_2_1__vit_g_16__temporal_attn__layer_10/seed_102,seed_runs_layerwise_backbone_sweep_v1_intphys2__backbone_sweep__v_jepa_2_1__vit_g_16__temporal_attn__layer_10,intphys2__backbone_sweep__v_jepa_2_1__vit_g_16__temporal_attn__layer_10__seed_102,pending,,"[""seed=102"",""split.seed=42"",""backbone.name=jepa_v2_1"",""+backbone.kwargs.variant=vitg_384"",""probe.name=temporal_attn"",""probe.layer=10"",""probe.layers=[]"",""probe.feature_view=tokens"",""probe.device=cuda"",""probe.lr=1e-4"",""probe.weight_decay=0.01"",""probe.batch_size=2"",""probe.eval_batch_size=2"",""probe.epochs=90"",""probe.early_stopping.enabled=true"",""probe.early_stopping.patience=20"",""probe.optuna.enabled=false"",""probe.output_dir=artifacts/probes/intphys2"",""probe.output_subdir=seed_runs_layerwise_backbone_sweep_v1/intphys2__backbone_sweep__v_jepa_2_1__vit_g_16__temporal_attn__layer_10/seed_102"",""probe.eval_output_dir=artifacts/results/intphys2"",""probe.eval_output_subdir=seed_runs_layerwise_backbone_sweep_v1/intphys2__backbone_sweep__v_jepa_2_1__vit_g_16__temporal_attn__layer_10/seed_102"",""probe.wandb.group=seed_runs_layerwise_backbone_sweep_v1_intphys2__backbone_sweep__v_jepa_2_1__vit_g_16__temporal_attn__layer_10"",""probe.wandb.name=intphys2__backbone_sweep__v_jepa_2_1__vit_g_16__temporal_attn__layer_10__seed_102"",""feature_cache.layer_ids=[10,20,30,40]"",""probe.temporal_attn.num_heads=16"",""probe.temporal_attn.num_self_attn_blocks=1"",""probe.temporal_attn.mlp_ratio=2"",""probe.temporal_attn.dropout=0.20000000000000001"",""feature_cache.include_tokens=true""]",results/verified_layerwise_probe_configs.csv,80,82,c46a155a0b52d65b,VERIFIED_FULL,"{""batch_size"":2,""dropout"":0.2,""early_stopping"":{""enabled"":true,""patience"":20},""epochs"":90,""eval_batch_size"":2,""feature_view"":""tokens"",""layer"":10,""lr"":0.0001,""mlp_ratio"":2.0,""num_heads"":16,""num_self_attn_blocks"":1,""slot"":null,""weight_decay"":0.01}",different_backbone_ablation/other models/intphys2/attn/intphys2_probe_temporal_attn_jepa_v2_1_vitg_384_ep90_pat20_h100_lr_matrix/train_eval_summary.json
intphys2__backbone_sweep__v_jepa_2_1__vit_g_16__temporal_attn__layer_20__seed_101,intphys2__backbone_sweep__v_jepa_2_1__vit_g_16__temporal_attn__layer_20,train_eval.probe.intphys2,IntPhys2,intphys2,backbone_sweep,V-JEPA 2.1,ViT-G/16,Attentive,temporal_attn,101,42,jepa_v2_1,vitg_384,20,,20,tokens,5e-5,0.01,2,2,90,true,20,,,16,1,2,0.20000000000000001,cuda,artifacts/probes/intphys2,seed_runs_layerwise_backbone_sweep_v1/intphys2__backbone_sweep__v_jepa_2_1__vit_g_16__temporal_attn__layer_20/seed_101,artifacts/results/intphys2,seed_runs_layerwise_backbone_sweep_v1/intphys2__backbone_sweep__v_jepa_2_1__vit_g_16__temporal_attn__layer_20/seed_101,seed_runs_layerwise_backbone_sweep_v1_intphys2__backbone_sweep__v_jepa_2_1__vit_g_16__temporal_attn__layer_20,intphys2__backbone_sweep__v_jepa_2_1__vit_g_16__temporal_attn__layer_20__seed_101,pending,,"[""seed=101"",""split.seed=42"",""backbone.name=jepa_v2_1"",""+backbone.kwargs.variant=vitg_384"",""probe.name=temporal_attn"",""probe.layer=20"",""probe.layers=[]"",""probe.feature_view=tokens"",""probe.device=cuda"",""probe.lr=5e-5"",""probe.weight_decay=0.01"",""probe.batch_size=2"",""probe.eval_batch_size=2"",""probe.epochs=90"",""probe.early_stopping.enabled=true"",""probe.early_stopping.patience=20"",""probe.optuna.enabled=false"",""probe.output_dir=artifacts/probes/intphys2"",""probe.output_subdir=seed_runs_layerwise_backbone_sweep_v1/intphys2__backbone_sweep__v_jepa_2_1__vit_g_16__temporal_attn__layer_20/seed_101"",""probe.eval_output_dir=artifacts/results/intphys2"",""probe.eval_output_subdir=seed_runs_layerwise_backbone_sweep_v1/intphys2__backbone_sweep__v_jepa_2_1__vit_g_16__temporal_attn__layer_20/seed_101"",""probe.wandb.group=seed_runs_layerwise_backbone_sweep_v1_intphys2__backbone_sweep__v_jepa_2_1__vit_g_16__temporal_attn__layer_20"",""probe.wandb.name=intphys2__backbone_sweep__v_jepa_2_1__vit_g_16__temporal_attn__layer_20__seed_101"",""feature_cache.layer_ids=[10,20,30,40]"",""probe.temporal_attn.num_heads=16"",""probe.temporal_attn.num_self_attn_blocks=1"",""probe.temporal_attn.mlp_ratio=2"",""probe.temporal_attn.dropout=0.20000000000000001"",""feature_cache.include_tokens=true""]",results/verified_layerwise_probe_configs.csv,81,83,614495b9a98606a4,VERIFIED_FULL,"{""batch_size"":2,""dropout"":0.2,""early_stopping"":{""enabled"":true,""patience"":20},""epochs"":90,""eval_batch_size"":2,""feature_view"":""tokens"",""layer"":20,""lr"":5e-05,""mlp_ratio"":2.0,""num_heads"":16,""num_self_attn_blocks"":1,""slot"":null,""weight_decay"":0.01}",different_backbone_ablation/other models/intphys2/attn/intphys2_probe_temporal_attn_jepa_v2_1_vitg_384_ep90_pat20_h100_lr_matrix/train_eval_summary.json
intphys2__backbone_sweep__v_jepa_2_1__vit_g_16__temporal_attn__layer_20__seed_102,intphys2__backbone_sweep__v_jepa_2_1__vit_g_16__temporal_attn__layer_20,train_eval.probe.intphys2,IntPhys2,intphys2,backbone_sweep,V-JEPA 2.1,ViT-G/16,Attentive,temporal_attn,102,42,jepa_v2_1,vitg_384,20,,20,tokens,5e-5,0.01,2,2,90,true,20,,,16,1,2,0.20000000000000001,cuda,artifacts/probes/intphys2,seed_runs_layerwise_backbone_sweep_v1/intphys2__backbone_sweep__v_jepa_2_1__vit_g_16__temporal_attn__layer_20/seed_102,artifacts/results/intphys2,seed_runs_layerwise_backbone_sweep_v1/intphys2__backbone_sweep__v_jepa_2_1__vit_g_16__temporal_attn__layer_20/seed_102,seed_runs_layerwise_backbone_sweep_v1_intphys2__backbone_sweep__v_jepa_2_1__vit_g_16__temporal_attn__layer_20,intphys2__backbone_sweep__v_jepa_2_1__vit_g_16__temporal_attn__layer_20__seed_102,pending,,"[""seed=102"",""split.seed=42"",""backbone.name=jepa_v2_1"",""+backbone.kwargs.variant=vitg_384"",""probe.name=temporal_attn"",""probe.layer=20"",""probe.layers=[]"",""probe.feature_view=tokens"",""probe.device=cuda"",""probe.lr=5e-5"",""probe.weight_decay=0.01"",""probe.batch_size=2"",""probe.eval_batch_size=2"",""probe.epochs=90"",""probe.early_stopping.enabled=true"",""probe.early_stopping.patience=20"",""probe.optuna.enabled=false"",""probe.output_dir=artifacts/probes/intphys2"",""probe.output_subdir=seed_runs_layerwise_backbone_sweep_v1/intphys2__backbone_sweep__v_jepa_2_1__vit_g_16__temporal_attn__layer_20/seed_102"",""probe.eval_output_dir=artifacts/results/intphys2"",""probe.eval_output_subdir=seed_runs_layerwise_backbone_sweep_v1/intphys2__backbone_sweep__v_jepa_2_1__vit_g_16__temporal_attn__layer_20/seed_102"",""probe.wandb.group=seed_runs_layerwise_backbone_sweep_v1_intphys2__backbone_sweep__v_jepa_2_1__vit_g_16__temporal_attn__layer_20"",""probe.wandb.name=intphys2__backbone_sweep__v_jepa_2_1__vit_g_16__temporal_attn__layer_20__seed_102"",""feature_cache.layer_ids=[10,20,30,40]"",""probe.temporal_attn.num_heads=16"",""probe.temporal_attn.num_self_attn_blocks=1"",""probe.temporal_attn.mlp_ratio=2"",""probe.temporal_attn.dropout=0.20000000000000001"",""feature_cache.include_tokens=true""]",results/verified_layerwise_probe_configs.csv,81,83,614495b9a98606a4,VERIFIED_FULL,"{""batch_size"":2,""dropout"":0.2,""early_stopping"":{""enabled"":true,""patience"":20},""epochs"":90,""eval_batch_size"":2,""feature_view"":""tokens"",""layer"":20,""lr"":5e-05,""mlp_ratio"":2.0,""num_heads"":16,""num_self_attn_blocks"":1,""slot"":null,""weight_decay"":0.01}",different_backbone_ablation/other models/intphys2/attn/intphys2_probe_temporal_attn_jepa_v2_1_vitg_384_ep90_pat20_h100_lr_matrix/train_eval_summary.json
intphys2__backbone_sweep__v_jepa_2_1__vit_g_16__temporal_attn__layer_30__seed_101,intphys2__backbone_sweep__v_jepa_2_1__vit_g_16__temporal_attn__layer_30,train_eval.probe.intphys2,IntPhys2,intphys2,backbone_sweep,V-JEPA 2.1,ViT-G/16,Attentive,temporal_attn,101,42,jepa_v2_1,vitg_384,30,,30,tokens,5e-5,0.01,2,2,90,true,20,,,16,1,2,0.20000000000000001,cuda,artifacts/probes/intphys2,seed_runs_layerwise_backbone_sweep_v1/intphys2__backbone_sweep__v_jepa_2_1__vit_g_16__temporal_attn__layer_30/seed_101,artifacts/results/intphys2,seed_runs_layerwise_backbone_sweep_v1/intphys2__backbone_sweep__v_jepa_2_1__vit_g_16__temporal_attn__layer_30/seed_101,seed_runs_layerwise_backbone_sweep_v1_intphys2__backbone_sweep__v_jepa_2_1__vit_g_16__temporal_attn__layer_30,intphys2__backbone_sweep__v_jepa_2_1__vit_g_16__temporal_attn__layer_30__seed_101,pending,,"[""seed=101"",""split.seed=42"",""backbone.name=jepa_v2_1"",""+backbone.kwargs.variant=vitg_384"",""probe.name=temporal_attn"",""probe.layer=30"",""probe.layers=[]"",""probe.feature_view=tokens"",""probe.device=cuda"",""probe.lr=5e-5"",""probe.weight_decay=0.01"",""probe.batch_size=2"",""probe.eval_batch_size=2"",""probe.epochs=90"",""probe.early_stopping.enabled=true"",""probe.early_stopping.patience=20"",""probe.optuna.enabled=false"",""probe.output_dir=artifacts/probes/intphys2"",""probe.output_subdir=seed_runs_layerwise_backbone_sweep_v1/intphys2__backbone_sweep__v_jepa_2_1__vit_g_16__temporal_attn__layer_30/seed_101"",""probe.eval_output_dir=artifacts/results/intphys2"",""probe.eval_output_subdir=seed_runs_layerwise_backbone_sweep_v1/intphys2__backbone_sweep__v_jepa_2_1__vit_g_16__temporal_attn__layer_30/seed_101"",""probe.wandb.group=seed_runs_layerwise_backbone_sweep_v1_intphys2__backbone_sweep__v_jepa_2_1__vit_g_16__temporal_attn__layer_30"",""probe.wandb.name=intphys2__backbone_sweep__v_jepa_2_1__vit_g_16__temporal_attn__layer_30__seed_101"",""feature_cache.layer_ids=[10,20,30,40]"",""probe.temporal_attn.num_heads=16"",""probe.temporal_attn.num_self_attn_blocks=1"",""probe.temporal_attn.mlp_ratio=2"",""probe.temporal_attn.dropout=0.20000000000000001"",""feature_cache.include_tokens=true""]",results/verified_layerwise_probe_configs.csv,82,84,4b2c36c6a27c1b19,VERIFIED_FULL,"{""batch_size"":2,""dropout"":0.2,""early_stopping"":{""enabled"":true,""patience"":20},""epochs"":90,""eval_batch_size"":2,""feature_view"":""tokens"",""layer"":30,""lr"":5e-05,""mlp_ratio"":2.0,""num_heads"":16,""num_self_attn_blocks"":1,""slot"":null,""weight_decay"":0.01}",different_backbone_ablation/other models/intphys2/attn/intphys2_probe_temporal_attn_jepa_v2_1_vitg_384_ep90_pat20_h100_lr_matrix/train_eval_summary.json
intphys2__backbone_sweep__v_jepa_2_1__vit_g_16__temporal_attn__layer_30__seed_102,intphys2__backbone_sweep__v_jepa_2_1__vit_g_16__temporal_attn__layer_30,train_eval.probe.intphys2,IntPhys2,intphys2,backbone_sweep,V-JEPA 2.1,ViT-G/16,Attentive,temporal_attn,102,42,jepa_v2_1,vitg_384,30,,30,tokens,5e-5,0.01,2,2,90,true,20,,,16,1,2,0.20000000000000001,cuda,artifacts/probes/intphys2,seed_runs_layerwise_backbone_sweep_v1/intphys2__backbone_sweep__v_jepa_2_1__vit_g_16__temporal_attn__layer_30/seed_102,artifacts/results/intphys2,seed_runs_layerwise_backbone_sweep_v1/intphys2__backbone_sweep__v_jepa_2_1__vit_g_16__temporal_attn__layer_30/seed_102,seed_runs_layerwise_backbone_sweep_v1_intphys2__backbone_sweep__v_jepa_2_1__vit_g_16__temporal_attn__layer_30,intphys2__backbone_sweep__v_jepa_2_1__vit_g_16__temporal_attn__layer_30__seed_102,pending,,"[""seed=102"",""split.seed=42"",""backbone.name=jepa_v2_1"",""+backbone.kwargs.variant=vitg_384"",""probe.name=temporal_attn"",""probe.layer=30"",""probe.layers=[]"",""probe.feature_view=tokens"",""probe.device=cuda"",""probe.lr=5e-5"",""probe.weight_decay=0.01"",""probe.batch_size=2"",""probe.eval_batch_size=2"",""probe.epochs=90"",""probe.early_stopping.enabled=true"",""probe.early_stopping.patience=20"",""probe.optuna.enabled=false"",""probe.output_dir=artifacts/probes/intphys2"",""probe.output_subdir=seed_runs_layerwise_backbone_sweep_v1/intphys2__backbone_sweep__v_jepa_2_1__vit_g_16__temporal_attn__layer_30/seed_102"",""probe.eval_output_dir=artifacts/results/intphys2"",""probe.eval_output_subdir=seed_runs_layerwise_backbone_sweep_v1/intphys2__backbone_sweep__v_jepa_2_1__vit_g_16__temporal_attn__layer_30/seed_102"",""probe.wandb.group=seed_runs_layerwise_backbone_sweep_v1_intphys2__backbone_sweep__v_jepa_2_1__vit_g_16__temporal_attn__layer_30"",""probe.wandb.name=intphys2__backbone_sweep__v_jepa_2_1__vit_g_16__temporal_attn__layer_30__seed_102"",""feature_cache.layer_ids=[10,20,30,40]"",""probe.temporal_attn.num_heads=16"",""probe.temporal_attn.num_self_attn_blocks=1"",""probe.temporal_attn.mlp_ratio=2"",""probe.temporal_attn.dropout=0.20000000000000001"",""feature_cache.include_tokens=true""]",results/verified_layerwise_probe_configs.csv,82,84,4b2c36c6a27c1b19,VERIFIED_FULL,"{""batch_size"":2,""dropout"":0.2,""early_stopping"":{""enabled"":true,""patience"":20},""epochs"":90,""eval_batch_size"":2,""feature_view"":""tokens"",""layer"":30,""lr"":5e-05,""mlp_ratio"":2.0,""num_heads"":16,""num_self_attn_blocks"":1,""slot"":null,""weight_decay"":0.01}",different_backbone_ablation/other models/intphys2/attn/intphys2_probe_temporal_attn_jepa_v2_1_vitg_384_ep90_pat20_h100_lr_matrix/train_eval_summary.json
intphys2__backbone_sweep__v_jepa_2_1__vit_g_16__temporal_attn__layer_40__seed_101,intphys2__backbone_sweep__v_jepa_2_1__vit_g_16__temporal_attn__layer_40,train_eval.probe.intphys2,IntPhys2,intphys2,backbone_sweep,V-JEPA 2.1,ViT-G/16,Attentive,temporal_attn,101,42,jepa_v2_1,vitg_384,40,,40,tokens,1e-4,0.01,2,2,90,true,20,,,16,1,2,0.20000000000000001,cuda,artifacts/probes/intphys2,seed_runs_layerwise_backbone_sweep_v1/intphys2__backbone_sweep__v_jepa_2_1__vit_g_16__temporal_attn__layer_40/seed_101,artifacts/results/intphys2,seed_runs_layerwise_backbone_sweep_v1/intphys2__backbone_sweep__v_jepa_2_1__vit_g_16__temporal_attn__layer_40/seed_101,seed_runs_layerwise_backbone_sweep_v1_intphys2__backbone_sweep__v_jepa_2_1__vit_g_16__temporal_attn__layer_40,intphys2__backbone_sweep__v_jepa_2_1__vit_g_16__temporal_attn__layer_40__seed_101,pending,,"[""seed=101"",""split.seed=42"",""backbone.name=jepa_v2_1"",""+backbone.kwargs.variant=vitg_384"",""probe.name=temporal_attn"",""probe.layer=40"",""probe.layers=[]"",""probe.feature_view=tokens"",""probe.device=cuda"",""probe.lr=1e-4"",""probe.weight_decay=0.01"",""probe.batch_size=2"",""probe.eval_batch_size=2"",""probe.epochs=90"",""probe.early_stopping.enabled=true"",""probe.early_stopping.patience=20"",""probe.optuna.enabled=false"",""probe.output_dir=artifacts/probes/intphys2"",""probe.output_subdir=seed_runs_layerwise_backbone_sweep_v1/intphys2__backbone_sweep__v_jepa_2_1__vit_g_16__temporal_attn__layer_40/seed_101"",""probe.eval_output_dir=artifacts/results/intphys2"",""probe.eval_output_subdir=seed_runs_layerwise_backbone_sweep_v1/intphys2__backbone_sweep__v_jepa_2_1__vit_g_16__temporal_attn__layer_40/seed_101"",""probe.wandb.group=seed_runs_layerwise_backbone_sweep_v1_intphys2__backbone_sweep__v_jepa_2_1__vit_g_16__temporal_attn__layer_40"",""probe.wandb.name=intphys2__backbone_sweep__v_jepa_2_1__vit_g_16__temporal_attn__layer_40__seed_101"",""feature_cache.layer_ids=[10,20,30,40]"",""probe.temporal_attn.num_heads=16"",""probe.temporal_attn.num_self_attn_blocks=1"",""probe.temporal_attn.mlp_ratio=2"",""probe.temporal_attn.dropout=0.20000000000000001"",""feature_cache.include_tokens=true""]",results/verified_layerwise_probe_configs.csv,83,85,0d2178f2c8afa371,VERIFIED_FULL,"{""batch_size"":2,""dropout"":0.2,""early_stopping"":{""enabled"":true,""patience"":20},""epochs"":90,""eval_batch_size"":2,""feature_view"":""tokens"",""layer"":40,""lr"":0.0001,""mlp_ratio"":2.0,""num_heads"":16,""num_self_attn_blocks"":1,""slot"":null,""weight_decay"":0.01}",different_backbone_ablation/other models/intphys2/attn/intphys2_probe_temporal_attn_jepa_v2_1_vitg_384_ep90_pat20_h100_lr_matrix/train_eval_summary.json
intphys2__backbone_sweep__v_jepa_2_1__vit_g_16__temporal_attn__layer_40__seed_102,intphys2__backbone_sweep__v_jepa_2_1__vit_g_16__temporal_attn__layer_40,train_eval.probe.intphys2,IntPhys2,intphys2,backbone_sweep,V-JEPA 2.1,ViT-G/16,Attentive,temporal_attn,102,42,jepa_v2_1,vitg_384,40,,40,tokens,1e-4,0.01,2,2,90,true,20,,,16,1,2,0.20000000000000001,cuda,artifacts/probes/intphys2,seed_runs_layerwise_backbone_sweep_v1/intphys2__backbone_sweep__v_jepa_2_1__vit_g_16__temporal_attn__layer_40/seed_102,artifacts/results/intphys2,seed_runs_layerwise_backbone_sweep_v1/intphys2__backbone_sweep__v_jepa_2_1__vit_g_16__temporal_attn__layer_40/seed_102,seed_runs_layerwise_backbone_sweep_v1_intphys2__backbone_sweep__v_jepa_2_1__vit_g_16__temporal_attn__layer_40,intphys2__backbone_sweep__v_jepa_2_1__vit_g_16__temporal_attn__layer_40__seed_102,pending,,"[""seed=102"",""split.seed=42"",""backbone.name=jepa_v2_1"",""+backbone.kwargs.variant=vitg_384"",""probe.name=temporal_attn"",""probe.layer=40"",""probe.layers=[]"",""probe.feature_view=tokens"",""probe.device=cuda"",""probe.lr=1e-4"",""probe.weight_decay=0.01"",""probe.batch_size=2"",""probe.eval_batch_size=2"",""probe.epochs=90"",""probe.early_stopping.enabled=true"",""probe.early_stopping.patience=20"",""probe.optuna.enabled=false"",""probe.output_dir=artifacts/probes/intphys2"",""probe.output_subdir=seed_runs_layerwise_backbone_sweep_v1/intphys2__backbone_sweep__v_jepa_2_1__vit_g_16__temporal_attn__layer_40/seed_102"",""probe.eval_output_dir=artifacts/results/intphys2"",""probe.eval_output_subdir=seed_runs_layerwise_backbone_sweep_v1/intphys2__backbone_sweep__v_jepa_2_1__vit_g_16__temporal_attn__layer_40/seed_102"",""probe.wandb.group=seed_runs_layerwise_backbone_sweep_v1_intphys2__backbone_sweep__v_jepa_2_1__vit_g_16__temporal_attn__layer_40"",""probe.wandb.name=intphys2__backbone_sweep__v_jepa_2_1__vit_g_16__temporal_attn__layer_40__seed_102"",""feature_cache.layer_ids=[10,20,30,40]"",""probe.temporal_attn.num_heads=16"",""probe.temporal_attn.num_self_attn_blocks=1"",""probe.temporal_attn.mlp_ratio=2"",""probe.temporal_attn.dropout=0.20000000000000001"",""feature_cache.include_tokens=true""]",results/verified_layerwise_probe_configs.csv,83,85,0d2178f2c8afa371,VERIFIED_FULL,"{""batch_size"":2,""dropout"":0.2,""early_stopping"":{""enabled"":true,""patience"":20},""epochs"":90,""eval_batch_size"":2,""feature_view"":""tokens"",""layer"":40,""lr"":0.0001,""mlp_ratio"":2.0,""num_heads"":16,""num_self_attn_blocks"":1,""slot"":null,""weight_decay"":0.01}",different_backbone_ablation/other models/intphys2/attn/intphys2_probe_temporal_attn_jepa_v2_1_vitg_384_ep90_pat20_h100_lr_matrix/train_eval_summary.json
intphys2__backbone_sweep__videomae_v2__vit_b_16__temporal_attn__layer_3__seed_101,intphys2__backbone_sweep__videomae_v2__vit_b_16__temporal_attn__layer_3,train_eval.probe.intphys2,IntPhys2,intphys2,backbone_sweep,VideoMAE-v2,ViT-B/16,Attentive,temporal_attn,101,42,videomae_v2,vit_base_16_224,3,,3,tokens,5e-4,0.01,1,1,90,true,20,,,16,1,2,0.20000000000000001,cuda,artifacts/probes/intphys2,seed_runs_layerwise_backbone_sweep_v1/intphys2__backbone_sweep__videomae_v2__vit_b_16__temporal_attn__layer_3/seed_101,artifacts/results/intphys2,seed_runs_layerwise_backbone_sweep_v1/intphys2__backbone_sweep__videomae_v2__vit_b_16__temporal_attn__layer_3/seed_101,seed_runs_layerwise_backbone_sweep_v1_intphys2__backbone_sweep__videomae_v2__vit_b_16__temporal_attn__layer_3,intphys2__backbone_sweep__videomae_v2__vit_b_16__temporal_attn__layer_3__seed_101,pending,,"[""seed=101"",""split.seed=42"",""backbone.name=videomae_v2"",""+backbone.kwargs.variant=vit_base_16_224"",""probe.name=temporal_attn"",""probe.layer=3"",""probe.layers=[]"",""probe.feature_view=tokens"",""probe.device=cuda"",""probe.lr=5e-4"",""probe.weight_decay=0.01"",""probe.batch_size=1"",""probe.eval_batch_size=1"",""probe.epochs=90"",""probe.early_stopping.enabled=true"",""probe.early_stopping.patience=20"",""probe.optuna.enabled=false"",""probe.output_dir=artifacts/probes/intphys2"",""probe.output_subdir=seed_runs_layerwise_backbone_sweep_v1/intphys2__backbone_sweep__videomae_v2__vit_b_16__temporal_attn__layer_3/seed_101"",""probe.eval_output_dir=artifacts/results/intphys2"",""probe.eval_output_subdir=seed_runs_layerwise_backbone_sweep_v1/intphys2__backbone_sweep__videomae_v2__vit_b_16__temporal_attn__layer_3/seed_101"",""probe.wandb.group=seed_runs_layerwise_backbone_sweep_v1_intphys2__backbone_sweep__videomae_v2__vit_b_16__temporal_attn__layer_3"",""probe.wandb.name=intphys2__backbone_sweep__videomae_v2__vit_b_16__temporal_attn__layer_3__seed_101"",""feature_cache.layer_ids=[3,6,9,12]"",""probe.temporal_attn.num_heads=16"",""probe.temporal_attn.num_self_attn_blocks=1"",""probe.temporal_attn.mlp_ratio=2"",""probe.temporal_attn.dropout=0.20000000000000001"",""feature_cache.include_tokens=true""]",results/verified_layerwise_probe_configs.csv,128,130,37c7f86e7b4acae9,VERIFIED_FULL,"{""batch_size"":1,""dropout"":0.2,""early_stopping"":{""enabled"":true,""patience"":20},""epochs"":90,""eval_batch_size"":1,""feature_view"":""tokens"",""layer"":3,""lr"":0.0005,""mlp_ratio"":2.0,""num_heads"":16,""num_self_attn_blocks"":1,""slot"":null,""weight_decay"":0.01}",different_backbone_ablation/other models/intphys2/attn/intphys2_probe_temporal_attn_videomae_v2_vit_base_16_224_ep90_pat20_h100_lr_matrix/train_eval_summary.json
intphys2__backbone_sweep__videomae_v2__vit_b_16__temporal_attn__layer_3__seed_102,intphys2__backbone_sweep__videomae_v2__vit_b_16__temporal_attn__layer_3,train_eval.probe.intphys2,IntPhys2,intphys2,backbone_sweep,VideoMAE-v2,ViT-B/16,Attentive,temporal_attn,102,42,videomae_v2,vit_base_16_224,3,,3,tokens,5e-4,0.01,1,1,90,true,20,,,16,1,2,0.20000000000000001,cuda,artifacts/probes/intphys2,seed_runs_layerwise_backbone_sweep_v1/intphys2__backbone_sweep__videomae_v2__vit_b_16__temporal_attn__layer_3/seed_102,artifacts/results/intphys2,seed_runs_layerwise_backbone_sweep_v1/intphys2__backbone_sweep__videomae_v2__vit_b_16__temporal_attn__layer_3/seed_102,seed_runs_layerwise_backbone_sweep_v1_intphys2__backbone_sweep__videomae_v2__vit_b_16__temporal_attn__layer_3,intphys2__backbone_sweep__videomae_v2__vit_b_16__temporal_attn__layer_3__seed_102,pending,,"[""seed=102"",""split.seed=42"",""backbone.name=videomae_v2"",""+backbone.kwargs.variant=vit_base_16_224"",""probe.name=temporal_attn"",""probe.layer=3"",""probe.layers=[]"",""probe.feature_view=tokens"",""probe.device=cuda"",""probe.lr=5e-4"",""probe.weight_decay=0.01"",""probe.batch_size=1"",""probe.eval_batch_size=1"",""probe.epochs=90"",""probe.early_stopping.enabled=true"",""probe.early_stopping.patience=20"",""probe.optuna.enabled=false"",""probe.output_dir=artifacts/probes/intphys2"",""probe.output_subdir=seed_runs_layerwise_backbone_sweep_v1/intphys2__backbone_sweep__videomae_v2__vit_b_16__temporal_attn__layer_3/seed_102"",""probe.eval_output_dir=artifacts/results/intphys2"",""probe.eval_output_subdir=seed_runs_layerwise_backbone_sweep_v1/intphys2__backbone_sweep__videomae_v2__vit_b_16__temporal_attn__layer_3/seed_102"",""probe.wandb.group=seed_runs_layerwise_backbone_sweep_v1_intphys2__backbone_sweep__videomae_v2__vit_b_16__temporal_attn__layer_3"",""probe.wandb.name=intphys2__backbone_sweep__videomae_v2__vit_b_16__temporal_attn__layer_3__seed_102"",""feature_cache.layer_ids=[3,6,9,12]"",""probe.temporal_attn.num_heads=16"",""probe.temporal_attn.num_self_attn_blocks=1"",""probe.temporal_attn.mlp_ratio=2"",""probe.temporal_attn.dropout=0.20000000000000001"",""feature_cache.include_tokens=true""]",results/verified_layerwise_probe_configs.csv,128,130,37c7f86e7b4acae9,VERIFIED_FULL,"{""batch_size"":1,""dropout"":0.2,""early_stopping"":{""enabled"":true,""patience"":20},""epochs"":90,""eval_batch_size"":1,""feature_view"":""tokens"",""layer"":3,""lr"":0.0005,""mlp_ratio"":2.0,""num_heads"":16,""num_self_attn_blocks"":1,""slot"":null,""weight_decay"":0.01}",different_backbone_ablation/other models/intphys2/attn/intphys2_probe_temporal_attn_videomae_v2_vit_base_16_224_ep90_pat20_h100_lr_matrix/train_eval_summary.json
intphys2__backbone_sweep__videomae_v2__vit_b_16__temporal_attn__layer_6__seed_101,intphys2__backbone_sweep__videomae_v2__vit_b_16__temporal_attn__layer_6,train_eval.probe.intphys2,IntPhys2,intphys2,backbone_sweep,VideoMAE-v2,ViT-B/16,Attentive,temporal_attn,101,42,videomae_v2,vit_base_16_224,6,,6,tokens,5e-5,0.01,1,1,90,true,20,,,16,1,2,0.20000000000000001,cuda,artifacts/probes/intphys2,seed_runs_layerwise_backbone_sweep_v1/intphys2__backbone_sweep__videomae_v2__vit_b_16__temporal_attn__layer_6/seed_101,artifacts/results/intphys2,seed_runs_layerwise_backbone_sweep_v1/intphys2__backbone_sweep__videomae_v2__vit_b_16__temporal_attn__layer_6/seed_101,seed_runs_layerwise_backbone_sweep_v1_intphys2__backbone_sweep__videomae_v2__vit_b_16__temporal_attn__layer_6,intphys2__backbone_sweep__videomae_v2__vit_b_16__temporal_attn__layer_6__seed_101,pending,,"[""seed=101"",""split.seed=42"",""backbone.name=videomae_v2"",""+backbone.kwargs.variant=vit_base_16_224"",""probe.name=temporal_attn"",""probe.layer=6"",""probe.layers=[]"",""probe.feature_view=tokens"",""probe.device=cuda"",""probe.lr=5e-5"",""probe.weight_decay=0.01"",""probe.batch_size=1"",""probe.eval_batch_size=1"",""probe.epochs=90"",""probe.early_stopping.enabled=true"",""probe.early_stopping.patience=20"",""probe.optuna.enabled=false"",""probe.output_dir=artifacts/probes/intphys2"",""probe.output_subdir=seed_runs_layerwise_backbone_sweep_v1/intphys2__backbone_sweep__videomae_v2__vit_b_16__temporal_attn__layer_6/seed_101"",""probe.eval_output_dir=artifacts/results/intphys2"",""probe.eval_output_subdir=seed_runs_layerwise_backbone_sweep_v1/intphys2__backbone_sweep__videomae_v2__vit_b_16__temporal_attn__layer_6/seed_101"",""probe.wandb.group=seed_runs_layerwise_backbone_sweep_v1_intphys2__backbone_sweep__videomae_v2__vit_b_16__temporal_attn__layer_6"",""probe.wandb.name=intphys2__backbone_sweep__videomae_v2__vit_b_16__temporal_attn__layer_6__seed_101"",""feature_cache.layer_ids=[3,6,9,12]"",""probe.temporal_attn.num_heads=16"",""probe.temporal_attn.num_self_attn_blocks=1"",""probe.temporal_attn.mlp_ratio=2"",""probe.temporal_attn.dropout=0.20000000000000001"",""feature_cache.include_tokens=true""]",results/verified_layerwise_probe_configs.csv,129,131,5c5fdbcef38de0bb,VERIFIED_FULL,"{""batch_size"":1,""dropout"":0.2,""early_stopping"":{""enabled"":true,""patience"":20},""epochs"":90,""eval_batch_size"":1,""feature_view"":""tokens"",""layer"":6,""lr"":5e-05,""mlp_ratio"":2.0,""num_heads"":16,""num_self_attn_blocks"":1,""slot"":null,""weight_decay"":0.01}",different_backbone_ablation/other models/intphys2/attn/intphys2_probe_temporal_attn_videomae_v2_vit_base_16_224_ep90_pat20_h100_lr_matrix/train_eval_summary.json
intphys2__backbone_sweep__videomae_v2__vit_b_16__temporal_attn__layer_6__seed_102,intphys2__backbone_sweep__videomae_v2__vit_b_16__temporal_attn__layer_6,train_eval.probe.intphys2,IntPhys2,intphys2,backbone_sweep,VideoMAE-v2,ViT-B/16,Attentive,temporal_attn,102,42,videomae_v2,vit_base_16_224,6,,6,tokens,5e-5,0.01,1,1,90,true,20,,,16,1,2,0.20000000000000001,cuda,artifacts/probes/intphys2,seed_runs_layerwise_backbone_sweep_v1/intphys2__backbone_sweep__videomae_v2__vit_b_16__temporal_attn__layer_6/seed_102,artifacts/results/intphys2,seed_runs_layerwise_backbone_sweep_v1/intphys2__backbone_sweep__videomae_v2__vit_b_16__temporal_attn__layer_6/seed_102,seed_runs_layerwise_backbone_sweep_v1_intphys2__backbone_sweep__videomae_v2__vit_b_16__temporal_attn__layer_6,intphys2__backbone_sweep__videomae_v2__vit_b_16__temporal_attn__layer_6__seed_102,pending,,"[""seed=102"",""split.seed=42"",""backbone.name=videomae_v2"",""+backbone.kwargs.variant=vit_base_16_224"",""probe.name=temporal_attn"",""probe.layer=6"",""probe.layers=[]"",""probe.feature_view=tokens"",""probe.device=cuda"",""probe.lr=5e-5"",""probe.weight_decay=0.01"",""probe.batch_size=1"",""probe.eval_batch_size=1"",""probe.epochs=90"",""probe.early_stopping.enabled=true"",""probe.early_stopping.patience=20"",""probe.optuna.enabled=false"",""probe.output_dir=artifacts/probes/intphys2"",""probe.output_subdir=seed_runs_layerwise_backbone_sweep_v1/intphys2__backbone_sweep__videomae_v2__vit_b_16__temporal_attn__layer_6/seed_102"",""probe.eval_output_dir=artifacts/results/intphys2"",""probe.eval_output_subdir=seed_runs_layerwise_backbone_sweep_v1/intphys2__backbone_sweep__videomae_v2__vit_b_16__temporal_attn__layer_6/seed_102"",""probe.wandb.group=seed_runs_layerwise_backbone_sweep_v1_intphys2__backbone_sweep__videomae_v2__vit_b_16__temporal_attn__layer_6"",""probe.wandb.name=intphys2__backbone_sweep__videomae_v2__vit_b_16__temporal_attn__layer_6__seed_102"",""feature_cache.layer_ids=[3,6,9,12]"",""probe.temporal_attn.num_heads=16"",""probe.temporal_attn.num_self_attn_blocks=1"",""probe.temporal_attn.mlp_ratio=2"",""probe.temporal_attn.dropout=0.20000000000000001"",""feature_cache.include_tokens=true""]",results/verified_layerwise_probe_configs.csv,129,131,5c5fdbcef38de0bb,VERIFIED_FULL,"{""batch_size"":1,""dropout"":0.2,""early_stopping"":{""enabled"":true,""patience"":20},""epochs"":90,""eval_batch_size"":1,""feature_view"":""tokens"",""layer"":6,""lr"":5e-05,""mlp_ratio"":2.0,""num_heads"":16,""num_self_attn_blocks"":1,""slot"":null,""weight_decay"":0.01}",different_backbone_ablation/other models/intphys2/attn/intphys2_probe_temporal_attn_videomae_v2_vit_base_16_224_ep90_pat20_h100_lr_matrix/train_eval_summary.json
intphys2__backbone_sweep__videomae_v2__vit_b_16__temporal_attn__layer_9__seed_101,intphys2__backbone_sweep__videomae_v2__vit_b_16__temporal_attn__layer_9,train_eval.probe.intphys2,IntPhys2,intphys2,backbone_sweep,VideoMAE-v2,ViT-B/16,Attentive,temporal_attn,101,42,videomae_v2,vit_base_16_224,9,,9,tokens,5e-5,0.01,1,1,90,true,20,,,16,1,2,0.20000000000000001,cuda,artifacts/probes/intphys2,seed_runs_layerwise_backbone_sweep_v1/intphys2__backbone_sweep__videomae_v2__vit_b_16__temporal_attn__layer_9/seed_101,artifacts/results/intphys2,seed_runs_layerwise_backbone_sweep_v1/intphys2__backbone_sweep__videomae_v2__vit_b_16__temporal_attn__layer_9/seed_101,seed_runs_layerwise_backbone_sweep_v1_intphys2__backbone_sweep__videomae_v2__vit_b_16__temporal_attn__layer_9,intphys2__backbone_sweep__videomae_v2__vit_b_16__temporal_attn__layer_9__seed_101,pending,,"[""seed=101"",""split.seed=42"",""backbone.name=videomae_v2"",""+backbone.kwargs.variant=vit_base_16_224"",""probe.name=temporal_attn"",""probe.layer=9"",""probe.layers=[]"",""probe.feature_view=tokens"",""probe.device=cuda"",""probe.lr=5e-5"",""probe.weight_decay=0.01"",""probe.batch_size=1"",""probe.eval_batch_size=1"",""probe.epochs=90"",""probe.early_stopping.enabled=true"",""probe.early_stopping.patience=20"",""probe.optuna.enabled=false"",""probe.output_dir=artifacts/probes/intphys2"",""probe.output_subdir=seed_runs_layerwise_backbone_sweep_v1/intphys2__backbone_sweep__videomae_v2__vit_b_16__temporal_attn__layer_9/seed_101"",""probe.eval_output_dir=artifacts/results/intphys2"",""probe.eval_output_subdir=seed_runs_layerwise_backbone_sweep_v1/intphys2__backbone_sweep__videomae_v2__vit_b_16__temporal_attn__layer_9/seed_101"",""probe.wandb.group=seed_runs_layerwise_backbone_sweep_v1_intphys2__backbone_sweep__videomae_v2__vit_b_16__temporal_attn__layer_9"",""probe.wandb.name=intphys2__backbone_sweep__videomae_v2__vit_b_16__temporal_attn__layer_9__seed_101"",""feature_cache.layer_ids=[3,6,9,12]"",""probe.temporal_attn.num_heads=16"",""probe.temporal_attn.num_self_attn_blocks=1"",""probe.temporal_attn.mlp_ratio=2"",""probe.temporal_attn.dropout=0.20000000000000001"",""feature_cache.include_tokens=true""]",results/verified_layerwise_probe_configs.csv,130,132,12450ff14ad13991,VERIFIED_FULL,"{""batch_size"":1,""dropout"":0.2,""early_stopping"":{""enabled"":true,""patience"":20},""epochs"":90,""eval_batch_size"":1,""feature_view"":""tokens"",""layer"":9,""lr"":5e-05,""mlp_ratio"":2.0,""num_heads"":16,""num_self_attn_blocks"":1,""slot"":null,""weight_decay"":0.01}",different_backbone_ablation/other models/intphys2/attn/intphys2_probe_temporal_attn_videomae_v2_vit_base_16_224_ep90_pat20_h100_lr_matrix/train_eval_summary.json
intphys2__backbone_sweep__videomae_v2__vit_b_16__temporal_attn__layer_9__seed_102,intphys2__backbone_sweep__videomae_v2__vit_b_16__temporal_attn__layer_9,train_eval.probe.intphys2,IntPhys2,intphys2,backbone_sweep,VideoMAE-v2,ViT-B/16,Attentive,temporal_attn,102,42,videomae_v2,vit_base_16_224,9,,9,tokens,5e-5,0.01,1,1,90,true,20,,,16,1,2,0.20000000000000001,cuda,artifacts/probes/intphys2,seed_runs_layerwise_backbone_sweep_v1/intphys2__backbone_sweep__videomae_v2__vit_b_16__temporal_attn__layer_9/seed_102,artifacts/results/intphys2,seed_runs_layerwise_backbone_sweep_v1/intphys2__backbone_sweep__videomae_v2__vit_b_16__temporal_attn__layer_9/seed_102,seed_runs_layerwise_backbone_sweep_v1_intphys2__backbone_sweep__videomae_v2__vit_b_16__temporal_attn__layer_9,intphys2__backbone_sweep__videomae_v2__vit_b_16__temporal_attn__layer_9__seed_102,pending,,"[""seed=102"",""split.seed=42"",""backbone.name=videomae_v2"",""+backbone.kwargs.variant=vit_base_16_224"",""probe.name=temporal_attn"",""probe.layer=9"",""probe.layers=[]"",""probe.feature_view=tokens"",""probe.device=cuda"",""probe.lr=5e-5"",""probe.weight_decay=0.01"",""probe.batch_size=1"",""probe.eval_batch_size=1"",""probe.epochs=90"",""probe.early_stopping.enabled=true"",""probe.early_stopping.patience=20"",""probe.optuna.enabled=false"",""probe.output_dir=artifacts/probes/intphys2"",""probe.output_subdir=seed_runs_layerwise_backbone_sweep_v1/intphys2__backbone_sweep__videomae_v2__vit_b_16__temporal_attn__layer_9/seed_102"",""probe.eval_output_dir=artifacts/results/intphys2"",""probe.eval_output_subdir=seed_runs_layerwise_backbone_sweep_v1/intphys2__backbone_sweep__videomae_v2__vit_b_16__temporal_attn__layer_9/seed_102"",""probe.wandb.group=seed_runs_layerwise_backbone_sweep_v1_intphys2__backbone_sweep__videomae_v2__vit_b_16__temporal_attn__layer_9"",""probe.wandb.name=intphys2__backbone_sweep__videomae_v2__vit_b_16__temporal_attn__layer_9__seed_102"",""feature_cache.layer_ids=[3,6,9,12]"",""probe.temporal_attn.num_heads=16"",""probe.temporal_attn.num_self_attn_blocks=1"",""probe.temporal_attn.mlp_ratio=2"",""probe.temporal_attn.dropout=0.20000000000000001"",""feature_cache.include_tokens=true""]",results/verified_layerwise_probe_configs.csv,130,132,12450ff14ad13991,VERIFIED_FULL,"{""batch_size"":1,""dropout"":0.2,""early_stopping"":{""enabled"":true,""patience"":20},""epochs"":90,""eval_batch_size"":1,""feature_view"":""tokens"",""layer"":9,""lr"":5e-05,""mlp_ratio"":2.0,""num_heads"":16,""num_self_attn_blocks"":1,""slot"":null,""weight_decay"":0.01}",different_backbone_ablation/other models/intphys2/attn/intphys2_probe_temporal_attn_videomae_v2_vit_base_16_224_ep90_pat20_h100_lr_matrix/train_eval_summary.json
intphys2__backbone_sweep__videomae_v2__vit_b_16__temporal_attn__layer_12__seed_101,intphys2__backbone_sweep__videomae_v2__vit_b_16__temporal_attn__layer_12,train_eval.probe.intphys2,IntPhys2,intphys2,backbone_sweep,VideoMAE-v2,ViT-B/16,Attentive,temporal_attn,101,42,videomae_v2,vit_base_16_224,12,,12,tokens,1e-4,0.01,1,1,90,true,20,,,16,1,2,0.20000000000000001,cuda,artifacts/probes/intphys2,seed_runs_layerwise_backbone_sweep_v1/intphys2__backbone_sweep__videomae_v2__vit_b_16__temporal_attn__layer_12/seed_101,artifacts/results/intphys2,seed_runs_layerwise_backbone_sweep_v1/intphys2__backbone_sweep__videomae_v2__vit_b_16__temporal_attn__layer_12/seed_101,seed_runs_layerwise_backbone_sweep_v1_intphys2__backbone_sweep__videomae_v2__vit_b_16__temporal_attn__layer_12,intphys2__backbone_sweep__videomae_v2__vit_b_16__temporal_attn__layer_12__seed_101,pending,,"[""seed=101"",""split.seed=42"",""backbone.name=videomae_v2"",""+backbone.kwargs.variant=vit_base_16_224"",""probe.name=temporal_attn"",""probe.layer=12"",""probe.layers=[]"",""probe.feature_view=tokens"",""probe.device=cuda"",""probe.lr=1e-4"",""probe.weight_decay=0.01"",""probe.batch_size=1"",""probe.eval_batch_size=1"",""probe.epochs=90"",""probe.early_stopping.enabled=true"",""probe.early_stopping.patience=20"",""probe.optuna.enabled=false"",""probe.output_dir=artifacts/probes/intphys2"",""probe.output_subdir=seed_runs_layerwise_backbone_sweep_v1/intphys2__backbone_sweep__videomae_v2__vit_b_16__temporal_attn__layer_12/seed_101"",""probe.eval_output_dir=artifacts/results/intphys2"",""probe.eval_output_subdir=seed_runs_layerwise_backbone_sweep_v1/intphys2__backbone_sweep__videomae_v2__vit_b_16__temporal_attn__layer_12/seed_101"",""probe.wandb.group=seed_runs_layerwise_backbone_sweep_v1_intphys2__backbone_sweep__videomae_v2__vit_b_16__temporal_attn__layer_12"",""probe.wandb.name=intphys2__backbone_sweep__videomae_v2__vit_b_16__temporal_attn__layer_12__seed_101"",""feature_cache.layer_ids=[3,6,9,12]"",""probe.temporal_attn.num_heads=16"",""probe.temporal_attn.num_self_attn_blocks=1"",""probe.temporal_attn.mlp_ratio=2"",""probe.temporal_attn.dropout=0.20000000000000001"",""feature_cache.include_tokens=true""]",results/verified_layerwise_probe_configs.csv,131,133,83b814bb01b1b74c,VERIFIED_FULL,"{""batch_size"":1,""dropout"":0.2,""early_stopping"":{""enabled"":true,""patience"":20},""epochs"":90,""eval_batch_size"":1,""feature_view"":""tokens"",""layer"":12,""lr"":0.0001,""mlp_ratio"":2.0,""num_heads"":16,""num_self_attn_blocks"":1,""slot"":null,""weight_decay"":0.01}",different_backbone_ablation/other models/intphys2/attn/intphys2_probe_temporal_attn_videomae_v2_vit_base_16_224_ep90_pat20_h100_lr_matrix/train_eval_summary.json
intphys2__backbone_sweep__videomae_v2__vit_b_16__temporal_attn__layer_12__seed_102,intphys2__backbone_sweep__videomae_v2__vit_b_16__temporal_attn__layer_12,train_eval.probe.intphys2,IntPhys2,intphys2,backbone_sweep,VideoMAE-v2,ViT-B/16,Attentive,temporal_attn,102,42,videomae_v2,vit_base_16_224,12,,12,tokens,1e-4,0.01,1,1,90,true,20,,,16,1,2,0.20000000000000001,cuda,artifacts/probes/intphys2,seed_runs_layerwise_backbone_sweep_v1/intphys2__backbone_sweep__videomae_v2__vit_b_16__temporal_attn__layer_12/seed_102,artifacts/results/intphys2,seed_runs_layerwise_backbone_sweep_v1/intphys2__backbone_sweep__videomae_v2__vit_b_16__temporal_attn__layer_12/seed_102,seed_runs_layerwise_backbone_sweep_v1_intphys2__backbone_sweep__videomae_v2__vit_b_16__temporal_attn__layer_12,intphys2__backbone_sweep__videomae_v2__vit_b_16__temporal_attn__layer_12__seed_102,pending,,"[""seed=102"",""split.seed=42"",""backbone.name=videomae_v2"",""+backbone.kwargs.variant=vit_base_16_224"",""probe.name=temporal_attn"",""probe.layer=12"",""probe.layers=[]"",""probe.feature_view=tokens"",""probe.device=cuda"",""probe.lr=1e-4"",""probe.weight_decay=0.01"",""probe.batch_size=1"",""probe.eval_batch_size=1"",""probe.epochs=90"",""probe.early_stopping.enabled=true"",""probe.early_stopping.patience=20"",""probe.optuna.enabled=false"",""probe.output_dir=artifacts/probes/intphys2"",""probe.output_subdir=seed_runs_layerwise_backbone_sweep_v1/intphys2__backbone_sweep__videomae_v2__vit_b_16__temporal_attn__layer_12/seed_102"",""probe.eval_output_dir=artifacts/results/intphys2"",""probe.eval_output_subdir=seed_runs_layerwise_backbone_sweep_v1/intphys2__backbone_sweep__videomae_v2__vit_b_16__temporal_attn__layer_12/seed_102"",""probe.wandb.group=seed_runs_layerwise_backbone_sweep_v1_intphys2__backbone_sweep__videomae_v2__vit_b_16__temporal_attn__layer_12"",""probe.wandb.name=intphys2__backbone_sweep__videomae_v2__vit_b_16__temporal_attn__layer_12__seed_102"",""feature_cache.layer_ids=[3,6,9,12]"",""probe.temporal_attn.num_heads=16"",""probe.temporal_attn.num_self_attn_blocks=1"",""probe.temporal_attn.mlp_ratio=2"",""probe.temporal_attn.dropout=0.20000000000000001"",""feature_cache.include_tokens=true""]",results/verified_layerwise_probe_configs.csv,131,133,83b814bb01b1b74c,VERIFIED_FULL,"{""batch_size"":1,""dropout"":0.2,""early_stopping"":{""enabled"":true,""patience"":20},""epochs"":90,""eval_batch_size"":1,""feature_view"":""tokens"",""layer"":12,""lr"":0.0001,""mlp_ratio"":2.0,""num_heads"":16,""num_self_attn_blocks"":1,""slot"":null,""weight_decay"":0.01}",different_backbone_ablation/other models/intphys2/attn/intphys2_probe_temporal_attn_videomae_v2_vit_base_16_224_ep90_pat20_h100_lr_matrix/train_eval_summary.json
mvp__backbone_sweep__jepa_v2_1__vitb_384__temporal_attn__layer_3__seed_101,mvp__backbone_sweep__jepa_v2_1__vitb_384__temporal_attn__layer_3,train_eval.probe.mvp,MVP,mvp,backbone_sweep,V-JEPA 2.1,ViT-B/16,Attentive,temporal_attn,101,42,jepa_v2_1,vitb_384,3,,3,tokens,0.0001,0.01,2,2,30,true,5,,,16,1,2,0.20000000000000001,cuda,artifacts/probes/mvp,seed_runs_layerwise_backbone_sweep_v1/mvp__backbone_sweep__jepa_v2_1__vitb_384__temporal_attn__layer_3/seed_101,artifacts/results/mvp,seed_runs_layerwise_backbone_sweep_v1/mvp__backbone_sweep__jepa_v2_1__vitb_384__temporal_attn__layer_3/seed_101,seed_runs_layerwise_backbone_sweep_v1_mvp__backbone_sweep__jepa_v2_1__vitb_384__temporal_attn__layer_3,mvp__backbone_sweep__jepa_v2_1__vitb_384__temporal_attn__layer_3__seed_101,pending,,"[""seed=101"",""split.seed=42"",""backbone.name=jepa_v2_1"",""+backbone.kwargs.variant=vitb_384"",""probe.name=temporal_attn"",""probe.layer=3"",""probe.layers=[]"",""probe.feature_view=tokens"",""probe.device=cuda"",""probe.lr=0.0001"",""probe.weight_decay=0.01"",""probe.batch_size=2"",""probe.eval_batch_size=2"",""probe.epochs=30"",""probe.early_stopping.enabled=true"",""probe.early_stopping.patience=5"",""probe.optuna.enabled=false"",""probe.output_dir=artifacts/probes/mvp"",""probe.output_subdir=seed_runs_layerwise_backbone_sweep_v1/mvp__backbone_sweep__jepa_v2_1__vitb_384__temporal_attn__layer_3/seed_101"",""probe.eval_output_dir=artifacts/results/mvp"",""probe.eval_output_subdir=seed_runs_layerwise_backbone_sweep_v1/mvp__backbone_sweep__jepa_v2_1__vitb_384__temporal_attn__layer_3/seed_101"",""probe.wandb.group=seed_runs_layerwise_backbone_sweep_v1_mvp__backbone_sweep__jepa_v2_1__vitb_384__temporal_attn__layer_3"",""probe.wandb.name=mvp__backbone_sweep__jepa_v2_1__vitb_384__temporal_attn__layer_3__seed_101"",""feature_cache.layer_ids=[3,6,9,12]"",""probe.temporal_attn.num_heads=16"",""probe.temporal_attn.num_self_attn_blocks=1"",""probe.temporal_attn.mlp_ratio=2"",""probe.temporal_attn.dropout=0.20000000000000001"",""feature_cache.include_tokens=true""]",results/verified_layerwise_probe_configs.csv,380,382,d9a2484fa398f070,VERIFIED_FULL,"{""batch_size"":2,""dropout"":0.2,""early_stopping"":{""enabled"":true,""patience"":5},""epochs"":30,""eval_batch_size"":2,""feature_view"":""tokens"",""layer"":3,""lr"":0.0001,""mlp_ratio"":2.0,""num_heads"":16,""num_self_attn_blocks"":1,""slot"":null,""weight_decay"":0.01}",different_backbone_ablation/other models/mvp/attn/mvp_probe_temporal_attn_jepa_v2_1_vitb_384_lr_matrix/train_eval_summary.json
mvp__backbone_sweep__jepa_v2_1__vitb_384__temporal_attn__layer_3__seed_102,mvp__backbone_sweep__jepa_v2_1__vitb_384__temporal_attn__layer_3,train_eval.probe.mvp,MVP,mvp,backbone_sweep,V-JEPA 2.1,ViT-B/16,Attentive,temporal_attn,102,42,jepa_v2_1,vitb_384,3,,3,tokens,0.0001,0.01,2,2,30,true,5,,,16,1,2,0.20000000000000001,cuda,artifacts/probes/mvp,seed_runs_layerwise_backbone_sweep_v1/mvp__backbone_sweep__jepa_v2_1__vitb_384__temporal_attn__layer_3/seed_102,artifacts/results/mvp,seed_runs_layerwise_backbone_sweep_v1/mvp__backbone_sweep__jepa_v2_1__vitb_384__temporal_attn__layer_3/seed_102,seed_runs_layerwise_backbone_sweep_v1_mvp__backbone_sweep__jepa_v2_1__vitb_384__temporal_attn__layer_3,mvp__backbone_sweep__jepa_v2_1__vitb_384__temporal_attn__layer_3__seed_102,pending,,"[""seed=102"",""split.seed=42"",""backbone.name=jepa_v2_1"",""+backbone.kwargs.variant=vitb_384"",""probe.name=temporal_attn"",""probe.layer=3"",""probe.layers=[]"",""probe.feature_view=tokens"",""probe.device=cuda"",""probe.lr=0.0001"",""probe.weight_decay=0.01"",""probe.batch_size=2"",""probe.eval_batch_size=2"",""probe.epochs=30"",""probe.early_stopping.enabled=true"",""probe.early_stopping.patience=5"",""probe.optuna.enabled=false"",""probe.output_dir=artifacts/probes/mvp"",""probe.output_subdir=seed_runs_layerwise_backbone_sweep_v1/mvp__backbone_sweep__jepa_v2_1__vitb_384__temporal_attn__layer_3/seed_102"",""probe.eval_output_dir=artifacts/results/mvp"",""probe.eval_output_subdir=seed_runs_layerwise_backbone_sweep_v1/mvp__backbone_sweep__jepa_v2_1__vitb_384__temporal_attn__layer_3/seed_102"",""probe.wandb.group=seed_runs_layerwise_backbone_sweep_v1_mvp__backbone_sweep__jepa_v2_1__vitb_384__temporal_attn__layer_3"",""probe.wandb.name=mvp__backbone_sweep__jepa_v2_1__vitb_384__temporal_attn__layer_3__seed_102"",""feature_cache.layer_ids=[3,6,9,12]"",""probe.temporal_attn.num_heads=16"",""probe.temporal_attn.num_self_attn_blocks=1"",""probe.temporal_attn.mlp_ratio=2"",""probe.temporal_attn.dropout=0.20000000000000001"",""feature_cache.include_tokens=true""]",results/verified_layerwise_probe_configs.csv,380,382,d9a2484fa398f070,VERIFIED_FULL,"{""batch_size"":2,""dropout"":0.2,""early_stopping"":{""enabled"":true,""patience"":5},""epochs"":30,""eval_batch_size"":2,""feature_view"":""tokens"",""layer"":3,""lr"":0.0001,""mlp_ratio"":2.0,""num_heads"":16,""num_self_attn_blocks"":1,""slot"":null,""weight_decay"":0.01}",different_backbone_ablation/other models/mvp/attn/mvp_probe_temporal_attn_jepa_v2_1_vitb_384_lr_matrix/train_eval_summary.json
mvp__backbone_sweep__jepa_v2_1__vitb_384__temporal_attn__layer_6__seed_101,mvp__backbone_sweep__jepa_v2_1__vitb_384__temporal_attn__layer_6,train_eval.probe.mvp,MVP,mvp,backbone_sweep,V-JEPA 2.1,ViT-B/16,Attentive,temporal_attn,101,42,jepa_v2_1,vitb_384,6,,6,tokens,0.0001,0.01,2,2,30,true,5,,,16,1,2,0.20000000000000001,cuda,artifacts/probes/mvp,seed_runs_layerwise_backbone_sweep_v1/mvp__backbone_sweep__jepa_v2_1__vitb_384__temporal_attn__layer_6/seed_101,artifacts/results/mvp,seed_runs_layerwise_backbone_sweep_v1/mvp__backbone_sweep__jepa_v2_1__vitb_384__temporal_attn__layer_6/seed_101,seed_runs_layerwise_backbone_sweep_v1_mvp__backbone_sweep__jepa_v2_1__vitb_384__temporal_attn__layer_6,mvp__backbone_sweep__jepa_v2_1__vitb_384__temporal_attn__layer_6__seed_101,pending,,"[""seed=101"",""split.seed=42"",""backbone.name=jepa_v2_1"",""+backbone.kwargs.variant=vitb_384"",""probe.name=temporal_attn"",""probe.layer=6"",""probe.layers=[]"",""probe.feature_view=tokens"",""probe.device=cuda"",""probe.lr=0.0001"",""probe.weight_decay=0.01"",""probe.batch_size=2"",""probe.eval_batch_size=2"",""probe.epochs=30"",""probe.early_stopping.enabled=true"",""probe.early_stopping.patience=5"",""probe.optuna.enabled=false"",""probe.output_dir=artifacts/probes/mvp"",""probe.output_subdir=seed_runs_layerwise_backbone_sweep_v1/mvp__backbone_sweep__jepa_v2_1__vitb_384__temporal_attn__layer_6/seed_101"",""probe.eval_output_dir=artifacts/results/mvp"",""probe.eval_output_subdir=seed_runs_layerwise_backbone_sweep_v1/mvp__backbone_sweep__jepa_v2_1__vitb_384__temporal_attn__layer_6/seed_101"",""probe.wandb.group=seed_runs_layerwise_backbone_sweep_v1_mvp__backbone_sweep__jepa_v2_1__vitb_384__temporal_attn__layer_6"",""probe.wandb.name=mvp__backbone_sweep__jepa_v2_1__vitb_384__temporal_attn__layer_6__seed_101"",""feature_cache.layer_ids=[3,6,9,12]"",""probe.temporal_attn.num_heads=16"",""probe.temporal_attn.num_self_attn_blocks=1"",""probe.temporal_attn.mlp_ratio=2"",""probe.temporal_attn.dropout=0.20000000000000001"",""feature_cache.include_tokens=true""]",results/verified_layerwise_probe_configs.csv,381,383,799c4b50ed96585d,VERIFIED_FULL,"{""batch_size"":2,""dropout"":0.2,""early_stopping"":{""enabled"":true,""patience"":5},""epochs"":30,""eval_batch_size"":2,""feature_view"":""tokens"",""layer"":6,""lr"":0.0001,""mlp_ratio"":2.0,""num_heads"":16,""num_self_attn_blocks"":1,""slot"":null,""weight_decay"":0.01}",different_backbone_ablation/other models/mvp/attn/mvp_probe_temporal_attn_jepa_v2_1_vitb_384_lr_matrix/train_eval_summary.json
mvp__backbone_sweep__jepa_v2_1__vitb_384__temporal_attn__layer_6__seed_102,mvp__backbone_sweep__jepa_v2_1__vitb_384__temporal_attn__layer_6,train_eval.probe.mvp,MVP,mvp,backbone_sweep,V-JEPA 2.1,ViT-B/16,Attentive,temporal_attn,102,42,jepa_v2_1,vitb_384,6,,6,tokens,0.0001,0.01,2,2,30,true,5,,,16,1,2,0.20000000000000001,cuda,artifacts/probes/mvp,seed_runs_layerwise_backbone_sweep_v1/mvp__backbone_sweep__jepa_v2_1__vitb_384__temporal_attn__layer_6/seed_102,artifacts/results/mvp,seed_runs_layerwise_backbone_sweep_v1/mvp__backbone_sweep__jepa_v2_1__vitb_384__temporal_attn__layer_6/seed_102,seed_runs_layerwise_backbone_sweep_v1_mvp__backbone_sweep__jepa_v2_1__vitb_384__temporal_attn__layer_6,mvp__backbone_sweep__jepa_v2_1__vitb_384__temporal_attn__layer_6__seed_102,pending,,"[""seed=102"",""split.seed=42"",""backbone.name=jepa_v2_1"",""+backbone.kwargs.variant=vitb_384"",""probe.name=temporal_attn"",""probe.layer=6"",""probe.layers=[]"",""probe.feature_view=tokens"",""probe.device=cuda"",""probe.lr=0.0001"",""probe.weight_decay=0.01"",""probe.batch_size=2"",""probe.eval_batch_size=2"",""probe.epochs=30"",""probe.early_stopping.enabled=true"",""probe.early_stopping.patience=5"",""probe.optuna.enabled=false"",""probe.output_dir=artifacts/probes/mvp"",""probe.output_subdir=seed_runs_layerwise_backbone_sweep_v1/mvp__backbone_sweep__jepa_v2_1__vitb_384__temporal_attn__layer_6/seed_102"",""probe.eval_output_dir=artifacts/results/mvp"",""probe.eval_output_subdir=seed_runs_layerwise_backbone_sweep_v1/mvp__backbone_sweep__jepa_v2_1__vitb_384__temporal_attn__layer_6/seed_102"",""probe.wandb.group=seed_runs_layerwise_backbone_sweep_v1_mvp__backbone_sweep__jepa_v2_1__vitb_384__temporal_attn__layer_6"",""probe.wandb.name=mvp__backbone_sweep__jepa_v2_1__vitb_384__temporal_attn__layer_6__seed_102"",""feature_cache.layer_ids=[3,6,9,12]"",""probe.temporal_attn.num_heads=16"",""probe.temporal_attn.num_self_attn_blocks=1"",""probe.temporal_attn.mlp_ratio=2"",""probe.temporal_attn.dropout=0.20000000000000001"",""feature_cache.include_tokens=true""]",results/verified_layerwise_probe_configs.csv,381,383,799c4b50ed96585d,VERIFIED_FULL,"{""batch_size"":2,""dropout"":0.2,""early_stopping"":{""enabled"":true,""patience"":5},""epochs"":30,""eval_batch_size"":2,""feature_view"":""tokens"",""layer"":6,""lr"":0.0001,""mlp_ratio"":2.0,""num_heads"":16,""num_self_attn_blocks"":1,""slot"":null,""weight_decay"":0.01}",different_backbone_ablation/other models/mvp/attn/mvp_probe_temporal_attn_jepa_v2_1_vitb_384_lr_matrix/train_eval_summary.json
mvp__backbone_sweep__jepa_v2_1__vitb_384__temporal_attn__layer_9__seed_101,mvp__backbone_sweep__jepa_v2_1__vitb_384__temporal_attn__layer_9,train_eval.probe.mvp,MVP,mvp,backbone_sweep,V-JEPA 2.1,ViT-B/16,Attentive,temporal_attn,101,42,jepa_v2_1,vitb_384,9,,9,tokens,0.0001,0.01,2,2,30,true,5,,,16,1,2,0.20000000000000001,cuda,artifacts/probes/mvp,seed_runs_layerwise_backbone_sweep_v1/mvp__backbone_sweep__jepa_v2_1__vitb_384__temporal_attn__layer_9/seed_101,artifacts/results/mvp,seed_runs_layerwise_backbone_sweep_v1/mvp__backbone_sweep__jepa_v2_1__vitb_384__temporal_attn__layer_9/seed_101,seed_runs_layerwise_backbone_sweep_v1_mvp__backbone_sweep__jepa_v2_1__vitb_384__temporal_attn__layer_9,mvp__backbone_sweep__jepa_v2_1__vitb_384__temporal_attn__layer_9__seed_101,pending,,"[""seed=101"",""split.seed=42"",""backbone.name=jepa_v2_1"",""+backbone.kwargs.variant=vitb_384"",""probe.name=temporal_attn"",""probe.layer=9"",""probe.layers=[]"",""probe.feature_view=tokens"",""probe.device=cuda"",""probe.lr=0.0001"",""probe.weight_decay=0.01"",""probe.batch_size=2"",""probe.eval_batch_size=2"",""probe.epochs=30"",""probe.early_stopping.enabled=true"",""probe.early_stopping.patience=5"",""probe.optuna.enabled=false"",""probe.output_dir=artifacts/probes/mvp"",""probe.output_subdir=seed_runs_layerwise_backbone_sweep_v1/mvp__backbone_sweep__jepa_v2_1__vitb_384__temporal_attn__layer_9/seed_101"",""probe.eval_output_dir=artifacts/results/mvp"",""probe.eval_output_subdir=seed_runs_layerwise_backbone_sweep_v1/mvp__backbone_sweep__jepa_v2_1__vitb_384__temporal_attn__layer_9/seed_101"",""probe.wandb.group=seed_runs_layerwise_backbone_sweep_v1_mvp__backbone_sweep__jepa_v2_1__vitb_384__temporal_attn__layer_9"",""probe.wandb.name=mvp__backbone_sweep__jepa_v2_1__vitb_384__temporal_attn__layer_9__seed_101"",""feature_cache.layer_ids=[3,6,9,12]"",""probe.temporal_attn.num_heads=16"",""probe.temporal_attn.num_self_attn_blocks=1"",""probe.temporal_attn.mlp_ratio=2"",""probe.temporal_attn.dropout=0.20000000000000001"",""feature_cache.include_tokens=true""]",results/verified_layerwise_probe_configs.csv,382,384,d7aee0eb3a11bdae,VERIFIED_FULL,"{""batch_size"":2,""dropout"":0.2,""early_stopping"":{""enabled"":true,""patience"":5},""epochs"":30,""eval_batch_size"":2,""feature_view"":""tokens"",""layer"":9,""lr"":0.0001,""mlp_ratio"":2.0,""num_heads"":16,""num_self_attn_blocks"":1,""slot"":null,""weight_decay"":0.01}",different_backbone_ablation/other models/mvp/attn/mvp_probe_temporal_attn_jepa_v2_1_vitb_384_lr_matrix/train_eval_summary.json
mvp__backbone_sweep__jepa_v2_1__vitb_384__temporal_attn__layer_9__seed_102,mvp__backbone_sweep__jepa_v2_1__vitb_384__temporal_attn__layer_9,train_eval.probe.mvp,MVP,mvp,backbone_sweep,V-JEPA 2.1,ViT-B/16,Attentive,temporal_attn,102,42,jepa_v2_1,vitb_384,9,,9,tokens,0.0001,0.01,2,2,30,true,5,,,16,1,2,0.20000000000000001,cuda,artifacts/probes/mvp,seed_runs_layerwise_backbone_sweep_v1/mvp__backbone_sweep__jepa_v2_1__vitb_384__temporal_attn__layer_9/seed_102,artifacts/results/mvp,seed_runs_layerwise_backbone_sweep_v1/mvp__backbone_sweep__jepa_v2_1__vitb_384__temporal_attn__layer_9/seed_102,seed_runs_layerwise_backbone_sweep_v1_mvp__backbone_sweep__jepa_v2_1__vitb_384__temporal_attn__layer_9,mvp__backbone_sweep__jepa_v2_1__vitb_384__temporal_attn__layer_9__seed_102,pending,,"[""seed=102"",""split.seed=42"",""backbone.name=jepa_v2_1"",""+backbone.kwargs.variant=vitb_384"",""probe.name=temporal_attn"",""probe.layer=9"",""probe.layers=[]"",""probe.feature_view=tokens"",""probe.device=cuda"",""probe.lr=0.0001"",""probe.weight_decay=0.01"",""probe.batch_size=2"",""probe.eval_batch_size=2"",""probe.epochs=30"",""probe.early_stopping.enabled=true"",""probe.early_stopping.patience=5"",""probe.optuna.enabled=false"",""probe.output_dir=artifacts/probes/mvp"",""probe.output_subdir=seed_runs_layerwise_backbone_sweep_v1/mvp__backbone_sweep__jepa_v2_1__vitb_384__temporal_attn__layer_9/seed_102"",""probe.eval_output_dir=artifacts/results/mvp"",""probe.eval_output_subdir=seed_runs_layerwise_backbone_sweep_v1/mvp__backbone_sweep__jepa_v2_1__vitb_384__temporal_attn__layer_9/seed_102"",""probe.wandb.group=seed_runs_layerwise_backbone_sweep_v1_mvp__backbone_sweep__jepa_v2_1__vitb_384__temporal_attn__layer_9"",""probe.wandb.name=mvp__backbone_sweep__jepa_v2_1__vitb_384__temporal_attn__layer_9__seed_102"",""feature_cache.layer_ids=[3,6,9,12]"",""probe.temporal_attn.num_heads=16"",""probe.temporal_attn.num_self_attn_blocks=1"",""probe.temporal_attn.mlp_ratio=2"",""probe.temporal_attn.dropout=0.20000000000000001"",""feature_cache.include_tokens=true""]",results/verified_layerwise_probe_configs.csv,382,384,d7aee0eb3a11bdae,VERIFIED_FULL,"{""batch_size"":2,""dropout"":0.2,""early_stopping"":{""enabled"":true,""patience"":5},""epochs"":30,""eval_batch_size"":2,""feature_view"":""tokens"",""layer"":9,""lr"":0.0001,""mlp_ratio"":2.0,""num_heads"":16,""num_self_attn_blocks"":1,""slot"":null,""weight_decay"":0.01}",different_backbone_ablation/other models/mvp/attn/mvp_probe_temporal_attn_jepa_v2_1_vitb_384_lr_matrix/train_eval_summary.json
mvp__backbone_sweep__jepa_v2_1__vitb_384__temporal_attn__layer_12__seed_101,mvp__backbone_sweep__jepa_v2_1__vitb_384__temporal_attn__layer_12,train_eval.probe.mvp,MVP,mvp,backbone_sweep,V-JEPA 2.1,ViT-B/16,Attentive,temporal_attn,101,42,jepa_v2_1,vitb_384,12,,12,tokens,0.0001,0.01,2,2,30,true,5,,,16,1,2,0.20000000000000001,cuda,artifacts/probes/mvp,seed_runs_layerwise_backbone_sweep_v1/mvp__backbone_sweep__jepa_v2_1__vitb_384__temporal_attn__layer_12/seed_101,artifacts/results/mvp,seed_runs_layerwise_backbone_sweep_v1/mvp__backbone_sweep__jepa_v2_1__vitb_384__temporal_attn__layer_12/seed_101,seed_runs_layerwise_backbone_sweep_v1_mvp__backbone_sweep__jepa_v2_1__vitb_384__temporal_attn__layer_12,mvp__backbone_sweep__jepa_v2_1__vitb_384__temporal_attn__layer_12__seed_101,pending,,"[""seed=101"",""split.seed=42"",""backbone.name=jepa_v2_1"",""+backbone.kwargs.variant=vitb_384"",""probe.name=temporal_attn"",""probe.layer=12"",""probe.layers=[]"",""probe.feature_view=tokens"",""probe.device=cuda"",""probe.lr=0.0001"",""probe.weight_decay=0.01"",""probe.batch_size=2"",""probe.eval_batch_size=2"",""probe.epochs=30"",""probe.early_stopping.enabled=true"",""probe.early_stopping.patience=5"",""probe.optuna.enabled=false"",""probe.output_dir=artifacts/probes/mvp"",""probe.output_subdir=seed_runs_layerwise_backbone_sweep_v1/mvp__backbone_sweep__jepa_v2_1__vitb_384__temporal_attn__layer_12/seed_101"",""probe.eval_output_dir=artifacts/results/mvp"",""probe.eval_output_subdir=seed_runs_layerwise_backbone_sweep_v1/mvp__backbone_sweep__jepa_v2_1__vitb_384__temporal_attn__layer_12/seed_101"",""probe.wandb.group=seed_runs_layerwise_backbone_sweep_v1_mvp__backbone_sweep__jepa_v2_1__vitb_384__temporal_attn__layer_12"",""probe.wandb.name=mvp__backbone_sweep__jepa_v2_1__vitb_384__temporal_attn__layer_12__seed_101"",""feature_cache.layer_ids=[3,6,9,12]"",""probe.temporal_attn.num_heads=16"",""probe.temporal_attn.num_self_attn_blocks=1"",""probe.temporal_attn.mlp_ratio=2"",""probe.temporal_attn.dropout=0.20000000000000001"",""feature_cache.include_tokens=true""]",results/verified_layerwise_probe_configs.csv,383,385,135b59d0dfbaa1e2,VERIFIED_FULL,"{""batch_size"":2,""dropout"":0.2,""early_stopping"":{""enabled"":true,""patience"":5},""epochs"":30,""eval_batch_size"":2,""feature_view"":""tokens"",""layer"":12,""lr"":0.0001,""mlp_ratio"":2.0,""num_heads"":16,""num_self_attn_blocks"":1,""slot"":null,""weight_decay"":0.01}",different_backbone_ablation/other models/mvp/attn/mvp_probe_temporal_attn_jepa_v2_1_vitb_384_lr_matrix/train_eval_summary.json
mvp__backbone_sweep__jepa_v2_1__vitb_384__temporal_attn__layer_12__seed_102,mvp__backbone_sweep__jepa_v2_1__vitb_384__temporal_attn__layer_12,train_eval.probe.mvp,MVP,mvp,backbone_sweep,V-JEPA 2.1,ViT-B/16,Attentive,temporal_attn,102,42,jepa_v2_1,vitb_384,12,,12,tokens,0.0001,0.01,2,2,30,true,5,,,16,1,2,0.20000000000000001,cuda,artifacts/probes/mvp,seed_runs_layerwise_backbone_sweep_v1/mvp__backbone_sweep__jepa_v2_1__vitb_384__temporal_attn__layer_12/seed_102,artifacts/results/mvp,seed_runs_layerwise_backbone_sweep_v1/mvp__backbone_sweep__jepa_v2_1__vitb_384__temporal_attn__layer_12/seed_102,seed_runs_layerwise_backbone_sweep_v1_mvp__backbone_sweep__jepa_v2_1__vitb_384__temporal_attn__layer_12,mvp__backbone_sweep__jepa_v2_1__vitb_384__temporal_attn__layer_12__seed_102,pending,,"[""seed=102"",""split.seed=42"",""backbone.name=jepa_v2_1"",""+backbone.kwargs.variant=vitb_384"",""probe.name=temporal_attn"",""probe.layer=12"",""probe.layers=[]"",""probe.feature_view=tokens"",""probe.device=cuda"",""probe.lr=0.0001"",""probe.weight_decay=0.01"",""probe.batch_size=2"",""probe.eval_batch_size=2"",""probe.epochs=30"",""probe.early_stopping.enabled=true"",""probe.early_stopping.patience=5"",""probe.optuna.enabled=false"",""probe.output_dir=artifacts/probes/mvp"",""probe.output_subdir=seed_runs_layerwise_backbone_sweep_v1/mvp__backbone_sweep__jepa_v2_1__vitb_384__temporal_attn__layer_12/seed_102"",""probe.eval_output_dir=artifacts/results/mvp"",""probe.eval_output_subdir=seed_runs_layerwise_backbone_sweep_v1/mvp__backbone_sweep__jepa_v2_1__vitb_384__temporal_attn__layer_12/seed_102"",""probe.wandb.group=seed_runs_layerwise_backbone_sweep_v1_mvp__backbone_sweep__jepa_v2_1__vitb_384__temporal_attn__layer_12"",""probe.wandb.name=mvp__backbone_sweep__jepa_v2_1__vitb_384__temporal_attn__layer_12__seed_102"",""feature_cache.layer_ids=[3,6,9,12]"",""probe.temporal_attn.num_heads=16"",""probe.temporal_attn.num_self_attn_blocks=1"",""probe.temporal_attn.mlp_ratio=2"",""probe.temporal_attn.dropout=0.20000000000000001"",""feature_cache.include_tokens=true""]",results/verified_layerwise_probe_configs.csv,383,385,135b59d0dfbaa1e2,VERIFIED_FULL,"{""batch_size"":2,""dropout"":0.2,""early_stopping"":{""enabled"":true,""patience"":5},""epochs"":30,""eval_batch_size"":2,""feature_view"":""tokens"",""layer"":12,""lr"":0.0001,""mlp_ratio"":2.0,""num_heads"":16,""num_self_attn_blocks"":1,""slot"":null,""weight_decay"":0.01}",different_backbone_ablation/other models/mvp/attn/mvp_probe_temporal_attn_jepa_v2_1_vitb_384_lr_matrix/train_eval_summary.json
mvp__backbone_sweep__jepa_v2_1__vitg_384__temporal_attn__layer_10__seed_101,mvp__backbone_sweep__jepa_v2_1__vitg_384__temporal_attn__layer_10,train_eval.probe.mvp,MVP,mvp,backbone_sweep,V-JEPA 2.1,ViT-G/16,Attentive,temporal_attn,101,42,jepa_v2_1,vitg_384,10,,10,tokens,1.0000000000000001e-05,0.01,2,2,30,true,5,,,16,1,2,0.20000000000000001,cuda,artifacts/probes/mvp,seed_runs_layerwise_backbone_sweep_v1/mvp__backbone_sweep__jepa_v2_1__vitg_384__temporal_attn__layer_10/seed_101,artifacts/results/mvp,seed_runs_layerwise_backbone_sweep_v1/mvp__backbone_sweep__jepa_v2_1__vitg_384__temporal_attn__layer_10/seed_101,seed_runs_layerwise_backbone_sweep_v1_mvp__backbone_sweep__jepa_v2_1__vitg_384__temporal_attn__layer_10,mvp__backbone_sweep__jepa_v2_1__vitg_384__temporal_attn__layer_10__seed_101,pending,,"[""seed=101"",""split.seed=42"",""backbone.name=jepa_v2_1"",""+backbone.kwargs.variant=vitg_384"",""probe.name=temporal_attn"",""probe.layer=10"",""probe.layers=[]"",""probe.feature_view=tokens"",""probe.device=cuda"",""probe.lr=1.0000000000000001e-05"",""probe.weight_decay=0.01"",""probe.batch_size=2"",""probe.eval_batch_size=2"",""probe.epochs=30"",""probe.early_stopping.enabled=true"",""probe.early_stopping.patience=5"",""probe.optuna.enabled=false"",""probe.output_dir=artifacts/probes/mvp"",""probe.output_subdir=seed_runs_layerwise_backbone_sweep_v1/mvp__backbone_sweep__jepa_v2_1__vitg_384__temporal_attn__layer_10/seed_101"",""probe.eval_output_dir=artifacts/results/mvp"",""probe.eval_output_subdir=seed_runs_layerwise_backbone_sweep_v1/mvp__backbone_sweep__jepa_v2_1__vitg_384__temporal_attn__layer_10/seed_101"",""probe.wandb.group=seed_runs_layerwise_backbone_sweep_v1_mvp__backbone_sweep__jepa_v2_1__vitg_384__temporal_attn__layer_10"",""probe.wandb.name=mvp__backbone_sweep__jepa_v2_1__vitg_384__temporal_attn__layer_10__seed_101"",""feature_cache.layer_ids=[10,20,30,40]"",""probe.temporal_attn.num_heads=16"",""probe.temporal_attn.num_self_attn_blocks=1"",""probe.temporal_attn.mlp_ratio=2"",""probe.temporal_attn.dropout=0.20000000000000001"",""feature_cache.include_tokens=true""]",results/verified_layerwise_probe_configs.csv,404,406,d56d0bf670937719,VERIFIED_FULL,"{""batch_size"":2,""dropout"":0.2,""early_stopping"":{""enabled"":true,""patience"":5},""epochs"":30,""eval_batch_size"":2,""feature_view"":""tokens"",""layer"":10,""lr"":1e-05,""mlp_ratio"":2.0,""num_heads"":16,""num_self_attn_blocks"":1,""slot"":null,""weight_decay"":0.01}",different_backbone_ablation/other models/mvp/attn/mvp_probe_temporal_attn_jepa_v2_1_vitg_384_lr_matrix/train_eval_summary.json
mvp__backbone_sweep__jepa_v2_1__vitg_384__temporal_attn__layer_10__seed_102,mvp__backbone_sweep__jepa_v2_1__vitg_384__temporal_attn__layer_10,train_eval.probe.mvp,MVP,mvp,backbone_sweep,V-JEPA 2.1,ViT-G/16,Attentive,temporal_attn,102,42,jepa_v2_1,vitg_384,10,,10,tokens,1.0000000000000001e-05,0.01,2,2,30,true,5,,,16,1,2,0.20000000000000001,cuda,artifacts/probes/mvp,seed_runs_layerwise_backbone_sweep_v1/mvp__backbone_sweep__jepa_v2_1__vitg_384__temporal_attn__layer_10/seed_102,artifacts/results/mvp,seed_runs_layerwise_backbone_sweep_v1/mvp__backbone_sweep__jepa_v2_1__vitg_384__temporal_attn__layer_10/seed_102,seed_runs_layerwise_backbone_sweep_v1_mvp__backbone_sweep__jepa_v2_1__vitg_384__temporal_attn__layer_10,mvp__backbone_sweep__jepa_v2_1__vitg_384__temporal_attn__layer_10__seed_102,pending,,"[""seed=102"",""split.seed=42"",""backbone.name=jepa_v2_1"",""+backbone.kwargs.variant=vitg_384"",""probe.name=temporal_attn"",""probe.layer=10"",""probe.layers=[]"",""probe.feature_view=tokens"",""probe.device=cuda"",""probe.lr=1.0000000000000001e-05"",""probe.weight_decay=0.01"",""probe.batch_size=2"",""probe.eval_batch_size=2"",""probe.epochs=30"",""probe.early_stopping.enabled=true"",""probe.early_stopping.patience=5"",""probe.optuna.enabled=false"",""probe.output_dir=artifacts/probes/mvp"",""probe.output_subdir=seed_runs_layerwise_backbone_sweep_v1/mvp__backbone_sweep__jepa_v2_1__vitg_384__temporal_attn__layer_10/seed_102"",""probe.eval_output_dir=artifacts/results/mvp"",""probe.eval_output_subdir=seed_runs_layerwise_backbone_sweep_v1/mvp__backbone_sweep__jepa_v2_1__vitg_384__temporal_attn__layer_10/seed_102"",""probe.wandb.group=seed_runs_layerwise_backbone_sweep_v1_mvp__backbone_sweep__jepa_v2_1__vitg_384__temporal_attn__layer_10"",""probe.wandb.name=mvp__backbone_sweep__jepa_v2_1__vitg_384__temporal_attn__layer_10__seed_102"",""feature_cache.layer_ids=[10,20,30,40]"",""probe.temporal_attn.num_heads=16"",""probe.temporal_attn.num_self_attn_blocks=1"",""probe.temporal_attn.mlp_ratio=2"",""probe.temporal_attn.dropout=0.20000000000000001"",""feature_cache.include_tokens=true""]",results/verified_layerwise_probe_configs.csv,404,406,d56d0bf670937719,VERIFIED_FULL,"{""batch_size"":2,""dropout"":0.2,""early_stopping"":{""enabled"":true,""patience"":5},""epochs"":30,""eval_batch_size"":2,""feature_view"":""tokens"",""layer"":10,""lr"":1e-05,""mlp_ratio"":2.0,""num_heads"":16,""num_self_attn_blocks"":1,""slot"":null,""weight_decay"":0.01}",different_backbone_ablation/other models/mvp/attn/mvp_probe_temporal_attn_jepa_v2_1_vitg_384_lr_matrix/train_eval_summary.json
mvp__backbone_sweep__jepa_v2_1__vitg_384__temporal_attn__layer_20__seed_101,mvp__backbone_sweep__jepa_v2_1__vitg_384__temporal_attn__layer_20,train_eval.probe.mvp,MVP,mvp,backbone_sweep,V-JEPA 2.1,ViT-G/16,Attentive,temporal_attn,101,42,jepa_v2_1,vitg_384,20,,20,tokens,1.0000000000000001e-05,0.01,2,2,30,true,5,,,16,1,2,0.20000000000000001,cuda,artifacts/probes/mvp,seed_runs_layerwise_backbone_sweep_v1/mvp__backbone_sweep__jepa_v2_1__vitg_384__temporal_attn__layer_20/seed_101,artifacts/results/mvp,seed_runs_layerwise_backbone_sweep_v1/mvp__backbone_sweep__jepa_v2_1__vitg_384__temporal_attn__layer_20/seed_101,seed_runs_layerwise_backbone_sweep_v1_mvp__backbone_sweep__jepa_v2_1__vitg_384__temporal_attn__layer_20,mvp__backbone_sweep__jepa_v2_1__vitg_384__temporal_attn__layer_20__seed_101,pending,,"[""seed=101"",""split.seed=42"",""backbone.name=jepa_v2_1"",""+backbone.kwargs.variant=vitg_384"",""probe.name=temporal_attn"",""probe.layer=20"",""probe.layers=[]"",""probe.feature_view=tokens"",""probe.device=cuda"",""probe.lr=1.0000000000000001e-05"",""probe.weight_decay=0.01"",""probe.batch_size=2"",""probe.eval_batch_size=2"",""probe.epochs=30"",""probe.early_stopping.enabled=true"",""probe.early_stopping.patience=5"",""probe.optuna.enabled=false"",""probe.output_dir=artifacts/probes/mvp"",""probe.output_subdir=seed_runs_layerwise_backbone_sweep_v1/mvp__backbone_sweep__jepa_v2_1__vitg_384__temporal_attn__layer_20/seed_101"",""probe.eval_output_dir=artifacts/results/mvp"",""probe.eval_output_subdir=seed_runs_layerwise_backbone_sweep_v1/mvp__backbone_sweep__jepa_v2_1__vitg_384__temporal_attn__layer_20/seed_101"",""probe.wandb.group=seed_runs_layerwise_backbone_sweep_v1_mvp__backbone_sweep__jepa_v2_1__vitg_384__temporal_attn__layer_20"",""probe.wandb.name=mvp__backbone_sweep__jepa_v2_1__vitg_384__temporal_attn__layer_20__seed_101"",""feature_cache.layer_ids=[10,20,30,40]"",""probe.temporal_attn.num_heads=16"",""probe.temporal_attn.num_self_attn_blocks=1"",""probe.temporal_attn.mlp_ratio=2"",""probe.temporal_attn.dropout=0.20000000000000001"",""feature_cache.include_tokens=true""]",results/verified_layerwise_probe_configs.csv,405,407,dc324e15aff22a86,VERIFIED_FULL,"{""batch_size"":2,""dropout"":0.2,""early_stopping"":{""enabled"":true,""patience"":5},""epochs"":30,""eval_batch_size"":2,""feature_view"":""tokens"",""layer"":20,""lr"":1e-05,""mlp_ratio"":2.0,""num_heads"":16,""num_self_attn_blocks"":1,""slot"":null,""weight_decay"":0.01}",different_backbone_ablation/other models/mvp/attn/mvp_probe_temporal_attn_jepa_v2_1_vitg_384_lr_matrix/train_eval_summary.json
mvp__backbone_sweep__jepa_v2_1__vitg_384__temporal_attn__layer_20__seed_102,mvp__backbone_sweep__jepa_v2_1__vitg_384__temporal_attn__layer_20,train_eval.probe.mvp,MVP,mvp,backbone_sweep,V-JEPA 2.1,ViT-G/16,Attentive,temporal_attn,102,42,jepa_v2_1,vitg_384,20,,20,tokens,1.0000000000000001e-05,0.01,2,2,30,true,5,,,16,1,2,0.20000000000000001,cuda,artifacts/probes/mvp,seed_runs_layerwise_backbone_sweep_v1/mvp__backbone_sweep__jepa_v2_1__vitg_384__temporal_attn__layer_20/seed_102,artifacts/results/mvp,seed_runs_layerwise_backbone_sweep_v1/mvp__backbone_sweep__jepa_v2_1__vitg_384__temporal_attn__layer_20/seed_102,seed_runs_layerwise_backbone_sweep_v1_mvp__backbone_sweep__jepa_v2_1__vitg_384__temporal_attn__layer_20,mvp__backbone_sweep__jepa_v2_1__vitg_384__temporal_attn__layer_20__seed_102,pending,,"[""seed=102"",""split.seed=42"",""backbone.name=jepa_v2_1"",""+backbone.kwargs.variant=vitg_384"",""probe.name=temporal_attn"",""probe.layer=20"",""probe.layers=[]"",""probe.feature_view=tokens"",""probe.device=cuda"",""probe.lr=1.0000000000000001e-05"",""probe.weight_decay=0.01"",""probe.batch_size=2"",""probe.eval_batch_size=2"",""probe.epochs=30"",""probe.early_stopping.enabled=true"",""probe.early_stopping.patience=5"",""probe.optuna.enabled=false"",""probe.output_dir=artifacts/probes/mvp"",""probe.output_subdir=seed_runs_layerwise_backbone_sweep_v1/mvp__backbone_sweep__jepa_v2_1__vitg_384__temporal_attn__layer_20/seed_102"",""probe.eval_output_dir=artifacts/results/mvp"",""probe.eval_output_subdir=seed_runs_layerwise_backbone_sweep_v1/mvp__backbone_sweep__jepa_v2_1__vitg_384__temporal_attn__layer_20/seed_102"",""probe.wandb.group=seed_runs_layerwise_backbone_sweep_v1_mvp__backbone_sweep__jepa_v2_1__vitg_384__temporal_attn__layer_20"",""probe.wandb.name=mvp__backbone_sweep__jepa_v2_1__vitg_384__temporal_attn__layer_20__seed_102"",""feature_cache.layer_ids=[10,20,30,40]"",""probe.temporal_attn.num_heads=16"",""probe.temporal_attn.num_self_attn_blocks=1"",""probe.temporal_attn.mlp_ratio=2"",""probe.temporal_attn.dropout=0.20000000000000001"",""feature_cache.include_tokens=true""]",results/verified_layerwise_probe_configs.csv,405,407,dc324e15aff22a86,VERIFIED_FULL,"{""batch_size"":2,""dropout"":0.2,""early_stopping"":{""enabled"":true,""patience"":5},""epochs"":30,""eval_batch_size"":2,""feature_view"":""tokens"",""layer"":20,""lr"":1e-05,""mlp_ratio"":2.0,""num_heads"":16,""num_self_attn_blocks"":1,""slot"":null,""weight_decay"":0.01}",different_backbone_ablation/other models/mvp/attn/mvp_probe_temporal_attn_jepa_v2_1_vitg_384_lr_matrix/train_eval_summary.json
mvp__backbone_sweep__jepa_v2_1__vitg_384__temporal_attn__layer_30__seed_101,mvp__backbone_sweep__jepa_v2_1__vitg_384__temporal_attn__layer_30,train_eval.probe.mvp,MVP,mvp,backbone_sweep,V-JEPA 2.1,ViT-G/16,Attentive,temporal_attn,101,42,jepa_v2_1,vitg_384,30,,30,tokens,5.0000000000000002e-05,0.01,2,2,30,true,5,,,16,1,2,0.20000000000000001,cuda,artifacts/probes/mvp,seed_runs_layerwise_backbone_sweep_v1/mvp__backbone_sweep__jepa_v2_1__vitg_384__temporal_attn__layer_30/seed_101,artifacts/results/mvp,seed_runs_layerwise_backbone_sweep_v1/mvp__backbone_sweep__jepa_v2_1__vitg_384__temporal_attn__layer_30/seed_101,seed_runs_layerwise_backbone_sweep_v1_mvp__backbone_sweep__jepa_v2_1__vitg_384__temporal_attn__layer_30,mvp__backbone_sweep__jepa_v2_1__vitg_384__temporal_attn__layer_30__seed_101,pending,,"[""seed=101"",""split.seed=42"",""backbone.name=jepa_v2_1"",""+backbone.kwargs.variant=vitg_384"",""probe.name=temporal_attn"",""probe.layer=30"",""probe.layers=[]"",""probe.feature_view=tokens"",""probe.device=cuda"",""probe.lr=5.0000000000000002e-05"",""probe.weight_decay=0.01"",""probe.batch_size=2"",""probe.eval_batch_size=2"",""probe.epochs=30"",""probe.early_stopping.enabled=true"",""probe.early_stopping.patience=5"",""probe.optuna.enabled=false"",""probe.output_dir=artifacts/probes/mvp"",""probe.output_subdir=seed_runs_layerwise_backbone_sweep_v1/mvp__backbone_sweep__jepa_v2_1__vitg_384__temporal_attn__layer_30/seed_101"",""probe.eval_output_dir=artifacts/results/mvp"",""probe.eval_output_subdir=seed_runs_layerwise_backbone_sweep_v1/mvp__backbone_sweep__jepa_v2_1__vitg_384__temporal_attn__layer_30/seed_101"",""probe.wandb.group=seed_runs_layerwise_backbone_sweep_v1_mvp__backbone_sweep__jepa_v2_1__vitg_384__temporal_attn__layer_30"",""probe.wandb.name=mvp__backbone_sweep__jepa_v2_1__vitg_384__temporal_attn__layer_30__seed_101"",""feature_cache.layer_ids=[10,20,30,40]"",""probe.temporal_attn.num_heads=16"",""probe.temporal_attn.num_self_attn_blocks=1"",""probe.temporal_attn.mlp_ratio=2"",""probe.temporal_attn.dropout=0.20000000000000001"",""feature_cache.include_tokens=true""]",results/verified_layerwise_probe_configs.csv,406,408,e99a547a2b26fc75,VERIFIED_FULL,"{""batch_size"":2,""dropout"":0.2,""early_stopping"":{""enabled"":true,""patience"":5},""epochs"":30,""eval_batch_size"":2,""feature_view"":""tokens"",""layer"":30,""lr"":5e-05,""mlp_ratio"":2.0,""num_heads"":16,""num_self_attn_blocks"":1,""slot"":null,""weight_decay"":0.01}",different_backbone_ablation/other models/mvp/attn/mvp_probe_temporal_attn_jepa_v2_1_vitg_384_lr_matrix/train_eval_summary.json
mvp__backbone_sweep__jepa_v2_1__vitg_384__temporal_attn__layer_30__seed_102,mvp__backbone_sweep__jepa_v2_1__vitg_384__temporal_attn__layer_30,train_eval.probe.mvp,MVP,mvp,backbone_sweep,V-JEPA 2.1,ViT-G/16,Attentive,temporal_attn,102,42,jepa_v2_1,vitg_384,30,,30,tokens,5.0000000000000002e-05,0.01,2,2,30,true,5,,,16,1,2,0.20000000000000001,cuda,artifacts/probes/mvp,seed_runs_layerwise_backbone_sweep_v1/mvp__backbone_sweep__jepa_v2_1__vitg_384__temporal_attn__layer_30/seed_102,artifacts/results/mvp,seed_runs_layerwise_backbone_sweep_v1/mvp__backbone_sweep__jepa_v2_1__vitg_384__temporal_attn__layer_30/seed_102,seed_runs_layerwise_backbone_sweep_v1_mvp__backbone_sweep__jepa_v2_1__vitg_384__temporal_attn__layer_30,mvp__backbone_sweep__jepa_v2_1__vitg_384__temporal_attn__layer_30__seed_102,pending,,"[""seed=102"",""split.seed=42"",""backbone.name=jepa_v2_1"",""+backbone.kwargs.variant=vitg_384"",""probe.name=temporal_attn"",""probe.layer=30"",""probe.layers=[]"",""probe.feature_view=tokens"",""probe.device=cuda"",""probe.lr=5.0000000000000002e-05"",""probe.weight_decay=0.01"",""probe.batch_size=2"",""probe.eval_batch_size=2"",""probe.epochs=30"",""probe.early_stopping.enabled=true"",""probe.early_stopping.patience=5"",""probe.optuna.enabled=false"",""probe.output_dir=artifacts/probes/mvp"",""probe.output_subdir=seed_runs_layerwise_backbone_sweep_v1/mvp__backbone_sweep__jepa_v2_1__vitg_384__temporal_attn__layer_30/seed_102"",""probe.eval_output_dir=artifacts/results/mvp"",""probe.eval_output_subdir=seed_runs_layerwise_backbone_sweep_v1/mvp__backbone_sweep__jepa_v2_1__vitg_384__temporal_attn__layer_30/seed_102"",""probe.wandb.group=seed_runs_layerwise_backbone_sweep_v1_mvp__backbone_sweep__jepa_v2_1__vitg_384__temporal_attn__layer_30"",""probe.wandb.name=mvp__backbone_sweep__jepa_v2_1__vitg_384__temporal_attn__layer_30__seed_102"",""feature_cache.layer_ids=[10,20,30,40]"",""probe.temporal_attn.num_heads=16"",""probe.temporal_attn.num_self_attn_blocks=1"",""probe.temporal_attn.mlp_ratio=2"",""probe.temporal_attn.dropout=0.20000000000000001"",""feature_cache.include_tokens=true""]",results/verified_layerwise_probe_configs.csv,406,408,e99a547a2b26fc75,VERIFIED_FULL,"{""batch_size"":2,""dropout"":0.2,""early_stopping"":{""enabled"":true,""patience"":5},""epochs"":30,""eval_batch_size"":2,""feature_view"":""tokens"",""layer"":30,""lr"":5e-05,""mlp_ratio"":2.0,""num_heads"":16,""num_self_attn_blocks"":1,""slot"":null,""weight_decay"":0.01}",different_backbone_ablation/other models/mvp/attn/mvp_probe_temporal_attn_jepa_v2_1_vitg_384_lr_matrix/train_eval_summary.json
mvp__backbone_sweep__jepa_v2_1__vitg_384__temporal_attn__layer_40__seed_101,mvp__backbone_sweep__jepa_v2_1__vitg_384__temporal_attn__layer_40,train_eval.probe.mvp,MVP,mvp,backbone_sweep,V-JEPA 2.1,ViT-G/16,Attentive,temporal_attn,101,42,jepa_v2_1,vitg_384,40,,40,tokens,0.0001,0.01,2,2,30,true,5,,,16,1,2,0.20000000000000001,cuda,artifacts/probes/mvp,seed_runs_layerwise_backbone_sweep_v1/mvp__backbone_sweep__jepa_v2_1__vitg_384__temporal_attn__layer_40/seed_101,artifacts/results/mvp,seed_runs_layerwise_backbone_sweep_v1/mvp__backbone_sweep__jepa_v2_1__vitg_384__temporal_attn__layer_40/seed_101,seed_runs_layerwise_backbone_sweep_v1_mvp__backbone_sweep__jepa_v2_1__vitg_384__temporal_attn__layer_40,mvp__backbone_sweep__jepa_v2_1__vitg_384__temporal_attn__layer_40__seed_101,pending,,"[""seed=101"",""split.seed=42"",""backbone.name=jepa_v2_1"",""+backbone.kwargs.variant=vitg_384"",""probe.name=temporal_attn"",""probe.layer=40"",""probe.layers=[]"",""probe.feature_view=tokens"",""probe.device=cuda"",""probe.lr=0.0001"",""probe.weight_decay=0.01"",""probe.batch_size=2"",""probe.eval_batch_size=2"",""probe.epochs=30"",""probe.early_stopping.enabled=true"",""probe.early_stopping.patience=5"",""probe.optuna.enabled=false"",""probe.output_dir=artifacts/probes/mvp"",""probe.output_subdir=seed_runs_layerwise_backbone_sweep_v1/mvp__backbone_sweep__jepa_v2_1__vitg_384__temporal_attn__layer_40/seed_101"",""probe.eval_output_dir=artifacts/results/mvp"",""probe.eval_output_subdir=seed_runs_layerwise_backbone_sweep_v1/mvp__backbone_sweep__jepa_v2_1__vitg_384__temporal_attn__layer_40/seed_101"",""probe.wandb.group=seed_runs_layerwise_backbone_sweep_v1_mvp__backbone_sweep__jepa_v2_1__vitg_384__temporal_attn__layer_40"",""probe.wandb.name=mvp__backbone_sweep__jepa_v2_1__vitg_384__temporal_attn__layer_40__seed_101"",""feature_cache.layer_ids=[10,20,30,40]"",""probe.temporal_attn.num_heads=16"",""probe.temporal_attn.num_self_attn_blocks=1"",""probe.temporal_attn.mlp_ratio=2"",""probe.temporal_attn.dropout=0.20000000000000001"",""feature_cache.include_tokens=true""]",results/verified_layerwise_probe_configs.csv,407,409,f0214ef37b4d57a8,VERIFIED_FULL,"{""batch_size"":2,""dropout"":0.2,""early_stopping"":{""enabled"":true,""patience"":5},""epochs"":30,""eval_batch_size"":2,""feature_view"":""tokens"",""layer"":40,""lr"":0.0001,""mlp_ratio"":2.0,""num_heads"":16,""num_self_attn_blocks"":1,""slot"":null,""weight_decay"":0.01}",different_backbone_ablation/other models/mvp/attn/mvp_probe_temporal_attn_jepa_v2_1_vitg_384_lr_matrix/train_eval_summary.json
mvp__backbone_sweep__jepa_v2_1__vitg_384__temporal_attn__layer_40__seed_102,mvp__backbone_sweep__jepa_v2_1__vitg_384__temporal_attn__layer_40,train_eval.probe.mvp,MVP,mvp,backbone_sweep,V-JEPA 2.1,ViT-G/16,Attentive,temporal_attn,102,42,jepa_v2_1,vitg_384,40,,40,tokens,0.0001,0.01,2,2,30,true,5,,,16,1,2,0.20000000000000001,cuda,artifacts/probes/mvp,seed_runs_layerwise_backbone_sweep_v1/mvp__backbone_sweep__jepa_v2_1__vitg_384__temporal_attn__layer_40/seed_102,artifacts/results/mvp,seed_runs_layerwise_backbone_sweep_v1/mvp__backbone_sweep__jepa_v2_1__vitg_384__temporal_attn__layer_40/seed_102,seed_runs_layerwise_backbone_sweep_v1_mvp__backbone_sweep__jepa_v2_1__vitg_384__temporal_attn__layer_40,mvp__backbone_sweep__jepa_v2_1__vitg_384__temporal_attn__layer_40__seed_102,pending,,"[""seed=102"",""split.seed=42"",""backbone.name=jepa_v2_1"",""+backbone.kwargs.variant=vitg_384"",""probe.name=temporal_attn"",""probe.layer=40"",""probe.layers=[]"",""probe.feature_view=tokens"",""probe.device=cuda"",""probe.lr=0.0001"",""probe.weight_decay=0.01"",""probe.batch_size=2"",""probe.eval_batch_size=2"",""probe.epochs=30"",""probe.early_stopping.enabled=true"",""probe.early_stopping.patience=5"",""probe.optuna.enabled=false"",""probe.output_dir=artifacts/probes/mvp"",""probe.output_subdir=seed_runs_layerwise_backbone_sweep_v1/mvp__backbone_sweep__jepa_v2_1__vitg_384__temporal_attn__layer_40/seed_102"",""probe.eval_output_dir=artifacts/results/mvp"",""probe.eval_output_subdir=seed_runs_layerwise_backbone_sweep_v1/mvp__backbone_sweep__jepa_v2_1__vitg_384__temporal_attn__layer_40/seed_102"",""probe.wandb.group=seed_runs_layerwise_backbone_sweep_v1_mvp__backbone_sweep__jepa_v2_1__vitg_384__temporal_attn__layer_40"",""probe.wandb.name=mvp__backbone_sweep__jepa_v2_1__vitg_384__temporal_attn__layer_40__seed_102"",""feature_cache.layer_ids=[10,20,30,40]"",""probe.temporal_attn.num_heads=16"",""probe.temporal_attn.num_self_attn_blocks=1"",""probe.temporal_attn.mlp_ratio=2"",""probe.temporal_attn.dropout=0.20000000000000001"",""feature_cache.include_tokens=true""]",results/verified_layerwise_probe_configs.csv,407,409,f0214ef37b4d57a8,VERIFIED_FULL,"{""batch_size"":2,""dropout"":0.2,""early_stopping"":{""enabled"":true,""patience"":5},""epochs"":30,""eval_batch_size"":2,""feature_view"":""tokens"",""layer"":40,""lr"":0.0001,""mlp_ratio"":2.0,""num_heads"":16,""num_self_attn_blocks"":1,""slot"":null,""weight_decay"":0.01}",different_backbone_ablation/other models/mvp/attn/mvp_probe_temporal_attn_jepa_v2_1_vitg_384_lr_matrix/train_eval_summary.json
mvp__backbone_sweep__videomae_v2__vit_base_16_224__temporal_attn__layer_3__seed_101,mvp__backbone_sweep__videomae_v2__vit_base_16_224__temporal_attn__layer_3,train_eval.probe.mvp,MVP,mvp,backbone_sweep,VideoMAE-v2,ViT-B/16,Attentive,temporal_attn,101,42,videomae_v2,vit_base_16_224,3,,3,tokens,1.0000000000000001e-05,0.01,1,1,30,true,5,,,16,1,2,0.20000000000000001,cuda,artifacts/probes/mvp,seed_runs_layerwise_backbone_sweep_v1/mvp__backbone_sweep__videomae_v2__vit_base_16_224__temporal_attn__layer_3/seed_101,artifacts/results/mvp,seed_runs_layerwise_backbone_sweep_v1/mvp__backbone_sweep__videomae_v2__vit_base_16_224__temporal_attn__layer_3/seed_101,seed_runs_layerwise_backbone_sweep_v1_mvp__backbone_sweep__videomae_v2__vit_base_16_224__temporal_attn__layer_3,mvp__backbone_sweep__videomae_v2__vit_base_16_224__temporal_attn__layer_3__seed_101,pending,,"[""seed=101"",""split.seed=42"",""backbone.name=videomae_v2"",""+backbone.kwargs.variant=vit_base_16_224"",""probe.name=temporal_attn"",""probe.layer=3"",""probe.layers=[]"",""probe.feature_view=tokens"",""probe.device=cuda"",""probe.lr=1.0000000000000001e-05"",""probe.weight_decay=0.01"",""probe.batch_size=1"",""probe.eval_batch_size=1"",""probe.epochs=30"",""probe.early_stopping.enabled=true"",""probe.early_stopping.patience=5"",""probe.optuna.enabled=false"",""probe.output_dir=artifacts/probes/mvp"",""probe.output_subdir=seed_runs_layerwise_backbone_sweep_v1/mvp__backbone_sweep__videomae_v2__vit_base_16_224__temporal_attn__layer_3/seed_101"",""probe.eval_output_dir=artifacts/results/mvp"",""probe.eval_output_subdir=seed_runs_layerwise_backbone_sweep_v1/mvp__backbone_sweep__videomae_v2__vit_base_16_224__temporal_attn__layer_3/seed_101"",""probe.wandb.group=seed_runs_layerwise_backbone_sweep_v1_mvp__backbone_sweep__videomae_v2__vit_base_16_224__temporal_attn__layer_3"",""probe.wandb.name=mvp__backbone_sweep__videomae_v2__vit_base_16_224__temporal_attn__layer_3__seed_101"",""feature_cache.layer_ids=[3,6,9,12]"",""probe.temporal_attn.num_heads=16"",""probe.temporal_attn.num_self_attn_blocks=1"",""probe.temporal_attn.mlp_ratio=2"",""probe.temporal_attn.dropout=0.20000000000000001"",""feature_cache.include_tokens=true""]",results/verified_layerwise_probe_configs.csv,452,454,cf902c5afa39f132,VERIFIED_FULL,"{""batch_size"":1,""dropout"":0.2,""early_stopping"":{""enabled"":true,""patience"":5},""epochs"":30,""eval_batch_size"":1,""feature_view"":""tokens"",""layer"":3,""lr"":1e-05,""mlp_ratio"":2.0,""num_heads"":16,""num_self_attn_blocks"":1,""slot"":null,""weight_decay"":0.01}",different_backbone_ablation/other models/mvp/attn/mvp_probe_temporal_attn_videomae_v2_vit_base_16_224_lr_matrix/train_eval_summary.json
mvp__backbone_sweep__videomae_v2__vit_base_16_224__temporal_attn__layer_3__seed_102,mvp__backbone_sweep__videomae_v2__vit_base_16_224__temporal_attn__layer_3,train_eval.probe.mvp,MVP,mvp,backbone_sweep,VideoMAE-v2,ViT-B/16,Attentive,temporal_attn,102,42,videomae_v2,vit_base_16_224,3,,3,tokens,1.0000000000000001e-05,0.01,1,1,30,true,5,,,16,1,2,0.20000000000000001,cuda,artifacts/probes/mvp,seed_runs_layerwise_backbone_sweep_v1/mvp__backbone_sweep__videomae_v2__vit_base_16_224__temporal_attn__layer_3/seed_102,artifacts/results/mvp,seed_runs_layerwise_backbone_sweep_v1/mvp__backbone_sweep__videomae_v2__vit_base_16_224__temporal_attn__layer_3/seed_102,seed_runs_layerwise_backbone_sweep_v1_mvp__backbone_sweep__videomae_v2__vit_base_16_224__temporal_attn__layer_3,mvp__backbone_sweep__videomae_v2__vit_base_16_224__temporal_attn__layer_3__seed_102,pending,,"[""seed=102"",""split.seed=42"",""backbone.name=videomae_v2"",""+backbone.kwargs.variant=vit_base_16_224"",""probe.name=temporal_attn"",""probe.layer=3"",""probe.layers=[]"",""probe.feature_view=tokens"",""probe.device=cuda"",""probe.lr=1.0000000000000001e-05"",""probe.weight_decay=0.01"",""probe.batch_size=1"",""probe.eval_batch_size=1"",""probe.epochs=30"",""probe.early_stopping.enabled=true"",""probe.early_stopping.patience=5"",""probe.optuna.enabled=false"",""probe.output_dir=artifacts/probes/mvp"",""probe.output_subdir=seed_runs_layerwise_backbone_sweep_v1/mvp__backbone_sweep__videomae_v2__vit_base_16_224__temporal_attn__layer_3/seed_102"",""probe.eval_output_dir=artifacts/results/mvp"",""probe.eval_output_subdir=seed_runs_layerwise_backbone_sweep_v1/mvp__backbone_sweep__videomae_v2__vit_base_16_224__temporal_attn__layer_3/seed_102"",""probe.wandb.group=seed_runs_layerwise_backbone_sweep_v1_mvp__backbone_sweep__videomae_v2__vit_base_16_224__temporal_attn__layer_3"",""probe.wandb.name=mvp__backbone_sweep__videomae_v2__vit_base_16_224__temporal_attn__layer_3__seed_102"",""feature_cache.layer_ids=[3,6,9,12]"",""probe.temporal_attn.num_heads=16"",""probe.temporal_attn.num_self_attn_blocks=1"",""probe.temporal_attn.mlp_ratio=2"",""probe.temporal_attn.dropout=0.20000000000000001"",""feature_cache.include_tokens=true""]",results/verified_layerwise_probe_configs.csv,452,454,cf902c5afa39f132,VERIFIED_FULL,"{""batch_size"":1,""dropout"":0.2,""early_stopping"":{""enabled"":true,""patience"":5},""epochs"":30,""eval_batch_size"":1,""feature_view"":""tokens"",""layer"":3,""lr"":1e-05,""mlp_ratio"":2.0,""num_heads"":16,""num_self_attn_blocks"":1,""slot"":null,""weight_decay"":0.01}",different_backbone_ablation/other models/mvp/attn/mvp_probe_temporal_attn_videomae_v2_vit_base_16_224_lr_matrix/train_eval_summary.json
mvp__backbone_sweep__videomae_v2__vit_base_16_224__temporal_attn__layer_6__seed_101,mvp__backbone_sweep__videomae_v2__vit_base_16_224__temporal_attn__layer_6,train_eval.probe.mvp,MVP,mvp,backbone_sweep,VideoMAE-v2,ViT-B/16,Attentive,temporal_attn,101,42,videomae_v2,vit_base_16_224,6,,6,tokens,1.0000000000000001e-05,0.01,1,1,30,true,5,,,16,1,2,0.20000000000000001,cuda,artifacts/probes/mvp,seed_runs_layerwise_backbone_sweep_v1/mvp__backbone_sweep__videomae_v2__vit_base_16_224__temporal_attn__layer_6/seed_101,artifacts/results/mvp,seed_runs_layerwise_backbone_sweep_v1/mvp__backbone_sweep__videomae_v2__vit_base_16_224__temporal_attn__layer_6/seed_101,seed_runs_layerwise_backbone_sweep_v1_mvp__backbone_sweep__videomae_v2__vit_base_16_224__temporal_attn__layer_6,mvp__backbone_sweep__videomae_v2__vit_base_16_224__temporal_attn__layer_6__seed_101,pending,,"[""seed=101"",""split.seed=42"",""backbone.name=videomae_v2"",""+backbone.kwargs.variant=vit_base_16_224"",""probe.name=temporal_attn"",""probe.layer=6"",""probe.layers=[]"",""probe.feature_view=tokens"",""probe.device=cuda"",""probe.lr=1.0000000000000001e-05"",""probe.weight_decay=0.01"",""probe.batch_size=1"",""probe.eval_batch_size=1"",""probe.epochs=30"",""probe.early_stopping.enabled=true"",""probe.early_stopping.patience=5"",""probe.optuna.enabled=false"",""probe.output_dir=artifacts/probes/mvp"",""probe.output_subdir=seed_runs_layerwise_backbone_sweep_v1/mvp__backbone_sweep__videomae_v2__vit_base_16_224__temporal_attn__layer_6/seed_101"",""probe.eval_output_dir=artifacts/results/mvp"",""probe.eval_output_subdir=seed_runs_layerwise_backbone_sweep_v1/mvp__backbone_sweep__videomae_v2__vit_base_16_224__temporal_attn__layer_6/seed_101"",""probe.wandb.group=seed_runs_layerwise_backbone_sweep_v1_mvp__backbone_sweep__videomae_v2__vit_base_16_224__temporal_attn__layer_6"",""probe.wandb.name=mvp__backbone_sweep__videomae_v2__vit_base_16_224__temporal_attn__layer_6__seed_101"",""feature_cache.layer_ids=[3,6,9,12]"",""probe.temporal_attn.num_heads=16"",""probe.temporal_attn.num_self_attn_blocks=1"",""probe.temporal_attn.mlp_ratio=2"",""probe.temporal_attn.dropout=0.20000000000000001"",""feature_cache.include_tokens=true""]",results/verified_layerwise_probe_configs.csv,453,455,bd93bc97463998d3,VERIFIED_FULL,"{""batch_size"":1,""dropout"":0.2,""early_stopping"":{""enabled"":true,""patience"":5},""epochs"":30,""eval_batch_size"":1,""feature_view"":""tokens"",""layer"":6,""lr"":1e-05,""mlp_ratio"":2.0,""num_heads"":16,""num_self_attn_blocks"":1,""slot"":null,""weight_decay"":0.01}",different_backbone_ablation/other models/mvp/attn/mvp_probe_temporal_attn_videomae_v2_vit_base_16_224_lr_matrix/train_eval_summary.json
mvp__backbone_sweep__videomae_v2__vit_base_16_224__temporal_attn__layer_6__seed_102,mvp__backbone_sweep__videomae_v2__vit_base_16_224__temporal_attn__layer_6,train_eval.probe.mvp,MVP,mvp,backbone_sweep,VideoMAE-v2,ViT-B/16,Attentive,temporal_attn,102,42,videomae_v2,vit_base_16_224,6,,6,tokens,1.0000000000000001e-05,0.01,1,1,30,true,5,,,16,1,2,0.20000000000000001,cuda,artifacts/probes/mvp,seed_runs_layerwise_backbone_sweep_v1/mvp__backbone_sweep__videomae_v2__vit_base_16_224__temporal_attn__layer_6/seed_102,artifacts/results/mvp,seed_runs_layerwise_backbone_sweep_v1/mvp__backbone_sweep__videomae_v2__vit_base_16_224__temporal_attn__layer_6/seed_102,seed_runs_layerwise_backbone_sweep_v1_mvp__backbone_sweep__videomae_v2__vit_base_16_224__temporal_attn__layer_6,mvp__backbone_sweep__videomae_v2__vit_base_16_224__temporal_attn__layer_6__seed_102,pending,,"[""seed=102"",""split.seed=42"",""backbone.name=videomae_v2"",""+backbone.kwargs.variant=vit_base_16_224"",""probe.name=temporal_attn"",""probe.layer=6"",""probe.layers=[]"",""probe.feature_view=tokens"",""probe.device=cuda"",""probe.lr=1.0000000000000001e-05"",""probe.weight_decay=0.01"",""probe.batch_size=1"",""probe.eval_batch_size=1"",""probe.epochs=30"",""probe.early_stopping.enabled=true"",""probe.early_stopping.patience=5"",""probe.optuna.enabled=false"",""probe.output_dir=artifacts/probes/mvp"",""probe.output_subdir=seed_runs_layerwise_backbone_sweep_v1/mvp__backbone_sweep__videomae_v2__vit_base_16_224__temporal_attn__layer_6/seed_102"",""probe.eval_output_dir=artifacts/results/mvp"",""probe.eval_output_subdir=seed_runs_layerwise_backbone_sweep_v1/mvp__backbone_sweep__videomae_v2__vit_base_16_224__temporal_attn__layer_6/seed_102"",""probe.wandb.group=seed_runs_layerwise_backbone_sweep_v1_mvp__backbone_sweep__videomae_v2__vit_base_16_224__temporal_attn__layer_6"",""probe.wandb.name=mvp__backbone_sweep__videomae_v2__vit_base_16_224__temporal_attn__layer_6__seed_102"",""feature_cache.layer_ids=[3,6,9,12]"",""probe.temporal_attn.num_heads=16"",""probe.temporal_attn.num_self_attn_blocks=1"",""probe.temporal_attn.mlp_ratio=2"",""probe.temporal_attn.dropout=0.20000000000000001"",""feature_cache.include_tokens=true""]",results/verified_layerwise_probe_configs.csv,453,455,bd93bc97463998d3,VERIFIED_FULL,"{""batch_size"":1,""dropout"":0.2,""early_stopping"":{""enabled"":true,""patience"":5},""epochs"":30,""eval_batch_size"":1,""feature_view"":""tokens"",""layer"":6,""lr"":1e-05,""mlp_ratio"":2.0,""num_heads"":16,""num_self_attn_blocks"":1,""slot"":null,""weight_decay"":0.01}",different_backbone_ablation/other models/mvp/attn/mvp_probe_temporal_attn_videomae_v2_vit_base_16_224_lr_matrix/train_eval_summary.json
mvp__backbone_sweep__videomae_v2__vit_base_16_224__temporal_attn__layer_9__seed_101,mvp__backbone_sweep__videomae_v2__vit_base_16_224__temporal_attn__layer_9,train_eval.probe.mvp,MVP,mvp,backbone_sweep,VideoMAE-v2,ViT-B/16,Attentive,temporal_attn,101,42,videomae_v2,vit_base_16_224,9,,9,tokens,1.0000000000000001e-05,0.01,1,1,30,true,5,,,16,1,2,0.20000000000000001,cuda,artifacts/probes/mvp,seed_runs_layerwise_backbone_sweep_v1/mvp__backbone_sweep__videomae_v2__vit_base_16_224__temporal_attn__layer_9/seed_101,artifacts/results/mvp,seed_runs_layerwise_backbone_sweep_v1/mvp__backbone_sweep__videomae_v2__vit_base_16_224__temporal_attn__layer_9/seed_101,seed_runs_layerwise_backbone_sweep_v1_mvp__backbone_sweep__videomae_v2__vit_base_16_224__temporal_attn__layer_9,mvp__backbone_sweep__videomae_v2__vit_base_16_224__temporal_attn__layer_9__seed_101,pending,,"[""seed=101"",""split.seed=42"",""backbone.name=videomae_v2"",""+backbone.kwargs.variant=vit_base_16_224"",""probe.name=temporal_attn"",""probe.layer=9"",""probe.layers=[]"",""probe.feature_view=tokens"",""probe.device=cuda"",""probe.lr=1.0000000000000001e-05"",""probe.weight_decay=0.01"",""probe.batch_size=1"",""probe.eval_batch_size=1"",""probe.epochs=30"",""probe.early_stopping.enabled=true"",""probe.early_stopping.patience=5"",""probe.optuna.enabled=false"",""probe.output_dir=artifacts/probes/mvp"",""probe.output_subdir=seed_runs_layerwise_backbone_sweep_v1/mvp__backbone_sweep__videomae_v2__vit_base_16_224__temporal_attn__layer_9/seed_101"",""probe.eval_output_dir=artifacts/results/mvp"",""probe.eval_output_subdir=seed_runs_layerwise_backbone_sweep_v1/mvp__backbone_sweep__videomae_v2__vit_base_16_224__temporal_attn__layer_9/seed_101"",""probe.wandb.group=seed_runs_layerwise_backbone_sweep_v1_mvp__backbone_sweep__videomae_v2__vit_base_16_224__temporal_attn__layer_9"",""probe.wandb.name=mvp__backbone_sweep__videomae_v2__vit_base_16_224__temporal_attn__layer_9__seed_101"",""feature_cache.layer_ids=[3,6,9,12]"",""probe.temporal_attn.num_heads=16"",""probe.temporal_attn.num_self_attn_blocks=1"",""probe.temporal_attn.mlp_ratio=2"",""probe.temporal_attn.dropout=0.20000000000000001"",""feature_cache.include_tokens=true""]",results/verified_layerwise_probe_configs.csv,454,456,1f9bbd33066f67f8,VERIFIED_FULL,"{""batch_size"":1,""dropout"":0.2,""early_stopping"":{""enabled"":true,""patience"":5},""epochs"":30,""eval_batch_size"":1,""feature_view"":""tokens"",""layer"":9,""lr"":1e-05,""mlp_ratio"":2.0,""num_heads"":16,""num_self_attn_blocks"":1,""slot"":null,""weight_decay"":0.01}",different_backbone_ablation/other models/mvp/attn/mvp_probe_temporal_attn_videomae_v2_vit_base_16_224_lr_matrix/train_eval_summary.json
mvp__backbone_sweep__videomae_v2__vit_base_16_224__temporal_attn__layer_9__seed_102,mvp__backbone_sweep__videomae_v2__vit_base_16_224__temporal_attn__layer_9,train_eval.probe.mvp,MVP,mvp,backbone_sweep,VideoMAE-v2,ViT-B/16,Attentive,temporal_attn,102,42,videomae_v2,vit_base_16_224,9,,9,tokens,1.0000000000000001e-05,0.01,1,1,30,true,5,,,16,1,2,0.20000000000000001,cuda,artifacts/probes/mvp,seed_runs_layerwise_backbone_sweep_v1/mvp__backbone_sweep__videomae_v2__vit_base_16_224__temporal_attn__layer_9/seed_102,artifacts/results/mvp,seed_runs_layerwise_backbone_sweep_v1/mvp__backbone_sweep__videomae_v2__vit_base_16_224__temporal_attn__layer_9/seed_102,seed_runs_layerwise_backbone_sweep_v1_mvp__backbone_sweep__videomae_v2__vit_base_16_224__temporal_attn__layer_9,mvp__backbone_sweep__videomae_v2__vit_base_16_224__temporal_attn__layer_9__seed_102,pending,,"[""seed=102"",""split.seed=42"",""backbone.name=videomae_v2"",""+backbone.kwargs.variant=vit_base_16_224"",""probe.name=temporal_attn"",""probe.layer=9"",""probe.layers=[]"",""probe.feature_view=tokens"",""probe.device=cuda"",""probe.lr=1.0000000000000001e-05"",""probe.weight_decay=0.01"",""probe.batch_size=1"",""probe.eval_batch_size=1"",""probe.epochs=30"",""probe.early_stopping.enabled=true"",""probe.early_stopping.patience=5"",""probe.optuna.enabled=false"",""probe.output_dir=artifacts/probes/mvp"",""probe.output_subdir=seed_runs_layerwise_backbone_sweep_v1/mvp__backbone_sweep__videomae_v2__vit_base_16_224__temporal_attn__layer_9/seed_102"",""probe.eval_output_dir=artifacts/results/mvp"",""probe.eval_output_subdir=seed_runs_layerwise_backbone_sweep_v1/mvp__backbone_sweep__videomae_v2__vit_base_16_224__temporal_attn__layer_9/seed_102"",""probe.wandb.group=seed_runs_layerwise_backbone_sweep_v1_mvp__backbone_sweep__videomae_v2__vit_base_16_224__temporal_attn__layer_9"",""probe.wandb.name=mvp__backbone_sweep__videomae_v2__vit_base_16_224__temporal_attn__layer_9__seed_102"",""feature_cache.layer_ids=[3,6,9,12]"",""probe.temporal_attn.num_heads=16"",""probe.temporal_attn.num_self_attn_blocks=1"",""probe.temporal_attn.mlp_ratio=2"",""probe.temporal_attn.dropout=0.20000000000000001"",""feature_cache.include_tokens=true""]",results/verified_layerwise_probe_configs.csv,454,456,1f9bbd33066f67f8,VERIFIED_FULL,"{""batch_size"":1,""dropout"":0.2,""early_stopping"":{""enabled"":true,""patience"":5},""epochs"":30,""eval_batch_size"":1,""feature_view"":""tokens"",""layer"":9,""lr"":1e-05,""mlp_ratio"":2.0,""num_heads"":16,""num_self_attn_blocks"":1,""slot"":null,""weight_decay"":0.01}",different_backbone_ablation/other models/mvp/attn/mvp_probe_temporal_attn_videomae_v2_vit_base_16_224_lr_matrix/train_eval_summary.json
mvp__backbone_sweep__videomae_v2__vit_base_16_224__temporal_attn__layer_12__seed_101,mvp__backbone_sweep__videomae_v2__vit_base_16_224__temporal_attn__layer_12,train_eval.probe.mvp,MVP,mvp,backbone_sweep,VideoMAE-v2,ViT-B/16,Attentive,temporal_attn,101,42,videomae_v2,vit_base_16_224,12,,12,tokens,0.0001,0.01,1,1,30,true,5,,,16,1,2,0.20000000000000001,cuda,artifacts/probes/mvp,seed_runs_layerwise_backbone_sweep_v1/mvp__backbone_sweep__videomae_v2__vit_base_16_224__temporal_attn__layer_12/seed_101,artifacts/results/mvp,seed_runs_layerwise_backbone_sweep_v1/mvp__backbone_sweep__videomae_v2__vit_base_16_224__temporal_attn__layer_12/seed_101,seed_runs_layerwise_backbone_sweep_v1_mvp__backbone_sweep__videomae_v2__vit_base_16_224__temporal_attn__layer_12,mvp__backbone_sweep__videomae_v2__vit_base_16_224__temporal_attn__layer_12__seed_101,pending,,"[""seed=101"",""split.seed=42"",""backbone.name=videomae_v2"",""+backbone.kwargs.variant=vit_base_16_224"",""probe.name=temporal_attn"",""probe.layer=12"",""probe.layers=[]"",""probe.feature_view=tokens"",""probe.device=cuda"",""probe.lr=0.0001"",""probe.weight_decay=0.01"",""probe.batch_size=1"",""probe.eval_batch_size=1"",""probe.epochs=30"",""probe.early_stopping.enabled=true"",""probe.early_stopping.patience=5"",""probe.optuna.enabled=false"",""probe.output_dir=artifacts/probes/mvp"",""probe.output_subdir=seed_runs_layerwise_backbone_sweep_v1/mvp__backbone_sweep__videomae_v2__vit_base_16_224__temporal_attn__layer_12/seed_101"",""probe.eval_output_dir=artifacts/results/mvp"",""probe.eval_output_subdir=seed_runs_layerwise_backbone_sweep_v1/mvp__backbone_sweep__videomae_v2__vit_base_16_224__temporal_attn__layer_12/seed_101"",""probe.wandb.group=seed_runs_layerwise_backbone_sweep_v1_mvp__backbone_sweep__videomae_v2__vit_base_16_224__temporal_attn__layer_12"",""probe.wandb.name=mvp__backbone_sweep__videomae_v2__vit_base_16_224__temporal_attn__layer_12__seed_101"",""feature_cache.layer_ids=[3,6,9,12]"",""probe.temporal_attn.num_heads=16"",""probe.temporal_attn.num_self_attn_blocks=1"",""probe.temporal_attn.mlp_ratio=2"",""probe.temporal_attn.dropout=0.20000000000000001"",""feature_cache.include_tokens=true""]",results/verified_layerwise_probe_configs.csv,455,457,94206533f6b809e0,VERIFIED_FULL,"{""batch_size"":1,""dropout"":0.2,""early_stopping"":{""enabled"":true,""patience"":5},""epochs"":30,""eval_batch_size"":1,""feature_view"":""tokens"",""layer"":12,""lr"":0.0001,""mlp_ratio"":2.0,""num_heads"":16,""num_self_attn_blocks"":1,""slot"":null,""weight_decay"":0.01}",different_backbone_ablation/other models/mvp/attn/mvp_probe_temporal_attn_videomae_v2_vit_base_16_224_lr_matrix/train_eval_summary.json
mvp__backbone_sweep__videomae_v2__vit_base_16_224__temporal_attn__layer_12__seed_102,mvp__backbone_sweep__videomae_v2__vit_base_16_224__temporal_attn__layer_12,train_eval.probe.mvp,MVP,mvp,backbone_sweep,VideoMAE-v2,ViT-B/16,Attentive,temporal_attn,102,42,videomae_v2,vit_base_16_224,12,,12,tokens,0.0001,0.01,1,1,30,true,5,,,16,1,2,0.20000000000000001,cuda,artifacts/probes/mvp,seed_runs_layerwise_backbone_sweep_v1/mvp__backbone_sweep__videomae_v2__vit_base_16_224__temporal_attn__layer_12/seed_102,artifacts/results/mvp,seed_runs_layerwise_backbone_sweep_v1/mvp__backbone_sweep__videomae_v2__vit_base_16_224__temporal_attn__layer_12/seed_102,seed_runs_layerwise_backbone_sweep_v1_mvp__backbone_sweep__videomae_v2__vit_base_16_224__temporal_attn__layer_12,mvp__backbone_sweep__videomae_v2__vit_base_16_224__temporal_attn__layer_12__seed_102,pending,,"[""seed=102"",""split.seed=42"",""backbone.name=videomae_v2"",""+backbone.kwargs.variant=vit_base_16_224"",""probe.name=temporal_attn"",""probe.layer=12"",""probe.layers=[]"",""probe.feature_view=tokens"",""probe.device=cuda"",""probe.lr=0.0001"",""probe.weight_decay=0.01"",""probe.batch_size=1"",""probe.eval_batch_size=1"",""probe.epochs=30"",""probe.early_stopping.enabled=true"",""probe.early_stopping.patience=5"",""probe.optuna.enabled=false"",""probe.output_dir=artifacts/probes/mvp"",""probe.output_subdir=seed_runs_layerwise_backbone_sweep_v1/mvp__backbone_sweep__videomae_v2__vit_base_16_224__temporal_attn__layer_12/seed_102"",""probe.eval_output_dir=artifacts/results/mvp"",""probe.eval_output_subdir=seed_runs_layerwise_backbone_sweep_v1/mvp__backbone_sweep__videomae_v2__vit_base_16_224__temporal_attn__layer_12/seed_102"",""probe.wandb.group=seed_runs_layerwise_backbone_sweep_v1_mvp__backbone_sweep__videomae_v2__vit_base_16_224__temporal_attn__layer_12"",""probe.wandb.name=mvp__backbone_sweep__videomae_v2__vit_base_16_224__temporal_attn__layer_12__seed_102"",""feature_cache.layer_ids=[3,6,9,12]"",""probe.temporal_attn.num_heads=16"",""probe.temporal_attn.num_self_attn_blocks=1"",""probe.temporal_attn.mlp_ratio=2"",""probe.temporal_attn.dropout=0.20000000000000001"",""feature_cache.include_tokens=true""]",results/verified_layerwise_probe_configs.csv,455,457,94206533f6b809e0,VERIFIED_FULL,"{""batch_size"":1,""dropout"":0.2,""early_stopping"":{""enabled"":true,""patience"":5},""epochs"":30,""eval_batch_size"":1,""feature_view"":""tokens"",""layer"":12,""lr"":0.0001,""mlp_ratio"":2.0,""num_heads"":16,""num_self_attn_blocks"":1,""slot"":null,""weight_decay"":0.01}",different_backbone_ablation/other models/mvp/attn/mvp_probe_temporal_attn_videomae_v2_vit_base_16_224_lr_matrix/train_eval_summary.json
