run_id,config_id,run_command,dataset,dataset_hydra,experiment,model,backbone,probe,probe_hydra,seed,original_seed,backbone_name,backbone_variant,layer,selected_slot,layer_label,feature_view,lr,weight_decay,batch_size,eval_batch_size,epochs,early_stopping_enabled,early_stopping_patience,mlp_hidden_dims,mlp_dropout,temporal_num_heads,temporal_num_self_attn_blocks,temporal_mlp_ratio,temporal_dropout,probe_device,probe_output_dir,probe_output_subdir,eval_output_dir,eval_output_subdir,wandb_group,wandb_name,status,blocked_reason,hydra_overrides_json,source_csv_path,source_csv_row_index,source_csv_line_number,source_row_sha256,source_config_status,source_config_json,source_evidence_path
intphys2__backbone_sweep__jepa_v2_1__vitb_384__linear__layer_3__seed_101,intphys2__backbone_sweep__jepa_v2_1__vitb_384__linear__layer_3,train_eval.probe.intphys2,IntPhys2,intphys2,backbone_sweep,V-JEPA 2.1,ViT-B/16,Linear,linear,101,42,jepa_v2_1,vitb_384,3,,3,pooled,0.00043664735929796326,1.2856617791467908e-07,32,1024,50,false,5,,,,,,,cpu,artifacts/probes/intphys2,seed_runs_layerwise_backbone_sweep_v1/intphys2__backbone_sweep__jepa_v2_1__vitb_384__linear__layer_3/seed_101,artifacts/results/intphys2,seed_runs_layerwise_backbone_sweep_v1/intphys2__backbone_sweep__jepa_v2_1__vitb_384__linear__layer_3/seed_101,seed_runs_layerwise_backbone_sweep_v1_intphys2__backbone_sweep__jepa_v2_1__vitb_384__linear__layer_3,intphys2__backbone_sweep__jepa_v2_1__vitb_384__linear__layer_3__seed_101,pending,,"[""seed=101"",""split.seed=42"",""backbone.name=jepa_v2_1"",""+backbone.kwargs.variant=vitb_384"",""probe.name=linear"",""probe.layer=3"",""probe.layers=[]"",""probe.feature_view=pooled"",""probe.device=cpu"",""probe.lr=0.00043664735929796326"",""probe.weight_decay=1.2856617791467908e-07"",""probe.batch_size=32"",""probe.eval_batch_size=1024"",""probe.epochs=50"",""probe.early_stopping.enabled=false"",""probe.early_stopping.patience=5"",""probe.optuna.enabled=false"",""probe.output_dir=artifacts/probes/intphys2"",""probe.output_subdir=seed_runs_layerwise_backbone_sweep_v1/intphys2__backbone_sweep__jepa_v2_1__vitb_384__linear__layer_3/seed_101"",""probe.eval_output_dir=artifacts/results/intphys2"",""probe.eval_output_subdir=seed_runs_layerwise_backbone_sweep_v1/intphys2__backbone_sweep__jepa_v2_1__vitb_384__linear__layer_3/seed_101"",""probe.wandb.group=seed_runs_layerwise_backbone_sweep_v1_intphys2__backbone_sweep__jepa_v2_1__vitb_384__linear__layer_3"",""probe.wandb.name=intphys2__backbone_sweep__jepa_v2_1__vitb_384__linear__layer_3__seed_101"",""feature_cache.layer_ids=[3,6,9,12]""]",results/verified_layerwise_probe_configs.csv,48,50,9994443afa525558,VERIFIED_FULL,"{""batch_size"":32,""early_stopping"":{""enabled"":false,""patience"":5},""epochs"":50,""eval_batch_size"":1024,""feature_view"":""pooled"",""layer"":3,""lr"":0.00043664735929796326,""slot"":null,""weight_decay"":1.2856617791467908e-07}",different_backbone_ablation/other models/intphys2/linear/intphys2_probe_linear_jepa_v2_1_vitb_384_20260616T153555Z/layer_3/train/optuna_summary.json
intphys2__backbone_sweep__jepa_v2_1__vitb_384__linear__layer_3__seed_102,intphys2__backbone_sweep__jepa_v2_1__vitb_384__linear__layer_3,train_eval.probe.intphys2,IntPhys2,intphys2,backbone_sweep,V-JEPA 2.1,ViT-B/16,Linear,linear,102,42,jepa_v2_1,vitb_384,3,,3,pooled,0.00043664735929796326,1.2856617791467908e-07,32,1024,50,false,5,,,,,,,cpu,artifacts/probes/intphys2,seed_runs_layerwise_backbone_sweep_v1/intphys2__backbone_sweep__jepa_v2_1__vitb_384__linear__layer_3/seed_102,artifacts/results/intphys2,seed_runs_layerwise_backbone_sweep_v1/intphys2__backbone_sweep__jepa_v2_1__vitb_384__linear__layer_3/seed_102,seed_runs_layerwise_backbone_sweep_v1_intphys2__backbone_sweep__jepa_v2_1__vitb_384__linear__layer_3,intphys2__backbone_sweep__jepa_v2_1__vitb_384__linear__layer_3__seed_102,pending,,"[""seed=102"",""split.seed=42"",""backbone.name=jepa_v2_1"",""+backbone.kwargs.variant=vitb_384"",""probe.name=linear"",""probe.layer=3"",""probe.layers=[]"",""probe.feature_view=pooled"",""probe.device=cpu"",""probe.lr=0.00043664735929796326"",""probe.weight_decay=1.2856617791467908e-07"",""probe.batch_size=32"",""probe.eval_batch_size=1024"",""probe.epochs=50"",""probe.early_stopping.enabled=false"",""probe.early_stopping.patience=5"",""probe.optuna.enabled=false"",""probe.output_dir=artifacts/probes/intphys2"",""probe.output_subdir=seed_runs_layerwise_backbone_sweep_v1/intphys2__backbone_sweep__jepa_v2_1__vitb_384__linear__layer_3/seed_102"",""probe.eval_output_dir=artifacts/results/intphys2"",""probe.eval_output_subdir=seed_runs_layerwise_backbone_sweep_v1/intphys2__backbone_sweep__jepa_v2_1__vitb_384__linear__layer_3/seed_102"",""probe.wandb.group=seed_runs_layerwise_backbone_sweep_v1_intphys2__backbone_sweep__jepa_v2_1__vitb_384__linear__layer_3"",""probe.wandb.name=intphys2__backbone_sweep__jepa_v2_1__vitb_384__linear__layer_3__seed_102"",""feature_cache.layer_ids=[3,6,9,12]""]",results/verified_layerwise_probe_configs.csv,48,50,9994443afa525558,VERIFIED_FULL,"{""batch_size"":32,""early_stopping"":{""enabled"":false,""patience"":5},""epochs"":50,""eval_batch_size"":1024,""feature_view"":""pooled"",""layer"":3,""lr"":0.00043664735929796326,""slot"":null,""weight_decay"":1.2856617791467908e-07}",different_backbone_ablation/other models/intphys2/linear/intphys2_probe_linear_jepa_v2_1_vitb_384_20260616T153555Z/layer_3/train/optuna_summary.json
intphys2__backbone_sweep__jepa_v2_1__vitb_384__linear__layer_6__seed_101,intphys2__backbone_sweep__jepa_v2_1__vitb_384__linear__layer_6,train_eval.probe.intphys2,IntPhys2,intphys2,backbone_sweep,V-JEPA 2.1,ViT-B/16,Linear,linear,101,42,jepa_v2_1,vitb_384,6,,6,pooled,0.00023345864076016249,0.00051410966488057519,128,1024,1000,false,5,,,,,,,cpu,artifacts/probes/intphys2,seed_runs_layerwise_backbone_sweep_v1/intphys2__backbone_sweep__jepa_v2_1__vitb_384__linear__layer_6/seed_101,artifacts/results/intphys2,seed_runs_layerwise_backbone_sweep_v1/intphys2__backbone_sweep__jepa_v2_1__vitb_384__linear__layer_6/seed_101,seed_runs_layerwise_backbone_sweep_v1_intphys2__backbone_sweep__jepa_v2_1__vitb_384__linear__layer_6,intphys2__backbone_sweep__jepa_v2_1__vitb_384__linear__layer_6__seed_101,pending,,"[""seed=101"",""split.seed=42"",""backbone.name=jepa_v2_1"",""+backbone.kwargs.variant=vitb_384"",""probe.name=linear"",""probe.layer=6"",""probe.layers=[]"",""probe.feature_view=pooled"",""probe.device=cpu"",""probe.lr=0.00023345864076016249"",""probe.weight_decay=0.00051410966488057519"",""probe.batch_size=128"",""probe.eval_batch_size=1024"",""probe.epochs=1000"",""probe.early_stopping.enabled=false"",""probe.early_stopping.patience=5"",""probe.optuna.enabled=false"",""probe.output_dir=artifacts/probes/intphys2"",""probe.output_subdir=seed_runs_layerwise_backbone_sweep_v1/intphys2__backbone_sweep__jepa_v2_1__vitb_384__linear__layer_6/seed_101"",""probe.eval_output_dir=artifacts/results/intphys2"",""probe.eval_output_subdir=seed_runs_layerwise_backbone_sweep_v1/intphys2__backbone_sweep__jepa_v2_1__vitb_384__linear__layer_6/seed_101"",""probe.wandb.group=seed_runs_layerwise_backbone_sweep_v1_intphys2__backbone_sweep__jepa_v2_1__vitb_384__linear__layer_6"",""probe.wandb.name=intphys2__backbone_sweep__jepa_v2_1__vitb_384__linear__layer_6__seed_101"",""feature_cache.layer_ids=[3,6,9,12]""]",results/verified_layerwise_probe_configs.csv,49,51,d7376e6a8be227a9,VERIFIED_FULL,"{""batch_size"":128,""early_stopping"":{""enabled"":false,""patience"":5},""epochs"":1000,""eval_batch_size"":1024,""feature_view"":""pooled"",""layer"":6,""lr"":0.00023345864076016249,""slot"":null,""weight_decay"":0.0005141096648805752}",different_backbone_ablation/other models/intphys2/linear/intphys2_probe_linear_jepa_v2_1_vitb_384_20260616T153555Z/layer_6/train/optuna_summary.json
intphys2__backbone_sweep__jepa_v2_1__vitb_384__linear__layer_6__seed_102,intphys2__backbone_sweep__jepa_v2_1__vitb_384__linear__layer_6,train_eval.probe.intphys2,IntPhys2,intphys2,backbone_sweep,V-JEPA 2.1,ViT-B/16,Linear,linear,102,42,jepa_v2_1,vitb_384,6,,6,pooled,0.00023345864076016249,0.00051410966488057519,128,1024,1000,false,5,,,,,,,cpu,artifacts/probes/intphys2,seed_runs_layerwise_backbone_sweep_v1/intphys2__backbone_sweep__jepa_v2_1__vitb_384__linear__layer_6/seed_102,artifacts/results/intphys2,seed_runs_layerwise_backbone_sweep_v1/intphys2__backbone_sweep__jepa_v2_1__vitb_384__linear__layer_6/seed_102,seed_runs_layerwise_backbone_sweep_v1_intphys2__backbone_sweep__jepa_v2_1__vitb_384__linear__layer_6,intphys2__backbone_sweep__jepa_v2_1__vitb_384__linear__layer_6__seed_102,pending,,"[""seed=102"",""split.seed=42"",""backbone.name=jepa_v2_1"",""+backbone.kwargs.variant=vitb_384"",""probe.name=linear"",""probe.layer=6"",""probe.layers=[]"",""probe.feature_view=pooled"",""probe.device=cpu"",""probe.lr=0.00023345864076016249"",""probe.weight_decay=0.00051410966488057519"",""probe.batch_size=128"",""probe.eval_batch_size=1024"",""probe.epochs=1000"",""probe.early_stopping.enabled=false"",""probe.early_stopping.patience=5"",""probe.optuna.enabled=false"",""probe.output_dir=artifacts/probes/intphys2"",""probe.output_subdir=seed_runs_layerwise_backbone_sweep_v1/intphys2__backbone_sweep__jepa_v2_1__vitb_384__linear__layer_6/seed_102"",""probe.eval_output_dir=artifacts/results/intphys2"",""probe.eval_output_subdir=seed_runs_layerwise_backbone_sweep_v1/intphys2__backbone_sweep__jepa_v2_1__vitb_384__linear__layer_6/seed_102"",""probe.wandb.group=seed_runs_layerwise_backbone_sweep_v1_intphys2__backbone_sweep__jepa_v2_1__vitb_384__linear__layer_6"",""probe.wandb.name=intphys2__backbone_sweep__jepa_v2_1__vitb_384__linear__layer_6__seed_102"",""feature_cache.layer_ids=[3,6,9,12]""]",results/verified_layerwise_probe_configs.csv,49,51,d7376e6a8be227a9,VERIFIED_FULL,"{""batch_size"":128,""early_stopping"":{""enabled"":false,""patience"":5},""epochs"":1000,""eval_batch_size"":1024,""feature_view"":""pooled"",""layer"":6,""lr"":0.00023345864076016249,""slot"":null,""weight_decay"":0.0005141096648805752}",different_backbone_ablation/other models/intphys2/linear/intphys2_probe_linear_jepa_v2_1_vitb_384_20260616T153555Z/layer_6/train/optuna_summary.json
intphys2__backbone_sweep__jepa_v2_1__vitb_384__linear__layer_9__seed_101,intphys2__backbone_sweep__jepa_v2_1__vitb_384__linear__layer_9,train_eval.probe.intphys2,IntPhys2,intphys2,backbone_sweep,V-JEPA 2.1,ViT-B/16,Linear,linear,101,42,jepa_v2_1,vitb_384,9,,9,pooled,0.0094290640517674697,3.4454266473096603e-06,64,1024,20,false,5,,,,,,,cpu,artifacts/probes/intphys2,seed_runs_layerwise_backbone_sweep_v1/intphys2__backbone_sweep__jepa_v2_1__vitb_384__linear__layer_9/seed_101,artifacts/results/intphys2,seed_runs_layerwise_backbone_sweep_v1/intphys2__backbone_sweep__jepa_v2_1__vitb_384__linear__layer_9/seed_101,seed_runs_layerwise_backbone_sweep_v1_intphys2__backbone_sweep__jepa_v2_1__vitb_384__linear__layer_9,intphys2__backbone_sweep__jepa_v2_1__vitb_384__linear__layer_9__seed_101,pending,,"[""seed=101"",""split.seed=42"",""backbone.name=jepa_v2_1"",""+backbone.kwargs.variant=vitb_384"",""probe.name=linear"",""probe.layer=9"",""probe.layers=[]"",""probe.feature_view=pooled"",""probe.device=cpu"",""probe.lr=0.0094290640517674697"",""probe.weight_decay=3.4454266473096603e-06"",""probe.batch_size=64"",""probe.eval_batch_size=1024"",""probe.epochs=20"",""probe.early_stopping.enabled=false"",""probe.early_stopping.patience=5"",""probe.optuna.enabled=false"",""probe.output_dir=artifacts/probes/intphys2"",""probe.output_subdir=seed_runs_layerwise_backbone_sweep_v1/intphys2__backbone_sweep__jepa_v2_1__vitb_384__linear__layer_9/seed_101"",""probe.eval_output_dir=artifacts/results/intphys2"",""probe.eval_output_subdir=seed_runs_layerwise_backbone_sweep_v1/intphys2__backbone_sweep__jepa_v2_1__vitb_384__linear__layer_9/seed_101"",""probe.wandb.group=seed_runs_layerwise_backbone_sweep_v1_intphys2__backbone_sweep__jepa_v2_1__vitb_384__linear__layer_9"",""probe.wandb.name=intphys2__backbone_sweep__jepa_v2_1__vitb_384__linear__layer_9__seed_101"",""feature_cache.layer_ids=[3,6,9,12]""]",results/verified_layerwise_probe_configs.csv,50,52,0f3cd0cc10fb2ef1,VERIFIED_FULL,"{""batch_size"":64,""early_stopping"":{""enabled"":false,""patience"":5},""epochs"":20,""eval_batch_size"":1024,""feature_view"":""pooled"",""layer"":9,""lr"":0.00942906405176747,""slot"":null,""weight_decay"":3.4454266473096603e-06}",different_backbone_ablation/other models/intphys2/linear/intphys2_probe_linear_jepa_v2_1_vitb_384_20260616T153555Z/layer_9/train/optuna_summary.json
intphys2__backbone_sweep__jepa_v2_1__vitb_384__linear__layer_9__seed_102,intphys2__backbone_sweep__jepa_v2_1__vitb_384__linear__layer_9,train_eval.probe.intphys2,IntPhys2,intphys2,backbone_sweep,V-JEPA 2.1,ViT-B/16,Linear,linear,102,42,jepa_v2_1,vitb_384,9,,9,pooled,0.0094290640517674697,3.4454266473096603e-06,64,1024,20,false,5,,,,,,,cpu,artifacts/probes/intphys2,seed_runs_layerwise_backbone_sweep_v1/intphys2__backbone_sweep__jepa_v2_1__vitb_384__linear__layer_9/seed_102,artifacts/results/intphys2,seed_runs_layerwise_backbone_sweep_v1/intphys2__backbone_sweep__jepa_v2_1__vitb_384__linear__layer_9/seed_102,seed_runs_layerwise_backbone_sweep_v1_intphys2__backbone_sweep__jepa_v2_1__vitb_384__linear__layer_9,intphys2__backbone_sweep__jepa_v2_1__vitb_384__linear__layer_9__seed_102,pending,,"[""seed=102"",""split.seed=42"",""backbone.name=jepa_v2_1"",""+backbone.kwargs.variant=vitb_384"",""probe.name=linear"",""probe.layer=9"",""probe.layers=[]"",""probe.feature_view=pooled"",""probe.device=cpu"",""probe.lr=0.0094290640517674697"",""probe.weight_decay=3.4454266473096603e-06"",""probe.batch_size=64"",""probe.eval_batch_size=1024"",""probe.epochs=20"",""probe.early_stopping.enabled=false"",""probe.early_stopping.patience=5"",""probe.optuna.enabled=false"",""probe.output_dir=artifacts/probes/intphys2"",""probe.output_subdir=seed_runs_layerwise_backbone_sweep_v1/intphys2__backbone_sweep__jepa_v2_1__vitb_384__linear__layer_9/seed_102"",""probe.eval_output_dir=artifacts/results/intphys2"",""probe.eval_output_subdir=seed_runs_layerwise_backbone_sweep_v1/intphys2__backbone_sweep__jepa_v2_1__vitb_384__linear__layer_9/seed_102"",""probe.wandb.group=seed_runs_layerwise_backbone_sweep_v1_intphys2__backbone_sweep__jepa_v2_1__vitb_384__linear__layer_9"",""probe.wandb.name=intphys2__backbone_sweep__jepa_v2_1__vitb_384__linear__layer_9__seed_102"",""feature_cache.layer_ids=[3,6,9,12]""]",results/verified_layerwise_probe_configs.csv,50,52,0f3cd0cc10fb2ef1,VERIFIED_FULL,"{""batch_size"":64,""early_stopping"":{""enabled"":false,""patience"":5},""epochs"":20,""eval_batch_size"":1024,""feature_view"":""pooled"",""layer"":9,""lr"":0.00942906405176747,""slot"":null,""weight_decay"":3.4454266473096603e-06}",different_backbone_ablation/other models/intphys2/linear/intphys2_probe_linear_jepa_v2_1_vitb_384_20260616T153555Z/layer_9/train/optuna_summary.json
intphys2__backbone_sweep__jepa_v2_1__vitb_384__linear__layer_12__seed_101,intphys2__backbone_sweep__jepa_v2_1__vitb_384__linear__layer_12,train_eval.probe.intphys2,IntPhys2,intphys2,backbone_sweep,V-JEPA 2.1,ViT-B/16,Linear,linear,101,42,jepa_v2_1,vitb_384,12,,12,pooled,0.00013292918943162159,0.0050615768887523043,32,1024,2000,false,5,,,,,,,cpu,artifacts/probes/intphys2,seed_runs_layerwise_backbone_sweep_v1/intphys2__backbone_sweep__jepa_v2_1__vitb_384__linear__layer_12/seed_101,artifacts/results/intphys2,seed_runs_layerwise_backbone_sweep_v1/intphys2__backbone_sweep__jepa_v2_1__vitb_384__linear__layer_12/seed_101,seed_runs_layerwise_backbone_sweep_v1_intphys2__backbone_sweep__jepa_v2_1__vitb_384__linear__layer_12,intphys2__backbone_sweep__jepa_v2_1__vitb_384__linear__layer_12__seed_101,pending,,"[""seed=101"",""split.seed=42"",""backbone.name=jepa_v2_1"",""+backbone.kwargs.variant=vitb_384"",""probe.name=linear"",""probe.layer=12"",""probe.layers=[]"",""probe.feature_view=pooled"",""probe.device=cpu"",""probe.lr=0.00013292918943162159"",""probe.weight_decay=0.0050615768887523043"",""probe.batch_size=32"",""probe.eval_batch_size=1024"",""probe.epochs=2000"",""probe.early_stopping.enabled=false"",""probe.early_stopping.patience=5"",""probe.optuna.enabled=false"",""probe.output_dir=artifacts/probes/intphys2"",""probe.output_subdir=seed_runs_layerwise_backbone_sweep_v1/intphys2__backbone_sweep__jepa_v2_1__vitb_384__linear__layer_12/seed_101"",""probe.eval_output_dir=artifacts/results/intphys2"",""probe.eval_output_subdir=seed_runs_layerwise_backbone_sweep_v1/intphys2__backbone_sweep__jepa_v2_1__vitb_384__linear__layer_12/seed_101"",""probe.wandb.group=seed_runs_layerwise_backbone_sweep_v1_intphys2__backbone_sweep__jepa_v2_1__vitb_384__linear__layer_12"",""probe.wandb.name=intphys2__backbone_sweep__jepa_v2_1__vitb_384__linear__layer_12__seed_101"",""feature_cache.layer_ids=[3,6,9,12]""]",results/verified_layerwise_probe_configs.csv,51,53,2611cec37516eb4c,VERIFIED_FULL,"{""batch_size"":32,""early_stopping"":{""enabled"":false,""patience"":5},""epochs"":2000,""eval_batch_size"":1024,""feature_view"":""pooled"",""layer"":12,""lr"":0.0001329291894316216,""slot"":null,""weight_decay"":0.005061576888752304}",different_backbone_ablation/other models/intphys2/linear/intphys2_probe_linear_jepa_v2_1_vitb_384_20260616T153555Z/layer_12/train/optuna_summary.json
intphys2__backbone_sweep__jepa_v2_1__vitb_384__linear__layer_12__seed_102,intphys2__backbone_sweep__jepa_v2_1__vitb_384__linear__layer_12,train_eval.probe.intphys2,IntPhys2,intphys2,backbone_sweep,V-JEPA 2.1,ViT-B/16,Linear,linear,102,42,jepa_v2_1,vitb_384,12,,12,pooled,0.00013292918943162159,0.0050615768887523043,32,1024,2000,false,5,,,,,,,cpu,artifacts/probes/intphys2,seed_runs_layerwise_backbone_sweep_v1/intphys2__backbone_sweep__jepa_v2_1__vitb_384__linear__layer_12/seed_102,artifacts/results/intphys2,seed_runs_layerwise_backbone_sweep_v1/intphys2__backbone_sweep__jepa_v2_1__vitb_384__linear__layer_12/seed_102,seed_runs_layerwise_backbone_sweep_v1_intphys2__backbone_sweep__jepa_v2_1__vitb_384__linear__layer_12,intphys2__backbone_sweep__jepa_v2_1__vitb_384__linear__layer_12__seed_102,pending,,"[""seed=102"",""split.seed=42"",""backbone.name=jepa_v2_1"",""+backbone.kwargs.variant=vitb_384"",""probe.name=linear"",""probe.layer=12"",""probe.layers=[]"",""probe.feature_view=pooled"",""probe.device=cpu"",""probe.lr=0.00013292918943162159"",""probe.weight_decay=0.0050615768887523043"",""probe.batch_size=32"",""probe.eval_batch_size=1024"",""probe.epochs=2000"",""probe.early_stopping.enabled=false"",""probe.early_stopping.patience=5"",""probe.optuna.enabled=false"",""probe.output_dir=artifacts/probes/intphys2"",""probe.output_subdir=seed_runs_layerwise_backbone_sweep_v1/intphys2__backbone_sweep__jepa_v2_1__vitb_384__linear__layer_12/seed_102"",""probe.eval_output_dir=artifacts/results/intphys2"",""probe.eval_output_subdir=seed_runs_layerwise_backbone_sweep_v1/intphys2__backbone_sweep__jepa_v2_1__vitb_384__linear__layer_12/seed_102"",""probe.wandb.group=seed_runs_layerwise_backbone_sweep_v1_intphys2__backbone_sweep__jepa_v2_1__vitb_384__linear__layer_12"",""probe.wandb.name=intphys2__backbone_sweep__jepa_v2_1__vitb_384__linear__layer_12__seed_102"",""feature_cache.layer_ids=[3,6,9,12]""]",results/verified_layerwise_probe_configs.csv,51,53,2611cec37516eb4c,VERIFIED_FULL,"{""batch_size"":32,""early_stopping"":{""enabled"":false,""patience"":5},""epochs"":2000,""eval_batch_size"":1024,""feature_view"":""pooled"",""layer"":12,""lr"":0.0001329291894316216,""slot"":null,""weight_decay"":0.005061576888752304}",different_backbone_ablation/other models/intphys2/linear/intphys2_probe_linear_jepa_v2_1_vitb_384_20260616T153555Z/layer_12/train/optuna_summary.json
intphys2__backbone_sweep__jepa_v2_1__vitb_384__mlp__layer_3__seed_101,intphys2__backbone_sweep__jepa_v2_1__vitb_384__mlp__layer_3,train_eval.probe.intphys2,IntPhys2,intphys2,backbone_sweep,V-JEPA 2.1,ViT-B/16,MLP,mlp,101,42,jepa_v2_1,vitb_384,3,,3,pooled,0.00013292918943162159,0.0050615768887523043,32,1024,2000,false,5,[256],0.21597250932105788,,,,,cpu,artifacts/probes/intphys2,seed_runs_layerwise_backbone_sweep_v1/intphys2__backbone_sweep__jepa_v2_1__vitb_384__mlp__layer_3/seed_101,artifacts/results/intphys2,seed_runs_layerwise_backbone_sweep_v1/intphys2__backbone_sweep__jepa_v2_1__vitb_384__mlp__layer_3/seed_101,seed_runs_layerwise_backbone_sweep_v1_intphys2__backbone_sweep__jepa_v2_1__vitb_384__mlp__layer_3,intphys2__backbone_sweep__jepa_v2_1__vitb_384__mlp__layer_3__seed_101,pending,,"[""seed=101"",""split.seed=42"",""backbone.name=jepa_v2_1"",""+backbone.kwargs.variant=vitb_384"",""probe.name=mlp"",""probe.layer=3"",""probe.layers=[]"",""probe.feature_view=pooled"",""probe.device=cpu"",""probe.lr=0.00013292918943162159"",""probe.weight_decay=0.0050615768887523043"",""probe.batch_size=32"",""probe.eval_batch_size=1024"",""probe.epochs=2000"",""probe.early_stopping.enabled=false"",""probe.early_stopping.patience=5"",""probe.optuna.enabled=false"",""probe.output_dir=artifacts/probes/intphys2"",""probe.output_subdir=seed_runs_layerwise_backbone_sweep_v1/intphys2__backbone_sweep__jepa_v2_1__vitb_384__mlp__layer_3/seed_101"",""probe.eval_output_dir=artifacts/results/intphys2"",""probe.eval_output_subdir=seed_runs_layerwise_backbone_sweep_v1/intphys2__backbone_sweep__jepa_v2_1__vitb_384__mlp__layer_3/seed_101"",""probe.wandb.group=seed_runs_layerwise_backbone_sweep_v1_intphys2__backbone_sweep__jepa_v2_1__vitb_384__mlp__layer_3"",""probe.wandb.name=intphys2__backbone_sweep__jepa_v2_1__vitb_384__mlp__layer_3__seed_101"",""probe.mlp.hidden_dims=[256]"",""probe.mlp.dropout=0.21597250932105788"",""feature_cache.layer_ids=[3,6,9,12]""]",results/verified_layerwise_probe_configs.csv,52,54,5ed0b0b7ae3e23f1,VERIFIED_FULL,"{""batch_size"":32,""dropout"":0.21597250932105788,""early_stopping"":{""enabled"":false,""patience"":5},""epochs"":2000,""eval_batch_size"":1024,""feature_view"":""pooled"",""hidden_dims"":[256],""layer"":3,""lr"":0.0001329291894316216,""slot"":null,""weight_decay"":0.005061576888752304}",different_backbone_ablation/other models/intphys2/mlp/intphys2_probe_mlp_jepa_v2_1_vitb_384_20260616T210053Z/layer_3/train/optuna_summary.json
intphys2__backbone_sweep__jepa_v2_1__vitb_384__mlp__layer_3__seed_102,intphys2__backbone_sweep__jepa_v2_1__vitb_384__mlp__layer_3,train_eval.probe.intphys2,IntPhys2,intphys2,backbone_sweep,V-JEPA 2.1,ViT-B/16,MLP,mlp,102,42,jepa_v2_1,vitb_384,3,,3,pooled,0.00013292918943162159,0.0050615768887523043,32,1024,2000,false,5,[256],0.21597250932105788,,,,,cpu,artifacts/probes/intphys2,seed_runs_layerwise_backbone_sweep_v1/intphys2__backbone_sweep__jepa_v2_1__vitb_384__mlp__layer_3/seed_102,artifacts/results/intphys2,seed_runs_layerwise_backbone_sweep_v1/intphys2__backbone_sweep__jepa_v2_1__vitb_384__mlp__layer_3/seed_102,seed_runs_layerwise_backbone_sweep_v1_intphys2__backbone_sweep__jepa_v2_1__vitb_384__mlp__layer_3,intphys2__backbone_sweep__jepa_v2_1__vitb_384__mlp__layer_3__seed_102,pending,,"[""seed=102"",""split.seed=42"",""backbone.name=jepa_v2_1"",""+backbone.kwargs.variant=vitb_384"",""probe.name=mlp"",""probe.layer=3"",""probe.layers=[]"",""probe.feature_view=pooled"",""probe.device=cpu"",""probe.lr=0.00013292918943162159"",""probe.weight_decay=0.0050615768887523043"",""probe.batch_size=32"",""probe.eval_batch_size=1024"",""probe.epochs=2000"",""probe.early_stopping.enabled=false"",""probe.early_stopping.patience=5"",""probe.optuna.enabled=false"",""probe.output_dir=artifacts/probes/intphys2"",""probe.output_subdir=seed_runs_layerwise_backbone_sweep_v1/intphys2__backbone_sweep__jepa_v2_1__vitb_384__mlp__layer_3/seed_102"",""probe.eval_output_dir=artifacts/results/intphys2"",""probe.eval_output_subdir=seed_runs_layerwise_backbone_sweep_v1/intphys2__backbone_sweep__jepa_v2_1__vitb_384__mlp__layer_3/seed_102"",""probe.wandb.group=seed_runs_layerwise_backbone_sweep_v1_intphys2__backbone_sweep__jepa_v2_1__vitb_384__mlp__layer_3"",""probe.wandb.name=intphys2__backbone_sweep__jepa_v2_1__vitb_384__mlp__layer_3__seed_102"",""probe.mlp.hidden_dims=[256]"",""probe.mlp.dropout=0.21597250932105788"",""feature_cache.layer_ids=[3,6,9,12]""]",results/verified_layerwise_probe_configs.csv,52,54,5ed0b0b7ae3e23f1,VERIFIED_FULL,"{""batch_size"":32,""dropout"":0.21597250932105788,""early_stopping"":{""enabled"":false,""patience"":5},""epochs"":2000,""eval_batch_size"":1024,""feature_view"":""pooled"",""hidden_dims"":[256],""layer"":3,""lr"":0.0001329291894316216,""slot"":null,""weight_decay"":0.005061576888752304}",different_backbone_ablation/other models/intphys2/mlp/intphys2_probe_mlp_jepa_v2_1_vitb_384_20260616T210053Z/layer_3/train/optuna_summary.json
intphys2__backbone_sweep__jepa_v2_1__vitb_384__mlp__layer_6__seed_101,intphys2__backbone_sweep__jepa_v2_1__vitb_384__mlp__layer_6,train_eval.probe.intphys2,IntPhys2,intphys2,backbone_sweep,V-JEPA 2.1,ViT-B/16,MLP,mlp,101,42,jepa_v2_1,vitb_384,6,,6,pooled,0.00085508629844133048,5.4014751808036302e-07,64,1024,50,false,5,[512],0.10892679191816865,,,,,cpu,artifacts/probes/intphys2,seed_runs_layerwise_backbone_sweep_v1/intphys2__backbone_sweep__jepa_v2_1__vitb_384__mlp__layer_6/seed_101,artifacts/results/intphys2,seed_runs_layerwise_backbone_sweep_v1/intphys2__backbone_sweep__jepa_v2_1__vitb_384__mlp__layer_6/seed_101,seed_runs_layerwise_backbone_sweep_v1_intphys2__backbone_sweep__jepa_v2_1__vitb_384__mlp__layer_6,intphys2__backbone_sweep__jepa_v2_1__vitb_384__mlp__layer_6__seed_101,pending,,"[""seed=101"",""split.seed=42"",""backbone.name=jepa_v2_1"",""+backbone.kwargs.variant=vitb_384"",""probe.name=mlp"",""probe.layer=6"",""probe.layers=[]"",""probe.feature_view=pooled"",""probe.device=cpu"",""probe.lr=0.00085508629844133048"",""probe.weight_decay=5.4014751808036302e-07"",""probe.batch_size=64"",""probe.eval_batch_size=1024"",""probe.epochs=50"",""probe.early_stopping.enabled=false"",""probe.early_stopping.patience=5"",""probe.optuna.enabled=false"",""probe.output_dir=artifacts/probes/intphys2"",""probe.output_subdir=seed_runs_layerwise_backbone_sweep_v1/intphys2__backbone_sweep__jepa_v2_1__vitb_384__mlp__layer_6/seed_101"",""probe.eval_output_dir=artifacts/results/intphys2"",""probe.eval_output_subdir=seed_runs_layerwise_backbone_sweep_v1/intphys2__backbone_sweep__jepa_v2_1__vitb_384__mlp__layer_6/seed_101"",""probe.wandb.group=seed_runs_layerwise_backbone_sweep_v1_intphys2__backbone_sweep__jepa_v2_1__vitb_384__mlp__layer_6"",""probe.wandb.name=intphys2__backbone_sweep__jepa_v2_1__vitb_384__mlp__layer_6__seed_101"",""probe.mlp.hidden_dims=[512]"",""probe.mlp.dropout=0.10892679191816865"",""feature_cache.layer_ids=[3,6,9,12]""]",results/verified_layerwise_probe_configs.csv,53,55,fac7d41affbf27b9,VERIFIED_FULL,"{""batch_size"":64,""dropout"":0.10892679191816865,""early_stopping"":{""enabled"":false,""patience"":5},""epochs"":50,""eval_batch_size"":1024,""feature_view"":""pooled"",""hidden_dims"":[512],""layer"":6,""lr"":0.0008550862984413305,""slot"":null,""weight_decay"":5.40147518080363e-07}",different_backbone_ablation/other models/intphys2/mlp/intphys2_probe_mlp_jepa_v2_1_vitb_384_20260616T210053Z/layer_6/train/optuna_summary.json
intphys2__backbone_sweep__jepa_v2_1__vitb_384__mlp__layer_6__seed_102,intphys2__backbone_sweep__jepa_v2_1__vitb_384__mlp__layer_6,train_eval.probe.intphys2,IntPhys2,intphys2,backbone_sweep,V-JEPA 2.1,ViT-B/16,MLP,mlp,102,42,jepa_v2_1,vitb_384,6,,6,pooled,0.00085508629844133048,5.4014751808036302e-07,64,1024,50,false,5,[512],0.10892679191816865,,,,,cpu,artifacts/probes/intphys2,seed_runs_layerwise_backbone_sweep_v1/intphys2__backbone_sweep__jepa_v2_1__vitb_384__mlp__layer_6/seed_102,artifacts/results/intphys2,seed_runs_layerwise_backbone_sweep_v1/intphys2__backbone_sweep__jepa_v2_1__vitb_384__mlp__layer_6/seed_102,seed_runs_layerwise_backbone_sweep_v1_intphys2__backbone_sweep__jepa_v2_1__vitb_384__mlp__layer_6,intphys2__backbone_sweep__jepa_v2_1__vitb_384__mlp__layer_6__seed_102,pending,,"[""seed=102"",""split.seed=42"",""backbone.name=jepa_v2_1"",""+backbone.kwargs.variant=vitb_384"",""probe.name=mlp"",""probe.layer=6"",""probe.layers=[]"",""probe.feature_view=pooled"",""probe.device=cpu"",""probe.lr=0.00085508629844133048"",""probe.weight_decay=5.4014751808036302e-07"",""probe.batch_size=64"",""probe.eval_batch_size=1024"",""probe.epochs=50"",""probe.early_stopping.enabled=false"",""probe.early_stopping.patience=5"",""probe.optuna.enabled=false"",""probe.output_dir=artifacts/probes/intphys2"",""probe.output_subdir=seed_runs_layerwise_backbone_sweep_v1/intphys2__backbone_sweep__jepa_v2_1__vitb_384__mlp__layer_6/seed_102"",""probe.eval_output_dir=artifacts/results/intphys2"",""probe.eval_output_subdir=seed_runs_layerwise_backbone_sweep_v1/intphys2__backbone_sweep__jepa_v2_1__vitb_384__mlp__layer_6/seed_102"",""probe.wandb.group=seed_runs_layerwise_backbone_sweep_v1_intphys2__backbone_sweep__jepa_v2_1__vitb_384__mlp__layer_6"",""probe.wandb.name=intphys2__backbone_sweep__jepa_v2_1__vitb_384__mlp__layer_6__seed_102"",""probe.mlp.hidden_dims=[512]"",""probe.mlp.dropout=0.10892679191816865"",""feature_cache.layer_ids=[3,6,9,12]""]",results/verified_layerwise_probe_configs.csv,53,55,fac7d41affbf27b9,VERIFIED_FULL,"{""batch_size"":64,""dropout"":0.10892679191816865,""early_stopping"":{""enabled"":false,""patience"":5},""epochs"":50,""eval_batch_size"":1024,""feature_view"":""pooled"",""hidden_dims"":[512],""layer"":6,""lr"":0.0008550862984413305,""slot"":null,""weight_decay"":5.40147518080363e-07}",different_backbone_ablation/other models/intphys2/mlp/intphys2_probe_mlp_jepa_v2_1_vitb_384_20260616T210053Z/layer_6/train/optuna_summary.json
intphys2__backbone_sweep__jepa_v2_1__vitb_384__mlp__layer_9__seed_101,intphys2__backbone_sweep__jepa_v2_1__vitb_384__mlp__layer_9,train_eval.probe.intphys2,IntPhys2,intphys2,backbone_sweep,V-JEPA 2.1,ViT-B/16,MLP,mlp,101,42,jepa_v2_1,vitb_384,9,,9,pooled,0.00062272530813235977,0.0074617492378959548,64,1024,2000,false,5,[256],0.0020352585611516788,,,,,cpu,artifacts/probes/intphys2,seed_runs_layerwise_backbone_sweep_v1/intphys2__backbone_sweep__jepa_v2_1__vitb_384__mlp__layer_9/seed_101,artifacts/results/intphys2,seed_runs_layerwise_backbone_sweep_v1/intphys2__backbone_sweep__jepa_v2_1__vitb_384__mlp__layer_9/seed_101,seed_runs_layerwise_backbone_sweep_v1_intphys2__backbone_sweep__jepa_v2_1__vitb_384__mlp__layer_9,intphys2__backbone_sweep__jepa_v2_1__vitb_384__mlp__layer_9__seed_101,pending,,"[""seed=101"",""split.seed=42"",""backbone.name=jepa_v2_1"",""+backbone.kwargs.variant=vitb_384"",""probe.name=mlp"",""probe.layer=9"",""probe.layers=[]"",""probe.feature_view=pooled"",""probe.device=cpu"",""probe.lr=0.00062272530813235977"",""probe.weight_decay=0.0074617492378959548"",""probe.batch_size=64"",""probe.eval_batch_size=1024"",""probe.epochs=2000"",""probe.early_stopping.enabled=false"",""probe.early_stopping.patience=5"",""probe.optuna.enabled=false"",""probe.output_dir=artifacts/probes/intphys2"",""probe.output_subdir=seed_runs_layerwise_backbone_sweep_v1/intphys2__backbone_sweep__jepa_v2_1__vitb_384__mlp__layer_9/seed_101"",""probe.eval_output_dir=artifacts/results/intphys2"",""probe.eval_output_subdir=seed_runs_layerwise_backbone_sweep_v1/intphys2__backbone_sweep__jepa_v2_1__vitb_384__mlp__layer_9/seed_101"",""probe.wandb.group=seed_runs_layerwise_backbone_sweep_v1_intphys2__backbone_sweep__jepa_v2_1__vitb_384__mlp__layer_9"",""probe.wandb.name=intphys2__backbone_sweep__jepa_v2_1__vitb_384__mlp__layer_9__seed_101"",""probe.mlp.hidden_dims=[256]"",""probe.mlp.dropout=0.0020352585611516788"",""feature_cache.layer_ids=[3,6,9,12]""]",results/verified_layerwise_probe_configs.csv,54,56,a706d8e90b0746c8,VERIFIED_FULL,"{""batch_size"":64,""dropout"":0.002035258561151679,""early_stopping"":{""enabled"":false,""patience"":5},""epochs"":2000,""eval_batch_size"":1024,""feature_view"":""pooled"",""hidden_dims"":[256],""layer"":9,""lr"":0.0006227253081323598,""slot"":null,""weight_decay"":0.007461749237895955}",different_backbone_ablation/other models/intphys2/mlp/intphys2_probe_mlp_jepa_v2_1_vitb_384_20260616T210053Z/layer_9/train/optuna_summary.json
intphys2__backbone_sweep__jepa_v2_1__vitb_384__mlp__layer_9__seed_102,intphys2__backbone_sweep__jepa_v2_1__vitb_384__mlp__layer_9,train_eval.probe.intphys2,IntPhys2,intphys2,backbone_sweep,V-JEPA 2.1,ViT-B/16,MLP,mlp,102,42,jepa_v2_1,vitb_384,9,,9,pooled,0.00062272530813235977,0.0074617492378959548,64,1024,2000,false,5,[256],0.0020352585611516788,,,,,cpu,artifacts/probes/intphys2,seed_runs_layerwise_backbone_sweep_v1/intphys2__backbone_sweep__jepa_v2_1__vitb_384__mlp__layer_9/seed_102,artifacts/results/intphys2,seed_runs_layerwise_backbone_sweep_v1/intphys2__backbone_sweep__jepa_v2_1__vitb_384__mlp__layer_9/seed_102,seed_runs_layerwise_backbone_sweep_v1_intphys2__backbone_sweep__jepa_v2_1__vitb_384__mlp__layer_9,intphys2__backbone_sweep__jepa_v2_1__vitb_384__mlp__layer_9__seed_102,pending,,"[""seed=102"",""split.seed=42"",""backbone.name=jepa_v2_1"",""+backbone.kwargs.variant=vitb_384"",""probe.name=mlp"",""probe.layer=9"",""probe.layers=[]"",""probe.feature_view=pooled"",""probe.device=cpu"",""probe.lr=0.00062272530813235977"",""probe.weight_decay=0.0074617492378959548"",""probe.batch_size=64"",""probe.eval_batch_size=1024"",""probe.epochs=2000"",""probe.early_stopping.enabled=false"",""probe.early_stopping.patience=5"",""probe.optuna.enabled=false"",""probe.output_dir=artifacts/probes/intphys2"",""probe.output_subdir=seed_runs_layerwise_backbone_sweep_v1/intphys2__backbone_sweep__jepa_v2_1__vitb_384__mlp__layer_9/seed_102"",""probe.eval_output_dir=artifacts/results/intphys2"",""probe.eval_output_subdir=seed_runs_layerwise_backbone_sweep_v1/intphys2__backbone_sweep__jepa_v2_1__vitb_384__mlp__layer_9/seed_102"",""probe.wandb.group=seed_runs_layerwise_backbone_sweep_v1_intphys2__backbone_sweep__jepa_v2_1__vitb_384__mlp__layer_9"",""probe.wandb.name=intphys2__backbone_sweep__jepa_v2_1__vitb_384__mlp__layer_9__seed_102"",""probe.mlp.hidden_dims=[256]"",""probe.mlp.dropout=0.0020352585611516788"",""feature_cache.layer_ids=[3,6,9,12]""]",results/verified_layerwise_probe_configs.csv,54,56,a706d8e90b0746c8,VERIFIED_FULL,"{""batch_size"":64,""dropout"":0.002035258561151679,""early_stopping"":{""enabled"":false,""patience"":5},""epochs"":2000,""eval_batch_size"":1024,""feature_view"":""pooled"",""hidden_dims"":[256],""layer"":9,""lr"":0.0006227253081323598,""slot"":null,""weight_decay"":0.007461749237895955}",different_backbone_ablation/other models/intphys2/mlp/intphys2_probe_mlp_jepa_v2_1_vitb_384_20260616T210053Z/layer_9/train/optuna_summary.json
intphys2__backbone_sweep__jepa_v2_1__vitb_384__mlp__layer_12__seed_101,intphys2__backbone_sweep__jepa_v2_1__vitb_384__mlp__layer_12,train_eval.probe.intphys2,IntPhys2,intphys2,backbone_sweep,V-JEPA 2.1,ViT-B/16,MLP,mlp,101,42,jepa_v2_1,vitb_384,12,,12,pooled,0.00013292918943162159,0.0050615768887523043,32,1024,2000,false,5,[256],0.21597250932105788,,,,,cpu,artifacts/probes/intphys2,seed_runs_layerwise_backbone_sweep_v1/intphys2__backbone_sweep__jepa_v2_1__vitb_384__mlp__layer_12/seed_101,artifacts/results/intphys2,seed_runs_layerwise_backbone_sweep_v1/intphys2__backbone_sweep__jepa_v2_1__vitb_384__mlp__layer_12/seed_101,seed_runs_layerwise_backbone_sweep_v1_intphys2__backbone_sweep__jepa_v2_1__vitb_384__mlp__layer_12,intphys2__backbone_sweep__jepa_v2_1__vitb_384__mlp__layer_12__seed_101,pending,,"[""seed=101"",""split.seed=42"",""backbone.name=jepa_v2_1"",""+backbone.kwargs.variant=vitb_384"",""probe.name=mlp"",""probe.layer=12"",""probe.layers=[]"",""probe.feature_view=pooled"",""probe.device=cpu"",""probe.lr=0.00013292918943162159"",""probe.weight_decay=0.0050615768887523043"",""probe.batch_size=32"",""probe.eval_batch_size=1024"",""probe.epochs=2000"",""probe.early_stopping.enabled=false"",""probe.early_stopping.patience=5"",""probe.optuna.enabled=false"",""probe.output_dir=artifacts/probes/intphys2"",""probe.output_subdir=seed_runs_layerwise_backbone_sweep_v1/intphys2__backbone_sweep__jepa_v2_1__vitb_384__mlp__layer_12/seed_101"",""probe.eval_output_dir=artifacts/results/intphys2"",""probe.eval_output_subdir=seed_runs_layerwise_backbone_sweep_v1/intphys2__backbone_sweep__jepa_v2_1__vitb_384__mlp__layer_12/seed_101"",""probe.wandb.group=seed_runs_layerwise_backbone_sweep_v1_intphys2__backbone_sweep__jepa_v2_1__vitb_384__mlp__layer_12"",""probe.wandb.name=intphys2__backbone_sweep__jepa_v2_1__vitb_384__mlp__layer_12__seed_101"",""probe.mlp.hidden_dims=[256]"",""probe.mlp.dropout=0.21597250932105788"",""feature_cache.layer_ids=[3,6,9,12]""]",results/verified_layerwise_probe_configs.csv,55,57,aeb2bb6a790348f0,VERIFIED_FULL,"{""batch_size"":32,""dropout"":0.21597250932105788,""early_stopping"":{""enabled"":false,""patience"":5},""epochs"":2000,""eval_batch_size"":1024,""feature_view"":""pooled"",""hidden_dims"":[256],""layer"":12,""lr"":0.0001329291894316216,""slot"":null,""weight_decay"":0.005061576888752304}",different_backbone_ablation/other models/intphys2/mlp/intphys2_probe_mlp_jepa_v2_1_vitb_384_20260616T210053Z/layer_12/train/optuna_summary.json
intphys2__backbone_sweep__jepa_v2_1__vitb_384__mlp__layer_12__seed_102,intphys2__backbone_sweep__jepa_v2_1__vitb_384__mlp__layer_12,train_eval.probe.intphys2,IntPhys2,intphys2,backbone_sweep,V-JEPA 2.1,ViT-B/16,MLP,mlp,102,42,jepa_v2_1,vitb_384,12,,12,pooled,0.00013292918943162159,0.0050615768887523043,32,1024,2000,false,5,[256],0.21597250932105788,,,,,cpu,artifacts/probes/intphys2,seed_runs_layerwise_backbone_sweep_v1/intphys2__backbone_sweep__jepa_v2_1__vitb_384__mlp__layer_12/seed_102,artifacts/results/intphys2,seed_runs_layerwise_backbone_sweep_v1/intphys2__backbone_sweep__jepa_v2_1__vitb_384__mlp__layer_12/seed_102,seed_runs_layerwise_backbone_sweep_v1_intphys2__backbone_sweep__jepa_v2_1__vitb_384__mlp__layer_12,intphys2__backbone_sweep__jepa_v2_1__vitb_384__mlp__layer_12__seed_102,pending,,"[""seed=102"",""split.seed=42"",""backbone.name=jepa_v2_1"",""+backbone.kwargs.variant=vitb_384"",""probe.name=mlp"",""probe.layer=12"",""probe.layers=[]"",""probe.feature_view=pooled"",""probe.device=cpu"",""probe.lr=0.00013292918943162159"",""probe.weight_decay=0.0050615768887523043"",""probe.batch_size=32"",""probe.eval_batch_size=1024"",""probe.epochs=2000"",""probe.early_stopping.enabled=false"",""probe.early_stopping.patience=5"",""probe.optuna.enabled=false"",""probe.output_dir=artifacts/probes/intphys2"",""probe.output_subdir=seed_runs_layerwise_backbone_sweep_v1/intphys2__backbone_sweep__jepa_v2_1__vitb_384__mlp__layer_12/seed_102"",""probe.eval_output_dir=artifacts/results/intphys2"",""probe.eval_output_subdir=seed_runs_layerwise_backbone_sweep_v1/intphys2__backbone_sweep__jepa_v2_1__vitb_384__mlp__layer_12/seed_102"",""probe.wandb.group=seed_runs_layerwise_backbone_sweep_v1_intphys2__backbone_sweep__jepa_v2_1__vitb_384__mlp__layer_12"",""probe.wandb.name=intphys2__backbone_sweep__jepa_v2_1__vitb_384__mlp__layer_12__seed_102"",""probe.mlp.hidden_dims=[256]"",""probe.mlp.dropout=0.21597250932105788"",""feature_cache.layer_ids=[3,6,9,12]""]",results/verified_layerwise_probe_configs.csv,55,57,aeb2bb6a790348f0,VERIFIED_FULL,"{""batch_size"":32,""dropout"":0.21597250932105788,""early_stopping"":{""enabled"":false,""patience"":5},""epochs"":2000,""eval_batch_size"":1024,""feature_view"":""pooled"",""hidden_dims"":[256],""layer"":12,""lr"":0.0001329291894316216,""slot"":null,""weight_decay"":0.005061576888752304}",different_backbone_ablation/other models/intphys2/mlp/intphys2_probe_mlp_jepa_v2_1_vitb_384_20260616T210053Z/layer_12/train/optuna_summary.json
intphys2__backbone_sweep__jepa_v2_1__vitg_384__linear__layer_10__seed_101,intphys2__backbone_sweep__jepa_v2_1__vitg_384__linear__layer_10,train_eval.probe.intphys2,IntPhys2,intphys2,backbone_sweep,V-JEPA 2.1,ViT-G/16,Linear,linear,101,42,jepa_v2_1,vitg_384,10,,10,pooled,0.0010446852092853159,1.2558678551638312e-08,128,1024,20,false,5,,,,,,,cpu,artifacts/probes/intphys2,seed_runs_layerwise_backbone_sweep_v1/intphys2__backbone_sweep__jepa_v2_1__vitg_384__linear__layer_10/seed_101,artifacts/results/intphys2,seed_runs_layerwise_backbone_sweep_v1/intphys2__backbone_sweep__jepa_v2_1__vitg_384__linear__layer_10/seed_101,seed_runs_layerwise_backbone_sweep_v1_intphys2__backbone_sweep__jepa_v2_1__vitg_384__linear__layer_10,intphys2__backbone_sweep__jepa_v2_1__vitg_384__linear__layer_10__seed_101,pending,,"[""seed=101"",""split.seed=42"",""backbone.name=jepa_v2_1"",""+backbone.kwargs.variant=vitg_384"",""probe.name=linear"",""probe.layer=10"",""probe.layers=[]"",""probe.feature_view=pooled"",""probe.device=cpu"",""probe.lr=0.0010446852092853159"",""probe.weight_decay=1.2558678551638312e-08"",""probe.batch_size=128"",""probe.eval_batch_size=1024"",""probe.epochs=20"",""probe.early_stopping.enabled=false"",""probe.early_stopping.patience=5"",""probe.optuna.enabled=false"",""probe.output_dir=artifacts/probes/intphys2"",""probe.output_subdir=seed_runs_layerwise_backbone_sweep_v1/intphys2__backbone_sweep__jepa_v2_1__vitg_384__linear__layer_10/seed_101"",""probe.eval_output_dir=artifacts/results/intphys2"",""probe.eval_output_subdir=seed_runs_layerwise_backbone_sweep_v1/intphys2__backbone_sweep__jepa_v2_1__vitg_384__linear__layer_10/seed_101"",""probe.wandb.group=seed_runs_layerwise_backbone_sweep_v1_intphys2__backbone_sweep__jepa_v2_1__vitg_384__linear__layer_10"",""probe.wandb.name=intphys2__backbone_sweep__jepa_v2_1__vitg_384__linear__layer_10__seed_101"",""feature_cache.layer_ids=[10,20,30,40]""]",results/verified_layerwise_probe_configs.csv,72,74,ff301bb123c04c55,VERIFIED_FULL,"{""batch_size"":128,""early_stopping"":{""enabled"":false,""patience"":5},""epochs"":20,""eval_batch_size"":1024,""feature_view"":""pooled"",""layer"":10,""lr"":0.001044685209285316,""slot"":null,""weight_decay"":1.2558678551638312e-08}",different_backbone_ablation/other models/intphys2/linear/intphys2_probe_linear_jepa_v2_1_vitg_384_20260616T161313Z/layer_10/train/optuna_summary.json
intphys2__backbone_sweep__jepa_v2_1__vitg_384__linear__layer_10__seed_102,intphys2__backbone_sweep__jepa_v2_1__vitg_384__linear__layer_10,train_eval.probe.intphys2,IntPhys2,intphys2,backbone_sweep,V-JEPA 2.1,ViT-G/16,Linear,linear,102,42,jepa_v2_1,vitg_384,10,,10,pooled,0.0010446852092853159,1.2558678551638312e-08,128,1024,20,false,5,,,,,,,cpu,artifacts/probes/intphys2,seed_runs_layerwise_backbone_sweep_v1/intphys2__backbone_sweep__jepa_v2_1__vitg_384__linear__layer_10/seed_102,artifacts/results/intphys2,seed_runs_layerwise_backbone_sweep_v1/intphys2__backbone_sweep__jepa_v2_1__vitg_384__linear__layer_10/seed_102,seed_runs_layerwise_backbone_sweep_v1_intphys2__backbone_sweep__jepa_v2_1__vitg_384__linear__layer_10,intphys2__backbone_sweep__jepa_v2_1__vitg_384__linear__layer_10__seed_102,pending,,"[""seed=102"",""split.seed=42"",""backbone.name=jepa_v2_1"",""+backbone.kwargs.variant=vitg_384"",""probe.name=linear"",""probe.layer=10"",""probe.layers=[]"",""probe.feature_view=pooled"",""probe.device=cpu"",""probe.lr=0.0010446852092853159"",""probe.weight_decay=1.2558678551638312e-08"",""probe.batch_size=128"",""probe.eval_batch_size=1024"",""probe.epochs=20"",""probe.early_stopping.enabled=false"",""probe.early_stopping.patience=5"",""probe.optuna.enabled=false"",""probe.output_dir=artifacts/probes/intphys2"",""probe.output_subdir=seed_runs_layerwise_backbone_sweep_v1/intphys2__backbone_sweep__jepa_v2_1__vitg_384__linear__layer_10/seed_102"",""probe.eval_output_dir=artifacts/results/intphys2"",""probe.eval_output_subdir=seed_runs_layerwise_backbone_sweep_v1/intphys2__backbone_sweep__jepa_v2_1__vitg_384__linear__layer_10/seed_102"",""probe.wandb.group=seed_runs_layerwise_backbone_sweep_v1_intphys2__backbone_sweep__jepa_v2_1__vitg_384__linear__layer_10"",""probe.wandb.name=intphys2__backbone_sweep__jepa_v2_1__vitg_384__linear__layer_10__seed_102"",""feature_cache.layer_ids=[10,20,30,40]""]",results/verified_layerwise_probe_configs.csv,72,74,ff301bb123c04c55,VERIFIED_FULL,"{""batch_size"":128,""early_stopping"":{""enabled"":false,""patience"":5},""epochs"":20,""eval_batch_size"":1024,""feature_view"":""pooled"",""layer"":10,""lr"":0.001044685209285316,""slot"":null,""weight_decay"":1.2558678551638312e-08}",different_backbone_ablation/other models/intphys2/linear/intphys2_probe_linear_jepa_v2_1_vitg_384_20260616T161313Z/layer_10/train/optuna_summary.json
intphys2__backbone_sweep__jepa_v2_1__vitg_384__linear__layer_20__seed_101,intphys2__backbone_sweep__jepa_v2_1__vitg_384__linear__layer_20,train_eval.probe.intphys2,IntPhys2,intphys2,backbone_sweep,V-JEPA 2.1,ViT-G/16,Linear,linear,101,42,jepa_v2_1,vitg_384,20,,20,pooled,0.00013292918943162159,0.0050615768887523043,32,1024,2000,false,5,,,,,,,cpu,artifacts/probes/intphys2,seed_runs_layerwise_backbone_sweep_v1/intphys2__backbone_sweep__jepa_v2_1__vitg_384__linear__layer_20/seed_101,artifacts/results/intphys2,seed_runs_layerwise_backbone_sweep_v1/intphys2__backbone_sweep__jepa_v2_1__vitg_384__linear__layer_20/seed_101,seed_runs_layerwise_backbone_sweep_v1_intphys2__backbone_sweep__jepa_v2_1__vitg_384__linear__layer_20,intphys2__backbone_sweep__jepa_v2_1__vitg_384__linear__layer_20__seed_101,pending,,"[""seed=101"",""split.seed=42"",""backbone.name=jepa_v2_1"",""+backbone.kwargs.variant=vitg_384"",""probe.name=linear"",""probe.layer=20"",""probe.layers=[]"",""probe.feature_view=pooled"",""probe.device=cpu"",""probe.lr=0.00013292918943162159"",""probe.weight_decay=0.0050615768887523043"",""probe.batch_size=32"",""probe.eval_batch_size=1024"",""probe.epochs=2000"",""probe.early_stopping.enabled=false"",""probe.early_stopping.patience=5"",""probe.optuna.enabled=false"",""probe.output_dir=artifacts/probes/intphys2"",""probe.output_subdir=seed_runs_layerwise_backbone_sweep_v1/intphys2__backbone_sweep__jepa_v2_1__vitg_384__linear__layer_20/seed_101"",""probe.eval_output_dir=artifacts/results/intphys2"",""probe.eval_output_subdir=seed_runs_layerwise_backbone_sweep_v1/intphys2__backbone_sweep__jepa_v2_1__vitg_384__linear__layer_20/seed_101"",""probe.wandb.group=seed_runs_layerwise_backbone_sweep_v1_intphys2__backbone_sweep__jepa_v2_1__vitg_384__linear__layer_20"",""probe.wandb.name=intphys2__backbone_sweep__jepa_v2_1__vitg_384__linear__layer_20__seed_101"",""feature_cache.layer_ids=[10,20,30,40]""]",results/verified_layerwise_probe_configs.csv,73,75,50cb951119cc84b6,VERIFIED_FULL,"{""batch_size"":32,""early_stopping"":{""enabled"":false,""patience"":5},""epochs"":2000,""eval_batch_size"":1024,""feature_view"":""pooled"",""layer"":20,""lr"":0.0001329291894316216,""slot"":null,""weight_decay"":0.005061576888752304}",different_backbone_ablation/other models/intphys2/linear/intphys2_probe_linear_jepa_v2_1_vitg_384_20260616T161313Z/layer_20/train/optuna_summary.json
intphys2__backbone_sweep__jepa_v2_1__vitg_384__linear__layer_20__seed_102,intphys2__backbone_sweep__jepa_v2_1__vitg_384__linear__layer_20,train_eval.probe.intphys2,IntPhys2,intphys2,backbone_sweep,V-JEPA 2.1,ViT-G/16,Linear,linear,102,42,jepa_v2_1,vitg_384,20,,20,pooled,0.00013292918943162159,0.0050615768887523043,32,1024,2000,false,5,,,,,,,cpu,artifacts/probes/intphys2,seed_runs_layerwise_backbone_sweep_v1/intphys2__backbone_sweep__jepa_v2_1__vitg_384__linear__layer_20/seed_102,artifacts/results/intphys2,seed_runs_layerwise_backbone_sweep_v1/intphys2__backbone_sweep__jepa_v2_1__vitg_384__linear__layer_20/seed_102,seed_runs_layerwise_backbone_sweep_v1_intphys2__backbone_sweep__jepa_v2_1__vitg_384__linear__layer_20,intphys2__backbone_sweep__jepa_v2_1__vitg_384__linear__layer_20__seed_102,pending,,"[""seed=102"",""split.seed=42"",""backbone.name=jepa_v2_1"",""+backbone.kwargs.variant=vitg_384"",""probe.name=linear"",""probe.layer=20"",""probe.layers=[]"",""probe.feature_view=pooled"",""probe.device=cpu"",""probe.lr=0.00013292918943162159"",""probe.weight_decay=0.0050615768887523043"",""probe.batch_size=32"",""probe.eval_batch_size=1024"",""probe.epochs=2000"",""probe.early_stopping.enabled=false"",""probe.early_stopping.patience=5"",""probe.optuna.enabled=false"",""probe.output_dir=artifacts/probes/intphys2"",""probe.output_subdir=seed_runs_layerwise_backbone_sweep_v1/intphys2__backbone_sweep__jepa_v2_1__vitg_384__linear__layer_20/seed_102"",""probe.eval_output_dir=artifacts/results/intphys2"",""probe.eval_output_subdir=seed_runs_layerwise_backbone_sweep_v1/intphys2__backbone_sweep__jepa_v2_1__vitg_384__linear__layer_20/seed_102"",""probe.wandb.group=seed_runs_layerwise_backbone_sweep_v1_intphys2__backbone_sweep__jepa_v2_1__vitg_384__linear__layer_20"",""probe.wandb.name=intphys2__backbone_sweep__jepa_v2_1__vitg_384__linear__layer_20__seed_102"",""feature_cache.layer_ids=[10,20,30,40]""]",results/verified_layerwise_probe_configs.csv,73,75,50cb951119cc84b6,VERIFIED_FULL,"{""batch_size"":32,""early_stopping"":{""enabled"":false,""patience"":5},""epochs"":2000,""eval_batch_size"":1024,""feature_view"":""pooled"",""layer"":20,""lr"":0.0001329291894316216,""slot"":null,""weight_decay"":0.005061576888752304}",different_backbone_ablation/other models/intphys2/linear/intphys2_probe_linear_jepa_v2_1_vitg_384_20260616T161313Z/layer_20/train/optuna_summary.json
intphys2__backbone_sweep__jepa_v2_1__vitg_384__linear__layer_30__seed_101,intphys2__backbone_sweep__jepa_v2_1__vitg_384__linear__layer_30,train_eval.probe.intphys2,IntPhys2,intphys2,backbone_sweep,V-JEPA 2.1,ViT-G/16,Linear,linear,101,42,jepa_v2_1,vitg_384,30,,30,pooled,0.0021464035477145849,0.0039552323360892176,64,1024,2000,false,5,,,,,,,cpu,artifacts/probes/intphys2,seed_runs_layerwise_backbone_sweep_v1/intphys2__backbone_sweep__jepa_v2_1__vitg_384__linear__layer_30/seed_101,artifacts/results/intphys2,seed_runs_layerwise_backbone_sweep_v1/intphys2__backbone_sweep__jepa_v2_1__vitg_384__linear__layer_30/seed_101,seed_runs_layerwise_backbone_sweep_v1_intphys2__backbone_sweep__jepa_v2_1__vitg_384__linear__layer_30,intphys2__backbone_sweep__jepa_v2_1__vitg_384__linear__layer_30__seed_101,pending,,"[""seed=101"",""split.seed=42"",""backbone.name=jepa_v2_1"",""+backbone.kwargs.variant=vitg_384"",""probe.name=linear"",""probe.layer=30"",""probe.layers=[]"",""probe.feature_view=pooled"",""probe.device=cpu"",""probe.lr=0.0021464035477145849"",""probe.weight_decay=0.0039552323360892176"",""probe.batch_size=64"",""probe.eval_batch_size=1024"",""probe.epochs=2000"",""probe.early_stopping.enabled=false"",""probe.early_stopping.patience=5"",""probe.optuna.enabled=false"",""probe.output_dir=artifacts/probes/intphys2"",""probe.output_subdir=seed_runs_layerwise_backbone_sweep_v1/intphys2__backbone_sweep__jepa_v2_1__vitg_384__linear__layer_30/seed_101"",""probe.eval_output_dir=artifacts/results/intphys2"",""probe.eval_output_subdir=seed_runs_layerwise_backbone_sweep_v1/intphys2__backbone_sweep__jepa_v2_1__vitg_384__linear__layer_30/seed_101"",""probe.wandb.group=seed_runs_layerwise_backbone_sweep_v1_intphys2__backbone_sweep__jepa_v2_1__vitg_384__linear__layer_30"",""probe.wandb.name=intphys2__backbone_sweep__jepa_v2_1__vitg_384__linear__layer_30__seed_101"",""feature_cache.layer_ids=[10,20,30,40]""]",results/verified_layerwise_probe_configs.csv,74,76,be2d46fbde023292,VERIFIED_FULL,"{""batch_size"":64,""early_stopping"":{""enabled"":false,""patience"":5},""epochs"":2000,""eval_batch_size"":1024,""feature_view"":""pooled"",""layer"":30,""lr"":0.002146403547714585,""slot"":null,""weight_decay"":0.003955232336089218}",different_backbone_ablation/other models/intphys2/linear/intphys2_probe_linear_jepa_v2_1_vitg_384_20260616T161313Z/layer_30/train/optuna_summary.json
intphys2__backbone_sweep__jepa_v2_1__vitg_384__linear__layer_30__seed_102,intphys2__backbone_sweep__jepa_v2_1__vitg_384__linear__layer_30,train_eval.probe.intphys2,IntPhys2,intphys2,backbone_sweep,V-JEPA 2.1,ViT-G/16,Linear,linear,102,42,jepa_v2_1,vitg_384,30,,30,pooled,0.0021464035477145849,0.0039552323360892176,64,1024,2000,false,5,,,,,,,cpu,artifacts/probes/intphys2,seed_runs_layerwise_backbone_sweep_v1/intphys2__backbone_sweep__jepa_v2_1__vitg_384__linear__layer_30/seed_102,artifacts/results/intphys2,seed_runs_layerwise_backbone_sweep_v1/intphys2__backbone_sweep__jepa_v2_1__vitg_384__linear__layer_30/seed_102,seed_runs_layerwise_backbone_sweep_v1_intphys2__backbone_sweep__jepa_v2_1__vitg_384__linear__layer_30,intphys2__backbone_sweep__jepa_v2_1__vitg_384__linear__layer_30__seed_102,pending,,"[""seed=102"",""split.seed=42"",""backbone.name=jepa_v2_1"",""+backbone.kwargs.variant=vitg_384"",""probe.name=linear"",""probe.layer=30"",""probe.layers=[]"",""probe.feature_view=pooled"",""probe.device=cpu"",""probe.lr=0.0021464035477145849"",""probe.weight_decay=0.0039552323360892176"",""probe.batch_size=64"",""probe.eval_batch_size=1024"",""probe.epochs=2000"",""probe.early_stopping.enabled=false"",""probe.early_stopping.patience=5"",""probe.optuna.enabled=false"",""probe.output_dir=artifacts/probes/intphys2"",""probe.output_subdir=seed_runs_layerwise_backbone_sweep_v1/intphys2__backbone_sweep__jepa_v2_1__vitg_384__linear__layer_30/seed_102"",""probe.eval_output_dir=artifacts/results/intphys2"",""probe.eval_output_subdir=seed_runs_layerwise_backbone_sweep_v1/intphys2__backbone_sweep__jepa_v2_1__vitg_384__linear__layer_30/seed_102"",""probe.wandb.group=seed_runs_layerwise_backbone_sweep_v1_intphys2__backbone_sweep__jepa_v2_1__vitg_384__linear__layer_30"",""probe.wandb.name=intphys2__backbone_sweep__jepa_v2_1__vitg_384__linear__layer_30__seed_102"",""feature_cache.layer_ids=[10,20,30,40]""]",results/verified_layerwise_probe_configs.csv,74,76,be2d46fbde023292,VERIFIED_FULL,"{""batch_size"":64,""early_stopping"":{""enabled"":false,""patience"":5},""epochs"":2000,""eval_batch_size"":1024,""feature_view"":""pooled"",""layer"":30,""lr"":0.002146403547714585,""slot"":null,""weight_decay"":0.003955232336089218}",different_backbone_ablation/other models/intphys2/linear/intphys2_probe_linear_jepa_v2_1_vitg_384_20260616T161313Z/layer_30/train/optuna_summary.json
intphys2__backbone_sweep__jepa_v2_1__vitg_384__linear__layer_40__seed_101,intphys2__backbone_sweep__jepa_v2_1__vitg_384__linear__layer_40,train_eval.probe.intphys2,IntPhys2,intphys2,backbone_sweep,V-JEPA 2.1,ViT-G/16,Linear,linear,101,42,jepa_v2_1,vitg_384,40,,40,pooled,0.00098276967099106163,0.0089468100009794122,64,1024,2000,false,5,,,,,,,cpu,artifacts/probes/intphys2,seed_runs_layerwise_backbone_sweep_v1/intphys2__backbone_sweep__jepa_v2_1__vitg_384__linear__layer_40/seed_101,artifacts/results/intphys2,seed_runs_layerwise_backbone_sweep_v1/intphys2__backbone_sweep__jepa_v2_1__vitg_384__linear__layer_40/seed_101,seed_runs_layerwise_backbone_sweep_v1_intphys2__backbone_sweep__jepa_v2_1__vitg_384__linear__layer_40,intphys2__backbone_sweep__jepa_v2_1__vitg_384__linear__layer_40__seed_101,pending,,"[""seed=101"",""split.seed=42"",""backbone.name=jepa_v2_1"",""+backbone.kwargs.variant=vitg_384"",""probe.name=linear"",""probe.layer=40"",""probe.layers=[]"",""probe.feature_view=pooled"",""probe.device=cpu"",""probe.lr=0.00098276967099106163"",""probe.weight_decay=0.0089468100009794122"",""probe.batch_size=64"",""probe.eval_batch_size=1024"",""probe.epochs=2000"",""probe.early_stopping.enabled=false"",""probe.early_stopping.patience=5"",""probe.optuna.enabled=false"",""probe.output_dir=artifacts/probes/intphys2"",""probe.output_subdir=seed_runs_layerwise_backbone_sweep_v1/intphys2__backbone_sweep__jepa_v2_1__vitg_384__linear__layer_40/seed_101"",""probe.eval_output_dir=artifacts/results/intphys2"",""probe.eval_output_subdir=seed_runs_layerwise_backbone_sweep_v1/intphys2__backbone_sweep__jepa_v2_1__vitg_384__linear__layer_40/seed_101"",""probe.wandb.group=seed_runs_layerwise_backbone_sweep_v1_intphys2__backbone_sweep__jepa_v2_1__vitg_384__linear__layer_40"",""probe.wandb.name=intphys2__backbone_sweep__jepa_v2_1__vitg_384__linear__layer_40__seed_101"",""feature_cache.layer_ids=[10,20,30,40]""]",results/verified_layerwise_probe_configs.csv,75,77,cd97549f38fcda03,VERIFIED_FULL,"{""batch_size"":64,""early_stopping"":{""enabled"":false,""patience"":5},""epochs"":2000,""eval_batch_size"":1024,""feature_view"":""pooled"",""layer"":40,""lr"":0.0009827696709910616,""slot"":null,""weight_decay"":0.008946810000979412}",different_backbone_ablation/other models/intphys2/linear/intphys2_probe_linear_jepa_v2_1_vitg_384_20260616T161313Z/layer_40/train/optuna_summary.json
intphys2__backbone_sweep__jepa_v2_1__vitg_384__linear__layer_40__seed_102,intphys2__backbone_sweep__jepa_v2_1__vitg_384__linear__layer_40,train_eval.probe.intphys2,IntPhys2,intphys2,backbone_sweep,V-JEPA 2.1,ViT-G/16,Linear,linear,102,42,jepa_v2_1,vitg_384,40,,40,pooled,0.00098276967099106163,0.0089468100009794122,64,1024,2000,false,5,,,,,,,cpu,artifacts/probes/intphys2,seed_runs_layerwise_backbone_sweep_v1/intphys2__backbone_sweep__jepa_v2_1__vitg_384__linear__layer_40/seed_102,artifacts/results/intphys2,seed_runs_layerwise_backbone_sweep_v1/intphys2__backbone_sweep__jepa_v2_1__vitg_384__linear__layer_40/seed_102,seed_runs_layerwise_backbone_sweep_v1_intphys2__backbone_sweep__jepa_v2_1__vitg_384__linear__layer_40,intphys2__backbone_sweep__jepa_v2_1__vitg_384__linear__layer_40__seed_102,pending,,"[""seed=102"",""split.seed=42"",""backbone.name=jepa_v2_1"",""+backbone.kwargs.variant=vitg_384"",""probe.name=linear"",""probe.layer=40"",""probe.layers=[]"",""probe.feature_view=pooled"",""probe.device=cpu"",""probe.lr=0.00098276967099106163"",""probe.weight_decay=0.0089468100009794122"",""probe.batch_size=64"",""probe.eval_batch_size=1024"",""probe.epochs=2000"",""probe.early_stopping.enabled=false"",""probe.early_stopping.patience=5"",""probe.optuna.enabled=false"",""probe.output_dir=artifacts/probes/intphys2"",""probe.output_subdir=seed_runs_layerwise_backbone_sweep_v1/intphys2__backbone_sweep__jepa_v2_1__vitg_384__linear__layer_40/seed_102"",""probe.eval_output_dir=artifacts/results/intphys2"",""probe.eval_output_subdir=seed_runs_layerwise_backbone_sweep_v1/intphys2__backbone_sweep__jepa_v2_1__vitg_384__linear__layer_40/seed_102"",""probe.wandb.group=seed_runs_layerwise_backbone_sweep_v1_intphys2__backbone_sweep__jepa_v2_1__vitg_384__linear__layer_40"",""probe.wandb.name=intphys2__backbone_sweep__jepa_v2_1__vitg_384__linear__layer_40__seed_102"",""feature_cache.layer_ids=[10,20,30,40]""]",results/verified_layerwise_probe_configs.csv,75,77,cd97549f38fcda03,VERIFIED_FULL,"{""batch_size"":64,""early_stopping"":{""enabled"":false,""patience"":5},""epochs"":2000,""eval_batch_size"":1024,""feature_view"":""pooled"",""layer"":40,""lr"":0.0009827696709910616,""slot"":null,""weight_decay"":0.008946810000979412}",different_backbone_ablation/other models/intphys2/linear/intphys2_probe_linear_jepa_v2_1_vitg_384_20260616T161313Z/layer_40/train/optuna_summary.json
intphys2__backbone_sweep__jepa_v2_1__vitg_384__mlp__layer_10__seed_101,intphys2__backbone_sweep__jepa_v2_1__vitg_384__mlp__layer_10,train_eval.probe.intphys2,IntPhys2,intphys2,backbone_sweep,V-JEPA 2.1,ViT-G/16,MLP,mlp,101,42,jepa_v2_1,vitg_384,10,,10,pooled,1.1214075785991125e-05,1.1818390883060214e-05,256,1024,50,false,5,[256],0.12092614545022584,,,,,cpu,artifacts/probes/intphys2,seed_runs_layerwise_backbone_sweep_v1/intphys2__backbone_sweep__jepa_v2_1__vitg_384__mlp__layer_10/seed_101,artifacts/results/intphys2,seed_runs_layerwise_backbone_sweep_v1/intphys2__backbone_sweep__jepa_v2_1__vitg_384__mlp__layer_10/seed_101,seed_runs_layerwise_backbone_sweep_v1_intphys2__backbone_sweep__jepa_v2_1__vitg_384__mlp__layer_10,intphys2__backbone_sweep__jepa_v2_1__vitg_384__mlp__layer_10__seed_101,pending,,"[""seed=101"",""split.seed=42"",""backbone.name=jepa_v2_1"",""+backbone.kwargs.variant=vitg_384"",""probe.name=mlp"",""probe.layer=10"",""probe.layers=[]"",""probe.feature_view=pooled"",""probe.device=cpu"",""probe.lr=1.1214075785991125e-05"",""probe.weight_decay=1.1818390883060214e-05"",""probe.batch_size=256"",""probe.eval_batch_size=1024"",""probe.epochs=50"",""probe.early_stopping.enabled=false"",""probe.early_stopping.patience=5"",""probe.optuna.enabled=false"",""probe.output_dir=artifacts/probes/intphys2"",""probe.output_subdir=seed_runs_layerwise_backbone_sweep_v1/intphys2__backbone_sweep__jepa_v2_1__vitg_384__mlp__layer_10/seed_101"",""probe.eval_output_dir=artifacts/results/intphys2"",""probe.eval_output_subdir=seed_runs_layerwise_backbone_sweep_v1/intphys2__backbone_sweep__jepa_v2_1__vitg_384__mlp__layer_10/seed_101"",""probe.wandb.group=seed_runs_layerwise_backbone_sweep_v1_intphys2__backbone_sweep__jepa_v2_1__vitg_384__mlp__layer_10"",""probe.wandb.name=intphys2__backbone_sweep__jepa_v2_1__vitg_384__mlp__layer_10__seed_101"",""probe.mlp.hidden_dims=[256]"",""probe.mlp.dropout=0.12092614545022584"",""feature_cache.layer_ids=[10,20,30,40]""]",results/verified_layerwise_probe_configs.csv,76,78,7928e01c941e46cc,VERIFIED_FULL,"{""batch_size"":256,""dropout"":0.12092614545022584,""early_stopping"":{""enabled"":false,""patience"":5},""epochs"":50,""eval_batch_size"":1024,""feature_view"":""pooled"",""hidden_dims"":[256],""layer"":10,""lr"":1.1214075785991125e-05,""slot"":null,""weight_decay"":1.1818390883060214e-05}",different_backbone_ablation/other models/intphys2/mlp/intphys2_probe_mlp_jepa_v2_1_vitg_384_20260616T210124Z/layer_10/train/optuna_summary.json
intphys2__backbone_sweep__jepa_v2_1__vitg_384__mlp__layer_10__seed_102,intphys2__backbone_sweep__jepa_v2_1__vitg_384__mlp__layer_10,train_eval.probe.intphys2,IntPhys2,intphys2,backbone_sweep,V-JEPA 2.1,ViT-G/16,MLP,mlp,102,42,jepa_v2_1,vitg_384,10,,10,pooled,1.1214075785991125e-05,1.1818390883060214e-05,256,1024,50,false,5,[256],0.12092614545022584,,,,,cpu,artifacts/probes/intphys2,seed_runs_layerwise_backbone_sweep_v1/intphys2__backbone_sweep__jepa_v2_1__vitg_384__mlp__layer_10/seed_102,artifacts/results/intphys2,seed_runs_layerwise_backbone_sweep_v1/intphys2__backbone_sweep__jepa_v2_1__vitg_384__mlp__layer_10/seed_102,seed_runs_layerwise_backbone_sweep_v1_intphys2__backbone_sweep__jepa_v2_1__vitg_384__mlp__layer_10,intphys2__backbone_sweep__jepa_v2_1__vitg_384__mlp__layer_10__seed_102,pending,,"[""seed=102"",""split.seed=42"",""backbone.name=jepa_v2_1"",""+backbone.kwargs.variant=vitg_384"",""probe.name=mlp"",""probe.layer=10"",""probe.layers=[]"",""probe.feature_view=pooled"",""probe.device=cpu"",""probe.lr=1.1214075785991125e-05"",""probe.weight_decay=1.1818390883060214e-05"",""probe.batch_size=256"",""probe.eval_batch_size=1024"",""probe.epochs=50"",""probe.early_stopping.enabled=false"",""probe.early_stopping.patience=5"",""probe.optuna.enabled=false"",""probe.output_dir=artifacts/probes/intphys2"",""probe.output_subdir=seed_runs_layerwise_backbone_sweep_v1/intphys2__backbone_sweep__jepa_v2_1__vitg_384__mlp__layer_10/seed_102"",""probe.eval_output_dir=artifacts/results/intphys2"",""probe.eval_output_subdir=seed_runs_layerwise_backbone_sweep_v1/intphys2__backbone_sweep__jepa_v2_1__vitg_384__mlp__layer_10/seed_102"",""probe.wandb.group=seed_runs_layerwise_backbone_sweep_v1_intphys2__backbone_sweep__jepa_v2_1__vitg_384__mlp__layer_10"",""probe.wandb.name=intphys2__backbone_sweep__jepa_v2_1__vitg_384__mlp__layer_10__seed_102"",""probe.mlp.hidden_dims=[256]"",""probe.mlp.dropout=0.12092614545022584"",""feature_cache.layer_ids=[10,20,30,40]""]",results/verified_layerwise_probe_configs.csv,76,78,7928e01c941e46cc,VERIFIED_FULL,"{""batch_size"":256,""dropout"":0.12092614545022584,""early_stopping"":{""enabled"":false,""patience"":5},""epochs"":50,""eval_batch_size"":1024,""feature_view"":""pooled"",""hidden_dims"":[256],""layer"":10,""lr"":1.1214075785991125e-05,""slot"":null,""weight_decay"":1.1818390883060214e-05}",different_backbone_ablation/other models/intphys2/mlp/intphys2_probe_mlp_jepa_v2_1_vitg_384_20260616T210124Z/layer_10/train/optuna_summary.json
intphys2__backbone_sweep__jepa_v2_1__vitg_384__mlp__layer_20__seed_101,intphys2__backbone_sweep__jepa_v2_1__vitg_384__mlp__layer_20,train_eval.probe.intphys2,IntPhys2,intphys2,backbone_sweep,V-JEPA 2.1,ViT-G/16,MLP,mlp,101,42,jepa_v2_1,vitg_384,20,,20,pooled,0.00013292918943162159,0.0050615768887523043,32,1024,2000,false,5,[256],0.21597250932105788,,,,,cpu,artifacts/probes/intphys2,seed_runs_layerwise_backbone_sweep_v1/intphys2__backbone_sweep__jepa_v2_1__vitg_384__mlp__layer_20/seed_101,artifacts/results/intphys2,seed_runs_layerwise_backbone_sweep_v1/intphys2__backbone_sweep__jepa_v2_1__vitg_384__mlp__layer_20/seed_101,seed_runs_layerwise_backbone_sweep_v1_intphys2__backbone_sweep__jepa_v2_1__vitg_384__mlp__layer_20,intphys2__backbone_sweep__jepa_v2_1__vitg_384__mlp__layer_20__seed_101,pending,,"[""seed=101"",""split.seed=42"",""backbone.name=jepa_v2_1"",""+backbone.kwargs.variant=vitg_384"",""probe.name=mlp"",""probe.layer=20"",""probe.layers=[]"",""probe.feature_view=pooled"",""probe.device=cpu"",""probe.lr=0.00013292918943162159"",""probe.weight_decay=0.0050615768887523043"",""probe.batch_size=32"",""probe.eval_batch_size=1024"",""probe.epochs=2000"",""probe.early_stopping.enabled=false"",""probe.early_stopping.patience=5"",""probe.optuna.enabled=false"",""probe.output_dir=artifacts/probes/intphys2"",""probe.output_subdir=seed_runs_layerwise_backbone_sweep_v1/intphys2__backbone_sweep__jepa_v2_1__vitg_384__mlp__layer_20/seed_101"",""probe.eval_output_dir=artifacts/results/intphys2"",""probe.eval_output_subdir=seed_runs_layerwise_backbone_sweep_v1/intphys2__backbone_sweep__jepa_v2_1__vitg_384__mlp__layer_20/seed_101"",""probe.wandb.group=seed_runs_layerwise_backbone_sweep_v1_intphys2__backbone_sweep__jepa_v2_1__vitg_384__mlp__layer_20"",""probe.wandb.name=intphys2__backbone_sweep__jepa_v2_1__vitg_384__mlp__layer_20__seed_101"",""probe.mlp.hidden_dims=[256]"",""probe.mlp.dropout=0.21597250932105788"",""feature_cache.layer_ids=[10,20,30,40]""]",results/verified_layerwise_probe_configs.csv,77,79,de1a2ee0db664f1b,VERIFIED_FULL,"{""batch_size"":32,""dropout"":0.21597250932105788,""early_stopping"":{""enabled"":false,""patience"":5},""epochs"":2000,""eval_batch_size"":1024,""feature_view"":""pooled"",""hidden_dims"":[256],""layer"":20,""lr"":0.0001329291894316216,""slot"":null,""weight_decay"":0.005061576888752304}",different_backbone_ablation/other models/intphys2/mlp/intphys2_probe_mlp_jepa_v2_1_vitg_384_20260616T210124Z/layer_20/train/optuna_summary.json
intphys2__backbone_sweep__jepa_v2_1__vitg_384__mlp__layer_20__seed_102,intphys2__backbone_sweep__jepa_v2_1__vitg_384__mlp__layer_20,train_eval.probe.intphys2,IntPhys2,intphys2,backbone_sweep,V-JEPA 2.1,ViT-G/16,MLP,mlp,102,42,jepa_v2_1,vitg_384,20,,20,pooled,0.00013292918943162159,0.0050615768887523043,32,1024,2000,false,5,[256],0.21597250932105788,,,,,cpu,artifacts/probes/intphys2,seed_runs_layerwise_backbone_sweep_v1/intphys2__backbone_sweep__jepa_v2_1__vitg_384__mlp__layer_20/seed_102,artifacts/results/intphys2,seed_runs_layerwise_backbone_sweep_v1/intphys2__backbone_sweep__jepa_v2_1__vitg_384__mlp__layer_20/seed_102,seed_runs_layerwise_backbone_sweep_v1_intphys2__backbone_sweep__jepa_v2_1__vitg_384__mlp__layer_20,intphys2__backbone_sweep__jepa_v2_1__vitg_384__mlp__layer_20__seed_102,pending,,"[""seed=102"",""split.seed=42"",""backbone.name=jepa_v2_1"",""+backbone.kwargs.variant=vitg_384"",""probe.name=mlp"",""probe.layer=20"",""probe.layers=[]"",""probe.feature_view=pooled"",""probe.device=cpu"",""probe.lr=0.00013292918943162159"",""probe.weight_decay=0.0050615768887523043"",""probe.batch_size=32"",""probe.eval_batch_size=1024"",""probe.epochs=2000"",""probe.early_stopping.enabled=false"",""probe.early_stopping.patience=5"",""probe.optuna.enabled=false"",""probe.output_dir=artifacts/probes/intphys2"",""probe.output_subdir=seed_runs_layerwise_backbone_sweep_v1/intphys2__backbone_sweep__jepa_v2_1__vitg_384__mlp__layer_20/seed_102"",""probe.eval_output_dir=artifacts/results/intphys2"",""probe.eval_output_subdir=seed_runs_layerwise_backbone_sweep_v1/intphys2__backbone_sweep__jepa_v2_1__vitg_384__mlp__layer_20/seed_102"",""probe.wandb.group=seed_runs_layerwise_backbone_sweep_v1_intphys2__backbone_sweep__jepa_v2_1__vitg_384__mlp__layer_20"",""probe.wandb.name=intphys2__backbone_sweep__jepa_v2_1__vitg_384__mlp__layer_20__seed_102"",""probe.mlp.hidden_dims=[256]"",""probe.mlp.dropout=0.21597250932105788"",""feature_cache.layer_ids=[10,20,30,40]""]",results/verified_layerwise_probe_configs.csv,77,79,de1a2ee0db664f1b,VERIFIED_FULL,"{""batch_size"":32,""dropout"":0.21597250932105788,""early_stopping"":{""enabled"":false,""patience"":5},""epochs"":2000,""eval_batch_size"":1024,""feature_view"":""pooled"",""hidden_dims"":[256],""layer"":20,""lr"":0.0001329291894316216,""slot"":null,""weight_decay"":0.005061576888752304}",different_backbone_ablation/other models/intphys2/mlp/intphys2_probe_mlp_jepa_v2_1_vitg_384_20260616T210124Z/layer_20/train/optuna_summary.json
intphys2__backbone_sweep__jepa_v2_1__vitg_384__mlp__layer_30__seed_101,intphys2__backbone_sweep__jepa_v2_1__vitg_384__mlp__layer_30,train_eval.probe.intphys2,IntPhys2,intphys2,backbone_sweep,V-JEPA 2.1,ViT-G/16,MLP,mlp,101,42,jepa_v2_1,vitg_384,30,,30,pooled,0.00013292918943162159,0.0050615768887523043,32,1024,2000,false,5,[256],0.21597250932105788,,,,,cpu,artifacts/probes/intphys2,seed_runs_layerwise_backbone_sweep_v1/intphys2__backbone_sweep__jepa_v2_1__vitg_384__mlp__layer_30/seed_101,artifacts/results/intphys2,seed_runs_layerwise_backbone_sweep_v1/intphys2__backbone_sweep__jepa_v2_1__vitg_384__mlp__layer_30/seed_101,seed_runs_layerwise_backbone_sweep_v1_intphys2__backbone_sweep__jepa_v2_1__vitg_384__mlp__layer_30,intphys2__backbone_sweep__jepa_v2_1__vitg_384__mlp__layer_30__seed_101,pending,,"[""seed=101"",""split.seed=42"",""backbone.name=jepa_v2_1"",""+backbone.kwargs.variant=vitg_384"",""probe.name=mlp"",""probe.layer=30"",""probe.layers=[]"",""probe.feature_view=pooled"",""probe.device=cpu"",""probe.lr=0.00013292918943162159"",""probe.weight_decay=0.0050615768887523043"",""probe.batch_size=32"",""probe.eval_batch_size=1024"",""probe.epochs=2000"",""probe.early_stopping.enabled=false"",""probe.early_stopping.patience=5"",""probe.optuna.enabled=false"",""probe.output_dir=artifacts/probes/intphys2"",""probe.output_subdir=seed_runs_layerwise_backbone_sweep_v1/intphys2__backbone_sweep__jepa_v2_1__vitg_384__mlp__layer_30/seed_101"",""probe.eval_output_dir=artifacts/results/intphys2"",""probe.eval_output_subdir=seed_runs_layerwise_backbone_sweep_v1/intphys2__backbone_sweep__jepa_v2_1__vitg_384__mlp__layer_30/seed_101"",""probe.wandb.group=seed_runs_layerwise_backbone_sweep_v1_intphys2__backbone_sweep__jepa_v2_1__vitg_384__mlp__layer_30"",""probe.wandb.name=intphys2__backbone_sweep__jepa_v2_1__vitg_384__mlp__layer_30__seed_101"",""probe.mlp.hidden_dims=[256]"",""probe.mlp.dropout=0.21597250932105788"",""feature_cache.layer_ids=[10,20,30,40]""]",results/verified_layerwise_probe_configs.csv,78,80,e02e8afd62306e9f,VERIFIED_FULL,"{""batch_size"":32,""dropout"":0.21597250932105788,""early_stopping"":{""enabled"":false,""patience"":5},""epochs"":2000,""eval_batch_size"":1024,""feature_view"":""pooled"",""hidden_dims"":[256],""layer"":30,""lr"":0.0001329291894316216,""slot"":null,""weight_decay"":0.005061576888752304}",different_backbone_ablation/other models/intphys2/mlp/intphys2_probe_mlp_jepa_v2_1_vitg_384_20260616T210124Z/layer_30/train/optuna_summary.json
intphys2__backbone_sweep__jepa_v2_1__vitg_384__mlp__layer_30__seed_102,intphys2__backbone_sweep__jepa_v2_1__vitg_384__mlp__layer_30,train_eval.probe.intphys2,IntPhys2,intphys2,backbone_sweep,V-JEPA 2.1,ViT-G/16,MLP,mlp,102,42,jepa_v2_1,vitg_384,30,,30,pooled,0.00013292918943162159,0.0050615768887523043,32,1024,2000,false,5,[256],0.21597250932105788,,,,,cpu,artifacts/probes/intphys2,seed_runs_layerwise_backbone_sweep_v1/intphys2__backbone_sweep__jepa_v2_1__vitg_384__mlp__layer_30/seed_102,artifacts/results/intphys2,seed_runs_layerwise_backbone_sweep_v1/intphys2__backbone_sweep__jepa_v2_1__vitg_384__mlp__layer_30/seed_102,seed_runs_layerwise_backbone_sweep_v1_intphys2__backbone_sweep__jepa_v2_1__vitg_384__mlp__layer_30,intphys2__backbone_sweep__jepa_v2_1__vitg_384__mlp__layer_30__seed_102,pending,,"[""seed=102"",""split.seed=42"",""backbone.name=jepa_v2_1"",""+backbone.kwargs.variant=vitg_384"",""probe.name=mlp"",""probe.layer=30"",""probe.layers=[]"",""probe.feature_view=pooled"",""probe.device=cpu"",""probe.lr=0.00013292918943162159"",""probe.weight_decay=0.0050615768887523043"",""probe.batch_size=32"",""probe.eval_batch_size=1024"",""probe.epochs=2000"",""probe.early_stopping.enabled=false"",""probe.early_stopping.patience=5"",""probe.optuna.enabled=false"",""probe.output_dir=artifacts/probes/intphys2"",""probe.output_subdir=seed_runs_layerwise_backbone_sweep_v1/intphys2__backbone_sweep__jepa_v2_1__vitg_384__mlp__layer_30/seed_102"",""probe.eval_output_dir=artifacts/results/intphys2"",""probe.eval_output_subdir=seed_runs_layerwise_backbone_sweep_v1/intphys2__backbone_sweep__jepa_v2_1__vitg_384__mlp__layer_30/seed_102"",""probe.wandb.group=seed_runs_layerwise_backbone_sweep_v1_intphys2__backbone_sweep__jepa_v2_1__vitg_384__mlp__layer_30"",""probe.wandb.name=intphys2__backbone_sweep__jepa_v2_1__vitg_384__mlp__layer_30__seed_102"",""probe.mlp.hidden_dims=[256]"",""probe.mlp.dropout=0.21597250932105788"",""feature_cache.layer_ids=[10,20,30,40]""]",results/verified_layerwise_probe_configs.csv,78,80,e02e8afd62306e9f,VERIFIED_FULL,"{""batch_size"":32,""dropout"":0.21597250932105788,""early_stopping"":{""enabled"":false,""patience"":5},""epochs"":2000,""eval_batch_size"":1024,""feature_view"":""pooled"",""hidden_dims"":[256],""layer"":30,""lr"":0.0001329291894316216,""slot"":null,""weight_decay"":0.005061576888752304}",different_backbone_ablation/other models/intphys2/mlp/intphys2_probe_mlp_jepa_v2_1_vitg_384_20260616T210124Z/layer_30/train/optuna_summary.json
intphys2__backbone_sweep__jepa_v2_1__vitg_384__mlp__layer_40__seed_101,intphys2__backbone_sweep__jepa_v2_1__vitg_384__mlp__layer_40,train_eval.probe.intphys2,IntPhys2,intphys2,backbone_sweep,V-JEPA 2.1,ViT-G/16,MLP,mlp,101,42,jepa_v2_1,vitg_384,40,,40,pooled,0.00013292918943162159,0.0050615768887523043,32,1024,2000,false,5,[256],0.21597250932105788,,,,,cpu,artifacts/probes/intphys2,seed_runs_layerwise_backbone_sweep_v1/intphys2__backbone_sweep__jepa_v2_1__vitg_384__mlp__layer_40/seed_101,artifacts/results/intphys2,seed_runs_layerwise_backbone_sweep_v1/intphys2__backbone_sweep__jepa_v2_1__vitg_384__mlp__layer_40/seed_101,seed_runs_layerwise_backbone_sweep_v1_intphys2__backbone_sweep__jepa_v2_1__vitg_384__mlp__layer_40,intphys2__backbone_sweep__jepa_v2_1__vitg_384__mlp__layer_40__seed_101,pending,,"[""seed=101"",""split.seed=42"",""backbone.name=jepa_v2_1"",""+backbone.kwargs.variant=vitg_384"",""probe.name=mlp"",""probe.layer=40"",""probe.layers=[]"",""probe.feature_view=pooled"",""probe.device=cpu"",""probe.lr=0.00013292918943162159"",""probe.weight_decay=0.0050615768887523043"",""probe.batch_size=32"",""probe.eval_batch_size=1024"",""probe.epochs=2000"",""probe.early_stopping.enabled=false"",""probe.early_stopping.patience=5"",""probe.optuna.enabled=false"",""probe.output_dir=artifacts/probes/intphys2"",""probe.output_subdir=seed_runs_layerwise_backbone_sweep_v1/intphys2__backbone_sweep__jepa_v2_1__vitg_384__mlp__layer_40/seed_101"",""probe.eval_output_dir=artifacts/results/intphys2"",""probe.eval_output_subdir=seed_runs_layerwise_backbone_sweep_v1/intphys2__backbone_sweep__jepa_v2_1__vitg_384__mlp__layer_40/seed_101"",""probe.wandb.group=seed_runs_layerwise_backbone_sweep_v1_intphys2__backbone_sweep__jepa_v2_1__vitg_384__mlp__layer_40"",""probe.wandb.name=intphys2__backbone_sweep__jepa_v2_1__vitg_384__mlp__layer_40__seed_101"",""probe.mlp.hidden_dims=[256]"",""probe.mlp.dropout=0.21597250932105788"",""feature_cache.layer_ids=[10,20,30,40]""]",results/verified_layerwise_probe_configs.csv,79,81,c6d5b092c8e0d1c3,VERIFIED_FULL,"{""batch_size"":32,""dropout"":0.21597250932105788,""early_stopping"":{""enabled"":false,""patience"":5},""epochs"":2000,""eval_batch_size"":1024,""feature_view"":""pooled"",""hidden_dims"":[256],""layer"":40,""lr"":0.0001329291894316216,""slot"":null,""weight_decay"":0.005061576888752304}",different_backbone_ablation/other models/intphys2/mlp/intphys2_probe_mlp_jepa_v2_1_vitg_384_20260616T210124Z/layer_40/train/optuna_summary.json
intphys2__backbone_sweep__jepa_v2_1__vitg_384__mlp__layer_40__seed_102,intphys2__backbone_sweep__jepa_v2_1__vitg_384__mlp__layer_40,train_eval.probe.intphys2,IntPhys2,intphys2,backbone_sweep,V-JEPA 2.1,ViT-G/16,MLP,mlp,102,42,jepa_v2_1,vitg_384,40,,40,pooled,0.00013292918943162159,0.0050615768887523043,32,1024,2000,false,5,[256],0.21597250932105788,,,,,cpu,artifacts/probes/intphys2,seed_runs_layerwise_backbone_sweep_v1/intphys2__backbone_sweep__jepa_v2_1__vitg_384__mlp__layer_40/seed_102,artifacts/results/intphys2,seed_runs_layerwise_backbone_sweep_v1/intphys2__backbone_sweep__jepa_v2_1__vitg_384__mlp__layer_40/seed_102,seed_runs_layerwise_backbone_sweep_v1_intphys2__backbone_sweep__jepa_v2_1__vitg_384__mlp__layer_40,intphys2__backbone_sweep__jepa_v2_1__vitg_384__mlp__layer_40__seed_102,pending,,"[""seed=102"",""split.seed=42"",""backbone.name=jepa_v2_1"",""+backbone.kwargs.variant=vitg_384"",""probe.name=mlp"",""probe.layer=40"",""probe.layers=[]"",""probe.feature_view=pooled"",""probe.device=cpu"",""probe.lr=0.00013292918943162159"",""probe.weight_decay=0.0050615768887523043"",""probe.batch_size=32"",""probe.eval_batch_size=1024"",""probe.epochs=2000"",""probe.early_stopping.enabled=false"",""probe.early_stopping.patience=5"",""probe.optuna.enabled=false"",""probe.output_dir=artifacts/probes/intphys2"",""probe.output_subdir=seed_runs_layerwise_backbone_sweep_v1/intphys2__backbone_sweep__jepa_v2_1__vitg_384__mlp__layer_40/seed_102"",""probe.eval_output_dir=artifacts/results/intphys2"",""probe.eval_output_subdir=seed_runs_layerwise_backbone_sweep_v1/intphys2__backbone_sweep__jepa_v2_1__vitg_384__mlp__layer_40/seed_102"",""probe.wandb.group=seed_runs_layerwise_backbone_sweep_v1_intphys2__backbone_sweep__jepa_v2_1__vitg_384__mlp__layer_40"",""probe.wandb.name=intphys2__backbone_sweep__jepa_v2_1__vitg_384__mlp__layer_40__seed_102"",""probe.mlp.hidden_dims=[256]"",""probe.mlp.dropout=0.21597250932105788"",""feature_cache.layer_ids=[10,20,30,40]""]",results/verified_layerwise_probe_configs.csv,79,81,c6d5b092c8e0d1c3,VERIFIED_FULL,"{""batch_size"":32,""dropout"":0.21597250932105788,""early_stopping"":{""enabled"":false,""patience"":5},""epochs"":2000,""eval_batch_size"":1024,""feature_view"":""pooled"",""hidden_dims"":[256],""layer"":40,""lr"":0.0001329291894316216,""slot"":null,""weight_decay"":0.005061576888752304}",different_backbone_ablation/other models/intphys2/mlp/intphys2_probe_mlp_jepa_v2_1_vitg_384_20260616T210124Z/layer_40/train/optuna_summary.json
intphys2__backbone_sweep__videomae_v2__vit_base_16_224__linear__layer_3__seed_101,intphys2__backbone_sweep__videomae_v2__vit_base_16_224__linear__layer_3,train_eval.probe.intphys2,IntPhys2,intphys2,backbone_sweep,VideoMAE-v2,ViT-B/16,Linear,linear,101,42,videomae_v2,vit_base_16_224,3,,3,pooled,0.0031428808908401098,1.8794668241638429e-07,256,1024,100,false,5,,,,,,,cpu,artifacts/probes/intphys2,seed_runs_layerwise_backbone_sweep_v1/intphys2__backbone_sweep__videomae_v2__vit_base_16_224__linear__layer_3/seed_101,artifacts/results/intphys2,seed_runs_layerwise_backbone_sweep_v1/intphys2__backbone_sweep__videomae_v2__vit_base_16_224__linear__layer_3/seed_101,seed_runs_layerwise_backbone_sweep_v1_intphys2__backbone_sweep__videomae_v2__vit_base_16_224__linear__layer_3,intphys2__backbone_sweep__videomae_v2__vit_base_16_224__linear__layer_3__seed_101,pending,,"[""seed=101"",""split.seed=42"",""backbone.name=videomae_v2"",""+backbone.kwargs.variant=vit_base_16_224"",""probe.name=linear"",""probe.layer=3"",""probe.layers=[]"",""probe.feature_view=pooled"",""probe.device=cpu"",""probe.lr=0.0031428808908401098"",""probe.weight_decay=1.8794668241638429e-07"",""probe.batch_size=256"",""probe.eval_batch_size=1024"",""probe.epochs=100"",""probe.early_stopping.enabled=false"",""probe.early_stopping.patience=5"",""probe.optuna.enabled=false"",""probe.output_dir=artifacts/probes/intphys2"",""probe.output_subdir=seed_runs_layerwise_backbone_sweep_v1/intphys2__backbone_sweep__videomae_v2__vit_base_16_224__linear__layer_3/seed_101"",""probe.eval_output_dir=artifacts/results/intphys2"",""probe.eval_output_subdir=seed_runs_layerwise_backbone_sweep_v1/intphys2__backbone_sweep__videomae_v2__vit_base_16_224__linear__layer_3/seed_101"",""probe.wandb.group=seed_runs_layerwise_backbone_sweep_v1_intphys2__backbone_sweep__videomae_v2__vit_base_16_224__linear__layer_3"",""probe.wandb.name=intphys2__backbone_sweep__videomae_v2__vit_base_16_224__linear__layer_3__seed_101"",""feature_cache.layer_ids=[3,6,9,12]""]",results/verified_layerwise_probe_configs.csv,120,122,36d16b850ec4fee2,VERIFIED_FULL,"{""batch_size"":256,""early_stopping"":{""enabled"":false,""patience"":5},""epochs"":100,""eval_batch_size"":1024,""feature_view"":""pooled"",""layer"":3,""lr"":0.00314288089084011,""slot"":null,""weight_decay"":1.879466824163843e-07}",different_backbone_ablation/other models/intphys2/linear/intphys2_probe_linear_videomae_v2_vit_base_16_224_20260616T163311Z/layer_3/train/optuna_summary.json
intphys2__backbone_sweep__videomae_v2__vit_base_16_224__linear__layer_3__seed_102,intphys2__backbone_sweep__videomae_v2__vit_base_16_224__linear__layer_3,train_eval.probe.intphys2,IntPhys2,intphys2,backbone_sweep,VideoMAE-v2,ViT-B/16,Linear,linear,102,42,videomae_v2,vit_base_16_224,3,,3,pooled,0.0031428808908401098,1.8794668241638429e-07,256,1024,100,false,5,,,,,,,cpu,artifacts/probes/intphys2,seed_runs_layerwise_backbone_sweep_v1/intphys2__backbone_sweep__videomae_v2__vit_base_16_224__linear__layer_3/seed_102,artifacts/results/intphys2,seed_runs_layerwise_backbone_sweep_v1/intphys2__backbone_sweep__videomae_v2__vit_base_16_224__linear__layer_3/seed_102,seed_runs_layerwise_backbone_sweep_v1_intphys2__backbone_sweep__videomae_v2__vit_base_16_224__linear__layer_3,intphys2__backbone_sweep__videomae_v2__vit_base_16_224__linear__layer_3__seed_102,pending,,"[""seed=102"",""split.seed=42"",""backbone.name=videomae_v2"",""+backbone.kwargs.variant=vit_base_16_224"",""probe.name=linear"",""probe.layer=3"",""probe.layers=[]"",""probe.feature_view=pooled"",""probe.device=cpu"",""probe.lr=0.0031428808908401098"",""probe.weight_decay=1.8794668241638429e-07"",""probe.batch_size=256"",""probe.eval_batch_size=1024"",""probe.epochs=100"",""probe.early_stopping.enabled=false"",""probe.early_stopping.patience=5"",""probe.optuna.enabled=false"",""probe.output_dir=artifacts/probes/intphys2"",""probe.output_subdir=seed_runs_layerwise_backbone_sweep_v1/intphys2__backbone_sweep__videomae_v2__vit_base_16_224__linear__layer_3/seed_102"",""probe.eval_output_dir=artifacts/results/intphys2"",""probe.eval_output_subdir=seed_runs_layerwise_backbone_sweep_v1/intphys2__backbone_sweep__videomae_v2__vit_base_16_224__linear__layer_3/seed_102"",""probe.wandb.group=seed_runs_layerwise_backbone_sweep_v1_intphys2__backbone_sweep__videomae_v2__vit_base_16_224__linear__layer_3"",""probe.wandb.name=intphys2__backbone_sweep__videomae_v2__vit_base_16_224__linear__layer_3__seed_102"",""feature_cache.layer_ids=[3,6,9,12]""]",results/verified_layerwise_probe_configs.csv,120,122,36d16b850ec4fee2,VERIFIED_FULL,"{""batch_size"":256,""early_stopping"":{""enabled"":false,""patience"":5},""epochs"":100,""eval_batch_size"":1024,""feature_view"":""pooled"",""layer"":3,""lr"":0.00314288089084011,""slot"":null,""weight_decay"":1.879466824163843e-07}",different_backbone_ablation/other models/intphys2/linear/intphys2_probe_linear_videomae_v2_vit_base_16_224_20260616T163311Z/layer_3/train/optuna_summary.json
intphys2__backbone_sweep__videomae_v2__vit_base_16_224__linear__layer_6__seed_101,intphys2__backbone_sweep__videomae_v2__vit_base_16_224__linear__layer_6,train_eval.probe.intphys2,IntPhys2,intphys2,backbone_sweep,VideoMAE-v2,ViT-B/16,Linear,linear,101,42,videomae_v2,vit_base_16_224,6,,6,pooled,0.0031428808908401098,1.8794668241638429e-07,256,1024,100,false,5,,,,,,,cpu,artifacts/probes/intphys2,seed_runs_layerwise_backbone_sweep_v1/intphys2__backbone_sweep__videomae_v2__vit_base_16_224__linear__layer_6/seed_101,artifacts/results/intphys2,seed_runs_layerwise_backbone_sweep_v1/intphys2__backbone_sweep__videomae_v2__vit_base_16_224__linear__layer_6/seed_101,seed_runs_layerwise_backbone_sweep_v1_intphys2__backbone_sweep__videomae_v2__vit_base_16_224__linear__layer_6,intphys2__backbone_sweep__videomae_v2__vit_base_16_224__linear__layer_6__seed_101,pending,,"[""seed=101"",""split.seed=42"",""backbone.name=videomae_v2"",""+backbone.kwargs.variant=vit_base_16_224"",""probe.name=linear"",""probe.layer=6"",""probe.layers=[]"",""probe.feature_view=pooled"",""probe.device=cpu"",""probe.lr=0.0031428808908401098"",""probe.weight_decay=1.8794668241638429e-07"",""probe.batch_size=256"",""probe.eval_batch_size=1024"",""probe.epochs=100"",""probe.early_stopping.enabled=false"",""probe.early_stopping.patience=5"",""probe.optuna.enabled=false"",""probe.output_dir=artifacts/probes/intphys2"",""probe.output_subdir=seed_runs_layerwise_backbone_sweep_v1/intphys2__backbone_sweep__videomae_v2__vit_base_16_224__linear__layer_6/seed_101"",""probe.eval_output_dir=artifacts/results/intphys2"",""probe.eval_output_subdir=seed_runs_layerwise_backbone_sweep_v1/intphys2__backbone_sweep__videomae_v2__vit_base_16_224__linear__layer_6/seed_101"",""probe.wandb.group=seed_runs_layerwise_backbone_sweep_v1_intphys2__backbone_sweep__videomae_v2__vit_base_16_224__linear__layer_6"",""probe.wandb.name=intphys2__backbone_sweep__videomae_v2__vit_base_16_224__linear__layer_6__seed_101"",""feature_cache.layer_ids=[3,6,9,12]""]",results/verified_layerwise_probe_configs.csv,121,123,575a0f5e6d60fd6e,VERIFIED_FULL,"{""batch_size"":256,""early_stopping"":{""enabled"":false,""patience"":5},""epochs"":100,""eval_batch_size"":1024,""feature_view"":""pooled"",""layer"":6,""lr"":0.00314288089084011,""slot"":null,""weight_decay"":1.879466824163843e-07}",different_backbone_ablation/other models/intphys2/linear/intphys2_probe_linear_videomae_v2_vit_base_16_224_20260616T163311Z/layer_6/train/optuna_summary.json
intphys2__backbone_sweep__videomae_v2__vit_base_16_224__linear__layer_6__seed_102,intphys2__backbone_sweep__videomae_v2__vit_base_16_224__linear__layer_6,train_eval.probe.intphys2,IntPhys2,intphys2,backbone_sweep,VideoMAE-v2,ViT-B/16,Linear,linear,102,42,videomae_v2,vit_base_16_224,6,,6,pooled,0.0031428808908401098,1.8794668241638429e-07,256,1024,100,false,5,,,,,,,cpu,artifacts/probes/intphys2,seed_runs_layerwise_backbone_sweep_v1/intphys2__backbone_sweep__videomae_v2__vit_base_16_224__linear__layer_6/seed_102,artifacts/results/intphys2,seed_runs_layerwise_backbone_sweep_v1/intphys2__backbone_sweep__videomae_v2__vit_base_16_224__linear__layer_6/seed_102,seed_runs_layerwise_backbone_sweep_v1_intphys2__backbone_sweep__videomae_v2__vit_base_16_224__linear__layer_6,intphys2__backbone_sweep__videomae_v2__vit_base_16_224__linear__layer_6__seed_102,pending,,"[""seed=102"",""split.seed=42"",""backbone.name=videomae_v2"",""+backbone.kwargs.variant=vit_base_16_224"",""probe.name=linear"",""probe.layer=6"",""probe.layers=[]"",""probe.feature_view=pooled"",""probe.device=cpu"",""probe.lr=0.0031428808908401098"",""probe.weight_decay=1.8794668241638429e-07"",""probe.batch_size=256"",""probe.eval_batch_size=1024"",""probe.epochs=100"",""probe.early_stopping.enabled=false"",""probe.early_stopping.patience=5"",""probe.optuna.enabled=false"",""probe.output_dir=artifacts/probes/intphys2"",""probe.output_subdir=seed_runs_layerwise_backbone_sweep_v1/intphys2__backbone_sweep__videomae_v2__vit_base_16_224__linear__layer_6/seed_102"",""probe.eval_output_dir=artifacts/results/intphys2"",""probe.eval_output_subdir=seed_runs_layerwise_backbone_sweep_v1/intphys2__backbone_sweep__videomae_v2__vit_base_16_224__linear__layer_6/seed_102"",""probe.wandb.group=seed_runs_layerwise_backbone_sweep_v1_intphys2__backbone_sweep__videomae_v2__vit_base_16_224__linear__layer_6"",""probe.wandb.name=intphys2__backbone_sweep__videomae_v2__vit_base_16_224__linear__layer_6__seed_102"",""feature_cache.layer_ids=[3,6,9,12]""]",results/verified_layerwise_probe_configs.csv,121,123,575a0f5e6d60fd6e,VERIFIED_FULL,"{""batch_size"":256,""early_stopping"":{""enabled"":false,""patience"":5},""epochs"":100,""eval_batch_size"":1024,""feature_view"":""pooled"",""layer"":6,""lr"":0.00314288089084011,""slot"":null,""weight_decay"":1.879466824163843e-07}",different_backbone_ablation/other models/intphys2/linear/intphys2_probe_linear_videomae_v2_vit_base_16_224_20260616T163311Z/layer_6/train/optuna_summary.json
intphys2__backbone_sweep__videomae_v2__vit_base_16_224__linear__layer_9__seed_101,intphys2__backbone_sweep__videomae_v2__vit_base_16_224__linear__layer_9,train_eval.probe.intphys2,IntPhys2,intphys2,backbone_sweep,VideoMAE-v2,ViT-B/16,Linear,linear,101,42,videomae_v2,vit_base_16_224,9,,9,pooled,0.0031428808908401098,1.8794668241638429e-07,256,1024,100,false,5,,,,,,,cpu,artifacts/probes/intphys2,seed_runs_layerwise_backbone_sweep_v1/intphys2__backbone_sweep__videomae_v2__vit_base_16_224__linear__layer_9/seed_101,artifacts/results/intphys2,seed_runs_layerwise_backbone_sweep_v1/intphys2__backbone_sweep__videomae_v2__vit_base_16_224__linear__layer_9/seed_101,seed_runs_layerwise_backbone_sweep_v1_intphys2__backbone_sweep__videomae_v2__vit_base_16_224__linear__layer_9,intphys2__backbone_sweep__videomae_v2__vit_base_16_224__linear__layer_9__seed_101,pending,,"[""seed=101"",""split.seed=42"",""backbone.name=videomae_v2"",""+backbone.kwargs.variant=vit_base_16_224"",""probe.name=linear"",""probe.layer=9"",""probe.layers=[]"",""probe.feature_view=pooled"",""probe.device=cpu"",""probe.lr=0.0031428808908401098"",""probe.weight_decay=1.8794668241638429e-07"",""probe.batch_size=256"",""probe.eval_batch_size=1024"",""probe.epochs=100"",""probe.early_stopping.enabled=false"",""probe.early_stopping.patience=5"",""probe.optuna.enabled=false"",""probe.output_dir=artifacts/probes/intphys2"",""probe.output_subdir=seed_runs_layerwise_backbone_sweep_v1/intphys2__backbone_sweep__videomae_v2__vit_base_16_224__linear__layer_9/seed_101"",""probe.eval_output_dir=artifacts/results/intphys2"",""probe.eval_output_subdir=seed_runs_layerwise_backbone_sweep_v1/intphys2__backbone_sweep__videomae_v2__vit_base_16_224__linear__layer_9/seed_101"",""probe.wandb.group=seed_runs_layerwise_backbone_sweep_v1_intphys2__backbone_sweep__videomae_v2__vit_base_16_224__linear__layer_9"",""probe.wandb.name=intphys2__backbone_sweep__videomae_v2__vit_base_16_224__linear__layer_9__seed_101"",""feature_cache.layer_ids=[3,6,9,12]""]",results/verified_layerwise_probe_configs.csv,122,124,e002553e542cc249,VERIFIED_FULL,"{""batch_size"":256,""early_stopping"":{""enabled"":false,""patience"":5},""epochs"":100,""eval_batch_size"":1024,""feature_view"":""pooled"",""layer"":9,""lr"":0.00314288089084011,""slot"":null,""weight_decay"":1.879466824163843e-07}",different_backbone_ablation/other models/intphys2/linear/intphys2_probe_linear_videomae_v2_vit_base_16_224_20260616T163311Z/layer_9/train/optuna_summary.json
intphys2__backbone_sweep__videomae_v2__vit_base_16_224__linear__layer_9__seed_102,intphys2__backbone_sweep__videomae_v2__vit_base_16_224__linear__layer_9,train_eval.probe.intphys2,IntPhys2,intphys2,backbone_sweep,VideoMAE-v2,ViT-B/16,Linear,linear,102,42,videomae_v2,vit_base_16_224,9,,9,pooled,0.0031428808908401098,1.8794668241638429e-07,256,1024,100,false,5,,,,,,,cpu,artifacts/probes/intphys2,seed_runs_layerwise_backbone_sweep_v1/intphys2__backbone_sweep__videomae_v2__vit_base_16_224__linear__layer_9/seed_102,artifacts/results/intphys2,seed_runs_layerwise_backbone_sweep_v1/intphys2__backbone_sweep__videomae_v2__vit_base_16_224__linear__layer_9/seed_102,seed_runs_layerwise_backbone_sweep_v1_intphys2__backbone_sweep__videomae_v2__vit_base_16_224__linear__layer_9,intphys2__backbone_sweep__videomae_v2__vit_base_16_224__linear__layer_9__seed_102,pending,,"[""seed=102"",""split.seed=42"",""backbone.name=videomae_v2"",""+backbone.kwargs.variant=vit_base_16_224"",""probe.name=linear"",""probe.layer=9"",""probe.layers=[]"",""probe.feature_view=pooled"",""probe.device=cpu"",""probe.lr=0.0031428808908401098"",""probe.weight_decay=1.8794668241638429e-07"",""probe.batch_size=256"",""probe.eval_batch_size=1024"",""probe.epochs=100"",""probe.early_stopping.enabled=false"",""probe.early_stopping.patience=5"",""probe.optuna.enabled=false"",""probe.output_dir=artifacts/probes/intphys2"",""probe.output_subdir=seed_runs_layerwise_backbone_sweep_v1/intphys2__backbone_sweep__videomae_v2__vit_base_16_224__linear__layer_9/seed_102"",""probe.eval_output_dir=artifacts/results/intphys2"",""probe.eval_output_subdir=seed_runs_layerwise_backbone_sweep_v1/intphys2__backbone_sweep__videomae_v2__vit_base_16_224__linear__layer_9/seed_102"",""probe.wandb.group=seed_runs_layerwise_backbone_sweep_v1_intphys2__backbone_sweep__videomae_v2__vit_base_16_224__linear__layer_9"",""probe.wandb.name=intphys2__backbone_sweep__videomae_v2__vit_base_16_224__linear__layer_9__seed_102"",""feature_cache.layer_ids=[3,6,9,12]""]",results/verified_layerwise_probe_configs.csv,122,124,e002553e542cc249,VERIFIED_FULL,"{""batch_size"":256,""early_stopping"":{""enabled"":false,""patience"":5},""epochs"":100,""eval_batch_size"":1024,""feature_view"":""pooled"",""layer"":9,""lr"":0.00314288089084011,""slot"":null,""weight_decay"":1.879466824163843e-07}",different_backbone_ablation/other models/intphys2/linear/intphys2_probe_linear_videomae_v2_vit_base_16_224_20260616T163311Z/layer_9/train/optuna_summary.json
intphys2__backbone_sweep__videomae_v2__vit_base_16_224__linear__layer_12__seed_101,intphys2__backbone_sweep__videomae_v2__vit_base_16_224__linear__layer_12,train_eval.probe.intphys2,IntPhys2,intphys2,backbone_sweep,VideoMAE-v2,ViT-B/16,Linear,linear,101,42,videomae_v2,vit_base_16_224,12,,12,pooled,0.009131062331819902,6.8718452710639296e-05,64,1024,100,false,5,,,,,,,cpu,artifacts/probes/intphys2,seed_runs_layerwise_backbone_sweep_v1/intphys2__backbone_sweep__videomae_v2__vit_base_16_224__linear__layer_12/seed_101,artifacts/results/intphys2,seed_runs_layerwise_backbone_sweep_v1/intphys2__backbone_sweep__videomae_v2__vit_base_16_224__linear__layer_12/seed_101,seed_runs_layerwise_backbone_sweep_v1_intphys2__backbone_sweep__videomae_v2__vit_base_16_224__linear__layer_12,intphys2__backbone_sweep__videomae_v2__vit_base_16_224__linear__layer_12__seed_101,pending,,"[""seed=101"",""split.seed=42"",""backbone.name=videomae_v2"",""+backbone.kwargs.variant=vit_base_16_224"",""probe.name=linear"",""probe.layer=12"",""probe.layers=[]"",""probe.feature_view=pooled"",""probe.device=cpu"",""probe.lr=0.009131062331819902"",""probe.weight_decay=6.8718452710639296e-05"",""probe.batch_size=64"",""probe.eval_batch_size=1024"",""probe.epochs=100"",""probe.early_stopping.enabled=false"",""probe.early_stopping.patience=5"",""probe.optuna.enabled=false"",""probe.output_dir=artifacts/probes/intphys2"",""probe.output_subdir=seed_runs_layerwise_backbone_sweep_v1/intphys2__backbone_sweep__videomae_v2__vit_base_16_224__linear__layer_12/seed_101"",""probe.eval_output_dir=artifacts/results/intphys2"",""probe.eval_output_subdir=seed_runs_layerwise_backbone_sweep_v1/intphys2__backbone_sweep__videomae_v2__vit_base_16_224__linear__layer_12/seed_101"",""probe.wandb.group=seed_runs_layerwise_backbone_sweep_v1_intphys2__backbone_sweep__videomae_v2__vit_base_16_224__linear__layer_12"",""probe.wandb.name=intphys2__backbone_sweep__videomae_v2__vit_base_16_224__linear__layer_12__seed_101"",""feature_cache.layer_ids=[3,6,9,12]""]",results/verified_layerwise_probe_configs.csv,123,125,a1fe784a1ad8ea8f,VERIFIED_FULL,"{""batch_size"":64,""early_stopping"":{""enabled"":false,""patience"":5},""epochs"":100,""eval_batch_size"":1024,""feature_view"":""pooled"",""layer"":12,""lr"":0.009131062331819902,""slot"":null,""weight_decay"":6.87184527106393e-05}",different_backbone_ablation/other models/intphys2/linear/intphys2_probe_linear_videomae_v2_vit_base_16_224_20260616T163311Z/layer_12/train/optuna_summary.json
intphys2__backbone_sweep__videomae_v2__vit_base_16_224__linear__layer_12__seed_102,intphys2__backbone_sweep__videomae_v2__vit_base_16_224__linear__layer_12,train_eval.probe.intphys2,IntPhys2,intphys2,backbone_sweep,VideoMAE-v2,ViT-B/16,Linear,linear,102,42,videomae_v2,vit_base_16_224,12,,12,pooled,0.009131062331819902,6.8718452710639296e-05,64,1024,100,false,5,,,,,,,cpu,artifacts/probes/intphys2,seed_runs_layerwise_backbone_sweep_v1/intphys2__backbone_sweep__videomae_v2__vit_base_16_224__linear__layer_12/seed_102,artifacts/results/intphys2,seed_runs_layerwise_backbone_sweep_v1/intphys2__backbone_sweep__videomae_v2__vit_base_16_224__linear__layer_12/seed_102,seed_runs_layerwise_backbone_sweep_v1_intphys2__backbone_sweep__videomae_v2__vit_base_16_224__linear__layer_12,intphys2__backbone_sweep__videomae_v2__vit_base_16_224__linear__layer_12__seed_102,pending,,"[""seed=102"",""split.seed=42"",""backbone.name=videomae_v2"",""+backbone.kwargs.variant=vit_base_16_224"",""probe.name=linear"",""probe.layer=12"",""probe.layers=[]"",""probe.feature_view=pooled"",""probe.device=cpu"",""probe.lr=0.009131062331819902"",""probe.weight_decay=6.8718452710639296e-05"",""probe.batch_size=64"",""probe.eval_batch_size=1024"",""probe.epochs=100"",""probe.early_stopping.enabled=false"",""probe.early_stopping.patience=5"",""probe.optuna.enabled=false"",""probe.output_dir=artifacts/probes/intphys2"",""probe.output_subdir=seed_runs_layerwise_backbone_sweep_v1/intphys2__backbone_sweep__videomae_v2__vit_base_16_224__linear__layer_12/seed_102"",""probe.eval_output_dir=artifacts/results/intphys2"",""probe.eval_output_subdir=seed_runs_layerwise_backbone_sweep_v1/intphys2__backbone_sweep__videomae_v2__vit_base_16_224__linear__layer_12/seed_102"",""probe.wandb.group=seed_runs_layerwise_backbone_sweep_v1_intphys2__backbone_sweep__videomae_v2__vit_base_16_224__linear__layer_12"",""probe.wandb.name=intphys2__backbone_sweep__videomae_v2__vit_base_16_224__linear__layer_12__seed_102"",""feature_cache.layer_ids=[3,6,9,12]""]",results/verified_layerwise_probe_configs.csv,123,125,a1fe784a1ad8ea8f,VERIFIED_FULL,"{""batch_size"":64,""early_stopping"":{""enabled"":false,""patience"":5},""epochs"":100,""eval_batch_size"":1024,""feature_view"":""pooled"",""layer"":12,""lr"":0.009131062331819902,""slot"":null,""weight_decay"":6.87184527106393e-05}",different_backbone_ablation/other models/intphys2/linear/intphys2_probe_linear_videomae_v2_vit_base_16_224_20260616T163311Z/layer_12/train/optuna_summary.json
intphys2__backbone_sweep__videomae_v2__vit_base_16_224__mlp__layer_3__seed_101,intphys2__backbone_sweep__videomae_v2__vit_base_16_224__mlp__layer_3,train_eval.probe.intphys2,IntPhys2,intphys2,backbone_sweep,VideoMAE-v2,ViT-B/16,MLP,mlp,101,42,videomae_v2,vit_base_16_224,3,,3,pooled,0.0068455702672729317,0.00021363875978487205,64,1024,20,false,5,"[512,256]",0.22839029847739306,,,,,cpu,artifacts/probes/intphys2,seed_runs_layerwise_backbone_sweep_v1/intphys2__backbone_sweep__videomae_v2__vit_base_16_224__mlp__layer_3/seed_101,artifacts/results/intphys2,seed_runs_layerwise_backbone_sweep_v1/intphys2__backbone_sweep__videomae_v2__vit_base_16_224__mlp__layer_3/seed_101,seed_runs_layerwise_backbone_sweep_v1_intphys2__backbone_sweep__videomae_v2__vit_base_16_224__mlp__layer_3,intphys2__backbone_sweep__videomae_v2__vit_base_16_224__mlp__layer_3__seed_101,pending,,"[""seed=101"",""split.seed=42"",""backbone.name=videomae_v2"",""+backbone.kwargs.variant=vit_base_16_224"",""probe.name=mlp"",""probe.layer=3"",""probe.layers=[]"",""probe.feature_view=pooled"",""probe.device=cpu"",""probe.lr=0.0068455702672729317"",""probe.weight_decay=0.00021363875978487205"",""probe.batch_size=64"",""probe.eval_batch_size=1024"",""probe.epochs=20"",""probe.early_stopping.enabled=false"",""probe.early_stopping.patience=5"",""probe.optuna.enabled=false"",""probe.output_dir=artifacts/probes/intphys2"",""probe.output_subdir=seed_runs_layerwise_backbone_sweep_v1/intphys2__backbone_sweep__videomae_v2__vit_base_16_224__mlp__layer_3/seed_101"",""probe.eval_output_dir=artifacts/results/intphys2"",""probe.eval_output_subdir=seed_runs_layerwise_backbone_sweep_v1/intphys2__backbone_sweep__videomae_v2__vit_base_16_224__mlp__layer_3/seed_101"",""probe.wandb.group=seed_runs_layerwise_backbone_sweep_v1_intphys2__backbone_sweep__videomae_v2__vit_base_16_224__mlp__layer_3"",""probe.wandb.name=intphys2__backbone_sweep__videomae_v2__vit_base_16_224__mlp__layer_3__seed_101"",""probe.mlp.hidden_dims=[512,256]"",""probe.mlp.dropout=0.22839029847739306"",""feature_cache.layer_ids=[3,6,9,12]""]",results/verified_layerwise_probe_configs.csv,124,126,8c9b02e065c4b381,VERIFIED_FULL,"{""batch_size"":64,""dropout"":0.22839029847739306,""early_stopping"":{""enabled"":false,""patience"":5},""epochs"":20,""eval_batch_size"":1024,""feature_view"":""pooled"",""hidden_dims"":[512,256],""layer"":3,""lr"":0.006845570267272932,""slot"":null,""weight_decay"":0.00021363875978487205}",different_backbone_ablation/other models/intphys2/mlp/intphys2_probe_mlp_videomae_v2_vit_base_16_224_20260616T210124Z/layer_3/train/optuna_summary.json
intphys2__backbone_sweep__videomae_v2__vit_base_16_224__mlp__layer_3__seed_102,intphys2__backbone_sweep__videomae_v2__vit_base_16_224__mlp__layer_3,train_eval.probe.intphys2,IntPhys2,intphys2,backbone_sweep,VideoMAE-v2,ViT-B/16,MLP,mlp,102,42,videomae_v2,vit_base_16_224,3,,3,pooled,0.0068455702672729317,0.00021363875978487205,64,1024,20,false,5,"[512,256]",0.22839029847739306,,,,,cpu,artifacts/probes/intphys2,seed_runs_layerwise_backbone_sweep_v1/intphys2__backbone_sweep__videomae_v2__vit_base_16_224__mlp__layer_3/seed_102,artifacts/results/intphys2,seed_runs_layerwise_backbone_sweep_v1/intphys2__backbone_sweep__videomae_v2__vit_base_16_224__mlp__layer_3/seed_102,seed_runs_layerwise_backbone_sweep_v1_intphys2__backbone_sweep__videomae_v2__vit_base_16_224__mlp__layer_3,intphys2__backbone_sweep__videomae_v2__vit_base_16_224__mlp__layer_3__seed_102,pending,,"[""seed=102"",""split.seed=42"",""backbone.name=videomae_v2"",""+backbone.kwargs.variant=vit_base_16_224"",""probe.name=mlp"",""probe.layer=3"",""probe.layers=[]"",""probe.feature_view=pooled"",""probe.device=cpu"",""probe.lr=0.0068455702672729317"",""probe.weight_decay=0.00021363875978487205"",""probe.batch_size=64"",""probe.eval_batch_size=1024"",""probe.epochs=20"",""probe.early_stopping.enabled=false"",""probe.early_stopping.patience=5"",""probe.optuna.enabled=false"",""probe.output_dir=artifacts/probes/intphys2"",""probe.output_subdir=seed_runs_layerwise_backbone_sweep_v1/intphys2__backbone_sweep__videomae_v2__vit_base_16_224__mlp__layer_3/seed_102"",""probe.eval_output_dir=artifacts/results/intphys2"",""probe.eval_output_subdir=seed_runs_layerwise_backbone_sweep_v1/intphys2__backbone_sweep__videomae_v2__vit_base_16_224__mlp__layer_3/seed_102"",""probe.wandb.group=seed_runs_layerwise_backbone_sweep_v1_intphys2__backbone_sweep__videomae_v2__vit_base_16_224__mlp__layer_3"",""probe.wandb.name=intphys2__backbone_sweep__videomae_v2__vit_base_16_224__mlp__layer_3__seed_102"",""probe.mlp.hidden_dims=[512,256]"",""probe.mlp.dropout=0.22839029847739306"",""feature_cache.layer_ids=[3,6,9,12]""]",results/verified_layerwise_probe_configs.csv,124,126,8c9b02e065c4b381,VERIFIED_FULL,"{""batch_size"":64,""dropout"":0.22839029847739306,""early_stopping"":{""enabled"":false,""patience"":5},""epochs"":20,""eval_batch_size"":1024,""feature_view"":""pooled"",""hidden_dims"":[512,256],""layer"":3,""lr"":0.006845570267272932,""slot"":null,""weight_decay"":0.00021363875978487205}",different_backbone_ablation/other models/intphys2/mlp/intphys2_probe_mlp_videomae_v2_vit_base_16_224_20260616T210124Z/layer_3/train/optuna_summary.json
intphys2__backbone_sweep__videomae_v2__vit_base_16_224__mlp__layer_6__seed_101,intphys2__backbone_sweep__videomae_v2__vit_base_16_224__mlp__layer_6,train_eval.probe.intphys2,IntPhys2,intphys2,backbone_sweep,VideoMAE-v2,ViT-B/16,MLP,mlp,101,42,videomae_v2,vit_base_16_224,6,,6,pooled,0.0011290133559092666,4.3743644399390693e-06,256,1024,50,false,5,[256],0.044246251025959749,,,,,cpu,artifacts/probes/intphys2,seed_runs_layerwise_backbone_sweep_v1/intphys2__backbone_sweep__videomae_v2__vit_base_16_224__mlp__layer_6/seed_101,artifacts/results/intphys2,seed_runs_layerwise_backbone_sweep_v1/intphys2__backbone_sweep__videomae_v2__vit_base_16_224__mlp__layer_6/seed_101,seed_runs_layerwise_backbone_sweep_v1_intphys2__backbone_sweep__videomae_v2__vit_base_16_224__mlp__layer_6,intphys2__backbone_sweep__videomae_v2__vit_base_16_224__mlp__layer_6__seed_101,pending,,"[""seed=101"",""split.seed=42"",""backbone.name=videomae_v2"",""+backbone.kwargs.variant=vit_base_16_224"",""probe.name=mlp"",""probe.layer=6"",""probe.layers=[]"",""probe.feature_view=pooled"",""probe.device=cpu"",""probe.lr=0.0011290133559092666"",""probe.weight_decay=4.3743644399390693e-06"",""probe.batch_size=256"",""probe.eval_batch_size=1024"",""probe.epochs=50"",""probe.early_stopping.enabled=false"",""probe.early_stopping.patience=5"",""probe.optuna.enabled=false"",""probe.output_dir=artifacts/probes/intphys2"",""probe.output_subdir=seed_runs_layerwise_backbone_sweep_v1/intphys2__backbone_sweep__videomae_v2__vit_base_16_224__mlp__layer_6/seed_101"",""probe.eval_output_dir=artifacts/results/intphys2"",""probe.eval_output_subdir=seed_runs_layerwise_backbone_sweep_v1/intphys2__backbone_sweep__videomae_v2__vit_base_16_224__mlp__layer_6/seed_101"",""probe.wandb.group=seed_runs_layerwise_backbone_sweep_v1_intphys2__backbone_sweep__videomae_v2__vit_base_16_224__mlp__layer_6"",""probe.wandb.name=intphys2__backbone_sweep__videomae_v2__vit_base_16_224__mlp__layer_6__seed_101"",""probe.mlp.hidden_dims=[256]"",""probe.mlp.dropout=0.044246251025959749"",""feature_cache.layer_ids=[3,6,9,12]""]",results/verified_layerwise_probe_configs.csv,125,127,d1844a1876dcfea9,VERIFIED_FULL,"{""batch_size"":256,""dropout"":0.04424625102595975,""early_stopping"":{""enabled"":false,""patience"":5},""epochs"":50,""eval_batch_size"":1024,""feature_view"":""pooled"",""hidden_dims"":[256],""layer"":6,""lr"":0.0011290133559092666,""slot"":null,""weight_decay"":4.374364439939069e-06}",different_backbone_ablation/other models/intphys2/mlp/intphys2_probe_mlp_videomae_v2_vit_base_16_224_20260616T210124Z/layer_6/train/optuna_summary.json
intphys2__backbone_sweep__videomae_v2__vit_base_16_224__mlp__layer_6__seed_102,intphys2__backbone_sweep__videomae_v2__vit_base_16_224__mlp__layer_6,train_eval.probe.intphys2,IntPhys2,intphys2,backbone_sweep,VideoMAE-v2,ViT-B/16,MLP,mlp,102,42,videomae_v2,vit_base_16_224,6,,6,pooled,0.0011290133559092666,4.3743644399390693e-06,256,1024,50,false,5,[256],0.044246251025959749,,,,,cpu,artifacts/probes/intphys2,seed_runs_layerwise_backbone_sweep_v1/intphys2__backbone_sweep__videomae_v2__vit_base_16_224__mlp__layer_6/seed_102,artifacts/results/intphys2,seed_runs_layerwise_backbone_sweep_v1/intphys2__backbone_sweep__videomae_v2__vit_base_16_224__mlp__layer_6/seed_102,seed_runs_layerwise_backbone_sweep_v1_intphys2__backbone_sweep__videomae_v2__vit_base_16_224__mlp__layer_6,intphys2__backbone_sweep__videomae_v2__vit_base_16_224__mlp__layer_6__seed_102,pending,,"[""seed=102"",""split.seed=42"",""backbone.name=videomae_v2"",""+backbone.kwargs.variant=vit_base_16_224"",""probe.name=mlp"",""probe.layer=6"",""probe.layers=[]"",""probe.feature_view=pooled"",""probe.device=cpu"",""probe.lr=0.0011290133559092666"",""probe.weight_decay=4.3743644399390693e-06"",""probe.batch_size=256"",""probe.eval_batch_size=1024"",""probe.epochs=50"",""probe.early_stopping.enabled=false"",""probe.early_stopping.patience=5"",""probe.optuna.enabled=false"",""probe.output_dir=artifacts/probes/intphys2"",""probe.output_subdir=seed_runs_layerwise_backbone_sweep_v1/intphys2__backbone_sweep__videomae_v2__vit_base_16_224__mlp__layer_6/seed_102"",""probe.eval_output_dir=artifacts/results/intphys2"",""probe.eval_output_subdir=seed_runs_layerwise_backbone_sweep_v1/intphys2__backbone_sweep__videomae_v2__vit_base_16_224__mlp__layer_6/seed_102"",""probe.wandb.group=seed_runs_layerwise_backbone_sweep_v1_intphys2__backbone_sweep__videomae_v2__vit_base_16_224__mlp__layer_6"",""probe.wandb.name=intphys2__backbone_sweep__videomae_v2__vit_base_16_224__mlp__layer_6__seed_102"",""probe.mlp.hidden_dims=[256]"",""probe.mlp.dropout=0.044246251025959749"",""feature_cache.layer_ids=[3,6,9,12]""]",results/verified_layerwise_probe_configs.csv,125,127,d1844a1876dcfea9,VERIFIED_FULL,"{""batch_size"":256,""dropout"":0.04424625102595975,""early_stopping"":{""enabled"":false,""patience"":5},""epochs"":50,""eval_batch_size"":1024,""feature_view"":""pooled"",""hidden_dims"":[256],""layer"":6,""lr"":0.0011290133559092666,""slot"":null,""weight_decay"":4.374364439939069e-06}",different_backbone_ablation/other models/intphys2/mlp/intphys2_probe_mlp_videomae_v2_vit_base_16_224_20260616T210124Z/layer_6/train/optuna_summary.json
intphys2__backbone_sweep__videomae_v2__vit_base_16_224__mlp__layer_9__seed_101,intphys2__backbone_sweep__videomae_v2__vit_base_16_224__mlp__layer_9,train_eval.probe.intphys2,IntPhys2,intphys2,backbone_sweep,VideoMAE-v2,ViT-B/16,MLP,mlp,101,42,videomae_v2,vit_base_16_224,9,,9,pooled,0.00079471474246537398,0.0016934155410667966,128,1024,50,false,5,[512],0.059932683666841402,,,,,cpu,artifacts/probes/intphys2,seed_runs_layerwise_backbone_sweep_v1/intphys2__backbone_sweep__videomae_v2__vit_base_16_224__mlp__layer_9/seed_101,artifacts/results/intphys2,seed_runs_layerwise_backbone_sweep_v1/intphys2__backbone_sweep__videomae_v2__vit_base_16_224__mlp__layer_9/seed_101,seed_runs_layerwise_backbone_sweep_v1_intphys2__backbone_sweep__videomae_v2__vit_base_16_224__mlp__layer_9,intphys2__backbone_sweep__videomae_v2__vit_base_16_224__mlp__layer_9__seed_101,pending,,"[""seed=101"",""split.seed=42"",""backbone.name=videomae_v2"",""+backbone.kwargs.variant=vit_base_16_224"",""probe.name=mlp"",""probe.layer=9"",""probe.layers=[]"",""probe.feature_view=pooled"",""probe.device=cpu"",""probe.lr=0.00079471474246537398"",""probe.weight_decay=0.0016934155410667966"",""probe.batch_size=128"",""probe.eval_batch_size=1024"",""probe.epochs=50"",""probe.early_stopping.enabled=false"",""probe.early_stopping.patience=5"",""probe.optuna.enabled=false"",""probe.output_dir=artifacts/probes/intphys2"",""probe.output_subdir=seed_runs_layerwise_backbone_sweep_v1/intphys2__backbone_sweep__videomae_v2__vit_base_16_224__mlp__layer_9/seed_101"",""probe.eval_output_dir=artifacts/results/intphys2"",""probe.eval_output_subdir=seed_runs_layerwise_backbone_sweep_v1/intphys2__backbone_sweep__videomae_v2__vit_base_16_224__mlp__layer_9/seed_101"",""probe.wandb.group=seed_runs_layerwise_backbone_sweep_v1_intphys2__backbone_sweep__videomae_v2__vit_base_16_224__mlp__layer_9"",""probe.wandb.name=intphys2__backbone_sweep__videomae_v2__vit_base_16_224__mlp__layer_9__seed_101"",""probe.mlp.hidden_dims=[512]"",""probe.mlp.dropout=0.059932683666841402"",""feature_cache.layer_ids=[3,6,9,12]""]",results/verified_layerwise_probe_configs.csv,126,128,ccef06a26f51e066,VERIFIED_FULL,"{""batch_size"":128,""dropout"":0.0599326836668414,""early_stopping"":{""enabled"":false,""patience"":5},""epochs"":50,""eval_batch_size"":1024,""feature_view"":""pooled"",""hidden_dims"":[512],""layer"":9,""lr"":0.000794714742465374,""slot"":null,""weight_decay"":0.0016934155410667966}",different_backbone_ablation/other models/intphys2/mlp/intphys2_probe_mlp_videomae_v2_vit_base_16_224_20260616T210124Z/layer_9/train/optuna_summary.json
intphys2__backbone_sweep__videomae_v2__vit_base_16_224__mlp__layer_9__seed_102,intphys2__backbone_sweep__videomae_v2__vit_base_16_224__mlp__layer_9,train_eval.probe.intphys2,IntPhys2,intphys2,backbone_sweep,VideoMAE-v2,ViT-B/16,MLP,mlp,102,42,videomae_v2,vit_base_16_224,9,,9,pooled,0.00079471474246537398,0.0016934155410667966,128,1024,50,false,5,[512],0.059932683666841402,,,,,cpu,artifacts/probes/intphys2,seed_runs_layerwise_backbone_sweep_v1/intphys2__backbone_sweep__videomae_v2__vit_base_16_224__mlp__layer_9/seed_102,artifacts/results/intphys2,seed_runs_layerwise_backbone_sweep_v1/intphys2__backbone_sweep__videomae_v2__vit_base_16_224__mlp__layer_9/seed_102,seed_runs_layerwise_backbone_sweep_v1_intphys2__backbone_sweep__videomae_v2__vit_base_16_224__mlp__layer_9,intphys2__backbone_sweep__videomae_v2__vit_base_16_224__mlp__layer_9__seed_102,pending,,"[""seed=102"",""split.seed=42"",""backbone.name=videomae_v2"",""+backbone.kwargs.variant=vit_base_16_224"",""probe.name=mlp"",""probe.layer=9"",""probe.layers=[]"",""probe.feature_view=pooled"",""probe.device=cpu"",""probe.lr=0.00079471474246537398"",""probe.weight_decay=0.0016934155410667966"",""probe.batch_size=128"",""probe.eval_batch_size=1024"",""probe.epochs=50"",""probe.early_stopping.enabled=false"",""probe.early_stopping.patience=5"",""probe.optuna.enabled=false"",""probe.output_dir=artifacts/probes/intphys2"",""probe.output_subdir=seed_runs_layerwise_backbone_sweep_v1/intphys2__backbone_sweep__videomae_v2__vit_base_16_224__mlp__layer_9/seed_102"",""probe.eval_output_dir=artifacts/results/intphys2"",""probe.eval_output_subdir=seed_runs_layerwise_backbone_sweep_v1/intphys2__backbone_sweep__videomae_v2__vit_base_16_224__mlp__layer_9/seed_102"",""probe.wandb.group=seed_runs_layerwise_backbone_sweep_v1_intphys2__backbone_sweep__videomae_v2__vit_base_16_224__mlp__layer_9"",""probe.wandb.name=intphys2__backbone_sweep__videomae_v2__vit_base_16_224__mlp__layer_9__seed_102"",""probe.mlp.hidden_dims=[512]"",""probe.mlp.dropout=0.059932683666841402"",""feature_cache.layer_ids=[3,6,9,12]""]",results/verified_layerwise_probe_configs.csv,126,128,ccef06a26f51e066,VERIFIED_FULL,"{""batch_size"":128,""dropout"":0.0599326836668414,""early_stopping"":{""enabled"":false,""patience"":5},""epochs"":50,""eval_batch_size"":1024,""feature_view"":""pooled"",""hidden_dims"":[512],""layer"":9,""lr"":0.000794714742465374,""slot"":null,""weight_decay"":0.0016934155410667966}",different_backbone_ablation/other models/intphys2/mlp/intphys2_probe_mlp_videomae_v2_vit_base_16_224_20260616T210124Z/layer_9/train/optuna_summary.json
intphys2__backbone_sweep__videomae_v2__vit_base_16_224__mlp__layer_12__seed_101,intphys2__backbone_sweep__videomae_v2__vit_base_16_224__mlp__layer_12,train_eval.probe.intphys2,IntPhys2,intphys2,backbone_sweep,VideoMAE-v2,ViT-B/16,MLP,mlp,101,42,videomae_v2,vit_base_16_224,12,,12,pooled,0.00024380003254969372,3.8788151020745613e-07,32,1024,100,false,5,[1024],0.24259083131402001,,,,,cpu,artifacts/probes/intphys2,seed_runs_layerwise_backbone_sweep_v1/intphys2__backbone_sweep__videomae_v2__vit_base_16_224__mlp__layer_12/seed_101,artifacts/results/intphys2,seed_runs_layerwise_backbone_sweep_v1/intphys2__backbone_sweep__videomae_v2__vit_base_16_224__mlp__layer_12/seed_101,seed_runs_layerwise_backbone_sweep_v1_intphys2__backbone_sweep__videomae_v2__vit_base_16_224__mlp__layer_12,intphys2__backbone_sweep__videomae_v2__vit_base_16_224__mlp__layer_12__seed_101,pending,,"[""seed=101"",""split.seed=42"",""backbone.name=videomae_v2"",""+backbone.kwargs.variant=vit_base_16_224"",""probe.name=mlp"",""probe.layer=12"",""probe.layers=[]"",""probe.feature_view=pooled"",""probe.device=cpu"",""probe.lr=0.00024380003254969372"",""probe.weight_decay=3.8788151020745613e-07"",""probe.batch_size=32"",""probe.eval_batch_size=1024"",""probe.epochs=100"",""probe.early_stopping.enabled=false"",""probe.early_stopping.patience=5"",""probe.optuna.enabled=false"",""probe.output_dir=artifacts/probes/intphys2"",""probe.output_subdir=seed_runs_layerwise_backbone_sweep_v1/intphys2__backbone_sweep__videomae_v2__vit_base_16_224__mlp__layer_12/seed_101"",""probe.eval_output_dir=artifacts/results/intphys2"",""probe.eval_output_subdir=seed_runs_layerwise_backbone_sweep_v1/intphys2__backbone_sweep__videomae_v2__vit_base_16_224__mlp__layer_12/seed_101"",""probe.wandb.group=seed_runs_layerwise_backbone_sweep_v1_intphys2__backbone_sweep__videomae_v2__vit_base_16_224__mlp__layer_12"",""probe.wandb.name=intphys2__backbone_sweep__videomae_v2__vit_base_16_224__mlp__layer_12__seed_101"",""probe.mlp.hidden_dims=[1024]"",""probe.mlp.dropout=0.24259083131402001"",""feature_cache.layer_ids=[3,6,9,12]""]",results/verified_layerwise_probe_configs.csv,127,129,248430bbc67fde0e,VERIFIED_FULL,"{""batch_size"":32,""dropout"":0.24259083131402,""early_stopping"":{""enabled"":false,""patience"":5},""epochs"":100,""eval_batch_size"":1024,""feature_view"":""pooled"",""hidden_dims"":[1024],""layer"":12,""lr"":0.00024380003254969372,""slot"":null,""weight_decay"":3.8788151020745613e-07}",different_backbone_ablation/other models/intphys2/mlp/intphys2_probe_mlp_videomae_v2_vit_base_16_224_20260616T210124Z/layer_12/train/optuna_summary.json
intphys2__backbone_sweep__videomae_v2__vit_base_16_224__mlp__layer_12__seed_102,intphys2__backbone_sweep__videomae_v2__vit_base_16_224__mlp__layer_12,train_eval.probe.intphys2,IntPhys2,intphys2,backbone_sweep,VideoMAE-v2,ViT-B/16,MLP,mlp,102,42,videomae_v2,vit_base_16_224,12,,12,pooled,0.00024380003254969372,3.8788151020745613e-07,32,1024,100,false,5,[1024],0.24259083131402001,,,,,cpu,artifacts/probes/intphys2,seed_runs_layerwise_backbone_sweep_v1/intphys2__backbone_sweep__videomae_v2__vit_base_16_224__mlp__layer_12/seed_102,artifacts/results/intphys2,seed_runs_layerwise_backbone_sweep_v1/intphys2__backbone_sweep__videomae_v2__vit_base_16_224__mlp__layer_12/seed_102,seed_runs_layerwise_backbone_sweep_v1_intphys2__backbone_sweep__videomae_v2__vit_base_16_224__mlp__layer_12,intphys2__backbone_sweep__videomae_v2__vit_base_16_224__mlp__layer_12__seed_102,pending,,"[""seed=102"",""split.seed=42"",""backbone.name=videomae_v2"",""+backbone.kwargs.variant=vit_base_16_224"",""probe.name=mlp"",""probe.layer=12"",""probe.layers=[]"",""probe.feature_view=pooled"",""probe.device=cpu"",""probe.lr=0.00024380003254969372"",""probe.weight_decay=3.8788151020745613e-07"",""probe.batch_size=32"",""probe.eval_batch_size=1024"",""probe.epochs=100"",""probe.early_stopping.enabled=false"",""probe.early_stopping.patience=5"",""probe.optuna.enabled=false"",""probe.output_dir=artifacts/probes/intphys2"",""probe.output_subdir=seed_runs_layerwise_backbone_sweep_v1/intphys2__backbone_sweep__videomae_v2__vit_base_16_224__mlp__layer_12/seed_102"",""probe.eval_output_dir=artifacts/results/intphys2"",""probe.eval_output_subdir=seed_runs_layerwise_backbone_sweep_v1/intphys2__backbone_sweep__videomae_v2__vit_base_16_224__mlp__layer_12/seed_102"",""probe.wandb.group=seed_runs_layerwise_backbone_sweep_v1_intphys2__backbone_sweep__videomae_v2__vit_base_16_224__mlp__layer_12"",""probe.wandb.name=intphys2__backbone_sweep__videomae_v2__vit_base_16_224__mlp__layer_12__seed_102"",""probe.mlp.hidden_dims=[1024]"",""probe.mlp.dropout=0.24259083131402001"",""feature_cache.layer_ids=[3,6,9,12]""]",results/verified_layerwise_probe_configs.csv,127,129,248430bbc67fde0e,VERIFIED_FULL,"{""batch_size"":32,""dropout"":0.24259083131402,""early_stopping"":{""enabled"":false,""patience"":5},""epochs"":100,""eval_batch_size"":1024,""feature_view"":""pooled"",""hidden_dims"":[1024],""layer"":12,""lr"":0.00024380003254969372,""slot"":null,""weight_decay"":3.8788151020745613e-07}",different_backbone_ablation/other models/intphys2/mlp/intphys2_probe_mlp_videomae_v2_vit_base_16_224_20260616T210124Z/layer_12/train/optuna_summary.json
mvp__backbone_sweep__jepa_v2_1__vitb_384__linear__layer_3__seed_101,mvp__backbone_sweep__jepa_v2_1__vitb_384__linear__layer_3,train_eval.probe.mvp,MVP,mvp,backbone_sweep,V-JEPA 2.1,ViT-B/16,Linear,linear,101,42,jepa_v2_1,vitb_384,3,,3,pooled,0.0033144468715881089,0.0027924716433862171,64,1024,2000,false,5,,,,,,,cpu,artifacts/probes/mvp,seed_runs_layerwise_backbone_sweep_v1/mvp__backbone_sweep__jepa_v2_1__vitb_384__linear__layer_3/seed_101,artifacts/results/mvp,seed_runs_layerwise_backbone_sweep_v1/mvp__backbone_sweep__jepa_v2_1__vitb_384__linear__layer_3/seed_101,seed_runs_layerwise_backbone_sweep_v1_mvp__backbone_sweep__jepa_v2_1__vitb_384__linear__layer_3,mvp__backbone_sweep__jepa_v2_1__vitb_384__linear__layer_3__seed_101,pending,,"[""seed=101"",""split.seed=42"",""backbone.name=jepa_v2_1"",""+backbone.kwargs.variant=vitb_384"",""probe.name=linear"",""probe.layer=3"",""probe.layers=[]"",""probe.feature_view=pooled"",""probe.device=cpu"",""probe.lr=0.0033144468715881089"",""probe.weight_decay=0.0027924716433862171"",""probe.batch_size=64"",""probe.eval_batch_size=1024"",""probe.epochs=2000"",""probe.early_stopping.enabled=false"",""probe.early_stopping.patience=5"",""probe.optuna.enabled=false"",""probe.output_dir=artifacts/probes/mvp"",""probe.output_subdir=seed_runs_layerwise_backbone_sweep_v1/mvp__backbone_sweep__jepa_v2_1__vitb_384__linear__layer_3/seed_101"",""probe.eval_output_dir=artifacts/results/mvp"",""probe.eval_output_subdir=seed_runs_layerwise_backbone_sweep_v1/mvp__backbone_sweep__jepa_v2_1__vitb_384__linear__layer_3/seed_101"",""probe.wandb.group=seed_runs_layerwise_backbone_sweep_v1_mvp__backbone_sweep__jepa_v2_1__vitb_384__linear__layer_3"",""probe.wandb.name=mvp__backbone_sweep__jepa_v2_1__vitb_384__linear__layer_3__seed_101"",""feature_cache.layer_ids=[3,6,9,12]""]",results/verified_layerwise_probe_configs.csv,372,374,f045f77d37b2ea6b,VERIFIED_FULL,"{""batch_size"":64,""early_stopping"":{""enabled"":false,""patience"":5},""epochs"":2000,""eval_batch_size"":1024,""feature_view"":""pooled"",""layer"":3,""lr"":0.003314446871588109,""slot"":null,""weight_decay"":0.002792471643386217}",different_backbone_ablation/other models/mvp/linear/mvp_probe_linear_jepa_v2_1_vitb_384_20260616T205148Z/layer_3/train/optuna_summary.json
mvp__backbone_sweep__jepa_v2_1__vitb_384__linear__layer_3__seed_102,mvp__backbone_sweep__jepa_v2_1__vitb_384__linear__layer_3,train_eval.probe.mvp,MVP,mvp,backbone_sweep,V-JEPA 2.1,ViT-B/16,Linear,linear,102,42,jepa_v2_1,vitb_384,3,,3,pooled,0.0033144468715881089,0.0027924716433862171,64,1024,2000,false,5,,,,,,,cpu,artifacts/probes/mvp,seed_runs_layerwise_backbone_sweep_v1/mvp__backbone_sweep__jepa_v2_1__vitb_384__linear__layer_3/seed_102,artifacts/results/mvp,seed_runs_layerwise_backbone_sweep_v1/mvp__backbone_sweep__jepa_v2_1__vitb_384__linear__layer_3/seed_102,seed_runs_layerwise_backbone_sweep_v1_mvp__backbone_sweep__jepa_v2_1__vitb_384__linear__layer_3,mvp__backbone_sweep__jepa_v2_1__vitb_384__linear__layer_3__seed_102,pending,,"[""seed=102"",""split.seed=42"",""backbone.name=jepa_v2_1"",""+backbone.kwargs.variant=vitb_384"",""probe.name=linear"",""probe.layer=3"",""probe.layers=[]"",""probe.feature_view=pooled"",""probe.device=cpu"",""probe.lr=0.0033144468715881089"",""probe.weight_decay=0.0027924716433862171"",""probe.batch_size=64"",""probe.eval_batch_size=1024"",""probe.epochs=2000"",""probe.early_stopping.enabled=false"",""probe.early_stopping.patience=5"",""probe.optuna.enabled=false"",""probe.output_dir=artifacts/probes/mvp"",""probe.output_subdir=seed_runs_layerwise_backbone_sweep_v1/mvp__backbone_sweep__jepa_v2_1__vitb_384__linear__layer_3/seed_102"",""probe.eval_output_dir=artifacts/results/mvp"",""probe.eval_output_subdir=seed_runs_layerwise_backbone_sweep_v1/mvp__backbone_sweep__jepa_v2_1__vitb_384__linear__layer_3/seed_102"",""probe.wandb.group=seed_runs_layerwise_backbone_sweep_v1_mvp__backbone_sweep__jepa_v2_1__vitb_384__linear__layer_3"",""probe.wandb.name=mvp__backbone_sweep__jepa_v2_1__vitb_384__linear__layer_3__seed_102"",""feature_cache.layer_ids=[3,6,9,12]""]",results/verified_layerwise_probe_configs.csv,372,374,f045f77d37b2ea6b,VERIFIED_FULL,"{""batch_size"":64,""early_stopping"":{""enabled"":false,""patience"":5},""epochs"":2000,""eval_batch_size"":1024,""feature_view"":""pooled"",""layer"":3,""lr"":0.003314446871588109,""slot"":null,""weight_decay"":0.002792471643386217}",different_backbone_ablation/other models/mvp/linear/mvp_probe_linear_jepa_v2_1_vitb_384_20260616T205148Z/layer_3/train/optuna_summary.json
mvp__backbone_sweep__jepa_v2_1__vitb_384__linear__layer_6__seed_101,mvp__backbone_sweep__jepa_v2_1__vitb_384__linear__layer_6,train_eval.probe.mvp,MVP,mvp,backbone_sweep,V-JEPA 2.1,ViT-B/16,Linear,linear,101,42,jepa_v2_1,vitb_384,6,,6,pooled,0.007811452889188655,0.00084031898583272801,64,1024,2000,false,5,,,,,,,cpu,artifacts/probes/mvp,seed_runs_layerwise_backbone_sweep_v1/mvp__backbone_sweep__jepa_v2_1__vitb_384__linear__layer_6/seed_101,artifacts/results/mvp,seed_runs_layerwise_backbone_sweep_v1/mvp__backbone_sweep__jepa_v2_1__vitb_384__linear__layer_6/seed_101,seed_runs_layerwise_backbone_sweep_v1_mvp__backbone_sweep__jepa_v2_1__vitb_384__linear__layer_6,mvp__backbone_sweep__jepa_v2_1__vitb_384__linear__layer_6__seed_101,pending,,"[""seed=101"",""split.seed=42"",""backbone.name=jepa_v2_1"",""+backbone.kwargs.variant=vitb_384"",""probe.name=linear"",""probe.layer=6"",""probe.layers=[]"",""probe.feature_view=pooled"",""probe.device=cpu"",""probe.lr=0.007811452889188655"",""probe.weight_decay=0.00084031898583272801"",""probe.batch_size=64"",""probe.eval_batch_size=1024"",""probe.epochs=2000"",""probe.early_stopping.enabled=false"",""probe.early_stopping.patience=5"",""probe.optuna.enabled=false"",""probe.output_dir=artifacts/probes/mvp"",""probe.output_subdir=seed_runs_layerwise_backbone_sweep_v1/mvp__backbone_sweep__jepa_v2_1__vitb_384__linear__layer_6/seed_101"",""probe.eval_output_dir=artifacts/results/mvp"",""probe.eval_output_subdir=seed_runs_layerwise_backbone_sweep_v1/mvp__backbone_sweep__jepa_v2_1__vitb_384__linear__layer_6/seed_101"",""probe.wandb.group=seed_runs_layerwise_backbone_sweep_v1_mvp__backbone_sweep__jepa_v2_1__vitb_384__linear__layer_6"",""probe.wandb.name=mvp__backbone_sweep__jepa_v2_1__vitb_384__linear__layer_6__seed_101"",""feature_cache.layer_ids=[3,6,9,12]""]",results/verified_layerwise_probe_configs.csv,373,375,28ec60aba8ea2fd8,VERIFIED_FULL,"{""batch_size"":64,""early_stopping"":{""enabled"":false,""patience"":5},""epochs"":2000,""eval_batch_size"":1024,""feature_view"":""pooled"",""layer"":6,""lr"":0.007811452889188655,""slot"":null,""weight_decay"":0.000840318985832728}",different_backbone_ablation/other models/mvp/linear/mvp_probe_linear_jepa_v2_1_vitb_384_20260616T205148Z/layer_6/train/optuna_summary.json
mvp__backbone_sweep__jepa_v2_1__vitb_384__linear__layer_6__seed_102,mvp__backbone_sweep__jepa_v2_1__vitb_384__linear__layer_6,train_eval.probe.mvp,MVP,mvp,backbone_sweep,V-JEPA 2.1,ViT-B/16,Linear,linear,102,42,jepa_v2_1,vitb_384,6,,6,pooled,0.007811452889188655,0.00084031898583272801,64,1024,2000,false,5,,,,,,,cpu,artifacts/probes/mvp,seed_runs_layerwise_backbone_sweep_v1/mvp__backbone_sweep__jepa_v2_1__vitb_384__linear__layer_6/seed_102,artifacts/results/mvp,seed_runs_layerwise_backbone_sweep_v1/mvp__backbone_sweep__jepa_v2_1__vitb_384__linear__layer_6/seed_102,seed_runs_layerwise_backbone_sweep_v1_mvp__backbone_sweep__jepa_v2_1__vitb_384__linear__layer_6,mvp__backbone_sweep__jepa_v2_1__vitb_384__linear__layer_6__seed_102,pending,,"[""seed=102"",""split.seed=42"",""backbone.name=jepa_v2_1"",""+backbone.kwargs.variant=vitb_384"",""probe.name=linear"",""probe.layer=6"",""probe.layers=[]"",""probe.feature_view=pooled"",""probe.device=cpu"",""probe.lr=0.007811452889188655"",""probe.weight_decay=0.00084031898583272801"",""probe.batch_size=64"",""probe.eval_batch_size=1024"",""probe.epochs=2000"",""probe.early_stopping.enabled=false"",""probe.early_stopping.patience=5"",""probe.optuna.enabled=false"",""probe.output_dir=artifacts/probes/mvp"",""probe.output_subdir=seed_runs_layerwise_backbone_sweep_v1/mvp__backbone_sweep__jepa_v2_1__vitb_384__linear__layer_6/seed_102"",""probe.eval_output_dir=artifacts/results/mvp"",""probe.eval_output_subdir=seed_runs_layerwise_backbone_sweep_v1/mvp__backbone_sweep__jepa_v2_1__vitb_384__linear__layer_6/seed_102"",""probe.wandb.group=seed_runs_layerwise_backbone_sweep_v1_mvp__backbone_sweep__jepa_v2_1__vitb_384__linear__layer_6"",""probe.wandb.name=mvp__backbone_sweep__jepa_v2_1__vitb_384__linear__layer_6__seed_102"",""feature_cache.layer_ids=[3,6,9,12]""]",results/verified_layerwise_probe_configs.csv,373,375,28ec60aba8ea2fd8,VERIFIED_FULL,"{""batch_size"":64,""early_stopping"":{""enabled"":false,""patience"":5},""epochs"":2000,""eval_batch_size"":1024,""feature_view"":""pooled"",""layer"":6,""lr"":0.007811452889188655,""slot"":null,""weight_decay"":0.000840318985832728}",different_backbone_ablation/other models/mvp/linear/mvp_probe_linear_jepa_v2_1_vitb_384_20260616T205148Z/layer_6/train/optuna_summary.json
mvp__backbone_sweep__jepa_v2_1__vitb_384__linear__layer_9__seed_101,mvp__backbone_sweep__jepa_v2_1__vitb_384__linear__layer_9,train_eval.probe.mvp,MVP,mvp,backbone_sweep,V-JEPA 2.1,ViT-B/16,Linear,linear,101,42,jepa_v2_1,vitb_384,9,,9,pooled,0.0033144468715881089,0.0027924716433862171,64,1024,2000,false,5,,,,,,,cpu,artifacts/probes/mvp,seed_runs_layerwise_backbone_sweep_v1/mvp__backbone_sweep__jepa_v2_1__vitb_384__linear__layer_9/seed_101,artifacts/results/mvp,seed_runs_layerwise_backbone_sweep_v1/mvp__backbone_sweep__jepa_v2_1__vitb_384__linear__layer_9/seed_101,seed_runs_layerwise_backbone_sweep_v1_mvp__backbone_sweep__jepa_v2_1__vitb_384__linear__layer_9,mvp__backbone_sweep__jepa_v2_1__vitb_384__linear__layer_9__seed_101,pending,,"[""seed=101"",""split.seed=42"",""backbone.name=jepa_v2_1"",""+backbone.kwargs.variant=vitb_384"",""probe.name=linear"",""probe.layer=9"",""probe.layers=[]"",""probe.feature_view=pooled"",""probe.device=cpu"",""probe.lr=0.0033144468715881089"",""probe.weight_decay=0.0027924716433862171"",""probe.batch_size=64"",""probe.eval_batch_size=1024"",""probe.epochs=2000"",""probe.early_stopping.enabled=false"",""probe.early_stopping.patience=5"",""probe.optuna.enabled=false"",""probe.output_dir=artifacts/probes/mvp"",""probe.output_subdir=seed_runs_layerwise_backbone_sweep_v1/mvp__backbone_sweep__jepa_v2_1__vitb_384__linear__layer_9/seed_101"",""probe.eval_output_dir=artifacts/results/mvp"",""probe.eval_output_subdir=seed_runs_layerwise_backbone_sweep_v1/mvp__backbone_sweep__jepa_v2_1__vitb_384__linear__layer_9/seed_101"",""probe.wandb.group=seed_runs_layerwise_backbone_sweep_v1_mvp__backbone_sweep__jepa_v2_1__vitb_384__linear__layer_9"",""probe.wandb.name=mvp__backbone_sweep__jepa_v2_1__vitb_384__linear__layer_9__seed_101"",""feature_cache.layer_ids=[3,6,9,12]""]",results/verified_layerwise_probe_configs.csv,374,376,b298c80978e07b15,VERIFIED_FULL,"{""batch_size"":64,""early_stopping"":{""enabled"":false,""patience"":5},""epochs"":2000,""eval_batch_size"":1024,""feature_view"":""pooled"",""layer"":9,""lr"":0.003314446871588109,""slot"":null,""weight_decay"":0.002792471643386217}",different_backbone_ablation/other models/mvp/linear/mvp_probe_linear_jepa_v2_1_vitb_384_20260616T205148Z/layer_9/train/optuna_summary.json
mvp__backbone_sweep__jepa_v2_1__vitb_384__linear__layer_9__seed_102,mvp__backbone_sweep__jepa_v2_1__vitb_384__linear__layer_9,train_eval.probe.mvp,MVP,mvp,backbone_sweep,V-JEPA 2.1,ViT-B/16,Linear,linear,102,42,jepa_v2_1,vitb_384,9,,9,pooled,0.0033144468715881089,0.0027924716433862171,64,1024,2000,false,5,,,,,,,cpu,artifacts/probes/mvp,seed_runs_layerwise_backbone_sweep_v1/mvp__backbone_sweep__jepa_v2_1__vitb_384__linear__layer_9/seed_102,artifacts/results/mvp,seed_runs_layerwise_backbone_sweep_v1/mvp__backbone_sweep__jepa_v2_1__vitb_384__linear__layer_9/seed_102,seed_runs_layerwise_backbone_sweep_v1_mvp__backbone_sweep__jepa_v2_1__vitb_384__linear__layer_9,mvp__backbone_sweep__jepa_v2_1__vitb_384__linear__layer_9__seed_102,pending,,"[""seed=102"",""split.seed=42"",""backbone.name=jepa_v2_1"",""+backbone.kwargs.variant=vitb_384"",""probe.name=linear"",""probe.layer=9"",""probe.layers=[]"",""probe.feature_view=pooled"",""probe.device=cpu"",""probe.lr=0.0033144468715881089"",""probe.weight_decay=0.0027924716433862171"",""probe.batch_size=64"",""probe.eval_batch_size=1024"",""probe.epochs=2000"",""probe.early_stopping.enabled=false"",""probe.early_stopping.patience=5"",""probe.optuna.enabled=false"",""probe.output_dir=artifacts/probes/mvp"",""probe.output_subdir=seed_runs_layerwise_backbone_sweep_v1/mvp__backbone_sweep__jepa_v2_1__vitb_384__linear__layer_9/seed_102"",""probe.eval_output_dir=artifacts/results/mvp"",""probe.eval_output_subdir=seed_runs_layerwise_backbone_sweep_v1/mvp__backbone_sweep__jepa_v2_1__vitb_384__linear__layer_9/seed_102"",""probe.wandb.group=seed_runs_layerwise_backbone_sweep_v1_mvp__backbone_sweep__jepa_v2_1__vitb_384__linear__layer_9"",""probe.wandb.name=mvp__backbone_sweep__jepa_v2_1__vitb_384__linear__layer_9__seed_102"",""feature_cache.layer_ids=[3,6,9,12]""]",results/verified_layerwise_probe_configs.csv,374,376,b298c80978e07b15,VERIFIED_FULL,"{""batch_size"":64,""early_stopping"":{""enabled"":false,""patience"":5},""epochs"":2000,""eval_batch_size"":1024,""feature_view"":""pooled"",""layer"":9,""lr"":0.003314446871588109,""slot"":null,""weight_decay"":0.002792471643386217}",different_backbone_ablation/other models/mvp/linear/mvp_probe_linear_jepa_v2_1_vitb_384_20260616T205148Z/layer_9/train/optuna_summary.json
mvp__backbone_sweep__jepa_v2_1__vitb_384__linear__layer_12__seed_101,mvp__backbone_sweep__jepa_v2_1__vitb_384__linear__layer_12,train_eval.probe.mvp,MVP,mvp,backbone_sweep,V-JEPA 2.1,ViT-B/16,Linear,linear,101,42,jepa_v2_1,vitb_384,12,,12,pooled,0.0033144468715881089,0.0027924716433862171,64,1024,2000,false,5,,,,,,,cpu,artifacts/probes/mvp,seed_runs_layerwise_backbone_sweep_v1/mvp__backbone_sweep__jepa_v2_1__vitb_384__linear__layer_12/seed_101,artifacts/results/mvp,seed_runs_layerwise_backbone_sweep_v1/mvp__backbone_sweep__jepa_v2_1__vitb_384__linear__layer_12/seed_101,seed_runs_layerwise_backbone_sweep_v1_mvp__backbone_sweep__jepa_v2_1__vitb_384__linear__layer_12,mvp__backbone_sweep__jepa_v2_1__vitb_384__linear__layer_12__seed_101,pending,,"[""seed=101"",""split.seed=42"",""backbone.name=jepa_v2_1"",""+backbone.kwargs.variant=vitb_384"",""probe.name=linear"",""probe.layer=12"",""probe.layers=[]"",""probe.feature_view=pooled"",""probe.device=cpu"",""probe.lr=0.0033144468715881089"",""probe.weight_decay=0.0027924716433862171"",""probe.batch_size=64"",""probe.eval_batch_size=1024"",""probe.epochs=2000"",""probe.early_stopping.enabled=false"",""probe.early_stopping.patience=5"",""probe.optuna.enabled=false"",""probe.output_dir=artifacts/probes/mvp"",""probe.output_subdir=seed_runs_layerwise_backbone_sweep_v1/mvp__backbone_sweep__jepa_v2_1__vitb_384__linear__layer_12/seed_101"",""probe.eval_output_dir=artifacts/results/mvp"",""probe.eval_output_subdir=seed_runs_layerwise_backbone_sweep_v1/mvp__backbone_sweep__jepa_v2_1__vitb_384__linear__layer_12/seed_101"",""probe.wandb.group=seed_runs_layerwise_backbone_sweep_v1_mvp__backbone_sweep__jepa_v2_1__vitb_384__linear__layer_12"",""probe.wandb.name=mvp__backbone_sweep__jepa_v2_1__vitb_384__linear__layer_12__seed_101"",""feature_cache.layer_ids=[3,6,9,12]""]",results/verified_layerwise_probe_configs.csv,375,377,27c421d2242adee3,VERIFIED_FULL,"{""batch_size"":64,""early_stopping"":{""enabled"":false,""patience"":5},""epochs"":2000,""eval_batch_size"":1024,""feature_view"":""pooled"",""layer"":12,""lr"":0.003314446871588109,""slot"":null,""weight_decay"":0.002792471643386217}",different_backbone_ablation/other models/mvp/linear/mvp_probe_linear_jepa_v2_1_vitb_384_20260616T205148Z/layer_12/train/optuna_summary.json
mvp__backbone_sweep__jepa_v2_1__vitb_384__linear__layer_12__seed_102,mvp__backbone_sweep__jepa_v2_1__vitb_384__linear__layer_12,train_eval.probe.mvp,MVP,mvp,backbone_sweep,V-JEPA 2.1,ViT-B/16,Linear,linear,102,42,jepa_v2_1,vitb_384,12,,12,pooled,0.0033144468715881089,0.0027924716433862171,64,1024,2000,false,5,,,,,,,cpu,artifacts/probes/mvp,seed_runs_layerwise_backbone_sweep_v1/mvp__backbone_sweep__jepa_v2_1__vitb_384__linear__layer_12/seed_102,artifacts/results/mvp,seed_runs_layerwise_backbone_sweep_v1/mvp__backbone_sweep__jepa_v2_1__vitb_384__linear__layer_12/seed_102,seed_runs_layerwise_backbone_sweep_v1_mvp__backbone_sweep__jepa_v2_1__vitb_384__linear__layer_12,mvp__backbone_sweep__jepa_v2_1__vitb_384__linear__layer_12__seed_102,pending,,"[""seed=102"",""split.seed=42"",""backbone.name=jepa_v2_1"",""+backbone.kwargs.variant=vitb_384"",""probe.name=linear"",""probe.layer=12"",""probe.layers=[]"",""probe.feature_view=pooled"",""probe.device=cpu"",""probe.lr=0.0033144468715881089"",""probe.weight_decay=0.0027924716433862171"",""probe.batch_size=64"",""probe.eval_batch_size=1024"",""probe.epochs=2000"",""probe.early_stopping.enabled=false"",""probe.early_stopping.patience=5"",""probe.optuna.enabled=false"",""probe.output_dir=artifacts/probes/mvp"",""probe.output_subdir=seed_runs_layerwise_backbone_sweep_v1/mvp__backbone_sweep__jepa_v2_1__vitb_384__linear__layer_12/seed_102"",""probe.eval_output_dir=artifacts/results/mvp"",""probe.eval_output_subdir=seed_runs_layerwise_backbone_sweep_v1/mvp__backbone_sweep__jepa_v2_1__vitb_384__linear__layer_12/seed_102"",""probe.wandb.group=seed_runs_layerwise_backbone_sweep_v1_mvp__backbone_sweep__jepa_v2_1__vitb_384__linear__layer_12"",""probe.wandb.name=mvp__backbone_sweep__jepa_v2_1__vitb_384__linear__layer_12__seed_102"",""feature_cache.layer_ids=[3,6,9,12]""]",results/verified_layerwise_probe_configs.csv,375,377,27c421d2242adee3,VERIFIED_FULL,"{""batch_size"":64,""early_stopping"":{""enabled"":false,""patience"":5},""epochs"":2000,""eval_batch_size"":1024,""feature_view"":""pooled"",""layer"":12,""lr"":0.003314446871588109,""slot"":null,""weight_decay"":0.002792471643386217}",different_backbone_ablation/other models/mvp/linear/mvp_probe_linear_jepa_v2_1_vitb_384_20260616T205148Z/layer_12/train/optuna_summary.json
mvp__backbone_sweep__jepa_v2_1__vitb_384__mlp__layer_3__seed_101,mvp__backbone_sweep__jepa_v2_1__vitb_384__mlp__layer_3,train_eval.probe.mvp,MVP,mvp,backbone_sweep,V-JEPA 2.1,ViT-B/16,MLP,mlp,101,42,jepa_v2_1,vitb_384,3,,3,pooled,0.00062272530813235977,0.0011502290637620846,64,1024,2000,false,5,"[1024,512,256]",0.1753619943943755,,,,,cpu,artifacts/probes/mvp,seed_runs_layerwise_backbone_sweep_v1/mvp__backbone_sweep__jepa_v2_1__vitb_384__mlp__layer_3/seed_101,artifacts/results/mvp,seed_runs_layerwise_backbone_sweep_v1/mvp__backbone_sweep__jepa_v2_1__vitb_384__mlp__layer_3/seed_101,seed_runs_layerwise_backbone_sweep_v1_mvp__backbone_sweep__jepa_v2_1__vitb_384__mlp__layer_3,mvp__backbone_sweep__jepa_v2_1__vitb_384__mlp__layer_3__seed_101,pending,,"[""seed=101"",""split.seed=42"",""backbone.name=jepa_v2_1"",""+backbone.kwargs.variant=vitb_384"",""probe.name=mlp"",""probe.layer=3"",""probe.layers=[]"",""probe.feature_view=pooled"",""probe.device=cpu"",""probe.lr=0.00062272530813235977"",""probe.weight_decay=0.0011502290637620846"",""probe.batch_size=64"",""probe.eval_batch_size=1024"",""probe.epochs=2000"",""probe.early_stopping.enabled=false"",""probe.early_stopping.patience=5"",""probe.optuna.enabled=false"",""probe.output_dir=artifacts/probes/mvp"",""probe.output_subdir=seed_runs_layerwise_backbone_sweep_v1/mvp__backbone_sweep__jepa_v2_1__vitb_384__mlp__layer_3/seed_101"",""probe.eval_output_dir=artifacts/results/mvp"",""probe.eval_output_subdir=seed_runs_layerwise_backbone_sweep_v1/mvp__backbone_sweep__jepa_v2_1__vitb_384__mlp__layer_3/seed_101"",""probe.wandb.group=seed_runs_layerwise_backbone_sweep_v1_mvp__backbone_sweep__jepa_v2_1__vitb_384__mlp__layer_3"",""probe.wandb.name=mvp__backbone_sweep__jepa_v2_1__vitb_384__mlp__layer_3__seed_101"",""probe.mlp.hidden_dims=[1024,512,256]"",""probe.mlp.dropout=0.1753619943943755"",""feature_cache.layer_ids=[3,6,9,12]""]",results/verified_layerwise_probe_configs.csv,376,378,21d59c3df5b56ebd,VERIFIED_FULL,"{""batch_size"":64,""dropout"":0.1753619943943755,""early_stopping"":{""enabled"":false,""patience"":5},""epochs"":2000,""eval_batch_size"":1024,""feature_view"":""pooled"",""hidden_dims"":[1024,512,256],""layer"":3,""lr"":0.0006227253081323598,""slot"":null,""weight_decay"":0.0011502290637620846}",different_backbone_ablation/other models/mvp/mlp/mvp_probe_mlp_jepa_v2_1_vitb_384_20260616T211907Z/layer_3/train/optuna_summary.json
mvp__backbone_sweep__jepa_v2_1__vitb_384__mlp__layer_3__seed_102,mvp__backbone_sweep__jepa_v2_1__vitb_384__mlp__layer_3,train_eval.probe.mvp,MVP,mvp,backbone_sweep,V-JEPA 2.1,ViT-B/16,MLP,mlp,102,42,jepa_v2_1,vitb_384,3,,3,pooled,0.00062272530813235977,0.0011502290637620846,64,1024,2000,false,5,"[1024,512,256]",0.1753619943943755,,,,,cpu,artifacts/probes/mvp,seed_runs_layerwise_backbone_sweep_v1/mvp__backbone_sweep__jepa_v2_1__vitb_384__mlp__layer_3/seed_102,artifacts/results/mvp,seed_runs_layerwise_backbone_sweep_v1/mvp__backbone_sweep__jepa_v2_1__vitb_384__mlp__layer_3/seed_102,seed_runs_layerwise_backbone_sweep_v1_mvp__backbone_sweep__jepa_v2_1__vitb_384__mlp__layer_3,mvp__backbone_sweep__jepa_v2_1__vitb_384__mlp__layer_3__seed_102,pending,,"[""seed=102"",""split.seed=42"",""backbone.name=jepa_v2_1"",""+backbone.kwargs.variant=vitb_384"",""probe.name=mlp"",""probe.layer=3"",""probe.layers=[]"",""probe.feature_view=pooled"",""probe.device=cpu"",""probe.lr=0.00062272530813235977"",""probe.weight_decay=0.0011502290637620846"",""probe.batch_size=64"",""probe.eval_batch_size=1024"",""probe.epochs=2000"",""probe.early_stopping.enabled=false"",""probe.early_stopping.patience=5"",""probe.optuna.enabled=false"",""probe.output_dir=artifacts/probes/mvp"",""probe.output_subdir=seed_runs_layerwise_backbone_sweep_v1/mvp__backbone_sweep__jepa_v2_1__vitb_384__mlp__layer_3/seed_102"",""probe.eval_output_dir=artifacts/results/mvp"",""probe.eval_output_subdir=seed_runs_layerwise_backbone_sweep_v1/mvp__backbone_sweep__jepa_v2_1__vitb_384__mlp__layer_3/seed_102"",""probe.wandb.group=seed_runs_layerwise_backbone_sweep_v1_mvp__backbone_sweep__jepa_v2_1__vitb_384__mlp__layer_3"",""probe.wandb.name=mvp__backbone_sweep__jepa_v2_1__vitb_384__mlp__layer_3__seed_102"",""probe.mlp.hidden_dims=[1024,512,256]"",""probe.mlp.dropout=0.1753619943943755"",""feature_cache.layer_ids=[3,6,9,12]""]",results/verified_layerwise_probe_configs.csv,376,378,21d59c3df5b56ebd,VERIFIED_FULL,"{""batch_size"":64,""dropout"":0.1753619943943755,""early_stopping"":{""enabled"":false,""patience"":5},""epochs"":2000,""eval_batch_size"":1024,""feature_view"":""pooled"",""hidden_dims"":[1024,512,256],""layer"":3,""lr"":0.0006227253081323598,""slot"":null,""weight_decay"":0.0011502290637620846}",different_backbone_ablation/other models/mvp/mlp/mvp_probe_mlp_jepa_v2_1_vitb_384_20260616T211907Z/layer_3/train/optuna_summary.json
mvp__backbone_sweep__jepa_v2_1__vitb_384__mlp__layer_6__seed_101,mvp__backbone_sweep__jepa_v2_1__vitb_384__mlp__layer_6,train_eval.probe.mvp,MVP,mvp,backbone_sweep,V-JEPA 2.1,ViT-B/16,MLP,mlp,101,42,jepa_v2_1,vitb_384,6,,6,pooled,0.00013292918943162159,0.0050615768887523043,32,1024,2000,false,5,[256],0.21597250932105788,,,,,cpu,artifacts/probes/mvp,seed_runs_layerwise_backbone_sweep_v1/mvp__backbone_sweep__jepa_v2_1__vitb_384__mlp__layer_6/seed_101,artifacts/results/mvp,seed_runs_layerwise_backbone_sweep_v1/mvp__backbone_sweep__jepa_v2_1__vitb_384__mlp__layer_6/seed_101,seed_runs_layerwise_backbone_sweep_v1_mvp__backbone_sweep__jepa_v2_1__vitb_384__mlp__layer_6,mvp__backbone_sweep__jepa_v2_1__vitb_384__mlp__layer_6__seed_101,pending,,"[""seed=101"",""split.seed=42"",""backbone.name=jepa_v2_1"",""+backbone.kwargs.variant=vitb_384"",""probe.name=mlp"",""probe.layer=6"",""probe.layers=[]"",""probe.feature_view=pooled"",""probe.device=cpu"",""probe.lr=0.00013292918943162159"",""probe.weight_decay=0.0050615768887523043"",""probe.batch_size=32"",""probe.eval_batch_size=1024"",""probe.epochs=2000"",""probe.early_stopping.enabled=false"",""probe.early_stopping.patience=5"",""probe.optuna.enabled=false"",""probe.output_dir=artifacts/probes/mvp"",""probe.output_subdir=seed_runs_layerwise_backbone_sweep_v1/mvp__backbone_sweep__jepa_v2_1__vitb_384__mlp__layer_6/seed_101"",""probe.eval_output_dir=artifacts/results/mvp"",""probe.eval_output_subdir=seed_runs_layerwise_backbone_sweep_v1/mvp__backbone_sweep__jepa_v2_1__vitb_384__mlp__layer_6/seed_101"",""probe.wandb.group=seed_runs_layerwise_backbone_sweep_v1_mvp__backbone_sweep__jepa_v2_1__vitb_384__mlp__layer_6"",""probe.wandb.name=mvp__backbone_sweep__jepa_v2_1__vitb_384__mlp__layer_6__seed_101"",""probe.mlp.hidden_dims=[256]"",""probe.mlp.dropout=0.21597250932105788"",""feature_cache.layer_ids=[3,6,9,12]""]",results/verified_layerwise_probe_configs.csv,377,379,fc57755516e58ed5,VERIFIED_FULL,"{""batch_size"":32,""dropout"":0.21597250932105788,""early_stopping"":{""enabled"":false,""patience"":5},""epochs"":2000,""eval_batch_size"":1024,""feature_view"":""pooled"",""hidden_dims"":[256],""layer"":6,""lr"":0.0001329291894316216,""slot"":null,""weight_decay"":0.005061576888752304}",different_backbone_ablation/other models/mvp/mlp/mvp_probe_mlp_jepa_v2_1_vitb_384_20260616T211907Z/layer_6/train/optuna_summary.json
mvp__backbone_sweep__jepa_v2_1__vitb_384__mlp__layer_6__seed_102,mvp__backbone_sweep__jepa_v2_1__vitb_384__mlp__layer_6,train_eval.probe.mvp,MVP,mvp,backbone_sweep,V-JEPA 2.1,ViT-B/16,MLP,mlp,102,42,jepa_v2_1,vitb_384,6,,6,pooled,0.00013292918943162159,0.0050615768887523043,32,1024,2000,false,5,[256],0.21597250932105788,,,,,cpu,artifacts/probes/mvp,seed_runs_layerwise_backbone_sweep_v1/mvp__backbone_sweep__jepa_v2_1__vitb_384__mlp__layer_6/seed_102,artifacts/results/mvp,seed_runs_layerwise_backbone_sweep_v1/mvp__backbone_sweep__jepa_v2_1__vitb_384__mlp__layer_6/seed_102,seed_runs_layerwise_backbone_sweep_v1_mvp__backbone_sweep__jepa_v2_1__vitb_384__mlp__layer_6,mvp__backbone_sweep__jepa_v2_1__vitb_384__mlp__layer_6__seed_102,pending,,"[""seed=102"",""split.seed=42"",""backbone.name=jepa_v2_1"",""+backbone.kwargs.variant=vitb_384"",""probe.name=mlp"",""probe.layer=6"",""probe.layers=[]"",""probe.feature_view=pooled"",""probe.device=cpu"",""probe.lr=0.00013292918943162159"",""probe.weight_decay=0.0050615768887523043"",""probe.batch_size=32"",""probe.eval_batch_size=1024"",""probe.epochs=2000"",""probe.early_stopping.enabled=false"",""probe.early_stopping.patience=5"",""probe.optuna.enabled=false"",""probe.output_dir=artifacts/probes/mvp"",""probe.output_subdir=seed_runs_layerwise_backbone_sweep_v1/mvp__backbone_sweep__jepa_v2_1__vitb_384__mlp__layer_6/seed_102"",""probe.eval_output_dir=artifacts/results/mvp"",""probe.eval_output_subdir=seed_runs_layerwise_backbone_sweep_v1/mvp__backbone_sweep__jepa_v2_1__vitb_384__mlp__layer_6/seed_102"",""probe.wandb.group=seed_runs_layerwise_backbone_sweep_v1_mvp__backbone_sweep__jepa_v2_1__vitb_384__mlp__layer_6"",""probe.wandb.name=mvp__backbone_sweep__jepa_v2_1__vitb_384__mlp__layer_6__seed_102"",""probe.mlp.hidden_dims=[256]"",""probe.mlp.dropout=0.21597250932105788"",""feature_cache.layer_ids=[3,6,9,12]""]",results/verified_layerwise_probe_configs.csv,377,379,fc57755516e58ed5,VERIFIED_FULL,"{""batch_size"":32,""dropout"":0.21597250932105788,""early_stopping"":{""enabled"":false,""patience"":5},""epochs"":2000,""eval_batch_size"":1024,""feature_view"":""pooled"",""hidden_dims"":[256],""layer"":6,""lr"":0.0001329291894316216,""slot"":null,""weight_decay"":0.005061576888752304}",different_backbone_ablation/other models/mvp/mlp/mvp_probe_mlp_jepa_v2_1_vitb_384_20260616T211907Z/layer_6/train/optuna_summary.json
mvp__backbone_sweep__jepa_v2_1__vitb_384__mlp__layer_9__seed_101,mvp__backbone_sweep__jepa_v2_1__vitb_384__mlp__layer_9,train_eval.probe.mvp,MVP,mvp,backbone_sweep,V-JEPA 2.1,ViT-B/16,MLP,mlp,101,42,jepa_v2_1,vitb_384,9,,9,pooled,0.00013292918943162159,0.0050615768887523043,32,1024,2000,false,5,[256],0.21597250932105788,,,,,cpu,artifacts/probes/mvp,seed_runs_layerwise_backbone_sweep_v1/mvp__backbone_sweep__jepa_v2_1__vitb_384__mlp__layer_9/seed_101,artifacts/results/mvp,seed_runs_layerwise_backbone_sweep_v1/mvp__backbone_sweep__jepa_v2_1__vitb_384__mlp__layer_9/seed_101,seed_runs_layerwise_backbone_sweep_v1_mvp__backbone_sweep__jepa_v2_1__vitb_384__mlp__layer_9,mvp__backbone_sweep__jepa_v2_1__vitb_384__mlp__layer_9__seed_101,pending,,"[""seed=101"",""split.seed=42"",""backbone.name=jepa_v2_1"",""+backbone.kwargs.variant=vitb_384"",""probe.name=mlp"",""probe.layer=9"",""probe.layers=[]"",""probe.feature_view=pooled"",""probe.device=cpu"",""probe.lr=0.00013292918943162159"",""probe.weight_decay=0.0050615768887523043"",""probe.batch_size=32"",""probe.eval_batch_size=1024"",""probe.epochs=2000"",""probe.early_stopping.enabled=false"",""probe.early_stopping.patience=5"",""probe.optuna.enabled=false"",""probe.output_dir=artifacts/probes/mvp"",""probe.output_subdir=seed_runs_layerwise_backbone_sweep_v1/mvp__backbone_sweep__jepa_v2_1__vitb_384__mlp__layer_9/seed_101"",""probe.eval_output_dir=artifacts/results/mvp"",""probe.eval_output_subdir=seed_runs_layerwise_backbone_sweep_v1/mvp__backbone_sweep__jepa_v2_1__vitb_384__mlp__layer_9/seed_101"",""probe.wandb.group=seed_runs_layerwise_backbone_sweep_v1_mvp__backbone_sweep__jepa_v2_1__vitb_384__mlp__layer_9"",""probe.wandb.name=mvp__backbone_sweep__jepa_v2_1__vitb_384__mlp__layer_9__seed_101"",""probe.mlp.hidden_dims=[256]"",""probe.mlp.dropout=0.21597250932105788"",""feature_cache.layer_ids=[3,6,9,12]""]",results/verified_layerwise_probe_configs.csv,378,380,693588d80b92c1f2,VERIFIED_FULL,"{""batch_size"":32,""dropout"":0.21597250932105788,""early_stopping"":{""enabled"":false,""patience"":5},""epochs"":2000,""eval_batch_size"":1024,""feature_view"":""pooled"",""hidden_dims"":[256],""layer"":9,""lr"":0.0001329291894316216,""slot"":null,""weight_decay"":0.005061576888752304}",different_backbone_ablation/other models/mvp/mlp/mvp_probe_mlp_jepa_v2_1_vitb_384_20260616T211907Z/layer_9/train/optuna_summary.json
mvp__backbone_sweep__jepa_v2_1__vitb_384__mlp__layer_9__seed_102,mvp__backbone_sweep__jepa_v2_1__vitb_384__mlp__layer_9,train_eval.probe.mvp,MVP,mvp,backbone_sweep,V-JEPA 2.1,ViT-B/16,MLP,mlp,102,42,jepa_v2_1,vitb_384,9,,9,pooled,0.00013292918943162159,0.0050615768887523043,32,1024,2000,false,5,[256],0.21597250932105788,,,,,cpu,artifacts/probes/mvp,seed_runs_layerwise_backbone_sweep_v1/mvp__backbone_sweep__jepa_v2_1__vitb_384__mlp__layer_9/seed_102,artifacts/results/mvp,seed_runs_layerwise_backbone_sweep_v1/mvp__backbone_sweep__jepa_v2_1__vitb_384__mlp__layer_9/seed_102,seed_runs_layerwise_backbone_sweep_v1_mvp__backbone_sweep__jepa_v2_1__vitb_384__mlp__layer_9,mvp__backbone_sweep__jepa_v2_1__vitb_384__mlp__layer_9__seed_102,pending,,"[""seed=102"",""split.seed=42"",""backbone.name=jepa_v2_1"",""+backbone.kwargs.variant=vitb_384"",""probe.name=mlp"",""probe.layer=9"",""probe.layers=[]"",""probe.feature_view=pooled"",""probe.device=cpu"",""probe.lr=0.00013292918943162159"",""probe.weight_decay=0.0050615768887523043"",""probe.batch_size=32"",""probe.eval_batch_size=1024"",""probe.epochs=2000"",""probe.early_stopping.enabled=false"",""probe.early_stopping.patience=5"",""probe.optuna.enabled=false"",""probe.output_dir=artifacts/probes/mvp"",""probe.output_subdir=seed_runs_layerwise_backbone_sweep_v1/mvp__backbone_sweep__jepa_v2_1__vitb_384__mlp__layer_9/seed_102"",""probe.eval_output_dir=artifacts/results/mvp"",""probe.eval_output_subdir=seed_runs_layerwise_backbone_sweep_v1/mvp__backbone_sweep__jepa_v2_1__vitb_384__mlp__layer_9/seed_102"",""probe.wandb.group=seed_runs_layerwise_backbone_sweep_v1_mvp__backbone_sweep__jepa_v2_1__vitb_384__mlp__layer_9"",""probe.wandb.name=mvp__backbone_sweep__jepa_v2_1__vitb_384__mlp__layer_9__seed_102"",""probe.mlp.hidden_dims=[256]"",""probe.mlp.dropout=0.21597250932105788"",""feature_cache.layer_ids=[3,6,9,12]""]",results/verified_layerwise_probe_configs.csv,378,380,693588d80b92c1f2,VERIFIED_FULL,"{""batch_size"":32,""dropout"":0.21597250932105788,""early_stopping"":{""enabled"":false,""patience"":5},""epochs"":2000,""eval_batch_size"":1024,""feature_view"":""pooled"",""hidden_dims"":[256],""layer"":9,""lr"":0.0001329291894316216,""slot"":null,""weight_decay"":0.005061576888752304}",different_backbone_ablation/other models/mvp/mlp/mvp_probe_mlp_jepa_v2_1_vitb_384_20260616T211907Z/layer_9/train/optuna_summary.json
mvp__backbone_sweep__jepa_v2_1__vitb_384__mlp__layer_12__seed_101,mvp__backbone_sweep__jepa_v2_1__vitb_384__mlp__layer_12,train_eval.probe.mvp,MVP,mvp,backbone_sweep,V-JEPA 2.1,ViT-B/16,MLP,mlp,101,42,jepa_v2_1,vitb_384,12,,12,pooled,0.00049776428184921382,0.0074617492378959548,32,1024,500,false,5,"[512,256]",0.15743541567527738,,,,,cpu,artifacts/probes/mvp,seed_runs_layerwise_backbone_sweep_v1/mvp__backbone_sweep__jepa_v2_1__vitb_384__mlp__layer_12/seed_101,artifacts/results/mvp,seed_runs_layerwise_backbone_sweep_v1/mvp__backbone_sweep__jepa_v2_1__vitb_384__mlp__layer_12/seed_101,seed_runs_layerwise_backbone_sweep_v1_mvp__backbone_sweep__jepa_v2_1__vitb_384__mlp__layer_12,mvp__backbone_sweep__jepa_v2_1__vitb_384__mlp__layer_12__seed_101,pending,,"[""seed=101"",""split.seed=42"",""backbone.name=jepa_v2_1"",""+backbone.kwargs.variant=vitb_384"",""probe.name=mlp"",""probe.layer=12"",""probe.layers=[]"",""probe.feature_view=pooled"",""probe.device=cpu"",""probe.lr=0.00049776428184921382"",""probe.weight_decay=0.0074617492378959548"",""probe.batch_size=32"",""probe.eval_batch_size=1024"",""probe.epochs=500"",""probe.early_stopping.enabled=false"",""probe.early_stopping.patience=5"",""probe.optuna.enabled=false"",""probe.output_dir=artifacts/probes/mvp"",""probe.output_subdir=seed_runs_layerwise_backbone_sweep_v1/mvp__backbone_sweep__jepa_v2_1__vitb_384__mlp__layer_12/seed_101"",""probe.eval_output_dir=artifacts/results/mvp"",""probe.eval_output_subdir=seed_runs_layerwise_backbone_sweep_v1/mvp__backbone_sweep__jepa_v2_1__vitb_384__mlp__layer_12/seed_101"",""probe.wandb.group=seed_runs_layerwise_backbone_sweep_v1_mvp__backbone_sweep__jepa_v2_1__vitb_384__mlp__layer_12"",""probe.wandb.name=mvp__backbone_sweep__jepa_v2_1__vitb_384__mlp__layer_12__seed_101"",""probe.mlp.hidden_dims=[512,256]"",""probe.mlp.dropout=0.15743541567527738"",""feature_cache.layer_ids=[3,6,9,12]""]",results/verified_layerwise_probe_configs.csv,379,381,2383abd1be53bd7e,VERIFIED_FULL,"{""batch_size"":32,""dropout"":0.15743541567527738,""early_stopping"":{""enabled"":false,""patience"":5},""epochs"":500,""eval_batch_size"":1024,""feature_view"":""pooled"",""hidden_dims"":[512,256],""layer"":12,""lr"":0.0004977642818492138,""slot"":null,""weight_decay"":0.007461749237895955}",different_backbone_ablation/other models/mvp/mlp/mvp_probe_mlp_jepa_v2_1_vitb_384_20260616T211907Z/layer_12/train/optuna_summary.json
mvp__backbone_sweep__jepa_v2_1__vitb_384__mlp__layer_12__seed_102,mvp__backbone_sweep__jepa_v2_1__vitb_384__mlp__layer_12,train_eval.probe.mvp,MVP,mvp,backbone_sweep,V-JEPA 2.1,ViT-B/16,MLP,mlp,102,42,jepa_v2_1,vitb_384,12,,12,pooled,0.00049776428184921382,0.0074617492378959548,32,1024,500,false,5,"[512,256]",0.15743541567527738,,,,,cpu,artifacts/probes/mvp,seed_runs_layerwise_backbone_sweep_v1/mvp__backbone_sweep__jepa_v2_1__vitb_384__mlp__layer_12/seed_102,artifacts/results/mvp,seed_runs_layerwise_backbone_sweep_v1/mvp__backbone_sweep__jepa_v2_1__vitb_384__mlp__layer_12/seed_102,seed_runs_layerwise_backbone_sweep_v1_mvp__backbone_sweep__jepa_v2_1__vitb_384__mlp__layer_12,mvp__backbone_sweep__jepa_v2_1__vitb_384__mlp__layer_12__seed_102,pending,,"[""seed=102"",""split.seed=42"",""backbone.name=jepa_v2_1"",""+backbone.kwargs.variant=vitb_384"",""probe.name=mlp"",""probe.layer=12"",""probe.layers=[]"",""probe.feature_view=pooled"",""probe.device=cpu"",""probe.lr=0.00049776428184921382"",""probe.weight_decay=0.0074617492378959548"",""probe.batch_size=32"",""probe.eval_batch_size=1024"",""probe.epochs=500"",""probe.early_stopping.enabled=false"",""probe.early_stopping.patience=5"",""probe.optuna.enabled=false"",""probe.output_dir=artifacts/probes/mvp"",""probe.output_subdir=seed_runs_layerwise_backbone_sweep_v1/mvp__backbone_sweep__jepa_v2_1__vitb_384__mlp__layer_12/seed_102"",""probe.eval_output_dir=artifacts/results/mvp"",""probe.eval_output_subdir=seed_runs_layerwise_backbone_sweep_v1/mvp__backbone_sweep__jepa_v2_1__vitb_384__mlp__layer_12/seed_102"",""probe.wandb.group=seed_runs_layerwise_backbone_sweep_v1_mvp__backbone_sweep__jepa_v2_1__vitb_384__mlp__layer_12"",""probe.wandb.name=mvp__backbone_sweep__jepa_v2_1__vitb_384__mlp__layer_12__seed_102"",""probe.mlp.hidden_dims=[512,256]"",""probe.mlp.dropout=0.15743541567527738"",""feature_cache.layer_ids=[3,6,9,12]""]",results/verified_layerwise_probe_configs.csv,379,381,2383abd1be53bd7e,VERIFIED_FULL,"{""batch_size"":32,""dropout"":0.15743541567527738,""early_stopping"":{""enabled"":false,""patience"":5},""epochs"":500,""eval_batch_size"":1024,""feature_view"":""pooled"",""hidden_dims"":[512,256],""layer"":12,""lr"":0.0004977642818492138,""slot"":null,""weight_decay"":0.007461749237895955}",different_backbone_ablation/other models/mvp/mlp/mvp_probe_mlp_jepa_v2_1_vitb_384_20260616T211907Z/layer_12/train/optuna_summary.json
mvp__backbone_sweep__jepa_v2_1__vitg_384__linear__layer_10__seed_101,mvp__backbone_sweep__jepa_v2_1__vitg_384__linear__layer_10,train_eval.probe.mvp,MVP,mvp,backbone_sweep,V-JEPA 2.1,ViT-G/16,Linear,linear,101,42,jepa_v2_1,vitg_384,10,,10,pooled,0.00091946748991572136,3.5970887868120614e-05,64,1024,2000,false,5,,,,,,,cpu,artifacts/probes/mvp,seed_runs_layerwise_backbone_sweep_v1/mvp__backbone_sweep__jepa_v2_1__vitg_384__linear__layer_10/seed_101,artifacts/results/mvp,seed_runs_layerwise_backbone_sweep_v1/mvp__backbone_sweep__jepa_v2_1__vitg_384__linear__layer_10/seed_101,seed_runs_layerwise_backbone_sweep_v1_mvp__backbone_sweep__jepa_v2_1__vitg_384__linear__layer_10,mvp__backbone_sweep__jepa_v2_1__vitg_384__linear__layer_10__seed_101,pending,,"[""seed=101"",""split.seed=42"",""backbone.name=jepa_v2_1"",""+backbone.kwargs.variant=vitg_384"",""probe.name=linear"",""probe.layer=10"",""probe.layers=[]"",""probe.feature_view=pooled"",""probe.device=cpu"",""probe.lr=0.00091946748991572136"",""probe.weight_decay=3.5970887868120614e-05"",""probe.batch_size=64"",""probe.eval_batch_size=1024"",""probe.epochs=2000"",""probe.early_stopping.enabled=false"",""probe.early_stopping.patience=5"",""probe.optuna.enabled=false"",""probe.output_dir=artifacts/probes/mvp"",""probe.output_subdir=seed_runs_layerwise_backbone_sweep_v1/mvp__backbone_sweep__jepa_v2_1__vitg_384__linear__layer_10/seed_101"",""probe.eval_output_dir=artifacts/results/mvp"",""probe.eval_output_subdir=seed_runs_layerwise_backbone_sweep_v1/mvp__backbone_sweep__jepa_v2_1__vitg_384__linear__layer_10/seed_101"",""probe.wandb.group=seed_runs_layerwise_backbone_sweep_v1_mvp__backbone_sweep__jepa_v2_1__vitg_384__linear__layer_10"",""probe.wandb.name=mvp__backbone_sweep__jepa_v2_1__vitg_384__linear__layer_10__seed_101"",""feature_cache.layer_ids=[10,20,30,40]""]",results/verified_layerwise_probe_configs.csv,396,398,9a9891e710c8c375,VERIFIED_FULL,"{""batch_size"":64,""early_stopping"":{""enabled"":false,""patience"":5},""epochs"":2000,""eval_batch_size"":1024,""feature_view"":""pooled"",""layer"":10,""lr"":0.0009194674899157214,""slot"":null,""weight_decay"":3.5970887868120614e-05}",different_backbone_ablation/other models/mvp/linear/mvp_probe_linear_jepa_v2_1_vitg_384_20260616T205148Z/layer_10/train/optuna_summary.json
mvp__backbone_sweep__jepa_v2_1__vitg_384__linear__layer_10__seed_102,mvp__backbone_sweep__jepa_v2_1__vitg_384__linear__layer_10,train_eval.probe.mvp,MVP,mvp,backbone_sweep,V-JEPA 2.1,ViT-G/16,Linear,linear,102,42,jepa_v2_1,vitg_384,10,,10,pooled,0.00091946748991572136,3.5970887868120614e-05,64,1024,2000,false,5,,,,,,,cpu,artifacts/probes/mvp,seed_runs_layerwise_backbone_sweep_v1/mvp__backbone_sweep__jepa_v2_1__vitg_384__linear__layer_10/seed_102,artifacts/results/mvp,seed_runs_layerwise_backbone_sweep_v1/mvp__backbone_sweep__jepa_v2_1__vitg_384__linear__layer_10/seed_102,seed_runs_layerwise_backbone_sweep_v1_mvp__backbone_sweep__jepa_v2_1__vitg_384__linear__layer_10,mvp__backbone_sweep__jepa_v2_1__vitg_384__linear__layer_10__seed_102,pending,,"[""seed=102"",""split.seed=42"",""backbone.name=jepa_v2_1"",""+backbone.kwargs.variant=vitg_384"",""probe.name=linear"",""probe.layer=10"",""probe.layers=[]"",""probe.feature_view=pooled"",""probe.device=cpu"",""probe.lr=0.00091946748991572136"",""probe.weight_decay=3.5970887868120614e-05"",""probe.batch_size=64"",""probe.eval_batch_size=1024"",""probe.epochs=2000"",""probe.early_stopping.enabled=false"",""probe.early_stopping.patience=5"",""probe.optuna.enabled=false"",""probe.output_dir=artifacts/probes/mvp"",""probe.output_subdir=seed_runs_layerwise_backbone_sweep_v1/mvp__backbone_sweep__jepa_v2_1__vitg_384__linear__layer_10/seed_102"",""probe.eval_output_dir=artifacts/results/mvp"",""probe.eval_output_subdir=seed_runs_layerwise_backbone_sweep_v1/mvp__backbone_sweep__jepa_v2_1__vitg_384__linear__layer_10/seed_102"",""probe.wandb.group=seed_runs_layerwise_backbone_sweep_v1_mvp__backbone_sweep__jepa_v2_1__vitg_384__linear__layer_10"",""probe.wandb.name=mvp__backbone_sweep__jepa_v2_1__vitg_384__linear__layer_10__seed_102"",""feature_cache.layer_ids=[10,20,30,40]""]",results/verified_layerwise_probe_configs.csv,396,398,9a9891e710c8c375,VERIFIED_FULL,"{""batch_size"":64,""early_stopping"":{""enabled"":false,""patience"":5},""epochs"":2000,""eval_batch_size"":1024,""feature_view"":""pooled"",""layer"":10,""lr"":0.0009194674899157214,""slot"":null,""weight_decay"":3.5970887868120614e-05}",different_backbone_ablation/other models/mvp/linear/mvp_probe_linear_jepa_v2_1_vitg_384_20260616T205148Z/layer_10/train/optuna_summary.json
mvp__backbone_sweep__jepa_v2_1__vitg_384__linear__layer_20__seed_101,mvp__backbone_sweep__jepa_v2_1__vitg_384__linear__layer_20,train_eval.probe.mvp,MVP,mvp,backbone_sweep,V-JEPA 2.1,ViT-G/16,Linear,linear,101,42,jepa_v2_1,vitg_384,20,,20,pooled,0.0078049615110440127,7.2824316925743996e-05,64,1024,2000,false,5,,,,,,,cpu,artifacts/probes/mvp,seed_runs_layerwise_backbone_sweep_v1/mvp__backbone_sweep__jepa_v2_1__vitg_384__linear__layer_20/seed_101,artifacts/results/mvp,seed_runs_layerwise_backbone_sweep_v1/mvp__backbone_sweep__jepa_v2_1__vitg_384__linear__layer_20/seed_101,seed_runs_layerwise_backbone_sweep_v1_mvp__backbone_sweep__jepa_v2_1__vitg_384__linear__layer_20,mvp__backbone_sweep__jepa_v2_1__vitg_384__linear__layer_20__seed_101,pending,,"[""seed=101"",""split.seed=42"",""backbone.name=jepa_v2_1"",""+backbone.kwargs.variant=vitg_384"",""probe.name=linear"",""probe.layer=20"",""probe.layers=[]"",""probe.feature_view=pooled"",""probe.device=cpu"",""probe.lr=0.0078049615110440127"",""probe.weight_decay=7.2824316925743996e-05"",""probe.batch_size=64"",""probe.eval_batch_size=1024"",""probe.epochs=2000"",""probe.early_stopping.enabled=false"",""probe.early_stopping.patience=5"",""probe.optuna.enabled=false"",""probe.output_dir=artifacts/probes/mvp"",""probe.output_subdir=seed_runs_layerwise_backbone_sweep_v1/mvp__backbone_sweep__jepa_v2_1__vitg_384__linear__layer_20/seed_101"",""probe.eval_output_dir=artifacts/results/mvp"",""probe.eval_output_subdir=seed_runs_layerwise_backbone_sweep_v1/mvp__backbone_sweep__jepa_v2_1__vitg_384__linear__layer_20/seed_101"",""probe.wandb.group=seed_runs_layerwise_backbone_sweep_v1_mvp__backbone_sweep__jepa_v2_1__vitg_384__linear__layer_20"",""probe.wandb.name=mvp__backbone_sweep__jepa_v2_1__vitg_384__linear__layer_20__seed_101"",""feature_cache.layer_ids=[10,20,30,40]""]",results/verified_layerwise_probe_configs.csv,397,399,aa8d9c7066ef4164,VERIFIED_FULL,"{""batch_size"":64,""early_stopping"":{""enabled"":false,""patience"":5},""epochs"":2000,""eval_batch_size"":1024,""feature_view"":""pooled"",""layer"":20,""lr"":0.007804961511044013,""slot"":null,""weight_decay"":7.2824316925744e-05}",different_backbone_ablation/other models/mvp/linear/mvp_probe_linear_jepa_v2_1_vitg_384_20260616T205148Z/layer_20/train/optuna_summary.json
mvp__backbone_sweep__jepa_v2_1__vitg_384__linear__layer_20__seed_102,mvp__backbone_sweep__jepa_v2_1__vitg_384__linear__layer_20,train_eval.probe.mvp,MVP,mvp,backbone_sweep,V-JEPA 2.1,ViT-G/16,Linear,linear,102,42,jepa_v2_1,vitg_384,20,,20,pooled,0.0078049615110440127,7.2824316925743996e-05,64,1024,2000,false,5,,,,,,,cpu,artifacts/probes/mvp,seed_runs_layerwise_backbone_sweep_v1/mvp__backbone_sweep__jepa_v2_1__vitg_384__linear__layer_20/seed_102,artifacts/results/mvp,seed_runs_layerwise_backbone_sweep_v1/mvp__backbone_sweep__jepa_v2_1__vitg_384__linear__layer_20/seed_102,seed_runs_layerwise_backbone_sweep_v1_mvp__backbone_sweep__jepa_v2_1__vitg_384__linear__layer_20,mvp__backbone_sweep__jepa_v2_1__vitg_384__linear__layer_20__seed_102,pending,,"[""seed=102"",""split.seed=42"",""backbone.name=jepa_v2_1"",""+backbone.kwargs.variant=vitg_384"",""probe.name=linear"",""probe.layer=20"",""probe.layers=[]"",""probe.feature_view=pooled"",""probe.device=cpu"",""probe.lr=0.0078049615110440127"",""probe.weight_decay=7.2824316925743996e-05"",""probe.batch_size=64"",""probe.eval_batch_size=1024"",""probe.epochs=2000"",""probe.early_stopping.enabled=false"",""probe.early_stopping.patience=5"",""probe.optuna.enabled=false"",""probe.output_dir=artifacts/probes/mvp"",""probe.output_subdir=seed_runs_layerwise_backbone_sweep_v1/mvp__backbone_sweep__jepa_v2_1__vitg_384__linear__layer_20/seed_102"",""probe.eval_output_dir=artifacts/results/mvp"",""probe.eval_output_subdir=seed_runs_layerwise_backbone_sweep_v1/mvp__backbone_sweep__jepa_v2_1__vitg_384__linear__layer_20/seed_102"",""probe.wandb.group=seed_runs_layerwise_backbone_sweep_v1_mvp__backbone_sweep__jepa_v2_1__vitg_384__linear__layer_20"",""probe.wandb.name=mvp__backbone_sweep__jepa_v2_1__vitg_384__linear__layer_20__seed_102"",""feature_cache.layer_ids=[10,20,30,40]""]",results/verified_layerwise_probe_configs.csv,397,399,aa8d9c7066ef4164,VERIFIED_FULL,"{""batch_size"":64,""early_stopping"":{""enabled"":false,""patience"":5},""epochs"":2000,""eval_batch_size"":1024,""feature_view"":""pooled"",""layer"":20,""lr"":0.007804961511044013,""slot"":null,""weight_decay"":7.2824316925744e-05}",different_backbone_ablation/other models/mvp/linear/mvp_probe_linear_jepa_v2_1_vitg_384_20260616T205148Z/layer_20/train/optuna_summary.json
mvp__backbone_sweep__jepa_v2_1__vitg_384__linear__layer_30__seed_101,mvp__backbone_sweep__jepa_v2_1__vitg_384__linear__layer_30,train_eval.probe.mvp,MVP,mvp,backbone_sweep,V-JEPA 2.1,ViT-G/16,Linear,linear,101,42,jepa_v2_1,vitg_384,30,,30,pooled,0.0078049615110440127,7.2824316925743996e-05,64,1024,2000,false,5,,,,,,,cpu,artifacts/probes/mvp,seed_runs_layerwise_backbone_sweep_v1/mvp__backbone_sweep__jepa_v2_1__vitg_384__linear__layer_30/seed_101,artifacts/results/mvp,seed_runs_layerwise_backbone_sweep_v1/mvp__backbone_sweep__jepa_v2_1__vitg_384__linear__layer_30/seed_101,seed_runs_layerwise_backbone_sweep_v1_mvp__backbone_sweep__jepa_v2_1__vitg_384__linear__layer_30,mvp__backbone_sweep__jepa_v2_1__vitg_384__linear__layer_30__seed_101,pending,,"[""seed=101"",""split.seed=42"",""backbone.name=jepa_v2_1"",""+backbone.kwargs.variant=vitg_384"",""probe.name=linear"",""probe.layer=30"",""probe.layers=[]"",""probe.feature_view=pooled"",""probe.device=cpu"",""probe.lr=0.0078049615110440127"",""probe.weight_decay=7.2824316925743996e-05"",""probe.batch_size=64"",""probe.eval_batch_size=1024"",""probe.epochs=2000"",""probe.early_stopping.enabled=false"",""probe.early_stopping.patience=5"",""probe.optuna.enabled=false"",""probe.output_dir=artifacts/probes/mvp"",""probe.output_subdir=seed_runs_layerwise_backbone_sweep_v1/mvp__backbone_sweep__jepa_v2_1__vitg_384__linear__layer_30/seed_101"",""probe.eval_output_dir=artifacts/results/mvp"",""probe.eval_output_subdir=seed_runs_layerwise_backbone_sweep_v1/mvp__backbone_sweep__jepa_v2_1__vitg_384__linear__layer_30/seed_101"",""probe.wandb.group=seed_runs_layerwise_backbone_sweep_v1_mvp__backbone_sweep__jepa_v2_1__vitg_384__linear__layer_30"",""probe.wandb.name=mvp__backbone_sweep__jepa_v2_1__vitg_384__linear__layer_30__seed_101"",""feature_cache.layer_ids=[10,20,30,40]""]",results/verified_layerwise_probe_configs.csv,398,400,41568e3f634d49d8,VERIFIED_FULL,"{""batch_size"":64,""early_stopping"":{""enabled"":false,""patience"":5},""epochs"":2000,""eval_batch_size"":1024,""feature_view"":""pooled"",""layer"":30,""lr"":0.007804961511044013,""slot"":null,""weight_decay"":7.2824316925744e-05}",different_backbone_ablation/other models/mvp/linear/mvp_probe_linear_jepa_v2_1_vitg_384_20260616T205148Z/layer_30/train/optuna_summary.json
mvp__backbone_sweep__jepa_v2_1__vitg_384__linear__layer_30__seed_102,mvp__backbone_sweep__jepa_v2_1__vitg_384__linear__layer_30,train_eval.probe.mvp,MVP,mvp,backbone_sweep,V-JEPA 2.1,ViT-G/16,Linear,linear,102,42,jepa_v2_1,vitg_384,30,,30,pooled,0.0078049615110440127,7.2824316925743996e-05,64,1024,2000,false,5,,,,,,,cpu,artifacts/probes/mvp,seed_runs_layerwise_backbone_sweep_v1/mvp__backbone_sweep__jepa_v2_1__vitg_384__linear__layer_30/seed_102,artifacts/results/mvp,seed_runs_layerwise_backbone_sweep_v1/mvp__backbone_sweep__jepa_v2_1__vitg_384__linear__layer_30/seed_102,seed_runs_layerwise_backbone_sweep_v1_mvp__backbone_sweep__jepa_v2_1__vitg_384__linear__layer_30,mvp__backbone_sweep__jepa_v2_1__vitg_384__linear__layer_30__seed_102,pending,,"[""seed=102"",""split.seed=42"",""backbone.name=jepa_v2_1"",""+backbone.kwargs.variant=vitg_384"",""probe.name=linear"",""probe.layer=30"",""probe.layers=[]"",""probe.feature_view=pooled"",""probe.device=cpu"",""probe.lr=0.0078049615110440127"",""probe.weight_decay=7.2824316925743996e-05"",""probe.batch_size=64"",""probe.eval_batch_size=1024"",""probe.epochs=2000"",""probe.early_stopping.enabled=false"",""probe.early_stopping.patience=5"",""probe.optuna.enabled=false"",""probe.output_dir=artifacts/probes/mvp"",""probe.output_subdir=seed_runs_layerwise_backbone_sweep_v1/mvp__backbone_sweep__jepa_v2_1__vitg_384__linear__layer_30/seed_102"",""probe.eval_output_dir=artifacts/results/mvp"",""probe.eval_output_subdir=seed_runs_layerwise_backbone_sweep_v1/mvp__backbone_sweep__jepa_v2_1__vitg_384__linear__layer_30/seed_102"",""probe.wandb.group=seed_runs_layerwise_backbone_sweep_v1_mvp__backbone_sweep__jepa_v2_1__vitg_384__linear__layer_30"",""probe.wandb.name=mvp__backbone_sweep__jepa_v2_1__vitg_384__linear__layer_30__seed_102"",""feature_cache.layer_ids=[10,20,30,40]""]",results/verified_layerwise_probe_configs.csv,398,400,41568e3f634d49d8,VERIFIED_FULL,"{""batch_size"":64,""early_stopping"":{""enabled"":false,""patience"":5},""epochs"":2000,""eval_batch_size"":1024,""feature_view"":""pooled"",""layer"":30,""lr"":0.007804961511044013,""slot"":null,""weight_decay"":7.2824316925744e-05}",different_backbone_ablation/other models/mvp/linear/mvp_probe_linear_jepa_v2_1_vitg_384_20260616T205148Z/layer_30/train/optuna_summary.json
mvp__backbone_sweep__jepa_v2_1__vitg_384__linear__layer_40__seed_101,mvp__backbone_sweep__jepa_v2_1__vitg_384__linear__layer_40,train_eval.probe.mvp,MVP,mvp,backbone_sweep,V-JEPA 2.1,ViT-G/16,Linear,linear,101,42,jepa_v2_1,vitg_384,40,,40,pooled,0.0045403286128507473,1.5826958045938118e-05,64,1024,2000,false,5,,,,,,,cpu,artifacts/probes/mvp,seed_runs_layerwise_backbone_sweep_v1/mvp__backbone_sweep__jepa_v2_1__vitg_384__linear__layer_40/seed_101,artifacts/results/mvp,seed_runs_layerwise_backbone_sweep_v1/mvp__backbone_sweep__jepa_v2_1__vitg_384__linear__layer_40/seed_101,seed_runs_layerwise_backbone_sweep_v1_mvp__backbone_sweep__jepa_v2_1__vitg_384__linear__layer_40,mvp__backbone_sweep__jepa_v2_1__vitg_384__linear__layer_40__seed_101,pending,,"[""seed=101"",""split.seed=42"",""backbone.name=jepa_v2_1"",""+backbone.kwargs.variant=vitg_384"",""probe.name=linear"",""probe.layer=40"",""probe.layers=[]"",""probe.feature_view=pooled"",""probe.device=cpu"",""probe.lr=0.0045403286128507473"",""probe.weight_decay=1.5826958045938118e-05"",""probe.batch_size=64"",""probe.eval_batch_size=1024"",""probe.epochs=2000"",""probe.early_stopping.enabled=false"",""probe.early_stopping.patience=5"",""probe.optuna.enabled=false"",""probe.output_dir=artifacts/probes/mvp"",""probe.output_subdir=seed_runs_layerwise_backbone_sweep_v1/mvp__backbone_sweep__jepa_v2_1__vitg_384__linear__layer_40/seed_101"",""probe.eval_output_dir=artifacts/results/mvp"",""probe.eval_output_subdir=seed_runs_layerwise_backbone_sweep_v1/mvp__backbone_sweep__jepa_v2_1__vitg_384__linear__layer_40/seed_101"",""probe.wandb.group=seed_runs_layerwise_backbone_sweep_v1_mvp__backbone_sweep__jepa_v2_1__vitg_384__linear__layer_40"",""probe.wandb.name=mvp__backbone_sweep__jepa_v2_1__vitg_384__linear__layer_40__seed_101"",""feature_cache.layer_ids=[10,20,30,40]""]",results/verified_layerwise_probe_configs.csv,399,401,89f3327fa8e5c2ce,VERIFIED_FULL,"{""batch_size"":64,""early_stopping"":{""enabled"":false,""patience"":5},""epochs"":2000,""eval_batch_size"":1024,""feature_view"":""pooled"",""layer"":40,""lr"":0.004540328612850747,""slot"":null,""weight_decay"":1.5826958045938118e-05}",different_backbone_ablation/other models/mvp/linear/mvp_probe_linear_jepa_v2_1_vitg_384_20260616T205148Z/layer_40/train/optuna_summary.json
mvp__backbone_sweep__jepa_v2_1__vitg_384__linear__layer_40__seed_102,mvp__backbone_sweep__jepa_v2_1__vitg_384__linear__layer_40,train_eval.probe.mvp,MVP,mvp,backbone_sweep,V-JEPA 2.1,ViT-G/16,Linear,linear,102,42,jepa_v2_1,vitg_384,40,,40,pooled,0.0045403286128507473,1.5826958045938118e-05,64,1024,2000,false,5,,,,,,,cpu,artifacts/probes/mvp,seed_runs_layerwise_backbone_sweep_v1/mvp__backbone_sweep__jepa_v2_1__vitg_384__linear__layer_40/seed_102,artifacts/results/mvp,seed_runs_layerwise_backbone_sweep_v1/mvp__backbone_sweep__jepa_v2_1__vitg_384__linear__layer_40/seed_102,seed_runs_layerwise_backbone_sweep_v1_mvp__backbone_sweep__jepa_v2_1__vitg_384__linear__layer_40,mvp__backbone_sweep__jepa_v2_1__vitg_384__linear__layer_40__seed_102,pending,,"[""seed=102"",""split.seed=42"",""backbone.name=jepa_v2_1"",""+backbone.kwargs.variant=vitg_384"",""probe.name=linear"",""probe.layer=40"",""probe.layers=[]"",""probe.feature_view=pooled"",""probe.device=cpu"",""probe.lr=0.0045403286128507473"",""probe.weight_decay=1.5826958045938118e-05"",""probe.batch_size=64"",""probe.eval_batch_size=1024"",""probe.epochs=2000"",""probe.early_stopping.enabled=false"",""probe.early_stopping.patience=5"",""probe.optuna.enabled=false"",""probe.output_dir=artifacts/probes/mvp"",""probe.output_subdir=seed_runs_layerwise_backbone_sweep_v1/mvp__backbone_sweep__jepa_v2_1__vitg_384__linear__layer_40/seed_102"",""probe.eval_output_dir=artifacts/results/mvp"",""probe.eval_output_subdir=seed_runs_layerwise_backbone_sweep_v1/mvp__backbone_sweep__jepa_v2_1__vitg_384__linear__layer_40/seed_102"",""probe.wandb.group=seed_runs_layerwise_backbone_sweep_v1_mvp__backbone_sweep__jepa_v2_1__vitg_384__linear__layer_40"",""probe.wandb.name=mvp__backbone_sweep__jepa_v2_1__vitg_384__linear__layer_40__seed_102"",""feature_cache.layer_ids=[10,20,30,40]""]",results/verified_layerwise_probe_configs.csv,399,401,89f3327fa8e5c2ce,VERIFIED_FULL,"{""batch_size"":64,""early_stopping"":{""enabled"":false,""patience"":5},""epochs"":2000,""eval_batch_size"":1024,""feature_view"":""pooled"",""layer"":40,""lr"":0.004540328612850747,""slot"":null,""weight_decay"":1.5826958045938118e-05}",different_backbone_ablation/other models/mvp/linear/mvp_probe_linear_jepa_v2_1_vitg_384_20260616T205148Z/layer_40/train/optuna_summary.json
mvp__backbone_sweep__jepa_v2_1__vitg_384__mlp__layer_10__seed_101,mvp__backbone_sweep__jepa_v2_1__vitg_384__mlp__layer_10,train_eval.probe.mvp,MVP,mvp,backbone_sweep,V-JEPA 2.1,ViT-G/16,MLP,mlp,101,42,jepa_v2_1,vitg_384,10,,10,pooled,0.00013292918943162159,0.0050615768887523043,32,1024,2000,false,5,[256],0.21597250932105788,,,,,cpu,artifacts/probes/mvp,seed_runs_layerwise_backbone_sweep_v1/mvp__backbone_sweep__jepa_v2_1__vitg_384__mlp__layer_10/seed_101,artifacts/results/mvp,seed_runs_layerwise_backbone_sweep_v1/mvp__backbone_sweep__jepa_v2_1__vitg_384__mlp__layer_10/seed_101,seed_runs_layerwise_backbone_sweep_v1_mvp__backbone_sweep__jepa_v2_1__vitg_384__mlp__layer_10,mvp__backbone_sweep__jepa_v2_1__vitg_384__mlp__layer_10__seed_101,pending,,"[""seed=101"",""split.seed=42"",""backbone.name=jepa_v2_1"",""+backbone.kwargs.variant=vitg_384"",""probe.name=mlp"",""probe.layer=10"",""probe.layers=[]"",""probe.feature_view=pooled"",""probe.device=cpu"",""probe.lr=0.00013292918943162159"",""probe.weight_decay=0.0050615768887523043"",""probe.batch_size=32"",""probe.eval_batch_size=1024"",""probe.epochs=2000"",""probe.early_stopping.enabled=false"",""probe.early_stopping.patience=5"",""probe.optuna.enabled=false"",""probe.output_dir=artifacts/probes/mvp"",""probe.output_subdir=seed_runs_layerwise_backbone_sweep_v1/mvp__backbone_sweep__jepa_v2_1__vitg_384__mlp__layer_10/seed_101"",""probe.eval_output_dir=artifacts/results/mvp"",""probe.eval_output_subdir=seed_runs_layerwise_backbone_sweep_v1/mvp__backbone_sweep__jepa_v2_1__vitg_384__mlp__layer_10/seed_101"",""probe.wandb.group=seed_runs_layerwise_backbone_sweep_v1_mvp__backbone_sweep__jepa_v2_1__vitg_384__mlp__layer_10"",""probe.wandb.name=mvp__backbone_sweep__jepa_v2_1__vitg_384__mlp__layer_10__seed_101"",""probe.mlp.hidden_dims=[256]"",""probe.mlp.dropout=0.21597250932105788"",""feature_cache.layer_ids=[10,20,30,40]""]",results/verified_layerwise_probe_configs.csv,400,402,9293ecf98824cc1e,VERIFIED_FULL,"{""batch_size"":32,""dropout"":0.21597250932105788,""early_stopping"":{""enabled"":false,""patience"":5},""epochs"":2000,""eval_batch_size"":1024,""feature_view"":""pooled"",""hidden_dims"":[256],""layer"":10,""lr"":0.0001329291894316216,""slot"":null,""weight_decay"":0.005061576888752304}",different_backbone_ablation/other models/mvp/mlp/mvp_probe_mlp_jepa_v2_1_vitg_384_20260616T211906Z/layer_10/train/optuna_summary.json
mvp__backbone_sweep__jepa_v2_1__vitg_384__mlp__layer_10__seed_102,mvp__backbone_sweep__jepa_v2_1__vitg_384__mlp__layer_10,train_eval.probe.mvp,MVP,mvp,backbone_sweep,V-JEPA 2.1,ViT-G/16,MLP,mlp,102,42,jepa_v2_1,vitg_384,10,,10,pooled,0.00013292918943162159,0.0050615768887523043,32,1024,2000,false,5,[256],0.21597250932105788,,,,,cpu,artifacts/probes/mvp,seed_runs_layerwise_backbone_sweep_v1/mvp__backbone_sweep__jepa_v2_1__vitg_384__mlp__layer_10/seed_102,artifacts/results/mvp,seed_runs_layerwise_backbone_sweep_v1/mvp__backbone_sweep__jepa_v2_1__vitg_384__mlp__layer_10/seed_102,seed_runs_layerwise_backbone_sweep_v1_mvp__backbone_sweep__jepa_v2_1__vitg_384__mlp__layer_10,mvp__backbone_sweep__jepa_v2_1__vitg_384__mlp__layer_10__seed_102,pending,,"[""seed=102"",""split.seed=42"",""backbone.name=jepa_v2_1"",""+backbone.kwargs.variant=vitg_384"",""probe.name=mlp"",""probe.layer=10"",""probe.layers=[]"",""probe.feature_view=pooled"",""probe.device=cpu"",""probe.lr=0.00013292918943162159"",""probe.weight_decay=0.0050615768887523043"",""probe.batch_size=32"",""probe.eval_batch_size=1024"",""probe.epochs=2000"",""probe.early_stopping.enabled=false"",""probe.early_stopping.patience=5"",""probe.optuna.enabled=false"",""probe.output_dir=artifacts/probes/mvp"",""probe.output_subdir=seed_runs_layerwise_backbone_sweep_v1/mvp__backbone_sweep__jepa_v2_1__vitg_384__mlp__layer_10/seed_102"",""probe.eval_output_dir=artifacts/results/mvp"",""probe.eval_output_subdir=seed_runs_layerwise_backbone_sweep_v1/mvp__backbone_sweep__jepa_v2_1__vitg_384__mlp__layer_10/seed_102"",""probe.wandb.group=seed_runs_layerwise_backbone_sweep_v1_mvp__backbone_sweep__jepa_v2_1__vitg_384__mlp__layer_10"",""probe.wandb.name=mvp__backbone_sweep__jepa_v2_1__vitg_384__mlp__layer_10__seed_102"",""probe.mlp.hidden_dims=[256]"",""probe.mlp.dropout=0.21597250932105788"",""feature_cache.layer_ids=[10,20,30,40]""]",results/verified_layerwise_probe_configs.csv,400,402,9293ecf98824cc1e,VERIFIED_FULL,"{""batch_size"":32,""dropout"":0.21597250932105788,""early_stopping"":{""enabled"":false,""patience"":5},""epochs"":2000,""eval_batch_size"":1024,""feature_view"":""pooled"",""hidden_dims"":[256],""layer"":10,""lr"":0.0001329291894316216,""slot"":null,""weight_decay"":0.005061576888752304}",different_backbone_ablation/other models/mvp/mlp/mvp_probe_mlp_jepa_v2_1_vitg_384_20260616T211906Z/layer_10/train/optuna_summary.json
mvp__backbone_sweep__jepa_v2_1__vitg_384__mlp__layer_20__seed_101,mvp__backbone_sweep__jepa_v2_1__vitg_384__mlp__layer_20,train_eval.probe.mvp,MVP,mvp,backbone_sweep,V-JEPA 2.1,ViT-G/16,MLP,mlp,101,42,jepa_v2_1,vitg_384,20,,20,pooled,0.00013292918943162159,0.0050615768887523043,32,1024,2000,false,5,[256],0.21597250932105788,,,,,cpu,artifacts/probes/mvp,seed_runs_layerwise_backbone_sweep_v1/mvp__backbone_sweep__jepa_v2_1__vitg_384__mlp__layer_20/seed_101,artifacts/results/mvp,seed_runs_layerwise_backbone_sweep_v1/mvp__backbone_sweep__jepa_v2_1__vitg_384__mlp__layer_20/seed_101,seed_runs_layerwise_backbone_sweep_v1_mvp__backbone_sweep__jepa_v2_1__vitg_384__mlp__layer_20,mvp__backbone_sweep__jepa_v2_1__vitg_384__mlp__layer_20__seed_101,pending,,"[""seed=101"",""split.seed=42"",""backbone.name=jepa_v2_1"",""+backbone.kwargs.variant=vitg_384"",""probe.name=mlp"",""probe.layer=20"",""probe.layers=[]"",""probe.feature_view=pooled"",""probe.device=cpu"",""probe.lr=0.00013292918943162159"",""probe.weight_decay=0.0050615768887523043"",""probe.batch_size=32"",""probe.eval_batch_size=1024"",""probe.epochs=2000"",""probe.early_stopping.enabled=false"",""probe.early_stopping.patience=5"",""probe.optuna.enabled=false"",""probe.output_dir=artifacts/probes/mvp"",""probe.output_subdir=seed_runs_layerwise_backbone_sweep_v1/mvp__backbone_sweep__jepa_v2_1__vitg_384__mlp__layer_20/seed_101"",""probe.eval_output_dir=artifacts/results/mvp"",""probe.eval_output_subdir=seed_runs_layerwise_backbone_sweep_v1/mvp__backbone_sweep__jepa_v2_1__vitg_384__mlp__layer_20/seed_101"",""probe.wandb.group=seed_runs_layerwise_backbone_sweep_v1_mvp__backbone_sweep__jepa_v2_1__vitg_384__mlp__layer_20"",""probe.wandb.name=mvp__backbone_sweep__jepa_v2_1__vitg_384__mlp__layer_20__seed_101"",""probe.mlp.hidden_dims=[256]"",""probe.mlp.dropout=0.21597250932105788"",""feature_cache.layer_ids=[10,20,30,40]""]",results/verified_layerwise_probe_configs.csv,401,403,a1740d3003864a84,VERIFIED_FULL,"{""batch_size"":32,""dropout"":0.21597250932105788,""early_stopping"":{""enabled"":false,""patience"":5},""epochs"":2000,""eval_batch_size"":1024,""feature_view"":""pooled"",""hidden_dims"":[256],""layer"":20,""lr"":0.0001329291894316216,""slot"":null,""weight_decay"":0.005061576888752304}",different_backbone_ablation/other models/mvp/mlp/mvp_probe_mlp_jepa_v2_1_vitg_384_20260616T211906Z/layer_20/train/optuna_summary.json
mvp__backbone_sweep__jepa_v2_1__vitg_384__mlp__layer_20__seed_102,mvp__backbone_sweep__jepa_v2_1__vitg_384__mlp__layer_20,train_eval.probe.mvp,MVP,mvp,backbone_sweep,V-JEPA 2.1,ViT-G/16,MLP,mlp,102,42,jepa_v2_1,vitg_384,20,,20,pooled,0.00013292918943162159,0.0050615768887523043,32,1024,2000,false,5,[256],0.21597250932105788,,,,,cpu,artifacts/probes/mvp,seed_runs_layerwise_backbone_sweep_v1/mvp__backbone_sweep__jepa_v2_1__vitg_384__mlp__layer_20/seed_102,artifacts/results/mvp,seed_runs_layerwise_backbone_sweep_v1/mvp__backbone_sweep__jepa_v2_1__vitg_384__mlp__layer_20/seed_102,seed_runs_layerwise_backbone_sweep_v1_mvp__backbone_sweep__jepa_v2_1__vitg_384__mlp__layer_20,mvp__backbone_sweep__jepa_v2_1__vitg_384__mlp__layer_20__seed_102,pending,,"[""seed=102"",""split.seed=42"",""backbone.name=jepa_v2_1"",""+backbone.kwargs.variant=vitg_384"",""probe.name=mlp"",""probe.layer=20"",""probe.layers=[]"",""probe.feature_view=pooled"",""probe.device=cpu"",""probe.lr=0.00013292918943162159"",""probe.weight_decay=0.0050615768887523043"",""probe.batch_size=32"",""probe.eval_batch_size=1024"",""probe.epochs=2000"",""probe.early_stopping.enabled=false"",""probe.early_stopping.patience=5"",""probe.optuna.enabled=false"",""probe.output_dir=artifacts/probes/mvp"",""probe.output_subdir=seed_runs_layerwise_backbone_sweep_v1/mvp__backbone_sweep__jepa_v2_1__vitg_384__mlp__layer_20/seed_102"",""probe.eval_output_dir=artifacts/results/mvp"",""probe.eval_output_subdir=seed_runs_layerwise_backbone_sweep_v1/mvp__backbone_sweep__jepa_v2_1__vitg_384__mlp__layer_20/seed_102"",""probe.wandb.group=seed_runs_layerwise_backbone_sweep_v1_mvp__backbone_sweep__jepa_v2_1__vitg_384__mlp__layer_20"",""probe.wandb.name=mvp__backbone_sweep__jepa_v2_1__vitg_384__mlp__layer_20__seed_102"",""probe.mlp.hidden_dims=[256]"",""probe.mlp.dropout=0.21597250932105788"",""feature_cache.layer_ids=[10,20,30,40]""]",results/verified_layerwise_probe_configs.csv,401,403,a1740d3003864a84,VERIFIED_FULL,"{""batch_size"":32,""dropout"":0.21597250932105788,""early_stopping"":{""enabled"":false,""patience"":5},""epochs"":2000,""eval_batch_size"":1024,""feature_view"":""pooled"",""hidden_dims"":[256],""layer"":20,""lr"":0.0001329291894316216,""slot"":null,""weight_decay"":0.005061576888752304}",different_backbone_ablation/other models/mvp/mlp/mvp_probe_mlp_jepa_v2_1_vitg_384_20260616T211906Z/layer_20/train/optuna_summary.json
mvp__backbone_sweep__jepa_v2_1__vitg_384__mlp__layer_30__seed_101,mvp__backbone_sweep__jepa_v2_1__vitg_384__mlp__layer_30,train_eval.probe.mvp,MVP,mvp,backbone_sweep,V-JEPA 2.1,ViT-G/16,MLP,mlp,101,42,jepa_v2_1,vitg_384,30,,30,pooled,0.00013292918943162159,0.0050615768887523043,32,1024,2000,false,5,[256],0.21597250932105788,,,,,cpu,artifacts/probes/mvp,seed_runs_layerwise_backbone_sweep_v1/mvp__backbone_sweep__jepa_v2_1__vitg_384__mlp__layer_30/seed_101,artifacts/results/mvp,seed_runs_layerwise_backbone_sweep_v1/mvp__backbone_sweep__jepa_v2_1__vitg_384__mlp__layer_30/seed_101,seed_runs_layerwise_backbone_sweep_v1_mvp__backbone_sweep__jepa_v2_1__vitg_384__mlp__layer_30,mvp__backbone_sweep__jepa_v2_1__vitg_384__mlp__layer_30__seed_101,pending,,"[""seed=101"",""split.seed=42"",""backbone.name=jepa_v2_1"",""+backbone.kwargs.variant=vitg_384"",""probe.name=mlp"",""probe.layer=30"",""probe.layers=[]"",""probe.feature_view=pooled"",""probe.device=cpu"",""probe.lr=0.00013292918943162159"",""probe.weight_decay=0.0050615768887523043"",""probe.batch_size=32"",""probe.eval_batch_size=1024"",""probe.epochs=2000"",""probe.early_stopping.enabled=false"",""probe.early_stopping.patience=5"",""probe.optuna.enabled=false"",""probe.output_dir=artifacts/probes/mvp"",""probe.output_subdir=seed_runs_layerwise_backbone_sweep_v1/mvp__backbone_sweep__jepa_v2_1__vitg_384__mlp__layer_30/seed_101"",""probe.eval_output_dir=artifacts/results/mvp"",""probe.eval_output_subdir=seed_runs_layerwise_backbone_sweep_v1/mvp__backbone_sweep__jepa_v2_1__vitg_384__mlp__layer_30/seed_101"",""probe.wandb.group=seed_runs_layerwise_backbone_sweep_v1_mvp__backbone_sweep__jepa_v2_1__vitg_384__mlp__layer_30"",""probe.wandb.name=mvp__backbone_sweep__jepa_v2_1__vitg_384__mlp__layer_30__seed_101"",""probe.mlp.hidden_dims=[256]"",""probe.mlp.dropout=0.21597250932105788"",""feature_cache.layer_ids=[10,20,30,40]""]",results/verified_layerwise_probe_configs.csv,402,404,9fe056e3cb94d2c2,VERIFIED_FULL,"{""batch_size"":32,""dropout"":0.21597250932105788,""early_stopping"":{""enabled"":false,""patience"":5},""epochs"":2000,""eval_batch_size"":1024,""feature_view"":""pooled"",""hidden_dims"":[256],""layer"":30,""lr"":0.0001329291894316216,""slot"":null,""weight_decay"":0.005061576888752304}",different_backbone_ablation/other models/mvp/mlp/mvp_probe_mlp_jepa_v2_1_vitg_384_20260616T211906Z/layer_30/train/optuna_summary.json
mvp__backbone_sweep__jepa_v2_1__vitg_384__mlp__layer_30__seed_102,mvp__backbone_sweep__jepa_v2_1__vitg_384__mlp__layer_30,train_eval.probe.mvp,MVP,mvp,backbone_sweep,V-JEPA 2.1,ViT-G/16,MLP,mlp,102,42,jepa_v2_1,vitg_384,30,,30,pooled,0.00013292918943162159,0.0050615768887523043,32,1024,2000,false,5,[256],0.21597250932105788,,,,,cpu,artifacts/probes/mvp,seed_runs_layerwise_backbone_sweep_v1/mvp__backbone_sweep__jepa_v2_1__vitg_384__mlp__layer_30/seed_102,artifacts/results/mvp,seed_runs_layerwise_backbone_sweep_v1/mvp__backbone_sweep__jepa_v2_1__vitg_384__mlp__layer_30/seed_102,seed_runs_layerwise_backbone_sweep_v1_mvp__backbone_sweep__jepa_v2_1__vitg_384__mlp__layer_30,mvp__backbone_sweep__jepa_v2_1__vitg_384__mlp__layer_30__seed_102,pending,,"[""seed=102"",""split.seed=42"",""backbone.name=jepa_v2_1"",""+backbone.kwargs.variant=vitg_384"",""probe.name=mlp"",""probe.layer=30"",""probe.layers=[]"",""probe.feature_view=pooled"",""probe.device=cpu"",""probe.lr=0.00013292918943162159"",""probe.weight_decay=0.0050615768887523043"",""probe.batch_size=32"",""probe.eval_batch_size=1024"",""probe.epochs=2000"",""probe.early_stopping.enabled=false"",""probe.early_stopping.patience=5"",""probe.optuna.enabled=false"",""probe.output_dir=artifacts/probes/mvp"",""probe.output_subdir=seed_runs_layerwise_backbone_sweep_v1/mvp__backbone_sweep__jepa_v2_1__vitg_384__mlp__layer_30/seed_102"",""probe.eval_output_dir=artifacts/results/mvp"",""probe.eval_output_subdir=seed_runs_layerwise_backbone_sweep_v1/mvp__backbone_sweep__jepa_v2_1__vitg_384__mlp__layer_30/seed_102"",""probe.wandb.group=seed_runs_layerwise_backbone_sweep_v1_mvp__backbone_sweep__jepa_v2_1__vitg_384__mlp__layer_30"",""probe.wandb.name=mvp__backbone_sweep__jepa_v2_1__vitg_384__mlp__layer_30__seed_102"",""probe.mlp.hidden_dims=[256]"",""probe.mlp.dropout=0.21597250932105788"",""feature_cache.layer_ids=[10,20,30,40]""]",results/verified_layerwise_probe_configs.csv,402,404,9fe056e3cb94d2c2,VERIFIED_FULL,"{""batch_size"":32,""dropout"":0.21597250932105788,""early_stopping"":{""enabled"":false,""patience"":5},""epochs"":2000,""eval_batch_size"":1024,""feature_view"":""pooled"",""hidden_dims"":[256],""layer"":30,""lr"":0.0001329291894316216,""slot"":null,""weight_decay"":0.005061576888752304}",different_backbone_ablation/other models/mvp/mlp/mvp_probe_mlp_jepa_v2_1_vitg_384_20260616T211906Z/layer_30/train/optuna_summary.json
mvp__backbone_sweep__jepa_v2_1__vitg_384__mlp__layer_40__seed_101,mvp__backbone_sweep__jepa_v2_1__vitg_384__mlp__layer_40,train_eval.probe.mvp,MVP,mvp,backbone_sweep,V-JEPA 2.1,ViT-G/16,MLP,mlp,101,42,jepa_v2_1,vitg_384,40,,40,pooled,0.00013292918943162159,0.0050615768887523043,32,1024,2000,false,5,[256],0.21597250932105788,,,,,cpu,artifacts/probes/mvp,seed_runs_layerwise_backbone_sweep_v1/mvp__backbone_sweep__jepa_v2_1__vitg_384__mlp__layer_40/seed_101,artifacts/results/mvp,seed_runs_layerwise_backbone_sweep_v1/mvp__backbone_sweep__jepa_v2_1__vitg_384__mlp__layer_40/seed_101,seed_runs_layerwise_backbone_sweep_v1_mvp__backbone_sweep__jepa_v2_1__vitg_384__mlp__layer_40,mvp__backbone_sweep__jepa_v2_1__vitg_384__mlp__layer_40__seed_101,pending,,"[""seed=101"",""split.seed=42"",""backbone.name=jepa_v2_1"",""+backbone.kwargs.variant=vitg_384"",""probe.name=mlp"",""probe.layer=40"",""probe.layers=[]"",""probe.feature_view=pooled"",""probe.device=cpu"",""probe.lr=0.00013292918943162159"",""probe.weight_decay=0.0050615768887523043"",""probe.batch_size=32"",""probe.eval_batch_size=1024"",""probe.epochs=2000"",""probe.early_stopping.enabled=false"",""probe.early_stopping.patience=5"",""probe.optuna.enabled=false"",""probe.output_dir=artifacts/probes/mvp"",""probe.output_subdir=seed_runs_layerwise_backbone_sweep_v1/mvp__backbone_sweep__jepa_v2_1__vitg_384__mlp__layer_40/seed_101"",""probe.eval_output_dir=artifacts/results/mvp"",""probe.eval_output_subdir=seed_runs_layerwise_backbone_sweep_v1/mvp__backbone_sweep__jepa_v2_1__vitg_384__mlp__layer_40/seed_101"",""probe.wandb.group=seed_runs_layerwise_backbone_sweep_v1_mvp__backbone_sweep__jepa_v2_1__vitg_384__mlp__layer_40"",""probe.wandb.name=mvp__backbone_sweep__jepa_v2_1__vitg_384__mlp__layer_40__seed_101"",""probe.mlp.hidden_dims=[256]"",""probe.mlp.dropout=0.21597250932105788"",""feature_cache.layer_ids=[10,20,30,40]""]",results/verified_layerwise_probe_configs.csv,403,405,5cf953ec014fab66,VERIFIED_FULL,"{""batch_size"":32,""dropout"":0.21597250932105788,""early_stopping"":{""enabled"":false,""patience"":5},""epochs"":2000,""eval_batch_size"":1024,""feature_view"":""pooled"",""hidden_dims"":[256],""layer"":40,""lr"":0.0001329291894316216,""slot"":null,""weight_decay"":0.005061576888752304}",different_backbone_ablation/other models/mvp/mlp/mvp_probe_mlp_jepa_v2_1_vitg_384_20260616T211906Z/layer_40/train/optuna_summary.json
mvp__backbone_sweep__jepa_v2_1__vitg_384__mlp__layer_40__seed_102,mvp__backbone_sweep__jepa_v2_1__vitg_384__mlp__layer_40,train_eval.probe.mvp,MVP,mvp,backbone_sweep,V-JEPA 2.1,ViT-G/16,MLP,mlp,102,42,jepa_v2_1,vitg_384,40,,40,pooled,0.00013292918943162159,0.0050615768887523043,32,1024,2000,false,5,[256],0.21597250932105788,,,,,cpu,artifacts/probes/mvp,seed_runs_layerwise_backbone_sweep_v1/mvp__backbone_sweep__jepa_v2_1__vitg_384__mlp__layer_40/seed_102,artifacts/results/mvp,seed_runs_layerwise_backbone_sweep_v1/mvp__backbone_sweep__jepa_v2_1__vitg_384__mlp__layer_40/seed_102,seed_runs_layerwise_backbone_sweep_v1_mvp__backbone_sweep__jepa_v2_1__vitg_384__mlp__layer_40,mvp__backbone_sweep__jepa_v2_1__vitg_384__mlp__layer_40__seed_102,pending,,"[""seed=102"",""split.seed=42"",""backbone.name=jepa_v2_1"",""+backbone.kwargs.variant=vitg_384"",""probe.name=mlp"",""probe.layer=40"",""probe.layers=[]"",""probe.feature_view=pooled"",""probe.device=cpu"",""probe.lr=0.00013292918943162159"",""probe.weight_decay=0.0050615768887523043"",""probe.batch_size=32"",""probe.eval_batch_size=1024"",""probe.epochs=2000"",""probe.early_stopping.enabled=false"",""probe.early_stopping.patience=5"",""probe.optuna.enabled=false"",""probe.output_dir=artifacts/probes/mvp"",""probe.output_subdir=seed_runs_layerwise_backbone_sweep_v1/mvp__backbone_sweep__jepa_v2_1__vitg_384__mlp__layer_40/seed_102"",""probe.eval_output_dir=artifacts/results/mvp"",""probe.eval_output_subdir=seed_runs_layerwise_backbone_sweep_v1/mvp__backbone_sweep__jepa_v2_1__vitg_384__mlp__layer_40/seed_102"",""probe.wandb.group=seed_runs_layerwise_backbone_sweep_v1_mvp__backbone_sweep__jepa_v2_1__vitg_384__mlp__layer_40"",""probe.wandb.name=mvp__backbone_sweep__jepa_v2_1__vitg_384__mlp__layer_40__seed_102"",""probe.mlp.hidden_dims=[256]"",""probe.mlp.dropout=0.21597250932105788"",""feature_cache.layer_ids=[10,20,30,40]""]",results/verified_layerwise_probe_configs.csv,403,405,5cf953ec014fab66,VERIFIED_FULL,"{""batch_size"":32,""dropout"":0.21597250932105788,""early_stopping"":{""enabled"":false,""patience"":5},""epochs"":2000,""eval_batch_size"":1024,""feature_view"":""pooled"",""hidden_dims"":[256],""layer"":40,""lr"":0.0001329291894316216,""slot"":null,""weight_decay"":0.005061576888752304}",different_backbone_ablation/other models/mvp/mlp/mvp_probe_mlp_jepa_v2_1_vitg_384_20260616T211906Z/layer_40/train/optuna_summary.json
mvp__backbone_sweep__videomae_v2__vit_base_16_224__linear__layer_3__seed_101,mvp__backbone_sweep__videomae_v2__vit_base_16_224__linear__layer_3,train_eval.probe.mvp,MVP,mvp,backbone_sweep,VideoMAE-v2,ViT-B/16,Linear,linear,101,42,videomae_v2,vit_base_16_224,3,,3,pooled,0.0021464035477145849,0.0039552323360892176,64,1024,2000,false,5,,,,,,,cpu,artifacts/probes/mvp,seed_runs_layerwise_backbone_sweep_v1/mvp__backbone_sweep__videomae_v2__vit_base_16_224__linear__layer_3/seed_101,artifacts/results/mvp,seed_runs_layerwise_backbone_sweep_v1/mvp__backbone_sweep__videomae_v2__vit_base_16_224__linear__layer_3/seed_101,seed_runs_layerwise_backbone_sweep_v1_mvp__backbone_sweep__videomae_v2__vit_base_16_224__linear__layer_3,mvp__backbone_sweep__videomae_v2__vit_base_16_224__linear__layer_3__seed_101,pending,,"[""seed=101"",""split.seed=42"",""backbone.name=videomae_v2"",""+backbone.kwargs.variant=vit_base_16_224"",""probe.name=linear"",""probe.layer=3"",""probe.layers=[]"",""probe.feature_view=pooled"",""probe.device=cpu"",""probe.lr=0.0021464035477145849"",""probe.weight_decay=0.0039552323360892176"",""probe.batch_size=64"",""probe.eval_batch_size=1024"",""probe.epochs=2000"",""probe.early_stopping.enabled=false"",""probe.early_stopping.patience=5"",""probe.optuna.enabled=false"",""probe.output_dir=artifacts/probes/mvp"",""probe.output_subdir=seed_runs_layerwise_backbone_sweep_v1/mvp__backbone_sweep__videomae_v2__vit_base_16_224__linear__layer_3/seed_101"",""probe.eval_output_dir=artifacts/results/mvp"",""probe.eval_output_subdir=seed_runs_layerwise_backbone_sweep_v1/mvp__backbone_sweep__videomae_v2__vit_base_16_224__linear__layer_3/seed_101"",""probe.wandb.group=seed_runs_layerwise_backbone_sweep_v1_mvp__backbone_sweep__videomae_v2__vit_base_16_224__linear__layer_3"",""probe.wandb.name=mvp__backbone_sweep__videomae_v2__vit_base_16_224__linear__layer_3__seed_101"",""feature_cache.layer_ids=[3,6,9,12]""]",results/verified_layerwise_probe_configs.csv,444,446,29e08d6a2b6e29e4,VERIFIED_FULL,"{""batch_size"":64,""early_stopping"":{""enabled"":false,""patience"":5},""epochs"":2000,""eval_batch_size"":1024,""feature_view"":""pooled"",""layer"":3,""lr"":0.002146403547714585,""slot"":null,""weight_decay"":0.003955232336089218}",different_backbone_ablation/other models/mvp/linear/mvp_probe_linear_videomae_v2_vit_base_16_224_20260616T205219Z/layer_3/train/optuna_summary.json
mvp__backbone_sweep__videomae_v2__vit_base_16_224__linear__layer_3__seed_102,mvp__backbone_sweep__videomae_v2__vit_base_16_224__linear__layer_3,train_eval.probe.mvp,MVP,mvp,backbone_sweep,VideoMAE-v2,ViT-B/16,Linear,linear,102,42,videomae_v2,vit_base_16_224,3,,3,pooled,0.0021464035477145849,0.0039552323360892176,64,1024,2000,false,5,,,,,,,cpu,artifacts/probes/mvp,seed_runs_layerwise_backbone_sweep_v1/mvp__backbone_sweep__videomae_v2__vit_base_16_224__linear__layer_3/seed_102,artifacts/results/mvp,seed_runs_layerwise_backbone_sweep_v1/mvp__backbone_sweep__videomae_v2__vit_base_16_224__linear__layer_3/seed_102,seed_runs_layerwise_backbone_sweep_v1_mvp__backbone_sweep__videomae_v2__vit_base_16_224__linear__layer_3,mvp__backbone_sweep__videomae_v2__vit_base_16_224__linear__layer_3__seed_102,pending,,"[""seed=102"",""split.seed=42"",""backbone.name=videomae_v2"",""+backbone.kwargs.variant=vit_base_16_224"",""probe.name=linear"",""probe.layer=3"",""probe.layers=[]"",""probe.feature_view=pooled"",""probe.device=cpu"",""probe.lr=0.0021464035477145849"",""probe.weight_decay=0.0039552323360892176"",""probe.batch_size=64"",""probe.eval_batch_size=1024"",""probe.epochs=2000"",""probe.early_stopping.enabled=false"",""probe.early_stopping.patience=5"",""probe.optuna.enabled=false"",""probe.output_dir=artifacts/probes/mvp"",""probe.output_subdir=seed_runs_layerwise_backbone_sweep_v1/mvp__backbone_sweep__videomae_v2__vit_base_16_224__linear__layer_3/seed_102"",""probe.eval_output_dir=artifacts/results/mvp"",""probe.eval_output_subdir=seed_runs_layerwise_backbone_sweep_v1/mvp__backbone_sweep__videomae_v2__vit_base_16_224__linear__layer_3/seed_102"",""probe.wandb.group=seed_runs_layerwise_backbone_sweep_v1_mvp__backbone_sweep__videomae_v2__vit_base_16_224__linear__layer_3"",""probe.wandb.name=mvp__backbone_sweep__videomae_v2__vit_base_16_224__linear__layer_3__seed_102"",""feature_cache.layer_ids=[3,6,9,12]""]",results/verified_layerwise_probe_configs.csv,444,446,29e08d6a2b6e29e4,VERIFIED_FULL,"{""batch_size"":64,""early_stopping"":{""enabled"":false,""patience"":5},""epochs"":2000,""eval_batch_size"":1024,""feature_view"":""pooled"",""layer"":3,""lr"":0.002146403547714585,""slot"":null,""weight_decay"":0.003955232336089218}",different_backbone_ablation/other models/mvp/linear/mvp_probe_linear_videomae_v2_vit_base_16_224_20260616T205219Z/layer_3/train/optuna_summary.json
mvp__backbone_sweep__videomae_v2__vit_base_16_224__linear__layer_6__seed_101,mvp__backbone_sweep__videomae_v2__vit_base_16_224__linear__layer_6,train_eval.probe.mvp,MVP,mvp,backbone_sweep,VideoMAE-v2,ViT-B/16,Linear,linear,101,42,videomae_v2,vit_base_16_224,6,,6,pooled,0.0093094592674724808,1.5734803015082867e-05,64,1024,2000,false,5,,,,,,,cpu,artifacts/probes/mvp,seed_runs_layerwise_backbone_sweep_v1/mvp__backbone_sweep__videomae_v2__vit_base_16_224__linear__layer_6/seed_101,artifacts/results/mvp,seed_runs_layerwise_backbone_sweep_v1/mvp__backbone_sweep__videomae_v2__vit_base_16_224__linear__layer_6/seed_101,seed_runs_layerwise_backbone_sweep_v1_mvp__backbone_sweep__videomae_v2__vit_base_16_224__linear__layer_6,mvp__backbone_sweep__videomae_v2__vit_base_16_224__linear__layer_6__seed_101,pending,,"[""seed=101"",""split.seed=42"",""backbone.name=videomae_v2"",""+backbone.kwargs.variant=vit_base_16_224"",""probe.name=linear"",""probe.layer=6"",""probe.layers=[]"",""probe.feature_view=pooled"",""probe.device=cpu"",""probe.lr=0.0093094592674724808"",""probe.weight_decay=1.5734803015082867e-05"",""probe.batch_size=64"",""probe.eval_batch_size=1024"",""probe.epochs=2000"",""probe.early_stopping.enabled=false"",""probe.early_stopping.patience=5"",""probe.optuna.enabled=false"",""probe.output_dir=artifacts/probes/mvp"",""probe.output_subdir=seed_runs_layerwise_backbone_sweep_v1/mvp__backbone_sweep__videomae_v2__vit_base_16_224__linear__layer_6/seed_101"",""probe.eval_output_dir=artifacts/results/mvp"",""probe.eval_output_subdir=seed_runs_layerwise_backbone_sweep_v1/mvp__backbone_sweep__videomae_v2__vit_base_16_224__linear__layer_6/seed_101"",""probe.wandb.group=seed_runs_layerwise_backbone_sweep_v1_mvp__backbone_sweep__videomae_v2__vit_base_16_224__linear__layer_6"",""probe.wandb.name=mvp__backbone_sweep__videomae_v2__vit_base_16_224__linear__layer_6__seed_101"",""feature_cache.layer_ids=[3,6,9,12]""]",results/verified_layerwise_probe_configs.csv,445,447,81be292165302e93,VERIFIED_FULL,"{""batch_size"":64,""early_stopping"":{""enabled"":false,""patience"":5},""epochs"":2000,""eval_batch_size"":1024,""feature_view"":""pooled"",""layer"":6,""lr"":0.00930945926747248,""slot"":null,""weight_decay"":1.5734803015082867e-05}",different_backbone_ablation/other models/mvp/linear/mvp_probe_linear_videomae_v2_vit_base_16_224_20260616T205219Z/layer_6/train/optuna_summary.json
mvp__backbone_sweep__videomae_v2__vit_base_16_224__linear__layer_6__seed_102,mvp__backbone_sweep__videomae_v2__vit_base_16_224__linear__layer_6,train_eval.probe.mvp,MVP,mvp,backbone_sweep,VideoMAE-v2,ViT-B/16,Linear,linear,102,42,videomae_v2,vit_base_16_224,6,,6,pooled,0.0093094592674724808,1.5734803015082867e-05,64,1024,2000,false,5,,,,,,,cpu,artifacts/probes/mvp,seed_runs_layerwise_backbone_sweep_v1/mvp__backbone_sweep__videomae_v2__vit_base_16_224__linear__layer_6/seed_102,artifacts/results/mvp,seed_runs_layerwise_backbone_sweep_v1/mvp__backbone_sweep__videomae_v2__vit_base_16_224__linear__layer_6/seed_102,seed_runs_layerwise_backbone_sweep_v1_mvp__backbone_sweep__videomae_v2__vit_base_16_224__linear__layer_6,mvp__backbone_sweep__videomae_v2__vit_base_16_224__linear__layer_6__seed_102,pending,,"[""seed=102"",""split.seed=42"",""backbone.name=videomae_v2"",""+backbone.kwargs.variant=vit_base_16_224"",""probe.name=linear"",""probe.layer=6"",""probe.layers=[]"",""probe.feature_view=pooled"",""probe.device=cpu"",""probe.lr=0.0093094592674724808"",""probe.weight_decay=1.5734803015082867e-05"",""probe.batch_size=64"",""probe.eval_batch_size=1024"",""probe.epochs=2000"",""probe.early_stopping.enabled=false"",""probe.early_stopping.patience=5"",""probe.optuna.enabled=false"",""probe.output_dir=artifacts/probes/mvp"",""probe.output_subdir=seed_runs_layerwise_backbone_sweep_v1/mvp__backbone_sweep__videomae_v2__vit_base_16_224__linear__layer_6/seed_102"",""probe.eval_output_dir=artifacts/results/mvp"",""probe.eval_output_subdir=seed_runs_layerwise_backbone_sweep_v1/mvp__backbone_sweep__videomae_v2__vit_base_16_224__linear__layer_6/seed_102"",""probe.wandb.group=seed_runs_layerwise_backbone_sweep_v1_mvp__backbone_sweep__videomae_v2__vit_base_16_224__linear__layer_6"",""probe.wandb.name=mvp__backbone_sweep__videomae_v2__vit_base_16_224__linear__layer_6__seed_102"",""feature_cache.layer_ids=[3,6,9,12]""]",results/verified_layerwise_probe_configs.csv,445,447,81be292165302e93,VERIFIED_FULL,"{""batch_size"":64,""early_stopping"":{""enabled"":false,""patience"":5},""epochs"":2000,""eval_batch_size"":1024,""feature_view"":""pooled"",""layer"":6,""lr"":0.00930945926747248,""slot"":null,""weight_decay"":1.5734803015082867e-05}",different_backbone_ablation/other models/mvp/linear/mvp_probe_linear_videomae_v2_vit_base_16_224_20260616T205219Z/layer_6/train/optuna_summary.json
mvp__backbone_sweep__videomae_v2__vit_base_16_224__linear__layer_9__seed_101,mvp__backbone_sweep__videomae_v2__vit_base_16_224__linear__layer_9,train_eval.probe.mvp,MVP,mvp,backbone_sweep,VideoMAE-v2,ViT-B/16,Linear,linear,101,42,videomae_v2,vit_base_16_224,9,,9,pooled,0.0033144468715881089,0.0027924716433862171,64,1024,2000,false,5,,,,,,,cpu,artifacts/probes/mvp,seed_runs_layerwise_backbone_sweep_v1/mvp__backbone_sweep__videomae_v2__vit_base_16_224__linear__layer_9/seed_101,artifacts/results/mvp,seed_runs_layerwise_backbone_sweep_v1/mvp__backbone_sweep__videomae_v2__vit_base_16_224__linear__layer_9/seed_101,seed_runs_layerwise_backbone_sweep_v1_mvp__backbone_sweep__videomae_v2__vit_base_16_224__linear__layer_9,mvp__backbone_sweep__videomae_v2__vit_base_16_224__linear__layer_9__seed_101,pending,,"[""seed=101"",""split.seed=42"",""backbone.name=videomae_v2"",""+backbone.kwargs.variant=vit_base_16_224"",""probe.name=linear"",""probe.layer=9"",""probe.layers=[]"",""probe.feature_view=pooled"",""probe.device=cpu"",""probe.lr=0.0033144468715881089"",""probe.weight_decay=0.0027924716433862171"",""probe.batch_size=64"",""probe.eval_batch_size=1024"",""probe.epochs=2000"",""probe.early_stopping.enabled=false"",""probe.early_stopping.patience=5"",""probe.optuna.enabled=false"",""probe.output_dir=artifacts/probes/mvp"",""probe.output_subdir=seed_runs_layerwise_backbone_sweep_v1/mvp__backbone_sweep__videomae_v2__vit_base_16_224__linear__layer_9/seed_101"",""probe.eval_output_dir=artifacts/results/mvp"",""probe.eval_output_subdir=seed_runs_layerwise_backbone_sweep_v1/mvp__backbone_sweep__videomae_v2__vit_base_16_224__linear__layer_9/seed_101"",""probe.wandb.group=seed_runs_layerwise_backbone_sweep_v1_mvp__backbone_sweep__videomae_v2__vit_base_16_224__linear__layer_9"",""probe.wandb.name=mvp__backbone_sweep__videomae_v2__vit_base_16_224__linear__layer_9__seed_101"",""feature_cache.layer_ids=[3,6,9,12]""]",results/verified_layerwise_probe_configs.csv,446,448,3235d19b90af9978,VERIFIED_FULL,"{""batch_size"":64,""early_stopping"":{""enabled"":false,""patience"":5},""epochs"":2000,""eval_batch_size"":1024,""feature_view"":""pooled"",""layer"":9,""lr"":0.003314446871588109,""slot"":null,""weight_decay"":0.002792471643386217}",different_backbone_ablation/other models/mvp/linear/mvp_probe_linear_videomae_v2_vit_base_16_224_20260616T205219Z/layer_9/train/optuna_summary.json
mvp__backbone_sweep__videomae_v2__vit_base_16_224__linear__layer_9__seed_102,mvp__backbone_sweep__videomae_v2__vit_base_16_224__linear__layer_9,train_eval.probe.mvp,MVP,mvp,backbone_sweep,VideoMAE-v2,ViT-B/16,Linear,linear,102,42,videomae_v2,vit_base_16_224,9,,9,pooled,0.0033144468715881089,0.0027924716433862171,64,1024,2000,false,5,,,,,,,cpu,artifacts/probes/mvp,seed_runs_layerwise_backbone_sweep_v1/mvp__backbone_sweep__videomae_v2__vit_base_16_224__linear__layer_9/seed_102,artifacts/results/mvp,seed_runs_layerwise_backbone_sweep_v1/mvp__backbone_sweep__videomae_v2__vit_base_16_224__linear__layer_9/seed_102,seed_runs_layerwise_backbone_sweep_v1_mvp__backbone_sweep__videomae_v2__vit_base_16_224__linear__layer_9,mvp__backbone_sweep__videomae_v2__vit_base_16_224__linear__layer_9__seed_102,pending,,"[""seed=102"",""split.seed=42"",""backbone.name=videomae_v2"",""+backbone.kwargs.variant=vit_base_16_224"",""probe.name=linear"",""probe.layer=9"",""probe.layers=[]"",""probe.feature_view=pooled"",""probe.device=cpu"",""probe.lr=0.0033144468715881089"",""probe.weight_decay=0.0027924716433862171"",""probe.batch_size=64"",""probe.eval_batch_size=1024"",""probe.epochs=2000"",""probe.early_stopping.enabled=false"",""probe.early_stopping.patience=5"",""probe.optuna.enabled=false"",""probe.output_dir=artifacts/probes/mvp"",""probe.output_subdir=seed_runs_layerwise_backbone_sweep_v1/mvp__backbone_sweep__videomae_v2__vit_base_16_224__linear__layer_9/seed_102"",""probe.eval_output_dir=artifacts/results/mvp"",""probe.eval_output_subdir=seed_runs_layerwise_backbone_sweep_v1/mvp__backbone_sweep__videomae_v2__vit_base_16_224__linear__layer_9/seed_102"",""probe.wandb.group=seed_runs_layerwise_backbone_sweep_v1_mvp__backbone_sweep__videomae_v2__vit_base_16_224__linear__layer_9"",""probe.wandb.name=mvp__backbone_sweep__videomae_v2__vit_base_16_224__linear__layer_9__seed_102"",""feature_cache.layer_ids=[3,6,9,12]""]",results/verified_layerwise_probe_configs.csv,446,448,3235d19b90af9978,VERIFIED_FULL,"{""batch_size"":64,""early_stopping"":{""enabled"":false,""patience"":5},""epochs"":2000,""eval_batch_size"":1024,""feature_view"":""pooled"",""layer"":9,""lr"":0.003314446871588109,""slot"":null,""weight_decay"":0.002792471643386217}",different_backbone_ablation/other models/mvp/linear/mvp_probe_linear_videomae_v2_vit_base_16_224_20260616T205219Z/layer_9/train/optuna_summary.json
mvp__backbone_sweep__videomae_v2__vit_base_16_224__linear__layer_12__seed_101,mvp__backbone_sweep__videomae_v2__vit_base_16_224__linear__layer_12,train_eval.probe.mvp,MVP,mvp,backbone_sweep,VideoMAE-v2,ViT-B/16,Linear,linear,101,42,videomae_v2,vit_base_16_224,12,,12,pooled,0.00023345864076016249,0.00051410966488057519,128,1024,1000,false,5,,,,,,,cpu,artifacts/probes/mvp,seed_runs_layerwise_backbone_sweep_v1/mvp__backbone_sweep__videomae_v2__vit_base_16_224__linear__layer_12/seed_101,artifacts/results/mvp,seed_runs_layerwise_backbone_sweep_v1/mvp__backbone_sweep__videomae_v2__vit_base_16_224__linear__layer_12/seed_101,seed_runs_layerwise_backbone_sweep_v1_mvp__backbone_sweep__videomae_v2__vit_base_16_224__linear__layer_12,mvp__backbone_sweep__videomae_v2__vit_base_16_224__linear__layer_12__seed_101,pending,,"[""seed=101"",""split.seed=42"",""backbone.name=videomae_v2"",""+backbone.kwargs.variant=vit_base_16_224"",""probe.name=linear"",""probe.layer=12"",""probe.layers=[]"",""probe.feature_view=pooled"",""probe.device=cpu"",""probe.lr=0.00023345864076016249"",""probe.weight_decay=0.00051410966488057519"",""probe.batch_size=128"",""probe.eval_batch_size=1024"",""probe.epochs=1000"",""probe.early_stopping.enabled=false"",""probe.early_stopping.patience=5"",""probe.optuna.enabled=false"",""probe.output_dir=artifacts/probes/mvp"",""probe.output_subdir=seed_runs_layerwise_backbone_sweep_v1/mvp__backbone_sweep__videomae_v2__vit_base_16_224__linear__layer_12/seed_101"",""probe.eval_output_dir=artifacts/results/mvp"",""probe.eval_output_subdir=seed_runs_layerwise_backbone_sweep_v1/mvp__backbone_sweep__videomae_v2__vit_base_16_224__linear__layer_12/seed_101"",""probe.wandb.group=seed_runs_layerwise_backbone_sweep_v1_mvp__backbone_sweep__videomae_v2__vit_base_16_224__linear__layer_12"",""probe.wandb.name=mvp__backbone_sweep__videomae_v2__vit_base_16_224__linear__layer_12__seed_101"",""feature_cache.layer_ids=[3,6,9,12]""]",results/verified_layerwise_probe_configs.csv,447,449,483df9bf9ea1109e,VERIFIED_FULL,"{""batch_size"":128,""early_stopping"":{""enabled"":false,""patience"":5},""epochs"":1000,""eval_batch_size"":1024,""feature_view"":""pooled"",""layer"":12,""lr"":0.00023345864076016249,""slot"":null,""weight_decay"":0.0005141096648805752}",different_backbone_ablation/other models/mvp/linear/mvp_probe_linear_videomae_v2_vit_base_16_224_20260616T205219Z/layer_12/train/optuna_summary.json
mvp__backbone_sweep__videomae_v2__vit_base_16_224__linear__layer_12__seed_102,mvp__backbone_sweep__videomae_v2__vit_base_16_224__linear__layer_12,train_eval.probe.mvp,MVP,mvp,backbone_sweep,VideoMAE-v2,ViT-B/16,Linear,linear,102,42,videomae_v2,vit_base_16_224,12,,12,pooled,0.00023345864076016249,0.00051410966488057519,128,1024,1000,false,5,,,,,,,cpu,artifacts/probes/mvp,seed_runs_layerwise_backbone_sweep_v1/mvp__backbone_sweep__videomae_v2__vit_base_16_224__linear__layer_12/seed_102,artifacts/results/mvp,seed_runs_layerwise_backbone_sweep_v1/mvp__backbone_sweep__videomae_v2__vit_base_16_224__linear__layer_12/seed_102,seed_runs_layerwise_backbone_sweep_v1_mvp__backbone_sweep__videomae_v2__vit_base_16_224__linear__layer_12,mvp__backbone_sweep__videomae_v2__vit_base_16_224__linear__layer_12__seed_102,pending,,"[""seed=102"",""split.seed=42"",""backbone.name=videomae_v2"",""+backbone.kwargs.variant=vit_base_16_224"",""probe.name=linear"",""probe.layer=12"",""probe.layers=[]"",""probe.feature_view=pooled"",""probe.device=cpu"",""probe.lr=0.00023345864076016249"",""probe.weight_decay=0.00051410966488057519"",""probe.batch_size=128"",""probe.eval_batch_size=1024"",""probe.epochs=1000"",""probe.early_stopping.enabled=false"",""probe.early_stopping.patience=5"",""probe.optuna.enabled=false"",""probe.output_dir=artifacts/probes/mvp"",""probe.output_subdir=seed_runs_layerwise_backbone_sweep_v1/mvp__backbone_sweep__videomae_v2__vit_base_16_224__linear__layer_12/seed_102"",""probe.eval_output_dir=artifacts/results/mvp"",""probe.eval_output_subdir=seed_runs_layerwise_backbone_sweep_v1/mvp__backbone_sweep__videomae_v2__vit_base_16_224__linear__layer_12/seed_102"",""probe.wandb.group=seed_runs_layerwise_backbone_sweep_v1_mvp__backbone_sweep__videomae_v2__vit_base_16_224__linear__layer_12"",""probe.wandb.name=mvp__backbone_sweep__videomae_v2__vit_base_16_224__linear__layer_12__seed_102"",""feature_cache.layer_ids=[3,6,9,12]""]",results/verified_layerwise_probe_configs.csv,447,449,483df9bf9ea1109e,VERIFIED_FULL,"{""batch_size"":128,""early_stopping"":{""enabled"":false,""patience"":5},""epochs"":1000,""eval_batch_size"":1024,""feature_view"":""pooled"",""layer"":12,""lr"":0.00023345864076016249,""slot"":null,""weight_decay"":0.0005141096648805752}",different_backbone_ablation/other models/mvp/linear/mvp_probe_linear_videomae_v2_vit_base_16_224_20260616T205219Z/layer_12/train/optuna_summary.json
mvp__backbone_sweep__videomae_v2__vit_base_16_224__mlp__layer_3__seed_101,mvp__backbone_sweep__videomae_v2__vit_base_16_224__mlp__layer_3,train_eval.probe.mvp,MVP,mvp,backbone_sweep,VideoMAE-v2,ViT-B/16,MLP,mlp,101,42,videomae_v2,vit_base_16_224,3,,3,pooled,0.00017604344110565298,0.0018222436798434271,32,1024,2000,false,5,[512],0.085424871862810087,,,,,cpu,artifacts/probes/mvp,seed_runs_layerwise_backbone_sweep_v1/mvp__backbone_sweep__videomae_v2__vit_base_16_224__mlp__layer_3/seed_101,artifacts/results/mvp,seed_runs_layerwise_backbone_sweep_v1/mvp__backbone_sweep__videomae_v2__vit_base_16_224__mlp__layer_3/seed_101,seed_runs_layerwise_backbone_sweep_v1_mvp__backbone_sweep__videomae_v2__vit_base_16_224__mlp__layer_3,mvp__backbone_sweep__videomae_v2__vit_base_16_224__mlp__layer_3__seed_101,pending,,"[""seed=101"",""split.seed=42"",""backbone.name=videomae_v2"",""+backbone.kwargs.variant=vit_base_16_224"",""probe.name=mlp"",""probe.layer=3"",""probe.layers=[]"",""probe.feature_view=pooled"",""probe.device=cpu"",""probe.lr=0.00017604344110565298"",""probe.weight_decay=0.0018222436798434271"",""probe.batch_size=32"",""probe.eval_batch_size=1024"",""probe.epochs=2000"",""probe.early_stopping.enabled=false"",""probe.early_stopping.patience=5"",""probe.optuna.enabled=false"",""probe.output_dir=artifacts/probes/mvp"",""probe.output_subdir=seed_runs_layerwise_backbone_sweep_v1/mvp__backbone_sweep__videomae_v2__vit_base_16_224__mlp__layer_3/seed_101"",""probe.eval_output_dir=artifacts/results/mvp"",""probe.eval_output_subdir=seed_runs_layerwise_backbone_sweep_v1/mvp__backbone_sweep__videomae_v2__vit_base_16_224__mlp__layer_3/seed_101"",""probe.wandb.group=seed_runs_layerwise_backbone_sweep_v1_mvp__backbone_sweep__videomae_v2__vit_base_16_224__mlp__layer_3"",""probe.wandb.name=mvp__backbone_sweep__videomae_v2__vit_base_16_224__mlp__layer_3__seed_101"",""probe.mlp.hidden_dims=[512]"",""probe.mlp.dropout=0.085424871862810087"",""feature_cache.layer_ids=[3,6,9,12]""]",results/verified_layerwise_probe_configs.csv,448,450,e80ce8d8d83cc580,VERIFIED_FULL,"{""batch_size"":32,""dropout"":0.08542487186281009,""early_stopping"":{""enabled"":false,""patience"":5},""epochs"":2000,""eval_batch_size"":1024,""feature_view"":""pooled"",""hidden_dims"":[512],""layer"":3,""lr"":0.00017604344110565298,""slot"":null,""weight_decay"":0.001822243679843427}",different_backbone_ablation/other models/mvp/mlp/mvp_probe_mlp_videomae_v2_vit_base_16_224_20260616T211906Z/layer_3/train/optuna_summary.json
mvp__backbone_sweep__videomae_v2__vit_base_16_224__mlp__layer_3__seed_102,mvp__backbone_sweep__videomae_v2__vit_base_16_224__mlp__layer_3,train_eval.probe.mvp,MVP,mvp,backbone_sweep,VideoMAE-v2,ViT-B/16,MLP,mlp,102,42,videomae_v2,vit_base_16_224,3,,3,pooled,0.00017604344110565298,0.0018222436798434271,32,1024,2000,false,5,[512],0.085424871862810087,,,,,cpu,artifacts/probes/mvp,seed_runs_layerwise_backbone_sweep_v1/mvp__backbone_sweep__videomae_v2__vit_base_16_224__mlp__layer_3/seed_102,artifacts/results/mvp,seed_runs_layerwise_backbone_sweep_v1/mvp__backbone_sweep__videomae_v2__vit_base_16_224__mlp__layer_3/seed_102,seed_runs_layerwise_backbone_sweep_v1_mvp__backbone_sweep__videomae_v2__vit_base_16_224__mlp__layer_3,mvp__backbone_sweep__videomae_v2__vit_base_16_224__mlp__layer_3__seed_102,pending,,"[""seed=102"",""split.seed=42"",""backbone.name=videomae_v2"",""+backbone.kwargs.variant=vit_base_16_224"",""probe.name=mlp"",""probe.layer=3"",""probe.layers=[]"",""probe.feature_view=pooled"",""probe.device=cpu"",""probe.lr=0.00017604344110565298"",""probe.weight_decay=0.0018222436798434271"",""probe.batch_size=32"",""probe.eval_batch_size=1024"",""probe.epochs=2000"",""probe.early_stopping.enabled=false"",""probe.early_stopping.patience=5"",""probe.optuna.enabled=false"",""probe.output_dir=artifacts/probes/mvp"",""probe.output_subdir=seed_runs_layerwise_backbone_sweep_v1/mvp__backbone_sweep__videomae_v2__vit_base_16_224__mlp__layer_3/seed_102"",""probe.eval_output_dir=artifacts/results/mvp"",""probe.eval_output_subdir=seed_runs_layerwise_backbone_sweep_v1/mvp__backbone_sweep__videomae_v2__vit_base_16_224__mlp__layer_3/seed_102"",""probe.wandb.group=seed_runs_layerwise_backbone_sweep_v1_mvp__backbone_sweep__videomae_v2__vit_base_16_224__mlp__layer_3"",""probe.wandb.name=mvp__backbone_sweep__videomae_v2__vit_base_16_224__mlp__layer_3__seed_102"",""probe.mlp.hidden_dims=[512]"",""probe.mlp.dropout=0.085424871862810087"",""feature_cache.layer_ids=[3,6,9,12]""]",results/verified_layerwise_probe_configs.csv,448,450,e80ce8d8d83cc580,VERIFIED_FULL,"{""batch_size"":32,""dropout"":0.08542487186281009,""early_stopping"":{""enabled"":false,""patience"":5},""epochs"":2000,""eval_batch_size"":1024,""feature_view"":""pooled"",""hidden_dims"":[512],""layer"":3,""lr"":0.00017604344110565298,""slot"":null,""weight_decay"":0.001822243679843427}",different_backbone_ablation/other models/mvp/mlp/mvp_probe_mlp_videomae_v2_vit_base_16_224_20260616T211906Z/layer_3/train/optuna_summary.json
mvp__backbone_sweep__videomae_v2__vit_base_16_224__mlp__layer_6__seed_101,mvp__backbone_sweep__videomae_v2__vit_base_16_224__mlp__layer_6,train_eval.probe.mvp,MVP,mvp,backbone_sweep,VideoMAE-v2,ViT-B/16,MLP,mlp,101,42,videomae_v2,vit_base_16_224,6,,6,pooled,0.00013292918943162159,0.0050615768887523043,32,1024,2000,false,5,[256],0.21597250932105788,,,,,cpu,artifacts/probes/mvp,seed_runs_layerwise_backbone_sweep_v1/mvp__backbone_sweep__videomae_v2__vit_base_16_224__mlp__layer_6/seed_101,artifacts/results/mvp,seed_runs_layerwise_backbone_sweep_v1/mvp__backbone_sweep__videomae_v2__vit_base_16_224__mlp__layer_6/seed_101,seed_runs_layerwise_backbone_sweep_v1_mvp__backbone_sweep__videomae_v2__vit_base_16_224__mlp__layer_6,mvp__backbone_sweep__videomae_v2__vit_base_16_224__mlp__layer_6__seed_101,pending,,"[""seed=101"",""split.seed=42"",""backbone.name=videomae_v2"",""+backbone.kwargs.variant=vit_base_16_224"",""probe.name=mlp"",""probe.layer=6"",""probe.layers=[]"",""probe.feature_view=pooled"",""probe.device=cpu"",""probe.lr=0.00013292918943162159"",""probe.weight_decay=0.0050615768887523043"",""probe.batch_size=32"",""probe.eval_batch_size=1024"",""probe.epochs=2000"",""probe.early_stopping.enabled=false"",""probe.early_stopping.patience=5"",""probe.optuna.enabled=false"",""probe.output_dir=artifacts/probes/mvp"",""probe.output_subdir=seed_runs_layerwise_backbone_sweep_v1/mvp__backbone_sweep__videomae_v2__vit_base_16_224__mlp__layer_6/seed_101"",""probe.eval_output_dir=artifacts/results/mvp"",""probe.eval_output_subdir=seed_runs_layerwise_backbone_sweep_v1/mvp__backbone_sweep__videomae_v2__vit_base_16_224__mlp__layer_6/seed_101"",""probe.wandb.group=seed_runs_layerwise_backbone_sweep_v1_mvp__backbone_sweep__videomae_v2__vit_base_16_224__mlp__layer_6"",""probe.wandb.name=mvp__backbone_sweep__videomae_v2__vit_base_16_224__mlp__layer_6__seed_101"",""probe.mlp.hidden_dims=[256]"",""probe.mlp.dropout=0.21597250932105788"",""feature_cache.layer_ids=[3,6,9,12]""]",results/verified_layerwise_probe_configs.csv,449,451,1b1c68a33e3e25f4,VERIFIED_FULL,"{""batch_size"":32,""dropout"":0.21597250932105788,""early_stopping"":{""enabled"":false,""patience"":5},""epochs"":2000,""eval_batch_size"":1024,""feature_view"":""pooled"",""hidden_dims"":[256],""layer"":6,""lr"":0.0001329291894316216,""slot"":null,""weight_decay"":0.005061576888752304}",different_backbone_ablation/other models/mvp/mlp/mvp_probe_mlp_videomae_v2_vit_base_16_224_20260616T211906Z/layer_6/train/optuna_summary.json
mvp__backbone_sweep__videomae_v2__vit_base_16_224__mlp__layer_6__seed_102,mvp__backbone_sweep__videomae_v2__vit_base_16_224__mlp__layer_6,train_eval.probe.mvp,MVP,mvp,backbone_sweep,VideoMAE-v2,ViT-B/16,MLP,mlp,102,42,videomae_v2,vit_base_16_224,6,,6,pooled,0.00013292918943162159,0.0050615768887523043,32,1024,2000,false,5,[256],0.21597250932105788,,,,,cpu,artifacts/probes/mvp,seed_runs_layerwise_backbone_sweep_v1/mvp__backbone_sweep__videomae_v2__vit_base_16_224__mlp__layer_6/seed_102,artifacts/results/mvp,seed_runs_layerwise_backbone_sweep_v1/mvp__backbone_sweep__videomae_v2__vit_base_16_224__mlp__layer_6/seed_102,seed_runs_layerwise_backbone_sweep_v1_mvp__backbone_sweep__videomae_v2__vit_base_16_224__mlp__layer_6,mvp__backbone_sweep__videomae_v2__vit_base_16_224__mlp__layer_6__seed_102,pending,,"[""seed=102"",""split.seed=42"",""backbone.name=videomae_v2"",""+backbone.kwargs.variant=vit_base_16_224"",""probe.name=mlp"",""probe.layer=6"",""probe.layers=[]"",""probe.feature_view=pooled"",""probe.device=cpu"",""probe.lr=0.00013292918943162159"",""probe.weight_decay=0.0050615768887523043"",""probe.batch_size=32"",""probe.eval_batch_size=1024"",""probe.epochs=2000"",""probe.early_stopping.enabled=false"",""probe.early_stopping.patience=5"",""probe.optuna.enabled=false"",""probe.output_dir=artifacts/probes/mvp"",""probe.output_subdir=seed_runs_layerwise_backbone_sweep_v1/mvp__backbone_sweep__videomae_v2__vit_base_16_224__mlp__layer_6/seed_102"",""probe.eval_output_dir=artifacts/results/mvp"",""probe.eval_output_subdir=seed_runs_layerwise_backbone_sweep_v1/mvp__backbone_sweep__videomae_v2__vit_base_16_224__mlp__layer_6/seed_102"",""probe.wandb.group=seed_runs_layerwise_backbone_sweep_v1_mvp__backbone_sweep__videomae_v2__vit_base_16_224__mlp__layer_6"",""probe.wandb.name=mvp__backbone_sweep__videomae_v2__vit_base_16_224__mlp__layer_6__seed_102"",""probe.mlp.hidden_dims=[256]"",""probe.mlp.dropout=0.21597250932105788"",""feature_cache.layer_ids=[3,6,9,12]""]",results/verified_layerwise_probe_configs.csv,449,451,1b1c68a33e3e25f4,VERIFIED_FULL,"{""batch_size"":32,""dropout"":0.21597250932105788,""early_stopping"":{""enabled"":false,""patience"":5},""epochs"":2000,""eval_batch_size"":1024,""feature_view"":""pooled"",""hidden_dims"":[256],""layer"":6,""lr"":0.0001329291894316216,""slot"":null,""weight_decay"":0.005061576888752304}",different_backbone_ablation/other models/mvp/mlp/mvp_probe_mlp_videomae_v2_vit_base_16_224_20260616T211906Z/layer_6/train/optuna_summary.json
mvp__backbone_sweep__videomae_v2__vit_base_16_224__mlp__layer_9__seed_101,mvp__backbone_sweep__videomae_v2__vit_base_16_224__mlp__layer_9,train_eval.probe.mvp,MVP,mvp,backbone_sweep,VideoMAE-v2,ViT-B/16,MLP,mlp,101,42,videomae_v2,vit_base_16_224,9,,9,pooled,0.00013292918943162159,0.0050615768887523043,32,1024,2000,false,5,[256],0.21597250932105788,,,,,cpu,artifacts/probes/mvp,seed_runs_layerwise_backbone_sweep_v1/mvp__backbone_sweep__videomae_v2__vit_base_16_224__mlp__layer_9/seed_101,artifacts/results/mvp,seed_runs_layerwise_backbone_sweep_v1/mvp__backbone_sweep__videomae_v2__vit_base_16_224__mlp__layer_9/seed_101,seed_runs_layerwise_backbone_sweep_v1_mvp__backbone_sweep__videomae_v2__vit_base_16_224__mlp__layer_9,mvp__backbone_sweep__videomae_v2__vit_base_16_224__mlp__layer_9__seed_101,pending,,"[""seed=101"",""split.seed=42"",""backbone.name=videomae_v2"",""+backbone.kwargs.variant=vit_base_16_224"",""probe.name=mlp"",""probe.layer=9"",""probe.layers=[]"",""probe.feature_view=pooled"",""probe.device=cpu"",""probe.lr=0.00013292918943162159"",""probe.weight_decay=0.0050615768887523043"",""probe.batch_size=32"",""probe.eval_batch_size=1024"",""probe.epochs=2000"",""probe.early_stopping.enabled=false"",""probe.early_stopping.patience=5"",""probe.optuna.enabled=false"",""probe.output_dir=artifacts/probes/mvp"",""probe.output_subdir=seed_runs_layerwise_backbone_sweep_v1/mvp__backbone_sweep__videomae_v2__vit_base_16_224__mlp__layer_9/seed_101"",""probe.eval_output_dir=artifacts/results/mvp"",""probe.eval_output_subdir=seed_runs_layerwise_backbone_sweep_v1/mvp__backbone_sweep__videomae_v2__vit_base_16_224__mlp__layer_9/seed_101"",""probe.wandb.group=seed_runs_layerwise_backbone_sweep_v1_mvp__backbone_sweep__videomae_v2__vit_base_16_224__mlp__layer_9"",""probe.wandb.name=mvp__backbone_sweep__videomae_v2__vit_base_16_224__mlp__layer_9__seed_101"",""probe.mlp.hidden_dims=[256]"",""probe.mlp.dropout=0.21597250932105788"",""feature_cache.layer_ids=[3,6,9,12]""]",results/verified_layerwise_probe_configs.csv,450,452,93e96468d9697a5d,VERIFIED_FULL,"{""batch_size"":32,""dropout"":0.21597250932105788,""early_stopping"":{""enabled"":false,""patience"":5},""epochs"":2000,""eval_batch_size"":1024,""feature_view"":""pooled"",""hidden_dims"":[256],""layer"":9,""lr"":0.0001329291894316216,""slot"":null,""weight_decay"":0.005061576888752304}",different_backbone_ablation/other models/mvp/mlp/mvp_probe_mlp_videomae_v2_vit_base_16_224_20260616T211906Z/layer_9/train/optuna_summary.json
mvp__backbone_sweep__videomae_v2__vit_base_16_224__mlp__layer_9__seed_102,mvp__backbone_sweep__videomae_v2__vit_base_16_224__mlp__layer_9,train_eval.probe.mvp,MVP,mvp,backbone_sweep,VideoMAE-v2,ViT-B/16,MLP,mlp,102,42,videomae_v2,vit_base_16_224,9,,9,pooled,0.00013292918943162159,0.0050615768887523043,32,1024,2000,false,5,[256],0.21597250932105788,,,,,cpu,artifacts/probes/mvp,seed_runs_layerwise_backbone_sweep_v1/mvp__backbone_sweep__videomae_v2__vit_base_16_224__mlp__layer_9/seed_102,artifacts/results/mvp,seed_runs_layerwise_backbone_sweep_v1/mvp__backbone_sweep__videomae_v2__vit_base_16_224__mlp__layer_9/seed_102,seed_runs_layerwise_backbone_sweep_v1_mvp__backbone_sweep__videomae_v2__vit_base_16_224__mlp__layer_9,mvp__backbone_sweep__videomae_v2__vit_base_16_224__mlp__layer_9__seed_102,pending,,"[""seed=102"",""split.seed=42"",""backbone.name=videomae_v2"",""+backbone.kwargs.variant=vit_base_16_224"",""probe.name=mlp"",""probe.layer=9"",""probe.layers=[]"",""probe.feature_view=pooled"",""probe.device=cpu"",""probe.lr=0.00013292918943162159"",""probe.weight_decay=0.0050615768887523043"",""probe.batch_size=32"",""probe.eval_batch_size=1024"",""probe.epochs=2000"",""probe.early_stopping.enabled=false"",""probe.early_stopping.patience=5"",""probe.optuna.enabled=false"",""probe.output_dir=artifacts/probes/mvp"",""probe.output_subdir=seed_runs_layerwise_backbone_sweep_v1/mvp__backbone_sweep__videomae_v2__vit_base_16_224__mlp__layer_9/seed_102"",""probe.eval_output_dir=artifacts/results/mvp"",""probe.eval_output_subdir=seed_runs_layerwise_backbone_sweep_v1/mvp__backbone_sweep__videomae_v2__vit_base_16_224__mlp__layer_9/seed_102"",""probe.wandb.group=seed_runs_layerwise_backbone_sweep_v1_mvp__backbone_sweep__videomae_v2__vit_base_16_224__mlp__layer_9"",""probe.wandb.name=mvp__backbone_sweep__videomae_v2__vit_base_16_224__mlp__layer_9__seed_102"",""probe.mlp.hidden_dims=[256]"",""probe.mlp.dropout=0.21597250932105788"",""feature_cache.layer_ids=[3,6,9,12]""]",results/verified_layerwise_probe_configs.csv,450,452,93e96468d9697a5d,VERIFIED_FULL,"{""batch_size"":32,""dropout"":0.21597250932105788,""early_stopping"":{""enabled"":false,""patience"":5},""epochs"":2000,""eval_batch_size"":1024,""feature_view"":""pooled"",""hidden_dims"":[256],""layer"":9,""lr"":0.0001329291894316216,""slot"":null,""weight_decay"":0.005061576888752304}",different_backbone_ablation/other models/mvp/mlp/mvp_probe_mlp_videomae_v2_vit_base_16_224_20260616T211906Z/layer_9/train/optuna_summary.json
mvp__backbone_sweep__videomae_v2__vit_base_16_224__mlp__layer_12__seed_101,mvp__backbone_sweep__videomae_v2__vit_base_16_224__mlp__layer_12,train_eval.probe.mvp,MVP,mvp,backbone_sweep,VideoMAE-v2,ViT-B/16,MLP,mlp,101,42,videomae_v2,vit_base_16_224,12,,12,pooled,0.00034029581608354537,0.00041298981530915005,32,1024,2000,false,5,"[1024,512,1024]",0.23993012852696985,,,,,cpu,artifacts/probes/mvp,seed_runs_layerwise_backbone_sweep_v1/mvp__backbone_sweep__videomae_v2__vit_base_16_224__mlp__layer_12/seed_101,artifacts/results/mvp,seed_runs_layerwise_backbone_sweep_v1/mvp__backbone_sweep__videomae_v2__vit_base_16_224__mlp__layer_12/seed_101,seed_runs_layerwise_backbone_sweep_v1_mvp__backbone_sweep__videomae_v2__vit_base_16_224__mlp__layer_12,mvp__backbone_sweep__videomae_v2__vit_base_16_224__mlp__layer_12__seed_101,pending,,"[""seed=101"",""split.seed=42"",""backbone.name=videomae_v2"",""+backbone.kwargs.variant=vit_base_16_224"",""probe.name=mlp"",""probe.layer=12"",""probe.layers=[]"",""probe.feature_view=pooled"",""probe.device=cpu"",""probe.lr=0.00034029581608354537"",""probe.weight_decay=0.00041298981530915005"",""probe.batch_size=32"",""probe.eval_batch_size=1024"",""probe.epochs=2000"",""probe.early_stopping.enabled=false"",""probe.early_stopping.patience=5"",""probe.optuna.enabled=false"",""probe.output_dir=artifacts/probes/mvp"",""probe.output_subdir=seed_runs_layerwise_backbone_sweep_v1/mvp__backbone_sweep__videomae_v2__vit_base_16_224__mlp__layer_12/seed_101"",""probe.eval_output_dir=artifacts/results/mvp"",""probe.eval_output_subdir=seed_runs_layerwise_backbone_sweep_v1/mvp__backbone_sweep__videomae_v2__vit_base_16_224__mlp__layer_12/seed_101"",""probe.wandb.group=seed_runs_layerwise_backbone_sweep_v1_mvp__backbone_sweep__videomae_v2__vit_base_16_224__mlp__layer_12"",""probe.wandb.name=mvp__backbone_sweep__videomae_v2__vit_base_16_224__mlp__layer_12__seed_101"",""probe.mlp.hidden_dims=[1024,512,1024]"",""probe.mlp.dropout=0.23993012852696985"",""feature_cache.layer_ids=[3,6,9,12]""]",results/verified_layerwise_probe_configs.csv,451,453,e621d3a99aa24001,VERIFIED_FULL,"{""batch_size"":32,""dropout"":0.23993012852696985,""early_stopping"":{""enabled"":false,""patience"":5},""epochs"":2000,""eval_batch_size"":1024,""feature_view"":""pooled"",""hidden_dims"":[1024,512,1024],""layer"":12,""lr"":0.00034029581608354537,""slot"":null,""weight_decay"":0.00041298981530915005}",different_backbone_ablation/other models/mvp/mlp/mvp_probe_mlp_videomae_v2_vit_base_16_224_20260616T211906Z/layer_12/train/optuna_summary.json
mvp__backbone_sweep__videomae_v2__vit_base_16_224__mlp__layer_12__seed_102,mvp__backbone_sweep__videomae_v2__vit_base_16_224__mlp__layer_12,train_eval.probe.mvp,MVP,mvp,backbone_sweep,VideoMAE-v2,ViT-B/16,MLP,mlp,102,42,videomae_v2,vit_base_16_224,12,,12,pooled,0.00034029581608354537,0.00041298981530915005,32,1024,2000,false,5,"[1024,512,1024]",0.23993012852696985,,,,,cpu,artifacts/probes/mvp,seed_runs_layerwise_backbone_sweep_v1/mvp__backbone_sweep__videomae_v2__vit_base_16_224__mlp__layer_12/seed_102,artifacts/results/mvp,seed_runs_layerwise_backbone_sweep_v1/mvp__backbone_sweep__videomae_v2__vit_base_16_224__mlp__layer_12/seed_102,seed_runs_layerwise_backbone_sweep_v1_mvp__backbone_sweep__videomae_v2__vit_base_16_224__mlp__layer_12,mvp__backbone_sweep__videomae_v2__vit_base_16_224__mlp__layer_12__seed_102,pending,,"[""seed=102"",""split.seed=42"",""backbone.name=videomae_v2"",""+backbone.kwargs.variant=vit_base_16_224"",""probe.name=mlp"",""probe.layer=12"",""probe.layers=[]"",""probe.feature_view=pooled"",""probe.device=cpu"",""probe.lr=0.00034029581608354537"",""probe.weight_decay=0.00041298981530915005"",""probe.batch_size=32"",""probe.eval_batch_size=1024"",""probe.epochs=2000"",""probe.early_stopping.enabled=false"",""probe.early_stopping.patience=5"",""probe.optuna.enabled=false"",""probe.output_dir=artifacts/probes/mvp"",""probe.output_subdir=seed_runs_layerwise_backbone_sweep_v1/mvp__backbone_sweep__videomae_v2__vit_base_16_224__mlp__layer_12/seed_102"",""probe.eval_output_dir=artifacts/results/mvp"",""probe.eval_output_subdir=seed_runs_layerwise_backbone_sweep_v1/mvp__backbone_sweep__videomae_v2__vit_base_16_224__mlp__layer_12/seed_102"",""probe.wandb.group=seed_runs_layerwise_backbone_sweep_v1_mvp__backbone_sweep__videomae_v2__vit_base_16_224__mlp__layer_12"",""probe.wandb.name=mvp__backbone_sweep__videomae_v2__vit_base_16_224__mlp__layer_12__seed_102"",""probe.mlp.hidden_dims=[1024,512,1024]"",""probe.mlp.dropout=0.23993012852696985"",""feature_cache.layer_ids=[3,6,9,12]""]",results/verified_layerwise_probe_configs.csv,451,453,e621d3a99aa24001,VERIFIED_FULL,"{""batch_size"":32,""dropout"":0.23993012852696985,""early_stopping"":{""enabled"":false,""patience"":5},""epochs"":2000,""eval_batch_size"":1024,""feature_view"":""pooled"",""hidden_dims"":[1024,512,1024],""layer"":12,""lr"":0.00034029581608354537,""slot"":null,""weight_decay"":0.00041298981530915005}",different_backbone_ablation/other models/mvp/mlp/mvp_probe_mlp_videomae_v2_vit_base_16_224_20260616T211906Z/layer_12/train/optuna_summary.json
