run_id,config_id,run_command,dataset,dataset_hydra,experiment,model,backbone,probe,probe_hydra,seed,original_seed,backbone_name,backbone_variant,layer,selected_slot,layer_label,feature_view,lr,weight_decay,batch_size,eval_batch_size,epochs,early_stopping_enabled,early_stopping_patience,mlp_hidden_dims,mlp_dropout,temporal_num_heads,temporal_num_self_attn_blocks,temporal_mlp_ratio,temporal_dropout,probe_device,probe_output_dir,probe_output_subdir,eval_output_dir,eval_output_subdir,wandb_group,wandb_name,status,blocked_reason,hydra_overrides_json,source_csv_path,source_csv_row_index,source_csv_line_number,source_row_sha256,source_config_status,source_config_json,source_evidence_path
intphys2__same_l__v_jepa__vit_l_16__temporal_attn__layer_6__seed_101,intphys2__same_l__v_jepa__vit_l_16__temporal_attn__layer_6,train_eval.probe.intphys2,IntPhys2,intphys2,same_L,V-JEPA,ViT-L/16,Attentive,temporal_attn,101,42,jepa_v1,vitl16_224,6,,6,tokens,5e-4,0.01,2,2,90,true,20,,,16,1,2,0.20000000000000001,cuda,artifacts/probes/intphys2,seed_runs_layerwise_same_l_attentive_v1/intphys2__same_l__v_jepa__vit_l_16__temporal_attn__layer_6/seed_101,artifacts/results/intphys2,seed_runs_layerwise_same_l_attentive_v1/intphys2__same_l__v_jepa__vit_l_16__temporal_attn__layer_6/seed_101,seed_runs_layerwise_same_l_attentive_v1_intphys2__same_l__v_jepa__vit_l_16__temporal_attn__layer_6,intphys2__same_l__v_jepa__vit_l_16__temporal_attn__layer_6__seed_101,pending,,"[""seed=101"",""split.seed=42"",""backbone.name=jepa_v1"",""+backbone.kwargs.variant=vitl16_224"",""probe.name=temporal_attn"",""probe.layer=6"",""probe.layers=[]"",""probe.feature_view=tokens"",""probe.device=cuda"",""probe.lr=5e-4"",""probe.weight_decay=0.01"",""probe.batch_size=2"",""probe.eval_batch_size=2"",""probe.epochs=90"",""probe.early_stopping.enabled=true"",""probe.early_stopping.patience=20"",""probe.optuna.enabled=false"",""probe.output_dir=artifacts/probes/intphys2"",""probe.output_subdir=seed_runs_layerwise_same_l_attentive_v1/intphys2__same_l__v_jepa__vit_l_16__temporal_attn__layer_6/seed_101"",""probe.eval_output_dir=artifacts/results/intphys2"",""probe.eval_output_subdir=seed_runs_layerwise_same_l_attentive_v1/intphys2__same_l__v_jepa__vit_l_16__temporal_attn__layer_6/seed_101"",""probe.wandb.group=seed_runs_layerwise_same_l_attentive_v1_intphys2__same_l__v_jepa__vit_l_16__temporal_attn__layer_6"",""probe.wandb.name=intphys2__same_l__v_jepa__vit_l_16__temporal_attn__layer_6__seed_101"",""feature_cache.layer_ids=[6,12,18,24]"",""probe.temporal_attn.num_heads=16"",""probe.temporal_attn.num_self_attn_blocks=1"",""probe.temporal_attn.mlp_ratio=2"",""probe.temporal_attn.dropout=0.20000000000000001"",""feature_cache.include_tokens=true""]",results/verified_layerwise_probe_configs.csv,8,10,07176ce682200074,VERIFIED_FULL,"{""batch_size"":2,""dropout"":0.2,""early_stopping"":{""enabled"":true,""patience"":20},""epochs"":90,""eval_batch_size"":2,""feature_view"":""tokens"",""layer"":6,""lr"":0.0005,""mlp_ratio"":2.0,""num_heads"":16,""num_self_attn_blocks"":1,""slot"":null,""weight_decay"":0.01}",same_size_ablation/intphys_same_size_ablation/Attentive/intphys2_probe_temporal_attn_jepa_v1_vitl16_224_lr_matrix/train_eval_summary.json
intphys2__same_l__v_jepa__vit_l_16__temporal_attn__layer_6__seed_102,intphys2__same_l__v_jepa__vit_l_16__temporal_attn__layer_6,train_eval.probe.intphys2,IntPhys2,intphys2,same_L,V-JEPA,ViT-L/16,Attentive,temporal_attn,102,42,jepa_v1,vitl16_224,6,,6,tokens,5e-4,0.01,2,2,90,true,20,,,16,1,2,0.20000000000000001,cuda,artifacts/probes/intphys2,seed_runs_layerwise_same_l_attentive_v1/intphys2__same_l__v_jepa__vit_l_16__temporal_attn__layer_6/seed_102,artifacts/results/intphys2,seed_runs_layerwise_same_l_attentive_v1/intphys2__same_l__v_jepa__vit_l_16__temporal_attn__layer_6/seed_102,seed_runs_layerwise_same_l_attentive_v1_intphys2__same_l__v_jepa__vit_l_16__temporal_attn__layer_6,intphys2__same_l__v_jepa__vit_l_16__temporal_attn__layer_6__seed_102,pending,,"[""seed=102"",""split.seed=42"",""backbone.name=jepa_v1"",""+backbone.kwargs.variant=vitl16_224"",""probe.name=temporal_attn"",""probe.layer=6"",""probe.layers=[]"",""probe.feature_view=tokens"",""probe.device=cuda"",""probe.lr=5e-4"",""probe.weight_decay=0.01"",""probe.batch_size=2"",""probe.eval_batch_size=2"",""probe.epochs=90"",""probe.early_stopping.enabled=true"",""probe.early_stopping.patience=20"",""probe.optuna.enabled=false"",""probe.output_dir=artifacts/probes/intphys2"",""probe.output_subdir=seed_runs_layerwise_same_l_attentive_v1/intphys2__same_l__v_jepa__vit_l_16__temporal_attn__layer_6/seed_102"",""probe.eval_output_dir=artifacts/results/intphys2"",""probe.eval_output_subdir=seed_runs_layerwise_same_l_attentive_v1/intphys2__same_l__v_jepa__vit_l_16__temporal_attn__layer_6/seed_102"",""probe.wandb.group=seed_runs_layerwise_same_l_attentive_v1_intphys2__same_l__v_jepa__vit_l_16__temporal_attn__layer_6"",""probe.wandb.name=intphys2__same_l__v_jepa__vit_l_16__temporal_attn__layer_6__seed_102"",""feature_cache.layer_ids=[6,12,18,24]"",""probe.temporal_attn.num_heads=16"",""probe.temporal_attn.num_self_attn_blocks=1"",""probe.temporal_attn.mlp_ratio=2"",""probe.temporal_attn.dropout=0.20000000000000001"",""feature_cache.include_tokens=true""]",results/verified_layerwise_probe_configs.csv,8,10,07176ce682200074,VERIFIED_FULL,"{""batch_size"":2,""dropout"":0.2,""early_stopping"":{""enabled"":true,""patience"":20},""epochs"":90,""eval_batch_size"":2,""feature_view"":""tokens"",""layer"":6,""lr"":0.0005,""mlp_ratio"":2.0,""num_heads"":16,""num_self_attn_blocks"":1,""slot"":null,""weight_decay"":0.01}",same_size_ablation/intphys_same_size_ablation/Attentive/intphys2_probe_temporal_attn_jepa_v1_vitl16_224_lr_matrix/train_eval_summary.json
intphys2__same_l__v_jepa__vit_l_16__temporal_attn__layer_12__seed_101,intphys2__same_l__v_jepa__vit_l_16__temporal_attn__layer_12,train_eval.probe.intphys2,IntPhys2,intphys2,same_L,V-JEPA,ViT-L/16,Attentive,temporal_attn,101,42,jepa_v1,vitl16_224,12,,12,tokens,1e-5,0.01,2,2,90,true,20,,,16,1,2,0.20000000000000001,cuda,artifacts/probes/intphys2,seed_runs_layerwise_same_l_attentive_v1/intphys2__same_l__v_jepa__vit_l_16__temporal_attn__layer_12/seed_101,artifacts/results/intphys2,seed_runs_layerwise_same_l_attentive_v1/intphys2__same_l__v_jepa__vit_l_16__temporal_attn__layer_12/seed_101,seed_runs_layerwise_same_l_attentive_v1_intphys2__same_l__v_jepa__vit_l_16__temporal_attn__layer_12,intphys2__same_l__v_jepa__vit_l_16__temporal_attn__layer_12__seed_101,pending,,"[""seed=101"",""split.seed=42"",""backbone.name=jepa_v1"",""+backbone.kwargs.variant=vitl16_224"",""probe.name=temporal_attn"",""probe.layer=12"",""probe.layers=[]"",""probe.feature_view=tokens"",""probe.device=cuda"",""probe.lr=1e-5"",""probe.weight_decay=0.01"",""probe.batch_size=2"",""probe.eval_batch_size=2"",""probe.epochs=90"",""probe.early_stopping.enabled=true"",""probe.early_stopping.patience=20"",""probe.optuna.enabled=false"",""probe.output_dir=artifacts/probes/intphys2"",""probe.output_subdir=seed_runs_layerwise_same_l_attentive_v1/intphys2__same_l__v_jepa__vit_l_16__temporal_attn__layer_12/seed_101"",""probe.eval_output_dir=artifacts/results/intphys2"",""probe.eval_output_subdir=seed_runs_layerwise_same_l_attentive_v1/intphys2__same_l__v_jepa__vit_l_16__temporal_attn__layer_12/seed_101"",""probe.wandb.group=seed_runs_layerwise_same_l_attentive_v1_intphys2__same_l__v_jepa__vit_l_16__temporal_attn__layer_12"",""probe.wandb.name=intphys2__same_l__v_jepa__vit_l_16__temporal_attn__layer_12__seed_101"",""feature_cache.layer_ids=[6,12,18,24]"",""probe.temporal_attn.num_heads=16"",""probe.temporal_attn.num_self_attn_blocks=1"",""probe.temporal_attn.mlp_ratio=2"",""probe.temporal_attn.dropout=0.20000000000000001"",""feature_cache.include_tokens=true""]",results/verified_layerwise_probe_configs.csv,9,11,2e82edf58b036345,VERIFIED_FULL,"{""batch_size"":2,""dropout"":0.2,""early_stopping"":{""enabled"":true,""patience"":20},""epochs"":90,""eval_batch_size"":2,""feature_view"":""tokens"",""layer"":12,""lr"":1e-05,""mlp_ratio"":2.0,""num_heads"":16,""num_self_attn_blocks"":1,""slot"":null,""weight_decay"":0.01}",same_size_ablation/intphys_same_size_ablation/Attentive/intphys2_probe_temporal_attn_jepa_v1_vitl16_224_lr_matrix/train_eval_summary.json
intphys2__same_l__v_jepa__vit_l_16__temporal_attn__layer_12__seed_102,intphys2__same_l__v_jepa__vit_l_16__temporal_attn__layer_12,train_eval.probe.intphys2,IntPhys2,intphys2,same_L,V-JEPA,ViT-L/16,Attentive,temporal_attn,102,42,jepa_v1,vitl16_224,12,,12,tokens,1e-5,0.01,2,2,90,true,20,,,16,1,2,0.20000000000000001,cuda,artifacts/probes/intphys2,seed_runs_layerwise_same_l_attentive_v1/intphys2__same_l__v_jepa__vit_l_16__temporal_attn__layer_12/seed_102,artifacts/results/intphys2,seed_runs_layerwise_same_l_attentive_v1/intphys2__same_l__v_jepa__vit_l_16__temporal_attn__layer_12/seed_102,seed_runs_layerwise_same_l_attentive_v1_intphys2__same_l__v_jepa__vit_l_16__temporal_attn__layer_12,intphys2__same_l__v_jepa__vit_l_16__temporal_attn__layer_12__seed_102,pending,,"[""seed=102"",""split.seed=42"",""backbone.name=jepa_v1"",""+backbone.kwargs.variant=vitl16_224"",""probe.name=temporal_attn"",""probe.layer=12"",""probe.layers=[]"",""probe.feature_view=tokens"",""probe.device=cuda"",""probe.lr=1e-5"",""probe.weight_decay=0.01"",""probe.batch_size=2"",""probe.eval_batch_size=2"",""probe.epochs=90"",""probe.early_stopping.enabled=true"",""probe.early_stopping.patience=20"",""probe.optuna.enabled=false"",""probe.output_dir=artifacts/probes/intphys2"",""probe.output_subdir=seed_runs_layerwise_same_l_attentive_v1/intphys2__same_l__v_jepa__vit_l_16__temporal_attn__layer_12/seed_102"",""probe.eval_output_dir=artifacts/results/intphys2"",""probe.eval_output_subdir=seed_runs_layerwise_same_l_attentive_v1/intphys2__same_l__v_jepa__vit_l_16__temporal_attn__layer_12/seed_102"",""probe.wandb.group=seed_runs_layerwise_same_l_attentive_v1_intphys2__same_l__v_jepa__vit_l_16__temporal_attn__layer_12"",""probe.wandb.name=intphys2__same_l__v_jepa__vit_l_16__temporal_attn__layer_12__seed_102"",""feature_cache.layer_ids=[6,12,18,24]"",""probe.temporal_attn.num_heads=16"",""probe.temporal_attn.num_self_attn_blocks=1"",""probe.temporal_attn.mlp_ratio=2"",""probe.temporal_attn.dropout=0.20000000000000001"",""feature_cache.include_tokens=true""]",results/verified_layerwise_probe_configs.csv,9,11,2e82edf58b036345,VERIFIED_FULL,"{""batch_size"":2,""dropout"":0.2,""early_stopping"":{""enabled"":true,""patience"":20},""epochs"":90,""eval_batch_size"":2,""feature_view"":""tokens"",""layer"":12,""lr"":1e-05,""mlp_ratio"":2.0,""num_heads"":16,""num_self_attn_blocks"":1,""slot"":null,""weight_decay"":0.01}",same_size_ablation/intphys_same_size_ablation/Attentive/intphys2_probe_temporal_attn_jepa_v1_vitl16_224_lr_matrix/train_eval_summary.json
intphys2__same_l__v_jepa__vit_l_16__temporal_attn__layer_18__seed_101,intphys2__same_l__v_jepa__vit_l_16__temporal_attn__layer_18,train_eval.probe.intphys2,IntPhys2,intphys2,same_L,V-JEPA,ViT-L/16,Attentive,temporal_attn,101,42,jepa_v1,vitl16_224,18,,18,tokens,1e-5,0.01,2,2,90,true,20,,,16,1,2,0.20000000000000001,cuda,artifacts/probes/intphys2,seed_runs_layerwise_same_l_attentive_v1/intphys2__same_l__v_jepa__vit_l_16__temporal_attn__layer_18/seed_101,artifacts/results/intphys2,seed_runs_layerwise_same_l_attentive_v1/intphys2__same_l__v_jepa__vit_l_16__temporal_attn__layer_18/seed_101,seed_runs_layerwise_same_l_attentive_v1_intphys2__same_l__v_jepa__vit_l_16__temporal_attn__layer_18,intphys2__same_l__v_jepa__vit_l_16__temporal_attn__layer_18__seed_101,pending,,"[""seed=101"",""split.seed=42"",""backbone.name=jepa_v1"",""+backbone.kwargs.variant=vitl16_224"",""probe.name=temporal_attn"",""probe.layer=18"",""probe.layers=[]"",""probe.feature_view=tokens"",""probe.device=cuda"",""probe.lr=1e-5"",""probe.weight_decay=0.01"",""probe.batch_size=2"",""probe.eval_batch_size=2"",""probe.epochs=90"",""probe.early_stopping.enabled=true"",""probe.early_stopping.patience=20"",""probe.optuna.enabled=false"",""probe.output_dir=artifacts/probes/intphys2"",""probe.output_subdir=seed_runs_layerwise_same_l_attentive_v1/intphys2__same_l__v_jepa__vit_l_16__temporal_attn__layer_18/seed_101"",""probe.eval_output_dir=artifacts/results/intphys2"",""probe.eval_output_subdir=seed_runs_layerwise_same_l_attentive_v1/intphys2__same_l__v_jepa__vit_l_16__temporal_attn__layer_18/seed_101"",""probe.wandb.group=seed_runs_layerwise_same_l_attentive_v1_intphys2__same_l__v_jepa__vit_l_16__temporal_attn__layer_18"",""probe.wandb.name=intphys2__same_l__v_jepa__vit_l_16__temporal_attn__layer_18__seed_101"",""feature_cache.layer_ids=[6,12,18,24]"",""probe.temporal_attn.num_heads=16"",""probe.temporal_attn.num_self_attn_blocks=1"",""probe.temporal_attn.mlp_ratio=2"",""probe.temporal_attn.dropout=0.20000000000000001"",""feature_cache.include_tokens=true""]",results/verified_layerwise_probe_configs.csv,10,12,f6f7479e93c7c5ad,VERIFIED_FULL,"{""batch_size"":2,""dropout"":0.2,""early_stopping"":{""enabled"":true,""patience"":20},""epochs"":90,""eval_batch_size"":2,""feature_view"":""tokens"",""layer"":18,""lr"":1e-05,""mlp_ratio"":2.0,""num_heads"":16,""num_self_attn_blocks"":1,""slot"":null,""weight_decay"":0.01}",same_size_ablation/intphys_same_size_ablation/Attentive/intphys2_probe_temporal_attn_jepa_v1_vitl16_224_lr_matrix/train_eval_summary.json
intphys2__same_l__v_jepa__vit_l_16__temporal_attn__layer_18__seed_102,intphys2__same_l__v_jepa__vit_l_16__temporal_attn__layer_18,train_eval.probe.intphys2,IntPhys2,intphys2,same_L,V-JEPA,ViT-L/16,Attentive,temporal_attn,102,42,jepa_v1,vitl16_224,18,,18,tokens,1e-5,0.01,2,2,90,true,20,,,16,1,2,0.20000000000000001,cuda,artifacts/probes/intphys2,seed_runs_layerwise_same_l_attentive_v1/intphys2__same_l__v_jepa__vit_l_16__temporal_attn__layer_18/seed_102,artifacts/results/intphys2,seed_runs_layerwise_same_l_attentive_v1/intphys2__same_l__v_jepa__vit_l_16__temporal_attn__layer_18/seed_102,seed_runs_layerwise_same_l_attentive_v1_intphys2__same_l__v_jepa__vit_l_16__temporal_attn__layer_18,intphys2__same_l__v_jepa__vit_l_16__temporal_attn__layer_18__seed_102,pending,,"[""seed=102"",""split.seed=42"",""backbone.name=jepa_v1"",""+backbone.kwargs.variant=vitl16_224"",""probe.name=temporal_attn"",""probe.layer=18"",""probe.layers=[]"",""probe.feature_view=tokens"",""probe.device=cuda"",""probe.lr=1e-5"",""probe.weight_decay=0.01"",""probe.batch_size=2"",""probe.eval_batch_size=2"",""probe.epochs=90"",""probe.early_stopping.enabled=true"",""probe.early_stopping.patience=20"",""probe.optuna.enabled=false"",""probe.output_dir=artifacts/probes/intphys2"",""probe.output_subdir=seed_runs_layerwise_same_l_attentive_v1/intphys2__same_l__v_jepa__vit_l_16__temporal_attn__layer_18/seed_102"",""probe.eval_output_dir=artifacts/results/intphys2"",""probe.eval_output_subdir=seed_runs_layerwise_same_l_attentive_v1/intphys2__same_l__v_jepa__vit_l_16__temporal_attn__layer_18/seed_102"",""probe.wandb.group=seed_runs_layerwise_same_l_attentive_v1_intphys2__same_l__v_jepa__vit_l_16__temporal_attn__layer_18"",""probe.wandb.name=intphys2__same_l__v_jepa__vit_l_16__temporal_attn__layer_18__seed_102"",""feature_cache.layer_ids=[6,12,18,24]"",""probe.temporal_attn.num_heads=16"",""probe.temporal_attn.num_self_attn_blocks=1"",""probe.temporal_attn.mlp_ratio=2"",""probe.temporal_attn.dropout=0.20000000000000001"",""feature_cache.include_tokens=true""]",results/verified_layerwise_probe_configs.csv,10,12,f6f7479e93c7c5ad,VERIFIED_FULL,"{""batch_size"":2,""dropout"":0.2,""early_stopping"":{""enabled"":true,""patience"":20},""epochs"":90,""eval_batch_size"":2,""feature_view"":""tokens"",""layer"":18,""lr"":1e-05,""mlp_ratio"":2.0,""num_heads"":16,""num_self_attn_blocks"":1,""slot"":null,""weight_decay"":0.01}",same_size_ablation/intphys_same_size_ablation/Attentive/intphys2_probe_temporal_attn_jepa_v1_vitl16_224_lr_matrix/train_eval_summary.json
intphys2__same_l__v_jepa__vit_l_16__temporal_attn__layer_24__seed_101,intphys2__same_l__v_jepa__vit_l_16__temporal_attn__layer_24,train_eval.probe.intphys2,IntPhys2,intphys2,same_L,V-JEPA,ViT-L/16,Attentive,temporal_attn,101,42,jepa_v1,vitl16_224,24,,24,tokens,1e-4,0.01,2,2,90,true,20,,,16,1,2,0.20000000000000001,cuda,artifacts/probes/intphys2,seed_runs_layerwise_same_l_attentive_v1/intphys2__same_l__v_jepa__vit_l_16__temporal_attn__layer_24/seed_101,artifacts/results/intphys2,seed_runs_layerwise_same_l_attentive_v1/intphys2__same_l__v_jepa__vit_l_16__temporal_attn__layer_24/seed_101,seed_runs_layerwise_same_l_attentive_v1_intphys2__same_l__v_jepa__vit_l_16__temporal_attn__layer_24,intphys2__same_l__v_jepa__vit_l_16__temporal_attn__layer_24__seed_101,pending,,"[""seed=101"",""split.seed=42"",""backbone.name=jepa_v1"",""+backbone.kwargs.variant=vitl16_224"",""probe.name=temporal_attn"",""probe.layer=24"",""probe.layers=[]"",""probe.feature_view=tokens"",""probe.device=cuda"",""probe.lr=1e-4"",""probe.weight_decay=0.01"",""probe.batch_size=2"",""probe.eval_batch_size=2"",""probe.epochs=90"",""probe.early_stopping.enabled=true"",""probe.early_stopping.patience=20"",""probe.optuna.enabled=false"",""probe.output_dir=artifacts/probes/intphys2"",""probe.output_subdir=seed_runs_layerwise_same_l_attentive_v1/intphys2__same_l__v_jepa__vit_l_16__temporal_attn__layer_24/seed_101"",""probe.eval_output_dir=artifacts/results/intphys2"",""probe.eval_output_subdir=seed_runs_layerwise_same_l_attentive_v1/intphys2__same_l__v_jepa__vit_l_16__temporal_attn__layer_24/seed_101"",""probe.wandb.group=seed_runs_layerwise_same_l_attentive_v1_intphys2__same_l__v_jepa__vit_l_16__temporal_attn__layer_24"",""probe.wandb.name=intphys2__same_l__v_jepa__vit_l_16__temporal_attn__layer_24__seed_101"",""feature_cache.layer_ids=[6,12,18,24]"",""probe.temporal_attn.num_heads=16"",""probe.temporal_attn.num_self_attn_blocks=1"",""probe.temporal_attn.mlp_ratio=2"",""probe.temporal_attn.dropout=0.20000000000000001"",""feature_cache.include_tokens=true""]",results/verified_layerwise_probe_configs.csv,11,13,1b1bc1e7b2babd64,VERIFIED_FULL,"{""batch_size"":2,""dropout"":0.2,""early_stopping"":{""enabled"":true,""patience"":20},""epochs"":90,""eval_batch_size"":2,""feature_view"":""tokens"",""layer"":24,""lr"":0.0001,""mlp_ratio"":2.0,""num_heads"":16,""num_self_attn_blocks"":1,""slot"":null,""weight_decay"":0.01}",same_size_ablation/intphys_same_size_ablation/Attentive/intphys2_probe_temporal_attn_jepa_v1_vitl16_224_lr_matrix/train_eval_summary.json
intphys2__same_l__v_jepa__vit_l_16__temporal_attn__layer_24__seed_102,intphys2__same_l__v_jepa__vit_l_16__temporal_attn__layer_24,train_eval.probe.intphys2,IntPhys2,intphys2,same_L,V-JEPA,ViT-L/16,Attentive,temporal_attn,102,42,jepa_v1,vitl16_224,24,,24,tokens,1e-4,0.01,2,2,90,true,20,,,16,1,2,0.20000000000000001,cuda,artifacts/probes/intphys2,seed_runs_layerwise_same_l_attentive_v1/intphys2__same_l__v_jepa__vit_l_16__temporal_attn__layer_24/seed_102,artifacts/results/intphys2,seed_runs_layerwise_same_l_attentive_v1/intphys2__same_l__v_jepa__vit_l_16__temporal_attn__layer_24/seed_102,seed_runs_layerwise_same_l_attentive_v1_intphys2__same_l__v_jepa__vit_l_16__temporal_attn__layer_24,intphys2__same_l__v_jepa__vit_l_16__temporal_attn__layer_24__seed_102,pending,,"[""seed=102"",""split.seed=42"",""backbone.name=jepa_v1"",""+backbone.kwargs.variant=vitl16_224"",""probe.name=temporal_attn"",""probe.layer=24"",""probe.layers=[]"",""probe.feature_view=tokens"",""probe.device=cuda"",""probe.lr=1e-4"",""probe.weight_decay=0.01"",""probe.batch_size=2"",""probe.eval_batch_size=2"",""probe.epochs=90"",""probe.early_stopping.enabled=true"",""probe.early_stopping.patience=20"",""probe.optuna.enabled=false"",""probe.output_dir=artifacts/probes/intphys2"",""probe.output_subdir=seed_runs_layerwise_same_l_attentive_v1/intphys2__same_l__v_jepa__vit_l_16__temporal_attn__layer_24/seed_102"",""probe.eval_output_dir=artifacts/results/intphys2"",""probe.eval_output_subdir=seed_runs_layerwise_same_l_attentive_v1/intphys2__same_l__v_jepa__vit_l_16__temporal_attn__layer_24/seed_102"",""probe.wandb.group=seed_runs_layerwise_same_l_attentive_v1_intphys2__same_l__v_jepa__vit_l_16__temporal_attn__layer_24"",""probe.wandb.name=intphys2__same_l__v_jepa__vit_l_16__temporal_attn__layer_24__seed_102"",""feature_cache.layer_ids=[6,12,18,24]"",""probe.temporal_attn.num_heads=16"",""probe.temporal_attn.num_self_attn_blocks=1"",""probe.temporal_attn.mlp_ratio=2"",""probe.temporal_attn.dropout=0.20000000000000001"",""feature_cache.include_tokens=true""]",results/verified_layerwise_probe_configs.csv,11,13,1b1bc1e7b2babd64,VERIFIED_FULL,"{""batch_size"":2,""dropout"":0.2,""early_stopping"":{""enabled"":true,""patience"":20},""epochs"":90,""eval_batch_size"":2,""feature_view"":""tokens"",""layer"":24,""lr"":0.0001,""mlp_ratio"":2.0,""num_heads"":16,""num_self_attn_blocks"":1,""slot"":null,""weight_decay"":0.01}",same_size_ablation/intphys_same_size_ablation/Attentive/intphys2_probe_temporal_attn_jepa_v1_vitl16_224_lr_matrix/train_eval_summary.json
intphys2__same_l__v_jepa_2__vit_l_16__temporal_attn__layer_6__seed_101,intphys2__same_l__v_jepa_2__vit_l_16__temporal_attn__layer_6,train_eval.probe.intphys2,IntPhys2,intphys2,same_L,V-JEPA 2,ViT-L/16,Attentive,temporal_attn,101,42,jepa_v2,vitl_256,6,,6,tokens,5e-4,0.01,1,1,90,true,20,,,16,1,2,0.20000000000000001,cuda,artifacts/probes/intphys2,seed_runs_layerwise_same_l_attentive_v1/intphys2__same_l__v_jepa_2__vit_l_16__temporal_attn__layer_6/seed_101,artifacts/results/intphys2,seed_runs_layerwise_same_l_attentive_v1/intphys2__same_l__v_jepa_2__vit_l_16__temporal_attn__layer_6/seed_101,seed_runs_layerwise_same_l_attentive_v1_intphys2__same_l__v_jepa_2__vit_l_16__temporal_attn__layer_6,intphys2__same_l__v_jepa_2__vit_l_16__temporal_attn__layer_6__seed_101,pending,,"[""seed=101"",""split.seed=42"",""backbone.name=jepa_v2"",""+backbone.kwargs.variant=vitl_256"",""probe.name=temporal_attn"",""probe.layer=6"",""probe.layers=[]"",""probe.feature_view=tokens"",""probe.device=cuda"",""probe.lr=5e-4"",""probe.weight_decay=0.01"",""probe.batch_size=1"",""probe.eval_batch_size=1"",""probe.epochs=90"",""probe.early_stopping.enabled=true"",""probe.early_stopping.patience=20"",""probe.optuna.enabled=false"",""probe.output_dir=artifacts/probes/intphys2"",""probe.output_subdir=seed_runs_layerwise_same_l_attentive_v1/intphys2__same_l__v_jepa_2__vit_l_16__temporal_attn__layer_6/seed_101"",""probe.eval_output_dir=artifacts/results/intphys2"",""probe.eval_output_subdir=seed_runs_layerwise_same_l_attentive_v1/intphys2__same_l__v_jepa_2__vit_l_16__temporal_attn__layer_6/seed_101"",""probe.wandb.group=seed_runs_layerwise_same_l_attentive_v1_intphys2__same_l__v_jepa_2__vit_l_16__temporal_attn__layer_6"",""probe.wandb.name=intphys2__same_l__v_jepa_2__vit_l_16__temporal_attn__layer_6__seed_101"",""feature_cache.layer_ids=[6,12,18,24]"",""probe.temporal_attn.num_heads=16"",""probe.temporal_attn.num_self_attn_blocks=1"",""probe.temporal_attn.mlp_ratio=2"",""probe.temporal_attn.dropout=0.20000000000000001"",""feature_cache.include_tokens=true""]",results/verified_layerwise_probe_configs.csv,32,34,7f67acedc5401cc2,VERIFIED_FULL,"{""batch_size"":1,""dropout"":0.2,""early_stopping"":{""enabled"":true,""patience"":20},""epochs"":90,""eval_batch_size"":1,""feature_view"":""tokens"",""layer"":6,""lr"":0.0005,""mlp_ratio"":2.0,""num_heads"":16,""num_self_attn_blocks"":1,""slot"":null,""weight_decay"":0.01}",same_size_ablation/intphys_same_size_ablation/Attentive/intphys2_probe_temporal_attn_jepa_v2_vitl_256_lr_matrix/train_eval_summary.json
intphys2__same_l__v_jepa_2__vit_l_16__temporal_attn__layer_6__seed_102,intphys2__same_l__v_jepa_2__vit_l_16__temporal_attn__layer_6,train_eval.probe.intphys2,IntPhys2,intphys2,same_L,V-JEPA 2,ViT-L/16,Attentive,temporal_attn,102,42,jepa_v2,vitl_256,6,,6,tokens,5e-4,0.01,1,1,90,true,20,,,16,1,2,0.20000000000000001,cuda,artifacts/probes/intphys2,seed_runs_layerwise_same_l_attentive_v1/intphys2__same_l__v_jepa_2__vit_l_16__temporal_attn__layer_6/seed_102,artifacts/results/intphys2,seed_runs_layerwise_same_l_attentive_v1/intphys2__same_l__v_jepa_2__vit_l_16__temporal_attn__layer_6/seed_102,seed_runs_layerwise_same_l_attentive_v1_intphys2__same_l__v_jepa_2__vit_l_16__temporal_attn__layer_6,intphys2__same_l__v_jepa_2__vit_l_16__temporal_attn__layer_6__seed_102,pending,,"[""seed=102"",""split.seed=42"",""backbone.name=jepa_v2"",""+backbone.kwargs.variant=vitl_256"",""probe.name=temporal_attn"",""probe.layer=6"",""probe.layers=[]"",""probe.feature_view=tokens"",""probe.device=cuda"",""probe.lr=5e-4"",""probe.weight_decay=0.01"",""probe.batch_size=1"",""probe.eval_batch_size=1"",""probe.epochs=90"",""probe.early_stopping.enabled=true"",""probe.early_stopping.patience=20"",""probe.optuna.enabled=false"",""probe.output_dir=artifacts/probes/intphys2"",""probe.output_subdir=seed_runs_layerwise_same_l_attentive_v1/intphys2__same_l__v_jepa_2__vit_l_16__temporal_attn__layer_6/seed_102"",""probe.eval_output_dir=artifacts/results/intphys2"",""probe.eval_output_subdir=seed_runs_layerwise_same_l_attentive_v1/intphys2__same_l__v_jepa_2__vit_l_16__temporal_attn__layer_6/seed_102"",""probe.wandb.group=seed_runs_layerwise_same_l_attentive_v1_intphys2__same_l__v_jepa_2__vit_l_16__temporal_attn__layer_6"",""probe.wandb.name=intphys2__same_l__v_jepa_2__vit_l_16__temporal_attn__layer_6__seed_102"",""feature_cache.layer_ids=[6,12,18,24]"",""probe.temporal_attn.num_heads=16"",""probe.temporal_attn.num_self_attn_blocks=1"",""probe.temporal_attn.mlp_ratio=2"",""probe.temporal_attn.dropout=0.20000000000000001"",""feature_cache.include_tokens=true""]",results/verified_layerwise_probe_configs.csv,32,34,7f67acedc5401cc2,VERIFIED_FULL,"{""batch_size"":1,""dropout"":0.2,""early_stopping"":{""enabled"":true,""patience"":20},""epochs"":90,""eval_batch_size"":1,""feature_view"":""tokens"",""layer"":6,""lr"":0.0005,""mlp_ratio"":2.0,""num_heads"":16,""num_self_attn_blocks"":1,""slot"":null,""weight_decay"":0.01}",same_size_ablation/intphys_same_size_ablation/Attentive/intphys2_probe_temporal_attn_jepa_v2_vitl_256_lr_matrix/train_eval_summary.json
intphys2__same_l__v_jepa_2__vit_l_16__temporal_attn__layer_12__seed_101,intphys2__same_l__v_jepa_2__vit_l_16__temporal_attn__layer_12,train_eval.probe.intphys2,IntPhys2,intphys2,same_L,V-JEPA 2,ViT-L/16,Attentive,temporal_attn,101,42,jepa_v2,vitl_256,12,,12,tokens,5e-5,0.01,1,1,90,true,20,,,16,1,2,0.20000000000000001,cuda,artifacts/probes/intphys2,seed_runs_layerwise_same_l_attentive_v1/intphys2__same_l__v_jepa_2__vit_l_16__temporal_attn__layer_12/seed_101,artifacts/results/intphys2,seed_runs_layerwise_same_l_attentive_v1/intphys2__same_l__v_jepa_2__vit_l_16__temporal_attn__layer_12/seed_101,seed_runs_layerwise_same_l_attentive_v1_intphys2__same_l__v_jepa_2__vit_l_16__temporal_attn__layer_12,intphys2__same_l__v_jepa_2__vit_l_16__temporal_attn__layer_12__seed_101,pending,,"[""seed=101"",""split.seed=42"",""backbone.name=jepa_v2"",""+backbone.kwargs.variant=vitl_256"",""probe.name=temporal_attn"",""probe.layer=12"",""probe.layers=[]"",""probe.feature_view=tokens"",""probe.device=cuda"",""probe.lr=5e-5"",""probe.weight_decay=0.01"",""probe.batch_size=1"",""probe.eval_batch_size=1"",""probe.epochs=90"",""probe.early_stopping.enabled=true"",""probe.early_stopping.patience=20"",""probe.optuna.enabled=false"",""probe.output_dir=artifacts/probes/intphys2"",""probe.output_subdir=seed_runs_layerwise_same_l_attentive_v1/intphys2__same_l__v_jepa_2__vit_l_16__temporal_attn__layer_12/seed_101"",""probe.eval_output_dir=artifacts/results/intphys2"",""probe.eval_output_subdir=seed_runs_layerwise_same_l_attentive_v1/intphys2__same_l__v_jepa_2__vit_l_16__temporal_attn__layer_12/seed_101"",""probe.wandb.group=seed_runs_layerwise_same_l_attentive_v1_intphys2__same_l__v_jepa_2__vit_l_16__temporal_attn__layer_12"",""probe.wandb.name=intphys2__same_l__v_jepa_2__vit_l_16__temporal_attn__layer_12__seed_101"",""feature_cache.layer_ids=[6,12,18,24]"",""probe.temporal_attn.num_heads=16"",""probe.temporal_attn.num_self_attn_blocks=1"",""probe.temporal_attn.mlp_ratio=2"",""probe.temporal_attn.dropout=0.20000000000000001"",""feature_cache.include_tokens=true""]",results/verified_layerwise_probe_configs.csv,33,35,eb1fd0187753b7b2,VERIFIED_FULL,"{""batch_size"":1,""dropout"":0.2,""early_stopping"":{""enabled"":true,""patience"":20},""epochs"":90,""eval_batch_size"":1,""feature_view"":""tokens"",""layer"":12,""lr"":5e-05,""mlp_ratio"":2.0,""num_heads"":16,""num_self_attn_blocks"":1,""slot"":null,""weight_decay"":0.01}",same_size_ablation/intphys_same_size_ablation/Attentive/intphys2_probe_temporal_attn_jepa_v2_vitl_256_lr_matrix/train_eval_summary.json
intphys2__same_l__v_jepa_2__vit_l_16__temporal_attn__layer_12__seed_102,intphys2__same_l__v_jepa_2__vit_l_16__temporal_attn__layer_12,train_eval.probe.intphys2,IntPhys2,intphys2,same_L,V-JEPA 2,ViT-L/16,Attentive,temporal_attn,102,42,jepa_v2,vitl_256,12,,12,tokens,5e-5,0.01,1,1,90,true,20,,,16,1,2,0.20000000000000001,cuda,artifacts/probes/intphys2,seed_runs_layerwise_same_l_attentive_v1/intphys2__same_l__v_jepa_2__vit_l_16__temporal_attn__layer_12/seed_102,artifacts/results/intphys2,seed_runs_layerwise_same_l_attentive_v1/intphys2__same_l__v_jepa_2__vit_l_16__temporal_attn__layer_12/seed_102,seed_runs_layerwise_same_l_attentive_v1_intphys2__same_l__v_jepa_2__vit_l_16__temporal_attn__layer_12,intphys2__same_l__v_jepa_2__vit_l_16__temporal_attn__layer_12__seed_102,pending,,"[""seed=102"",""split.seed=42"",""backbone.name=jepa_v2"",""+backbone.kwargs.variant=vitl_256"",""probe.name=temporal_attn"",""probe.layer=12"",""probe.layers=[]"",""probe.feature_view=tokens"",""probe.device=cuda"",""probe.lr=5e-5"",""probe.weight_decay=0.01"",""probe.batch_size=1"",""probe.eval_batch_size=1"",""probe.epochs=90"",""probe.early_stopping.enabled=true"",""probe.early_stopping.patience=20"",""probe.optuna.enabled=false"",""probe.output_dir=artifacts/probes/intphys2"",""probe.output_subdir=seed_runs_layerwise_same_l_attentive_v1/intphys2__same_l__v_jepa_2__vit_l_16__temporal_attn__layer_12/seed_102"",""probe.eval_output_dir=artifacts/results/intphys2"",""probe.eval_output_subdir=seed_runs_layerwise_same_l_attentive_v1/intphys2__same_l__v_jepa_2__vit_l_16__temporal_attn__layer_12/seed_102"",""probe.wandb.group=seed_runs_layerwise_same_l_attentive_v1_intphys2__same_l__v_jepa_2__vit_l_16__temporal_attn__layer_12"",""probe.wandb.name=intphys2__same_l__v_jepa_2__vit_l_16__temporal_attn__layer_12__seed_102"",""feature_cache.layer_ids=[6,12,18,24]"",""probe.temporal_attn.num_heads=16"",""probe.temporal_attn.num_self_attn_blocks=1"",""probe.temporal_attn.mlp_ratio=2"",""probe.temporal_attn.dropout=0.20000000000000001"",""feature_cache.include_tokens=true""]",results/verified_layerwise_probe_configs.csv,33,35,eb1fd0187753b7b2,VERIFIED_FULL,"{""batch_size"":1,""dropout"":0.2,""early_stopping"":{""enabled"":true,""patience"":20},""epochs"":90,""eval_batch_size"":1,""feature_view"":""tokens"",""layer"":12,""lr"":5e-05,""mlp_ratio"":2.0,""num_heads"":16,""num_self_attn_blocks"":1,""slot"":null,""weight_decay"":0.01}",same_size_ablation/intphys_same_size_ablation/Attentive/intphys2_probe_temporal_attn_jepa_v2_vitl_256_lr_matrix/train_eval_summary.json
intphys2__same_l__v_jepa_2__vit_l_16__temporal_attn__layer_18__seed_101,intphys2__same_l__v_jepa_2__vit_l_16__temporal_attn__layer_18,train_eval.probe.intphys2,IntPhys2,intphys2,same_L,V-JEPA 2,ViT-L/16,Attentive,temporal_attn,101,42,jepa_v2,vitl_256,18,,18,tokens,1e-5,0.01,1,1,90,true,20,,,16,1,2,0.20000000000000001,cuda,artifacts/probes/intphys2,seed_runs_layerwise_same_l_attentive_v1/intphys2__same_l__v_jepa_2__vit_l_16__temporal_attn__layer_18/seed_101,artifacts/results/intphys2,seed_runs_layerwise_same_l_attentive_v1/intphys2__same_l__v_jepa_2__vit_l_16__temporal_attn__layer_18/seed_101,seed_runs_layerwise_same_l_attentive_v1_intphys2__same_l__v_jepa_2__vit_l_16__temporal_attn__layer_18,intphys2__same_l__v_jepa_2__vit_l_16__temporal_attn__layer_18__seed_101,pending,,"[""seed=101"",""split.seed=42"",""backbone.name=jepa_v2"",""+backbone.kwargs.variant=vitl_256"",""probe.name=temporal_attn"",""probe.layer=18"",""probe.layers=[]"",""probe.feature_view=tokens"",""probe.device=cuda"",""probe.lr=1e-5"",""probe.weight_decay=0.01"",""probe.batch_size=1"",""probe.eval_batch_size=1"",""probe.epochs=90"",""probe.early_stopping.enabled=true"",""probe.early_stopping.patience=20"",""probe.optuna.enabled=false"",""probe.output_dir=artifacts/probes/intphys2"",""probe.output_subdir=seed_runs_layerwise_same_l_attentive_v1/intphys2__same_l__v_jepa_2__vit_l_16__temporal_attn__layer_18/seed_101"",""probe.eval_output_dir=artifacts/results/intphys2"",""probe.eval_output_subdir=seed_runs_layerwise_same_l_attentive_v1/intphys2__same_l__v_jepa_2__vit_l_16__temporal_attn__layer_18/seed_101"",""probe.wandb.group=seed_runs_layerwise_same_l_attentive_v1_intphys2__same_l__v_jepa_2__vit_l_16__temporal_attn__layer_18"",""probe.wandb.name=intphys2__same_l__v_jepa_2__vit_l_16__temporal_attn__layer_18__seed_101"",""feature_cache.layer_ids=[6,12,18,24]"",""probe.temporal_attn.num_heads=16"",""probe.temporal_attn.num_self_attn_blocks=1"",""probe.temporal_attn.mlp_ratio=2"",""probe.temporal_attn.dropout=0.20000000000000001"",""feature_cache.include_tokens=true""]",results/verified_layerwise_probe_configs.csv,34,36,2813c6dab311383c,VERIFIED_FULL,"{""batch_size"":1,""dropout"":0.2,""early_stopping"":{""enabled"":true,""patience"":20},""epochs"":90,""eval_batch_size"":1,""feature_view"":""tokens"",""layer"":18,""lr"":1e-05,""mlp_ratio"":2.0,""num_heads"":16,""num_self_attn_blocks"":1,""slot"":null,""weight_decay"":0.01}",same_size_ablation/intphys_same_size_ablation/Attentive/intphys2_probe_temporal_attn_jepa_v2_vitl_256_lr_matrix/train_eval_summary.json
intphys2__same_l__v_jepa_2__vit_l_16__temporal_attn__layer_18__seed_102,intphys2__same_l__v_jepa_2__vit_l_16__temporal_attn__layer_18,train_eval.probe.intphys2,IntPhys2,intphys2,same_L,V-JEPA 2,ViT-L/16,Attentive,temporal_attn,102,42,jepa_v2,vitl_256,18,,18,tokens,1e-5,0.01,1,1,90,true,20,,,16,1,2,0.20000000000000001,cuda,artifacts/probes/intphys2,seed_runs_layerwise_same_l_attentive_v1/intphys2__same_l__v_jepa_2__vit_l_16__temporal_attn__layer_18/seed_102,artifacts/results/intphys2,seed_runs_layerwise_same_l_attentive_v1/intphys2__same_l__v_jepa_2__vit_l_16__temporal_attn__layer_18/seed_102,seed_runs_layerwise_same_l_attentive_v1_intphys2__same_l__v_jepa_2__vit_l_16__temporal_attn__layer_18,intphys2__same_l__v_jepa_2__vit_l_16__temporal_attn__layer_18__seed_102,pending,,"[""seed=102"",""split.seed=42"",""backbone.name=jepa_v2"",""+backbone.kwargs.variant=vitl_256"",""probe.name=temporal_attn"",""probe.layer=18"",""probe.layers=[]"",""probe.feature_view=tokens"",""probe.device=cuda"",""probe.lr=1e-5"",""probe.weight_decay=0.01"",""probe.batch_size=1"",""probe.eval_batch_size=1"",""probe.epochs=90"",""probe.early_stopping.enabled=true"",""probe.early_stopping.patience=20"",""probe.optuna.enabled=false"",""probe.output_dir=artifacts/probes/intphys2"",""probe.output_subdir=seed_runs_layerwise_same_l_attentive_v1/intphys2__same_l__v_jepa_2__vit_l_16__temporal_attn__layer_18/seed_102"",""probe.eval_output_dir=artifacts/results/intphys2"",""probe.eval_output_subdir=seed_runs_layerwise_same_l_attentive_v1/intphys2__same_l__v_jepa_2__vit_l_16__temporal_attn__layer_18/seed_102"",""probe.wandb.group=seed_runs_layerwise_same_l_attentive_v1_intphys2__same_l__v_jepa_2__vit_l_16__temporal_attn__layer_18"",""probe.wandb.name=intphys2__same_l__v_jepa_2__vit_l_16__temporal_attn__layer_18__seed_102"",""feature_cache.layer_ids=[6,12,18,24]"",""probe.temporal_attn.num_heads=16"",""probe.temporal_attn.num_self_attn_blocks=1"",""probe.temporal_attn.mlp_ratio=2"",""probe.temporal_attn.dropout=0.20000000000000001"",""feature_cache.include_tokens=true""]",results/verified_layerwise_probe_configs.csv,34,36,2813c6dab311383c,VERIFIED_FULL,"{""batch_size"":1,""dropout"":0.2,""early_stopping"":{""enabled"":true,""patience"":20},""epochs"":90,""eval_batch_size"":1,""feature_view"":""tokens"",""layer"":18,""lr"":1e-05,""mlp_ratio"":2.0,""num_heads"":16,""num_self_attn_blocks"":1,""slot"":null,""weight_decay"":0.01}",same_size_ablation/intphys_same_size_ablation/Attentive/intphys2_probe_temporal_attn_jepa_v2_vitl_256_lr_matrix/train_eval_summary.json
intphys2__same_l__v_jepa_2__vit_l_16__temporal_attn__layer_24__seed_101,intphys2__same_l__v_jepa_2__vit_l_16__temporal_attn__layer_24,train_eval.probe.intphys2,IntPhys2,intphys2,same_L,V-JEPA 2,ViT-L/16,Attentive,temporal_attn,101,42,jepa_v2,vitl_256,24,,24,tokens,1e-5,0.01,1,1,90,true,20,,,16,1,2,0.20000000000000001,cuda,artifacts/probes/intphys2,seed_runs_layerwise_same_l_attentive_v1/intphys2__same_l__v_jepa_2__vit_l_16__temporal_attn__layer_24/seed_101,artifacts/results/intphys2,seed_runs_layerwise_same_l_attentive_v1/intphys2__same_l__v_jepa_2__vit_l_16__temporal_attn__layer_24/seed_101,seed_runs_layerwise_same_l_attentive_v1_intphys2__same_l__v_jepa_2__vit_l_16__temporal_attn__layer_24,intphys2__same_l__v_jepa_2__vit_l_16__temporal_attn__layer_24__seed_101,pending,,"[""seed=101"",""split.seed=42"",""backbone.name=jepa_v2"",""+backbone.kwargs.variant=vitl_256"",""probe.name=temporal_attn"",""probe.layer=24"",""probe.layers=[]"",""probe.feature_view=tokens"",""probe.device=cuda"",""probe.lr=1e-5"",""probe.weight_decay=0.01"",""probe.batch_size=1"",""probe.eval_batch_size=1"",""probe.epochs=90"",""probe.early_stopping.enabled=true"",""probe.early_stopping.patience=20"",""probe.optuna.enabled=false"",""probe.output_dir=artifacts/probes/intphys2"",""probe.output_subdir=seed_runs_layerwise_same_l_attentive_v1/intphys2__same_l__v_jepa_2__vit_l_16__temporal_attn__layer_24/seed_101"",""probe.eval_output_dir=artifacts/results/intphys2"",""probe.eval_output_subdir=seed_runs_layerwise_same_l_attentive_v1/intphys2__same_l__v_jepa_2__vit_l_16__temporal_attn__layer_24/seed_101"",""probe.wandb.group=seed_runs_layerwise_same_l_attentive_v1_intphys2__same_l__v_jepa_2__vit_l_16__temporal_attn__layer_24"",""probe.wandb.name=intphys2__same_l__v_jepa_2__vit_l_16__temporal_attn__layer_24__seed_101"",""feature_cache.layer_ids=[6,12,18,24]"",""probe.temporal_attn.num_heads=16"",""probe.temporal_attn.num_self_attn_blocks=1"",""probe.temporal_attn.mlp_ratio=2"",""probe.temporal_attn.dropout=0.20000000000000001"",""feature_cache.include_tokens=true""]",results/verified_layerwise_probe_configs.csv,35,37,d912536abbdb4acb,VERIFIED_FULL,"{""batch_size"":1,""dropout"":0.2,""early_stopping"":{""enabled"":true,""patience"":20},""epochs"":90,""eval_batch_size"":1,""feature_view"":""tokens"",""layer"":24,""lr"":1e-05,""mlp_ratio"":2.0,""num_heads"":16,""num_self_attn_blocks"":1,""slot"":null,""weight_decay"":0.01}",same_size_ablation/intphys_same_size_ablation/Attentive/intphys2_probe_temporal_attn_jepa_v2_vitl_256_lr_matrix/train_eval_summary.json
intphys2__same_l__v_jepa_2__vit_l_16__temporal_attn__layer_24__seed_102,intphys2__same_l__v_jepa_2__vit_l_16__temporal_attn__layer_24,train_eval.probe.intphys2,IntPhys2,intphys2,same_L,V-JEPA 2,ViT-L/16,Attentive,temporal_attn,102,42,jepa_v2,vitl_256,24,,24,tokens,1e-5,0.01,1,1,90,true,20,,,16,1,2,0.20000000000000001,cuda,artifacts/probes/intphys2,seed_runs_layerwise_same_l_attentive_v1/intphys2__same_l__v_jepa_2__vit_l_16__temporal_attn__layer_24/seed_102,artifacts/results/intphys2,seed_runs_layerwise_same_l_attentive_v1/intphys2__same_l__v_jepa_2__vit_l_16__temporal_attn__layer_24/seed_102,seed_runs_layerwise_same_l_attentive_v1_intphys2__same_l__v_jepa_2__vit_l_16__temporal_attn__layer_24,intphys2__same_l__v_jepa_2__vit_l_16__temporal_attn__layer_24__seed_102,pending,,"[""seed=102"",""split.seed=42"",""backbone.name=jepa_v2"",""+backbone.kwargs.variant=vitl_256"",""probe.name=temporal_attn"",""probe.layer=24"",""probe.layers=[]"",""probe.feature_view=tokens"",""probe.device=cuda"",""probe.lr=1e-5"",""probe.weight_decay=0.01"",""probe.batch_size=1"",""probe.eval_batch_size=1"",""probe.epochs=90"",""probe.early_stopping.enabled=true"",""probe.early_stopping.patience=20"",""probe.optuna.enabled=false"",""probe.output_dir=artifacts/probes/intphys2"",""probe.output_subdir=seed_runs_layerwise_same_l_attentive_v1/intphys2__same_l__v_jepa_2__vit_l_16__temporal_attn__layer_24/seed_102"",""probe.eval_output_dir=artifacts/results/intphys2"",""probe.eval_output_subdir=seed_runs_layerwise_same_l_attentive_v1/intphys2__same_l__v_jepa_2__vit_l_16__temporal_attn__layer_24/seed_102"",""probe.wandb.group=seed_runs_layerwise_same_l_attentive_v1_intphys2__same_l__v_jepa_2__vit_l_16__temporal_attn__layer_24"",""probe.wandb.name=intphys2__same_l__v_jepa_2__vit_l_16__temporal_attn__layer_24__seed_102"",""feature_cache.layer_ids=[6,12,18,24]"",""probe.temporal_attn.num_heads=16"",""probe.temporal_attn.num_self_attn_blocks=1"",""probe.temporal_attn.mlp_ratio=2"",""probe.temporal_attn.dropout=0.20000000000000001"",""feature_cache.include_tokens=true""]",results/verified_layerwise_probe_configs.csv,35,37,d912536abbdb4acb,VERIFIED_FULL,"{""batch_size"":1,""dropout"":0.2,""early_stopping"":{""enabled"":true,""patience"":20},""epochs"":90,""eval_batch_size"":1,""feature_view"":""tokens"",""layer"":24,""lr"":1e-05,""mlp_ratio"":2.0,""num_heads"":16,""num_self_attn_blocks"":1,""slot"":null,""weight_decay"":0.01}",same_size_ablation/intphys_same_size_ablation/Attentive/intphys2_probe_temporal_attn_jepa_v2_vitl_256_lr_matrix/train_eval_summary.json
intphys2__same_l__v_jepa_2_1__vit_l_16__temporal_attn__layer_6__seed_101,intphys2__same_l__v_jepa_2_1__vit_l_16__temporal_attn__layer_6,train_eval.probe.intphys2,IntPhys2,intphys2,same_L,V-JEPA 2.1,ViT-L/16,Attentive,temporal_attn,101,42,jepa_v2_1,vitl_384,6,,6,tokens,1e-4,0.01,2,2,90,true,20,,,16,1,2,0.20000000000000001,cuda,artifacts/probes/intphys2,seed_runs_layerwise_same_l_attentive_v1/intphys2__same_l__v_jepa_2_1__vit_l_16__temporal_attn__layer_6/seed_101,artifacts/results/intphys2,seed_runs_layerwise_same_l_attentive_v1/intphys2__same_l__v_jepa_2_1__vit_l_16__temporal_attn__layer_6/seed_101,seed_runs_layerwise_same_l_attentive_v1_intphys2__same_l__v_jepa_2_1__vit_l_16__temporal_attn__layer_6,intphys2__same_l__v_jepa_2_1__vit_l_16__temporal_attn__layer_6__seed_101,pending,,"[""seed=101"",""split.seed=42"",""backbone.name=jepa_v2_1"",""+backbone.kwargs.variant=vitl_384"",""probe.name=temporal_attn"",""probe.layer=6"",""probe.layers=[]"",""probe.feature_view=tokens"",""probe.device=cuda"",""probe.lr=1e-4"",""probe.weight_decay=0.01"",""probe.batch_size=2"",""probe.eval_batch_size=2"",""probe.epochs=90"",""probe.early_stopping.enabled=true"",""probe.early_stopping.patience=20"",""probe.optuna.enabled=false"",""probe.output_dir=artifacts/probes/intphys2"",""probe.output_subdir=seed_runs_layerwise_same_l_attentive_v1/intphys2__same_l__v_jepa_2_1__vit_l_16__temporal_attn__layer_6/seed_101"",""probe.eval_output_dir=artifacts/results/intphys2"",""probe.eval_output_subdir=seed_runs_layerwise_same_l_attentive_v1/intphys2__same_l__v_jepa_2_1__vit_l_16__temporal_attn__layer_6/seed_101"",""probe.wandb.group=seed_runs_layerwise_same_l_attentive_v1_intphys2__same_l__v_jepa_2_1__vit_l_16__temporal_attn__layer_6"",""probe.wandb.name=intphys2__same_l__v_jepa_2_1__vit_l_16__temporal_attn__layer_6__seed_101"",""feature_cache.layer_ids=[6,12,18,24]"",""probe.temporal_attn.num_heads=16"",""probe.temporal_attn.num_self_attn_blocks=1"",""probe.temporal_attn.mlp_ratio=2"",""probe.temporal_attn.dropout=0.20000000000000001"",""feature_cache.include_tokens=true""]",results/verified_layerwise_probe_configs.csv,68,70,cc0162490412f155,VERIFIED_FULL,"{""batch_size"":2,""dropout"":0.2,""early_stopping"":{""enabled"":true,""patience"":20},""epochs"":90,""eval_batch_size"":2,""feature_view"":""tokens"",""layer"":6,""lr"":0.0001,""mlp_ratio"":2.0,""num_heads"":16,""num_self_attn_blocks"":1,""slot"":null,""weight_decay"":0.01}",same_size_ablation/intphys_same_size_ablation/Attentive/intphys2_probe_temporal_attn_jepa_v2_1_vitl_384_lr_matrix/train_eval_summary.json
intphys2__same_l__v_jepa_2_1__vit_l_16__temporal_attn__layer_6__seed_102,intphys2__same_l__v_jepa_2_1__vit_l_16__temporal_attn__layer_6,train_eval.probe.intphys2,IntPhys2,intphys2,same_L,V-JEPA 2.1,ViT-L/16,Attentive,temporal_attn,102,42,jepa_v2_1,vitl_384,6,,6,tokens,1e-4,0.01,2,2,90,true,20,,,16,1,2,0.20000000000000001,cuda,artifacts/probes/intphys2,seed_runs_layerwise_same_l_attentive_v1/intphys2__same_l__v_jepa_2_1__vit_l_16__temporal_attn__layer_6/seed_102,artifacts/results/intphys2,seed_runs_layerwise_same_l_attentive_v1/intphys2__same_l__v_jepa_2_1__vit_l_16__temporal_attn__layer_6/seed_102,seed_runs_layerwise_same_l_attentive_v1_intphys2__same_l__v_jepa_2_1__vit_l_16__temporal_attn__layer_6,intphys2__same_l__v_jepa_2_1__vit_l_16__temporal_attn__layer_6__seed_102,pending,,"[""seed=102"",""split.seed=42"",""backbone.name=jepa_v2_1"",""+backbone.kwargs.variant=vitl_384"",""probe.name=temporal_attn"",""probe.layer=6"",""probe.layers=[]"",""probe.feature_view=tokens"",""probe.device=cuda"",""probe.lr=1e-4"",""probe.weight_decay=0.01"",""probe.batch_size=2"",""probe.eval_batch_size=2"",""probe.epochs=90"",""probe.early_stopping.enabled=true"",""probe.early_stopping.patience=20"",""probe.optuna.enabled=false"",""probe.output_dir=artifacts/probes/intphys2"",""probe.output_subdir=seed_runs_layerwise_same_l_attentive_v1/intphys2__same_l__v_jepa_2_1__vit_l_16__temporal_attn__layer_6/seed_102"",""probe.eval_output_dir=artifacts/results/intphys2"",""probe.eval_output_subdir=seed_runs_layerwise_same_l_attentive_v1/intphys2__same_l__v_jepa_2_1__vit_l_16__temporal_attn__layer_6/seed_102"",""probe.wandb.group=seed_runs_layerwise_same_l_attentive_v1_intphys2__same_l__v_jepa_2_1__vit_l_16__temporal_attn__layer_6"",""probe.wandb.name=intphys2__same_l__v_jepa_2_1__vit_l_16__temporal_attn__layer_6__seed_102"",""feature_cache.layer_ids=[6,12,18,24]"",""probe.temporal_attn.num_heads=16"",""probe.temporal_attn.num_self_attn_blocks=1"",""probe.temporal_attn.mlp_ratio=2"",""probe.temporal_attn.dropout=0.20000000000000001"",""feature_cache.include_tokens=true""]",results/verified_layerwise_probe_configs.csv,68,70,cc0162490412f155,VERIFIED_FULL,"{""batch_size"":2,""dropout"":0.2,""early_stopping"":{""enabled"":true,""patience"":20},""epochs"":90,""eval_batch_size"":2,""feature_view"":""tokens"",""layer"":6,""lr"":0.0001,""mlp_ratio"":2.0,""num_heads"":16,""num_self_attn_blocks"":1,""slot"":null,""weight_decay"":0.01}",same_size_ablation/intphys_same_size_ablation/Attentive/intphys2_probe_temporal_attn_jepa_v2_1_vitl_384_lr_matrix/train_eval_summary.json
intphys2__same_l__v_jepa_2_1__vit_l_16__temporal_attn__layer_12__seed_101,intphys2__same_l__v_jepa_2_1__vit_l_16__temporal_attn__layer_12,train_eval.probe.intphys2,IntPhys2,intphys2,same_L,V-JEPA 2.1,ViT-L/16,Attentive,temporal_attn,101,42,jepa_v2_1,vitl_384,12,,12,tokens,1e-4,0.01,2,2,90,true,20,,,16,1,2,0.20000000000000001,cuda,artifacts/probes/intphys2,seed_runs_layerwise_same_l_attentive_v1/intphys2__same_l__v_jepa_2_1__vit_l_16__temporal_attn__layer_12/seed_101,artifacts/results/intphys2,seed_runs_layerwise_same_l_attentive_v1/intphys2__same_l__v_jepa_2_1__vit_l_16__temporal_attn__layer_12/seed_101,seed_runs_layerwise_same_l_attentive_v1_intphys2__same_l__v_jepa_2_1__vit_l_16__temporal_attn__layer_12,intphys2__same_l__v_jepa_2_1__vit_l_16__temporal_attn__layer_12__seed_101,pending,,"[""seed=101"",""split.seed=42"",""backbone.name=jepa_v2_1"",""+backbone.kwargs.variant=vitl_384"",""probe.name=temporal_attn"",""probe.layer=12"",""probe.layers=[]"",""probe.feature_view=tokens"",""probe.device=cuda"",""probe.lr=1e-4"",""probe.weight_decay=0.01"",""probe.batch_size=2"",""probe.eval_batch_size=2"",""probe.epochs=90"",""probe.early_stopping.enabled=true"",""probe.early_stopping.patience=20"",""probe.optuna.enabled=false"",""probe.output_dir=artifacts/probes/intphys2"",""probe.output_subdir=seed_runs_layerwise_same_l_attentive_v1/intphys2__same_l__v_jepa_2_1__vit_l_16__temporal_attn__layer_12/seed_101"",""probe.eval_output_dir=artifacts/results/intphys2"",""probe.eval_output_subdir=seed_runs_layerwise_same_l_attentive_v1/intphys2__same_l__v_jepa_2_1__vit_l_16__temporal_attn__layer_12/seed_101"",""probe.wandb.group=seed_runs_layerwise_same_l_attentive_v1_intphys2__same_l__v_jepa_2_1__vit_l_16__temporal_attn__layer_12"",""probe.wandb.name=intphys2__same_l__v_jepa_2_1__vit_l_16__temporal_attn__layer_12__seed_101"",""feature_cache.layer_ids=[6,12,18,24]"",""probe.temporal_attn.num_heads=16"",""probe.temporal_attn.num_self_attn_blocks=1"",""probe.temporal_attn.mlp_ratio=2"",""probe.temporal_attn.dropout=0.20000000000000001"",""feature_cache.include_tokens=true""]",results/verified_layerwise_probe_configs.csv,69,71,4a901864cdcc6f28,VERIFIED_FULL,"{""batch_size"":2,""dropout"":0.2,""early_stopping"":{""enabled"":true,""patience"":20},""epochs"":90,""eval_batch_size"":2,""feature_view"":""tokens"",""layer"":12,""lr"":0.0001,""mlp_ratio"":2.0,""num_heads"":16,""num_self_attn_blocks"":1,""slot"":null,""weight_decay"":0.01}",same_size_ablation/intphys_same_size_ablation/Attentive/intphys2_probe_temporal_attn_jepa_v2_1_vitl_384_lr_matrix/train_eval_summary.json
intphys2__same_l__v_jepa_2_1__vit_l_16__temporal_attn__layer_12__seed_102,intphys2__same_l__v_jepa_2_1__vit_l_16__temporal_attn__layer_12,train_eval.probe.intphys2,IntPhys2,intphys2,same_L,V-JEPA 2.1,ViT-L/16,Attentive,temporal_attn,102,42,jepa_v2_1,vitl_384,12,,12,tokens,1e-4,0.01,2,2,90,true,20,,,16,1,2,0.20000000000000001,cuda,artifacts/probes/intphys2,seed_runs_layerwise_same_l_attentive_v1/intphys2__same_l__v_jepa_2_1__vit_l_16__temporal_attn__layer_12/seed_102,artifacts/results/intphys2,seed_runs_layerwise_same_l_attentive_v1/intphys2__same_l__v_jepa_2_1__vit_l_16__temporal_attn__layer_12/seed_102,seed_runs_layerwise_same_l_attentive_v1_intphys2__same_l__v_jepa_2_1__vit_l_16__temporal_attn__layer_12,intphys2__same_l__v_jepa_2_1__vit_l_16__temporal_attn__layer_12__seed_102,pending,,"[""seed=102"",""split.seed=42"",""backbone.name=jepa_v2_1"",""+backbone.kwargs.variant=vitl_384"",""probe.name=temporal_attn"",""probe.layer=12"",""probe.layers=[]"",""probe.feature_view=tokens"",""probe.device=cuda"",""probe.lr=1e-4"",""probe.weight_decay=0.01"",""probe.batch_size=2"",""probe.eval_batch_size=2"",""probe.epochs=90"",""probe.early_stopping.enabled=true"",""probe.early_stopping.patience=20"",""probe.optuna.enabled=false"",""probe.output_dir=artifacts/probes/intphys2"",""probe.output_subdir=seed_runs_layerwise_same_l_attentive_v1/intphys2__same_l__v_jepa_2_1__vit_l_16__temporal_attn__layer_12/seed_102"",""probe.eval_output_dir=artifacts/results/intphys2"",""probe.eval_output_subdir=seed_runs_layerwise_same_l_attentive_v1/intphys2__same_l__v_jepa_2_1__vit_l_16__temporal_attn__layer_12/seed_102"",""probe.wandb.group=seed_runs_layerwise_same_l_attentive_v1_intphys2__same_l__v_jepa_2_1__vit_l_16__temporal_attn__layer_12"",""probe.wandb.name=intphys2__same_l__v_jepa_2_1__vit_l_16__temporal_attn__layer_12__seed_102"",""feature_cache.layer_ids=[6,12,18,24]"",""probe.temporal_attn.num_heads=16"",""probe.temporal_attn.num_self_attn_blocks=1"",""probe.temporal_attn.mlp_ratio=2"",""probe.temporal_attn.dropout=0.20000000000000001"",""feature_cache.include_tokens=true""]",results/verified_layerwise_probe_configs.csv,69,71,4a901864cdcc6f28,VERIFIED_FULL,"{""batch_size"":2,""dropout"":0.2,""early_stopping"":{""enabled"":true,""patience"":20},""epochs"":90,""eval_batch_size"":2,""feature_view"":""tokens"",""layer"":12,""lr"":0.0001,""mlp_ratio"":2.0,""num_heads"":16,""num_self_attn_blocks"":1,""slot"":null,""weight_decay"":0.01}",same_size_ablation/intphys_same_size_ablation/Attentive/intphys2_probe_temporal_attn_jepa_v2_1_vitl_384_lr_matrix/train_eval_summary.json
intphys2__same_l__v_jepa_2_1__vit_l_16__temporal_attn__layer_18__seed_101,intphys2__same_l__v_jepa_2_1__vit_l_16__temporal_attn__layer_18,train_eval.probe.intphys2,IntPhys2,intphys2,same_L,V-JEPA 2.1,ViT-L/16,Attentive,temporal_attn,101,42,jepa_v2_1,vitl_384,18,,18,tokens,5e-5,0.01,2,2,90,true,20,,,16,1,2,0.20000000000000001,cuda,artifacts/probes/intphys2,seed_runs_layerwise_same_l_attentive_v1/intphys2__same_l__v_jepa_2_1__vit_l_16__temporal_attn__layer_18/seed_101,artifacts/results/intphys2,seed_runs_layerwise_same_l_attentive_v1/intphys2__same_l__v_jepa_2_1__vit_l_16__temporal_attn__layer_18/seed_101,seed_runs_layerwise_same_l_attentive_v1_intphys2__same_l__v_jepa_2_1__vit_l_16__temporal_attn__layer_18,intphys2__same_l__v_jepa_2_1__vit_l_16__temporal_attn__layer_18__seed_101,pending,,"[""seed=101"",""split.seed=42"",""backbone.name=jepa_v2_1"",""+backbone.kwargs.variant=vitl_384"",""probe.name=temporal_attn"",""probe.layer=18"",""probe.layers=[]"",""probe.feature_view=tokens"",""probe.device=cuda"",""probe.lr=5e-5"",""probe.weight_decay=0.01"",""probe.batch_size=2"",""probe.eval_batch_size=2"",""probe.epochs=90"",""probe.early_stopping.enabled=true"",""probe.early_stopping.patience=20"",""probe.optuna.enabled=false"",""probe.output_dir=artifacts/probes/intphys2"",""probe.output_subdir=seed_runs_layerwise_same_l_attentive_v1/intphys2__same_l__v_jepa_2_1__vit_l_16__temporal_attn__layer_18/seed_101"",""probe.eval_output_dir=artifacts/results/intphys2"",""probe.eval_output_subdir=seed_runs_layerwise_same_l_attentive_v1/intphys2__same_l__v_jepa_2_1__vit_l_16__temporal_attn__layer_18/seed_101"",""probe.wandb.group=seed_runs_layerwise_same_l_attentive_v1_intphys2__same_l__v_jepa_2_1__vit_l_16__temporal_attn__layer_18"",""probe.wandb.name=intphys2__same_l__v_jepa_2_1__vit_l_16__temporal_attn__layer_18__seed_101"",""feature_cache.layer_ids=[6,12,18,24]"",""probe.temporal_attn.num_heads=16"",""probe.temporal_attn.num_self_attn_blocks=1"",""probe.temporal_attn.mlp_ratio=2"",""probe.temporal_attn.dropout=0.20000000000000001"",""feature_cache.include_tokens=true""]",results/verified_layerwise_probe_configs.csv,70,72,1924bd55fcd1d837,VERIFIED_FULL,"{""batch_size"":2,""dropout"":0.2,""early_stopping"":{""enabled"":true,""patience"":20},""epochs"":90,""eval_batch_size"":2,""feature_view"":""tokens"",""layer"":18,""lr"":5e-05,""mlp_ratio"":2.0,""num_heads"":16,""num_self_attn_blocks"":1,""slot"":null,""weight_decay"":0.01}",same_size_ablation/intphys_same_size_ablation/Attentive/intphys2_probe_temporal_attn_jepa_v2_1_vitl_384_lr_matrix/train_eval_summary.json
intphys2__same_l__v_jepa_2_1__vit_l_16__temporal_attn__layer_18__seed_102,intphys2__same_l__v_jepa_2_1__vit_l_16__temporal_attn__layer_18,train_eval.probe.intphys2,IntPhys2,intphys2,same_L,V-JEPA 2.1,ViT-L/16,Attentive,temporal_attn,102,42,jepa_v2_1,vitl_384,18,,18,tokens,5e-5,0.01,2,2,90,true,20,,,16,1,2,0.20000000000000001,cuda,artifacts/probes/intphys2,seed_runs_layerwise_same_l_attentive_v1/intphys2__same_l__v_jepa_2_1__vit_l_16__temporal_attn__layer_18/seed_102,artifacts/results/intphys2,seed_runs_layerwise_same_l_attentive_v1/intphys2__same_l__v_jepa_2_1__vit_l_16__temporal_attn__layer_18/seed_102,seed_runs_layerwise_same_l_attentive_v1_intphys2__same_l__v_jepa_2_1__vit_l_16__temporal_attn__layer_18,intphys2__same_l__v_jepa_2_1__vit_l_16__temporal_attn__layer_18__seed_102,pending,,"[""seed=102"",""split.seed=42"",""backbone.name=jepa_v2_1"",""+backbone.kwargs.variant=vitl_384"",""probe.name=temporal_attn"",""probe.layer=18"",""probe.layers=[]"",""probe.feature_view=tokens"",""probe.device=cuda"",""probe.lr=5e-5"",""probe.weight_decay=0.01"",""probe.batch_size=2"",""probe.eval_batch_size=2"",""probe.epochs=90"",""probe.early_stopping.enabled=true"",""probe.early_stopping.patience=20"",""probe.optuna.enabled=false"",""probe.output_dir=artifacts/probes/intphys2"",""probe.output_subdir=seed_runs_layerwise_same_l_attentive_v1/intphys2__same_l__v_jepa_2_1__vit_l_16__temporal_attn__layer_18/seed_102"",""probe.eval_output_dir=artifacts/results/intphys2"",""probe.eval_output_subdir=seed_runs_layerwise_same_l_attentive_v1/intphys2__same_l__v_jepa_2_1__vit_l_16__temporal_attn__layer_18/seed_102"",""probe.wandb.group=seed_runs_layerwise_same_l_attentive_v1_intphys2__same_l__v_jepa_2_1__vit_l_16__temporal_attn__layer_18"",""probe.wandb.name=intphys2__same_l__v_jepa_2_1__vit_l_16__temporal_attn__layer_18__seed_102"",""feature_cache.layer_ids=[6,12,18,24]"",""probe.temporal_attn.num_heads=16"",""probe.temporal_attn.num_self_attn_blocks=1"",""probe.temporal_attn.mlp_ratio=2"",""probe.temporal_attn.dropout=0.20000000000000001"",""feature_cache.include_tokens=true""]",results/verified_layerwise_probe_configs.csv,70,72,1924bd55fcd1d837,VERIFIED_FULL,"{""batch_size"":2,""dropout"":0.2,""early_stopping"":{""enabled"":true,""patience"":20},""epochs"":90,""eval_batch_size"":2,""feature_view"":""tokens"",""layer"":18,""lr"":5e-05,""mlp_ratio"":2.0,""num_heads"":16,""num_self_attn_blocks"":1,""slot"":null,""weight_decay"":0.01}",same_size_ablation/intphys_same_size_ablation/Attentive/intphys2_probe_temporal_attn_jepa_v2_1_vitl_384_lr_matrix/train_eval_summary.json
intphys2__same_l__v_jepa_2_1__vit_l_16__temporal_attn__layer_24__seed_101,intphys2__same_l__v_jepa_2_1__vit_l_16__temporal_attn__layer_24,train_eval.probe.intphys2,IntPhys2,intphys2,same_L,V-JEPA 2.1,ViT-L/16,Attentive,temporal_attn,101,42,jepa_v2_1,vitl_384,24,,24,tokens,5e-5,0.01,2,2,90,true,20,,,16,1,2,0.20000000000000001,cuda,artifacts/probes/intphys2,seed_runs_layerwise_same_l_attentive_v1/intphys2__same_l__v_jepa_2_1__vit_l_16__temporal_attn__layer_24/seed_101,artifacts/results/intphys2,seed_runs_layerwise_same_l_attentive_v1/intphys2__same_l__v_jepa_2_1__vit_l_16__temporal_attn__layer_24/seed_101,seed_runs_layerwise_same_l_attentive_v1_intphys2__same_l__v_jepa_2_1__vit_l_16__temporal_attn__layer_24,intphys2__same_l__v_jepa_2_1__vit_l_16__temporal_attn__layer_24__seed_101,pending,,"[""seed=101"",""split.seed=42"",""backbone.name=jepa_v2_1"",""+backbone.kwargs.variant=vitl_384"",""probe.name=temporal_attn"",""probe.layer=24"",""probe.layers=[]"",""probe.feature_view=tokens"",""probe.device=cuda"",""probe.lr=5e-5"",""probe.weight_decay=0.01"",""probe.batch_size=2"",""probe.eval_batch_size=2"",""probe.epochs=90"",""probe.early_stopping.enabled=true"",""probe.early_stopping.patience=20"",""probe.optuna.enabled=false"",""probe.output_dir=artifacts/probes/intphys2"",""probe.output_subdir=seed_runs_layerwise_same_l_attentive_v1/intphys2__same_l__v_jepa_2_1__vit_l_16__temporal_attn__layer_24/seed_101"",""probe.eval_output_dir=artifacts/results/intphys2"",""probe.eval_output_subdir=seed_runs_layerwise_same_l_attentive_v1/intphys2__same_l__v_jepa_2_1__vit_l_16__temporal_attn__layer_24/seed_101"",""probe.wandb.group=seed_runs_layerwise_same_l_attentive_v1_intphys2__same_l__v_jepa_2_1__vit_l_16__temporal_attn__layer_24"",""probe.wandb.name=intphys2__same_l__v_jepa_2_1__vit_l_16__temporal_attn__layer_24__seed_101"",""feature_cache.layer_ids=[6,12,18,24]"",""probe.temporal_attn.num_heads=16"",""probe.temporal_attn.num_self_attn_blocks=1"",""probe.temporal_attn.mlp_ratio=2"",""probe.temporal_attn.dropout=0.20000000000000001"",""feature_cache.include_tokens=true""]",results/verified_layerwise_probe_configs.csv,71,73,44343b72c5616974,VERIFIED_FULL,"{""batch_size"":2,""dropout"":0.2,""early_stopping"":{""enabled"":true,""patience"":20},""epochs"":90,""eval_batch_size"":2,""feature_view"":""tokens"",""layer"":24,""lr"":5e-05,""mlp_ratio"":2.0,""num_heads"":16,""num_self_attn_blocks"":1,""slot"":null,""weight_decay"":0.01}",same_size_ablation/intphys_same_size_ablation/Attentive/intphys2_probe_temporal_attn_jepa_v2_1_vitl_384_lr_matrix/train_eval_summary.json
intphys2__same_l__v_jepa_2_1__vit_l_16__temporal_attn__layer_24__seed_102,intphys2__same_l__v_jepa_2_1__vit_l_16__temporal_attn__layer_24,train_eval.probe.intphys2,IntPhys2,intphys2,same_L,V-JEPA 2.1,ViT-L/16,Attentive,temporal_attn,102,42,jepa_v2_1,vitl_384,24,,24,tokens,5e-5,0.01,2,2,90,true,20,,,16,1,2,0.20000000000000001,cuda,artifacts/probes/intphys2,seed_runs_layerwise_same_l_attentive_v1/intphys2__same_l__v_jepa_2_1__vit_l_16__temporal_attn__layer_24/seed_102,artifacts/results/intphys2,seed_runs_layerwise_same_l_attentive_v1/intphys2__same_l__v_jepa_2_1__vit_l_16__temporal_attn__layer_24/seed_102,seed_runs_layerwise_same_l_attentive_v1_intphys2__same_l__v_jepa_2_1__vit_l_16__temporal_attn__layer_24,intphys2__same_l__v_jepa_2_1__vit_l_16__temporal_attn__layer_24__seed_102,pending,,"[""seed=102"",""split.seed=42"",""backbone.name=jepa_v2_1"",""+backbone.kwargs.variant=vitl_384"",""probe.name=temporal_attn"",""probe.layer=24"",""probe.layers=[]"",""probe.feature_view=tokens"",""probe.device=cuda"",""probe.lr=5e-5"",""probe.weight_decay=0.01"",""probe.batch_size=2"",""probe.eval_batch_size=2"",""probe.epochs=90"",""probe.early_stopping.enabled=true"",""probe.early_stopping.patience=20"",""probe.optuna.enabled=false"",""probe.output_dir=artifacts/probes/intphys2"",""probe.output_subdir=seed_runs_layerwise_same_l_attentive_v1/intphys2__same_l__v_jepa_2_1__vit_l_16__temporal_attn__layer_24/seed_102"",""probe.eval_output_dir=artifacts/results/intphys2"",""probe.eval_output_subdir=seed_runs_layerwise_same_l_attentive_v1/intphys2__same_l__v_jepa_2_1__vit_l_16__temporal_attn__layer_24/seed_102"",""probe.wandb.group=seed_runs_layerwise_same_l_attentive_v1_intphys2__same_l__v_jepa_2_1__vit_l_16__temporal_attn__layer_24"",""probe.wandb.name=intphys2__same_l__v_jepa_2_1__vit_l_16__temporal_attn__layer_24__seed_102"",""feature_cache.layer_ids=[6,12,18,24]"",""probe.temporal_attn.num_heads=16"",""probe.temporal_attn.num_self_attn_blocks=1"",""probe.temporal_attn.mlp_ratio=2"",""probe.temporal_attn.dropout=0.20000000000000001"",""feature_cache.include_tokens=true""]",results/verified_layerwise_probe_configs.csv,71,73,44343b72c5616974,VERIFIED_FULL,"{""batch_size"":2,""dropout"":0.2,""early_stopping"":{""enabled"":true,""patience"":20},""epochs"":90,""eval_batch_size"":2,""feature_view"":""tokens"",""layer"":24,""lr"":5e-05,""mlp_ratio"":2.0,""num_heads"":16,""num_self_attn_blocks"":1,""slot"":null,""weight_decay"":0.01}",same_size_ablation/intphys_same_size_ablation/Attentive/intphys2_probe_temporal_attn_jepa_v2_1_vitl_384_lr_matrix/train_eval_summary.json
intphys2__same_l__videomae__vit_l_16__temporal_attn__layer_6__seed_101,intphys2__same_l__videomae__vit_l_16__temporal_attn__layer_6,train_eval.probe.intphys2,IntPhys2,intphys2,same_L,VideoMAE,ViT-L/16,Attentive,temporal_attn,101,42,videomae,vit_large_16_224,6,,6,tokens,5e-4,0.01,1,1,90,true,20,,,16,1,2,0.20000000000000001,cuda,artifacts/probes/intphys2,seed_runs_layerwise_same_l_attentive_v1/intphys2__same_l__videomae__vit_l_16__temporal_attn__layer_6/seed_101,artifacts/results/intphys2,seed_runs_layerwise_same_l_attentive_v1/intphys2__same_l__videomae__vit_l_16__temporal_attn__layer_6/seed_101,seed_runs_layerwise_same_l_attentive_v1_intphys2__same_l__videomae__vit_l_16__temporal_attn__layer_6,intphys2__same_l__videomae__vit_l_16__temporal_attn__layer_6__seed_101,pending,,"[""seed=101"",""split.seed=42"",""backbone.name=videomae"",""+backbone.kwargs.variant=vit_large_16_224"",""probe.name=temporal_attn"",""probe.layer=6"",""probe.layers=[]"",""probe.feature_view=tokens"",""probe.device=cuda"",""probe.lr=5e-4"",""probe.weight_decay=0.01"",""probe.batch_size=1"",""probe.eval_batch_size=1"",""probe.epochs=90"",""probe.early_stopping.enabled=true"",""probe.early_stopping.patience=20"",""probe.optuna.enabled=false"",""probe.output_dir=artifacts/probes/intphys2"",""probe.output_subdir=seed_runs_layerwise_same_l_attentive_v1/intphys2__same_l__videomae__vit_l_16__temporal_attn__layer_6/seed_101"",""probe.eval_output_dir=artifacts/results/intphys2"",""probe.eval_output_subdir=seed_runs_layerwise_same_l_attentive_v1/intphys2__same_l__videomae__vit_l_16__temporal_attn__layer_6/seed_101"",""probe.wandb.group=seed_runs_layerwise_same_l_attentive_v1_intphys2__same_l__videomae__vit_l_16__temporal_attn__layer_6"",""probe.wandb.name=intphys2__same_l__videomae__vit_l_16__temporal_attn__layer_6__seed_101"",""feature_cache.layer_ids=[6,12,18,24]"",""probe.temporal_attn.num_heads=16"",""probe.temporal_attn.num_self_attn_blocks=1"",""probe.temporal_attn.mlp_ratio=2"",""probe.temporal_attn.dropout=0.20000000000000001"",""feature_cache.include_tokens=true""]",results/verified_layerwise_probe_configs.csv,104,106,078640d2d3b2d0ad,VERIFIED_FULL,"{""batch_size"":1,""dropout"":0.2,""early_stopping"":{""enabled"":true,""patience"":20},""epochs"":90,""eval_batch_size"":1,""feature_view"":""tokens"",""layer"":6,""lr"":0.0005,""mlp_ratio"":2.0,""num_heads"":16,""num_self_attn_blocks"":1,""slot"":null,""weight_decay"":0.01}",same_size_ablation/intphys_same_size_ablation/Attentive/intphys2_probe_temporal_attn_videomae_vit_large_16_224_lr_matrix/train_eval_summary.json
intphys2__same_l__videomae__vit_l_16__temporal_attn__layer_6__seed_102,intphys2__same_l__videomae__vit_l_16__temporal_attn__layer_6,train_eval.probe.intphys2,IntPhys2,intphys2,same_L,VideoMAE,ViT-L/16,Attentive,temporal_attn,102,42,videomae,vit_large_16_224,6,,6,tokens,5e-4,0.01,1,1,90,true,20,,,16,1,2,0.20000000000000001,cuda,artifacts/probes/intphys2,seed_runs_layerwise_same_l_attentive_v1/intphys2__same_l__videomae__vit_l_16__temporal_attn__layer_6/seed_102,artifacts/results/intphys2,seed_runs_layerwise_same_l_attentive_v1/intphys2__same_l__videomae__vit_l_16__temporal_attn__layer_6/seed_102,seed_runs_layerwise_same_l_attentive_v1_intphys2__same_l__videomae__vit_l_16__temporal_attn__layer_6,intphys2__same_l__videomae__vit_l_16__temporal_attn__layer_6__seed_102,pending,,"[""seed=102"",""split.seed=42"",""backbone.name=videomae"",""+backbone.kwargs.variant=vit_large_16_224"",""probe.name=temporal_attn"",""probe.layer=6"",""probe.layers=[]"",""probe.feature_view=tokens"",""probe.device=cuda"",""probe.lr=5e-4"",""probe.weight_decay=0.01"",""probe.batch_size=1"",""probe.eval_batch_size=1"",""probe.epochs=90"",""probe.early_stopping.enabled=true"",""probe.early_stopping.patience=20"",""probe.optuna.enabled=false"",""probe.output_dir=artifacts/probes/intphys2"",""probe.output_subdir=seed_runs_layerwise_same_l_attentive_v1/intphys2__same_l__videomae__vit_l_16__temporal_attn__layer_6/seed_102"",""probe.eval_output_dir=artifacts/results/intphys2"",""probe.eval_output_subdir=seed_runs_layerwise_same_l_attentive_v1/intphys2__same_l__videomae__vit_l_16__temporal_attn__layer_6/seed_102"",""probe.wandb.group=seed_runs_layerwise_same_l_attentive_v1_intphys2__same_l__videomae__vit_l_16__temporal_attn__layer_6"",""probe.wandb.name=intphys2__same_l__videomae__vit_l_16__temporal_attn__layer_6__seed_102"",""feature_cache.layer_ids=[6,12,18,24]"",""probe.temporal_attn.num_heads=16"",""probe.temporal_attn.num_self_attn_blocks=1"",""probe.temporal_attn.mlp_ratio=2"",""probe.temporal_attn.dropout=0.20000000000000001"",""feature_cache.include_tokens=true""]",results/verified_layerwise_probe_configs.csv,104,106,078640d2d3b2d0ad,VERIFIED_FULL,"{""batch_size"":1,""dropout"":0.2,""early_stopping"":{""enabled"":true,""patience"":20},""epochs"":90,""eval_batch_size"":1,""feature_view"":""tokens"",""layer"":6,""lr"":0.0005,""mlp_ratio"":2.0,""num_heads"":16,""num_self_attn_blocks"":1,""slot"":null,""weight_decay"":0.01}",same_size_ablation/intphys_same_size_ablation/Attentive/intphys2_probe_temporal_attn_videomae_vit_large_16_224_lr_matrix/train_eval_summary.json
intphys2__same_l__videomae__vit_l_16__temporal_attn__layer_12__seed_101,intphys2__same_l__videomae__vit_l_16__temporal_attn__layer_12,train_eval.probe.intphys2,IntPhys2,intphys2,same_L,VideoMAE,ViT-L/16,Attentive,temporal_attn,101,42,videomae,vit_large_16_224,12,,12,tokens,5e-4,0.01,1,1,90,true,20,,,16,1,2,0.20000000000000001,cuda,artifacts/probes/intphys2,seed_runs_layerwise_same_l_attentive_v1/intphys2__same_l__videomae__vit_l_16__temporal_attn__layer_12/seed_101,artifacts/results/intphys2,seed_runs_layerwise_same_l_attentive_v1/intphys2__same_l__videomae__vit_l_16__temporal_attn__layer_12/seed_101,seed_runs_layerwise_same_l_attentive_v1_intphys2__same_l__videomae__vit_l_16__temporal_attn__layer_12,intphys2__same_l__videomae__vit_l_16__temporal_attn__layer_12__seed_101,pending,,"[""seed=101"",""split.seed=42"",""backbone.name=videomae"",""+backbone.kwargs.variant=vit_large_16_224"",""probe.name=temporal_attn"",""probe.layer=12"",""probe.layers=[]"",""probe.feature_view=tokens"",""probe.device=cuda"",""probe.lr=5e-4"",""probe.weight_decay=0.01"",""probe.batch_size=1"",""probe.eval_batch_size=1"",""probe.epochs=90"",""probe.early_stopping.enabled=true"",""probe.early_stopping.patience=20"",""probe.optuna.enabled=false"",""probe.output_dir=artifacts/probes/intphys2"",""probe.output_subdir=seed_runs_layerwise_same_l_attentive_v1/intphys2__same_l__videomae__vit_l_16__temporal_attn__layer_12/seed_101"",""probe.eval_output_dir=artifacts/results/intphys2"",""probe.eval_output_subdir=seed_runs_layerwise_same_l_attentive_v1/intphys2__same_l__videomae__vit_l_16__temporal_attn__layer_12/seed_101"",""probe.wandb.group=seed_runs_layerwise_same_l_attentive_v1_intphys2__same_l__videomae__vit_l_16__temporal_attn__layer_12"",""probe.wandb.name=intphys2__same_l__videomae__vit_l_16__temporal_attn__layer_12__seed_101"",""feature_cache.layer_ids=[6,12,18,24]"",""probe.temporal_attn.num_heads=16"",""probe.temporal_attn.num_self_attn_blocks=1"",""probe.temporal_attn.mlp_ratio=2"",""probe.temporal_attn.dropout=0.20000000000000001"",""feature_cache.include_tokens=true""]",results/verified_layerwise_probe_configs.csv,105,107,21a40c569a39eee9,VERIFIED_FULL,"{""batch_size"":1,""dropout"":0.2,""early_stopping"":{""enabled"":true,""patience"":20},""epochs"":90,""eval_batch_size"":1,""feature_view"":""tokens"",""layer"":12,""lr"":0.0005,""mlp_ratio"":2.0,""num_heads"":16,""num_self_attn_blocks"":1,""slot"":null,""weight_decay"":0.01}",same_size_ablation/intphys_same_size_ablation/Attentive/intphys2_probe_temporal_attn_videomae_vit_large_16_224_lr_matrix/train_eval_summary.json
intphys2__same_l__videomae__vit_l_16__temporal_attn__layer_12__seed_102,intphys2__same_l__videomae__vit_l_16__temporal_attn__layer_12,train_eval.probe.intphys2,IntPhys2,intphys2,same_L,VideoMAE,ViT-L/16,Attentive,temporal_attn,102,42,videomae,vit_large_16_224,12,,12,tokens,5e-4,0.01,1,1,90,true,20,,,16,1,2,0.20000000000000001,cuda,artifacts/probes/intphys2,seed_runs_layerwise_same_l_attentive_v1/intphys2__same_l__videomae__vit_l_16__temporal_attn__layer_12/seed_102,artifacts/results/intphys2,seed_runs_layerwise_same_l_attentive_v1/intphys2__same_l__videomae__vit_l_16__temporal_attn__layer_12/seed_102,seed_runs_layerwise_same_l_attentive_v1_intphys2__same_l__videomae__vit_l_16__temporal_attn__layer_12,intphys2__same_l__videomae__vit_l_16__temporal_attn__layer_12__seed_102,pending,,"[""seed=102"",""split.seed=42"",""backbone.name=videomae"",""+backbone.kwargs.variant=vit_large_16_224"",""probe.name=temporal_attn"",""probe.layer=12"",""probe.layers=[]"",""probe.feature_view=tokens"",""probe.device=cuda"",""probe.lr=5e-4"",""probe.weight_decay=0.01"",""probe.batch_size=1"",""probe.eval_batch_size=1"",""probe.epochs=90"",""probe.early_stopping.enabled=true"",""probe.early_stopping.patience=20"",""probe.optuna.enabled=false"",""probe.output_dir=artifacts/probes/intphys2"",""probe.output_subdir=seed_runs_layerwise_same_l_attentive_v1/intphys2__same_l__videomae__vit_l_16__temporal_attn__layer_12/seed_102"",""probe.eval_output_dir=artifacts/results/intphys2"",""probe.eval_output_subdir=seed_runs_layerwise_same_l_attentive_v1/intphys2__same_l__videomae__vit_l_16__temporal_attn__layer_12/seed_102"",""probe.wandb.group=seed_runs_layerwise_same_l_attentive_v1_intphys2__same_l__videomae__vit_l_16__temporal_attn__layer_12"",""probe.wandb.name=intphys2__same_l__videomae__vit_l_16__temporal_attn__layer_12__seed_102"",""feature_cache.layer_ids=[6,12,18,24]"",""probe.temporal_attn.num_heads=16"",""probe.temporal_attn.num_self_attn_blocks=1"",""probe.temporal_attn.mlp_ratio=2"",""probe.temporal_attn.dropout=0.20000000000000001"",""feature_cache.include_tokens=true""]",results/verified_layerwise_probe_configs.csv,105,107,21a40c569a39eee9,VERIFIED_FULL,"{""batch_size"":1,""dropout"":0.2,""early_stopping"":{""enabled"":true,""patience"":20},""epochs"":90,""eval_batch_size"":1,""feature_view"":""tokens"",""layer"":12,""lr"":0.0005,""mlp_ratio"":2.0,""num_heads"":16,""num_self_attn_blocks"":1,""slot"":null,""weight_decay"":0.01}",same_size_ablation/intphys_same_size_ablation/Attentive/intphys2_probe_temporal_attn_videomae_vit_large_16_224_lr_matrix/train_eval_summary.json
intphys2__same_l__videomae__vit_l_16__temporal_attn__layer_18__seed_101,intphys2__same_l__videomae__vit_l_16__temporal_attn__layer_18,train_eval.probe.intphys2,IntPhys2,intphys2,same_L,VideoMAE,ViT-L/16,Attentive,temporal_attn,101,42,videomae,vit_large_16_224,18,,18,tokens,5e-5,0.01,1,1,90,true,20,,,16,1,2,0.20000000000000001,cuda,artifacts/probes/intphys2,seed_runs_layerwise_same_l_attentive_v1/intphys2__same_l__videomae__vit_l_16__temporal_attn__layer_18/seed_101,artifacts/results/intphys2,seed_runs_layerwise_same_l_attentive_v1/intphys2__same_l__videomae__vit_l_16__temporal_attn__layer_18/seed_101,seed_runs_layerwise_same_l_attentive_v1_intphys2__same_l__videomae__vit_l_16__temporal_attn__layer_18,intphys2__same_l__videomae__vit_l_16__temporal_attn__layer_18__seed_101,pending,,"[""seed=101"",""split.seed=42"",""backbone.name=videomae"",""+backbone.kwargs.variant=vit_large_16_224"",""probe.name=temporal_attn"",""probe.layer=18"",""probe.layers=[]"",""probe.feature_view=tokens"",""probe.device=cuda"",""probe.lr=5e-5"",""probe.weight_decay=0.01"",""probe.batch_size=1"",""probe.eval_batch_size=1"",""probe.epochs=90"",""probe.early_stopping.enabled=true"",""probe.early_stopping.patience=20"",""probe.optuna.enabled=false"",""probe.output_dir=artifacts/probes/intphys2"",""probe.output_subdir=seed_runs_layerwise_same_l_attentive_v1/intphys2__same_l__videomae__vit_l_16__temporal_attn__layer_18/seed_101"",""probe.eval_output_dir=artifacts/results/intphys2"",""probe.eval_output_subdir=seed_runs_layerwise_same_l_attentive_v1/intphys2__same_l__videomae__vit_l_16__temporal_attn__layer_18/seed_101"",""probe.wandb.group=seed_runs_layerwise_same_l_attentive_v1_intphys2__same_l__videomae__vit_l_16__temporal_attn__layer_18"",""probe.wandb.name=intphys2__same_l__videomae__vit_l_16__temporal_attn__layer_18__seed_101"",""feature_cache.layer_ids=[6,12,18,24]"",""probe.temporal_attn.num_heads=16"",""probe.temporal_attn.num_self_attn_blocks=1"",""probe.temporal_attn.mlp_ratio=2"",""probe.temporal_attn.dropout=0.20000000000000001"",""feature_cache.include_tokens=true""]",results/verified_layerwise_probe_configs.csv,106,108,1052321be03455de,VERIFIED_FULL,"{""batch_size"":1,""dropout"":0.2,""early_stopping"":{""enabled"":true,""patience"":20},""epochs"":90,""eval_batch_size"":1,""feature_view"":""tokens"",""layer"":18,""lr"":5e-05,""mlp_ratio"":2.0,""num_heads"":16,""num_self_attn_blocks"":1,""slot"":null,""weight_decay"":0.01}",same_size_ablation/intphys_same_size_ablation/Attentive/intphys2_probe_temporal_attn_videomae_vit_large_16_224_lr_matrix/train_eval_summary.json
intphys2__same_l__videomae__vit_l_16__temporal_attn__layer_18__seed_102,intphys2__same_l__videomae__vit_l_16__temporal_attn__layer_18,train_eval.probe.intphys2,IntPhys2,intphys2,same_L,VideoMAE,ViT-L/16,Attentive,temporal_attn,102,42,videomae,vit_large_16_224,18,,18,tokens,5e-5,0.01,1,1,90,true,20,,,16,1,2,0.20000000000000001,cuda,artifacts/probes/intphys2,seed_runs_layerwise_same_l_attentive_v1/intphys2__same_l__videomae__vit_l_16__temporal_attn__layer_18/seed_102,artifacts/results/intphys2,seed_runs_layerwise_same_l_attentive_v1/intphys2__same_l__videomae__vit_l_16__temporal_attn__layer_18/seed_102,seed_runs_layerwise_same_l_attentive_v1_intphys2__same_l__videomae__vit_l_16__temporal_attn__layer_18,intphys2__same_l__videomae__vit_l_16__temporal_attn__layer_18__seed_102,pending,,"[""seed=102"",""split.seed=42"",""backbone.name=videomae"",""+backbone.kwargs.variant=vit_large_16_224"",""probe.name=temporal_attn"",""probe.layer=18"",""probe.layers=[]"",""probe.feature_view=tokens"",""probe.device=cuda"",""probe.lr=5e-5"",""probe.weight_decay=0.01"",""probe.batch_size=1"",""probe.eval_batch_size=1"",""probe.epochs=90"",""probe.early_stopping.enabled=true"",""probe.early_stopping.patience=20"",""probe.optuna.enabled=false"",""probe.output_dir=artifacts/probes/intphys2"",""probe.output_subdir=seed_runs_layerwise_same_l_attentive_v1/intphys2__same_l__videomae__vit_l_16__temporal_attn__layer_18/seed_102"",""probe.eval_output_dir=artifacts/results/intphys2"",""probe.eval_output_subdir=seed_runs_layerwise_same_l_attentive_v1/intphys2__same_l__videomae__vit_l_16__temporal_attn__layer_18/seed_102"",""probe.wandb.group=seed_runs_layerwise_same_l_attentive_v1_intphys2__same_l__videomae__vit_l_16__temporal_attn__layer_18"",""probe.wandb.name=intphys2__same_l__videomae__vit_l_16__temporal_attn__layer_18__seed_102"",""feature_cache.layer_ids=[6,12,18,24]"",""probe.temporal_attn.num_heads=16"",""probe.temporal_attn.num_self_attn_blocks=1"",""probe.temporal_attn.mlp_ratio=2"",""probe.temporal_attn.dropout=0.20000000000000001"",""feature_cache.include_tokens=true""]",results/verified_layerwise_probe_configs.csv,106,108,1052321be03455de,VERIFIED_FULL,"{""batch_size"":1,""dropout"":0.2,""early_stopping"":{""enabled"":true,""patience"":20},""epochs"":90,""eval_batch_size"":1,""feature_view"":""tokens"",""layer"":18,""lr"":5e-05,""mlp_ratio"":2.0,""num_heads"":16,""num_self_attn_blocks"":1,""slot"":null,""weight_decay"":0.01}",same_size_ablation/intphys_same_size_ablation/Attentive/intphys2_probe_temporal_attn_videomae_vit_large_16_224_lr_matrix/train_eval_summary.json
intphys2__same_l__videomae__vit_l_16__temporal_attn__layer_24__seed_101,intphys2__same_l__videomae__vit_l_16__temporal_attn__layer_24,train_eval.probe.intphys2,IntPhys2,intphys2,same_L,VideoMAE,ViT-L/16,Attentive,temporal_attn,101,42,videomae,vit_large_16_224,24,,24,tokens,5e-5,0.01,1,1,90,true,20,,,16,1,2,0.20000000000000001,cuda,artifacts/probes/intphys2,seed_runs_layerwise_same_l_attentive_v1/intphys2__same_l__videomae__vit_l_16__temporal_attn__layer_24/seed_101,artifacts/results/intphys2,seed_runs_layerwise_same_l_attentive_v1/intphys2__same_l__videomae__vit_l_16__temporal_attn__layer_24/seed_101,seed_runs_layerwise_same_l_attentive_v1_intphys2__same_l__videomae__vit_l_16__temporal_attn__layer_24,intphys2__same_l__videomae__vit_l_16__temporal_attn__layer_24__seed_101,pending,,"[""seed=101"",""split.seed=42"",""backbone.name=videomae"",""+backbone.kwargs.variant=vit_large_16_224"",""probe.name=temporal_attn"",""probe.layer=24"",""probe.layers=[]"",""probe.feature_view=tokens"",""probe.device=cuda"",""probe.lr=5e-5"",""probe.weight_decay=0.01"",""probe.batch_size=1"",""probe.eval_batch_size=1"",""probe.epochs=90"",""probe.early_stopping.enabled=true"",""probe.early_stopping.patience=20"",""probe.optuna.enabled=false"",""probe.output_dir=artifacts/probes/intphys2"",""probe.output_subdir=seed_runs_layerwise_same_l_attentive_v1/intphys2__same_l__videomae__vit_l_16__temporal_attn__layer_24/seed_101"",""probe.eval_output_dir=artifacts/results/intphys2"",""probe.eval_output_subdir=seed_runs_layerwise_same_l_attentive_v1/intphys2__same_l__videomae__vit_l_16__temporal_attn__layer_24/seed_101"",""probe.wandb.group=seed_runs_layerwise_same_l_attentive_v1_intphys2__same_l__videomae__vit_l_16__temporal_attn__layer_24"",""probe.wandb.name=intphys2__same_l__videomae__vit_l_16__temporal_attn__layer_24__seed_101"",""feature_cache.layer_ids=[6,12,18,24]"",""probe.temporal_attn.num_heads=16"",""probe.temporal_attn.num_self_attn_blocks=1"",""probe.temporal_attn.mlp_ratio=2"",""probe.temporal_attn.dropout=0.20000000000000001"",""feature_cache.include_tokens=true""]",results/verified_layerwise_probe_configs.csv,107,109,2df51c3bace6090a,VERIFIED_FULL,"{""batch_size"":1,""dropout"":0.2,""early_stopping"":{""enabled"":true,""patience"":20},""epochs"":90,""eval_batch_size"":1,""feature_view"":""tokens"",""layer"":24,""lr"":5e-05,""mlp_ratio"":2.0,""num_heads"":16,""num_self_attn_blocks"":1,""slot"":null,""weight_decay"":0.01}",same_size_ablation/intphys_same_size_ablation/Attentive/intphys2_probe_temporal_attn_videomae_vit_large_16_224_lr_matrix/train_eval_summary.json
intphys2__same_l__videomae__vit_l_16__temporal_attn__layer_24__seed_102,intphys2__same_l__videomae__vit_l_16__temporal_attn__layer_24,train_eval.probe.intphys2,IntPhys2,intphys2,same_L,VideoMAE,ViT-L/16,Attentive,temporal_attn,102,42,videomae,vit_large_16_224,24,,24,tokens,5e-5,0.01,1,1,90,true,20,,,16,1,2,0.20000000000000001,cuda,artifacts/probes/intphys2,seed_runs_layerwise_same_l_attentive_v1/intphys2__same_l__videomae__vit_l_16__temporal_attn__layer_24/seed_102,artifacts/results/intphys2,seed_runs_layerwise_same_l_attentive_v1/intphys2__same_l__videomae__vit_l_16__temporal_attn__layer_24/seed_102,seed_runs_layerwise_same_l_attentive_v1_intphys2__same_l__videomae__vit_l_16__temporal_attn__layer_24,intphys2__same_l__videomae__vit_l_16__temporal_attn__layer_24__seed_102,pending,,"[""seed=102"",""split.seed=42"",""backbone.name=videomae"",""+backbone.kwargs.variant=vit_large_16_224"",""probe.name=temporal_attn"",""probe.layer=24"",""probe.layers=[]"",""probe.feature_view=tokens"",""probe.device=cuda"",""probe.lr=5e-5"",""probe.weight_decay=0.01"",""probe.batch_size=1"",""probe.eval_batch_size=1"",""probe.epochs=90"",""probe.early_stopping.enabled=true"",""probe.early_stopping.patience=20"",""probe.optuna.enabled=false"",""probe.output_dir=artifacts/probes/intphys2"",""probe.output_subdir=seed_runs_layerwise_same_l_attentive_v1/intphys2__same_l__videomae__vit_l_16__temporal_attn__layer_24/seed_102"",""probe.eval_output_dir=artifacts/results/intphys2"",""probe.eval_output_subdir=seed_runs_layerwise_same_l_attentive_v1/intphys2__same_l__videomae__vit_l_16__temporal_attn__layer_24/seed_102"",""probe.wandb.group=seed_runs_layerwise_same_l_attentive_v1_intphys2__same_l__videomae__vit_l_16__temporal_attn__layer_24"",""probe.wandb.name=intphys2__same_l__videomae__vit_l_16__temporal_attn__layer_24__seed_102"",""feature_cache.layer_ids=[6,12,18,24]"",""probe.temporal_attn.num_heads=16"",""probe.temporal_attn.num_self_attn_blocks=1"",""probe.temporal_attn.mlp_ratio=2"",""probe.temporal_attn.dropout=0.20000000000000001"",""feature_cache.include_tokens=true""]",results/verified_layerwise_probe_configs.csv,107,109,2df51c3bace6090a,VERIFIED_FULL,"{""batch_size"":1,""dropout"":0.2,""early_stopping"":{""enabled"":true,""patience"":20},""epochs"":90,""eval_batch_size"":1,""feature_view"":""tokens"",""layer"":24,""lr"":5e-05,""mlp_ratio"":2.0,""num_heads"":16,""num_self_attn_blocks"":1,""slot"":null,""weight_decay"":0.01}",same_size_ablation/intphys_same_size_ablation/Attentive/intphys2_probe_temporal_attn_videomae_vit_large_16_224_lr_matrix/train_eval_summary.json
intphys2__same_l__videomae_v2__vit_l_16__temporal_attn__layer_6__seed_101,intphys2__same_l__videomae_v2__vit_l_16__temporal_attn__layer_6,train_eval.probe.intphys2,IntPhys2,intphys2,same_L,VideoMAE-v2,ViT-L/16,Attentive,temporal_attn,101,42,videomae_v2,vit_large_16_224,6,,6,tokens,5e-4,0.01,1,1,90,true,20,,,16,1,2,0.20000000000000001,cuda,artifacts/probes/intphys2,seed_runs_layerwise_same_l_attentive_v1/intphys2__same_l__videomae_v2__vit_l_16__temporal_attn__layer_6/seed_101,artifacts/results/intphys2,seed_runs_layerwise_same_l_attentive_v1/intphys2__same_l__videomae_v2__vit_l_16__temporal_attn__layer_6/seed_101,seed_runs_layerwise_same_l_attentive_v1_intphys2__same_l__videomae_v2__vit_l_16__temporal_attn__layer_6,intphys2__same_l__videomae_v2__vit_l_16__temporal_attn__layer_6__seed_101,pending,,"[""seed=101"",""split.seed=42"",""backbone.name=videomae_v2"",""+backbone.kwargs.variant=vit_large_16_224"",""probe.name=temporal_attn"",""probe.layer=6"",""probe.layers=[]"",""probe.feature_view=tokens"",""probe.device=cuda"",""probe.lr=5e-4"",""probe.weight_decay=0.01"",""probe.batch_size=1"",""probe.eval_batch_size=1"",""probe.epochs=90"",""probe.early_stopping.enabled=true"",""probe.early_stopping.patience=20"",""probe.optuna.enabled=false"",""probe.output_dir=artifacts/probes/intphys2"",""probe.output_subdir=seed_runs_layerwise_same_l_attentive_v1/intphys2__same_l__videomae_v2__vit_l_16__temporal_attn__layer_6/seed_101"",""probe.eval_output_dir=artifacts/results/intphys2"",""probe.eval_output_subdir=seed_runs_layerwise_same_l_attentive_v1/intphys2__same_l__videomae_v2__vit_l_16__temporal_attn__layer_6/seed_101"",""probe.wandb.group=seed_runs_layerwise_same_l_attentive_v1_intphys2__same_l__videomae_v2__vit_l_16__temporal_attn__layer_6"",""probe.wandb.name=intphys2__same_l__videomae_v2__vit_l_16__temporal_attn__layer_6__seed_101"",""feature_cache.layer_ids=[6,12,18,24]"",""probe.temporal_attn.num_heads=16"",""probe.temporal_attn.num_self_attn_blocks=1"",""probe.temporal_attn.mlp_ratio=2"",""probe.temporal_attn.dropout=0.20000000000000001"",""feature_cache.include_tokens=true""]",results/verified_layerwise_probe_configs.csv,140,142,154f3a6f4e34b557,VERIFIED_FULL,"{""batch_size"":1,""dropout"":0.2,""early_stopping"":{""enabled"":true,""patience"":20},""epochs"":90,""eval_batch_size"":1,""feature_view"":""tokens"",""layer"":6,""lr"":0.0005,""mlp_ratio"":2.0,""num_heads"":16,""num_self_attn_blocks"":1,""slot"":null,""weight_decay"":0.01}",same_size_ablation/intphys_same_size_ablation/Attentive/intphys2_probe_temporal_attn_videomae_v2_vit_large_16_224_lr_matrix/train_eval_summary.json
intphys2__same_l__videomae_v2__vit_l_16__temporal_attn__layer_6__seed_102,intphys2__same_l__videomae_v2__vit_l_16__temporal_attn__layer_6,train_eval.probe.intphys2,IntPhys2,intphys2,same_L,VideoMAE-v2,ViT-L/16,Attentive,temporal_attn,102,42,videomae_v2,vit_large_16_224,6,,6,tokens,5e-4,0.01,1,1,90,true,20,,,16,1,2,0.20000000000000001,cuda,artifacts/probes/intphys2,seed_runs_layerwise_same_l_attentive_v1/intphys2__same_l__videomae_v2__vit_l_16__temporal_attn__layer_6/seed_102,artifacts/results/intphys2,seed_runs_layerwise_same_l_attentive_v1/intphys2__same_l__videomae_v2__vit_l_16__temporal_attn__layer_6/seed_102,seed_runs_layerwise_same_l_attentive_v1_intphys2__same_l__videomae_v2__vit_l_16__temporal_attn__layer_6,intphys2__same_l__videomae_v2__vit_l_16__temporal_attn__layer_6__seed_102,pending,,"[""seed=102"",""split.seed=42"",""backbone.name=videomae_v2"",""+backbone.kwargs.variant=vit_large_16_224"",""probe.name=temporal_attn"",""probe.layer=6"",""probe.layers=[]"",""probe.feature_view=tokens"",""probe.device=cuda"",""probe.lr=5e-4"",""probe.weight_decay=0.01"",""probe.batch_size=1"",""probe.eval_batch_size=1"",""probe.epochs=90"",""probe.early_stopping.enabled=true"",""probe.early_stopping.patience=20"",""probe.optuna.enabled=false"",""probe.output_dir=artifacts/probes/intphys2"",""probe.output_subdir=seed_runs_layerwise_same_l_attentive_v1/intphys2__same_l__videomae_v2__vit_l_16__temporal_attn__layer_6/seed_102"",""probe.eval_output_dir=artifacts/results/intphys2"",""probe.eval_output_subdir=seed_runs_layerwise_same_l_attentive_v1/intphys2__same_l__videomae_v2__vit_l_16__temporal_attn__layer_6/seed_102"",""probe.wandb.group=seed_runs_layerwise_same_l_attentive_v1_intphys2__same_l__videomae_v2__vit_l_16__temporal_attn__layer_6"",""probe.wandb.name=intphys2__same_l__videomae_v2__vit_l_16__temporal_attn__layer_6__seed_102"",""feature_cache.layer_ids=[6,12,18,24]"",""probe.temporal_attn.num_heads=16"",""probe.temporal_attn.num_self_attn_blocks=1"",""probe.temporal_attn.mlp_ratio=2"",""probe.temporal_attn.dropout=0.20000000000000001"",""feature_cache.include_tokens=true""]",results/verified_layerwise_probe_configs.csv,140,142,154f3a6f4e34b557,VERIFIED_FULL,"{""batch_size"":1,""dropout"":0.2,""early_stopping"":{""enabled"":true,""patience"":20},""epochs"":90,""eval_batch_size"":1,""feature_view"":""tokens"",""layer"":6,""lr"":0.0005,""mlp_ratio"":2.0,""num_heads"":16,""num_self_attn_blocks"":1,""slot"":null,""weight_decay"":0.01}",same_size_ablation/intphys_same_size_ablation/Attentive/intphys2_probe_temporal_attn_videomae_v2_vit_large_16_224_lr_matrix/train_eval_summary.json
intphys2__same_l__videomae_v2__vit_l_16__temporal_attn__layer_12__seed_101,intphys2__same_l__videomae_v2__vit_l_16__temporal_attn__layer_12,train_eval.probe.intphys2,IntPhys2,intphys2,same_L,VideoMAE-v2,ViT-L/16,Attentive,temporal_attn,101,42,videomae_v2,vit_large_16_224,12,,12,tokens,1e-4,0.01,1,1,90,true,20,,,16,1,2,0.20000000000000001,cuda,artifacts/probes/intphys2,seed_runs_layerwise_same_l_attentive_v1/intphys2__same_l__videomae_v2__vit_l_16__temporal_attn__layer_12/seed_101,artifacts/results/intphys2,seed_runs_layerwise_same_l_attentive_v1/intphys2__same_l__videomae_v2__vit_l_16__temporal_attn__layer_12/seed_101,seed_runs_layerwise_same_l_attentive_v1_intphys2__same_l__videomae_v2__vit_l_16__temporal_attn__layer_12,intphys2__same_l__videomae_v2__vit_l_16__temporal_attn__layer_12__seed_101,pending,,"[""seed=101"",""split.seed=42"",""backbone.name=videomae_v2"",""+backbone.kwargs.variant=vit_large_16_224"",""probe.name=temporal_attn"",""probe.layer=12"",""probe.layers=[]"",""probe.feature_view=tokens"",""probe.device=cuda"",""probe.lr=1e-4"",""probe.weight_decay=0.01"",""probe.batch_size=1"",""probe.eval_batch_size=1"",""probe.epochs=90"",""probe.early_stopping.enabled=true"",""probe.early_stopping.patience=20"",""probe.optuna.enabled=false"",""probe.output_dir=artifacts/probes/intphys2"",""probe.output_subdir=seed_runs_layerwise_same_l_attentive_v1/intphys2__same_l__videomae_v2__vit_l_16__temporal_attn__layer_12/seed_101"",""probe.eval_output_dir=artifacts/results/intphys2"",""probe.eval_output_subdir=seed_runs_layerwise_same_l_attentive_v1/intphys2__same_l__videomae_v2__vit_l_16__temporal_attn__layer_12/seed_101"",""probe.wandb.group=seed_runs_layerwise_same_l_attentive_v1_intphys2__same_l__videomae_v2__vit_l_16__temporal_attn__layer_12"",""probe.wandb.name=intphys2__same_l__videomae_v2__vit_l_16__temporal_attn__layer_12__seed_101"",""feature_cache.layer_ids=[6,12,18,24]"",""probe.temporal_attn.num_heads=16"",""probe.temporal_attn.num_self_attn_blocks=1"",""probe.temporal_attn.mlp_ratio=2"",""probe.temporal_attn.dropout=0.20000000000000001"",""feature_cache.include_tokens=true""]",results/verified_layerwise_probe_configs.csv,141,143,1387a1bbb8aa2051,VERIFIED_FULL,"{""batch_size"":1,""dropout"":0.2,""early_stopping"":{""enabled"":true,""patience"":20},""epochs"":90,""eval_batch_size"":1,""feature_view"":""tokens"",""layer"":12,""lr"":0.0001,""mlp_ratio"":2.0,""num_heads"":16,""num_self_attn_blocks"":1,""slot"":null,""weight_decay"":0.01}",same_size_ablation/intphys_same_size_ablation/Attentive/intphys2_probe_temporal_attn_videomae_v2_vit_large_16_224_lr_matrix/train_eval_summary.json
intphys2__same_l__videomae_v2__vit_l_16__temporal_attn__layer_12__seed_102,intphys2__same_l__videomae_v2__vit_l_16__temporal_attn__layer_12,train_eval.probe.intphys2,IntPhys2,intphys2,same_L,VideoMAE-v2,ViT-L/16,Attentive,temporal_attn,102,42,videomae_v2,vit_large_16_224,12,,12,tokens,1e-4,0.01,1,1,90,true,20,,,16,1,2,0.20000000000000001,cuda,artifacts/probes/intphys2,seed_runs_layerwise_same_l_attentive_v1/intphys2__same_l__videomae_v2__vit_l_16__temporal_attn__layer_12/seed_102,artifacts/results/intphys2,seed_runs_layerwise_same_l_attentive_v1/intphys2__same_l__videomae_v2__vit_l_16__temporal_attn__layer_12/seed_102,seed_runs_layerwise_same_l_attentive_v1_intphys2__same_l__videomae_v2__vit_l_16__temporal_attn__layer_12,intphys2__same_l__videomae_v2__vit_l_16__temporal_attn__layer_12__seed_102,pending,,"[""seed=102"",""split.seed=42"",""backbone.name=videomae_v2"",""+backbone.kwargs.variant=vit_large_16_224"",""probe.name=temporal_attn"",""probe.layer=12"",""probe.layers=[]"",""probe.feature_view=tokens"",""probe.device=cuda"",""probe.lr=1e-4"",""probe.weight_decay=0.01"",""probe.batch_size=1"",""probe.eval_batch_size=1"",""probe.epochs=90"",""probe.early_stopping.enabled=true"",""probe.early_stopping.patience=20"",""probe.optuna.enabled=false"",""probe.output_dir=artifacts/probes/intphys2"",""probe.output_subdir=seed_runs_layerwise_same_l_attentive_v1/intphys2__same_l__videomae_v2__vit_l_16__temporal_attn__layer_12/seed_102"",""probe.eval_output_dir=artifacts/results/intphys2"",""probe.eval_output_subdir=seed_runs_layerwise_same_l_attentive_v1/intphys2__same_l__videomae_v2__vit_l_16__temporal_attn__layer_12/seed_102"",""probe.wandb.group=seed_runs_layerwise_same_l_attentive_v1_intphys2__same_l__videomae_v2__vit_l_16__temporal_attn__layer_12"",""probe.wandb.name=intphys2__same_l__videomae_v2__vit_l_16__temporal_attn__layer_12__seed_102"",""feature_cache.layer_ids=[6,12,18,24]"",""probe.temporal_attn.num_heads=16"",""probe.temporal_attn.num_self_attn_blocks=1"",""probe.temporal_attn.mlp_ratio=2"",""probe.temporal_attn.dropout=0.20000000000000001"",""feature_cache.include_tokens=true""]",results/verified_layerwise_probe_configs.csv,141,143,1387a1bbb8aa2051,VERIFIED_FULL,"{""batch_size"":1,""dropout"":0.2,""early_stopping"":{""enabled"":true,""patience"":20},""epochs"":90,""eval_batch_size"":1,""feature_view"":""tokens"",""layer"":12,""lr"":0.0001,""mlp_ratio"":2.0,""num_heads"":16,""num_self_attn_blocks"":1,""slot"":null,""weight_decay"":0.01}",same_size_ablation/intphys_same_size_ablation/Attentive/intphys2_probe_temporal_attn_videomae_v2_vit_large_16_224_lr_matrix/train_eval_summary.json
intphys2__same_l__videomae_v2__vit_l_16__temporal_attn__layer_18__seed_101,intphys2__same_l__videomae_v2__vit_l_16__temporal_attn__layer_18,train_eval.probe.intphys2,IntPhys2,intphys2,same_L,VideoMAE-v2,ViT-L/16,Attentive,temporal_attn,101,42,videomae_v2,vit_large_16_224,18,,18,tokens,1e-5,0.01,1,1,90,true,20,,,16,1,2,0.20000000000000001,cuda,artifacts/probes/intphys2,seed_runs_layerwise_same_l_attentive_v1/intphys2__same_l__videomae_v2__vit_l_16__temporal_attn__layer_18/seed_101,artifacts/results/intphys2,seed_runs_layerwise_same_l_attentive_v1/intphys2__same_l__videomae_v2__vit_l_16__temporal_attn__layer_18/seed_101,seed_runs_layerwise_same_l_attentive_v1_intphys2__same_l__videomae_v2__vit_l_16__temporal_attn__layer_18,intphys2__same_l__videomae_v2__vit_l_16__temporal_attn__layer_18__seed_101,pending,,"[""seed=101"",""split.seed=42"",""backbone.name=videomae_v2"",""+backbone.kwargs.variant=vit_large_16_224"",""probe.name=temporal_attn"",""probe.layer=18"",""probe.layers=[]"",""probe.feature_view=tokens"",""probe.device=cuda"",""probe.lr=1e-5"",""probe.weight_decay=0.01"",""probe.batch_size=1"",""probe.eval_batch_size=1"",""probe.epochs=90"",""probe.early_stopping.enabled=true"",""probe.early_stopping.patience=20"",""probe.optuna.enabled=false"",""probe.output_dir=artifacts/probes/intphys2"",""probe.output_subdir=seed_runs_layerwise_same_l_attentive_v1/intphys2__same_l__videomae_v2__vit_l_16__temporal_attn__layer_18/seed_101"",""probe.eval_output_dir=artifacts/results/intphys2"",""probe.eval_output_subdir=seed_runs_layerwise_same_l_attentive_v1/intphys2__same_l__videomae_v2__vit_l_16__temporal_attn__layer_18/seed_101"",""probe.wandb.group=seed_runs_layerwise_same_l_attentive_v1_intphys2__same_l__videomae_v2__vit_l_16__temporal_attn__layer_18"",""probe.wandb.name=intphys2__same_l__videomae_v2__vit_l_16__temporal_attn__layer_18__seed_101"",""feature_cache.layer_ids=[6,12,18,24]"",""probe.temporal_attn.num_heads=16"",""probe.temporal_attn.num_self_attn_blocks=1"",""probe.temporal_attn.mlp_ratio=2"",""probe.temporal_attn.dropout=0.20000000000000001"",""feature_cache.include_tokens=true""]",results/verified_layerwise_probe_configs.csv,142,144,29699d6449a7338e,VERIFIED_FULL,"{""batch_size"":1,""dropout"":0.2,""early_stopping"":{""enabled"":true,""patience"":20},""epochs"":90,""eval_batch_size"":1,""feature_view"":""tokens"",""layer"":18,""lr"":1e-05,""mlp_ratio"":2.0,""num_heads"":16,""num_self_attn_blocks"":1,""slot"":null,""weight_decay"":0.01}",same_size_ablation/intphys_same_size_ablation/Attentive/intphys2_probe_temporal_attn_videomae_v2_vit_large_16_224_lr_matrix/train_eval_summary.json
intphys2__same_l__videomae_v2__vit_l_16__temporal_attn__layer_18__seed_102,intphys2__same_l__videomae_v2__vit_l_16__temporal_attn__layer_18,train_eval.probe.intphys2,IntPhys2,intphys2,same_L,VideoMAE-v2,ViT-L/16,Attentive,temporal_attn,102,42,videomae_v2,vit_large_16_224,18,,18,tokens,1e-5,0.01,1,1,90,true,20,,,16,1,2,0.20000000000000001,cuda,artifacts/probes/intphys2,seed_runs_layerwise_same_l_attentive_v1/intphys2__same_l__videomae_v2__vit_l_16__temporal_attn__layer_18/seed_102,artifacts/results/intphys2,seed_runs_layerwise_same_l_attentive_v1/intphys2__same_l__videomae_v2__vit_l_16__temporal_attn__layer_18/seed_102,seed_runs_layerwise_same_l_attentive_v1_intphys2__same_l__videomae_v2__vit_l_16__temporal_attn__layer_18,intphys2__same_l__videomae_v2__vit_l_16__temporal_attn__layer_18__seed_102,pending,,"[""seed=102"",""split.seed=42"",""backbone.name=videomae_v2"",""+backbone.kwargs.variant=vit_large_16_224"",""probe.name=temporal_attn"",""probe.layer=18"",""probe.layers=[]"",""probe.feature_view=tokens"",""probe.device=cuda"",""probe.lr=1e-5"",""probe.weight_decay=0.01"",""probe.batch_size=1"",""probe.eval_batch_size=1"",""probe.epochs=90"",""probe.early_stopping.enabled=true"",""probe.early_stopping.patience=20"",""probe.optuna.enabled=false"",""probe.output_dir=artifacts/probes/intphys2"",""probe.output_subdir=seed_runs_layerwise_same_l_attentive_v1/intphys2__same_l__videomae_v2__vit_l_16__temporal_attn__layer_18/seed_102"",""probe.eval_output_dir=artifacts/results/intphys2"",""probe.eval_output_subdir=seed_runs_layerwise_same_l_attentive_v1/intphys2__same_l__videomae_v2__vit_l_16__temporal_attn__layer_18/seed_102"",""probe.wandb.group=seed_runs_layerwise_same_l_attentive_v1_intphys2__same_l__videomae_v2__vit_l_16__temporal_attn__layer_18"",""probe.wandb.name=intphys2__same_l__videomae_v2__vit_l_16__temporal_attn__layer_18__seed_102"",""feature_cache.layer_ids=[6,12,18,24]"",""probe.temporal_attn.num_heads=16"",""probe.temporal_attn.num_self_attn_blocks=1"",""probe.temporal_attn.mlp_ratio=2"",""probe.temporal_attn.dropout=0.20000000000000001"",""feature_cache.include_tokens=true""]",results/verified_layerwise_probe_configs.csv,142,144,29699d6449a7338e,VERIFIED_FULL,"{""batch_size"":1,""dropout"":0.2,""early_stopping"":{""enabled"":true,""patience"":20},""epochs"":90,""eval_batch_size"":1,""feature_view"":""tokens"",""layer"":18,""lr"":1e-05,""mlp_ratio"":2.0,""num_heads"":16,""num_self_attn_blocks"":1,""slot"":null,""weight_decay"":0.01}",same_size_ablation/intphys_same_size_ablation/Attentive/intphys2_probe_temporal_attn_videomae_v2_vit_large_16_224_lr_matrix/train_eval_summary.json
intphys2__same_l__videomae_v2__vit_l_16__temporal_attn__layer_24__seed_101,intphys2__same_l__videomae_v2__vit_l_16__temporal_attn__layer_24,train_eval.probe.intphys2,IntPhys2,intphys2,same_L,VideoMAE-v2,ViT-L/16,Attentive,temporal_attn,101,42,videomae_v2,vit_large_16_224,24,,24,tokens,1e-4,0.01,1,1,90,true,20,,,16,1,2,0.20000000000000001,cuda,artifacts/probes/intphys2,seed_runs_layerwise_same_l_attentive_v1/intphys2__same_l__videomae_v2__vit_l_16__temporal_attn__layer_24/seed_101,artifacts/results/intphys2,seed_runs_layerwise_same_l_attentive_v1/intphys2__same_l__videomae_v2__vit_l_16__temporal_attn__layer_24/seed_101,seed_runs_layerwise_same_l_attentive_v1_intphys2__same_l__videomae_v2__vit_l_16__temporal_attn__layer_24,intphys2__same_l__videomae_v2__vit_l_16__temporal_attn__layer_24__seed_101,pending,,"[""seed=101"",""split.seed=42"",""backbone.name=videomae_v2"",""+backbone.kwargs.variant=vit_large_16_224"",""probe.name=temporal_attn"",""probe.layer=24"",""probe.layers=[]"",""probe.feature_view=tokens"",""probe.device=cuda"",""probe.lr=1e-4"",""probe.weight_decay=0.01"",""probe.batch_size=1"",""probe.eval_batch_size=1"",""probe.epochs=90"",""probe.early_stopping.enabled=true"",""probe.early_stopping.patience=20"",""probe.optuna.enabled=false"",""probe.output_dir=artifacts/probes/intphys2"",""probe.output_subdir=seed_runs_layerwise_same_l_attentive_v1/intphys2__same_l__videomae_v2__vit_l_16__temporal_attn__layer_24/seed_101"",""probe.eval_output_dir=artifacts/results/intphys2"",""probe.eval_output_subdir=seed_runs_layerwise_same_l_attentive_v1/intphys2__same_l__videomae_v2__vit_l_16__temporal_attn__layer_24/seed_101"",""probe.wandb.group=seed_runs_layerwise_same_l_attentive_v1_intphys2__same_l__videomae_v2__vit_l_16__temporal_attn__layer_24"",""probe.wandb.name=intphys2__same_l__videomae_v2__vit_l_16__temporal_attn__layer_24__seed_101"",""feature_cache.layer_ids=[6,12,18,24]"",""probe.temporal_attn.num_heads=16"",""probe.temporal_attn.num_self_attn_blocks=1"",""probe.temporal_attn.mlp_ratio=2"",""probe.temporal_attn.dropout=0.20000000000000001"",""feature_cache.include_tokens=true""]",results/verified_layerwise_probe_configs.csv,143,145,86c9ff8aa6e91281,VERIFIED_FULL,"{""batch_size"":1,""dropout"":0.2,""early_stopping"":{""enabled"":true,""patience"":20},""epochs"":90,""eval_batch_size"":1,""feature_view"":""tokens"",""layer"":24,""lr"":0.0001,""mlp_ratio"":2.0,""num_heads"":16,""num_self_attn_blocks"":1,""slot"":null,""weight_decay"":0.01}",same_size_ablation/intphys_same_size_ablation/Attentive/intphys2_probe_temporal_attn_videomae_v2_vit_large_16_224_lr_matrix/train_eval_summary.json
intphys2__same_l__videomae_v2__vit_l_16__temporal_attn__layer_24__seed_102,intphys2__same_l__videomae_v2__vit_l_16__temporal_attn__layer_24,train_eval.probe.intphys2,IntPhys2,intphys2,same_L,VideoMAE-v2,ViT-L/16,Attentive,temporal_attn,102,42,videomae_v2,vit_large_16_224,24,,24,tokens,1e-4,0.01,1,1,90,true,20,,,16,1,2,0.20000000000000001,cuda,artifacts/probes/intphys2,seed_runs_layerwise_same_l_attentive_v1/intphys2__same_l__videomae_v2__vit_l_16__temporal_attn__layer_24/seed_102,artifacts/results/intphys2,seed_runs_layerwise_same_l_attentive_v1/intphys2__same_l__videomae_v2__vit_l_16__temporal_attn__layer_24/seed_102,seed_runs_layerwise_same_l_attentive_v1_intphys2__same_l__videomae_v2__vit_l_16__temporal_attn__layer_24,intphys2__same_l__videomae_v2__vit_l_16__temporal_attn__layer_24__seed_102,pending,,"[""seed=102"",""split.seed=42"",""backbone.name=videomae_v2"",""+backbone.kwargs.variant=vit_large_16_224"",""probe.name=temporal_attn"",""probe.layer=24"",""probe.layers=[]"",""probe.feature_view=tokens"",""probe.device=cuda"",""probe.lr=1e-4"",""probe.weight_decay=0.01"",""probe.batch_size=1"",""probe.eval_batch_size=1"",""probe.epochs=90"",""probe.early_stopping.enabled=true"",""probe.early_stopping.patience=20"",""probe.optuna.enabled=false"",""probe.output_dir=artifacts/probes/intphys2"",""probe.output_subdir=seed_runs_layerwise_same_l_attentive_v1/intphys2__same_l__videomae_v2__vit_l_16__temporal_attn__layer_24/seed_102"",""probe.eval_output_dir=artifacts/results/intphys2"",""probe.eval_output_subdir=seed_runs_layerwise_same_l_attentive_v1/intphys2__same_l__videomae_v2__vit_l_16__temporal_attn__layer_24/seed_102"",""probe.wandb.group=seed_runs_layerwise_same_l_attentive_v1_intphys2__same_l__videomae_v2__vit_l_16__temporal_attn__layer_24"",""probe.wandb.name=intphys2__same_l__videomae_v2__vit_l_16__temporal_attn__layer_24__seed_102"",""feature_cache.layer_ids=[6,12,18,24]"",""probe.temporal_attn.num_heads=16"",""probe.temporal_attn.num_self_attn_blocks=1"",""probe.temporal_attn.mlp_ratio=2"",""probe.temporal_attn.dropout=0.20000000000000001"",""feature_cache.include_tokens=true""]",results/verified_layerwise_probe_configs.csv,143,145,86c9ff8aa6e91281,VERIFIED_FULL,"{""batch_size"":1,""dropout"":0.2,""early_stopping"":{""enabled"":true,""patience"":20},""epochs"":90,""eval_batch_size"":1,""feature_view"":""tokens"",""layer"":24,""lr"":0.0001,""mlp_ratio"":2.0,""num_heads"":16,""num_self_attn_blocks"":1,""slot"":null,""weight_decay"":0.01}",same_size_ablation/intphys_same_size_ablation/Attentive/intphys2_probe_temporal_attn_videomae_v2_vit_large_16_224_lr_matrix/train_eval_summary.json
mvp__same_l__jepa_v1__vitl16_224__temporal_attn__layer_6__seed_101,mvp__same_l__jepa_v1__vitl16_224__temporal_attn__layer_6,train_eval.probe.mvp,MVP,mvp,same_L,V-JEPA,ViT-L/16,Attentive,temporal_attn,101,42,jepa_v1,vitl16_224,6,,6,tokens,1.0000000000000001e-05,0.01,2,2,30,true,5,,,16,1,2,0.20000000000000001,cuda,artifacts/probes/mvp,seed_runs_layerwise_same_l_attentive_v1/mvp__same_l__jepa_v1__vitl16_224__temporal_attn__layer_6/seed_101,artifacts/results/mvp,seed_runs_layerwise_same_l_attentive_v1/mvp__same_l__jepa_v1__vitl16_224__temporal_attn__layer_6/seed_101,seed_runs_layerwise_same_l_attentive_v1_mvp__same_l__jepa_v1__vitl16_224__temporal_attn__layer_6,mvp__same_l__jepa_v1__vitl16_224__temporal_attn__layer_6__seed_101,pending,,"[""seed=101"",""split.seed=42"",""backbone.name=jepa_v1"",""+backbone.kwargs.variant=vitl16_224"",""probe.name=temporal_attn"",""probe.layer=6"",""probe.layers=[]"",""probe.feature_view=tokens"",""probe.device=cuda"",""probe.lr=1.0000000000000001e-05"",""probe.weight_decay=0.01"",""probe.batch_size=2"",""probe.eval_batch_size=2"",""probe.epochs=30"",""probe.early_stopping.enabled=true"",""probe.early_stopping.patience=5"",""probe.optuna.enabled=false"",""probe.output_dir=artifacts/probes/mvp"",""probe.output_subdir=seed_runs_layerwise_same_l_attentive_v1/mvp__same_l__jepa_v1__vitl16_224__temporal_attn__layer_6/seed_101"",""probe.eval_output_dir=artifacts/results/mvp"",""probe.eval_output_subdir=seed_runs_layerwise_same_l_attentive_v1/mvp__same_l__jepa_v1__vitl16_224__temporal_attn__layer_6/seed_101"",""probe.wandb.group=seed_runs_layerwise_same_l_attentive_v1_mvp__same_l__jepa_v1__vitl16_224__temporal_attn__layer_6"",""probe.wandb.name=mvp__same_l__jepa_v1__vitl16_224__temporal_attn__layer_6__seed_101"",""feature_cache.layer_ids=[6,12,18,24]"",""probe.temporal_attn.num_heads=16"",""probe.temporal_attn.num_self_attn_blocks=1"",""probe.temporal_attn.mlp_ratio=2"",""probe.temporal_attn.dropout=0.20000000000000001"",""feature_cache.include_tokens=true""]",results/verified_layerwise_probe_configs.csv,332,334,2e51cc8200fd182e,VERIFIED_FULL,"{""batch_size"":2,""dropout"":0.2,""early_stopping"":{""enabled"":true,""patience"":5},""epochs"":30,""eval_batch_size"":2,""feature_view"":""tokens"",""layer"":6,""lr"":1e-05,""mlp_ratio"":2.0,""num_heads"":16,""num_self_attn_blocks"":1,""slot"":null,""weight_decay"":0.01}",same_size_ablation/mvp_same_size_ablation/attentive/mvp_probe_temporal_attn_jepa_v1_vitl16_224_lr_matrix/train_eval_summary.json
mvp__same_l__jepa_v1__vitl16_224__temporal_attn__layer_6__seed_102,mvp__same_l__jepa_v1__vitl16_224__temporal_attn__layer_6,train_eval.probe.mvp,MVP,mvp,same_L,V-JEPA,ViT-L/16,Attentive,temporal_attn,102,42,jepa_v1,vitl16_224,6,,6,tokens,1.0000000000000001e-05,0.01,2,2,30,true,5,,,16,1,2,0.20000000000000001,cuda,artifacts/probes/mvp,seed_runs_layerwise_same_l_attentive_v1/mvp__same_l__jepa_v1__vitl16_224__temporal_attn__layer_6/seed_102,artifacts/results/mvp,seed_runs_layerwise_same_l_attentive_v1/mvp__same_l__jepa_v1__vitl16_224__temporal_attn__layer_6/seed_102,seed_runs_layerwise_same_l_attentive_v1_mvp__same_l__jepa_v1__vitl16_224__temporal_attn__layer_6,mvp__same_l__jepa_v1__vitl16_224__temporal_attn__layer_6__seed_102,pending,,"[""seed=102"",""split.seed=42"",""backbone.name=jepa_v1"",""+backbone.kwargs.variant=vitl16_224"",""probe.name=temporal_attn"",""probe.layer=6"",""probe.layers=[]"",""probe.feature_view=tokens"",""probe.device=cuda"",""probe.lr=1.0000000000000001e-05"",""probe.weight_decay=0.01"",""probe.batch_size=2"",""probe.eval_batch_size=2"",""probe.epochs=30"",""probe.early_stopping.enabled=true"",""probe.early_stopping.patience=5"",""probe.optuna.enabled=false"",""probe.output_dir=artifacts/probes/mvp"",""probe.output_subdir=seed_runs_layerwise_same_l_attentive_v1/mvp__same_l__jepa_v1__vitl16_224__temporal_attn__layer_6/seed_102"",""probe.eval_output_dir=artifacts/results/mvp"",""probe.eval_output_subdir=seed_runs_layerwise_same_l_attentive_v1/mvp__same_l__jepa_v1__vitl16_224__temporal_attn__layer_6/seed_102"",""probe.wandb.group=seed_runs_layerwise_same_l_attentive_v1_mvp__same_l__jepa_v1__vitl16_224__temporal_attn__layer_6"",""probe.wandb.name=mvp__same_l__jepa_v1__vitl16_224__temporal_attn__layer_6__seed_102"",""feature_cache.layer_ids=[6,12,18,24]"",""probe.temporal_attn.num_heads=16"",""probe.temporal_attn.num_self_attn_blocks=1"",""probe.temporal_attn.mlp_ratio=2"",""probe.temporal_attn.dropout=0.20000000000000001"",""feature_cache.include_tokens=true""]",results/verified_layerwise_probe_configs.csv,332,334,2e51cc8200fd182e,VERIFIED_FULL,"{""batch_size"":2,""dropout"":0.2,""early_stopping"":{""enabled"":true,""patience"":5},""epochs"":30,""eval_batch_size"":2,""feature_view"":""tokens"",""layer"":6,""lr"":1e-05,""mlp_ratio"":2.0,""num_heads"":16,""num_self_attn_blocks"":1,""slot"":null,""weight_decay"":0.01}",same_size_ablation/mvp_same_size_ablation/attentive/mvp_probe_temporal_attn_jepa_v1_vitl16_224_lr_matrix/train_eval_summary.json
mvp__same_l__jepa_v1__vitl16_224__temporal_attn__layer_12__seed_101,mvp__same_l__jepa_v1__vitl16_224__temporal_attn__layer_12,train_eval.probe.mvp,MVP,mvp,same_L,V-JEPA,ViT-L/16,Attentive,temporal_attn,101,42,jepa_v1,vitl16_224,12,,12,tokens,1.0000000000000001e-05,0.01,2,2,30,true,5,,,16,1,2,0.20000000000000001,cuda,artifacts/probes/mvp,seed_runs_layerwise_same_l_attentive_v1/mvp__same_l__jepa_v1__vitl16_224__temporal_attn__layer_12/seed_101,artifacts/results/mvp,seed_runs_layerwise_same_l_attentive_v1/mvp__same_l__jepa_v1__vitl16_224__temporal_attn__layer_12/seed_101,seed_runs_layerwise_same_l_attentive_v1_mvp__same_l__jepa_v1__vitl16_224__temporal_attn__layer_12,mvp__same_l__jepa_v1__vitl16_224__temporal_attn__layer_12__seed_101,pending,,"[""seed=101"",""split.seed=42"",""backbone.name=jepa_v1"",""+backbone.kwargs.variant=vitl16_224"",""probe.name=temporal_attn"",""probe.layer=12"",""probe.layers=[]"",""probe.feature_view=tokens"",""probe.device=cuda"",""probe.lr=1.0000000000000001e-05"",""probe.weight_decay=0.01"",""probe.batch_size=2"",""probe.eval_batch_size=2"",""probe.epochs=30"",""probe.early_stopping.enabled=true"",""probe.early_stopping.patience=5"",""probe.optuna.enabled=false"",""probe.output_dir=artifacts/probes/mvp"",""probe.output_subdir=seed_runs_layerwise_same_l_attentive_v1/mvp__same_l__jepa_v1__vitl16_224__temporal_attn__layer_12/seed_101"",""probe.eval_output_dir=artifacts/results/mvp"",""probe.eval_output_subdir=seed_runs_layerwise_same_l_attentive_v1/mvp__same_l__jepa_v1__vitl16_224__temporal_attn__layer_12/seed_101"",""probe.wandb.group=seed_runs_layerwise_same_l_attentive_v1_mvp__same_l__jepa_v1__vitl16_224__temporal_attn__layer_12"",""probe.wandb.name=mvp__same_l__jepa_v1__vitl16_224__temporal_attn__layer_12__seed_101"",""feature_cache.layer_ids=[6,12,18,24]"",""probe.temporal_attn.num_heads=16"",""probe.temporal_attn.num_self_attn_blocks=1"",""probe.temporal_attn.mlp_ratio=2"",""probe.temporal_attn.dropout=0.20000000000000001"",""feature_cache.include_tokens=true""]",results/verified_layerwise_probe_configs.csv,333,335,50fabfeee2b27388,VERIFIED_FULL,"{""batch_size"":2,""dropout"":0.2,""early_stopping"":{""enabled"":true,""patience"":5},""epochs"":30,""eval_batch_size"":2,""feature_view"":""tokens"",""layer"":12,""lr"":1e-05,""mlp_ratio"":2.0,""num_heads"":16,""num_self_attn_blocks"":1,""slot"":null,""weight_decay"":0.01}",same_size_ablation/mvp_same_size_ablation/attentive/mvp_probe_temporal_attn_jepa_v1_vitl16_224_lr_matrix/train_eval_summary.json
mvp__same_l__jepa_v1__vitl16_224__temporal_attn__layer_12__seed_102,mvp__same_l__jepa_v1__vitl16_224__temporal_attn__layer_12,train_eval.probe.mvp,MVP,mvp,same_L,V-JEPA,ViT-L/16,Attentive,temporal_attn,102,42,jepa_v1,vitl16_224,12,,12,tokens,1.0000000000000001e-05,0.01,2,2,30,true,5,,,16,1,2,0.20000000000000001,cuda,artifacts/probes/mvp,seed_runs_layerwise_same_l_attentive_v1/mvp__same_l__jepa_v1__vitl16_224__temporal_attn__layer_12/seed_102,artifacts/results/mvp,seed_runs_layerwise_same_l_attentive_v1/mvp__same_l__jepa_v1__vitl16_224__temporal_attn__layer_12/seed_102,seed_runs_layerwise_same_l_attentive_v1_mvp__same_l__jepa_v1__vitl16_224__temporal_attn__layer_12,mvp__same_l__jepa_v1__vitl16_224__temporal_attn__layer_12__seed_102,pending,,"[""seed=102"",""split.seed=42"",""backbone.name=jepa_v1"",""+backbone.kwargs.variant=vitl16_224"",""probe.name=temporal_attn"",""probe.layer=12"",""probe.layers=[]"",""probe.feature_view=tokens"",""probe.device=cuda"",""probe.lr=1.0000000000000001e-05"",""probe.weight_decay=0.01"",""probe.batch_size=2"",""probe.eval_batch_size=2"",""probe.epochs=30"",""probe.early_stopping.enabled=true"",""probe.early_stopping.patience=5"",""probe.optuna.enabled=false"",""probe.output_dir=artifacts/probes/mvp"",""probe.output_subdir=seed_runs_layerwise_same_l_attentive_v1/mvp__same_l__jepa_v1__vitl16_224__temporal_attn__layer_12/seed_102"",""probe.eval_output_dir=artifacts/results/mvp"",""probe.eval_output_subdir=seed_runs_layerwise_same_l_attentive_v1/mvp__same_l__jepa_v1__vitl16_224__temporal_attn__layer_12/seed_102"",""probe.wandb.group=seed_runs_layerwise_same_l_attentive_v1_mvp__same_l__jepa_v1__vitl16_224__temporal_attn__layer_12"",""probe.wandb.name=mvp__same_l__jepa_v1__vitl16_224__temporal_attn__layer_12__seed_102"",""feature_cache.layer_ids=[6,12,18,24]"",""probe.temporal_attn.num_heads=16"",""probe.temporal_attn.num_self_attn_blocks=1"",""probe.temporal_attn.mlp_ratio=2"",""probe.temporal_attn.dropout=0.20000000000000001"",""feature_cache.include_tokens=true""]",results/verified_layerwise_probe_configs.csv,333,335,50fabfeee2b27388,VERIFIED_FULL,"{""batch_size"":2,""dropout"":0.2,""early_stopping"":{""enabled"":true,""patience"":5},""epochs"":30,""eval_batch_size"":2,""feature_view"":""tokens"",""layer"":12,""lr"":1e-05,""mlp_ratio"":2.0,""num_heads"":16,""num_self_attn_blocks"":1,""slot"":null,""weight_decay"":0.01}",same_size_ablation/mvp_same_size_ablation/attentive/mvp_probe_temporal_attn_jepa_v1_vitl16_224_lr_matrix/train_eval_summary.json
mvp__same_l__jepa_v1__vitl16_224__temporal_attn__layer_18__seed_101,mvp__same_l__jepa_v1__vitl16_224__temporal_attn__layer_18,train_eval.probe.mvp,MVP,mvp,same_L,V-JEPA,ViT-L/16,Attentive,temporal_attn,101,42,jepa_v1,vitl16_224,18,,18,tokens,5.0000000000000002e-05,0.01,2,2,30,true,5,,,16,1,2,0.20000000000000001,cuda,artifacts/probes/mvp,seed_runs_layerwise_same_l_attentive_v1/mvp__same_l__jepa_v1__vitl16_224__temporal_attn__layer_18/seed_101,artifacts/results/mvp,seed_runs_layerwise_same_l_attentive_v1/mvp__same_l__jepa_v1__vitl16_224__temporal_attn__layer_18/seed_101,seed_runs_layerwise_same_l_attentive_v1_mvp__same_l__jepa_v1__vitl16_224__temporal_attn__layer_18,mvp__same_l__jepa_v1__vitl16_224__temporal_attn__layer_18__seed_101,pending,,"[""seed=101"",""split.seed=42"",""backbone.name=jepa_v1"",""+backbone.kwargs.variant=vitl16_224"",""probe.name=temporal_attn"",""probe.layer=18"",""probe.layers=[]"",""probe.feature_view=tokens"",""probe.device=cuda"",""probe.lr=5.0000000000000002e-05"",""probe.weight_decay=0.01"",""probe.batch_size=2"",""probe.eval_batch_size=2"",""probe.epochs=30"",""probe.early_stopping.enabled=true"",""probe.early_stopping.patience=5"",""probe.optuna.enabled=false"",""probe.output_dir=artifacts/probes/mvp"",""probe.output_subdir=seed_runs_layerwise_same_l_attentive_v1/mvp__same_l__jepa_v1__vitl16_224__temporal_attn__layer_18/seed_101"",""probe.eval_output_dir=artifacts/results/mvp"",""probe.eval_output_subdir=seed_runs_layerwise_same_l_attentive_v1/mvp__same_l__jepa_v1__vitl16_224__temporal_attn__layer_18/seed_101"",""probe.wandb.group=seed_runs_layerwise_same_l_attentive_v1_mvp__same_l__jepa_v1__vitl16_224__temporal_attn__layer_18"",""probe.wandb.name=mvp__same_l__jepa_v1__vitl16_224__temporal_attn__layer_18__seed_101"",""feature_cache.layer_ids=[6,12,18,24]"",""probe.temporal_attn.num_heads=16"",""probe.temporal_attn.num_self_attn_blocks=1"",""probe.temporal_attn.mlp_ratio=2"",""probe.temporal_attn.dropout=0.20000000000000001"",""feature_cache.include_tokens=true""]",results/verified_layerwise_probe_configs.csv,334,336,5a1c821a80f3ccd6,VERIFIED_FULL,"{""batch_size"":2,""dropout"":0.2,""early_stopping"":{""enabled"":true,""patience"":5},""epochs"":30,""eval_batch_size"":2,""feature_view"":""tokens"",""layer"":18,""lr"":5e-05,""mlp_ratio"":2.0,""num_heads"":16,""num_self_attn_blocks"":1,""slot"":null,""weight_decay"":0.01}",same_size_ablation/mvp_same_size_ablation/attentive/mvp_probe_temporal_attn_jepa_v1_vitl16_224_lr_matrix/train_eval_summary.json
mvp__same_l__jepa_v1__vitl16_224__temporal_attn__layer_18__seed_102,mvp__same_l__jepa_v1__vitl16_224__temporal_attn__layer_18,train_eval.probe.mvp,MVP,mvp,same_L,V-JEPA,ViT-L/16,Attentive,temporal_attn,102,42,jepa_v1,vitl16_224,18,,18,tokens,5.0000000000000002e-05,0.01,2,2,30,true,5,,,16,1,2,0.20000000000000001,cuda,artifacts/probes/mvp,seed_runs_layerwise_same_l_attentive_v1/mvp__same_l__jepa_v1__vitl16_224__temporal_attn__layer_18/seed_102,artifacts/results/mvp,seed_runs_layerwise_same_l_attentive_v1/mvp__same_l__jepa_v1__vitl16_224__temporal_attn__layer_18/seed_102,seed_runs_layerwise_same_l_attentive_v1_mvp__same_l__jepa_v1__vitl16_224__temporal_attn__layer_18,mvp__same_l__jepa_v1__vitl16_224__temporal_attn__layer_18__seed_102,pending,,"[""seed=102"",""split.seed=42"",""backbone.name=jepa_v1"",""+backbone.kwargs.variant=vitl16_224"",""probe.name=temporal_attn"",""probe.layer=18"",""probe.layers=[]"",""probe.feature_view=tokens"",""probe.device=cuda"",""probe.lr=5.0000000000000002e-05"",""probe.weight_decay=0.01"",""probe.batch_size=2"",""probe.eval_batch_size=2"",""probe.epochs=30"",""probe.early_stopping.enabled=true"",""probe.early_stopping.patience=5"",""probe.optuna.enabled=false"",""probe.output_dir=artifacts/probes/mvp"",""probe.output_subdir=seed_runs_layerwise_same_l_attentive_v1/mvp__same_l__jepa_v1__vitl16_224__temporal_attn__layer_18/seed_102"",""probe.eval_output_dir=artifacts/results/mvp"",""probe.eval_output_subdir=seed_runs_layerwise_same_l_attentive_v1/mvp__same_l__jepa_v1__vitl16_224__temporal_attn__layer_18/seed_102"",""probe.wandb.group=seed_runs_layerwise_same_l_attentive_v1_mvp__same_l__jepa_v1__vitl16_224__temporal_attn__layer_18"",""probe.wandb.name=mvp__same_l__jepa_v1__vitl16_224__temporal_attn__layer_18__seed_102"",""feature_cache.layer_ids=[6,12,18,24]"",""probe.temporal_attn.num_heads=16"",""probe.temporal_attn.num_self_attn_blocks=1"",""probe.temporal_attn.mlp_ratio=2"",""probe.temporal_attn.dropout=0.20000000000000001"",""feature_cache.include_tokens=true""]",results/verified_layerwise_probe_configs.csv,334,336,5a1c821a80f3ccd6,VERIFIED_FULL,"{""batch_size"":2,""dropout"":0.2,""early_stopping"":{""enabled"":true,""patience"":5},""epochs"":30,""eval_batch_size"":2,""feature_view"":""tokens"",""layer"":18,""lr"":5e-05,""mlp_ratio"":2.0,""num_heads"":16,""num_self_attn_blocks"":1,""slot"":null,""weight_decay"":0.01}",same_size_ablation/mvp_same_size_ablation/attentive/mvp_probe_temporal_attn_jepa_v1_vitl16_224_lr_matrix/train_eval_summary.json
mvp__same_l__jepa_v1__vitl16_224__temporal_attn__layer_24__seed_101,mvp__same_l__jepa_v1__vitl16_224__temporal_attn__layer_24,train_eval.probe.mvp,MVP,mvp,same_L,V-JEPA,ViT-L/16,Attentive,temporal_attn,101,42,jepa_v1,vitl16_224,24,,24,tokens,0.0001,0.01,2,2,30,true,5,,,16,1,2,0.20000000000000001,cuda,artifacts/probes/mvp,seed_runs_layerwise_same_l_attentive_v1/mvp__same_l__jepa_v1__vitl16_224__temporal_attn__layer_24/seed_101,artifacts/results/mvp,seed_runs_layerwise_same_l_attentive_v1/mvp__same_l__jepa_v1__vitl16_224__temporal_attn__layer_24/seed_101,seed_runs_layerwise_same_l_attentive_v1_mvp__same_l__jepa_v1__vitl16_224__temporal_attn__layer_24,mvp__same_l__jepa_v1__vitl16_224__temporal_attn__layer_24__seed_101,pending,,"[""seed=101"",""split.seed=42"",""backbone.name=jepa_v1"",""+backbone.kwargs.variant=vitl16_224"",""probe.name=temporal_attn"",""probe.layer=24"",""probe.layers=[]"",""probe.feature_view=tokens"",""probe.device=cuda"",""probe.lr=0.0001"",""probe.weight_decay=0.01"",""probe.batch_size=2"",""probe.eval_batch_size=2"",""probe.epochs=30"",""probe.early_stopping.enabled=true"",""probe.early_stopping.patience=5"",""probe.optuna.enabled=false"",""probe.output_dir=artifacts/probes/mvp"",""probe.output_subdir=seed_runs_layerwise_same_l_attentive_v1/mvp__same_l__jepa_v1__vitl16_224__temporal_attn__layer_24/seed_101"",""probe.eval_output_dir=artifacts/results/mvp"",""probe.eval_output_subdir=seed_runs_layerwise_same_l_attentive_v1/mvp__same_l__jepa_v1__vitl16_224__temporal_attn__layer_24/seed_101"",""probe.wandb.group=seed_runs_layerwise_same_l_attentive_v1_mvp__same_l__jepa_v1__vitl16_224__temporal_attn__layer_24"",""probe.wandb.name=mvp__same_l__jepa_v1__vitl16_224__temporal_attn__layer_24__seed_101"",""feature_cache.layer_ids=[6,12,18,24]"",""probe.temporal_attn.num_heads=16"",""probe.temporal_attn.num_self_attn_blocks=1"",""probe.temporal_attn.mlp_ratio=2"",""probe.temporal_attn.dropout=0.20000000000000001"",""feature_cache.include_tokens=true""]",results/verified_layerwise_probe_configs.csv,335,337,bb3a07cede6d918e,VERIFIED_FULL,"{""batch_size"":2,""dropout"":0.2,""early_stopping"":{""enabled"":true,""patience"":5},""epochs"":30,""eval_batch_size"":2,""feature_view"":""tokens"",""layer"":24,""lr"":0.0001,""mlp_ratio"":2.0,""num_heads"":16,""num_self_attn_blocks"":1,""slot"":null,""weight_decay"":0.01}",same_size_ablation/mvp_same_size_ablation/attentive/mvp_probe_temporal_attn_jepa_v1_vitl16_224_lr_matrix/train_eval_summary.json
mvp__same_l__jepa_v1__vitl16_224__temporal_attn__layer_24__seed_102,mvp__same_l__jepa_v1__vitl16_224__temporal_attn__layer_24,train_eval.probe.mvp,MVP,mvp,same_L,V-JEPA,ViT-L/16,Attentive,temporal_attn,102,42,jepa_v1,vitl16_224,24,,24,tokens,0.0001,0.01,2,2,30,true,5,,,16,1,2,0.20000000000000001,cuda,artifacts/probes/mvp,seed_runs_layerwise_same_l_attentive_v1/mvp__same_l__jepa_v1__vitl16_224__temporal_attn__layer_24/seed_102,artifacts/results/mvp,seed_runs_layerwise_same_l_attentive_v1/mvp__same_l__jepa_v1__vitl16_224__temporal_attn__layer_24/seed_102,seed_runs_layerwise_same_l_attentive_v1_mvp__same_l__jepa_v1__vitl16_224__temporal_attn__layer_24,mvp__same_l__jepa_v1__vitl16_224__temporal_attn__layer_24__seed_102,pending,,"[""seed=102"",""split.seed=42"",""backbone.name=jepa_v1"",""+backbone.kwargs.variant=vitl16_224"",""probe.name=temporal_attn"",""probe.layer=24"",""probe.layers=[]"",""probe.feature_view=tokens"",""probe.device=cuda"",""probe.lr=0.0001"",""probe.weight_decay=0.01"",""probe.batch_size=2"",""probe.eval_batch_size=2"",""probe.epochs=30"",""probe.early_stopping.enabled=true"",""probe.early_stopping.patience=5"",""probe.optuna.enabled=false"",""probe.output_dir=artifacts/probes/mvp"",""probe.output_subdir=seed_runs_layerwise_same_l_attentive_v1/mvp__same_l__jepa_v1__vitl16_224__temporal_attn__layer_24/seed_102"",""probe.eval_output_dir=artifacts/results/mvp"",""probe.eval_output_subdir=seed_runs_layerwise_same_l_attentive_v1/mvp__same_l__jepa_v1__vitl16_224__temporal_attn__layer_24/seed_102"",""probe.wandb.group=seed_runs_layerwise_same_l_attentive_v1_mvp__same_l__jepa_v1__vitl16_224__temporal_attn__layer_24"",""probe.wandb.name=mvp__same_l__jepa_v1__vitl16_224__temporal_attn__layer_24__seed_102"",""feature_cache.layer_ids=[6,12,18,24]"",""probe.temporal_attn.num_heads=16"",""probe.temporal_attn.num_self_attn_blocks=1"",""probe.temporal_attn.mlp_ratio=2"",""probe.temporal_attn.dropout=0.20000000000000001"",""feature_cache.include_tokens=true""]",results/verified_layerwise_probe_configs.csv,335,337,bb3a07cede6d918e,VERIFIED_FULL,"{""batch_size"":2,""dropout"":0.2,""early_stopping"":{""enabled"":true,""patience"":5},""epochs"":30,""eval_batch_size"":2,""feature_view"":""tokens"",""layer"":24,""lr"":0.0001,""mlp_ratio"":2.0,""num_heads"":16,""num_self_attn_blocks"":1,""slot"":null,""weight_decay"":0.01}",same_size_ablation/mvp_same_size_ablation/attentive/mvp_probe_temporal_attn_jepa_v1_vitl16_224_lr_matrix/train_eval_summary.json
mvp__same_l__jepa_v2__vitl_256__temporal_attn__layer_6__seed_101,mvp__same_l__jepa_v2__vitl_256__temporal_attn__layer_6,train_eval.probe.mvp,MVP,mvp,same_L,V-JEPA 2,ViT-L/16,Attentive,temporal_attn,101,42,jepa_v2,vitl_256,6,,6,tokens,5.0000000000000002e-05,0.01,1,1,30,true,5,,,16,1,2,0.20000000000000001,cuda,artifacts/probes/mvp,seed_runs_layerwise_same_l_attentive_v1/mvp__same_l__jepa_v2__vitl_256__temporal_attn__layer_6/seed_101,artifacts/results/mvp,seed_runs_layerwise_same_l_attentive_v1/mvp__same_l__jepa_v2__vitl_256__temporal_attn__layer_6/seed_101,seed_runs_layerwise_same_l_attentive_v1_mvp__same_l__jepa_v2__vitl_256__temporal_attn__layer_6,mvp__same_l__jepa_v2__vitl_256__temporal_attn__layer_6__seed_101,pending,,"[""seed=101"",""split.seed=42"",""backbone.name=jepa_v2"",""+backbone.kwargs.variant=vitl_256"",""probe.name=temporal_attn"",""probe.layer=6"",""probe.layers=[]"",""probe.feature_view=tokens"",""probe.device=cuda"",""probe.lr=5.0000000000000002e-05"",""probe.weight_decay=0.01"",""probe.batch_size=1"",""probe.eval_batch_size=1"",""probe.epochs=30"",""probe.early_stopping.enabled=true"",""probe.early_stopping.patience=5"",""probe.optuna.enabled=false"",""probe.output_dir=artifacts/probes/mvp"",""probe.output_subdir=seed_runs_layerwise_same_l_attentive_v1/mvp__same_l__jepa_v2__vitl_256__temporal_attn__layer_6/seed_101"",""probe.eval_output_dir=artifacts/results/mvp"",""probe.eval_output_subdir=seed_runs_layerwise_same_l_attentive_v1/mvp__same_l__jepa_v2__vitl_256__temporal_attn__layer_6/seed_101"",""probe.wandb.group=seed_runs_layerwise_same_l_attentive_v1_mvp__same_l__jepa_v2__vitl_256__temporal_attn__layer_6"",""probe.wandb.name=mvp__same_l__jepa_v2__vitl_256__temporal_attn__layer_6__seed_101"",""feature_cache.layer_ids=[6,12,18,24]"",""probe.temporal_attn.num_heads=16"",""probe.temporal_attn.num_self_attn_blocks=1"",""probe.temporal_attn.mlp_ratio=2"",""probe.temporal_attn.dropout=0.20000000000000001"",""feature_cache.include_tokens=true""]",results/verified_layerwise_probe_configs.csv,356,358,c55ce83b7e2a4d6f,VERIFIED_FULL,"{""batch_size"":1,""dropout"":0.2,""early_stopping"":{""enabled"":true,""patience"":5},""epochs"":30,""eval_batch_size"":1,""feature_view"":""tokens"",""layer"":6,""lr"":5e-05,""mlp_ratio"":2.0,""num_heads"":16,""num_self_attn_blocks"":1,""slot"":null,""weight_decay"":0.01}",same_size_ablation/mvp_same_size_ablation/attentive/mvp_probe_temporal_attn_jepa_v2_vitl_256_lr_matrix/train_eval_summary.json
mvp__same_l__jepa_v2__vitl_256__temporal_attn__layer_6__seed_102,mvp__same_l__jepa_v2__vitl_256__temporal_attn__layer_6,train_eval.probe.mvp,MVP,mvp,same_L,V-JEPA 2,ViT-L/16,Attentive,temporal_attn,102,42,jepa_v2,vitl_256,6,,6,tokens,5.0000000000000002e-05,0.01,1,1,30,true,5,,,16,1,2,0.20000000000000001,cuda,artifacts/probes/mvp,seed_runs_layerwise_same_l_attentive_v1/mvp__same_l__jepa_v2__vitl_256__temporal_attn__layer_6/seed_102,artifacts/results/mvp,seed_runs_layerwise_same_l_attentive_v1/mvp__same_l__jepa_v2__vitl_256__temporal_attn__layer_6/seed_102,seed_runs_layerwise_same_l_attentive_v1_mvp__same_l__jepa_v2__vitl_256__temporal_attn__layer_6,mvp__same_l__jepa_v2__vitl_256__temporal_attn__layer_6__seed_102,pending,,"[""seed=102"",""split.seed=42"",""backbone.name=jepa_v2"",""+backbone.kwargs.variant=vitl_256"",""probe.name=temporal_attn"",""probe.layer=6"",""probe.layers=[]"",""probe.feature_view=tokens"",""probe.device=cuda"",""probe.lr=5.0000000000000002e-05"",""probe.weight_decay=0.01"",""probe.batch_size=1"",""probe.eval_batch_size=1"",""probe.epochs=30"",""probe.early_stopping.enabled=true"",""probe.early_stopping.patience=5"",""probe.optuna.enabled=false"",""probe.output_dir=artifacts/probes/mvp"",""probe.output_subdir=seed_runs_layerwise_same_l_attentive_v1/mvp__same_l__jepa_v2__vitl_256__temporal_attn__layer_6/seed_102"",""probe.eval_output_dir=artifacts/results/mvp"",""probe.eval_output_subdir=seed_runs_layerwise_same_l_attentive_v1/mvp__same_l__jepa_v2__vitl_256__temporal_attn__layer_6/seed_102"",""probe.wandb.group=seed_runs_layerwise_same_l_attentive_v1_mvp__same_l__jepa_v2__vitl_256__temporal_attn__layer_6"",""probe.wandb.name=mvp__same_l__jepa_v2__vitl_256__temporal_attn__layer_6__seed_102"",""feature_cache.layer_ids=[6,12,18,24]"",""probe.temporal_attn.num_heads=16"",""probe.temporal_attn.num_self_attn_blocks=1"",""probe.temporal_attn.mlp_ratio=2"",""probe.temporal_attn.dropout=0.20000000000000001"",""feature_cache.include_tokens=true""]",results/verified_layerwise_probe_configs.csv,356,358,c55ce83b7e2a4d6f,VERIFIED_FULL,"{""batch_size"":1,""dropout"":0.2,""early_stopping"":{""enabled"":true,""patience"":5},""epochs"":30,""eval_batch_size"":1,""feature_view"":""tokens"",""layer"":6,""lr"":5e-05,""mlp_ratio"":2.0,""num_heads"":16,""num_self_attn_blocks"":1,""slot"":null,""weight_decay"":0.01}",same_size_ablation/mvp_same_size_ablation/attentive/mvp_probe_temporal_attn_jepa_v2_vitl_256_lr_matrix/train_eval_summary.json
mvp__same_l__jepa_v2__vitl_256__temporal_attn__layer_12__seed_101,mvp__same_l__jepa_v2__vitl_256__temporal_attn__layer_12,train_eval.probe.mvp,MVP,mvp,same_L,V-JEPA 2,ViT-L/16,Attentive,temporal_attn,101,42,jepa_v2,vitl_256,12,,12,tokens,5.0000000000000002e-05,0.01,1,1,30,true,5,,,16,1,2,0.20000000000000001,cuda,artifacts/probes/mvp,seed_runs_layerwise_same_l_attentive_v1/mvp__same_l__jepa_v2__vitl_256__temporal_attn__layer_12/seed_101,artifacts/results/mvp,seed_runs_layerwise_same_l_attentive_v1/mvp__same_l__jepa_v2__vitl_256__temporal_attn__layer_12/seed_101,seed_runs_layerwise_same_l_attentive_v1_mvp__same_l__jepa_v2__vitl_256__temporal_attn__layer_12,mvp__same_l__jepa_v2__vitl_256__temporal_attn__layer_12__seed_101,pending,,"[""seed=101"",""split.seed=42"",""backbone.name=jepa_v2"",""+backbone.kwargs.variant=vitl_256"",""probe.name=temporal_attn"",""probe.layer=12"",""probe.layers=[]"",""probe.feature_view=tokens"",""probe.device=cuda"",""probe.lr=5.0000000000000002e-05"",""probe.weight_decay=0.01"",""probe.batch_size=1"",""probe.eval_batch_size=1"",""probe.epochs=30"",""probe.early_stopping.enabled=true"",""probe.early_stopping.patience=5"",""probe.optuna.enabled=false"",""probe.output_dir=artifacts/probes/mvp"",""probe.output_subdir=seed_runs_layerwise_same_l_attentive_v1/mvp__same_l__jepa_v2__vitl_256__temporal_attn__layer_12/seed_101"",""probe.eval_output_dir=artifacts/results/mvp"",""probe.eval_output_subdir=seed_runs_layerwise_same_l_attentive_v1/mvp__same_l__jepa_v2__vitl_256__temporal_attn__layer_12/seed_101"",""probe.wandb.group=seed_runs_layerwise_same_l_attentive_v1_mvp__same_l__jepa_v2__vitl_256__temporal_attn__layer_12"",""probe.wandb.name=mvp__same_l__jepa_v2__vitl_256__temporal_attn__layer_12__seed_101"",""feature_cache.layer_ids=[6,12,18,24]"",""probe.temporal_attn.num_heads=16"",""probe.temporal_attn.num_self_attn_blocks=1"",""probe.temporal_attn.mlp_ratio=2"",""probe.temporal_attn.dropout=0.20000000000000001"",""feature_cache.include_tokens=true""]",results/verified_layerwise_probe_configs.csv,357,359,f9e785eee5cd7c33,VERIFIED_FULL,"{""batch_size"":1,""dropout"":0.2,""early_stopping"":{""enabled"":true,""patience"":5},""epochs"":30,""eval_batch_size"":1,""feature_view"":""tokens"",""layer"":12,""lr"":5e-05,""mlp_ratio"":2.0,""num_heads"":16,""num_self_attn_blocks"":1,""slot"":null,""weight_decay"":0.01}",same_size_ablation/mvp_same_size_ablation/attentive/mvp_probe_temporal_attn_jepa_v2_vitl_256_lr_matrix/train_eval_summary.json
mvp__same_l__jepa_v2__vitl_256__temporal_attn__layer_12__seed_102,mvp__same_l__jepa_v2__vitl_256__temporal_attn__layer_12,train_eval.probe.mvp,MVP,mvp,same_L,V-JEPA 2,ViT-L/16,Attentive,temporal_attn,102,42,jepa_v2,vitl_256,12,,12,tokens,5.0000000000000002e-05,0.01,1,1,30,true,5,,,16,1,2,0.20000000000000001,cuda,artifacts/probes/mvp,seed_runs_layerwise_same_l_attentive_v1/mvp__same_l__jepa_v2__vitl_256__temporal_attn__layer_12/seed_102,artifacts/results/mvp,seed_runs_layerwise_same_l_attentive_v1/mvp__same_l__jepa_v2__vitl_256__temporal_attn__layer_12/seed_102,seed_runs_layerwise_same_l_attentive_v1_mvp__same_l__jepa_v2__vitl_256__temporal_attn__layer_12,mvp__same_l__jepa_v2__vitl_256__temporal_attn__layer_12__seed_102,pending,,"[""seed=102"",""split.seed=42"",""backbone.name=jepa_v2"",""+backbone.kwargs.variant=vitl_256"",""probe.name=temporal_attn"",""probe.layer=12"",""probe.layers=[]"",""probe.feature_view=tokens"",""probe.device=cuda"",""probe.lr=5.0000000000000002e-05"",""probe.weight_decay=0.01"",""probe.batch_size=1"",""probe.eval_batch_size=1"",""probe.epochs=30"",""probe.early_stopping.enabled=true"",""probe.early_stopping.patience=5"",""probe.optuna.enabled=false"",""probe.output_dir=artifacts/probes/mvp"",""probe.output_subdir=seed_runs_layerwise_same_l_attentive_v1/mvp__same_l__jepa_v2__vitl_256__temporal_attn__layer_12/seed_102"",""probe.eval_output_dir=artifacts/results/mvp"",""probe.eval_output_subdir=seed_runs_layerwise_same_l_attentive_v1/mvp__same_l__jepa_v2__vitl_256__temporal_attn__layer_12/seed_102"",""probe.wandb.group=seed_runs_layerwise_same_l_attentive_v1_mvp__same_l__jepa_v2__vitl_256__temporal_attn__layer_12"",""probe.wandb.name=mvp__same_l__jepa_v2__vitl_256__temporal_attn__layer_12__seed_102"",""feature_cache.layer_ids=[6,12,18,24]"",""probe.temporal_attn.num_heads=16"",""probe.temporal_attn.num_self_attn_blocks=1"",""probe.temporal_attn.mlp_ratio=2"",""probe.temporal_attn.dropout=0.20000000000000001"",""feature_cache.include_tokens=true""]",results/verified_layerwise_probe_configs.csv,357,359,f9e785eee5cd7c33,VERIFIED_FULL,"{""batch_size"":1,""dropout"":0.2,""early_stopping"":{""enabled"":true,""patience"":5},""epochs"":30,""eval_batch_size"":1,""feature_view"":""tokens"",""layer"":12,""lr"":5e-05,""mlp_ratio"":2.0,""num_heads"":16,""num_self_attn_blocks"":1,""slot"":null,""weight_decay"":0.01}",same_size_ablation/mvp_same_size_ablation/attentive/mvp_probe_temporal_attn_jepa_v2_vitl_256_lr_matrix/train_eval_summary.json
mvp__same_l__jepa_v2__vitl_256__temporal_attn__layer_18__seed_101,mvp__same_l__jepa_v2__vitl_256__temporal_attn__layer_18,train_eval.probe.mvp,MVP,mvp,same_L,V-JEPA 2,ViT-L/16,Attentive,temporal_attn,101,42,jepa_v2,vitl_256,18,,18,tokens,0.0001,0.01,1,1,30,true,5,,,16,1,2,0.20000000000000001,cuda,artifacts/probes/mvp,seed_runs_layerwise_same_l_attentive_v1/mvp__same_l__jepa_v2__vitl_256__temporal_attn__layer_18/seed_101,artifacts/results/mvp,seed_runs_layerwise_same_l_attentive_v1/mvp__same_l__jepa_v2__vitl_256__temporal_attn__layer_18/seed_101,seed_runs_layerwise_same_l_attentive_v1_mvp__same_l__jepa_v2__vitl_256__temporal_attn__layer_18,mvp__same_l__jepa_v2__vitl_256__temporal_attn__layer_18__seed_101,pending,,"[""seed=101"",""split.seed=42"",""backbone.name=jepa_v2"",""+backbone.kwargs.variant=vitl_256"",""probe.name=temporal_attn"",""probe.layer=18"",""probe.layers=[]"",""probe.feature_view=tokens"",""probe.device=cuda"",""probe.lr=0.0001"",""probe.weight_decay=0.01"",""probe.batch_size=1"",""probe.eval_batch_size=1"",""probe.epochs=30"",""probe.early_stopping.enabled=true"",""probe.early_stopping.patience=5"",""probe.optuna.enabled=false"",""probe.output_dir=artifacts/probes/mvp"",""probe.output_subdir=seed_runs_layerwise_same_l_attentive_v1/mvp__same_l__jepa_v2__vitl_256__temporal_attn__layer_18/seed_101"",""probe.eval_output_dir=artifacts/results/mvp"",""probe.eval_output_subdir=seed_runs_layerwise_same_l_attentive_v1/mvp__same_l__jepa_v2__vitl_256__temporal_attn__layer_18/seed_101"",""probe.wandb.group=seed_runs_layerwise_same_l_attentive_v1_mvp__same_l__jepa_v2__vitl_256__temporal_attn__layer_18"",""probe.wandb.name=mvp__same_l__jepa_v2__vitl_256__temporal_attn__layer_18__seed_101"",""feature_cache.layer_ids=[6,12,18,24]"",""probe.temporal_attn.num_heads=16"",""probe.temporal_attn.num_self_attn_blocks=1"",""probe.temporal_attn.mlp_ratio=2"",""probe.temporal_attn.dropout=0.20000000000000001"",""feature_cache.include_tokens=true""]",results/verified_layerwise_probe_configs.csv,358,360,e0b4280687aeda09,VERIFIED_FULL,"{""batch_size"":1,""dropout"":0.2,""early_stopping"":{""enabled"":true,""patience"":5},""epochs"":30,""eval_batch_size"":1,""feature_view"":""tokens"",""layer"":18,""lr"":0.0001,""mlp_ratio"":2.0,""num_heads"":16,""num_self_attn_blocks"":1,""slot"":null,""weight_decay"":0.01}",same_size_ablation/mvp_same_size_ablation/attentive/mvp_probe_temporal_attn_jepa_v2_vitl_256_lr_matrix/train_eval_summary.json
mvp__same_l__jepa_v2__vitl_256__temporal_attn__layer_18__seed_102,mvp__same_l__jepa_v2__vitl_256__temporal_attn__layer_18,train_eval.probe.mvp,MVP,mvp,same_L,V-JEPA 2,ViT-L/16,Attentive,temporal_attn,102,42,jepa_v2,vitl_256,18,,18,tokens,0.0001,0.01,1,1,30,true,5,,,16,1,2,0.20000000000000001,cuda,artifacts/probes/mvp,seed_runs_layerwise_same_l_attentive_v1/mvp__same_l__jepa_v2__vitl_256__temporal_attn__layer_18/seed_102,artifacts/results/mvp,seed_runs_layerwise_same_l_attentive_v1/mvp__same_l__jepa_v2__vitl_256__temporal_attn__layer_18/seed_102,seed_runs_layerwise_same_l_attentive_v1_mvp__same_l__jepa_v2__vitl_256__temporal_attn__layer_18,mvp__same_l__jepa_v2__vitl_256__temporal_attn__layer_18__seed_102,pending,,"[""seed=102"",""split.seed=42"",""backbone.name=jepa_v2"",""+backbone.kwargs.variant=vitl_256"",""probe.name=temporal_attn"",""probe.layer=18"",""probe.layers=[]"",""probe.feature_view=tokens"",""probe.device=cuda"",""probe.lr=0.0001"",""probe.weight_decay=0.01"",""probe.batch_size=1"",""probe.eval_batch_size=1"",""probe.epochs=30"",""probe.early_stopping.enabled=true"",""probe.early_stopping.patience=5"",""probe.optuna.enabled=false"",""probe.output_dir=artifacts/probes/mvp"",""probe.output_subdir=seed_runs_layerwise_same_l_attentive_v1/mvp__same_l__jepa_v2__vitl_256__temporal_attn__layer_18/seed_102"",""probe.eval_output_dir=artifacts/results/mvp"",""probe.eval_output_subdir=seed_runs_layerwise_same_l_attentive_v1/mvp__same_l__jepa_v2__vitl_256__temporal_attn__layer_18/seed_102"",""probe.wandb.group=seed_runs_layerwise_same_l_attentive_v1_mvp__same_l__jepa_v2__vitl_256__temporal_attn__layer_18"",""probe.wandb.name=mvp__same_l__jepa_v2__vitl_256__temporal_attn__layer_18__seed_102"",""feature_cache.layer_ids=[6,12,18,24]"",""probe.temporal_attn.num_heads=16"",""probe.temporal_attn.num_self_attn_blocks=1"",""probe.temporal_attn.mlp_ratio=2"",""probe.temporal_attn.dropout=0.20000000000000001"",""feature_cache.include_tokens=true""]",results/verified_layerwise_probe_configs.csv,358,360,e0b4280687aeda09,VERIFIED_FULL,"{""batch_size"":1,""dropout"":0.2,""early_stopping"":{""enabled"":true,""patience"":5},""epochs"":30,""eval_batch_size"":1,""feature_view"":""tokens"",""layer"":18,""lr"":0.0001,""mlp_ratio"":2.0,""num_heads"":16,""num_self_attn_blocks"":1,""slot"":null,""weight_decay"":0.01}",same_size_ablation/mvp_same_size_ablation/attentive/mvp_probe_temporal_attn_jepa_v2_vitl_256_lr_matrix/train_eval_summary.json
mvp__same_l__jepa_v2__vitl_256__temporal_attn__layer_24__seed_101,mvp__same_l__jepa_v2__vitl_256__temporal_attn__layer_24,train_eval.probe.mvp,MVP,mvp,same_L,V-JEPA 2,ViT-L/16,Attentive,temporal_attn,101,42,jepa_v2,vitl_256,24,,24,tokens,1.0000000000000001e-05,0.01,1,1,30,true,5,,,16,1,2,0.20000000000000001,cuda,artifacts/probes/mvp,seed_runs_layerwise_same_l_attentive_v1/mvp__same_l__jepa_v2__vitl_256__temporal_attn__layer_24/seed_101,artifacts/results/mvp,seed_runs_layerwise_same_l_attentive_v1/mvp__same_l__jepa_v2__vitl_256__temporal_attn__layer_24/seed_101,seed_runs_layerwise_same_l_attentive_v1_mvp__same_l__jepa_v2__vitl_256__temporal_attn__layer_24,mvp__same_l__jepa_v2__vitl_256__temporal_attn__layer_24__seed_101,pending,,"[""seed=101"",""split.seed=42"",""backbone.name=jepa_v2"",""+backbone.kwargs.variant=vitl_256"",""probe.name=temporal_attn"",""probe.layer=24"",""probe.layers=[]"",""probe.feature_view=tokens"",""probe.device=cuda"",""probe.lr=1.0000000000000001e-05"",""probe.weight_decay=0.01"",""probe.batch_size=1"",""probe.eval_batch_size=1"",""probe.epochs=30"",""probe.early_stopping.enabled=true"",""probe.early_stopping.patience=5"",""probe.optuna.enabled=false"",""probe.output_dir=artifacts/probes/mvp"",""probe.output_subdir=seed_runs_layerwise_same_l_attentive_v1/mvp__same_l__jepa_v2__vitl_256__temporal_attn__layer_24/seed_101"",""probe.eval_output_dir=artifacts/results/mvp"",""probe.eval_output_subdir=seed_runs_layerwise_same_l_attentive_v1/mvp__same_l__jepa_v2__vitl_256__temporal_attn__layer_24/seed_101"",""probe.wandb.group=seed_runs_layerwise_same_l_attentive_v1_mvp__same_l__jepa_v2__vitl_256__temporal_attn__layer_24"",""probe.wandb.name=mvp__same_l__jepa_v2__vitl_256__temporal_attn__layer_24__seed_101"",""feature_cache.layer_ids=[6,12,18,24]"",""probe.temporal_attn.num_heads=16"",""probe.temporal_attn.num_self_attn_blocks=1"",""probe.temporal_attn.mlp_ratio=2"",""probe.temporal_attn.dropout=0.20000000000000001"",""feature_cache.include_tokens=true""]",results/verified_layerwise_probe_configs.csv,359,361,113c229370486506,VERIFIED_FULL,"{""batch_size"":1,""dropout"":0.2,""early_stopping"":{""enabled"":true,""patience"":5},""epochs"":30,""eval_batch_size"":1,""feature_view"":""tokens"",""layer"":24,""lr"":1e-05,""mlp_ratio"":2.0,""num_heads"":16,""num_self_attn_blocks"":1,""slot"":null,""weight_decay"":0.01}",same_size_ablation/mvp_same_size_ablation/attentive/mvp_probe_temporal_attn_jepa_v2_vitl_256_lr_matrix/train_eval_summary.json
mvp__same_l__jepa_v2__vitl_256__temporal_attn__layer_24__seed_102,mvp__same_l__jepa_v2__vitl_256__temporal_attn__layer_24,train_eval.probe.mvp,MVP,mvp,same_L,V-JEPA 2,ViT-L/16,Attentive,temporal_attn,102,42,jepa_v2,vitl_256,24,,24,tokens,1.0000000000000001e-05,0.01,1,1,30,true,5,,,16,1,2,0.20000000000000001,cuda,artifacts/probes/mvp,seed_runs_layerwise_same_l_attentive_v1/mvp__same_l__jepa_v2__vitl_256__temporal_attn__layer_24/seed_102,artifacts/results/mvp,seed_runs_layerwise_same_l_attentive_v1/mvp__same_l__jepa_v2__vitl_256__temporal_attn__layer_24/seed_102,seed_runs_layerwise_same_l_attentive_v1_mvp__same_l__jepa_v2__vitl_256__temporal_attn__layer_24,mvp__same_l__jepa_v2__vitl_256__temporal_attn__layer_24__seed_102,pending,,"[""seed=102"",""split.seed=42"",""backbone.name=jepa_v2"",""+backbone.kwargs.variant=vitl_256"",""probe.name=temporal_attn"",""probe.layer=24"",""probe.layers=[]"",""probe.feature_view=tokens"",""probe.device=cuda"",""probe.lr=1.0000000000000001e-05"",""probe.weight_decay=0.01"",""probe.batch_size=1"",""probe.eval_batch_size=1"",""probe.epochs=30"",""probe.early_stopping.enabled=true"",""probe.early_stopping.patience=5"",""probe.optuna.enabled=false"",""probe.output_dir=artifacts/probes/mvp"",""probe.output_subdir=seed_runs_layerwise_same_l_attentive_v1/mvp__same_l__jepa_v2__vitl_256__temporal_attn__layer_24/seed_102"",""probe.eval_output_dir=artifacts/results/mvp"",""probe.eval_output_subdir=seed_runs_layerwise_same_l_attentive_v1/mvp__same_l__jepa_v2__vitl_256__temporal_attn__layer_24/seed_102"",""probe.wandb.group=seed_runs_layerwise_same_l_attentive_v1_mvp__same_l__jepa_v2__vitl_256__temporal_attn__layer_24"",""probe.wandb.name=mvp__same_l__jepa_v2__vitl_256__temporal_attn__layer_24__seed_102"",""feature_cache.layer_ids=[6,12,18,24]"",""probe.temporal_attn.num_heads=16"",""probe.temporal_attn.num_self_attn_blocks=1"",""probe.temporal_attn.mlp_ratio=2"",""probe.temporal_attn.dropout=0.20000000000000001"",""feature_cache.include_tokens=true""]",results/verified_layerwise_probe_configs.csv,359,361,113c229370486506,VERIFIED_FULL,"{""batch_size"":1,""dropout"":0.2,""early_stopping"":{""enabled"":true,""patience"":5},""epochs"":30,""eval_batch_size"":1,""feature_view"":""tokens"",""layer"":24,""lr"":1e-05,""mlp_ratio"":2.0,""num_heads"":16,""num_self_attn_blocks"":1,""slot"":null,""weight_decay"":0.01}",same_size_ablation/mvp_same_size_ablation/attentive/mvp_probe_temporal_attn_jepa_v2_vitl_256_lr_matrix/train_eval_summary.json
mvp__same_l__jepa_v2_1__vitl_384__temporal_attn__layer_6__seed_101,mvp__same_l__jepa_v2_1__vitl_384__temporal_attn__layer_6,train_eval.probe.mvp,MVP,mvp,same_L,V-JEPA 2.1,ViT-L/16,Attentive,temporal_attn,101,42,jepa_v2_1,vitl_384,6,,6,tokens,0.0001,0.01,2,2,30,true,5,,,16,1,2,0.20000000000000001,cuda,artifacts/probes/mvp,seed_runs_layerwise_same_l_attentive_v1/mvp__same_l__jepa_v2_1__vitl_384__temporal_attn__layer_6/seed_101,artifacts/results/mvp,seed_runs_layerwise_same_l_attentive_v1/mvp__same_l__jepa_v2_1__vitl_384__temporal_attn__layer_6/seed_101,seed_runs_layerwise_same_l_attentive_v1_mvp__same_l__jepa_v2_1__vitl_384__temporal_attn__layer_6,mvp__same_l__jepa_v2_1__vitl_384__temporal_attn__layer_6__seed_101,pending,,"[""seed=101"",""split.seed=42"",""backbone.name=jepa_v2_1"",""+backbone.kwargs.variant=vitl_384"",""probe.name=temporal_attn"",""probe.layer=6"",""probe.layers=[]"",""probe.feature_view=tokens"",""probe.device=cuda"",""probe.lr=0.0001"",""probe.weight_decay=0.01"",""probe.batch_size=2"",""probe.eval_batch_size=2"",""probe.epochs=30"",""probe.early_stopping.enabled=true"",""probe.early_stopping.patience=5"",""probe.optuna.enabled=false"",""probe.output_dir=artifacts/probes/mvp"",""probe.output_subdir=seed_runs_layerwise_same_l_attentive_v1/mvp__same_l__jepa_v2_1__vitl_384__temporal_attn__layer_6/seed_101"",""probe.eval_output_dir=artifacts/results/mvp"",""probe.eval_output_subdir=seed_runs_layerwise_same_l_attentive_v1/mvp__same_l__jepa_v2_1__vitl_384__temporal_attn__layer_6/seed_101"",""probe.wandb.group=seed_runs_layerwise_same_l_attentive_v1_mvp__same_l__jepa_v2_1__vitl_384__temporal_attn__layer_6"",""probe.wandb.name=mvp__same_l__jepa_v2_1__vitl_384__temporal_attn__layer_6__seed_101"",""feature_cache.layer_ids=[6,12,18,24]"",""probe.temporal_attn.num_heads=16"",""probe.temporal_attn.num_self_attn_blocks=1"",""probe.temporal_attn.mlp_ratio=2"",""probe.temporal_attn.dropout=0.20000000000000001"",""feature_cache.include_tokens=true""]",results/verified_layerwise_probe_configs.csv,392,394,6d6f1bb2ae5bf4cb,VERIFIED_FULL,"{""batch_size"":2,""dropout"":0.2,""early_stopping"":{""enabled"":true,""patience"":5},""epochs"":30,""eval_batch_size"":2,""feature_view"":""tokens"",""layer"":6,""lr"":0.0001,""mlp_ratio"":2.0,""num_heads"":16,""num_self_attn_blocks"":1,""slot"":null,""weight_decay"":0.01}",same_size_ablation/mvp_same_size_ablation/attentive/mvp_probe_temporal_attn_jepa_v2_1_vitl_384_lr_matrix/train_eval_summary.json
mvp__same_l__jepa_v2_1__vitl_384__temporal_attn__layer_6__seed_102,mvp__same_l__jepa_v2_1__vitl_384__temporal_attn__layer_6,train_eval.probe.mvp,MVP,mvp,same_L,V-JEPA 2.1,ViT-L/16,Attentive,temporal_attn,102,42,jepa_v2_1,vitl_384,6,,6,tokens,0.0001,0.01,2,2,30,true,5,,,16,1,2,0.20000000000000001,cuda,artifacts/probes/mvp,seed_runs_layerwise_same_l_attentive_v1/mvp__same_l__jepa_v2_1__vitl_384__temporal_attn__layer_6/seed_102,artifacts/results/mvp,seed_runs_layerwise_same_l_attentive_v1/mvp__same_l__jepa_v2_1__vitl_384__temporal_attn__layer_6/seed_102,seed_runs_layerwise_same_l_attentive_v1_mvp__same_l__jepa_v2_1__vitl_384__temporal_attn__layer_6,mvp__same_l__jepa_v2_1__vitl_384__temporal_attn__layer_6__seed_102,pending,,"[""seed=102"",""split.seed=42"",""backbone.name=jepa_v2_1"",""+backbone.kwargs.variant=vitl_384"",""probe.name=temporal_attn"",""probe.layer=6"",""probe.layers=[]"",""probe.feature_view=tokens"",""probe.device=cuda"",""probe.lr=0.0001"",""probe.weight_decay=0.01"",""probe.batch_size=2"",""probe.eval_batch_size=2"",""probe.epochs=30"",""probe.early_stopping.enabled=true"",""probe.early_stopping.patience=5"",""probe.optuna.enabled=false"",""probe.output_dir=artifacts/probes/mvp"",""probe.output_subdir=seed_runs_layerwise_same_l_attentive_v1/mvp__same_l__jepa_v2_1__vitl_384__temporal_attn__layer_6/seed_102"",""probe.eval_output_dir=artifacts/results/mvp"",""probe.eval_output_subdir=seed_runs_layerwise_same_l_attentive_v1/mvp__same_l__jepa_v2_1__vitl_384__temporal_attn__layer_6/seed_102"",""probe.wandb.group=seed_runs_layerwise_same_l_attentive_v1_mvp__same_l__jepa_v2_1__vitl_384__temporal_attn__layer_6"",""probe.wandb.name=mvp__same_l__jepa_v2_1__vitl_384__temporal_attn__layer_6__seed_102"",""feature_cache.layer_ids=[6,12,18,24]"",""probe.temporal_attn.num_heads=16"",""probe.temporal_attn.num_self_attn_blocks=1"",""probe.temporal_attn.mlp_ratio=2"",""probe.temporal_attn.dropout=0.20000000000000001"",""feature_cache.include_tokens=true""]",results/verified_layerwise_probe_configs.csv,392,394,6d6f1bb2ae5bf4cb,VERIFIED_FULL,"{""batch_size"":2,""dropout"":0.2,""early_stopping"":{""enabled"":true,""patience"":5},""epochs"":30,""eval_batch_size"":2,""feature_view"":""tokens"",""layer"":6,""lr"":0.0001,""mlp_ratio"":2.0,""num_heads"":16,""num_self_attn_blocks"":1,""slot"":null,""weight_decay"":0.01}",same_size_ablation/mvp_same_size_ablation/attentive/mvp_probe_temporal_attn_jepa_v2_1_vitl_384_lr_matrix/train_eval_summary.json
mvp__same_l__jepa_v2_1__vitl_384__temporal_attn__layer_12__seed_101,mvp__same_l__jepa_v2_1__vitl_384__temporal_attn__layer_12,train_eval.probe.mvp,MVP,mvp,same_L,V-JEPA 2.1,ViT-L/16,Attentive,temporal_attn,101,42,jepa_v2_1,vitl_384,12,,12,tokens,5.0000000000000002e-05,0.01,2,2,30,true,5,,,16,1,2,0.20000000000000001,cuda,artifacts/probes/mvp,seed_runs_layerwise_same_l_attentive_v1/mvp__same_l__jepa_v2_1__vitl_384__temporal_attn__layer_12/seed_101,artifacts/results/mvp,seed_runs_layerwise_same_l_attentive_v1/mvp__same_l__jepa_v2_1__vitl_384__temporal_attn__layer_12/seed_101,seed_runs_layerwise_same_l_attentive_v1_mvp__same_l__jepa_v2_1__vitl_384__temporal_attn__layer_12,mvp__same_l__jepa_v2_1__vitl_384__temporal_attn__layer_12__seed_101,pending,,"[""seed=101"",""split.seed=42"",""backbone.name=jepa_v2_1"",""+backbone.kwargs.variant=vitl_384"",""probe.name=temporal_attn"",""probe.layer=12"",""probe.layers=[]"",""probe.feature_view=tokens"",""probe.device=cuda"",""probe.lr=5.0000000000000002e-05"",""probe.weight_decay=0.01"",""probe.batch_size=2"",""probe.eval_batch_size=2"",""probe.epochs=30"",""probe.early_stopping.enabled=true"",""probe.early_stopping.patience=5"",""probe.optuna.enabled=false"",""probe.output_dir=artifacts/probes/mvp"",""probe.output_subdir=seed_runs_layerwise_same_l_attentive_v1/mvp__same_l__jepa_v2_1__vitl_384__temporal_attn__layer_12/seed_101"",""probe.eval_output_dir=artifacts/results/mvp"",""probe.eval_output_subdir=seed_runs_layerwise_same_l_attentive_v1/mvp__same_l__jepa_v2_1__vitl_384__temporal_attn__layer_12/seed_101"",""probe.wandb.group=seed_runs_layerwise_same_l_attentive_v1_mvp__same_l__jepa_v2_1__vitl_384__temporal_attn__layer_12"",""probe.wandb.name=mvp__same_l__jepa_v2_1__vitl_384__temporal_attn__layer_12__seed_101"",""feature_cache.layer_ids=[6,12,18,24]"",""probe.temporal_attn.num_heads=16"",""probe.temporal_attn.num_self_attn_blocks=1"",""probe.temporal_attn.mlp_ratio=2"",""probe.temporal_attn.dropout=0.20000000000000001"",""feature_cache.include_tokens=true""]",results/verified_layerwise_probe_configs.csv,393,395,67fc16394d5b47c0,VERIFIED_FULL,"{""batch_size"":2,""dropout"":0.2,""early_stopping"":{""enabled"":true,""patience"":5},""epochs"":30,""eval_batch_size"":2,""feature_view"":""tokens"",""layer"":12,""lr"":5e-05,""mlp_ratio"":2.0,""num_heads"":16,""num_self_attn_blocks"":1,""slot"":null,""weight_decay"":0.01}",same_size_ablation/mvp_same_size_ablation/attentive/mvp_probe_temporal_attn_jepa_v2_1_vitl_384_lr_matrix/train_eval_summary.json
mvp__same_l__jepa_v2_1__vitl_384__temporal_attn__layer_12__seed_102,mvp__same_l__jepa_v2_1__vitl_384__temporal_attn__layer_12,train_eval.probe.mvp,MVP,mvp,same_L,V-JEPA 2.1,ViT-L/16,Attentive,temporal_attn,102,42,jepa_v2_1,vitl_384,12,,12,tokens,5.0000000000000002e-05,0.01,2,2,30,true,5,,,16,1,2,0.20000000000000001,cuda,artifacts/probes/mvp,seed_runs_layerwise_same_l_attentive_v1/mvp__same_l__jepa_v2_1__vitl_384__temporal_attn__layer_12/seed_102,artifacts/results/mvp,seed_runs_layerwise_same_l_attentive_v1/mvp__same_l__jepa_v2_1__vitl_384__temporal_attn__layer_12/seed_102,seed_runs_layerwise_same_l_attentive_v1_mvp__same_l__jepa_v2_1__vitl_384__temporal_attn__layer_12,mvp__same_l__jepa_v2_1__vitl_384__temporal_attn__layer_12__seed_102,pending,,"[""seed=102"",""split.seed=42"",""backbone.name=jepa_v2_1"",""+backbone.kwargs.variant=vitl_384"",""probe.name=temporal_attn"",""probe.layer=12"",""probe.layers=[]"",""probe.feature_view=tokens"",""probe.device=cuda"",""probe.lr=5.0000000000000002e-05"",""probe.weight_decay=0.01"",""probe.batch_size=2"",""probe.eval_batch_size=2"",""probe.epochs=30"",""probe.early_stopping.enabled=true"",""probe.early_stopping.patience=5"",""probe.optuna.enabled=false"",""probe.output_dir=artifacts/probes/mvp"",""probe.output_subdir=seed_runs_layerwise_same_l_attentive_v1/mvp__same_l__jepa_v2_1__vitl_384__temporal_attn__layer_12/seed_102"",""probe.eval_output_dir=artifacts/results/mvp"",""probe.eval_output_subdir=seed_runs_layerwise_same_l_attentive_v1/mvp__same_l__jepa_v2_1__vitl_384__temporal_attn__layer_12/seed_102"",""probe.wandb.group=seed_runs_layerwise_same_l_attentive_v1_mvp__same_l__jepa_v2_1__vitl_384__temporal_attn__layer_12"",""probe.wandb.name=mvp__same_l__jepa_v2_1__vitl_384__temporal_attn__layer_12__seed_102"",""feature_cache.layer_ids=[6,12,18,24]"",""probe.temporal_attn.num_heads=16"",""probe.temporal_attn.num_self_attn_blocks=1"",""probe.temporal_attn.mlp_ratio=2"",""probe.temporal_attn.dropout=0.20000000000000001"",""feature_cache.include_tokens=true""]",results/verified_layerwise_probe_configs.csv,393,395,67fc16394d5b47c0,VERIFIED_FULL,"{""batch_size"":2,""dropout"":0.2,""early_stopping"":{""enabled"":true,""patience"":5},""epochs"":30,""eval_batch_size"":2,""feature_view"":""tokens"",""layer"":12,""lr"":5e-05,""mlp_ratio"":2.0,""num_heads"":16,""num_self_attn_blocks"":1,""slot"":null,""weight_decay"":0.01}",same_size_ablation/mvp_same_size_ablation/attentive/mvp_probe_temporal_attn_jepa_v2_1_vitl_384_lr_matrix/train_eval_summary.json
mvp__same_l__jepa_v2_1__vitl_384__temporal_attn__layer_18__seed_101,mvp__same_l__jepa_v2_1__vitl_384__temporal_attn__layer_18,train_eval.probe.mvp,MVP,mvp,same_L,V-JEPA 2.1,ViT-L/16,Attentive,temporal_attn,101,42,jepa_v2_1,vitl_384,18,,18,tokens,5.0000000000000002e-05,0.01,2,2,30,true,5,,,16,1,2,0.20000000000000001,cuda,artifacts/probes/mvp,seed_runs_layerwise_same_l_attentive_v1/mvp__same_l__jepa_v2_1__vitl_384__temporal_attn__layer_18/seed_101,artifacts/results/mvp,seed_runs_layerwise_same_l_attentive_v1/mvp__same_l__jepa_v2_1__vitl_384__temporal_attn__layer_18/seed_101,seed_runs_layerwise_same_l_attentive_v1_mvp__same_l__jepa_v2_1__vitl_384__temporal_attn__layer_18,mvp__same_l__jepa_v2_1__vitl_384__temporal_attn__layer_18__seed_101,pending,,"[""seed=101"",""split.seed=42"",""backbone.name=jepa_v2_1"",""+backbone.kwargs.variant=vitl_384"",""probe.name=temporal_attn"",""probe.layer=18"",""probe.layers=[]"",""probe.feature_view=tokens"",""probe.device=cuda"",""probe.lr=5.0000000000000002e-05"",""probe.weight_decay=0.01"",""probe.batch_size=2"",""probe.eval_batch_size=2"",""probe.epochs=30"",""probe.early_stopping.enabled=true"",""probe.early_stopping.patience=5"",""probe.optuna.enabled=false"",""probe.output_dir=artifacts/probes/mvp"",""probe.output_subdir=seed_runs_layerwise_same_l_attentive_v1/mvp__same_l__jepa_v2_1__vitl_384__temporal_attn__layer_18/seed_101"",""probe.eval_output_dir=artifacts/results/mvp"",""probe.eval_output_subdir=seed_runs_layerwise_same_l_attentive_v1/mvp__same_l__jepa_v2_1__vitl_384__temporal_attn__layer_18/seed_101"",""probe.wandb.group=seed_runs_layerwise_same_l_attentive_v1_mvp__same_l__jepa_v2_1__vitl_384__temporal_attn__layer_18"",""probe.wandb.name=mvp__same_l__jepa_v2_1__vitl_384__temporal_attn__layer_18__seed_101"",""feature_cache.layer_ids=[6,12,18,24]"",""probe.temporal_attn.num_heads=16"",""probe.temporal_attn.num_self_attn_blocks=1"",""probe.temporal_attn.mlp_ratio=2"",""probe.temporal_attn.dropout=0.20000000000000001"",""feature_cache.include_tokens=true""]",results/verified_layerwise_probe_configs.csv,394,396,bb27b9bc38da0221,VERIFIED_FULL,"{""batch_size"":2,""dropout"":0.2,""early_stopping"":{""enabled"":true,""patience"":5},""epochs"":30,""eval_batch_size"":2,""feature_view"":""tokens"",""layer"":18,""lr"":5e-05,""mlp_ratio"":2.0,""num_heads"":16,""num_self_attn_blocks"":1,""slot"":null,""weight_decay"":0.01}",same_size_ablation/mvp_same_size_ablation/attentive/mvp_probe_temporal_attn_jepa_v2_1_vitl_384_lr_matrix/train_eval_summary.json
mvp__same_l__jepa_v2_1__vitl_384__temporal_attn__layer_18__seed_102,mvp__same_l__jepa_v2_1__vitl_384__temporal_attn__layer_18,train_eval.probe.mvp,MVP,mvp,same_L,V-JEPA 2.1,ViT-L/16,Attentive,temporal_attn,102,42,jepa_v2_1,vitl_384,18,,18,tokens,5.0000000000000002e-05,0.01,2,2,30,true,5,,,16,1,2,0.20000000000000001,cuda,artifacts/probes/mvp,seed_runs_layerwise_same_l_attentive_v1/mvp__same_l__jepa_v2_1__vitl_384__temporal_attn__layer_18/seed_102,artifacts/results/mvp,seed_runs_layerwise_same_l_attentive_v1/mvp__same_l__jepa_v2_1__vitl_384__temporal_attn__layer_18/seed_102,seed_runs_layerwise_same_l_attentive_v1_mvp__same_l__jepa_v2_1__vitl_384__temporal_attn__layer_18,mvp__same_l__jepa_v2_1__vitl_384__temporal_attn__layer_18__seed_102,pending,,"[""seed=102"",""split.seed=42"",""backbone.name=jepa_v2_1"",""+backbone.kwargs.variant=vitl_384"",""probe.name=temporal_attn"",""probe.layer=18"",""probe.layers=[]"",""probe.feature_view=tokens"",""probe.device=cuda"",""probe.lr=5.0000000000000002e-05"",""probe.weight_decay=0.01"",""probe.batch_size=2"",""probe.eval_batch_size=2"",""probe.epochs=30"",""probe.early_stopping.enabled=true"",""probe.early_stopping.patience=5"",""probe.optuna.enabled=false"",""probe.output_dir=artifacts/probes/mvp"",""probe.output_subdir=seed_runs_layerwise_same_l_attentive_v1/mvp__same_l__jepa_v2_1__vitl_384__temporal_attn__layer_18/seed_102"",""probe.eval_output_dir=artifacts/results/mvp"",""probe.eval_output_subdir=seed_runs_layerwise_same_l_attentive_v1/mvp__same_l__jepa_v2_1__vitl_384__temporal_attn__layer_18/seed_102"",""probe.wandb.group=seed_runs_layerwise_same_l_attentive_v1_mvp__same_l__jepa_v2_1__vitl_384__temporal_attn__layer_18"",""probe.wandb.name=mvp__same_l__jepa_v2_1__vitl_384__temporal_attn__layer_18__seed_102"",""feature_cache.layer_ids=[6,12,18,24]"",""probe.temporal_attn.num_heads=16"",""probe.temporal_attn.num_self_attn_blocks=1"",""probe.temporal_attn.mlp_ratio=2"",""probe.temporal_attn.dropout=0.20000000000000001"",""feature_cache.include_tokens=true""]",results/verified_layerwise_probe_configs.csv,394,396,bb27b9bc38da0221,VERIFIED_FULL,"{""batch_size"":2,""dropout"":0.2,""early_stopping"":{""enabled"":true,""patience"":5},""epochs"":30,""eval_batch_size"":2,""feature_view"":""tokens"",""layer"":18,""lr"":5e-05,""mlp_ratio"":2.0,""num_heads"":16,""num_self_attn_blocks"":1,""slot"":null,""weight_decay"":0.01}",same_size_ablation/mvp_same_size_ablation/attentive/mvp_probe_temporal_attn_jepa_v2_1_vitl_384_lr_matrix/train_eval_summary.json
mvp__same_l__jepa_v2_1__vitl_384__temporal_attn__layer_24__seed_101,mvp__same_l__jepa_v2_1__vitl_384__temporal_attn__layer_24,train_eval.probe.mvp,MVP,mvp,same_L,V-JEPA 2.1,ViT-L/16,Attentive,temporal_attn,101,42,jepa_v2_1,vitl_384,24,,24,tokens,5.0000000000000002e-05,0.01,2,2,30,true,5,,,16,1,2,0.20000000000000001,cuda,artifacts/probes/mvp,seed_runs_layerwise_same_l_attentive_v1/mvp__same_l__jepa_v2_1__vitl_384__temporal_attn__layer_24/seed_101,artifacts/results/mvp,seed_runs_layerwise_same_l_attentive_v1/mvp__same_l__jepa_v2_1__vitl_384__temporal_attn__layer_24/seed_101,seed_runs_layerwise_same_l_attentive_v1_mvp__same_l__jepa_v2_1__vitl_384__temporal_attn__layer_24,mvp__same_l__jepa_v2_1__vitl_384__temporal_attn__layer_24__seed_101,pending,,"[""seed=101"",""split.seed=42"",""backbone.name=jepa_v2_1"",""+backbone.kwargs.variant=vitl_384"",""probe.name=temporal_attn"",""probe.layer=24"",""probe.layers=[]"",""probe.feature_view=tokens"",""probe.device=cuda"",""probe.lr=5.0000000000000002e-05"",""probe.weight_decay=0.01"",""probe.batch_size=2"",""probe.eval_batch_size=2"",""probe.epochs=30"",""probe.early_stopping.enabled=true"",""probe.early_stopping.patience=5"",""probe.optuna.enabled=false"",""probe.output_dir=artifacts/probes/mvp"",""probe.output_subdir=seed_runs_layerwise_same_l_attentive_v1/mvp__same_l__jepa_v2_1__vitl_384__temporal_attn__layer_24/seed_101"",""probe.eval_output_dir=artifacts/results/mvp"",""probe.eval_output_subdir=seed_runs_layerwise_same_l_attentive_v1/mvp__same_l__jepa_v2_1__vitl_384__temporal_attn__layer_24/seed_101"",""probe.wandb.group=seed_runs_layerwise_same_l_attentive_v1_mvp__same_l__jepa_v2_1__vitl_384__temporal_attn__layer_24"",""probe.wandb.name=mvp__same_l__jepa_v2_1__vitl_384__temporal_attn__layer_24__seed_101"",""feature_cache.layer_ids=[6,12,18,24]"",""probe.temporal_attn.num_heads=16"",""probe.temporal_attn.num_self_attn_blocks=1"",""probe.temporal_attn.mlp_ratio=2"",""probe.temporal_attn.dropout=0.20000000000000001"",""feature_cache.include_tokens=true""]",results/verified_layerwise_probe_configs.csv,395,397,d630bec360cb3a97,VERIFIED_FULL,"{""batch_size"":2,""dropout"":0.2,""early_stopping"":{""enabled"":true,""patience"":5},""epochs"":30,""eval_batch_size"":2,""feature_view"":""tokens"",""layer"":24,""lr"":5e-05,""mlp_ratio"":2.0,""num_heads"":16,""num_self_attn_blocks"":1,""slot"":null,""weight_decay"":0.01}",same_size_ablation/mvp_same_size_ablation/attentive/mvp_probe_temporal_attn_jepa_v2_1_vitl_384_lr_matrix/train_eval_summary.json
mvp__same_l__jepa_v2_1__vitl_384__temporal_attn__layer_24__seed_102,mvp__same_l__jepa_v2_1__vitl_384__temporal_attn__layer_24,train_eval.probe.mvp,MVP,mvp,same_L,V-JEPA 2.1,ViT-L/16,Attentive,temporal_attn,102,42,jepa_v2_1,vitl_384,24,,24,tokens,5.0000000000000002e-05,0.01,2,2,30,true,5,,,16,1,2,0.20000000000000001,cuda,artifacts/probes/mvp,seed_runs_layerwise_same_l_attentive_v1/mvp__same_l__jepa_v2_1__vitl_384__temporal_attn__layer_24/seed_102,artifacts/results/mvp,seed_runs_layerwise_same_l_attentive_v1/mvp__same_l__jepa_v2_1__vitl_384__temporal_attn__layer_24/seed_102,seed_runs_layerwise_same_l_attentive_v1_mvp__same_l__jepa_v2_1__vitl_384__temporal_attn__layer_24,mvp__same_l__jepa_v2_1__vitl_384__temporal_attn__layer_24__seed_102,pending,,"[""seed=102"",""split.seed=42"",""backbone.name=jepa_v2_1"",""+backbone.kwargs.variant=vitl_384"",""probe.name=temporal_attn"",""probe.layer=24"",""probe.layers=[]"",""probe.feature_view=tokens"",""probe.device=cuda"",""probe.lr=5.0000000000000002e-05"",""probe.weight_decay=0.01"",""probe.batch_size=2"",""probe.eval_batch_size=2"",""probe.epochs=30"",""probe.early_stopping.enabled=true"",""probe.early_stopping.patience=5"",""probe.optuna.enabled=false"",""probe.output_dir=artifacts/probes/mvp"",""probe.output_subdir=seed_runs_layerwise_same_l_attentive_v1/mvp__same_l__jepa_v2_1__vitl_384__temporal_attn__layer_24/seed_102"",""probe.eval_output_dir=artifacts/results/mvp"",""probe.eval_output_subdir=seed_runs_layerwise_same_l_attentive_v1/mvp__same_l__jepa_v2_1__vitl_384__temporal_attn__layer_24/seed_102"",""probe.wandb.group=seed_runs_layerwise_same_l_attentive_v1_mvp__same_l__jepa_v2_1__vitl_384__temporal_attn__layer_24"",""probe.wandb.name=mvp__same_l__jepa_v2_1__vitl_384__temporal_attn__layer_24__seed_102"",""feature_cache.layer_ids=[6,12,18,24]"",""probe.temporal_attn.num_heads=16"",""probe.temporal_attn.num_self_attn_blocks=1"",""probe.temporal_attn.mlp_ratio=2"",""probe.temporal_attn.dropout=0.20000000000000001"",""feature_cache.include_tokens=true""]",results/verified_layerwise_probe_configs.csv,395,397,d630bec360cb3a97,VERIFIED_FULL,"{""batch_size"":2,""dropout"":0.2,""early_stopping"":{""enabled"":true,""patience"":5},""epochs"":30,""eval_batch_size"":2,""feature_view"":""tokens"",""layer"":24,""lr"":5e-05,""mlp_ratio"":2.0,""num_heads"":16,""num_self_attn_blocks"":1,""slot"":null,""weight_decay"":0.01}",same_size_ablation/mvp_same_size_ablation/attentive/mvp_probe_temporal_attn_jepa_v2_1_vitl_384_lr_matrix/train_eval_summary.json
mvp__same_l__videomae__vit_large_16_224__temporal_attn__layer_6__seed_101,mvp__same_l__videomae__vit_large_16_224__temporal_attn__layer_6,train_eval.probe.mvp,MVP,mvp,same_L,VideoMAE,ViT-L/16,Attentive,temporal_attn,101,42,videomae,vit_large_16_224,6,,6,tokens,1.0000000000000001e-05,0.01,1,1,30,true,5,,,16,1,2,0.20000000000000001,cuda,artifacts/probes/mvp,seed_runs_layerwise_same_l_attentive_v1/mvp__same_l__videomae__vit_large_16_224__temporal_attn__layer_6/seed_101,artifacts/results/mvp,seed_runs_layerwise_same_l_attentive_v1/mvp__same_l__videomae__vit_large_16_224__temporal_attn__layer_6/seed_101,seed_runs_layerwise_same_l_attentive_v1_mvp__same_l__videomae__vit_large_16_224__temporal_attn__layer_6,mvp__same_l__videomae__vit_large_16_224__temporal_attn__layer_6__seed_101,pending,,"[""seed=101"",""split.seed=42"",""backbone.name=videomae"",""+backbone.kwargs.variant=vit_large_16_224"",""probe.name=temporal_attn"",""probe.layer=6"",""probe.layers=[]"",""probe.feature_view=tokens"",""probe.device=cuda"",""probe.lr=1.0000000000000001e-05"",""probe.weight_decay=0.01"",""probe.batch_size=1"",""probe.eval_batch_size=1"",""probe.epochs=30"",""probe.early_stopping.enabled=true"",""probe.early_stopping.patience=5"",""probe.optuna.enabled=false"",""probe.output_dir=artifacts/probes/mvp"",""probe.output_subdir=seed_runs_layerwise_same_l_attentive_v1/mvp__same_l__videomae__vit_large_16_224__temporal_attn__layer_6/seed_101"",""probe.eval_output_dir=artifacts/results/mvp"",""probe.eval_output_subdir=seed_runs_layerwise_same_l_attentive_v1/mvp__same_l__videomae__vit_large_16_224__temporal_attn__layer_6/seed_101"",""probe.wandb.group=seed_runs_layerwise_same_l_attentive_v1_mvp__same_l__videomae__vit_large_16_224__temporal_attn__layer_6"",""probe.wandb.name=mvp__same_l__videomae__vit_large_16_224__temporal_attn__layer_6__seed_101"",""feature_cache.layer_ids=[6,12,18,24]"",""probe.temporal_attn.num_heads=16"",""probe.temporal_attn.num_self_attn_blocks=1"",""probe.temporal_attn.mlp_ratio=2"",""probe.temporal_attn.dropout=0.20000000000000001"",""feature_cache.include_tokens=true""]",results/verified_layerwise_probe_configs.csv,428,430,88c43fbc6431e458,VERIFIED_FULL,"{""batch_size"":1,""dropout"":0.2,""early_stopping"":{""enabled"":true,""patience"":5},""epochs"":30,""eval_batch_size"":1,""feature_view"":""tokens"",""layer"":6,""lr"":1e-05,""mlp_ratio"":2.0,""num_heads"":16,""num_self_attn_blocks"":1,""slot"":null,""weight_decay"":0.01}",same_size_ablation/mvp_same_size_ablation/attentive/mvp_probe_temporal_attn_videomae_vit_large_16_224_lr_matrix/train_eval_summary.json
mvp__same_l__videomae__vit_large_16_224__temporal_attn__layer_6__seed_102,mvp__same_l__videomae__vit_large_16_224__temporal_attn__layer_6,train_eval.probe.mvp,MVP,mvp,same_L,VideoMAE,ViT-L/16,Attentive,temporal_attn,102,42,videomae,vit_large_16_224,6,,6,tokens,1.0000000000000001e-05,0.01,1,1,30,true,5,,,16,1,2,0.20000000000000001,cuda,artifacts/probes/mvp,seed_runs_layerwise_same_l_attentive_v1/mvp__same_l__videomae__vit_large_16_224__temporal_attn__layer_6/seed_102,artifacts/results/mvp,seed_runs_layerwise_same_l_attentive_v1/mvp__same_l__videomae__vit_large_16_224__temporal_attn__layer_6/seed_102,seed_runs_layerwise_same_l_attentive_v1_mvp__same_l__videomae__vit_large_16_224__temporal_attn__layer_6,mvp__same_l__videomae__vit_large_16_224__temporal_attn__layer_6__seed_102,pending,,"[""seed=102"",""split.seed=42"",""backbone.name=videomae"",""+backbone.kwargs.variant=vit_large_16_224"",""probe.name=temporal_attn"",""probe.layer=6"",""probe.layers=[]"",""probe.feature_view=tokens"",""probe.device=cuda"",""probe.lr=1.0000000000000001e-05"",""probe.weight_decay=0.01"",""probe.batch_size=1"",""probe.eval_batch_size=1"",""probe.epochs=30"",""probe.early_stopping.enabled=true"",""probe.early_stopping.patience=5"",""probe.optuna.enabled=false"",""probe.output_dir=artifacts/probes/mvp"",""probe.output_subdir=seed_runs_layerwise_same_l_attentive_v1/mvp__same_l__videomae__vit_large_16_224__temporal_attn__layer_6/seed_102"",""probe.eval_output_dir=artifacts/results/mvp"",""probe.eval_output_subdir=seed_runs_layerwise_same_l_attentive_v1/mvp__same_l__videomae__vit_large_16_224__temporal_attn__layer_6/seed_102"",""probe.wandb.group=seed_runs_layerwise_same_l_attentive_v1_mvp__same_l__videomae__vit_large_16_224__temporal_attn__layer_6"",""probe.wandb.name=mvp__same_l__videomae__vit_large_16_224__temporal_attn__layer_6__seed_102"",""feature_cache.layer_ids=[6,12,18,24]"",""probe.temporal_attn.num_heads=16"",""probe.temporal_attn.num_self_attn_blocks=1"",""probe.temporal_attn.mlp_ratio=2"",""probe.temporal_attn.dropout=0.20000000000000001"",""feature_cache.include_tokens=true""]",results/verified_layerwise_probe_configs.csv,428,430,88c43fbc6431e458,VERIFIED_FULL,"{""batch_size"":1,""dropout"":0.2,""early_stopping"":{""enabled"":true,""patience"":5},""epochs"":30,""eval_batch_size"":1,""feature_view"":""tokens"",""layer"":6,""lr"":1e-05,""mlp_ratio"":2.0,""num_heads"":16,""num_self_attn_blocks"":1,""slot"":null,""weight_decay"":0.01}",same_size_ablation/mvp_same_size_ablation/attentive/mvp_probe_temporal_attn_videomae_vit_large_16_224_lr_matrix/train_eval_summary.json
mvp__same_l__videomae__vit_large_16_224__temporal_attn__layer_12__seed_101,mvp__same_l__videomae__vit_large_16_224__temporal_attn__layer_12,train_eval.probe.mvp,MVP,mvp,same_L,VideoMAE,ViT-L/16,Attentive,temporal_attn,101,42,videomae,vit_large_16_224,12,,12,tokens,1.0000000000000001e-05,0.01,1,1,30,true,5,,,16,1,2,0.20000000000000001,cuda,artifacts/probes/mvp,seed_runs_layerwise_same_l_attentive_v1/mvp__same_l__videomae__vit_large_16_224__temporal_attn__layer_12/seed_101,artifacts/results/mvp,seed_runs_layerwise_same_l_attentive_v1/mvp__same_l__videomae__vit_large_16_224__temporal_attn__layer_12/seed_101,seed_runs_layerwise_same_l_attentive_v1_mvp__same_l__videomae__vit_large_16_224__temporal_attn__layer_12,mvp__same_l__videomae__vit_large_16_224__temporal_attn__layer_12__seed_101,pending,,"[""seed=101"",""split.seed=42"",""backbone.name=videomae"",""+backbone.kwargs.variant=vit_large_16_224"",""probe.name=temporal_attn"",""probe.layer=12"",""probe.layers=[]"",""probe.feature_view=tokens"",""probe.device=cuda"",""probe.lr=1.0000000000000001e-05"",""probe.weight_decay=0.01"",""probe.batch_size=1"",""probe.eval_batch_size=1"",""probe.epochs=30"",""probe.early_stopping.enabled=true"",""probe.early_stopping.patience=5"",""probe.optuna.enabled=false"",""probe.output_dir=artifacts/probes/mvp"",""probe.output_subdir=seed_runs_layerwise_same_l_attentive_v1/mvp__same_l__videomae__vit_large_16_224__temporal_attn__layer_12/seed_101"",""probe.eval_output_dir=artifacts/results/mvp"",""probe.eval_output_subdir=seed_runs_layerwise_same_l_attentive_v1/mvp__same_l__videomae__vit_large_16_224__temporal_attn__layer_12/seed_101"",""probe.wandb.group=seed_runs_layerwise_same_l_attentive_v1_mvp__same_l__videomae__vit_large_16_224__temporal_attn__layer_12"",""probe.wandb.name=mvp__same_l__videomae__vit_large_16_224__temporal_attn__layer_12__seed_101"",""feature_cache.layer_ids=[6,12,18,24]"",""probe.temporal_attn.num_heads=16"",""probe.temporal_attn.num_self_attn_blocks=1"",""probe.temporal_attn.mlp_ratio=2"",""probe.temporal_attn.dropout=0.20000000000000001"",""feature_cache.include_tokens=true""]",results/verified_layerwise_probe_configs.csv,429,431,94deca6dae77b66a,VERIFIED_FULL,"{""batch_size"":1,""dropout"":0.2,""early_stopping"":{""enabled"":true,""patience"":5},""epochs"":30,""eval_batch_size"":1,""feature_view"":""tokens"",""layer"":12,""lr"":1e-05,""mlp_ratio"":2.0,""num_heads"":16,""num_self_attn_blocks"":1,""slot"":null,""weight_decay"":0.01}",same_size_ablation/mvp_same_size_ablation/attentive/mvp_probe_temporal_attn_videomae_vit_large_16_224_lr_matrix/train_eval_summary.json
mvp__same_l__videomae__vit_large_16_224__temporal_attn__layer_12__seed_102,mvp__same_l__videomae__vit_large_16_224__temporal_attn__layer_12,train_eval.probe.mvp,MVP,mvp,same_L,VideoMAE,ViT-L/16,Attentive,temporal_attn,102,42,videomae,vit_large_16_224,12,,12,tokens,1.0000000000000001e-05,0.01,1,1,30,true,5,,,16,1,2,0.20000000000000001,cuda,artifacts/probes/mvp,seed_runs_layerwise_same_l_attentive_v1/mvp__same_l__videomae__vit_large_16_224__temporal_attn__layer_12/seed_102,artifacts/results/mvp,seed_runs_layerwise_same_l_attentive_v1/mvp__same_l__videomae__vit_large_16_224__temporal_attn__layer_12/seed_102,seed_runs_layerwise_same_l_attentive_v1_mvp__same_l__videomae__vit_large_16_224__temporal_attn__layer_12,mvp__same_l__videomae__vit_large_16_224__temporal_attn__layer_12__seed_102,pending,,"[""seed=102"",""split.seed=42"",""backbone.name=videomae"",""+backbone.kwargs.variant=vit_large_16_224"",""probe.name=temporal_attn"",""probe.layer=12"",""probe.layers=[]"",""probe.feature_view=tokens"",""probe.device=cuda"",""probe.lr=1.0000000000000001e-05"",""probe.weight_decay=0.01"",""probe.batch_size=1"",""probe.eval_batch_size=1"",""probe.epochs=30"",""probe.early_stopping.enabled=true"",""probe.early_stopping.patience=5"",""probe.optuna.enabled=false"",""probe.output_dir=artifacts/probes/mvp"",""probe.output_subdir=seed_runs_layerwise_same_l_attentive_v1/mvp__same_l__videomae__vit_large_16_224__temporal_attn__layer_12/seed_102"",""probe.eval_output_dir=artifacts/results/mvp"",""probe.eval_output_subdir=seed_runs_layerwise_same_l_attentive_v1/mvp__same_l__videomae__vit_large_16_224__temporal_attn__layer_12/seed_102"",""probe.wandb.group=seed_runs_layerwise_same_l_attentive_v1_mvp__same_l__videomae__vit_large_16_224__temporal_attn__layer_12"",""probe.wandb.name=mvp__same_l__videomae__vit_large_16_224__temporal_attn__layer_12__seed_102"",""feature_cache.layer_ids=[6,12,18,24]"",""probe.temporal_attn.num_heads=16"",""probe.temporal_attn.num_self_attn_blocks=1"",""probe.temporal_attn.mlp_ratio=2"",""probe.temporal_attn.dropout=0.20000000000000001"",""feature_cache.include_tokens=true""]",results/verified_layerwise_probe_configs.csv,429,431,94deca6dae77b66a,VERIFIED_FULL,"{""batch_size"":1,""dropout"":0.2,""early_stopping"":{""enabled"":true,""patience"":5},""epochs"":30,""eval_batch_size"":1,""feature_view"":""tokens"",""layer"":12,""lr"":1e-05,""mlp_ratio"":2.0,""num_heads"":16,""num_self_attn_blocks"":1,""slot"":null,""weight_decay"":0.01}",same_size_ablation/mvp_same_size_ablation/attentive/mvp_probe_temporal_attn_videomae_vit_large_16_224_lr_matrix/train_eval_summary.json
mvp__same_l__videomae__vit_large_16_224__temporal_attn__layer_18__seed_101,mvp__same_l__videomae__vit_large_16_224__temporal_attn__layer_18,train_eval.probe.mvp,MVP,mvp,same_L,VideoMAE,ViT-L/16,Attentive,temporal_attn,101,42,videomae,vit_large_16_224,18,,18,tokens,1.0000000000000001e-05,0.01,1,1,30,true,5,,,16,1,2,0.20000000000000001,cuda,artifacts/probes/mvp,seed_runs_layerwise_same_l_attentive_v1/mvp__same_l__videomae__vit_large_16_224__temporal_attn__layer_18/seed_101,artifacts/results/mvp,seed_runs_layerwise_same_l_attentive_v1/mvp__same_l__videomae__vit_large_16_224__temporal_attn__layer_18/seed_101,seed_runs_layerwise_same_l_attentive_v1_mvp__same_l__videomae__vit_large_16_224__temporal_attn__layer_18,mvp__same_l__videomae__vit_large_16_224__temporal_attn__layer_18__seed_101,pending,,"[""seed=101"",""split.seed=42"",""backbone.name=videomae"",""+backbone.kwargs.variant=vit_large_16_224"",""probe.name=temporal_attn"",""probe.layer=18"",""probe.layers=[]"",""probe.feature_view=tokens"",""probe.device=cuda"",""probe.lr=1.0000000000000001e-05"",""probe.weight_decay=0.01"",""probe.batch_size=1"",""probe.eval_batch_size=1"",""probe.epochs=30"",""probe.early_stopping.enabled=true"",""probe.early_stopping.patience=5"",""probe.optuna.enabled=false"",""probe.output_dir=artifacts/probes/mvp"",""probe.output_subdir=seed_runs_layerwise_same_l_attentive_v1/mvp__same_l__videomae__vit_large_16_224__temporal_attn__layer_18/seed_101"",""probe.eval_output_dir=artifacts/results/mvp"",""probe.eval_output_subdir=seed_runs_layerwise_same_l_attentive_v1/mvp__same_l__videomae__vit_large_16_224__temporal_attn__layer_18/seed_101"",""probe.wandb.group=seed_runs_layerwise_same_l_attentive_v1_mvp__same_l__videomae__vit_large_16_224__temporal_attn__layer_18"",""probe.wandb.name=mvp__same_l__videomae__vit_large_16_224__temporal_attn__layer_18__seed_101"",""feature_cache.layer_ids=[6,12,18,24]"",""probe.temporal_attn.num_heads=16"",""probe.temporal_attn.num_self_attn_blocks=1"",""probe.temporal_attn.mlp_ratio=2"",""probe.temporal_attn.dropout=0.20000000000000001"",""feature_cache.include_tokens=true""]",results/verified_layerwise_probe_configs.csv,430,432,b23efc13fdae7130,VERIFIED_FULL,"{""batch_size"":1,""dropout"":0.2,""early_stopping"":{""enabled"":true,""patience"":5},""epochs"":30,""eval_batch_size"":1,""feature_view"":""tokens"",""layer"":18,""lr"":1e-05,""mlp_ratio"":2.0,""num_heads"":16,""num_self_attn_blocks"":1,""slot"":null,""weight_decay"":0.01}",same_size_ablation/mvp_same_size_ablation/attentive/mvp_probe_temporal_attn_videomae_vit_large_16_224_lr_matrix/train_eval_summary.json
mvp__same_l__videomae__vit_large_16_224__temporal_attn__layer_18__seed_102,mvp__same_l__videomae__vit_large_16_224__temporal_attn__layer_18,train_eval.probe.mvp,MVP,mvp,same_L,VideoMAE,ViT-L/16,Attentive,temporal_attn,102,42,videomae,vit_large_16_224,18,,18,tokens,1.0000000000000001e-05,0.01,1,1,30,true,5,,,16,1,2,0.20000000000000001,cuda,artifacts/probes/mvp,seed_runs_layerwise_same_l_attentive_v1/mvp__same_l__videomae__vit_large_16_224__temporal_attn__layer_18/seed_102,artifacts/results/mvp,seed_runs_layerwise_same_l_attentive_v1/mvp__same_l__videomae__vit_large_16_224__temporal_attn__layer_18/seed_102,seed_runs_layerwise_same_l_attentive_v1_mvp__same_l__videomae__vit_large_16_224__temporal_attn__layer_18,mvp__same_l__videomae__vit_large_16_224__temporal_attn__layer_18__seed_102,pending,,"[""seed=102"",""split.seed=42"",""backbone.name=videomae"",""+backbone.kwargs.variant=vit_large_16_224"",""probe.name=temporal_attn"",""probe.layer=18"",""probe.layers=[]"",""probe.feature_view=tokens"",""probe.device=cuda"",""probe.lr=1.0000000000000001e-05"",""probe.weight_decay=0.01"",""probe.batch_size=1"",""probe.eval_batch_size=1"",""probe.epochs=30"",""probe.early_stopping.enabled=true"",""probe.early_stopping.patience=5"",""probe.optuna.enabled=false"",""probe.output_dir=artifacts/probes/mvp"",""probe.output_subdir=seed_runs_layerwise_same_l_attentive_v1/mvp__same_l__videomae__vit_large_16_224__temporal_attn__layer_18/seed_102"",""probe.eval_output_dir=artifacts/results/mvp"",""probe.eval_output_subdir=seed_runs_layerwise_same_l_attentive_v1/mvp__same_l__videomae__vit_large_16_224__temporal_attn__layer_18/seed_102"",""probe.wandb.group=seed_runs_layerwise_same_l_attentive_v1_mvp__same_l__videomae__vit_large_16_224__temporal_attn__layer_18"",""probe.wandb.name=mvp__same_l__videomae__vit_large_16_224__temporal_attn__layer_18__seed_102"",""feature_cache.layer_ids=[6,12,18,24]"",""probe.temporal_attn.num_heads=16"",""probe.temporal_attn.num_self_attn_blocks=1"",""probe.temporal_attn.mlp_ratio=2"",""probe.temporal_attn.dropout=0.20000000000000001"",""feature_cache.include_tokens=true""]",results/verified_layerwise_probe_configs.csv,430,432,b23efc13fdae7130,VERIFIED_FULL,"{""batch_size"":1,""dropout"":0.2,""early_stopping"":{""enabled"":true,""patience"":5},""epochs"":30,""eval_batch_size"":1,""feature_view"":""tokens"",""layer"":18,""lr"":1e-05,""mlp_ratio"":2.0,""num_heads"":16,""num_self_attn_blocks"":1,""slot"":null,""weight_decay"":0.01}",same_size_ablation/mvp_same_size_ablation/attentive/mvp_probe_temporal_attn_videomae_vit_large_16_224_lr_matrix/train_eval_summary.json
mvp__same_l__videomae__vit_large_16_224__temporal_attn__layer_24__seed_101,mvp__same_l__videomae__vit_large_16_224__temporal_attn__layer_24,train_eval.probe.mvp,MVP,mvp,same_L,VideoMAE,ViT-L/16,Attentive,temporal_attn,101,42,videomae,vit_large_16_224,24,,24,tokens,1.0000000000000001e-05,0.01,1,1,30,true,5,,,16,1,2,0.20000000000000001,cuda,artifacts/probes/mvp,seed_runs_layerwise_same_l_attentive_v1/mvp__same_l__videomae__vit_large_16_224__temporal_attn__layer_24/seed_101,artifacts/results/mvp,seed_runs_layerwise_same_l_attentive_v1/mvp__same_l__videomae__vit_large_16_224__temporal_attn__layer_24/seed_101,seed_runs_layerwise_same_l_attentive_v1_mvp__same_l__videomae__vit_large_16_224__temporal_attn__layer_24,mvp__same_l__videomae__vit_large_16_224__temporal_attn__layer_24__seed_101,pending,,"[""seed=101"",""split.seed=42"",""backbone.name=videomae"",""+backbone.kwargs.variant=vit_large_16_224"",""probe.name=temporal_attn"",""probe.layer=24"",""probe.layers=[]"",""probe.feature_view=tokens"",""probe.device=cuda"",""probe.lr=1.0000000000000001e-05"",""probe.weight_decay=0.01"",""probe.batch_size=1"",""probe.eval_batch_size=1"",""probe.epochs=30"",""probe.early_stopping.enabled=true"",""probe.early_stopping.patience=5"",""probe.optuna.enabled=false"",""probe.output_dir=artifacts/probes/mvp"",""probe.output_subdir=seed_runs_layerwise_same_l_attentive_v1/mvp__same_l__videomae__vit_large_16_224__temporal_attn__layer_24/seed_101"",""probe.eval_output_dir=artifacts/results/mvp"",""probe.eval_output_subdir=seed_runs_layerwise_same_l_attentive_v1/mvp__same_l__videomae__vit_large_16_224__temporal_attn__layer_24/seed_101"",""probe.wandb.group=seed_runs_layerwise_same_l_attentive_v1_mvp__same_l__videomae__vit_large_16_224__temporal_attn__layer_24"",""probe.wandb.name=mvp__same_l__videomae__vit_large_16_224__temporal_attn__layer_24__seed_101"",""feature_cache.layer_ids=[6,12,18,24]"",""probe.temporal_attn.num_heads=16"",""probe.temporal_attn.num_self_attn_blocks=1"",""probe.temporal_attn.mlp_ratio=2"",""probe.temporal_attn.dropout=0.20000000000000001"",""feature_cache.include_tokens=true""]",results/verified_layerwise_probe_configs.csv,431,433,d40c25c198e851e6,VERIFIED_FULL,"{""batch_size"":1,""dropout"":0.2,""early_stopping"":{""enabled"":true,""patience"":5},""epochs"":30,""eval_batch_size"":1,""feature_view"":""tokens"",""layer"":24,""lr"":1e-05,""mlp_ratio"":2.0,""num_heads"":16,""num_self_attn_blocks"":1,""slot"":null,""weight_decay"":0.01}",same_size_ablation/mvp_same_size_ablation/attentive/mvp_probe_temporal_attn_videomae_vit_large_16_224_lr_matrix/train_eval_summary.json
mvp__same_l__videomae__vit_large_16_224__temporal_attn__layer_24__seed_102,mvp__same_l__videomae__vit_large_16_224__temporal_attn__layer_24,train_eval.probe.mvp,MVP,mvp,same_L,VideoMAE,ViT-L/16,Attentive,temporal_attn,102,42,videomae,vit_large_16_224,24,,24,tokens,1.0000000000000001e-05,0.01,1,1,30,true,5,,,16,1,2,0.20000000000000001,cuda,artifacts/probes/mvp,seed_runs_layerwise_same_l_attentive_v1/mvp__same_l__videomae__vit_large_16_224__temporal_attn__layer_24/seed_102,artifacts/results/mvp,seed_runs_layerwise_same_l_attentive_v1/mvp__same_l__videomae__vit_large_16_224__temporal_attn__layer_24/seed_102,seed_runs_layerwise_same_l_attentive_v1_mvp__same_l__videomae__vit_large_16_224__temporal_attn__layer_24,mvp__same_l__videomae__vit_large_16_224__temporal_attn__layer_24__seed_102,pending,,"[""seed=102"",""split.seed=42"",""backbone.name=videomae"",""+backbone.kwargs.variant=vit_large_16_224"",""probe.name=temporal_attn"",""probe.layer=24"",""probe.layers=[]"",""probe.feature_view=tokens"",""probe.device=cuda"",""probe.lr=1.0000000000000001e-05"",""probe.weight_decay=0.01"",""probe.batch_size=1"",""probe.eval_batch_size=1"",""probe.epochs=30"",""probe.early_stopping.enabled=true"",""probe.early_stopping.patience=5"",""probe.optuna.enabled=false"",""probe.output_dir=artifacts/probes/mvp"",""probe.output_subdir=seed_runs_layerwise_same_l_attentive_v1/mvp__same_l__videomae__vit_large_16_224__temporal_attn__layer_24/seed_102"",""probe.eval_output_dir=artifacts/results/mvp"",""probe.eval_output_subdir=seed_runs_layerwise_same_l_attentive_v1/mvp__same_l__videomae__vit_large_16_224__temporal_attn__layer_24/seed_102"",""probe.wandb.group=seed_runs_layerwise_same_l_attentive_v1_mvp__same_l__videomae__vit_large_16_224__temporal_attn__layer_24"",""probe.wandb.name=mvp__same_l__videomae__vit_large_16_224__temporal_attn__layer_24__seed_102"",""feature_cache.layer_ids=[6,12,18,24]"",""probe.temporal_attn.num_heads=16"",""probe.temporal_attn.num_self_attn_blocks=1"",""probe.temporal_attn.mlp_ratio=2"",""probe.temporal_attn.dropout=0.20000000000000001"",""feature_cache.include_tokens=true""]",results/verified_layerwise_probe_configs.csv,431,433,d40c25c198e851e6,VERIFIED_FULL,"{""batch_size"":1,""dropout"":0.2,""early_stopping"":{""enabled"":true,""patience"":5},""epochs"":30,""eval_batch_size"":1,""feature_view"":""tokens"",""layer"":24,""lr"":1e-05,""mlp_ratio"":2.0,""num_heads"":16,""num_self_attn_blocks"":1,""slot"":null,""weight_decay"":0.01}",same_size_ablation/mvp_same_size_ablation/attentive/mvp_probe_temporal_attn_videomae_vit_large_16_224_lr_matrix/train_eval_summary.json
mvp__same_l__videomae_v2__vit_large_16_224__temporal_attn__layer_6__seed_101,mvp__same_l__videomae_v2__vit_large_16_224__temporal_attn__layer_6,train_eval.probe.mvp,MVP,mvp,same_L,VideoMAE-v2,ViT-L/16,Attentive,temporal_attn,101,42,videomae_v2,vit_large_16_224,6,,6,tokens,1.0000000000000001e-05,0.01,1,1,30,true,5,,,16,1,2,0.20000000000000001,cuda,artifacts/probes/mvp,seed_runs_layerwise_same_l_attentive_v1/mvp__same_l__videomae_v2__vit_large_16_224__temporal_attn__layer_6/seed_101,artifacts/results/mvp,seed_runs_layerwise_same_l_attentive_v1/mvp__same_l__videomae_v2__vit_large_16_224__temporal_attn__layer_6/seed_101,seed_runs_layerwise_same_l_attentive_v1_mvp__same_l__videomae_v2__vit_large_16_224__temporal_attn__layer_6,mvp__same_l__videomae_v2__vit_large_16_224__temporal_attn__layer_6__seed_101,pending,,"[""seed=101"",""split.seed=42"",""backbone.name=videomae_v2"",""+backbone.kwargs.variant=vit_large_16_224"",""probe.name=temporal_attn"",""probe.layer=6"",""probe.layers=[]"",""probe.feature_view=tokens"",""probe.device=cuda"",""probe.lr=1.0000000000000001e-05"",""probe.weight_decay=0.01"",""probe.batch_size=1"",""probe.eval_batch_size=1"",""probe.epochs=30"",""probe.early_stopping.enabled=true"",""probe.early_stopping.patience=5"",""probe.optuna.enabled=false"",""probe.output_dir=artifacts/probes/mvp"",""probe.output_subdir=seed_runs_layerwise_same_l_attentive_v1/mvp__same_l__videomae_v2__vit_large_16_224__temporal_attn__layer_6/seed_101"",""probe.eval_output_dir=artifacts/results/mvp"",""probe.eval_output_subdir=seed_runs_layerwise_same_l_attentive_v1/mvp__same_l__videomae_v2__vit_large_16_224__temporal_attn__layer_6/seed_101"",""probe.wandb.group=seed_runs_layerwise_same_l_attentive_v1_mvp__same_l__videomae_v2__vit_large_16_224__temporal_attn__layer_6"",""probe.wandb.name=mvp__same_l__videomae_v2__vit_large_16_224__temporal_attn__layer_6__seed_101"",""feature_cache.layer_ids=[6,12,18,24]"",""probe.temporal_attn.num_heads=16"",""probe.temporal_attn.num_self_attn_blocks=1"",""probe.temporal_attn.mlp_ratio=2"",""probe.temporal_attn.dropout=0.20000000000000001"",""feature_cache.include_tokens=true""]",results/verified_layerwise_probe_configs.csv,464,466,b9708dd215c90a8f,VERIFIED_FULL,"{""batch_size"":1,""dropout"":0.2,""early_stopping"":{""enabled"":true,""patience"":5},""epochs"":30,""eval_batch_size"":1,""feature_view"":""tokens"",""layer"":6,""lr"":1e-05,""mlp_ratio"":2.0,""num_heads"":16,""num_self_attn_blocks"":1,""slot"":null,""weight_decay"":0.01}",same_size_ablation/mvp_same_size_ablation/attentive/mvp_probe_temporal_attn_videomae_v2_vit_large_16_224_lr_matrix/train_eval_summary.json
mvp__same_l__videomae_v2__vit_large_16_224__temporal_attn__layer_6__seed_102,mvp__same_l__videomae_v2__vit_large_16_224__temporal_attn__layer_6,train_eval.probe.mvp,MVP,mvp,same_L,VideoMAE-v2,ViT-L/16,Attentive,temporal_attn,102,42,videomae_v2,vit_large_16_224,6,,6,tokens,1.0000000000000001e-05,0.01,1,1,30,true,5,,,16,1,2,0.20000000000000001,cuda,artifacts/probes/mvp,seed_runs_layerwise_same_l_attentive_v1/mvp__same_l__videomae_v2__vit_large_16_224__temporal_attn__layer_6/seed_102,artifacts/results/mvp,seed_runs_layerwise_same_l_attentive_v1/mvp__same_l__videomae_v2__vit_large_16_224__temporal_attn__layer_6/seed_102,seed_runs_layerwise_same_l_attentive_v1_mvp__same_l__videomae_v2__vit_large_16_224__temporal_attn__layer_6,mvp__same_l__videomae_v2__vit_large_16_224__temporal_attn__layer_6__seed_102,pending,,"[""seed=102"",""split.seed=42"",""backbone.name=videomae_v2"",""+backbone.kwargs.variant=vit_large_16_224"",""probe.name=temporal_attn"",""probe.layer=6"",""probe.layers=[]"",""probe.feature_view=tokens"",""probe.device=cuda"",""probe.lr=1.0000000000000001e-05"",""probe.weight_decay=0.01"",""probe.batch_size=1"",""probe.eval_batch_size=1"",""probe.epochs=30"",""probe.early_stopping.enabled=true"",""probe.early_stopping.patience=5"",""probe.optuna.enabled=false"",""probe.output_dir=artifacts/probes/mvp"",""probe.output_subdir=seed_runs_layerwise_same_l_attentive_v1/mvp__same_l__videomae_v2__vit_large_16_224__temporal_attn__layer_6/seed_102"",""probe.eval_output_dir=artifacts/results/mvp"",""probe.eval_output_subdir=seed_runs_layerwise_same_l_attentive_v1/mvp__same_l__videomae_v2__vit_large_16_224__temporal_attn__layer_6/seed_102"",""probe.wandb.group=seed_runs_layerwise_same_l_attentive_v1_mvp__same_l__videomae_v2__vit_large_16_224__temporal_attn__layer_6"",""probe.wandb.name=mvp__same_l__videomae_v2__vit_large_16_224__temporal_attn__layer_6__seed_102"",""feature_cache.layer_ids=[6,12,18,24]"",""probe.temporal_attn.num_heads=16"",""probe.temporal_attn.num_self_attn_blocks=1"",""probe.temporal_attn.mlp_ratio=2"",""probe.temporal_attn.dropout=0.20000000000000001"",""feature_cache.include_tokens=true""]",results/verified_layerwise_probe_configs.csv,464,466,b9708dd215c90a8f,VERIFIED_FULL,"{""batch_size"":1,""dropout"":0.2,""early_stopping"":{""enabled"":true,""patience"":5},""epochs"":30,""eval_batch_size"":1,""feature_view"":""tokens"",""layer"":6,""lr"":1e-05,""mlp_ratio"":2.0,""num_heads"":16,""num_self_attn_blocks"":1,""slot"":null,""weight_decay"":0.01}",same_size_ablation/mvp_same_size_ablation/attentive/mvp_probe_temporal_attn_videomae_v2_vit_large_16_224_lr_matrix/train_eval_summary.json
mvp__same_l__videomae_v2__vit_large_16_224__temporal_attn__layer_12__seed_101,mvp__same_l__videomae_v2__vit_large_16_224__temporal_attn__layer_12,train_eval.probe.mvp,MVP,mvp,same_L,VideoMAE-v2,ViT-L/16,Attentive,temporal_attn,101,42,videomae_v2,vit_large_16_224,12,,12,tokens,5.0000000000000002e-05,0.01,1,1,30,true,5,,,16,1,2,0.20000000000000001,cuda,artifacts/probes/mvp,seed_runs_layerwise_same_l_attentive_v1/mvp__same_l__videomae_v2__vit_large_16_224__temporal_attn__layer_12/seed_101,artifacts/results/mvp,seed_runs_layerwise_same_l_attentive_v1/mvp__same_l__videomae_v2__vit_large_16_224__temporal_attn__layer_12/seed_101,seed_runs_layerwise_same_l_attentive_v1_mvp__same_l__videomae_v2__vit_large_16_224__temporal_attn__layer_12,mvp__same_l__videomae_v2__vit_large_16_224__temporal_attn__layer_12__seed_101,pending,,"[""seed=101"",""split.seed=42"",""backbone.name=videomae_v2"",""+backbone.kwargs.variant=vit_large_16_224"",""probe.name=temporal_attn"",""probe.layer=12"",""probe.layers=[]"",""probe.feature_view=tokens"",""probe.device=cuda"",""probe.lr=5.0000000000000002e-05"",""probe.weight_decay=0.01"",""probe.batch_size=1"",""probe.eval_batch_size=1"",""probe.epochs=30"",""probe.early_stopping.enabled=true"",""probe.early_stopping.patience=5"",""probe.optuna.enabled=false"",""probe.output_dir=artifacts/probes/mvp"",""probe.output_subdir=seed_runs_layerwise_same_l_attentive_v1/mvp__same_l__videomae_v2__vit_large_16_224__temporal_attn__layer_12/seed_101"",""probe.eval_output_dir=artifacts/results/mvp"",""probe.eval_output_subdir=seed_runs_layerwise_same_l_attentive_v1/mvp__same_l__videomae_v2__vit_large_16_224__temporal_attn__layer_12/seed_101"",""probe.wandb.group=seed_runs_layerwise_same_l_attentive_v1_mvp__same_l__videomae_v2__vit_large_16_224__temporal_attn__layer_12"",""probe.wandb.name=mvp__same_l__videomae_v2__vit_large_16_224__temporal_attn__layer_12__seed_101"",""feature_cache.layer_ids=[6,12,18,24]"",""probe.temporal_attn.num_heads=16"",""probe.temporal_attn.num_self_attn_blocks=1"",""probe.temporal_attn.mlp_ratio=2"",""probe.temporal_attn.dropout=0.20000000000000001"",""feature_cache.include_tokens=true""]",results/verified_layerwise_probe_configs.csv,465,467,af3c06bc33484c6e,VERIFIED_FULL,"{""batch_size"":1,""dropout"":0.2,""early_stopping"":{""enabled"":true,""patience"":5},""epochs"":30,""eval_batch_size"":1,""feature_view"":""tokens"",""layer"":12,""lr"":5e-05,""mlp_ratio"":2.0,""num_heads"":16,""num_self_attn_blocks"":1,""slot"":null,""weight_decay"":0.01}",same_size_ablation/mvp_same_size_ablation/attentive/mvp_probe_temporal_attn_videomae_v2_vit_large_16_224_lr_matrix/train_eval_summary.json
mvp__same_l__videomae_v2__vit_large_16_224__temporal_attn__layer_12__seed_102,mvp__same_l__videomae_v2__vit_large_16_224__temporal_attn__layer_12,train_eval.probe.mvp,MVP,mvp,same_L,VideoMAE-v2,ViT-L/16,Attentive,temporal_attn,102,42,videomae_v2,vit_large_16_224,12,,12,tokens,5.0000000000000002e-05,0.01,1,1,30,true,5,,,16,1,2,0.20000000000000001,cuda,artifacts/probes/mvp,seed_runs_layerwise_same_l_attentive_v1/mvp__same_l__videomae_v2__vit_large_16_224__temporal_attn__layer_12/seed_102,artifacts/results/mvp,seed_runs_layerwise_same_l_attentive_v1/mvp__same_l__videomae_v2__vit_large_16_224__temporal_attn__layer_12/seed_102,seed_runs_layerwise_same_l_attentive_v1_mvp__same_l__videomae_v2__vit_large_16_224__temporal_attn__layer_12,mvp__same_l__videomae_v2__vit_large_16_224__temporal_attn__layer_12__seed_102,pending,,"[""seed=102"",""split.seed=42"",""backbone.name=videomae_v2"",""+backbone.kwargs.variant=vit_large_16_224"",""probe.name=temporal_attn"",""probe.layer=12"",""probe.layers=[]"",""probe.feature_view=tokens"",""probe.device=cuda"",""probe.lr=5.0000000000000002e-05"",""probe.weight_decay=0.01"",""probe.batch_size=1"",""probe.eval_batch_size=1"",""probe.epochs=30"",""probe.early_stopping.enabled=true"",""probe.early_stopping.patience=5"",""probe.optuna.enabled=false"",""probe.output_dir=artifacts/probes/mvp"",""probe.output_subdir=seed_runs_layerwise_same_l_attentive_v1/mvp__same_l__videomae_v2__vit_large_16_224__temporal_attn__layer_12/seed_102"",""probe.eval_output_dir=artifacts/results/mvp"",""probe.eval_output_subdir=seed_runs_layerwise_same_l_attentive_v1/mvp__same_l__videomae_v2__vit_large_16_224__temporal_attn__layer_12/seed_102"",""probe.wandb.group=seed_runs_layerwise_same_l_attentive_v1_mvp__same_l__videomae_v2__vit_large_16_224__temporal_attn__layer_12"",""probe.wandb.name=mvp__same_l__videomae_v2__vit_large_16_224__temporal_attn__layer_12__seed_102"",""feature_cache.layer_ids=[6,12,18,24]"",""probe.temporal_attn.num_heads=16"",""probe.temporal_attn.num_self_attn_blocks=1"",""probe.temporal_attn.mlp_ratio=2"",""probe.temporal_attn.dropout=0.20000000000000001"",""feature_cache.include_tokens=true""]",results/verified_layerwise_probe_configs.csv,465,467,af3c06bc33484c6e,VERIFIED_FULL,"{""batch_size"":1,""dropout"":0.2,""early_stopping"":{""enabled"":true,""patience"":5},""epochs"":30,""eval_batch_size"":1,""feature_view"":""tokens"",""layer"":12,""lr"":5e-05,""mlp_ratio"":2.0,""num_heads"":16,""num_self_attn_blocks"":1,""slot"":null,""weight_decay"":0.01}",same_size_ablation/mvp_same_size_ablation/attentive/mvp_probe_temporal_attn_videomae_v2_vit_large_16_224_lr_matrix/train_eval_summary.json
mvp__same_l__videomae_v2__vit_large_16_224__temporal_attn__layer_18__seed_101,mvp__same_l__videomae_v2__vit_large_16_224__temporal_attn__layer_18,train_eval.probe.mvp,MVP,mvp,same_L,VideoMAE-v2,ViT-L/16,Attentive,temporal_attn,101,42,videomae_v2,vit_large_16_224,18,,18,tokens,1.0000000000000001e-05,0.01,1,1,30,true,5,,,16,1,2,0.20000000000000001,cuda,artifacts/probes/mvp,seed_runs_layerwise_same_l_attentive_v1/mvp__same_l__videomae_v2__vit_large_16_224__temporal_attn__layer_18/seed_101,artifacts/results/mvp,seed_runs_layerwise_same_l_attentive_v1/mvp__same_l__videomae_v2__vit_large_16_224__temporal_attn__layer_18/seed_101,seed_runs_layerwise_same_l_attentive_v1_mvp__same_l__videomae_v2__vit_large_16_224__temporal_attn__layer_18,mvp__same_l__videomae_v2__vit_large_16_224__temporal_attn__layer_18__seed_101,pending,,"[""seed=101"",""split.seed=42"",""backbone.name=videomae_v2"",""+backbone.kwargs.variant=vit_large_16_224"",""probe.name=temporal_attn"",""probe.layer=18"",""probe.layers=[]"",""probe.feature_view=tokens"",""probe.device=cuda"",""probe.lr=1.0000000000000001e-05"",""probe.weight_decay=0.01"",""probe.batch_size=1"",""probe.eval_batch_size=1"",""probe.epochs=30"",""probe.early_stopping.enabled=true"",""probe.early_stopping.patience=5"",""probe.optuna.enabled=false"",""probe.output_dir=artifacts/probes/mvp"",""probe.output_subdir=seed_runs_layerwise_same_l_attentive_v1/mvp__same_l__videomae_v2__vit_large_16_224__temporal_attn__layer_18/seed_101"",""probe.eval_output_dir=artifacts/results/mvp"",""probe.eval_output_subdir=seed_runs_layerwise_same_l_attentive_v1/mvp__same_l__videomae_v2__vit_large_16_224__temporal_attn__layer_18/seed_101"",""probe.wandb.group=seed_runs_layerwise_same_l_attentive_v1_mvp__same_l__videomae_v2__vit_large_16_224__temporal_attn__layer_18"",""probe.wandb.name=mvp__same_l__videomae_v2__vit_large_16_224__temporal_attn__layer_18__seed_101"",""feature_cache.layer_ids=[6,12,18,24]"",""probe.temporal_attn.num_heads=16"",""probe.temporal_attn.num_self_attn_blocks=1"",""probe.temporal_attn.mlp_ratio=2"",""probe.temporal_attn.dropout=0.20000000000000001"",""feature_cache.include_tokens=true""]",results/verified_layerwise_probe_configs.csv,466,468,93053b337dfe1c63,VERIFIED_FULL,"{""batch_size"":1,""dropout"":0.2,""early_stopping"":{""enabled"":true,""patience"":5},""epochs"":30,""eval_batch_size"":1,""feature_view"":""tokens"",""layer"":18,""lr"":1e-05,""mlp_ratio"":2.0,""num_heads"":16,""num_self_attn_blocks"":1,""slot"":null,""weight_decay"":0.01}",same_size_ablation/mvp_same_size_ablation/attentive/mvp_probe_temporal_attn_videomae_v2_vit_large_16_224_lr_matrix/train_eval_summary.json
mvp__same_l__videomae_v2__vit_large_16_224__temporal_attn__layer_18__seed_102,mvp__same_l__videomae_v2__vit_large_16_224__temporal_attn__layer_18,train_eval.probe.mvp,MVP,mvp,same_L,VideoMAE-v2,ViT-L/16,Attentive,temporal_attn,102,42,videomae_v2,vit_large_16_224,18,,18,tokens,1.0000000000000001e-05,0.01,1,1,30,true,5,,,16,1,2,0.20000000000000001,cuda,artifacts/probes/mvp,seed_runs_layerwise_same_l_attentive_v1/mvp__same_l__videomae_v2__vit_large_16_224__temporal_attn__layer_18/seed_102,artifacts/results/mvp,seed_runs_layerwise_same_l_attentive_v1/mvp__same_l__videomae_v2__vit_large_16_224__temporal_attn__layer_18/seed_102,seed_runs_layerwise_same_l_attentive_v1_mvp__same_l__videomae_v2__vit_large_16_224__temporal_attn__layer_18,mvp__same_l__videomae_v2__vit_large_16_224__temporal_attn__layer_18__seed_102,pending,,"[""seed=102"",""split.seed=42"",""backbone.name=videomae_v2"",""+backbone.kwargs.variant=vit_large_16_224"",""probe.name=temporal_attn"",""probe.layer=18"",""probe.layers=[]"",""probe.feature_view=tokens"",""probe.device=cuda"",""probe.lr=1.0000000000000001e-05"",""probe.weight_decay=0.01"",""probe.batch_size=1"",""probe.eval_batch_size=1"",""probe.epochs=30"",""probe.early_stopping.enabled=true"",""probe.early_stopping.patience=5"",""probe.optuna.enabled=false"",""probe.output_dir=artifacts/probes/mvp"",""probe.output_subdir=seed_runs_layerwise_same_l_attentive_v1/mvp__same_l__videomae_v2__vit_large_16_224__temporal_attn__layer_18/seed_102"",""probe.eval_output_dir=artifacts/results/mvp"",""probe.eval_output_subdir=seed_runs_layerwise_same_l_attentive_v1/mvp__same_l__videomae_v2__vit_large_16_224__temporal_attn__layer_18/seed_102"",""probe.wandb.group=seed_runs_layerwise_same_l_attentive_v1_mvp__same_l__videomae_v2__vit_large_16_224__temporal_attn__layer_18"",""probe.wandb.name=mvp__same_l__videomae_v2__vit_large_16_224__temporal_attn__layer_18__seed_102"",""feature_cache.layer_ids=[6,12,18,24]"",""probe.temporal_attn.num_heads=16"",""probe.temporal_attn.num_self_attn_blocks=1"",""probe.temporal_attn.mlp_ratio=2"",""probe.temporal_attn.dropout=0.20000000000000001"",""feature_cache.include_tokens=true""]",results/verified_layerwise_probe_configs.csv,466,468,93053b337dfe1c63,VERIFIED_FULL,"{""batch_size"":1,""dropout"":0.2,""early_stopping"":{""enabled"":true,""patience"":5},""epochs"":30,""eval_batch_size"":1,""feature_view"":""tokens"",""layer"":18,""lr"":1e-05,""mlp_ratio"":2.0,""num_heads"":16,""num_self_attn_blocks"":1,""slot"":null,""weight_decay"":0.01}",same_size_ablation/mvp_same_size_ablation/attentive/mvp_probe_temporal_attn_videomae_v2_vit_large_16_224_lr_matrix/train_eval_summary.json
mvp__same_l__videomae_v2__vit_large_16_224__temporal_attn__layer_24__seed_101,mvp__same_l__videomae_v2__vit_large_16_224__temporal_attn__layer_24,train_eval.probe.mvp,MVP,mvp,same_L,VideoMAE-v2,ViT-L/16,Attentive,temporal_attn,101,42,videomae_v2,vit_large_16_224,24,,24,tokens,5.0000000000000002e-05,0.01,1,1,30,true,5,,,16,1,2,0.20000000000000001,cuda,artifacts/probes/mvp,seed_runs_layerwise_same_l_attentive_v1/mvp__same_l__videomae_v2__vit_large_16_224__temporal_attn__layer_24/seed_101,artifacts/results/mvp,seed_runs_layerwise_same_l_attentive_v1/mvp__same_l__videomae_v2__vit_large_16_224__temporal_attn__layer_24/seed_101,seed_runs_layerwise_same_l_attentive_v1_mvp__same_l__videomae_v2__vit_large_16_224__temporal_attn__layer_24,mvp__same_l__videomae_v2__vit_large_16_224__temporal_attn__layer_24__seed_101,pending,,"[""seed=101"",""split.seed=42"",""backbone.name=videomae_v2"",""+backbone.kwargs.variant=vit_large_16_224"",""probe.name=temporal_attn"",""probe.layer=24"",""probe.layers=[]"",""probe.feature_view=tokens"",""probe.device=cuda"",""probe.lr=5.0000000000000002e-05"",""probe.weight_decay=0.01"",""probe.batch_size=1"",""probe.eval_batch_size=1"",""probe.epochs=30"",""probe.early_stopping.enabled=true"",""probe.early_stopping.patience=5"",""probe.optuna.enabled=false"",""probe.output_dir=artifacts/probes/mvp"",""probe.output_subdir=seed_runs_layerwise_same_l_attentive_v1/mvp__same_l__videomae_v2__vit_large_16_224__temporal_attn__layer_24/seed_101"",""probe.eval_output_dir=artifacts/results/mvp"",""probe.eval_output_subdir=seed_runs_layerwise_same_l_attentive_v1/mvp__same_l__videomae_v2__vit_large_16_224__temporal_attn__layer_24/seed_101"",""probe.wandb.group=seed_runs_layerwise_same_l_attentive_v1_mvp__same_l__videomae_v2__vit_large_16_224__temporal_attn__layer_24"",""probe.wandb.name=mvp__same_l__videomae_v2__vit_large_16_224__temporal_attn__layer_24__seed_101"",""feature_cache.layer_ids=[6,12,18,24]"",""probe.temporal_attn.num_heads=16"",""probe.temporal_attn.num_self_attn_blocks=1"",""probe.temporal_attn.mlp_ratio=2"",""probe.temporal_attn.dropout=0.20000000000000001"",""feature_cache.include_tokens=true""]",results/verified_layerwise_probe_configs.csv,467,469,0c0bf8c1903ac035,VERIFIED_FULL,"{""batch_size"":1,""dropout"":0.2,""early_stopping"":{""enabled"":true,""patience"":5},""epochs"":30,""eval_batch_size"":1,""feature_view"":""tokens"",""layer"":24,""lr"":5e-05,""mlp_ratio"":2.0,""num_heads"":16,""num_self_attn_blocks"":1,""slot"":null,""weight_decay"":0.01}",same_size_ablation/mvp_same_size_ablation/attentive/mvp_probe_temporal_attn_videomae_v2_vit_large_16_224_lr_matrix/train_eval_summary.json
mvp__same_l__videomae_v2__vit_large_16_224__temporal_attn__layer_24__seed_102,mvp__same_l__videomae_v2__vit_large_16_224__temporal_attn__layer_24,train_eval.probe.mvp,MVP,mvp,same_L,VideoMAE-v2,ViT-L/16,Attentive,temporal_attn,102,42,videomae_v2,vit_large_16_224,24,,24,tokens,5.0000000000000002e-05,0.01,1,1,30,true,5,,,16,1,2,0.20000000000000001,cuda,artifacts/probes/mvp,seed_runs_layerwise_same_l_attentive_v1/mvp__same_l__videomae_v2__vit_large_16_224__temporal_attn__layer_24/seed_102,artifacts/results/mvp,seed_runs_layerwise_same_l_attentive_v1/mvp__same_l__videomae_v2__vit_large_16_224__temporal_attn__layer_24/seed_102,seed_runs_layerwise_same_l_attentive_v1_mvp__same_l__videomae_v2__vit_large_16_224__temporal_attn__layer_24,mvp__same_l__videomae_v2__vit_large_16_224__temporal_attn__layer_24__seed_102,pending,,"[""seed=102"",""split.seed=42"",""backbone.name=videomae_v2"",""+backbone.kwargs.variant=vit_large_16_224"",""probe.name=temporal_attn"",""probe.layer=24"",""probe.layers=[]"",""probe.feature_view=tokens"",""probe.device=cuda"",""probe.lr=5.0000000000000002e-05"",""probe.weight_decay=0.01"",""probe.batch_size=1"",""probe.eval_batch_size=1"",""probe.epochs=30"",""probe.early_stopping.enabled=true"",""probe.early_stopping.patience=5"",""probe.optuna.enabled=false"",""probe.output_dir=artifacts/probes/mvp"",""probe.output_subdir=seed_runs_layerwise_same_l_attentive_v1/mvp__same_l__videomae_v2__vit_large_16_224__temporal_attn__layer_24/seed_102"",""probe.eval_output_dir=artifacts/results/mvp"",""probe.eval_output_subdir=seed_runs_layerwise_same_l_attentive_v1/mvp__same_l__videomae_v2__vit_large_16_224__temporal_attn__layer_24/seed_102"",""probe.wandb.group=seed_runs_layerwise_same_l_attentive_v1_mvp__same_l__videomae_v2__vit_large_16_224__temporal_attn__layer_24"",""probe.wandb.name=mvp__same_l__videomae_v2__vit_large_16_224__temporal_attn__layer_24__seed_102"",""feature_cache.layer_ids=[6,12,18,24]"",""probe.temporal_attn.num_heads=16"",""probe.temporal_attn.num_self_attn_blocks=1"",""probe.temporal_attn.mlp_ratio=2"",""probe.temporal_attn.dropout=0.20000000000000001"",""feature_cache.include_tokens=true""]",results/verified_layerwise_probe_configs.csv,467,469,0c0bf8c1903ac035,VERIFIED_FULL,"{""batch_size"":1,""dropout"":0.2,""early_stopping"":{""enabled"":true,""patience"":5},""epochs"":30,""eval_batch_size"":1,""feature_view"":""tokens"",""layer"":24,""lr"":5e-05,""mlp_ratio"":2.0,""num_heads"":16,""num_self_attn_blocks"":1,""slot"":null,""weight_decay"":0.01}",same_size_ablation/mvp_same_size_ablation/attentive/mvp_probe_temporal_attn_videomae_v2_vit_large_16_224_lr_matrix/train_eval_summary.json
