============================================================================================== 
Warning! Mixing Conda and module environments may lead to corruption of the
user environment. 
We do not recommend users mixing those two environments unless absolutely
necessary. Note that 
SURF does not provide any support for Conda environment.
For more information, please refer to our software policy page:
https://servicedesk.surf.nl/wiki/display/WIKI/Software+policy+Snellius#SoftwarepolicySnellius-UseofAnacondaandMinicondaenvironmentsonSnellius 

Remember that many packages have already been installed on the system and can
be loaded using 
the 'module load <package__name>' command. If you are uncertain if a package is
already available 
on the system, please use 'module avail' or 'module spider' to search for it.
============================================================================================== 
[I 2026-05-01 10:03:44,911] A new study created in RDB with name: mvp_linear_jepa_v2_vitg_384_layer_10
wandb: [wandb.login()] Loaded credentials for https://api.wandb.ai from /home/scur0511/.netrc.
wandb: Currently logged in as: caselli-niccolo-developer (caselli-niccolo-developer-university-of-amsterdam) to https://api.wandb.ai. Use `wandb login --relogin` to force relogin
wandb: setting up run dslbr1pq
wandb: Tracking run with wandb version 0.26.1
wandb: Run data is saved locally in /gpfs/home3/scur0511/Probe4Physics/wandb/run-20260501_100425-dslbr1pq
wandb: Run `wandb offline` to turn off syncing.
wandb: Syncing run mvp_linear_jepa_v2_vitg_384_layer_10/trial_0000
wandb: ⭐️ View project at https://wandb.ai/caselli-niccolo-developer-university-of-amsterdam/probe4physics
wandb: 🚀 View run at https://wandb.ai/caselli-niccolo-developer-university-of-amsterdam/probe4physics/runs/dslbr1pq
[eval.mvp] Starting eval | split_name=val split_dir=data/splits/mvp/full_60_20_20 predictor_mode=from_file annotation_file=data/annotations/mvp_full.jsonl
[eval.mvp] Loaded split assignments | split_pairs=989 split_samples=1978
[eval.mvp] Prepared samples | n_pairs_before_trim=989 n_samples_before_trim=1978 n_pairs_after_trim=989 n_samples_after_trim=1978 max_pairs=0
[eval.mvp] Generated predictions | n_predictions=1978
[eval.mvp] Scoring complete | accuracy=58.7968 pair_consistency=24.9747 n_pairs=989 n_samples=1978
[eval.mvp] Artifacts written | output_dir=artifacts/probes/mvp_probe_linear_jepa_v2_vitg_384_20260501T080343Z/layer_10/train/trial_0000/val_eval
wandb: updating run metadata
wandb: uploading output.log; uploading wandb-summary.json; uploading config.yaml
wandb: 
wandb: Run history:
wandb:          epoch ▁▁▁▁▂▂▂▂▂▂▃▃▃▄▄▄▄▄▄▄▅▅▅▅▅▆▆▆▆▆▆▇▇▇▇▇▇▇▇█
wandb: train_accuracy ▁▂▂▄▄▄▅▅▅▅▆▅▅▆▆▆▆▆▇▆▇▇▇▇▇▇▇▇▇▇██▇█▆▇▇▇▇▇
wandb:     train_loss █▅▄▄▄▄▃▃▃▄▃▃▃▃▃▃▃▃▂▃▂▂▂▂▂▂▂▂▂▂▂▂▂▁▁▁▁▁▁▁
wandb:   val_accuracy ▂▁▁▂▂▃▄▄▄▄▁▃▅▅▅▆▆▇▆▆▇▅▄▇▄▇▅▅▇▇▆▆█▇▆████▇
wandb:       val_loss █▇▆▆▆▆▅▅▅▅▅█▆▆▅▆▄▄▄▃▅▄▃▃▃▃▅▃▂▂▃▂▂▁▂▁▁▁▁▂
wandb: 
wandb: Run summary:
wandb:           best_epoch 95
wandb:    best_val_accuracy 58.79676
wandb:        best_val_loss 0.67779
wandb: checkpoint_best_path artifacts/probes/mvp...
wandb: checkpoint_last_path artifacts/probes/mvp...
wandb:      checkpoint_path artifacts/probes/mvp...
wandb:              dataset mvp
wandb:      elapsed_seconds 62.93026
wandb:                epoch 100
wandb:    feature_signature 78ea8f6e0a5c5d94
wandb:                  +22 ...
wandb: 
wandb: 🚀 View run mvp_linear_jepa_v2_vitg_384_layer_10/trial_0000 at: https://wandb.ai/caselli-niccolo-developer-university-of-amsterdam/probe4physics/runs/dslbr1pq
wandb: ⭐️ View project at: https://wandb.ai/caselli-niccolo-developer-university-of-amsterdam/probe4physics
wandb: Synced 5 W&B file(s), 0 media file(s), 0 artifact file(s) and 0 other file(s)
wandb: Find logs at: ./wandb/run-20260501_100425-dslbr1pq/logs
[I 2026-05-01 10:04:52,004] Trial 0 finished with value: 24.974721941354904 and parameters: {'lr': 0.0001329291894316216, 'weight_decay': 0.005061576888752304, 'batch_size': 32}. Best is trial 0 with value: 24.974721941354904.
wandb: setting up run 02j8f1mo
wandb: Tracking run with wandb version 0.26.1
wandb: Run data is saved locally in /gpfs/home3/scur0511/Probe4Physics/wandb/run-20260501_100454-02j8f1mo
wandb: Run `wandb offline` to turn off syncing.
wandb: Syncing run mvp_linear_jepa_v2_vitg_384_layer_10/trial_0001
wandb: ⭐️ View project at https://wandb.ai/caselli-niccolo-developer-university-of-amsterdam/probe4physics
wandb: 🚀 View run at https://wandb.ai/caselli-niccolo-developer-university-of-amsterdam/probe4physics/runs/02j8f1mo
[eval.mvp] Starting eval | split_name=val split_dir=data/splits/mvp/full_60_20_20 predictor_mode=from_file annotation_file=data/annotations/mvp_full.jsonl
[eval.mvp] Loaded split assignments | split_pairs=989 split_samples=1978
[eval.mvp] Prepared samples | n_pairs_before_trim=989 n_samples_before_trim=1978 n_pairs_after_trim=989 n_samples_after_trim=1978 max_pairs=0
[eval.mvp] Generated predictions | n_predictions=1978
[eval.mvp] Scoring complete | accuracy=52.0222 pair_consistency=13.3468 n_pairs=989 n_samples=1978
[eval.mvp] Artifacts written | output_dir=artifacts/probes/mvp_probe_linear_jepa_v2_vitg_384_20260501T080343Z/layer_10/train/trial_0001/val_eval
wandb: updating run metadata
wandb: uploading output.log; uploading wandb-summary.json; uploading config.yaml
wandb: 
wandb: Run history:
wandb:          epoch ▁▁▁▁▂▂▂▂▂▃▃▃▃▃▃▃▃▄▄▄▅▅▅▅▅▆▆▆▆▆▇▇▇▇▇▇▇███
wandb: train_accuracy ▃▃▃▄▄▂▁▁▁▂▂▂▂▂▂▄▃▃▄▄▅▅▅▅▅▆▆▆▅▅▆▇▇▆▇▇▇███
wandb:     train_loss █▇▄▂▁▁▁▁▁▁▁▁▁▁▁▁▁▁▁▁▁▁▁▁▁▁▁▁▁▁▁▁▁▁▁▁▁▁▁▁
wandb:   val_accuracy ▄▄▄▄▄▄▂▃▂▁▁▃▃▃▃▄▄▃▄▄▅▅▅▇▆▇▆▇▇▇▇▇██▇█▇█▇▇
wandb:       val_loss █▅▃▂▁▁▁▁▁▁▁▁▁▁▁▁▁▁▁▁▁▁▁▁▁▁▁▁▁▁▁▁▁▁▁▁▁▁▁▁
wandb: 
wandb: Run summary:
wandb:           best_epoch 89
wandb:    best_val_accuracy 52.02224
wandb:        best_val_loss 0.69299
wandb: checkpoint_best_path artifacts/probes/mvp...
wandb: checkpoint_last_path artifacts/probes/mvp...
wandb:      checkpoint_path artifacts/probes/mvp...
wandb:              dataset mvp
wandb:      elapsed_seconds 11.21284
wandb:                epoch 100
wandb:    feature_signature 78ea8f6e0a5c5d94
wandb:                  +22 ...
wandb: 
wandb: 🚀 View run mvp_linear_jepa_v2_vitg_384_layer_10/trial_0001 at: https://wandb.ai/caselli-niccolo-developer-university-of-amsterdam/probe4physics/runs/02j8f1mo
wandb: ⭐️ View project at: https://wandb.ai/caselli-niccolo-developer-university-of-amsterdam/probe4physics
wandb: Synced 5 W&B file(s), 0 media file(s), 0 artifact file(s) and 0 other file(s)
wandb: Find logs at: ./wandb/run-20260501_100454-02j8f1mo/logs
[I 2026-05-01 10:05:07,412] Trial 1 finished with value: 13.346814964610717 and parameters: {'lr': 1.493656855461762e-05, 'weight_decay': 0.0015741890047456662, 'batch_size': 256}. Best is trial 0 with value: 24.974721941354904.
wandb: setting up run af1e9mwp
wandb: Tracking run with wandb version 0.26.1
wandb: Run data is saved locally in /gpfs/home3/scur0511/Probe4Physics/wandb/run-20260501_100509-af1e9mwp
wandb: Run `wandb offline` to turn off syncing.
wandb: Syncing run mvp_linear_jepa_v2_vitg_384_layer_10/trial_0002
wandb: ⭐️ View project at https://wandb.ai/caselli-niccolo-developer-university-of-amsterdam/probe4physics
wandb: 🚀 View run at https://wandb.ai/caselli-niccolo-developer-university-of-amsterdam/probe4physics/runs/af1e9mwp
[eval.mvp] Starting eval | split_name=val split_dir=data/splits/mvp/full_60_20_20 predictor_mode=from_file annotation_file=data/annotations/mvp_full.jsonl
[eval.mvp] Loaded split assignments | split_pairs=989 split_samples=1978
[eval.mvp] Prepared samples | n_pairs_before_trim=989 n_samples_before_trim=1978 n_pairs_after_trim=989 n_samples_after_trim=1978 max_pairs=0
[eval.mvp] Generated predictions | n_predictions=1978
[eval.mvp] Scoring complete | accuracy=60.1112 pair_consistency=28.7159 n_pairs=989 n_samples=1978
[eval.mvp] Artifacts written | output_dir=artifacts/probes/mvp_probe_linear_jepa_v2_vitg_384_20260501T080343Z/layer_10/train/trial_0002/val_eval
wandb: updating run metadata
wandb: uploading output.log; uploading wandb-summary.json; uploading config.yaml
wandb: 
wandb: Run history:
wandb:          epoch ▁▁▂▂▂▂▂▂▂▃▃▃▃▃▄▄▄▄▅▅▅▅▅▅▅▆▆▆▆▆▆▇▇▇▇▇▇███
wandb: train_accuracy ▁▃▄▅▅▅▆▅▃▆▆▆▆▆▄▇▇▇▇▇▆▇▆█▇▅▆▇█▇█▆▅█▇█▇▆█▇
wandb:     train_loss █▇▅▄▄▄▄▄▃▃▄▃▃▃▂▂▃▂▂▃▂▂▂▂▁▄▃▂▂▁▁▂▁▂▂▂▁▁▂▁
wandb:   val_accuracy ▂▁▁▄▂▆▃▅▂▆▅▄▁▇▅▆▆▅▇▇▃▆▇▅▅▇▇▆█▂▇██▇▅▇▇▆▇▅
wandb:       val_loss ▄▇▄▆▄▃▆▂▂▃█▂▃▇▂▂▂▂▆▂▃▃▂▃▁▂▂▁▁▃▃▁▁▂▁▂▂▁▆▃
wandb: 
wandb: Run summary:
wandb:           best_epoch 59
wandb:    best_val_accuracy 60.11123
wandb:        best_val_loss 0.66953
wandb: checkpoint_best_path artifacts/probes/mvp...
wandb: checkpoint_last_path artifacts/probes/mvp...
wandb:      checkpoint_path artifacts/probes/mvp...
wandb:              dataset mvp
wandb:      elapsed_seconds 11.05079
wandb:                epoch 100
wandb:    feature_signature 78ea8f6e0a5c5d94
wandb:                  +22 ...
wandb: 
wandb: 🚀 View run mvp_linear_jepa_v2_vitg_384_layer_10/trial_0002 at: https://wandb.ai/caselli-niccolo-developer-university-of-amsterdam/probe4physics/runs/af1e9mwp
wandb: ⭐️ View project at: https://wandb.ai/caselli-niccolo-developer-university-of-amsterdam/probe4physics
wandb: Synced 5 W&B file(s), 0 media file(s), 0 artifact file(s) and 0 other file(s)
wandb: Find logs at: ./wandb/run-20260501_100509-af1e9mwp/logs
[I 2026-05-01 10:05:22,245] Trial 2 finished with value: 28.71587462082912 and parameters: {'lr': 0.00314288089084011, 'weight_decay': 1.879466824163843e-07, 'batch_size': 256}. Best is trial 2 with value: 28.71587462082912.
wandb: setting up run ljjdqbd7
wandb: Tracking run with wandb version 0.26.1
wandb: Run data is saved locally in /gpfs/home3/scur0511/Probe4Physics/wandb/run-20260501_100524-ljjdqbd7
wandb: Run `wandb offline` to turn off syncing.
wandb: Syncing run mvp_linear_jepa_v2_vitg_384_layer_10/trial_0003
wandb: ⭐️ View project at https://wandb.ai/caselli-niccolo-developer-university-of-amsterdam/probe4physics
wandb: 🚀 View run at https://wandb.ai/caselli-niccolo-developer-university-of-amsterdam/probe4physics/runs/ljjdqbd7
[eval.mvp] Starting eval | split_name=val split_dir=data/splits/mvp/full_60_20_20 predictor_mode=from_file annotation_file=data/annotations/mvp_full.jsonl
[eval.mvp] Loaded split assignments | split_pairs=989 split_samples=1978
[eval.mvp] Prepared samples | n_pairs_before_trim=989 n_samples_before_trim=1978 n_pairs_after_trim=989 n_samples_after_trim=1978 max_pairs=0
[eval.mvp] Generated predictions | n_predictions=1978
[eval.mvp] Scoring complete | accuracy=58.9484 pair_consistency=26.1881 n_pairs=989 n_samples=1978
[eval.mvp] Artifacts written | output_dir=artifacts/probes/mvp_probe_linear_jepa_v2_vitg_384_20260501T080343Z/layer_10/train/trial_0003/val_eval
wandb: updating run metadata
wandb: uploading config.yaml; uploading output.log; uploading wandb-summary.json
wandb: uploading history steps 85-99, summary, console lines 0-6
wandb: 
wandb: Run history:
wandb:          epoch ▁▁▁▁▂▂▂▂▂▃▃▃▃▃▄▄▄▄▄▄▅▅▅▅▅▅▆▆▆▆▆▇▇▇▇▇▇███
wandb: train_accuracy ▁▁▃▃▃▃▃▄▄▄▅▆▅▆▆▆▆▆▇▆▆▆▆▇▇▆▇▆▇▇▇▇▇▇▇██▇▇▇
wandb:     train_loss █▆▆▅▅▄▄▄▄▄▃▃▃▃▃▃▃▂▂▃▂▃▂▂▃▂▂▂▂▂▂▂▂▁▂▁▁▁▁▁
wandb:   val_accuracy ▂▁▁▃▂▄▄▃▅▃▃▆▄▆▇▄▅▇▄▆▇▆▇▅▆▇▅▅▇▇█▇▆█▆▆▇█▇█
wandb:       val_loss ▇▆▇▆▆▆▅▅█▆▅▃▃▃▃▄▆▃▂▃▂▃▄▄▃▂▂▃▂▂▃▂▂▁▁▁▁▁▂▁
wandb: 
wandb: Run summary:
wandb:           best_epoch 84
wandb:    best_val_accuracy 58.94843
wandb:        best_val_loss 0.67555
wandb: checkpoint_best_path artifacts/probes/mvp...
wandb: checkpoint_last_path artifacts/probes/mvp...
wandb:      checkpoint_path artifacts/probes/mvp...
wandb:              dataset mvp
wandb:      elapsed_seconds 20.50376
wandb:                epoch 100
wandb:    feature_signature 78ea8f6e0a5c5d94
wandb:                  +22 ...
wandb: 
wandb: 🚀 View run mvp_linear_jepa_v2_vitg_384_layer_10/trial_0003 at: https://wandb.ai/caselli-niccolo-developer-university-of-amsterdam/probe4physics/runs/ljjdqbd7
wandb: ⭐️ View project at: https://wandb.ai/caselli-niccolo-developer-university-of-amsterdam/probe4physics
wandb: Synced 5 W&B file(s), 0 media file(s), 0 artifact file(s) and 0 other file(s)
wandb: Find logs at: ./wandb/run-20260501_100524-ljjdqbd7/logs
[I 2026-05-01 10:05:46,282] Trial 3 finished with value: 26.188068756319517 and parameters: {'lr': 0.00019762189340280086, 'weight_decay': 5.589524205217922e-07, 'batch_size': 32}. Best is trial 2 with value: 28.71587462082912.
wandb: setting up run c3ghz0lg
wandb: Tracking run with wandb version 0.26.1
wandb: Run data is saved locally in /gpfs/home3/scur0511/Probe4Physics/wandb/run-20260501_100548-c3ghz0lg
wandb: Run `wandb offline` to turn off syncing.
wandb: Syncing run mvp_linear_jepa_v2_vitg_384_layer_10/trial_0004
wandb: ⭐️ View project at https://wandb.ai/caselli-niccolo-developer-university-of-amsterdam/probe4physics
wandb: 🚀 View run at https://wandb.ai/caselli-niccolo-developer-university-of-amsterdam/probe4physics/runs/c3ghz0lg
[eval.mvp] Starting eval | split_name=val split_dir=data/splits/mvp/full_60_20_20 predictor_mode=from_file annotation_file=data/annotations/mvp_full.jsonl
[eval.mvp] Loaded split assignments | split_pairs=989 split_samples=1978
[eval.mvp] Prepared samples | n_pairs_before_trim=989 n_samples_before_trim=1978 n_pairs_after_trim=989 n_samples_after_trim=1978 max_pairs=0
[eval.mvp] Generated predictions | n_predictions=1978
[eval.mvp] Scoring complete | accuracy=58.0890 pair_consistency=24.5703 n_pairs=989 n_samples=1978
[eval.mvp] Artifacts written | output_dir=artifacts/probes/mvp_probe_linear_jepa_v2_vitg_384_20260501T080343Z/layer_10/train/trial_0004/val_eval
wandb: updating run metadata
wandb: uploading output.log; uploading wandb-summary.json; uploading config.yaml
wandb: 
wandb: Run history:
wandb:          epoch ▁▁▁▁▂▂▂▂▂▃▃▃▃▃▃▄▄▄▄▄▅▅▆▆▆▆▆▆▆▇▇▇▇▇▇█████
wandb: train_accuracy ▁▁▃▃▄▄▅▅▅▆▆▆▆▆▆▇▆▇▆▇▇▆▇▇▇▇▇▇▇▇▇▇███▆█▇▇▇
wandb:     train_loss █▃▃▃▃▃▃▃▂▂▂▂▂▂▂▂▂▂▂▂▂▂▂▂▂▂▂▁▂▁▁▁▁▁▁▁▁▁▁▁
wandb:   val_accuracy ▁▁▄▃▃▄▁▄▄▅▅▅▃▅▅▄▆▅▆▇▆▇▇▇▇▇▇▇▇▄▇██▇█▅▇██▅
wandb:       val_loss ██▇▇▆▆▆▆▅▅▅▄▅▄▄▄▃▃▃▄▃▃▃▃▃▄▃▂▂▂▂▂▂▂▂▄▂▂▁▁
wandb: 
wandb: Run summary:
wandb:           best_epoch 88
wandb:    best_val_accuracy 58.08898
wandb:        best_val_loss 0.6801
wandb: checkpoint_best_path artifacts/probes/mvp...
wandb: checkpoint_last_path artifacts/probes/mvp...
wandb:      checkpoint_path artifacts/probes/mvp...
wandb:              dataset mvp
wandb:      elapsed_seconds 11.83573
wandb:                epoch 100
wandb:    feature_signature 78ea8f6e0a5c5d94
wandb:                  +22 ...
wandb: 
wandb: 🚀 View run mvp_linear_jepa_v2_vitg_384_layer_10/trial_0004 at: https://wandb.ai/caselli-niccolo-developer-university-of-amsterdam/probe4physics/runs/c3ghz0lg
wandb: ⭐️ View project at: https://wandb.ai/caselli-niccolo-developer-university-of-amsterdam/probe4physics
wandb: Synced 5 W&B file(s), 0 media file(s), 0 artifact file(s) and 0 other file(s)
wandb: Find logs at: ./wandb/run-20260501_100548-c3ghz0lg/logs
[I 2026-05-01 10:06:01,711] Trial 4 finished with value: 24.570273003033368 and parameters: {'lr': 0.00023345864076016249, 'weight_decay': 0.0005141096648805752, 'batch_size': 128}. Best is trial 2 with value: 28.71587462082912.
wandb: setting up run 9f3j86kp
wandb: Tracking run with wandb version 0.26.1
wandb: Run data is saved locally in /gpfs/home3/scur0511/Probe4Physics/wandb/run-20260501_100603-9f3j86kp
wandb: Run `wandb offline` to turn off syncing.
wandb: Syncing run mvp_linear_jepa_v2_vitg_384_layer_10/trial_0005
wandb: ⭐️ View project at https://wandb.ai/caselli-niccolo-developer-university-of-amsterdam/probe4physics
wandb: 🚀 View run at https://wandb.ai/caselli-niccolo-developer-university-of-amsterdam/probe4physics/runs/9f3j86kp
[eval.mvp] Starting eval | split_name=val split_dir=data/splits/mvp/full_60_20_20 predictor_mode=from_file annotation_file=data/annotations/mvp_full.jsonl
[eval.mvp] Loaded split assignments | split_pairs=989 split_samples=1978
[eval.mvp] Prepared samples | n_pairs_before_trim=989 n_samples_before_trim=1978 n_pairs_after_trim=989 n_samples_after_trim=1978 max_pairs=0
[eval.mvp] Generated predictions | n_predictions=1978
[eval.mvp] Scoring complete | accuracy=59.6057 pair_consistency=27.8059 n_pairs=989 n_samples=1978
[eval.mvp] Artifacts written | output_dir=artifacts/probes/mvp_probe_linear_jepa_v2_vitg_384_20260501T080343Z/layer_10/train/trial_0005/val_eval
wandb: updating run metadata
wandb: uploading history steps 0-99, summary, console lines 0-6
wandb: 
wandb: Run history:
wandb:          epoch ▁▁▁▂▂▂▂▂▃▃▃▃▃▄▄▄▄▄▄▅▅▅▅▅▆▆▆▆▆▆▆▇▇▇▇▇▇▇▇█
wandb: train_accuracy ▁▂▂▃▃▅▄▅▅▅▅▅▆▅▅▆▅▅▆▆▇▆▆▆▆▇▆▇▇▇▇▇▇▆█▇▇█▇▇
wandb:     train_loss █▅▄▄▄▃▄▃▃▃▄▃▃▃▃▃▂▃▂▂▂▂▂▂▂▂▂▂▂▂▂▂▂▂▂▁▁▁▁▁
wandb:   val_accuracy ▁▁▂▁▃▅▄▂▄▆▄▃▆▇▇▅▆▆▆▅▆██▄▅▇▇▇▇▆▆▇▆▇▇███▆▄
wandb:       val_loss ▇▆▅▅▆▅▄█▅▄▄▅▆▆▅▃▃▇▂▃▃▃▃▃▂▃▄▆▂▁▂▂▂▁▁▃▁▁▂▂
wandb: 
wandb: Run summary:
wandb:           best_epoch 91
wandb:    best_val_accuracy 59.60566
wandb:        best_val_loss 0.67211
wandb: checkpoint_best_path artifacts/probes/mvp...
wandb: checkpoint_last_path artifacts/probes/mvp...
wandb:      checkpoint_path artifacts/probes/mvp...
wandb:              dataset mvp
wandb:      elapsed_seconds 11.84176
wandb:                epoch 100
wandb:    feature_signature 78ea8f6e0a5c5d94
wandb:                  +22 ...
wandb: 
wandb: 🚀 View run mvp_linear_jepa_v2_vitg_384_layer_10/trial_0005 at: https://wandb.ai/caselli-niccolo-developer-university-of-amsterdam/probe4physics/runs/9f3j86kp
wandb: ⭐️ View project at: https://wandb.ai/caselli-niccolo-developer-university-of-amsterdam/probe4physics
wandb: Synced 5 W&B file(s), 0 media file(s), 0 artifact file(s) and 0 other file(s)
wandb: Find logs at: ./wandb/run-20260501_100603-9f3j86kp/logs
[I 2026-05-01 10:06:17,751] Trial 5 finished with value: 27.80586450960566 and parameters: {'lr': 0.0006647135865318024, 'weight_decay': 1.0547383621352015e-07, 'batch_size': 128}. Best is trial 2 with value: 28.71587462082912.
wandb: setting up run gxy0mta4
wandb: Tracking run with wandb version 0.26.1
wandb: Run data is saved locally in /gpfs/home3/scur0511/Probe4Physics/wandb/run-20260501_100619-gxy0mta4
wandb: Run `wandb offline` to turn off syncing.
wandb: Syncing run mvp_linear_jepa_v2_vitg_384_layer_10/trial_0006
wandb: ⭐️ View project at https://wandb.ai/caselli-niccolo-developer-university-of-amsterdam/probe4physics
wandb: 🚀 View run at https://wandb.ai/caselli-niccolo-developer-university-of-amsterdam/probe4physics/runs/gxy0mta4
[eval.mvp] Starting eval | split_name=val split_dir=data/splits/mvp/full_60_20_20 predictor_mode=from_file annotation_file=data/annotations/mvp_full.jsonl
[eval.mvp] Loaded split assignments | split_pairs=989 split_samples=1978
[eval.mvp] Prepared samples | n_pairs_before_trim=989 n_samples_before_trim=1978 n_pairs_after_trim=989 n_samples_after_trim=1978 max_pairs=0
[eval.mvp] Generated predictions | n_predictions=1978
[eval.mvp] Scoring complete | accuracy=57.6340 pair_consistency=23.3569 n_pairs=989 n_samples=1978
[eval.mvp] Artifacts written | output_dir=artifacts/probes/mvp_probe_linear_jepa_v2_vitg_384_20260501T080343Z/layer_10/train/trial_0006/val_eval
wandb: updating run metadata
wandb: uploading config.yaml; uploading output.log; uploading wandb-summary.json
wandb: 
wandb: Run history:
wandb:          epoch ▁▁▁▁▂▂▂▂▂▂▃▃▃▃▄▄▄▄▅▅▅▅▅▆▆▆▆▆▆▆▇▇▇▇▇▇▇███
wandb: train_accuracy ▁▂▂▂▂▄▃▄▄▄▄▄▄▅▆▅▆▆▆▆▆▆▇▆▆▆▆▇▇▇▇█▇█▇▇▇███
wandb:     train_loss █▇▆▆▆▆▅▅▅▅▄▄▄▄▄▄▄▄▄▃▃▃▃▃▃▃▂▂▂▂▂▂▂▁▁▁▁▁▁▁
wandb:   val_accuracy ▁▂▁▃▃▄▄▄▄▄▄▃▄▆▆▆▅▅▆▄▆▅▇▅▅▆▆▇▇▅▇▇▇▇▇██▆██
wandb:       val_loss █▇█▆▆▆▇▅▅▅▅▄▄▄▄▄▃▄▄▃▃▅▃▃▄▄▃▃▄▃▂▂▁▂▁▁▂▁▁▁
wandb: 
wandb: Run summary:
wandb:           best_epoch 89
wandb:    best_val_accuracy 57.63397
wandb:        best_val_loss 0.68202
wandb: checkpoint_best_path artifacts/probes/mvp...
wandb: checkpoint_last_path artifacts/probes/mvp...
wandb:      checkpoint_path artifacts/probes/mvp...
wandb:              dataset mvp
wandb:      elapsed_seconds 20.21092
wandb:                epoch 100
wandb:    feature_signature 78ea8f6e0a5c5d94
wandb:                  +22 ...
wandb: 
wandb: 🚀 View run mvp_linear_jepa_v2_vitg_384_layer_10/trial_0006 at: https://wandb.ai/caselli-niccolo-developer-university-of-amsterdam/probe4physics/runs/gxy0mta4
wandb: ⭐️ View project at: https://wandb.ai/caselli-niccolo-developer-university-of-amsterdam/probe4physics
wandb: Synced 5 W&B file(s), 0 media file(s), 0 artifact file(s) and 0 other file(s)
wandb: Find logs at: ./wandb/run-20260501_100619-gxy0mta4/logs
[I 2026-05-01 10:06:41,464] Trial 6 finished with value: 23.356926188068755 and parameters: {'lr': 8.200518402245828e-05, 'weight_decay': 3.855073690026179e-08, 'batch_size': 32}. Best is trial 2 with value: 28.71587462082912.
wandb: setting up run 7uv9sjg8
wandb: Tracking run with wandb version 0.26.1
wandb: Run data is saved locally in /gpfs/home3/scur0511/Probe4Physics/wandb/run-20260501_100643-7uv9sjg8
wandb: Run `wandb offline` to turn off syncing.
wandb: Syncing run mvp_linear_jepa_v2_vitg_384_layer_10/trial_0007
wandb: ⭐️ View project at https://wandb.ai/caselli-niccolo-developer-university-of-amsterdam/probe4physics
wandb: 🚀 View run at https://wandb.ai/caselli-niccolo-developer-university-of-amsterdam/probe4physics/runs/7uv9sjg8
wandb: updating run metadata
wandb: uploading wandb-summary.json; uploading config.yaml
wandb: 
wandb: Run history:
wandb:          epoch ▁▁▁▂▂▂▂▃▃▃▃▃▃▄▄▄▄▄▄▄▄▅▅▅▅▆▆▆▆▆▆▆▇▇▇▇▇▇██
wandb: train_accuracy ▃▁▂▁▂▂▃▃▃▃▄▄▅▅▄▅▆▆▆▆▆▇▇▇▆▇▇▇▇████▇▇▇█▇██
wandb:     train_loss █▁▁▁▁▁▁▁▁▁▁▁▁▁▁▁▁▁▁▁▁▁▁▁▁▁▁▁▁▁▁▁▁▁▁▁▁▁▁▁
wandb:   val_accuracy ▂▁▁▁▂▂▂▃▃▃▄▅▄▄▅▅▅▄▅▅▅▄▅▅▅▅▆▆▆▇▆▆▆▇█▇▅█▇█
wandb:       val_loss █▂▂▂▁▁▁▁▁▁▁▁▁▁▁▁▁▁▁▁▁▁▁▁▁▁▁▁▁▁▁▁▁▁▁▁▁▁▁▁
wandb: 
wandb: Run summary:
wandb:          epoch 100
wandb: train_accuracy 54.04722
wandb:     train_loss 0.68938
wandb:   val_accuracy 53.13448
wandb:       val_loss 0.69096
wandb: 
wandb: 🚀 View run mvp_linear_jepa_v2_vitg_384_layer_10/trial_0007 at: https://wandb.ai/caselli-niccolo-developer-university-of-amsterdam/probe4physics/runs/7uv9sjg8
wandb: ⭐️ View project at: https://wandb.ai/caselli-niccolo-developer-university-of-amsterdam/probe4physics
wandb: Synced 4 W&B file(s), 0 media file(s), 0 artifact file(s) and 0 other file(s)
wandb: Find logs at: ./wandb/run-20260501_100643-7uv9sjg8/logs
[I 2026-05-01 10:06:57,233] Trial 7 pruned. Pruned at epoch 100 with val_accuracy=53.1345
wandb: setting up run n60ltbi7
wandb: Tracking run with wandb version 0.26.1
wandb: Run data is saved locally in /gpfs/home3/scur0511/Probe4Physics/wandb/run-20260501_100659-n60ltbi7
wandb: Run `wandb offline` to turn off syncing.
wandb: Syncing run mvp_linear_jepa_v2_vitg_384_layer_10/trial_0008
wandb: ⭐️ View project at https://wandb.ai/caselli-niccolo-developer-university-of-amsterdam/probe4physics
wandb: 🚀 View run at https://wandb.ai/caselli-niccolo-developer-university-of-amsterdam/probe4physics/runs/n60ltbi7
[eval.mvp] Starting eval | split_name=val split_dir=data/splits/mvp/full_60_20_20 predictor_mode=from_file annotation_file=data/annotations/mvp_full.jsonl
[eval.mvp] Loaded split assignments | split_pairs=989 split_samples=1978
[eval.mvp] Prepared samples | n_pairs_before_trim=989 n_samples_before_trim=1978 n_pairs_after_trim=989 n_samples_after_trim=1978 max_pairs=0
[eval.mvp] Generated predictions | n_predictions=1978
[eval.mvp] Scoring complete | accuracy=60.1112 pair_consistency=28.2103 n_pairs=989 n_samples=1978
[eval.mvp] Artifacts written | output_dir=artifacts/probes/mvp_probe_linear_jepa_v2_vitg_384_20260501T080343Z/layer_10/train/trial_0008/val_eval
wandb: updating run metadata
wandb: uploading config.yaml; uploading output.log; uploading wandb-summary.json
wandb: 
wandb: Run history:
wandb:          epoch ▁▁▁▁▁▂▂▂▂▂▂▃▃▃▃▄▄▄▄▄▅▅▅▅▅▅▆▆▆▆▆▇▇▇▇▇▇▇██
wandb: train_accuracy ▁▂▃▃▄▄▅▅▅▆▆▆▆▆▆▆▇▇▆▆▇▇▆▇▇▇█▇▇▇▇▇▇█▇████▇
wandb:     train_loss █▇▇▆▆▆▆▆▆▆▅▅▅▄▄▄▃▄▃▃▃▃▄▂▂▂▂▃▂▂▁▂▁▂▁▁▁▁▁▁
wandb:   val_accuracy ▂▃▃▅▆▄▅▁▂▅▂▆▅▂▄█▇▇▅▆▆▇▅▇▇▇▆▇█▇▅▇▆▇▆██▅█▆
wandb:       val_loss ▆▆▅▅▆▅▅▄▃▅█▃▅▃▄▂▇▃▂▂▆▃▂▂▂▂▂▂▁▂▂▅▅▁▂▃▁▁▁▅
wandb: 
wandb: Run summary:
wandb:           best_epoch 85
wandb:    best_val_accuracy 60.11123
wandb:        best_val_loss 0.67198
wandb: checkpoint_best_path artifacts/probes/mvp...
wandb: checkpoint_last_path artifacts/probes/mvp...
wandb:      checkpoint_path artifacts/probes/mvp...
wandb:              dataset mvp
wandb:      elapsed_seconds 20.7493
wandb:                epoch 100
wandb:    feature_signature 78ea8f6e0a5c5d94
wandb:                  +22 ...
wandb: 
wandb: 🚀 View run mvp_linear_jepa_v2_vitg_384_layer_10/trial_0008 at: https://wandb.ai/caselli-niccolo-developer-university-of-amsterdam/probe4physics/runs/n60ltbi7
wandb: ⭐️ View project at: https://wandb.ai/caselli-niccolo-developer-university-of-amsterdam/probe4physics
wandb: Synced 5 W&B file(s), 0 media file(s), 0 artifact file(s) and 0 other file(s)
wandb: Find logs at: ./wandb/run-20260501_100659-n60ltbi7/logs
[I 2026-05-01 10:07:21,817] Trial 8 finished with value: 28.2103134479272 and parameters: {'lr': 0.00043664735929796326, 'weight_decay': 1.2856617791467908e-07, 'batch_size': 32}. Best is trial 2 with value: 28.71587462082912.
wandb: setting up run bsl3ckeq
wandb: Tracking run with wandb version 0.26.1
wandb: Run data is saved locally in /gpfs/home3/scur0511/Probe4Physics/wandb/run-20260501_100723-bsl3ckeq
wandb: Run `wandb offline` to turn off syncing.
wandb: Syncing run mvp_linear_jepa_v2_vitg_384_layer_10/trial_0009
wandb: ⭐️ View project at https://wandb.ai/caselli-niccolo-developer-university-of-amsterdam/probe4physics
wandb: 🚀 View run at https://wandb.ai/caselli-niccolo-developer-university-of-amsterdam/probe4physics/runs/bsl3ckeq
[eval.mvp] Starting eval | split_name=val split_dir=data/splits/mvp/full_60_20_20 predictor_mode=from_file annotation_file=data/annotations/mvp_full.jsonl
[eval.mvp] Loaded split assignments | split_pairs=989 split_samples=1978
[eval.mvp] Prepared samples | n_pairs_before_trim=989 n_samples_before_trim=1978 n_pairs_after_trim=989 n_samples_after_trim=1978 max_pairs=0
[eval.mvp] Generated predictions | n_predictions=1978
[eval.mvp] Scoring complete | accuracy=58.8473 pair_consistency=25.7836 n_pairs=989 n_samples=1978
[eval.mvp] Artifacts written | output_dir=artifacts/probes/mvp_probe_linear_jepa_v2_vitg_384_20260501T080343Z/layer_10/train/trial_0009/val_eval
wandb: updating run metadata
wandb: uploading config.yaml; uploading output.log; uploading wandb-summary.json
wandb: 
wandb: Run history:
wandb:          epoch ▁▁▁▂▂▂▂▃▃▃▃▃▃▃▃▄▄▄▄▅▅▅▅▅▅▆▆▆▆▆▇▇▇▇▇▇▇███
wandb: train_accuracy ▁▁▂▃▄▃▄▅▅▅▅▆▃▅▆▇▅▅▇▇▆▆▇█▇▆▆▇▇█▇▇▆██▇▇█▆▆
wandb:     train_loss █████▇▆▆▆▆▆▅▆▅▆▅▄▅▄▄▄▄▃▄▃▃▄▂▃▂▃▃▂▂▁▁▂▄▂▁
wandb:   val_accuracy ▁▃▃▃▄▄▄▄▃▅▆▆▄▆▆▆▇▆▅▇▅▇▇▇▅▇▆▇▅▇▄██▇█▇▇█▇█
wandb:       val_loss █▄▄▄▄▄▄▄▃▄▃▃▃▃▃▂▃▃▃▃▃▂▂▄▃▂▂▂▂▂▂▁▁▁▁▁▁▁▁▁
wandb: 
wandb: Run summary:
wandb:           best_epoch 85
wandb:    best_val_accuracy 58.84732
wandb:        best_val_loss 0.67747
wandb: checkpoint_best_path artifacts/probes/mvp...
wandb: checkpoint_last_path artifacts/probes/mvp...
wandb:      checkpoint_path artifacts/probes/mvp...
wandb:              dataset mvp
wandb:      elapsed_seconds 10.59312
wandb:                epoch 100
wandb:    feature_signature 78ea8f6e0a5c5d94
wandb:                  +22 ...
wandb: 
wandb: 🚀 View run mvp_linear_jepa_v2_vitg_384_layer_10/trial_0009 at: https://wandb.ai/caselli-niccolo-developer-university-of-amsterdam/probe4physics/runs/bsl3ckeq
wandb: ⭐️ View project at: https://wandb.ai/caselli-niccolo-developer-university-of-amsterdam/probe4physics
wandb: Synced 5 W&B file(s), 0 media file(s), 0 artifact file(s) and 0 other file(s)
wandb: Find logs at: ./wandb/run-20260501_100723-bsl3ckeq/logs
[I 2026-05-01 10:07:35,866] Trial 9 finished with value: 25.783619817997977 and parameters: {'lr': 0.0006218704727769079, 'weight_decay': 0.0033981724150106006, 'batch_size': 256}. Best is trial 2 with value: 28.71587462082912.
wandb: setting up run vglkgs03
wandb: Tracking run with wandb version 0.26.1
wandb: Run data is saved locally in /gpfs/home3/scur0511/Probe4Physics/wandb/run-20260501_100737-vglkgs03
wandb: Run `wandb offline` to turn off syncing.
wandb: Syncing run mvp_linear_jepa_v2_vitg_384_layer_10/trial_0010
wandb: ⭐️ View project at https://wandb.ai/caselli-niccolo-developer-university-of-amsterdam/probe4physics
wandb: 🚀 View run at https://wandb.ai/caselli-niccolo-developer-university-of-amsterdam/probe4physics/runs/vglkgs03
[eval.mvp] Starting eval | split_name=val split_dir=data/splits/mvp/full_60_20_20 predictor_mode=from_file annotation_file=data/annotations/mvp_full.jsonl
[eval.mvp] Loaded split assignments | split_pairs=989 split_samples=1978
[eval.mvp] Prepared samples | n_pairs_before_trim=989 n_samples_before_trim=1978 n_pairs_after_trim=989 n_samples_after_trim=1978 max_pairs=0
[eval.mvp] Generated predictions | n_predictions=1978
[eval.mvp] Scoring complete | accuracy=59.6057 pair_consistency=28.9181 n_pairs=989 n_samples=1978
[eval.mvp] Artifacts written | output_dir=artifacts/probes/mvp_probe_linear_jepa_v2_vitg_384_20260501T080343Z/layer_10/train/trial_0010/val_eval
wandb: updating run metadata
wandb: uploading output.log; uploading wandb-summary.json; uploading config.yaml
wandb: uploading history steps 0-99, summary, console lines 0-6
wandb: 
wandb: Run history:
wandb:          epoch ▁▁▂▂▂▂▂▃▃▃▃▃▃▃▄▄▄▄▄▄▅▅▅▅▅▅▅▅▆▆▆▆▇▇▇▇▇███
wandb: train_accuracy ▁▃▃▅▅▆▆▅▃▅▅▆▇▇▆▆▅▆▇█▇▆█▆▆▇▇▇█▆▇▇▇▇▅▇▇█▇▇
wandb:     train_loss ▆▅▅▅█▃▃▅▃▄▄▅▆▃█▅▄▃▃▃▇▂▄▄▃▅▅▃▄▃▅▄▂▃▆▂▁▂▁▂
wandb:   val_accuracy ▁▁▁▅▄▁▃▆▆▆▃▂▇▂▁█▆▇▇▆▇▄▅▄▇▇▆▇▅▃▇▇▇▇▆▆█▇██
wandb:       val_loss ▇▅▂▅▃▂▂▃▅▁▂█▅▁▁▂▁▅▁▄▄▄▃▁▃▁▁▁▂▂▃▁▃▂▁▂▁▁▁▃
wandb: 
wandb: Run summary:
wandb:           best_epoch 100
wandb:    best_val_accuracy 59.60566
wandb:        best_val_loss 0.66639
wandb: checkpoint_best_path artifacts/probes/mvp...
wandb: checkpoint_last_path artifacts/probes/mvp...
wandb:      checkpoint_path artifacts/probes/mvp...
wandb:              dataset mvp
wandb:      elapsed_seconds 10.58941
wandb:                epoch 100
wandb:    feature_signature 78ea8f6e0a5c5d94
wandb:                  +22 ...
wandb: 
wandb: 🚀 View run mvp_linear_jepa_v2_vitg_384_layer_10/trial_0010 at: https://wandb.ai/caselli-niccolo-developer-university-of-amsterdam/probe4physics/runs/vglkgs03
wandb: ⭐️ View project at: https://wandb.ai/caselli-niccolo-developer-university-of-amsterdam/probe4physics
wandb: Synced 5 W&B file(s), 0 media file(s), 0 artifact file(s) and 0 other file(s)
wandb: Find logs at: ./wandb/run-20260501_100737-vglkgs03/logs
[I 2026-05-01 10:07:49,861] Trial 10 finished with value: 28.91809908998989 and parameters: {'lr': 0.008589902259876388, 'weight_decay': 6.917735117804129e-06, 'batch_size': 256}. Best is trial 10 with value: 28.91809908998989.
wandb: setting up run e10jalj2
wandb: Tracking run with wandb version 0.26.1
wandb: Run data is saved locally in /gpfs/home3/scur0511/Probe4Physics/wandb/run-20260501_100751-e10jalj2
wandb: Run `wandb offline` to turn off syncing.
wandb: Syncing run mvp_linear_jepa_v2_vitg_384_layer_10/trial_0011
wandb: ⭐️ View project at https://wandb.ai/caselli-niccolo-developer-university-of-amsterdam/probe4physics
wandb: 🚀 View run at https://wandb.ai/caselli-niccolo-developer-university-of-amsterdam/probe4physics/runs/e10jalj2
[eval.mvp] Starting eval | split_name=val split_dir=data/splits/mvp/full_60_20_20 predictor_mode=from_file annotation_file=data/annotations/mvp_full.jsonl
[eval.mvp] Loaded split assignments | split_pairs=989 split_samples=1978
[eval.mvp] Prepared samples | n_pairs_before_trim=989 n_samples_before_trim=1978 n_pairs_after_trim=989 n_samples_after_trim=1978 max_pairs=0
[eval.mvp] Generated predictions | n_predictions=1978
[eval.mvp] Scoring complete | accuracy=59.8079 pair_consistency=28.3114 n_pairs=989 n_samples=1978
[eval.mvp] Artifacts written | output_dir=artifacts/probes/mvp_probe_linear_jepa_v2_vitg_384_20260501T080343Z/layer_10/train/trial_0011/val_eval
wandb: updating run metadata
wandb: uploading output.log; uploading wandb-summary.json; uploading config.yaml
wandb: 
wandb: Run history:
wandb:          epoch ▁▁▁▁▁▂▂▂▂▃▃▃▃▃▃▄▄▄▅▅▅▅▅▅▆▆▆▆▆▆▆▆▇▇▇▇▇▇██
wandb: train_accuracy ▁▂▄▆▅▆▄▆▄▆▄▆▇▇▆▇▇▅▅▆▇▇▇▆▇▇▆▇██▇▆▇▇▆▅███▇
wandb:     train_loss ▅█▅▄▄▃▆▅▄▃▄▂▃▂▂▃▃▂▃▂▂▂▃▂▄▂▂▂▄▃▂▁▁▁▄▁▂▁▂▂
wandb:   val_accuracy ▂▁▂▃▅▁▃▃▆▆▇▆▇▇▃█▆▇▇▆▅▂▂▆▇▅▇▅▇▇▃▄▇█▇█▆█▇▆
wandb:       val_loss ▂▆▂▄▃▂▂▂▃▁▁▂▁▁▁▂▂▁▂▆▂▄▃▄▁▆▂▂▂▁█▁▂▃▁▁▄▁▁▁
wandb: 
wandb: Run summary:
wandb:           best_epoch 34
wandb:    best_val_accuracy 59.80788
wandb:        best_val_loss 0.66953
wandb: checkpoint_best_path artifacts/probes/mvp...
wandb: checkpoint_last_path artifacts/probes/mvp...
wandb:      checkpoint_path artifacts/probes/mvp...
wandb:              dataset mvp
wandb:      elapsed_seconds 10.54293
wandb:                epoch 100
wandb:    feature_signature 78ea8f6e0a5c5d94
wandb:                  +22 ...
wandb: 
wandb: 🚀 View run mvp_linear_jepa_v2_vitg_384_layer_10/trial_0011 at: https://wandb.ai/caselli-niccolo-developer-university-of-amsterdam/probe4physics/runs/e10jalj2
wandb: ⭐️ View project at: https://wandb.ai/caselli-niccolo-developer-university-of-amsterdam/probe4physics
wandb: Synced 5 W&B file(s), 0 media file(s), 0 artifact file(s) and 0 other file(s)
wandb: Find logs at: ./wandb/run-20260501_100751-e10jalj2/logs
[I 2026-05-01 10:08:03,991] Trial 11 finished with value: 28.311425682507586 and parameters: {'lr': 0.007209809176013979, 'weight_decay': 7.505688860010938e-06, 'batch_size': 256}. Best is trial 10 with value: 28.91809908998989.
wandb: setting up run 5e8vrvs6
wandb: Tracking run with wandb version 0.26.1
wandb: Run data is saved locally in /gpfs/home3/scur0511/Probe4Physics/wandb/run-20260501_100805-5e8vrvs6
wandb: Run `wandb offline` to turn off syncing.
wandb: Syncing run mvp_linear_jepa_v2_vitg_384_layer_10/trial_0012
wandb: ⭐️ View project at https://wandb.ai/caselli-niccolo-developer-university-of-amsterdam/probe4physics
wandb: 🚀 View run at https://wandb.ai/caselli-niccolo-developer-university-of-amsterdam/probe4physics/runs/5e8vrvs6
[eval.mvp] Starting eval | split_name=val split_dir=data/splits/mvp/full_60_20_20 predictor_mode=from_file annotation_file=data/annotations/mvp_full.jsonl
[eval.mvp] Loaded split assignments | split_pairs=989 split_samples=1978
[eval.mvp] Prepared samples | n_pairs_before_trim=989 n_samples_before_trim=1978 n_pairs_after_trim=989 n_samples_after_trim=1978 max_pairs=0
[eval.mvp] Generated predictions | n_predictions=1978
[eval.mvp] Scoring complete | accuracy=59.5046 pair_consistency=28.5137 n_pairs=989 n_samples=1978
[eval.mvp] Artifacts written | output_dir=artifacts/probes/mvp_probe_linear_jepa_v2_vitg_384_20260501T080343Z/layer_10/train/trial_0012/val_eval
wandb: updating run metadata
wandb: uploading output.log; uploading wandb-summary.json; uploading config.yaml
wandb: 
wandb: Run history:
wandb:          epoch ▁▁▁▂▂▂▂▂▂▂▃▃▃▃▃▄▄▄▅▅▅▅▅▅▅▅▅▆▆▆▆▆▇▇▇▇▇▇██
wandb: train_accuracy ▁▂▃▅▄▄▅▅▄▄▇▂▅▆▇▅▇▆▆▅▆▆▇█▆▆▆▇██▅▇█▅▇▇▇▅█▇
wandb:     train_loss █▃▂▂▂▂▂▂▂▂▂▁▁▄▁▁▂▂▂▂▁▁▁▂▂▁▁▂▂▁▁▁▂▁▁▂▁▁▁▁
wandb:   val_accuracy ▂▁▄▅▅▃▄▁▁▆▂▁▂▆▇▇▇▇▁▇▄▅▆▆▆▇▇▇▇▇▅▅██▆▇▃█▄▇
wandb:       val_loss ▂▂▂▂▃▂▂▂▂▂▆▂▁▅▁▁▁▁▁▂█▂▃▁▂▁▃▂▇▂▄▂▁▃▁▂▁▄▁▂
wandb: 
wandb: Run summary:
wandb:           best_epoch 92
wandb:    best_val_accuracy 59.50455
wandb:        best_val_loss 0.66954
wandb: checkpoint_best_path artifacts/probes/mvp...
wandb: checkpoint_last_path artifacts/probes/mvp...
wandb:      checkpoint_path artifacts/probes/mvp...
wandb:              dataset mvp
wandb:      elapsed_seconds 10.72773
wandb:                epoch 100
wandb:    feature_signature 78ea8f6e0a5c5d94
wandb:                  +22 ...
wandb: 
wandb: 🚀 View run mvp_linear_jepa_v2_vitg_384_layer_10/trial_0012 at: https://wandb.ai/caselli-niccolo-developer-university-of-amsterdam/probe4physics/runs/5e8vrvs6
wandb: ⭐️ View project at: https://wandb.ai/caselli-niccolo-developer-university-of-amsterdam/probe4physics
wandb: Synced 5 W&B file(s), 0 media file(s), 0 artifact file(s) and 0 other file(s)
wandb: Find logs at: ./wandb/run-20260501_100805-5e8vrvs6/logs
[I 2026-05-01 10:08:18,073] Trial 12 finished with value: 28.51365015166835 and parameters: {'lr': 0.009169642965656132, 'weight_decay': 5.13921421124876e-06, 'batch_size': 256}. Best is trial 10 with value: 28.91809908998989.
wandb: setting up run opixe8mf
wandb: Tracking run with wandb version 0.26.1
wandb: Run data is saved locally in /gpfs/home3/scur0511/Probe4Physics/wandb/run-20260501_100820-opixe8mf
wandb: Run `wandb offline` to turn off syncing.
wandb: Syncing run mvp_linear_jepa_v2_vitg_384_layer_10/trial_0013
wandb: ⭐️ View project at https://wandb.ai/caselli-niccolo-developer-university-of-amsterdam/probe4physics
wandb: 🚀 View run at https://wandb.ai/caselli-niccolo-developer-university-of-amsterdam/probe4physics/runs/opixe8mf
[eval.mvp] Starting eval | split_name=val split_dir=data/splits/mvp/full_60_20_20 predictor_mode=from_file annotation_file=data/annotations/mvp_full.jsonl
[eval.mvp] Loaded split assignments | split_pairs=989 split_samples=1978
[eval.mvp] Prepared samples | n_pairs_before_trim=989 n_samples_before_trim=1978 n_pairs_after_trim=989 n_samples_after_trim=1978 max_pairs=0
[eval.mvp] Generated predictions | n_predictions=1978
[eval.mvp] Scoring complete | accuracy=60.0607 pair_consistency=28.7159 n_pairs=989 n_samples=1978
[eval.mvp] Artifacts written | output_dir=artifacts/probes/mvp_probe_linear_jepa_v2_vitg_384_20260501T080343Z/layer_10/train/trial_0013/val_eval
wandb: updating run metadata
wandb: uploading output.log; uploading wandb-summary.json; uploading config.yaml
wandb: 
wandb: Run history:
wandb:          epoch ▁▁▁▁▂▂▂▂▂▂▃▃▃▃▃▄▄▄▄▄▅▅▅▅▅▆▆▆▆▆▆▆▆▆▇▇▇███
wandb: train_accuracy ▁▁▂▃▃▅▄▄▅▅▂▆▅▆▄▆▆▇▇▆▇▇▇▆▇▆▅▄█▇█▇█▇█▆▇▇█▇
wandb:     train_loss █▅▄▄▃▃▃▅▃▂▃▃▄▃▂▂▂▃▂▂▂▂▂▁▂▄▃▁▂▁▂▂▁▁▁▃▃▁▁▁
wandb:   val_accuracy ▃▁▂▃▆▇▅▅▄▁▅▅▆▆▇▃▇▅▅▇▆▆▃▂▆▇██▆█▅▅▇▆▇▆▇▇▄▅
wandb:       val_loss ▄▃▃▃▃▂▃▂▂▂▃▂▄▂▂▂▅▂▃▃▁▁▁█▁▅▁▁▇▃▁▁▁▁▁▂▅▁▁▅
wandb: 
wandb: Run summary:
wandb:           best_epoch 59
wandb:    best_val_accuracy 60.06067
wandb:        best_val_loss 0.66954
wandb: checkpoint_best_path artifacts/probes/mvp...
wandb: checkpoint_last_path artifacts/probes/mvp...
wandb:      checkpoint_path artifacts/probes/mvp...
wandb:              dataset mvp
wandb:      elapsed_seconds 11.00743
wandb:                epoch 100
wandb:    feature_signature 78ea8f6e0a5c5d94
wandb:                  +22 ...
wandb: 
wandb: 🚀 View run mvp_linear_jepa_v2_vitg_384_layer_10/trial_0013 at: https://wandb.ai/caselli-niccolo-developer-university-of-amsterdam/probe4physics/runs/opixe8mf
wandb: ⭐️ View project at: https://wandb.ai/caselli-niccolo-developer-university-of-amsterdam/probe4physics
wandb: Synced 5 W&B file(s), 0 media file(s), 0 artifact file(s) and 0 other file(s)
wandb: Find logs at: ./wandb/run-20260501_100820-opixe8mf/logs
[I 2026-05-01 10:08:32,472] Trial 13 finished with value: 28.71587462082912 and parameters: {'lr': 0.0031381017128597325, 'weight_decay': 0.00016568941049924715, 'batch_size': 256}. Best is trial 10 with value: 28.91809908998989.
wandb: setting up run dz4ps0et
wandb: Tracking run with wandb version 0.26.1
wandb: Run data is saved locally in /gpfs/home3/scur0511/Probe4Physics/wandb/run-20260501_100834-dz4ps0et
wandb: Run `wandb offline` to turn off syncing.
wandb: Syncing run mvp_linear_jepa_v2_vitg_384_layer_10/trial_0014
wandb: ⭐️ View project at https://wandb.ai/caselli-niccolo-developer-university-of-amsterdam/probe4physics
wandb: 🚀 View run at https://wandb.ai/caselli-niccolo-developer-university-of-amsterdam/probe4physics/runs/dz4ps0et
[eval.mvp] Starting eval | split_name=val split_dir=data/splits/mvp/full_60_20_20 predictor_mode=from_file annotation_file=data/annotations/mvp_full.jsonl
[eval.mvp] Loaded split assignments | split_pairs=989 split_samples=1978
[eval.mvp] Prepared samples | n_pairs_before_trim=989 n_samples_before_trim=1978 n_pairs_after_trim=989 n_samples_after_trim=1978 max_pairs=0
[eval.mvp] Generated predictions | n_predictions=1978
[eval.mvp] Scoring complete | accuracy=60.1618 pair_consistency=29.5248 n_pairs=989 n_samples=1978
[eval.mvp] Artifacts written | output_dir=artifacts/probes/mvp_probe_linear_jepa_v2_vitg_384_20260501T080343Z/layer_10/train/trial_0014/val_eval
wandb: updating run metadata
wandb: uploading history steps 0-99, summary, console lines 0-6
wandb: uploading data
wandb: 
wandb: Run history:
wandb:          epoch ▁▁▁▁▁▂▂▂▂▂▃▃▃▃▃▄▄▄▄▄▄▅▅▅▅▅▆▆▆▆▆▆▆▇▇▇▇███
wandb: train_accuracy ▁▁▁▂▄▃▄▄▄▃▄▄▅▄▅▅▅▅▆▆▅▅▇▅▅▆▆▆▆▅▇▆▇▇█▇▅█▆▇
wandb:     train_loss █▇▅▅▅▅▄▄▄▄▄▄▃▃▃▃▃▃▃▃▂▄▃▂▂▃▂▃▂▁▁▂▂▂▁▂▃▁▃▂
wandb:   val_accuracy ▂▃▆▄▃▁▇▁▅▅▁▅▆▇▅▇▆▃██▇██▁▇▆▇▇▆▇▇▅█▇▇▅██▅▅
wandb:       val_loss ▄▄▃▃▃▃▃▃▂▅▆▂▃█▂▃▂▂▂▃▂█▃▂▃▂▂▂▂▃▂▃▂▂▁▂▃▄▁▅
wandb: 
wandb: Run summary:
wandb:           best_epoch 66
wandb:    best_val_accuracy 60.16178
wandb:        best_val_loss 0.66888
wandb: checkpoint_best_path artifacts/probes/mvp...
wandb: checkpoint_last_path artifacts/probes/mvp...
wandb:      checkpoint_path artifacts/probes/mvp...
wandb:              dataset mvp
wandb:      elapsed_seconds 14.54915
wandb:                epoch 100
wandb:    feature_signature 78ea8f6e0a5c5d94
wandb:                  +22 ...
wandb: 
wandb: 🚀 View run mvp_linear_jepa_v2_vitg_384_layer_10/trial_0014 at: https://wandb.ai/caselli-niccolo-developer-university-of-amsterdam/probe4physics/runs/dz4ps0et
wandb: ⭐️ View project at: https://wandb.ai/caselli-niccolo-developer-university-of-amsterdam/probe4physics
wandb: Synced 5 W&B file(s), 0 media file(s), 0 artifact file(s) and 0 other file(s)
wandb: Find logs at: ./wandb/run-20260501_100834-dz4ps0et/logs
[I 2026-05-01 10:08:51,103] Trial 14 finished with value: 29.524772497472195 and parameters: {'lr': 0.0021879463142437552, 'weight_decay': 1.0892264782592728e-06, 'batch_size': 64}. Best is trial 14 with value: 29.524772497472195.
wandb: setting up run xxzoa6v2
wandb: Tracking run with wandb version 0.26.1
wandb: Run data is saved locally in /gpfs/home3/scur0511/Probe4Physics/wandb/run-20260501_100852-xxzoa6v2
wandb: Run `wandb offline` to turn off syncing.
wandb: Syncing run mvp_linear_jepa_v2_vitg_384_layer_10/trial_0015
wandb: ⭐️ View project at https://wandb.ai/caselli-niccolo-developer-university-of-amsterdam/probe4physics
wandb: 🚀 View run at https://wandb.ai/caselli-niccolo-developer-university-of-amsterdam/probe4physics/runs/xxzoa6v2
[eval.mvp] Starting eval | split_name=val split_dir=data/splits/mvp/full_60_20_20 predictor_mode=from_file annotation_file=data/annotations/mvp_full.jsonl
[eval.mvp] Loaded split assignments | split_pairs=989 split_samples=1978
[eval.mvp] Prepared samples | n_pairs_before_trim=989 n_samples_before_trim=1978 n_pairs_after_trim=989 n_samples_after_trim=1978 max_pairs=0
[eval.mvp] Generated predictions | n_predictions=1978
[eval.mvp] Scoring complete | accuracy=59.6562 pair_consistency=28.6148 n_pairs=989 n_samples=1978
[eval.mvp] Artifacts written | output_dir=artifacts/probes/mvp_probe_linear_jepa_v2_vitg_384_20260501T080343Z/layer_10/train/trial_0015/val_eval
wandb: updating run metadata
wandb: uploading output.log; uploading wandb-summary.json; uploading config.yaml; uploading history steps 0-99, summary, console lines 0-6
wandb: 
wandb: Run history:
wandb:          epoch ▁▁▂▂▂▂▂▂▂▃▃▃▄▄▄▄▄▅▅▅▅▅▆▆▆▆▆▆▆▇▇▇▇▇▇█████
wandb: train_accuracy ▁▃▃▃▄▄▅▅▅▄▆▇▅▆▆▆▇▆▆▆▇▇▇▇▇▇▇▆▇▇▇█▇▇██▇█▇▇
wandb:     train_loss ██▇▆▆▆▄▅▅▄▅▃▃▃▄▅▄▃▃▃▃▃▄▂▄▂▄▃▂▁▃▃▂▂▂▁▁▂▁▂
wandb:   val_accuracy ▂▂▆▄▄▇▃▃▁▃▇▃▅▄▇█▁▆▂█▇▇▅▄▇▆█▇▄▆█▅█▅▅█▇▆▇▇
wandb:       val_loss ▄▄▃▃▃▃▃▃▂▅█▂▂▂▂▅▁▂▁▄▁▂▄▃▁▁▅▁▁▁▂▁▂▃▁▂▁▁▃▂
wandb: 
wandb: Run summary:
wandb:           best_epoch 91
wandb:    best_val_accuracy 59.65622
wandb:        best_val_loss 0.66657
wandb: checkpoint_best_path artifacts/probes/mvp...
wandb: checkpoint_last_path artifacts/probes/mvp...
wandb:      checkpoint_path artifacts/probes/mvp...
wandb:              dataset mvp
wandb:      elapsed_seconds 14.51871
wandb:                epoch 100
wandb:    feature_signature 78ea8f6e0a5c5d94
wandb:                  +22 ...
wandb: 
wandb: 🚀 View run mvp_linear_jepa_v2_vitg_384_layer_10/trial_0015 at: https://wandb.ai/caselli-niccolo-developer-university-of-amsterdam/probe4physics/runs/xxzoa6v2
wandb: ⭐️ View project at: https://wandb.ai/caselli-niccolo-developer-university-of-amsterdam/probe4physics
wandb: Synced 5 W&B file(s), 0 media file(s), 0 artifact file(s) and 0 other file(s)
wandb: Find logs at: ./wandb/run-20260501_100852-xxzoa6v2/logs
[I 2026-05-01 10:09:09,376] Trial 15 finished with value: 28.61476238624874 and parameters: {'lr': 0.0018362839120451822, 'weight_decay': 4.396485490329044e-05, 'batch_size': 64}. Best is trial 14 with value: 29.524772497472195.
wandb: setting up run tiilbf6k
wandb: Tracking run with wandb version 0.26.1
wandb: Run data is saved locally in /gpfs/home3/scur0511/Probe4Physics/wandb/run-20260501_100911-tiilbf6k
wandb: Run `wandb offline` to turn off syncing.
wandb: Syncing run mvp_linear_jepa_v2_vitg_384_layer_10/trial_0016
wandb: ⭐️ View project at https://wandb.ai/caselli-niccolo-developer-university-of-amsterdam/probe4physics
wandb: 🚀 View run at https://wandb.ai/caselli-niccolo-developer-university-of-amsterdam/probe4physics/runs/tiilbf6k
[eval.mvp] Starting eval | split_name=val split_dir=data/splits/mvp/full_60_20_20 predictor_mode=from_file annotation_file=data/annotations/mvp_full.jsonl
[eval.mvp] Loaded split assignments | split_pairs=989 split_samples=1978
[eval.mvp] Prepared samples | n_pairs_before_trim=989 n_samples_before_trim=1978 n_pairs_after_trim=989 n_samples_after_trim=1978 max_pairs=0
[eval.mvp] Generated predictions | n_predictions=1978
[eval.mvp] Scoring complete | accuracy=59.8079 pair_consistency=26.8959 n_pairs=989 n_samples=1978
[eval.mvp] Artifacts written | output_dir=artifacts/probes/mvp_probe_linear_jepa_v2_vitg_384_20260501T080343Z/layer_10/train/trial_0016/val_eval
wandb: updating run metadata
wandb: uploading history steps 0-99, summary, console lines 0-6; uploading config.yaml; uploading output.log; uploading wandb-summary.json
wandb: 
wandb: Run history:
wandb:          epoch ▁▁▁▁▁▂▂▂▂▂▃▃▃▃▃▄▄▄▄▄▄▅▅▅▅▅▅▅▆▆▆▆▇▇▇▇████
wandb: train_accuracy ▁▂▃▄▄▄▅▅▅▅▅▆▆▆▆▆▆▆▆▆▇▆▇▆▆▇▇█▇▇▇▇██▇██▇▇▇
wandb:     train_loss █▇▇▅▆▆▅▄▆▄▄▅▃▄▄▄▄▂▃▃▃▂▃▂▄▁▁▂▂▂▂▂▁▂▁▂▁▁▁▁
wandb:   val_accuracy ▁▃▃▄▅▆▄▄▆▄▇█▆▄▇▇▆█▅▅▆▅▅▆▄▆▇▄▆▆█▃█▅█▆▆▇█▇
wandb:       val_loss ▆▅▅▅▅▄▃▃▅▃▂▂▃▄▂▃▄▂▄▃▃▂▂▂▁▂▄▂▃▂▁▅▂▁▁▃▁▅▁█
wandb: 
wandb: Run summary:
wandb:           best_epoch 55
wandb:    best_val_accuracy 59.80788
wandb:        best_val_loss 0.671
wandb: checkpoint_best_path artifacts/probes/mvp...
wandb: checkpoint_last_path artifacts/probes/mvp...
wandb:      checkpoint_path artifacts/probes/mvp...
wandb:              dataset mvp
wandb:      elapsed_seconds 15.34141
wandb:                epoch 100
wandb:    feature_signature 78ea8f6e0a5c5d94
wandb:                  +22 ...
wandb: 
wandb: 🚀 View run mvp_linear_jepa_v2_vitg_384_layer_10/trial_0016 at: https://wandb.ai/caselli-niccolo-developer-university-of-amsterdam/probe4physics/runs/tiilbf6k
wandb: ⭐️ View project at: https://wandb.ai/caselli-niccolo-developer-university-of-amsterdam/probe4physics
wandb: Synced 5 W&B file(s), 0 media file(s), 0 artifact file(s) and 0 other file(s)
wandb: Find logs at: ./wandb/run-20260501_100911-tiilbf6k/logs
[I 2026-05-01 10:09:28,224] Trial 16 finished with value: 26.895854398382202 and parameters: {'lr': 0.001365621417570872, 'weight_decay': 1.0272332239126812e-06, 'batch_size': 64}. Best is trial 14 with value: 29.524772497472195.
wandb: setting up run v94svdol
wandb: Tracking run with wandb version 0.26.1
wandb: Run data is saved locally in /gpfs/home3/scur0511/Probe4Physics/wandb/run-20260501_100929-v94svdol
wandb: Run `wandb offline` to turn off syncing.
wandb: Syncing run mvp_linear_jepa_v2_vitg_384_layer_10/trial_0017
wandb: ⭐️ View project at https://wandb.ai/caselli-niccolo-developer-university-of-amsterdam/probe4physics
wandb: 🚀 View run at https://wandb.ai/caselli-niccolo-developer-university-of-amsterdam/probe4physics/runs/v94svdol
[eval.mvp] Starting eval | split_name=val split_dir=data/splits/mvp/full_60_20_20 predictor_mode=from_file annotation_file=data/annotations/mvp_full.jsonl
[eval.mvp] Loaded split assignments | split_pairs=989 split_samples=1978
[eval.mvp] Prepared samples | n_pairs_before_trim=989 n_samples_before_trim=1978 n_pairs_after_trim=989 n_samples_after_trim=1978 max_pairs=0
[eval.mvp] Generated predictions | n_predictions=1978
[eval.mvp] Scoring complete | accuracy=59.6562 pair_consistency=28.0081 n_pairs=989 n_samples=1978
[eval.mvp] Artifacts written | output_dir=artifacts/probes/mvp_probe_linear_jepa_v2_vitg_384_20260501T080343Z/layer_10/train/trial_0017/val_eval
wandb: updating run metadata
wandb: uploading output.log; uploading wandb-summary.json; uploading config.yaml
wandb: 
wandb: Run history:
wandb:          epoch ▁▁▁▁▂▂▂▂▂▂▃▃▃▃▄▄▄▅▅▅▅▅▅▅▅▆▆▆▆▆▇▇▇▇▇▇████
wandb: train_accuracy ▁▂▃▂▃▄▄▄▄▅▅▆▆▇▆▆▆▅▆▆▅▆▆▄▇▇█▇▇▇▇▆▇▇▇▇█▇█▇
wandb:     train_loss █▆▆▇▆▅▅▅▅▅▄▃▅▅▂▄▂▃▄▃▄▄▇▂▂▁▂▂▂▂▁▂▂▂▂▁▃▅▂▂
wandb:   val_accuracy ▃▂▄▆▇▄▂▃▁▆▅▅█▆▇▃▇▇▆▂▇▅▇▆▆██▄▂▇▆▆▇▆█▇▆▅▆▄
wandb:       val_loss ▃▂▃▄▂▄▃▂▂▆▃▄▂▂█▂▂▂▁▁▇▄▄▂▃▆▂▁▃▅▃▄▂▅▁▄▂▁▃▃
wandb: 
wandb: Run summary:
wandb:           best_epoch 100
wandb:    best_val_accuracy 59.65622
wandb:        best_val_loss 0.67183
wandb: checkpoint_best_path artifacts/probes/mvp...
wandb: checkpoint_last_path artifacts/probes/mvp...
wandb:      checkpoint_path artifacts/probes/mvp...
wandb:              dataset mvp
wandb:      elapsed_seconds 14.52934
wandb:                epoch 100
wandb:    feature_signature 78ea8f6e0a5c5d94
wandb:                  +22 ...
wandb: 
wandb: 🚀 View run mvp_linear_jepa_v2_vitg_384_layer_10/trial_0017 at: https://wandb.ai/caselli-niccolo-developer-university-of-amsterdam/probe4physics/runs/v94svdol
wandb: ⭐️ View project at: https://wandb.ai/caselli-niccolo-developer-university-of-amsterdam/probe4physics
wandb: Synced 5 W&B file(s), 0 media file(s), 0 artifact file(s) and 0 other file(s)
wandb: Find logs at: ./wandb/run-20260501_100929-v94svdol/logs
[I 2026-05-01 10:09:46,238] Trial 17 finished with value: 28.00808897876643 and parameters: {'lr': 0.0043467740605954595, 'weight_decay': 4.512769802353355e-05, 'batch_size': 64}. Best is trial 14 with value: 29.524772497472195.
wandb: setting up run mizfd3hq
wandb: Tracking run with wandb version 0.26.1
wandb: Run data is saved locally in /gpfs/home3/scur0511/Probe4Physics/wandb/run-20260501_100948-mizfd3hq
wandb: Run `wandb offline` to turn off syncing.
wandb: Syncing run mvp_linear_jepa_v2_vitg_384_layer_10/trial_0018
wandb: ⭐️ View project at https://wandb.ai/caselli-niccolo-developer-university-of-amsterdam/probe4physics
wandb: 🚀 View run at https://wandb.ai/caselli-niccolo-developer-university-of-amsterdam/probe4physics/runs/mizfd3hq
[eval.mvp] Starting eval | split_name=val split_dir=data/splits/mvp/full_60_20_20 predictor_mode=from_file annotation_file=data/annotations/mvp_full.jsonl
[eval.mvp] Loaded split assignments | split_pairs=989 split_samples=1978
[eval.mvp] Prepared samples | n_pairs_before_trim=989 n_samples_before_trim=1978 n_pairs_after_trim=989 n_samples_after_trim=1978 max_pairs=0
[eval.mvp] Generated predictions | n_predictions=1978
[eval.mvp] Scoring complete | accuracy=59.8079 pair_consistency=28.1092 n_pairs=989 n_samples=1978
[eval.mvp] Artifacts written | output_dir=artifacts/probes/mvp_probe_linear_jepa_v2_vitg_384_20260501T080343Z/layer_10/train/trial_0018/val_eval
wandb: updating run metadata
wandb: uploading output.log; uploading wandb-summary.json; uploading config.yaml
wandb: uploading config.yaml; uploading history steps 0-99, summary, console lines 0-6
wandb: 
wandb: Run history:
wandb:          epoch ▁▁▁▁▂▂▂▂▂▂▃▃▃▃▃▄▄▄▄▄▅▅▅▅▅▅▆▆▆▆▆▇▇▇▇▇████
wandb: train_accuracy ▁▃▃▄▄▅▅▄▅▄▆▅▆▆▇▆▇▇█▆▇▆▆▇▇▇█▇▇▇███▇▇██▇██
wandb:     train_loss █▇▆▅▄▆▅▅▄▄▄▄▄▅▃▄▄▃▃▃▂▂▃▄▂▃▂▃▂▂▁▂▂▂▂▁▂▂▁▁
wandb:   val_accuracy ▁▃▄▅▅▄▅▃▄▁▃▃▅▅▃▅▆▅▅▅▅▅▇▄▆▇▇▆▇█▄▇▇▅▆▇▆█▅▇
wandb:       val_loss ▆▆▆▅▆▅▅█▄▆▂▂▃▅▅▅▅▃▄▂▃▂▂█▅▁▂▄▂▃▆▂▁▂▄▂▁▄▅▆
wandb: 
wandb: Run summary:
wandb:           best_epoch 68
wandb:    best_val_accuracy 59.80788
wandb:        best_val_loss 0.66841
wandb: checkpoint_best_path artifacts/probes/mvp...
wandb: checkpoint_last_path artifacts/probes/mvp...
wandb:      checkpoint_path artifacts/probes/mvp...
wandb:              dataset mvp
wandb:      elapsed_seconds 14.54377
wandb:                epoch 100
wandb:    feature_signature 78ea8f6e0a5c5d94
wandb:                  +22 ...
wandb: 
wandb: 🚀 View run mvp_linear_jepa_v2_vitg_384_layer_10/trial_0018 at: https://wandb.ai/caselli-niccolo-developer-university-of-amsterdam/probe4physics/runs/mizfd3hq
wandb: ⭐️ View project at: https://wandb.ai/caselli-niccolo-developer-university-of-amsterdam/probe4physics
wandb: Synced 5 W&B file(s), 0 media file(s), 0 artifact file(s) and 0 other file(s)
wandb: Find logs at: ./wandb/run-20260501_100948-mizfd3hq/logs
[I 2026-05-01 10:10:04,460] Trial 18 finished with value: 28.109201213346815 and parameters: {'lr': 0.0012690764532532696, 'weight_decay': 3.000436195343875e-06, 'batch_size': 64}. Best is trial 14 with value: 29.524772497472195.
wandb: setting up run tbzk68h7
wandb: Tracking run with wandb version 0.26.1
wandb: Run data is saved locally in /gpfs/home3/scur0511/Probe4Physics/wandb/run-20260501_101006-tbzk68h7
wandb: Run `wandb offline` to turn off syncing.
wandb: Syncing run mvp_linear_jepa_v2_vitg_384_layer_10/trial_0019
wandb: ⭐️ View project at https://wandb.ai/caselli-niccolo-developer-university-of-amsterdam/probe4physics
wandb: 🚀 View run at https://wandb.ai/caselli-niccolo-developer-university-of-amsterdam/probe4physics/runs/tbzk68h7
[eval.mvp] Starting eval | split_name=val split_dir=data/splits/mvp/full_60_20_20 predictor_mode=from_file annotation_file=data/annotations/mvp_full.jsonl
[eval.mvp] Loaded split assignments | split_pairs=989 split_samples=1978
[eval.mvp] Prepared samples | n_pairs_before_trim=989 n_samples_before_trim=1978 n_pairs_after_trim=989 n_samples_after_trim=1978 max_pairs=0
[eval.mvp] Generated predictions | n_predictions=1978
[eval.mvp] Scoring complete | accuracy=60.4651 pair_consistency=30.6370 n_pairs=989 n_samples=1978
[eval.mvp] Artifacts written | output_dir=artifacts/probes/mvp_probe_linear_jepa_v2_vitg_384_20260501T080343Z/layer_10/train/trial_0019/val_eval
wandb: updating run metadata
wandb: uploading output.log; uploading wandb-summary.json; uploading config.yaml
wandb: uploading history steps 0-99, summary, console lines 0-6
wandb: 
wandb: Run history:
wandb:          epoch ▁▁▁▂▂▂▂▂▃▃▃▃▄▄▄▄▄▄▄▄▅▅▅▅▅▆▆▆▆▆▆▇▇▇▇█████
wandb: train_accuracy ▁▂▃▃▃▄▄▄▅▃▅▅▆▆▆▆▆▅▆▆▆▇▇▇▆▇▅▆▇▆▇▇█▇▆▆▆▇▇▇
wandb:     train_loss █▆▅▆▄▄▆▇▅▅▃▃▃▃▅▃▃▅▄▄▃▇▃▃▂▂▃▅▆▂▃▃▄▄▂▁▄▁▄▃
wandb:   val_accuracy ▃▂▁▃▁▆▅▆▁▆▁▇▆▅▇▅▄▆▅▇▄▅▅▆▅▅█▄▄▅▄▅▇▃▇▅▇▂▇▇
wandb:       val_loss ▄▃▂▂▄▁▆▆█▂▁▂▂▂▅▁▂▂▂▁▂▂▂▂▁▃▃▂▂▂▆▁▁▄▃▂▂▃▁▂
wandb: 
wandb: Run summary:
wandb:           best_epoch 72
wandb:    best_val_accuracy 60.46511
wandb:        best_val_loss 0.67104
wandb: checkpoint_best_path artifacts/probes/mvp...
wandb: checkpoint_last_path artifacts/probes/mvp...
wandb:      checkpoint_path artifacts/probes/mvp...
wandb:              dataset mvp
wandb:      elapsed_seconds 12.10918
wandb:                epoch 100
wandb:    feature_signature 78ea8f6e0a5c5d94
wandb:                  +22 ...
wandb: 
wandb: 🚀 View run mvp_linear_jepa_v2_vitg_384_layer_10/trial_0019 at: https://wandb.ai/caselli-niccolo-developer-university-of-amsterdam/probe4physics/runs/tbzk68h7
wandb: ⭐️ View project at: https://wandb.ai/caselli-niccolo-developer-university-of-amsterdam/probe4physics
wandb: Synced 5 W&B file(s), 0 media file(s), 0 artifact file(s) and 0 other file(s)
wandb: Find logs at: ./wandb/run-20260501_101006-tbzk68h7/logs
[I 2026-05-01 10:10:20,108] Trial 19 finished with value: 30.63700707785642 and parameters: {'lr': 0.00972858315193107, 'weight_decay': 3.435782489966982e-05, 'batch_size': 128}. Best is trial 19 with value: 30.63700707785642.
[eval.mvp] Starting eval | split_name=train split_dir=data/splits/mvp/full_60_20_20 predictor_mode=from_file annotation_file=data/annotations/mvp_full.jsonl
[eval.mvp] Loaded split assignments | split_pairs=2965 split_samples=5930
[eval.mvp] Prepared samples | n_pairs_before_trim=2965 n_samples_before_trim=5930 n_pairs_after_trim=2965 n_samples_after_trim=5930 max_pairs=0
[eval.mvp] Generated predictions | n_predictions=5930
[eval.mvp] Scoring complete | accuracy=63.1872 pair_consistency=34.2664 n_pairs=2965 n_samples=5930
[eval.mvp] Artifacts written | output_dir=artifacts/probes/mvp_probe_linear_jepa_v2_vitg_384_20260501T080343Z/layer_10/eval/train
[eval.mvp] Starting eval | split_name=val split_dir=data/splits/mvp/full_60_20_20 predictor_mode=from_file annotation_file=data/annotations/mvp_full.jsonl
[eval.mvp] Loaded split assignments | split_pairs=989 split_samples=1978
[eval.mvp] Prepared samples | n_pairs_before_trim=989 n_samples_before_trim=1978 n_pairs_after_trim=989 n_samples_after_trim=1978 max_pairs=0
[eval.mvp] Generated predictions | n_predictions=1978
[eval.mvp] Scoring complete | accuracy=60.4651 pair_consistency=30.6370 n_pairs=989 n_samples=1978
[eval.mvp] Artifacts written | output_dir=artifacts/probes/mvp_probe_linear_jepa_v2_vitg_384_20260501T080343Z/layer_10/eval/val
[eval.mvp] Starting eval | split_name=test split_dir=data/splits/mvp/full_60_20_20 predictor_mode=from_file annotation_file=data/annotations/mvp_full.jsonl
[eval.mvp] Loaded split assignments | split_pairs=989 split_samples=1978
[eval.mvp] Prepared samples | n_pairs_before_trim=989 n_samples_before_trim=1978 n_pairs_after_trim=989 n_samples_after_trim=1978 max_pairs=0
[eval.mvp] Generated predictions | n_predictions=1978
[eval.mvp] Scoring complete | accuracy=60.3640 pair_consistency=30.2326 n_pairs=989 n_samples=1978
[eval.mvp] Artifacts written | output_dir=artifacts/probes/mvp_probe_linear_jepa_v2_vitg_384_20260501T080343Z/layer_10/eval/test
[I 2026-05-01 10:10:24,678] A new study created in RDB with name: mvp_linear_jepa_v2_vitg_384_layer_20
wandb: setting up run endo6upr
wandb: Tracking run with wandb version 0.26.1
wandb: Run data is saved locally in /gpfs/home3/scur0511/Probe4Physics/wandb/run-20260501_101027-endo6upr
wandb: Run `wandb offline` to turn off syncing.
wandb: Syncing run mvp_linear_jepa_v2_vitg_384_layer_20/trial_0000
wandb: ⭐️ View project at https://wandb.ai/caselli-niccolo-developer-university-of-amsterdam/probe4physics
wandb: 🚀 View run at https://wandb.ai/caselli-niccolo-developer-university-of-amsterdam/probe4physics/runs/endo6upr
[eval.mvp] Starting eval | split_name=val split_dir=data/splits/mvp/full_60_20_20 predictor_mode=from_file annotation_file=data/annotations/mvp_full.jsonl
[eval.mvp] Loaded split assignments | split_pairs=989 split_samples=1978
[eval.mvp] Prepared samples | n_pairs_before_trim=989 n_samples_before_trim=1978 n_pairs_after_trim=989 n_samples_after_trim=1978 max_pairs=0
[eval.mvp] Generated predictions | n_predictions=1978
[eval.mvp] Scoring complete | accuracy=59.5551 pair_consistency=28.1092 n_pairs=989 n_samples=1978
[eval.mvp] Artifacts written | output_dir=artifacts/probes/mvp_probe_linear_jepa_v2_vitg_384_20260501T080343Z/layer_20/train/trial_0000/val_eval
wandb: updating run metadata
wandb: uploading history steps 85-99, summary, console lines 0-6
wandb: 
wandb: Run history:
wandb:          epoch ▁▁▁▁▁▂▂▂▂▂▃▃▃▄▄▄▄▄▄▄▅▅▅▅▅▅▆▆▆▆▇▇▇▇▇▇▇███
wandb: train_accuracy ▁▁▂▄▃▄▅▅▅▅▅▄▅▅▅▆▆▆▆▇▇▇▇▇▇▇▇▇▇▇▇▇▇▇▇▇█▇█▇
wandb:     train_loss ██▇▆▆▆▅▅▅▅▅▄▄▄▄▄▄▃▃▃▃▃▃▃▃▂▂▂▂▂▂▂▂▂▂▁▁▁▁▁
wandb:   val_accuracy ▁▅▄▅▆▆▅▂▆▄▆▅▅▄▇▇▆▅▇▆▇▆█▆▆▇▆▆▆▅█▇██▇▇█▆▇█
wandb:       val_loss ██▇▆▇▅▅▅▇▄▄▄▄▄▄▃▃▄▄▄▃▃▃▃▃▃▂▃▄▂▂▂▂▂▂▂▁▁▁▁
wandb: 
wandb: Run summary:
wandb:           best_epoch 90
wandb:    best_val_accuracy 59.55511
wandb:        best_val_loss 0.66955
wandb: checkpoint_best_path artifacts/probes/mvp...
wandb: checkpoint_last_path artifacts/probes/mvp...
wandb:      checkpoint_path artifacts/probes/mvp...
wandb:              dataset mvp
wandb:      elapsed_seconds 21.02007
wandb:                epoch 100
wandb:    feature_signature 78ea8f6e0a5c5d94
wandb:                  +22 ...
wandb: 
wandb: 🚀 View run mvp_linear_jepa_v2_vitg_384_layer_20/trial_0000 at: https://wandb.ai/caselli-niccolo-developer-university-of-amsterdam/probe4physics/runs/endo6upr
wandb: ⭐️ View project at: https://wandb.ai/caselli-niccolo-developer-university-of-amsterdam/probe4physics
wandb: Synced 5 W&B file(s), 0 media file(s), 0 artifact file(s) and 0 other file(s)
wandb: Find logs at: ./wandb/run-20260501_101027-endo6upr/logs
[I 2026-05-01 10:10:49,523] Trial 0 finished with value: 28.109201213346815 and parameters: {'lr': 0.0001329291894316216, 'weight_decay': 0.005061576888752304, 'batch_size': 32}. Best is trial 0 with value: 28.109201213346815.
wandb: setting up run rnessfwl
wandb: Tracking run with wandb version 0.26.1
wandb: Run data is saved locally in /gpfs/home3/scur0511/Probe4Physics/wandb/run-20260501_101051-rnessfwl
wandb: Run `wandb offline` to turn off syncing.
wandb: Syncing run mvp_linear_jepa_v2_vitg_384_layer_20/trial_0001
wandb: ⭐️ View project at https://wandb.ai/caselli-niccolo-developer-university-of-amsterdam/probe4physics
wandb: 🚀 View run at https://wandb.ai/caselli-niccolo-developer-university-of-amsterdam/probe4physics/runs/rnessfwl
[eval.mvp] Starting eval | split_name=val split_dir=data/splits/mvp/full_60_20_20 predictor_mode=from_file annotation_file=data/annotations/mvp_full.jsonl
[eval.mvp] Loaded split assignments | split_pairs=989 split_samples=1978
[eval.mvp] Prepared samples | n_pairs_before_trim=989 n_samples_before_trim=1978 n_pairs_after_trim=989 n_samples_after_trim=1978 max_pairs=0
[eval.mvp] Generated predictions | n_predictions=1978
[eval.mvp] Scoring complete | accuracy=51.6684 pair_consistency=14.8635 n_pairs=989 n_samples=1978
[eval.mvp] Artifacts written | output_dir=artifacts/probes/mvp_probe_linear_jepa_v2_vitg_384_20260501T080343Z/layer_20/train/trial_0001/val_eval
wandb: updating run metadata
wandb: uploading history steps 0-99, summary, console lines 0-6
wandb: 
wandb: Run history:
wandb:          epoch ▁▁▁▁▂▂▂▂▃▃▄▄▄▄▄▄▄▅▅▅▅▅▆▆▆▆▆▆▆▆▇▇▇▇▇▇▇███
wandb: train_accuracy ▅▅▅▅▅▁▁▂▂▃▂▂▂▂▂▂▃▃▃▃▄▃▄▄▃▄▄▅▅▄▆▅▆▇▇▇████
wandb:     train_loss █▆▅▃▂▁▁▁▁▁▁▁▁▁▁▁▁▁▁▁▁▁▁▁▁▁▁▁▁▁▁▁▁▁▁▁▁▁▁▁
wandb:   val_accuracy ▃▃▃▃▂▂▃▂▃▁▃▂▃▃▃▄▄▄▃▄▃▄▄▄▄▄▅▅▆▅▅▆▇▇▇▇▇███
wandb:       val_loss █▅▄▃▂▁▁▁▁▁▁▁▁▁▁▁▁▁▁▁▁▁▁▁▁▁▁▁▁▁▁▁▁▁▁▁▁▁▁▁
wandb: 
wandb: Run summary:
wandb:           best_epoch 100
wandb:    best_val_accuracy 51.66835
wandb:        best_val_loss 0.692
wandb: checkpoint_best_path artifacts/probes/mvp...
wandb: checkpoint_last_path artifacts/probes/mvp...
wandb:      checkpoint_path artifacts/probes/mvp...
wandb:              dataset mvp
wandb:      elapsed_seconds 10.92608
wandb:                epoch 100
wandb:    feature_signature 78ea8f6e0a5c5d94
wandb:                  +22 ...
wandb: 
wandb: 🚀 View run mvp_linear_jepa_v2_vitg_384_layer_20/trial_0001 at: https://wandb.ai/caselli-niccolo-developer-university-of-amsterdam/probe4physics/runs/rnessfwl
wandb: ⭐️ View project at: https://wandb.ai/caselli-niccolo-developer-university-of-amsterdam/probe4physics
wandb: Synced 5 W&B file(s), 0 media file(s), 0 artifact file(s) and 0 other file(s)
wandb: Find logs at: ./wandb/run-20260501_101051-rnessfwl/logs
[I 2026-05-01 10:11:04,535] Trial 1 finished with value: 14.863498483316482 and parameters: {'lr': 1.493656855461762e-05, 'weight_decay': 0.0015741890047456662, 'batch_size': 256}. Best is trial 0 with value: 28.109201213346815.
wandb: setting up run 1mr2jd2n
wandb: Tracking run with wandb version 0.26.1
wandb: Run data is saved locally in /gpfs/home3/scur0511/Probe4Physics/wandb/run-20260501_101106-1mr2jd2n
wandb: Run `wandb offline` to turn off syncing.
wandb: Syncing run mvp_linear_jepa_v2_vitg_384_layer_20/trial_0002
wandb: ⭐️ View project at https://wandb.ai/caselli-niccolo-developer-university-of-amsterdam/probe4physics
wandb: 🚀 View run at https://wandb.ai/caselli-niccolo-developer-university-of-amsterdam/probe4physics/runs/1mr2jd2n
[eval.mvp] Starting eval | split_name=val split_dir=data/splits/mvp/full_60_20_20 predictor_mode=from_file annotation_file=data/annotations/mvp_full.jsonl
[eval.mvp] Loaded split assignments | split_pairs=989 split_samples=1978
[eval.mvp] Prepared samples | n_pairs_before_trim=989 n_samples_before_trim=1978 n_pairs_after_trim=989 n_samples_after_trim=1978 max_pairs=0
[eval.mvp] Generated predictions | n_predictions=1978
[eval.mvp] Scoring complete | accuracy=61.2740 pair_consistency=31.6481 n_pairs=989 n_samples=1978
[eval.mvp] Artifacts written | output_dir=artifacts/probes/mvp_probe_linear_jepa_v2_vitg_384_20260501T080343Z/layer_20/train/trial_0002/val_eval
wandb: updating run metadata
wandb: uploading history steps 0-99, summary, console lines 0-6
wandb: 
wandb: Run history:
wandb:          epoch ▁▁▁▁▁▂▂▂▂▂▃▃▃▃▃▃▃▃▄▄▄▄▅▅▅▆▆▆▆▆▇▇▇▇▇▇▇███
wandb: train_accuracy ▁▃▃▄▆▆▄▅▆▇▆▇▇▆▆▆▇▆▇▇▇▇▇▇▇▇▆▇▆▆▇▇▇▇██▇█▇█
wandb:     train_loss █▇▅▅▄▃▄▃▃▄▃▃▃▃▃▂▂▂▂▂▂▂▂▄▂▂▂▂▁▂▂▂▂▂▁▁▂▂▁▁
wandb:   val_accuracy ▁▃▁▄▅▄▅▇▄▃▆▅▇▅▇▆▇▇▆▇▇▇█▆▇▅█▆▃█▇▇▇█▇▇▆▇▆▇
wandb:       val_loss ▆▆▅▅▄▄▅▄▆█▃▄▃▇▃▃▂▃▂▃▃▂▂▂▂▅▃▃▄▂▃▂▃▅▂▂▁▂▅▁
wandb: 
wandb: Run summary:
wandb:           best_epoch 89
wandb:    best_val_accuracy 61.27402
wandb:        best_val_loss 0.65098
wandb: checkpoint_best_path artifacts/probes/mvp...
wandb: checkpoint_last_path artifacts/probes/mvp...
wandb:      checkpoint_path artifacts/probes/mvp...
wandb:              dataset mvp
wandb:      elapsed_seconds 11.21775
wandb:                epoch 100
wandb:    feature_signature 78ea8f6e0a5c5d94
wandb:                  +22 ...
wandb: 
wandb: 🚀 View run mvp_linear_jepa_v2_vitg_384_layer_20/trial_0002 at: https://wandb.ai/caselli-niccolo-developer-university-of-amsterdam/probe4physics/runs/1mr2jd2n
wandb: ⭐️ View project at: https://wandb.ai/caselli-niccolo-developer-university-of-amsterdam/probe4physics
wandb: Synced 5 W&B file(s), 0 media file(s), 0 artifact file(s) and 0 other file(s)
wandb: Find logs at: ./wandb/run-20260501_101106-1mr2jd2n/logs
[I 2026-05-01 10:11:19,255] Trial 2 finished with value: 31.648129423660265 and parameters: {'lr': 0.00314288089084011, 'weight_decay': 1.879466824163843e-07, 'batch_size': 256}. Best is trial 2 with value: 31.648129423660265.
wandb: setting up run t3ga9x7c
wandb: Tracking run with wandb version 0.26.1
wandb: Run data is saved locally in /gpfs/home3/scur0511/Probe4Physics/wandb/run-20260501_101120-t3ga9x7c
wandb: Run `wandb offline` to turn off syncing.
wandb: Syncing run mvp_linear_jepa_v2_vitg_384_layer_20/trial_0003
wandb: ⭐️ View project at https://wandb.ai/caselli-niccolo-developer-university-of-amsterdam/probe4physics
wandb: 🚀 View run at https://wandb.ai/caselli-niccolo-developer-university-of-amsterdam/probe4physics/runs/t3ga9x7c
[eval.mvp] Starting eval | split_name=val split_dir=data/splits/mvp/full_60_20_20 predictor_mode=from_file annotation_file=data/annotations/mvp_full.jsonl
[eval.mvp] Loaded split assignments | split_pairs=989 split_samples=1978
[eval.mvp] Prepared samples | n_pairs_before_trim=989 n_samples_before_trim=1978 n_pairs_after_trim=989 n_samples_after_trim=1978 max_pairs=0
[eval.mvp] Generated predictions | n_predictions=1978
[eval.mvp] Scoring complete | accuracy=60.2123 pair_consistency=29.0192 n_pairs=989 n_samples=1978
[eval.mvp] Artifacts written | output_dir=artifacts/probes/mvp_probe_linear_jepa_v2_vitg_384_20260501T080343Z/layer_20/train/trial_0003/val_eval
wandb: updating run metadata
wandb: uploading output.log; uploading wandb-summary.json; uploading config.yaml
wandb: uploading history steps 85-99, summary, console lines 0-6
wandb: 
wandb: Run history:
wandb:          epoch ▁▁▁▁▁▂▂▂▂▂▃▃▃▃▃▄▄▄▄▄▅▅▅▅▅▆▆▆▆▆▆▇▇▇▇▇▇███
wandb: train_accuracy ▁▂▃▄▄▅▅▄▅▆▆▆▆▆▇▆▇▆▇▇▇▇▇▇▇▇▇▇▇████▇███▇██
wandb:     train_loss █▇▇▇▆▆▆▅▅▅▅▄▄▄▄▄▄▄▄▃▃▂▃▂▂▂▂▂▂▂▂▂▂▂▁▁▁▁▁▁
wandb:   val_accuracy ▁▁▄▆▅▄▅▄▆▄▄▄▄▆▆▅▇▄▆▇▅▇▇█▆▇▆▅▇█▇▆▇█████▇▇
wandb:       val_loss ██▆▇▆▆▅▅▆▇▆▄▅▅▄▃▄▄▆▆▄▃▃▃▂▂▂▂▃▄▂▃▂▁▂▁▁▁▂▁
wandb: 
wandb: Run summary:
wandb:           best_epoch 91
wandb:    best_val_accuracy 60.21234
wandb:        best_val_loss 0.66485
wandb: checkpoint_best_path artifacts/probes/mvp...
wandb: checkpoint_last_path artifacts/probes/mvp...
wandb:      checkpoint_path artifacts/probes/mvp...
wandb:              dataset mvp
wandb:      elapsed_seconds 20.3031
wandb:                epoch 100
wandb:    feature_signature 78ea8f6e0a5c5d94
wandb:                  +22 ...
wandb: 
wandb: 🚀 View run mvp_linear_jepa_v2_vitg_384_layer_20/trial_0003 at: https://wandb.ai/caselli-niccolo-developer-university-of-amsterdam/probe4physics/runs/t3ga9x7c
wandb: ⭐️ View project at: https://wandb.ai/caselli-niccolo-developer-university-of-amsterdam/probe4physics
wandb: Synced 5 W&B file(s), 0 media file(s), 0 artifact file(s) and 0 other file(s)
wandb: Find logs at: ./wandb/run-20260501_101120-t3ga9x7c/logs
[I 2026-05-01 10:11:43,687] Trial 3 finished with value: 29.01921132457027 and parameters: {'lr': 0.00019762189340280086, 'weight_decay': 5.589524205217922e-07, 'batch_size': 32}. Best is trial 2 with value: 31.648129423660265.
wandb: setting up run nylzalpm
wandb: Tracking run with wandb version 0.26.1
wandb: Run data is saved locally in /gpfs/home3/scur0511/Probe4Physics/wandb/run-20260501_101145-nylzalpm
wandb: Run `wandb offline` to turn off syncing.
wandb: Syncing run mvp_linear_jepa_v2_vitg_384_layer_20/trial_0004
wandb: ⭐️ View project at https://wandb.ai/caselli-niccolo-developer-university-of-amsterdam/probe4physics
wandb: 🚀 View run at https://wandb.ai/caselli-niccolo-developer-university-of-amsterdam/probe4physics/runs/nylzalpm
[eval.mvp] Starting eval | split_name=val split_dir=data/splits/mvp/full_60_20_20 predictor_mode=from_file annotation_file=data/annotations/mvp_full.jsonl
[eval.mvp] Loaded split assignments | split_pairs=989 split_samples=1978
[eval.mvp] Prepared samples | n_pairs_before_trim=989 n_samples_before_trim=1978 n_pairs_after_trim=989 n_samples_after_trim=1978 max_pairs=0
[eval.mvp] Generated predictions | n_predictions=1978
[eval.mvp] Scoring complete | accuracy=59.5046 pair_consistency=27.8059 n_pairs=989 n_samples=1978
[eval.mvp] Artifacts written | output_dir=artifacts/probes/mvp_probe_linear_jepa_v2_vitg_384_20260501T080343Z/layer_20/train/trial_0004/val_eval
wandb: updating run metadata
wandb: uploading output.log; uploading wandb-summary.json; uploading config.yaml
wandb: 
wandb: Run history:
wandb:          epoch ▁▁▁▁▂▂▂▂▂▂▃▃▃▃▃▄▄▄▄▄▅▅▅▅▅▆▆▆▆▆▆▆▇▇▇▇▇███
wandb: train_accuracy ▁▂▂▄▃▄▅▅▅▅▆▇▆▆▆▇▆▆▇▆▆▇▆▇▇▇▇▇▇▇▇██▇▇▇▇███
wandb:     train_loss █▃▃▃▃▃▃▃▃▃▂▂▂▂▂▂▂▂▂▂▂▂▂▁▂▁▁▁▁▁▁▁▁▁▁▁▁▁▁▁
wandb:   val_accuracy ▁▁▃▃▅▅▃▅▅▅▂▆▆▆▅▆▇▇▆▇▆▇▇▇▇▆█▇██▇█▇▆███▆▇█
wandb:       val_loss ██▇▆▇▇▅▆▇▅▅▇▄▄▄▄▅▄▄▃▃▃▃▂▂▃▃▂▂▂▂▂▃▂▂▁▁▂▁▂
wandb: 
wandb: Run summary:
wandb:           best_epoch 88
wandb:    best_val_accuracy 59.50455
wandb:        best_val_loss 0.67173
wandb: checkpoint_best_path artifacts/probes/mvp...
wandb: checkpoint_last_path artifacts/probes/mvp...
wandb:      checkpoint_path artifacts/probes/mvp...
wandb:              dataset mvp
wandb:      elapsed_seconds 12.0069
wandb:                epoch 100
wandb:    feature_signature 78ea8f6e0a5c5d94
wandb:                  +22 ...
wandb: 
wandb: 🚀 View run mvp_linear_jepa_v2_vitg_384_layer_20/trial_0004 at: https://wandb.ai/caselli-niccolo-developer-university-of-amsterdam/probe4physics/runs/nylzalpm
wandb: ⭐️ View project at: https://wandb.ai/caselli-niccolo-developer-university-of-amsterdam/probe4physics
wandb: Synced 5 W&B file(s), 0 media file(s), 0 artifact file(s) and 0 other file(s)
wandb: Find logs at: ./wandb/run-20260501_101145-nylzalpm/logs
[I 2026-05-01 10:11:59,106] Trial 4 finished with value: 27.80586450960566 and parameters: {'lr': 0.00023345864076016249, 'weight_decay': 0.0005141096648805752, 'batch_size': 128}. Best is trial 2 with value: 31.648129423660265.
wandb: setting up run 0nzb7j3j
wandb: Tracking run with wandb version 0.26.1
wandb: Run data is saved locally in /gpfs/home3/scur0511/Probe4Physics/wandb/run-20260501_101200-0nzb7j3j
wandb: Run `wandb offline` to turn off syncing.
wandb: Syncing run mvp_linear_jepa_v2_vitg_384_layer_20/trial_0005
wandb: ⭐️ View project at https://wandb.ai/caselli-niccolo-developer-university-of-amsterdam/probe4physics
wandb: 🚀 View run at https://wandb.ai/caselli-niccolo-developer-university-of-amsterdam/probe4physics/runs/0nzb7j3j
[eval.mvp] Starting eval | split_name=val split_dir=data/splits/mvp/full_60_20_20 predictor_mode=from_file annotation_file=data/annotations/mvp_full.jsonl
[eval.mvp] Loaded split assignments | split_pairs=989 split_samples=1978
[eval.mvp] Prepared samples | n_pairs_before_trim=989 n_samples_before_trim=1978 n_pairs_after_trim=989 n_samples_after_trim=1978 max_pairs=0
[eval.mvp] Generated predictions | n_predictions=1978
[eval.mvp] Scoring complete | accuracy=60.3134 pair_consistency=29.1203 n_pairs=989 n_samples=1978
[eval.mvp] Artifacts written | output_dir=artifacts/probes/mvp_probe_linear_jepa_v2_vitg_384_20260501T080343Z/layer_20/train/trial_0005/val_eval
wandb: updating run metadata
wandb: uploading config.yaml; uploading output.log; uploading wandb-summary.json
wandb: uploading history steps 0-99, summary, console lines 0-6
wandb: 
wandb: Run history:
wandb:          epoch ▁▁▁▁▁▂▂▂▂▃▃▃▃▄▄▄▄▄▄▅▅▅▅▅▅▅▆▆▆▆▆▆▇▇▇▇▇▇██
wandb: train_accuracy ▁▃▃▃▃▄▄▅▅▅▅▆▆▅▆▆▇▇▇▆▇▆▇▆▇▇▇▇▇▇▇█▇███████
wandb:     train_loss █▇▆▆▅▅▅▅▅▄▄▄▄▄▄▃▃▃▄▃▃▂▂▃▂▂▃▂▂▂▂▂▂▁▂▁▂▁▂▁
wandb:   val_accuracy ▁▂▁▄▂▅▃▅▆▄▆▅▅▇▆▄▆▇▆▅▇▇█▇▇▆▇▇▅▇▇██▇▇███▇▆
wandb:       val_loss ██▆▆▇▇▅▆█▄▄▄▅▄▃▅▃▃▃▃▄▃▃▃▄▃▃▃▃▂▂▃▂▃▂▁▁▂▁▁
wandb: 
wandb: Run summary:
wandb:           best_epoch 91
wandb:    best_val_accuracy 60.31345
wandb:        best_val_loss 0.66113
wandb: checkpoint_best_path artifacts/probes/mvp...
wandb: checkpoint_last_path artifacts/probes/mvp...
wandb:      checkpoint_path artifacts/probes/mvp...
wandb:              dataset mvp
wandb:      elapsed_seconds 11.76907
wandb:                epoch 100
wandb:    feature_signature 78ea8f6e0a5c5d94
wandb:                  +22 ...
wandb: 
wandb: 🚀 View run mvp_linear_jepa_v2_vitg_384_layer_20/trial_0005 at: https://wandb.ai/caselli-niccolo-developer-university-of-amsterdam/probe4physics/runs/0nzb7j3j
wandb: ⭐️ View project at: https://wandb.ai/caselli-niccolo-developer-university-of-amsterdam/probe4physics
wandb: Synced 5 W&B file(s), 0 media file(s), 0 artifact file(s) and 0 other file(s)
wandb: Find logs at: ./wandb/run-20260501_101200-0nzb7j3j/logs
[I 2026-05-01 10:12:14,874] Trial 5 finished with value: 29.120323559150656 and parameters: {'lr': 0.0006647135865318024, 'weight_decay': 1.0547383621352015e-07, 'batch_size': 128}. Best is trial 2 with value: 31.648129423660265.
wandb: setting up run cgeh2xwz
wandb: Tracking run with wandb version 0.26.1
wandb: Run data is saved locally in /gpfs/home3/scur0511/Probe4Physics/wandb/run-20260501_101216-cgeh2xwz
wandb: Run `wandb offline` to turn off syncing.
wandb: Syncing run mvp_linear_jepa_v2_vitg_384_layer_20/trial_0006
wandb: ⭐️ View project at https://wandb.ai/caselli-niccolo-developer-university-of-amsterdam/probe4physics
wandb: 🚀 View run at https://wandb.ai/caselli-niccolo-developer-university-of-amsterdam/probe4physics/runs/cgeh2xwz
[eval.mvp] Starting eval | split_name=val split_dir=data/splits/mvp/full_60_20_20 predictor_mode=from_file annotation_file=data/annotations/mvp_full.jsonl
[eval.mvp] Loaded split assignments | split_pairs=989 split_samples=1978
[eval.mvp] Prepared samples | n_pairs_before_trim=989 n_samples_before_trim=1978 n_pairs_after_trim=989 n_samples_after_trim=1978 max_pairs=0
[eval.mvp] Generated predictions | n_predictions=1978
[eval.mvp] Scoring complete | accuracy=59.4034 pair_consistency=26.8959 n_pairs=989 n_samples=1978
[eval.mvp] Artifacts written | output_dir=artifacts/probes/mvp_probe_linear_jepa_v2_vitg_384_20260501T080343Z/layer_20/train/trial_0006/val_eval
wandb: updating run metadata
wandb: uploading wandb-summary.json; uploading config.yaml; uploading output.log
wandb: 
wandb: Run history:
wandb:          epoch ▁▁▂▂▂▂▂▂▂▃▃▃▃▃▃▃▃▄▄▄▄▄▄▅▅▅▅▅▅▅▆▆▆▇▇▇▇███
wandb: train_accuracy ▁▂▂▃▃▃▄▄▅▅▅▅▅▅▆▆▆▆▆▆▆▆▇▇▇▇▇▇▇▇▇▇██▇██▇▇█
wandb:     train_loss █▇▇▆▆▆▅▆▅▅▄▄▄▄▄▄▄▄▃▃▃▃▃▂▂▂▂▂▂▂▂▂▂▂▂▂▁▁▁▁
wandb:   val_accuracy ▁▁▂▄▅▃▅▂▅▅▃▂▅▃▃▅▅▅▆▆▆▇▆▆▇▇▅▅▇▇█▇█▇▇▇██▇▆
wandb:       val_loss ▇█▆▆▆▅▆▆▅▅▆▄▅▄▅▃▃▃▃▄▄▃▃▃▂▂▃▂▂▃▂▄▂▂▂▁▁▁▁▁
wandb: 
wandb: Run summary:
wandb:           best_epoch 90
wandb:    best_val_accuracy 59.40344
wandb:        best_val_loss 0.67393
wandb: checkpoint_best_path artifacts/probes/mvp...
wandb: checkpoint_last_path artifacts/probes/mvp...
wandb:      checkpoint_path artifacts/probes/mvp...
wandb:              dataset mvp
wandb:      elapsed_seconds 21.06315
wandb:                epoch 100
wandb:    feature_signature 78ea8f6e0a5c5d94
wandb:                  +22 ...
wandb: 
wandb: 🚀 View run mvp_linear_jepa_v2_vitg_384_layer_20/trial_0006 at: https://wandb.ai/caselli-niccolo-developer-university-of-amsterdam/probe4physics/runs/cgeh2xwz
wandb: ⭐️ View project at: https://wandb.ai/caselli-niccolo-developer-university-of-amsterdam/probe4physics
wandb: Synced 5 W&B file(s), 0 media file(s), 0 artifact file(s) and 0 other file(s)
wandb: Find logs at: ./wandb/run-20260501_101216-cgeh2xwz/logs
[I 2026-05-01 10:12:39,598] Trial 6 finished with value: 26.895854398382202 and parameters: {'lr': 8.200518402245828e-05, 'weight_decay': 3.855073690026179e-08, 'batch_size': 32}. Best is trial 2 with value: 31.648129423660265.
wandb: setting up run aoi0i3ia
wandb: Tracking run with wandb version 0.26.1
wandb: Run data is saved locally in /gpfs/home3/scur0511/Probe4Physics/wandb/run-20260501_101241-aoi0i3ia
wandb: Run `wandb offline` to turn off syncing.
wandb: Syncing run mvp_linear_jepa_v2_vitg_384_layer_20/trial_0007
wandb: ⭐️ View project at https://wandb.ai/caselli-niccolo-developer-university-of-amsterdam/probe4physics
wandb: 🚀 View run at https://wandb.ai/caselli-niccolo-developer-university-of-amsterdam/probe4physics/runs/aoi0i3ia
wandb: updating run metadata
wandb: uploading wandb-summary.json; uploading config.yaml
wandb: uploading history steps 0-99, summary
wandb: 
wandb: Run history:
wandb:          epoch ▁▂▂▂▂▂▃▃▃▃▃▃▄▄▄▄▄▅▅▅▅▅▆▆▆▆▆▆▆▇▇▇▇▇▇▇████
wandb: train_accuracy ▃▃▂▁▁▂▂▂▂▃▃▃▃▄▄▄▄▅▅▅▅▅▅▅▆▅▇▇▆▇▇█▇██▇████
wandb:     train_loss █▃▂▁▁▁▁▁▁▁▁▁▁▁▁▁▁▁▁▁▁▁▁▁▁▁▁▁▁▁▁▁▁▁▁▁▁▁▁▁
wandb:   val_accuracy ▂▁▁▂▂▂▂▂▂▃▃▃▃▄▄▄▅▄▄▅▅▅▅▆▆▆▆▆▇▆▇▇▇█▇▇█▇▇█
wandb:       val_loss █▂▂▂▂▂▂▁▁▁▁▁▁▁▁▁▁▁▁▁▁▁▁▁▁▁▁▁▁▁▁▁▁▁▁▁▁▁▁▁
wandb: 
wandb: Run summary:
wandb:          epoch 100
wandb: train_accuracy 55.6661
wandb:     train_loss 0.68867
wandb:   val_accuracy 55.15673
wandb:       val_loss 0.68865
wandb: 
wandb: 🚀 View run mvp_linear_jepa_v2_vitg_384_layer_20/trial_0007 at: https://wandb.ai/caselli-niccolo-developer-university-of-amsterdam/probe4physics/runs/aoi0i3ia
wandb: ⭐️ View project at: https://wandb.ai/caselli-niccolo-developer-university-of-amsterdam/probe4physics
wandb: Synced 4 W&B file(s), 0 media file(s), 0 artifact file(s) and 0 other file(s)
wandb: Find logs at: ./wandb/run-20260501_101241-aoi0i3ia/logs
[I 2026-05-01 10:12:56,541] Trial 7 pruned. Pruned at epoch 100 with val_accuracy=55.1567
wandb: setting up run m1cjjes8
wandb: Tracking run with wandb version 0.26.1
wandb: Run data is saved locally in /gpfs/home3/scur0511/Probe4Physics/wandb/run-20260501_101258-m1cjjes8
wandb: Run `wandb offline` to turn off syncing.
wandb: Syncing run mvp_linear_jepa_v2_vitg_384_layer_20/trial_0008
wandb: ⭐️ View project at https://wandb.ai/caselli-niccolo-developer-university-of-amsterdam/probe4physics
wandb: 🚀 View run at https://wandb.ai/caselli-niccolo-developer-university-of-amsterdam/probe4physics/runs/m1cjjes8
[eval.mvp] Starting eval | split_name=val split_dir=data/splits/mvp/full_60_20_20 predictor_mode=from_file annotation_file=data/annotations/mvp_full.jsonl
[eval.mvp] Loaded split assignments | split_pairs=989 split_samples=1978
[eval.mvp] Prepared samples | n_pairs_before_trim=989 n_samples_before_trim=1978 n_pairs_after_trim=989 n_samples_after_trim=1978 max_pairs=0
[eval.mvp] Generated predictions | n_predictions=1978
[eval.mvp] Scoring complete | accuracy=60.6673 pair_consistency=30.5359 n_pairs=989 n_samples=1978
[eval.mvp] Artifacts written | output_dir=artifacts/probes/mvp_probe_linear_jepa_v2_vitg_384_20260501T080343Z/layer_20/train/trial_0008/val_eval
wandb: updating run metadata
wandb: uploading output.log; uploading wandb-summary.json; uploading config.yaml
wandb: uploading history steps 85-99, summary, console lines 0-6
wandb: 
wandb: Run history:
wandb:          epoch ▁▁▁▁▂▂▂▂▃▃▃▃▄▄▄▄▄▄▅▅▅▅▅▅▅▆▆▆▆▆▆▆▆▇▇▇▇███
wandb: train_accuracy ▁▂▃▃▄▄▅▅▅▆▆▇▆▆▆▇▆▆▆▇▇▇▇▇▇▇▇▇▇▇▇▇▇████▇█▇
wandb:     train_loss █▆▆▅▅▄▄▄▄▄▄▃▃▃▄▃▃▃▂▃▃▂▃▂▂▂▂▂▂▂▂▂▂▁▁▂▁▁▁▁
wandb:   val_accuracy ▂▃▃▄▃▃▃▅▂▅▂▂▇▁▇▇▂▅▇▃▇▇█▇▇▇▇▇▇█▆▆▆█▆▇██▇█
wandb:       val_loss █▆▆▆▅▅▅▅▅▄▅▄▅▃▄▃▄▄▃▃▅▃▆▆▂▃▄▃▂▄▂▂▄▄▂▂▁▁▃▇
wandb: 
wandb: Run summary:
wandb:           best_epoch 98
wandb:    best_val_accuracy 60.66734
wandb:        best_val_loss 0.65513
wandb: checkpoint_best_path artifacts/probes/mvp...
wandb: checkpoint_last_path artifacts/probes/mvp...
wandb:      checkpoint_path artifacts/probes/mvp...
wandb:              dataset mvp
wandb:      elapsed_seconds 20.37413
wandb:                epoch 100
wandb:    feature_signature 78ea8f6e0a5c5d94
wandb:                  +22 ...
wandb: 
wandb: 🚀 View run mvp_linear_jepa_v2_vitg_384_layer_20/trial_0008 at: https://wandb.ai/caselli-niccolo-developer-university-of-amsterdam/probe4physics/runs/m1cjjes8
wandb: ⭐️ View project at: https://wandb.ai/caselli-niccolo-developer-university-of-amsterdam/probe4physics
wandb: Synced 5 W&B file(s), 0 media file(s), 0 artifact file(s) and 0 other file(s)
wandb: Find logs at: ./wandb/run-20260501_101258-m1cjjes8/logs
[I 2026-05-01 10:13:21,625] Trial 8 finished with value: 30.535894843276033 and parameters: {'lr': 0.00043664735929796326, 'weight_decay': 1.2856617791467908e-07, 'batch_size': 32}. Best is trial 2 with value: 31.648129423660265.
wandb: setting up run 6x0cuzz2
wandb: Tracking run with wandb version 0.26.1
wandb: Run data is saved locally in /gpfs/home3/scur0511/Probe4Physics/wandb/run-20260501_101323-6x0cuzz2
wandb: Run `wandb offline` to turn off syncing.
wandb: Syncing run mvp_linear_jepa_v2_vitg_384_layer_20/trial_0009
wandb: ⭐️ View project at https://wandb.ai/caselli-niccolo-developer-university-of-amsterdam/probe4physics
wandb: 🚀 View run at https://wandb.ai/caselli-niccolo-developer-university-of-amsterdam/probe4physics/runs/6x0cuzz2
[eval.mvp] Starting eval | split_name=val split_dir=data/splits/mvp/full_60_20_20 predictor_mode=from_file annotation_file=data/annotations/mvp_full.jsonl
[eval.mvp] Loaded split assignments | split_pairs=989 split_samples=1978
[eval.mvp] Prepared samples | n_pairs_before_trim=989 n_samples_before_trim=1978 n_pairs_after_trim=989 n_samples_after_trim=1978 max_pairs=0
[eval.mvp] Generated predictions | n_predictions=1978
[eval.mvp] Scoring complete | accuracy=60.1112 pair_consistency=28.8170 n_pairs=989 n_samples=1978
[eval.mvp] Artifacts written | output_dir=artifacts/probes/mvp_probe_linear_jepa_v2_vitg_384_20260501T080343Z/layer_20/train/trial_0009/val_eval
wandb: updating run metadata
wandb: uploading history steps 0-99, summary, console lines 0-6
wandb: 
wandb: Run history:
wandb:          epoch ▁▁▁▁▁▂▂▂▂▂▂▃▃▃▃▃▄▄▄▄▄▄▅▅▅▅▅▅▆▆▆▆▇▇▇▇▇███
wandb: train_accuracy ▁▂▂▃▃▃▄▄▅▆▅▆▅▆▆▇▆▆▆▇▆▇▇▆▆▆▆▆▇▇█▇▇█▇▇██▇█
wandb:     train_loss █▇█▇▇▆▆▆▅▅▅▅▄▄▄▄▄▃▃▄▄▃▃▃▃▃▂▂▂▃▂▂▂▂▂▂▁▃▂▁
wandb:   val_accuracy ▁▁▂▄▅▅▆▅▅▃▇▅▅▅▅▇▆▅▆▇▇▆▇▇▆▅█▇▇▇▇▇▆▆█▇▇▆█▇
wandb:       val_loss █▆▆▅▅▅▄▄▄▄▆▄▃▃▃▃▃▂▃▃▃▂▂▄▃▂▂▂▂▂▁▂▁▂▁▁▂▁▄▁
wandb: 
wandb: Run summary:
wandb:           best_epoch 91
wandb:    best_val_accuracy 60.11123
wandb:        best_val_loss 0.66645
wandb: checkpoint_best_path artifacts/probes/mvp...
wandb: checkpoint_last_path artifacts/probes/mvp...
wandb:      checkpoint_path artifacts/probes/mvp...
wandb:              dataset mvp
wandb:      elapsed_seconds 10.6872
wandb:                epoch 100
wandb:    feature_signature 78ea8f6e0a5c5d94
wandb:                  +22 ...
wandb: 
wandb: 🚀 View run mvp_linear_jepa_v2_vitg_384_layer_20/trial_0009 at: https://wandb.ai/caselli-niccolo-developer-university-of-amsterdam/probe4physics/runs/6x0cuzz2
wandb: ⭐️ View project at: https://wandb.ai/caselli-niccolo-developer-university-of-amsterdam/probe4physics
wandb: Synced 5 W&B file(s), 0 media file(s), 0 artifact file(s) and 0 other file(s)
wandb: Find logs at: ./wandb/run-20260501_101323-6x0cuzz2/logs
[I 2026-05-01 10:13:36,297] Trial 9 finished with value: 28.816986855409503 and parameters: {'lr': 0.0006218704727769079, 'weight_decay': 0.0033981724150106006, 'batch_size': 256}. Best is trial 2 with value: 31.648129423660265.
wandb: setting up run tl6mtmqi
wandb: Tracking run with wandb version 0.26.1
wandb: Run data is saved locally in /gpfs/home3/scur0511/Probe4Physics/wandb/run-20260501_101338-tl6mtmqi
wandb: Run `wandb offline` to turn off syncing.
wandb: Syncing run mvp_linear_jepa_v2_vitg_384_layer_20/trial_0010
wandb: ⭐️ View project at https://wandb.ai/caselli-niccolo-developer-university-of-amsterdam/probe4physics
wandb: 🚀 View run at https://wandb.ai/caselli-niccolo-developer-university-of-amsterdam/probe4physics/runs/tl6mtmqi
[eval.mvp] Starting eval | split_name=val split_dir=data/splits/mvp/full_60_20_20 predictor_mode=from_file annotation_file=data/annotations/mvp_full.jsonl
[eval.mvp] Loaded split assignments | split_pairs=989 split_samples=1978
[eval.mvp] Prepared samples | n_pairs_before_trim=989 n_samples_before_trim=1978 n_pairs_after_trim=989 n_samples_after_trim=1978 max_pairs=0
[eval.mvp] Generated predictions | n_predictions=1978
[eval.mvp] Scoring complete | accuracy=61.8807 pair_consistency=33.0637 n_pairs=989 n_samples=1978
[eval.mvp] Artifacts written | output_dir=artifacts/probes/mvp_probe_linear_jepa_v2_vitg_384_20260501T080343Z/layer_20/train/trial_0010/val_eval
wandb: updating run metadata
wandb: uploading output.log; uploading wandb-summary.json; uploading config.yaml
wandb: 
wandb: Run history:
wandb:          epoch ▁▁▁▁▁▂▂▂▂▂▃▃▃▃▃▃▃▃▃▄▄▄▄▄▅▅▅▅▅▆▆▆▆▆▆▇▇███
wandb: train_accuracy ▁▂▃▄▃▆▆▆▅▅▅▅▆▆▆▅▆▇▇▅▇▆▇▆▆▅▅▇█▇▇▇▆██▆██▇▆
wandb:     train_loss █▃▃▃▂▂▂▂▂▂▂▃▂▂▂▃▄▂▂▁▂▂▁▂▂▂▂▂▁▂▁▂▂▁▁▁▂▁▁▂
wandb:   val_accuracy ▁▃▅▃▅▅▂▂▄▄▆▄▁▄▇▇█▇▁▅█▇▅▇▆▇▅▆▅▅▄▄▆██▆▃█▃▇
wandb:       val_loss ▄▃▂▃▅▂▂▇▄▄▂▂▄▂▁▁▃▂▂▃▄▂▁▂▁▅█▃▇▁▄▁▂▁▃▁▃▃▁▄
wandb: 
wandb: Run summary:
wandb:           best_epoch 78
wandb:    best_val_accuracy 61.88069
wandb:        best_val_loss 0.64771
wandb: checkpoint_best_path artifacts/probes/mvp...
wandb: checkpoint_last_path artifacts/probes/mvp...
wandb:      checkpoint_path artifacts/probes/mvp...
wandb:              dataset mvp
wandb:      elapsed_seconds 10.70569
wandb:                epoch 100
wandb:    feature_signature 78ea8f6e0a5c5d94
wandb:                  +22 ...
wandb: 
wandb: 🚀 View run mvp_linear_jepa_v2_vitg_384_layer_20/trial_0010 at: https://wandb.ai/caselli-niccolo-developer-university-of-amsterdam/probe4physics/runs/tl6mtmqi
wandb: ⭐️ View project at: https://wandb.ai/caselli-niccolo-developer-university-of-amsterdam/probe4physics
wandb: Synced 5 W&B file(s), 0 media file(s), 0 artifact file(s) and 0 other file(s)
wandb: Find logs at: ./wandb/run-20260501_101338-tl6mtmqi/logs
[I 2026-05-01 10:13:50,553] Trial 10 finished with value: 33.06370070778564 and parameters: {'lr': 0.008589902259876388, 'weight_decay': 6.917735117804129e-06, 'batch_size': 256}. Best is trial 10 with value: 33.06370070778564.
wandb: setting up run 3scvo2u4
wandb: Tracking run with wandb version 0.26.1
wandb: Run data is saved locally in /gpfs/home3/scur0511/Probe4Physics/wandb/run-20260501_101352-3scvo2u4
wandb: Run `wandb offline` to turn off syncing.
wandb: Syncing run mvp_linear_jepa_v2_vitg_384_layer_20/trial_0011
wandb: ⭐️ View project at https://wandb.ai/caselli-niccolo-developer-university-of-amsterdam/probe4physics
wandb: 🚀 View run at https://wandb.ai/caselli-niccolo-developer-university-of-amsterdam/probe4physics/runs/3scvo2u4
[eval.mvp] Starting eval | split_name=val split_dir=data/splits/mvp/full_60_20_20 predictor_mode=from_file annotation_file=data/annotations/mvp_full.jsonl
[eval.mvp] Loaded split assignments | split_pairs=989 split_samples=1978
[eval.mvp] Prepared samples | n_pairs_before_trim=989 n_samples_before_trim=1978 n_pairs_after_trim=989 n_samples_after_trim=1978 max_pairs=0
[eval.mvp] Generated predictions | n_predictions=1978
[eval.mvp] Scoring complete | accuracy=61.7796 pair_consistency=31.3448 n_pairs=989 n_samples=1978
[eval.mvp] Artifacts written | output_dir=artifacts/probes/mvp_probe_linear_jepa_v2_vitg_384_20260501T080343Z/layer_20/train/trial_0011/val_eval
wandb: updating run metadata
wandb: uploading output.log; uploading wandb-summary.json; uploading config.yaml
wandb: 
wandb: Run history:
wandb:          epoch ▁▁▁▂▂▂▂▂▂▂▃▃▃▃▃▄▄▄▄▄▅▅▅▅▅▆▆▆▆▇▇▇▇▇▇█████
wandb: train_accuracy ▁▄▄▃▄▄▂▆▄▅▆▆▆▆▄▆▅▆▆▄▇▃▆▆▆▅▅▅▇▇▇█▇▆▇█▆█▇▆
wandb:     train_loss ▆▄█▆▄▄▅▃▅▃▅▃▂▂▂▃▂▄▅▂▃▃▁▂▂▄▃▂▂▂▃▁▂▂▂▁▁▁▁▂
wandb:   val_accuracy ▁▆▂▃▄▆▃▆▃▃▁▇▃▇▇▇▇▇▂▇▅█▇▆▇▇▇▅▆▆▇▇██▇▅▆█▆▇
wandb:       val_loss ▃▄▂▂▂▂▂▂▃▄█▂▇▄▄▂▃▂▁▃▃▂▁▂▂▂▅▁▁▁▂▆▁▁▁▂▂▁▁▁
wandb: 
wandb: Run summary:
wandb:           best_epoch 91
wandb:    best_val_accuracy 61.77958
wandb:        best_val_loss 0.65421
wandb: checkpoint_best_path artifacts/probes/mvp...
wandb: checkpoint_last_path artifacts/probes/mvp...
wandb:      checkpoint_path artifacts/probes/mvp...
wandb:              dataset mvp
wandb:      elapsed_seconds 10.49054
wandb:                epoch 100
wandb:    feature_signature 78ea8f6e0a5c5d94
wandb:                  +22 ...
wandb: 
wandb: 🚀 View run mvp_linear_jepa_v2_vitg_384_layer_20/trial_0011 at: https://wandb.ai/caselli-niccolo-developer-university-of-amsterdam/probe4physics/runs/3scvo2u4
wandb: ⭐️ View project at: https://wandb.ai/caselli-niccolo-developer-university-of-amsterdam/probe4physics
wandb: Synced 5 W&B file(s), 0 media file(s), 0 artifact file(s) and 0 other file(s)
wandb: Find logs at: ./wandb/run-20260501_101352-3scvo2u4/logs
[I 2026-05-01 10:14:04,290] Trial 11 finished with value: 31.344792719919113 and parameters: {'lr': 0.007209809176013979, 'weight_decay': 7.505688860010938e-06, 'batch_size': 256}. Best is trial 10 with value: 33.06370070778564.
wandb: setting up run 4ytxcqjk
wandb: Tracking run with wandb version 0.26.1
wandb: Run data is saved locally in /gpfs/home3/scur0511/Probe4Physics/wandb/run-20260501_101406-4ytxcqjk
wandb: Run `wandb offline` to turn off syncing.
wandb: Syncing run mvp_linear_jepa_v2_vitg_384_layer_20/trial_0012
wandb: ⭐️ View project at https://wandb.ai/caselli-niccolo-developer-university-of-amsterdam/probe4physics
wandb: 🚀 View run at https://wandb.ai/caselli-niccolo-developer-university-of-amsterdam/probe4physics/runs/4ytxcqjk
[eval.mvp] Starting eval | split_name=val split_dir=data/splits/mvp/full_60_20_20 predictor_mode=from_file annotation_file=data/annotations/mvp_full.jsonl
[eval.mvp] Loaded split assignments | split_pairs=989 split_samples=1978
[eval.mvp] Prepared samples | n_pairs_before_trim=989 n_samples_before_trim=1978 n_pairs_after_trim=989 n_samples_after_trim=1978 max_pairs=0
[eval.mvp] Generated predictions | n_predictions=1978
[eval.mvp] Scoring complete | accuracy=62.1840 pair_consistency=33.0637 n_pairs=989 n_samples=1978
[eval.mvp] Artifacts written | output_dir=artifacts/probes/mvp_probe_linear_jepa_v2_vitg_384_20260501T080343Z/layer_20/train/trial_0012/val_eval
wandb: updating run metadata
wandb: uploading wandb-summary.json; uploading config.yaml; uploading output.log
wandb: uploading history steps 0-99, summary, console lines 0-6
wandb: 
wandb: Run history:
wandb:          epoch ▁▁▁▁▁▂▂▂▂▂▃▃▃▃▄▄▄▄▅▅▅▅▅▅▅▆▆▆▆▆▆▆▇▇▇▇████
wandb: train_accuracy ▁▂▂▃▅▅▄▆▆▆▂▅▆▆▄▆▅▆▅▆▄▅▇▆▇▇▆▇▅▅▇▇█▇██▆█▇▇
wandb:     train_loss █▂▂▂▂▂▂▂▂▂▂▂▂▂▂▂▁▂▁▃▁▂▂▂▁▁▂▂▂▂▂▁▁▁▁▁▂▁▁▁
wandb:   val_accuracy ▁▁▄▃▄▅▄▄▂▃▅▇▆▄▁▆▇▅▆▇▅▇▆▄▅▅▄▆█▄▅▆▃█▇▄▅▆▇▄
wandb:       val_loss ▃▂▄▂▂▂▂▅▃█▂▂▁▂▁▂▃▂▂▃▄▁▅▁▂▄▅▁▁▂▅▁▁▂▁▂▁▅▃▂
wandb: 
wandb: Run summary:
wandb:           best_epoch 78
wandb:    best_val_accuracy 62.18402
wandb:        best_val_loss 0.64826
wandb: checkpoint_best_path artifacts/probes/mvp...
wandb: checkpoint_last_path artifacts/probes/mvp...
wandb:      checkpoint_path artifacts/probes/mvp...
wandb:              dataset mvp
wandb:      elapsed_seconds 10.71195
wandb:                epoch 100
wandb:    feature_signature 78ea8f6e0a5c5d94
wandb:                  +22 ...
wandb: 
wandb: 🚀 View run mvp_linear_jepa_v2_vitg_384_layer_20/trial_0012 at: https://wandb.ai/caselli-niccolo-developer-university-of-amsterdam/probe4physics/runs/4ytxcqjk
wandb: ⭐️ View project at: https://wandb.ai/caselli-niccolo-developer-university-of-amsterdam/probe4physics
wandb: Synced 5 W&B file(s), 0 media file(s), 0 artifact file(s) and 0 other file(s)
wandb: Find logs at: ./wandb/run-20260501_101406-4ytxcqjk/logs
[I 2026-05-01 10:14:18,499] Trial 12 finished with value: 33.06370070778564 and parameters: {'lr': 0.009169642965656132, 'weight_decay': 5.13921421124876e-06, 'batch_size': 256}. Best is trial 10 with value: 33.06370070778564.
wandb: setting up run haal3h7w
wandb: Tracking run with wandb version 0.26.1
wandb: Run data is saved locally in /gpfs/home3/scur0511/Probe4Physics/wandb/run-20260501_101420-haal3h7w
wandb: Run `wandb offline` to turn off syncing.
wandb: Syncing run mvp_linear_jepa_v2_vitg_384_layer_20/trial_0013
wandb: ⭐️ View project at https://wandb.ai/caselli-niccolo-developer-university-of-amsterdam/probe4physics
wandb: 🚀 View run at https://wandb.ai/caselli-niccolo-developer-university-of-amsterdam/probe4physics/runs/haal3h7w
[eval.mvp] Starting eval | split_name=val split_dir=data/splits/mvp/full_60_20_20 predictor_mode=from_file annotation_file=data/annotations/mvp_full.jsonl
[eval.mvp] Loaded split assignments | split_pairs=989 split_samples=1978
[eval.mvp] Prepared samples | n_pairs_before_trim=989 n_samples_before_trim=1978 n_pairs_after_trim=989 n_samples_after_trim=1978 max_pairs=0
[eval.mvp] Generated predictions | n_predictions=1978
[eval.mvp] Scoring complete | accuracy=61.9312 pair_consistency=33.8726 n_pairs=989 n_samples=1978
[eval.mvp] Artifacts written | output_dir=artifacts/probes/mvp_probe_linear_jepa_v2_vitg_384_20260501T080343Z/layer_20/train/trial_0013/val_eval
wandb: updating run metadata
wandb: uploading config.yaml; uploading output.log; uploading wandb-summary.json
wandb: uploading history steps 0-99, summary, console lines 0-6
wandb: 
wandb: Run history:
wandb:          epoch ▁▁▁▁▁▂▂▂▃▃▃▃▃▃▃▄▄▄▄▄▄▄▄▅▅▅▅▅▆▆▆▆▆▇▇▇▇▇██
wandb: train_accuracy ▁▁▃▃▅▅▅▆▅▅▆▅▆▆▆▇▇▇▇▇▆▇▇▇▆▆▆▇█▇██▆▇▆▆▆▇▇▇
wandb:     train_loss █▂▂▂▂▂▂▂▂▂▂▂▂▁▁▁▁▁▁▁▁▁▁▁▁▁▂▁▂▁▂▁▁▂▂▂▁▁▁▁
wandb:   val_accuracy ▁▄▁▁▅▆▂▆▇▆▂▁▃▆▅▅▅█▇▇▅█▅▅█▆▇▅▆▇▇▆▅█▆▆▆▆█▃
wandb:       val_loss ▇▅▂▇▂▂▅▂▂▂▆▂▂▄▂▂▁▁▅▂▁▅▇▃▃▃▂▄▃▂█▃▄▁▁▆▅▂▁█
wandb: 
wandb: Run summary:
wandb:           best_epoch 91
wandb:    best_val_accuracy 61.93125
wandb:        best_val_loss 0.64871
wandb: checkpoint_best_path artifacts/probes/mvp...
wandb: checkpoint_last_path artifacts/probes/mvp...
wandb:      checkpoint_path artifacts/probes/mvp...
wandb:              dataset mvp
wandb:      elapsed_seconds 10.83361
wandb:                epoch 100
wandb:    feature_signature 78ea8f6e0a5c5d94
wandb:                  +22 ...
wandb: 
wandb: 🚀 View run mvp_linear_jepa_v2_vitg_384_layer_20/trial_0013 at: https://wandb.ai/caselli-niccolo-developer-university-of-amsterdam/probe4physics/runs/haal3h7w
wandb: ⭐️ View project at: https://wandb.ai/caselli-niccolo-developer-university-of-amsterdam/probe4physics
wandb: Synced 5 W&B file(s), 0 media file(s), 0 artifact file(s) and 0 other file(s)
wandb: Find logs at: ./wandb/run-20260501_101420-haal3h7w/logs
[I 2026-05-01 10:14:33,539] Trial 13 finished with value: 33.872598584428715 and parameters: {'lr': 0.009842730624417189, 'weight_decay': 2.7445986570824268e-05, 'batch_size': 256}. Best is trial 13 with value: 33.872598584428715.
wandb: setting up run iz1h3ugm
wandb: Tracking run with wandb version 0.26.1
wandb: Run data is saved locally in /gpfs/home3/scur0511/Probe4Physics/wandb/run-20260501_101435-iz1h3ugm
wandb: Run `wandb offline` to turn off syncing.
wandb: Syncing run mvp_linear_jepa_v2_vitg_384_layer_20/trial_0014
wandb: ⭐️ View project at https://wandb.ai/caselli-niccolo-developer-university-of-amsterdam/probe4physics
wandb: 🚀 View run at https://wandb.ai/caselli-niccolo-developer-university-of-amsterdam/probe4physics/runs/iz1h3ugm
[eval.mvp] Starting eval | split_name=val split_dir=data/splits/mvp/full_60_20_20 predictor_mode=from_file annotation_file=data/annotations/mvp_full.jsonl
[eval.mvp] Loaded split assignments | split_pairs=989 split_samples=1978
[eval.mvp] Prepared samples | n_pairs_before_trim=989 n_samples_before_trim=1978 n_pairs_after_trim=989 n_samples_after_trim=1978 max_pairs=0
[eval.mvp] Generated predictions | n_predictions=1978
[eval.mvp] Scoring complete | accuracy=62.0829 pair_consistency=33.2659 n_pairs=989 n_samples=1978
[eval.mvp] Artifacts written | output_dir=artifacts/probes/mvp_probe_linear_jepa_v2_vitg_384_20260501T080343Z/layer_20/train/trial_0014/val_eval
wandb: updating run metadata
wandb: uploading output.log; uploading history steps 0-99, summary, console lines 0-6
wandb: 
wandb: Run history:
wandb:          epoch ▁▁▁▁▂▂▂▂▂▂▃▃▃▃▃▃▄▄▄▄▅▅▅▅▅▅▅▅▅▆▆▆▆▆▇▇▇▇▇█
wandb: train_accuracy ▁▃▃▃▄▄▄▄▅▅▅▅▆▅▆▅▅▅▆▆▆▆▇▆▆▆▇▆▇▆▆▇██▇█▇▇█▆
wandb:     train_loss █▇▇▆▆▅▆▅▄▅▅▅▄▅▄▃▅▃▃▄▂▃▃▂▃▄▃▂▃▂▁▂▁▁▃▁▁▂▁▃
wandb:   val_accuracy ▁▄▅▆▅▅▇▂▆▆▆▃▅▆▇▆▆▂▇▅▇▇▂▇▆▇▇▆█▇▇▆▅█▆██▆▇▆
wandb:       val_loss ▆▅▄▄▃▃▄▃▃▄█▂▅▃▄▄▃▆▄▄▃▂▂▂▃▂▄▃▂▃▂▂▂▁▂▁▁▃▁▆
wandb: 
wandb: Run summary:
wandb:           best_epoch 70
wandb:    best_val_accuracy 62.08291
wandb:        best_val_loss 0.65077
wandb: checkpoint_best_path artifacts/probes/mvp...
wandb: checkpoint_last_path artifacts/probes/mvp...
wandb:      checkpoint_path artifacts/probes/mvp...
wandb:              dataset mvp
wandb:      elapsed_seconds 14.5518
wandb:                epoch 100
wandb:    feature_signature 78ea8f6e0a5c5d94
wandb:                  +22 ...
wandb: 
wandb: 🚀 View run mvp_linear_jepa_v2_vitg_384_layer_20/trial_0014 at: https://wandb.ai/caselli-niccolo-developer-university-of-amsterdam/probe4physics/runs/iz1h3ugm
wandb: ⭐️ View project at: https://wandb.ai/caselli-niccolo-developer-university-of-amsterdam/probe4physics
wandb: Synced 5 W&B file(s), 0 media file(s), 0 artifact file(s) and 0 other file(s)
wandb: Find logs at: ./wandb/run-20260501_101435-iz1h3ugm/logs
[I 2026-05-01 10:14:52,217] Trial 14 finished with value: 33.26592517694641 and parameters: {'lr': 0.0020665700323582365, 'weight_decay': 6.366290747489952e-05, 'batch_size': 64}. Best is trial 13 with value: 33.872598584428715.
wandb: setting up run tm729hro
wandb: Tracking run with wandb version 0.26.1
wandb: Run data is saved locally in /gpfs/home3/scur0511/Probe4Physics/wandb/run-20260501_101454-tm729hro
wandb: Run `wandb offline` to turn off syncing.
wandb: Syncing run mvp_linear_jepa_v2_vitg_384_layer_20/trial_0015
wandb: ⭐️ View project at https://wandb.ai/caselli-niccolo-developer-university-of-amsterdam/probe4physics
wandb: 🚀 View run at https://wandb.ai/caselli-niccolo-developer-university-of-amsterdam/probe4physics/runs/tm729hro
[eval.mvp] Starting eval | split_name=val split_dir=data/splits/mvp/full_60_20_20 predictor_mode=from_file annotation_file=data/annotations/mvp_full.jsonl
[eval.mvp] Loaded split assignments | split_pairs=989 split_samples=1978
[eval.mvp] Prepared samples | n_pairs_before_trim=989 n_samples_before_trim=1978 n_pairs_after_trim=989 n_samples_after_trim=1978 max_pairs=0
[eval.mvp] Generated predictions | n_predictions=1978
[eval.mvp] Scoring complete | accuracy=61.9818 pair_consistency=33.2659 n_pairs=989 n_samples=1978
[eval.mvp] Artifacts written | output_dir=artifacts/probes/mvp_probe_linear_jepa_v2_vitg_384_20260501T080343Z/layer_20/train/trial_0015/val_eval
wandb: updating run metadata
wandb: uploading output.log; uploading wandb-summary.json; uploading config.yaml
wandb: uploading history steps 0-99, summary, console lines 0-6
wandb: 
wandb: Run history:
wandb:          epoch ▁▁▁▁▁▂▂▂▂▂▂▂▂▃▃▃▄▄▄▄▄▅▅▅▅▅▅▆▆▆▆▆▆▇▇▇▇▇██
wandb: train_accuracy ▁▁▂▃▃▃▃▃▄▅▄▄▅▅▅▅▆▆▆▆▆▆▆▇▆▆▆▇▆▇▅▇▇█▇▆▆█▇▇
wandb:     train_loss █▇▇▆▆▅▆▅▅▅▆▄▃▄▄▄▃▄▄▃▃▃▃▃▃▃▂▂▂▃▂▃▅▂▁▁▁▃▂▂
wandb:   val_accuracy ▁▁▂▅▅▃▅▆▅▄▃▃▄▆▆▇▆▆█▂▄▆▅▆▇█▇█▆▇▇▇▇▄███▇██
wandb:       val_loss ▅▃▄▂▃▄▂▇▄▄▂▂▃▃▃█▄▄▃▄▂▂▁█▁▂▃▃▂▁▂▅▁▂▁▂▄▁▃▆
wandb: 
wandb: Run summary:
wandb:           best_epoch 70
wandb:    best_val_accuracy 61.9818
wandb:        best_val_loss 0.64981
wandb: checkpoint_best_path artifacts/probes/mvp...
wandb: checkpoint_last_path artifacts/probes/mvp...
wandb:      checkpoint_path artifacts/probes/mvp...
wandb:              dataset mvp
wandb:      elapsed_seconds 14.45816
wandb:                epoch 100
wandb:    feature_signature 78ea8f6e0a5c5d94
wandb:                  +22 ...
wandb: 
wandb: 🚀 View run mvp_linear_jepa_v2_vitg_384_layer_20/trial_0015 at: https://wandb.ai/caselli-niccolo-developer-university-of-amsterdam/probe4physics/runs/tm729hro
wandb: ⭐️ View project at: https://wandb.ai/caselli-niccolo-developer-university-of-amsterdam/probe4physics
wandb: Synced 5 W&B file(s), 0 media file(s), 0 artifact file(s) and 0 other file(s)
wandb: Find logs at: ./wandb/run-20260501_101454-tm729hro/logs
[I 2026-05-01 10:15:10,139] Trial 15 finished with value: 33.26592517694641 and parameters: {'lr': 0.002033971182696202, 'weight_decay': 0.00011252082795950848, 'batch_size': 64}. Best is trial 13 with value: 33.872598584428715.
wandb: setting up run fj1vpdhx
wandb: Tracking run with wandb version 0.26.1
wandb: Run data is saved locally in /gpfs/home3/scur0511/Probe4Physics/wandb/run-20260501_101512-fj1vpdhx
wandb: Run `wandb offline` to turn off syncing.
wandb: Syncing run mvp_linear_jepa_v2_vitg_384_layer_20/trial_0016
wandb: ⭐️ View project at https://wandb.ai/caselli-niccolo-developer-university-of-amsterdam/probe4physics
wandb: 🚀 View run at https://wandb.ai/caselli-niccolo-developer-university-of-amsterdam/probe4physics/runs/fj1vpdhx
[eval.mvp] Starting eval | split_name=val split_dir=data/splits/mvp/full_60_20_20 predictor_mode=from_file annotation_file=data/annotations/mvp_full.jsonl
[eval.mvp] Loaded split assignments | split_pairs=989 split_samples=1978
[eval.mvp] Prepared samples | n_pairs_before_trim=989 n_samples_before_trim=1978 n_pairs_after_trim=989 n_samples_after_trim=1978 max_pairs=0
[eval.mvp] Generated predictions | n_predictions=1978
[eval.mvp] Scoring complete | accuracy=62.0324 pair_consistency=31.9515 n_pairs=989 n_samples=1978
[eval.mvp] Artifacts written | output_dir=artifacts/probes/mvp_probe_linear_jepa_v2_vitg_384_20260501T080343Z/layer_20/train/trial_0016/val_eval
wandb: updating run metadata
wandb: uploading history steps 0-99, summary, console lines 0-6
wandb: uploading output.log
wandb: 
wandb: Run history:
wandb:          epoch ▁▁▁▁▂▂▂▂▂▃▃▃▃▃▄▄▄▄▅▅▅▅▆▆▆▆▆▆▆▇▇▇▇▇▇█████
wandb: train_accuracy ▁▂▃▄▅▅▅▅▅▆▆▆▆▆▇▇▆▆▆▆▆▇▆▆▇▆▇▆▇▇▇▇█▇▇▇████
wandb:     train_loss █▇▆▅▄▄▄▄▄▄▄▄▅▃▃▃▃▃▃▂▃▃▄▂▂▃▂▂▂▄▁▂▁▁▂▁▁▂▂▂
wandb:   val_accuracy ▃▁▅▄▅▅▅▅▆▆▃▄▆▆▅▆▇▅▆▁▄▃▆▅▆▇▇▆▆▆█▆▇▄█▆▅█▇▄
wandb:       val_loss ▆▅▅▄▄▄▄▄▅▃▄▃█▃▂▃▃▄▂▂▅▂▂▂▃▁▁▂▂▂▂▅▁▄▁▁▄▁▁█
wandb: 
wandb: Run summary:
wandb:           best_epoch 98
wandb:    best_val_accuracy 62.03235
wandb:        best_val_loss 0.64908
wandb: checkpoint_best_path artifacts/probes/mvp...
wandb: checkpoint_last_path artifacts/probes/mvp...
wandb:      checkpoint_path artifacts/probes/mvp...
wandb:              dataset mvp
wandb:      elapsed_seconds 14.89195
wandb:                epoch 100
wandb:    feature_signature 78ea8f6e0a5c5d94
wandb:                  +22 ...
wandb: 
wandb: 🚀 View run mvp_linear_jepa_v2_vitg_384_layer_20/trial_0016 at: https://wandb.ai/caselli-niccolo-developer-university-of-amsterdam/probe4physics/runs/fj1vpdhx
wandb: ⭐️ View project at: https://wandb.ai/caselli-niccolo-developer-university-of-amsterdam/probe4physics
wandb: Synced 5 W&B file(s), 0 media file(s), 0 artifact file(s) and 0 other file(s)
wandb: Find logs at: ./wandb/run-20260501_101512-fj1vpdhx/logs
[I 2026-05-01 10:15:29,158] Trial 16 finished with value: 31.951466127401417 and parameters: {'lr': 0.0019227926162289797, 'weight_decay': 7.501336438610469e-05, 'batch_size': 64}. Best is trial 13 with value: 33.872598584428715.
wandb: setting up run 7sianpq0
wandb: Tracking run with wandb version 0.26.1
wandb: Run data is saved locally in /gpfs/home3/scur0511/Probe4Physics/wandb/run-20260501_101530-7sianpq0
wandb: Run `wandb offline` to turn off syncing.
wandb: Syncing run mvp_linear_jepa_v2_vitg_384_layer_20/trial_0017
wandb: ⭐️ View project at https://wandb.ai/caselli-niccolo-developer-university-of-amsterdam/probe4physics
wandb: 🚀 View run at https://wandb.ai/caselli-niccolo-developer-university-of-amsterdam/probe4physics/runs/7sianpq0
[eval.mvp] Starting eval | split_name=val split_dir=data/splits/mvp/full_60_20_20 predictor_mode=from_file annotation_file=data/annotations/mvp_full.jsonl
[eval.mvp] Loaded split assignments | split_pairs=989 split_samples=1978
[eval.mvp] Prepared samples | n_pairs_before_trim=989 n_samples_before_trim=1978 n_pairs_after_trim=989 n_samples_after_trim=1978 max_pairs=0
[eval.mvp] Generated predictions | n_predictions=1978
[eval.mvp] Scoring complete | accuracy=62.7401 pair_consistency=33.7715 n_pairs=989 n_samples=1978
[eval.mvp] Artifacts written | output_dir=artifacts/probes/mvp_probe_linear_jepa_v2_vitg_384_20260501T080343Z/layer_20/train/trial_0017/val_eval
wandb: updating run metadata
wandb: uploading data
wandb: 
wandb: Run history:
wandb:          epoch ▁▁▁▂▂▂▂▂▃▃▃▃▃▄▄▄▄▄▄▄▅▅▅▅▅▅▆▆▆▆▆▆▆▇▇▇▇███
wandb: train_accuracy ▁▂▂▃▄▄▄▅▄▄▅▅▄▆▆▆▆▅▆▆▇▆▇▇▆▇▆▇██▇▆▇▇▇▇▇▇██
wandb:     train_loss █▆▇▆▆▅▄▅▅▅▄▄▅▅▄▃▄▃▅▅▄▃▅▃▃▃▂▄▃▂▁▂▃▂▁▁▂▂▂▁
wandb:   val_accuracy ▂▄▁▄▃▆▆▆▄▃▅▂▅▁▄▆▇▆▅█▆▃▆▇▆██▇▇█▇▇█▆▆█▆▆▆▄
wandb:       val_loss ▅▃▄▃▃▂▂▄▄▆█▂▄▂▆▂▂▃▁▅▆▅▂▃▄▂▆▂▁▄▂▂▄▂▁▁▃▂▂▂
wandb: 
wandb: Run summary:
wandb:           best_epoch 68
wandb:    best_val_accuracy 62.74014
wandb:        best_val_loss 0.64731
wandb: checkpoint_best_path artifacts/probes/mvp...
wandb: checkpoint_last_path artifacts/probes/mvp...
wandb:      checkpoint_path artifacts/probes/mvp...
wandb:              dataset mvp
wandb:      elapsed_seconds 14.7533
wandb:                epoch 100
wandb:    feature_signature 78ea8f6e0a5c5d94
wandb:                  +22 ...
wandb: 
wandb: 🚀 View run mvp_linear_jepa_v2_vitg_384_layer_20/trial_0017 at: https://wandb.ai/caselli-niccolo-developer-university-of-amsterdam/probe4physics/runs/7sianpq0
wandb: ⭐️ View project at: https://wandb.ai/caselli-niccolo-developer-university-of-amsterdam/probe4physics
wandb: Synced 5 W&B file(s), 0 media file(s), 0 artifact file(s) and 0 other file(s)
wandb: Find logs at: ./wandb/run-20260501_101530-7sianpq0/logs
[I 2026-05-01 10:15:47,916] Trial 17 finished with value: 33.77148634984833 and parameters: {'lr': 0.003446975261925816, 'weight_decay': 4.512769802353355e-05, 'batch_size': 64}. Best is trial 13 with value: 33.872598584428715.
wandb: setting up run ccodyuxz
wandb: Tracking run with wandb version 0.26.1
wandb: Run data is saved locally in /gpfs/home3/scur0511/Probe4Physics/wandb/run-20260501_101550-ccodyuxz
wandb: Run `wandb offline` to turn off syncing.
wandb: Syncing run mvp_linear_jepa_v2_vitg_384_layer_20/trial_0018
wandb: ⭐️ View project at https://wandb.ai/caselli-niccolo-developer-university-of-amsterdam/probe4physics
wandb: 🚀 View run at https://wandb.ai/caselli-niccolo-developer-university-of-amsterdam/probe4physics/runs/ccodyuxz
[eval.mvp] Starting eval | split_name=val split_dir=data/splits/mvp/full_60_20_20 predictor_mode=from_file annotation_file=data/annotations/mvp_full.jsonl
[eval.mvp] Loaded split assignments | split_pairs=989 split_samples=1978
[eval.mvp] Prepared samples | n_pairs_before_trim=989 n_samples_before_trim=1978 n_pairs_after_trim=989 n_samples_after_trim=1978 max_pairs=0
[eval.mvp] Generated predictions | n_predictions=1978
[eval.mvp] Scoring complete | accuracy=62.8918 pair_consistency=33.9737 n_pairs=989 n_samples=1978
[eval.mvp] Artifacts written | output_dir=artifacts/probes/mvp_probe_linear_jepa_v2_vitg_384_20260501T080343Z/layer_20/train/trial_0018/val_eval
wandb: updating run metadata
wandb: uploading config.yaml; uploading output.log; uploading wandb-summary.json
wandb: 
wandb: Run history:
wandb:          epoch ▁▁▁▁▁▂▂▂▂▂▂▃▃▃▃▄▄▄▄▅▅▅▅▅▅▅▆▆▆▆▆▇▇▇▇▇████
wandb: train_accuracy ▁▂▄▄▄▅▅▆▆▅▆▆▆▅▇▆▆▇▇▆▇▇▆▇▇▇▇█▆▇▇▇▇▇███▇▇█
wandb:     train_loss █▅▅▄▄▄▅▃▃▄▃▃▂▅▃▃▂▃▂▃▃▅▁▁▂▂▂▂▂▁▂▂▂▂▁▁▂▁▁▁
wandb:   val_accuracy ▁▁▅▃▄▂▆▆▆▆▆▆▆▆▆▇▆▆▇▇▆▆▅▅▆▇▇▇▇▆▅▇▄▇▇▆▇▆▅█
wandb:       val_loss ▄▄▄▃▃▃▃▅▄▆▃█▂▂▄▂▂▇▁▇▂▅▂▂▄▄▂▁▄▁▆▂▁▄▄▁▂▅▂▂
wandb: 
wandb: Run summary:
wandb:           best_epoch 98
wandb:    best_val_accuracy 62.89181
wandb:        best_val_loss 0.6462
wandb: checkpoint_best_path artifacts/probes/mvp...
wandb: checkpoint_last_path artifacts/probes/mvp...
wandb:      checkpoint_path artifacts/probes/mvp...
wandb:              dataset mvp
wandb:      elapsed_seconds 15.05873
wandb:                epoch 100
wandb:    feature_signature 78ea8f6e0a5c5d94
wandb:                  +22 ...
wandb: 
wandb: 🚀 View run mvp_linear_jepa_v2_vitg_384_layer_20/trial_0018 at: https://wandb.ai/caselli-niccolo-developer-university-of-amsterdam/probe4physics/runs/ccodyuxz
wandb: ⭐️ View project at: https://wandb.ai/caselli-niccolo-developer-university-of-amsterdam/probe4physics
wandb: Synced 5 W&B file(s), 0 media file(s), 0 artifact file(s) and 0 other file(s)
wandb: Find logs at: ./wandb/run-20260501_101550-ccodyuxz/logs
[I 2026-05-01 10:16:06,509] Trial 18 finished with value: 33.9737108190091 and parameters: {'lr': 0.00423691820605159, 'weight_decay': 1.2620605492160553e-06, 'batch_size': 64}. Best is trial 18 with value: 33.9737108190091.
wandb: setting up run le9ffa1c
wandb: Tracking run with wandb version 0.26.1
wandb: Run data is saved locally in /gpfs/home3/scur0511/Probe4Physics/wandb/run-20260501_101608-le9ffa1c
wandb: Run `wandb offline` to turn off syncing.
wandb: Syncing run mvp_linear_jepa_v2_vitg_384_layer_20/trial_0019
wandb: ⭐️ View project at https://wandb.ai/caselli-niccolo-developer-university-of-amsterdam/probe4physics
wandb: 🚀 View run at https://wandb.ai/caselli-niccolo-developer-university-of-amsterdam/probe4physics/runs/le9ffa1c
[eval.mvp] Starting eval | split_name=val split_dir=data/splits/mvp/full_60_20_20 predictor_mode=from_file annotation_file=data/annotations/mvp_full.jsonl
[eval.mvp] Loaded split assignments | split_pairs=989 split_samples=1978
[eval.mvp] Prepared samples | n_pairs_before_trim=989 n_samples_before_trim=1978 n_pairs_after_trim=989 n_samples_after_trim=1978 max_pairs=0
[eval.mvp] Generated predictions | n_predictions=1978
[eval.mvp] Scoring complete | accuracy=60.7685 pair_consistency=30.2326 n_pairs=989 n_samples=1978
[eval.mvp] Artifacts written | output_dir=artifacts/probes/mvp_probe_linear_jepa_v2_vitg_384_20260501T080343Z/layer_20/train/trial_0019/val_eval
wandb: updating run metadata
wandb: uploading output.log; uploading wandb-summary.json; uploading config.yaml
wandb: 
wandb: Run history:
wandb:          epoch ▁▁▁▁▂▂▂▂▂▂▃▃▃▃▃▄▄▄▄▄▅▅▅▅▅▆▆▆▆▆▆▇▇▇▇▇▇███
wandb: train_accuracy ▁▂▂▂▄▄▅▅▃▅▅▅▅▆▆▆▆▆▆▆▇▆▇▇▆▇▇▇▇▇▇▇▇▇█▇█▇█▇
wandb:     train_loss █▆▆▅▅▄▄▄▄▄▃▃▄▃▃▂▂▂▃▃▂▂▂▂▂▂▂▁▂▂▂▁▁▂▁▁▁▁▁▁
wandb:   val_accuracy ▁▂▄▄▃▆▆▄▆▅▇▆▄▆▆▆▇▇▇▇▆▇▇▆▇▇▅▇▇▇█▇▆▇▇▇███▇
wandb:       val_loss ▆█▅▅▅▅▄▄▄▅▄▄▃▅▃▂▃▂▂▃▃▃▃▃▄▁▂▂▂▁▁▂▂▁▁▄▁▁▂▃
wandb: 
wandb: Run summary:
wandb:           best_epoch 84
wandb:    best_val_accuracy 60.76846
wandb:        best_val_loss 0.65673
wandb: checkpoint_best_path artifacts/probes/mvp...
wandb: checkpoint_last_path artifacts/probes/mvp...
wandb:      checkpoint_path artifacts/probes/mvp...
wandb:              dataset mvp
wandb:      elapsed_seconds 11.65282
wandb:                epoch 100
wandb:    feature_signature 78ea8f6e0a5c5d94
wandb:                  +22 ...
wandb: 
wandb: 🚀 View run mvp_linear_jepa_v2_vitg_384_layer_20/trial_0019 at: https://wandb.ai/caselli-niccolo-developer-university-of-amsterdam/probe4physics/runs/le9ffa1c
wandb: ⭐️ View project at: https://wandb.ai/caselli-niccolo-developer-university-of-amsterdam/probe4physics
wandb: Synced 5 W&B file(s), 0 media file(s), 0 artifact file(s) and 0 other file(s)
wandb: Find logs at: ./wandb/run-20260501_101608-le9ffa1c/logs
[I 2026-05-01 10:16:21,508] Trial 19 finished with value: 30.23255813953488 and parameters: {'lr': 0.0010509751486396301, 'weight_decay': 1.1371204434621334e-06, 'batch_size': 128}. Best is trial 18 with value: 33.9737108190091.
[eval.mvp] Starting eval | split_name=train split_dir=data/splits/mvp/full_60_20_20 predictor_mode=from_file annotation_file=data/annotations/mvp_full.jsonl
[eval.mvp] Loaded split assignments | split_pairs=2965 split_samples=5930
[eval.mvp] Prepared samples | n_pairs_before_trim=2965 n_samples_before_trim=5930 n_pairs_after_trim=2965 n_samples_after_trim=5930 max_pairs=0
[eval.mvp] Generated predictions | n_predictions=5930
[eval.mvp] Scoring complete | accuracy=66.8634 pair_consistency=39.5953 n_pairs=2965 n_samples=5930
[eval.mvp] Artifacts written | output_dir=artifacts/probes/mvp_probe_linear_jepa_v2_vitg_384_20260501T080343Z/layer_20/eval/train
[eval.mvp] Starting eval | split_name=val split_dir=data/splits/mvp/full_60_20_20 predictor_mode=from_file annotation_file=data/annotations/mvp_full.jsonl
[eval.mvp] Loaded split assignments | split_pairs=989 split_samples=1978
[eval.mvp] Prepared samples | n_pairs_before_trim=989 n_samples_before_trim=1978 n_pairs_after_trim=989 n_samples_after_trim=1978 max_pairs=0
[eval.mvp] Generated predictions | n_predictions=1978
[eval.mvp] Scoring complete | accuracy=62.8918 pair_consistency=33.9737 n_pairs=989 n_samples=1978
[eval.mvp] Artifacts written | output_dir=artifacts/probes/mvp_probe_linear_jepa_v2_vitg_384_20260501T080343Z/layer_20/eval/val
[eval.mvp] Starting eval | split_name=test split_dir=data/splits/mvp/full_60_20_20 predictor_mode=from_file annotation_file=data/annotations/mvp_full.jsonl
[eval.mvp] Loaded split assignments | split_pairs=989 split_samples=1978
[eval.mvp] Prepared samples | n_pairs_before_trim=989 n_samples_before_trim=1978 n_pairs_after_trim=989 n_samples_after_trim=1978 max_pairs=0
[eval.mvp] Generated predictions | n_predictions=1978
[eval.mvp] Scoring complete | accuracy=61.7796 pair_consistency=31.6481 n_pairs=989 n_samples=1978
[eval.mvp] Artifacts written | output_dir=artifacts/probes/mvp_probe_linear_jepa_v2_vitg_384_20260501T080343Z/layer_20/eval/test
[I 2026-05-01 10:16:26,176] A new study created in RDB with name: mvp_linear_jepa_v2_vitg_384_layer_30
wandb: setting up run n4poqw89
wandb: Tracking run with wandb version 0.26.1
wandb: Run data is saved locally in /gpfs/home3/scur0511/Probe4Physics/wandb/run-20260501_101628-n4poqw89
wandb: Run `wandb offline` to turn off syncing.
wandb: Syncing run mvp_linear_jepa_v2_vitg_384_layer_30/trial_0000
wandb: ⭐️ View project at https://wandb.ai/caselli-niccolo-developer-university-of-amsterdam/probe4physics
wandb: 🚀 View run at https://wandb.ai/caselli-niccolo-developer-university-of-amsterdam/probe4physics/runs/n4poqw89
[eval.mvp] Starting eval | split_name=val split_dir=data/splits/mvp/full_60_20_20 predictor_mode=from_file annotation_file=data/annotations/mvp_full.jsonl
[eval.mvp] Loaded split assignments | split_pairs=989 split_samples=1978
[eval.mvp] Prepared samples | n_pairs_before_trim=989 n_samples_before_trim=1978 n_pairs_after_trim=989 n_samples_after_trim=1978 max_pairs=0
[eval.mvp] Generated predictions | n_predictions=1978
[eval.mvp] Scoring complete | accuracy=62.7907 pair_consistency=33.3670 n_pairs=989 n_samples=1978
[eval.mvp] Artifacts written | output_dir=artifacts/probes/mvp_probe_linear_jepa_v2_vitg_384_20260501T080343Z/layer_30/train/trial_0000/val_eval
wandb: updating run metadata
wandb: uploading output.log; uploading wandb-summary.json; uploading config.yaml
wandb: 
wandb: Run history:
wandb:          epoch ▁▁▁▁▂▂▂▂▂▂▂▃▃▃▃▃▃▃▃▄▄▄▅▅▅▅▆▆▆▆▆▇▇▇▇▇▇▇██
wandb: train_accuracy ▁▁▂▂▂▃▄▃▃▄▄▅▅▅▅▆▆▆▇▆▆▇▇▇▆▇▇▇█▇▇█████▇██▇
wandb:     train_loss █▇▆▆▅▅▅▅▅▅▅▅▅▅▄▄▄▄▄▃▃▃▃▃▃▃▃▃▂▂▂▂▂▂▂▁▂▁▁▁
wandb:   val_accuracy ▁▂▁▄▄▅▃▅▃▆▃▁▄▃▆▆▇▅▆▃▅▇█▅▇▆▇▇▇▇█▆▇▇▆█▇▇▇▇
wandb:       val_loss █▇█▇▇▆▇▆▅▅▅▆▅▄▄▅▄▆▃▄▃▃▃▄▄▄▂▂▃▂▂▂▁▁▁▁▁▁▁▁
wandb: 
wandb: Run summary:
wandb:           best_epoch 84
wandb:    best_val_accuracy 62.7907
wandb:        best_val_loss 0.66002
wandb: checkpoint_best_path artifacts/probes/mvp...
wandb: checkpoint_last_path artifacts/probes/mvp...
wandb:      checkpoint_path artifacts/probes/mvp...
wandb:              dataset mvp
wandb:      elapsed_seconds 20.97978
wandb:                epoch 100
wandb:    feature_signature 78ea8f6e0a5c5d94
wandb:                  +22 ...
wandb: 
wandb: 🚀 View run mvp_linear_jepa_v2_vitg_384_layer_30/trial_0000 at: https://wandb.ai/caselli-niccolo-developer-university-of-amsterdam/probe4physics/runs/n4poqw89
wandb: ⭐️ View project at: https://wandb.ai/caselli-niccolo-developer-university-of-amsterdam/probe4physics
wandb: Synced 5 W&B file(s), 0 media file(s), 0 artifact file(s) and 0 other file(s)
wandb: Find logs at: ./wandb/run-20260501_101628-n4poqw89/logs
[I 2026-05-01 10:16:50,900] Trial 0 finished with value: 33.367037411526795 and parameters: {'lr': 0.0001329291894316216, 'weight_decay': 0.005061576888752304, 'batch_size': 32}. Best is trial 0 with value: 33.367037411526795.
wandb: setting up run boh2062c
wandb: Tracking run with wandb version 0.26.1
wandb: Run data is saved locally in /gpfs/home3/scur0511/Probe4Physics/wandb/run-20260501_101652-boh2062c
wandb: Run `wandb offline` to turn off syncing.
wandb: Syncing run mvp_linear_jepa_v2_vitg_384_layer_30/trial_0001
wandb: ⭐️ View project at https://wandb.ai/caselli-niccolo-developer-university-of-amsterdam/probe4physics
wandb: 🚀 View run at https://wandb.ai/caselli-niccolo-developer-university-of-amsterdam/probe4physics/runs/boh2062c
[eval.mvp] Starting eval | split_name=val split_dir=data/splits/mvp/full_60_20_20 predictor_mode=from_file annotation_file=data/annotations/mvp_full.jsonl
[eval.mvp] Loaded split assignments | split_pairs=989 split_samples=1978
[eval.mvp] Prepared samples | n_pairs_before_trim=989 n_samples_before_trim=1978 n_pairs_after_trim=989 n_samples_after_trim=1978 max_pairs=0
[eval.mvp] Generated predictions | n_predictions=1978
[eval.mvp] Scoring complete | accuracy=53.9434 pair_consistency=16.6835 n_pairs=989 n_samples=1978
[eval.mvp] Artifacts written | output_dir=artifacts/probes/mvp_probe_linear_jepa_v2_vitg_384_20260501T080343Z/layer_30/train/trial_0001/val_eval
wandb: updating run metadata
wandb: uploading output.log; uploading wandb-summary.json; uploading config.yaml
wandb: 
wandb: Run history:
wandb:          epoch ▁▁▂▂▂▂▂▃▃▃▃▃▃▃▃▄▄▄▄▄▅▅▅▅▅▅▅▅▆▆▆▆▆▆▆▇▇▇▇█
wandb: train_accuracy ▁▁▁▁▁▁▃▃▃▃▂▂▂▃▂▃▃▃▄▄▄▄▄▄▄▅▆▄▅▆▇▇▆▇▇▇█▇██
wandb:     train_loss █▅▂▁▁▁▁▁▁▁▁▁▁▁▁▁▁▁▁▁▁▁▁▁▁▁▁▁▁▁▁▁▁▁▁▁▁▁▁▁
wandb:   val_accuracy ▁▁▄▃▃▃▄▄▄▄▄▄▃▄▅▄▄▄▄▄▅▆▅▆▅▆▅▅▆▅▆▆▆▇▇▆▇▇▇█
wandb:       val_loss █▃▁▁▁▁▁▁▁▁▁▁▁▁▁▁▁▁▁▁▁▁▁▁▁▁▁▁▁▁▁▁▁▁▁▁▁▁▁▁
wandb: 
wandb: Run summary:
wandb:           best_epoch 100
wandb:    best_val_accuracy 53.94338
wandb:        best_val_loss 0.69064
wandb: checkpoint_best_path artifacts/probes/mvp...
wandb: checkpoint_last_path artifacts/probes/mvp...
wandb:      checkpoint_path artifacts/probes/mvp...
wandb:              dataset mvp
wandb:      elapsed_seconds 10.5521
wandb:                epoch 100
wandb:    feature_signature 78ea8f6e0a5c5d94
wandb:                  +22 ...
wandb: 
wandb: 🚀 View run mvp_linear_jepa_v2_vitg_384_layer_30/trial_0001 at: https://wandb.ai/caselli-niccolo-developer-university-of-amsterdam/probe4physics/runs/boh2062c
wandb: ⭐️ View project at: https://wandb.ai/caselli-niccolo-developer-university-of-amsterdam/probe4physics
wandb: Synced 5 W&B file(s), 0 media file(s), 0 artifact file(s) and 0 other file(s)
wandb: Find logs at: ./wandb/run-20260501_101652-boh2062c/logs
[I 2026-05-01 10:17:04,811] Trial 1 finished with value: 16.683518705763397 and parameters: {'lr': 1.493656855461762e-05, 'weight_decay': 0.0015741890047456662, 'batch_size': 256}. Best is trial 0 with value: 33.367037411526795.
wandb: setting up run brdot2bc
wandb: Tracking run with wandb version 0.26.1
wandb: Run data is saved locally in /gpfs/home3/scur0511/Probe4Physics/wandb/run-20260501_101706-brdot2bc
wandb: Run `wandb offline` to turn off syncing.
wandb: Syncing run mvp_linear_jepa_v2_vitg_384_layer_30/trial_0002
wandb: ⭐️ View project at https://wandb.ai/caselli-niccolo-developer-university-of-amsterdam/probe4physics
wandb: 🚀 View run at https://wandb.ai/caselli-niccolo-developer-university-of-amsterdam/probe4physics/runs/brdot2bc
[eval.mvp] Starting eval | split_name=val split_dir=data/splits/mvp/full_60_20_20 predictor_mode=from_file annotation_file=data/annotations/mvp_full.jsonl
[eval.mvp] Loaded split assignments | split_pairs=989 split_samples=1978
[eval.mvp] Prepared samples | n_pairs_before_trim=989 n_samples_before_trim=1978 n_pairs_after_trim=989 n_samples_after_trim=1978 max_pairs=0
[eval.mvp] Generated predictions | n_predictions=1978
[eval.mvp] Scoring complete | accuracy=63.9029 pair_consistency=37.7149 n_pairs=989 n_samples=1978
[eval.mvp] Artifacts written | output_dir=artifacts/probes/mvp_probe_linear_jepa_v2_vitg_384_20260501T080343Z/layer_30/train/trial_0002/val_eval
wandb: updating run metadata
wandb: uploading history steps 0-99, summary, console lines 0-6
wandb: 
wandb: Run history:
wandb:          epoch ▁▁▁▁▁▂▂▂▂▂▃▃▃▃▃▄▄▄▄▅▅▅▅▅▅▅▆▆▆▆▆▆▆▆▇▇▇███
wandb: train_accuracy ▁▁▃▃▃▄▄▅▅▆▅▆▆▅▆▅▇▆▆▆▇▇▅▆▆▇▇▆▇▆▇▇▇▇▇██▇▆█
wandb:     train_loss ███▇▇▆▆▅▅▅▅▅▅▆▅▄▃▃▄▄▄▃▃▃▃▂▂▃▃▂▃▂▂▃▁▂▁▂▃▁
wandb:   val_accuracy ▃▁▁▂▄▆▂▅▄▆▄▃▂▄▆▇▇▇▄██▆▆▂▅▇▄▇▆▇█▆█▆█▄█▆██
wandb:       val_loss ▄█▄▄▃▃▃▆▃▂▃▂▄▂▂▂▅▄▂▂▄▂▂▂▂▂▂▂▁▂▂▁▁▅▁▃▃▁▁▂
wandb: 
wandb: Run summary:
wandb:           best_epoch 97
wandb:    best_val_accuracy 63.90293
wandb:        best_val_loss 0.62577
wandb: checkpoint_best_path artifacts/probes/mvp...
wandb: checkpoint_last_path artifacts/probes/mvp...
wandb:      checkpoint_path artifacts/probes/mvp...
wandb:              dataset mvp
wandb:      elapsed_seconds 10.69718
wandb:                epoch 100
wandb:    feature_signature 78ea8f6e0a5c5d94
wandb:                  +22 ...
wandb: 
wandb: 🚀 View run mvp_linear_jepa_v2_vitg_384_layer_30/trial_0002 at: https://wandb.ai/caselli-niccolo-developer-university-of-amsterdam/probe4physics/runs/brdot2bc
wandb: ⭐️ View project at: https://wandb.ai/caselli-niccolo-developer-university-of-amsterdam/probe4physics
wandb: Synced 5 W&B file(s), 0 media file(s), 0 artifact file(s) and 0 other file(s)
wandb: Find logs at: ./wandb/run-20260501_101706-brdot2bc/logs
[I 2026-05-01 10:17:19,132] Trial 2 finished with value: 37.71486349848331 and parameters: {'lr': 0.00314288089084011, 'weight_decay': 1.879466824163843e-07, 'batch_size': 256}. Best is trial 2 with value: 37.71486349848331.
wandb: setting up run bt9ewjvd
wandb: Tracking run with wandb version 0.26.1
wandb: Run data is saved locally in /gpfs/home3/scur0511/Probe4Physics/wandb/run-20260501_101720-bt9ewjvd
wandb: Run `wandb offline` to turn off syncing.
wandb: Syncing run mvp_linear_jepa_v2_vitg_384_layer_30/trial_0003
wandb: ⭐️ View project at https://wandb.ai/caselli-niccolo-developer-university-of-amsterdam/probe4physics
wandb: 🚀 View run at https://wandb.ai/caselli-niccolo-developer-university-of-amsterdam/probe4physics/runs/bt9ewjvd
[eval.mvp] Starting eval | split_name=val split_dir=data/splits/mvp/full_60_20_20 predictor_mode=from_file annotation_file=data/annotations/mvp_full.jsonl
[eval.mvp] Loaded split assignments | split_pairs=989 split_samples=1978
[eval.mvp] Prepared samples | n_pairs_before_trim=989 n_samples_before_trim=1978 n_pairs_after_trim=989 n_samples_after_trim=1978 max_pairs=0
[eval.mvp] Generated predictions | n_predictions=1978
[eval.mvp] Scoring complete | accuracy=62.9929 pair_consistency=34.0748 n_pairs=989 n_samples=1978
[eval.mvp] Artifacts written | output_dir=artifacts/probes/mvp_probe_linear_jepa_v2_vitg_384_20260501T080343Z/layer_30/train/trial_0003/val_eval
wandb: updating run metadata
wandb: uploading history steps 85-99, summary, console lines 0-6
wandb: 
wandb: Run history:
wandb:          epoch ▁▁▁▁▂▂▂▂▂▂▃▃▃▃▃▄▄▄▄▄▅▅▅▅▅▆▆▆▆▆▇▇▇▇▇▇▇███
wandb: train_accuracy ▁▁▃▃▃▄▄▅▅▅▅▆▆▆▆▇▆▇▇▇▇▇▇▇▇▇▇▇▇██████████▇
wandb:     train_loss ███▇▇▆▆▆▅▅▅▅▅▄▄▄▄▄▄▃▄▄▃▃▃▃▃▂▂▂▂▂▂▂▂▁▁▁▁▁
wandb:   val_accuracy ▁▁▂▂▄▃▄▃▅▂▅▄▁▆▂▅▄▆▅▇▅▆▇█▆█▇▆▇█▆▅▇▆█▆▇▇█▆
wandb:       val_loss ▇▇▇▇▆▆▆▆▆▆▇▆█▆▅▅▄▅▅▄▄▄▅▇▄▃▃▃▂▂▂▃▂▃▃▁▁▂▁▄
wandb: 
wandb: Run summary:
wandb:           best_epoch 84
wandb:    best_val_accuracy 62.99292
wandb:        best_val_loss 0.65294
wandb: checkpoint_best_path artifacts/probes/mvp...
wandb: checkpoint_last_path artifacts/probes/mvp...
wandb:      checkpoint_path artifacts/probes/mvp...
wandb:              dataset mvp
wandb:      elapsed_seconds 20.16474
wandb:                epoch 100
wandb:    feature_signature 78ea8f6e0a5c5d94
wandb:                  +22 ...
wandb: 
wandb: 🚀 View run mvp_linear_jepa_v2_vitg_384_layer_30/trial_0003 at: https://wandb.ai/caselli-niccolo-developer-university-of-amsterdam/probe4physics/runs/bt9ewjvd
wandb: ⭐️ View project at: https://wandb.ai/caselli-niccolo-developer-university-of-amsterdam/probe4physics
wandb: Synced 5 W&B file(s), 0 media file(s), 0 artifact file(s) and 0 other file(s)
wandb: Find logs at: ./wandb/run-20260501_101720-bt9ewjvd/logs
[I 2026-05-01 10:17:43,016] Trial 3 finished with value: 34.07482305358948 and parameters: {'lr': 0.00019762189340280086, 'weight_decay': 5.589524205217922e-07, 'batch_size': 32}. Best is trial 2 with value: 37.71486349848331.
wandb: setting up run nph5bytv
wandb: Tracking run with wandb version 0.26.1
wandb: Run data is saved locally in /gpfs/home3/scur0511/Probe4Physics/wandb/run-20260501_101744-nph5bytv
wandb: Run `wandb offline` to turn off syncing.
wandb: Syncing run mvp_linear_jepa_v2_vitg_384_layer_30/trial_0004
wandb: ⭐️ View project at https://wandb.ai/caselli-niccolo-developer-university-of-amsterdam/probe4physics
wandb: 🚀 View run at https://wandb.ai/caselli-niccolo-developer-university-of-amsterdam/probe4physics/runs/nph5bytv
[eval.mvp] Starting eval | split_name=val split_dir=data/splits/mvp/full_60_20_20 predictor_mode=from_file annotation_file=data/annotations/mvp_full.jsonl
[eval.mvp] Loaded split assignments | split_pairs=989 split_samples=1978
[eval.mvp] Prepared samples | n_pairs_before_trim=989 n_samples_before_trim=1978 n_pairs_after_trim=989 n_samples_after_trim=1978 max_pairs=0
[eval.mvp] Generated predictions | n_predictions=1978
[eval.mvp] Scoring complete | accuracy=62.3862 pair_consistency=32.6593 n_pairs=989 n_samples=1978
[eval.mvp] Artifacts written | output_dir=artifacts/probes/mvp_probe_linear_jepa_v2_vitg_384_20260501T080343Z/layer_30/train/trial_0004/val_eval
wandb: updating run metadata
wandb: uploading config.yaml; uploading output.log; uploading wandb-summary.json
wandb: uploading history steps 0-99, summary, console lines 0-6
wandb: 
wandb: Run history:
wandb:          epoch ▁▁▁▁▁▂▂▂▂▂▃▃▃▃▃▄▄▄▄▄▄▅▅▅▅▅▆▆▆▆▆▆▆▇▇▇▇▇▇█
wandb: train_accuracy ▁▁▂▂▂▂▃▄▄▅▅▅▅▅▅▅▅▆▆▆▆▇▆▆▇▇▆▆▇▇▇▇██▇▇▇▇█▇
wandb:     train_loss █▅▅▅▄▄▄▄▄▄▄▄▄▄▃▃▃▃▃▃▃▃▃▃▃▃▃▂▂▂▂▂▁▂▁▁▁▁▁▁
wandb:   val_accuracy ▂▁▃▄▄▄▅▅▆▃▃▆▇▆▇▆▇▅▇▄▆▅▆▆▇▆█▇▇▇▇█▆█▇▇▆▇▇▇
wandb:       val_loss ▇▇▇█▆▆▆▅▅▅▆▅▅▅▄▄▄▄▄▃▃▃▃▃▃▃▃▄▃▃▂▂▂▃▂▂▁▁▁▁
wandb: 
wandb: Run summary:
wandb:           best_epoch 93
wandb:    best_val_accuracy 62.38625
wandb:        best_val_loss 0.66268
wandb: checkpoint_best_path artifacts/probes/mvp...
wandb: checkpoint_last_path artifacts/probes/mvp...
wandb:      checkpoint_path artifacts/probes/mvp...
wandb:              dataset mvp
wandb:      elapsed_seconds 11.91374
wandb:                epoch 100
wandb:    feature_signature 78ea8f6e0a5c5d94
wandb:                  +22 ...
wandb: 
wandb: 🚀 View run mvp_linear_jepa_v2_vitg_384_layer_30/trial_0004 at: https://wandb.ai/caselli-niccolo-developer-university-of-amsterdam/probe4physics/runs/nph5bytv
wandb: ⭐️ View project at: https://wandb.ai/caselli-niccolo-developer-university-of-amsterdam/probe4physics
wandb: Synced 5 W&B file(s), 0 media file(s), 0 artifact file(s) and 0 other file(s)
wandb: Find logs at: ./wandb/run-20260501_101744-nph5bytv/logs
[I 2026-05-01 10:17:58,673] Trial 4 finished with value: 32.659251769464106 and parameters: {'lr': 0.00023345864076016249, 'weight_decay': 0.0005141096648805752, 'batch_size': 128}. Best is trial 2 with value: 37.71486349848331.
wandb: setting up run dqjhl9ba
wandb: Tracking run with wandb version 0.26.1
wandb: Run data is saved locally in /gpfs/home3/scur0511/Probe4Physics/wandb/run-20260501_101800-dqjhl9ba
wandb: Run `wandb offline` to turn off syncing.
wandb: Syncing run mvp_linear_jepa_v2_vitg_384_layer_30/trial_0005
wandb: ⭐️ View project at https://wandb.ai/caselli-niccolo-developer-university-of-amsterdam/probe4physics
wandb: 🚀 View run at https://wandb.ai/caselli-niccolo-developer-university-of-amsterdam/probe4physics/runs/dqjhl9ba
[eval.mvp] Starting eval | split_name=val split_dir=data/splits/mvp/full_60_20_20 predictor_mode=from_file annotation_file=data/annotations/mvp_full.jsonl
[eval.mvp] Loaded split assignments | split_pairs=989 split_samples=1978
[eval.mvp] Prepared samples | n_pairs_before_trim=989 n_samples_before_trim=1978 n_pairs_after_trim=989 n_samples_after_trim=1978 max_pairs=0
[eval.mvp] Generated predictions | n_predictions=1978
[eval.mvp] Scoring complete | accuracy=63.4985 pair_consistency=35.2882 n_pairs=989 n_samples=1978
[eval.mvp] Artifacts written | output_dir=artifacts/probes/mvp_probe_linear_jepa_v2_vitg_384_20260501T080343Z/layer_30/train/trial_0005/val_eval
wandb: updating run metadata
wandb: uploading output.log; uploading wandb-summary.json; uploading config.yaml
wandb: uploading history steps 0-99, summary, console lines 0-6
wandb: 
wandb: Run history:
wandb:          epoch ▁▁▁▁▁▂▂▂▂▂▃▃▃▃▃▃▃▃▄▄▄▅▅▅▅▅▅▅▅▅▆▆▆▆▇▇▇███
wandb: train_accuracy ▁▁▂▂▃▄▄▄▂▅▄▅▄▅▅▆▆▅▆▇▆▇█▆▆▆▇▇▇▇▇█▆▇█▆▇███
wandb:     train_loss ▇█▇▇█▆▆▆▅▆▅▅▅▄▄▄▄▄▄▄▄▃▄▃▃▃▃▂▂▂▂▂▂▂▁▁▁▁▂▁
wandb:   val_accuracy ▁▃▃▄▂▅▄▅▇▄▄▇▅▆▅▇▆▆▇▆▆▇▇█▆▆█▇█▇▇▆▇█▇▇▆█▇▇
wandb:       val_loss █▇▆▆▅▅▅▄▄▄▄▅▄▃▃▃▃▃▃▃▃▃▂▃▂▂▂▃▂▂▂▁▁▁▁▂▁▁▁▃
wandb: 
wandb: Run summary:
wandb:           best_epoch 89
wandb:    best_val_accuracy 63.49849
wandb:        best_val_loss 0.6453
wandb: checkpoint_best_path artifacts/probes/mvp...
wandb: checkpoint_last_path artifacts/probes/mvp...
wandb:      checkpoint_path artifacts/probes/mvp...
wandb:              dataset mvp
wandb:      elapsed_seconds 11.73939
wandb:                epoch 100
wandb:    feature_signature 78ea8f6e0a5c5d94
wandb:                  +22 ...
wandb: 
wandb: 🚀 View run mvp_linear_jepa_v2_vitg_384_layer_30/trial_0005 at: https://wandb.ai/caselli-niccolo-developer-university-of-amsterdam/probe4physics/runs/dqjhl9ba
wandb: ⭐️ View project at: https://wandb.ai/caselli-niccolo-developer-university-of-amsterdam/probe4physics
wandb: Synced 5 W&B file(s), 0 media file(s), 0 artifact file(s) and 0 other file(s)
wandb: Find logs at: ./wandb/run-20260501_101800-dqjhl9ba/logs
[I 2026-05-01 10:18:14,132] Trial 5 finished with value: 35.28816986855409 and parameters: {'lr': 0.0006647135865318024, 'weight_decay': 1.0547383621352015e-07, 'batch_size': 128}. Best is trial 2 with value: 37.71486349848331.
wandb: setting up run jd25ch6r
wandb: Tracking run with wandb version 0.26.1
wandb: Run data is saved locally in /gpfs/home3/scur0511/Probe4Physics/wandb/run-20260501_101815-jd25ch6r
wandb: Run `wandb offline` to turn off syncing.
wandb: Syncing run mvp_linear_jepa_v2_vitg_384_layer_30/trial_0006
wandb: ⭐️ View project at https://wandb.ai/caselli-niccolo-developer-university-of-amsterdam/probe4physics
wandb: 🚀 View run at https://wandb.ai/caselli-niccolo-developer-university-of-amsterdam/probe4physics/runs/jd25ch6r
[eval.mvp] Starting eval | split_name=val split_dir=data/splits/mvp/full_60_20_20 predictor_mode=from_file annotation_file=data/annotations/mvp_full.jsonl
[eval.mvp] Loaded split assignments | split_pairs=989 split_samples=1978
[eval.mvp] Prepared samples | n_pairs_before_trim=989 n_samples_before_trim=1978 n_pairs_after_trim=989 n_samples_after_trim=1978 max_pairs=0
[eval.mvp] Generated predictions | n_predictions=1978
[eval.mvp] Scoring complete | accuracy=61.8807 pair_consistency=31.0415 n_pairs=989 n_samples=1978
[eval.mvp] Artifacts written | output_dir=artifacts/probes/mvp_probe_linear_jepa_v2_vitg_384_20260501T080343Z/layer_30/train/trial_0006/val_eval
wandb: updating run metadata
wandb: uploading wandb-summary.json; uploading config.yaml; uploading output.log
wandb: uploading output.log
wandb: 
wandb: Run history:
wandb:          epoch ▁▁▁▁▂▂▃▃▃▃▃▃▃▃▃▄▄▄▄▄▄▅▅▅▅▅▅▅▆▆▆▆▆▆▇▇▇▇▇█
wandb: train_accuracy ▁▂▃▃▃▃▄▄▃▅▄▅▅▆▆▅▆▅▇▇▅▆▇▇▇▇▇▇▇▇▇█████▇▆██
wandb:     train_loss ███▇▇▇▆▆▆▆▆▆▆▅▅▄▄▄▄▃▃▃▃▃▃▂▃▂▂▂▂▂▂▂▁▁▁▁▁▁
wandb:   val_accuracy ▂▁▁▂▄▅▄▆▂▁▁▃▆▄▆▇▇▅▇▅▅▃▆▄▆▇▇▇▅▄▇█▇▇▇▆▇█▇▇
wandb:       val_loss █▇▇▆▇▆▆▆▅▇▅▇▅▆▄▄▄▄▄▄▅▄▃▄▃▃▃▄▂▂▃▂▂▂▂▁▁▁▁▁
wandb: 
wandb: Run summary:
wandb:           best_epoch 96
wandb:    best_val_accuracy 61.88069
wandb:        best_val_loss 0.66682
wandb: checkpoint_best_path artifacts/probes/mvp...
wandb: checkpoint_last_path artifacts/probes/mvp...
wandb:      checkpoint_path artifacts/probes/mvp...
wandb:              dataset mvp
wandb:      elapsed_seconds 20.31605
wandb:                epoch 100
wandb:    feature_signature 78ea8f6e0a5c5d94
wandb:                  +22 ...
wandb: 
wandb: 🚀 View run mvp_linear_jepa_v2_vitg_384_layer_30/trial_0006 at: https://wandb.ai/caselli-niccolo-developer-university-of-amsterdam/probe4physics/runs/jd25ch6r
wandb: ⭐️ View project at: https://wandb.ai/caselli-niccolo-developer-university-of-amsterdam/probe4physics
wandb: Synced 5 W&B file(s), 0 media file(s), 0 artifact file(s) and 0 other file(s)
wandb: Find logs at: ./wandb/run-20260501_101815-jd25ch6r/logs
[I 2026-05-01 10:18:38,310] Trial 6 finished with value: 31.04145601617796 and parameters: {'lr': 8.200518402245828e-05, 'weight_decay': 3.855073690026179e-08, 'batch_size': 32}. Best is trial 2 with value: 37.71486349848331.
wandb: setting up run l0c5asjf
wandb: Tracking run with wandb version 0.26.1
wandb: Run data is saved locally in /gpfs/home3/scur0511/Probe4Physics/wandb/run-20260501_101840-l0c5asjf
wandb: Run `wandb offline` to turn off syncing.
wandb: Syncing run mvp_linear_jepa_v2_vitg_384_layer_30/trial_0007
wandb: ⭐️ View project at https://wandb.ai/caselli-niccolo-developer-university-of-amsterdam/probe4physics
wandb: 🚀 View run at https://wandb.ai/caselli-niccolo-developer-university-of-amsterdam/probe4physics/runs/l0c5asjf
wandb: updating run metadata
wandb: uploading wandb-summary.json; uploading config.yaml
wandb: 
wandb: Run history:
wandb:          epoch ▁▁▁▂▂▂▂▃▃▃▃▃▃▃▄▄▄▄▅▅▅▅▅▅▅▆▆▆▆▆▇▇▇▇▇▇▇███
wandb: train_accuracy ▁▁▂▂▂▃▃▃▃▃▃▃▃▄▄▅▅▅▅▅▄▆▆▆▆▇▆▆▆▇▇▇████████
wandb:     train_loss ██▇▇▇▆▆▆▆▆▆▅▅▅▅▄▄▄▄▄▄▄▃▃▃▃▃▃▃▂▂▂▂▂▂▁▁▁▁▁
wandb:   val_accuracy ▁▂▃▃▃▃▃▃▃▃▃▄▄▄▄▅▅▅▅▆▅▅▆▅▇▆▆▆▅▆▆▇▇▇▇▇█▇██
wandb:       val_loss █▆▆▆▅▅▅▅▅▅▄▄▄▄▄▄▃▃▃▃▃▃▃▃▃▂▂▂▂▂▂▂▂▁▁▁▁▁▁▁
wandb: 
wandb: Run summary:
wandb:          epoch 100
wandb: train_accuracy 55.31197
wandb:     train_loss 0.6874
wandb:   val_accuracy 56.92619
wandb:       val_loss 0.68733
wandb: 
wandb: 🚀 View run mvp_linear_jepa_v2_vitg_384_layer_30/trial_0007 at: https://wandb.ai/caselli-niccolo-developer-university-of-amsterdam/probe4physics/runs/l0c5asjf
wandb: ⭐️ View project at: https://wandb.ai/caselli-niccolo-developer-university-of-amsterdam/probe4physics
wandb: Synced 4 W&B file(s), 0 media file(s), 0 artifact file(s) and 0 other file(s)
wandb: Find logs at: ./wandb/run-20260501_101840-l0c5asjf/logs
[I 2026-05-01 10:18:54,354] Trial 7 pruned. Pruned at epoch 100 with val_accuracy=56.9262
wandb: setting up run ylij9aei
wandb: Tracking run with wandb version 0.26.1
wandb: Run data is saved locally in /gpfs/home3/scur0511/Probe4Physics/wandb/run-20260501_101856-ylij9aei
wandb: Run `wandb offline` to turn off syncing.
wandb: Syncing run mvp_linear_jepa_v2_vitg_384_layer_30/trial_0008
wandb: ⭐️ View project at https://wandb.ai/caselli-niccolo-developer-university-of-amsterdam/probe4physics
wandb: 🚀 View run at https://wandb.ai/caselli-niccolo-developer-university-of-amsterdam/probe4physics/runs/ylij9aei
[eval.mvp] Starting eval | split_name=val split_dir=data/splits/mvp/full_60_20_20 predictor_mode=from_file annotation_file=data/annotations/mvp_full.jsonl
[eval.mvp] Loaded split assignments | split_pairs=989 split_samples=1978
[eval.mvp] Prepared samples | n_pairs_before_trim=989 n_samples_before_trim=1978 n_pairs_after_trim=989 n_samples_after_trim=1978 max_pairs=0
[eval.mvp] Generated predictions | n_predictions=1978
[eval.mvp] Scoring complete | accuracy=63.4985 pair_consistency=35.6926 n_pairs=989 n_samples=1978
[eval.mvp] Artifacts written | output_dir=artifacts/probes/mvp_probe_linear_jepa_v2_vitg_384_20260501T080343Z/layer_30/train/trial_0008/val_eval
wandb: updating run metadata
wandb: uploading wandb-summary.json; uploading config.yaml; uploading output.log
wandb: 
wandb: Run history:
wandb:          epoch ▁▁▁▁▁▂▂▂▂▂▂▂▃▃▃▃▃▄▄▄▄▄▅▅▅▅▆▆▆▆▆▇▇▇▇▇▇▇██
wandb: train_accuracy ▁▁▂▂▃▄▄▄▄▅▅▆▅▅▅▇▆▆▆▆▆▇▇▇▇▇▆▇▇▇█████▇▇▇██
wandb:     train_loss ██▇▇▆▆▆▅▅▄▄▄▄▃▃▃▃▃▂▂▂▂▂▂▂▂▃▂▂▂▂▁▁▁▁▁▁▁▁▁
wandb:   val_accuracy ▂▂▆▅▅▃▁▆▅▁▇▄▅▇▇▆▂▄▇▅▆▆█▅▅▆▇█▆▇▅█▅██▇█▄▇▆
wandb:       val_loss ▇▆▆▆▅▆▆█▆█▅▃▅▆▄▃▇▅▇▆▃▂▃▂▄▃▃▂▂▁▁▂▁▂▂▂▃▂▆▁
wandb: 
wandb: Run summary:
wandb:           best_epoch 75
wandb:    best_val_accuracy 63.49849
wandb:        best_val_loss 0.63969
wandb: checkpoint_best_path artifacts/probes/mvp...
wandb: checkpoint_last_path artifacts/probes/mvp...
wandb:      checkpoint_path artifacts/probes/mvp...
wandb:              dataset mvp
wandb:      elapsed_seconds 20.53697
wandb:                epoch 100
wandb:    feature_signature 78ea8f6e0a5c5d94
wandb:                  +22 ...
wandb: 
wandb: 🚀 View run mvp_linear_jepa_v2_vitg_384_layer_30/trial_0008 at: https://wandb.ai/caselli-niccolo-developer-university-of-amsterdam/probe4physics/runs/ylij9aei
wandb: ⭐️ View project at: https://wandb.ai/caselli-niccolo-developer-university-of-amsterdam/probe4physics
wandb: Synced 5 W&B file(s), 0 media file(s), 0 artifact file(s) and 0 other file(s)
wandb: Find logs at: ./wandb/run-20260501_101856-ylij9aei/logs
[I 2026-05-01 10:19:18,207] Trial 8 finished with value: 35.69261880687563 and parameters: {'lr': 0.00043664735929796326, 'weight_decay': 1.2856617791467908e-07, 'batch_size': 32}. Best is trial 2 with value: 37.71486349848331.
wandb: setting up run 2skue7i7
wandb: Tracking run with wandb version 0.26.1
wandb: Run data is saved locally in /gpfs/home3/scur0511/Probe4Physics/wandb/run-20260501_101920-2skue7i7
wandb: Run `wandb offline` to turn off syncing.
wandb: Syncing run mvp_linear_jepa_v2_vitg_384_layer_30/trial_0009
wandb: ⭐️ View project at https://wandb.ai/caselli-niccolo-developer-university-of-amsterdam/probe4physics
wandb: 🚀 View run at https://wandb.ai/caselli-niccolo-developer-university-of-amsterdam/probe4physics/runs/2skue7i7
[eval.mvp] Starting eval | split_name=val split_dir=data/splits/mvp/full_60_20_20 predictor_mode=from_file annotation_file=data/annotations/mvp_full.jsonl
[eval.mvp] Loaded split assignments | split_pairs=989 split_samples=1978
[eval.mvp] Prepared samples | n_pairs_before_trim=989 n_samples_before_trim=1978 n_pairs_after_trim=989 n_samples_after_trim=1978 max_pairs=0
[eval.mvp] Generated predictions | n_predictions=1978
[eval.mvp] Scoring complete | accuracy=62.9929 pair_consistency=34.7826 n_pairs=989 n_samples=1978
[eval.mvp] Artifacts written | output_dir=artifacts/probes/mvp_probe_linear_jepa_v2_vitg_384_20260501T080343Z/layer_30/train/trial_0009/val_eval
wandb: updating run metadata
wandb: uploading config.yaml; uploading output.log; uploading wandb-summary.json
wandb: uploading history steps 0-99, summary, console lines 0-6
wandb: 
wandb: Run history:
wandb:          epoch ▁▁▁▁▁▂▂▃▃▃▃▄▄▄▄▄▄▄▄▅▅▅▅▅▆▆▆▆▆▆▇▇▇▇▇█████
wandb: train_accuracy ▁▁▁▂▂▂▂▂▃▄▅▄▄▆▆▆▆▆▆▇▆▆▇▆▇▅▇▇▇▆▇█▇▇▇▇▇▇▇█
wandb:     train_loss █▅▄▄▄▄▄▃▃▃▃▃▃▃▃▂▂▃▂▂▃▂▂▂▂▂▂▂▁▂▁▁▁▁▁▁▁▁▁▂
wandb:   val_accuracy ▁▁▃▆▂▁▇▆▄▃▆▅▅▆▆▇▇▆▄▇▆▆▇▆▄█▅▇█▇▆▇▇▆▆▇██▇▅
wandb:       val_loss █▆▅▆▆▅▅▅▆▄▄▄▄▃▃▃▄▃▂▂▄▃▂▄▂▃▂▂▂▂▂▂▂▂▂▁▁▁▁▄
wandb: 
wandb: Run summary:
wandb:           best_epoch 72
wandb:    best_val_accuracy 62.99292
wandb:        best_val_loss 0.65963
wandb: checkpoint_best_path artifacts/probes/mvp...
wandb: checkpoint_last_path artifacts/probes/mvp...
wandb:      checkpoint_path artifacts/probes/mvp...
wandb:              dataset mvp
wandb:      elapsed_seconds 10.78974
wandb:                epoch 100
wandb:    feature_signature 78ea8f6e0a5c5d94
wandb:                  +22 ...
wandb: 
wandb: 🚀 View run mvp_linear_jepa_v2_vitg_384_layer_30/trial_0009 at: https://wandb.ai/caselli-niccolo-developer-university-of-amsterdam/probe4physics/runs/2skue7i7
wandb: ⭐️ View project at: https://wandb.ai/caselli-niccolo-developer-university-of-amsterdam/probe4physics
wandb: Synced 5 W&B file(s), 0 media file(s), 0 artifact file(s) and 0 other file(s)
wandb: Find logs at: ./wandb/run-20260501_101920-2skue7i7/logs
[I 2026-05-01 10:19:32,393] Trial 9 finished with value: 34.78260869565217 and parameters: {'lr': 0.0006218704727769079, 'weight_decay': 0.0033981724150106006, 'batch_size': 256}. Best is trial 2 with value: 37.71486349848331.
wandb: setting up run cm1h449f
wandb: Tracking run with wandb version 0.26.1
wandb: Run data is saved locally in /gpfs/home3/scur0511/Probe4Physics/wandb/run-20260501_101934-cm1h449f
wandb: Run `wandb offline` to turn off syncing.
wandb: Syncing run mvp_linear_jepa_v2_vitg_384_layer_30/trial_0010
wandb: ⭐️ View project at https://wandb.ai/caselli-niccolo-developer-university-of-amsterdam/probe4physics
wandb: 🚀 View run at https://wandb.ai/caselli-niccolo-developer-university-of-amsterdam/probe4physics/runs/cm1h449f
[eval.mvp] Starting eval | split_name=val split_dir=data/splits/mvp/full_60_20_20 predictor_mode=from_file annotation_file=data/annotations/mvp_full.jsonl
[eval.mvp] Loaded split assignments | split_pairs=989 split_samples=1978
[eval.mvp] Prepared samples | n_pairs_before_trim=989 n_samples_before_trim=1978 n_pairs_after_trim=989 n_samples_after_trim=1978 max_pairs=0
[eval.mvp] Generated predictions | n_predictions=1978
[eval.mvp] Scoring complete | accuracy=64.1557 pair_consistency=36.7037 n_pairs=989 n_samples=1978
[eval.mvp] Artifacts written | output_dir=artifacts/probes/mvp_probe_linear_jepa_v2_vitg_384_20260501T080343Z/layer_30/train/trial_0010/val_eval
wandb: updating run metadata
wandb: uploading output.log; uploading wandb-summary.json; uploading config.yaml
wandb: 
wandb: Run history:
wandb:          epoch ▁▁▁▁▂▂▂▂▂▂▃▃▃▃▃▃▃▄▄▄▅▅▅▅▅▅▅▅▅▅▆▆▆▇▇▇████
wandb: train_accuracy ▁▁▂▂▃▄▄▅▅▄▃▆▅▅▆▆▅▇▅▆▇▅▅▆▇▆▇▆▇▅▇█▇▇▇▇▇▇█▆
wandb:     train_loss █▂▂▂▂▂▂▂▂▃▂▂▂▁▂▁▁▂▁▂▂▂▁▁▁▁▁▂▁▁▁▁▁▁▁▁▁▁▁▁
wandb:   val_accuracy ▁▁▅▅▆▃▂▆▅█▅▂▂▂▇▅▄▃█▆▆▇▄▆██▇▅▅█▆▆█▆█▇▆▅█▄
wandb:       val_loss █▅▃▃▄▃▂▂▂▂▃▆▄▅▄▃▃▂▂▂▅▁▃▁▂▁▂▆▁▂▂▇▁▁▂▄▁▃▂▄
wandb: 
wandb: Run summary:
wandb:           best_epoch 92
wandb:    best_val_accuracy 64.15572
wandb:        best_val_loss 0.62151
wandb: checkpoint_best_path artifacts/probes/mvp...
wandb: checkpoint_last_path artifacts/probes/mvp...
wandb:      checkpoint_path artifacts/probes/mvp...
wandb:              dataset mvp
wandb:      elapsed_seconds 11.46246
wandb:                epoch 100
wandb:    feature_signature 78ea8f6e0a5c5d94
wandb:                  +22 ...
wandb: 
wandb: 🚀 View run mvp_linear_jepa_v2_vitg_384_layer_30/trial_0010 at: https://wandb.ai/caselli-niccolo-developer-university-of-amsterdam/probe4physics/runs/cm1h449f
wandb: ⭐️ View project at: https://wandb.ai/caselli-niccolo-developer-university-of-amsterdam/probe4physics
wandb: Synced 5 W&B file(s), 0 media file(s), 0 artifact file(s) and 0 other file(s)
wandb: Find logs at: ./wandb/run-20260501_101934-cm1h449f/logs
[I 2026-05-01 10:19:47,630] Trial 10 finished with value: 36.70374115267948 and parameters: {'lr': 0.008589902259876388, 'weight_decay': 6.917735117804129e-06, 'batch_size': 256}. Best is trial 2 with value: 37.71486349848331.
wandb: setting up run 8eux0vwh
wandb: Tracking run with wandb version 0.26.1
wandb: Run data is saved locally in /gpfs/home3/scur0511/Probe4Physics/wandb/run-20260501_101949-8eux0vwh
wandb: Run `wandb offline` to turn off syncing.
wandb: Syncing run mvp_linear_jepa_v2_vitg_384_layer_30/trial_0011
wandb: ⭐️ View project at https://wandb.ai/caselli-niccolo-developer-university-of-amsterdam/probe4physics
wandb: 🚀 View run at https://wandb.ai/caselli-niccolo-developer-university-of-amsterdam/probe4physics/runs/8eux0vwh
[eval.mvp] Starting eval | split_name=val split_dir=data/splits/mvp/full_60_20_20 predictor_mode=from_file annotation_file=data/annotations/mvp_full.jsonl
[eval.mvp] Loaded split assignments | split_pairs=989 split_samples=1978
[eval.mvp] Prepared samples | n_pairs_before_trim=989 n_samples_before_trim=1978 n_pairs_after_trim=989 n_samples_after_trim=1978 max_pairs=0
[eval.mvp] Generated predictions | n_predictions=1978
[eval.mvp] Scoring complete | accuracy=64.1557 pair_consistency=38.5238 n_pairs=989 n_samples=1978
[eval.mvp] Artifacts written | output_dir=artifacts/probes/mvp_probe_linear_jepa_v2_vitg_384_20260501T080343Z/layer_30/train/trial_0011/val_eval
wandb: updating run metadata
wandb: uploading output.log; uploading wandb-summary.json; uploading config.yaml
wandb: 
wandb: Run history:
wandb:          epoch ▁▁▁▁▁▂▂▂▂▃▃▄▄▄▄▄▅▅▅▅▅▅▅▅▅▆▆▆▆▆▆▆▇▇▇▇████
wandb: train_accuracy ▁▃▂▃▄▄▅▆▅▂▅▆▄▅▃▅▆▇▇▅▆▅▇▇▆▆▆▆▇██▇█▇▆▆▇██▇
wandb:     train_loss ▇▆▆▅▅▄▄▄▄▆▅▄▄▆█▃▄▃▃▃▂▂▂▂▂▃▃▃▁▄▁▂▂▂▂▁▁▁▂▂
wandb:   val_accuracy ▁▄▁▅▁▅▄▇▁▁▆▃▂▆▆▃▇▇▅▃▅▅▆▄▇▆▆▄▃▄█▆▇▅▃▄▆▇█▅
wandb:       val_loss ▄▅▂▃▂▂▂▂▂▂▂█▆▂▂█▁▃▃▁▁▁▁▁▁▂▁▃▃▁▁▂▂▄▁▃▅▂▁▃
wandb: 
wandb: Run summary:
wandb:           best_epoch 97
wandb:    best_val_accuracy 64.15572
wandb:        best_val_loss 0.61551
wandb: checkpoint_best_path artifacts/probes/mvp...
wandb: checkpoint_last_path artifacts/probes/mvp...
wandb:      checkpoint_path artifacts/probes/mvp...
wandb:              dataset mvp
wandb:      elapsed_seconds 10.80388
wandb:                epoch 100
wandb:    feature_signature 78ea8f6e0a5c5d94
wandb:                  +22 ...
wandb: 
wandb: 🚀 View run mvp_linear_jepa_v2_vitg_384_layer_30/trial_0011 at: https://wandb.ai/caselli-niccolo-developer-university-of-amsterdam/probe4physics/runs/8eux0vwh
wandb: ⭐️ View project at: https://wandb.ai/caselli-niccolo-developer-university-of-amsterdam/probe4physics
wandb: Synced 5 W&B file(s), 0 media file(s), 0 artifact file(s) and 0 other file(s)
wandb: Find logs at: ./wandb/run-20260501_101949-8eux0vwh/logs
[I 2026-05-01 10:20:02,109] Trial 11 finished with value: 38.52376137512639 and parameters: {'lr': 0.007209809176013979, 'weight_decay': 7.505688860010938e-06, 'batch_size': 256}. Best is trial 11 with value: 38.52376137512639.
wandb: setting up run ljr3grhy
wandb: Tracking run with wandb version 0.26.1
wandb: Run data is saved locally in /gpfs/home3/scur0511/Probe4Physics/wandb/run-20260501_102004-ljr3grhy
wandb: Run `wandb offline` to turn off syncing.
wandb: Syncing run mvp_linear_jepa_v2_vitg_384_layer_30/trial_0012
wandb: ⭐️ View project at https://wandb.ai/caselli-niccolo-developer-university-of-amsterdam/probe4physics
wandb: 🚀 View run at https://wandb.ai/caselli-niccolo-developer-university-of-amsterdam/probe4physics/runs/ljr3grhy
[eval.mvp] Starting eval | split_name=val split_dir=data/splits/mvp/full_60_20_20 predictor_mode=from_file annotation_file=data/annotations/mvp_full.jsonl
[eval.mvp] Loaded split assignments | split_pairs=989 split_samples=1978
[eval.mvp] Prepared samples | n_pairs_before_trim=989 n_samples_before_trim=1978 n_pairs_after_trim=989 n_samples_after_trim=1978 max_pairs=0
[eval.mvp] Generated predictions | n_predictions=1978
[eval.mvp] Scoring complete | accuracy=64.2568 pair_consistency=38.0182 n_pairs=989 n_samples=1978
[eval.mvp] Artifacts written | output_dir=artifacts/probes/mvp_probe_linear_jepa_v2_vitg_384_20260501T080343Z/layer_30/train/trial_0012/val_eval
wandb: updating run metadata
wandb: uploading output.log; uploading wandb-summary.json; uploading config.yaml
wandb: 
wandb: Run history:
wandb:          epoch ▁▁▂▂▂▂▂▂▃▃▃▃▃▃▃▃▄▄▄▄▅▅▅▅▆▆▆▆▆▆▇▇▇▇▇▇████
wandb: train_accuracy ▁▂▂▃▃▃▃▅▄▄▆▆▅▆▇▆▇▆▆▇▇▇▇▇▆▆▇█▇▇▇▆▇▇▆▇▇███
wandb:     train_loss █▂▃▂▂▂▂▂▂▂▁▂▁▁▂▂▁▁▁▁▂▁▂▁▂▁▁▁▁▁▁▁▁▁▁▁▁▁▁▁
wandb:   val_accuracy ▁▁▂▃▄▂▅▆▄▅▅▃▂▂▅▄▄▂▂▆▆▅▄▄▇▇▆▅▇▇▆▇█▅▆███▇▇
wandb:       val_loss ▇▄▃▂▂▃▃▃▃▂█▃▄▇▂▃▄▂▃▂▂▅▂▂▂▄▂▆▂▂▂▃▁▁█▅▁▁▁▂
wandb: 
wandb: Run summary:
wandb:           best_epoch 46
wandb:    best_val_accuracy 64.25682
wandb:        best_val_loss 0.62765
wandb: checkpoint_best_path artifacts/probes/mvp...
wandb: checkpoint_last_path artifacts/probes/mvp...
wandb:      checkpoint_path artifacts/probes/mvp...
wandb:              dataset mvp
wandb:      elapsed_seconds 11.05021
wandb:                epoch 100
wandb:    feature_signature 78ea8f6e0a5c5d94
wandb:                  +22 ...
wandb: 
wandb: 🚀 View run mvp_linear_jepa_v2_vitg_384_layer_30/trial_0012 at: https://wandb.ai/caselli-niccolo-developer-university-of-amsterdam/probe4physics/runs/ljr3grhy
wandb: ⭐️ View project at: https://wandb.ai/caselli-niccolo-developer-university-of-amsterdam/probe4physics
wandb: Synced 5 W&B file(s), 0 media file(s), 0 artifact file(s) and 0 other file(s)
wandb: Find logs at: ./wandb/run-20260501_102004-ljr3grhy/logs
[I 2026-05-01 10:20:16,736] Trial 12 finished with value: 38.01820020222447 and parameters: {'lr': 0.009100816964510363, 'weight_decay': 8.964905728432176e-06, 'batch_size': 256}. Best is trial 11 with value: 38.52376137512639.
wandb: setting up run sszz02az
wandb: Tracking run with wandb version 0.26.1
wandb: Run data is saved locally in /gpfs/home3/scur0511/Probe4Physics/wandb/run-20260501_102018-sszz02az
wandb: Run `wandb offline` to turn off syncing.
wandb: Syncing run mvp_linear_jepa_v2_vitg_384_layer_30/trial_0013
wandb: ⭐️ View project at https://wandb.ai/caselli-niccolo-developer-university-of-amsterdam/probe4physics
wandb: 🚀 View run at https://wandb.ai/caselli-niccolo-developer-university-of-amsterdam/probe4physics/runs/sszz02az
[eval.mvp] Starting eval | split_name=val split_dir=data/splits/mvp/full_60_20_20 predictor_mode=from_file annotation_file=data/annotations/mvp_full.jsonl
[eval.mvp] Loaded split assignments | split_pairs=989 split_samples=1978
[eval.mvp] Prepared samples | n_pairs_before_trim=989 n_samples_before_trim=1978 n_pairs_after_trim=989 n_samples_after_trim=1978 max_pairs=0
[eval.mvp] Generated predictions | n_predictions=1978
[eval.mvp] Scoring complete | accuracy=64.4085 pair_consistency=37.1082 n_pairs=989 n_samples=1978
[eval.mvp] Artifacts written | output_dir=artifacts/probes/mvp_probe_linear_jepa_v2_vitg_384_20260501T080343Z/layer_30/train/trial_0013/val_eval
wandb: updating run metadata
wandb: uploading output.log; uploading wandb-summary.json; uploading config.yaml
wandb: 
wandb: Run history:
wandb:          epoch ▁▁▁▁▁▂▂▂▂▃▃▃▃▃▃▃▄▄▄▄▄▅▅▅▅▅▆▆▆▆▆▆▇▇▇▇████
wandb: train_accuracy ▁▂▃▅▄▆▆▆▄▄▆▆▅▅▇▆▆▆▇▇▆▇▆▆█▆▇██▇▇▆█▇▆▇█▇██
wandb:     train_loss █▂▂▂▂▁▁▂▂▁▂▁▁▂▁▂▁▁▁▁▁▁▁▁▁▁▁▁▁▁▂▁▁▁▁▁▁▁▁▁
wandb:   val_accuracy ▁▃▂▄▆▅▅▁▃▂▄▅█▅▄▇▆▂▇▇▄▅▃▇█▇▇█▅▇▄█▅▃▅█▄▇▇▆
wandb:       val_loss █▃▆▃▂▂▃▃▄▃▃▂▇▇▂▂▂▂▂▂▃▅▂▅▁▄▃▁▆▁▁▂▁▅▂▅▂▂▂▂
wandb: 
wandb: Run summary:
wandb:           best_epoch 74
wandb:    best_val_accuracy 64.40849
wandb:        best_val_loss 0.62304
wandb: checkpoint_best_path artifacts/probes/mvp...
wandb: checkpoint_last_path artifacts/probes/mvp...
wandb:      checkpoint_path artifacts/probes/mvp...
wandb:              dataset mvp
wandb:      elapsed_seconds 10.82389
wandb:                epoch 100
wandb:    feature_signature 78ea8f6e0a5c5d94
wandb:                  +22 ...
wandb: 
wandb: 🚀 View run mvp_linear_jepa_v2_vitg_384_layer_30/trial_0013 at: https://wandb.ai/caselli-niccolo-developer-university-of-amsterdam/probe4physics/runs/sszz02az
wandb: ⭐️ View project at: https://wandb.ai/caselli-niccolo-developer-university-of-amsterdam/probe4physics
wandb: Synced 5 W&B file(s), 0 media file(s), 0 artifact file(s) and 0 other file(s)
wandb: Find logs at: ./wandb/run-20260501_102018-sszz02az/logs
[I 2026-05-01 10:20:30,899] Trial 13 finished with value: 37.108190091001006 and parameters: {'lr': 0.009842176801526326, 'weight_decay': 4.423619848370371e-05, 'batch_size': 256}. Best is trial 11 with value: 38.52376137512639.
wandb: setting up run gf2cby4r
wandb: Tracking run with wandb version 0.26.1
wandb: Run data is saved locally in /gpfs/home3/scur0511/Probe4Physics/wandb/run-20260501_102032-gf2cby4r
wandb: Run `wandb offline` to turn off syncing.
wandb: Syncing run mvp_linear_jepa_v2_vitg_384_layer_30/trial_0014
wandb: ⭐️ View project at https://wandb.ai/caselli-niccolo-developer-university-of-amsterdam/probe4physics
wandb: 🚀 View run at https://wandb.ai/caselli-niccolo-developer-university-of-amsterdam/probe4physics/runs/gf2cby4r
[eval.mvp] Starting eval | split_name=val split_dir=data/splits/mvp/full_60_20_20 predictor_mode=from_file annotation_file=data/annotations/mvp_full.jsonl
[eval.mvp] Loaded split assignments | split_pairs=989 split_samples=1978
[eval.mvp] Prepared samples | n_pairs_before_trim=989 n_samples_before_trim=1978 n_pairs_after_trim=989 n_samples_after_trim=1978 max_pairs=0
[eval.mvp] Generated predictions | n_predictions=1978
[eval.mvp] Scoring complete | accuracy=64.7118 pair_consistency=39.7371 n_pairs=989 n_samples=1978
[eval.mvp] Artifacts written | output_dir=artifacts/probes/mvp_probe_linear_jepa_v2_vitg_384_20260501T080343Z/layer_30/train/trial_0014/val_eval
wandb: updating run metadata
wandb: uploading output.log; uploading wandb-summary.json; uploading config.yaml; uploading history steps 0-99, summary, console lines 0-6
wandb: 
wandb: Run history:
wandb:          epoch ▁▁▁▁▂▂▂▂▂▂▃▃▃▃▃▃▄▄▄▄▅▅▅▅▅▅▆▆▆▆▆▆▆▇▇▇▇███
wandb: train_accuracy ▁▃▃▃▄▄▄▅▅▅▅▅▅▆▆▆▆▅▅▅▆▆▅▇▇▆▇▆▇▇▇▇▇▇▇█▇▇▇▇
wandb:     train_loss █▇▇▇▆▅▅▅▅▄▅▄▄▄▄▅▄▄▃▃▄▂▂▃▃▂▂▂▂▂▂▂▂▂▂▁▂▁▃▂
wandb:   val_accuracy ▁▆▆▅▅▄▄▂▃▂▆▄▅▇▆▇▂▆▇▇▇▆▅▅▇▆▆█▆▅▆▆▆▆█▇▇▆▇█
wandb:       val_loss ▆▆▄▄▅▆▇█▃▄▂▃▃▂▂▂▂▆▃▄▃▂▂▂▂▃▁▃▆▁▁▃▂▄▄▁▂▄▂▂
wandb: 
wandb: Run summary:
wandb:           best_epoch 83
wandb:    best_val_accuracy 64.71183
wandb:        best_val_loss 0.61245
wandb: checkpoint_best_path artifacts/probes/mvp...
wandb: checkpoint_last_path artifacts/probes/mvp...
wandb:      checkpoint_path artifacts/probes/mvp...
wandb:              dataset mvp
wandb:      elapsed_seconds 14.72108
wandb:                epoch 100
wandb:    feature_signature 78ea8f6e0a5c5d94
wandb:                  +22 ...
wandb: 
wandb: 🚀 View run mvp_linear_jepa_v2_vitg_384_layer_30/trial_0014 at: https://wandb.ai/caselli-niccolo-developer-university-of-amsterdam/probe4physics/runs/gf2cby4r
wandb: ⭐️ View project at: https://wandb.ai/caselli-niccolo-developer-university-of-amsterdam/probe4physics
wandb: Synced 5 W&B file(s), 0 media file(s), 0 artifact file(s) and 0 other file(s)
wandb: Find logs at: ./wandb/run-20260501_102032-gf2cby4r/logs
[I 2026-05-01 10:20:49,263] Trial 14 finished with value: 39.737108190091 and parameters: {'lr': 0.002482076244951997, 'weight_decay': 4.037733308961697e-06, 'batch_size': 64}. Best is trial 14 with value: 39.737108190091.
wandb: setting up run s87047hp
wandb: Tracking run with wandb version 0.26.1
wandb: Run data is saved locally in /gpfs/home3/scur0511/Probe4Physics/wandb/run-20260501_102051-s87047hp
wandb: Run `wandb offline` to turn off syncing.
wandb: Syncing run mvp_linear_jepa_v2_vitg_384_layer_30/trial_0015
wandb: ⭐️ View project at https://wandb.ai/caselli-niccolo-developer-university-of-amsterdam/probe4physics
wandb: 🚀 View run at https://wandb.ai/caselli-niccolo-developer-university-of-amsterdam/probe4physics/runs/s87047hp
[eval.mvp] Starting eval | split_name=val split_dir=data/splits/mvp/full_60_20_20 predictor_mode=from_file annotation_file=data/annotations/mvp_full.jsonl
[eval.mvp] Loaded split assignments | split_pairs=989 split_samples=1978
[eval.mvp] Prepared samples | n_pairs_before_trim=989 n_samples_before_trim=1978 n_pairs_after_trim=989 n_samples_after_trim=1978 max_pairs=0
[eval.mvp] Generated predictions | n_predictions=1978
[eval.mvp] Scoring complete | accuracy=64.6107 pair_consistency=38.9282 n_pairs=989 n_samples=1978
[eval.mvp] Artifacts written | output_dir=artifacts/probes/mvp_probe_linear_jepa_v2_vitg_384_20260501T080343Z/layer_30/train/trial_0015/val_eval
wandb: updating run metadata
wandb: uploading wandb-summary.json; uploading config.yaml; uploading output.log
wandb: 
wandb: Run history:
wandb:          epoch ▁▁▁▁▁▂▂▂▂▃▃▃▃▄▄▄▄▄▄▅▅▅▆▆▆▆▆▆▆▆▇▇▇▇▇▇▇███
wandb: train_accuracy ▁▂▃▄▄▅▅▆▅▅▅▆▆▆▆▆▆▆▇▆▆▇▆▆▆▇▇▇▇▇▇▇▇▇█▇█▇▇█
wandb:     train_loss █▇▇▆▆▆▅▅▄▄▅▄▄▄▄▃▃▄▄▃▃▃▅▂▃▂▂▂▂▂▂▂▁▂▁▂▂▁▁▁
wandb:   val_accuracy ▂▂▄▃▅▂▁▄▁▆▇▅▅▅█▆▆▄▆▇█▄▆▆▄▆█▇▅▆▇▆██▆▇▅▇▇▇
wandb:       val_loss ▄▃▄▃▂▂▄▂▃▃▃▂▂▂▂▂▆▂▂▂▂▂▃█▄▂▃▂▄▁▁▄▃▁▂▄▂▂▃▂
wandb: 
wandb: Run summary:
wandb:           best_epoch 74
wandb:    best_val_accuracy 64.61072
wandb:        best_val_loss 0.61767
wandb: checkpoint_best_path artifacts/probes/mvp...
wandb: checkpoint_last_path artifacts/probes/mvp...
wandb:      checkpoint_path artifacts/probes/mvp...
wandb:              dataset mvp
wandb:      elapsed_seconds 14.46543
wandb:                epoch 100
wandb:    feature_signature 78ea8f6e0a5c5d94
wandb:                  +22 ...
wandb: 
wandb: 🚀 View run mvp_linear_jepa_v2_vitg_384_layer_30/trial_0015 at: https://wandb.ai/caselli-niccolo-developer-university-of-amsterdam/probe4physics/runs/s87047hp
wandb: ⭐️ View project at: https://wandb.ai/caselli-niccolo-developer-university-of-amsterdam/probe4physics
wandb: Synced 5 W&B file(s), 0 media file(s), 0 artifact file(s) and 0 other file(s)
wandb: Find logs at: ./wandb/run-20260501_102051-s87047hp/logs
[I 2026-05-01 10:21:07,278] Trial 15 finished with value: 38.92821031344793 and parameters: {'lr': 0.002090881127049718, 'weight_decay': 4.6914282310115686e-05, 'batch_size': 64}. Best is trial 14 with value: 39.737108190091.
wandb: setting up run yob4t664
wandb: Tracking run with wandb version 0.26.1
wandb: Run data is saved locally in /gpfs/home3/scur0511/Probe4Physics/wandb/run-20260501_102109-yob4t664
wandb: Run `wandb offline` to turn off syncing.
wandb: Syncing run mvp_linear_jepa_v2_vitg_384_layer_30/trial_0016
wandb: ⭐️ View project at https://wandb.ai/caselli-niccolo-developer-university-of-amsterdam/probe4physics
wandb: 🚀 View run at https://wandb.ai/caselli-niccolo-developer-university-of-amsterdam/probe4physics/runs/yob4t664
[eval.mvp] Starting eval | split_name=val split_dir=data/splits/mvp/full_60_20_20 predictor_mode=from_file annotation_file=data/annotations/mvp_full.jsonl
[eval.mvp] Loaded split assignments | split_pairs=989 split_samples=1978
[eval.mvp] Prepared samples | n_pairs_before_trim=989 n_samples_before_trim=1978 n_pairs_after_trim=989 n_samples_after_trim=1978 max_pairs=0
[eval.mvp] Generated predictions | n_predictions=1978
[eval.mvp] Scoring complete | accuracy=64.3074 pair_consistency=35.6926 n_pairs=989 n_samples=1978
[eval.mvp] Artifacts written | output_dir=artifacts/probes/mvp_probe_linear_jepa_v2_vitg_384_20260501T080343Z/layer_30/train/trial_0016/val_eval
wandb: updating run metadata
wandb: uploading output.log; uploading wandb-summary.json; uploading config.yaml
wandb: 
wandb: Run history:
wandb:          epoch ▁▁▁▁▂▂▂▂▂▂▂▃▃▃▃▄▄▄▄▄▅▅▅▅▅▆▆▆▆▆▆▇▇▇▇▇▇▇██
wandb: train_accuracy ▁▁▂▃▃▅▄▅▆▃▅▄▅▆▆▅▆▅▆▆▇▇▆▇▆▇█▇▇▇▆▇▇███████
wandb:     train_loss ██▇▇▇▇▆▅▅▅▅▅▄▄▄▄▅▄▃▃▄▃▃▅▃▃▂▃▂▂▂▃▂▂▁▁▂▁▂▂
wandb:   val_accuracy ▁▅▁▅▄▆▆▃▇▅▄▆█▅▇▅▆▇▆█▅▄▅▇▆▆▇▇▆▆▆▆▇▄▇▆██▆█
wandb:       val_loss ▄▄▃▃▃▃▃▄▂▄▃▂▂▃▃▂▅▂▂▂▃▃▂█▃▁▃▂▁▄▂▁▂▁▁▃▃▃▂▂
wandb: 
wandb: Run summary:
wandb:           best_epoch 85
wandb:    best_val_accuracy 64.30738
wandb:        best_val_loss 0.62518
wandb: checkpoint_best_path artifacts/probes/mvp...
wandb: checkpoint_last_path artifacts/probes/mvp...
wandb:      checkpoint_path artifacts/probes/mvp...
wandb:              dataset mvp
wandb:      elapsed_seconds 14.62363
wandb:                epoch 100
wandb:    feature_signature 78ea8f6e0a5c5d94
wandb:                  +22 ...
wandb: 
wandb: 🚀 View run mvp_linear_jepa_v2_vitg_384_layer_30/trial_0016 at: https://wandb.ai/caselli-niccolo-developer-university-of-amsterdam/probe4physics/runs/yob4t664
wandb: ⭐️ View project at: https://wandb.ai/caselli-niccolo-developer-university-of-amsterdam/probe4physics
wandb: Synced 5 W&B file(s), 0 media file(s), 0 artifact file(s) and 0 other file(s)
wandb: Find logs at: ./wandb/run-20260501_102109-yob4t664/logs
[I 2026-05-01 10:21:25,479] Trial 16 finished with value: 35.69261880687563 and parameters: {'lr': 0.0018225719909147637, 'weight_decay': 0.00010454553875624983, 'batch_size': 64}. Best is trial 14 with value: 39.737108190091.
wandb: setting up run 0yfi7z5r
wandb: Tracking run with wandb version 0.26.1
wandb: Run data is saved locally in /gpfs/home3/scur0511/Probe4Physics/wandb/run-20260501_102127-0yfi7z5r
wandb: Run `wandb offline` to turn off syncing.
wandb: Syncing run mvp_linear_jepa_v2_vitg_384_layer_30/trial_0017
wandb: ⭐️ View project at https://wandb.ai/caselli-niccolo-developer-university-of-amsterdam/probe4physics
wandb: 🚀 View run at https://wandb.ai/caselli-niccolo-developer-university-of-amsterdam/probe4physics/runs/0yfi7z5r
[eval.mvp] Starting eval | split_name=val split_dir=data/splits/mvp/full_60_20_20 predictor_mode=from_file annotation_file=data/annotations/mvp_full.jsonl
[eval.mvp] Loaded split assignments | split_pairs=989 split_samples=1978
[eval.mvp] Prepared samples | n_pairs_before_trim=989 n_samples_before_trim=1978 n_pairs_after_trim=989 n_samples_after_trim=1978 max_pairs=0
[eval.mvp] Generated predictions | n_predictions=1978
[eval.mvp] Scoring complete | accuracy=64.4085 pair_consistency=35.8948 n_pairs=989 n_samples=1978
[eval.mvp] Artifacts written | output_dir=artifacts/probes/mvp_probe_linear_jepa_v2_vitg_384_20260501T080343Z/layer_30/train/trial_0017/val_eval
wandb: updating run metadata
wandb: uploading config.yaml; uploading output.log; uploading wandb-summary.json
wandb: 
wandb: Run history:
wandb:          epoch ▁▁▁▁▁▂▂▂▂▂▂▂▃▃▃▃▃▃▄▄▄▄▄▄▅▅▅▅▅▅▆▆▆▆▇▇▇▇██
wandb: train_accuracy ▁▂▄▄▅▄▄▅▃▅▆▅▆▅▆▆▇▆▆▇▆▇▇▇▆▇▇▇▇▇▇▇█▇▇▇▇▇▇▇
wandb:     train_loss █▇▇▆▆▆▅▆▆▆▄▄▄▄▄▃▄▃▃▃▃▅▃▃▂▂▂▂▃▂▂▂▂▁▁▁▂▃▁▁
wandb:   val_accuracy ▄▁▄▃▅▅▃▅▁▃▅▇▆▇▂▄▇▆▂█▅█▆▅▅▇▆▆▄▄▇█▇▆██▆▆█▇
wandb:       val_loss ▇▇▅▅▅▅▄▃█▅▆▃▃▃▅▅▃▂▅▂▇▃▆▂▂▅▃▁▃▄▇▂▅▂▂▁▁▃▄▂
wandb: 
wandb: Run summary:
wandb:           best_epoch 85
wandb:    best_val_accuracy 64.40849
wandb:        best_val_loss 0.62552
wandb: checkpoint_best_path artifacts/probes/mvp...
wandb: checkpoint_last_path artifacts/probes/mvp...
wandb:      checkpoint_path artifacts/probes/mvp...
wandb:              dataset mvp
wandb:      elapsed_seconds 14.66648
wandb:                epoch 100
wandb:    feature_signature 78ea8f6e0a5c5d94
wandb:                  +22 ...
wandb: 
wandb: 🚀 View run mvp_linear_jepa_v2_vitg_384_layer_30/trial_0017 at: https://wandb.ai/caselli-niccolo-developer-university-of-amsterdam/probe4physics/runs/0yfi7z5r
wandb: ⭐️ View project at: https://wandb.ai/caselli-niccolo-developer-university-of-amsterdam/probe4physics
wandb: Synced 5 W&B file(s), 0 media file(s), 0 artifact file(s) and 0 other file(s)
wandb: Find logs at: ./wandb/run-20260501_102127-0yfi7z5r/logs
[I 2026-05-01 10:21:43,489] Trial 17 finished with value: 35.8948432760364 and parameters: {'lr': 0.0018031624987590918, 'weight_decay': 1.5766506247230586e-06, 'batch_size': 64}. Best is trial 14 with value: 39.737108190091.
wandb: setting up run qjc4v8hh
wandb: Tracking run with wandb version 0.26.1
wandb: Run data is saved locally in /gpfs/home3/scur0511/Probe4Physics/wandb/run-20260501_102145-qjc4v8hh
wandb: Run `wandb offline` to turn off syncing.
wandb: Syncing run mvp_linear_jepa_v2_vitg_384_layer_30/trial_0018
wandb: ⭐️ View project at https://wandb.ai/caselli-niccolo-developer-university-of-amsterdam/probe4physics
wandb: 🚀 View run at https://wandb.ai/caselli-niccolo-developer-university-of-amsterdam/probe4physics/runs/qjc4v8hh
[eval.mvp] Starting eval | split_name=val split_dir=data/splits/mvp/full_60_20_20 predictor_mode=from_file annotation_file=data/annotations/mvp_full.jsonl
[eval.mvp] Loaded split assignments | split_pairs=989 split_samples=1978
[eval.mvp] Prepared samples | n_pairs_before_trim=989 n_samples_before_trim=1978 n_pairs_after_trim=989 n_samples_after_trim=1978 max_pairs=0
[eval.mvp] Generated predictions | n_predictions=1978
[eval.mvp] Scoring complete | accuracy=64.0546 pair_consistency=38.9282 n_pairs=989 n_samples=1978
[eval.mvp] Artifacts written | output_dir=artifacts/probes/mvp_probe_linear_jepa_v2_vitg_384_20260501T080343Z/layer_30/train/trial_0018/val_eval
wandb: updating run metadata
wandb: uploading history steps 0-99, summary, console lines 0-6; uploading output.log; uploading wandb-summary.json; uploading config.yaml
wandb: 
wandb: Run history:
wandb:          epoch ▁▁▁▁▁▂▂▂▂▂▃▃▃▃▃▄▄▄▄▄▄▄▄▄▅▅▅▅▆▆▆▆▆▇▇▇▇███
wandb: train_accuracy ▁▃▃▃▄▅▄▄▅▅▅▆▅▆▆▆▆▇▆▇▆▆▇▇▇▇▇▇█▇██▇█████▇▇
wandb:     train_loss █▇▇▇▇▆▇▆▆▆▇▅▄▄▄▄▄▄▄▃▄▃▄▄▂▂▂▃▂▂▂▁▂▁▂▂▁▂▂▂
wandb:   val_accuracy ▃▂▆▄▃▆▆▅▄▂▁▅▆▄▅▆▇▆▇▇▇▄▄▆▆▇▇▆█▆▇▇█▇█▆▇█▆█
wandb:       val_loss ▇▅▅▅▅▄▄▅▇█▇▅▃▃▃▃▄▅▆▃▃▆▂▂▂▂▂▃▂▂▂▂▄▁▁▁▂▃▁▁
wandb: 
wandb: Run summary:
wandb:           best_epoch 84
wandb:    best_val_accuracy 64.0546
wandb:        best_val_loss 0.62321
wandb: checkpoint_best_path artifacts/probes/mvp...
wandb: checkpoint_last_path artifacts/probes/mvp...
wandb:      checkpoint_path artifacts/probes/mvp...
wandb:              dataset mvp
wandb:      elapsed_seconds 14.9066
wandb:                epoch 100
wandb:    feature_signature 78ea8f6e0a5c5d94
wandb:                  +22 ...
wandb: 
wandb: 🚀 View run mvp_linear_jepa_v2_vitg_384_layer_30/trial_0018 at: https://wandb.ai/caselli-niccolo-developer-university-of-amsterdam/probe4physics/runs/qjc4v8hh
wandb: ⭐️ View project at: https://wandb.ai/caselli-niccolo-developer-university-of-amsterdam/probe4physics
wandb: Synced 5 W&B file(s), 0 media file(s), 0 artifact file(s) and 0 other file(s)
wandb: Find logs at: ./wandb/run-20260501_102145-qjc4v8hh/logs
[I 2026-05-01 10:22:02,089] Trial 18 finished with value: 38.92821031344793 and parameters: {'lr': 0.0012690764532532696, 'weight_decay': 0.00012737863159352215, 'batch_size': 64}. Best is trial 14 with value: 39.737108190091.
wandb: setting up run sldeposi
wandb: Tracking run with wandb version 0.26.1
wandb: Run data is saved locally in /gpfs/home3/scur0511/Probe4Physics/wandb/run-20260501_102203-sldeposi
wandb: Run `wandb offline` to turn off syncing.
wandb: Syncing run mvp_linear_jepa_v2_vitg_384_layer_30/trial_0019
wandb: ⭐️ View project at https://wandb.ai/caselli-niccolo-developer-university-of-amsterdam/probe4physics
wandb: 🚀 View run at https://wandb.ai/caselli-niccolo-developer-university-of-amsterdam/probe4physics/runs/sldeposi
[eval.mvp] Starting eval | split_name=val split_dir=data/splits/mvp/full_60_20_20 predictor_mode=from_file annotation_file=data/annotations/mvp_full.jsonl
[eval.mvp] Loaded split assignments | split_pairs=989 split_samples=1978
[eval.mvp] Prepared samples | n_pairs_before_trim=989 n_samples_before_trim=1978 n_pairs_after_trim=989 n_samples_after_trim=1978 max_pairs=0
[eval.mvp] Generated predictions | n_predictions=1978
[eval.mvp] Scoring complete | accuracy=64.7624 pair_consistency=36.4004 n_pairs=989 n_samples=1978
[eval.mvp] Artifacts written | output_dir=artifacts/probes/mvp_probe_linear_jepa_v2_vitg_384_20260501T080343Z/layer_30/train/trial_0019/val_eval
wandb: updating run metadata
wandb: uploading output.log; uploading wandb-summary.json; uploading config.yaml; uploading history steps 0-99, summary, console lines 0-6
wandb: uploading data
wandb: 
wandb: Run history:
wandb:          epoch ▁▁▁▁▂▂▂▂▃▃▃▃▃▃▃▄▄▄▄▄▄▅▅▅▅▅▅▆▆▆▇▇▇▇▇▇▇███
wandb: train_accuracy ▁▂▃▃▄▄▅▄▃▅▆▅▅▆▆▆▅▆▇▇▆▆▇▆▇▇▇▆▇█▇▇▇▇█▇▆▇██
wandb:     train_loss █▇▆▆▇▅▅▄▅▆▅▅▃▄▄▄▃▃▃▄▃▃▃▃▂▃▂▃▃▃▂▃▂▂▂▂▁▃▁▂
wandb:   val_accuracy ▁▅▅▄▆▇▃▇▇▇▂▅▇▇▇▇▆▄▇█▇▅▆▆▇█▅▇▇▆▆▇▇█▆▅▇███
wandb:       val_loss █▄▄▄▄▃▃▅▃▃▂▂▄▄▃▂▂▂▂▂▃▆▁▃▄▁▁▁█▁▂▂▄▅▃▂▂▁▁▂
wandb: 
wandb: Run summary:
wandb:           best_epoch 85
wandb:    best_val_accuracy 64.76238
wandb:        best_val_loss 0.62364
wandb: checkpoint_best_path artifacts/probes/mvp...
wandb: checkpoint_last_path artifacts/probes/mvp...
wandb:      checkpoint_path artifacts/probes/mvp...
wandb:              dataset mvp
wandb:      elapsed_seconds 14.66462
wandb:                epoch 100
wandb:    feature_signature 78ea8f6e0a5c5d94
wandb:                  +22 ...
wandb: 
wandb: 🚀 View run mvp_linear_jepa_v2_vitg_384_layer_30/trial_0019 at: https://wandb.ai/caselli-niccolo-developer-university-of-amsterdam/probe4physics/runs/sldeposi
wandb: ⭐️ View project at: https://wandb.ai/caselli-niccolo-developer-university-of-amsterdam/probe4physics
wandb: Synced 5 W&B file(s), 0 media file(s), 0 artifact file(s) and 0 other file(s)
wandb: Find logs at: ./wandb/run-20260501_102203-sldeposi/logs
[I 2026-05-01 10:22:20,550] Trial 19 finished with value: 36.400404448938325 and parameters: {'lr': 0.0034370991615105336, 'weight_decay': 1.8836066911977467e-06, 'batch_size': 64}. Best is trial 14 with value: 39.737108190091.
[eval.mvp] Starting eval | split_name=train split_dir=data/splits/mvp/full_60_20_20 predictor_mode=from_file annotation_file=data/annotations/mvp_full.jsonl
[eval.mvp] Loaded split assignments | split_pairs=2965 split_samples=5930
[eval.mvp] Prepared samples | n_pairs_before_trim=2965 n_samples_before_trim=5930 n_pairs_after_trim=2965 n_samples_after_trim=5930 max_pairs=0
[eval.mvp] Generated predictions | n_predictions=5930
[eval.mvp] Scoring complete | accuracy=68.9713 pair_consistency=46.0034 n_pairs=2965 n_samples=5930
[eval.mvp] Artifacts written | output_dir=artifacts/probes/mvp_probe_linear_jepa_v2_vitg_384_20260501T080343Z/layer_30/eval/train
[eval.mvp] Starting eval | split_name=val split_dir=data/splits/mvp/full_60_20_20 predictor_mode=from_file annotation_file=data/annotations/mvp_full.jsonl
[eval.mvp] Loaded split assignments | split_pairs=989 split_samples=1978
[eval.mvp] Prepared samples | n_pairs_before_trim=989 n_samples_before_trim=1978 n_pairs_after_trim=989 n_samples_after_trim=1978 max_pairs=0
[eval.mvp] Generated predictions | n_predictions=1978
[eval.mvp] Scoring complete | accuracy=64.7118 pair_consistency=39.7371 n_pairs=989 n_samples=1978
[eval.mvp] Artifacts written | output_dir=artifacts/probes/mvp_probe_linear_jepa_v2_vitg_384_20260501T080343Z/layer_30/eval/val
[eval.mvp] Starting eval | split_name=test split_dir=data/splits/mvp/full_60_20_20 predictor_mode=from_file annotation_file=data/annotations/mvp_full.jsonl
[eval.mvp] Loaded split assignments | split_pairs=989 split_samples=1978
[eval.mvp] Prepared samples | n_pairs_before_trim=989 n_samples_before_trim=1978 n_pairs_after_trim=989 n_samples_after_trim=1978 max_pairs=0
[eval.mvp] Generated predictions | n_predictions=1978
[eval.mvp] Scoring complete | accuracy=65.8241 pair_consistency=40.9505 n_pairs=989 n_samples=1978
[eval.mvp] Artifacts written | output_dir=artifacts/probes/mvp_probe_linear_jepa_v2_vitg_384_20260501T080343Z/layer_30/eval/test
[I 2026-05-01 10:22:25,110] A new study created in RDB with name: mvp_linear_jepa_v2_vitg_384_layer_40
wandb: setting up run 7ic7uda8
wandb: Tracking run with wandb version 0.26.1
wandb: Run data is saved locally in /gpfs/home3/scur0511/Probe4Physics/wandb/run-20260501_102226-7ic7uda8
wandb: Run `wandb offline` to turn off syncing.
wandb: Syncing run mvp_linear_jepa_v2_vitg_384_layer_40/trial_0000
wandb: ⭐️ View project at https://wandb.ai/caselli-niccolo-developer-university-of-amsterdam/probe4physics
wandb: 🚀 View run at https://wandb.ai/caselli-niccolo-developer-university-of-amsterdam/probe4physics/runs/7ic7uda8
[eval.mvp] Starting eval | split_name=val split_dir=data/splits/mvp/full_60_20_20 predictor_mode=from_file annotation_file=data/annotations/mvp_full.jsonl
[eval.mvp] Loaded split assignments | split_pairs=989 split_samples=1978
[eval.mvp] Prepared samples | n_pairs_before_trim=989 n_samples_before_trim=1978 n_pairs_after_trim=989 n_samples_after_trim=1978 max_pairs=0
[eval.mvp] Generated predictions | n_predictions=1978
[eval.mvp] Scoring complete | accuracy=67.7958 pair_consistency=43.6805 n_pairs=989 n_samples=1978
[eval.mvp] Artifacts written | output_dir=artifacts/probes/mvp_probe_linear_jepa_v2_vitg_384_20260501T080343Z/layer_40/train/trial_0000/val_eval
wandb: updating run metadata
wandb: uploading output.log; uploading wandb-summary.json; uploading config.yaml
wandb: uploading history steps 85-99, summary, console lines 0-6
wandb: 
wandb: Run history:
wandb:          epoch ▁▁▁▁▁▁▂▂▂▂▃▃▃▃▄▄▄▄▄▄▅▅▅▅▅▅▆▆▆▆▇▇▇▇▇▇▇███
wandb: train_accuracy ▁▂▃▃▄▄▅▅▅▅▆▆▆▆▇▇▇▇▇▇▇▇▇▇▇▇▇▇▇▇▇▇█▇▇▇████
wandb:     train_loss ██▇▇▆▆▆▆▅▅▅▅▅▅▄▄▄▄▄▄▃▃▃▃▃▂▂▂▂▂▂▂▂▂▁▁▁▁▁▁
wandb:   val_accuracy ▁▂▅▆▄▃▅▅▄▅▇▆▄▇▆▆▆▇▆▆▆█▇▇▇█▇▇█▇█▇▆▇▇██▇█▆
wandb:       val_loss █▇▇▇▇▆▆▅▅▆▅▆▅▅▄▄▅▄▄▄▃▃▃▃▃▂▃▂▂▃▂▂▂▂▂▁▁▁▁▁
wandb: 
wandb: Run summary:
wandb:           best_epoch 95
wandb:    best_val_accuracy 67.79575
wandb:        best_val_loss 0.60558
wandb: checkpoint_best_path artifacts/probes/mvp...
wandb: checkpoint_last_path artifacts/probes/mvp...
wandb:      checkpoint_path artifacts/probes/mvp...
wandb:              dataset mvp
wandb:      elapsed_seconds 20.32865
wandb:                epoch 100
wandb:    feature_signature 78ea8f6e0a5c5d94
wandb:                  +22 ...
wandb: 
wandb: 🚀 View run mvp_linear_jepa_v2_vitg_384_layer_40/trial_0000 at: https://wandb.ai/caselli-niccolo-developer-university-of-amsterdam/probe4physics/runs/7ic7uda8
wandb: ⭐️ View project at: https://wandb.ai/caselli-niccolo-developer-university-of-amsterdam/probe4physics
wandb: Synced 5 W&B file(s), 0 media file(s), 0 artifact file(s) and 0 other file(s)
wandb: Find logs at: ./wandb/run-20260501_102226-7ic7uda8/logs
[I 2026-05-01 10:22:49,111] Trial 0 finished with value: 43.68048533872599 and parameters: {'lr': 0.0001329291894316216, 'weight_decay': 0.005061576888752304, 'batch_size': 32}. Best is trial 0 with value: 43.68048533872599.
wandb: setting up run 1bbhkfbs
wandb: Tracking run with wandb version 0.26.1
wandb: Run data is saved locally in /gpfs/home3/scur0511/Probe4Physics/wandb/run-20260501_102251-1bbhkfbs
wandb: Run `wandb offline` to turn off syncing.
wandb: Syncing run mvp_linear_jepa_v2_vitg_384_layer_40/trial_0001
wandb: ⭐️ View project at https://wandb.ai/caselli-niccolo-developer-university-of-amsterdam/probe4physics
wandb: 🚀 View run at https://wandb.ai/caselli-niccolo-developer-university-of-amsterdam/probe4physics/runs/1bbhkfbs
[eval.mvp] Starting eval | split_name=val split_dir=data/splits/mvp/full_60_20_20 predictor_mode=from_file annotation_file=data/annotations/mvp_full.jsonl
[eval.mvp] Loaded split assignments | split_pairs=989 split_samples=1978
[eval.mvp] Prepared samples | n_pairs_before_trim=989 n_samples_before_trim=1978 n_pairs_after_trim=989 n_samples_after_trim=1978 max_pairs=0
[eval.mvp] Generated predictions | n_predictions=1978
[eval.mvp] Scoring complete | accuracy=58.7462 pair_consistency=25.8847 n_pairs=989 n_samples=1978
[eval.mvp] Artifacts written | output_dir=artifacts/probes/mvp_probe_linear_jepa_v2_vitg_384_20260501T080343Z/layer_40/train/trial_0001/val_eval
wandb: updating run metadata
wandb: uploading output.log; uploading wandb-summary.json; uploading config.yaml
wandb: 
wandb: Run history:
wandb:          epoch ▁▁▂▂▂▂▂▃▃▃▄▄▄▄▄▄▄▄▅▅▅▅▅▅▅▆▆▆▆▆▇▇▇▇▇█████
wandb: train_accuracy ▁▁▁▁▁▂▂▂▂▃▃▃▃▃▄▄▄▅▅▄▅▅▆▆▆▆▆▇▆▇▇▇▇▇▇▇████
wandb:     train_loss █▃▃▃▃▃▃▂▂▂▂▂▂▂▂▂▂▂▂▂▂▂▂▂▂▂▁▁▁▁▁▁▁▁▁▁▁▁▁▁
wandb:   val_accuracy ▁▂▂▁▁▂▃▃▃▃▃▃▃▄▅▄▅▅▅▅▅▆▆▅▆▆▆▆▇▇▇▆▇▇▇▇▇███
wandb:       val_loss █▇▆▆▆▆▅▅▅▅▅▅▅▄▄▄▄▄▃▃▃▃▃▃▃▃▂▂▂▂▂▂▂▂▂▂▂▂▁▁
wandb: 
wandb: Run summary:
wandb:           best_epoch 100
wandb:    best_val_accuracy 58.74621
wandb:        best_val_loss 0.67988
wandb: checkpoint_best_path artifacts/probes/mvp...
wandb: checkpoint_last_path artifacts/probes/mvp...
wandb:      checkpoint_path artifacts/probes/mvp...
wandb:              dataset mvp
wandb:      elapsed_seconds 10.77374
wandb:                epoch 100
wandb:    feature_signature 78ea8f6e0a5c5d94
wandb:                  +22 ...
wandb: 
wandb: 🚀 View run mvp_linear_jepa_v2_vitg_384_layer_40/trial_0001 at: https://wandb.ai/caselli-niccolo-developer-university-of-amsterdam/probe4physics/runs/1bbhkfbs
wandb: ⭐️ View project at: https://wandb.ai/caselli-niccolo-developer-university-of-amsterdam/probe4physics
wandb: Synced 5 W&B file(s), 0 media file(s), 0 artifact file(s) and 0 other file(s)
wandb: Find logs at: ./wandb/run-20260501_102251-1bbhkfbs/logs
[I 2026-05-01 10:23:03,468] Trial 1 finished with value: 25.884732052578364 and parameters: {'lr': 1.493656855461762e-05, 'weight_decay': 0.0015741890047456662, 'batch_size': 256}. Best is trial 0 with value: 43.68048533872599.
wandb: setting up run u6k64xn4
wandb: Tracking run with wandb version 0.26.1
wandb: Run data is saved locally in /gpfs/home3/scur0511/Probe4Physics/wandb/run-20260501_102305-u6k64xn4
wandb: Run `wandb offline` to turn off syncing.
wandb: Syncing run mvp_linear_jepa_v2_vitg_384_layer_40/trial_0002
wandb: ⭐️ View project at https://wandb.ai/caselli-niccolo-developer-university-of-amsterdam/probe4physics
wandb: 🚀 View run at https://wandb.ai/caselli-niccolo-developer-university-of-amsterdam/probe4physics/runs/u6k64xn4
[eval.mvp] Starting eval | split_name=val split_dir=data/splits/mvp/full_60_20_20 predictor_mode=from_file annotation_file=data/annotations/mvp_full.jsonl
[eval.mvp] Loaded split assignments | split_pairs=989 split_samples=1978
[eval.mvp] Prepared samples | n_pairs_before_trim=989 n_samples_before_trim=1978 n_pairs_after_trim=989 n_samples_after_trim=1978 max_pairs=0
[eval.mvp] Generated predictions | n_predictions=1978
[eval.mvp] Scoring complete | accuracy=69.2619 pair_consistency=47.3205 n_pairs=989 n_samples=1978
[eval.mvp] Artifacts written | output_dir=artifacts/probes/mvp_probe_linear_jepa_v2_vitg_384_20260501T080343Z/layer_40/train/trial_0002/val_eval
wandb: updating run metadata
wandb: uploading wandb-summary.json; uploading config.yaml; uploading output.log
wandb: uploading history steps 0-99, summary, console lines 0-6
wandb: 
wandb: Run history:
wandb:          epoch ▁▁▁▁▂▂▂▂▂▂▃▃▃▃▄▄▄▄▄▄▅▅▅▅▆▆▆▆▆▆▇▇▇▇▇▇████
wandb: train_accuracy ▁▃▄▃▅▅▆▆▅▆▅▆▆▆▇▇▆▇▇▇▇▇▇█▇█▇▆▇█▇▇▇█▇█▇██▇
wandb:     train_loss █▄▄▃▃▃▃▃▂▂▃▂▂▂▂▂▂▂▂▂▂▂▁▁▂▂▂▂▁▁▂▁▂▁▁▂▁▁▁▁
wandb:   val_accuracy ▁▁▃▄▅▆▇▇▁▇▇▇▇▇▇▅▆▆██▇▇▇██▆▇▇▆▇▇█▇█▇▇▆█▇█
wandb:       val_loss ▄▅▄▄▃▃▃▂█▃▂▄▆▃▃▂▂▃▂▂▂▂▂▁▃▁▂▃▁▁▂▂▁▁▁▁▁▃▃▂
wandb: 
wandb: Run summary:
wandb:           best_epoch 92
wandb:    best_val_accuracy 69.26188
wandb:        best_val_loss 0.56871
wandb: checkpoint_best_path artifacts/probes/mvp...
wandb: checkpoint_last_path artifacts/probes/mvp...
wandb:      checkpoint_path artifacts/probes/mvp...
wandb:              dataset mvp
wandb:      elapsed_seconds 11.17873
wandb:                epoch 100
wandb:    feature_signature 78ea8f6e0a5c5d94
wandb:                  +22 ...
wandb: 
wandb: 🚀 View run mvp_linear_jepa_v2_vitg_384_layer_40/trial_0002 at: https://wandb.ai/caselli-niccolo-developer-university-of-amsterdam/probe4physics/runs/u6k64xn4
wandb: ⭐️ View project at: https://wandb.ai/caselli-niccolo-developer-university-of-amsterdam/probe4physics
wandb: Synced 5 W&B file(s), 0 media file(s), 0 artifact file(s) and 0 other file(s)
wandb: Find logs at: ./wandb/run-20260501_102305-u6k64xn4/logs
[I 2026-05-01 10:23:18,231] Trial 2 finished with value: 47.320525783619814 and parameters: {'lr': 0.00314288089084011, 'weight_decay': 1.879466824163843e-07, 'batch_size': 256}. Best is trial 2 with value: 47.320525783619814.
wandb: setting up run 6kh50srt
wandb: Tracking run with wandb version 0.26.1
wandb: Run data is saved locally in /gpfs/home3/scur0511/Probe4Physics/wandb/run-20260501_102320-6kh50srt
wandb: Run `wandb offline` to turn off syncing.
wandb: Syncing run mvp_linear_jepa_v2_vitg_384_layer_40/trial_0003
wandb: ⭐️ View project at https://wandb.ai/caselli-niccolo-developer-university-of-amsterdam/probe4physics
wandb: 🚀 View run at https://wandb.ai/caselli-niccolo-developer-university-of-amsterdam/probe4physics/runs/6kh50srt
[eval.mvp] Starting eval | split_name=val split_dir=data/splits/mvp/full_60_20_20 predictor_mode=from_file annotation_file=data/annotations/mvp_full.jsonl
[eval.mvp] Loaded split assignments | split_pairs=989 split_samples=1978
[eval.mvp] Prepared samples | n_pairs_before_trim=989 n_samples_before_trim=1978 n_pairs_after_trim=989 n_samples_after_trim=1978 max_pairs=0
[eval.mvp] Generated predictions | n_predictions=1978
[eval.mvp] Scoring complete | accuracy=68.5541 pair_consistency=44.9949 n_pairs=989 n_samples=1978
[eval.mvp] Artifacts written | output_dir=artifacts/probes/mvp_probe_linear_jepa_v2_vitg_384_20260501T080343Z/layer_40/train/trial_0003/val_eval
wandb: updating run metadata
wandb: uploading output.log; uploading wandb-summary.json; uploading config.yaml
wandb: 
wandb: Run history:
wandb:          epoch ▁▁▁▂▂▂▃▃▃▃▃▃▃▃▄▄▄▄▄▄▅▅▅▅▅▅▆▆▆▆▇▇▇▇▇▇▇▇▇█
wandb: train_accuracy ▁▂▄▅▅▅▅▅▅▅▅▅▆▆▇▆▆▆▇▇▇▇▇▇▇▇▇▇▇▇█▇█████▇██
wandb:     train_loss █▇▆▆▆▆▅▅▅▅▄▄▄▄▄▄▃▃▃▃▃▃▃▃▃▂▂▂▂▂▂▂▂▂▂▁▁▁▁▁
wandb:   val_accuracy ▁▄▅▄▄▃▆▅▆▆▆▆▃▆▆▇▇▇▇▇▇▆▆▇▇███▇█▇▇▇▇▆▇██▇▆
wandb:       val_loss █▇▇▇▇▅▅▅▅▅▄▄▃▄▃▃▃▄▃▃▂▃▃▂▂▂▂▂▂▂▂▂▁▁▂▁▁▂▂▄
wandb: 
wandb: Run summary:
wandb:           best_epoch 99
wandb:    best_val_accuracy 68.5541
wandb:        best_val_loss 0.59209
wandb: checkpoint_best_path artifacts/probes/mvp...
wandb: checkpoint_last_path artifacts/probes/mvp...
wandb:      checkpoint_path artifacts/probes/mvp...
wandb:              dataset mvp
wandb:      elapsed_seconds 20.49188
wandb:                epoch 100
wandb:    feature_signature 78ea8f6e0a5c5d94
wandb:                  +22 ...
wandb: 
wandb: 🚀 View run mvp_linear_jepa_v2_vitg_384_layer_40/trial_0003 at: https://wandb.ai/caselli-niccolo-developer-university-of-amsterdam/probe4physics/runs/6kh50srt
wandb: ⭐️ View project at: https://wandb.ai/caselli-niccolo-developer-university-of-amsterdam/probe4physics
wandb: Synced 5 W&B file(s), 0 media file(s), 0 artifact file(s) and 0 other file(s)
wandb: Find logs at: ./wandb/run-20260501_102320-6kh50srt/logs
[I 2026-05-01 10:23:42,262] Trial 3 finished with value: 44.99494438827098 and parameters: {'lr': 0.00019762189340280086, 'weight_decay': 5.589524205217922e-07, 'batch_size': 32}. Best is trial 2 with value: 47.320525783619814.
wandb: setting up run rhxc9tz5
wandb: Tracking run with wandb version 0.26.1
wandb: Run data is saved locally in /gpfs/home3/scur0511/Probe4Physics/wandb/run-20260501_102344-rhxc9tz5
wandb: Run `wandb offline` to turn off syncing.
wandb: Syncing run mvp_linear_jepa_v2_vitg_384_layer_40/trial_0004
wandb: ⭐️ View project at https://wandb.ai/caselli-niccolo-developer-university-of-amsterdam/probe4physics
wandb: 🚀 View run at https://wandb.ai/caselli-niccolo-developer-university-of-amsterdam/probe4physics/runs/rhxc9tz5
[eval.mvp] Starting eval | split_name=val split_dir=data/splits/mvp/full_60_20_20 predictor_mode=from_file annotation_file=data/annotations/mvp_full.jsonl
[eval.mvp] Loaded split assignments | split_pairs=989 split_samples=1978
[eval.mvp] Prepared samples | n_pairs_before_trim=989 n_samples_before_trim=1978 n_pairs_after_trim=989 n_samples_after_trim=1978 max_pairs=0
[eval.mvp] Generated predictions | n_predictions=1978
[eval.mvp] Scoring complete | accuracy=67.5430 pair_consistency=43.5794 n_pairs=989 n_samples=1978
[eval.mvp] Artifacts written | output_dir=artifacts/probes/mvp_probe_linear_jepa_v2_vitg_384_20260501T080343Z/layer_40/train/trial_0004/val_eval
wandb: updating run metadata
wandb: uploading output.log; uploading wandb-summary.json; uploading config.yaml
wandb: 
wandb: Run history:
wandb:          epoch ▁▁▁▁▂▂▂▂▂▃▃▃▃▃▄▄▄▄▄▅▅▅▅▅▅▆▆▆▆▆▇▇▇▇▇█████
wandb: train_accuracy ▁▂▄▅▅▅▆▆▆▇▇▇▆▆▇▇▇▇▇▇▇▇▇▇█▇█▇████████████
wandb:     train_loss █▇▇▆▆▆▅▆▅▅▄▄▄▄▃▄▃▃▃▃▃▃▃▃▃▂▂▂▂▂▂▂▂▁▂▁▁▁▁▁
wandb:   val_accuracy ▃▁▃▃▂▅▂▅▃▆▆▅▅▇▅▄▆▇▆▆▇▅▆▇▇▇▇▇▇▇▇▇▇█▇▇▇██▇
wandb:       val_loss █▇▇▆▆▆▆▅▅▅▅▅▄▄▄▄▄▃▃▄▃▃▃▂▂▂▂▃▂▂▂▂▂▁▁▁▁▁▁▂
wandb: 
wandb: Run summary:
wandb:           best_epoch 94
wandb:    best_val_accuracy 67.54297
wandb:        best_val_loss 0.61156
wandb: checkpoint_best_path artifacts/probes/mvp...
wandb: checkpoint_last_path artifacts/probes/mvp...
wandb:      checkpoint_path artifacts/probes/mvp...
wandb:              dataset mvp
wandb:      elapsed_seconds 11.97149
wandb:                epoch 100
wandb:    feature_signature 78ea8f6e0a5c5d94
wandb:                  +22 ...
wandb: 
wandb: 🚀 View run mvp_linear_jepa_v2_vitg_384_layer_40/trial_0004 at: https://wandb.ai/caselli-niccolo-developer-university-of-amsterdam/probe4physics/runs/rhxc9tz5
wandb: ⭐️ View project at: https://wandb.ai/caselli-niccolo-developer-university-of-amsterdam/probe4physics
wandb: Synced 5 W&B file(s), 0 media file(s), 0 artifact file(s) and 0 other file(s)
wandb: Find logs at: ./wandb/run-20260501_102344-rhxc9tz5/logs
[I 2026-05-01 10:23:57,493] Trial 4 finished with value: 43.5793731041456 and parameters: {'lr': 0.00023345864076016249, 'weight_decay': 0.0005141096648805752, 'batch_size': 128}. Best is trial 2 with value: 47.320525783619814.
wandb: setting up run wjpx33lf
wandb: Tracking run with wandb version 0.26.1
wandb: Run data is saved locally in /gpfs/home3/scur0511/Probe4Physics/wandb/run-20260501_102359-wjpx33lf
wandb: Run `wandb offline` to turn off syncing.
wandb: Syncing run mvp_linear_jepa_v2_vitg_384_layer_40/trial_0005
wandb: ⭐️ View project at https://wandb.ai/caselli-niccolo-developer-university-of-amsterdam/probe4physics
wandb: 🚀 View run at https://wandb.ai/caselli-niccolo-developer-university-of-amsterdam/probe4physics/runs/wjpx33lf
[eval.mvp] Starting eval | split_name=val split_dir=data/splits/mvp/full_60_20_20 predictor_mode=from_file annotation_file=data/annotations/mvp_full.jsonl
[eval.mvp] Loaded split assignments | split_pairs=989 split_samples=1978
[eval.mvp] Prepared samples | n_pairs_before_trim=989 n_samples_before_trim=1978 n_pairs_after_trim=989 n_samples_after_trim=1978 max_pairs=0
[eval.mvp] Generated predictions | n_predictions=1978
[eval.mvp] Scoring complete | accuracy=68.6047 pair_consistency=45.7027 n_pairs=989 n_samples=1978
[eval.mvp] Artifacts written | output_dir=artifacts/probes/mvp_probe_linear_jepa_v2_vitg_384_20260501T080343Z/layer_40/train/trial_0005/val_eval
wandb: updating run metadata
wandb: uploading history steps 0-99, summary, console lines 0-6
wandb: 
wandb: Run history:
wandb:          epoch ▁▁▁▁▁▂▂▂▂▂▃▃▃▃▃▃▄▄▄▄▄▄▅▅▅▅▅▆▆▆▇▇▇▇▇█████
wandb: train_accuracy ▁▂▃▄▄▄▅▅▆▅▇▆▆▇▆▇▇▇▇▇▇▇▇██▇▇▇▇███████▇███
wandb:     train_loss ██▇▇▆▆▆▆▅▅▅▅▄▅▄▅▃▄▃▃▃▃▂▂▂▂▂▂▂▂▂▂▁▁▁▂▁▁▁▁
wandb:   val_accuracy ▁▄▅▅▄▅▆▆▆▅▆▄▄▆▅▇▇▇▇▇▅▆▇▇█▆▇▇▇▇██▇█▇▇██▇█
wandb:       val_loss █▆▇▆▅▆▅▅▅▄▅▅▄▄▅▃▃▃▃▄▂▂▂▃▃▂▃▂▂▂▂▂▁▁▁▂▁▁▁▁
wandb: 
wandb: Run summary:
wandb:           best_epoch 99
wandb:    best_val_accuracy 68.60465
wandb:        best_val_loss 0.58371
wandb: checkpoint_best_path artifacts/probes/mvp...
wandb: checkpoint_last_path artifacts/probes/mvp...
wandb:      checkpoint_path artifacts/probes/mvp...
wandb:              dataset mvp
wandb:      elapsed_seconds 12.18066
wandb:                epoch 100
wandb:    feature_signature 78ea8f6e0a5c5d94
wandb:                  +22 ...
wandb: 
wandb: 🚀 View run mvp_linear_jepa_v2_vitg_384_layer_40/trial_0005 at: https://wandb.ai/caselli-niccolo-developer-university-of-amsterdam/probe4physics/runs/wjpx33lf
wandb: ⭐️ View project at: https://wandb.ai/caselli-niccolo-developer-university-of-amsterdam/probe4physics
wandb: Synced 5 W&B file(s), 0 media file(s), 0 artifact file(s) and 0 other file(s)
wandb: Find logs at: ./wandb/run-20260501_102359-wjpx33lf/logs
[I 2026-05-01 10:24:13,548] Trial 5 finished with value: 45.70273003033367 and parameters: {'lr': 0.0006647135865318024, 'weight_decay': 1.0547383621352015e-07, 'batch_size': 128}. Best is trial 2 with value: 47.320525783619814.
wandb: setting up run px3y355c
wandb: Tracking run with wandb version 0.26.1
wandb: Run data is saved locally in /gpfs/home3/scur0511/Probe4Physics/wandb/run-20260501_102415-px3y355c
wandb: Run `wandb offline` to turn off syncing.
wandb: Syncing run mvp_linear_jepa_v2_vitg_384_layer_40/trial_0006
wandb: ⭐️ View project at https://wandb.ai/caselli-niccolo-developer-university-of-amsterdam/probe4physics
wandb: 🚀 View run at https://wandb.ai/caselli-niccolo-developer-university-of-amsterdam/probe4physics/runs/px3y355c
[eval.mvp] Starting eval | split_name=val split_dir=data/splits/mvp/full_60_20_20 predictor_mode=from_file annotation_file=data/annotations/mvp_full.jsonl
[eval.mvp] Loaded split assignments | split_pairs=989 split_samples=1978
[eval.mvp] Prepared samples | n_pairs_before_trim=989 n_samples_before_trim=1978 n_pairs_after_trim=989 n_samples_after_trim=1978 max_pairs=0
[eval.mvp] Generated predictions | n_predictions=1978
[eval.mvp] Scoring complete | accuracy=67.3407 pair_consistency=42.7705 n_pairs=989 n_samples=1978
[eval.mvp] Artifacts written | output_dir=artifacts/probes/mvp_probe_linear_jepa_v2_vitg_384_20260501T080343Z/layer_40/train/trial_0006/val_eval
wandb: updating run metadata
wandb: uploading config.yaml; uploading output.log; uploading wandb-summary.json
wandb: 
wandb: Run history:
wandb:          epoch ▁▁▁▁▁▂▂▂▂▂▃▃▄▄▄▄▄▄▄▅▅▅▅▅▅▆▆▆▆▆▆▇▇▇▇▇▇███
wandb: train_accuracy ▁▂▃▄▄▅▅▅▅▆▆▆▆▆▇▇▆▇▇▇▇▇▇▇▇▇██▇███████████
wandb:     train_loss █▇▇▆▆▆▅▅▅▅▅▅▅▄▄▃▃▃▃▃▂▂▂▂▂▂▂▂▂▂▂▂▁▁▂▁▁▁▁▁
wandb:   val_accuracy ▁▂▂▃▄▅▅▄▅▄▂▆▆▆▅▇▇▆▆▇▆▇▆▆▇▇▇▇▆▆▇▇▇▇██▇▇██
wandb:       val_loss █▇▇▇▆▅█▅▆▅▅▅▅▄▄▄▄▄▄▄▅▃▃▃▃▃▃▂▂▂▂▂▂▂▂▁▁▁▁▁
wandb: 
wandb: Run summary:
wandb:           best_epoch 95
wandb:    best_val_accuracy 67.34075
wandb:        best_val_loss 0.61844
wandb: checkpoint_best_path artifacts/probes/mvp...
wandb: checkpoint_last_path artifacts/probes/mvp...
wandb:      checkpoint_path artifacts/probes/mvp...
wandb:              dataset mvp
wandb:      elapsed_seconds 20.2444
wandb:                epoch 100
wandb:    feature_signature 78ea8f6e0a5c5d94
wandb:                  +22 ...
wandb: 
wandb: 🚀 View run mvp_linear_jepa_v2_vitg_384_layer_40/trial_0006 at: https://wandb.ai/caselli-niccolo-developer-university-of-amsterdam/probe4physics/runs/px3y355c
wandb: ⭐️ View project at: https://wandb.ai/caselli-niccolo-developer-university-of-amsterdam/probe4physics
wandb: Synced 5 W&B file(s), 0 media file(s), 0 artifact file(s) and 0 other file(s)
wandb: Find logs at: ./wandb/run-20260501_102415-px3y355c/logs
[I 2026-05-01 10:24:37,168] Trial 6 finished with value: 42.77047522750253 and parameters: {'lr': 8.200518402245828e-05, 'weight_decay': 3.855073690026179e-08, 'batch_size': 32}. Best is trial 2 with value: 47.320525783619814.
wandb: setting up run ne6ctb2q
wandb: Tracking run with wandb version 0.26.1
wandb: Run data is saved locally in /gpfs/home3/scur0511/Probe4Physics/wandb/run-20260501_102438-ne6ctb2q
wandb: Run `wandb offline` to turn off syncing.
wandb: Syncing run mvp_linear_jepa_v2_vitg_384_layer_40/trial_0007
wandb: ⭐️ View project at https://wandb.ai/caselli-niccolo-developer-university-of-amsterdam/probe4physics
wandb: 🚀 View run at https://wandb.ai/caselli-niccolo-developer-university-of-amsterdam/probe4physics/runs/ne6ctb2q
wandb: updating run metadata
wandb: uploading history steps 0-99, summary
wandb: 
wandb: Run history:
wandb:          epoch ▁▁▁▁▂▂▂▂▃▃▃▃▃▄▄▄▄▄▄▅▅▅▅▅▅▆▆▆▆▆▆▇▇▇▇▇████
wandb: train_accuracy ▁▁▂▂▂▃▃▃▄▄▅▄▅▅▅▆▆▆▆▆▆▆▆▆▇▇▇▇▆▇▇▇█▇██████
wandb:     train_loss █▅▅▄▄▃▃▃▃▃▃▃▃▃▃▂▂▂▂▂▂▂▂▂▂▂▂▁▂▁▁▁▁▁▁▁▁▁▁▁
wandb:   val_accuracy ▁▁▁▁▂▃▄▄▄▄▅▅▅▅▅▆▆▆▆▇▆▆▇▇▆▆▆▇▆▇▇▆▇▆▇█████
wandb:       val_loss ██▇▇▇▆▆▆▆▆▅▅▅▅▅▅▄▄▄▄▄▄▄▄▃▃▃▃▃▃▂▂▂▂▁▁▁▁▁▁
wandb: 
wandb: Run summary:
wandb:          epoch 100
wandb: train_accuracy 60.67454
wandb:     train_loss 0.67079
wandb:   val_accuracy 61.1729
wandb:       val_loss 0.67032
wandb: 
wandb: 🚀 View run mvp_linear_jepa_v2_vitg_384_layer_40/trial_0007 at: https://wandb.ai/caselli-niccolo-developer-university-of-amsterdam/probe4physics/runs/ne6ctb2q
wandb: ⭐️ View project at: https://wandb.ai/caselli-niccolo-developer-university-of-amsterdam/probe4physics
wandb: Synced 4 W&B file(s), 0 media file(s), 0 artifact file(s) and 0 other file(s)
wandb: Find logs at: ./wandb/run-20260501_102438-ne6ctb2q/logs
[I 2026-05-01 10:24:53,000] Trial 7 pruned. Pruned at epoch 100 with val_accuracy=61.1729
wandb: setting up run yi2ssuna
wandb: Tracking run with wandb version 0.26.1
wandb: Run data is saved locally in /gpfs/home3/scur0511/Probe4Physics/wandb/run-20260501_102455-yi2ssuna
wandb: Run `wandb offline` to turn off syncing.
wandb: Syncing run mvp_linear_jepa_v2_vitg_384_layer_40/trial_0008
wandb: ⭐️ View project at https://wandb.ai/caselli-niccolo-developer-university-of-amsterdam/probe4physics
wandb: 🚀 View run at https://wandb.ai/caselli-niccolo-developer-university-of-amsterdam/probe4physics/runs/yi2ssuna
[eval.mvp] Starting eval | split_name=val split_dir=data/splits/mvp/full_60_20_20 predictor_mode=from_file annotation_file=data/annotations/mvp_full.jsonl
[eval.mvp] Loaded split assignments | split_pairs=989 split_samples=1978
[eval.mvp] Prepared samples | n_pairs_before_trim=989 n_samples_before_trim=1978 n_pairs_after_trim=989 n_samples_after_trim=1978 max_pairs=0
[eval.mvp] Generated predictions | n_predictions=1978
[eval.mvp] Scoring complete | accuracy=68.6047 pair_consistency=42.9727 n_pairs=989 n_samples=1978
[eval.mvp] Artifacts written | output_dir=artifacts/probes/mvp_probe_linear_jepa_v2_vitg_384_20260501T080343Z/layer_40/train/trial_0008/val_eval
wandb: updating run metadata
wandb: uploading output.log; uploading wandb-summary.json; uploading config.yaml
wandb: 
wandb: Run history:
wandb:          epoch ▁▁▁▁▁▂▂▂▂▂▃▃▃▃▃▄▄▄▄▄▄▅▅▅▅▆▆▆▆▆▇▇▇▇▇▇████
wandb: train_accuracy ▁▄▄▅▅▆▅▅▆▆▆▇▆▆▇▇▇▇▇▇▇█▇▇█▇▇▇▇▇██████████
wandb:     train_loss █▇▆▅▅▅▅▅▅▄▄▄▄▄▃▃▃▃▃▃▂▂▂▂▂▂▂▂▂▂▁▂▁▁▁▁▂▁▁▁
wandb:   val_accuracy ▄▁▄▃▅▆▄▆▆▅▅▆▄▆▇▅▇▇▆▆▆▇▇▆▇▆▆▇███▇█▆▇███▆▇
wandb:       val_loss ▇▆▅▅▄▅▄▄▄▅▅█▄▃▃▃▃▃▃▃▂▂▂▂▂▃▂▁▂▃▂▂▂▂▂▂▁▂▁▂
wandb: 
wandb: Run summary:
wandb:           best_epoch 86
wandb:    best_val_accuracy 68.60465
wandb:        best_val_loss 0.58541
wandb: checkpoint_best_path artifacts/probes/mvp...
wandb: checkpoint_last_path artifacts/probes/mvp...
wandb:      checkpoint_path artifacts/probes/mvp...
wandb:              dataset mvp
wandb:      elapsed_seconds 20.64241
wandb:                epoch 100
wandb:    feature_signature 78ea8f6e0a5c5d94
wandb:                  +22 ...
wandb: 
wandb: 🚀 View run mvp_linear_jepa_v2_vitg_384_layer_40/trial_0008 at: https://wandb.ai/caselli-niccolo-developer-university-of-amsterdam/probe4physics/runs/yi2ssuna
wandb: ⭐️ View project at: https://wandb.ai/caselli-niccolo-developer-university-of-amsterdam/probe4physics
wandb: Synced 5 W&B file(s), 0 media file(s), 0 artifact file(s) and 0 other file(s)
wandb: Find logs at: ./wandb/run-20260501_102455-yi2ssuna/logs
[I 2026-05-01 10:25:17,373] Trial 8 finished with value: 42.9726996966633 and parameters: {'lr': 0.00043664735929796326, 'weight_decay': 1.2856617791467908e-07, 'batch_size': 32}. Best is trial 2 with value: 47.320525783619814.
wandb: setting up run 2naoal33
wandb: Tracking run with wandb version 0.26.1
wandb: Run data is saved locally in /gpfs/home3/scur0511/Probe4Physics/wandb/run-20260501_102519-2naoal33
wandb: Run `wandb offline` to turn off syncing.
wandb: Syncing run mvp_linear_jepa_v2_vitg_384_layer_40/trial_0009
wandb: ⭐️ View project at https://wandb.ai/caselli-niccolo-developer-university-of-amsterdam/probe4physics
wandb: 🚀 View run at https://wandb.ai/caselli-niccolo-developer-university-of-amsterdam/probe4physics/runs/2naoal33
[eval.mvp] Starting eval | split_name=val split_dir=data/splits/mvp/full_60_20_20 predictor_mode=from_file annotation_file=data/annotations/mvp_full.jsonl
[eval.mvp] Loaded split assignments | split_pairs=989 split_samples=1978
[eval.mvp] Prepared samples | n_pairs_before_trim=989 n_samples_before_trim=1978 n_pairs_after_trim=989 n_samples_after_trim=1978 max_pairs=0
[eval.mvp] Generated predictions | n_predictions=1978
[eval.mvp] Scoring complete | accuracy=67.5935 pair_consistency=44.2872 n_pairs=989 n_samples=1978
[eval.mvp] Artifacts written | output_dir=artifacts/probes/mvp_probe_linear_jepa_v2_vitg_384_20260501T080343Z/layer_40/train/trial_0009/val_eval
wandb: updating run metadata
wandb: uploading output.log; uploading wandb-summary.json; uploading config.yaml
wandb: 
wandb: Run history:
wandb:          epoch ▁▁▁▁▂▂▂▂▃▃▃▃▃▃▃▄▄▄▄▅▅▅▅▅▅▆▆▆▆▆▇▇▇▇▇█████
wandb: train_accuracy ▁▂▄▃▅▅▅▆▆▆▆▆▆▇▇▇▆▇▇▇▆▇▇▇▇▇▆▇▇▇████▇██▇█▇
wandb:     train_loss █▇▇▆▅▅▅▅▅▄▄▄▄▄▄▃▃▃▃▃▃▃▃▃▃▂▂▂▂▂▂▂▂▂▂▁▁▁▁▁
wandb:   val_accuracy ▁▁▄▅▅▄▄▇▅▇▇▇▇▇▅▇▇▇▇▆▆███▇▇▆▇▇▇▇▇█▇█▇██▇█
wandb:       val_loss █▇▇▆▆▆▅▆▅▅▄▄▅▃▃▃▃▃▃▃▃▃▂▂▂▂▂▂▃▂▂▂▁▁▂▁▁▁▁▃
wandb: 
wandb: Run summary:
wandb:           best_epoch 95
wandb:    best_val_accuracy 67.59353
wandb:        best_val_loss 0.59744
wandb: checkpoint_best_path artifacts/probes/mvp...
wandb: checkpoint_last_path artifacts/probes/mvp...
wandb:      checkpoint_path artifacts/probes/mvp...
wandb:              dataset mvp
wandb:      elapsed_seconds 10.53516
wandb:                epoch 100
wandb:    feature_signature 78ea8f6e0a5c5d94
wandb:                  +22 ...
wandb: 
wandb: 🚀 View run mvp_linear_jepa_v2_vitg_384_layer_40/trial_0009 at: https://wandb.ai/caselli-niccolo-developer-university-of-amsterdam/probe4physics/runs/2naoal33
wandb: ⭐️ View project at: https://wandb.ai/caselli-niccolo-developer-university-of-amsterdam/probe4physics
wandb: Synced 5 W&B file(s), 0 media file(s), 0 artifact file(s) and 0 other file(s)
wandb: Find logs at: ./wandb/run-20260501_102519-2naoal33/logs
[I 2026-05-01 10:25:31,159] Trial 9 finished with value: 44.28715874620829 and parameters: {'lr': 0.0006218704727769079, 'weight_decay': 0.0033981724150106006, 'batch_size': 256}. Best is trial 2 with value: 47.320525783619814.
wandb: setting up run kbnlo3p6
wandb: Tracking run with wandb version 0.26.1
wandb: Run data is saved locally in /gpfs/home3/scur0511/Probe4Physics/wandb/run-20260501_102532-kbnlo3p6
wandb: Run `wandb offline` to turn off syncing.
wandb: Syncing run mvp_linear_jepa_v2_vitg_384_layer_40/trial_0010
wandb: ⭐️ View project at https://wandb.ai/caselli-niccolo-developer-university-of-amsterdam/probe4physics
wandb: 🚀 View run at https://wandb.ai/caselli-niccolo-developer-university-of-amsterdam/probe4physics/runs/kbnlo3p6
[eval.mvp] Starting eval | split_name=val split_dir=data/splits/mvp/full_60_20_20 predictor_mode=from_file annotation_file=data/annotations/mvp_full.jsonl
[eval.mvp] Loaded split assignments | split_pairs=989 split_samples=1978
[eval.mvp] Prepared samples | n_pairs_before_trim=989 n_samples_before_trim=1978 n_pairs_after_trim=989 n_samples_after_trim=1978 max_pairs=0
[eval.mvp] Generated predictions | n_predictions=1978
[eval.mvp] Scoring complete | accuracy=70.3236 pair_consistency=45.9050 n_pairs=989 n_samples=1978
[eval.mvp] Artifacts written | output_dir=artifacts/probes/mvp_probe_linear_jepa_v2_vitg_384_20260501T080343Z/layer_40/train/trial_0010/val_eval
wandb: updating run metadata
wandb: uploading output.log; uploading wandb-summary.json; uploading config.yaml
wandb: 
wandb: Run history:
wandb:          epoch ▁▁▁▁▂▂▂▂▂▂▃▃▃▃▃▄▄▄▄▅▅▅▅▅▅▆▆▆▆▆▆▆▇▇▇▇▇▇▇█
wandb: train_accuracy ▁▂▄▃▄▄▅▆▆▆▅▄▅▅▅▆▆▆▇▇▆▇▇▇▆██▇▇█▇▇▇█▆▇▆▇██
wandb:     train_loss █▂▂▂▁▁▁▁▁▁▁▁▂▂▂▂▂▁▁▁▁▁▁▁▁▁▁▁▁▁▁▁▁▁▁▁▂▁▁▁
wandb:   val_accuracy ▁▃▄▃▂▇▆▆▆▁▆▆▇▇▅▆▇▆▇▇▅▇▇▇▅▇▅▆▅▇▄█▇▅█▇▄▆▇▄
wandb:       val_loss ▄▄▃▂▃▃▂▂▂▃▅▆▃▅▄▂▂▃▃▂▁▁▃▃▂▃▂▂▃▁▃▄▁▁▂▅▆▄▂█
wandb: 
wandb: Run summary:
wandb:           best_epoch 88
wandb:    best_val_accuracy 70.32355
wandb:        best_val_loss 0.57357
wandb: checkpoint_best_path artifacts/probes/mvp...
wandb: checkpoint_last_path artifacts/probes/mvp...
wandb:      checkpoint_path artifacts/probes/mvp...
wandb:              dataset mvp
wandb:      elapsed_seconds 10.71775
wandb:                epoch 100
wandb:    feature_signature 78ea8f6e0a5c5d94
wandb:                  +22 ...
wandb: 
wandb: 🚀 View run mvp_linear_jepa_v2_vitg_384_layer_40/trial_0010 at: https://wandb.ai/caselli-niccolo-developer-university-of-amsterdam/probe4physics/runs/kbnlo3p6
wandb: ⭐️ View project at: https://wandb.ai/caselli-niccolo-developer-university-of-amsterdam/probe4physics
wandb: Synced 5 W&B file(s), 0 media file(s), 0 artifact file(s) and 0 other file(s)
wandb: Find logs at: ./wandb/run-20260501_102532-kbnlo3p6/logs
[I 2026-05-01 10:25:45,903] Trial 10 finished with value: 45.90495449949444 and parameters: {'lr': 0.008589902259876388, 'weight_decay': 6.917735117804129e-06, 'batch_size': 256}. Best is trial 2 with value: 47.320525783619814.
wandb: setting up run gbuc05ok
wandb: Tracking run with wandb version 0.26.1
wandb: Run data is saved locally in /gpfs/home3/scur0511/Probe4Physics/wandb/run-20260501_102547-gbuc05ok
wandb: Run `wandb offline` to turn off syncing.
wandb: Syncing run mvp_linear_jepa_v2_vitg_384_layer_40/trial_0011
wandb: ⭐️ View project at https://wandb.ai/caselli-niccolo-developer-university-of-amsterdam/probe4physics
wandb: 🚀 View run at https://wandb.ai/caselli-niccolo-developer-university-of-amsterdam/probe4physics/runs/gbuc05ok
[eval.mvp] Starting eval | split_name=val split_dir=data/splits/mvp/full_60_20_20 predictor_mode=from_file annotation_file=data/annotations/mvp_full.jsonl
[eval.mvp] Loaded split assignments | split_pairs=989 split_samples=1978
[eval.mvp] Prepared samples | n_pairs_before_trim=989 n_samples_before_trim=1978 n_pairs_after_trim=989 n_samples_after_trim=1978 max_pairs=0
[eval.mvp] Generated predictions | n_predictions=1978
[eval.mvp] Scoring complete | accuracy=69.7169 pair_consistency=45.7027 n_pairs=989 n_samples=1978
[eval.mvp] Artifacts written | output_dir=artifacts/probes/mvp_probe_linear_jepa_v2_vitg_384_20260501T080343Z/layer_40/train/trial_0011/val_eval
wandb: updating run metadata
wandb: uploading wandb-summary.json; uploading config.yaml; uploading output.log
wandb: 
wandb: Run history:
wandb:          epoch ▁▁▁▁▂▂▂▂▂▃▃▃▃▃▃▄▄▄▄▄▅▅▅▅▅▆▆▆▆▆▆▆▇▇▇▇▇▇██
wandb: train_accuracy ▁▂▄▄▄▅▄▅▄▅▅▆▆▆▄▅▅▆▆▇▇▇▇▇▇▇▇▆▇█▇▇▇▇▆▇▇█▇▇
wandb:     train_loss █▂▂▂▂▂▂▁▁▁▂▁▂▁▁▁▁▁▁▂▁▁▁▁▁▁▁▁▁▁▁▁▁▁▁▁▁▁▁▁
wandb:   val_accuracy ▁▄▄▆▄▆▆▂▁▄▅▆▆██▆█▇▇▇██▇▇▆▇▇▆▆▆▇▇▇▇▇▄▅▇▇▆
wandb:       val_loss ▇▄▃▂▃▂▂▂▂▂█▄▄▃▂▂▂▁▁▁▂▁▃▂▂▂▂▂▄▁▂▁▂▁▃▂▆▁▄▂
wandb: 
wandb: Run summary:
wandb:           best_epoch 77
wandb:    best_val_accuracy 69.71689
wandb:        best_val_loss 0.56544
wandb: checkpoint_best_path artifacts/probes/mvp...
wandb: checkpoint_last_path artifacts/probes/mvp...
wandb:      checkpoint_path artifacts/probes/mvp...
wandb:              dataset mvp
wandb:      elapsed_seconds 10.71115
wandb:                epoch 100
wandb:    feature_signature 78ea8f6e0a5c5d94
wandb:                  +22 ...
wandb: 
wandb: 🚀 View run mvp_linear_jepa_v2_vitg_384_layer_40/trial_0011 at: https://wandb.ai/caselli-niccolo-developer-university-of-amsterdam/probe4physics/runs/gbuc05ok
wandb: ⭐️ View project at: https://wandb.ai/caselli-niccolo-developer-university-of-amsterdam/probe4physics
wandb: Synced 5 W&B file(s), 0 media file(s), 0 artifact file(s) and 0 other file(s)
wandb: Find logs at: ./wandb/run-20260501_102547-gbuc05ok/logs
[I 2026-05-01 10:25:59,882] Trial 11 finished with value: 45.70273003033367 and parameters: {'lr': 0.007209809176013979, 'weight_decay': 7.505688860010938e-06, 'batch_size': 256}. Best is trial 2 with value: 47.320525783619814.
wandb: setting up run gm11oum0
wandb: Tracking run with wandb version 0.26.1
wandb: Run data is saved locally in /gpfs/home3/scur0511/Probe4Physics/wandb/run-20260501_102601-gm11oum0
wandb: Run `wandb offline` to turn off syncing.
wandb: Syncing run mvp_linear_jepa_v2_vitg_384_layer_40/trial_0012
wandb: ⭐️ View project at https://wandb.ai/caselli-niccolo-developer-university-of-amsterdam/probe4physics
wandb: 🚀 View run at https://wandb.ai/caselli-niccolo-developer-university-of-amsterdam/probe4physics/runs/gm11oum0
[eval.mvp] Starting eval | split_name=val split_dir=data/splits/mvp/full_60_20_20 predictor_mode=from_file annotation_file=data/annotations/mvp_full.jsonl
[eval.mvp] Loaded split assignments | split_pairs=989 split_samples=1978
[eval.mvp] Prepared samples | n_pairs_before_trim=989 n_samples_before_trim=1978 n_pairs_after_trim=989 n_samples_after_trim=1978 max_pairs=0
[eval.mvp] Generated predictions | n_predictions=1978
[eval.mvp] Scoring complete | accuracy=69.6158 pair_consistency=46.8150 n_pairs=989 n_samples=1978
[eval.mvp] Artifacts written | output_dir=artifacts/probes/mvp_probe_linear_jepa_v2_vitg_384_20260501T080343Z/layer_40/train/trial_0012/val_eval
wandb: updating run metadata
wandb: uploading output.log; uploading wandb-summary.json; uploading config.yaml
wandb: 
wandb: Run history:
wandb:          epoch ▁▁▁▁▁▂▂▂▂▂▂▃▃▃▄▄▄▄▄▄▅▅▅▅▅▅▅▆▆▆▆▆▆▇▇▇▇███
wandb: train_accuracy ▁▂▂▄▄▆▅▄▄▆▆▆▆▇▆▆▇▆▇▇▇▆███▇▇▇█▇██▆▇█▇▆█▇▆
wandb:     train_loss █▂▁▂▁▁▁▂▁▁▁▁▁▁▁▁▁▁▁▁▁▁▁▁▁▁▁▁▁▁▁▁▁▁▁▁▁▁▁▁
wandb:   val_accuracy ▃▅▆▃▆▅▆▆▅▁▅▄▆▇▇▆▇▆▇█▅▇▄▆▇▇▇▇▆▆▇▅▆█▅▇▅▇█▆
wandb:       val_loss ▆█▃▃▃▂▂▃▂▂▃▂▂▂▄▂▃▂▂▆▃▂▁▂▃▂▄▄▂▂▁▁▁▃▂▂▂▁▃▂
wandb: 
wandb: Run summary:
wandb:           best_epoch 91
wandb:    best_val_accuracy 69.61578
wandb:        best_val_loss 0.55684
wandb: checkpoint_best_path artifacts/probes/mvp...
wandb: checkpoint_last_path artifacts/probes/mvp...
wandb:      checkpoint_path artifacts/probes/mvp...
wandb:              dataset mvp
wandb:      elapsed_seconds 10.6272
wandb:                epoch 100
wandb:    feature_signature 78ea8f6e0a5c5d94
wandb:                  +22 ...
wandb: 
wandb: 🚀 View run mvp_linear_jepa_v2_vitg_384_layer_40/trial_0012 at: https://wandb.ai/caselli-niccolo-developer-university-of-amsterdam/probe4physics/runs/gm11oum0
wandb: ⭐️ View project at: https://wandb.ai/caselli-niccolo-developer-university-of-amsterdam/probe4physics
wandb: Synced 5 W&B file(s), 0 media file(s), 0 artifact file(s) and 0 other file(s)
wandb: Find logs at: ./wandb/run-20260501_102601-gm11oum0/logs
[I 2026-05-01 10:26:13,924] Trial 12 finished with value: 46.814964610717894 and parameters: {'lr': 0.009169642965656132, 'weight_decay': 5.13921421124876e-06, 'batch_size': 256}. Best is trial 2 with value: 47.320525783619814.
wandb: setting up run p2ctnz6u
wandb: Tracking run with wandb version 0.26.1
wandb: Run data is saved locally in /gpfs/home3/scur0511/Probe4Physics/wandb/run-20260501_102616-p2ctnz6u
wandb: Run `wandb offline` to turn off syncing.
wandb: Syncing run mvp_linear_jepa_v2_vitg_384_layer_40/trial_0013
wandb: ⭐️ View project at https://wandb.ai/caselli-niccolo-developer-university-of-amsterdam/probe4physics
wandb: 🚀 View run at https://wandb.ai/caselli-niccolo-developer-university-of-amsterdam/probe4physics/runs/p2ctnz6u
[eval.mvp] Starting eval | split_name=val split_dir=data/splits/mvp/full_60_20_20 predictor_mode=from_file annotation_file=data/annotations/mvp_full.jsonl
[eval.mvp] Loaded split assignments | split_pairs=989 split_samples=1978
[eval.mvp] Prepared samples | n_pairs_before_trim=989 n_samples_before_trim=1978 n_pairs_after_trim=989 n_samples_after_trim=1978 max_pairs=0
[eval.mvp] Generated predictions | n_predictions=1978
[eval.mvp] Scoring complete | accuracy=69.1102 pair_consistency=46.9161 n_pairs=989 n_samples=1978
[eval.mvp] Artifacts written | output_dir=artifacts/probes/mvp_probe_linear_jepa_v2_vitg_384_20260501T080343Z/layer_40/train/trial_0013/val_eval
wandb: updating run metadata
wandb: uploading output.log; uploading wandb-summary.json; uploading config.yaml
wandb: 
wandb: Run history:
wandb:          epoch ▁▁▁▁▂▂▂▂▂▃▃▃▃▃▃▄▄▄▄▅▅▅▅▅▅▅▆▆▆▆▆▆▇▇▇▇▇▇██
wandb: train_accuracy ▁▃▄▄▄▆▆▅▆▆▅▆▅▄▄▇▆▇▇▇▇▆▆▇▇▇▇▇▇▇▆██▇█▇▇▇▇█
wandb:     train_loss █▃▃▃▂▂▂▂▃▂▂▂▃▂▂▂▂▂▂▂▁▁▂▁▂▂▂▂▂▂▁▂▁▁▁▁▁▁▁▁
wandb:   val_accuracy ▂▁▄▅▂▄▆▅▇▅▅▇▁▇▃▇▇▅█▇▇▇▅█▇▇▇▇▆█▇▆▇█▇▇██▆█
wandb:       val_loss ▄▄▄▄▃▃▃▃▃█▄▂▂▂▃▂▃▃▃▃▃▂▂▂▂▂▃▂▂▃▂▅▂▁▂▁▁▁▁▁
wandb: 
wandb: Run summary:
wandb:           best_epoch 92
wandb:    best_val_accuracy 69.11021
wandb:        best_val_loss 0.56913
wandb: checkpoint_best_path artifacts/probes/mvp...
wandb: checkpoint_last_path artifacts/probes/mvp...
wandb:      checkpoint_path artifacts/probes/mvp...
wandb:              dataset mvp
wandb:      elapsed_seconds 10.99476
wandb:                epoch 100
wandb:    feature_signature 78ea8f6e0a5c5d94
wandb:                  +22 ...
wandb: 
wandb: 🚀 View run mvp_linear_jepa_v2_vitg_384_layer_40/trial_0013 at: https://wandb.ai/caselli-niccolo-developer-university-of-amsterdam/probe4physics/runs/p2ctnz6u
wandb: ⭐️ View project at: https://wandb.ai/caselli-niccolo-developer-university-of-amsterdam/probe4physics
wandb: Synced 5 W&B file(s), 0 media file(s), 0 artifact file(s) and 0 other file(s)
wandb: Find logs at: ./wandb/run-20260501_102616-p2ctnz6u/logs
[I 2026-05-01 10:26:28,303] Trial 13 finished with value: 46.916076845298285 and parameters: {'lr': 0.0032163105519329195, 'weight_decay': 0.00011689720886510382, 'batch_size': 256}. Best is trial 2 with value: 47.320525783619814.
wandb: setting up run qhyd6f23
wandb: Tracking run with wandb version 0.26.1
wandb: Run data is saved locally in /gpfs/home3/scur0511/Probe4Physics/wandb/run-20260501_102630-qhyd6f23
wandb: Run `wandb offline` to turn off syncing.
wandb: Syncing run mvp_linear_jepa_v2_vitg_384_layer_40/trial_0014
wandb: ⭐️ View project at https://wandb.ai/caselli-niccolo-developer-university-of-amsterdam/probe4physics
wandb: 🚀 View run at https://wandb.ai/caselli-niccolo-developer-university-of-amsterdam/probe4physics/runs/qhyd6f23
[eval.mvp] Starting eval | split_name=val split_dir=data/splits/mvp/full_60_20_20 predictor_mode=from_file annotation_file=data/annotations/mvp_full.jsonl
[eval.mvp] Loaded split assignments | split_pairs=989 split_samples=1978
[eval.mvp] Prepared samples | n_pairs_before_trim=989 n_samples_before_trim=1978 n_pairs_after_trim=989 n_samples_after_trim=1978 max_pairs=0
[eval.mvp] Generated predictions | n_predictions=1978
[eval.mvp] Scoring complete | accuracy=70.1213 pair_consistency=48.2305 n_pairs=989 n_samples=1978
[eval.mvp] Artifacts written | output_dir=artifacts/probes/mvp_probe_linear_jepa_v2_vitg_384_20260501T080343Z/layer_40/train/trial_0014/val_eval
wandb: updating run metadata
wandb: uploading history steps 0-99, summary, console lines 0-6
wandb: 
wandb: Run history:
wandb:          epoch ▁▁▁▁▂▂▂▂▂▂▂▂▃▃▃▃▃▃▃▄▄▄▅▅▅▅▅▅▆▆▆▆▆▆▇▇▇███
wandb: train_accuracy ▁▃▄▅▅▅▆▅▆▆▆▇▆▆▆▇▇▆▇▇▇▇▇▇▇█████████▇▇█▇█▇
wandb:     train_loss █▆▆▅▅▄▄▃▄▃▃▃▂▃▂▂▂▃▂▃▂▂▂▂▂▂▂▂▁▂▁▂▂▁▁▁▁▁▁▁
wandb:   val_accuracy ▅▄▃▁▄▄▆▄▆▆▇▇▅▅▆▇▇▇▆▇▆▇▆▇██▆▅▆▇▇▇███▇█▆██
wandb:       val_loss █▇▆▅▄▇▆▆▃▄▃▅▄▃▂▂▃▂▃▂▂▂▂▄▁▁▂▄▅▂▅▄▅▃▄▂▂▁▁▁
wandb: 
wandb: Run summary:
wandb:           best_epoch 94
wandb:    best_val_accuracy 70.12134
wandb:        best_val_loss 0.54732
wandb: checkpoint_best_path artifacts/probes/mvp...
wandb: checkpoint_last_path artifacts/probes/mvp...
wandb:      checkpoint_path artifacts/probes/mvp...
wandb:              dataset mvp
wandb:      elapsed_seconds 14.61188
wandb:                epoch 100
wandb:    feature_signature 78ea8f6e0a5c5d94
wandb:                  +22 ...
wandb: 
wandb: 🚀 View run mvp_linear_jepa_v2_vitg_384_layer_40/trial_0014 at: https://wandb.ai/caselli-niccolo-developer-university-of-amsterdam/probe4physics/runs/qhyd6f23
wandb: ⭐️ View project at: https://wandb.ai/caselli-niccolo-developer-university-of-amsterdam/probe4physics
wandb: Synced 5 W&B file(s), 0 media file(s), 0 artifact file(s) and 0 other file(s)
wandb: Find logs at: ./wandb/run-20260501_102630-qhyd6f23/logs
[I 2026-05-01 10:26:46,886] Trial 14 finished with value: 48.23053589484327 and parameters: {'lr': 0.0021879463142437552, 'weight_decay': 0.0001340290166160791, 'batch_size': 64}. Best is trial 14 with value: 48.23053589484327.
wandb: setting up run 3ziczrh5
wandb: Tracking run with wandb version 0.26.1
wandb: Run data is saved locally in /gpfs/home3/scur0511/Probe4Physics/wandb/run-20260501_102648-3ziczrh5
wandb: Run `wandb offline` to turn off syncing.
wandb: Syncing run mvp_linear_jepa_v2_vitg_384_layer_40/trial_0015
wandb: ⭐️ View project at https://wandb.ai/caselli-niccolo-developer-university-of-amsterdam/probe4physics
wandb: 🚀 View run at https://wandb.ai/caselli-niccolo-developer-university-of-amsterdam/probe4physics/runs/3ziczrh5
[eval.mvp] Starting eval | split_name=val split_dir=data/splits/mvp/full_60_20_20 predictor_mode=from_file annotation_file=data/annotations/mvp_full.jsonl
[eval.mvp] Loaded split assignments | split_pairs=989 split_samples=1978
[eval.mvp] Prepared samples | n_pairs_before_trim=989 n_samples_before_trim=1978 n_pairs_after_trim=989 n_samples_after_trim=1978 max_pairs=0
[eval.mvp] Generated predictions | n_predictions=1978
[eval.mvp] Scoring complete | accuracy=69.7169 pair_consistency=47.4216 n_pairs=989 n_samples=1978
[eval.mvp] Artifacts written | output_dir=artifacts/probes/mvp_probe_linear_jepa_v2_vitg_384_20260501T080343Z/layer_40/train/trial_0015/val_eval
wandb: updating run metadata
wandb: uploading history steps 0-99, summary, console lines 0-6
wandb: 
wandb: Run history:
wandb:          epoch ▁▁▁▁▁▂▂▂▂▂▃▃▃▃▃▃▃▃▄▄▄▅▅▅▅▅▆▆▆▆▆▆▇▇▇▇▇███
wandb: train_accuracy ▁▄▄▅▅▅▅▆▆▆▅▇▇▇▆▆▇▇▇▇▇▆▇█▇██▇██▇▇▇███████
wandb:     train_loss █▆▆▆▅▅▄▃▄▃▃▃▃▃▂▃▂▃▄▂▂▂▂▂▂▂▁▂▁▁▁▁▁▁▁▂▂▃▁▁
wandb:   val_accuracy ▁▅▅▃▅▅▇▆▄▄▅▄▆▆▇▆▇▇▇▆▇█▆▇▇▆▇▇▇▅█▇▇███▇▆█▇
wandb:       val_loss █▆▆▆▄▄▇▃▄▄▂▄▂▄▂▃▃▃▃▃▂▁▁▃▁▂▂▂▂▁▃▃▂▂▁▂▁▂▁▁
wandb: 
wandb: Run summary:
wandb:           best_epoch 87
wandb:    best_val_accuracy 69.71689
wandb:        best_val_loss 0.5598
wandb: checkpoint_best_path artifacts/probes/mvp...
wandb: checkpoint_last_path artifacts/probes/mvp...
wandb:      checkpoint_path artifacts/probes/mvp...
wandb:              dataset mvp
wandb:      elapsed_seconds 15.14326
wandb:                epoch 100
wandb:    feature_signature 78ea8f6e0a5c5d94
wandb:                  +22 ...
wandb: 
wandb: 🚀 View run mvp_linear_jepa_v2_vitg_384_layer_40/trial_0015 at: https://wandb.ai/caselli-niccolo-developer-university-of-amsterdam/probe4physics/runs/3ziczrh5
wandb: ⭐️ View project at: https://wandb.ai/caselli-niccolo-developer-university-of-amsterdam/probe4physics
wandb: Synced 5 W&B file(s), 0 media file(s), 0 artifact file(s) and 0 other file(s)
wandb: Find logs at: ./wandb/run-20260501_102648-3ziczrh5/logs
[I 2026-05-01 10:27:05,823] Trial 15 finished with value: 47.4216380182002 and parameters: {'lr': 0.0018362839120451822, 'weight_decay': 8.351152113573875e-05, 'batch_size': 64}. Best is trial 14 with value: 48.23053589484327.
wandb: setting up run 4fkkd42r
wandb: Tracking run with wandb version 0.26.1
wandb: Run data is saved locally in /gpfs/home3/scur0511/Probe4Physics/wandb/run-20260501_102707-4fkkd42r
wandb: Run `wandb offline` to turn off syncing.
wandb: Syncing run mvp_linear_jepa_v2_vitg_384_layer_40/trial_0016
wandb: ⭐️ View project at https://wandb.ai/caselli-niccolo-developer-university-of-amsterdam/probe4physics
wandb: 🚀 View run at https://wandb.ai/caselli-niccolo-developer-university-of-amsterdam/probe4physics/runs/4fkkd42r
[eval.mvp] Starting eval | split_name=val split_dir=data/splits/mvp/full_60_20_20 predictor_mode=from_file annotation_file=data/annotations/mvp_full.jsonl
[eval.mvp] Loaded split assignments | split_pairs=989 split_samples=1978
[eval.mvp] Prepared samples | n_pairs_before_trim=989 n_samples_before_trim=1978 n_pairs_after_trim=989 n_samples_after_trim=1978 max_pairs=0
[eval.mvp] Generated predictions | n_predictions=1978
[eval.mvp] Scoring complete | accuracy=69.8180 pair_consistency=46.2083 n_pairs=989 n_samples=1978
[eval.mvp] Artifacts written | output_dir=artifacts/probes/mvp_probe_linear_jepa_v2_vitg_384_20260501T080343Z/layer_40/train/trial_0016/val_eval
wandb: updating run metadata
wandb: uploading history steps 0-99, summary, console lines 0-6
wandb: uploading data
wandb: 
wandb: Run history:
wandb:          epoch ▁▁▁▁▂▂▂▂▂▃▃▃▃▃▄▄▄▄▅▅▅▅▅▅▆▆▆▆▆▆▇▇▇▇▇▇▇▇██
wandb: train_accuracy ▁▂▄▄▅▆▆▇▇▇▆▇▆▇▆▇▇▇▇▇▇▇▇▇▇▇▇▇█▇███████▇██
wandb:     train_loss █▇▆▅▅▅▄▅▄▄▃▅▃▃▃▃▃▃▂▃▂▂▂▂▂▂▂▂▂▁▂▂▂▂▂▂▁▁▁▃
wandb:   val_accuracy ▁▄▃▅▅▆▅▅▄▅▇▆▇▇▇▇▆▆▅▇▆▆▇▆▆▇▇▇▇▇█▇▅▇▇███▅█
wandb:       val_loss ▆▅▄▅▄▄▃▅▃▃▄▄▆▃█▃▂▂▃▂▂▂▂▄▂▃▂▃▂▄▁▂▃▂▃▂▁▁▂▂
wandb: 
wandb: Run summary:
wandb:           best_epoch 100
wandb:    best_val_accuracy 69.81799
wandb:        best_val_loss 0.56345
wandb: checkpoint_best_path artifacts/probes/mvp...
wandb: checkpoint_last_path artifacts/probes/mvp...
wandb:      checkpoint_path artifacts/probes/mvp...
wandb:              dataset mvp
wandb:      elapsed_seconds 14.85898
wandb:                epoch 100
wandb:    feature_signature 78ea8f6e0a5c5d94
wandb:                  +22 ...
wandb: 
wandb: 🚀 View run mvp_linear_jepa_v2_vitg_384_layer_40/trial_0016 at: https://wandb.ai/caselli-niccolo-developer-university-of-amsterdam/probe4physics/runs/4fkkd42r
wandb: ⭐️ View project at: https://wandb.ai/caselli-niccolo-developer-university-of-amsterdam/probe4physics
wandb: Synced 5 W&B file(s), 0 media file(s), 0 artifact file(s) and 0 other file(s)
wandb: Find logs at: ./wandb/run-20260501_102707-4fkkd42r/logs
[I 2026-05-01 10:27:24,786] Trial 16 finished with value: 46.20829120323559 and parameters: {'lr': 0.0017722984727476885, 'weight_decay': 7.501336438610469e-05, 'batch_size': 64}. Best is trial 14 with value: 48.23053589484327.
wandb: setting up run ebhcv6lz
wandb: Tracking run with wandb version 0.26.1
wandb: Run data is saved locally in /gpfs/home3/scur0511/Probe4Physics/wandb/run-20260501_102726-ebhcv6lz
wandb: Run `wandb offline` to turn off syncing.
wandb: Syncing run mvp_linear_jepa_v2_vitg_384_layer_40/trial_0017
wandb: ⭐️ View project at https://wandb.ai/caselli-niccolo-developer-university-of-amsterdam/probe4physics
wandb: 🚀 View run at https://wandb.ai/caselli-niccolo-developer-university-of-amsterdam/probe4physics/runs/ebhcv6lz
[eval.mvp] Starting eval | split_name=val split_dir=data/splits/mvp/full_60_20_20 predictor_mode=from_file annotation_file=data/annotations/mvp_full.jsonl
[eval.mvp] Loaded split assignments | split_pairs=989 split_samples=1978
[eval.mvp] Prepared samples | n_pairs_before_trim=989 n_samples_before_trim=1978 n_pairs_after_trim=989 n_samples_after_trim=1978 max_pairs=0
[eval.mvp] Generated predictions | n_predictions=1978
[eval.mvp] Scoring complete | accuracy=69.4641 pair_consistency=46.3094 n_pairs=989 n_samples=1978
[eval.mvp] Artifacts written | output_dir=artifacts/probes/mvp_probe_linear_jepa_v2_vitg_384_20260501T080343Z/layer_40/train/trial_0017/val_eval
wandb: updating run metadata
wandb: uploading history steps 0-99, summary, console lines 0-6
wandb: uploading data
wandb: 
wandb: Run history:
wandb:          epoch ▁▁▁▁▁▂▂▂▂▃▃▃▃▃▃▄▄▄▅▅▅▅▅▅▆▆▆▆▆▆▆▇▇▇▇▇▇███
wandb: train_accuracy ▁▃▄▄▄▅▅▅▅▅▆▆▆▆▆▆▆▇▆▇▇▇▇▇▇▇▇▇▇▆▇██▇████▇▇
wandb:     train_loss █▆▅▆▅▄▅▄▄▄▅▄▄▃▃▃▃▃▃▂▂▃▃▂▂▂▂▁▂▂▂▁▂▁▁▁▁▁▁▁
wandb:   val_accuracy ▁▃▄▄▄▇▅▄▂▆▅▇▆▆▄▇▇▇▆▆▇▆▇▅▆▇▆▆▇█▆██▇██▇█▇▇
wandb:       val_loss ▇█▆▇▅▄▅▄▄▇▃▃▄▃▃▂▃▅▂▃▃▃▂▂▄▂▄▂▄▁▁▂▂▁▁▁▂▁▆▂
wandb: 
wandb: Run summary:
wandb:           best_epoch 97
wandb:    best_val_accuracy 69.4641
wandb:        best_val_loss 0.56373
wandb: checkpoint_best_path artifacts/probes/mvp...
wandb: checkpoint_last_path artifacts/probes/mvp...
wandb:      checkpoint_path artifacts/probes/mvp...
wandb:              dataset mvp
wandb:      elapsed_seconds 15.08229
wandb:                epoch 100
wandb:    feature_signature 78ea8f6e0a5c5d94
wandb:                  +22 ...
wandb: 
wandb: 🚀 View run mvp_linear_jepa_v2_vitg_384_layer_40/trial_0017 at: https://wandb.ai/caselli-niccolo-developer-university-of-amsterdam/probe4physics/runs/ebhcv6lz
wandb: ⭐️ View project at: https://wandb.ai/caselli-niccolo-developer-university-of-amsterdam/probe4physics
wandb: Synced 5 W&B file(s), 0 media file(s), 0 artifact file(s) and 0 other file(s)
wandb: Find logs at: ./wandb/run-20260501_102726-ebhcv6lz/logs
[I 2026-05-01 10:27:43,410] Trial 17 finished with value: 46.30940343781597 and parameters: {'lr': 0.0011711426667473579, 'weight_decay': 4.512769802353355e-05, 'batch_size': 64}. Best is trial 14 with value: 48.23053589484327.
wandb: setting up run d2mco1v7
wandb: Tracking run with wandb version 0.26.1
wandb: Run data is saved locally in /gpfs/home3/scur0511/Probe4Physics/wandb/run-20260501_102745-d2mco1v7
wandb: Run `wandb offline` to turn off syncing.
wandb: Syncing run mvp_linear_jepa_v2_vitg_384_layer_40/trial_0018
wandb: ⭐️ View project at https://wandb.ai/caselli-niccolo-developer-university-of-amsterdam/probe4physics
wandb: 🚀 View run at https://wandb.ai/caselli-niccolo-developer-university-of-amsterdam/probe4physics/runs/d2mco1v7
[eval.mvp] Starting eval | split_name=val split_dir=data/splits/mvp/full_60_20_20 predictor_mode=from_file annotation_file=data/annotations/mvp_full.jsonl
[eval.mvp] Loaded split assignments | split_pairs=989 split_samples=1978
[eval.mvp] Prepared samples | n_pairs_before_trim=989 n_samples_before_trim=1978 n_pairs_after_trim=989 n_samples_after_trim=1978 max_pairs=0
[eval.mvp] Generated predictions | n_predictions=1978
[eval.mvp] Scoring complete | accuracy=70.4247 pair_consistency=48.9383 n_pairs=989 n_samples=1978
[eval.mvp] Artifacts written | output_dir=artifacts/probes/mvp_probe_linear_jepa_v2_vitg_384_20260501T080343Z/layer_40/train/trial_0018/val_eval
wandb: updating run metadata
wandb: uploading output.log; uploading wandb-summary.json; uploading config.yaml
wandb: uploading history steps 0-99, summary, console lines 0-6
wandb: 
wandb: Run history:
wandb:          epoch ▁▁▁▁▁▂▂▂▂▂▃▃▃▃▃▃▄▄▄▄▄▄▅▅▅▅▅▅▆▆▆▆▆▆▆▇▇▇▇█
wandb: train_accuracy ▁▃▃▃▄▅▄▅▅▄▆▆▆▆▇▆▆▇▇▆▇▆▇▆▆▇▇▇▇▇▇▇▆▇█▇█▇▇▇
wandb:     train_loss █▇▇▇█▇▅▇▇▅▄▄▆▅▄▄▄▄▅▆▃▃▃▃▂▄▂▂▂▃▂▂▂▂▂▁▁▂▂▁
wandb:   val_accuracy ▁▃▃▂▅▄▄▅▆▆▆▃▆▆▇▇▇▇▇▆▇▇▇▆▆▇▇▇█▇▇▆▇▆██▇█▇▇
wandb:       val_loss ▆▄▅▄▂▂▂▃█▂▂▂▂▂▁▁▂▁▃▁▃▃▁▂▂▂▁▄▂▂▃▁▃▂▁▁▁▃▁▁
wandb: 
wandb: Run summary:
wandb:           best_epoch 94
wandb:    best_val_accuracy 70.42467
wandb:        best_val_loss 0.54934
wandb: checkpoint_best_path artifacts/probes/mvp...
wandb: checkpoint_last_path artifacts/probes/mvp...
wandb:      checkpoint_path artifacts/probes/mvp...
wandb:              dataset mvp
wandb:      elapsed_seconds 14.90166
wandb:                epoch 100
wandb:    feature_signature 78ea8f6e0a5c5d94
wandb:                  +22 ...
wandb: 
wandb: 🚀 View run mvp_linear_jepa_v2_vitg_384_layer_40/trial_0018 at: https://wandb.ai/caselli-niccolo-developer-university-of-amsterdam/probe4physics/runs/d2mco1v7
wandb: ⭐️ View project at: https://wandb.ai/caselli-niccolo-developer-university-of-amsterdam/probe4physics
wandb: Synced 5 W&B file(s), 0 media file(s), 0 artifact file(s) and 0 other file(s)
wandb: Find logs at: ./wandb/run-20260501_102745-d2mco1v7/logs
[I 2026-05-01 10:28:01,798] Trial 18 finished with value: 48.93832153690597 and parameters: {'lr': 0.0025385907507398863, 'weight_decay': 0.0003306331267262618, 'batch_size': 64}. Best is trial 18 with value: 48.93832153690597.
wandb: setting up run syk5weky
wandb: Tracking run with wandb version 0.26.1
wandb: Run data is saved locally in /gpfs/home3/scur0511/Probe4Physics/wandb/run-20260501_102803-syk5weky
wandb: Run `wandb offline` to turn off syncing.
wandb: Syncing run mvp_linear_jepa_v2_vitg_384_layer_40/trial_0019
wandb: ⭐️ View project at https://wandb.ai/caselli-niccolo-developer-university-of-amsterdam/probe4physics
wandb: 🚀 View run at https://wandb.ai/caselli-niccolo-developer-university-of-amsterdam/probe4physics/runs/syk5weky
wandb: updating run metadata
wandb: uploading wandb-summary.json; uploading config.yaml
wandb: 
wandb: Run history:
wandb:          epoch ▁▁▂▂▂▂▂▃▃▃▃▃▄▄▄▄▄▄▄▄▅▅▅▅▅▅▅▅▅▆▆▆▆▇▇▇▇▇▇█
wandb: train_accuracy ▁▃▄▃▄▅▅▅▅▅▅▆▆▆▆▆▇▇▇▆▇▇▇▇▇▇▇▇▇▇▇███▇█████
wandb:     train_loss █▇▆▆▆▅▅▅▅▅▅▄▄▄▄▄▄▃▃▃▃▃▃▂▂▂▂▂▂▂▂▁▁▁▁▁▁▁▁▁
wandb:   val_accuracy ▁▂▂▄▄▅▄▅▅▅▆▆▆▆▆▇▇▇▆▇▇▆▆▇██▇▇▇▇▆██▇█▇█▇█▇
wandb:       val_loss ▇█▇▇▆▆▅▅▅▅▄▄▃▃▃▃▃▃▄▃▃▃▂▂▂▂▂▂▂▂▂▂▁▁▁▁▁▁▁▁
wandb: 
wandb: Run summary:
wandb:          epoch 100
wandb: train_accuracy 64.16526
wandb:     train_loss 0.64283
wandb:   val_accuracy 65.16684
wandb:       val_loss 0.64293
wandb: 
wandb: 🚀 View run mvp_linear_jepa_v2_vitg_384_layer_40/trial_0019 at: https://wandb.ai/caselli-niccolo-developer-university-of-amsterdam/probe4physics/runs/syk5weky
wandb: ⭐️ View project at: https://wandb.ai/caselli-niccolo-developer-university-of-amsterdam/probe4physics
wandb: Synced 4 W&B file(s), 0 media file(s), 0 artifact file(s) and 0 other file(s)
wandb: Find logs at: ./wandb/run-20260501_102803-syk5weky/logs
[I 2026-05-01 10:28:17,601] Trial 19 pruned. Pruned at epoch 100 with val_accuracy=65.1668
[eval.mvp] Starting eval | split_name=train split_dir=data/splits/mvp/full_60_20_20 predictor_mode=from_file annotation_file=data/annotations/mvp_full.jsonl
[eval.mvp] Loaded split assignments | split_pairs=2965 split_samples=5930
[eval.mvp] Prepared samples | n_pairs_before_trim=2965 n_samples_before_trim=5930 n_pairs_after_trim=2965 n_samples_after_trim=5930 max_pairs=0
[eval.mvp] Generated predictions | n_predictions=5930
[eval.mvp] Scoring complete | accuracy=73.1029 pair_consistency=52.3103 n_pairs=2965 n_samples=5930
[eval.mvp] Artifacts written | output_dir=artifacts/probes/mvp_probe_linear_jepa_v2_vitg_384_20260501T080343Z/layer_40/eval/train
[eval.mvp] Starting eval | split_name=val split_dir=data/splits/mvp/full_60_20_20 predictor_mode=from_file annotation_file=data/annotations/mvp_full.jsonl
[eval.mvp] Loaded split assignments | split_pairs=989 split_samples=1978
[eval.mvp] Prepared samples | n_pairs_before_trim=989 n_samples_before_trim=1978 n_pairs_after_trim=989 n_samples_after_trim=1978 max_pairs=0
[eval.mvp] Generated predictions | n_predictions=1978
[eval.mvp] Scoring complete | accuracy=70.4247 pair_consistency=48.9383 n_pairs=989 n_samples=1978
[eval.mvp] Artifacts written | output_dir=artifacts/probes/mvp_probe_linear_jepa_v2_vitg_384_20260501T080343Z/layer_40/eval/val
[eval.mvp] Starting eval | split_name=test split_dir=data/splits/mvp/full_60_20_20 predictor_mode=from_file annotation_file=data/annotations/mvp_full.jsonl
[eval.mvp] Loaded split assignments | split_pairs=989 split_samples=1978
[eval.mvp] Prepared samples | n_pairs_before_trim=989 n_samples_before_trim=1978 n_pairs_after_trim=989 n_samples_after_trim=1978 max_pairs=0
[eval.mvp] Generated predictions | n_predictions=1978
[eval.mvp] Scoring complete | accuracy=69.9191 pair_consistency=48.5339 n_pairs=989 n_samples=1978
[eval.mvp] Artifacts written | output_dir=artifacts/probes/mvp_probe_linear_jepa_v2_vitg_384_20260501T080343Z/layer_40/eval/test
