============================================================================================== 
Warning! Mixing Conda and module environments may lead to corruption of the
user environment. 
We do not recommend users mixing those two environments unless absolutely
necessary. Note that 
SURF does not provide any support for Conda environment.
For more information, please refer to our software policy page:
https://servicedesk.surf.nl/wiki/display/WIKI/Software+policy+Snellius#SoftwarepolicySnellius-UseofAnacondaandMinicondaenvironmentsonSnellius 

Remember that many packages have already been installed on the system and can
be loaded using 
the 'module load <package__name>' command. If you are uncertain if a package is
already available 
on the system, please use 'module avail' or 'module spider' to search for it.
============================================================================================== 
[I 2026-05-10 13:34:15,985] A new study created in RDB with name: mvp_linear_ltx_video_layer_noise_1.0_block_48
[eval.mvp] Starting eval | split_name=val split_dir=data/splits/mvp/full_60_20_20 predictor_mode=from_file annotation_file=data/annotations/mvp_full.jsonl
[eval.mvp] Loaded split assignments | split_pairs=989 split_samples=1978
[eval.mvp] Prepared samples | n_pairs_before_trim=989 n_samples_before_trim=1978 n_pairs_after_trim=989 n_samples_after_trim=1978 max_pairs=0
[eval.mvp] Generated predictions | n_predictions=1978
[eval.mvp] Scoring complete | accuracy=50.0000 pair_consistency=0.0000 n_pairs=989 n_samples=1978
[eval.mvp] Artifacts written | output_dir=artifacts/probes/mvp/mvp_probe_linear_ltx_video_ltxv_13b_0_9_8_distilled_20260510T113414Z/layer_noise_1.0_block_48/train/trial_0000/val_eval
[I 2026-05-10 13:42:54,111] Trial 0 finished with value: 0.0 and parameters: {'lr': 0.0001329291894316216, 'weight_decay': 0.005061576888752304, 'batch_size': 32, 'epochs': 2000}. Best is trial 0 with value: 0.0.
[eval.mvp] Starting eval | split_name=val split_dir=data/splits/mvp/full_60_20_20 predictor_mode=from_file annotation_file=data/annotations/mvp_full.jsonl
[eval.mvp] Loaded split assignments | split_pairs=989 split_samples=1978
[eval.mvp] Prepared samples | n_pairs_before_trim=989 n_samples_before_trim=1978 n_pairs_after_trim=989 n_samples_after_trim=1978 max_pairs=0
[eval.mvp] Generated predictions | n_predictions=1978
[eval.mvp] Scoring complete | accuracy=50.0000 pair_consistency=0.0000 n_pairs=989 n_samples=1978
[eval.mvp] Artifacts written | output_dir=artifacts/probes/mvp/mvp_probe_linear_ltx_video_ltxv_13b_0_9_8_distilled_20260510T113414Z/layer_noise_1.0_block_48/train/trial_0001/val_eval
[I 2026-05-10 13:43:21,583] Trial 1 finished with value: 0.0 and parameters: {'lr': 0.00314288089084011, 'weight_decay': 1.879466824163843e-07, 'batch_size': 256, 'epochs': 100}. Best is trial 0 with value: 0.0.
[eval.mvp] Starting eval | split_name=val split_dir=data/splits/mvp/full_60_20_20 predictor_mode=from_file annotation_file=data/annotations/mvp_full.jsonl
[eval.mvp] Loaded split assignments | split_pairs=989 split_samples=1978
[eval.mvp] Prepared samples | n_pairs_before_trim=989 n_samples_before_trim=1978 n_pairs_after_trim=989 n_samples_after_trim=1978 max_pairs=0
[eval.mvp] Generated predictions | n_predictions=1978
[eval.mvp] Scoring complete | accuracy=50.0000 pair_consistency=0.0000 n_pairs=989 n_samples=1978
[eval.mvp] Artifacts written | output_dir=artifacts/probes/mvp/mvp_probe_linear_ltx_video_ltxv_13b_0_9_8_distilled_20260510T113414Z/layer_noise_1.0_block_48/train/trial_0002/val_eval
[I 2026-05-10 13:45:54,254] Trial 2 finished with value: 0.0 and parameters: {'lr': 0.00023345864076016249, 'weight_decay': 0.0005141096648805752, 'batch_size': 128, 'epochs': 1000}. Best is trial 0 with value: 0.0.
[eval.mvp] Starting eval | split_name=val split_dir=data/splits/mvp/full_60_20_20 predictor_mode=from_file annotation_file=data/annotations/mvp_full.jsonl
[eval.mvp] Loaded split assignments | split_pairs=989 split_samples=1978
[eval.mvp] Prepared samples | n_pairs_before_trim=989 n_samples_before_trim=1978 n_pairs_after_trim=989 n_samples_after_trim=1978 max_pairs=0
[eval.mvp] Generated predictions | n_predictions=1978
[eval.mvp] Scoring complete | accuracy=50.0000 pair_consistency=0.0000 n_pairs=989 n_samples=1978
[eval.mvp] Artifacts written | output_dir=artifacts/probes/mvp/mvp_probe_linear_ltx_video_ltxv_13b_0_9_8_distilled_20260510T113414Z/layer_noise_1.0_block_48/train/trial_0003/val_eval
[I 2026-05-10 13:46:17,873] Trial 3 finished with value: 0.0 and parameters: {'lr': 8.200518402245828e-05, 'weight_decay': 3.855073690026179e-08, 'batch_size': 32, 'epochs': 50}. Best is trial 0 with value: 0.0.
[eval.mvp] Starting eval | split_name=val split_dir=data/splits/mvp/full_60_20_20 predictor_mode=from_file annotation_file=data/annotations/mvp_full.jsonl
[eval.mvp] Loaded split assignments | split_pairs=989 split_samples=1978
[eval.mvp] Prepared samples | n_pairs_before_trim=989 n_samples_before_trim=1978 n_pairs_after_trim=989 n_samples_after_trim=1978 max_pairs=0
[eval.mvp] Generated predictions | n_predictions=1978
[eval.mvp] Scoring complete | accuracy=50.0000 pair_consistency=0.0000 n_pairs=989 n_samples=1978
[eval.mvp] Artifacts written | output_dir=artifacts/probes/mvp/mvp_probe_linear_ltx_video_ltxv_13b_0_9_8_distilled_20260510T113414Z/layer_noise_1.0_block_48/train/trial_0004/val_eval
[I 2026-05-10 13:46:42,429] Trial 4 finished with value: 0.0 and parameters: {'lr': 0.00043664735929796326, 'weight_decay': 1.2856617791467908e-07, 'batch_size': 32, 'epochs': 50}. Best is trial 0 with value: 0.0.
[eval.mvp] Starting eval | split_name=val split_dir=data/splits/mvp/full_60_20_20 predictor_mode=from_file annotation_file=data/annotations/mvp_full.jsonl
[eval.mvp] Loaded split assignments | split_pairs=989 split_samples=1978
[eval.mvp] Prepared samples | n_pairs_before_trim=989 n_samples_before_trim=1978 n_pairs_after_trim=989 n_samples_after_trim=1978 max_pairs=0
[eval.mvp] Generated predictions | n_predictions=1978
[eval.mvp] Scoring complete | accuracy=50.0000 pair_consistency=0.0000 n_pairs=989 n_samples=1978
[eval.mvp] Artifacts written | output_dir=artifacts/probes/mvp/mvp_probe_linear_ltx_video_ltxv_13b_0_9_8_distilled_20260510T113414Z/layer_noise_1.0_block_48/train/trial_0005/val_eval
[I 2026-05-10 13:48:50,365] Trial 5 finished with value: 0.0 and parameters: {'lr': 0.00014656553886225324, 'weight_decay': 4.247116662617142e-07, 'batch_size': 32, 'epochs': 500}. Best is trial 0 with value: 0.0.
[eval.mvp] Starting eval | split_name=val split_dir=data/splits/mvp/full_60_20_20 predictor_mode=from_file annotation_file=data/annotations/mvp_full.jsonl
[eval.mvp] Loaded split assignments | split_pairs=989 split_samples=1978
[eval.mvp] Prepared samples | n_pairs_before_trim=989 n_samples_before_trim=1978 n_pairs_after_trim=989 n_samples_after_trim=1978 max_pairs=0
[eval.mvp] Generated predictions | n_predictions=1978
[eval.mvp] Scoring complete | accuracy=50.0000 pair_consistency=0.0000 n_pairs=989 n_samples=1978
[eval.mvp] Artifacts written | output_dir=artifacts/probes/mvp/mvp_probe_linear_ltx_video_ltxv_13b_0_9_8_distilled_20260510T113414Z/layer_noise_1.0_block_48/train/trial_0006/val_eval
[I 2026-05-10 13:49:17,941] Trial 6 finished with value: 0.0 and parameters: {'lr': 1.0388823104027935e-05, 'weight_decay': 0.0007812113973534924, 'batch_size': 128, 'epochs': 100}. Best is trial 0 with value: 0.0.
[eval.mvp] Starting eval | split_name=val split_dir=data/splits/mvp/full_60_20_20 predictor_mode=from_file annotation_file=data/annotations/mvp_full.jsonl
[eval.mvp] Loaded split assignments | split_pairs=989 split_samples=1978
[eval.mvp] Prepared samples | n_pairs_before_trim=989 n_samples_before_trim=1978 n_pairs_after_trim=989 n_samples_after_trim=1978 max_pairs=0
[eval.mvp] Generated predictions | n_predictions=1978
[eval.mvp] Scoring complete | accuracy=50.0000 pair_consistency=0.0000 n_pairs=989 n_samples=1978
[eval.mvp] Artifacts written | output_dir=artifacts/probes/mvp/mvp_probe_linear_ltx_video_ltxv_13b_0_9_8_distilled_20260510T113414Z/layer_noise_1.0_block_48/train/trial_0007/val_eval
[I 2026-05-10 13:51:54,388] Trial 7 finished with value: 0.0 and parameters: {'lr': 8.569331925053983e-05, 'weight_decay': 8.93511059033186e-07, 'batch_size': 128, 'epochs': 1000}. Best is trial 0 with value: 0.0.
[eval.mvp] Starting eval | split_name=val split_dir=data/splits/mvp/full_60_20_20 predictor_mode=from_file annotation_file=data/annotations/mvp_full.jsonl
[eval.mvp] Loaded split assignments | split_pairs=989 split_samples=1978
[eval.mvp] Prepared samples | n_pairs_before_trim=989 n_samples_before_trim=1978 n_pairs_after_trim=989 n_samples_after_trim=1978 max_pairs=0
[eval.mvp] Generated predictions | n_predictions=1978
[eval.mvp] Scoring complete | accuracy=50.0000 pair_consistency=0.0000 n_pairs=989 n_samples=1978
[eval.mvp] Artifacts written | output_dir=artifacts/probes/mvp/mvp_probe_linear_ltx_video_ltxv_13b_0_9_8_distilled_20260510T113414Z/layer_noise_1.0_block_48/train/trial_0008/val_eval
[I 2026-05-10 13:52:29,292] Trial 8 finished with value: 0.0 and parameters: {'lr': 0.0003699972431463808, 'weight_decay': 3.6749049453053196e-06, 'batch_size': 256, 'epochs': 100}. Best is trial 0 with value: 0.0.
[eval.mvp] Starting eval | split_name=val split_dir=data/splits/mvp/full_60_20_20 predictor_mode=from_file annotation_file=data/annotations/mvp_full.jsonl
[eval.mvp] Loaded split assignments | split_pairs=989 split_samples=1978
[eval.mvp] Prepared samples | n_pairs_before_trim=989 n_samples_before_trim=1978 n_pairs_after_trim=989 n_samples_after_trim=1978 max_pairs=0
[eval.mvp] Generated predictions | n_predictions=1978
[eval.mvp] Scoring complete | accuracy=50.0000 pair_consistency=0.0000 n_pairs=989 n_samples=1978
[eval.mvp] Artifacts written | output_dir=artifacts/probes/mvp/mvp_probe_linear_ltx_video_ltxv_13b_0_9_8_distilled_20260510T113414Z/layer_noise_1.0_block_48/train/trial_0009/val_eval
[I 2026-05-10 13:55:08,504] Trial 9 finished with value: 0.0 and parameters: {'lr': 4.857295179217165e-05, 'weight_decay': 2.8965395242758635e-08, 'batch_size': 128, 'epochs': 1000}. Best is trial 0 with value: 0.0.
[eval.mvp] Starting eval | split_name=val split_dir=data/splits/mvp/full_60_20_20 predictor_mode=from_file annotation_file=data/annotations/mvp_full.jsonl
[eval.mvp] Loaded split assignments | split_pairs=989 split_samples=1978
[eval.mvp] Prepared samples | n_pairs_before_trim=989 n_samples_before_trim=1978 n_pairs_after_trim=989 n_samples_after_trim=1978 max_pairs=0
[eval.mvp] Generated predictions | n_predictions=1978
[eval.mvp] Scoring complete | accuracy=50.0000 pair_consistency=0.0000 n_pairs=989 n_samples=1978
[eval.mvp] Artifacts written | output_dir=artifacts/probes/mvp/mvp_probe_linear_ltx_video_ltxv_13b_0_9_8_distilled_20260510T113414Z/layer_noise_1.0_block_48/train/trial_0010/val_eval
[I 2026-05-10 14:01:39,624] Trial 10 finished with value: 0.0 and parameters: {'lr': 0.002146403547714585, 'weight_decay': 0.003955232336089218, 'batch_size': 64, 'epochs': 2000}. Best is trial 0 with value: 0.0.
[eval.mvp] Starting eval | split_name=val split_dir=data/splits/mvp/full_60_20_20 predictor_mode=from_file annotation_file=data/annotations/mvp_full.jsonl
[eval.mvp] Loaded split assignments | split_pairs=989 split_samples=1978
[eval.mvp] Prepared samples | n_pairs_before_trim=989 n_samples_before_trim=1978 n_pairs_after_trim=989 n_samples_after_trim=1978 max_pairs=0
[eval.mvp] Generated predictions | n_predictions=1978
[eval.mvp] Scoring complete | accuracy=50.0000 pair_consistency=0.0000 n_pairs=989 n_samples=1978
[eval.mvp] Artifacts written | output_dir=artifacts/probes/mvp/mvp_probe_linear_ltx_video_ltxv_13b_0_9_8_distilled_20260510T113414Z/layer_noise_1.0_block_48/train/trial_0011/val_eval
[I 2026-05-10 14:01:57,645] Trial 11 finished with value: 0.0 and parameters: {'lr': 0.006290638535730336, 'weight_decay': 3.099069456180075e-05, 'batch_size': 256, 'epochs': 20}. Best is trial 0 with value: 0.0.
[eval.mvp] Starting eval | split_name=val split_dir=data/splits/mvp/full_60_20_20 predictor_mode=from_file annotation_file=data/annotations/mvp_full.jsonl
[eval.mvp] Loaded split assignments | split_pairs=989 split_samples=1978
[eval.mvp] Prepared samples | n_pairs_before_trim=989 n_samples_before_trim=1978 n_pairs_after_trim=989 n_samples_after_trim=1978 max_pairs=0
[eval.mvp] Generated predictions | n_predictions=1978
[eval.mvp] Scoring complete | accuracy=50.0000 pair_consistency=0.0000 n_pairs=989 n_samples=1978
[eval.mvp] Artifacts written | output_dir=artifacts/probes/mvp/mvp_probe_linear_ltx_video_ltxv_13b_0_9_8_distilled_20260510T113414Z/layer_noise_1.0_block_48/train/trial_0012/val_eval
[I 2026-05-10 14:07:16,394] Trial 12 finished with value: 0.0 and parameters: {'lr': 0.0017138890273524052, 'weight_decay': 2.8103024558302232e-05, 'batch_size': 256, 'epochs': 2000}. Best is trial 0 with value: 0.0.
[eval.mvp] Starting eval | split_name=val split_dir=data/splits/mvp/full_60_20_20 predictor_mode=from_file annotation_file=data/annotations/mvp_full.jsonl
[eval.mvp] Loaded split assignments | split_pairs=989 split_samples=1978
[eval.mvp] Prepared samples | n_pairs_before_trim=989 n_samples_before_trim=1978 n_pairs_after_trim=989 n_samples_after_trim=1978 max_pairs=0
[eval.mvp] Generated predictions | n_predictions=1978
[eval.mvp] Scoring complete | accuracy=50.0000 pair_consistency=0.0000 n_pairs=989 n_samples=1978
[eval.mvp] Artifacts written | output_dir=artifacts/probes/mvp/mvp_probe_linear_ltx_video_ltxv_13b_0_9_8_distilled_20260510T113414Z/layer_noise_1.0_block_48/train/trial_0013/val_eval
[I 2026-05-10 14:13:46,384] Trial 13 finished with value: 0.0 and parameters: {'lr': 0.0009827696709910616, 'weight_decay': 0.008946810000979412, 'batch_size': 64, 'epochs': 2000}. Best is trial 0 with value: 0.0.
[eval.mvp] Starting eval | split_name=val split_dir=data/splits/mvp/full_60_20_20 predictor_mode=from_file annotation_file=data/annotations/mvp_full.jsonl
[eval.mvp] Loaded split assignments | split_pairs=989 split_samples=1978
[eval.mvp] Prepared samples | n_pairs_before_trim=989 n_samples_before_trim=1978 n_pairs_after_trim=989 n_samples_after_trim=1978 max_pairs=0
[eval.mvp] Generated predictions | n_predictions=1978
[eval.mvp] Scoring complete | accuracy=50.0000 pair_consistency=0.0000 n_pairs=989 n_samples=1978
[eval.mvp] Artifacts written | output_dir=artifacts/probes/mvp/mvp_probe_linear_ltx_video_ltxv_13b_0_9_8_distilled_20260510T113414Z/layer_noise_1.0_block_48/train/trial_0014/val_eval
[I 2026-05-10 14:14:21,515] Trial 14 finished with value: 0.0 and parameters: {'lr': 0.009346845015219, 'weight_decay': 0.00010294317962430987, 'batch_size': 32, 'epochs': 100}. Best is trial 0 with value: 0.0.
[eval.mvp] Starting eval | split_name=val split_dir=data/splits/mvp/full_60_20_20 predictor_mode=from_file annotation_file=data/annotations/mvp_full.jsonl
[eval.mvp] Loaded split assignments | split_pairs=989 split_samples=1978
[eval.mvp] Prepared samples | n_pairs_before_trim=989 n_samples_before_trim=1978 n_pairs_after_trim=989 n_samples_after_trim=1978 max_pairs=0
[eval.mvp] Generated predictions | n_predictions=1978
[eval.mvp] Scoring complete | accuracy=50.0000 pair_consistency=0.0000 n_pairs=989 n_samples=1978
[eval.mvp] Artifacts written | output_dir=artifacts/probes/mvp/mvp_probe_linear_ltx_video_ltxv_13b_0_9_8_distilled_20260510T113414Z/layer_noise_1.0_block_48/train/trial_0015/val_eval
[I 2026-05-10 14:15:40,543] Trial 15 finished with value: 0.0 and parameters: {'lr': 1.9592076566280752e-05, 'weight_decay': 5.807862910443679e-06, 'batch_size': 256, 'epochs': 500}. Best is trial 0 with value: 0.0.
[eval.mvp] Starting eval | split_name=val split_dir=data/splits/mvp/full_60_20_20 predictor_mode=from_file annotation_file=data/annotations/mvp_full.jsonl
[eval.mvp] Loaded split assignments | split_pairs=989 split_samples=1978
[eval.mvp] Prepared samples | n_pairs_before_trim=989 n_samples_before_trim=1978 n_pairs_after_trim=989 n_samples_after_trim=1978 max_pairs=0
[eval.mvp] Generated predictions | n_predictions=1978
[eval.mvp] Scoring complete | accuracy=50.0000 pair_consistency=0.0000 n_pairs=989 n_samples=1978
[eval.mvp] Artifacts written | output_dir=artifacts/probes/mvp/mvp_probe_linear_ltx_video_ltxv_13b_0_9_8_distilled_20260510T113414Z/layer_noise_1.0_block_48/train/trial_0016/val_eval
[I 2026-05-10 14:15:56,941] Trial 16 finished with value: 0.0 and parameters: {'lr': 0.0035459485775337835, 'weight_decay': 2.1424483808604603e-06, 'batch_size': 256, 'epochs': 20}. Best is trial 0 with value: 0.0.
[eval.mvp] Starting eval | split_name=val split_dir=data/splits/mvp/full_60_20_20 predictor_mode=from_file annotation_file=data/annotations/mvp_full.jsonl
[eval.mvp] Loaded split assignments | split_pairs=989 split_samples=1978
[eval.mvp] Prepared samples | n_pairs_before_trim=989 n_samples_before_trim=1978 n_pairs_after_trim=989 n_samples_after_trim=1978 max_pairs=0
[eval.mvp] Generated predictions | n_predictions=1978
[eval.mvp] Scoring complete | accuracy=50.0000 pair_consistency=0.0000 n_pairs=989 n_samples=1978
[eval.mvp] Artifacts written | output_dir=artifacts/probes/mvp/mvp_probe_linear_ltx_video_ltxv_13b_0_9_8_distilled_20260510T113414Z/layer_noise_1.0_block_48/train/trial_0017/val_eval
[I 2026-05-10 14:24:15,927] Trial 17 finished with value: 0.0 and parameters: {'lr': 0.0007948707226799964, 'weight_decay': 1.4239225315245903e-08, 'batch_size': 32, 'epochs': 2000}. Best is trial 0 with value: 0.0.
[eval.mvp] Starting eval | split_name=val split_dir=data/splits/mvp/full_60_20_20 predictor_mode=from_file annotation_file=data/annotations/mvp_full.jsonl
[eval.mvp] Loaded split assignments | split_pairs=989 split_samples=1978
[eval.mvp] Prepared samples | n_pairs_before_trim=989 n_samples_before_trim=1978 n_pairs_after_trim=989 n_samples_after_trim=1978 max_pairs=0
[eval.mvp] Generated predictions | n_predictions=1978
[eval.mvp] Scoring complete | accuracy=50.0000 pair_consistency=0.0000 n_pairs=989 n_samples=1978
[eval.mvp] Artifacts written | output_dir=artifacts/probes/mvp/mvp_probe_linear_ltx_video_ltxv_13b_0_9_8_distilled_20260510T113414Z/layer_noise_1.0_block_48/train/trial_0018/val_eval
[I 2026-05-10 14:24:53,293] Trial 18 finished with value: 0.0 and parameters: {'lr': 4.720845304099489e-05, 'weight_decay': 1.7071783919969125e-07, 'batch_size': 64, 'epochs': 100}. Best is trial 0 with value: 0.0.
[eval.mvp] Starting eval | split_name=val split_dir=data/splits/mvp/full_60_20_20 predictor_mode=from_file annotation_file=data/annotations/mvp_full.jsonl
[eval.mvp] Loaded split assignments | split_pairs=989 split_samples=1978
[eval.mvp] Prepared samples | n_pairs_before_trim=989 n_samples_before_trim=1978 n_pairs_after_trim=989 n_samples_after_trim=1978 max_pairs=0
[eval.mvp] Generated predictions | n_predictions=1978
[eval.mvp] Scoring complete | accuracy=50.0000 pair_consistency=0.0000 n_pairs=989 n_samples=1978
[eval.mvp] Artifacts written | output_dir=artifacts/probes/mvp/mvp_probe_linear_ltx_video_ltxv_13b_0_9_8_distilled_20260510T113414Z/layer_noise_1.0_block_48/train/trial_0019/val_eval
[I 2026-05-10 14:30:05,295] Trial 19 finished with value: 0.0 and parameters: {'lr': 0.0007392530738469641, 'weight_decay': 0.000369960521744469, 'batch_size': 256, 'epochs': 2000}. Best is trial 0 with value: 0.0.
[eval.mvp] Starting eval | split_name=train split_dir=data/splits/mvp/full_60_20_20 predictor_mode=from_file annotation_file=data/annotations/mvp_full.jsonl
[eval.mvp] Loaded split assignments | split_pairs=2965 split_samples=5930
[eval.mvp] Prepared samples | n_pairs_before_trim=2965 n_samples_before_trim=5930 n_pairs_after_trim=2965 n_samples_after_trim=5930 max_pairs=0
[eval.mvp] Generated predictions | n_predictions=5930
[eval.mvp] Scoring complete | accuracy=50.0000 pair_consistency=0.0000 n_pairs=2965 n_samples=5930
[eval.mvp] Artifacts written | output_dir=artifacts/probes/mvp/mvp_probe_linear_ltx_video_ltxv_13b_0_9_8_distilled_20260510T113414Z/layer_noise_1.0_block_48/eval/train
[eval.mvp] Starting eval | split_name=val split_dir=data/splits/mvp/full_60_20_20 predictor_mode=from_file annotation_file=data/annotations/mvp_full.jsonl
[eval.mvp] Loaded split assignments | split_pairs=989 split_samples=1978
[eval.mvp] Prepared samples | n_pairs_before_trim=989 n_samples_before_trim=1978 n_pairs_after_trim=989 n_samples_after_trim=1978 max_pairs=0
[eval.mvp] Generated predictions | n_predictions=1978
[eval.mvp] Scoring complete | accuracy=50.0000 pair_consistency=0.0000 n_pairs=989 n_samples=1978
[eval.mvp] Artifacts written | output_dir=artifacts/probes/mvp/mvp_probe_linear_ltx_video_ltxv_13b_0_9_8_distilled_20260510T113414Z/layer_noise_1.0_block_48/eval/val
[eval.mvp] Starting eval | split_name=test split_dir=data/splits/mvp/full_60_20_20 predictor_mode=from_file annotation_file=data/annotations/mvp_full.jsonl
[eval.mvp] Loaded split assignments | split_pairs=989 split_samples=1978
[eval.mvp] Prepared samples | n_pairs_before_trim=989 n_samples_before_trim=1978 n_pairs_after_trim=989 n_samples_after_trim=1978 max_pairs=0
[eval.mvp] Generated predictions | n_predictions=1978
[eval.mvp] Scoring complete | accuracy=50.0000 pair_consistency=0.0000 n_pairs=989 n_samples=1978
[eval.mvp] Artifacts written | output_dir=artifacts/probes/mvp/mvp_probe_linear_ltx_video_ltxv_13b_0_9_8_distilled_20260510T113414Z/layer_noise_1.0_block_48/eval/test
[I 2026-05-10 14:30:15,022] A new study created in RDB with name: mvp_linear_ltx_video_layer_noise_0.9_block_48
[eval.mvp] Starting eval | split_name=val split_dir=data/splits/mvp/full_60_20_20 predictor_mode=from_file annotation_file=data/annotations/mvp_full.jsonl
[eval.mvp] Loaded split assignments | split_pairs=989 split_samples=1978
[eval.mvp] Prepared samples | n_pairs_before_trim=989 n_samples_before_trim=1978 n_pairs_after_trim=989 n_samples_after_trim=1978 max_pairs=0
[eval.mvp] Generated predictions | n_predictions=1978
[eval.mvp] Scoring complete | accuracy=59.8584 pair_consistency=30.1314 n_pairs=989 n_samples=1978
[eval.mvp] Artifacts written | output_dir=artifacts/probes/mvp/mvp_probe_linear_ltx_video_ltxv_13b_0_9_8_distilled_20260510T113414Z/layer_noise_0.9_block_48/train/trial_0000/val_eval
[I 2026-05-10 14:38:37,786] Trial 0 finished with value: 30.1314459049545 and parameters: {'lr': 0.0001329291894316216, 'weight_decay': 0.005061576888752304, 'batch_size': 32, 'epochs': 2000}. Best is trial 0 with value: 30.1314459049545.
[eval.mvp] Starting eval | split_name=val split_dir=data/splits/mvp/full_60_20_20 predictor_mode=from_file annotation_file=data/annotations/mvp_full.jsonl
[eval.mvp] Loaded split assignments | split_pairs=989 split_samples=1978
[eval.mvp] Prepared samples | n_pairs_before_trim=989 n_samples_before_trim=1978 n_pairs_after_trim=989 n_samples_after_trim=1978 max_pairs=0
[eval.mvp] Generated predictions | n_predictions=1978
[eval.mvp] Scoring complete | accuracy=57.3812 pair_consistency=28.2103 n_pairs=989 n_samples=1978
[eval.mvp] Artifacts written | output_dir=artifacts/probes/mvp/mvp_probe_linear_ltx_video_ltxv_13b_0_9_8_distilled_20260510T113414Z/layer_noise_0.9_block_48/train/trial_0001/val_eval
[I 2026-05-10 14:39:03,356] Trial 1 finished with value: 28.2103134479272 and parameters: {'lr': 0.00314288089084011, 'weight_decay': 1.879466824163843e-07, 'batch_size': 256, 'epochs': 100}. Best is trial 0 with value: 30.1314459049545.
[eval.mvp] Starting eval | split_name=val split_dir=data/splits/mvp/full_60_20_20 predictor_mode=from_file annotation_file=data/annotations/mvp_full.jsonl
[eval.mvp] Loaded split assignments | split_pairs=989 split_samples=1978
[eval.mvp] Prepared samples | n_pairs_before_trim=989 n_samples_before_trim=1978 n_pairs_after_trim=989 n_samples_after_trim=1978 max_pairs=0
[eval.mvp] Generated predictions | n_predictions=1978
[eval.mvp] Scoring complete | accuracy=59.6562 pair_consistency=31.3448 n_pairs=989 n_samples=1978
[eval.mvp] Artifacts written | output_dir=artifacts/probes/mvp/mvp_probe_linear_ltx_video_ltxv_13b_0_9_8_distilled_20260510T113414Z/layer_noise_0.9_block_48/train/trial_0002/val_eval
[I 2026-05-10 14:41:30,269] Trial 2 finished with value: 31.344792719919113 and parameters: {'lr': 0.00023345864076016249, 'weight_decay': 0.0005141096648805752, 'batch_size': 128, 'epochs': 1000}. Best is trial 2 with value: 31.344792719919113.
[eval.mvp] Starting eval | split_name=val split_dir=data/splits/mvp/full_60_20_20 predictor_mode=from_file annotation_file=data/annotations/mvp_full.jsonl
[eval.mvp] Loaded split assignments | split_pairs=989 split_samples=1978
[eval.mvp] Prepared samples | n_pairs_before_trim=989 n_samples_before_trim=1978 n_pairs_after_trim=989 n_samples_after_trim=1978 max_pairs=0
[eval.mvp] Generated predictions | n_predictions=1978
[eval.mvp] Scoring complete | accuracy=56.8756 pair_consistency=23.5592 n_pairs=989 n_samples=1978
[eval.mvp] Artifacts written | output_dir=artifacts/probes/mvp/mvp_probe_linear_ltx_video_ltxv_13b_0_9_8_distilled_20260510T113414Z/layer_noise_0.9_block_48/train/trial_0003/val_eval
[I 2026-05-10 14:41:57,031] Trial 3 finished with value: 23.559150657229523 and parameters: {'lr': 8.200518402245828e-05, 'weight_decay': 3.855073690026179e-08, 'batch_size': 32, 'epochs': 50}. Best is trial 2 with value: 31.344792719919113.
[eval.mvp] Starting eval | split_name=val split_dir=data/splits/mvp/full_60_20_20 predictor_mode=from_file annotation_file=data/annotations/mvp_full.jsonl
[eval.mvp] Loaded split assignments | split_pairs=989 split_samples=1978
[eval.mvp] Prepared samples | n_pairs_before_trim=989 n_samples_before_trim=1978 n_pairs_after_trim=989 n_samples_after_trim=1978 max_pairs=0
[eval.mvp] Generated predictions | n_predictions=1978
[eval.mvp] Scoring complete | accuracy=57.3306 pair_consistency=25.8847 n_pairs=989 n_samples=1978
[eval.mvp] Artifacts written | output_dir=artifacts/probes/mvp/mvp_probe_linear_ltx_video_ltxv_13b_0_9_8_distilled_20260510T113414Z/layer_noise_0.9_block_48/train/trial_0004/val_eval
[I 2026-05-10 14:42:24,141] Trial 4 finished with value: 25.884732052578364 and parameters: {'lr': 0.00043664735929796326, 'weight_decay': 1.2856617791467908e-07, 'batch_size': 32, 'epochs': 50}. Best is trial 2 with value: 31.344792719919113.
[eval.mvp] Starting eval | split_name=val split_dir=data/splits/mvp/full_60_20_20 predictor_mode=from_file annotation_file=data/annotations/mvp_full.jsonl
[eval.mvp] Loaded split assignments | split_pairs=989 split_samples=1978
[eval.mvp] Prepared samples | n_pairs_before_trim=989 n_samples_before_trim=1978 n_pairs_after_trim=989 n_samples_after_trim=1978 max_pairs=0
[eval.mvp] Generated predictions | n_predictions=1978
[eval.mvp] Scoring complete | accuracy=59.3529 pair_consistency=30.1314 n_pairs=989 n_samples=1978
[eval.mvp] Artifacts written | output_dir=artifacts/probes/mvp/mvp_probe_linear_ltx_video_ltxv_13b_0_9_8_distilled_20260510T113414Z/layer_noise_0.9_block_48/train/trial_0005/val_eval
[I 2026-05-10 14:44:32,930] Trial 5 finished with value: 30.1314459049545 and parameters: {'lr': 0.00014656553886225324, 'weight_decay': 4.247116662617142e-07, 'batch_size': 32, 'epochs': 500}. Best is trial 2 with value: 31.344792719919113.
[I 2026-05-10 14:44:57,173] Trial 6 pruned. Pruned at epoch 100 with val_accuracy=54.2467
[I 2026-05-10 14:45:17,383] Trial 7 pruned. Pruned at epoch 100 with val_accuracy=55.9656
[I 2026-05-10 14:45:34,553] Trial 8 pruned. Pruned at epoch 100 with val_accuracy=55.4095
[I 2026-05-10 14:46:03,032] Trial 9 pruned. Pruned at epoch 100 with val_accuracy=55.7128
[eval.mvp] Starting eval | split_name=val split_dir=data/splits/mvp/full_60_20_20 predictor_mode=from_file annotation_file=data/annotations/mvp_full.jsonl
[eval.mvp] Loaded split assignments | split_pairs=989 split_samples=1978
[eval.mvp] Prepared samples | n_pairs_before_trim=989 n_samples_before_trim=1978 n_pairs_after_trim=989 n_samples_after_trim=1978 max_pairs=0
[eval.mvp] Generated predictions | n_predictions=1978
[eval.mvp] Scoring complete | accuracy=55.5612 pair_consistency=23.5592 n_pairs=989 n_samples=1978
[eval.mvp] Artifacts written | output_dir=artifacts/probes/mvp/mvp_probe_linear_ltx_video_ltxv_13b_0_9_8_distilled_20260510T113414Z/layer_noise_0.9_block_48/train/trial_0010/val_eval
[I 2026-05-10 14:46:20,625] Trial 10 finished with value: 23.559150657229523 and parameters: {'lr': 0.002146403547714585, 'weight_decay': 0.00011188771567666644, 'batch_size': 64, 'epochs': 20}. Best is trial 2 with value: 31.344792719919113.
[I 2026-05-10 14:46:44,270] Trial 11 pruned. Pruned at epoch 100 with val_accuracy=55.6623
[I 2026-05-10 14:47:06,581] Trial 12 pruned. Pruned at epoch 100 with val_accuracy=54.4995
[I 2026-05-10 14:47:34,353] Trial 13 pruned. Pruned at epoch 100 with val_accuracy=57.2295
[I 2026-05-10 14:48:08,906] Trial 14 pruned. Pruned at epoch 134 with val_accuracy=53.8423
[eval.mvp] Starting eval | split_name=val split_dir=data/splits/mvp/full_60_20_20 predictor_mode=from_file annotation_file=data/annotations/mvp_full.jsonl
[eval.mvp] Loaded split assignments | split_pairs=989 split_samples=1978
[eval.mvp] Prepared samples | n_pairs_before_trim=989 n_samples_before_trim=1978 n_pairs_after_trim=989 n_samples_after_trim=1978 max_pairs=0
[eval.mvp] Generated predictions | n_predictions=1978
[eval.mvp] Scoring complete | accuracy=52.8311 pair_consistency=21.9414 n_pairs=989 n_samples=1978
[eval.mvp] Artifacts written | output_dir=artifacts/probes/mvp/mvp_probe_linear_ltx_video_ltxv_13b_0_9_8_distilled_20260510T113414Z/layer_noise_0.9_block_48/train/trial_0015/val_eval
[I 2026-05-10 14:48:34,413] Trial 15 finished with value: 21.941354903943378 and parameters: {'lr': 2.990630550212624e-05, 'weight_decay': 1.4678218833234581e-05, 'batch_size': 128, 'epochs': 20}. Best is trial 2 with value: 31.344792719919113.
[I 2026-05-10 14:48:53,098] Trial 16 pruned. Pruned at epoch 100 with val_accuracy=54.7017
[I 2026-05-10 14:49:15,751] Trial 17 pruned. Pruned at epoch 100 with val_accuracy=56.8251
[I 2026-05-10 14:49:35,946] Trial 18 pruned. Pruned at epoch 100 with val_accuracy=56.6734
[I 2026-05-10 14:50:02,904] Trial 19 pruned. Pruned at epoch 100 with val_accuracy=57.8362
[eval.mvp] Starting eval | split_name=train split_dir=data/splits/mvp/full_60_20_20 predictor_mode=from_file annotation_file=data/annotations/mvp_full.jsonl
[eval.mvp] Loaded split assignments | split_pairs=2965 split_samples=5930
[eval.mvp] Prepared samples | n_pairs_before_trim=2965 n_samples_before_trim=5930 n_pairs_after_trim=2965 n_samples_after_trim=5930 max_pairs=0
[eval.mvp] Generated predictions | n_predictions=5930
[eval.mvp] Scoring complete | accuracy=77.6223 pair_consistency=57.8752 n_pairs=2965 n_samples=5930
[eval.mvp] Artifacts written | output_dir=artifacts/probes/mvp/mvp_probe_linear_ltx_video_ltxv_13b_0_9_8_distilled_20260510T113414Z/layer_noise_0.9_block_48/eval/train
[eval.mvp] Starting eval | split_name=val split_dir=data/splits/mvp/full_60_20_20 predictor_mode=from_file annotation_file=data/annotations/mvp_full.jsonl
[eval.mvp] Loaded split assignments | split_pairs=989 split_samples=1978
[eval.mvp] Prepared samples | n_pairs_before_trim=989 n_samples_before_trim=1978 n_pairs_after_trim=989 n_samples_after_trim=1978 max_pairs=0
[eval.mvp] Generated predictions | n_predictions=1978
[eval.mvp] Scoring complete | accuracy=59.6562 pair_consistency=31.3448 n_pairs=989 n_samples=1978
[eval.mvp] Artifacts written | output_dir=artifacts/probes/mvp/mvp_probe_linear_ltx_video_ltxv_13b_0_9_8_distilled_20260510T113414Z/layer_noise_0.9_block_48/eval/val
[eval.mvp] Starting eval | split_name=test split_dir=data/splits/mvp/full_60_20_20 predictor_mode=from_file annotation_file=data/annotations/mvp_full.jsonl
[eval.mvp] Loaded split assignments | split_pairs=989 split_samples=1978
[eval.mvp] Prepared samples | n_pairs_before_trim=989 n_samples_before_trim=1978 n_pairs_after_trim=989 n_samples_after_trim=1978 max_pairs=0
[eval.mvp] Generated predictions | n_predictions=1978
[eval.mvp] Scoring complete | accuracy=57.6340 pair_consistency=29.2214 n_pairs=989 n_samples=1978
[eval.mvp] Artifacts written | output_dir=artifacts/probes/mvp/mvp_probe_linear_ltx_video_ltxv_13b_0_9_8_distilled_20260510T113414Z/layer_noise_0.9_block_48/eval/test
[I 2026-05-10 14:50:12,091] A new study created in RDB with name: mvp_linear_ltx_video_layer_noise_0.8_block_48
[eval.mvp] Starting eval | split_name=val split_dir=data/splits/mvp/full_60_20_20 predictor_mode=from_file annotation_file=data/annotations/mvp_full.jsonl
[eval.mvp] Loaded split assignments | split_pairs=989 split_samples=1978
[eval.mvp] Prepared samples | n_pairs_before_trim=989 n_samples_before_trim=1978 n_pairs_after_trim=989 n_samples_after_trim=1978 max_pairs=0
[eval.mvp] Generated predictions | n_predictions=1978
[eval.mvp] Scoring complete | accuracy=62.1840 pair_consistency=35.2882 n_pairs=989 n_samples=1978
[eval.mvp] Artifacts written | output_dir=artifacts/probes/mvp/mvp_probe_linear_ltx_video_ltxv_13b_0_9_8_distilled_20260510T113414Z/layer_noise_0.8_block_48/train/trial_0000/val_eval
[I 2026-05-10 14:58:27,693] Trial 0 finished with value: 35.28816986855409 and parameters: {'lr': 0.0001329291894316216, 'weight_decay': 0.005061576888752304, 'batch_size': 32, 'epochs': 2000}. Best is trial 0 with value: 35.28816986855409.
[eval.mvp] Starting eval | split_name=val split_dir=data/splits/mvp/full_60_20_20 predictor_mode=from_file annotation_file=data/annotations/mvp_full.jsonl
[eval.mvp] Loaded split assignments | split_pairs=989 split_samples=1978
[eval.mvp] Prepared samples | n_pairs_before_trim=989 n_samples_before_trim=1978 n_pairs_after_trim=989 n_samples_after_trim=1978 max_pairs=0
[eval.mvp] Generated predictions | n_predictions=1978
[eval.mvp] Scoring complete | accuracy=60.7685 pair_consistency=31.5470 n_pairs=989 n_samples=1978
[eval.mvp] Artifacts written | output_dir=artifacts/probes/mvp/mvp_probe_linear_ltx_video_ltxv_13b_0_9_8_distilled_20260510T113414Z/layer_noise_0.8_block_48/train/trial_0001/val_eval
[I 2026-05-10 14:58:53,664] Trial 1 finished with value: 31.547017189079877 and parameters: {'lr': 0.00314288089084011, 'weight_decay': 1.879466824163843e-07, 'batch_size': 256, 'epochs': 100}. Best is trial 0 with value: 35.28816986855409.
[eval.mvp] Starting eval | split_name=val split_dir=data/splits/mvp/full_60_20_20 predictor_mode=from_file annotation_file=data/annotations/mvp_full.jsonl
[eval.mvp] Loaded split assignments | split_pairs=989 split_samples=1978
[eval.mvp] Prepared samples | n_pairs_before_trim=989 n_samples_before_trim=1978 n_pairs_after_trim=989 n_samples_after_trim=1978 max_pairs=0
[eval.mvp] Generated predictions | n_predictions=1978
[eval.mvp] Scoring complete | accuracy=62.3862 pair_consistency=36.6026 n_pairs=989 n_samples=1978
[eval.mvp] Artifacts written | output_dir=artifacts/probes/mvp/mvp_probe_linear_ltx_video_ltxv_13b_0_9_8_distilled_20260510T113414Z/layer_noise_0.8_block_48/train/trial_0002/val_eval
[I 2026-05-10 15:01:25,312] Trial 2 finished with value: 36.602628918099086 and parameters: {'lr': 0.00023345864076016249, 'weight_decay': 0.0005141096648805752, 'batch_size': 128, 'epochs': 1000}. Best is trial 2 with value: 36.602628918099086.
[eval.mvp] Starting eval | split_name=val split_dir=data/splits/mvp/full_60_20_20 predictor_mode=from_file annotation_file=data/annotations/mvp_full.jsonl
[eval.mvp] Loaded split assignments | split_pairs=989 split_samples=1978
[eval.mvp] Prepared samples | n_pairs_before_trim=989 n_samples_before_trim=1978 n_pairs_after_trim=989 n_samples_after_trim=1978 max_pairs=0
[eval.mvp] Generated predictions | n_predictions=1978
[eval.mvp] Scoring complete | accuracy=59.6562 pair_consistency=30.9403 n_pairs=989 n_samples=1978
[eval.mvp] Artifacts written | output_dir=artifacts/probes/mvp/mvp_probe_linear_ltx_video_ltxv_13b_0_9_8_distilled_20260510T113414Z/layer_noise_0.8_block_48/train/trial_0003/val_eval
[I 2026-05-10 15:01:51,174] Trial 3 finished with value: 30.940343781597573 and parameters: {'lr': 8.200518402245828e-05, 'weight_decay': 3.855073690026179e-08, 'batch_size': 32, 'epochs': 50}. Best is trial 2 with value: 36.602628918099086.
[eval.mvp] Starting eval | split_name=val split_dir=data/splits/mvp/full_60_20_20 predictor_mode=from_file annotation_file=data/annotations/mvp_full.jsonl
[eval.mvp] Loaded split assignments | split_pairs=989 split_samples=1978
[eval.mvp] Prepared samples | n_pairs_before_trim=989 n_samples_before_trim=1978 n_pairs_after_trim=989 n_samples_after_trim=1978 max_pairs=0
[eval.mvp] Generated predictions | n_predictions=1978
[eval.mvp] Scoring complete | accuracy=60.3134 pair_consistency=33.3670 n_pairs=989 n_samples=1978
[eval.mvp] Artifacts written | output_dir=artifacts/probes/mvp/mvp_probe_linear_ltx_video_ltxv_13b_0_9_8_distilled_20260510T113414Z/layer_noise_0.8_block_48/train/trial_0004/val_eval
[I 2026-05-10 15:02:16,428] Trial 4 finished with value: 33.367037411526795 and parameters: {'lr': 0.00043664735929796326, 'weight_decay': 1.2856617791467908e-07, 'batch_size': 32, 'epochs': 50}. Best is trial 2 with value: 36.602628918099086.
[eval.mvp] Starting eval | split_name=val split_dir=data/splits/mvp/full_60_20_20 predictor_mode=from_file annotation_file=data/annotations/mvp_full.jsonl
[eval.mvp] Loaded split assignments | split_pairs=989 split_samples=1978
[eval.mvp] Prepared samples | n_pairs_before_trim=989 n_samples_before_trim=1978 n_pairs_after_trim=989 n_samples_after_trim=1978 max_pairs=0
[eval.mvp] Generated predictions | n_predictions=1978
[eval.mvp] Scoring complete | accuracy=61.9818 pair_consistency=35.4904 n_pairs=989 n_samples=1978
[eval.mvp] Artifacts written | output_dir=artifacts/probes/mvp/mvp_probe_linear_ltx_video_ltxv_13b_0_9_8_distilled_20260510T113414Z/layer_noise_0.8_block_48/train/trial_0005/val_eval
[I 2026-05-10 15:04:21,109] Trial 5 finished with value: 35.49039433771487 and parameters: {'lr': 0.00014656553886225324, 'weight_decay': 4.247116662617142e-07, 'batch_size': 32, 'epochs': 500}. Best is trial 2 with value: 36.602628918099086.
[I 2026-05-10 15:04:40,141] Trial 6 pruned. Pruned at epoch 100 with val_accuracy=55.6623
[I 2026-05-10 15:04:57,492] Trial 7 pruned. Pruned at epoch 100 with val_accuracy=59.7573
[I 2026-05-10 15:05:13,741] Trial 8 pruned. Pruned at epoch 100 with val_accuracy=58.5945
[I 2026-05-10 15:05:33,118] Trial 9 pruned. Pruned at epoch 100 with val_accuracy=58.0890
[eval.mvp] Starting eval | split_name=val split_dir=data/splits/mvp/full_60_20_20 predictor_mode=from_file annotation_file=data/annotations/mvp_full.jsonl
[eval.mvp] Loaded split assignments | split_pairs=989 split_samples=1978
[eval.mvp] Prepared samples | n_pairs_before_trim=989 n_samples_before_trim=1978 n_pairs_after_trim=989 n_samples_after_trim=1978 max_pairs=0
[eval.mvp] Generated predictions | n_predictions=1978
[eval.mvp] Scoring complete | accuracy=58.7462 pair_consistency=28.6148 n_pairs=989 n_samples=1978
[eval.mvp] Artifacts written | output_dir=artifacts/probes/mvp/mvp_probe_linear_ltx_video_ltxv_13b_0_9_8_distilled_20260510T113414Z/layer_noise_0.8_block_48/train/trial_0010/val_eval
[I 2026-05-10 15:05:50,760] Trial 10 finished with value: 28.61476238624874 and parameters: {'lr': 0.002146403547714585, 'weight_decay': 0.00011188771567666644, 'batch_size': 64, 'epochs': 20}. Best is trial 2 with value: 36.602628918099086.
[I 2026-05-10 15:06:17,602] Trial 11 pruned. Pruned at epoch 126 with val_accuracy=61.0718
[I 2026-05-10 15:06:45,846] Trial 12 pruned. Pruned at epoch 100 with val_accuracy=58.5945
[I 2026-05-10 15:07:05,294] Trial 13 pruned. Pruned at epoch 100 with val_accuracy=60.5157
[I 2026-05-10 15:07:36,139] Trial 14 pruned. Pruned at epoch 120 with val_accuracy=59.5551
[eval.mvp] Starting eval | split_name=val split_dir=data/splits/mvp/full_60_20_20 predictor_mode=from_file annotation_file=data/annotations/mvp_full.jsonl
[eval.mvp] Loaded split assignments | split_pairs=989 split_samples=1978
[eval.mvp] Prepared samples | n_pairs_before_trim=989 n_samples_before_trim=1978 n_pairs_after_trim=989 n_samples_after_trim=1978 max_pairs=0
[eval.mvp] Generated predictions | n_predictions=1978
[eval.mvp] Scoring complete | accuracy=54.0445 pair_consistency=22.7503 n_pairs=989 n_samples=1978
[eval.mvp] Artifacts written | output_dir=artifacts/probes/mvp/mvp_probe_linear_ltx_video_ltxv_13b_0_9_8_distilled_20260510T113414Z/layer_noise_0.8_block_48/train/trial_0015/val_eval
[I 2026-05-10 15:07:53,802] Trial 15 finished with value: 22.75025278058645 and parameters: {'lr': 4.154539727288801e-05, 'weight_decay': 1.2119443267366663e-06, 'batch_size': 128, 'epochs': 20}. Best is trial 2 with value: 36.602628918099086.
[I 2026-05-10 15:08:12,121] Trial 16 pruned. Pruned at epoch 100 with val_accuracy=59.0495
[I 2026-05-10 15:08:37,949] Trial 17 pruned. Pruned at epoch 113 with val_accuracy=58.9484
[I 2026-05-10 15:09:07,911] Trial 18 pruned. Pruned at epoch 107 with val_accuracy=56.3701
[I 2026-05-10 15:09:28,759] Trial 19 pruned. Pruned at epoch 107 with val_accuracy=58.3923
[eval.mvp] Starting eval | split_name=train split_dir=data/splits/mvp/full_60_20_20 predictor_mode=from_file annotation_file=data/annotations/mvp_full.jsonl
[eval.mvp] Loaded split assignments | split_pairs=2965 split_samples=5930
[eval.mvp] Prepared samples | n_pairs_before_trim=2965 n_samples_before_trim=5930 n_pairs_after_trim=2965 n_samples_after_trim=5930 max_pairs=0
[eval.mvp] Generated predictions | n_predictions=5930
[eval.mvp] Scoring complete | accuracy=83.5076 pair_consistency=69.5447 n_pairs=2965 n_samples=5930
[eval.mvp] Artifacts written | output_dir=artifacts/probes/mvp/mvp_probe_linear_ltx_video_ltxv_13b_0_9_8_distilled_20260510T113414Z/layer_noise_0.8_block_48/eval/train
[eval.mvp] Starting eval | split_name=val split_dir=data/splits/mvp/full_60_20_20 predictor_mode=from_file annotation_file=data/annotations/mvp_full.jsonl
[eval.mvp] Loaded split assignments | split_pairs=989 split_samples=1978
[eval.mvp] Prepared samples | n_pairs_before_trim=989 n_samples_before_trim=1978 n_pairs_after_trim=989 n_samples_after_trim=1978 max_pairs=0
[eval.mvp] Generated predictions | n_predictions=1978
[eval.mvp] Scoring complete | accuracy=62.3862 pair_consistency=36.6026 n_pairs=989 n_samples=1978
[eval.mvp] Artifacts written | output_dir=artifacts/probes/mvp/mvp_probe_linear_ltx_video_ltxv_13b_0_9_8_distilled_20260510T113414Z/layer_noise_0.8_block_48/eval/val
[eval.mvp] Starting eval | split_name=test split_dir=data/splits/mvp/full_60_20_20 predictor_mode=from_file annotation_file=data/annotations/mvp_full.jsonl
[eval.mvp] Loaded split assignments | split_pairs=989 split_samples=1978
[eval.mvp] Prepared samples | n_pairs_before_trim=989 n_samples_before_trim=1978 n_pairs_after_trim=989 n_samples_after_trim=1978 max_pairs=0
[eval.mvp] Generated predictions | n_predictions=1978
[eval.mvp] Scoring complete | accuracy=60.5662 pair_consistency=33.0637 n_pairs=989 n_samples=1978
[eval.mvp] Artifacts written | output_dir=artifacts/probes/mvp/mvp_probe_linear_ltx_video_ltxv_13b_0_9_8_distilled_20260510T113414Z/layer_noise_0.8_block_48/eval/test
[I 2026-05-10 15:09:38,142] A new study created in RDB with name: mvp_linear_ltx_video_layer_noise_0.7_block_48
[eval.mvp] Starting eval | split_name=val split_dir=data/splits/mvp/full_60_20_20 predictor_mode=from_file annotation_file=data/annotations/mvp_full.jsonl
[eval.mvp] Loaded split assignments | split_pairs=989 split_samples=1978
[eval.mvp] Prepared samples | n_pairs_before_trim=989 n_samples_before_trim=1978 n_pairs_after_trim=989 n_samples_after_trim=1978 max_pairs=0
[eval.mvp] Generated predictions | n_predictions=1978
[eval.mvp] Scoring complete | accuracy=63.4985 pair_consistency=37.6138 n_pairs=989 n_samples=1978
[eval.mvp] Artifacts written | output_dir=artifacts/probes/mvp/mvp_probe_linear_ltx_video_ltxv_13b_0_9_8_distilled_20260510T113414Z/layer_noise_0.7_block_48/train/trial_0000/val_eval
[I 2026-05-10 15:17:52,187] Trial 0 finished with value: 37.613751263902934 and parameters: {'lr': 0.0001329291894316216, 'weight_decay': 0.005061576888752304, 'batch_size': 32, 'epochs': 2000}. Best is trial 0 with value: 37.613751263902934.
[eval.mvp] Starting eval | split_name=val split_dir=data/splits/mvp/full_60_20_20 predictor_mode=from_file annotation_file=data/annotations/mvp_full.jsonl
[eval.mvp] Loaded split assignments | split_pairs=989 split_samples=1978
[eval.mvp] Prepared samples | n_pairs_before_trim=989 n_samples_before_trim=1978 n_pairs_after_trim=989 n_samples_after_trim=1978 max_pairs=0
[eval.mvp] Generated predictions | n_predictions=1978
[eval.mvp] Scoring complete | accuracy=62.2346 pair_consistency=34.9848 n_pairs=989 n_samples=1978
[eval.mvp] Artifacts written | output_dir=artifacts/probes/mvp/mvp_probe_linear_ltx_video_ltxv_13b_0_9_8_distilled_20260510T113414Z/layer_noise_0.7_block_48/train/trial_0001/val_eval
[I 2026-05-10 15:18:18,426] Trial 1 finished with value: 34.98483316481295 and parameters: {'lr': 0.00314288089084011, 'weight_decay': 1.879466824163843e-07, 'batch_size': 256, 'epochs': 100}. Best is trial 0 with value: 37.613751263902934.
[eval.mvp] Starting eval | split_name=val split_dir=data/splits/mvp/full_60_20_20 predictor_mode=from_file annotation_file=data/annotations/mvp_full.jsonl
[eval.mvp] Loaded split assignments | split_pairs=989 split_samples=1978
[eval.mvp] Prepared samples | n_pairs_before_trim=989 n_samples_before_trim=1978 n_pairs_after_trim=989 n_samples_after_trim=1978 max_pairs=0
[eval.mvp] Generated predictions | n_predictions=1978
[eval.mvp] Scoring complete | accuracy=63.2457 pair_consistency=38.1193 n_pairs=989 n_samples=1978
[eval.mvp] Artifacts written | output_dir=artifacts/probes/mvp/mvp_probe_linear_ltx_video_ltxv_13b_0_9_8_distilled_20260510T113414Z/layer_noise_0.7_block_48/train/trial_0002/val_eval
[I 2026-05-10 15:20:48,599] Trial 2 finished with value: 38.119312436804854 and parameters: {'lr': 0.00023345864076016249, 'weight_decay': 0.0005141096648805752, 'batch_size': 128, 'epochs': 1000}. Best is trial 2 with value: 38.119312436804854.
[eval.mvp] Starting eval | split_name=val split_dir=data/splits/mvp/full_60_20_20 predictor_mode=from_file annotation_file=data/annotations/mvp_full.jsonl
[eval.mvp] Loaded split assignments | split_pairs=989 split_samples=1978
[eval.mvp] Prepared samples | n_pairs_before_trim=989 n_samples_before_trim=1978 n_pairs_after_trim=989 n_samples_after_trim=1978 max_pairs=0
[eval.mvp] Generated predictions | n_predictions=1978
[eval.mvp] Scoring complete | accuracy=61.5268 pair_consistency=32.9626 n_pairs=989 n_samples=1978
[eval.mvp] Artifacts written | output_dir=artifacts/probes/mvp/mvp_probe_linear_ltx_video_ltxv_13b_0_9_8_distilled_20260510T113414Z/layer_noise_0.7_block_48/train/trial_0003/val_eval
[I 2026-05-10 15:21:11,179] Trial 3 finished with value: 32.96258847320526 and parameters: {'lr': 8.200518402245828e-05, 'weight_decay': 3.855073690026179e-08, 'batch_size': 32, 'epochs': 50}. Best is trial 2 with value: 38.119312436804854.
[eval.mvp] Starting eval | split_name=val split_dir=data/splits/mvp/full_60_20_20 predictor_mode=from_file annotation_file=data/annotations/mvp_full.jsonl
[eval.mvp] Loaded split assignments | split_pairs=989 split_samples=1978
[eval.mvp] Prepared samples | n_pairs_before_trim=989 n_samples_before_trim=1978 n_pairs_after_trim=989 n_samples_after_trim=1978 max_pairs=0
[eval.mvp] Generated predictions | n_predictions=1978
[eval.mvp] Scoring complete | accuracy=61.6785 pair_consistency=31.2437 n_pairs=989 n_samples=1978
[eval.mvp] Artifacts written | output_dir=artifacts/probes/mvp/mvp_probe_linear_ltx_video_ltxv_13b_0_9_8_distilled_20260510T113414Z/layer_noise_0.7_block_48/train/trial_0004/val_eval
[I 2026-05-10 15:21:35,032] Trial 4 finished with value: 31.243680485338725 and parameters: {'lr': 0.00043664735929796326, 'weight_decay': 1.2856617791467908e-07, 'batch_size': 32, 'epochs': 50}. Best is trial 2 with value: 38.119312436804854.
[eval.mvp] Starting eval | split_name=val split_dir=data/splits/mvp/full_60_20_20 predictor_mode=from_file annotation_file=data/annotations/mvp_full.jsonl
[eval.mvp] Loaded split assignments | split_pairs=989 split_samples=1978
[eval.mvp] Prepared samples | n_pairs_before_trim=989 n_samples_before_trim=1978 n_pairs_after_trim=989 n_samples_after_trim=1978 max_pairs=0
[eval.mvp] Generated predictions | n_predictions=1978
[eval.mvp] Scoring complete | accuracy=62.9929 pair_consistency=35.4904 n_pairs=989 n_samples=1978
[eval.mvp] Artifacts written | output_dir=artifacts/probes/mvp/mvp_probe_linear_ltx_video_ltxv_13b_0_9_8_distilled_20260510T113414Z/layer_noise_0.7_block_48/train/trial_0005/val_eval
[I 2026-05-10 15:23:39,841] Trial 5 finished with value: 35.49039433771487 and parameters: {'lr': 0.00014656553886225324, 'weight_decay': 4.247116662617142e-07, 'batch_size': 32, 'epochs': 500}. Best is trial 2 with value: 38.119312436804854.
[I 2026-05-10 15:23:57,084] Trial 6 pruned. Pruned at epoch 100 with val_accuracy=57.0779
[I 2026-05-10 15:24:16,302] Trial 7 pruned. Pruned at epoch 100 with val_accuracy=60.7685
[I 2026-05-10 15:24:34,692] Trial 8 pruned. Pruned at epoch 100 with val_accuracy=59.8079
[I 2026-05-10 15:24:55,781] Trial 9 pruned. Pruned at epoch 100 with val_accuracy=60.1618
[eval.mvp] Starting eval | split_name=val split_dir=data/splits/mvp/full_60_20_20 predictor_mode=from_file annotation_file=data/annotations/mvp_full.jsonl
[eval.mvp] Loaded split assignments | split_pairs=989 split_samples=1978
[eval.mvp] Prepared samples | n_pairs_before_trim=989 n_samples_before_trim=1978 n_pairs_after_trim=989 n_samples_after_trim=1978 max_pairs=0
[eval.mvp] Generated predictions | n_predictions=1978
[eval.mvp] Scoring complete | accuracy=60.0101 pair_consistency=28.0081 n_pairs=989 n_samples=1978
[eval.mvp] Artifacts written | output_dir=artifacts/probes/mvp/mvp_probe_linear_ltx_video_ltxv_13b_0_9_8_distilled_20260510T113414Z/layer_noise_0.7_block_48/train/trial_0010/val_eval
[I 2026-05-10 15:25:10,321] Trial 10 finished with value: 28.00808897876643 and parameters: {'lr': 0.002146403547714585, 'weight_decay': 0.00011188771567666644, 'batch_size': 64, 'epochs': 20}. Best is trial 2 with value: 38.119312436804854.
[eval.mvp] Starting eval | split_name=val split_dir=data/splits/mvp/full_60_20_20 predictor_mode=from_file annotation_file=data/annotations/mvp_full.jsonl
[eval.mvp] Loaded split assignments | split_pairs=989 split_samples=1978
[eval.mvp] Prepared samples | n_pairs_before_trim=989 n_samples_before_trim=1978 n_pairs_after_trim=989 n_samples_after_trim=1978 max_pairs=0
[eval.mvp] Generated predictions | n_predictions=1978
[eval.mvp] Scoring complete | accuracy=63.1951 pair_consistency=38.6249 n_pairs=989 n_samples=1978
[eval.mvp] Artifacts written | output_dir=artifacts/probes/mvp/mvp_probe_linear_ltx_video_ltxv_13b_0_9_8_distilled_20260510T113414Z/layer_noise_0.7_block_48/train/trial_0011/val_eval
[I 2026-05-10 15:31:26,042] Trial 11 finished with value: 38.624873609706775 and parameters: {'lr': 0.0009028168422346196, 'weight_decay': 0.002792471643386217, 'batch_size': 64, 'epochs': 2000}. Best is trial 11 with value: 38.624873609706775.
[eval.mvp] Starting eval | split_name=val split_dir=data/splits/mvp/full_60_20_20 predictor_mode=from_file annotation_file=data/annotations/mvp_full.jsonl
[eval.mvp] Loaded split assignments | split_pairs=989 split_samples=1978
[eval.mvp] Prepared samples | n_pairs_before_trim=989 n_samples_before_trim=1978 n_pairs_after_trim=989 n_samples_after_trim=1978 max_pairs=0
[eval.mvp] Generated predictions | n_predictions=1978
[eval.mvp] Scoring complete | accuracy=63.7007 pair_consistency=36.2993 n_pairs=989 n_samples=1978
[eval.mvp] Artifacts written | output_dir=artifacts/probes/mvp/mvp_probe_linear_ltx_video_ltxv_13b_0_9_8_distilled_20260510T113414Z/layer_noise_0.7_block_48/train/trial_0012/val_eval
[I 2026-05-10 15:37:34,374] Trial 12 finished with value: 36.29929221435793 and parameters: {'lr': 0.0007834552695468125, 'weight_decay': 7.2824316925744e-05, 'batch_size': 64, 'epochs': 2000}. Best is trial 11 with value: 38.624873609706775.
[eval.mvp] Starting eval | split_name=val split_dir=data/splits/mvp/full_60_20_20 predictor_mode=from_file annotation_file=data/annotations/mvp_full.jsonl
[eval.mvp] Loaded split assignments | split_pairs=989 split_samples=1978
[eval.mvp] Prepared samples | n_pairs_before_trim=989 n_samples_before_trim=1978 n_pairs_after_trim=989 n_samples_after_trim=1978 max_pairs=0
[eval.mvp] Generated predictions | n_predictions=1978
[eval.mvp] Scoring complete | accuracy=63.1446 pair_consistency=38.0182 n_pairs=989 n_samples=1978
[eval.mvp] Artifacts written | output_dir=artifacts/probes/mvp/mvp_probe_linear_ltx_video_ltxv_13b_0_9_8_distilled_20260510T113414Z/layer_noise_0.7_block_48/train/trial_0013/val_eval
[I 2026-05-10 15:43:55,599] Trial 13 finished with value: 38.01820020222447 and parameters: {'lr': 0.0009651607211596985, 'weight_decay': 0.00873967829523843, 'batch_size': 64, 'epochs': 2000}. Best is trial 11 with value: 38.624873609706775.
[I 2026-05-10 15:44:39,693] Trial 14 pruned. Pruned at epoch 241 with val_accuracy=61.8301
[eval.mvp] Starting eval | split_name=val split_dir=data/splits/mvp/full_60_20_20 predictor_mode=from_file annotation_file=data/annotations/mvp_full.jsonl
[eval.mvp] Loaded split assignments | split_pairs=989 split_samples=1978
[eval.mvp] Prepared samples | n_pairs_before_trim=989 n_samples_before_trim=1978 n_pairs_after_trim=989 n_samples_after_trim=1978 max_pairs=0
[eval.mvp] Generated predictions | n_predictions=1978
[eval.mvp] Scoring complete | accuracy=54.1456 pair_consistency=23.2558 n_pairs=989 n_samples=1978
[eval.mvp] Artifacts written | output_dir=artifacts/probes/mvp/mvp_probe_linear_ltx_video_ltxv_13b_0_9_8_distilled_20260510T113414Z/layer_noise_0.7_block_48/train/trial_0015/val_eval
[I 2026-05-10 15:44:58,012] Trial 15 finished with value: 23.25581395348837 and parameters: {'lr': 1.9592076566280752e-05, 'weight_decay': 2.0687694804023012e-05, 'batch_size': 128, 'epochs': 20}. Best is trial 11 with value: 38.624873609706775.
[eval.mvp] Starting eval | split_name=val split_dir=data/splits/mvp/full_60_20_20 predictor_mode=from_file annotation_file=data/annotations/mvp_full.jsonl
[eval.mvp] Loaded split assignments | split_pairs=989 split_samples=1978
[eval.mvp] Prepared samples | n_pairs_before_trim=989 n_samples_before_trim=1978 n_pairs_after_trim=989 n_samples_after_trim=1978 max_pairs=0
[eval.mvp] Generated predictions | n_predictions=1978
[eval.mvp] Scoring complete | accuracy=62.9929 pair_consistency=37.4115 n_pairs=989 n_samples=1978
[eval.mvp] Artifacts written | output_dir=artifacts/probes/mvp/mvp_probe_linear_ltx_video_ltxv_13b_0_9_8_distilled_20260510T113414Z/layer_noise_0.7_block_48/train/trial_0016/val_eval
[I 2026-05-10 15:46:31,306] Trial 16 finished with value: 37.41152679474216 and parameters: {'lr': 0.001623403835013245, 'weight_decay': 0.0013875294328406648, 'batch_size': 64, 'epochs': 500}. Best is trial 11 with value: 38.624873609706775.
[I 2026-05-10 15:46:56,558] Trial 17 pruned. Pruned at epoch 158 with val_accuracy=60.7685
[eval.mvp] Starting eval | split_name=val split_dir=data/splits/mvp/full_60_20_20 predictor_mode=from_file annotation_file=data/annotations/mvp_full.jsonl
[eval.mvp] Loaded split assignments | split_pairs=989 split_samples=1978
[eval.mvp] Prepared samples | n_pairs_before_trim=989 n_samples_before_trim=1978 n_pairs_after_trim=989 n_samples_after_trim=1978 max_pairs=0
[eval.mvp] Generated predictions | n_predictions=1978
[eval.mvp] Scoring complete | accuracy=63.1951 pair_consistency=34.1759 n_pairs=989 n_samples=1978
[eval.mvp] Artifacts written | output_dir=artifacts/probes/mvp/mvp_probe_linear_ltx_video_ltxv_13b_0_9_8_distilled_20260510T113414Z/layer_noise_0.7_block_48/train/trial_0018/val_eval
[I 2026-05-10 15:49:19,888] Trial 18 finished with value: 34.17593528816987 and parameters: {'lr': 0.0036954703899431227, 'weight_decay': 0.002164878155683282, 'batch_size': 256, 'epochs': 1000}. Best is trial 11 with value: 38.624873609706775.
[eval.mvp] Starting eval | split_name=val split_dir=data/splits/mvp/full_60_20_20 predictor_mode=from_file annotation_file=data/annotations/mvp_full.jsonl
[eval.mvp] Loaded split assignments | split_pairs=989 split_samples=1978
[eval.mvp] Prepared samples | n_pairs_before_trim=989 n_samples_before_trim=1978 n_pairs_after_trim=989 n_samples_after_trim=1978 max_pairs=0
[eval.mvp] Generated predictions | n_predictions=1978
[eval.mvp] Scoring complete | accuracy=63.3468 pair_consistency=35.6926 n_pairs=989 n_samples=1978
[eval.mvp] Artifacts written | output_dir=artifacts/probes/mvp/mvp_probe_linear_ltx_video_ltxv_13b_0_9_8_distilled_20260510T113414Z/layer_noise_0.7_block_48/train/trial_0019/val_eval
[I 2026-05-10 15:55:34,466] Trial 19 finished with value: 35.69261880687563 and parameters: {'lr': 0.0007274718877734778, 'weight_decay': 2.069173922438474e-05, 'batch_size': 64, 'epochs': 2000}. Best is trial 11 with value: 38.624873609706775.
[eval.mvp] Starting eval | split_name=train split_dir=data/splits/mvp/full_60_20_20 predictor_mode=from_file annotation_file=data/annotations/mvp_full.jsonl
[eval.mvp] Loaded split assignments | split_pairs=2965 split_samples=5930
[eval.mvp] Prepared samples | n_pairs_before_trim=2965 n_samples_before_trim=5930 n_pairs_after_trim=2965 n_samples_after_trim=5930 max_pairs=0
[eval.mvp] Generated predictions | n_predictions=5930
[eval.mvp] Scoring complete | accuracy=86.0202 pair_consistency=73.4907 n_pairs=2965 n_samples=5930
[eval.mvp] Artifacts written | output_dir=artifacts/probes/mvp/mvp_probe_linear_ltx_video_ltxv_13b_0_9_8_distilled_20260510T113414Z/layer_noise_0.7_block_48/eval/train
[eval.mvp] Starting eval | split_name=val split_dir=data/splits/mvp/full_60_20_20 predictor_mode=from_file annotation_file=data/annotations/mvp_full.jsonl
[eval.mvp] Loaded split assignments | split_pairs=989 split_samples=1978
[eval.mvp] Prepared samples | n_pairs_before_trim=989 n_samples_before_trim=1978 n_pairs_after_trim=989 n_samples_after_trim=1978 max_pairs=0
[eval.mvp] Generated predictions | n_predictions=1978
[eval.mvp] Scoring complete | accuracy=63.1951 pair_consistency=38.6249 n_pairs=989 n_samples=1978
[eval.mvp] Artifacts written | output_dir=artifacts/probes/mvp/mvp_probe_linear_ltx_video_ltxv_13b_0_9_8_distilled_20260510T113414Z/layer_noise_0.7_block_48/eval/val
[eval.mvp] Starting eval | split_name=test split_dir=data/splits/mvp/full_60_20_20 predictor_mode=from_file annotation_file=data/annotations/mvp_full.jsonl
[eval.mvp] Loaded split assignments | split_pairs=989 split_samples=1978
[eval.mvp] Prepared samples | n_pairs_before_trim=989 n_samples_before_trim=1978 n_pairs_after_trim=989 n_samples_after_trim=1978 max_pairs=0
[eval.mvp] Generated predictions | n_predictions=1978
[eval.mvp] Scoring complete | accuracy=64.7624 pair_consistency=39.7371 n_pairs=989 n_samples=1978
[eval.mvp] Artifacts written | output_dir=artifacts/probes/mvp/mvp_probe_linear_ltx_video_ltxv_13b_0_9_8_distilled_20260510T113414Z/layer_noise_0.7_block_48/eval/test
[I 2026-05-10 15:55:41,018] A new study created in RDB with name: mvp_linear_ltx_video_layer_noise_0.6_block_48
[eval.mvp] Starting eval | split_name=val split_dir=data/splits/mvp/full_60_20_20 predictor_mode=from_file annotation_file=data/annotations/mvp_full.jsonl
[eval.mvp] Loaded split assignments | split_pairs=989 split_samples=1978
[eval.mvp] Prepared samples | n_pairs_before_trim=989 n_samples_before_trim=1978 n_pairs_after_trim=989 n_samples_after_trim=1978 max_pairs=0
[eval.mvp] Generated predictions | n_predictions=1978
[eval.mvp] Scoring complete | accuracy=66.5319 pair_consistency=41.0516 n_pairs=989 n_samples=1978
[eval.mvp] Artifacts written | output_dir=artifacts/probes/mvp/mvp_probe_linear_ltx_video_ltxv_13b_0_9_8_distilled_20260510T113414Z/layer_noise_0.6_block_48/train/trial_0000/val_eval
[I 2026-05-10 16:03:54,999] Trial 0 finished with value: 41.05156723963599 and parameters: {'lr': 0.0001329291894316216, 'weight_decay': 0.005061576888752304, 'batch_size': 32, 'epochs': 2000}. Best is trial 0 with value: 41.05156723963599.
[eval.mvp] Starting eval | split_name=val split_dir=data/splits/mvp/full_60_20_20 predictor_mode=from_file annotation_file=data/annotations/mvp_full.jsonl
[eval.mvp] Loaded split assignments | split_pairs=989 split_samples=1978
[eval.mvp] Prepared samples | n_pairs_before_trim=989 n_samples_before_trim=1978 n_pairs_after_trim=989 n_samples_after_trim=1978 max_pairs=0
[eval.mvp] Generated predictions | n_predictions=1978
[eval.mvp] Scoring complete | accuracy=64.6613 pair_consistency=38.3215 n_pairs=989 n_samples=1978
[eval.mvp] Artifacts written | output_dir=artifacts/probes/mvp/mvp_probe_linear_ltx_video_ltxv_13b_0_9_8_distilled_20260510T113414Z/layer_noise_0.6_block_48/train/trial_0001/val_eval
[I 2026-05-10 16:04:19,537] Trial 1 finished with value: 38.32153690596562 and parameters: {'lr': 0.00314288089084011, 'weight_decay': 1.879466824163843e-07, 'batch_size': 256, 'epochs': 100}. Best is trial 0 with value: 41.05156723963599.
[eval.mvp] Starting eval | split_name=val split_dir=data/splits/mvp/full_60_20_20 predictor_mode=from_file annotation_file=data/annotations/mvp_full.jsonl
[eval.mvp] Loaded split assignments | split_pairs=989 split_samples=1978
[eval.mvp] Prepared samples | n_pairs_before_trim=989 n_samples_before_trim=1978 n_pairs_after_trim=989 n_samples_after_trim=1978 max_pairs=0
[eval.mvp] Generated predictions | n_predictions=1978
[eval.mvp] Scoring complete | accuracy=65.7735 pair_consistency=39.3327 n_pairs=989 n_samples=1978
[eval.mvp] Artifacts written | output_dir=artifacts/probes/mvp/mvp_probe_linear_ltx_video_ltxv_13b_0_9_8_distilled_20260510T113414Z/layer_noise_0.6_block_48/train/trial_0002/val_eval
[I 2026-05-10 16:06:51,896] Trial 2 finished with value: 39.33265925176946 and parameters: {'lr': 0.00023345864076016249, 'weight_decay': 0.0005141096648805752, 'batch_size': 128, 'epochs': 1000}. Best is trial 0 with value: 41.05156723963599.
[eval.mvp] Starting eval | split_name=val split_dir=data/splits/mvp/full_60_20_20 predictor_mode=from_file annotation_file=data/annotations/mvp_full.jsonl
[eval.mvp] Loaded split assignments | split_pairs=989 split_samples=1978
[eval.mvp] Prepared samples | n_pairs_before_trim=989 n_samples_before_trim=1978 n_pairs_after_trim=989 n_samples_after_trim=1978 max_pairs=0
[eval.mvp] Generated predictions | n_predictions=1978
[eval.mvp] Scoring complete | accuracy=63.2457 pair_consistency=36.1982 n_pairs=989 n_samples=1978
[eval.mvp] Artifacts written | output_dir=artifacts/probes/mvp/mvp_probe_linear_ltx_video_ltxv_13b_0_9_8_distilled_20260510T113414Z/layer_noise_0.6_block_48/train/trial_0003/val_eval
[I 2026-05-10 16:07:16,694] Trial 3 finished with value: 36.19817997977755 and parameters: {'lr': 8.200518402245828e-05, 'weight_decay': 3.855073690026179e-08, 'batch_size': 32, 'epochs': 50}. Best is trial 0 with value: 41.05156723963599.
[eval.mvp] Starting eval | split_name=val split_dir=data/splits/mvp/full_60_20_20 predictor_mode=from_file annotation_file=data/annotations/mvp_full.jsonl
[eval.mvp] Loaded split assignments | split_pairs=989 split_samples=1978
[eval.mvp] Prepared samples | n_pairs_before_trim=989 n_samples_before_trim=1978 n_pairs_after_trim=989 n_samples_after_trim=1978 max_pairs=0
[eval.mvp] Generated predictions | n_predictions=1978
[eval.mvp] Scoring complete | accuracy=64.2063 pair_consistency=37.2093 n_pairs=989 n_samples=1978
[eval.mvp] Artifacts written | output_dir=artifacts/probes/mvp/mvp_probe_linear_ltx_video_ltxv_13b_0_9_8_distilled_20260510T113414Z/layer_noise_0.6_block_48/train/trial_0004/val_eval
[I 2026-05-10 16:07:43,209] Trial 4 finished with value: 37.2093023255814 and parameters: {'lr': 0.00043664735929796326, 'weight_decay': 1.2856617791467908e-07, 'batch_size': 32, 'epochs': 50}. Best is trial 0 with value: 41.05156723963599.
[eval.mvp] Starting eval | split_name=val split_dir=data/splits/mvp/full_60_20_20 predictor_mode=from_file annotation_file=data/annotations/mvp_full.jsonl
[eval.mvp] Loaded split assignments | split_pairs=989 split_samples=1978
[eval.mvp] Prepared samples | n_pairs_before_trim=989 n_samples_before_trim=1978 n_pairs_after_trim=989 n_samples_after_trim=1978 max_pairs=0
[eval.mvp] Generated predictions | n_predictions=1978
[eval.mvp] Scoring complete | accuracy=66.3802 pair_consistency=40.6471 n_pairs=989 n_samples=1978
[eval.mvp] Artifacts written | output_dir=artifacts/probes/mvp/mvp_probe_linear_ltx_video_ltxv_13b_0_9_8_distilled_20260510T113414Z/layer_noise_0.6_block_48/train/trial_0005/val_eval
[I 2026-05-10 16:09:45,994] Trial 5 finished with value: 40.647118301314464 and parameters: {'lr': 0.00014656553886225324, 'weight_decay': 4.247116662617142e-07, 'batch_size': 32, 'epochs': 500}. Best is trial 0 with value: 41.05156723963599.
[I 2026-05-10 16:10:05,090] Trial 6 pruned. Pruned at epoch 100 with val_accuracy=58.5945
[I 2026-05-10 16:10:25,160] Trial 7 pruned. Pruned at epoch 101 with val_accuracy=63.2457
[eval.mvp] Starting eval | split_name=val split_dir=data/splits/mvp/full_60_20_20 predictor_mode=from_file annotation_file=data/annotations/mvp_full.jsonl
[eval.mvp] Loaded split assignments | split_pairs=989 split_samples=1978
[eval.mvp] Prepared samples | n_pairs_before_trim=989 n_samples_before_trim=1978 n_pairs_after_trim=989 n_samples_after_trim=1978 max_pairs=0
[eval.mvp] Generated predictions | n_predictions=1978
[eval.mvp] Scoring complete | accuracy=63.6502 pair_consistency=37.3104 n_pairs=989 n_samples=1978
[eval.mvp] Artifacts written | output_dir=artifacts/probes/mvp/mvp_probe_linear_ltx_video_ltxv_13b_0_9_8_distilled_20260510T113414Z/layer_noise_0.6_block_48/train/trial_0008/val_eval
[I 2026-05-10 16:10:49,541] Trial 8 finished with value: 37.31041456016178 and parameters: {'lr': 0.0003699972431463808, 'weight_decay': 3.6749049453053196e-06, 'batch_size': 256, 'epochs': 100}. Best is trial 0 with value: 41.05156723963599.
[I 2026-05-10 16:11:08,330] Trial 9 pruned. Pruned at epoch 101 with val_accuracy=60.9707
[I 2026-05-10 16:11:34,082] Trial 10 pruned. Pruned at epoch 116 with val_accuracy=61.3751
[I 2026-05-10 16:12:02,849] Trial 11 pruned. Pruned at epoch 101 with val_accuracy=62.0324
[I 2026-05-10 16:12:32,405] Trial 12 pruned. Pruned at epoch 103 with val_accuracy=64.4085
[eval.mvp] Starting eval | split_name=val split_dir=data/splits/mvp/full_60_20_20 predictor_mode=from_file annotation_file=data/annotations/mvp_full.jsonl
[eval.mvp] Loaded split assignments | split_pairs=989 split_samples=1978
[eval.mvp] Prepared samples | n_pairs_before_trim=989 n_samples_before_trim=1978 n_pairs_after_trim=989 n_samples_after_trim=1978 max_pairs=0
[eval.mvp] Generated predictions | n_predictions=1978
[eval.mvp] Scoring complete | accuracy=61.8807 pair_consistency=31.8504 n_pairs=989 n_samples=1978
[eval.mvp] Artifacts written | output_dir=artifacts/probes/mvp/mvp_probe_linear_ltx_video_ltxv_13b_0_9_8_distilled_20260510T113414Z/layer_noise_0.6_block_48/train/trial_0013/val_eval
[I 2026-05-10 16:12:52,495] Trial 13 finished with value: 31.850353892821033 and parameters: {'lr': 0.00014252073771131227, 'weight_decay': 0.008946810000979412, 'batch_size': 32, 'epochs': 20}. Best is trial 0 with value: 41.05156723963599.
[I 2026-05-10 16:13:15,766] Trial 14 pruned. Pruned at epoch 103 with val_accuracy=63.9029
[I 2026-05-10 16:13:44,777] Trial 15 pruned. Pruned at epoch 101 with val_accuracy=62.4874
[eval.mvp] Starting eval | split_name=val split_dir=data/splits/mvp/full_60_20_20 predictor_mode=from_file annotation_file=data/annotations/mvp_full.jsonl
[eval.mvp] Loaded split assignments | split_pairs=989 split_samples=1978
[eval.mvp] Prepared samples | n_pairs_before_trim=989 n_samples_before_trim=1978 n_pairs_after_trim=989 n_samples_after_trim=1978 max_pairs=0
[eval.mvp] Generated predictions | n_predictions=1978
[eval.mvp] Scoring complete | accuracy=66.3296 pair_consistency=39.8382 n_pairs=989 n_samples=1978
[eval.mvp] Artifacts written | output_dir=artifacts/probes/mvp/mvp_probe_linear_ltx_video_ltxv_13b_0_9_8_distilled_20260510T113414Z/layer_noise_0.6_block_48/train/trial_0016/val_eval
[I 2026-05-10 16:15:48,303] Trial 16 finished with value: 39.838220424671384 and parameters: {'lr': 0.00023010761230790708, 'weight_decay': 2.8885077586268315e-07, 'batch_size': 32, 'epochs': 500}. Best is trial 0 with value: 41.05156723963599.
[eval.mvp] Starting eval | split_name=val split_dir=data/splits/mvp/full_60_20_20 predictor_mode=from_file annotation_file=data/annotations/mvp_full.jsonl
[eval.mvp] Loaded split assignments | split_pairs=989 split_samples=1978
[eval.mvp] Prepared samples | n_pairs_before_trim=989 n_samples_before_trim=1978 n_pairs_after_trim=989 n_samples_after_trim=1978 max_pairs=0
[eval.mvp] Generated predictions | n_predictions=1978
[eval.mvp] Scoring complete | accuracy=61.0212 pair_consistency=29.5248 n_pairs=989 n_samples=1978
[eval.mvp] Artifacts written | output_dir=artifacts/probes/mvp/mvp_probe_linear_ltx_video_ltxv_13b_0_9_8_distilled_20260510T113414Z/layer_noise_0.6_block_48/train/trial_0017/val_eval
[I 2026-05-10 16:16:00,527] Trial 17 finished with value: 29.524772497472195 and parameters: {'lr': 0.007985634897281529, 'weight_decay': 1.2297660068623619e-05, 'batch_size': 32, 'epochs': 20}. Best is trial 0 with value: 41.05156723963599.
[I 2026-05-10 16:16:24,524] Trial 18 pruned. Pruned at epoch 116 with val_accuracy=64.6613
[I 2026-05-10 16:16:47,842] Trial 19 pruned. Pruned at epoch 116 with val_accuracy=56.6734
[eval.mvp] Starting eval | split_name=train split_dir=data/splits/mvp/full_60_20_20 predictor_mode=from_file annotation_file=data/annotations/mvp_full.jsonl
[eval.mvp] Loaded split assignments | split_pairs=2965 split_samples=5930
[eval.mvp] Prepared samples | n_pairs_before_trim=2965 n_samples_before_trim=5930 n_pairs_after_trim=2965 n_samples_after_trim=5930 max_pairs=0
[eval.mvp] Generated predictions | n_predictions=5930
[eval.mvp] Scoring complete | accuracy=83.5582 pair_consistency=69.4435 n_pairs=2965 n_samples=5930
[eval.mvp] Artifacts written | output_dir=artifacts/probes/mvp/mvp_probe_linear_ltx_video_ltxv_13b_0_9_8_distilled_20260510T113414Z/layer_noise_0.6_block_48/eval/train
[eval.mvp] Starting eval | split_name=val split_dir=data/splits/mvp/full_60_20_20 predictor_mode=from_file annotation_file=data/annotations/mvp_full.jsonl
[eval.mvp] Loaded split assignments | split_pairs=989 split_samples=1978
[eval.mvp] Prepared samples | n_pairs_before_trim=989 n_samples_before_trim=1978 n_pairs_after_trim=989 n_samples_after_trim=1978 max_pairs=0
[eval.mvp] Generated predictions | n_predictions=1978
[eval.mvp] Scoring complete | accuracy=66.5319 pair_consistency=41.0516 n_pairs=989 n_samples=1978
[eval.mvp] Artifacts written | output_dir=artifacts/probes/mvp/mvp_probe_linear_ltx_video_ltxv_13b_0_9_8_distilled_20260510T113414Z/layer_noise_0.6_block_48/eval/val
[eval.mvp] Starting eval | split_name=test split_dir=data/splits/mvp/full_60_20_20 predictor_mode=from_file annotation_file=data/annotations/mvp_full.jsonl
[eval.mvp] Loaded split assignments | split_pairs=989 split_samples=1978
[eval.mvp] Prepared samples | n_pairs_before_trim=989 n_samples_before_trim=1978 n_pairs_after_trim=989 n_samples_after_trim=1978 max_pairs=0
[eval.mvp] Generated predictions | n_predictions=1978
[eval.mvp] Scoring complete | accuracy=65.8746 pair_consistency=41.8605 n_pairs=989 n_samples=1978
[eval.mvp] Artifacts written | output_dir=artifacts/probes/mvp/mvp_probe_linear_ltx_video_ltxv_13b_0_9_8_distilled_20260510T113414Z/layer_noise_0.6_block_48/eval/test
[I 2026-05-10 16:16:56,584] A new study created in RDB with name: mvp_linear_ltx_video_layer_noise_0.5_block_48
[eval.mvp] Starting eval | split_name=val split_dir=data/splits/mvp/full_60_20_20 predictor_mode=from_file annotation_file=data/annotations/mvp_full.jsonl
[eval.mvp] Loaded split assignments | split_pairs=989 split_samples=1978
[eval.mvp] Prepared samples | n_pairs_before_trim=989 n_samples_before_trim=1978 n_pairs_after_trim=989 n_samples_after_trim=1978 max_pairs=0
[eval.mvp] Generated predictions | n_predictions=1978
[eval.mvp] Scoring complete | accuracy=66.9363 pair_consistency=42.0627 n_pairs=989 n_samples=1978
[eval.mvp] Artifacts written | output_dir=artifacts/probes/mvp/mvp_probe_linear_ltx_video_ltxv_13b_0_9_8_distilled_20260510T113414Z/layer_noise_0.5_block_48/train/trial_0000/val_eval
[I 2026-05-10 16:25:16,250] Trial 0 finished with value: 42.06268958543984 and parameters: {'lr': 0.0001329291894316216, 'weight_decay': 0.005061576888752304, 'batch_size': 32, 'epochs': 2000}. Best is trial 0 with value: 42.06268958543984.
[eval.mvp] Starting eval | split_name=val split_dir=data/splits/mvp/full_60_20_20 predictor_mode=from_file annotation_file=data/annotations/mvp_full.jsonl
[eval.mvp] Loaded split assignments | split_pairs=989 split_samples=1978
[eval.mvp] Prepared samples | n_pairs_before_trim=989 n_samples_before_trim=1978 n_pairs_after_trim=989 n_samples_after_trim=1978 max_pairs=0
[eval.mvp] Generated predictions | n_predictions=1978
[eval.mvp] Scoring complete | accuracy=65.1668 pair_consistency=38.3215 n_pairs=989 n_samples=1978
[eval.mvp] Artifacts written | output_dir=artifacts/probes/mvp/mvp_probe_linear_ltx_video_ltxv_13b_0_9_8_distilled_20260510T113414Z/layer_noise_0.5_block_48/train/trial_0001/val_eval
[I 2026-05-10 16:25:40,288] Trial 1 finished with value: 38.32153690596562 and parameters: {'lr': 0.00314288089084011, 'weight_decay': 1.879466824163843e-07, 'batch_size': 256, 'epochs': 100}. Best is trial 0 with value: 42.06268958543984.
[eval.mvp] Starting eval | split_name=val split_dir=data/splits/mvp/full_60_20_20 predictor_mode=from_file annotation_file=data/annotations/mvp_full.jsonl
[eval.mvp] Loaded split assignments | split_pairs=989 split_samples=1978
[eval.mvp] Prepared samples | n_pairs_before_trim=989 n_samples_before_trim=1978 n_pairs_after_trim=989 n_samples_after_trim=1978 max_pairs=0
[eval.mvp] Generated predictions | n_predictions=1978
[eval.mvp] Scoring complete | accuracy=66.8857 pair_consistency=42.1638 n_pairs=989 n_samples=1978
[eval.mvp] Artifacts written | output_dir=artifacts/probes/mvp/mvp_probe_linear_ltx_video_ltxv_13b_0_9_8_distilled_20260510T113414Z/layer_noise_0.5_block_48/train/trial_0002/val_eval
[I 2026-05-10 16:28:13,728] Trial 2 finished with value: 42.163801820020225 and parameters: {'lr': 0.00023345864076016249, 'weight_decay': 0.0005141096648805752, 'batch_size': 128, 'epochs': 1000}. Best is trial 2 with value: 42.163801820020225.
[eval.mvp] Starting eval | split_name=val split_dir=data/splits/mvp/full_60_20_20 predictor_mode=from_file annotation_file=data/annotations/mvp_full.jsonl
[eval.mvp] Loaded split assignments | split_pairs=989 split_samples=1978
[eval.mvp] Prepared samples | n_pairs_before_trim=989 n_samples_before_trim=1978 n_pairs_after_trim=989 n_samples_after_trim=1978 max_pairs=0
[eval.mvp] Generated predictions | n_predictions=1978
[eval.mvp] Scoring complete | accuracy=64.5096 pair_consistency=38.6249 n_pairs=989 n_samples=1978
[eval.mvp] Artifacts written | output_dir=artifacts/probes/mvp/mvp_probe_linear_ltx_video_ltxv_13b_0_9_8_distilled_20260510T113414Z/layer_noise_0.5_block_48/train/trial_0003/val_eval
[I 2026-05-10 16:28:40,209] Trial 3 finished with value: 38.624873609706775 and parameters: {'lr': 8.200518402245828e-05, 'weight_decay': 3.855073690026179e-08, 'batch_size': 32, 'epochs': 50}. Best is trial 2 with value: 42.163801820020225.
[eval.mvp] Starting eval | split_name=val split_dir=data/splits/mvp/full_60_20_20 predictor_mode=from_file annotation_file=data/annotations/mvp_full.jsonl
[eval.mvp] Loaded split assignments | split_pairs=989 split_samples=1978
[eval.mvp] Prepared samples | n_pairs_before_trim=989 n_samples_before_trim=1978 n_pairs_after_trim=989 n_samples_after_trim=1978 max_pairs=0
[eval.mvp] Generated predictions | n_predictions=1978
[eval.mvp] Scoring complete | accuracy=65.6724 pair_consistency=40.8493 n_pairs=989 n_samples=1978
[eval.mvp] Artifacts written | output_dir=artifacts/probes/mvp/mvp_probe_linear_ltx_video_ltxv_13b_0_9_8_distilled_20260510T113414Z/layer_noise_0.5_block_48/train/trial_0004/val_eval
[I 2026-05-10 16:29:03,505] Trial 4 finished with value: 40.849342770475225 and parameters: {'lr': 0.00043664735929796326, 'weight_decay': 1.2856617791467908e-07, 'batch_size': 32, 'epochs': 50}. Best is trial 2 with value: 42.163801820020225.
[eval.mvp] Starting eval | split_name=val split_dir=data/splits/mvp/full_60_20_20 predictor_mode=from_file annotation_file=data/annotations/mvp_full.jsonl
[eval.mvp] Loaded split assignments | split_pairs=989 split_samples=1978
[eval.mvp] Prepared samples | n_pairs_before_trim=989 n_samples_before_trim=1978 n_pairs_after_trim=989 n_samples_after_trim=1978 max_pairs=0
[eval.mvp] Generated predictions | n_predictions=1978
[eval.mvp] Scoring complete | accuracy=67.1385 pair_consistency=42.7705 n_pairs=989 n_samples=1978
[eval.mvp] Artifacts written | output_dir=artifacts/probes/mvp/mvp_probe_linear_ltx_video_ltxv_13b_0_9_8_distilled_20260510T113414Z/layer_noise_0.5_block_48/train/trial_0005/val_eval
[I 2026-05-10 16:31:10,922] Trial 5 finished with value: 42.77047522750253 and parameters: {'lr': 0.00014656553886225324, 'weight_decay': 4.247116662617142e-07, 'batch_size': 32, 'epochs': 500}. Best is trial 5 with value: 42.77047522750253.
[I 2026-05-10 16:31:28,601] Trial 6 pruned. Pruned at epoch 100 with val_accuracy=57.7351
[I 2026-05-10 16:31:46,738] Trial 7 pruned. Pruned at epoch 103 with val_accuracy=64.5096
[eval.mvp] Starting eval | split_name=val split_dir=data/splits/mvp/full_60_20_20 predictor_mode=from_file annotation_file=data/annotations/mvp_full.jsonl
[eval.mvp] Loaded split assignments | split_pairs=989 split_samples=1978
[eval.mvp] Prepared samples | n_pairs_before_trim=989 n_samples_before_trim=1978 n_pairs_after_trim=989 n_samples_after_trim=1978 max_pairs=0
[eval.mvp] Generated predictions | n_predictions=1978
[eval.mvp] Scoring complete | accuracy=65.1163 pair_consistency=39.8382 n_pairs=989 n_samples=1978
[eval.mvp] Artifacts written | output_dir=artifacts/probes/mvp/mvp_probe_linear_ltx_video_ltxv_13b_0_9_8_distilled_20260510T113414Z/layer_noise_0.5_block_48/train/trial_0008/val_eval
[I 2026-05-10 16:32:10,508] Trial 8 finished with value: 39.838220424671384 and parameters: {'lr': 0.0003699972431463808, 'weight_decay': 3.6749049453053196e-06, 'batch_size': 256, 'epochs': 100}. Best is trial 5 with value: 42.77047522750253.
[I 2026-05-10 16:32:28,488] Trial 9 pruned. Pruned at epoch 100 with val_accuracy=63.3468
[I 2026-05-10 16:32:52,449] Trial 10 pruned. Pruned at epoch 126 with val_accuracy=64.1557
[I 2026-05-10 16:33:17,978] Trial 11 pruned. Pruned at epoch 126 with val_accuracy=66.0768
[eval.mvp] Starting eval | split_name=val split_dir=data/splits/mvp/full_60_20_20 predictor_mode=from_file annotation_file=data/annotations/mvp_full.jsonl
[eval.mvp] Loaded split assignments | split_pairs=989 split_samples=1978
[eval.mvp] Prepared samples | n_pairs_before_trim=989 n_samples_before_trim=1978 n_pairs_after_trim=989 n_samples_after_trim=1978 max_pairs=0
[eval.mvp] Generated predictions | n_predictions=1978
[eval.mvp] Scoring complete | accuracy=57.9373 pair_consistency=26.5925 n_pairs=989 n_samples=1978
[eval.mvp] Artifacts written | output_dir=artifacts/probes/mvp/mvp_probe_linear_ltx_video_ltxv_13b_0_9_8_distilled_20260510T113414Z/layer_noise_0.5_block_48/train/trial_0012/val_eval
[I 2026-05-10 16:33:36,119] Trial 12 finished with value: 26.59251769464105 and parameters: {'lr': 2.2755402608782516e-05, 'weight_decay': 0.00032275708486244494, 'batch_size': 32, 'epochs': 20}. Best is trial 5 with value: 42.77047522750253.
[I 2026-05-10 16:33:56,725] Trial 13 pruned. Pruned at epoch 126 with val_accuracy=65.9252
[I 2026-05-10 16:34:29,961] Trial 14 pruned. Pruned at epoch 126 with val_accuracy=61.9818
[eval.mvp] Starting eval | split_name=val split_dir=data/splits/mvp/full_60_20_20 predictor_mode=from_file annotation_file=data/annotations/mvp_full.jsonl
[eval.mvp] Loaded split assignments | split_pairs=989 split_samples=1978
[eval.mvp] Prepared samples | n_pairs_before_trim=989 n_samples_before_trim=1978 n_pairs_after_trim=989 n_samples_after_trim=1978 max_pairs=0
[eval.mvp] Generated predictions | n_predictions=1978
[eval.mvp] Scoring complete | accuracy=55.9656 pair_consistency=23.8625 n_pairs=989 n_samples=1978
[eval.mvp] Artifacts written | output_dir=artifacts/probes/mvp/mvp_probe_linear_ltx_video_ltxv_13b_0_9_8_distilled_20260510T113414Z/layer_noise_0.5_block_48/train/trial_0015/val_eval
[I 2026-05-10 16:34:46,823] Trial 15 finished with value: 23.86248736097068 and parameters: {'lr': 4.154539727288801e-05, 'weight_decay': 0.0001371575145876111, 'batch_size': 128, 'epochs': 20}. Best is trial 5 with value: 42.77047522750253.
[I 2026-05-10 16:35:05,400] Trial 16 pruned. Pruned at epoch 103 with val_accuracy=64.8129
[I 2026-05-10 16:35:28,537] Trial 17 pruned. Pruned at epoch 102 with val_accuracy=64.8129
[I 2026-05-10 16:36:01,751] Trial 18 pruned. Pruned at epoch 126 with val_accuracy=62.3357
[I 2026-05-10 16:36:22,698] Trial 19 pruned. Pruned at epoch 102 with val_accuracy=64.5096
[eval.mvp] Starting eval | split_name=train split_dir=data/splits/mvp/full_60_20_20 predictor_mode=from_file annotation_file=data/annotations/mvp_full.jsonl
[eval.mvp] Loaded split assignments | split_pairs=2965 split_samples=5930
[eval.mvp] Prepared samples | n_pairs_before_trim=2965 n_samples_before_trim=5930 n_pairs_after_trim=2965 n_samples_after_trim=5930 max_pairs=0
[eval.mvp] Generated predictions | n_predictions=5930
[eval.mvp] Scoring complete | accuracy=84.3676 pair_consistency=70.7251 n_pairs=2965 n_samples=5930
[eval.mvp] Artifacts written | output_dir=artifacts/probes/mvp/mvp_probe_linear_ltx_video_ltxv_13b_0_9_8_distilled_20260510T113414Z/layer_noise_0.5_block_48/eval/train
[eval.mvp] Starting eval | split_name=val split_dir=data/splits/mvp/full_60_20_20 predictor_mode=from_file annotation_file=data/annotations/mvp_full.jsonl
[eval.mvp] Loaded split assignments | split_pairs=989 split_samples=1978
[eval.mvp] Prepared samples | n_pairs_before_trim=989 n_samples_before_trim=1978 n_pairs_after_trim=989 n_samples_after_trim=1978 max_pairs=0
[eval.mvp] Generated predictions | n_predictions=1978
[eval.mvp] Scoring complete | accuracy=67.1385 pair_consistency=42.7705 n_pairs=989 n_samples=1978
[eval.mvp] Artifacts written | output_dir=artifacts/probes/mvp/mvp_probe_linear_ltx_video_ltxv_13b_0_9_8_distilled_20260510T113414Z/layer_noise_0.5_block_48/eval/val
[eval.mvp] Starting eval | split_name=test split_dir=data/splits/mvp/full_60_20_20 predictor_mode=from_file annotation_file=data/annotations/mvp_full.jsonl
[eval.mvp] Loaded split assignments | split_pairs=989 split_samples=1978
[eval.mvp] Prepared samples | n_pairs_before_trim=989 n_samples_before_trim=1978 n_pairs_after_trim=989 n_samples_after_trim=1978 max_pairs=0
[eval.mvp] Generated predictions | n_predictions=1978
[eval.mvp] Scoring complete | accuracy=65.7230 pair_consistency=41.2538 n_pairs=989 n_samples=1978
[eval.mvp] Artifacts written | output_dir=artifacts/probes/mvp/mvp_probe_linear_ltx_video_ltxv_13b_0_9_8_distilled_20260510T113414Z/layer_noise_0.5_block_48/eval/test
[I 2026-05-10 16:36:31,953] A new study created in RDB with name: mvp_linear_ltx_video_layer_noise_0.4_block_48
[eval.mvp] Starting eval | split_name=val split_dir=data/splits/mvp/full_60_20_20 predictor_mode=from_file annotation_file=data/annotations/mvp_full.jsonl
[eval.mvp] Loaded split assignments | split_pairs=989 split_samples=1978
[eval.mvp] Prepared samples | n_pairs_before_trim=989 n_samples_before_trim=1978 n_pairs_after_trim=989 n_samples_after_trim=1978 max_pairs=0
[eval.mvp] Generated predictions | n_predictions=1978
[eval.mvp] Scoring complete | accuracy=66.1780 pair_consistency=41.5571 n_pairs=989 n_samples=1978
[eval.mvp] Artifacts written | output_dir=artifacts/probes/mvp/mvp_probe_linear_ltx_video_ltxv_13b_0_9_8_distilled_20260510T113414Z/layer_noise_0.4_block_48/train/trial_0000/val_eval
[I 2026-05-10 16:44:46,475] Trial 0 finished with value: 41.55712841253792 and parameters: {'lr': 0.0001329291894316216, 'weight_decay': 0.005061576888752304, 'batch_size': 32, 'epochs': 2000}. Best is trial 0 with value: 41.55712841253792.
[eval.mvp] Starting eval | split_name=val split_dir=data/splits/mvp/full_60_20_20 predictor_mode=from_file annotation_file=data/annotations/mvp_full.jsonl
[eval.mvp] Loaded split assignments | split_pairs=989 split_samples=1978
[eval.mvp] Prepared samples | n_pairs_before_trim=989 n_samples_before_trim=1978 n_pairs_after_trim=989 n_samples_after_trim=1978 max_pairs=0
[eval.mvp] Generated predictions | n_predictions=1978
[eval.mvp] Scoring complete | accuracy=64.5602 pair_consistency=37.9171 n_pairs=989 n_samples=1978
[eval.mvp] Artifacts written | output_dir=artifacts/probes/mvp/mvp_probe_linear_ltx_video_ltxv_13b_0_9_8_distilled_20260510T113414Z/layer_noise_0.4_block_48/train/trial_0001/val_eval
[I 2026-05-10 16:45:13,109] Trial 1 finished with value: 37.917087967644086 and parameters: {'lr': 0.00314288089084011, 'weight_decay': 1.879466824163843e-07, 'batch_size': 256, 'epochs': 100}. Best is trial 0 with value: 41.55712841253792.
[eval.mvp] Starting eval | split_name=val split_dir=data/splits/mvp/full_60_20_20 predictor_mode=from_file annotation_file=data/annotations/mvp_full.jsonl
[eval.mvp] Loaded split assignments | split_pairs=989 split_samples=1978
[eval.mvp] Prepared samples | n_pairs_before_trim=989 n_samples_before_trim=1978 n_pairs_after_trim=989 n_samples_after_trim=1978 max_pairs=0
[eval.mvp] Generated predictions | n_predictions=1978
[eval.mvp] Scoring complete | accuracy=65.7735 pair_consistency=40.2427 n_pairs=989 n_samples=1978
[eval.mvp] Artifacts written | output_dir=artifacts/probes/mvp/mvp_probe_linear_ltx_video_ltxv_13b_0_9_8_distilled_20260510T113414Z/layer_noise_0.4_block_48/train/trial_0002/val_eval
[I 2026-05-10 16:47:47,307] Trial 2 finished with value: 40.24266936299292 and parameters: {'lr': 0.00023345864076016249, 'weight_decay': 0.0005141096648805752, 'batch_size': 128, 'epochs': 1000}. Best is trial 0 with value: 41.55712841253792.
[eval.mvp] Starting eval | split_name=val split_dir=data/splits/mvp/full_60_20_20 predictor_mode=from_file annotation_file=data/annotations/mvp_full.jsonl
[eval.mvp] Loaded split assignments | split_pairs=989 split_samples=1978
[eval.mvp] Prepared samples | n_pairs_before_trim=989 n_samples_before_trim=1978 n_pairs_after_trim=989 n_samples_after_trim=1978 max_pairs=0
[eval.mvp] Generated predictions | n_predictions=1978
[eval.mvp] Scoring complete | accuracy=64.0546 pair_consistency=37.4115 n_pairs=989 n_samples=1978
[eval.mvp] Artifacts written | output_dir=artifacts/probes/mvp/mvp_probe_linear_ltx_video_ltxv_13b_0_9_8_distilled_20260510T113414Z/layer_noise_0.4_block_48/train/trial_0003/val_eval
[I 2026-05-10 16:48:11,051] Trial 3 finished with value: 37.41152679474216 and parameters: {'lr': 8.200518402245828e-05, 'weight_decay': 3.855073690026179e-08, 'batch_size': 32, 'epochs': 50}. Best is trial 0 with value: 41.55712841253792.
[eval.mvp] Starting eval | split_name=val split_dir=data/splits/mvp/full_60_20_20 predictor_mode=from_file annotation_file=data/annotations/mvp_full.jsonl
[eval.mvp] Loaded split assignments | split_pairs=989 split_samples=1978
[eval.mvp] Prepared samples | n_pairs_before_trim=989 n_samples_before_trim=1978 n_pairs_after_trim=989 n_samples_after_trim=1978 max_pairs=0
[eval.mvp] Generated predictions | n_predictions=1978
[eval.mvp] Scoring complete | accuracy=64.9646 pair_consistency=36.8049 n_pairs=989 n_samples=1978
[eval.mvp] Artifacts written | output_dir=artifacts/probes/mvp/mvp_probe_linear_ltx_video_ltxv_13b_0_9_8_distilled_20260510T113414Z/layer_noise_0.4_block_48/train/trial_0004/val_eval
[I 2026-05-10 16:48:36,056] Trial 4 finished with value: 36.804853387259854 and parameters: {'lr': 0.00043664735929796326, 'weight_decay': 1.2856617791467908e-07, 'batch_size': 32, 'epochs': 50}. Best is trial 0 with value: 41.55712841253792.
[eval.mvp] Starting eval | split_name=val split_dir=data/splits/mvp/full_60_20_20 predictor_mode=from_file annotation_file=data/annotations/mvp_full.jsonl
[eval.mvp] Loaded split assignments | split_pairs=989 split_samples=1978
[eval.mvp] Prepared samples | n_pairs_before_trim=989 n_samples_before_trim=1978 n_pairs_after_trim=989 n_samples_after_trim=1978 max_pairs=0
[eval.mvp] Generated predictions | n_predictions=1978
[eval.mvp] Scoring complete | accuracy=65.7230 pair_consistency=40.5460 n_pairs=989 n_samples=1978
[eval.mvp] Artifacts written | output_dir=artifacts/probes/mvp/mvp_probe_linear_ltx_video_ltxv_13b_0_9_8_distilled_20260510T113414Z/layer_noise_0.4_block_48/train/trial_0005/val_eval
[I 2026-05-10 16:50:40,256] Trial 5 finished with value: 40.54600606673407 and parameters: {'lr': 0.00014656553886225324, 'weight_decay': 4.247116662617142e-07, 'batch_size': 32, 'epochs': 500}. Best is trial 0 with value: 41.55712841253792.
[I 2026-05-10 16:50:59,194] Trial 6 pruned. Pruned at epoch 100 with val_accuracy=58.7462
[I 2026-05-10 16:51:18,988] Trial 7 pruned. Pruned at epoch 100 with val_accuracy=63.4479
[I 2026-05-10 16:51:38,298] Trial 8 pruned. Pruned at epoch 100 with val_accuracy=60.8696
[I 2026-05-10 16:51:58,824] Trial 9 pruned. Pruned at epoch 100 with val_accuracy=63.4479
[I 2026-05-10 16:52:21,769] Trial 10 pruned. Pruned at epoch 101 with val_accuracy=60.7179
[I 2026-05-10 16:52:50,504] Trial 11 pruned. Pruned at epoch 100 with val_accuracy=63.2457
[I 2026-05-10 16:53:20,131] Trial 12 pruned. Pruned at epoch 101 with val_accuracy=64.4590
[eval.mvp] Starting eval | split_name=val split_dir=data/splits/mvp/full_60_20_20 predictor_mode=from_file annotation_file=data/annotations/mvp_full.jsonl
[eval.mvp] Loaded split assignments | split_pairs=989 split_samples=1978
[eval.mvp] Prepared samples | n_pairs_before_trim=989 n_samples_before_trim=1978 n_pairs_after_trim=989 n_samples_after_trim=1978 max_pairs=0
[eval.mvp] Generated predictions | n_predictions=1978
[eval.mvp] Scoring complete | accuracy=62.4368 pair_consistency=33.8726 n_pairs=989 n_samples=1978
[eval.mvp] Artifacts written | output_dir=artifacts/probes/mvp/mvp_probe_linear_ltx_video_ltxv_13b_0_9_8_distilled_20260510T113414Z/layer_noise_0.4_block_48/train/trial_0013/val_eval
[I 2026-05-10 16:53:38,803] Trial 13 finished with value: 33.872598584428715 and parameters: {'lr': 0.00014252073771131227, 'weight_decay': 0.008946810000979412, 'batch_size': 32, 'epochs': 20}. Best is trial 0 with value: 41.55712841253792.
[I 2026-05-10 16:54:01,763] Trial 14 pruned. Pruned at epoch 105 with val_accuracy=60.3640
[I 2026-05-10 16:54:30,578] Trial 15 pruned. Pruned at epoch 100 with val_accuracy=63.0940
[eval.mvp] Starting eval | split_name=val split_dir=data/splits/mvp/full_60_20_20 predictor_mode=from_file annotation_file=data/annotations/mvp_full.jsonl
[eval.mvp] Loaded split assignments | split_pairs=989 split_samples=1978
[eval.mvp] Prepared samples | n_pairs_before_trim=989 n_samples_before_trim=1978 n_pairs_after_trim=989 n_samples_after_trim=1978 max_pairs=0
[eval.mvp] Generated predictions | n_predictions=1978
[eval.mvp] Scoring complete | accuracy=65.8241 pair_consistency=40.9505 n_pairs=989 n_samples=1978
[eval.mvp] Artifacts written | output_dir=artifacts/probes/mvp/mvp_probe_linear_ltx_video_ltxv_13b_0_9_8_distilled_20260510T113414Z/layer_noise_0.4_block_48/train/trial_0016/val_eval
[I 2026-05-10 16:56:36,977] Trial 16 finished with value: 40.950455005055616 and parameters: {'lr': 0.00023010761230790708, 'weight_decay': 2.8885077586268315e-07, 'batch_size': 32, 'epochs': 500}. Best is trial 0 with value: 41.55712841253792.
[eval.mvp] Starting eval | split_name=val split_dir=data/splits/mvp/full_60_20_20 predictor_mode=from_file annotation_file=data/annotations/mvp_full.jsonl
[eval.mvp] Loaded split assignments | split_pairs=989 split_samples=1978
[eval.mvp] Prepared samples | n_pairs_before_trim=989 n_samples_before_trim=1978 n_pairs_after_trim=989 n_samples_after_trim=1978 max_pairs=0
[eval.mvp] Generated predictions | n_predictions=1978
[eval.mvp] Scoring complete | accuracy=60.5662 pair_consistency=24.8736 n_pairs=989 n_samples=1978
[eval.mvp] Artifacts written | output_dir=artifacts/probes/mvp/mvp_probe_linear_ltx_video_ltxv_13b_0_9_8_distilled_20260510T113414Z/layer_noise_0.4_block_48/train/trial_0017/val_eval
[I 2026-05-10 16:56:54,628] Trial 17 finished with value: 24.87360970677452 and parameters: {'lr': 0.007985634897281529, 'weight_decay': 1.4239225315245903e-08, 'batch_size': 32, 'epochs': 20}. Best is trial 0 with value: 41.55712841253792.
[I 2026-05-10 16:57:45,711] Trial 18 pruned. Pruned at epoch 278 with val_accuracy=63.3468
[I 2026-05-10 16:58:06,209] Trial 19 pruned. Pruned at epoch 100 with val_accuracy=63.3468
[eval.mvp] Starting eval | split_name=train split_dir=data/splits/mvp/full_60_20_20 predictor_mode=from_file annotation_file=data/annotations/mvp_full.jsonl
[eval.mvp] Loaded split assignments | split_pairs=2965 split_samples=5930
[eval.mvp] Prepared samples | n_pairs_before_trim=2965 n_samples_before_trim=5930 n_pairs_after_trim=2965 n_samples_after_trim=5930 max_pairs=0
[eval.mvp] Generated predictions | n_predictions=5930
[eval.mvp] Scoring complete | accuracy=86.8297 pair_consistency=74.6037 n_pairs=2965 n_samples=5930
[eval.mvp] Artifacts written | output_dir=artifacts/probes/mvp/mvp_probe_linear_ltx_video_ltxv_13b_0_9_8_distilled_20260510T113414Z/layer_noise_0.4_block_48/eval/train
[eval.mvp] Starting eval | split_name=val split_dir=data/splits/mvp/full_60_20_20 predictor_mode=from_file annotation_file=data/annotations/mvp_full.jsonl
[eval.mvp] Loaded split assignments | split_pairs=989 split_samples=1978
[eval.mvp] Prepared samples | n_pairs_before_trim=989 n_samples_before_trim=1978 n_pairs_after_trim=989 n_samples_after_trim=1978 max_pairs=0
[eval.mvp] Generated predictions | n_predictions=1978
[eval.mvp] Scoring complete | accuracy=66.1780 pair_consistency=41.5571 n_pairs=989 n_samples=1978
[eval.mvp] Artifacts written | output_dir=artifacts/probes/mvp/mvp_probe_linear_ltx_video_ltxv_13b_0_9_8_distilled_20260510T113414Z/layer_noise_0.4_block_48/eval/val
[eval.mvp] Starting eval | split_name=test split_dir=data/splits/mvp/full_60_20_20 predictor_mode=from_file annotation_file=data/annotations/mvp_full.jsonl
[eval.mvp] Loaded split assignments | split_pairs=989 split_samples=1978
[eval.mvp] Prepared samples | n_pairs_before_trim=989 n_samples_before_trim=1978 n_pairs_after_trim=989 n_samples_after_trim=1978 max_pairs=0
[eval.mvp] Generated predictions | n_predictions=1978
[eval.mvp] Scoring complete | accuracy=66.3802 pair_consistency=41.7594 n_pairs=989 n_samples=1978
[eval.mvp] Artifacts written | output_dir=artifacts/probes/mvp/mvp_probe_linear_ltx_video_ltxv_13b_0_9_8_distilled_20260510T113414Z/layer_noise_0.4_block_48/eval/test
[I 2026-05-10 16:58:14,488] A new study created in RDB with name: mvp_linear_ltx_video_layer_noise_0.3_block_48
[eval.mvp] Starting eval | split_name=val split_dir=data/splits/mvp/full_60_20_20 predictor_mode=from_file annotation_file=data/annotations/mvp_full.jsonl
[eval.mvp] Loaded split assignments | split_pairs=989 split_samples=1978
[eval.mvp] Prepared samples | n_pairs_before_trim=989 n_samples_before_trim=1978 n_pairs_after_trim=989 n_samples_after_trim=1978 max_pairs=0
[eval.mvp] Generated predictions | n_predictions=1978
[eval.mvp] Scoring complete | accuracy=65.8746 pair_consistency=40.5460 n_pairs=989 n_samples=1978
[eval.mvp] Artifacts written | output_dir=artifacts/probes/mvp/mvp_probe_linear_ltx_video_ltxv_13b_0_9_8_distilled_20260510T113414Z/layer_noise_0.3_block_48/train/trial_0000/val_eval
[I 2026-05-10 17:06:36,163] Trial 0 finished with value: 40.54600606673407 and parameters: {'lr': 0.0001329291894316216, 'weight_decay': 0.005061576888752304, 'batch_size': 32, 'epochs': 2000}. Best is trial 0 with value: 40.54600606673407.
[eval.mvp] Starting eval | split_name=val split_dir=data/splits/mvp/full_60_20_20 predictor_mode=from_file annotation_file=data/annotations/mvp_full.jsonl
[eval.mvp] Loaded split assignments | split_pairs=989 split_samples=1978
[eval.mvp] Prepared samples | n_pairs_before_trim=989 n_samples_before_trim=1978 n_pairs_after_trim=989 n_samples_after_trim=1978 max_pairs=0
[eval.mvp] Generated predictions | n_predictions=1978
[eval.mvp] Scoring complete | accuracy=64.6107 pair_consistency=35.2882 n_pairs=989 n_samples=1978
[eval.mvp] Artifacts written | output_dir=artifacts/probes/mvp/mvp_probe_linear_ltx_video_ltxv_13b_0_9_8_distilled_20260510T113414Z/layer_noise_0.3_block_48/train/trial_0001/val_eval
[I 2026-05-10 17:07:01,523] Trial 1 finished with value: 35.28816986855409 and parameters: {'lr': 0.00314288089084011, 'weight_decay': 1.879466824163843e-07, 'batch_size': 256, 'epochs': 100}. Best is trial 0 with value: 40.54600606673407.
[eval.mvp] Starting eval | split_name=val split_dir=data/splits/mvp/full_60_20_20 predictor_mode=from_file annotation_file=data/annotations/mvp_full.jsonl
[eval.mvp] Loaded split assignments | split_pairs=989 split_samples=1978
[eval.mvp] Prepared samples | n_pairs_before_trim=989 n_samples_before_trim=1978 n_pairs_after_trim=989 n_samples_after_trim=1978 max_pairs=0
[eval.mvp] Generated predictions | n_predictions=1978
[eval.mvp] Scoring complete | accuracy=65.9252 pair_consistency=40.5460 n_pairs=989 n_samples=1978
[eval.mvp] Artifacts written | output_dir=artifacts/probes/mvp/mvp_probe_linear_ltx_video_ltxv_13b_0_9_8_distilled_20260510T113414Z/layer_noise_0.3_block_48/train/trial_0002/val_eval
[I 2026-05-10 17:09:34,948] Trial 2 finished with value: 40.54600606673407 and parameters: {'lr': 0.00023345864076016249, 'weight_decay': 0.0005141096648805752, 'batch_size': 128, 'epochs': 1000}. Best is trial 0 with value: 40.54600606673407.
[eval.mvp] Starting eval | split_name=val split_dir=data/splits/mvp/full_60_20_20 predictor_mode=from_file annotation_file=data/annotations/mvp_full.jsonl
[eval.mvp] Loaded split assignments | split_pairs=989 split_samples=1978
[eval.mvp] Prepared samples | n_pairs_before_trim=989 n_samples_before_trim=1978 n_pairs_after_trim=989 n_samples_after_trim=1978 max_pairs=0
[eval.mvp] Generated predictions | n_predictions=1978
[eval.mvp] Scoring complete | accuracy=64.7118 pair_consistency=37.6138 n_pairs=989 n_samples=1978
[eval.mvp] Artifacts written | output_dir=artifacts/probes/mvp/mvp_probe_linear_ltx_video_ltxv_13b_0_9_8_distilled_20260510T113414Z/layer_noise_0.3_block_48/train/trial_0003/val_eval
[I 2026-05-10 17:09:56,225] Trial 3 finished with value: 37.613751263902934 and parameters: {'lr': 8.200518402245828e-05, 'weight_decay': 3.855073690026179e-08, 'batch_size': 32, 'epochs': 50}. Best is trial 0 with value: 40.54600606673407.
[eval.mvp] Starting eval | split_name=val split_dir=data/splits/mvp/full_60_20_20 predictor_mode=from_file annotation_file=data/annotations/mvp_full.jsonl
[eval.mvp] Loaded split assignments | split_pairs=989 split_samples=1978
[eval.mvp] Prepared samples | n_pairs_before_trim=989 n_samples_before_trim=1978 n_pairs_after_trim=989 n_samples_after_trim=1978 max_pairs=0
[eval.mvp] Generated predictions | n_predictions=1978
[eval.mvp] Scoring complete | accuracy=64.7118 pair_consistency=37.7149 n_pairs=989 n_samples=1978
[eval.mvp] Artifacts written | output_dir=artifacts/probes/mvp/mvp_probe_linear_ltx_video_ltxv_13b_0_9_8_distilled_20260510T113414Z/layer_noise_0.3_block_48/train/trial_0004/val_eval
[I 2026-05-10 17:10:19,027] Trial 4 finished with value: 37.71486349848331 and parameters: {'lr': 0.00043664735929796326, 'weight_decay': 1.2856617791467908e-07, 'batch_size': 32, 'epochs': 50}. Best is trial 0 with value: 40.54600606673407.
[eval.mvp] Starting eval | split_name=val split_dir=data/splits/mvp/full_60_20_20 predictor_mode=from_file annotation_file=data/annotations/mvp_full.jsonl
[eval.mvp] Loaded split assignments | split_pairs=989 split_samples=1978
[eval.mvp] Prepared samples | n_pairs_before_trim=989 n_samples_before_trim=1978 n_pairs_after_trim=989 n_samples_after_trim=1978 max_pairs=0
[eval.mvp] Generated predictions | n_predictions=1978
[eval.mvp] Scoring complete | accuracy=65.9757 pair_consistency=40.3438 n_pairs=989 n_samples=1978
[eval.mvp] Artifacts written | output_dir=artifacts/probes/mvp/mvp_probe_linear_ltx_video_ltxv_13b_0_9_8_distilled_20260510T113414Z/layer_noise_0.3_block_48/train/trial_0005/val_eval
[I 2026-05-10 17:12:23,381] Trial 5 finished with value: 40.34378159757331 and parameters: {'lr': 0.00014656553886225324, 'weight_decay': 4.247116662617142e-07, 'batch_size': 32, 'epochs': 500}. Best is trial 0 with value: 40.54600606673407.
[I 2026-05-10 17:12:42,317] Trial 6 pruned. Pruned at epoch 100 with val_accuracy=60.6168
[I 2026-05-10 17:13:04,358] Trial 7 pruned. Pruned at epoch 121 with val_accuracy=62.2346
[eval.mvp] Starting eval | split_name=val split_dir=data/splits/mvp/full_60_20_20 predictor_mode=from_file annotation_file=data/annotations/mvp_full.jsonl
[eval.mvp] Loaded split assignments | split_pairs=989 split_samples=1978
[eval.mvp] Prepared samples | n_pairs_before_trim=989 n_samples_before_trim=1978 n_pairs_after_trim=989 n_samples_after_trim=1978 max_pairs=0
[eval.mvp] Generated predictions | n_predictions=1978
[eval.mvp] Scoring complete | accuracy=65.1163 pair_consistency=39.6360 n_pairs=989 n_samples=1978
[eval.mvp] Artifacts written | output_dir=artifacts/probes/mvp/mvp_probe_linear_ltx_video_ltxv_13b_0_9_8_distilled_20260510T113414Z/layer_noise_0.3_block_48/train/trial_0008/val_eval
[I 2026-05-10 17:13:32,595] Trial 8 finished with value: 39.635995955510616 and parameters: {'lr': 0.0003699972431463808, 'weight_decay': 3.6749049453053196e-06, 'batch_size': 256, 'epochs': 100}. Best is trial 0 with value: 40.54600606673407.
[I 2026-05-10 17:13:53,908] Trial 9 pruned. Pruned at epoch 111 with val_accuracy=63.3974
[I 2026-05-10 17:15:31,977] Trial 10 pruned. Pruned at epoch 562 with val_accuracy=63.5490
[eval.mvp] Starting eval | split_name=val split_dir=data/splits/mvp/full_60_20_20 predictor_mode=from_file annotation_file=data/annotations/mvp_full.jsonl
[eval.mvp] Loaded split assignments | split_pairs=989 split_samples=1978
[eval.mvp] Prepared samples | n_pairs_before_trim=989 n_samples_before_trim=1978 n_pairs_after_trim=989 n_samples_after_trim=1978 max_pairs=0
[eval.mvp] Generated predictions | n_predictions=1978
[eval.mvp] Scoring complete | accuracy=63.0940 pair_consistency=32.9626 n_pairs=989 n_samples=1978
[eval.mvp] Artifacts written | output_dir=artifacts/probes/mvp/mvp_probe_linear_ltx_video_ltxv_13b_0_9_8_distilled_20260510T113414Z/layer_noise_0.3_block_48/train/trial_0011/val_eval
[I 2026-05-10 17:15:47,751] Trial 11 finished with value: 32.96258847320526 and parameters: {'lr': 0.0009028168422346196, 'weight_decay': 0.00013851041848413182, 'batch_size': 64, 'epochs': 20}. Best is trial 0 with value: 40.54600606673407.
[I 2026-05-10 17:16:04,802] Trial 12 pruned. Pruned at epoch 100 with val_accuracy=60.0607
[I 2026-05-10 17:16:37,861] Trial 13 pruned. Pruned at epoch 121 with val_accuracy=61.7290
[I 2026-05-10 17:18:06,101] Trial 14 pruned. Pruned at epoch 372 with val_accuracy=63.9029
[eval.mvp] Starting eval | split_name=val split_dir=data/splits/mvp/full_60_20_20 predictor_mode=from_file annotation_file=data/annotations/mvp_full.jsonl
[eval.mvp] Loaded split assignments | split_pairs=989 split_samples=1978
[eval.mvp] Prepared samples | n_pairs_before_trim=989 n_samples_before_trim=1978 n_pairs_after_trim=989 n_samples_after_trim=1978 max_pairs=0
[eval.mvp] Generated predictions | n_predictions=1978
[eval.mvp] Scoring complete | accuracy=57.4317 pair_consistency=25.3792 n_pairs=989 n_samples=1978
[eval.mvp] Artifacts written | output_dir=artifacts/probes/mvp/mvp_probe_linear_ltx_video_ltxv_13b_0_9_8_distilled_20260510T113414Z/layer_noise_0.3_block_48/train/trial_0015/val_eval
[I 2026-05-10 17:18:22,231] Trial 15 finished with value: 25.379170879676437 and parameters: {'lr': 2.990630550212624e-05, 'weight_decay': 4.792092864251368e-05, 'batch_size': 128, 'epochs': 20}. Best is trial 0 with value: 40.54600606673407.
[I 2026-05-10 17:18:42,477] Trial 16 pruned. Pruned at epoch 121 with val_accuracy=57.0273
[I 2026-05-10 17:19:05,560] Trial 17 pruned. Pruned at epoch 103 with val_accuracy=64.1052
[I 2026-05-10 17:19:29,376] Trial 18 pruned. Pruned at epoch 121 with val_accuracy=64.8635
[eval.mvp] Starting eval | split_name=val split_dir=data/splits/mvp/full_60_20_20 predictor_mode=from_file annotation_file=data/annotations/mvp_full.jsonl
[eval.mvp] Loaded split assignments | split_pairs=989 split_samples=1978
[eval.mvp] Prepared samples | n_pairs_before_trim=989 n_samples_before_trim=1978 n_pairs_after_trim=989 n_samples_after_trim=1978 max_pairs=0
[eval.mvp] Generated predictions | n_predictions=1978
[eval.mvp] Scoring complete | accuracy=65.9252 pair_consistency=40.3438 n_pairs=989 n_samples=1978
[eval.mvp] Artifacts written | output_dir=artifacts/probes/mvp/mvp_probe_linear_ltx_video_ltxv_13b_0_9_8_distilled_20260510T113414Z/layer_noise_0.3_block_48/train/trial_0019/val_eval
[I 2026-05-10 17:27:50,730] Trial 19 finished with value: 40.34378159757331 and parameters: {'lr': 0.00020168074321450958, 'weight_decay': 0.0032188303322066617, 'batch_size': 32, 'epochs': 2000}. Best is trial 0 with value: 40.54600606673407.
[eval.mvp] Starting eval | split_name=train split_dir=data/splits/mvp/full_60_20_20 predictor_mode=from_file annotation_file=data/annotations/mvp_full.jsonl
[eval.mvp] Loaded split assignments | split_pairs=2965 split_samples=5930
[eval.mvp] Prepared samples | n_pairs_before_trim=2965 n_samples_before_trim=5930 n_pairs_after_trim=2965 n_samples_after_trim=5930 max_pairs=0
[eval.mvp] Generated predictions | n_predictions=5930
[eval.mvp] Scoring complete | accuracy=87.6223 pair_consistency=76.6610 n_pairs=2965 n_samples=5930
[eval.mvp] Artifacts written | output_dir=artifacts/probes/mvp/mvp_probe_linear_ltx_video_ltxv_13b_0_9_8_distilled_20260510T113414Z/layer_noise_0.3_block_48/eval/train
[eval.mvp] Starting eval | split_name=val split_dir=data/splits/mvp/full_60_20_20 predictor_mode=from_file annotation_file=data/annotations/mvp_full.jsonl
[eval.mvp] Loaded split assignments | split_pairs=989 split_samples=1978
[eval.mvp] Prepared samples | n_pairs_before_trim=989 n_samples_before_trim=1978 n_pairs_after_trim=989 n_samples_after_trim=1978 max_pairs=0
[eval.mvp] Generated predictions | n_predictions=1978
[eval.mvp] Scoring complete | accuracy=65.8746 pair_consistency=40.5460 n_pairs=989 n_samples=1978
[eval.mvp] Artifacts written | output_dir=artifacts/probes/mvp/mvp_probe_linear_ltx_video_ltxv_13b_0_9_8_distilled_20260510T113414Z/layer_noise_0.3_block_48/eval/val
[eval.mvp] Starting eval | split_name=test split_dir=data/splits/mvp/full_60_20_20 predictor_mode=from_file annotation_file=data/annotations/mvp_full.jsonl
[eval.mvp] Loaded split assignments | split_pairs=989 split_samples=1978
[eval.mvp] Prepared samples | n_pairs_before_trim=989 n_samples_before_trim=1978 n_pairs_after_trim=989 n_samples_after_trim=1978 max_pairs=0
[eval.mvp] Generated predictions | n_predictions=1978
[eval.mvp] Scoring complete | accuracy=65.8746 pair_consistency=42.6694 n_pairs=989 n_samples=1978
[eval.mvp] Artifacts written | output_dir=artifacts/probes/mvp/mvp_probe_linear_ltx_video_ltxv_13b_0_9_8_distilled_20260510T113414Z/layer_noise_0.3_block_48/eval/test
[I 2026-05-10 17:27:59,017] A new study created in RDB with name: mvp_linear_ltx_video_layer_noise_0.2_block_48
[eval.mvp] Starting eval | split_name=val split_dir=data/splits/mvp/full_60_20_20 predictor_mode=from_file annotation_file=data/annotations/mvp_full.jsonl
[eval.mvp] Loaded split assignments | split_pairs=989 split_samples=1978
[eval.mvp] Prepared samples | n_pairs_before_trim=989 n_samples_before_trim=1978 n_pairs_after_trim=989 n_samples_after_trim=1978 max_pairs=0
[eval.mvp] Generated predictions | n_predictions=1978
[eval.mvp] Scoring complete | accuracy=65.6218 pair_consistency=38.7260 n_pairs=989 n_samples=1978
[eval.mvp] Artifacts written | output_dir=artifacts/probes/mvp/mvp_probe_linear_ltx_video_ltxv_13b_0_9_8_distilled_20260510T113414Z/layer_noise_0.2_block_48/train/trial_0000/val_eval
[I 2026-05-10 17:36:15,720] Trial 0 finished with value: 38.72598584428716 and parameters: {'lr': 0.0001329291894316216, 'weight_decay': 0.005061576888752304, 'batch_size': 32, 'epochs': 2000}. Best is trial 0 with value: 38.72598584428716.
[eval.mvp] Starting eval | split_name=val split_dir=data/splits/mvp/full_60_20_20 predictor_mode=from_file annotation_file=data/annotations/mvp_full.jsonl
[eval.mvp] Loaded split assignments | split_pairs=989 split_samples=1978
[eval.mvp] Prepared samples | n_pairs_before_trim=989 n_samples_before_trim=1978 n_pairs_after_trim=989 n_samples_after_trim=1978 max_pairs=0
[eval.mvp] Generated predictions | n_predictions=1978
[eval.mvp] Scoring complete | accuracy=64.1557 pair_consistency=37.9171 n_pairs=989 n_samples=1978
[eval.mvp] Artifacts written | output_dir=artifacts/probes/mvp/mvp_probe_linear_ltx_video_ltxv_13b_0_9_8_distilled_20260510T113414Z/layer_noise_0.2_block_48/train/trial_0001/val_eval
[I 2026-05-10 17:36:40,361] Trial 1 finished with value: 37.917087967644086 and parameters: {'lr': 0.00314288089084011, 'weight_decay': 1.879466824163843e-07, 'batch_size': 256, 'epochs': 100}. Best is trial 0 with value: 38.72598584428716.
[eval.mvp] Starting eval | split_name=val split_dir=data/splits/mvp/full_60_20_20 predictor_mode=from_file annotation_file=data/annotations/mvp_full.jsonl
[eval.mvp] Loaded split assignments | split_pairs=989 split_samples=1978
[eval.mvp] Prepared samples | n_pairs_before_trim=989 n_samples_before_trim=1978 n_pairs_after_trim=989 n_samples_after_trim=1978 max_pairs=0
[eval.mvp] Generated predictions | n_predictions=1978
[eval.mvp] Scoring complete | accuracy=65.4702 pair_consistency=40.6471 n_pairs=989 n_samples=1978
[eval.mvp] Artifacts written | output_dir=artifacts/probes/mvp/mvp_probe_linear_ltx_video_ltxv_13b_0_9_8_distilled_20260510T113414Z/layer_noise_0.2_block_48/train/trial_0002/val_eval
[I 2026-05-10 17:39:12,151] Trial 2 finished with value: 40.647118301314464 and parameters: {'lr': 0.00023345864076016249, 'weight_decay': 0.0005141096648805752, 'batch_size': 128, 'epochs': 1000}. Best is trial 2 with value: 40.647118301314464.
[eval.mvp] Starting eval | split_name=val split_dir=data/splits/mvp/full_60_20_20 predictor_mode=from_file annotation_file=data/annotations/mvp_full.jsonl
[eval.mvp] Loaded split assignments | split_pairs=989 split_samples=1978
[eval.mvp] Prepared samples | n_pairs_before_trim=989 n_samples_before_trim=1978 n_pairs_after_trim=989 n_samples_after_trim=1978 max_pairs=0
[eval.mvp] Generated predictions | n_predictions=1978
[eval.mvp] Scoring complete | accuracy=63.7007 pair_consistency=36.1982 n_pairs=989 n_samples=1978
[eval.mvp] Artifacts written | output_dir=artifacts/probes/mvp/mvp_probe_linear_ltx_video_ltxv_13b_0_9_8_distilled_20260510T113414Z/layer_noise_0.2_block_48/train/trial_0003/val_eval
[I 2026-05-10 17:39:36,803] Trial 3 finished with value: 36.19817997977755 and parameters: {'lr': 8.200518402245828e-05, 'weight_decay': 3.855073690026179e-08, 'batch_size': 32, 'epochs': 50}. Best is trial 2 with value: 40.647118301314464.
[eval.mvp] Starting eval | split_name=val split_dir=data/splits/mvp/full_60_20_20 predictor_mode=from_file annotation_file=data/annotations/mvp_full.jsonl
[eval.mvp] Loaded split assignments | split_pairs=989 split_samples=1978
[eval.mvp] Prepared samples | n_pairs_before_trim=989 n_samples_before_trim=1978 n_pairs_after_trim=989 n_samples_after_trim=1978 max_pairs=0
[eval.mvp] Generated predictions | n_predictions=1978
[eval.mvp] Scoring complete | accuracy=65.4702 pair_consistency=38.2204 n_pairs=989 n_samples=1978
[eval.mvp] Artifacts written | output_dir=artifacts/probes/mvp/mvp_probe_linear_ltx_video_ltxv_13b_0_9_8_distilled_20260510T113414Z/layer_noise_0.2_block_48/train/trial_0004/val_eval
[I 2026-05-10 17:40:01,094] Trial 4 finished with value: 38.22042467138524 and parameters: {'lr': 0.00043664735929796326, 'weight_decay': 1.2856617791467908e-07, 'batch_size': 32, 'epochs': 50}. Best is trial 2 with value: 40.647118301314464.
[eval.mvp] Starting eval | split_name=val split_dir=data/splits/mvp/full_60_20_20 predictor_mode=from_file annotation_file=data/annotations/mvp_full.jsonl
[eval.mvp] Loaded split assignments | split_pairs=989 split_samples=1978
[eval.mvp] Prepared samples | n_pairs_before_trim=989 n_samples_before_trim=1978 n_pairs_after_trim=989 n_samples_after_trim=1978 max_pairs=0
[eval.mvp] Generated predictions | n_predictions=1978
[eval.mvp] Scoring complete | accuracy=65.8241 pair_consistency=40.2427 n_pairs=989 n_samples=1978
[eval.mvp] Artifacts written | output_dir=artifacts/probes/mvp/mvp_probe_linear_ltx_video_ltxv_13b_0_9_8_distilled_20260510T113414Z/layer_noise_0.2_block_48/train/trial_0005/val_eval
[I 2026-05-10 17:42:02,378] Trial 5 finished with value: 40.24266936299292 and parameters: {'lr': 0.00014656553886225324, 'weight_decay': 4.247116662617142e-07, 'batch_size': 32, 'epochs': 500}. Best is trial 2 with value: 40.647118301314464.
[I 2026-05-10 17:42:19,840] Trial 6 pruned. Pruned at epoch 100 with val_accuracy=58.9990
[I 2026-05-10 17:42:38,731] Trial 7 pruned. Pruned at epoch 107 with val_accuracy=62.8413
[eval.mvp] Starting eval | split_name=val split_dir=data/splits/mvp/full_60_20_20 predictor_mode=from_file annotation_file=data/annotations/mvp_full.jsonl
[eval.mvp] Loaded split assignments | split_pairs=989 split_samples=1978
[eval.mvp] Prepared samples | n_pairs_before_trim=989 n_samples_before_trim=1978 n_pairs_after_trim=989 n_samples_after_trim=1978 max_pairs=0
[eval.mvp] Generated predictions | n_predictions=1978
[eval.mvp] Scoring complete | accuracy=64.5096 pair_consistency=37.4115 n_pairs=989 n_samples=1978
[eval.mvp] Artifacts written | output_dir=artifacts/probes/mvp/mvp_probe_linear_ltx_video_ltxv_13b_0_9_8_distilled_20260510T113414Z/layer_noise_0.2_block_48/train/trial_0008/val_eval
[I 2026-05-10 17:43:02,285] Trial 8 finished with value: 37.41152679474216 and parameters: {'lr': 0.0003699972431463808, 'weight_decay': 3.6749049453053196e-06, 'batch_size': 256, 'epochs': 100}. Best is trial 2 with value: 40.647118301314464.
[I 2026-05-10 17:43:19,617] Trial 9 pruned. Pruned at epoch 100 with val_accuracy=61.9818
[eval.mvp] Starting eval | split_name=val split_dir=data/splits/mvp/full_60_20_20 predictor_mode=from_file annotation_file=data/annotations/mvp_full.jsonl
[eval.mvp] Loaded split assignments | split_pairs=989 split_samples=1978
[eval.mvp] Prepared samples | n_pairs_before_trim=989 n_samples_before_trim=1978 n_pairs_after_trim=989 n_samples_after_trim=1978 max_pairs=0
[eval.mvp] Generated predictions | n_predictions=1978
[eval.mvp] Scoring complete | accuracy=62.7401 pair_consistency=34.4793 n_pairs=989 n_samples=1978
[eval.mvp] Artifacts written | output_dir=artifacts/probes/mvp/mvp_probe_linear_ltx_video_ltxv_13b_0_9_8_distilled_20260510T113414Z/layer_noise_0.2_block_48/train/trial_0010/val_eval
[I 2026-05-10 17:43:32,213] Trial 10 finished with value: 34.47927199191102 and parameters: {'lr': 0.002146403547714585, 'weight_decay': 0.00011188771567666644, 'batch_size': 64, 'epochs': 20}. Best is trial 2 with value: 40.647118301314464.
[I 2026-05-10 17:43:52,838] Trial 11 pruned. Pruned at epoch 107 with val_accuracy=61.1729
[I 2026-05-10 17:44:22,113] Trial 12 pruned. Pruned at epoch 100 with val_accuracy=63.0940
[I 2026-05-10 17:44:43,626] Trial 13 pruned. Pruned at epoch 107 with val_accuracy=63.7513
[I 2026-05-10 17:45:12,721] Trial 14 pruned. Pruned at epoch 107 with val_accuracy=61.7796
[eval.mvp] Starting eval | split_name=val split_dir=data/splits/mvp/full_60_20_20 predictor_mode=from_file annotation_file=data/annotations/mvp_full.jsonl
[eval.mvp] Loaded split assignments | split_pairs=989 split_samples=1978
[eval.mvp] Prepared samples | n_pairs_before_trim=989 n_samples_before_trim=1978 n_pairs_after_trim=989 n_samples_after_trim=1978 max_pairs=0
[eval.mvp] Generated predictions | n_predictions=1978
[eval.mvp] Scoring complete | accuracy=57.3306 pair_consistency=22.9525 n_pairs=989 n_samples=1978
[eval.mvp] Artifacts written | output_dir=artifacts/probes/mvp/mvp_probe_linear_ltx_video_ltxv_13b_0_9_8_distilled_20260510T113414Z/layer_noise_0.2_block_48/train/trial_0015/val_eval
[I 2026-05-10 17:45:31,049] Trial 15 finished with value: 22.95247724974722 and parameters: {'lr': 4.154539727288801e-05, 'weight_decay': 1.2119443267366663e-06, 'batch_size': 128, 'epochs': 20}. Best is trial 2 with value: 40.647118301314464.
[I 2026-05-10 17:45:51,323] Trial 16 pruned. Pruned at epoch 107 with val_accuracy=64.1052
[I 2026-05-10 17:46:13,417] Trial 17 pruned. Pruned at epoch 103 with val_accuracy=64.0546
[I 2026-05-10 17:46:41,977] Trial 18 pruned. Pruned at epoch 107 with val_accuracy=61.9312
[I 2026-05-10 17:47:02,392] Trial 19 pruned. Pruned at epoch 107 with val_accuracy=63.8018
[eval.mvp] Starting eval | split_name=train split_dir=data/splits/mvp/full_60_20_20 predictor_mode=from_file annotation_file=data/annotations/mvp_full.jsonl
[eval.mvp] Loaded split assignments | split_pairs=2965 split_samples=5930
[eval.mvp] Prepared samples | n_pairs_before_trim=2965 n_samples_before_trim=5930 n_pairs_after_trim=2965 n_samples_after_trim=5930 max_pairs=0
[eval.mvp] Generated predictions | n_predictions=5930
[eval.mvp] Scoring complete | accuracy=81.3997 pair_consistency=65.2277 n_pairs=2965 n_samples=5930
[eval.mvp] Artifacts written | output_dir=artifacts/probes/mvp/mvp_probe_linear_ltx_video_ltxv_13b_0_9_8_distilled_20260510T113414Z/layer_noise_0.2_block_48/eval/train
[eval.mvp] Starting eval | split_name=val split_dir=data/splits/mvp/full_60_20_20 predictor_mode=from_file annotation_file=data/annotations/mvp_full.jsonl
[eval.mvp] Loaded split assignments | split_pairs=989 split_samples=1978
[eval.mvp] Prepared samples | n_pairs_before_trim=989 n_samples_before_trim=1978 n_pairs_after_trim=989 n_samples_after_trim=1978 max_pairs=0
[eval.mvp] Generated predictions | n_predictions=1978
[eval.mvp] Scoring complete | accuracy=65.4702 pair_consistency=40.6471 n_pairs=989 n_samples=1978
[eval.mvp] Artifacts written | output_dir=artifacts/probes/mvp/mvp_probe_linear_ltx_video_ltxv_13b_0_9_8_distilled_20260510T113414Z/layer_noise_0.2_block_48/eval/val
[eval.mvp] Starting eval | split_name=test split_dir=data/splits/mvp/full_60_20_20 predictor_mode=from_file annotation_file=data/annotations/mvp_full.jsonl
[eval.mvp] Loaded split assignments | split_pairs=989 split_samples=1978
[eval.mvp] Prepared samples | n_pairs_before_trim=989 n_samples_before_trim=1978 n_pairs_after_trim=989 n_samples_after_trim=1978 max_pairs=0
[eval.mvp] Generated predictions | n_predictions=1978
[eval.mvp] Scoring complete | accuracy=66.3296 pair_consistency=41.1527 n_pairs=989 n_samples=1978
[eval.mvp] Artifacts written | output_dir=artifacts/probes/mvp/mvp_probe_linear_ltx_video_ltxv_13b_0_9_8_distilled_20260510T113414Z/layer_noise_0.2_block_48/eval/test
[I 2026-05-10 17:47:12,619] A new study created in RDB with name: mvp_linear_ltx_video_layer_noise_0.1_block_48
[eval.mvp] Starting eval | split_name=val split_dir=data/splits/mvp/full_60_20_20 predictor_mode=from_file annotation_file=data/annotations/mvp_full.jsonl
[eval.mvp] Loaded split assignments | split_pairs=989 split_samples=1978
[eval.mvp] Prepared samples | n_pairs_before_trim=989 n_samples_before_trim=1978 n_pairs_after_trim=989 n_samples_after_trim=1978 max_pairs=0
[eval.mvp] Generated predictions | n_predictions=1978
[eval.mvp] Scoring complete | accuracy=67.0374 pair_consistency=43.1749 n_pairs=989 n_samples=1978
[eval.mvp] Artifacts written | output_dir=artifacts/probes/mvp/mvp_probe_linear_ltx_video_ltxv_13b_0_9_8_distilled_20260510T113414Z/layer_noise_0.1_block_48/train/trial_0000/val_eval
[I 2026-05-10 17:55:27,614] Trial 0 finished with value: 43.174924165824066 and parameters: {'lr': 0.0001329291894316216, 'weight_decay': 0.005061576888752304, 'batch_size': 32, 'epochs': 2000}. Best is trial 0 with value: 43.174924165824066.
[eval.mvp] Starting eval | split_name=val split_dir=data/splits/mvp/full_60_20_20 predictor_mode=from_file annotation_file=data/annotations/mvp_full.jsonl
[eval.mvp] Loaded split assignments | split_pairs=989 split_samples=1978
[eval.mvp] Prepared samples | n_pairs_before_trim=989 n_samples_before_trim=1978 n_pairs_after_trim=989 n_samples_after_trim=1978 max_pairs=0
[eval.mvp] Generated predictions | n_predictions=1978
[eval.mvp] Scoring complete | accuracy=65.5207 pair_consistency=38.7260 n_pairs=989 n_samples=1978
[eval.mvp] Artifacts written | output_dir=artifacts/probes/mvp/mvp_probe_linear_ltx_video_ltxv_13b_0_9_8_distilled_20260510T113414Z/layer_noise_0.1_block_48/train/trial_0001/val_eval
[I 2026-05-10 17:55:54,345] Trial 1 finished with value: 38.72598584428716 and parameters: {'lr': 0.00314288089084011, 'weight_decay': 1.879466824163843e-07, 'batch_size': 256, 'epochs': 100}. Best is trial 0 with value: 43.174924165824066.
[eval.mvp] Starting eval | split_name=val split_dir=data/splits/mvp/full_60_20_20 predictor_mode=from_file annotation_file=data/annotations/mvp_full.jsonl
[eval.mvp] Loaded split assignments | split_pairs=989 split_samples=1978
[eval.mvp] Prepared samples | n_pairs_before_trim=989 n_samples_before_trim=1978 n_pairs_after_trim=989 n_samples_after_trim=1978 max_pairs=0
[eval.mvp] Generated predictions | n_predictions=1978
[eval.mvp] Scoring complete | accuracy=66.9869 pair_consistency=43.1749 n_pairs=989 n_samples=1978
[eval.mvp] Artifacts written | output_dir=artifacts/probes/mvp/mvp_probe_linear_ltx_video_ltxv_13b_0_9_8_distilled_20260510T113414Z/layer_noise_0.1_block_48/train/trial_0002/val_eval
[I 2026-05-10 17:58:27,760] Trial 2 finished with value: 43.174924165824066 and parameters: {'lr': 0.00023345864076016249, 'weight_decay': 0.0005141096648805752, 'batch_size': 128, 'epochs': 1000}. Best is trial 0 with value: 43.174924165824066.
[eval.mvp] Starting eval | split_name=val split_dir=data/splits/mvp/full_60_20_20 predictor_mode=from_file annotation_file=data/annotations/mvp_full.jsonl
[eval.mvp] Loaded split assignments | split_pairs=989 split_samples=1978
[eval.mvp] Prepared samples | n_pairs_before_trim=989 n_samples_before_trim=1978 n_pairs_after_trim=989 n_samples_after_trim=1978 max_pairs=0
[eval.mvp] Generated predictions | n_predictions=1978
[eval.mvp] Scoring complete | accuracy=64.0040 pair_consistency=38.5238 n_pairs=989 n_samples=1978
[eval.mvp] Artifacts written | output_dir=artifacts/probes/mvp/mvp_probe_linear_ltx_video_ltxv_13b_0_9_8_distilled_20260510T113414Z/layer_noise_0.1_block_48/train/trial_0003/val_eval
[I 2026-05-10 17:58:48,175] Trial 3 finished with value: 38.52376137512639 and parameters: {'lr': 8.200518402245828e-05, 'weight_decay': 3.855073690026179e-08, 'batch_size': 32, 'epochs': 50}. Best is trial 0 with value: 43.174924165824066.
[eval.mvp] Starting eval | split_name=val split_dir=data/splits/mvp/full_60_20_20 predictor_mode=from_file annotation_file=data/annotations/mvp_full.jsonl
[eval.mvp] Loaded split assignments | split_pairs=989 split_samples=1978
[eval.mvp] Prepared samples | n_pairs_before_trim=989 n_samples_before_trim=1978 n_pairs_after_trim=989 n_samples_after_trim=1978 max_pairs=0
[eval.mvp] Generated predictions | n_predictions=1978
[eval.mvp] Scoring complete | accuracy=65.5713 pair_consistency=40.0404 n_pairs=989 n_samples=1978
[eval.mvp] Artifacts written | output_dir=artifacts/probes/mvp/mvp_probe_linear_ltx_video_ltxv_13b_0_9_8_distilled_20260510T113414Z/layer_noise_0.1_block_48/train/trial_0004/val_eval
[I 2026-05-10 17:59:12,038] Trial 4 finished with value: 40.04044489383215 and parameters: {'lr': 0.00043664735929796326, 'weight_decay': 1.2856617791467908e-07, 'batch_size': 32, 'epochs': 50}. Best is trial 0 with value: 43.174924165824066.
[eval.mvp] Starting eval | split_name=val split_dir=data/splits/mvp/full_60_20_20 predictor_mode=from_file annotation_file=data/annotations/mvp_full.jsonl
[eval.mvp] Loaded split assignments | split_pairs=989 split_samples=1978
[eval.mvp] Prepared samples | n_pairs_before_trim=989 n_samples_before_trim=1978 n_pairs_after_trim=989 n_samples_after_trim=1978 max_pairs=0
[eval.mvp] Generated predictions | n_predictions=1978
[eval.mvp] Scoring complete | accuracy=67.1385 pair_consistency=42.7705 n_pairs=989 n_samples=1978
[eval.mvp] Artifacts written | output_dir=artifacts/probes/mvp/mvp_probe_linear_ltx_video_ltxv_13b_0_9_8_distilled_20260510T113414Z/layer_noise_0.1_block_48/train/trial_0005/val_eval
[I 2026-05-10 18:01:15,257] Trial 5 finished with value: 42.77047522750253 and parameters: {'lr': 0.00014656553886225324, 'weight_decay': 4.247116662617142e-07, 'batch_size': 32, 'epochs': 500}. Best is trial 0 with value: 43.174924165824066.
[I 2026-05-10 18:01:36,202] Trial 6 pruned. Pruned at epoch 100 with val_accuracy=58.8473
[I 2026-05-10 18:01:56,414] Trial 7 pruned. Pruned at epoch 101 with val_accuracy=64.2063
[eval.mvp] Starting eval | split_name=val split_dir=data/splits/mvp/full_60_20_20 predictor_mode=from_file annotation_file=data/annotations/mvp_full.jsonl
[eval.mvp] Loaded split assignments | split_pairs=989 split_samples=1978
[eval.mvp] Prepared samples | n_pairs_before_trim=989 n_samples_before_trim=1978 n_pairs_after_trim=989 n_samples_after_trim=1978 max_pairs=0
[eval.mvp] Generated predictions | n_predictions=1978
[eval.mvp] Scoring complete | accuracy=65.1163 pair_consistency=40.5460 n_pairs=989 n_samples=1978
[eval.mvp] Artifacts written | output_dir=artifacts/probes/mvp/mvp_probe_linear_ltx_video_ltxv_13b_0_9_8_distilled_20260510T113414Z/layer_noise_0.1_block_48/train/trial_0008/val_eval
[I 2026-05-10 18:02:24,394] Trial 8 finished with value: 40.54600606673407 and parameters: {'lr': 0.0003699972431463808, 'weight_decay': 3.6749049453053196e-06, 'batch_size': 256, 'epochs': 100}. Best is trial 0 with value: 43.174924165824066.
[I 2026-05-10 18:02:44,541] Trial 9 pruned. Pruned at epoch 100 with val_accuracy=61.8301
[I 2026-05-10 18:03:12,209] Trial 10 pruned. Pruned at epoch 137 with val_accuracy=60.4651
[eval.mvp] Starting eval | split_name=val split_dir=data/splits/mvp/full_60_20_20 predictor_mode=from_file annotation_file=data/annotations/mvp_full.jsonl
[eval.mvp] Loaded split assignments | split_pairs=989 split_samples=1978
[eval.mvp] Prepared samples | n_pairs_before_trim=989 n_samples_before_trim=1978 n_pairs_after_trim=989 n_samples_after_trim=1978 max_pairs=0
[eval.mvp] Generated predictions | n_predictions=1978
[eval.mvp] Scoring complete | accuracy=63.8524 pair_consistency=34.9848 n_pairs=989 n_samples=1978
[eval.mvp] Artifacts written | output_dir=artifacts/probes/mvp/mvp_probe_linear_ltx_video_ltxv_13b_0_9_8_distilled_20260510T113414Z/layer_noise_0.1_block_48/train/trial_0011/val_eval
[I 2026-05-10 18:03:31,125] Trial 11 finished with value: 34.98483316481295 and parameters: {'lr': 0.0009028168422346196, 'weight_decay': 0.00013851041848413182, 'batch_size': 64, 'epochs': 20}. Best is trial 0 with value: 43.174924165824066.
[I 2026-05-10 18:03:52,570] Trial 12 pruned. Pruned at epoch 100 with val_accuracy=58.9990
[I 2026-05-10 18:04:29,538] Trial 13 pruned. Pruned at epoch 137 with val_accuracy=61.4257
[I 2026-05-10 18:05:07,602] Trial 14 pruned. Pruned at epoch 137 with val_accuracy=62.6896
[eval.mvp] Starting eval | split_name=val split_dir=data/splits/mvp/full_60_20_20 predictor_mode=from_file annotation_file=data/annotations/mvp_full.jsonl
[eval.mvp] Loaded split assignments | split_pairs=989 split_samples=1978
[eval.mvp] Prepared samples | n_pairs_before_trim=989 n_samples_before_trim=1978 n_pairs_after_trim=989 n_samples_after_trim=1978 max_pairs=0
[eval.mvp] Generated predictions | n_predictions=1978
[eval.mvp] Scoring complete | accuracy=55.4601 pair_consistency=23.2558 n_pairs=989 n_samples=1978
[eval.mvp] Artifacts written | output_dir=artifacts/probes/mvp/mvp_probe_linear_ltx_video_ltxv_13b_0_9_8_distilled_20260510T113414Z/layer_noise_0.1_block_48/train/trial_0015/val_eval
[I 2026-05-10 18:05:25,656] Trial 15 finished with value: 23.25581395348837 and parameters: {'lr': 2.990630550212624e-05, 'weight_decay': 4.792092864251368e-05, 'batch_size': 128, 'epochs': 20}. Best is trial 0 with value: 43.174924165824066.
[I 2026-05-10 18:05:49,821] Trial 16 pruned. Pruned at epoch 137 with val_accuracy=63.3974
[I 2026-05-10 18:06:18,246] Trial 17 pruned. Pruned at epoch 125 with val_accuracy=61.9312
[I 2026-05-10 18:06:42,046] Trial 18 pruned. Pruned at epoch 125 with val_accuracy=62.1335
[I 2026-05-10 18:07:37,162] Trial 19 pruned. Pruned at epoch 224 with val_accuracy=66.8352
[eval.mvp] Starting eval | split_name=train split_dir=data/splits/mvp/full_60_20_20 predictor_mode=from_file annotation_file=data/annotations/mvp_full.jsonl
[eval.mvp] Loaded split assignments | split_pairs=2965 split_samples=5930
[eval.mvp] Prepared samples | n_pairs_before_trim=2965 n_samples_before_trim=5930 n_pairs_after_trim=2965 n_samples_after_trim=5930 max_pairs=0
[eval.mvp] Generated predictions | n_predictions=5930
[eval.mvp] Scoring complete | accuracy=83.9966 pair_consistency=69.2749 n_pairs=2965 n_samples=5930
[eval.mvp] Artifacts written | output_dir=artifacts/probes/mvp/mvp_probe_linear_ltx_video_ltxv_13b_0_9_8_distilled_20260510T113414Z/layer_noise_0.1_block_48/eval/train
[eval.mvp] Starting eval | split_name=val split_dir=data/splits/mvp/full_60_20_20 predictor_mode=from_file annotation_file=data/annotations/mvp_full.jsonl
[eval.mvp] Loaded split assignments | split_pairs=989 split_samples=1978
[eval.mvp] Prepared samples | n_pairs_before_trim=989 n_samples_before_trim=1978 n_pairs_after_trim=989 n_samples_after_trim=1978 max_pairs=0
[eval.mvp] Generated predictions | n_predictions=1978
[eval.mvp] Scoring complete | accuracy=67.0374 pair_consistency=43.1749 n_pairs=989 n_samples=1978
[eval.mvp] Artifacts written | output_dir=artifacts/probes/mvp/mvp_probe_linear_ltx_video_ltxv_13b_0_9_8_distilled_20260510T113414Z/layer_noise_0.1_block_48/eval/val
[eval.mvp] Starting eval | split_name=test split_dir=data/splits/mvp/full_60_20_20 predictor_mode=from_file annotation_file=data/annotations/mvp_full.jsonl
[eval.mvp] Loaded split assignments | split_pairs=989 split_samples=1978
[eval.mvp] Prepared samples | n_pairs_before_trim=989 n_samples_before_trim=1978 n_pairs_after_trim=989 n_samples_after_trim=1978 max_pairs=0
[eval.mvp] Generated predictions | n_predictions=1978
[eval.mvp] Scoring complete | accuracy=65.2174 pair_consistency=40.4449 n_pairs=989 n_samples=1978
[eval.mvp] Artifacts written | output_dir=artifacts/probes/mvp/mvp_probe_linear_ltx_video_ltxv_13b_0_9_8_distilled_20260510T113414Z/layer_noise_0.1_block_48/eval/test
