===== TRAIN PROVENANCE =====
Tue May  5 13:27:53 UTC 2026
tcn269.local.snellius.surf.nl
6a929503ad6267515d82e8e97dd388d0c33653fd
Python 3.11.15
/home/scur0511/.conda/envs/probe4physics-gpu/bin/python
REPO_ROOT=/gpfs/home3/scur0511/Probe4Physics
DATASET_NAME=mvp
PROBE_NAME=linear
BACKBONE_NAME=jepa_v2
BACKBONE_VARIANT=vitg_384
PROBE_EPOCHS=<config default>
PROBE_DEVICE=cpu
PROBE_LAYER=last
PROBE_LAYERS=10,20,30,40
PROBE_FEATURE_VIEW=pooled
ENABLE_WANDB=true
WANDB_PROJECT=probe4physics
WANDB_MODE=online
WANDB_GROUP=mvp_linear_jepa_v2_vitg_384
ENABLE_OPTUNA=true
OPTUNA_N_TRIALS=20
OPTUNA_N_JOBS=1
OPTUNA_TIMEOUT_SECONDS=0
ENABLE_OPTUNA_PRUNER=true
OPTUNA_PRUNER_STARTUP_TRIALS=3
OPTUNA_PRUNER_WARMUP_STEPS=100
OPTUNA_PRUNER_INTERVAL_STEPS=1
OPTUNA_STUDY_NAME=mvp_linear_jepa_v2_vitg_384
OPTUNA_SEARCH_OVERRIDES=<none>
============================
JOB_START_UTC=2026-05-05T13:27:53Z
[features.mvp] using compatible legacy cache: expected_signature=34bda98f6a8f3bc6 actual_signature=78ea8f6e0a5c5d94 cache_dir=/gpfs/scratch1/shared/scur0511/probe4physics/artifacts/features/mvp/jepa_v2_vitg_384/train-val-test/78ea8f6e0a5c5d94
[features.mvp] using compatible legacy cache: expected_signature=34bda98f6a8f3bc6 actual_signature=78ea8f6e0a5c5d94 cache_dir=/gpfs/scratch1/shared/scur0511/probe4physics/artifacts/features/mvp/jepa_v2_vitg_384/train-val-test/78ea8f6e0a5c5d94
[features.mvp] using compatible legacy cache: expected_signature=34bda98f6a8f3bc6 actual_signature=78ea8f6e0a5c5d94 cache_dir=/gpfs/scratch1/shared/scur0511/probe4physics/artifacts/features/mvp/jepa_v2_vitg_384/train-val-test/78ea8f6e0a5c5d94
[features.mvp] using compatible legacy cache: expected_signature=34bda98f6a8f3bc6 actual_signature=78ea8f6e0a5c5d94 cache_dir=/gpfs/scratch1/shared/scur0511/probe4physics/artifacts/features/mvp/jepa_v2_vitg_384/train-val-test/78ea8f6e0a5c5d94
[features.mvp] using compatible legacy cache: expected_signature=34bda98f6a8f3bc6 actual_signature=78ea8f6e0a5c5d94 cache_dir=/gpfs/scratch1/shared/scur0511/probe4physics/artifacts/features/mvp/jepa_v2_vitg_384/train-val-test/78ea8f6e0a5c5d94
[features.mvp] using compatible legacy cache: expected_signature=34bda98f6a8f3bc6 actual_signature=78ea8f6e0a5c5d94 cache_dir=/gpfs/scratch1/shared/scur0511/probe4physics/artifacts/features/mvp/jepa_v2_vitg_384/train-val-test/78ea8f6e0a5c5d94
[features.mvp] using compatible legacy cache: expected_signature=34bda98f6a8f3bc6 actual_signature=78ea8f6e0a5c5d94 cache_dir=/gpfs/scratch1/shared/scur0511/probe4physics/artifacts/features/mvp/jepa_v2_vitg_384/train-val-test/78ea8f6e0a5c5d94
[features.mvp] using compatible legacy cache: expected_signature=34bda98f6a8f3bc6 actual_signature=78ea8f6e0a5c5d94 cache_dir=/gpfs/scratch1/shared/scur0511/probe4physics/artifacts/features/mvp/jepa_v2_vitg_384/train-val-test/78ea8f6e0a5c5d94
[features.mvp] using compatible legacy cache: expected_signature=34bda98f6a8f3bc6 actual_signature=78ea8f6e0a5c5d94 cache_dir=/gpfs/scratch1/shared/scur0511/probe4physics/artifacts/features/mvp/jepa_v2_vitg_384/train-val-test/78ea8f6e0a5c5d94
[features.mvp] using compatible legacy cache: expected_signature=34bda98f6a8f3bc6 actual_signature=78ea8f6e0a5c5d94 cache_dir=/gpfs/scratch1/shared/scur0511/probe4physics/artifacts/features/mvp/jepa_v2_vitg_384/train-val-test/78ea8f6e0a5c5d94
[features.mvp] using compatible legacy cache: expected_signature=34bda98f6a8f3bc6 actual_signature=78ea8f6e0a5c5d94 cache_dir=/gpfs/scratch1/shared/scur0511/probe4physics/artifacts/features/mvp/jepa_v2_vitg_384/train-val-test/78ea8f6e0a5c5d94
[features.mvp] using compatible legacy cache: expected_signature=34bda98f6a8f3bc6 actual_signature=78ea8f6e0a5c5d94 cache_dir=/gpfs/scratch1/shared/scur0511/probe4physics/artifacts/features/mvp/jepa_v2_vitg_384/train-val-test/78ea8f6e0a5c5d94
[features.mvp] using compatible legacy cache: expected_signature=34bda98f6a8f3bc6 actual_signature=78ea8f6e0a5c5d94 cache_dir=/gpfs/scratch1/shared/scur0511/probe4physics/artifacts/features/mvp/jepa_v2_vitg_384/train-val-test/78ea8f6e0a5c5d94
[features.mvp] using compatible legacy cache: expected_signature=34bda98f6a8f3bc6 actual_signature=78ea8f6e0a5c5d94 cache_dir=/gpfs/scratch1/shared/scur0511/probe4physics/artifacts/features/mvp/jepa_v2_vitg_384/train-val-test/78ea8f6e0a5c5d94
[features.mvp] using compatible legacy cache: expected_signature=34bda98f6a8f3bc6 actual_signature=78ea8f6e0a5c5d94 cache_dir=/gpfs/scratch1/shared/scur0511/probe4physics/artifacts/features/mvp/jepa_v2_vitg_384/train-val-test/78ea8f6e0a5c5d94
[features.mvp] using compatible legacy cache: expected_signature=34bda98f6a8f3bc6 actual_signature=78ea8f6e0a5c5d94 cache_dir=/gpfs/scratch1/shared/scur0511/probe4physics/artifacts/features/mvp/jepa_v2_vitg_384/train-val-test/78ea8f6e0a5c5d94
[features.mvp] using compatible legacy cache: expected_signature=34bda98f6a8f3bc6 actual_signature=78ea8f6e0a5c5d94 cache_dir=/gpfs/scratch1/shared/scur0511/probe4physics/artifacts/features/mvp/jepa_v2_vitg_384/train-val-test/78ea8f6e0a5c5d94
[features.mvp] using compatible legacy cache: expected_signature=34bda98f6a8f3bc6 actual_signature=78ea8f6e0a5c5d94 cache_dir=/gpfs/scratch1/shared/scur0511/probe4physics/artifacts/features/mvp/jepa_v2_vitg_384/train-val-test/78ea8f6e0a5c5d94
[features.mvp] using compatible legacy cache: expected_signature=34bda98f6a8f3bc6 actual_signature=78ea8f6e0a5c5d94 cache_dir=/gpfs/scratch1/shared/scur0511/probe4physics/artifacts/features/mvp/jepa_v2_vitg_384/train-val-test/78ea8f6e0a5c5d94
[features.mvp] using compatible legacy cache: expected_signature=34bda98f6a8f3bc6 actual_signature=78ea8f6e0a5c5d94 cache_dir=/gpfs/scratch1/shared/scur0511/probe4physics/artifacts/features/mvp/jepa_v2_vitg_384/train-val-test/78ea8f6e0a5c5d94
[features.mvp] using compatible legacy cache: expected_signature=34bda98f6a8f3bc6 actual_signature=78ea8f6e0a5c5d94 cache_dir=/gpfs/scratch1/shared/scur0511/probe4physics/artifacts/features/mvp/jepa_v2_vitg_384/train-val-test/78ea8f6e0a5c5d94
[features.mvp] using compatible legacy cache: expected_signature=34bda98f6a8f3bc6 actual_signature=78ea8f6e0a5c5d94 cache_dir=/gpfs/scratch1/shared/scur0511/probe4physics/artifacts/features/mvp/jepa_v2_vitg_384/train-val-test/78ea8f6e0a5c5d94
[features.mvp] using compatible legacy cache: expected_signature=34bda98f6a8f3bc6 actual_signature=78ea8f6e0a5c5d94 cache_dir=/gpfs/scratch1/shared/scur0511/probe4physics/artifacts/features/mvp/jepa_v2_vitg_384/train-val-test/78ea8f6e0a5c5d94
[features.mvp] using compatible legacy cache: expected_signature=34bda98f6a8f3bc6 actual_signature=78ea8f6e0a5c5d94 cache_dir=/gpfs/scratch1/shared/scur0511/probe4physics/artifacts/features/mvp/jepa_v2_vitg_384/train-val-test/78ea8f6e0a5c5d94
[features.mvp] using compatible legacy cache: expected_signature=34bda98f6a8f3bc6 actual_signature=78ea8f6e0a5c5d94 cache_dir=/gpfs/scratch1/shared/scur0511/probe4physics/artifacts/features/mvp/jepa_v2_vitg_384/train-val-test/78ea8f6e0a5c5d94
[features.mvp] using compatible legacy cache: expected_signature=34bda98f6a8f3bc6 actual_signature=78ea8f6e0a5c5d94 cache_dir=/gpfs/scratch1/shared/scur0511/probe4physics/artifacts/features/mvp/jepa_v2_vitg_384/train-val-test/78ea8f6e0a5c5d94
[features.mvp] using compatible legacy cache: expected_signature=34bda98f6a8f3bc6 actual_signature=78ea8f6e0a5c5d94 cache_dir=/gpfs/scratch1/shared/scur0511/probe4physics/artifacts/features/mvp/jepa_v2_vitg_384/train-val-test/78ea8f6e0a5c5d94
[features.mvp] using compatible legacy cache: expected_signature=34bda98f6a8f3bc6 actual_signature=78ea8f6e0a5c5d94 cache_dir=/gpfs/scratch1/shared/scur0511/probe4physics/artifacts/features/mvp/jepa_v2_vitg_384/train-val-test/78ea8f6e0a5c5d94
[features.mvp] using compatible legacy cache: expected_signature=34bda98f6a8f3bc6 actual_signature=78ea8f6e0a5c5d94 cache_dir=/gpfs/scratch1/shared/scur0511/probe4physics/artifacts/features/mvp/jepa_v2_vitg_384/train-val-test/78ea8f6e0a5c5d94
[features.mvp] using compatible legacy cache: expected_signature=34bda98f6a8f3bc6 actual_signature=78ea8f6e0a5c5d94 cache_dir=/gpfs/scratch1/shared/scur0511/probe4physics/artifacts/features/mvp/jepa_v2_vitg_384/train-val-test/78ea8f6e0a5c5d94
[features.mvp] using compatible legacy cache: expected_signature=34bda98f6a8f3bc6 actual_signature=78ea8f6e0a5c5d94 cache_dir=/gpfs/scratch1/shared/scur0511/probe4physics/artifacts/features/mvp/jepa_v2_vitg_384/train-val-test/78ea8f6e0a5c5d94
[features.mvp] using compatible legacy cache: expected_signature=34bda98f6a8f3bc6 actual_signature=78ea8f6e0a5c5d94 cache_dir=/gpfs/scratch1/shared/scur0511/probe4physics/artifacts/features/mvp/jepa_v2_vitg_384/train-val-test/78ea8f6e0a5c5d94
[features.mvp] using compatible legacy cache: expected_signature=34bda98f6a8f3bc6 actual_signature=78ea8f6e0a5c5d94 cache_dir=/gpfs/scratch1/shared/scur0511/probe4physics/artifacts/features/mvp/jepa_v2_vitg_384/train-val-test/78ea8f6e0a5c5d94
[features.mvp] using compatible legacy cache: expected_signature=34bda98f6a8f3bc6 actual_signature=78ea8f6e0a5c5d94 cache_dir=/gpfs/scratch1/shared/scur0511/probe4physics/artifacts/features/mvp/jepa_v2_vitg_384/train-val-test/78ea8f6e0a5c5d94
[features.mvp] using compatible legacy cache: expected_signature=34bda98f6a8f3bc6 actual_signature=78ea8f6e0a5c5d94 cache_dir=/gpfs/scratch1/shared/scur0511/probe4physics/artifacts/features/mvp/jepa_v2_vitg_384/train-val-test/78ea8f6e0a5c5d94
[features.mvp] using compatible legacy cache: expected_signature=34bda98f6a8f3bc6 actual_signature=78ea8f6e0a5c5d94 cache_dir=/gpfs/scratch1/shared/scur0511/probe4physics/artifacts/features/mvp/jepa_v2_vitg_384/train-val-test/78ea8f6e0a5c5d94
[features.mvp] using compatible legacy cache: expected_signature=34bda98f6a8f3bc6 actual_signature=78ea8f6e0a5c5d94 cache_dir=/gpfs/scratch1/shared/scur0511/probe4physics/artifacts/features/mvp/jepa_v2_vitg_384/train-val-test/78ea8f6e0a5c5d94
[features.mvp] using compatible legacy cache: expected_signature=34bda98f6a8f3bc6 actual_signature=78ea8f6e0a5c5d94 cache_dir=/gpfs/scratch1/shared/scur0511/probe4physics/artifacts/features/mvp/jepa_v2_vitg_384/train-val-test/78ea8f6e0a5c5d94
[features.mvp] using compatible legacy cache: expected_signature=34bda98f6a8f3bc6 actual_signature=78ea8f6e0a5c5d94 cache_dir=/gpfs/scratch1/shared/scur0511/probe4physics/artifacts/features/mvp/jepa_v2_vitg_384/train-val-test/78ea8f6e0a5c5d94
[features.mvp] using compatible legacy cache: expected_signature=34bda98f6a8f3bc6 actual_signature=78ea8f6e0a5c5d94 cache_dir=/gpfs/scratch1/shared/scur0511/probe4physics/artifacts/features/mvp/jepa_v2_vitg_384/train-val-test/78ea8f6e0a5c5d94
[features.mvp] using compatible legacy cache: expected_signature=34bda98f6a8f3bc6 actual_signature=78ea8f6e0a5c5d94 cache_dir=/gpfs/scratch1/shared/scur0511/probe4physics/artifacts/features/mvp/jepa_v2_vitg_384/train-val-test/78ea8f6e0a5c5d94
[features.mvp] using compatible legacy cache: expected_signature=34bda98f6a8f3bc6 actual_signature=78ea8f6e0a5c5d94 cache_dir=/gpfs/scratch1/shared/scur0511/probe4physics/artifacts/features/mvp/jepa_v2_vitg_384/train-val-test/78ea8f6e0a5c5d94
[features.mvp] using compatible legacy cache: expected_signature=34bda98f6a8f3bc6 actual_signature=78ea8f6e0a5c5d94 cache_dir=/gpfs/scratch1/shared/scur0511/probe4physics/artifacts/features/mvp/jepa_v2_vitg_384/train-val-test/78ea8f6e0a5c5d94
[features.mvp] using compatible legacy cache: expected_signature=34bda98f6a8f3bc6 actual_signature=78ea8f6e0a5c5d94 cache_dir=/gpfs/scratch1/shared/scur0511/probe4physics/artifacts/features/mvp/jepa_v2_vitg_384/train-val-test/78ea8f6e0a5c5d94
[features.mvp] using compatible legacy cache: expected_signature=34bda98f6a8f3bc6 actual_signature=78ea8f6e0a5c5d94 cache_dir=/gpfs/scratch1/shared/scur0511/probe4physics/artifacts/features/mvp/jepa_v2_vitg_384/train-val-test/78ea8f6e0a5c5d94
[features.mvp] using compatible legacy cache: expected_signature=34bda98f6a8f3bc6 actual_signature=78ea8f6e0a5c5d94 cache_dir=/gpfs/scratch1/shared/scur0511/probe4physics/artifacts/features/mvp/jepa_v2_vitg_384/train-val-test/78ea8f6e0a5c5d94
[features.mvp] using compatible legacy cache: expected_signature=34bda98f6a8f3bc6 actual_signature=78ea8f6e0a5c5d94 cache_dir=/gpfs/scratch1/shared/scur0511/probe4physics/artifacts/features/mvp/jepa_v2_vitg_384/train-val-test/78ea8f6e0a5c5d94
[features.mvp] using compatible legacy cache: expected_signature=34bda98f6a8f3bc6 actual_signature=78ea8f6e0a5c5d94 cache_dir=/gpfs/scratch1/shared/scur0511/probe4physics/artifacts/features/mvp/jepa_v2_vitg_384/train-val-test/78ea8f6e0a5c5d94
[features.mvp] using compatible legacy cache: expected_signature=34bda98f6a8f3bc6 actual_signature=78ea8f6e0a5c5d94 cache_dir=/gpfs/scratch1/shared/scur0511/probe4physics/artifacts/features/mvp/jepa_v2_vitg_384/train-val-test/78ea8f6e0a5c5d94
[features.mvp] using compatible legacy cache: expected_signature=34bda98f6a8f3bc6 actual_signature=78ea8f6e0a5c5d94 cache_dir=/gpfs/scratch1/shared/scur0511/probe4physics/artifacts/features/mvp/jepa_v2_vitg_384/train-val-test/78ea8f6e0a5c5d94
[features.mvp] using compatible legacy cache: expected_signature=34bda98f6a8f3bc6 actual_signature=78ea8f6e0a5c5d94 cache_dir=/gpfs/scratch1/shared/scur0511/probe4physics/artifacts/features/mvp/jepa_v2_vitg_384/train-val-test/78ea8f6e0a5c5d94
[features.mvp] using compatible legacy cache: expected_signature=34bda98f6a8f3bc6 actual_signature=78ea8f6e0a5c5d94 cache_dir=/gpfs/scratch1/shared/scur0511/probe4physics/artifacts/features/mvp/jepa_v2_vitg_384/train-val-test/78ea8f6e0a5c5d94
[features.mvp] using compatible legacy cache: expected_signature=34bda98f6a8f3bc6 actual_signature=78ea8f6e0a5c5d94 cache_dir=/gpfs/scratch1/shared/scur0511/probe4physics/artifacts/features/mvp/jepa_v2_vitg_384/train-val-test/78ea8f6e0a5c5d94
[features.mvp] using compatible legacy cache: expected_signature=34bda98f6a8f3bc6 actual_signature=78ea8f6e0a5c5d94 cache_dir=/gpfs/scratch1/shared/scur0511/probe4physics/artifacts/features/mvp/jepa_v2_vitg_384/train-val-test/78ea8f6e0a5c5d94
[features.mvp] using compatible legacy cache: expected_signature=34bda98f6a8f3bc6 actual_signature=78ea8f6e0a5c5d94 cache_dir=/gpfs/scratch1/shared/scur0511/probe4physics/artifacts/features/mvp/jepa_v2_vitg_384/train-val-test/78ea8f6e0a5c5d94
[features.mvp] using compatible legacy cache: expected_signature=34bda98f6a8f3bc6 actual_signature=78ea8f6e0a5c5d94 cache_dir=/gpfs/scratch1/shared/scur0511/probe4physics/artifacts/features/mvp/jepa_v2_vitg_384/train-val-test/78ea8f6e0a5c5d94
[features.mvp] using compatible legacy cache: expected_signature=34bda98f6a8f3bc6 actual_signature=78ea8f6e0a5c5d94 cache_dir=/gpfs/scratch1/shared/scur0511/probe4physics/artifacts/features/mvp/jepa_v2_vitg_384/train-val-test/78ea8f6e0a5c5d94
[features.mvp] using compatible legacy cache: expected_signature=34bda98f6a8f3bc6 actual_signature=78ea8f6e0a5c5d94 cache_dir=/gpfs/scratch1/shared/scur0511/probe4physics/artifacts/features/mvp/jepa_v2_vitg_384/train-val-test/78ea8f6e0a5c5d94
[features.mvp] using compatible legacy cache: expected_signature=34bda98f6a8f3bc6 actual_signature=78ea8f6e0a5c5d94 cache_dir=/gpfs/scratch1/shared/scur0511/probe4physics/artifacts/features/mvp/jepa_v2_vitg_384/train-val-test/78ea8f6e0a5c5d94
[features.mvp] using compatible legacy cache: expected_signature=34bda98f6a8f3bc6 actual_signature=78ea8f6e0a5c5d94 cache_dir=/gpfs/scratch1/shared/scur0511/probe4physics/artifacts/features/mvp/jepa_v2_vitg_384/train-val-test/78ea8f6e0a5c5d94
[features.mvp] using compatible legacy cache: expected_signature=34bda98f6a8f3bc6 actual_signature=78ea8f6e0a5c5d94 cache_dir=/gpfs/scratch1/shared/scur0511/probe4physics/artifacts/features/mvp/jepa_v2_vitg_384/train-val-test/78ea8f6e0a5c5d94
[features.mvp] using compatible legacy cache: expected_signature=34bda98f6a8f3bc6 actual_signature=78ea8f6e0a5c5d94 cache_dir=/gpfs/scratch1/shared/scur0511/probe4physics/artifacts/features/mvp/jepa_v2_vitg_384/train-val-test/78ea8f6e0a5c5d94
[features.mvp] using compatible legacy cache: expected_signature=34bda98f6a8f3bc6 actual_signature=78ea8f6e0a5c5d94 cache_dir=/gpfs/scratch1/shared/scur0511/probe4physics/artifacts/features/mvp/jepa_v2_vitg_384/train-val-test/78ea8f6e0a5c5d94
[features.mvp] using compatible legacy cache: expected_signature=34bda98f6a8f3bc6 actual_signature=78ea8f6e0a5c5d94 cache_dir=/gpfs/scratch1/shared/scur0511/probe4physics/artifacts/features/mvp/jepa_v2_vitg_384/train-val-test/78ea8f6e0a5c5d94
[features.mvp] using compatible legacy cache: expected_signature=34bda98f6a8f3bc6 actual_signature=78ea8f6e0a5c5d94 cache_dir=/gpfs/scratch1/shared/scur0511/probe4physics/artifacts/features/mvp/jepa_v2_vitg_384/train-val-test/78ea8f6e0a5c5d94
[features.mvp] using compatible legacy cache: expected_signature=34bda98f6a8f3bc6 actual_signature=78ea8f6e0a5c5d94 cache_dir=/gpfs/scratch1/shared/scur0511/probe4physics/artifacts/features/mvp/jepa_v2_vitg_384/train-val-test/78ea8f6e0a5c5d94
[features.mvp] using compatible legacy cache: expected_signature=34bda98f6a8f3bc6 actual_signature=78ea8f6e0a5c5d94 cache_dir=/gpfs/scratch1/shared/scur0511/probe4physics/artifacts/features/mvp/jepa_v2_vitg_384/train-val-test/78ea8f6e0a5c5d94
[features.mvp] using compatible legacy cache: expected_signature=34bda98f6a8f3bc6 actual_signature=78ea8f6e0a5c5d94 cache_dir=/gpfs/scratch1/shared/scur0511/probe4physics/artifacts/features/mvp/jepa_v2_vitg_384/train-val-test/78ea8f6e0a5c5d94
[features.mvp] using compatible legacy cache: expected_signature=34bda98f6a8f3bc6 actual_signature=78ea8f6e0a5c5d94 cache_dir=/gpfs/scratch1/shared/scur0511/probe4physics/artifacts/features/mvp/jepa_v2_vitg_384/train-val-test/78ea8f6e0a5c5d94
[features.mvp] using compatible legacy cache: expected_signature=34bda98f6a8f3bc6 actual_signature=78ea8f6e0a5c5d94 cache_dir=/gpfs/scratch1/shared/scur0511/probe4physics/artifacts/features/mvp/jepa_v2_vitg_384/train-val-test/78ea8f6e0a5c5d94
[features.mvp] using compatible legacy cache: expected_signature=34bda98f6a8f3bc6 actual_signature=78ea8f6e0a5c5d94 cache_dir=/gpfs/scratch1/shared/scur0511/probe4physics/artifacts/features/mvp/jepa_v2_vitg_384/train-val-test/78ea8f6e0a5c5d94
[features.mvp] using compatible legacy cache: expected_signature=34bda98f6a8f3bc6 actual_signature=78ea8f6e0a5c5d94 cache_dir=/gpfs/scratch1/shared/scur0511/probe4physics/artifacts/features/mvp/jepa_v2_vitg_384/train-val-test/78ea8f6e0a5c5d94
[features.mvp] using compatible legacy cache: expected_signature=34bda98f6a8f3bc6 actual_signature=78ea8f6e0a5c5d94 cache_dir=/gpfs/scratch1/shared/scur0511/probe4physics/artifacts/features/mvp/jepa_v2_vitg_384/train-val-test/78ea8f6e0a5c5d94
[features.mvp] using compatible legacy cache: expected_signature=34bda98f6a8f3bc6 actual_signature=78ea8f6e0a5c5d94 cache_dir=/gpfs/scratch1/shared/scur0511/probe4physics/artifacts/features/mvp/jepa_v2_vitg_384/train-val-test/78ea8f6e0a5c5d94
[features.mvp] using compatible legacy cache: expected_signature=34bda98f6a8f3bc6 actual_signature=78ea8f6e0a5c5d94 cache_dir=/gpfs/scratch1/shared/scur0511/probe4physics/artifacts/features/mvp/jepa_v2_vitg_384/train-val-test/78ea8f6e0a5c5d94
[features.mvp] using compatible legacy cache: expected_signature=34bda98f6a8f3bc6 actual_signature=78ea8f6e0a5c5d94 cache_dir=/gpfs/scratch1/shared/scur0511/probe4physics/artifacts/features/mvp/jepa_v2_vitg_384/train-val-test/78ea8f6e0a5c5d94
[features.mvp] using compatible legacy cache: expected_signature=34bda98f6a8f3bc6 actual_signature=78ea8f6e0a5c5d94 cache_dir=/gpfs/scratch1/shared/scur0511/probe4physics/artifacts/features/mvp/jepa_v2_vitg_384/train-val-test/78ea8f6e0a5c5d94
[features.mvp] using compatible legacy cache: expected_signature=34bda98f6a8f3bc6 actual_signature=78ea8f6e0a5c5d94 cache_dir=/gpfs/scratch1/shared/scur0511/probe4physics/artifacts/features/mvp/jepa_v2_vitg_384/train-val-test/78ea8f6e0a5c5d94
[features.mvp] using compatible legacy cache: expected_signature=34bda98f6a8f3bc6 actual_signature=78ea8f6e0a5c5d94 cache_dir=/gpfs/scratch1/shared/scur0511/probe4physics/artifacts/features/mvp/jepa_v2_vitg_384/train-val-test/78ea8f6e0a5c5d94
[features.mvp] using compatible legacy cache: expected_signature=34bda98f6a8f3bc6 actual_signature=78ea8f6e0a5c5d94 cache_dir=/gpfs/scratch1/shared/scur0511/probe4physics/artifacts/features/mvp/jepa_v2_vitg_384/train-val-test/78ea8f6e0a5c5d94
[features.mvp] using compatible legacy cache: expected_signature=34bda98f6a8f3bc6 actual_signature=78ea8f6e0a5c5d94 cache_dir=/gpfs/scratch1/shared/scur0511/probe4physics/artifacts/features/mvp/jepa_v2_vitg_384/train-val-test/78ea8f6e0a5c5d94
[features.mvp] using compatible legacy cache: expected_signature=34bda98f6a8f3bc6 actual_signature=78ea8f6e0a5c5d94 cache_dir=/gpfs/scratch1/shared/scur0511/probe4physics/artifacts/features/mvp/jepa_v2_vitg_384/train-val-test/78ea8f6e0a5c5d94
[features.mvp] using compatible legacy cache: expected_signature=34bda98f6a8f3bc6 actual_signature=78ea8f6e0a5c5d94 cache_dir=/gpfs/scratch1/shared/scur0511/probe4physics/artifacts/features/mvp/jepa_v2_vitg_384/train-val-test/78ea8f6e0a5c5d94
[features.mvp] using compatible legacy cache: expected_signature=34bda98f6a8f3bc6 actual_signature=78ea8f6e0a5c5d94 cache_dir=/gpfs/scratch1/shared/scur0511/probe4physics/artifacts/features/mvp/jepa_v2_vitg_384/train-val-test/78ea8f6e0a5c5d94
[features.mvp] using compatible legacy cache: expected_signature=34bda98f6a8f3bc6 actual_signature=78ea8f6e0a5c5d94 cache_dir=/gpfs/scratch1/shared/scur0511/probe4physics/artifacts/features/mvp/jepa_v2_vitg_384/train-val-test/78ea8f6e0a5c5d94
[features.mvp] using compatible legacy cache: expected_signature=34bda98f6a8f3bc6 actual_signature=78ea8f6e0a5c5d94 cache_dir=/gpfs/scratch1/shared/scur0511/probe4physics/artifacts/features/mvp/jepa_v2_vitg_384/train-val-test/78ea8f6e0a5c5d94
[features.mvp] using compatible legacy cache: expected_signature=34bda98f6a8f3bc6 actual_signature=78ea8f6e0a5c5d94 cache_dir=/gpfs/scratch1/shared/scur0511/probe4physics/artifacts/features/mvp/jepa_v2_vitg_384/train-val-test/78ea8f6e0a5c5d94
[features.mvp] using compatible legacy cache: expected_signature=34bda98f6a8f3bc6 actual_signature=78ea8f6e0a5c5d94 cache_dir=/gpfs/scratch1/shared/scur0511/probe4physics/artifacts/features/mvp/jepa_v2_vitg_384/train-val-test/78ea8f6e0a5c5d94
[features.mvp] using compatible legacy cache: expected_signature=34bda98f6a8f3bc6 actual_signature=78ea8f6e0a5c5d94 cache_dir=/gpfs/scratch1/shared/scur0511/probe4physics/artifacts/features/mvp/jepa_v2_vitg_384/train-val-test/78ea8f6e0a5c5d94
[features.mvp] using compatible legacy cache: expected_signature=34bda98f6a8f3bc6 actual_signature=78ea8f6e0a5c5d94 cache_dir=/gpfs/scratch1/shared/scur0511/probe4physics/artifacts/features/mvp/jepa_v2_vitg_384/train-val-test/78ea8f6e0a5c5d94
[features.mvp] using compatible legacy cache: expected_signature=34bda98f6a8f3bc6 actual_signature=78ea8f6e0a5c5d94 cache_dir=/gpfs/scratch1/shared/scur0511/probe4physics/artifacts/features/mvp/jepa_v2_vitg_384/train-val-test/78ea8f6e0a5c5d94
[features.mvp] using compatible legacy cache: expected_signature=34bda98f6a8f3bc6 actual_signature=78ea8f6e0a5c5d94 cache_dir=/gpfs/scratch1/shared/scur0511/probe4physics/artifacts/features/mvp/jepa_v2_vitg_384/train-val-test/78ea8f6e0a5c5d94
[features.mvp] using compatible legacy cache: expected_signature=34bda98f6a8f3bc6 actual_signature=78ea8f6e0a5c5d94 cache_dir=/gpfs/scratch1/shared/scur0511/probe4physics/artifacts/features/mvp/jepa_v2_vitg_384/train-val-test/78ea8f6e0a5c5d94
[features.mvp] using compatible legacy cache: expected_signature=34bda98f6a8f3bc6 actual_signature=78ea8f6e0a5c5d94 cache_dir=/gpfs/scratch1/shared/scur0511/probe4physics/artifacts/features/mvp/jepa_v2_vitg_384/train-val-test/78ea8f6e0a5c5d94
[features.mvp] using compatible legacy cache: expected_signature=34bda98f6a8f3bc6 actual_signature=78ea8f6e0a5c5d94 cache_dir=/gpfs/scratch1/shared/scur0511/probe4physics/artifacts/features/mvp/jepa_v2_vitg_384/train-val-test/78ea8f6e0a5c5d94
[features.mvp] using compatible legacy cache: expected_signature=34bda98f6a8f3bc6 actual_signature=78ea8f6e0a5c5d94 cache_dir=/gpfs/scratch1/shared/scur0511/probe4physics/artifacts/features/mvp/jepa_v2_vitg_384/train-val-test/78ea8f6e0a5c5d94
[features.mvp] using compatible legacy cache: expected_signature=34bda98f6a8f3bc6 actual_signature=78ea8f6e0a5c5d94 cache_dir=/gpfs/scratch1/shared/scur0511/probe4physics/artifacts/features/mvp/jepa_v2_vitg_384/train-val-test/78ea8f6e0a5c5d94
[features.mvp] using compatible legacy cache: expected_signature=34bda98f6a8f3bc6 actual_signature=78ea8f6e0a5c5d94 cache_dir=/gpfs/scratch1/shared/scur0511/probe4physics/artifacts/features/mvp/jepa_v2_vitg_384/train-val-test/78ea8f6e0a5c5d94
[features.mvp] using compatible legacy cache: expected_signature=34bda98f6a8f3bc6 actual_signature=78ea8f6e0a5c5d94 cache_dir=/gpfs/scratch1/shared/scur0511/probe4physics/artifacts/features/mvp/jepa_v2_vitg_384/train-val-test/78ea8f6e0a5c5d94
[features.mvp] using compatible legacy cache: expected_signature=34bda98f6a8f3bc6 actual_signature=78ea8f6e0a5c5d94 cache_dir=/gpfs/scratch1/shared/scur0511/probe4physics/artifacts/features/mvp/jepa_v2_vitg_384/train-val-test/78ea8f6e0a5c5d94
[features.mvp] using compatible legacy cache: expected_signature=34bda98f6a8f3bc6 actual_signature=78ea8f6e0a5c5d94 cache_dir=/gpfs/scratch1/shared/scur0511/probe4physics/artifacts/features/mvp/jepa_v2_vitg_384/train-val-test/78ea8f6e0a5c5d94
[features.mvp] using compatible legacy cache: expected_signature=34bda98f6a8f3bc6 actual_signature=78ea8f6e0a5c5d94 cache_dir=/gpfs/scratch1/shared/scur0511/probe4physics/artifacts/features/mvp/jepa_v2_vitg_384/train-val-test/78ea8f6e0a5c5d94
[features.mvp] using compatible legacy cache: expected_signature=34bda98f6a8f3bc6 actual_signature=78ea8f6e0a5c5d94 cache_dir=/gpfs/scratch1/shared/scur0511/probe4physics/artifacts/features/mvp/jepa_v2_vitg_384/train-val-test/78ea8f6e0a5c5d94
[features.mvp] using compatible legacy cache: expected_signature=34bda98f6a8f3bc6 actual_signature=78ea8f6e0a5c5d94 cache_dir=/gpfs/scratch1/shared/scur0511/probe4physics/artifacts/features/mvp/jepa_v2_vitg_384/train-val-test/78ea8f6e0a5c5d94
[features.mvp] using compatible legacy cache: expected_signature=34bda98f6a8f3bc6 actual_signature=78ea8f6e0a5c5d94 cache_dir=/gpfs/scratch1/shared/scur0511/probe4physics/artifacts/features/mvp/jepa_v2_vitg_384/train-val-test/78ea8f6e0a5c5d94
[features.mvp] using compatible legacy cache: expected_signature=34bda98f6a8f3bc6 actual_signature=78ea8f6e0a5c5d94 cache_dir=/gpfs/scratch1/shared/scur0511/probe4physics/artifacts/features/mvp/jepa_v2_vitg_384/train-val-test/78ea8f6e0a5c5d94
[features.mvp] using compatible legacy cache: expected_signature=34bda98f6a8f3bc6 actual_signature=78ea8f6e0a5c5d94 cache_dir=/gpfs/scratch1/shared/scur0511/probe4physics/artifacts/features/mvp/jepa_v2_vitg_384/train-val-test/78ea8f6e0a5c5d94
[features.mvp] using compatible legacy cache: expected_signature=34bda98f6a8f3bc6 actual_signature=78ea8f6e0a5c5d94 cache_dir=/gpfs/scratch1/shared/scur0511/probe4physics/artifacts/features/mvp/jepa_v2_vitg_384/train-val-test/78ea8f6e0a5c5d94
[features.mvp] using compatible legacy cache: expected_signature=34bda98f6a8f3bc6 actual_signature=78ea8f6e0a5c5d94 cache_dir=/gpfs/scratch1/shared/scur0511/probe4physics/artifacts/features/mvp/jepa_v2_vitg_384/train-val-test/78ea8f6e0a5c5d94
[features.mvp] using compatible legacy cache: expected_signature=34bda98f6a8f3bc6 actual_signature=78ea8f6e0a5c5d94 cache_dir=/gpfs/scratch1/shared/scur0511/probe4physics/artifacts/features/mvp/jepa_v2_vitg_384/train-val-test/78ea8f6e0a5c5d94
[features.mvp] using compatible legacy cache: expected_signature=34bda98f6a8f3bc6 actual_signature=78ea8f6e0a5c5d94 cache_dir=/gpfs/scratch1/shared/scur0511/probe4physics/artifacts/features/mvp/jepa_v2_vitg_384/train-val-test/78ea8f6e0a5c5d94
[features.mvp] using compatible legacy cache: expected_signature=34bda98f6a8f3bc6 actual_signature=78ea8f6e0a5c5d94 cache_dir=/gpfs/scratch1/shared/scur0511/probe4physics/artifacts/features/mvp/jepa_v2_vitg_384/train-val-test/78ea8f6e0a5c5d94
[features.mvp] using compatible legacy cache: expected_signature=34bda98f6a8f3bc6 actual_signature=78ea8f6e0a5c5d94 cache_dir=/gpfs/scratch1/shared/scur0511/probe4physics/artifacts/features/mvp/jepa_v2_vitg_384/train-val-test/78ea8f6e0a5c5d94
[features.mvp] using compatible legacy cache: expected_signature=34bda98f6a8f3bc6 actual_signature=78ea8f6e0a5c5d94 cache_dir=/gpfs/scratch1/shared/scur0511/probe4physics/artifacts/features/mvp/jepa_v2_vitg_384/train-val-test/78ea8f6e0a5c5d94
[features.mvp] using compatible legacy cache: expected_signature=34bda98f6a8f3bc6 actual_signature=78ea8f6e0a5c5d94 cache_dir=/gpfs/scratch1/shared/scur0511/probe4physics/artifacts/features/mvp/jepa_v2_vitg_384/train-val-test/78ea8f6e0a5c5d94
[features.mvp] using compatible legacy cache: expected_signature=34bda98f6a8f3bc6 actual_signature=78ea8f6e0a5c5d94 cache_dir=/gpfs/scratch1/shared/scur0511/probe4physics/artifacts/features/mvp/jepa_v2_vitg_384/train-val-test/78ea8f6e0a5c5d94
[features.mvp] using compatible legacy cache: expected_signature=34bda98f6a8f3bc6 actual_signature=78ea8f6e0a5c5d94 cache_dir=/gpfs/scratch1/shared/scur0511/probe4physics/artifacts/features/mvp/jepa_v2_vitg_384/train-val-test/78ea8f6e0a5c5d94
[features.mvp] using compatible legacy cache: expected_signature=34bda98f6a8f3bc6 actual_signature=78ea8f6e0a5c5d94 cache_dir=/gpfs/scratch1/shared/scur0511/probe4physics/artifacts/features/mvp/jepa_v2_vitg_384/train-val-test/78ea8f6e0a5c5d94
[features.mvp] using compatible legacy cache: expected_signature=34bda98f6a8f3bc6 actual_signature=78ea8f6e0a5c5d94 cache_dir=/gpfs/scratch1/shared/scur0511/probe4physics/artifacts/features/mvp/jepa_v2_vitg_384/train-val-test/78ea8f6e0a5c5d94
[features.mvp] using compatible legacy cache: expected_signature=34bda98f6a8f3bc6 actual_signature=78ea8f6e0a5c5d94 cache_dir=/gpfs/scratch1/shared/scur0511/probe4physics/artifacts/features/mvp/jepa_v2_vitg_384/train-val-test/78ea8f6e0a5c5d94
[features.mvp] using compatible legacy cache: expected_signature=34bda98f6a8f3bc6 actual_signature=78ea8f6e0a5c5d94 cache_dir=/gpfs/scratch1/shared/scur0511/probe4physics/artifacts/features/mvp/jepa_v2_vitg_384/train-val-test/78ea8f6e0a5c5d94
[features.mvp] using compatible legacy cache: expected_signature=34bda98f6a8f3bc6 actual_signature=78ea8f6e0a5c5d94 cache_dir=/gpfs/scratch1/shared/scur0511/probe4physics/artifacts/features/mvp/jepa_v2_vitg_384/train-val-test/78ea8f6e0a5c5d94
[features.mvp] using compatible legacy cache: expected_signature=34bda98f6a8f3bc6 actual_signature=78ea8f6e0a5c5d94 cache_dir=/gpfs/scratch1/shared/scur0511/probe4physics/artifacts/features/mvp/jepa_v2_vitg_384/train-val-test/78ea8f6e0a5c5d94
[features.mvp] using compatible legacy cache: expected_signature=34bda98f6a8f3bc6 actual_signature=78ea8f6e0a5c5d94 cache_dir=/gpfs/scratch1/shared/scur0511/probe4physics/artifacts/features/mvp/jepa_v2_vitg_384/train-val-test/78ea8f6e0a5c5d94
[features.mvp] using compatible legacy cache: expected_signature=34bda98f6a8f3bc6 actual_signature=78ea8f6e0a5c5d94 cache_dir=/gpfs/scratch1/shared/scur0511/probe4physics/artifacts/features/mvp/jepa_v2_vitg_384/train-val-test/78ea8f6e0a5c5d94
[features.mvp] using compatible legacy cache: expected_signature=34bda98f6a8f3bc6 actual_signature=78ea8f6e0a5c5d94 cache_dir=/gpfs/scratch1/shared/scur0511/probe4physics/artifacts/features/mvp/jepa_v2_vitg_384/train-val-test/78ea8f6e0a5c5d94
[features.mvp] using compatible legacy cache: expected_signature=34bda98f6a8f3bc6 actual_signature=78ea8f6e0a5c5d94 cache_dir=/gpfs/scratch1/shared/scur0511/probe4physics/artifacts/features/mvp/jepa_v2_vitg_384/train-val-test/78ea8f6e0a5c5d94
[features.mvp] using compatible legacy cache: expected_signature=34bda98f6a8f3bc6 actual_signature=78ea8f6e0a5c5d94 cache_dir=/gpfs/scratch1/shared/scur0511/probe4physics/artifacts/features/mvp/jepa_v2_vitg_384/train-val-test/78ea8f6e0a5c5d94
[features.mvp] using compatible legacy cache: expected_signature=34bda98f6a8f3bc6 actual_signature=78ea8f6e0a5c5d94 cache_dir=/gpfs/scratch1/shared/scur0511/probe4physics/artifacts/features/mvp/jepa_v2_vitg_384/train-val-test/78ea8f6e0a5c5d94
[features.mvp] using compatible legacy cache: expected_signature=34bda98f6a8f3bc6 actual_signature=78ea8f6e0a5c5d94 cache_dir=/gpfs/scratch1/shared/scur0511/probe4physics/artifacts/features/mvp/jepa_v2_vitg_384/train-val-test/78ea8f6e0a5c5d94
[features.mvp] using compatible legacy cache: expected_signature=34bda98f6a8f3bc6 actual_signature=78ea8f6e0a5c5d94 cache_dir=/gpfs/scratch1/shared/scur0511/probe4physics/artifacts/features/mvp/jepa_v2_vitg_384/train-val-test/78ea8f6e0a5c5d94
[features.mvp] using compatible legacy cache: expected_signature=34bda98f6a8f3bc6 actual_signature=78ea8f6e0a5c5d94 cache_dir=/gpfs/scratch1/shared/scur0511/probe4physics/artifacts/features/mvp/jepa_v2_vitg_384/train-val-test/78ea8f6e0a5c5d94
[features.mvp] using compatible legacy cache: expected_signature=34bda98f6a8f3bc6 actual_signature=78ea8f6e0a5c5d94 cache_dir=/gpfs/scratch1/shared/scur0511/probe4physics/artifacts/features/mvp/jepa_v2_vitg_384/train-val-test/78ea8f6e0a5c5d94
[features.mvp] using compatible legacy cache: expected_signature=34bda98f6a8f3bc6 actual_signature=78ea8f6e0a5c5d94 cache_dir=/gpfs/scratch1/shared/scur0511/probe4physics/artifacts/features/mvp/jepa_v2_vitg_384/train-val-test/78ea8f6e0a5c5d94
[features.mvp] using compatible legacy cache: expected_signature=34bda98f6a8f3bc6 actual_signature=78ea8f6e0a5c5d94 cache_dir=/gpfs/scratch1/shared/scur0511/probe4physics/artifacts/features/mvp/jepa_v2_vitg_384/train-val-test/78ea8f6e0a5c5d94
[features.mvp] using compatible legacy cache: expected_signature=34bda98f6a8f3bc6 actual_signature=78ea8f6e0a5c5d94 cache_dir=/gpfs/scratch1/shared/scur0511/probe4physics/artifacts/features/mvp/jepa_v2_vitg_384/train-val-test/78ea8f6e0a5c5d94
[features.mvp] using compatible legacy cache: expected_signature=34bda98f6a8f3bc6 actual_signature=78ea8f6e0a5c5d94 cache_dir=/gpfs/scratch1/shared/scur0511/probe4physics/artifacts/features/mvp/jepa_v2_vitg_384/train-val-test/78ea8f6e0a5c5d94
[features.mvp] using compatible legacy cache: expected_signature=34bda98f6a8f3bc6 actual_signature=78ea8f6e0a5c5d94 cache_dir=/gpfs/scratch1/shared/scur0511/probe4physics/artifacts/features/mvp/jepa_v2_vitg_384/train-val-test/78ea8f6e0a5c5d94
[features.mvp] using compatible legacy cache: expected_signature=34bda98f6a8f3bc6 actual_signature=78ea8f6e0a5c5d94 cache_dir=/gpfs/scratch1/shared/scur0511/probe4physics/artifacts/features/mvp/jepa_v2_vitg_384/train-val-test/78ea8f6e0a5c5d94
[features.mvp] using compatible legacy cache: expected_signature=34bda98f6a8f3bc6 actual_signature=78ea8f6e0a5c5d94 cache_dir=/gpfs/scratch1/shared/scur0511/probe4physics/artifacts/features/mvp/jepa_v2_vitg_384/train-val-test/78ea8f6e0a5c5d94
[features.mvp] using compatible legacy cache: expected_signature=34bda98f6a8f3bc6 actual_signature=78ea8f6e0a5c5d94 cache_dir=/gpfs/scratch1/shared/scur0511/probe4physics/artifacts/features/mvp/jepa_v2_vitg_384/train-val-test/78ea8f6e0a5c5d94
[features.mvp] using compatible legacy cache: expected_signature=34bda98f6a8f3bc6 actual_signature=78ea8f6e0a5c5d94 cache_dir=/gpfs/scratch1/shared/scur0511/probe4physics/artifacts/features/mvp/jepa_v2_vitg_384/train-val-test/78ea8f6e0a5c5d94
[features.mvp] using compatible legacy cache: expected_signature=34bda98f6a8f3bc6 actual_signature=78ea8f6e0a5c5d94 cache_dir=/gpfs/scratch1/shared/scur0511/probe4physics/artifacts/features/mvp/jepa_v2_vitg_384/train-val-test/78ea8f6e0a5c5d94
[features.mvp] using compatible legacy cache: expected_signature=34bda98f6a8f3bc6 actual_signature=78ea8f6e0a5c5d94 cache_dir=/gpfs/scratch1/shared/scur0511/probe4physics/artifacts/features/mvp/jepa_v2_vitg_384/train-val-test/78ea8f6e0a5c5d94
[features.mvp] using compatible legacy cache: expected_signature=34bda98f6a8f3bc6 actual_signature=78ea8f6e0a5c5d94 cache_dir=/gpfs/scratch1/shared/scur0511/probe4physics/artifacts/features/mvp/jepa_v2_vitg_384/train-val-test/78ea8f6e0a5c5d94
[features.mvp] using compatible legacy cache: expected_signature=34bda98f6a8f3bc6 actual_signature=78ea8f6e0a5c5d94 cache_dir=/gpfs/scratch1/shared/scur0511/probe4physics/artifacts/features/mvp/jepa_v2_vitg_384/train-val-test/78ea8f6e0a5c5d94
[features.mvp] using compatible legacy cache: expected_signature=34bda98f6a8f3bc6 actual_signature=78ea8f6e0a5c5d94 cache_dir=/gpfs/scratch1/shared/scur0511/probe4physics/artifacts/features/mvp/jepa_v2_vitg_384/train-val-test/78ea8f6e0a5c5d94
[features.mvp] using compatible legacy cache: expected_signature=34bda98f6a8f3bc6 actual_signature=78ea8f6e0a5c5d94 cache_dir=/gpfs/scratch1/shared/scur0511/probe4physics/artifacts/features/mvp/jepa_v2_vitg_384/train-val-test/78ea8f6e0a5c5d94
[features.mvp] using compatible legacy cache: expected_signature=34bda98f6a8f3bc6 actual_signature=78ea8f6e0a5c5d94 cache_dir=/gpfs/scratch1/shared/scur0511/probe4physics/artifacts/features/mvp/jepa_v2_vitg_384/train-val-test/78ea8f6e0a5c5d94
[features.mvp] using compatible legacy cache: expected_signature=34bda98f6a8f3bc6 actual_signature=78ea8f6e0a5c5d94 cache_dir=/gpfs/scratch1/shared/scur0511/probe4physics/artifacts/features/mvp/jepa_v2_vitg_384/train-val-test/78ea8f6e0a5c5d94
[features.mvp] using compatible legacy cache: expected_signature=34bda98f6a8f3bc6 actual_signature=78ea8f6e0a5c5d94 cache_dir=/gpfs/scratch1/shared/scur0511/probe4physics/artifacts/features/mvp/jepa_v2_vitg_384/train-val-test/78ea8f6e0a5c5d94
[features.mvp] using compatible legacy cache: expected_signature=34bda98f6a8f3bc6 actual_signature=78ea8f6e0a5c5d94 cache_dir=/gpfs/scratch1/shared/scur0511/probe4physics/artifacts/features/mvp/jepa_v2_vitg_384/train-val-test/78ea8f6e0a5c5d94
[features.mvp] using compatible legacy cache: expected_signature=34bda98f6a8f3bc6 actual_signature=78ea8f6e0a5c5d94 cache_dir=/gpfs/scratch1/shared/scur0511/probe4physics/artifacts/features/mvp/jepa_v2_vitg_384/train-val-test/78ea8f6e0a5c5d94
[features.mvp] using compatible legacy cache: expected_signature=34bda98f6a8f3bc6 actual_signature=78ea8f6e0a5c5d94 cache_dir=/gpfs/scratch1/shared/scur0511/probe4physics/artifacts/features/mvp/jepa_v2_vitg_384/train-val-test/78ea8f6e0a5c5d94
[features.mvp] using compatible legacy cache: expected_signature=34bda98f6a8f3bc6 actual_signature=78ea8f6e0a5c5d94 cache_dir=/gpfs/scratch1/shared/scur0511/probe4physics/artifacts/features/mvp/jepa_v2_vitg_384/train-val-test/78ea8f6e0a5c5d94
{
  "best_layer": null,
  "best_layer_label": null,
  "best_objective_metric": null,
  "dataset": "mvp",
  "feature_view": "pooled",
  "layers": [
    {
      "checkpoint": "artifacts/probes/mvp_probe_linear_jepa_v2_vitg_384_20260505T132758Z/layer_10/train/trial_0011/probe_best.pt",
      "eval": {
        "base_eval": {
          "metrics": {
            "accuracy": 62.639029322548026,
            "n_pairs": 989,
            "n_samples": 1978,
            "pair_consistency": 32.45702730030334
          },
          "output_dir": "artifacts/probes/mvp_probe_linear_jepa_v2_vitg_384_20260505T132758Z/layer_10/eval/test",
          "split_dir": "data/splits/mvp/full_60_20_20"
        },
        "checkpoint": "artifacts/probes/mvp_probe_linear_jepa_v2_vitg_384_20260505T132758Z/layer_10/train/trial_0011/probe_best.pt",
        "dataset": "mvp",
        "feature_signature": "78ea8f6e0a5c5d94",
        "metrics": {
          "accuracy": 62.639029322548026,
          "n_pairs": 989,
          "n_samples": 1978,
          "pair_consistency": 32.45702730030334
        },
        "metrics_by_split": {
          "test": {
            "accuracy": 62.639029322548026,
            "n_pairs": 989,
            "n_samples": 1978,
            "pair_consistency": 32.45702730030334
          },
          "train": {
            "accuracy": 64.14839797639124,
            "n_pairs": 2965,
            "n_samples": 5930,
            "pair_consistency": 35.71669477234401
          },
          "val": {
            "accuracy": 60.56622851365015,
            "n_pairs": 989,
            "n_samples": 1978,
            "pair_consistency": 30.1314459049545
          }
        },
        "objective_metric": 32.45702730030334,
        "prediction_file": "artifacts/probes/mvp_probe_linear_jepa_v2_vitg_384_20260505T132758Z/layer_10/eval/test/probe_predictions.json",
        "prediction_files": {
          "test": "artifacts/probes/mvp_probe_linear_jepa_v2_vitg_384_20260505T132758Z/layer_10/eval/test/probe_predictions.json",
          "train": "artifacts/probes/mvp_probe_linear_jepa_v2_vitg_384_20260505T132758Z/layer_10/eval/train/probe_predictions.json",
          "val": "artifacts/probes/mvp_probe_linear_jepa_v2_vitg_384_20260505T132758Z/layer_10/eval/val/probe_predictions.json"
        },
        "probe_eval_dir": "artifacts/probes/mvp_probe_linear_jepa_v2_vitg_384_20260505T132758Z/layer_10/eval",
        "probe_name": "linear",
        "reported_splits": [
          "train",
          "val",
          "test"
        ],
        "split_eval_dirs": {
          "test": "artifacts/probes/mvp_probe_linear_jepa_v2_vitg_384_20260505T132758Z/layer_10/eval/test",
          "train": "artifacts/probes/mvp_probe_linear_jepa_v2_vitg_384_20260505T132758Z/layer_10/eval/train",
          "val": "artifacts/probes/mvp_probe_linear_jepa_v2_vitg_384_20260505T132758Z/layer_10/eval/val"
        },
        "split_evals": {
          "test": {
            "base_eval": {
              "metrics": {
                "accuracy": 62.639029322548026,
                "n_pairs": 989,
                "n_samples": 1978,
                "pair_consistency": 32.45702730030334
              },
              "output_dir": "artifacts/probes/mvp_probe_linear_jepa_v2_vitg_384_20260505T132758Z/layer_10/eval/test",
              "split_dir": "data/splits/mvp/full_60_20_20"
            },
            "checkpoint": "artifacts/probes/mvp_probe_linear_jepa_v2_vitg_384_20260505T132758Z/layer_10/train/trial_0011/probe_best.pt",
            "dataset": "mvp",
            "feature_signature": "78ea8f6e0a5c5d94",
            "metrics": {
              "accuracy": 62.639029322548026,
              "n_pairs": 989,
              "n_samples": 1978,
              "pair_consistency": 32.45702730030334
            },
            "objective_metric": 32.45702730030334,
            "prediction_file": "artifacts/probes/mvp_probe_linear_jepa_v2_vitg_384_20260505T132758Z/layer_10/eval/test/probe_predictions.json",
            "probe_eval_dir": "artifacts/probes/mvp_probe_linear_jepa_v2_vitg_384_20260505T132758Z/layer_10/eval/test",
            "probe_name": "linear",
            "split_name": "test"
          },
          "train": {
            "base_eval": {
              "metrics": {
                "accuracy": 64.14839797639124,
                "n_pairs": 2965,
                "n_samples": 5930,
                "pair_consistency": 35.71669477234401
              },
              "output_dir": "artifacts/probes/mvp_probe_linear_jepa_v2_vitg_384_20260505T132758Z/layer_10/eval/train",
              "split_dir": "data/splits/mvp/full_60_20_20"
            },
            "checkpoint": "artifacts/probes/mvp_probe_linear_jepa_v2_vitg_384_20260505T132758Z/layer_10/train/trial_0011/probe_best.pt",
            "dataset": "mvp",
            "feature_signature": "78ea8f6e0a5c5d94",
            "metrics": {
              "accuracy": 64.14839797639124,
              "n_pairs": 2965,
              "n_samples": 5930,
              "pair_consistency": 35.71669477234401
            },
            "objective_metric": 35.71669477234401,
            "prediction_file": "artifacts/probes/mvp_probe_linear_jepa_v2_vitg_384_20260505T132758Z/layer_10/eval/train/probe_predictions.json",
            "probe_eval_dir": "artifacts/probes/mvp_probe_linear_jepa_v2_vitg_384_20260505T132758Z/layer_10/eval/train",
            "probe_name": "linear",
            "split_name": "train"
          },
          "val": {
            "base_eval": {
              "metrics": {
                "accuracy": 60.56622851365015,
                "n_pairs": 989,
                "n_samples": 1978,
                "pair_consistency": 30.1314459049545
              },
              "output_dir": "artifacts/probes/mvp_probe_linear_jepa_v2_vitg_384_20260505T132758Z/layer_10/eval/val",
              "split_dir": "data/splits/mvp/full_60_20_20"
            },
            "checkpoint": "artifacts/probes/mvp_probe_linear_jepa_v2_vitg_384_20260505T132758Z/layer_10/train/trial_0011/probe_best.pt",
            "dataset": "mvp",
            "feature_signature": "78ea8f6e0a5c5d94",
            "metrics": {
              "accuracy": 60.56622851365015,
              "n_pairs": 989,
              "n_samples": 1978,
              "pair_consistency": 30.1314459049545
            },
            "objective_metric": 30.1314459049545,
            "prediction_file": "artifacts/probes/mvp_probe_linear_jepa_v2_vitg_384_20260505T132758Z/layer_10/eval/val/probe_predictions.json",
            "probe_eval_dir": "artifacts/probes/mvp_probe_linear_jepa_v2_vitg_384_20260505T132758Z/layer_10/eval/val",
            "probe_name": "linear",
            "split_name": "val"
          }
        },
        "split_name": "test"
      },
      "layer": 10,
      "layer_label": "10",
      "objective_metric": 32.45702730030334,
      "train": {
        "best_checkpoint": "artifacts/probes/mvp_probe_linear_jepa_v2_vitg_384_20260505T132758Z/layer_10/train/trial_0011/probe_best.pt",
        "best_eval_output_dir": "artifacts/probes/mvp_probe_linear_jepa_v2_vitg_384_20260505T132758Z/layer_10/train/trial_0011/val_eval",
        "best_output_dir": "artifacts/probes/mvp_probe_linear_jepa_v2_vitg_384_20260505T132758Z/layer_10/train/trial_0011",
        "best_params": {
          "batch_size": 64,
          "epochs": 100,
          "lr": 0.008296796921936793,
          "weight_decay": 1.7074626001153678e-08
        },
        "best_trial_number": 11,
        "best_value": 30.1314459049545,
        "checkpoint": "artifacts/probes/mvp_probe_linear_jepa_v2_vitg_384_20260505T132758Z/layer_10/train/trial_0011/probe_best.pt",
        "dataset": "mvp",
        "direction": "maximize",
        "layer": 10,
        "n_trials": 20,
        "objective_metric": "pair_consistency",
        "output_dir": "artifacts/probes/mvp_probe_linear_jepa_v2_vitg_384_20260505T132758Z/layer_10/train",
        "probe_name": "linear",
        "storage": "sqlite:////gpfs/home3/scur0511/Probe4Physics/artifacts/probes/mvp_probe_linear_jepa_v2_vitg_384_20260505T132758Z/layer_10/train/optuna_study.sqlite3",
        "study_name": "mvp_linear_jepa_v2_vitg_384_layer_10",
        "trials": [
          {
            "checkpoint": "artifacts/probes/mvp_probe_linear_jepa_v2_vitg_384_20260505T132758Z/layer_10/train/trial_0000/probe_best.pt",
            "eval_output_dir": "artifacts/probes/mvp_probe_linear_jepa_v2_vitg_384_20260505T132758Z/layer_10/train/trial_0000/val_eval",
            "output_dir": "artifacts/probes/mvp_probe_linear_jepa_v2_vitg_384_20260505T132758Z/layer_10/train/trial_0000",
            "params": {
              "batch_size": 32,
              "epochs": 50,
              "lr": 0.0001329291894316216,
              "weight_decay": 0.005061576888752304
            },
            "trial_number": 0,
            "value": 23.458038422649143
          },
          {
            "checkpoint": "artifacts/probes/mvp_probe_linear_jepa_v2_vitg_384_20260505T132758Z/layer_10/train/trial_0001/probe_best.pt",
            "eval_output_dir": "artifacts/probes/mvp_probe_linear_jepa_v2_vitg_384_20260505T132758Z/layer_10/train/trial_0001/val_eval",
            "output_dir": "artifacts/probes/mvp_probe_linear_jepa_v2_vitg_384_20260505T132758Z/layer_10/train/trial_0001",
            "params": {
              "batch_size": 32,
              "epochs": 100,
              "lr": 0.001331121608073689,
              "weight_decay": 1.328944872286916e-08
            },
            "trial_number": 1,
            "value": 28.71587462082912
          },
          {
            "checkpoint": "artifacts/probes/mvp_probe_linear_jepa_v2_vitg_384_20260505T132758Z/layer_10/train/trial_0002/probe_best.pt",
            "eval_output_dir": "artifacts/probes/mvp_probe_linear_jepa_v2_vitg_384_20260505T132758Z/layer_10/train/trial_0002/val_eval",
            "output_dir": "artifacts/probes/mvp_probe_linear_jepa_v2_vitg_384_20260505T132758Z/layer_10/train/trial_0002",
            "params": {
              "batch_size": 32,
              "epochs": 50,
              "lr": 0.00019762189340280086,
              "weight_decay": 5.589524205217922e-07
            },
            "trial_number": 2,
            "value": 22.649140546006066
          },
          {
            "checkpoint": "artifacts/probes/mvp_probe_linear_jepa_v2_vitg_384_20260505T132758Z/layer_10/train/trial_0003/probe_best.pt",
            "eval_output_dir": "artifacts/probes/mvp_probe_linear_jepa_v2_vitg_384_20260505T132758Z/layer_10/train/trial_0003/val_eval",
            "output_dir": "artifacts/probes/mvp_probe_linear_jepa_v2_vitg_384_20260505T132758Z/layer_10/train/trial_0003",
            "params": {
              "batch_size": 64,
              "epochs": 50,
              "lr": 0.0003489018845491386,
              "weight_decay": 3.5849855803404713e-05
            },
            "trial_number": 3,
            "value": 24.3680485338726
          },
          {
            "checkpoint": "artifacts/probes/mvp_probe_linear_jepa_v2_vitg_384_20260505T132758Z/layer_10/train/trial_0004/probe_best.pt",
            "eval_output_dir": "artifacts/probes/mvp_probe_linear_jepa_v2_vitg_384_20260505T132758Z/layer_10/train/trial_0004/val_eval",
            "output_dir": "artifacts/probes/mvp_probe_linear_jepa_v2_vitg_384_20260505T132758Z/layer_10/train/trial_0004",
            "params": {
              "batch_size": 32,
              "epochs": 50,
              "lr": 8.200518402245828e-05,
              "weight_decay": 3.855073690026179e-08
            },
            "trial_number": 4,
            "value": 20.12133468149646
          },
          {
            "checkpoint": "artifacts/probes/mvp_probe_linear_jepa_v2_vitg_384_20260505T132758Z/layer_10/train/trial_0005/probe_best.pt",
            "eval_output_dir": "artifacts/probes/mvp_probe_linear_jepa_v2_vitg_384_20260505T132758Z/layer_10/train/trial_0005/val_eval",
            "output_dir": "artifacts/probes/mvp_probe_linear_jepa_v2_vitg_384_20260505T132758Z/layer_10/train/trial_0005",
            "params": {
              "batch_size": 256,
              "epochs": 50,
              "lr": 0.0009717775305059633,
              "weight_decay": 7.417652034871823e-07
            },
            "trial_number": 5,
            "value": 24.67138523761375
          },
          {
            "checkpoint": "artifacts/probes/mvp_probe_linear_jepa_v2_vitg_384_20260505T132758Z/layer_10/train/trial_0007/probe_best.pt",
            "eval_output_dir": "artifacts/probes/mvp_probe_linear_jepa_v2_vitg_384_20260505T132758Z/layer_10/train/trial_0007/val_eval",
            "output_dir": "artifacts/probes/mvp_probe_linear_jepa_v2_vitg_384_20260505T132758Z/layer_10/train/trial_0007",
            "params": {
              "batch_size": 128,
              "epochs": 20,
              "lr": 0.00011756010900231849,
              "weight_decay": 4.848496183873288e-07
            },
            "trial_number": 7,
            "value": 15.470171890798786
          },
          {
            "checkpoint": "artifacts/probes/mvp_probe_linear_jepa_v2_vitg_384_20260505T132758Z/layer_10/train/trial_0009/probe_best.pt",
            "eval_output_dir": "artifacts/probes/mvp_probe_linear_jepa_v2_vitg_384_20260505T132758Z/layer_10/train/trial_0009/val_eval",
            "output_dir": "artifacts/probes/mvp_probe_linear_jepa_v2_vitg_384_20260505T132758Z/layer_10/train/trial_0009",
            "params": {
              "batch_size": 256,
              "epochs": 50,
              "lr": 0.0007411299781083245,
              "weight_decay": 9.669146694016007e-07
            },
            "trial_number": 9,
            "value": 23.96359959555106
          },
          {
            "checkpoint": "artifacts/probes/mvp_probe_linear_jepa_v2_vitg_384_20260505T132758Z/layer_10/train/trial_0010/probe_best.pt",
            "eval_output_dir": "artifacts/probes/mvp_probe_linear_jepa_v2_vitg_384_20260505T132758Z/layer_10/train/trial_0010/val_eval",
            "output_dir": "artifacts/probes/mvp_probe_linear_jepa_v2_vitg_384_20260505T132758Z/layer_10/train/trial_0010",
            "params": {
              "batch_size": 64,
              "epochs": 100,
              "lr": 0.008013349589915042,
              "weight_decay": 1.086383341945677e-08
            },
            "trial_number": 10,
            "value": 29.01921132457027
          },
          {
            "checkpoint": "artifacts/probes/mvp_probe_linear_jepa_v2_vitg_384_20260505T132758Z/layer_10/train/trial_0011/probe_best.pt",
            "eval_output_dir": "artifacts/probes/mvp_probe_linear_jepa_v2_vitg_384_20260505T132758Z/layer_10/train/trial_0011/val_eval",
            "output_dir": "artifacts/probes/mvp_probe_linear_jepa_v2_vitg_384_20260505T132758Z/layer_10/train/trial_0011",
            "params": {
              "batch_size": 64,
              "epochs": 100,
              "lr": 0.008296796921936793,
              "weight_decay": 1.7074626001153678e-08
            },
            "trial_number": 11,
            "value": 30.1314459049545
          },
          {
            "checkpoint": "artifacts/probes/mvp_probe_linear_jepa_v2_vitg_384_20260505T132758Z/layer_10/train/trial_0012/probe_best.pt",
            "eval_output_dir": "artifacts/probes/mvp_probe_linear_jepa_v2_vitg_384_20260505T132758Z/layer_10/train/trial_0012/val_eval",
            "output_dir": "artifacts/probes/mvp_probe_linear_jepa_v2_vitg_384_20260505T132758Z/layer_10/train/trial_0012",
            "params": {
              "batch_size": 64,
              "epochs": 100,
              "lr": 0.00814055433678886,
              "weight_decay": 5.666538349312614e-08
            },
            "trial_number": 12,
            "value": 29.828109201213348
          },
          {
            "checkpoint": "artifacts/probes/mvp_probe_linear_jepa_v2_vitg_384_20260505T132758Z/layer_10/train/trial_0013/probe_best.pt",
            "eval_output_dir": "artifacts/probes/mvp_probe_linear_jepa_v2_vitg_384_20260505T132758Z/layer_10/train/trial_0013/val_eval",
            "output_dir": "artifacts/probes/mvp_probe_linear_jepa_v2_vitg_384_20260505T132758Z/layer_10/train/trial_0013",
            "params": {
              "batch_size": 64,
              "epochs": 100,
              "lr": 0.007426005343305405,
              "weight_decay": 1.0179110443029212e-07
            },
            "trial_number": 13,
            "value": 28.2103134479272
          },
          {
            "checkpoint": "artifacts/probes/mvp_probe_linear_jepa_v2_vitg_384_20260505T132758Z/layer_10/train/trial_0014/probe_best.pt",
            "eval_output_dir": "artifacts/probes/mvp_probe_linear_jepa_v2_vitg_384_20260505T132758Z/layer_10/train/trial_0014/val_eval",
            "output_dir": "artifacts/probes/mvp_probe_linear_jepa_v2_vitg_384_20260505T132758Z/layer_10/train/trial_0014",
            "params": {
              "batch_size": 64,
              "epochs": 20,
              "lr": 0.0033408845256664254,
              "weight_decay": 8.715225766565574e-06
            },
            "trial_number": 14,
            "value": 26.59251769464105
          },
          {
            "checkpoint": "artifacts/probes/mvp_probe_linear_jepa_v2_vitg_384_20260505T132758Z/layer_10/train/trial_0015/probe_best.pt",
            "eval_output_dir": "artifacts/probes/mvp_probe_linear_jepa_v2_vitg_384_20260505T132758Z/layer_10/train/trial_0015/val_eval",
            "output_dir": "artifacts/probes/mvp_probe_linear_jepa_v2_vitg_384_20260505T132758Z/layer_10/train/trial_0015",
            "params": {
              "batch_size": 64,
              "epochs": 100,
              "lr": 0.0024805720688123923,
              "weight_decay": 9.21402517922606e-06
            },
            "trial_number": 15,
            "value": 29.42366026289181
          },
          {
            "checkpoint": "artifacts/probes/mvp_probe_linear_jepa_v2_vitg_384_20260505T132758Z/layer_10/train/trial_0016/probe_best.pt",
            "eval_output_dir": "artifacts/probes/mvp_probe_linear_jepa_v2_vitg_384_20260505T132758Z/layer_10/train/trial_0016/val_eval",
            "output_dir": "artifacts/probes/mvp_probe_linear_jepa_v2_vitg_384_20260505T132758Z/layer_10/train/trial_0016",
            "params": {
              "batch_size": 64,
              "epochs": 100,
              "lr": 0.0035344900421447,
              "weight_decay": 7.210935840467621e-08
            },
            "trial_number": 16,
            "value": 28.00808897876643
          },
          {
            "checkpoint": "artifacts/probes/mvp_probe_linear_jepa_v2_vitg_384_20260505T132758Z/layer_10/train/trial_0017/probe_best.pt",
            "eval_output_dir": "artifacts/probes/mvp_probe_linear_jepa_v2_vitg_384_20260505T132758Z/layer_10/train/trial_0017/val_eval",
            "output_dir": "artifacts/probes/mvp_probe_linear_jepa_v2_vitg_384_20260505T132758Z/layer_10/train/trial_0017",
            "params": {
              "batch_size": 64,
              "epochs": 100,
              "lr": 0.009303665824129332,
              "weight_decay": 7.5173373575249e-05
            },
            "trial_number": 17,
            "value": 29.726996966632964
          },
          {
            "checkpoint": "artifacts/probes/mvp_probe_linear_jepa_v2_vitg_384_20260505T132758Z/layer_10/train/trial_0018/probe_best.pt",
            "eval_output_dir": "artifacts/probes/mvp_probe_linear_jepa_v2_vitg_384_20260505T132758Z/layer_10/train/trial_0018/val_eval",
            "output_dir": "artifacts/probes/mvp_probe_linear_jepa_v2_vitg_384_20260505T132758Z/layer_10/train/trial_0018",
            "params": {
              "batch_size": 64,
              "epochs": 20,
              "lr": 4.720845304099489e-05,
              "weight_decay": 1.603479395972792e-07
            },
            "trial_number": 18,
            "value": 10.313447927199192
          },
          {
            "checkpoint": "artifacts/probes/mvp_probe_linear_jepa_v2_vitg_384_20260505T132758Z/layer_10/train/trial_0019/probe_best.pt",
            "eval_output_dir": "artifacts/probes/mvp_probe_linear_jepa_v2_vitg_384_20260505T132758Z/layer_10/train/trial_0019/val_eval",
            "output_dir": "artifacts/probes/mvp_probe_linear_jepa_v2_vitg_384_20260505T132758Z/layer_10/train/trial_0019",
            "params": {
              "batch_size": 128,
              "epochs": 100,
              "lr": 0.0016112988369893406,
              "weight_decay": 3.029570961200363e-06
            },
            "trial_number": 19,
            "value": 28.61476238624874
          }
        ]
      }
    },
    {
      "checkpoint": "artifacts/probes/mvp_probe_linear_jepa_v2_vitg_384_20260505T132758Z/layer_20/train/trial_0015/probe_best.pt",
      "eval": {
        "base_eval": {
          "metrics": {
            "accuracy": 61.72901921132456,
            "n_pairs": 989,
            "n_samples": 1978,
            "pair_consistency": 33.56926188068756
          },
          "output_dir": "artifacts/probes/mvp_probe_linear_jepa_v2_vitg_384_20260505T132758Z/layer_20/eval/test",
          "split_dir": "data/splits/mvp/full_60_20_20"
        },
        "checkpoint": "artifacts/probes/mvp_probe_linear_jepa_v2_vitg_384_20260505T132758Z/layer_20/train/trial_0015/probe_best.pt",
        "dataset": "mvp",
        "feature_signature": "78ea8f6e0a5c5d94",
        "metrics": {
          "accuracy": 61.72901921132456,
          "n_pairs": 989,
          "n_samples": 1978,
          "pair_consistency": 33.56926188068756
        },
        "metrics_by_split": {
          "test": {
            "accuracy": 61.72901921132456,
            "n_pairs": 989,
            "n_samples": 1978,
            "pair_consistency": 33.56926188068756
          },
          "train": {
            "accuracy": 68.01011804384486,
            "n_pairs": 2965,
            "n_samples": 5930,
            "pair_consistency": 42.59696458684654
          },
          "val": {
            "accuracy": 62.841253791708795,
            "n_pairs": 989,
            "n_samples": 1978,
            "pair_consistency": 35.79373104145602
          }
        },
        "objective_metric": 33.56926188068756,
        "prediction_file": "artifacts/probes/mvp_probe_linear_jepa_v2_vitg_384_20260505T132758Z/layer_20/eval/test/probe_predictions.json",
        "prediction_files": {
          "test": "artifacts/probes/mvp_probe_linear_jepa_v2_vitg_384_20260505T132758Z/layer_20/eval/test/probe_predictions.json",
          "train": "artifacts/probes/mvp_probe_linear_jepa_v2_vitg_384_20260505T132758Z/layer_20/eval/train/probe_predictions.json",
          "val": "artifacts/probes/mvp_probe_linear_jepa_v2_vitg_384_20260505T132758Z/layer_20/eval/val/probe_predictions.json"
        },
        "probe_eval_dir": "artifacts/probes/mvp_probe_linear_jepa_v2_vitg_384_20260505T132758Z/layer_20/eval",
        "probe_name": "linear",
        "reported_splits": [
          "train",
          "val",
          "test"
        ],
        "split_eval_dirs": {
          "test": "artifacts/probes/mvp_probe_linear_jepa_v2_vitg_384_20260505T132758Z/layer_20/eval/test",
          "train": "artifacts/probes/mvp_probe_linear_jepa_v2_vitg_384_20260505T132758Z/layer_20/eval/train",
          "val": "artifacts/probes/mvp_probe_linear_jepa_v2_vitg_384_20260505T132758Z/layer_20/eval/val"
        },
        "split_evals": {
          "test": {
            "base_eval": {
              "metrics": {
                "accuracy": 61.72901921132456,
                "n_pairs": 989,
                "n_samples": 1978,
                "pair_consistency": 33.56926188068756
              },
              "output_dir": "artifacts/probes/mvp_probe_linear_jepa_v2_vitg_384_20260505T132758Z/layer_20/eval/test",
              "split_dir": "data/splits/mvp/full_60_20_20"
            },
            "checkpoint": "artifacts/probes/mvp_probe_linear_jepa_v2_vitg_384_20260505T132758Z/layer_20/train/trial_0015/probe_best.pt",
            "dataset": "mvp",
            "feature_signature": "78ea8f6e0a5c5d94",
            "metrics": {
              "accuracy": 61.72901921132456,
              "n_pairs": 989,
              "n_samples": 1978,
              "pair_consistency": 33.56926188068756
            },
            "objective_metric": 33.56926188068756,
            "prediction_file": "artifacts/probes/mvp_probe_linear_jepa_v2_vitg_384_20260505T132758Z/layer_20/eval/test/probe_predictions.json",
            "probe_eval_dir": "artifacts/probes/mvp_probe_linear_jepa_v2_vitg_384_20260505T132758Z/layer_20/eval/test",
            "probe_name": "linear",
            "split_name": "test"
          },
          "train": {
            "base_eval": {
              "metrics": {
                "accuracy": 68.01011804384486,
                "n_pairs": 2965,
                "n_samples": 5930,
                "pair_consistency": 42.59696458684654
              },
              "output_dir": "artifacts/probes/mvp_probe_linear_jepa_v2_vitg_384_20260505T132758Z/layer_20/eval/train",
              "split_dir": "data/splits/mvp/full_60_20_20"
            },
            "checkpoint": "artifacts/probes/mvp_probe_linear_jepa_v2_vitg_384_20260505T132758Z/layer_20/train/trial_0015/probe_best.pt",
            "dataset": "mvp",
            "feature_signature": "78ea8f6e0a5c5d94",
            "metrics": {
              "accuracy": 68.01011804384486,
              "n_pairs": 2965,
              "n_samples": 5930,
              "pair_consistency": 42.59696458684654
            },
            "objective_metric": 42.59696458684654,
            "prediction_file": "artifacts/probes/mvp_probe_linear_jepa_v2_vitg_384_20260505T132758Z/layer_20/eval/train/probe_predictions.json",
            "probe_eval_dir": "artifacts/probes/mvp_probe_linear_jepa_v2_vitg_384_20260505T132758Z/layer_20/eval/train",
            "probe_name": "linear",
            "split_name": "train"
          },
          "val": {
            "base_eval": {
              "metrics": {
                "accuracy": 62.841253791708795,
                "n_pairs": 989,
                "n_samples": 1978,
                "pair_consistency": 35.79373104145602
              },
              "output_dir": "artifacts/probes/mvp_probe_linear_jepa_v2_vitg_384_20260505T132758Z/layer_20/eval/val",
              "split_dir": "data/splits/mvp/full_60_20_20"
            },
            "checkpoint": "artifacts/probes/mvp_probe_linear_jepa_v2_vitg_384_20260505T132758Z/layer_20/train/trial_0015/probe_best.pt",
            "dataset": "mvp",
            "feature_signature": "78ea8f6e0a5c5d94",
            "metrics": {
              "accuracy": 62.841253791708795,
              "n_pairs": 989,
              "n_samples": 1978,
              "pair_consistency": 35.79373104145602
            },
            "objective_metric": 35.79373104145602,
            "prediction_file": "artifacts/probes/mvp_probe_linear_jepa_v2_vitg_384_20260505T132758Z/layer_20/eval/val/probe_predictions.json",
            "probe_eval_dir": "artifacts/probes/mvp_probe_linear_jepa_v2_vitg_384_20260505T132758Z/layer_20/eval/val",
            "probe_name": "linear",
            "split_name": "val"
          }
        },
        "split_name": "test"
      },
      "layer": 20,
      "layer_label": "20",
      "objective_metric": 33.56926188068756,
      "train": {
        "best_checkpoint": "artifacts/probes/mvp_probe_linear_jepa_v2_vitg_384_20260505T132758Z/layer_20/train/trial_0015/probe_best.pt",
        "best_eval_output_dir": "artifacts/probes/mvp_probe_linear_jepa_v2_vitg_384_20260505T132758Z/layer_20/train/trial_0015/val_eval",
        "best_output_dir": "artifacts/probes/mvp_probe_linear_jepa_v2_vitg_384_20260505T132758Z/layer_20/train/trial_0015",
        "best_params": {
          "batch_size": 32,
          "epochs": 100,
          "lr": 0.002672731297432693,
          "weight_decay": 1.4358812414051464e-07
        },
        "best_trial_number": 15,
        "best_value": 35.79373104145602,
        "checkpoint": "artifacts/probes/mvp_probe_linear_jepa_v2_vitg_384_20260505T132758Z/layer_20/train/trial_0015/probe_best.pt",
        "dataset": "mvp",
        "direction": "maximize",
        "layer": 20,
        "n_trials": 20,
        "objective_metric": "pair_consistency",
        "output_dir": "artifacts/probes/mvp_probe_linear_jepa_v2_vitg_384_20260505T132758Z/layer_20/train",
        "probe_name": "linear",
        "storage": "sqlite:////gpfs/home3/scur0511/Probe4Physics/artifacts/probes/mvp_probe_linear_jepa_v2_vitg_384_20260505T132758Z/layer_20/train/optuna_study.sqlite3",
        "study_name": "mvp_linear_jepa_v2_vitg_384_layer_20",
        "trials": [
          {
            "checkpoint": "artifacts/probes/mvp_probe_linear_jepa_v2_vitg_384_20260505T132758Z/layer_20/train/trial_0000/probe_best.pt",
            "eval_output_dir": "artifacts/probes/mvp_probe_linear_jepa_v2_vitg_384_20260505T132758Z/layer_20/train/trial_0000/val_eval",
            "output_dir": "artifacts/probes/mvp_probe_linear_jepa_v2_vitg_384_20260505T132758Z/layer_20/train/trial_0000",
            "params": {
              "batch_size": 32,
              "epochs": 50,
              "lr": 0.0001329291894316216,
              "weight_decay": 0.005061576888752304
            },
            "trial_number": 0,
            "value": 27.098078867542974
          },
          {
            "checkpoint": "artifacts/probes/mvp_probe_linear_jepa_v2_vitg_384_20260505T132758Z/layer_20/train/trial_0001/probe_best.pt",
            "eval_output_dir": "artifacts/probes/mvp_probe_linear_jepa_v2_vitg_384_20260505T132758Z/layer_20/train/trial_0001/val_eval",
            "output_dir": "artifacts/probes/mvp_probe_linear_jepa_v2_vitg_384_20260505T132758Z/layer_20/train/trial_0001",
            "params": {
              "batch_size": 32,
              "epochs": 100,
              "lr": 0.001331121608073689,
              "weight_decay": 1.328944872286916e-08
            },
            "trial_number": 1,
            "value": 34.27704752275025
          },
          {
            "checkpoint": "artifacts/probes/mvp_probe_linear_jepa_v2_vitg_384_20260505T132758Z/layer_20/train/trial_0002/probe_best.pt",
            "eval_output_dir": "artifacts/probes/mvp_probe_linear_jepa_v2_vitg_384_20260505T132758Z/layer_20/train/trial_0002/val_eval",
            "output_dir": "artifacts/probes/mvp_probe_linear_jepa_v2_vitg_384_20260505T132758Z/layer_20/train/trial_0002",
            "params": {
              "batch_size": 32,
              "epochs": 50,
              "lr": 0.00019762189340280086,
              "weight_decay": 5.589524205217922e-07
            },
            "trial_number": 2,
            "value": 27.603640040444894
          },
          {
            "checkpoint": "artifacts/probes/mvp_probe_linear_jepa_v2_vitg_384_20260505T132758Z/layer_20/train/trial_0003/probe_best.pt",
            "eval_output_dir": "artifacts/probes/mvp_probe_linear_jepa_v2_vitg_384_20260505T132758Z/layer_20/train/trial_0003/val_eval",
            "output_dir": "artifacts/probes/mvp_probe_linear_jepa_v2_vitg_384_20260505T132758Z/layer_20/train/trial_0003",
            "params": {
              "batch_size": 64,
              "epochs": 50,
              "lr": 0.0003489018845491386,
              "weight_decay": 3.5849855803404713e-05
            },
            "trial_number": 3,
            "value": 27.199191102123354
          },
          {
            "checkpoint": "artifacts/probes/mvp_probe_linear_jepa_v2_vitg_384_20260505T132758Z/layer_20/train/trial_0004/probe_best.pt",
            "eval_output_dir": "artifacts/probes/mvp_probe_linear_jepa_v2_vitg_384_20260505T132758Z/layer_20/train/trial_0004/val_eval",
            "output_dir": "artifacts/probes/mvp_probe_linear_jepa_v2_vitg_384_20260505T132758Z/layer_20/train/trial_0004",
            "params": {
              "batch_size": 32,
              "epochs": 50,
              "lr": 8.200518402245828e-05,
              "weight_decay": 3.855073690026179e-08
            },
            "trial_number": 4,
            "value": 24.26693629929221
          },
          {
            "checkpoint": "artifacts/probes/mvp_probe_linear_jepa_v2_vitg_384_20260505T132758Z/layer_20/train/trial_0005/probe_best.pt",
            "eval_output_dir": "artifacts/probes/mvp_probe_linear_jepa_v2_vitg_384_20260505T132758Z/layer_20/train/trial_0005/val_eval",
            "output_dir": "artifacts/probes/mvp_probe_linear_jepa_v2_vitg_384_20260505T132758Z/layer_20/train/trial_0005",
            "params": {
              "batch_size": 256,
              "epochs": 50,
              "lr": 0.0009717775305059633,
              "weight_decay": 7.417652034871823e-07
            },
            "trial_number": 5,
            "value": 25.075834175935285
          },
          {
            "checkpoint": "artifacts/probes/mvp_probe_linear_jepa_v2_vitg_384_20260505T132758Z/layer_20/train/trial_0007/probe_best.pt",
            "eval_output_dir": "artifacts/probes/mvp_probe_linear_jepa_v2_vitg_384_20260505T132758Z/layer_20/train/trial_0007/val_eval",
            "output_dir": "artifacts/probes/mvp_probe_linear_jepa_v2_vitg_384_20260505T132758Z/layer_20/train/trial_0007",
            "params": {
              "batch_size": 128,
              "epochs": 20,
              "lr": 0.00011756010900231849,
              "weight_decay": 4.848496183873288e-07
            },
            "trial_number": 7,
            "value": 16.885743174924166
          },
          {
            "checkpoint": "artifacts/probes/mvp_probe_linear_jepa_v2_vitg_384_20260505T132758Z/layer_20/train/trial_0009/probe_best.pt",
            "eval_output_dir": "artifacts/probes/mvp_probe_linear_jepa_v2_vitg_384_20260505T132758Z/layer_20/train/trial_0009/val_eval",
            "output_dir": "artifacts/probes/mvp_probe_linear_jepa_v2_vitg_384_20260505T132758Z/layer_20/train/trial_0009",
            "params": {
              "batch_size": 256,
              "epochs": 50,
              "lr": 0.0007411299781083245,
              "weight_decay": 9.669146694016007e-07
            },
            "trial_number": 9,
            "value": 22.345803842264914
          },
          {
            "checkpoint": "artifacts/probes/mvp_probe_linear_jepa_v2_vitg_384_20260505T132758Z/layer_20/train/trial_0010/probe_best.pt",
            "eval_output_dir": "artifacts/probes/mvp_probe_linear_jepa_v2_vitg_384_20260505T132758Z/layer_20/train/trial_0010/val_eval",
            "output_dir": "artifacts/probes/mvp_probe_linear_jepa_v2_vitg_384_20260505T132758Z/layer_20/train/trial_0010",
            "params": {
              "batch_size": 64,
              "epochs": 100,
              "lr": 0.008013349589915042,
              "weight_decay": 1.086383341945677e-08
            },
            "trial_number": 10,
            "value": 33.56926188068756
          },
          {
            "checkpoint": "artifacts/probes/mvp_probe_linear_jepa_v2_vitg_384_20260505T132758Z/layer_20/train/trial_0011/probe_best.pt",
            "eval_output_dir": "artifacts/probes/mvp_probe_linear_jepa_v2_vitg_384_20260505T132758Z/layer_20/train/trial_0011/val_eval",
            "output_dir": "artifacts/probes/mvp_probe_linear_jepa_v2_vitg_384_20260505T132758Z/layer_20/train/trial_0011",
            "params": {
              "batch_size": 64,
              "epochs": 100,
              "lr": 0.008296796921936793,
              "weight_decay": 1.7074626001153678e-08
            },
            "trial_number": 11,
            "value": 34.27704752275025
          },
          {
            "checkpoint": "artifacts/probes/mvp_probe_linear_jepa_v2_vitg_384_20260505T132758Z/layer_20/train/trial_0012/probe_best.pt",
            "eval_output_dir": "artifacts/probes/mvp_probe_linear_jepa_v2_vitg_384_20260505T132758Z/layer_20/train/trial_0012/val_eval",
            "output_dir": "artifacts/probes/mvp_probe_linear_jepa_v2_vitg_384_20260505T132758Z/layer_20/train/trial_0012",
            "params": {
              "batch_size": 64,
              "epochs": 100,
              "lr": 0.007195474801612276,
              "weight_decay": 5.666538349312614e-08
            },
            "trial_number": 12,
            "value": 34.27704752275025
          },
          {
            "checkpoint": "artifacts/probes/mvp_probe_linear_jepa_v2_vitg_384_20260505T132758Z/layer_20/train/trial_0013/probe_best.pt",
            "eval_output_dir": "artifacts/probes/mvp_probe_linear_jepa_v2_vitg_384_20260505T132758Z/layer_20/train/trial_0013/val_eval",
            "output_dir": "artifacts/probes/mvp_probe_linear_jepa_v2_vitg_384_20260505T132758Z/layer_20/train/trial_0013",
            "params": {
              "batch_size": 32,
              "epochs": 100,
              "lr": 0.002482076244951997,
              "weight_decay": 1.6358579322011493e-05
            },
            "trial_number": 13,
            "value": 33.46814964610718
          },
          {
            "checkpoint": "artifacts/probes/mvp_probe_linear_jepa_v2_vitg_384_20260505T132758Z/layer_20/train/trial_0014/probe_best.pt",
            "eval_output_dir": "artifacts/probes/mvp_probe_linear_jepa_v2_vitg_384_20260505T132758Z/layer_20/train/trial_0014/val_eval",
            "output_dir": "artifacts/probes/mvp_probe_linear_jepa_v2_vitg_384_20260505T132758Z/layer_20/train/trial_0014",
            "params": {
              "batch_size": 64,
              "epochs": 20,
              "lr": 0.0027570469116584588,
              "weight_decay": 1.1140534941420908e-08
            },
            "trial_number": 14,
            "value": 26.79474216380182
          },
          {
            "checkpoint": "artifacts/probes/mvp_probe_linear_jepa_v2_vitg_384_20260505T132758Z/layer_20/train/trial_0015/probe_best.pt",
            "eval_output_dir": "artifacts/probes/mvp_probe_linear_jepa_v2_vitg_384_20260505T132758Z/layer_20/train/trial_0015/val_eval",
            "output_dir": "artifacts/probes/mvp_probe_linear_jepa_v2_vitg_384_20260505T132758Z/layer_20/train/trial_0015",
            "params": {
              "batch_size": 32,
              "epochs": 100,
              "lr": 0.002672731297432693,
              "weight_decay": 1.4358812414051464e-07
            },
            "trial_number": 15,
            "value": 35.79373104145602
          },
          {
            "checkpoint": "artifacts/probes/mvp_probe_linear_jepa_v2_vitg_384_20260505T132758Z/layer_20/train/trial_0016/probe_best.pt",
            "eval_output_dir": "artifacts/probes/mvp_probe_linear_jepa_v2_vitg_384_20260505T132758Z/layer_20/train/trial_0016/val_eval",
            "output_dir": "artifacts/probes/mvp_probe_linear_jepa_v2_vitg_384_20260505T132758Z/layer_20/train/trial_0016",
            "params": {
              "batch_size": 32,
              "epochs": 100,
              "lr": 0.0021791007333476385,
              "weight_decay": 2.069190232960821e-07
            },
            "trial_number": 16,
            "value": 34.78260869565217
          },
          {
            "checkpoint": "artifacts/probes/mvp_probe_linear_jepa_v2_vitg_384_20260505T132758Z/layer_20/train/trial_0017/probe_best.pt",
            "eval_output_dir": "artifacts/probes/mvp_probe_linear_jepa_v2_vitg_384_20260505T132758Z/layer_20/train/trial_0017/val_eval",
            "output_dir": "artifacts/probes/mvp_probe_linear_jepa_v2_vitg_384_20260505T132758Z/layer_20/train/trial_0017",
            "params": {
              "batch_size": 32,
              "epochs": 100,
              "lr": 0.0034752685500732045,
              "weight_decay": 1.4563236640426722e-07
            },
            "trial_number": 17,
            "value": 33.56926188068756
          },
          {
            "checkpoint": "artifacts/probes/mvp_probe_linear_jepa_v2_vitg_384_20260505T132758Z/layer_20/train/trial_0018/probe_best.pt",
            "eval_output_dir": "artifacts/probes/mvp_probe_linear_jepa_v2_vitg_384_20260505T132758Z/layer_20/train/trial_0018/val_eval",
            "output_dir": "artifacts/probes/mvp_probe_linear_jepa_v2_vitg_384_20260505T132758Z/layer_20/train/trial_0018",
            "params": {
              "batch_size": 32,
              "epochs": 20,
              "lr": 4.720845304099489e-05,
              "weight_decay": 4.5470011289797136e-06
            },
            "trial_number": 18,
            "value": 19.919110212335692
          },
          {
            "checkpoint": "artifacts/probes/mvp_probe_linear_jepa_v2_vitg_384_20260505T132758Z/layer_20/train/trial_0019/probe_best.pt",
            "eval_output_dir": "artifacts/probes/mvp_probe_linear_jepa_v2_vitg_384_20260505T132758Z/layer_20/train/trial_0019/val_eval",
            "output_dir": "artifacts/probes/mvp_probe_linear_jepa_v2_vitg_384_20260505T132758Z/layer_20/train/trial_0019",
            "params": {
              "batch_size": 32,
              "epochs": 100,
              "lr": 0.0015470504932079173,
              "weight_decay": 3.564066057884156e-06
            },
            "trial_number": 19,
            "value": 32.76036400404449
          }
        ]
      }
    },
    {
      "checkpoint": "artifacts/probes/mvp_probe_linear_jepa_v2_vitg_384_20260505T132758Z/layer_30/train/trial_0017/probe_best.pt",
      "eval": {
        "base_eval": {
          "metrics": {
            "accuracy": 67.23963599595551,
            "n_pairs": 989,
            "n_samples": 1978,
            "pair_consistency": 44.79271991911021
          },
          "output_dir": "artifacts/probes/mvp_probe_linear_jepa_v2_vitg_384_20260505T132758Z/layer_30/eval/test",
          "split_dir": "data/splits/mvp/full_60_20_20"
        },
        "checkpoint": "artifacts/probes/mvp_probe_linear_jepa_v2_vitg_384_20260505T132758Z/layer_30/train/trial_0017/probe_best.pt",
        "dataset": "mvp",
        "feature_signature": "78ea8f6e0a5c5d94",
        "metrics": {
          "accuracy": 67.23963599595551,
          "n_pairs": 989,
          "n_samples": 1978,
          "pair_consistency": 44.79271991911021
        },
        "metrics_by_split": {
          "test": {
            "accuracy": 67.23963599595551,
            "n_pairs": 989,
            "n_samples": 1978,
            "pair_consistency": 44.79271991911021
          },
          "train": {
            "accuracy": 71.06239460370995,
            "n_pairs": 2965,
            "n_samples": 5930,
            "pair_consistency": 49.64586846543001
          },
          "val": {
            "accuracy": 65.72295247724975,
            "n_pairs": 989,
            "n_samples": 1978,
            "pair_consistency": 42.669362992922146
          }
        },
        "objective_metric": 44.79271991911021,
        "prediction_file": "artifacts/probes/mvp_probe_linear_jepa_v2_vitg_384_20260505T132758Z/layer_30/eval/test/probe_predictions.json",
        "prediction_files": {
          "test": "artifacts/probes/mvp_probe_linear_jepa_v2_vitg_384_20260505T132758Z/layer_30/eval/test/probe_predictions.json",
          "train": "artifacts/probes/mvp_probe_linear_jepa_v2_vitg_384_20260505T132758Z/layer_30/eval/train/probe_predictions.json",
          "val": "artifacts/probes/mvp_probe_linear_jepa_v2_vitg_384_20260505T132758Z/layer_30/eval/val/probe_predictions.json"
        },
        "probe_eval_dir": "artifacts/probes/mvp_probe_linear_jepa_v2_vitg_384_20260505T132758Z/layer_30/eval",
        "probe_name": "linear",
        "reported_splits": [
          "train",
          "val",
          "test"
        ],
        "split_eval_dirs": {
          "test": "artifacts/probes/mvp_probe_linear_jepa_v2_vitg_384_20260505T132758Z/layer_30/eval/test",
          "train": "artifacts/probes/mvp_probe_linear_jepa_v2_vitg_384_20260505T132758Z/layer_30/eval/train",
          "val": "artifacts/probes/mvp_probe_linear_jepa_v2_vitg_384_20260505T132758Z/layer_30/eval/val"
        },
        "split_evals": {
          "test": {
            "base_eval": {
              "metrics": {
                "accuracy": 67.23963599595551,
                "n_pairs": 989,
                "n_samples": 1978,
                "pair_consistency": 44.79271991911021
              },
              "output_dir": "artifacts/probes/mvp_probe_linear_jepa_v2_vitg_384_20260505T132758Z/layer_30/eval/test",
              "split_dir": "data/splits/mvp/full_60_20_20"
            },
            "checkpoint": "artifacts/probes/mvp_probe_linear_jepa_v2_vitg_384_20260505T132758Z/layer_30/train/trial_0017/probe_best.pt",
            "dataset": "mvp",
            "feature_signature": "78ea8f6e0a5c5d94",
            "metrics": {
              "accuracy": 67.23963599595551,
              "n_pairs": 989,
              "n_samples": 1978,
              "pair_consistency": 44.79271991911021
            },
            "objective_metric": 44.79271991911021,
            "prediction_file": "artifacts/probes/mvp_probe_linear_jepa_v2_vitg_384_20260505T132758Z/layer_30/eval/test/probe_predictions.json",
            "probe_eval_dir": "artifacts/probes/mvp_probe_linear_jepa_v2_vitg_384_20260505T132758Z/layer_30/eval/test",
            "probe_name": "linear",
            "split_name": "test"
          },
          "train": {
            "base_eval": {
              "metrics": {
                "accuracy": 71.06239460370995,
                "n_pairs": 2965,
                "n_samples": 5930,
                "pair_consistency": 49.64586846543001
              },
              "output_dir": "artifacts/probes/mvp_probe_linear_jepa_v2_vitg_384_20260505T132758Z/layer_30/eval/train",
              "split_dir": "data/splits/mvp/full_60_20_20"
            },
            "checkpoint": "artifacts/probes/mvp_probe_linear_jepa_v2_vitg_384_20260505T132758Z/layer_30/train/trial_0017/probe_best.pt",
            "dataset": "mvp",
            "feature_signature": "78ea8f6e0a5c5d94",
            "metrics": {
              "accuracy": 71.06239460370995,
              "n_pairs": 2965,
              "n_samples": 5930,
              "pair_consistency": 49.64586846543001
            },
            "objective_metric": 49.64586846543001,
            "prediction_file": "artifacts/probes/mvp_probe_linear_jepa_v2_vitg_384_20260505T132758Z/layer_30/eval/train/probe_predictions.json",
            "probe_eval_dir": "artifacts/probes/mvp_probe_linear_jepa_v2_vitg_384_20260505T132758Z/layer_30/eval/train",
            "probe_name": "linear",
            "split_name": "train"
          },
          "val": {
            "base_eval": {
              "metrics": {
                "accuracy": 65.72295247724975,
                "n_pairs": 989,
                "n_samples": 1978,
                "pair_consistency": 42.669362992922146
              },
              "output_dir": "artifacts/probes/mvp_probe_linear_jepa_v2_vitg_384_20260505T132758Z/layer_30/eval/val",
              "split_dir": "data/splits/mvp/full_60_20_20"
            },
            "checkpoint": "artifacts/probes/mvp_probe_linear_jepa_v2_vitg_384_20260505T132758Z/layer_30/train/trial_0017/probe_best.pt",
            "dataset": "mvp",
            "feature_signature": "78ea8f6e0a5c5d94",
            "metrics": {
              "accuracy": 65.72295247724975,
              "n_pairs": 989,
              "n_samples": 1978,
              "pair_consistency": 42.669362992922146
            },
            "objective_metric": 42.669362992922146,
            "prediction_file": "artifacts/probes/mvp_probe_linear_jepa_v2_vitg_384_20260505T132758Z/layer_30/eval/val/probe_predictions.json",
            "probe_eval_dir": "artifacts/probes/mvp_probe_linear_jepa_v2_vitg_384_20260505T132758Z/layer_30/eval/val",
            "probe_name": "linear",
            "split_name": "val"
          }
        },
        "split_name": "test"
      },
      "layer": 30,
      "layer_label": "30",
      "objective_metric": 44.79271991911021,
      "train": {
        "best_checkpoint": "artifacts/probes/mvp_probe_linear_jepa_v2_vitg_384_20260505T132758Z/layer_30/train/trial_0017/probe_best.pt",
        "best_eval_output_dir": "artifacts/probes/mvp_probe_linear_jepa_v2_vitg_384_20260505T132758Z/layer_30/train/trial_0017/val_eval",
        "best_output_dir": "artifacts/probes/mvp_probe_linear_jepa_v2_vitg_384_20260505T132758Z/layer_30/train/trial_0017",
        "best_params": {
          "batch_size": 64,
          "epochs": 100,
          "lr": 0.009303665824129332,
          "weight_decay": 7.5173373575249e-05
        },
        "best_trial_number": 17,
        "best_value": 42.669362992922146,
        "checkpoint": "artifacts/probes/mvp_probe_linear_jepa_v2_vitg_384_20260505T132758Z/layer_30/train/trial_0017/probe_best.pt",
        "dataset": "mvp",
        "direction": "maximize",
        "layer": 30,
        "n_trials": 20,
        "objective_metric": "pair_consistency",
        "output_dir": "artifacts/probes/mvp_probe_linear_jepa_v2_vitg_384_20260505T132758Z/layer_30/train",
        "probe_name": "linear",
        "storage": "sqlite:////gpfs/home3/scur0511/Probe4Physics/artifacts/probes/mvp_probe_linear_jepa_v2_vitg_384_20260505T132758Z/layer_30/train/optuna_study.sqlite3",
        "study_name": "mvp_linear_jepa_v2_vitg_384_layer_30",
        "trials": [
          {
            "checkpoint": "artifacts/probes/mvp_probe_linear_jepa_v2_vitg_384_20260505T132758Z/layer_30/train/trial_0000/probe_best.pt",
            "eval_output_dir": "artifacts/probes/mvp_probe_linear_jepa_v2_vitg_384_20260505T132758Z/layer_30/train/trial_0000/val_eval",
            "output_dir": "artifacts/probes/mvp_probe_linear_jepa_v2_vitg_384_20260505T132758Z/layer_30/train/trial_0000",
            "params": {
              "batch_size": 32,
              "epochs": 50,
              "lr": 0.0001329291894316216,
              "weight_decay": 0.005061576888752304
            },
            "trial_number": 0,
            "value": 30.940343781597573
          },
          {
            "checkpoint": "artifacts/probes/mvp_probe_linear_jepa_v2_vitg_384_20260505T132758Z/layer_30/train/trial_0001/probe_best.pt",
            "eval_output_dir": "artifacts/probes/mvp_probe_linear_jepa_v2_vitg_384_20260505T132758Z/layer_30/train/trial_0001/val_eval",
            "output_dir": "artifacts/probes/mvp_probe_linear_jepa_v2_vitg_384_20260505T132758Z/layer_30/train/trial_0001",
            "params": {
              "batch_size": 32,
              "epochs": 100,
              "lr": 0.001331121608073689,
              "weight_decay": 1.328944872286916e-08
            },
            "trial_number": 1,
            "value": 39.737108190091
          },
          {
            "checkpoint": "artifacts/probes/mvp_probe_linear_jepa_v2_vitg_384_20260505T132758Z/layer_30/train/trial_0002/probe_best.pt",
            "eval_output_dir": "artifacts/probes/mvp_probe_linear_jepa_v2_vitg_384_20260505T132758Z/layer_30/train/trial_0002/val_eval",
            "output_dir": "artifacts/probes/mvp_probe_linear_jepa_v2_vitg_384_20260505T132758Z/layer_30/train/trial_0002",
            "params": {
              "batch_size": 32,
              "epochs": 50,
              "lr": 0.00019762189340280086,
              "weight_decay": 5.589524205217922e-07
            },
            "trial_number": 2,
            "value": 32.861476238624874
          },
          {
            "checkpoint": "artifacts/probes/mvp_probe_linear_jepa_v2_vitg_384_20260505T132758Z/layer_30/train/trial_0003/probe_best.pt",
            "eval_output_dir": "artifacts/probes/mvp_probe_linear_jepa_v2_vitg_384_20260505T132758Z/layer_30/train/trial_0003/val_eval",
            "output_dir": "artifacts/probes/mvp_probe_linear_jepa_v2_vitg_384_20260505T132758Z/layer_30/train/trial_0003",
            "params": {
              "batch_size": 64,
              "epochs": 50,
              "lr": 0.0003489018845491386,
              "weight_decay": 3.5849855803404713e-05
            },
            "trial_number": 3,
            "value": 33.9737108190091
          },
          {
            "checkpoint": "artifacts/probes/mvp_probe_linear_jepa_v2_vitg_384_20260505T132758Z/layer_30/train/trial_0004/probe_best.pt",
            "eval_output_dir": "artifacts/probes/mvp_probe_linear_jepa_v2_vitg_384_20260505T132758Z/layer_30/train/trial_0004/val_eval",
            "output_dir": "artifacts/probes/mvp_probe_linear_jepa_v2_vitg_384_20260505T132758Z/layer_30/train/trial_0004",
            "params": {
              "batch_size": 32,
              "epochs": 50,
              "lr": 8.200518402245828e-05,
              "weight_decay": 3.855073690026179e-08
            },
            "trial_number": 4,
            "value": 26.895854398382202
          },
          {
            "checkpoint": "artifacts/probes/mvp_probe_linear_jepa_v2_vitg_384_20260505T132758Z/layer_30/train/trial_0005/probe_best.pt",
            "eval_output_dir": "artifacts/probes/mvp_probe_linear_jepa_v2_vitg_384_20260505T132758Z/layer_30/train/trial_0005/val_eval",
            "output_dir": "artifacts/probes/mvp_probe_linear_jepa_v2_vitg_384_20260505T132758Z/layer_30/train/trial_0005",
            "params": {
              "batch_size": 256,
              "epochs": 50,
              "lr": 0.0009717775305059633,
              "weight_decay": 7.417652034871823e-07
            },
            "trial_number": 5,
            "value": 32.76036400404449
          },
          {
            "checkpoint": "artifacts/probes/mvp_probe_linear_jepa_v2_vitg_384_20260505T132758Z/layer_30/train/trial_0007/probe_best.pt",
            "eval_output_dir": "artifacts/probes/mvp_probe_linear_jepa_v2_vitg_384_20260505T132758Z/layer_30/train/trial_0007/val_eval",
            "output_dir": "artifacts/probes/mvp_probe_linear_jepa_v2_vitg_384_20260505T132758Z/layer_30/train/trial_0007",
            "params": {
              "batch_size": 128,
              "epochs": 20,
              "lr": 0.00011756010900231849,
              "weight_decay": 4.848496183873288e-07
            },
            "trial_number": 7,
            "value": 20.222446916076844
          },
          {
            "checkpoint": "artifacts/probes/mvp_probe_linear_jepa_v2_vitg_384_20260505T132758Z/layer_30/train/trial_0009/probe_best.pt",
            "eval_output_dir": "artifacts/probes/mvp_probe_linear_jepa_v2_vitg_384_20260505T132758Z/layer_30/train/trial_0009/val_eval",
            "output_dir": "artifacts/probes/mvp_probe_linear_jepa_v2_vitg_384_20260505T132758Z/layer_30/train/trial_0009",
            "params": {
              "batch_size": 256,
              "epochs": 50,
              "lr": 0.0007411299781083245,
              "weight_decay": 9.669146694016007e-07
            },
            "trial_number": 9,
            "value": 31.04145601617796
          },
          {
            "checkpoint": "artifacts/probes/mvp_probe_linear_jepa_v2_vitg_384_20260505T132758Z/layer_30/train/trial_0010/probe_best.pt",
            "eval_output_dir": "artifacts/probes/mvp_probe_linear_jepa_v2_vitg_384_20260505T132758Z/layer_30/train/trial_0010/val_eval",
            "output_dir": "artifacts/probes/mvp_probe_linear_jepa_v2_vitg_384_20260505T132758Z/layer_30/train/trial_0010",
            "params": {
              "batch_size": 64,
              "epochs": 100,
              "lr": 0.008013349589915042,
              "weight_decay": 1.086383341945677e-08
            },
            "trial_number": 10,
            "value": 37.2093023255814
          },
          {
            "checkpoint": "artifacts/probes/mvp_probe_linear_jepa_v2_vitg_384_20260505T132758Z/layer_30/train/trial_0011/probe_best.pt",
            "eval_output_dir": "artifacts/probes/mvp_probe_linear_jepa_v2_vitg_384_20260505T132758Z/layer_30/train/trial_0011/val_eval",
            "output_dir": "artifacts/probes/mvp_probe_linear_jepa_v2_vitg_384_20260505T132758Z/layer_30/train/trial_0011",
            "params": {
              "batch_size": 64,
              "epochs": 100,
              "lr": 0.008296796921936793,
              "weight_decay": 1.7074626001153678e-08
            },
            "trial_number": 11,
            "value": 41.354903943377145
          },
          {
            "checkpoint": "artifacts/probes/mvp_probe_linear_jepa_v2_vitg_384_20260505T132758Z/layer_30/train/trial_0012/probe_best.pt",
            "eval_output_dir": "artifacts/probes/mvp_probe_linear_jepa_v2_vitg_384_20260505T132758Z/layer_30/train/trial_0012/val_eval",
            "output_dir": "artifacts/probes/mvp_probe_linear_jepa_v2_vitg_384_20260505T132758Z/layer_30/train/trial_0012",
            "params": {
              "batch_size": 64,
              "epochs": 100,
              "lr": 0.007195474801612276,
              "weight_decay": 5.666538349312614e-08
            },
            "trial_number": 12,
            "value": 40.849342770475225
          },
          {
            "checkpoint": "artifacts/probes/mvp_probe_linear_jepa_v2_vitg_384_20260505T132758Z/layer_30/train/trial_0013/probe_best.pt",
            "eval_output_dir": "artifacts/probes/mvp_probe_linear_jepa_v2_vitg_384_20260505T132758Z/layer_30/train/trial_0013/val_eval",
            "output_dir": "artifacts/probes/mvp_probe_linear_jepa_v2_vitg_384_20260505T132758Z/layer_30/train/trial_0013",
            "params": {
              "batch_size": 64,
              "epochs": 100,
              "lr": 0.007426005343305405,
              "weight_decay": 1.0179110443029212e-07
            },
            "trial_number": 13,
            "value": 39.33265925176946
          },
          {
            "checkpoint": "artifacts/probes/mvp_probe_linear_jepa_v2_vitg_384_20260505T132758Z/layer_30/train/trial_0014/probe_best.pt",
            "eval_output_dir": "artifacts/probes/mvp_probe_linear_jepa_v2_vitg_384_20260505T132758Z/layer_30/train/trial_0014/val_eval",
            "output_dir": "artifacts/probes/mvp_probe_linear_jepa_v2_vitg_384_20260505T132758Z/layer_30/train/trial_0014",
            "params": {
              "batch_size": 64,
              "epochs": 20,
              "lr": 0.0033607517945004792,
              "weight_decay": 8.715225766565574e-06
            },
            "trial_number": 14,
            "value": 34.07482305358948
          },
          {
            "checkpoint": "artifacts/probes/mvp_probe_linear_jepa_v2_vitg_384_20260505T132758Z/layer_30/train/trial_0015/probe_best.pt",
            "eval_output_dir": "artifacts/probes/mvp_probe_linear_jepa_v2_vitg_384_20260505T132758Z/layer_30/train/trial_0015/val_eval",
            "output_dir": "artifacts/probes/mvp_probe_linear_jepa_v2_vitg_384_20260505T132758Z/layer_30/train/trial_0015",
            "params": {
              "batch_size": 64,
              "epochs": 100,
              "lr": 0.0024805720688123923,
              "weight_decay": 9.21402517922606e-06
            },
            "trial_number": 15,
            "value": 40.141557128412536
          },
          {
            "checkpoint": "artifacts/probes/mvp_probe_linear_jepa_v2_vitg_384_20260505T132758Z/layer_30/train/trial_0016/probe_best.pt",
            "eval_output_dir": "artifacts/probes/mvp_probe_linear_jepa_v2_vitg_384_20260505T132758Z/layer_30/train/trial_0016/val_eval",
            "output_dir": "artifacts/probes/mvp_probe_linear_jepa_v2_vitg_384_20260505T132758Z/layer_30/train/trial_0016",
            "params": {
              "batch_size": 64,
              "epochs": 100,
              "lr": 0.003553453651334502,
              "weight_decay": 7.210935840467621e-08
            },
            "trial_number": 16,
            "value": 40.24266936299292
          },
          {
            "checkpoint": "artifacts/probes/mvp_probe_linear_jepa_v2_vitg_384_20260505T132758Z/layer_30/train/trial_0017/probe_best.pt",
            "eval_output_dir": "artifacts/probes/mvp_probe_linear_jepa_v2_vitg_384_20260505T132758Z/layer_30/train/trial_0017/val_eval",
            "output_dir": "artifacts/probes/mvp_probe_linear_jepa_v2_vitg_384_20260505T132758Z/layer_30/train/trial_0017",
            "params": {
              "batch_size": 64,
              "epochs": 100,
              "lr": 0.009303665824129332,
              "weight_decay": 7.5173373575249e-05
            },
            "trial_number": 17,
            "value": 42.669362992922146
          },
          {
            "checkpoint": "artifacts/probes/mvp_probe_linear_jepa_v2_vitg_384_20260505T132758Z/layer_30/train/trial_0018/probe_best.pt",
            "eval_output_dir": "artifacts/probes/mvp_probe_linear_jepa_v2_vitg_384_20260505T132758Z/layer_30/train/trial_0018/val_eval",
            "output_dir": "artifacts/probes/mvp_probe_linear_jepa_v2_vitg_384_20260505T132758Z/layer_30/train/trial_0018",
            "params": {
              "batch_size": 64,
              "epochs": 20,
              "lr": 4.720845304099489e-05,
              "weight_decay": 9.559574710535261e-05
            },
            "trial_number": 18,
            "value": 16.48129423660263
          },
          {
            "checkpoint": "artifacts/probes/mvp_probe_linear_jepa_v2_vitg_384_20260505T132758Z/layer_30/train/trial_0019/probe_best.pt",
            "eval_output_dir": "artifacts/probes/mvp_probe_linear_jepa_v2_vitg_384_20260505T132758Z/layer_30/train/trial_0019/val_eval",
            "output_dir": "artifacts/probes/mvp_probe_linear_jepa_v2_vitg_384_20260505T132758Z/layer_30/train/trial_0019",
            "params": {
              "batch_size": 128,
              "epochs": 100,
              "lr": 0.0020982292940714175,
              "weight_decay": 0.00019936274993705245
            },
            "trial_number": 19,
            "value": 35.69261880687563
          }
        ]
      }
    },
    {
      "checkpoint": "artifacts/probes/mvp_probe_linear_jepa_v2_vitg_384_20260505T132758Z/layer_40/train/trial_0012/probe_best.pt",
      "eval": {
        "base_eval": {
          "metrics": {
            "accuracy": 67.9979777553084,
            "n_pairs": 989,
            "n_samples": 1978,
            "pair_consistency": 47.320525783619814
          },
          "output_dir": "artifacts/probes/mvp_probe_linear_jepa_v2_vitg_384_20260505T132758Z/layer_40/eval/test",
          "split_dir": "data/splits/mvp/full_60_20_20"
        },
        "checkpoint": "artifacts/probes/mvp_probe_linear_jepa_v2_vitg_384_20260505T132758Z/layer_40/train/trial_0012/probe_best.pt",
        "dataset": "mvp",
        "feature_signature": "78ea8f6e0a5c5d94",
        "metrics": {
          "accuracy": 67.9979777553084,
          "n_pairs": 989,
          "n_samples": 1978,
          "pair_consistency": 47.320525783619814
        },
        "metrics_by_split": {
          "test": {
            "accuracy": 67.9979777553084,
            "n_pairs": 989,
            "n_samples": 1978,
            "pair_consistency": 47.320525783619814
          },
          "train": {
            "accuracy": 74.5531197301855,
            "n_pairs": 2965,
            "n_samples": 5930,
            "pair_consistency": 55.24451939291737
          },
          "val": {
            "accuracy": 70.87967644084934,
            "n_pairs": 989,
            "n_samples": 1978,
            "pair_consistency": 50.6572295247725
          }
        },
        "objective_metric": 47.320525783619814,
        "prediction_file": "artifacts/probes/mvp_probe_linear_jepa_v2_vitg_384_20260505T132758Z/layer_40/eval/test/probe_predictions.json",
        "prediction_files": {
          "test": "artifacts/probes/mvp_probe_linear_jepa_v2_vitg_384_20260505T132758Z/layer_40/eval/test/probe_predictions.json",
          "train": "artifacts/probes/mvp_probe_linear_jepa_v2_vitg_384_20260505T132758Z/layer_40/eval/train/probe_predictions.json",
          "val": "artifacts/probes/mvp_probe_linear_jepa_v2_vitg_384_20260505T132758Z/layer_40/eval/val/probe_predictions.json"
        },
        "probe_eval_dir": "artifacts/probes/mvp_probe_linear_jepa_v2_vitg_384_20260505T132758Z/layer_40/eval",
        "probe_name": "linear",
        "reported_splits": [
          "train",
          "val",
          "test"
        ],
        "split_eval_dirs": {
          "test": "artifacts/probes/mvp_probe_linear_jepa_v2_vitg_384_20260505T132758Z/layer_40/eval/test",
          "train": "artifacts/probes/mvp_probe_linear_jepa_v2_vitg_384_20260505T132758Z/layer_40/eval/train",
          "val": "artifacts/probes/mvp_probe_linear_jepa_v2_vitg_384_20260505T132758Z/layer_40/eval/val"
        },
        "split_evals": {
          "test": {
            "base_eval": {
              "metrics": {
                "accuracy": 67.9979777553084,
                "n_pairs": 989,
                "n_samples": 1978,
                "pair_consistency": 47.320525783619814
              },
              "output_dir": "artifacts/probes/mvp_probe_linear_jepa_v2_vitg_384_20260505T132758Z/layer_40/eval/test",
              "split_dir": "data/splits/mvp/full_60_20_20"
            },
            "checkpoint": "artifacts/probes/mvp_probe_linear_jepa_v2_vitg_384_20260505T132758Z/layer_40/train/trial_0012/probe_best.pt",
            "dataset": "mvp",
            "feature_signature": "78ea8f6e0a5c5d94",
            "metrics": {
              "accuracy": 67.9979777553084,
              "n_pairs": 989,
              "n_samples": 1978,
              "pair_consistency": 47.320525783619814
            },
            "objective_metric": 47.320525783619814,
            "prediction_file": "artifacts/probes/mvp_probe_linear_jepa_v2_vitg_384_20260505T132758Z/layer_40/eval/test/probe_predictions.json",
            "probe_eval_dir": "artifacts/probes/mvp_probe_linear_jepa_v2_vitg_384_20260505T132758Z/layer_40/eval/test",
            "probe_name": "linear",
            "split_name": "test"
          },
          "train": {
            "base_eval": {
              "metrics": {
                "accuracy": 74.5531197301855,
                "n_pairs": 2965,
                "n_samples": 5930,
                "pair_consistency": 55.24451939291737
              },
              "output_dir": "artifacts/probes/mvp_probe_linear_jepa_v2_vitg_384_20260505T132758Z/layer_40/eval/train",
              "split_dir": "data/splits/mvp/full_60_20_20"
            },
            "checkpoint": "artifacts/probes/mvp_probe_linear_jepa_v2_vitg_384_20260505T132758Z/layer_40/train/trial_0012/probe_best.pt",
            "dataset": "mvp",
            "feature_signature": "78ea8f6e0a5c5d94",
            "metrics": {
              "accuracy": 74.5531197301855,
              "n_pairs": 2965,
              "n_samples": 5930,
              "pair_consistency": 55.24451939291737
            },
            "objective_metric": 55.24451939291737,
            "prediction_file": "artifacts/probes/mvp_probe_linear_jepa_v2_vitg_384_20260505T132758Z/layer_40/eval/train/probe_predictions.json",
            "probe_eval_dir": "artifacts/probes/mvp_probe_linear_jepa_v2_vitg_384_20260505T132758Z/layer_40/eval/train",
            "probe_name": "linear",
            "split_name": "train"
          },
          "val": {
            "base_eval": {
              "metrics": {
                "accuracy": 70.87967644084934,
                "n_pairs": 989,
                "n_samples": 1978,
                "pair_consistency": 50.6572295247725
              },
              "output_dir": "artifacts/probes/mvp_probe_linear_jepa_v2_vitg_384_20260505T132758Z/layer_40/eval/val",
              "split_dir": "data/splits/mvp/full_60_20_20"
            },
            "checkpoint": "artifacts/probes/mvp_probe_linear_jepa_v2_vitg_384_20260505T132758Z/layer_40/train/trial_0012/probe_best.pt",
            "dataset": "mvp",
            "feature_signature": "78ea8f6e0a5c5d94",
            "metrics": {
              "accuracy": 70.87967644084934,
              "n_pairs": 989,
              "n_samples": 1978,
              "pair_consistency": 50.6572295247725
            },
            "objective_metric": 50.6572295247725,
            "prediction_file": "artifacts/probes/mvp_probe_linear_jepa_v2_vitg_384_20260505T132758Z/layer_40/eval/val/probe_predictions.json",
            "probe_eval_dir": "artifacts/probes/mvp_probe_linear_jepa_v2_vitg_384_20260505T132758Z/layer_40/eval/val",
            "probe_name": "linear",
            "split_name": "val"
          }
        },
        "split_name": "test"
      },
      "layer": 40,
      "layer_label": "40",
      "objective_metric": 47.320525783619814,
      "train": {
        "best_checkpoint": "artifacts/probes/mvp_probe_linear_jepa_v2_vitg_384_20260505T132758Z/layer_40/train/trial_0012/probe_best.pt",
        "best_eval_output_dir": "artifacts/probes/mvp_probe_linear_jepa_v2_vitg_384_20260505T132758Z/layer_40/train/trial_0012/val_eval",
        "best_output_dir": "artifacts/probes/mvp_probe_linear_jepa_v2_vitg_384_20260505T132758Z/layer_40/train/trial_0012",
        "best_params": {
          "batch_size": 64,
          "epochs": 100,
          "lr": 0.00814055433678886,
          "weight_decay": 5.666538349312614e-08
        },
        "best_trial_number": 12,
        "best_value": 50.6572295247725,
        "checkpoint": "artifacts/probes/mvp_probe_linear_jepa_v2_vitg_384_20260505T132758Z/layer_40/train/trial_0012/probe_best.pt",
        "dataset": "mvp",
        "direction": "maximize",
        "layer": 40,
        "n_trials": 20,
        "objective_metric": "pair_consistency",
        "output_dir": "artifacts/probes/mvp_probe_linear_jepa_v2_vitg_384_20260505T132758Z/layer_40/train",
        "probe_name": "linear",
        "storage": "sqlite:////gpfs/home3/scur0511/Probe4Physics/artifacts/probes/mvp_probe_linear_jepa_v2_vitg_384_20260505T132758Z/layer_40/train/optuna_study.sqlite3",
        "study_name": "mvp_linear_jepa_v2_vitg_384_layer_40",
        "trials": [
          {
            "checkpoint": "artifacts/probes/mvp_probe_linear_jepa_v2_vitg_384_20260505T132758Z/layer_40/train/trial_0000/probe_best.pt",
            "eval_output_dir": "artifacts/probes/mvp_probe_linear_jepa_v2_vitg_384_20260505T132758Z/layer_40/train/trial_0000/val_eval",
            "output_dir": "artifacts/probes/mvp_probe_linear_jepa_v2_vitg_384_20260505T132758Z/layer_40/train/trial_0000",
            "params": {
              "batch_size": 32,
              "epochs": 50,
              "lr": 0.0001329291894316216,
              "weight_decay": 0.005061576888752304
            },
            "trial_number": 0,
            "value": 41.45601617795754
          },
          {
            "checkpoint": "artifacts/probes/mvp_probe_linear_jepa_v2_vitg_384_20260505T132758Z/layer_40/train/trial_0001/probe_best.pt",
            "eval_output_dir": "artifacts/probes/mvp_probe_linear_jepa_v2_vitg_384_20260505T132758Z/layer_40/train/trial_0001/val_eval",
            "output_dir": "artifacts/probes/mvp_probe_linear_jepa_v2_vitg_384_20260505T132758Z/layer_40/train/trial_0001",
            "params": {
              "batch_size": 32,
              "epochs": 100,
              "lr": 0.001331121608073689,
              "weight_decay": 1.328944872286916e-08
            },
            "trial_number": 1,
            "value": 49.646107178968656
          },
          {
            "checkpoint": "artifacts/probes/mvp_probe_linear_jepa_v2_vitg_384_20260505T132758Z/layer_40/train/trial_0002/probe_best.pt",
            "eval_output_dir": "artifacts/probes/mvp_probe_linear_jepa_v2_vitg_384_20260505T132758Z/layer_40/train/trial_0002/val_eval",
            "output_dir": "artifacts/probes/mvp_probe_linear_jepa_v2_vitg_384_20260505T132758Z/layer_40/train/trial_0002",
            "params": {
              "batch_size": 32,
              "epochs": 50,
              "lr": 0.00019762189340280086,
              "weight_decay": 5.589524205217922e-07
            },
            "trial_number": 2,
            "value": 41.86046511627907
          },
          {
            "checkpoint": "artifacts/probes/mvp_probe_linear_jepa_v2_vitg_384_20260505T132758Z/layer_40/train/trial_0003/probe_best.pt",
            "eval_output_dir": "artifacts/probes/mvp_probe_linear_jepa_v2_vitg_384_20260505T132758Z/layer_40/train/trial_0003/val_eval",
            "output_dir": "artifacts/probes/mvp_probe_linear_jepa_v2_vitg_384_20260505T132758Z/layer_40/train/trial_0003",
            "params": {
              "batch_size": 64,
              "epochs": 50,
              "lr": 0.0003489018845491386,
              "weight_decay": 3.5849855803404713e-05
            },
            "trial_number": 3,
            "value": 43.882709807886755
          },
          {
            "checkpoint": "artifacts/probes/mvp_probe_linear_jepa_v2_vitg_384_20260505T132758Z/layer_40/train/trial_0004/probe_best.pt",
            "eval_output_dir": "artifacts/probes/mvp_probe_linear_jepa_v2_vitg_384_20260505T132758Z/layer_40/train/trial_0004/val_eval",
            "output_dir": "artifacts/probes/mvp_probe_linear_jepa_v2_vitg_384_20260505T132758Z/layer_40/train/trial_0004",
            "params": {
              "batch_size": 32,
              "epochs": 50,
              "lr": 8.200518402245828e-05,
              "weight_decay": 3.855073690026179e-08
            },
            "trial_number": 4,
            "value": 39.02932254802831
          },
          {
            "checkpoint": "artifacts/probes/mvp_probe_linear_jepa_v2_vitg_384_20260505T132758Z/layer_40/train/trial_0005/probe_best.pt",
            "eval_output_dir": "artifacts/probes/mvp_probe_linear_jepa_v2_vitg_384_20260505T132758Z/layer_40/train/trial_0005/val_eval",
            "output_dir": "artifacts/probes/mvp_probe_linear_jepa_v2_vitg_384_20260505T132758Z/layer_40/train/trial_0005",
            "params": {
              "batch_size": 256,
              "epochs": 50,
              "lr": 0.0009717775305059633,
              "weight_decay": 7.417652034871823e-07
            },
            "trial_number": 5,
            "value": 41.25379170879677
          },
          {
            "checkpoint": "artifacts/probes/mvp_probe_linear_jepa_v2_vitg_384_20260505T132758Z/layer_40/train/trial_0007/probe_best.pt",
            "eval_output_dir": "artifacts/probes/mvp_probe_linear_jepa_v2_vitg_384_20260505T132758Z/layer_40/train/trial_0007/val_eval",
            "output_dir": "artifacts/probes/mvp_probe_linear_jepa_v2_vitg_384_20260505T132758Z/layer_40/train/trial_0007",
            "params": {
              "batch_size": 128,
              "epochs": 20,
              "lr": 0.00011756010900231849,
              "weight_decay": 4.848496183873288e-07
            },
            "trial_number": 7,
            "value": 30.23255813953488
          },
          {
            "checkpoint": "artifacts/probes/mvp_probe_linear_jepa_v2_vitg_384_20260505T132758Z/layer_40/train/trial_0009/probe_best.pt",
            "eval_output_dir": "artifacts/probes/mvp_probe_linear_jepa_v2_vitg_384_20260505T132758Z/layer_40/train/trial_0009/val_eval",
            "output_dir": "artifacts/probes/mvp_probe_linear_jepa_v2_vitg_384_20260505T132758Z/layer_40/train/trial_0009",
            "params": {
              "batch_size": 256,
              "epochs": 50,
              "lr": 0.0007411299781083245,
              "weight_decay": 9.669146694016007e-07
            },
            "trial_number": 9,
            "value": 41.96157735085945
          },
          {
            "checkpoint": "artifacts/probes/mvp_probe_linear_jepa_v2_vitg_384_20260505T132758Z/layer_40/train/trial_0010/probe_best.pt",
            "eval_output_dir": "artifacts/probes/mvp_probe_linear_jepa_v2_vitg_384_20260505T132758Z/layer_40/train/trial_0010/val_eval",
            "output_dir": "artifacts/probes/mvp_probe_linear_jepa_v2_vitg_384_20260505T132758Z/layer_40/train/trial_0010",
            "params": {
              "batch_size": 64,
              "epochs": 100,
              "lr": 0.008013349589915042,
              "weight_decay": 1.086383341945677e-08
            },
            "trial_number": 10,
            "value": 50.55611729019211
          },
          {
            "checkpoint": "artifacts/probes/mvp_probe_linear_jepa_v2_vitg_384_20260505T132758Z/layer_40/train/trial_0011/probe_best.pt",
            "eval_output_dir": "artifacts/probes/mvp_probe_linear_jepa_v2_vitg_384_20260505T132758Z/layer_40/train/trial_0011/val_eval",
            "output_dir": "artifacts/probes/mvp_probe_linear_jepa_v2_vitg_384_20260505T132758Z/layer_40/train/trial_0011",
            "params": {
              "batch_size": 64,
              "epochs": 100,
              "lr": 0.008296796921936793,
              "weight_decay": 1.7074626001153678e-08
            },
            "trial_number": 11,
            "value": 50.05055611729019
          },
          {
            "checkpoint": "artifacts/probes/mvp_probe_linear_jepa_v2_vitg_384_20260505T132758Z/layer_40/train/trial_0012/probe_best.pt",
            "eval_output_dir": "artifacts/probes/mvp_probe_linear_jepa_v2_vitg_384_20260505T132758Z/layer_40/train/trial_0012/val_eval",
            "output_dir": "artifacts/probes/mvp_probe_linear_jepa_v2_vitg_384_20260505T132758Z/layer_40/train/trial_0012",
            "params": {
              "batch_size": 64,
              "epochs": 100,
              "lr": 0.00814055433678886,
              "weight_decay": 5.666538349312614e-08
            },
            "trial_number": 12,
            "value": 50.6572295247725
          },
          {
            "checkpoint": "artifacts/probes/mvp_probe_linear_jepa_v2_vitg_384_20260505T132758Z/layer_40/train/trial_0013/probe_best.pt",
            "eval_output_dir": "artifacts/probes/mvp_probe_linear_jepa_v2_vitg_384_20260505T132758Z/layer_40/train/trial_0013/val_eval",
            "output_dir": "artifacts/probes/mvp_probe_linear_jepa_v2_vitg_384_20260505T132758Z/layer_40/train/trial_0013",
            "params": {
              "batch_size": 64,
              "epochs": 100,
              "lr": 0.00828638574821265,
              "weight_decay": 1.0179110443029212e-07
            },
            "trial_number": 13,
            "value": 49.54499494438827
          },
          {
            "checkpoint": "artifacts/probes/mvp_probe_linear_jepa_v2_vitg_384_20260505T132758Z/layer_40/train/trial_0014/probe_best.pt",
            "eval_output_dir": "artifacts/probes/mvp_probe_linear_jepa_v2_vitg_384_20260505T132758Z/layer_40/train/trial_0014/val_eval",
            "output_dir": "artifacts/probes/mvp_probe_linear_jepa_v2_vitg_384_20260505T132758Z/layer_40/train/trial_0014",
            "params": {
              "batch_size": 64,
              "epochs": 20,
              "lr": 0.0030373944696826544,
              "weight_decay": 8.715225766565574e-06
            },
            "trial_number": 14,
            "value": 44.893832153690596
          },
          {
            "checkpoint": "artifacts/probes/mvp_probe_linear_jepa_v2_vitg_384_20260505T132758Z/layer_40/train/trial_0015/probe_best.pt",
            "eval_output_dir": "artifacts/probes/mvp_probe_linear_jepa_v2_vitg_384_20260505T132758Z/layer_40/train/trial_0015/val_eval",
            "output_dir": "artifacts/probes/mvp_probe_linear_jepa_v2_vitg_384_20260505T132758Z/layer_40/train/trial_0015",
            "params": {
              "batch_size": 64,
              "epochs": 100,
              "lr": 0.0032275860637651834,
              "weight_decay": 1.3221004453734022e-07
            },
            "trial_number": 15,
            "value": 49.140546006066735
          },
          {
            "checkpoint": "artifacts/probes/mvp_probe_linear_jepa_v2_vitg_384_20260505T132758Z/layer_40/train/trial_0016/probe_best.pt",
            "eval_output_dir": "artifacts/probes/mvp_probe_linear_jepa_v2_vitg_384_20260505T132758Z/layer_40/train/trial_0016/val_eval",
            "output_dir": "artifacts/probes/mvp_probe_linear_jepa_v2_vitg_384_20260505T132758Z/layer_40/train/trial_0016",
            "params": {
              "batch_size": 64,
              "epochs": 100,
              "lr": 0.0036072061881871034,
              "weight_decay": 7.009646163693992e-06
            },
            "trial_number": 16,
            "value": 47.72497472194136
          },
          {
            "checkpoint": "artifacts/probes/mvp_probe_linear_jepa_v2_vitg_384_20260505T132758Z/layer_40/train/trial_0018/probe_best.pt",
            "eval_output_dir": "artifacts/probes/mvp_probe_linear_jepa_v2_vitg_384_20260505T132758Z/layer_40/train/trial_0018/val_eval",
            "output_dir": "artifacts/probes/mvp_probe_linear_jepa_v2_vitg_384_20260505T132758Z/layer_40/train/trial_0018",
            "params": {
              "batch_size": 64,
              "epochs": 20,
              "lr": 0.0018939513785229123,
              "weight_decay": 8.785106045849355e-08
            },
            "trial_number": 18,
            "value": 40.950455005055616
          },
          {
            "checkpoint": "artifacts/probes/mvp_probe_linear_jepa_v2_vitg_384_20260505T132758Z/layer_40/train/trial_0019/probe_best.pt",
            "eval_output_dir": "artifacts/probes/mvp_probe_linear_jepa_v2_vitg_384_20260505T132758Z/layer_40/train/trial_0019/val_eval",
            "output_dir": "artifacts/probes/mvp_probe_linear_jepa_v2_vitg_384_20260505T132758Z/layer_40/train/trial_0019",
            "params": {
              "batch_size": 128,
              "epochs": 100,
              "lr": 0.009082898089210563,
              "weight_decay": 3.029570961200363e-06
            },
            "trial_number": 19,
            "value": 48.634984833164815
          }
        ]
      }
    }
  ],
  "model_selection_split": "val",
  "objective_metric_name": "pair_consistency",
  "probe_name": "linear",
  "reported_splits": [
    "train",
    "val",
    "test"
  ],
  "requested_layers": [
    10,
    20,
    30,
    40
  ],
  "split_name": "test",
  "sweep_dir": "artifacts/probes/mvp_probe_linear_jepa_v2_vitg_384_20260505T132758Z",
  "train_split": "train"
}
JOB_END_UTC=2026-05-05T13:51:20Z
JOB_ELAPSED_SECONDS=1407
