===== TRAIN PROVENANCE =====
Tue May  5 13:27:54 UTC 2026
tcn320.local.snellius.surf.nl
6a929503ad6267515d82e8e97dd388d0c33653fd
Python 3.11.15
/home/scur0511/.conda/envs/probe4physics-gpu/bin/python
REPO_ROOT=/gpfs/home3/scur0511/Probe4Physics
DATASET_NAME=mvp
PROBE_NAME=linear
BACKBONE_NAME=jepa_v1
BACKBONE_VARIANT=vith16_384
PROBE_EPOCHS=<config default>
PROBE_DEVICE=cpu
PROBE_LAYER=last
PROBE_LAYERS=8,16,24,32
PROBE_FEATURE_VIEW=pooled
ENABLE_WANDB=true
WANDB_PROJECT=probe4physics
WANDB_MODE=online
WANDB_GROUP=mvp_linear_jepa_v1_vith16_384
ENABLE_OPTUNA=true
OPTUNA_N_TRIALS=20
OPTUNA_N_JOBS=1
OPTUNA_TIMEOUT_SECONDS=0
ENABLE_OPTUNA_PRUNER=true
OPTUNA_PRUNER_STARTUP_TRIALS=3
OPTUNA_PRUNER_WARMUP_STEPS=100
OPTUNA_PRUNER_INTERVAL_STEPS=1
OPTUNA_STUDY_NAME=mvp_linear_jepa_v1_vith16_384
OPTUNA_SEARCH_OVERRIDES=<none>
============================
JOB_START_UTC=2026-05-05T13:27:54Z
[features.mvp] using compatible legacy cache: expected_signature=d1413668de072b44 actual_signature=0c85b927b43adb1a cache_dir=/gpfs/scratch1/shared/scur0511/probe4physics/artifacts/features/mvp/jepa_v1_vith16_384/train-val-test/0c85b927b43adb1a
[features.mvp] using compatible legacy cache: expected_signature=d1413668de072b44 actual_signature=0c85b927b43adb1a cache_dir=/gpfs/scratch1/shared/scur0511/probe4physics/artifacts/features/mvp/jepa_v1_vith16_384/train-val-test/0c85b927b43adb1a
[features.mvp] using compatible legacy cache: expected_signature=d1413668de072b44 actual_signature=0c85b927b43adb1a cache_dir=/gpfs/scratch1/shared/scur0511/probe4physics/artifacts/features/mvp/jepa_v1_vith16_384/train-val-test/0c85b927b43adb1a
[features.mvp] using compatible legacy cache: expected_signature=d1413668de072b44 actual_signature=0c85b927b43adb1a cache_dir=/gpfs/scratch1/shared/scur0511/probe4physics/artifacts/features/mvp/jepa_v1_vith16_384/train-val-test/0c85b927b43adb1a
[features.mvp] using compatible legacy cache: expected_signature=d1413668de072b44 actual_signature=0c85b927b43adb1a cache_dir=/gpfs/scratch1/shared/scur0511/probe4physics/artifacts/features/mvp/jepa_v1_vith16_384/train-val-test/0c85b927b43adb1a
[features.mvp] using compatible legacy cache: expected_signature=d1413668de072b44 actual_signature=0c85b927b43adb1a cache_dir=/gpfs/scratch1/shared/scur0511/probe4physics/artifacts/features/mvp/jepa_v1_vith16_384/train-val-test/0c85b927b43adb1a
[features.mvp] using compatible legacy cache: expected_signature=d1413668de072b44 actual_signature=0c85b927b43adb1a cache_dir=/gpfs/scratch1/shared/scur0511/probe4physics/artifacts/features/mvp/jepa_v1_vith16_384/train-val-test/0c85b927b43adb1a
[features.mvp] using compatible legacy cache: expected_signature=d1413668de072b44 actual_signature=0c85b927b43adb1a cache_dir=/gpfs/scratch1/shared/scur0511/probe4physics/artifacts/features/mvp/jepa_v1_vith16_384/train-val-test/0c85b927b43adb1a
[features.mvp] using compatible legacy cache: expected_signature=d1413668de072b44 actual_signature=0c85b927b43adb1a cache_dir=/gpfs/scratch1/shared/scur0511/probe4physics/artifacts/features/mvp/jepa_v1_vith16_384/train-val-test/0c85b927b43adb1a
[features.mvp] using compatible legacy cache: expected_signature=d1413668de072b44 actual_signature=0c85b927b43adb1a cache_dir=/gpfs/scratch1/shared/scur0511/probe4physics/artifacts/features/mvp/jepa_v1_vith16_384/train-val-test/0c85b927b43adb1a
[features.mvp] using compatible legacy cache: expected_signature=d1413668de072b44 actual_signature=0c85b927b43adb1a cache_dir=/gpfs/scratch1/shared/scur0511/probe4physics/artifacts/features/mvp/jepa_v1_vith16_384/train-val-test/0c85b927b43adb1a
[features.mvp] using compatible legacy cache: expected_signature=d1413668de072b44 actual_signature=0c85b927b43adb1a cache_dir=/gpfs/scratch1/shared/scur0511/probe4physics/artifacts/features/mvp/jepa_v1_vith16_384/train-val-test/0c85b927b43adb1a
[features.mvp] using compatible legacy cache: expected_signature=d1413668de072b44 actual_signature=0c85b927b43adb1a cache_dir=/gpfs/scratch1/shared/scur0511/probe4physics/artifacts/features/mvp/jepa_v1_vith16_384/train-val-test/0c85b927b43adb1a
[features.mvp] using compatible legacy cache: expected_signature=d1413668de072b44 actual_signature=0c85b927b43adb1a cache_dir=/gpfs/scratch1/shared/scur0511/probe4physics/artifacts/features/mvp/jepa_v1_vith16_384/train-val-test/0c85b927b43adb1a
[features.mvp] using compatible legacy cache: expected_signature=d1413668de072b44 actual_signature=0c85b927b43adb1a cache_dir=/gpfs/scratch1/shared/scur0511/probe4physics/artifacts/features/mvp/jepa_v1_vith16_384/train-val-test/0c85b927b43adb1a
[features.mvp] using compatible legacy cache: expected_signature=d1413668de072b44 actual_signature=0c85b927b43adb1a cache_dir=/gpfs/scratch1/shared/scur0511/probe4physics/artifacts/features/mvp/jepa_v1_vith16_384/train-val-test/0c85b927b43adb1a
[features.mvp] using compatible legacy cache: expected_signature=d1413668de072b44 actual_signature=0c85b927b43adb1a cache_dir=/gpfs/scratch1/shared/scur0511/probe4physics/artifacts/features/mvp/jepa_v1_vith16_384/train-val-test/0c85b927b43adb1a
[features.mvp] using compatible legacy cache: expected_signature=d1413668de072b44 actual_signature=0c85b927b43adb1a cache_dir=/gpfs/scratch1/shared/scur0511/probe4physics/artifacts/features/mvp/jepa_v1_vith16_384/train-val-test/0c85b927b43adb1a
[features.mvp] using compatible legacy cache: expected_signature=d1413668de072b44 actual_signature=0c85b927b43adb1a cache_dir=/gpfs/scratch1/shared/scur0511/probe4physics/artifacts/features/mvp/jepa_v1_vith16_384/train-val-test/0c85b927b43adb1a
[features.mvp] using compatible legacy cache: expected_signature=d1413668de072b44 actual_signature=0c85b927b43adb1a cache_dir=/gpfs/scratch1/shared/scur0511/probe4physics/artifacts/features/mvp/jepa_v1_vith16_384/train-val-test/0c85b927b43adb1a
[features.mvp] using compatible legacy cache: expected_signature=d1413668de072b44 actual_signature=0c85b927b43adb1a cache_dir=/gpfs/scratch1/shared/scur0511/probe4physics/artifacts/features/mvp/jepa_v1_vith16_384/train-val-test/0c85b927b43adb1a
[features.mvp] using compatible legacy cache: expected_signature=d1413668de072b44 actual_signature=0c85b927b43adb1a cache_dir=/gpfs/scratch1/shared/scur0511/probe4physics/artifacts/features/mvp/jepa_v1_vith16_384/train-val-test/0c85b927b43adb1a
[features.mvp] using compatible legacy cache: expected_signature=d1413668de072b44 actual_signature=0c85b927b43adb1a cache_dir=/gpfs/scratch1/shared/scur0511/probe4physics/artifacts/features/mvp/jepa_v1_vith16_384/train-val-test/0c85b927b43adb1a
[features.mvp] using compatible legacy cache: expected_signature=d1413668de072b44 actual_signature=0c85b927b43adb1a cache_dir=/gpfs/scratch1/shared/scur0511/probe4physics/artifacts/features/mvp/jepa_v1_vith16_384/train-val-test/0c85b927b43adb1a
[features.mvp] using compatible legacy cache: expected_signature=d1413668de072b44 actual_signature=0c85b927b43adb1a cache_dir=/gpfs/scratch1/shared/scur0511/probe4physics/artifacts/features/mvp/jepa_v1_vith16_384/train-val-test/0c85b927b43adb1a
[features.mvp] using compatible legacy cache: expected_signature=d1413668de072b44 actual_signature=0c85b927b43adb1a cache_dir=/gpfs/scratch1/shared/scur0511/probe4physics/artifacts/features/mvp/jepa_v1_vith16_384/train-val-test/0c85b927b43adb1a
[features.mvp] using compatible legacy cache: expected_signature=d1413668de072b44 actual_signature=0c85b927b43adb1a cache_dir=/gpfs/scratch1/shared/scur0511/probe4physics/artifacts/features/mvp/jepa_v1_vith16_384/train-val-test/0c85b927b43adb1a
[features.mvp] using compatible legacy cache: expected_signature=d1413668de072b44 actual_signature=0c85b927b43adb1a cache_dir=/gpfs/scratch1/shared/scur0511/probe4physics/artifacts/features/mvp/jepa_v1_vith16_384/train-val-test/0c85b927b43adb1a
[features.mvp] using compatible legacy cache: expected_signature=d1413668de072b44 actual_signature=0c85b927b43adb1a cache_dir=/gpfs/scratch1/shared/scur0511/probe4physics/artifacts/features/mvp/jepa_v1_vith16_384/train-val-test/0c85b927b43adb1a
[features.mvp] using compatible legacy cache: expected_signature=d1413668de072b44 actual_signature=0c85b927b43adb1a cache_dir=/gpfs/scratch1/shared/scur0511/probe4physics/artifacts/features/mvp/jepa_v1_vith16_384/train-val-test/0c85b927b43adb1a
[features.mvp] using compatible legacy cache: expected_signature=d1413668de072b44 actual_signature=0c85b927b43adb1a cache_dir=/gpfs/scratch1/shared/scur0511/probe4physics/artifacts/features/mvp/jepa_v1_vith16_384/train-val-test/0c85b927b43adb1a
[features.mvp] using compatible legacy cache: expected_signature=d1413668de072b44 actual_signature=0c85b927b43adb1a cache_dir=/gpfs/scratch1/shared/scur0511/probe4physics/artifacts/features/mvp/jepa_v1_vith16_384/train-val-test/0c85b927b43adb1a
[features.mvp] using compatible legacy cache: expected_signature=d1413668de072b44 actual_signature=0c85b927b43adb1a cache_dir=/gpfs/scratch1/shared/scur0511/probe4physics/artifacts/features/mvp/jepa_v1_vith16_384/train-val-test/0c85b927b43adb1a
[features.mvp] using compatible legacy cache: expected_signature=d1413668de072b44 actual_signature=0c85b927b43adb1a cache_dir=/gpfs/scratch1/shared/scur0511/probe4physics/artifacts/features/mvp/jepa_v1_vith16_384/train-val-test/0c85b927b43adb1a
[features.mvp] using compatible legacy cache: expected_signature=d1413668de072b44 actual_signature=0c85b927b43adb1a cache_dir=/gpfs/scratch1/shared/scur0511/probe4physics/artifacts/features/mvp/jepa_v1_vith16_384/train-val-test/0c85b927b43adb1a
[features.mvp] using compatible legacy cache: expected_signature=d1413668de072b44 actual_signature=0c85b927b43adb1a cache_dir=/gpfs/scratch1/shared/scur0511/probe4physics/artifacts/features/mvp/jepa_v1_vith16_384/train-val-test/0c85b927b43adb1a
[features.mvp] using compatible legacy cache: expected_signature=d1413668de072b44 actual_signature=0c85b927b43adb1a cache_dir=/gpfs/scratch1/shared/scur0511/probe4physics/artifacts/features/mvp/jepa_v1_vith16_384/train-val-test/0c85b927b43adb1a
[features.mvp] using compatible legacy cache: expected_signature=d1413668de072b44 actual_signature=0c85b927b43adb1a cache_dir=/gpfs/scratch1/shared/scur0511/probe4physics/artifacts/features/mvp/jepa_v1_vith16_384/train-val-test/0c85b927b43adb1a
[features.mvp] using compatible legacy cache: expected_signature=d1413668de072b44 actual_signature=0c85b927b43adb1a cache_dir=/gpfs/scratch1/shared/scur0511/probe4physics/artifacts/features/mvp/jepa_v1_vith16_384/train-val-test/0c85b927b43adb1a
[features.mvp] using compatible legacy cache: expected_signature=d1413668de072b44 actual_signature=0c85b927b43adb1a cache_dir=/gpfs/scratch1/shared/scur0511/probe4physics/artifacts/features/mvp/jepa_v1_vith16_384/train-val-test/0c85b927b43adb1a
[features.mvp] using compatible legacy cache: expected_signature=d1413668de072b44 actual_signature=0c85b927b43adb1a cache_dir=/gpfs/scratch1/shared/scur0511/probe4physics/artifacts/features/mvp/jepa_v1_vith16_384/train-val-test/0c85b927b43adb1a
[features.mvp] using compatible legacy cache: expected_signature=d1413668de072b44 actual_signature=0c85b927b43adb1a cache_dir=/gpfs/scratch1/shared/scur0511/probe4physics/artifacts/features/mvp/jepa_v1_vith16_384/train-val-test/0c85b927b43adb1a
[features.mvp] using compatible legacy cache: expected_signature=d1413668de072b44 actual_signature=0c85b927b43adb1a cache_dir=/gpfs/scratch1/shared/scur0511/probe4physics/artifacts/features/mvp/jepa_v1_vith16_384/train-val-test/0c85b927b43adb1a
[features.mvp] using compatible legacy cache: expected_signature=d1413668de072b44 actual_signature=0c85b927b43adb1a cache_dir=/gpfs/scratch1/shared/scur0511/probe4physics/artifacts/features/mvp/jepa_v1_vith16_384/train-val-test/0c85b927b43adb1a
[features.mvp] using compatible legacy cache: expected_signature=d1413668de072b44 actual_signature=0c85b927b43adb1a cache_dir=/gpfs/scratch1/shared/scur0511/probe4physics/artifacts/features/mvp/jepa_v1_vith16_384/train-val-test/0c85b927b43adb1a
[features.mvp] using compatible legacy cache: expected_signature=d1413668de072b44 actual_signature=0c85b927b43adb1a cache_dir=/gpfs/scratch1/shared/scur0511/probe4physics/artifacts/features/mvp/jepa_v1_vith16_384/train-val-test/0c85b927b43adb1a
[features.mvp] using compatible legacy cache: expected_signature=d1413668de072b44 actual_signature=0c85b927b43adb1a cache_dir=/gpfs/scratch1/shared/scur0511/probe4physics/artifacts/features/mvp/jepa_v1_vith16_384/train-val-test/0c85b927b43adb1a
[features.mvp] using compatible legacy cache: expected_signature=d1413668de072b44 actual_signature=0c85b927b43adb1a cache_dir=/gpfs/scratch1/shared/scur0511/probe4physics/artifacts/features/mvp/jepa_v1_vith16_384/train-val-test/0c85b927b43adb1a
[features.mvp] using compatible legacy cache: expected_signature=d1413668de072b44 actual_signature=0c85b927b43adb1a cache_dir=/gpfs/scratch1/shared/scur0511/probe4physics/artifacts/features/mvp/jepa_v1_vith16_384/train-val-test/0c85b927b43adb1a
[features.mvp] using compatible legacy cache: expected_signature=d1413668de072b44 actual_signature=0c85b927b43adb1a cache_dir=/gpfs/scratch1/shared/scur0511/probe4physics/artifacts/features/mvp/jepa_v1_vith16_384/train-val-test/0c85b927b43adb1a
[features.mvp] using compatible legacy cache: expected_signature=d1413668de072b44 actual_signature=0c85b927b43adb1a cache_dir=/gpfs/scratch1/shared/scur0511/probe4physics/artifacts/features/mvp/jepa_v1_vith16_384/train-val-test/0c85b927b43adb1a
[features.mvp] using compatible legacy cache: expected_signature=d1413668de072b44 actual_signature=0c85b927b43adb1a cache_dir=/gpfs/scratch1/shared/scur0511/probe4physics/artifacts/features/mvp/jepa_v1_vith16_384/train-val-test/0c85b927b43adb1a
[features.mvp] using compatible legacy cache: expected_signature=d1413668de072b44 actual_signature=0c85b927b43adb1a cache_dir=/gpfs/scratch1/shared/scur0511/probe4physics/artifacts/features/mvp/jepa_v1_vith16_384/train-val-test/0c85b927b43adb1a
[features.mvp] using compatible legacy cache: expected_signature=d1413668de072b44 actual_signature=0c85b927b43adb1a cache_dir=/gpfs/scratch1/shared/scur0511/probe4physics/artifacts/features/mvp/jepa_v1_vith16_384/train-val-test/0c85b927b43adb1a
[features.mvp] using compatible legacy cache: expected_signature=d1413668de072b44 actual_signature=0c85b927b43adb1a cache_dir=/gpfs/scratch1/shared/scur0511/probe4physics/artifacts/features/mvp/jepa_v1_vith16_384/train-val-test/0c85b927b43adb1a
[features.mvp] using compatible legacy cache: expected_signature=d1413668de072b44 actual_signature=0c85b927b43adb1a cache_dir=/gpfs/scratch1/shared/scur0511/probe4physics/artifacts/features/mvp/jepa_v1_vith16_384/train-val-test/0c85b927b43adb1a
[features.mvp] using compatible legacy cache: expected_signature=d1413668de072b44 actual_signature=0c85b927b43adb1a cache_dir=/gpfs/scratch1/shared/scur0511/probe4physics/artifacts/features/mvp/jepa_v1_vith16_384/train-val-test/0c85b927b43adb1a
[features.mvp] using compatible legacy cache: expected_signature=d1413668de072b44 actual_signature=0c85b927b43adb1a cache_dir=/gpfs/scratch1/shared/scur0511/probe4physics/artifacts/features/mvp/jepa_v1_vith16_384/train-val-test/0c85b927b43adb1a
[features.mvp] using compatible legacy cache: expected_signature=d1413668de072b44 actual_signature=0c85b927b43adb1a cache_dir=/gpfs/scratch1/shared/scur0511/probe4physics/artifacts/features/mvp/jepa_v1_vith16_384/train-val-test/0c85b927b43adb1a
[features.mvp] using compatible legacy cache: expected_signature=d1413668de072b44 actual_signature=0c85b927b43adb1a cache_dir=/gpfs/scratch1/shared/scur0511/probe4physics/artifacts/features/mvp/jepa_v1_vith16_384/train-val-test/0c85b927b43adb1a
[features.mvp] using compatible legacy cache: expected_signature=d1413668de072b44 actual_signature=0c85b927b43adb1a cache_dir=/gpfs/scratch1/shared/scur0511/probe4physics/artifacts/features/mvp/jepa_v1_vith16_384/train-val-test/0c85b927b43adb1a
[features.mvp] using compatible legacy cache: expected_signature=d1413668de072b44 actual_signature=0c85b927b43adb1a cache_dir=/gpfs/scratch1/shared/scur0511/probe4physics/artifacts/features/mvp/jepa_v1_vith16_384/train-val-test/0c85b927b43adb1a
[features.mvp] using compatible legacy cache: expected_signature=d1413668de072b44 actual_signature=0c85b927b43adb1a cache_dir=/gpfs/scratch1/shared/scur0511/probe4physics/artifacts/features/mvp/jepa_v1_vith16_384/train-val-test/0c85b927b43adb1a
[features.mvp] using compatible legacy cache: expected_signature=d1413668de072b44 actual_signature=0c85b927b43adb1a cache_dir=/gpfs/scratch1/shared/scur0511/probe4physics/artifacts/features/mvp/jepa_v1_vith16_384/train-val-test/0c85b927b43adb1a
[features.mvp] using compatible legacy cache: expected_signature=d1413668de072b44 actual_signature=0c85b927b43adb1a cache_dir=/gpfs/scratch1/shared/scur0511/probe4physics/artifacts/features/mvp/jepa_v1_vith16_384/train-val-test/0c85b927b43adb1a
[features.mvp] using compatible legacy cache: expected_signature=d1413668de072b44 actual_signature=0c85b927b43adb1a cache_dir=/gpfs/scratch1/shared/scur0511/probe4physics/artifacts/features/mvp/jepa_v1_vith16_384/train-val-test/0c85b927b43adb1a
[features.mvp] using compatible legacy cache: expected_signature=d1413668de072b44 actual_signature=0c85b927b43adb1a cache_dir=/gpfs/scratch1/shared/scur0511/probe4physics/artifacts/features/mvp/jepa_v1_vith16_384/train-val-test/0c85b927b43adb1a
[features.mvp] using compatible legacy cache: expected_signature=d1413668de072b44 actual_signature=0c85b927b43adb1a cache_dir=/gpfs/scratch1/shared/scur0511/probe4physics/artifacts/features/mvp/jepa_v1_vith16_384/train-val-test/0c85b927b43adb1a
[features.mvp] using compatible legacy cache: expected_signature=d1413668de072b44 actual_signature=0c85b927b43adb1a cache_dir=/gpfs/scratch1/shared/scur0511/probe4physics/artifacts/features/mvp/jepa_v1_vith16_384/train-val-test/0c85b927b43adb1a
[features.mvp] using compatible legacy cache: expected_signature=d1413668de072b44 actual_signature=0c85b927b43adb1a cache_dir=/gpfs/scratch1/shared/scur0511/probe4physics/artifacts/features/mvp/jepa_v1_vith16_384/train-val-test/0c85b927b43adb1a
[features.mvp] using compatible legacy cache: expected_signature=d1413668de072b44 actual_signature=0c85b927b43adb1a cache_dir=/gpfs/scratch1/shared/scur0511/probe4physics/artifacts/features/mvp/jepa_v1_vith16_384/train-val-test/0c85b927b43adb1a
[features.mvp] using compatible legacy cache: expected_signature=d1413668de072b44 actual_signature=0c85b927b43adb1a cache_dir=/gpfs/scratch1/shared/scur0511/probe4physics/artifacts/features/mvp/jepa_v1_vith16_384/train-val-test/0c85b927b43adb1a
[features.mvp] using compatible legacy cache: expected_signature=d1413668de072b44 actual_signature=0c85b927b43adb1a cache_dir=/gpfs/scratch1/shared/scur0511/probe4physics/artifacts/features/mvp/jepa_v1_vith16_384/train-val-test/0c85b927b43adb1a
[features.mvp] using compatible legacy cache: expected_signature=d1413668de072b44 actual_signature=0c85b927b43adb1a cache_dir=/gpfs/scratch1/shared/scur0511/probe4physics/artifacts/features/mvp/jepa_v1_vith16_384/train-val-test/0c85b927b43adb1a
[features.mvp] using compatible legacy cache: expected_signature=d1413668de072b44 actual_signature=0c85b927b43adb1a cache_dir=/gpfs/scratch1/shared/scur0511/probe4physics/artifacts/features/mvp/jepa_v1_vith16_384/train-val-test/0c85b927b43adb1a
[features.mvp] using compatible legacy cache: expected_signature=d1413668de072b44 actual_signature=0c85b927b43adb1a cache_dir=/gpfs/scratch1/shared/scur0511/probe4physics/artifacts/features/mvp/jepa_v1_vith16_384/train-val-test/0c85b927b43adb1a
[features.mvp] using compatible legacy cache: expected_signature=d1413668de072b44 actual_signature=0c85b927b43adb1a cache_dir=/gpfs/scratch1/shared/scur0511/probe4physics/artifacts/features/mvp/jepa_v1_vith16_384/train-val-test/0c85b927b43adb1a
[features.mvp] using compatible legacy cache: expected_signature=d1413668de072b44 actual_signature=0c85b927b43adb1a cache_dir=/gpfs/scratch1/shared/scur0511/probe4physics/artifacts/features/mvp/jepa_v1_vith16_384/train-val-test/0c85b927b43adb1a
[features.mvp] using compatible legacy cache: expected_signature=d1413668de072b44 actual_signature=0c85b927b43adb1a cache_dir=/gpfs/scratch1/shared/scur0511/probe4physics/artifacts/features/mvp/jepa_v1_vith16_384/train-val-test/0c85b927b43adb1a
[features.mvp] using compatible legacy cache: expected_signature=d1413668de072b44 actual_signature=0c85b927b43adb1a cache_dir=/gpfs/scratch1/shared/scur0511/probe4physics/artifacts/features/mvp/jepa_v1_vith16_384/train-val-test/0c85b927b43adb1a
[features.mvp] using compatible legacy cache: expected_signature=d1413668de072b44 actual_signature=0c85b927b43adb1a cache_dir=/gpfs/scratch1/shared/scur0511/probe4physics/artifacts/features/mvp/jepa_v1_vith16_384/train-val-test/0c85b927b43adb1a
[features.mvp] using compatible legacy cache: expected_signature=d1413668de072b44 actual_signature=0c85b927b43adb1a cache_dir=/gpfs/scratch1/shared/scur0511/probe4physics/artifacts/features/mvp/jepa_v1_vith16_384/train-val-test/0c85b927b43adb1a
[features.mvp] using compatible legacy cache: expected_signature=d1413668de072b44 actual_signature=0c85b927b43adb1a cache_dir=/gpfs/scratch1/shared/scur0511/probe4physics/artifacts/features/mvp/jepa_v1_vith16_384/train-val-test/0c85b927b43adb1a
[features.mvp] using compatible legacy cache: expected_signature=d1413668de072b44 actual_signature=0c85b927b43adb1a cache_dir=/gpfs/scratch1/shared/scur0511/probe4physics/artifacts/features/mvp/jepa_v1_vith16_384/train-val-test/0c85b927b43adb1a
[features.mvp] using compatible legacy cache: expected_signature=d1413668de072b44 actual_signature=0c85b927b43adb1a cache_dir=/gpfs/scratch1/shared/scur0511/probe4physics/artifacts/features/mvp/jepa_v1_vith16_384/train-val-test/0c85b927b43adb1a
[features.mvp] using compatible legacy cache: expected_signature=d1413668de072b44 actual_signature=0c85b927b43adb1a cache_dir=/gpfs/scratch1/shared/scur0511/probe4physics/artifacts/features/mvp/jepa_v1_vith16_384/train-val-test/0c85b927b43adb1a
[features.mvp] using compatible legacy cache: expected_signature=d1413668de072b44 actual_signature=0c85b927b43adb1a cache_dir=/gpfs/scratch1/shared/scur0511/probe4physics/artifacts/features/mvp/jepa_v1_vith16_384/train-val-test/0c85b927b43adb1a
[features.mvp] using compatible legacy cache: expected_signature=d1413668de072b44 actual_signature=0c85b927b43adb1a cache_dir=/gpfs/scratch1/shared/scur0511/probe4physics/artifacts/features/mvp/jepa_v1_vith16_384/train-val-test/0c85b927b43adb1a
[features.mvp] using compatible legacy cache: expected_signature=d1413668de072b44 actual_signature=0c85b927b43adb1a cache_dir=/gpfs/scratch1/shared/scur0511/probe4physics/artifacts/features/mvp/jepa_v1_vith16_384/train-val-test/0c85b927b43adb1a
[features.mvp] using compatible legacy cache: expected_signature=d1413668de072b44 actual_signature=0c85b927b43adb1a cache_dir=/gpfs/scratch1/shared/scur0511/probe4physics/artifacts/features/mvp/jepa_v1_vith16_384/train-val-test/0c85b927b43adb1a
[features.mvp] using compatible legacy cache: expected_signature=d1413668de072b44 actual_signature=0c85b927b43adb1a cache_dir=/gpfs/scratch1/shared/scur0511/probe4physics/artifacts/features/mvp/jepa_v1_vith16_384/train-val-test/0c85b927b43adb1a
[features.mvp] using compatible legacy cache: expected_signature=d1413668de072b44 actual_signature=0c85b927b43adb1a cache_dir=/gpfs/scratch1/shared/scur0511/probe4physics/artifacts/features/mvp/jepa_v1_vith16_384/train-val-test/0c85b927b43adb1a
[features.mvp] using compatible legacy cache: expected_signature=d1413668de072b44 actual_signature=0c85b927b43adb1a cache_dir=/gpfs/scratch1/shared/scur0511/probe4physics/artifacts/features/mvp/jepa_v1_vith16_384/train-val-test/0c85b927b43adb1a
[features.mvp] using compatible legacy cache: expected_signature=d1413668de072b44 actual_signature=0c85b927b43adb1a cache_dir=/gpfs/scratch1/shared/scur0511/probe4physics/artifacts/features/mvp/jepa_v1_vith16_384/train-val-test/0c85b927b43adb1a
[features.mvp] using compatible legacy cache: expected_signature=d1413668de072b44 actual_signature=0c85b927b43adb1a cache_dir=/gpfs/scratch1/shared/scur0511/probe4physics/artifacts/features/mvp/jepa_v1_vith16_384/train-val-test/0c85b927b43adb1a
[features.mvp] using compatible legacy cache: expected_signature=d1413668de072b44 actual_signature=0c85b927b43adb1a cache_dir=/gpfs/scratch1/shared/scur0511/probe4physics/artifacts/features/mvp/jepa_v1_vith16_384/train-val-test/0c85b927b43adb1a
[features.mvp] using compatible legacy cache: expected_signature=d1413668de072b44 actual_signature=0c85b927b43adb1a cache_dir=/gpfs/scratch1/shared/scur0511/probe4physics/artifacts/features/mvp/jepa_v1_vith16_384/train-val-test/0c85b927b43adb1a
[features.mvp] using compatible legacy cache: expected_signature=d1413668de072b44 actual_signature=0c85b927b43adb1a cache_dir=/gpfs/scratch1/shared/scur0511/probe4physics/artifacts/features/mvp/jepa_v1_vith16_384/train-val-test/0c85b927b43adb1a
[features.mvp] using compatible legacy cache: expected_signature=d1413668de072b44 actual_signature=0c85b927b43adb1a cache_dir=/gpfs/scratch1/shared/scur0511/probe4physics/artifacts/features/mvp/jepa_v1_vith16_384/train-val-test/0c85b927b43adb1a
[features.mvp] using compatible legacy cache: expected_signature=d1413668de072b44 actual_signature=0c85b927b43adb1a cache_dir=/gpfs/scratch1/shared/scur0511/probe4physics/artifacts/features/mvp/jepa_v1_vith16_384/train-val-test/0c85b927b43adb1a
[features.mvp] using compatible legacy cache: expected_signature=d1413668de072b44 actual_signature=0c85b927b43adb1a cache_dir=/gpfs/scratch1/shared/scur0511/probe4physics/artifacts/features/mvp/jepa_v1_vith16_384/train-val-test/0c85b927b43adb1a
[features.mvp] using compatible legacy cache: expected_signature=d1413668de072b44 actual_signature=0c85b927b43adb1a cache_dir=/gpfs/scratch1/shared/scur0511/probe4physics/artifacts/features/mvp/jepa_v1_vith16_384/train-val-test/0c85b927b43adb1a
[features.mvp] using compatible legacy cache: expected_signature=d1413668de072b44 actual_signature=0c85b927b43adb1a cache_dir=/gpfs/scratch1/shared/scur0511/probe4physics/artifacts/features/mvp/jepa_v1_vith16_384/train-val-test/0c85b927b43adb1a
[features.mvp] using compatible legacy cache: expected_signature=d1413668de072b44 actual_signature=0c85b927b43adb1a cache_dir=/gpfs/scratch1/shared/scur0511/probe4physics/artifacts/features/mvp/jepa_v1_vith16_384/train-val-test/0c85b927b43adb1a
[features.mvp] using compatible legacy cache: expected_signature=d1413668de072b44 actual_signature=0c85b927b43adb1a cache_dir=/gpfs/scratch1/shared/scur0511/probe4physics/artifacts/features/mvp/jepa_v1_vith16_384/train-val-test/0c85b927b43adb1a
[features.mvp] using compatible legacy cache: expected_signature=d1413668de072b44 actual_signature=0c85b927b43adb1a cache_dir=/gpfs/scratch1/shared/scur0511/probe4physics/artifacts/features/mvp/jepa_v1_vith16_384/train-val-test/0c85b927b43adb1a
[features.mvp] using compatible legacy cache: expected_signature=d1413668de072b44 actual_signature=0c85b927b43adb1a cache_dir=/gpfs/scratch1/shared/scur0511/probe4physics/artifacts/features/mvp/jepa_v1_vith16_384/train-val-test/0c85b927b43adb1a
[features.mvp] using compatible legacy cache: expected_signature=d1413668de072b44 actual_signature=0c85b927b43adb1a cache_dir=/gpfs/scratch1/shared/scur0511/probe4physics/artifacts/features/mvp/jepa_v1_vith16_384/train-val-test/0c85b927b43adb1a
[features.mvp] using compatible legacy cache: expected_signature=d1413668de072b44 actual_signature=0c85b927b43adb1a cache_dir=/gpfs/scratch1/shared/scur0511/probe4physics/artifacts/features/mvp/jepa_v1_vith16_384/train-val-test/0c85b927b43adb1a
[features.mvp] using compatible legacy cache: expected_signature=d1413668de072b44 actual_signature=0c85b927b43adb1a cache_dir=/gpfs/scratch1/shared/scur0511/probe4physics/artifacts/features/mvp/jepa_v1_vith16_384/train-val-test/0c85b927b43adb1a
[features.mvp] using compatible legacy cache: expected_signature=d1413668de072b44 actual_signature=0c85b927b43adb1a cache_dir=/gpfs/scratch1/shared/scur0511/probe4physics/artifacts/features/mvp/jepa_v1_vith16_384/train-val-test/0c85b927b43adb1a
[features.mvp] using compatible legacy cache: expected_signature=d1413668de072b44 actual_signature=0c85b927b43adb1a cache_dir=/gpfs/scratch1/shared/scur0511/probe4physics/artifacts/features/mvp/jepa_v1_vith16_384/train-val-test/0c85b927b43adb1a
[features.mvp] using compatible legacy cache: expected_signature=d1413668de072b44 actual_signature=0c85b927b43adb1a cache_dir=/gpfs/scratch1/shared/scur0511/probe4physics/artifacts/features/mvp/jepa_v1_vith16_384/train-val-test/0c85b927b43adb1a
[features.mvp] using compatible legacy cache: expected_signature=d1413668de072b44 actual_signature=0c85b927b43adb1a cache_dir=/gpfs/scratch1/shared/scur0511/probe4physics/artifacts/features/mvp/jepa_v1_vith16_384/train-val-test/0c85b927b43adb1a
[features.mvp] using compatible legacy cache: expected_signature=d1413668de072b44 actual_signature=0c85b927b43adb1a cache_dir=/gpfs/scratch1/shared/scur0511/probe4physics/artifacts/features/mvp/jepa_v1_vith16_384/train-val-test/0c85b927b43adb1a
[features.mvp] using compatible legacy cache: expected_signature=d1413668de072b44 actual_signature=0c85b927b43adb1a cache_dir=/gpfs/scratch1/shared/scur0511/probe4physics/artifacts/features/mvp/jepa_v1_vith16_384/train-val-test/0c85b927b43adb1a
[features.mvp] using compatible legacy cache: expected_signature=d1413668de072b44 actual_signature=0c85b927b43adb1a cache_dir=/gpfs/scratch1/shared/scur0511/probe4physics/artifacts/features/mvp/jepa_v1_vith16_384/train-val-test/0c85b927b43adb1a
[features.mvp] using compatible legacy cache: expected_signature=d1413668de072b44 actual_signature=0c85b927b43adb1a cache_dir=/gpfs/scratch1/shared/scur0511/probe4physics/artifacts/features/mvp/jepa_v1_vith16_384/train-val-test/0c85b927b43adb1a
[features.mvp] using compatible legacy cache: expected_signature=d1413668de072b44 actual_signature=0c85b927b43adb1a cache_dir=/gpfs/scratch1/shared/scur0511/probe4physics/artifacts/features/mvp/jepa_v1_vith16_384/train-val-test/0c85b927b43adb1a
[features.mvp] using compatible legacy cache: expected_signature=d1413668de072b44 actual_signature=0c85b927b43adb1a cache_dir=/gpfs/scratch1/shared/scur0511/probe4physics/artifacts/features/mvp/jepa_v1_vith16_384/train-val-test/0c85b927b43adb1a
[features.mvp] using compatible legacy cache: expected_signature=d1413668de072b44 actual_signature=0c85b927b43adb1a cache_dir=/gpfs/scratch1/shared/scur0511/probe4physics/artifacts/features/mvp/jepa_v1_vith16_384/train-val-test/0c85b927b43adb1a
[features.mvp] using compatible legacy cache: expected_signature=d1413668de072b44 actual_signature=0c85b927b43adb1a cache_dir=/gpfs/scratch1/shared/scur0511/probe4physics/artifacts/features/mvp/jepa_v1_vith16_384/train-val-test/0c85b927b43adb1a
[features.mvp] using compatible legacy cache: expected_signature=d1413668de072b44 actual_signature=0c85b927b43adb1a cache_dir=/gpfs/scratch1/shared/scur0511/probe4physics/artifacts/features/mvp/jepa_v1_vith16_384/train-val-test/0c85b927b43adb1a
[features.mvp] using compatible legacy cache: expected_signature=d1413668de072b44 actual_signature=0c85b927b43adb1a cache_dir=/gpfs/scratch1/shared/scur0511/probe4physics/artifacts/features/mvp/jepa_v1_vith16_384/train-val-test/0c85b927b43adb1a
[features.mvp] using compatible legacy cache: expected_signature=d1413668de072b44 actual_signature=0c85b927b43adb1a cache_dir=/gpfs/scratch1/shared/scur0511/probe4physics/artifacts/features/mvp/jepa_v1_vith16_384/train-val-test/0c85b927b43adb1a
[features.mvp] using compatible legacy cache: expected_signature=d1413668de072b44 actual_signature=0c85b927b43adb1a cache_dir=/gpfs/scratch1/shared/scur0511/probe4physics/artifacts/features/mvp/jepa_v1_vith16_384/train-val-test/0c85b927b43adb1a
[features.mvp] using compatible legacy cache: expected_signature=d1413668de072b44 actual_signature=0c85b927b43adb1a cache_dir=/gpfs/scratch1/shared/scur0511/probe4physics/artifacts/features/mvp/jepa_v1_vith16_384/train-val-test/0c85b927b43adb1a
[features.mvp] using compatible legacy cache: expected_signature=d1413668de072b44 actual_signature=0c85b927b43adb1a cache_dir=/gpfs/scratch1/shared/scur0511/probe4physics/artifacts/features/mvp/jepa_v1_vith16_384/train-val-test/0c85b927b43adb1a
[features.mvp] using compatible legacy cache: expected_signature=d1413668de072b44 actual_signature=0c85b927b43adb1a cache_dir=/gpfs/scratch1/shared/scur0511/probe4physics/artifacts/features/mvp/jepa_v1_vith16_384/train-val-test/0c85b927b43adb1a
[features.mvp] using compatible legacy cache: expected_signature=d1413668de072b44 actual_signature=0c85b927b43adb1a cache_dir=/gpfs/scratch1/shared/scur0511/probe4physics/artifacts/features/mvp/jepa_v1_vith16_384/train-val-test/0c85b927b43adb1a
[features.mvp] using compatible legacy cache: expected_signature=d1413668de072b44 actual_signature=0c85b927b43adb1a cache_dir=/gpfs/scratch1/shared/scur0511/probe4physics/artifacts/features/mvp/jepa_v1_vith16_384/train-val-test/0c85b927b43adb1a
[features.mvp] using compatible legacy cache: expected_signature=d1413668de072b44 actual_signature=0c85b927b43adb1a cache_dir=/gpfs/scratch1/shared/scur0511/probe4physics/artifacts/features/mvp/jepa_v1_vith16_384/train-val-test/0c85b927b43adb1a
[features.mvp] using compatible legacy cache: expected_signature=d1413668de072b44 actual_signature=0c85b927b43adb1a cache_dir=/gpfs/scratch1/shared/scur0511/probe4physics/artifacts/features/mvp/jepa_v1_vith16_384/train-val-test/0c85b927b43adb1a
[features.mvp] using compatible legacy cache: expected_signature=d1413668de072b44 actual_signature=0c85b927b43adb1a cache_dir=/gpfs/scratch1/shared/scur0511/probe4physics/artifacts/features/mvp/jepa_v1_vith16_384/train-val-test/0c85b927b43adb1a
[features.mvp] using compatible legacy cache: expected_signature=d1413668de072b44 actual_signature=0c85b927b43adb1a cache_dir=/gpfs/scratch1/shared/scur0511/probe4physics/artifacts/features/mvp/jepa_v1_vith16_384/train-val-test/0c85b927b43adb1a
[features.mvp] using compatible legacy cache: expected_signature=d1413668de072b44 actual_signature=0c85b927b43adb1a cache_dir=/gpfs/scratch1/shared/scur0511/probe4physics/artifacts/features/mvp/jepa_v1_vith16_384/train-val-test/0c85b927b43adb1a
[features.mvp] using compatible legacy cache: expected_signature=d1413668de072b44 actual_signature=0c85b927b43adb1a cache_dir=/gpfs/scratch1/shared/scur0511/probe4physics/artifacts/features/mvp/jepa_v1_vith16_384/train-val-test/0c85b927b43adb1a
[features.mvp] using compatible legacy cache: expected_signature=d1413668de072b44 actual_signature=0c85b927b43adb1a cache_dir=/gpfs/scratch1/shared/scur0511/probe4physics/artifacts/features/mvp/jepa_v1_vith16_384/train-val-test/0c85b927b43adb1a
[features.mvp] using compatible legacy cache: expected_signature=d1413668de072b44 actual_signature=0c85b927b43adb1a cache_dir=/gpfs/scratch1/shared/scur0511/probe4physics/artifacts/features/mvp/jepa_v1_vith16_384/train-val-test/0c85b927b43adb1a
[features.mvp] using compatible legacy cache: expected_signature=d1413668de072b44 actual_signature=0c85b927b43adb1a cache_dir=/gpfs/scratch1/shared/scur0511/probe4physics/artifacts/features/mvp/jepa_v1_vith16_384/train-val-test/0c85b927b43adb1a
[features.mvp] using compatible legacy cache: expected_signature=d1413668de072b44 actual_signature=0c85b927b43adb1a cache_dir=/gpfs/scratch1/shared/scur0511/probe4physics/artifacts/features/mvp/jepa_v1_vith16_384/train-val-test/0c85b927b43adb1a
[features.mvp] using compatible legacy cache: expected_signature=d1413668de072b44 actual_signature=0c85b927b43adb1a cache_dir=/gpfs/scratch1/shared/scur0511/probe4physics/artifacts/features/mvp/jepa_v1_vith16_384/train-val-test/0c85b927b43adb1a
[features.mvp] using compatible legacy cache: expected_signature=d1413668de072b44 actual_signature=0c85b927b43adb1a cache_dir=/gpfs/scratch1/shared/scur0511/probe4physics/artifacts/features/mvp/jepa_v1_vith16_384/train-val-test/0c85b927b43adb1a
[features.mvp] using compatible legacy cache: expected_signature=d1413668de072b44 actual_signature=0c85b927b43adb1a cache_dir=/gpfs/scratch1/shared/scur0511/probe4physics/artifacts/features/mvp/jepa_v1_vith16_384/train-val-test/0c85b927b43adb1a
[features.mvp] using compatible legacy cache: expected_signature=d1413668de072b44 actual_signature=0c85b927b43adb1a cache_dir=/gpfs/scratch1/shared/scur0511/probe4physics/artifacts/features/mvp/jepa_v1_vith16_384/train-val-test/0c85b927b43adb1a
[features.mvp] using compatible legacy cache: expected_signature=d1413668de072b44 actual_signature=0c85b927b43adb1a cache_dir=/gpfs/scratch1/shared/scur0511/probe4physics/artifacts/features/mvp/jepa_v1_vith16_384/train-val-test/0c85b927b43adb1a
[features.mvp] using compatible legacy cache: expected_signature=d1413668de072b44 actual_signature=0c85b927b43adb1a cache_dir=/gpfs/scratch1/shared/scur0511/probe4physics/artifacts/features/mvp/jepa_v1_vith16_384/train-val-test/0c85b927b43adb1a
[features.mvp] using compatible legacy cache: expected_signature=d1413668de072b44 actual_signature=0c85b927b43adb1a cache_dir=/gpfs/scratch1/shared/scur0511/probe4physics/artifacts/features/mvp/jepa_v1_vith16_384/train-val-test/0c85b927b43adb1a
[features.mvp] using compatible legacy cache: expected_signature=d1413668de072b44 actual_signature=0c85b927b43adb1a cache_dir=/gpfs/scratch1/shared/scur0511/probe4physics/artifacts/features/mvp/jepa_v1_vith16_384/train-val-test/0c85b927b43adb1a
[features.mvp] using compatible legacy cache: expected_signature=d1413668de072b44 actual_signature=0c85b927b43adb1a cache_dir=/gpfs/scratch1/shared/scur0511/probe4physics/artifacts/features/mvp/jepa_v1_vith16_384/train-val-test/0c85b927b43adb1a
[features.mvp] using compatible legacy cache: expected_signature=d1413668de072b44 actual_signature=0c85b927b43adb1a cache_dir=/gpfs/scratch1/shared/scur0511/probe4physics/artifacts/features/mvp/jepa_v1_vith16_384/train-val-test/0c85b927b43adb1a
{
  "best_layer": null,
  "best_layer_label": null,
  "best_objective_metric": null,
  "dataset": "mvp",
  "feature_view": "pooled",
  "layers": [
    {
      "checkpoint": "artifacts/probes/mvp_probe_linear_jepa_v1_vith16_384_20260505T132758Z/layer_8/train/trial_0012/probe_best.pt",
      "eval": {
        "base_eval": {
          "metrics": {
            "accuracy": 64.1051567239636,
            "n_pairs": 989,
            "n_samples": 1978,
            "pair_consistency": 36.602628918099086
          },
          "output_dir": "artifacts/probes/mvp_probe_linear_jepa_v1_vith16_384_20260505T132758Z/layer_8/eval/test",
          "split_dir": "data/splits/mvp/full_60_20_20"
        },
        "checkpoint": "artifacts/probes/mvp_probe_linear_jepa_v1_vith16_384_20260505T132758Z/layer_8/train/trial_0012/probe_best.pt",
        "dataset": "mvp",
        "feature_signature": "0c85b927b43adb1a",
        "metrics": {
          "accuracy": 64.1051567239636,
          "n_pairs": 989,
          "n_samples": 1978,
          "pair_consistency": 36.602628918099086
        },
        "metrics_by_split": {
          "test": {
            "accuracy": 64.1051567239636,
            "n_pairs": 989,
            "n_samples": 1978,
            "pair_consistency": 36.602628918099086
          },
          "train": {
            "accuracy": 66.74536256323778,
            "n_pairs": 2965,
            "n_samples": 5930,
            "pair_consistency": 39.76391231028668
          },
          "val": {
            "accuracy": 63.70070778564207,
            "n_pairs": 989,
            "n_samples": 1978,
            "pair_consistency": 35.38928210313448
          }
        },
        "objective_metric": 36.602628918099086,
        "prediction_file": "artifacts/probes/mvp_probe_linear_jepa_v1_vith16_384_20260505T132758Z/layer_8/eval/test/probe_predictions.json",
        "prediction_files": {
          "test": "artifacts/probes/mvp_probe_linear_jepa_v1_vith16_384_20260505T132758Z/layer_8/eval/test/probe_predictions.json",
          "train": "artifacts/probes/mvp_probe_linear_jepa_v1_vith16_384_20260505T132758Z/layer_8/eval/train/probe_predictions.json",
          "val": "artifacts/probes/mvp_probe_linear_jepa_v1_vith16_384_20260505T132758Z/layer_8/eval/val/probe_predictions.json"
        },
        "probe_eval_dir": "artifacts/probes/mvp_probe_linear_jepa_v1_vith16_384_20260505T132758Z/layer_8/eval",
        "probe_name": "linear",
        "reported_splits": [
          "train",
          "val",
          "test"
        ],
        "split_eval_dirs": {
          "test": "artifacts/probes/mvp_probe_linear_jepa_v1_vith16_384_20260505T132758Z/layer_8/eval/test",
          "train": "artifacts/probes/mvp_probe_linear_jepa_v1_vith16_384_20260505T132758Z/layer_8/eval/train",
          "val": "artifacts/probes/mvp_probe_linear_jepa_v1_vith16_384_20260505T132758Z/layer_8/eval/val"
        },
        "split_evals": {
          "test": {
            "base_eval": {
              "metrics": {
                "accuracy": 64.1051567239636,
                "n_pairs": 989,
                "n_samples": 1978,
                "pair_consistency": 36.602628918099086
              },
              "output_dir": "artifacts/probes/mvp_probe_linear_jepa_v1_vith16_384_20260505T132758Z/layer_8/eval/test",
              "split_dir": "data/splits/mvp/full_60_20_20"
            },
            "checkpoint": "artifacts/probes/mvp_probe_linear_jepa_v1_vith16_384_20260505T132758Z/layer_8/train/trial_0012/probe_best.pt",
            "dataset": "mvp",
            "feature_signature": "0c85b927b43adb1a",
            "metrics": {
              "accuracy": 64.1051567239636,
              "n_pairs": 989,
              "n_samples": 1978,
              "pair_consistency": 36.602628918099086
            },
            "objective_metric": 36.602628918099086,
            "prediction_file": "artifacts/probes/mvp_probe_linear_jepa_v1_vith16_384_20260505T132758Z/layer_8/eval/test/probe_predictions.json",
            "probe_eval_dir": "artifacts/probes/mvp_probe_linear_jepa_v1_vith16_384_20260505T132758Z/layer_8/eval/test",
            "probe_name": "linear",
            "split_name": "test"
          },
          "train": {
            "base_eval": {
              "metrics": {
                "accuracy": 66.74536256323778,
                "n_pairs": 2965,
                "n_samples": 5930,
                "pair_consistency": 39.76391231028668
              },
              "output_dir": "artifacts/probes/mvp_probe_linear_jepa_v1_vith16_384_20260505T132758Z/layer_8/eval/train",
              "split_dir": "data/splits/mvp/full_60_20_20"
            },
            "checkpoint": "artifacts/probes/mvp_probe_linear_jepa_v1_vith16_384_20260505T132758Z/layer_8/train/trial_0012/probe_best.pt",
            "dataset": "mvp",
            "feature_signature": "0c85b927b43adb1a",
            "metrics": {
              "accuracy": 66.74536256323778,
              "n_pairs": 2965,
              "n_samples": 5930,
              "pair_consistency": 39.76391231028668
            },
            "objective_metric": 39.76391231028668,
            "prediction_file": "artifacts/probes/mvp_probe_linear_jepa_v1_vith16_384_20260505T132758Z/layer_8/eval/train/probe_predictions.json",
            "probe_eval_dir": "artifacts/probes/mvp_probe_linear_jepa_v1_vith16_384_20260505T132758Z/layer_8/eval/train",
            "probe_name": "linear",
            "split_name": "train"
          },
          "val": {
            "base_eval": {
              "metrics": {
                "accuracy": 63.70070778564207,
                "n_pairs": 989,
                "n_samples": 1978,
                "pair_consistency": 35.38928210313448
              },
              "output_dir": "artifacts/probes/mvp_probe_linear_jepa_v1_vith16_384_20260505T132758Z/layer_8/eval/val",
              "split_dir": "data/splits/mvp/full_60_20_20"
            },
            "checkpoint": "artifacts/probes/mvp_probe_linear_jepa_v1_vith16_384_20260505T132758Z/layer_8/train/trial_0012/probe_best.pt",
            "dataset": "mvp",
            "feature_signature": "0c85b927b43adb1a",
            "metrics": {
              "accuracy": 63.70070778564207,
              "n_pairs": 989,
              "n_samples": 1978,
              "pair_consistency": 35.38928210313448
            },
            "objective_metric": 35.38928210313448,
            "prediction_file": "artifacts/probes/mvp_probe_linear_jepa_v1_vith16_384_20260505T132758Z/layer_8/eval/val/probe_predictions.json",
            "probe_eval_dir": "artifacts/probes/mvp_probe_linear_jepa_v1_vith16_384_20260505T132758Z/layer_8/eval/val",
            "probe_name": "linear",
            "split_name": "val"
          }
        },
        "split_name": "test"
      },
      "layer": 8,
      "layer_label": "8",
      "objective_metric": 36.602628918099086,
      "train": {
        "best_checkpoint": "artifacts/probes/mvp_probe_linear_jepa_v1_vith16_384_20260505T132758Z/layer_8/train/trial_0012/probe_best.pt",
        "best_eval_output_dir": "artifacts/probes/mvp_probe_linear_jepa_v1_vith16_384_20260505T132758Z/layer_8/train/trial_0012/val_eval",
        "best_output_dir": "artifacts/probes/mvp_probe_linear_jepa_v1_vith16_384_20260505T132758Z/layer_8/train/trial_0012",
        "best_params": {
          "batch_size": 64,
          "epochs": 100,
          "lr": 0.007180892821067769,
          "weight_decay": 1.051368030362245e-08
        },
        "best_trial_number": 12,
        "best_value": 35.38928210313448,
        "checkpoint": "artifacts/probes/mvp_probe_linear_jepa_v1_vith16_384_20260505T132758Z/layer_8/train/trial_0012/probe_best.pt",
        "dataset": "mvp",
        "direction": "maximize",
        "layer": 8,
        "n_trials": 20,
        "objective_metric": "pair_consistency",
        "output_dir": "artifacts/probes/mvp_probe_linear_jepa_v1_vith16_384_20260505T132758Z/layer_8/train",
        "probe_name": "linear",
        "storage": "sqlite:////gpfs/home3/scur0511/Probe4Physics/artifacts/probes/mvp_probe_linear_jepa_v1_vith16_384_20260505T132758Z/layer_8/train/optuna_study.sqlite3",
        "study_name": "mvp_linear_jepa_v1_vith16_384_layer_8",
        "trials": [
          {
            "checkpoint": "artifacts/probes/mvp_probe_linear_jepa_v1_vith16_384_20260505T132758Z/layer_8/train/trial_0000/probe_best.pt",
            "eval_output_dir": "artifacts/probes/mvp_probe_linear_jepa_v1_vith16_384_20260505T132758Z/layer_8/train/trial_0000/val_eval",
            "output_dir": "artifacts/probes/mvp_probe_linear_jepa_v1_vith16_384_20260505T132758Z/layer_8/train/trial_0000",
            "params": {
              "batch_size": 32,
              "epochs": 50,
              "lr": 0.0001329291894316216,
              "weight_decay": 0.005061576888752304
            },
            "trial_number": 0,
            "value": 26.895854398382202
          },
          {
            "checkpoint": "artifacts/probes/mvp_probe_linear_jepa_v1_vith16_384_20260505T132758Z/layer_8/train/trial_0001/probe_best.pt",
            "eval_output_dir": "artifacts/probes/mvp_probe_linear_jepa_v1_vith16_384_20260505T132758Z/layer_8/train/trial_0001/val_eval",
            "output_dir": "artifacts/probes/mvp_probe_linear_jepa_v1_vith16_384_20260505T132758Z/layer_8/train/trial_0001",
            "params": {
              "batch_size": 32,
              "epochs": 100,
              "lr": 0.001331121608073689,
              "weight_decay": 1.328944872286916e-08
            },
            "trial_number": 1,
            "value": 34.78260869565217
          },
          {
            "checkpoint": "artifacts/probes/mvp_probe_linear_jepa_v1_vith16_384_20260505T132758Z/layer_8/train/trial_0002/probe_best.pt",
            "eval_output_dir": "artifacts/probes/mvp_probe_linear_jepa_v1_vith16_384_20260505T132758Z/layer_8/train/trial_0002/val_eval",
            "output_dir": "artifacts/probes/mvp_probe_linear_jepa_v1_vith16_384_20260505T132758Z/layer_8/train/trial_0002",
            "params": {
              "batch_size": 32,
              "epochs": 50,
              "lr": 0.00019762189340280086,
              "weight_decay": 5.589524205217922e-07
            },
            "trial_number": 2,
            "value": 28.2103134479272
          },
          {
            "checkpoint": "artifacts/probes/mvp_probe_linear_jepa_v1_vith16_384_20260505T132758Z/layer_8/train/trial_0003/probe_best.pt",
            "eval_output_dir": "artifacts/probes/mvp_probe_linear_jepa_v1_vith16_384_20260505T132758Z/layer_8/train/trial_0003/val_eval",
            "output_dir": "artifacts/probes/mvp_probe_linear_jepa_v1_vith16_384_20260505T132758Z/layer_8/train/trial_0003",
            "params": {
              "batch_size": 64,
              "epochs": 50,
              "lr": 0.0003489018845491386,
              "weight_decay": 3.5849855803404713e-05
            },
            "trial_number": 3,
            "value": 26.895854398382202
          },
          {
            "checkpoint": "artifacts/probes/mvp_probe_linear_jepa_v1_vith16_384_20260505T132758Z/layer_8/train/trial_0004/probe_best.pt",
            "eval_output_dir": "artifacts/probes/mvp_probe_linear_jepa_v1_vith16_384_20260505T132758Z/layer_8/train/trial_0004/val_eval",
            "output_dir": "artifacts/probes/mvp_probe_linear_jepa_v1_vith16_384_20260505T132758Z/layer_8/train/trial_0004",
            "params": {
              "batch_size": 32,
              "epochs": 50,
              "lr": 8.200518402245828e-05,
              "weight_decay": 3.855073690026179e-08
            },
            "trial_number": 4,
            "value": 23.761375126390295
          },
          {
            "checkpoint": "artifacts/probes/mvp_probe_linear_jepa_v1_vith16_384_20260505T132758Z/layer_8/train/trial_0005/probe_best.pt",
            "eval_output_dir": "artifacts/probes/mvp_probe_linear_jepa_v1_vith16_384_20260505T132758Z/layer_8/train/trial_0005/val_eval",
            "output_dir": "artifacts/probes/mvp_probe_linear_jepa_v1_vith16_384_20260505T132758Z/layer_8/train/trial_0005",
            "params": {
              "batch_size": 256,
              "epochs": 50,
              "lr": 0.0009717775305059633,
              "weight_decay": 7.417652034871823e-07
            },
            "trial_number": 5,
            "value": 26.49140546006067
          },
          {
            "checkpoint": "artifacts/probes/mvp_probe_linear_jepa_v1_vith16_384_20260505T132758Z/layer_8/train/trial_0007/probe_best.pt",
            "eval_output_dir": "artifacts/probes/mvp_probe_linear_jepa_v1_vith16_384_20260505T132758Z/layer_8/train/trial_0007/val_eval",
            "output_dir": "artifacts/probes/mvp_probe_linear_jepa_v1_vith16_384_20260505T132758Z/layer_8/train/trial_0007",
            "params": {
              "batch_size": 128,
              "epochs": 20,
              "lr": 0.00011756010900231849,
              "weight_decay": 4.848496183873288e-07
            },
            "trial_number": 7,
            "value": 16.98685540950455
          },
          {
            "checkpoint": "artifacts/probes/mvp_probe_linear_jepa_v1_vith16_384_20260505T132758Z/layer_8/train/trial_0009/probe_best.pt",
            "eval_output_dir": "artifacts/probes/mvp_probe_linear_jepa_v1_vith16_384_20260505T132758Z/layer_8/train/trial_0009/val_eval",
            "output_dir": "artifacts/probes/mvp_probe_linear_jepa_v1_vith16_384_20260505T132758Z/layer_8/train/trial_0009",
            "params": {
              "batch_size": 256,
              "epochs": 50,
              "lr": 0.0007411299781083245,
              "weight_decay": 9.669146694016007e-07
            },
            "trial_number": 9,
            "value": 25.985844287158745
          },
          {
            "checkpoint": "artifacts/probes/mvp_probe_linear_jepa_v1_vith16_384_20260505T132758Z/layer_8/train/trial_0010/probe_best.pt",
            "eval_output_dir": "artifacts/probes/mvp_probe_linear_jepa_v1_vith16_384_20260505T132758Z/layer_8/train/trial_0010/val_eval",
            "output_dir": "artifacts/probes/mvp_probe_linear_jepa_v1_vith16_384_20260505T132758Z/layer_8/train/trial_0010",
            "params": {
              "batch_size": 64,
              "epochs": 100,
              "lr": 0.008013349589915042,
              "weight_decay": 1.086383341945677e-08
            },
            "trial_number": 10,
            "value": 35.28816986855409
          },
          {
            "checkpoint": "artifacts/probes/mvp_probe_linear_jepa_v1_vith16_384_20260505T132758Z/layer_8/train/trial_0011/probe_best.pt",
            "eval_output_dir": "artifacts/probes/mvp_probe_linear_jepa_v1_vith16_384_20260505T132758Z/layer_8/train/trial_0011/val_eval",
            "output_dir": "artifacts/probes/mvp_probe_linear_jepa_v1_vith16_384_20260505T132758Z/layer_8/train/trial_0011",
            "params": {
              "batch_size": 64,
              "epochs": 100,
              "lr": 0.008296796921936793,
              "weight_decay": 1.7074626001153678e-08
            },
            "trial_number": 11,
            "value": 34.27704752275025
          },
          {
            "checkpoint": "artifacts/probes/mvp_probe_linear_jepa_v1_vith16_384_20260505T132758Z/layer_8/train/trial_0012/probe_best.pt",
            "eval_output_dir": "artifacts/probes/mvp_probe_linear_jepa_v1_vith16_384_20260505T132758Z/layer_8/train/trial_0012/val_eval",
            "output_dir": "artifacts/probes/mvp_probe_linear_jepa_v1_vith16_384_20260505T132758Z/layer_8/train/trial_0012",
            "params": {
              "batch_size": 64,
              "epochs": 100,
              "lr": 0.007180892821067769,
              "weight_decay": 1.051368030362245e-08
            },
            "trial_number": 12,
            "value": 35.38928210313448
          },
          {
            "checkpoint": "artifacts/probes/mvp_probe_linear_jepa_v1_vith16_384_20260505T132758Z/layer_8/train/trial_0013/probe_best.pt",
            "eval_output_dir": "artifacts/probes/mvp_probe_linear_jepa_v1_vith16_384_20260505T132758Z/layer_8/train/trial_0013/val_eval",
            "output_dir": "artifacts/probes/mvp_probe_linear_jepa_v1_vith16_384_20260505T132758Z/layer_8/train/trial_0013",
            "params": {
              "batch_size": 64,
              "epochs": 100,
              "lr": 0.007392240743961467,
              "weight_decay": 1.0377758348717218e-07
            },
            "trial_number": 13,
            "value": 35.085945399393324
          },
          {
            "checkpoint": "artifacts/probes/mvp_probe_linear_jepa_v1_vith16_384_20260505T132758Z/layer_8/train/trial_0014/probe_best.pt",
            "eval_output_dir": "artifacts/probes/mvp_probe_linear_jepa_v1_vith16_384_20260505T132758Z/layer_8/train/trial_0014/val_eval",
            "output_dir": "artifacts/probes/mvp_probe_linear_jepa_v1_vith16_384_20260505T132758Z/layer_8/train/trial_0014",
            "params": {
              "batch_size": 64,
              "epochs": 20,
              "lr": 0.0033610569275387696,
              "weight_decay": 1.2913029706440863e-05
            },
            "trial_number": 14,
            "value": 22.143579373104146
          },
          {
            "checkpoint": "artifacts/probes/mvp_probe_linear_jepa_v1_vith16_384_20260505T132758Z/layer_8/train/trial_0018/probe_best.pt",
            "eval_output_dir": "artifacts/probes/mvp_probe_linear_jepa_v1_vith16_384_20260505T132758Z/layer_8/train/trial_0018/val_eval",
            "output_dir": "artifacts/probes/mvp_probe_linear_jepa_v1_vith16_384_20260505T132758Z/layer_8/train/trial_0018",
            "params": {
              "batch_size": 64,
              "epochs": 20,
              "lr": 0.005315252472604396,
              "weight_decay": 8.033433649715867e-08
            },
            "trial_number": 18,
            "value": 29.120323559150656
          }
        ]
      }
    },
    {
      "checkpoint": "artifacts/probes/mvp_probe_linear_jepa_v1_vith16_384_20260505T132758Z/layer_16/train/trial_0015/probe_best.pt",
      "eval": {
        "base_eval": {
          "metrics": {
            "accuracy": 66.43073811931244,
            "n_pairs": 989,
            "n_samples": 1978,
            "pair_consistency": 41.55712841253792
          },
          "output_dir": "artifacts/probes/mvp_probe_linear_jepa_v1_vith16_384_20260505T132758Z/layer_16/eval/test",
          "split_dir": "data/splits/mvp/full_60_20_20"
        },
        "checkpoint": "artifacts/probes/mvp_probe_linear_jepa_v1_vith16_384_20260505T132758Z/layer_16/train/trial_0015/probe_best.pt",
        "dataset": "mvp",
        "feature_signature": "0c85b927b43adb1a",
        "metrics": {
          "accuracy": 66.43073811931244,
          "n_pairs": 989,
          "n_samples": 1978,
          "pair_consistency": 41.55712841253792
        },
        "metrics_by_split": {
          "test": {
            "accuracy": 66.43073811931244,
            "n_pairs": 989,
            "n_samples": 1978,
            "pair_consistency": 41.55712841253792
          },
          "train": {
            "accuracy": 69.83136593591905,
            "n_pairs": 2965,
            "n_samples": 5930,
            "pair_consistency": 46.509274873524454
          },
          "val": {
            "accuracy": 66.12740141557128,
            "n_pairs": 989,
            "n_samples": 1978,
            "pair_consistency": 40.950455005055616
          }
        },
        "objective_metric": 41.55712841253792,
        "prediction_file": "artifacts/probes/mvp_probe_linear_jepa_v1_vith16_384_20260505T132758Z/layer_16/eval/test/probe_predictions.json",
        "prediction_files": {
          "test": "artifacts/probes/mvp_probe_linear_jepa_v1_vith16_384_20260505T132758Z/layer_16/eval/test/probe_predictions.json",
          "train": "artifacts/probes/mvp_probe_linear_jepa_v1_vith16_384_20260505T132758Z/layer_16/eval/train/probe_predictions.json",
          "val": "artifacts/probes/mvp_probe_linear_jepa_v1_vith16_384_20260505T132758Z/layer_16/eval/val/probe_predictions.json"
        },
        "probe_eval_dir": "artifacts/probes/mvp_probe_linear_jepa_v1_vith16_384_20260505T132758Z/layer_16/eval",
        "probe_name": "linear",
        "reported_splits": [
          "train",
          "val",
          "test"
        ],
        "split_eval_dirs": {
          "test": "artifacts/probes/mvp_probe_linear_jepa_v1_vith16_384_20260505T132758Z/layer_16/eval/test",
          "train": "artifacts/probes/mvp_probe_linear_jepa_v1_vith16_384_20260505T132758Z/layer_16/eval/train",
          "val": "artifacts/probes/mvp_probe_linear_jepa_v1_vith16_384_20260505T132758Z/layer_16/eval/val"
        },
        "split_evals": {
          "test": {
            "base_eval": {
              "metrics": {
                "accuracy": 66.43073811931244,
                "n_pairs": 989,
                "n_samples": 1978,
                "pair_consistency": 41.55712841253792
              },
              "output_dir": "artifacts/probes/mvp_probe_linear_jepa_v1_vith16_384_20260505T132758Z/layer_16/eval/test",
              "split_dir": "data/splits/mvp/full_60_20_20"
            },
            "checkpoint": "artifacts/probes/mvp_probe_linear_jepa_v1_vith16_384_20260505T132758Z/layer_16/train/trial_0015/probe_best.pt",
            "dataset": "mvp",
            "feature_signature": "0c85b927b43adb1a",
            "metrics": {
              "accuracy": 66.43073811931244,
              "n_pairs": 989,
              "n_samples": 1978,
              "pair_consistency": 41.55712841253792
            },
            "objective_metric": 41.55712841253792,
            "prediction_file": "artifacts/probes/mvp_probe_linear_jepa_v1_vith16_384_20260505T132758Z/layer_16/eval/test/probe_predictions.json",
            "probe_eval_dir": "artifacts/probes/mvp_probe_linear_jepa_v1_vith16_384_20260505T132758Z/layer_16/eval/test",
            "probe_name": "linear",
            "split_name": "test"
          },
          "train": {
            "base_eval": {
              "metrics": {
                "accuracy": 69.83136593591905,
                "n_pairs": 2965,
                "n_samples": 5930,
                "pair_consistency": 46.509274873524454
              },
              "output_dir": "artifacts/probes/mvp_probe_linear_jepa_v1_vith16_384_20260505T132758Z/layer_16/eval/train",
              "split_dir": "data/splits/mvp/full_60_20_20"
            },
            "checkpoint": "artifacts/probes/mvp_probe_linear_jepa_v1_vith16_384_20260505T132758Z/layer_16/train/trial_0015/probe_best.pt",
            "dataset": "mvp",
            "feature_signature": "0c85b927b43adb1a",
            "metrics": {
              "accuracy": 69.83136593591905,
              "n_pairs": 2965,
              "n_samples": 5930,
              "pair_consistency": 46.509274873524454
            },
            "objective_metric": 46.509274873524454,
            "prediction_file": "artifacts/probes/mvp_probe_linear_jepa_v1_vith16_384_20260505T132758Z/layer_16/eval/train/probe_predictions.json",
            "probe_eval_dir": "artifacts/probes/mvp_probe_linear_jepa_v1_vith16_384_20260505T132758Z/layer_16/eval/train",
            "probe_name": "linear",
            "split_name": "train"
          },
          "val": {
            "base_eval": {
              "metrics": {
                "accuracy": 66.12740141557128,
                "n_pairs": 989,
                "n_samples": 1978,
                "pair_consistency": 40.950455005055616
              },
              "output_dir": "artifacts/probes/mvp_probe_linear_jepa_v1_vith16_384_20260505T132758Z/layer_16/eval/val",
              "split_dir": "data/splits/mvp/full_60_20_20"
            },
            "checkpoint": "artifacts/probes/mvp_probe_linear_jepa_v1_vith16_384_20260505T132758Z/layer_16/train/trial_0015/probe_best.pt",
            "dataset": "mvp",
            "feature_signature": "0c85b927b43adb1a",
            "metrics": {
              "accuracy": 66.12740141557128,
              "n_pairs": 989,
              "n_samples": 1978,
              "pair_consistency": 40.950455005055616
            },
            "objective_metric": 40.950455005055616,
            "prediction_file": "artifacts/probes/mvp_probe_linear_jepa_v1_vith16_384_20260505T132758Z/layer_16/eval/val/probe_predictions.json",
            "probe_eval_dir": "artifacts/probes/mvp_probe_linear_jepa_v1_vith16_384_20260505T132758Z/layer_16/eval/val",
            "probe_name": "linear",
            "split_name": "val"
          }
        },
        "split_name": "test"
      },
      "layer": 16,
      "layer_label": "16",
      "objective_metric": 41.55712841253792,
      "train": {
        "best_checkpoint": "artifacts/probes/mvp_probe_linear_jepa_v1_vith16_384_20260505T132758Z/layer_16/train/trial_0015/probe_best.pt",
        "best_eval_output_dir": "artifacts/probes/mvp_probe_linear_jepa_v1_vith16_384_20260505T132758Z/layer_16/train/trial_0015/val_eval",
        "best_output_dir": "artifacts/probes/mvp_probe_linear_jepa_v1_vith16_384_20260505T132758Z/layer_16/train/trial_0015",
        "best_params": {
          "batch_size": 32,
          "epochs": 100,
          "lr": 0.0030827019376531905,
          "weight_decay": 1.1731239427301637e-05
        },
        "best_trial_number": 15,
        "best_value": 40.950455005055616,
        "checkpoint": "artifacts/probes/mvp_probe_linear_jepa_v1_vith16_384_20260505T132758Z/layer_16/train/trial_0015/probe_best.pt",
        "dataset": "mvp",
        "direction": "maximize",
        "layer": 16,
        "n_trials": 20,
        "objective_metric": "pair_consistency",
        "output_dir": "artifacts/probes/mvp_probe_linear_jepa_v1_vith16_384_20260505T132758Z/layer_16/train",
        "probe_name": "linear",
        "storage": "sqlite:////gpfs/home3/scur0511/Probe4Physics/artifacts/probes/mvp_probe_linear_jepa_v1_vith16_384_20260505T132758Z/layer_16/train/optuna_study.sqlite3",
        "study_name": "mvp_linear_jepa_v1_vith16_384_layer_16",
        "trials": [
          {
            "checkpoint": "artifacts/probes/mvp_probe_linear_jepa_v1_vith16_384_20260505T132758Z/layer_16/train/trial_0000/probe_best.pt",
            "eval_output_dir": "artifacts/probes/mvp_probe_linear_jepa_v1_vith16_384_20260505T132758Z/layer_16/train/trial_0000/val_eval",
            "output_dir": "artifacts/probes/mvp_probe_linear_jepa_v1_vith16_384_20260505T132758Z/layer_16/train/trial_0000",
            "params": {
              "batch_size": 32,
              "epochs": 50,
              "lr": 0.0001329291894316216,
              "weight_decay": 0.005061576888752304
            },
            "trial_number": 0,
            "value": 30.33367037411527
          },
          {
            "checkpoint": "artifacts/probes/mvp_probe_linear_jepa_v1_vith16_384_20260505T132758Z/layer_16/train/trial_0001/probe_best.pt",
            "eval_output_dir": "artifacts/probes/mvp_probe_linear_jepa_v1_vith16_384_20260505T132758Z/layer_16/train/trial_0001/val_eval",
            "output_dir": "artifacts/probes/mvp_probe_linear_jepa_v1_vith16_384_20260505T132758Z/layer_16/train/trial_0001",
            "params": {
              "batch_size": 32,
              "epochs": 100,
              "lr": 0.001331121608073689,
              "weight_decay": 1.328944872286916e-08
            },
            "trial_number": 1,
            "value": 37.2093023255814
          },
          {
            "checkpoint": "artifacts/probes/mvp_probe_linear_jepa_v1_vith16_384_20260505T132758Z/layer_16/train/trial_0002/probe_best.pt",
            "eval_output_dir": "artifacts/probes/mvp_probe_linear_jepa_v1_vith16_384_20260505T132758Z/layer_16/train/trial_0002/val_eval",
            "output_dir": "artifacts/probes/mvp_probe_linear_jepa_v1_vith16_384_20260505T132758Z/layer_16/train/trial_0002",
            "params": {
              "batch_size": 32,
              "epochs": 50,
              "lr": 0.00019762189340280086,
              "weight_decay": 5.589524205217922e-07
            },
            "trial_number": 2,
            "value": 31.547017189079877
          },
          {
            "checkpoint": "artifacts/probes/mvp_probe_linear_jepa_v1_vith16_384_20260505T132758Z/layer_16/train/trial_0003/probe_best.pt",
            "eval_output_dir": "artifacts/probes/mvp_probe_linear_jepa_v1_vith16_384_20260505T132758Z/layer_16/train/trial_0003/val_eval",
            "output_dir": "artifacts/probes/mvp_probe_linear_jepa_v1_vith16_384_20260505T132758Z/layer_16/train/trial_0003",
            "params": {
              "batch_size": 64,
              "epochs": 50,
              "lr": 0.0003489018845491386,
              "weight_decay": 3.5849855803404713e-05
            },
            "trial_number": 3,
            "value": 33.26592517694641
          },
          {
            "checkpoint": "artifacts/probes/mvp_probe_linear_jepa_v1_vith16_384_20260505T132758Z/layer_16/train/trial_0004/probe_best.pt",
            "eval_output_dir": "artifacts/probes/mvp_probe_linear_jepa_v1_vith16_384_20260505T132758Z/layer_16/train/trial_0004/val_eval",
            "output_dir": "artifacts/probes/mvp_probe_linear_jepa_v1_vith16_384_20260505T132758Z/layer_16/train/trial_0004",
            "params": {
              "batch_size": 32,
              "epochs": 50,
              "lr": 8.200518402245828e-05,
              "weight_decay": 3.855073690026179e-08
            },
            "trial_number": 4,
            "value": 28.816986855409503
          },
          {
            "checkpoint": "artifacts/probes/mvp_probe_linear_jepa_v1_vith16_384_20260505T132758Z/layer_16/train/trial_0005/probe_best.pt",
            "eval_output_dir": "artifacts/probes/mvp_probe_linear_jepa_v1_vith16_384_20260505T132758Z/layer_16/train/trial_0005/val_eval",
            "output_dir": "artifacts/probes/mvp_probe_linear_jepa_v1_vith16_384_20260505T132758Z/layer_16/train/trial_0005",
            "params": {
              "batch_size": 256,
              "epochs": 50,
              "lr": 0.0009717775305059633,
              "weight_decay": 7.417652034871823e-07
            },
            "trial_number": 5,
            "value": 32.25480283114257
          },
          {
            "checkpoint": "artifacts/probes/mvp_probe_linear_jepa_v1_vith16_384_20260505T132758Z/layer_16/train/trial_0007/probe_best.pt",
            "eval_output_dir": "artifacts/probes/mvp_probe_linear_jepa_v1_vith16_384_20260505T132758Z/layer_16/train/trial_0007/val_eval",
            "output_dir": "artifacts/probes/mvp_probe_linear_jepa_v1_vith16_384_20260505T132758Z/layer_16/train/trial_0007",
            "params": {
              "batch_size": 128,
              "epochs": 20,
              "lr": 0.00011756010900231849,
              "weight_decay": 4.848496183873288e-07
            },
            "trial_number": 7,
            "value": 19.817997977755308
          },
          {
            "checkpoint": "artifacts/probes/mvp_probe_linear_jepa_v1_vith16_384_20260505T132758Z/layer_16/train/trial_0009/probe_best.pt",
            "eval_output_dir": "artifacts/probes/mvp_probe_linear_jepa_v1_vith16_384_20260505T132758Z/layer_16/train/trial_0009/val_eval",
            "output_dir": "artifacts/probes/mvp_probe_linear_jepa_v1_vith16_384_20260505T132758Z/layer_16/train/trial_0009",
            "params": {
              "batch_size": 256,
              "epochs": 50,
              "lr": 0.0007411299781083245,
              "weight_decay": 9.669146694016007e-07
            },
            "trial_number": 9,
            "value": 31.850353892821033
          },
          {
            "checkpoint": "artifacts/probes/mvp_probe_linear_jepa_v1_vith16_384_20260505T132758Z/layer_16/train/trial_0010/probe_best.pt",
            "eval_output_dir": "artifacts/probes/mvp_probe_linear_jepa_v1_vith16_384_20260505T132758Z/layer_16/train/trial_0010/val_eval",
            "output_dir": "artifacts/probes/mvp_probe_linear_jepa_v1_vith16_384_20260505T132758Z/layer_16/train/trial_0010",
            "params": {
              "batch_size": 64,
              "epochs": 100,
              "lr": 0.008013349589915042,
              "weight_decay": 1.086383341945677e-08
            },
            "trial_number": 10,
            "value": 36.804853387259854
          },
          {
            "checkpoint": "artifacts/probes/mvp_probe_linear_jepa_v1_vith16_384_20260505T132758Z/layer_16/train/trial_0011/probe_best.pt",
            "eval_output_dir": "artifacts/probes/mvp_probe_linear_jepa_v1_vith16_384_20260505T132758Z/layer_16/train/trial_0011/val_eval",
            "output_dir": "artifacts/probes/mvp_probe_linear_jepa_v1_vith16_384_20260505T132758Z/layer_16/train/trial_0011",
            "params": {
              "batch_size": 64,
              "epochs": 100,
              "lr": 0.008296796921936793,
              "weight_decay": 1.7074626001153678e-08
            },
            "trial_number": 11,
            "value": 36.5015166835187
          },
          {
            "checkpoint": "artifacts/probes/mvp_probe_linear_jepa_v1_vith16_384_20260505T132758Z/layer_16/train/trial_0012/probe_best.pt",
            "eval_output_dir": "artifacts/probes/mvp_probe_linear_jepa_v1_vith16_384_20260505T132758Z/layer_16/train/trial_0012/val_eval",
            "output_dir": "artifacts/probes/mvp_probe_linear_jepa_v1_vith16_384_20260505T132758Z/layer_16/train/trial_0012",
            "params": {
              "batch_size": 64,
              "epochs": 100,
              "lr": 0.007180892821067769,
              "weight_decay": 1.051368030362245e-08
            },
            "trial_number": 12,
            "value": 38.32153690596562
          },
          {
            "checkpoint": "artifacts/probes/mvp_probe_linear_jepa_v1_vith16_384_20260505T132758Z/layer_16/train/trial_0013/probe_best.pt",
            "eval_output_dir": "artifacts/probes/mvp_probe_linear_jepa_v1_vith16_384_20260505T132758Z/layer_16/train/trial_0013/val_eval",
            "output_dir": "artifacts/probes/mvp_probe_linear_jepa_v1_vith16_384_20260505T132758Z/layer_16/train/trial_0013",
            "params": {
              "batch_size": 32,
              "epochs": 100,
              "lr": 0.002482076244951997,
              "weight_decay": 1.0377758348717218e-07
            },
            "trial_number": 13,
            "value": 40.54600606673407
          },
          {
            "checkpoint": "artifacts/probes/mvp_probe_linear_jepa_v1_vith16_384_20260505T132758Z/layer_16/train/trial_0014/probe_best.pt",
            "eval_output_dir": "artifacts/probes/mvp_probe_linear_jepa_v1_vith16_384_20260505T132758Z/layer_16/train/trial_0014/val_eval",
            "output_dir": "artifacts/probes/mvp_probe_linear_jepa_v1_vith16_384_20260505T132758Z/layer_16/train/trial_0014",
            "params": {
              "batch_size": 64,
              "epochs": 20,
              "lr": 0.0032788837521139235,
              "weight_decay": 9.004380294282356e-08
            },
            "trial_number": 14,
            "value": 32.355915065722954
          },
          {
            "checkpoint": "artifacts/probes/mvp_probe_linear_jepa_v1_vith16_384_20260505T132758Z/layer_16/train/trial_0015/probe_best.pt",
            "eval_output_dir": "artifacts/probes/mvp_probe_linear_jepa_v1_vith16_384_20260505T132758Z/layer_16/train/trial_0015/val_eval",
            "output_dir": "artifacts/probes/mvp_probe_linear_jepa_v1_vith16_384_20260505T132758Z/layer_16/train/trial_0015",
            "params": {
              "batch_size": 32,
              "epochs": 100,
              "lr": 0.0030827019376531905,
              "weight_decay": 1.1731239427301637e-05
            },
            "trial_number": 15,
            "value": 40.950455005055616
          },
          {
            "checkpoint": "artifacts/probes/mvp_probe_linear_jepa_v1_vith16_384_20260505T132758Z/layer_16/train/trial_0016/probe_best.pt",
            "eval_output_dir": "artifacts/probes/mvp_probe_linear_jepa_v1_vith16_384_20260505T132758Z/layer_16/train/trial_0016/val_eval",
            "output_dir": "artifacts/probes/mvp_probe_linear_jepa_v1_vith16_384_20260505T132758Z/layer_16/train/trial_0016",
            "params": {
              "batch_size": 32,
              "epochs": 100,
              "lr": 0.002355506713432224,
              "weight_decay": 2.6149247361515138e-05
            },
            "trial_number": 16,
            "value": 39.635995955510616
          },
          {
            "checkpoint": "artifacts/probes/mvp_probe_linear_jepa_v1_vith16_384_20260505T132758Z/layer_16/train/trial_0017/probe_best.pt",
            "eval_output_dir": "artifacts/probes/mvp_probe_linear_jepa_v1_vith16_384_20260505T132758Z/layer_16/train/trial_0017/val_eval",
            "output_dir": "artifacts/probes/mvp_probe_linear_jepa_v1_vith16_384_20260505T132758Z/layer_16/train/trial_0017",
            "params": {
              "batch_size": 32,
              "epochs": 100,
              "lr": 0.0034752685500732045,
              "weight_decay": 5.4860547805966015e-06
            },
            "trial_number": 17,
            "value": 37.108190091001006
          },
          {
            "checkpoint": "artifacts/probes/mvp_probe_linear_jepa_v1_vith16_384_20260505T132758Z/layer_16/train/trial_0018/probe_best.pt",
            "eval_output_dir": "artifacts/probes/mvp_probe_linear_jepa_v1_vith16_384_20260505T132758Z/layer_16/train/trial_0018/val_eval",
            "output_dir": "artifacts/probes/mvp_probe_linear_jepa_v1_vith16_384_20260505T132758Z/layer_16/train/trial_0018",
            "params": {
              "batch_size": 32,
              "epochs": 20,
              "lr": 4.720845304099489e-05,
              "weight_decay": 9.559574710535277e-05
            },
            "trial_number": 18,
            "value": 20.72800808897877
          },
          {
            "checkpoint": "artifacts/probes/mvp_probe_linear_jepa_v1_vith16_384_20260505T132758Z/layer_16/train/trial_0019/probe_best.pt",
            "eval_output_dir": "artifacts/probes/mvp_probe_linear_jepa_v1_vith16_384_20260505T132758Z/layer_16/train/trial_0019/val_eval",
            "output_dir": "artifacts/probes/mvp_probe_linear_jepa_v1_vith16_384_20260505T132758Z/layer_16/train/trial_0019",
            "params": {
              "batch_size": 32,
              "epochs": 100,
              "lr": 0.0017180736629491525,
              "weight_decay": 0.000369960521744469
            },
            "trial_number": 19,
            "value": 38.92821031344793
          }
        ]
      }
    },
    {
      "checkpoint": "artifacts/probes/mvp_probe_linear_jepa_v1_vith16_384_20260505T132758Z/layer_24/train/trial_0016/probe_best.pt",
      "eval": {
        "base_eval": {
          "metrics": {
            "accuracy": 69.00910010111222,
            "n_pairs": 989,
            "n_samples": 1978,
            "pair_consistency": 47.62386248736097
          },
          "output_dir": "artifacts/probes/mvp_probe_linear_jepa_v1_vith16_384_20260505T132758Z/layer_24/eval/test",
          "split_dir": "data/splits/mvp/full_60_20_20"
        },
        "checkpoint": "artifacts/probes/mvp_probe_linear_jepa_v1_vith16_384_20260505T132758Z/layer_24/train/trial_0016/probe_best.pt",
        "dataset": "mvp",
        "feature_signature": "0c85b927b43adb1a",
        "metrics": {
          "accuracy": 69.00910010111222,
          "n_pairs": 989,
          "n_samples": 1978,
          "pair_consistency": 47.62386248736097
        },
        "metrics_by_split": {
          "test": {
            "accuracy": 69.00910010111222,
            "n_pairs": 989,
            "n_samples": 1978,
            "pair_consistency": 47.62386248736097
          },
          "train": {
            "accuracy": 73.84485666104553,
            "n_pairs": 2965,
            "n_samples": 5930,
            "pair_consistency": 54.33389544688026
          },
          "val": {
            "accuracy": 69.31243680485338,
            "n_pairs": 989,
            "n_samples": 1978,
            "pair_consistency": 49.3427704752275
          }
        },
        "objective_metric": 47.62386248736097,
        "prediction_file": "artifacts/probes/mvp_probe_linear_jepa_v1_vith16_384_20260505T132758Z/layer_24/eval/test/probe_predictions.json",
        "prediction_files": {
          "test": "artifacts/probes/mvp_probe_linear_jepa_v1_vith16_384_20260505T132758Z/layer_24/eval/test/probe_predictions.json",
          "train": "artifacts/probes/mvp_probe_linear_jepa_v1_vith16_384_20260505T132758Z/layer_24/eval/train/probe_predictions.json",
          "val": "artifacts/probes/mvp_probe_linear_jepa_v1_vith16_384_20260505T132758Z/layer_24/eval/val/probe_predictions.json"
        },
        "probe_eval_dir": "artifacts/probes/mvp_probe_linear_jepa_v1_vith16_384_20260505T132758Z/layer_24/eval",
        "probe_name": "linear",
        "reported_splits": [
          "train",
          "val",
          "test"
        ],
        "split_eval_dirs": {
          "test": "artifacts/probes/mvp_probe_linear_jepa_v1_vith16_384_20260505T132758Z/layer_24/eval/test",
          "train": "artifacts/probes/mvp_probe_linear_jepa_v1_vith16_384_20260505T132758Z/layer_24/eval/train",
          "val": "artifacts/probes/mvp_probe_linear_jepa_v1_vith16_384_20260505T132758Z/layer_24/eval/val"
        },
        "split_evals": {
          "test": {
            "base_eval": {
              "metrics": {
                "accuracy": 69.00910010111222,
                "n_pairs": 989,
                "n_samples": 1978,
                "pair_consistency": 47.62386248736097
              },
              "output_dir": "artifacts/probes/mvp_probe_linear_jepa_v1_vith16_384_20260505T132758Z/layer_24/eval/test",
              "split_dir": "data/splits/mvp/full_60_20_20"
            },
            "checkpoint": "artifacts/probes/mvp_probe_linear_jepa_v1_vith16_384_20260505T132758Z/layer_24/train/trial_0016/probe_best.pt",
            "dataset": "mvp",
            "feature_signature": "0c85b927b43adb1a",
            "metrics": {
              "accuracy": 69.00910010111222,
              "n_pairs": 989,
              "n_samples": 1978,
              "pair_consistency": 47.62386248736097
            },
            "objective_metric": 47.62386248736097,
            "prediction_file": "artifacts/probes/mvp_probe_linear_jepa_v1_vith16_384_20260505T132758Z/layer_24/eval/test/probe_predictions.json",
            "probe_eval_dir": "artifacts/probes/mvp_probe_linear_jepa_v1_vith16_384_20260505T132758Z/layer_24/eval/test",
            "probe_name": "linear",
            "split_name": "test"
          },
          "train": {
            "base_eval": {
              "metrics": {
                "accuracy": 73.84485666104553,
                "n_pairs": 2965,
                "n_samples": 5930,
                "pair_consistency": 54.33389544688026
              },
              "output_dir": "artifacts/probes/mvp_probe_linear_jepa_v1_vith16_384_20260505T132758Z/layer_24/eval/train",
              "split_dir": "data/splits/mvp/full_60_20_20"
            },
            "checkpoint": "artifacts/probes/mvp_probe_linear_jepa_v1_vith16_384_20260505T132758Z/layer_24/train/trial_0016/probe_best.pt",
            "dataset": "mvp",
            "feature_signature": "0c85b927b43adb1a",
            "metrics": {
              "accuracy": 73.84485666104553,
              "n_pairs": 2965,
              "n_samples": 5930,
              "pair_consistency": 54.33389544688026
            },
            "objective_metric": 54.33389544688026,
            "prediction_file": "artifacts/probes/mvp_probe_linear_jepa_v1_vith16_384_20260505T132758Z/layer_24/eval/train/probe_predictions.json",
            "probe_eval_dir": "artifacts/probes/mvp_probe_linear_jepa_v1_vith16_384_20260505T132758Z/layer_24/eval/train",
            "probe_name": "linear",
            "split_name": "train"
          },
          "val": {
            "base_eval": {
              "metrics": {
                "accuracy": 69.31243680485338,
                "n_pairs": 989,
                "n_samples": 1978,
                "pair_consistency": 49.3427704752275
              },
              "output_dir": "artifacts/probes/mvp_probe_linear_jepa_v1_vith16_384_20260505T132758Z/layer_24/eval/val",
              "split_dir": "data/splits/mvp/full_60_20_20"
            },
            "checkpoint": "artifacts/probes/mvp_probe_linear_jepa_v1_vith16_384_20260505T132758Z/layer_24/train/trial_0016/probe_best.pt",
            "dataset": "mvp",
            "feature_signature": "0c85b927b43adb1a",
            "metrics": {
              "accuracy": 69.31243680485338,
              "n_pairs": 989,
              "n_samples": 1978,
              "pair_consistency": 49.3427704752275
            },
            "objective_metric": 49.3427704752275,
            "prediction_file": "artifacts/probes/mvp_probe_linear_jepa_v1_vith16_384_20260505T132758Z/layer_24/eval/val/probe_predictions.json",
            "probe_eval_dir": "artifacts/probes/mvp_probe_linear_jepa_v1_vith16_384_20260505T132758Z/layer_24/eval/val",
            "probe_name": "linear",
            "split_name": "val"
          }
        },
        "split_name": "test"
      },
      "layer": 24,
      "layer_label": "24",
      "objective_metric": 47.62386248736097,
      "train": {
        "best_checkpoint": "artifacts/probes/mvp_probe_linear_jepa_v1_vith16_384_20260505T132758Z/layer_24/train/trial_0016/probe_best.pt",
        "best_eval_output_dir": "artifacts/probes/mvp_probe_linear_jepa_v1_vith16_384_20260505T132758Z/layer_24/train/trial_0016/val_eval",
        "best_output_dir": "artifacts/probes/mvp_probe_linear_jepa_v1_vith16_384_20260505T132758Z/layer_24/train/trial_0016",
        "best_params": {
          "batch_size": 64,
          "epochs": 100,
          "lr": 0.0036314466835073236,
          "weight_decay": 3.821228989247768e-06
        },
        "best_trial_number": 16,
        "best_value": 49.3427704752275,
        "checkpoint": "artifacts/probes/mvp_probe_linear_jepa_v1_vith16_384_20260505T132758Z/layer_24/train/trial_0016/probe_best.pt",
        "dataset": "mvp",
        "direction": "maximize",
        "layer": 24,
        "n_trials": 20,
        "objective_metric": "pair_consistency",
        "output_dir": "artifacts/probes/mvp_probe_linear_jepa_v1_vith16_384_20260505T132758Z/layer_24/train",
        "probe_name": "linear",
        "storage": "sqlite:////gpfs/home3/scur0511/Probe4Physics/artifacts/probes/mvp_probe_linear_jepa_v1_vith16_384_20260505T132758Z/layer_24/train/optuna_study.sqlite3",
        "study_name": "mvp_linear_jepa_v1_vith16_384_layer_24",
        "trials": [
          {
            "checkpoint": "artifacts/probes/mvp_probe_linear_jepa_v1_vith16_384_20260505T132758Z/layer_24/train/trial_0000/probe_best.pt",
            "eval_output_dir": "artifacts/probes/mvp_probe_linear_jepa_v1_vith16_384_20260505T132758Z/layer_24/train/trial_0000/val_eval",
            "output_dir": "artifacts/probes/mvp_probe_linear_jepa_v1_vith16_384_20260505T132758Z/layer_24/train/trial_0000",
            "params": {
              "batch_size": 32,
              "epochs": 50,
              "lr": 0.0001329291894316216,
              "weight_decay": 0.005061576888752304
            },
            "trial_number": 0,
            "value": 36.70374115267948
          },
          {
            "checkpoint": "artifacts/probes/mvp_probe_linear_jepa_v1_vith16_384_20260505T132758Z/layer_24/train/trial_0001/probe_best.pt",
            "eval_output_dir": "artifacts/probes/mvp_probe_linear_jepa_v1_vith16_384_20260505T132758Z/layer_24/train/trial_0001/val_eval",
            "output_dir": "artifacts/probes/mvp_probe_linear_jepa_v1_vith16_384_20260505T132758Z/layer_24/train/trial_0001",
            "params": {
              "batch_size": 32,
              "epochs": 100,
              "lr": 0.001331121608073689,
              "weight_decay": 1.328944872286916e-08
            },
            "trial_number": 1,
            "value": 46.00606673407482
          },
          {
            "checkpoint": "artifacts/probes/mvp_probe_linear_jepa_v1_vith16_384_20260505T132758Z/layer_24/train/trial_0002/probe_best.pt",
            "eval_output_dir": "artifacts/probes/mvp_probe_linear_jepa_v1_vith16_384_20260505T132758Z/layer_24/train/trial_0002/val_eval",
            "output_dir": "artifacts/probes/mvp_probe_linear_jepa_v1_vith16_384_20260505T132758Z/layer_24/train/trial_0002",
            "params": {
              "batch_size": 32,
              "epochs": 50,
              "lr": 0.00019762189340280086,
              "weight_decay": 5.589524205217922e-07
            },
            "trial_number": 2,
            "value": 37.8159757330637
          },
          {
            "checkpoint": "artifacts/probes/mvp_probe_linear_jepa_v1_vith16_384_20260505T132758Z/layer_24/train/trial_0003/probe_best.pt",
            "eval_output_dir": "artifacts/probes/mvp_probe_linear_jepa_v1_vith16_384_20260505T132758Z/layer_24/train/trial_0003/val_eval",
            "output_dir": "artifacts/probes/mvp_probe_linear_jepa_v1_vith16_384_20260505T132758Z/layer_24/train/trial_0003",
            "params": {
              "batch_size": 64,
              "epochs": 50,
              "lr": 0.0003489018845491386,
              "weight_decay": 3.5849855803404713e-05
            },
            "trial_number": 3,
            "value": 38.119312436804854
          },
          {
            "checkpoint": "artifacts/probes/mvp_probe_linear_jepa_v1_vith16_384_20260505T132758Z/layer_24/train/trial_0004/probe_best.pt",
            "eval_output_dir": "artifacts/probes/mvp_probe_linear_jepa_v1_vith16_384_20260505T132758Z/layer_24/train/trial_0004/val_eval",
            "output_dir": "artifacts/probes/mvp_probe_linear_jepa_v1_vith16_384_20260505T132758Z/layer_24/train/trial_0004",
            "params": {
              "batch_size": 32,
              "epochs": 50,
              "lr": 8.200518402245828e-05,
              "weight_decay": 3.855073690026179e-08
            },
            "trial_number": 4,
            "value": 33.9737108190091
          },
          {
            "checkpoint": "artifacts/probes/mvp_probe_linear_jepa_v1_vith16_384_20260505T132758Z/layer_24/train/trial_0005/probe_best.pt",
            "eval_output_dir": "artifacts/probes/mvp_probe_linear_jepa_v1_vith16_384_20260505T132758Z/layer_24/train/trial_0005/val_eval",
            "output_dir": "artifacts/probes/mvp_probe_linear_jepa_v1_vith16_384_20260505T132758Z/layer_24/train/trial_0005",
            "params": {
              "batch_size": 256,
              "epochs": 50,
              "lr": 0.0009717775305059633,
              "weight_decay": 7.417652034871823e-07
            },
            "trial_number": 5,
            "value": 36.400404448938325
          },
          {
            "checkpoint": "artifacts/probes/mvp_probe_linear_jepa_v1_vith16_384_20260505T132758Z/layer_24/train/trial_0007/probe_best.pt",
            "eval_output_dir": "artifacts/probes/mvp_probe_linear_jepa_v1_vith16_384_20260505T132758Z/layer_24/train/trial_0007/val_eval",
            "output_dir": "artifacts/probes/mvp_probe_linear_jepa_v1_vith16_384_20260505T132758Z/layer_24/train/trial_0007",
            "params": {
              "batch_size": 128,
              "epochs": 20,
              "lr": 0.00011756010900231849,
              "weight_decay": 4.848496183873288e-07
            },
            "trial_number": 7,
            "value": 23.458038422649143
          },
          {
            "checkpoint": "artifacts/probes/mvp_probe_linear_jepa_v1_vith16_384_20260505T132758Z/layer_24/train/trial_0009/probe_best.pt",
            "eval_output_dir": "artifacts/probes/mvp_probe_linear_jepa_v1_vith16_384_20260505T132758Z/layer_24/train/trial_0009/val_eval",
            "output_dir": "artifacts/probes/mvp_probe_linear_jepa_v1_vith16_384_20260505T132758Z/layer_24/train/trial_0009",
            "params": {
              "batch_size": 256,
              "epochs": 50,
              "lr": 0.0007411299781083245,
              "weight_decay": 9.669146694016007e-07
            },
            "trial_number": 9,
            "value": 37.917087967644086
          },
          {
            "checkpoint": "artifacts/probes/mvp_probe_linear_jepa_v1_vith16_384_20260505T132758Z/layer_24/train/trial_0010/probe_best.pt",
            "eval_output_dir": "artifacts/probes/mvp_probe_linear_jepa_v1_vith16_384_20260505T132758Z/layer_24/train/trial_0010/val_eval",
            "output_dir": "artifacts/probes/mvp_probe_linear_jepa_v1_vith16_384_20260505T132758Z/layer_24/train/trial_0010",
            "params": {
              "batch_size": 64,
              "epochs": 100,
              "lr": 0.008013349589915042,
              "weight_decay": 1.086383341945677e-08
            },
            "trial_number": 10,
            "value": 49.24165824064712
          },
          {
            "checkpoint": "artifacts/probes/mvp_probe_linear_jepa_v1_vith16_384_20260505T132758Z/layer_24/train/trial_0011/probe_best.pt",
            "eval_output_dir": "artifacts/probes/mvp_probe_linear_jepa_v1_vith16_384_20260505T132758Z/layer_24/train/trial_0011/val_eval",
            "output_dir": "artifacts/probes/mvp_probe_linear_jepa_v1_vith16_384_20260505T132758Z/layer_24/train/trial_0011",
            "params": {
              "batch_size": 64,
              "epochs": 100,
              "lr": 0.008296796921936793,
              "weight_decay": 1.7074626001153678e-08
            },
            "trial_number": 11,
            "value": 48.634984833164815
          },
          {
            "checkpoint": "artifacts/probes/mvp_probe_linear_jepa_v1_vith16_384_20260505T132758Z/layer_24/train/trial_0012/probe_best.pt",
            "eval_output_dir": "artifacts/probes/mvp_probe_linear_jepa_v1_vith16_384_20260505T132758Z/layer_24/train/trial_0012/val_eval",
            "output_dir": "artifacts/probes/mvp_probe_linear_jepa_v1_vith16_384_20260505T132758Z/layer_24/train/trial_0012",
            "params": {
              "batch_size": 64,
              "epochs": 100,
              "lr": 0.00814055433678886,
              "weight_decay": 5.666538349312614e-08
            },
            "trial_number": 12,
            "value": 48.23053589484327
          },
          {
            "checkpoint": "artifacts/probes/mvp_probe_linear_jepa_v1_vith16_384_20260505T132758Z/layer_24/train/trial_0013/probe_best.pt",
            "eval_output_dir": "artifacts/probes/mvp_probe_linear_jepa_v1_vith16_384_20260505T132758Z/layer_24/train/trial_0013/val_eval",
            "output_dir": "artifacts/probes/mvp_probe_linear_jepa_v1_vith16_384_20260505T132758Z/layer_24/train/trial_0013",
            "params": {
              "batch_size": 64,
              "epochs": 100,
              "lr": 0.008299786914942599,
              "weight_decay": 1.6358579322011493e-05
            },
            "trial_number": 13,
            "value": 48.634984833164815
          },
          {
            "checkpoint": "artifacts/probes/mvp_probe_linear_jepa_v1_vith16_384_20260505T132758Z/layer_24/train/trial_0014/probe_best.pt",
            "eval_output_dir": "artifacts/probes/mvp_probe_linear_jepa_v1_vith16_384_20260505T132758Z/layer_24/train/trial_0014/val_eval",
            "output_dir": "artifacts/probes/mvp_probe_linear_jepa_v1_vith16_384_20260505T132758Z/layer_24/train/trial_0014",
            "params": {
              "batch_size": 64,
              "epochs": 20,
              "lr": 0.0030601039236885946,
              "weight_decay": 1.1140534941420908e-08
            },
            "trial_number": 14,
            "value": 36.905965621840245
          },
          {
            "checkpoint": "artifacts/probes/mvp_probe_linear_jepa_v1_vith16_384_20260505T132758Z/layer_24/train/trial_0015/probe_best.pt",
            "eval_output_dir": "artifacts/probes/mvp_probe_linear_jepa_v1_vith16_384_20260505T132758Z/layer_24/train/trial_0015/val_eval",
            "output_dir": "artifacts/probes/mvp_probe_linear_jepa_v1_vith16_384_20260505T132758Z/layer_24/train/trial_0015",
            "params": {
              "batch_size": 64,
              "epochs": 100,
              "lr": 0.0032275860637651834,
              "weight_decay": 1.3221004453734022e-07
            },
            "trial_number": 15,
            "value": 45.5005055611729
          },
          {
            "checkpoint": "artifacts/probes/mvp_probe_linear_jepa_v1_vith16_384_20260505T132758Z/layer_24/train/trial_0016/probe_best.pt",
            "eval_output_dir": "artifacts/probes/mvp_probe_linear_jepa_v1_vith16_384_20260505T132758Z/layer_24/train/trial_0016/val_eval",
            "output_dir": "artifacts/probes/mvp_probe_linear_jepa_v1_vith16_384_20260505T132758Z/layer_24/train/trial_0016",
            "params": {
              "batch_size": 64,
              "epochs": 100,
              "lr": 0.0036314466835073236,
              "weight_decay": 3.821228989247768e-06
            },
            "trial_number": 16,
            "value": 49.3427704752275
          },
          {
            "checkpoint": "artifacts/probes/mvp_probe_linear_jepa_v1_vith16_384_20260505T132758Z/layer_24/train/trial_0017/probe_best.pt",
            "eval_output_dir": "artifacts/probes/mvp_probe_linear_jepa_v1_vith16_384_20260505T132758Z/layer_24/train/trial_0017/val_eval",
            "output_dir": "artifacts/probes/mvp_probe_linear_jepa_v1_vith16_384_20260505T132758Z/layer_24/train/trial_0017",
            "params": {
              "batch_size": 64,
              "epochs": 100,
              "lr": 0.0027997142476475882,
              "weight_decay": 0.00010080304770358508
            },
            "trial_number": 17,
            "value": 48.129423660262894
          },
          {
            "checkpoint": "artifacts/probes/mvp_probe_linear_jepa_v1_vith16_384_20260505T132758Z/layer_24/train/trial_0018/probe_best.pt",
            "eval_output_dir": "artifacts/probes/mvp_probe_linear_jepa_v1_vith16_384_20260505T132758Z/layer_24/train/trial_0018/val_eval",
            "output_dir": "artifacts/probes/mvp_probe_linear_jepa_v1_vith16_384_20260505T132758Z/layer_24/train/trial_0018",
            "params": {
              "batch_size": 64,
              "epochs": 20,
              "lr": 4.720845304099489e-05,
              "weight_decay": 3.5654574389776776e-06
            },
            "trial_number": 18,
            "value": 19.919110212335692
          },
          {
            "checkpoint": "artifacts/probes/mvp_probe_linear_jepa_v1_vith16_384_20260505T132758Z/layer_24/train/trial_0019/probe_best.pt",
            "eval_output_dir": "artifacts/probes/mvp_probe_linear_jepa_v1_vith16_384_20260505T132758Z/layer_24/train/trial_0019/val_eval",
            "output_dir": "artifacts/probes/mvp_probe_linear_jepa_v1_vith16_384_20260505T132758Z/layer_24/train/trial_0019",
            "params": {
              "batch_size": 128,
              "epochs": 100,
              "lr": 0.004148879585310986,
              "weight_decay": 0.0001447873643831531
            },
            "trial_number": 19,
            "value": 45.29828109201213
          }
        ]
      }
    },
    {
      "checkpoint": "artifacts/probes/mvp_probe_linear_jepa_v1_vith16_384_20260505T132758Z/layer_32/train/trial_0010/probe_best.pt",
      "eval": {
        "base_eval": {
          "metrics": {
            "accuracy": 71.58746208291204,
            "n_pairs": 989,
            "n_samples": 1978,
            "pair_consistency": 48.7360970677452
          },
          "output_dir": "artifacts/probes/mvp_probe_linear_jepa_v1_vith16_384_20260505T132758Z/layer_32/eval/test",
          "split_dir": "data/splits/mvp/full_60_20_20"
        },
        "checkpoint": "artifacts/probes/mvp_probe_linear_jepa_v1_vith16_384_20260505T132758Z/layer_32/train/trial_0010/probe_best.pt",
        "dataset": "mvp",
        "feature_signature": "0c85b927b43adb1a",
        "metrics": {
          "accuracy": 71.58746208291204,
          "n_pairs": 989,
          "n_samples": 1978,
          "pair_consistency": 48.7360970677452
        },
        "metrics_by_split": {
          "test": {
            "accuracy": 71.58746208291204,
            "n_pairs": 989,
            "n_samples": 1978,
            "pair_consistency": 48.7360970677452
          },
          "train": {
            "accuracy": 74.06408094435076,
            "n_pairs": 2965,
            "n_samples": 5930,
            "pair_consistency": 53.0522765598651
          },
          "val": {
            "accuracy": 71.68857431749241,
            "n_pairs": 989,
            "n_samples": 1978,
            "pair_consistency": 49.3427704752275
          }
        },
        "objective_metric": 48.7360970677452,
        "prediction_file": "artifacts/probes/mvp_probe_linear_jepa_v1_vith16_384_20260505T132758Z/layer_32/eval/test/probe_predictions.json",
        "prediction_files": {
          "test": "artifacts/probes/mvp_probe_linear_jepa_v1_vith16_384_20260505T132758Z/layer_32/eval/test/probe_predictions.json",
          "train": "artifacts/probes/mvp_probe_linear_jepa_v1_vith16_384_20260505T132758Z/layer_32/eval/train/probe_predictions.json",
          "val": "artifacts/probes/mvp_probe_linear_jepa_v1_vith16_384_20260505T132758Z/layer_32/eval/val/probe_predictions.json"
        },
        "probe_eval_dir": "artifacts/probes/mvp_probe_linear_jepa_v1_vith16_384_20260505T132758Z/layer_32/eval",
        "probe_name": "linear",
        "reported_splits": [
          "train",
          "val",
          "test"
        ],
        "split_eval_dirs": {
          "test": "artifacts/probes/mvp_probe_linear_jepa_v1_vith16_384_20260505T132758Z/layer_32/eval/test",
          "train": "artifacts/probes/mvp_probe_linear_jepa_v1_vith16_384_20260505T132758Z/layer_32/eval/train",
          "val": "artifacts/probes/mvp_probe_linear_jepa_v1_vith16_384_20260505T132758Z/layer_32/eval/val"
        },
        "split_evals": {
          "test": {
            "base_eval": {
              "metrics": {
                "accuracy": 71.58746208291204,
                "n_pairs": 989,
                "n_samples": 1978,
                "pair_consistency": 48.7360970677452
              },
              "output_dir": "artifacts/probes/mvp_probe_linear_jepa_v1_vith16_384_20260505T132758Z/layer_32/eval/test",
              "split_dir": "data/splits/mvp/full_60_20_20"
            },
            "checkpoint": "artifacts/probes/mvp_probe_linear_jepa_v1_vith16_384_20260505T132758Z/layer_32/train/trial_0010/probe_best.pt",
            "dataset": "mvp",
            "feature_signature": "0c85b927b43adb1a",
            "metrics": {
              "accuracy": 71.58746208291204,
              "n_pairs": 989,
              "n_samples": 1978,
              "pair_consistency": 48.7360970677452
            },
            "objective_metric": 48.7360970677452,
            "prediction_file": "artifacts/probes/mvp_probe_linear_jepa_v1_vith16_384_20260505T132758Z/layer_32/eval/test/probe_predictions.json",
            "probe_eval_dir": "artifacts/probes/mvp_probe_linear_jepa_v1_vith16_384_20260505T132758Z/layer_32/eval/test",
            "probe_name": "linear",
            "split_name": "test"
          },
          "train": {
            "base_eval": {
              "metrics": {
                "accuracy": 74.06408094435076,
                "n_pairs": 2965,
                "n_samples": 5930,
                "pair_consistency": 53.0522765598651
              },
              "output_dir": "artifacts/probes/mvp_probe_linear_jepa_v1_vith16_384_20260505T132758Z/layer_32/eval/train",
              "split_dir": "data/splits/mvp/full_60_20_20"
            },
            "checkpoint": "artifacts/probes/mvp_probe_linear_jepa_v1_vith16_384_20260505T132758Z/layer_32/train/trial_0010/probe_best.pt",
            "dataset": "mvp",
            "feature_signature": "0c85b927b43adb1a",
            "metrics": {
              "accuracy": 74.06408094435076,
              "n_pairs": 2965,
              "n_samples": 5930,
              "pair_consistency": 53.0522765598651
            },
            "objective_metric": 53.0522765598651,
            "prediction_file": "artifacts/probes/mvp_probe_linear_jepa_v1_vith16_384_20260505T132758Z/layer_32/eval/train/probe_predictions.json",
            "probe_eval_dir": "artifacts/probes/mvp_probe_linear_jepa_v1_vith16_384_20260505T132758Z/layer_32/eval/train",
            "probe_name": "linear",
            "split_name": "train"
          },
          "val": {
            "base_eval": {
              "metrics": {
                "accuracy": 71.68857431749241,
                "n_pairs": 989,
                "n_samples": 1978,
                "pair_consistency": 49.3427704752275
              },
              "output_dir": "artifacts/probes/mvp_probe_linear_jepa_v1_vith16_384_20260505T132758Z/layer_32/eval/val",
              "split_dir": "data/splits/mvp/full_60_20_20"
            },
            "checkpoint": "artifacts/probes/mvp_probe_linear_jepa_v1_vith16_384_20260505T132758Z/layer_32/train/trial_0010/probe_best.pt",
            "dataset": "mvp",
            "feature_signature": "0c85b927b43adb1a",
            "metrics": {
              "accuracy": 71.68857431749241,
              "n_pairs": 989,
              "n_samples": 1978,
              "pair_consistency": 49.3427704752275
            },
            "objective_metric": 49.3427704752275,
            "prediction_file": "artifacts/probes/mvp_probe_linear_jepa_v1_vith16_384_20260505T132758Z/layer_32/eval/val/probe_predictions.json",
            "probe_eval_dir": "artifacts/probes/mvp_probe_linear_jepa_v1_vith16_384_20260505T132758Z/layer_32/eval/val",
            "probe_name": "linear",
            "split_name": "val"
          }
        },
        "split_name": "test"
      },
      "layer": 32,
      "layer_label": "32",
      "objective_metric": 48.7360970677452,
      "train": {
        "best_checkpoint": "artifacts/probes/mvp_probe_linear_jepa_v1_vith16_384_20260505T132758Z/layer_32/train/trial_0010/probe_best.pt",
        "best_eval_output_dir": "artifacts/probes/mvp_probe_linear_jepa_v1_vith16_384_20260505T132758Z/layer_32/train/trial_0010/val_eval",
        "best_output_dir": "artifacts/probes/mvp_probe_linear_jepa_v1_vith16_384_20260505T132758Z/layer_32/train/trial_0010",
        "best_params": {
          "batch_size": 64,
          "epochs": 100,
          "lr": 0.008013349589915042,
          "weight_decay": 1.086383341945677e-08
        },
        "best_trial_number": 10,
        "best_value": 49.3427704752275,
        "checkpoint": "artifacts/probes/mvp_probe_linear_jepa_v1_vith16_384_20260505T132758Z/layer_32/train/trial_0010/probe_best.pt",
        "dataset": "mvp",
        "direction": "maximize",
        "layer": 32,
        "n_trials": 20,
        "objective_metric": "pair_consistency",
        "output_dir": "artifacts/probes/mvp_probe_linear_jepa_v1_vith16_384_20260505T132758Z/layer_32/train",
        "probe_name": "linear",
        "storage": "sqlite:////gpfs/home3/scur0511/Probe4Physics/artifacts/probes/mvp_probe_linear_jepa_v1_vith16_384_20260505T132758Z/layer_32/train/optuna_study.sqlite3",
        "study_name": "mvp_linear_jepa_v1_vith16_384_layer_32",
        "trials": [
          {
            "checkpoint": "artifacts/probes/mvp_probe_linear_jepa_v1_vith16_384_20260505T132758Z/layer_32/train/trial_0000/probe_best.pt",
            "eval_output_dir": "artifacts/probes/mvp_probe_linear_jepa_v1_vith16_384_20260505T132758Z/layer_32/train/trial_0000/val_eval",
            "output_dir": "artifacts/probes/mvp_probe_linear_jepa_v1_vith16_384_20260505T132758Z/layer_32/train/trial_0000",
            "params": {
              "batch_size": 32,
              "epochs": 50,
              "lr": 0.0001329291894316216,
              "weight_decay": 0.005061576888752304
            },
            "trial_number": 0,
            "value": 34.883720930232556
          },
          {
            "checkpoint": "artifacts/probes/mvp_probe_linear_jepa_v1_vith16_384_20260505T132758Z/layer_32/train/trial_0001/probe_best.pt",
            "eval_output_dir": "artifacts/probes/mvp_probe_linear_jepa_v1_vith16_384_20260505T132758Z/layer_32/train/trial_0001/val_eval",
            "output_dir": "artifacts/probes/mvp_probe_linear_jepa_v1_vith16_384_20260505T132758Z/layer_32/train/trial_0001",
            "params": {
              "batch_size": 32,
              "epochs": 100,
              "lr": 0.001331121608073689,
              "weight_decay": 1.328944872286916e-08
            },
            "trial_number": 1,
            "value": 45.5005055611729
          },
          {
            "checkpoint": "artifacts/probes/mvp_probe_linear_jepa_v1_vith16_384_20260505T132758Z/layer_32/train/trial_0002/probe_best.pt",
            "eval_output_dir": "artifacts/probes/mvp_probe_linear_jepa_v1_vith16_384_20260505T132758Z/layer_32/train/trial_0002/val_eval",
            "output_dir": "artifacts/probes/mvp_probe_linear_jepa_v1_vith16_384_20260505T132758Z/layer_32/train/trial_0002",
            "params": {
              "batch_size": 32,
              "epochs": 50,
              "lr": 0.00019762189340280086,
              "weight_decay": 5.589524205217922e-07
            },
            "trial_number": 2,
            "value": 35.79373104145602
          },
          {
            "checkpoint": "artifacts/probes/mvp_probe_linear_jepa_v1_vith16_384_20260505T132758Z/layer_32/train/trial_0003/probe_best.pt",
            "eval_output_dir": "artifacts/probes/mvp_probe_linear_jepa_v1_vith16_384_20260505T132758Z/layer_32/train/trial_0003/val_eval",
            "output_dir": "artifacts/probes/mvp_probe_linear_jepa_v1_vith16_384_20260505T132758Z/layer_32/train/trial_0003",
            "params": {
              "batch_size": 64,
              "epochs": 50,
              "lr": 0.0003489018845491386,
              "weight_decay": 3.5849855803404713e-05
            },
            "trial_number": 3,
            "value": 36.29929221435793
          },
          {
            "checkpoint": "artifacts/probes/mvp_probe_linear_jepa_v1_vith16_384_20260505T132758Z/layer_32/train/trial_0004/probe_best.pt",
            "eval_output_dir": "artifacts/probes/mvp_probe_linear_jepa_v1_vith16_384_20260505T132758Z/layer_32/train/trial_0004/val_eval",
            "output_dir": "artifacts/probes/mvp_probe_linear_jepa_v1_vith16_384_20260505T132758Z/layer_32/train/trial_0004",
            "params": {
              "batch_size": 32,
              "epochs": 50,
              "lr": 8.200518402245828e-05,
              "weight_decay": 3.855073690026179e-08
            },
            "trial_number": 4,
            "value": 33.26592517694641
          },
          {
            "checkpoint": "artifacts/probes/mvp_probe_linear_jepa_v1_vith16_384_20260505T132758Z/layer_32/train/trial_0005/probe_best.pt",
            "eval_output_dir": "artifacts/probes/mvp_probe_linear_jepa_v1_vith16_384_20260505T132758Z/layer_32/train/trial_0005/val_eval",
            "output_dir": "artifacts/probes/mvp_probe_linear_jepa_v1_vith16_384_20260505T132758Z/layer_32/train/trial_0005",
            "params": {
              "batch_size": 256,
              "epochs": 50,
              "lr": 0.0009717775305059633,
              "weight_decay": 7.417652034871823e-07
            },
            "trial_number": 5,
            "value": 38.92821031344793
          },
          {
            "checkpoint": "artifacts/probes/mvp_probe_linear_jepa_v1_vith16_384_20260505T132758Z/layer_32/train/trial_0007/probe_best.pt",
            "eval_output_dir": "artifacts/probes/mvp_probe_linear_jepa_v1_vith16_384_20260505T132758Z/layer_32/train/trial_0007/val_eval",
            "output_dir": "artifacts/probes/mvp_probe_linear_jepa_v1_vith16_384_20260505T132758Z/layer_32/train/trial_0007",
            "params": {
              "batch_size": 128,
              "epochs": 20,
              "lr": 0.00011756010900231849,
              "weight_decay": 4.848496183873288e-07
            },
            "trial_number": 7,
            "value": 25.581395348837212
          },
          {
            "checkpoint": "artifacts/probes/mvp_probe_linear_jepa_v1_vith16_384_20260505T132758Z/layer_32/train/trial_0009/probe_best.pt",
            "eval_output_dir": "artifacts/probes/mvp_probe_linear_jepa_v1_vith16_384_20260505T132758Z/layer_32/train/trial_0009/val_eval",
            "output_dir": "artifacts/probes/mvp_probe_linear_jepa_v1_vith16_384_20260505T132758Z/layer_32/train/trial_0009",
            "params": {
              "batch_size": 256,
              "epochs": 50,
              "lr": 0.0007411299781083245,
              "weight_decay": 9.669146694016007e-07
            },
            "trial_number": 9,
            "value": 36.602628918099086
          },
          {
            "checkpoint": "artifacts/probes/mvp_probe_linear_jepa_v1_vith16_384_20260505T132758Z/layer_32/train/trial_0010/probe_best.pt",
            "eval_output_dir": "artifacts/probes/mvp_probe_linear_jepa_v1_vith16_384_20260505T132758Z/layer_32/train/trial_0010/val_eval",
            "output_dir": "artifacts/probes/mvp_probe_linear_jepa_v1_vith16_384_20260505T132758Z/layer_32/train/trial_0010",
            "params": {
              "batch_size": 64,
              "epochs": 100,
              "lr": 0.008013349589915042,
              "weight_decay": 1.086383341945677e-08
            },
            "trial_number": 10,
            "value": 49.3427704752275
          },
          {
            "checkpoint": "artifacts/probes/mvp_probe_linear_jepa_v1_vith16_384_20260505T132758Z/layer_32/train/trial_0011/probe_best.pt",
            "eval_output_dir": "artifacts/probes/mvp_probe_linear_jepa_v1_vith16_384_20260505T132758Z/layer_32/train/trial_0011/val_eval",
            "output_dir": "artifacts/probes/mvp_probe_linear_jepa_v1_vith16_384_20260505T132758Z/layer_32/train/trial_0011",
            "params": {
              "batch_size": 64,
              "epochs": 100,
              "lr": 0.008296796921936793,
              "weight_decay": 1.7074626001153678e-08
            },
            "trial_number": 11,
            "value": 48.129423660262894
          },
          {
            "checkpoint": "artifacts/probes/mvp_probe_linear_jepa_v1_vith16_384_20260505T132758Z/layer_32/train/trial_0012/probe_best.pt",
            "eval_output_dir": "artifacts/probes/mvp_probe_linear_jepa_v1_vith16_384_20260505T132758Z/layer_32/train/trial_0012/val_eval",
            "output_dir": "artifacts/probes/mvp_probe_linear_jepa_v1_vith16_384_20260505T132758Z/layer_32/train/trial_0012",
            "params": {
              "batch_size": 64,
              "epochs": 100,
              "lr": 0.00814055433678886,
              "weight_decay": 5.666538349312614e-08
            },
            "trial_number": 12,
            "value": 49.03943377148635
          },
          {
            "checkpoint": "artifacts/probes/mvp_probe_linear_jepa_v1_vith16_384_20260505T132758Z/layer_32/train/trial_0013/probe_best.pt",
            "eval_output_dir": "artifacts/probes/mvp_probe_linear_jepa_v1_vith16_384_20260505T132758Z/layer_32/train/trial_0013/val_eval",
            "output_dir": "artifacts/probes/mvp_probe_linear_jepa_v1_vith16_384_20260505T132758Z/layer_32/train/trial_0013",
            "params": {
              "batch_size": 64,
              "epochs": 100,
              "lr": 0.00828638574821265,
              "weight_decay": 1.0179110443029212e-07
            },
            "trial_number": 13,
            "value": 48.33164812942366
          },
          {
            "checkpoint": "artifacts/probes/mvp_probe_linear_jepa_v1_vith16_384_20260505T132758Z/layer_32/train/trial_0014/probe_best.pt",
            "eval_output_dir": "artifacts/probes/mvp_probe_linear_jepa_v1_vith16_384_20260505T132758Z/layer_32/train/trial_0014/val_eval",
            "output_dir": "artifacts/probes/mvp_probe_linear_jepa_v1_vith16_384_20260505T132758Z/layer_32/train/trial_0014",
            "params": {
              "batch_size": 64,
              "epochs": 20,
              "lr": 0.0030373944696826544,
              "weight_decay": 8.715225766565574e-06
            },
            "trial_number": 14,
            "value": 39.33265925176946
          },
          {
            "checkpoint": "artifacts/probes/mvp_probe_linear_jepa_v1_vith16_384_20260505T132758Z/layer_32/train/trial_0015/probe_best.pt",
            "eval_output_dir": "artifacts/probes/mvp_probe_linear_jepa_v1_vith16_384_20260505T132758Z/layer_32/train/trial_0015/val_eval",
            "output_dir": "artifacts/probes/mvp_probe_linear_jepa_v1_vith16_384_20260505T132758Z/layer_32/train/trial_0015",
            "params": {
              "batch_size": 64,
              "epochs": 100,
              "lr": 0.0032275860637651834,
              "weight_decay": 1.3221004453734022e-07
            },
            "trial_number": 15,
            "value": 46.41051567239636
          },
          {
            "checkpoint": "artifacts/probes/mvp_probe_linear_jepa_v1_vith16_384_20260505T132758Z/layer_32/train/trial_0016/probe_best.pt",
            "eval_output_dir": "artifacts/probes/mvp_probe_linear_jepa_v1_vith16_384_20260505T132758Z/layer_32/train/trial_0016/val_eval",
            "output_dir": "artifacts/probes/mvp_probe_linear_jepa_v1_vith16_384_20260505T132758Z/layer_32/train/trial_0016",
            "params": {
              "batch_size": 64,
              "epochs": 100,
              "lr": 0.0036072061881871034,
              "weight_decay": 7.009646163693992e-06
            },
            "trial_number": 16,
            "value": 45.096056622851364
          },
          {
            "checkpoint": "artifacts/probes/mvp_probe_linear_jepa_v1_vith16_384_20260505T132758Z/layer_32/train/trial_0018/probe_best.pt",
            "eval_output_dir": "artifacts/probes/mvp_probe_linear_jepa_v1_vith16_384_20260505T132758Z/layer_32/train/trial_0018/val_eval",
            "output_dir": "artifacts/probes/mvp_probe_linear_jepa_v1_vith16_384_20260505T132758Z/layer_32/train/trial_0018",
            "params": {
              "batch_size": 64,
              "epochs": 20,
              "lr": 0.0018939513785229123,
              "weight_decay": 8.785106045849355e-08
            },
            "trial_number": 18,
            "value": 38.52376137512639
          },
          {
            "checkpoint": "artifacts/probes/mvp_probe_linear_jepa_v1_vith16_384_20260505T132758Z/layer_32/train/trial_0019/probe_best.pt",
            "eval_output_dir": "artifacts/probes/mvp_probe_linear_jepa_v1_vith16_384_20260505T132758Z/layer_32/train/trial_0019/val_eval",
            "output_dir": "artifacts/probes/mvp_probe_linear_jepa_v1_vith16_384_20260505T132758Z/layer_32/train/trial_0019",
            "params": {
              "batch_size": 128,
              "epochs": 100,
              "lr": 0.009082898089210563,
              "weight_decay": 3.029570961200363e-06
            },
            "trial_number": 19,
            "value": 48.33164812942366
          }
        ]
      }
    }
  ],
  "model_selection_split": "val",
  "objective_metric_name": "pair_consistency",
  "probe_name": "linear",
  "reported_splits": [
    "train",
    "val",
    "test"
  ],
  "requested_layers": [
    8,
    16,
    24,
    32
  ],
  "split_name": "test",
  "sweep_dir": "artifacts/probes/mvp_probe_linear_jepa_v1_vith16_384_20260505T132758Z",
  "train_split": "train"
}
JOB_END_UTC=2026-05-05T13:50:45Z
JOB_ELAPSED_SECONDS=1371
