============================================================================================== 
Warning! Mixing Conda and module environments may lead to corruption of the
user environment. 
We do not recommend users mixing those two environments unless absolutely
necessary. Note that 
SURF does not provide any support for Conda environment.
For more information, please refer to our software policy page:
https://servicedesk.surf.nl/wiki/display/WIKI/Software+policy+Snellius#SoftwarepolicySnellius-UseofAnacondaandMinicondaenvironmentsonSnellius 

Remember that many packages have already been installed on the system and can
be loaded using 
the 'module load <package__name>' command. If you are uncertain if a package is
already available 
on the system, please use 'module avail' or 'module spider' to search for it.
============================================================================================== 
[I 2026-05-01 10:03:57,736] A new study created in RDB with name: mvp_linear_videomae_v2_vit_giant_16_224_layer_10
wandb: [wandb.login()] Loaded credentials for https://api.wandb.ai from /home/scur0511/.netrc.
wandb: Currently logged in as: caselli-niccolo-developer (caselli-niccolo-developer-university-of-amsterdam) to https://api.wandb.ai. Use `wandb login --relogin` to force relogin
wandb: setting up run u1ycdirp
wandb: Tracking run with wandb version 0.26.1
wandb: Run data is saved locally in /gpfs/home3/scur0511/Probe4Physics/wandb/run-20260501_100425-u1ycdirp
wandb: Run `wandb offline` to turn off syncing.
wandb: Syncing run mvp_linear_videomae_v2_vit_giant_16_224_layer_10/trial_0000
wandb: ⭐️ View project at https://wandb.ai/caselli-niccolo-developer-university-of-amsterdam/probe4physics
wandb: 🚀 View run at https://wandb.ai/caselli-niccolo-developer-university-of-amsterdam/probe4physics/runs/u1ycdirp
[eval.mvp] Starting eval | split_name=val split_dir=data/splits/mvp/full_60_20_20 predictor_mode=from_file annotation_file=data/annotations/mvp_full.jsonl
[eval.mvp] Loaded split assignments | split_pairs=989 split_samples=1978
[eval.mvp] Prepared samples | n_pairs_before_trim=989 n_samples_before_trim=1978 n_pairs_after_trim=989 n_samples_after_trim=1978 max_pairs=0
[eval.mvp] Generated predictions | n_predictions=1978
[eval.mvp] Scoring complete | accuracy=58.8979 pair_consistency=26.3903 n_pairs=989 n_samples=1978
[eval.mvp] Artifacts written | output_dir=artifacts/probes/mvp_probe_linear_videomae_v2_vit_giant_16_224_20260501T080356Z/layer_10/train/trial_0000/val_eval
wandb: updating run metadata
wandb: uploading history steps 0-49, summary, console lines 0-6
wandb: 
wandb: Run history:
wandb:          epoch ▁▁▁▁▂▂▂▂▂▃▃▃▃▃▃▄▄▄▄▄▅▅▅▅▅▅▆▆▆▆▆▆▇▇▇▇▇▇██
wandb: train_accuracy ▁▂▃▃▂▃▅▃▄▄▄▄▄▅▅▅▆▆▆▄▅▆▇▇▆▆▆▇▇▆▅▆▇█▆▇█▇▇▇
wandb:     train_loss █▄▄▃▃▃▃▃▃▃▃▂▃▃▂▂▂▂▂▂▂▂▂▂▂▂▂▂▁▁▂▂▂▁▁▁▁▁▁▁
wandb:   val_accuracy ▃▂▄▄▅▅▅▅▇▄▅▄▆▃▄▇▁▄▄▅▆▇▆▇▂▅▇▆█▃▆▇▅▅▇▄█▆▄▃
wandb:       val_loss ▆▅▅▄▄▃▄▃▃▃▄▃▄▅▃█▄▃▃█▂▂▂▁▇▃▁▂▁▅▂▁▃▃▁▄▁▃▅▆
wandb: 
wandb: Run summary:
wandb:           best_epoch 36
wandb:    best_val_accuracy 58.89788
wandb:        best_val_loss 0.67129
wandb: checkpoint_best_path artifacts/probes/mvp...
wandb: checkpoint_last_path artifacts/probes/mvp...
wandb:      checkpoint_path artifacts/probes/mvp...
wandb:              dataset mvp
wandb:      elapsed_seconds 41.11499
wandb:                epoch 50
wandb:    feature_signature 7c0fab9616b3b517
wandb:                  +22 ...
wandb: 
wandb: 🚀 View run mvp_linear_videomae_v2_vit_giant_16_224_layer_10/trial_0000 at: https://wandb.ai/caselli-niccolo-developer-university-of-amsterdam/probe4physics/runs/u1ycdirp
wandb: ⭐️ View project at: https://wandb.ai/caselli-niccolo-developer-university-of-amsterdam/probe4physics
wandb: Synced 5 W&B file(s), 0 media file(s), 0 artifact file(s) and 0 other file(s)
wandb: Find logs at: ./wandb/run-20260501_100425-u1ycdirp/logs
[I 2026-05-01 10:04:43,431] Trial 0 finished with value: 26.39029322548028 and parameters: {'lr': 0.0001329291894316216, 'weight_decay': 0.005061576888752304, 'batch_size': 32, 'epochs': 50}. Best is trial 0 with value: 26.39029322548028.
wandb: setting up run bnzdi2h6
wandb: Tracking run with wandb version 0.26.1
wandb: Run data is saved locally in /gpfs/home3/scur0511/Probe4Physics/wandb/run-20260501_100445-bnzdi2h6
wandb: Run `wandb offline` to turn off syncing.
wandb: Syncing run mvp_linear_videomae_v2_vit_giant_16_224_layer_10/trial_0001
wandb: ⭐️ View project at https://wandb.ai/caselli-niccolo-developer-university-of-amsterdam/probe4physics
wandb: 🚀 View run at https://wandb.ai/caselli-niccolo-developer-university-of-amsterdam/probe4physics/runs/bnzdi2h6
[eval.mvp] Starting eval | split_name=val split_dir=data/splits/mvp/full_60_20_20 predictor_mode=from_file annotation_file=data/annotations/mvp_full.jsonl
[eval.mvp] Loaded split assignments | split_pairs=989 split_samples=1978
[eval.mvp] Prepared samples | n_pairs_before_trim=989 n_samples_before_trim=1978 n_pairs_after_trim=989 n_samples_after_trim=1978 max_pairs=0
[eval.mvp] Generated predictions | n_predictions=1978
[eval.mvp] Scoring complete | accuracy=61.4257 pair_consistency=30.7381 n_pairs=989 n_samples=1978
[eval.mvp] Artifacts written | output_dir=artifacts/probes/mvp_probe_linear_videomae_v2_vit_giant_16_224_20260501T080356Z/layer_10/train/trial_0001/val_eval
wandb: updating run metadata
wandb: uploading output.log; uploading wandb-summary.json; uploading config.yaml
wandb: 
wandb: Run history:
wandb:          epoch ▁▁▁▂▂▂▃▃▃▃▃▃▃▃▄▄▄▄▄▅▅▅▅▅▆▆▆▆▆▆▆▇▇▇▇▇▇▇██
wandb: train_accuracy ▁▂▂▄▃▄▄▄▄▄▄▆▆▅▆▅▆▆▆▆▇▇▆▆█▇▇▆▆█▇█▆▇▇▇█▇█▇
wandb:     train_loss ▆▆▄▅▄▃▆▃▃▆▂▃▃▂▄▂▃▄▃▂▁▄▁▄▂▁▃▄▂▃▂▄▁█▅▂▁▂▂▂
wandb:   val_accuracy ▁▁▁▄▁▆▆▆▁▁▄▆▅▇▇▁▅▆▆▃▅▆▆▅▆▇▃▅▇▂▇▅▆▇▅▃▆█▂▁
wandb:       val_loss ▆▂▁▄▅▁▄▂▃█▃▁▁▂▁▁▂▂▁▂▃▂▂▂▁▂▂▁▁▆▁▁▂▁▁▂▃▃▁▂
wandb: 
wandb: Run summary:
wandb:           best_epoch 96
wandb:    best_val_accuracy 61.42568
wandb:        best_val_loss 0.65994
wandb: checkpoint_best_path artifacts/probes/mvp...
wandb: checkpoint_last_path artifacts/probes/mvp...
wandb:      checkpoint_path artifacts/probes/mvp...
wandb:              dataset mvp
wandb:      elapsed_seconds 20.67644
wandb:                epoch 100
wandb:    feature_signature 7c0fab9616b3b517
wandb:                  +22 ...
wandb: 
wandb: 🚀 View run mvp_linear_videomae_v2_vit_giant_16_224_layer_10/trial_0001 at: https://wandb.ai/caselli-niccolo-developer-university-of-amsterdam/probe4physics/runs/bnzdi2h6
wandb: ⭐️ View project at: https://wandb.ai/caselli-niccolo-developer-university-of-amsterdam/probe4physics
wandb: Synced 5 W&B file(s), 0 media file(s), 0 artifact file(s) and 0 other file(s)
wandb: Find logs at: ./wandb/run-20260501_100445-bnzdi2h6/logs
[I 2026-05-01 10:05:08,370] Trial 1 finished with value: 30.738119312436808 and parameters: {'lr': 0.001331121608073689, 'weight_decay': 1.328944872286916e-08, 'batch_size': 32, 'epochs': 100}. Best is trial 1 with value: 30.738119312436808.
wandb: setting up run f71jqevt
wandb: Tracking run with wandb version 0.26.1
wandb: Run data is saved locally in /gpfs/home3/scur0511/Probe4Physics/wandb/run-20260501_100510-f71jqevt
wandb: Run `wandb offline` to turn off syncing.
wandb: Syncing run mvp_linear_videomae_v2_vit_giant_16_224_layer_10/trial_0002
wandb: ⭐️ View project at https://wandb.ai/caselli-niccolo-developer-university-of-amsterdam/probe4physics
wandb: 🚀 View run at https://wandb.ai/caselli-niccolo-developer-university-of-amsterdam/probe4physics/runs/f71jqevt
[eval.mvp] Starting eval | split_name=val split_dir=data/splits/mvp/full_60_20_20 predictor_mode=from_file annotation_file=data/annotations/mvp_full.jsonl
[eval.mvp] Loaded split assignments | split_pairs=989 split_samples=1978
[eval.mvp] Prepared samples | n_pairs_before_trim=989 n_samples_before_trim=1978 n_pairs_after_trim=989 n_samples_after_trim=1978 max_pairs=0
[eval.mvp] Generated predictions | n_predictions=1978
[eval.mvp] Scoring complete | accuracy=59.4540 pair_consistency=27.0981 n_pairs=989 n_samples=1978
[eval.mvp] Artifacts written | output_dir=artifacts/probes/mvp_probe_linear_videomae_v2_vit_giant_16_224_20260501T080356Z/layer_10/train/trial_0002/val_eval
wandb: updating run metadata
wandb: uploading wandb-summary.json; uploading config.yaml; uploading output.log
wandb: 
wandb: Run history:
wandb:          epoch ▁▁▁▁▂▂▂▂▂▂▃▃▃▃▃▄▄▄▄▄▄▅▅▅▅▅▆▆▆▆▆▆▇▇▇▇▇███
wandb: train_accuracy ▁▂▂▃▃▄▃▅▃▄▅▄▄▄▆▅▆▅▇▆▆▇▇▇▇▇▇▇█▇▇▆██▇▇█▇▇▇
wandb:     train_loss █▅▄▄▄▃▄▃▃▃▃▃▄▃▃▃▂▂▂▃▃▂▂▂▂▂▂▂▁▁▂▂▁▁▁▂▁▁▂▁
wandb:   val_accuracy ▃▂▄▁▄▃▃▄▃▄▃▅▃▇▆▅▇▇▅▂▅▆▅▆▃█▇▇▇▂▇██▇█▆█▇▃▅
wandb:       val_loss ▆▆▅█▅▅▅▆▅▄▅▄▄▃▅▃▄▃▃▄▃▃▂▃▅▂▂▃▂▇▁▂▂▂▁▄▁▃█▄
wandb: 
wandb: Run summary:
wandb:           best_epoch 43
wandb:    best_val_accuracy 59.45399
wandb:        best_val_loss 0.66634
wandb: checkpoint_best_path artifacts/probes/mvp...
wandb: checkpoint_last_path artifacts/probes/mvp...
wandb:      checkpoint_path artifacts/probes/mvp...
wandb:              dataset mvp
wandb:      elapsed_seconds 11.31447
wandb:                epoch 50
wandb:    feature_signature 7c0fab9616b3b517
wandb:                  +22 ...
wandb: 
wandb: 🚀 View run mvp_linear_videomae_v2_vit_giant_16_224_layer_10/trial_0002 at: https://wandb.ai/caselli-niccolo-developer-university-of-amsterdam/probe4physics/runs/f71jqevt
wandb: ⭐️ View project at: https://wandb.ai/caselli-niccolo-developer-university-of-amsterdam/probe4physics
wandb: Synced 5 W&B file(s), 0 media file(s), 0 artifact file(s) and 0 other file(s)
wandb: Find logs at: ./wandb/run-20260501_100510-f71jqevt/logs
[I 2026-05-01 10:05:23,308] Trial 2 finished with value: 27.098078867542974 and parameters: {'lr': 0.00019762189340280086, 'weight_decay': 5.589524205217922e-07, 'batch_size': 32, 'epochs': 50}. Best is trial 1 with value: 30.738119312436808.
wandb: setting up run z4olkl2r
wandb: Tracking run with wandb version 0.26.1
wandb: Run data is saved locally in /gpfs/home3/scur0511/Probe4Physics/wandb/run-20260501_100525-z4olkl2r
wandb: Run `wandb offline` to turn off syncing.
wandb: Syncing run mvp_linear_videomae_v2_vit_giant_16_224_layer_10/trial_0003
wandb: ⭐️ View project at https://wandb.ai/caselli-niccolo-developer-university-of-amsterdam/probe4physics
wandb: 🚀 View run at https://wandb.ai/caselli-niccolo-developer-university-of-amsterdam/probe4physics/runs/z4olkl2r
[eval.mvp] Starting eval | split_name=val split_dir=data/splits/mvp/full_60_20_20 predictor_mode=from_file annotation_file=data/annotations/mvp_full.jsonl
[eval.mvp] Loaded split assignments | split_pairs=989 split_samples=1978
[eval.mvp] Prepared samples | n_pairs_before_trim=989 n_samples_before_trim=1978 n_pairs_after_trim=989 n_samples_after_trim=1978 max_pairs=0
[eval.mvp] Generated predictions | n_predictions=1978
[eval.mvp] Scoring complete | accuracy=59.6057 pair_consistency=25.2781 n_pairs=989 n_samples=1978
[eval.mvp] Artifacts written | output_dir=artifacts/probes/mvp_probe_linear_videomae_v2_vit_giant_16_224_20260501T080356Z/layer_10/train/trial_0003/val_eval
wandb: updating run metadata
wandb: uploading config.yaml; uploading output.log; uploading wandb-summary.json
wandb: uploading output.log; uploading wandb-summary.json
wandb: 
wandb: Run history:
wandb:          epoch ▁▁▁▁▂▂▂▂▂▃▃▃▃▃▃▄▄▄▄▄▅▅▅▅▅▅▆▆▆▆▆▇▇▇▇▇▇███
wandb: train_accuracy ▁▂▂▂▃▃▃▅▃▃▅▆▅▄▅▆▆▆▆▅▅▄▇▇▆▇▇█▇▇▆▇▇█▇██▇▆█
wandb:     train_loss █▄▄▄▄▃▃▃▃▃▂▂▃▃▃▃▂▃▂▃▃▂▂▂▂▂▁▂▁▂▂▁▁▂▂▁▁▂▂▁
wandb:   val_accuracy ▂▂▃▄▂▂▆▄▃▆▇▅▆▁▅▆▁▆▅▁▆▆▄▅▁▅█▇█▇▅▇▄▇█▄▇▄▃▃
wandb:       val_loss ▄▄▃▃▃▄▂▃▃▂▂▂▂▆▂▂█▂▂▂▅▂▂▃▂▂▂▁▂▁▂▂▁▃▁▇▃▁▄▁
wandb: 
wandb: Run summary:
wandb:           best_epoch 34
wandb:    best_val_accuracy 59.60566
wandb:        best_val_loss 0.67078
wandb: checkpoint_best_path artifacts/probes/mvp...
wandb: checkpoint_last_path artifacts/probes/mvp...
wandb:      checkpoint_path artifacts/probes/mvp...
wandb:              dataset mvp
wandb:      elapsed_seconds 8.61325
wandb:                epoch 50
wandb:    feature_signature 7c0fab9616b3b517
wandb:                  +22 ...
wandb: 
wandb: 🚀 View run mvp_linear_videomae_v2_vit_giant_16_224_layer_10/trial_0003 at: https://wandb.ai/caselli-niccolo-developer-university-of-amsterdam/probe4physics/runs/z4olkl2r
wandb: ⭐️ View project at: https://wandb.ai/caselli-niccolo-developer-university-of-amsterdam/probe4physics
wandb: Synced 5 W&B file(s), 0 media file(s), 0 artifact file(s) and 0 other file(s)
wandb: Find logs at: ./wandb/run-20260501_100525-z4olkl2r/logs
[I 2026-05-01 10:05:35,660] Trial 3 finished with value: 25.278058645096056 and parameters: {'lr': 0.0003489018845491386, 'weight_decay': 3.5849855803404713e-05, 'batch_size': 64, 'epochs': 50}. Best is trial 1 with value: 30.738119312436808.
wandb: setting up run e9h0w112
wandb: Tracking run with wandb version 0.26.1
wandb: Run data is saved locally in /gpfs/home3/scur0511/Probe4Physics/wandb/run-20260501_100537-e9h0w112
wandb: Run `wandb offline` to turn off syncing.
wandb: Syncing run mvp_linear_videomae_v2_vit_giant_16_224_layer_10/trial_0004
wandb: ⭐️ View project at https://wandb.ai/caselli-niccolo-developer-university-of-amsterdam/probe4physics
wandb: 🚀 View run at https://wandb.ai/caselli-niccolo-developer-university-of-amsterdam/probe4physics/runs/e9h0w112
[eval.mvp] Starting eval | split_name=val split_dir=data/splits/mvp/full_60_20_20 predictor_mode=from_file annotation_file=data/annotations/mvp_full.jsonl
[eval.mvp] Loaded split assignments | split_pairs=989 split_samples=1978
[eval.mvp] Prepared samples | n_pairs_before_trim=989 n_samples_before_trim=1978 n_pairs_after_trim=989 n_samples_after_trim=1978 max_pairs=0
[eval.mvp] Generated predictions | n_predictions=1978
[eval.mvp] Scoring complete | accuracy=58.5440 pair_consistency=23.9636 n_pairs=989 n_samples=1978
[eval.mvp] Artifacts written | output_dir=artifacts/probes/mvp_probe_linear_videomae_v2_vit_giant_16_224_20260501T080356Z/layer_10/train/trial_0004/val_eval
wandb: updating run metadata
wandb: uploading output.log; uploading wandb-summary.json; uploading config.yaml
wandb: uploading config.yaml
wandb: uploading history steps 0-49, summary, console lines 0-6
wandb: 
wandb: Run history:
wandb:          epoch ▁▁▁▁▂▂▂▂▂▂▃▃▃▃▃▄▄▄▄▄▄▅▅▅▅▅▅▆▆▆▆▆▇▇▇▇▇███
wandb: train_accuracy ▁▂▃▃▂▃▄▄▃▄▄▄▄▆▅▅▆▅▅▅▅▇▆▅▇▆▇▇▆▇▆▆▇▇▇██▇▇▇
wandb:     train_loss █▄▃▃▃▃▃▂▃▂▂▂▂▂▂▂▂▂▂▂▂▂▂▂▂▂▁▁▁▂▁▁▁▁▁▁▁▁▁▁
wandb:   val_accuracy ▃▃▃▄▄▅▆▄▆▃▄▃▃▆▁▂▇▇▃▂▅▅▅▇▂▇▇▆▇▄▆▆▅▇█▅█▆▄▂
wandb:       val_loss ▆▅▅▄▄▄▃▃▃▃▃▃▃▃▃█▃▅▂▂▆▂▃▂▃▇▃▁▁▁▁▂▂▁▁▃▁▂▄▇
wandb: 
wandb: Run summary:
wandb:           best_epoch 43
wandb:    best_val_accuracy 58.54399
wandb:        best_val_loss 0.67573
wandb: checkpoint_best_path artifacts/probes/mvp...
wandb: checkpoint_last_path artifacts/probes/mvp...
wandb:      checkpoint_path artifacts/probes/mvp...
wandb:              dataset mvp
wandb:      elapsed_seconds 11.52123
wandb:                epoch 50
wandb:    feature_signature 7c0fab9616b3b517
wandb:                  +22 ...
wandb: 
wandb: 🚀 View run mvp_linear_videomae_v2_vit_giant_16_224_layer_10/trial_0004 at: https://wandb.ai/caselli-niccolo-developer-university-of-amsterdam/probe4physics/runs/e9h0w112
wandb: ⭐️ View project at: https://wandb.ai/caselli-niccolo-developer-university-of-amsterdam/probe4physics
wandb: Synced 5 W&B file(s), 0 media file(s), 0 artifact file(s) and 0 other file(s)
wandb: Find logs at: ./wandb/run-20260501_100537-e9h0w112/logs
[I 2026-05-01 10:05:51,284] Trial 4 finished with value: 23.96359959555106 and parameters: {'lr': 8.200518402245828e-05, 'weight_decay': 3.855073690026179e-08, 'batch_size': 32, 'epochs': 50}. Best is trial 1 with value: 30.738119312436808.
wandb: setting up run 4nune88e
wandb: Tracking run with wandb version 0.26.1
wandb: Run data is saved locally in /gpfs/home3/scur0511/Probe4Physics/wandb/run-20260501_100553-4nune88e
wandb: Run `wandb offline` to turn off syncing.
wandb: Syncing run mvp_linear_videomae_v2_vit_giant_16_224_layer_10/trial_0005
wandb: ⭐️ View project at https://wandb.ai/caselli-niccolo-developer-university-of-amsterdam/probe4physics
wandb: 🚀 View run at https://wandb.ai/caselli-niccolo-developer-university-of-amsterdam/probe4physics/runs/4nune88e
[eval.mvp] Starting eval | split_name=val split_dir=data/splits/mvp/full_60_20_20 predictor_mode=from_file annotation_file=data/annotations/mvp_full.jsonl
[eval.mvp] Loaded split assignments | split_pairs=989 split_samples=1978
[eval.mvp] Prepared samples | n_pairs_before_trim=989 n_samples_before_trim=1978 n_pairs_after_trim=989 n_samples_after_trim=1978 max_pairs=0
[eval.mvp] Generated predictions | n_predictions=1978
[eval.mvp] Scoring complete | accuracy=59.9596 pair_consistency=27.0981 n_pairs=989 n_samples=1978
[eval.mvp] Artifacts written | output_dir=artifacts/probes/mvp_probe_linear_videomae_v2_vit_giant_16_224_20260501T080356Z/layer_10/train/trial_0005/val_eval
wandb: updating run metadata
wandb: uploading output.log; uploading wandb-summary.json; uploading config.yaml
wandb: 
wandb: Run history:
wandb:          epoch ▁▁▁▁▂▂▂▂▂▂▃▃▃▃▃▄▄▄▄▄▅▅▅▅▅▅▆▆▆▆▆▇▇▇▇▇▇███
wandb: train_accuracy ▁▃▁▂▃▅▃▁▅▆▅▆▄▆▆▆▂▆▄▅▅▅▆▇▅▅▇▇▅▆▇▇▆▇▇▇█▇▆▇
wandb:     train_loss █▃▅▃▃▃▄▂▂▂▂▂▂▂▂▃▁▂▂▂▂▁▁▂▂▂▁▁▂▁▁▁▂▁▁▁▁▁▂▁
wandb:   val_accuracy ▃▁▁▂▂▄▂▃▆▂▄▇▅▆▄▄▂▇▄▃▁▃▇▆▇▄▄▇▄▄▇▄▃█▃▆▇▄▇▆
wandb:       val_loss ▃▆▃▃▂▄▃▂▃▂▂▁▂▂▂▁▂▃▂█▁▂▁▄▂▃▁▂▂▁▂▃▁▃▁▁▃▂▇▅
wandb: 
wandb: Run summary:
wandb:           best_epoch 41
wandb:    best_val_accuracy 59.95956
wandb:        best_val_loss 0.66907
wandb: checkpoint_best_path artifacts/probes/mvp...
wandb: checkpoint_last_path artifacts/probes/mvp...
wandb:      checkpoint_path artifacts/probes/mvp...
wandb:              dataset mvp
wandb:      elapsed_seconds 6.62053
wandb:                epoch 50
wandb:    feature_signature 7c0fab9616b3b517
wandb:                  +22 ...
wandb: 
wandb: 🚀 View run mvp_linear_videomae_v2_vit_giant_16_224_layer_10/trial_0005 at: https://wandb.ai/caselli-niccolo-developer-university-of-amsterdam/probe4physics/runs/4nune88e
wandb: ⭐️ View project at: https://wandb.ai/caselli-niccolo-developer-university-of-amsterdam/probe4physics
wandb: Synced 5 W&B file(s), 0 media file(s), 0 artifact file(s) and 0 other file(s)
wandb: Find logs at: ./wandb/run-20260501_100553-4nune88e/logs
[I 2026-05-01 10:06:01,368] Trial 5 finished with value: 27.098078867542974 and parameters: {'lr': 0.0009717775305059633, 'weight_decay': 7.417652034871823e-07, 'batch_size': 256, 'epochs': 50}. Best is trial 1 with value: 30.738119312436808.
wandb: setting up run 1o3qlpxt
wandb: Tracking run with wandb version 0.26.1
wandb: Run data is saved locally in /gpfs/home3/scur0511/Probe4Physics/wandb/run-20260501_100603-1o3qlpxt
wandb: Run `wandb offline` to turn off syncing.
wandb: Syncing run mvp_linear_videomae_v2_vit_giant_16_224_layer_10/trial_0006
wandb: ⭐️ View project at https://wandb.ai/caselli-niccolo-developer-university-of-amsterdam/probe4physics
wandb: 🚀 View run at https://wandb.ai/caselli-niccolo-developer-university-of-amsterdam/probe4physics/runs/1o3qlpxt
[eval.mvp] Starting eval | split_name=val split_dir=data/splits/mvp/full_60_20_20 predictor_mode=from_file annotation_file=data/annotations/mvp_full.jsonl
[eval.mvp] Loaded split assignments | split_pairs=989 split_samples=1978
[eval.mvp] Prepared samples | n_pairs_before_trim=989 n_samples_before_trim=1978 n_pairs_after_trim=989 n_samples_after_trim=1978 max_pairs=0
[eval.mvp] Generated predictions | n_predictions=1978
[eval.mvp] Scoring complete | accuracy=60.4146 pair_consistency=28.0081 n_pairs=989 n_samples=1978
[eval.mvp] Artifacts written | output_dir=artifacts/probes/mvp_probe_linear_videomae_v2_vit_giant_16_224_20260501T080356Z/layer_10/train/trial_0006/val_eval
wandb: updating run metadata
wandb: uploading output.log; uploading wandb-summary.json; uploading config.yaml
wandb: 
wandb: Run history:
wandb:          epoch ▁▁▁▂▂▂▂▂▃▃▃▃▃▃▃▄▄▄▅▅▅▆▆▆▆▆▆▆▇▇▇▇▇▇▇▇████
wandb: train_accuracy ▁▂▂▂▂▅▃▄▄▄▅▅▃▅▆▆▆▆▆▇▇▆▅▇▆▆██▆▆▇██▄▆█▆█▇█
wandb:     train_loss █▃▄▂▂▂▂▂▂▂▂▂▂▂▂▂▂▂▂▂▂▁▂▁▁▁▁▁▂▂▂▁▁▂▁▁▁▁▂▁
wandb:   val_accuracy ▁▂▅▅▃▄▁▃▁▃▆▄▇▆▁▃▇▅█▆▄▆▂▆▆▇▇▃▆▆▇█▆▅▇▅▇▃▇▆
wandb:       val_loss ▇█▅▄▃▄▃▄▃▇▂▃▂▂▇▂▂▂▃▇▂▂▂▂▂▂▃▃▂▂▁▃▄▁▂▂▂▃▁▂
wandb: 
wandb: Run summary:
wandb:           best_epoch 91
wandb:    best_val_accuracy 60.41456
wandb:        best_val_loss 0.66498
wandb: checkpoint_best_path artifacts/probes/mvp...
wandb: checkpoint_last_path artifacts/probes/mvp...
wandb:      checkpoint_path artifacts/probes/mvp...
wandb:              dataset mvp
wandb:      elapsed_seconds 10.93493
wandb:                epoch 100
wandb:    feature_signature 7c0fab9616b3b517
wandb:                  +22 ...
wandb: 
wandb: 🚀 View run mvp_linear_videomae_v2_vit_giant_16_224_layer_10/trial_0006 at: https://wandb.ai/caselli-niccolo-developer-university-of-amsterdam/probe4physics/runs/1o3qlpxt
wandb: ⭐️ View project at: https://wandb.ai/caselli-niccolo-developer-university-of-amsterdam/probe4physics
wandb: Synced 5 W&B file(s), 0 media file(s), 0 artifact file(s) and 0 other file(s)
wandb: Find logs at: ./wandb/run-20260501_100603-1o3qlpxt/logs
[I 2026-05-01 10:06:16,156] Trial 6 finished with value: 28.00808897876643 and parameters: {'lr': 0.0006218704727769079, 'weight_decay': 0.0033981724150106006, 'batch_size': 256, 'epochs': 100}. Best is trial 1 with value: 30.738119312436808.
wandb: setting up run 24lnx27w
wandb: Tracking run with wandb version 0.26.1
wandb: Run data is saved locally in /gpfs/home3/scur0511/Probe4Physics/wandb/run-20260501_100618-24lnx27w
wandb: Run `wandb offline` to turn off syncing.
wandb: Syncing run mvp_linear_videomae_v2_vit_giant_16_224_layer_10/trial_0007
wandb: ⭐️ View project at https://wandb.ai/caselli-niccolo-developer-university-of-amsterdam/probe4physics
wandb: 🚀 View run at https://wandb.ai/caselli-niccolo-developer-university-of-amsterdam/probe4physics/runs/24lnx27w
[eval.mvp] Starting eval | split_name=val split_dir=data/splits/mvp/full_60_20_20 predictor_mode=from_file annotation_file=data/annotations/mvp_full.jsonl
[eval.mvp] Loaded split assignments | split_pairs=989 split_samples=1978
[eval.mvp] Prepared samples | n_pairs_before_trim=989 n_samples_before_trim=1978 n_pairs_after_trim=989 n_samples_after_trim=1978 max_pairs=0
[eval.mvp] Generated predictions | n_predictions=1978
[eval.mvp] Scoring complete | accuracy=56.6229 pair_consistency=18.6047 n_pairs=989 n_samples=1978
[eval.mvp] Artifacts written | output_dir=artifacts/probes/mvp_probe_linear_videomae_v2_vit_giant_16_224_20260501T080356Z/layer_10/train/trial_0007/val_eval
wandb: updating run metadata
wandb: uploading wandb-metadata.json; uploading requirements.txt; uploading output.log; uploading wandb-summary.json; uploading config.yaml
wandb: 
wandb: Run history:
wandb:          epoch ▁▁▂▂▂▃▃▄▄▄▅▅▅▆▆▇▇▇██
wandb: train_accuracy ▁▄▄▃▅▅▅▅▅▆▇▅▇▇▇▆▇▆██
wandb:     train_loss █▂▂▂▂▁▁▁▁▁▁▁▁▁▁▁▁▁▁▁
wandb:   val_accuracy ▂▃▃▁▂▄▄▄▆▅▁▅▃▆▂▃▂▅█▇
wandb:       val_loss █▅▄▅▄▃▃▃▂▂▄▂▃▂▄▂▃▁▁▁
wandb: 
wandb: Run summary:
wandb:           best_epoch 19
wandb:    best_val_accuracy 56.62285
wandb:        best_val_loss 0.68634
wandb: checkpoint_best_path artifacts/probes/mvp...
wandb: checkpoint_last_path artifacts/probes/mvp...
wandb:      checkpoint_path artifacts/probes/mvp...
wandb:              dataset mvp
wandb:      elapsed_seconds 4.7022
wandb:                epoch 20
wandb:    feature_signature 7c0fab9616b3b517
wandb:                  +22 ...
wandb: 
wandb: 🚀 View run mvp_linear_videomae_v2_vit_giant_16_224_layer_10/trial_0007 at: https://wandb.ai/caselli-niccolo-developer-university-of-amsterdam/probe4physics/runs/24lnx27w
wandb: ⭐️ View project at: https://wandb.ai/caselli-niccolo-developer-university-of-amsterdam/probe4physics
wandb: Synced 5 W&B file(s), 0 media file(s), 0 artifact file(s) and 0 other file(s)
wandb: Find logs at: ./wandb/run-20260501_100618-24lnx27w/logs
[I 2026-05-01 10:06:24,512] Trial 7 finished with value: 18.6046511627907 and parameters: {'lr': 0.00011756010900231849, 'weight_decay': 4.848496183873288e-07, 'batch_size': 128, 'epochs': 20}. Best is trial 1 with value: 30.738119312436808.
wandb: setting up run so5i4lin
wandb: Tracking run with wandb version 0.26.1
wandb: Run data is saved locally in /gpfs/home3/scur0511/Probe4Physics/wandb/run-20260501_100626-so5i4lin
wandb: Run `wandb offline` to turn off syncing.
wandb: Syncing run mvp_linear_videomae_v2_vit_giant_16_224_layer_10/trial_0008
wandb: ⭐️ View project at https://wandb.ai/caselli-niccolo-developer-university-of-amsterdam/probe4physics
wandb: 🚀 View run at https://wandb.ai/caselli-niccolo-developer-university-of-amsterdam/probe4physics/runs/so5i4lin
wandb: updating run metadata
wandb: uploading wandb-summary.json; uploading config.yaml
wandb: 
wandb: Run history:
wandb:          epoch ▁▁▁▁▁▂▂▂▂▂▃▃▃▃▄▄▄▄▄▄▅▅▅▅▆▆▆▆▆▆▆▆▇▇▇█████
wandb: train_accuracy ▁▁▂▂▂▄▄▅▅▅▄▆▅▅▅▅▅▅▆▆▆▇▅▆▅▆▇▆▆▆▆█▇▇██▇▇██
wandb:     train_loss █▂▂▂▂▁▁▁▁▁▁▁▁▁▁▁▁▁▁▁▁▁▁▁▁▁▁▁▁▁▁▁▁▁▁▁▁▁▁▁
wandb:   val_accuracy ▁▂▂▃▄▄▄▄▅▄▅▆▅▅▅▅▆▆▆▆▇▆▆▇▇▇▇▆█▆█▆▆▇▇▇▇▆▇█
wandb:       val_loss █▃▃▂▂▂▁▁▁▁▁▁▁▁▁▁▁▁▁▁▁▁▁▁▁▁▁▁▁▁▁▁▁▁▁▁▁▁▁▁
wandb: 
wandb: Run summary:
wandb:          epoch 100
wandb: train_accuracy 54.72175
wandb:     train_loss 0.68871
wandb:   val_accuracy 53.89282
wandb:       val_loss 0.68775
wandb: 
wandb: 🚀 View run mvp_linear_videomae_v2_vit_giant_16_224_layer_10/trial_0008 at: https://wandb.ai/caselli-niccolo-developer-university-of-amsterdam/probe4physics/runs/so5i4lin
wandb: ⭐️ View project at: https://wandb.ai/caselli-niccolo-developer-university-of-amsterdam/probe4physics
wandb: Synced 4 W&B file(s), 0 media file(s), 0 artifact file(s) and 0 other file(s)
wandb: Find logs at: ./wandb/run-20260501_100626-so5i4lin/logs
[I 2026-05-01 10:06:37,325] Trial 8 pruned. Pruned at epoch 100 with val_accuracy=53.8928
wandb: setting up run z6u89fmz
wandb: Tracking run with wandb version 0.26.1
wandb: Run data is saved locally in /gpfs/home3/scur0511/Probe4Physics/wandb/run-20260501_100639-z6u89fmz
wandb: Run `wandb offline` to turn off syncing.
wandb: Syncing run mvp_linear_videomae_v2_vit_giant_16_224_layer_10/trial_0009
wandb: ⭐️ View project at https://wandb.ai/caselli-niccolo-developer-university-of-amsterdam/probe4physics
wandb: 🚀 View run at https://wandb.ai/caselli-niccolo-developer-university-of-amsterdam/probe4physics/runs/z6u89fmz
[eval.mvp] Starting eval | split_name=val split_dir=data/splits/mvp/full_60_20_20 predictor_mode=from_file annotation_file=data/annotations/mvp_full.jsonl
[eval.mvp] Loaded split assignments | split_pairs=989 split_samples=1978
[eval.mvp] Prepared samples | n_pairs_before_trim=989 n_samples_before_trim=1978 n_pairs_after_trim=989 n_samples_after_trim=1978 max_pairs=0
[eval.mvp] Generated predictions | n_predictions=1978
[eval.mvp] Scoring complete | accuracy=59.7068 pair_consistency=27.5025 n_pairs=989 n_samples=1978
[eval.mvp] Artifacts written | output_dir=artifacts/probes/mvp_probe_linear_videomae_v2_vit_giant_16_224_20260501T080356Z/layer_10/train/trial_0009/val_eval
wandb: updating run metadata
wandb: uploading output.log; uploading wandb-summary.json; uploading config.yaml
wandb: 
wandb: Run history:
wandb:          epoch ▁▁▁▁▂▂▂▂▂▃▃▃▃▃▃▄▄▄▄▄▅▅▅▅▅▅▆▆▆▆▆▇▇▇▇▇▇███
wandb: train_accuracy ▂▂▁▃▂▃▃▅▆▆▄▅▆▆▅▃▆▅▄▇▅▆▇▅▆▆▇▇▅▆█▆▇▇▆███▆█
wandb:     train_loss █▃▄▂▃▂▃▂▂▂▂▂▂▂▂▂▂▂▂▃▂▁▁▂▂▁▁▁▂▁▁▁▁▁▁▁▁▁▁▁
wandb:   val_accuracy ▂▃▅▅▁▃▆▅▃▆▂▆▃▃▇▂▂▅▁▅▆▇▆▅▆▅▃▇▂▇▆▇▄▇▂▇█▆▆▆
wandb:       val_loss ▃▆▂▂▂▃▂▂▂▂▂▂▂▂▂▃▃▂▆▂▁▁▁▂▁▁▃▁▄▁▁▂▁▃▁▁▂▂█▂
wandb: 
wandb: Run summary:
wandb:           best_epoch 45
wandb:    best_val_accuracy 59.70678
wandb:        best_val_loss 0.67002
wandb: checkpoint_best_path artifacts/probes/mvp...
wandb: checkpoint_last_path artifacts/probes/mvp...
wandb:      checkpoint_path artifacts/probes/mvp...
wandb:              dataset mvp
wandb:      elapsed_seconds 7.10103
wandb:                epoch 50
wandb:    feature_signature 7c0fab9616b3b517
wandb:                  +22 ...
wandb: 
wandb: 🚀 View run mvp_linear_videomae_v2_vit_giant_16_224_layer_10/trial_0009 at: https://wandb.ai/caselli-niccolo-developer-university-of-amsterdam/probe4physics/runs/z6u89fmz
wandb: ⭐️ View project at: https://wandb.ai/caselli-niccolo-developer-university-of-amsterdam/probe4physics
wandb: Synced 5 W&B file(s), 0 media file(s), 0 artifact file(s) and 0 other file(s)
wandb: Find logs at: ./wandb/run-20260501_100639-z6u89fmz/logs
[I 2026-05-01 10:06:48,284] Trial 9 finished with value: 27.502527805864506 and parameters: {'lr': 0.0007411299781083245, 'weight_decay': 9.669146694016007e-07, 'batch_size': 256, 'epochs': 50}. Best is trial 1 with value: 30.738119312436808.
wandb: setting up run fhoyfizj
wandb: Tracking run with wandb version 0.26.1
wandb: Run data is saved locally in /gpfs/home3/scur0511/Probe4Physics/wandb/run-20260501_100650-fhoyfizj
wandb: Run `wandb offline` to turn off syncing.
wandb: Syncing run mvp_linear_videomae_v2_vit_giant_16_224_layer_10/trial_0010
wandb: ⭐️ View project at https://wandb.ai/caselli-niccolo-developer-university-of-amsterdam/probe4physics
wandb: 🚀 View run at https://wandb.ai/caselli-niccolo-developer-university-of-amsterdam/probe4physics/runs/fhoyfizj
[eval.mvp] Starting eval | split_name=val split_dir=data/splits/mvp/full_60_20_20 predictor_mode=from_file annotation_file=data/annotations/mvp_full.jsonl
[eval.mvp] Loaded split assignments | split_pairs=989 split_samples=1978
[eval.mvp] Prepared samples | n_pairs_before_trim=989 n_samples_before_trim=1978 n_pairs_after_trim=989 n_samples_after_trim=1978 max_pairs=0
[eval.mvp] Generated predictions | n_predictions=1978
[eval.mvp] Scoring complete | accuracy=61.1223 pair_consistency=29.7270 n_pairs=989 n_samples=1978
[eval.mvp] Artifacts written | output_dir=artifacts/probes/mvp_probe_linear_videomae_v2_vit_giant_16_224_20260501T080356Z/layer_10/train/trial_0010/val_eval
wandb: updating run metadata
wandb: uploading output.log; uploading wandb-summary.json; uploading config.yaml
wandb: uploading wandb-summary.json
wandb: 
wandb: Run history:
wandb:          epoch ▁▁▁▁▂▂▂▂▂▂▃▃▃▃▃▄▄▄▄▄▄▄▅▅▅▅▆▆▆▆▆▇▇▇▇▇▇███
wandb: train_accuracy ▁▃▄▄▅▅▄▃▆▄▅▅▆▅▃▅▅▇▆▅▆▆▇▆▇▆▆▅▆█▅█▇▅█▆▆▇▅█
wandb:     train_loss ▄▃▃▃▃▃▃▂▄▂▃▃▃▂▂▄▂▂▄▃▄▂▂▁▂▃▃█▂▄▂▃▂▁▃▃▂▂▂▂
wandb:   val_accuracy ▂▁▁▅▆▁▅▅▂▇▂▂▆▅█▇▄▅▂▂█▇▂█▆▆▄▂▁▅▆▂▄█▇▆▂▇▅█
wandb:       val_loss ▄▅▁▄▄▁▄▂▂▆▃▁▃▃▁▁▁▄▂▂▅▁▂▃▃▂▃▂▁▂▅▂▃▂▁▁█▁▄▂
wandb: 
wandb: Run summary:
wandb:           best_epoch 74
wandb:    best_val_accuracy 61.12234
wandb:        best_val_loss 0.69741
wandb: checkpoint_best_path artifacts/probes/mvp...
wandb: checkpoint_last_path artifacts/probes/mvp...
wandb:      checkpoint_path artifacts/probes/mvp...
wandb:              dataset mvp
wandb:      elapsed_seconds 14.60263
wandb:                epoch 100
wandb:    feature_signature 7c0fab9616b3b517
wandb:                  +22 ...
wandb: 
wandb: 🚀 View run mvp_linear_videomae_v2_vit_giant_16_224_layer_10/trial_0010 at: https://wandb.ai/caselli-niccolo-developer-university-of-amsterdam/probe4physics/runs/fhoyfizj
wandb: ⭐️ View project at: https://wandb.ai/caselli-niccolo-developer-university-of-amsterdam/probe4physics
wandb: Synced 5 W&B file(s), 0 media file(s), 0 artifact file(s) and 0 other file(s)
wandb: Find logs at: ./wandb/run-20260501_100650-fhoyfizj/logs
[I 2026-05-01 10:07:06,740] Trial 10 finished with value: 29.726996966632964 and parameters: {'lr': 0.008013349589915042, 'weight_decay': 1.086383341945677e-08, 'batch_size': 64, 'epochs': 100}. Best is trial 1 with value: 30.738119312436808.
wandb: setting up run ia84g850
wandb: Tracking run with wandb version 0.26.1
wandb: Run data is saved locally in /gpfs/home3/scur0511/Probe4Physics/wandb/run-20260501_100708-ia84g850
wandb: Run `wandb offline` to turn off syncing.
wandb: Syncing run mvp_linear_videomae_v2_vit_giant_16_224_layer_10/trial_0011
wandb: ⭐️ View project at https://wandb.ai/caselli-niccolo-developer-university-of-amsterdam/probe4physics
wandb: 🚀 View run at https://wandb.ai/caselli-niccolo-developer-university-of-amsterdam/probe4physics/runs/ia84g850
[eval.mvp] Starting eval | split_name=val split_dir=data/splits/mvp/full_60_20_20 predictor_mode=from_file annotation_file=data/annotations/mvp_full.jsonl
[eval.mvp] Loaded split assignments | split_pairs=989 split_samples=1978
[eval.mvp] Prepared samples | n_pairs_before_trim=989 n_samples_before_trim=1978 n_pairs_after_trim=989 n_samples_after_trim=1978 max_pairs=0
[eval.mvp] Generated predictions | n_predictions=1978
[eval.mvp] Scoring complete | accuracy=61.6785 pair_consistency=31.0415 n_pairs=989 n_samples=1978
[eval.mvp] Artifacts written | output_dir=artifacts/probes/mvp_probe_linear_videomae_v2_vit_giant_16_224_20260501T080356Z/layer_10/train/trial_0011/val_eval
wandb: updating run metadata
wandb: uploading output.log; uploading wandb-summary.json; uploading config.yaml
wandb: 
wandb: Run history:
wandb:          epoch ▁▁▂▂▂▂▂▂▂▂▃▃▃▃▃▃▃▄▄▄▄▄▄▄▅▅▅▅▅▅▆▆▆▆▇▇████
wandb: train_accuracy ▁▂▃▃▄▅▆▄▄▄▃▅▅▅▆▅▆▅▄▆▄▄▆▅▇▆▇▆▇▅▄█▇▅▇▇▇█▆▇
wandb:     train_loss ▄▃▃▄▄▂▁▃▂▆█▂▅▂▁▂▄▃▁▄▁▃▅▃▂▁▄▃▁▂▂▂▄▃▁▁▂▂▄▂
wandb:   val_accuracy ▁▄▆▅▂▃▃▅▂▁▅▅▄▃▇▁▅▃▅▆▅▆▂▃█▂▂▆█▂▇█▂▆▄▇▄▇▁▁
wandb:       val_loss ▂▂▃▂▁▄▃█▅▂▄▁▁▂▁▂▄▂▁▂▃▂▃▁▄▇▄▃▄▁▁▆▁▃▁▁▃▅▁▁
wandb: 
wandb: Run summary:
wandb:           best_epoch 70
wandb:    best_val_accuracy 61.67846
wandb:        best_val_loss 0.67442
wandb: checkpoint_best_path artifacts/probes/mvp...
wandb: checkpoint_last_path artifacts/probes/mvp...
wandb:      checkpoint_path artifacts/probes/mvp...
wandb:              dataset mvp
wandb:      elapsed_seconds 14.50636
wandb:                epoch 100
wandb:    feature_signature 7c0fab9616b3b517
wandb:                  +22 ...
wandb: 
wandb: 🚀 View run mvp_linear_videomae_v2_vit_giant_16_224_layer_10/trial_0011 at: https://wandb.ai/caselli-niccolo-developer-university-of-amsterdam/probe4physics/runs/ia84g850
wandb: ⭐️ View project at: https://wandb.ai/caselli-niccolo-developer-university-of-amsterdam/probe4physics
wandb: Synced 5 W&B file(s), 0 media file(s), 0 artifact file(s) and 0 other file(s)
wandb: Find logs at: ./wandb/run-20260501_100708-ia84g850/logs
[I 2026-05-01 10:07:24,581] Trial 11 finished with value: 31.04145601617796 and parameters: {'lr': 0.008296796921936793, 'weight_decay': 1.7074626001153678e-08, 'batch_size': 64, 'epochs': 100}. Best is trial 11 with value: 31.04145601617796.
wandb: setting up run cwz1mb0s
wandb: Tracking run with wandb version 0.26.1
wandb: Run data is saved locally in /gpfs/home3/scur0511/Probe4Physics/wandb/run-20260501_100726-cwz1mb0s
wandb: Run `wandb offline` to turn off syncing.
wandb: Syncing run mvp_linear_videomae_v2_vit_giant_16_224_layer_10/trial_0012
wandb: ⭐️ View project at https://wandb.ai/caselli-niccolo-developer-university-of-amsterdam/probe4physics
wandb: 🚀 View run at https://wandb.ai/caselli-niccolo-developer-university-of-amsterdam/probe4physics/runs/cwz1mb0s
[eval.mvp] Starting eval | split_name=val split_dir=data/splits/mvp/full_60_20_20 predictor_mode=from_file annotation_file=data/annotations/mvp_full.jsonl
[eval.mvp] Loaded split assignments | split_pairs=989 split_samples=1978
[eval.mvp] Prepared samples | n_pairs_before_trim=989 n_samples_before_trim=1978 n_pairs_after_trim=989 n_samples_after_trim=1978 max_pairs=0
[eval.mvp] Generated predictions | n_predictions=1978
[eval.mvp] Scoring complete | accuracy=61.8301 pair_consistency=31.8504 n_pairs=989 n_samples=1978
[eval.mvp] Artifacts written | output_dir=artifacts/probes/mvp_probe_linear_videomae_v2_vit_giant_16_224_20260501T080356Z/layer_10/train/trial_0012/val_eval
wandb: updating run metadata
wandb: uploading output.log; uploading wandb-summary.json; uploading config.yaml
wandb: uploading history steps 0-99, summary, console lines 0-6
wandb: 
wandb: Run history:
wandb:          epoch ▁▁▂▂▂▂▃▃▃▃▃▃▄▄▄▄▄▄▅▅▅▅▅▅▆▆▆▆▆▇▇▇▇▇▇█████
wandb: train_accuracy ▁▂▁▂▃▄▃▄▅▄▅▅▅▅▃▅▄▆▇▅▅▅▆▅▆▆▆▆▅▆▇▆▄▄▆▆█▆▆▇
wandb:     train_loss █▃▄▅▂▅▄▇▂▄▄▅▂▅▄▃▃▃▅▃▂▄▃▄▃▇▅▃▂▃▅▂▅▁▄▄▂▁▂▃
wandb:   val_accuracy ▂▁▂▁▆▁▄▆▄▂▆▅▇▃▃▆▃██▇▆▄▇▇▃▂▆▇▂▁▅▂▇▇▇▆▆▆▃▆
wandb:       val_loss ▂▃▂▁▁▂▁▃▂▁▃▁▂▁▂▁▃▂▁▅▂▂▂▂▁▂▂▂▂▄▅▁▃▁▅▃▁▂█▁
wandb: 
wandb: Run summary:
wandb:           best_epoch 86
wandb:    best_val_accuracy 61.83013
wandb:        best_val_loss 0.68117
wandb: checkpoint_best_path artifacts/probes/mvp...
wandb: checkpoint_last_path artifacts/probes/mvp...
wandb:      checkpoint_path artifacts/probes/mvp...
wandb:              dataset mvp
wandb:      elapsed_seconds 14.4136
wandb:                epoch 100
wandb:    feature_signature 7c0fab9616b3b517
wandb:                  +22 ...
wandb: 
wandb: 🚀 View run mvp_linear_videomae_v2_vit_giant_16_224_layer_10/trial_0012 at: https://wandb.ai/caselli-niccolo-developer-university-of-amsterdam/probe4physics/runs/cwz1mb0s
wandb: ⭐️ View project at: https://wandb.ai/caselli-niccolo-developer-university-of-amsterdam/probe4physics
wandb: Synced 5 W&B file(s), 0 media file(s), 0 artifact file(s) and 0 other file(s)
wandb: Find logs at: ./wandb/run-20260501_100726-cwz1mb0s/logs
[I 2026-05-01 10:07:42,676] Trial 12 finished with value: 31.850353892821033 and parameters: {'lr': 0.007195474801612276, 'weight_decay': 5.666538349312614e-08, 'batch_size': 64, 'epochs': 100}. Best is trial 12 with value: 31.850353892821033.
wandb: setting up run w1kn8x55
wandb: Tracking run with wandb version 0.26.1
wandb: Run data is saved locally in /gpfs/home3/scur0511/Probe4Physics/wandb/run-20260501_100744-w1kn8x55
wandb: Run `wandb offline` to turn off syncing.
wandb: Syncing run mvp_linear_videomae_v2_vit_giant_16_224_layer_10/trial_0013
wandb: ⭐️ View project at https://wandb.ai/caselli-niccolo-developer-university-of-amsterdam/probe4physics
wandb: 🚀 View run at https://wandb.ai/caselli-niccolo-developer-university-of-amsterdam/probe4physics/runs/w1kn8x55
[eval.mvp] Starting eval | split_name=val split_dir=data/splits/mvp/full_60_20_20 predictor_mode=from_file annotation_file=data/annotations/mvp_full.jsonl
[eval.mvp] Loaded split assignments | split_pairs=989 split_samples=1978
[eval.mvp] Prepared samples | n_pairs_before_trim=989 n_samples_before_trim=1978 n_pairs_after_trim=989 n_samples_after_trim=1978 max_pairs=0
[eval.mvp] Generated predictions | n_predictions=1978
[eval.mvp] Scoring complete | accuracy=62.0829 pair_consistency=32.5581 n_pairs=989 n_samples=1978
[eval.mvp] Artifacts written | output_dir=artifacts/probes/mvp_probe_linear_videomae_v2_vit_giant_16_224_20260501T080356Z/layer_10/train/trial_0013/val_eval
wandb: updating run metadata
wandb: uploading output.log; uploading wandb-summary.json; uploading config.yaml
wandb: 
wandb: Run history:
wandb:          epoch ▁▁▁▁▁▂▂▂▂▃▃▃▃▃▃▄▄▄▄▄▅▅▅▅▆▆▆▆▆▆▇▇▇▇▇█████
wandb: train_accuracy ▁▄▄▄▃▅▄▄▆▆▅▄▇▅▅▅▅▅▆▇█▆▆█▆█▆▇▆█▇▇▅▅▅▇█▇▇█
wandb:     train_loss █▂▃▂▂▂▃▂▃▂▅▂▂▁▁▂▂▂▁▁▂▃▂▂▂▁▅▃▃▂▁▂▃▁▁▂▂▂▂▁
wandb:   val_accuracy ▁▁▁▄▂▅▅▁▆▆▂▂▅▅▂▅▃▅▅▃█▇▆▇▂▆▆▆▆▇▁▅▂▇▁▅▇▇▁▆
wandb:       val_loss ▂█▄▁▂▂▂▆█▂█▄▂▄▁▁▂▄▁▅▃▄▃▁▄▁▄▂▂▁▁▃▅▃▆█▄▄▁▂
wandb: 
wandb: Run summary:
wandb:           best_epoch 96
wandb:    best_val_accuracy 62.08291
wandb:        best_val_loss 0.66992
wandb: checkpoint_best_path artifacts/probes/mvp...
wandb: checkpoint_last_path artifacts/probes/mvp...
wandb:      checkpoint_path artifacts/probes/mvp...
wandb:              dataset mvp
wandb:      elapsed_seconds 14.7016
wandb:                epoch 100
wandb:    feature_signature 7c0fab9616b3b517
wandb:                  +22 ...
wandb: 
wandb: 🚀 View run mvp_linear_videomae_v2_vit_giant_16_224_layer_10/trial_0013 at: https://wandb.ai/caselli-niccolo-developer-university-of-amsterdam/probe4physics/runs/w1kn8x55
wandb: ⭐️ View project at: https://wandb.ai/caselli-niccolo-developer-university-of-amsterdam/probe4physics
wandb: Synced 5 W&B file(s), 0 media file(s), 0 artifact file(s) and 0 other file(s)
wandb: Find logs at: ./wandb/run-20260501_100744-w1kn8x55/logs
[I 2026-05-01 10:08:00,947] Trial 13 finished with value: 32.55813953488372 and parameters: {'lr': 0.007426005343305405, 'weight_decay': 1.0179110443029212e-07, 'batch_size': 64, 'epochs': 100}. Best is trial 13 with value: 32.55813953488372.
wandb: setting up run jhtw1cot
wandb: Tracking run with wandb version 0.26.1
wandb: Run data is saved locally in /gpfs/home3/scur0511/Probe4Physics/wandb/run-20260501_100802-jhtw1cot
wandb: Run `wandb offline` to turn off syncing.
wandb: Syncing run mvp_linear_videomae_v2_vit_giant_16_224_layer_10/trial_0014
wandb: ⭐️ View project at https://wandb.ai/caselli-niccolo-developer-university-of-amsterdam/probe4physics
wandb: 🚀 View run at https://wandb.ai/caselli-niccolo-developer-university-of-amsterdam/probe4physics/runs/jhtw1cot
[eval.mvp] Starting eval | split_name=val split_dir=data/splits/mvp/full_60_20_20 predictor_mode=from_file annotation_file=data/annotations/mvp_full.jsonl
[eval.mvp] Loaded split assignments | split_pairs=989 split_samples=1978
[eval.mvp] Prepared samples | n_pairs_before_trim=989 n_samples_before_trim=1978 n_pairs_after_trim=989 n_samples_after_trim=1978 max_pairs=0
[eval.mvp] Generated predictions | n_predictions=1978
[eval.mvp] Scoring complete | accuracy=58.9484 pair_consistency=25.2781 n_pairs=989 n_samples=1978
[eval.mvp] Artifacts written | output_dir=artifacts/probes/mvp_probe_linear_videomae_v2_vit_giant_16_224_20260501T080356Z/layer_10/train/trial_0014/val_eval
wandb: updating run metadata
wandb: uploading wandb-metadata.json; uploading requirements.txt; uploading output.log; uploading wandb-summary.json; uploading config.yaml
wandb: 
wandb: Run history:
wandb:          epoch ▁▁▂▂▂▃▃▄▄▄▅▅▅▆▆▇▇▇██
wandb: train_accuracy ▁▂▃▄▄▂▅▄▅▅▅▇▅▆▆▆▅▅█▇
wandb:     train_loss █▂▄▂▂▅▂▂▂▂▃▂▃▂▂▂▄▃▁▁
wandb:   val_accuracy ▂▁▁▆▂▅▄▂▆▇▆▅▄▆█▁█▅▅▃
wandb:       val_loss ▂▃▃▁▃▁▃▂▂▁▂▂▃▂▁█▁▂▂▃
wandb: 
wandb: Run summary:
wandb:           best_epoch 17
wandb:    best_val_accuracy 58.94843
wandb:        best_val_loss 0.66683
wandb: checkpoint_best_path artifacts/probes/mvp...
wandb: checkpoint_last_path artifacts/probes/mvp...
wandb:      checkpoint_path artifacts/probes/mvp...
wandb:              dataset mvp
wandb:      elapsed_seconds 4.83717
wandb:                epoch 20
wandb:    feature_signature 7c0fab9616b3b517
wandb:                  +22 ...
wandb: 
wandb: 🚀 View run mvp_linear_videomae_v2_vit_giant_16_224_layer_10/trial_0014 at: https://wandb.ai/caselli-niccolo-developer-university-of-amsterdam/probe4physics/runs/jhtw1cot
wandb: ⭐️ View project at: https://wandb.ai/caselli-niccolo-developer-university-of-amsterdam/probe4physics
wandb: Synced 5 W&B file(s), 0 media file(s), 0 artifact file(s) and 0 other file(s)
wandb: Find logs at: ./wandb/run-20260501_100802-jhtw1cot/logs
[I 2026-05-01 10:08:09,038] Trial 14 finished with value: 25.278058645096056 and parameters: {'lr': 0.0029682750850865635, 'weight_decay': 7.026517448810043e-06, 'batch_size': 64, 'epochs': 20}. Best is trial 13 with value: 32.55813953488372.
wandb: setting up run m6v8rwu0
wandb: Tracking run with wandb version 0.26.1
wandb: Run data is saved locally in /gpfs/home3/scur0511/Probe4Physics/wandb/run-20260501_100810-m6v8rwu0
wandb: Run `wandb offline` to turn off syncing.
wandb: Syncing run mvp_linear_videomae_v2_vit_giant_16_224_layer_10/trial_0015
wandb: ⭐️ View project at https://wandb.ai/caselli-niccolo-developer-university-of-amsterdam/probe4physics
wandb: 🚀 View run at https://wandb.ai/caselli-niccolo-developer-university-of-amsterdam/probe4physics/runs/m6v8rwu0
[eval.mvp] Starting eval | split_name=val split_dir=data/splits/mvp/full_60_20_20 predictor_mode=from_file annotation_file=data/annotations/mvp_full.jsonl
[eval.mvp] Loaded split assignments | split_pairs=989 split_samples=1978
[eval.mvp] Prepared samples | n_pairs_before_trim=989 n_samples_before_trim=1978 n_pairs_after_trim=989 n_samples_after_trim=1978 max_pairs=0
[eval.mvp] Generated predictions | n_predictions=1978
[eval.mvp] Scoring complete | accuracy=62.2346 pair_consistency=32.2548 n_pairs=989 n_samples=1978
[eval.mvp] Artifacts written | output_dir=artifacts/probes/mvp_probe_linear_videomae_v2_vit_giant_16_224_20260501T080356Z/layer_10/train/trial_0015/val_eval
wandb: updating run metadata
wandb: uploading output.log; uploading wandb-summary.json; uploading config.yaml
wandb: uploading config.yaml
wandb: 
wandb: Run history:
wandb:          epoch ▁▁▁▂▂▂▂▂▃▃▃▃▃▃▃▄▄▄▄▄▅▅▅▅▅▅▅▆▆▆▆▆▇▇▇▇████
wandb: train_accuracy ▁▃▃▂▃▃▃▄▄▅▄▅▄▅▄▇▆▆▅▇▆▆▅▆▅▅▆▅▅▇▅▆▆█▆▇▆▇▆▇
wandb:     train_loss █▅▄▃▃▄▃▄▂▅▃▃▄▄▃▃▃▅▁▂▃▃▁▃▁▃▃▁▁▃▄▁▁▂▁▂▂▁▃▇
wandb:   val_accuracy ▂▂▃▁▆▃▄▆▂▄▃▃▅▁▇▇▁▅▅▇▇▂▇▃▂▇▆▄▄▄▆█▃▃▇▃▁▃▇▇
wandb:       val_loss ▂▁▂▂▃▄▁▂▇▁▃▃▂▂▂▁█▂▂▂▁▁▁▃▁▁▁▂▂▂▂▃▂▃▄▂▁▃▄▄
wandb: 
wandb: Run summary:
wandb:           best_epoch 59
wandb:    best_val_accuracy 62.23458
wandb:        best_val_loss 0.65341
wandb: checkpoint_best_path artifacts/probes/mvp...
wandb: checkpoint_last_path artifacts/probes/mvp...
wandb:      checkpoint_path artifacts/probes/mvp...
wandb:              dataset mvp
wandb:      elapsed_seconds 14.46673
wandb:                epoch 100
wandb:    feature_signature 7c0fab9616b3b517
wandb:                  +22 ...
wandb: 
wandb: 🚀 View run mvp_linear_videomae_v2_vit_giant_16_224_layer_10/trial_0015 at: https://wandb.ai/caselli-niccolo-developer-university-of-amsterdam/probe4physics/runs/m6v8rwu0
wandb: ⭐️ View project at: https://wandb.ai/caselli-niccolo-developer-university-of-amsterdam/probe4physics
wandb: Synced 5 W&B file(s), 0 media file(s), 0 artifact file(s) and 0 other file(s)
wandb: Find logs at: ./wandb/run-20260501_100810-m6v8rwu0/logs
[I 2026-05-01 10:08:27,984] Trial 15 finished with value: 32.25480283114257 and parameters: {'lr': 0.0032452493206864856, 'weight_decay': 1.7614007042410167e-07, 'batch_size': 64, 'epochs': 100}. Best is trial 13 with value: 32.55813953488372.
wandb: setting up run 9tckh8by
wandb: Tracking run with wandb version 0.26.1
wandb: Run data is saved locally in /gpfs/home3/scur0511/Probe4Physics/wandb/run-20260501_100830-9tckh8by
wandb: Run `wandb offline` to turn off syncing.
wandb: Syncing run mvp_linear_videomae_v2_vit_giant_16_224_layer_10/trial_0016
wandb: ⭐️ View project at https://wandb.ai/caselli-niccolo-developer-university-of-amsterdam/probe4physics
wandb: 🚀 View run at https://wandb.ai/caselli-niccolo-developer-university-of-amsterdam/probe4physics/runs/9tckh8by
[eval.mvp] Starting eval | split_name=val split_dir=data/splits/mvp/full_60_20_20 predictor_mode=from_file annotation_file=data/annotations/mvp_full.jsonl
[eval.mvp] Loaded split assignments | split_pairs=989 split_samples=1978
[eval.mvp] Prepared samples | n_pairs_before_trim=989 n_samples_before_trim=1978 n_pairs_after_trim=989 n_samples_after_trim=1978 max_pairs=0
[eval.mvp] Generated predictions | n_predictions=1978
[eval.mvp] Scoring complete | accuracy=61.1729 pair_consistency=30.8392 n_pairs=989 n_samples=1978
[eval.mvp] Artifacts written | output_dir=artifacts/probes/mvp_probe_linear_videomae_v2_vit_giant_16_224_20260501T080356Z/layer_10/train/trial_0016/val_eval
wandb: updating run metadata
wandb: uploading history steps 0-99, summary, console lines 0-6; uploading output.log; uploading wandb-summary.json; uploading config.yaml
wandb: uploading history steps 0-99, summary, console lines 0-6
wandb: 
wandb: Run history:
wandb:          epoch ▁▁▂▂▂▂▂▃▃▃▃▃▄▄▄▄▄▄▄▄▅▅▅▅▅▅▆▆▆▆▆▇▇▇▇▇▇███
wandb: train_accuracy ▁▂▂▃▃▄▄▄▄▅▆▆▇▆▅▆▇▆▆▆▇▆▇▄▄▇▇▅█▆▇▅█▇██▇▇▆▆
wandb:     train_loss ▄█▅█▄▄▄▆▄▄▅▃▄▃▂▅▃▆▄▃▁▂▂▄▁▂▁▂▂▂▂▂▁▂▁▅▂▃▅▆
wandb:   val_accuracy ▁▂▄▃▅▁▃▅▂▆▁▅▆▁▇▁▇█▄▂▇▁█▁▇▅▄▃▇▇▆▆▂█▇▃▆▂▄█
wandb:       val_loss ▃▂▂▃▅▁▂▂▅▄▆█▄▂▄▂▂▂▅▃▆▁▇▂▄▂▃▁▁▂▂▄▂▆▁▃▂▂▆▁
wandb: 
wandb: Run summary:
wandb:           best_epoch 70
wandb:    best_val_accuracy 61.1729
wandb:        best_val_loss 0.6535
wandb: checkpoint_best_path artifacts/probes/mvp...
wandb: checkpoint_last_path artifacts/probes/mvp...
wandb:      checkpoint_path artifacts/probes/mvp...
wandb:              dataset mvp
wandb:      elapsed_seconds 14.93375
wandb:                epoch 100
wandb:    feature_signature 7c0fab9616b3b517
wandb:                  +22 ...
wandb: 
wandb: 🚀 View run mvp_linear_videomae_v2_vit_giant_16_224_layer_10/trial_0016 at: https://wandb.ai/caselli-niccolo-developer-university-of-amsterdam/probe4physics/runs/9tckh8by
wandb: ⭐️ View project at: https://wandb.ai/caselli-niccolo-developer-university-of-amsterdam/probe4physics
wandb: Synced 5 W&B file(s), 0 media file(s), 0 artifact file(s) and 0 other file(s)
wandb: Find logs at: ./wandb/run-20260501_100830-9tckh8by/logs
[I 2026-05-01 10:08:47,407] Trial 16 finished with value: 30.83923154701719 and parameters: {'lr': 0.0027818485681011707, 'weight_decay': 8.186956777635556e-06, 'batch_size': 64, 'epochs': 100}. Best is trial 13 with value: 32.55813953488372.
wandb: setting up run ox5bdjub
wandb: Tracking run with wandb version 0.26.1
wandb: Run data is saved locally in /gpfs/home3/scur0511/Probe4Physics/wandb/run-20260501_100849-ox5bdjub
wandb: Run `wandb offline` to turn off syncing.
wandb: Syncing run mvp_linear_videomae_v2_vit_giant_16_224_layer_10/trial_0017
wandb: ⭐️ View project at https://wandb.ai/caselli-niccolo-developer-university-of-amsterdam/probe4physics
wandb: 🚀 View run at https://wandb.ai/caselli-niccolo-developer-university-of-amsterdam/probe4physics/runs/ox5bdjub
[eval.mvp] Starting eval | split_name=val split_dir=data/splits/mvp/full_60_20_20 predictor_mode=from_file annotation_file=data/annotations/mvp_full.jsonl
[eval.mvp] Loaded split assignments | split_pairs=989 split_samples=1978
[eval.mvp] Prepared samples | n_pairs_before_trim=989 n_samples_before_trim=1978 n_pairs_after_trim=989 n_samples_after_trim=1978 max_pairs=0
[eval.mvp] Generated predictions | n_predictions=1978
[eval.mvp] Scoring complete | accuracy=60.8190 pair_consistency=30.0303 n_pairs=989 n_samples=1978
[eval.mvp] Artifacts written | output_dir=artifacts/probes/mvp_probe_linear_videomae_v2_vit_giant_16_224_20260501T080356Z/layer_10/train/trial_0017/val_eval
wandb: updating run metadata
wandb: uploading output.log; uploading wandb-summary.json; uploading config.yaml
wandb: 
wandb: Run history:
wandb:          epoch ▁▂▂▂▂▂▂▃▃▃▃▃▃▃▄▄▅▅▅▅▅▅▅▅▆▆▆▆▆▆▇▇▇▇▇▇▇███
wandb: train_accuracy ▁▁▁▂▃▄▄▆▄▅▅▅▆▅▃▆▇▅▇▆▇▆▄▆▇▇▅█▇▅▇█▇▆▇▇█▇▆▇
wandb:     train_loss ▅█▅▄▄▅▇▃▅▂▃▃▄▄▃▄▂▄▃▂▅▃▃▂▂▄▃▃▃█▃▂▁▂▂▂▂▂▂▄
wandb:   val_accuracy ▂▁▂▄▇▃▆▃▃▁▂▇▇▁▃▅▇█▄▆▄▂▃▇█▅▆▅▃▃▆▇▆▄▇▅▇▁██
wandb:       val_loss ▄▂▃▂▁▁▁▂▁▄▁▂▁▁▇▅▂▃▂▂█▁▃▄▂▁▁▃▃▂▄▁▁▂▁▅▁▁▃▁
wandb: 
wandb: Run summary:
wandb:           best_epoch 63
wandb:    best_val_accuracy 60.81901
wandb:        best_val_loss 0.65844
wandb: checkpoint_best_path artifacts/probes/mvp...
wandb: checkpoint_last_path artifacts/probes/mvp...
wandb:      checkpoint_path artifacts/probes/mvp...
wandb:              dataset mvp
wandb:      elapsed_seconds 15.19073
wandb:                epoch 100
wandb:    feature_signature 7c0fab9616b3b517
wandb:                  +22 ...
wandb: 
wandb: 🚀 View run mvp_linear_videomae_v2_vit_giant_16_224_layer_10/trial_0017 at: https://wandb.ai/caselli-niccolo-developer-university-of-amsterdam/probe4physics/runs/ox5bdjub
wandb: ⭐️ View project at: https://wandb.ai/caselli-niccolo-developer-university-of-amsterdam/probe4physics
wandb: Synced 5 W&B file(s), 0 media file(s), 0 artifact file(s) and 0 other file(s)
wandb: Find logs at: ./wandb/run-20260501_100849-ox5bdjub/logs
[I 2026-05-01 10:09:06,131] Trial 17 finished with value: 30.030333670374116 and parameters: {'lr': 0.002711976903475663, 'weight_decay': 1.4149801312639384e-07, 'batch_size': 64, 'epochs': 100}. Best is trial 13 with value: 32.55813953488372.
wandb: setting up run kq9vu3rc
wandb: Tracking run with wandb version 0.26.1
wandb: Run data is saved locally in /gpfs/home3/scur0511/Probe4Physics/wandb/run-20260501_100907-kq9vu3rc
wandb: Run `wandb offline` to turn off syncing.
wandb: Syncing run mvp_linear_videomae_v2_vit_giant_16_224_layer_10/trial_0018
wandb: ⭐️ View project at https://wandb.ai/caselli-niccolo-developer-university-of-amsterdam/probe4physics
wandb: 🚀 View run at https://wandb.ai/caselli-niccolo-developer-university-of-amsterdam/probe4physics/runs/kq9vu3rc
[eval.mvp] Starting eval | split_name=val split_dir=data/splits/mvp/full_60_20_20 predictor_mode=from_file annotation_file=data/annotations/mvp_full.jsonl
[eval.mvp] Loaded split assignments | split_pairs=989 split_samples=1978
[eval.mvp] Prepared samples | n_pairs_before_trim=989 n_samples_before_trim=1978 n_pairs_after_trim=989 n_samples_after_trim=1978 max_pairs=0
[eval.mvp] Generated predictions | n_predictions=1978
[eval.mvp] Scoring complete | accuracy=54.6512 pair_consistency=17.4924 n_pairs=989 n_samples=1978
[eval.mvp] Artifacts written | output_dir=artifacts/probes/mvp_probe_linear_videomae_v2_vit_giant_16_224_20260501T080356Z/layer_10/train/trial_0018/val_eval
wandb: updating run metadata
wandb: uploading config.yaml
wandb: uploading history steps 0-19, summary, console lines 0-6
wandb: 
wandb: Run history:
wandb:          epoch ▁▁▂▂▂▃▃▄▄▄▅▅▅▆▆▇▇▇██
wandb: train_accuracy ▁▃▄▂▄▅▅▆▄▅▅▆▆█▆▇█▆▇█
wandb:     train_loss █▂▂▂▂▁▁▁▁▁▁▁▁▁▁▁▁▁▁▁
wandb:   val_accuracy ▁▃▃▃▂▆▅▆▆▆▅▇▄▇▄▆▆▇██
wandb:       val_loss █▅▄▄▄▃▃▂▂▂▃▂▂▁▂▁▂▁▁▁
wandb: 
wandb: Run summary:
wandb:           best_epoch 20
wandb:    best_val_accuracy 54.65117
wandb:        best_val_loss 0.68597
wandb: checkpoint_best_path artifacts/probes/mvp...
wandb: checkpoint_last_path artifacts/probes/mvp...
wandb:      checkpoint_path artifacts/probes/mvp...
wandb:              dataset mvp
wandb:      elapsed_seconds 4.78066
wandb:                epoch 20
wandb:    feature_signature 7c0fab9616b3b517
wandb:                  +22 ...
wandb: 
wandb: 🚀 View run mvp_linear_videomae_v2_vit_giant_16_224_layer_10/trial_0018 at: https://wandb.ai/caselli-niccolo-developer-university-of-amsterdam/probe4physics/runs/kq9vu3rc
wandb: ⭐️ View project at: https://wandb.ai/caselli-niccolo-developer-university-of-amsterdam/probe4physics
wandb: Synced 5 W&B file(s), 0 media file(s), 0 artifact file(s) and 0 other file(s)
wandb: Find logs at: ./wandb/run-20260501_100907-kq9vu3rc/logs
[I 2026-05-01 10:09:14,599] Trial 18 finished with value: 17.492416582406474 and parameters: {'lr': 4.720845304099489e-05, 'weight_decay': 9.559574710535261e-05, 'batch_size': 64, 'epochs': 20}. Best is trial 13 with value: 32.55813953488372.
wandb: setting up run h9nh7r3e
wandb: Tracking run with wandb version 0.26.1
wandb: Run data is saved locally in /gpfs/home3/scur0511/Probe4Physics/wandb/run-20260501_100916-h9nh7r3e
wandb: Run `wandb offline` to turn off syncing.
wandb: Syncing run mvp_linear_videomae_v2_vit_giant_16_224_layer_10/trial_0019
wandb: ⭐️ View project at https://wandb.ai/caselli-niccolo-developer-university-of-amsterdam/probe4physics
wandb: 🚀 View run at https://wandb.ai/caselli-niccolo-developer-university-of-amsterdam/probe4physics/runs/h9nh7r3e
[eval.mvp] Starting eval | split_name=val split_dir=data/splits/mvp/full_60_20_20 predictor_mode=from_file annotation_file=data/annotations/mvp_full.jsonl
[eval.mvp] Loaded split assignments | split_pairs=989 split_samples=1978
[eval.mvp] Prepared samples | n_pairs_before_trim=989 n_samples_before_trim=1978 n_pairs_after_trim=989 n_samples_after_trim=1978 max_pairs=0
[eval.mvp] Generated predictions | n_predictions=1978
[eval.mvp] Scoring complete | accuracy=61.4257 pair_consistency=30.1314 n_pairs=989 n_samples=1978
[eval.mvp] Artifacts written | output_dir=artifacts/probes/mvp_probe_linear_videomae_v2_vit_giant_16_224_20260501T080356Z/layer_10/train/trial_0019/val_eval
wandb: updating run metadata
wandb: uploading output.log; uploading wandb-summary.json; uploading config.yaml
wandb: uploading wandb-summary.json; uploading config.yaml
wandb: 
wandb: Run history:
wandb:          epoch ▁▁▁▁▂▂▂▂▂▂▃▃▃▃▃▃▃▄▄▄▄▄▄▄▅▅▅▅▆▆▆▆▆▇▇▇▇▇▇█
wandb: train_accuracy ▁▂▂▃▂▄▄▃▃▄▄▃▄▃▄▆▇▆▆▆▆▅▆▇▆█▇█▅▆▇▅▇▇▆▇▆█▇▆
wandb:     train_loss █▁▂▁▂▂▁▂▂▁▁▁▁▁▂▁▁▁▂▁▁▂▂▁▁▁▂▁▁▁▁▁▁▁▁▁▁▁▁▂
wandb:   val_accuracy ▁▂▁▄▅▁▅▂▂▁▁▂▆█▄▃▄▄▁▄▁▇▃▃▃▆▇▁▇██▂▁██▇▆▇▅▆
wandb:       val_loss ▂█▂▃▂▁▂▂▃▃▂▁▁▅▁▂▂▃▅▂▁▁▂▃▃▁▁▁▂▁▁▁▁▂▁▁▂▃▁▂
wandb: 
wandb: Run summary:
wandb:           best_epoch 72
wandb:    best_val_accuracy 61.42568
wandb:        best_val_loss 0.65827
wandb: checkpoint_best_path artifacts/probes/mvp...
wandb: checkpoint_last_path artifacts/probes/mvp...
wandb:      checkpoint_path artifacts/probes/mvp...
wandb:              dataset mvp
wandb:      elapsed_seconds 12.00232
wandb:                epoch 100
wandb:    feature_signature 7c0fab9616b3b517
wandb:                  +22 ...
wandb: 
wandb: 🚀 View run mvp_linear_videomae_v2_vit_giant_16_224_layer_10/trial_0019 at: https://wandb.ai/caselli-niccolo-developer-university-of-amsterdam/probe4physics/runs/h9nh7r3e
wandb: ⭐️ View project at: https://wandb.ai/caselli-niccolo-developer-university-of-amsterdam/probe4physics
wandb: Synced 5 W&B file(s), 0 media file(s), 0 artifact file(s) and 0 other file(s)
wandb: Find logs at: ./wandb/run-20260501_100916-h9nh7r3e/logs
[I 2026-05-01 10:09:30,535] Trial 19 finished with value: 30.1314459049545 and parameters: {'lr': 0.004120992171330002, 'weight_decay': 2.7789456523824906e-06, 'batch_size': 128, 'epochs': 100}. Best is trial 13 with value: 32.55813953488372.
[eval.mvp] Starting eval | split_name=train split_dir=data/splits/mvp/full_60_20_20 predictor_mode=from_file annotation_file=data/annotations/mvp_full.jsonl
[eval.mvp] Loaded split assignments | split_pairs=2965 split_samples=5930
[eval.mvp] Prepared samples | n_pairs_before_trim=2965 n_samples_before_trim=5930 n_pairs_after_trim=2965 n_samples_after_trim=5930 max_pairs=0
[eval.mvp] Generated predictions | n_predictions=5930
[eval.mvp] Scoring complete | accuracy=65.3457 pair_consistency=36.9983 n_pairs=2965 n_samples=5930
[eval.mvp] Artifacts written | output_dir=artifacts/probes/mvp_probe_linear_videomae_v2_vit_giant_16_224_20260501T080356Z/layer_10/eval/train
[eval.mvp] Starting eval | split_name=val split_dir=data/splits/mvp/full_60_20_20 predictor_mode=from_file annotation_file=data/annotations/mvp_full.jsonl
[eval.mvp] Loaded split assignments | split_pairs=989 split_samples=1978
[eval.mvp] Prepared samples | n_pairs_before_trim=989 n_samples_before_trim=1978 n_pairs_after_trim=989 n_samples_after_trim=1978 max_pairs=0
[eval.mvp] Generated predictions | n_predictions=1978
[eval.mvp] Scoring complete | accuracy=62.0829 pair_consistency=32.5581 n_pairs=989 n_samples=1978
[eval.mvp] Artifacts written | output_dir=artifacts/probes/mvp_probe_linear_videomae_v2_vit_giant_16_224_20260501T080356Z/layer_10/eval/val
[eval.mvp] Starting eval | split_name=test split_dir=data/splits/mvp/full_60_20_20 predictor_mode=from_file annotation_file=data/annotations/mvp_full.jsonl
[eval.mvp] Loaded split assignments | split_pairs=989 split_samples=1978
[eval.mvp] Prepared samples | n_pairs_before_trim=989 n_samples_before_trim=1978 n_pairs_after_trim=989 n_samples_after_trim=1978 max_pairs=0
[eval.mvp] Generated predictions | n_predictions=1978
[eval.mvp] Scoring complete | accuracy=62.2346 pair_consistency=33.4681 n_pairs=989 n_samples=1978
[eval.mvp] Artifacts written | output_dir=artifacts/probes/mvp_probe_linear_videomae_v2_vit_giant_16_224_20260501T080356Z/layer_10/eval/test
[I 2026-05-01 10:09:37,194] A new study created in RDB with name: mvp_linear_videomae_v2_vit_giant_16_224_layer_20
wandb: setting up run 7fy1bjwn
wandb: Tracking run with wandb version 0.26.1
wandb: Run data is saved locally in /gpfs/home3/scur0511/Probe4Physics/wandb/run-20260501_100939-7fy1bjwn
wandb: Run `wandb offline` to turn off syncing.
wandb: Syncing run mvp_linear_videomae_v2_vit_giant_16_224_layer_20/trial_0000
wandb: ⭐️ View project at https://wandb.ai/caselli-niccolo-developer-university-of-amsterdam/probe4physics
wandb: 🚀 View run at https://wandb.ai/caselli-niccolo-developer-university-of-amsterdam/probe4physics/runs/7fy1bjwn
[eval.mvp] Starting eval | split_name=val split_dir=data/splits/mvp/full_60_20_20 predictor_mode=from_file annotation_file=data/annotations/mvp_full.jsonl
[eval.mvp] Loaded split assignments | split_pairs=989 split_samples=1978
[eval.mvp] Prepared samples | n_pairs_before_trim=989 n_samples_before_trim=1978 n_pairs_after_trim=989 n_samples_after_trim=1978 max_pairs=0
[eval.mvp] Generated predictions | n_predictions=1978
[eval.mvp] Scoring complete | accuracy=60.1112 pair_consistency=28.7159 n_pairs=989 n_samples=1978
[eval.mvp] Artifacts written | output_dir=artifacts/probes/mvp_probe_linear_videomae_v2_vit_giant_16_224_20260501T080356Z/layer_20/train/trial_0000/val_eval
wandb: updating run metadata
wandb: uploading output.log; uploading wandb-summary.json; uploading config.yaml
wandb: 
wandb: Run history:
wandb:          epoch ▁▁▁▁▂▂▂▂▂▃▃▃▃▃▃▄▄▄▄▄▅▅▅▅▅▆▆▆▆▆▆▇▇▇▇▇▇███
wandb: train_accuracy ▁▂▃▃▃▄▄▅▄▄▅▅▄▅▅▆▅▆▅▆▆▆▇▆▇▇▇▇▇▇▇▇▇█████▇█
wandb:     train_loss █▅▄▄▄▃▄▃▃▃▃▃▃▂▂▂▂▂▃▂▂▂▂▁▂▂▁▁▁▂▂▂▁▁▁▁▁▁▁▁
wandb:   val_accuracy ▁▂▃▂▃▂▄▄▅▅▄▆▃▆▃▅▅▃▃▃▄▆▇▇▇▆▅█▅█▂▆▇▇█▅█▇▅▄
wandb:       val_loss █▇▆█▅▆▄▆▄▄▄▃▅▅▆▄▆▅▄▆▄▃▂▂▂▃▃▂▃▂▂▂▃▂▁▄▁▂▅▆
wandb: 
wandb: Run summary:
wandb:           best_epoch 43
wandb:    best_val_accuracy 60.11123
wandb:        best_val_loss 0.66601
wandb: checkpoint_best_path artifacts/probes/mvp...
wandb: checkpoint_last_path artifacts/probes/mvp...
wandb:      checkpoint_path artifacts/probes/mvp...
wandb:              dataset mvp
wandb:      elapsed_seconds 11.67888
wandb:                epoch 50
wandb:    feature_signature 7c0fab9616b3b517
wandb:                  +22 ...
wandb: 
wandb: 🚀 View run mvp_linear_videomae_v2_vit_giant_16_224_layer_20/trial_0000 at: https://wandb.ai/caselli-niccolo-developer-university-of-amsterdam/probe4physics/runs/7fy1bjwn
wandb: ⭐️ View project at: https://wandb.ai/caselli-niccolo-developer-university-of-amsterdam/probe4physics
wandb: Synced 5 W&B file(s), 0 media file(s), 0 artifact file(s) and 0 other file(s)
wandb: Find logs at: ./wandb/run-20260501_100939-7fy1bjwn/logs
[I 2026-05-01 10:09:52,262] Trial 0 finished with value: 28.71587462082912 and parameters: {'lr': 0.0001329291894316216, 'weight_decay': 0.005061576888752304, 'batch_size': 32, 'epochs': 50}. Best is trial 0 with value: 28.71587462082912.
wandb: setting up run 436nx34i
wandb: Tracking run with wandb version 0.26.1
wandb: Run data is saved locally in /gpfs/home3/scur0511/Probe4Physics/wandb/run-20260501_100953-436nx34i
wandb: Run `wandb offline` to turn off syncing.
wandb: Syncing run mvp_linear_videomae_v2_vit_giant_16_224_layer_20/trial_0001
wandb: ⭐️ View project at https://wandb.ai/caselli-niccolo-developer-university-of-amsterdam/probe4physics
wandb: 🚀 View run at https://wandb.ai/caselli-niccolo-developer-university-of-amsterdam/probe4physics/runs/436nx34i
[eval.mvp] Starting eval | split_name=val split_dir=data/splits/mvp/full_60_20_20 predictor_mode=from_file annotation_file=data/annotations/mvp_full.jsonl
[eval.mvp] Loaded split assignments | split_pairs=989 split_samples=1978
[eval.mvp] Prepared samples | n_pairs_before_trim=989 n_samples_before_trim=1978 n_pairs_after_trim=989 n_samples_after_trim=1978 max_pairs=0
[eval.mvp] Generated predictions | n_predictions=1978
[eval.mvp] Scoring complete | accuracy=64.6613 pair_consistency=38.7260 n_pairs=989 n_samples=1978
[eval.mvp] Artifacts written | output_dir=artifacts/probes/mvp_probe_linear_videomae_v2_vit_giant_16_224_20260501T080356Z/layer_20/train/trial_0001/val_eval
wandb: updating run metadata
wandb: uploading wandb-summary.json; uploading config.yaml; uploading output.log
wandb: uploading history steps 86-99, summary, console lines 0-6
wandb: 
wandb: Run history:
wandb:          epoch ▁▁▁▁▂▂▂▂▃▃▃▃▃▃▄▄▄▄▄▅▅▅▅▅▅▅▅▅▆▆▆▇▇▇▇▇████
wandb: train_accuracy ▁▃▃▃▃▃▃▄▄▃▅▄▆▅▅▅▆▅▆▅▆▇▆▅▅▆▇▆█▆▆▇▇▇▇▇▇██▇
wandb:     train_loss ▇█▅▆▅▆▆▆▄▅▄▄▃▄▃▄▃▄▃▁▄▅▃▂▃▄▄▂▄▂▃▂▅▂▃▃▃▁▂▁
wandb:   val_accuracy ▂▁▁▂▂▁▃▆▅▂▅▃▁▁▃▆▅▆▇▇▅▃▅▃▆▇▅▇▂▇▆▇▂▆▇▃█▃▂█
wandb:       val_loss ▃▄▂▂▂▃▁▄█▃▁▁▂▁▁▁▂▂▂▂▁▁▂▁▁▁▂▁▁▂▁▁▁▁▄▄▁▂▁▁
wandb: 
wandb: Run summary:
wandb:           best_epoch 79
wandb:    best_val_accuracy 64.66128
wandb:        best_val_loss 0.63843
wandb: checkpoint_best_path artifacts/probes/mvp...
wandb: checkpoint_last_path artifacts/probes/mvp...
wandb:      checkpoint_path artifacts/probes/mvp...
wandb:              dataset mvp
wandb:      elapsed_seconds 19.98486
wandb:                epoch 100
wandb:    feature_signature 7c0fab9616b3b517
wandb:                  +22 ...
wandb: 
wandb: 🚀 View run mvp_linear_videomae_v2_vit_giant_16_224_layer_20/trial_0001 at: https://wandb.ai/caselli-niccolo-developer-university-of-amsterdam/probe4physics/runs/436nx34i
wandb: ⭐️ View project at: https://wandb.ai/caselli-niccolo-developer-university-of-amsterdam/probe4physics
wandb: Synced 5 W&B file(s), 0 media file(s), 0 artifact file(s) and 0 other file(s)
wandb: Find logs at: ./wandb/run-20260501_100953-436nx34i/logs
[I 2026-05-01 10:10:16,416] Trial 1 finished with value: 38.72598584428716 and parameters: {'lr': 0.001331121608073689, 'weight_decay': 1.328944872286916e-08, 'batch_size': 32, 'epochs': 100}. Best is trial 1 with value: 38.72598584428716.
wandb: setting up run phg6bylh
wandb: Tracking run with wandb version 0.26.1
wandb: Run data is saved locally in /gpfs/home3/scur0511/Probe4Physics/wandb/run-20260501_101018-phg6bylh
wandb: Run `wandb offline` to turn off syncing.
wandb: Syncing run mvp_linear_videomae_v2_vit_giant_16_224_layer_20/trial_0002
wandb: ⭐️ View project at https://wandb.ai/caselli-niccolo-developer-university-of-amsterdam/probe4physics
wandb: 🚀 View run at https://wandb.ai/caselli-niccolo-developer-university-of-amsterdam/probe4physics/runs/phg6bylh
[eval.mvp] Starting eval | split_name=val split_dir=data/splits/mvp/full_60_20_20 predictor_mode=from_file annotation_file=data/annotations/mvp_full.jsonl
[eval.mvp] Loaded split assignments | split_pairs=989 split_samples=1978
[eval.mvp] Prepared samples | n_pairs_before_trim=989 n_samples_before_trim=1978 n_pairs_after_trim=989 n_samples_after_trim=1978 max_pairs=0
[eval.mvp] Generated predictions | n_predictions=1978
[eval.mvp] Scoring complete | accuracy=61.0212 pair_consistency=30.2326 n_pairs=989 n_samples=1978
[eval.mvp] Artifacts written | output_dir=artifacts/probes/mvp_probe_linear_videomae_v2_vit_giant_16_224_20260501T080356Z/layer_20/train/trial_0002/val_eval
wandb: updating run metadata
wandb: uploading output.log; uploading wandb-summary.json; uploading config.yaml
wandb: 
wandb: Run history:
wandb:          epoch ▁▁▁▁▂▂▂▂▂▂▃▃▃▃▃▄▄▄▄▄▄▅▅▅▅▅▆▆▆▆▆▇▇▇▇▇▇███
wandb: train_accuracy ▁▂▂▄▄▄▃▅▄▅▆▆▅▅▅▆▆▇▆▆▆▆▇▇▇▇▇▇█▇▇▇▇▇█▇████
wandb:     train_loss █▅▄▄▄▄▃▃▃▃▃▄▃▃▃▂▃▂▃▃▂▂▁▂▂▂▂▁▁▂▂▁▂▁▁▁▁▁▂▁
wandb:   val_accuracy ▂▁▃▂▁▃▂▄▃▄▃▄▆▅▅▅▇▇▆▃▄▇▄▆▄▅▇▇▆▇▆█▆▇█▂▆▇▃▇
wandb:       val_loss ▇█▆▇▇▆▆▇▅▄▄▃▃▃▄▄▃▃▃▆▄▂▄▃▅▄▂▂▂▄▂▂▂▁▁▆▁▃▆▁
wandb: 
wandb: Run summary:
wandb:           best_epoch 42
wandb:    best_val_accuracy 61.02123
wandb:        best_val_loss 0.66179
wandb: checkpoint_best_path artifacts/probes/mvp...
wandb: checkpoint_last_path artifacts/probes/mvp...
wandb:      checkpoint_path artifacts/probes/mvp...
wandb:              dataset mvp
wandb:      elapsed_seconds 11.34146
wandb:                epoch 50
wandb:    feature_signature 7c0fab9616b3b517
wandb:                  +22 ...
wandb: 
wandb: 🚀 View run mvp_linear_videomae_v2_vit_giant_16_224_layer_20/trial_0002 at: https://wandb.ai/caselli-niccolo-developer-university-of-amsterdam/probe4physics/runs/phg6bylh
wandb: ⭐️ View project at: https://wandb.ai/caselli-niccolo-developer-university-of-amsterdam/probe4physics
wandb: Synced 5 W&B file(s), 0 media file(s), 0 artifact file(s) and 0 other file(s)
wandb: Find logs at: ./wandb/run-20260501_101018-phg6bylh/logs
[I 2026-05-01 10:10:31,374] Trial 2 finished with value: 30.23255813953488 and parameters: {'lr': 0.00019762189340280086, 'weight_decay': 5.589524205217922e-07, 'batch_size': 32, 'epochs': 50}. Best is trial 1 with value: 38.72598584428716.
wandb: setting up run a8zzgtfs
wandb: Tracking run with wandb version 0.26.1
wandb: Run data is saved locally in /gpfs/home3/scur0511/Probe4Physics/wandb/run-20260501_101033-a8zzgtfs
wandb: Run `wandb offline` to turn off syncing.
wandb: Syncing run mvp_linear_videomae_v2_vit_giant_16_224_layer_20/trial_0003
wandb: ⭐️ View project at https://wandb.ai/caselli-niccolo-developer-university-of-amsterdam/probe4physics
wandb: 🚀 View run at https://wandb.ai/caselli-niccolo-developer-university-of-amsterdam/probe4physics/runs/a8zzgtfs
[eval.mvp] Starting eval | split_name=val split_dir=data/splits/mvp/full_60_20_20 predictor_mode=from_file annotation_file=data/annotations/mvp_full.jsonl
[eval.mvp] Loaded split assignments | split_pairs=989 split_samples=1978
[eval.mvp] Prepared samples | n_pairs_before_trim=989 n_samples_before_trim=1978 n_pairs_after_trim=989 n_samples_after_trim=1978 max_pairs=0
[eval.mvp] Generated predictions | n_predictions=1978
[eval.mvp] Scoring complete | accuracy=60.2123 pair_consistency=28.3114 n_pairs=989 n_samples=1978
[eval.mvp] Artifacts written | output_dir=artifacts/probes/mvp_probe_linear_videomae_v2_vit_giant_16_224_20260501T080356Z/layer_20/train/trial_0003/val_eval
wandb: updating run metadata
wandb: uploading history steps 0-49, summary, console lines 0-6
wandb: 
wandb: Run history:
wandb:          epoch ▁▁▁▁▂▂▂▂▂▂▃▃▃▃▃▄▄▄▄▄▄▅▅▅▅▅▆▆▆▆▆▆▇▇▇▇▇███
wandb: train_accuracy ▁▂▃▃▃▃▄▃▄▅▆▅▅▅▅▆▅▅▆▄▆▅▇▇▇▇▇█▆▇▆▇█▇▇▇█▇▇█
wandb:     train_loss █▄▄▄▃▃▃▃▃▃▂▃▃▃▂▂▂▃▂▃▂▃▁▂▂▂▂▁▂▁▂▂▂▁▂▁▁▁▁▁
wandb:   val_accuracy ▂▂▂▃▂▅▄▅▃▆▇▆▆▅▃▃█▁▅▅▂▂▆█▄▂▇█▇█▄▅▇▆▇▂█▄▄▄
wandb:       val_loss ▄▃▄▃▃▂▂▂▃▂▂▂▂▃▃▂█▂▂▂▄▂▁▂▂▂▂▁▂▁▃▂▂▁▁▃▁▃▄▄
wandb: 
wandb: Run summary:
wandb:           best_epoch 43
wandb:    best_val_accuracy 60.21234
wandb:        best_val_loss 0.66605
wandb: checkpoint_best_path artifacts/probes/mvp...
wandb: checkpoint_last_path artifacts/probes/mvp...
wandb:      checkpoint_path artifacts/probes/mvp...
wandb:              dataset mvp
wandb:      elapsed_seconds 8.55226
wandb:                epoch 50
wandb:    feature_signature 7c0fab9616b3b517
wandb:                  +22 ...
wandb: 
wandb: 🚀 View run mvp_linear_videomae_v2_vit_giant_16_224_layer_20/trial_0003 at: https://wandb.ai/caselli-niccolo-developer-university-of-amsterdam/probe4physics/runs/a8zzgtfs
wandb: ⭐️ View project at: https://wandb.ai/caselli-niccolo-developer-university-of-amsterdam/probe4physics
wandb: Synced 5 W&B file(s), 0 media file(s), 0 artifact file(s) and 0 other file(s)
wandb: Find logs at: ./wandb/run-20260501_101033-a8zzgtfs/logs
[I 2026-05-01 10:10:43,532] Trial 3 finished with value: 28.311425682507586 and parameters: {'lr': 0.0003489018845491386, 'weight_decay': 3.5849855803404713e-05, 'batch_size': 64, 'epochs': 50}. Best is trial 1 with value: 38.72598584428716.
wandb: setting up run gja0l73s
wandb: Tracking run with wandb version 0.26.1
wandb: Run data is saved locally in /gpfs/home3/scur0511/Probe4Physics/wandb/run-20260501_101045-gja0l73s
wandb: Run `wandb offline` to turn off syncing.
wandb: Syncing run mvp_linear_videomae_v2_vit_giant_16_224_layer_20/trial_0004
wandb: ⭐️ View project at https://wandb.ai/caselli-niccolo-developer-university-of-amsterdam/probe4physics
wandb: 🚀 View run at https://wandb.ai/caselli-niccolo-developer-university-of-amsterdam/probe4physics/runs/gja0l73s
[eval.mvp] Starting eval | split_name=val split_dir=data/splits/mvp/full_60_20_20 predictor_mode=from_file annotation_file=data/annotations/mvp_full.jsonl
[eval.mvp] Loaded split assignments | split_pairs=989 split_samples=1978
[eval.mvp] Prepared samples | n_pairs_before_trim=989 n_samples_before_trim=1978 n_pairs_after_trim=989 n_samples_after_trim=1978 max_pairs=0
[eval.mvp] Generated predictions | n_predictions=1978
[eval.mvp] Scoring complete | accuracy=59.2518 pair_consistency=25.6825 n_pairs=989 n_samples=1978
[eval.mvp] Artifacts written | output_dir=artifacts/probes/mvp_probe_linear_videomae_v2_vit_giant_16_224_20260501T080356Z/layer_20/train/trial_0004/val_eval
wandb: updating run metadata
wandb: uploading config.yaml; uploading output.log; uploading wandb-summary.json
wandb: uploading history steps 0-49, summary, console lines 0-6
wandb: 
wandb: Run history:
wandb:          epoch ▁▁▁▁▂▂▂▂▂▂▃▃▃▃▃▄▄▄▄▄▄▅▅▅▅▅▅▆▆▆▆▇▇▇▇▇▇███
wandb: train_accuracy ▁▂▃▂▃▃▄▄▃▄▅▅▄▅▅▅▅▅▅▆▅▅▆▇▇▇▇▇▇█▇▆▇█▇▇▇▇▇█
wandb:     train_loss █▄▄▄▃▃▃▃▃▃▃▂▂▃▂▂▂▂▂▂▂▂▂▂▂▂▂▁▂▁▂▁▁▁▁▁▁▁▁▁
wandb:   val_accuracy ▁▂▂▃▂▄▄▅▄▂▄▃▅▃▅▆▂▅▆▄▅▅▇▅█▆▇▇█▅▆▇▅██▅█▆▄▃
wandb:       val_loss █▆▆▅▅▄▄▄▄▄▄▄▄▄▅█▃▆▃▃▇▃▂▃▂▃▂▂▂▁▃▃▂▃▁▆▃▁▃▇
wandb: 
wandb: Run summary:
wandb:           best_epoch 36
wandb:    best_val_accuracy 59.25177
wandb:        best_val_loss 0.67312
wandb: checkpoint_best_path artifacts/probes/mvp...
wandb: checkpoint_last_path artifacts/probes/mvp...
wandb:      checkpoint_path artifacts/probes/mvp...
wandb:              dataset mvp
wandb:      elapsed_seconds 11.89251
wandb:                epoch 50
wandb:    feature_signature 7c0fab9616b3b517
wandb:                  +22 ...
wandb: 
wandb: 🚀 View run mvp_linear_videomae_v2_vit_giant_16_224_layer_20/trial_0004 at: https://wandb.ai/caselli-niccolo-developer-university-of-amsterdam/probe4physics/runs/gja0l73s
wandb: ⭐️ View project at: https://wandb.ai/caselli-niccolo-developer-university-of-amsterdam/probe4physics
wandb: Synced 5 W&B file(s), 0 media file(s), 0 artifact file(s) and 0 other file(s)
wandb: Find logs at: ./wandb/run-20260501_101045-gja0l73s/logs
[I 2026-05-01 10:10:59,587] Trial 4 finished with value: 25.68250758341759 and parameters: {'lr': 8.200518402245828e-05, 'weight_decay': 3.855073690026179e-08, 'batch_size': 32, 'epochs': 50}. Best is trial 1 with value: 38.72598584428716.
wandb: setting up run 2c7rf8se
wandb: Tracking run with wandb version 0.26.1
wandb: Run data is saved locally in /gpfs/home3/scur0511/Probe4Physics/wandb/run-20260501_101101-2c7rf8se
wandb: Run `wandb offline` to turn off syncing.
wandb: Syncing run mvp_linear_videomae_v2_vit_giant_16_224_layer_20/trial_0005
wandb: ⭐️ View project at https://wandb.ai/caselli-niccolo-developer-university-of-amsterdam/probe4physics
wandb: 🚀 View run at https://wandb.ai/caselli-niccolo-developer-university-of-amsterdam/probe4physics/runs/2c7rf8se
[eval.mvp] Starting eval | split_name=val split_dir=data/splits/mvp/full_60_20_20 predictor_mode=from_file annotation_file=data/annotations/mvp_full.jsonl
[eval.mvp] Loaded split assignments | split_pairs=989 split_samples=1978
[eval.mvp] Prepared samples | n_pairs_before_trim=989 n_samples_before_trim=1978 n_pairs_after_trim=989 n_samples_after_trim=1978 max_pairs=0
[eval.mvp] Generated predictions | n_predictions=1978
[eval.mvp] Scoring complete | accuracy=60.6168 pair_consistency=29.4237 n_pairs=989 n_samples=1978
[eval.mvp] Artifacts written | output_dir=artifacts/probes/mvp_probe_linear_videomae_v2_vit_giant_16_224_20260501T080356Z/layer_20/train/trial_0005/val_eval
wandb: updating run metadata
wandb: uploading history steps 0-49, summary, console lines 0-6
wandb: 
wandb: Run history:
wandb:          epoch ▁▁▁▁▂▂▂▂▂▂▃▃▃▃▃▄▄▄▄▄▅▅▅▅▅▅▆▆▆▆▆▇▇▇▇▇▇███
wandb: train_accuracy ▁▃▂▃▃▄▄▄▅▆▆▅▅▆▆▆▄▆▆▄▆▆▇▆▃▆▇▇▆█▇█▇▇████▇█
wandb:     train_loss █▃▅▃▃▂▂▅▃▂▂▂▂▂▂▂▃▂▂▃▂▂▂▁▂▃▂▁▁▂▁▁▁▁▁▁▁▁▂▁
wandb:   val_accuracy ▂▁▂▁▄▄▂▅▃▅▆▆▆▆▄▅▆▇▃▇▆█▆█▁▃▃█▅▇▆▄▅█▅▄█▇▃▃
wandb:       val_loss ▃█▃▄▂▂▄▂▂▂▂▁▁▁▂▂▃▂▁▂▁▁▂▁▅▃▂▁▂▁▁▂▂▁▁▂▂▂▅▃
wandb: 
wandb: Run summary:
wandb:           best_epoch 43
wandb:    best_val_accuracy 60.61679
wandb:        best_val_loss 0.66356
wandb: checkpoint_best_path artifacts/probes/mvp...
wandb: checkpoint_last_path artifacts/probes/mvp...
wandb:      checkpoint_path artifacts/probes/mvp...
wandb:              dataset mvp
wandb:      elapsed_seconds 6.81504
wandb:                epoch 50
wandb:    feature_signature 7c0fab9616b3b517
wandb:                  +22 ...
wandb: 
wandb: 🚀 View run mvp_linear_videomae_v2_vit_giant_16_224_layer_20/trial_0005 at: https://wandb.ai/caselli-niccolo-developer-university-of-amsterdam/probe4physics/runs/2c7rf8se
wandb: ⭐️ View project at: https://wandb.ai/caselli-niccolo-developer-university-of-amsterdam/probe4physics
wandb: Synced 5 W&B file(s), 0 media file(s), 0 artifact file(s) and 0 other file(s)
wandb: Find logs at: ./wandb/run-20260501_101101-2c7rf8se/logs
[I 2026-05-01 10:11:10,015] Trial 5 finished with value: 29.42366026289181 and parameters: {'lr': 0.0009717775305059633, 'weight_decay': 7.417652034871823e-07, 'batch_size': 256, 'epochs': 50}. Best is trial 1 with value: 38.72598584428716.
wandb: setting up run wn90cczb
wandb: Tracking run with wandb version 0.26.1
wandb: Run data is saved locally in /gpfs/home3/scur0511/Probe4Physics/wandb/run-20260501_101111-wn90cczb
wandb: Run `wandb offline` to turn off syncing.
wandb: Syncing run mvp_linear_videomae_v2_vit_giant_16_224_layer_20/trial_0006
wandb: ⭐️ View project at https://wandb.ai/caselli-niccolo-developer-university-of-amsterdam/probe4physics
wandb: 🚀 View run at https://wandb.ai/caselli-niccolo-developer-university-of-amsterdam/probe4physics/runs/wn90cczb
wandb: updating run metadata
wandb: uploading wandb-summary.json; uploading config.yaml
wandb: 
wandb: Run history:
wandb:          epoch ▁▁▂▂▂▂▂▂▃▃▃▃▃▃▃▄▄▄▄▄▅▅▅▅▅▆▆▆▆▆▆▇▇▇▇▇▇███
wandb: train_accuracy ▁▃▂▄▅▅▅▄▅▄▆▅▅▆▅▆▆▆▆▆▆▆▆▆▇▇▇▇▇▇▇▇▇█▇▇▇██▇
wandb:     train_loss █▄▅▃▃▃▂▂▂▃▂▃▂▂▂▂▂▂▂▂▂▂▁▁▂▂▁▁▁▁▁▁▁▁▁▂▁▂▁▁
wandb:   val_accuracy ▂▂▃▄▂▅▅▂▁▆▆▆▆▅▂▇▆▇▃▇▆▇▅▅▇▆▇▆▂▇▇▇██▇█▆▂█▇
wandb:       val_loss ▄▃▃▃▃▂▃▂▂▃▂▂▂▂▂▂▂▂█▂▁▁▁▁▂▂▃▁▃▂▁▁▂▄▃▁▅▁▂▁
wandb: 
wandb: Run summary:
wandb:          epoch 100
wandb: train_accuracy 60.52277
wandb:     train_loss 0.64932
wandb:   val_accuracy 59.25177
wandb:       val_loss 0.66431
wandb: 
wandb: 🚀 View run mvp_linear_videomae_v2_vit_giant_16_224_layer_20/trial_0006 at: https://wandb.ai/caselli-niccolo-developer-university-of-amsterdam/probe4physics/runs/wn90cczb
wandb: ⭐️ View project at: https://wandb.ai/caselli-niccolo-developer-university-of-amsterdam/probe4physics
wandb: Synced 4 W&B file(s), 0 media file(s), 0 artifact file(s) and 0 other file(s)
wandb: Find logs at: ./wandb/run-20260501_101111-wn90cczb/logs
[I 2026-05-01 10:11:21,610] Trial 6 pruned. Pruned at epoch 100 with val_accuracy=59.2518
wandb: setting up run i28yvd70
wandb: Tracking run with wandb version 0.26.1
wandb: Run data is saved locally in /gpfs/home3/scur0511/Probe4Physics/wandb/run-20260501_101123-i28yvd70
wandb: Run `wandb offline` to turn off syncing.
wandb: Syncing run mvp_linear_videomae_v2_vit_giant_16_224_layer_20/trial_0007
wandb: ⭐️ View project at https://wandb.ai/caselli-niccolo-developer-university-of-amsterdam/probe4physics
wandb: 🚀 View run at https://wandb.ai/caselli-niccolo-developer-university-of-amsterdam/probe4physics/runs/i28yvd70
[eval.mvp] Starting eval | split_name=val split_dir=data/splits/mvp/full_60_20_20 predictor_mode=from_file annotation_file=data/annotations/mvp_full.jsonl
[eval.mvp] Loaded split assignments | split_pairs=989 split_samples=1978
[eval.mvp] Prepared samples | n_pairs_before_trim=989 n_samples_before_trim=1978 n_pairs_after_trim=989 n_samples_after_trim=1978 max_pairs=0
[eval.mvp] Generated predictions | n_predictions=1978
[eval.mvp] Scoring complete | accuracy=55.3589 pair_consistency=20.4247 n_pairs=989 n_samples=1978
[eval.mvp] Artifacts written | output_dir=artifacts/probes/mvp_probe_linear_videomae_v2_vit_giant_16_224_20260501T080356Z/layer_20/train/trial_0007/val_eval
wandb: updating run metadata
wandb: uploading wandb-summary.json; uploading wandb-metadata.json; uploading requirements.txt; uploading output.log; uploading config.yaml
wandb: 
wandb: Run history:
wandb:          epoch ▁▁▂▂▂▃▃▄▄▄▅▅▅▆▆▇▇▇██
wandb: train_accuracy ▁▂▂▃▄▄▄▄▃▅▅▅▆▇▇▆▆▆▇█
wandb:     train_loss █▃▂▂▂▂▂▂▂▁▁▁▁▁▁▁▁▁▁▁
wandb:   val_accuracy ▁▁▂▂▁▃▃▄▄▅▄▆▂▇▃▃▂▇▇█
wandb:       val_loss █▆▅▆▅▃▃▃▃▂▃▂▄▂▃▂▃▁▂▁
wandb: 
wandb: Run summary:
wandb:           best_epoch 20
wandb:    best_val_accuracy 55.35895
wandb:        best_val_loss 0.68455
wandb: checkpoint_best_path artifacts/probes/mvp...
wandb: checkpoint_last_path artifacts/probes/mvp...
wandb:      checkpoint_path artifacts/probes/mvp...
wandb:              dataset mvp
wandb:      elapsed_seconds 4.5213
wandb:                epoch 20
wandb:    feature_signature 7c0fab9616b3b517
wandb:                  +22 ...
wandb: 
wandb: 🚀 View run mvp_linear_videomae_v2_vit_giant_16_224_layer_20/trial_0007 at: https://wandb.ai/caselli-niccolo-developer-university-of-amsterdam/probe4physics/runs/i28yvd70
wandb: ⭐️ View project at: https://wandb.ai/caselli-niccolo-developer-university-of-amsterdam/probe4physics
wandb: Synced 5 W&B file(s), 0 media file(s), 0 artifact file(s) and 0 other file(s)
wandb: Find logs at: ./wandb/run-20260501_101123-i28yvd70/logs
[I 2026-05-01 10:11:30,024] Trial 7 finished with value: 20.424671385237612 and parameters: {'lr': 0.00011756010900231849, 'weight_decay': 4.848496183873288e-07, 'batch_size': 128, 'epochs': 20}. Best is trial 1 with value: 38.72598584428716.
wandb: setting up run 0r6sxz77
wandb: Tracking run with wandb version 0.26.1
wandb: Run data is saved locally in /gpfs/home3/scur0511/Probe4Physics/wandb/run-20260501_101131-0r6sxz77
wandb: Run `wandb offline` to turn off syncing.
wandb: Syncing run mvp_linear_videomae_v2_vit_giant_16_224_layer_20/trial_0008
wandb: ⭐️ View project at https://wandb.ai/caselli-niccolo-developer-university-of-amsterdam/probe4physics
wandb: 🚀 View run at https://wandb.ai/caselli-niccolo-developer-university-of-amsterdam/probe4physics/runs/0r6sxz77
wandb: updating run metadata
wandb: uploading history steps 0-99, summary
wandb: 
wandb: Run history:
wandb:          epoch ▁▁▁▂▂▂▂▂▂▃▃▃▃▃▄▄▄▄▄▄▅▅▅▅▅▅▆▆▆▆▆▆▇▇▇▇▇▇▇█
wandb: train_accuracy ▁▁▁▂▂▂▂▃▂▃▃▃▃▄▄▄▄▄▅▄▅▆▅▄▆▇▆▅▇▆▇▇▇▇▆▇███▇
wandb:     train_loss ██▇▇▆▅▅▅▄▄▃▃▃▃▃▂▂▂▂▂▂▂▂▂▂▂▂▂▂▁▁▁▁▁▁▁▁▁▁▁
wandb:   val_accuracy ▁▁▄▂▄▃▃▃▄▄▅▄▄▅▄▅▅▅▅▅▆▆▆▆▆▆█▇▆▇▇████▇▇▇██
wandb:       val_loss █▅▂▂▂▁▁▁▁▁▁▁▁▁▁▁▁▁▁▁▁▁▁▁▁▁▁▁▁▁▁▁▁▁▁▁▁▁▁▁
wandb: 
wandb: Run summary:
wandb:          epoch 100
wandb: train_accuracy 54.11467
wandb:     train_loss 0.68934
wandb:   val_accuracy 52.73003
wandb:       val_loss 0.69065
wandb: 
wandb: 🚀 View run mvp_linear_videomae_v2_vit_giant_16_224_layer_20/trial_0008 at: https://wandb.ai/caselli-niccolo-developer-university-of-amsterdam/probe4physics/runs/0r6sxz77
wandb: ⭐️ View project at: https://wandb.ai/caselli-niccolo-developer-university-of-amsterdam/probe4physics
wandb: Synced 4 W&B file(s), 0 media file(s), 0 artifact file(s) and 0 other file(s)
wandb: Find logs at: ./wandb/run-20260501_101131-0r6sxz77/logs
[I 2026-05-01 10:11:42,845] Trial 8 pruned. Pruned at epoch 100 with val_accuracy=52.7300
wandb: setting up run nz7mb7q3
wandb: Tracking run with wandb version 0.26.1
wandb: Run data is saved locally in /gpfs/home3/scur0511/Probe4Physics/wandb/run-20260501_101144-nz7mb7q3
wandb: Run `wandb offline` to turn off syncing.
wandb: Syncing run mvp_linear_videomae_v2_vit_giant_16_224_layer_20/trial_0009
wandb: ⭐️ View project at https://wandb.ai/caselli-niccolo-developer-university-of-amsterdam/probe4physics
wandb: 🚀 View run at https://wandb.ai/caselli-niccolo-developer-university-of-amsterdam/probe4physics/runs/nz7mb7q3
[eval.mvp] Starting eval | split_name=val split_dir=data/splits/mvp/full_60_20_20 predictor_mode=from_file annotation_file=data/annotations/mvp_full.jsonl
[eval.mvp] Loaded split assignments | split_pairs=989 split_samples=1978
[eval.mvp] Prepared samples | n_pairs_before_trim=989 n_samples_before_trim=1978 n_pairs_after_trim=989 n_samples_after_trim=1978 max_pairs=0
[eval.mvp] Generated predictions | n_predictions=1978
[eval.mvp] Scoring complete | accuracy=60.6673 pair_consistency=29.8281 n_pairs=989 n_samples=1978
[eval.mvp] Artifacts written | output_dir=artifacts/probes/mvp_probe_linear_videomae_v2_vit_giant_16_224_20260501T080356Z/layer_20/train/trial_0009/val_eval
wandb: updating run metadata
wandb: uploading output.log; uploading wandb-summary.json; uploading config.yaml
wandb: 
wandb: Run history:
wandb:          epoch ▁▁▁▁▂▂▂▂▃▃▃▃▃▃▄▄▄▄▄▄▅▅▅▅▅▆▆▆▆▆▆▇▇▇▇▇▇███
wandb: train_accuracy ▁▂▂▃▂▄▂▅▅▅▅▅▅▆▅▃▆▅▅▆▅▆▆▅▅▆█▇▅▆▇▇▇▆▆███▆▇
wandb:     train_loss █▃▅▄▃▃▃▃▂▂▂▂▂▂▂▂▃▂▂▃▂▂▂▁▂▂▁▁▂▂▁▁▂▂▂▁▁▁▂▁
wandb:   val_accuracy ▂▁▁▃▁▃▄▄▃▄▄▅▅▄▄▃▆▂▄▁▅▇▆▄▅▅▇▃▆▅▅▂▇▃█▇▅▆▁▅
wandb:       val_loss ▃█▄▂▂▂▂▂▂▂▂▂▂▂▂▂▃▁▁▃▄▂▂▁▁▂▂▂▁▃▁▁▂▃▁▁▂▁▆▂
wandb: 
wandb: Run summary:
wandb:           best_epoch 43
wandb:    best_val_accuracy 60.66734
wandb:        best_val_loss 0.66404
wandb: checkpoint_best_path artifacts/probes/mvp...
wandb: checkpoint_last_path artifacts/probes/mvp...
wandb:      checkpoint_path artifacts/probes/mvp...
wandb:              dataset mvp
wandb:      elapsed_seconds 6.59185
wandb:                epoch 50
wandb:    feature_signature 7c0fab9616b3b517
wandb:                  +22 ...
wandb: 
wandb: 🚀 View run mvp_linear_videomae_v2_vit_giant_16_224_layer_20/trial_0009 at: https://wandb.ai/caselli-niccolo-developer-university-of-amsterdam/probe4physics/runs/nz7mb7q3
wandb: ⭐️ View project at: https://wandb.ai/caselli-niccolo-developer-university-of-amsterdam/probe4physics
wandb: Synced 5 W&B file(s), 0 media file(s), 0 artifact file(s) and 0 other file(s)
wandb: Find logs at: ./wandb/run-20260501_101144-nz7mb7q3/logs
[I 2026-05-01 10:11:52,677] Trial 9 finished with value: 29.828109201213348 and parameters: {'lr': 0.0007411299781083245, 'weight_decay': 9.669146694016007e-07, 'batch_size': 256, 'epochs': 50}. Best is trial 1 with value: 38.72598584428716.
wandb: setting up run myt8ptt1
wandb: Tracking run with wandb version 0.26.1
wandb: Run data is saved locally in /gpfs/home3/scur0511/Probe4Physics/wandb/run-20260501_101154-myt8ptt1
wandb: Run `wandb offline` to turn off syncing.
wandb: Syncing run mvp_linear_videomae_v2_vit_giant_16_224_layer_20/trial_0010
wandb: ⭐️ View project at https://wandb.ai/caselli-niccolo-developer-university-of-amsterdam/probe4physics
wandb: 🚀 View run at https://wandb.ai/caselli-niccolo-developer-university-of-amsterdam/probe4physics/runs/myt8ptt1
[eval.mvp] Starting eval | split_name=val split_dir=data/splits/mvp/full_60_20_20 predictor_mode=from_file annotation_file=data/annotations/mvp_full.jsonl
[eval.mvp] Loaded split assignments | split_pairs=989 split_samples=1978
[eval.mvp] Prepared samples | n_pairs_before_trim=989 n_samples_before_trim=1978 n_pairs_after_trim=989 n_samples_after_trim=1978 max_pairs=0
[eval.mvp] Generated predictions | n_predictions=1978
[eval.mvp] Scoring complete | accuracy=64.5602 pair_consistency=38.5238 n_pairs=989 n_samples=1978
[eval.mvp] Artifacts written | output_dir=artifacts/probes/mvp_probe_linear_videomae_v2_vit_giant_16_224_20260501T080356Z/layer_20/train/trial_0010/val_eval
wandb: updating run metadata
wandb: uploading wandb-summary.json; uploading config.yaml; uploading output.log
wandb: uploading history steps 0-99, summary, console lines 0-6
wandb: 
wandb: Run history:
wandb:          epoch ▁▁▁▂▂▂▂▂▂▂▃▃▃▃▃▃▃▄▄▄▄▅▅▅▅▅▅▅▆▆▆▆▇▇▇▇▇▇██
wandb: train_accuracy ▁▃▂▄▃▂▄▅▄▄▅▅▅▄▃▆▅▆▅▄▅▇▄▆▇▅▇▃▇▅█▇▇▅▆█▇▇▆▇
wandb:     train_loss ▆▅▄▂▄▂▂▃▂▂▃▂▂▂▄▃▁▂▂▂▂▄▃▄▄▃▄▂▂▂█▂▃▁▂▂▁▂▂▃
wandb:   val_accuracy ▃▂▃▄▁▄▂▁▅▁▆▆▂▂▅▂▂█▂▆▃▂▄▄▆▂▂▂▇▃▆▇▇██▅▆▆▇▄
wandb:       val_loss ▄█▂▁▁▂▃▁▃▁▂▁▄▂▁▄▁▃▂▂▅▃▁▃▃▂▃▂▁▄▄▁▆▁▁▁▁▂▁▁
wandb: 
wandb: Run summary:
wandb:           best_epoch 81
wandb:    best_val_accuracy 64.56017
wandb:        best_val_loss 0.69085
wandb: checkpoint_best_path artifacts/probes/mvp...
wandb: checkpoint_last_path artifacts/probes/mvp...
wandb:      checkpoint_path artifacts/probes/mvp...
wandb:              dataset mvp
wandb:      elapsed_seconds 14.4557
wandb:                epoch 100
wandb:    feature_signature 7c0fab9616b3b517
wandb:                  +22 ...
wandb: 
wandb: 🚀 View run mvp_linear_videomae_v2_vit_giant_16_224_layer_20/trial_0010 at: https://wandb.ai/caselli-niccolo-developer-university-of-amsterdam/probe4physics/runs/myt8ptt1
wandb: ⭐️ View project at: https://wandb.ai/caselli-niccolo-developer-university-of-amsterdam/probe4physics
wandb: Synced 5 W&B file(s), 0 media file(s), 0 artifact file(s) and 0 other file(s)
wandb: Find logs at: ./wandb/run-20260501_101154-myt8ptt1/logs
[I 2026-05-01 10:12:10,949] Trial 10 finished with value: 38.52376137512639 and parameters: {'lr': 0.008013349589915042, 'weight_decay': 1.086383341945677e-08, 'batch_size': 64, 'epochs': 100}. Best is trial 1 with value: 38.72598584428716.
wandb: setting up run r24l1kgb
wandb: Tracking run with wandb version 0.26.1
wandb: Run data is saved locally in /gpfs/home3/scur0511/Probe4Physics/wandb/run-20260501_101212-r24l1kgb
wandb: Run `wandb offline` to turn off syncing.
wandb: Syncing run mvp_linear_videomae_v2_vit_giant_16_224_layer_20/trial_0011
wandb: ⭐️ View project at https://wandb.ai/caselli-niccolo-developer-university-of-amsterdam/probe4physics
wandb: 🚀 View run at https://wandb.ai/caselli-niccolo-developer-university-of-amsterdam/probe4physics/runs/r24l1kgb
[eval.mvp] Starting eval | split_name=val split_dir=data/splits/mvp/full_60_20_20 predictor_mode=from_file annotation_file=data/annotations/mvp_full.jsonl
[eval.mvp] Loaded split assignments | split_pairs=989 split_samples=1978
[eval.mvp] Prepared samples | n_pairs_before_trim=989 n_samples_before_trim=1978 n_pairs_after_trim=989 n_samples_after_trim=1978 max_pairs=0
[eval.mvp] Generated predictions | n_predictions=1978
[eval.mvp] Scoring complete | accuracy=64.0040 pair_consistency=36.9060 n_pairs=989 n_samples=1978
[eval.mvp] Artifacts written | output_dir=artifacts/probes/mvp_probe_linear_videomae_v2_vit_giant_16_224_20260501T080356Z/layer_20/train/trial_0011/val_eval
wandb: updating run metadata
wandb: uploading output.log; uploading wandb-summary.json; uploading config.yaml
wandb: 
wandb: Run history:
wandb:          epoch ▁▁▁▂▂▂▂▂▂▃▃▃▃▃▃▄▄▄▅▅▅▅▅▆▆▆▆▆▆▆▆▇▇▇▇▇▇███
wandb: train_accuracy ▁▁▂▃▄▃▅▄▄▅▄▅▅▄▅▆▆▄▅▇▇▄▅▇▇▆▅█▆▇▆█▇▆▅█▇█▇▇
wandb:     train_loss █▂▄▂▃▃▄▄▄▃▃▂█▁▃▁▄▃▂▃▄▄▁▂▁▄▂▅▃▂▂▃▂▃▄▃▂▃▂▂
wandb:   val_accuracy ▁▁▂▁▁▃▃▃▄▂▃▇▇▆▆▆▅▇▆▅▅▆▆▃▇▃▅▂█▆▇█▅███▂▆█▆
wandb:       val_loss █▃▅▄▁▃▂▂▆▁▂▁▁▁▁▂▂▁▁▇▁▂▂▃▂▂▄▄▂▁▁▂▁▁▆▅▂▃▁▂
wandb: 
wandb: Run summary:
wandb:           best_epoch 77
wandb:    best_val_accuracy 64.00404
wandb:        best_val_loss 0.71238
wandb: checkpoint_best_path artifacts/probes/mvp...
wandb: checkpoint_last_path artifacts/probes/mvp...
wandb:      checkpoint_path artifacts/probes/mvp...
wandb:              dataset mvp
wandb:      elapsed_seconds 14.76564
wandb:                epoch 100
wandb:    feature_signature 7c0fab9616b3b517
wandb:                  +22 ...
wandb: 
wandb: 🚀 View run mvp_linear_videomae_v2_vit_giant_16_224_layer_20/trial_0011 at: https://wandb.ai/caselli-niccolo-developer-university-of-amsterdam/probe4physics/runs/r24l1kgb
wandb: ⭐️ View project at: https://wandb.ai/caselli-niccolo-developer-university-of-amsterdam/probe4physics
wandb: Synced 5 W&B file(s), 0 media file(s), 0 artifact file(s) and 0 other file(s)
wandb: Find logs at: ./wandb/run-20260501_101212-r24l1kgb/logs
[I 2026-05-01 10:12:29,761] Trial 11 finished with value: 36.905965621840245 and parameters: {'lr': 0.008296796921936793, 'weight_decay': 1.7074626001153678e-08, 'batch_size': 64, 'epochs': 100}. Best is trial 1 with value: 38.72598584428716.
wandb: setting up run 0xmu9tjy
wandb: Tracking run with wandb version 0.26.1
wandb: Run data is saved locally in /gpfs/home3/scur0511/Probe4Physics/wandb/run-20260501_101231-0xmu9tjy
wandb: Run `wandb offline` to turn off syncing.
wandb: Syncing run mvp_linear_videomae_v2_vit_giant_16_224_layer_20/trial_0012
wandb: ⭐️ View project at https://wandb.ai/caselli-niccolo-developer-university-of-amsterdam/probe4physics
wandb: 🚀 View run at https://wandb.ai/caselli-niccolo-developer-university-of-amsterdam/probe4physics/runs/0xmu9tjy
[eval.mvp] Starting eval | split_name=val split_dir=data/splits/mvp/full_60_20_20 predictor_mode=from_file annotation_file=data/annotations/mvp_full.jsonl
[eval.mvp] Loaded split assignments | split_pairs=989 split_samples=1978
[eval.mvp] Prepared samples | n_pairs_before_trim=989 n_samples_before_trim=1978 n_pairs_after_trim=989 n_samples_after_trim=1978 max_pairs=0
[eval.mvp] Generated predictions | n_predictions=1978
[eval.mvp] Scoring complete | accuracy=63.7007 pair_consistency=37.0071 n_pairs=989 n_samples=1978
[eval.mvp] Artifacts written | output_dir=artifacts/probes/mvp_probe_linear_videomae_v2_vit_giant_16_224_20260501T080356Z/layer_20/train/trial_0012/val_eval
wandb: updating run metadata
wandb: uploading output.log; uploading wandb-summary.json; uploading config.yaml
wandb: uploading history steps 0-99, summary, console lines 0-6
wandb: uploading data
wandb: 
wandb: Run history:
wandb:          epoch ▁▁▁▁▁▂▂▂▂▂▃▃▃▃▄▄▄▄▄▄▅▅▅▅▅▆▆▆▆▆▇▇▇▇▇▇▇▇██
wandb: train_accuracy ▁▂▃▄▃▃▄▃▄▅▄▅▄▆▅▆▆▆▅▆▇▇▇▅█▆▅▅▅▅▇▇▆█▇▇▇▇▇█
wandb:     train_loss ▇▅▅▄▃▅▃▄▃▅▃▃▃▃▄▅▂▄▂▃▄▃█▂▂▄▂▂▇▅▅▂▂▃▃▁▂▃▅▅
wandb:   val_accuracy ▆▄▃▄▂▅▆▂▆▂▆▂▄▃█▂▇▅▅▅▄▂▁▅▄▃▆█▄▇▅▇▅▁▂▂▄▆▂▂
wandb:       val_loss ▃█▂▃▁▂▂▆▃▁▁▅▃▂▁▅▂▁▂▂▃▂▁▄▂▁▂▃▁▃▂▂▁▁▆▄▃▁▄▅
wandb: 
wandb: Run summary:
wandb:           best_epoch 70
wandb:    best_val_accuracy 63.70071
wandb:        best_val_loss 0.67843
wandb: checkpoint_best_path artifacts/probes/mvp...
wandb: checkpoint_last_path artifacts/probes/mvp...
wandb:      checkpoint_path artifacts/probes/mvp...
wandb:              dataset mvp
wandb:      elapsed_seconds 14.44987
wandb:                epoch 100
wandb:    feature_signature 7c0fab9616b3b517
wandb:                  +22 ...
wandb: 
wandb: 🚀 View run mvp_linear_videomae_v2_vit_giant_16_224_layer_20/trial_0012 at: https://wandb.ai/caselli-niccolo-developer-university-of-amsterdam/probe4physics/runs/0xmu9tjy
wandb: ⭐️ View project at: https://wandb.ai/caselli-niccolo-developer-university-of-amsterdam/probe4physics
wandb: Synced 5 W&B file(s), 0 media file(s), 0 artifact file(s) and 0 other file(s)
wandb: Find logs at: ./wandb/run-20260501_101231-0xmu9tjy/logs
[I 2026-05-01 10:12:49,035] Trial 12 finished with value: 37.00707785642063 and parameters: {'lr': 0.007180892821067769, 'weight_decay': 1.051368030362245e-08, 'batch_size': 64, 'epochs': 100}. Best is trial 1 with value: 38.72598584428716.
wandb: setting up run z95ksfa9
wandb: Tracking run with wandb version 0.26.1
wandb: Run data is saved locally in /gpfs/home3/scur0511/Probe4Physics/wandb/run-20260501_101250-z95ksfa9
wandb: Run `wandb offline` to turn off syncing.
wandb: Syncing run mvp_linear_videomae_v2_vit_giant_16_224_layer_20/trial_0013
wandb: ⭐️ View project at https://wandb.ai/caselli-niccolo-developer-university-of-amsterdam/probe4physics
wandb: 🚀 View run at https://wandb.ai/caselli-niccolo-developer-university-of-amsterdam/probe4physics/runs/z95ksfa9
[eval.mvp] Starting eval | split_name=val split_dir=data/splits/mvp/full_60_20_20 predictor_mode=from_file annotation_file=data/annotations/mvp_full.jsonl
[eval.mvp] Loaded split assignments | split_pairs=989 split_samples=1978
[eval.mvp] Prepared samples | n_pairs_before_trim=989 n_samples_before_trim=1978 n_pairs_after_trim=989 n_samples_after_trim=1978 max_pairs=0
[eval.mvp] Generated predictions | n_predictions=1978
[eval.mvp] Scoring complete | accuracy=64.4085 pair_consistency=37.0071 n_pairs=989 n_samples=1978
[eval.mvp] Artifacts written | output_dir=artifacts/probes/mvp_probe_linear_videomae_v2_vit_giant_16_224_20260501T080356Z/layer_20/train/trial_0013/val_eval
wandb: updating run metadata
wandb: uploading output.log; uploading wandb-summary.json; uploading config.yaml
wandb: uploading history steps 86-99, summary, console lines 0-6
wandb: 
wandb: Run history:
wandb:          epoch ▁▁▁▁▂▂▂▂▂▂▃▃▃▃▃▄▄▄▄▄▄▄▅▅▅▅▅▆▆▆▆▇▇▇▇▇████
wandb: train_accuracy ▁▂▃▂▃▄▄▄▄▅▅▅▅▅▅▆▆▆▆▆▇▆▆▆▆▆▇▆█▇▇▆▇█▇▇▇▆██
wandb:     train_loss █▆▃▃▃▃▄▃▄▃▂▂▃▂▂▂▂▃▄▄▂▃▂▃▃▂▄▁▄▃▄▂▁▂▃▂▁▁▂▁
wandb:   val_accuracy ▁▃▆▁▃▃▆▅▂▆▁▁▄▅▅▇▆▆▂▅▇▁▂▂▆▆▅█▆▆▄▃▆▆█▂█▂▇█
wandb:       val_loss █▄▂▁▂▅▄▂▅▁▅▁▅▃▅▂▂▁▁▃▁▁▁▂▁▅▂▂▄▂▅▁▂▇▃▁▆▁▆▁
wandb: 
wandb: Run summary:
wandb:           best_epoch 100
wandb:    best_val_accuracy 64.40849
wandb:        best_val_loss 0.67036
wandb: checkpoint_best_path artifacts/probes/mvp...
wandb: checkpoint_last_path artifacts/probes/mvp...
wandb:      checkpoint_path artifacts/probes/mvp...
wandb:              dataset mvp
wandb:      elapsed_seconds 20.0593
wandb:                epoch 100
wandb:    feature_signature 7c0fab9616b3b517
wandb:                  +22 ...
wandb: 
wandb: 🚀 View run mvp_linear_videomae_v2_vit_giant_16_224_layer_20/trial_0013 at: https://wandb.ai/caselli-niccolo-developer-university-of-amsterdam/probe4physics/runs/z95ksfa9
wandb: ⭐️ View project at: https://wandb.ai/caselli-niccolo-developer-university-of-amsterdam/probe4physics
wandb: Synced 5 W&B file(s), 0 media file(s), 0 artifact file(s) and 0 other file(s)
wandb: Find logs at: ./wandb/run-20260501_101250-z95ksfa9/logs
[I 2026-05-01 10:13:12,552] Trial 13 finished with value: 37.00707785642063 and parameters: {'lr': 0.0027621039893601378, 'weight_decay': 1.0506494328895403e-07, 'batch_size': 32, 'epochs': 100}. Best is trial 1 with value: 38.72598584428716.
wandb: setting up run zccdospg
wandb: Tracking run with wandb version 0.26.1
wandb: Run data is saved locally in /gpfs/home3/scur0511/Probe4Physics/wandb/run-20260501_101314-zccdospg
wandb: Run `wandb offline` to turn off syncing.
wandb: Syncing run mvp_linear_videomae_v2_vit_giant_16_224_layer_20/trial_0014
wandb: ⭐️ View project at https://wandb.ai/caselli-niccolo-developer-university-of-amsterdam/probe4physics
wandb: 🚀 View run at https://wandb.ai/caselli-niccolo-developer-university-of-amsterdam/probe4physics/runs/zccdospg
[eval.mvp] Starting eval | split_name=val split_dir=data/splits/mvp/full_60_20_20 predictor_mode=from_file annotation_file=data/annotations/mvp_full.jsonl
[eval.mvp] Loaded split assignments | split_pairs=989 split_samples=1978
[eval.mvp] Prepared samples | n_pairs_before_trim=989 n_samples_before_trim=1978 n_pairs_after_trim=989 n_samples_after_trim=1978 max_pairs=0
[eval.mvp] Generated predictions | n_predictions=1978
[eval.mvp] Scoring complete | accuracy=60.4146 pair_consistency=28.4125 n_pairs=989 n_samples=1978
[eval.mvp] Artifacts written | output_dir=artifacts/probes/mvp_probe_linear_videomae_v2_vit_giant_16_224_20260501T080356Z/layer_20/train/trial_0014/val_eval
wandb: updating run metadata
wandb: uploading wandb-metadata.json; uploading requirements.txt; uploading wandb-summary.json
wandb: uploading history steps 0-19, summary, console lines 0-6
wandb: 
wandb: Run history:
wandb:          epoch ▁▁▂▂▂▃▃▄▄▄▅▅▅▆▆▇▇▇██
wandb: train_accuracy ▁▃▄▅▅▄▅▅▅▆▆▇▅█▇▇▇▇▇█
wandb:     train_loss █▃▆▃▂▄▂▃▃▂▃▁▄▂▂▃▃▄▂▁
wandb:   val_accuracy ▁▁▂▅▃▂▁▂▄▄▁▆▆▆▃▁█▄▅▄
wandb:       val_loss ▃█▃▁▂▂▄▃▃▂▅▂▂▂▃▇▁▂▂▄
wandb: 
wandb: Run summary:
wandb:           best_epoch 17
wandb:    best_val_accuracy 60.41456
wandb:        best_val_loss 0.66477
wandb: checkpoint_best_path artifacts/probes/mvp...
wandb: checkpoint_last_path artifacts/probes/mvp...
wandb:      checkpoint_path artifacts/probes/mvp...
wandb:              dataset mvp
wandb:      elapsed_seconds 5.10556
wandb:                epoch 20
wandb:    feature_signature 7c0fab9616b3b517
wandb:                  +22 ...
wandb: 
wandb: 🚀 View run mvp_linear_videomae_v2_vit_giant_16_224_layer_20/trial_0014 at: https://wandb.ai/caselli-niccolo-developer-university-of-amsterdam/probe4physics/runs/zccdospg
wandb: ⭐️ View project at: https://wandb.ai/caselli-niccolo-developer-university-of-amsterdam/probe4physics
wandb: Synced 5 W&B file(s), 0 media file(s), 0 artifact file(s) and 0 other file(s)
wandb: Find logs at: ./wandb/run-20260501_101314-zccdospg/logs
[I 2026-05-01 10:13:21,602] Trial 14 finished with value: 28.412537917087967 and parameters: {'lr': 0.002782261660743086, 'weight_decay': 1.3201173001358093e-05, 'batch_size': 64, 'epochs': 20}. Best is trial 1 with value: 38.72598584428716.
wandb: setting up run 11uqox8l
wandb: Tracking run with wandb version 0.26.1
wandb: Run data is saved locally in /gpfs/home3/scur0511/Probe4Physics/wandb/run-20260501_101323-11uqox8l
wandb: Run `wandb offline` to turn off syncing.
wandb: Syncing run mvp_linear_videomae_v2_vit_giant_16_224_layer_20/trial_0015
wandb: ⭐️ View project at https://wandb.ai/caselli-niccolo-developer-university-of-amsterdam/probe4physics
wandb: 🚀 View run at https://wandb.ai/caselli-niccolo-developer-university-of-amsterdam/probe4physics/runs/11uqox8l
[eval.mvp] Starting eval | split_name=val split_dir=data/splits/mvp/full_60_20_20 predictor_mode=from_file annotation_file=data/annotations/mvp_full.jsonl
[eval.mvp] Loaded split assignments | split_pairs=989 split_samples=1978
[eval.mvp] Prepared samples | n_pairs_before_trim=989 n_samples_before_trim=1978 n_pairs_after_trim=989 n_samples_after_trim=1978 max_pairs=0
[eval.mvp] Generated predictions | n_predictions=1978
[eval.mvp] Scoring complete | accuracy=64.8129 pair_consistency=37.4115 n_pairs=989 n_samples=1978
[eval.mvp] Artifacts written | output_dir=artifacts/probes/mvp_probe_linear_videomae_v2_vit_giant_16_224_20260501T080356Z/layer_20/train/trial_0015/val_eval
wandb: updating run metadata
wandb: uploading output.log; uploading wandb-summary.json; uploading config.yaml
wandb: uploading history steps 85-99, summary, console lines 0-6
wandb: 
wandb: Run history:
wandb:          epoch ▁▁▂▂▂▂▂▂▂▂▃▃▃▃▃▃▄▄▄▅▅▅▅▅▅▆▆▆▆▆▆▇▇▇▇▇▇███
wandb: train_accuracy ▁▂▃▃▂▃▄▃▃▅▆▆▆▆▆▆▆▅▆▆▇▅▆▇▆▆▇▇▆▇▇█▇▆▇▇▇▇▇█
wandb:     train_loss █▆▅▃▄▃▃▄▃▃▃▂▃▃▂▃▂▂▃▂▃▂▃▂▂▂▁▁▃▁▂▂▄▁▂▂▂▁▃▁
wandb:   val_accuracy ▁▁▂▅▄▂▄▅▃▃▂▆▁▅▅▄▆▆▄▅▅▇▇▆▇▂▃▆▇▆█▇▇▃▄▅▁▃█▇
wandb:       val_loss ▅▄▁▃▂▃▂▄▁▂▂▃▂▂▂▄▂▁▁▁▄▁▂▁█▃▂▃▂▂▃▁▁▁▆▅▁▅▁▇
wandb: 
wandb: Run summary:
wandb:           best_epoch 91
wandb:    best_val_accuracy 64.81294
wandb:        best_val_loss 0.65435
wandb: checkpoint_best_path artifacts/probes/mvp...
wandb: checkpoint_last_path artifacts/probes/mvp...
wandb:      checkpoint_path artifacts/probes/mvp...
wandb:              dataset mvp
wandb:      elapsed_seconds 20.17133
wandb:                epoch 100
wandb:    feature_signature 7c0fab9616b3b517
wandb:                  +22 ...
wandb: 
wandb: 🚀 View run mvp_linear_videomae_v2_vit_giant_16_224_layer_20/trial_0015 at: https://wandb.ai/caselli-niccolo-developer-university-of-amsterdam/probe4physics/runs/11uqox8l
wandb: ⭐️ View project at: https://wandb.ai/caselli-niccolo-developer-university-of-amsterdam/probe4physics
wandb: Synced 5 W&B file(s), 0 media file(s), 0 artifact file(s) and 0 other file(s)
wandb: Find logs at: ./wandb/run-20260501_101323-11uqox8l/logs
[I 2026-05-01 10:13:45,406] Trial 15 finished with value: 37.41152679474216 and parameters: {'lr': 0.0024607436246509937, 'weight_decay': 0.0001371575145876111, 'batch_size': 32, 'epochs': 100}. Best is trial 1 with value: 38.72598584428716.
wandb: setting up run be82plyu
wandb: Tracking run with wandb version 0.26.1
wandb: Run data is saved locally in /gpfs/home3/scur0511/Probe4Physics/wandb/run-20260501_101347-be82plyu
wandb: Run `wandb offline` to turn off syncing.
wandb: Syncing run mvp_linear_videomae_v2_vit_giant_16_224_layer_20/trial_0016
wandb: ⭐️ View project at https://wandb.ai/caselli-niccolo-developer-university-of-amsterdam/probe4physics
wandb: 🚀 View run at https://wandb.ai/caselli-niccolo-developer-university-of-amsterdam/probe4physics/runs/be82plyu
[eval.mvp] Starting eval | split_name=val split_dir=data/splits/mvp/full_60_20_20 predictor_mode=from_file annotation_file=data/annotations/mvp_full.jsonl
[eval.mvp] Loaded split assignments | split_pairs=989 split_samples=1978
[eval.mvp] Prepared samples | n_pairs_before_trim=989 n_samples_before_trim=1978 n_pairs_after_trim=989 n_samples_after_trim=1978 max_pairs=0
[eval.mvp] Generated predictions | n_predictions=1978
[eval.mvp] Scoring complete | accuracy=63.8018 pair_consistency=35.2882 n_pairs=989 n_samples=1978
[eval.mvp] Artifacts written | output_dir=artifacts/probes/mvp_probe_linear_videomae_v2_vit_giant_16_224_20260501T080356Z/layer_20/train/trial_0016/val_eval
wandb: updating run metadata
wandb: uploading output.log; uploading wandb-summary.json; uploading config.yaml
wandb: 
wandb: Run history:
wandb:          epoch ▁▁▁▁▂▂▂▂▃▃▃▃▄▄▄▅▅▅▅▅▅▆▆▆▆▆▆▆▆▇▇▇▇▇▇▇████
wandb: train_accuracy ▁▂▂▃▃▄▅▄▃▄▄▄▄▅▆▆▆▆▆▅▅▇▆▄▇▇▆▆▇▅▇▇█▇▇█▅▆█▆
wandb:     train_loss █▄▄▅▅▄▄▆▅▄▅▃▃▃▂▃▃▃▅▄▅▂▁▁▁▂▂▂▂▃▄▁▁▂▂▁▂▃▂▃
wandb:   val_accuracy ▂▃▂▃▅▆▂▁▅▃▇▂▆▅▁▅▇▆▅▆▄▅▅▅▄▆█▆▄▇▅█▇█▃▆▆▆▆▆
wandb:       val_loss ▃▂▂▃▃▃▂▁▂▂▃▁▂█▂▅▂▁▂▂▄▃▂▂▁▂▂▄▂▁▂▂▁▁▃▃▂▂▃▂
wandb: 
wandb: Run summary:
wandb:           best_epoch 98
wandb:    best_val_accuracy 63.80182
wandb:        best_val_loss 0.65106
wandb: checkpoint_best_path artifacts/probes/mvp...
wandb: checkpoint_last_path artifacts/probes/mvp...
wandb:      checkpoint_path artifacts/probes/mvp...
wandb:              dataset mvp
wandb:      elapsed_seconds 14.37937
wandb:                epoch 100
wandb:    feature_signature 7c0fab9616b3b517
wandb:                  +22 ...
wandb: 
wandb: 🚀 View run mvp_linear_videomae_v2_vit_giant_16_224_layer_20/trial_0016 at: https://wandb.ai/caselli-niccolo-developer-university-of-amsterdam/probe4physics/runs/be82plyu
wandb: ⭐️ View project at: https://wandb.ai/caselli-niccolo-developer-university-of-amsterdam/probe4physics
wandb: Synced 5 W&B file(s), 0 media file(s), 0 artifact file(s) and 0 other file(s)
wandb: Find logs at: ./wandb/run-20260501_101347-be82plyu/logs
[I 2026-05-01 10:14:03,083] Trial 16 finished with value: 35.28816986855409 and parameters: {'lr': 0.0016014698680512534, 'weight_decay': 9.886548103443499e-08, 'batch_size': 64, 'epochs': 100}. Best is trial 1 with value: 38.72598584428716.
wandb: setting up run u4mas7ir
wandb: Tracking run with wandb version 0.26.1
wandb: Run data is saved locally in /gpfs/home3/scur0511/Probe4Physics/wandb/run-20260501_101404-u4mas7ir
wandb: Run `wandb offline` to turn off syncing.
wandb: Syncing run mvp_linear_videomae_v2_vit_giant_16_224_layer_20/trial_0017
wandb: ⭐️ View project at https://wandb.ai/caselli-niccolo-developer-university-of-amsterdam/probe4physics
wandb: 🚀 View run at https://wandb.ai/caselli-niccolo-developer-university-of-amsterdam/probe4physics/runs/u4mas7ir
[eval.mvp] Starting eval | split_name=val split_dir=data/splits/mvp/full_60_20_20 predictor_mode=from_file annotation_file=data/annotations/mvp_full.jsonl
[eval.mvp] Loaded split assignments | split_pairs=989 split_samples=1978
[eval.mvp] Prepared samples | n_pairs_before_trim=989 n_samples_before_trim=1978 n_pairs_after_trim=989 n_samples_after_trim=1978 max_pairs=0
[eval.mvp] Generated predictions | n_predictions=1978
[eval.mvp] Scoring complete | accuracy=63.8018 pair_consistency=35.3893 n_pairs=989 n_samples=1978
[eval.mvp] Artifacts written | output_dir=artifacts/probes/mvp_probe_linear_videomae_v2_vit_giant_16_224_20260501T080356Z/layer_20/train/trial_0017/val_eval
wandb: updating run metadata
wandb: uploading wandb-summary.json; uploading config.yaml; uploading output.log
wandb: 
wandb: Run history:
wandb:          epoch ▁▁▁▁▂▂▂▂▃▃▃▃▃▃▃▄▄▄▄▄▅▅▅▅▆▆▆▆▆▇▇▇▇▇▇▇████
wandb: train_accuracy ▁▂▂▁▃▂▃▂▂▆▅▄▃▆▆▆▆▇▇▇▇█▆▇▆▅▆▅▅▆█▆▇▇▇█▆▃▅▇
wandb:     train_loss ▄▃█▄▄▃▅▆▇▃▃▆▂▂▂▂▃█▃▃▃▁█▁▆▂▃▃▄▃▁▂▇▄▂▆▇▂▂▂
wandb:   val_accuracy ▂▁▃▃▂▂▄▁▆▄▅▃▇▁▇▄▇▃▁▇▇▆▇▃▄▅▂▂▆▇▃▇▇▃▇▇█▅▁▇
wandb:       val_loss ▂▂▂▂▃▂▁▁▅▁▄▁▁▁█▁▁▃▁▁▂▂▂▁▃▁▁▁▃▁▁▁▃▁▁▁▁▁▂▁
wandb: 
wandb: Run summary:
wandb:           best_epoch 88
wandb:    best_val_accuracy 63.80182
wandb:        best_val_loss 0.66268
wandb: checkpoint_best_path artifacts/probes/mvp...
wandb: checkpoint_last_path artifacts/probes/mvp...
wandb:      checkpoint_path artifacts/probes/mvp...
wandb:              dataset mvp
wandb:      elapsed_seconds 11.71326
wandb:                epoch 100
wandb:    feature_signature 7c0fab9616b3b517
wandb:                  +22 ...
wandb: 
wandb: 🚀 View run mvp_linear_videomae_v2_vit_giant_16_224_layer_20/trial_0017 at: https://wandb.ai/caselli-niccolo-developer-university-of-amsterdam/probe4physics/runs/u4mas7ir
wandb: ⭐️ View project at: https://wandb.ai/caselli-niccolo-developer-university-of-amsterdam/probe4physics
wandb: Synced 5 W&B file(s), 0 media file(s), 0 artifact file(s) and 0 other file(s)
wandb: Find logs at: ./wandb/run-20260501_101404-u4mas7ir/logs
[I 2026-05-01 10:14:18,280] Trial 17 finished with value: 35.38928210313448 and parameters: {'lr': 0.005699647264997957, 'weight_decay': 5.4860547805966015e-06, 'batch_size': 128, 'epochs': 100}. Best is trial 1 with value: 38.72598584428716.
wandb: setting up run 9qkqb8nt
wandb: Tracking run with wandb version 0.26.1
wandb: Run data is saved locally in /gpfs/home3/scur0511/Probe4Physics/wandb/run-20260501_101420-9qkqb8nt
wandb: Run `wandb offline` to turn off syncing.
wandb: Syncing run mvp_linear_videomae_v2_vit_giant_16_224_layer_20/trial_0018
wandb: ⭐️ View project at https://wandb.ai/caselli-niccolo-developer-university-of-amsterdam/probe4physics
wandb: 🚀 View run at https://wandb.ai/caselli-niccolo-developer-university-of-amsterdam/probe4physics/runs/9qkqb8nt
[eval.mvp] Starting eval | split_name=val split_dir=data/splits/mvp/full_60_20_20 predictor_mode=from_file annotation_file=data/annotations/mvp_full.jsonl
[eval.mvp] Loaded split assignments | split_pairs=989 split_samples=1978
[eval.mvp] Prepared samples | n_pairs_before_trim=989 n_samples_before_trim=1978 n_pairs_after_trim=989 n_samples_after_trim=1978 max_pairs=0
[eval.mvp] Generated predictions | n_predictions=1978
[eval.mvp] Scoring complete | accuracy=54.1962 pair_consistency=17.0880 n_pairs=989 n_samples=1978
[eval.mvp] Artifacts written | output_dir=artifacts/probes/mvp_probe_linear_videomae_v2_vit_giant_16_224_20260501T080356Z/layer_20/train/trial_0018/val_eval
wandb: updating run metadata
wandb: uploading config.yaml; uploading wandb-metadata.json; uploading requirements.txt; uploading output.log; uploading wandb-summary.json
wandb: 
wandb: Run history:
wandb:          epoch ▁▁▂▂▂▃▃▄▄▄▅▅▅▆▆▇▇▇██
wandb: train_accuracy ▁▂▂▃▃▃▄▅▄▄▅▅▆▆▆▆▇▆▆█
wandb:     train_loss █▃▂▂▂▂▂▂▂▁▁▁▁▁▁▁▁▁▁▁
wandb:   val_accuracy ▁▂▂▃▃▂▂▅▄▄▄▅▃▆▅▄▃██▇
wandb:       val_loss █▆▅▄▄▃▃▃▂▂▂▂▃▂▂▁▂▁▁▁
wandb: 
wandb: Run summary:
wandb:           best_epoch 18
wandb:    best_val_accuracy 54.19616
wandb:        best_val_loss 0.68922
wandb: checkpoint_best_path artifacts/probes/mvp...
wandb: checkpoint_last_path artifacts/probes/mvp...
wandb:      checkpoint_path artifacts/probes/mvp...
wandb:              dataset mvp
wandb:      elapsed_seconds 4.83522
wandb:                epoch 20
wandb:    feature_signature 7c0fab9616b3b517
wandb:                  +22 ...
wandb: 
wandb: 🚀 View run mvp_linear_videomae_v2_vit_giant_16_224_layer_20/trial_0018 at: https://wandb.ai/caselli-niccolo-developer-university-of-amsterdam/probe4physics/runs/9qkqb8nt
wandb: ⭐️ View project at: https://wandb.ai/caselli-niccolo-developer-university-of-amsterdam/probe4physics
wandb: Synced 5 W&B file(s), 0 media file(s), 0 artifact file(s) and 0 other file(s)
wandb: Find logs at: ./wandb/run-20260501_101420-9qkqb8nt/logs
[I 2026-05-01 10:14:26,364] Trial 18 finished with value: 17.087967644084934 and parameters: {'lr': 4.720845304099489e-05, 'weight_decay': 8.125407127094649e-08, 'batch_size': 64, 'epochs': 20}. Best is trial 1 with value: 38.72598584428716.
wandb: setting up run r0xi9paf
wandb: Tracking run with wandb version 0.26.1
wandb: Run data is saved locally in /gpfs/home3/scur0511/Probe4Physics/wandb/run-20260501_101428-r0xi9paf
wandb: Run `wandb offline` to turn off syncing.
wandb: Syncing run mvp_linear_videomae_v2_vit_giant_16_224_layer_20/trial_0019
wandb: ⭐️ View project at https://wandb.ai/caselli-niccolo-developer-university-of-amsterdam/probe4physics
wandb: 🚀 View run at https://wandb.ai/caselli-niccolo-developer-university-of-amsterdam/probe4physics/runs/r0xi9paf
[eval.mvp] Starting eval | split_name=val split_dir=data/splits/mvp/full_60_20_20 predictor_mode=from_file annotation_file=data/annotations/mvp_full.jsonl
[eval.mvp] Loaded split assignments | split_pairs=989 split_samples=1978
[eval.mvp] Prepared samples | n_pairs_before_trim=989 n_samples_before_trim=1978 n_pairs_after_trim=989 n_samples_after_trim=1978 max_pairs=0
[eval.mvp] Generated predictions | n_predictions=1978
[eval.mvp] Scoring complete | accuracy=64.8635 pair_consistency=39.5349 n_pairs=989 n_samples=1978
[eval.mvp] Artifacts written | output_dir=artifacts/probes/mvp_probe_linear_videomae_v2_vit_giant_16_224_20260501T080356Z/layer_20/train/trial_0019/val_eval
wandb: updating run metadata
wandb: uploading output.log; uploading wandb-summary.json; uploading config.yaml
wandb: 
wandb: Run history:
wandb:          epoch ▁▁▁▂▂▂▂▂▃▃▃▃▃▃▄▄▄▄▄▄▄▅▅▅▅▅▅▆▆▆▆▇▇▇▇▇▇▇▇█
wandb: train_accuracy ▁▂▂▂▂▂▅▄▅▅▃▅▆▅▄▅▅▆▅▆▆▆▇▅▆▆▆▆▅▇▇▇█▇█▇█▆▇▆
wandb:     train_loss █▅▄▃▃▃▃▃▃▃▄▃▃▃▂▃▃▂▂▃▂▃▂▃▃▃▂▂▂▂▂▃▂▂▃▄▂▂▁▁
wandb:   val_accuracy ▃▂▂▅▁▄▃▇▆▃▆▃▁▂▁▅▃▄▆▅▅▇▅▆▇▇▇▇▂▇▇▇▆▃▃▄▃█▂▂
wandb:       val_loss ▂▂▁▇▁▂▂▂▂█▁▄▁▂▂▁▃▂▁▂▂▂▃▁▁▁▃▂▃▄▃▃▁▁▁▁▃▁▃▁
wandb: 
wandb: Run summary:
wandb:           best_epoch 81
wandb:    best_val_accuracy 64.86349
wandb:        best_val_loss 0.66098
wandb: checkpoint_best_path artifacts/probes/mvp...
wandb: checkpoint_last_path artifacts/probes/mvp...
wandb:      checkpoint_path artifacts/probes/mvp...
wandb:              dataset mvp
wandb:      elapsed_seconds 20.59045
wandb:                epoch 100
wandb:    feature_signature 7c0fab9616b3b517
wandb:                  +22 ...
wandb: 
wandb: 🚀 View run mvp_linear_videomae_v2_vit_giant_16_224_layer_20/trial_0019 at: https://wandb.ai/caselli-niccolo-developer-university-of-amsterdam/probe4physics/runs/r0xi9paf
wandb: ⭐️ View project at: https://wandb.ai/caselli-niccolo-developer-university-of-amsterdam/probe4physics
wandb: Synced 5 W&B file(s), 0 media file(s), 0 artifact file(s) and 0 other file(s)
wandb: Find logs at: ./wandb/run-20260501_101428-r0xi9paf/logs
[I 2026-05-01 10:14:50,298] Trial 19 finished with value: 39.53488372093023 and parameters: {'lr': 0.004099626472340928, 'weight_decay': 2.978878852837696e-06, 'batch_size': 32, 'epochs': 100}. Best is trial 19 with value: 39.53488372093023.
[eval.mvp] Starting eval | split_name=train split_dir=data/splits/mvp/full_60_20_20 predictor_mode=from_file annotation_file=data/annotations/mvp_full.jsonl
[eval.mvp] Loaded split assignments | split_pairs=2965 split_samples=5930
[eval.mvp] Prepared samples | n_pairs_before_trim=2965 n_samples_before_trim=5930 n_pairs_after_trim=2965 n_samples_after_trim=5930 max_pairs=0
[eval.mvp] Generated predictions | n_predictions=5930
[eval.mvp] Scoring complete | accuracy=68.6172 pair_consistency=44.0809 n_pairs=2965 n_samples=5930
[eval.mvp] Artifacts written | output_dir=artifacts/probes/mvp_probe_linear_videomae_v2_vit_giant_16_224_20260501T080356Z/layer_20/eval/train
[eval.mvp] Starting eval | split_name=val split_dir=data/splits/mvp/full_60_20_20 predictor_mode=from_file annotation_file=data/annotations/mvp_full.jsonl
[eval.mvp] Loaded split assignments | split_pairs=989 split_samples=1978
[eval.mvp] Prepared samples | n_pairs_before_trim=989 n_samples_before_trim=1978 n_pairs_after_trim=989 n_samples_after_trim=1978 max_pairs=0
[eval.mvp] Generated predictions | n_predictions=1978
[eval.mvp] Scoring complete | accuracy=64.8635 pair_consistency=39.5349 n_pairs=989 n_samples=1978
[eval.mvp] Artifacts written | output_dir=artifacts/probes/mvp_probe_linear_videomae_v2_vit_giant_16_224_20260501T080356Z/layer_20/eval/val
[eval.mvp] Starting eval | split_name=test split_dir=data/splits/mvp/full_60_20_20 predictor_mode=from_file annotation_file=data/annotations/mvp_full.jsonl
[eval.mvp] Loaded split assignments | split_pairs=989 split_samples=1978
[eval.mvp] Prepared samples | n_pairs_before_trim=989 n_samples_before_trim=1978 n_pairs_after_trim=989 n_samples_after_trim=1978 max_pairs=0
[eval.mvp] Generated predictions | n_predictions=1978
[eval.mvp] Scoring complete | accuracy=64.0546 pair_consistency=37.7149 n_pairs=989 n_samples=1978
[eval.mvp] Artifacts written | output_dir=artifacts/probes/mvp_probe_linear_videomae_v2_vit_giant_16_224_20260501T080356Z/layer_20/eval/test
[I 2026-05-01 10:14:54,993] A new study created in RDB with name: mvp_linear_videomae_v2_vit_giant_16_224_layer_30
wandb: setting up run 27d143fd
wandb: Tracking run with wandb version 0.26.1
wandb: Run data is saved locally in /gpfs/home3/scur0511/Probe4Physics/wandb/run-20260501_101456-27d143fd
wandb: Run `wandb offline` to turn off syncing.
wandb: Syncing run mvp_linear_videomae_v2_vit_giant_16_224_layer_30/trial_0000
wandb: ⭐️ View project at https://wandb.ai/caselli-niccolo-developer-university-of-amsterdam/probe4physics
wandb: 🚀 View run at https://wandb.ai/caselli-niccolo-developer-university-of-amsterdam/probe4physics/runs/27d143fd
[eval.mvp] Starting eval | split_name=val split_dir=data/splits/mvp/full_60_20_20 predictor_mode=from_file annotation_file=data/annotations/mvp_full.jsonl
[eval.mvp] Loaded split assignments | split_pairs=989 split_samples=1978
[eval.mvp] Prepared samples | n_pairs_before_trim=989 n_samples_before_trim=1978 n_pairs_after_trim=989 n_samples_after_trim=1978 max_pairs=0
[eval.mvp] Generated predictions | n_predictions=1978
[eval.mvp] Scoring complete | accuracy=59.8584 pair_consistency=29.1203 n_pairs=989 n_samples=1978
[eval.mvp] Artifacts written | output_dir=artifacts/probes/mvp_probe_linear_videomae_v2_vit_giant_16_224_20260501T080356Z/layer_30/train/trial_0000/val_eval
wandb: updating run metadata
wandb: uploading output.log; uploading wandb-summary.json; uploading config.yaml
wandb: uploading history steps 0-49, summary, console lines 0-6
wandb: 
wandb: Run history:
wandb:          epoch ▁▁▁▁▂▂▂▂▂▃▃▃▃▃▃▄▄▄▄▄▅▅▅▅▅▅▆▆▆▆▆▇▇▇▇▇▇███
wandb: train_accuracy ▁▂▃▃▃▃▄▄▄▄▅▄▅▅▅▅▆▆▆▅▅▇▆▇█▇▇▇▇█▇▇▇▇▇▇▇██▇
wandb:     train_loss █▅▄▄▄▄▃▃▃▃▃▃▃▃▃▃▂▂▂▃▃▂▂▂▂▂▂▂▁▁▂▂▂▁▁▁▁▁▂▁
wandb:   val_accuracy ▁▃▂▃▄▄▄▄▅▅▆▂▅▂▂▃▄▃▅▂▅▆▆▇▃▅█▅█▂▇▇▇▇▇▅█▇▄▃
wandb:       val_loss ▆▅▅▆▄▅▄▅▃▃▃▅▃▅▅▄▄▄▃▅▃▃▃▂▂▂▃▁▃▁▅▂▁▂▂█▃▁▂▅
wandb: 
wandb: Run summary:
wandb:           best_epoch 34
wandb:    best_val_accuracy 59.85844
wandb:        best_val_loss 0.66953
wandb: checkpoint_best_path artifacts/probes/mvp...
wandb: checkpoint_last_path artifacts/probes/mvp...
wandb:      checkpoint_path artifacts/probes/mvp...
wandb:              dataset mvp
wandb:      elapsed_seconds 11.23981
wandb:                epoch 50
wandb:    feature_signature 7c0fab9616b3b517
wandb:                  +22 ...
wandb: 
wandb: 🚀 View run mvp_linear_videomae_v2_vit_giant_16_224_layer_30/trial_0000 at: https://wandb.ai/caselli-niccolo-developer-university-of-amsterdam/probe4physics/runs/27d143fd
wandb: ⭐️ View project at: https://wandb.ai/caselli-niccolo-developer-university-of-amsterdam/probe4physics
wandb: Synced 5 W&B file(s), 0 media file(s), 0 artifact file(s) and 0 other file(s)
wandb: Find logs at: ./wandb/run-20260501_101456-27d143fd/logs
[I 2026-05-01 10:15:09,971] Trial 0 finished with value: 29.120323559150656 and parameters: {'lr': 0.0001329291894316216, 'weight_decay': 0.005061576888752304, 'batch_size': 32, 'epochs': 50}. Best is trial 0 with value: 29.120323559150656.
wandb: setting up run 3z91w4sr
wandb: Tracking run with wandb version 0.26.1
wandb: Run data is saved locally in /gpfs/home3/scur0511/Probe4Physics/wandb/run-20260501_101511-3z91w4sr
wandb: Run `wandb offline` to turn off syncing.
wandb: Syncing run mvp_linear_videomae_v2_vit_giant_16_224_layer_30/trial_0001
wandb: ⭐️ View project at https://wandb.ai/caselli-niccolo-developer-university-of-amsterdam/probe4physics
wandb: 🚀 View run at https://wandb.ai/caselli-niccolo-developer-university-of-amsterdam/probe4physics/runs/3z91w4sr
[eval.mvp] Starting eval | split_name=val split_dir=data/splits/mvp/full_60_20_20 predictor_mode=from_file annotation_file=data/annotations/mvp_full.jsonl
[eval.mvp] Loaded split assignments | split_pairs=989 split_samples=1978
[eval.mvp] Prepared samples | n_pairs_before_trim=989 n_samples_before_trim=1978 n_pairs_after_trim=989 n_samples_after_trim=1978 max_pairs=0
[eval.mvp] Generated predictions | n_predictions=1978
[eval.mvp] Scoring complete | accuracy=62.9929 pair_consistency=36.1982 n_pairs=989 n_samples=1978
[eval.mvp] Artifacts written | output_dir=artifacts/probes/mvp_probe_linear_videomae_v2_vit_giant_16_224_20260501T080356Z/layer_30/train/trial_0001/val_eval
wandb: updating run metadata
wandb: uploading history steps 83-99, summary, console lines 0-6
wandb: 
wandb: Run history:
wandb:          epoch ▁▁▁▂▂▂▂▂▂▂▃▃▃▃▃▃▃▄▄▅▅▅▅▅▅▆▆▆▆▆▆▆▇▇▇▇████
wandb: train_accuracy ▁▁▂▃▃▄▄▄▄▄▅▄▄▄▄▄▅▆▆▅▇▇▇▆▆▆▇▆▆▆██▇▇▇▇█▇██
wandb:     train_loss ▇█▅▆▆▅▅▇▅▇▄▃▃▃▂▂▄▄▄▃▃▁▄▄▅▂▃▄▃▂▂▄▃▂▂▃▄▄▁▁
wandb:   val_accuracy ▁▁▂▄▃▁▁▃▆▅▅▁▂▇▇▅▆▄▇▃▄▆█▆▅▆▂▇▄▇▇█▇▄▇▇▆█▁▃
wandb:       val_loss ▃▆▁▂▂▂█▁▂▁▁▁▁▂▂▁▁▁▂▂▁▁▅▂▂▂▃▁▁▁▂▂▁▁▃▁▃▁▁▁
wandb: 
wandb: Run summary:
wandb:           best_epoch 96
wandb:    best_val_accuracy 62.99292
wandb:        best_val_loss 0.64014
wandb: checkpoint_best_path artifacts/probes/mvp...
wandb: checkpoint_last_path artifacts/probes/mvp...
wandb:      checkpoint_path artifacts/probes/mvp...
wandb:              dataset mvp
wandb:      elapsed_seconds 21.24725
wandb:                epoch 100
wandb:    feature_signature 7c0fab9616b3b517
wandb:                  +22 ...
wandb: 
wandb: 🚀 View run mvp_linear_videomae_v2_vit_giant_16_224_layer_30/trial_0001 at: https://wandb.ai/caselli-niccolo-developer-university-of-amsterdam/probe4physics/runs/3z91w4sr
wandb: ⭐️ View project at: https://wandb.ai/caselli-niccolo-developer-university-of-amsterdam/probe4physics
wandb: Synced 5 W&B file(s), 0 media file(s), 0 artifact file(s) and 0 other file(s)
wandb: Find logs at: ./wandb/run-20260501_101511-3z91w4sr/logs
[I 2026-05-01 10:15:39,504] Trial 1 finished with value: 36.19817997977755 and parameters: {'lr': 0.001331121608073689, 'weight_decay': 1.328944872286916e-08, 'batch_size': 32, 'epochs': 100}. Best is trial 1 with value: 36.19817997977755.
wandb: setting up run 8r99ngbl
wandb: Tracking run with wandb version 0.26.1
wandb: Run data is saved locally in /gpfs/home3/scur0511/Probe4Physics/wandb/run-20260501_101541-8r99ngbl
wandb: Run `wandb offline` to turn off syncing.
wandb: Syncing run mvp_linear_videomae_v2_vit_giant_16_224_layer_30/trial_0002
wandb: ⭐️ View project at https://wandb.ai/caselli-niccolo-developer-university-of-amsterdam/probe4physics
wandb: 🚀 View run at https://wandb.ai/caselli-niccolo-developer-university-of-amsterdam/probe4physics/runs/8r99ngbl
[eval.mvp] Starting eval | split_name=val split_dir=data/splits/mvp/full_60_20_20 predictor_mode=from_file annotation_file=data/annotations/mvp_full.jsonl
[eval.mvp] Loaded split assignments | split_pairs=989 split_samples=1978
[eval.mvp] Prepared samples | n_pairs_before_trim=989 n_samples_before_trim=1978 n_pairs_after_trim=989 n_samples_after_trim=1978 max_pairs=0
[eval.mvp] Generated predictions | n_predictions=1978
[eval.mvp] Scoring complete | accuracy=61.2235 pair_consistency=30.5359 n_pairs=989 n_samples=1978
[eval.mvp] Artifacts written | output_dir=artifacts/probes/mvp_probe_linear_videomae_v2_vit_giant_16_224_20260501T080356Z/layer_30/train/trial_0002/val_eval
wandb: updating run metadata
wandb: uploading output.log; uploading wandb-summary.json; uploading config.yaml
wandb: 
wandb: Run history:
wandb:          epoch ▁▁▁▂▂▂▂▂▂▃▃▃▃▃▃▄▄▄▄▄▅▅▅▅▅▆▆▆▆▆▆▇▇▇▇▇▇███
wandb: train_accuracy ▁▂▃▄▄▄▃▅▄▅▆▆▅▅▆▅▆▇▆▆▇▆▇▇▇▆▆█▇▇▇▇▇▇▇███▇█
wandb:     train_loss █▅▅▄▄▄▄▃▄▃▃▄▅▃▃▃▂▃▂▃▃▃▂▁▂▂▂▁▂▂▂▁▂▁▁▁▁▁▂▁
wandb:   val_accuracy ▂▂▃▂▂▂▂▄▃▅▃▅▆▄▇▅▆▆▇▅▁▄▇▄▅▂▄▆▇▆▅█▆▆▇▄▇▇▄▇
wandb:       val_loss ▇█▅▇▆▅▆▆▅▄▅▄▃▄▃▄▃▃▂▄▄▃▄▄▅▄▃▂▂▂▃▁▂▁▂▇▆▁▁▁
wandb: 
wandb: Run summary:
wandb:           best_epoch 39
wandb:    best_val_accuracy 61.22346
wandb:        best_val_loss 0.66356
wandb: checkpoint_best_path artifacts/probes/mvp...
wandb: checkpoint_last_path artifacts/probes/mvp...
wandb:      checkpoint_path artifacts/probes/mvp...
wandb:              dataset mvp
wandb:      elapsed_seconds 11.79805
wandb:                epoch 50
wandb:    feature_signature 7c0fab9616b3b517
wandb:                  +22 ...
wandb: 
wandb: 🚀 View run mvp_linear_videomae_v2_vit_giant_16_224_layer_30/trial_0002 at: https://wandb.ai/caselli-niccolo-developer-university-of-amsterdam/probe4physics/runs/8r99ngbl
wandb: ⭐️ View project at: https://wandb.ai/caselli-niccolo-developer-university-of-amsterdam/probe4physics
wandb: Synced 5 W&B file(s), 0 media file(s), 0 artifact file(s) and 0 other file(s)
wandb: Find logs at: ./wandb/run-20260501_101541-8r99ngbl/logs
[I 2026-05-01 10:15:55,322] Trial 2 finished with value: 30.535894843276033 and parameters: {'lr': 0.00019762189340280086, 'weight_decay': 5.589524205217922e-07, 'batch_size': 32, 'epochs': 50}. Best is trial 1 with value: 36.19817997977755.
wandb: setting up run s8po4jz7
wandb: Tracking run with wandb version 0.26.1
wandb: Run data is saved locally in /gpfs/home3/scur0511/Probe4Physics/wandb/run-20260501_101557-s8po4jz7
wandb: Run `wandb offline` to turn off syncing.
wandb: Syncing run mvp_linear_videomae_v2_vit_giant_16_224_layer_30/trial_0003
wandb: ⭐️ View project at https://wandb.ai/caselli-niccolo-developer-university-of-amsterdam/probe4physics
wandb: 🚀 View run at https://wandb.ai/caselli-niccolo-developer-university-of-amsterdam/probe4physics/runs/s8po4jz7
[eval.mvp] Starting eval | split_name=val split_dir=data/splits/mvp/full_60_20_20 predictor_mode=from_file annotation_file=data/annotations/mvp_full.jsonl
[eval.mvp] Loaded split assignments | split_pairs=989 split_samples=1978
[eval.mvp] Prepared samples | n_pairs_before_trim=989 n_samples_before_trim=1978 n_pairs_after_trim=989 n_samples_after_trim=1978 max_pairs=0
[eval.mvp] Generated predictions | n_predictions=1978
[eval.mvp] Scoring complete | accuracy=61.1223 pair_consistency=31.6481 n_pairs=989 n_samples=1978
[eval.mvp] Artifacts written | output_dir=artifacts/probes/mvp_probe_linear_videomae_v2_vit_giant_16_224_20260501T080356Z/layer_30/train/trial_0003/val_eval
wandb: updating run metadata
wandb: uploading output.log; uploading wandb-summary.json; uploading config.yaml
wandb: 
wandb: Run history:
wandb:          epoch ▁▁▁▁▂▂▂▂▂▂▃▃▃▃▃▄▄▄▄▄▄▅▅▅▅▅▆▆▆▆▆▆▇▇▇▇▇███
wandb: train_accuracy ▁▃▃▃▃▃▄▃▄▄▆▅▄▆▅▅▆▆▆▄▆▅▆▆▇▆▇█▆▇▆▆▇█▇██▇▇█
wandb:     train_loss █▄▄▄▄▃▄▃▄▃▂▃▂▂▂▂▂▂▄▂▃▂▂▂▂▂▁▂▁▂▂▂▁▂▂▁▁▁▁▁
wandb:   val_accuracy ▁▂▂▂▃▂▄▄▃▅▆▄▄▅▄▆▁▃▄▆▃▆█▄█▄▅▇▇▇▂▄█▅▄▂█▅▄▃
wandb:       val_loss ▄▄▄▃▃▃▃▃▃▃▂▃▂▃▃▂▂█▃▃▄▄▂▁▂▅▃▂▁▂▅▃▁▃▂▅▃▁▂▄
wandb: 
wandb: Run summary:
wandb:           best_epoch 46
wandb:    best_val_accuracy 61.12234
wandb:        best_val_loss 0.65943
wandb: checkpoint_best_path artifacts/probes/mvp...
wandb: checkpoint_last_path artifacts/probes/mvp...
wandb:      checkpoint_path artifacts/probes/mvp...
wandb:              dataset mvp
wandb:      elapsed_seconds 8.64769
wandb:                epoch 50
wandb:    feature_signature 7c0fab9616b3b517
wandb:                  +22 ...
wandb: 
wandb: 🚀 View run mvp_linear_videomae_v2_vit_giant_16_224_layer_30/trial_0003 at: https://wandb.ai/caselli-niccolo-developer-university-of-amsterdam/probe4physics/runs/s8po4jz7
wandb: ⭐️ View project at: https://wandb.ai/caselli-niccolo-developer-university-of-amsterdam/probe4physics
wandb: Synced 5 W&B file(s), 0 media file(s), 0 artifact file(s) and 0 other file(s)
wandb: Find logs at: ./wandb/run-20260501_101557-s8po4jz7/logs
[I 2026-05-01 10:16:07,147] Trial 3 finished with value: 31.648129423660265 and parameters: {'lr': 0.0003489018845491386, 'weight_decay': 3.5849855803404713e-05, 'batch_size': 64, 'epochs': 50}. Best is trial 1 with value: 36.19817997977755.
wandb: setting up run t1hdjb39
wandb: Tracking run with wandb version 0.26.1
wandb: Run data is saved locally in /gpfs/home3/scur0511/Probe4Physics/wandb/run-20260501_101608-t1hdjb39
wandb: Run `wandb offline` to turn off syncing.
wandb: Syncing run mvp_linear_videomae_v2_vit_giant_16_224_layer_30/trial_0004
wandb: ⭐️ View project at https://wandb.ai/caselli-niccolo-developer-university-of-amsterdam/probe4physics
wandb: 🚀 View run at https://wandb.ai/caselli-niccolo-developer-university-of-amsterdam/probe4physics/runs/t1hdjb39
[eval.mvp] Starting eval | split_name=val split_dir=data/splits/mvp/full_60_20_20 predictor_mode=from_file annotation_file=data/annotations/mvp_full.jsonl
[eval.mvp] Loaded split assignments | split_pairs=989 split_samples=1978
[eval.mvp] Prepared samples | n_pairs_before_trim=989 n_samples_before_trim=1978 n_pairs_after_trim=989 n_samples_after_trim=1978 max_pairs=0
[eval.mvp] Generated predictions | n_predictions=1978
[eval.mvp] Scoring complete | accuracy=58.8979 pair_consistency=25.4803 n_pairs=989 n_samples=1978
[eval.mvp] Artifacts written | output_dir=artifacts/probes/mvp_probe_linear_videomae_v2_vit_giant_16_224_20260501T080356Z/layer_30/train/trial_0004/val_eval
wandb: updating run metadata
wandb: uploading output.log; uploading wandb-summary.json; uploading config.yaml
wandb: 
wandb: Run history:
wandb:          epoch ▁▁▁▁▂▂▂▂▂▂▃▃▃▃▃▄▄▄▄▄▅▅▅▅▅▅▆▆▆▆▆▇▇▇▇▇▇███
wandb: train_accuracy ▁▂▂▂▃▄▄▃▄▄▅▅▄▅▅▅▆▆▅▆▆▇▇▇▇▇█▆▇▇▆▇▇▇▇██▇▇█
wandb:     train_loss █▄▄▄▃▃▃▃▃▃▃▂▃▃▂▂▂▂▂▃▂▂▂▂▂▂▂▁▂▁▂▁▁▁▁▁▁▁▁▁
wandb:   val_accuracy ▁▂▂▂▃▄▅▄▄▆▄▄▂▅▂▁▇▁▄▅▁▅▄▇▄▁▅▆██▅▄▅▇▄█▂█▆▁
wandb:       val_loss ▆▅▅▅▅▄▄▄▄▃▄▃▃▄▃▂▇▃▃▆▃▂▃▂█▂▁▂▁▃▂▂▃▂▁▃▁▃▄▇
wandb: 
wandb: Run summary:
wandb:           best_epoch 36
wandb:    best_val_accuracy 58.89788
wandb:        best_val_loss 0.67442
wandb: checkpoint_best_path artifacts/probes/mvp...
wandb: checkpoint_last_path artifacts/probes/mvp...
wandb:      checkpoint_path artifacts/probes/mvp...
wandb:              dataset mvp
wandb:      elapsed_seconds 11.48582
wandb:                epoch 50
wandb:    feature_signature 7c0fab9616b3b517
wandb:                  +22 ...
wandb: 
wandb: 🚀 View run mvp_linear_videomae_v2_vit_giant_16_224_layer_30/trial_0004 at: https://wandb.ai/caselli-niccolo-developer-university-of-amsterdam/probe4physics/runs/t1hdjb39
wandb: ⭐️ View project at: https://wandb.ai/caselli-niccolo-developer-university-of-amsterdam/probe4physics
wandb: Synced 5 W&B file(s), 0 media file(s), 0 artifact file(s) and 0 other file(s)
wandb: Find logs at: ./wandb/run-20260501_101608-t1hdjb39/logs
[I 2026-05-01 10:16:22,102] Trial 4 finished with value: 25.480283114256824 and parameters: {'lr': 8.200518402245828e-05, 'weight_decay': 3.855073690026179e-08, 'batch_size': 32, 'epochs': 50}. Best is trial 1 with value: 36.19817997977755.
wandb: setting up run kvhz1con
wandb: Tracking run with wandb version 0.26.1
wandb: Run data is saved locally in /gpfs/home3/scur0511/Probe4Physics/wandb/run-20260501_101624-kvhz1con
wandb: Run `wandb offline` to turn off syncing.
wandb: Syncing run mvp_linear_videomae_v2_vit_giant_16_224_layer_30/trial_0005
wandb: ⭐️ View project at https://wandb.ai/caselli-niccolo-developer-university-of-amsterdam/probe4physics
wandb: 🚀 View run at https://wandb.ai/caselli-niccolo-developer-university-of-amsterdam/probe4physics/runs/kvhz1con
[eval.mvp] Starting eval | split_name=val split_dir=data/splits/mvp/full_60_20_20 predictor_mode=from_file annotation_file=data/annotations/mvp_full.jsonl
[eval.mvp] Loaded split assignments | split_pairs=989 split_samples=1978
[eval.mvp] Prepared samples | n_pairs_before_trim=989 n_samples_before_trim=1978 n_pairs_after_trim=989 n_samples_after_trim=1978 max_pairs=0
[eval.mvp] Generated predictions | n_predictions=1978
[eval.mvp] Scoring complete | accuracy=59.9596 pair_consistency=27.0981 n_pairs=989 n_samples=1978
[eval.mvp] Artifacts written | output_dir=artifacts/probes/mvp_probe_linear_videomae_v2_vit_giant_16_224_20260501T080356Z/layer_30/train/trial_0005/val_eval
wandb: updating run metadata
wandb: uploading history steps 0-49, summary, console lines 0-6
wandb: 
wandb: Run history:
wandb:          epoch ▁▁▁▁▂▂▂▂▂▂▃▃▃▃▃▄▄▄▄▄▄▅▅▅▅▆▆▆▆▆▆▇▇▇▇▇▇███
wandb: train_accuracy ▁▃▂▃▃▄▄▂▄▅▅▆▆▅▆▆▃▆▅▄▅▆▆▆▃▆▇▇▆█▇▇▇▇███▇▆▇
wandb:     train_loss █▃▅▃▃▂▃▃▂▂▂▂▂▂▂▂▃▁▂▃▂▂▁▂▃▂▂▁▂▁▁▁▂▁▁▁▁▁▂▁
wandb:   val_accuracy ▁▁▂▁▄▁▄▄▃▅▆▅▇▄▂▂▇▇▁▁▇▆█▁▂▂▇▅▇█▄▄█▆█▇▃▆▂▂
wandb:       val_loss ▃█▂▅▂▅▂▂▂▂▂▂▁▂▂▁▁▃▁█▁▁▁▅▃▃▁▂▁▁▂▂▁▁▁▁▂▂▄▃
wandb: 
wandb: Run summary:
wandb:           best_epoch 37
wandb:    best_val_accuracy 59.95956
wandb:        best_val_loss 0.67071
wandb: checkpoint_best_path artifacts/probes/mvp...
wandb: checkpoint_last_path artifacts/probes/mvp...
wandb:      checkpoint_path artifacts/probes/mvp...
wandb:              dataset mvp
wandb:      elapsed_seconds 6.5634
wandb:                epoch 50
wandb:    feature_signature 7c0fab9616b3b517
wandb:                  +22 ...
wandb: 
wandb: 🚀 View run mvp_linear_videomae_v2_vit_giant_16_224_layer_30/trial_0005 at: https://wandb.ai/caselli-niccolo-developer-university-of-amsterdam/probe4physics/runs/kvhz1con
wandb: ⭐️ View project at: https://wandb.ai/caselli-niccolo-developer-university-of-amsterdam/probe4physics
wandb: Synced 5 W&B file(s), 0 media file(s), 0 artifact file(s) and 0 other file(s)
wandb: Find logs at: ./wandb/run-20260501_101624-kvhz1con/logs
[I 2026-05-01 10:16:33,102] Trial 5 finished with value: 27.098078867542974 and parameters: {'lr': 0.0009717775305059633, 'weight_decay': 7.417652034871823e-07, 'batch_size': 256, 'epochs': 50}. Best is trial 1 with value: 36.19817997977755.
wandb: setting up run d2lnxrvi
wandb: Tracking run with wandb version 0.26.1
wandb: Run data is saved locally in /gpfs/home3/scur0511/Probe4Physics/wandb/run-20260501_101635-d2lnxrvi
wandb: Run `wandb offline` to turn off syncing.
wandb: Syncing run mvp_linear_videomae_v2_vit_giant_16_224_layer_30/trial_0006
wandb: ⭐️ View project at https://wandb.ai/caselli-niccolo-developer-university-of-amsterdam/probe4physics
wandb: 🚀 View run at https://wandb.ai/caselli-niccolo-developer-university-of-amsterdam/probe4physics/runs/d2lnxrvi
[eval.mvp] Starting eval | split_name=val split_dir=data/splits/mvp/full_60_20_20 predictor_mode=from_file annotation_file=data/annotations/mvp_full.jsonl
[eval.mvp] Loaded split assignments | split_pairs=989 split_samples=1978
[eval.mvp] Prepared samples | n_pairs_before_trim=989 n_samples_before_trim=1978 n_pairs_after_trim=989 n_samples_after_trim=1978 max_pairs=0
[eval.mvp] Generated predictions | n_predictions=1978
[eval.mvp] Scoring complete | accuracy=61.5268 pair_consistency=32.8615 n_pairs=989 n_samples=1978
[eval.mvp] Artifacts written | output_dir=artifacts/probes/mvp_probe_linear_videomae_v2_vit_giant_16_224_20260501T080356Z/layer_30/train/trial_0006/val_eval
wandb: updating run metadata
wandb: uploading output.log; uploading wandb-summary.json; uploading config.yaml
wandb: 
wandb: Run history:
wandb:          epoch ▁▁▁▂▂▂▂▂▂▃▃▃▃▃▃▃▄▄▄▄▅▅▅▅▅▆▆▆▆▆▆▆▆▇▇▇▇▇██
wandb: train_accuracy ▁▂▁▁▃▃▄▃▃▄▅▄▇▅▄▆▅▅▅▄▆▆▅▅▆▅▇▇▆██▆▇▇▅▅██▆█
wandb:     train_loss █▄▃▃▃▃▂▃▂▂▃▂▃▂▂▂▃▂▂▂▂▂▂▁▂▂▂▂▁▂▂▁▁▂▁▂▁▁▁▁
wandb:   val_accuracy ▁▂▃▂▄▃▃▆▁▄▄▇▆▄▅█▄▅▆▇▇▃▆▅▃▇█▆▆▇▇▇▆█▆▆█▅█▆
wandb:       val_loss █▄▃▄▃▂▂▂▄▃▂▂▂▂▂▃▂▂▁▂▁▂▁▄▁▃▂▁▁▁▂▁▂▁▁▃▄▁▂▂
wandb: 
wandb: Run summary:
wandb:           best_epoch 95
wandb:    best_val_accuracy 61.52679
wandb:        best_val_loss 0.65615
wandb: checkpoint_best_path artifacts/probes/mvp...
wandb: checkpoint_last_path artifacts/probes/mvp...
wandb:      checkpoint_path artifacts/probes/mvp...
wandb:              dataset mvp
wandb:      elapsed_seconds 11.0789
wandb:                epoch 100
wandb:    feature_signature 7c0fab9616b3b517
wandb:                  +22 ...
wandb: 
wandb: 🚀 View run mvp_linear_videomae_v2_vit_giant_16_224_layer_30/trial_0006 at: https://wandb.ai/caselli-niccolo-developer-university-of-amsterdam/probe4physics/runs/d2lnxrvi
wandb: ⭐️ View project at: https://wandb.ai/caselli-niccolo-developer-university-of-amsterdam/probe4physics
wandb: Synced 5 W&B file(s), 0 media file(s), 0 artifact file(s) and 0 other file(s)
wandb: Find logs at: ./wandb/run-20260501_101635-d2lnxrvi/logs
[I 2026-05-01 10:16:48,939] Trial 6 finished with value: 32.861476238624874 and parameters: {'lr': 0.0006218704727769079, 'weight_decay': 0.0033981724150106006, 'batch_size': 256, 'epochs': 100}. Best is trial 1 with value: 36.19817997977755.
wandb: setting up run 7a8j3uim
wandb: Tracking run with wandb version 0.26.1
wandb: Run data is saved locally in /gpfs/home3/scur0511/Probe4Physics/wandb/run-20260501_101650-7a8j3uim
wandb: Run `wandb offline` to turn off syncing.
wandb: Syncing run mvp_linear_videomae_v2_vit_giant_16_224_layer_30/trial_0007
wandb: ⭐️ View project at https://wandb.ai/caselli-niccolo-developer-university-of-amsterdam/probe4physics
wandb: 🚀 View run at https://wandb.ai/caselli-niccolo-developer-university-of-amsterdam/probe4physics/runs/7a8j3uim
[eval.mvp] Starting eval | split_name=val split_dir=data/splits/mvp/full_60_20_20 predictor_mode=from_file annotation_file=data/annotations/mvp_full.jsonl
[eval.mvp] Loaded split assignments | split_pairs=989 split_samples=1978
[eval.mvp] Prepared samples | n_pairs_before_trim=989 n_samples_before_trim=1978 n_pairs_after_trim=989 n_samples_after_trim=1978 max_pairs=0
[eval.mvp] Generated predictions | n_predictions=1978
[eval.mvp] Scoring complete | accuracy=55.8645 pair_consistency=18.0991 n_pairs=989 n_samples=1978
[eval.mvp] Artifacts written | output_dir=artifacts/probes/mvp_probe_linear_videomae_v2_vit_giant_16_224_20260501T080356Z/layer_30/train/trial_0007/val_eval
wandb: updating run metadata
wandb: uploading wandb-metadata.json; uploading requirements.txt; uploading output.log; uploading wandb-summary.json; uploading config.yaml
wandb: 
wandb: Run history:
wandb:          epoch ▁▁▂▂▂▃▃▄▄▄▅▅▅▆▆▇▇▇██
wandb: train_accuracy ▁▂▂▂▃▂▃▃▃▄▅▅▅▇▆▆▆▅▇█
wandb:     train_loss █▃▂▂▂▂▂▂▂▁▁▁▁▁▁▁▁▁▁▁
wandb:   val_accuracy ▁▄▄▃▃▃▃▄▄▅▄▆▃▆▄▅▃█▇█
wandb:       val_loss █▆▅▆▅▄▄▃▃▂▃▂▄▂▂▂▃▁▁▁
wandb: 
wandb: Run summary:
wandb:           best_epoch 18
wandb:    best_val_accuracy 55.86451
wandb:        best_val_loss 0.68748
wandb: checkpoint_best_path artifacts/probes/mvp...
wandb: checkpoint_last_path artifacts/probes/mvp...
wandb:      checkpoint_path artifacts/probes/mvp...
wandb:              dataset mvp
wandb:      elapsed_seconds 4.23261
wandb:                epoch 20
wandb:    feature_signature 7c0fab9616b3b517
wandb:                  +22 ...
wandb: 
wandb: 🚀 View run mvp_linear_videomae_v2_vit_giant_16_224_layer_30/trial_0007 at: https://wandb.ai/caselli-niccolo-developer-university-of-amsterdam/probe4physics/runs/7a8j3uim
wandb: ⭐️ View project at: https://wandb.ai/caselli-niccolo-developer-university-of-amsterdam/probe4physics
wandb: Synced 5 W&B file(s), 0 media file(s), 0 artifact file(s) and 0 other file(s)
wandb: Find logs at: ./wandb/run-20260501_101650-7a8j3uim/logs
[I 2026-05-01 10:16:56,456] Trial 7 finished with value: 18.099089989888775 and parameters: {'lr': 0.00011756010900231849, 'weight_decay': 4.848496183873288e-07, 'batch_size': 128, 'epochs': 20}. Best is trial 1 with value: 36.19817997977755.
wandb: setting up run ubk9lcoh
wandb: Tracking run with wandb version 0.26.1
wandb: Run data is saved locally in /gpfs/home3/scur0511/Probe4Physics/wandb/run-20260501_101658-ubk9lcoh
wandb: Run `wandb offline` to turn off syncing.
wandb: Syncing run mvp_linear_videomae_v2_vit_giant_16_224_layer_30/trial_0008
wandb: ⭐️ View project at https://wandb.ai/caselli-niccolo-developer-university-of-amsterdam/probe4physics
wandb: 🚀 View run at https://wandb.ai/caselli-niccolo-developer-university-of-amsterdam/probe4physics/runs/ubk9lcoh
wandb: updating run metadata
wandb: uploading wandb-summary.json; uploading config.yaml
wandb: 
wandb: Run history:
wandb:          epoch ▁▁▁▁▁▂▂▂▂▂▃▃▃▃▃▄▄▄▄▄▅▅▅▅▅▅▆▆▆▆▆▆▇▇▇▇▇███
wandb: train_accuracy ▁▁▁▂▃▃▂▂▂▂▃▃▃▃▃▃▄▄▄▄▄▄▅▅▅▆▅▅▇▇▆▆▇▇▇█▇█▇█
wandb:     train_loss █▂▂▁▁▁▁▁▁▁▁▁▁▁▁▁▁▁▁▁▁▁▁▁▁▁▁▁▁▁▁▁▁▁▁▁▁▁▁▁
wandb:   val_accuracy ▁▄▃▁▃▁▄▂▂▂▂▂▄▅▆▅▆▅▅▃▅▆▃▄▇▆▄▅▆▅▆▇▇▇███▇██
wandb:       val_loss █▆▄▃▃▂▂▂▂▂▂▂▂▂▁▁▁▁▁▁▁▁▁▁▁▁▁▁▁▁▁▁▁▁▁▁▁▁▁▁
wandb: 
wandb: Run summary:
wandb:          epoch 100
wandb: train_accuracy 53.81113
wandb:     train_loss 0.69041
wandb:   val_accuracy 53.84227
wandb:       val_loss 0.69171
wandb: 
wandb: 🚀 View run mvp_linear_videomae_v2_vit_giant_16_224_layer_30/trial_0008 at: https://wandb.ai/caselli-niccolo-developer-university-of-amsterdam/probe4physics/runs/ubk9lcoh
wandb: ⭐️ View project at: https://wandb.ai/caselli-niccolo-developer-university-of-amsterdam/probe4physics
wandb: Synced 4 W&B file(s), 0 media file(s), 0 artifact file(s) and 0 other file(s)
wandb: Find logs at: ./wandb/run-20260501_101658-ubk9lcoh/logs
[I 2026-05-01 10:17:09,263] Trial 8 pruned. Pruned at epoch 100 with val_accuracy=53.8423
wandb: setting up run 5mlpntqm
wandb: Tracking run with wandb version 0.26.1
wandb: Run data is saved locally in /gpfs/home3/scur0511/Probe4Physics/wandb/run-20260501_101710-5mlpntqm
wandb: Run `wandb offline` to turn off syncing.
wandb: Syncing run mvp_linear_videomae_v2_vit_giant_16_224_layer_30/trial_0009
wandb: ⭐️ View project at https://wandb.ai/caselli-niccolo-developer-university-of-amsterdam/probe4physics
wandb: 🚀 View run at https://wandb.ai/caselli-niccolo-developer-university-of-amsterdam/probe4physics/runs/5mlpntqm
[eval.mvp] Starting eval | split_name=val split_dir=data/splits/mvp/full_60_20_20 predictor_mode=from_file annotation_file=data/annotations/mvp_full.jsonl
[eval.mvp] Loaded split assignments | split_pairs=989 split_samples=1978
[eval.mvp] Prepared samples | n_pairs_before_trim=989 n_samples_before_trim=1978 n_pairs_after_trim=989 n_samples_after_trim=1978 max_pairs=0
[eval.mvp] Generated predictions | n_predictions=1978
[eval.mvp] Scoring complete | accuracy=59.9090 pair_consistency=27.6036 n_pairs=989 n_samples=1978
[eval.mvp] Artifacts written | output_dir=artifacts/probes/mvp_probe_linear_videomae_v2_vit_giant_16_224_20260501T080356Z/layer_30/train/trial_0009/val_eval
wandb: updating run metadata
wandb: uploading output.log; uploading wandb-summary.json; uploading config.yaml
wandb: uploading history steps 0-49, summary, console lines 0-6
wandb: 
wandb: Run history:
wandb:          epoch ▁▁▁▁▂▂▂▂▂▂▃▃▃▃▃▄▄▄▄▄▄▅▅▅▅▅▆▆▆▆▆▆▇▇▇▇▇▇██
wandb: train_accuracy ▁▂▂▂▃▄▃▂▅▅▅▅▅▆▅▆▃▆▄▄▅▆▇▆▄▆█▆▅▆▇▇▆▆▇██▇▆▇
wandb:     train_loss █▃▅▄▃▃▄▂▂▂▂▂▂▂▂▂▃▂▂▂▂▂▂▁▂▃▂▁▁▂▁▁▁▂▂▂▁▁▂▁
wandb:   val_accuracy ▂▁▁▂▂▂▃▅▂▅▅▄▇▅▂▃▇▅▁▆▃▆▆█▂▄▅█▃▅█▃▆▂▇▇▅▆▁▃
wandb:       val_loss ▃█▄▃▃▂▃▂▂▂▂▂▂▂▂▂▂▁▂▃▅▂▁▁▁▂▂▂▁▂▁▂▂▁▁▁▂▁▆▃
wandb: 
wandb: Run summary:
wandb:           best_epoch 34
wandb:    best_val_accuracy 59.909
wandb:        best_val_loss 0.67109
wandb: checkpoint_best_path artifacts/probes/mvp...
wandb: checkpoint_last_path artifacts/probes/mvp...
wandb:      checkpoint_path artifacts/probes/mvp...
wandb:              dataset mvp
wandb:      elapsed_seconds 6.42284
wandb:                epoch 50
wandb:    feature_signature 7c0fab9616b3b517
wandb:                  +22 ...
wandb: 
wandb: 🚀 View run mvp_linear_videomae_v2_vit_giant_16_224_layer_30/trial_0009 at: https://wandb.ai/caselli-niccolo-developer-university-of-amsterdam/probe4physics/runs/5mlpntqm
wandb: ⭐️ View project at: https://wandb.ai/caselli-niccolo-developer-university-of-amsterdam/probe4physics
wandb: Synced 5 W&B file(s), 0 media file(s), 0 artifact file(s) and 0 other file(s)
wandb: Find logs at: ./wandb/run-20260501_101710-5mlpntqm/logs
[I 2026-05-01 10:17:19,176] Trial 9 finished with value: 27.603640040444894 and parameters: {'lr': 0.0007411299781083245, 'weight_decay': 9.669146694016007e-07, 'batch_size': 256, 'epochs': 50}. Best is trial 1 with value: 36.19817997977755.
wandb: setting up run 09injwf2
wandb: Tracking run with wandb version 0.26.1
wandb: Run data is saved locally in /gpfs/home3/scur0511/Probe4Physics/wandb/run-20260501_101721-09injwf2
wandb: Run `wandb offline` to turn off syncing.
wandb: Syncing run mvp_linear_videomae_v2_vit_giant_16_224_layer_30/trial_0010
wandb: ⭐️ View project at https://wandb.ai/caselli-niccolo-developer-university-of-amsterdam/probe4physics
wandb: 🚀 View run at https://wandb.ai/caselli-niccolo-developer-university-of-amsterdam/probe4physics/runs/09injwf2
[eval.mvp] Starting eval | split_name=val split_dir=data/splits/mvp/full_60_20_20 predictor_mode=from_file annotation_file=data/annotations/mvp_full.jsonl
[eval.mvp] Loaded split assignments | split_pairs=989 split_samples=1978
[eval.mvp] Prepared samples | n_pairs_before_trim=989 n_samples_before_trim=1978 n_pairs_after_trim=989 n_samples_after_trim=1978 max_pairs=0
[eval.mvp] Generated predictions | n_predictions=1978
[eval.mvp] Scoring complete | accuracy=63.0940 pair_consistency=36.1982 n_pairs=989 n_samples=1978
[eval.mvp] Artifacts written | output_dir=artifacts/probes/mvp_probe_linear_videomae_v2_vit_giant_16_224_20260501T080356Z/layer_30/train/trial_0010/val_eval
wandb: updating run metadata
wandb: uploading history steps 0-99, summary, console lines 0-6; uploading output.log; uploading wandb-summary.json; uploading config.yaml
wandb: 
wandb: Run history:
wandb:          epoch ▁▁▁▁▁▂▂▂▂▂▂▃▃▃▃▃▃▄▄▄▅▅▅▅▅▅▆▆▆▆▇▇▇▇▇▇████
wandb: train_accuracy ▁▂▁▄▅▄▂▅▄▃▄▄▄▅▃▄▅▆▄▄▆▆▆▇▇▅▇▅▇▅▆▇▇▆▆▇▆▆▅█
wandb:     train_loss ▄▄▃▂██▃█▃▅▄▅▄▂▂▃▃▅▆▄▃▁▁▁▄▁▃▄▃▂▂▃▃▃▂▂▁▃▄▁
wandb:   val_accuracy ▁▃▁▅▁▄▂▂▄▄▁▃▇▇▂▇▃▄▁▅█▁▅▄▃▄▂▂▁█▅▂█▅▂▆▁▆▅▆
wandb:       val_loss ▂▄▄▆▃▂▂▃▆▂▆▂▁▂█▁▁▁▃▂▁▁▆▂▃▁▇▅▅▂▁█▁▁▅▂▃▂▅▂
wandb: 
wandb: Run summary:
wandb:           best_epoch 74
wandb:    best_val_accuracy 63.09403
wandb:        best_val_loss 0.66197
wandb: checkpoint_best_path artifacts/probes/mvp...
wandb: checkpoint_last_path artifacts/probes/mvp...
wandb:      checkpoint_path artifacts/probes/mvp...
wandb:              dataset mvp
wandb:      elapsed_seconds 16.20599
wandb:                epoch 100
wandb:    feature_signature 7c0fab9616b3b517
wandb:                  +22 ...
wandb: 
wandb: 🚀 View run mvp_linear_videomae_v2_vit_giant_16_224_layer_30/trial_0010 at: https://wandb.ai/caselli-niccolo-developer-university-of-amsterdam/probe4physics/runs/09injwf2
wandb: ⭐️ View project at: https://wandb.ai/caselli-niccolo-developer-university-of-amsterdam/probe4physics
wandb: Synced 5 W&B file(s), 0 media file(s), 0 artifact file(s) and 0 other file(s)
wandb: Find logs at: ./wandb/run-20260501_101721-09injwf2/logs
[I 2026-05-01 10:17:39,500] Trial 10 finished with value: 36.19817997977755 and parameters: {'lr': 0.008013349589915042, 'weight_decay': 1.086383341945677e-08, 'batch_size': 64, 'epochs': 100}. Best is trial 1 with value: 36.19817997977755.
wandb: setting up run 4c67hmt9
wandb: Tracking run with wandb version 0.26.1
wandb: Run data is saved locally in /gpfs/home3/scur0511/Probe4Physics/wandb/run-20260501_101741-4c67hmt9
wandb: Run `wandb offline` to turn off syncing.
wandb: Syncing run mvp_linear_videomae_v2_vit_giant_16_224_layer_30/trial_0011
wandb: ⭐️ View project at https://wandb.ai/caselli-niccolo-developer-university-of-amsterdam/probe4physics
wandb: 🚀 View run at https://wandb.ai/caselli-niccolo-developer-university-of-amsterdam/probe4physics/runs/4c67hmt9
[eval.mvp] Starting eval | split_name=val split_dir=data/splits/mvp/full_60_20_20 predictor_mode=from_file annotation_file=data/annotations/mvp_full.jsonl
[eval.mvp] Loaded split assignments | split_pairs=989 split_samples=1978
[eval.mvp] Prepared samples | n_pairs_before_trim=989 n_samples_before_trim=1978 n_pairs_after_trim=989 n_samples_after_trim=1978 max_pairs=0
[eval.mvp] Generated predictions | n_predictions=1978
[eval.mvp] Scoring complete | accuracy=63.7007 pair_consistency=36.8049 n_pairs=989 n_samples=1978
[eval.mvp] Artifacts written | output_dir=artifacts/probes/mvp_probe_linear_videomae_v2_vit_giant_16_224_20260501T080356Z/layer_30/train/trial_0011/val_eval
wandb: updating run metadata
wandb: uploading output.log; uploading wandb-summary.json; uploading config.yaml
wandb: 
wandb: Run history:
wandb:          epoch ▁▁▁▁▁▂▂▂▂▂▂▂▂▂▃▃▃▄▄▄▄▄▅▅▅▅▅▅▅▆▆▆▆▆▆▇▇▇██
wandb: train_accuracy ▁▁▂▄▁▃▄▄▃▄▃▃▅▄▂▄▅▄▅▆▇▅▅▄▅▆▆▂▄▅▇▇▄▆▇▅▆▆▄█
wandb:     train_loss █▂▂▂▃▂▂▂▁▂▄▁▁▂▁▂▂▁▃▁▃▂▂▁▂▁▁▂▁▁▂▂▁▁▂▂▁▂▂▂
wandb:   val_accuracy ▃▃▁▁▄▁▃▅▄▇▃▄▆▁▄▇▆▃▃▆▅▃▄▆▃▃▆▂▄▅█▄▂▃▆▂▅▄▂▅
wandb:       val_loss ▃▁▂█▃▂▅▅▂▂▁▁▃▃▁▂▅▂▄▂▂▅▂▃▃▇▄▆▄▁▁▄▂▂▅▅▃▂▂▁
wandb: 
wandb: Run summary:
wandb:           best_epoch 81
wandb:    best_val_accuracy 63.70071
wandb:        best_val_loss 0.6672
wandb: checkpoint_best_path artifacts/probes/mvp...
wandb: checkpoint_last_path artifacts/probes/mvp...
wandb:      checkpoint_path artifacts/probes/mvp...
wandb:              dataset mvp
wandb:      elapsed_seconds 14.55401
wandb:                epoch 100
wandb:    feature_signature 7c0fab9616b3b517
wandb:                  +22 ...
wandb: 
wandb: 🚀 View run mvp_linear_videomae_v2_vit_giant_16_224_layer_30/trial_0011 at: https://wandb.ai/caselli-niccolo-developer-university-of-amsterdam/probe4physics/runs/4c67hmt9
wandb: ⭐️ View project at: https://wandb.ai/caselli-niccolo-developer-university-of-amsterdam/probe4physics
wandb: Synced 5 W&B file(s), 0 media file(s), 0 artifact file(s) and 0 other file(s)
wandb: Find logs at: ./wandb/run-20260501_101741-4c67hmt9/logs
[I 2026-05-01 10:17:57,276] Trial 11 finished with value: 36.804853387259854 and parameters: {'lr': 0.008296796921936793, 'weight_decay': 1.7074626001153678e-08, 'batch_size': 64, 'epochs': 100}. Best is trial 11 with value: 36.804853387259854.
wandb: setting up run e73kgkjf
wandb: Tracking run with wandb version 0.26.1
wandb: Run data is saved locally in /gpfs/home3/scur0511/Probe4Physics/wandb/run-20260501_101759-e73kgkjf
wandb: Run `wandb offline` to turn off syncing.
wandb: Syncing run mvp_linear_videomae_v2_vit_giant_16_224_layer_30/trial_0012
wandb: ⭐️ View project at https://wandb.ai/caselli-niccolo-developer-university-of-amsterdam/probe4physics
wandb: 🚀 View run at https://wandb.ai/caselli-niccolo-developer-university-of-amsterdam/probe4physics/runs/e73kgkjf
[eval.mvp] Starting eval | split_name=val split_dir=data/splits/mvp/full_60_20_20 predictor_mode=from_file annotation_file=data/annotations/mvp_full.jsonl
[eval.mvp] Loaded split assignments | split_pairs=989 split_samples=1978
[eval.mvp] Prepared samples | n_pairs_before_trim=989 n_samples_before_trim=1978 n_pairs_after_trim=989 n_samples_after_trim=1978 max_pairs=0
[eval.mvp] Generated predictions | n_predictions=1978
[eval.mvp] Scoring complete | accuracy=63.2457 pair_consistency=33.3670 n_pairs=989 n_samples=1978
[eval.mvp] Artifacts written | output_dir=artifacts/probes/mvp_probe_linear_videomae_v2_vit_giant_16_224_20260501T080356Z/layer_30/train/trial_0012/val_eval
wandb: updating run metadata
wandb: uploading config.yaml
wandb: 
wandb: Run history:
wandb:          epoch ▁▁▁▁▁▁▂▂▂▃▃▃▃▃▄▄▄▄▅▅▅▅▅▅▅▆▆▆▆▆▇▇▇▇▇▇████
wandb: train_accuracy ▁▂▁▃▂▃▃▃▃▃▅▄▅▃▄▇▄█▅▆▄▅▆▄▆▅▃▆▆▆▆▅█▇▆▇▇▇▆█
wandb:     train_loss ▃▃▂▂▇▄▂▂▃▂▂▅▂▂▁▂▂▁▃▂▂▂▂▁▂█▃▂▃▃▂▂▂▃▅▂▂▂▂▁
wandb:   val_accuracy ▁▁▂▄▂▆▂▃▁▆▇▃▇█▇▆▇▁▅▃▇▂▄▂▄▄▇▂▃██▂▆▇▂▄▂▇▅█
wandb:       val_loss ▂▄▂▂▁▁▂█▁▃▃▆▂▁▁▁▃▄▂▃▇▁▄▁▂▄▂▂▃▁▅▄▅█▁▄▂▁▄▂
wandb: 
wandb: Run summary:
wandb:           best_epoch 71
wandb:    best_val_accuracy 63.2457
wandb:        best_val_loss 0.68989
wandb: checkpoint_best_path artifacts/probes/mvp...
wandb: checkpoint_last_path artifacts/probes/mvp...
wandb:      checkpoint_path artifacts/probes/mvp...
wandb:              dataset mvp
wandb:      elapsed_seconds 14.5149
wandb:                epoch 100
wandb:    feature_signature 7c0fab9616b3b517
wandb:                  +22 ...
wandb: 
wandb: 🚀 View run mvp_linear_videomae_v2_vit_giant_16_224_layer_30/trial_0012 at: https://wandb.ai/caselli-niccolo-developer-university-of-amsterdam/probe4physics/runs/e73kgkjf
wandb: ⭐️ View project at: https://wandb.ai/caselli-niccolo-developer-university-of-amsterdam/probe4physics
wandb: Synced 5 W&B file(s), 0 media file(s), 0 artifact file(s) and 0 other file(s)
wandb: Find logs at: ./wandb/run-20260501_101759-e73kgkjf/logs
[I 2026-05-01 10:18:18,341] Trial 12 finished with value: 33.367037411526795 and parameters: {'lr': 0.007195474801612276, 'weight_decay': 5.666538349312614e-08, 'batch_size': 64, 'epochs': 100}. Best is trial 11 with value: 36.804853387259854.
wandb: setting up run siepj4km
wandb: Tracking run with wandb version 0.26.1
wandb: Run data is saved locally in /gpfs/home3/scur0511/Probe4Physics/wandb/run-20260501_101820-siepj4km
wandb: Run `wandb offline` to turn off syncing.
wandb: Syncing run mvp_linear_videomae_v2_vit_giant_16_224_layer_30/trial_0013
wandb: ⭐️ View project at https://wandb.ai/caselli-niccolo-developer-university-of-amsterdam/probe4physics
wandb: 🚀 View run at https://wandb.ai/caselli-niccolo-developer-university-of-amsterdam/probe4physics/runs/siepj4km
[eval.mvp] Starting eval | split_name=val split_dir=data/splits/mvp/full_60_20_20 predictor_mode=from_file annotation_file=data/annotations/mvp_full.jsonl
[eval.mvp] Loaded split assignments | split_pairs=989 split_samples=1978
[eval.mvp] Prepared samples | n_pairs_before_trim=989 n_samples_before_trim=1978 n_pairs_after_trim=989 n_samples_after_trim=1978 max_pairs=0
[eval.mvp] Generated predictions | n_predictions=1978
[eval.mvp] Scoring complete | accuracy=64.8635 pair_consistency=36.4004 n_pairs=989 n_samples=1978
[eval.mvp] Artifacts written | output_dir=artifacts/probes/mvp_probe_linear_videomae_v2_vit_giant_16_224_20260501T080356Z/layer_30/train/trial_0013/val_eval
wandb: updating run metadata
wandb: uploading output.log; uploading wandb-summary.json; uploading config.yaml
wandb: 
wandb: Run history:
wandb:          epoch ▁▁▁▁▁▂▂▂▂▂▂▃▃▃▃▃▄▄▄▄▄▄▅▅▅▅▅▆▆▆▆▆▆▆▆▇▇▇██
wandb: train_accuracy ▁▁▃▃▃▄▃▅▅▆▆▅▆▅▆▆▆▆▆▆▆▇▆▆█▆▆▇▆█▇▇▇▇█▇▇▇██
wandb:     train_loss ▆▄▆▄▆▄▇▃▃▇▅▂▃▃▃▄▂▃▆▃▄▃▅▃▆▂█▁▁▆▃▃▃▄▃▄▄▃▁▁
wandb:   val_accuracy ▁▃▃▁▄▆▅▁▁▇▄▁▃▂▄▅▄▂▄▃▆▆▁▂▆▇▇▆▄▅▄▆█▇▄▆▁▆▃▇
wandb:       val_loss ▃▅▃▂▂▁▁▃▃▁▆▁█▂▁▂▂▁▁▃▁▃▂▁▁▂▃▁▁▁▂▁▁▂▁▁▁▁▁▁
wandb: 
wandb: Run summary:
wandb:           best_epoch 81
wandb:    best_val_accuracy 64.86349
wandb:        best_val_loss 0.64253
wandb: checkpoint_best_path artifacts/probes/mvp...
wandb: checkpoint_last_path artifacts/probes/mvp...
wandb:      checkpoint_path artifacts/probes/mvp...
wandb:              dataset mvp
wandb:      elapsed_seconds 20.65821
wandb:                epoch 100
wandb:    feature_signature 7c0fab9616b3b517
wandb:                  +22 ...
wandb: 
wandb: 🚀 View run mvp_linear_videomae_v2_vit_giant_16_224_layer_30/trial_0013 at: https://wandb.ai/caselli-niccolo-developer-university-of-amsterdam/probe4physics/runs/siepj4km
wandb: ⭐️ View project at: https://wandb.ai/caselli-niccolo-developer-university-of-amsterdam/probe4physics
wandb: Synced 5 W&B file(s), 0 media file(s), 0 artifact file(s) and 0 other file(s)
wandb: Find logs at: ./wandb/run-20260501_101820-siepj4km/logs
[I 2026-05-01 10:18:44,367] Trial 13 finished with value: 36.400404448938325 and parameters: {'lr': 0.002482076244951997, 'weight_decay': 1.6358579322011493e-05, 'batch_size': 32, 'epochs': 100}. Best is trial 11 with value: 36.804853387259854.
wandb: setting up run zzdr1xfk
wandb: Tracking run with wandb version 0.26.1
wandb: Run data is saved locally in /gpfs/home3/scur0511/Probe4Physics/wandb/run-20260501_101846-zzdr1xfk
wandb: Run `wandb offline` to turn off syncing.
wandb: Syncing run mvp_linear_videomae_v2_vit_giant_16_224_layer_30/trial_0014
wandb: ⭐️ View project at https://wandb.ai/caselli-niccolo-developer-university-of-amsterdam/probe4physics
wandb: 🚀 View run at https://wandb.ai/caselli-niccolo-developer-university-of-amsterdam/probe4physics/runs/zzdr1xfk
[eval.mvp] Starting eval | split_name=val split_dir=data/splits/mvp/full_60_20_20 predictor_mode=from_file annotation_file=data/annotations/mvp_full.jsonl
[eval.mvp] Loaded split assignments | split_pairs=989 split_samples=1978
[eval.mvp] Prepared samples | n_pairs_before_trim=989 n_samples_before_trim=1978 n_pairs_after_trim=989 n_samples_after_trim=1978 max_pairs=0
[eval.mvp] Generated predictions | n_predictions=1978
[eval.mvp] Scoring complete | accuracy=58.5945 pair_consistency=26.9970 n_pairs=989 n_samples=1978
[eval.mvp] Artifacts written | output_dir=artifacts/probes/mvp_probe_linear_videomae_v2_vit_giant_16_224_20260501T080356Z/layer_30/train/trial_0014/val_eval
wandb: updating run metadata
wandb: uploading history steps 0-19, summary, console lines 0-6
wandb: 
wandb: Run history:
wandb:          epoch ▁▁▂▂▂▃▃▄▄▄▅▅▅▆▆▇▇▇██
wandb: train_accuracy ▁▃▃▄▄▄▄▃▃▅▅▇▅▇▆▇▅▆██
wandb:     train_loss █▂▄▁▂▂▂▃▂▂▂▁▂▁▂▁▂▂▁▁
wandb:   val_accuracy ▂▁▄▂▄▃▁▂▂▅▁▁█▄█▃▅▇▄▅
wandb:       val_loss ▂█▁▂▂▂▂▂▃▁▇▃▁▂▁▃▂▂▂▂
wandb: 
wandb: Run summary:
wandb:           best_epoch 15
wandb:    best_val_accuracy 58.59454
wandb:        best_val_loss 0.67073
wandb: checkpoint_best_path artifacts/probes/mvp...
wandb: checkpoint_last_path artifacts/probes/mvp...
wandb:      checkpoint_path artifacts/probes/mvp...
wandb:              dataset mvp
wandb:      elapsed_seconds 5.02225
wandb:                epoch 20
wandb:    feature_signature 7c0fab9616b3b517
wandb:                  +22 ...
wandb: 
wandb: 🚀 View run mvp_linear_videomae_v2_vit_giant_16_224_layer_30/trial_0014 at: https://wandb.ai/caselli-niccolo-developer-university-of-amsterdam/probe4physics/runs/zzdr1xfk
wandb: ⭐️ View project at: https://wandb.ai/caselli-niccolo-developer-university-of-amsterdam/probe4physics
wandb: Synced 5 W&B file(s), 0 media file(s), 0 artifact file(s) and 0 other file(s)
wandb: Find logs at: ./wandb/run-20260501_101846-zzdr1xfk/logs
[I 2026-05-01 10:18:53,018] Trial 14 finished with value: 26.99696663296259 and parameters: {'lr': 0.0032788837521139235, 'weight_decay': 3.5489658109439176e-05, 'batch_size': 64, 'epochs': 20}. Best is trial 11 with value: 36.804853387259854.
wandb: setting up run ufums5od
wandb: Tracking run with wandb version 0.26.1
wandb: Run data is saved locally in /gpfs/home3/scur0511/Probe4Physics/wandb/run-20260501_101854-ufums5od
wandb: Run `wandb offline` to turn off syncing.
wandb: Syncing run mvp_linear_videomae_v2_vit_giant_16_224_layer_30/trial_0015
wandb: ⭐️ View project at https://wandb.ai/caselli-niccolo-developer-university-of-amsterdam/probe4physics
wandb: 🚀 View run at https://wandb.ai/caselli-niccolo-developer-university-of-amsterdam/probe4physics/runs/ufums5od
[eval.mvp] Starting eval | split_name=val split_dir=data/splits/mvp/full_60_20_20 predictor_mode=from_file annotation_file=data/annotations/mvp_full.jsonl
[eval.mvp] Loaded split assignments | split_pairs=989 split_samples=1978
[eval.mvp] Prepared samples | n_pairs_before_trim=989 n_samples_before_trim=1978 n_pairs_after_trim=989 n_samples_after_trim=1978 max_pairs=0
[eval.mvp] Generated predictions | n_predictions=1978
[eval.mvp] Scoring complete | accuracy=64.7624 pair_consistency=36.2993 n_pairs=989 n_samples=1978
[eval.mvp] Artifacts written | output_dir=artifacts/probes/mvp_probe_linear_videomae_v2_vit_giant_16_224_20260501T080356Z/layer_30/train/trial_0015/val_eval
wandb: updating run metadata
wandb: uploading output.log; uploading wandb-summary.json; uploading config.yaml
wandb: uploading history steps 84-99, summary, console lines 0-6
wandb: 
wandb: Run history:
wandb:          epoch ▁▁▂▂▂▂▂▂▂▃▃▃▃▃▄▄▄▄▄▅▅▅▅▅▅▆▆▆▆▆▇▇▇▇▇▇▇███
wandb: train_accuracy ▁▁▁▄▃▅▅▅▅▆▆▆▆▆▆▆▆▆▆▆▆▆▆██▆▇██▆▇▇▆▆▇▇▇▅█▆
wandb:     train_loss ▄▆▅▄▅▄▆▃▅▅▇▃▄▄▄▃▄▃▃▂▃▃▆▃▄▃▅▄▂█▂▂▆▄▆▁▇▅▃▂
wandb:   val_accuracy ▁▁▄▅▃▅▇▆▁▇▅▁▄▂▂▅▅█▃▇▁▅▃▇▇▂▆▅▅▄█▇▇▅▇█▇▁██
wandb:       val_loss ▃▁▂▂▁▁▁▆▁█▁▁▂▁▃▂▃▂▁▁▄▃▂▂▃▁▃▂▂▁▁▁▂▂▄▁▁▄▁▃
wandb: 
wandb: Run summary:
wandb:           best_epoch 81
wandb:    best_val_accuracy 64.76238
wandb:        best_val_loss 0.64246
wandb: checkpoint_best_path artifacts/probes/mvp...
wandb: checkpoint_last_path artifacts/probes/mvp...
wandb:      checkpoint_path artifacts/probes/mvp...
wandb:              dataset mvp
wandb:      elapsed_seconds 20.5145
wandb:                epoch 100
wandb:    feature_signature 7c0fab9616b3b517
wandb:                  +22 ...
wandb: 
wandb: 🚀 View run mvp_linear_videomae_v2_vit_giant_16_224_layer_30/trial_0015 at: https://wandb.ai/caselli-niccolo-developer-university-of-amsterdam/probe4physics/runs/ufums5od
wandb: ⭐️ View project at: https://wandb.ai/caselli-niccolo-developer-university-of-amsterdam/probe4physics
wandb: Synced 5 W&B file(s), 0 media file(s), 0 artifact file(s) and 0 other file(s)
wandb: Find logs at: ./wandb/run-20260501_101854-ufums5od/logs
[I 2026-05-01 10:19:17,336] Trial 15 finished with value: 36.29929221435793 and parameters: {'lr': 0.0024805720688123923, 'weight_decay': 9.579538344099551e-06, 'batch_size': 32, 'epochs': 100}. Best is trial 11 with value: 36.804853387259854.
wandb: setting up run ygpckxow
wandb: Tracking run with wandb version 0.26.1
wandb: Run data is saved locally in /gpfs/home3/scur0511/Probe4Physics/wandb/run-20260501_101919-ygpckxow
wandb: Run `wandb offline` to turn off syncing.
wandb: Syncing run mvp_linear_videomae_v2_vit_giant_16_224_layer_30/trial_0016
wandb: ⭐️ View project at https://wandb.ai/caselli-niccolo-developer-university-of-amsterdam/probe4physics
wandb: 🚀 View run at https://wandb.ai/caselli-niccolo-developer-university-of-amsterdam/probe4physics/runs/ygpckxow
[eval.mvp] Starting eval | split_name=val split_dir=data/splits/mvp/full_60_20_20 predictor_mode=from_file annotation_file=data/annotations/mvp_full.jsonl
[eval.mvp] Loaded split assignments | split_pairs=989 split_samples=1978
[eval.mvp] Prepared samples | n_pairs_before_trim=989 n_samples_before_trim=1978 n_pairs_after_trim=989 n_samples_after_trim=1978 max_pairs=0
[eval.mvp] Generated predictions | n_predictions=1978
[eval.mvp] Scoring complete | accuracy=63.7513 pair_consistency=37.3104 n_pairs=989 n_samples=1978
[eval.mvp] Artifacts written | output_dir=artifacts/probes/mvp_probe_linear_videomae_v2_vit_giant_16_224_20260501T080356Z/layer_30/train/trial_0016/val_eval
wandb: updating run metadata
wandb: uploading output.log; uploading wandb-summary.json; uploading config.yaml
wandb: 
wandb: Run history:
wandb:          epoch ▁▁▁▂▂▂▂▂▂▂▃▃▃▃▃▄▄▄▄▄▅▅▅▅▅▆▆▆▆▆▆▆▇▇▇▇▇▇██
wandb: train_accuracy ▁▂▂▃▃▄▄▅▅▅▆▆▅▆▆▆▆▆▇▆▇▅▆▇▆▇▇▆██▇▇▇▇▆█▆▇▆▇
wandb:     train_loss ▅▅▇▄▄▃▃▆▆▄▄█▃▄▃▇▅▃▆▂▃▃▂▇▃▁▃▃▄▄▂▂▅▆▄▁▂▂▃▄
wandb:   val_accuracy ▂▂▁▁▅▅▅▁▅▆▃▅▆▆▆▆▄▂▅▅▆▆▇▇▇█▇▅▇▆▅▂▁▇█▃▄▆▁▄
wandb:       val_loss █▂▃▂▁▃▂▂▂▁▂▃▁▂▁▄▂▁▃▂▂▂▁▁▁▂▂▄▁▂▁▃▇█▂▂▄▃▁▄
wandb: 
wandb: Run summary:
wandb:           best_epoch 67
wandb:    best_val_accuracy 63.75126
wandb:        best_val_loss 0.63964
wandb: checkpoint_best_path artifacts/probes/mvp...
wandb: checkpoint_last_path artifacts/probes/mvp...
wandb:      checkpoint_path artifacts/probes/mvp...
wandb:              dataset mvp
wandb:      elapsed_seconds 14.43944
wandb:                epoch 100
wandb:    feature_signature 7c0fab9616b3b517
wandb:                  +22 ...
wandb: 
wandb: 🚀 View run mvp_linear_videomae_v2_vit_giant_16_224_layer_30/trial_0016 at: https://wandb.ai/caselli-niccolo-developer-university-of-amsterdam/probe4physics/runs/ygpckxow
wandb: ⭐️ View project at: https://wandb.ai/caselli-niccolo-developer-university-of-amsterdam/probe4physics
wandb: Synced 5 W&B file(s), 0 media file(s), 0 artifact file(s) and 0 other file(s)
wandb: Find logs at: ./wandb/run-20260501_101919-ygpckxow/logs
[I 2026-05-01 10:19:35,109] Trial 16 finished with value: 37.31041456016178 and parameters: {'lr': 0.0034521857958584876, 'weight_decay': 0.00016848373229580403, 'batch_size': 64, 'epochs': 100}. Best is trial 16 with value: 37.31041456016178.
wandb: setting up run oijotp5l
wandb: Tracking run with wandb version 0.26.1
wandb: Run data is saved locally in /gpfs/home3/scur0511/Probe4Physics/wandb/run-20260501_101936-oijotp5l
wandb: Run `wandb offline` to turn off syncing.
wandb: Syncing run mvp_linear_videomae_v2_vit_giant_16_224_layer_30/trial_0017
wandb: ⭐️ View project at https://wandb.ai/caselli-niccolo-developer-university-of-amsterdam/probe4physics
wandb: 🚀 View run at https://wandb.ai/caselli-niccolo-developer-university-of-amsterdam/probe4physics/runs/oijotp5l
[eval.mvp] Starting eval | split_name=val split_dir=data/splits/mvp/full_60_20_20 predictor_mode=from_file annotation_file=data/annotations/mvp_full.jsonl
[eval.mvp] Loaded split assignments | split_pairs=989 split_samples=1978
[eval.mvp] Prepared samples | n_pairs_before_trim=989 n_samples_before_trim=1978 n_pairs_after_trim=989 n_samples_after_trim=1978 max_pairs=0
[eval.mvp] Generated predictions | n_predictions=1978
[eval.mvp] Scoring complete | accuracy=62.9424 pair_consistency=33.7715 n_pairs=989 n_samples=1978
[eval.mvp] Artifacts written | output_dir=artifacts/probes/mvp_probe_linear_videomae_v2_vit_giant_16_224_20260501T080356Z/layer_30/train/trial_0017/val_eval
wandb: updating run metadata
wandb: uploading output.log; uploading wandb-summary.json; uploading config.yaml
wandb: uploading history steps 0-99, summary, console lines 0-6
wandb: 
wandb: Run history:
wandb:          epoch ▁▁▁▁▂▂▂▃▃▃▃▃▃▃▄▄▄▄▄▄▄▅▅▅▅▅▆▆▆▆▆▆▇▇▇▇▇▇██
wandb: train_accuracy ▁▁▃▂▂▃▂▄▄▄▄▃▅▅▅▅▅▆▅▅▅▅▇▇▆█▅▆▇▆█▄▅█▅▇██▆▇
wandb:     train_loss █▃▂▂▃▂▂▂▆▂▃▅▂▁▃▁▂▂▂▃▄▂▃▂▃▁▃▂▃▂▂▂▂▃▁▁▁▂▄▁
wandb:   val_accuracy ▁▁▄▄▂▁▄▂▁▂▅▁▂▇▆█▂▅▁▆▅▂▇▂▁▆▇▃▂▅▆▆▇▁█▁▆▄▁▆
wandb:       val_loss ▃▆▁▂▁▂▄▂█▂▁▁▃▅▁▃▄▁▃▅▂▄▂▁▄▆▂▄▃▆▄▇▁▁▂▃▁█▂▂
wandb: 
wandb: Run summary:
wandb:           best_epoch 74
wandb:    best_val_accuracy 62.94237
wandb:        best_val_loss 0.70401
wandb: checkpoint_best_path artifacts/probes/mvp...
wandb: checkpoint_last_path artifacts/probes/mvp...
wandb:      checkpoint_path artifacts/probes/mvp...
wandb:              dataset mvp
wandb:      elapsed_seconds 14.51954
wandb:                epoch 100
wandb:    feature_signature 7c0fab9616b3b517
wandb:                  +22 ...
wandb: 
wandb: 🚀 View run mvp_linear_videomae_v2_vit_giant_16_224_layer_30/trial_0017 at: https://wandb.ai/caselli-niccolo-developer-university-of-amsterdam/probe4physics/runs/oijotp5l
wandb: ⭐️ View project at: https://wandb.ai/caselli-niccolo-developer-university-of-amsterdam/probe4physics
wandb: Synced 5 W&B file(s), 0 media file(s), 0 artifact file(s) and 0 other file(s)
wandb: Find logs at: ./wandb/run-20260501_101936-oijotp5l/logs
[I 2026-05-01 10:19:53,495] Trial 17 finished with value: 33.77148634984833 and parameters: {'lr': 0.009303665824129332, 'weight_decay': 0.0002945144931618973, 'batch_size': 64, 'epochs': 100}. Best is trial 16 with value: 37.31041456016178.
wandb: setting up run yqfprsx2
wandb: Tracking run with wandb version 0.26.1
wandb: Run data is saved locally in /gpfs/home3/scur0511/Probe4Physics/wandb/run-20260501_101955-yqfprsx2
wandb: Run `wandb offline` to turn off syncing.
wandb: Syncing run mvp_linear_videomae_v2_vit_giant_16_224_layer_30/trial_0018
wandb: ⭐️ View project at https://wandb.ai/caselli-niccolo-developer-university-of-amsterdam/probe4physics
wandb: 🚀 View run at https://wandb.ai/caselli-niccolo-developer-university-of-amsterdam/probe4physics/runs/yqfprsx2
[eval.mvp] Starting eval | split_name=val split_dir=data/splits/mvp/full_60_20_20 predictor_mode=from_file annotation_file=data/annotations/mvp_full.jsonl
[eval.mvp] Loaded split assignments | split_pairs=989 split_samples=1978
[eval.mvp] Prepared samples | n_pairs_before_trim=989 n_samples_before_trim=1978 n_pairs_after_trim=989 n_samples_after_trim=1978 max_pairs=0
[eval.mvp] Generated predictions | n_predictions=1978
[eval.mvp] Scoring complete | accuracy=58.2912 pair_consistency=21.8402 n_pairs=989 n_samples=1978
[eval.mvp] Artifacts written | output_dir=artifacts/probes/mvp_probe_linear_videomae_v2_vit_giant_16_224_20260501T080356Z/layer_30/train/trial_0018/val_eval
wandb: updating run metadata
wandb: uploading history steps 0-19, summary, console lines 0-6
wandb: 
wandb: Run history:
wandb:          epoch ▁▁▂▂▂▃▃▄▄▄▅▅▅▆▆▇▇▇██
wandb: train_accuracy ▁▃▃▃▄▄▅▅▂▆▆▇▅███▇▇██
wandb:     train_loss █▂▃▁▂▂▂▂▂▁▂▁▂▁▂▁▂▁▁▁
wandb:   val_accuracy ▂▁▃▁▄▃▅▆▃▇▃▁█▇█▂▅▅▅▄
wandb:       val_loss ▂█▁▃▂▂▁▁▄▁▂▄▁▁▁▄▂▂▁▁
wandb: 
wandb: Run summary:
wandb:           best_epoch 13
wandb:    best_val_accuracy 58.2912
wandb:        best_val_loss 0.68033
wandb: checkpoint_best_path artifacts/probes/mvp...
wandb: checkpoint_last_path artifacts/probes/mvp...
wandb:      checkpoint_path artifacts/probes/mvp...
wandb:              dataset mvp
wandb:      elapsed_seconds 4.874
wandb:                epoch 20
wandb:    feature_signature 7c0fab9616b3b517
wandb:                  +22 ...
wandb: 
wandb: 🚀 View run mvp_linear_videomae_v2_vit_giant_16_224_layer_30/trial_0018 at: https://wandb.ai/caselli-niccolo-developer-university-of-amsterdam/probe4physics/runs/yqfprsx2
wandb: ⭐️ View project at: https://wandb.ai/caselli-niccolo-developer-university-of-amsterdam/probe4physics
wandb: Synced 5 W&B file(s), 0 media file(s), 0 artifact file(s) and 0 other file(s)
wandb: Find logs at: ./wandb/run-20260501_101955-yqfprsx2/logs
[I 2026-05-01 10:20:02,106] Trial 18 finished with value: 21.840242669362993 and parameters: {'lr': 0.003875766580714346, 'weight_decay': 0.0003225270949584756, 'batch_size': 64, 'epochs': 20}. Best is trial 16 with value: 37.31041456016178.
wandb: setting up run 5hb8bi6b
wandb: Tracking run with wandb version 0.26.1
wandb: Run data is saved locally in /gpfs/home3/scur0511/Probe4Physics/wandb/run-20260501_102003-5hb8bi6b
wandb: Run `wandb offline` to turn off syncing.
wandb: Syncing run mvp_linear_videomae_v2_vit_giant_16_224_layer_30/trial_0019
wandb: ⭐️ View project at https://wandb.ai/caselli-niccolo-developer-university-of-amsterdam/probe4physics
wandb: 🚀 View run at https://wandb.ai/caselli-niccolo-developer-university-of-amsterdam/probe4physics/runs/5hb8bi6b
wandb: updating run metadata
wandb: uploading wandb-summary.json; uploading config.yaml
wandb: 
wandb: Run history:
wandb:          epoch ▁▁▁▂▂▂▃▃▃▃▄▄▄▄▄▅▅▅▅▅▅▅▅▅▆▆▆▆▆▇▇▇▇▇▇▇████
wandb: train_accuracy ▁▁▁▂▁▂▂▃▃▂▃▃▄▄▄▅▆▆▆▅▆▆▇▇▇▆▆▇▇▇▇▇███▇█▇██
wandb:     train_loss █▂▂▂▂▂▂▂▂▂▁▂▁▁▁▁▁▁▁▁▁▁▁▁▁▁▁▁▁▁▁▁▁▁▁▁▁▁▁▁
wandb:   val_accuracy ▁▂▂▂▂▂▃▃▄▄▅▃▅▄▄▅▆▅▆▆▅▄▆▅▆▇▅▆▇▄▅▇██▇████▆
wandb:       val_loss █▅▅▃▄▃▃▃▃▃▃▂▂▃▃▂▂▂▂▂▃▂▂▂▂▂▂▂▁▁▁▂▁▁▁▂▁▁▁▁
wandb: 
wandb: Run summary:
wandb:          epoch 100
wandb: train_accuracy 57.70658
wandb:     train_loss 0.67524
wandb:   val_accuracy 56.16785
wandb:       val_loss 0.68199
wandb: 
wandb: 🚀 View run mvp_linear_videomae_v2_vit_giant_16_224_layer_30/trial_0019 at: https://wandb.ai/caselli-niccolo-developer-university-of-amsterdam/probe4physics/runs/5hb8bi6b
wandb: ⭐️ View project at: https://wandb.ai/caselli-niccolo-developer-university-of-amsterdam/probe4physics
wandb: Synced 4 W&B file(s), 0 media file(s), 0 artifact file(s) and 0 other file(s)
wandb: Find logs at: ./wandb/run-20260501_102003-5hb8bi6b/logs
[I 2026-05-01 10:20:17,467] Trial 19 pruned. Pruned at epoch 100 with val_accuracy=56.1678
[eval.mvp] Starting eval | split_name=train split_dir=data/splits/mvp/full_60_20_20 predictor_mode=from_file annotation_file=data/annotations/mvp_full.jsonl
[eval.mvp] Loaded split assignments | split_pairs=2965 split_samples=5930
[eval.mvp] Prepared samples | n_pairs_before_trim=2965 n_samples_before_trim=5930 n_pairs_after_trim=2965 n_samples_after_trim=5930 max_pairs=0
[eval.mvp] Generated predictions | n_predictions=5930
[eval.mvp] Scoring complete | accuracy=66.0708 pair_consistency=39.8314 n_pairs=2965 n_samples=5930
[eval.mvp] Artifacts written | output_dir=artifacts/probes/mvp_probe_linear_videomae_v2_vit_giant_16_224_20260501T080356Z/layer_30/eval/train
[eval.mvp] Starting eval | split_name=val split_dir=data/splits/mvp/full_60_20_20 predictor_mode=from_file annotation_file=data/annotations/mvp_full.jsonl
[eval.mvp] Loaded split assignments | split_pairs=989 split_samples=1978
[eval.mvp] Prepared samples | n_pairs_before_trim=989 n_samples_before_trim=1978 n_pairs_after_trim=989 n_samples_after_trim=1978 max_pairs=0
[eval.mvp] Generated predictions | n_predictions=1978
[eval.mvp] Scoring complete | accuracy=63.7513 pair_consistency=37.3104 n_pairs=989 n_samples=1978
[eval.mvp] Artifacts written | output_dir=artifacts/probes/mvp_probe_linear_videomae_v2_vit_giant_16_224_20260501T080356Z/layer_30/eval/val
[eval.mvp] Starting eval | split_name=test split_dir=data/splits/mvp/full_60_20_20 predictor_mode=from_file annotation_file=data/annotations/mvp_full.jsonl
[eval.mvp] Loaded split assignments | split_pairs=989 split_samples=1978
[eval.mvp] Prepared samples | n_pairs_before_trim=989 n_samples_before_trim=1978 n_pairs_after_trim=989 n_samples_after_trim=1978 max_pairs=0
[eval.mvp] Generated predictions | n_predictions=1978
[eval.mvp] Scoring complete | accuracy=62.8918 pair_consistency=35.4904 n_pairs=989 n_samples=1978
[eval.mvp] Artifacts written | output_dir=artifacts/probes/mvp_probe_linear_videomae_v2_vit_giant_16_224_20260501T080356Z/layer_30/eval/test
[I 2026-05-01 10:20:22,148] A new study created in RDB with name: mvp_linear_videomae_v2_vit_giant_16_224_layer_40
wandb: setting up run r62gz8ov
wandb: Tracking run with wandb version 0.26.1
wandb: Run data is saved locally in /gpfs/home3/scur0511/Probe4Physics/wandb/run-20260501_102023-r62gz8ov
wandb: Run `wandb offline` to turn off syncing.
wandb: Syncing run mvp_linear_videomae_v2_vit_giant_16_224_layer_40/trial_0000
wandb: ⭐️ View project at https://wandb.ai/caselli-niccolo-developer-university-of-amsterdam/probe4physics
wandb: 🚀 View run at https://wandb.ai/caselli-niccolo-developer-university-of-amsterdam/probe4physics/runs/r62gz8ov
[eval.mvp] Starting eval | split_name=val split_dir=data/splits/mvp/full_60_20_20 predictor_mode=from_file annotation_file=data/annotations/mvp_full.jsonl
[eval.mvp] Loaded split assignments | split_pairs=989 split_samples=1978
[eval.mvp] Prepared samples | n_pairs_before_trim=989 n_samples_before_trim=1978 n_pairs_after_trim=989 n_samples_after_trim=1978 max_pairs=0
[eval.mvp] Generated predictions | n_predictions=1978
[eval.mvp] Scoring complete | accuracy=59.7573 pair_consistency=27.8059 n_pairs=989 n_samples=1978
[eval.mvp] Artifacts written | output_dir=artifacts/probes/mvp_probe_linear_videomae_v2_vit_giant_16_224_20260501T080356Z/layer_40/train/trial_0000/val_eval
wandb: updating run metadata
wandb: uploading wandb-summary.json; uploading config.yaml; uploading output.log
wandb: uploading output.log
wandb: 
wandb: Run history:
wandb:          epoch ▁▁▁▁▂▂▂▂▂▂▃▃▃▃▃▄▄▄▄▄▅▅▅▅▅▆▆▆▆▆▆▇▇▇▇▇▇███
wandb: train_accuracy ▁▂▂▄▄▄▃▅▄▅▆▆▅▆▆▅▇▆▇▇▆▇▆▇▇▇▇██▇▆█▇▇▇███▇█
wandb:     train_loss █▅▄▄▄▃▄▃▃▃▂▃▃▄▃▂▃▂▂▂▃▃▂▂▂▂▂▂▁▂▂▁▂▁▁▁▁▁▂▁
wandb:   val_accuracy ▃▁▄▃▂▃▅▄▅▃▆▆▅▅▆▆▆▇▆▁▆▅▆▅▃▇▇▇▆▄▇█▇▆█▅██▄▇
wandb:       val_loss ▆▇▅▆▅▄▄▆▄▃▄▃▃▃▃▃▃▂▃▅▂▃▃▂▄▃▂▁▂▂▂▁▁▁▁█▅▁▁▁
wandb: 
wandb: Run summary:
wandb:           best_epoch 43
wandb:    best_val_accuracy 59.75733
wandb:        best_val_loss 0.66083
wandb: checkpoint_best_path artifacts/probes/mvp...
wandb: checkpoint_last_path artifacts/probes/mvp...
wandb:      checkpoint_path artifacts/probes/mvp...
wandb:              dataset mvp
wandb:      elapsed_seconds 11.30794
wandb:                epoch 50
wandb:    feature_signature 7c0fab9616b3b517
wandb:                  +22 ...
wandb: 
wandb: 🚀 View run mvp_linear_videomae_v2_vit_giant_16_224_layer_40/trial_0000 at: https://wandb.ai/caselli-niccolo-developer-university-of-amsterdam/probe4physics/runs/r62gz8ov
wandb: ⭐️ View project at: https://wandb.ai/caselli-niccolo-developer-university-of-amsterdam/probe4physics
wandb: Synced 5 W&B file(s), 0 media file(s), 0 artifact file(s) and 0 other file(s)
wandb: Find logs at: ./wandb/run-20260501_102023-r62gz8ov/logs
[I 2026-05-01 10:20:37,346] Trial 0 finished with value: 27.80586450960566 and parameters: {'lr': 0.0001329291894316216, 'weight_decay': 0.005061576888752304, 'batch_size': 32, 'epochs': 50}. Best is trial 0 with value: 27.80586450960566.
wandb: setting up run k422a6z0
wandb: Tracking run with wandb version 0.26.1
wandb: Run data is saved locally in /gpfs/home3/scur0511/Probe4Physics/wandb/run-20260501_102039-k422a6z0
wandb: Run `wandb offline` to turn off syncing.
wandb: Syncing run mvp_linear_videomae_v2_vit_giant_16_224_layer_40/trial_0001
wandb: ⭐️ View project at https://wandb.ai/caselli-niccolo-developer-university-of-amsterdam/probe4physics
wandb: 🚀 View run at https://wandb.ai/caselli-niccolo-developer-university-of-amsterdam/probe4physics/runs/k422a6z0
[eval.mvp] Starting eval | split_name=val split_dir=data/splits/mvp/full_60_20_20 predictor_mode=from_file annotation_file=data/annotations/mvp_full.jsonl
[eval.mvp] Loaded split assignments | split_pairs=989 split_samples=1978
[eval.mvp] Prepared samples | n_pairs_before_trim=989 n_samples_before_trim=1978 n_pairs_after_trim=989 n_samples_after_trim=1978 max_pairs=0
[eval.mvp] Generated predictions | n_predictions=1978
[eval.mvp] Scoring complete | accuracy=62.6896 pair_consistency=32.4570 n_pairs=989 n_samples=1978
[eval.mvp] Artifacts written | output_dir=artifacts/probes/mvp_probe_linear_videomae_v2_vit_giant_16_224_20260501T080356Z/layer_40/train/trial_0001/val_eval
wandb: updating run metadata
wandb: uploading output.log; uploading wandb-summary.json; uploading config.yaml
wandb: 
wandb: Run history:
wandb:          epoch ▁▁▁▁▂▂▂▂▃▃▃▃▃▃▄▄▄▄▅▅▅▅▅▅▆▆▆▆▇▇▇▇▇▇▇▇▇███
wandb: train_accuracy ▁▂▂▃▃▄▅▄▅▄▆▅▄▅▆▅▆▅▇▆▇▆▆▆▅▆▇▇██▇▆▇▆▇▇██▅█
wandb:     train_loss █▅▅▃▃▄▅▅▃▃▃▂▄▂▃▂▂▂▂▃▁▂▄▁▃▄▁▃▂▂▁▃▁▂▂▃▂▂▂▁
wandb:   val_accuracy ▁▁▁▄▃▃▁▄▆▄▁▅▁▁▄▆▆▇▆▇▄▄▆▅▆▂▇▇█▄▄▇▄▅█▅▃▇▇█
wandb:       val_loss ▄▄▂▂▁▄▂▂▁▁▁█▁▁▁▁▁▂▁▂▂▁▁▂▂▁▄▁▂▂▁▃▂▁▃▂▃▂▁▁
wandb: 
wandb: Run summary:
wandb:           best_epoch 100
wandb:    best_val_accuracy 62.68958
wandb:        best_val_loss 0.65259
wandb: checkpoint_best_path artifacts/probes/mvp...
wandb: checkpoint_last_path artifacts/probes/mvp...
wandb:      checkpoint_path artifacts/probes/mvp...
wandb:              dataset mvp
wandb:      elapsed_seconds 20.09639
wandb:                epoch 100
wandb:    feature_signature 7c0fab9616b3b517
wandb:                  +22 ...
wandb: 
wandb: 🚀 View run mvp_linear_videomae_v2_vit_giant_16_224_layer_40/trial_0001 at: https://wandb.ai/caselli-niccolo-developer-university-of-amsterdam/probe4physics/runs/k422a6z0
wandb: ⭐️ View project at: https://wandb.ai/caselli-niccolo-developer-university-of-amsterdam/probe4physics
wandb: Synced 5 W&B file(s), 0 media file(s), 0 artifact file(s) and 0 other file(s)
wandb: Find logs at: ./wandb/run-20260501_102039-k422a6z0/logs
[I 2026-05-01 10:21:01,159] Trial 1 finished with value: 32.45702730030334 and parameters: {'lr': 0.001331121608073689, 'weight_decay': 1.328944872286916e-08, 'batch_size': 32, 'epochs': 100}. Best is trial 1 with value: 32.45702730030334.
wandb: setting up run dt991xi5
wandb: Tracking run with wandb version 0.26.1
wandb: Run data is saved locally in /gpfs/home3/scur0511/Probe4Physics/wandb/run-20260501_102102-dt991xi5
wandb: Run `wandb offline` to turn off syncing.
wandb: Syncing run mvp_linear_videomae_v2_vit_giant_16_224_layer_40/trial_0002
wandb: ⭐️ View project at https://wandb.ai/caselli-niccolo-developer-university-of-amsterdam/probe4physics
wandb: 🚀 View run at https://wandb.ai/caselli-niccolo-developer-university-of-amsterdam/probe4physics/runs/dt991xi5
[eval.mvp] Starting eval | split_name=val split_dir=data/splits/mvp/full_60_20_20 predictor_mode=from_file annotation_file=data/annotations/mvp_full.jsonl
[eval.mvp] Loaded split assignments | split_pairs=989 split_samples=1978
[eval.mvp] Prepared samples | n_pairs_before_trim=989 n_samples_before_trim=1978 n_pairs_after_trim=989 n_samples_after_trim=1978 max_pairs=0
[eval.mvp] Generated predictions | n_predictions=1978
[eval.mvp] Scoring complete | accuracy=60.4651 pair_consistency=30.3337 n_pairs=989 n_samples=1978
[eval.mvp] Artifacts written | output_dir=artifacts/probes/mvp_probe_linear_videomae_v2_vit_giant_16_224_20260501T080356Z/layer_40/train/trial_0002/val_eval
wandb: updating run metadata
wandb: uploading output.log; uploading wandb-summary.json; uploading config.yaml
wandb: 
wandb: Run history:
wandb:          epoch ▁▁▁▁▂▂▂▂▂▂▃▃▃▃▃▄▄▄▄▄▅▅▅▅▅▅▆▆▆▆▆▆▇▇▇▇▇███
wandb: train_accuracy ▁▂▂▃▄▄▄▄▄▄▅▆▅▅▅▅▅▆▅▆▅▆▆▇▇▆▆▆█▇▇▇▆▆▇█▇▇▆▇
wandb:     train_loss █▅▅▄▄▄▄▃▄▄▃▂▄▅▄▂▃▃▃▂▃▃▃▂▂▂▂▂▁▂▂▁▂▃▂▁▁▂▃▁
wandb:   val_accuracy ▃▁▃▅▁▅▃▅▆▅▅▆▆▅▅▆▆▆▆▄▂▂▆▇▅▅▂▆▇▅▃▅▅▆▄▃▅█▇█
wandb:       val_loss ▄▅▄▄▅▃▄▃▃▃▃▂▂▃▃▃▂▂▃▄▆█▂▂▃▄▆█▂▂█▂▄▂▄▆▅▁▂▁
wandb: 
wandb: Run summary:
wandb:           best_epoch 46
wandb:    best_val_accuracy 60.46511
wandb:        best_val_loss 0.65445
wandb: checkpoint_best_path artifacts/probes/mvp...
wandb: checkpoint_last_path artifacts/probes/mvp...
wandb:      checkpoint_path artifacts/probes/mvp...
wandb:              dataset mvp
wandb:      elapsed_seconds 11.31664
wandb:                epoch 50
wandb:    feature_signature 7c0fab9616b3b517
wandb:                  +22 ...
wandb: 
wandb: 🚀 View run mvp_linear_videomae_v2_vit_giant_16_224_layer_40/trial_0002 at: https://wandb.ai/caselli-niccolo-developer-university-of-amsterdam/probe4physics/runs/dt991xi5
wandb: ⭐️ View project at: https://wandb.ai/caselli-niccolo-developer-university-of-amsterdam/probe4physics
wandb: Synced 5 W&B file(s), 0 media file(s), 0 artifact file(s) and 0 other file(s)
wandb: Find logs at: ./wandb/run-20260501_102102-dt991xi5/logs
[I 2026-05-01 10:21:15,780] Trial 2 finished with value: 30.33367037411527 and parameters: {'lr': 0.00019762189340280086, 'weight_decay': 5.589524205217922e-07, 'batch_size': 32, 'epochs': 50}. Best is trial 1 with value: 32.45702730030334.
wandb: setting up run 24jpjnkp
wandb: Tracking run with wandb version 0.26.1
wandb: Run data is saved locally in /gpfs/home3/scur0511/Probe4Physics/wandb/run-20260501_102117-24jpjnkp
wandb: Run `wandb offline` to turn off syncing.
wandb: Syncing run mvp_linear_videomae_v2_vit_giant_16_224_layer_40/trial_0003
wandb: ⭐️ View project at https://wandb.ai/caselli-niccolo-developer-university-of-amsterdam/probe4physics
wandb: 🚀 View run at https://wandb.ai/caselli-niccolo-developer-university-of-amsterdam/probe4physics/runs/24jpjnkp
[eval.mvp] Starting eval | split_name=val split_dir=data/splits/mvp/full_60_20_20 predictor_mode=from_file annotation_file=data/annotations/mvp_full.jsonl
[eval.mvp] Loaded split assignments | split_pairs=989 split_samples=1978
[eval.mvp] Prepared samples | n_pairs_before_trim=989 n_samples_before_trim=1978 n_pairs_after_trim=989 n_samples_after_trim=1978 max_pairs=0
[eval.mvp] Generated predictions | n_predictions=1978
[eval.mvp] Scoring complete | accuracy=60.3640 pair_consistency=26.8959 n_pairs=989 n_samples=1978
[eval.mvp] Artifacts written | output_dir=artifacts/probes/mvp_probe_linear_videomae_v2_vit_giant_16_224_20260501T080356Z/layer_40/train/trial_0003/val_eval
wandb: updating run metadata
wandb: uploading output.log; uploading wandb-summary.json; uploading config.yaml
wandb: 
wandb: Run history:
wandb:          epoch ▁▁▁▁▂▂▂▂▂▃▃▃▃▃▃▄▄▄▄▄▅▅▅▅▅▆▆▆▆▆▆▇▇▇▇▇▇███
wandb: train_accuracy ▁▂▃▃▃▄▄▅▄▃▅▅▄▄▆▆▅▆▆▆▆▅▇▇▇▆▇█▇▇▇▆█▆▇███▇▆
wandb:     train_loss █▄▃▄▄▃▃▂▃▃▂▄▃▂▂▃▂▂▂▃▃▂▁▂▁▂▂▁▁▁▂▂▂▁▂▁▁▁▁▂
wandb:   val_accuracy ▂▁▄▂▄▆▄▄▆▆▆▄▅▃▃▄▃▃▅▃▄▇▆▇▇▆▆█▆█▆▇▆▇▇▇▆█▄▄
wandb:       val_loss ▅▇▄▆▃▅▂▄▂▂▃▄▆▇▂▄▅▄▄█▂▂▁▁▂▂▁▃▁▇▂▁▁▁▁▂▁▁▅▅
wandb: 
wandb: Run summary:
wandb:           best_epoch 47
wandb:    best_val_accuracy 60.364
wandb:        best_val_loss 0.66196
wandb: checkpoint_best_path artifacts/probes/mvp...
wandb: checkpoint_last_path artifacts/probes/mvp...
wandb:      checkpoint_path artifacts/probes/mvp...
wandb:              dataset mvp
wandb:      elapsed_seconds 8.51775
wandb:                epoch 50
wandb:    feature_signature 7c0fab9616b3b517
wandb:                  +22 ...
wandb: 
wandb: 🚀 View run mvp_linear_videomae_v2_vit_giant_16_224_layer_40/trial_0003 at: https://wandb.ai/caselli-niccolo-developer-university-of-amsterdam/probe4physics/runs/24jpjnkp
wandb: ⭐️ View project at: https://wandb.ai/caselli-niccolo-developer-university-of-amsterdam/probe4physics
wandb: Synced 5 W&B file(s), 0 media file(s), 0 artifact file(s) and 0 other file(s)
wandb: Find logs at: ./wandb/run-20260501_102117-24jpjnkp/logs
[I 2026-05-01 10:21:27,722] Trial 3 finished with value: 26.895854398382202 and parameters: {'lr': 0.0003489018845491386, 'weight_decay': 3.5849855803404713e-05, 'batch_size': 64, 'epochs': 50}. Best is trial 1 with value: 32.45702730030334.
wandb: setting up run 2nds0qpb
wandb: Tracking run with wandb version 0.26.1
wandb: Run data is saved locally in /gpfs/home3/scur0511/Probe4Physics/wandb/run-20260501_102129-2nds0qpb
wandb: Run `wandb offline` to turn off syncing.
wandb: Syncing run mvp_linear_videomae_v2_vit_giant_16_224_layer_40/trial_0004
wandb: ⭐️ View project at https://wandb.ai/caselli-niccolo-developer-university-of-amsterdam/probe4physics
wandb: 🚀 View run at https://wandb.ai/caselli-niccolo-developer-university-of-amsterdam/probe4physics/runs/2nds0qpb
[eval.mvp] Starting eval | split_name=val split_dir=data/splits/mvp/full_60_20_20 predictor_mode=from_file annotation_file=data/annotations/mvp_full.jsonl
[eval.mvp] Loaded split assignments | split_pairs=989 split_samples=1978
[eval.mvp] Prepared samples | n_pairs_before_trim=989 n_samples_before_trim=1978 n_pairs_after_trim=989 n_samples_after_trim=1978 max_pairs=0
[eval.mvp] Generated predictions | n_predictions=1978
[eval.mvp] Scoring complete | accuracy=58.9484 pair_consistency=25.9858 n_pairs=989 n_samples=1978
[eval.mvp] Artifacts written | output_dir=artifacts/probes/mvp_probe_linear_videomae_v2_vit_giant_16_224_20260501T080356Z/layer_40/train/trial_0004/val_eval
wandb: updating run metadata
wandb: uploading output.log; uploading wandb-summary.json; uploading config.yaml
wandb: uploading history steps 0-49, summary, console lines 0-6
wandb: 
wandb: Run history:
wandb:          epoch ▁▁▁▁▂▂▂▂▂▂▃▃▃▃▃▄▄▄▄▄▅▅▅▅▅▅▆▆▆▆▆▆▇▇▇▇▇███
wandb: train_accuracy ▁▂▃▃▃▄▄▅▄▅▅▅▅▆▆▆▆▆▇▅▆▇▇▆▇▆▇▇▇▇▇▇█▇████▇▇
wandb:     train_loss █▄▄▄▄▃▃▃▃▃▃▃▃▂▂▂▂▂▂▃▂▂▂▁▂▂▁▁▁▂▂▁▁▁▁▁▁▁▁▁
wandb:   val_accuracy ▂▁▂▃▃▅▄▅▆▅▆▃▆▂▄▆▂▃▆▅▄▆▆▇▃▆█▆▇▃▆▇▆▆█▄▇▇▅▄
wandb:       val_loss ▇▆▅▆▄▄▄▃▃▃▅▃▅▅▃▆▅▃▃█▃▂▂▂▆▂▁▃▁▅▂▁▃▂▁▄▁▂▄▆
wandb: 
wandb: Run summary:
wandb:           best_epoch 34
wandb:    best_val_accuracy 58.94843
wandb:        best_val_loss 0.66863
wandb: checkpoint_best_path artifacts/probes/mvp...
wandb: checkpoint_last_path artifacts/probes/mvp...
wandb:      checkpoint_path artifacts/probes/mvp...
wandb:              dataset mvp
wandb:      elapsed_seconds 11.29356
wandb:                epoch 50
wandb:    feature_signature 7c0fab9616b3b517
wandb:                  +22 ...
wandb: 
wandb: 🚀 View run mvp_linear_videomae_v2_vit_giant_16_224_layer_40/trial_0004 at: https://wandb.ai/caselli-niccolo-developer-university-of-amsterdam/probe4physics/runs/2nds0qpb
wandb: ⭐️ View project at: https://wandb.ai/caselli-niccolo-developer-university-of-amsterdam/probe4physics
wandb: Synced 5 W&B file(s), 0 media file(s), 0 artifact file(s) and 0 other file(s)
wandb: Find logs at: ./wandb/run-20260501_102129-2nds0qpb/logs
[I 2026-05-01 10:21:42,452] Trial 4 finished with value: 25.985844287158745 and parameters: {'lr': 8.200518402245828e-05, 'weight_decay': 3.855073690026179e-08, 'batch_size': 32, 'epochs': 50}. Best is trial 1 with value: 32.45702730030334.
wandb: setting up run uryrfi2t
wandb: Tracking run with wandb version 0.26.1
wandb: Run data is saved locally in /gpfs/home3/scur0511/Probe4Physics/wandb/run-20260501_102144-uryrfi2t
wandb: Run `wandb offline` to turn off syncing.
wandb: Syncing run mvp_linear_videomae_v2_vit_giant_16_224_layer_40/trial_0005
wandb: ⭐️ View project at https://wandb.ai/caselli-niccolo-developer-university-of-amsterdam/probe4physics
wandb: 🚀 View run at https://wandb.ai/caselli-niccolo-developer-university-of-amsterdam/probe4physics/runs/uryrfi2t
[eval.mvp] Starting eval | split_name=val split_dir=data/splits/mvp/full_60_20_20 predictor_mode=from_file annotation_file=data/annotations/mvp_full.jsonl
[eval.mvp] Loaded split assignments | split_pairs=989 split_samples=1978
[eval.mvp] Prepared samples | n_pairs_before_trim=989 n_samples_before_trim=1978 n_pairs_after_trim=989 n_samples_after_trim=1978 max_pairs=0
[eval.mvp] Generated predictions | n_predictions=1978
[eval.mvp] Scoring complete | accuracy=59.2518 pair_consistency=25.6825 n_pairs=989 n_samples=1978
[eval.mvp] Artifacts written | output_dir=artifacts/probes/mvp_probe_linear_videomae_v2_vit_giant_16_224_20260501T080356Z/layer_40/train/trial_0005/val_eval
wandb: updating run metadata
wandb: uploading output.log; uploading wandb-summary.json; uploading config.yaml
wandb: 
wandb: Run history:
wandb:          epoch ▁▁▁▁▂▂▂▂▂▂▃▃▃▃▃▄▄▄▄▄▄▅▅▅▅▆▆▆▆▆▆▇▇▇▇▇▇███
wandb: train_accuracy ▁▃▄▃▄▅▄▅▅▅▆▅▅▆▇▆▄▅▂▆▇▆▆▇▄▆▇▇▆▇▇█▇▆█▇█▇▆█
wandb:     train_loss █▂▄▂▂▂▂▃▂▂▂▁▂▂▁▁▁▂▃▂▁▂▂▂▁▃▄▂▁▁▁▁▁▁▂▁▁▁▁▃
wandb:   val_accuracy ▂▁▃▁▃▅▃▁▅▄▆▃▄▅▇▅▁▃▁▃▃▅█▇▂▃▆▆▃▇█▇▇▃██▆▇▁▂
wandb:       val_loss ▂█▂▃▂▂▂▃▂▃▁▁▂▂▁▂▄▂█▂▂▂▁▁▃▂▁▂▂▁▁▁▁▁▂▁▁▂▂▂
wandb: 
wandb: Run summary:
wandb:           best_epoch 43
wandb:    best_val_accuracy 59.25177
wandb:        best_val_loss 0.66293
wandb: checkpoint_best_path artifacts/probes/mvp...
wandb: checkpoint_last_path artifacts/probes/mvp...
wandb:      checkpoint_path artifacts/probes/mvp...
wandb:              dataset mvp
wandb:      elapsed_seconds 6.45885
wandb:                epoch 50
wandb:    feature_signature 7c0fab9616b3b517
wandb:                  +22 ...
wandb: 
wandb: 🚀 View run mvp_linear_videomae_v2_vit_giant_16_224_layer_40/trial_0005 at: https://wandb.ai/caselli-niccolo-developer-university-of-amsterdam/probe4physics/runs/uryrfi2t
wandb: ⭐️ View project at: https://wandb.ai/caselli-niccolo-developer-university-of-amsterdam/probe4physics
wandb: Synced 5 W&B file(s), 0 media file(s), 0 artifact file(s) and 0 other file(s)
wandb: Find logs at: ./wandb/run-20260501_102144-uryrfi2t/logs
[I 2026-05-01 10:21:52,183] Trial 5 finished with value: 25.68250758341759 and parameters: {'lr': 0.0009717775305059633, 'weight_decay': 7.417652034871823e-07, 'batch_size': 256, 'epochs': 50}. Best is trial 1 with value: 32.45702730030334.
wandb: setting up run h9airzuj
wandb: Tracking run with wandb version 0.26.1
wandb: Run data is saved locally in /gpfs/home3/scur0511/Probe4Physics/wandb/run-20260501_102153-h9airzuj
wandb: Run `wandb offline` to turn off syncing.
wandb: Syncing run mvp_linear_videomae_v2_vit_giant_16_224_layer_40/trial_0006
wandb: ⭐️ View project at https://wandb.ai/caselli-niccolo-developer-university-of-amsterdam/probe4physics
wandb: 🚀 View run at https://wandb.ai/caselli-niccolo-developer-university-of-amsterdam/probe4physics/runs/h9airzuj
wandb: updating run metadata
wandb: uploading wandb-summary.json; uploading config.yaml
wandb: 
wandb: Run history:
wandb:          epoch ▁▁▁▁▂▂▂▂▂▃▃▃▃▃▃▄▄▄▄▄▅▅▅▅▅▅▆▆▆▆▆▆▆▇▇▇████
wandb: train_accuracy ▁▃▅▅▅▆▄▅▅▆▆▆▆▆▇▅▅▆▄▆▆▇▇▇▅▆▇▇▅▇▅█▇▆▅█▆▇▇▇
wandb:     train_loss ▆▅▄█▄▃▃▃▅▃▃▃▅▅▃▂▂▃▃▂▃▅▂▂▂▂▂▂▂▂▂▄▂▂▃▄▁▄▁▁
wandb:   val_accuracy ▂▄▅▂▅▃▃▆▄▃▂▃▆▅▆▅▇▁▂▁▃▃▇▇▄▄▆▅▇▆▆▇▇█▃▅▄▄█▆
wandb:       val_loss ▄█▅▂▂▃▂▃▂▂▂▂▂▃▃▂▂▂▃▂▃▄▄▅▁▂▁▁▂▂▂▁▁▅▁▂▁▁▁▁
wandb: 
wandb: Run summary:
wandb:          epoch 100
wandb: train_accuracy 58.63406
wandb:     train_loss 0.65657
wandb:   val_accuracy 58.74621
wandb:       val_loss 0.66238
wandb: 
wandb: 🚀 View run mvp_linear_videomae_v2_vit_giant_16_224_layer_40/trial_0006 at: https://wandb.ai/caselli-niccolo-developer-university-of-amsterdam/probe4physics/runs/h9airzuj
wandb: ⭐️ View project at: https://wandb.ai/caselli-niccolo-developer-university-of-amsterdam/probe4physics
wandb: Synced 4 W&B file(s), 0 media file(s), 0 artifact file(s) and 0 other file(s)
wandb: Find logs at: ./wandb/run-20260501_102153-h9airzuj/logs
[I 2026-05-01 10:22:03,649] Trial 6 pruned. Pruned at epoch 100 with val_accuracy=58.7462
wandb: setting up run beiq2nnb
wandb: Tracking run with wandb version 0.26.1
wandb: Run data is saved locally in /gpfs/home3/scur0511/Probe4Physics/wandb/run-20260501_102205-beiq2nnb
wandb: Run `wandb offline` to turn off syncing.
wandb: Syncing run mvp_linear_videomae_v2_vit_giant_16_224_layer_40/trial_0007
wandb: ⭐️ View project at https://wandb.ai/caselli-niccolo-developer-university-of-amsterdam/probe4physics
wandb: 🚀 View run at https://wandb.ai/caselli-niccolo-developer-university-of-amsterdam/probe4physics/runs/beiq2nnb
[eval.mvp] Starting eval | split_name=val split_dir=data/splits/mvp/full_60_20_20 predictor_mode=from_file annotation_file=data/annotations/mvp_full.jsonl
[eval.mvp] Loaded split assignments | split_pairs=989 split_samples=1978
[eval.mvp] Prepared samples | n_pairs_before_trim=989 n_samples_before_trim=1978 n_pairs_after_trim=989 n_samples_after_trim=1978 max_pairs=0
[eval.mvp] Generated predictions | n_predictions=1978
[eval.mvp] Scoring complete | accuracy=55.9656 pair_consistency=20.5258 n_pairs=989 n_samples=1978
[eval.mvp] Artifacts written | output_dir=artifacts/probes/mvp_probe_linear_videomae_v2_vit_giant_16_224_20260501T080356Z/layer_40/train/trial_0007/val_eval
wandb: updating run metadata
wandb: uploading wandb-metadata.json; uploading requirements.txt; uploading output.log; uploading wandb-summary.json; uploading config.yaml
wandb: 
wandb: Run history:
wandb:          epoch ▁▁▂▂▂▃▃▄▄▄▅▅▅▆▆▇▇▇██
wandb: train_accuracy ▁▂▃▂▃▄▄▃▂▄▆▆▇▆▇▇▇█▇█
wandb:     train_loss █▂▂▂▂▂▂▂▂▁▁▁▁▁▁▁▁▁▁▁
wandb:   val_accuracy ▁▁▂▂▃▄▄▄▅▅▆▇▄▇▇▇▆██▅
wandb:       val_loss █▇▇▅▅▅▄▄▄▃▃▂▄▂▂▂▂▂▁▃
wandb: 
wandb: Run summary:
wandb:           best_epoch 19
wandb:    best_val_accuracy 55.96562
wandb:        best_val_loss 0.68218
wandb: checkpoint_best_path artifacts/probes/mvp...
wandb: checkpoint_last_path artifacts/probes/mvp...
wandb:      checkpoint_path artifacts/probes/mvp...
wandb:              dataset mvp
wandb:      elapsed_seconds 5.01934
wandb:                epoch 20
wandb:    feature_signature 7c0fab9616b3b517
wandb:                  +22 ...
wandb: 
wandb: 🚀 View run mvp_linear_videomae_v2_vit_giant_16_224_layer_40/trial_0007 at: https://wandb.ai/caselli-niccolo-developer-university-of-amsterdam/probe4physics/runs/beiq2nnb
wandb: ⭐️ View project at: https://wandb.ai/caselli-niccolo-developer-university-of-amsterdam/probe4physics
wandb: Synced 5 W&B file(s), 0 media file(s), 0 artifact file(s) and 0 other file(s)
wandb: Find logs at: ./wandb/run-20260501_102205-beiq2nnb/logs
[I 2026-05-01 10:22:12,136] Trial 7 finished with value: 20.525783619817997 and parameters: {'lr': 0.00011756010900231849, 'weight_decay': 4.848496183873288e-07, 'batch_size': 128, 'epochs': 20}. Best is trial 1 with value: 32.45702730030334.
wandb: setting up run 8v5y9yj2
wandb: Tracking run with wandb version 0.26.1
wandb: Run data is saved locally in /gpfs/home3/scur0511/Probe4Physics/wandb/run-20260501_102213-8v5y9yj2
wandb: Run `wandb offline` to turn off syncing.
wandb: Syncing run mvp_linear_videomae_v2_vit_giant_16_224_layer_40/trial_0008
wandb: ⭐️ View project at https://wandb.ai/caselli-niccolo-developer-university-of-amsterdam/probe4physics
wandb: 🚀 View run at https://wandb.ai/caselli-niccolo-developer-university-of-amsterdam/probe4physics/runs/8v5y9yj2
wandb: updating run metadata
wandb: uploading wandb-summary.json; uploading config.yaml
wandb: 
wandb: Run history:
wandb:          epoch ▁▁▁▁▂▂▂▂▂▂▃▃▃▃▃▄▄▄▄▄▄▅▅▅▅▅▅▆▆▆▆▆▇▇▇▇▇███
wandb: train_accuracy ▁▂▃▃▃▃▃▃▄▃▄▄▃▄▄▅▅▅▅▅▅▆▆▆▅▆▆▆▆▇▆▆▆▆█▆████
wandb:     train_loss █▂▂▁▁▁▁▁▁▁▁▁▁▁▁▁▁▁▁▁▁▁▁▁▁▁▁▁▁▁▁▁▁▁▁▁▁▁▁▁
wandb:   val_accuracy ▁▁▂▃▄▃▄▄▃▃▃▄▅▃▄▄▃▄▄▄▅▄▅▄▆▆▇▆▇▆▆▆▇▆▇▆▇▆▇█
wandb:       val_loss █▆▃▃▃▂▂▂▂▂▂▂▂▂▂▂▂▂▂▂▂▁▂▁▁▁▁▁▁▁▁▁▁▁▁▁▁▁▁▁
wandb: 
wandb: Run summary:
wandb:          epoch 100
wandb: train_accuracy 54.77234
wandb:     train_loss 0.68765
wandb:   val_accuracy 54.90394
wandb:       val_loss 0.68723
wandb: 
wandb: 🚀 View run mvp_linear_videomae_v2_vit_giant_16_224_layer_40/trial_0008 at: https://wandb.ai/caselli-niccolo-developer-university-of-amsterdam/probe4physics/runs/8v5y9yj2
wandb: ⭐️ View project at: https://wandb.ai/caselli-niccolo-developer-university-of-amsterdam/probe4physics
wandb: Synced 4 W&B file(s), 0 media file(s), 0 artifact file(s) and 0 other file(s)
wandb: Find logs at: ./wandb/run-20260501_102213-8v5y9yj2/logs
[I 2026-05-01 10:22:24,768] Trial 8 pruned. Pruned at epoch 100 with val_accuracy=54.9039
wandb: setting up run sh90bxuk
wandb: Tracking run with wandb version 0.26.1
wandb: Run data is saved locally in /gpfs/home3/scur0511/Probe4Physics/wandb/run-20260501_102226-sh90bxuk
wandb: Run `wandb offline` to turn off syncing.
wandb: Syncing run mvp_linear_videomae_v2_vit_giant_16_224_layer_40/trial_0009
wandb: ⭐️ View project at https://wandb.ai/caselli-niccolo-developer-university-of-amsterdam/probe4physics
wandb: 🚀 View run at https://wandb.ai/caselli-niccolo-developer-university-of-amsterdam/probe4physics/runs/sh90bxuk
[eval.mvp] Starting eval | split_name=val split_dir=data/splits/mvp/full_60_20_20 predictor_mode=from_file annotation_file=data/annotations/mvp_full.jsonl
[eval.mvp] Loaded split assignments | split_pairs=989 split_samples=1978
[eval.mvp] Prepared samples | n_pairs_before_trim=989 n_samples_before_trim=1978 n_pairs_after_trim=989 n_samples_after_trim=1978 max_pairs=0
[eval.mvp] Generated predictions | n_predictions=1978
[eval.mvp] Scoring complete | accuracy=59.2518 pair_consistency=25.9858 n_pairs=989 n_samples=1978
[eval.mvp] Artifacts written | output_dir=artifacts/probes/mvp_probe_linear_videomae_v2_vit_giant_16_224_20260501T080356Z/layer_40/train/trial_0009/val_eval
wandb: updating run metadata
wandb: uploading config.yaml; uploading output.log; uploading wandb-summary.json
wandb: 
wandb: Run history:
wandb:          epoch ▁▁▁▁▂▂▂▂▂▂▃▃▃▃▄▄▄▄▄▄▅▅▅▅▅▆▆▆▆▆▆▇▇▇▇▇▇███
wandb: train_accuracy ▂▁▃▂▃▃▁▃▅▅▅▅▅▅▅▆▃▅▅▃▅▅▆▆▆▃▅▆▇▇▇▇▇▆▆▇██▆▇
wandb:     train_loss █▃▅▃▂▃▅▃▂▂▂▂▂▂▂▂▃▂▂▄▂▂▂▁▂▄▂▁▂▁▁▁▂▂▁▁▁▂▂▁
wandb:   val_accuracy ▂▁▁▁▄▄▁▅▅▃▆▆▆▆▃▆▅▇▂▇▅▇▆▇▁▂▃▇▆▇▇▅▆▇▇▃█▄▆▄
wandb:       val_loss ▂█▂▄▂▂▅▂▂▂▁▁▁▁▂▁▃▂▁▃▇▂▁▁▁▄▃▃▁▁▁▂▁▁▁▃▁▂▃▃
wandb: 
wandb: Run summary:
wandb:           best_epoch 45
wandb:    best_val_accuracy 59.25177
wandb:        best_val_loss 0.6651
wandb: checkpoint_best_path artifacts/probes/mvp...
wandb: checkpoint_last_path artifacts/probes/mvp...
wandb:      checkpoint_path artifacts/probes/mvp...
wandb:              dataset mvp
wandb:      elapsed_seconds 6.54558
wandb:                epoch 50
wandb:    feature_signature 7c0fab9616b3b517
wandb:                  +22 ...
wandb: 
wandb: 🚀 View run mvp_linear_videomae_v2_vit_giant_16_224_layer_40/trial_0009 at: https://wandb.ai/caselli-niccolo-developer-university-of-amsterdam/probe4physics/runs/sh90bxuk
wandb: ⭐️ View project at: https://wandb.ai/caselli-niccolo-developer-university-of-amsterdam/probe4physics
wandb: Synced 5 W&B file(s), 0 media file(s), 0 artifact file(s) and 0 other file(s)
wandb: Find logs at: ./wandb/run-20260501_102226-sh90bxuk/logs
[I 2026-05-01 10:22:34,563] Trial 9 finished with value: 25.985844287158745 and parameters: {'lr': 0.0007411299781083245, 'weight_decay': 9.669146694016007e-07, 'batch_size': 256, 'epochs': 50}. Best is trial 1 with value: 32.45702730030334.
wandb: setting up run 51lkju1n
wandb: Tracking run with wandb version 0.26.1
wandb: Run data is saved locally in /gpfs/home3/scur0511/Probe4Physics/wandb/run-20260501_102236-51lkju1n
wandb: Run `wandb offline` to turn off syncing.
wandb: Syncing run mvp_linear_videomae_v2_vit_giant_16_224_layer_40/trial_0010
wandb: ⭐️ View project at https://wandb.ai/caselli-niccolo-developer-university-of-amsterdam/probe4physics
wandb: 🚀 View run at https://wandb.ai/caselli-niccolo-developer-university-of-amsterdam/probe4physics/runs/51lkju1n
[eval.mvp] Starting eval | split_name=val split_dir=data/splits/mvp/full_60_20_20 predictor_mode=from_file annotation_file=data/annotations/mvp_full.jsonl
[eval.mvp] Loaded split assignments | split_pairs=989 split_samples=1978
[eval.mvp] Prepared samples | n_pairs_before_trim=989 n_samples_before_trim=1978 n_pairs_after_trim=989 n_samples_after_trim=1978 max_pairs=0
[eval.mvp] Generated predictions | n_predictions=1978
[eval.mvp] Scoring complete | accuracy=62.7401 pair_consistency=34.7826 n_pairs=989 n_samples=1978
[eval.mvp] Artifacts written | output_dir=artifacts/probes/mvp_probe_linear_videomae_v2_vit_giant_16_224_20260501T080356Z/layer_40/train/trial_0010/val_eval
wandb: updating run metadata
wandb: uploading history steps 0-99, summary, console lines 0-6
wandb: 
wandb: Run history:
wandb:          epoch ▁▁▁▁▂▂▂▂▃▃▃▃▃▃▃▃▃▄▄▄▄▄▅▅▅▅▅▆▆▆▆▆▆▇▇▇▇███
wandb: train_accuracy ▂▁▂▂▄▄▃▃▄▅▄▄▄▄▅▆▆▅▄▇█▇▄▇▃▅▅▇▇▆▆█▆▆▅▆▆█▅▆
wandb:     train_loss █▂▂▄▄▃▅▄▃▅▂▄▄▄▃▁▄▂▃▃▂▂▃▄▅▃▄▃▂▃▂▂▃▁▄▂▁▃▁▅
wandb:   val_accuracy ▁▁▅▁▅▄▁▂▃▇▇▁▆▇▆▆▁▆▄▇▃█▆▆▆▅▃▆▃▆█▄▂▅▆▇▂▆▂█
wandb:       val_loss ▂▂▂▄▁▁▃█▂▁▁▁▂▁▁▃▁▅▁▂▂▁▁▁▃▂▂▂▁▃▁▄▂▁▃▁▁▅▆▂
wandb: 
wandb: Run summary:
wandb:           best_epoch 70
wandb:    best_val_accuracy 62.74014
wandb:        best_val_loss 0.6862
wandb: checkpoint_best_path artifacts/probes/mvp...
wandb: checkpoint_last_path artifacts/probes/mvp...
wandb:      checkpoint_path artifacts/probes/mvp...
wandb:              dataset mvp
wandb:      elapsed_seconds 14.67784
wandb:                epoch 100
wandb:    feature_signature 7c0fab9616b3b517
wandb:                  +22 ...
wandb: 
wandb: 🚀 View run mvp_linear_videomae_v2_vit_giant_16_224_layer_40/trial_0010 at: https://wandb.ai/caselli-niccolo-developer-university-of-amsterdam/probe4physics/runs/51lkju1n
wandb: ⭐️ View project at: https://wandb.ai/caselli-niccolo-developer-university-of-amsterdam/probe4physics
wandb: Synced 5 W&B file(s), 0 media file(s), 0 artifact file(s) and 0 other file(s)
wandb: Find logs at: ./wandb/run-20260501_102236-51lkju1n/logs
[I 2026-05-01 10:22:52,956] Trial 10 finished with value: 34.78260869565217 and parameters: {'lr': 0.008013349589915042, 'weight_decay': 1.086383341945677e-08, 'batch_size': 64, 'epochs': 100}. Best is trial 10 with value: 34.78260869565217.
wandb: setting up run a3am9n1t
wandb: Tracking run with wandb version 0.26.1
wandb: Run data is saved locally in /gpfs/home3/scur0511/Probe4Physics/wandb/run-20260501_102254-a3am9n1t
wandb: Run `wandb offline` to turn off syncing.
wandb: Syncing run mvp_linear_videomae_v2_vit_giant_16_224_layer_40/trial_0011
wandb: ⭐️ View project at https://wandb.ai/caselli-niccolo-developer-university-of-amsterdam/probe4physics
wandb: 🚀 View run at https://wandb.ai/caselli-niccolo-developer-university-of-amsterdam/probe4physics/runs/a3am9n1t
[eval.mvp] Starting eval | split_name=val split_dir=data/splits/mvp/full_60_20_20 predictor_mode=from_file annotation_file=data/annotations/mvp_full.jsonl
[eval.mvp] Loaded split assignments | split_pairs=989 split_samples=1978
[eval.mvp] Prepared samples | n_pairs_before_trim=989 n_samples_before_trim=1978 n_pairs_after_trim=989 n_samples_after_trim=1978 max_pairs=0
[eval.mvp] Generated predictions | n_predictions=1978
[eval.mvp] Scoring complete | accuracy=63.3974 pair_consistency=34.2770 n_pairs=989 n_samples=1978
[eval.mvp] Artifacts written | output_dir=artifacts/probes/mvp_probe_linear_videomae_v2_vit_giant_16_224_20260501T080356Z/layer_40/train/trial_0011/val_eval
wandb: updating run metadata
wandb: uploading output.log; uploading wandb-summary.json; uploading config.yaml
wandb: 
wandb: Run history:
wandb:          epoch ▁▁▁▁▁▂▂▂▃▃▃▃▃▃▃▄▄▄▄▄▄▅▅▅▆▆▆▆▆▆▆▇▇▇▇▇████
wandb: train_accuracy ▁▁▃▂▄▃▂▃▄▃▃▄▅▃▃▆▃▅▄▆▇▄▄▄█▃▅▄▇▇▇▅▅▅▅█▇▄▆▃
wandb:     train_loss ▆▇▅▂▂▄█▄▃▂▄▅▄▂▆▂▃▃▆▄▄▂▂▁█▄▄▃▄▃▄▂▃▃▃▂▄▃▅▃
wandb:   val_accuracy ▁▁▃▅▃▁▅▁▃▂▃▁▂▃▆▃▅▇▅▅▄▃▆▆▂▂▇▂▅▃▁▆▆▇▃█▂▄▁█
wandb:       val_loss ▅▃▃▁▁▂▁▃▂█▅▂▁▁▁▂▂▁▂▂▁▁▁▇▁▂▁▁▁▁▁▁▁▆▂▁▂▁▂▁
wandb: 
wandb: Run summary:
wandb:           best_epoch 85
wandb:    best_val_accuracy 63.39737
wandb:        best_val_loss 0.7129
wandb: checkpoint_best_path artifacts/probes/mvp...
wandb: checkpoint_last_path artifacts/probes/mvp...
wandb:      checkpoint_path artifacts/probes/mvp...
wandb:              dataset mvp
wandb:      elapsed_seconds 14.32575
wandb:                epoch 100
wandb:    feature_signature 7c0fab9616b3b517
wandb:                  +22 ...
wandb: 
wandb: 🚀 View run mvp_linear_videomae_v2_vit_giant_16_224_layer_40/trial_0011 at: https://wandb.ai/caselli-niccolo-developer-university-of-amsterdam/probe4physics/runs/a3am9n1t
wandb: ⭐️ View project at: https://wandb.ai/caselli-niccolo-developer-university-of-amsterdam/probe4physics
wandb: Synced 5 W&B file(s), 0 media file(s), 0 artifact file(s) and 0 other file(s)
wandb: Find logs at: ./wandb/run-20260501_102254-a3am9n1t/logs
[I 2026-05-01 10:23:10,605] Trial 11 finished with value: 34.27704752275025 and parameters: {'lr': 0.008296796921936793, 'weight_decay': 1.7074626001153678e-08, 'batch_size': 64, 'epochs': 100}. Best is trial 10 with value: 34.78260869565217.
wandb: setting up run cynnjal8
wandb: Tracking run with wandb version 0.26.1
wandb: Run data is saved locally in /gpfs/home3/scur0511/Probe4Physics/wandb/run-20260501_102312-cynnjal8
wandb: Run `wandb offline` to turn off syncing.
wandb: Syncing run mvp_linear_videomae_v2_vit_giant_16_224_layer_40/trial_0012
wandb: ⭐️ View project at https://wandb.ai/caselli-niccolo-developer-university-of-amsterdam/probe4physics
wandb: 🚀 View run at https://wandb.ai/caselli-niccolo-developer-university-of-amsterdam/probe4physics/runs/cynnjal8
[eval.mvp] Starting eval | split_name=val split_dir=data/splits/mvp/full_60_20_20 predictor_mode=from_file annotation_file=data/annotations/mvp_full.jsonl
[eval.mvp] Loaded split assignments | split_pairs=989 split_samples=1978
[eval.mvp] Prepared samples | n_pairs_before_trim=989 n_samples_before_trim=1978 n_pairs_after_trim=989 n_samples_after_trim=1978 max_pairs=0
[eval.mvp] Generated predictions | n_predictions=1978
[eval.mvp] Scoring complete | accuracy=62.7907 pair_consistency=32.8615 n_pairs=989 n_samples=1978
[eval.mvp] Artifacts written | output_dir=artifacts/probes/mvp_probe_linear_videomae_v2_vit_giant_16_224_20260501T080356Z/layer_40/train/trial_0012/val_eval
wandb: updating run metadata
wandb: uploading output.log; uploading wandb-summary.json; uploading config.yaml
wandb: 
wandb: Run history:
wandb:          epoch ▁▁▁▂▂▂▂▂▂▂▃▃▃▃▃▃▄▄▄▄▄▄▄▄▄▅▅▅▅▅▆▆▆▆▆▆▇▇▇█
wandb: train_accuracy ▂▁▂▄▄▄▃▄▂▃▃▅▄▄▄▅▄▄▆▃▅▅▄▄▅▅▄▅▄▅▅▄▅▅▅▆▆▆▅█
wandb:     train_loss ▃▄▂▄▆▄▃▁▃▂▄▃▂▄▃▅▁█▁▂▂▂▄▁▃▂▁▂▂▂▂▄▂▂▂▂▂▂▂▃
wandb:   val_accuracy ▆▂▁▁▅▄▁▆▄▁▄▄▃▁▁▄▆▅▅▇▆▅▆▂▅▆▇▅▆▇█▁▃▆▄▄▆█▃▄
wandb:       val_loss ▂▅▁▂▁▂▂▁▂▂▁▁█▂▄▂▁▁▁▁▁▄▃▁▁▂▂▁▄▂▁▃▁▂▂▂▂▂▂▁
wandb: 
wandb: Run summary:
wandb:           best_epoch 75
wandb:    best_val_accuracy 62.7907
wandb:        best_val_loss 0.74555
wandb: checkpoint_best_path artifacts/probes/mvp...
wandb: checkpoint_last_path artifacts/probes/mvp...
wandb:      checkpoint_path artifacts/probes/mvp...
wandb:              dataset mvp
wandb:      elapsed_seconds 14.56722
wandb:                epoch 100
wandb:    feature_signature 7c0fab9616b3b517
wandb:                  +22 ...
wandb: 
wandb: 🚀 View run mvp_linear_videomae_v2_vit_giant_16_224_layer_40/trial_0012 at: https://wandb.ai/caselli-niccolo-developer-university-of-amsterdam/probe4physics/runs/cynnjal8
wandb: ⭐️ View project at: https://wandb.ai/caselli-niccolo-developer-university-of-amsterdam/probe4physics
wandb: Synced 5 W&B file(s), 0 media file(s), 0 artifact file(s) and 0 other file(s)
wandb: Find logs at: ./wandb/run-20260501_102312-cynnjal8/logs
[I 2026-05-01 10:23:28,410] Trial 12 finished with value: 32.861476238624874 and parameters: {'lr': 0.00814055433678886, 'weight_decay': 5.666538349312614e-08, 'batch_size': 64, 'epochs': 100}. Best is trial 10 with value: 34.78260869565217.
wandb: setting up run i5sv0q20
wandb: Tracking run with wandb version 0.26.1
wandb: Run data is saved locally in /gpfs/home3/scur0511/Probe4Physics/wandb/run-20260501_102330-i5sv0q20
wandb: Run `wandb offline` to turn off syncing.
wandb: Syncing run mvp_linear_videomae_v2_vit_giant_16_224_layer_40/trial_0013
wandb: ⭐️ View project at https://wandb.ai/caselli-niccolo-developer-university-of-amsterdam/probe4physics
wandb: 🚀 View run at https://wandb.ai/caselli-niccolo-developer-university-of-amsterdam/probe4physics/runs/i5sv0q20
[eval.mvp] Starting eval | split_name=val split_dir=data/splits/mvp/full_60_20_20 predictor_mode=from_file annotation_file=data/annotations/mvp_full.jsonl
[eval.mvp] Loaded split assignments | split_pairs=989 split_samples=1978
[eval.mvp] Prepared samples | n_pairs_before_trim=989 n_samples_before_trim=1978 n_pairs_after_trim=989 n_samples_after_trim=1978 max_pairs=0
[eval.mvp] Generated predictions | n_predictions=1978
[eval.mvp] Scoring complete | accuracy=63.1446 pair_consistency=32.2548 n_pairs=989 n_samples=1978
[eval.mvp] Artifacts written | output_dir=artifacts/probes/mvp_probe_linear_videomae_v2_vit_giant_16_224_20260501T080356Z/layer_40/train/trial_0013/val_eval
wandb: updating run metadata
wandb: uploading config.yaml; uploading history steps 0-99, summary, console lines 0-6
wandb: uploading data
wandb: 
wandb: Run history:
wandb:          epoch ▁▁▁▂▂▂▂▂▂▃▃▃▃▃▄▄▄▅▅▅▅▅▆▆▆▆▆▆▆▆▇▇▇▇▇▇████
wandb: train_accuracy ▁▁▃▂▁▃▂▄▂▃▅▃▃▃▄▆▅▅▃▅▄▄▄▅▅▄▅▆▂▅▃▄▅▄▄▆▅▅▃█
wandb:     train_loss ▃▂▃▁▃▂▂▄▂▂▂▄▃▃▁▂▁▁▂▅▁▁▃▅▂▁▃▂▂▂▄▂▃▂▁▁▂█▂▄
wandb:   val_accuracy ▄▁▁▄▂▃▅▁▄▂▅▂▁▇▄▅▁▄▃▇▆▇▇▇▂▇▄█▃█▅▁▇▇▂▂▆▆▁▃
wandb:       val_loss ▄▁▃▂▂▃▂▇▂▂▁▃▁▂▂▁▂▄▄▁▂▁▃▁▁▃▁▄▃▂▂▃▁▁▁▃▂▁█▁
wandb: 
wandb: Run summary:
wandb:           best_epoch 52
wandb:    best_val_accuracy 63.14459
wandb:        best_val_loss 0.78012
wandb: checkpoint_best_path artifacts/probes/mvp...
wandb: checkpoint_last_path artifacts/probes/mvp...
wandb:      checkpoint_path artifacts/probes/mvp...
wandb:              dataset mvp
wandb:      elapsed_seconds 14.79769
wandb:                epoch 100
wandb:    feature_signature 7c0fab9616b3b517
wandb:                  +22 ...
wandb: 
wandb: 🚀 View run mvp_linear_videomae_v2_vit_giant_16_224_layer_40/trial_0013 at: https://wandb.ai/caselli-niccolo-developer-university-of-amsterdam/probe4physics/runs/i5sv0q20
wandb: ⭐️ View project at: https://wandb.ai/caselli-niccolo-developer-university-of-amsterdam/probe4physics
wandb: Synced 5 W&B file(s), 0 media file(s), 0 artifact file(s) and 0 other file(s)
wandb: Find logs at: ./wandb/run-20260501_102330-i5sv0q20/logs
[I 2026-05-01 10:23:47,443] Trial 13 finished with value: 32.25480283114257 and parameters: {'lr': 0.008299786914942599, 'weight_decay': 1.6358579322011493e-05, 'batch_size': 64, 'epochs': 100}. Best is trial 10 with value: 34.78260869565217.
wandb: setting up run w07a1fmo
wandb: Tracking run with wandb version 0.26.1
wandb: Run data is saved locally in /gpfs/home3/scur0511/Probe4Physics/wandb/run-20260501_102349-w07a1fmo
wandb: Run `wandb offline` to turn off syncing.
wandb: Syncing run mvp_linear_videomae_v2_vit_giant_16_224_layer_40/trial_0014
wandb: ⭐️ View project at https://wandb.ai/caselli-niccolo-developer-university-of-amsterdam/probe4physics
wandb: 🚀 View run at https://wandb.ai/caselli-niccolo-developer-university-of-amsterdam/probe4physics/runs/w07a1fmo
[eval.mvp] Starting eval | split_name=val split_dir=data/splits/mvp/full_60_20_20 predictor_mode=from_file annotation_file=data/annotations/mvp_full.jsonl
[eval.mvp] Loaded split assignments | split_pairs=989 split_samples=1978
[eval.mvp] Prepared samples | n_pairs_before_trim=989 n_samples_before_trim=1978 n_pairs_after_trim=989 n_samples_after_trim=1978 max_pairs=0
[eval.mvp] Generated predictions | n_predictions=1978
[eval.mvp] Scoring complete | accuracy=58.4934 pair_consistency=24.2669 n_pairs=989 n_samples=1978
[eval.mvp] Artifacts written | output_dir=artifacts/probes/mvp_probe_linear_videomae_v2_vit_giant_16_224_20260501T080356Z/layer_40/train/trial_0014/val_eval
wandb: updating run metadata
wandb: uploading wandb-metadata.json; uploading requirements.txt; uploading output.log; uploading wandb-summary.json; uploading config.yaml
wandb: 
wandb: Run history:
wandb:          epoch ▁▁▂▂▂▃▃▄▄▄▅▅▅▆▆▇▇▇██
wandb: train_accuracy ▁▂▂▃▅▄▃▃▃▆▆▅▅▇▆█▇▆██
wandb:     train_loss █▂▃▂▂▃▂▃▃▁▂▁▂▁▂▁▂▂▁▂
wandb:   val_accuracy ▁▁▆▂▃▇▂▇▃█▅▁▄▇█▃▅▅▅█
wandb:       val_loss ▂█▁▃▂▁▂▁▂▁▂▄▂▂▁▃▂▂▂▁
wandb: 
wandb: Run summary:
wandb:           best_epoch 20
wandb:    best_val_accuracy 58.49343
wandb:        best_val_loss 0.67052
wandb: checkpoint_best_path artifacts/probes/mvp...
wandb: checkpoint_last_path artifacts/probes/mvp...
wandb:      checkpoint_path artifacts/probes/mvp...
wandb:              dataset mvp
wandb:      elapsed_seconds 4.8489
wandb:                epoch 20
wandb:    feature_signature 7c0fab9616b3b517
wandb:                  +22 ...
wandb: 
wandb: 🚀 View run mvp_linear_videomae_v2_vit_giant_16_224_layer_40/trial_0014 at: https://wandb.ai/caselli-niccolo-developer-university-of-amsterdam/probe4physics/runs/w07a1fmo
wandb: ⭐️ View project at: https://wandb.ai/caselli-niccolo-developer-university-of-amsterdam/probe4physics
wandb: Synced 5 W&B file(s), 0 media file(s), 0 artifact file(s) and 0 other file(s)
wandb: Find logs at: ./wandb/run-20260501_102349-w07a1fmo/logs
[I 2026-05-01 10:23:55,557] Trial 14 finished with value: 24.26693629929221 and parameters: {'lr': 0.0030601039236885946, 'weight_decay': 1.1140534941420908e-08, 'batch_size': 64, 'epochs': 20}. Best is trial 10 with value: 34.78260869565217.
wandb: setting up run i2s8h5z1
wandb: Tracking run with wandb version 0.26.1
wandb: Run data is saved locally in /gpfs/home3/scur0511/Probe4Physics/wandb/run-20260501_102357-i2s8h5z1
wandb: Run `wandb offline` to turn off syncing.
wandb: Syncing run mvp_linear_videomae_v2_vit_giant_16_224_layer_40/trial_0015
wandb: ⭐️ View project at https://wandb.ai/caselli-niccolo-developer-university-of-amsterdam/probe4physics
wandb: 🚀 View run at https://wandb.ai/caselli-niccolo-developer-university-of-amsterdam/probe4physics/runs/i2s8h5z1
[eval.mvp] Starting eval | split_name=val split_dir=data/splits/mvp/full_60_20_20 predictor_mode=from_file annotation_file=data/annotations/mvp_full.jsonl
[eval.mvp] Loaded split assignments | split_pairs=989 split_samples=1978
[eval.mvp] Prepared samples | n_pairs_before_trim=989 n_samples_before_trim=1978 n_pairs_after_trim=989 n_samples_after_trim=1978 max_pairs=0
[eval.mvp] Generated predictions | n_predictions=1978
[eval.mvp] Scoring complete | accuracy=63.0435 pair_consistency=32.4570 n_pairs=989 n_samples=1978
[eval.mvp] Artifacts written | output_dir=artifacts/probes/mvp_probe_linear_videomae_v2_vit_giant_16_224_20260501T080356Z/layer_40/train/trial_0015/val_eval
wandb: updating run metadata
wandb: uploading history steps 0-99, summary, console lines 0-6
wandb: 
wandb: Run history:
wandb:          epoch ▁▁▁▁▁▂▂▂▂▂▃▃▃▃▃▃▃▃▄▄▄▄▅▅▅▅▆▆▆▆▆▇▇▇▇█████
wandb: train_accuracy ▁▁▂▃▂▅▄▃▅▅▅▅▆▆▅▅▃▆▅▆▅▆▅▆▆▇▆▇▆▅▆▆▄▇▇▇█▅▇▆
wandb:     train_loss █▃▃▃▂▂▂▄▁▂▂▂▂▁▃▂▂▂▃▁▁▃▂▄▂▁▂▁▂▁▂▁▁▂▂▃▂▁▂▁
wandb:   val_accuracy ▁▃▁▂▅▆▂▃▄▄▆▆▄▆▃▆█▄▇▄▇▆█▇▃▄██▇▄▇▅▃▂▇▇▆▇▅▃
wandb:       val_loss ▂▃▃▃▂▁▂▁▄▃▂▃▂▂▁▂▂▁█▁▂▃▁▁▁▁▁▁▄▁▃▁▁▁▁▂▂▂▂▃
wandb: 
wandb: Run summary:
wandb:           best_epoch 87
wandb:    best_val_accuracy 63.04348
wandb:        best_val_loss 0.66118
wandb: checkpoint_best_path artifacts/probes/mvp...
wandb: checkpoint_last_path artifacts/probes/mvp...
wandb:      checkpoint_path artifacts/probes/mvp...
wandb:              dataset mvp
wandb:      elapsed_seconds 14.58367
wandb:                epoch 100
wandb:    feature_signature 7c0fab9616b3b517
wandb:                  +22 ...
wandb: 
wandb: 🚀 View run mvp_linear_videomae_v2_vit_giant_16_224_layer_40/trial_0015 at: https://wandb.ai/caselli-niccolo-developer-university-of-amsterdam/probe4physics/runs/i2s8h5z1
wandb: ⭐️ View project at: https://wandb.ai/caselli-niccolo-developer-university-of-amsterdam/probe4physics
wandb: Synced 5 W&B file(s), 0 media file(s), 0 artifact file(s) and 0 other file(s)
wandb: Find logs at: ./wandb/run-20260501_102357-i2s8h5z1/logs
[I 2026-05-01 10:24:13,597] Trial 15 finished with value: 32.45702730030334 and parameters: {'lr': 0.0032275860637651834, 'weight_decay': 1.3221004453734022e-07, 'batch_size': 64, 'epochs': 100}. Best is trial 10 with value: 34.78260869565217.
wandb: setting up run zsfxen19
wandb: Tracking run with wandb version 0.26.1
wandb: Run data is saved locally in /gpfs/home3/scur0511/Probe4Physics/wandb/run-20260501_102415-zsfxen19
wandb: Run `wandb offline` to turn off syncing.
wandb: Syncing run mvp_linear_videomae_v2_vit_giant_16_224_layer_40/trial_0016
wandb: ⭐️ View project at https://wandb.ai/caselli-niccolo-developer-university-of-amsterdam/probe4physics
wandb: 🚀 View run at https://wandb.ai/caselli-niccolo-developer-university-of-amsterdam/probe4physics/runs/zsfxen19
[eval.mvp] Starting eval | split_name=val split_dir=data/splits/mvp/full_60_20_20 predictor_mode=from_file annotation_file=data/annotations/mvp_full.jsonl
[eval.mvp] Loaded split assignments | split_pairs=989 split_samples=1978
[eval.mvp] Prepared samples | n_pairs_before_trim=989 n_samples_before_trim=1978 n_pairs_after_trim=989 n_samples_after_trim=1978 max_pairs=0
[eval.mvp] Generated predictions | n_predictions=1978
[eval.mvp] Scoring complete | accuracy=63.4479 pair_consistency=34.8837 n_pairs=989 n_samples=1978
[eval.mvp] Artifacts written | output_dir=artifacts/probes/mvp_probe_linear_videomae_v2_vit_giant_16_224_20260501T080356Z/layer_40/train/trial_0016/val_eval
wandb: updating run metadata
wandb: uploading output.log; uploading wandb-summary.json; uploading config.yaml
wandb: 
wandb: Run history:
wandb:          epoch ▁▁▂▂▂▂▂▃▃▃▃▃▃▃▄▄▄▄▄▄▅▅▅▅▅▆▆▆▆▆▇▇▇▇▇▇▇███
wandb: train_accuracy ▁▁▁▃▅▃▃▃▄▄▆▅▆▆▃▂▄▅▇▆▅▄▆▆▄▄█▅██▆▅▇▇▆▇▆▇▇▇
wandb:     train_loss ▆▇▆▄▇█▅▄▃▄▄▄▃▃▃▂▂▄▃▂▂▂▄▆▄▂▄▂▂▃▄▄▄▅▁▇▄▃▂▁
wandb:   val_accuracy ▂▁▄▁▅▂▅▃▁▃▅▄▃▆▆▄▆▃▃▄▆▃▇▃▄▇▆▇█▄▇▃▇▇▇▆▂▃▃▃
wandb:       val_loss ▁▁▃▁▃▃▂▂▃▂▁▁▁▁▁█▁▁▁▂▂▂▁▁▁▁▁▂▁▁▁▃▁▂▁▂▂▁▂▂
wandb: 
wandb: Run summary:
wandb:           best_epoch 70
wandb:    best_val_accuracy 63.44793
wandb:        best_val_loss 0.64875
wandb: checkpoint_best_path artifacts/probes/mvp...
wandb: checkpoint_last_path artifacts/probes/mvp...
wandb:      checkpoint_path artifacts/probes/mvp...
wandb:              dataset mvp
wandb:      elapsed_seconds 14.60709
wandb:                epoch 100
wandb:    feature_signature 7c0fab9616b3b517
wandb:                  +22 ...
wandb: 
wandb: 🚀 View run mvp_linear_videomae_v2_vit_giant_16_224_layer_40/trial_0016 at: https://wandb.ai/caselli-niccolo-developer-university-of-amsterdam/probe4physics/runs/zsfxen19
wandb: ⭐️ View project at: https://wandb.ai/caselli-niccolo-developer-university-of-amsterdam/probe4physics
wandb: Synced 5 W&B file(s), 0 media file(s), 0 artifact file(s) and 0 other file(s)
wandb: Find logs at: ./wandb/run-20260501_102415-zsfxen19/logs
[I 2026-05-01 10:24:31,553] Trial 16 finished with value: 34.883720930232556 and parameters: {'lr': 0.0036314466835073236, 'weight_decay': 3.821228989247768e-06, 'batch_size': 64, 'epochs': 100}. Best is trial 16 with value: 34.883720930232556.
wandb: setting up run aao6kolk
wandb: Tracking run with wandb version 0.26.1
wandb: Run data is saved locally in /gpfs/home3/scur0511/Probe4Physics/wandb/run-20260501_102433-aao6kolk
wandb: Run `wandb offline` to turn off syncing.
wandb: Syncing run mvp_linear_videomae_v2_vit_giant_16_224_layer_40/trial_0017
wandb: ⭐️ View project at https://wandb.ai/caselli-niccolo-developer-university-of-amsterdam/probe4physics
wandb: 🚀 View run at https://wandb.ai/caselli-niccolo-developer-university-of-amsterdam/probe4physics/runs/aao6kolk
[eval.mvp] Starting eval | split_name=val split_dir=data/splits/mvp/full_60_20_20 predictor_mode=from_file annotation_file=data/annotations/mvp_full.jsonl
[eval.mvp] Loaded split assignments | split_pairs=989 split_samples=1978
[eval.mvp] Prepared samples | n_pairs_before_trim=989 n_samples_before_trim=1978 n_pairs_after_trim=989 n_samples_after_trim=1978 max_pairs=0
[eval.mvp] Generated predictions | n_predictions=1978
[eval.mvp] Scoring complete | accuracy=63.6502 pair_consistency=34.2770 n_pairs=989 n_samples=1978
[eval.mvp] Artifacts written | output_dir=artifacts/probes/mvp_probe_linear_videomae_v2_vit_giant_16_224_20260501T080356Z/layer_40/train/trial_0017/val_eval
wandb: updating run metadata
wandb: uploading output.log; uploading wandb-summary.json; uploading config.yaml
wandb: uploading data
wandb: 
wandb: Run history:
wandb:          epoch ▁▁▂▂▂▂▂▂▃▃▃▃▄▄▄▄▄▄▅▅▆▆▆▆▆▆▆▆▆▆▇▇▇▇▇▇▇▇▇█
wandb: train_accuracy ▁▃▂▂▂▄▄▃▄▅▄▄▃▅▄▆▄▅▅▅▆▆▃▆▆█▅▆▇▇▆▆▇▇▆█▇▆▇▇
wandb:     train_loss █▃▄▂▃▂▃▂▃▂▂▂▃▂▂▂▁▁▂▁▁▄▂▂▁▁▂▂▁▂▂▂▂▁▂▃▂▃▁▂
wandb:   val_accuracy ▁▂▂▅▂▆▃▂▅▃▆▃▇▃▂▇▆▆▄▅▇▅▂█▄█▇█▄█▃▇▅▄▇▂▃▆▄▆
wandb:       val_loss █▃▂▁▁▂▁▃▂▂▃▂▁▁▅▁▂▃▁▁▁▁▁▁▃▃▁▁▃▁▅▅▁▁▂▂▃▅▂▂
wandb: 
wandb: Run summary:
wandb:           best_epoch 87
wandb:    best_val_accuracy 63.65015
wandb:        best_val_loss 0.64818
wandb: checkpoint_best_path artifacts/probes/mvp...
wandb: checkpoint_last_path artifacts/probes/mvp...
wandb:      checkpoint_path artifacts/probes/mvp...
wandb:              dataset mvp
wandb:      elapsed_seconds 14.60304
wandb:                epoch 100
wandb:    feature_signature 7c0fab9616b3b517
wandb:                  +22 ...
wandb: 
wandb: 🚀 View run mvp_linear_videomae_v2_vit_giant_16_224_layer_40/trial_0017 at: https://wandb.ai/caselli-niccolo-developer-university-of-amsterdam/probe4physics/runs/aao6kolk
wandb: ⭐️ View project at: https://wandb.ai/caselli-niccolo-developer-university-of-amsterdam/probe4physics
wandb: Synced 5 W&B file(s), 0 media file(s), 0 artifact file(s) and 0 other file(s)
wandb: Find logs at: ./wandb/run-20260501_102433-aao6kolk/logs
[I 2026-05-01 10:24:49,966] Trial 17 finished with value: 34.27704752275025 and parameters: {'lr': 0.0027997142476475882, 'weight_decay': 0.00010080304770358508, 'batch_size': 64, 'epochs': 100}. Best is trial 16 with value: 34.883720930232556.
wandb: setting up run shm0hfzm
wandb: Tracking run with wandb version 0.26.1
wandb: Run data is saved locally in /gpfs/home3/scur0511/Probe4Physics/wandb/run-20260501_102451-shm0hfzm
wandb: Run `wandb offline` to turn off syncing.
wandb: Syncing run mvp_linear_videomae_v2_vit_giant_16_224_layer_40/trial_0018
wandb: ⭐️ View project at https://wandb.ai/caselli-niccolo-developer-university-of-amsterdam/probe4physics
wandb: 🚀 View run at https://wandb.ai/caselli-niccolo-developer-university-of-amsterdam/probe4physics/runs/shm0hfzm
[eval.mvp] Starting eval | split_name=val split_dir=data/splits/mvp/full_60_20_20 predictor_mode=from_file annotation_file=data/annotations/mvp_full.jsonl
[eval.mvp] Loaded split assignments | split_pairs=989 split_samples=1978
[eval.mvp] Prepared samples | n_pairs_before_trim=989 n_samples_before_trim=1978 n_pairs_after_trim=989 n_samples_after_trim=1978 max_pairs=0
[eval.mvp] Generated predictions | n_predictions=1978
[eval.mvp] Scoring complete | accuracy=55.2073 pair_consistency=19.5147 n_pairs=989 n_samples=1978
[eval.mvp] Artifacts written | output_dir=artifacts/probes/mvp_probe_linear_videomae_v2_vit_giant_16_224_20260501T080356Z/layer_40/train/trial_0018/val_eval
wandb: updating run metadata
wandb: uploading output.log; uploading wandb-summary.json; uploading wandb-metadata.json; uploading requirements.txt; uploading config.yaml
wandb: uploading output.log; uploading wandb-metadata.json; uploading requirements.txt; uploading config.yaml
wandb: 
wandb: Run history:
wandb:          epoch ▁▁▂▂▂▃▃▄▄▄▅▅▅▆▆▇▇▇██
wandb: train_accuracy ▂▂▁▂▃▄▄▅▄▄▅▃▆▇▇▇▇▇██
wandb:     train_loss █▂▂▂▂▂▂▂▂▁▁▁▁▁▁▁▁▁▁▁
wandb:   val_accuracy ▂▁▂▄▃▅▄▄▄▅▅▆▅▆█▇▆██▆
wandb:       val_loss █▇▆▅▅▄▃▃▃▃▂▂▃▂▁▁▂▂▁▂
wandb: 
wandb: Run summary:
wandb:           best_epoch 15
wandb:    best_val_accuracy 55.20728
wandb:        best_val_loss 0.68791
wandb: checkpoint_best_path artifacts/probes/mvp...
wandb: checkpoint_last_path artifacts/probes/mvp...
wandb:      checkpoint_path artifacts/probes/mvp...
wandb:              dataset mvp
wandb:      elapsed_seconds 4.99806
wandb:                epoch 20
wandb:    feature_signature 7c0fab9616b3b517
wandb:                  +22 ...
wandb: 
wandb: 🚀 View run mvp_linear_videomae_v2_vit_giant_16_224_layer_40/trial_0018 at: https://wandb.ai/caselli-niccolo-developer-university-of-amsterdam/probe4physics/runs/shm0hfzm
wandb: ⭐️ View project at: https://wandb.ai/caselli-niccolo-developer-university-of-amsterdam/probe4physics
wandb: Synced 5 W&B file(s), 0 media file(s), 0 artifact file(s) and 0 other file(s)
wandb: Find logs at: ./wandb/run-20260501_102451-shm0hfzm/logs
[I 2026-05-01 10:24:58,798] Trial 18 finished with value: 19.514661274014156 and parameters: {'lr': 4.720845304099489e-05, 'weight_decay': 3.5654574389776776e-06, 'batch_size': 64, 'epochs': 20}. Best is trial 16 with value: 34.883720930232556.
wandb: setting up run 7u5vc10c
wandb: Tracking run with wandb version 0.26.1
wandb: Run data is saved locally in /gpfs/home3/scur0511/Probe4Physics/wandb/run-20260501_102500-7u5vc10c
wandb: Run `wandb offline` to turn off syncing.
wandb: Syncing run mvp_linear_videomae_v2_vit_giant_16_224_layer_40/trial_0019
wandb: ⭐️ View project at https://wandb.ai/caselli-niccolo-developer-university-of-amsterdam/probe4physics
wandb: 🚀 View run at https://wandb.ai/caselli-niccolo-developer-university-of-amsterdam/probe4physics/runs/7u5vc10c
[eval.mvp] Starting eval | split_name=val split_dir=data/splits/mvp/full_60_20_20 predictor_mode=from_file annotation_file=data/annotations/mvp_full.jsonl
[eval.mvp] Loaded split assignments | split_pairs=989 split_samples=1978
[eval.mvp] Prepared samples | n_pairs_before_trim=989 n_samples_before_trim=1978 n_pairs_after_trim=989 n_samples_after_trim=1978 max_pairs=0
[eval.mvp] Generated predictions | n_predictions=1978
[eval.mvp] Scoring complete | accuracy=62.5885 pair_consistency=33.7715 n_pairs=989 n_samples=1978
[eval.mvp] Artifacts written | output_dir=artifacts/probes/mvp_probe_linear_videomae_v2_vit_giant_16_224_20260501T080356Z/layer_40/train/trial_0019/val_eval
wandb: updating run metadata
wandb: uploading output.log; uploading wandb-summary.json; uploading config.yaml
wandb: uploading history steps 0-99, summary, console lines 0-6
wandb: 
wandb: Run history:
wandb:          epoch ▁▁▁▁▂▂▂▂▂▂▂▂▂▃▃▃▃▃▃▃▄▄▄▄▅▅▅▅▅▅▅▆▆▇▇▇▇▇██
wandb: train_accuracy ▁▁▁▂▃▃▄▄▄▄▇▄▂▇▆▁▅▅▂▃▃█▅▅█▇█▃▅▁▄▄█▅▇▆▄▇▆█
wandb:     train_loss █▁▁▂▁▂▂▂▁▂▁▂▁▁▂▂▁▂▁▂▁▂▂▁▁▁▁▁▁▁▁▂▁▁▁▂▂▁▂▁
wandb:   val_accuracy ▁▄▃▅▆▅▂▄▂▁▇▁▆▅▇▇▅▆▆▆▃▇▄▇▇▇▃▆█▅▂▅▆▇▇█▂█▁▅
wandb:       val_loss ▆▃▁▂▂▂▂▂▁▁█▃▆▁▅▂▃▂▁▂▆▃▂▇▃▃▂▃▂▄▄▃█▁▃▁▆▄▇▁
wandb: 
wandb: Run summary:
wandb:           best_epoch 88
wandb:    best_val_accuracy 62.58847
wandb:        best_val_loss 0.6436
wandb: checkpoint_best_path artifacts/probes/mvp...
wandb: checkpoint_last_path artifacts/probes/mvp...
wandb:      checkpoint_path artifacts/probes/mvp...
wandb:              dataset mvp
wandb:      elapsed_seconds 11.74483
wandb:                epoch 100
wandb:    feature_signature 7c0fab9616b3b517
wandb:                  +22 ...
wandb: 
wandb: 🚀 View run mvp_linear_videomae_v2_vit_giant_16_224_layer_40/trial_0019 at: https://wandb.ai/caselli-niccolo-developer-university-of-amsterdam/probe4physics/runs/7u5vc10c
wandb: ⭐️ View project at: https://wandb.ai/caselli-niccolo-developer-university-of-amsterdam/probe4physics
wandb: Synced 5 W&B file(s), 0 media file(s), 0 artifact file(s) and 0 other file(s)
wandb: Find logs at: ./wandb/run-20260501_102500-7u5vc10c/logs
[I 2026-05-01 10:25:14,068] Trial 19 finished with value: 33.77148634984833 and parameters: {'lr': 0.004148879585310986, 'weight_decay': 0.0001447873643831531, 'batch_size': 128, 'epochs': 100}. Best is trial 16 with value: 34.883720930232556.
[eval.mvp] Starting eval | split_name=train split_dir=data/splits/mvp/full_60_20_20 predictor_mode=from_file annotation_file=data/annotations/mvp_full.jsonl
[eval.mvp] Loaded split assignments | split_pairs=2965 split_samples=5930
[eval.mvp] Prepared samples | n_pairs_before_trim=2965 n_samples_before_trim=5930 n_pairs_after_trim=2965 n_samples_after_trim=5930 max_pairs=0
[eval.mvp] Generated predictions | n_predictions=5930
[eval.mvp] Scoring complete | accuracy=64.9916 pair_consistency=36.4587 n_pairs=2965 n_samples=5930
[eval.mvp] Artifacts written | output_dir=artifacts/probes/mvp_probe_linear_videomae_v2_vit_giant_16_224_20260501T080356Z/layer_40/eval/train
[eval.mvp] Starting eval | split_name=val split_dir=data/splits/mvp/full_60_20_20 predictor_mode=from_file annotation_file=data/annotations/mvp_full.jsonl
[eval.mvp] Loaded split assignments | split_pairs=989 split_samples=1978
[eval.mvp] Prepared samples | n_pairs_before_trim=989 n_samples_before_trim=1978 n_pairs_after_trim=989 n_samples_after_trim=1978 max_pairs=0
[eval.mvp] Generated predictions | n_predictions=1978
[eval.mvp] Scoring complete | accuracy=63.4479 pair_consistency=34.8837 n_pairs=989 n_samples=1978
[eval.mvp] Artifacts written | output_dir=artifacts/probes/mvp_probe_linear_videomae_v2_vit_giant_16_224_20260501T080356Z/layer_40/eval/val
[eval.mvp] Starting eval | split_name=test split_dir=data/splits/mvp/full_60_20_20 predictor_mode=from_file annotation_file=data/annotations/mvp_full.jsonl
[eval.mvp] Loaded split assignments | split_pairs=989 split_samples=1978
[eval.mvp] Prepared samples | n_pairs_before_trim=989 n_samples_before_trim=1978 n_pairs_after_trim=989 n_samples_after_trim=1978 max_pairs=0
[eval.mvp] Generated predictions | n_predictions=1978
[eval.mvp] Scoring complete | accuracy=61.6279 pair_consistency=31.9515 n_pairs=989 n_samples=1978
[eval.mvp] Artifacts written | output_dir=artifacts/probes/mvp_probe_linear_videomae_v2_vit_giant_16_224_20260501T080356Z/layer_40/eval/test
