===== TRAIN PROVENANCE =====
Sun May 10 11:34:09 UTC 2026
tcn269.local.snellius.surf.nl
548189e89ff58a78b96a2838603163a54c850825
Python 3.11.15
/home/scur0511/.conda/envs/probe4physics-gpu/bin/python
REPO_ROOT=/gpfs/home3/scur0511/Probe4Physics
DATASET_NAME=mvp
PROBE_NAME=linear
BACKBONE_NAME=ltx_video
BACKBONE_VARIANT=<config default>
PROBE_EPOCHS=<config default>
PROBE_DEVICE=cpu
PROBE_LAYER=last
PROBE_LAYERS=3, 7, 11, 15, 19, 23, 27, 31, 35, 39
PROBE_FEATURE_VIEW=pooled
ENABLE_WANDB=false
WANDB_PROJECT=probe4physics
WANDB_MODE=online
WANDB_GROUP=mvp_linear_ltx_video
ENABLE_OPTUNA=true
OPTUNA_N_TRIALS=20
OPTUNA_N_JOBS=1
OPTUNA_TIMEOUT_SECONDS=0
ENABLE_OPTUNA_PRUNER=true
OPTUNA_PRUNER_STARTUP_TRIALS=3
OPTUNA_PRUNER_WARMUP_STEPS=100
OPTUNA_PRUNER_INTERVAL_STEPS=1
OPTUNA_STUDY_NAME=mvp_linear_ltx_video
OPTUNA_SEARCH_OVERRIDES=<none>
============================
JOB_START_UTC=2026-05-10T11:34:09Z
[features.mvp] using compatible legacy cache: expected_signature=b8e742eb048177da actual_signature=7a044c58a91d3409 cache_dir=/gpfs/scratch1/shared/scur0511/probe4physics/artifacts/features/mvp/ltx_video_ltxv_13b_0_9_8_distilled/train-val-test/7a044c58a91d3409
[features.mvp] using compatible legacy cache: expected_signature=b8e742eb048177da actual_signature=7a044c58a91d3409 cache_dir=/gpfs/scratch1/shared/scur0511/probe4physics/artifacts/features/mvp/ltx_video_ltxv_13b_0_9_8_distilled/train-val-test/7a044c58a91d3409
[features.mvp] using compatible legacy cache: expected_signature=b8e742eb048177da actual_signature=7a044c58a91d3409 cache_dir=/gpfs/scratch1/shared/scur0511/probe4physics/artifacts/features/mvp/ltx_video_ltxv_13b_0_9_8_distilled/train-val-test/7a044c58a91d3409
[features.mvp] using compatible legacy cache: expected_signature=b8e742eb048177da actual_signature=7a044c58a91d3409 cache_dir=/gpfs/scratch1/shared/scur0511/probe4physics/artifacts/features/mvp/ltx_video_ltxv_13b_0_9_8_distilled/train-val-test/7a044c58a91d3409
[features.mvp] using compatible legacy cache: expected_signature=b8e742eb048177da actual_signature=7a044c58a91d3409 cache_dir=/gpfs/scratch1/shared/scur0511/probe4physics/artifacts/features/mvp/ltx_video_ltxv_13b_0_9_8_distilled/train-val-test/7a044c58a91d3409
[features.mvp] using compatible legacy cache: expected_signature=b8e742eb048177da actual_signature=7a044c58a91d3409 cache_dir=/gpfs/scratch1/shared/scur0511/probe4physics/artifacts/features/mvp/ltx_video_ltxv_13b_0_9_8_distilled/train-val-test/7a044c58a91d3409
[features.mvp] using compatible legacy cache: expected_signature=b8e742eb048177da actual_signature=7a044c58a91d3409 cache_dir=/gpfs/scratch1/shared/scur0511/probe4physics/artifacts/features/mvp/ltx_video_ltxv_13b_0_9_8_distilled/train-val-test/7a044c58a91d3409
[features.mvp] using compatible legacy cache: expected_signature=b8e742eb048177da actual_signature=7a044c58a91d3409 cache_dir=/gpfs/scratch1/shared/scur0511/probe4physics/artifacts/features/mvp/ltx_video_ltxv_13b_0_9_8_distilled/train-val-test/7a044c58a91d3409
[features.mvp] using compatible legacy cache: expected_signature=b8e742eb048177da actual_signature=7a044c58a91d3409 cache_dir=/gpfs/scratch1/shared/scur0511/probe4physics/artifacts/features/mvp/ltx_video_ltxv_13b_0_9_8_distilled/train-val-test/7a044c58a91d3409
[features.mvp] using compatible legacy cache: expected_signature=b8e742eb048177da actual_signature=7a044c58a91d3409 cache_dir=/gpfs/scratch1/shared/scur0511/probe4physics/artifacts/features/mvp/ltx_video_ltxv_13b_0_9_8_distilled/train-val-test/7a044c58a91d3409
[features.mvp] using compatible legacy cache: expected_signature=b8e742eb048177da actual_signature=7a044c58a91d3409 cache_dir=/gpfs/scratch1/shared/scur0511/probe4physics/artifacts/features/mvp/ltx_video_ltxv_13b_0_9_8_distilled/train-val-test/7a044c58a91d3409
[features.mvp] using compatible legacy cache: expected_signature=b8e742eb048177da actual_signature=7a044c58a91d3409 cache_dir=/gpfs/scratch1/shared/scur0511/probe4physics/artifacts/features/mvp/ltx_video_ltxv_13b_0_9_8_distilled/train-val-test/7a044c58a91d3409
[features.mvp] using compatible legacy cache: expected_signature=b8e742eb048177da actual_signature=7a044c58a91d3409 cache_dir=/gpfs/scratch1/shared/scur0511/probe4physics/artifacts/features/mvp/ltx_video_ltxv_13b_0_9_8_distilled/train-val-test/7a044c58a91d3409
[features.mvp] using compatible legacy cache: expected_signature=b8e742eb048177da actual_signature=7a044c58a91d3409 cache_dir=/gpfs/scratch1/shared/scur0511/probe4physics/artifacts/features/mvp/ltx_video_ltxv_13b_0_9_8_distilled/train-val-test/7a044c58a91d3409
[features.mvp] using compatible legacy cache: expected_signature=b8e742eb048177da actual_signature=7a044c58a91d3409 cache_dir=/gpfs/scratch1/shared/scur0511/probe4physics/artifacts/features/mvp/ltx_video_ltxv_13b_0_9_8_distilled/train-val-test/7a044c58a91d3409
[features.mvp] using compatible legacy cache: expected_signature=b8e742eb048177da actual_signature=7a044c58a91d3409 cache_dir=/gpfs/scratch1/shared/scur0511/probe4physics/artifacts/features/mvp/ltx_video_ltxv_13b_0_9_8_distilled/train-val-test/7a044c58a91d3409
[features.mvp] using compatible legacy cache: expected_signature=b8e742eb048177da actual_signature=7a044c58a91d3409 cache_dir=/gpfs/scratch1/shared/scur0511/probe4physics/artifacts/features/mvp/ltx_video_ltxv_13b_0_9_8_distilled/train-val-test/7a044c58a91d3409
[features.mvp] using compatible legacy cache: expected_signature=b8e742eb048177da actual_signature=7a044c58a91d3409 cache_dir=/gpfs/scratch1/shared/scur0511/probe4physics/artifacts/features/mvp/ltx_video_ltxv_13b_0_9_8_distilled/train-val-test/7a044c58a91d3409
[features.mvp] using compatible legacy cache: expected_signature=b8e742eb048177da actual_signature=7a044c58a91d3409 cache_dir=/gpfs/scratch1/shared/scur0511/probe4physics/artifacts/features/mvp/ltx_video_ltxv_13b_0_9_8_distilled/train-val-test/7a044c58a91d3409
[features.mvp] using compatible legacy cache: expected_signature=b8e742eb048177da actual_signature=7a044c58a91d3409 cache_dir=/gpfs/scratch1/shared/scur0511/probe4physics/artifacts/features/mvp/ltx_video_ltxv_13b_0_9_8_distilled/train-val-test/7a044c58a91d3409
[features.mvp] using compatible legacy cache: expected_signature=b8e742eb048177da actual_signature=7a044c58a91d3409 cache_dir=/gpfs/scratch1/shared/scur0511/probe4physics/artifacts/features/mvp/ltx_video_ltxv_13b_0_9_8_distilled/train-val-test/7a044c58a91d3409
[features.mvp] using compatible legacy cache: expected_signature=b8e742eb048177da actual_signature=7a044c58a91d3409 cache_dir=/gpfs/scratch1/shared/scur0511/probe4physics/artifacts/features/mvp/ltx_video_ltxv_13b_0_9_8_distilled/train-val-test/7a044c58a91d3409
[features.mvp] using compatible legacy cache: expected_signature=b8e742eb048177da actual_signature=7a044c58a91d3409 cache_dir=/gpfs/scratch1/shared/scur0511/probe4physics/artifacts/features/mvp/ltx_video_ltxv_13b_0_9_8_distilled/train-val-test/7a044c58a91d3409
[features.mvp] using compatible legacy cache: expected_signature=b8e742eb048177da actual_signature=7a044c58a91d3409 cache_dir=/gpfs/scratch1/shared/scur0511/probe4physics/artifacts/features/mvp/ltx_video_ltxv_13b_0_9_8_distilled/train-val-test/7a044c58a91d3409
[features.mvp] using compatible legacy cache: expected_signature=b8e742eb048177da actual_signature=7a044c58a91d3409 cache_dir=/gpfs/scratch1/shared/scur0511/probe4physics/artifacts/features/mvp/ltx_video_ltxv_13b_0_9_8_distilled/train-val-test/7a044c58a91d3409
[features.mvp] using compatible legacy cache: expected_signature=b8e742eb048177da actual_signature=7a044c58a91d3409 cache_dir=/gpfs/scratch1/shared/scur0511/probe4physics/artifacts/features/mvp/ltx_video_ltxv_13b_0_9_8_distilled/train-val-test/7a044c58a91d3409
[features.mvp] using compatible legacy cache: expected_signature=b8e742eb048177da actual_signature=7a044c58a91d3409 cache_dir=/gpfs/scratch1/shared/scur0511/probe4physics/artifacts/features/mvp/ltx_video_ltxv_13b_0_9_8_distilled/train-val-test/7a044c58a91d3409
[features.mvp] using compatible legacy cache: expected_signature=b8e742eb048177da actual_signature=7a044c58a91d3409 cache_dir=/gpfs/scratch1/shared/scur0511/probe4physics/artifacts/features/mvp/ltx_video_ltxv_13b_0_9_8_distilled/train-val-test/7a044c58a91d3409
[features.mvp] using compatible legacy cache: expected_signature=b8e742eb048177da actual_signature=7a044c58a91d3409 cache_dir=/gpfs/scratch1/shared/scur0511/probe4physics/artifacts/features/mvp/ltx_video_ltxv_13b_0_9_8_distilled/train-val-test/7a044c58a91d3409
[features.mvp] using compatible legacy cache: expected_signature=b8e742eb048177da actual_signature=7a044c58a91d3409 cache_dir=/gpfs/scratch1/shared/scur0511/probe4physics/artifacts/features/mvp/ltx_video_ltxv_13b_0_9_8_distilled/train-val-test/7a044c58a91d3409
[features.mvp] using compatible legacy cache: expected_signature=b8e742eb048177da actual_signature=7a044c58a91d3409 cache_dir=/gpfs/scratch1/shared/scur0511/probe4physics/artifacts/features/mvp/ltx_video_ltxv_13b_0_9_8_distilled/train-val-test/7a044c58a91d3409
[features.mvp] using compatible legacy cache: expected_signature=b8e742eb048177da actual_signature=7a044c58a91d3409 cache_dir=/gpfs/scratch1/shared/scur0511/probe4physics/artifacts/features/mvp/ltx_video_ltxv_13b_0_9_8_distilled/train-val-test/7a044c58a91d3409
[features.mvp] using compatible legacy cache: expected_signature=b8e742eb048177da actual_signature=7a044c58a91d3409 cache_dir=/gpfs/scratch1/shared/scur0511/probe4physics/artifacts/features/mvp/ltx_video_ltxv_13b_0_9_8_distilled/train-val-test/7a044c58a91d3409
[features.mvp] using compatible legacy cache: expected_signature=b8e742eb048177da actual_signature=7a044c58a91d3409 cache_dir=/gpfs/scratch1/shared/scur0511/probe4physics/artifacts/features/mvp/ltx_video_ltxv_13b_0_9_8_distilled/train-val-test/7a044c58a91d3409
[features.mvp] using compatible legacy cache: expected_signature=b8e742eb048177da actual_signature=7a044c58a91d3409 cache_dir=/gpfs/scratch1/shared/scur0511/probe4physics/artifacts/features/mvp/ltx_video_ltxv_13b_0_9_8_distilled/train-val-test/7a044c58a91d3409
[features.mvp] using compatible legacy cache: expected_signature=b8e742eb048177da actual_signature=7a044c58a91d3409 cache_dir=/gpfs/scratch1/shared/scur0511/probe4physics/artifacts/features/mvp/ltx_video_ltxv_13b_0_9_8_distilled/train-val-test/7a044c58a91d3409
[features.mvp] using compatible legacy cache: expected_signature=b8e742eb048177da actual_signature=7a044c58a91d3409 cache_dir=/gpfs/scratch1/shared/scur0511/probe4physics/artifacts/features/mvp/ltx_video_ltxv_13b_0_9_8_distilled/train-val-test/7a044c58a91d3409
[features.mvp] using compatible legacy cache: expected_signature=b8e742eb048177da actual_signature=7a044c58a91d3409 cache_dir=/gpfs/scratch1/shared/scur0511/probe4physics/artifacts/features/mvp/ltx_video_ltxv_13b_0_9_8_distilled/train-val-test/7a044c58a91d3409
[features.mvp] using compatible legacy cache: expected_signature=b8e742eb048177da actual_signature=7a044c58a91d3409 cache_dir=/gpfs/scratch1/shared/scur0511/probe4physics/artifacts/features/mvp/ltx_video_ltxv_13b_0_9_8_distilled/train-val-test/7a044c58a91d3409
[features.mvp] using compatible legacy cache: expected_signature=b8e742eb048177da actual_signature=7a044c58a91d3409 cache_dir=/gpfs/scratch1/shared/scur0511/probe4physics/artifacts/features/mvp/ltx_video_ltxv_13b_0_9_8_distilled/train-val-test/7a044c58a91d3409
[features.mvp] using compatible legacy cache: expected_signature=b8e742eb048177da actual_signature=7a044c58a91d3409 cache_dir=/gpfs/scratch1/shared/scur0511/probe4physics/artifacts/features/mvp/ltx_video_ltxv_13b_0_9_8_distilled/train-val-test/7a044c58a91d3409
[features.mvp] using compatible legacy cache: expected_signature=b8e742eb048177da actual_signature=7a044c58a91d3409 cache_dir=/gpfs/scratch1/shared/scur0511/probe4physics/artifacts/features/mvp/ltx_video_ltxv_13b_0_9_8_distilled/train-val-test/7a044c58a91d3409
[features.mvp] using compatible legacy cache: expected_signature=b8e742eb048177da actual_signature=7a044c58a91d3409 cache_dir=/gpfs/scratch1/shared/scur0511/probe4physics/artifacts/features/mvp/ltx_video_ltxv_13b_0_9_8_distilled/train-val-test/7a044c58a91d3409
[features.mvp] using compatible legacy cache: expected_signature=b8e742eb048177da actual_signature=7a044c58a91d3409 cache_dir=/gpfs/scratch1/shared/scur0511/probe4physics/artifacts/features/mvp/ltx_video_ltxv_13b_0_9_8_distilled/train-val-test/7a044c58a91d3409
[features.mvp] using compatible legacy cache: expected_signature=b8e742eb048177da actual_signature=7a044c58a91d3409 cache_dir=/gpfs/scratch1/shared/scur0511/probe4physics/artifacts/features/mvp/ltx_video_ltxv_13b_0_9_8_distilled/train-val-test/7a044c58a91d3409
[features.mvp] using compatible legacy cache: expected_signature=b8e742eb048177da actual_signature=7a044c58a91d3409 cache_dir=/gpfs/scratch1/shared/scur0511/probe4physics/artifacts/features/mvp/ltx_video_ltxv_13b_0_9_8_distilled/train-val-test/7a044c58a91d3409
[features.mvp] using compatible legacy cache: expected_signature=b8e742eb048177da actual_signature=7a044c58a91d3409 cache_dir=/gpfs/scratch1/shared/scur0511/probe4physics/artifacts/features/mvp/ltx_video_ltxv_13b_0_9_8_distilled/train-val-test/7a044c58a91d3409
[features.mvp] using compatible legacy cache: expected_signature=b8e742eb048177da actual_signature=7a044c58a91d3409 cache_dir=/gpfs/scratch1/shared/scur0511/probe4physics/artifacts/features/mvp/ltx_video_ltxv_13b_0_9_8_distilled/train-val-test/7a044c58a91d3409
[features.mvp] using compatible legacy cache: expected_signature=b8e742eb048177da actual_signature=7a044c58a91d3409 cache_dir=/gpfs/scratch1/shared/scur0511/probe4physics/artifacts/features/mvp/ltx_video_ltxv_13b_0_9_8_distilled/train-val-test/7a044c58a91d3409
[features.mvp] using compatible legacy cache: expected_signature=b8e742eb048177da actual_signature=7a044c58a91d3409 cache_dir=/gpfs/scratch1/shared/scur0511/probe4physics/artifacts/features/mvp/ltx_video_ltxv_13b_0_9_8_distilled/train-val-test/7a044c58a91d3409
[features.mvp] using compatible legacy cache: expected_signature=b8e742eb048177da actual_signature=7a044c58a91d3409 cache_dir=/gpfs/scratch1/shared/scur0511/probe4physics/artifacts/features/mvp/ltx_video_ltxv_13b_0_9_8_distilled/train-val-test/7a044c58a91d3409
[features.mvp] using compatible legacy cache: expected_signature=b8e742eb048177da actual_signature=7a044c58a91d3409 cache_dir=/gpfs/scratch1/shared/scur0511/probe4physics/artifacts/features/mvp/ltx_video_ltxv_13b_0_9_8_distilled/train-val-test/7a044c58a91d3409
[features.mvp] using compatible legacy cache: expected_signature=b8e742eb048177da actual_signature=7a044c58a91d3409 cache_dir=/gpfs/scratch1/shared/scur0511/probe4physics/artifacts/features/mvp/ltx_video_ltxv_13b_0_9_8_distilled/train-val-test/7a044c58a91d3409
[features.mvp] using compatible legacy cache: expected_signature=b8e742eb048177da actual_signature=7a044c58a91d3409 cache_dir=/gpfs/scratch1/shared/scur0511/probe4physics/artifacts/features/mvp/ltx_video_ltxv_13b_0_9_8_distilled/train-val-test/7a044c58a91d3409
[features.mvp] using compatible legacy cache: expected_signature=b8e742eb048177da actual_signature=7a044c58a91d3409 cache_dir=/gpfs/scratch1/shared/scur0511/probe4physics/artifacts/features/mvp/ltx_video_ltxv_13b_0_9_8_distilled/train-val-test/7a044c58a91d3409
[features.mvp] using compatible legacy cache: expected_signature=b8e742eb048177da actual_signature=7a044c58a91d3409 cache_dir=/gpfs/scratch1/shared/scur0511/probe4physics/artifacts/features/mvp/ltx_video_ltxv_13b_0_9_8_distilled/train-val-test/7a044c58a91d3409
[features.mvp] using compatible legacy cache: expected_signature=b8e742eb048177da actual_signature=7a044c58a91d3409 cache_dir=/gpfs/scratch1/shared/scur0511/probe4physics/artifacts/features/mvp/ltx_video_ltxv_13b_0_9_8_distilled/train-val-test/7a044c58a91d3409
[features.mvp] using compatible legacy cache: expected_signature=b8e742eb048177da actual_signature=7a044c58a91d3409 cache_dir=/gpfs/scratch1/shared/scur0511/probe4physics/artifacts/features/mvp/ltx_video_ltxv_13b_0_9_8_distilled/train-val-test/7a044c58a91d3409
[features.mvp] using compatible legacy cache: expected_signature=b8e742eb048177da actual_signature=7a044c58a91d3409 cache_dir=/gpfs/scratch1/shared/scur0511/probe4physics/artifacts/features/mvp/ltx_video_ltxv_13b_0_9_8_distilled/train-val-test/7a044c58a91d3409
[features.mvp] using compatible legacy cache: expected_signature=b8e742eb048177da actual_signature=7a044c58a91d3409 cache_dir=/gpfs/scratch1/shared/scur0511/probe4physics/artifacts/features/mvp/ltx_video_ltxv_13b_0_9_8_distilled/train-val-test/7a044c58a91d3409
[features.mvp] using compatible legacy cache: expected_signature=b8e742eb048177da actual_signature=7a044c58a91d3409 cache_dir=/gpfs/scratch1/shared/scur0511/probe4physics/artifacts/features/mvp/ltx_video_ltxv_13b_0_9_8_distilled/train-val-test/7a044c58a91d3409
[features.mvp] using compatible legacy cache: expected_signature=b8e742eb048177da actual_signature=7a044c58a91d3409 cache_dir=/gpfs/scratch1/shared/scur0511/probe4physics/artifacts/features/mvp/ltx_video_ltxv_13b_0_9_8_distilled/train-val-test/7a044c58a91d3409
[features.mvp] using compatible legacy cache: expected_signature=b8e742eb048177da actual_signature=7a044c58a91d3409 cache_dir=/gpfs/scratch1/shared/scur0511/probe4physics/artifacts/features/mvp/ltx_video_ltxv_13b_0_9_8_distilled/train-val-test/7a044c58a91d3409
[features.mvp] using compatible legacy cache: expected_signature=b8e742eb048177da actual_signature=7a044c58a91d3409 cache_dir=/gpfs/scratch1/shared/scur0511/probe4physics/artifacts/features/mvp/ltx_video_ltxv_13b_0_9_8_distilled/train-val-test/7a044c58a91d3409
[features.mvp] using compatible legacy cache: expected_signature=b8e742eb048177da actual_signature=7a044c58a91d3409 cache_dir=/gpfs/scratch1/shared/scur0511/probe4physics/artifacts/features/mvp/ltx_video_ltxv_13b_0_9_8_distilled/train-val-test/7a044c58a91d3409
[features.mvp] using compatible legacy cache: expected_signature=b8e742eb048177da actual_signature=7a044c58a91d3409 cache_dir=/gpfs/scratch1/shared/scur0511/probe4physics/artifacts/features/mvp/ltx_video_ltxv_13b_0_9_8_distilled/train-val-test/7a044c58a91d3409
[features.mvp] using compatible legacy cache: expected_signature=b8e742eb048177da actual_signature=7a044c58a91d3409 cache_dir=/gpfs/scratch1/shared/scur0511/probe4physics/artifacts/features/mvp/ltx_video_ltxv_13b_0_9_8_distilled/train-val-test/7a044c58a91d3409
[features.mvp] using compatible legacy cache: expected_signature=b8e742eb048177da actual_signature=7a044c58a91d3409 cache_dir=/gpfs/scratch1/shared/scur0511/probe4physics/artifacts/features/mvp/ltx_video_ltxv_13b_0_9_8_distilled/train-val-test/7a044c58a91d3409
[features.mvp] using compatible legacy cache: expected_signature=b8e742eb048177da actual_signature=7a044c58a91d3409 cache_dir=/gpfs/scratch1/shared/scur0511/probe4physics/artifacts/features/mvp/ltx_video_ltxv_13b_0_9_8_distilled/train-val-test/7a044c58a91d3409
[features.mvp] using compatible legacy cache: expected_signature=b8e742eb048177da actual_signature=7a044c58a91d3409 cache_dir=/gpfs/scratch1/shared/scur0511/probe4physics/artifacts/features/mvp/ltx_video_ltxv_13b_0_9_8_distilled/train-val-test/7a044c58a91d3409
[features.mvp] using compatible legacy cache: expected_signature=b8e742eb048177da actual_signature=7a044c58a91d3409 cache_dir=/gpfs/scratch1/shared/scur0511/probe4physics/artifacts/features/mvp/ltx_video_ltxv_13b_0_9_8_distilled/train-val-test/7a044c58a91d3409
[features.mvp] using compatible legacy cache: expected_signature=b8e742eb048177da actual_signature=7a044c58a91d3409 cache_dir=/gpfs/scratch1/shared/scur0511/probe4physics/artifacts/features/mvp/ltx_video_ltxv_13b_0_9_8_distilled/train-val-test/7a044c58a91d3409
[features.mvp] using compatible legacy cache: expected_signature=b8e742eb048177da actual_signature=7a044c58a91d3409 cache_dir=/gpfs/scratch1/shared/scur0511/probe4physics/artifacts/features/mvp/ltx_video_ltxv_13b_0_9_8_distilled/train-val-test/7a044c58a91d3409
[features.mvp] using compatible legacy cache: expected_signature=b8e742eb048177da actual_signature=7a044c58a91d3409 cache_dir=/gpfs/scratch1/shared/scur0511/probe4physics/artifacts/features/mvp/ltx_video_ltxv_13b_0_9_8_distilled/train-val-test/7a044c58a91d3409
[features.mvp] using compatible legacy cache: expected_signature=b8e742eb048177da actual_signature=7a044c58a91d3409 cache_dir=/gpfs/scratch1/shared/scur0511/probe4physics/artifacts/features/mvp/ltx_video_ltxv_13b_0_9_8_distilled/train-val-test/7a044c58a91d3409
[features.mvp] using compatible legacy cache: expected_signature=b8e742eb048177da actual_signature=7a044c58a91d3409 cache_dir=/gpfs/scratch1/shared/scur0511/probe4physics/artifacts/features/mvp/ltx_video_ltxv_13b_0_9_8_distilled/train-val-test/7a044c58a91d3409
[features.mvp] using compatible legacy cache: expected_signature=b8e742eb048177da actual_signature=7a044c58a91d3409 cache_dir=/gpfs/scratch1/shared/scur0511/probe4physics/artifacts/features/mvp/ltx_video_ltxv_13b_0_9_8_distilled/train-val-test/7a044c58a91d3409
[features.mvp] using compatible legacy cache: expected_signature=b8e742eb048177da actual_signature=7a044c58a91d3409 cache_dir=/gpfs/scratch1/shared/scur0511/probe4physics/artifacts/features/mvp/ltx_video_ltxv_13b_0_9_8_distilled/train-val-test/7a044c58a91d3409
[features.mvp] using compatible legacy cache: expected_signature=b8e742eb048177da actual_signature=7a044c58a91d3409 cache_dir=/gpfs/scratch1/shared/scur0511/probe4physics/artifacts/features/mvp/ltx_video_ltxv_13b_0_9_8_distilled/train-val-test/7a044c58a91d3409
[features.mvp] using compatible legacy cache: expected_signature=b8e742eb048177da actual_signature=7a044c58a91d3409 cache_dir=/gpfs/scratch1/shared/scur0511/probe4physics/artifacts/features/mvp/ltx_video_ltxv_13b_0_9_8_distilled/train-val-test/7a044c58a91d3409
[features.mvp] using compatible legacy cache: expected_signature=b8e742eb048177da actual_signature=7a044c58a91d3409 cache_dir=/gpfs/scratch1/shared/scur0511/probe4physics/artifacts/features/mvp/ltx_video_ltxv_13b_0_9_8_distilled/train-val-test/7a044c58a91d3409
[features.mvp] using compatible legacy cache: expected_signature=b8e742eb048177da actual_signature=7a044c58a91d3409 cache_dir=/gpfs/scratch1/shared/scur0511/probe4physics/artifacts/features/mvp/ltx_video_ltxv_13b_0_9_8_distilled/train-val-test/7a044c58a91d3409
[features.mvp] using compatible legacy cache: expected_signature=b8e742eb048177da actual_signature=7a044c58a91d3409 cache_dir=/gpfs/scratch1/shared/scur0511/probe4physics/artifacts/features/mvp/ltx_video_ltxv_13b_0_9_8_distilled/train-val-test/7a044c58a91d3409
[features.mvp] using compatible legacy cache: expected_signature=b8e742eb048177da actual_signature=7a044c58a91d3409 cache_dir=/gpfs/scratch1/shared/scur0511/probe4physics/artifacts/features/mvp/ltx_video_ltxv_13b_0_9_8_distilled/train-val-test/7a044c58a91d3409
[features.mvp] using compatible legacy cache: expected_signature=b8e742eb048177da actual_signature=7a044c58a91d3409 cache_dir=/gpfs/scratch1/shared/scur0511/probe4physics/artifacts/features/mvp/ltx_video_ltxv_13b_0_9_8_distilled/train-val-test/7a044c58a91d3409
[features.mvp] using compatible legacy cache: expected_signature=b8e742eb048177da actual_signature=7a044c58a91d3409 cache_dir=/gpfs/scratch1/shared/scur0511/probe4physics/artifacts/features/mvp/ltx_video_ltxv_13b_0_9_8_distilled/train-val-test/7a044c58a91d3409
[features.mvp] using compatible legacy cache: expected_signature=b8e742eb048177da actual_signature=7a044c58a91d3409 cache_dir=/gpfs/scratch1/shared/scur0511/probe4physics/artifacts/features/mvp/ltx_video_ltxv_13b_0_9_8_distilled/train-val-test/7a044c58a91d3409
[features.mvp] using compatible legacy cache: expected_signature=b8e742eb048177da actual_signature=7a044c58a91d3409 cache_dir=/gpfs/scratch1/shared/scur0511/probe4physics/artifacts/features/mvp/ltx_video_ltxv_13b_0_9_8_distilled/train-val-test/7a044c58a91d3409
[features.mvp] using compatible legacy cache: expected_signature=b8e742eb048177da actual_signature=7a044c58a91d3409 cache_dir=/gpfs/scratch1/shared/scur0511/probe4physics/artifacts/features/mvp/ltx_video_ltxv_13b_0_9_8_distilled/train-val-test/7a044c58a91d3409
[features.mvp] using compatible legacy cache: expected_signature=b8e742eb048177da actual_signature=7a044c58a91d3409 cache_dir=/gpfs/scratch1/shared/scur0511/probe4physics/artifacts/features/mvp/ltx_video_ltxv_13b_0_9_8_distilled/train-val-test/7a044c58a91d3409
[features.mvp] using compatible legacy cache: expected_signature=b8e742eb048177da actual_signature=7a044c58a91d3409 cache_dir=/gpfs/scratch1/shared/scur0511/probe4physics/artifacts/features/mvp/ltx_video_ltxv_13b_0_9_8_distilled/train-val-test/7a044c58a91d3409
[features.mvp] using compatible legacy cache: expected_signature=b8e742eb048177da actual_signature=7a044c58a91d3409 cache_dir=/gpfs/scratch1/shared/scur0511/probe4physics/artifacts/features/mvp/ltx_video_ltxv_13b_0_9_8_distilled/train-val-test/7a044c58a91d3409
[features.mvp] using compatible legacy cache: expected_signature=b8e742eb048177da actual_signature=7a044c58a91d3409 cache_dir=/gpfs/scratch1/shared/scur0511/probe4physics/artifacts/features/mvp/ltx_video_ltxv_13b_0_9_8_distilled/train-val-test/7a044c58a91d3409
[features.mvp] using compatible legacy cache: expected_signature=b8e742eb048177da actual_signature=7a044c58a91d3409 cache_dir=/gpfs/scratch1/shared/scur0511/probe4physics/artifacts/features/mvp/ltx_video_ltxv_13b_0_9_8_distilled/train-val-test/7a044c58a91d3409
[features.mvp] using compatible legacy cache: expected_signature=b8e742eb048177da actual_signature=7a044c58a91d3409 cache_dir=/gpfs/scratch1/shared/scur0511/probe4physics/artifacts/features/mvp/ltx_video_ltxv_13b_0_9_8_distilled/train-val-test/7a044c58a91d3409
[features.mvp] using compatible legacy cache: expected_signature=b8e742eb048177da actual_signature=7a044c58a91d3409 cache_dir=/gpfs/scratch1/shared/scur0511/probe4physics/artifacts/features/mvp/ltx_video_ltxv_13b_0_9_8_distilled/train-val-test/7a044c58a91d3409
[features.mvp] using compatible legacy cache: expected_signature=b8e742eb048177da actual_signature=7a044c58a91d3409 cache_dir=/gpfs/scratch1/shared/scur0511/probe4physics/artifacts/features/mvp/ltx_video_ltxv_13b_0_9_8_distilled/train-val-test/7a044c58a91d3409
[features.mvp] using compatible legacy cache: expected_signature=b8e742eb048177da actual_signature=7a044c58a91d3409 cache_dir=/gpfs/scratch1/shared/scur0511/probe4physics/artifacts/features/mvp/ltx_video_ltxv_13b_0_9_8_distilled/train-val-test/7a044c58a91d3409
[features.mvp] using compatible legacy cache: expected_signature=b8e742eb048177da actual_signature=7a044c58a91d3409 cache_dir=/gpfs/scratch1/shared/scur0511/probe4physics/artifacts/features/mvp/ltx_video_ltxv_13b_0_9_8_distilled/train-val-test/7a044c58a91d3409
[features.mvp] using compatible legacy cache: expected_signature=b8e742eb048177da actual_signature=7a044c58a91d3409 cache_dir=/gpfs/scratch1/shared/scur0511/probe4physics/artifacts/features/mvp/ltx_video_ltxv_13b_0_9_8_distilled/train-val-test/7a044c58a91d3409
[features.mvp] using compatible legacy cache: expected_signature=b8e742eb048177da actual_signature=7a044c58a91d3409 cache_dir=/gpfs/scratch1/shared/scur0511/probe4physics/artifacts/features/mvp/ltx_video_ltxv_13b_0_9_8_distilled/train-val-test/7a044c58a91d3409
[features.mvp] using compatible legacy cache: expected_signature=b8e742eb048177da actual_signature=7a044c58a91d3409 cache_dir=/gpfs/scratch1/shared/scur0511/probe4physics/artifacts/features/mvp/ltx_video_ltxv_13b_0_9_8_distilled/train-val-test/7a044c58a91d3409
[features.mvp] using compatible legacy cache: expected_signature=b8e742eb048177da actual_signature=7a044c58a91d3409 cache_dir=/gpfs/scratch1/shared/scur0511/probe4physics/artifacts/features/mvp/ltx_video_ltxv_13b_0_9_8_distilled/train-val-test/7a044c58a91d3409
[features.mvp] using compatible legacy cache: expected_signature=b8e742eb048177da actual_signature=7a044c58a91d3409 cache_dir=/gpfs/scratch1/shared/scur0511/probe4physics/artifacts/features/mvp/ltx_video_ltxv_13b_0_9_8_distilled/train-val-test/7a044c58a91d3409
[features.mvp] using compatible legacy cache: expected_signature=b8e742eb048177da actual_signature=7a044c58a91d3409 cache_dir=/gpfs/scratch1/shared/scur0511/probe4physics/artifacts/features/mvp/ltx_video_ltxv_13b_0_9_8_distilled/train-val-test/7a044c58a91d3409
[features.mvp] using compatible legacy cache: expected_signature=b8e742eb048177da actual_signature=7a044c58a91d3409 cache_dir=/gpfs/scratch1/shared/scur0511/probe4physics/artifacts/features/mvp/ltx_video_ltxv_13b_0_9_8_distilled/train-val-test/7a044c58a91d3409
[features.mvp] using compatible legacy cache: expected_signature=b8e742eb048177da actual_signature=7a044c58a91d3409 cache_dir=/gpfs/scratch1/shared/scur0511/probe4physics/artifacts/features/mvp/ltx_video_ltxv_13b_0_9_8_distilled/train-val-test/7a044c58a91d3409
[features.mvp] using compatible legacy cache: expected_signature=b8e742eb048177da actual_signature=7a044c58a91d3409 cache_dir=/gpfs/scratch1/shared/scur0511/probe4physics/artifacts/features/mvp/ltx_video_ltxv_13b_0_9_8_distilled/train-val-test/7a044c58a91d3409
[features.mvp] using compatible legacy cache: expected_signature=b8e742eb048177da actual_signature=7a044c58a91d3409 cache_dir=/gpfs/scratch1/shared/scur0511/probe4physics/artifacts/features/mvp/ltx_video_ltxv_13b_0_9_8_distilled/train-val-test/7a044c58a91d3409
[features.mvp] using compatible legacy cache: expected_signature=b8e742eb048177da actual_signature=7a044c58a91d3409 cache_dir=/gpfs/scratch1/shared/scur0511/probe4physics/artifacts/features/mvp/ltx_video_ltxv_13b_0_9_8_distilled/train-val-test/7a044c58a91d3409
[features.mvp] using compatible legacy cache: expected_signature=b8e742eb048177da actual_signature=7a044c58a91d3409 cache_dir=/gpfs/scratch1/shared/scur0511/probe4physics/artifacts/features/mvp/ltx_video_ltxv_13b_0_9_8_distilled/train-val-test/7a044c58a91d3409
[features.mvp] using compatible legacy cache: expected_signature=b8e742eb048177da actual_signature=7a044c58a91d3409 cache_dir=/gpfs/scratch1/shared/scur0511/probe4physics/artifacts/features/mvp/ltx_video_ltxv_13b_0_9_8_distilled/train-val-test/7a044c58a91d3409
[features.mvp] using compatible legacy cache: expected_signature=b8e742eb048177da actual_signature=7a044c58a91d3409 cache_dir=/gpfs/scratch1/shared/scur0511/probe4physics/artifacts/features/mvp/ltx_video_ltxv_13b_0_9_8_distilled/train-val-test/7a044c58a91d3409
[features.mvp] using compatible legacy cache: expected_signature=b8e742eb048177da actual_signature=7a044c58a91d3409 cache_dir=/gpfs/scratch1/shared/scur0511/probe4physics/artifacts/features/mvp/ltx_video_ltxv_13b_0_9_8_distilled/train-val-test/7a044c58a91d3409
[features.mvp] using compatible legacy cache: expected_signature=b8e742eb048177da actual_signature=7a044c58a91d3409 cache_dir=/gpfs/scratch1/shared/scur0511/probe4physics/artifacts/features/mvp/ltx_video_ltxv_13b_0_9_8_distilled/train-val-test/7a044c58a91d3409
[features.mvp] using compatible legacy cache: expected_signature=b8e742eb048177da actual_signature=7a044c58a91d3409 cache_dir=/gpfs/scratch1/shared/scur0511/probe4physics/artifacts/features/mvp/ltx_video_ltxv_13b_0_9_8_distilled/train-val-test/7a044c58a91d3409
[features.mvp] using compatible legacy cache: expected_signature=b8e742eb048177da actual_signature=7a044c58a91d3409 cache_dir=/gpfs/scratch1/shared/scur0511/probe4physics/artifacts/features/mvp/ltx_video_ltxv_13b_0_9_8_distilled/train-val-test/7a044c58a91d3409
[features.mvp] using compatible legacy cache: expected_signature=b8e742eb048177da actual_signature=7a044c58a91d3409 cache_dir=/gpfs/scratch1/shared/scur0511/probe4physics/artifacts/features/mvp/ltx_video_ltxv_13b_0_9_8_distilled/train-val-test/7a044c58a91d3409
[features.mvp] using compatible legacy cache: expected_signature=b8e742eb048177da actual_signature=7a044c58a91d3409 cache_dir=/gpfs/scratch1/shared/scur0511/probe4physics/artifacts/features/mvp/ltx_video_ltxv_13b_0_9_8_distilled/train-val-test/7a044c58a91d3409
[features.mvp] using compatible legacy cache: expected_signature=b8e742eb048177da actual_signature=7a044c58a91d3409 cache_dir=/gpfs/scratch1/shared/scur0511/probe4physics/artifacts/features/mvp/ltx_video_ltxv_13b_0_9_8_distilled/train-val-test/7a044c58a91d3409
[features.mvp] using compatible legacy cache: expected_signature=b8e742eb048177da actual_signature=7a044c58a91d3409 cache_dir=/gpfs/scratch1/shared/scur0511/probe4physics/artifacts/features/mvp/ltx_video_ltxv_13b_0_9_8_distilled/train-val-test/7a044c58a91d3409
[features.mvp] using compatible legacy cache: expected_signature=b8e742eb048177da actual_signature=7a044c58a91d3409 cache_dir=/gpfs/scratch1/shared/scur0511/probe4physics/artifacts/features/mvp/ltx_video_ltxv_13b_0_9_8_distilled/train-val-test/7a044c58a91d3409
[features.mvp] using compatible legacy cache: expected_signature=b8e742eb048177da actual_signature=7a044c58a91d3409 cache_dir=/gpfs/scratch1/shared/scur0511/probe4physics/artifacts/features/mvp/ltx_video_ltxv_13b_0_9_8_distilled/train-val-test/7a044c58a91d3409
[features.mvp] using compatible legacy cache: expected_signature=b8e742eb048177da actual_signature=7a044c58a91d3409 cache_dir=/gpfs/scratch1/shared/scur0511/probe4physics/artifacts/features/mvp/ltx_video_ltxv_13b_0_9_8_distilled/train-val-test/7a044c58a91d3409
[features.mvp] using compatible legacy cache: expected_signature=b8e742eb048177da actual_signature=7a044c58a91d3409 cache_dir=/gpfs/scratch1/shared/scur0511/probe4physics/artifacts/features/mvp/ltx_video_ltxv_13b_0_9_8_distilled/train-val-test/7a044c58a91d3409
[features.mvp] using compatible legacy cache: expected_signature=b8e742eb048177da actual_signature=7a044c58a91d3409 cache_dir=/gpfs/scratch1/shared/scur0511/probe4physics/artifacts/features/mvp/ltx_video_ltxv_13b_0_9_8_distilled/train-val-test/7a044c58a91d3409
[features.mvp] using compatible legacy cache: expected_signature=b8e742eb048177da actual_signature=7a044c58a91d3409 cache_dir=/gpfs/scratch1/shared/scur0511/probe4physics/artifacts/features/mvp/ltx_video_ltxv_13b_0_9_8_distilled/train-val-test/7a044c58a91d3409
[features.mvp] using compatible legacy cache: expected_signature=b8e742eb048177da actual_signature=7a044c58a91d3409 cache_dir=/gpfs/scratch1/shared/scur0511/probe4physics/artifacts/features/mvp/ltx_video_ltxv_13b_0_9_8_distilled/train-val-test/7a044c58a91d3409
[features.mvp] using compatible legacy cache: expected_signature=b8e742eb048177da actual_signature=7a044c58a91d3409 cache_dir=/gpfs/scratch1/shared/scur0511/probe4physics/artifacts/features/mvp/ltx_video_ltxv_13b_0_9_8_distilled/train-val-test/7a044c58a91d3409
[features.mvp] using compatible legacy cache: expected_signature=b8e742eb048177da actual_signature=7a044c58a91d3409 cache_dir=/gpfs/scratch1/shared/scur0511/probe4physics/artifacts/features/mvp/ltx_video_ltxv_13b_0_9_8_distilled/train-val-test/7a044c58a91d3409
[features.mvp] using compatible legacy cache: expected_signature=b8e742eb048177da actual_signature=7a044c58a91d3409 cache_dir=/gpfs/scratch1/shared/scur0511/probe4physics/artifacts/features/mvp/ltx_video_ltxv_13b_0_9_8_distilled/train-val-test/7a044c58a91d3409
[features.mvp] using compatible legacy cache: expected_signature=b8e742eb048177da actual_signature=7a044c58a91d3409 cache_dir=/gpfs/scratch1/shared/scur0511/probe4physics/artifacts/features/mvp/ltx_video_ltxv_13b_0_9_8_distilled/train-val-test/7a044c58a91d3409
[features.mvp] using compatible legacy cache: expected_signature=b8e742eb048177da actual_signature=7a044c58a91d3409 cache_dir=/gpfs/scratch1/shared/scur0511/probe4physics/artifacts/features/mvp/ltx_video_ltxv_13b_0_9_8_distilled/train-val-test/7a044c58a91d3409
[features.mvp] using compatible legacy cache: expected_signature=b8e742eb048177da actual_signature=7a044c58a91d3409 cache_dir=/gpfs/scratch1/shared/scur0511/probe4physics/artifacts/features/mvp/ltx_video_ltxv_13b_0_9_8_distilled/train-val-test/7a044c58a91d3409
[features.mvp] using compatible legacy cache: expected_signature=b8e742eb048177da actual_signature=7a044c58a91d3409 cache_dir=/gpfs/scratch1/shared/scur0511/probe4physics/artifacts/features/mvp/ltx_video_ltxv_13b_0_9_8_distilled/train-val-test/7a044c58a91d3409
[features.mvp] using compatible legacy cache: expected_signature=b8e742eb048177da actual_signature=7a044c58a91d3409 cache_dir=/gpfs/scratch1/shared/scur0511/probe4physics/artifacts/features/mvp/ltx_video_ltxv_13b_0_9_8_distilled/train-val-test/7a044c58a91d3409
[features.mvp] using compatible legacy cache: expected_signature=b8e742eb048177da actual_signature=7a044c58a91d3409 cache_dir=/gpfs/scratch1/shared/scur0511/probe4physics/artifacts/features/mvp/ltx_video_ltxv_13b_0_9_8_distilled/train-val-test/7a044c58a91d3409
[features.mvp] using compatible legacy cache: expected_signature=b8e742eb048177da actual_signature=7a044c58a91d3409 cache_dir=/gpfs/scratch1/shared/scur0511/probe4physics/artifacts/features/mvp/ltx_video_ltxv_13b_0_9_8_distilled/train-val-test/7a044c58a91d3409
[features.mvp] using compatible legacy cache: expected_signature=b8e742eb048177da actual_signature=7a044c58a91d3409 cache_dir=/gpfs/scratch1/shared/scur0511/probe4physics/artifacts/features/mvp/ltx_video_ltxv_13b_0_9_8_distilled/train-val-test/7a044c58a91d3409
[features.mvp] using compatible legacy cache: expected_signature=b8e742eb048177da actual_signature=7a044c58a91d3409 cache_dir=/gpfs/scratch1/shared/scur0511/probe4physics/artifacts/features/mvp/ltx_video_ltxv_13b_0_9_8_distilled/train-val-test/7a044c58a91d3409
[features.mvp] using compatible legacy cache: expected_signature=b8e742eb048177da actual_signature=7a044c58a91d3409 cache_dir=/gpfs/scratch1/shared/scur0511/probe4physics/artifacts/features/mvp/ltx_video_ltxv_13b_0_9_8_distilled/train-val-test/7a044c58a91d3409
[features.mvp] using compatible legacy cache: expected_signature=b8e742eb048177da actual_signature=7a044c58a91d3409 cache_dir=/gpfs/scratch1/shared/scur0511/probe4physics/artifacts/features/mvp/ltx_video_ltxv_13b_0_9_8_distilled/train-val-test/7a044c58a91d3409
[features.mvp] using compatible legacy cache: expected_signature=b8e742eb048177da actual_signature=7a044c58a91d3409 cache_dir=/gpfs/scratch1/shared/scur0511/probe4physics/artifacts/features/mvp/ltx_video_ltxv_13b_0_9_8_distilled/train-val-test/7a044c58a91d3409
[features.mvp] using compatible legacy cache: expected_signature=b8e742eb048177da actual_signature=7a044c58a91d3409 cache_dir=/gpfs/scratch1/shared/scur0511/probe4physics/artifacts/features/mvp/ltx_video_ltxv_13b_0_9_8_distilled/train-val-test/7a044c58a91d3409
[features.mvp] using compatible legacy cache: expected_signature=b8e742eb048177da actual_signature=7a044c58a91d3409 cache_dir=/gpfs/scratch1/shared/scur0511/probe4physics/artifacts/features/mvp/ltx_video_ltxv_13b_0_9_8_distilled/train-val-test/7a044c58a91d3409
[features.mvp] using compatible legacy cache: expected_signature=b8e742eb048177da actual_signature=7a044c58a91d3409 cache_dir=/gpfs/scratch1/shared/scur0511/probe4physics/artifacts/features/mvp/ltx_video_ltxv_13b_0_9_8_distilled/train-val-test/7a044c58a91d3409
[features.mvp] using compatible legacy cache: expected_signature=b8e742eb048177da actual_signature=7a044c58a91d3409 cache_dir=/gpfs/scratch1/shared/scur0511/probe4physics/artifacts/features/mvp/ltx_video_ltxv_13b_0_9_8_distilled/train-val-test/7a044c58a91d3409
[features.mvp] using compatible legacy cache: expected_signature=b8e742eb048177da actual_signature=7a044c58a91d3409 cache_dir=/gpfs/scratch1/shared/scur0511/probe4physics/artifacts/features/mvp/ltx_video_ltxv_13b_0_9_8_distilled/train-val-test/7a044c58a91d3409
[features.mvp] using compatible legacy cache: expected_signature=b8e742eb048177da actual_signature=7a044c58a91d3409 cache_dir=/gpfs/scratch1/shared/scur0511/probe4physics/artifacts/features/mvp/ltx_video_ltxv_13b_0_9_8_distilled/train-val-test/7a044c58a91d3409
[features.mvp] using compatible legacy cache: expected_signature=b8e742eb048177da actual_signature=7a044c58a91d3409 cache_dir=/gpfs/scratch1/shared/scur0511/probe4physics/artifacts/features/mvp/ltx_video_ltxv_13b_0_9_8_distilled/train-val-test/7a044c58a91d3409
[features.mvp] using compatible legacy cache: expected_signature=b8e742eb048177da actual_signature=7a044c58a91d3409 cache_dir=/gpfs/scratch1/shared/scur0511/probe4physics/artifacts/features/mvp/ltx_video_ltxv_13b_0_9_8_distilled/train-val-test/7a044c58a91d3409
[features.mvp] using compatible legacy cache: expected_signature=b8e742eb048177da actual_signature=7a044c58a91d3409 cache_dir=/gpfs/scratch1/shared/scur0511/probe4physics/artifacts/features/mvp/ltx_video_ltxv_13b_0_9_8_distilled/train-val-test/7a044c58a91d3409
[features.mvp] using compatible legacy cache: expected_signature=b8e742eb048177da actual_signature=7a044c58a91d3409 cache_dir=/gpfs/scratch1/shared/scur0511/probe4physics/artifacts/features/mvp/ltx_video_ltxv_13b_0_9_8_distilled/train-val-test/7a044c58a91d3409
[features.mvp] using compatible legacy cache: expected_signature=b8e742eb048177da actual_signature=7a044c58a91d3409 cache_dir=/gpfs/scratch1/shared/scur0511/probe4physics/artifacts/features/mvp/ltx_video_ltxv_13b_0_9_8_distilled/train-val-test/7a044c58a91d3409
[features.mvp] using compatible legacy cache: expected_signature=b8e742eb048177da actual_signature=7a044c58a91d3409 cache_dir=/gpfs/scratch1/shared/scur0511/probe4physics/artifacts/features/mvp/ltx_video_ltxv_13b_0_9_8_distilled/train-val-test/7a044c58a91d3409
[features.mvp] using compatible legacy cache: expected_signature=b8e742eb048177da actual_signature=7a044c58a91d3409 cache_dir=/gpfs/scratch1/shared/scur0511/probe4physics/artifacts/features/mvp/ltx_video_ltxv_13b_0_9_8_distilled/train-val-test/7a044c58a91d3409
[features.mvp] using compatible legacy cache: expected_signature=b8e742eb048177da actual_signature=7a044c58a91d3409 cache_dir=/gpfs/scratch1/shared/scur0511/probe4physics/artifacts/features/mvp/ltx_video_ltxv_13b_0_9_8_distilled/train-val-test/7a044c58a91d3409
[features.mvp] using compatible legacy cache: expected_signature=b8e742eb048177da actual_signature=7a044c58a91d3409 cache_dir=/gpfs/scratch1/shared/scur0511/probe4physics/artifacts/features/mvp/ltx_video_ltxv_13b_0_9_8_distilled/train-val-test/7a044c58a91d3409
[features.mvp] using compatible legacy cache: expected_signature=b8e742eb048177da actual_signature=7a044c58a91d3409 cache_dir=/gpfs/scratch1/shared/scur0511/probe4physics/artifacts/features/mvp/ltx_video_ltxv_13b_0_9_8_distilled/train-val-test/7a044c58a91d3409
[features.mvp] using compatible legacy cache: expected_signature=b8e742eb048177da actual_signature=7a044c58a91d3409 cache_dir=/gpfs/scratch1/shared/scur0511/probe4physics/artifacts/features/mvp/ltx_video_ltxv_13b_0_9_8_distilled/train-val-test/7a044c58a91d3409
[features.mvp] using compatible legacy cache: expected_signature=b8e742eb048177da actual_signature=7a044c58a91d3409 cache_dir=/gpfs/scratch1/shared/scur0511/probe4physics/artifacts/features/mvp/ltx_video_ltxv_13b_0_9_8_distilled/train-val-test/7a044c58a91d3409
[features.mvp] using compatible legacy cache: expected_signature=b8e742eb048177da actual_signature=7a044c58a91d3409 cache_dir=/gpfs/scratch1/shared/scur0511/probe4physics/artifacts/features/mvp/ltx_video_ltxv_13b_0_9_8_distilled/train-val-test/7a044c58a91d3409
[features.mvp] using compatible legacy cache: expected_signature=b8e742eb048177da actual_signature=7a044c58a91d3409 cache_dir=/gpfs/scratch1/shared/scur0511/probe4physics/artifacts/features/mvp/ltx_video_ltxv_13b_0_9_8_distilled/train-val-test/7a044c58a91d3409
[features.mvp] using compatible legacy cache: expected_signature=b8e742eb048177da actual_signature=7a044c58a91d3409 cache_dir=/gpfs/scratch1/shared/scur0511/probe4physics/artifacts/features/mvp/ltx_video_ltxv_13b_0_9_8_distilled/train-val-test/7a044c58a91d3409
[features.mvp] using compatible legacy cache: expected_signature=b8e742eb048177da actual_signature=7a044c58a91d3409 cache_dir=/gpfs/scratch1/shared/scur0511/probe4physics/artifacts/features/mvp/ltx_video_ltxv_13b_0_9_8_distilled/train-val-test/7a044c58a91d3409
[features.mvp] using compatible legacy cache: expected_signature=b8e742eb048177da actual_signature=7a044c58a91d3409 cache_dir=/gpfs/scratch1/shared/scur0511/probe4physics/artifacts/features/mvp/ltx_video_ltxv_13b_0_9_8_distilled/train-val-test/7a044c58a91d3409
[features.mvp] using compatible legacy cache: expected_signature=b8e742eb048177da actual_signature=7a044c58a91d3409 cache_dir=/gpfs/scratch1/shared/scur0511/probe4physics/artifacts/features/mvp/ltx_video_ltxv_13b_0_9_8_distilled/train-val-test/7a044c58a91d3409
[features.mvp] using compatible legacy cache: expected_signature=b8e742eb048177da actual_signature=7a044c58a91d3409 cache_dir=/gpfs/scratch1/shared/scur0511/probe4physics/artifacts/features/mvp/ltx_video_ltxv_13b_0_9_8_distilled/train-val-test/7a044c58a91d3409
[features.mvp] using compatible legacy cache: expected_signature=b8e742eb048177da actual_signature=7a044c58a91d3409 cache_dir=/gpfs/scratch1/shared/scur0511/probe4physics/artifacts/features/mvp/ltx_video_ltxv_13b_0_9_8_distilled/train-val-test/7a044c58a91d3409
[features.mvp] using compatible legacy cache: expected_signature=b8e742eb048177da actual_signature=7a044c58a91d3409 cache_dir=/gpfs/scratch1/shared/scur0511/probe4physics/artifacts/features/mvp/ltx_video_ltxv_13b_0_9_8_distilled/train-val-test/7a044c58a91d3409
[features.mvp] using compatible legacy cache: expected_signature=b8e742eb048177da actual_signature=7a044c58a91d3409 cache_dir=/gpfs/scratch1/shared/scur0511/probe4physics/artifacts/features/mvp/ltx_video_ltxv_13b_0_9_8_distilled/train-val-test/7a044c58a91d3409
[features.mvp] using compatible legacy cache: expected_signature=b8e742eb048177da actual_signature=7a044c58a91d3409 cache_dir=/gpfs/scratch1/shared/scur0511/probe4physics/artifacts/features/mvp/ltx_video_ltxv_13b_0_9_8_distilled/train-val-test/7a044c58a91d3409
[features.mvp] using compatible legacy cache: expected_signature=b8e742eb048177da actual_signature=7a044c58a91d3409 cache_dir=/gpfs/scratch1/shared/scur0511/probe4physics/artifacts/features/mvp/ltx_video_ltxv_13b_0_9_8_distilled/train-val-test/7a044c58a91d3409
[features.mvp] using compatible legacy cache: expected_signature=b8e742eb048177da actual_signature=7a044c58a91d3409 cache_dir=/gpfs/scratch1/shared/scur0511/probe4physics/artifacts/features/mvp/ltx_video_ltxv_13b_0_9_8_distilled/train-val-test/7a044c58a91d3409
[features.mvp] using compatible legacy cache: expected_signature=b8e742eb048177da actual_signature=7a044c58a91d3409 cache_dir=/gpfs/scratch1/shared/scur0511/probe4physics/artifacts/features/mvp/ltx_video_ltxv_13b_0_9_8_distilled/train-val-test/7a044c58a91d3409
[features.mvp] using compatible legacy cache: expected_signature=b8e742eb048177da actual_signature=7a044c58a91d3409 cache_dir=/gpfs/scratch1/shared/scur0511/probe4physics/artifacts/features/mvp/ltx_video_ltxv_13b_0_9_8_distilled/train-val-test/7a044c58a91d3409
[features.mvp] using compatible legacy cache: expected_signature=b8e742eb048177da actual_signature=7a044c58a91d3409 cache_dir=/gpfs/scratch1/shared/scur0511/probe4physics/artifacts/features/mvp/ltx_video_ltxv_13b_0_9_8_distilled/train-val-test/7a044c58a91d3409
[features.mvp] using compatible legacy cache: expected_signature=b8e742eb048177da actual_signature=7a044c58a91d3409 cache_dir=/gpfs/scratch1/shared/scur0511/probe4physics/artifacts/features/mvp/ltx_video_ltxv_13b_0_9_8_distilled/train-val-test/7a044c58a91d3409
[features.mvp] using compatible legacy cache: expected_signature=b8e742eb048177da actual_signature=7a044c58a91d3409 cache_dir=/gpfs/scratch1/shared/scur0511/probe4physics/artifacts/features/mvp/ltx_video_ltxv_13b_0_9_8_distilled/train-val-test/7a044c58a91d3409
[features.mvp] using compatible legacy cache: expected_signature=b8e742eb048177da actual_signature=7a044c58a91d3409 cache_dir=/gpfs/scratch1/shared/scur0511/probe4physics/artifacts/features/mvp/ltx_video_ltxv_13b_0_9_8_distilled/train-val-test/7a044c58a91d3409
[features.mvp] using compatible legacy cache: expected_signature=b8e742eb048177da actual_signature=7a044c58a91d3409 cache_dir=/gpfs/scratch1/shared/scur0511/probe4physics/artifacts/features/mvp/ltx_video_ltxv_13b_0_9_8_distilled/train-val-test/7a044c58a91d3409
[features.mvp] using compatible legacy cache: expected_signature=b8e742eb048177da actual_signature=7a044c58a91d3409 cache_dir=/gpfs/scratch1/shared/scur0511/probe4physics/artifacts/features/mvp/ltx_video_ltxv_13b_0_9_8_distilled/train-val-test/7a044c58a91d3409
[features.mvp] using compatible legacy cache: expected_signature=b8e742eb048177da actual_signature=7a044c58a91d3409 cache_dir=/gpfs/scratch1/shared/scur0511/probe4physics/artifacts/features/mvp/ltx_video_ltxv_13b_0_9_8_distilled/train-val-test/7a044c58a91d3409
[features.mvp] using compatible legacy cache: expected_signature=b8e742eb048177da actual_signature=7a044c58a91d3409 cache_dir=/gpfs/scratch1/shared/scur0511/probe4physics/artifacts/features/mvp/ltx_video_ltxv_13b_0_9_8_distilled/train-val-test/7a044c58a91d3409
[features.mvp] using compatible legacy cache: expected_signature=b8e742eb048177da actual_signature=7a044c58a91d3409 cache_dir=/gpfs/scratch1/shared/scur0511/probe4physics/artifacts/features/mvp/ltx_video_ltxv_13b_0_9_8_distilled/train-val-test/7a044c58a91d3409
[features.mvp] using compatible legacy cache: expected_signature=b8e742eb048177da actual_signature=7a044c58a91d3409 cache_dir=/gpfs/scratch1/shared/scur0511/probe4physics/artifacts/features/mvp/ltx_video_ltxv_13b_0_9_8_distilled/train-val-test/7a044c58a91d3409
[features.mvp] using compatible legacy cache: expected_signature=b8e742eb048177da actual_signature=7a044c58a91d3409 cache_dir=/gpfs/scratch1/shared/scur0511/probe4physics/artifacts/features/mvp/ltx_video_ltxv_13b_0_9_8_distilled/train-val-test/7a044c58a91d3409
[features.mvp] using compatible legacy cache: expected_signature=b8e742eb048177da actual_signature=7a044c58a91d3409 cache_dir=/gpfs/scratch1/shared/scur0511/probe4physics/artifacts/features/mvp/ltx_video_ltxv_13b_0_9_8_distilled/train-val-test/7a044c58a91d3409
[features.mvp] using compatible legacy cache: expected_signature=b8e742eb048177da actual_signature=7a044c58a91d3409 cache_dir=/gpfs/scratch1/shared/scur0511/probe4physics/artifacts/features/mvp/ltx_video_ltxv_13b_0_9_8_distilled/train-val-test/7a044c58a91d3409
[features.mvp] using compatible legacy cache: expected_signature=b8e742eb048177da actual_signature=7a044c58a91d3409 cache_dir=/gpfs/scratch1/shared/scur0511/probe4physics/artifacts/features/mvp/ltx_video_ltxv_13b_0_9_8_distilled/train-val-test/7a044c58a91d3409
[features.mvp] using compatible legacy cache: expected_signature=b8e742eb048177da actual_signature=7a044c58a91d3409 cache_dir=/gpfs/scratch1/shared/scur0511/probe4physics/artifacts/features/mvp/ltx_video_ltxv_13b_0_9_8_distilled/train-val-test/7a044c58a91d3409
[features.mvp] using compatible legacy cache: expected_signature=b8e742eb048177da actual_signature=7a044c58a91d3409 cache_dir=/gpfs/scratch1/shared/scur0511/probe4physics/artifacts/features/mvp/ltx_video_ltxv_13b_0_9_8_distilled/train-val-test/7a044c58a91d3409
[features.mvp] using compatible legacy cache: expected_signature=b8e742eb048177da actual_signature=7a044c58a91d3409 cache_dir=/gpfs/scratch1/shared/scur0511/probe4physics/artifacts/features/mvp/ltx_video_ltxv_13b_0_9_8_distilled/train-val-test/7a044c58a91d3409
[features.mvp] using compatible legacy cache: expected_signature=b8e742eb048177da actual_signature=7a044c58a91d3409 cache_dir=/gpfs/scratch1/shared/scur0511/probe4physics/artifacts/features/mvp/ltx_video_ltxv_13b_0_9_8_distilled/train-val-test/7a044c58a91d3409
[features.mvp] using compatible legacy cache: expected_signature=b8e742eb048177da actual_signature=7a044c58a91d3409 cache_dir=/gpfs/scratch1/shared/scur0511/probe4physics/artifacts/features/mvp/ltx_video_ltxv_13b_0_9_8_distilled/train-val-test/7a044c58a91d3409
[features.mvp] using compatible legacy cache: expected_signature=b8e742eb048177da actual_signature=7a044c58a91d3409 cache_dir=/gpfs/scratch1/shared/scur0511/probe4physics/artifacts/features/mvp/ltx_video_ltxv_13b_0_9_8_distilled/train-val-test/7a044c58a91d3409
[features.mvp] using compatible legacy cache: expected_signature=b8e742eb048177da actual_signature=7a044c58a91d3409 cache_dir=/gpfs/scratch1/shared/scur0511/probe4physics/artifacts/features/mvp/ltx_video_ltxv_13b_0_9_8_distilled/train-val-test/7a044c58a91d3409
[features.mvp] using compatible legacy cache: expected_signature=b8e742eb048177da actual_signature=7a044c58a91d3409 cache_dir=/gpfs/scratch1/shared/scur0511/probe4physics/artifacts/features/mvp/ltx_video_ltxv_13b_0_9_8_distilled/train-val-test/7a044c58a91d3409
[features.mvp] using compatible legacy cache: expected_signature=b8e742eb048177da actual_signature=7a044c58a91d3409 cache_dir=/gpfs/scratch1/shared/scur0511/probe4physics/artifacts/features/mvp/ltx_video_ltxv_13b_0_9_8_distilled/train-val-test/7a044c58a91d3409
[features.mvp] using compatible legacy cache: expected_signature=b8e742eb048177da actual_signature=7a044c58a91d3409 cache_dir=/gpfs/scratch1/shared/scur0511/probe4physics/artifacts/features/mvp/ltx_video_ltxv_13b_0_9_8_distilled/train-val-test/7a044c58a91d3409
[features.mvp] using compatible legacy cache: expected_signature=b8e742eb048177da actual_signature=7a044c58a91d3409 cache_dir=/gpfs/scratch1/shared/scur0511/probe4physics/artifacts/features/mvp/ltx_video_ltxv_13b_0_9_8_distilled/train-val-test/7a044c58a91d3409
[features.mvp] using compatible legacy cache: expected_signature=b8e742eb048177da actual_signature=7a044c58a91d3409 cache_dir=/gpfs/scratch1/shared/scur0511/probe4physics/artifacts/features/mvp/ltx_video_ltxv_13b_0_9_8_distilled/train-val-test/7a044c58a91d3409
[features.mvp] using compatible legacy cache: expected_signature=b8e742eb048177da actual_signature=7a044c58a91d3409 cache_dir=/gpfs/scratch1/shared/scur0511/probe4physics/artifacts/features/mvp/ltx_video_ltxv_13b_0_9_8_distilled/train-val-test/7a044c58a91d3409
[features.mvp] using compatible legacy cache: expected_signature=b8e742eb048177da actual_signature=7a044c58a91d3409 cache_dir=/gpfs/scratch1/shared/scur0511/probe4physics/artifacts/features/mvp/ltx_video_ltxv_13b_0_9_8_distilled/train-val-test/7a044c58a91d3409
[features.mvp] using compatible legacy cache: expected_signature=b8e742eb048177da actual_signature=7a044c58a91d3409 cache_dir=/gpfs/scratch1/shared/scur0511/probe4physics/artifacts/features/mvp/ltx_video_ltxv_13b_0_9_8_distilled/train-val-test/7a044c58a91d3409
[features.mvp] using compatible legacy cache: expected_signature=b8e742eb048177da actual_signature=7a044c58a91d3409 cache_dir=/gpfs/scratch1/shared/scur0511/probe4physics/artifacts/features/mvp/ltx_video_ltxv_13b_0_9_8_distilled/train-val-test/7a044c58a91d3409
[features.mvp] using compatible legacy cache: expected_signature=b8e742eb048177da actual_signature=7a044c58a91d3409 cache_dir=/gpfs/scratch1/shared/scur0511/probe4physics/artifacts/features/mvp/ltx_video_ltxv_13b_0_9_8_distilled/train-val-test/7a044c58a91d3409
[features.mvp] using compatible legacy cache: expected_signature=b8e742eb048177da actual_signature=7a044c58a91d3409 cache_dir=/gpfs/scratch1/shared/scur0511/probe4physics/artifacts/features/mvp/ltx_video_ltxv_13b_0_9_8_distilled/train-val-test/7a044c58a91d3409
[features.mvp] using compatible legacy cache: expected_signature=b8e742eb048177da actual_signature=7a044c58a91d3409 cache_dir=/gpfs/scratch1/shared/scur0511/probe4physics/artifacts/features/mvp/ltx_video_ltxv_13b_0_9_8_distilled/train-val-test/7a044c58a91d3409
[features.mvp] using compatible legacy cache: expected_signature=b8e742eb048177da actual_signature=7a044c58a91d3409 cache_dir=/gpfs/scratch1/shared/scur0511/probe4physics/artifacts/features/mvp/ltx_video_ltxv_13b_0_9_8_distilled/train-val-test/7a044c58a91d3409
[features.mvp] using compatible legacy cache: expected_signature=b8e742eb048177da actual_signature=7a044c58a91d3409 cache_dir=/gpfs/scratch1/shared/scur0511/probe4physics/artifacts/features/mvp/ltx_video_ltxv_13b_0_9_8_distilled/train-val-test/7a044c58a91d3409
[features.mvp] using compatible legacy cache: expected_signature=b8e742eb048177da actual_signature=7a044c58a91d3409 cache_dir=/gpfs/scratch1/shared/scur0511/probe4physics/artifacts/features/mvp/ltx_video_ltxv_13b_0_9_8_distilled/train-val-test/7a044c58a91d3409
[features.mvp] using compatible legacy cache: expected_signature=b8e742eb048177da actual_signature=7a044c58a91d3409 cache_dir=/gpfs/scratch1/shared/scur0511/probe4physics/artifacts/features/mvp/ltx_video_ltxv_13b_0_9_8_distilled/train-val-test/7a044c58a91d3409
[features.mvp] using compatible legacy cache: expected_signature=b8e742eb048177da actual_signature=7a044c58a91d3409 cache_dir=/gpfs/scratch1/shared/scur0511/probe4physics/artifacts/features/mvp/ltx_video_ltxv_13b_0_9_8_distilled/train-val-test/7a044c58a91d3409
[features.mvp] using compatible legacy cache: expected_signature=b8e742eb048177da actual_signature=7a044c58a91d3409 cache_dir=/gpfs/scratch1/shared/scur0511/probe4physics/artifacts/features/mvp/ltx_video_ltxv_13b_0_9_8_distilled/train-val-test/7a044c58a91d3409
[features.mvp] using compatible legacy cache: expected_signature=b8e742eb048177da actual_signature=7a044c58a91d3409 cache_dir=/gpfs/scratch1/shared/scur0511/probe4physics/artifacts/features/mvp/ltx_video_ltxv_13b_0_9_8_distilled/train-val-test/7a044c58a91d3409
[features.mvp] using compatible legacy cache: expected_signature=b8e742eb048177da actual_signature=7a044c58a91d3409 cache_dir=/gpfs/scratch1/shared/scur0511/probe4physics/artifacts/features/mvp/ltx_video_ltxv_13b_0_9_8_distilled/train-val-test/7a044c58a91d3409
[features.mvp] using compatible legacy cache: expected_signature=b8e742eb048177da actual_signature=7a044c58a91d3409 cache_dir=/gpfs/scratch1/shared/scur0511/probe4physics/artifacts/features/mvp/ltx_video_ltxv_13b_0_9_8_distilled/train-val-test/7a044c58a91d3409
[features.mvp] using compatible legacy cache: expected_signature=b8e742eb048177da actual_signature=7a044c58a91d3409 cache_dir=/gpfs/scratch1/shared/scur0511/probe4physics/artifacts/features/mvp/ltx_video_ltxv_13b_0_9_8_distilled/train-val-test/7a044c58a91d3409
[features.mvp] using compatible legacy cache: expected_signature=b8e742eb048177da actual_signature=7a044c58a91d3409 cache_dir=/gpfs/scratch1/shared/scur0511/probe4physics/artifacts/features/mvp/ltx_video_ltxv_13b_0_9_8_distilled/train-val-test/7a044c58a91d3409
[features.mvp] using compatible legacy cache: expected_signature=b8e742eb048177da actual_signature=7a044c58a91d3409 cache_dir=/gpfs/scratch1/shared/scur0511/probe4physics/artifacts/features/mvp/ltx_video_ltxv_13b_0_9_8_distilled/train-val-test/7a044c58a91d3409
[features.mvp] using compatible legacy cache: expected_signature=b8e742eb048177da actual_signature=7a044c58a91d3409 cache_dir=/gpfs/scratch1/shared/scur0511/probe4physics/artifacts/features/mvp/ltx_video_ltxv_13b_0_9_8_distilled/train-val-test/7a044c58a91d3409
[features.mvp] using compatible legacy cache: expected_signature=b8e742eb048177da actual_signature=7a044c58a91d3409 cache_dir=/gpfs/scratch1/shared/scur0511/probe4physics/artifacts/features/mvp/ltx_video_ltxv_13b_0_9_8_distilled/train-val-test/7a044c58a91d3409
[features.mvp] using compatible legacy cache: expected_signature=b8e742eb048177da actual_signature=7a044c58a91d3409 cache_dir=/gpfs/scratch1/shared/scur0511/probe4physics/artifacts/features/mvp/ltx_video_ltxv_13b_0_9_8_distilled/train-val-test/7a044c58a91d3409
[features.mvp] using compatible legacy cache: expected_signature=b8e742eb048177da actual_signature=7a044c58a91d3409 cache_dir=/gpfs/scratch1/shared/scur0511/probe4physics/artifacts/features/mvp/ltx_video_ltxv_13b_0_9_8_distilled/train-val-test/7a044c58a91d3409
[features.mvp] using compatible legacy cache: expected_signature=b8e742eb048177da actual_signature=7a044c58a91d3409 cache_dir=/gpfs/scratch1/shared/scur0511/probe4physics/artifacts/features/mvp/ltx_video_ltxv_13b_0_9_8_distilled/train-val-test/7a044c58a91d3409
[features.mvp] using compatible legacy cache: expected_signature=b8e742eb048177da actual_signature=7a044c58a91d3409 cache_dir=/gpfs/scratch1/shared/scur0511/probe4physics/artifacts/features/mvp/ltx_video_ltxv_13b_0_9_8_distilled/train-val-test/7a044c58a91d3409
[features.mvp] using compatible legacy cache: expected_signature=b8e742eb048177da actual_signature=7a044c58a91d3409 cache_dir=/gpfs/scratch1/shared/scur0511/probe4physics/artifacts/features/mvp/ltx_video_ltxv_13b_0_9_8_distilled/train-val-test/7a044c58a91d3409
[features.mvp] using compatible legacy cache: expected_signature=b8e742eb048177da actual_signature=7a044c58a91d3409 cache_dir=/gpfs/scratch1/shared/scur0511/probe4physics/artifacts/features/mvp/ltx_video_ltxv_13b_0_9_8_distilled/train-val-test/7a044c58a91d3409
[features.mvp] using compatible legacy cache: expected_signature=b8e742eb048177da actual_signature=7a044c58a91d3409 cache_dir=/gpfs/scratch1/shared/scur0511/probe4physics/artifacts/features/mvp/ltx_video_ltxv_13b_0_9_8_distilled/train-val-test/7a044c58a91d3409
[features.mvp] using compatible legacy cache: expected_signature=b8e742eb048177da actual_signature=7a044c58a91d3409 cache_dir=/gpfs/scratch1/shared/scur0511/probe4physics/artifacts/features/mvp/ltx_video_ltxv_13b_0_9_8_distilled/train-val-test/7a044c58a91d3409
[features.mvp] using compatible legacy cache: expected_signature=b8e742eb048177da actual_signature=7a044c58a91d3409 cache_dir=/gpfs/scratch1/shared/scur0511/probe4physics/artifacts/features/mvp/ltx_video_ltxv_13b_0_9_8_distilled/train-val-test/7a044c58a91d3409
[features.mvp] using compatible legacy cache: expected_signature=b8e742eb048177da actual_signature=7a044c58a91d3409 cache_dir=/gpfs/scratch1/shared/scur0511/probe4physics/artifacts/features/mvp/ltx_video_ltxv_13b_0_9_8_distilled/train-val-test/7a044c58a91d3409
[features.mvp] using compatible legacy cache: expected_signature=b8e742eb048177da actual_signature=7a044c58a91d3409 cache_dir=/gpfs/scratch1/shared/scur0511/probe4physics/artifacts/features/mvp/ltx_video_ltxv_13b_0_9_8_distilled/train-val-test/7a044c58a91d3409
[features.mvp] using compatible legacy cache: expected_signature=b8e742eb048177da actual_signature=7a044c58a91d3409 cache_dir=/gpfs/scratch1/shared/scur0511/probe4physics/artifacts/features/mvp/ltx_video_ltxv_13b_0_9_8_distilled/train-val-test/7a044c58a91d3409
[features.mvp] using compatible legacy cache: expected_signature=b8e742eb048177da actual_signature=7a044c58a91d3409 cache_dir=/gpfs/scratch1/shared/scur0511/probe4physics/artifacts/features/mvp/ltx_video_ltxv_13b_0_9_8_distilled/train-val-test/7a044c58a91d3409
[features.mvp] using compatible legacy cache: expected_signature=b8e742eb048177da actual_signature=7a044c58a91d3409 cache_dir=/gpfs/scratch1/shared/scur0511/probe4physics/artifacts/features/mvp/ltx_video_ltxv_13b_0_9_8_distilled/train-val-test/7a044c58a91d3409
[features.mvp] using compatible legacy cache: expected_signature=b8e742eb048177da actual_signature=7a044c58a91d3409 cache_dir=/gpfs/scratch1/shared/scur0511/probe4physics/artifacts/features/mvp/ltx_video_ltxv_13b_0_9_8_distilled/train-val-test/7a044c58a91d3409
[features.mvp] using compatible legacy cache: expected_signature=b8e742eb048177da actual_signature=7a044c58a91d3409 cache_dir=/gpfs/scratch1/shared/scur0511/probe4physics/artifacts/features/mvp/ltx_video_ltxv_13b_0_9_8_distilled/train-val-test/7a044c58a91d3409
[features.mvp] using compatible legacy cache: expected_signature=b8e742eb048177da actual_signature=7a044c58a91d3409 cache_dir=/gpfs/scratch1/shared/scur0511/probe4physics/artifacts/features/mvp/ltx_video_ltxv_13b_0_9_8_distilled/train-val-test/7a044c58a91d3409
[features.mvp] using compatible legacy cache: expected_signature=b8e742eb048177da actual_signature=7a044c58a91d3409 cache_dir=/gpfs/scratch1/shared/scur0511/probe4physics/artifacts/features/mvp/ltx_video_ltxv_13b_0_9_8_distilled/train-val-test/7a044c58a91d3409
[features.mvp] using compatible legacy cache: expected_signature=b8e742eb048177da actual_signature=7a044c58a91d3409 cache_dir=/gpfs/scratch1/shared/scur0511/probe4physics/artifacts/features/mvp/ltx_video_ltxv_13b_0_9_8_distilled/train-val-test/7a044c58a91d3409
[features.mvp] using compatible legacy cache: expected_signature=b8e742eb048177da actual_signature=7a044c58a91d3409 cache_dir=/gpfs/scratch1/shared/scur0511/probe4physics/artifacts/features/mvp/ltx_video_ltxv_13b_0_9_8_distilled/train-val-test/7a044c58a91d3409
[features.mvp] using compatible legacy cache: expected_signature=b8e742eb048177da actual_signature=7a044c58a91d3409 cache_dir=/gpfs/scratch1/shared/scur0511/probe4physics/artifacts/features/mvp/ltx_video_ltxv_13b_0_9_8_distilled/train-val-test/7a044c58a91d3409
[features.mvp] using compatible legacy cache: expected_signature=b8e742eb048177da actual_signature=7a044c58a91d3409 cache_dir=/gpfs/scratch1/shared/scur0511/probe4physics/artifacts/features/mvp/ltx_video_ltxv_13b_0_9_8_distilled/train-val-test/7a044c58a91d3409
[features.mvp] using compatible legacy cache: expected_signature=b8e742eb048177da actual_signature=7a044c58a91d3409 cache_dir=/gpfs/scratch1/shared/scur0511/probe4physics/artifacts/features/mvp/ltx_video_ltxv_13b_0_9_8_distilled/train-val-test/7a044c58a91d3409
[features.mvp] using compatible legacy cache: expected_signature=b8e742eb048177da actual_signature=7a044c58a91d3409 cache_dir=/gpfs/scratch1/shared/scur0511/probe4physics/artifacts/features/mvp/ltx_video_ltxv_13b_0_9_8_distilled/train-val-test/7a044c58a91d3409
[features.mvp] using compatible legacy cache: expected_signature=b8e742eb048177da actual_signature=7a044c58a91d3409 cache_dir=/gpfs/scratch1/shared/scur0511/probe4physics/artifacts/features/mvp/ltx_video_ltxv_13b_0_9_8_distilled/train-val-test/7a044c58a91d3409
[features.mvp] using compatible legacy cache: expected_signature=b8e742eb048177da actual_signature=7a044c58a91d3409 cache_dir=/gpfs/scratch1/shared/scur0511/probe4physics/artifacts/features/mvp/ltx_video_ltxv_13b_0_9_8_distilled/train-val-test/7a044c58a91d3409
[features.mvp] using compatible legacy cache: expected_signature=b8e742eb048177da actual_signature=7a044c58a91d3409 cache_dir=/gpfs/scratch1/shared/scur0511/probe4physics/artifacts/features/mvp/ltx_video_ltxv_13b_0_9_8_distilled/train-val-test/7a044c58a91d3409
[features.mvp] using compatible legacy cache: expected_signature=b8e742eb048177da actual_signature=7a044c58a91d3409 cache_dir=/gpfs/scratch1/shared/scur0511/probe4physics/artifacts/features/mvp/ltx_video_ltxv_13b_0_9_8_distilled/train-val-test/7a044c58a91d3409
[features.mvp] using compatible legacy cache: expected_signature=b8e742eb048177da actual_signature=7a044c58a91d3409 cache_dir=/gpfs/scratch1/shared/scur0511/probe4physics/artifacts/features/mvp/ltx_video_ltxv_13b_0_9_8_distilled/train-val-test/7a044c58a91d3409
[features.mvp] using compatible legacy cache: expected_signature=b8e742eb048177da actual_signature=7a044c58a91d3409 cache_dir=/gpfs/scratch1/shared/scur0511/probe4physics/artifacts/features/mvp/ltx_video_ltxv_13b_0_9_8_distilled/train-val-test/7a044c58a91d3409
[features.mvp] using compatible legacy cache: expected_signature=b8e742eb048177da actual_signature=7a044c58a91d3409 cache_dir=/gpfs/scratch1/shared/scur0511/probe4physics/artifacts/features/mvp/ltx_video_ltxv_13b_0_9_8_distilled/train-val-test/7a044c58a91d3409
[features.mvp] using compatible legacy cache: expected_signature=b8e742eb048177da actual_signature=7a044c58a91d3409 cache_dir=/gpfs/scratch1/shared/scur0511/probe4physics/artifacts/features/mvp/ltx_video_ltxv_13b_0_9_8_distilled/train-val-test/7a044c58a91d3409
[features.mvp] using compatible legacy cache: expected_signature=b8e742eb048177da actual_signature=7a044c58a91d3409 cache_dir=/gpfs/scratch1/shared/scur0511/probe4physics/artifacts/features/mvp/ltx_video_ltxv_13b_0_9_8_distilled/train-val-test/7a044c58a91d3409
[features.mvp] using compatible legacy cache: expected_signature=b8e742eb048177da actual_signature=7a044c58a91d3409 cache_dir=/gpfs/scratch1/shared/scur0511/probe4physics/artifacts/features/mvp/ltx_video_ltxv_13b_0_9_8_distilled/train-val-test/7a044c58a91d3409
[features.mvp] using compatible legacy cache: expected_signature=b8e742eb048177da actual_signature=7a044c58a91d3409 cache_dir=/gpfs/scratch1/shared/scur0511/probe4physics/artifacts/features/mvp/ltx_video_ltxv_13b_0_9_8_distilled/train-val-test/7a044c58a91d3409
[features.mvp] using compatible legacy cache: expected_signature=b8e742eb048177da actual_signature=7a044c58a91d3409 cache_dir=/gpfs/scratch1/shared/scur0511/probe4physics/artifacts/features/mvp/ltx_video_ltxv_13b_0_9_8_distilled/train-val-test/7a044c58a91d3409
[features.mvp] using compatible legacy cache: expected_signature=b8e742eb048177da actual_signature=7a044c58a91d3409 cache_dir=/gpfs/scratch1/shared/scur0511/probe4physics/artifacts/features/mvp/ltx_video_ltxv_13b_0_9_8_distilled/train-val-test/7a044c58a91d3409
[features.mvp] using compatible legacy cache: expected_signature=b8e742eb048177da actual_signature=7a044c58a91d3409 cache_dir=/gpfs/scratch1/shared/scur0511/probe4physics/artifacts/features/mvp/ltx_video_ltxv_13b_0_9_8_distilled/train-val-test/7a044c58a91d3409
[features.mvp] using compatible legacy cache: expected_signature=b8e742eb048177da actual_signature=7a044c58a91d3409 cache_dir=/gpfs/scratch1/shared/scur0511/probe4physics/artifacts/features/mvp/ltx_video_ltxv_13b_0_9_8_distilled/train-val-test/7a044c58a91d3409
[features.mvp] using compatible legacy cache: expected_signature=b8e742eb048177da actual_signature=7a044c58a91d3409 cache_dir=/gpfs/scratch1/shared/scur0511/probe4physics/artifacts/features/mvp/ltx_video_ltxv_13b_0_9_8_distilled/train-val-test/7a044c58a91d3409
[features.mvp] using compatible legacy cache: expected_signature=b8e742eb048177da actual_signature=7a044c58a91d3409 cache_dir=/gpfs/scratch1/shared/scur0511/probe4physics/artifacts/features/mvp/ltx_video_ltxv_13b_0_9_8_distilled/train-val-test/7a044c58a91d3409
[features.mvp] using compatible legacy cache: expected_signature=b8e742eb048177da actual_signature=7a044c58a91d3409 cache_dir=/gpfs/scratch1/shared/scur0511/probe4physics/artifacts/features/mvp/ltx_video_ltxv_13b_0_9_8_distilled/train-val-test/7a044c58a91d3409
[features.mvp] using compatible legacy cache: expected_signature=b8e742eb048177da actual_signature=7a044c58a91d3409 cache_dir=/gpfs/scratch1/shared/scur0511/probe4physics/artifacts/features/mvp/ltx_video_ltxv_13b_0_9_8_distilled/train-val-test/7a044c58a91d3409
[features.mvp] using compatible legacy cache: expected_signature=b8e742eb048177da actual_signature=7a044c58a91d3409 cache_dir=/gpfs/scratch1/shared/scur0511/probe4physics/artifacts/features/mvp/ltx_video_ltxv_13b_0_9_8_distilled/train-val-test/7a044c58a91d3409
[features.mvp] using compatible legacy cache: expected_signature=b8e742eb048177da actual_signature=7a044c58a91d3409 cache_dir=/gpfs/scratch1/shared/scur0511/probe4physics/artifacts/features/mvp/ltx_video_ltxv_13b_0_9_8_distilled/train-val-test/7a044c58a91d3409
[features.mvp] using compatible legacy cache: expected_signature=b8e742eb048177da actual_signature=7a044c58a91d3409 cache_dir=/gpfs/scratch1/shared/scur0511/probe4physics/artifacts/features/mvp/ltx_video_ltxv_13b_0_9_8_distilled/train-val-test/7a044c58a91d3409
[features.mvp] using compatible legacy cache: expected_signature=b8e742eb048177da actual_signature=7a044c58a91d3409 cache_dir=/gpfs/scratch1/shared/scur0511/probe4physics/artifacts/features/mvp/ltx_video_ltxv_13b_0_9_8_distilled/train-val-test/7a044c58a91d3409
[features.mvp] using compatible legacy cache: expected_signature=b8e742eb048177da actual_signature=7a044c58a91d3409 cache_dir=/gpfs/scratch1/shared/scur0511/probe4physics/artifacts/features/mvp/ltx_video_ltxv_13b_0_9_8_distilled/train-val-test/7a044c58a91d3409
[features.mvp] using compatible legacy cache: expected_signature=b8e742eb048177da actual_signature=7a044c58a91d3409 cache_dir=/gpfs/scratch1/shared/scur0511/probe4physics/artifacts/features/mvp/ltx_video_ltxv_13b_0_9_8_distilled/train-val-test/7a044c58a91d3409
[features.mvp] using compatible legacy cache: expected_signature=b8e742eb048177da actual_signature=7a044c58a91d3409 cache_dir=/gpfs/scratch1/shared/scur0511/probe4physics/artifacts/features/mvp/ltx_video_ltxv_13b_0_9_8_distilled/train-val-test/7a044c58a91d3409
[features.mvp] using compatible legacy cache: expected_signature=b8e742eb048177da actual_signature=7a044c58a91d3409 cache_dir=/gpfs/scratch1/shared/scur0511/probe4physics/artifacts/features/mvp/ltx_video_ltxv_13b_0_9_8_distilled/train-val-test/7a044c58a91d3409
[features.mvp] using compatible legacy cache: expected_signature=b8e742eb048177da actual_signature=7a044c58a91d3409 cache_dir=/gpfs/scratch1/shared/scur0511/probe4physics/artifacts/features/mvp/ltx_video_ltxv_13b_0_9_8_distilled/train-val-test/7a044c58a91d3409
[features.mvp] using compatible legacy cache: expected_signature=b8e742eb048177da actual_signature=7a044c58a91d3409 cache_dir=/gpfs/scratch1/shared/scur0511/probe4physics/artifacts/features/mvp/ltx_video_ltxv_13b_0_9_8_distilled/train-val-test/7a044c58a91d3409
[features.mvp] using compatible legacy cache: expected_signature=b8e742eb048177da actual_signature=7a044c58a91d3409 cache_dir=/gpfs/scratch1/shared/scur0511/probe4physics/artifacts/features/mvp/ltx_video_ltxv_13b_0_9_8_distilled/train-val-test/7a044c58a91d3409
[features.mvp] using compatible legacy cache: expected_signature=b8e742eb048177da actual_signature=7a044c58a91d3409 cache_dir=/gpfs/scratch1/shared/scur0511/probe4physics/artifacts/features/mvp/ltx_video_ltxv_13b_0_9_8_distilled/train-val-test/7a044c58a91d3409
[features.mvp] using compatible legacy cache: expected_signature=b8e742eb048177da actual_signature=7a044c58a91d3409 cache_dir=/gpfs/scratch1/shared/scur0511/probe4physics/artifacts/features/mvp/ltx_video_ltxv_13b_0_9_8_distilled/train-val-test/7a044c58a91d3409
[features.mvp] using compatible legacy cache: expected_signature=b8e742eb048177da actual_signature=7a044c58a91d3409 cache_dir=/gpfs/scratch1/shared/scur0511/probe4physics/artifacts/features/mvp/ltx_video_ltxv_13b_0_9_8_distilled/train-val-test/7a044c58a91d3409
[features.mvp] using compatible legacy cache: expected_signature=b8e742eb048177da actual_signature=7a044c58a91d3409 cache_dir=/gpfs/scratch1/shared/scur0511/probe4physics/artifacts/features/mvp/ltx_video_ltxv_13b_0_9_8_distilled/train-val-test/7a044c58a91d3409
[features.mvp] using compatible legacy cache: expected_signature=b8e742eb048177da actual_signature=7a044c58a91d3409 cache_dir=/gpfs/scratch1/shared/scur0511/probe4physics/artifacts/features/mvp/ltx_video_ltxv_13b_0_9_8_distilled/train-val-test/7a044c58a91d3409
[features.mvp] using compatible legacy cache: expected_signature=b8e742eb048177da actual_signature=7a044c58a91d3409 cache_dir=/gpfs/scratch1/shared/scur0511/probe4physics/artifacts/features/mvp/ltx_video_ltxv_13b_0_9_8_distilled/train-val-test/7a044c58a91d3409
[features.mvp] using compatible legacy cache: expected_signature=b8e742eb048177da actual_signature=7a044c58a91d3409 cache_dir=/gpfs/scratch1/shared/scur0511/probe4physics/artifacts/features/mvp/ltx_video_ltxv_13b_0_9_8_distilled/train-val-test/7a044c58a91d3409
[features.mvp] using compatible legacy cache: expected_signature=b8e742eb048177da actual_signature=7a044c58a91d3409 cache_dir=/gpfs/scratch1/shared/scur0511/probe4physics/artifacts/features/mvp/ltx_video_ltxv_13b_0_9_8_distilled/train-val-test/7a044c58a91d3409
[features.mvp] using compatible legacy cache: expected_signature=b8e742eb048177da actual_signature=7a044c58a91d3409 cache_dir=/gpfs/scratch1/shared/scur0511/probe4physics/artifacts/features/mvp/ltx_video_ltxv_13b_0_9_8_distilled/train-val-test/7a044c58a91d3409
[features.mvp] using compatible legacy cache: expected_signature=b8e742eb048177da actual_signature=7a044c58a91d3409 cache_dir=/gpfs/scratch1/shared/scur0511/probe4physics/artifacts/features/mvp/ltx_video_ltxv_13b_0_9_8_distilled/train-val-test/7a044c58a91d3409
[features.mvp] using compatible legacy cache: expected_signature=b8e742eb048177da actual_signature=7a044c58a91d3409 cache_dir=/gpfs/scratch1/shared/scur0511/probe4physics/artifacts/features/mvp/ltx_video_ltxv_13b_0_9_8_distilled/train-val-test/7a044c58a91d3409
[features.mvp] using compatible legacy cache: expected_signature=b8e742eb048177da actual_signature=7a044c58a91d3409 cache_dir=/gpfs/scratch1/shared/scur0511/probe4physics/artifacts/features/mvp/ltx_video_ltxv_13b_0_9_8_distilled/train-val-test/7a044c58a91d3409
[features.mvp] using compatible legacy cache: expected_signature=b8e742eb048177da actual_signature=7a044c58a91d3409 cache_dir=/gpfs/scratch1/shared/scur0511/probe4physics/artifacts/features/mvp/ltx_video_ltxv_13b_0_9_8_distilled/train-val-test/7a044c58a91d3409
[features.mvp] using compatible legacy cache: expected_signature=b8e742eb048177da actual_signature=7a044c58a91d3409 cache_dir=/gpfs/scratch1/shared/scur0511/probe4physics/artifacts/features/mvp/ltx_video_ltxv_13b_0_9_8_distilled/train-val-test/7a044c58a91d3409
[features.mvp] using compatible legacy cache: expected_signature=b8e742eb048177da actual_signature=7a044c58a91d3409 cache_dir=/gpfs/scratch1/shared/scur0511/probe4physics/artifacts/features/mvp/ltx_video_ltxv_13b_0_9_8_distilled/train-val-test/7a044c58a91d3409
[features.mvp] using compatible legacy cache: expected_signature=b8e742eb048177da actual_signature=7a044c58a91d3409 cache_dir=/gpfs/scratch1/shared/scur0511/probe4physics/artifacts/features/mvp/ltx_video_ltxv_13b_0_9_8_distilled/train-val-test/7a044c58a91d3409
[features.mvp] using compatible legacy cache: expected_signature=b8e742eb048177da actual_signature=7a044c58a91d3409 cache_dir=/gpfs/scratch1/shared/scur0511/probe4physics/artifacts/features/mvp/ltx_video_ltxv_13b_0_9_8_distilled/train-val-test/7a044c58a91d3409
[features.mvp] using compatible legacy cache: expected_signature=b8e742eb048177da actual_signature=7a044c58a91d3409 cache_dir=/gpfs/scratch1/shared/scur0511/probe4physics/artifacts/features/mvp/ltx_video_ltxv_13b_0_9_8_distilled/train-val-test/7a044c58a91d3409
[features.mvp] using compatible legacy cache: expected_signature=b8e742eb048177da actual_signature=7a044c58a91d3409 cache_dir=/gpfs/scratch1/shared/scur0511/probe4physics/artifacts/features/mvp/ltx_video_ltxv_13b_0_9_8_distilled/train-val-test/7a044c58a91d3409
[features.mvp] using compatible legacy cache: expected_signature=b8e742eb048177da actual_signature=7a044c58a91d3409 cache_dir=/gpfs/scratch1/shared/scur0511/probe4physics/artifacts/features/mvp/ltx_video_ltxv_13b_0_9_8_distilled/train-val-test/7a044c58a91d3409
[features.mvp] using compatible legacy cache: expected_signature=b8e742eb048177da actual_signature=7a044c58a91d3409 cache_dir=/gpfs/scratch1/shared/scur0511/probe4physics/artifacts/features/mvp/ltx_video_ltxv_13b_0_9_8_distilled/train-val-test/7a044c58a91d3409
[features.mvp] using compatible legacy cache: expected_signature=b8e742eb048177da actual_signature=7a044c58a91d3409 cache_dir=/gpfs/scratch1/shared/scur0511/probe4physics/artifacts/features/mvp/ltx_video_ltxv_13b_0_9_8_distilled/train-val-test/7a044c58a91d3409
[features.mvp] using compatible legacy cache: expected_signature=b8e742eb048177da actual_signature=7a044c58a91d3409 cache_dir=/gpfs/scratch1/shared/scur0511/probe4physics/artifacts/features/mvp/ltx_video_ltxv_13b_0_9_8_distilled/train-val-test/7a044c58a91d3409
[features.mvp] using compatible legacy cache: expected_signature=b8e742eb048177da actual_signature=7a044c58a91d3409 cache_dir=/gpfs/scratch1/shared/scur0511/probe4physics/artifacts/features/mvp/ltx_video_ltxv_13b_0_9_8_distilled/train-val-test/7a044c58a91d3409
[features.mvp] using compatible legacy cache: expected_signature=b8e742eb048177da actual_signature=7a044c58a91d3409 cache_dir=/gpfs/scratch1/shared/scur0511/probe4physics/artifacts/features/mvp/ltx_video_ltxv_13b_0_9_8_distilled/train-val-test/7a044c58a91d3409
[features.mvp] using compatible legacy cache: expected_signature=b8e742eb048177da actual_signature=7a044c58a91d3409 cache_dir=/gpfs/scratch1/shared/scur0511/probe4physics/artifacts/features/mvp/ltx_video_ltxv_13b_0_9_8_distilled/train-val-test/7a044c58a91d3409
[features.mvp] using compatible legacy cache: expected_signature=b8e742eb048177da actual_signature=7a044c58a91d3409 cache_dir=/gpfs/scratch1/shared/scur0511/probe4physics/artifacts/features/mvp/ltx_video_ltxv_13b_0_9_8_distilled/train-val-test/7a044c58a91d3409
[features.mvp] using compatible legacy cache: expected_signature=b8e742eb048177da actual_signature=7a044c58a91d3409 cache_dir=/gpfs/scratch1/shared/scur0511/probe4physics/artifacts/features/mvp/ltx_video_ltxv_13b_0_9_8_distilled/train-val-test/7a044c58a91d3409
[features.mvp] using compatible legacy cache: expected_signature=b8e742eb048177da actual_signature=7a044c58a91d3409 cache_dir=/gpfs/scratch1/shared/scur0511/probe4physics/artifacts/features/mvp/ltx_video_ltxv_13b_0_9_8_distilled/train-val-test/7a044c58a91d3409
[features.mvp] using compatible legacy cache: expected_signature=b8e742eb048177da actual_signature=7a044c58a91d3409 cache_dir=/gpfs/scratch1/shared/scur0511/probe4physics/artifacts/features/mvp/ltx_video_ltxv_13b_0_9_8_distilled/train-val-test/7a044c58a91d3409
[features.mvp] using compatible legacy cache: expected_signature=b8e742eb048177da actual_signature=7a044c58a91d3409 cache_dir=/gpfs/scratch1/shared/scur0511/probe4physics/artifacts/features/mvp/ltx_video_ltxv_13b_0_9_8_distilled/train-val-test/7a044c58a91d3409
[features.mvp] using compatible legacy cache: expected_signature=b8e742eb048177da actual_signature=7a044c58a91d3409 cache_dir=/gpfs/scratch1/shared/scur0511/probe4physics/artifacts/features/mvp/ltx_video_ltxv_13b_0_9_8_distilled/train-val-test/7a044c58a91d3409
[features.mvp] using compatible legacy cache: expected_signature=b8e742eb048177da actual_signature=7a044c58a91d3409 cache_dir=/gpfs/scratch1/shared/scur0511/probe4physics/artifacts/features/mvp/ltx_video_ltxv_13b_0_9_8_distilled/train-val-test/7a044c58a91d3409
[features.mvp] using compatible legacy cache: expected_signature=b8e742eb048177da actual_signature=7a044c58a91d3409 cache_dir=/gpfs/scratch1/shared/scur0511/probe4physics/artifacts/features/mvp/ltx_video_ltxv_13b_0_9_8_distilled/train-val-test/7a044c58a91d3409
[features.mvp] using compatible legacy cache: expected_signature=b8e742eb048177da actual_signature=7a044c58a91d3409 cache_dir=/gpfs/scratch1/shared/scur0511/probe4physics/artifacts/features/mvp/ltx_video_ltxv_13b_0_9_8_distilled/train-val-test/7a044c58a91d3409
[features.mvp] using compatible legacy cache: expected_signature=b8e742eb048177da actual_signature=7a044c58a91d3409 cache_dir=/gpfs/scratch1/shared/scur0511/probe4physics/artifacts/features/mvp/ltx_video_ltxv_13b_0_9_8_distilled/train-val-test/7a044c58a91d3409
[features.mvp] using compatible legacy cache: expected_signature=b8e742eb048177da actual_signature=7a044c58a91d3409 cache_dir=/gpfs/scratch1/shared/scur0511/probe4physics/artifacts/features/mvp/ltx_video_ltxv_13b_0_9_8_distilled/train-val-test/7a044c58a91d3409
[features.mvp] using compatible legacy cache: expected_signature=b8e742eb048177da actual_signature=7a044c58a91d3409 cache_dir=/gpfs/scratch1/shared/scur0511/probe4physics/artifacts/features/mvp/ltx_video_ltxv_13b_0_9_8_distilled/train-val-test/7a044c58a91d3409
[features.mvp] using compatible legacy cache: expected_signature=b8e742eb048177da actual_signature=7a044c58a91d3409 cache_dir=/gpfs/scratch1/shared/scur0511/probe4physics/artifacts/features/mvp/ltx_video_ltxv_13b_0_9_8_distilled/train-val-test/7a044c58a91d3409
[features.mvp] using compatible legacy cache: expected_signature=b8e742eb048177da actual_signature=7a044c58a91d3409 cache_dir=/gpfs/scratch1/shared/scur0511/probe4physics/artifacts/features/mvp/ltx_video_ltxv_13b_0_9_8_distilled/train-val-test/7a044c58a91d3409
[features.mvp] using compatible legacy cache: expected_signature=b8e742eb048177da actual_signature=7a044c58a91d3409 cache_dir=/gpfs/scratch1/shared/scur0511/probe4physics/artifacts/features/mvp/ltx_video_ltxv_13b_0_9_8_distilled/train-val-test/7a044c58a91d3409
[features.mvp] using compatible legacy cache: expected_signature=b8e742eb048177da actual_signature=7a044c58a91d3409 cache_dir=/gpfs/scratch1/shared/scur0511/probe4physics/artifacts/features/mvp/ltx_video_ltxv_13b_0_9_8_distilled/train-val-test/7a044c58a91d3409
[features.mvp] using compatible legacy cache: expected_signature=b8e742eb048177da actual_signature=7a044c58a91d3409 cache_dir=/gpfs/scratch1/shared/scur0511/probe4physics/artifacts/features/mvp/ltx_video_ltxv_13b_0_9_8_distilled/train-val-test/7a044c58a91d3409
[features.mvp] using compatible legacy cache: expected_signature=b8e742eb048177da actual_signature=7a044c58a91d3409 cache_dir=/gpfs/scratch1/shared/scur0511/probe4physics/artifacts/features/mvp/ltx_video_ltxv_13b_0_9_8_distilled/train-val-test/7a044c58a91d3409
[features.mvp] using compatible legacy cache: expected_signature=b8e742eb048177da actual_signature=7a044c58a91d3409 cache_dir=/gpfs/scratch1/shared/scur0511/probe4physics/artifacts/features/mvp/ltx_video_ltxv_13b_0_9_8_distilled/train-val-test/7a044c58a91d3409
[features.mvp] using compatible legacy cache: expected_signature=b8e742eb048177da actual_signature=7a044c58a91d3409 cache_dir=/gpfs/scratch1/shared/scur0511/probe4physics/artifacts/features/mvp/ltx_video_ltxv_13b_0_9_8_distilled/train-val-test/7a044c58a91d3409
[features.mvp] using compatible legacy cache: expected_signature=b8e742eb048177da actual_signature=7a044c58a91d3409 cache_dir=/gpfs/scratch1/shared/scur0511/probe4physics/artifacts/features/mvp/ltx_video_ltxv_13b_0_9_8_distilled/train-val-test/7a044c58a91d3409
[features.mvp] using compatible legacy cache: expected_signature=b8e742eb048177da actual_signature=7a044c58a91d3409 cache_dir=/gpfs/scratch1/shared/scur0511/probe4physics/artifacts/features/mvp/ltx_video_ltxv_13b_0_9_8_distilled/train-val-test/7a044c58a91d3409
{
  "best_layer": null,
  "best_layer_label": null,
  "best_objective_metric": null,
  "dataset": "mvp",
  "feature_view": "pooled",
  "layers": [
    {
      "checkpoint": "artifacts/probes/mvp/mvp_probe_linear_ltx_video_ltxv_13b_0_9_8_distilled_20260510T113414Z/layer_noise_1.0_block_36/train/trial_0000/probe_best.pt",
      "eval": {
        "base_eval": {
          "metrics": {
            "accuracy": 50.0,
            "n_pairs": 989,
            "n_samples": 1978,
            "pair_consistency": 0.0
          },
          "output_dir": "artifacts/probes/mvp/mvp_probe_linear_ltx_video_ltxv_13b_0_9_8_distilled_20260510T113414Z/layer_noise_1.0_block_36/eval/test",
          "split_dir": "data/splits/mvp/full_60_20_20"
        },
        "checkpoint": "artifacts/probes/mvp/mvp_probe_linear_ltx_video_ltxv_13b_0_9_8_distilled_20260510T113414Z/layer_noise_1.0_block_36/train/trial_0000/probe_best.pt",
        "dataset": "mvp",
        "feature_signature": "7a044c58a91d3409",
        "metrics": {
          "accuracy": 50.0,
          "n_pairs": 989,
          "n_samples": 1978,
          "pair_consistency": 0.0
        },
        "metrics_by_split": {
          "test": {
            "accuracy": 50.0,
            "n_pairs": 989,
            "n_samples": 1978,
            "pair_consistency": 0.0
          },
          "train": {
            "accuracy": 50.0,
            "n_pairs": 2965,
            "n_samples": 5930,
            "pair_consistency": 0.0
          },
          "val": {
            "accuracy": 50.0,
            "n_pairs": 989,
            "n_samples": 1978,
            "pair_consistency": 0.0
          }
        },
        "objective_metric": 0.0,
        "prediction_file": "artifacts/probes/mvp/mvp_probe_linear_ltx_video_ltxv_13b_0_9_8_distilled_20260510T113414Z/layer_noise_1.0_block_36/eval/test/probe_predictions.json",
        "prediction_files": {
          "test": "artifacts/probes/mvp/mvp_probe_linear_ltx_video_ltxv_13b_0_9_8_distilled_20260510T113414Z/layer_noise_1.0_block_36/eval/test/probe_predictions.json",
          "train": "artifacts/probes/mvp/mvp_probe_linear_ltx_video_ltxv_13b_0_9_8_distilled_20260510T113414Z/layer_noise_1.0_block_36/eval/train/probe_predictions.json",
          "val": "artifacts/probes/mvp/mvp_probe_linear_ltx_video_ltxv_13b_0_9_8_distilled_20260510T113414Z/layer_noise_1.0_block_36/eval/val/probe_predictions.json"
        },
        "probe_eval_dir": "artifacts/probes/mvp/mvp_probe_linear_ltx_video_ltxv_13b_0_9_8_distilled_20260510T113414Z/layer_noise_1.0_block_36/eval",
        "probe_name": "linear",
        "reported_splits": [
          "train",
          "val",
          "test"
        ],
        "split_eval_dirs": {
          "test": "artifacts/probes/mvp/mvp_probe_linear_ltx_video_ltxv_13b_0_9_8_distilled_20260510T113414Z/layer_noise_1.0_block_36/eval/test",
          "train": "artifacts/probes/mvp/mvp_probe_linear_ltx_video_ltxv_13b_0_9_8_distilled_20260510T113414Z/layer_noise_1.0_block_36/eval/train",
          "val": "artifacts/probes/mvp/mvp_probe_linear_ltx_video_ltxv_13b_0_9_8_distilled_20260510T113414Z/layer_noise_1.0_block_36/eval/val"
        },
        "split_evals": {
          "test": {
            "base_eval": {
              "metrics": {
                "accuracy": 50.0,
                "n_pairs": 989,
                "n_samples": 1978,
                "pair_consistency": 0.0
              },
              "output_dir": "artifacts/probes/mvp/mvp_probe_linear_ltx_video_ltxv_13b_0_9_8_distilled_20260510T113414Z/layer_noise_1.0_block_36/eval/test",
              "split_dir": "data/splits/mvp/full_60_20_20"
            },
            "checkpoint": "artifacts/probes/mvp/mvp_probe_linear_ltx_video_ltxv_13b_0_9_8_distilled_20260510T113414Z/layer_noise_1.0_block_36/train/trial_0000/probe_best.pt",
            "dataset": "mvp",
            "feature_signature": "7a044c58a91d3409",
            "metrics": {
              "accuracy": 50.0,
              "n_pairs": 989,
              "n_samples": 1978,
              "pair_consistency": 0.0
            },
            "objective_metric": 0.0,
            "prediction_file": "artifacts/probes/mvp/mvp_probe_linear_ltx_video_ltxv_13b_0_9_8_distilled_20260510T113414Z/layer_noise_1.0_block_36/eval/test/probe_predictions.json",
            "probe_eval_dir": "artifacts/probes/mvp/mvp_probe_linear_ltx_video_ltxv_13b_0_9_8_distilled_20260510T113414Z/layer_noise_1.0_block_36/eval/test",
            "probe_name": "linear",
            "split_name": "test"
          },
          "train": {
            "base_eval": {
              "metrics": {
                "accuracy": 50.0,
                "n_pairs": 2965,
                "n_samples": 5930,
                "pair_consistency": 0.0
              },
              "output_dir": "artifacts/probes/mvp/mvp_probe_linear_ltx_video_ltxv_13b_0_9_8_distilled_20260510T113414Z/layer_noise_1.0_block_36/eval/train",
              "split_dir": "data/splits/mvp/full_60_20_20"
            },
            "checkpoint": "artifacts/probes/mvp/mvp_probe_linear_ltx_video_ltxv_13b_0_9_8_distilled_20260510T113414Z/layer_noise_1.0_block_36/train/trial_0000/probe_best.pt",
            "dataset": "mvp",
            "feature_signature": "7a044c58a91d3409",
            "metrics": {
              "accuracy": 50.0,
              "n_pairs": 2965,
              "n_samples": 5930,
              "pair_consistency": 0.0
            },
            "objective_metric": 0.0,
            "prediction_file": "artifacts/probes/mvp/mvp_probe_linear_ltx_video_ltxv_13b_0_9_8_distilled_20260510T113414Z/layer_noise_1.0_block_36/eval/train/probe_predictions.json",
            "probe_eval_dir": "artifacts/probes/mvp/mvp_probe_linear_ltx_video_ltxv_13b_0_9_8_distilled_20260510T113414Z/layer_noise_1.0_block_36/eval/train",
            "probe_name": "linear",
            "split_name": "train"
          },
          "val": {
            "base_eval": {
              "metrics": {
                "accuracy": 50.0,
                "n_pairs": 989,
                "n_samples": 1978,
                "pair_consistency": 0.0
              },
              "output_dir": "artifacts/probes/mvp/mvp_probe_linear_ltx_video_ltxv_13b_0_9_8_distilled_20260510T113414Z/layer_noise_1.0_block_36/eval/val",
              "split_dir": "data/splits/mvp/full_60_20_20"
            },
            "checkpoint": "artifacts/probes/mvp/mvp_probe_linear_ltx_video_ltxv_13b_0_9_8_distilled_20260510T113414Z/layer_noise_1.0_block_36/train/trial_0000/probe_best.pt",
            "dataset": "mvp",
            "feature_signature": "7a044c58a91d3409",
            "metrics": {
              "accuracy": 50.0,
              "n_pairs": 989,
              "n_samples": 1978,
              "pair_consistency": 0.0
            },
            "objective_metric": 0.0,
            "prediction_file": "artifacts/probes/mvp/mvp_probe_linear_ltx_video_ltxv_13b_0_9_8_distilled_20260510T113414Z/layer_noise_1.0_block_36/eval/val/probe_predictions.json",
            "probe_eval_dir": "artifacts/probes/mvp/mvp_probe_linear_ltx_video_ltxv_13b_0_9_8_distilled_20260510T113414Z/layer_noise_1.0_block_36/eval/val",
            "probe_name": "linear",
            "split_name": "val"
          }
        },
        "split_name": "test"
      },
      "layer": 3,
      "layer_label": "noise_1.0_block_36",
      "objective_metric": 0.0,
      "train": {
        "best_checkpoint": "artifacts/probes/mvp/mvp_probe_linear_ltx_video_ltxv_13b_0_9_8_distilled_20260510T113414Z/layer_noise_1.0_block_36/train/trial_0000/probe_best.pt",
        "best_eval_output_dir": "artifacts/probes/mvp/mvp_probe_linear_ltx_video_ltxv_13b_0_9_8_distilled_20260510T113414Z/layer_noise_1.0_block_36/train/trial_0000/val_eval",
        "best_output_dir": "artifacts/probes/mvp/mvp_probe_linear_ltx_video_ltxv_13b_0_9_8_distilled_20260510T113414Z/layer_noise_1.0_block_36/train/trial_0000",
        "best_params": {
          "batch_size": 32,
          "epochs": 2000,
          "lr": 0.0001329291894316216,
          "weight_decay": 0.005061576888752304
        },
        "best_trial_number": 0,
        "best_value": 0.0,
        "checkpoint": "artifacts/probes/mvp/mvp_probe_linear_ltx_video_ltxv_13b_0_9_8_distilled_20260510T113414Z/layer_noise_1.0_block_36/train/trial_0000/probe_best.pt",
        "dataset": "mvp",
        "direction": "maximize",
        "layer": 3,
        "n_trials": 20,
        "objective_metric": "pair_consistency",
        "output_dir": "artifacts/probes/mvp/mvp_probe_linear_ltx_video_ltxv_13b_0_9_8_distilled_20260510T113414Z/layer_noise_1.0_block_36/train",
        "probe_name": "linear",
        "storage": "sqlite:////gpfs/home3/scur0511/Probe4Physics/artifacts/probes/mvp/mvp_probe_linear_ltx_video_ltxv_13b_0_9_8_distilled_20260510T113414Z/layer_noise_1.0_block_36/train/optuna_study.sqlite3",
        "study_name": "mvp_linear_ltx_video_layer_noise_1.0_block_36",
        "trials": [
          {
            "checkpoint": "artifacts/probes/mvp/mvp_probe_linear_ltx_video_ltxv_13b_0_9_8_distilled_20260510T113414Z/layer_noise_1.0_block_36/train/trial_0000/probe_best.pt",
            "eval_output_dir": "artifacts/probes/mvp/mvp_probe_linear_ltx_video_ltxv_13b_0_9_8_distilled_20260510T113414Z/layer_noise_1.0_block_36/train/trial_0000/val_eval",
            "output_dir": "artifacts/probes/mvp/mvp_probe_linear_ltx_video_ltxv_13b_0_9_8_distilled_20260510T113414Z/layer_noise_1.0_block_36/train/trial_0000",
            "params": {
              "batch_size": 32,
              "epochs": 2000,
              "lr": 0.0001329291894316216,
              "weight_decay": 0.005061576888752304
            },
            "trial_number": 0,
            "value": 0.0
          },
          {
            "checkpoint": "artifacts/probes/mvp/mvp_probe_linear_ltx_video_ltxv_13b_0_9_8_distilled_20260510T113414Z/layer_noise_1.0_block_36/train/trial_0001/probe_best.pt",
            "eval_output_dir": "artifacts/probes/mvp/mvp_probe_linear_ltx_video_ltxv_13b_0_9_8_distilled_20260510T113414Z/layer_noise_1.0_block_36/train/trial_0001/val_eval",
            "output_dir": "artifacts/probes/mvp/mvp_probe_linear_ltx_video_ltxv_13b_0_9_8_distilled_20260510T113414Z/layer_noise_1.0_block_36/train/trial_0001",
            "params": {
              "batch_size": 256,
              "epochs": 100,
              "lr": 0.00314288089084011,
              "weight_decay": 1.879466824163843e-07
            },
            "trial_number": 1,
            "value": 0.0
          },
          {
            "checkpoint": "artifacts/probes/mvp/mvp_probe_linear_ltx_video_ltxv_13b_0_9_8_distilled_20260510T113414Z/layer_noise_1.0_block_36/train/trial_0002/probe_best.pt",
            "eval_output_dir": "artifacts/probes/mvp/mvp_probe_linear_ltx_video_ltxv_13b_0_9_8_distilled_20260510T113414Z/layer_noise_1.0_block_36/train/trial_0002/val_eval",
            "output_dir": "artifacts/probes/mvp/mvp_probe_linear_ltx_video_ltxv_13b_0_9_8_distilled_20260510T113414Z/layer_noise_1.0_block_36/train/trial_0002",
            "params": {
              "batch_size": 128,
              "epochs": 1000,
              "lr": 0.00023345864076016249,
              "weight_decay": 0.0005141096648805752
            },
            "trial_number": 2,
            "value": 0.0
          },
          {
            "checkpoint": "artifacts/probes/mvp/mvp_probe_linear_ltx_video_ltxv_13b_0_9_8_distilled_20260510T113414Z/layer_noise_1.0_block_36/train/trial_0003/probe_best.pt",
            "eval_output_dir": "artifacts/probes/mvp/mvp_probe_linear_ltx_video_ltxv_13b_0_9_8_distilled_20260510T113414Z/layer_noise_1.0_block_36/train/trial_0003/val_eval",
            "output_dir": "artifacts/probes/mvp/mvp_probe_linear_ltx_video_ltxv_13b_0_9_8_distilled_20260510T113414Z/layer_noise_1.0_block_36/train/trial_0003",
            "params": {
              "batch_size": 32,
              "epochs": 50,
              "lr": 8.200518402245828e-05,
              "weight_decay": 3.855073690026179e-08
            },
            "trial_number": 3,
            "value": 0.0
          },
          {
            "checkpoint": "artifacts/probes/mvp/mvp_probe_linear_ltx_video_ltxv_13b_0_9_8_distilled_20260510T113414Z/layer_noise_1.0_block_36/train/trial_0004/probe_best.pt",
            "eval_output_dir": "artifacts/probes/mvp/mvp_probe_linear_ltx_video_ltxv_13b_0_9_8_distilled_20260510T113414Z/layer_noise_1.0_block_36/train/trial_0004/val_eval",
            "output_dir": "artifacts/probes/mvp/mvp_probe_linear_ltx_video_ltxv_13b_0_9_8_distilled_20260510T113414Z/layer_noise_1.0_block_36/train/trial_0004",
            "params": {
              "batch_size": 32,
              "epochs": 50,
              "lr": 0.00043664735929796326,
              "weight_decay": 1.2856617791467908e-07
            },
            "trial_number": 4,
            "value": 0.0
          },
          {
            "checkpoint": "artifacts/probes/mvp/mvp_probe_linear_ltx_video_ltxv_13b_0_9_8_distilled_20260510T113414Z/layer_noise_1.0_block_36/train/trial_0005/probe_best.pt",
            "eval_output_dir": "artifacts/probes/mvp/mvp_probe_linear_ltx_video_ltxv_13b_0_9_8_distilled_20260510T113414Z/layer_noise_1.0_block_36/train/trial_0005/val_eval",
            "output_dir": "artifacts/probes/mvp/mvp_probe_linear_ltx_video_ltxv_13b_0_9_8_distilled_20260510T113414Z/layer_noise_1.0_block_36/train/trial_0005",
            "params": {
              "batch_size": 32,
              "epochs": 500,
              "lr": 0.00014656553886225324,
              "weight_decay": 4.247116662617142e-07
            },
            "trial_number": 5,
            "value": 0.0
          },
          {
            "checkpoint": "artifacts/probes/mvp/mvp_probe_linear_ltx_video_ltxv_13b_0_9_8_distilled_20260510T113414Z/layer_noise_1.0_block_36/train/trial_0006/probe_best.pt",
            "eval_output_dir": "artifacts/probes/mvp/mvp_probe_linear_ltx_video_ltxv_13b_0_9_8_distilled_20260510T113414Z/layer_noise_1.0_block_36/train/trial_0006/val_eval",
            "output_dir": "artifacts/probes/mvp/mvp_probe_linear_ltx_video_ltxv_13b_0_9_8_distilled_20260510T113414Z/layer_noise_1.0_block_36/train/trial_0006",
            "params": {
              "batch_size": 128,
              "epochs": 100,
              "lr": 1.0388823104027935e-05,
              "weight_decay": 0.0007812113973534924
            },
            "trial_number": 6,
            "value": 0.0
          },
          {
            "checkpoint": "artifacts/probes/mvp/mvp_probe_linear_ltx_video_ltxv_13b_0_9_8_distilled_20260510T113414Z/layer_noise_1.0_block_36/train/trial_0007/probe_best.pt",
            "eval_output_dir": "artifacts/probes/mvp/mvp_probe_linear_ltx_video_ltxv_13b_0_9_8_distilled_20260510T113414Z/layer_noise_1.0_block_36/train/trial_0007/val_eval",
            "output_dir": "artifacts/probes/mvp/mvp_probe_linear_ltx_video_ltxv_13b_0_9_8_distilled_20260510T113414Z/layer_noise_1.0_block_36/train/trial_0007",
            "params": {
              "batch_size": 128,
              "epochs": 1000,
              "lr": 8.569331925053983e-05,
              "weight_decay": 8.93511059033186e-07
            },
            "trial_number": 7,
            "value": 0.0
          },
          {
            "checkpoint": "artifacts/probes/mvp/mvp_probe_linear_ltx_video_ltxv_13b_0_9_8_distilled_20260510T113414Z/layer_noise_1.0_block_36/train/trial_0008/probe_best.pt",
            "eval_output_dir": "artifacts/probes/mvp/mvp_probe_linear_ltx_video_ltxv_13b_0_9_8_distilled_20260510T113414Z/layer_noise_1.0_block_36/train/trial_0008/val_eval",
            "output_dir": "artifacts/probes/mvp/mvp_probe_linear_ltx_video_ltxv_13b_0_9_8_distilled_20260510T113414Z/layer_noise_1.0_block_36/train/trial_0008",
            "params": {
              "batch_size": 256,
              "epochs": 100,
              "lr": 0.0003699972431463808,
              "weight_decay": 3.6749049453053196e-06
            },
            "trial_number": 8,
            "value": 0.0
          },
          {
            "checkpoint": "artifacts/probes/mvp/mvp_probe_linear_ltx_video_ltxv_13b_0_9_8_distilled_20260510T113414Z/layer_noise_1.0_block_36/train/trial_0009/probe_best.pt",
            "eval_output_dir": "artifacts/probes/mvp/mvp_probe_linear_ltx_video_ltxv_13b_0_9_8_distilled_20260510T113414Z/layer_noise_1.0_block_36/train/trial_0009/val_eval",
            "output_dir": "artifacts/probes/mvp/mvp_probe_linear_ltx_video_ltxv_13b_0_9_8_distilled_20260510T113414Z/layer_noise_1.0_block_36/train/trial_0009",
            "params": {
              "batch_size": 128,
              "epochs": 1000,
              "lr": 4.857295179217165e-05,
              "weight_decay": 2.8965395242758635e-08
            },
            "trial_number": 9,
            "value": 0.0
          },
          {
            "checkpoint": "artifacts/probes/mvp/mvp_probe_linear_ltx_video_ltxv_13b_0_9_8_distilled_20260510T113414Z/layer_noise_1.0_block_36/train/trial_0010/probe_best.pt",
            "eval_output_dir": "artifacts/probes/mvp/mvp_probe_linear_ltx_video_ltxv_13b_0_9_8_distilled_20260510T113414Z/layer_noise_1.0_block_36/train/trial_0010/val_eval",
            "output_dir": "artifacts/probes/mvp/mvp_probe_linear_ltx_video_ltxv_13b_0_9_8_distilled_20260510T113414Z/layer_noise_1.0_block_36/train/trial_0010",
            "params": {
              "batch_size": 64,
              "epochs": 2000,
              "lr": 0.002146403547714585,
              "weight_decay": 0.003955232336089218
            },
            "trial_number": 10,
            "value": 0.0
          },
          {
            "checkpoint": "artifacts/probes/mvp/mvp_probe_linear_ltx_video_ltxv_13b_0_9_8_distilled_20260510T113414Z/layer_noise_1.0_block_36/train/trial_0011/probe_best.pt",
            "eval_output_dir": "artifacts/probes/mvp/mvp_probe_linear_ltx_video_ltxv_13b_0_9_8_distilled_20260510T113414Z/layer_noise_1.0_block_36/train/trial_0011/val_eval",
            "output_dir": "artifacts/probes/mvp/mvp_probe_linear_ltx_video_ltxv_13b_0_9_8_distilled_20260510T113414Z/layer_noise_1.0_block_36/train/trial_0011",
            "params": {
              "batch_size": 256,
              "epochs": 20,
              "lr": 0.006290638535730336,
              "weight_decay": 3.099069456180075e-05
            },
            "trial_number": 11,
            "value": 0.0
          },
          {
            "checkpoint": "artifacts/probes/mvp/mvp_probe_linear_ltx_video_ltxv_13b_0_9_8_distilled_20260510T113414Z/layer_noise_1.0_block_36/train/trial_0012/probe_best.pt",
            "eval_output_dir": "artifacts/probes/mvp/mvp_probe_linear_ltx_video_ltxv_13b_0_9_8_distilled_20260510T113414Z/layer_noise_1.0_block_36/train/trial_0012/val_eval",
            "output_dir": "artifacts/probes/mvp/mvp_probe_linear_ltx_video_ltxv_13b_0_9_8_distilled_20260510T113414Z/layer_noise_1.0_block_36/train/trial_0012",
            "params": {
              "batch_size": 256,
              "epochs": 2000,
              "lr": 0.0017138890273524052,
              "weight_decay": 2.8103024558302232e-05
            },
            "trial_number": 12,
            "value": 0.0
          },
          {
            "checkpoint": "artifacts/probes/mvp/mvp_probe_linear_ltx_video_ltxv_13b_0_9_8_distilled_20260510T113414Z/layer_noise_1.0_block_36/train/trial_0013/probe_best.pt",
            "eval_output_dir": "artifacts/probes/mvp/mvp_probe_linear_ltx_video_ltxv_13b_0_9_8_distilled_20260510T113414Z/layer_noise_1.0_block_36/train/trial_0013/val_eval",
            "output_dir": "artifacts/probes/mvp/mvp_probe_linear_ltx_video_ltxv_13b_0_9_8_distilled_20260510T113414Z/layer_noise_1.0_block_36/train/trial_0013",
            "params": {
              "batch_size": 64,
              "epochs": 2000,
              "lr": 0.0009827696709910616,
              "weight_decay": 0.008946810000979412
            },
            "trial_number": 13,
            "value": 0.0
          },
          {
            "checkpoint": "artifacts/probes/mvp/mvp_probe_linear_ltx_video_ltxv_13b_0_9_8_distilled_20260510T113414Z/layer_noise_1.0_block_36/train/trial_0014/probe_best.pt",
            "eval_output_dir": "artifacts/probes/mvp/mvp_probe_linear_ltx_video_ltxv_13b_0_9_8_distilled_20260510T113414Z/layer_noise_1.0_block_36/train/trial_0014/val_eval",
            "output_dir": "artifacts/probes/mvp/mvp_probe_linear_ltx_video_ltxv_13b_0_9_8_distilled_20260510T113414Z/layer_noise_1.0_block_36/train/trial_0014",
            "params": {
              "batch_size": 32,
              "epochs": 100,
              "lr": 0.009346845015219,
              "weight_decay": 0.00010294317962430987
            },
            "trial_number": 14,
            "value": 0.0
          },
          {
            "checkpoint": "artifacts/probes/mvp/mvp_probe_linear_ltx_video_ltxv_13b_0_9_8_distilled_20260510T113414Z/layer_noise_1.0_block_36/train/trial_0015/probe_best.pt",
            "eval_output_dir": "artifacts/probes/mvp/mvp_probe_linear_ltx_video_ltxv_13b_0_9_8_distilled_20260510T113414Z/layer_noise_1.0_block_36/train/trial_0015/val_eval",
            "output_dir": "artifacts/probes/mvp/mvp_probe_linear_ltx_video_ltxv_13b_0_9_8_distilled_20260510T113414Z/layer_noise_1.0_block_36/train/trial_0015",
            "params": {
              "batch_size": 256,
              "epochs": 500,
              "lr": 1.9592076566280752e-05,
              "weight_decay": 5.807862910443679e-06
            },
            "trial_number": 15,
            "value": 0.0
          },
          {
            "checkpoint": "artifacts/probes/mvp/mvp_probe_linear_ltx_video_ltxv_13b_0_9_8_distilled_20260510T113414Z/layer_noise_1.0_block_36/train/trial_0016/probe_best.pt",
            "eval_output_dir": "artifacts/probes/mvp/mvp_probe_linear_ltx_video_ltxv_13b_0_9_8_distilled_20260510T113414Z/layer_noise_1.0_block_36/train/trial_0016/val_eval",
            "output_dir": "artifacts/probes/mvp/mvp_probe_linear_ltx_video_ltxv_13b_0_9_8_distilled_20260510T113414Z/layer_noise_1.0_block_36/train/trial_0016",
            "params": {
              "batch_size": 256,
              "epochs": 20,
              "lr": 0.0035459485775337835,
              "weight_decay": 2.1424483808604603e-06
            },
            "trial_number": 16,
            "value": 0.0
          },
          {
            "checkpoint": "artifacts/probes/mvp/mvp_probe_linear_ltx_video_ltxv_13b_0_9_8_distilled_20260510T113414Z/layer_noise_1.0_block_36/train/trial_0017/probe_best.pt",
            "eval_output_dir": "artifacts/probes/mvp/mvp_probe_linear_ltx_video_ltxv_13b_0_9_8_distilled_20260510T113414Z/layer_noise_1.0_block_36/train/trial_0017/val_eval",
            "output_dir": "artifacts/probes/mvp/mvp_probe_linear_ltx_video_ltxv_13b_0_9_8_distilled_20260510T113414Z/layer_noise_1.0_block_36/train/trial_0017",
            "params": {
              "batch_size": 32,
              "epochs": 2000,
              "lr": 0.0007948707226799964,
              "weight_decay": 1.4239225315245903e-08
            },
            "trial_number": 17,
            "value": 0.0
          },
          {
            "checkpoint": "artifacts/probes/mvp/mvp_probe_linear_ltx_video_ltxv_13b_0_9_8_distilled_20260510T113414Z/layer_noise_1.0_block_36/train/trial_0018/probe_best.pt",
            "eval_output_dir": "artifacts/probes/mvp/mvp_probe_linear_ltx_video_ltxv_13b_0_9_8_distilled_20260510T113414Z/layer_noise_1.0_block_36/train/trial_0018/val_eval",
            "output_dir": "artifacts/probes/mvp/mvp_probe_linear_ltx_video_ltxv_13b_0_9_8_distilled_20260510T113414Z/layer_noise_1.0_block_36/train/trial_0018",
            "params": {
              "batch_size": 64,
              "epochs": 100,
              "lr": 4.720845304099489e-05,
              "weight_decay": 1.7071783919969125e-07
            },
            "trial_number": 18,
            "value": 0.0
          },
          {
            "checkpoint": "artifacts/probes/mvp/mvp_probe_linear_ltx_video_ltxv_13b_0_9_8_distilled_20260510T113414Z/layer_noise_1.0_block_36/train/trial_0019/probe_best.pt",
            "eval_output_dir": "artifacts/probes/mvp/mvp_probe_linear_ltx_video_ltxv_13b_0_9_8_distilled_20260510T113414Z/layer_noise_1.0_block_36/train/trial_0019/val_eval",
            "output_dir": "artifacts/probes/mvp/mvp_probe_linear_ltx_video_ltxv_13b_0_9_8_distilled_20260510T113414Z/layer_noise_1.0_block_36/train/trial_0019",
            "params": {
              "batch_size": 256,
              "epochs": 2000,
              "lr": 0.0007392530738469641,
              "weight_decay": 0.000369960521744469
            },
            "trial_number": 19,
            "value": 0.0
          }
        ]
      }
    },
    {
      "checkpoint": "artifacts/probes/mvp/mvp_probe_linear_ltx_video_ltxv_13b_0_9_8_distilled_20260510T113414Z/layer_noise_0.9_block_36/train/trial_0010/probe_best.pt",
      "eval": {
        "base_eval": {
          "metrics": {
            "accuracy": 61.67846309403438,
            "n_pairs": 989,
            "n_samples": 1978,
            "pair_consistency": 33.26592517694641
          },
          "output_dir": "artifacts/probes/mvp/mvp_probe_linear_ltx_video_ltxv_13b_0_9_8_distilled_20260510T113414Z/layer_noise_0.9_block_36/eval/test",
          "split_dir": "data/splits/mvp/full_60_20_20"
        },
        "checkpoint": "artifacts/probes/mvp/mvp_probe_linear_ltx_video_ltxv_13b_0_9_8_distilled_20260510T113414Z/layer_noise_0.9_block_36/train/trial_0010/probe_best.pt",
        "dataset": "mvp",
        "feature_signature": "7a044c58a91d3409",
        "metrics": {
          "accuracy": 61.67846309403438,
          "n_pairs": 989,
          "n_samples": 1978,
          "pair_consistency": 33.26592517694641
        },
        "metrics_by_split": {
          "test": {
            "accuracy": 61.67846309403438,
            "n_pairs": 989,
            "n_samples": 1978,
            "pair_consistency": 33.26592517694641
          },
          "train": {
            "accuracy": 79.15682967959528,
            "n_pairs": 2965,
            "n_samples": 5930,
            "pair_consistency": 60.505902192242836
          },
          "val": {
            "accuracy": 63.397371081900914,
            "n_pairs": 989,
            "n_samples": 1978,
            "pair_consistency": 35.38928210313448
          }
        },
        "objective_metric": 33.26592517694641,
        "prediction_file": "artifacts/probes/mvp/mvp_probe_linear_ltx_video_ltxv_13b_0_9_8_distilled_20260510T113414Z/layer_noise_0.9_block_36/eval/test/probe_predictions.json",
        "prediction_files": {
          "test": "artifacts/probes/mvp/mvp_probe_linear_ltx_video_ltxv_13b_0_9_8_distilled_20260510T113414Z/layer_noise_0.9_block_36/eval/test/probe_predictions.json",
          "train": "artifacts/probes/mvp/mvp_probe_linear_ltx_video_ltxv_13b_0_9_8_distilled_20260510T113414Z/layer_noise_0.9_block_36/eval/train/probe_predictions.json",
          "val": "artifacts/probes/mvp/mvp_probe_linear_ltx_video_ltxv_13b_0_9_8_distilled_20260510T113414Z/layer_noise_0.9_block_36/eval/val/probe_predictions.json"
        },
        "probe_eval_dir": "artifacts/probes/mvp/mvp_probe_linear_ltx_video_ltxv_13b_0_9_8_distilled_20260510T113414Z/layer_noise_0.9_block_36/eval",
        "probe_name": "linear",
        "reported_splits": [
          "train",
          "val",
          "test"
        ],
        "split_eval_dirs": {
          "test": "artifacts/probes/mvp/mvp_probe_linear_ltx_video_ltxv_13b_0_9_8_distilled_20260510T113414Z/layer_noise_0.9_block_36/eval/test",
          "train": "artifacts/probes/mvp/mvp_probe_linear_ltx_video_ltxv_13b_0_9_8_distilled_20260510T113414Z/layer_noise_0.9_block_36/eval/train",
          "val": "artifacts/probes/mvp/mvp_probe_linear_ltx_video_ltxv_13b_0_9_8_distilled_20260510T113414Z/layer_noise_0.9_block_36/eval/val"
        },
        "split_evals": {
          "test": {
            "base_eval": {
              "metrics": {
                "accuracy": 61.67846309403438,
                "n_pairs": 989,
                "n_samples": 1978,
                "pair_consistency": 33.26592517694641
              },
              "output_dir": "artifacts/probes/mvp/mvp_probe_linear_ltx_video_ltxv_13b_0_9_8_distilled_20260510T113414Z/layer_noise_0.9_block_36/eval/test",
              "split_dir": "data/splits/mvp/full_60_20_20"
            },
            "checkpoint": "artifacts/probes/mvp/mvp_probe_linear_ltx_video_ltxv_13b_0_9_8_distilled_20260510T113414Z/layer_noise_0.9_block_36/train/trial_0010/probe_best.pt",
            "dataset": "mvp",
            "feature_signature": "7a044c58a91d3409",
            "metrics": {
              "accuracy": 61.67846309403438,
              "n_pairs": 989,
              "n_samples": 1978,
              "pair_consistency": 33.26592517694641
            },
            "objective_metric": 33.26592517694641,
            "prediction_file": "artifacts/probes/mvp/mvp_probe_linear_ltx_video_ltxv_13b_0_9_8_distilled_20260510T113414Z/layer_noise_0.9_block_36/eval/test/probe_predictions.json",
            "probe_eval_dir": "artifacts/probes/mvp/mvp_probe_linear_ltx_video_ltxv_13b_0_9_8_distilled_20260510T113414Z/layer_noise_0.9_block_36/eval/test",
            "probe_name": "linear",
            "split_name": "test"
          },
          "train": {
            "base_eval": {
              "metrics": {
                "accuracy": 79.15682967959528,
                "n_pairs": 2965,
                "n_samples": 5930,
                "pair_consistency": 60.505902192242836
              },
              "output_dir": "artifacts/probes/mvp/mvp_probe_linear_ltx_video_ltxv_13b_0_9_8_distilled_20260510T113414Z/layer_noise_0.9_block_36/eval/train",
              "split_dir": "data/splits/mvp/full_60_20_20"
            },
            "checkpoint": "artifacts/probes/mvp/mvp_probe_linear_ltx_video_ltxv_13b_0_9_8_distilled_20260510T113414Z/layer_noise_0.9_block_36/train/trial_0010/probe_best.pt",
            "dataset": "mvp",
            "feature_signature": "7a044c58a91d3409",
            "metrics": {
              "accuracy": 79.15682967959528,
              "n_pairs": 2965,
              "n_samples": 5930,
              "pair_consistency": 60.505902192242836
            },
            "objective_metric": 60.505902192242836,
            "prediction_file": "artifacts/probes/mvp/mvp_probe_linear_ltx_video_ltxv_13b_0_9_8_distilled_20260510T113414Z/layer_noise_0.9_block_36/eval/train/probe_predictions.json",
            "probe_eval_dir": "artifacts/probes/mvp/mvp_probe_linear_ltx_video_ltxv_13b_0_9_8_distilled_20260510T113414Z/layer_noise_0.9_block_36/eval/train",
            "probe_name": "linear",
            "split_name": "train"
          },
          "val": {
            "base_eval": {
              "metrics": {
                "accuracy": 63.397371081900914,
                "n_pairs": 989,
                "n_samples": 1978,
                "pair_consistency": 35.38928210313448
              },
              "output_dir": "artifacts/probes/mvp/mvp_probe_linear_ltx_video_ltxv_13b_0_9_8_distilled_20260510T113414Z/layer_noise_0.9_block_36/eval/val",
              "split_dir": "data/splits/mvp/full_60_20_20"
            },
            "checkpoint": "artifacts/probes/mvp/mvp_probe_linear_ltx_video_ltxv_13b_0_9_8_distilled_20260510T113414Z/layer_noise_0.9_block_36/train/trial_0010/probe_best.pt",
            "dataset": "mvp",
            "feature_signature": "7a044c58a91d3409",
            "metrics": {
              "accuracy": 63.397371081900914,
              "n_pairs": 989,
              "n_samples": 1978,
              "pair_consistency": 35.38928210313448
            },
            "objective_metric": 35.38928210313448,
            "prediction_file": "artifacts/probes/mvp/mvp_probe_linear_ltx_video_ltxv_13b_0_9_8_distilled_20260510T113414Z/layer_noise_0.9_block_36/eval/val/probe_predictions.json",
            "probe_eval_dir": "artifacts/probes/mvp/mvp_probe_linear_ltx_video_ltxv_13b_0_9_8_distilled_20260510T113414Z/layer_noise_0.9_block_36/eval/val",
            "probe_name": "linear",
            "split_name": "val"
          }
        },
        "split_name": "test"
      },
      "layer": 7,
      "layer_label": "noise_0.9_block_36",
      "objective_metric": 33.26592517694641,
      "train": {
        "best_checkpoint": "artifacts/probes/mvp/mvp_probe_linear_ltx_video_ltxv_13b_0_9_8_distilled_20260510T113414Z/layer_noise_0.9_block_36/train/trial_0010/probe_best.pt",
        "best_eval_output_dir": "artifacts/probes/mvp/mvp_probe_linear_ltx_video_ltxv_13b_0_9_8_distilled_20260510T113414Z/layer_noise_0.9_block_36/train/trial_0010/val_eval",
        "best_output_dir": "artifacts/probes/mvp/mvp_probe_linear_ltx_video_ltxv_13b_0_9_8_distilled_20260510T113414Z/layer_noise_0.9_block_36/train/trial_0010",
        "best_params": {
          "batch_size": 64,
          "epochs": 500,
          "lr": 0.002146403547714585,
          "weight_decay": 4.305396115571913e-05
        },
        "best_trial_number": 10,
        "best_value": 35.38928210313448,
        "checkpoint": "artifacts/probes/mvp/mvp_probe_linear_ltx_video_ltxv_13b_0_9_8_distilled_20260510T113414Z/layer_noise_0.9_block_36/train/trial_0010/probe_best.pt",
        "dataset": "mvp",
        "direction": "maximize",
        "layer": 7,
        "n_trials": 20,
        "objective_metric": "pair_consistency",
        "output_dir": "artifacts/probes/mvp/mvp_probe_linear_ltx_video_ltxv_13b_0_9_8_distilled_20260510T113414Z/layer_noise_0.9_block_36/train",
        "probe_name": "linear",
        "storage": "sqlite:////gpfs/home3/scur0511/Probe4Physics/artifacts/probes/mvp/mvp_probe_linear_ltx_video_ltxv_13b_0_9_8_distilled_20260510T113414Z/layer_noise_0.9_block_36/train/optuna_study.sqlite3",
        "study_name": "mvp_linear_ltx_video_layer_noise_0.9_block_36",
        "trials": [
          {
            "checkpoint": "artifacts/probes/mvp/mvp_probe_linear_ltx_video_ltxv_13b_0_9_8_distilled_20260510T113414Z/layer_noise_0.9_block_36/train/trial_0000/probe_best.pt",
            "eval_output_dir": "artifacts/probes/mvp/mvp_probe_linear_ltx_video_ltxv_13b_0_9_8_distilled_20260510T113414Z/layer_noise_0.9_block_36/train/trial_0000/val_eval",
            "output_dir": "artifacts/probes/mvp/mvp_probe_linear_ltx_video_ltxv_13b_0_9_8_distilled_20260510T113414Z/layer_noise_0.9_block_36/train/trial_0000",
            "params": {
              "batch_size": 32,
              "epochs": 2000,
              "lr": 0.0001329291894316216,
              "weight_decay": 0.005061576888752304
            },
            "trial_number": 0,
            "value": 34.27704752275025
          },
          {
            "checkpoint": "artifacts/probes/mvp/mvp_probe_linear_ltx_video_ltxv_13b_0_9_8_distilled_20260510T113414Z/layer_noise_0.9_block_36/train/trial_0001/probe_best.pt",
            "eval_output_dir": "artifacts/probes/mvp/mvp_probe_linear_ltx_video_ltxv_13b_0_9_8_distilled_20260510T113414Z/layer_noise_0.9_block_36/train/trial_0001/val_eval",
            "output_dir": "artifacts/probes/mvp/mvp_probe_linear_ltx_video_ltxv_13b_0_9_8_distilled_20260510T113414Z/layer_noise_0.9_block_36/train/trial_0001",
            "params": {
              "batch_size": 256,
              "epochs": 100,
              "lr": 0.00314288089084011,
              "weight_decay": 1.879466824163843e-07
            },
            "trial_number": 1,
            "value": 32.55813953488372
          },
          {
            "checkpoint": "artifacts/probes/mvp/mvp_probe_linear_ltx_video_ltxv_13b_0_9_8_distilled_20260510T113414Z/layer_noise_0.9_block_36/train/trial_0002/probe_best.pt",
            "eval_output_dir": "artifacts/probes/mvp/mvp_probe_linear_ltx_video_ltxv_13b_0_9_8_distilled_20260510T113414Z/layer_noise_0.9_block_36/train/trial_0002/val_eval",
            "output_dir": "artifacts/probes/mvp/mvp_probe_linear_ltx_video_ltxv_13b_0_9_8_distilled_20260510T113414Z/layer_noise_0.9_block_36/train/trial_0002",
            "params": {
              "batch_size": 128,
              "epochs": 1000,
              "lr": 0.00023345864076016249,
              "weight_decay": 0.0005141096648805752
            },
            "trial_number": 2,
            "value": 34.883720930232556
          },
          {
            "checkpoint": "artifacts/probes/mvp/mvp_probe_linear_ltx_video_ltxv_13b_0_9_8_distilled_20260510T113414Z/layer_noise_0.9_block_36/train/trial_0003/probe_best.pt",
            "eval_output_dir": "artifacts/probes/mvp/mvp_probe_linear_ltx_video_ltxv_13b_0_9_8_distilled_20260510T113414Z/layer_noise_0.9_block_36/train/trial_0003/val_eval",
            "output_dir": "artifacts/probes/mvp/mvp_probe_linear_ltx_video_ltxv_13b_0_9_8_distilled_20260510T113414Z/layer_noise_0.9_block_36/train/trial_0003",
            "params": {
              "batch_size": 32,
              "epochs": 50,
              "lr": 8.200518402245828e-05,
              "weight_decay": 3.855073690026179e-08
            },
            "trial_number": 3,
            "value": 31.04145601617796
          },
          {
            "checkpoint": "artifacts/probes/mvp/mvp_probe_linear_ltx_video_ltxv_13b_0_9_8_distilled_20260510T113414Z/layer_noise_0.9_block_36/train/trial_0004/probe_best.pt",
            "eval_output_dir": "artifacts/probes/mvp/mvp_probe_linear_ltx_video_ltxv_13b_0_9_8_distilled_20260510T113414Z/layer_noise_0.9_block_36/train/trial_0004/val_eval",
            "output_dir": "artifacts/probes/mvp/mvp_probe_linear_ltx_video_ltxv_13b_0_9_8_distilled_20260510T113414Z/layer_noise_0.9_block_36/train/trial_0004",
            "params": {
              "batch_size": 32,
              "epochs": 50,
              "lr": 0.00043664735929796326,
              "weight_decay": 1.2856617791467908e-07
            },
            "trial_number": 4,
            "value": 32.76036400404449
          },
          {
            "checkpoint": "artifacts/probes/mvp/mvp_probe_linear_ltx_video_ltxv_13b_0_9_8_distilled_20260510T113414Z/layer_noise_0.9_block_36/train/trial_0005/probe_best.pt",
            "eval_output_dir": "artifacts/probes/mvp/mvp_probe_linear_ltx_video_ltxv_13b_0_9_8_distilled_20260510T113414Z/layer_noise_0.9_block_36/train/trial_0005/val_eval",
            "output_dir": "artifacts/probes/mvp/mvp_probe_linear_ltx_video_ltxv_13b_0_9_8_distilled_20260510T113414Z/layer_noise_0.9_block_36/train/trial_0005",
            "params": {
              "batch_size": 32,
              "epochs": 500,
              "lr": 0.00014656553886225324,
              "weight_decay": 4.247116662617142e-07
            },
            "trial_number": 5,
            "value": 35.085945399393324
          },
          {
            "checkpoint": "artifacts/probes/mvp/mvp_probe_linear_ltx_video_ltxv_13b_0_9_8_distilled_20260510T113414Z/layer_noise_0.9_block_36/train/trial_0008/probe_best.pt",
            "eval_output_dir": "artifacts/probes/mvp/mvp_probe_linear_ltx_video_ltxv_13b_0_9_8_distilled_20260510T113414Z/layer_noise_0.9_block_36/train/trial_0008/val_eval",
            "output_dir": "artifacts/probes/mvp/mvp_probe_linear_ltx_video_ltxv_13b_0_9_8_distilled_20260510T113414Z/layer_noise_0.9_block_36/train/trial_0008",
            "params": {
              "batch_size": 256,
              "epochs": 100,
              "lr": 0.0003699972431463808,
              "weight_decay": 3.6749049453053196e-06
            },
            "trial_number": 8,
            "value": 30.1314459049545
          },
          {
            "checkpoint": "artifacts/probes/mvp/mvp_probe_linear_ltx_video_ltxv_13b_0_9_8_distilled_20260510T113414Z/layer_noise_0.9_block_36/train/trial_0010/probe_best.pt",
            "eval_output_dir": "artifacts/probes/mvp/mvp_probe_linear_ltx_video_ltxv_13b_0_9_8_distilled_20260510T113414Z/layer_noise_0.9_block_36/train/trial_0010/val_eval",
            "output_dir": "artifacts/probes/mvp/mvp_probe_linear_ltx_video_ltxv_13b_0_9_8_distilled_20260510T113414Z/layer_noise_0.9_block_36/train/trial_0010",
            "params": {
              "batch_size": 64,
              "epochs": 500,
              "lr": 0.002146403547714585,
              "weight_decay": 4.305396115571913e-05
            },
            "trial_number": 10,
            "value": 35.38928210313448
          },
          {
            "checkpoint": "artifacts/probes/mvp/mvp_probe_linear_ltx_video_ltxv_13b_0_9_8_distilled_20260510T113414Z/layer_noise_0.9_block_36/train/trial_0012/probe_best.pt",
            "eval_output_dir": "artifacts/probes/mvp/mvp_probe_linear_ltx_video_ltxv_13b_0_9_8_distilled_20260510T113414Z/layer_noise_0.9_block_36/train/trial_0012/val_eval",
            "output_dir": "artifacts/probes/mvp/mvp_probe_linear_ltx_video_ltxv_13b_0_9_8_distilled_20260510T113414Z/layer_noise_0.9_block_36/train/trial_0012",
            "params": {
              "batch_size": 64,
              "epochs": 500,
              "lr": 0.0010545829355582924,
              "weight_decay": 3.900042565019696e-05
            },
            "trial_number": 12,
            "value": 33.367037411526795
          },
          {
            "checkpoint": "artifacts/probes/mvp/mvp_probe_linear_ltx_video_ltxv_13b_0_9_8_distilled_20260510T113414Z/layer_noise_0.9_block_36/train/trial_0013/probe_best.pt",
            "eval_output_dir": "artifacts/probes/mvp/mvp_probe_linear_ltx_video_ltxv_13b_0_9_8_distilled_20260510T113414Z/layer_noise_0.9_block_36/train/trial_0013/val_eval",
            "output_dir": "artifacts/probes/mvp/mvp_probe_linear_ltx_video_ltxv_13b_0_9_8_distilled_20260510T113414Z/layer_noise_0.9_block_36/train/trial_0013",
            "params": {
              "batch_size": 64,
              "epochs": 20,
              "lr": 0.006818025706100126,
              "weight_decay": 4.037733308961697e-06
            },
            "trial_number": 13,
            "value": 21.53690596562184
          },
          {
            "checkpoint": "artifacts/probes/mvp/mvp_probe_linear_ltx_video_ltxv_13b_0_9_8_distilled_20260510T113414Z/layer_noise_0.9_block_36/train/trial_0014/probe_best.pt",
            "eval_output_dir": "artifacts/probes/mvp/mvp_probe_linear_ltx_video_ltxv_13b_0_9_8_distilled_20260510T113414Z/layer_noise_0.9_block_36/train/trial_0014/val_eval",
            "output_dir": "artifacts/probes/mvp/mvp_probe_linear_ltx_video_ltxv_13b_0_9_8_distilled_20260510T113414Z/layer_noise_0.9_block_36/train/trial_0014",
            "params": {
              "batch_size": 32,
              "epochs": 500,
              "lr": 0.001037139364433572,
              "weight_decay": 4.230565857268671e-05
            },
            "trial_number": 14,
            "value": 34.17593528816987
          },
          {
            "checkpoint": "artifacts/probes/mvp/mvp_probe_linear_ltx_video_ltxv_13b_0_9_8_distilled_20260510T113414Z/layer_noise_0.9_block_36/train/trial_0016/probe_best.pt",
            "eval_output_dir": "artifacts/probes/mvp/mvp_probe_linear_ltx_video_ltxv_13b_0_9_8_distilled_20260510T113414Z/layer_noise_0.9_block_36/train/trial_0016/val_eval",
            "output_dir": "artifacts/probes/mvp/mvp_probe_linear_ltx_video_ltxv_13b_0_9_8_distilled_20260510T113414Z/layer_noise_0.9_block_36/train/trial_0016",
            "params": {
              "batch_size": 32,
              "epochs": 500,
              "lr": 0.0012690764532532696,
              "weight_decay": 0.0003306331267262618
            },
            "trial_number": 16,
            "value": 34.580384226491404
          },
          {
            "checkpoint": "artifacts/probes/mvp/mvp_probe_linear_ltx_video_ltxv_13b_0_9_8_distilled_20260510T113414Z/layer_noise_0.9_block_36/train/trial_0017/probe_best.pt",
            "eval_output_dir": "artifacts/probes/mvp/mvp_probe_linear_ltx_video_ltxv_13b_0_9_8_distilled_20260510T113414Z/layer_noise_0.9_block_36/train/trial_0017/val_eval",
            "output_dir": "artifacts/probes/mvp/mvp_probe_linear_ltx_video_ltxv_13b_0_9_8_distilled_20260510T113414Z/layer_noise_0.9_block_36/train/trial_0017",
            "params": {
              "batch_size": 64,
              "epochs": 2000,
              "lr": 0.00865173064237347,
              "weight_decay": 1.0677590289570667e-08
            },
            "trial_number": 17,
            "value": 33.46814964610718
          },
          {
            "checkpoint": "artifacts/probes/mvp/mvp_probe_linear_ltx_video_ltxv_13b_0_9_8_distilled_20260510T113414Z/layer_noise_0.9_block_36/train/trial_0018/probe_best.pt",
            "eval_output_dir": "artifacts/probes/mvp/mvp_probe_linear_ltx_video_ltxv_13b_0_9_8_distilled_20260510T113414Z/layer_noise_0.9_block_36/train/trial_0018/val_eval",
            "output_dir": "artifacts/probes/mvp/mvp_probe_linear_ltx_video_ltxv_13b_0_9_8_distilled_20260510T113414Z/layer_noise_0.9_block_36/train/trial_0018",
            "params": {
              "batch_size": 256,
              "epochs": 20,
              "lr": 0.0005921386313784544,
              "weight_decay": 6.77429780032336e-06
            },
            "trial_number": 18,
            "value": 25.884732052578364
          },
          {
            "checkpoint": "artifacts/probes/mvp/mvp_probe_linear_ltx_video_ltxv_13b_0_9_8_distilled_20260510T113414Z/layer_noise_0.9_block_36/train/trial_0019/probe_best.pt",
            "eval_output_dir": "artifacts/probes/mvp/mvp_probe_linear_ltx_video_ltxv_13b_0_9_8_distilled_20260510T113414Z/layer_noise_0.9_block_36/train/trial_0019/val_eval",
            "output_dir": "artifacts/probes/mvp/mvp_probe_linear_ltx_video_ltxv_13b_0_9_8_distilled_20260510T113414Z/layer_noise_0.9_block_36/train/trial_0019",
            "params": {
              "batch_size": 64,
              "epochs": 500,
              "lr": 0.0025571303730192144,
              "weight_decay": 6.617254002900422e-07
            },
            "trial_number": 19,
            "value": 35.18705763397371
          }
        ]
      }
    },
    {
      "checkpoint": "artifacts/probes/mvp/mvp_probe_linear_ltx_video_ltxv_13b_0_9_8_distilled_20260510T113414Z/layer_noise_0.8_block_36/train/trial_0005/probe_best.pt",
      "eval": {
        "base_eval": {
          "metrics": {
            "accuracy": 62.133468149646106,
            "n_pairs": 989,
            "n_samples": 1978,
            "pair_consistency": 35.49039433771487
          },
          "output_dir": "artifacts/probes/mvp/mvp_probe_linear_ltx_video_ltxv_13b_0_9_8_distilled_20260510T113414Z/layer_noise_0.8_block_36/eval/test",
          "split_dir": "data/splits/mvp/full_60_20_20"
        },
        "checkpoint": "artifacts/probes/mvp/mvp_probe_linear_ltx_video_ltxv_13b_0_9_8_distilled_20260510T113414Z/layer_noise_0.8_block_36/train/trial_0005/probe_best.pt",
        "dataset": "mvp",
        "feature_signature": "7a044c58a91d3409",
        "metrics": {
          "accuracy": 62.133468149646106,
          "n_pairs": 989,
          "n_samples": 1978,
          "pair_consistency": 35.49039433771487
        },
        "metrics_by_split": {
          "test": {
            "accuracy": 62.133468149646106,
            "n_pairs": 989,
            "n_samples": 1978,
            "pair_consistency": 35.49039433771487
          },
          "train": {
            "accuracy": 79.79763912310287,
            "n_pairs": 2965,
            "n_samples": 5930,
            "pair_consistency": 61.65261382799325
          },
          "val": {
            "accuracy": 65.72295247724975,
            "n_pairs": 989,
            "n_samples": 1978,
            "pair_consistency": 40.24266936299292
          }
        },
        "objective_metric": 35.49039433771487,
        "prediction_file": "artifacts/probes/mvp/mvp_probe_linear_ltx_video_ltxv_13b_0_9_8_distilled_20260510T113414Z/layer_noise_0.8_block_36/eval/test/probe_predictions.json",
        "prediction_files": {
          "test": "artifacts/probes/mvp/mvp_probe_linear_ltx_video_ltxv_13b_0_9_8_distilled_20260510T113414Z/layer_noise_0.8_block_36/eval/test/probe_predictions.json",
          "train": "artifacts/probes/mvp/mvp_probe_linear_ltx_video_ltxv_13b_0_9_8_distilled_20260510T113414Z/layer_noise_0.8_block_36/eval/train/probe_predictions.json",
          "val": "artifacts/probes/mvp/mvp_probe_linear_ltx_video_ltxv_13b_0_9_8_distilled_20260510T113414Z/layer_noise_0.8_block_36/eval/val/probe_predictions.json"
        },
        "probe_eval_dir": "artifacts/probes/mvp/mvp_probe_linear_ltx_video_ltxv_13b_0_9_8_distilled_20260510T113414Z/layer_noise_0.8_block_36/eval",
        "probe_name": "linear",
        "reported_splits": [
          "train",
          "val",
          "test"
        ],
        "split_eval_dirs": {
          "test": "artifacts/probes/mvp/mvp_probe_linear_ltx_video_ltxv_13b_0_9_8_distilled_20260510T113414Z/layer_noise_0.8_block_36/eval/test",
          "train": "artifacts/probes/mvp/mvp_probe_linear_ltx_video_ltxv_13b_0_9_8_distilled_20260510T113414Z/layer_noise_0.8_block_36/eval/train",
          "val": "artifacts/probes/mvp/mvp_probe_linear_ltx_video_ltxv_13b_0_9_8_distilled_20260510T113414Z/layer_noise_0.8_block_36/eval/val"
        },
        "split_evals": {
          "test": {
            "base_eval": {
              "metrics": {
                "accuracy": 62.133468149646106,
                "n_pairs": 989,
                "n_samples": 1978,
                "pair_consistency": 35.49039433771487
              },
              "output_dir": "artifacts/probes/mvp/mvp_probe_linear_ltx_video_ltxv_13b_0_9_8_distilled_20260510T113414Z/layer_noise_0.8_block_36/eval/test",
              "split_dir": "data/splits/mvp/full_60_20_20"
            },
            "checkpoint": "artifacts/probes/mvp/mvp_probe_linear_ltx_video_ltxv_13b_0_9_8_distilled_20260510T113414Z/layer_noise_0.8_block_36/train/trial_0005/probe_best.pt",
            "dataset": "mvp",
            "feature_signature": "7a044c58a91d3409",
            "metrics": {
              "accuracy": 62.133468149646106,
              "n_pairs": 989,
              "n_samples": 1978,
              "pair_consistency": 35.49039433771487
            },
            "objective_metric": 35.49039433771487,
            "prediction_file": "artifacts/probes/mvp/mvp_probe_linear_ltx_video_ltxv_13b_0_9_8_distilled_20260510T113414Z/layer_noise_0.8_block_36/eval/test/probe_predictions.json",
            "probe_eval_dir": "artifacts/probes/mvp/mvp_probe_linear_ltx_video_ltxv_13b_0_9_8_distilled_20260510T113414Z/layer_noise_0.8_block_36/eval/test",
            "probe_name": "linear",
            "split_name": "test"
          },
          "train": {
            "base_eval": {
              "metrics": {
                "accuracy": 79.79763912310287,
                "n_pairs": 2965,
                "n_samples": 5930,
                "pair_consistency": 61.65261382799325
              },
              "output_dir": "artifacts/probes/mvp/mvp_probe_linear_ltx_video_ltxv_13b_0_9_8_distilled_20260510T113414Z/layer_noise_0.8_block_36/eval/train",
              "split_dir": "data/splits/mvp/full_60_20_20"
            },
            "checkpoint": "artifacts/probes/mvp/mvp_probe_linear_ltx_video_ltxv_13b_0_9_8_distilled_20260510T113414Z/layer_noise_0.8_block_36/train/trial_0005/probe_best.pt",
            "dataset": "mvp",
            "feature_signature": "7a044c58a91d3409",
            "metrics": {
              "accuracy": 79.79763912310287,
              "n_pairs": 2965,
              "n_samples": 5930,
              "pair_consistency": 61.65261382799325
            },
            "objective_metric": 61.65261382799325,
            "prediction_file": "artifacts/probes/mvp/mvp_probe_linear_ltx_video_ltxv_13b_0_9_8_distilled_20260510T113414Z/layer_noise_0.8_block_36/eval/train/probe_predictions.json",
            "probe_eval_dir": "artifacts/probes/mvp/mvp_probe_linear_ltx_video_ltxv_13b_0_9_8_distilled_20260510T113414Z/layer_noise_0.8_block_36/eval/train",
            "probe_name": "linear",
            "split_name": "train"
          },
          "val": {
            "base_eval": {
              "metrics": {
                "accuracy": 65.72295247724975,
                "n_pairs": 989,
                "n_samples": 1978,
                "pair_consistency": 40.24266936299292
              },
              "output_dir": "artifacts/probes/mvp/mvp_probe_linear_ltx_video_ltxv_13b_0_9_8_distilled_20260510T113414Z/layer_noise_0.8_block_36/eval/val",
              "split_dir": "data/splits/mvp/full_60_20_20"
            },
            "checkpoint": "artifacts/probes/mvp/mvp_probe_linear_ltx_video_ltxv_13b_0_9_8_distilled_20260510T113414Z/layer_noise_0.8_block_36/train/trial_0005/probe_best.pt",
            "dataset": "mvp",
            "feature_signature": "7a044c58a91d3409",
            "metrics": {
              "accuracy": 65.72295247724975,
              "n_pairs": 989,
              "n_samples": 1978,
              "pair_consistency": 40.24266936299292
            },
            "objective_metric": 40.24266936299292,
            "prediction_file": "artifacts/probes/mvp/mvp_probe_linear_ltx_video_ltxv_13b_0_9_8_distilled_20260510T113414Z/layer_noise_0.8_block_36/eval/val/probe_predictions.json",
            "probe_eval_dir": "artifacts/probes/mvp/mvp_probe_linear_ltx_video_ltxv_13b_0_9_8_distilled_20260510T113414Z/layer_noise_0.8_block_36/eval/val",
            "probe_name": "linear",
            "split_name": "val"
          }
        },
        "split_name": "test"
      },
      "layer": 11,
      "layer_label": "noise_0.8_block_36",
      "objective_metric": 35.49039433771487,
      "train": {
        "best_checkpoint": "artifacts/probes/mvp/mvp_probe_linear_ltx_video_ltxv_13b_0_9_8_distilled_20260510T113414Z/layer_noise_0.8_block_36/train/trial_0005/probe_best.pt",
        "best_eval_output_dir": "artifacts/probes/mvp/mvp_probe_linear_ltx_video_ltxv_13b_0_9_8_distilled_20260510T113414Z/layer_noise_0.8_block_36/train/trial_0005/val_eval",
        "best_output_dir": "artifacts/probes/mvp/mvp_probe_linear_ltx_video_ltxv_13b_0_9_8_distilled_20260510T113414Z/layer_noise_0.8_block_36/train/trial_0005",
        "best_params": {
          "batch_size": 32,
          "epochs": 500,
          "lr": 0.00014656553886225324,
          "weight_decay": 4.247116662617142e-07
        },
        "best_trial_number": 5,
        "best_value": 40.24266936299292,
        "checkpoint": "artifacts/probes/mvp/mvp_probe_linear_ltx_video_ltxv_13b_0_9_8_distilled_20260510T113414Z/layer_noise_0.8_block_36/train/trial_0005/probe_best.pt",
        "dataset": "mvp",
        "direction": "maximize",
        "layer": 11,
        "n_trials": 20,
        "objective_metric": "pair_consistency",
        "output_dir": "artifacts/probes/mvp/mvp_probe_linear_ltx_video_ltxv_13b_0_9_8_distilled_20260510T113414Z/layer_noise_0.8_block_36/train",
        "probe_name": "linear",
        "storage": "sqlite:////gpfs/home3/scur0511/Probe4Physics/artifacts/probes/mvp/mvp_probe_linear_ltx_video_ltxv_13b_0_9_8_distilled_20260510T113414Z/layer_noise_0.8_block_36/train/optuna_study.sqlite3",
        "study_name": "mvp_linear_ltx_video_layer_noise_0.8_block_36",
        "trials": [
          {
            "checkpoint": "artifacts/probes/mvp/mvp_probe_linear_ltx_video_ltxv_13b_0_9_8_distilled_20260510T113414Z/layer_noise_0.8_block_36/train/trial_0000/probe_best.pt",
            "eval_output_dir": "artifacts/probes/mvp/mvp_probe_linear_ltx_video_ltxv_13b_0_9_8_distilled_20260510T113414Z/layer_noise_0.8_block_36/train/trial_0000/val_eval",
            "output_dir": "artifacts/probes/mvp/mvp_probe_linear_ltx_video_ltxv_13b_0_9_8_distilled_20260510T113414Z/layer_noise_0.8_block_36/train/trial_0000",
            "params": {
              "batch_size": 32,
              "epochs": 2000,
              "lr": 0.0001329291894316216,
              "weight_decay": 0.005061576888752304
            },
            "trial_number": 0,
            "value": 39.93933265925177
          },
          {
            "checkpoint": "artifacts/probes/mvp/mvp_probe_linear_ltx_video_ltxv_13b_0_9_8_distilled_20260510T113414Z/layer_noise_0.8_block_36/train/trial_0001/probe_best.pt",
            "eval_output_dir": "artifacts/probes/mvp/mvp_probe_linear_ltx_video_ltxv_13b_0_9_8_distilled_20260510T113414Z/layer_noise_0.8_block_36/train/trial_0001/val_eval",
            "output_dir": "artifacts/probes/mvp/mvp_probe_linear_ltx_video_ltxv_13b_0_9_8_distilled_20260510T113414Z/layer_noise_0.8_block_36/train/trial_0001",
            "params": {
              "batch_size": 256,
              "epochs": 100,
              "lr": 0.00314288089084011,
              "weight_decay": 1.879466824163843e-07
            },
            "trial_number": 1,
            "value": 35.99595551061678
          },
          {
            "checkpoint": "artifacts/probes/mvp/mvp_probe_linear_ltx_video_ltxv_13b_0_9_8_distilled_20260510T113414Z/layer_noise_0.8_block_36/train/trial_0002/probe_best.pt",
            "eval_output_dir": "artifacts/probes/mvp/mvp_probe_linear_ltx_video_ltxv_13b_0_9_8_distilled_20260510T113414Z/layer_noise_0.8_block_36/train/trial_0002/val_eval",
            "output_dir": "artifacts/probes/mvp/mvp_probe_linear_ltx_video_ltxv_13b_0_9_8_distilled_20260510T113414Z/layer_noise_0.8_block_36/train/trial_0002",
            "params": {
              "batch_size": 128,
              "epochs": 1000,
              "lr": 0.00023345864076016249,
              "weight_decay": 0.0005141096648805752
            },
            "trial_number": 2,
            "value": 39.635995955510616
          },
          {
            "checkpoint": "artifacts/probes/mvp/mvp_probe_linear_ltx_video_ltxv_13b_0_9_8_distilled_20260510T113414Z/layer_noise_0.8_block_36/train/trial_0003/probe_best.pt",
            "eval_output_dir": "artifacts/probes/mvp/mvp_probe_linear_ltx_video_ltxv_13b_0_9_8_distilled_20260510T113414Z/layer_noise_0.8_block_36/train/trial_0003/val_eval",
            "output_dir": "artifacts/probes/mvp/mvp_probe_linear_ltx_video_ltxv_13b_0_9_8_distilled_20260510T113414Z/layer_noise_0.8_block_36/train/trial_0003",
            "params": {
              "batch_size": 32,
              "epochs": 50,
              "lr": 8.200518402245828e-05,
              "weight_decay": 3.855073690026179e-08
            },
            "trial_number": 3,
            "value": 34.27704752275025
          },
          {
            "checkpoint": "artifacts/probes/mvp/mvp_probe_linear_ltx_video_ltxv_13b_0_9_8_distilled_20260510T113414Z/layer_noise_0.8_block_36/train/trial_0004/probe_best.pt",
            "eval_output_dir": "artifacts/probes/mvp/mvp_probe_linear_ltx_video_ltxv_13b_0_9_8_distilled_20260510T113414Z/layer_noise_0.8_block_36/train/trial_0004/val_eval",
            "output_dir": "artifacts/probes/mvp/mvp_probe_linear_ltx_video_ltxv_13b_0_9_8_distilled_20260510T113414Z/layer_noise_0.8_block_36/train/trial_0004",
            "params": {
              "batch_size": 32,
              "epochs": 50,
              "lr": 0.00043664735929796326,
              "weight_decay": 1.2856617791467908e-07
            },
            "trial_number": 4,
            "value": 33.872598584428715
          },
          {
            "checkpoint": "artifacts/probes/mvp/mvp_probe_linear_ltx_video_ltxv_13b_0_9_8_distilled_20260510T113414Z/layer_noise_0.8_block_36/train/trial_0005/probe_best.pt",
            "eval_output_dir": "artifacts/probes/mvp/mvp_probe_linear_ltx_video_ltxv_13b_0_9_8_distilled_20260510T113414Z/layer_noise_0.8_block_36/train/trial_0005/val_eval",
            "output_dir": "artifacts/probes/mvp/mvp_probe_linear_ltx_video_ltxv_13b_0_9_8_distilled_20260510T113414Z/layer_noise_0.8_block_36/train/trial_0005",
            "params": {
              "batch_size": 32,
              "epochs": 500,
              "lr": 0.00014656553886225324,
              "weight_decay": 4.247116662617142e-07
            },
            "trial_number": 5,
            "value": 40.24266936299292
          },
          {
            "checkpoint": "artifacts/probes/mvp/mvp_probe_linear_ltx_video_ltxv_13b_0_9_8_distilled_20260510T113414Z/layer_noise_0.8_block_36/train/trial_0008/probe_best.pt",
            "eval_output_dir": "artifacts/probes/mvp/mvp_probe_linear_ltx_video_ltxv_13b_0_9_8_distilled_20260510T113414Z/layer_noise_0.8_block_36/train/trial_0008/val_eval",
            "output_dir": "artifacts/probes/mvp/mvp_probe_linear_ltx_video_ltxv_13b_0_9_8_distilled_20260510T113414Z/layer_noise_0.8_block_36/train/trial_0008",
            "params": {
              "batch_size": 256,
              "epochs": 100,
              "lr": 0.0003699972431463808,
              "weight_decay": 3.6749049453053196e-06
            },
            "trial_number": 8,
            "value": 34.580384226491404
          },
          {
            "checkpoint": "artifacts/probes/mvp/mvp_probe_linear_ltx_video_ltxv_13b_0_9_8_distilled_20260510T113414Z/layer_noise_0.8_block_36/train/trial_0013/probe_best.pt",
            "eval_output_dir": "artifacts/probes/mvp/mvp_probe_linear_ltx_video_ltxv_13b_0_9_8_distilled_20260510T113414Z/layer_noise_0.8_block_36/train/trial_0013/val_eval",
            "output_dir": "artifacts/probes/mvp/mvp_probe_linear_ltx_video_ltxv_13b_0_9_8_distilled_20260510T113414Z/layer_noise_0.8_block_36/train/trial_0013",
            "params": {
              "batch_size": 32,
              "epochs": 20,
              "lr": 0.00014252073771131227,
              "weight_decay": 2.928233826405194e-06
            },
            "trial_number": 13,
            "value": 30.940343781597573
          },
          {
            "checkpoint": "artifacts/probes/mvp/mvp_probe_linear_ltx_video_ltxv_13b_0_9_8_distilled_20260510T113414Z/layer_noise_0.8_block_36/train/trial_0016/probe_best.pt",
            "eval_output_dir": "artifacts/probes/mvp/mvp_probe_linear_ltx_video_ltxv_13b_0_9_8_distilled_20260510T113414Z/layer_noise_0.8_block_36/train/trial_0016/val_eval",
            "output_dir": "artifacts/probes/mvp/mvp_probe_linear_ltx_video_ltxv_13b_0_9_8_distilled_20260510T113414Z/layer_noise_0.8_block_36/train/trial_0016",
            "params": {
              "batch_size": 32,
              "epochs": 500,
              "lr": 0.00023010761230790708,
              "weight_decay": 2.8885077586268315e-07
            },
            "trial_number": 16,
            "value": 40.141557128412536
          }
        ]
      }
    },
    {
      "checkpoint": "artifacts/probes/mvp/mvp_probe_linear_ltx_video_ltxv_13b_0_9_8_distilled_20260510T113414Z/layer_noise_0.7_block_36/train/trial_0000/probe_best.pt",
      "eval": {
        "base_eval": {
          "metrics": {
            "accuracy": 66.32962588473205,
            "n_pairs": 989,
            "n_samples": 1978,
            "pair_consistency": 41.6582406471183
          },
          "output_dir": "artifacts/probes/mvp/mvp_probe_linear_ltx_video_ltxv_13b_0_9_8_distilled_20260510T113414Z/layer_noise_0.7_block_36/eval/test",
          "split_dir": "data/splits/mvp/full_60_20_20"
        },
        "checkpoint": "artifacts/probes/mvp/mvp_probe_linear_ltx_video_ltxv_13b_0_9_8_distilled_20260510T113414Z/layer_noise_0.7_block_36/train/trial_0000/probe_best.pt",
        "dataset": "mvp",
        "feature_signature": "7a044c58a91d3409",
        "metrics": {
          "accuracy": 66.32962588473205,
          "n_pairs": 989,
          "n_samples": 1978,
          "pair_consistency": 41.6582406471183
        },
        "metrics_by_split": {
          "test": {
            "accuracy": 66.32962588473205,
            "n_pairs": 989,
            "n_samples": 1978,
            "pair_consistency": 41.6582406471183
          },
          "train": {
            "accuracy": 84.56998313659359,
            "n_pairs": 2965,
            "n_samples": 5930,
            "pair_consistency": 70.52276559865092
          },
          "val": {
            "accuracy": 65.52072800808898,
            "n_pairs": 989,
            "n_samples": 1978,
            "pair_consistency": 41.45601617795754
          }
        },
        "objective_metric": 41.6582406471183,
        "prediction_file": "artifacts/probes/mvp/mvp_probe_linear_ltx_video_ltxv_13b_0_9_8_distilled_20260510T113414Z/layer_noise_0.7_block_36/eval/test/probe_predictions.json",
        "prediction_files": {
          "test": "artifacts/probes/mvp/mvp_probe_linear_ltx_video_ltxv_13b_0_9_8_distilled_20260510T113414Z/layer_noise_0.7_block_36/eval/test/probe_predictions.json",
          "train": "artifacts/probes/mvp/mvp_probe_linear_ltx_video_ltxv_13b_0_9_8_distilled_20260510T113414Z/layer_noise_0.7_block_36/eval/train/probe_predictions.json",
          "val": "artifacts/probes/mvp/mvp_probe_linear_ltx_video_ltxv_13b_0_9_8_distilled_20260510T113414Z/layer_noise_0.7_block_36/eval/val/probe_predictions.json"
        },
        "probe_eval_dir": "artifacts/probes/mvp/mvp_probe_linear_ltx_video_ltxv_13b_0_9_8_distilled_20260510T113414Z/layer_noise_0.7_block_36/eval",
        "probe_name": "linear",
        "reported_splits": [
          "train",
          "val",
          "test"
        ],
        "split_eval_dirs": {
          "test": "artifacts/probes/mvp/mvp_probe_linear_ltx_video_ltxv_13b_0_9_8_distilled_20260510T113414Z/layer_noise_0.7_block_36/eval/test",
          "train": "artifacts/probes/mvp/mvp_probe_linear_ltx_video_ltxv_13b_0_9_8_distilled_20260510T113414Z/layer_noise_0.7_block_36/eval/train",
          "val": "artifacts/probes/mvp/mvp_probe_linear_ltx_video_ltxv_13b_0_9_8_distilled_20260510T113414Z/layer_noise_0.7_block_36/eval/val"
        },
        "split_evals": {
          "test": {
            "base_eval": {
              "metrics": {
                "accuracy": 66.32962588473205,
                "n_pairs": 989,
                "n_samples": 1978,
                "pair_consistency": 41.6582406471183
              },
              "output_dir": "artifacts/probes/mvp/mvp_probe_linear_ltx_video_ltxv_13b_0_9_8_distilled_20260510T113414Z/layer_noise_0.7_block_36/eval/test",
              "split_dir": "data/splits/mvp/full_60_20_20"
            },
            "checkpoint": "artifacts/probes/mvp/mvp_probe_linear_ltx_video_ltxv_13b_0_9_8_distilled_20260510T113414Z/layer_noise_0.7_block_36/train/trial_0000/probe_best.pt",
            "dataset": "mvp",
            "feature_signature": "7a044c58a91d3409",
            "metrics": {
              "accuracy": 66.32962588473205,
              "n_pairs": 989,
              "n_samples": 1978,
              "pair_consistency": 41.6582406471183
            },
            "objective_metric": 41.6582406471183,
            "prediction_file": "artifacts/probes/mvp/mvp_probe_linear_ltx_video_ltxv_13b_0_9_8_distilled_20260510T113414Z/layer_noise_0.7_block_36/eval/test/probe_predictions.json",
            "probe_eval_dir": "artifacts/probes/mvp/mvp_probe_linear_ltx_video_ltxv_13b_0_9_8_distilled_20260510T113414Z/layer_noise_0.7_block_36/eval/test",
            "probe_name": "linear",
            "split_name": "test"
          },
          "train": {
            "base_eval": {
              "metrics": {
                "accuracy": 84.56998313659359,
                "n_pairs": 2965,
                "n_samples": 5930,
                "pair_consistency": 70.52276559865092
              },
              "output_dir": "artifacts/probes/mvp/mvp_probe_linear_ltx_video_ltxv_13b_0_9_8_distilled_20260510T113414Z/layer_noise_0.7_block_36/eval/train",
              "split_dir": "data/splits/mvp/full_60_20_20"
            },
            "checkpoint": "artifacts/probes/mvp/mvp_probe_linear_ltx_video_ltxv_13b_0_9_8_distilled_20260510T113414Z/layer_noise_0.7_block_36/train/trial_0000/probe_best.pt",
            "dataset": "mvp",
            "feature_signature": "7a044c58a91d3409",
            "metrics": {
              "accuracy": 84.56998313659359,
              "n_pairs": 2965,
              "n_samples": 5930,
              "pair_consistency": 70.52276559865092
            },
            "objective_metric": 70.52276559865092,
            "prediction_file": "artifacts/probes/mvp/mvp_probe_linear_ltx_video_ltxv_13b_0_9_8_distilled_20260510T113414Z/layer_noise_0.7_block_36/eval/train/probe_predictions.json",
            "probe_eval_dir": "artifacts/probes/mvp/mvp_probe_linear_ltx_video_ltxv_13b_0_9_8_distilled_20260510T113414Z/layer_noise_0.7_block_36/eval/train",
            "probe_name": "linear",
            "split_name": "train"
          },
          "val": {
            "base_eval": {
              "metrics": {
                "accuracy": 65.52072800808898,
                "n_pairs": 989,
                "n_samples": 1978,
                "pair_consistency": 41.45601617795754
              },
              "output_dir": "artifacts/probes/mvp/mvp_probe_linear_ltx_video_ltxv_13b_0_9_8_distilled_20260510T113414Z/layer_noise_0.7_block_36/eval/val",
              "split_dir": "data/splits/mvp/full_60_20_20"
            },
            "checkpoint": "artifacts/probes/mvp/mvp_probe_linear_ltx_video_ltxv_13b_0_9_8_distilled_20260510T113414Z/layer_noise_0.7_block_36/train/trial_0000/probe_best.pt",
            "dataset": "mvp",
            "feature_signature": "7a044c58a91d3409",
            "metrics": {
              "accuracy": 65.52072800808898,
              "n_pairs": 989,
              "n_samples": 1978,
              "pair_consistency": 41.45601617795754
            },
            "objective_metric": 41.45601617795754,
            "prediction_file": "artifacts/probes/mvp/mvp_probe_linear_ltx_video_ltxv_13b_0_9_8_distilled_20260510T113414Z/layer_noise_0.7_block_36/eval/val/probe_predictions.json",
            "probe_eval_dir": "artifacts/probes/mvp/mvp_probe_linear_ltx_video_ltxv_13b_0_9_8_distilled_20260510T113414Z/layer_noise_0.7_block_36/eval/val",
            "probe_name": "linear",
            "split_name": "val"
          }
        },
        "split_name": "test"
      },
      "layer": 15,
      "layer_label": "noise_0.7_block_36",
      "objective_metric": 41.6582406471183,
      "train": {
        "best_checkpoint": "artifacts/probes/mvp/mvp_probe_linear_ltx_video_ltxv_13b_0_9_8_distilled_20260510T113414Z/layer_noise_0.7_block_36/train/trial_0000/probe_best.pt",
        "best_eval_output_dir": "artifacts/probes/mvp/mvp_probe_linear_ltx_video_ltxv_13b_0_9_8_distilled_20260510T113414Z/layer_noise_0.7_block_36/train/trial_0000/val_eval",
        "best_output_dir": "artifacts/probes/mvp/mvp_probe_linear_ltx_video_ltxv_13b_0_9_8_distilled_20260510T113414Z/layer_noise_0.7_block_36/train/trial_0000",
        "best_params": {
          "batch_size": 32,
          "epochs": 2000,
          "lr": 0.0001329291894316216,
          "weight_decay": 0.005061576888752304
        },
        "best_trial_number": 0,
        "best_value": 41.45601617795754,
        "checkpoint": "artifacts/probes/mvp/mvp_probe_linear_ltx_video_ltxv_13b_0_9_8_distilled_20260510T113414Z/layer_noise_0.7_block_36/train/trial_0000/probe_best.pt",
        "dataset": "mvp",
        "direction": "maximize",
        "layer": 15,
        "n_trials": 20,
        "objective_metric": "pair_consistency",
        "output_dir": "artifacts/probes/mvp/mvp_probe_linear_ltx_video_ltxv_13b_0_9_8_distilled_20260510T113414Z/layer_noise_0.7_block_36/train",
        "probe_name": "linear",
        "storage": "sqlite:////gpfs/home3/scur0511/Probe4Physics/artifacts/probes/mvp/mvp_probe_linear_ltx_video_ltxv_13b_0_9_8_distilled_20260510T113414Z/layer_noise_0.7_block_36/train/optuna_study.sqlite3",
        "study_name": "mvp_linear_ltx_video_layer_noise_0.7_block_36",
        "trials": [
          {
            "checkpoint": "artifacts/probes/mvp/mvp_probe_linear_ltx_video_ltxv_13b_0_9_8_distilled_20260510T113414Z/layer_noise_0.7_block_36/train/trial_0000/probe_best.pt",
            "eval_output_dir": "artifacts/probes/mvp/mvp_probe_linear_ltx_video_ltxv_13b_0_9_8_distilled_20260510T113414Z/layer_noise_0.7_block_36/train/trial_0000/val_eval",
            "output_dir": "artifacts/probes/mvp/mvp_probe_linear_ltx_video_ltxv_13b_0_9_8_distilled_20260510T113414Z/layer_noise_0.7_block_36/train/trial_0000",
            "params": {
              "batch_size": 32,
              "epochs": 2000,
              "lr": 0.0001329291894316216,
              "weight_decay": 0.005061576888752304
            },
            "trial_number": 0,
            "value": 41.45601617795754
          },
          {
            "checkpoint": "artifacts/probes/mvp/mvp_probe_linear_ltx_video_ltxv_13b_0_9_8_distilled_20260510T113414Z/layer_noise_0.7_block_36/train/trial_0001/probe_best.pt",
            "eval_output_dir": "artifacts/probes/mvp/mvp_probe_linear_ltx_video_ltxv_13b_0_9_8_distilled_20260510T113414Z/layer_noise_0.7_block_36/train/trial_0001/val_eval",
            "output_dir": "artifacts/probes/mvp/mvp_probe_linear_ltx_video_ltxv_13b_0_9_8_distilled_20260510T113414Z/layer_noise_0.7_block_36/train/trial_0001",
            "params": {
              "batch_size": 256,
              "epochs": 100,
              "lr": 0.00314288089084011,
              "weight_decay": 1.879466824163843e-07
            },
            "trial_number": 1,
            "value": 37.51263902932255
          },
          {
            "checkpoint": "artifacts/probes/mvp/mvp_probe_linear_ltx_video_ltxv_13b_0_9_8_distilled_20260510T113414Z/layer_noise_0.7_block_36/train/trial_0002/probe_best.pt",
            "eval_output_dir": "artifacts/probes/mvp/mvp_probe_linear_ltx_video_ltxv_13b_0_9_8_distilled_20260510T113414Z/layer_noise_0.7_block_36/train/trial_0002/val_eval",
            "output_dir": "artifacts/probes/mvp/mvp_probe_linear_ltx_video_ltxv_13b_0_9_8_distilled_20260510T113414Z/layer_noise_0.7_block_36/train/trial_0002",
            "params": {
              "batch_size": 128,
              "epochs": 1000,
              "lr": 0.00023345864076016249,
              "weight_decay": 0.0005141096648805752
            },
            "trial_number": 2,
            "value": 41.15267947421638
          },
          {
            "checkpoint": "artifacts/probes/mvp/mvp_probe_linear_ltx_video_ltxv_13b_0_9_8_distilled_20260510T113414Z/layer_noise_0.7_block_36/train/trial_0003/probe_best.pt",
            "eval_output_dir": "artifacts/probes/mvp/mvp_probe_linear_ltx_video_ltxv_13b_0_9_8_distilled_20260510T113414Z/layer_noise_0.7_block_36/train/trial_0003/val_eval",
            "output_dir": "artifacts/probes/mvp/mvp_probe_linear_ltx_video_ltxv_13b_0_9_8_distilled_20260510T113414Z/layer_noise_0.7_block_36/train/trial_0003",
            "params": {
              "batch_size": 32,
              "epochs": 50,
              "lr": 8.200518402245828e-05,
              "weight_decay": 3.855073690026179e-08
            },
            "trial_number": 3,
            "value": 35.49039433771487
          },
          {
            "checkpoint": "artifacts/probes/mvp/mvp_probe_linear_ltx_video_ltxv_13b_0_9_8_distilled_20260510T113414Z/layer_noise_0.7_block_36/train/trial_0004/probe_best.pt",
            "eval_output_dir": "artifacts/probes/mvp/mvp_probe_linear_ltx_video_ltxv_13b_0_9_8_distilled_20260510T113414Z/layer_noise_0.7_block_36/train/trial_0004/val_eval",
            "output_dir": "artifacts/probes/mvp/mvp_probe_linear_ltx_video_ltxv_13b_0_9_8_distilled_20260510T113414Z/layer_noise_0.7_block_36/train/trial_0004",
            "params": {
              "batch_size": 32,
              "epochs": 50,
              "lr": 0.00043664735929796326,
              "weight_decay": 1.2856617791467908e-07
            },
            "trial_number": 4,
            "value": 37.613751263902934
          },
          {
            "checkpoint": "artifacts/probes/mvp/mvp_probe_linear_ltx_video_ltxv_13b_0_9_8_distilled_20260510T113414Z/layer_noise_0.7_block_36/train/trial_0005/probe_best.pt",
            "eval_output_dir": "artifacts/probes/mvp/mvp_probe_linear_ltx_video_ltxv_13b_0_9_8_distilled_20260510T113414Z/layer_noise_0.7_block_36/train/trial_0005/val_eval",
            "output_dir": "artifacts/probes/mvp/mvp_probe_linear_ltx_video_ltxv_13b_0_9_8_distilled_20260510T113414Z/layer_noise_0.7_block_36/train/trial_0005",
            "params": {
              "batch_size": 32,
              "epochs": 500,
              "lr": 0.00014656553886225324,
              "weight_decay": 4.247116662617142e-07
            },
            "trial_number": 5,
            "value": 41.25379170879677
          },
          {
            "checkpoint": "artifacts/probes/mvp/mvp_probe_linear_ltx_video_ltxv_13b_0_9_8_distilled_20260510T113414Z/layer_noise_0.7_block_36/train/trial_0013/probe_best.pt",
            "eval_output_dir": "artifacts/probes/mvp/mvp_probe_linear_ltx_video_ltxv_13b_0_9_8_distilled_20260510T113414Z/layer_noise_0.7_block_36/train/trial_0013/val_eval",
            "output_dir": "artifacts/probes/mvp/mvp_probe_linear_ltx_video_ltxv_13b_0_9_8_distilled_20260510T113414Z/layer_noise_0.7_block_36/train/trial_0013",
            "params": {
              "batch_size": 32,
              "epochs": 20,
              "lr": 0.00014252073771131227,
              "weight_decay": 0.008946810000979412
            },
            "trial_number": 13,
            "value": 31.850353892821033
          },
          {
            "checkpoint": "artifacts/probes/mvp/mvp_probe_linear_ltx_video_ltxv_13b_0_9_8_distilled_20260510T113414Z/layer_noise_0.7_block_36/train/trial_0017/probe_best.pt",
            "eval_output_dir": "artifacts/probes/mvp/mvp_probe_linear_ltx_video_ltxv_13b_0_9_8_distilled_20260510T113414Z/layer_noise_0.7_block_36/train/trial_0017/val_eval",
            "output_dir": "artifacts/probes/mvp/mvp_probe_linear_ltx_video_ltxv_13b_0_9_8_distilled_20260510T113414Z/layer_noise_0.7_block_36/train/trial_0017",
            "params": {
              "batch_size": 32,
              "epochs": 20,
              "lr": 0.007985634897281529,
              "weight_decay": 1.2297660068623619e-05
            },
            "trial_number": 17,
            "value": 31.547017189079877
          }
        ]
      }
    },
    {
      "checkpoint": "artifacts/probes/mvp/mvp_probe_linear_ltx_video_ltxv_13b_0_9_8_distilled_20260510T113414Z/layer_noise_0.6_block_36/train/trial_0000/probe_best.pt",
      "eval": {
        "base_eval": {
          "metrics": {
            "accuracy": 66.12740141557128,
            "n_pairs": 989,
            "n_samples": 1978,
            "pair_consistency": 41.55712841253792
          },
          "output_dir": "artifacts/probes/mvp/mvp_probe_linear_ltx_video_ltxv_13b_0_9_8_distilled_20260510T113414Z/layer_noise_0.6_block_36/eval/test",
          "split_dir": "data/splits/mvp/full_60_20_20"
        },
        "checkpoint": "artifacts/probes/mvp/mvp_probe_linear_ltx_video_ltxv_13b_0_9_8_distilled_20260510T113414Z/layer_noise_0.6_block_36/train/trial_0000/probe_best.pt",
        "dataset": "mvp",
        "feature_signature": "7a044c58a91d3409",
        "metrics": {
          "accuracy": 66.12740141557128,
          "n_pairs": 989,
          "n_samples": 1978,
          "pair_consistency": 41.55712841253792
        },
        "metrics_by_split": {
          "test": {
            "accuracy": 66.12740141557128,
            "n_pairs": 989,
            "n_samples": 1978,
            "pair_consistency": 41.55712841253792
          },
          "train": {
            "accuracy": 90.65767284991568,
            "n_pairs": 2965,
            "n_samples": 5930,
            "pair_consistency": 82.49578414839797
          },
          "val": {
            "accuracy": 68.20020222446917,
            "n_pairs": 989,
            "n_samples": 1978,
            "pair_consistency": 44.69160768452983
          }
        },
        "objective_metric": 41.55712841253792,
        "prediction_file": "artifacts/probes/mvp/mvp_probe_linear_ltx_video_ltxv_13b_0_9_8_distilled_20260510T113414Z/layer_noise_0.6_block_36/eval/test/probe_predictions.json",
        "prediction_files": {
          "test": "artifacts/probes/mvp/mvp_probe_linear_ltx_video_ltxv_13b_0_9_8_distilled_20260510T113414Z/layer_noise_0.6_block_36/eval/test/probe_predictions.json",
          "train": "artifacts/probes/mvp/mvp_probe_linear_ltx_video_ltxv_13b_0_9_8_distilled_20260510T113414Z/layer_noise_0.6_block_36/eval/train/probe_predictions.json",
          "val": "artifacts/probes/mvp/mvp_probe_linear_ltx_video_ltxv_13b_0_9_8_distilled_20260510T113414Z/layer_noise_0.6_block_36/eval/val/probe_predictions.json"
        },
        "probe_eval_dir": "artifacts/probes/mvp/mvp_probe_linear_ltx_video_ltxv_13b_0_9_8_distilled_20260510T113414Z/layer_noise_0.6_block_36/eval",
        "probe_name": "linear",
        "reported_splits": [
          "train",
          "val",
          "test"
        ],
        "split_eval_dirs": {
          "test": "artifacts/probes/mvp/mvp_probe_linear_ltx_video_ltxv_13b_0_9_8_distilled_20260510T113414Z/layer_noise_0.6_block_36/eval/test",
          "train": "artifacts/probes/mvp/mvp_probe_linear_ltx_video_ltxv_13b_0_9_8_distilled_20260510T113414Z/layer_noise_0.6_block_36/eval/train",
          "val": "artifacts/probes/mvp/mvp_probe_linear_ltx_video_ltxv_13b_0_9_8_distilled_20260510T113414Z/layer_noise_0.6_block_36/eval/val"
        },
        "split_evals": {
          "test": {
            "base_eval": {
              "metrics": {
                "accuracy": 66.12740141557128,
                "n_pairs": 989,
                "n_samples": 1978,
                "pair_consistency": 41.55712841253792
              },
              "output_dir": "artifacts/probes/mvp/mvp_probe_linear_ltx_video_ltxv_13b_0_9_8_distilled_20260510T113414Z/layer_noise_0.6_block_36/eval/test",
              "split_dir": "data/splits/mvp/full_60_20_20"
            },
            "checkpoint": "artifacts/probes/mvp/mvp_probe_linear_ltx_video_ltxv_13b_0_9_8_distilled_20260510T113414Z/layer_noise_0.6_block_36/train/trial_0000/probe_best.pt",
            "dataset": "mvp",
            "feature_signature": "7a044c58a91d3409",
            "metrics": {
              "accuracy": 66.12740141557128,
              "n_pairs": 989,
              "n_samples": 1978,
              "pair_consistency": 41.55712841253792
            },
            "objective_metric": 41.55712841253792,
            "prediction_file": "artifacts/probes/mvp/mvp_probe_linear_ltx_video_ltxv_13b_0_9_8_distilled_20260510T113414Z/layer_noise_0.6_block_36/eval/test/probe_predictions.json",
            "probe_eval_dir": "artifacts/probes/mvp/mvp_probe_linear_ltx_video_ltxv_13b_0_9_8_distilled_20260510T113414Z/layer_noise_0.6_block_36/eval/test",
            "probe_name": "linear",
            "split_name": "test"
          },
          "train": {
            "base_eval": {
              "metrics": {
                "accuracy": 90.65767284991568,
                "n_pairs": 2965,
                "n_samples": 5930,
                "pair_consistency": 82.49578414839797
              },
              "output_dir": "artifacts/probes/mvp/mvp_probe_linear_ltx_video_ltxv_13b_0_9_8_distilled_20260510T113414Z/layer_noise_0.6_block_36/eval/train",
              "split_dir": "data/splits/mvp/full_60_20_20"
            },
            "checkpoint": "artifacts/probes/mvp/mvp_probe_linear_ltx_video_ltxv_13b_0_9_8_distilled_20260510T113414Z/layer_noise_0.6_block_36/train/trial_0000/probe_best.pt",
            "dataset": "mvp",
            "feature_signature": "7a044c58a91d3409",
            "metrics": {
              "accuracy": 90.65767284991568,
              "n_pairs": 2965,
              "n_samples": 5930,
              "pair_consistency": 82.49578414839797
            },
            "objective_metric": 82.49578414839797,
            "prediction_file": "artifacts/probes/mvp/mvp_probe_linear_ltx_video_ltxv_13b_0_9_8_distilled_20260510T113414Z/layer_noise_0.6_block_36/eval/train/probe_predictions.json",
            "probe_eval_dir": "artifacts/probes/mvp/mvp_probe_linear_ltx_video_ltxv_13b_0_9_8_distilled_20260510T113414Z/layer_noise_0.6_block_36/eval/train",
            "probe_name": "linear",
            "split_name": "train"
          },
          "val": {
            "base_eval": {
              "metrics": {
                "accuracy": 68.20020222446917,
                "n_pairs": 989,
                "n_samples": 1978,
                "pair_consistency": 44.69160768452983
              },
              "output_dir": "artifacts/probes/mvp/mvp_probe_linear_ltx_video_ltxv_13b_0_9_8_distilled_20260510T113414Z/layer_noise_0.6_block_36/eval/val",
              "split_dir": "data/splits/mvp/full_60_20_20"
            },
            "checkpoint": "artifacts/probes/mvp/mvp_probe_linear_ltx_video_ltxv_13b_0_9_8_distilled_20260510T113414Z/layer_noise_0.6_block_36/train/trial_0000/probe_best.pt",
            "dataset": "mvp",
            "feature_signature": "7a044c58a91d3409",
            "metrics": {
              "accuracy": 68.20020222446917,
              "n_pairs": 989,
              "n_samples": 1978,
              "pair_consistency": 44.69160768452983
            },
            "objective_metric": 44.69160768452983,
            "prediction_file": "artifacts/probes/mvp/mvp_probe_linear_ltx_video_ltxv_13b_0_9_8_distilled_20260510T113414Z/layer_noise_0.6_block_36/eval/val/probe_predictions.json",
            "probe_eval_dir": "artifacts/probes/mvp/mvp_probe_linear_ltx_video_ltxv_13b_0_9_8_distilled_20260510T113414Z/layer_noise_0.6_block_36/eval/val",
            "probe_name": "linear",
            "split_name": "val"
          }
        },
        "split_name": "test"
      },
      "layer": 19,
      "layer_label": "noise_0.6_block_36",
      "objective_metric": 41.55712841253792,
      "train": {
        "best_checkpoint": "artifacts/probes/mvp/mvp_probe_linear_ltx_video_ltxv_13b_0_9_8_distilled_20260510T113414Z/layer_noise_0.6_block_36/train/trial_0000/probe_best.pt",
        "best_eval_output_dir": "artifacts/probes/mvp/mvp_probe_linear_ltx_video_ltxv_13b_0_9_8_distilled_20260510T113414Z/layer_noise_0.6_block_36/train/trial_0000/val_eval",
        "best_output_dir": "artifacts/probes/mvp/mvp_probe_linear_ltx_video_ltxv_13b_0_9_8_distilled_20260510T113414Z/layer_noise_0.6_block_36/train/trial_0000",
        "best_params": {
          "batch_size": 32,
          "epochs": 2000,
          "lr": 0.0001329291894316216,
          "weight_decay": 0.005061576888752304
        },
        "best_trial_number": 0,
        "best_value": 44.69160768452983,
        "checkpoint": "artifacts/probes/mvp/mvp_probe_linear_ltx_video_ltxv_13b_0_9_8_distilled_20260510T113414Z/layer_noise_0.6_block_36/train/trial_0000/probe_best.pt",
        "dataset": "mvp",
        "direction": "maximize",
        "layer": 19,
        "n_trials": 20,
        "objective_metric": "pair_consistency",
        "output_dir": "artifacts/probes/mvp/mvp_probe_linear_ltx_video_ltxv_13b_0_9_8_distilled_20260510T113414Z/layer_noise_0.6_block_36/train",
        "probe_name": "linear",
        "storage": "sqlite:////gpfs/home3/scur0511/Probe4Physics/artifacts/probes/mvp/mvp_probe_linear_ltx_video_ltxv_13b_0_9_8_distilled_20260510T113414Z/layer_noise_0.6_block_36/train/optuna_study.sqlite3",
        "study_name": "mvp_linear_ltx_video_layer_noise_0.6_block_36",
        "trials": [
          {
            "checkpoint": "artifacts/probes/mvp/mvp_probe_linear_ltx_video_ltxv_13b_0_9_8_distilled_20260510T113414Z/layer_noise_0.6_block_36/train/trial_0000/probe_best.pt",
            "eval_output_dir": "artifacts/probes/mvp/mvp_probe_linear_ltx_video_ltxv_13b_0_9_8_distilled_20260510T113414Z/layer_noise_0.6_block_36/train/trial_0000/val_eval",
            "output_dir": "artifacts/probes/mvp/mvp_probe_linear_ltx_video_ltxv_13b_0_9_8_distilled_20260510T113414Z/layer_noise_0.6_block_36/train/trial_0000",
            "params": {
              "batch_size": 32,
              "epochs": 2000,
              "lr": 0.0001329291894316216,
              "weight_decay": 0.005061576888752304
            },
            "trial_number": 0,
            "value": 44.69160768452983
          },
          {
            "checkpoint": "artifacts/probes/mvp/mvp_probe_linear_ltx_video_ltxv_13b_0_9_8_distilled_20260510T113414Z/layer_noise_0.6_block_36/train/trial_0001/probe_best.pt",
            "eval_output_dir": "artifacts/probes/mvp/mvp_probe_linear_ltx_video_ltxv_13b_0_9_8_distilled_20260510T113414Z/layer_noise_0.6_block_36/train/trial_0001/val_eval",
            "output_dir": "artifacts/probes/mvp/mvp_probe_linear_ltx_video_ltxv_13b_0_9_8_distilled_20260510T113414Z/layer_noise_0.6_block_36/train/trial_0001",
            "params": {
              "batch_size": 256,
              "epochs": 100,
              "lr": 0.00314288089084011,
              "weight_decay": 1.879466824163843e-07
            },
            "trial_number": 1,
            "value": 39.635995955510616
          },
          {
            "checkpoint": "artifacts/probes/mvp/mvp_probe_linear_ltx_video_ltxv_13b_0_9_8_distilled_20260510T113414Z/layer_noise_0.6_block_36/train/trial_0002/probe_best.pt",
            "eval_output_dir": "artifacts/probes/mvp/mvp_probe_linear_ltx_video_ltxv_13b_0_9_8_distilled_20260510T113414Z/layer_noise_0.6_block_36/train/trial_0002/val_eval",
            "output_dir": "artifacts/probes/mvp/mvp_probe_linear_ltx_video_ltxv_13b_0_9_8_distilled_20260510T113414Z/layer_noise_0.6_block_36/train/trial_0002",
            "params": {
              "batch_size": 128,
              "epochs": 1000,
              "lr": 0.00023345864076016249,
              "weight_decay": 0.0005141096648805752
            },
            "trial_number": 2,
            "value": 43.5793731041456
          },
          {
            "checkpoint": "artifacts/probes/mvp/mvp_probe_linear_ltx_video_ltxv_13b_0_9_8_distilled_20260510T113414Z/layer_noise_0.6_block_36/train/trial_0003/probe_best.pt",
            "eval_output_dir": "artifacts/probes/mvp/mvp_probe_linear_ltx_video_ltxv_13b_0_9_8_distilled_20260510T113414Z/layer_noise_0.6_block_36/train/trial_0003/val_eval",
            "output_dir": "artifacts/probes/mvp/mvp_probe_linear_ltx_video_ltxv_13b_0_9_8_distilled_20260510T113414Z/layer_noise_0.6_block_36/train/trial_0003",
            "params": {
              "batch_size": 32,
              "epochs": 50,
              "lr": 8.200518402245828e-05,
              "weight_decay": 3.855073690026179e-08
            },
            "trial_number": 3,
            "value": 37.8159757330637
          },
          {
            "checkpoint": "artifacts/probes/mvp/mvp_probe_linear_ltx_video_ltxv_13b_0_9_8_distilled_20260510T113414Z/layer_noise_0.6_block_36/train/trial_0004/probe_best.pt",
            "eval_output_dir": "artifacts/probes/mvp/mvp_probe_linear_ltx_video_ltxv_13b_0_9_8_distilled_20260510T113414Z/layer_noise_0.6_block_36/train/trial_0004/val_eval",
            "output_dir": "artifacts/probes/mvp/mvp_probe_linear_ltx_video_ltxv_13b_0_9_8_distilled_20260510T113414Z/layer_noise_0.6_block_36/train/trial_0004",
            "params": {
              "batch_size": 32,
              "epochs": 50,
              "lr": 0.00043664735929796326,
              "weight_decay": 1.2856617791467908e-07
            },
            "trial_number": 4,
            "value": 38.92821031344793
          },
          {
            "checkpoint": "artifacts/probes/mvp/mvp_probe_linear_ltx_video_ltxv_13b_0_9_8_distilled_20260510T113414Z/layer_noise_0.6_block_36/train/trial_0005/probe_best.pt",
            "eval_output_dir": "artifacts/probes/mvp/mvp_probe_linear_ltx_video_ltxv_13b_0_9_8_distilled_20260510T113414Z/layer_noise_0.6_block_36/train/trial_0005/val_eval",
            "output_dir": "artifacts/probes/mvp/mvp_probe_linear_ltx_video_ltxv_13b_0_9_8_distilled_20260510T113414Z/layer_noise_0.6_block_36/train/trial_0005",
            "params": {
              "batch_size": 32,
              "epochs": 500,
              "lr": 0.00014656553886225324,
              "weight_decay": 4.247116662617142e-07
            },
            "trial_number": 5,
            "value": 44.08493427704752
          },
          {
            "checkpoint": "artifacts/probes/mvp/mvp_probe_linear_ltx_video_ltxv_13b_0_9_8_distilled_20260510T113414Z/layer_noise_0.6_block_36/train/trial_0008/probe_best.pt",
            "eval_output_dir": "artifacts/probes/mvp/mvp_probe_linear_ltx_video_ltxv_13b_0_9_8_distilled_20260510T113414Z/layer_noise_0.6_block_36/train/trial_0008/val_eval",
            "output_dir": "artifacts/probes/mvp/mvp_probe_linear_ltx_video_ltxv_13b_0_9_8_distilled_20260510T113414Z/layer_noise_0.6_block_36/train/trial_0008",
            "params": {
              "batch_size": 256,
              "epochs": 100,
              "lr": 0.0003699972431463808,
              "weight_decay": 3.6749049453053196e-06
            },
            "trial_number": 8,
            "value": 39.93933265925177
          },
          {
            "checkpoint": "artifacts/probes/mvp/mvp_probe_linear_ltx_video_ltxv_13b_0_9_8_distilled_20260510T113414Z/layer_noise_0.6_block_36/train/trial_0013/probe_best.pt",
            "eval_output_dir": "artifacts/probes/mvp/mvp_probe_linear_ltx_video_ltxv_13b_0_9_8_distilled_20260510T113414Z/layer_noise_0.6_block_36/train/trial_0013/val_eval",
            "output_dir": "artifacts/probes/mvp/mvp_probe_linear_ltx_video_ltxv_13b_0_9_8_distilled_20260510T113414Z/layer_noise_0.6_block_36/train/trial_0013",
            "params": {
              "batch_size": 32,
              "epochs": 20,
              "lr": 0.00014252073771131227,
              "weight_decay": 0.008946810000979412
            },
            "trial_number": 13,
            "value": 32.355915065722954
          },
          {
            "checkpoint": "artifacts/probes/mvp/mvp_probe_linear_ltx_video_ltxv_13b_0_9_8_distilled_20260510T113414Z/layer_noise_0.6_block_36/train/trial_0017/probe_best.pt",
            "eval_output_dir": "artifacts/probes/mvp/mvp_probe_linear_ltx_video_ltxv_13b_0_9_8_distilled_20260510T113414Z/layer_noise_0.6_block_36/train/trial_0017/val_eval",
            "output_dir": "artifacts/probes/mvp/mvp_probe_linear_ltx_video_ltxv_13b_0_9_8_distilled_20260510T113414Z/layer_noise_0.6_block_36/train/trial_0017",
            "params": {
              "batch_size": 32,
              "epochs": 20,
              "lr": 0.007985634897281529,
              "weight_decay": 1.2297660068623619e-05
            },
            "trial_number": 17,
            "value": 31.243680485338725
          }
        ]
      }
    },
    {
      "checkpoint": "artifacts/probes/mvp/mvp_probe_linear_ltx_video_ltxv_13b_0_9_8_distilled_20260510T113414Z/layer_noise_0.5_block_36/train/trial_0000/probe_best.pt",
      "eval": {
        "base_eval": {
          "metrics": {
            "accuracy": 66.73407482305359,
            "n_pairs": 989,
            "n_samples": 1978,
            "pair_consistency": 42.06268958543984
          },
          "output_dir": "artifacts/probes/mvp/mvp_probe_linear_ltx_video_ltxv_13b_0_9_8_distilled_20260510T113414Z/layer_noise_0.5_block_36/eval/test",
          "split_dir": "data/splits/mvp/full_60_20_20"
        },
        "checkpoint": "artifacts/probes/mvp/mvp_probe_linear_ltx_video_ltxv_13b_0_9_8_distilled_20260510T113414Z/layer_noise_0.5_block_36/train/trial_0000/probe_best.pt",
        "dataset": "mvp",
        "feature_signature": "7a044c58a91d3409",
        "metrics": {
          "accuracy": 66.73407482305359,
          "n_pairs": 989,
          "n_samples": 1978,
          "pair_consistency": 42.06268958543984
        },
        "metrics_by_split": {
          "test": {
            "accuracy": 66.73407482305359,
            "n_pairs": 989,
            "n_samples": 1978,
            "pair_consistency": 42.06268958543984
          },
          "train": {
            "accuracy": 81.34907251264755,
            "n_pairs": 2965,
            "n_samples": 5930,
            "pair_consistency": 64.2495784148398
          },
          "val": {
            "accuracy": 67.69464105156725,
            "n_pairs": 989,
            "n_samples": 1978,
            "pair_consistency": 44.48938321536906
          }
        },
        "objective_metric": 42.06268958543984,
        "prediction_file": "artifacts/probes/mvp/mvp_probe_linear_ltx_video_ltxv_13b_0_9_8_distilled_20260510T113414Z/layer_noise_0.5_block_36/eval/test/probe_predictions.json",
        "prediction_files": {
          "test": "artifacts/probes/mvp/mvp_probe_linear_ltx_video_ltxv_13b_0_9_8_distilled_20260510T113414Z/layer_noise_0.5_block_36/eval/test/probe_predictions.json",
          "train": "artifacts/probes/mvp/mvp_probe_linear_ltx_video_ltxv_13b_0_9_8_distilled_20260510T113414Z/layer_noise_0.5_block_36/eval/train/probe_predictions.json",
          "val": "artifacts/probes/mvp/mvp_probe_linear_ltx_video_ltxv_13b_0_9_8_distilled_20260510T113414Z/layer_noise_0.5_block_36/eval/val/probe_predictions.json"
        },
        "probe_eval_dir": "artifacts/probes/mvp/mvp_probe_linear_ltx_video_ltxv_13b_0_9_8_distilled_20260510T113414Z/layer_noise_0.5_block_36/eval",
        "probe_name": "linear",
        "reported_splits": [
          "train",
          "val",
          "test"
        ],
        "split_eval_dirs": {
          "test": "artifacts/probes/mvp/mvp_probe_linear_ltx_video_ltxv_13b_0_9_8_distilled_20260510T113414Z/layer_noise_0.5_block_36/eval/test",
          "train": "artifacts/probes/mvp/mvp_probe_linear_ltx_video_ltxv_13b_0_9_8_distilled_20260510T113414Z/layer_noise_0.5_block_36/eval/train",
          "val": "artifacts/probes/mvp/mvp_probe_linear_ltx_video_ltxv_13b_0_9_8_distilled_20260510T113414Z/layer_noise_0.5_block_36/eval/val"
        },
        "split_evals": {
          "test": {
            "base_eval": {
              "metrics": {
                "accuracy": 66.73407482305359,
                "n_pairs": 989,
                "n_samples": 1978,
                "pair_consistency": 42.06268958543984
              },
              "output_dir": "artifacts/probes/mvp/mvp_probe_linear_ltx_video_ltxv_13b_0_9_8_distilled_20260510T113414Z/layer_noise_0.5_block_36/eval/test",
              "split_dir": "data/splits/mvp/full_60_20_20"
            },
            "checkpoint": "artifacts/probes/mvp/mvp_probe_linear_ltx_video_ltxv_13b_0_9_8_distilled_20260510T113414Z/layer_noise_0.5_block_36/train/trial_0000/probe_best.pt",
            "dataset": "mvp",
            "feature_signature": "7a044c58a91d3409",
            "metrics": {
              "accuracy": 66.73407482305359,
              "n_pairs": 989,
              "n_samples": 1978,
              "pair_consistency": 42.06268958543984
            },
            "objective_metric": 42.06268958543984,
            "prediction_file": "artifacts/probes/mvp/mvp_probe_linear_ltx_video_ltxv_13b_0_9_8_distilled_20260510T113414Z/layer_noise_0.5_block_36/eval/test/probe_predictions.json",
            "probe_eval_dir": "artifacts/probes/mvp/mvp_probe_linear_ltx_video_ltxv_13b_0_9_8_distilled_20260510T113414Z/layer_noise_0.5_block_36/eval/test",
            "probe_name": "linear",
            "split_name": "test"
          },
          "train": {
            "base_eval": {
              "metrics": {
                "accuracy": 81.34907251264755,
                "n_pairs": 2965,
                "n_samples": 5930,
                "pair_consistency": 64.2495784148398
              },
              "output_dir": "artifacts/probes/mvp/mvp_probe_linear_ltx_video_ltxv_13b_0_9_8_distilled_20260510T113414Z/layer_noise_0.5_block_36/eval/train",
              "split_dir": "data/splits/mvp/full_60_20_20"
            },
            "checkpoint": "artifacts/probes/mvp/mvp_probe_linear_ltx_video_ltxv_13b_0_9_8_distilled_20260510T113414Z/layer_noise_0.5_block_36/train/trial_0000/probe_best.pt",
            "dataset": "mvp",
            "feature_signature": "7a044c58a91d3409",
            "metrics": {
              "accuracy": 81.34907251264755,
              "n_pairs": 2965,
              "n_samples": 5930,
              "pair_consistency": 64.2495784148398
            },
            "objective_metric": 64.2495784148398,
            "prediction_file": "artifacts/probes/mvp/mvp_probe_linear_ltx_video_ltxv_13b_0_9_8_distilled_20260510T113414Z/layer_noise_0.5_block_36/eval/train/probe_predictions.json",
            "probe_eval_dir": "artifacts/probes/mvp/mvp_probe_linear_ltx_video_ltxv_13b_0_9_8_distilled_20260510T113414Z/layer_noise_0.5_block_36/eval/train",
            "probe_name": "linear",
            "split_name": "train"
          },
          "val": {
            "base_eval": {
              "metrics": {
                "accuracy": 67.69464105156725,
                "n_pairs": 989,
                "n_samples": 1978,
                "pair_consistency": 44.48938321536906
              },
              "output_dir": "artifacts/probes/mvp/mvp_probe_linear_ltx_video_ltxv_13b_0_9_8_distilled_20260510T113414Z/layer_noise_0.5_block_36/eval/val",
              "split_dir": "data/splits/mvp/full_60_20_20"
            },
            "checkpoint": "artifacts/probes/mvp/mvp_probe_linear_ltx_video_ltxv_13b_0_9_8_distilled_20260510T113414Z/layer_noise_0.5_block_36/train/trial_0000/probe_best.pt",
            "dataset": "mvp",
            "feature_signature": "7a044c58a91d3409",
            "metrics": {
              "accuracy": 67.69464105156725,
              "n_pairs": 989,
              "n_samples": 1978,
              "pair_consistency": 44.48938321536906
            },
            "objective_metric": 44.48938321536906,
            "prediction_file": "artifacts/probes/mvp/mvp_probe_linear_ltx_video_ltxv_13b_0_9_8_distilled_20260510T113414Z/layer_noise_0.5_block_36/eval/val/probe_predictions.json",
            "probe_eval_dir": "artifacts/probes/mvp/mvp_probe_linear_ltx_video_ltxv_13b_0_9_8_distilled_20260510T113414Z/layer_noise_0.5_block_36/eval/val",
            "probe_name": "linear",
            "split_name": "val"
          }
        },
        "split_name": "test"
      },
      "layer": 23,
      "layer_label": "noise_0.5_block_36",
      "objective_metric": 42.06268958543984,
      "train": {
        "best_checkpoint": "artifacts/probes/mvp/mvp_probe_linear_ltx_video_ltxv_13b_0_9_8_distilled_20260510T113414Z/layer_noise_0.5_block_36/train/trial_0000/probe_best.pt",
        "best_eval_output_dir": "artifacts/probes/mvp/mvp_probe_linear_ltx_video_ltxv_13b_0_9_8_distilled_20260510T113414Z/layer_noise_0.5_block_36/train/trial_0000/val_eval",
        "best_output_dir": "artifacts/probes/mvp/mvp_probe_linear_ltx_video_ltxv_13b_0_9_8_distilled_20260510T113414Z/layer_noise_0.5_block_36/train/trial_0000",
        "best_params": {
          "batch_size": 32,
          "epochs": 2000,
          "lr": 0.0001329291894316216,
          "weight_decay": 0.005061576888752304
        },
        "best_trial_number": 0,
        "best_value": 44.48938321536906,
        "checkpoint": "artifacts/probes/mvp/mvp_probe_linear_ltx_video_ltxv_13b_0_9_8_distilled_20260510T113414Z/layer_noise_0.5_block_36/train/trial_0000/probe_best.pt",
        "dataset": "mvp",
        "direction": "maximize",
        "layer": 23,
        "n_trials": 20,
        "objective_metric": "pair_consistency",
        "output_dir": "artifacts/probes/mvp/mvp_probe_linear_ltx_video_ltxv_13b_0_9_8_distilled_20260510T113414Z/layer_noise_0.5_block_36/train",
        "probe_name": "linear",
        "storage": "sqlite:////gpfs/home3/scur0511/Probe4Physics/artifacts/probes/mvp/mvp_probe_linear_ltx_video_ltxv_13b_0_9_8_distilled_20260510T113414Z/layer_noise_0.5_block_36/train/optuna_study.sqlite3",
        "study_name": "mvp_linear_ltx_video_layer_noise_0.5_block_36",
        "trials": [
          {
            "checkpoint": "artifacts/probes/mvp/mvp_probe_linear_ltx_video_ltxv_13b_0_9_8_distilled_20260510T113414Z/layer_noise_0.5_block_36/train/trial_0000/probe_best.pt",
            "eval_output_dir": "artifacts/probes/mvp/mvp_probe_linear_ltx_video_ltxv_13b_0_9_8_distilled_20260510T113414Z/layer_noise_0.5_block_36/train/trial_0000/val_eval",
            "output_dir": "artifacts/probes/mvp/mvp_probe_linear_ltx_video_ltxv_13b_0_9_8_distilled_20260510T113414Z/layer_noise_0.5_block_36/train/trial_0000",
            "params": {
              "batch_size": 32,
              "epochs": 2000,
              "lr": 0.0001329291894316216,
              "weight_decay": 0.005061576888752304
            },
            "trial_number": 0,
            "value": 44.48938321536906
          },
          {
            "checkpoint": "artifacts/probes/mvp/mvp_probe_linear_ltx_video_ltxv_13b_0_9_8_distilled_20260510T113414Z/layer_noise_0.5_block_36/train/trial_0001/probe_best.pt",
            "eval_output_dir": "artifacts/probes/mvp/mvp_probe_linear_ltx_video_ltxv_13b_0_9_8_distilled_20260510T113414Z/layer_noise_0.5_block_36/train/trial_0001/val_eval",
            "output_dir": "artifacts/probes/mvp/mvp_probe_linear_ltx_video_ltxv_13b_0_9_8_distilled_20260510T113414Z/layer_noise_0.5_block_36/train/trial_0001",
            "params": {
              "batch_size": 256,
              "epochs": 100,
              "lr": 0.00314288089084011,
              "weight_decay": 1.879466824163843e-07
            },
            "trial_number": 1,
            "value": 37.8159757330637
          },
          {
            "checkpoint": "artifacts/probes/mvp/mvp_probe_linear_ltx_video_ltxv_13b_0_9_8_distilled_20260510T113414Z/layer_noise_0.5_block_36/train/trial_0002/probe_best.pt",
            "eval_output_dir": "artifacts/probes/mvp/mvp_probe_linear_ltx_video_ltxv_13b_0_9_8_distilled_20260510T113414Z/layer_noise_0.5_block_36/train/trial_0002/val_eval",
            "output_dir": "artifacts/probes/mvp/mvp_probe_linear_ltx_video_ltxv_13b_0_9_8_distilled_20260510T113414Z/layer_noise_0.5_block_36/train/trial_0002",
            "params": {
              "batch_size": 128,
              "epochs": 1000,
              "lr": 0.00023345864076016249,
              "weight_decay": 0.0005141096648805752
            },
            "trial_number": 2,
            "value": 44.08493427704752
          },
          {
            "checkpoint": "artifacts/probes/mvp/mvp_probe_linear_ltx_video_ltxv_13b_0_9_8_distilled_20260510T113414Z/layer_noise_0.5_block_36/train/trial_0003/probe_best.pt",
            "eval_output_dir": "artifacts/probes/mvp/mvp_probe_linear_ltx_video_ltxv_13b_0_9_8_distilled_20260510T113414Z/layer_noise_0.5_block_36/train/trial_0003/val_eval",
            "output_dir": "artifacts/probes/mvp/mvp_probe_linear_ltx_video_ltxv_13b_0_9_8_distilled_20260510T113414Z/layer_noise_0.5_block_36/train/trial_0003",
            "params": {
              "batch_size": 32,
              "epochs": 50,
              "lr": 8.200518402245828e-05,
              "weight_decay": 3.855073690026179e-08
            },
            "trial_number": 3,
            "value": 38.42264914054601
          },
          {
            "checkpoint": "artifacts/probes/mvp/mvp_probe_linear_ltx_video_ltxv_13b_0_9_8_distilled_20260510T113414Z/layer_noise_0.5_block_36/train/trial_0004/probe_best.pt",
            "eval_output_dir": "artifacts/probes/mvp/mvp_probe_linear_ltx_video_ltxv_13b_0_9_8_distilled_20260510T113414Z/layer_noise_0.5_block_36/train/trial_0004/val_eval",
            "output_dir": "artifacts/probes/mvp/mvp_probe_linear_ltx_video_ltxv_13b_0_9_8_distilled_20260510T113414Z/layer_noise_0.5_block_36/train/trial_0004",
            "params": {
              "batch_size": 32,
              "epochs": 50,
              "lr": 0.00043664735929796326,
              "weight_decay": 1.2856617791467908e-07
            },
            "trial_number": 4,
            "value": 39.53488372093023
          },
          {
            "checkpoint": "artifacts/probes/mvp/mvp_probe_linear_ltx_video_ltxv_13b_0_9_8_distilled_20260510T113414Z/layer_noise_0.5_block_36/train/trial_0005/probe_best.pt",
            "eval_output_dir": "artifacts/probes/mvp/mvp_probe_linear_ltx_video_ltxv_13b_0_9_8_distilled_20260510T113414Z/layer_noise_0.5_block_36/train/trial_0005/val_eval",
            "output_dir": "artifacts/probes/mvp/mvp_probe_linear_ltx_video_ltxv_13b_0_9_8_distilled_20260510T113414Z/layer_noise_0.5_block_36/train/trial_0005",
            "params": {
              "batch_size": 32,
              "epochs": 500,
              "lr": 0.00014656553886225324,
              "weight_decay": 4.247116662617142e-07
            },
            "trial_number": 5,
            "value": 43.882709807886755
          },
          {
            "checkpoint": "artifacts/probes/mvp/mvp_probe_linear_ltx_video_ltxv_13b_0_9_8_distilled_20260510T113414Z/layer_noise_0.5_block_36/train/trial_0008/probe_best.pt",
            "eval_output_dir": "artifacts/probes/mvp/mvp_probe_linear_ltx_video_ltxv_13b_0_9_8_distilled_20260510T113414Z/layer_noise_0.5_block_36/train/trial_0008/val_eval",
            "output_dir": "artifacts/probes/mvp/mvp_probe_linear_ltx_video_ltxv_13b_0_9_8_distilled_20260510T113414Z/layer_noise_0.5_block_36/train/trial_0008",
            "params": {
              "batch_size": 256,
              "epochs": 100,
              "lr": 0.0003699972431463808,
              "weight_decay": 3.6749049453053196e-06
            },
            "trial_number": 8,
            "value": 38.42264914054601
          },
          {
            "checkpoint": "artifacts/probes/mvp/mvp_probe_linear_ltx_video_ltxv_13b_0_9_8_distilled_20260510T113414Z/layer_noise_0.5_block_36/train/trial_0011/probe_best.pt",
            "eval_output_dir": "artifacts/probes/mvp/mvp_probe_linear_ltx_video_ltxv_13b_0_9_8_distilled_20260510T113414Z/layer_noise_0.5_block_36/train/trial_0011/val_eval",
            "output_dir": "artifacts/probes/mvp/mvp_probe_linear_ltx_video_ltxv_13b_0_9_8_distilled_20260510T113414Z/layer_noise_0.5_block_36/train/trial_0011",
            "params": {
              "batch_size": 64,
              "epochs": 20,
              "lr": 0.0009028168422346196,
              "weight_decay": 0.00013851041848413182
            },
            "trial_number": 11,
            "value": 34.27704752275025
          },
          {
            "checkpoint": "artifacts/probes/mvp/mvp_probe_linear_ltx_video_ltxv_13b_0_9_8_distilled_20260510T113414Z/layer_noise_0.5_block_36/train/trial_0013/probe_best.pt",
            "eval_output_dir": "artifacts/probes/mvp/mvp_probe_linear_ltx_video_ltxv_13b_0_9_8_distilled_20260510T113414Z/layer_noise_0.5_block_36/train/trial_0013/val_eval",
            "output_dir": "artifacts/probes/mvp/mvp_probe_linear_ltx_video_ltxv_13b_0_9_8_distilled_20260510T113414Z/layer_noise_0.5_block_36/train/trial_0013",
            "params": {
              "batch_size": 32,
              "epochs": 2000,
              "lr": 0.00024380003254969372,
              "weight_decay": 0.009336243604950356
            },
            "trial_number": 13,
            "value": 43.78159757330637
          },
          {
            "checkpoint": "artifacts/probes/mvp/mvp_probe_linear_ltx_video_ltxv_13b_0_9_8_distilled_20260510T113414Z/layer_noise_0.5_block_36/train/trial_0014/probe_best.pt",
            "eval_output_dir": "artifacts/probes/mvp/mvp_probe_linear_ltx_video_ltxv_13b_0_9_8_distilled_20260510T113414Z/layer_noise_0.5_block_36/train/trial_0014/val_eval",
            "output_dir": "artifacts/probes/mvp/mvp_probe_linear_ltx_video_ltxv_13b_0_9_8_distilled_20260510T113414Z/layer_noise_0.5_block_36/train/trial_0014",
            "params": {
              "batch_size": 32,
              "epochs": 1000,
              "lr": 0.0009550389696130119,
              "weight_decay": 0.0006287181301801359
            },
            "trial_number": 14,
            "value": 43.07381193124368
          },
          {
            "checkpoint": "artifacts/probes/mvp/mvp_probe_linear_ltx_video_ltxv_13b_0_9_8_distilled_20260510T113414Z/layer_noise_0.5_block_36/train/trial_0015/probe_best.pt",
            "eval_output_dir": "artifacts/probes/mvp/mvp_probe_linear_ltx_video_ltxv_13b_0_9_8_distilled_20260510T113414Z/layer_noise_0.5_block_36/train/trial_0015/val_eval",
            "output_dir": "artifacts/probes/mvp/mvp_probe_linear_ltx_video_ltxv_13b_0_9_8_distilled_20260510T113414Z/layer_noise_0.5_block_36/train/trial_0015",
            "params": {
              "batch_size": 128,
              "epochs": 20,
              "lr": 2.990630550212624e-05,
              "weight_decay": 4.792092864251368e-05
            },
            "trial_number": 15,
            "value": 22.04246713852376
          },
          {
            "checkpoint": "artifacts/probes/mvp/mvp_probe_linear_ltx_video_ltxv_13b_0_9_8_distilled_20260510T113414Z/layer_noise_0.5_block_36/train/trial_0017/probe_best.pt",
            "eval_output_dir": "artifacts/probes/mvp/mvp_probe_linear_ltx_video_ltxv_13b_0_9_8_distilled_20260510T113414Z/layer_noise_0.5_block_36/train/trial_0017/val_eval",
            "output_dir": "artifacts/probes/mvp/mvp_probe_linear_ltx_video_ltxv_13b_0_9_8_distilled_20260510T113414Z/layer_noise_0.5_block_36/train/trial_0017",
            "params": {
              "batch_size": 64,
              "epochs": 2000,
              "lr": 0.007985634897281529,
              "weight_decay": 1.2297660068623619e-05
            },
            "trial_number": 17,
            "value": 42.871587462082914
          },
          {
            "checkpoint": "artifacts/probes/mvp/mvp_probe_linear_ltx_video_ltxv_13b_0_9_8_distilled_20260510T113414Z/layer_noise_0.5_block_36/train/trial_0019/probe_best.pt",
            "eval_output_dir": "artifacts/probes/mvp/mvp_probe_linear_ltx_video_ltxv_13b_0_9_8_distilled_20260510T113414Z/layer_noise_0.5_block_36/train/trial_0019/val_eval",
            "output_dir": "artifacts/probes/mvp/mvp_probe_linear_ltx_video_ltxv_13b_0_9_8_distilled_20260510T113414Z/layer_noise_0.5_block_36/train/trial_0019",
            "params": {
              "batch_size": 32,
              "epochs": 2000,
              "lr": 0.00020168074321450958,
              "weight_decay": 0.0032188303322066617
            },
            "trial_number": 19,
            "value": 43.882709807886755
          }
        ]
      }
    },
    {
      "checkpoint": "artifacts/probes/mvp/mvp_probe_linear_ltx_video_ltxv_13b_0_9_8_distilled_20260510T113414Z/layer_noise_0.4_block_36/train/trial_0005/probe_best.pt",
      "eval": {
        "base_eval": {
          "metrics": {
            "accuracy": 67.9474216380182,
            "n_pairs": 989,
            "n_samples": 1978,
            "pair_consistency": 44.79271991911021
          },
          "output_dir": "artifacts/probes/mvp/mvp_probe_linear_ltx_video_ltxv_13b_0_9_8_distilled_20260510T113414Z/layer_noise_0.4_block_36/eval/test",
          "split_dir": "data/splits/mvp/full_60_20_20"
        },
        "checkpoint": "artifacts/probes/mvp/mvp_probe_linear_ltx_video_ltxv_13b_0_9_8_distilled_20260510T113414Z/layer_noise_0.4_block_36/train/trial_0005/probe_best.pt",
        "dataset": "mvp",
        "feature_signature": "7a044c58a91d3409",
        "metrics": {
          "accuracy": 67.9474216380182,
          "n_pairs": 989,
          "n_samples": 1978,
          "pair_consistency": 44.79271991911021
        },
        "metrics_by_split": {
          "test": {
            "accuracy": 67.9474216380182,
            "n_pairs": 989,
            "n_samples": 1978,
            "pair_consistency": 44.79271991911021
          },
          "train": {
            "accuracy": 83.035413153457,
            "n_pairs": 2965,
            "n_samples": 5930,
            "pair_consistency": 68.56661045531197
          },
          "val": {
            "accuracy": 67.44186046511628,
            "n_pairs": 989,
            "n_samples": 1978,
            "pair_consistency": 44.590495449949444
          }
        },
        "objective_metric": 44.79271991911021,
        "prediction_file": "artifacts/probes/mvp/mvp_probe_linear_ltx_video_ltxv_13b_0_9_8_distilled_20260510T113414Z/layer_noise_0.4_block_36/eval/test/probe_predictions.json",
        "prediction_files": {
          "test": "artifacts/probes/mvp/mvp_probe_linear_ltx_video_ltxv_13b_0_9_8_distilled_20260510T113414Z/layer_noise_0.4_block_36/eval/test/probe_predictions.json",
          "train": "artifacts/probes/mvp/mvp_probe_linear_ltx_video_ltxv_13b_0_9_8_distilled_20260510T113414Z/layer_noise_0.4_block_36/eval/train/probe_predictions.json",
          "val": "artifacts/probes/mvp/mvp_probe_linear_ltx_video_ltxv_13b_0_9_8_distilled_20260510T113414Z/layer_noise_0.4_block_36/eval/val/probe_predictions.json"
        },
        "probe_eval_dir": "artifacts/probes/mvp/mvp_probe_linear_ltx_video_ltxv_13b_0_9_8_distilled_20260510T113414Z/layer_noise_0.4_block_36/eval",
        "probe_name": "linear",
        "reported_splits": [
          "train",
          "val",
          "test"
        ],
        "split_eval_dirs": {
          "test": "artifacts/probes/mvp/mvp_probe_linear_ltx_video_ltxv_13b_0_9_8_distilled_20260510T113414Z/layer_noise_0.4_block_36/eval/test",
          "train": "artifacts/probes/mvp/mvp_probe_linear_ltx_video_ltxv_13b_0_9_8_distilled_20260510T113414Z/layer_noise_0.4_block_36/eval/train",
          "val": "artifacts/probes/mvp/mvp_probe_linear_ltx_video_ltxv_13b_0_9_8_distilled_20260510T113414Z/layer_noise_0.4_block_36/eval/val"
        },
        "split_evals": {
          "test": {
            "base_eval": {
              "metrics": {
                "accuracy": 67.9474216380182,
                "n_pairs": 989,
                "n_samples": 1978,
                "pair_consistency": 44.79271991911021
              },
              "output_dir": "artifacts/probes/mvp/mvp_probe_linear_ltx_video_ltxv_13b_0_9_8_distilled_20260510T113414Z/layer_noise_0.4_block_36/eval/test",
              "split_dir": "data/splits/mvp/full_60_20_20"
            },
            "checkpoint": "artifacts/probes/mvp/mvp_probe_linear_ltx_video_ltxv_13b_0_9_8_distilled_20260510T113414Z/layer_noise_0.4_block_36/train/trial_0005/probe_best.pt",
            "dataset": "mvp",
            "feature_signature": "7a044c58a91d3409",
            "metrics": {
              "accuracy": 67.9474216380182,
              "n_pairs": 989,
              "n_samples": 1978,
              "pair_consistency": 44.79271991911021
            },
            "objective_metric": 44.79271991911021,
            "prediction_file": "artifacts/probes/mvp/mvp_probe_linear_ltx_video_ltxv_13b_0_9_8_distilled_20260510T113414Z/layer_noise_0.4_block_36/eval/test/probe_predictions.json",
            "probe_eval_dir": "artifacts/probes/mvp/mvp_probe_linear_ltx_video_ltxv_13b_0_9_8_distilled_20260510T113414Z/layer_noise_0.4_block_36/eval/test",
            "probe_name": "linear",
            "split_name": "test"
          },
          "train": {
            "base_eval": {
              "metrics": {
                "accuracy": 83.035413153457,
                "n_pairs": 2965,
                "n_samples": 5930,
                "pair_consistency": 68.56661045531197
              },
              "output_dir": "artifacts/probes/mvp/mvp_probe_linear_ltx_video_ltxv_13b_0_9_8_distilled_20260510T113414Z/layer_noise_0.4_block_36/eval/train",
              "split_dir": "data/splits/mvp/full_60_20_20"
            },
            "checkpoint": "artifacts/probes/mvp/mvp_probe_linear_ltx_video_ltxv_13b_0_9_8_distilled_20260510T113414Z/layer_noise_0.4_block_36/train/trial_0005/probe_best.pt",
            "dataset": "mvp",
            "feature_signature": "7a044c58a91d3409",
            "metrics": {
              "accuracy": 83.035413153457,
              "n_pairs": 2965,
              "n_samples": 5930,
              "pair_consistency": 68.56661045531197
            },
            "objective_metric": 68.56661045531197,
            "prediction_file": "artifacts/probes/mvp/mvp_probe_linear_ltx_video_ltxv_13b_0_9_8_distilled_20260510T113414Z/layer_noise_0.4_block_36/eval/train/probe_predictions.json",
            "probe_eval_dir": "artifacts/probes/mvp/mvp_probe_linear_ltx_video_ltxv_13b_0_9_8_distilled_20260510T113414Z/layer_noise_0.4_block_36/eval/train",
            "probe_name": "linear",
            "split_name": "train"
          },
          "val": {
            "base_eval": {
              "metrics": {
                "accuracy": 67.44186046511628,
                "n_pairs": 989,
                "n_samples": 1978,
                "pair_consistency": 44.590495449949444
              },
              "output_dir": "artifacts/probes/mvp/mvp_probe_linear_ltx_video_ltxv_13b_0_9_8_distilled_20260510T113414Z/layer_noise_0.4_block_36/eval/val",
              "split_dir": "data/splits/mvp/full_60_20_20"
            },
            "checkpoint": "artifacts/probes/mvp/mvp_probe_linear_ltx_video_ltxv_13b_0_9_8_distilled_20260510T113414Z/layer_noise_0.4_block_36/train/trial_0005/probe_best.pt",
            "dataset": "mvp",
            "feature_signature": "7a044c58a91d3409",
            "metrics": {
              "accuracy": 67.44186046511628,
              "n_pairs": 989,
              "n_samples": 1978,
              "pair_consistency": 44.590495449949444
            },
            "objective_metric": 44.590495449949444,
            "prediction_file": "artifacts/probes/mvp/mvp_probe_linear_ltx_video_ltxv_13b_0_9_8_distilled_20260510T113414Z/layer_noise_0.4_block_36/eval/val/probe_predictions.json",
            "probe_eval_dir": "artifacts/probes/mvp/mvp_probe_linear_ltx_video_ltxv_13b_0_9_8_distilled_20260510T113414Z/layer_noise_0.4_block_36/eval/val",
            "probe_name": "linear",
            "split_name": "val"
          }
        },
        "split_name": "test"
      },
      "layer": 27,
      "layer_label": "noise_0.4_block_36",
      "objective_metric": 44.79271991911021,
      "train": {
        "best_checkpoint": "artifacts/probes/mvp/mvp_probe_linear_ltx_video_ltxv_13b_0_9_8_distilled_20260510T113414Z/layer_noise_0.4_block_36/train/trial_0005/probe_best.pt",
        "best_eval_output_dir": "artifacts/probes/mvp/mvp_probe_linear_ltx_video_ltxv_13b_0_9_8_distilled_20260510T113414Z/layer_noise_0.4_block_36/train/trial_0005/val_eval",
        "best_output_dir": "artifacts/probes/mvp/mvp_probe_linear_ltx_video_ltxv_13b_0_9_8_distilled_20260510T113414Z/layer_noise_0.4_block_36/train/trial_0005",
        "best_params": {
          "batch_size": 32,
          "epochs": 500,
          "lr": 0.00014656553886225324,
          "weight_decay": 4.247116662617142e-07
        },
        "best_trial_number": 5,
        "best_value": 44.590495449949444,
        "checkpoint": "artifacts/probes/mvp/mvp_probe_linear_ltx_video_ltxv_13b_0_9_8_distilled_20260510T113414Z/layer_noise_0.4_block_36/train/trial_0005/probe_best.pt",
        "dataset": "mvp",
        "direction": "maximize",
        "layer": 27,
        "n_trials": 20,
        "objective_metric": "pair_consistency",
        "output_dir": "artifacts/probes/mvp/mvp_probe_linear_ltx_video_ltxv_13b_0_9_8_distilled_20260510T113414Z/layer_noise_0.4_block_36/train",
        "probe_name": "linear",
        "storage": "sqlite:////gpfs/home3/scur0511/Probe4Physics/artifacts/probes/mvp/mvp_probe_linear_ltx_video_ltxv_13b_0_9_8_distilled_20260510T113414Z/layer_noise_0.4_block_36/train/optuna_study.sqlite3",
        "study_name": "mvp_linear_ltx_video_layer_noise_0.4_block_36",
        "trials": [
          {
            "checkpoint": "artifacts/probes/mvp/mvp_probe_linear_ltx_video_ltxv_13b_0_9_8_distilled_20260510T113414Z/layer_noise_0.4_block_36/train/trial_0000/probe_best.pt",
            "eval_output_dir": "artifacts/probes/mvp/mvp_probe_linear_ltx_video_ltxv_13b_0_9_8_distilled_20260510T113414Z/layer_noise_0.4_block_36/train/trial_0000/val_eval",
            "output_dir": "artifacts/probes/mvp/mvp_probe_linear_ltx_video_ltxv_13b_0_9_8_distilled_20260510T113414Z/layer_noise_0.4_block_36/train/trial_0000",
            "params": {
              "batch_size": 32,
              "epochs": 2000,
              "lr": 0.0001329291894316216,
              "weight_decay": 0.005061576888752304
            },
            "trial_number": 0,
            "value": 44.388270980788676
          },
          {
            "checkpoint": "artifacts/probes/mvp/mvp_probe_linear_ltx_video_ltxv_13b_0_9_8_distilled_20260510T113414Z/layer_noise_0.4_block_36/train/trial_0001/probe_best.pt",
            "eval_output_dir": "artifacts/probes/mvp/mvp_probe_linear_ltx_video_ltxv_13b_0_9_8_distilled_20260510T113414Z/layer_noise_0.4_block_36/train/trial_0001/val_eval",
            "output_dir": "artifacts/probes/mvp/mvp_probe_linear_ltx_video_ltxv_13b_0_9_8_distilled_20260510T113414Z/layer_noise_0.4_block_36/train/trial_0001",
            "params": {
              "batch_size": 256,
              "epochs": 100,
              "lr": 0.00314288089084011,
              "weight_decay": 1.879466824163843e-07
            },
            "trial_number": 1,
            "value": 41.354903943377145
          },
          {
            "checkpoint": "artifacts/probes/mvp/mvp_probe_linear_ltx_video_ltxv_13b_0_9_8_distilled_20260510T113414Z/layer_noise_0.4_block_36/train/trial_0002/probe_best.pt",
            "eval_output_dir": "artifacts/probes/mvp/mvp_probe_linear_ltx_video_ltxv_13b_0_9_8_distilled_20260510T113414Z/layer_noise_0.4_block_36/train/trial_0002/val_eval",
            "output_dir": "artifacts/probes/mvp/mvp_probe_linear_ltx_video_ltxv_13b_0_9_8_distilled_20260510T113414Z/layer_noise_0.4_block_36/train/trial_0002",
            "params": {
              "batch_size": 128,
              "epochs": 1000,
              "lr": 0.00023345864076016249,
              "weight_decay": 0.0005141096648805752
            },
            "trial_number": 2,
            "value": 44.388270980788676
          },
          {
            "checkpoint": "artifacts/probes/mvp/mvp_probe_linear_ltx_video_ltxv_13b_0_9_8_distilled_20260510T113414Z/layer_noise_0.4_block_36/train/trial_0003/probe_best.pt",
            "eval_output_dir": "artifacts/probes/mvp/mvp_probe_linear_ltx_video_ltxv_13b_0_9_8_distilled_20260510T113414Z/layer_noise_0.4_block_36/train/trial_0003/val_eval",
            "output_dir": "artifacts/probes/mvp/mvp_probe_linear_ltx_video_ltxv_13b_0_9_8_distilled_20260510T113414Z/layer_noise_0.4_block_36/train/trial_0003",
            "params": {
              "batch_size": 32,
              "epochs": 50,
              "lr": 8.200518402245828e-05,
              "weight_decay": 3.855073690026179e-08
            },
            "trial_number": 3,
            "value": 37.8159757330637
          },
          {
            "checkpoint": "artifacts/probes/mvp/mvp_probe_linear_ltx_video_ltxv_13b_0_9_8_distilled_20260510T113414Z/layer_noise_0.4_block_36/train/trial_0004/probe_best.pt",
            "eval_output_dir": "artifacts/probes/mvp/mvp_probe_linear_ltx_video_ltxv_13b_0_9_8_distilled_20260510T113414Z/layer_noise_0.4_block_36/train/trial_0004/val_eval",
            "output_dir": "artifacts/probes/mvp/mvp_probe_linear_ltx_video_ltxv_13b_0_9_8_distilled_20260510T113414Z/layer_noise_0.4_block_36/train/trial_0004",
            "params": {
              "batch_size": 32,
              "epochs": 50,
              "lr": 0.00043664735929796326,
              "weight_decay": 1.2856617791467908e-07
            },
            "trial_number": 4,
            "value": 40.44489383215369
          },
          {
            "checkpoint": "artifacts/probes/mvp/mvp_probe_linear_ltx_video_ltxv_13b_0_9_8_distilled_20260510T113414Z/layer_noise_0.4_block_36/train/trial_0005/probe_best.pt",
            "eval_output_dir": "artifacts/probes/mvp/mvp_probe_linear_ltx_video_ltxv_13b_0_9_8_distilled_20260510T113414Z/layer_noise_0.4_block_36/train/trial_0005/val_eval",
            "output_dir": "artifacts/probes/mvp/mvp_probe_linear_ltx_video_ltxv_13b_0_9_8_distilled_20260510T113414Z/layer_noise_0.4_block_36/train/trial_0005",
            "params": {
              "batch_size": 32,
              "epochs": 500,
              "lr": 0.00014656553886225324,
              "weight_decay": 4.247116662617142e-07
            },
            "trial_number": 5,
            "value": 44.590495449949444
          },
          {
            "checkpoint": "artifacts/probes/mvp/mvp_probe_linear_ltx_video_ltxv_13b_0_9_8_distilled_20260510T113414Z/layer_noise_0.4_block_36/train/trial_0008/probe_best.pt",
            "eval_output_dir": "artifacts/probes/mvp/mvp_probe_linear_ltx_video_ltxv_13b_0_9_8_distilled_20260510T113414Z/layer_noise_0.4_block_36/train/trial_0008/val_eval",
            "output_dir": "artifacts/probes/mvp/mvp_probe_linear_ltx_video_ltxv_13b_0_9_8_distilled_20260510T113414Z/layer_noise_0.4_block_36/train/trial_0008",
            "params": {
              "batch_size": 256,
              "epochs": 100,
              "lr": 0.0003699972431463808,
              "weight_decay": 3.6749049453053196e-06
            },
            "trial_number": 8,
            "value": 40.849342770475225
          },
          {
            "checkpoint": "artifacts/probes/mvp/mvp_probe_linear_ltx_video_ltxv_13b_0_9_8_distilled_20260510T113414Z/layer_noise_0.4_block_36/train/trial_0012/probe_best.pt",
            "eval_output_dir": "artifacts/probes/mvp/mvp_probe_linear_ltx_video_ltxv_13b_0_9_8_distilled_20260510T113414Z/layer_noise_0.4_block_36/train/trial_0012/val_eval",
            "output_dir": "artifacts/probes/mvp/mvp_probe_linear_ltx_video_ltxv_13b_0_9_8_distilled_20260510T113414Z/layer_noise_0.4_block_36/train/trial_0012",
            "params": {
              "batch_size": 32,
              "epochs": 500,
              "lr": 0.0007597154083124768,
              "weight_decay": 0.007764031315405415
            },
            "trial_number": 12,
            "value": 41.75935288169869
          },
          {
            "checkpoint": "artifacts/probes/mvp/mvp_probe_linear_ltx_video_ltxv_13b_0_9_8_distilled_20260510T113414Z/layer_noise_0.4_block_36/train/trial_0013/probe_best.pt",
            "eval_output_dir": "artifacts/probes/mvp/mvp_probe_linear_ltx_video_ltxv_13b_0_9_8_distilled_20260510T113414Z/layer_noise_0.4_block_36/train/trial_0013/val_eval",
            "output_dir": "artifacts/probes/mvp/mvp_probe_linear_ltx_video_ltxv_13b_0_9_8_distilled_20260510T113414Z/layer_noise_0.4_block_36/train/trial_0013",
            "params": {
              "batch_size": 32,
              "epochs": 20,
              "lr": 0.00014252073771131227,
              "weight_decay": 2.928233826405194e-06
            },
            "trial_number": 13,
            "value": 35.18705763397371
          },
          {
            "checkpoint": "artifacts/probes/mvp/mvp_probe_linear_ltx_video_ltxv_13b_0_9_8_distilled_20260510T113414Z/layer_noise_0.4_block_36/train/trial_0016/probe_best.pt",
            "eval_output_dir": "artifacts/probes/mvp/mvp_probe_linear_ltx_video_ltxv_13b_0_9_8_distilled_20260510T113414Z/layer_noise_0.4_block_36/train/trial_0016/val_eval",
            "output_dir": "artifacts/probes/mvp/mvp_probe_linear_ltx_video_ltxv_13b_0_9_8_distilled_20260510T113414Z/layer_noise_0.4_block_36/train/trial_0016",
            "params": {
              "batch_size": 32,
              "epochs": 500,
              "lr": 0.00023010761230790708,
              "weight_decay": 2.8885077586268315e-07
            },
            "trial_number": 16,
            "value": 43.47826086956522
          },
          {
            "checkpoint": "artifacts/probes/mvp/mvp_probe_linear_ltx_video_ltxv_13b_0_9_8_distilled_20260510T113414Z/layer_noise_0.4_block_36/train/trial_0017/probe_best.pt",
            "eval_output_dir": "artifacts/probes/mvp/mvp_probe_linear_ltx_video_ltxv_13b_0_9_8_distilled_20260510T113414Z/layer_noise_0.4_block_36/train/trial_0017/val_eval",
            "output_dir": "artifacts/probes/mvp/mvp_probe_linear_ltx_video_ltxv_13b_0_9_8_distilled_20260510T113414Z/layer_noise_0.4_block_36/train/trial_0017",
            "params": {
              "batch_size": 32,
              "epochs": 20,
              "lr": 0.007985634897281529,
              "weight_decay": 1.6719963096625187e-05
            },
            "trial_number": 17,
            "value": 32.45702730030334
          }
        ]
      }
    },
    {
      "checkpoint": "artifacts/probes/mvp/mvp_probe_linear_ltx_video_ltxv_13b_0_9_8_distilled_20260510T113414Z/layer_noise_0.3_block_36/train/trial_0000/probe_best.pt",
      "eval": {
        "base_eval": {
          "metrics": {
            "accuracy": 67.3407482305359,
            "n_pairs": 989,
            "n_samples": 1978,
            "pair_consistency": 43.174924165824066
          },
          "output_dir": "artifacts/probes/mvp/mvp_probe_linear_ltx_video_ltxv_13b_0_9_8_distilled_20260510T113414Z/layer_noise_0.3_block_36/eval/test",
          "split_dir": "data/splits/mvp/full_60_20_20"
        },
        "checkpoint": "artifacts/probes/mvp/mvp_probe_linear_ltx_video_ltxv_13b_0_9_8_distilled_20260510T113414Z/layer_noise_0.3_block_36/train/trial_0000/probe_best.pt",
        "dataset": "mvp",
        "feature_signature": "7a044c58a91d3409",
        "metrics": {
          "accuracy": 67.3407482305359,
          "n_pairs": 989,
          "n_samples": 1978,
          "pair_consistency": 43.174924165824066
        },
        "metrics_by_split": {
          "test": {
            "accuracy": 67.3407482305359,
            "n_pairs": 989,
            "n_samples": 1978,
            "pair_consistency": 43.174924165824066
          },
          "train": {
            "accuracy": 84.46880269814503,
            "n_pairs": 2965,
            "n_samples": 5930,
            "pair_consistency": 71.06239460370995
          },
          "val": {
            "accuracy": 68.45298281092013,
            "n_pairs": 989,
            "n_samples": 1978,
            "pair_consistency": 44.893832153690596
          }
        },
        "objective_metric": 43.174924165824066,
        "prediction_file": "artifacts/probes/mvp/mvp_probe_linear_ltx_video_ltxv_13b_0_9_8_distilled_20260510T113414Z/layer_noise_0.3_block_36/eval/test/probe_predictions.json",
        "prediction_files": {
          "test": "artifacts/probes/mvp/mvp_probe_linear_ltx_video_ltxv_13b_0_9_8_distilled_20260510T113414Z/layer_noise_0.3_block_36/eval/test/probe_predictions.json",
          "train": "artifacts/probes/mvp/mvp_probe_linear_ltx_video_ltxv_13b_0_9_8_distilled_20260510T113414Z/layer_noise_0.3_block_36/eval/train/probe_predictions.json",
          "val": "artifacts/probes/mvp/mvp_probe_linear_ltx_video_ltxv_13b_0_9_8_distilled_20260510T113414Z/layer_noise_0.3_block_36/eval/val/probe_predictions.json"
        },
        "probe_eval_dir": "artifacts/probes/mvp/mvp_probe_linear_ltx_video_ltxv_13b_0_9_8_distilled_20260510T113414Z/layer_noise_0.3_block_36/eval",
        "probe_name": "linear",
        "reported_splits": [
          "train",
          "val",
          "test"
        ],
        "split_eval_dirs": {
          "test": "artifacts/probes/mvp/mvp_probe_linear_ltx_video_ltxv_13b_0_9_8_distilled_20260510T113414Z/layer_noise_0.3_block_36/eval/test",
          "train": "artifacts/probes/mvp/mvp_probe_linear_ltx_video_ltxv_13b_0_9_8_distilled_20260510T113414Z/layer_noise_0.3_block_36/eval/train",
          "val": "artifacts/probes/mvp/mvp_probe_linear_ltx_video_ltxv_13b_0_9_8_distilled_20260510T113414Z/layer_noise_0.3_block_36/eval/val"
        },
        "split_evals": {
          "test": {
            "base_eval": {
              "metrics": {
                "accuracy": 67.3407482305359,
                "n_pairs": 989,
                "n_samples": 1978,
                "pair_consistency": 43.174924165824066
              },
              "output_dir": "artifacts/probes/mvp/mvp_probe_linear_ltx_video_ltxv_13b_0_9_8_distilled_20260510T113414Z/layer_noise_0.3_block_36/eval/test",
              "split_dir": "data/splits/mvp/full_60_20_20"
            },
            "checkpoint": "artifacts/probes/mvp/mvp_probe_linear_ltx_video_ltxv_13b_0_9_8_distilled_20260510T113414Z/layer_noise_0.3_block_36/train/trial_0000/probe_best.pt",
            "dataset": "mvp",
            "feature_signature": "7a044c58a91d3409",
            "metrics": {
              "accuracy": 67.3407482305359,
              "n_pairs": 989,
              "n_samples": 1978,
              "pair_consistency": 43.174924165824066
            },
            "objective_metric": 43.174924165824066,
            "prediction_file": "artifacts/probes/mvp/mvp_probe_linear_ltx_video_ltxv_13b_0_9_8_distilled_20260510T113414Z/layer_noise_0.3_block_36/eval/test/probe_predictions.json",
            "probe_eval_dir": "artifacts/probes/mvp/mvp_probe_linear_ltx_video_ltxv_13b_0_9_8_distilled_20260510T113414Z/layer_noise_0.3_block_36/eval/test",
            "probe_name": "linear",
            "split_name": "test"
          },
          "train": {
            "base_eval": {
              "metrics": {
                "accuracy": 84.46880269814503,
                "n_pairs": 2965,
                "n_samples": 5930,
                "pair_consistency": 71.06239460370995
              },
              "output_dir": "artifacts/probes/mvp/mvp_probe_linear_ltx_video_ltxv_13b_0_9_8_distilled_20260510T113414Z/layer_noise_0.3_block_36/eval/train",
              "split_dir": "data/splits/mvp/full_60_20_20"
            },
            "checkpoint": "artifacts/probes/mvp/mvp_probe_linear_ltx_video_ltxv_13b_0_9_8_distilled_20260510T113414Z/layer_noise_0.3_block_36/train/trial_0000/probe_best.pt",
            "dataset": "mvp",
            "feature_signature": "7a044c58a91d3409",
            "metrics": {
              "accuracy": 84.46880269814503,
              "n_pairs": 2965,
              "n_samples": 5930,
              "pair_consistency": 71.06239460370995
            },
            "objective_metric": 71.06239460370995,
            "prediction_file": "artifacts/probes/mvp/mvp_probe_linear_ltx_video_ltxv_13b_0_9_8_distilled_20260510T113414Z/layer_noise_0.3_block_36/eval/train/probe_predictions.json",
            "probe_eval_dir": "artifacts/probes/mvp/mvp_probe_linear_ltx_video_ltxv_13b_0_9_8_distilled_20260510T113414Z/layer_noise_0.3_block_36/eval/train",
            "probe_name": "linear",
            "split_name": "train"
          },
          "val": {
            "base_eval": {
              "metrics": {
                "accuracy": 68.45298281092013,
                "n_pairs": 989,
                "n_samples": 1978,
                "pair_consistency": 44.893832153690596
              },
              "output_dir": "artifacts/probes/mvp/mvp_probe_linear_ltx_video_ltxv_13b_0_9_8_distilled_20260510T113414Z/layer_noise_0.3_block_36/eval/val",
              "split_dir": "data/splits/mvp/full_60_20_20"
            },
            "checkpoint": "artifacts/probes/mvp/mvp_probe_linear_ltx_video_ltxv_13b_0_9_8_distilled_20260510T113414Z/layer_noise_0.3_block_36/train/trial_0000/probe_best.pt",
            "dataset": "mvp",
            "feature_signature": "7a044c58a91d3409",
            "metrics": {
              "accuracy": 68.45298281092013,
              "n_pairs": 989,
              "n_samples": 1978,
              "pair_consistency": 44.893832153690596
            },
            "objective_metric": 44.893832153690596,
            "prediction_file": "artifacts/probes/mvp/mvp_probe_linear_ltx_video_ltxv_13b_0_9_8_distilled_20260510T113414Z/layer_noise_0.3_block_36/eval/val/probe_predictions.json",
            "probe_eval_dir": "artifacts/probes/mvp/mvp_probe_linear_ltx_video_ltxv_13b_0_9_8_distilled_20260510T113414Z/layer_noise_0.3_block_36/eval/val",
            "probe_name": "linear",
            "split_name": "val"
          }
        },
        "split_name": "test"
      },
      "layer": 31,
      "layer_label": "noise_0.3_block_36",
      "objective_metric": 43.174924165824066,
      "train": {
        "best_checkpoint": "artifacts/probes/mvp/mvp_probe_linear_ltx_video_ltxv_13b_0_9_8_distilled_20260510T113414Z/layer_noise_0.3_block_36/train/trial_0000/probe_best.pt",
        "best_eval_output_dir": "artifacts/probes/mvp/mvp_probe_linear_ltx_video_ltxv_13b_0_9_8_distilled_20260510T113414Z/layer_noise_0.3_block_36/train/trial_0000/val_eval",
        "best_output_dir": "artifacts/probes/mvp/mvp_probe_linear_ltx_video_ltxv_13b_0_9_8_distilled_20260510T113414Z/layer_noise_0.3_block_36/train/trial_0000",
        "best_params": {
          "batch_size": 32,
          "epochs": 2000,
          "lr": 0.0001329291894316216,
          "weight_decay": 0.005061576888752304
        },
        "best_trial_number": 0,
        "best_value": 44.893832153690596,
        "checkpoint": "artifacts/probes/mvp/mvp_probe_linear_ltx_video_ltxv_13b_0_9_8_distilled_20260510T113414Z/layer_noise_0.3_block_36/train/trial_0000/probe_best.pt",
        "dataset": "mvp",
        "direction": "maximize",
        "layer": 31,
        "n_trials": 20,
        "objective_metric": "pair_consistency",
        "output_dir": "artifacts/probes/mvp/mvp_probe_linear_ltx_video_ltxv_13b_0_9_8_distilled_20260510T113414Z/layer_noise_0.3_block_36/train",
        "probe_name": "linear",
        "storage": "sqlite:////gpfs/home3/scur0511/Probe4Physics/artifacts/probes/mvp/mvp_probe_linear_ltx_video_ltxv_13b_0_9_8_distilled_20260510T113414Z/layer_noise_0.3_block_36/train/optuna_study.sqlite3",
        "study_name": "mvp_linear_ltx_video_layer_noise_0.3_block_36",
        "trials": [
          {
            "checkpoint": "artifacts/probes/mvp/mvp_probe_linear_ltx_video_ltxv_13b_0_9_8_distilled_20260510T113414Z/layer_noise_0.3_block_36/train/trial_0000/probe_best.pt",
            "eval_output_dir": "artifacts/probes/mvp/mvp_probe_linear_ltx_video_ltxv_13b_0_9_8_distilled_20260510T113414Z/layer_noise_0.3_block_36/train/trial_0000/val_eval",
            "output_dir": "artifacts/probes/mvp/mvp_probe_linear_ltx_video_ltxv_13b_0_9_8_distilled_20260510T113414Z/layer_noise_0.3_block_36/train/trial_0000",
            "params": {
              "batch_size": 32,
              "epochs": 2000,
              "lr": 0.0001329291894316216,
              "weight_decay": 0.005061576888752304
            },
            "trial_number": 0,
            "value": 44.893832153690596
          },
          {
            "checkpoint": "artifacts/probes/mvp/mvp_probe_linear_ltx_video_ltxv_13b_0_9_8_distilled_20260510T113414Z/layer_noise_0.3_block_36/train/trial_0001/probe_best.pt",
            "eval_output_dir": "artifacts/probes/mvp/mvp_probe_linear_ltx_video_ltxv_13b_0_9_8_distilled_20260510T113414Z/layer_noise_0.3_block_36/train/trial_0001/val_eval",
            "output_dir": "artifacts/probes/mvp/mvp_probe_linear_ltx_video_ltxv_13b_0_9_8_distilled_20260510T113414Z/layer_noise_0.3_block_36/train/trial_0001",
            "params": {
              "batch_size": 256,
              "epochs": 100,
              "lr": 0.00314288089084011,
              "weight_decay": 1.879466824163843e-07
            },
            "trial_number": 1,
            "value": 43.07381193124368
          },
          {
            "checkpoint": "artifacts/probes/mvp/mvp_probe_linear_ltx_video_ltxv_13b_0_9_8_distilled_20260510T113414Z/layer_noise_0.3_block_36/train/trial_0002/probe_best.pt",
            "eval_output_dir": "artifacts/probes/mvp/mvp_probe_linear_ltx_video_ltxv_13b_0_9_8_distilled_20260510T113414Z/layer_noise_0.3_block_36/train/trial_0002/val_eval",
            "output_dir": "artifacts/probes/mvp/mvp_probe_linear_ltx_video_ltxv_13b_0_9_8_distilled_20260510T113414Z/layer_noise_0.3_block_36/train/trial_0002",
            "params": {
              "batch_size": 128,
              "epochs": 1000,
              "lr": 0.00023345864076016249,
              "weight_decay": 0.0005141096648805752
            },
            "trial_number": 2,
            "value": 44.79271991911021
          },
          {
            "checkpoint": "artifacts/probes/mvp/mvp_probe_linear_ltx_video_ltxv_13b_0_9_8_distilled_20260510T113414Z/layer_noise_0.3_block_36/train/trial_0003/probe_best.pt",
            "eval_output_dir": "artifacts/probes/mvp/mvp_probe_linear_ltx_video_ltxv_13b_0_9_8_distilled_20260510T113414Z/layer_noise_0.3_block_36/train/trial_0003/val_eval",
            "output_dir": "artifacts/probes/mvp/mvp_probe_linear_ltx_video_ltxv_13b_0_9_8_distilled_20260510T113414Z/layer_noise_0.3_block_36/train/trial_0003",
            "params": {
              "batch_size": 32,
              "epochs": 50,
              "lr": 8.200518402245828e-05,
              "weight_decay": 3.855073690026179e-08
            },
            "trial_number": 3,
            "value": 39.635995955510616
          },
          {
            "checkpoint": "artifacts/probes/mvp/mvp_probe_linear_ltx_video_ltxv_13b_0_9_8_distilled_20260510T113414Z/layer_noise_0.3_block_36/train/trial_0004/probe_best.pt",
            "eval_output_dir": "artifacts/probes/mvp/mvp_probe_linear_ltx_video_ltxv_13b_0_9_8_distilled_20260510T113414Z/layer_noise_0.3_block_36/train/trial_0004/val_eval",
            "output_dir": "artifacts/probes/mvp/mvp_probe_linear_ltx_video_ltxv_13b_0_9_8_distilled_20260510T113414Z/layer_noise_0.3_block_36/train/trial_0004",
            "params": {
              "batch_size": 32,
              "epochs": 50,
              "lr": 0.00043664735929796326,
              "weight_decay": 1.2856617791467908e-07
            },
            "trial_number": 4,
            "value": 43.68048533872599
          },
          {
            "checkpoint": "artifacts/probes/mvp/mvp_probe_linear_ltx_video_ltxv_13b_0_9_8_distilled_20260510T113414Z/layer_noise_0.3_block_36/train/trial_0005/probe_best.pt",
            "eval_output_dir": "artifacts/probes/mvp/mvp_probe_linear_ltx_video_ltxv_13b_0_9_8_distilled_20260510T113414Z/layer_noise_0.3_block_36/train/trial_0005/val_eval",
            "output_dir": "artifacts/probes/mvp/mvp_probe_linear_ltx_video_ltxv_13b_0_9_8_distilled_20260510T113414Z/layer_noise_0.3_block_36/train/trial_0005",
            "params": {
              "batch_size": 32,
              "epochs": 500,
              "lr": 0.00014656553886225324,
              "weight_decay": 4.247116662617142e-07
            },
            "trial_number": 5,
            "value": 43.68048533872599
          },
          {
            "checkpoint": "artifacts/probes/mvp/mvp_probe_linear_ltx_video_ltxv_13b_0_9_8_distilled_20260510T113414Z/layer_noise_0.3_block_36/train/trial_0008/probe_best.pt",
            "eval_output_dir": "artifacts/probes/mvp/mvp_probe_linear_ltx_video_ltxv_13b_0_9_8_distilled_20260510T113414Z/layer_noise_0.3_block_36/train/trial_0008/val_eval",
            "output_dir": "artifacts/probes/mvp/mvp_probe_linear_ltx_video_ltxv_13b_0_9_8_distilled_20260510T113414Z/layer_noise_0.3_block_36/train/trial_0008",
            "params": {
              "batch_size": 256,
              "epochs": 100,
              "lr": 0.0003699972431463808,
              "weight_decay": 3.6749049453053196e-06
            },
            "trial_number": 8,
            "value": 41.55712841253792
          },
          {
            "checkpoint": "artifacts/probes/mvp/mvp_probe_linear_ltx_video_ltxv_13b_0_9_8_distilled_20260510T113414Z/layer_noise_0.3_block_36/train/trial_0011/probe_best.pt",
            "eval_output_dir": "artifacts/probes/mvp/mvp_probe_linear_ltx_video_ltxv_13b_0_9_8_distilled_20260510T113414Z/layer_noise_0.3_block_36/train/trial_0011/val_eval",
            "output_dir": "artifacts/probes/mvp/mvp_probe_linear_ltx_video_ltxv_13b_0_9_8_distilled_20260510T113414Z/layer_noise_0.3_block_36/train/trial_0011",
            "params": {
              "batch_size": 64,
              "epochs": 20,
              "lr": 0.0009028168422346196,
              "weight_decay": 0.00013851041848413182
            },
            "trial_number": 11,
            "value": 35.69261880687563
          },
          {
            "checkpoint": "artifacts/probes/mvp/mvp_probe_linear_ltx_video_ltxv_13b_0_9_8_distilled_20260510T113414Z/layer_noise_0.3_block_36/train/trial_0015/probe_best.pt",
            "eval_output_dir": "artifacts/probes/mvp/mvp_probe_linear_ltx_video_ltxv_13b_0_9_8_distilled_20260510T113414Z/layer_noise_0.3_block_36/train/trial_0015/val_eval",
            "output_dir": "artifacts/probes/mvp/mvp_probe_linear_ltx_video_ltxv_13b_0_9_8_distilled_20260510T113414Z/layer_noise_0.3_block_36/train/trial_0015",
            "params": {
              "batch_size": 128,
              "epochs": 20,
              "lr": 2.990630550212624e-05,
              "weight_decay": 4.792092864251368e-05
            },
            "trial_number": 15,
            "value": 22.649140546006066
          }
        ]
      }
    },
    {
      "checkpoint": "artifacts/probes/mvp/mvp_probe_linear_ltx_video_ltxv_13b_0_9_8_distilled_20260510T113414Z/layer_noise_0.2_block_36/train/trial_0014/probe_best.pt",
      "eval": {
        "base_eval": {
          "metrics": {
            "accuracy": 66.6835187057634,
            "n_pairs": 989,
            "n_samples": 1978,
            "pair_consistency": 43.47826086956522
          },
          "output_dir": "artifacts/probes/mvp/mvp_probe_linear_ltx_video_ltxv_13b_0_9_8_distilled_20260510T113414Z/layer_noise_0.2_block_36/eval/test",
          "split_dir": "data/splits/mvp/full_60_20_20"
        },
        "checkpoint": "artifacts/probes/mvp/mvp_probe_linear_ltx_video_ltxv_13b_0_9_8_distilled_20260510T113414Z/layer_noise_0.2_block_36/train/trial_0014/probe_best.pt",
        "dataset": "mvp",
        "feature_signature": "7a044c58a91d3409",
        "metrics": {
          "accuracy": 66.6835187057634,
          "n_pairs": 989,
          "n_samples": 1978,
          "pair_consistency": 43.47826086956522
        },
        "metrics_by_split": {
          "test": {
            "accuracy": 66.6835187057634,
            "n_pairs": 989,
            "n_samples": 1978,
            "pair_consistency": 43.47826086956522
          },
          "train": {
            "accuracy": 90.60708263069141,
            "n_pairs": 2965,
            "n_samples": 5930,
            "pair_consistency": 82.09106239460371
          },
          "val": {
            "accuracy": 68.30131445904955,
            "n_pairs": 989,
            "n_samples": 1978,
            "pair_consistency": 45.096056622851364
          }
        },
        "objective_metric": 43.47826086956522,
        "prediction_file": "artifacts/probes/mvp/mvp_probe_linear_ltx_video_ltxv_13b_0_9_8_distilled_20260510T113414Z/layer_noise_0.2_block_36/eval/test/probe_predictions.json",
        "prediction_files": {
          "test": "artifacts/probes/mvp/mvp_probe_linear_ltx_video_ltxv_13b_0_9_8_distilled_20260510T113414Z/layer_noise_0.2_block_36/eval/test/probe_predictions.json",
          "train": "artifacts/probes/mvp/mvp_probe_linear_ltx_video_ltxv_13b_0_9_8_distilled_20260510T113414Z/layer_noise_0.2_block_36/eval/train/probe_predictions.json",
          "val": "artifacts/probes/mvp/mvp_probe_linear_ltx_video_ltxv_13b_0_9_8_distilled_20260510T113414Z/layer_noise_0.2_block_36/eval/val/probe_predictions.json"
        },
        "probe_eval_dir": "artifacts/probes/mvp/mvp_probe_linear_ltx_video_ltxv_13b_0_9_8_distilled_20260510T113414Z/layer_noise_0.2_block_36/eval",
        "probe_name": "linear",
        "reported_splits": [
          "train",
          "val",
          "test"
        ],
        "split_eval_dirs": {
          "test": "artifacts/probes/mvp/mvp_probe_linear_ltx_video_ltxv_13b_0_9_8_distilled_20260510T113414Z/layer_noise_0.2_block_36/eval/test",
          "train": "artifacts/probes/mvp/mvp_probe_linear_ltx_video_ltxv_13b_0_9_8_distilled_20260510T113414Z/layer_noise_0.2_block_36/eval/train",
          "val": "artifacts/probes/mvp/mvp_probe_linear_ltx_video_ltxv_13b_0_9_8_distilled_20260510T113414Z/layer_noise_0.2_block_36/eval/val"
        },
        "split_evals": {
          "test": {
            "base_eval": {
              "metrics": {
                "accuracy": 66.6835187057634,
                "n_pairs": 989,
                "n_samples": 1978,
                "pair_consistency": 43.47826086956522
              },
              "output_dir": "artifacts/probes/mvp/mvp_probe_linear_ltx_video_ltxv_13b_0_9_8_distilled_20260510T113414Z/layer_noise_0.2_block_36/eval/test",
              "split_dir": "data/splits/mvp/full_60_20_20"
            },
            "checkpoint": "artifacts/probes/mvp/mvp_probe_linear_ltx_video_ltxv_13b_0_9_8_distilled_20260510T113414Z/layer_noise_0.2_block_36/train/trial_0014/probe_best.pt",
            "dataset": "mvp",
            "feature_signature": "7a044c58a91d3409",
            "metrics": {
              "accuracy": 66.6835187057634,
              "n_pairs": 989,
              "n_samples": 1978,
              "pair_consistency": 43.47826086956522
            },
            "objective_metric": 43.47826086956522,
            "prediction_file": "artifacts/probes/mvp/mvp_probe_linear_ltx_video_ltxv_13b_0_9_8_distilled_20260510T113414Z/layer_noise_0.2_block_36/eval/test/probe_predictions.json",
            "probe_eval_dir": "artifacts/probes/mvp/mvp_probe_linear_ltx_video_ltxv_13b_0_9_8_distilled_20260510T113414Z/layer_noise_0.2_block_36/eval/test",
            "probe_name": "linear",
            "split_name": "test"
          },
          "train": {
            "base_eval": {
              "metrics": {
                "accuracy": 90.60708263069141,
                "n_pairs": 2965,
                "n_samples": 5930,
                "pair_consistency": 82.09106239460371
              },
              "output_dir": "artifacts/probes/mvp/mvp_probe_linear_ltx_video_ltxv_13b_0_9_8_distilled_20260510T113414Z/layer_noise_0.2_block_36/eval/train",
              "split_dir": "data/splits/mvp/full_60_20_20"
            },
            "checkpoint": "artifacts/probes/mvp/mvp_probe_linear_ltx_video_ltxv_13b_0_9_8_distilled_20260510T113414Z/layer_noise_0.2_block_36/train/trial_0014/probe_best.pt",
            "dataset": "mvp",
            "feature_signature": "7a044c58a91d3409",
            "metrics": {
              "accuracy": 90.60708263069141,
              "n_pairs": 2965,
              "n_samples": 5930,
              "pair_consistency": 82.09106239460371
            },
            "objective_metric": 82.09106239460371,
            "prediction_file": "artifacts/probes/mvp/mvp_probe_linear_ltx_video_ltxv_13b_0_9_8_distilled_20260510T113414Z/layer_noise_0.2_block_36/eval/train/probe_predictions.json",
            "probe_eval_dir": "artifacts/probes/mvp/mvp_probe_linear_ltx_video_ltxv_13b_0_9_8_distilled_20260510T113414Z/layer_noise_0.2_block_36/eval/train",
            "probe_name": "linear",
            "split_name": "train"
          },
          "val": {
            "base_eval": {
              "metrics": {
                "accuracy": 68.30131445904955,
                "n_pairs": 989,
                "n_samples": 1978,
                "pair_consistency": 45.096056622851364
              },
              "output_dir": "artifacts/probes/mvp/mvp_probe_linear_ltx_video_ltxv_13b_0_9_8_distilled_20260510T113414Z/layer_noise_0.2_block_36/eval/val",
              "split_dir": "data/splits/mvp/full_60_20_20"
            },
            "checkpoint": "artifacts/probes/mvp/mvp_probe_linear_ltx_video_ltxv_13b_0_9_8_distilled_20260510T113414Z/layer_noise_0.2_block_36/train/trial_0014/probe_best.pt",
            "dataset": "mvp",
            "feature_signature": "7a044c58a91d3409",
            "metrics": {
              "accuracy": 68.30131445904955,
              "n_pairs": 989,
              "n_samples": 1978,
              "pair_consistency": 45.096056622851364
            },
            "objective_metric": 45.096056622851364,
            "prediction_file": "artifacts/probes/mvp/mvp_probe_linear_ltx_video_ltxv_13b_0_9_8_distilled_20260510T113414Z/layer_noise_0.2_block_36/eval/val/probe_predictions.json",
            "probe_eval_dir": "artifacts/probes/mvp/mvp_probe_linear_ltx_video_ltxv_13b_0_9_8_distilled_20260510T113414Z/layer_noise_0.2_block_36/eval/val",
            "probe_name": "linear",
            "split_name": "val"
          }
        },
        "split_name": "test"
      },
      "layer": 35,
      "layer_label": "noise_0.2_block_36",
      "objective_metric": 43.47826086956522,
      "train": {
        "best_checkpoint": "artifacts/probes/mvp/mvp_probe_linear_ltx_video_ltxv_13b_0_9_8_distilled_20260510T113414Z/layer_noise_0.2_block_36/train/trial_0014/probe_best.pt",
        "best_eval_output_dir": "artifacts/probes/mvp/mvp_probe_linear_ltx_video_ltxv_13b_0_9_8_distilled_20260510T113414Z/layer_noise_0.2_block_36/train/trial_0014/val_eval",
        "best_output_dir": "artifacts/probes/mvp/mvp_probe_linear_ltx_video_ltxv_13b_0_9_8_distilled_20260510T113414Z/layer_noise_0.2_block_36/train/trial_0014",
        "best_params": {
          "batch_size": 32,
          "epochs": 1000,
          "lr": 0.0009550389696130119,
          "weight_decay": 0.0006287181301801359
        },
        "best_trial_number": 14,
        "best_value": 45.096056622851364,
        "checkpoint": "artifacts/probes/mvp/mvp_probe_linear_ltx_video_ltxv_13b_0_9_8_distilled_20260510T113414Z/layer_noise_0.2_block_36/train/trial_0014/probe_best.pt",
        "dataset": "mvp",
        "direction": "maximize",
        "layer": 35,
        "n_trials": 20,
        "objective_metric": "pair_consistency",
        "output_dir": "artifacts/probes/mvp/mvp_probe_linear_ltx_video_ltxv_13b_0_9_8_distilled_20260510T113414Z/layer_noise_0.2_block_36/train",
        "probe_name": "linear",
        "storage": "sqlite:////gpfs/home3/scur0511/Probe4Physics/artifacts/probes/mvp/mvp_probe_linear_ltx_video_ltxv_13b_0_9_8_distilled_20260510T113414Z/layer_noise_0.2_block_36/train/optuna_study.sqlite3",
        "study_name": "mvp_linear_ltx_video_layer_noise_0.2_block_36",
        "trials": [
          {
            "checkpoint": "artifacts/probes/mvp/mvp_probe_linear_ltx_video_ltxv_13b_0_9_8_distilled_20260510T113414Z/layer_noise_0.2_block_36/train/trial_0000/probe_best.pt",
            "eval_output_dir": "artifacts/probes/mvp/mvp_probe_linear_ltx_video_ltxv_13b_0_9_8_distilled_20260510T113414Z/layer_noise_0.2_block_36/train/trial_0000/val_eval",
            "output_dir": "artifacts/probes/mvp/mvp_probe_linear_ltx_video_ltxv_13b_0_9_8_distilled_20260510T113414Z/layer_noise_0.2_block_36/train/trial_0000",
            "params": {
              "batch_size": 32,
              "epochs": 2000,
              "lr": 0.0001329291894316216,
              "weight_decay": 0.005061576888752304
            },
            "trial_number": 0,
            "value": 44.08493427704752
          },
          {
            "checkpoint": "artifacts/probes/mvp/mvp_probe_linear_ltx_video_ltxv_13b_0_9_8_distilled_20260510T113414Z/layer_noise_0.2_block_36/train/trial_0001/probe_best.pt",
            "eval_output_dir": "artifacts/probes/mvp/mvp_probe_linear_ltx_video_ltxv_13b_0_9_8_distilled_20260510T113414Z/layer_noise_0.2_block_36/train/trial_0001/val_eval",
            "output_dir": "artifacts/probes/mvp/mvp_probe_linear_ltx_video_ltxv_13b_0_9_8_distilled_20260510T113414Z/layer_noise_0.2_block_36/train/trial_0001",
            "params": {
              "batch_size": 256,
              "epochs": 100,
              "lr": 0.00314288089084011,
              "weight_decay": 1.879466824163843e-07
            },
            "trial_number": 1,
            "value": 40.54600606673407
          },
          {
            "checkpoint": "artifacts/probes/mvp/mvp_probe_linear_ltx_video_ltxv_13b_0_9_8_distilled_20260510T113414Z/layer_noise_0.2_block_36/train/trial_0002/probe_best.pt",
            "eval_output_dir": "artifacts/probes/mvp/mvp_probe_linear_ltx_video_ltxv_13b_0_9_8_distilled_20260510T113414Z/layer_noise_0.2_block_36/train/trial_0002/val_eval",
            "output_dir": "artifacts/probes/mvp/mvp_probe_linear_ltx_video_ltxv_13b_0_9_8_distilled_20260510T113414Z/layer_noise_0.2_block_36/train/trial_0002",
            "params": {
              "batch_size": 128,
              "epochs": 1000,
              "lr": 0.00023345864076016249,
              "weight_decay": 0.0005141096648805752
            },
            "trial_number": 2,
            "value": 43.78159757330637
          },
          {
            "checkpoint": "artifacts/probes/mvp/mvp_probe_linear_ltx_video_ltxv_13b_0_9_8_distilled_20260510T113414Z/layer_noise_0.2_block_36/train/trial_0003/probe_best.pt",
            "eval_output_dir": "artifacts/probes/mvp/mvp_probe_linear_ltx_video_ltxv_13b_0_9_8_distilled_20260510T113414Z/layer_noise_0.2_block_36/train/trial_0003/val_eval",
            "output_dir": "artifacts/probes/mvp/mvp_probe_linear_ltx_video_ltxv_13b_0_9_8_distilled_20260510T113414Z/layer_noise_0.2_block_36/train/trial_0003",
            "params": {
              "batch_size": 32,
              "epochs": 50,
              "lr": 8.200518402245828e-05,
              "weight_decay": 3.855073690026179e-08
            },
            "trial_number": 3,
            "value": 36.29929221435793
          },
          {
            "checkpoint": "artifacts/probes/mvp/mvp_probe_linear_ltx_video_ltxv_13b_0_9_8_distilled_20260510T113414Z/layer_noise_0.2_block_36/train/trial_0004/probe_best.pt",
            "eval_output_dir": "artifacts/probes/mvp/mvp_probe_linear_ltx_video_ltxv_13b_0_9_8_distilled_20260510T113414Z/layer_noise_0.2_block_36/train/trial_0004/val_eval",
            "output_dir": "artifacts/probes/mvp/mvp_probe_linear_ltx_video_ltxv_13b_0_9_8_distilled_20260510T113414Z/layer_noise_0.2_block_36/train/trial_0004",
            "params": {
              "batch_size": 32,
              "epochs": 50,
              "lr": 0.00043664735929796326,
              "weight_decay": 1.2856617791467908e-07
            },
            "trial_number": 4,
            "value": 40.54600606673407
          },
          {
            "checkpoint": "artifacts/probes/mvp/mvp_probe_linear_ltx_video_ltxv_13b_0_9_8_distilled_20260510T113414Z/layer_noise_0.2_block_36/train/trial_0005/probe_best.pt",
            "eval_output_dir": "artifacts/probes/mvp/mvp_probe_linear_ltx_video_ltxv_13b_0_9_8_distilled_20260510T113414Z/layer_noise_0.2_block_36/train/trial_0005/val_eval",
            "output_dir": "artifacts/probes/mvp/mvp_probe_linear_ltx_video_ltxv_13b_0_9_8_distilled_20260510T113414Z/layer_noise_0.2_block_36/train/trial_0005",
            "params": {
              "batch_size": 32,
              "epochs": 500,
              "lr": 0.00014656553886225324,
              "weight_decay": 4.247116662617142e-07
            },
            "trial_number": 5,
            "value": 43.377148634984835
          },
          {
            "checkpoint": "artifacts/probes/mvp/mvp_probe_linear_ltx_video_ltxv_13b_0_9_8_distilled_20260510T113414Z/layer_noise_0.2_block_36/train/trial_0008/probe_best.pt",
            "eval_output_dir": "artifacts/probes/mvp/mvp_probe_linear_ltx_video_ltxv_13b_0_9_8_distilled_20260510T113414Z/layer_noise_0.2_block_36/train/trial_0008/val_eval",
            "output_dir": "artifacts/probes/mvp/mvp_probe_linear_ltx_video_ltxv_13b_0_9_8_distilled_20260510T113414Z/layer_noise_0.2_block_36/train/trial_0008",
            "params": {
              "batch_size": 256,
              "epochs": 100,
              "lr": 0.0003699972431463808,
              "weight_decay": 3.6749049453053196e-06
            },
            "trial_number": 8,
            "value": 39.130434782608695
          },
          {
            "checkpoint": "artifacts/probes/mvp/mvp_probe_linear_ltx_video_ltxv_13b_0_9_8_distilled_20260510T113414Z/layer_noise_0.2_block_36/train/trial_0011/probe_best.pt",
            "eval_output_dir": "artifacts/probes/mvp/mvp_probe_linear_ltx_video_ltxv_13b_0_9_8_distilled_20260510T113414Z/layer_noise_0.2_block_36/train/trial_0011/val_eval",
            "output_dir": "artifacts/probes/mvp/mvp_probe_linear_ltx_video_ltxv_13b_0_9_8_distilled_20260510T113414Z/layer_noise_0.2_block_36/train/trial_0011",
            "params": {
              "batch_size": 64,
              "epochs": 20,
              "lr": 0.0009028168422346196,
              "weight_decay": 0.00013851041848413182
            },
            "trial_number": 11,
            "value": 34.98483316481295
          },
          {
            "checkpoint": "artifacts/probes/mvp/mvp_probe_linear_ltx_video_ltxv_13b_0_9_8_distilled_20260510T113414Z/layer_noise_0.2_block_36/train/trial_0014/probe_best.pt",
            "eval_output_dir": "artifacts/probes/mvp/mvp_probe_linear_ltx_video_ltxv_13b_0_9_8_distilled_20260510T113414Z/layer_noise_0.2_block_36/train/trial_0014/val_eval",
            "output_dir": "artifacts/probes/mvp/mvp_probe_linear_ltx_video_ltxv_13b_0_9_8_distilled_20260510T113414Z/layer_noise_0.2_block_36/train/trial_0014",
            "params": {
              "batch_size": 32,
              "epochs": 1000,
              "lr": 0.0009550389696130119,
              "weight_decay": 0.0006287181301801359
            },
            "trial_number": 14,
            "value": 45.096056622851364
          },
          {
            "checkpoint": "artifacts/probes/mvp/mvp_probe_linear_ltx_video_ltxv_13b_0_9_8_distilled_20260510T113414Z/layer_noise_0.2_block_36/train/trial_0015/probe_best.pt",
            "eval_output_dir": "artifacts/probes/mvp/mvp_probe_linear_ltx_video_ltxv_13b_0_9_8_distilled_20260510T113414Z/layer_noise_0.2_block_36/train/trial_0015/val_eval",
            "output_dir": "artifacts/probes/mvp/mvp_probe_linear_ltx_video_ltxv_13b_0_9_8_distilled_20260510T113414Z/layer_noise_0.2_block_36/train/trial_0015",
            "params": {
              "batch_size": 32,
              "epochs": 20,
              "lr": 0.0011390177735221545,
              "weight_decay": 1.4678218833234581e-05
            },
            "trial_number": 15,
            "value": 33.16481294236603
          }
        ]
      }
    },
    {
      "checkpoint": "artifacts/probes/mvp/mvp_probe_linear_ltx_video_ltxv_13b_0_9_8_distilled_20260510T113414Z/layer_noise_0.1_block_36/train/trial_0000/probe_best.pt",
      "eval": {
        "base_eval": {
          "metrics": {
            "accuracy": 67.89686552072801,
            "n_pairs": 989,
            "n_samples": 1978,
            "pair_consistency": 43.68048533872599
          },
          "output_dir": "artifacts/probes/mvp/mvp_probe_linear_ltx_video_ltxv_13b_0_9_8_distilled_20260510T113414Z/layer_noise_0.1_block_36/eval/test",
          "split_dir": "data/splits/mvp/full_60_20_20"
        },
        "checkpoint": "artifacts/probes/mvp/mvp_probe_linear_ltx_video_ltxv_13b_0_9_8_distilled_20260510T113414Z/layer_noise_0.1_block_36/train/trial_0000/probe_best.pt",
        "dataset": "mvp",
        "feature_signature": "7a044c58a91d3409",
        "metrics": {
          "accuracy": 67.89686552072801,
          "n_pairs": 989,
          "n_samples": 1978,
          "pair_consistency": 43.68048533872599
        },
        "metrics_by_split": {
          "test": {
            "accuracy": 67.89686552072801,
            "n_pairs": 989,
            "n_samples": 1978,
            "pair_consistency": 43.68048533872599
          },
          "train": {
            "accuracy": 84.65430016863407,
            "n_pairs": 2965,
            "n_samples": 5930,
            "pair_consistency": 71.39966273187184
          },
          "val": {
            "accuracy": 67.29019211324571,
            "n_pairs": 989,
            "n_samples": 1978,
            "pair_consistency": 42.9726996966633
          }
        },
        "objective_metric": 43.68048533872599,
        "prediction_file": "artifacts/probes/mvp/mvp_probe_linear_ltx_video_ltxv_13b_0_9_8_distilled_20260510T113414Z/layer_noise_0.1_block_36/eval/test/probe_predictions.json",
        "prediction_files": {
          "test": "artifacts/probes/mvp/mvp_probe_linear_ltx_video_ltxv_13b_0_9_8_distilled_20260510T113414Z/layer_noise_0.1_block_36/eval/test/probe_predictions.json",
          "train": "artifacts/probes/mvp/mvp_probe_linear_ltx_video_ltxv_13b_0_9_8_distilled_20260510T113414Z/layer_noise_0.1_block_36/eval/train/probe_predictions.json",
          "val": "artifacts/probes/mvp/mvp_probe_linear_ltx_video_ltxv_13b_0_9_8_distilled_20260510T113414Z/layer_noise_0.1_block_36/eval/val/probe_predictions.json"
        },
        "probe_eval_dir": "artifacts/probes/mvp/mvp_probe_linear_ltx_video_ltxv_13b_0_9_8_distilled_20260510T113414Z/layer_noise_0.1_block_36/eval",
        "probe_name": "linear",
        "reported_splits": [
          "train",
          "val",
          "test"
        ],
        "split_eval_dirs": {
          "test": "artifacts/probes/mvp/mvp_probe_linear_ltx_video_ltxv_13b_0_9_8_distilled_20260510T113414Z/layer_noise_0.1_block_36/eval/test",
          "train": "artifacts/probes/mvp/mvp_probe_linear_ltx_video_ltxv_13b_0_9_8_distilled_20260510T113414Z/layer_noise_0.1_block_36/eval/train",
          "val": "artifacts/probes/mvp/mvp_probe_linear_ltx_video_ltxv_13b_0_9_8_distilled_20260510T113414Z/layer_noise_0.1_block_36/eval/val"
        },
        "split_evals": {
          "test": {
            "base_eval": {
              "metrics": {
                "accuracy": 67.89686552072801,
                "n_pairs": 989,
                "n_samples": 1978,
                "pair_consistency": 43.68048533872599
              },
              "output_dir": "artifacts/probes/mvp/mvp_probe_linear_ltx_video_ltxv_13b_0_9_8_distilled_20260510T113414Z/layer_noise_0.1_block_36/eval/test",
              "split_dir": "data/splits/mvp/full_60_20_20"
            },
            "checkpoint": "artifacts/probes/mvp/mvp_probe_linear_ltx_video_ltxv_13b_0_9_8_distilled_20260510T113414Z/layer_noise_0.1_block_36/train/trial_0000/probe_best.pt",
            "dataset": "mvp",
            "feature_signature": "7a044c58a91d3409",
            "metrics": {
              "accuracy": 67.89686552072801,
              "n_pairs": 989,
              "n_samples": 1978,
              "pair_consistency": 43.68048533872599
            },
            "objective_metric": 43.68048533872599,
            "prediction_file": "artifacts/probes/mvp/mvp_probe_linear_ltx_video_ltxv_13b_0_9_8_distilled_20260510T113414Z/layer_noise_0.1_block_36/eval/test/probe_predictions.json",
            "probe_eval_dir": "artifacts/probes/mvp/mvp_probe_linear_ltx_video_ltxv_13b_0_9_8_distilled_20260510T113414Z/layer_noise_0.1_block_36/eval/test",
            "probe_name": "linear",
            "split_name": "test"
          },
          "train": {
            "base_eval": {
              "metrics": {
                "accuracy": 84.65430016863407,
                "n_pairs": 2965,
                "n_samples": 5930,
                "pair_consistency": 71.39966273187184
              },
              "output_dir": "artifacts/probes/mvp/mvp_probe_linear_ltx_video_ltxv_13b_0_9_8_distilled_20260510T113414Z/layer_noise_0.1_block_36/eval/train",
              "split_dir": "data/splits/mvp/full_60_20_20"
            },
            "checkpoint": "artifacts/probes/mvp/mvp_probe_linear_ltx_video_ltxv_13b_0_9_8_distilled_20260510T113414Z/layer_noise_0.1_block_36/train/trial_0000/probe_best.pt",
            "dataset": "mvp",
            "feature_signature": "7a044c58a91d3409",
            "metrics": {
              "accuracy": 84.65430016863407,
              "n_pairs": 2965,
              "n_samples": 5930,
              "pair_consistency": 71.39966273187184
            },
            "objective_metric": 71.39966273187184,
            "prediction_file": "artifacts/probes/mvp/mvp_probe_linear_ltx_video_ltxv_13b_0_9_8_distilled_20260510T113414Z/layer_noise_0.1_block_36/eval/train/probe_predictions.json",
            "probe_eval_dir": "artifacts/probes/mvp/mvp_probe_linear_ltx_video_ltxv_13b_0_9_8_distilled_20260510T113414Z/layer_noise_0.1_block_36/eval/train",
            "probe_name": "linear",
            "split_name": "train"
          },
          "val": {
            "base_eval": {
              "metrics": {
                "accuracy": 67.29019211324571,
                "n_pairs": 989,
                "n_samples": 1978,
                "pair_consistency": 42.9726996966633
              },
              "output_dir": "artifacts/probes/mvp/mvp_probe_linear_ltx_video_ltxv_13b_0_9_8_distilled_20260510T113414Z/layer_noise_0.1_block_36/eval/val",
              "split_dir": "data/splits/mvp/full_60_20_20"
            },
            "checkpoint": "artifacts/probes/mvp/mvp_probe_linear_ltx_video_ltxv_13b_0_9_8_distilled_20260510T113414Z/layer_noise_0.1_block_36/train/trial_0000/probe_best.pt",
            "dataset": "mvp",
            "feature_signature": "7a044c58a91d3409",
            "metrics": {
              "accuracy": 67.29019211324571,
              "n_pairs": 989,
              "n_samples": 1978,
              "pair_consistency": 42.9726996966633
            },
            "objective_metric": 42.9726996966633,
            "prediction_file": "artifacts/probes/mvp/mvp_probe_linear_ltx_video_ltxv_13b_0_9_8_distilled_20260510T113414Z/layer_noise_0.1_block_36/eval/val/probe_predictions.json",
            "probe_eval_dir": "artifacts/probes/mvp/mvp_probe_linear_ltx_video_ltxv_13b_0_9_8_distilled_20260510T113414Z/layer_noise_0.1_block_36/eval/val",
            "probe_name": "linear",
            "split_name": "val"
          }
        },
        "split_name": "test"
      },
      "layer": 39,
      "layer_label": "noise_0.1_block_36",
      "objective_metric": 43.68048533872599,
      "train": {
        "best_checkpoint": "artifacts/probes/mvp/mvp_probe_linear_ltx_video_ltxv_13b_0_9_8_distilled_20260510T113414Z/layer_noise_0.1_block_36/train/trial_0000/probe_best.pt",
        "best_eval_output_dir": "artifacts/probes/mvp/mvp_probe_linear_ltx_video_ltxv_13b_0_9_8_distilled_20260510T113414Z/layer_noise_0.1_block_36/train/trial_0000/val_eval",
        "best_output_dir": "artifacts/probes/mvp/mvp_probe_linear_ltx_video_ltxv_13b_0_9_8_distilled_20260510T113414Z/layer_noise_0.1_block_36/train/trial_0000",
        "best_params": {
          "batch_size": 32,
          "epochs": 2000,
          "lr": 0.0001329291894316216,
          "weight_decay": 0.005061576888752304
        },
        "best_trial_number": 0,
        "best_value": 42.9726996966633,
        "checkpoint": "artifacts/probes/mvp/mvp_probe_linear_ltx_video_ltxv_13b_0_9_8_distilled_20260510T113414Z/layer_noise_0.1_block_36/train/trial_0000/probe_best.pt",
        "dataset": "mvp",
        "direction": "maximize",
        "layer": 39,
        "n_trials": 20,
        "objective_metric": "pair_consistency",
        "output_dir": "artifacts/probes/mvp/mvp_probe_linear_ltx_video_ltxv_13b_0_9_8_distilled_20260510T113414Z/layer_noise_0.1_block_36/train",
        "probe_name": "linear",
        "storage": "sqlite:////gpfs/home3/scur0511/Probe4Physics/artifacts/probes/mvp/mvp_probe_linear_ltx_video_ltxv_13b_0_9_8_distilled_20260510T113414Z/layer_noise_0.1_block_36/train/optuna_study.sqlite3",
        "study_name": "mvp_linear_ltx_video_layer_noise_0.1_block_36",
        "trials": [
          {
            "checkpoint": "artifacts/probes/mvp/mvp_probe_linear_ltx_video_ltxv_13b_0_9_8_distilled_20260510T113414Z/layer_noise_0.1_block_36/train/trial_0000/probe_best.pt",
            "eval_output_dir": "artifacts/probes/mvp/mvp_probe_linear_ltx_video_ltxv_13b_0_9_8_distilled_20260510T113414Z/layer_noise_0.1_block_36/train/trial_0000/val_eval",
            "output_dir": "artifacts/probes/mvp/mvp_probe_linear_ltx_video_ltxv_13b_0_9_8_distilled_20260510T113414Z/layer_noise_0.1_block_36/train/trial_0000",
            "params": {
              "batch_size": 32,
              "epochs": 2000,
              "lr": 0.0001329291894316216,
              "weight_decay": 0.005061576888752304
            },
            "trial_number": 0,
            "value": 42.9726996966633
          },
          {
            "checkpoint": "artifacts/probes/mvp/mvp_probe_linear_ltx_video_ltxv_13b_0_9_8_distilled_20260510T113414Z/layer_noise_0.1_block_36/train/trial_0001/probe_best.pt",
            "eval_output_dir": "artifacts/probes/mvp/mvp_probe_linear_ltx_video_ltxv_13b_0_9_8_distilled_20260510T113414Z/layer_noise_0.1_block_36/train/trial_0001/val_eval",
            "output_dir": "artifacts/probes/mvp/mvp_probe_linear_ltx_video_ltxv_13b_0_9_8_distilled_20260510T113414Z/layer_noise_0.1_block_36/train/trial_0001",
            "params": {
              "batch_size": 256,
              "epochs": 100,
              "lr": 0.00314288089084011,
              "weight_decay": 1.879466824163843e-07
            },
            "trial_number": 1,
            "value": 38.82709807886754
          },
          {
            "checkpoint": "artifacts/probes/mvp/mvp_probe_linear_ltx_video_ltxv_13b_0_9_8_distilled_20260510T113414Z/layer_noise_0.1_block_36/train/trial_0002/probe_best.pt",
            "eval_output_dir": "artifacts/probes/mvp/mvp_probe_linear_ltx_video_ltxv_13b_0_9_8_distilled_20260510T113414Z/layer_noise_0.1_block_36/train/trial_0002/val_eval",
            "output_dir": "artifacts/probes/mvp/mvp_probe_linear_ltx_video_ltxv_13b_0_9_8_distilled_20260510T113414Z/layer_noise_0.1_block_36/train/trial_0002",
            "params": {
              "batch_size": 128,
              "epochs": 1000,
              "lr": 0.00023345864076016249,
              "weight_decay": 0.0005141096648805752
            },
            "trial_number": 2,
            "value": 42.163801820020225
          },
          {
            "checkpoint": "artifacts/probes/mvp/mvp_probe_linear_ltx_video_ltxv_13b_0_9_8_distilled_20260510T113414Z/layer_noise_0.1_block_36/train/trial_0003/probe_best.pt",
            "eval_output_dir": "artifacts/probes/mvp/mvp_probe_linear_ltx_video_ltxv_13b_0_9_8_distilled_20260510T113414Z/layer_noise_0.1_block_36/train/trial_0003/val_eval",
            "output_dir": "artifacts/probes/mvp/mvp_probe_linear_ltx_video_ltxv_13b_0_9_8_distilled_20260510T113414Z/layer_noise_0.1_block_36/train/trial_0003",
            "params": {
              "batch_size": 32,
              "epochs": 50,
              "lr": 8.200518402245828e-05,
              "weight_decay": 3.855073690026179e-08
            },
            "trial_number": 3,
            "value": 37.2093023255814
          },
          {
            "checkpoint": "artifacts/probes/mvp/mvp_probe_linear_ltx_video_ltxv_13b_0_9_8_distilled_20260510T113414Z/layer_noise_0.1_block_36/train/trial_0004/probe_best.pt",
            "eval_output_dir": "artifacts/probes/mvp/mvp_probe_linear_ltx_video_ltxv_13b_0_9_8_distilled_20260510T113414Z/layer_noise_0.1_block_36/train/trial_0004/val_eval",
            "output_dir": "artifacts/probes/mvp/mvp_probe_linear_ltx_video_ltxv_13b_0_9_8_distilled_20260510T113414Z/layer_noise_0.1_block_36/train/trial_0004",
            "params": {
              "batch_size": 32,
              "epochs": 50,
              "lr": 0.00043664735929796326,
              "weight_decay": 1.2856617791467908e-07
            },
            "trial_number": 4,
            "value": 38.52376137512639
          },
          {
            "checkpoint": "artifacts/probes/mvp/mvp_probe_linear_ltx_video_ltxv_13b_0_9_8_distilled_20260510T113414Z/layer_noise_0.1_block_36/train/trial_0005/probe_best.pt",
            "eval_output_dir": "artifacts/probes/mvp/mvp_probe_linear_ltx_video_ltxv_13b_0_9_8_distilled_20260510T113414Z/layer_noise_0.1_block_36/train/trial_0005/val_eval",
            "output_dir": "artifacts/probes/mvp/mvp_probe_linear_ltx_video_ltxv_13b_0_9_8_distilled_20260510T113414Z/layer_noise_0.1_block_36/train/trial_0005",
            "params": {
              "batch_size": 32,
              "epochs": 500,
              "lr": 0.00014656553886225324,
              "weight_decay": 4.247116662617142e-07
            },
            "trial_number": 5,
            "value": 42.871587462082914
          },
          {
            "checkpoint": "artifacts/probes/mvp/mvp_probe_linear_ltx_video_ltxv_13b_0_9_8_distilled_20260510T113414Z/layer_noise_0.1_block_36/train/trial_0008/probe_best.pt",
            "eval_output_dir": "artifacts/probes/mvp/mvp_probe_linear_ltx_video_ltxv_13b_0_9_8_distilled_20260510T113414Z/layer_noise_0.1_block_36/train/trial_0008/val_eval",
            "output_dir": "artifacts/probes/mvp/mvp_probe_linear_ltx_video_ltxv_13b_0_9_8_distilled_20260510T113414Z/layer_noise_0.1_block_36/train/trial_0008",
            "params": {
              "batch_size": 256,
              "epochs": 100,
              "lr": 0.0003699972431463808,
              "weight_decay": 3.6749049453053196e-06
            },
            "trial_number": 8,
            "value": 36.400404448938325
          },
          {
            "checkpoint": "artifacts/probes/mvp/mvp_probe_linear_ltx_video_ltxv_13b_0_9_8_distilled_20260510T113414Z/layer_noise_0.1_block_36/train/trial_0013/probe_best.pt",
            "eval_output_dir": "artifacts/probes/mvp/mvp_probe_linear_ltx_video_ltxv_13b_0_9_8_distilled_20260510T113414Z/layer_noise_0.1_block_36/train/trial_0013/val_eval",
            "output_dir": "artifacts/probes/mvp/mvp_probe_linear_ltx_video_ltxv_13b_0_9_8_distilled_20260510T113414Z/layer_noise_0.1_block_36/train/trial_0013",
            "params": {
              "batch_size": 32,
              "epochs": 20,
              "lr": 0.00014252073771131227,
              "weight_decay": 0.008946810000979412
            },
            "trial_number": 13,
            "value": 31.445904954499493
          },
          {
            "checkpoint": "artifacts/probes/mvp/mvp_probe_linear_ltx_video_ltxv_13b_0_9_8_distilled_20260510T113414Z/layer_noise_0.1_block_36/train/trial_0016/probe_best.pt",
            "eval_output_dir": "artifacts/probes/mvp/mvp_probe_linear_ltx_video_ltxv_13b_0_9_8_distilled_20260510T113414Z/layer_noise_0.1_block_36/train/trial_0016/val_eval",
            "output_dir": "artifacts/probes/mvp/mvp_probe_linear_ltx_video_ltxv_13b_0_9_8_distilled_20260510T113414Z/layer_noise_0.1_block_36/train/trial_0016",
            "params": {
              "batch_size": 32,
              "epochs": 500,
              "lr": 0.00023010761230790708,
              "weight_decay": 2.8885077586268315e-07
            },
            "trial_number": 16,
            "value": 42.9726996966633
          },
          {
            "checkpoint": "artifacts/probes/mvp/mvp_probe_linear_ltx_video_ltxv_13b_0_9_8_distilled_20260510T113414Z/layer_noise_0.1_block_36/train/trial_0017/probe_best.pt",
            "eval_output_dir": "artifacts/probes/mvp/mvp_probe_linear_ltx_video_ltxv_13b_0_9_8_distilled_20260510T113414Z/layer_noise_0.1_block_36/train/trial_0017/val_eval",
            "output_dir": "artifacts/probes/mvp/mvp_probe_linear_ltx_video_ltxv_13b_0_9_8_distilled_20260510T113414Z/layer_noise_0.1_block_36/train/trial_0017",
            "params": {
              "batch_size": 32,
              "epochs": 20,
              "lr": 0.007985634897281529,
              "weight_decay": 1.4239225315245903e-08
            },
            "trial_number": 17,
            "value": 29.625884732052576
          },
          {
            "checkpoint": "artifacts/probes/mvp/mvp_probe_linear_ltx_video_ltxv_13b_0_9_8_distilled_20260510T113414Z/layer_noise_0.1_block_36/train/trial_0018/probe_best.pt",
            "eval_output_dir": "artifacts/probes/mvp/mvp_probe_linear_ltx_video_ltxv_13b_0_9_8_distilled_20260510T113414Z/layer_noise_0.1_block_36/train/trial_0018/val_eval",
            "output_dir": "artifacts/probes/mvp/mvp_probe_linear_ltx_video_ltxv_13b_0_9_8_distilled_20260510T113414Z/layer_noise_0.1_block_36/train/trial_0018",
            "params": {
              "batch_size": 64,
              "epochs": 500,
              "lr": 0.0007202837752905467,
              "weight_decay": 9.610320214418287e-05
            },
            "trial_number": 18,
            "value": 42.568250758341755
          }
        ]
      }
    }
  ],
  "model_selection_split": "val",
  "objective_metric_name": "pair_consistency",
  "probe_name": "linear",
  "reported_splits": [
    "train",
    "val",
    "test"
  ],
  "requested_layers": [
    3,
    7,
    11,
    15,
    19,
    23,
    27,
    31,
    35,
    39
  ],
  "split_name": "test",
  "sweep_dir": "artifacts/probes/mvp/mvp_probe_linear_ltx_video_ltxv_13b_0_9_8_distilled_20260510T113414Z",
  "train_split": "train"
}
JOB_END_UTC=2026-05-10T17:00:00Z
JOB_ELAPSED_SECONDS=19551
