============================================================================================== 
Warning! Mixing Conda and module environments may lead to corruption of the
user environment. 
We do not recommend users mixing those two environments unless absolutely
necessary. Note that 
SURF does not provide any support for Conda environment.
For more information, please refer to our software policy page:
https://servicedesk.surf.nl/wiki/display/WIKI/Software+policy+Snellius#SoftwarepolicySnellius-UseofAnacondaandMinicondaenvironmentsonSnellius 

Remember that many packages have already been installed on the system and can
be loaded using 
the 'module load <package__name>' command. If you are uncertain if a package is
already available 
on the system, please use 'module avail' or 'module spider' to search for it.
============================================================================================== 
[I 2026-05-05 15:28:22,029] A new study created in RDB with name: mvp_linear_videomae_v2_vit_giant_16_224_layer_10
wandb: [wandb.login()] Loaded credentials for https://api.wandb.ai from /home/scur0511/.netrc.
wandb: Currently logged in as: caselli-niccolo-developer (caselli-niccolo-developer-university-of-amsterdam) to https://api.wandb.ai. Use `wandb login --relogin` to force relogin
wandb: Tracking run with wandb version 0.26.1
wandb: Run data is saved locally in /gpfs/home3/scur0511/Probe4Physics/wandb/run-20260505_152838-0vu20sb4
wandb: Run `wandb offline` to turn off syncing.
wandb: Syncing run mvp_linear_videomae_v2_vit_giant_16_224_layer_10/trial_0000
wandb: ⭐️ View project at https://wandb.ai/caselli-niccolo-developer-university-of-amsterdam/probe4physics
wandb: 🚀 View run at https://wandb.ai/caselli-niccolo-developer-university-of-amsterdam/probe4physics/runs/0vu20sb4
[eval.mvp] Starting eval | split_name=val split_dir=data/splits/mvp/full_60_20_20 predictor_mode=from_file annotation_file=data/annotations/mvp_full.jsonl
[eval.mvp] Loaded split assignments | split_pairs=989 split_samples=1978
[eval.mvp] Prepared samples | n_pairs_before_trim=989 n_samples_before_trim=1978 n_pairs_after_trim=989 n_samples_after_trim=1978 max_pairs=0
[eval.mvp] Generated predictions | n_predictions=1978
[eval.mvp] Scoring complete | accuracy=58.9484 pair_consistency=24.7725 n_pairs=989 n_samples=1978
[eval.mvp] Artifacts written | output_dir=artifacts/probes/mvp_probe_linear_videomae_v2_vit_giant_16_224_20260505T132820Z/layer_10/train/trial_0000/val_eval
wandb: updating run metadata
wandb: uploading output.log; uploading wandb-summary.json; uploading config.yaml
wandb: 
wandb: Run history:
wandb:          epoch ▁▁▁▂▂▂▂▂▂▃▃▃▃▃▄▄▄▄▄▄▅▅▅▅▅▆▆▆▆▆▆▇▇▇▇▇▇███
wandb: train_accuracy ▂▂▁▂▃▁▃▃▄▄▅▄▄▄▆▆▅▆▆▅▆▆▆▇▇▆▆▆▆▇▆▅▇█▇▇███▆
wandb:     train_loss █▄▄▄▃▃▃▃▃▃▃▃▃▂▂▂▂▂▂▂▂▂▂▁▂▂▂▂▂▁▂▂▁▁▁▁▁▁▁▁
wandb:   val_accuracy ▃▂▃▅▃▄▅▄▁▇▄▇▃▁▅▅▂▆▇▇▇▆▄▇▇▃▂▃▇▆█▇█▅▇▇█▅██
wandb:       val_loss ▅▅▄▃▄▃▃▃█▃▃▄▄█▃▃▆▂▂▂▂▂▄▂▁▂▆▅▁▃▁▁▁▃▂▁▁▃▁▂
wandb: 
wandb: Run summary:
wandb:           best_epoch 48
wandb:    best_val_accuracy 58.94843
wandb:        best_val_loss 0.671
wandb: checkpoint_best_path artifacts/probes/mvp...
wandb: checkpoint_last_path artifacts/probes/mvp...
wandb:      checkpoint_path artifacts/probes/mvp...
wandb:              dataset mvp
wandb:      elapsed_seconds 30.27673
wandb:                epoch 50
wandb:    feature_signature 7c0fab9616b3b517
wandb:                  +22 ...
wandb: 
wandb: 🚀 View run mvp_linear_videomae_v2_vit_giant_16_224_layer_10/trial_0000 at: https://wandb.ai/caselli-niccolo-developer-university-of-amsterdam/probe4physics/runs/0vu20sb4
wandb: ⭐️ View project at: https://wandb.ai/caselli-niccolo-developer-university-of-amsterdam/probe4physics
wandb: Synced 5 W&B file(s), 0 media file(s), 0 artifact file(s) and 0 other file(s)
wandb: Find logs at: ./wandb/run-20260505_152838-0vu20sb4/logs
[I 2026-05-05 15:28:56,389] Trial 0 finished with value: 24.772497472194136 and parameters: {'lr': 0.0001329291894316216, 'weight_decay': 0.005061576888752304, 'batch_size': 32, 'epochs': 50}. Best is trial 0 with value: 24.772497472194136.
wandb: setting up run m6dvezte
wandb: Tracking run with wandb version 0.26.1
wandb: Run data is saved locally in /gpfs/home3/scur0511/Probe4Physics/wandb/run-20260505_152858-m6dvezte
wandb: Run `wandb offline` to turn off syncing.
wandb: Syncing run mvp_linear_videomae_v2_vit_giant_16_224_layer_10/trial_0001
wandb: ⭐️ View project at https://wandb.ai/caselli-niccolo-developer-university-of-amsterdam/probe4physics
wandb: 🚀 View run at https://wandb.ai/caselli-niccolo-developer-university-of-amsterdam/probe4physics/runs/m6dvezte
[eval.mvp] Starting eval | split_name=val split_dir=data/splits/mvp/full_60_20_20 predictor_mode=from_file annotation_file=data/annotations/mvp_full.jsonl
[eval.mvp] Loaded split assignments | split_pairs=989 split_samples=1978
[eval.mvp] Prepared samples | n_pairs_before_trim=989 n_samples_before_trim=1978 n_pairs_after_trim=989 n_samples_after_trim=1978 max_pairs=0
[eval.mvp] Generated predictions | n_predictions=1978
[eval.mvp] Scoring complete | accuracy=62.2851 pair_consistency=33.6704 n_pairs=989 n_samples=1978
[eval.mvp] Artifacts written | output_dir=artifacts/probes/mvp_probe_linear_videomae_v2_vit_giant_16_224_20260505T132820Z/layer_10/train/trial_0001/val_eval
wandb: updating run metadata
wandb: uploading output.log; uploading wandb-summary.json; uploading config.yaml
wandb: 
wandb: Run history:
wandb:          epoch ▁▁▂▂▂▂▂▃▃▃▃▃▄▄▄▄▄▄▅▅▅▅▅▅▆▆▆▆▆▆▇▇▇▇▇█████
wandb: train_accuracy ▁▂▃▃▃▃▄▄▄▅▅▅▆▅▅▆▅▇▆▆▆▅▆▆▇▆▇▇▇█▇▇▇▆▇▇█▇█▇
wandb:     train_loss █▆▆▅▇▅▄▆▅▃▄▄▅▃▄▄▅▃▄▄▃▄█▃▂▃▅▃▂▁▃▃▃▂▃▃▁▁▂▂
wandb:   val_accuracy ▁▂▃▃▁▁▄▃▅▁▄▅▁▂▁▆▂▃▆▂▇▆▇▄▇▆▇▁▇▆▃▇█▆▁▄▆▃▄▆
wandb:       val_loss ▃▃▂▂▆▂▂▄▂▂▂▃▄▅▁▂▂▂▁▃▆▁▂▁▁▂▂▂▃▂▃█▁▁▂▂▁▁▄▁
wandb: 
wandb: Run summary:
wandb:           best_epoch 76
wandb:    best_val_accuracy 62.28514
wandb:        best_val_loss 0.64887
wandb: checkpoint_best_path artifacts/probes/mvp...
wandb: checkpoint_last_path artifacts/probes/mvp...
wandb:      checkpoint_path artifacts/probes/mvp...
wandb:              dataset mvp
wandb:      elapsed_seconds 23.09793
wandb:                epoch 100
wandb:    feature_signature 7c0fab9616b3b517
wandb:                  +22 ...
wandb: 
wandb: 🚀 View run mvp_linear_videomae_v2_vit_giant_16_224_layer_10/trial_0001 at: https://wandb.ai/caselli-niccolo-developer-university-of-amsterdam/probe4physics/runs/m6dvezte
wandb: ⭐️ View project at: https://wandb.ai/caselli-niccolo-developer-university-of-amsterdam/probe4physics
wandb: Synced 5 W&B file(s), 0 media file(s), 0 artifact file(s) and 0 other file(s)
wandb: Find logs at: ./wandb/run-20260505_152858-m6dvezte/logs
[I 2026-05-05 15:29:22,967] Trial 1 finished with value: 33.67037411526795 and parameters: {'lr': 0.001331121608073689, 'weight_decay': 1.328944872286916e-08, 'batch_size': 32, 'epochs': 100}. Best is trial 1 with value: 33.67037411526795.
wandb: setting up run ytdang6p
wandb: Tracking run with wandb version 0.26.1
wandb: Run data is saved locally in /gpfs/home3/scur0511/Probe4Physics/wandb/run-20260505_152924-ytdang6p
wandb: Run `wandb offline` to turn off syncing.
wandb: Syncing run mvp_linear_videomae_v2_vit_giant_16_224_layer_10/trial_0002
wandb: ⭐️ View project at https://wandb.ai/caselli-niccolo-developer-university-of-amsterdam/probe4physics
wandb: 🚀 View run at https://wandb.ai/caselli-niccolo-developer-university-of-amsterdam/probe4physics/runs/ytdang6p
[eval.mvp] Starting eval | split_name=val split_dir=data/splits/mvp/full_60_20_20 predictor_mode=from_file annotation_file=data/annotations/mvp_full.jsonl
[eval.mvp] Loaded split assignments | split_pairs=989 split_samples=1978
[eval.mvp] Prepared samples | n_pairs_before_trim=989 n_samples_before_trim=1978 n_pairs_after_trim=989 n_samples_after_trim=1978 max_pairs=0
[eval.mvp] Generated predictions | n_predictions=1978
[eval.mvp] Scoring complete | accuracy=59.3529 pair_consistency=25.7836 n_pairs=989 n_samples=1978
[eval.mvp] Artifacts written | output_dir=artifacts/probes/mvp_probe_linear_videomae_v2_vit_giant_16_224_20260505T132820Z/layer_10/train/trial_0002/val_eval
wandb: updating run metadata
wandb: 
wandb: Run history:
wandb:          epoch ▁▁▁▁▂▂▂▂▂▂▃▃▃▃▃▄▄▄▄▄▅▅▅▅▅▆▆▆▆▆▆▇▇▇▇▇▇███
wandb: train_accuracy ▁▂▂▃▃▂▄▅▃▅▄▄▅▄▆▆▆▆▅▅▇▇▇▇▆▆▇▇▆▇▆▅▇▇▇▇▇▆█▇
wandb:     train_loss █▅▄▄▄▃▄▃▃▃▃▃▃▃▃▃▂▂▂▂▃▂▂▂▂▂▂▂▂▂▃▂▃▁▁▁▁▂▁▁
wandb:   val_accuracy ▄▅▁▅▃▂▆▃▁▆▆▆▆▄▁▃▄▃▃▇▂▇▇▅██▇▇▃▇▅▅█▆▃▅▇▄▇█
wandb:       val_loss ▃▃▄▂▃▃▂▃▅▂▂▂▂▃█▂▃▃▃▁▄▂▂▃▁▁▂▂▃▁▂▂▁▁▂▁▃▁▁▁
wandb: 
wandb: Run summary:
wandb:           best_epoch 39
wandb:    best_val_accuracy 59.35288
wandb:        best_val_loss 0.66965
wandb: checkpoint_best_path artifacts/probes/mvp...
wandb: checkpoint_last_path artifacts/probes/mvp...
wandb:      checkpoint_path artifacts/probes/mvp...
wandb:              dataset mvp
wandb:      elapsed_seconds 12.46539
wandb:                epoch 50
wandb:    feature_signature 7c0fab9616b3b517
wandb:                  +22 ...
wandb: 
wandb: 🚀 View run mvp_linear_videomae_v2_vit_giant_16_224_layer_10/trial_0002 at: https://wandb.ai/caselli-niccolo-developer-university-of-amsterdam/probe4physics/runs/ytdang6p
wandb: ⭐️ View project at: https://wandb.ai/caselli-niccolo-developer-university-of-amsterdam/probe4physics
wandb: Synced 5 W&B file(s), 0 media file(s), 0 artifact file(s) and 0 other file(s)
wandb: Find logs at: ./wandb/run-20260505_152924-ytdang6p/logs
[I 2026-05-05 15:29:39,638] Trial 2 finished with value: 25.783619817997977 and parameters: {'lr': 0.00019762189340280086, 'weight_decay': 5.589524205217922e-07, 'batch_size': 32, 'epochs': 50}. Best is trial 1 with value: 33.67037411526795.
wandb: setting up run l4xgax1e
wandb: Tracking run with wandb version 0.26.1
wandb: Run data is saved locally in /gpfs/home3/scur0511/Probe4Physics/wandb/run-20260505_152941-l4xgax1e
wandb: Run `wandb offline` to turn off syncing.
wandb: Syncing run mvp_linear_videomae_v2_vit_giant_16_224_layer_10/trial_0003
wandb: ⭐️ View project at https://wandb.ai/caselli-niccolo-developer-university-of-amsterdam/probe4physics
wandb: 🚀 View run at https://wandb.ai/caselli-niccolo-developer-university-of-amsterdam/probe4physics/runs/l4xgax1e
[eval.mvp] Starting eval | split_name=val split_dir=data/splits/mvp/full_60_20_20 predictor_mode=from_file annotation_file=data/annotations/mvp_full.jsonl
[eval.mvp] Loaded split assignments | split_pairs=989 split_samples=1978
[eval.mvp] Prepared samples | n_pairs_before_trim=989 n_samples_before_trim=1978 n_pairs_after_trim=989 n_samples_after_trim=1978 max_pairs=0
[eval.mvp] Generated predictions | n_predictions=1978
[eval.mvp] Scoring complete | accuracy=59.8079 pair_consistency=26.6936 n_pairs=989 n_samples=1978
[eval.mvp] Artifacts written | output_dir=artifacts/probes/mvp_probe_linear_videomae_v2_vit_giant_16_224_20260505T132820Z/layer_10/train/trial_0003/val_eval
wandb: updating run metadata
wandb: uploading history steps 0-49, summary, console lines 0-6
wandb: 
wandb: Run history:
wandb:          epoch ▁▁▁▁▂▂▂▂▂▂▃▃▃▃▃▄▄▄▄▄▄▅▅▅▅▅▅▆▆▆▆▆▇▇▇▇▇███
wandb: train_accuracy ▁▂▂▂▂▂▂▄▃▃▃▃▆▅▄▅▅▆▆▅▇▆▅▆█▅▇▅▆▅▇▆▇▇▇▆███▇
wandb:     train_loss ▇▇▆▇▆▆▅█▆▅▆▄▄▅▄▃▄▅▃▃▂▂▄▃▂▄▃▅▅▄▂▃▂▂▂▃▂▂▁▂
wandb:   val_accuracy ▂▁▄▅▃▃▅▆▁▄▄▆▅▁▄▇▁▇▇█▇▆▆▇▆▇▂▅▂▆▆▇▇▆█▇▇██▆
wandb:       val_loss ▄▅▃▃▃▃▂▂█▃▆▂▂▅▃▂▆▂▂▂▂▂▁▂▁▂▅▂▅▂▂▂▂▂▁▁▁▁▁▂
wandb: 
wandb: Run summary:
wandb:           best_epoch 43
wandb:    best_val_accuracy 59.80789
wandb:        best_val_loss 0.66833
wandb: checkpoint_best_path artifacts/probes/mvp...
wandb: checkpoint_last_path artifacts/probes/mvp...
wandb:      checkpoint_path artifacts/probes/mvp...
wandb:              dataset mvp
wandb:      elapsed_seconds 9.39109
wandb:                epoch 50
wandb:    feature_signature 7c0fab9616b3b517
wandb:                  +22 ...
wandb: 
wandb: 🚀 View run mvp_linear_videomae_v2_vit_giant_16_224_layer_10/trial_0003 at: https://wandb.ai/caselli-niccolo-developer-university-of-amsterdam/probe4physics/runs/l4xgax1e
wandb: ⭐️ View project at: https://wandb.ai/caselli-niccolo-developer-university-of-amsterdam/probe4physics
wandb: Synced 5 W&B file(s), 0 media file(s), 0 artifact file(s) and 0 other file(s)
wandb: Find logs at: ./wandb/run-20260505_152941-l4xgax1e/logs
[I 2026-05-05 15:29:52,608] Trial 3 finished with value: 26.693629929221434 and parameters: {'lr': 0.0003489018845491386, 'weight_decay': 3.5849855803404713e-05, 'batch_size': 64, 'epochs': 50}. Best is trial 1 with value: 33.67037411526795.
wandb: setting up run 8rcq9ahh
wandb: Tracking run with wandb version 0.26.1
wandb: Run data is saved locally in /gpfs/home3/scur0511/Probe4Physics/wandb/run-20260505_152954-8rcq9ahh
wandb: Run `wandb offline` to turn off syncing.
wandb: Syncing run mvp_linear_videomae_v2_vit_giant_16_224_layer_10/trial_0004
wandb: ⭐️ View project at https://wandb.ai/caselli-niccolo-developer-university-of-amsterdam/probe4physics
wandb: 🚀 View run at https://wandb.ai/caselli-niccolo-developer-university-of-amsterdam/probe4physics/runs/8rcq9ahh
[eval.mvp] Starting eval | split_name=val split_dir=data/splits/mvp/full_60_20_20 predictor_mode=from_file annotation_file=data/annotations/mvp_full.jsonl
[eval.mvp] Loaded split assignments | split_pairs=989 split_samples=1978
[eval.mvp] Prepared samples | n_pairs_before_trim=989 n_samples_before_trim=1978 n_pairs_after_trim=989 n_samples_after_trim=1978 max_pairs=0
[eval.mvp] Generated predictions | n_predictions=1978
[eval.mvp] Scoring complete | accuracy=58.6957 pair_consistency=24.7725 n_pairs=989 n_samples=1978
[eval.mvp] Artifacts written | output_dir=artifacts/probes/mvp_probe_linear_videomae_v2_vit_giant_16_224_20260505T132820Z/layer_10/train/trial_0004/val_eval
wandb: updating run metadata
wandb: uploading wandb-summary.json; uploading config.yaml; uploading output.log
wandb: 
wandb: Run history:
wandb:          epoch ▁▁▁▁▂▂▂▂▂▂▃▃▃▃▃▄▄▄▄▄▅▅▅▅▅▅▆▆▆▆▆▆▇▇▇▇▇███
wandb: train_accuracy ▁▂▃▂▂▃▃▃▃▃▄▃▆▅▄▆▆▅▆▆▄▆▇▆▇▇▆▇▆▆▆▆▆▇▇▇██▇▆
wandb:     train_loss █▄▃▃▃▃▃▃▃▃▃▃▂▂▂▂▂▂▂▂▂▂▂▂▂▂▂▂▂▂▂▂▂▁▁▁▁▁▁▁
wandb:   val_accuracy ▃▂▄▄▄▄▅▄▁▄▅▆▆▁▃▇▁▇▆▇▅▅▅▇▆▇▆▄▇▃▆██▇▇▆▇▇█▅
wandb:       val_loss ▅▆▄▄▄▄▃▃▇▄█▃▃▃▆▂▇▂▂▂▃▂▂▂▂▂▃▂▄▂▁▁▁▁▁▂▁▁▁▃
wandb: 
wandb: Run summary:
wandb:           best_epoch 48
wandb:    best_val_accuracy 58.69565
wandb:        best_val_loss 0.67378
wandb: checkpoint_best_path artifacts/probes/mvp...
wandb: checkpoint_last_path artifacts/probes/mvp...
wandb:      checkpoint_path artifacts/probes/mvp...
wandb:              dataset mvp
wandb:      elapsed_seconds 12.36628
wandb:                epoch 50
wandb:    feature_signature 7c0fab9616b3b517
wandb:                  +22 ...
wandb: 
wandb: 🚀 View run mvp_linear_videomae_v2_vit_giant_16_224_layer_10/trial_0004 at: https://wandb.ai/caselli-niccolo-developer-university-of-amsterdam/probe4physics/runs/8rcq9ahh
wandb: ⭐️ View project at: https://wandb.ai/caselli-niccolo-developer-university-of-amsterdam/probe4physics
wandb: Synced 5 W&B file(s), 0 media file(s), 0 artifact file(s) and 0 other file(s)
wandb: Find logs at: ./wandb/run-20260505_152954-8rcq9ahh/logs
[I 2026-05-05 15:30:08,732] Trial 4 finished with value: 24.772497472194136 and parameters: {'lr': 8.200518402245828e-05, 'weight_decay': 3.855073690026179e-08, 'batch_size': 32, 'epochs': 50}. Best is trial 1 with value: 33.67037411526795.
wandb: setting up run fmyysxi2
wandb: Tracking run with wandb version 0.26.1
wandb: Run data is saved locally in /gpfs/home3/scur0511/Probe4Physics/wandb/run-20260505_153010-fmyysxi2
wandb: Run `wandb offline` to turn off syncing.
wandb: Syncing run mvp_linear_videomae_v2_vit_giant_16_224_layer_10/trial_0005
wandb: ⭐️ View project at https://wandb.ai/caselli-niccolo-developer-university-of-amsterdam/probe4physics
wandb: 🚀 View run at https://wandb.ai/caselli-niccolo-developer-university-of-amsterdam/probe4physics/runs/fmyysxi2
[eval.mvp] Starting eval | split_name=val split_dir=data/splits/mvp/full_60_20_20 predictor_mode=from_file annotation_file=data/annotations/mvp_full.jsonl
[eval.mvp] Loaded split assignments | split_pairs=989 split_samples=1978
[eval.mvp] Prepared samples | n_pairs_before_trim=989 n_samples_before_trim=1978 n_pairs_after_trim=989 n_samples_after_trim=1978 max_pairs=0
[eval.mvp] Generated predictions | n_predictions=1978
[eval.mvp] Scoring complete | accuracy=59.3023 pair_consistency=25.8847 n_pairs=989 n_samples=1978
[eval.mvp] Artifacts written | output_dir=artifacts/probes/mvp_probe_linear_videomae_v2_vit_giant_16_224_20260505T132820Z/layer_10/train/trial_0005/val_eval
wandb: updating run metadata
wandb: uploading output.log; uploading wandb-summary.json; uploading config.yaml
wandb: 
wandb: Run history:
wandb:          epoch ▁▁▁▁▂▂▂▂▂▂▃▃▃▃▃▄▄▄▄▄▅▅▅▅▅▅▆▆▆▆▆▆▇▇▇▇▇███
wandb: train_accuracy ▁▃▃▂▄▃▄▄▂▄▆▆▄▄▅▅▅▂▅▅▇▆▆▇▇▆▅▇▇█▇▇▇▇█▇█▇▇▆
wandb:     train_loss █▂▃▄▂▂▂▃▃▂▂▃▂▂▅▂▄▂▂▂▁▂▁▂▂▂▁▁▁▁▁▁▁▂▁▁▁▁▁▂
wandb:   val_accuracy ▃▄▁▄▅▃▅▁▆▆▄▅▃▁▄▇▁▇▆▇▂▁▇▂▄▆▇▃▆▇▆▇▆▅▃▅█▇▄▃
wandb:       val_loss ▂▂▄▂▂▂▂█▁▂▂▂▃█▁▁▄▁▂▂▃▃▁▃▃▂▁▂▁▁▂▁▁▂▂▂▁▂▂▃
wandb: 
wandb: Run summary:
wandb:           best_epoch 46
wandb:    best_val_accuracy 59.30233
wandb:        best_val_loss 0.66862
wandb: checkpoint_best_path artifacts/probes/mvp...
wandb: checkpoint_last_path artifacts/probes/mvp...
wandb:      checkpoint_path artifacts/probes/mvp...
wandb:              dataset mvp
wandb:      elapsed_seconds 7.32934
wandb:                epoch 50
wandb:    feature_signature 7c0fab9616b3b517
wandb:                  +22 ...
wandb: 
wandb: 🚀 View run mvp_linear_videomae_v2_vit_giant_16_224_layer_10/trial_0005 at: https://wandb.ai/caselli-niccolo-developer-university-of-amsterdam/probe4physics/runs/fmyysxi2
wandb: ⭐️ View project at: https://wandb.ai/caselli-niccolo-developer-university-of-amsterdam/probe4physics
wandb: Synced 5 W&B file(s), 0 media file(s), 0 artifact file(s) and 0 other file(s)
wandb: Find logs at: ./wandb/run-20260505_153010-fmyysxi2/logs
[I 2026-05-05 15:30:19,376] Trial 5 finished with value: 25.884732052578364 and parameters: {'lr': 0.0009717775305059633, 'weight_decay': 7.417652034871823e-07, 'batch_size': 256, 'epochs': 50}. Best is trial 1 with value: 33.67037411526795.
wandb: setting up run tm5ryzna
wandb: Tracking run with wandb version 0.26.1
wandb: Run data is saved locally in /gpfs/home3/scur0511/Probe4Physics/wandb/run-20260505_153021-tm5ryzna
wandb: Run `wandb offline` to turn off syncing.
wandb: Syncing run mvp_linear_videomae_v2_vit_giant_16_224_layer_10/trial_0006
wandb: ⭐️ View project at https://wandb.ai/caselli-niccolo-developer-university-of-amsterdam/probe4physics
wandb: 🚀 View run at https://wandb.ai/caselli-niccolo-developer-university-of-amsterdam/probe4physics/runs/tm5ryzna
[eval.mvp] Starting eval | split_name=val split_dir=data/splits/mvp/full_60_20_20 predictor_mode=from_file annotation_file=data/annotations/mvp_full.jsonl
[eval.mvp] Loaded split assignments | split_pairs=989 split_samples=1978
[eval.mvp] Prepared samples | n_pairs_before_trim=989 n_samples_before_trim=1978 n_pairs_after_trim=989 n_samples_after_trim=1978 max_pairs=0
[eval.mvp] Generated predictions | n_predictions=1978
[eval.mvp] Scoring complete | accuracy=60.3640 pair_consistency=28.3114 n_pairs=989 n_samples=1978
[eval.mvp] Artifacts written | output_dir=artifacts/probes/mvp_probe_linear_videomae_v2_vit_giant_16_224_20260505T132820Z/layer_10/train/trial_0006/val_eval
wandb: updating run metadata
wandb: uploading output.log; uploading wandb-summary.json; uploading config.yaml
wandb: 
wandb: Run history:
wandb:          epoch ▁▁▁▁▁▂▂▂▂▂▂▂▂▃▃▃▃▃▃▃▄▄▄▄▄▅▅▅▆▆▆▆▆▇▇▇▇▇▇█
wandb: train_accuracy ▁▂▂▂▂▃▄▃▃▂▃▄▅▅▅▆▅▅▆▆▅▅▄▅▅▅▅▇▇▇▆▆▇▇▆▆▅█▆▇
wandb:     train_loss ██▇▆▇▆▅▆▇▇▅▅▄▄▆▄▄▄▃▄▄▅█▄▆▃▄▄▂▂▂▂▄▄▂▂▁▃▂▁
wandb:   val_accuracy ▃▄▂▂▄▁▁▆▆▄▄▇▆▆▆▅▄▇▇█▇▇▇▄▆▇▂█▇▄▆▄▇▇▆███▅▇
wandb:       val_loss ▅▄▅▅▄█▂▇▃▃▃▆▂▂▂▃▃▂▂▂▂▂▃▂▂▇▂▂▃▅▁▂▂▁▃▂▂▁▃▁
wandb: 
wandb: Run summary:
wandb:           best_epoch 88
wandb:    best_val_accuracy 60.364
wandb:        best_val_loss 0.66591
wandb: checkpoint_best_path artifacts/probes/mvp...
wandb: checkpoint_last_path artifacts/probes/mvp...
wandb:      checkpoint_path artifacts/probes/mvp...
wandb:              dataset mvp
wandb:      elapsed_seconds 12.6304
wandb:                epoch 100
wandb:    feature_signature 7c0fab9616b3b517
wandb:                  +22 ...
wandb: 
wandb: 🚀 View run mvp_linear_videomae_v2_vit_giant_16_224_layer_10/trial_0006 at: https://wandb.ai/caselli-niccolo-developer-university-of-amsterdam/probe4physics/runs/tm5ryzna
wandb: ⭐️ View project at: https://wandb.ai/caselli-niccolo-developer-university-of-amsterdam/probe4physics
wandb: Synced 5 W&B file(s), 0 media file(s), 0 artifact file(s) and 0 other file(s)
wandb: Find logs at: ./wandb/run-20260505_153021-tm5ryzna/logs
[I 2026-05-05 15:30:35,395] Trial 6 finished with value: 28.311425682507586 and parameters: {'lr': 0.0006218704727769079, 'weight_decay': 0.0033981724150106006, 'batch_size': 256, 'epochs': 100}. Best is trial 1 with value: 33.67037411526795.
wandb: setting up run 8lfy7pxv
wandb: Tracking run with wandb version 0.26.1
wandb: Run data is saved locally in /gpfs/home3/scur0511/Probe4Physics/wandb/run-20260505_153037-8lfy7pxv
wandb: Run `wandb offline` to turn off syncing.
wandb: Syncing run mvp_linear_videomae_v2_vit_giant_16_224_layer_10/trial_0007
wandb: ⭐️ View project at https://wandb.ai/caselli-niccolo-developer-university-of-amsterdam/probe4physics
wandb: 🚀 View run at https://wandb.ai/caselli-niccolo-developer-university-of-amsterdam/probe4physics/runs/8lfy7pxv
[eval.mvp] Starting eval | split_name=val split_dir=data/splits/mvp/full_60_20_20 predictor_mode=from_file annotation_file=data/annotations/mvp_full.jsonl
[eval.mvp] Loaded split assignments | split_pairs=989 split_samples=1978
[eval.mvp] Prepared samples | n_pairs_before_trim=989 n_samples_before_trim=1978 n_pairs_after_trim=989 n_samples_after_trim=1978 max_pairs=0
[eval.mvp] Generated predictions | n_predictions=1978
[eval.mvp] Scoring complete | accuracy=55.6117 pair_consistency=18.2002 n_pairs=989 n_samples=1978
[eval.mvp] Artifacts written | output_dir=artifacts/probes/mvp_probe_linear_videomae_v2_vit_giant_16_224_20260505T132820Z/layer_10/train/trial_0007/val_eval
wandb: updating run metadata
wandb: uploading requirements.txt; uploading output.log; uploading wandb-summary.json; uploading wandb-metadata.json; uploading config.yaml
wandb: 
wandb: Run history:
wandb:          epoch ▁▁▂▂▂▃▃▄▄▄▅▅▅▆▆▇▇▇██
wandb: train_accuracy ▁▃▄▄▅▅▅▆▆▅▃▇▇▆█▇▇▆██
wandb:     train_loss █▂▂▂▂▁▁▁▁▁▁▁▁▁▁▁▁▁▁▁
wandb:   val_accuracy ▁▂▁▄▃▃▅▆▂▁▄▅▇█▆▄▇▁▂▄
wandb:       val_loss █▆▅▃▃▃▂▂▃▃▂▂▂▁▁▁▁▄▂▂
wandb: 
wandb: Run summary:
wandb:           best_epoch 14
wandb:    best_val_accuracy 55.61173
wandb:        best_val_loss 0.68639
wandb: checkpoint_best_path artifacts/probes/mvp...
wandb: checkpoint_last_path artifacts/probes/mvp...
wandb:      checkpoint_path artifacts/probes/mvp...
wandb:              dataset mvp
wandb:      elapsed_seconds 5.46885
wandb:                epoch 20
wandb:    feature_signature 7c0fab9616b3b517
wandb:                  +22 ...
wandb: 
wandb: 🚀 View run mvp_linear_videomae_v2_vit_giant_16_224_layer_10/trial_0007 at: https://wandb.ai/caselli-niccolo-developer-university-of-amsterdam/probe4physics/runs/8lfy7pxv
wandb: ⭐️ View project at: https://wandb.ai/caselli-niccolo-developer-university-of-amsterdam/probe4physics
wandb: Synced 5 W&B file(s), 0 media file(s), 0 artifact file(s) and 0 other file(s)
wandb: Find logs at: ./wandb/run-20260505_153037-8lfy7pxv/logs
[I 2026-05-05 15:30:44,370] Trial 7 finished with value: 18.200202224469162 and parameters: {'lr': 0.00011756010900231849, 'weight_decay': 4.848496183873288e-07, 'batch_size': 128, 'epochs': 20}. Best is trial 1 with value: 33.67037411526795.
wandb: setting up run vrfoo40w
wandb: Tracking run with wandb version 0.26.1
wandb: Run data is saved locally in /gpfs/home3/scur0511/Probe4Physics/wandb/run-20260505_153046-vrfoo40w
wandb: Run `wandb offline` to turn off syncing.
wandb: Syncing run mvp_linear_videomae_v2_vit_giant_16_224_layer_10/trial_0008
wandb: ⭐️ View project at https://wandb.ai/caselli-niccolo-developer-university-of-amsterdam/probe4physics
wandb: 🚀 View run at https://wandb.ai/caselli-niccolo-developer-university-of-amsterdam/probe4physics/runs/vrfoo40w
wandb: updating run metadata
wandb: 
wandb: Run history:
wandb:          epoch ▁▁▁▁▁▂▂▂▂▂▂▃▃▃▃▃▄▄▄▄▅▅▅▅▅▅▅▅▆▆▆▇▇▇▇▇▇███
wandb: train_accuracy ▂▁▂▃▃▃▃▄▄▅▅▅▅▅▅▅▅▆▅▆▇▆▆▆▆▇▆▇▇▆▆▇██▇█▆▇██
wandb:     train_loss █▃▂▁▁▁▁▁▁▁▁▁▁▁▁▁▁▁▁▁▁▁▁▁▁▁▁▁▁▁▁▁▁▁▁▁▁▁▁▁
wandb:   val_accuracy ▁▁▁▂▄▄▄▄▄▅▄▅▆▅▅▆▇▆▇▆▅▇▇▆▆▇▇▇▇▆▇▇▇██▇▇▇▇█
wandb:       val_loss █▆▅▄▃▂▂▂▂▂▁▁▁▁▁▁▁▁▁▁▁▁▁▁▁▁▁▁▁▁▁▁▁▁▁▁▁▁▁▁
wandb: 
wandb: Run summary:
wandb:          epoch 100
wandb: train_accuracy 54.60371
wandb:     train_loss 0.68806
wandb:   val_accuracy 54.19616
wandb:       val_loss 0.68765
wandb: 
wandb: 🚀 View run mvp_linear_videomae_v2_vit_giant_16_224_layer_10/trial_0008 at: https://wandb.ai/caselli-niccolo-developer-university-of-amsterdam/probe4physics/runs/vrfoo40w
wandb: ⭐️ View project at: https://wandb.ai/caselli-niccolo-developer-university-of-amsterdam/probe4physics
wandb: Synced 4 W&B file(s), 0 media file(s), 0 artifact file(s) and 0 other file(s)
wandb: Find logs at: ./wandb/run-20260505_153046-vrfoo40w/logs
[I 2026-05-05 15:30:59,132] Trial 8 pruned. Pruned at epoch 100 with val_accuracy=54.1962
wandb: setting up run 4og9ax7r
wandb: Tracking run with wandb version 0.26.1
wandb: Run data is saved locally in /gpfs/home3/scur0511/Probe4Physics/wandb/run-20260505_153101-4og9ax7r
wandb: Run `wandb offline` to turn off syncing.
wandb: Syncing run mvp_linear_videomae_v2_vit_giant_16_224_layer_10/trial_0009
wandb: ⭐️ View project at https://wandb.ai/caselli-niccolo-developer-university-of-amsterdam/probe4physics
wandb: 🚀 View run at https://wandb.ai/caselli-niccolo-developer-university-of-amsterdam/probe4physics/runs/4og9ax7r
[eval.mvp] Starting eval | split_name=val split_dir=data/splits/mvp/full_60_20_20 predictor_mode=from_file annotation_file=data/annotations/mvp_full.jsonl
[eval.mvp] Loaded split assignments | split_pairs=989 split_samples=1978
[eval.mvp] Prepared samples | n_pairs_before_trim=989 n_samples_before_trim=1978 n_pairs_after_trim=989 n_samples_after_trim=1978 max_pairs=0
[eval.mvp] Generated predictions | n_predictions=1978
[eval.mvp] Scoring complete | accuracy=58.5440 pair_consistency=24.5703 n_pairs=989 n_samples=1978
[eval.mvp] Artifacts written | output_dir=artifacts/probes/mvp_probe_linear_videomae_v2_vit_giant_16_224_20260505T132820Z/layer_10/train/trial_0009/val_eval
wandb: updating run metadata
wandb: uploading output.log; uploading wandb-summary.json; uploading config.yaml
wandb: 
wandb: Run history:
wandb:          epoch ▁▁▁▁▂▂▂▂▂▂▃▃▃▃▃▄▄▄▄▄▅▅▅▅▅▅▆▆▆▆▆▆▇▇▇▇▇███
wandb: train_accuracy ▁▁▂▁▂▄▄▃▃▄▆▄▅▃▃▆▃▆▄▆▅▅▆▇▆▇▇▇▇▇▇▇▆▇▇██▆▆▆
wandb:     train_loss █▃▃▃▃▂▂▂▃▂▂▂▂▂▂▂▂▃▂▂▁▂▂▂▁▂▁▁▁▁▁▁▁▂▁▁▁▁▁▂
wandb:   val_accuracy ▂▁▃▃▄▆▃▂▁▂▆▆▆▁▁▆▄▇▁▄▇▄▄▇▃▃█▆▅▇█▇▅▅▆▅█▆▄▁
wandb:       val_loss ▃▃▃▃▃▂▃▃▃▂▂▂▅▃▂▂▁▄▂▂▂▃▃▂▃▄▁▁▂▁▁▁▂▂▁▂▁▃▂█
wandb: 
wandb: Run summary:
wandb:           best_epoch 39
wandb:    best_val_accuracy 58.54398
wandb:        best_val_loss 0.6709
wandb: checkpoint_best_path artifacts/probes/mvp...
wandb: checkpoint_last_path artifacts/probes/mvp...
wandb:      checkpoint_path artifacts/probes/mvp...
wandb:              dataset mvp
wandb:      elapsed_seconds 7.55998
wandb:                epoch 50
wandb:    feature_signature 7c0fab9616b3b517
wandb:                  +22 ...
wandb: 
wandb: 🚀 View run mvp_linear_videomae_v2_vit_giant_16_224_layer_10/trial_0009 at: https://wandb.ai/caselli-niccolo-developer-university-of-amsterdam/probe4physics/runs/4og9ax7r
wandb: ⭐️ View project at: https://wandb.ai/caselli-niccolo-developer-university-of-amsterdam/probe4physics
wandb: Synced 5 W&B file(s), 0 media file(s), 0 artifact file(s) and 0 other file(s)
wandb: Find logs at: ./wandb/run-20260505_153101-4og9ax7r/logs
[I 2026-05-05 15:31:10,084] Trial 9 finished with value: 24.570273003033368 and parameters: {'lr': 0.0007411299781083245, 'weight_decay': 9.669146694016007e-07, 'batch_size': 256, 'epochs': 50}. Best is trial 1 with value: 33.67037411526795.
wandb: setting up run ypx3h11f
wandb: Tracking run with wandb version 0.26.1
wandb: Run data is saved locally in /gpfs/home3/scur0511/Probe4Physics/wandb/run-20260505_153111-ypx3h11f
wandb: Run `wandb offline` to turn off syncing.
wandb: Syncing run mvp_linear_videomae_v2_vit_giant_16_224_layer_10/trial_0010
wandb: ⭐️ View project at https://wandb.ai/caselli-niccolo-developer-university-of-amsterdam/probe4physics
wandb: 🚀 View run at https://wandb.ai/caselli-niccolo-developer-university-of-amsterdam/probe4physics/runs/ypx3h11f
[eval.mvp] Starting eval | split_name=val split_dir=data/splits/mvp/full_60_20_20 predictor_mode=from_file annotation_file=data/annotations/mvp_full.jsonl
[eval.mvp] Loaded split assignments | split_pairs=989 split_samples=1978
[eval.mvp] Prepared samples | n_pairs_before_trim=989 n_samples_before_trim=1978 n_pairs_after_trim=989 n_samples_after_trim=1978 max_pairs=0
[eval.mvp] Generated predictions | n_predictions=1978
[eval.mvp] Scoring complete | accuracy=61.6785 pair_consistency=32.4570 n_pairs=989 n_samples=1978
[eval.mvp] Artifacts written | output_dir=artifacts/probes/mvp_probe_linear_videomae_v2_vit_giant_16_224_20260505T132820Z/layer_10/train/trial_0010/val_eval
wandb: updating run metadata
wandb: uploading output.log; uploading wandb-summary.json; uploading config.yaml
wandb: 
wandb: Run history:
wandb:          epoch ▁▁▁▁▂▂▂▂▂▂▃▃▃▃▃▄▄▄▄▄▅▅▅▅▅▅▅▆▆▆▆▇▇▇▇▇████
wandb: train_accuracy ▁▁▂▃▂▅▃▂▃▅▅▃▅▆▄▅▃▅▄▅▆▆▃▆▆▆▅▆▆▆▅█▆▆▅█▇▆█▇
wandb:     train_loss █▂▂▃▃▃▃▁▂▂▂▃▂▂▁▄▂▂▁▂▂▂▂▁▂▂▁▂▁▁▁▃▂▃▁▁▁▂▂▁
wandb:   val_accuracy ▁▃▄▇▆▁▅▃▂▂▄▃▁█▅▆▆█▅▃▁▃▂▆█▆▆▅▇▇█▇▄▃▂▂▅▄▆▅
wandb:       val_loss ▆▃▃▁▁▃▁▄▃▂▄▂▅▂▃▃▂▂▂▁▄▃▆▅▃▁▂▁▂▁▂▂▃▄▂█▂▃▄▂
wandb: 
wandb: Run summary:
wandb:           best_epoch 53
wandb:    best_val_accuracy 61.67846
wandb:        best_val_loss 0.6668
wandb: checkpoint_best_path artifacts/probes/mvp...
wandb: checkpoint_last_path artifacts/probes/mvp...
wandb:      checkpoint_path artifacts/probes/mvp...
wandb:              dataset mvp
wandb:      elapsed_seconds 16.62156
wandb:                epoch 100
wandb:    feature_signature 7c0fab9616b3b517
wandb:                  +22 ...
wandb: 
wandb: 🚀 View run mvp_linear_videomae_v2_vit_giant_16_224_layer_10/trial_0010 at: https://wandb.ai/caselli-niccolo-developer-university-of-amsterdam/probe4physics/runs/ypx3h11f
wandb: ⭐️ View project at: https://wandb.ai/caselli-niccolo-developer-university-of-amsterdam/probe4physics
wandb: Synced 5 W&B file(s), 0 media file(s), 0 artifact file(s) and 0 other file(s)
wandb: Find logs at: ./wandb/run-20260505_153111-ypx3h11f/logs
[I 2026-05-05 15:31:30,202] Trial 10 finished with value: 32.45702730030334 and parameters: {'lr': 0.008013349589915042, 'weight_decay': 1.086383341945677e-08, 'batch_size': 64, 'epochs': 100}. Best is trial 1 with value: 33.67037411526795.
wandb: setting up run feogs1hi
wandb: Tracking run with wandb version 0.26.1
wandb: Run data is saved locally in /gpfs/home3/scur0511/Probe4Physics/wandb/run-20260505_153131-feogs1hi
wandb: Run `wandb offline` to turn off syncing.
wandb: Syncing run mvp_linear_videomae_v2_vit_giant_16_224_layer_10/trial_0011
wandb: ⭐️ View project at https://wandb.ai/caselli-niccolo-developer-university-of-amsterdam/probe4physics
wandb: 🚀 View run at https://wandb.ai/caselli-niccolo-developer-university-of-amsterdam/probe4physics/runs/feogs1hi
[eval.mvp] Starting eval | split_name=val split_dir=data/splits/mvp/full_60_20_20 predictor_mode=from_file annotation_file=data/annotations/mvp_full.jsonl
[eval.mvp] Loaded split assignments | split_pairs=989 split_samples=1978
[eval.mvp] Prepared samples | n_pairs_before_trim=989 n_samples_before_trim=1978 n_pairs_after_trim=989 n_samples_after_trim=1978 max_pairs=0
[eval.mvp] Generated predictions | n_predictions=1978
[eval.mvp] Scoring complete | accuracy=61.5268 pair_consistency=32.0526 n_pairs=989 n_samples=1978
[eval.mvp] Artifacts written | output_dir=artifacts/probes/mvp_probe_linear_videomae_v2_vit_giant_16_224_20260505T132820Z/layer_10/train/trial_0011/val_eval
wandb: updating run metadata
wandb: uploading output.log; uploading wandb-summary.json; uploading config.yaml
wandb: 
wandb: Run history:
wandb:          epoch ▁▁▁▁▁▂▂▂▂▂▃▃▃▃▃▃▄▄▄▄▅▅▅▅▅▆▆▆▆▆▆▇▇▇▇█████
wandb: train_accuracy ▁▂▂▃▃▅▃▄▄▃▅▆▅▅▄▇▄▄▅▅▅▃▅▅▆▆▇▆▇▇▆▄▅▅▆▇█▅▇▇
wandb:     train_loss ▄▂▆▅▂▂█▃▃▄▂▄▁▄▄▁▅▄▆▃▃█▅▄▄▄▃▃▃▄▃▃▅▃▃▃▂▂▄▂
wandb:   val_accuracy ▂▁▄▂▇▅▂▆▂▇▅▁▂▃▄▆▆▁▄▅▆▄█▂▂█▁█▃▅▅▁█▄▆▁▆▂▂▆
wandb:       val_loss ▂▅▁▂▂▂▂▁▁▁▂▂▂▃▁▂▅▃▁▅▃▂▂▁█▁▂▁▄▃▃▄▄▂▁▂▂▂▄▂
wandb: 
wandb: Run summary:
wandb:           best_epoch 53
wandb:    best_val_accuracy 61.52679
wandb:        best_val_loss 0.67139
wandb: checkpoint_best_path artifacts/probes/mvp...
wandb: checkpoint_last_path artifacts/probes/mvp...
wandb:      checkpoint_path artifacts/probes/mvp...
wandb:              dataset mvp
wandb:      elapsed_seconds 16.47414
wandb:                epoch 100
wandb:    feature_signature 7c0fab9616b3b517
wandb:                  +22 ...
wandb: 
wandb: 🚀 View run mvp_linear_videomae_v2_vit_giant_16_224_layer_10/trial_0011 at: https://wandb.ai/caselli-niccolo-developer-university-of-amsterdam/probe4physics/runs/feogs1hi
wandb: ⭐️ View project at: https://wandb.ai/caselli-niccolo-developer-university-of-amsterdam/probe4physics
wandb: Synced 5 W&B file(s), 0 media file(s), 0 artifact file(s) and 0 other file(s)
wandb: Find logs at: ./wandb/run-20260505_153131-feogs1hi/logs
[I 2026-05-05 15:31:50,690] Trial 11 finished with value: 32.0525783619818 and parameters: {'lr': 0.008296796921936793, 'weight_decay': 1.7074626001153678e-08, 'batch_size': 64, 'epochs': 100}. Best is trial 1 with value: 33.67037411526795.
wandb: setting up run dwey0es6
wandb: Tracking run with wandb version 0.26.1
wandb: Run data is saved locally in /gpfs/home3/scur0511/Probe4Physics/wandb/run-20260505_153152-dwey0es6
wandb: Run `wandb offline` to turn off syncing.
wandb: Syncing run mvp_linear_videomae_v2_vit_giant_16_224_layer_10/trial_0012
wandb: ⭐️ View project at https://wandb.ai/caselli-niccolo-developer-university-of-amsterdam/probe4physics
wandb: 🚀 View run at https://wandb.ai/caselli-niccolo-developer-university-of-amsterdam/probe4physics/runs/dwey0es6
[eval.mvp] Starting eval | split_name=val split_dir=data/splits/mvp/full_60_20_20 predictor_mode=from_file annotation_file=data/annotations/mvp_full.jsonl
[eval.mvp] Loaded split assignments | split_pairs=989 split_samples=1978
[eval.mvp] Prepared samples | n_pairs_before_trim=989 n_samples_before_trim=1978 n_pairs_after_trim=989 n_samples_after_trim=1978 max_pairs=0
[eval.mvp] Generated predictions | n_predictions=1978
[eval.mvp] Scoring complete | accuracy=61.6279 pair_consistency=29.8281 n_pairs=989 n_samples=1978
[eval.mvp] Artifacts written | output_dir=artifacts/probes/mvp_probe_linear_videomae_v2_vit_giant_16_224_20260505T132820Z/layer_10/train/trial_0012/val_eval
wandb: updating run metadata
wandb: uploading history steps 99-99, summary, console lines 0-6
wandb: 
wandb: Run history:
wandb:          epoch ▁▁▁▁▂▂▂▂▂▃▃▃▃▃▃▄▄▄▄▄▄▅▅▅▅▆▆▆▆▆▇▇▇▇▇▇████
wandb: train_accuracy ▂▁▃▃▄▄▄▃▃▄▆▅▆▃▄▅▅▆▆▅▆▆▇▆▆▇▆▆▇▆▆▆█▆▆▆▆█▆█
wandb:     train_loss ▄▄▅▄▅▂▂▄▂▂█▄▂▂▄█▆▄▄▆▂▂▄▃▆▂▃▃▁▁▇▃▄▃▃▂▄▄▃▅
wandb:   val_accuracy ▂▁▂▁▁▂▁▂▄▁▇▅▄▂▇▁▄▅▃▂▃▅▁▂▁▄▇▄▃▇▁▇▃▂▃▄▇█▇▅
wandb:       val_loss ▂▃▄▃▂▄▂▆▁▂▄▃▄▂▃▂▂▄█▁▆▃▂▁▃▂█▁▄▃▂▂▄▄▂▁▂▁▆▃
wandb: 
wandb: Run summary:
wandb:           best_epoch 64
wandb:    best_val_accuracy 61.62791
wandb:        best_val_loss 0.68175
wandb: checkpoint_best_path artifacts/probes/mvp...
wandb: checkpoint_last_path artifacts/probes/mvp...
wandb:      checkpoint_path artifacts/probes/mvp...
wandb:              dataset mvp
wandb:      elapsed_seconds 16.37243
wandb:                epoch 100
wandb:    feature_signature 7c0fab9616b3b517
wandb:                  +22 ...
wandb: 
wandb: 🚀 View run mvp_linear_videomae_v2_vit_giant_16_224_layer_10/trial_0012 at: https://wandb.ai/caselli-niccolo-developer-university-of-amsterdam/probe4physics/runs/dwey0es6
wandb: ⭐️ View project at: https://wandb.ai/caselli-niccolo-developer-university-of-amsterdam/probe4physics
wandb: Synced 5 W&B file(s), 0 media file(s), 0 artifact file(s) and 0 other file(s)
wandb: Find logs at: ./wandb/run-20260505_153152-dwey0es6/logs
[I 2026-05-05 15:32:10,787] Trial 12 finished with value: 29.828109201213348 and parameters: {'lr': 0.007180892821067769, 'weight_decay': 1.051368030362245e-08, 'batch_size': 64, 'epochs': 100}. Best is trial 1 with value: 33.67037411526795.
wandb: setting up run oja5klld
wandb: Tracking run with wandb version 0.26.1
wandb: Run data is saved locally in /gpfs/home3/scur0511/Probe4Physics/wandb/run-20260505_153212-oja5klld
wandb: Run `wandb offline` to turn off syncing.
wandb: Syncing run mvp_linear_videomae_v2_vit_giant_16_224_layer_10/trial_0013
wandb: ⭐️ View project at https://wandb.ai/caselli-niccolo-developer-university-of-amsterdam/probe4physics
wandb: 🚀 View run at https://wandb.ai/caselli-niccolo-developer-university-of-amsterdam/probe4physics/runs/oja5klld
[eval.mvp] Starting eval | split_name=val split_dir=data/splits/mvp/full_60_20_20 predictor_mode=from_file annotation_file=data/annotations/mvp_full.jsonl
[eval.mvp] Loaded split assignments | split_pairs=989 split_samples=1978
[eval.mvp] Prepared samples | n_pairs_before_trim=989 n_samples_before_trim=1978 n_pairs_after_trim=989 n_samples_after_trim=1978 max_pairs=0
[eval.mvp] Generated predictions | n_predictions=1978
[eval.mvp] Scoring complete | accuracy=62.1335 pair_consistency=30.7381 n_pairs=989 n_samples=1978
[eval.mvp] Artifacts written | output_dir=artifacts/probes/mvp_probe_linear_videomae_v2_vit_giant_16_224_20260505T132820Z/layer_10/train/trial_0013/val_eval
wandb: updating run metadata
wandb: uploading output.log; uploading wandb-summary.json; uploading config.yaml
wandb: 
wandb: Run history:
wandb:          epoch ▁▁▁▁▁▂▂▂▂▂▂▂▃▃▃▃▃▃▃▄▄▅▅▅▅▅▅▆▆▆▆▆▇▇▇▇▇▇██
wandb: train_accuracy ▁▁▁▃▃▃▄▄▄▄▄▄▅▅▄▅▆▆▆▅▅▇▆▅▆▇▆▇▆▆▇▆██▆▇▇█▇▇
wandb:     train_loss █▆▄▅▅▄▆▄▄▃▄▆▆▂▃▄▅▄▂▅▁▄▂▃▄▅▅▄▄▃▂▃▂▅▃▂▂▁▄▁
wandb:   val_accuracy ▁▂▄▃▃▂▁▄▆▇▇▇▂▆▅██▂▅▅▂▃▇█▆▇█▄█▇▇▄▇▇▅█▃▂▅▂
wandb:       val_loss ▂▁▁▇▂▁▁▂▁▄▁▃▁▁▁▁▁▁▂▂▂█▁▁▃▂▁▃▂▁▃▁▂▁▃▁▁▁▁▅
wandb: 
wandb: Run summary:
wandb:           best_epoch 97
wandb:    best_val_accuracy 62.13347
wandb:        best_val_loss 0.67227
wandb: checkpoint_best_path artifacts/probes/mvp...
wandb: checkpoint_last_path artifacts/probes/mvp...
wandb:      checkpoint_path artifacts/probes/mvp...
wandb:              dataset mvp
wandb:      elapsed_seconds 22.44793
wandb:                epoch 100
wandb:    feature_signature 7c0fab9616b3b517
wandb:                  +22 ...
wandb: 
wandb: 🚀 View run mvp_linear_videomae_v2_vit_giant_16_224_layer_10/trial_0013 at: https://wandb.ai/caselli-niccolo-developer-university-of-amsterdam/probe4physics/runs/oja5klld
wandb: ⭐️ View project at: https://wandb.ai/caselli-niccolo-developer-university-of-amsterdam/probe4physics
wandb: Synced 5 W&B file(s), 0 media file(s), 0 artifact file(s) and 0 other file(s)
wandb: Find logs at: ./wandb/run-20260505_153212-oja5klld/logs
[I 2026-05-05 15:32:36,529] Trial 13 finished with value: 30.738119312436808 and parameters: {'lr': 0.0027621039893601378, 'weight_decay': 1.0506494328895403e-07, 'batch_size': 32, 'epochs': 100}. Best is trial 1 with value: 33.67037411526795.
wandb: setting up run c9cbs56l
wandb: Tracking run with wandb version 0.26.1
wandb: Run data is saved locally in /gpfs/home3/scur0511/Probe4Physics/wandb/run-20260505_153238-c9cbs56l
wandb: Run `wandb offline` to turn off syncing.
wandb: Syncing run mvp_linear_videomae_v2_vit_giant_16_224_layer_10/trial_0014
wandb: ⭐️ View project at https://wandb.ai/caselli-niccolo-developer-university-of-amsterdam/probe4physics
wandb: 🚀 View run at https://wandb.ai/caselli-niccolo-developer-university-of-amsterdam/probe4physics/runs/c9cbs56l
[eval.mvp] Starting eval | split_name=val split_dir=data/splits/mvp/full_60_20_20 predictor_mode=from_file annotation_file=data/annotations/mvp_full.jsonl
[eval.mvp] Loaded split assignments | split_pairs=989 split_samples=1978
[eval.mvp] Prepared samples | n_pairs_before_trim=989 n_samples_before_trim=1978 n_pairs_after_trim=989 n_samples_after_trim=1978 max_pairs=0
[eval.mvp] Generated predictions | n_predictions=1978
[eval.mvp] Scoring complete | accuracy=59.4034 pair_consistency=25.1769 n_pairs=989 n_samples=1978
[eval.mvp] Artifacts written | output_dir=artifacts/probes/mvp_probe_linear_videomae_v2_vit_giant_16_224_20260505T132820Z/layer_10/train/trial_0014/val_eval
wandb: uploading wandb-metadata.json; uploading requirements.txt; updating run metadata
wandb: uploading output.log; uploading wandb-summary.json; uploading config.yaml
wandb: 
wandb: Run history:
wandb:          epoch ▁▁▂▂▂▃▃▄▄▄▅▅▅▆▆▇▇▇██
wandb: train_accuracy ▁▃▃▂▃▃▅▂▄▆▆▆▆▅▆▇▆▅█▇
wandb:     train_loss █▂▂▅▃▄▂▆▃▂▂▂▂▂▂▁▃▂▁▃
wandb:   val_accuracy ▂▂▅▁▃▆▅▇▃█▁▃▅▇▇▂▁█▃▅
wandb:       val_loss ▂▂▁▄▃▁▁▁▃▁█▄▁▁▁▂▅▁▂▂
wandb: 
wandb: Run summary:
wandb:           best_epoch 10
wandb:    best_val_accuracy 59.40344
wandb:        best_val_loss 0.67176
wandb: checkpoint_best_path artifacts/probes/mvp...
wandb: checkpoint_last_path artifacts/probes/mvp...
wandb:      checkpoint_path artifacts/probes/mvp...
wandb:              dataset mvp
wandb:      elapsed_seconds 5.45689
wandb:                epoch 20
wandb:    feature_signature 7c0fab9616b3b517
wandb:                  +22 ...
wandb: 
wandb: 🚀 View run mvp_linear_videomae_v2_vit_giant_16_224_layer_10/trial_0014 at: https://wandb.ai/caselli-niccolo-developer-university-of-amsterdam/probe4physics/runs/c9cbs56l
wandb: ⭐️ View project at: https://wandb.ai/caselli-niccolo-developer-university-of-amsterdam/probe4physics
wandb: Synced 5 W&B file(s), 0 media file(s), 0 artifact file(s) and 0 other file(s)
wandb: Find logs at: ./wandb/run-20260505_153238-c9cbs56l/logs
[I 2026-05-05 15:32:45,453] Trial 14 finished with value: 25.176946410515672 and parameters: {'lr': 0.002782261660743086, 'weight_decay': 1.3201173001358093e-05, 'batch_size': 64, 'epochs': 20}. Best is trial 1 with value: 33.67037411526795.
wandb: setting up run bztmvt04
wandb: Tracking run with wandb version 0.26.1
wandb: Run data is saved locally in /gpfs/home3/scur0511/Probe4Physics/wandb/run-20260505_153247-bztmvt04
wandb: Run `wandb offline` to turn off syncing.
wandb: Syncing run mvp_linear_videomae_v2_vit_giant_16_224_layer_10/trial_0015
wandb: ⭐️ View project at https://wandb.ai/caselli-niccolo-developer-university-of-amsterdam/probe4physics
wandb: 🚀 View run at https://wandb.ai/caselli-niccolo-developer-university-of-amsterdam/probe4physics/runs/bztmvt04
[eval.mvp] Starting eval | split_name=val split_dir=data/splits/mvp/full_60_20_20 predictor_mode=from_file annotation_file=data/annotations/mvp_full.jsonl
[eval.mvp] Loaded split assignments | split_pairs=989 split_samples=1978
[eval.mvp] Prepared samples | n_pairs_before_trim=989 n_samples_before_trim=1978 n_pairs_after_trim=989 n_samples_after_trim=1978 max_pairs=0
[eval.mvp] Generated predictions | n_predictions=1978
[eval.mvp] Scoring complete | accuracy=61.7796 pair_consistency=32.1537 n_pairs=989 n_samples=1978
[eval.mvp] Artifacts written | output_dir=artifacts/probes/mvp_probe_linear_videomae_v2_vit_giant_16_224_20260505T132820Z/layer_10/train/trial_0015/val_eval
wandb: updating run metadata
wandb: uploading output.log; uploading wandb-summary.json; uploading config.yaml
wandb: 
wandb: Run history:
wandb:          epoch ▁▁▁▁▂▂▂▂▂▂▃▃▃▃▄▄▄▄▅▅▅▅▅▅▅▅▆▆▆▇▇▇▇▇▇▇████
wandb: train_accuracy ▁▂▂▃▄▅▄▄▅▄▅▅▆▅▆▆▅▅▅▇▇▆▆▆▇▆▆█▇▆█▇██▇██▇██
wandb:     train_loss █▄▅▆▄▅▄▃█▆▆▄▂▅▄▃▃▂▇▃▃▄▂▅▃▁▄▁▃▄▂▂▆▃▄▂▄▂▄▃
wandb:   val_accuracy ▁▂▃▄▆▁▃▂▅▆▇▁▁▆▂▅▅▇█▇▄▄▇▃▇▆▆██▂▇▇▇██▂▁██▆
wandb:       val_loss ▂▄▁▁▂▁▃▁▁▃▁▂█▂▂▁▁▁▁▁▁▁▁▂▁▁▂▁▃▁▁▂▃▃▂▁▁▃▁▂
wandb: 
wandb: Run summary:
wandb:           best_epoch 70
wandb:    best_val_accuracy 61.77958
wandb:        best_val_loss 0.65697
wandb: checkpoint_best_path artifacts/probes/mvp...
wandb: checkpoint_last_path artifacts/probes/mvp...
wandb:      checkpoint_path artifacts/probes/mvp...
wandb:              dataset mvp
wandb:      elapsed_seconds 23.04856
wandb:                epoch 100
wandb:    feature_signature 7c0fab9616b3b517
wandb:                  +22 ...
wandb: 
wandb: 🚀 View run mvp_linear_videomae_v2_vit_giant_16_224_layer_10/trial_0015 at: https://wandb.ai/caselli-niccolo-developer-university-of-amsterdam/probe4physics/runs/bztmvt04
wandb: ⭐️ View project at: https://wandb.ai/caselli-niccolo-developer-university-of-amsterdam/probe4physics
wandb: Synced 5 W&B file(s), 0 media file(s), 0 artifact file(s) and 0 other file(s)
wandb: Find logs at: ./wandb/run-20260505_153247-bztmvt04/logs
[I 2026-05-05 15:33:11,951] Trial 15 finished with value: 32.153690596562186 and parameters: {'lr': 0.0024607436246509937, 'weight_decay': 0.0001371575145876111, 'batch_size': 32, 'epochs': 100}. Best is trial 1 with value: 33.67037411526795.
wandb: setting up run i2woshmu
wandb: Tracking run with wandb version 0.26.1
wandb: Run data is saved locally in /gpfs/home3/scur0511/Probe4Physics/wandb/run-20260505_153313-i2woshmu
wandb: Run `wandb offline` to turn off syncing.
wandb: Syncing run mvp_linear_videomae_v2_vit_giant_16_224_layer_10/trial_0016
wandb: ⭐️ View project at https://wandb.ai/caselli-niccolo-developer-university-of-amsterdam/probe4physics
wandb: 🚀 View run at https://wandb.ai/caselli-niccolo-developer-university-of-amsterdam/probe4physics/runs/i2woshmu
[eval.mvp] Starting eval | split_name=val split_dir=data/splits/mvp/full_60_20_20 predictor_mode=from_file annotation_file=data/annotations/mvp_full.jsonl
[eval.mvp] Loaded split assignments | split_pairs=989 split_samples=1978
[eval.mvp] Prepared samples | n_pairs_before_trim=989 n_samples_before_trim=1978 n_pairs_after_trim=989 n_samples_after_trim=1978 max_pairs=0
[eval.mvp] Generated predictions | n_predictions=1978
[eval.mvp] Scoring complete | accuracy=62.0829 pair_consistency=32.6593 n_pairs=989 n_samples=1978
[eval.mvp] Artifacts written | output_dir=artifacts/probes/mvp_probe_linear_videomae_v2_vit_giant_16_224_20260505T132820Z/layer_10/train/trial_0016/val_eval
wandb: updating run metadata
wandb: uploading wandb-summary.json; uploading config.yaml; uploading output.log
wandb: 
wandb: Run history:
wandb:          epoch ▁▁▁▂▂▂▂▃▃▃▃▃▃▃▄▄▄▄▄▄▄▅▅▅▅▆▆▆▆▆▆▆▇▇▇▇▇▇▇█
wandb: train_accuracy ▁▃▃▅▄▆▅▄▅▅▆▆▆▆▆▇▆▇▇▇▆█▇▇▆▆▇▇▇▇▇▇█▇▇▇▆█▇▇
wandb:     train_loss █▅▆▄▄▅▃▃▃▂▄▄▂▃▆▄▃▁▃▃▂▃▂▃▁▂▄▂▄▁▂▂▂▃▂▂▂▃▁▂
wandb:   val_accuracy ▃▂▅▅▁▅▅▅▄▁▆▅▅▃▆▂▅▆▃▇▇▆▇▆▇▆▃▇▆▃▆▇▂▄▆▃█▇▅▅
wandb:       val_loss ▄▃▃▃▃▃▂▂▂▂▂▂▆█▁▁▂▃▄▂▂▇▃▅▃▁▄▁▇▆▇▂▃▇▂▂▇▃▂▃
wandb: 
wandb: Run summary:
wandb:           best_epoch 91
wandb:    best_val_accuracy 62.08291
wandb:        best_val_loss 0.64912
wandb: checkpoint_best_path artifacts/probes/mvp...
wandb: checkpoint_last_path artifacts/probes/mvp...
wandb:      checkpoint_path artifacts/probes/mvp...
wandb:              dataset mvp
wandb:      elapsed_seconds 16.73915
wandb:                epoch 100
wandb:    feature_signature 7c0fab9616b3b517
wandb:                  +22 ...
wandb: 
wandb: 🚀 View run mvp_linear_videomae_v2_vit_giant_16_224_layer_10/trial_0016 at: https://wandb.ai/caselli-niccolo-developer-university-of-amsterdam/probe4physics/runs/i2woshmu
wandb: ⭐️ View project at: https://wandb.ai/caselli-niccolo-developer-university-of-amsterdam/probe4physics
wandb: Synced 5 W&B file(s), 0 media file(s), 0 artifact file(s) and 0 other file(s)
wandb: Find logs at: ./wandb/run-20260505_153313-i2woshmu/logs
[I 2026-05-05 15:33:32,093] Trial 16 finished with value: 32.659251769464106 and parameters: {'lr': 0.0016014698680512534, 'weight_decay': 9.886548103443499e-08, 'batch_size': 64, 'epochs': 100}. Best is trial 1 with value: 33.67037411526795.
wandb: setting up run 9ryiwr7n
wandb: Tracking run with wandb version 0.26.1
wandb: Run data is saved locally in /gpfs/home3/scur0511/Probe4Physics/wandb/run-20260505_153333-9ryiwr7n
wandb: Run `wandb offline` to turn off syncing.
wandb: Syncing run mvp_linear_videomae_v2_vit_giant_16_224_layer_10/trial_0017
wandb: ⭐️ View project at https://wandb.ai/caselli-niccolo-developer-university-of-amsterdam/probe4physics
wandb: 🚀 View run at https://wandb.ai/caselli-niccolo-developer-university-of-amsterdam/probe4physics/runs/9ryiwr7n
wandb: updating run metadata
wandb: uploading wandb-summary.json; uploading config.yaml
wandb: 
wandb: Run history:
wandb:          epoch ▁▁▁▁▂▂▂▂▂▃▃▃▃▃▄▄▄▄▄▅▅▅▅▅▅▅▆▆▆▆▆▆▆▇▇▇▇███
wandb: train_accuracy ▁▂▃▄▃▃▃▄▄▄▅▄▅▆▆▆▅▆▆▆▅▆▆▆▇▇▆▆▆▇▇▇▅▇▆▆█▇█▇
wandb:     train_loss █▇▆▆▅▅▅▄▄▄▄▄▃▃▃▃▃▃▃▂▃▃▂▂▂▃▂▂▂▂▁▁▂▂▂▁▁▁▁▁
wandb:   val_accuracy ▁▁▁▃▃▄▅▅▅▅▅▄▄▄▅▅▅▅▅▅▇▆▅▅▇▆▇█▆▅▆▆▆▆██▅█▇▇
wandb:       val_loss █▅▄▃▃▃▃▃▃▃▂▂▂▂▂▂▂▂▂▂▂▂▂▂▂▂▂▁▁▂▂▁▁▁▁▁▁▁▁▁
wandb: 
wandb: Run summary:
wandb:          epoch 100
wandb: train_accuracy 57.53794
wandb:     train_loss 0.67955
wandb:   val_accuracy 55.61173
wandb:       val_loss 0.67974
wandb: 
wandb: 🚀 View run mvp_linear_videomae_v2_vit_giant_16_224_layer_10/trial_0017 at: https://wandb.ai/caselli-niccolo-developer-university-of-amsterdam/probe4physics/runs/9ryiwr7n
wandb: ⭐️ View project at: https://wandb.ai/caselli-niccolo-developer-university-of-amsterdam/probe4physics
wandb: Synced 4 W&B file(s), 0 media file(s), 0 artifact file(s) and 0 other file(s)
wandb: Find logs at: ./wandb/run-20260505_153333-9ryiwr7n/logs
[I 2026-05-05 15:33:47,006] Trial 17 pruned. Pruned at epoch 100 with val_accuracy=55.6117
wandb: setting up run nw16sy8i
wandb: Tracking run with wandb version 0.26.1
wandb: Run data is saved locally in /gpfs/home3/scur0511/Probe4Physics/wandb/run-20260505_153349-nw16sy8i
wandb: Run `wandb offline` to turn off syncing.
wandb: Syncing run mvp_linear_videomae_v2_vit_giant_16_224_layer_10/trial_0018
wandb: ⭐️ View project at https://wandb.ai/caselli-niccolo-developer-university-of-amsterdam/probe4physics
wandb: 🚀 View run at https://wandb.ai/caselli-niccolo-developer-university-of-amsterdam/probe4physics/runs/nw16sy8i
[eval.mvp] Starting eval | split_name=val split_dir=data/splits/mvp/full_60_20_20 predictor_mode=from_file annotation_file=data/annotations/mvp_full.jsonl
[eval.mvp] Loaded split assignments | split_pairs=989 split_samples=1978
[eval.mvp] Prepared samples | n_pairs_before_trim=989 n_samples_before_trim=1978 n_pairs_after_trim=989 n_samples_after_trim=1978 max_pairs=0
[eval.mvp] Generated predictions | n_predictions=1978
[eval.mvp] Scoring complete | accuracy=59.8079 pair_consistency=27.5025 n_pairs=989 n_samples=1978
[eval.mvp] Artifacts written | output_dir=artifacts/probes/mvp_probe_linear_videomae_v2_vit_giant_16_224_20260505T132820Z/layer_10/train/trial_0018/val_eval
wandb: updating run metadata; uploading wandb-metadata.json; uploading requirements.txt
wandb: uploading wandb-summary.json; uploading config.yaml; uploading output.log
wandb: 
wandb: Run history:
wandb:          epoch ▁▁▂▂▂▃▃▄▄▄▅▅▅▆▆▇▇▇██
wandb: train_accuracy ▁▃▃▄▅▄▃▄▅▇▅▆▅▆▅█▆█▇▇
wandb:     train_loss █▅▄▅▄▃▆▃▂▁█▂▄▃▃▁▄▁▃▃
wandb:   val_accuracy ▄▁▄▆▄▂▂▆▆▂▂▂▆▆▅▇▇█▁▃
wandb:       val_loss ▂▆▂▂▂▃▃▂▂▃▆█▄▂▂▂▂▁▆▄
wandb: 
wandb: Run summary:
wandb:           best_epoch 18
wandb:    best_val_accuracy 59.80789
wandb:        best_val_loss 0.66596
wandb: checkpoint_best_path artifacts/probes/mvp...
wandb: checkpoint_last_path artifacts/probes/mvp...
wandb:      checkpoint_path artifacts/probes/mvp...
wandb:              dataset mvp
wandb:      elapsed_seconds 5.88974
wandb:                epoch 20
wandb:    feature_signature 7c0fab9616b3b517
wandb:                  +22 ...
wandb: 
wandb: 🚀 View run mvp_linear_videomae_v2_vit_giant_16_224_layer_10/trial_0018 at: https://wandb.ai/caselli-niccolo-developer-university-of-amsterdam/probe4physics/runs/nw16sy8i
wandb: ⭐️ View project at: https://wandb.ai/caselli-niccolo-developer-university-of-amsterdam/probe4physics
wandb: Synced 5 W&B file(s), 0 media file(s), 0 artifact file(s) and 0 other file(s)
wandb: Find logs at: ./wandb/run-20260505_153349-nw16sy8i/logs
[I 2026-05-05 15:33:56,276] Trial 18 finished with value: 27.502527805864506 and parameters: {'lr': 0.00154422593309469, 'weight_decay': 2.3926025209637566e-06, 'batch_size': 64, 'epochs': 20}. Best is trial 1 with value: 33.67037411526795.
wandb: setting up run su2p269f
wandb: Tracking run with wandb version 0.26.1
wandb: Run data is saved locally in /gpfs/home3/scur0511/Probe4Physics/wandb/run-20260505_153358-su2p269f
wandb: Run `wandb offline` to turn off syncing.
wandb: Syncing run mvp_linear_videomae_v2_vit_giant_16_224_layer_10/trial_0019
wandb: ⭐️ View project at https://wandb.ai/caselli-niccolo-developer-university-of-amsterdam/probe4physics
wandb: 🚀 View run at https://wandb.ai/caselli-niccolo-developer-university-of-amsterdam/probe4physics/runs/su2p269f
[eval.mvp] Starting eval | split_name=val split_dir=data/splits/mvp/full_60_20_20 predictor_mode=from_file annotation_file=data/annotations/mvp_full.jsonl
[eval.mvp] Loaded split assignments | split_pairs=989 split_samples=1978
[eval.mvp] Prepared samples | n_pairs_before_trim=989 n_samples_before_trim=1978 n_pairs_after_trim=989 n_samples_after_trim=1978 max_pairs=0
[eval.mvp] Generated predictions | n_predictions=1978
[eval.mvp] Scoring complete | accuracy=61.5268 pair_consistency=30.8392 n_pairs=989 n_samples=1978
[eval.mvp] Artifacts written | output_dir=artifacts/probes/mvp_probe_linear_videomae_v2_vit_giant_16_224_20260505T132820Z/layer_10/train/trial_0019/val_eval
wandb: updating run metadata
wandb: uploading output.log; uploading wandb-summary.json; uploading config.yaml
wandb: 
wandb: Run history:
wandb:          epoch ▁▁▁▂▂▂▂▂▂▂▃▃▃▃▃▃▃▄▄▄▄▄▄▄▅▆▆▆▆▆▆▇▇▇▇▇▇███
wandb: train_accuracy ▁▅▄▆▄▆▅▆▆▆▆▇▆▇▅▇▇▆▆▆▇▇▆▇▇▇▇▇▇██▇▇▇▇█▇▇██
wandb:     train_loss █▆▅▅▆▄▆▅▃▄▄▃▃▃▄▅▃▃▃▃▄▃▃▃▂▂▂▂▂▂▂▂▂▂▂▁▁▁▂▁
wandb:   val_accuracy ▂▅▅▄▂▂▅▅▁▂▆▄▃▇▅▂▅▃▆█▇▆▆▇▇▇▇▇▅▆▄▅▇▃▇▅█▆▇▇
wandb:       val_loss ▅▅▄▄▃▄▃▂▇▃▂▂▇▃▇▆▇▆▆▂▃▄█▂▃▃▂▅▁▃▃▃▂▃▁▂▅▁▁▂
wandb: 
wandb: Run summary:
wandb:           best_epoch 59
wandb:    best_val_accuracy 61.52679
wandb:        best_val_loss 0.65621
wandb: checkpoint_best_path artifacts/probes/mvp...
wandb: checkpoint_last_path artifacts/probes/mvp...
wandb:      checkpoint_path artifacts/probes/mvp...
wandb:              dataset mvp
wandb:      elapsed_seconds 22.5318
wandb:                epoch 100
wandb:    feature_signature 7c0fab9616b3b517
wandb:                  +22 ...
wandb: 
wandb: 🚀 View run mvp_linear_videomae_v2_vit_giant_16_224_layer_10/trial_0019 at: https://wandb.ai/caselli-niccolo-developer-university-of-amsterdam/probe4physics/runs/su2p269f
wandb: ⭐️ View project at: https://wandb.ai/caselli-niccolo-developer-university-of-amsterdam/probe4physics
wandb: Synced 5 W&B file(s), 0 media file(s), 0 artifact file(s) and 0 other file(s)
wandb: Find logs at: ./wandb/run-20260505_153358-su2p269f/logs
[I 2026-05-05 15:34:22,461] Trial 19 finished with value: 30.83923154701719 and parameters: {'lr': 0.0003921671511449041, 'weight_decay': 1.1345514711820726e-07, 'batch_size': 32, 'epochs': 100}. Best is trial 1 with value: 33.67037411526795.
[eval.mvp] Starting eval | split_name=train split_dir=data/splits/mvp/full_60_20_20 predictor_mode=from_file annotation_file=data/annotations/mvp_full.jsonl
[eval.mvp] Loaded split assignments | split_pairs=2965 split_samples=5930
[eval.mvp] Prepared samples | n_pairs_before_trim=2965 n_samples_before_trim=5930 n_pairs_after_trim=2965 n_samples_after_trim=5930 max_pairs=0
[eval.mvp] Generated predictions | n_predictions=5930
[eval.mvp] Scoring complete | accuracy=64.3339 pair_consistency=35.8516 n_pairs=2965 n_samples=5930
[eval.mvp] Artifacts written | output_dir=artifacts/probes/mvp_probe_linear_videomae_v2_vit_giant_16_224_20260505T132820Z/layer_10/eval/train
[eval.mvp] Starting eval | split_name=val split_dir=data/splits/mvp/full_60_20_20 predictor_mode=from_file annotation_file=data/annotations/mvp_full.jsonl
[eval.mvp] Loaded split assignments | split_pairs=989 split_samples=1978
[eval.mvp] Prepared samples | n_pairs_before_trim=989 n_samples_before_trim=1978 n_pairs_after_trim=989 n_samples_after_trim=1978 max_pairs=0
[eval.mvp] Generated predictions | n_predictions=1978
[eval.mvp] Scoring complete | accuracy=62.2851 pair_consistency=33.6704 n_pairs=989 n_samples=1978
[eval.mvp] Artifacts written | output_dir=artifacts/probes/mvp_probe_linear_videomae_v2_vit_giant_16_224_20260505T132820Z/layer_10/eval/val
[eval.mvp] Starting eval | split_name=test split_dir=data/splits/mvp/full_60_20_20 predictor_mode=from_file annotation_file=data/annotations/mvp_full.jsonl
[eval.mvp] Loaded split assignments | split_pairs=989 split_samples=1978
[eval.mvp] Prepared samples | n_pairs_before_trim=989 n_samples_before_trim=1978 n_pairs_after_trim=989 n_samples_after_trim=1978 max_pairs=0
[eval.mvp] Generated predictions | n_predictions=1978
[eval.mvp] Scoring complete | accuracy=61.3246 pair_consistency=32.0526 n_pairs=989 n_samples=1978
[eval.mvp] Artifacts written | output_dir=artifacts/probes/mvp_probe_linear_videomae_v2_vit_giant_16_224_20260505T132820Z/layer_10/eval/test
[I 2026-05-05 15:34:27,178] A new study created in RDB with name: mvp_linear_videomae_v2_vit_giant_16_224_layer_20
wandb: setting up run h2p1i6bw
wandb: Tracking run with wandb version 0.26.1
wandb: Run data is saved locally in /gpfs/home3/scur0511/Probe4Physics/wandb/run-20260505_153428-h2p1i6bw
wandb: Run `wandb offline` to turn off syncing.
wandb: Syncing run mvp_linear_videomae_v2_vit_giant_16_224_layer_20/trial_0000
wandb: ⭐️ View project at https://wandb.ai/caselli-niccolo-developer-university-of-amsterdam/probe4physics
wandb: 🚀 View run at https://wandb.ai/caselli-niccolo-developer-university-of-amsterdam/probe4physics/runs/h2p1i6bw
[eval.mvp] Starting eval | split_name=val split_dir=data/splits/mvp/full_60_20_20 predictor_mode=from_file annotation_file=data/annotations/mvp_full.jsonl
[eval.mvp] Loaded split assignments | split_pairs=989 split_samples=1978
[eval.mvp] Prepared samples | n_pairs_before_trim=989 n_samples_before_trim=1978 n_pairs_after_trim=989 n_samples_after_trim=1978 max_pairs=0
[eval.mvp] Generated predictions | n_predictions=1978
[eval.mvp] Scoring complete | accuracy=60.2629 pair_consistency=29.7270 n_pairs=989 n_samples=1978
[eval.mvp] Artifacts written | output_dir=artifacts/probes/mvp_probe_linear_videomae_v2_vit_giant_16_224_20260505T132820Z/layer_20/train/trial_0000/val_eval
wandb: updating run metadata
wandb: uploading output.log; uploading wandb-summary.json; uploading config.yaml
wandb: 
wandb: Run history:
wandb:          epoch ▁▁▁▁▂▂▂▂▂▂▃▃▃▃▃▄▄▄▄▄▅▅▅▅▅▅▆▆▆▆▆▆▇▇▇▇▇▇██
wandb: train_accuracy ▁▂▂▂▃▄▄▅▄▄▅▅▄▅▄▆▆▆▅▇▆▇▇▇▇▆▇▇▆▇▇▆▇█▇█████
wandb:     train_loss █▅▄▄▄▃▃▃▃▃▃▃▃▃▃▂▂▂▂▂▂▂▂▂▂▂▂▂▂▂▂▂▁▁▁▁▁▁▁▁
wandb:   val_accuracy ▁▂▂▃▂▅▄▄▂▅▅▃▄▁▅▄▃▅▇▆▇▇▇▇▇▃▂▄█▇▇▆█▅▆██▅█▆
wandb:       val_loss ▅▅▅▄▄▃▃▇▃▄▄▄█▃▂▄▃▂▂▅▂▄▂▂▂▆▅▄▁▂▂▂▁▃▂▁▁▂▁▂
wandb: 
wandb: Run summary:
wandb:           best_epoch 45
wandb:    best_val_accuracy 60.26289
wandb:        best_val_loss 0.66401
wandb: checkpoint_best_path artifacts/probes/mvp...
wandb: checkpoint_last_path artifacts/probes/mvp...
wandb:      checkpoint_path artifacts/probes/mvp...
wandb:              dataset mvp
wandb:      elapsed_seconds 12.82011
wandb:                epoch 50
wandb:    feature_signature 7c0fab9616b3b517
wandb:                  +22 ...
wandb: 
wandb: 🚀 View run mvp_linear_videomae_v2_vit_giant_16_224_layer_20/trial_0000 at: https://wandb.ai/caselli-niccolo-developer-university-of-amsterdam/probe4physics/runs/h2p1i6bw
wandb: ⭐️ View project at: https://wandb.ai/caselli-niccolo-developer-university-of-amsterdam/probe4physics
wandb: Synced 5 W&B file(s), 0 media file(s), 0 artifact file(s) and 0 other file(s)
wandb: Find logs at: ./wandb/run-20260505_153428-h2p1i6bw/logs
[I 2026-05-05 15:34:43,723] Trial 0 finished with value: 29.726996966632964 and parameters: {'lr': 0.0001329291894316216, 'weight_decay': 0.005061576888752304, 'batch_size': 32, 'epochs': 50}. Best is trial 0 with value: 29.726996966632964.
wandb: setting up run 3n1tijgn
wandb: Tracking run with wandb version 0.26.1
wandb: Run data is saved locally in /gpfs/home3/scur0511/Probe4Physics/wandb/run-20260505_153445-3n1tijgn
wandb: Run `wandb offline` to turn off syncing.
wandb: Syncing run mvp_linear_videomae_v2_vit_giant_16_224_layer_20/trial_0001
wandb: ⭐️ View project at https://wandb.ai/caselli-niccolo-developer-university-of-amsterdam/probe4physics
wandb: 🚀 View run at https://wandb.ai/caselli-niccolo-developer-university-of-amsterdam/probe4physics/runs/3n1tijgn
[eval.mvp] Starting eval | split_name=val split_dir=data/splits/mvp/full_60_20_20 predictor_mode=from_file annotation_file=data/annotations/mvp_full.jsonl
[eval.mvp] Loaded split assignments | split_pairs=989 split_samples=1978
[eval.mvp] Prepared samples | n_pairs_before_trim=989 n_samples_before_trim=1978 n_pairs_after_trim=989 n_samples_after_trim=1978 max_pairs=0
[eval.mvp] Generated predictions | n_predictions=1978
[eval.mvp] Scoring complete | accuracy=64.3074 pair_consistency=37.4115 n_pairs=989 n_samples=1978
[eval.mvp] Artifacts written | output_dir=artifacts/probes/mvp_probe_linear_videomae_v2_vit_giant_16_224_20260505T132820Z/layer_20/train/trial_0001/val_eval
wandb: updating run metadata
wandb: uploading output.log; uploading wandb-summary.json; uploading config.yaml
wandb: 
wandb: Run history:
wandb:          epoch ▁▁▁▁▁▂▂▂▂▂▃▃▃▃▃▃▄▄▄▄▄▄▄▄▅▅▅▅▅▅▆▆▆▆▆▇▇▇██
wandb: train_accuracy ▁▂▂▂▂▂▃▄▃▃▅▅▄▅▅▃▅▆▆▄▅▆▅▆▇▇▇▇▅▇▆▆▇▆▆██▇▇█
wandb:     train_loss █▅▅▅▇▄▅▇▃▄▄▄▃▃▅▅▅▄▂▄▄▂▂▂▄▄▂▂▂▃▃▂▃▂▃▁▂▄▂▁
wandb:   val_accuracy ▄▃▃▁▄▁▆▆▄▅▇▅▄▅▅▇▇▆▅▆▄▅▁▅▇▄██▅▁▇▆▅▇▅▇▅▃▃▆
wandb:       val_loss ▃▂▂▃▂▂▂▅▂▂▄▁▂▂▃▃▂▂▂▃▁▁▁▁▁█▂▂▁▅▂▁▁▂▅▁▂▃▃▂
wandb: 
wandb: Run summary:
wandb:           best_epoch 68
wandb:    best_val_accuracy 64.30738
wandb:        best_val_loss 0.64684
wandb: checkpoint_best_path artifacts/probes/mvp...
wandb: checkpoint_last_path artifacts/probes/mvp...
wandb:      checkpoint_path artifacts/probes/mvp...
wandb:              dataset mvp
wandb:      elapsed_seconds 22.63554
wandb:                epoch 100
wandb:    feature_signature 7c0fab9616b3b517
wandb:                  +22 ...
wandb: 
wandb: 🚀 View run mvp_linear_videomae_v2_vit_giant_16_224_layer_20/trial_0001 at: https://wandb.ai/caselli-niccolo-developer-university-of-amsterdam/probe4physics/runs/3n1tijgn
wandb: ⭐️ View project at: https://wandb.ai/caselli-niccolo-developer-university-of-amsterdam/probe4physics
wandb: Synced 5 W&B file(s), 0 media file(s), 0 artifact file(s) and 0 other file(s)
wandb: Find logs at: ./wandb/run-20260505_153445-3n1tijgn/logs
[I 2026-05-05 15:35:10,183] Trial 1 finished with value: 37.41152679474216 and parameters: {'lr': 0.001331121608073689, 'weight_decay': 1.328944872286916e-08, 'batch_size': 32, 'epochs': 100}. Best is trial 1 with value: 37.41152679474216.
wandb: setting up run vvzqnt0s
wandb: Tracking run with wandb version 0.26.1
wandb: Run data is saved locally in /gpfs/home3/scur0511/Probe4Physics/wandb/run-20260505_153511-vvzqnt0s
wandb: Run `wandb offline` to turn off syncing.
wandb: Syncing run mvp_linear_videomae_v2_vit_giant_16_224_layer_20/trial_0002
wandb: ⭐️ View project at https://wandb.ai/caselli-niccolo-developer-university-of-amsterdam/probe4physics
wandb: 🚀 View run at https://wandb.ai/caselli-niccolo-developer-university-of-amsterdam/probe4physics/runs/vvzqnt0s
[eval.mvp] Starting eval | split_name=val split_dir=data/splits/mvp/full_60_20_20 predictor_mode=from_file annotation_file=data/annotations/mvp_full.jsonl
[eval.mvp] Loaded split assignments | split_pairs=989 split_samples=1978
[eval.mvp] Prepared samples | n_pairs_before_trim=989 n_samples_before_trim=1978 n_pairs_after_trim=989 n_samples_after_trim=1978 max_pairs=0
[eval.mvp] Generated predictions | n_predictions=1978
[eval.mvp] Scoring complete | accuracy=61.4762 pair_consistency=31.7492 n_pairs=989 n_samples=1978
[eval.mvp] Artifacts written | output_dir=artifacts/probes/mvp_probe_linear_videomae_v2_vit_giant_16_224_20260505T132820Z/layer_20/train/trial_0002/val_eval
wandb: updating run metadata
wandb: uploading output.log; uploading wandb-summary.json; uploading config.yaml
wandb: 
wandb: Run history:
wandb:          epoch ▁▁▁▁▂▂▂▂▂▂▃▃▃▃▃▄▄▄▄▄▅▅▅▅▅▅▆▆▆▆▆▇▇▇▇▇▇███
wandb: train_accuracy ▁▂▃▂▃▃▄▅▅▄▅▅▅▆▄▅▅▆▆▆▆▆▆▇▇▆▇▇▇▆▇▆█▇▇▇▇▇█▇
wandb:     train_loss █▅▅▄▄▄▄▃▄▅▃▃▃▃▄▃▃▂▃▂▂▂▂▂▂▂▂▂▂▂▁▂▁▁▁▁▁▂▁▁
wandb:   val_accuracy ▂▃▂▄▃▃▄▃▂▅▅▅▆▃▁▃▇▂▃▆▃▇▆▃▇▇▅▆▄▇▅▄▆▆▃▄█▄▇▇
wandb:       val_loss ▄▄▄▃▃▂▃▄▂▅▂▂▃█▂▂▄▄▂▂▁▂▃▁▁▃▂▃▁▁▂▂▂▃▂▁▃▁▁▁
wandb: 
wandb: Run summary:
wandb:           best_epoch 45
wandb:    best_val_accuracy 61.47624
wandb:        best_val_loss 0.65996
wandb: checkpoint_best_path artifacts/probes/mvp...
wandb: checkpoint_last_path artifacts/probes/mvp...
wandb:      checkpoint_path artifacts/probes/mvp...
wandb:              dataset mvp
wandb:      elapsed_seconds 12.37566
wandb:                epoch 50
wandb:    feature_signature 7c0fab9616b3b517
wandb:                  +22 ...
wandb: 
wandb: 🚀 View run mvp_linear_videomae_v2_vit_giant_16_224_layer_20/trial_0002 at: https://wandb.ai/caselli-niccolo-developer-university-of-amsterdam/probe4physics/runs/vvzqnt0s
wandb: ⭐️ View project at: https://wandb.ai/caselli-niccolo-developer-university-of-amsterdam/probe4physics
wandb: Synced 5 W&B file(s), 0 media file(s), 0 artifact file(s) and 0 other file(s)
wandb: Find logs at: ./wandb/run-20260505_153511-vvzqnt0s/logs
[I 2026-05-05 15:35:26,004] Trial 2 finished with value: 31.749241658240646 and parameters: {'lr': 0.00019762189340280086, 'weight_decay': 5.589524205217922e-07, 'batch_size': 32, 'epochs': 50}. Best is trial 1 with value: 37.41152679474216.
wandb: setting up run 0o5ldrg3
wandb: Tracking run with wandb version 0.26.1
wandb: Run data is saved locally in /gpfs/home3/scur0511/Probe4Physics/wandb/run-20260505_153528-0o5ldrg3
wandb: Run `wandb offline` to turn off syncing.
wandb: Syncing run mvp_linear_videomae_v2_vit_giant_16_224_layer_20/trial_0003
wandb: ⭐️ View project at https://wandb.ai/caselli-niccolo-developer-university-of-amsterdam/probe4physics
wandb: 🚀 View run at https://wandb.ai/caselli-niccolo-developer-university-of-amsterdam/probe4physics/runs/0o5ldrg3
[eval.mvp] Starting eval | split_name=val split_dir=data/splits/mvp/full_60_20_20 predictor_mode=from_file annotation_file=data/annotations/mvp_full.jsonl
[eval.mvp] Loaded split assignments | split_pairs=989 split_samples=1978
[eval.mvp] Prepared samples | n_pairs_before_trim=989 n_samples_before_trim=1978 n_pairs_after_trim=989 n_samples_after_trim=1978 max_pairs=0
[eval.mvp] Generated predictions | n_predictions=1978
[eval.mvp] Scoring complete | accuracy=60.8696 pair_consistency=31.3448 n_pairs=989 n_samples=1978
[eval.mvp] Artifacts written | output_dir=artifacts/probes/mvp_probe_linear_videomae_v2_vit_giant_16_224_20260505T132820Z/layer_20/train/trial_0003/val_eval
wandb: updating run metadata
wandb: uploading output.log; uploading wandb-summary.json; uploading config.yaml
wandb: 
wandb: Run history:
wandb:          epoch ▁▁▁▁▂▂▂▂▂▂▃▃▃▃▃▄▄▄▄▄▄▅▅▅▅▅▆▆▆▆▆▇▇▇▇▇▇███
wandb: train_accuracy ▁▂▂▂▃▃▃▄▃▄▄▄▆▅▅▆▆▅▇▇▅▆▇▆▇▆▆▆▆▇█▆▇█▇▆███▇
wandb:     train_loss █▄▄▄▄▄▄▃▄▃▃▃▂▂▃▂▂▂▃▂▂▃▂▂▂▂▃▂▂▃▂▁▂▁▁▂▁▁▁▂
wandb:   val_accuracy ▂▂▃▄▁▄▆▁▅▅▃▄▃▁▄▇▂▆▇▆▆▆▅▇▇▇▂▂▃▇▇▇█▆▆██▇█▆
wandb:       val_loss ▆▅▄▃▆▃▃█▃▃▄▃▅▆▃▂▇▂▂▂▂▂▃▂▂▆▆▆▂▂▂▂▂▂▂▁▁▂▁▂
wandb: 
wandb: Run summary:
wandb:           best_epoch 45
wandb:    best_val_accuracy 60.86957
wandb:        best_val_loss 0.6591
wandb: checkpoint_best_path artifacts/probes/mvp...
wandb: checkpoint_last_path artifacts/probes/mvp...
wandb:      checkpoint_path artifacts/probes/mvp...
wandb:              dataset mvp
wandb:      elapsed_seconds 10.5479
wandb:                epoch 50
wandb:    feature_signature 7c0fab9616b3b517
wandb:                  +22 ...
wandb: 
wandb: 🚀 View run mvp_linear_videomae_v2_vit_giant_16_224_layer_20/trial_0003 at: https://wandb.ai/caselli-niccolo-developer-university-of-amsterdam/probe4physics/runs/0o5ldrg3
wandb: ⭐️ View project at: https://wandb.ai/caselli-niccolo-developer-university-of-amsterdam/probe4physics
wandb: Synced 5 W&B file(s), 0 media file(s), 0 artifact file(s) and 0 other file(s)
wandb: Find logs at: ./wandb/run-20260505_153528-0o5ldrg3/logs
[I 2026-05-05 15:35:40,008] Trial 3 finished with value: 31.344792719919113 and parameters: {'lr': 0.0003489018845491386, 'weight_decay': 3.5849855803404713e-05, 'batch_size': 64, 'epochs': 50}. Best is trial 1 with value: 37.41152679474216.
wandb: setting up run i1j86ewy
wandb: Tracking run with wandb version 0.26.1
wandb: Run data is saved locally in /gpfs/home3/scur0511/Probe4Physics/wandb/run-20260505_153541-i1j86ewy
wandb: Run `wandb offline` to turn off syncing.
wandb: Syncing run mvp_linear_videomae_v2_vit_giant_16_224_layer_20/trial_0004
wandb: ⭐️ View project at https://wandb.ai/caselli-niccolo-developer-university-of-amsterdam/probe4physics
wandb: 🚀 View run at https://wandb.ai/caselli-niccolo-developer-university-of-amsterdam/probe4physics/runs/i1j86ewy
[eval.mvp] Starting eval | split_name=val split_dir=data/splits/mvp/full_60_20_20 predictor_mode=from_file annotation_file=data/annotations/mvp_full.jsonl
[eval.mvp] Loaded split assignments | split_pairs=989 split_samples=1978
[eval.mvp] Prepared samples | n_pairs_before_trim=989 n_samples_before_trim=1978 n_pairs_after_trim=989 n_samples_after_trim=1978 max_pairs=0
[eval.mvp] Generated predictions | n_predictions=1978
[eval.mvp] Scoring complete | accuracy=59.9596 pair_consistency=27.8059 n_pairs=989 n_samples=1978
[eval.mvp] Artifacts written | output_dir=artifacts/probes/mvp_probe_linear_videomae_v2_vit_giant_16_224_20260505T132820Z/layer_20/train/trial_0004/val_eval
wandb: updating run metadata
wandb: uploading output.log; uploading wandb-summary.json; uploading config.yaml
wandb: 
wandb: Run history:
wandb:          epoch ▁▁▁▁▂▂▂▂▂▂▃▃▃▃▃▄▄▄▄▄▅▅▅▅▅▅▆▆▆▆▆▆▇▇▇▇▇▇██
wandb: train_accuracy ▁▂▂▂▃▃▄▃▄▃▄▅▅▅▅▆▆▅▆▆▇▇▆█▇▆▇▆▆▇▇▇▇█▇▇███▇
wandb:     train_loss █▄▄▃▃▃▃▃▃▃▂▂▂▂▂▂▂▂▂▂▂▂▂▂▂▂▂▂▂▁▁▂▁▁▁▁▁▁▁▁
wandb:   val_accuracy ▁▂▂▃▄▄▄▃▁▄▁▄▄▁▃▆▁▆▇▄▅▅▇▆▇▅▄▅▄▇▇▇█▇██▇▇▇▅
wandb:       val_loss ▇▇▅▄▄▄▄▄█▄▇▃▃▃▇▃▂█▂▂▃▂▃▂▂▂▂▂▄▃▂▁▁▂▁▁▁▁▁▂
wandb: 
wandb: Run summary:
wandb:           best_epoch 41
wandb:    best_val_accuracy 59.95956
wandb:        best_val_loss 0.67166
wandb: checkpoint_best_path artifacts/probes/mvp...
wandb: checkpoint_last_path artifacts/probes/mvp...
wandb:      checkpoint_path artifacts/probes/mvp...
wandb:              dataset mvp
wandb:      elapsed_seconds 12.45358
wandb:                epoch 50
wandb:    feature_signature 7c0fab9616b3b517
wandb:                  +22 ...
wandb: 
wandb: 🚀 View run mvp_linear_videomae_v2_vit_giant_16_224_layer_20/trial_0004 at: https://wandb.ai/caselli-niccolo-developer-university-of-amsterdam/probe4physics/runs/i1j86ewy
wandb: ⭐️ View project at: https://wandb.ai/caselli-niccolo-developer-university-of-amsterdam/probe4physics
wandb: Synced 5 W&B file(s), 0 media file(s), 0 artifact file(s) and 0 other file(s)
wandb: Find logs at: ./wandb/run-20260505_153541-i1j86ewy/logs
[I 2026-05-05 15:35:55,790] Trial 4 finished with value: 27.80586450960566 and parameters: {'lr': 8.200518402245828e-05, 'weight_decay': 3.855073690026179e-08, 'batch_size': 32, 'epochs': 50}. Best is trial 1 with value: 37.41152679474216.
wandb: setting up run qgumxwoy
wandb: Tracking run with wandb version 0.26.1
wandb: Run data is saved locally in /gpfs/home3/scur0511/Probe4Physics/wandb/run-20260505_153557-qgumxwoy
wandb: Run `wandb offline` to turn off syncing.
wandb: Syncing run mvp_linear_videomae_v2_vit_giant_16_224_layer_20/trial_0005
wandb: ⭐️ View project at https://wandb.ai/caselli-niccolo-developer-university-of-amsterdam/probe4physics
wandb: 🚀 View run at https://wandb.ai/caselli-niccolo-developer-university-of-amsterdam/probe4physics/runs/qgumxwoy
[eval.mvp] Starting eval | split_name=val split_dir=data/splits/mvp/full_60_20_20 predictor_mode=from_file annotation_file=data/annotations/mvp_full.jsonl
[eval.mvp] Loaded split assignments | split_pairs=989 split_samples=1978
[eval.mvp] Prepared samples | n_pairs_before_trim=989 n_samples_before_trim=1978 n_pairs_after_trim=989 n_samples_after_trim=1978 max_pairs=0
[eval.mvp] Generated predictions | n_predictions=1978
[eval.mvp] Scoring complete | accuracy=59.4540 pair_consistency=26.8959 n_pairs=989 n_samples=1978
[eval.mvp] Artifacts written | output_dir=artifacts/probes/mvp_probe_linear_videomae_v2_vit_giant_16_224_20260505T132820Z/layer_20/train/trial_0005/val_eval
wandb: updating run metadata
wandb: uploading history steps 0-49, summary, console lines 0-6
wandb: 
wandb: Run history:
wandb:          epoch ▁▁▁▁▂▂▂▂▂▂▃▃▃▃▄▄▄▄▄▄▅▅▅▅▅▆▆▆▆▆▆▇▇▇▇▇▇███
wandb: train_accuracy ▁▃▃▂▄▄▄▅▄▄▆▅▄▅▅▆▆▄▄▆▇▇▇▇▇▇▅▇▇███▇▇▇▇▇█▇▇
wandb:     train_loss █▃▃▄▂▂▂▂▃▂▂▂▃▂▂▂▂▄▃▂▁▁▁▁▁▂▂▁▁▁▁▁▁▂▁▁▁▁▁▁
wandb:   val_accuracy ▂▁▁▂▄▄▃▅▁▄▃▃▃▅▁▅▂▅▁▆▇▅▃▇█▆▇▅▇▇▅▇█▄▅▆▆▇▄▅
wandb:       val_loss ▃▃▄▂▂▂▂▆▂▂▂▂▂█▃▃▂▄▂▁▃▂▁▄▁▂▁▂▁▁▂▁▁▂▂▁▁▁▃▂
wandb: 
wandb: Run summary:
wandb:           best_epoch 41
wandb:    best_val_accuracy 59.45399
wandb:        best_val_loss 0.66802
wandb: checkpoint_best_path artifacts/probes/mvp...
wandb: checkpoint_last_path artifacts/probes/mvp...
wandb:      checkpoint_path artifacts/probes/mvp...
wandb:              dataset mvp
wandb:      elapsed_seconds 7.4216
wandb:                epoch 50
wandb:    feature_signature 7c0fab9616b3b517
wandb:                  +22 ...
wandb: 
wandb: 🚀 View run mvp_linear_videomae_v2_vit_giant_16_224_layer_20/trial_0005 at: https://wandb.ai/caselli-niccolo-developer-university-of-amsterdam/probe4physics/runs/qgumxwoy
wandb: ⭐️ View project at: https://wandb.ai/caselli-niccolo-developer-university-of-amsterdam/probe4physics
wandb: Synced 5 W&B file(s), 0 media file(s), 0 artifact file(s) and 0 other file(s)
wandb: Find logs at: ./wandb/run-20260505_153557-qgumxwoy/logs
[I 2026-05-05 15:36:07,735] Trial 5 finished with value: 26.895854398382202 and parameters: {'lr': 0.0009717775305059633, 'weight_decay': 7.417652034871823e-07, 'batch_size': 256, 'epochs': 50}. Best is trial 1 with value: 37.41152679474216.
wandb: setting up run btpkn8zz
wandb: Tracking run with wandb version 0.26.1
wandb: Run data is saved locally in /gpfs/home3/scur0511/Probe4Physics/wandb/run-20260505_153609-btpkn8zz
wandb: Run `wandb offline` to turn off syncing.
wandb: Syncing run mvp_linear_videomae_v2_vit_giant_16_224_layer_20/trial_0006
wandb: ⭐️ View project at https://wandb.ai/caselli-niccolo-developer-university-of-amsterdam/probe4physics
wandb: 🚀 View run at https://wandb.ai/caselli-niccolo-developer-university-of-amsterdam/probe4physics/runs/btpkn8zz
[eval.mvp] Starting eval | split_name=val split_dir=data/splits/mvp/full_60_20_20 predictor_mode=from_file annotation_file=data/annotations/mvp_full.jsonl
[eval.mvp] Loaded split assignments | split_pairs=989 split_samples=1978
[eval.mvp] Prepared samples | n_pairs_before_trim=989 n_samples_before_trim=1978 n_pairs_after_trim=989 n_samples_after_trim=1978 max_pairs=0
[eval.mvp] Generated predictions | n_predictions=1978
[eval.mvp] Scoring complete | accuracy=61.1223 pair_consistency=31.7492 n_pairs=989 n_samples=1978
[eval.mvp] Artifacts written | output_dir=artifacts/probes/mvp_probe_linear_videomae_v2_vit_giant_16_224_20260505T132820Z/layer_20/train/trial_0006/val_eval
wandb: updating run metadata
wandb: uploading output.log; uploading wandb-summary.json; uploading config.yaml
wandb: 
wandb: Run history:
wandb:          epoch ▁▁▁▁▁▂▂▂▂▂▃▃▃▃▃▄▄▄▄▄▄▄▅▅▅▆▆▆▆▆▇▇▇▇▇▇████
wandb: train_accuracy ▂▁▁▃▂▂▃▄▃▄▄▄▅▅▅▆▅▆▆▆▇▆▆▇▆▅▇▆▇▇██▆▇█▇▇▇██
wandb:     train_loss █▄▄▃▃▃▃▃▃▂▂▂▂▂▂▂▂▂▂▂▃▃▂▂▂▁▁▂▂▁▁▂▂▁▁▃▂▁▂▁
wandb:   val_accuracy ▁▂▁▄▄▄▅▄▅▁▆▂▄▃▅▆▆▆▇▄▆▅▇▃▂▆▇▇██▃▅█▇▄▇▇▆█▇
wandb:       val_loss ▅▅▆▅▃▃▄█▄▃▃█▂▃▃▂▃▃▂▄▇▂▃▂▇▁▁▃▂▂▁▁▂▂▂▁▄▄▁▃
wandb: 
wandb: Run summary:
wandb:           best_epoch 88
wandb:    best_val_accuracy 61.12235
wandb:        best_val_loss 0.65766
wandb: checkpoint_best_path artifacts/probes/mvp...
wandb: checkpoint_last_path artifacts/probes/mvp...
wandb:      checkpoint_path artifacts/probes/mvp...
wandb:              dataset mvp
wandb:      elapsed_seconds 13.52626
wandb:                epoch 100
wandb:    feature_signature 7c0fab9616b3b517
wandb:                  +22 ...
wandb: 
wandb: 🚀 View run mvp_linear_videomae_v2_vit_giant_16_224_layer_20/trial_0006 at: https://wandb.ai/caselli-niccolo-developer-university-of-amsterdam/probe4physics/runs/btpkn8zz
wandb: ⭐️ View project at: https://wandb.ai/caselli-niccolo-developer-university-of-amsterdam/probe4physics
wandb: Synced 5 W&B file(s), 0 media file(s), 0 artifact file(s) and 0 other file(s)
wandb: Find logs at: ./wandb/run-20260505_153609-btpkn8zz/logs
[I 2026-05-05 15:36:24,718] Trial 6 finished with value: 31.749241658240646 and parameters: {'lr': 0.0006218704727769079, 'weight_decay': 0.0033981724150106006, 'batch_size': 256, 'epochs': 100}. Best is trial 1 with value: 37.41152679474216.
wandb: setting up run 7efb08pv
wandb: Tracking run with wandb version 0.26.1
wandb: Run data is saved locally in /gpfs/home3/scur0511/Probe4Physics/wandb/run-20260505_153626-7efb08pv
wandb: Run `wandb offline` to turn off syncing.
wandb: Syncing run mvp_linear_videomae_v2_vit_giant_16_224_layer_20/trial_0007
wandb: ⭐️ View project at https://wandb.ai/caselli-niccolo-developer-university-of-amsterdam/probe4physics
wandb: 🚀 View run at https://wandb.ai/caselli-niccolo-developer-university-of-amsterdam/probe4physics/runs/7efb08pv
[eval.mvp] Starting eval | split_name=val split_dir=data/splits/mvp/full_60_20_20 predictor_mode=from_file annotation_file=data/annotations/mvp_full.jsonl
[eval.mvp] Loaded split assignments | split_pairs=989 split_samples=1978
[eval.mvp] Prepared samples | n_pairs_before_trim=989 n_samples_before_trim=1978 n_pairs_after_trim=989 n_samples_after_trim=1978 max_pairs=0
[eval.mvp] Generated predictions | n_predictions=1978
[eval.mvp] Scoring complete | accuracy=55.2073 pair_consistency=17.5935 n_pairs=989 n_samples=1978
[eval.mvp] Artifacts written | output_dir=artifacts/probes/mvp_probe_linear_videomae_v2_vit_giant_16_224_20260505T132820Z/layer_20/train/trial_0007/val_eval
wandb: updating run metadata
wandb: uploading wandb-metadata.json; uploading requirements.txt; uploading output.log; uploading wandb-summary.json
wandb: uploading history steps 0-19, summary, console lines 0-6
wandb: 
wandb: Run history:
wandb:          epoch ▁▁▂▂▂▃▃▄▄▄▅▅▅▆▆▇▇▇██
wandb: train_accuracy ▁▂▃▃▃▃▃▄▅▄▅▅▆▆▆▇▅▅▇█
wandb:     train_loss █▃▂▂▂▂▂▁▁▂▂▁▁▁▁▁▁▁▁▁
wandb:   val_accuracy ▂▁▃▂▃▂▄▄▂▂▂▅▆█▅▆▇▃▅▇
wandb:       val_loss ██▆▄▄▃▃▃▄▄▃▂▂▂▂▁▁▂▂▁
wandb: 
wandb: Run summary:
wandb:           best_epoch 14
wandb:    best_val_accuracy 55.20728
wandb:        best_val_loss 0.68946
wandb: checkpoint_best_path artifacts/probes/mvp...
wandb: checkpoint_last_path artifacts/probes/mvp...
wandb:      checkpoint_path artifacts/probes/mvp...
wandb:              dataset mvp
wandb:      elapsed_seconds 4.63931
wandb:                epoch 20
wandb:    feature_signature 7c0fab9616b3b517
wandb:                  +22 ...
wandb: 
wandb: 🚀 View run mvp_linear_videomae_v2_vit_giant_16_224_layer_20/trial_0007 at: https://wandb.ai/caselli-niccolo-developer-university-of-amsterdam/probe4physics/runs/7efb08pv
wandb: ⭐️ View project at: https://wandb.ai/caselli-niccolo-developer-university-of-amsterdam/probe4physics
wandb: Synced 5 W&B file(s), 0 media file(s), 0 artifact file(s) and 0 other file(s)
wandb: Find logs at: ./wandb/run-20260505_153626-7efb08pv/logs
[I 2026-05-05 15:36:33,131] Trial 7 finished with value: 17.593528816986854 and parameters: {'lr': 0.00011756010900231849, 'weight_decay': 4.848496183873288e-07, 'batch_size': 128, 'epochs': 20}. Best is trial 1 with value: 37.41152679474216.
wandb: setting up run ks9vallr
wandb: Tracking run with wandb version 0.26.1
wandb: Run data is saved locally in /gpfs/home3/scur0511/Probe4Physics/wandb/run-20260505_153635-ks9vallr
wandb: Run `wandb offline` to turn off syncing.
wandb: Syncing run mvp_linear_videomae_v2_vit_giant_16_224_layer_20/trial_0008
wandb: ⭐️ View project at https://wandb.ai/caselli-niccolo-developer-university-of-amsterdam/probe4physics
wandb: 🚀 View run at https://wandb.ai/caselli-niccolo-developer-university-of-amsterdam/probe4physics/runs/ks9vallr
wandb: updating run metadata
wandb: uploading wandb-summary.json; uploading config.yaml
wandb: 
wandb: Run history:
wandb:          epoch ▁▁▁▁▂▂▂▂▂▂▃▃▃▃▃▄▄▄▄▄▄▅▅▅▅▅▅▅▅▆▆▆▇▇▇▇▇███
wandb: train_accuracy ▁▁▂▂▂▁▂▂▃▂▂▃▃▃▃▄▃▄▄▄▄▄▅▄▅▅▆▆▆▅▆▇▇▇▇▇█▆██
wandb:     train_loss █▃▂▂▂▁▁▁▁▁▁▁▁▁▁▁▁▁▁▁▁▁▁▁▁▁▁▁▁▁▁▁▁▁▁▁▁▁▁▁
wandb:   val_accuracy ▁▂▃▁▃▂▂▂▄▄▃▃▃▄▄▄▄▃▄▄▅▅▅▅▄▅▅▅▅▆▅▅▆▇▆▇▇▇▇█
wandb:       val_loss █▆▄▃▃▃▃▂▂▂▂▂▂▂▂▂▂▂▂▂▁▁▁▁▁▁▁▁▁▁▁▁▁▁▁▁▁▁▁▁
wandb: 
wandb: Run summary:
wandb:          epoch 100
wandb: train_accuracy 54.04722
wandb:     train_loss 0.68812
wandb:   val_accuracy 52.93225
wandb:       val_loss 0.69053
wandb: 
wandb: 🚀 View run mvp_linear_videomae_v2_vit_giant_16_224_layer_20/trial_0008 at: https://wandb.ai/caselli-niccolo-developer-university-of-amsterdam/probe4physics/runs/ks9vallr
wandb: ⭐️ View project at: https://wandb.ai/caselli-niccolo-developer-university-of-amsterdam/probe4physics
wandb: Synced 4 W&B file(s), 0 media file(s), 0 artifact file(s) and 0 other file(s)
wandb: Find logs at: ./wandb/run-20260505_153635-ks9vallr/logs
[I 2026-05-05 15:36:48,007] Trial 8 pruned. Pruned at epoch 100 with val_accuracy=52.9323
wandb: setting up run tho4xwbx
wandb: Tracking run with wandb version 0.26.1
wandb: Run data is saved locally in /gpfs/home3/scur0511/Probe4Physics/wandb/run-20260505_153649-tho4xwbx
wandb: Run `wandb offline` to turn off syncing.
wandb: Syncing run mvp_linear_videomae_v2_vit_giant_16_224_layer_20/trial_0009
wandb: ⭐️ View project at https://wandb.ai/caselli-niccolo-developer-university-of-amsterdam/probe4physics
wandb: 🚀 View run at https://wandb.ai/caselli-niccolo-developer-university-of-amsterdam/probe4physics/runs/tho4xwbx
[eval.mvp] Starting eval | split_name=val split_dir=data/splits/mvp/full_60_20_20 predictor_mode=from_file annotation_file=data/annotations/mvp_full.jsonl
[eval.mvp] Loaded split assignments | split_pairs=989 split_samples=1978
[eval.mvp] Prepared samples | n_pairs_before_trim=989 n_samples_before_trim=1978 n_pairs_after_trim=989 n_samples_after_trim=1978 max_pairs=0
[eval.mvp] Generated predictions | n_predictions=1978
[eval.mvp] Scoring complete | accuracy=59.1507 pair_consistency=25.9858 n_pairs=989 n_samples=1978
[eval.mvp] Artifacts written | output_dir=artifacts/probes/mvp_probe_linear_videomae_v2_vit_giant_16_224_20260505T132820Z/layer_20/train/trial_0009/val_eval
wandb: updating run metadata
wandb: uploading output.log; uploading wandb-summary.json; uploading config.yaml
wandb: uploading history steps 0-49, summary, console lines 0-6
wandb: 
wandb: Run history:
wandb:          epoch ▁▁▁▁▂▂▂▂▂▃▃▃▃▃▄▄▄▄▄▄▅▅▅▅▅▆▆▆▆▆▆▇▇▇▇▇▇███
wandb: train_accuracy ▁▃▃▂▄▃▄▂▄▆▆▅▆▄▃▅▃▆▆▆▇▆▇▆▇▆▇███▇██▇█▇███▇
wandb:     train_loss █▃▃▄▃▃▂▂▃▃▂▂▂▄▂▄▂▂▂▂▂▂▂▂▂▂▁▁▁▁▁▁▁▁▁▁▁▁▁▂
wandb:   val_accuracy ▂▂▁▄▃▄▄▃▁▆▆▄▂▁▅▃▇▂▇▆▄▂▂▇▄▂▆▇▅█▇▇▅▇▇▇█▇▆▂
wandb:       val_loss ▄▄▆▃▃▂▃▃█▂▂▃▂▅█▂▃▁▅▁▂▄▄▃▃▂▁▃▁▁▁▁▂▂▂▁▁▃▂▆
wandb: 
wandb: Run summary:
wandb:           best_epoch 46
wandb:    best_val_accuracy 59.15066
wandb:        best_val_loss 0.66851
wandb: checkpoint_best_path artifacts/probes/mvp...
wandb: checkpoint_last_path artifacts/probes/mvp...
wandb:      checkpoint_path artifacts/probes/mvp...
wandb:              dataset mvp
wandb:      elapsed_seconds 7.36241
wandb:                epoch 50
wandb:    feature_signature 7c0fab9616b3b517
wandb:                  +22 ...
wandb: 
wandb: 🚀 View run mvp_linear_videomae_v2_vit_giant_16_224_layer_20/trial_0009 at: https://wandb.ai/caselli-niccolo-developer-university-of-amsterdam/probe4physics/runs/tho4xwbx
wandb: ⭐️ View project at: https://wandb.ai/caselli-niccolo-developer-university-of-amsterdam/probe4physics
wandb: Synced 5 W&B file(s), 0 media file(s), 0 artifact file(s) and 0 other file(s)
wandb: Find logs at: ./wandb/run-20260505_153649-tho4xwbx/logs
[I 2026-05-05 15:36:58,929] Trial 9 finished with value: 25.985844287158745 and parameters: {'lr': 0.0007411299781083245, 'weight_decay': 9.669146694016007e-07, 'batch_size': 256, 'epochs': 50}. Best is trial 1 with value: 37.41152679474216.
wandb: setting up run 8te4jlw8
wandb: Tracking run with wandb version 0.26.1
wandb: Run data is saved locally in /gpfs/home3/scur0511/Probe4Physics/wandb/run-20260505_153700-8te4jlw8
wandb: Run `wandb offline` to turn off syncing.
wandb: Syncing run mvp_linear_videomae_v2_vit_giant_16_224_layer_20/trial_0010
wandb: ⭐️ View project at https://wandb.ai/caselli-niccolo-developer-university-of-amsterdam/probe4physics
wandb: 🚀 View run at https://wandb.ai/caselli-niccolo-developer-university-of-amsterdam/probe4physics/runs/8te4jlw8
[eval.mvp] Starting eval | split_name=val split_dir=data/splits/mvp/full_60_20_20 predictor_mode=from_file annotation_file=data/annotations/mvp_full.jsonl
[eval.mvp] Loaded split assignments | split_pairs=989 split_samples=1978
[eval.mvp] Prepared samples | n_pairs_before_trim=989 n_samples_before_trim=1978 n_pairs_after_trim=989 n_samples_after_trim=1978 max_pairs=0
[eval.mvp] Generated predictions | n_predictions=1978
[eval.mvp] Scoring complete | accuracy=65.2679 pair_consistency=38.1193 n_pairs=989 n_samples=1978
[eval.mvp] Artifacts written | output_dir=artifacts/probes/mvp_probe_linear_videomae_v2_vit_giant_16_224_20260505T132820Z/layer_20/train/trial_0010/val_eval
wandb: updating run metadata
wandb: uploading config.yaml; uploading output.log; uploading wandb-summary.json
wandb: 
wandb: Run history:
wandb:          epoch ▁▁▁▁▂▂▂▂▂▂▃▃▃▃▃▃▃▄▄▄▄▄▅▅▅▅▅▅▅▆▆▆▆▇▇▇▇▇██
wandb: train_accuracy ▂▁▃▂▂▂▃▃▃▄▃▄▄▃▅▄▁▆▃▄▅▂▃▃▄▅▅▇▅▃▅▅▄▅▅▆▄▆█▆
wandb:     train_loss ▆▄▂█▅▃▅▇▄▂▄▄▅▁▃▄▃▄▃▂▃▃▅▂▃▂█▄▁▂▁█▃▃▂▅▂▄▂▂
wandb:   val_accuracy ▂▄▄▂▂▃▂▄▁▆▂▂▃▃▇▁▄▄▅▃▃▄▆▅▆▇▆▅▃▅▄█▄▃▁▅▂▆▆▇
wandb:       val_loss ▂▃▄▁▁▂▁▁▃▂▁▁▂▃▃▁█▄▃▂▃▁▃▁▂▂▃▃▇▂▁▃▁▂▃▂▂▃▂▁
wandb: 
wandb: Run summary:
wandb:           best_epoch 94
wandb:    best_val_accuracy 65.26795
wandb:        best_val_loss 0.72049
wandb: checkpoint_best_path artifacts/probes/mvp...
wandb: checkpoint_last_path artifacts/probes/mvp...
wandb:      checkpoint_path artifacts/probes/mvp...
wandb:              dataset mvp
wandb:      elapsed_seconds 16.58259
wandb:                epoch 100
wandb:    feature_signature 7c0fab9616b3b517
wandb:                  +22 ...
wandb: 
wandb: 🚀 View run mvp_linear_videomae_v2_vit_giant_16_224_layer_20/trial_0010 at: https://wandb.ai/caselli-niccolo-developer-university-of-amsterdam/probe4physics/runs/8te4jlw8
wandb: ⭐️ View project at: https://wandb.ai/caselli-niccolo-developer-university-of-amsterdam/probe4physics
wandb: Synced 5 W&B file(s), 0 media file(s), 0 artifact file(s) and 0 other file(s)
wandb: Find logs at: ./wandb/run-20260505_153700-8te4jlw8/logs
[I 2026-05-05 15:37:19,448] Trial 10 finished with value: 38.119312436804854 and parameters: {'lr': 0.008013349589915042, 'weight_decay': 1.086383341945677e-08, 'batch_size': 64, 'epochs': 100}. Best is trial 10 with value: 38.119312436804854.
wandb: setting up run 6z5mg1gp
wandb: Tracking run with wandb version 0.26.1
wandb: Run data is saved locally in /gpfs/home3/scur0511/Probe4Physics/wandb/run-20260505_153721-6z5mg1gp
wandb: Run `wandb offline` to turn off syncing.
wandb: Syncing run mvp_linear_videomae_v2_vit_giant_16_224_layer_20/trial_0011
wandb: ⭐️ View project at https://wandb.ai/caselli-niccolo-developer-university-of-amsterdam/probe4physics
wandb: 🚀 View run at https://wandb.ai/caselli-niccolo-developer-university-of-amsterdam/probe4physics/runs/6z5mg1gp
[eval.mvp] Starting eval | split_name=val split_dir=data/splits/mvp/full_60_20_20 predictor_mode=from_file annotation_file=data/annotations/mvp_full.jsonl
[eval.mvp] Loaded split assignments | split_pairs=989 split_samples=1978
[eval.mvp] Prepared samples | n_pairs_before_trim=989 n_samples_before_trim=1978 n_pairs_after_trim=989 n_samples_after_trim=1978 max_pairs=0
[eval.mvp] Generated predictions | n_predictions=1978
[eval.mvp] Scoring complete | accuracy=63.9029 pair_consistency=34.4793 n_pairs=989 n_samples=1978
[eval.mvp] Artifacts written | output_dir=artifacts/probes/mvp_probe_linear_videomae_v2_vit_giant_16_224_20260505T132820Z/layer_20/train/trial_0011/val_eval
wandb: updating run metadata
wandb: uploading output.log; uploading wandb-summary.json; uploading config.yaml
wandb: 
wandb: Run history:
wandb:          epoch ▁▁▁▁▁▂▂▂▂▂▂▃▃▃▃▄▄▄▄▄▄▄▅▅▅▅▅▆▆▆▆▇▇▇▇▇▇███
wandb: train_accuracy ▁▁▂▃▄▃▃▄▄▅▄▃▄▄▄▄▄▅▅▃▄▅▄▅▅▅▅▆▅▆▆▆▅▄▆▇▅█▇▆
wandb:     train_loss ▇▆▆▅▅▄▃▂▆▃▃▃▅▂▄▅▆▆▂▂▆▄▄▃▂▃▂▂▂▂▅█▂▃▄▂▃▄▁▃
wandb:   val_accuracy ▁▂▄▂▆▆▅▁▂▅▄▄▅▇▂▃▁▃▇▇▁▆▂▁▇▆▄▅▅▂▄▇▇▆▅▅█▇▇▄
wandb:       val_loss ▂▄▁▇▁▄▁▁▁▁▄▄▅▅▁▂▃▃▁▃▁▃▂█▁▃▂▅▅▂▂▂▃▁▄▄▃▁▁▁
wandb: 
wandb: Run summary:
wandb:           best_epoch 93
wandb:    best_val_accuracy 63.90293
wandb:        best_val_loss 0.73926
wandb: checkpoint_best_path artifacts/probes/mvp...
wandb: checkpoint_last_path artifacts/probes/mvp...
wandb:      checkpoint_path artifacts/probes/mvp...
wandb:              dataset mvp
wandb:      elapsed_seconds 16.64186
wandb:                epoch 100
wandb:    feature_signature 7c0fab9616b3b517
wandb:                  +22 ...
wandb: 
wandb: 🚀 View run mvp_linear_videomae_v2_vit_giant_16_224_layer_20/trial_0011 at: https://wandb.ai/caselli-niccolo-developer-university-of-amsterdam/probe4physics/runs/6z5mg1gp
wandb: ⭐️ View project at: https://wandb.ai/caselli-niccolo-developer-university-of-amsterdam/probe4physics
wandb: Synced 5 W&B file(s), 0 media file(s), 0 artifact file(s) and 0 other file(s)
wandb: Find logs at: ./wandb/run-20260505_153721-6z5mg1gp/logs
[I 2026-05-05 15:37:39,691] Trial 11 finished with value: 34.47927199191102 and parameters: {'lr': 0.008296796921936793, 'weight_decay': 1.7074626001153678e-08, 'batch_size': 64, 'epochs': 100}. Best is trial 10 with value: 38.119312436804854.
wandb: setting up run r8saj5s1
wandb: Tracking run with wandb version 0.26.1
wandb: Run data is saved locally in /gpfs/home3/scur0511/Probe4Physics/wandb/run-20260505_153741-r8saj5s1
wandb: Run `wandb offline` to turn off syncing.
wandb: Syncing run mvp_linear_videomae_v2_vit_giant_16_224_layer_20/trial_0012
wandb: ⭐️ View project at https://wandb.ai/caselli-niccolo-developer-university-of-amsterdam/probe4physics
wandb: 🚀 View run at https://wandb.ai/caselli-niccolo-developer-university-of-amsterdam/probe4physics/runs/r8saj5s1
[eval.mvp] Starting eval | split_name=val split_dir=data/splits/mvp/full_60_20_20 predictor_mode=from_file annotation_file=data/annotations/mvp_full.jsonl
[eval.mvp] Loaded split assignments | split_pairs=989 split_samples=1978
[eval.mvp] Prepared samples | n_pairs_before_trim=989 n_samples_before_trim=1978 n_pairs_after_trim=989 n_samples_after_trim=1978 max_pairs=0
[eval.mvp] Generated predictions | n_predictions=1978
[eval.mvp] Scoring complete | accuracy=63.8524 pair_consistency=36.9060 n_pairs=989 n_samples=1978
[eval.mvp] Artifacts written | output_dir=artifacts/probes/mvp_probe_linear_videomae_v2_vit_giant_16_224_20260505T132820Z/layer_20/train/trial_0012/val_eval
wandb: updating run metadata
wandb: uploading history steps 99-99, summary, console lines 0-6
wandb: 
wandb: Run history:
wandb:          epoch ▁▁▁▂▂▂▃▃▃▃▃▃▃▄▄▄▄▄▄▅▅▅▅▅▅▆▆▆▆▆▇▇▇▇▇█████
wandb: train_accuracy ▁▁▁▃▂▂▃▂▂▄▃▃▃▄▅▄▄▆▅▄▃▄▄▄▄▄▄▆▅▄▆▆▅▅▅▆▄▄▆█
wandb:     train_loss ▄▃▃▃▆▄▂▃▅▂▃▄▂█▂▂▄▄▅▄▃▃▃▃▄▃▄▃▂▃▃▆▃▂▂▄▂▂▁▁
wandb:   val_accuracy ▂▃▁▄▆▂▂▇▁▄▅▃▅▆▃▄▂▇▂▇▅▁▆▂▇▄▃█▃▂▆▁▇█▇▂▆▅▅█
wandb:       val_loss ▂▃▄▂▁▅▂▃█▂▁▃▃▂▁▂▃▁▁▃▁▂▃▁▂▂▁▂▁▆▂▃▁▁▁▁▂▁▁▁
wandb: 
wandb: Run summary:
wandb:           best_epoch 100
wandb:    best_val_accuracy 63.85238
wandb:        best_val_loss 0.67726
wandb: checkpoint_best_path artifacts/probes/mvp...
wandb: checkpoint_last_path artifacts/probes/mvp...
wandb:      checkpoint_path artifacts/probes/mvp...
wandb:              dataset mvp
wandb:      elapsed_seconds 16.64774
wandb:                epoch 100
wandb:    feature_signature 7c0fab9616b3b517
wandb:                  +22 ...
wandb: 
wandb: 🚀 View run mvp_linear_videomae_v2_vit_giant_16_224_layer_20/trial_0012 at: https://wandb.ai/caselli-niccolo-developer-university-of-amsterdam/probe4physics/runs/r8saj5s1
wandb: ⭐️ View project at: https://wandb.ai/caselli-niccolo-developer-university-of-amsterdam/probe4physics
wandb: Synced 5 W&B file(s), 0 media file(s), 0 artifact file(s) and 0 other file(s)
wandb: Find logs at: ./wandb/run-20260505_153741-r8saj5s1/logs
[I 2026-05-05 15:38:00,024] Trial 12 finished with value: 36.905965621840245 and parameters: {'lr': 0.007180892821067769, 'weight_decay': 1.051368030362245e-08, 'batch_size': 64, 'epochs': 100}. Best is trial 10 with value: 38.119312436804854.
wandb: setting up run cz577ubb
wandb: Tracking run with wandb version 0.26.1
wandb: Run data is saved locally in /gpfs/home3/scur0511/Probe4Physics/wandb/run-20260505_153801-cz577ubb
wandb: Run `wandb offline` to turn off syncing.
wandb: Syncing run mvp_linear_videomae_v2_vit_giant_16_224_layer_20/trial_0013
wandb: ⭐️ View project at https://wandb.ai/caselli-niccolo-developer-university-of-amsterdam/probe4physics
wandb: 🚀 View run at https://wandb.ai/caselli-niccolo-developer-university-of-amsterdam/probe4physics/runs/cz577ubb
[eval.mvp] Starting eval | split_name=val split_dir=data/splits/mvp/full_60_20_20 predictor_mode=from_file annotation_file=data/annotations/mvp_full.jsonl
[eval.mvp] Loaded split assignments | split_pairs=989 split_samples=1978
[eval.mvp] Prepared samples | n_pairs_before_trim=989 n_samples_before_trim=1978 n_pairs_after_trim=989 n_samples_after_trim=1978 max_pairs=0
[eval.mvp] Generated predictions | n_predictions=1978
[eval.mvp] Scoring complete | accuracy=64.6613 pair_consistency=39.3327 n_pairs=989 n_samples=1978
[eval.mvp] Artifacts written | output_dir=artifacts/probes/mvp_probe_linear_videomae_v2_vit_giant_16_224_20260505T132820Z/layer_20/train/trial_0013/val_eval
wandb: updating run metadata
wandb: uploading output.log; uploading wandb-summary.json; uploading config.yaml
wandb: uploading config.yaml
wandb: 
wandb: Run history:
wandb:          epoch ▁▁▁▁▁▂▂▂▂▂▃▃▃▃▃▃▃▃▄▄▄▄▄▅▅▅▅▅▅▆▆▆▆▆▇▇▇▇██
wandb: train_accuracy ▁▁▂▂▃▃▃▄▄▅▅▅▄▅▅▆▅▆▅▅▆▆▆▆▇▆▆▇█▆▇▆▇▇█▆▇▇▆▇
wandb:     train_loss █▄▄▃▃▃▃▅▃▃▃▃▂▃▅▅▄▃▃▂▃▃▃▂▂▃▃▂▂▂▂▂▂▂▆▂▂▃▁▂
wandb:   val_accuracy ▂▁▄▃▂▃▃▁▄▃▅▆▃▃▇▆▆▆▅▃▃▃▄▂▄▁▇█▇▆▇▄█▄▇▁▆▄▅▂
wandb:       val_loss ▄▁▂▁▂▁▂▂▁▂▃▂▂▁▄▁▁▁▂▂▃▁▄█▁▁▁▁▁▁▄▃▁▃▁▁▇▁▂▁
wandb: 
wandb: Run summary:
wandb:           best_epoch 90
wandb:    best_val_accuracy 64.66127
wandb:        best_val_loss 0.64339
wandb: checkpoint_best_path artifacts/probes/mvp...
wandb: checkpoint_last_path artifacts/probes/mvp...
wandb:      checkpoint_path artifacts/probes/mvp...
wandb:              dataset mvp
wandb:      elapsed_seconds 25.39676
wandb:                epoch 100
wandb:    feature_signature 7c0fab9616b3b517
wandb:                  +22 ...
wandb: 
wandb: 🚀 View run mvp_linear_videomae_v2_vit_giant_16_224_layer_20/trial_0013 at: https://wandb.ai/caselli-niccolo-developer-university-of-amsterdam/probe4physics/runs/cz577ubb
wandb: ⭐️ View project at: https://wandb.ai/caselli-niccolo-developer-university-of-amsterdam/probe4physics
wandb: Synced 5 W&B file(s), 0 media file(s), 0 artifact file(s) and 0 other file(s)
wandb: Find logs at: ./wandb/run-20260505_153801-cz577ubb/logs
[I 2026-05-05 15:38:29,597] Trial 13 finished with value: 39.33265925176946 and parameters: {'lr': 0.0027621039893601378, 'weight_decay': 1.0506494328895403e-07, 'batch_size': 32, 'epochs': 100}. Best is trial 13 with value: 39.33265925176946.
wandb: setting up run 8efcrw96
wandb: Tracking run with wandb version 0.26.1
wandb: Run data is saved locally in /gpfs/home3/scur0511/Probe4Physics/wandb/run-20260505_153831-8efcrw96
wandb: Run `wandb offline` to turn off syncing.
wandb: Syncing run mvp_linear_videomae_v2_vit_giant_16_224_layer_20/trial_0014
wandb: ⭐️ View project at https://wandb.ai/caselli-niccolo-developer-university-of-amsterdam/probe4physics
wandb: 🚀 View run at https://wandb.ai/caselli-niccolo-developer-university-of-amsterdam/probe4physics/runs/8efcrw96
[eval.mvp] Starting eval | split_name=val split_dir=data/splits/mvp/full_60_20_20 predictor_mode=from_file annotation_file=data/annotations/mvp_full.jsonl
[eval.mvp] Loaded split assignments | split_pairs=989 split_samples=1978
[eval.mvp] Prepared samples | n_pairs_before_trim=989 n_samples_before_trim=1978 n_pairs_after_trim=989 n_samples_after_trim=1978 max_pairs=0
[eval.mvp] Generated predictions | n_predictions=1978
[eval.mvp] Scoring complete | accuracy=59.2518 pair_consistency=25.7836 n_pairs=989 n_samples=1978
[eval.mvp] Artifacts written | output_dir=artifacts/probes/mvp_probe_linear_videomae_v2_vit_giant_16_224_20260505T132820Z/layer_20/train/trial_0014/val_eval
wandb: updating run metadata; uploading wandb-metadata.json; uploading requirements.txt
wandb: uploading output.log; uploading wandb-summary.json; uploading config.yaml
wandb: 
wandb: Run history:
wandb:          epoch ▁▁▂▂▂▃▃▄▄▄▅▅▅▆▆▇▇▇██
wandb: train_accuracy ▁▂▂▃▄▅▅▄▄▆▇▇▆▅▆▆███▆
wandb:     train_loss █▃▃▆▂▂▂▃▄▁▁▁▂▄▂▂▂▁▁▂
wandb:   val_accuracy ▁▂▂▂▁▇▃▆▃▇▂▂▁▄▇▅▅▄██
wandb:       val_loss ▅▃▄▃▄▁▃▁▃▁▅█▆▄▃▂▂▃▁▁
wandb: 
wandb: Run summary:
wandb:           best_epoch 20
wandb:    best_val_accuracy 59.25177
wandb:        best_val_loss 0.69453
wandb: checkpoint_best_path artifacts/probes/mvp...
wandb: checkpoint_last_path artifacts/probes/mvp...
wandb:      checkpoint_path artifacts/probes/mvp...
wandb:              dataset mvp
wandb:      elapsed_seconds 5.17036
wandb:                epoch 20
wandb:    feature_signature 7c0fab9616b3b517
wandb:                  +22 ...
wandb: 
wandb: 🚀 View run mvp_linear_videomae_v2_vit_giant_16_224_layer_20/trial_0014 at: https://wandb.ai/caselli-niccolo-developer-university-of-amsterdam/probe4physics/runs/8efcrw96
wandb: ⭐️ View project at: https://wandb.ai/caselli-niccolo-developer-university-of-amsterdam/probe4physics
wandb: Synced 5 W&B file(s), 0 media file(s), 0 artifact file(s) and 0 other file(s)
wandb: Find logs at: ./wandb/run-20260505_153831-8efcrw96/logs
[I 2026-05-05 15:38:38,069] Trial 14 finished with value: 25.783619817997977 and parameters: {'lr': 0.003326095658481692, 'weight_decay': 9.111386332386728e-08, 'batch_size': 64, 'epochs': 20}. Best is trial 13 with value: 39.33265925176946.
wandb: setting up run pwaz5y7u
wandb: Tracking run with wandb version 0.26.1
wandb: Run data is saved locally in /gpfs/home3/scur0511/Probe4Physics/wandb/run-20260505_153840-pwaz5y7u
wandb: Run `wandb offline` to turn off syncing.
wandb: Syncing run mvp_linear_videomae_v2_vit_giant_16_224_layer_20/trial_0015
wandb: ⭐️ View project at https://wandb.ai/caselli-niccolo-developer-university-of-amsterdam/probe4physics
wandb: 🚀 View run at https://wandb.ai/caselli-niccolo-developer-university-of-amsterdam/probe4physics/runs/pwaz5y7u
[eval.mvp] Starting eval | split_name=val split_dir=data/splits/mvp/full_60_20_20 predictor_mode=from_file annotation_file=data/annotations/mvp_full.jsonl
[eval.mvp] Loaded split assignments | split_pairs=989 split_samples=1978
[eval.mvp] Prepared samples | n_pairs_before_trim=989 n_samples_before_trim=1978 n_pairs_after_trim=989 n_samples_after_trim=1978 max_pairs=0
[eval.mvp] Generated predictions | n_predictions=1978
[eval.mvp] Scoring complete | accuracy=64.9141 pair_consistency=38.6249 n_pairs=989 n_samples=1978
[eval.mvp] Artifacts written | output_dir=artifacts/probes/mvp_probe_linear_videomae_v2_vit_giant_16_224_20260505T132820Z/layer_20/train/trial_0015/val_eval
wandb: updating run metadata
wandb: uploading output.log; uploading wandb-summary.json; uploading config.yaml
wandb: 
wandb: Run history:
wandb:          epoch ▁▁▁▁▁▂▂▂▂▂▂▃▃▃▃▃▃▃▃▄▄▄▄▅▅▅▅▅▆▆▆▆▇▇▇▇████
wandb: train_accuracy ▁▁▃▂▄▄▄▄▄▅▅▄▆▅▆▅▅▅▆▆▅▆▆▅▆▆▆▇▆▆▇▆▆█▄▆█▇▆▅
wandb:     train_loss ▆▇▆▄▅▄▅▃▄██▆▄▄▅▂▄▅▃▄▃▂▅▄▂▃▄▁▂▂▂▃▂▂▃▅▂▁▁▂
wandb:   val_accuracy ▁▂▅▄▃▄▅▅▅▃▅▆▅▁▆▆▄▆▄▅▂▇▂▃▂▇▆▆█▄▅▂███▁▃▄▆▇
wandb:       val_loss ▂▂▂▁▁▄▂▂▁▁▁▄▁▁▁▂▃▂▂▂▂█▁▃▁▁▁▁▁▁▂▂▁▂▅▁▁▆▁▂
wandb: 
wandb: Run summary:
wandb:           best_epoch 90
wandb:    best_val_accuracy 64.91405
wandb:        best_val_loss 0.64467
wandb: checkpoint_best_path artifacts/probes/mvp...
wandb: checkpoint_last_path artifacts/probes/mvp...
wandb:      checkpoint_path artifacts/probes/mvp...
wandb:              dataset mvp
wandb:      elapsed_seconds 22.64269
wandb:                epoch 100
wandb:    feature_signature 7c0fab9616b3b517
wandb:                  +22 ...
wandb: 
wandb: 🚀 View run mvp_linear_videomae_v2_vit_giant_16_224_layer_20/trial_0015 at: https://wandb.ai/caselli-niccolo-developer-university-of-amsterdam/probe4physics/runs/pwaz5y7u
wandb: ⭐️ View project at: https://wandb.ai/caselli-niccolo-developer-university-of-amsterdam/probe4physics
wandb: Synced 5 W&B file(s), 0 media file(s), 0 artifact file(s) and 0 other file(s)
wandb: Find logs at: ./wandb/run-20260505_153840-pwaz5y7u/logs
[I 2026-05-05 15:39:04,106] Trial 15 finished with value: 38.624873609706775 and parameters: {'lr': 0.002443232106709188, 'weight_decay': 1.1670388654159439e-05, 'batch_size': 32, 'epochs': 100}. Best is trial 13 with value: 39.33265925176946.
wandb: setting up run o6c8uel1
wandb: Tracking run with wandb version 0.26.1
wandb: Run data is saved locally in /gpfs/home3/scur0511/Probe4Physics/wandb/run-20260505_153905-o6c8uel1
wandb: Run `wandb offline` to turn off syncing.
wandb: Syncing run mvp_linear_videomae_v2_vit_giant_16_224_layer_20/trial_0016
wandb: ⭐️ View project at https://wandb.ai/caselli-niccolo-developer-university-of-amsterdam/probe4physics
wandb: 🚀 View run at https://wandb.ai/caselli-niccolo-developer-university-of-amsterdam/probe4physics/runs/o6c8uel1
[eval.mvp] Starting eval | split_name=val split_dir=data/splits/mvp/full_60_20_20 predictor_mode=from_file annotation_file=data/annotations/mvp_full.jsonl
[eval.mvp] Loaded split assignments | split_pairs=989 split_samples=1978
[eval.mvp] Prepared samples | n_pairs_before_trim=989 n_samples_before_trim=1978 n_pairs_after_trim=989 n_samples_after_trim=1978 max_pairs=0
[eval.mvp] Generated predictions | n_predictions=1978
[eval.mvp] Scoring complete | accuracy=64.5096 pair_consistency=38.4226 n_pairs=989 n_samples=1978
[eval.mvp] Artifacts written | output_dir=artifacts/probes/mvp_probe_linear_videomae_v2_vit_giant_16_224_20260505T132820Z/layer_20/train/trial_0016/val_eval
wandb: updating run metadata
wandb: uploading config.yaml
wandb: 
wandb: Run history:
wandb:          epoch ▁▁▁▁▁▁▂▂▂▂▂▃▃▃▃▄▄▄▄▄▅▅▅▅▅▅▅▆▆▆▆▆▆▇▇▇▇▇▇█
wandb: train_accuracy ▁▁▂▃▃▄▄▅▅▅▅▅▅▅▅▅▆▆▆▅▅▆▆▆▆▆▇▆▆▆▆█▇▆█▇▇▇█▇
wandb:     train_loss █▆▃▄▃▇▄▄▃▄▃▃▂▂▄▃▁▃▂▁▃▄▁▂▂▃▃▂▂▁▃▂▁▁▁▂▂▃▃▁
wandb:   val_accuracy ▁▄▁▁▅▃▂▄▅▆▂▃▅▂▇▆▅▆▆▆▄▂█▂▂▁▇▃▃▆▅▄▃▅▂██▇█▇
wandb:       val_loss █▂▆▂▃▃▁▃▄▂▄▃▂█▄▂▂▃▂▃▃▃▇▁▇▁▅▂▂▅▇▄▂▄▃▂▁▁▁▄
wandb: 
wandb: Run summary:
wandb:           best_epoch 90
wandb:    best_val_accuracy 64.50961
wandb:        best_val_loss 0.64387
wandb: checkpoint_best_path artifacts/probes/mvp...
wandb: checkpoint_last_path artifacts/probes/mvp...
wandb:      checkpoint_path artifacts/probes/mvp...
wandb:              dataset mvp
wandb:      elapsed_seconds 22.38387
wandb:                epoch 100
wandb:    feature_signature 7c0fab9616b3b517
wandb:                  +22 ...
wandb: 
wandb: 🚀 View run mvp_linear_videomae_v2_vit_giant_16_224_layer_20/trial_0016 at: https://wandb.ai/caselli-niccolo-developer-university-of-amsterdam/probe4physics/runs/o6c8uel1
wandb: ⭐️ View project at: https://wandb.ai/caselli-niccolo-developer-university-of-amsterdam/probe4physics
wandb: Synced 5 W&B file(s), 0 media file(s), 0 artifact file(s) and 0 other file(s)
wandb: Find logs at: ./wandb/run-20260505_153905-o6c8uel1/logs
[I 2026-05-05 15:39:30,947] Trial 16 finished with value: 38.42264914054601 and parameters: {'lr': 0.0025272355179584444, 'weight_decay': 2.5980409750843622e-05, 'batch_size': 32, 'epochs': 100}. Best is trial 13 with value: 39.33265925176946.
wandb: setting up run q7o0o4pt
wandb: Tracking run with wandb version 0.26.1
wandb: Run data is saved locally in /gpfs/home3/scur0511/Probe4Physics/wandb/run-20260505_153932-q7o0o4pt
wandb: Run `wandb offline` to turn off syncing.
wandb: Syncing run mvp_linear_videomae_v2_vit_giant_16_224_layer_20/trial_0017
wandb: ⭐️ View project at https://wandb.ai/caselli-niccolo-developer-university-of-amsterdam/probe4physics
wandb: 🚀 View run at https://wandb.ai/caselli-niccolo-developer-university-of-amsterdam/probe4physics/runs/q7o0o4pt
[eval.mvp] Starting eval | split_name=val split_dir=data/splits/mvp/full_60_20_20 predictor_mode=from_file annotation_file=data/annotations/mvp_full.jsonl
[eval.mvp] Loaded split assignments | split_pairs=989 split_samples=1978
[eval.mvp] Prepared samples | n_pairs_before_trim=989 n_samples_before_trim=1978 n_pairs_after_trim=989 n_samples_after_trim=1978 max_pairs=0
[eval.mvp] Generated predictions | n_predictions=1978
[eval.mvp] Scoring complete | accuracy=65.2174 pair_consistency=38.5238 n_pairs=989 n_samples=1978
[eval.mvp] Artifacts written | output_dir=artifacts/probes/mvp_probe_linear_videomae_v2_vit_giant_16_224_20260505T132820Z/layer_20/train/trial_0017/val_eval
wandb: updating run metadata
wandb: uploading output.log; uploading wandb-summary.json; uploading config.yaml
wandb: 
wandb: Run history:
wandb:          epoch ▁▁▁▁▂▂▂▂▂▃▃▃▃▃▃▄▄▅▅▅▅▅▅▅▅▆▆▆▆▆▇▇▇▇▇▇████
wandb: train_accuracy ▁▂▂▂▃▃▄▄▄▄▄▅▅▅▆▅▅▅▅▆▅▇▇▇▆▆▇▇▆▇█▇▇▇▇█▇▇█▇
wandb:     train_loss ▆▅▅▃▃▄█▃▃▄▃▃▃▃▅▆▃▅▄▃▂▄▃▂▅▂▁▃▃▃▃▁▂▃▁▃▃▂▅▂
wandb:   val_accuracy ▁▄▄▅▅▅▅▃▃▂▄▃▄▆▆▅▁▃▄▄▅▅▆▅▅▆▇▅▃▄▅▆▇▃▇▇▆█▁▅
wandb:       val_loss ▄▂▃▁▁▁▂▃▁▁▂▁▁▁▅▂▂▁▃▂▄▁█▁▁▂▂▁▃▂▁▃▃▂▁▁▂▁▂▁
wandb: 
wandb: Run summary:
wandb:           best_epoch 90
wandb:    best_val_accuracy 65.21739
wandb:        best_val_loss 0.66022
wandb: checkpoint_best_path artifacts/probes/mvp...
wandb: checkpoint_last_path artifacts/probes/mvp...
wandb:      checkpoint_path artifacts/probes/mvp...
wandb:              dataset mvp
wandb:      elapsed_seconds 22.65429
wandb:                epoch 100
wandb:    feature_signature 7c0fab9616b3b517
wandb:                  +22 ...
wandb: 
wandb: 🚀 View run mvp_linear_videomae_v2_vit_giant_16_224_layer_20/trial_0017 at: https://wandb.ai/caselli-niccolo-developer-university-of-amsterdam/probe4physics/runs/q7o0o4pt
wandb: ⭐️ View project at: https://wandb.ai/caselli-niccolo-developer-university-of-amsterdam/probe4physics
wandb: Synced 5 W&B file(s), 0 media file(s), 0 artifact file(s) and 0 other file(s)
wandb: Find logs at: ./wandb/run-20260505_153932-q7o0o4pt/logs
[I 2026-05-05 15:39:57,188] Trial 17 finished with value: 38.52376137512639 and parameters: {'lr': 0.0034752685500732045, 'weight_decay': 5.4860547805966015e-06, 'batch_size': 32, 'epochs': 100}. Best is trial 13 with value: 39.33265925176946.
wandb: setting up run dc6iapby
wandb: Tracking run with wandb version 0.26.1
wandb: Run data is saved locally in /gpfs/home3/scur0511/Probe4Physics/wandb/run-20260505_153958-dc6iapby
wandb: Run `wandb offline` to turn off syncing.
wandb: Syncing run mvp_linear_videomae_v2_vit_giant_16_224_layer_20/trial_0018
wandb: ⭐️ View project at https://wandb.ai/caselli-niccolo-developer-university-of-amsterdam/probe4physics
wandb: 🚀 View run at https://wandb.ai/caselli-niccolo-developer-university-of-amsterdam/probe4physics/runs/dc6iapby
[eval.mvp] Starting eval | split_name=val split_dir=data/splits/mvp/full_60_20_20 predictor_mode=from_file annotation_file=data/annotations/mvp_full.jsonl
[eval.mvp] Loaded split assignments | split_pairs=989 split_samples=1978
[eval.mvp] Prepared samples | n_pairs_before_trim=989 n_samples_before_trim=1978 n_pairs_after_trim=989 n_samples_after_trim=1978 max_pairs=0
[eval.mvp] Generated predictions | n_predictions=1978
[eval.mvp] Scoring complete | accuracy=54.3984 pair_consistency=18.9080 n_pairs=989 n_samples=1978
[eval.mvp] Artifacts written | output_dir=artifacts/probes/mvp_probe_linear_videomae_v2_vit_giant_16_224_20260505T132820Z/layer_20/train/trial_0018/val_eval
wandb: updating run metadata
wandb: uploading history steps 0-19, summary, console lines 0-6
wandb: 
wandb: Run history:
wandb:          epoch ▁▁▂▂▂▃▃▄▄▄▅▅▅▆▆▇▇▇██
wandb: train_accuracy ▁▃▃▃▄▄▄▄▄▅▄▅▅▅▆▆▅▇█▇
wandb:     train_loss █▃▃▂▂▂▂▂▂▂▂▁▂▂▁▁▁▁▁▁
wandb:   val_accuracy ▁▃▁▃▂▃▆▅▃▃▃▅▄▅█▇▆▅█▇
wandb:       val_loss █▆▅▅▄▄▃▃▄▄▄▃▅▂▁▁▃▂▁▁
wandb: 
wandb: Run summary:
wandb:           best_epoch 15
wandb:    best_val_accuracy 54.39838
wandb:        best_val_loss 0.68805
wandb: checkpoint_best_path artifacts/probes/mvp...
wandb: checkpoint_last_path artifacts/probes/mvp...
wandb:      checkpoint_path artifacts/probes/mvp...
wandb:              dataset mvp
wandb:      elapsed_seconds 6.33072
wandb:                epoch 20
wandb:    feature_signature 7c0fab9616b3b517
wandb:                  +22 ...
wandb: 
wandb: 🚀 View run mvp_linear_videomae_v2_vit_giant_16_224_layer_20/trial_0018 at: https://wandb.ai/caselli-niccolo-developer-university-of-amsterdam/probe4physics/runs/dc6iapby
wandb: ⭐️ View project at: https://wandb.ai/caselli-niccolo-developer-university-of-amsterdam/probe4physics
wandb: Synced 5 W&B file(s), 0 media file(s), 0 artifact file(s) and 0 other file(s)
wandb: Find logs at: ./wandb/run-20260505_153958-dc6iapby/logs
[I 2026-05-05 15:40:07,148] Trial 18 finished with value: 18.90798786653185 and parameters: {'lr': 4.720845304099489e-05, 'weight_decay': 9.559574710535277e-05, 'batch_size': 32, 'epochs': 20}. Best is trial 13 with value: 39.33265925176946.
wandb: setting up run b0klrqqo
wandb: Tracking run with wandb version 0.26.1
wandb: Run data is saved locally in /gpfs/home3/scur0511/Probe4Physics/wandb/run-20260505_154008-b0klrqqo
wandb: Run `wandb offline` to turn off syncing.
wandb: Syncing run mvp_linear_videomae_v2_vit_giant_16_224_layer_20/trial_0019
wandb: ⭐️ View project at https://wandb.ai/caselli-niccolo-developer-university-of-amsterdam/probe4physics
wandb: 🚀 View run at https://wandb.ai/caselli-niccolo-developer-university-of-amsterdam/probe4physics/runs/b0klrqqo
[eval.mvp] Starting eval | split_name=val split_dir=data/splits/mvp/full_60_20_20 predictor_mode=from_file annotation_file=data/annotations/mvp_full.jsonl
[eval.mvp] Loaded split assignments | split_pairs=989 split_samples=1978
[eval.mvp] Prepared samples | n_pairs_before_trim=989 n_samples_before_trim=1978 n_pairs_after_trim=989 n_samples_after_trim=1978 max_pairs=0
[eval.mvp] Generated predictions | n_predictions=1978
[eval.mvp] Scoring complete | accuracy=64.1052 pair_consistency=36.8049 n_pairs=989 n_samples=1978
[eval.mvp] Artifacts written | output_dir=artifacts/probes/mvp_probe_linear_videomae_v2_vit_giant_16_224_20260505T132820Z/layer_20/train/trial_0019/val_eval
wandb: updating run metadata
wandb: uploading config.yaml; uploading output.log; uploading wandb-summary.json
wandb: 
wandb: Run history:
wandb:          epoch ▁▁▁▁▂▂▂▂▂▃▃▃▃▃▃▄▄▄▄▄▄▄▄▅▅▅▅▅▆▆▆▆▆▆▆▇▇▇▇█
wandb: train_accuracy ▁▂▂▂▃▄▄▄▆▅▅▆▅▅▇▆▇▇▅▆▇▆▇█▇█▇▇▇▇▇▇█▇▇██▇██
wandb:     train_loss █▆▅▄▅▅▅▄▄▃▃▅▃▅▃▃▄▃▂▂▃▂▃▄▂▃▄▄▃▄▂▄▄▃▂▁▁▄▃▁
wandb:   val_accuracy ▂▁▅▄▃▃▂▆▅▇▃▃▆▆▆▆▆▂▄▅▆▇▄▅▃▁▇▅▆▆▁▇▇▅▆▂▅▄█▅
wandb:       val_loss ▁▃▂▂▂▂▁▂▁▄▁▂▂▁▁▃▁▃▁▂▃▁▁█▂▁▁▂▃▅▁▁▁▄▂▁▂▃▁▂
wandb: 
wandb: Run summary:
wandb:           best_epoch 82
wandb:    best_val_accuracy 64.10516
wandb:        best_val_loss 0.64345
wandb: checkpoint_best_path artifacts/probes/mvp...
wandb: checkpoint_last_path artifacts/probes/mvp...
wandb:      checkpoint_path artifacts/probes/mvp...
wandb:              dataset mvp
wandb:      elapsed_seconds 22.54678
wandb:                epoch 100
wandb:    feature_signature 7c0fab9616b3b517
wandb:                  +22 ...
wandb: 
wandb: 🚀 View run mvp_linear_videomae_v2_vit_giant_16_224_layer_20/trial_0019 at: https://wandb.ai/caselli-niccolo-developer-university-of-amsterdam/probe4physics/runs/b0klrqqo
wandb: ⭐️ View project at: https://wandb.ai/caselli-niccolo-developer-university-of-amsterdam/probe4physics
wandb: Synced 5 W&B file(s), 0 media file(s), 0 artifact file(s) and 0 other file(s)
wandb: Find logs at: ./wandb/run-20260505_154008-b0klrqqo/logs
[I 2026-05-05 15:40:33,658] Trial 19 finished with value: 36.804853387259854 and parameters: {'lr': 0.0015470504932079173, 'weight_decay': 0.000369960521744469, 'batch_size': 32, 'epochs': 100}. Best is trial 13 with value: 39.33265925176946.
[eval.mvp] Starting eval | split_name=train split_dir=data/splits/mvp/full_60_20_20 predictor_mode=from_file annotation_file=data/annotations/mvp_full.jsonl
[eval.mvp] Loaded split assignments | split_pairs=2965 split_samples=5930
[eval.mvp] Prepared samples | n_pairs_before_trim=2965 n_samples_before_trim=5930 n_pairs_after_trim=2965 n_samples_after_trim=5930 max_pairs=0
[eval.mvp] Generated predictions | n_predictions=5930
[eval.mvp] Scoring complete | accuracy=68.5160 pair_consistency=44.3170 n_pairs=2965 n_samples=5930
[eval.mvp] Artifacts written | output_dir=artifacts/probes/mvp_probe_linear_videomae_v2_vit_giant_16_224_20260505T132820Z/layer_20/eval/train
[eval.mvp] Starting eval | split_name=val split_dir=data/splits/mvp/full_60_20_20 predictor_mode=from_file annotation_file=data/annotations/mvp_full.jsonl
[eval.mvp] Loaded split assignments | split_pairs=989 split_samples=1978
[eval.mvp] Prepared samples | n_pairs_before_trim=989 n_samples_before_trim=1978 n_pairs_after_trim=989 n_samples_after_trim=1978 max_pairs=0
[eval.mvp] Generated predictions | n_predictions=1978
[eval.mvp] Scoring complete | accuracy=64.6613 pair_consistency=39.3327 n_pairs=989 n_samples=1978
[eval.mvp] Artifacts written | output_dir=artifacts/probes/mvp_probe_linear_videomae_v2_vit_giant_16_224_20260505T132820Z/layer_20/eval/val
[eval.mvp] Starting eval | split_name=test split_dir=data/splits/mvp/full_60_20_20 predictor_mode=from_file annotation_file=data/annotations/mvp_full.jsonl
[eval.mvp] Loaded split assignments | split_pairs=989 split_samples=1978
[eval.mvp] Prepared samples | n_pairs_before_trim=989 n_samples_before_trim=1978 n_pairs_after_trim=989 n_samples_after_trim=1978 max_pairs=0
[eval.mvp] Generated predictions | n_predictions=1978
[eval.mvp] Scoring complete | accuracy=64.8635 pair_consistency=38.6249 n_pairs=989 n_samples=1978
[eval.mvp] Artifacts written | output_dir=artifacts/probes/mvp_probe_linear_videomae_v2_vit_giant_16_224_20260505T132820Z/layer_20/eval/test
[I 2026-05-05 15:40:38,219] A new study created in RDB with name: mvp_linear_videomae_v2_vit_giant_16_224_layer_30
wandb: setting up run zp1e159p
wandb: Tracking run with wandb version 0.26.1
wandb: Run data is saved locally in /gpfs/home3/scur0511/Probe4Physics/wandb/run-20260505_154040-zp1e159p
wandb: Run `wandb offline` to turn off syncing.
wandb: Syncing run mvp_linear_videomae_v2_vit_giant_16_224_layer_30/trial_0000
wandb: ⭐️ View project at https://wandb.ai/caselli-niccolo-developer-university-of-amsterdam/probe4physics
wandb: 🚀 View run at https://wandb.ai/caselli-niccolo-developer-university-of-amsterdam/probe4physics/runs/zp1e159p
[eval.mvp] Starting eval | split_name=val split_dir=data/splits/mvp/full_60_20_20 predictor_mode=from_file annotation_file=data/annotations/mvp_full.jsonl
[eval.mvp] Loaded split assignments | split_pairs=989 split_samples=1978
[eval.mvp] Prepared samples | n_pairs_before_trim=989 n_samples_before_trim=1978 n_pairs_after_trim=989 n_samples_after_trim=1978 max_pairs=0
[eval.mvp] Generated predictions | n_predictions=1978
[eval.mvp] Scoring complete | accuracy=60.5662 pair_consistency=29.1203 n_pairs=989 n_samples=1978
[eval.mvp] Artifacts written | output_dir=artifacts/probes/mvp_probe_linear_videomae_v2_vit_giant_16_224_20260505T132820Z/layer_30/train/trial_0000/val_eval
wandb: updating run metadata
wandb: uploading output.log; uploading wandb-summary.json; uploading config.yaml
wandb: 
wandb: Run history:
wandb:          epoch ▁▁▁▂▂▂▂▂▂▃▃▃▃▃▃▄▄▄▄▄▅▅▅▅▅▅▆▆▆▆▆▆▇▇▇▇▇███
wandb: train_accuracy ▁▃▂▂▃▄▄▅▄▄▅▅▅▄▅▅▆▇▆▆▆▇▇▇▇▆▇▇▇▇▇▆██▇█▇███
wandb:     train_loss █▅▄▄▄▃▃▃▄▃▃▃▃▃▃▃▂▂▂▂▃▂▂▂▂▂▂▂▂▁▂▂▁▁▁▁▁▁▁▁
wandb:   val_accuracy ▂▂▂▃▂▅▁▄▂▅▃▂▁▄▄▃▄▇▅▂▇▃▇▇▇▃▂▄█▆▇▇▇▄██▆▅▇▇
wandb:       val_loss ▄▄▄▃▄▃▃▃▆▃▂▂▃▃█▃▄▃▂▂▂▂▃▂▂▄▄▃▁▂▂▂▁▃▁▁▂▂▁▁
wandb: 
wandb: Run summary:
wandb:           best_epoch 45
wandb:    best_val_accuracy 60.56623
wandb:        best_val_loss 0.66604
wandb: checkpoint_best_path artifacts/probes/mvp...
wandb: checkpoint_last_path artifacts/probes/mvp...
wandb:      checkpoint_path artifacts/probes/mvp...
wandb:              dataset mvp
wandb:      elapsed_seconds 12.37072
wandb:                epoch 50
wandb:    feature_signature 7c0fab9616b3b517
wandb:                  +22 ...
wandb: 
wandb: 🚀 View run mvp_linear_videomae_v2_vit_giant_16_224_layer_30/trial_0000 at: https://wandb.ai/caselli-niccolo-developer-university-of-amsterdam/probe4physics/runs/zp1e159p
wandb: ⭐️ View project at: https://wandb.ai/caselli-niccolo-developer-university-of-amsterdam/probe4physics
wandb: Synced 5 W&B file(s), 0 media file(s), 0 artifact file(s) and 0 other file(s)
wandb: Find logs at: ./wandb/run-20260505_154040-zp1e159p/logs
[I 2026-05-05 15:40:53,954] Trial 0 finished with value: 29.120323559150656 and parameters: {'lr': 0.0001329291894316216, 'weight_decay': 0.005061576888752304, 'batch_size': 32, 'epochs': 50}. Best is trial 0 with value: 29.120323559150656.
wandb: setting up run amu3riia
wandb: Tracking run with wandb version 0.26.1
wandb: Run data is saved locally in /gpfs/home3/scur0511/Probe4Physics/wandb/run-20260505_154055-amu3riia
wandb: Run `wandb offline` to turn off syncing.
wandb: Syncing run mvp_linear_videomae_v2_vit_giant_16_224_layer_30/trial_0001
wandb: ⭐️ View project at https://wandb.ai/caselli-niccolo-developer-university-of-amsterdam/probe4physics
wandb: 🚀 View run at https://wandb.ai/caselli-niccolo-developer-university-of-amsterdam/probe4physics/runs/amu3riia
[eval.mvp] Starting eval | split_name=val split_dir=data/splits/mvp/full_60_20_20 predictor_mode=from_file annotation_file=data/annotations/mvp_full.jsonl
[eval.mvp] Loaded split assignments | split_pairs=989 split_samples=1978
[eval.mvp] Prepared samples | n_pairs_before_trim=989 n_samples_before_trim=1978 n_pairs_after_trim=989 n_samples_after_trim=1978 max_pairs=0
[eval.mvp] Generated predictions | n_predictions=1978
[eval.mvp] Scoring complete | accuracy=62.8413 pair_consistency=33.7715 n_pairs=989 n_samples=1978
[eval.mvp] Artifacts written | output_dir=artifacts/probes/mvp_probe_linear_videomae_v2_vit_giant_16_224_20260505T132820Z/layer_30/train/trial_0001/val_eval
wandb: updating run metadata
wandb: uploading history steps 76-99, summary, console lines 0-6
wandb: 
wandb: Run history:
wandb:          epoch ▁▁▁▁▂▂▂▂▂▂▃▃▃▃▃▄▄▄▄▄▅▅▅▅▅▆▆▆▆▆▇▇▇▇▇▇▇███
wandb: train_accuracy ▁▂▃▄▃▅▄▄▅▅▆▆▆▅▆▆▅▆▇▆▆▇▆▇▇██▆▆▇█▆▇█▇██▇▇█
wandb:     train_loss █▅▅▄▅▆▅▅▃▄▄▂▄▃▄▄▃▃▃▃▃▄▂▅▂▄▂▅▂▂▃▁▃▄▃▂▂▁▁▂
wandb:   val_accuracy ▁▂▂▃▄▃▄▄▆▁▃▆▂▁▅▇▆▄▆▇▆▇▁▆▆▁▇▆▇▅▅▇▃▃▇▂▃█▃▆
wandb:       val_loss ▄▂▂▂▄▂▆▂▂▂▂▂▁▁▁▁▄▃▁▁▁▁▁█▂▁▂▁▁▂▆▁▂▂▄▃▅▁▃▂
wandb: 
wandb: Run summary:
wandb:           best_epoch 94
wandb:    best_val_accuracy 62.84125
wandb:        best_val_loss 0.64618
wandb: checkpoint_best_path artifacts/probes/mvp...
wandb: checkpoint_last_path artifacts/probes/mvp...
wandb:      checkpoint_path artifacts/probes/mvp...
wandb:              dataset mvp
wandb:      elapsed_seconds 22.54738
wandb:                epoch 100
wandb:    feature_signature 7c0fab9616b3b517
wandb:                  +22 ...
wandb: 
wandb: 🚀 View run mvp_linear_videomae_v2_vit_giant_16_224_layer_30/trial_0001 at: https://wandb.ai/caselli-niccolo-developer-university-of-amsterdam/probe4physics/runs/amu3riia
wandb: ⭐️ View project at: https://wandb.ai/caselli-niccolo-developer-university-of-amsterdam/probe4physics
wandb: Synced 5 W&B file(s), 0 media file(s), 0 artifact file(s) and 0 other file(s)
wandb: Find logs at: ./wandb/run-20260505_154055-amu3riia/logs
[I 2026-05-05 15:41:20,162] Trial 1 finished with value: 33.77148634984833 and parameters: {'lr': 0.001331121608073689, 'weight_decay': 1.328944872286916e-08, 'batch_size': 32, 'epochs': 100}. Best is trial 1 with value: 33.77148634984833.
wandb: setting up run 5mfac7wo
wandb: Tracking run with wandb version 0.26.1
wandb: Run data is saved locally in /gpfs/home3/scur0511/Probe4Physics/wandb/run-20260505_154121-5mfac7wo
wandb: Run `wandb offline` to turn off syncing.
wandb: Syncing run mvp_linear_videomae_v2_vit_giant_16_224_layer_30/trial_0002
wandb: ⭐️ View project at https://wandb.ai/caselli-niccolo-developer-university-of-amsterdam/probe4physics
wandb: 🚀 View run at https://wandb.ai/caselli-niccolo-developer-university-of-amsterdam/probe4physics/runs/5mfac7wo
[eval.mvp] Starting eval | split_name=val split_dir=data/splits/mvp/full_60_20_20 predictor_mode=from_file annotation_file=data/annotations/mvp_full.jsonl
[eval.mvp] Loaded split assignments | split_pairs=989 split_samples=1978
[eval.mvp] Prepared samples | n_pairs_before_trim=989 n_samples_before_trim=1978 n_pairs_after_trim=989 n_samples_after_trim=1978 max_pairs=0
[eval.mvp] Generated predictions | n_predictions=1978
[eval.mvp] Scoring complete | accuracy=61.1729 pair_consistency=30.6370 n_pairs=989 n_samples=1978
[eval.mvp] Artifacts written | output_dir=artifacts/probes/mvp_probe_linear_videomae_v2_vit_giant_16_224_20260505T132820Z/layer_30/train/trial_0002/val_eval
wandb: updating run metadata
wandb: uploading output.log; uploading wandb-summary.json; uploading config.yaml
wandb: 
wandb: Run history:
wandb:          epoch ▁▁▁▁▂▂▂▂▂▂▃▃▃▃▃▄▄▄▄▄▅▅▅▅▅▅▆▆▆▆▆▇▇▇▇▇▇███
wandb: train_accuracy ▁▃▃▃▄▃▄▅▃▅▆▅▆▅▇▅▇▇▇▆▇▇▇▆▇▇███▇▆▇▇████▇██
wandb:     train_loss █▅▅▅▄▄▄▅▃▃▃▃▄▂▃▂▃▂▂▃▂▂▂▂▂▂▂▂▂▁▁▂▁▁▁▁▁▂▁▁
wandb:   val_accuracy ▂▂▃▂▄▅▂▂▄▂▆▆▃▁▅▇▂▂▅▄▆▃▇▇▆▆▃█▇▆▅▆▅▃▆█▃███
wandb:       val_loss ▄▄▄▃▄▄▃▄▅▃▃▂▃█▂▂▅▅▂▂▂▂▄▂▁▃▂▃▁▂▃▂▂▂▂▁▃▁▁▁
wandb: 
wandb: Run summary:
wandb:           best_epoch 45
wandb:    best_val_accuracy 61.1729
wandb:        best_val_loss 0.66065
wandb: checkpoint_best_path artifacts/probes/mvp...
wandb: checkpoint_last_path artifacts/probes/mvp...
wandb:      checkpoint_path artifacts/probes/mvp...
wandb:              dataset mvp
wandb:      elapsed_seconds 12.47207
wandb:                epoch 50
wandb:    feature_signature 7c0fab9616b3b517
wandb:                  +22 ...
wandb: 
wandb: 🚀 View run mvp_linear_videomae_v2_vit_giant_16_224_layer_30/trial_0002 at: https://wandb.ai/caselli-niccolo-developer-university-of-amsterdam/probe4physics/runs/5mfac7wo
wandb: ⭐️ View project at: https://wandb.ai/caselli-niccolo-developer-university-of-amsterdam/probe4physics
wandb: Synced 5 W&B file(s), 0 media file(s), 0 artifact file(s) and 0 other file(s)
wandb: Find logs at: ./wandb/run-20260505_154121-5mfac7wo/logs
[I 2026-05-05 15:41:36,533] Trial 2 finished with value: 30.63700707785642 and parameters: {'lr': 0.00019762189340280086, 'weight_decay': 5.589524205217922e-07, 'batch_size': 32, 'epochs': 50}. Best is trial 1 with value: 33.77148634984833.
wandb: setting up run jq5s5yeb
wandb: Tracking run with wandb version 0.26.1
wandb: Run data is saved locally in /gpfs/home3/scur0511/Probe4Physics/wandb/run-20260505_154138-jq5s5yeb
wandb: Run `wandb offline` to turn off syncing.
wandb: Syncing run mvp_linear_videomae_v2_vit_giant_16_224_layer_30/trial_0003
wandb: ⭐️ View project at https://wandb.ai/caselli-niccolo-developer-university-of-amsterdam/probe4physics
wandb: 🚀 View run at https://wandb.ai/caselli-niccolo-developer-university-of-amsterdam/probe4physics/runs/jq5s5yeb
[eval.mvp] Starting eval | split_name=val split_dir=data/splits/mvp/full_60_20_20 predictor_mode=from_file annotation_file=data/annotations/mvp_full.jsonl
[eval.mvp] Loaded split assignments | split_pairs=989 split_samples=1978
[eval.mvp] Prepared samples | n_pairs_before_trim=989 n_samples_before_trim=1978 n_pairs_after_trim=989 n_samples_after_trim=1978 max_pairs=0
[eval.mvp] Generated predictions | n_predictions=1978
[eval.mvp] Scoring complete | accuracy=60.7685 pair_consistency=30.4348 n_pairs=989 n_samples=1978
[eval.mvp] Artifacts written | output_dir=artifacts/probes/mvp_probe_linear_videomae_v2_vit_giant_16_224_20260505T132820Z/layer_30/train/trial_0003/val_eval
wandb: updating run metadata
wandb: uploading output.log; uploading wandb-summary.json; uploading config.yaml
wandb: 
wandb: Run history:
wandb:          epoch ▁▁▁▁▂▂▂▂▂▂▃▃▃▃▃▄▄▄▄▄▅▅▅▅▅▅▆▆▆▆▆▇▇▇▇▇▇███
wandb: train_accuracy ▁▂▃▂▃▃▃▄▄▄▄▆▅▅▅▆▅▅▇▆▄▆▇▆▇▆▆▆▅▅▇▆▇█▇▆█▇█▇
wandb:     train_loss █▄▄▄▃▄▃▃▄▃▄▂▂▂▃▂▃▃▂▂▂▂▂▂▁▃▂▂▃▂▂▂▂▁▂▃▁▁▁▂
wandb:   val_accuracy ▁▂▃▄▂▃▃▅▂▅▃▃▄▁▂▇▇▁▇▆▆▇▇▃▄█▁▁▇▆▇█▇▆▅██▅▇▇
wandb:       val_loss ▄▄▄▃▃▃▃▂▄▃▃▃▃▅▄▂▂▅▂▂▂▂▂▃▃▁█▅▆▁▂▁▁▂▂▁▁▂▁▁
wandb: 
wandb: Run summary:
wandb:           best_epoch 31
wandb:    best_val_accuracy 60.76845
wandb:        best_val_loss 0.6658
wandb: checkpoint_best_path artifacts/probes/mvp...
wandb: checkpoint_last_path artifacts/probes/mvp...
wandb:      checkpoint_path artifacts/probes/mvp...
wandb:              dataset mvp
wandb:      elapsed_seconds 9.49626
wandb:                epoch 50
wandb:    feature_signature 7c0fab9616b3b517
wandb:                  +22 ...
wandb: 
wandb: 🚀 View run mvp_linear_videomae_v2_vit_giant_16_224_layer_30/trial_0003 at: https://wandb.ai/caselli-niccolo-developer-university-of-amsterdam/probe4physics/runs/jq5s5yeb
wandb: ⭐️ View project at: https://wandb.ai/caselli-niccolo-developer-university-of-amsterdam/probe4physics
wandb: Synced 5 W&B file(s), 0 media file(s), 0 artifact file(s) and 0 other file(s)
wandb: Find logs at: ./wandb/run-20260505_154138-jq5s5yeb/logs
[I 2026-05-05 15:41:49,325] Trial 3 finished with value: 30.434782608695656 and parameters: {'lr': 0.0003489018845491386, 'weight_decay': 3.5849855803404713e-05, 'batch_size': 64, 'epochs': 50}. Best is trial 1 with value: 33.77148634984833.
wandb: setting up run 1nds3yll
wandb: Tracking run with wandb version 0.26.1
wandb: Run data is saved locally in /gpfs/home3/scur0511/Probe4Physics/wandb/run-20260505_154151-1nds3yll
wandb: Run `wandb offline` to turn off syncing.
wandb: Syncing run mvp_linear_videomae_v2_vit_giant_16_224_layer_30/trial_0004
wandb: ⭐️ View project at https://wandb.ai/caselli-niccolo-developer-university-of-amsterdam/probe4physics
wandb: 🚀 View run at https://wandb.ai/caselli-niccolo-developer-university-of-amsterdam/probe4physics/runs/1nds3yll
[eval.mvp] Starting eval | split_name=val split_dir=data/splits/mvp/full_60_20_20 predictor_mode=from_file annotation_file=data/annotations/mvp_full.jsonl
[eval.mvp] Loaded split assignments | split_pairs=989 split_samples=1978
[eval.mvp] Prepared samples | n_pairs_before_trim=989 n_samples_before_trim=1978 n_pairs_after_trim=989 n_samples_after_trim=1978 max_pairs=0
[eval.mvp] Generated predictions | n_predictions=1978
[eval.mvp] Scoring complete | accuracy=59.6562 pair_consistency=27.0981 n_pairs=989 n_samples=1978
[eval.mvp] Artifacts written | output_dir=artifacts/probes/mvp_probe_linear_videomae_v2_vit_giant_16_224_20260505T132820Z/layer_30/train/trial_0004/val_eval
wandb: updating run metadata
wandb: uploading output.log; uploading wandb-summary.json; uploading config.yaml
wandb: uploading history steps 0-49, summary, console lines 0-6
wandb: 
wandb: Run history:
wandb:          epoch ▁▁▁▁▂▂▂▂▂▃▃▃▃▃▄▄▄▄▄▄▅▅▅▅▅▆▆▆▆▆▆▇▇▇▇▇▇███
wandb: train_accuracy ▁▂▂▂▃▃▃▄▄▃▄▅▅▄▅▆▆▅▇▆▅▇▇▇▇▇▇▅▅▇▆▆▇█▇▇█▇█▇
wandb:     train_loss █▄▄▃▃▃▃▃▃▃▃▂▂▂▂▂▂▂▂▂▂▂▂▂▂▂▂▂▂▂▂▂▂▁▁▁▂▁▁▁
wandb:   val_accuracy ▂▁▂▃▂▄▃▁▄▅▄▃▃▁▄▆▁▆▆▇▅▅▇▇▇▄▂▃▅▆▇██▆▇██▇▇▅
wandb:       val_loss ▆▆▅▄█▄▄▇▄▃▃▄▄▆▃▂█▂▂▂▂▂▃▂▂▂▄▄▄▃▂▁▁▁▂▃▁▁▁▂
wandb: 
wandb: Run summary:
wandb:           best_epoch 46
wandb:    best_val_accuracy 59.65622
wandb:        best_val_loss 0.67144
wandb: checkpoint_best_path artifacts/probes/mvp...
wandb: checkpoint_last_path artifacts/probes/mvp...
wandb:      checkpoint_path artifacts/probes/mvp...
wandb:              dataset mvp
wandb:      elapsed_seconds 12.66001
wandb:                epoch 50
wandb:    feature_signature 7c0fab9616b3b517
wandb:                  +22 ...
wandb: 
wandb: 🚀 View run mvp_linear_videomae_v2_vit_giant_16_224_layer_30/trial_0004 at: https://wandb.ai/caselli-niccolo-developer-university-of-amsterdam/probe4physics/runs/1nds3yll
wandb: ⭐️ View project at: https://wandb.ai/caselli-niccolo-developer-university-of-amsterdam/probe4physics
wandb: Synced 5 W&B file(s), 0 media file(s), 0 artifact file(s) and 0 other file(s)
wandb: Find logs at: ./wandb/run-20260505_154151-1nds3yll/logs
[I 2026-05-05 15:42:05,640] Trial 4 finished with value: 27.098078867542974 and parameters: {'lr': 8.200518402245828e-05, 'weight_decay': 3.855073690026179e-08, 'batch_size': 32, 'epochs': 50}. Best is trial 1 with value: 33.77148634984833.
wandb: setting up run 850ey93o
wandb: Tracking run with wandb version 0.26.1
wandb: Run data is saved locally in /gpfs/home3/scur0511/Probe4Physics/wandb/run-20260505_154207-850ey93o
wandb: Run `wandb offline` to turn off syncing.
wandb: Syncing run mvp_linear_videomae_v2_vit_giant_16_224_layer_30/trial_0005
wandb: ⭐️ View project at https://wandb.ai/caselli-niccolo-developer-university-of-amsterdam/probe4physics
wandb: 🚀 View run at https://wandb.ai/caselli-niccolo-developer-university-of-amsterdam/probe4physics/runs/850ey93o
[eval.mvp] Starting eval | split_name=val split_dir=data/splits/mvp/full_60_20_20 predictor_mode=from_file annotation_file=data/annotations/mvp_full.jsonl
[eval.mvp] Loaded split assignments | split_pairs=989 split_samples=1978
[eval.mvp] Prepared samples | n_pairs_before_trim=989 n_samples_before_trim=1978 n_pairs_after_trim=989 n_samples_after_trim=1978 max_pairs=0
[eval.mvp] Generated predictions | n_predictions=1978
[eval.mvp] Scoring complete | accuracy=59.6057 pair_consistency=26.8959 n_pairs=989 n_samples=1978
[eval.mvp] Artifacts written | output_dir=artifacts/probes/mvp_probe_linear_videomae_v2_vit_giant_16_224_20260505T132820Z/layer_30/train/trial_0005/val_eval
wandb: updating run metadata
wandb: uploading output.log; uploading wandb-summary.json; uploading config.yaml
wandb: 
wandb: Run history:
wandb:          epoch ▁▁▁▁▂▂▂▂▂▃▃▃▃▃▃▄▄▄▄▄▅▅▅▅▅▆▆▆▆▆▆▇▇▇▇▇▇███
wandb: train_accuracy ▁▃▃▃▃▅▄▅▄▅▅▅▃▅▅▅▆▄▄▇▇▆▇▇▇▇▅▇█▇▇▆▇▅█▇▇█▇▇
wandb:     train_loss █▃▃▄▂▂▂▂▃▂▂▂▃▂▂▂▂▃▃▂▂▁▁▁▁▂▂▁▁▁▁▁▁▂▁▁▁▁▁▂
wandb:   val_accuracy ▁▂▁▂▃▄▁▅▁▄▁▂▂▄▁▂▂▂▅▂▆▂▂▆▁█▇▅▅▇▄▅▆▄▄█▆▇▂▂
wandb:       val_loss ▂▃▅▃▂▂▂▂▅▂▃▂▂█▃▃▃▃▂▃▁▂▂▁▅▂▁▁▁▁▁▁▁▂▂▁▁▁▃▃
wandb: 
wandb: Run summary:
wandb:           best_epoch 33
wandb:    best_val_accuracy 59.60566
wandb:        best_val_loss 0.6707
wandb: checkpoint_best_path artifacts/probes/mvp...
wandb: checkpoint_last_path artifacts/probes/mvp...
wandb:      checkpoint_path artifacts/probes/mvp...
wandb:              dataset mvp
wandb:      elapsed_seconds 7.52953
wandb:                epoch 50
wandb:    feature_signature 7c0fab9616b3b517
wandb:                  +22 ...
wandb: 
wandb: 🚀 View run mvp_linear_videomae_v2_vit_giant_16_224_layer_30/trial_0005 at: https://wandb.ai/caselli-niccolo-developer-university-of-amsterdam/probe4physics/runs/850ey93o
wandb: ⭐️ View project at: https://wandb.ai/caselli-niccolo-developer-university-of-amsterdam/probe4physics
wandb: Synced 5 W&B file(s), 0 media file(s), 0 artifact file(s) and 0 other file(s)
wandb: Find logs at: ./wandb/run-20260505_154207-850ey93o/logs
[I 2026-05-05 15:42:16,608] Trial 5 finished with value: 26.895854398382202 and parameters: {'lr': 0.0009717775305059633, 'weight_decay': 7.417652034871823e-07, 'batch_size': 256, 'epochs': 50}. Best is trial 1 with value: 33.77148634984833.
wandb: setting up run 39b5s1t5
wandb: Tracking run with wandb version 0.26.1
wandb: Run data is saved locally in /gpfs/home3/scur0511/Probe4Physics/wandb/run-20260505_154218-39b5s1t5
wandb: Run `wandb offline` to turn off syncing.
wandb: Syncing run mvp_linear_videomae_v2_vit_giant_16_224_layer_30/trial_0006
wandb: ⭐️ View project at https://wandb.ai/caselli-niccolo-developer-university-of-amsterdam/probe4physics
wandb: 🚀 View run at https://wandb.ai/caselli-niccolo-developer-university-of-amsterdam/probe4physics/runs/39b5s1t5
[eval.mvp] Starting eval | split_name=val split_dir=data/splits/mvp/full_60_20_20 predictor_mode=from_file annotation_file=data/annotations/mvp_full.jsonl
[eval.mvp] Loaded split assignments | split_pairs=989 split_samples=1978
[eval.mvp] Prepared samples | n_pairs_before_trim=989 n_samples_before_trim=1978 n_pairs_after_trim=989 n_samples_after_trim=1978 max_pairs=0
[eval.mvp] Generated predictions | n_predictions=1978
[eval.mvp] Scoring complete | accuracy=61.5268 pair_consistency=31.7492 n_pairs=989 n_samples=1978
[eval.mvp] Artifacts written | output_dir=artifacts/probes/mvp_probe_linear_videomae_v2_vit_giant_16_224_20260505T132820Z/layer_30/train/trial_0006/val_eval
wandb: updating run metadata
wandb: uploading wandb-summary.json; uploading config.yaml; uploading output.log
wandb: 
wandb: Run history:
wandb:          epoch ▁▁▁▁▂▂▂▂▂▃▃▃▃▃▃▄▄▄▄▄▅▅▅▅▅▅▆▆▆▆▆▇▇▇▇▇▇▇██
wandb: train_accuracy ▁▃▂▃▃▅▄▅▅▅▆▅▆▅▆▇▆▆▆▇▆▅▇▆▇▇▇▇█▆█▇█▆▆█▇▆██
wandb:     train_loss █▄▄▃▂▂▂▂▃▂▂▂▂▂▂▂▂▂▂▃▂▂▂▁▂▂▁▁▂▂▁▂▁▁▂▁▁▂▁▁
wandb:   val_accuracy ▁▁▁▃▂▆▇▁▅▃▂▆▁▇▃▇█▇▅▆▃▄▄▇▇▅▇▃▃▅▇▇▇█▆▆▇█▂▅
wandb:       val_loss █▆▇▄▆▄▇▃▃█▆▃▄▂▃▃▃▂▄▅▃▁█▂▂▄▂█▅▂▁▁▄▁▇▂▁▂▁▂
wandb: 
wandb: Run summary:
wandb:           best_epoch 94
wandb:    best_val_accuracy 61.52679
wandb:        best_val_loss 0.65598
wandb: checkpoint_best_path artifacts/probes/mvp...
wandb: checkpoint_last_path artifacts/probes/mvp...
wandb:      checkpoint_path artifacts/probes/mvp...
wandb:              dataset mvp
wandb:      elapsed_seconds 12.8582
wandb:                epoch 100
wandb:    feature_signature 7c0fab9616b3b517
wandb:                  +22 ...
wandb: 
wandb: 🚀 View run mvp_linear_videomae_v2_vit_giant_16_224_layer_30/trial_0006 at: https://wandb.ai/caselli-niccolo-developer-university-of-amsterdam/probe4physics/runs/39b5s1t5
wandb: ⭐️ View project at: https://wandb.ai/caselli-niccolo-developer-university-of-amsterdam/probe4physics
wandb: Synced 5 W&B file(s), 0 media file(s), 0 artifact file(s) and 0 other file(s)
wandb: Find logs at: ./wandb/run-20260505_154218-39b5s1t5/logs
[I 2026-05-05 15:42:32,692] Trial 6 finished with value: 31.749241658240646 and parameters: {'lr': 0.0006218704727769079, 'weight_decay': 0.0033981724150106006, 'batch_size': 256, 'epochs': 100}. Best is trial 1 with value: 33.77148634984833.
wandb: setting up run uv2fb5p9
wandb: Tracking run with wandb version 0.26.1
wandb: Run data is saved locally in /gpfs/home3/scur0511/Probe4Physics/wandb/run-20260505_154234-uv2fb5p9
wandb: Run `wandb offline` to turn off syncing.
wandb: Syncing run mvp_linear_videomae_v2_vit_giant_16_224_layer_30/trial_0007
wandb: ⭐️ View project at https://wandb.ai/caselli-niccolo-developer-university-of-amsterdam/probe4physics
wandb: 🚀 View run at https://wandb.ai/caselli-niccolo-developer-university-of-amsterdam/probe4physics/runs/uv2fb5p9
[eval.mvp] Starting eval | split_name=val split_dir=data/splits/mvp/full_60_20_20 predictor_mode=from_file annotation_file=data/annotations/mvp_full.jsonl
[eval.mvp] Loaded split assignments | split_pairs=989 split_samples=1978
[eval.mvp] Prepared samples | n_pairs_before_trim=989 n_samples_before_trim=1978 n_pairs_after_trim=989 n_samples_after_trim=1978 max_pairs=0
[eval.mvp] Generated predictions | n_predictions=1978
[eval.mvp] Scoring complete | accuracy=54.9039 pair_consistency=16.0768 n_pairs=989 n_samples=1978
[eval.mvp] Artifacts written | output_dir=artifacts/probes/mvp_probe_linear_videomae_v2_vit_giant_16_224_20260505T132820Z/layer_30/train/trial_0007/val_eval
wandb: updating run metadata
wandb: uploading config.yaml; uploading wandb-metadata.json; uploading requirements.txt; uploading output.log; uploading wandb-summary.json
wandb: 
wandb: Run history:
wandb:          epoch ▁▁▂▂▂▃▃▄▄▄▅▅▅▆▆▇▇▇██
wandb: train_accuracy ▁▂▄▂▃▃▃▃▄▄▄▅▆▆▆▇▆▅▇█
wandb:     train_loss █▃▂▂▂▂▂▁▁▂▂▁▁▁▁▁▁▁▁▁
wandb:   val_accuracy ▁▂▃▂▄▄▅▅▃▃▃▅▅▆▇▇█▅▄█
wandb:       val_loss █▇▆▄▄▄▃▃▄▅▃▂▂▁▂▁▁▂▂▁
wandb: 
wandb: Run summary:
wandb:           best_epoch 20
wandb:    best_val_accuracy 54.90394
wandb:        best_val_loss 0.68789
wandb: checkpoint_best_path artifacts/probes/mvp...
wandb: checkpoint_last_path artifacts/probes/mvp...
wandb:      checkpoint_path artifacts/probes/mvp...
wandb:              dataset mvp
wandb:      elapsed_seconds 5.87507
wandb:                epoch 20
wandb:    feature_signature 7c0fab9616b3b517
wandb:                  +22 ...
wandb: 
wandb: 🚀 View run mvp_linear_videomae_v2_vit_giant_16_224_layer_30/trial_0007 at: https://wandb.ai/caselli-niccolo-developer-university-of-amsterdam/probe4physics/runs/uv2fb5p9
wandb: ⭐️ View project at: https://wandb.ai/caselli-niccolo-developer-university-of-amsterdam/probe4physics
wandb: Synced 5 W&B file(s), 0 media file(s), 0 artifact file(s) and 0 other file(s)
wandb: Find logs at: ./wandb/run-20260505_154234-uv2fb5p9/logs
[I 2026-05-05 15:42:41,838] Trial 7 finished with value: 16.076845298281093 and parameters: {'lr': 0.00011756010900231849, 'weight_decay': 4.848496183873288e-07, 'batch_size': 128, 'epochs': 20}. Best is trial 1 with value: 33.77148634984833.
wandb: setting up run ry3ojs1y
wandb: Tracking run with wandb version 0.26.1
wandb: Run data is saved locally in /gpfs/home3/scur0511/Probe4Physics/wandb/run-20260505_154243-ry3ojs1y
wandb: Run `wandb offline` to turn off syncing.
wandb: Syncing run mvp_linear_videomae_v2_vit_giant_16_224_layer_30/trial_0008
wandb: ⭐️ View project at https://wandb.ai/caselli-niccolo-developer-university-of-amsterdam/probe4physics
wandb: 🚀 View run at https://wandb.ai/caselli-niccolo-developer-university-of-amsterdam/probe4physics/runs/ry3ojs1y
wandb: updating run metadata
wandb: uploading wandb-summary.json; uploading config.yaml
wandb: 
wandb: Run history:
wandb:          epoch ▁▁▁▁▂▂▂▂▃▃▃▃▄▄▄▄▄▄▅▅▅▅▅▅▆▆▆▆▆▆▇▇▇▇▇▇▇▇██
wandb: train_accuracy ▁▂▂▃▁▂▂▃▃▃▃▃▃▃▂▄▄▄▅▅▅▄▅▄▅▆▅▆▆▆▆▆▆▆▇▆██▇█
wandb:     train_loss █▄▃▂▂▂▂▂▂▂▁▁▁▁▁▁▁▁▁▁▁▁▁▁▁▁▁▁▁▁▁▁▁▁▁▁▁▁▁▁
wandb:   val_accuracy ▁▂▃▄▄▅▂▄▁▂▃▇▆▃▅▆▄▂▂▄▅▃▅▅▆▆▇▇▆▆▅▅▇█▇▇▆▆██
wandb:       val_loss █▆▃▃▂▂▂▂▂▂▂▁▂▂▁▁▁▁▁▁▁▁▁▁▁▁▁▁▁▁▁▁▁▁▁▁▁▁▁▁
wandb: 
wandb: Run summary:
wandb:          epoch 100
wandb: train_accuracy 53.91231
wandb:     train_loss 0.68932
wandb:   val_accuracy 53.58948
wandb:       val_loss 0.69163
wandb: 
wandb: 🚀 View run mvp_linear_videomae_v2_vit_giant_16_224_layer_30/trial_0008 at: https://wandb.ai/caselli-niccolo-developer-university-of-amsterdam/probe4physics/runs/ry3ojs1y
wandb: ⭐️ View project at: https://wandb.ai/caselli-niccolo-developer-university-of-amsterdam/probe4physics
wandb: Synced 4 W&B file(s), 0 media file(s), 0 artifact file(s) and 0 other file(s)
wandb: Find logs at: ./wandb/run-20260505_154243-ry3ojs1y/logs
[I 2026-05-05 15:42:56,610] Trial 8 pruned. Pruned at epoch 100 with val_accuracy=53.5895
wandb: setting up run zs05midu
wandb: Tracking run with wandb version 0.26.1
wandb: Run data is saved locally in /gpfs/home3/scur0511/Probe4Physics/wandb/run-20260505_154258-zs05midu
wandb: Run `wandb offline` to turn off syncing.
wandb: Syncing run mvp_linear_videomae_v2_vit_giant_16_224_layer_30/trial_0009
wandb: ⭐️ View project at https://wandb.ai/caselli-niccolo-developer-university-of-amsterdam/probe4physics
wandb: 🚀 View run at https://wandb.ai/caselli-niccolo-developer-university-of-amsterdam/probe4physics/runs/zs05midu
[eval.mvp] Starting eval | split_name=val split_dir=data/splits/mvp/full_60_20_20 predictor_mode=from_file annotation_file=data/annotations/mvp_full.jsonl
[eval.mvp] Loaded split assignments | split_pairs=989 split_samples=1978
[eval.mvp] Prepared samples | n_pairs_before_trim=989 n_samples_before_trim=1978 n_pairs_after_trim=989 n_samples_after_trim=1978 max_pairs=0
[eval.mvp] Generated predictions | n_predictions=1978
[eval.mvp] Scoring complete | accuracy=60.3640 pair_consistency=29.9292 n_pairs=989 n_samples=1978
[eval.mvp] Artifacts written | output_dir=artifacts/probes/mvp_probe_linear_videomae_v2_vit_giant_16_224_20260505T132820Z/layer_30/train/trial_0009/val_eval
wandb: updating run metadata
wandb: uploading output.log; uploading wandb-summary.json; uploading config.yaml
wandb: 
wandb: Run history:
wandb:          epoch ▁▁▁▁▂▂▂▂▂▂▃▃▃▃▃▄▄▄▄▄▅▅▅▅▅▅▆▆▆▆▆▇▇▇▇▇▇███
wandb: train_accuracy ▁▃▂▂▃▄▄▂▄▆▆▄▅▅▂▆▃▅▅▆▇▆▆▆▆▆█▆██▇█▇▇███▇▇▇
wandb:     train_loss █▃▃▅▂▂▂▃▃▂▂▃▂▂▄▂▄▂▂▂▁▂▁▂▂▂▂▁▁▁▁▁▁▂▁▁▁▁▁▂
wandb:   val_accuracy ▂▂▁▃▃▄▂▅▁▅▄▂▁▆▄▆▂▆▄▅▂▂▆▃▂▅▆▄▇▆▅▇▆▆▄▆█▆▃▁
wandb:       val_loss ▃▃▆▂▂▂▃▂█▂▂▃▂▃▂▃▂▄▂▂▂▃▃▁▃▆▂▂▁▁▁▁▁▂▂▂▁▂▂▄
wandb: 
wandb: Run summary:
wandb:           best_epoch 46
wandb:    best_val_accuracy 60.364
wandb:        best_val_loss 0.66581
wandb: checkpoint_best_path artifacts/probes/mvp...
wandb: checkpoint_last_path artifacts/probes/mvp...
wandb:      checkpoint_path artifacts/probes/mvp...
wandb:              dataset mvp
wandb:      elapsed_seconds 7.5151
wandb:                epoch 50
wandb:    feature_signature 7c0fab9616b3b517
wandb:                  +22 ...
wandb: 
wandb: 🚀 View run mvp_linear_videomae_v2_vit_giant_16_224_layer_30/trial_0009 at: https://wandb.ai/caselli-niccolo-developer-university-of-amsterdam/probe4physics/runs/zs05midu
wandb: ⭐️ View project at: https://wandb.ai/caselli-niccolo-developer-university-of-amsterdam/probe4physics
wandb: Synced 5 W&B file(s), 0 media file(s), 0 artifact file(s) and 0 other file(s)
wandb: Find logs at: ./wandb/run-20260505_154258-zs05midu/logs
[I 2026-05-05 15:43:07,666] Trial 9 finished with value: 29.92922143579373 and parameters: {'lr': 0.0007411299781083245, 'weight_decay': 9.669146694016007e-07, 'batch_size': 256, 'epochs': 50}. Best is trial 1 with value: 33.77148634984833.
wandb: setting up run uhhwn074
wandb: Tracking run with wandb version 0.26.1
wandb: Run data is saved locally in /gpfs/home3/scur0511/Probe4Physics/wandb/run-20260505_154309-uhhwn074
wandb: Run `wandb offline` to turn off syncing.
wandb: Syncing run mvp_linear_videomae_v2_vit_giant_16_224_layer_30/trial_0010
wandb: ⭐️ View project at https://wandb.ai/caselli-niccolo-developer-university-of-amsterdam/probe4physics
wandb: 🚀 View run at https://wandb.ai/caselli-niccolo-developer-university-of-amsterdam/probe4physics/runs/uhhwn074
[eval.mvp] Starting eval | split_name=val split_dir=data/splits/mvp/full_60_20_20 predictor_mode=from_file annotation_file=data/annotations/mvp_full.jsonl
[eval.mvp] Loaded split assignments | split_pairs=989 split_samples=1978
[eval.mvp] Prepared samples | n_pairs_before_trim=989 n_samples_before_trim=1978 n_pairs_after_trim=989 n_samples_after_trim=1978 max_pairs=0
[eval.mvp] Generated predictions | n_predictions=1978
[eval.mvp] Scoring complete | accuracy=63.2457 pair_consistency=33.8726 n_pairs=989 n_samples=1978
[eval.mvp] Artifacts written | output_dir=artifacts/probes/mvp_probe_linear_videomae_v2_vit_giant_16_224_20260505T132820Z/layer_30/train/trial_0010/val_eval
wandb: updating run metadata
wandb: uploading output.log; uploading wandb-summary.json; uploading config.yaml
wandb: 
wandb: Run history:
wandb:          epoch ▁▁▁▁▂▂▂▂▂▃▃▃▃▃▄▄▄▄▄▄▄▅▅▅▅▆▆▆▆▆▆▆▇▇▇▇▇███
wandb: train_accuracy ▁▂▄▃▃▃▃▃▃▅▃▅▃▅▃▇▃▅▅▅▅▅▆▆▅▇▆▄▇▇▇▃▅▅▆▅█▅█▇
wandb:     train_loss ▄▂▃▃▃▂▃▃▄▃▃▂▃▁▃▂▃▂▃▄▃▃▃▂▂▃▄▁▂▁▂█▂▄▃▁▃█▁▂
wandb:   val_accuracy ▅▃▅▂▇▅▆▃▁▂▃▂▃▅▂▁▇▆▂▁▃▆▄▇▆▅▆▅▁▅▅▇█▃▅▄▅▄█▆
wandb:       val_loss ▂▄▂▁▂▅▃▂▁▁▂▃▂▄▃▃▂▂▅▂▂▂▁▁▃▅█▄▂▁▁▃▄▃▃▁▂▂▄▁
wandb: 
wandb: Run summary:
wandb:           best_epoch 94
wandb:    best_val_accuracy 63.2457
wandb:        best_val_loss 0.68927
wandb: checkpoint_best_path artifacts/probes/mvp...
wandb: checkpoint_last_path artifacts/probes/mvp...
wandb:      checkpoint_path artifacts/probes/mvp...
wandb:              dataset mvp
wandb:      elapsed_seconds 17.56584
wandb:                epoch 100
wandb:    feature_signature 7c0fab9616b3b517
wandb:                  +22 ...
wandb: 
wandb: 🚀 View run mvp_linear_videomae_v2_vit_giant_16_224_layer_30/trial_0010 at: https://wandb.ai/caselli-niccolo-developer-university-of-amsterdam/probe4physics/runs/uhhwn074
wandb: ⭐️ View project at: https://wandb.ai/caselli-niccolo-developer-university-of-amsterdam/probe4physics
wandb: Synced 5 W&B file(s), 0 media file(s), 0 artifact file(s) and 0 other file(s)
wandb: Find logs at: ./wandb/run-20260505_154309-uhhwn074/logs
[I 2026-05-05 15:43:28,557] Trial 10 finished with value: 33.872598584428715 and parameters: {'lr': 0.008013349589915042, 'weight_decay': 1.086383341945677e-08, 'batch_size': 64, 'epochs': 100}. Best is trial 10 with value: 33.872598584428715.
wandb: setting up run hnuibptc
wandb: Tracking run with wandb version 0.26.1
wandb: Run data is saved locally in /gpfs/home3/scur0511/Probe4Physics/wandb/run-20260505_154330-hnuibptc
wandb: Run `wandb offline` to turn off syncing.
wandb: Syncing run mvp_linear_videomae_v2_vit_giant_16_224_layer_30/trial_0011
wandb: ⭐️ View project at https://wandb.ai/caselli-niccolo-developer-university-of-amsterdam/probe4physics
wandb: 🚀 View run at https://wandb.ai/caselli-niccolo-developer-university-of-amsterdam/probe4physics/runs/hnuibptc
[eval.mvp] Starting eval | split_name=val split_dir=data/splits/mvp/full_60_20_20 predictor_mode=from_file annotation_file=data/annotations/mvp_full.jsonl
[eval.mvp] Loaded split assignments | split_pairs=989 split_samples=1978
[eval.mvp] Prepared samples | n_pairs_before_trim=989 n_samples_before_trim=1978 n_pairs_after_trim=989 n_samples_after_trim=1978 max_pairs=0
[eval.mvp] Generated predictions | n_predictions=1978
[eval.mvp] Scoring complete | accuracy=63.6502 pair_consistency=34.0748 n_pairs=989 n_samples=1978
[eval.mvp] Artifacts written | output_dir=artifacts/probes/mvp_probe_linear_videomae_v2_vit_giant_16_224_20260505T132820Z/layer_30/train/trial_0011/val_eval
wandb: updating run metadata
wandb: uploading output.log; uploading wandb-summary.json; uploading config.yaml
wandb: 
wandb: Run history:
wandb:          epoch ▁▁▁▁▁▂▂▂▂▂▃▃▃▃▃▃▄▄▄▄▄▄▅▅▅▅▆▆▆▆▆▆▇▇▇▇▇███
wandb: train_accuracy ▁▂▂▃▂▃▄▃▄▄▄▆▄▃▅▄▄▅▄▆▅▆▅▅▅▅▆▆▅▆▆▆▅▅▅▅▅█▆▅
wandb:     train_loss █▂▂▂▅▂▂▂▂▂▂▂▂▁▂▁▁▃▁▂▂▁▂▂▂▂▁▂▂▂▁▁▂▂▂▂▂▂▁▁
wandb:   val_accuracy ▂▁▄▂▂▃▁▂▂▄▅▁▄▆▅▆▁▂▄▄▄▆▇▁▂▂▄▆▄▄▆▃▂▅▆▅▇█▂▇
wandb:       val_loss ▂▅▃▅▂▃▃▃▂▇▅▁▁▂▂▃▄▂▃▃▃▂▁▂▇▆▂▂▁▅▁▁▂▂▂▆█▁▁▂
wandb: 
wandb: Run summary:
wandb:           best_epoch 95
wandb:    best_val_accuracy 63.65015
wandb:        best_val_loss 0.67334
wandb: checkpoint_best_path artifacts/probes/mvp...
wandb: checkpoint_last_path artifacts/probes/mvp...
wandb:      checkpoint_path artifacts/probes/mvp...
wandb:              dataset mvp
wandb:      elapsed_seconds 16.64486
wandb:                epoch 100
wandb:    feature_signature 7c0fab9616b3b517
wandb:                  +22 ...
wandb: 
wandb: 🚀 View run mvp_linear_videomae_v2_vit_giant_16_224_layer_30/trial_0011 at: https://wandb.ai/caselli-niccolo-developer-university-of-amsterdam/probe4physics/runs/hnuibptc
wandb: ⭐️ View project at: https://wandb.ai/caselli-niccolo-developer-university-of-amsterdam/probe4physics
wandb: Synced 5 W&B file(s), 0 media file(s), 0 artifact file(s) and 0 other file(s)
wandb: Find logs at: ./wandb/run-20260505_154330-hnuibptc/logs
[I 2026-05-05 15:43:48,952] Trial 11 finished with value: 34.07482305358948 and parameters: {'lr': 0.008296796921936793, 'weight_decay': 1.7074626001153678e-08, 'batch_size': 64, 'epochs': 100}. Best is trial 11 with value: 34.07482305358948.
wandb: setting up run a66w4pwu
wandb: Tracking run with wandb version 0.26.1
wandb: Run data is saved locally in /gpfs/home3/scur0511/Probe4Physics/wandb/run-20260505_154350-a66w4pwu
wandb: Run `wandb offline` to turn off syncing.
wandb: Syncing run mvp_linear_videomae_v2_vit_giant_16_224_layer_30/trial_0012
wandb: ⭐️ View project at https://wandb.ai/caselli-niccolo-developer-university-of-amsterdam/probe4physics
wandb: 🚀 View run at https://wandb.ai/caselli-niccolo-developer-university-of-amsterdam/probe4physics/runs/a66w4pwu
[eval.mvp] Starting eval | split_name=val split_dir=data/splits/mvp/full_60_20_20 predictor_mode=from_file annotation_file=data/annotations/mvp_full.jsonl
[eval.mvp] Loaded split assignments | split_pairs=989 split_samples=1978
[eval.mvp] Prepared samples | n_pairs_before_trim=989 n_samples_before_trim=1978 n_pairs_after_trim=989 n_samples_after_trim=1978 max_pairs=0
[eval.mvp] Generated predictions | n_predictions=1978
[eval.mvp] Scoring complete | accuracy=62.6896 pair_consistency=33.6704 n_pairs=989 n_samples=1978
[eval.mvp] Artifacts written | output_dir=artifacts/probes/mvp_probe_linear_videomae_v2_vit_giant_16_224_20260505T132820Z/layer_30/train/trial_0012/val_eval
wandb: updating run metadata
wandb: uploading output.log; uploading wandb-summary.json; uploading config.yaml
wandb: 
wandb: Run history:
wandb:          epoch ▁▁▁▁▁▂▂▂▂▂▂▂▂▂▃▃▃▃▃▄▄▄▄▄▄▅▅▅▅▅▆▆▆▆▇▇▇▇██
wandb: train_accuracy ▁▂▂▃▁▄▃▂▄▄▃▃▅▃▅▄▇▃▄▆▅▅▅▃▄▆▆▅▇▇▆▃▅▆▅▅▇█▅▆
wandb:     train_loss ▃▆██▃▂▅▂▃▂▃▇▃▄▆▆▃▂▂▁▃▃▁▃▆▂▂▃▃▁▃▁▂▇▃▄▂▂▂▁
wandb:   val_accuracy ▁▂▂▅▅▁▅▆▇▅▄▆▅▆▅▆▄▂▃▇▄▅▇▇▄▇▅▆▇▆▁█▆▇▆▅▃▄▅▇
wandb:       val_loss ▁▂▃▁▂▁▁▂▁▁▁▁▁▁▁▁▂▂▂▁▁▁▂▁▁▁▁▁▂▃▁▁▁▁▂▁█▁▁▁
wandb: 
wandb: Run summary:
wandb:           best_epoch 77
wandb:    best_val_accuracy 62.68959
wandb:        best_val_loss 0.70881
wandb: checkpoint_best_path artifacts/probes/mvp...
wandb: checkpoint_last_path artifacts/probes/mvp...
wandb:      checkpoint_path artifacts/probes/mvp...
wandb:              dataset mvp
wandb:      elapsed_seconds 16.77763
wandb:                epoch 100
wandb:    feature_signature 7c0fab9616b3b517
wandb:                  +22 ...
wandb: 
wandb: 🚀 View run mvp_linear_videomae_v2_vit_giant_16_224_layer_30/trial_0012 at: https://wandb.ai/caselli-niccolo-developer-university-of-amsterdam/probe4physics/runs/a66w4pwu
wandb: ⭐️ View project at: https://wandb.ai/caselli-niccolo-developer-university-of-amsterdam/probe4physics
wandb: Synced 5 W&B file(s), 0 media file(s), 0 artifact file(s) and 0 other file(s)
wandb: Find logs at: ./wandb/run-20260505_154350-a66w4pwu/logs
[I 2026-05-05 15:44:09,213] Trial 12 finished with value: 33.67037411526795 and parameters: {'lr': 0.00814055433678886, 'weight_decay': 5.666538349312614e-08, 'batch_size': 64, 'epochs': 100}. Best is trial 11 with value: 34.07482305358948.
wandb: setting up run h8cje3ry
wandb: Tracking run with wandb version 0.26.1
wandb: Run data is saved locally in /gpfs/home3/scur0511/Probe4Physics/wandb/run-20260505_154411-h8cje3ry
wandb: Run `wandb offline` to turn off syncing.
wandb: Syncing run mvp_linear_videomae_v2_vit_giant_16_224_layer_30/trial_0013
wandb: ⭐️ View project at https://wandb.ai/caselli-niccolo-developer-university-of-amsterdam/probe4physics
wandb: 🚀 View run at https://wandb.ai/caselli-niccolo-developer-university-of-amsterdam/probe4physics/runs/h8cje3ry
[eval.mvp] Starting eval | split_name=val split_dir=data/splits/mvp/full_60_20_20 predictor_mode=from_file annotation_file=data/annotations/mvp_full.jsonl
[eval.mvp] Loaded split assignments | split_pairs=989 split_samples=1978
[eval.mvp] Prepared samples | n_pairs_before_trim=989 n_samples_before_trim=1978 n_pairs_after_trim=989 n_samples_after_trim=1978 max_pairs=0
[eval.mvp] Generated predictions | n_predictions=1978
[eval.mvp] Scoring complete | accuracy=63.3974 pair_consistency=34.1759 n_pairs=989 n_samples=1978
[eval.mvp] Artifacts written | output_dir=artifacts/probes/mvp_probe_linear_videomae_v2_vit_giant_16_224_20260505T132820Z/layer_30/train/trial_0013/val_eval
wandb: updating run metadata
wandb: uploading output.log; uploading wandb-summary.json; uploading config.yaml
wandb: 
wandb: Run history:
wandb:          epoch ▁▁▁▂▂▂▂▂▂▂▃▃▃▃▃▃▃▃▄▄▄▄▅▅▅▅▅▅▅▆▆▆▆▆▇▇▇███
wandb: train_accuracy ▁▂▃▂▃▃▅▄▅▅▃▄▇▄▅▄▅▅▅▅▆▄▄▇▅▆▅▅▆▆▅▅█▆▇█▄▇▆▇
wandb:     train_loss ▄▂▅▃█▃▄▂▁▂▂▃▃▃▄▁▄▂▁▅▂▂▃▂▁▃▂▅▃▂▂▃▄▁▄▁▂▂▂▃
wandb:   val_accuracy ▁▁▁▃▁▂▁▇▂▅▁▆▁▆▂▅▂▇▂▂▅▆▁▁▁▄▁▅▅▅▅▁▆▇▁▇▄▆▂█
wandb:       val_loss ▁▁▂█▂▂▂▂▃▁▆▂▄▃▁▂▃▂▁▄▃▅▃▆▂▂▂▆▂▁▁▂▆▂▄▁▁▃▂▁
wandb: 
wandb: Run summary:
wandb:           best_epoch 95
wandb:    best_val_accuracy 63.39737
wandb:        best_val_loss 0.6714
wandb: checkpoint_best_path artifacts/probes/mvp...
wandb: checkpoint_last_path artifacts/probes/mvp...
wandb:      checkpoint_path artifacts/probes/mvp...
wandb:              dataset mvp
wandb:      elapsed_seconds 17.06991
wandb:                epoch 100
wandb:    feature_signature 7c0fab9616b3b517
wandb:                  +22 ...
wandb: 
wandb: 🚀 View run mvp_linear_videomae_v2_vit_giant_16_224_layer_30/trial_0013 at: https://wandb.ai/caselli-niccolo-developer-university-of-amsterdam/probe4physics/runs/h8cje3ry
wandb: ⭐️ View project at: https://wandb.ai/caselli-niccolo-developer-university-of-amsterdam/probe4physics
wandb: Synced 5 W&B file(s), 0 media file(s), 0 artifact file(s) and 0 other file(s)
wandb: Find logs at: ./wandb/run-20260505_154411-h8cje3ry/logs
[I 2026-05-05 15:44:29,704] Trial 13 finished with value: 34.17593528816987 and parameters: {'lr': 0.008299786914942599, 'weight_decay': 1.6358579322011493e-05, 'batch_size': 64, 'epochs': 100}. Best is trial 13 with value: 34.17593528816987.
wandb: setting up run 1m35ksh6
wandb: Tracking run with wandb version 0.26.1
wandb: Run data is saved locally in /gpfs/home3/scur0511/Probe4Physics/wandb/run-20260505_154431-1m35ksh6
wandb: Run `wandb offline` to turn off syncing.
wandb: Syncing run mvp_linear_videomae_v2_vit_giant_16_224_layer_30/trial_0014
wandb: ⭐️ View project at https://wandb.ai/caselli-niccolo-developer-university-of-amsterdam/probe4physics
wandb: 🚀 View run at https://wandb.ai/caselli-niccolo-developer-university-of-amsterdam/probe4physics/runs/1m35ksh6
[eval.mvp] Starting eval | split_name=val split_dir=data/splits/mvp/full_60_20_20 predictor_mode=from_file annotation_file=data/annotations/mvp_full.jsonl
[eval.mvp] Loaded split assignments | split_pairs=989 split_samples=1978
[eval.mvp] Prepared samples | n_pairs_before_trim=989 n_samples_before_trim=1978 n_pairs_after_trim=989 n_samples_after_trim=1978 max_pairs=0
[eval.mvp] Generated predictions | n_predictions=1978
[eval.mvp] Scoring complete | accuracy=59.7068 pair_consistency=27.0981 n_pairs=989 n_samples=1978
[eval.mvp] Artifacts written | output_dir=artifacts/probes/mvp_probe_linear_videomae_v2_vit_giant_16_224_20260505T132820Z/layer_30/train/trial_0014/val_eval
wandb: uploading wandb-metadata.json; uploading requirements.txt; updating run metadata
wandb: uploading output.log; uploading wandb-summary.json; uploading config.yaml
wandb: 
wandb: Run history:
wandb:          epoch ▁▁▂▂▂▃▃▄▄▄▅▅▅▆▆▇▇▇██
wandb: train_accuracy ▁▃▂▃▃▄▄▅▄▅▆▇▅▅▄▇▆▆█▆
wandb:     train_loss █▂▂▃▂▂▂▂▃▂▂▁▂▃▃▁▂▂▁▃
wandb:   val_accuracy ▃▁▂▂▁▇▄▅▇█▂▂▁▃█▂▅▄▆▁
wandb:       val_loss ▂▃▂▂▄▁▂▁▁▁▃▅▄▃▁▂▂▂▁█
wandb: 
wandb: Run summary:
wandb:           best_epoch 10
wandb:    best_val_accuracy 59.70677
wandb:        best_val_loss 0.66991
wandb: checkpoint_best_path artifacts/probes/mvp...
wandb: checkpoint_last_path artifacts/probes/mvp...
wandb:      checkpoint_path artifacts/probes/mvp...
wandb:              dataset mvp
wandb:      elapsed_seconds 5.29116
wandb:                epoch 20
wandb:    feature_signature 7c0fab9616b3b517
wandb:                  +22 ...
wandb: 
wandb: 🚀 View run mvp_linear_videomae_v2_vit_giant_16_224_layer_30/trial_0014 at: https://wandb.ai/caselli-niccolo-developer-university-of-amsterdam/probe4physics/runs/1m35ksh6
wandb: ⭐️ View project at: https://wandb.ai/caselli-niccolo-developer-university-of-amsterdam/probe4physics
wandb: Synced 5 W&B file(s), 0 media file(s), 0 artifact file(s) and 0 other file(s)
wandb: Find logs at: ./wandb/run-20260505_154431-1m35ksh6/logs
[I 2026-05-05 15:44:38,457] Trial 14 finished with value: 27.098078867542974 and parameters: {'lr': 0.002951781733063148, 'weight_decay': 3.5489658109439176e-05, 'batch_size': 64, 'epochs': 20}. Best is trial 13 with value: 34.17593528816987.
wandb: setting up run q00pmkuz
wandb: Tracking run with wandb version 0.26.1
wandb: Run data is saved locally in /gpfs/home3/scur0511/Probe4Physics/wandb/run-20260505_154440-q00pmkuz
wandb: Run `wandb offline` to turn off syncing.
wandb: Syncing run mvp_linear_videomae_v2_vit_giant_16_224_layer_30/trial_0015
wandb: ⭐️ View project at https://wandb.ai/caselli-niccolo-developer-university-of-amsterdam/probe4physics
wandb: 🚀 View run at https://wandb.ai/caselli-niccolo-developer-university-of-amsterdam/probe4physics/runs/q00pmkuz
[eval.mvp] Starting eval | split_name=val split_dir=data/splits/mvp/full_60_20_20 predictor_mode=from_file annotation_file=data/annotations/mvp_full.jsonl
[eval.mvp] Loaded split assignments | split_pairs=989 split_samples=1978
[eval.mvp] Prepared samples | n_pairs_before_trim=989 n_samples_before_trim=1978 n_pairs_after_trim=989 n_samples_after_trim=1978 max_pairs=0
[eval.mvp] Generated predictions | n_predictions=1978
[eval.mvp] Scoring complete | accuracy=64.2568 pair_consistency=35.2882 n_pairs=989 n_samples=1978
[eval.mvp] Artifacts written | output_dir=artifacts/probes/mvp_probe_linear_videomae_v2_vit_giant_16_224_20260505T132820Z/layer_30/train/trial_0015/val_eval
wandb: updating run metadata
wandb: uploading output.log; uploading wandb-summary.json; uploading config.yaml
wandb: 
wandb: Run history:
wandb:          epoch ▁▁▁▁▂▂▂▂▃▃▃▃▃▄▄▄▄▄▄▄▅▅▅▅▅▅▆▆▆▆▆▆▇▇▇▇▇▇██
wandb: train_accuracy ▁▁▂▃▃▃▃▅▅▄▄▄▅▄▄▃▅▅▄▅▅▅▆▆▄▆▆▆▅▅█▆▆▇▆█▅█▇▆
wandb:     train_loss ▅▆▇▄▃█▅▄▄▅▇▃▅▅▄▄▄▆▄▂▄▇▃▂▃▃▃▅▄▇▆▃▄▂▂▂▁▁▃▃
wandb:   val_accuracy ▁▁▄▂▇▄▁▄▂▆▇▁▅▂▂▃▆▅▂▁▃▇▇▁▄▃▇▄▇▇▇▂▅▄██▁▆▆▃
wandb:       val_loss ▂▂▁▁▅▁▂▃▁▁▁▃▂▁▂▁▂▁▁▂▁▂▂▃▃▂▂▄█▁▂▂▁▃▁▁▁▁▄▁
wandb: 
wandb: Run summary:
wandb:           best_epoch 92
wandb:    best_val_accuracy 64.25683
wandb:        best_val_loss 0.63953
wandb: checkpoint_best_path artifacts/probes/mvp...
wandb: checkpoint_last_path artifacts/probes/mvp...
wandb:      checkpoint_path artifacts/probes/mvp...
wandb:              dataset mvp
wandb:      elapsed_seconds 16.8604
wandb:                epoch 100
wandb:    feature_signature 7c0fab9616b3b517
wandb:                  +22 ...
wandb: 
wandb: 🚀 View run mvp_linear_videomae_v2_vit_giant_16_224_layer_30/trial_0015 at: https://wandb.ai/caselli-niccolo-developer-university-of-amsterdam/probe4physics/runs/q00pmkuz
wandb: ⭐️ View project at: https://wandb.ai/caselli-niccolo-developer-university-of-amsterdam/probe4physics
wandb: Synced 5 W&B file(s), 0 media file(s), 0 artifact file(s) and 0 other file(s)
wandb: Find logs at: ./wandb/run-20260505_154440-q00pmkuz/logs
[I 2026-05-05 15:44:59,054] Trial 15 finished with value: 35.28816986855409 and parameters: {'lr': 0.003221518752693517, 'weight_decay': 9.579538344099551e-06, 'batch_size': 64, 'epochs': 100}. Best is trial 15 with value: 35.28816986855409.
wandb: setting up run pbz6cgsi
wandb: Tracking run with wandb version 0.26.1
wandb: Run data is saved locally in /gpfs/home3/scur0511/Probe4Physics/wandb/run-20260505_154500-pbz6cgsi
wandb: Run `wandb offline` to turn off syncing.
wandb: Syncing run mvp_linear_videomae_v2_vit_giant_16_224_layer_30/trial_0016
wandb: ⭐️ View project at https://wandb.ai/caselli-niccolo-developer-university-of-amsterdam/probe4physics
wandb: 🚀 View run at https://wandb.ai/caselli-niccolo-developer-university-of-amsterdam/probe4physics/runs/pbz6cgsi
[eval.mvp] Starting eval | split_name=val split_dir=data/splits/mvp/full_60_20_20 predictor_mode=from_file annotation_file=data/annotations/mvp_full.jsonl
[eval.mvp] Loaded split assignments | split_pairs=989 split_samples=1978
[eval.mvp] Prepared samples | n_pairs_before_trim=989 n_samples_before_trim=1978 n_pairs_after_trim=989 n_samples_after_trim=1978 max_pairs=0
[eval.mvp] Generated predictions | n_predictions=1978
[eval.mvp] Scoring complete | accuracy=62.6390 pair_consistency=34.0748 n_pairs=989 n_samples=1978
[eval.mvp] Artifacts written | output_dir=artifacts/probes/mvp_probe_linear_videomae_v2_vit_giant_16_224_20260505T132820Z/layer_30/train/trial_0016/val_eval
wandb: updating run metadata
wandb: uploading output.log; uploading wandb-summary.json; uploading config.yaml
wandb: 
wandb: Run history:
wandb:          epoch ▁▁▁▁▁▂▂▂▂▂▂▃▃▃▃▃▄▄▄▄▅▅▅▅▅▅▅▅▆▆▆▆▆▆▆▇▇███
wandb: train_accuracy ▁▂▄▃▃▅▄▃▄▄▅▅▆▄▅▆▆▅▆▅▇▇▆▆▆▇▆▇▆▅▇▇▇▇▇▆█▇▇▇
wandb:     train_loss ▄█▄▄▆▃▅▃▄█▃▃▄▃▁▃▃▅▃▅▃▃▃▁▂▄▂▃▃▃▄▂▂▂▃▃▁▄▂▄
wandb:   val_accuracy ▂▃▃▁▅▄▆▇▆▁▄▆▅▁▆▃▅▂▃█▆▃▇▅█▇▃▆▇▂▆▅█▇▇▄▅▃▆▃
wandb:       val_loss ▃▃▂▂▃▁▂▃▂▇▃▃▄▂▆▂▅▅▃█▇▁▅▃▆▅▁▂▂▂▇▄▂▂▃▅▂▂▃▇
wandb: 
wandb: Run summary:
wandb:           best_epoch 84
wandb:    best_val_accuracy 62.63903
wandb:        best_val_loss 0.64359
wandb: checkpoint_best_path artifacts/probes/mvp...
wandb: checkpoint_last_path artifacts/probes/mvp...
wandb:      checkpoint_path artifacts/probes/mvp...
wandb:              dataset mvp
wandb:      elapsed_seconds 16.53695
wandb:                epoch 100
wandb:    feature_signature 7c0fab9616b3b517
wandb:                  +22 ...
wandb: 
wandb: 🚀 View run mvp_linear_videomae_v2_vit_giant_16_224_layer_30/trial_0016 at: https://wandb.ai/caselli-niccolo-developer-university-of-amsterdam/probe4physics/runs/pbz6cgsi
wandb: ⭐️ View project at: https://wandb.ai/caselli-niccolo-developer-university-of-amsterdam/probe4physics
wandb: Synced 5 W&B file(s), 0 media file(s), 0 artifact file(s) and 0 other file(s)
wandb: Find logs at: ./wandb/run-20260505_154500-pbz6cgsi/logs
[I 2026-05-05 15:45:19,058] Trial 16 finished with value: 34.07482305358948 and parameters: {'lr': 0.0027809052949529086, 'weight_decay': 7.009646163693992e-06, 'batch_size': 64, 'epochs': 100}. Best is trial 15 with value: 35.28816986855409.
wandb: setting up run uvbaggul
wandb: Tracking run with wandb version 0.26.1
wandb: Run data is saved locally in /gpfs/home3/scur0511/Probe4Physics/wandb/run-20260505_154520-uvbaggul
wandb: Run `wandb offline` to turn off syncing.
wandb: Syncing run mvp_linear_videomae_v2_vit_giant_16_224_layer_30/trial_0017
wandb: ⭐️ View project at https://wandb.ai/caselli-niccolo-developer-university-of-amsterdam/probe4physics
wandb: 🚀 View run at https://wandb.ai/caselli-niccolo-developer-university-of-amsterdam/probe4physics/runs/uvbaggul
[eval.mvp] Starting eval | split_name=val split_dir=data/splits/mvp/full_60_20_20 predictor_mode=from_file annotation_file=data/annotations/mvp_full.jsonl
[eval.mvp] Loaded split assignments | split_pairs=989 split_samples=1978
[eval.mvp] Prepared samples | n_pairs_before_trim=989 n_samples_before_trim=1978 n_pairs_after_trim=989 n_samples_after_trim=1978 max_pairs=0
[eval.mvp] Generated predictions | n_predictions=1978
[eval.mvp] Scoring complete | accuracy=62.4874 pair_consistency=34.0748 n_pairs=989 n_samples=1978
[eval.mvp] Artifacts written | output_dir=artifacts/probes/mvp_probe_linear_videomae_v2_vit_giant_16_224_20260505T132820Z/layer_30/train/trial_0017/val_eval
wandb: updating run metadata
wandb: uploading output.log; uploading wandb-summary.json; uploading config.yaml
wandb: 
wandb: Run history:
wandb:          epoch ▁▁▁▁▁▂▂▂▂▂▃▃▃▃▃▃▃▄▄▄▄▄▄▅▅▅▅▅▆▆▆▆▆▆▇▇▇▇▇█
wandb: train_accuracy ▁▂▂▂▃▃▃▄▄▃▄▅▅▅▆▆▇▆▆▆▅▆▇▆▅▇▆▆▆▇▇▆▆▆▆█▇▆█▆
wandb:     train_loss █▃▃▂▂▄▄▃▄▄▁▂▂▂▂▁▄▂▃▂▁▂▂▂▂▂▁▁▂▁▁▂▁▃▂▂▂▃▂▂
wandb:   val_accuracy ▄▂▃▅▂▅▁▂▃▅▄▅▇▅▅▃▆▁▂▆▂▂▇▆▅▃▆▆▇▂█▁▄▇▇▄▂▆█▂
wandb:       val_loss ▂▃▄▁▂▄▂▂▃▂▂▂▂▂▁▂▁▄▇▄▄▄▄▁▂▂▃█▂▃▂▃▁▂▂▁▂▁▅▅
wandb: 
wandb: Run summary:
wandb:           best_epoch 68
wandb:    best_val_accuracy 62.48736
wandb:        best_val_loss 0.64249
wandb: checkpoint_best_path artifacts/probes/mvp...
wandb: checkpoint_last_path artifacts/probes/mvp...
wandb:      checkpoint_path artifacts/probes/mvp...
wandb:              dataset mvp
wandb:      elapsed_seconds 16.63558
wandb:                epoch 100
wandb:    feature_signature 7c0fab9616b3b517
wandb:                  +22 ...
wandb: 
wandb: 🚀 View run mvp_linear_videomae_v2_vit_giant_16_224_layer_30/trial_0017 at: https://wandb.ai/caselli-niccolo-developer-university-of-amsterdam/probe4physics/runs/uvbaggul
wandb: ⭐️ View project at: https://wandb.ai/caselli-niccolo-developer-university-of-amsterdam/probe4physics
wandb: Synced 5 W&B file(s), 0 media file(s), 0 artifact file(s) and 0 other file(s)
wandb: Find logs at: ./wandb/run-20260505_154520-uvbaggul/logs
[I 2026-05-05 15:45:38,956] Trial 17 finished with value: 34.07482305358948 and parameters: {'lr': 0.002840228315780573, 'weight_decay': 0.00035310374778405095, 'batch_size': 64, 'epochs': 100}. Best is trial 15 with value: 35.28816986855409.
wandb: setting up run fjhruylp
wandb: Tracking run with wandb version 0.26.1
wandb: Run data is saved locally in /gpfs/home3/scur0511/Probe4Physics/wandb/run-20260505_154540-fjhruylp
wandb: Run `wandb offline` to turn off syncing.
wandb: Syncing run mvp_linear_videomae_v2_vit_giant_16_224_layer_30/trial_0018
wandb: ⭐️ View project at https://wandb.ai/caselli-niccolo-developer-university-of-amsterdam/probe4physics
wandb: 🚀 View run at https://wandb.ai/caselli-niccolo-developer-university-of-amsterdam/probe4physics/runs/fjhruylp
[eval.mvp] Starting eval | split_name=val split_dir=data/splits/mvp/full_60_20_20 predictor_mode=from_file annotation_file=data/annotations/mvp_full.jsonl
[eval.mvp] Loaded split assignments | split_pairs=989 split_samples=1978
[eval.mvp] Prepared samples | n_pairs_before_trim=989 n_samples_before_trim=1978 n_pairs_after_trim=989 n_samples_after_trim=1978 max_pairs=0
[eval.mvp] Generated predictions | n_predictions=1978
[eval.mvp] Scoring complete | accuracy=54.0950 pair_consistency=15.5713 n_pairs=989 n_samples=1978
[eval.mvp] Artifacts written | output_dir=artifacts/probes/mvp_probe_linear_videomae_v2_vit_giant_16_224_20260505T132820Z/layer_30/train/trial_0018/val_eval
wandb: updating run metadata; uploading wandb-metadata.json; uploading requirements.txt
wandb: uploading history steps 0-19, summary, console lines 0-6
wandb: 
wandb: Run history:
wandb:          epoch ▁▁▂▂▂▃▃▄▄▄▅▅▅▆▆▇▇▇██
wandb: train_accuracy ▁▃▃▃▃▃▅▃▅▄▅▆▆▅▆██▆██
wandb:     train_loss █▃▂▂▂▂▂▂▁▂▁▁▁▁▁▁▁▁▁▁
wandb:   val_accuracy ▄▁▅▁▂▄▆▄▄▂▆▆▆▆▇▇██▂▆
wandb:       val_loss █▆▅▄▄▄▃▃▃▇▂▂▂▂▁▁▁▁▃▂
wandb: 
wandb: Run summary:
wandb:           best_epoch 18
wandb:    best_val_accuracy 54.09505
wandb:        best_val_loss 0.69045
wandb: checkpoint_best_path artifacts/probes/mvp...
wandb: checkpoint_last_path artifacts/probes/mvp...
wandb:      checkpoint_path artifacts/probes/mvp...
wandb:              dataset mvp
wandb:      elapsed_seconds 5.23313
wandb:                epoch 20
wandb:    feature_signature 7c0fab9616b3b517
wandb:                  +22 ...
wandb: 
wandb: 🚀 View run mvp_linear_videomae_v2_vit_giant_16_224_layer_30/trial_0018 at: https://wandb.ai/caselli-niccolo-developer-university-of-amsterdam/probe4physics/runs/fjhruylp
wandb: ⭐️ View project at: https://wandb.ai/caselli-niccolo-developer-university-of-amsterdam/probe4physics
wandb: Synced 5 W&B file(s), 0 media file(s), 0 artifact file(s) and 0 other file(s)
wandb: Find logs at: ./wandb/run-20260505_154540-fjhruylp/logs
[I 2026-05-05 15:45:47,655] Trial 18 finished with value: 15.57128412537917 and parameters: {'lr': 4.720845304099489e-05, 'weight_decay': 6.387894783269073e-06, 'batch_size': 64, 'epochs': 20}. Best is trial 15 with value: 35.28816986855409.
wandb: setting up run v4fqher3
wandb: Tracking run with wandb version 0.26.1
wandb: Run data is saved locally in /gpfs/home3/scur0511/Probe4Physics/wandb/run-20260505_154549-v4fqher3
wandb: Run `wandb offline` to turn off syncing.
wandb: Syncing run mvp_linear_videomae_v2_vit_giant_16_224_layer_30/trial_0019
wandb: ⭐️ View project at https://wandb.ai/caselli-niccolo-developer-university-of-amsterdam/probe4physics
wandb: 🚀 View run at https://wandb.ai/caselli-niccolo-developer-university-of-amsterdam/probe4physics/runs/v4fqher3
[eval.mvp] Starting eval | split_name=val split_dir=data/splits/mvp/full_60_20_20 predictor_mode=from_file annotation_file=data/annotations/mvp_full.jsonl
[eval.mvp] Loaded split assignments | split_pairs=989 split_samples=1978
[eval.mvp] Prepared samples | n_pairs_before_trim=989 n_samples_before_trim=1978 n_pairs_after_trim=989 n_samples_after_trim=1978 max_pairs=0
[eval.mvp] Generated predictions | n_predictions=1978
[eval.mvp] Scoring complete | accuracy=63.0940 pair_consistency=35.2882 n_pairs=989 n_samples=1978
[eval.mvp] Artifacts written | output_dir=artifacts/probes/mvp_probe_linear_videomae_v2_vit_giant_16_224_20260505T132820Z/layer_30/train/trial_0019/val_eval
wandb: updating run metadata
wandb: uploading config.yaml; uploading output.log; uploading wandb-summary.json
wandb: 
wandb: Run history:
wandb:          epoch ▁▁▂▂▂▂▂▂▃▃▃▃▃▃▃▄▄▄▄▄▅▅▅▅▅▅▅▅▆▆▆▆▆▆▇▇▇▇██
wandb: train_accuracy ▁▂▂▃▃▂▃▃▄▅▄▆▆▄▃▅▆▄▄▆▆▅▅▆▆▅▅▇█▇▅▆█▆▆▅▆▅▇█
wandb:     train_loss ▃▃▄▂▃▂▂▄▃▄▃▂▂▃▂▃▂▅▂▂▂▂▄▃▂▂▄▄▁▂▂▂▂▁▃█▃▃▃▁
wandb:   val_accuracy ▂▁▄▄▃▃▃▁▄▁▃▄▅▇▆▂▅▄▄▅█▅█▆▆▆█▁██▃█▆▂▄▆▇▇▆▅
wandb:       val_loss ▃▁▃▁▁▂▁▂█▁▂▁▁▃▃▄▅▃▂▁▂▄▁▂▁▁▁▁▁▄▁▂▂▂▁▂▁▁▂▂
wandb: 
wandb: Run summary:
wandb:           best_epoch 49
wandb:    best_val_accuracy 63.09403
wandb:        best_val_loss 0.65328
wandb: checkpoint_best_path artifacts/probes/mvp...
wandb: checkpoint_last_path artifacts/probes/mvp...
wandb:      checkpoint_path artifacts/probes/mvp...
wandb:              dataset mvp
wandb:      elapsed_seconds 13.7078
wandb:                epoch 100
wandb:    feature_signature 7c0fab9616b3b517
wandb:                  +22 ...
wandb: 
wandb: 🚀 View run mvp_linear_videomae_v2_vit_giant_16_224_layer_30/trial_0019 at: https://wandb.ai/caselli-niccolo-developer-university-of-amsterdam/probe4physics/runs/v4fqher3
wandb: ⭐️ View project at: https://wandb.ai/caselli-niccolo-developer-university-of-amsterdam/probe4physics
wandb: Synced 5 W&B file(s), 0 media file(s), 0 artifact file(s) and 0 other file(s)
wandb: Find logs at: ./wandb/run-20260505_154549-v4fqher3/logs
[I 2026-05-05 15:46:05,320] Trial 19 finished with value: 35.28816986855409 and parameters: {'lr': 0.004118753331193811, 'weight_decay': 7.738526286446616e-05, 'batch_size': 128, 'epochs': 100}. Best is trial 15 with value: 35.28816986855409.
[eval.mvp] Starting eval | split_name=train split_dir=data/splits/mvp/full_60_20_20 predictor_mode=from_file annotation_file=data/annotations/mvp_full.jsonl
[eval.mvp] Loaded split assignments | split_pairs=2965 split_samples=5930
[eval.mvp] Prepared samples | n_pairs_before_trim=2965 n_samples_before_trim=5930 n_pairs_after_trim=2965 n_samples_after_trim=5930 max_pairs=0
[eval.mvp] Generated predictions | n_predictions=5930
[eval.mvp] Scoring complete | accuracy=65.7504 pair_consistency=37.4368 n_pairs=2965 n_samples=5930
[eval.mvp] Artifacts written | output_dir=artifacts/probes/mvp_probe_linear_videomae_v2_vit_giant_16_224_20260505T132820Z/layer_30/eval/train
[eval.mvp] Starting eval | split_name=val split_dir=data/splits/mvp/full_60_20_20 predictor_mode=from_file annotation_file=data/annotations/mvp_full.jsonl
[eval.mvp] Loaded split assignments | split_pairs=989 split_samples=1978
[eval.mvp] Prepared samples | n_pairs_before_trim=989 n_samples_before_trim=1978 n_pairs_after_trim=989 n_samples_after_trim=1978 max_pairs=0
[eval.mvp] Generated predictions | n_predictions=1978
[eval.mvp] Scoring complete | accuracy=64.2568 pair_consistency=35.2882 n_pairs=989 n_samples=1978
[eval.mvp] Artifacts written | output_dir=artifacts/probes/mvp_probe_linear_videomae_v2_vit_giant_16_224_20260505T132820Z/layer_30/eval/val
[eval.mvp] Starting eval | split_name=test split_dir=data/splits/mvp/full_60_20_20 predictor_mode=from_file annotation_file=data/annotations/mvp_full.jsonl
[eval.mvp] Loaded split assignments | split_pairs=989 split_samples=1978
[eval.mvp] Prepared samples | n_pairs_before_trim=989 n_samples_before_trim=1978 n_pairs_after_trim=989 n_samples_after_trim=1978 max_pairs=0
[eval.mvp] Generated predictions | n_predictions=1978
[eval.mvp] Scoring complete | accuracy=61.8807 pair_consistency=33.0637 n_pairs=989 n_samples=1978
[eval.mvp] Artifacts written | output_dir=artifacts/probes/mvp_probe_linear_videomae_v2_vit_giant_16_224_20260505T132820Z/layer_30/eval/test
[I 2026-05-05 15:46:09,859] A new study created in RDB with name: mvp_linear_videomae_v2_vit_giant_16_224_layer_40
wandb: setting up run 8pceodbh
wandb: Tracking run with wandb version 0.26.1
wandb: Run data is saved locally in /gpfs/home3/scur0511/Probe4Physics/wandb/run-20260505_154611-8pceodbh
wandb: Run `wandb offline` to turn off syncing.
wandb: Syncing run mvp_linear_videomae_v2_vit_giant_16_224_layer_40/trial_0000
wandb: ⭐️ View project at https://wandb.ai/caselli-niccolo-developer-university-of-amsterdam/probe4physics
wandb: 🚀 View run at https://wandb.ai/caselli-niccolo-developer-university-of-amsterdam/probe4physics/runs/8pceodbh
[eval.mvp] Starting eval | split_name=val split_dir=data/splits/mvp/full_60_20_20 predictor_mode=from_file annotation_file=data/annotations/mvp_full.jsonl
[eval.mvp] Loaded split assignments | split_pairs=989 split_samples=1978
[eval.mvp] Prepared samples | n_pairs_before_trim=989 n_samples_before_trim=1978 n_pairs_after_trim=989 n_samples_after_trim=1978 max_pairs=0
[eval.mvp] Generated predictions | n_predictions=1978
[eval.mvp] Scoring complete | accuracy=60.5662 pair_consistency=29.9292 n_pairs=989 n_samples=1978
[eval.mvp] Artifacts written | output_dir=artifacts/probes/mvp_probe_linear_videomae_v2_vit_giant_16_224_20260505T132820Z/layer_40/train/trial_0000/val_eval
wandb: updating run metadata
wandb: uploading output.log; uploading wandb-summary.json; uploading config.yaml
wandb: 
wandb: Run history:
wandb:          epoch ▁▁▁▁▂▂▂▂▂▂▃▃▃▃▃▄▄▄▄▄▄▅▅▅▅▅▅▆▆▆▆▆▆▇▇▇▇███
wandb: train_accuracy ▁▂▃▃▄▃▅▅▃▅▅▅▅▄▆▆▅▆▅▅▆▆▆▇▇▆█▇▇▇▇▇▇▇█▇█▇▇▇
wandb:     train_loss █▅▄▄▄▄▄▃▃▅▃▃▃▄▂▃▂▃▂▂▃▂▂▂▂▂▂▂▂▁▂▂▁▁▁▁▁▂▁▂
wandb:   val_accuracy ▂▂▃▄▂▃▅▃▂▅▅▆▆▃▁▄▆▃▆▅▆▆▇▆▇▆▅█▆▅▆▆▆▃▅▇▅█▇▇
wandb:       val_loss ▄▄▄▃▃▃▃▃▅▃▂▂▂▃█▃▂▄▄▂▃▂▂▃▂▂▂▃▁▂▃▂▂▂▄▄▁▁▁▁
wandb: 
wandb: Run summary:
wandb:           best_epoch 47
wandb:    best_val_accuracy 60.56623
wandb:        best_val_loss 0.65971
wandb: checkpoint_best_path artifacts/probes/mvp...
wandb: checkpoint_last_path artifacts/probes/mvp...
wandb:      checkpoint_path artifacts/probes/mvp...
wandb:              dataset mvp
wandb:      elapsed_seconds 12.45053
wandb:                epoch 50
wandb:    feature_signature 7c0fab9616b3b517
wandb:                  +22 ...
wandb: 
wandb: 🚀 View run mvp_linear_videomae_v2_vit_giant_16_224_layer_40/trial_0000 at: https://wandb.ai/caselli-niccolo-developer-university-of-amsterdam/probe4physics/runs/8pceodbh
wandb: ⭐️ View project at: https://wandb.ai/caselli-niccolo-developer-university-of-amsterdam/probe4physics
wandb: Synced 5 W&B file(s), 0 media file(s), 0 artifact file(s) and 0 other file(s)
wandb: Find logs at: ./wandb/run-20260505_154611-8pceodbh/logs
[I 2026-05-05 15:46:25,882] Trial 0 finished with value: 29.92922143579373 and parameters: {'lr': 0.0001329291894316216, 'weight_decay': 0.005061576888752304, 'batch_size': 32, 'epochs': 50}. Best is trial 0 with value: 29.92922143579373.
wandb: setting up run yh92ycrz
wandb: Tracking run with wandb version 0.26.1
wandb: Run data is saved locally in /gpfs/home3/scur0511/Probe4Physics/wandb/run-20260505_154627-yh92ycrz
wandb: Run `wandb offline` to turn off syncing.
wandb: Syncing run mvp_linear_videomae_v2_vit_giant_16_224_layer_40/trial_0001
wandb: ⭐️ View project at https://wandb.ai/caselli-niccolo-developer-university-of-amsterdam/probe4physics
wandb: 🚀 View run at https://wandb.ai/caselli-niccolo-developer-university-of-amsterdam/probe4physics/runs/yh92ycrz
[eval.mvp] Starting eval | split_name=val split_dir=data/splits/mvp/full_60_20_20 predictor_mode=from_file annotation_file=data/annotations/mvp_full.jsonl
[eval.mvp] Loaded split assignments | split_pairs=989 split_samples=1978
[eval.mvp] Prepared samples | n_pairs_before_trim=989 n_samples_before_trim=1978 n_pairs_after_trim=989 n_samples_after_trim=1978 max_pairs=0
[eval.mvp] Generated predictions | n_predictions=1978
[eval.mvp] Scoring complete | accuracy=63.9029 pair_consistency=35.4904 n_pairs=989 n_samples=1978
[eval.mvp] Artifacts written | output_dir=artifacts/probes/mvp_probe_linear_videomae_v2_vit_giant_16_224_20260505T132820Z/layer_40/train/trial_0001/val_eval
wandb: updating run metadata
wandb: uploading config.yaml; uploading output.log; uploading wandb-summary.json
wandb: 
wandb: Run history:
wandb:          epoch ▁▁▁▁▁▂▂▂▂▂▂▃▃▃▃▃▄▄▄▄▄▅▅▅▅▅▅▆▆▆▆▆▇▇▇▇████
wandb: train_accuracy ▁▁▁▂▃▃▃▄▄▃▄▅▄▇▄▅▅▅▆▆▅▅▄▇▆▇▆▆▆▇▇█▅▇▇██▇▇▇
wandb:     train_loss ▅▇▄▆▅▇▆▇▆▅▆▄▄▅▄█▃▆▅▄▃▃▄▇▂▄▃▄▄▅▆▂▂▃▁▃▄▂▂▃
wandb:   val_accuracy ▁▄▂▃▁▆▅▆▅▆▃▅▆▆▄▆▄▆▃▅▃▅▇▇▂▆▆▇▅▆█▅▇█▂▆▆▆▇▆
wandb:       val_loss ▅▅▂▂▃▁▂▁▂▃▁▂▂▃▃▂▂▁▆▃▄▂▆▃▁▃▂▁▂▁▁▁▂▁▁█▅▂▂▁
wandb: 
wandb: Run summary:
wandb:           best_epoch 91
wandb:    best_val_accuracy 63.90293
wandb:        best_val_loss 0.6426
wandb: checkpoint_best_path artifacts/probes/mvp...
wandb: checkpoint_last_path artifacts/probes/mvp...
wandb:      checkpoint_path artifacts/probes/mvp...
wandb:              dataset mvp
wandb:      elapsed_seconds 22.27329
wandb:                epoch 100
wandb:    feature_signature 7c0fab9616b3b517
wandb:                  +22 ...
wandb: 
wandb: 🚀 View run mvp_linear_videomae_v2_vit_giant_16_224_layer_40/trial_0001 at: https://wandb.ai/caselli-niccolo-developer-university-of-amsterdam/probe4physics/runs/yh92ycrz
wandb: ⭐️ View project at: https://wandb.ai/caselli-niccolo-developer-university-of-amsterdam/probe4physics
wandb: Synced 5 W&B file(s), 0 media file(s), 0 artifact file(s) and 0 other file(s)
wandb: Find logs at: ./wandb/run-20260505_154627-yh92ycrz/logs
[I 2026-05-05 15:46:51,558] Trial 1 finished with value: 35.49039433771487 and parameters: {'lr': 0.001331121608073689, 'weight_decay': 1.328944872286916e-08, 'batch_size': 32, 'epochs': 100}. Best is trial 1 with value: 35.49039433771487.
wandb: setting up run n36lfcqq
wandb: Tracking run with wandb version 0.26.1
wandb: Run data is saved locally in /gpfs/home3/scur0511/Probe4Physics/wandb/run-20260505_154653-n36lfcqq
wandb: Run `wandb offline` to turn off syncing.
wandb: Syncing run mvp_linear_videomae_v2_vit_giant_16_224_layer_40/trial_0002
wandb: ⭐️ View project at https://wandb.ai/caselli-niccolo-developer-university-of-amsterdam/probe4physics
wandb: 🚀 View run at https://wandb.ai/caselli-niccolo-developer-university-of-amsterdam/probe4physics/runs/n36lfcqq
[eval.mvp] Starting eval | split_name=val split_dir=data/splits/mvp/full_60_20_20 predictor_mode=from_file annotation_file=data/annotations/mvp_full.jsonl
[eval.mvp] Loaded split assignments | split_pairs=989 split_samples=1978
[eval.mvp] Prepared samples | n_pairs_before_trim=989 n_samples_before_trim=1978 n_pairs_after_trim=989 n_samples_after_trim=1978 max_pairs=0
[eval.mvp] Generated predictions | n_predictions=1978
[eval.mvp] Scoring complete | accuracy=60.4651 pair_consistency=31.0415 n_pairs=989 n_samples=1978
[eval.mvp] Artifacts written | output_dir=artifacts/probes/mvp_probe_linear_videomae_v2_vit_giant_16_224_20260505T132820Z/layer_40/train/trial_0002/val_eval
wandb: updating run metadata
wandb: uploading output.log; uploading wandb-summary.json; uploading config.yaml
wandb: 
wandb: Run history:
wandb:          epoch ▁▁▁▁▂▂▂▂▂▂▃▃▃▃▃▄▄▄▄▄▅▅▅▅▅▆▆▆▆▆▆▇▇▇▇▇▇███
wandb: train_accuracy ▁▃▃▂▄▄▄▄▆▄▄▅▄▅▄▅▅▅▆▆▆▆▆▆▇▆▇██▇▅▇▇█▇▇███▇
wandb:     train_loss █▅▅▅▄▄▄▃▃▆▃▄▄▄▂▄▃▃▂▃▂▂▂▃▂▂▂▂▂▁▂▂▁▁▁▂▁▂▁▂
wandb:   val_accuracy ▂▁▅▅▅▄▃▄▂▅▅▆▁▇▆▂▂▆█▅▅▄▇▇▇▇▄▆▇▆▃▅▆▃▇▇█▇▆▆
wandb:       val_loss ▅▆▄▄▃▃▃▃▆▄▄▃▃▃█▂▄▆▇▂▂▄▄▂▂▆▂▅▂▂▅▆▃▃▅▆▁▁▁▂
wandb: 
wandb: Run summary:
wandb:           best_epoch 46
wandb:    best_val_accuracy 60.46512
wandb:        best_val_loss 0.65533
wandb: checkpoint_best_path artifacts/probes/mvp...
wandb: checkpoint_last_path artifacts/probes/mvp...
wandb:      checkpoint_path artifacts/probes/mvp...
wandb:              dataset mvp
wandb:      elapsed_seconds 12.29977
wandb:                epoch 50
wandb:    feature_signature 7c0fab9616b3b517
wandb:                  +22 ...
wandb: 
wandb: 🚀 View run mvp_linear_videomae_v2_vit_giant_16_224_layer_40/trial_0002 at: https://wandb.ai/caselli-niccolo-developer-university-of-amsterdam/probe4physics/runs/n36lfcqq
wandb: ⭐️ View project at: https://wandb.ai/caselli-niccolo-developer-university-of-amsterdam/probe4physics
wandb: Synced 5 W&B file(s), 0 media file(s), 0 artifact file(s) and 0 other file(s)
wandb: Find logs at: ./wandb/run-20260505_154653-n36lfcqq/logs
[I 2026-05-05 15:47:07,591] Trial 2 finished with value: 31.04145601617796 and parameters: {'lr': 0.00019762189340280086, 'weight_decay': 5.589524205217922e-07, 'batch_size': 32, 'epochs': 50}. Best is trial 1 with value: 35.49039433771487.
wandb: setting up run o1c074or
wandb: Tracking run with wandb version 0.26.1
wandb: Run data is saved locally in /gpfs/home3/scur0511/Probe4Physics/wandb/run-20260505_154709-o1c074or
wandb: Run `wandb offline` to turn off syncing.
wandb: Syncing run mvp_linear_videomae_v2_vit_giant_16_224_layer_40/trial_0003
wandb: ⭐️ View project at https://wandb.ai/caselli-niccolo-developer-university-of-amsterdam/probe4physics
wandb: 🚀 View run at https://wandb.ai/caselli-niccolo-developer-university-of-amsterdam/probe4physics/runs/o1c074or
[eval.mvp] Starting eval | split_name=val split_dir=data/splits/mvp/full_60_20_20 predictor_mode=from_file annotation_file=data/annotations/mvp_full.jsonl
[eval.mvp] Loaded split assignments | split_pairs=989 split_samples=1978
[eval.mvp] Prepared samples | n_pairs_before_trim=989 n_samples_before_trim=1978 n_pairs_after_trim=989 n_samples_after_trim=1978 max_pairs=0
[eval.mvp] Generated predictions | n_predictions=1978
[eval.mvp] Scoring complete | accuracy=60.0607 pair_consistency=27.8059 n_pairs=989 n_samples=1978
[eval.mvp] Artifacts written | output_dir=artifacts/probes/mvp_probe_linear_videomae_v2_vit_giant_16_224_20260505T132820Z/layer_40/train/trial_0003/val_eval
wandb: updating run metadata
wandb: uploading output.log; uploading wandb-summary.json; uploading config.yaml
wandb: 
wandb: Run history:
wandb:          epoch ▁▁▁▁▂▂▂▂▂▂▃▃▃▃▃▄▄▄▄▄▅▅▅▅▅▅▆▆▆▆▆▆▇▇▇▇▇███
wandb: train_accuracy ▁▂▂▃▃▄▄▄▅▅▅▅▅▄▅▅▆▆▆▆▅▆▆▆▇▆▆▆▆▆▆▆▅▇██▇▇▇▇
wandb:     train_loss █▄▄▄▃▃▃▃▃▃▃▃▃▄▂▂▂▂▂▂▂▂▂▁▂▃▄▂▂▂▂▃▁▁▂▂▁▁▁▂
wandb:   val_accuracy ▂▄▅▁▃▅▆▁▅▁▆▃▄▁▄▃▅▆▇▅▇▇▆▇▆▁▃▂██▆▅█▆▄▇▇▅▆▆
wandb:       val_loss ▃▃▃▂▃▂▂▂▅▅▂▃▅▄▂▂▂▁▂▄▂▃▁▁▁█▄▄▁▁▂▂▁▂▄▁▁▂▂▁
wandb: 
wandb: Run summary:
wandb:           best_epoch 41
wandb:    best_val_accuracy 60.06067
wandb:        best_val_loss 0.65968
wandb: checkpoint_best_path artifacts/probes/mvp...
wandb: checkpoint_last_path artifacts/probes/mvp...
wandb:      checkpoint_path artifacts/probes/mvp...
wandb:              dataset mvp
wandb:      elapsed_seconds 9.40229
wandb:                epoch 50
wandb:    feature_signature 7c0fab9616b3b517
wandb:                  +22 ...
wandb: 
wandb: 🚀 View run mvp_linear_videomae_v2_vit_giant_16_224_layer_40/trial_0003 at: https://wandb.ai/caselli-niccolo-developer-university-of-amsterdam/probe4physics/runs/o1c074or
wandb: ⭐️ View project at: https://wandb.ai/caselli-niccolo-developer-university-of-amsterdam/probe4physics
wandb: Synced 5 W&B file(s), 0 media file(s), 0 artifact file(s) and 0 other file(s)
wandb: Find logs at: ./wandb/run-20260505_154709-o1c074or/logs
[I 2026-05-05 15:47:20,420] Trial 3 finished with value: 27.80586450960566 and parameters: {'lr': 0.0003489018845491386, 'weight_decay': 3.5849855803404713e-05, 'batch_size': 64, 'epochs': 50}. Best is trial 1 with value: 35.49039433771487.
wandb: setting up run jk0fws9d
wandb: Tracking run with wandb version 0.26.1
wandb: Run data is saved locally in /gpfs/home3/scur0511/Probe4Physics/wandb/run-20260505_154722-jk0fws9d
wandb: Run `wandb offline` to turn off syncing.
wandb: Syncing run mvp_linear_videomae_v2_vit_giant_16_224_layer_40/trial_0004
wandb: ⭐️ View project at https://wandb.ai/caselli-niccolo-developer-university-of-amsterdam/probe4physics
wandb: 🚀 View run at https://wandb.ai/caselli-niccolo-developer-university-of-amsterdam/probe4physics/runs/jk0fws9d
[eval.mvp] Starting eval | split_name=val split_dir=data/splits/mvp/full_60_20_20 predictor_mode=from_file annotation_file=data/annotations/mvp_full.jsonl
[eval.mvp] Loaded split assignments | split_pairs=989 split_samples=1978
[eval.mvp] Prepared samples | n_pairs_before_trim=989 n_samples_before_trim=1978 n_pairs_after_trim=989 n_samples_after_trim=1978 max_pairs=0
[eval.mvp] Generated predictions | n_predictions=1978
[eval.mvp] Scoring complete | accuracy=58.5440 pair_consistency=24.6714 n_pairs=989 n_samples=1978
[eval.mvp] Artifacts written | output_dir=artifacts/probes/mvp_probe_linear_videomae_v2_vit_giant_16_224_20260505T132820Z/layer_40/train/trial_0004/val_eval
wandb: updating run metadata
wandb: uploading output.log; uploading wandb-summary.json; uploading config.yaml
wandb: uploading config.yaml
wandb: 
wandb: Run history:
wandb:          epoch ▁▁▁▁▂▂▂▂▃▃▃▃▃▃▄▄▄▄▄▄▅▅▅▅▅▆▆▆▆▆▆▇▇▇▇▇▇███
wandb: train_accuracy ▁▂▂▂▄▄▃▅▄▄▅▅▅▅▅▆▆▆▆▆▅▇▇▆▇▇▆▇▆▇▅▇▆▇██▇▇█▇
wandb:     train_loss █▇▇▆▆▆▅▆▆▅▅▄▄▄▄▄▄▄▂▃▄▃▂▃▂▃▃▃▃▂▂▃▁▁▂▂▁▁▁▂
wandb:   val_accuracy ▂▂▄▃▂▅▅▁▆▆▃▃▁▇▅▂▆█▆▃▆▄▆▇▇▂▄▃█▆█▇█▅▇██▇▇▇
wandb:       val_loss ▆▆▅▄▅▄▃▄█▃▃▃▅▅█▃▃▆▃▂▅▂▂▄▂▂▂▅▅▁▂▁▁▁▃▁▁▂▁▁
wandb: 
wandb: Run summary:
wandb:           best_epoch 39
wandb:    best_val_accuracy 58.54398
wandb:        best_val_loss 0.6681
wandb: checkpoint_best_path artifacts/probes/mvp...
wandb: checkpoint_last_path artifacts/probes/mvp...
wandb:      checkpoint_path artifacts/probes/mvp...
wandb:              dataset mvp
wandb:      elapsed_seconds 12.37685
wandb:                epoch 50
wandb:    feature_signature 7c0fab9616b3b517
wandb:                  +22 ...
wandb: 
wandb: 🚀 View run mvp_linear_videomae_v2_vit_giant_16_224_layer_40/trial_0004 at: https://wandb.ai/caselli-niccolo-developer-university-of-amsterdam/probe4physics/runs/jk0fws9d
wandb: ⭐️ View project at: https://wandb.ai/caselli-niccolo-developer-university-of-amsterdam/probe4physics
wandb: Synced 5 W&B file(s), 0 media file(s), 0 artifact file(s) and 0 other file(s)
wandb: Find logs at: ./wandb/run-20260505_154722-jk0fws9d/logs
[I 2026-05-05 15:47:36,686] Trial 4 finished with value: 24.67138523761375 and parameters: {'lr': 8.200518402245828e-05, 'weight_decay': 3.855073690026179e-08, 'batch_size': 32, 'epochs': 50}. Best is trial 1 with value: 35.49039433771487.
wandb: setting up run igniiblw
wandb: Tracking run with wandb version 0.26.1
wandb: Run data is saved locally in /gpfs/home3/scur0511/Probe4Physics/wandb/run-20260505_154738-igniiblw
wandb: Run `wandb offline` to turn off syncing.
wandb: Syncing run mvp_linear_videomae_v2_vit_giant_16_224_layer_40/trial_0005
wandb: ⭐️ View project at https://wandb.ai/caselli-niccolo-developer-university-of-amsterdam/probe4physics
wandb: 🚀 View run at https://wandb.ai/caselli-niccolo-developer-university-of-amsterdam/probe4physics/runs/igniiblw
[eval.mvp] Starting eval | split_name=val split_dir=data/splits/mvp/full_60_20_20 predictor_mode=from_file annotation_file=data/annotations/mvp_full.jsonl
[eval.mvp] Loaded split assignments | split_pairs=989 split_samples=1978
[eval.mvp] Prepared samples | n_pairs_before_trim=989 n_samples_before_trim=1978 n_pairs_after_trim=989 n_samples_after_trim=1978 max_pairs=0
[eval.mvp] Generated predictions | n_predictions=1978
[eval.mvp] Scoring complete | accuracy=60.3134 pair_consistency=28.6148 n_pairs=989 n_samples=1978
[eval.mvp] Artifacts written | output_dir=artifacts/probes/mvp_probe_linear_videomae_v2_vit_giant_16_224_20260505T132820Z/layer_40/train/trial_0005/val_eval
wandb: updating run metadata
wandb: uploading output.log; uploading wandb-summary.json; uploading config.yaml
wandb: 
wandb: Run history:
wandb:          epoch ▁▁▁▁▂▂▂▂▂▂▃▃▃▃▃▄▄▄▄▄▄▅▅▅▅▅▅▆▆▆▆▇▇▇▇▇▇███
wandb: train_accuracy ▁▃▄▃▄▅▃▄▅▄▆▆▅▆▅▅▄▅▆▇▆▆▆▇▆▅▆▇▇▇█▇▇▆█▆▇▆█▇
wandb:     train_loss █▂▂▃▂▂▂▂▂▂▂▁▃▂▂▃▃▂▂▁▂▂▁▁▂▂▁▁▁▂▂▁▁▂▁▂▁▂▁▂
wandb:   val_accuracy ▂▁▄▄▄▂▅▂▄▄▂▃▁▃▆▁▃▆▃▄▆▅▄▁▂▇▇▆▇▃▆▅▇▆▄█▇▅▄▁
wandb:       val_loss ▃▃▆▂▂▂▃▂▂▂▂▅▃▅▄▂▄█▂▂▂▃▂▂▂▅▂▁▁▁▄▁▁▁▂▁▁▂▂█
wandb: 
wandb: Run summary:
wandb:           best_epoch 45
wandb:    best_val_accuracy 60.31345
wandb:        best_val_loss 0.65999
wandb: checkpoint_best_path artifacts/probes/mvp...
wandb: checkpoint_last_path artifacts/probes/mvp...
wandb:      checkpoint_path artifacts/probes/mvp...
wandb:              dataset mvp
wandb:      elapsed_seconds 7.56962
wandb:                epoch 50
wandb:    feature_signature 7c0fab9616b3b517
wandb:                  +22 ...
wandb: 
wandb: 🚀 View run mvp_linear_videomae_v2_vit_giant_16_224_layer_40/trial_0005 at: https://wandb.ai/caselli-niccolo-developer-university-of-amsterdam/probe4physics/runs/igniiblw
wandb: ⭐️ View project at: https://wandb.ai/caselli-niccolo-developer-university-of-amsterdam/probe4physics
wandb: Synced 5 W&B file(s), 0 media file(s), 0 artifact file(s) and 0 other file(s)
wandb: Find logs at: ./wandb/run-20260505_154738-igniiblw/logs
[I 2026-05-05 15:47:47,524] Trial 5 finished with value: 28.61476238624874 and parameters: {'lr': 0.0009717775305059633, 'weight_decay': 7.417652034871823e-07, 'batch_size': 256, 'epochs': 50}. Best is trial 1 with value: 35.49039433771487.
wandb: setting up run 7d33bx2q
wandb: Tracking run with wandb version 0.26.1
wandb: Run data is saved locally in /gpfs/home3/scur0511/Probe4Physics/wandb/run-20260505_154749-7d33bx2q
wandb: Run `wandb offline` to turn off syncing.
wandb: Syncing run mvp_linear_videomae_v2_vit_giant_16_224_layer_40/trial_0006
wandb: ⭐️ View project at https://wandb.ai/caselli-niccolo-developer-university-of-amsterdam/probe4physics
wandb: 🚀 View run at https://wandb.ai/caselli-niccolo-developer-university-of-amsterdam/probe4physics/runs/7d33bx2q
[eval.mvp] Starting eval | split_name=val split_dir=data/splits/mvp/full_60_20_20 predictor_mode=from_file annotation_file=data/annotations/mvp_full.jsonl
[eval.mvp] Loaded split assignments | split_pairs=989 split_samples=1978
[eval.mvp] Prepared samples | n_pairs_before_trim=989 n_samples_before_trim=1978 n_pairs_after_trim=989 n_samples_after_trim=1978 max_pairs=0
[eval.mvp] Generated predictions | n_predictions=1978
[eval.mvp] Scoring complete | accuracy=60.8190 pair_consistency=30.3337 n_pairs=989 n_samples=1978
[eval.mvp] Artifacts written | output_dir=artifacts/probes/mvp_probe_linear_videomae_v2_vit_giant_16_224_20260505T132820Z/layer_40/train/trial_0006/val_eval
wandb: updating run metadata
wandb: uploading output.log; uploading wandb-summary.json; uploading config.yaml
wandb: 
wandb: Run history:
wandb:          epoch ▁▁▁▁▁▂▂▂▂▃▃▃▃▃▃▃▄▄▄▄▅▅▅▅▅▅▅▆▆▆▆▇▇▇▇▇▇▇██
wandb: train_accuracy ▁▂▃▄▃▅▃▄▅▅▅▇▆▆▅▆▇▆▅▆▅▆▇▆▇▇▇▇▇▇██▇█▇█████
wandb:     train_loss █▃▃▃▃▃▃▃▃▂▂▃▂▂▂▂▃▃▂▂▂▂▂▁▁▁▁▂▂▂▂▁▁▂▁▂▁▁▁▁
wandb:   val_accuracy ▂▁▂▃▃▅▄▁▄▆▆▆▆▅▆▅▆▄▃▃▄▃▇▃▇▅▇▆█▄▆▇▇██▄▆██▆
wandb:       val_loss ▅▃▃▄▃▃▇▂▂▄▂▆▂█▄▂▃▂▂▃▃▂▄▂▄▃▂▂▁▂▂▂▅▁▁▁▄▂▅▁
wandb: 
wandb: Run summary:
wandb:           best_epoch 97
wandb:    best_val_accuracy 60.81901
wandb:        best_val_loss 0.65121
wandb: checkpoint_best_path artifacts/probes/mvp...
wandb: checkpoint_last_path artifacts/probes/mvp...
wandb:      checkpoint_path artifacts/probes/mvp...
wandb:              dataset mvp
wandb:      elapsed_seconds 12.58548
wandb:                epoch 100
wandb:    feature_signature 7c0fab9616b3b517
wandb:                  +22 ...
wandb: 
wandb: 🚀 View run mvp_linear_videomae_v2_vit_giant_16_224_layer_40/trial_0006 at: https://wandb.ai/caselli-niccolo-developer-university-of-amsterdam/probe4physics/runs/7d33bx2q
wandb: ⭐️ View project at: https://wandb.ai/caselli-niccolo-developer-university-of-amsterdam/probe4physics
wandb: Synced 5 W&B file(s), 0 media file(s), 0 artifact file(s) and 0 other file(s)
wandb: Find logs at: ./wandb/run-20260505_154749-7d33bx2q/logs
[I 2026-05-05 15:48:03,410] Trial 6 finished with value: 30.33367037411527 and parameters: {'lr': 0.0006218704727769079, 'weight_decay': 0.0033981724150106006, 'batch_size': 256, 'epochs': 100}. Best is trial 1 with value: 35.49039433771487.
wandb: setting up run 38dgbjwc
wandb: Tracking run with wandb version 0.26.1
wandb: Run data is saved locally in /gpfs/home3/scur0511/Probe4Physics/wandb/run-20260505_154805-38dgbjwc
wandb: Run `wandb offline` to turn off syncing.
wandb: Syncing run mvp_linear_videomae_v2_vit_giant_16_224_layer_40/trial_0007
wandb: ⭐️ View project at https://wandb.ai/caselli-niccolo-developer-university-of-amsterdam/probe4physics
wandb: 🚀 View run at https://wandb.ai/caselli-niccolo-developer-university-of-amsterdam/probe4physics/runs/38dgbjwc
[eval.mvp] Starting eval | split_name=val split_dir=data/splits/mvp/full_60_20_20 predictor_mode=from_file annotation_file=data/annotations/mvp_full.jsonl
[eval.mvp] Loaded split assignments | split_pairs=989 split_samples=1978
[eval.mvp] Prepared samples | n_pairs_before_trim=989 n_samples_before_trim=1978 n_pairs_after_trim=989 n_samples_after_trim=1978 max_pairs=0
[eval.mvp] Generated predictions | n_predictions=1978
[eval.mvp] Scoring complete | accuracy=56.1173 pair_consistency=20.7280 n_pairs=989 n_samples=1978
[eval.mvp] Artifacts written | output_dir=artifacts/probes/mvp_probe_linear_videomae_v2_vit_giant_16_224_20260505T132820Z/layer_40/train/trial_0007/val_eval
wandb: updating run metadata
wandb: uploading wandb-metadata.json; uploading requirements.txt; uploading output.log; uploading wandb-summary.json; uploading config.yaml
wandb: 
wandb: Run history:
wandb:          epoch ▁▁▂▂▂▃▃▄▄▄▅▅▅▆▆▇▇▇██
wandb: train_accuracy ▁▂▂▂▃▃▄▃▅▃▅▇▇▇▆█▆▅█▇
wandb:     train_loss █▂▂▂▂▂▂▂▁▂▂▁▁▁▁▁▁▂▁▁
wandb:   val_accuracy ▂▃▃▄▅▃▄▆▄▁▅▆▇▇▇▇▇█▃▆
wandb:       val_loss ▅▄▄▃▃▄▃▃▃█▂▂▂▂▁▂▂▁▃▂
wandb: 
wandb: Run summary:
wandb:           best_epoch 18
wandb:    best_val_accuracy 56.11729
wandb:        best_val_loss 0.68228
wandb: checkpoint_best_path artifacts/probes/mvp...
wandb: checkpoint_last_path artifacts/probes/mvp...
wandb:      checkpoint_path artifacts/probes/mvp...
wandb:              dataset mvp
wandb:      elapsed_seconds 5.37491
wandb:                epoch 20
wandb:    feature_signature 7c0fab9616b3b517
wandb:                  +22 ...
wandb: 
wandb: 🚀 View run mvp_linear_videomae_v2_vit_giant_16_224_layer_40/trial_0007 at: https://wandb.ai/caselli-niccolo-developer-university-of-amsterdam/probe4physics/runs/38dgbjwc
wandb: ⭐️ View project at: https://wandb.ai/caselli-niccolo-developer-university-of-amsterdam/probe4physics
wandb: Synced 5 W&B file(s), 0 media file(s), 0 artifact file(s) and 0 other file(s)
wandb: Find logs at: ./wandb/run-20260505_154805-38dgbjwc/logs
[I 2026-05-05 15:48:12,241] Trial 7 finished with value: 20.72800808897877 and parameters: {'lr': 0.00011756010900231849, 'weight_decay': 4.848496183873288e-07, 'batch_size': 128, 'epochs': 20}. Best is trial 1 with value: 35.49039433771487.
wandb: setting up run 1cy0b2wo
wandb: Tracking run with wandb version 0.26.1
wandb: Run data is saved locally in /gpfs/home3/scur0511/Probe4Physics/wandb/run-20260505_154813-1cy0b2wo
wandb: Run `wandb offline` to turn off syncing.
wandb: Syncing run mvp_linear_videomae_v2_vit_giant_16_224_layer_40/trial_0008
wandb: ⭐️ View project at https://wandb.ai/caselli-niccolo-developer-university-of-amsterdam/probe4physics
wandb: 🚀 View run at https://wandb.ai/caselli-niccolo-developer-university-of-amsterdam/probe4physics/runs/1cy0b2wo
wandb: updating run metadata
wandb: uploading wandb-summary.json; uploading config.yaml
wandb: 
wandb: Run history:
wandb:          epoch ▁▁▁▁▁▂▂▂▂▂▂▂▃▃▃▃▃▄▄▄▄▄▄▅▅▅▅▅▆▆▆▆▆▇▇▇▇███
wandb: train_accuracy ▁▁▁▂▂▃▃▄▃▄▄▄▄▄▅▅▅▅▅▅▅▅▆▆▆▆▆▆▆▅▇▆▇▇▇▇████
wandb:     train_loss █▄▃▃▃▂▂▂▂▂▂▂▂▂▂▂▂▂▂▂▂▂▂▂▁▁▂▁▁▁▁▁▁▁▁▁▁▁▁▁
wandb:   val_accuracy ▁▂▂▃▃▃▃▄▄▄▃▄▅▄▄▄▅▄▄▅▅▅▅▅▅▆▆▅▇▆▇▇▇▇▇▇████
wandb:       val_loss █▅▄▂▂▂▂▂▂▂▂▂▂▁▂▁▁▁▁▁▁▁▁▁▁▁▁▁▁▁▁▁▁▁▁▁▁▁▁▁
wandb: 
wandb: Run summary:
wandb:          epoch 100
wandb: train_accuracy 55.07589
wandb:     train_loss 0.6862
wandb:   val_accuracy 55.00506
wandb:       val_loss 0.68726
wandb: 
wandb: 🚀 View run mvp_linear_videomae_v2_vit_giant_16_224_layer_40/trial_0008 at: https://wandb.ai/caselli-niccolo-developer-university-of-amsterdam/probe4physics/runs/1cy0b2wo
wandb: ⭐️ View project at: https://wandb.ai/caselli-niccolo-developer-university-of-amsterdam/probe4physics
wandb: Synced 4 W&B file(s), 0 media file(s), 0 artifact file(s) and 0 other file(s)
wandb: Find logs at: ./wandb/run-20260505_154813-1cy0b2wo/logs
[I 2026-05-05 15:48:27,070] Trial 8 pruned. Pruned at epoch 100 with val_accuracy=55.0051
wandb: setting up run fs22frro
wandb: Tracking run with wandb version 0.26.1
wandb: Run data is saved locally in /gpfs/home3/scur0511/Probe4Physics/wandb/run-20260505_154828-fs22frro
wandb: Run `wandb offline` to turn off syncing.
wandb: Syncing run mvp_linear_videomae_v2_vit_giant_16_224_layer_40/trial_0009
wandb: ⭐️ View project at https://wandb.ai/caselli-niccolo-developer-university-of-amsterdam/probe4physics
wandb: 🚀 View run at https://wandb.ai/caselli-niccolo-developer-university-of-amsterdam/probe4physics/runs/fs22frro
[eval.mvp] Starting eval | split_name=val split_dir=data/splits/mvp/full_60_20_20 predictor_mode=from_file annotation_file=data/annotations/mvp_full.jsonl
[eval.mvp] Loaded split assignments | split_pairs=989 split_samples=1978
[eval.mvp] Prepared samples | n_pairs_before_trim=989 n_samples_before_trim=1978 n_pairs_after_trim=989 n_samples_after_trim=1978 max_pairs=0
[eval.mvp] Generated predictions | n_predictions=1978
[eval.mvp] Scoring complete | accuracy=58.5945 pair_consistency=23.8625 n_pairs=989 n_samples=1978
[eval.mvp] Artifacts written | output_dir=artifacts/probes/mvp_probe_linear_videomae_v2_vit_giant_16_224_20260505T132820Z/layer_40/train/trial_0009/val_eval
wandb: updating run metadata
wandb: uploading output.log; uploading wandb-summary.json; uploading config.yaml
wandb: 
wandb: Run history:
wandb:          epoch ▁▁▁▁▂▂▂▂▂▂▃▃▃▃▃▄▄▄▄▄▄▅▅▅▅▅▅▆▆▆▆▆▇▇▇▇▇███
wandb: train_accuracy ▁▃▄▂▃▆▄▅▄▄▆▅▄▆▅▅▇▄▄▇▆▇▇▇▇▅▇▅██▇▆▇▆█▆▇█▇▇
wandb:     train_loss █▃▃▄▃▂▃▂▃▂▂▄▂▂▅▁▃▄▂▁▁▂▁▁▁▂▃▂▁▁▂▁▂▁▂▂▁▁▁▂
wandb:   val_accuracy ▂▂▁▂▂▄▆▁▇▅▂▄▂▁▁▃▁▄▇▃▇▆▄▇▂▅█▇▆▇▆▆▇▅▆█▆█▃▂
wandb:       val_loss ▂▂▅▂▂▂▂▁▁▂▅▂▃█▄▃▅▂▁▃▁▂▂▁▅▂▁▁▁▁▂▂▁▂▂▁▂▁▃▃
wandb: 
wandb: Run summary:
wandb:           best_epoch 33
wandb:    best_val_accuracy 58.59454
wandb:        best_val_loss 0.66779
wandb: checkpoint_best_path artifacts/probes/mvp...
wandb: checkpoint_last_path artifacts/probes/mvp...
wandb:      checkpoint_path artifacts/probes/mvp...
wandb:              dataset mvp
wandb:      elapsed_seconds 7.50373
wandb:                epoch 50
wandb:    feature_signature 7c0fab9616b3b517
wandb:                  +22 ...
wandb: 
wandb: 🚀 View run mvp_linear_videomae_v2_vit_giant_16_224_layer_40/trial_0009 at: https://wandb.ai/caselli-niccolo-developer-university-of-amsterdam/probe4physics/runs/fs22frro
wandb: ⭐️ View project at: https://wandb.ai/caselli-niccolo-developer-university-of-amsterdam/probe4physics
wandb: Synced 5 W&B file(s), 0 media file(s), 0 artifact file(s) and 0 other file(s)
wandb: Find logs at: ./wandb/run-20260505_154828-fs22frro/logs
[I 2026-05-05 15:48:37,995] Trial 9 finished with value: 23.86248736097068 and parameters: {'lr': 0.0007411299781083245, 'weight_decay': 9.669146694016007e-07, 'batch_size': 256, 'epochs': 50}. Best is trial 1 with value: 35.49039433771487.
wandb: setting up run rb044dvx
wandb: Tracking run with wandb version 0.26.1
wandb: Run data is saved locally in /gpfs/home3/scur0511/Probe4Physics/wandb/run-20260505_154839-rb044dvx
wandb: Run `wandb offline` to turn off syncing.
wandb: Syncing run mvp_linear_videomae_v2_vit_giant_16_224_layer_40/trial_0010
wandb: ⭐️ View project at https://wandb.ai/caselli-niccolo-developer-university-of-amsterdam/probe4physics
wandb: 🚀 View run at https://wandb.ai/caselli-niccolo-developer-university-of-amsterdam/probe4physics/runs/rb044dvx
[eval.mvp] Starting eval | split_name=val split_dir=data/splits/mvp/full_60_20_20 predictor_mode=from_file annotation_file=data/annotations/mvp_full.jsonl
[eval.mvp] Loaded split assignments | split_pairs=989 split_samples=1978
[eval.mvp] Prepared samples | n_pairs_before_trim=989 n_samples_before_trim=1978 n_pairs_after_trim=989 n_samples_after_trim=1978 max_pairs=0
[eval.mvp] Generated predictions | n_predictions=1978
[eval.mvp] Scoring complete | accuracy=62.9424 pair_consistency=33.4681 n_pairs=989 n_samples=1978
[eval.mvp] Artifacts written | output_dir=artifacts/probes/mvp_probe_linear_videomae_v2_vit_giant_16_224_20260505T132820Z/layer_40/train/trial_0010/val_eval
wandb: updating run metadata
wandb: uploading output.log; uploading wandb-summary.json; uploading config.yaml
wandb: 
wandb: Run history:
wandb:          epoch ▁▁▁▂▂▂▂▂▂▃▃▃▃▃▃▃▄▄▄▄▄▅▅▅▅▅▅▅▆▆▆▆▆▇▇▇▇███
wandb: train_accuracy ▁▂▂▂▄▂▃▃▃▅▄▂▅▂▄▅▄▆▃▄▃▃▄▇▃▄▆▆▅▅▅▄▄▆█▄▅▄▄▅
wandb:     train_loss █▆▄▃▃▂▃▂▃▃▃▂▁▂▃▁▃▄▆▂▂▁▂▃▃▃▃▂▃▂▄▂▂▂▄▅▂▃▃▂
wandb:   val_accuracy ▁▁▃▄▂▃▁▁▄▂▁▂▄▄▇▆▆▇▇▆▁▅█▃▂▂▆▁▆▆▃▁▆▂██▃█▆▄
wandb:       val_loss ▂▁▂▂▁▂▅▁▄▁▂▁▃▂▂▁▂▁▁▁▁▄▁▁▃▃▄▂▆▁█▁▁▁▁▁▂▂▂▄
wandb: 
wandb: Run summary:
wandb:           best_epoch 90
wandb:    best_val_accuracy 62.94237
wandb:        best_val_loss 0.72636
wandb: checkpoint_best_path artifacts/probes/mvp...
wandb: checkpoint_last_path artifacts/probes/mvp...
wandb:      checkpoint_path artifacts/probes/mvp...
wandb:              dataset mvp
wandb:      elapsed_seconds 16.79847
wandb:                epoch 100
wandb:    feature_signature 7c0fab9616b3b517
wandb:                  +22 ...
wandb: 
wandb: 🚀 View run mvp_linear_videomae_v2_vit_giant_16_224_layer_40/trial_0010 at: https://wandb.ai/caselli-niccolo-developer-university-of-amsterdam/probe4physics/runs/rb044dvx
wandb: ⭐️ View project at: https://wandb.ai/caselli-niccolo-developer-university-of-amsterdam/probe4physics
wandb: Synced 5 W&B file(s), 0 media file(s), 0 artifact file(s) and 0 other file(s)
wandb: Find logs at: ./wandb/run-20260505_154839-rb044dvx/logs
[I 2026-05-05 15:48:58,009] Trial 10 finished with value: 33.46814964610718 and parameters: {'lr': 0.008013349589915042, 'weight_decay': 1.086383341945677e-08, 'batch_size': 64, 'epochs': 100}. Best is trial 1 with value: 35.49039433771487.
wandb: setting up run wt1gd3vs
wandb: Tracking run with wandb version 0.26.1
wandb: Run data is saved locally in /gpfs/home3/scur0511/Probe4Physics/wandb/run-20260505_154859-wt1gd3vs
wandb: Run `wandb offline` to turn off syncing.
wandb: Syncing run mvp_linear_videomae_v2_vit_giant_16_224_layer_40/trial_0011
wandb: ⭐️ View project at https://wandb.ai/caselli-niccolo-developer-university-of-amsterdam/probe4physics
wandb: 🚀 View run at https://wandb.ai/caselli-niccolo-developer-university-of-amsterdam/probe4physics/runs/wt1gd3vs
[eval.mvp] Starting eval | split_name=val split_dir=data/splits/mvp/full_60_20_20 predictor_mode=from_file annotation_file=data/annotations/mvp_full.jsonl
[eval.mvp] Loaded split assignments | split_pairs=989 split_samples=1978
[eval.mvp] Prepared samples | n_pairs_before_trim=989 n_samples_before_trim=1978 n_pairs_after_trim=989 n_samples_after_trim=1978 max_pairs=0
[eval.mvp] Generated predictions | n_predictions=1978
[eval.mvp] Scoring complete | accuracy=63.7513 pair_consistency=34.6815 n_pairs=989 n_samples=1978
[eval.mvp] Artifacts written | output_dir=artifacts/probes/mvp_probe_linear_videomae_v2_vit_giant_16_224_20260505T132820Z/layer_40/train/trial_0011/val_eval
wandb: updating run metadata
wandb: uploading output.log; uploading wandb-summary.json; uploading config.yaml
wandb: 
wandb: Run history:
wandb:          epoch ▁▁▁▁▂▂▂▂▂▂▂▃▃▃▃▃▄▄▄▄▄▄▅▅▅▆▆▆▆▆▇▇▇▇▇▇▇▇██
wandb: train_accuracy ▁▁▂▁▂▂▃▃▄▄▂▄▄▅▄▂▄▅▄▃▅▅▅▆▃▅▄▃▄▆▅█▅▄▇▄▅▄▅▆
wandb:     train_loss ▂▅▃▅▆██▅▅▅▃▇▄▄▄▅▂▂▄▆▂▅▅▆▄▁▆▂▃▄▂▂▂▂▅▃▄▃▄▂
wandb:   val_accuracy ▁▃▂▂▃▆▂▆▅▂▆▁▃▄▄▂▆▅▇▂▆▂▆▅▄▅▂▄▆▁▇▅▅▃▂▁▁█▁▇
wandb:       val_loss ▃▁█▁▂▂▁▁▂▁▃▂▁▂▃▁▄▆▁▆▂▁▃▁▄▃▂▁▂▆▁▁▁▂▃▁▁▄▁▂
wandb: 
wandb: Run summary:
wandb:           best_epoch 92
wandb:    best_val_accuracy 63.75126
wandb:        best_val_loss 0.72355
wandb: checkpoint_best_path artifacts/probes/mvp...
wandb: checkpoint_last_path artifacts/probes/mvp...
wandb:      checkpoint_path artifacts/probes/mvp...
wandb:              dataset mvp
wandb:      elapsed_seconds 16.59084
wandb:                epoch 100
wandb:    feature_signature 7c0fab9616b3b517
wandb:                  +22 ...
wandb: 
wandb: 🚀 View run mvp_linear_videomae_v2_vit_giant_16_224_layer_40/trial_0011 at: https://wandb.ai/caselli-niccolo-developer-university-of-amsterdam/probe4physics/runs/wt1gd3vs
wandb: ⭐️ View project at: https://wandb.ai/caselli-niccolo-developer-university-of-amsterdam/probe4physics
wandb: Synced 5 W&B file(s), 0 media file(s), 0 artifact file(s) and 0 other file(s)
wandb: Find logs at: ./wandb/run-20260505_154859-wt1gd3vs/logs
[I 2026-05-05 15:49:18,453] Trial 11 finished with value: 34.681496461071795 and parameters: {'lr': 0.008296796921936793, 'weight_decay': 1.7074626001153678e-08, 'batch_size': 64, 'epochs': 100}. Best is trial 1 with value: 35.49039433771487.
wandb: setting up run mry5uo74
wandb: Tracking run with wandb version 0.26.1
wandb: Run data is saved locally in /gpfs/home3/scur0511/Probe4Physics/wandb/run-20260505_154920-mry5uo74
wandb: Run `wandb offline` to turn off syncing.
wandb: Syncing run mvp_linear_videomae_v2_vit_giant_16_224_layer_40/trial_0012
wandb: ⭐️ View project at https://wandb.ai/caselli-niccolo-developer-university-of-amsterdam/probe4physics
wandb: 🚀 View run at https://wandb.ai/caselli-niccolo-developer-university-of-amsterdam/probe4physics/runs/mry5uo74
[eval.mvp] Starting eval | split_name=val split_dir=data/splits/mvp/full_60_20_20 predictor_mode=from_file annotation_file=data/annotations/mvp_full.jsonl
[eval.mvp] Loaded split assignments | split_pairs=989 split_samples=1978
[eval.mvp] Prepared samples | n_pairs_before_trim=989 n_samples_before_trim=1978 n_pairs_after_trim=989 n_samples_after_trim=1978 max_pairs=0
[eval.mvp] Generated predictions | n_predictions=1978
[eval.mvp] Scoring complete | accuracy=63.5996 pair_consistency=36.0971 n_pairs=989 n_samples=1978
[eval.mvp] Artifacts written | output_dir=artifacts/probes/mvp_probe_linear_videomae_v2_vit_giant_16_224_20260505T132820Z/layer_40/train/trial_0012/val_eval
wandb: updating run metadata
wandb: uploading output.log; uploading wandb-summary.json; uploading config.yaml
wandb: 
wandb: Run history:
wandb:          epoch ▁▁▂▂▂▂▂▂▂▂▃▃▃▃▃▄▄▄▄▄▅▅▅▅▅▅▆▆▆▆▆▇▇▇▇▇████
wandb: train_accuracy ▁▁▂▂▃▁▃▄▃▄▄▆▄▅▃▃▆▆▅▅▅▅█▄▇▆▆▅▆▆▅▆▆▅▆▅▆▇▅▄
wandb:     train_loss ▃█▃▃▄▃▃▅▃▆▅▃▂▂▃▃▂▃▃▄▃▄▁▄▁▃▄▂▂▁▃▃▂▆▆▄▂▂▅▃
wandb:   val_accuracy ▂▅▂▁▄▃▄▃▄▁▆▁▃▅▄▆▂▆▁█▂▇▃▇▂▁▂▂▇▆▆▇▇▄▁▇██▄▅
wandb:       val_loss ▅▂▃▅▄▂▅▂▂▅▃▁▄▁▂▁▂▃▁▁▁▄▃▂▅▃▃▂▁▄▃▁▁▂█▁▁▁▂▂
wandb: 
wandb: Run summary:
wandb:           best_epoch 99
wandb:    best_val_accuracy 63.5996
wandb:        best_val_loss 0.69222
wandb: checkpoint_best_path artifacts/probes/mvp...
wandb: checkpoint_last_path artifacts/probes/mvp...
wandb:      checkpoint_path artifacts/probes/mvp...
wandb:              dataset mvp
wandb:      elapsed_seconds 16.58684
wandb:                epoch 100
wandb:    feature_signature 7c0fab9616b3b517
wandb:                  +22 ...
wandb: 
wandb: 🚀 View run mvp_linear_videomae_v2_vit_giant_16_224_layer_40/trial_0012 at: https://wandb.ai/caselli-niccolo-developer-university-of-amsterdam/probe4physics/runs/mry5uo74
wandb: ⭐️ View project at: https://wandb.ai/caselli-niccolo-developer-university-of-amsterdam/probe4physics
wandb: Synced 5 W&B file(s), 0 media file(s), 0 artifact file(s) and 0 other file(s)
wandb: Find logs at: ./wandb/run-20260505_154920-mry5uo74/logs
[I 2026-05-05 15:49:38,470] Trial 12 finished with value: 36.09706774519717 and parameters: {'lr': 0.007195474801612276, 'weight_decay': 5.666538349312614e-08, 'batch_size': 64, 'epochs': 100}. Best is trial 12 with value: 36.09706774519717.
wandb: setting up run ih6xbxky
wandb: Tracking run with wandb version 0.26.1
wandb: Run data is saved locally in /gpfs/home3/scur0511/Probe4Physics/wandb/run-20260505_154940-ih6xbxky
wandb: Run `wandb offline` to turn off syncing.
wandb: Syncing run mvp_linear_videomae_v2_vit_giant_16_224_layer_40/trial_0013
wandb: ⭐️ View project at https://wandb.ai/caselli-niccolo-developer-university-of-amsterdam/probe4physics
wandb: 🚀 View run at https://wandb.ai/caselli-niccolo-developer-university-of-amsterdam/probe4physics/runs/ih6xbxky
[eval.mvp] Starting eval | split_name=val split_dir=data/splits/mvp/full_60_20_20 predictor_mode=from_file annotation_file=data/annotations/mvp_full.jsonl
[eval.mvp] Loaded split assignments | split_pairs=989 split_samples=1978
[eval.mvp] Prepared samples | n_pairs_before_trim=989 n_samples_before_trim=1978 n_pairs_after_trim=989 n_samples_after_trim=1978 max_pairs=0
[eval.mvp] Generated predictions | n_predictions=1978
[eval.mvp] Scoring complete | accuracy=63.2457 pair_consistency=33.7715 n_pairs=989 n_samples=1978
[eval.mvp] Artifacts written | output_dir=artifacts/probes/mvp_probe_linear_videomae_v2_vit_giant_16_224_20260505T132820Z/layer_40/train/trial_0013/val_eval
wandb: updating run metadata
wandb: uploading output.log; uploading wandb-summary.json; uploading config.yaml
wandb: 
wandb: Run history:
wandb:          epoch ▁▁▁▁▁▂▂▂▂▂▂▂▃▃▃▃▃▃▃▄▄▄▄▄▄▄▅▅▅▅▆▆▆▆▇▇▇███
wandb: train_accuracy ▁▃▄▃▃▄▄▅▅▅▅▅▆▆▆▅▆▆▇▆▆▆▆▆▇▆▇▆▆▇▇█▆▇▅▇▇█▇█
wandb:     train_loss █▄▅▃▃▆▂▄▃▃▄▄▃▄▂▂▅▄▄▁▂▃▄▃▂▃▁▄▁▃▁▃▁▄▃▂▁▂▂▁
wandb:   val_accuracy ▁▂▂▁▆▅▁▂▂▆▂█▃▇▅▂▄▃▆▅▄▇▅▁▇▃█▅▃▅██▇█▇▅▆▂▇▆
wandb:       val_loss ▂▁▂▁▂▃█▂▂▂▃▂▁▂▁▁▃▂▃▁▄▁▁▁▁█▂▁▁▂▃▁▁▂▁▇▂▁▃▁
wandb: 
wandb: Run summary:
wandb:           best_epoch 63
wandb:    best_val_accuracy 63.2457
wandb:        best_val_loss 0.66846
wandb: checkpoint_best_path artifacts/probes/mvp...
wandb: checkpoint_last_path artifacts/probes/mvp...
wandb:      checkpoint_path artifacts/probes/mvp...
wandb:              dataset mvp
wandb:      elapsed_seconds 22.43166
wandb:                epoch 100
wandb:    feature_signature 7c0fab9616b3b517
wandb:                  +22 ...
wandb: 
wandb: 🚀 View run mvp_linear_videomae_v2_vit_giant_16_224_layer_40/trial_0013 at: https://wandb.ai/caselli-niccolo-developer-university-of-amsterdam/probe4physics/runs/ih6xbxky
wandb: ⭐️ View project at: https://wandb.ai/caselli-niccolo-developer-university-of-amsterdam/probe4physics
wandb: Synced 5 W&B file(s), 0 media file(s), 0 artifact file(s) and 0 other file(s)
wandb: Find logs at: ./wandb/run-20260505_154940-ih6xbxky/logs
[I 2026-05-05 15:50:04,323] Trial 13 finished with value: 33.77148634984833 and parameters: {'lr': 0.002482076244951997, 'weight_decay': 1.0179110443029212e-07, 'batch_size': 32, 'epochs': 100}. Best is trial 12 with value: 36.09706774519717.
wandb: setting up run ehfhu88l
wandb: Tracking run with wandb version 0.26.1
wandb: Run data is saved locally in /gpfs/home3/scur0511/Probe4Physics/wandb/run-20260505_155006-ehfhu88l
wandb: Run `wandb offline` to turn off syncing.
wandb: Syncing run mvp_linear_videomae_v2_vit_giant_16_224_layer_40/trial_0014
wandb: ⭐️ View project at https://wandb.ai/caselli-niccolo-developer-university-of-amsterdam/probe4physics
wandb: 🚀 View run at https://wandb.ai/caselli-niccolo-developer-university-of-amsterdam/probe4physics/runs/ehfhu88l
[eval.mvp] Starting eval | split_name=val split_dir=data/splits/mvp/full_60_20_20 predictor_mode=from_file annotation_file=data/annotations/mvp_full.jsonl
[eval.mvp] Loaded split assignments | split_pairs=989 split_samples=1978
[eval.mvp] Prepared samples | n_pairs_before_trim=989 n_samples_before_trim=1978 n_pairs_after_trim=989 n_samples_after_trim=1978 max_pairs=0
[eval.mvp] Generated predictions | n_predictions=1978
[eval.mvp] Scoring complete | accuracy=60.9201 pair_consistency=29.2214 n_pairs=989 n_samples=1978
[eval.mvp] Artifacts written | output_dir=artifacts/probes/mvp_probe_linear_videomae_v2_vit_giant_16_224_20260505T132820Z/layer_40/train/trial_0014/val_eval
wandb: uploading requirements.txt; uploading wandb-metadata.json; updating run metadata
wandb: 
wandb: Run history:
wandb:          epoch ▁▁▂▂▂▃▃▄▄▄▅▅▅▆▆▇▇▇██
wandb: train_accuracy ▁▃▃▄▃▅▅▅▄▆▆▇▇▆▆▆█▇▇▇
wandb:     train_loss █▂▂▃▂▂▂▂▃▂▂▁▂▂▂▂▂▁▂▂
wandb:   val_accuracy ▂▁▂▂▃▁▆▅▆▄▃▅▄█▂▅▅▂▆▇
wandb:       val_loss ▂▇▄▄▂▄▁▁▂▂▄▅▂▁▇▂▂█▁▁
wandb: 
wandb: Run summary:
wandb:           best_epoch 14
wandb:    best_val_accuracy 60.92012
wandb:        best_val_loss 0.66117
wandb: checkpoint_best_path artifacts/probes/mvp...
wandb: checkpoint_last_path artifacts/probes/mvp...
wandb:      checkpoint_path artifacts/probes/mvp...
wandb:              dataset mvp
wandb:      elapsed_seconds 5.32035
wandb:                epoch 20
wandb:    feature_signature 7c0fab9616b3b517
wandb:                  +22 ...
wandb: 
wandb: 🚀 View run mvp_linear_videomae_v2_vit_giant_16_224_layer_40/trial_0014 at: https://wandb.ai/caselli-niccolo-developer-university-of-amsterdam/probe4physics/runs/ehfhu88l
wandb: ⭐️ View project at: https://wandb.ai/caselli-niccolo-developer-university-of-amsterdam/probe4physics
wandb: Synced 5 W&B file(s), 0 media file(s), 0 artifact file(s) and 0 other file(s)
wandb: Find logs at: ./wandb/run-20260505_155006-ehfhu88l/logs
[I 2026-05-05 15:50:13,151] Trial 14 finished with value: 29.221435793731043 and parameters: {'lr': 0.0027840237249896504, 'weight_decay': 8.715225766565574e-06, 'batch_size': 64, 'epochs': 20}. Best is trial 12 with value: 36.09706774519717.
wandb: setting up run 8zkaq8q5
wandb: Tracking run with wandb version 0.26.1
wandb: Run data is saved locally in /gpfs/home3/scur0511/Probe4Physics/wandb/run-20260505_155015-8zkaq8q5
wandb: Run `wandb offline` to turn off syncing.
wandb: Syncing run mvp_linear_videomae_v2_vit_giant_16_224_layer_40/trial_0015
wandb: ⭐️ View project at https://wandb.ai/caselli-niccolo-developer-university-of-amsterdam/probe4physics
wandb: 🚀 View run at https://wandb.ai/caselli-niccolo-developer-university-of-amsterdam/probe4physics/runs/8zkaq8q5
[eval.mvp] Starting eval | split_name=val split_dir=data/splits/mvp/full_60_20_20 predictor_mode=from_file annotation_file=data/annotations/mvp_full.jsonl
[eval.mvp] Loaded split assignments | split_pairs=989 split_samples=1978
[eval.mvp] Prepared samples | n_pairs_before_trim=989 n_samples_before_trim=1978 n_pairs_after_trim=989 n_samples_after_trim=1978 max_pairs=0
[eval.mvp] Generated predictions | n_predictions=1978
[eval.mvp] Scoring complete | accuracy=64.2568 pair_consistency=34.5804 n_pairs=989 n_samples=1978
[eval.mvp] Artifacts written | output_dir=artifacts/probes/mvp_probe_linear_videomae_v2_vit_giant_16_224_20260505T132820Z/layer_40/train/trial_0015/val_eval
wandb: updating run metadata
wandb: uploading output.log; uploading wandb-summary.json; uploading config.yaml
wandb: 
wandb: Run history:
wandb:          epoch ▁▁▁▁▁▂▂▂▂▂▂▂▂▂▃▃▃▃▃▃▄▄▄▄▄▅▅▅▅▆▆▆▆▆▇█████
wandb: train_accuracy ▁▂▃▃▄▃▅▅▅▅▅▄▆▅▆▅▆▆▅▇▇▅▇▅▆▇▆▆▆▅▆▇▆▆▆▇▆▇▇█
wandb:     train_loss ▆▃▅▅▄▆▃▃▄▃▃▂▃▂▃▃▃▂▁▂▃▃▄▃▂▁▂▃▃▂▄▁▄█▂▃▂▂▁▁
wandb:   val_accuracy ▁▁▂▁▃▆▁▁▁▅▁▆▆▃▂▅▆▇▅▂▂▆▅▄▄▅▅▄█▃█▆▆▆▆▂▇▄▆▆
wandb:       val_loss ▁▄▁▂▁▁▄▂▁▃▁▂▁▄▂▁▃▁▁▁▁▁▂▂▁█▁▃▁▁▂▁▁▁▂▃▂▂▂▁
wandb: 
wandb: Run summary:
wandb:           best_epoch 74
wandb:    best_val_accuracy 64.25683
wandb:        best_val_loss 0.6825
wandb: checkpoint_best_path artifacts/probes/mvp...
wandb: checkpoint_last_path artifacts/probes/mvp...
wandb:      checkpoint_path artifacts/probes/mvp...
wandb:              dataset mvp
wandb:      elapsed_seconds 22.43125
wandb:                epoch 100
wandb:    feature_signature 7c0fab9616b3b517
wandb:                  +22 ...
wandb: 
wandb: 🚀 View run mvp_linear_videomae_v2_vit_giant_16_224_layer_40/trial_0015 at: https://wandb.ai/caselli-niccolo-developer-university-of-amsterdam/probe4physics/runs/8zkaq8q5
wandb: ⭐️ View project at: https://wandb.ai/caselli-niccolo-developer-university-of-amsterdam/probe4physics
wandb: Synced 5 W&B file(s), 0 media file(s), 0 artifact file(s) and 0 other file(s)
wandb: Find logs at: ./wandb/run-20260505_155015-8zkaq8q5/logs
[I 2026-05-05 15:50:39,450] Trial 15 finished with value: 34.580384226491404 and parameters: {'lr': 0.0027009966693264252, 'weight_decay': 7.784698652113688e-06, 'batch_size': 32, 'epochs': 100}. Best is trial 12 with value: 36.09706774519717.
wandb: setting up run 8gce617c
wandb: Tracking run with wandb version 0.26.1
wandb: Run data is saved locally in /gpfs/home3/scur0511/Probe4Physics/wandb/run-20260505_155041-8gce617c
wandb: Run `wandb offline` to turn off syncing.
wandb: Syncing run mvp_linear_videomae_v2_vit_giant_16_224_layer_40/trial_0016
wandb: ⭐️ View project at https://wandb.ai/caselli-niccolo-developer-university-of-amsterdam/probe4physics
wandb: 🚀 View run at https://wandb.ai/caselli-niccolo-developer-university-of-amsterdam/probe4physics/runs/8gce617c
[eval.mvp] Starting eval | split_name=val split_dir=data/splits/mvp/full_60_20_20 predictor_mode=from_file annotation_file=data/annotations/mvp_full.jsonl
[eval.mvp] Loaded split assignments | split_pairs=989 split_samples=1978
[eval.mvp] Prepared samples | n_pairs_before_trim=989 n_samples_before_trim=1978 n_pairs_after_trim=989 n_samples_after_trim=1978 max_pairs=0
[eval.mvp] Generated predictions | n_predictions=1978
[eval.mvp] Scoring complete | accuracy=63.0435 pair_consistency=31.5470 n_pairs=989 n_samples=1978
[eval.mvp] Artifacts written | output_dir=artifacts/probes/mvp_probe_linear_videomae_v2_vit_giant_16_224_20260505T132820Z/layer_40/train/trial_0016/val_eval
wandb: updating run metadata
wandb: uploading wandb-summary.json; uploading config.yaml; uploading output.log
wandb: 
wandb: Run history:
wandb:          epoch ▁▁▁▁▂▂▂▂▂▃▃▃▃▃▃▄▄▄▄▅▅▅▅▅▅▆▆▆▆▆▆▇▇▇▇▇▇███
wandb: train_accuracy ▁▃▁▃▃▅▅▃▇▅▄▇▅▅▅▅▄▆▅▆▆▅▆▅▆▅▇▅▆█▅▇▅▇▆▆█▅▇█
wandb:     train_loss ▃▄▃▃▄▅▄▃▂▄▄▃▄▁▃▃▅▄▃▇▃▃█▃▂▂▅▂▃▂▃▅▃▂▄▅▄▅▂▂
wandb:   val_accuracy ▂▂▃▁▅▅▆▂▂▆▃▆▄▁▅▆▁▃▃▃▅▂▅▂▆▄▇▁▄▂▆▇▂▇▂█▆▅█▇
wandb:       val_loss ▂▂▂▁▆▁▂▃▂▁▂▂▅▂▁▂▁▂▁▁▂█▂▁▆▃▂▃▁▂▁▅▂▄▁▁▂▁▁▁
wandb: 
wandb: Run summary:
wandb:           best_epoch 95
wandb:    best_val_accuracy 63.04348
wandb:        best_val_loss 0.68311
wandb: checkpoint_best_path artifacts/probes/mvp...
wandb: checkpoint_last_path artifacts/probes/mvp...
wandb:      checkpoint_path artifacts/probes/mvp...
wandb:              dataset mvp
wandb:      elapsed_seconds 16.33903
wandb:                epoch 100
wandb:    feature_signature 7c0fab9616b3b517
wandb:                  +22 ...
wandb: 
wandb: 🚀 View run mvp_linear_videomae_v2_vit_giant_16_224_layer_40/trial_0016 at: https://wandb.ai/caselli-niccolo-developer-university-of-amsterdam/probe4physics/runs/8gce617c
wandb: ⭐️ View project at: https://wandb.ai/caselli-niccolo-developer-university-of-amsterdam/probe4physics
wandb: Synced 5 W&B file(s), 0 media file(s), 0 artifact file(s) and 0 other file(s)
wandb: Find logs at: ./wandb/run-20260505_155041-8gce617c/logs
[I 2026-05-05 15:50:59,095] Trial 16 finished with value: 31.547017189079877 and parameters: {'lr': 0.004562261041413879, 'weight_decay': 6.620968834895771e-08, 'batch_size': 64, 'epochs': 100}. Best is trial 12 with value: 36.09706774519717.
wandb: setting up run ngw5sb34
wandb: Tracking run with wandb version 0.26.1
wandb: Run data is saved locally in /gpfs/home3/scur0511/Probe4Physics/wandb/run-20260505_155100-ngw5sb34
wandb: Run `wandb offline` to turn off syncing.
wandb: Syncing run mvp_linear_videomae_v2_vit_giant_16_224_layer_40/trial_0017
wandb: ⭐️ View project at https://wandb.ai/caselli-niccolo-developer-university-of-amsterdam/probe4physics
wandb: 🚀 View run at https://wandb.ai/caselli-niccolo-developer-university-of-amsterdam/probe4physics/runs/ngw5sb34
[eval.mvp] Starting eval | split_name=val split_dir=data/splits/mvp/full_60_20_20 predictor_mode=from_file annotation_file=data/annotations/mvp_full.jsonl
[eval.mvp] Loaded split assignments | split_pairs=989 split_samples=1978
[eval.mvp] Prepared samples | n_pairs_before_trim=989 n_samples_before_trim=1978 n_pairs_after_trim=989 n_samples_after_trim=1978 max_pairs=0
[eval.mvp] Generated predictions | n_predictions=1978
[eval.mvp] Scoring complete | accuracy=62.1840 pair_consistency=32.7604 n_pairs=989 n_samples=1978
[eval.mvp] Artifacts written | output_dir=artifacts/probes/mvp_probe_linear_videomae_v2_vit_giant_16_224_20260505T132820Z/layer_40/train/trial_0017/val_eval
wandb: updating run metadata
wandb: uploading output.log; uploading wandb-summary.json; uploading config.yaml
wandb: 
wandb: Run history:
wandb:          epoch ▁▁▁▁▂▂▂▂▃▃▃▃▃▄▄▄▄▄▄▄▅▅▅▆▆▆▆▆▆▆▆▇▇▇▇▇▇███
wandb: train_accuracy ▁▂▂▂▂▄▄▄▃▅▅▅▅▃▄▆▄▆▇▆▆▇▇▇▇▆▅▆▅▇▇▆▇▄▇▇██▇█
wandb:     train_loss ▅▅▆▅█▄▅▄▆▃▃▅▇▅▃▃▆▃▄▂▃▂▃▂▄▅▄▄▃▂▇▃▂▂▂▄▃▂▃▁
wandb:   val_accuracy ▁▂▁▄▄▅▄▃▅▆▅▅▆▄▁▆▁▄▆▅▂▅▇▅▅▆▂▂▄▃▄▇▄▃▆▆▇▆▆█
wandb:       val_loss ▃▂▃▂▂▅▁█▂▂▂▁▂█▁▂▁▂▂▁▂▂▂▁▂▆▇▄▁▁▃▂▁▂▂▃▁▁▂▁
wandb: 
wandb: Run summary:
wandb:           best_epoch 98
wandb:    best_val_accuracy 62.18402
wandb:        best_val_loss 0.64236
wandb: checkpoint_best_path artifacts/probes/mvp...
wandb: checkpoint_last_path artifacts/probes/mvp...
wandb:      checkpoint_path artifacts/probes/mvp...
wandb:              dataset mvp
wandb:      elapsed_seconds 13.56829
wandb:                epoch 100
wandb:    feature_signature 7c0fab9616b3b517
wandb:                  +22 ...
wandb: 
wandb: 🚀 View run mvp_linear_videomae_v2_vit_giant_16_224_layer_40/trial_0017 at: https://wandb.ai/caselli-niccolo-developer-university-of-amsterdam/probe4physics/runs/ngw5sb34
wandb: ⭐️ View project at: https://wandb.ai/caselli-niccolo-developer-university-of-amsterdam/probe4physics
wandb: Synced 5 W&B file(s), 0 media file(s), 0 artifact file(s) and 0 other file(s)
wandb: Find logs at: ./wandb/run-20260505_155100-ngw5sb34/logs
[I 2026-05-05 15:51:16,284] Trial 17 finished with value: 32.76036400404449 and parameters: {'lr': 0.001189335081129461, 'weight_decay': 9.228568746299936e-05, 'batch_size': 128, 'epochs': 100}. Best is trial 12 with value: 36.09706774519717.
wandb: setting up run wsk54oew
wandb: Tracking run with wandb version 0.26.1
wandb: Run data is saved locally in /gpfs/home3/scur0511/Probe4Physics/wandb/run-20260505_155118-wsk54oew
wandb: Run `wandb offline` to turn off syncing.
wandb: Syncing run mvp_linear_videomae_v2_vit_giant_16_224_layer_40/trial_0018
wandb: ⭐️ View project at https://wandb.ai/caselli-niccolo-developer-university-of-amsterdam/probe4physics
wandb: 🚀 View run at https://wandb.ai/caselli-niccolo-developer-university-of-amsterdam/probe4physics/runs/wsk54oew
[eval.mvp] Starting eval | split_name=val split_dir=data/splits/mvp/full_60_20_20 predictor_mode=from_file annotation_file=data/annotations/mvp_full.jsonl
[eval.mvp] Loaded split assignments | split_pairs=989 split_samples=1978
[eval.mvp] Prepared samples | n_pairs_before_trim=989 n_samples_before_trim=1978 n_pairs_after_trim=989 n_samples_after_trim=1978 max_pairs=0
[eval.mvp] Generated predictions | n_predictions=1978
[eval.mvp] Scoring complete | accuracy=54.9545 pair_consistency=18.8069 n_pairs=989 n_samples=1978
[eval.mvp] Artifacts written | output_dir=artifacts/probes/mvp_probe_linear_videomae_v2_vit_giant_16_224_20260505T132820Z/layer_40/train/trial_0018/val_eval
wandb: updating run metadata
wandb: uploading output.log; uploading wandb-summary.json; uploading config.yaml
wandb: 
wandb: Run history:
wandb:          epoch ▁▁▂▂▂▃▃▄▄▄▅▅▅▆▆▇▇▇██
wandb: train_accuracy ▂▁▁▂▃▅▄▃▃▃▄▅▇▆▆█▇▆▇▇
wandb:     train_loss █▂▂▂▂▂▂▂▁▂▂▁▁▁▁▁▁▁▁▁
wandb:   val_accuracy ▃▄▄▄▄▄▅▅▅▁▅▆▇▇▇███▅▆
wandb:       val_loss ▆▅▄▃▃▃▃▃▃█▂▂▂▁▁▁▁▁▂▂
wandb: 
wandb: Run summary:
wandb:           best_epoch 16
wandb:    best_val_accuracy 54.9545
wandb:        best_val_loss 0.68731
wandb: checkpoint_best_path artifacts/probes/mvp...
wandb: checkpoint_last_path artifacts/probes/mvp...
wandb:      checkpoint_path artifacts/probes/mvp...
wandb:              dataset mvp
wandb:      elapsed_seconds 5.17922
wandb:                epoch 20
wandb:    feature_signature 7c0fab9616b3b517
wandb:                  +22 ...
wandb: 
wandb: 🚀 View run mvp_linear_videomae_v2_vit_giant_16_224_layer_40/trial_0018 at: https://wandb.ai/caselli-niccolo-developer-university-of-amsterdam/probe4physics/runs/wsk54oew
wandb: ⭐️ View project at: https://wandb.ai/caselli-niccolo-developer-university-of-amsterdam/probe4physics
wandb: Synced 5 W&B file(s), 0 media file(s), 0 artifact file(s) and 0 other file(s)
wandb: Find logs at: ./wandb/run-20260505_155118-wsk54oew/logs
[I 2026-05-05 15:51:24,758] Trial 18 finished with value: 18.806875631951467 and parameters: {'lr': 4.720845304099489e-05, 'weight_decay': 1.6437776093272528e-07, 'batch_size': 64, 'epochs': 20}. Best is trial 12 with value: 36.09706774519717.
wandb: setting up run gd8wqae7
wandb: Tracking run with wandb version 0.26.1
wandb: Run data is saved locally in /gpfs/home3/scur0511/Probe4Physics/wandb/run-20260505_155126-gd8wqae7
wandb: Run `wandb offline` to turn off syncing.
wandb: Syncing run mvp_linear_videomae_v2_vit_giant_16_224_layer_40/trial_0019
wandb: ⭐️ View project at https://wandb.ai/caselli-niccolo-developer-university-of-amsterdam/probe4physics
wandb: 🚀 View run at https://wandb.ai/caselli-niccolo-developer-university-of-amsterdam/probe4physics/runs/gd8wqae7
[eval.mvp] Starting eval | split_name=val split_dir=data/splits/mvp/full_60_20_20 predictor_mode=from_file annotation_file=data/annotations/mvp_full.jsonl
[eval.mvp] Loaded split assignments | split_pairs=989 split_samples=1978
[eval.mvp] Prepared samples | n_pairs_before_trim=989 n_samples_before_trim=1978 n_pairs_after_trim=989 n_samples_after_trim=1978 max_pairs=0
[eval.mvp] Generated predictions | n_predictions=1978
[eval.mvp] Scoring complete | accuracy=63.8018 pair_consistency=35.3893 n_pairs=989 n_samples=1978
[eval.mvp] Artifacts written | output_dir=artifacts/probes/mvp_probe_linear_videomae_v2_vit_giant_16_224_20260505T132820Z/layer_40/train/trial_0019/val_eval
wandb: updating run metadata
wandb: uploading output.log; uploading wandb-summary.json; uploading config.yaml
wandb: 
wandb: Run history:
wandb:          epoch ▁▁▁▁▁▂▂▂▂▂▂▂▂▃▃▄▄▄▄▄▅▅▅▅▅▅▅▅▅▅▆▆▆▆▇▇▇███
wandb: train_accuracy ▁▁▂▂▃▄▄▄▄▄▄▅▅▄▆▅▅▆▇▆▆▇▆▆▆▆▆▇▇▇█▇▇▇▇▇██▇█
wandb:     train_loss █▇▅▆▆▃▄▇▇▆▇█▃▅▃▂▁▃▂▄▄▂▃▅▃▂▂▁▄▄▅▂▂▂▃▂▂▁▂▄
wandb:   val_accuracy ▁▂▅▆▂▅▆▁▆▆▅▁▃▄▆▆▆▆▇▆▂▃▄▃▆▆▇▅▆▇▅▇▃▇▅█▂▁▆█
wandb:       val_loss ▁▂▁▂▂▁▁▂▂▁▁█▁▁▂▃▁▁▁▂▁▃▄▂▁▁▁▂▂▁▁▂▁▂▁▅▂▁▁▂
wandb: 
wandb: Run summary:
wandb:           best_epoch 91
wandb:    best_val_accuracy 63.80182
wandb:        best_val_loss 0.63889
wandb: checkpoint_best_path artifacts/probes/mvp...
wandb: checkpoint_last_path artifacts/probes/mvp...
wandb:      checkpoint_path artifacts/probes/mvp...
wandb:              dataset mvp
wandb:      elapsed_seconds 22.22977
wandb:                epoch 100
wandb:    feature_signature 7c0fab9616b3b517
wandb:                  +22 ...
wandb: 
wandb: 🚀 View run mvp_linear_videomae_v2_vit_giant_16_224_layer_40/trial_0019 at: https://wandb.ai/caselli-niccolo-developer-university-of-amsterdam/probe4physics/runs/gd8wqae7
wandb: ⭐️ View project at: https://wandb.ai/caselli-niccolo-developer-university-of-amsterdam/probe4physics
wandb: Synced 5 W&B file(s), 0 media file(s), 0 artifact file(s) and 0 other file(s)
wandb: Find logs at: ./wandb/run-20260505_155126-gd8wqae7/logs
[I 2026-05-05 15:51:50,812] Trial 19 finished with value: 35.38928210313448 and parameters: {'lr': 0.0015470504932079173, 'weight_decay': 3.029570961200363e-06, 'batch_size': 32, 'epochs': 100}. Best is trial 12 with value: 36.09706774519717.
[eval.mvp] Starting eval | split_name=train split_dir=data/splits/mvp/full_60_20_20 predictor_mode=from_file annotation_file=data/annotations/mvp_full.jsonl
[eval.mvp] Loaded split assignments | split_pairs=2965 split_samples=5930
[eval.mvp] Prepared samples | n_pairs_before_trim=2965 n_samples_before_trim=5930 n_pairs_after_trim=2965 n_samples_after_trim=5930 max_pairs=0
[eval.mvp] Generated predictions | n_predictions=5930
[eval.mvp] Scoring complete | accuracy=66.4418 pair_consistency=39.3929 n_pairs=2965 n_samples=5930
[eval.mvp] Artifacts written | output_dir=artifacts/probes/mvp_probe_linear_videomae_v2_vit_giant_16_224_20260505T132820Z/layer_40/eval/train
[eval.mvp] Starting eval | split_name=val split_dir=data/splits/mvp/full_60_20_20 predictor_mode=from_file annotation_file=data/annotations/mvp_full.jsonl
[eval.mvp] Loaded split assignments | split_pairs=989 split_samples=1978
[eval.mvp] Prepared samples | n_pairs_before_trim=989 n_samples_before_trim=1978 n_pairs_after_trim=989 n_samples_after_trim=1978 max_pairs=0
[eval.mvp] Generated predictions | n_predictions=1978
[eval.mvp] Scoring complete | accuracy=63.5996 pair_consistency=36.0971 n_pairs=989 n_samples=1978
[eval.mvp] Artifacts written | output_dir=artifacts/probes/mvp_probe_linear_videomae_v2_vit_giant_16_224_20260505T132820Z/layer_40/eval/val
[eval.mvp] Starting eval | split_name=test split_dir=data/splits/mvp/full_60_20_20 predictor_mode=from_file annotation_file=data/annotations/mvp_full.jsonl
[eval.mvp] Loaded split assignments | split_pairs=989 split_samples=1978
[eval.mvp] Prepared samples | n_pairs_before_trim=989 n_samples_before_trim=1978 n_pairs_after_trim=989 n_samples_after_trim=1978 max_pairs=0
[eval.mvp] Generated predictions | n_predictions=1978
[eval.mvp] Scoring complete | accuracy=62.0829 pair_consistency=33.1648 n_pairs=989 n_samples=1978
[eval.mvp] Artifacts written | output_dir=artifacts/probes/mvp_probe_linear_videomae_v2_vit_giant_16_224_20260505T132820Z/layer_40/eval/test
