============================================================================================== 
Warning! Mixing Conda and module environments may lead to corruption of the
user environment. 
We do not recommend users mixing those two environments unless absolutely
necessary. Note that 
SURF does not provide any support for Conda environment.
For more information, please refer to our software policy page:
https://servicedesk.surf.nl/wiki/display/WIKI/Software+policy+Snellius#SoftwarepolicySnellius-UseofAnacondaandMinicondaenvironmentsonSnellius 

Remember that many packages have already been installed on the system and can
be loaded using 
the 'module load <package__name>' command. If you are uncertain if a package is
already available 
on the system, please use 'module avail' or 'module spider' to search for it.
============================================================================================== 
[I 2026-04-30 12:54:26,872] A new study created in RDB with name: intphys2_mlp_jepa_v2_vitg_384_layer_10
wandb: [wandb.login()] Loaded credentials for https://api.wandb.ai from /home/scur0511/.netrc.
wandb: Currently logged in as: caselli-niccolo-developer (caselli-niccolo-developer-university-of-amsterdam) to https://api.wandb.ai. Use `wandb login --relogin` to force relogin
wandb: Tracking run with wandb version 0.26.1
wandb: Run data is saved locally in /gpfs/home3/scur0511/Probe4Physics/wandb/run-20260430_125430-fsa0g7r1
wandb: Run `wandb offline` to turn off syncing.
wandb: Syncing run intphys2_mlp_jepa_v2_vitg_384_layer_10/trial_0000
wandb: ⭐️ View project at https://wandb.ai/caselli-niccolo-developer-university-of-amsterdam/probe4physics
wandb: 🚀 View run at https://wandb.ai/caselli-niccolo-developer-university-of-amsterdam/probe4physics/runs/fsa0g7r1
[eval.intphys2] Starting eval | split_name=val split_dir=data/splits/intphys2 predictor_mode=from_file metadata_file=data/annotations/intphys2_metadata.csv
[eval.intphys2] Loaded split assignments | split_scenes=51 split_samples=204
[eval.intphys2] Generated predictions | n_predictions=204
[eval.intphys2] Scoring complete | accuracy=50.4902 voe_accuracy=9.8039 n_scenes=51 n_samples=204
[eval.intphys2] Artifacts written | output_dir=artifacts/probes/intphys2/intphys2_probe_mlp_jepa_v2_vitg_384_20260430T105425Z/layer_10/train/trial_0000/val_eval
wandb: updating run metadata
wandb: uploading config.yaml; uploading output.log; uploading wandb-summary.json
wandb: uploading output.log; uploading wandb-summary.json
wandb: 
wandb: Run history:
wandb:          epoch ▁▁▁▁▂▂▂▂▃▃▃▃▃▃▃▄▄▄▄▅▅▅▅▅▅▆▆▆▆▆▆▇▇▇▇▇▇███
wandb: train_accuracy ▆▆▄▅▂▅▄▅▆▅▄▃▇▆██▄▄▄▅▅▅▄▅▄▆▅▅▅▂▆▃▇▃▂▅▇▁▆▇
wandb:     train_loss █▆▆▂▃▃▃▄▅▂▂▁▂▂▂▂▃▁▃▂▁▃▂▃▂▂▂▁▂▂▁▂▂▂▂▃▁▃▁▁
wandb:   val_accuracy █████████████████▁██████████████████████
wandb:       val_loss ▂█▆█▁▁▁▁▂▂▁▁▁▁▃▄▁▁▁▂▁▁▁▁▂▁▁▁▁▁▁▁▁▂▁▁▁▁▁▁
wandb: 
wandb: Run summary:
wandb:           best_epoch 66
wandb:    best_val_accuracy 50.4902
wandb:        best_val_loss 0.69316
wandb: checkpoint_best_path artifacts/probes/int...
wandb: checkpoint_last_path artifacts/probes/int...
wandb:      checkpoint_path artifacts/probes/int...
wandb:              dataset intphys2
wandb:      elapsed_seconds 23.87571
wandb:                epoch 100
wandb:    feature_signature 6370d2c41854f9d5
wandb:                  +22 ...
wandb: 
wandb: 🚀 View run intphys2_mlp_jepa_v2_vitg_384_layer_10/trial_0000 at: https://wandb.ai/caselli-niccolo-developer-university-of-amsterdam/probe4physics/runs/fsa0g7r1
wandb: ⭐️ View project at: https://wandb.ai/caselli-niccolo-developer-university-of-amsterdam/probe4physics
wandb: Synced 5 W&B file(s), 0 media file(s), 0 artifact file(s) and 0 other file(s)
wandb: Find logs at: ./wandb/run-20260430_125430-fsa0g7r1/logs
[I 2026-04-30 12:54:52,249] Trial 0 finished with value: 9.803921568627452 and parameters: {'lr': 0.0001329291894316216, 'weight_decay': 0.005061576888752304, 'batch_size': 32, 'hidden_dims': '1024x512x1024', 'dropout': 0.41622132040021087}. Best is trial 0 with value: 9.803921568627452.
wandb: setting up run cbqmndw1
wandb: Tracking run with wandb version 0.26.1
wandb: Run data is saved locally in /gpfs/home3/scur0511/Probe4Physics/wandb/run-20260430_125452-cbqmndw1
wandb: Run `wandb offline` to turn off syncing.
wandb: Syncing run intphys2_mlp_jepa_v2_vitg_384_layer_10/trial_0001
wandb: ⭐️ View project at https://wandb.ai/caselli-niccolo-developer-university-of-amsterdam/probe4physics
wandb: 🚀 View run at https://wandb.ai/caselli-niccolo-developer-university-of-amsterdam/probe4physics/runs/cbqmndw1
[eval.intphys2] Starting eval | split_name=val split_dir=data/splits/intphys2 predictor_mode=from_file metadata_file=data/annotations/intphys2_metadata.csv
[eval.intphys2] Loaded split assignments | split_scenes=51 split_samples=204
[eval.intphys2] Generated predictions | n_predictions=204
[eval.intphys2] Scoring complete | accuracy=52.4510 voe_accuracy=13.7255 n_scenes=51 n_samples=204
[eval.intphys2] Artifacts written | output_dir=artifacts/probes/intphys2/intphys2_probe_mlp_jepa_v2_vitg_384_20260430T105425Z/layer_10/train/trial_0001/val_eval
wandb: updating run metadata
wandb: uploading output.log; uploading wandb-summary.json; uploading config.yaml; uploading wandb-metadata.json; uploading requirements.txt
wandb: 
wandb: Run history:
wandb:          epoch ▁▁▁▁▁▁▂▂▂▂▂▂▂▃▃▃▃▃▄▄▄▄▄▅▅▅▆▆▆▆▆▆▇▇▇▇▇███
wandb: train_accuracy ▇▅▃▃▅▅▅▃▄▆▃▅▂▇▄▇▄▄█▃▄▃▅▁▁▄▄▅▂▃▄▅▅▆▂▅▆▄▁▅
wandb:     train_loss ▇█▆▁▄▇▄▅▅▂▅▆▃▃▃▂▄▄▃▄▄▂▄▂▄▃▃▃▃▃▂▂▅▄▃▃▃▃▂▃
wandb:   val_accuracy ▅▅▂▄▅▄▆▅▁▄▇▅▁▄▅▄▁▄▅▃▄▂▂▅█▅▅▆▅▂▄▅▂▅▅▂▄▃▇▅
wandb:       val_loss ▃█▂▂▂▂▂▄▁▁▂▁▆▃▁▂▃▁▁▁▂▂▁▃▁▁▂▂▂▁▂▁▁▂▂▁▁▁▅▁
wandb: 
wandb: Run summary:
wandb:           best_epoch 58
wandb:    best_val_accuracy 52.45098
wandb:        best_val_loss 0.69326
wandb: checkpoint_best_path artifacts/probes/int...
wandb: checkpoint_last_path artifacts/probes/int...
wandb:      checkpoint_path artifacts/probes/int...
wandb:              dataset intphys2
wandb:      elapsed_seconds 4.21337
wandb:                epoch 100
wandb:    feature_signature 6370d2c41854f9d5
wandb:                  +22 ...
wandb: 
wandb: 🚀 View run intphys2_mlp_jepa_v2_vitg_384_layer_10/trial_0001 at: https://wandb.ai/caselli-niccolo-developer-university-of-amsterdam/probe4physics/runs/cbqmndw1
wandb: ⭐️ View project at: https://wandb.ai/caselli-niccolo-developer-university-of-amsterdam/probe4physics
wandb: Synced 5 W&B file(s), 0 media file(s), 0 artifact file(s) and 0 other file(s)
wandb: Find logs at: ./wandb/run-20260430_125452-cbqmndw1/logs
[I 2026-04-30 12:54:57,556] Trial 1 finished with value: 13.725490196078432 and parameters: {'lr': 4.335281794951564e-05, 'weight_decay': 1.2329623163659816e-07, 'batch_size': 128, 'hidden_dims': '512', 'dropout': 0.3925879806965068}. Best is trial 1 with value: 13.725490196078432.
wandb: setting up run bfn4tjgr
wandb: Tracking run with wandb version 0.26.1
wandb: Run data is saved locally in /gpfs/home3/scur0511/Probe4Physics/wandb/run-20260430_125457-bfn4tjgr
wandb: Run `wandb offline` to turn off syncing.
wandb: Syncing run intphys2_mlp_jepa_v2_vitg_384_layer_10/trial_0002
wandb: ⭐️ View project at https://wandb.ai/caselli-niccolo-developer-university-of-amsterdam/probe4physics
wandb: 🚀 View run at https://wandb.ai/caselli-niccolo-developer-university-of-amsterdam/probe4physics/runs/bfn4tjgr
[eval.intphys2] Starting eval | split_name=val split_dir=data/splits/intphys2 predictor_mode=from_file metadata_file=data/annotations/intphys2_metadata.csv
[eval.intphys2] Loaded split assignments | split_scenes=51 split_samples=204
[eval.intphys2] Generated predictions | n_predictions=204
[eval.intphys2] Scoring complete | accuracy=51.9608 voe_accuracy=7.8431 n_scenes=51 n_samples=204
[eval.intphys2] Artifacts written | output_dir=artifacts/probes/intphys2/intphys2_probe_mlp_jepa_v2_vitg_384_20260430T105425Z/layer_10/train/trial_0002/val_eval
wandb: updating run metadata
wandb: uploading wandb-metadata.json; uploading requirements.txt; uploading output.log; uploading wandb-summary.json; uploading config.yaml
wandb: uploading history steps 0-99, summary, console lines 0-4
wandb: 
wandb: Run history:
wandb:          epoch ▁▁▂▂▂▂▂▂▂▂▃▃▃▃▃▄▄▄▄▄▄▅▅▅▅▅▅▆▆▆▆▆▇▇▇▇▇▇██
wandb: train_accuracy ▅▄▃▅▅▄▆▄▆▆▇▃▅▅██▄▅▁▃▅▃▃▅▇█▅▅▃▃▃▃▄▄▅▄▅▅▄▆
wandb:     train_loss ▆▇██▆▆▄▅▄▁▅▅▆▄▂▆▄▆▄▄▄▂▃▆▃▅▅▄▄▁▄▄▄▃▄▅▃▃▃▃
wandb:   val_accuracy ▃▅▆▄▄▅▆▄▃▅▆▆▅▃▃▃█▃▁▅▄█▆▃▄▄▂▅▃▅▃▃▆▆▄▃▅▃▄▆
wandb:       val_loss █▄▂▁▂▂▁▁▁▁▃▁▁▂▂▁▁▁▂▁▁▁▁▂▁▁▁▁▁▁▁▁▁▁▁▁▁▁▁▂
wandb: 
wandb: Run summary:
wandb:           best_epoch 54
wandb:    best_val_accuracy 51.96078
wandb:        best_val_loss 0.69348
wandb: checkpoint_best_path artifacts/probes/int...
wandb: checkpoint_last_path artifacts/probes/int...
wandb:      checkpoint_path artifacts/probes/int...
wandb:              dataset intphys2
wandb:      elapsed_seconds 5.30831
wandb:                epoch 100
wandb:    feature_signature 6370d2c41854f9d5
wandb:                  +22 ...
wandb: 
wandb: 🚀 View run intphys2_mlp_jepa_v2_vitg_384_layer_10/trial_0002 at: https://wandb.ai/caselli-niccolo-developer-university-of-amsterdam/probe4physics/runs/bfn4tjgr
wandb: ⭐️ View project at: https://wandb.ai/caselli-niccolo-developer-university-of-amsterdam/probe4physics
wandb: Synced 5 W&B file(s), 0 media file(s), 0 artifact file(s) and 0 other file(s)
wandb: Find logs at: ./wandb/run-20260430_125457-bfn4tjgr/logs
[I 2026-04-30 12:55:04,341] Trial 2 finished with value: 7.8431372549019605 and parameters: {'lr': 3.972110727381908e-05, 'weight_decay': 1.217325250419405e-05, 'batch_size': 128, 'hidden_dims': '1024', 'dropout': 0.34211651325607845}. Best is trial 1 with value: 13.725490196078432.
wandb: setting up run fvr6yt5z
wandb: Tracking run with wandb version 0.26.1
wandb: Run data is saved locally in /gpfs/home3/scur0511/Probe4Physics/wandb/run-20260430_125504-fvr6yt5z
wandb: Run `wandb offline` to turn off syncing.
wandb: Syncing run intphys2_mlp_jepa_v2_vitg_384_layer_10/trial_0003
wandb: ⭐️ View project at https://wandb.ai/caselli-niccolo-developer-university-of-amsterdam/probe4physics
wandb: 🚀 View run at https://wandb.ai/caselli-niccolo-developer-university-of-amsterdam/probe4physics/runs/fvr6yt5z
[eval.intphys2] Starting eval | split_name=val split_dir=data/splits/intphys2 predictor_mode=from_file metadata_file=data/annotations/intphys2_metadata.csv
[eval.intphys2] Loaded split assignments | split_scenes=51 split_samples=204
[eval.intphys2] Generated predictions | n_predictions=204
[eval.intphys2] Scoring complete | accuracy=51.4706 voe_accuracy=19.6078 n_scenes=51 n_samples=204
[eval.intphys2] Artifacts written | output_dir=artifacts/probes/intphys2/intphys2_probe_mlp_jepa_v2_vitg_384_20260430T105425Z/layer_10/train/trial_0003/val_eval
wandb: updating run metadata
wandb: uploading output.log; uploading wandb-summary.json; uploading config.yaml
wandb: 
wandb: Run history:
wandb:          epoch ▁▁▁▂▂▂▂▂▂▂▃▃▃▃▃▃▄▄▄▄▅▅▅▅▅▅▅▆▆▆▆▆▆▇▇▇▇███
wandb: train_accuracy ▁▆▅▄▅▄█▄▄▁▄▇▄▄▅▅▇▆▆▄▃▅▆▃▅▄▆▅▄▄▅█▅▆▅▅▄▅▄▃
wandb:     train_loss █▄▃▄▅▄▂▂▂▃▂▂▂▂▂▂▁▂▂▂▂▂▂▂▂▂▁▁▂▁▁▂▂▂▁▁▁▂▁▁
wandb:   val_accuracy █▅██████████▁███████████████████████████
wandb:       val_loss ▁▄█▁▁▁▁▁▂▁▂▂▁▁▁▁▁▁▁▂▁▁▁▁▂▁▁▁▂▂▁▂▁▁▁▁▁▁▁▂
wandb: 
wandb: Run summary:
wandb:           best_epoch 98
wandb:    best_val_accuracy 51.47059
wandb:        best_val_loss 0.69316
wandb: checkpoint_best_path artifacts/probes/int...
wandb: checkpoint_last_path artifacts/probes/int...
wandb:      checkpoint_path artifacts/probes/int...
wandb:              dataset intphys2
wandb:      elapsed_seconds 8.77981
wandb:                epoch 100
wandb:    feature_signature 6370d2c41854f9d5
wandb:                  +22 ...
wandb: 
wandb: 🚀 View run intphys2_mlp_jepa_v2_vitg_384_layer_10/trial_0003 at: https://wandb.ai/caselli-niccolo-developer-university-of-amsterdam/probe4physics/runs/fvr6yt5z
wandb: ⭐️ View project at: https://wandb.ai/caselli-niccolo-developer-university-of-amsterdam/probe4physics
wandb: Synced 5 W&B file(s), 0 media file(s), 0 artifact file(s) and 0 other file(s)
wandb: Find logs at: ./wandb/run-20260430_125504-fvr6yt5z/logs
[I 2026-04-30 12:55:14,686] Trial 3 finished with value: 19.607843137254903 and parameters: {'lr': 0.00020914981329035596, 'weight_decay': 5.397956855996434e-08, 'batch_size': 128, 'hidden_dims': '1024x512x1024', 'dropout': 0.3875664116805573}. Best is trial 3 with value: 19.607843137254903.
wandb: setting up run aoqc25ja
wandb: Tracking run with wandb version 0.26.1
wandb: Run data is saved locally in /gpfs/home3/scur0511/Probe4Physics/wandb/run-20260430_125514-aoqc25ja
wandb: Run `wandb offline` to turn off syncing.
wandb: Syncing run intphys2_mlp_jepa_v2_vitg_384_layer_10/trial_0004
wandb: ⭐️ View project at https://wandb.ai/caselli-niccolo-developer-university-of-amsterdam/probe4physics
wandb: 🚀 View run at https://wandb.ai/caselli-niccolo-developer-university-of-amsterdam/probe4physics/runs/aoqc25ja
wandb: updating run metadata
wandb: uploading wandb-summary.json; uploading config.yaml
wandb: uploading history steps 0-99, summary
wandb: 
wandb: Run history:
wandb:          epoch ▁▁▁▁▂▂▂▃▃▃▃▃▃▃▃▄▄▄▄▄▅▅▅▅▅▅▆▆▆▆▆▇▇▇▇▇████
wandb: train_accuracy █▆▆▃▄▅▆▄▇▅▆▄▇▅▄▆▃▆▅▆▄▅▃▇▄▄▁▆▇▅▃▅▄▄▁▄▆▄▃▁
wandb:     train_loss █▁▁▁▁▁▁▁▁▁▁▁▁▁▁▁▁▁▁▁▁▁▁▁▁▁▁▁▁▁▁▁▁▁▁▁▁▁▁▁
wandb:   val_accuracy ▁▁▁▁▁▁▁▁▁▁▁▁▁▁▁▁▁▁▁▁▁▁▁▁▁▁▁▁▁▁▁▁▁▁▁▁▁▁▁▁
wandb:       val_loss █▁▃▁▃▂▂▁▁▁▁▁▁▁▁▁▁▁▁▁▁▁▁▁▁▁▁▁▁▁▁▁▁▁▁▁▁▁▁▁
wandb: 
wandb: Run summary:
wandb:          epoch 100
wandb: train_accuracy 50
wandb:     train_loss 0.69668
wandb:   val_accuracy 50
wandb:       val_loss 0.69354
wandb: 
wandb: 🚀 View run intphys2_mlp_jepa_v2_vitg_384_layer_10/trial_0004 at: https://wandb.ai/caselli-niccolo-developer-university-of-amsterdam/probe4physics/runs/aoqc25ja
wandb: ⭐️ View project at: https://wandb.ai/caselli-niccolo-developer-university-of-amsterdam/probe4physics
wandb: Synced 4 W&B file(s), 0 media file(s), 0 artifact file(s) and 0 other file(s)
wandb: Find logs at: ./wandb/run-20260430_125514-aoqc25ja/logs
[I 2026-04-30 12:55:26,271] Trial 4 pruned. Pruned at epoch 100 with val_accuracy=50.0000
wandb: setting up run ej89sq4v
wandb: Tracking run with wandb version 0.26.1
wandb: Run data is saved locally in /gpfs/home3/scur0511/Probe4Physics/wandb/run-20260430_125526-ej89sq4v
wandb: Run `wandb offline` to turn off syncing.
wandb: Syncing run intphys2_mlp_jepa_v2_vitg_384_layer_10/trial_0005
wandb: ⭐️ View project at https://wandb.ai/caselli-niccolo-developer-university-of-amsterdam/probe4physics
wandb: 🚀 View run at https://wandb.ai/caselli-niccolo-developer-university-of-amsterdam/probe4physics/runs/ej89sq4v
[eval.intphys2] Starting eval | split_name=val split_dir=data/splits/intphys2 predictor_mode=from_file metadata_file=data/annotations/intphys2_metadata.csv
[eval.intphys2] Loaded split assignments | split_scenes=51 split_samples=204
[eval.intphys2] Generated predictions | n_predictions=204
[eval.intphys2] Scoring complete | accuracy=52.4510 voe_accuracy=7.8431 n_scenes=51 n_samples=204
[eval.intphys2] Artifacts written | output_dir=artifacts/probes/intphys2/intphys2_probe_mlp_jepa_v2_vitg_384_20260430T105425Z/layer_10/train/trial_0005/val_eval
wandb: updating run metadata
wandb: uploading wandb-metadata.json; uploading requirements.txt; uploading output.log; uploading wandb-summary.json; uploading config.yaml
wandb: 
wandb: Run history:
wandb:          epoch ▁▁▂▂▂▂▂▂▃▃▃▃▃▃▄▄▄▄▄▅▅▅▅▅▅▆▆▆▆▆▆▆▆▆▇▇▇▇▇█
wandb: train_accuracy ▃▃▄▄▅▇█▁▃▅▆▂▄▅▃▄▃▄▂▄▃▇▇▅█▇▆▄▄▅▅▄▄▅▇▅▂▄▆▆
wandb:     train_loss █▄▂▂▂▂▁▂▃▂▁▁▂▁▂▁▁▁▁▁▁▂▂▂▁▁▂▁▂▁▂▁▁▂▁▁▁▁▁▂
wandb:   val_accuracy ▆▆▆▆▆▅▆▅▅▆▆▆▇▄▆▄▆▆▁▄▆▄█▃▅▅▇▆▅▅▅▆▅▆▄▅▆▅▆▆
wandb:       val_loss █▂▂▂▂▁▂▁▁▃▁▁▂▁▄▁▁▁▁▂▁▁▁▁▁▂▁▁▁▁▁▂▂▄▁▂▁▃▂▂
wandb: 
wandb: Run summary:
wandb:           best_epoch 98
wandb:    best_val_accuracy 52.45098
wandb:        best_val_loss 0.69418
wandb: checkpoint_best_path artifacts/probes/int...
wandb: checkpoint_last_path artifacts/probes/int...
wandb:      checkpoint_path artifacts/probes/int...
wandb:              dataset intphys2
wandb:      elapsed_seconds 5.37064
wandb:                epoch 100
wandb:    feature_signature 6370d2c41854f9d5
wandb:                  +22 ...
wandb: 
wandb: 🚀 View run intphys2_mlp_jepa_v2_vitg_384_layer_10/trial_0005 at: https://wandb.ai/caselli-niccolo-developer-university-of-amsterdam/probe4physics/runs/ej89sq4v
wandb: ⭐️ View project at: https://wandb.ai/caselli-niccolo-developer-university-of-amsterdam/probe4physics
wandb: Synced 5 W&B file(s), 0 media file(s), 0 artifact file(s) and 0 other file(s)
wandb: Find logs at: ./wandb/run-20260430_125526-ej89sq4v/logs
[I 2026-04-30 12:55:32,710] Trial 5 finished with value: 7.8431372549019605 and parameters: {'lr': 0.00042470585622618684, 'weight_decay': 7.007213496896406e-08, 'batch_size': 128, 'hidden_dims': '1024', 'dropout': 0.03702232586704518}. Best is trial 3 with value: 19.607843137254903.
wandb: setting up run 4980ocwn
wandb: Tracking run with wandb version 0.26.1
wandb: Run data is saved locally in /gpfs/home3/scur0511/Probe4Physics/wandb/run-20260430_125532-4980ocwn
wandb: Run `wandb offline` to turn off syncing.
wandb: Syncing run intphys2_mlp_jepa_v2_vitg_384_layer_10/trial_0006
wandb: ⭐️ View project at https://wandb.ai/caselli-niccolo-developer-university-of-amsterdam/probe4physics
wandb: 🚀 View run at https://wandb.ai/caselli-niccolo-developer-university-of-amsterdam/probe4physics/runs/4980ocwn
[eval.intphys2] Starting eval | split_name=val split_dir=data/splits/intphys2 predictor_mode=from_file metadata_file=data/annotations/intphys2_metadata.csv
[eval.intphys2] Loaded split assignments | split_scenes=51 split_samples=204
[eval.intphys2] Generated predictions | n_predictions=204
[eval.intphys2] Scoring complete | accuracy=50.9804 voe_accuracy=9.8039 n_scenes=51 n_samples=204
[eval.intphys2] Artifacts written | output_dir=artifacts/probes/intphys2/intphys2_probe_mlp_jepa_v2_vitg_384_20260430T105425Z/layer_10/train/trial_0006/val_eval
wandb: updating run metadata
wandb: uploading wandb-summary.json; uploading config.yaml; uploading output.log
wandb: 
wandb: Run history:
wandb:          epoch ▁▁▁▂▂▂▂▂▂▃▃▃▃▃▃▃▃▄▄▄▄▄▄▅▅▅▅▆▆▆▆▆▇▇▇▇▇███
wandb: train_accuracy ▅▇▆▆█▅▃▅▃▅▅██▄▂▆▄▅▄▃▅▆▅▅▃▁▇█▆▂▃▆▆▆▅▃▅▆▁▅
wandb:     train_loss █▄▄▁▁▂▂▂▁▂▁▂▂▂▁▂▂▂▁▂▁▁▂▁▁▂▂▂▁▁▂▁▂▂▂▂▁▁▁▁
wandb:   val_accuracy ▃▃▃▃▃▃▃▃▃▃▃▃▃▃▃▃▃▃█▃▃▃▃▃▃▃▃▃▃▃▃▃▃▃▁▃▃▃▆▃
wandb:       val_loss █▂▂▁▂▁▁▂▁▁▁▁▂▁▁▁▁▁▁▁▁▁▁▁▁▁▁▁▁▁▁▁▁▁▁▁▁▁▁▁
wandb: 
wandb: Run summary:
wandb:           best_epoch 69
wandb:    best_val_accuracy 50.9804
wandb:        best_val_loss 0.69315
wandb: checkpoint_best_path artifacts/probes/int...
wandb: checkpoint_last_path artifacts/probes/int...
wandb:      checkpoint_path artifacts/probes/int...
wandb:              dataset intphys2
wandb:      elapsed_seconds 15.14784
wandb:                epoch 100
wandb:    feature_signature 6370d2c41854f9d5
wandb:                  +22 ...
wandb: 
wandb: 🚀 View run intphys2_mlp_jepa_v2_vitg_384_layer_10/trial_0006 at: https://wandb.ai/caselli-niccolo-developer-university-of-amsterdam/probe4physics/runs/4980ocwn
wandb: ⭐️ View project at: https://wandb.ai/caselli-niccolo-developer-university-of-amsterdam/probe4physics
wandb: Synced 5 W&B file(s), 0 media file(s), 0 artifact file(s) and 0 other file(s)
wandb: Find logs at: ./wandb/run-20260430_125532-4980ocwn/logs
[I 2026-04-30 12:55:49,104] Trial 6 finished with value: 9.803921568627452 and parameters: {'lr': 0.0001189589673755355, 'weight_decay': 4.9569479327999555e-08, 'batch_size': 32, 'hidden_dims': '1024x512x256', 'dropout': 0.05979712296915085}. Best is trial 3 with value: 19.607843137254903.
wandb: setting up run ubci180z
wandb: Tracking run with wandb version 0.26.1
wandb: Run data is saved locally in /gpfs/home3/scur0511/Probe4Physics/wandb/run-20260430_125549-ubci180z
wandb: Run `wandb offline` to turn off syncing.
wandb: Syncing run intphys2_mlp_jepa_v2_vitg_384_layer_10/trial_0007
wandb: ⭐️ View project at https://wandb.ai/caselli-niccolo-developer-university-of-amsterdam/probe4physics
wandb: 🚀 View run at https://wandb.ai/caselli-niccolo-developer-university-of-amsterdam/probe4physics/runs/ubci180z
[eval.intphys2] Starting eval | split_name=val split_dir=data/splits/intphys2 predictor_mode=from_file metadata_file=data/annotations/intphys2_metadata.csv
[eval.intphys2] Loaded split assignments | split_scenes=51 split_samples=204
[eval.intphys2] Generated predictions | n_predictions=204
[eval.intphys2] Scoring complete | accuracy=50.9804 voe_accuracy=13.7255 n_scenes=51 n_samples=204
[eval.intphys2] Artifacts written | output_dir=artifacts/probes/intphys2/intphys2_probe_mlp_jepa_v2_vitg_384_20260430T105425Z/layer_10/train/trial_0007/val_eval
wandb: updating run metadata
wandb: uploading output.log; uploading wandb-summary.json; uploading config.yaml
wandb: uploading history steps 0-99, summary, console lines 0-4
wandb: 
wandb: Run history:
wandb:          epoch ▁▁▁▁▂▂▂▂▂▂▃▃▃▃▃▃▃▃▄▄▄▅▅▅▅▅▆▆▆▆▆▆▇▇▇▇▇▇██
wandb: train_accuracy ▃▆▁▇▃▆▄▆▆▄▅▇▅▆▆▅▆▆▅▅▇▇█▂▇▇▅▅█▅▇▂▃▄▅▄▄▅▇▅
wandb:     train_loss █▄▂▄▂▃▃▂▂▃▂▁▂▂▂▃▁▃▂▁▂▂▂▁▂▂▁▁▁▁▁▁▂▂▂▂▂▂▁▂
wandb:   val_accuracy ▁▁▁▁▁▁▁▁▁█▁▁▁▁▁▁▁▁▁▁▁▁▁▁▁▁▁▁▁█▁▁▁▁▁▁▁▁▁▁
wandb:       val_loss ▃▂▁▁▆█▆▇▄▁▃▁▁▁▂▁▂▁▁▁▄▁▂▁▁▁▁▁▁▁▁▂▁▁▁▁▁▁▃▁
wandb: 
wandb: Run summary:
wandb:           best_epoch 19
wandb:    best_val_accuracy 50.9804
wandb:        best_val_loss 0.69315
wandb: checkpoint_best_path artifacts/probes/int...
wandb: checkpoint_last_path artifacts/probes/int...
wandb:      checkpoint_path artifacts/probes/int...
wandb:              dataset intphys2
wandb:      elapsed_seconds 10.55962
wandb:                epoch 100
wandb:    feature_signature 6370d2c41854f9d5
wandb:                  +22 ...
wandb: 
wandb: 🚀 View run intphys2_mlp_jepa_v2_vitg_384_layer_10/trial_0007 at: https://wandb.ai/caselli-niccolo-developer-university-of-amsterdam/probe4physics/runs/ubci180z
wandb: ⭐️ View project at: https://wandb.ai/caselli-niccolo-developer-university-of-amsterdam/probe4physics
wandb: Synced 5 W&B file(s), 0 media file(s), 0 artifact file(s) and 0 other file(s)
wandb: Find logs at: ./wandb/run-20260430_125549-ubci180z/logs
[I 2026-04-30 12:56:00,993] Trial 7 finished with value: 13.725490196078432 and parameters: {'lr': 0.0013795402040204172, 'weight_decay': 0.00036703737625293887, 'batch_size': 64, 'hidden_dims': '1024x512x256', 'dropout': 0.2542853455823514}. Best is trial 3 with value: 19.607843137254903.
wandb: setting up run 6i14wvq1
wandb: Tracking run with wandb version 0.26.1
wandb: Run data is saved locally in /gpfs/home3/scur0511/Probe4Physics/wandb/run-20260430_125601-6i14wvq1
wandb: Run `wandb offline` to turn off syncing.
wandb: Syncing run intphys2_mlp_jepa_v2_vitg_384_layer_10/trial_0008
wandb: ⭐️ View project at https://wandb.ai/caselli-niccolo-developer-university-of-amsterdam/probe4physics
wandb: 🚀 View run at https://wandb.ai/caselli-niccolo-developer-university-of-amsterdam/probe4physics/runs/6i14wvq1
[eval.intphys2] Starting eval | split_name=val split_dir=data/splits/intphys2 predictor_mode=from_file metadata_file=data/annotations/intphys2_metadata.csv
[eval.intphys2] Loaded split assignments | split_scenes=51 split_samples=204
[eval.intphys2] Generated predictions | n_predictions=204
[eval.intphys2] Scoring complete | accuracy=52.4510 voe_accuracy=9.8039 n_scenes=51 n_samples=204
[eval.intphys2] Artifacts written | output_dir=artifacts/probes/intphys2/intphys2_probe_mlp_jepa_v2_vitg_384_20260430T105425Z/layer_10/train/trial_0008/val_eval
wandb: updating run metadata
wandb: uploading output.log; uploading wandb-summary.json; uploading config.yaml
wandb: 
wandb: Run history:
wandb:          epoch ▁▁▁▂▂▂▂▂▂▃▃▃▃▃▃▄▄▄▄▄▄▅▅▅▅▅▆▆▆▆▆▇▇▇▇▇▇███
wandb: train_accuracy ▃▇▄▅█▅▅▄▄▆▃▅▂▃▃▅▅▅▅▄▄▆▅▄▃▃▂▅▄▅▅▄▅▅▂▃▇▄▁▃
wandb:     train_loss ▃▂▂▃▄█▇▆▃▃█▃▆▂▃▃▅▂▃▃▂▄▃▁▄▅▁▄▂▂▂▂▃▄▃▂▂▂▃▃
wandb:   val_accuracy ▄▄▄▄▄▄▄▄▄▄▃▄▄▄▄▄▄▄▄▄▄▁▄▄▃▃▃▅█▅▄▄▃▄▄▃▄▅▄▆
wandb:       val_loss ▄▁▁▁▁▃▃▃▂█▁▁▃▁▄▁▁▁▁▁▁▂▂▁▁▁▁▁▁▁▁▃▃▁▁▁▁▁▁▁
wandb: 
wandb: Run summary:
wandb:           best_epoch 100
wandb:    best_val_accuracy 52.45098
wandb:        best_val_loss 0.69355
wandb: checkpoint_best_path artifacts/probes/int...
wandb: checkpoint_last_path artifacts/probes/int...
wandb:      checkpoint_path artifacts/probes/int...
wandb:              dataset intphys2
wandb:      elapsed_seconds 6.99206
wandb:                epoch 100
wandb:    feature_signature 6370d2c41854f9d5
wandb:                  +22 ...
wandb: 
wandb: 🚀 View run intphys2_mlp_jepa_v2_vitg_384_layer_10/trial_0008 at: https://wandb.ai/caselli-niccolo-developer-university-of-amsterdam/probe4physics/runs/6i14wvq1
wandb: ⭐️ View project at: https://wandb.ai/caselli-niccolo-developer-university-of-amsterdam/probe4physics
wandb: Synced 5 W&B file(s), 0 media file(s), 0 artifact file(s) and 0 other file(s)
wandb: Find logs at: ./wandb/run-20260430_125601-6i14wvq1/logs
[I 2026-04-30 12:56:09,101] Trial 8 finished with value: 9.803921568627452 and parameters: {'lr': 0.005280796376895365, 'weight_decay': 3.1315069138816194e-07, 'batch_size': 64, 'hidden_dims': '1024', 'dropout': 0.40183603844955723}. Best is trial 3 with value: 19.607843137254903.
wandb: setting up run bpijcjwi
wandb: Tracking run with wandb version 0.26.1
wandb: Run data is saved locally in /gpfs/home3/scur0511/Probe4Physics/wandb/run-20260430_125609-bpijcjwi
wandb: Run `wandb offline` to turn off syncing.
wandb: Syncing run intphys2_mlp_jepa_v2_vitg_384_layer_10/trial_0009
wandb: ⭐️ View project at https://wandb.ai/caselli-niccolo-developer-university-of-amsterdam/probe4physics
wandb: 🚀 View run at https://wandb.ai/caselli-niccolo-developer-university-of-amsterdam/probe4physics/runs/bpijcjwi
[eval.intphys2] Starting eval | split_name=val split_dir=data/splits/intphys2 predictor_mode=from_file metadata_file=data/annotations/intphys2_metadata.csv
[eval.intphys2] Loaded split assignments | split_scenes=51 split_samples=204
[eval.intphys2] Generated predictions | n_predictions=204
[eval.intphys2] Scoring complete | accuracy=50.9804 voe_accuracy=9.8039 n_scenes=51 n_samples=204
[eval.intphys2] Artifacts written | output_dir=artifacts/probes/intphys2/intphys2_probe_mlp_jepa_v2_vitg_384_20260430T105425Z/layer_10/train/trial_0009/val_eval
wandb: updating run metadata
wandb: uploading history steps 0-99, summary, console lines 0-4
wandb: 
wandb: Run history:
wandb:          epoch ▁▁▁▁▁▂▂▂▂▃▃▃▃▃▄▄▄▄▄▅▅▅▅▅▅▆▆▆▆▆▇▇▇▇▇▇▇▇▇█
wandb: train_accuracy ▅▅▃▅▄▃▆▆▆█▆▄▇▄▃▆▄▄▇▂▆▄▅▇▅▅▅▅▅█▅▃▃▅▅▆▃▅▆▁
wandb:     train_loss ▆█▇▆▆█▃▃▃▄▂▅▄▄▃▁▅▄▃▅▃▂▃▅▄▂▃▄▃▄▃▃▄▄▂▄▂▃▂▄
wandb:   val_accuracy ▆▆▆▆▆▃▅▆▅▆▆▄▁▅▄▇▆▆▂▆▆▇▄▇▆▇▅▄▅▄▆▄▅▆█▅▇▅▄▆
wandb:       val_loss █▂▂▂▁▂▃▂▁▁▁▁▁▁▁▃▁▁▁▁▁▂▁▁▂▂▂▁▁▁▁▁▁▁▁▁▁▁▁▁
wandb: 
wandb: Run summary:
wandb:           best_epoch 99
wandb:    best_val_accuracy 50.9804
wandb:        best_val_loss 0.69322
wandb: checkpoint_best_path artifacts/probes/int...
wandb: checkpoint_last_path artifacts/probes/int...
wandb:      checkpoint_path artifacts/probes/int...
wandb:              dataset intphys2
wandb:      elapsed_seconds 7.8493
wandb:                epoch 100
wandb:    feature_signature 6370d2c41854f9d5
wandb:                  +22 ...
wandb: 
wandb: 🚀 View run intphys2_mlp_jepa_v2_vitg_384_layer_10/trial_0009 at: https://wandb.ai/caselli-niccolo-developer-university-of-amsterdam/probe4physics/runs/bpijcjwi
wandb: ⭐️ View project at: https://wandb.ai/caselli-niccolo-developer-university-of-amsterdam/probe4physics
wandb: Synced 5 W&B file(s), 0 media file(s), 0 artifact file(s) and 0 other file(s)
wandb: Find logs at: ./wandb/run-20260430_125609-bpijcjwi/logs
[I 2026-04-30 12:56:18,386] Trial 9 finished with value: 9.803921568627452 and parameters: {'lr': 3.6283583803549155e-05, 'weight_decay': 0.0022664909586669274, 'batch_size': 128, 'hidden_dims': '1024x512x256', 'dropout': 0.25537365128878287}. Best is trial 3 with value: 19.607843137254903.
wandb: setting up run bdteep8p
wandb: Tracking run with wandb version 0.26.1
wandb: Run data is saved locally in /gpfs/home3/scur0511/Probe4Physics/wandb/run-20260430_125618-bdteep8p
wandb: Run `wandb offline` to turn off syncing.
wandb: Syncing run intphys2_mlp_jepa_v2_vitg_384_layer_10/trial_0010
wandb: ⭐️ View project at https://wandb.ai/caselli-niccolo-developer-university-of-amsterdam/probe4physics
wandb: 🚀 View run at https://wandb.ai/caselli-niccolo-developer-university-of-amsterdam/probe4physics/runs/bdteep8p
[eval.intphys2] Starting eval | split_name=val split_dir=data/splits/intphys2 predictor_mode=from_file metadata_file=data/annotations/intphys2_metadata.csv
[eval.intphys2] Loaded split assignments | split_scenes=51 split_samples=204
[eval.intphys2] Generated predictions | n_predictions=204
[eval.intphys2] Scoring complete | accuracy=53.9216 voe_accuracy=13.7255 n_scenes=51 n_samples=204
[eval.intphys2] Artifacts written | output_dir=artifacts/probes/intphys2/intphys2_probe_mlp_jepa_v2_vitg_384_20260430T105425Z/layer_10/train/trial_0010/val_eval
wandb: updating run metadata
wandb: uploading wandb-summary.json; uploading config.yaml; uploading wandb-metadata.json; uploading requirements.txt; uploading output.log
wandb: 
wandb: Run history:
wandb:          epoch ▁▁▁▁▂▂▂▂▂▂▃▃▃▃▃▄▄▄▄▄▄▄▄▅▅▅▅▅▅▆▆▆▆▇▇▇▇███
wandb: train_accuracy ▂▆▅▄▅▆▃▃▅▃▃▇▅▃▆▅█▆▄▃▄▆▃▄▁▄▅▇▅▂▂▅▆█▅▄▇▅▃▅
wandb:     train_loss █▃▃▂▁▂▂▁▂▁▂▂▁▁▂▁▂▂▂▂▂▂▂▁▁▂▁▂▁▁▁▁▂▁▂▂▁▂▂▁
wandb:   val_accuracy ▅▅▅▅▅▃▆▆▅▇▆▅▇▃▃▅▇▅▅▃▆▃▅▅▆▇▇▅▃█▅▅▆▃▃█▁▅▅▅
wandb:       val_loss █▃▄▂▁▂▁▁▁▁▁▁▁▁▁▁▁▁▂▁▁▁▁▁▁▁▁▁▁▂▁▁▁▁▁▁▁▁▁▁
wandb: 
wandb: Run summary:
wandb:           best_epoch 62
wandb:    best_val_accuracy 53.92157
wandb:        best_val_loss 0.69328
wandb: checkpoint_best_path artifacts/probes/int...
wandb: checkpoint_last_path artifacts/probes/int...
wandb:      checkpoint_path artifacts/probes/int...
wandb:              dataset intphys2
wandb:      elapsed_seconds 3.58088
wandb:                epoch 100
wandb:    feature_signature 6370d2c41854f9d5
wandb:                  +22 ...
wandb: 
wandb: 🚀 View run intphys2_mlp_jepa_v2_vitg_384_layer_10/trial_0010 at: https://wandb.ai/caselli-niccolo-developer-university-of-amsterdam/probe4physics/runs/bdteep8p
wandb: ⭐️ View project at: https://wandb.ai/caselli-niccolo-developer-university-of-amsterdam/probe4physics
wandb: Synced 5 W&B file(s), 0 media file(s), 0 artifact file(s) and 0 other file(s)
wandb: Find logs at: ./wandb/run-20260430_125618-bdteep8p/logs
[I 2026-04-30 12:56:23,056] Trial 10 finished with value: 13.725490196078432 and parameters: {'lr': 0.0006214470800679864, 'weight_decay': 2.406615493983363e-06, 'batch_size': 256, 'hidden_dims': '256', 'dropout': 0.4897336959208015}. Best is trial 3 with value: 19.607843137254903.
wandb: setting up run qbe5tkjt
wandb: Tracking run with wandb version 0.26.1
wandb: Run data is saved locally in /gpfs/home3/scur0511/Probe4Physics/wandb/run-20260430_125623-qbe5tkjt
wandb: Run `wandb offline` to turn off syncing.
wandb: Syncing run intphys2_mlp_jepa_v2_vitg_384_layer_10/trial_0011
wandb: ⭐️ View project at https://wandb.ai/caselli-niccolo-developer-university-of-amsterdam/probe4physics
wandb: 🚀 View run at https://wandb.ai/caselli-niccolo-developer-university-of-amsterdam/probe4physics/runs/qbe5tkjt
[eval.intphys2] Starting eval | split_name=val split_dir=data/splits/intphys2 predictor_mode=from_file metadata_file=data/annotations/intphys2_metadata.csv
[eval.intphys2] Loaded split assignments | split_scenes=51 split_samples=204
[eval.intphys2] Generated predictions | n_predictions=204
[eval.intphys2] Scoring complete | accuracy=51.9608 voe_accuracy=9.8039 n_scenes=51 n_samples=204
[eval.intphys2] Artifacts written | output_dir=artifacts/probes/intphys2/intphys2_probe_mlp_jepa_v2_vitg_384_20260430T105425Z/layer_10/train/trial_0011/val_eval
wandb: updating run metadata
wandb: uploading config.yaml; uploading wandb-metadata.json; uploading requirements.txt; uploading output.log; uploading wandb-summary.json
wandb: 
wandb: Run history:
wandb:          epoch ▁▁▁▁▂▂▂▂▃▃▃▄▄▄▄▄▄▄▅▅▅▅▅▆▆▆▆▆▆▆▇▇▇▇▇▇████
wandb: train_accuracy ▄▆▂▇▃▅▆▅▅▅▄▃▇▄▂▃▇▂▆█▃█▃▃▄▄▅▅▄▃▁▃▅▄▅▄▄▁▃▄
wandb:     train_loss ▇█▄▁▃▆▄▆▄▅▅▇▂▃▃▄▆▂▅▄▁▄▄▄▄▃▅▆▄▃▆▃▃▃▃▃▂▂▁▄
wandb:   val_accuracy ▅▄▆▆▄▆▆▃▄▅▆▁▄▄▃▃▃▃▃▅▆▄▆▄▆▂▃▃▄▅▃▃▇▆▆▃▆▆▅█
wandb:       val_loss ▇█▃▃▂▂▂▂▂▂▂▂▂▃▂▂▂▂▂▂▁▁▂▂▁▁▂▁▁▁▁▁▁▁▁▁▁▁▂▁
wandb: 
wandb: Run summary:
wandb:           best_epoch 100
wandb:    best_val_accuracy 51.96078
wandb:        best_val_loss 0.69322
wandb: checkpoint_best_path artifacts/probes/int...
wandb: checkpoint_last_path artifacts/probes/int...
wandb:      checkpoint_path artifacts/probes/int...
wandb:              dataset intphys2
wandb:      elapsed_seconds 4.35239
wandb:                epoch 100
wandb:    feature_signature 6370d2c41854f9d5
wandb:                  +22 ...
wandb: 
wandb: 🚀 View run intphys2_mlp_jepa_v2_vitg_384_layer_10/trial_0011 at: https://wandb.ai/caselli-niccolo-developer-university-of-amsterdam/probe4physics/runs/qbe5tkjt
wandb: ⭐️ View project at: https://wandb.ai/caselli-niccolo-developer-university-of-amsterdam/probe4physics
wandb: Synced 5 W&B file(s), 0 media file(s), 0 artifact file(s) and 0 other file(s)
wandb: Find logs at: ./wandb/run-20260430_125623-qbe5tkjt/logs
[I 2026-04-30 12:56:28,860] Trial 11 finished with value: 9.803921568627452 and parameters: {'lr': 1.3066991237906973e-05, 'weight_decay': 1.2404201083947842e-08, 'batch_size': 128, 'hidden_dims': '512', 'dropout': 0.35363989009295443}. Best is trial 3 with value: 19.607843137254903.
wandb: setting up run y3v8eylh
wandb: Tracking run with wandb version 0.26.1
wandb: Run data is saved locally in /gpfs/home3/scur0511/Probe4Physics/wandb/run-20260430_125629-y3v8eylh
wandb: Run `wandb offline` to turn off syncing.
wandb: Syncing run intphys2_mlp_jepa_v2_vitg_384_layer_10/trial_0012
wandb: ⭐️ View project at https://wandb.ai/caselli-niccolo-developer-university-of-amsterdam/probe4physics
wandb: 🚀 View run at https://wandb.ai/caselli-niccolo-developer-university-of-amsterdam/probe4physics/runs/y3v8eylh
[eval.intphys2] Starting eval | split_name=val split_dir=data/splits/intphys2 predictor_mode=from_file metadata_file=data/annotations/intphys2_metadata.csv
[eval.intphys2] Loaded split assignments | split_scenes=51 split_samples=204
[eval.intphys2] Generated predictions | n_predictions=204
[eval.intphys2] Scoring complete | accuracy=51.9608 voe_accuracy=11.7647 n_scenes=51 n_samples=204
[eval.intphys2] Artifacts written | output_dir=artifacts/probes/intphys2/intphys2_probe_mlp_jepa_v2_vitg_384_20260430T105425Z/layer_10/train/trial_0012/val_eval
wandb: updating run metadata
wandb: uploading output.log; uploading wandb-summary.json; uploading config.yaml
wandb: 
wandb: Run history:
wandb:          epoch ▁▁▁▁▂▂▂▂▂▃▃▃▃▄▄▄▄▄▄▄▅▅▅▅▅▅▅▆▆▆▆▆▇▇▇▇▇███
wandb: train_accuracy ▅▅▇▂▆▅█▄▄▇▅▆▇▃▃▅▅▆▇▁▆▇▄█▆▆▇▅█▄▄▃▆▆▅▅▇█▇▆
wandb:     train_loss █▄▆▅▃▁▃▃▂▂▂▂▃▂▁▂▃▂▃▃▂▂▂▃▂▂▂▂▁▁▁▂▁▂▂▂▂▂▂▁
wandb:   val_accuracy ██████▁█████████████████████████████████
wandb:       val_loss █▄▂▁▂▁▁▁▁▁▁▁▁▁▁▁▁▁▁▁▁▁▁▁▁▁▁▁▁▁▁▁▁▁▁▁▁▁▁▁
wandb: 
wandb: Run summary:
wandb:           best_epoch 51
wandb:    best_val_accuracy 51.96078
wandb:        best_val_loss 0.69318
wandb: checkpoint_best_path artifacts/probes/int...
wandb: checkpoint_last_path artifacts/probes/int...
wandb:      checkpoint_path artifacts/probes/int...
wandb:              dataset intphys2
wandb:      elapsed_seconds 8.86043
wandb:                epoch 100
wandb:    feature_signature 6370d2c41854f9d5
wandb:                  +22 ...
wandb: 
wandb: 🚀 View run intphys2_mlp_jepa_v2_vitg_384_layer_10/trial_0012 at: https://wandb.ai/caselli-niccolo-developer-university-of-amsterdam/probe4physics/runs/y3v8eylh
wandb: ⭐️ View project at: https://wandb.ai/caselli-niccolo-developer-university-of-amsterdam/probe4physics
wandb: Synced 5 W&B file(s), 0 media file(s), 0 artifact file(s) and 0 other file(s)
wandb: Find logs at: ./wandb/run-20260430_125629-y3v8eylh/logs
[I 2026-04-30 12:56:38,894] Trial 12 finished with value: 11.76470588235294 and parameters: {'lr': 0.00010177144759734894, 'weight_decay': 1.369453656731483e-06, 'batch_size': 128, 'hidden_dims': '1024x512x1024', 'dropout': 0.4963858120676766}. Best is trial 3 with value: 19.607843137254903.
wandb: setting up run zgzuwm2a
wandb: Tracking run with wandb version 0.26.1
wandb: Run data is saved locally in /gpfs/home3/scur0511/Probe4Physics/wandb/run-20260430_125639-zgzuwm2a
wandb: Run `wandb offline` to turn off syncing.
wandb: Syncing run intphys2_mlp_jepa_v2_vitg_384_layer_10/trial_0013
wandb: ⭐️ View project at https://wandb.ai/caselli-niccolo-developer-university-of-amsterdam/probe4physics
wandb: 🚀 View run at https://wandb.ai/caselli-niccolo-developer-university-of-amsterdam/probe4physics/runs/zgzuwm2a
[eval.intphys2] Starting eval | split_name=val split_dir=data/splits/intphys2 predictor_mode=from_file metadata_file=data/annotations/intphys2_metadata.csv
[eval.intphys2] Loaded split assignments | split_scenes=51 split_samples=204
[eval.intphys2] Generated predictions | n_predictions=204
[eval.intphys2] Scoring complete | accuracy=52.4510 voe_accuracy=13.7255 n_scenes=51 n_samples=204
[eval.intphys2] Artifacts written | output_dir=artifacts/probes/intphys2/intphys2_probe_mlp_jepa_v2_vitg_384_20260430T105425Z/layer_10/train/trial_0013/val_eval
wandb: updating run metadata
wandb: uploading wandb-metadata.json; uploading requirements.txt; uploading output.log; uploading wandb-summary.json; uploading config.yaml
wandb: 
wandb: Run history:
wandb:          epoch ▁▁▁▁▁▂▂▂▃▃▃▃▃▃▄▄▄▄▄▅▅▅▅▅▅▆▆▆▆▆▇▇▇▇▇▇████
wandb: train_accuracy ▄▃▂▂█▆▂▃▅▄▅▁▄▄▄▅▃▂▁▄▄▆▂▃▅▂▆▄▄▂▇▃▅▁▅▃▃▂▅▇
wandb:     train_loss █▅▅▃▆▂▅▃▅▅▄▆▅▅▄▃▄▄▅▃▃▂▃▂▅▃▂▃▂▂▂▃▂▂▂▁▃▃▄▃
wandb:   val_accuracy ▄▅▅▄▃█▆▆▇▁▅▄▇▆▆▃▆▄▆▅▄▅▅▆▄▅▄▄▄▄▄▃▃▄▄▄▄▄▅▆
wandb:       val_loss ▄▄▃▃▅▅▆██▆▂▂▂▂▂▅▅▃▂▃▃▂▁▁▁▂▁▃▃▂▁▁▁▁▅▃▂▁▁▁
wandb: 
wandb: Run summary:
wandb:           best_epoch 36
wandb:    best_val_accuracy 52.45098
wandb:        best_val_loss 0.69317
wandb: checkpoint_best_path artifacts/probes/int...
wandb: checkpoint_last_path artifacts/probes/int...
wandb:      checkpoint_path artifacts/probes/int...
wandb:              dataset intphys2
wandb:      elapsed_seconds 4.40532
wandb:                epoch 100
wandb:    feature_signature 6370d2c41854f9d5
wandb:                  +22 ...
wandb: 
wandb: 🚀 View run intphys2_mlp_jepa_v2_vitg_384_layer_10/trial_0013 at: https://wandb.ai/caselli-niccolo-developer-university-of-amsterdam/probe4physics/runs/zgzuwm2a
wandb: ⭐️ View project at: https://wandb.ai/caselli-niccolo-developer-university-of-amsterdam/probe4physics
wandb: Synced 5 W&B file(s), 0 media file(s), 0 artifact file(s) and 0 other file(s)
wandb: Find logs at: ./wandb/run-20260430_125639-zgzuwm2a/logs
[I 2026-04-30 12:56:44,444] Trial 13 finished with value: 13.725490196078432 and parameters: {'lr': 1.65537248114985e-05, 'weight_decay': 2.752617495528307e-05, 'batch_size': 256, 'hidden_dims': '512x256', 'dropout': 0.3229282203516206}. Best is trial 3 with value: 19.607843137254903.
wandb: setting up run 70w0nnrg
wandb: Tracking run with wandb version 0.26.1
wandb: Run data is saved locally in /gpfs/home3/scur0511/Probe4Physics/wandb/run-20260430_125644-70w0nnrg
wandb: Run `wandb offline` to turn off syncing.
wandb: Syncing run intphys2_mlp_jepa_v2_vitg_384_layer_10/trial_0014
wandb: ⭐️ View project at https://wandb.ai/caselli-niccolo-developer-university-of-amsterdam/probe4physics
wandb: 🚀 View run at https://wandb.ai/caselli-niccolo-developer-university-of-amsterdam/probe4physics/runs/70w0nnrg
[eval.intphys2] Starting eval | split_name=val split_dir=data/splits/intphys2 predictor_mode=from_file metadata_file=data/annotations/intphys2_metadata.csv
[eval.intphys2] Loaded split assignments | split_scenes=51 split_samples=204
[eval.intphys2] Generated predictions | n_predictions=204
[eval.intphys2] Scoring complete | accuracy=52.4510 voe_accuracy=11.7647 n_scenes=51 n_samples=204
[eval.intphys2] Artifacts written | output_dir=artifacts/probes/intphys2/intphys2_probe_mlp_jepa_v2_vitg_384_20260430T105425Z/layer_10/train/trial_0014/val_eval
wandb: updating run metadata
wandb: uploading wandb-metadata.json; uploading requirements.txt; uploading output.log; uploading wandb-summary.json; uploading config.yaml
wandb: 
wandb: Run history:
wandb:          epoch ▁▁▁▁▂▂▂▂▂▂▂▂▃▃▃▃▃▄▄▄▄▄▄▅▅▅▅▅▆▆▆▆▆▇▇▇▇▇██
wandb: train_accuracy ▁▇█▅▅█▂▆▆▃▆▆▆▆▅▅▇▄▇▄▃▅▅▄▃▃▅▇▆▃▄▃▄▆▆▅▅▇▄█
wandb:     train_loss █▂▂▂▂▁▂▁▁▂▁▂▂▂▁▁▁▂▁▂▂▂▁▃▂▁▂▂▁▁▁▁▂▂▃▂▂▁▂▂
wandb:   val_accuracy ▅▅▅▅▅▆▅▅▆▅▃▅▅▄▅▅▅▅▆▃▅▅█▅▅█▅▅▅▅▆▆▅▁▅▅▅▅▆▅
wandb:       val_loss █▅▂▁▁▂▂▂▃▁▂▁▁▁▂▁▁▂▁▂▂▃▁▁▁▁▂▁▁▁▁▁▄▁▂▁▄▃▂▂
wandb: 
wandb: Run summary:
wandb:           best_epoch 80
wandb:    best_val_accuracy 52.45098
wandb:        best_val_loss 0.69374
wandb: checkpoint_best_path artifacts/probes/int...
wandb: checkpoint_last_path artifacts/probes/int...
wandb:      checkpoint_path artifacts/probes/int...
wandb:              dataset intphys2
wandb:      elapsed_seconds 4.34078
wandb:                epoch 100
wandb:    feature_signature 6370d2c41854f9d5
wandb:                  +22 ...
wandb: 
wandb: 🚀 View run intphys2_mlp_jepa_v2_vitg_384_layer_10/trial_0014 at: https://wandb.ai/caselli-niccolo-developer-university-of-amsterdam/probe4physics/runs/70w0nnrg
wandb: ⭐️ View project at: https://wandb.ai/caselli-niccolo-developer-university-of-amsterdam/probe4physics
wandb: Synced 5 W&B file(s), 0 media file(s), 0 artifact file(s) and 0 other file(s)
wandb: Find logs at: ./wandb/run-20260430_125644-70w0nnrg/logs
[I 2026-04-30 12:56:49,906] Trial 14 finished with value: 11.76470588235294 and parameters: {'lr': 0.0014273458272148231, 'weight_decay': 1.1515940798049283e-08, 'batch_size': 128, 'hidden_dims': '512', 'dropout': 0.17381671524829134}. Best is trial 3 with value: 19.607843137254903.
wandb: setting up run 81vehlz5
wandb: Tracking run with wandb version 0.26.1
wandb: Run data is saved locally in /gpfs/home3/scur0511/Probe4Physics/wandb/run-20260430_125650-81vehlz5
wandb: Run `wandb offline` to turn off syncing.
wandb: Syncing run intphys2_mlp_jepa_v2_vitg_384_layer_10/trial_0015
wandb: ⭐️ View project at https://wandb.ai/caselli-niccolo-developer-university-of-amsterdam/probe4physics
wandb: 🚀 View run at https://wandb.ai/caselli-niccolo-developer-university-of-amsterdam/probe4physics/runs/81vehlz5
[eval.intphys2] Starting eval | split_name=val split_dir=data/splits/intphys2 predictor_mode=from_file metadata_file=data/annotations/intphys2_metadata.csv
[eval.intphys2] Loaded split assignments | split_scenes=51 split_samples=204
[eval.intphys2] Generated predictions | n_predictions=204
[eval.intphys2] Scoring complete | accuracy=52.4510 voe_accuracy=13.7255 n_scenes=51 n_samples=204
[eval.intphys2] Artifacts written | output_dir=artifacts/probes/intphys2/intphys2_probe_mlp_jepa_v2_vitg_384_20260430T105425Z/layer_10/train/trial_0015/val_eval
wandb: updating run metadata
wandb: uploading wandb-metadata.json; uploading requirements.txt; uploading output.log; uploading wandb-summary.json; uploading config.yaml
wandb: 
wandb: Run history:
wandb:          epoch ▁▁▂▂▂▂▂▂▃▃▃▃▃▃▃▄▄▄▄▄▅▅▅▅▅▅▆▆▆▆▆▇▇▇▇▇▇███
wandb: train_accuracy ▆▃█▄▁▅▄▅▄▄▃▃▄▄▄▃▆▃▆▅▂▃▅▄▅▇▄▂▅▆▁▃▃▃▅▅▄▃▃▃
wandb:     train_loss █▅▆▁▇▄▆▅▅▅▃▅▅▅▅▆▃▅▂▂▄▃▂▃▅▄▂▄▁▃▄▃▃▅▃▂▃▃▃▃
wandb:   val_accuracy ▅▅▅▅▄▂▅▅▅▅▅▆▇▂▇▇█▅▅▅▄▅▅▂▄▅▅▄▄▄▄▄▂▇▄▁▅▆▄▂
wandb:       val_loss ▄▃▇▅▂▂▇▄▁▁▄▃▁▄▂▁▁▁▁▂▂▁▂▂▂▂▂▂▂▁▂▄▃▂▂▂▂▂█▂
wandb: 
wandb: Run summary:
wandb:           best_epoch 41
wandb:    best_val_accuracy 52.45098
wandb:        best_val_loss 0.69323
wandb: checkpoint_best_path artifacts/probes/int...
wandb: checkpoint_last_path artifacts/probes/int...
wandb:      checkpoint_path artifacts/probes/int...
wandb:              dataset intphys2
wandb:      elapsed_seconds 4.34223
wandb:                epoch 100
wandb:    feature_signature 6370d2c41854f9d5
wandb:                  +22 ...
wandb: 
wandb: 🚀 View run intphys2_mlp_jepa_v2_vitg_384_layer_10/trial_0015 at: https://wandb.ai/caselli-niccolo-developer-university-of-amsterdam/probe4physics/runs/81vehlz5
wandb: ⭐️ View project at: https://wandb.ai/caselli-niccolo-developer-university-of-amsterdam/probe4physics
wandb: Synced 5 W&B file(s), 0 media file(s), 0 artifact file(s) and 0 other file(s)
wandb: Find logs at: ./wandb/run-20260430_125650-81vehlz5/logs
[I 2026-04-30 12:56:55,526] Trial 15 finished with value: 13.725490196078432 and parameters: {'lr': 4.655369766457565e-05, 'weight_decay': 3.390790591139899e-07, 'batch_size': 128, 'hidden_dims': '512', 'dropout': 0.41382511772033487}. Best is trial 3 with value: 19.607843137254903.
wandb: Tracking run with wandb version 0.26.1
wandb: Run data is saved locally in /gpfs/home3/scur0511/Probe4Physics/wandb/run-20260430_125655-0wa1rh95
wandb: Run `wandb offline` to turn off syncing.
wandb: Syncing run intphys2_mlp_jepa_v2_vitg_384_layer_10/trial_0016
wandb: ⭐️ View project at https://wandb.ai/caselli-niccolo-developer-university-of-amsterdam/probe4physics
wandb: 🚀 View run at https://wandb.ai/caselli-niccolo-developer-university-of-amsterdam/probe4physics/runs/0wa1rh95
[eval.intphys2] Starting eval | split_name=val split_dir=data/splits/intphys2 predictor_mode=from_file metadata_file=data/annotations/intphys2_metadata.csv
[eval.intphys2] Loaded split assignments | split_scenes=51 split_samples=204
[eval.intphys2] Generated predictions | n_predictions=204
[eval.intphys2] Scoring complete | accuracy=51.4706 voe_accuracy=11.7647 n_scenes=51 n_samples=204
[eval.intphys2] Artifacts written | output_dir=artifacts/probes/intphys2/intphys2_probe_mlp_jepa_v2_vitg_384_20260430T105425Z/layer_10/train/trial_0016/val_eval
wandb: updating run metadata
wandb: uploading output.log; uploading wandb-summary.json; uploading config.yaml
wandb: uploading config.yaml
wandb: 
wandb: Run history:
wandb:          epoch ▁▁▁▁▂▂▂▂▂▂▃▃▃▃▃▄▄▄▄▄▄▄▄▄▅▅▅▆▆▆▆▇▇▇▇▇▇███
wandb: train_accuracy ▇▄▆▄▁▂▅▂█▃▆▂▅▅▃█▃▃▁▄▃▄▅▄▅▅▄▂▇▅▃▅▅▃▄▂▅▄▃▄
wandb:     train_loss ▇▆██▅▅▅▂▃▄▃▁▃▄▁▂▅▃▃▂▂▃▂▄▄▃▄▃▃▃▃▃▁▃▃▂▃▁▃▃
wandb:   val_accuracy ███████████▁██▁█████████████████████████
wandb:       val_loss ▅█▅▂▁▁▁▁▁▂▁▁▁▁▁▁▁▁▃▁▁▁▁▁▃▁▁▂▁▁▂▁▁▁▁▁▁▃▂▁
wandb: 
wandb: Run summary:
wandb:           best_epoch 68
wandb:    best_val_accuracy 51.47059
wandb:        best_val_loss 0.69317
wandb: checkpoint_best_path artifacts/probes/int...
wandb: checkpoint_last_path artifacts/probes/int...
wandb:      checkpoint_path artifacts/probes/int...
wandb:              dataset intphys2
wandb:      elapsed_seconds 8.72123
wandb:                epoch 100
wandb:    feature_signature 6370d2c41854f9d5
wandb:                  +22 ...
wandb: 
wandb: 🚀 View run intphys2_mlp_jepa_v2_vitg_384_layer_10/trial_0016 at: https://wandb.ai/caselli-niccolo-developer-university-of-amsterdam/probe4physics/runs/0wa1rh95
wandb: ⭐️ View project at: https://wandb.ai/caselli-niccolo-developer-university-of-amsterdam/probe4physics
wandb: Synced 5 W&B file(s), 0 media file(s), 0 artifact file(s) and 0 other file(s)
wandb: Find logs at: ./wandb/run-20260430_125655-0wa1rh95/logs
[I 2026-04-30 12:57:05,732] Trial 16 finished with value: 11.76470588235294 and parameters: {'lr': 0.00021746110248022917, 'weight_decay': 6.38010832871044e-05, 'batch_size': 128, 'hidden_dims': '1024x512x1024', 'dropout': 0.3066273921667468}. Best is trial 3 with value: 19.607843137254903.
wandb: setting up run m9h87tjs
wandb: Tracking run with wandb version 0.26.1
wandb: Run data is saved locally in /gpfs/home3/scur0511/Probe4Physics/wandb/run-20260430_125705-m9h87tjs
wandb: Run `wandb offline` to turn off syncing.
wandb: Syncing run intphys2_mlp_jepa_v2_vitg_384_layer_10/trial_0017
wandb: ⭐️ View project at https://wandb.ai/caselli-niccolo-developer-university-of-amsterdam/probe4physics
wandb: 🚀 View run at https://wandb.ai/caselli-niccolo-developer-university-of-amsterdam/probe4physics/runs/m9h87tjs
[eval.intphys2] Starting eval | split_name=val split_dir=data/splits/intphys2 predictor_mode=from_file metadata_file=data/annotations/intphys2_metadata.csv
[eval.intphys2] Loaded split assignments | split_scenes=51 split_samples=204
[eval.intphys2] Generated predictions | n_predictions=204
[eval.intphys2] Scoring complete | accuracy=51.9608 voe_accuracy=13.7255 n_scenes=51 n_samples=204
[eval.intphys2] Artifacts written | output_dir=artifacts/probes/intphys2/intphys2_probe_mlp_jepa_v2_vitg_384_20260430T105425Z/layer_10/train/trial_0017/val_eval
wandb: updating run metadata
wandb: uploading requirements.txt; uploading output.log; uploading wandb-summary.json; uploading config.yaml; uploading wandb-metadata.json
wandb: 
wandb: Run history:
wandb:          epoch ▁▁▁▁▁▂▂▂▂▂▃▃▃▃▃▄▄▄▄▄▅▅▅▅▅▅▆▆▆▆▆▇▇▇▇█████
wandb: train_accuracy ▁▆█▃▃▅▃▇▂▃▁▃▆▄▄▆▆▂▄▅▅▆▄▅▇▅▄▃▂▃▄▄▃▄▇▃▃▃▂▆
wandb:     train_loss ▇█▇▃▂▅▄▄▇▅▄▂▂▃▃▂▃▂▁▃▃▄▃▂▃▃▄▄▂▂▂▃▃▂▃▄▃▃▃▂
wandb:   val_accuracy ▂▅▆▅█▃▃▁▃▃▆▃▅▃▃▂▃▃▃▂▃▃▃▅▅▇▃▃▂▅▆▃▂▂▆▆▃▃▃▆
wandb:       val_loss ▂▃▂▂▄▃█▂▃▄▂▃▃▅▁▂▄▂▁▁▁▁▁▁▂▁▁▁▁▁▁▁▂▁▁▃▂▁▂▂
wandb: 
wandb: Run summary:
wandb:           best_epoch 60
wandb:    best_val_accuracy 51.96078
wandb:        best_val_loss 0.69317
wandb: checkpoint_best_path artifacts/probes/int...
wandb: checkpoint_last_path artifacts/probes/int...
wandb:      checkpoint_path artifacts/probes/int...
wandb:              dataset intphys2
wandb:      elapsed_seconds 4.56279
wandb:                epoch 100
wandb:    feature_signature 6370d2c41854f9d5
wandb:                  +22 ...
wandb: 
wandb: 🚀 View run intphys2_mlp_jepa_v2_vitg_384_layer_10/trial_0017 at: https://wandb.ai/caselli-niccolo-developer-university-of-amsterdam/probe4physics/runs/m9h87tjs
wandb: ⭐️ View project at: https://wandb.ai/caselli-niccolo-developer-university-of-amsterdam/probe4physics
wandb: Synced 5 W&B file(s), 0 media file(s), 0 artifact file(s) and 0 other file(s)
wandb: Find logs at: ./wandb/run-20260430_125705-m9h87tjs/logs
[I 2026-04-30 12:57:11,455] Trial 17 finished with value: 13.725490196078432 and parameters: {'lr': 6.899589074560928e-05, 'weight_decay': 1.6210925182026607e-07, 'batch_size': 256, 'hidden_dims': '512x256', 'dropout': 0.43980696336325614}. Best is trial 3 with value: 19.607843137254903.
wandb: setting up run r6cdc7ya
wandb: Tracking run with wandb version 0.26.1
wandb: Run data is saved locally in /gpfs/home3/scur0511/Probe4Physics/wandb/run-20260430_125711-r6cdc7ya
wandb: Run `wandb offline` to turn off syncing.
wandb: Syncing run intphys2_mlp_jepa_v2_vitg_384_layer_10/trial_0018
wandb: ⭐️ View project at https://wandb.ai/caselli-niccolo-developer-university-of-amsterdam/probe4physics
wandb: 🚀 View run at https://wandb.ai/caselli-niccolo-developer-university-of-amsterdam/probe4physics/runs/r6cdc7ya
[eval.intphys2] Starting eval | split_name=val split_dir=data/splits/intphys2 predictor_mode=from_file metadata_file=data/annotations/intphys2_metadata.csv
[eval.intphys2] Loaded split assignments | split_scenes=51 split_samples=204
[eval.intphys2] Generated predictions | n_predictions=204
[eval.intphys2] Scoring complete | accuracy=51.9608 voe_accuracy=11.7647 n_scenes=51 n_samples=204
[eval.intphys2] Artifacts written | output_dir=artifacts/probes/intphys2/intphys2_probe_mlp_jepa_v2_vitg_384_20260430T105425Z/layer_10/train/trial_0018/val_eval
wandb: uploading wandb-metadata.json; uploading requirements.txt; updating run metadata
wandb: uploading output.log; uploading wandb-summary.json; uploading config.yaml
wandb: 
wandb: Run history:
wandb:          epoch ▁▁▁▂▂▂▂▂▂▃▃▃▃▃▃▃▃▄▄▄▄▄▄▄▄▅▅▅▅▅▆▆▆▇▇▇████
wandb: train_accuracy ▅▄▅▄▅▆▂▃▇▇▅▅▃▅▅▆▆▇▅▆▅▆▅▄▆▇▃▄▆▆▄▅▅█▁▄▅▆▄█
wandb:     train_loss ▇█▇▃▆█▆▃▄▅▄▄▄▃▇▅▄▃▃▂▁▆▃▄▃▃▂▃▂▄▂▂▃▁▅▃▃▂▂▁
wandb:   val_accuracy ▅▅▅▅▅▅▅▅▅▅▇▆▅▅▇▄▅▃▆▅▆▄▆▅▄▆▅▅▅█▁▅▅▅▅▅▅▅▅▅
wandb:       val_loss █▃▂▃▂▄▃▂▂▁▁▂▁▁▁▁▁▁▁▁▂▁▁▁▁▁▁▁▁▁▂▁▂▁▁▁▁▁▁▁
wandb: 
wandb: Run summary:
wandb:           best_epoch 10
wandb:    best_val_accuracy 51.96078
wandb:        best_val_loss 0.69322
wandb: checkpoint_best_path artifacts/probes/int...
wandb: checkpoint_last_path artifacts/probes/int...
wandb:      checkpoint_path artifacts/probes/int...
wandb:              dataset intphys2
wandb:      elapsed_seconds 6.00577
wandb:                epoch 100
wandb:    feature_signature 6370d2c41854f9d5
wandb:                  +22 ...
wandb: 
wandb: 🚀 View run intphys2_mlp_jepa_v2_vitg_384_layer_10/trial_0018 at: https://wandb.ai/caselli-niccolo-developer-university-of-amsterdam/probe4physics/runs/r6cdc7ya
wandb: ⭐️ View project at: https://wandb.ai/caselli-niccolo-developer-university-of-amsterdam/probe4physics
wandb: Synced 5 W&B file(s), 0 media file(s), 0 artifact file(s) and 0 other file(s)
wandb: Find logs at: ./wandb/run-20260430_125711-r6cdc7ya/logs
[I 2026-04-30 12:57:18,519] Trial 18 finished with value: 11.76470588235294 and parameters: {'lr': 0.0007820833328059761, 'weight_decay': 1.8351857274498734e-06, 'batch_size': 32, 'hidden_dims': '256', 'dropout': 0.20302011499753378}. Best is trial 3 with value: 19.607843137254903.
wandb: setting up run h47zlx0g
wandb: Tracking run with wandb version 0.26.1
wandb: Run data is saved locally in /gpfs/home3/scur0511/Probe4Physics/wandb/run-20260430_125718-h47zlx0g
wandb: Run `wandb offline` to turn off syncing.
wandb: Syncing run intphys2_mlp_jepa_v2_vitg_384_layer_10/trial_0019
wandb: ⭐️ View project at https://wandb.ai/caselli-niccolo-developer-university-of-amsterdam/probe4physics
wandb: 🚀 View run at https://wandb.ai/caselli-niccolo-developer-university-of-amsterdam/probe4physics/runs/h47zlx0g
[eval.intphys2] Starting eval | split_name=val split_dir=data/splits/intphys2 predictor_mode=from_file metadata_file=data/annotations/intphys2_metadata.csv
[eval.intphys2] Loaded split assignments | split_scenes=51 split_samples=204
[eval.intphys2] Generated predictions | n_predictions=204
[eval.intphys2] Scoring complete | accuracy=53.9216 voe_accuracy=11.7647 n_scenes=51 n_samples=204
[eval.intphys2] Artifacts written | output_dir=artifacts/probes/intphys2/intphys2_probe_mlp_jepa_v2_vitg_384_20260430T105425Z/layer_10/train/trial_0019/val_eval
wandb: updating run metadata
wandb: uploading requirements.txt; uploading output.log; uploading wandb-summary.json; uploading config.yaml; uploading wandb-metadata.json
wandb: uploading history steps 0-99, summary, console lines 0-4
wandb: 
wandb: Run history:
wandb:          epoch ▁▁▂▂▂▂▃▃▃▄▄▄▄▄▄▄▄▄▅▅▅▅▅▅▅▅▆▆▆▆▆▆▆▇▇▇▇▇██
wandb: train_accuracy ▄▁▅▄▅▆▄▃▇▃▂▆▂▂▃▄▅▃▄▄▃█▃▃▃▂▅▂▄▂▆▅▃▁▄▃▅▁▂▃
wandb:     train_loss ▇▅▅▅▄▆▅▆█▃▅▄▆▃▇▆▆▄▅▄▅▂▅▅▅▅▄▃▅▁▄▆▄▄▃▄▃▄▄▃
wandb:   val_accuracy ▂▃▃▄▂▂▂▆▂▃▅▅▃▃▂▂▃█▆▅▅▆▆▃▂▂▅▃▂▁▄▄▃▄▃▃▅▃▃▄
wandb:       val_loss ▃█▃▃▂▂▁▁▂▃▁▁▁▁▁▁▁▁▁▁▁▁▁▂▁▁▁▁▁▁▁▁▁▂▁▁▁▁▁▁
wandb: 
wandb: Run summary:
wandb:           best_epoch 44
wandb:    best_val_accuracy 53.92157
wandb:        best_val_loss 0.69323
wandb: checkpoint_best_path artifacts/probes/int...
wandb: checkpoint_last_path artifacts/probes/int...
wandb:      checkpoint_path artifacts/probes/int...
wandb:              dataset intphys2
wandb:      elapsed_seconds 4.33257
wandb:                epoch 100
wandb:    feature_signature 6370d2c41854f9d5
wandb:                  +22 ...
wandb: 
wandb: 🚀 View run intphys2_mlp_jepa_v2_vitg_384_layer_10/trial_0019 at: https://wandb.ai/caselli-niccolo-developer-university-of-amsterdam/probe4physics/runs/h47zlx0g
wandb: ⭐️ View project at: https://wandb.ai/caselli-niccolo-developer-university-of-amsterdam/probe4physics
wandb: Synced 5 W&B file(s), 0 media file(s), 0 artifact file(s) and 0 other file(s)
wandb: Find logs at: ./wandb/run-20260430_125718-h47zlx0g/logs
[I 2026-04-30 12:57:24,311] Trial 19 finished with value: 11.76470588235294 and parameters: {'lr': 2.2513479574604037e-05, 'weight_decay': 3.200201796773642e-08, 'batch_size': 128, 'hidden_dims': '512', 'dropout': 0.37470863504028146}. Best is trial 3 with value: 19.607843137254903.
[eval.intphys2] Starting eval | split_name=train split_dir=data/splits/intphys2 predictor_mode=from_file metadata_file=data/annotations/intphys2_metadata.csv
[eval.intphys2] Loaded split assignments | split_scenes=151 split_samples=604
[eval.intphys2] Generated predictions | n_predictions=604
[eval.intphys2] Scoring complete | accuracy=50.8278 voe_accuracy=22.5166 n_scenes=151 n_samples=604
[eval.intphys2] Artifacts written | output_dir=artifacts/probes/intphys2/intphys2_probe_mlp_jepa_v2_vitg_384_20260430T105425Z/layer_10/eval/train
[eval.intphys2] Starting eval | split_name=val split_dir=data/splits/intphys2 predictor_mode=from_file metadata_file=data/annotations/intphys2_metadata.csv
[eval.intphys2] Loaded split assignments | split_scenes=51 split_samples=204
[eval.intphys2] Generated predictions | n_predictions=204
[eval.intphys2] Scoring complete | accuracy=51.4706 voe_accuracy=19.6078 n_scenes=51 n_samples=204
[eval.intphys2] Artifacts written | output_dir=artifacts/probes/intphys2/intphys2_probe_mlp_jepa_v2_vitg_384_20260430T105425Z/layer_10/eval/val
[eval.intphys2] Starting eval | split_name=test split_dir=data/splits/intphys2 predictor_mode=from_file metadata_file=data/annotations/intphys2_metadata.csv
[eval.intphys2] Loaded split assignments | split_scenes=51 split_samples=204
[eval.intphys2] Generated predictions | n_predictions=204
[eval.intphys2] Scoring complete | accuracy=50.0000 voe_accuracy=13.7255 n_scenes=51 n_samples=204
[eval.intphys2] Artifacts written | output_dir=artifacts/probes/intphys2/intphys2_probe_mlp_jepa_v2_vitg_384_20260430T105425Z/layer_10/eval/test
[I 2026-04-30 12:57:24,704] A new study created in RDB with name: intphys2_mlp_jepa_v2_vitg_384_layer_20
wandb: setting up run a6qbghk8
wandb: Tracking run with wandb version 0.26.1
wandb: Run data is saved locally in /gpfs/home3/scur0511/Probe4Physics/wandb/run-20260430_125724-a6qbghk8
wandb: Run `wandb offline` to turn off syncing.
wandb: Syncing run intphys2_mlp_jepa_v2_vitg_384_layer_20/trial_0000
wandb: ⭐️ View project at https://wandb.ai/caselli-niccolo-developer-university-of-amsterdam/probe4physics
wandb: 🚀 View run at https://wandb.ai/caselli-niccolo-developer-university-of-amsterdam/probe4physics/runs/a6qbghk8
[eval.intphys2] Starting eval | split_name=val split_dir=data/splits/intphys2 predictor_mode=from_file metadata_file=data/annotations/intphys2_metadata.csv
[eval.intphys2] Loaded split assignments | split_scenes=51 split_samples=204
[eval.intphys2] Generated predictions | n_predictions=204
[eval.intphys2] Scoring complete | accuracy=50.0000 voe_accuracy=13.7255 n_scenes=51 n_samples=204
[eval.intphys2] Artifacts written | output_dir=artifacts/probes/intphys2/intphys2_probe_mlp_jepa_v2_vitg_384_20260430T105425Z/layer_20/train/trial_0000/val_eval
wandb: updating run metadata
wandb: uploading config.yaml; uploading output.log; uploading wandb-summary.json
wandb: 
wandb: Run history:
wandb:          epoch ▁▁▁▁▁▂▂▂▂▃▃▃▃▃▃▄▄▄▄▄▄▄▅▅▅▅▅▅▅▆▆▆▆▆▇▇▇███
wandb: train_accuracy ▅▅▇▅▄▆▅▃▄▄▅▄▂▄▁▆▇▅▄█▅▆▅▅▃▆▆▃▅▅▃▂▅▃▃█▂▄▂█
wandb:     train_loss █▅▂▄▄▃▃▃▅▂▂▂▂▂▂▂▃▃▂▂▂▂▂▂▂▂▃▃▂▁▂▃▂▂▂▂▂▁▂▂
wandb:   val_accuracy ▁▁▁▁▁▁▁▁▁▁▁▁▁▁▁▁▁▁▁▁▁▁▁▁▁▁▁▁▁▁▁▁▁▁▁▁▁▁▁▁
wandb:       val_loss ▂█▁▂▅▂▁▂▁▂▁▁▁▃▁▂▁▁▂▂▁▁▁▁▁▁▁▁▁▁▁▁▁▁▁▁▁▁▁▁
wandb: 
wandb: Run summary:
wandb:           best_epoch 85
wandb:    best_val_accuracy 50
wandb:        best_val_loss 0.69314
wandb: checkpoint_best_path artifacts/probes/int...
wandb: checkpoint_last_path artifacts/probes/int...
wandb:      checkpoint_path artifacts/probes/int...
wandb:              dataset intphys2
wandb:      elapsed_seconds 17.70154
wandb:                epoch 100
wandb:    feature_signature 6370d2c41854f9d5
wandb:                  +22 ...
wandb: 
wandb: 🚀 View run intphys2_mlp_jepa_v2_vitg_384_layer_20/trial_0000 at: https://wandb.ai/caselli-niccolo-developer-university-of-amsterdam/probe4physics/runs/a6qbghk8
wandb: ⭐️ View project at: https://wandb.ai/caselli-niccolo-developer-university-of-amsterdam/probe4physics
wandb: Synced 5 W&B file(s), 0 media file(s), 0 artifact file(s) and 0 other file(s)
wandb: Find logs at: ./wandb/run-20260430_125724-a6qbghk8/logs
[I 2026-04-30 12:57:43,508] Trial 0 finished with value: 13.725490196078432 and parameters: {'lr': 0.0001329291894316216, 'weight_decay': 0.005061576888752304, 'batch_size': 32, 'hidden_dims': '1024x512x1024', 'dropout': 0.41622132040021087}. Best is trial 0 with value: 13.725490196078432.
wandb: setting up run mpe8za7n
wandb: Tracking run with wandb version 0.26.1
wandb: Run data is saved locally in /gpfs/home3/scur0511/Probe4Physics/wandb/run-20260430_125743-mpe8za7n
wandb: Run `wandb offline` to turn off syncing.
wandb: Syncing run intphys2_mlp_jepa_v2_vitg_384_layer_20/trial_0001
wandb: ⭐️ View project at https://wandb.ai/caselli-niccolo-developer-university-of-amsterdam/probe4physics
wandb: 🚀 View run at https://wandb.ai/caselli-niccolo-developer-university-of-amsterdam/probe4physics/runs/mpe8za7n
[eval.intphys2] Starting eval | split_name=val split_dir=data/splits/intphys2 predictor_mode=from_file metadata_file=data/annotations/intphys2_metadata.csv
[eval.intphys2] Loaded split assignments | split_scenes=51 split_samples=204
[eval.intphys2] Generated predictions | n_predictions=204
[eval.intphys2] Scoring complete | accuracy=52.9412 voe_accuracy=19.6078 n_scenes=51 n_samples=204
[eval.intphys2] Artifacts written | output_dir=artifacts/probes/intphys2/intphys2_probe_mlp_jepa_v2_vitg_384_20260430T105425Z/layer_20/train/trial_0001/val_eval
wandb: updating run metadata
wandb: uploading wandb-metadata.json; uploading requirements.txt; uploading output.log; uploading wandb-summary.json; uploading config.yaml
wandb: 
wandb: Run history:
wandb:          epoch ▁▁▁▁▂▂▂▂▂▃▃▃▃▃▄▄▄▄▄▄▅▅▅▅▅▅▅▆▆▆▆▇▇▇▇▇▇▇██
wandb: train_accuracy ▂▃▅▄▅▃▅▃▃▇▂▃▄▄▃▃▅▆▃▆▆▃▃▄▃▂▆█▅▃▂▅▃▅▆▃▁▁▆▄
wandb:     train_loss █▆▄▄▅▅▃▃▄▂▄▃▃▄▃▃▃▃▃▃▃▃▃▂▃▃▂▃▂▂▃▃▃▂▂▄▂▁▂▂
wandb:   val_accuracy ▄▄▄▄▆▅█▂▇▄▅▅▅▄▅▄▃▂▅██▄▅▃▅▅▆▄▃▄▅▄▃▃▁▂▄▃▄▃
wandb:       val_loss ██▂▁▁▁▂▁▁▁▁▁▂▁▁▁▁▁▁▁▁▁▁▁▁▁▁▁▁▁▁▁▁▁▁▁▂▁▁▁
wandb: 
wandb: Run summary:
wandb:           best_epoch 87
wandb:    best_val_accuracy 52.94118
wandb:        best_val_loss 0.69315
wandb: checkpoint_best_path artifacts/probes/int...
wandb: checkpoint_last_path artifacts/probes/int...
wandb:      checkpoint_path artifacts/probes/int...
wandb:              dataset intphys2
wandb:      elapsed_seconds 4.22813
wandb:                epoch 100
wandb:    feature_signature 6370d2c41854f9d5
wandb:                  +22 ...
wandb: 
wandb: 🚀 View run intphys2_mlp_jepa_v2_vitg_384_layer_20/trial_0001 at: https://wandb.ai/caselli-niccolo-developer-university-of-amsterdam/probe4physics/runs/mpe8za7n
wandb: ⭐️ View project at: https://wandb.ai/caselli-niccolo-developer-university-of-amsterdam/probe4physics
wandb: Synced 5 W&B file(s), 0 media file(s), 0 artifact file(s) and 0 other file(s)
wandb: Find logs at: ./wandb/run-20260430_125743-mpe8za7n/logs
[I 2026-04-30 12:57:48,878] Trial 1 finished with value: 19.607843137254903 and parameters: {'lr': 4.335281794951564e-05, 'weight_decay': 1.2329623163659816e-07, 'batch_size': 128, 'hidden_dims': '512', 'dropout': 0.3925879806965068}. Best is trial 1 with value: 19.607843137254903.
wandb: setting up run j64zoxs0
wandb: Tracking run with wandb version 0.26.1
wandb: Run data is saved locally in /gpfs/home3/scur0511/Probe4Physics/wandb/run-20260430_125749-j64zoxs0
wandb: Run `wandb offline` to turn off syncing.
wandb: Syncing run intphys2_mlp_jepa_v2_vitg_384_layer_20/trial_0002
wandb: ⭐️ View project at https://wandb.ai/caselli-niccolo-developer-university-of-amsterdam/probe4physics
wandb: 🚀 View run at https://wandb.ai/caselli-niccolo-developer-university-of-amsterdam/probe4physics/runs/j64zoxs0
[eval.intphys2] Starting eval | split_name=val split_dir=data/splits/intphys2 predictor_mode=from_file metadata_file=data/annotations/intphys2_metadata.csv
[eval.intphys2] Loaded split assignments | split_scenes=51 split_samples=204
[eval.intphys2] Generated predictions | n_predictions=204
[eval.intphys2] Scoring complete | accuracy=51.9608 voe_accuracy=11.7647 n_scenes=51 n_samples=204
[eval.intphys2] Artifacts written | output_dir=artifacts/probes/intphys2/intphys2_probe_mlp_jepa_v2_vitg_384_20260430T105425Z/layer_20/train/trial_0002/val_eval
wandb: updating run metadata
wandb: uploading config.yaml; uploading wandb-metadata.json; uploading requirements.txt; uploading output.log; uploading wandb-summary.json
wandb: 
wandb: Run history:
wandb:          epoch ▁▁▂▂▂▂▂▂▃▃▃▃▃▃▃▃▃▄▄▄▄▅▅▅▅▅▅▅▆▆▆▇▇▇▇▇▇███
wandb: train_accuracy ▆▁▅▄▃█▆▃▆▅▃█▄▅▅▄▃▆▃▇▄▇▃▅▇▅█▅▄▆▆▃▆▆▆▅▅▅▄█
wandb:     train_loss ██▄▆▄▃▅▁▃▅▁▄▃▅▄▅▅▂▄▂▄▄▂▂▃▂▃▃▂▃▂▃▂▃▄▂▂▃▂▃
wandb:   val_accuracy ▆▆▆▆▄▆▅▄▅▆▁█▄▇▇▇▆▇▆▇▅▆▇▆▅▇▅▇▅▆▆▇▅▆▅▇▅▅▅▆
wandb:       val_loss █▂▁▁▁▁▂▂▁▁▁▁▂▁▁▁▁▁▁▁▁▁▁▁▁▁▁▁▁▁▁▁▁▁▁▁▁▁▂▂
wandb: 
wandb: Run summary:
wandb:           best_epoch 99
wandb:    best_val_accuracy 51.96078
wandb:        best_val_loss 0.69344
wandb: checkpoint_best_path artifacts/probes/int...
wandb: checkpoint_last_path artifacts/probes/int...
wandb:      checkpoint_path artifacts/probes/int...
wandb:              dataset intphys2
wandb:      elapsed_seconds 5.43686
wandb:                epoch 100
wandb:    feature_signature 6370d2c41854f9d5
wandb:                  +22 ...
wandb: 
wandb: 🚀 View run intphys2_mlp_jepa_v2_vitg_384_layer_20/trial_0002 at: https://wandb.ai/caselli-niccolo-developer-university-of-amsterdam/probe4physics/runs/j64zoxs0
wandb: ⭐️ View project at: https://wandb.ai/caselli-niccolo-developer-university-of-amsterdam/probe4physics
wandb: Synced 5 W&B file(s), 0 media file(s), 0 artifact file(s) and 0 other file(s)
wandb: Find logs at: ./wandb/run-20260430_125749-j64zoxs0/logs
[I 2026-04-30 12:57:55,381] Trial 2 finished with value: 11.76470588235294 and parameters: {'lr': 3.972110727381908e-05, 'weight_decay': 1.217325250419405e-05, 'batch_size': 128, 'hidden_dims': '1024', 'dropout': 0.34211651325607845}. Best is trial 1 with value: 19.607843137254903.
wandb: setting up run 9f3mhfjj
wandb: Tracking run with wandb version 0.26.1
wandb: Run data is saved locally in /gpfs/home3/scur0511/Probe4Physics/wandb/run-20260430_125755-9f3mhfjj
wandb: Run `wandb offline` to turn off syncing.
wandb: Syncing run intphys2_mlp_jepa_v2_vitg_384_layer_20/trial_0003
wandb: ⭐️ View project at https://wandb.ai/caselli-niccolo-developer-university-of-amsterdam/probe4physics
wandb: 🚀 View run at https://wandb.ai/caselli-niccolo-developer-university-of-amsterdam/probe4physics/runs/9f3mhfjj
[eval.intphys2] Starting eval | split_name=val split_dir=data/splits/intphys2 predictor_mode=from_file metadata_file=data/annotations/intphys2_metadata.csv
[eval.intphys2] Loaded split assignments | split_scenes=51 split_samples=204
[eval.intphys2] Generated predictions | n_predictions=204
[eval.intphys2] Scoring complete | accuracy=52.4510 voe_accuracy=21.5686 n_scenes=51 n_samples=204
[eval.intphys2] Artifacts written | output_dir=artifacts/probes/intphys2/intphys2_probe_mlp_jepa_v2_vitg_384_20260430T105425Z/layer_20/train/trial_0003/val_eval
wandb: updating run metadata
wandb: uploading output.log; uploading wandb-summary.json; uploading config.yaml
wandb: 
wandb: Run history:
wandb:          epoch ▁▁▁▁▂▂▂▂▂▂▃▃▃▃▄▄▄▄▄▄▅▅▅▅▅▆▆▆▆▆▇▇▇▇▇▇▇███
wandb: train_accuracy ▄▄▆▅▄▁▆▄▆▄▆▇▄▅▅█▆█▄▅▆▇▇▆▅▅▃▅▄▃█▄▇▄▃▅▄▃▆▅
wandb:     train_loss █▄▃▃▃▄▃▂▂▁▂▂▁▂▂▁▁▁▂▁▂▂▁▂▁▂▂▂▂▁▁▁▂▂▂▂▁▂▂▁
wandb:   val_accuracy ██████████████▁█████████████████████████
wandb:       val_loss ▁▁▄▅█▅▁▁▁▁▁▁▁▁▁▁▁▁▁▁▁▁▁▂▁▁▁▁▁▁▁▁▁▁▁▁▁▁▁▁
wandb: 
wandb: Run summary:
wandb:           best_epoch 79
wandb:    best_val_accuracy 52.45098
wandb:        best_val_loss 0.69313
wandb: checkpoint_best_path artifacts/probes/int...
wandb: checkpoint_last_path artifacts/probes/int...
wandb:      checkpoint_path artifacts/probes/int...
wandb:              dataset intphys2
wandb:      elapsed_seconds 8.73768
wandb:                epoch 100
wandb:    feature_signature 6370d2c41854f9d5
wandb:                  +22 ...
wandb: 
wandb: 🚀 View run intphys2_mlp_jepa_v2_vitg_384_layer_20/trial_0003 at: https://wandb.ai/caselli-niccolo-developer-university-of-amsterdam/probe4physics/runs/9f3mhfjj
wandb: ⭐️ View project at: https://wandb.ai/caselli-niccolo-developer-university-of-amsterdam/probe4physics
wandb: Synced 5 W&B file(s), 0 media file(s), 0 artifact file(s) and 0 other file(s)
wandb: Find logs at: ./wandb/run-20260430_125755-9f3mhfjj/logs
[I 2026-04-30 12:58:05,165] Trial 3 finished with value: 21.568627450980394 and parameters: {'lr': 0.00020914981329035596, 'weight_decay': 5.397956855996434e-08, 'batch_size': 128, 'hidden_dims': '1024x512x1024', 'dropout': 0.3875664116805573}. Best is trial 3 with value: 21.568627450980394.
wandb: setting up run j7f1qkdm
wandb: Tracking run with wandb version 0.26.1
wandb: Run data is saved locally in /gpfs/home3/scur0511/Probe4Physics/wandb/run-20260430_125805-j7f1qkdm
wandb: Run `wandb offline` to turn off syncing.
wandb: Syncing run intphys2_mlp_jepa_v2_vitg_384_layer_20/trial_0004
wandb: ⭐️ View project at https://wandb.ai/caselli-niccolo-developer-university-of-amsterdam/probe4physics
wandb: 🚀 View run at https://wandb.ai/caselli-niccolo-developer-university-of-amsterdam/probe4physics/runs/j7f1qkdm
[eval.intphys2] Starting eval | split_name=val split_dir=data/splits/intphys2 predictor_mode=from_file metadata_file=data/annotations/intphys2_metadata.csv
[eval.intphys2] Loaded split assignments | split_scenes=51 split_samples=204
[eval.intphys2] Generated predictions | n_predictions=204
[eval.intphys2] Scoring complete | accuracy=50.0000 voe_accuracy=7.8431 n_scenes=51 n_samples=204
[eval.intphys2] Artifacts written | output_dir=artifacts/probes/intphys2/intphys2_probe_mlp_jepa_v2_vitg_384_20260430T105425Z/layer_20/train/trial_0004/val_eval
wandb: updating run metadata
wandb: uploading output.log; uploading wandb-summary.json; uploading config.yaml
wandb: uploading config.yaml
wandb: 
wandb: Run history:
wandb:          epoch ▁▁▁▁▁▁▂▂▂▂▂▂▂▂▃▃▃▃▃▃▃▄▄▄▄▄▄▅▅▅▅▆▆▆▆▆▆▇▇█
wandb: train_accuracy ▃▅▅▂▄▅▅▁▃▇█▄▆▄▅▆▆▅▅▂▄▄▆▆▄▂▄▆▄▂█▃▅▂▅▁▅▂▁▅
wandb:     train_loss █▂▁▁▁▁▁▁▁▁▁▁▁▁▁▁▁▁▁▁▁▁▁▁▁▁▁▁▁▁▁▁▁▁▁▁▁▁▁▁
wandb:   val_accuracy ▁▁▁▁▁▁▁▁▁▁▁▁▁▁▁▁▁▁▁▁▁▁▁▁▁▁▁▁▁▁▁▁▁▁▁▁▁▁▁▁
wandb:       val_loss ▁▃▃▁▃█▁▁▁▁▁▁▁▁▁▁▁▁▁▁▁▁▁▁▁▁▁▁▁▁▁▁▁▁▁▁▁▁▁▁
wandb: 
wandb: Run summary:
wandb:           best_epoch 50
wandb:    best_val_accuracy 50
wandb:        best_val_loss 0.69315
wandb: checkpoint_best_path artifacts/probes/int...
wandb: checkpoint_last_path artifacts/probes/int...
wandb:      checkpoint_path artifacts/probes/int...
wandb:              dataset intphys2
wandb:      elapsed_seconds 10.70946
wandb:                epoch 100
wandb:    feature_signature 6370d2c41854f9d5
wandb:                  +22 ...
wandb: 
wandb: 🚀 View run intphys2_mlp_jepa_v2_vitg_384_layer_20/trial_0004 at: https://wandb.ai/caselli-niccolo-developer-university-of-amsterdam/probe4physics/runs/j7f1qkdm
wandb: ⭐️ View project at: https://wandb.ai/caselli-niccolo-developer-university-of-amsterdam/probe4physics
wandb: Synced 5 W&B file(s), 0 media file(s), 0 artifact file(s) and 0 other file(s)
wandb: Find logs at: ./wandb/run-20260430_125805-j7f1qkdm/logs
[I 2026-04-30 12:58:17,468] Trial 4 finished with value: 7.8431372549019605 and parameters: {'lr': 0.006584106160121612, 'weight_decay': 0.002338643925620875, 'batch_size': 64, 'hidden_dims': '1024x512x256', 'dropout': 0.14046725484369038}. Best is trial 3 with value: 21.568627450980394.
wandb: setting up run xnbn0vc6
wandb: Tracking run with wandb version 0.26.1
wandb: Run data is saved locally in /gpfs/home3/scur0511/Probe4Physics/wandb/run-20260430_125817-xnbn0vc6
wandb: Run `wandb offline` to turn off syncing.
wandb: Syncing run intphys2_mlp_jepa_v2_vitg_384_layer_20/trial_0005
wandb: ⭐️ View project at https://wandb.ai/caselli-niccolo-developer-university-of-amsterdam/probe4physics
wandb: 🚀 View run at https://wandb.ai/caselli-niccolo-developer-university-of-amsterdam/probe4physics/runs/xnbn0vc6
[eval.intphys2] Starting eval | split_name=val split_dir=data/splits/intphys2 predictor_mode=from_file metadata_file=data/annotations/intphys2_metadata.csv
[eval.intphys2] Loaded split assignments | split_scenes=51 split_samples=204
[eval.intphys2] Generated predictions | n_predictions=204
[eval.intphys2] Scoring complete | accuracy=51.9608 voe_accuracy=13.7255 n_scenes=51 n_samples=204
[eval.intphys2] Artifacts written | output_dir=artifacts/probes/intphys2/intphys2_probe_mlp_jepa_v2_vitg_384_20260430T105425Z/layer_20/train/trial_0005/val_eval
wandb: updating run metadata
wandb: uploading config.yaml
wandb: 
wandb: Run history:
wandb:          epoch ▁▁▁▁▂▂▂▂▂▂▂▃▃▃▃▄▄▄▄▄▅▅▅▅▅▅▅▆▆▆▆▆▇▇▇▇▇███
wandb: train_accuracy ▅▃▂▃▃▂▄▂▄▆▃▆▄▂▄▄▂▁▃▅▅▄▃▅▁██▃▆▄▄▅▂▅▃█▄█▇▆
wandb:     train_loss █▃▃▃▃▃▄▂▃▃▃▃▃▂▃▂▂▂▂▂▃▂▂▂▄▃▂▁▂▂▁▂▃▁▃▁▁▂▃▁
wandb:   val_accuracy ▄▄▄▄▁▄▃█▄▄▂▁▄▅▄▄▃▂▁▅▁▃▁▃█▄▅▄▅▂▁▄▃▃▄▄▆▅▂▂
wandb:       val_loss ▃▂▁▁▁▂▃▁▁▁▁▅▂▁▂▂▁▁▂▁▁▁▁▁▂▁▂▅▄▂▇▂█▂▃▃▂▂▃▅
wandb: 
wandb: Run summary:
wandb:           best_epoch 12
wandb:    best_val_accuracy 51.96078
wandb:        best_val_loss 0.69346
wandb: checkpoint_best_path artifacts/probes/int...
wandb: checkpoint_last_path artifacts/probes/int...
wandb:      checkpoint_path artifacts/probes/int...
wandb:              dataset intphys2
wandb:      elapsed_seconds 6.88614
wandb:                epoch 100
wandb:    feature_signature 6370d2c41854f9d5
wandb:                  +22 ...
wandb: 
wandb: 🚀 View run intphys2_mlp_jepa_v2_vitg_384_layer_20/trial_0005 at: https://wandb.ai/caselli-niccolo-developer-university-of-amsterdam/probe4physics/runs/xnbn0vc6
wandb: ⭐️ View project at: https://wandb.ai/caselli-niccolo-developer-university-of-amsterdam/probe4physics
wandb: Synced 5 W&B file(s), 0 media file(s), 0 artifact file(s) and 0 other file(s)
wandb: Find logs at: ./wandb/run-20260430_125817-xnbn0vc6/logs
[I 2026-04-30 12:58:25,496] Trial 5 finished with value: 13.725490196078432 and parameters: {'lr': 0.00042470585622618684, 'weight_decay': 7.007213496896406e-08, 'batch_size': 128, 'hidden_dims': '1024', 'dropout': 0.03702232586704518}. Best is trial 3 with value: 21.568627450980394.
wandb: setting up run g5ccyne4
wandb: Tracking run with wandb version 0.26.1
wandb: Run data is saved locally in /gpfs/home3/scur0511/Probe4Physics/wandb/run-20260430_125825-g5ccyne4
wandb: Run `wandb offline` to turn off syncing.
wandb: Syncing run intphys2_mlp_jepa_v2_vitg_384_layer_20/trial_0006
wandb: ⭐️ View project at https://wandb.ai/caselli-niccolo-developer-university-of-amsterdam/probe4physics
wandb: 🚀 View run at https://wandb.ai/caselli-niccolo-developer-university-of-amsterdam/probe4physics/runs/g5ccyne4
[eval.intphys2] Starting eval | split_name=val split_dir=data/splits/intphys2 predictor_mode=from_file metadata_file=data/annotations/intphys2_metadata.csv
[eval.intphys2] Loaded split assignments | split_scenes=51 split_samples=204
[eval.intphys2] Generated predictions | n_predictions=204
[eval.intphys2] Scoring complete | accuracy=51.4706 voe_accuracy=13.7255 n_scenes=51 n_samples=204
[eval.intphys2] Artifacts written | output_dir=artifacts/probes/intphys2/intphys2_probe_mlp_jepa_v2_vitg_384_20260430T105425Z/layer_20/train/trial_0006/val_eval
wandb: updating run metadata
wandb: uploading config.yaml; uploading output.log; uploading wandb-summary.json
wandb: uploading wandb-summary.json
wandb: 
wandb: Run history:
wandb:          epoch ▁▁▁▁▁▂▂▂▂▂▃▃▃▃▃▄▄▄▄▄▄▅▅▅▅▆▆▆▆▇▇▇▇▇▇█████
wandb: train_accuracy ▅▃▆▇▆▇▇▆▃▇▅▂▃▃▅▁▂█▁▂▅▂▄▅▇▃▃▇█▄▂▄▅▃▃▄▂▅▅▅
wandb:     train_loss █▄▅▂▁▂▂▂▂▂▂▂▂▂▃▂▂▁▂▂▂▁▂▁▂▂▂▁▁▁▁▁▂▁▂▁▂▂▁▂
wandb:   val_accuracy ▃▃▃▃▃▃▃▃▃▃▃▃▃▃▃▃▃▁▃▃▃▃█▃▃▃▃▃▃▃▃▃▃▃▃▃▃▃▃▃
wandb:       val_loss ▃█▂▂▁▂▁▂▁▁▁▁▁▁▁▁▁▁▁▁▁▁▁▁▁▁▁▁▁▁▁▁▁▁▁▁▁▁▁▁
wandb: 
wandb: Run summary:
wandb:           best_epoch 61
wandb:    best_val_accuracy 51.47059
wandb:        best_val_loss 0.69315
wandb: checkpoint_best_path artifacts/probes/int...
wandb: checkpoint_last_path artifacts/probes/int...
wandb:      checkpoint_path artifacts/probes/int...
wandb:              dataset intphys2
wandb:      elapsed_seconds 15.52014
wandb:                epoch 100
wandb:    feature_signature 6370d2c41854f9d5
wandb:                  +22 ...
wandb: 
wandb: 🚀 View run intphys2_mlp_jepa_v2_vitg_384_layer_20/trial_0006 at: https://wandb.ai/caselli-niccolo-developer-university-of-amsterdam/probe4physics/runs/g5ccyne4
wandb: ⭐️ View project at: https://wandb.ai/caselli-niccolo-developer-university-of-amsterdam/probe4physics
wandb: Synced 5 W&B file(s), 0 media file(s), 0 artifact file(s) and 0 other file(s)
wandb: Find logs at: ./wandb/run-20260430_125825-g5ccyne4/logs
[I 2026-04-30 12:58:42,440] Trial 6 finished with value: 13.725490196078432 and parameters: {'lr': 0.0001189589673755355, 'weight_decay': 4.9569479327999555e-08, 'batch_size': 32, 'hidden_dims': '1024x512x256', 'dropout': 0.05979712296915085}. Best is trial 3 with value: 21.568627450980394.
wandb: setting up run pwlf1bma
wandb: Tracking run with wandb version 0.26.1
wandb: Run data is saved locally in /gpfs/home3/scur0511/Probe4Physics/wandb/run-20260430_125842-pwlf1bma
wandb: Run `wandb offline` to turn off syncing.
wandb: Syncing run intphys2_mlp_jepa_v2_vitg_384_layer_20/trial_0007
wandb: ⭐️ View project at https://wandb.ai/caselli-niccolo-developer-university-of-amsterdam/probe4physics
wandb: 🚀 View run at https://wandb.ai/caselli-niccolo-developer-university-of-amsterdam/probe4physics/runs/pwlf1bma
[eval.intphys2] Starting eval | split_name=val split_dir=data/splits/intphys2 predictor_mode=from_file metadata_file=data/annotations/intphys2_metadata.csv
[eval.intphys2] Loaded split assignments | split_scenes=51 split_samples=204
[eval.intphys2] Generated predictions | n_predictions=204
[eval.intphys2] Scoring complete | accuracy=50.0000 voe_accuracy=21.5686 n_scenes=51 n_samples=204
[eval.intphys2] Artifacts written | output_dir=artifacts/probes/intphys2/intphys2_probe_mlp_jepa_v2_vitg_384_20260430T105425Z/layer_20/train/trial_0007/val_eval
wandb: updating run metadata
wandb: uploading output.log; uploading wandb-summary.json; uploading config.yaml
wandb: 
wandb: Run history:
wandb:          epoch ▁▁▁▂▂▂▂▃▃▃▃▃▃▃▄▄▄▄▄▄▅▅▅▅▅▆▆▆▆▆▆▆▇▇▇▇▇▇██
wandb: train_accuracy ▄▆▂▇▄▄▃▄▇▆▅▁▄▂▅▅▄▇▅▄▅▆▇▄▃▆▄▂▆▁█▃▄▅▄▆▆▃▄▄
wandb:     train_loss █▂▁▁▁▁▁▁▁▁▁▁▁▁▁▁▁▁▁▁▁▁▁▁▁▁▁▁▁▁▁▁▁▁▁▁▁▁▁▁
wandb:   val_accuracy ▁▁▁▁▁▁▁▁▁▁▁▁▁▁▁▁▁▁▁▁▁▁▁▁▁▁▁▁▁▁▁▁▁▁▁▁▁▁▁▁
wandb:       val_loss █▂▂▁▁▁▁▁▁▂▁▂▁▁▂▂▁▁▁▁▁▁▂▁▁▁▂▁▁▁▁▁▁▁▁▁▁▁▁▁
wandb: 
wandb: Run summary:
wandb:           best_epoch 19
wandb:    best_val_accuracy 50
wandb:        best_val_loss 0.69315
wandb: checkpoint_best_path artifacts/probes/int...
wandb: checkpoint_last_path artifacts/probes/int...
wandb:      checkpoint_path artifacts/probes/int...
wandb:              dataset intphys2
wandb:      elapsed_seconds 10.83464
wandb:                epoch 100
wandb:    feature_signature 6370d2c41854f9d5
wandb:                  +22 ...
wandb: 
wandb: 🚀 View run intphys2_mlp_jepa_v2_vitg_384_layer_20/trial_0007 at: https://wandb.ai/caselli-niccolo-developer-university-of-amsterdam/probe4physics/runs/pwlf1bma
wandb: ⭐️ View project at: https://wandb.ai/caselli-niccolo-developer-university-of-amsterdam/probe4physics
wandb: Synced 5 W&B file(s), 0 media file(s), 0 artifact file(s) and 0 other file(s)
wandb: Find logs at: ./wandb/run-20260430_125842-pwlf1bma/logs
[I 2026-04-30 12:58:54,294] Trial 7 finished with value: 21.568627450980394 and parameters: {'lr': 0.0013795402040204172, 'weight_decay': 0.00036703737625293887, 'batch_size': 64, 'hidden_dims': '1024x512x256', 'dropout': 0.2542853455823514}. Best is trial 3 with value: 21.568627450980394.
wandb: setting up run p8wzp37y
wandb: Tracking run with wandb version 0.26.1
wandb: Run data is saved locally in /gpfs/home3/scur0511/Probe4Physics/wandb/run-20260430_125854-p8wzp37y
wandb: Run `wandb offline` to turn off syncing.
wandb: Syncing run intphys2_mlp_jepa_v2_vitg_384_layer_20/trial_0008
wandb: ⭐️ View project at https://wandb.ai/caselli-niccolo-developer-university-of-amsterdam/probe4physics
wandb: 🚀 View run at https://wandb.ai/caselli-niccolo-developer-university-of-amsterdam/probe4physics/runs/p8wzp37y
[eval.intphys2] Starting eval | split_name=val split_dir=data/splits/intphys2 predictor_mode=from_file metadata_file=data/annotations/intphys2_metadata.csv
[eval.intphys2] Loaded split assignments | split_scenes=51 split_samples=204
[eval.intphys2] Generated predictions | n_predictions=204
[eval.intphys2] Scoring complete | accuracy=51.4706 voe_accuracy=21.5686 n_scenes=51 n_samples=204
[eval.intphys2] Artifacts written | output_dir=artifacts/probes/intphys2/intphys2_probe_mlp_jepa_v2_vitg_384_20260430T105425Z/layer_20/train/trial_0008/val_eval
wandb: updating run metadata
wandb: uploading output.log; uploading wandb-summary.json; uploading config.yaml
wandb: 
wandb: Run history:
wandb:          epoch ▁▁▁▂▂▂▂▃▃▃▃▃▃▃▃▄▄▄▄▄▅▅▅▅▅▅▆▆▆▆▆▆▆▇▇▇▇▇██
wandb: train_accuracy ▄▄▆▆▅▇▄▂▄▄█▁▅▂▃▄▆▃▆▅▄▄▁▂▅█▅▄▆▅▄▄▅▅▇▄▃▁▂▆
wandb:     train_loss ▂▁▂█▃▂▃▃▁▁▁▂▄▃▂▃▂▁▁▂▁▂▂▁▁▁▂▁▁▁▂▁▁▂▁▂▂▁▂▁
wandb:   val_accuracy █▆▆▆▆▆▆▆▆▆▆▇▆▆▆▆▆▆▆▆▆▆▄▆▆▆▆▆▆▆▆▁▆▆▆▆▆▆▄▆
wandb:       val_loss █▁▁▂▂▂▁▁▁▃▁▂▁▁▂▁▃▂▂▁▁▁▁▁▁▁▁▂▁▁▁▁▂▁▁▁▁▁▁▁
wandb: 
wandb: Run summary:
wandb:           best_epoch 62
wandb:    best_val_accuracy 51.47059
wandb:        best_val_loss 0.69324
wandb: checkpoint_best_path artifacts/probes/int...
wandb: checkpoint_last_path artifacts/probes/int...
wandb:      checkpoint_path artifacts/probes/int...
wandb:              dataset intphys2
wandb:      elapsed_seconds 6.93678
wandb:                epoch 100
wandb:    feature_signature 6370d2c41854f9d5
wandb:                  +22 ...
wandb: 
wandb: 🚀 View run intphys2_mlp_jepa_v2_vitg_384_layer_20/trial_0008 at: https://wandb.ai/caselli-niccolo-developer-university-of-amsterdam/probe4physics/runs/p8wzp37y
wandb: ⭐️ View project at: https://wandb.ai/caselli-niccolo-developer-university-of-amsterdam/probe4physics
wandb: Synced 5 W&B file(s), 0 media file(s), 0 artifact file(s) and 0 other file(s)
wandb: Find logs at: ./wandb/run-20260430_125854-p8wzp37y/logs
[I 2026-04-30 12:59:03,231] Trial 8 finished with value: 21.568627450980394 and parameters: {'lr': 0.005280796376895365, 'weight_decay': 3.1315069138816194e-07, 'batch_size': 64, 'hidden_dims': '1024', 'dropout': 0.40183603844955723}. Best is trial 3 with value: 21.568627450980394.
wandb: setting up run 986xntkn
wandb: Tracking run with wandb version 0.26.1
wandb: Run data is saved locally in /gpfs/home3/scur0511/Probe4Physics/wandb/run-20260430_125903-986xntkn
wandb: Run `wandb offline` to turn off syncing.
wandb: Syncing run intphys2_mlp_jepa_v2_vitg_384_layer_20/trial_0009
wandb: ⭐️ View project at https://wandb.ai/caselli-niccolo-developer-university-of-amsterdam/probe4physics
wandb: 🚀 View run at https://wandb.ai/caselli-niccolo-developer-university-of-amsterdam/probe4physics/runs/986xntkn
[eval.intphys2] Starting eval | split_name=val split_dir=data/splits/intphys2 predictor_mode=from_file metadata_file=data/annotations/intphys2_metadata.csv
[eval.intphys2] Loaded split assignments | split_scenes=51 split_samples=204
[eval.intphys2] Generated predictions | n_predictions=204
[eval.intphys2] Scoring complete | accuracy=52.9412 voe_accuracy=7.8431 n_scenes=51 n_samples=204
[eval.intphys2] Artifacts written | output_dir=artifacts/probes/intphys2/intphys2_probe_mlp_jepa_v2_vitg_384_20260430T105425Z/layer_20/train/trial_0009/val_eval
wandb: updating run metadata
wandb: uploading output.log; uploading wandb-summary.json; uploading config.yaml
wandb: 
wandb: Run history:
wandb:          epoch ▁▁▁▂▂▂▂▂▂▂▃▃▃▃▃▄▄▄▄▄▅▅▅▅▅▆▆▆▆▆▆▇▇▇▇▇████
wandb: train_accuracy ▅▄▄▄▅▂▂▃▇▅▃▂▄▂▂▄▅▅█▄▃▁▄▄▅▄▃▇▂▂▃▄▅▇▁▁▂▅▂▅
wandb:     train_loss ███▇▇▅▃▃▄▅▂▇▅▃▄▄▁▄▄▄▃▆▃▃▄▃▃▃▄▄▄▆▄▂▂▂▄▂▃▂
wandb:   val_accuracy ▅▄▄▅▅▄▅▅▅▅█▅▄▄▆▇▄▅▃▅▅▅▇▅▅▅▅▂▅▅▅▃▂▆▅▅▅▆▃▁
wandb:       val_loss █▁▂▂▁▁▁▁▁▁▁▁▁▁▁▁▁▁▁▁▁▁▁▁▁▁▁▁▁▁▁▁▁▁▁▁▁▁▁▁
wandb: 
wandb: Run summary:
wandb:           best_epoch 28
wandb:    best_val_accuracy 52.94118
wandb:        best_val_loss 0.69325
wandb: checkpoint_best_path artifacts/probes/int...
wandb: checkpoint_last_path artifacts/probes/int...
wandb:      checkpoint_path artifacts/probes/int...
wandb:              dataset intphys2
wandb:      elapsed_seconds 8.0345
wandb:                epoch 100
wandb:    feature_signature 6370d2c41854f9d5
wandb:                  +22 ...
wandb: 
wandb: 🚀 View run intphys2_mlp_jepa_v2_vitg_384_layer_20/trial_0009 at: https://wandb.ai/caselli-niccolo-developer-university-of-amsterdam/probe4physics/runs/986xntkn
wandb: ⭐️ View project at: https://wandb.ai/caselli-niccolo-developer-university-of-amsterdam/probe4physics
wandb: Synced 5 W&B file(s), 0 media file(s), 0 artifact file(s) and 0 other file(s)
wandb: Find logs at: ./wandb/run-20260430_125903-986xntkn/logs
[I 2026-04-30 12:59:12,363] Trial 9 finished with value: 7.8431372549019605 and parameters: {'lr': 3.6283583803549155e-05, 'weight_decay': 0.0022664909586669274, 'batch_size': 128, 'hidden_dims': '1024x512x256', 'dropout': 0.25537365128878287}. Best is trial 3 with value: 21.568627450980394.
wandb: setting up run mbsr9sfy
wandb: Tracking run with wandb version 0.26.1
wandb: Run data is saved locally in /gpfs/home3/scur0511/Probe4Physics/wandb/run-20260430_125912-mbsr9sfy
wandb: Run `wandb offline` to turn off syncing.
wandb: Syncing run intphys2_mlp_jepa_v2_vitg_384_layer_20/trial_0010
wandb: ⭐️ View project at https://wandb.ai/caselli-niccolo-developer-university-of-amsterdam/probe4physics
wandb: 🚀 View run at https://wandb.ai/caselli-niccolo-developer-university-of-amsterdam/probe4physics/runs/mbsr9sfy
[eval.intphys2] Starting eval | split_name=val split_dir=data/splits/intphys2 predictor_mode=from_file metadata_file=data/annotations/intphys2_metadata.csv
[eval.intphys2] Loaded split assignments | split_scenes=51 split_samples=204
[eval.intphys2] Generated predictions | n_predictions=204
[eval.intphys2] Scoring complete | accuracy=52.4510 voe_accuracy=23.5294 n_scenes=51 n_samples=204
[eval.intphys2] Artifacts written | output_dir=artifacts/probes/intphys2/intphys2_probe_mlp_jepa_v2_vitg_384_20260430T105425Z/layer_20/train/trial_0010/val_eval
wandb: updating run metadata
wandb: uploading output.log; uploading wandb-summary.json; uploading config.yaml; uploading wandb-metadata.json; uploading requirements.txt
wandb: 
wandb: Run history:
wandb:          epoch ▁▁▁▂▂▂▂▂▂▂▃▃▃▃▃▃▃▃▃▄▄▄▄▄▅▅▅▅▆▆▆▆▆▆▇▇▇▇██
wandb: train_accuracy ▁▇▄▄▂▂▃▂▁▅▄▅▇▇▅▆▂█▂█▆▁▃▁▄▇▇▅▄▃▄▆▄▅▆▄▄▆▂▃
wandb:     train_loss █▅▄▃▂▁▂▂▂▂▂▁▂▂▁▃▁▂▃▃▂▁▃▂▂▂▂▂▁▂▁▁▂▁▂▂▂▁▂▂
wandb:   val_accuracy ▄▄▄▄▄▄▄▃▃▄▅▅▄▄▄█▅▅▅▂▅▃▁▁▅▇▄▄▂▄▅▄▅▂▇▅▅▅▄▅
wandb:       val_loss ▁▃█▁▄▂▁▁▁▁▁▁▁▁▁▂▁▁▁▁▁▁▁▁▁▁▁▁▂▁▁▁▁▁▁▁▁▁▁▁
wandb: 
wandb: Run summary:
wandb:           best_epoch 44
wandb:    best_val_accuracy 52.45098
wandb:        best_val_loss 0.69325
wandb: checkpoint_best_path artifacts/probes/int...
wandb: checkpoint_last_path artifacts/probes/int...
wandb:      checkpoint_path artifacts/probes/int...
wandb:              dataset intphys2
wandb:      elapsed_seconds 3.58666
wandb:                epoch 100
wandb:    feature_signature 6370d2c41854f9d5
wandb:                  +22 ...
wandb: 
wandb: 🚀 View run intphys2_mlp_jepa_v2_vitg_384_layer_20/trial_0010 at: https://wandb.ai/caselli-niccolo-developer-university-of-amsterdam/probe4physics/runs/mbsr9sfy
wandb: ⭐️ View project at: https://wandb.ai/caselli-niccolo-developer-university-of-amsterdam/probe4physics
wandb: Synced 5 W&B file(s), 0 media file(s), 0 artifact file(s) and 0 other file(s)
wandb: Find logs at: ./wandb/run-20260430_125912-mbsr9sfy/logs
[I 2026-04-30 12:59:17,151] Trial 10 finished with value: 23.52941176470588 and parameters: {'lr': 0.0006214470800679864, 'weight_decay': 2.406615493983363e-06, 'batch_size': 256, 'hidden_dims': '256', 'dropout': 0.4897336959208015}. Best is trial 10 with value: 23.52941176470588.
wandb: setting up run yi4ahk5m
wandb: Tracking run with wandb version 0.26.1
wandb: Run data is saved locally in /gpfs/home3/scur0511/Probe4Physics/wandb/run-20260430_125917-yi4ahk5m
wandb: Run `wandb offline` to turn off syncing.
wandb: Syncing run intphys2_mlp_jepa_v2_vitg_384_layer_20/trial_0011
wandb: ⭐️ View project at https://wandb.ai/caselli-niccolo-developer-university-of-amsterdam/probe4physics
wandb: 🚀 View run at https://wandb.ai/caselli-niccolo-developer-university-of-amsterdam/probe4physics/runs/yi4ahk5m
[eval.intphys2] Starting eval | split_name=val split_dir=data/splits/intphys2 predictor_mode=from_file metadata_file=data/annotations/intphys2_metadata.csv
[eval.intphys2] Loaded split assignments | split_scenes=51 split_samples=204
[eval.intphys2] Generated predictions | n_predictions=204
[eval.intphys2] Scoring complete | accuracy=52.4510 voe_accuracy=19.6078 n_scenes=51 n_samples=204
[eval.intphys2] Artifacts written | output_dir=artifacts/probes/intphys2/intphys2_probe_mlp_jepa_v2_vitg_384_20260430T105425Z/layer_20/train/trial_0011/val_eval
wandb: updating run metadata
wandb: uploading wandb-summary.json; uploading config.yaml; uploading wandb-metadata.json; uploading requirements.txt; uploading output.log
wandb: 
wandb: Run history:
wandb:          epoch ▁▁▁▁▂▂▂▂▂▃▃▃▃▃▄▄▄▄▄▅▅▅▅▅▅▆▆▆▆▇▇▇▇▇▇▇▇███
wandb: train_accuracy ▁▃▅▃▃▄▄▃▄▄▃▃▃▆▅▄▁▃▆▅▅▃▄▃▃▃▂▅▃▄▂▃█▅▃▃▅▅▄▃
wandb:     train_loss █▃▃▂▂▂▂▂▂▂▁▂▂▂▁▁▂▂▃▁▂▁▂▂▂▂▂▂▂▁▂▂▂▂▂▂▂▂▁▂
wandb:   val_accuracy ▅▅▅▅▅▆▄▅▅▅▅▅▅▅▅▅▃▄▃▅▅▅▅▄▄▆▅▇▄█▄▄▁▅█▅▃▄▅▄
wandb:       val_loss ▁▃█▁▄▁▁▁▁▁▁▁▁▂▁▁▁▁▂▁▁▂▁▁▁▁▁▁▁▁▁▁▁▁▁▁▁▁▁▁
wandb: 
wandb: Run summary:
wandb:           best_epoch 75
wandb:    best_val_accuracy 52.45098
wandb:        best_val_loss 0.69317
wandb: checkpoint_best_path artifacts/probes/int...
wandb: checkpoint_last_path artifacts/probes/int...
wandb:      checkpoint_path artifacts/probes/int...
wandb:              dataset intphys2
wandb:      elapsed_seconds 3.55053
wandb:                epoch 100
wandb:    feature_signature 6370d2c41854f9d5
wandb:                  +22 ...
wandb: 
wandb: 🚀 View run intphys2_mlp_jepa_v2_vitg_384_layer_20/trial_0011 at: https://wandb.ai/caselli-niccolo-developer-university-of-amsterdam/probe4physics/runs/yi4ahk5m
wandb: ⭐️ View project at: https://wandb.ai/caselli-niccolo-developer-university-of-amsterdam/probe4physics
wandb: Synced 5 W&B file(s), 0 media file(s), 0 artifact file(s) and 0 other file(s)
wandb: Find logs at: ./wandb/run-20260430_125917-yi4ahk5m/logs
[I 2026-04-30 12:59:21,776] Trial 11 finished with value: 19.607843137254903 and parameters: {'lr': 0.0007743930800018807, 'weight_decay': 2.985255030247815e-06, 'batch_size': 256, 'hidden_dims': '256', 'dropout': 0.4988222603889263}. Best is trial 10 with value: 23.52941176470588.
wandb: setting up run 1f3bpp2t
wandb: Tracking run with wandb version 0.26.1
wandb: Run data is saved locally in /gpfs/home3/scur0511/Probe4Physics/wandb/run-20260430_125922-1f3bpp2t
wandb: Run `wandb offline` to turn off syncing.
wandb: Syncing run intphys2_mlp_jepa_v2_vitg_384_layer_20/trial_0012
wandb: ⭐️ View project at https://wandb.ai/caselli-niccolo-developer-university-of-amsterdam/probe4physics
wandb: 🚀 View run at https://wandb.ai/caselli-niccolo-developer-university-of-amsterdam/probe4physics/runs/1f3bpp2t
[eval.intphys2] Starting eval | split_name=val split_dir=data/splits/intphys2 predictor_mode=from_file metadata_file=data/annotations/intphys2_metadata.csv
[eval.intphys2] Loaded split assignments | split_scenes=51 split_samples=204
[eval.intphys2] Generated predictions | n_predictions=204
[eval.intphys2] Scoring complete | accuracy=50.4902 voe_accuracy=9.8039 n_scenes=51 n_samples=204
[eval.intphys2] Artifacts written | output_dir=artifacts/probes/intphys2/intphys2_probe_mlp_jepa_v2_vitg_384_20260430T105425Z/layer_20/train/trial_0012/val_eval
wandb: updating run metadata
wandb: uploading output.log; uploading wandb-summary.json; uploading config.yaml
wandb: 
wandb: Run history:
wandb:          epoch ▁▁▁▂▂▂▂▂▂▃▃▃▃▃▄▄▄▄▄▄▄▅▅▅▅▅▆▆▆▆▆▆▇▇▇▇▇███
wandb: train_accuracy ▄▂▃▅▅▅▄▄█▅▁▇▄▇▄▅▆▄▄▁▅▃▆▅█▄▃▃▄▄▇▄▅▆▂▄▄▃▅▄
wandb:     train_loss █▄▄▄▃▄▃▂▃▃▅▃▅▄▄▆▃▄▁▃▃▄▄▅▄▂▅▂▄▃▂▃▃▄▃▃▃▄▂▂
wandb:   val_accuracy ▅▅▅▅▅▁▅▅▅▅▅▅█▅▅▅▅▅▅▅▅▅▅▅▅▅▅▅▅▅▅▅▅▅▅▅▅▅▅▅
wandb:       val_loss █▃▂▁▁▁▁▁▁▁▁▁▁▁▁▁▁▁▁▁▁▁▁▁▁▁▁▁▁▁▁▁▁▁▁▁▁▁▁▁
wandb: 
wandb: Run summary:
wandb:           best_epoch 26
wandb:    best_val_accuracy 50.4902
wandb:        best_val_loss 0.69315
wandb: checkpoint_best_path artifacts/probes/int...
wandb: checkpoint_last_path artifacts/probes/int...
wandb:      checkpoint_path artifacts/probes/int...
wandb:              dataset intphys2
wandb:      elapsed_seconds 7.47375
wandb:                epoch 100
wandb:    feature_signature 6370d2c41854f9d5
wandb:                  +22 ...
wandb: 
wandb: 🚀 View run intphys2_mlp_jepa_v2_vitg_384_layer_20/trial_0012 at: https://wandb.ai/caselli-niccolo-developer-university-of-amsterdam/probe4physics/runs/1f3bpp2t
wandb: ⭐️ View project at: https://wandb.ai/caselli-niccolo-developer-university-of-amsterdam/probe4physics
wandb: Synced 5 W&B file(s), 0 media file(s), 0 artifact file(s) and 0 other file(s)
wandb: Find logs at: ./wandb/run-20260430_125922-1f3bpp2t/logs
[I 2026-04-30 12:59:30,364] Trial 12 finished with value: 9.803921568627452 and parameters: {'lr': 0.0014293584268844548, 'weight_decay': 1.1072597607305155e-08, 'batch_size': 256, 'hidden_dims': '1024x512x1024', 'dropout': 0.49621942189284585}. Best is trial 10 with value: 23.52941176470588.
wandb: setting up run qn6y86gs
wandb: Tracking run with wandb version 0.26.1
wandb: Run data is saved locally in /gpfs/home3/scur0511/Probe4Physics/wandb/run-20260430_125930-qn6y86gs
wandb: Run `wandb offline` to turn off syncing.
wandb: Syncing run intphys2_mlp_jepa_v2_vitg_384_layer_20/trial_0013
wandb: ⭐️ View project at https://wandb.ai/caselli-niccolo-developer-university-of-amsterdam/probe4physics
wandb: 🚀 View run at https://wandb.ai/caselli-niccolo-developer-university-of-amsterdam/probe4physics/runs/qn6y86gs
[eval.intphys2] Starting eval | split_name=val split_dir=data/splits/intphys2 predictor_mode=from_file metadata_file=data/annotations/intphys2_metadata.csv
[eval.intphys2] Loaded split assignments | split_scenes=51 split_samples=204
[eval.intphys2] Generated predictions | n_predictions=204
[eval.intphys2] Scoring complete | accuracy=51.4706 voe_accuracy=9.8039 n_scenes=51 n_samples=204
[eval.intphys2] Artifacts written | output_dir=artifacts/probes/intphys2/intphys2_probe_mlp_jepa_v2_vitg_384_20260430T105425Z/layer_20/train/trial_0013/val_eval
wandb: updating run metadata
wandb: uploading wandb-summary.json; uploading config.yaml; uploading wandb-metadata.json; uploading requirements.txt; uploading output.log
wandb: 
wandb: Run history:
wandb:          epoch ▁▁▁▁▁▂▂▂▂▂▂▂▃▃▃▄▄▄▄▄▅▅▅▅▅▆▆▆▆▆▆▇▇▇▇▇▇███
wandb: train_accuracy ▁▅▂▆▄▃▆▅▄▅▅▄▅▄▅▆▆▆▄▅▃█▇▆▃▆▄▅▃▅▅▆█▃▄▆▅▅▅▄
wandb:     train_loss █▂▄▃▃▁▂▂▃▂▂▂▁▂▂▂▁▂▂▁▂▂▂▁▁▂▂▁▁▁▁▂▁▂▂▂▂▂▂▁
wandb:   val_accuracy ▂▅▅▅▄▅▅▅▅▅▅▅▅▅▅▅▅▅▅▂▅▂▅▅▅▅▅▁▅▅█▄▇▅▅▂▅▅▇▅
wandb:       val_loss ▅▂▅▁▄▂▁▁▂▃█▂▆▁▂▂▃▂▁▁▂▃▁▂▂▂▂▂▁▁▁▁▁▁▅▃▂▁▁▁
wandb: 
wandb: Run summary:
wandb:           best_epoch 96
wandb:    best_val_accuracy 51.47059
wandb:        best_val_loss 0.69317
wandb: checkpoint_best_path artifacts/probes/int...
wandb: checkpoint_last_path artifacts/probes/int...
wandb:      checkpoint_path artifacts/probes/int...
wandb:              dataset intphys2
wandb:      elapsed_seconds 4.56323
wandb:                epoch 100
wandb:    feature_signature 6370d2c41854f9d5
wandb:                  +22 ...
wandb: 
wandb: 🚀 View run intphys2_mlp_jepa_v2_vitg_384_layer_20/trial_0013 at: https://wandb.ai/caselli-niccolo-developer-university-of-amsterdam/probe4physics/runs/qn6y86gs
wandb: ⭐️ View project at: https://wandb.ai/caselli-niccolo-developer-university-of-amsterdam/probe4physics
wandb: Synced 5 W&B file(s), 0 media file(s), 0 artifact file(s) and 0 other file(s)
wandb: Find logs at: ./wandb/run-20260430_125930-qn6y86gs/logs
[I 2026-04-30 12:59:36,016] Trial 13 finished with value: 9.803921568627452 and parameters: {'lr': 0.00018497140577641413, 'weight_decay': 3.3755228651472744e-06, 'batch_size': 256, 'hidden_dims': '512x256', 'dropout': 0.32476708879563176}. Best is trial 10 with value: 23.52941176470588.
wandb: setting up run d3603o3p
wandb: Tracking run with wandb version 0.26.1
wandb: Run data is saved locally in /gpfs/home3/scur0511/Probe4Physics/wandb/run-20260430_125936-d3603o3p
wandb: Run `wandb offline` to turn off syncing.
wandb: Syncing run intphys2_mlp_jepa_v2_vitg_384_layer_20/trial_0014
wandb: ⭐️ View project at https://wandb.ai/caselli-niccolo-developer-university-of-amsterdam/probe4physics
wandb: 🚀 View run at https://wandb.ai/caselli-niccolo-developer-university-of-amsterdam/probe4physics/runs/d3603o3p
[eval.intphys2] Starting eval | split_name=val split_dir=data/splits/intphys2 predictor_mode=from_file metadata_file=data/annotations/intphys2_metadata.csv
[eval.intphys2] Loaded split assignments | split_scenes=51 split_samples=204
[eval.intphys2] Generated predictions | n_predictions=204
[eval.intphys2] Scoring complete | accuracy=51.4706 voe_accuracy=19.6078 n_scenes=51 n_samples=204
[eval.intphys2] Artifacts written | output_dir=artifacts/probes/intphys2/intphys2_probe_mlp_jepa_v2_vitg_384_20260430T105425Z/layer_20/train/trial_0014/val_eval
wandb: updating run metadata
wandb: uploading wandb-metadata.json; uploading requirements.txt; uploading output.log; uploading wandb-summary.json; uploading config.yaml
wandb: 
wandb: Run history:
wandb:          epoch ▁▁▁▂▂▂▃▃▃▃▃▃▄▄▄▄▄▄▄▄▅▅▅▅▅▅▅▅▅▆▆▆▇▇▇▇▇▇██
wandb: train_accuracy ▄▂▄▂▄▃▄▃▅▇▄▅▂▆▄▅▄▃▅▃▃▃▂▃▃▅█▇▄▁▄▄▄▅▆▄▄▆▅▆
wandb:     train_loss █▅▃▂▅▄▄▁▃▂▁▂▂▃▃▂▂▃▄▃▃▂▃▄▃▂▂▄▂▂▂▃▃▁▂▂▁▂▃▃
wandb:   val_accuracy ▅▅▇▅▅▄▆▆▅▅▅▅▂▅▆▅▄▄▁▅▅▆█▅▆▆▆▅▃▅▂█▆▅▆▅▅▅█▅
wandb:       val_loss █▂▂▅▃▂▁▂▂▁▂▁▂▁▃▂▂▁▁▁▂▁▁▁▁▁▁▁▂▁▁▂▁▁▂▁▁▁▁▁
wandb: 
wandb: Run summary:
wandb:           best_epoch 64
wandb:    best_val_accuracy 51.47059
wandb:        best_val_loss 0.69317
wandb: checkpoint_best_path artifacts/probes/int...
wandb: checkpoint_last_path artifacts/probes/int...
wandb:      checkpoint_path artifacts/probes/int...
wandb:              dataset intphys2
wandb:      elapsed_seconds 3.48264
wandb:                epoch 100
wandb:    feature_signature 6370d2c41854f9d5
wandb:                  +22 ...
wandb: 
wandb: 🚀 View run intphys2_mlp_jepa_v2_vitg_384_layer_20/trial_0014 at: https://wandb.ai/caselli-niccolo-developer-university-of-amsterdam/probe4physics/runs/d3603o3p
wandb: ⭐️ View project at: https://wandb.ai/caselli-niccolo-developer-university-of-amsterdam/probe4physics
wandb: Synced 5 W&B file(s), 0 media file(s), 0 artifact file(s) and 0 other file(s)
wandb: Find logs at: ./wandb/run-20260430_125936-d3603o3p/logs
[I 2026-04-30 12:59:40,676] Trial 14 finished with value: 19.607843137254903 and parameters: {'lr': 0.0004311417325073003, 'weight_decay': 3.888526734124553e-05, 'batch_size': 256, 'hidden_dims': '256', 'dropout': 0.4470816239258454}. Best is trial 10 with value: 23.52941176470588.
wandb: setting up run 9mxjqqfc
wandb: Tracking run with wandb version 0.26.1
wandb: Run data is saved locally in /gpfs/home3/scur0511/Probe4Physics/wandb/run-20260430_125940-9mxjqqfc
wandb: Run `wandb offline` to turn off syncing.
wandb: Syncing run intphys2_mlp_jepa_v2_vitg_384_layer_20/trial_0015
wandb: ⭐️ View project at https://wandb.ai/caselli-niccolo-developer-university-of-amsterdam/probe4physics
wandb: 🚀 View run at https://wandb.ai/caselli-niccolo-developer-university-of-amsterdam/probe4physics/runs/9mxjqqfc
[eval.intphys2] Starting eval | split_name=val split_dir=data/splits/intphys2 predictor_mode=from_file metadata_file=data/annotations/intphys2_metadata.csv
[eval.intphys2] Loaded split assignments | split_scenes=51 split_samples=204
[eval.intphys2] Generated predictions | n_predictions=204
[eval.intphys2] Scoring complete | accuracy=51.9608 voe_accuracy=11.7647 n_scenes=51 n_samples=204
[eval.intphys2] Artifacts written | output_dir=artifacts/probes/intphys2/intphys2_probe_mlp_jepa_v2_vitg_384_20260430T105425Z/layer_20/train/trial_0015/val_eval
wandb: updating run metadata
wandb: uploading wandb-summary.json; uploading config.yaml; uploading wandb-metadata.json; uploading requirements.txt; uploading output.log
wandb: uploading wandb-summary.json; uploading config.yaml; uploading wandb-metadata.json; uploading requirements.txt
wandb: 
wandb: Run history:
wandb:          epoch ▁▁▁▁▁▂▂▂▂▂▃▃▃▃▃▄▄▄▄▄▄▄▄▅▅▅▆▆▆▆▆▆▆▆▇▇████
wandb: train_accuracy ▅▄▆▇▄▆▃▆▅▆▆▇▆▇▅▄█▅▄▇▇▅▄▆▆▅▆█▅▃▇▆▄▅▇▇▄▆▁▅
wandb:     train_loss █▄▃▁▅▃▃▃▅▄▃▄▃▃▂▄▄▂▃▄▃▃▅▂▄▁▁▂▁▃▂▂▂▂▂▂▁▂▁▂
wandb:   val_accuracy ▆▆▆▆▅▅▃▇▃▅▅▇█▇▆▃▄▆▆▆▄▅▆▃▄▄▄▄▆▅▅▃▃▃▅▄▄▁▂▄
wandb:       val_loss █▄▂▁▁▁▁▁▁▁▁▁▁▁▁▁▁▁▁▁▁▁▁▁▁▁▁▁▁▁▁▁▁▁▁▁▁▁▁▁
wandb: 
wandb: Run summary:
wandb:           best_epoch 23
wandb:    best_val_accuracy 51.96078
wandb:        best_val_loss 0.6935
wandb: checkpoint_best_path artifacts/probes/int...
wandb: checkpoint_last_path artifacts/probes/int...
wandb:      checkpoint_path artifacts/probes/int...
wandb:              dataset intphys2
wandb:      elapsed_seconds 3.94317
wandb:                epoch 100
wandb:    feature_signature 6370d2c41854f9d5
wandb:                  +22 ...
wandb: 
wandb: 🚀 View run intphys2_mlp_jepa_v2_vitg_384_layer_20/trial_0015 at: https://wandb.ai/caselli-niccolo-developer-university-of-amsterdam/probe4physics/runs/9mxjqqfc
wandb: ⭐️ View project at: https://wandb.ai/caselli-niccolo-developer-university-of-amsterdam/probe4physics
wandb: Synced 5 W&B file(s), 0 media file(s), 0 artifact file(s) and 0 other file(s)
wandb: Find logs at: ./wandb/run-20260430_125940-9mxjqqfc/logs
[I 2026-04-30 12:59:46,264] Trial 15 finished with value: 11.76470588235294 and parameters: {'lr': 1.2611236054600708e-05, 'weight_decay': 6.447209585384078e-07, 'batch_size': 128, 'hidden_dims': '256', 'dropout': 0.3304278626461432}. Best is trial 10 with value: 23.52941176470588.
wandb: setting up run qtadid53
wandb: Tracking run with wandb version 0.26.1
wandb: Run data is saved locally in /gpfs/home3/scur0511/Probe4Physics/wandb/run-20260430_125946-qtadid53
wandb: Run `wandb offline` to turn off syncing.
wandb: Syncing run intphys2_mlp_jepa_v2_vitg_384_layer_20/trial_0016
wandb: ⭐️ View project at https://wandb.ai/caselli-niccolo-developer-university-of-amsterdam/probe4physics
wandb: 🚀 View run at https://wandb.ai/caselli-niccolo-developer-university-of-amsterdam/probe4physics/runs/qtadid53
[eval.intphys2] Starting eval | split_name=val split_dir=data/splits/intphys2 predictor_mode=from_file metadata_file=data/annotations/intphys2_metadata.csv
[eval.intphys2] Loaded split assignments | split_scenes=51 split_samples=204
[eval.intphys2] Generated predictions | n_predictions=204
[eval.intphys2] Scoring complete | accuracy=50.4902 voe_accuracy=7.8431 n_scenes=51 n_samples=204
[eval.intphys2] Artifacts written | output_dir=artifacts/probes/intphys2/intphys2_probe_mlp_jepa_v2_vitg_384_20260430T105425Z/layer_20/train/trial_0016/val_eval
wandb: updating run metadata
wandb: uploading output.log; uploading wandb-summary.json; uploading config.yaml
wandb: 
wandb: Run history:
wandb:          epoch ▁▁▁▁▂▂▂▂▂▂▃▃▃▃▃▃▃▄▄▄▄▄▄▄▄▅▅▅▆▆▆▆▆▇▇▇▇███
wandb: train_accuracy █▄▄▆▆▅▂▅▅▅▆▆▄▃▅▅▂▅▁▃▆▄▅▃▂▄▃▆▅▄▅▅▅▇▅▅▆▅▅▆
wandb:     train_loss ▄█▂▄▂▂▁▁▃▁▂▂▂▂▁▂▂▁▂▂▃▃▅▃▁▃▂▂▃▂▂▂▂▂▂▃▂▂▂▃
wandb:   val_accuracy ▁▁▁▁▁▁▁▁▁▁▁▁▁▁▁▁▁▁▁▁▁▁▁▁▁▁▁▁▁▁▁▁▁▁▁▁▁▁▁▁
wandb:       val_loss █▁▂▁▁▁▁▁▂▁▁▃▁▁▂▁▁▂▂▁▃▁▄▂▂▃▅▁▁▃▂▁▂▁▂▁▆▁▃▅
wandb: 
wandb: Run summary:
wandb:           best_epoch 35
wandb:    best_val_accuracy 50.4902
wandb:        best_val_loss 0.69315
wandb: checkpoint_best_path artifacts/probes/int...
wandb: checkpoint_last_path artifacts/probes/int...
wandb:      checkpoint_path artifacts/probes/int...
wandb:              dataset intphys2
wandb:      elapsed_seconds 7.61889
wandb:                epoch 100
wandb:    feature_signature 6370d2c41854f9d5
wandb:                  +22 ...
wandb: 
wandb: 🚀 View run intphys2_mlp_jepa_v2_vitg_384_layer_20/trial_0016 at: https://wandb.ai/caselli-niccolo-developer-university-of-amsterdam/probe4physics/runs/qtadid53
wandb: ⭐️ View project at: https://wandb.ai/caselli-niccolo-developer-university-of-amsterdam/probe4physics
wandb: Synced 5 W&B file(s), 0 media file(s), 0 artifact file(s) and 0 other file(s)
wandb: Find logs at: ./wandb/run-20260430_125946-qtadid53/logs
[I 2026-04-30 12:59:54,989] Trial 16 finished with value: 7.8431372549019605 and parameters: {'lr': 0.002510542922743902, 'weight_decay': 6.413859595982319e-05, 'batch_size': 256, 'hidden_dims': '1024x512x1024', 'dropout': 0.1807879688626538}. Best is trial 10 with value: 23.52941176470588.
wandb: setting up run 3r3ubcnn
wandb: Tracking run with wandb version 0.26.1
wandb: Run data is saved locally in /gpfs/home3/scur0511/Probe4Physics/wandb/run-20260430_125955-3r3ubcnn
wandb: Run `wandb offline` to turn off syncing.
wandb: Syncing run intphys2_mlp_jepa_v2_vitg_384_layer_20/trial_0017
wandb: ⭐️ View project at https://wandb.ai/caselli-niccolo-developer-university-of-amsterdam/probe4physics
wandb: 🚀 View run at https://wandb.ai/caselli-niccolo-developer-university-of-amsterdam/probe4physics/runs/3r3ubcnn
[eval.intphys2] Starting eval | split_name=val split_dir=data/splits/intphys2 predictor_mode=from_file metadata_file=data/annotations/intphys2_metadata.csv
[eval.intphys2] Loaded split assignments | split_scenes=51 split_samples=204
[eval.intphys2] Generated predictions | n_predictions=204
[eval.intphys2] Scoring complete | accuracy=51.4706 voe_accuracy=15.6863 n_scenes=51 n_samples=204
[eval.intphys2] Artifacts written | output_dir=artifacts/probes/intphys2/intphys2_probe_mlp_jepa_v2_vitg_384_20260430T105425Z/layer_20/train/trial_0017/val_eval
wandb: updating run metadata
wandb: uploading output.log; uploading wandb-summary.json; uploading config.yaml
wandb: 
wandb: Run history:
wandb:          epoch ▁▁▁▁▁▂▂▂▂▂▃▃▃▃▃▄▄▄▄▄▅▅▅▅▅▅▆▆▆▆▆▇▇▇▇▇████
wandb: train_accuracy ▅▃█▄▃▄▂▃▄▂▃▃▄▃▃▄▅▃▄▅▅▁▁▅▅▂▆▄▃▄▄▃▁▅▄▄▃▇▆▃
wandb:     train_loss ██▂▃▄▇▄▃▄▅▅▄▃▄▃▃▃▃▃▃▂▃▃▅▂▄▁▄▃▃▂▄▄▃▄▁▂▂▅▄
wandb:   val_accuracy ▅▅▅▅▅▅▆▃▅▅▅▅▁▅▅█▅▅▅▅▅▅▅▅▅▅▅▅▅▅▅▅▆▅▅▃▅▆▅▅
wandb:       val_loss ▇█▃▂▁▁▁▁▁▃▁▁▁▁▁▁▂▁▁▁▁▁▁▁▁▁▁▁▁▁▂▁▁▁▁▁▁▁▁▁
wandb: 
wandb: Run summary:
wandb:           best_epoch 45
wandb:    best_val_accuracy 51.47059
wandb:        best_val_loss 0.69315
wandb: checkpoint_best_path artifacts/probes/int...
wandb: checkpoint_last_path artifacts/probes/int...
wandb:      checkpoint_path artifacts/probes/int...
wandb:              dataset intphys2
wandb:      elapsed_seconds 8.83179
wandb:                epoch 100
wandb:    feature_signature 6370d2c41854f9d5
wandb:                  +22 ...
wandb: 
wandb: 🚀 View run intphys2_mlp_jepa_v2_vitg_384_layer_20/trial_0017 at: https://wandb.ai/caselli-niccolo-developer-university-of-amsterdam/probe4physics/runs/3r3ubcnn
wandb: ⭐️ View project at: https://wandb.ai/caselli-niccolo-developer-university-of-amsterdam/probe4physics
wandb: Synced 5 W&B file(s), 0 media file(s), 0 artifact file(s) and 0 other file(s)
wandb: Find logs at: ./wandb/run-20260430_125955-3r3ubcnn/logs
[I 2026-04-30 13:00:04,920] Trial 17 finished with value: 15.686274509803921 and parameters: {'lr': 0.0002422225202188581, 'weight_decay': 1.1990627027317798e-08, 'batch_size': 32, 'hidden_dims': '512x256', 'dropout': 0.4530822379601787}. Best is trial 10 with value: 23.52941176470588.
wandb: setting up run y6y7fc6a
wandb: Tracking run with wandb version 0.26.1
wandb: Run data is saved locally in /gpfs/home3/scur0511/Probe4Physics/wandb/run-20260430_130005-y6y7fc6a
wandb: Run `wandb offline` to turn off syncing.
wandb: Syncing run intphys2_mlp_jepa_v2_vitg_384_layer_20/trial_0018
wandb: ⭐️ View project at https://wandb.ai/caselli-niccolo-developer-university-of-amsterdam/probe4physics
wandb: 🚀 View run at https://wandb.ai/caselli-niccolo-developer-university-of-amsterdam/probe4physics/runs/y6y7fc6a
[eval.intphys2] Starting eval | split_name=val split_dir=data/splits/intphys2 predictor_mode=from_file metadata_file=data/annotations/intphys2_metadata.csv
[eval.intphys2] Loaded split assignments | split_scenes=51 split_samples=204
[eval.intphys2] Generated predictions | n_predictions=204
[eval.intphys2] Scoring complete | accuracy=52.4510 voe_accuracy=15.6863 n_scenes=51 n_samples=204
[eval.intphys2] Artifacts written | output_dir=artifacts/probes/intphys2/intphys2_probe_mlp_jepa_v2_vitg_384_20260430T105425Z/layer_20/train/trial_0018/val_eval
wandb: updating run metadata
wandb: uploading history steps 0-99, summary, console lines 0-4
wandb: 
wandb: Run history:
wandb:          epoch ▁▁▁▁▂▂▂▂▂▂▂▃▃▃▃▄▄▄▄▄▄▅▅▅▅▅▅▆▆▆▆▆▇▇▇▇▇███
wandb: train_accuracy ▃▄▅▄▅▅▆▇▄▆▄▅▄▁▄▂▃▅▃▃▃▄▅▄▆█▇▄▄▆▇▇▄▅▇▄█▇▆▄
wandb:     train_loss █▂▁▁▁▁▁▁▁▁▁▁▁▁▁▁▁▁▁▁▁▁▁▁▁▁▁▁▁▁▁▁▁▁▁▁▁▁▁▁
wandb:   val_accuracy ▂▁▂▂▂▃▂▂▂▂▂▂▃▂▁▃▂▂▃▂▂▁▆▂▁▂▂▂▂▂▃▂▁▁▅▂█▅▂▁
wandb:       val_loss ▁█▃▂▁▁▁▁▁▁▁▁▁▁▁▁▁▁▁▁▁▁▁▁▁▁▁▁▁▁▁▁▁▁▁▁▁▁▁▁
wandb: 
wandb: Run summary:
wandb:           best_epoch 93
wandb:    best_val_accuracy 52.45098
wandb:        best_val_loss 0.69335
wandb: checkpoint_best_path artifacts/probes/int...
wandb: checkpoint_last_path artifacts/probes/int...
wandb:      checkpoint_path artifacts/probes/int...
wandb:              dataset intphys2
wandb:      elapsed_seconds 4.50509
wandb:                epoch 100
wandb:    feature_signature 6370d2c41854f9d5
wandb:                  +22 ...
wandb: 
wandb: 🚀 View run intphys2_mlp_jepa_v2_vitg_384_layer_20/trial_0018 at: https://wandb.ai/caselli-niccolo-developer-university-of-amsterdam/probe4physics/runs/y6y7fc6a
wandb: ⭐️ View project at: https://wandb.ai/caselli-niccolo-developer-university-of-amsterdam/probe4physics
wandb: Synced 5 W&B file(s), 0 media file(s), 0 artifact file(s) and 0 other file(s)
wandb: Find logs at: ./wandb/run-20260430_130005-y6y7fc6a/logs
[I 2026-04-30 13:00:10,871] Trial 18 finished with value: 15.686274509803921 and parameters: {'lr': 0.0007820833328059753, 'weight_decay': 5.448943363088887e-07, 'batch_size': 256, 'hidden_dims': '512', 'dropout': 0.3620313930247293}. Best is trial 10 with value: 23.52941176470588.
wandb: setting up run fqazq3gk
wandb: Tracking run with wandb version 0.26.1
wandb: Run data is saved locally in /gpfs/home3/scur0511/Probe4Physics/wandb/run-20260430_130011-fqazq3gk
wandb: Run `wandb offline` to turn off syncing.
wandb: Syncing run intphys2_mlp_jepa_v2_vitg_384_layer_20/trial_0019
wandb: ⭐️ View project at https://wandb.ai/caselli-niccolo-developer-university-of-amsterdam/probe4physics
wandb: 🚀 View run at https://wandb.ai/caselli-niccolo-developer-university-of-amsterdam/probe4physics/runs/fqazq3gk
[eval.intphys2] Starting eval | split_name=val split_dir=data/splits/intphys2 predictor_mode=from_file metadata_file=data/annotations/intphys2_metadata.csv
[eval.intphys2] Loaded split assignments | split_scenes=51 split_samples=204
[eval.intphys2] Generated predictions | n_predictions=204
[eval.intphys2] Scoring complete | accuracy=52.4510 voe_accuracy=15.6863 n_scenes=51 n_samples=204
[eval.intphys2] Artifacts written | output_dir=artifacts/probes/intphys2/intphys2_probe_mlp_jepa_v2_vitg_384_20260430T105425Z/layer_20/train/trial_0019/val_eval
wandb: updating run metadata
wandb: uploading wandb-metadata.json; uploading requirements.txt; uploading output.log; uploading wandb-summary.json; uploading config.yaml
wandb: 
wandb: Run history:
wandb:          epoch ▁▁▁▁▁▂▂▂▂▂▂▃▃▃▃▄▄▄▄▅▅▅▅▅▅▅▆▆▆▆▇▇▇▇▇▇▇███
wandb: train_accuracy ▅▄▅▅▅▄▄▄▅▅▄▇▃█▄▆▆▅▅▄▁▄▂▂▄▁▄▂█▃▇▄▇▆▃▄▅▃▆▆
wandb:     train_loss ▆▆▅█▃▄▂▅▄▂▄▅▄▃▁▄▄▅▆▄▃▄▃▁▄▂▁▁▁▂▂▁▂▂▄▃▃▂▃▂
wandb:   val_accuracy ▆▅▇▅▄▇▆▅▃▅▄█▅▂▁▄▅█▇█▅▆▇▅▆▅▆▅▄▆▅█▇█▆▇▇▆▆▇
wandb:       val_loss █▂▂▁▂▂▁▁▁▂▁▁▁▁▁▁▁▁▁▁▁▁▁▁▁▁▁▁▁▁▁▁▁▁▁▁▁▁▂▁
wandb: 
wandb: Run summary:
wandb:           best_epoch 91
wandb:    best_val_accuracy 52.45098
wandb:        best_val_loss 0.69318
wandb: checkpoint_best_path artifacts/probes/int...
wandb: checkpoint_last_path artifacts/probes/int...
wandb:      checkpoint_path artifacts/probes/int...
wandb:              dataset intphys2
wandb:      elapsed_seconds 3.93745
wandb:                epoch 100
wandb:    feature_signature 6370d2c41854f9d5
wandb:                  +22 ...
wandb: 
wandb: 🚀 View run intphys2_mlp_jepa_v2_vitg_384_layer_20/trial_0019 at: https://wandb.ai/caselli-niccolo-developer-university-of-amsterdam/probe4physics/runs/fqazq3gk
wandb: ⭐️ View project at: https://wandb.ai/caselli-niccolo-developer-university-of-amsterdam/probe4physics
wandb: Synced 5 W&B file(s), 0 media file(s), 0 artifact file(s) and 0 other file(s)
wandb: Find logs at: ./wandb/run-20260430_130011-fqazq3gk/logs
[I 2026-04-30 13:00:16,079] Trial 19 finished with value: 15.686274509803921 and parameters: {'lr': 7.62655318599464e-05, 'weight_decay': 3.866348085471619e-06, 'batch_size': 128, 'hidden_dims': '256', 'dropout': 0.29673952271790277}. Best is trial 10 with value: 23.52941176470588.
[eval.intphys2] Starting eval | split_name=train split_dir=data/splits/intphys2 predictor_mode=from_file metadata_file=data/annotations/intphys2_metadata.csv
[eval.intphys2] Loaded split assignments | split_scenes=151 split_samples=604
[eval.intphys2] Generated predictions | n_predictions=604
[eval.intphys2] Scoring complete | accuracy=52.9801 voe_accuracy=36.4238 n_scenes=151 n_samples=604
[eval.intphys2] Artifacts written | output_dir=artifacts/probes/intphys2/intphys2_probe_mlp_jepa_v2_vitg_384_20260430T105425Z/layer_20/eval/train
[eval.intphys2] Starting eval | split_name=val split_dir=data/splits/intphys2 predictor_mode=from_file metadata_file=data/annotations/intphys2_metadata.csv
[eval.intphys2] Loaded split assignments | split_scenes=51 split_samples=204
[eval.intphys2] Generated predictions | n_predictions=204
[eval.intphys2] Scoring complete | accuracy=52.4510 voe_accuracy=23.5294 n_scenes=51 n_samples=204
[eval.intphys2] Artifacts written | output_dir=artifacts/probes/intphys2/intphys2_probe_mlp_jepa_v2_vitg_384_20260430T105425Z/layer_20/eval/val
[eval.intphys2] Starting eval | split_name=test split_dir=data/splits/intphys2 predictor_mode=from_file metadata_file=data/annotations/intphys2_metadata.csv
[eval.intphys2] Loaded split assignments | split_scenes=51 split_samples=204
[eval.intphys2] Generated predictions | n_predictions=204
[eval.intphys2] Scoring complete | accuracy=50.9804 voe_accuracy=17.6471 n_scenes=51 n_samples=204
[eval.intphys2] Artifacts written | output_dir=artifacts/probes/intphys2/intphys2_probe_mlp_jepa_v2_vitg_384_20260430T105425Z/layer_20/eval/test
[I 2026-04-30 13:00:16,433] A new study created in RDB with name: intphys2_mlp_jepa_v2_vitg_384_layer_30
wandb: setting up run geoh0xtg
wandb: Tracking run with wandb version 0.26.1
wandb: Run data is saved locally in /gpfs/home3/scur0511/Probe4Physics/wandb/run-20260430_130016-geoh0xtg
wandb: Run `wandb offline` to turn off syncing.
wandb: Syncing run intphys2_mlp_jepa_v2_vitg_384_layer_30/trial_0000
wandb: ⭐️ View project at https://wandb.ai/caselli-niccolo-developer-university-of-amsterdam/probe4physics
wandb: 🚀 View run at https://wandb.ai/caselli-niccolo-developer-university-of-amsterdam/probe4physics/runs/geoh0xtg
[eval.intphys2] Starting eval | split_name=val split_dir=data/splits/intphys2 predictor_mode=from_file metadata_file=data/annotations/intphys2_metadata.csv
[eval.intphys2] Loaded split assignments | split_scenes=51 split_samples=204
[eval.intphys2] Generated predictions | n_predictions=204
[eval.intphys2] Scoring complete | accuracy=51.9608 voe_accuracy=17.6471 n_scenes=51 n_samples=204
[eval.intphys2] Artifacts written | output_dir=artifacts/probes/intphys2/intphys2_probe_mlp_jepa_v2_vitg_384_20260430T105425Z/layer_30/train/trial_0000/val_eval
wandb: updating run metadata
wandb: uploading config.yaml; uploading output.log; uploading wandb-summary.json
wandb: 
wandb: Run history:
wandb:          epoch ▁▁▁▁▂▂▂▂▂▂▃▃▃▃▃▄▄▄▄▄▄▅▅▅▅▆▆▆▆▆▇▇▇▇▇▇▇███
wandb: train_accuracy ▆▄▂▂▂▂▄▅▃▅▆▂▂▆▅▆▇▃▆▂▄▃▅▃▃▁▃▅▂▅▃██▃▃▃▅▄▆▂
wandb:     train_loss █▆▅▄▂▂▃▃▂▂▂▃▂▂▂▂▁▁▂▂▂▃▂▂▃▁▂▂▂▁▂▂▂▂▂▁▂▁▁▁
wandb:   val_accuracy █▁▁▁▁▁▁▁▁▁▁▁▁▁▁▁▁█▁▁▁▁▁▁▁▁▁▁▁▁▁▁▁▁▁▁▁▁▁▁
wandb:       val_loss █▃▄▁▁▁▁▁▁▁▁▂▁▁▁▁▁▁▁▁▁▁▁▁▁▁▁▁▁▁▁▁▁▁▁▁▁▁▁▁
wandb: 
wandb: Run summary:
wandb:           best_epoch 35
wandb:    best_val_accuracy 51.96078
wandb:        best_val_loss 0.6931
wandb: checkpoint_best_path artifacts/probes/int...
wandb: checkpoint_last_path artifacts/probes/int...
wandb:      checkpoint_path artifacts/probes/int...
wandb:              dataset intphys2
wandb:      elapsed_seconds 17.56782
wandb:                epoch 100
wandb:    feature_signature 6370d2c41854f9d5
wandb:                  +22 ...
wandb: 
wandb: 🚀 View run intphys2_mlp_jepa_v2_vitg_384_layer_30/trial_0000 at: https://wandb.ai/caselli-niccolo-developer-university-of-amsterdam/probe4physics/runs/geoh0xtg
wandb: ⭐️ View project at: https://wandb.ai/caselli-niccolo-developer-university-of-amsterdam/probe4physics
wandb: Synced 5 W&B file(s), 0 media file(s), 0 artifact file(s) and 0 other file(s)
wandb: Find logs at: ./wandb/run-20260430_130016-geoh0xtg/logs
[I 2026-04-30 13:00:35,118] Trial 0 finished with value: 17.647058823529413 and parameters: {'lr': 0.0001329291894316216, 'weight_decay': 0.005061576888752304, 'batch_size': 32, 'hidden_dims': '1024x512x1024', 'dropout': 0.41622132040021087}. Best is trial 0 with value: 17.647058823529413.
wandb: setting up run meivu57p
wandb: Tracking run with wandb version 0.26.1
wandb: Run data is saved locally in /gpfs/home3/scur0511/Probe4Physics/wandb/run-20260430_130035-meivu57p
wandb: Run `wandb offline` to turn off syncing.
wandb: Syncing run intphys2_mlp_jepa_v2_vitg_384_layer_30/trial_0001
wandb: ⭐️ View project at https://wandb.ai/caselli-niccolo-developer-university-of-amsterdam/probe4physics
wandb: 🚀 View run at https://wandb.ai/caselli-niccolo-developer-university-of-amsterdam/probe4physics/runs/meivu57p
[eval.intphys2] Starting eval | split_name=val split_dir=data/splits/intphys2 predictor_mode=from_file metadata_file=data/annotations/intphys2_metadata.csv
[eval.intphys2] Loaded split assignments | split_scenes=51 split_samples=204
[eval.intphys2] Generated predictions | n_predictions=204
[eval.intphys2] Scoring complete | accuracy=53.9216 voe_accuracy=31.3725 n_scenes=51 n_samples=204
[eval.intphys2] Artifacts written | output_dir=artifacts/probes/intphys2/intphys2_probe_mlp_jepa_v2_vitg_384_20260430T105425Z/layer_30/train/trial_0001/val_eval
wandb: updating run metadata
wandb: uploading wandb-metadata.json; uploading requirements.txt; uploading output.log; uploading wandb-summary.json; uploading config.yaml
wandb: 
wandb: Run history:
wandb:          epoch ▁▁▁▁▁▂▂▂▂▃▃▃▃▃▄▄▄▄▄▅▅▅▅▅▅▅▆▆▆▆▆▇▇▇▇▇████
wandb: train_accuracy ▅▄█▄▄▄▄▂▂▄▅▆█▆▇▅▆▇█▃▅▃▇▁▅▇▅▆▆▆▅▅▂▅▅▇█▅▇▄
wandb:     train_loss ▆█▆▃▃▃▂▃▃▃▂▂▂▂▂▂▃▂▂▁▂▃▂▃▂▂▂▂▃▂▂▁▂▂▂▂▁▂▂▂
wandb:   val_accuracy ▅▅▄▃▂▄▁▅▅▄▆▂▆▇▄▃▅▆▇▄▄▆▅▅▂▁▄▂▇▃▆█▄▆▇██▄▅▂
wandb:       val_loss ▇█▅▅▄▄▅▄▃▃▃▃▄▃▂▃▂▂▂▂▂▂▂▂▂▂▂▂▂▂▁▁▁▁▁▁▁▁▁▂
wandb: 
wandb: Run summary:
wandb:           best_epoch 77
wandb:    best_val_accuracy 53.92157
wandb:        best_val_loss 0.69263
wandb: checkpoint_best_path artifacts/probes/int...
wandb: checkpoint_last_path artifacts/probes/int...
wandb:      checkpoint_path artifacts/probes/int...
wandb:              dataset intphys2
wandb:      elapsed_seconds 4.39857
wandb:                epoch 100
wandb:    feature_signature 6370d2c41854f9d5
wandb:                  +22 ...
wandb: 
wandb: 🚀 View run intphys2_mlp_jepa_v2_vitg_384_layer_30/trial_0001 at: https://wandb.ai/caselli-niccolo-developer-university-of-amsterdam/probe4physics/runs/meivu57p
wandb: ⭐️ View project at: https://wandb.ai/caselli-niccolo-developer-university-of-amsterdam/probe4physics
wandb: Synced 5 W&B file(s), 0 media file(s), 0 artifact file(s) and 0 other file(s)
wandb: Find logs at: ./wandb/run-20260430_130035-meivu57p/logs
[I 2026-04-30 13:00:40,633] Trial 1 finished with value: 31.372549019607842 and parameters: {'lr': 4.335281794951564e-05, 'weight_decay': 1.2329623163659816e-07, 'batch_size': 128, 'hidden_dims': '512', 'dropout': 0.3925879806965068}. Best is trial 1 with value: 31.372549019607842.
wandb: setting up run 23xvyhty
wandb: Tracking run with wandb version 0.26.1
wandb: Run data is saved locally in /gpfs/home3/scur0511/Probe4Physics/wandb/run-20260430_130041-23xvyhty
wandb: Run `wandb offline` to turn off syncing.
wandb: Syncing run intphys2_mlp_jepa_v2_vitg_384_layer_30/trial_0002
wandb: ⭐️ View project at https://wandb.ai/caselli-niccolo-developer-university-of-amsterdam/probe4physics
wandb: 🚀 View run at https://wandb.ai/caselli-niccolo-developer-university-of-amsterdam/probe4physics/runs/23xvyhty
[eval.intphys2] Starting eval | split_name=val split_dir=data/splits/intphys2 predictor_mode=from_file metadata_file=data/annotations/intphys2_metadata.csv
[eval.intphys2] Loaded split assignments | split_scenes=51 split_samples=204
[eval.intphys2] Generated predictions | n_predictions=204
[eval.intphys2] Scoring complete | accuracy=53.9216 voe_accuracy=25.4902 n_scenes=51 n_samples=204
[eval.intphys2] Artifacts written | output_dir=artifacts/probes/intphys2/intphys2_probe_mlp_jepa_v2_vitg_384_20260430T105425Z/layer_30/train/trial_0002/val_eval
wandb: updating run metadata
wandb: uploading wandb-metadata.json; uploading requirements.txt; uploading output.log; uploading wandb-summary.json; uploading config.yaml
wandb: 
wandb: Run history:
wandb:          epoch ▁▁▁▁▁▂▂▂▂▂▂▂▃▃▃▄▄▄▄▄▄▄▄▄▅▅▅▆▆▆▇▇▇▇▇▇████
wandb: train_accuracy ▇▂▅▃▃▃▄▅▃▆▄▅▅█▄▂▆█▁▃▆▃▅▆▅▆▆▇▃▄▅▄▄▆▄▆█▆▆▄
wandb:     train_loss █▇▇▆▆█▄▆▄▄▃▄▂▄▃▂▃▄▁▄▄▃▄▁▄▂▂▂▃▁▃▂▃▃▃▃▂▃▂▃
wandb:   val_accuracy ▃▃▄▃▅▇▂▇▆▆▃▃▃▃▂▇▅▁▆▄▃▅▄▅▄▅▂█▄▃▂▃▄▅▅▂▅▂▆▃
wandb:       val_loss ▇█▇▄▅▃▃▃▄▂▂▃▄▄▂▂▂▂▂▂▃▂▂▂▂▂▂▁▁▁▁▁▁▁▁▁▁▃▁▁
wandb: 
wandb: Run summary:
wandb:           best_epoch 57
wandb:    best_val_accuracy 53.92157
wandb:        best_val_loss 0.69303
wandb: checkpoint_best_path artifacts/probes/int...
wandb: checkpoint_last_path artifacts/probes/int...
wandb:      checkpoint_path artifacts/probes/int...
wandb:              dataset intphys2
wandb:      elapsed_seconds 5.70458
wandb:                epoch 100
wandb:    feature_signature 6370d2c41854f9d5
wandb:                  +22 ...
wandb: 
wandb: 🚀 View run intphys2_mlp_jepa_v2_vitg_384_layer_30/trial_0002 at: https://wandb.ai/caselli-niccolo-developer-university-of-amsterdam/probe4physics/runs/23xvyhty
wandb: ⭐️ View project at: https://wandb.ai/caselli-niccolo-developer-university-of-amsterdam/probe4physics
wandb: Synced 5 W&B file(s), 0 media file(s), 0 artifact file(s) and 0 other file(s)
wandb: Find logs at: ./wandb/run-20260430_130041-23xvyhty/logs
[I 2026-04-30 13:00:47,465] Trial 2 finished with value: 25.49019607843137 and parameters: {'lr': 3.972110727381908e-05, 'weight_decay': 1.217325250419405e-05, 'batch_size': 128, 'hidden_dims': '1024', 'dropout': 0.34211651325607845}. Best is trial 1 with value: 31.372549019607842.
wandb: setting up run cni0qtxt
wandb: Tracking run with wandb version 0.26.1
wandb: Run data is saved locally in /gpfs/home3/scur0511/Probe4Physics/wandb/run-20260430_130047-cni0qtxt
wandb: Run `wandb offline` to turn off syncing.
wandb: Syncing run intphys2_mlp_jepa_v2_vitg_384_layer_30/trial_0003
wandb: ⭐️ View project at https://wandb.ai/caselli-niccolo-developer-university-of-amsterdam/probe4physics
wandb: 🚀 View run at https://wandb.ai/caselli-niccolo-developer-university-of-amsterdam/probe4physics/runs/cni0qtxt
[eval.intphys2] Starting eval | split_name=val split_dir=data/splits/intphys2 predictor_mode=from_file metadata_file=data/annotations/intphys2_metadata.csv
[eval.intphys2] Loaded split assignments | split_scenes=51 split_samples=204
[eval.intphys2] Generated predictions | n_predictions=204
[eval.intphys2] Scoring complete | accuracy=52.9412 voe_accuracy=17.6471 n_scenes=51 n_samples=204
[eval.intphys2] Artifacts written | output_dir=artifacts/probes/intphys2/intphys2_probe_mlp_jepa_v2_vitg_384_20260430T105425Z/layer_30/train/trial_0003/val_eval
wandb: updating run metadata
wandb: uploading output.log; uploading wandb-summary.json; uploading config.yaml
wandb: 
wandb: Run history:
wandb:          epoch ▁▁▁▂▂▂▂▂▂▂▃▃▃▃▃▄▄▄▄▄▄▅▅▅▅▅▆▆▆▆▆▆▆▇▇▇▇▇██
wandb: train_accuracy ▅▅▁▄▆▂▄▆█▇▄▄▁▄▂▅▂▆▅▇▆▁▅▅▄█▅▃▂▇▅▆█▄▆▅▄▅▆▅
wandb:     train_loss █▄▅▃▃▃▄▂▂▃▂▁▂▂▂▂▂▂▂▂▁▁▂▂▁▁▁▁▂▂▁▂▁▁▂▂▁▂▂▂
wandb:   val_accuracy ▁▁▁▁▁▁▁▁▁▁▁▁▁▁▁▁▁▁▁▁▁▁▁▁▁▁▁▁▁▁▁▁▁▁▁█▁▁▁▁
wandb:       val_loss ▆▂▄▅█▂▁▁▁▁▁▁▁▁▁▁▁▁▁▁▁▁▁▁▁▁▁▁▁▁▁▁▁▁▁▁▂▁▁▁
wandb: 
wandb: Run summary:
wandb:           best_epoch 94
wandb:    best_val_accuracy 52.94118
wandb:        best_val_loss 0.69308
wandb: checkpoint_best_path artifacts/probes/int...
wandb: checkpoint_last_path artifacts/probes/int...
wandb:      checkpoint_path artifacts/probes/int...
wandb:              dataset intphys2
wandb:      elapsed_seconds 8.84111
wandb:                epoch 100
wandb:    feature_signature 6370d2c41854f9d5
wandb:                  +22 ...
wandb: 
wandb: 🚀 View run intphys2_mlp_jepa_v2_vitg_384_layer_30/trial_0003 at: https://wandb.ai/caselli-niccolo-developer-university-of-amsterdam/probe4physics/runs/cni0qtxt
wandb: ⭐️ View project at: https://wandb.ai/caselli-niccolo-developer-university-of-amsterdam/probe4physics
wandb: Synced 5 W&B file(s), 0 media file(s), 0 artifact file(s) and 0 other file(s)
wandb: Find logs at: ./wandb/run-20260430_130047-cni0qtxt/logs
[I 2026-04-30 13:00:57,561] Trial 3 finished with value: 17.647058823529413 and parameters: {'lr': 0.00020914981329035596, 'weight_decay': 5.397956855996434e-08, 'batch_size': 128, 'hidden_dims': '1024x512x1024', 'dropout': 0.3875664116805573}. Best is trial 1 with value: 31.372549019607842.
wandb: setting up run 23gqrufp
wandb: Tracking run with wandb version 0.26.1
wandb: Run data is saved locally in /gpfs/home3/scur0511/Probe4Physics/wandb/run-20260430_130057-23gqrufp
wandb: Run `wandb offline` to turn off syncing.
wandb: Syncing run intphys2_mlp_jepa_v2_vitg_384_layer_30/trial_0004
wandb: ⭐️ View project at https://wandb.ai/caselli-niccolo-developer-university-of-amsterdam/probe4physics
wandb: 🚀 View run at https://wandb.ai/caselli-niccolo-developer-university-of-amsterdam/probe4physics/runs/23gqrufp
wandb: updating run metadata
wandb: uploading wandb-summary.json; uploading config.yaml
wandb: uploading config.yaml
wandb: 
wandb: Run history:
wandb:          epoch ▁▁▁▁▁▂▂▂▂▂▂▂▃▃▃▃▄▄▄▄▄▅▅▅▅▅▅▆▆▆▆▆▇▇▇▇▇▇██
wandb: train_accuracy ▇▅▄▄▁█▇▅█▅▂▆▅▅▆▆▆▆▅▄▅▄▆▆█▇▄▄▅▇▅▄▅▅▄▅▄▆▆▅
wandb:     train_loss █▁▁▂▁▁▁▁▁▁▁▁▁▁▁▁▁▁▁▁▁▁▁▁▁▁▁▁▁▁▁▁▁▁▁▁▁▁▁▁
wandb:   val_accuracy ▁▁▁▁▁▁▁▁▁▁▁▁▁▁▁▁▁▁▁▁▁▁▁▁▁▁▁▁▁▁▁▁▁▁▁▁▁▁▁▁
wandb:       val_loss ▂▃▁▁▄▃▂▁▃█▃▁▁▁▁▁▁▁▁▁▁▁▁▁▁▁▁▁▁▁▁▁▁▁▁▁▁▁▁▁
wandb: 
wandb: Run summary:
wandb:          epoch 100
wandb: train_accuracy 48.6755
wandb:     train_loss 0.69742
wandb:   val_accuracy 50
wandb:       val_loss 0.69366
wandb: 
wandb: 🚀 View run intphys2_mlp_jepa_v2_vitg_384_layer_30/trial_0004 at: https://wandb.ai/caselli-niccolo-developer-university-of-amsterdam/probe4physics/runs/23gqrufp
wandb: ⭐️ View project at: https://wandb.ai/caselli-niccolo-developer-university-of-amsterdam/probe4physics
wandb: Synced 4 W&B file(s), 0 media file(s), 0 artifact file(s) and 0 other file(s)
wandb: Find logs at: ./wandb/run-20260430_130057-23gqrufp/logs
[I 2026-04-30 13:01:09,253] Trial 4 pruned. Pruned at epoch 100 with val_accuracy=50.0000
wandb: setting up run wisl1svt
wandb: Tracking run with wandb version 0.26.1
wandb: Run data is saved locally in /gpfs/home3/scur0511/Probe4Physics/wandb/run-20260430_130109-wisl1svt
wandb: Run `wandb offline` to turn off syncing.
wandb: Syncing run intphys2_mlp_jepa_v2_vitg_384_layer_30/trial_0005
wandb: ⭐️ View project at https://wandb.ai/caselli-niccolo-developer-university-of-amsterdam/probe4physics
wandb: 🚀 View run at https://wandb.ai/caselli-niccolo-developer-university-of-amsterdam/probe4physics/runs/wisl1svt
[eval.intphys2] Starting eval | split_name=val split_dir=data/splits/intphys2 predictor_mode=from_file metadata_file=data/annotations/intphys2_metadata.csv
[eval.intphys2] Loaded split assignments | split_scenes=51 split_samples=204
[eval.intphys2] Generated predictions | n_predictions=204
[eval.intphys2] Scoring complete | accuracy=54.4118 voe_accuracy=27.4510 n_scenes=51 n_samples=204
[eval.intphys2] Artifacts written | output_dir=artifacts/probes/intphys2/intphys2_probe_mlp_jepa_v2_vitg_384_20260430T105425Z/layer_30/train/trial_0005/val_eval
wandb: updating run metadata
wandb: uploading wandb-metadata.json; uploading requirements.txt; uploading output.log; uploading wandb-summary.json; uploading config.yaml
wandb: 
wandb: Run history:
wandb:          epoch ▁▁▁▁▂▂▂▂▃▃▄▄▄▄▅▅▅▅▅▅▅▆▆▆▆▆▆▆▆▇▇▇▇▇▇█████
wandb: train_accuracy ▄▃▄▄▄▅▅▅▅▆▅▄▆▇▄▅▄▆▅▅▅▅▄▄▃▅▇█▆█▇▅▃▆▁██▇█▇
wandb:     train_loss █▂▂▂▂▂▂▂▂▂▁▂▁▂▂▁▁▁▂▁▂▂▁▁▂▁▁▁▁▁▂▂▂▁▁▁▁▁▁▁
wandb:   val_accuracy ▂▂▁▂▂▃▄▂▅▁▄▂█▄▄▄▂▄█▂▁▅▆▂▁▅▂▇▃█▆▅▆▆▂▃▅▅▂▅
wandb:       val_loss █▄▁▁▁▁▁▁▁▂▁▁▁▁▁▁▂▂▁▁▁▂▂▁▁▁▁▁▁▁▁▅▂▄█▂▁▁▁▁
wandb: 
wandb: Run summary:
wandb:           best_epoch 94
wandb:    best_val_accuracy 54.41176
wandb:        best_val_loss 0.69154
wandb: checkpoint_best_path artifacts/probes/int...
wandb: checkpoint_last_path artifacts/probes/int...
wandb:      checkpoint_path artifacts/probes/int...
wandb:              dataset intphys2
wandb:      elapsed_seconds 5.43536
wandb:                epoch 100
wandb:    feature_signature 6370d2c41854f9d5
wandb:                  +22 ...
wandb: 
wandb: 🚀 View run intphys2_mlp_jepa_v2_vitg_384_layer_30/trial_0005 at: https://wandb.ai/caselli-niccolo-developer-university-of-amsterdam/probe4physics/runs/wisl1svt
wandb: ⭐️ View project at: https://wandb.ai/caselli-niccolo-developer-university-of-amsterdam/probe4physics
wandb: Synced 5 W&B file(s), 0 media file(s), 0 artifact file(s) and 0 other file(s)
wandb: Find logs at: ./wandb/run-20260430_130109-wisl1svt/logs
[I 2026-04-30 13:01:15,896] Trial 5 finished with value: 27.450980392156865 and parameters: {'lr': 0.00042470585622618684, 'weight_decay': 7.007213496896406e-08, 'batch_size': 128, 'hidden_dims': '1024', 'dropout': 0.03702232586704518}. Best is trial 1 with value: 31.372549019607842.
wandb: setting up run 1tucecyd
wandb: Tracking run with wandb version 0.26.1
wandb: Run data is saved locally in /gpfs/home3/scur0511/Probe4Physics/wandb/run-20260430_130116-1tucecyd
wandb: Run `wandb offline` to turn off syncing.
wandb: Syncing run intphys2_mlp_jepa_v2_vitg_384_layer_30/trial_0006
wandb: ⭐️ View project at https://wandb.ai/caselli-niccolo-developer-university-of-amsterdam/probe4physics
wandb: 🚀 View run at https://wandb.ai/caselli-niccolo-developer-university-of-amsterdam/probe4physics/runs/1tucecyd
[eval.intphys2] Starting eval | split_name=val split_dir=data/splits/intphys2 predictor_mode=from_file metadata_file=data/annotations/intphys2_metadata.csv
[eval.intphys2] Loaded split assignments | split_scenes=51 split_samples=204
[eval.intphys2] Generated predictions | n_predictions=204
[eval.intphys2] Scoring complete | accuracy=51.4706 voe_accuracy=23.5294 n_scenes=51 n_samples=204
[eval.intphys2] Artifacts written | output_dir=artifacts/probes/intphys2/intphys2_probe_mlp_jepa_v2_vitg_384_20260430T105425Z/layer_30/train/trial_0006/val_eval
wandb: updating run metadata
wandb: uploading output.log; uploading wandb-summary.json; uploading config.yaml
wandb: 
wandb: Run history:
wandb:          epoch ▁▁▁▁▁▂▂▂▂▂▃▃▃▃▃▃▄▄▄▄▄▅▅▅▅▅▅▆▆▆▆▆▆▇▇▇▇███
wandb: train_accuracy ▅▂▆▆▄█▄▄▆▅▇▆█▃▆▂▅▄▅▅▃▄▃▃▇▅▆▅▄▃▆▆▄▅▁▃▂▅▄▅
wandb:     train_loss █▄▃▃▃▃▂▂▂▂▂▃▂▁▂▂▂▂▂▂▂▂▂▂▂▁▂▂▂▂▂▁▂▂▂▂▂▂▁▂
wandb:   val_accuracy ▃▃▃▃▃▃▃▃▃▃▃▃▅▃▆▃▃▃▃▁█▃▆▃▃▁█▃▃▃▃▃▃▃▃▃▃▃▃▃
wandb:       val_loss ▇█▃▃▅▂▁▂▁▁▁▁▁▁▂▁▁▁▁▂▁▁▁▁▁▁▁▁▁▁▁▁▁▁▁▁▁▁▁▁
wandb: 
wandb: Run summary:
wandb:           best_epoch 88
wandb:    best_val_accuracy 51.47059
wandb:        best_val_loss 0.69306
wandb: checkpoint_best_path artifacts/probes/int...
wandb: checkpoint_last_path artifacts/probes/int...
wandb:      checkpoint_path artifacts/probes/int...
wandb:              dataset intphys2
wandb:      elapsed_seconds 15.14548
wandb:                epoch 100
wandb:    feature_signature 6370d2c41854f9d5
wandb:                  +22 ...
wandb: 
wandb: 🚀 View run intphys2_mlp_jepa_v2_vitg_384_layer_30/trial_0006 at: https://wandb.ai/caselli-niccolo-developer-university-of-amsterdam/probe4physics/runs/1tucecyd
wandb: ⭐️ View project at: https://wandb.ai/caselli-niccolo-developer-university-of-amsterdam/probe4physics
wandb: Synced 5 W&B file(s), 0 media file(s), 0 artifact file(s) and 0 other file(s)
wandb: Find logs at: ./wandb/run-20260430_130116-1tucecyd/logs
[I 2026-04-30 13:01:32,144] Trial 6 finished with value: 23.52941176470588 and parameters: {'lr': 0.0001189589673755355, 'weight_decay': 4.9569479327999555e-08, 'batch_size': 32, 'hidden_dims': '1024x512x256', 'dropout': 0.05979712296915085}. Best is trial 1 with value: 31.372549019607842.
wandb: setting up run loexnzei
wandb: Tracking run with wandb version 0.26.1
wandb: Run data is saved locally in /gpfs/home3/scur0511/Probe4Physics/wandb/run-20260430_130132-loexnzei
wandb: Run `wandb offline` to turn off syncing.
wandb: Syncing run intphys2_mlp_jepa_v2_vitg_384_layer_30/trial_0007
wandb: ⭐️ View project at https://wandb.ai/caselli-niccolo-developer-university-of-amsterdam/probe4physics
wandb: 🚀 View run at https://wandb.ai/caselli-niccolo-developer-university-of-amsterdam/probe4physics/runs/loexnzei
wandb: updating run metadata
wandb: uploading config.yaml; uploading wandb-summary.json
wandb: 
wandb: Run history:
wandb:          epoch ▁▁▁▁▁▂▂▂▂▃▃▃▃▃▃▄▄▄▄▄▅▅▅▅▅▅▅▅▆▆▆▆▆▆▇▇████
wandb: train_accuracy ▄▁▃▃▅▆▄▁▅▄▄▂▄▄▃▃▃▄▄▄█▄▅▄▂▄▄▆▃▆▅▂▂▆▅▃▃▆▄▄
wandb:     train_loss █▇▄▅▄▆▃▄▅▄▅▆▄▄▂▆▁▄▄▅▅▂▄▃▃▃▂▃▄▃▅▇▃▄▄▄▃▃▄▄
wandb:   val_accuracy ▁▁▁▁▁▁▁▁▁▁▁▁▁▁▁▁▁▁▁▁▁▁▁▁▁▁▁▁▁▁▁▁▁▁▁▁▁▁▁▁
wandb:       val_loss ▂▁▁▃▂▁█▆▂▁▂▂▂▁▁▁▁▁▁▁▃▄▁▁▁▁▂▁▁▁▁▁▁▁▁▁▁▁▂▁
wandb: 
wandb: Run summary:
wandb:          epoch 100
wandb: train_accuracy 49.50331
wandb:     train_loss 0.69708
wandb:   val_accuracy 50
wandb:       val_loss 0.69316
wandb: 
wandb: 🚀 View run intphys2_mlp_jepa_v2_vitg_384_layer_30/trial_0007 at: https://wandb.ai/caselli-niccolo-developer-university-of-amsterdam/probe4physics/runs/loexnzei
wandb: ⭐️ View project at: https://wandb.ai/caselli-niccolo-developer-university-of-amsterdam/probe4physics
wandb: Synced 4 W&B file(s), 0 media file(s), 0 artifact file(s) and 0 other file(s)
wandb: Find logs at: ./wandb/run-20260430_130132-loexnzei/logs
[I 2026-04-30 13:01:43,849] Trial 7 pruned. Pruned at epoch 100 with val_accuracy=50.0000
wandb: setting up run pxemk0x1
wandb: Tracking run with wandb version 0.26.1
wandb: Run data is saved locally in /gpfs/home3/scur0511/Probe4Physics/wandb/run-20260430_130144-pxemk0x1
wandb: Run `wandb offline` to turn off syncing.
wandb: Syncing run intphys2_mlp_jepa_v2_vitg_384_layer_30/trial_0008
wandb: ⭐️ View project at https://wandb.ai/caselli-niccolo-developer-university-of-amsterdam/probe4physics
wandb: 🚀 View run at https://wandb.ai/caselli-niccolo-developer-university-of-amsterdam/probe4physics/runs/pxemk0x1
[eval.intphys2] Starting eval | split_name=val split_dir=data/splits/intphys2 predictor_mode=from_file metadata_file=data/annotations/intphys2_metadata.csv
[eval.intphys2] Loaded split assignments | split_scenes=51 split_samples=204
[eval.intphys2] Generated predictions | n_predictions=204
[eval.intphys2] Scoring complete | accuracy=53.9216 voe_accuracy=27.4510 n_scenes=51 n_samples=204
[eval.intphys2] Artifacts written | output_dir=artifacts/probes/intphys2/intphys2_probe_mlp_jepa_v2_vitg_384_20260430T105425Z/layer_30/train/trial_0008/val_eval
wandb: updating run metadata
wandb: uploading output.log; uploading wandb-summary.json; uploading config.yaml
wandb: 
wandb: Run history:
wandb:          epoch ▁▁▁▁▂▂▂▂▃▃▃▃▃▄▄▄▄▄▄▄▅▅▅▅▅▅▅▆▆▆▆▇▇▇▇▇▇███
wandb: train_accuracy ▃▄▅▄▆▂▇▅▄▅▄▆▂▅▅▄▆▁▅▅▅▅▆▅▄▃▆▄▇▅▇▅▄▅▄▃█▅▄▄
wandb:     train_loss ▆▂▃▄█▆▄▆▁▂▁▂▂▁▂▂▃▂▁▂▁▁▁▂▂▂▂▁▁▂▂▃▂▁▁▂▁▁▁▂
wandb:   val_accuracy ▁▃▃▃▃▃▃▃▃▃▃▃▅▃▃▃▃▃▃▃▆▃▃▃▃▃▅▃▃▃▃▃▄▃▃▆▂▅▄█
wandb:       val_loss ▁▁▁▂█▁▁▂▁▁▁▂▁▂▁▁▃▂▁▁▁▁▁▂▁▁▁▁▁▁▁▃▁▁▁▁▁▁▁▁
wandb: 
wandb: Run summary:
wandb:           best_epoch 77
wandb:    best_val_accuracy 53.92157
wandb:        best_val_loss 0.69311
wandb: checkpoint_best_path artifacts/probes/int...
wandb: checkpoint_last_path artifacts/probes/int...
wandb:      checkpoint_path artifacts/probes/int...
wandb:              dataset intphys2
wandb:      elapsed_seconds 7.19989
wandb:                epoch 100
wandb:    feature_signature 6370d2c41854f9d5
wandb:                  +22 ...
wandb: 
wandb: 🚀 View run intphys2_mlp_jepa_v2_vitg_384_layer_30/trial_0008 at: https://wandb.ai/caselli-niccolo-developer-university-of-amsterdam/probe4physics/runs/pxemk0x1
wandb: ⭐️ View project at: https://wandb.ai/caselli-niccolo-developer-university-of-amsterdam/probe4physics
wandb: Synced 5 W&B file(s), 0 media file(s), 0 artifact file(s) and 0 other file(s)
wandb: Find logs at: ./wandb/run-20260430_130144-pxemk0x1/logs
[I 2026-04-30 13:01:52,195] Trial 8 finished with value: 27.450980392156865 and parameters: {'lr': 0.005280796376895365, 'weight_decay': 3.1315069138816194e-07, 'batch_size': 64, 'hidden_dims': '1024', 'dropout': 0.40183603844955723}. Best is trial 1 with value: 31.372549019607842.
wandb: setting up run ks9su483
wandb: Tracking run with wandb version 0.26.1
wandb: Run data is saved locally in /gpfs/home3/scur0511/Probe4Physics/wandb/run-20260430_130152-ks9su483
wandb: Run `wandb offline` to turn off syncing.
wandb: Syncing run intphys2_mlp_jepa_v2_vitg_384_layer_30/trial_0009
wandb: ⭐️ View project at https://wandb.ai/caselli-niccolo-developer-university-of-amsterdam/probe4physics
wandb: 🚀 View run at https://wandb.ai/caselli-niccolo-developer-university-of-amsterdam/probe4physics/runs/ks9su483
[eval.intphys2] Starting eval | split_name=val split_dir=data/splits/intphys2 predictor_mode=from_file metadata_file=data/annotations/intphys2_metadata.csv
[eval.intphys2] Loaded split assignments | split_scenes=51 split_samples=204
[eval.intphys2] Generated predictions | n_predictions=204
[eval.intphys2] Scoring complete | accuracy=53.9216 voe_accuracy=17.6471 n_scenes=51 n_samples=204
[eval.intphys2] Artifacts written | output_dir=artifacts/probes/intphys2/intphys2_probe_mlp_jepa_v2_vitg_384_20260430T105425Z/layer_30/train/trial_0009/val_eval
wandb: updating run metadata
wandb: uploading history steps 0-99, summary, console lines 0-4
wandb: 
wandb: Run history:
wandb:          epoch ▁▁▁▂▂▂▂▂▃▃▃▃▃▃▄▄▄▄▄▄▅▅▅▅▅▅▅▆▆▆▇▇▇▇▇▇▇███
wandb: train_accuracy ▁▆▃▇▄▃▄▂█▆▁▇▅▇▅▆▆▂▅▆▃▆▆▅▂▄▆▄▄▃▆▅▄▆▄▆▆▂▄▂
wandb:     train_loss █▆▄▆▃▄▂▂▂▂▄▂▂▂▂▂▁▃▃▂▂▁▂▂▂▂▂▂▃▂▂▃▂▂▁▂▂▂▂▂
wandb:   val_accuracy ▃▄▄▄▄▂▄▄▄▄▆▄▃▄▅▄▁█▄▄▅▄▄▅▅▅▆▄▄▄▆▅▄▄▄▄▄▄▅▃
wandb:       val_loss ▇██▃▃▄▅▄▂▂▂▂▂▃▃▄▆▂▂▂▂▃▃▂▁▁▄▁▁▂▁▁▁▂▂▁▁▁▁▁
wandb: 
wandb: Run summary:
wandb:           best_epoch 80
wandb:    best_val_accuracy 53.92157
wandb:        best_val_loss 0.69307
wandb: checkpoint_best_path artifacts/probes/int...
wandb: checkpoint_last_path artifacts/probes/int...
wandb:      checkpoint_path artifacts/probes/int...
wandb:              dataset intphys2
wandb:      elapsed_seconds 7.83268
wandb:                epoch 100
wandb:    feature_signature 6370d2c41854f9d5
wandb:                  +22 ...
wandb: 
wandb: 🚀 View run intphys2_mlp_jepa_v2_vitg_384_layer_30/trial_0009 at: https://wandb.ai/caselli-niccolo-developer-university-of-amsterdam/probe4physics/runs/ks9su483
wandb: ⭐️ View project at: https://wandb.ai/caselli-niccolo-developer-university-of-amsterdam/probe4physics
wandb: Synced 5 W&B file(s), 0 media file(s), 0 artifact file(s) and 0 other file(s)
wandb: Find logs at: ./wandb/run-20260430_130152-ks9su483/logs
[I 2026-04-30 13:02:01,400] Trial 9 finished with value: 17.647058823529413 and parameters: {'lr': 3.6283583803549155e-05, 'weight_decay': 0.0022664909586669274, 'batch_size': 128, 'hidden_dims': '1024x512x256', 'dropout': 0.25537365128878287}. Best is trial 1 with value: 31.372549019607842.
wandb: setting up run eloxnuex
wandb: Tracking run with wandb version 0.26.1
wandb: Run data is saved locally in /gpfs/home3/scur0511/Probe4Physics/wandb/run-20260430_130201-eloxnuex
wandb: Run `wandb offline` to turn off syncing.
wandb: Syncing run intphys2_mlp_jepa_v2_vitg_384_layer_30/trial_0010
wandb: ⭐️ View project at https://wandb.ai/caselli-niccolo-developer-university-of-amsterdam/probe4physics
wandb: 🚀 View run at https://wandb.ai/caselli-niccolo-developer-university-of-amsterdam/probe4physics/runs/eloxnuex
[eval.intphys2] Starting eval | split_name=val split_dir=data/splits/intphys2 predictor_mode=from_file metadata_file=data/annotations/intphys2_metadata.csv
[eval.intphys2] Loaded split assignments | split_scenes=51 split_samples=204
[eval.intphys2] Generated predictions | n_predictions=204
[eval.intphys2] Scoring complete | accuracy=52.9412 voe_accuracy=17.6471 n_scenes=51 n_samples=204
[eval.intphys2] Artifacts written | output_dir=artifacts/probes/intphys2/intphys2_probe_mlp_jepa_v2_vitg_384_20260430T105425Z/layer_30/train/trial_0010/val_eval
wandb: updating run metadata
wandb: uploading output.log; uploading wandb-summary.json; uploading config.yaml; uploading wandb-metadata.json; uploading requirements.txt
wandb: 
wandb: Run history:
wandb:          epoch ▁▁▁▁▁▂▂▃▃▃▃▃▃▄▄▄▄▄▅▅▅▅▅▅▅▆▆▆▆▆▆▆▇▇▇▇▇▇██
wandb: train_accuracy ▅▆▃▃▅▃▂▅▄▃▃▁▂▇▂▄▂▂▅▃▅▄▄▄▄▄▃▃▄▃▇█▂▅▅▃▅▄▇▂
wandb:     train_loss █▅▄▅▆▄▅▄▅▅▂▄▅▅▄▄▄▃▄▂▃▃▄▃▂▂▃▁▁▄▂▂▂▂▃▃▁▂▂▄
wandb:   val_accuracy ▅▆▄▂▃▅▇▇▅▅▅▄█▅▅▅▅▅▆█▄▂▄▃▆▄▆▄▄▄▅▂▂▅▄▄▂▁▄▃
wandb:       val_loss █▂▂▂▁▁▁▁▁▁▁▁▁▁▁▁▁▁▁▁▁▁▁▁▁▁▁▁▁▁▁▁▁▁▁▁▁▁▁▁
wandb: 
wandb: Run summary:
wandb:           best_epoch 38
wandb:    best_val_accuracy 52.94118
wandb:        best_val_loss 0.69326
wandb: checkpoint_best_path artifacts/probes/int...
wandb: checkpoint_last_path artifacts/probes/int...
wandb:      checkpoint_path artifacts/probes/int...
wandb:              dataset intphys2
wandb:      elapsed_seconds 4.24216
wandb:                epoch 100
wandb:    feature_signature 6370d2c41854f9d5
wandb:                  +22 ...
wandb: 
wandb: 🚀 View run intphys2_mlp_jepa_v2_vitg_384_layer_30/trial_0010 at: https://wandb.ai/caselli-niccolo-developer-university-of-amsterdam/probe4physics/runs/eloxnuex
wandb: ⭐️ View project at: https://wandb.ai/caselli-niccolo-developer-university-of-amsterdam/probe4physics
wandb: Synced 5 W&B file(s), 0 media file(s), 0 artifact file(s) and 0 other file(s)
wandb: Find logs at: ./wandb/run-20260430_130201-eloxnuex/logs
[I 2026-04-30 13:02:06,787] Trial 10 finished with value: 17.647058823529413 and parameters: {'lr': 1.1890625822974641e-05, 'weight_decay': 2.3573161161095077e-06, 'batch_size': 256, 'hidden_dims': '512', 'dropout': 0.49004175484611584}. Best is trial 1 with value: 31.372549019607842.
wandb: setting up run rjtzwluv
wandb: Tracking run with wandb version 0.26.1
wandb: Run data is saved locally in /gpfs/home3/scur0511/Probe4Physics/wandb/run-20260430_130207-rjtzwluv
wandb: Run `wandb offline` to turn off syncing.
wandb: Syncing run intphys2_mlp_jepa_v2_vitg_384_layer_30/trial_0011
wandb: ⭐️ View project at https://wandb.ai/caselli-niccolo-developer-university-of-amsterdam/probe4physics
wandb: 🚀 View run at https://wandb.ai/caselli-niccolo-developer-university-of-amsterdam/probe4physics/runs/rjtzwluv
[eval.intphys2] Starting eval | split_name=val split_dir=data/splits/intphys2 predictor_mode=from_file metadata_file=data/annotations/intphys2_metadata.csv
[eval.intphys2] Loaded split assignments | split_scenes=51 split_samples=204
[eval.intphys2] Generated predictions | n_predictions=204
[eval.intphys2] Scoring complete | accuracy=54.4118 voe_accuracy=25.4902 n_scenes=51 n_samples=204
[eval.intphys2] Artifacts written | output_dir=artifacts/probes/intphys2/intphys2_probe_mlp_jepa_v2_vitg_384_20260430T105425Z/layer_30/train/trial_0011/val_eval
wandb: updating run metadata
wandb: uploading output.log; uploading wandb-summary.json; uploading config.yaml; uploading wandb-metadata.json; uploading requirements.txt
wandb: uploading output.log; uploading wandb-summary.json; uploading config.yaml; uploading requirements.txt
wandb: 
wandb: Run history:
wandb:          epoch ▁▁▂▂▂▂▂▂▃▃▃▃▃▃▃▄▄▄▄▅▅▅▅▅▅▆▆▆▇▇▇▇▇▇▇▇████
wandb: train_accuracy ▁▂▂▂▃▄▂▃▃▂▂▃▂▃▃▂▃▅▅▂▄▃▄▃▅▅▆▇▄▄▅▅▄▅█▄▄▇▅▅
wandb:     train_loss █▄▃▂▂▂▂▂▂▂▂▃▂▃▂▂▂▂▃▂▂▂▂▂▂▂▂▂▂▂▂▃▂▁▁▂▁▁▂▂
wandb:   val_accuracy ▃▃▃▃▂▃▃▃▃▃▃▃▅▄▁▃▅▃▃▃▃█▂▄▅▃▅▆▅▇▅█▄▂▄▆▅▃▄▆
wandb:       val_loss ▅█▄▂▂▂▂▂▂▃▂▂▂▂▂▂▃▂▂▂▂▁▂▁▃▂▁▁▁▁▁▁▃▄▇▁▄▂▁▃
wandb: 
wandb: Run summary:
wandb:           best_epoch 78
wandb:    best_val_accuracy 54.41176
wandb:        best_val_loss 0.6927
wandb: checkpoint_best_path artifacts/probes/int...
wandb: checkpoint_last_path artifacts/probes/int...
wandb:      checkpoint_path artifacts/probes/int...
wandb:              dataset intphys2
wandb:      elapsed_seconds 3.84482
wandb:                epoch 100
wandb:    feature_signature 6370d2c41854f9d5
wandb:                  +22 ...
wandb: 
wandb: 🚀 View run intphys2_mlp_jepa_v2_vitg_384_layer_30/trial_0011 at: https://wandb.ai/caselli-niccolo-developer-university-of-amsterdam/probe4physics/runs/rjtzwluv
wandb: ⭐️ View project at: https://wandb.ai/caselli-niccolo-developer-university-of-amsterdam/probe4physics
wandb: Synced 5 W&B file(s), 0 media file(s), 0 artifact file(s) and 0 other file(s)
wandb: Find logs at: ./wandb/run-20260430_130207-rjtzwluv/logs
[I 2026-04-30 13:02:12,197] Trial 11 finished with value: 25.49019607843137 and parameters: {'lr': 0.0009677193907657219, 'weight_decay': 1.2404201083947842e-08, 'batch_size': 128, 'hidden_dims': '256', 'dropout': 0.0034053139454592943}. Best is trial 1 with value: 31.372549019607842.
wandb: setting up run ss1ocx1x
wandb: Tracking run with wandb version 0.26.1
wandb: Run data is saved locally in /gpfs/home3/scur0511/Probe4Physics/wandb/run-20260430_130212-ss1ocx1x
wandb: Run `wandb offline` to turn off syncing.
wandb: Syncing run intphys2_mlp_jepa_v2_vitg_384_layer_30/trial_0012
wandb: ⭐️ View project at https://wandb.ai/caselli-niccolo-developer-university-of-amsterdam/probe4physics
wandb: 🚀 View run at https://wandb.ai/caselli-niccolo-developer-university-of-amsterdam/probe4physics/runs/ss1ocx1x
[eval.intphys2] Starting eval | split_name=val split_dir=data/splits/intphys2 predictor_mode=from_file metadata_file=data/annotations/intphys2_metadata.csv
[eval.intphys2] Loaded split assignments | split_scenes=51 split_samples=204
[eval.intphys2] Generated predictions | n_predictions=204
[eval.intphys2] Scoring complete | accuracy=52.9412 voe_accuracy=27.4510 n_scenes=51 n_samples=204
[eval.intphys2] Artifacts written | output_dir=artifacts/probes/intphys2/intphys2_probe_mlp_jepa_v2_vitg_384_20260430T105425Z/layer_30/train/trial_0012/val_eval
wandb: updating run metadata
wandb: uploading config.yaml; uploading wandb-metadata.json; uploading requirements.txt; uploading output.log; uploading wandb-summary.json
wandb: 
wandb: Run history:
wandb:          epoch ▁▁▁▁▂▂▂▃▃▃▃▃▃▃▃▄▄▄▄▄▅▅▅▅▅▅▅▆▆▆▆▆▆▆▇▇▇▇▇█
wandb: train_accuracy ▄▄▄█▃▆▃▁▅▅▄▃▃▄▆▄▄▃▅▅▄▄▃▅▅▄▆▅▃▇▆▄▅▄▅▃▄▃▄▇
wandb:     train_loss █▂▂▁▁▁▁▁▁▁▁▁▁▁▁▁▁▁▁▁▁▁▁▁▁▁▁▁▁▁▁▁▁▁▁▁▁▁▁▁
wandb:   val_accuracy ▁▁▁▁▂▁▁▁▁▁▁▁▄▁▁▁▁▁▁▁▁█▅▁▁▄▂▂▂▂▁▁▁▅▄▅▁▂▄▅
wandb:       val_loss ▂▂▂▃▄▂▂▂▅▅▂▃▂▂▂▂▂▂▂█▇▅▂▂▂▁▆▂▃▂▄▂▁▁▂▂▂▃▂▁
wandb: 
wandb: Run summary:
wandb:           best_epoch 92
wandb:    best_val_accuracy 52.94118
wandb:        best_val_loss 0.69275
wandb: checkpoint_best_path artifacts/probes/int...
wandb: checkpoint_last_path artifacts/probes/int...
wandb:      checkpoint_path artifacts/probes/int...
wandb:              dataset intphys2
wandb:      elapsed_seconds 5.03231
wandb:                epoch 100
wandb:    feature_signature 6370d2c41854f9d5
wandb:                  +22 ...
wandb: 
wandb: 🚀 View run intphys2_mlp_jepa_v2_vitg_384_layer_30/trial_0012 at: https://wandb.ai/caselli-niccolo-developer-university-of-amsterdam/probe4physics/runs/ss1ocx1x
wandb: ⭐️ View project at: https://wandb.ai/caselli-niccolo-developer-university-of-amsterdam/probe4physics
wandb: Synced 5 W&B file(s), 0 media file(s), 0 artifact file(s) and 0 other file(s)
wandb: Find logs at: ./wandb/run-20260430_130212-ss1ocx1x/logs
[I 2026-04-30 13:02:18,468] Trial 12 finished with value: 27.450980392156865 and parameters: {'lr': 0.0006023982170524604, 'weight_decay': 1.369453656731483e-06, 'batch_size': 128, 'hidden_dims': '512x256', 'dropout': 0.17125799686887833}. Best is trial 1 with value: 31.372549019607842.
wandb: setting up run l0tygnn4
wandb: Tracking run with wandb version 0.26.1
wandb: Run data is saved locally in /gpfs/home3/scur0511/Probe4Physics/wandb/run-20260430_130218-l0tygnn4
wandb: Run `wandb offline` to turn off syncing.
wandb: Syncing run intphys2_mlp_jepa_v2_vitg_384_layer_30/trial_0013
wandb: ⭐️ View project at https://wandb.ai/caselli-niccolo-developer-university-of-amsterdam/probe4physics
wandb: 🚀 View run at https://wandb.ai/caselli-niccolo-developer-university-of-amsterdam/probe4physics/runs/l0tygnn4
[eval.intphys2] Starting eval | split_name=val split_dir=data/splits/intphys2 predictor_mode=from_file metadata_file=data/annotations/intphys2_metadata.csv
[eval.intphys2] Loaded split assignments | split_scenes=51 split_samples=204
[eval.intphys2] Generated predictions | n_predictions=204
[eval.intphys2] Scoring complete | accuracy=55.3922 voe_accuracy=27.4510 n_scenes=51 n_samples=204
[eval.intphys2] Artifacts written | output_dir=artifacts/probes/intphys2/intphys2_probe_mlp_jepa_v2_vitg_384_20260430T105425Z/layer_30/train/trial_0013/val_eval
wandb: updating run metadata
wandb: uploading history steps 0-99, summary, console lines 0-4
wandb: 
wandb: Run history:
wandb:          epoch ▁▁▂▂▂▂▂▂▂▂▃▃▃▃▃▄▄▄▄▄▄▄▄▅▅▅▅▆▆▆▇▇▇▇▇▇▇███
wandb: train_accuracy █▄▄▇▅▅▅▁▄▂▆▃▅▄▅▇▅▅▅▇▅▃▄▆▅▅▆▅▅▆▅▅▆▅▇▆▅█▄▆
wandb:     train_loss █▃▂▄▆▄▅▃▂▂▃▃▂▃▃▃▁▂▁▂▂▁▁▂▂▂▂▂▂▂▂▂▁▂▁▁▁▂▂▂
wandb:   val_accuracy ▃▃▂▃▂▃▄▃▄▄▃▃▃▃▂▃▄▃▄▁▃▄▃▅▂▃▃▄▃▄▃█▂▁▆▇▄▃▁▅
wandb:       val_loss ▃█▅▃▂▂▂▂▂▃▂▂▂▂▁▁▂▂▁▁▁▁▁▁▁▁▁▁▁▁▁▁▂▂▁▁▁▁▁▁
wandb: 
wandb: Run summary:
wandb:           best_epoch 74
wandb:    best_val_accuracy 55.39216
wandb:        best_val_loss 0.69276
wandb: checkpoint_best_path artifacts/probes/int...
wandb: checkpoint_last_path artifacts/probes/int...
wandb:      checkpoint_path artifacts/probes/int...
wandb:              dataset intphys2
wandb:      elapsed_seconds 4.22634
wandb:                epoch 100
wandb:    feature_signature 6370d2c41854f9d5
wandb:                  +22 ...
wandb: 
wandb: 🚀 View run intphys2_mlp_jepa_v2_vitg_384_layer_30/trial_0013 at: https://wandb.ai/caselli-niccolo-developer-university-of-amsterdam/probe4physics/runs/l0tygnn4
wandb: ⭐️ View project at: https://wandb.ai/caselli-niccolo-developer-university-of-amsterdam/probe4physics
wandb: Synced 5 W&B file(s), 0 media file(s), 0 artifact file(s) and 0 other file(s)
wandb: Find logs at: ./wandb/run-20260430_130218-l0tygnn4/logs
[I 2026-04-30 13:02:24,055] Trial 13 finished with value: 27.450980392156865 and parameters: {'lr': 4.8992953778813396e-05, 'weight_decay': 2.752617495528307e-05, 'batch_size': 256, 'hidden_dims': '512', 'dropout': 0.3229282203516206}. Best is trial 1 with value: 31.372549019607842.
wandb: setting up run ih8j7aop
wandb: Tracking run with wandb version 0.26.1
wandb: Run data is saved locally in /gpfs/home3/scur0511/Probe4Physics/wandb/run-20260430_130224-ih8j7aop
wandb: Run `wandb offline` to turn off syncing.
wandb: Syncing run intphys2_mlp_jepa_v2_vitg_384_layer_30/trial_0014
wandb: ⭐️ View project at https://wandb.ai/caselli-niccolo-developer-university-of-amsterdam/probe4physics
wandb: 🚀 View run at https://wandb.ai/caselli-niccolo-developer-university-of-amsterdam/probe4physics/runs/ih8j7aop
[eval.intphys2] Starting eval | split_name=val split_dir=data/splits/intphys2 predictor_mode=from_file metadata_file=data/annotations/intphys2_metadata.csv
[eval.intphys2] Loaded split assignments | split_scenes=51 split_samples=204
[eval.intphys2] Generated predictions | n_predictions=204
[eval.intphys2] Scoring complete | accuracy=54.4118 voe_accuracy=25.4902 n_scenes=51 n_samples=204
[eval.intphys2] Artifacts written | output_dir=artifacts/probes/intphys2/intphys2_probe_mlp_jepa_v2_vitg_384_20260430T105425Z/layer_30/train/trial_0014/val_eval
wandb: updating run metadata
wandb: uploading output.log; uploading wandb-summary.json; uploading config.yaml; uploading wandb-metadata.json; uploading requirements.txt
wandb: uploading wandb-metadata.json
wandb: 
wandb: Run history:
wandb:          epoch ▁▁▁▁▁▂▂▂▂▂▂▂▂▃▃▃▃▄▄▄▄▄▄▅▅▅▅▅▅▅▆▆▆▆▇▇▇███
wandb: train_accuracy ▁▄▄▄▄▅▃▄▅▅▅▄▃▄▄▆▅▇▃▅█▅▄▇▂▆█▆▆▆▆▇▇▅▅▇▆▇▆▆
wandb:     train_loss █▃▂▂▂▁▂▂▁▂▂▂▂▂▁▁▂▂▂▁▂▂▁▂▁▁▁▁▁▁▁▂▂▂▂▁▁▁▁▁
wandb:   val_accuracy ▂▂▄▂▅▄▁▂▂▂▅▂▂▂▂▅▄▅▃▅▂▂▅▃▅▂▂▄▅▄▃▅▅▅▇▂▇█▃▃
wandb:       val_loss █▃▁▁▁▁▁▁▁▁▁▁▁▁▂▁▁▁▁▁▁▁▁▁▁▁▁▁▁▁▁▂▂▁▁▁▁▁▁▁
wandb: 
wandb: Run summary:
wandb:           best_epoch 92
wandb:    best_val_accuracy 54.41176
wandb:        best_val_loss 0.6918
wandb: checkpoint_best_path artifacts/probes/int...
wandb: checkpoint_last_path artifacts/probes/int...
wandb:      checkpoint_path artifacts/probes/int...
wandb:              dataset intphys2
wandb:      elapsed_seconds 4.49223
wandb:                epoch 100
wandb:    feature_signature 6370d2c41854f9d5
wandb:                  +22 ...
wandb: 
wandb: 🚀 View run intphys2_mlp_jepa_v2_vitg_384_layer_30/trial_0014 at: https://wandb.ai/caselli-niccolo-developer-university-of-amsterdam/probe4physics/runs/ih8j7aop
wandb: ⭐️ View project at: https://wandb.ai/caselli-niccolo-developer-university-of-amsterdam/probe4physics
wandb: Synced 5 W&B file(s), 0 media file(s), 0 artifact file(s) and 0 other file(s)
wandb: Find logs at: ./wandb/run-20260430_130224-ih8j7aop/logs
[I 2026-04-30 13:02:30,078] Trial 14 finished with value: 25.49019607843137 and parameters: {'lr': 0.00040034317680581304, 'weight_decay': 2.7851438116777243e-07, 'batch_size': 128, 'hidden_dims': '512', 'dropout': 0.17381671524829134}. Best is trial 1 with value: 31.372549019607842.
wandb: setting up run 9fkjirfa
wandb: Tracking run with wandb version 0.26.1
wandb: Run data is saved locally in /gpfs/home3/scur0511/Probe4Physics/wandb/run-20260430_130230-9fkjirfa
wandb: Run `wandb offline` to turn off syncing.
wandb: Syncing run intphys2_mlp_jepa_v2_vitg_384_layer_30/trial_0015
wandb: ⭐️ View project at https://wandb.ai/caselli-niccolo-developer-university-of-amsterdam/probe4physics
wandb: 🚀 View run at https://wandb.ai/caselli-niccolo-developer-university-of-amsterdam/probe4physics/runs/9fkjirfa
[eval.intphys2] Starting eval | split_name=val split_dir=data/splits/intphys2 predictor_mode=from_file metadata_file=data/annotations/intphys2_metadata.csv
[eval.intphys2] Loaded split assignments | split_scenes=51 split_samples=204
[eval.intphys2] Generated predictions | n_predictions=204
[eval.intphys2] Scoring complete | accuracy=53.4314 voe_accuracy=25.4902 n_scenes=51 n_samples=204
[eval.intphys2] Artifacts written | output_dir=artifacts/probes/intphys2/intphys2_probe_mlp_jepa_v2_vitg_384_20260430T105425Z/layer_30/train/trial_0015/val_eval
wandb: updating run metadata
wandb: uploading config.yaml
wandb: 
wandb: Run history:
wandb:          epoch ▁▁▁▁▁▂▂▃▃▃▃▃▃▃▄▄▄▄▄▄▅▅▅▅▅▅▆▆▆▆▆▆▆▇▇▇▇▇██
wandb: train_accuracy ██▅▆▁▄▃▅▃▆▄▃▆▂▄▅▅▁▅▃▄▅▂▃▃▆▃██▃▅▅█▅▃▆▅▆█▅
wandb:     train_loss █▃▁▁▁▂▁▁▁▂▁▂▁▁▁▁▁▁▁▁▁▁▁▁▁▁▁▁▁▁▁▁▂▁▁▁▂▁▁▁
wandb:   val_accuracy ▅▅▅▅▅▄▅▇▅▅▅▅▅▅▅▅▇▅▅▅▅▅▅▅▅▆▅▁▅▅▅▅▅▅▆▅▇▃█▆
wandb:       val_loss █▂▁▁▁▁▁▁▁▁▁▁▁▁▁▁▁▁▁▁▁▁▁▁▁▁▁▁▁▁▁▁▁▁▁▂▁▁▁▁
wandb: 
wandb: Run summary:
wandb:           best_epoch 98
wandb:    best_val_accuracy 53.43137
wandb:        best_val_loss 0.69297
wandb: checkpoint_best_path artifacts/probes/int...
wandb: checkpoint_last_path artifacts/probes/int...
wandb:      checkpoint_path artifacts/probes/int...
wandb:              dataset intphys2
wandb:      elapsed_seconds 5.71885
wandb:                epoch 100
wandb:    feature_signature 6370d2c41854f9d5
wandb:                  +22 ...
wandb: 
wandb: 🚀 View run intphys2_mlp_jepa_v2_vitg_384_layer_30/trial_0015 at: https://wandb.ai/caselli-niccolo-developer-university-of-amsterdam/probe4physics/runs/9fkjirfa
wandb: ⭐️ View project at: https://wandb.ai/caselli-niccolo-developer-university-of-amsterdam/probe4physics
wandb: Synced 5 W&B file(s), 0 media file(s), 0 artifact file(s) and 0 other file(s)
wandb: Find logs at: ./wandb/run-20260430_130230-9fkjirfa/logs
[I 2026-04-30 13:02:36,818] Trial 15 finished with value: 25.49019607843137 and parameters: {'lr': 0.0020233435446609807, 'weight_decay': 1.0728534741759395e-08, 'batch_size': 128, 'hidden_dims': '1024', 'dropout': 0.49516564289745335}. Best is trial 1 with value: 31.372549019607842.
wandb: Tracking run with wandb version 0.26.1
wandb: Run data is saved locally in /gpfs/home3/scur0511/Probe4Physics/wandb/run-20260430_130237-x1ny3p5c
wandb: Run `wandb offline` to turn off syncing.
wandb: Syncing run intphys2_mlp_jepa_v2_vitg_384_layer_30/trial_0016
wandb: ⭐️ View project at https://wandb.ai/caselli-niccolo-developer-university-of-amsterdam/probe4physics
wandb: 🚀 View run at https://wandb.ai/caselli-niccolo-developer-university-of-amsterdam/probe4physics/runs/x1ny3p5c
[eval.intphys2] Starting eval | split_name=val split_dir=data/splits/intphys2 predictor_mode=from_file metadata_file=data/annotations/intphys2_metadata.csv
[eval.intphys2] Loaded split assignments | split_scenes=51 split_samples=204
[eval.intphys2] Generated predictions | n_predictions=204
[eval.intphys2] Scoring complete | accuracy=52.4510 voe_accuracy=25.4902 n_scenes=51 n_samples=204
[eval.intphys2] Artifacts written | output_dir=artifacts/probes/intphys2/intphys2_probe_mlp_jepa_v2_vitg_384_20260430T105425Z/layer_30/train/trial_0016/val_eval
wandb: updating run metadata
wandb: uploading requirements.txt; uploading output.log; uploading wandb-summary.json; uploading config.yaml; uploading wandb-metadata.json
wandb: 
wandb: Run history:
wandb:          epoch ▁▁▁▁▁▂▂▂▂▂▂▃▃▃▃▄▄▄▄▄▄▄▅▅▅▅▅▆▆▆▆▇▇▇▇▇▇███
wandb: train_accuracy ▂▄█▃▄▅▅▄▄▄▃▅▆█▃▇▆▇▃▃▄▆▃▃▃▆▁▂▄▃▁▂▃▅▃▂▂▃▇▃
wandb:     train_loss ▇▅█▄▅▂▆▆▆▅▄▁▂▄▃▃▃▅▅▃▃▅▄▆▅▃▄▅▄▃▂▄▄▃▄▅▃▂▄▅
wandb:   val_accuracy ▆▄▆▃▆▇▇▁▅▇▂▄▆▅▆▇▆▆▆▆▆▆▄▇▅▅▇▆▆▆▆▆▆▅▆▆▇▆▆█
wandb:       val_loss █▆▆▄▅▄▄▃▃▄▄▃▃▂▂▂▂▂▂▂▂▂▂▂▁▂▁▂▁▁▁▂▁▁▁▁▁▁▁▁
wandb: 
wandb: Run summary:
wandb:           best_epoch 66
wandb:    best_val_accuracy 52.45098
wandb:        best_val_loss 0.69287
wandb: checkpoint_best_path artifacts/probes/int...
wandb: checkpoint_last_path artifacts/probes/int...
wandb:      checkpoint_path artifacts/probes/int...
wandb:              dataset intphys2
wandb:      elapsed_seconds 4.99311
wandb:                epoch 100
wandb:    feature_signature 6370d2c41854f9d5
wandb:                  +22 ...
wandb: 
wandb: 🚀 View run intphys2_mlp_jepa_v2_vitg_384_layer_30/trial_0016 at: https://wandb.ai/caselli-niccolo-developer-university-of-amsterdam/probe4physics/runs/x1ny3p5c
wandb: ⭐️ View project at: https://wandb.ai/caselli-niccolo-developer-university-of-amsterdam/probe4physics
wandb: Synced 5 W&B file(s), 0 media file(s), 0 artifact file(s) and 0 other file(s)
wandb: Find logs at: ./wandb/run-20260430_130237-x1ny3p5c/logs
[I 2026-04-30 13:02:43,009] Trial 16 finished with value: 25.49019607843137 and parameters: {'lr': 1.2436979494051815e-05, 'weight_decay': 6.38010832871044e-05, 'batch_size': 128, 'hidden_dims': '512x256', 'dropout': 0.12156919495641351}. Best is trial 1 with value: 31.372549019607842.
wandb: setting up run mrs43hx1
wandb: Tracking run with wandb version 0.26.1
wandb: Run data is saved locally in /gpfs/home3/scur0511/Probe4Physics/wandb/run-20260430_130243-mrs43hx1
wandb: Run `wandb offline` to turn off syncing.
wandb: Syncing run intphys2_mlp_jepa_v2_vitg_384_layer_30/trial_0017
wandb: ⭐️ View project at https://wandb.ai/caselli-niccolo-developer-university-of-amsterdam/probe4physics
wandb: 🚀 View run at https://wandb.ai/caselli-niccolo-developer-university-of-amsterdam/probe4physics/runs/mrs43hx1
[eval.intphys2] Starting eval | split_name=val split_dir=data/splits/intphys2 predictor_mode=from_file metadata_file=data/annotations/intphys2_metadata.csv
[eval.intphys2] Loaded split assignments | split_scenes=51 split_samples=204
[eval.intphys2] Generated predictions | n_predictions=204
[eval.intphys2] Scoring complete | accuracy=56.3725 voe_accuracy=29.4118 n_scenes=51 n_samples=204
[eval.intphys2] Artifacts written | output_dir=artifacts/probes/intphys2/intphys2_probe_mlp_jepa_v2_vitg_384_20260430T105425Z/layer_30/train/trial_0017/val_eval
wandb: updating run metadata
wandb: uploading requirements.txt; uploading output.log; uploading wandb-summary.json; uploading config.yaml; uploading wandb-metadata.json
wandb: 
wandb: Run history:
wandb:          epoch ▁▁▁▁▂▂▂▂▂▂▃▃▃▃▃▄▄▄▄▄▅▅▅▅▅▅▅▆▆▆▆▆▆▇▇▇████
wandb: train_accuracy ▁▃▂▂▁▂▂▂▂▂▃▂▁▄▂▄▂▅▂▁▃▅▂▃▄▅▃▂▄▄▄▂▄▇▃▄█▇█▂
wandb:     train_loss ▅█▆▇▆▄▄▅▄▅▅▄▃▄▅▃▄▃▃▄▃▂▃▃▃▄▂▃▂▄▃▂▂▂▂▂▂▁▂▁
wandb:   val_accuracy ▃▂▂▂▁▃▃▂▁▃▃▃▄▅▂▂█▁▁▃▅▃▅▃▄▆▂▃▃▃▆▂▄▄▁▄▇▃█▂
wandb:       val_loss █▃█▆▃▃▃▃▂▄▂▃▃▃▂▂▂▂▂▂▂▂▂▂▂▄▂▂▂▄▁▂▁▁▁▂▂▁▄▃
wandb: 
wandb: Run summary:
wandb:           best_epoch 96
wandb:    best_val_accuracy 56.37255
wandb:        best_val_loss 0.69204
wandb: checkpoint_best_path artifacts/probes/int...
wandb: checkpoint_last_path artifacts/probes/int...
wandb:      checkpoint_path artifacts/probes/int...
wandb:              dataset intphys2
wandb:      elapsed_seconds 3.6408
wandb:                epoch 100
wandb:    feature_signature 6370d2c41854f9d5
wandb:                  +22 ...
wandb: 
wandb: 🚀 View run intphys2_mlp_jepa_v2_vitg_384_layer_30/trial_0017 at: https://wandb.ai/caselli-niccolo-developer-university-of-amsterdam/probe4physics/runs/mrs43hx1
wandb: ⭐️ View project at: https://wandb.ai/caselli-niccolo-developer-university-of-amsterdam/probe4physics
wandb: Synced 5 W&B file(s), 0 media file(s), 0 artifact file(s) and 0 other file(s)
wandb: Find logs at: ./wandb/run-20260430_130243-mrs43hx1/logs
[I 2026-04-30 13:02:47,865] Trial 17 finished with value: 29.411764705882355 and parameters: {'lr': 7.987657837993722e-05, 'weight_decay': 9.671126207558599e-07, 'batch_size': 256, 'hidden_dims': '256', 'dropout': 0.0015696481841454696}. Best is trial 1 with value: 31.372549019607842.
wandb: setting up run 7r8eq5f3
wandb: Tracking run with wandb version 0.26.1
wandb: Run data is saved locally in /gpfs/home3/scur0511/Probe4Physics/wandb/run-20260430_130248-7r8eq5f3
wandb: Run `wandb offline` to turn off syncing.
wandb: Syncing run intphys2_mlp_jepa_v2_vitg_384_layer_30/trial_0018
wandb: ⭐️ View project at https://wandb.ai/caselli-niccolo-developer-university-of-amsterdam/probe4physics
wandb: 🚀 View run at https://wandb.ai/caselli-niccolo-developer-university-of-amsterdam/probe4physics/runs/7r8eq5f3
[eval.intphys2] Starting eval | split_name=val split_dir=data/splits/intphys2 predictor_mode=from_file metadata_file=data/annotations/intphys2_metadata.csv
[eval.intphys2] Loaded split assignments | split_scenes=51 split_samples=204
[eval.intphys2] Generated predictions | n_predictions=204
[eval.intphys2] Scoring complete | accuracy=54.4118 voe_accuracy=27.4510 n_scenes=51 n_samples=204
[eval.intphys2] Artifacts written | output_dir=artifacts/probes/intphys2/intphys2_probe_mlp_jepa_v2_vitg_384_20260430T105425Z/layer_30/train/trial_0018/val_eval
wandb: updating run metadata
wandb: uploading output.log; uploading wandb-summary.json; uploading config.yaml; uploading wandb-metadata.json; uploading requirements.txt
wandb: 
wandb: Run history:
wandb:          epoch ▁▁▁▁▁▂▂▂▂▂▃▃▃▃▃▃▃▃▄▄▄▄▄▅▅▅▆▆▆▆▆▆▆▇▇▇▇███
wandb: train_accuracy ▆▅▅▇▆▆▁▁▃▄▅█▅▆█▂▂▃▃▄▂▄▄▄▆▇▆▆▆▅▆▅▆▃▇▇▇▅▅█
wandb:     train_loss ██▆▆▇▆▃▄▃▃▃▃▃▄▃▃▁▃▃▃▃▂▁▂▂▃▂▃▂▃▃▂▂▃▂▂▂▂▃▂
wandb:   val_accuracy ▄▃▃▃▃▃▂▃▂▆▅▄▆▃▄▃▃▃▃▃▆▄▄▅▂▄▃▃▅▂▃▃▃▃▆▆▅▄█▁
wandb:       val_loss █▄▆▄▂▂▂▂▂▂▂▁▂▂▂▁▂▂▂▁▁▂▂▁▁▁▁▁▁▂▁▂▂▁▁▁▁▁▁▁
wandb: 
wandb: Run summary:
wandb:           best_epoch 84
wandb:    best_val_accuracy 54.41176
wandb:        best_val_loss 0.69265
wandb: checkpoint_best_path artifacts/probes/int...
wandb: checkpoint_last_path artifacts/probes/int...
wandb:      checkpoint_path artifacts/probes/int...
wandb:              dataset intphys2
wandb:      elapsed_seconds 3.70273
wandb:                epoch 100
wandb:    feature_signature 6370d2c41854f9d5
wandb:                  +22 ...
wandb: 
wandb: 🚀 View run intphys2_mlp_jepa_v2_vitg_384_layer_30/trial_0018 at: https://wandb.ai/caselli-niccolo-developer-university-of-amsterdam/probe4physics/runs/7r8eq5f3
wandb: ⭐️ View project at: https://wandb.ai/caselli-niccolo-developer-university-of-amsterdam/probe4physics
wandb: Synced 5 W&B file(s), 0 media file(s), 0 artifact file(s) and 0 other file(s)
wandb: Find logs at: ./wandb/run-20260430_130248-7r8eq5f3/logs
[I 2026-04-30 13:02:52,652] Trial 18 finished with value: 27.450980392156865 and parameters: {'lr': 7.530764891133397e-05, 'weight_decay': 2.526173677091127e-06, 'batch_size': 256, 'hidden_dims': '256', 'dropout': 0.3072293366231178}. Best is trial 1 with value: 31.372549019607842.
wandb: setting up run bwveswe1
wandb: Tracking run with wandb version 0.26.1
wandb: Run data is saved locally in /gpfs/home3/scur0511/Probe4Physics/wandb/run-20260430_130252-bwveswe1
wandb: Run `wandb offline` to turn off syncing.
wandb: Syncing run intphys2_mlp_jepa_v2_vitg_384_layer_30/trial_0019
wandb: ⭐️ View project at https://wandb.ai/caselli-niccolo-developer-university-of-amsterdam/probe4physics
wandb: 🚀 View run at https://wandb.ai/caselli-niccolo-developer-university-of-amsterdam/probe4physics/runs/bwveswe1
[eval.intphys2] Starting eval | split_name=val split_dir=data/splits/intphys2 predictor_mode=from_file metadata_file=data/annotations/intphys2_metadata.csv
[eval.intphys2] Loaded split assignments | split_scenes=51 split_samples=204
[eval.intphys2] Generated predictions | n_predictions=204
[eval.intphys2] Scoring complete | accuracy=54.4118 voe_accuracy=19.6078 n_scenes=51 n_samples=204
[eval.intphys2] Artifacts written | output_dir=artifacts/probes/intphys2/intphys2_probe_mlp_jepa_v2_vitg_384_20260430T105425Z/layer_30/train/trial_0019/val_eval
wandb: updating run metadata
wandb: uploading wandb-metadata.json; uploading requirements.txt; uploading output.log; uploading wandb-summary.json; uploading config.yaml
wandb: 
wandb: Run history:
wandb:          epoch ▁▁▁▁▂▂▂▂▂▃▃▃▃▃▃▄▄▄▄▄▄▄▅▅▅▅▅▅▆▆▆▆▆▇▇▇▇▇██
wandb: train_accuracy ▅▃▅▂▅▃▄▄▁▆▃▅▆▅█▂▆▆▃▃▇▄▄▄▆▄▆▃▄▂▁▂▅▄▆▃▇▄▃▄
wandb:     train_loss █▇▅▄▄▄▅▃▅▃▅▄▃▂▃▃▃▃▄▄▄▁▄▃▂▃▂▂▂▂▄▃▃▂▃▁▃▄▂▃
wandb:   val_accuracy ▁▂▂▆▂▅▂▁▁▂▄▄▄▅▅▆▅▂▄▄▅▇▅▂▆▅▅▃▃▂▄▅█▆▆▃▃▂▄▁
wandb:       val_loss █▃▂▂▁▁▁▁▁▁▁▁▁▁▁▁▁▁▁▁▁▁▁▁▁▁▁▁▁▁▁▁▁▁▁▁▁▁▁▁
wandb: 
wandb: Run summary:
wandb:           best_epoch 56
wandb:    best_val_accuracy 54.41176
wandb:        best_val_loss 0.69318
wandb: checkpoint_best_path artifacts/probes/int...
wandb: checkpoint_last_path artifacts/probes/int...
wandb:      checkpoint_path artifacts/probes/int...
wandb:              dataset intphys2
wandb:      elapsed_seconds 3.58069
wandb:                epoch 100
wandb:    feature_signature 6370d2c41854f9d5
wandb:                  +22 ...
wandb: 
wandb: 🚀 View run intphys2_mlp_jepa_v2_vitg_384_layer_30/trial_0019 at: https://wandb.ai/caselli-niccolo-developer-university-of-amsterdam/probe4physics/runs/bwveswe1
wandb: ⭐️ View project at: https://wandb.ai/caselli-niccolo-developer-university-of-amsterdam/probe4physics
wandb: Synced 5 W&B file(s), 0 media file(s), 0 artifact file(s) and 0 other file(s)
wandb: Find logs at: ./wandb/run-20260430_130252-bwveswe1/logs
[I 2026-04-30 13:02:57,311] Trial 19 finished with value: 19.607843137254903 and parameters: {'lr': 2.2513479574604037e-05, 'weight_decay': 5.713542327993822e-07, 'batch_size': 256, 'hidden_dims': '256', 'dropout': 0.22427402844503805}. Best is trial 1 with value: 31.372549019607842.
[eval.intphys2] Starting eval | split_name=train split_dir=data/splits/intphys2 predictor_mode=from_file metadata_file=data/annotations/intphys2_metadata.csv
[eval.intphys2] Loaded split assignments | split_scenes=151 split_samples=604
[eval.intphys2] Generated predictions | n_predictions=604
[eval.intphys2] Scoring complete | accuracy=54.9669 voe_accuracy=41.7219 n_scenes=151 n_samples=604
[eval.intphys2] Artifacts written | output_dir=artifacts/probes/intphys2/intphys2_probe_mlp_jepa_v2_vitg_384_20260430T105425Z/layer_30/eval/train
[eval.intphys2] Starting eval | split_name=val split_dir=data/splits/intphys2 predictor_mode=from_file metadata_file=data/annotations/intphys2_metadata.csv
[eval.intphys2] Loaded split assignments | split_scenes=51 split_samples=204
[eval.intphys2] Generated predictions | n_predictions=204
[eval.intphys2] Scoring complete | accuracy=53.9216 voe_accuracy=31.3725 n_scenes=51 n_samples=204
[eval.intphys2] Artifacts written | output_dir=artifacts/probes/intphys2/intphys2_probe_mlp_jepa_v2_vitg_384_20260430T105425Z/layer_30/eval/val
[eval.intphys2] Starting eval | split_name=test split_dir=data/splits/intphys2 predictor_mode=from_file metadata_file=data/annotations/intphys2_metadata.csv
[eval.intphys2] Loaded split assignments | split_scenes=51 split_samples=204
[eval.intphys2] Generated predictions | n_predictions=204
[eval.intphys2] Scoring complete | accuracy=52.9412 voe_accuracy=35.2941 n_scenes=51 n_samples=204
[eval.intphys2] Artifacts written | output_dir=artifacts/probes/intphys2/intphys2_probe_mlp_jepa_v2_vitg_384_20260430T105425Z/layer_30/eval/test
[I 2026-04-30 13:02:57,680] A new study created in RDB with name: intphys2_mlp_jepa_v2_vitg_384_layer_40
wandb: setting up run 7iw4t3lx
wandb: Tracking run with wandb version 0.26.1
wandb: Run data is saved locally in /gpfs/home3/scur0511/Probe4Physics/wandb/run-20260430_130257-7iw4t3lx
wandb: Run `wandb offline` to turn off syncing.
wandb: Syncing run intphys2_mlp_jepa_v2_vitg_384_layer_40/trial_0000
wandb: ⭐️ View project at https://wandb.ai/caselli-niccolo-developer-university-of-amsterdam/probe4physics
wandb: 🚀 View run at https://wandb.ai/caselli-niccolo-developer-university-of-amsterdam/probe4physics/runs/7iw4t3lx
[eval.intphys2] Starting eval | split_name=val split_dir=data/splits/intphys2 predictor_mode=from_file metadata_file=data/annotations/intphys2_metadata.csv
[eval.intphys2] Loaded split assignments | split_scenes=51 split_samples=204
[eval.intphys2] Generated predictions | n_predictions=204
[eval.intphys2] Scoring complete | accuracy=51.9608 voe_accuracy=27.4510 n_scenes=51 n_samples=204
[eval.intphys2] Artifacts written | output_dir=artifacts/probes/intphys2/intphys2_probe_mlp_jepa_v2_vitg_384_20260430T105425Z/layer_40/train/trial_0000/val_eval
wandb: updating run metadata
wandb: uploading wandb-summary.json; uploading config.yaml; uploading output.log
wandb: 
wandb: Run history:
wandb:          epoch ▁▁▁▁▁▂▂▂▂▂▂▂▃▃▃▃▃▃▄▄▄▄▅▅▅▅▆▆▆▆▆▇▇▇▇▇▇███
wandb: train_accuracy ▆▅▃▆▄█▂▅▃▅▆▄▄▂▃▅▆▄▅▇▅▅█▆▆▅▅▄▁▄▅▆▇▃█▆▅▇▂▇
wandb:     train_loss █▆▄▃▃▃▃▃▂▂▂▂▂▂▂▂▂▂▂▂▂▂▂▂▃▂▁▂▂▂▁▁▂▂▂▂▂▂▁▂
wandb:   val_accuracy ▁▁▁▁▁▁▁▁▁▁▁▁▃▃▁▁▁▁▁▁█▁▁▁▁▅▁▁▁▁▁▁▁▁▁▁▁▃▁▃
wandb:       val_loss ▂█▂▄▆▂▁▂▁▂▁▁▃▁▄▂▂▁▁▂▁▁▁▂▁▂▁▁▁▁▂▁▁▁▁▁▂▁▁▁
wandb: 
wandb: Run summary:
wandb:           best_epoch 57
wandb:    best_val_accuracy 51.96078
wandb:        best_val_loss 0.69276
wandb: checkpoint_best_path artifacts/probes/int...
wandb: checkpoint_last_path artifacts/probes/int...
wandb:      checkpoint_path artifacts/probes/int...
wandb:              dataset intphys2
wandb:      elapsed_seconds 17.40514
wandb:                epoch 100
wandb:    feature_signature 6370d2c41854f9d5
wandb:                  +22 ...
wandb: 
wandb: 🚀 View run intphys2_mlp_jepa_v2_vitg_384_layer_40/trial_0000 at: https://wandb.ai/caselli-niccolo-developer-university-of-amsterdam/probe4physics/runs/7iw4t3lx
wandb: ⭐️ View project at: https://wandb.ai/caselli-niccolo-developer-university-of-amsterdam/probe4physics
wandb: Synced 5 W&B file(s), 0 media file(s), 0 artifact file(s) and 0 other file(s)
wandb: Find logs at: ./wandb/run-20260430_130257-7iw4t3lx/logs
[I 2026-04-30 13:03:16,292] Trial 0 finished with value: 27.450980392156865 and parameters: {'lr': 0.0001329291894316216, 'weight_decay': 0.005061576888752304, 'batch_size': 32, 'hidden_dims': '1024x512x1024', 'dropout': 0.41622132040021087}. Best is trial 0 with value: 27.450980392156865.
wandb: setting up run fyb96ck0
wandb: Tracking run with wandb version 0.26.1
wandb: Run data is saved locally in /gpfs/home3/scur0511/Probe4Physics/wandb/run-20260430_130316-fyb96ck0
wandb: Run `wandb offline` to turn off syncing.
wandb: Syncing run intphys2_mlp_jepa_v2_vitg_384_layer_40/trial_0001
wandb: ⭐️ View project at https://wandb.ai/caselli-niccolo-developer-university-of-amsterdam/probe4physics
wandb: 🚀 View run at https://wandb.ai/caselli-niccolo-developer-university-of-amsterdam/probe4physics/runs/fyb96ck0
[eval.intphys2] Starting eval | split_name=val split_dir=data/splits/intphys2 predictor_mode=from_file metadata_file=data/annotations/intphys2_metadata.csv
[eval.intphys2] Loaded split assignments | split_scenes=51 split_samples=204
[eval.intphys2] Generated predictions | n_predictions=204
[eval.intphys2] Scoring complete | accuracy=55.3922 voe_accuracy=21.5686 n_scenes=51 n_samples=204
[eval.intphys2] Artifacts written | output_dir=artifacts/probes/intphys2/intphys2_probe_mlp_jepa_v2_vitg_384_20260430T105425Z/layer_40/train/trial_0001/val_eval
wandb: updating run metadata
wandb: uploading wandb-metadata.json; uploading requirements.txt; uploading output.log; uploading wandb-summary.json; uploading config.yaml
wandb: 
wandb: Run history:
wandb:          epoch ▁▁▂▂▂▂▂▂▃▃▃▃▃▃▄▄▄▄▄▅▅▅▅▆▆▆▆▆▆▆▆▇▇▇▇█████
wandb: train_accuracy ▅▁▅▅▄▇▄▅▆▁▄▃▄▆▆▆█▄▄▆█▄▅▅▆▅▂▅▆▆▄▄▅▆▆▆█▅▇▅
wandb:     train_loss █▆▅▅▃▄▅▃▃▃▄▃▃▂▃▂▃▂▃▃▂▃▃▃▃▂▃▁▂▂▂▂▂▁▂▂▂▂▂▂
wandb:   val_accuracy ▄▃▅▄▂▂▁▆▇▄▄▇▄▅▅▆▅▅▃▅▅▅▆▆▆▆▆█▅▆▅▅▆▅▇▅▆▇▅▅
wandb:       val_loss █▆▅▅▅▄▅▄▄▄▄▄▅▄▄▃▃▃▃▃▃▃▃▂▂▂▂▂▂▂▂▂▂▂▂▂▁▁▂▁
wandb: 
wandb: Run summary:
wandb:           best_epoch 84
wandb:    best_val_accuracy 55.39216
wandb:        best_val_loss 0.69094
wandb: checkpoint_best_path artifacts/probes/int...
wandb: checkpoint_last_path artifacts/probes/int...
wandb:      checkpoint_path artifacts/probes/int...
wandb:              dataset intphys2
wandb:      elapsed_seconds 4.38508
wandb:                epoch 100
wandb:    feature_signature 6370d2c41854f9d5
wandb:                  +22 ...
wandb: 
wandb: 🚀 View run intphys2_mlp_jepa_v2_vitg_384_layer_40/trial_0001 at: https://wandb.ai/caselli-niccolo-developer-university-of-amsterdam/probe4physics/runs/fyb96ck0
wandb: ⭐️ View project at: https://wandb.ai/caselli-niccolo-developer-university-of-amsterdam/probe4physics
wandb: Synced 5 W&B file(s), 0 media file(s), 0 artifact file(s) and 0 other file(s)
wandb: Find logs at: ./wandb/run-20260430_130316-fyb96ck0/logs
[I 2026-04-30 13:03:21,879] Trial 1 finished with value: 21.568627450980394 and parameters: {'lr': 4.335281794951564e-05, 'weight_decay': 1.2329623163659816e-07, 'batch_size': 128, 'hidden_dims': '512', 'dropout': 0.3925879806965068}. Best is trial 0 with value: 27.450980392156865.
wandb: setting up run dep6b1nc
wandb: Tracking run with wandb version 0.26.1
wandb: Run data is saved locally in /gpfs/home3/scur0511/Probe4Physics/wandb/run-20260430_130322-dep6b1nc
wandb: Run `wandb offline` to turn off syncing.
wandb: Syncing run intphys2_mlp_jepa_v2_vitg_384_layer_40/trial_0002
wandb: ⭐️ View project at https://wandb.ai/caselli-niccolo-developer-university-of-amsterdam/probe4physics
wandb: 🚀 View run at https://wandb.ai/caselli-niccolo-developer-university-of-amsterdam/probe4physics/runs/dep6b1nc
[eval.intphys2] Starting eval | split_name=val split_dir=data/splits/intphys2 predictor_mode=from_file metadata_file=data/annotations/intphys2_metadata.csv
[eval.intphys2] Loaded split assignments | split_scenes=51 split_samples=204
[eval.intphys2] Generated predictions | n_predictions=204
[eval.intphys2] Scoring complete | accuracy=55.8824 voe_accuracy=25.4902 n_scenes=51 n_samples=204
[eval.intphys2] Artifacts written | output_dir=artifacts/probes/intphys2/intphys2_probe_mlp_jepa_v2_vitg_384_20260430T105425Z/layer_40/train/trial_0002/val_eval
wandb: updating run metadata
wandb: uploading wandb-metadata.json; uploading requirements.txt; uploading output.log; uploading wandb-summary.json; uploading config.yaml
wandb: 
wandb: Run history:
wandb:          epoch ▁▁▂▂▂▂▂▂▂▃▃▃▃▃▃▄▄▄▄▄▅▅▅▅▅▆▆▆▆▆▇▇▇▇▇▇████
wandb: train_accuracy ▂▁▃▃▃▄▄▄▄▅▄▂▅▄▆▂▆▂▄▅▇▃▃▆▅▅▅▅▄▇▆█▅▆▆▆▆█▇▄
wandb:     train_loss █▆▄▄▅▄▄▂▃▂▂▃▁▃▃▃▂▃▃▃▂▃▂▂▃▂▁▂▂▂▂▂▁▁▂▂▁▁▁▂
wandb:   val_accuracy ▃▄▂▂▁▂▄▃▄▃▂▆▅▃▆▃▅▇▆▅▅█▇▅▅▄▅█▄▆█▅▄█▄▆▇▆▄▄
wandb:       val_loss █▃▃▃▂▂▂▂▂▂▂▂▂▂▁▁▁▁▁▁▁▁▁▁▁▁▁▁▁▁▁▁▁▁▁▁▁▁▁▁
wandb: 
wandb: Run summary:
wandb:           best_epoch 75
wandb:    best_val_accuracy 55.88235
wandb:        best_val_loss 0.6909
wandb: checkpoint_best_path artifacts/probes/int...
wandb: checkpoint_last_path artifacts/probes/int...
wandb:      checkpoint_path artifacts/probes/int...
wandb:              dataset intphys2
wandb:      elapsed_seconds 5.57473
wandb:                epoch 100
wandb:    feature_signature 6370d2c41854f9d5
wandb:                  +22 ...
wandb: 
wandb: 🚀 View run intphys2_mlp_jepa_v2_vitg_384_layer_40/trial_0002 at: https://wandb.ai/caselli-niccolo-developer-university-of-amsterdam/probe4physics/runs/dep6b1nc
wandb: ⭐️ View project at: https://wandb.ai/caselli-niccolo-developer-university-of-amsterdam/probe4physics
wandb: Synced 5 W&B file(s), 0 media file(s), 0 artifact file(s) and 0 other file(s)
wandb: Find logs at: ./wandb/run-20260430_130322-dep6b1nc/logs
[I 2026-04-30 13:03:28,652] Trial 2 finished with value: 25.49019607843137 and parameters: {'lr': 3.972110727381908e-05, 'weight_decay': 1.217325250419405e-05, 'batch_size': 128, 'hidden_dims': '1024', 'dropout': 0.34211651325607845}. Best is trial 0 with value: 27.450980392156865.
wandb: setting up run dfg22xku
wandb: Tracking run with wandb version 0.26.1
wandb: Run data is saved locally in /gpfs/home3/scur0511/Probe4Physics/wandb/run-20260430_130328-dfg22xku
wandb: Run `wandb offline` to turn off syncing.
wandb: Syncing run intphys2_mlp_jepa_v2_vitg_384_layer_40/trial_0003
wandb: ⭐️ View project at https://wandb.ai/caselli-niccolo-developer-university-of-amsterdam/probe4physics
wandb: 🚀 View run at https://wandb.ai/caselli-niccolo-developer-university-of-amsterdam/probe4physics/runs/dfg22xku
[eval.intphys2] Starting eval | split_name=val split_dir=data/splits/intphys2 predictor_mode=from_file metadata_file=data/annotations/intphys2_metadata.csv
[eval.intphys2] Loaded split assignments | split_scenes=51 split_samples=204
[eval.intphys2] Generated predictions | n_predictions=204
[eval.intphys2] Scoring complete | accuracy=54.9020 voe_accuracy=27.4510 n_scenes=51 n_samples=204
[eval.intphys2] Artifacts written | output_dir=artifacts/probes/intphys2/intphys2_probe_mlp_jepa_v2_vitg_384_20260430T105425Z/layer_40/train/trial_0003/val_eval
wandb: updating run metadata
wandb: uploading output.log; uploading wandb-summary.json; uploading config.yaml
wandb: 
wandb: Run history:
wandb:          epoch ▁▁▁▂▂▂▂▂▂▃▃▃▃▃▄▄▄▄▄▄▅▅▅▅▅▆▆▆▆▆▆▇▇▇▇▇▇▇██
wandb: train_accuracy ▇▁▆▅▅▆▆▆▄▅▄▄▅▆▇▅▆▅▆▆▇▆▅▇▄▆█▅█▆▇▆▇▅▇▄█▆█▃
wandb:     train_loss ██▅▃▅▂▂▂▄▂▂▃▂▃▂▂▂▁▂▂▂▂▁▁▂▃▂▂▂▁▂▁▂▂▁▁▂▂▂▂
wandb:   val_accuracy ▂▂▂▂▃▄▂▂▂▂▂▂▂▂▂▁▂▄▂▂▂▂▂▄▂▂▂▂▄▅▂▅█▂▂▂▂▄▂▂
wandb:       val_loss ▂▁█▂▁▁▁▂▁▂▁▁▁▁▁▁▁▁▁▁▁▁▁▂▁▁▁▁▂▁▁▁▁▂▁▁▁▁▁▁
wandb: 
wandb: Run summary:
wandb:           best_epoch 86
wandb:    best_val_accuracy 54.90196
wandb:        best_val_loss 0.6927
wandb: checkpoint_best_path artifacts/probes/int...
wandb: checkpoint_last_path artifacts/probes/int...
wandb:      checkpoint_path artifacts/probes/int...
wandb:              dataset intphys2
wandb:      elapsed_seconds 8.80625
wandb:                epoch 100
wandb:    feature_signature 6370d2c41854f9d5
wandb:                  +22 ...
wandb: 
wandb: 🚀 View run intphys2_mlp_jepa_v2_vitg_384_layer_40/trial_0003 at: https://wandb.ai/caselli-niccolo-developer-university-of-amsterdam/probe4physics/runs/dfg22xku
wandb: ⭐️ View project at: https://wandb.ai/caselli-niccolo-developer-university-of-amsterdam/probe4physics
wandb: Synced 5 W&B file(s), 0 media file(s), 0 artifact file(s) and 0 other file(s)
wandb: Find logs at: ./wandb/run-20260430_130328-dfg22xku/logs
[I 2026-04-30 13:03:38,576] Trial 3 finished with value: 27.450980392156865 and parameters: {'lr': 0.00020914981329035596, 'weight_decay': 5.397956855996434e-08, 'batch_size': 128, 'hidden_dims': '1024x512x1024', 'dropout': 0.3875664116805573}. Best is trial 0 with value: 27.450980392156865.
wandb: setting up run j748vyee
wandb: Tracking run with wandb version 0.26.1
wandb: Run data is saved locally in /gpfs/home3/scur0511/Probe4Physics/wandb/run-20260430_130338-j748vyee
wandb: Run `wandb offline` to turn off syncing.
wandb: Syncing run intphys2_mlp_jepa_v2_vitg_384_layer_40/trial_0004
wandb: ⭐️ View project at https://wandb.ai/caselli-niccolo-developer-university-of-amsterdam/probe4physics
wandb: 🚀 View run at https://wandb.ai/caselli-niccolo-developer-university-of-amsterdam/probe4physics/runs/j748vyee
wandb: updating run metadata
wandb: uploading wandb-summary.json; uploading config.yaml
wandb: 
wandb: Run history:
wandb:          epoch ▁▁▁▁▂▂▂▂▂▂▃▃▃▃▃▄▄▄▄▄▄▄▅▅▅▆▆▆▆▆▆▆▇▇▇▇▇███
wandb: train_accuracy ▄▅▅▄▁▄▅▅█▆▅▅▄▄▃▄▅▄▅▆▄▃▃▅▄▆▄▃▄▂▄▄▂▄▄▃▄▃▄▄
wandb:     train_loss █▂▁▂▂▁▁▁▁▁▁▁▁▁▁▁▁▁▁▁▁▁▁▁▁▁▁▁▁▁▁▁▁▁▁▁▁▁▁▁
wandb:   val_accuracy ▁▁▁▁▁▁▁▁▁▁▁▁▁▁▁▁▁▁▁▁▁▁▁▁▁▁▁▁▁▁▁▁▁▁▁▁▁▁▁▁
wandb:       val_loss ▁▁▁█▁▃▃▁▁▁▁▁▁▁▁▁▁▁▁▁▁▁▁▁▁▁▁▁▁▁▁▁▁▁▁▁▁▁▁▁
wandb: 
wandb: Run summary:
wandb:          epoch 100
wandb: train_accuracy 49.33775
wandb:     train_loss 0.69748
wandb:   val_accuracy 50
wandb:       val_loss 0.69327
wandb: 
wandb: 🚀 View run intphys2_mlp_jepa_v2_vitg_384_layer_40/trial_0004 at: https://wandb.ai/caselli-niccolo-developer-university-of-amsterdam/probe4physics/runs/j748vyee
wandb: ⭐️ View project at: https://wandb.ai/caselli-niccolo-developer-university-of-amsterdam/probe4physics
wandb: Synced 4 W&B file(s), 0 media file(s), 0 artifact file(s) and 0 other file(s)
wandb: Find logs at: ./wandb/run-20260430_130338-j748vyee/logs
[I 2026-04-30 13:03:50,065] Trial 4 pruned. Pruned at epoch 100 with val_accuracy=50.0000
wandb: setting up run z4468wmf
wandb: Tracking run with wandb version 0.26.1
wandb: Run data is saved locally in /gpfs/home3/scur0511/Probe4Physics/wandb/run-20260430_130350-z4468wmf
wandb: Run `wandb offline` to turn off syncing.
wandb: Syncing run intphys2_mlp_jepa_v2_vitg_384_layer_40/trial_0005
wandb: ⭐️ View project at https://wandb.ai/caselli-niccolo-developer-university-of-amsterdam/probe4physics
wandb: 🚀 View run at https://wandb.ai/caselli-niccolo-developer-university-of-amsterdam/probe4physics/runs/z4468wmf
[eval.intphys2] Starting eval | split_name=val split_dir=data/splits/intphys2 predictor_mode=from_file metadata_file=data/annotations/intphys2_metadata.csv
[eval.intphys2] Loaded split assignments | split_scenes=51 split_samples=204
[eval.intphys2] Generated predictions | n_predictions=204
[eval.intphys2] Scoring complete | accuracy=57.3529 voe_accuracy=33.3333 n_scenes=51 n_samples=204
[eval.intphys2] Artifacts written | output_dir=artifacts/probes/intphys2/intphys2_probe_mlp_jepa_v2_vitg_384_20260430T105425Z/layer_40/train/trial_0005/val_eval
wandb: updating run metadata
wandb: uploading wandb-metadata.json; uploading requirements.txt; uploading output.log; uploading wandb-summary.json; uploading config.yaml
wandb: 
wandb: Run history:
wandb:          epoch ▁▁▁▁▁▂▂▂▂▂▃▃▃▄▄▄▄▄▅▅▅▅▅▅▆▆▆▆▆▆▆▆▇▇▇▇▇▇██
wandb: train_accuracy ▂▁▁▂▂▄▂▂▂▃▄▃▃▂▄▅▄▄▅▄▄▄▄▅▅▃▅▄▆▅▆▄▅▃█▅▅▆▃▅
wandb:     train_loss █▅▃▃▃▂▂▂▂▂▂▂▂▂▂▂▂▂▂▂▂▂▂▂▂▂▂▂▂▂▃▂▂▂▁▂▂▃▂▁
wandb:   val_accuracy ▁▁▁▁▅▂▅▂▂▂▇▄▇▅▄▅▃▅▄▄▇▅▇▂▅▃▅▅▁▃▅▃██▄▆▃▃▆▄
wandb:       val_loss █▃▂▃▂▁▁▁▁▂▁▁▁▁▂▁▁▁▁▂▁▁▁▁▁▁▂▂▂▁▁▆▂▂▂▃▄▂▃▂
wandb: 
wandb: Run summary:
wandb:           best_epoch 82
wandb:    best_val_accuracy 57.35294
wandb:        best_val_loss 0.69087
wandb: checkpoint_best_path artifacts/probes/int...
wandb: checkpoint_last_path artifacts/probes/int...
wandb:      checkpoint_path artifacts/probes/int...
wandb:              dataset intphys2
wandb:      elapsed_seconds 5.54477
wandb:                epoch 100
wandb:    feature_signature 6370d2c41854f9d5
wandb:                  +22 ...
wandb: 
wandb: 🚀 View run intphys2_mlp_jepa_v2_vitg_384_layer_40/trial_0005 at: https://wandb.ai/caselli-niccolo-developer-university-of-amsterdam/probe4physics/runs/z4468wmf
wandb: ⭐️ View project at: https://wandb.ai/caselli-niccolo-developer-university-of-amsterdam/probe4physics
wandb: Synced 5 W&B file(s), 0 media file(s), 0 artifact file(s) and 0 other file(s)
wandb: Find logs at: ./wandb/run-20260430_130350-z4468wmf/logs
[I 2026-04-30 13:03:56,689] Trial 5 finished with value: 33.33333333333333 and parameters: {'lr': 0.00042470585622618684, 'weight_decay': 7.007213496896406e-08, 'batch_size': 128, 'hidden_dims': '1024', 'dropout': 0.03702232586704518}. Best is trial 5 with value: 33.33333333333333.
wandb: setting up run bt93ou3p
wandb: Tracking run with wandb version 0.26.1
wandb: Run data is saved locally in /gpfs/home3/scur0511/Probe4Physics/wandb/run-20260430_130356-bt93ou3p
wandb: Run `wandb offline` to turn off syncing.
wandb: Syncing run intphys2_mlp_jepa_v2_vitg_384_layer_40/trial_0006
wandb: ⭐️ View project at https://wandb.ai/caselli-niccolo-developer-university-of-amsterdam/probe4physics
wandb: 🚀 View run at https://wandb.ai/caselli-niccolo-developer-university-of-amsterdam/probe4physics/runs/bt93ou3p
[eval.intphys2] Starting eval | split_name=val split_dir=data/splits/intphys2 predictor_mode=from_file metadata_file=data/annotations/intphys2_metadata.csv
[eval.intphys2] Loaded split assignments | split_scenes=51 split_samples=204
[eval.intphys2] Generated predictions | n_predictions=204
[eval.intphys2] Scoring complete | accuracy=57.3529 voe_accuracy=29.4118 n_scenes=51 n_samples=204
[eval.intphys2] Artifacts written | output_dir=artifacts/probes/intphys2/intphys2_probe_mlp_jepa_v2_vitg_384_20260430T105425Z/layer_40/train/trial_0006/val_eval
wandb: updating run metadata
wandb: uploading output.log; uploading wandb-summary.json; uploading config.yaml
wandb: uploading output.log; uploading config.yaml
wandb: 
wandb: Run history:
wandb:          epoch ▁▁▁▁▂▃▃▃▃▃▃▄▄▄▄▄▄▄▄▄▅▅▅▅▅▆▆▆▆▆▆▇▇▇▇█████
wandb: train_accuracy ▂▄▅▃▅▁▁▄▄▅▅▃▇▅▂▄▆▅▄▅▆▂▆▅▃▅▃▃▅▇█▃▅▄▅▃▆▄▆▇
wandb:     train_loss █▆▅▅▅▅▅▄▄▄▅▄▄▆▄▅▄▅▄▄▄▄▄▅▅▆▃▃▃▃▃▃▄▇▄▃▃▂▁▂
wandb:   val_accuracy ▁▁▁▁▁▁▂▃▁▂▁▄▁▁▅▁▁▃▃▅▂▂▃▁▃▁▁▃▅█▃▄▅▄▃▁▅▂▅▃
wandb:       val_loss ▄▆█▃▄▄▃▄▃▃▃▃▃▃▃▃▃▃▃▃▃▃▃▃▃▃▃▂▂▃▂▂▃▂▂▂▂▃▂▁
wandb: 
wandb: Run summary:
wandb:           best_epoch 75
wandb:    best_val_accuracy 57.35294
wandb:        best_val_loss 0.68934
wandb: checkpoint_best_path artifacts/probes/int...
wandb: checkpoint_last_path artifacts/probes/int...
wandb:      checkpoint_path artifacts/probes/int...
wandb:              dataset intphys2
wandb:      elapsed_seconds 14.96148
wandb:                epoch 100
wandb:    feature_signature 6370d2c41854f9d5
wandb:                  +22 ...
wandb: 
wandb: 🚀 View run intphys2_mlp_jepa_v2_vitg_384_layer_40/trial_0006 at: https://wandb.ai/caselli-niccolo-developer-university-of-amsterdam/probe4physics/runs/bt93ou3p
wandb: ⭐️ View project at: https://wandb.ai/caselli-niccolo-developer-university-of-amsterdam/probe4physics
wandb: Synced 5 W&B file(s), 0 media file(s), 0 artifact file(s) and 0 other file(s)
wandb: Find logs at: ./wandb/run-20260430_130356-bt93ou3p/logs
[I 2026-04-30 13:04:13,388] Trial 6 finished with value: 29.411764705882355 and parameters: {'lr': 0.0001189589673755355, 'weight_decay': 4.9569479327999555e-08, 'batch_size': 32, 'hidden_dims': '1024x512x256', 'dropout': 0.05979712296915085}. Best is trial 5 with value: 33.33333333333333.
wandb: setting up run bmx4347o
wandb: Tracking run with wandb version 0.26.1
wandb: Run data is saved locally in /gpfs/home3/scur0511/Probe4Physics/wandb/run-20260430_130413-bmx4347o
wandb: Run `wandb offline` to turn off syncing.
wandb: Syncing run intphys2_mlp_jepa_v2_vitg_384_layer_40/trial_0007
wandb: ⭐️ View project at https://wandb.ai/caselli-niccolo-developer-university-of-amsterdam/probe4physics
wandb: 🚀 View run at https://wandb.ai/caselli-niccolo-developer-university-of-amsterdam/probe4physics/runs/bmx4347o
wandb: updating run metadata
wandb: uploading wandb-summary.json; uploading config.yaml
wandb: 
wandb: Run history:
wandb:          epoch ▁▁▁▁▁▂▂▂▂▂▂▃▃▄▄▄▄▄▄▅▅▅▆▆▆▆▆▆▆▆▇▇▇▇▇█████
wandb: train_accuracy ▄▄▃▇▅▄▅▅▃▂▅▅▅▂▅▅▃▆▄▃▅█▁▅▃▆▄▄▅▃▃▃▄▅▅▃▄▅▅▅
wandb:     train_loss █▁▂▂▁▁▁▂▁▂▃▁▁▁▁▁▁▁▁▁▁▁▁▁▁▁▁▁▁▁▁▁▁▁▁▁▁▁▁▁
wandb:   val_accuracy ▁▁▁▁▁▁▁▁▁▁▁▁▁▁▁▁▁▁▁▁▁▁▁▁▁▁▁▁▁▁▁▁▁▁▁▁▁▁▁▁
wandb:       val_loss ▂▇▄▆█▆▂▁▁▄▁▁▁▂▁▁▂▁▁▃▁▂▁▁▁▁▁▁▁▁▁▁▁▁▂▁▁▁▂▁
wandb: 
wandb: Run summary:
wandb:          epoch 100
wandb: train_accuracy 49.00662
wandb:     train_loss 0.69679
wandb:   val_accuracy 50.9804
wandb:       val_loss 0.69309
wandb: 
wandb: 🚀 View run intphys2_mlp_jepa_v2_vitg_384_layer_40/trial_0007 at: https://wandb.ai/caselli-niccolo-developer-university-of-amsterdam/probe4physics/runs/bmx4347o
wandb: ⭐️ View project at: https://wandb.ai/caselli-niccolo-developer-university-of-amsterdam/probe4physics
wandb: Synced 4 W&B file(s), 0 media file(s), 0 artifact file(s) and 0 other file(s)
wandb: Find logs at: ./wandb/run-20260430_130413-bmx4347o/logs
[I 2026-04-30 13:04:25,252] Trial 7 pruned. Pruned at epoch 100 with val_accuracy=50.9804
wandb: setting up run u9aicpbh
wandb: Tracking run with wandb version 0.26.1
wandb: Run data is saved locally in /gpfs/home3/scur0511/Probe4Physics/wandb/run-20260430_130425-u9aicpbh
wandb: Run `wandb offline` to turn off syncing.
wandb: Syncing run intphys2_mlp_jepa_v2_vitg_384_layer_40/trial_0008
wandb: ⭐️ View project at https://wandb.ai/caselli-niccolo-developer-university-of-amsterdam/probe4physics
wandb: 🚀 View run at https://wandb.ai/caselli-niccolo-developer-university-of-amsterdam/probe4physics/runs/u9aicpbh
[eval.intphys2] Starting eval | split_name=val split_dir=data/splits/intphys2 predictor_mode=from_file metadata_file=data/annotations/intphys2_metadata.csv
[eval.intphys2] Loaded split assignments | split_scenes=51 split_samples=204
[eval.intphys2] Generated predictions | n_predictions=204
[eval.intphys2] Scoring complete | accuracy=54.9020 voe_accuracy=27.4510 n_scenes=51 n_samples=204
[eval.intphys2] Artifacts written | output_dir=artifacts/probes/intphys2/intphys2_probe_mlp_jepa_v2_vitg_384_20260430T105425Z/layer_40/train/trial_0008/val_eval
wandb: updating run metadata
wandb: uploading output.log; uploading wandb-summary.json; uploading config.yaml
wandb: 
wandb: Run history:
wandb:          epoch ▁▁▁▁▁▂▂▂▂▂▂▃▃▃▃▃▄▄▄▄▄▄▄▅▅▅▅▆▆▆▆▆▇▇▇▇▇███
wandb: train_accuracy ▁▅▄▆▄▃▃▃▅▃▃▂▁▅▄▃▄▅▅▃▅▂▄▆▄▃▅▆▇▅▅▇▇▅▄▆▆▃▄█
wandb:     train_loss █▃▅▅▃▃▂▄▃▄▃▂▅▂▄▂▂▂▁▂▁▂▂▃▂▂▁▂▂▂▂▂▁▂▁▂▂▃▂▁
wandb:   val_accuracy ▂▂▂▂▂▂▂▂▃▆▂▂▃▂▂▃▂▃▂▃▂▂▂▃▂▄▂▃▅█▅▂▇▆▅▃▃▁▃▇
wandb:       val_loss █▁▁▁▁▁▁▁▁▁▁▁▁▂▂▁▁▁▁▁▁▁▁▁▁▁▁▁▁▁▁▁▁▁▁▁▁▁▁▁
wandb: 
wandb: Run summary:
wandb:           best_epoch 91
wandb:    best_val_accuracy 54.90196
wandb:        best_val_loss 0.69084
wandb: checkpoint_best_path artifacts/probes/int...
wandb: checkpoint_last_path artifacts/probes/int...
wandb:      checkpoint_path artifacts/probes/int...
wandb:              dataset intphys2
wandb:      elapsed_seconds 6.78554
wandb:                epoch 100
wandb:    feature_signature 6370d2c41854f9d5
wandb:                  +22 ...
wandb: 
wandb: 🚀 View run intphys2_mlp_jepa_v2_vitg_384_layer_40/trial_0008 at: https://wandb.ai/caselli-niccolo-developer-university-of-amsterdam/probe4physics/runs/u9aicpbh
wandb: ⭐️ View project at: https://wandb.ai/caselli-niccolo-developer-university-of-amsterdam/probe4physics
wandb: Synced 5 W&B file(s), 0 media file(s), 0 artifact file(s) and 0 other file(s)
wandb: Find logs at: ./wandb/run-20260430_130425-u9aicpbh/logs
[I 2026-04-30 13:04:33,268] Trial 8 finished with value: 27.450980392156865 and parameters: {'lr': 0.005280796376895365, 'weight_decay': 3.1315069138816194e-07, 'batch_size': 64, 'hidden_dims': '1024', 'dropout': 0.40183603844955723}. Best is trial 5 with value: 33.33333333333333.
wandb: setting up run mc3o6jd1
wandb: Tracking run with wandb version 0.26.1
wandb: Run data is saved locally in /gpfs/home3/scur0511/Probe4Physics/wandb/run-20260430_130433-mc3o6jd1
wandb: Run `wandb offline` to turn off syncing.
wandb: Syncing run intphys2_mlp_jepa_v2_vitg_384_layer_40/trial_0009
wandb: ⭐️ View project at https://wandb.ai/caselli-niccolo-developer-university-of-amsterdam/probe4physics
wandb: 🚀 View run at https://wandb.ai/caselli-niccolo-developer-university-of-amsterdam/probe4physics/runs/mc3o6jd1
[eval.intphys2] Starting eval | split_name=val split_dir=data/splits/intphys2 predictor_mode=from_file metadata_file=data/annotations/intphys2_metadata.csv
[eval.intphys2] Loaded split assignments | split_scenes=51 split_samples=204
[eval.intphys2] Generated predictions | n_predictions=204
[eval.intphys2] Scoring complete | accuracy=54.9020 voe_accuracy=27.4510 n_scenes=51 n_samples=204
[eval.intphys2] Artifacts written | output_dir=artifacts/probes/intphys2/intphys2_probe_mlp_jepa_v2_vitg_384_20260430T105425Z/layer_40/train/trial_0009/val_eval
wandb: updating run metadata
wandb: uploading output.log; uploading wandb-summary.json; uploading config.yaml
wandb: uploading history steps 0-99, summary, console lines 0-4
wandb: 
wandb: Run history:
wandb:          epoch ▁▁▁▁▁▂▂▂▂▂▃▃▃▃▃▄▄▄▄▄▄▅▅▅▅▆▆▆▆▆▆▆▆▆▇▇▇▇██
wandb: train_accuracy ▁▂▄▄▅▆▂▄▃▆▆▆▄▃▆▆▃▆█▃▃▄▇▄▂▃▆▅▆▄▃▅▄▄▄▅▅▄▄▄
wandb:     train_loss ▅█▆▆▄▄▃▅▃▃▄▃▄▄▃▂▃▂▂▄▁▂▃▄▃▂▂▄▃▂▂▂▃▂▂▂▄▂▂▂
wandb:   val_accuracy ▂▂▂▁▁▂▅▃▄▂▄▇▃▅▂▃▄▅▅▇▅▆▅▆▃▃▅▆▃▇▅▅▆▅▄▅▄▄█▅
wandb:       val_loss █▂▃▂▂▂▁▁▁▁▁▁▁▁▁▁▁▁▂▁▁▁▁▁▁▁▁▁▁▁▁▁▁▁▁▁▁▁▁▁
wandb: 
wandb: Run summary:
wandb:           best_epoch 78
wandb:    best_val_accuracy 54.90196
wandb:        best_val_loss 0.692
wandb: checkpoint_best_path artifacts/probes/int...
wandb: checkpoint_last_path artifacts/probes/int...
wandb:      checkpoint_path artifacts/probes/int...
wandb:              dataset intphys2
wandb:      elapsed_seconds 7.62614
wandb:                epoch 100
wandb:    feature_signature 6370d2c41854f9d5
wandb:                  +22 ...
wandb: 
wandb: 🚀 View run intphys2_mlp_jepa_v2_vitg_384_layer_40/trial_0009 at: https://wandb.ai/caselli-niccolo-developer-university-of-amsterdam/probe4physics/runs/mc3o6jd1
wandb: ⭐️ View project at: https://wandb.ai/caselli-niccolo-developer-university-of-amsterdam/probe4physics
wandb: Synced 5 W&B file(s), 0 media file(s), 0 artifact file(s) and 0 other file(s)
wandb: Find logs at: ./wandb/run-20260430_130433-mc3o6jd1/logs
[I 2026-04-30 13:04:42,097] Trial 9 finished with value: 27.450980392156865 and parameters: {'lr': 3.6283583803549155e-05, 'weight_decay': 0.0022664909586669274, 'batch_size': 128, 'hidden_dims': '1024x512x256', 'dropout': 0.25537365128878287}. Best is trial 5 with value: 33.33333333333333.
wandb: setting up run qncd2bwr
wandb: Tracking run with wandb version 0.26.1
wandb: Run data is saved locally in /gpfs/home3/scur0511/Probe4Physics/wandb/run-20260430_130442-qncd2bwr
wandb: Run `wandb offline` to turn off syncing.
wandb: Syncing run intphys2_mlp_jepa_v2_vitg_384_layer_40/trial_0010
wandb: ⭐️ View project at https://wandb.ai/caselli-niccolo-developer-university-of-amsterdam/probe4physics
wandb: 🚀 View run at https://wandb.ai/caselli-niccolo-developer-university-of-amsterdam/probe4physics/runs/qncd2bwr
[eval.intphys2] Starting eval | split_name=val split_dir=data/splits/intphys2 predictor_mode=from_file metadata_file=data/annotations/intphys2_metadata.csv
[eval.intphys2] Loaded split assignments | split_scenes=51 split_samples=204
[eval.intphys2] Generated predictions | n_predictions=204
[eval.intphys2] Scoring complete | accuracy=56.3725 voe_accuracy=25.4902 n_scenes=51 n_samples=204
[eval.intphys2] Artifacts written | output_dir=artifacts/probes/intphys2/intphys2_probe_mlp_jepa_v2_vitg_384_20260430T105425Z/layer_40/train/trial_0010/val_eval
wandb: updating run metadata
wandb: uploading config.yaml; uploading wandb-metadata.json; uploading output.log; uploading wandb-summary.json
wandb: uploading history steps 0-99, summary, console lines 0-4
wandb: 
wandb: Run history:
wandb:          epoch ▁▁▁▂▂▂▂▂▂▂▃▃▃▃▃▃▄▄▄▄▄▄▄▅▅▅▅▆▆▆▆▆▆▇▇▇▇███
wandb: train_accuracy ▁▁▁▁▁▁▁▂▃▂▄▂▃▂▅▁▂▄▄▃▄▄▂▄▅▅▂▅▄▄▅▆▅▇▇▇▅██▄
wandb:     train_loss █▃▃▂▂▂▂▂▂▂▂▂▂▂▂▂▂▂▂▂▁▁▂▂▁▁▁▁▂▁▁▁▁▁▁▁▁▁▁▁
wandb:   val_accuracy ▂▂▂▃▂▂▂▂▂▂▂▃▄▃▂▁▅▂▄▁▄▇▂▅▅▃█▇▅█▂▇▅▂▆▅▄▄▇▂
wandb:       val_loss ▃▄█▃▅▃▃▃▂▂▂▂▂▂▂▂▂▂▂▂▂▂▂▂▂▂▂▂▂▂▂▂▂▁▂▁▁▁▂▂
wandb: 
wandb: Run summary:
wandb:           best_epoch 89
wandb:    best_val_accuracy 56.37255
wandb:        best_val_loss 0.69039
wandb: checkpoint_best_path artifacts/probes/int...
wandb: checkpoint_last_path artifacts/probes/int...
wandb:      checkpoint_path artifacts/probes/int...
wandb:              dataset intphys2
wandb:      elapsed_seconds 3.63183
wandb:                epoch 100
wandb:    feature_signature 6370d2c41854f9d5
wandb:                  +22 ...
wandb: 
wandb: 🚀 View run intphys2_mlp_jepa_v2_vitg_384_layer_40/trial_0010 at: https://wandb.ai/caselli-niccolo-developer-university-of-amsterdam/probe4physics/runs/qncd2bwr
wandb: ⭐️ View project at: https://wandb.ai/caselli-niccolo-developer-university-of-amsterdam/probe4physics
wandb: Synced 5 W&B file(s), 0 media file(s), 0 artifact file(s) and 0 other file(s)
wandb: Find logs at: ./wandb/run-20260430_130442-qncd2bwr/logs
[I 2026-04-30 13:04:47,506] Trial 10 finished with value: 25.49019607843137 and parameters: {'lr': 0.0008773073596509901, 'weight_decay': 2.2606793572513475e-06, 'batch_size': 256, 'hidden_dims': '256', 'dropout': 0.007282691609049624}. Best is trial 5 with value: 33.33333333333333.
wandb: setting up run d4s8kbhh
wandb: Tracking run with wandb version 0.26.1
wandb: Run data is saved locally in /gpfs/home3/scur0511/Probe4Physics/wandb/run-20260430_130447-d4s8kbhh
wandb: Run `wandb offline` to turn off syncing.
wandb: Syncing run intphys2_mlp_jepa_v2_vitg_384_layer_40/trial_0011
wandb: ⭐️ View project at https://wandb.ai/caselli-niccolo-developer-university-of-amsterdam/probe4physics
wandb: 🚀 View run at https://wandb.ai/caselli-niccolo-developer-university-of-amsterdam/probe4physics/runs/d4s8kbhh
[eval.intphys2] Starting eval | split_name=val split_dir=data/splits/intphys2 predictor_mode=from_file metadata_file=data/annotations/intphys2_metadata.csv
[eval.intphys2] Loaded split assignments | split_scenes=51 split_samples=204
[eval.intphys2] Generated predictions | n_predictions=204
[eval.intphys2] Scoring complete | accuracy=54.4118 voe_accuracy=29.4118 n_scenes=51 n_samples=204
[eval.intphys2] Artifacts written | output_dir=artifacts/probes/intphys2/intphys2_probe_mlp_jepa_v2_vitg_384_20260430T105425Z/layer_40/train/trial_0011/val_eval
wandb: updating run metadata
wandb: uploading config.yaml
wandb: 
wandb: Run history:
wandb:          epoch ▁▁▁▁▂▂▂▂▂▂▃▃▃▃▃▄▄▄▄▄▅▅▅▅▅▅▆▆▆▆▆▆▆▇▇▇▇███
wandb: train_accuracy ▅▄▄▄▆▅▃▂▅▅▁▃▄▁▄▄▅▂▄▂▄▄▅▆▄▄▃▄▄▄▄▇▃▇█▇▆▇▇█
wandb:     train_loss █▂▂▂▃▂▂▁▁▂▂▁▂▂▂▂▂▁▁▂▁▁▁▁▁▂▁▂▁▁▁▁▁▁▁▁▁▁▁▁
wandb:   val_accuracy ▁▂▂▂▂▂▂▅▁▂▄▂▂▆▅▃▂▂▂▂▂▆▂▂▂█▄▂▂▅▂▅▇▆▅▄▅▃▁▃
wandb:       val_loss ▃▅█▆█▄▆▃▃▄▅▄▄▃▃▃▆▄▃▅▃▄▃▄▃▅▂▃▃▃▃▂▃▂▂▃▂▂▁▁
wandb: 
wandb: Run summary:
wandb:           best_epoch 61
wandb:    best_val_accuracy 54.41176
wandb:        best_val_loss 0.69254
wandb: checkpoint_best_path artifacts/probes/int...
wandb: checkpoint_last_path artifacts/probes/int...
wandb:      checkpoint_path artifacts/probes/int...
wandb:              dataset intphys2
wandb:      elapsed_seconds 8.88162
wandb:                epoch 100
wandb:    feature_signature 6370d2c41854f9d5
wandb:                  +22 ...
wandb: 
wandb: 🚀 View run intphys2_mlp_jepa_v2_vitg_384_layer_40/trial_0011 at: https://wandb.ai/caselli-niccolo-developer-university-of-amsterdam/probe4physics/runs/d4s8kbhh
wandb: ⭐️ View project at: https://wandb.ai/caselli-niccolo-developer-university-of-amsterdam/probe4physics
wandb: Synced 5 W&B file(s), 0 media file(s), 0 artifact file(s) and 0 other file(s)
wandb: Find logs at: ./wandb/run-20260430_130447-d4s8kbhh/logs
[I 2026-04-30 13:04:57,894] Trial 11 finished with value: 29.411764705882355 and parameters: {'lr': 0.0005766656684534334, 'weight_decay': 1.2404201083947842e-08, 'batch_size': 32, 'hidden_dims': '512x256', 'dropout': 0.00347684631337674}. Best is trial 5 with value: 33.33333333333333.
wandb: setting up run 4c58mtrk
wandb: Tracking run with wandb version 0.26.1
wandb: Run data is saved locally in /gpfs/home3/scur0511/Probe4Physics/wandb/run-20260430_130458-4c58mtrk
wandb: Run `wandb offline` to turn off syncing.
wandb: Syncing run intphys2_mlp_jepa_v2_vitg_384_layer_40/trial_0012
wandb: ⭐️ View project at https://wandb.ai/caselli-niccolo-developer-university-of-amsterdam/probe4physics
wandb: 🚀 View run at https://wandb.ai/caselli-niccolo-developer-university-of-amsterdam/probe4physics/runs/4c58mtrk
[eval.intphys2] Starting eval | split_name=val split_dir=data/splits/intphys2 predictor_mode=from_file metadata_file=data/annotations/intphys2_metadata.csv
[eval.intphys2] Loaded split assignments | split_scenes=51 split_samples=204
[eval.intphys2] Generated predictions | n_predictions=204
[eval.intphys2] Scoring complete | accuracy=54.9020 voe_accuracy=27.4510 n_scenes=51 n_samples=204
[eval.intphys2] Artifacts written | output_dir=artifacts/probes/intphys2/intphys2_probe_mlp_jepa_v2_vitg_384_20260430T105425Z/layer_40/train/trial_0012/val_eval
wandb: updating run metadata
wandb: uploading output.log; uploading wandb-summary.json; uploading config.yaml
wandb: 
wandb: Run history:
wandb:          epoch ▁▁▁▂▂▂▂▂▂▂▃▃▃▃▃▃▄▄▅▅▅▅▅▆▆▆▆▆▇▇▇▇▇▇▇▇▇▇██
wandb: train_accuracy ▄▄▁▄▁▃▅▄▄▃▅▄▃▃▆▅▃▄▄▄▄▅▄▆▄▄▆▃▅▆▄▅█▆▅▄▅▆▆▆
wandb:     train_loss █▇▅▅▄▄▅▅▄▄▃▃▃▄▄▃▃▄▄▄▂▃▁▄▂▄▃▁▂▄▂▁▂▃▂▃▃▁▁▂
wandb:   val_accuracy ▂▁▃▅▅▃▃▄▆▄▄▃▅▅▄▄▄▄▅▅▆▅▆▄▄▆▇▄▄▄▅▄█▆▆▄▄▄▇▆
wandb:       val_loss █▃▃▃▃▂▂▂▂▂▂▂▂▂▂▂▂▂▂▂▂▁▂▁▁▁▁▁▁▁▁▁▁▁▁▁▁▂▁▁
wandb: 
wandb: Run summary:
wandb:           best_epoch 96
wandb:    best_val_accuracy 54.90196
wandb:        best_val_loss 0.69028
wandb: checkpoint_best_path artifacts/probes/int...
wandb: checkpoint_last_path artifacts/probes/int...
wandb:      checkpoint_path artifacts/probes/int...
wandb:              dataset intphys2
wandb:      elapsed_seconds 9.06074
wandb:                epoch 100
wandb:    feature_signature 6370d2c41854f9d5
wandb:                  +22 ...
wandb: 
wandb: 🚀 View run intphys2_mlp_jepa_v2_vitg_384_layer_40/trial_0012 at: https://wandb.ai/caselli-niccolo-developer-university-of-amsterdam/probe4physics/runs/4c58mtrk
wandb: ⭐️ View project at: https://wandb.ai/caselli-niccolo-developer-university-of-amsterdam/probe4physics
wandb: Synced 5 W&B file(s), 0 media file(s), 0 artifact file(s) and 0 other file(s)
wandb: Find logs at: ./wandb/run-20260430_130458-4c58mtrk/logs
[I 2026-04-30 13:05:08,012] Trial 12 finished with value: 27.450980392156865 and parameters: {'lr': 1.3013594505165371e-05, 'weight_decay': 1.369453656731483e-06, 'batch_size': 32, 'hidden_dims': '1024', 'dropout': 0.10685615057375414}. Best is trial 5 with value: 33.33333333333333.
wandb: setting up run mizj7vex
wandb: Tracking run with wandb version 0.26.1
wandb: Run data is saved locally in /gpfs/home3/scur0511/Probe4Physics/wandb/run-20260430_130508-mizj7vex
wandb: Run `wandb offline` to turn off syncing.
wandb: Syncing run intphys2_mlp_jepa_v2_vitg_384_layer_40/trial_0013
wandb: ⭐️ View project at https://wandb.ai/caselli-niccolo-developer-university-of-amsterdam/probe4physics
wandb: 🚀 View run at https://wandb.ai/caselli-niccolo-developer-university-of-amsterdam/probe4physics/runs/mizj7vex
[eval.intphys2] Starting eval | split_name=val split_dir=data/splits/intphys2 predictor_mode=from_file metadata_file=data/annotations/intphys2_metadata.csv
[eval.intphys2] Loaded split assignments | split_scenes=51 split_samples=204
[eval.intphys2] Generated predictions | n_predictions=204
[eval.intphys2] Scoring complete | accuracy=55.8824 voe_accuracy=35.2941 n_scenes=51 n_samples=204
[eval.intphys2] Artifacts written | output_dir=artifacts/probes/intphys2/intphys2_probe_mlp_jepa_v2_vitg_384_20260430T105425Z/layer_40/train/trial_0013/val_eval
wandb: updating run metadata
wandb: uploading wandb-metadata.json; uploading requirements.txt; uploading output.log; uploading wandb-summary.json; uploading config.yaml
wandb: 
wandb: Run history:
wandb:          epoch ▁▁▂▂▂▂▂▂▃▃▃▃▄▄▄▄▄▅▅▅▅▆▆▆▆▆▆▆▇▇▇▇▇▇▇█████
wandb: train_accuracy ▃▂▃▁▄▃▄▄▄▃▂▆▅▄▄▄▅▅▆▇▄▄▄▄▄▄▆▅▅▅▇▆█▄▆▇▇▆▆▅
wandb:     train_loss █▇▇▆█▇▆▇▇▆▇▅▆▇▆▆▆▅▅▅▅▄▆▆▅▄▄▅▄▄▃▃▃▃▄▁▂▃▃▃
wandb:   val_accuracy ▂▁▃▄▂▂▄▃▄▃▃▄▄▂▄▄▁▄▅▄▆▆▅▄▂▅▄▇▆▅▄█▅▄▃▃▄▅▇▃
wandb:       val_loss ▅▅▄▄▄▃▃▃▃▃▃▃▃▃▂▂▃▂▄▂▂▂▃▄▂▃▂▂▁▄▂▁▂▂▆▇▇▅█▃
wandb: 
wandb: Run summary:
wandb:           best_epoch 82
wandb:    best_val_accuracy 55.88235
wandb:        best_val_loss 0.69039
wandb: checkpoint_best_path artifacts/probes/int...
wandb: checkpoint_last_path artifacts/probes/int...
wandb:      checkpoint_path artifacts/probes/int...
wandb:              dataset intphys2
wandb:      elapsed_seconds 3.50197
wandb:                epoch 100
wandb:    feature_signature 6370d2c41854f9d5
wandb:                  +22 ...
wandb: 
wandb: 🚀 View run intphys2_mlp_jepa_v2_vitg_384_layer_40/trial_0013 at: https://wandb.ai/caselli-niccolo-developer-university-of-amsterdam/probe4physics/runs/mizj7vex
wandb: ⭐️ View project at: https://wandb.ai/caselli-niccolo-developer-university-of-amsterdam/probe4physics
wandb: Synced 5 W&B file(s), 0 media file(s), 0 artifact file(s) and 0 other file(s)
wandb: Find logs at: ./wandb/run-20260430_130508-mizj7vex/logs
[I 2026-04-30 13:05:12,649] Trial 13 finished with value: 35.294117647058826 and parameters: {'lr': 0.00015856510667968673, 'weight_decay': 1.168554246513213e-08, 'batch_size': 256, 'hidden_dims': '256', 'dropout': 0.10718581779940536}. Best is trial 13 with value: 35.294117647058826.
wandb: setting up run ryu8b5kp
wandb: Tracking run with wandb version 0.26.1
wandb: Run data is saved locally in /gpfs/home3/scur0511/Probe4Physics/wandb/run-20260430_130512-ryu8b5kp
wandb: Run `wandb offline` to turn off syncing.
wandb: Syncing run intphys2_mlp_jepa_v2_vitg_384_layer_40/trial_0014
wandb: ⭐️ View project at https://wandb.ai/caselli-niccolo-developer-university-of-amsterdam/probe4physics
wandb: 🚀 View run at https://wandb.ai/caselli-niccolo-developer-university-of-amsterdam/probe4physics/runs/ryu8b5kp
[eval.intphys2] Starting eval | split_name=val split_dir=data/splits/intphys2 predictor_mode=from_file metadata_file=data/annotations/intphys2_metadata.csv
[eval.intphys2] Loaded split assignments | split_scenes=51 split_samples=204
[eval.intphys2] Generated predictions | n_predictions=204
[eval.intphys2] Scoring complete | accuracy=53.9216 voe_accuracy=25.4902 n_scenes=51 n_samples=204
[eval.intphys2] Artifacts written | output_dir=artifacts/probes/intphys2/intphys2_probe_mlp_jepa_v2_vitg_384_20260430T105425Z/layer_40/train/trial_0014/val_eval
wandb: updating run metadata
wandb: uploading wandb-metadata.json; uploading requirements.txt; uploading output.log; uploading wandb-summary.json; uploading config.yaml
wandb: 
wandb: Run history:
wandb:          epoch ▁▁▁▁▂▂▂▂▂▃▃▃▃▃▃▄▄▅▅▅▅▅▆▆▆▆▆▆▆▇▇▇▇▇▇▇▇███
wandb: train_accuracy ▂▃▃▃▄▃▂▂▁▃▃▄▃▄▄▁▄▄▅▅▄▆▄▄▄▄▄▄▄▅▄▇▆█▅▆▅▇▄▅
wandb:     train_loss █▁▁▁▁▁▁▁▁▁▁▁▁▁▁▁▁▁▁▁▁▁▁▁▁▁▁▁▁▁▁▁▁▁▁▁▁▁▁▁
wandb:   val_accuracy ▂▂▂▂▂▂▂▃▂▂▄▅▃▂▃█▃▃▄▃▅▃▁▃▅▃▃█▂▂▃▂▃▇▂▆▂▇▄▃
wandb:       val_loss █▇▄▄▃▁▁▁▁▁▁▁▁▁▁▁▁▁▁▁▁▁▁▁▁▁▂▁▁▁▁▁▁▁▁▁▁▁▁▁
wandb: 
wandb: Run summary:
wandb:           best_epoch 93
wandb:    best_val_accuracy 53.92157
wandb:        best_val_loss 0.69154
wandb: checkpoint_best_path artifacts/probes/int...
wandb: checkpoint_last_path artifacts/probes/int...
wandb:      checkpoint_path artifacts/probes/int...
wandb:              dataset intphys2
wandb:      elapsed_seconds 3.44381
wandb:                epoch 100
wandb:    feature_signature 6370d2c41854f9d5
wandb:                  +22 ...
wandb: 
wandb: 🚀 View run intphys2_mlp_jepa_v2_vitg_384_layer_40/trial_0014 at: https://wandb.ai/caselli-niccolo-developer-university-of-amsterdam/probe4physics/runs/ryu8b5kp
wandb: ⭐️ View project at: https://wandb.ai/caselli-niccolo-developer-university-of-amsterdam/probe4physics
wandb: Synced 5 W&B file(s), 0 media file(s), 0 artifact file(s) and 0 other file(s)
wandb: Find logs at: ./wandb/run-20260430_130512-ryu8b5kp/logs
[I 2026-04-30 13:05:17,333] Trial 14 finished with value: 25.49019607843137 and parameters: {'lr': 0.0021028011967946622, 'weight_decay': 1.100126876586459e-08, 'batch_size': 256, 'hidden_dims': '256', 'dropout': 0.1720148477724066}. Best is trial 13 with value: 35.294117647058826.
wandb: setting up run w3jjjeey
wandb: Tracking run with wandb version 0.26.1
wandb: Run data is saved locally in /gpfs/home3/scur0511/Probe4Physics/wandb/run-20260430_130517-w3jjjeey
wandb: Run `wandb offline` to turn off syncing.
wandb: Syncing run intphys2_mlp_jepa_v2_vitg_384_layer_40/trial_0015
wandb: ⭐️ View project at https://wandb.ai/caselli-niccolo-developer-university-of-amsterdam/probe4physics
wandb: 🚀 View run at https://wandb.ai/caselli-niccolo-developer-university-of-amsterdam/probe4physics/runs/w3jjjeey
[eval.intphys2] Starting eval | split_name=val split_dir=data/splits/intphys2 predictor_mode=from_file metadata_file=data/annotations/intphys2_metadata.csv
[eval.intphys2] Loaded split assignments | split_scenes=51 split_samples=204
[eval.intphys2] Generated predictions | n_predictions=204
[eval.intphys2] Scoring complete | accuracy=55.8824 voe_accuracy=31.3725 n_scenes=51 n_samples=204
[eval.intphys2] Artifacts written | output_dir=artifacts/probes/intphys2/intphys2_probe_mlp_jepa_v2_vitg_384_20260430T105425Z/layer_40/train/trial_0015/val_eval
wandb: updating run metadata
wandb: uploading wandb-metadata.json; uploading requirements.txt; uploading output.log; uploading wandb-summary.json; uploading config.yaml
wandb: uploading config.yaml
wandb: 
wandb: Run history:
wandb:          epoch ▁▁▁▂▂▂▂▂▃▃▄▄▄▄▄▄▄▄▅▅▅▆▆▆▆▆▆▆▆▆▇▇▇▇▇▇████
wandb: train_accuracy ▂▂▂▂▂▂▄▂▄▁▃▃▃▁▂▃▄▅▄▅▅▆▃▄▄▆▅▆▅▅▄▄▇▆▆▃▆▆█▆
wandb:     train_loss ▆█▇▇▅▅▅▆▅▅▅▄▅▅▆▆▄▅▄▄▄▅▄▅▅▅▃▃▃▄▃▅▄▄▂▁▃▂▁▄
wandb:   val_accuracy ▃▂▁▂▂▃▃▂▃▅▄▃▂▃▄▅▂▆▆▅▆▄▆▅▅▃▅▄▇▄▅▅▆▃█▇▅▃▂▅
wandb:       val_loss █▄▄▃▂▂▂▂▂▂▂▂▂▂▂▂▂▂▂▂▂▂▂▂▂▂▁▂▁▂▁▁▁▁▂▁▂▂▃▂
wandb: 
wandb: Run summary:
wandb:           best_epoch 84
wandb:    best_val_accuracy 55.88235
wandb:        best_val_loss 0.69031
wandb: checkpoint_best_path artifacts/probes/int...
wandb: checkpoint_last_path artifacts/probes/int...
wandb:      checkpoint_path artifacts/probes/int...
wandb:              dataset intphys2
wandb:      elapsed_seconds 3.69054
wandb:                epoch 100
wandb:    feature_signature 6370d2c41854f9d5
wandb:                  +22 ...
wandb: 
wandb: 🚀 View run intphys2_mlp_jepa_v2_vitg_384_layer_40/trial_0015 at: https://wandb.ai/caselli-niccolo-developer-university-of-amsterdam/probe4physics/runs/w3jjjeey
wandb: ⭐️ View project at: https://wandb.ai/caselli-niccolo-developer-university-of-amsterdam/probe4physics
wandb: Synced 5 W&B file(s), 0 media file(s), 0 artifact file(s) and 0 other file(s)
wandb: Find logs at: ./wandb/run-20260430_130517-w3jjjeey/logs
[I 2026-04-30 13:05:22,470] Trial 15 finished with value: 31.372549019607842 and parameters: {'lr': 0.00033161874720056487, 'weight_decay': 1.264759895178816e-05, 'batch_size': 256, 'hidden_dims': '256', 'dropout': 0.18997737419157273}. Best is trial 13 with value: 35.294117647058826.
wandb: setting up run 7o2nqby0
wandb: Tracking run with wandb version 0.26.1
wandb: Run data is saved locally in /gpfs/home3/scur0511/Probe4Physics/wandb/run-20260430_130522-7o2nqby0
wandb: Run `wandb offline` to turn off syncing.
wandb: Syncing run intphys2_mlp_jepa_v2_vitg_384_layer_40/trial_0016
wandb: ⭐️ View project at https://wandb.ai/caselli-niccolo-developer-university-of-amsterdam/probe4physics
wandb: 🚀 View run at https://wandb.ai/caselli-niccolo-developer-university-of-amsterdam/probe4physics/runs/7o2nqby0
[eval.intphys2] Starting eval | split_name=val split_dir=data/splits/intphys2 predictor_mode=from_file metadata_file=data/annotations/intphys2_metadata.csv
[eval.intphys2] Loaded split assignments | split_scenes=51 split_samples=204
[eval.intphys2] Generated predictions | n_predictions=204
[eval.intphys2] Scoring complete | accuracy=56.3725 voe_accuracy=29.4118 n_scenes=51 n_samples=204
[eval.intphys2] Artifacts written | output_dir=artifacts/probes/intphys2/intphys2_probe_mlp_jepa_v2_vitg_384_20260430T105425Z/layer_40/train/trial_0016/val_eval
wandb: updating run metadata
wandb: uploading wandb-metadata.json; uploading requirements.txt; uploading output.log; uploading wandb-summary.json; uploading config.yaml
wandb: 
wandb: Run history:
wandb:          epoch ▁▁▁▁▂▂▂▂▂▃▃▃▃▃▄▄▄▄▄▄▄▅▅▅▅▅▅▆▆▆▆▇▇▇▇▇▇███
wandb: train_accuracy ▁▁▂▄▄▃▂▂▃▃▃▃▄▄▃▃▄▄▂▅▆▄▃▅▄▃▅▄▆█▆▄▆█▆▆▅▅▅▅
wandb:     train_loss █▂▂▂▂▂▂▂▂▂▂▂▂▂▂▂▂▂▂▂▂▂▂▂▂▂▂▁▁▂▂▁▁▁▁▂▂▁▁▁
wandb:   val_accuracy ▂▅▂▂▂▄▂▂▁▂▁▂▂▂▂▅▂▄▂█▂▆▄▄▅▅▅▅▂▆▅▄▇█▆█▄▇▅█
wandb:       val_loss █▄▂▂▂▂▂▂▂▂▂▂▂▂▂▂▂▂▂▂▂▂▂▂▂▂▂▂▂▂▃▂▂▁▂▁▁▃▂▂
wandb: 
wandb: Run summary:
wandb:           best_epoch 98
wandb:    best_val_accuracy 56.37255
wandb:        best_val_loss 0.68919
wandb: checkpoint_best_path artifacts/probes/int...
wandb: checkpoint_last_path artifacts/probes/int...
wandb:      checkpoint_path artifacts/probes/int...
wandb:              dataset intphys2
wandb:      elapsed_seconds 4.58829
wandb:                epoch 100
wandb:    feature_signature 6370d2c41854f9d5
wandb:                  +22 ...
wandb: 
wandb: 🚀 View run intphys2_mlp_jepa_v2_vitg_384_layer_40/trial_0016 at: https://wandb.ai/caselli-niccolo-developer-university-of-amsterdam/probe4physics/runs/7o2nqby0
wandb: ⭐️ View project at: https://wandb.ai/caselli-niccolo-developer-university-of-amsterdam/probe4physics
wandb: Synced 5 W&B file(s), 0 media file(s), 0 artifact file(s) and 0 other file(s)
wandb: Find logs at: ./wandb/run-20260430_130522-7o2nqby0/logs
[I 2026-04-30 13:05:28,114] Trial 16 finished with value: 29.411764705882355 and parameters: {'lr': 0.0004050136196870704, 'weight_decay': 9.146660194242354e-05, 'batch_size': 256, 'hidden_dims': '512x256', 'dropout': 0.0745981853425081}. Best is trial 13 with value: 35.294117647058826.
wandb: setting up run s6g9rjz7
wandb: Tracking run with wandb version 0.26.1
wandb: Run data is saved locally in /gpfs/home3/scur0511/Probe4Physics/wandb/run-20260430_130528-s6g9rjz7
wandb: Run `wandb offline` to turn off syncing.
wandb: Syncing run intphys2_mlp_jepa_v2_vitg_384_layer_40/trial_0017
wandb: ⭐️ View project at https://wandb.ai/caselli-niccolo-developer-university-of-amsterdam/probe4physics
wandb: 🚀 View run at https://wandb.ai/caselli-niccolo-developer-university-of-amsterdam/probe4physics/runs/s6g9rjz7
[eval.intphys2] Starting eval | split_name=val split_dir=data/splits/intphys2 predictor_mode=from_file metadata_file=data/annotations/intphys2_metadata.csv
[eval.intphys2] Loaded split assignments | split_scenes=51 split_samples=204
[eval.intphys2] Generated predictions | n_predictions=204
[eval.intphys2] Scoring complete | accuracy=55.8824 voe_accuracy=35.2941 n_scenes=51 n_samples=204
[eval.intphys2] Artifacts written | output_dir=artifacts/probes/intphys2/intphys2_probe_mlp_jepa_v2_vitg_384_20260430T105425Z/layer_40/train/trial_0017/val_eval
wandb: updating run metadata
wandb: uploading output.log; uploading wandb-summary.json; uploading config.yaml; uploading wandb-metadata.json; uploading requirements.txt
wandb: 
wandb: Run history:
wandb:          epoch ▁▁▁▁▂▂▂▂▂▂▃▃▃▃▃▃▄▄▄▄▄▄▄▅▅▅▅▅▆▆▆▆▆▆▆▇▇███
wandb: train_accuracy ▅▂▁▃▄▄▅▃▃▄▅▄▄▅▆▅▇▅▅▄▅▆▃▅▄▇▆▅▅▆▅▃▅▅▇▂▆▆▇█
wandb:     train_loss ▅▇█▆▆▄▆▃▃▃▃▄▂▂▄▂▃▃▂▃▁▃▂▃▂▂▃▁▂▃▁▁▄▂▃▂▂▂▁▂
wandb:   val_accuracy ▄▂▂▁▄▂▃▃▃▃▄▃▅▅▅▃▃▄▇▆▇▃▄▆▃▅▆▇▆▅█▃▆▇▇▇▇▆█▅
wandb:       val_loss ▇█▄▃▄▃▃▃▃▃▂▂▂▂▂▂▃▂▂▂▂▂▂▂▂▂▂▁▁▂▁▂▂▁▁▁▁▂▁▁
wandb: 
wandb: Run summary:
wandb:           best_epoch 90
wandb:    best_val_accuracy 55.88235
wandb:        best_val_loss 0.69088
wandb: checkpoint_best_path artifacts/probes/int...
wandb: checkpoint_last_path artifacts/probes/int...
wandb:      checkpoint_path artifacts/probes/int...
wandb:              dataset intphys2
wandb:      elapsed_seconds 3.88746
wandb:                epoch 100
wandb:    feature_signature 6370d2c41854f9d5
wandb:                  +22 ...
wandb: 
wandb: 🚀 View run intphys2_mlp_jepa_v2_vitg_384_layer_40/trial_0017 at: https://wandb.ai/caselli-niccolo-developer-university-of-amsterdam/probe4physics/runs/s6g9rjz7
wandb: ⭐️ View project at: https://wandb.ai/caselli-niccolo-developer-university-of-amsterdam/probe4physics
wandb: Synced 5 W&B file(s), 0 media file(s), 0 artifact file(s) and 0 other file(s)
wandb: Find logs at: ./wandb/run-20260430_130528-s6g9rjz7/logs
[I 2026-04-30 13:05:33,464] Trial 17 finished with value: 35.294117647058826 and parameters: {'lr': 8.513569413752787e-05, 'weight_decay': 5.003496218145977e-07, 'batch_size': 256, 'hidden_dims': '512', 'dropout': 0.49800849468060676}. Best is trial 13 with value: 35.294117647058826.
wandb: setting up run 26xlie0i
wandb: Tracking run with wandb version 0.26.1
wandb: Run data is saved locally in /gpfs/home3/scur0511/Probe4Physics/wandb/run-20260430_130533-26xlie0i
wandb: Run `wandb offline` to turn off syncing.
wandb: Syncing run intphys2_mlp_jepa_v2_vitg_384_layer_40/trial_0018
wandb: ⭐️ View project at https://wandb.ai/caselli-niccolo-developer-university-of-amsterdam/probe4physics
wandb: 🚀 View run at https://wandb.ai/caselli-niccolo-developer-university-of-amsterdam/probe4physics/runs/26xlie0i
[eval.intphys2] Starting eval | split_name=val split_dir=data/splits/intphys2 predictor_mode=from_file metadata_file=data/annotations/intphys2_metadata.csv
[eval.intphys2] Loaded split assignments | split_scenes=51 split_samples=204
[eval.intphys2] Generated predictions | n_predictions=204
[eval.intphys2] Scoring complete | accuracy=55.3922 voe_accuracy=25.4902 n_scenes=51 n_samples=204
[eval.intphys2] Artifacts written | output_dir=artifacts/probes/intphys2/intphys2_probe_mlp_jepa_v2_vitg_384_20260430T105425Z/layer_40/train/trial_0018/val_eval
wandb: updating run metadata
wandb: uploading wandb-metadata.json; uploading requirements.txt; uploading output.log; uploading wandb-summary.json; uploading config.yaml
wandb: 
wandb: Run history:
wandb:          epoch ▁▁▁▁▁▁▂▂▂▂▂▃▃▃▃▃▄▄▄▄▅▅▅▅▅▅▅▅▅▅▆▆▆▆▇▇▇▇██
wandb: train_accuracy ▁▄▅▄▃▂▃▄▄▄▅▅▃▅▅▅▆▅▅▆▅▆▅▅▄▆▇▅▆▅▅▆▅▇▆▄▆▆█▆
wandb:     train_loss █▃▄▅▄▃▃▃▃▃▃▃▂▃▃▂▂▃▂▂▂▃▂▂▂▂▃▂▂▂▂▂▂▂▂▁▂▁▂▂
wandb:   val_accuracy ▄▃▁▂▄▂▃▄▄▄▅▄▅▃▂▄▅▄▄▄▅▄█▄▄▄▅▃▅▄▄▅▄▄▄▆▅▆▅▄
wandb:       val_loss █▆▄▆▃▃▃▃▃▃▃▂▂▃▃▂▃▂▂▂▂▂▂▂▂▂▃▂▁▂▂▁▁▁▁▁▁▁▁▁
wandb: 
wandb: Run summary:
wandb:           best_epoch 56
wandb:    best_val_accuracy 55.39216
wandb:        best_val_loss 0.6914
wandb: checkpoint_best_path artifacts/probes/int...
wandb: checkpoint_last_path artifacts/probes/int...
wandb:      checkpoint_path artifacts/probes/int...
wandb:              dataset intphys2
wandb:      elapsed_seconds 3.96822
wandb:                epoch 100
wandb:    feature_signature 6370d2c41854f9d5
wandb:                  +22 ...
wandb: 
wandb: 🚀 View run intphys2_mlp_jepa_v2_vitg_384_layer_40/trial_0018 at: https://wandb.ai/caselli-niccolo-developer-university-of-amsterdam/probe4physics/runs/26xlie0i
wandb: ⭐️ View project at: https://wandb.ai/caselli-niccolo-developer-university-of-amsterdam/probe4physics
wandb: Synced 5 W&B file(s), 0 media file(s), 0 artifact file(s) and 0 other file(s)
wandb: Find logs at: ./wandb/run-20260430_130533-26xlie0i/logs
[I 2026-04-30 13:05:38,474] Trial 18 finished with value: 25.49019607843137 and parameters: {'lr': 7.882791950736558e-05, 'weight_decay': 6.622978105494993e-07, 'batch_size': 256, 'hidden_dims': '512', 'dropout': 0.28425721018857386}. Best is trial 13 with value: 35.294117647058826.
wandb: setting up run gvfi39ym
wandb: Tracking run with wandb version 0.26.1
wandb: Run data is saved locally in /gpfs/home3/scur0511/Probe4Physics/wandb/run-20260430_130538-gvfi39ym
wandb: Run `wandb offline` to turn off syncing.
wandb: Syncing run intphys2_mlp_jepa_v2_vitg_384_layer_40/trial_0019
wandb: ⭐️ View project at https://wandb.ai/caselli-niccolo-developer-university-of-amsterdam/probe4physics
wandb: 🚀 View run at https://wandb.ai/caselli-niccolo-developer-university-of-amsterdam/probe4physics/runs/gvfi39ym
[eval.intphys2] Starting eval | split_name=val split_dir=data/splits/intphys2 predictor_mode=from_file metadata_file=data/annotations/intphys2_metadata.csv
[eval.intphys2] Loaded split assignments | split_scenes=51 split_samples=204
[eval.intphys2] Generated predictions | n_predictions=204
[eval.intphys2] Scoring complete | accuracy=52.9412 voe_accuracy=15.6863 n_scenes=51 n_samples=204
[eval.intphys2] Artifacts written | output_dir=artifacts/probes/intphys2/intphys2_probe_mlp_jepa_v2_vitg_384_20260430T105425Z/layer_40/train/trial_0019/val_eval
wandb: updating run metadata
wandb: uploading wandb-metadata.json; uploading requirements.txt; uploading output.log; uploading wandb-summary.json; uploading config.yaml
wandb: 
wandb: Run history:
wandb:          epoch ▁▁▁▁▁▂▂▂▂▂▃▃▃▄▄▄▄▄▄▅▅▅▅▅▅▅▆▆▆▆▆▆▇▇▇▇▇███
wandb: train_accuracy ▂▇▅▂▄▄▁▅▇▇▆▄▄▆▃▅▇▆▃█▇▆▄▅▆▅▅▇▂▇▅▇▃▃▇▄▇▅▄▆
wandb:     train_loss ▆███▇▅█▆▅▆▄▅▄▄▅▄▃▃▅▄▂▂▄▄▂▄▄▃▃▃▂▃▂▁▄▁▃▂▃▃
wandb:   val_accuracy ▂▆▆▅▅▅▆▅▆▅▄▄▂▂▁▃▃▅▅▆▇▇▂▄▂▅▇▄▃▇▅▇▃▄▇▆▇███
wandb:       val_loss ██▇▆▆▅▅▅▅▅▃▃▃▃▃▃▃▃▂▂▂▂▂▂▂▂▂▂▂▂▂▁▁▁▁▁▁▁▁▁
wandb: 
wandb: Run summary:
wandb:           best_epoch 76
wandb:    best_val_accuracy 52.94118
wandb:        best_val_loss 0.69304
wandb: checkpoint_best_path artifacts/probes/int...
wandb: checkpoint_last_path artifacts/probes/int...
wandb:      checkpoint_path artifacts/probes/int...
wandb:              dataset intphys2
wandb:      elapsed_seconds 3.95685
wandb:                epoch 100
wandb:    feature_signature 6370d2c41854f9d5
wandb:                  +22 ...
wandb: 
wandb: 🚀 View run intphys2_mlp_jepa_v2_vitg_384_layer_40/trial_0019 at: https://wandb.ai/caselli-niccolo-developer-university-of-amsterdam/probe4physics/runs/gvfi39ym
wandb: ⭐️ View project at: https://wandb.ai/caselli-niccolo-developer-university-of-amsterdam/probe4physics
wandb: Synced 5 W&B file(s), 0 media file(s), 0 artifact file(s) and 0 other file(s)
wandb: Find logs at: ./wandb/run-20260430_130538-gvfi39ym/logs
[I 2026-04-30 13:05:43,465] Trial 19 finished with value: 15.686274509803921 and parameters: {'lr': 1.3677854363707686e-05, 'weight_decay': 4.6164873791880335e-06, 'batch_size': 256, 'hidden_dims': '512', 'dropout': 0.4750454448031879}. Best is trial 13 with value: 35.294117647058826.
[eval.intphys2] Starting eval | split_name=train split_dir=data/splits/intphys2 predictor_mode=from_file metadata_file=data/annotations/intphys2_metadata.csv
[eval.intphys2] Loaded split assignments | split_scenes=151 split_samples=604
[eval.intphys2] Generated predictions | n_predictions=604
[eval.intphys2] Scoring complete | accuracy=58.7748 voe_accuracy=43.7086 n_scenes=151 n_samples=604
[eval.intphys2] Artifacts written | output_dir=artifacts/probes/intphys2/intphys2_probe_mlp_jepa_v2_vitg_384_20260430T105425Z/layer_40/eval/train
[eval.intphys2] Starting eval | split_name=val split_dir=data/splits/intphys2 predictor_mode=from_file metadata_file=data/annotations/intphys2_metadata.csv
[eval.intphys2] Loaded split assignments | split_scenes=51 split_samples=204
[eval.intphys2] Generated predictions | n_predictions=204
[eval.intphys2] Scoring complete | accuracy=55.8824 voe_accuracy=35.2941 n_scenes=51 n_samples=204
[eval.intphys2] Artifacts written | output_dir=artifacts/probes/intphys2/intphys2_probe_mlp_jepa_v2_vitg_384_20260430T105425Z/layer_40/eval/val
[eval.intphys2] Starting eval | split_name=test split_dir=data/splits/intphys2 predictor_mode=from_file metadata_file=data/annotations/intphys2_metadata.csv
[eval.intphys2] Loaded split assignments | split_scenes=51 split_samples=204
[eval.intphys2] Generated predictions | n_predictions=204
[eval.intphys2] Scoring complete | accuracy=58.3333 voe_accuracy=39.2157 n_scenes=51 n_samples=204
[eval.intphys2] Artifacts written | output_dir=artifacts/probes/intphys2/intphys2_probe_mlp_jepa_v2_vitg_384_20260430T105425Z/layer_40/eval/test
