============================================================================================== 
Warning! Mixing Conda and module environments may lead to corruption of the
user environment. 
We do not recommend users mixing those two environments unless absolutely
necessary. Note that 
SURF does not provide any support for Conda environment.
For more information, please refer to our software policy page:
https://servicedesk.surf.nl/wiki/display/WIKI/Software+policy+Snellius#SoftwarepolicySnellius-UseofAnacondaandMinicondaenvironmentsonSnellius 

Remember that many packages have already been installed on the system and can
be loaded using 
the 'module load <package__name>' command. If you are uncertain if a package is
already available 
on the system, please use 'module avail' or 'module spider' to search for it.
============================================================================================== 
[I 2026-04-26 20:09:42,931] A new study created in RDB with name: intphys2_mlp_videomae_vit_huge_16_224_layer_8
wandb: [wandb.login()] Loaded credentials for https://api.wandb.ai from /home/scur0511/.netrc.
wandb: Currently logged in as: caselli-niccolo-developer (caselli-niccolo-developer-university-of-amsterdam) to https://api.wandb.ai. Use `wandb login --relogin` to force relogin
wandb: Tracking run with wandb version 0.26.1
wandb: Run data is saved locally in /gpfs/home3/scur0511/Probe4Physics/wandb/run-20260426_200947-s5j4f9qk
wandb: Run `wandb offline` to turn off syncing.
wandb: Syncing run intphys2_mlp_videomae_vit_huge_16_224_layer_8/trial_0000
wandb: ⭐️ View project at https://wandb.ai/caselli-niccolo-developer-university-of-amsterdam/probe4physics
wandb: 🚀 View run at https://wandb.ai/caselli-niccolo-developer-university-of-amsterdam/probe4physics/runs/s5j4f9qk
[eval.intphys2] Starting eval | split_name=val split_dir=data/splits/intphys2 predictor_mode=from_file metadata_file=data/annotations/intphys2_metadata.csv
[eval.intphys2] Loaded split assignments | split_scenes=51 split_samples=204
[eval.intphys2] Generated predictions | n_predictions=204
[eval.intphys2] Scoring complete | accuracy=50.9804 voe_accuracy=7.8431 n_scenes=51 n_samples=204
[eval.intphys2] Artifacts written | output_dir=artifacts/probes/intphys2/intphys2_probe_mlp_videomae_vit_huge_16_224_20260426T180941Z/layer_8/train/trial_0000/val_eval
wandb: updating run metadata
wandb: uploading config.yaml; uploading output.log; uploading wandb-summary.json
wandb: uploading history steps 95-99, summary, console lines 0-4
wandb: 
wandb: Run history:
wandb:          epoch ▁▁▁▁▁▂▂▂▂▃▃▃▃▃▃▃▄▄▄▄▄▄▄▄▅▅▅▅▆▆▆▆▆▆▆▇▇███
wandb: train_accuracy ▃█▅▃▄▅▂▆▄▄▁▇▅▁▄▅▂▇▆▇▄▄▃▇▃▆▇▃▅▃▆▆▆▆▅▆▃▅▄▃
wandb:     train_loss █▅▅▆▄▄▃▂▂▃▂▃▂▃▃▂▃▂▂▄▃▂▂▂▃▃▁▃▂▂▂▂▃▃▃▂▁▂▂▃
wandb:   val_accuracy ▁▁▁▁▁▁▁▁▁▁▁█▁▁▁▁▁▁▁▁▁▁▁▁▁▁▁▁▁▁▁▁▁▁▁▁▁▁▁▁
wandb:       val_loss █▆▂▂▁▅▁▂▂▁▂▁▁▁▁▂▁▂▁▁▁▁▁▁▁▁▁▁▁▁▁▁▁▁▁▁▁▁▁▁
wandb: 
wandb: Run summary:
wandb:           best_epoch 27
wandb:    best_val_accuracy 50.9804
wandb:        best_val_loss 0.69327
wandb: checkpoint_best_path artifacts/probes/int...
wandb: checkpoint_last_path artifacts/probes/int...
wandb:      checkpoint_path artifacts/probes/int...
wandb:              dataset intphys2
wandb:      elapsed_seconds 24.31474
wandb:                epoch 100
wandb:    feature_signature 1e642fe5ac5d5e7f
wandb:                  +22 ...
wandb: 
wandb: 🚀 View run intphys2_mlp_videomae_vit_huge_16_224_layer_8/trial_0000 at: https://wandb.ai/caselli-niccolo-developer-university-of-amsterdam/probe4physics/runs/s5j4f9qk
wandb: ⭐️ View project at: https://wandb.ai/caselli-niccolo-developer-university-of-amsterdam/probe4physics
wandb: Synced 5 W&B file(s), 0 media file(s), 0 artifact file(s) and 0 other file(s)
wandb: Find logs at: ./wandb/run-20260426_200947-s5j4f9qk/logs
[I 2026-04-26 20:10:09,583] Trial 0 finished with value: 7.8431372549019605 and parameters: {'lr': 0.0001329291894316216, 'weight_decay': 0.005061576888752304, 'batch_size': 32, 'hidden_dims': '1024x512x1024', 'dropout': 0.41622132040021087}. Best is trial 0 with value: 7.8431372549019605.
wandb: setting up run z37dm4po
wandb: Tracking run with wandb version 0.26.1
wandb: Run data is saved locally in /gpfs/home3/scur0511/Probe4Physics/wandb/run-20260426_201009-z37dm4po
wandb: Run `wandb offline` to turn off syncing.
wandb: Syncing run intphys2_mlp_videomae_vit_huge_16_224_layer_8/trial_0001
wandb: ⭐️ View project at https://wandb.ai/caselli-niccolo-developer-university-of-amsterdam/probe4physics
wandb: 🚀 View run at https://wandb.ai/caselli-niccolo-developer-university-of-amsterdam/probe4physics/runs/z37dm4po
[eval.intphys2] Starting eval | split_name=val split_dir=data/splits/intphys2 predictor_mode=from_file metadata_file=data/annotations/intphys2_metadata.csv
[eval.intphys2] Loaded split assignments | split_scenes=51 split_samples=204
[eval.intphys2] Generated predictions | n_predictions=204
[eval.intphys2] Scoring complete | accuracy=51.9608 voe_accuracy=13.7255 n_scenes=51 n_samples=204
[eval.intphys2] Artifacts written | output_dir=artifacts/probes/intphys2/intphys2_probe_mlp_videomae_vit_huge_16_224_20260426T180941Z/layer_8/train/trial_0001/val_eval
wandb: updating run metadata
wandb: uploading config.yaml; uploading wandb-metadata.json; uploading requirements.txt; uploading output.log; uploading wandb-summary.json
wandb: uploading requirements.txt; uploading output.log
wandb: 
wandb: Run history:
wandb:          epoch ▁▁▁▁▁▂▂▂▂▂▃▃▃▃▃▄▄▄▄▄▅▅▅▅▆▆▆▆▆▆▇▇▇▇▇▇▇███
wandb: train_accuracy ▅▄▁▄▃▂▄▆▃▃▆▅▃▂▅▁▂▃▇▁▁▃▃▂█▅▃▄▁▅▄▂▃▄▃▅▂▇▆▃
wandb:     train_loss █▆▄▄▄▃▄▂▂▂▃▃▃▂▃▁▄▃▂▂▂▂▂▂▂▁▂▂▂▂▃▁▂▂▂▂▂▂▂▂
wandb:   val_accuracy ▅▆▃▅▇▆█▆▃▃▆▆▂▆▄▆▄▆▅▄▃▆▃▄▄▄▆▆▆▅▄▆▅▄▁▄▇▅▂▆
wandb:       val_loss █▆▂▂▁▁▁▁▁▁▁▁▂▁▂▁▂▁▁▁▁▁▁▁▁▁▁▁▁▁▁▁▂▁▁▂▂▁▁▁
wandb: 
wandb: Run summary:
wandb:           best_epoch 21
wandb:    best_val_accuracy 51.96078
wandb:        best_val_loss 0.69332
wandb: checkpoint_best_path artifacts/probes/int...
wandb: checkpoint_last_path artifacts/probes/int...
wandb:      checkpoint_path artifacts/probes/int...
wandb:              dataset intphys2
wandb:      elapsed_seconds 4.522
wandb:                epoch 100
wandb:    feature_signature 1e642fe5ac5d5e7f
wandb:                  +22 ...
wandb: 
wandb: 🚀 View run intphys2_mlp_videomae_vit_huge_16_224_layer_8/trial_0001 at: https://wandb.ai/caselli-niccolo-developer-university-of-amsterdam/probe4physics/runs/z37dm4po
wandb: ⭐️ View project at: https://wandb.ai/caselli-niccolo-developer-university-of-amsterdam/probe4physics
wandb: Synced 5 W&B file(s), 0 media file(s), 0 artifact file(s) and 0 other file(s)
wandb: Find logs at: ./wandb/run-20260426_201009-z37dm4po/logs
[I 2026-04-26 20:10:16,032] Trial 1 finished with value: 13.725490196078432 and parameters: {'lr': 4.335281794951564e-05, 'weight_decay': 1.2329623163659816e-07, 'batch_size': 128, 'hidden_dims': '512', 'dropout': 0.3925879806965068}. Best is trial 1 with value: 13.725490196078432.
wandb: setting up run h42c59x0
wandb: Tracking run with wandb version 0.26.1
wandb: Run data is saved locally in /gpfs/home3/scur0511/Probe4Physics/wandb/run-20260426_201016-h42c59x0
wandb: Run `wandb offline` to turn off syncing.
wandb: Syncing run intphys2_mlp_videomae_vit_huge_16_224_layer_8/trial_0002
wandb: ⭐️ View project at https://wandb.ai/caselli-niccolo-developer-university-of-amsterdam/probe4physics
wandb: 🚀 View run at https://wandb.ai/caselli-niccolo-developer-university-of-amsterdam/probe4physics/runs/h42c59x0
[eval.intphys2] Starting eval | split_name=val split_dir=data/splits/intphys2 predictor_mode=from_file metadata_file=data/annotations/intphys2_metadata.csv
[eval.intphys2] Loaded split assignments | split_scenes=51 split_samples=204
[eval.intphys2] Generated predictions | n_predictions=204
[eval.intphys2] Scoring complete | accuracy=54.4118 voe_accuracy=9.8039 n_scenes=51 n_samples=204
[eval.intphys2] Artifacts written | output_dir=artifacts/probes/intphys2/intphys2_probe_mlp_videomae_vit_huge_16_224_20260426T180941Z/layer_8/train/trial_0002/val_eval
wandb: updating run metadata
wandb: uploading requirements.txt; uploading output.log; uploading wandb-summary.json; uploading wandb-metadata.json; uploading config.yaml
wandb: 
wandb: Run history:
wandb:          epoch ▁▁▁▁▁▂▂▂▂▂▃▃▃▃▃▃▃▃▄▄▄▄▄▅▅▅▅▅▅▅▆▆▆▇▇▇████
wandb: train_accuracy ▅▇▇▆▆▄▇▁▃▆▃▆▄▅▅▄▃▆▅▆▂▅▂▆▆▆▆▂▄▂█▄█▅▃▄▄▅▇▅
wandb:     train_loss ▆█▆▄▅▂▄▆▅▅▃▃▄▄▄▃▂▂▂▃▂▃▂▂▂▂▃▃▂▁▃▁▂▃▂▂▃▂▂▂
wandb:   val_accuracy ▃▅▄▅▃▂▄▄▅▅▃▄▄▄▄▃▃▆▃▃▅▃▃▅▃▅▃▃▄▄▅▁▄▃▅▃█▅▃▅
wandb:       val_loss ██▃▃▂▂▁▂▂▃▂▁▃▂▂▁▁▁▁▁▁▁▁▂▁▁▁▂▁▂▁▁▁▁▁▁▁▂▁▁
wandb: 
wandb: Run summary:
wandb:           best_epoch 90
wandb:    best_val_accuracy 54.41176
wandb:        best_val_loss 0.69369
wandb: checkpoint_best_path artifacts/probes/int...
wandb: checkpoint_last_path artifacts/probes/int...
wandb:      checkpoint_path artifacts/probes/int...
wandb:              dataset intphys2
wandb:      elapsed_seconds 5.51719
wandb:                epoch 100
wandb:    feature_signature 1e642fe5ac5d5e7f
wandb:                  +22 ...
wandb: 
wandb: 🚀 View run intphys2_mlp_videomae_vit_huge_16_224_layer_8/trial_0002 at: https://wandb.ai/caselli-niccolo-developer-university-of-amsterdam/probe4physics/runs/h42c59x0
wandb: ⭐️ View project at: https://wandb.ai/caselli-niccolo-developer-university-of-amsterdam/probe4physics
wandb: Synced 5 W&B file(s), 0 media file(s), 0 artifact file(s) and 0 other file(s)
wandb: Find logs at: ./wandb/run-20260426_201016-h42c59x0/logs
[I 2026-04-26 20:10:22,864] Trial 2 finished with value: 9.803921568627452 and parameters: {'lr': 3.972110727381908e-05, 'weight_decay': 1.217325250419405e-05, 'batch_size': 128, 'hidden_dims': '1024', 'dropout': 0.34211651325607845}. Best is trial 1 with value: 13.725490196078432.
wandb: setting up run csks7kn4
wandb: Tracking run with wandb version 0.26.1
wandb: Run data is saved locally in /gpfs/home3/scur0511/Probe4Physics/wandb/run-20260426_201023-csks7kn4
wandb: Run `wandb offline` to turn off syncing.
wandb: Syncing run intphys2_mlp_videomae_vit_huge_16_224_layer_8/trial_0003
wandb: ⭐️ View project at https://wandb.ai/caselli-niccolo-developer-university-of-amsterdam/probe4physics
wandb: 🚀 View run at https://wandb.ai/caselli-niccolo-developer-university-of-amsterdam/probe4physics/runs/csks7kn4
[eval.intphys2] Starting eval | split_name=val split_dir=data/splits/intphys2 predictor_mode=from_file metadata_file=data/annotations/intphys2_metadata.csv
[eval.intphys2] Loaded split assignments | split_scenes=51 split_samples=204
[eval.intphys2] Generated predictions | n_predictions=204
[eval.intphys2] Scoring complete | accuracy=51.4706 voe_accuracy=5.8824 n_scenes=51 n_samples=204
[eval.intphys2] Artifacts written | output_dir=artifacts/probes/intphys2/intphys2_probe_mlp_videomae_vit_huge_16_224_20260426T180941Z/layer_8/train/trial_0003/val_eval
wandb: updating run metadata
wandb: uploading wandb-summary.json; uploading config.yaml; uploading output.log
wandb: 
wandb: Run history:
wandb:          epoch ▁▁▁▁▂▂▂▂▂▂▂▃▃▃▃▃▄▄▄▄▅▅▅▅▅▆▆▆▆▆▇▇▇▇▇█████
wandb: train_accuracy ▃█▄▃▅▅▂▆▆▅▆▅▅▄▇▆▇▄▃▇▅▄▄▃▅▅▃▇▅▅▆▆▅▆▁▃▅▅▅▅
wandb:     train_loss █▂▄▄▂▂▂▃▂▁▁▁▂▁▂▂▁▂▁▂▂▂▂▁▂▁▁▁▁▂▁▂▁▁▁▂▁▂▁▁
wandb:   val_accuracy ▅▅▅▅▅█▅▄▁▅▅▆▇▅▄▄▅▅▁▅▅▅▅▅▆▅▅▅▅▅▅▅▅▅▅▅▄▅▄▅
wandb:       val_loss █▂▃▃▂▁▂▁▁▂▁▁▁▁▁▁▁▂▁▁▁▁▁▁▂▂▁▂▂▁▁▂▁▁▁▁▁▁▁▁
wandb: 
wandb: Run summary:
wandb:           best_epoch 41
wandb:    best_val_accuracy 51.47059
wandb:        best_val_loss 0.6933
wandb: checkpoint_best_path artifacts/probes/int...
wandb: checkpoint_last_path artifacts/probes/int...
wandb:      checkpoint_path artifacts/probes/int...
wandb:              dataset intphys2
wandb:      elapsed_seconds 9.01445
wandb:                epoch 100
wandb:    feature_signature 1e642fe5ac5d5e7f
wandb:                  +22 ...
wandb: 
wandb: 🚀 View run intphys2_mlp_videomae_vit_huge_16_224_layer_8/trial_0003 at: https://wandb.ai/caselli-niccolo-developer-university-of-amsterdam/probe4physics/runs/csks7kn4
wandb: ⭐️ View project at: https://wandb.ai/caselli-niccolo-developer-university-of-amsterdam/probe4physics
wandb: Synced 5 W&B file(s), 0 media file(s), 0 artifact file(s) and 0 other file(s)
wandb: Find logs at: ./wandb/run-20260426_201023-csks7kn4/logs
[I 2026-04-26 20:10:33,002] Trial 3 finished with value: 5.88235294117647 and parameters: {'lr': 0.00020914981329035596, 'weight_decay': 5.397956855996434e-08, 'batch_size': 128, 'hidden_dims': '1024x512x1024', 'dropout': 0.3875664116805573}. Best is trial 1 with value: 13.725490196078432.
wandb: setting up run w0c1q725
wandb: Tracking run with wandb version 0.26.1
wandb: Run data is saved locally in /gpfs/home3/scur0511/Probe4Physics/wandb/run-20260426_201033-w0c1q725
wandb: Run `wandb offline` to turn off syncing.
wandb: Syncing run intphys2_mlp_videomae_vit_huge_16_224_layer_8/trial_0004
wandb: ⭐️ View project at https://wandb.ai/caselli-niccolo-developer-university-of-amsterdam/probe4physics
wandb: 🚀 View run at https://wandb.ai/caselli-niccolo-developer-university-of-amsterdam/probe4physics/runs/w0c1q725
[eval.intphys2] Starting eval | split_name=val split_dir=data/splits/intphys2 predictor_mode=from_file metadata_file=data/annotations/intphys2_metadata.csv
[eval.intphys2] Loaded split assignments | split_scenes=51 split_samples=204
[eval.intphys2] Generated predictions | n_predictions=204
[eval.intphys2] Scoring complete | accuracy=50.0000 voe_accuracy=5.8824 n_scenes=51 n_samples=204
[eval.intphys2] Artifacts written | output_dir=artifacts/probes/intphys2/intphys2_probe_mlp_videomae_vit_huge_16_224_20260426T180941Z/layer_8/train/trial_0004/val_eval
wandb: updating run metadata
wandb: uploading output.log; uploading wandb-summary.json; uploading config.yaml
wandb: uploading history steps 0-99, summary, console lines 0-4
wandb: 
wandb: Run history:
wandb:          epoch ▁▁▁▁▂▂▂▂▂▂▃▃▃▃▃▄▄▄▄▅▅▅▅▆▆▆▆▆▆▇▇▇▇▇▇█████
wandb: train_accuracy ▅▇▃▃▆▇▁▅▅▅█▆▄▇▄▅▆▅▆▆▆▆▅▆▅▅▄▅▅▅▇▇▆▂▂▂▄▆▄▅
wandb:     train_loss █▁▂▁▁▁▁▁▁▁▁▁▁▁▁▁▁▁▁▁▁▁▁▁▁▁▁▁▁▁▁▁▁▁▁▁▁▁▁▁
wandb:   val_accuracy ▁▁▁▁▁▁▁▁▁▁▁▁▁▁▁▁▁▁▁▁▁▁▁▁▁▁▁▁▁▁▁▁▁▁▁▁▁▁▁▁
wandb:       val_loss █▅▂▂▂▃▁▂▁▁▁▁▁▂▂▁▁▁▁▁▁▁▁▁▁▁▁▁▁▁▁▁▁▁▁▁▁▁▁▁
wandb: 
wandb: Run summary:
wandb:           best_epoch 74
wandb:    best_val_accuracy 50
wandb:        best_val_loss 0.69315
wandb: checkpoint_best_path artifacts/probes/int...
wandb: checkpoint_last_path artifacts/probes/int...
wandb:      checkpoint_path artifacts/probes/int...
wandb:              dataset intphys2
wandb:      elapsed_seconds 10.38702
wandb:                epoch 100
wandb:    feature_signature 1e642fe5ac5d5e7f
wandb:                  +22 ...
wandb: 
wandb: 🚀 View run intphys2_mlp_videomae_vit_huge_16_224_layer_8/trial_0004 at: https://wandb.ai/caselli-niccolo-developer-university-of-amsterdam/probe4physics/runs/w0c1q725
wandb: ⭐️ View project at: https://wandb.ai/caselli-niccolo-developer-university-of-amsterdam/probe4physics
wandb: Synced 5 W&B file(s), 0 media file(s), 0 artifact file(s) and 0 other file(s)
wandb: Find logs at: ./wandb/run-20260426_201033-w0c1q725/logs
[I 2026-04-26 20:10:44,652] Trial 4 finished with value: 5.88235294117647 and parameters: {'lr': 0.006584106160121612, 'weight_decay': 0.002338643925620875, 'batch_size': 64, 'hidden_dims': '1024x512x256', 'dropout': 0.14046725484369038}. Best is trial 1 with value: 13.725490196078432.
wandb: setting up run z41506l1
wandb: Tracking run with wandb version 0.26.1
wandb: Run data is saved locally in /gpfs/home3/scur0511/Probe4Physics/wandb/run-20260426_201044-z41506l1
wandb: Run `wandb offline` to turn off syncing.
wandb: Syncing run intphys2_mlp_videomae_vit_huge_16_224_layer_8/trial_0005
wandb: ⭐️ View project at https://wandb.ai/caselli-niccolo-developer-university-of-amsterdam/probe4physics
wandb: 🚀 View run at https://wandb.ai/caselli-niccolo-developer-university-of-amsterdam/probe4physics/runs/z41506l1
[eval.intphys2] Starting eval | split_name=val split_dir=data/splits/intphys2 predictor_mode=from_file metadata_file=data/annotations/intphys2_metadata.csv
[eval.intphys2] Loaded split assignments | split_scenes=51 split_samples=204
[eval.intphys2] Generated predictions | n_predictions=204
[eval.intphys2] Scoring complete | accuracy=51.9608 voe_accuracy=9.8039 n_scenes=51 n_samples=204
[eval.intphys2] Artifacts written | output_dir=artifacts/probes/intphys2/intphys2_probe_mlp_videomae_vit_huge_16_224_20260426T180941Z/layer_8/train/trial_0005/val_eval
wandb: updating run metadata
wandb: uploading output.log; uploading wandb-summary.json; uploading config.yaml; uploading wandb-metadata.json; uploading requirements.txt
wandb: 
wandb: Run history:
wandb:          epoch ▁▁▂▂▂▂▂▂▃▃▃▃▄▄▄▄▄▄▄▄▅▅▅▅▅▅▆▆▆▆▆▆▇▇▇▇▇▇██
wandb: train_accuracy ▃▃▃▅▃▁▃▄▆▅▃▃▄▄▄▅▄▄▃▆▆▃▅▄▃▄▂▃▃▆▃▅▃▆▄▆▄▅█▇
wandb:     train_loss █▄▃▁▁▁▁▁▁▁▁▁▁▁▁▁▁▁▁▁▁▁▁▁▁▁▁▁▁▁▁▁▁▁▁▁▁▁▁▁
wandb:   val_accuracy ▄▄▄▄▄▅▄▃▄▂▁▄▃▄▄▅▃▄▄▄▂▄▂▂▄▂▄▁▄▃▂█▆█▃▅▃▄▃▄
wandb:       val_loss ▆▁▃▁▁▂▂▁▁▃▄█▄▂▁▁▃▂▂▃▂▂▂▂▂▄▃▂▂▂▂▂▃▂▄▂▃▂▆▃
wandb: 
wandb: Run summary:
wandb:           best_epoch 33
wandb:    best_val_accuracy 51.96078
wandb:        best_val_loss 0.69372
wandb: checkpoint_best_path artifacts/probes/int...
wandb: checkpoint_last_path artifacts/probes/int...
wandb:      checkpoint_path artifacts/probes/int...
wandb:              dataset intphys2
wandb:      elapsed_seconds 5.47629
wandb:                epoch 100
wandb:    feature_signature 1e642fe5ac5d5e7f
wandb:                  +22 ...
wandb: 
wandb: 🚀 View run intphys2_mlp_videomae_vit_huge_16_224_layer_8/trial_0005 at: https://wandb.ai/caselli-niccolo-developer-university-of-amsterdam/probe4physics/runs/z41506l1
wandb: ⭐️ View project at: https://wandb.ai/caselli-niccolo-developer-university-of-amsterdam/probe4physics
wandb: Synced 5 W&B file(s), 0 media file(s), 0 artifact file(s) and 0 other file(s)
wandb: Find logs at: ./wandb/run-20260426_201044-z41506l1/logs
[I 2026-04-26 20:10:51,320] Trial 5 finished with value: 9.803921568627452 and parameters: {'lr': 0.00042470585622618684, 'weight_decay': 7.007213496896406e-08, 'batch_size': 128, 'hidden_dims': '1024', 'dropout': 0.03702232586704518}. Best is trial 1 with value: 13.725490196078432.
wandb: setting up run 9ij08ojx
wandb: Tracking run with wandb version 0.26.1
wandb: Run data is saved locally in /gpfs/home3/scur0511/Probe4Physics/wandb/run-20260426_201051-9ij08ojx
wandb: Run `wandb offline` to turn off syncing.
wandb: Syncing run intphys2_mlp_videomae_vit_huge_16_224_layer_8/trial_0006
wandb: ⭐️ View project at https://wandb.ai/caselli-niccolo-developer-university-of-amsterdam/probe4physics
wandb: 🚀 View run at https://wandb.ai/caselli-niccolo-developer-university-of-amsterdam/probe4physics/runs/9ij08ojx
[eval.intphys2] Starting eval | split_name=val split_dir=data/splits/intphys2 predictor_mode=from_file metadata_file=data/annotations/intphys2_metadata.csv
[eval.intphys2] Loaded split assignments | split_scenes=51 split_samples=204
[eval.intphys2] Generated predictions | n_predictions=204
[eval.intphys2] Scoring complete | accuracy=50.9804 voe_accuracy=5.8824 n_scenes=51 n_samples=204
[eval.intphys2] Artifacts written | output_dir=artifacts/probes/intphys2/intphys2_probe_mlp_videomae_vit_huge_16_224_20260426T180941Z/layer_8/train/trial_0006/val_eval
wandb: updating run metadata
wandb: uploading output.log; uploading wandb-summary.json; uploading config.yaml
wandb: 
wandb: Run history:
wandb:          epoch ▁▁▁▂▂▂▂▃▃▃▃▃▄▄▄▄▄▄▄▄▅▅▅▅▅▆▆▆▆▆▇▇▇▇▇▇████
wandb: train_accuracy █▃▅▇▃▅▅▅▇▇▆▃▇▆▄▇▅▄▃▄▆▄▅▃▆▇▅▅▆█▇▆▄▆▃▁▅▅▂▇
wandb:     train_loss █▂▃▁▂▂▂▂▂▁▁▁▁▁▂▁▂▂▁▂▂▁▂▂▁▂▁▂▂▁▂▁▂▂▁▁▁▁▁▁
wandb:   val_accuracy ▆▆▆▆▆▆▆▆▆▁▆▆▆█▆▆▆▆█▆▆▆▆▆▆▆▆▆▆▅▆▆▆▆▆█▆▆▆▆
wandb:       val_loss ▃▆█▁▁▃▁▁▂▁▁▂▁▁▁▁▂▁▁▁▁▁▁▁▁▁▁▁▁▁▁▁▁▁▁▁▁▁▁▁
wandb: 
wandb: Run summary:
wandb:           best_epoch 61
wandb:    best_val_accuracy 50.9804
wandb:        best_val_loss 0.69316
wandb: checkpoint_best_path artifacts/probes/int...
wandb: checkpoint_last_path artifacts/probes/int...
wandb:      checkpoint_path artifacts/probes/int...
wandb:              dataset intphys2
wandb:      elapsed_seconds 14.85865
wandb:                epoch 100
wandb:    feature_signature 1e642fe5ac5d5e7f
wandb:                  +22 ...
wandb: 
wandb: 🚀 View run intphys2_mlp_videomae_vit_huge_16_224_layer_8/trial_0006 at: https://wandb.ai/caselli-niccolo-developer-university-of-amsterdam/probe4physics/runs/9ij08ojx
wandb: ⭐️ View project at: https://wandb.ai/caselli-niccolo-developer-university-of-amsterdam/probe4physics
wandb: Synced 5 W&B file(s), 0 media file(s), 0 artifact file(s) and 0 other file(s)
wandb: Find logs at: ./wandb/run-20260426_201051-9ij08ojx/logs
[I 2026-04-26 20:11:07,597] Trial 6 finished with value: 5.88235294117647 and parameters: {'lr': 0.0001189589673755355, 'weight_decay': 4.9569479327999555e-08, 'batch_size': 32, 'hidden_dims': '1024x512x256', 'dropout': 0.05979712296915085}. Best is trial 1 with value: 13.725490196078432.
wandb: setting up run 4s90oi1l
wandb: Tracking run with wandb version 0.26.1
wandb: Run data is saved locally in /gpfs/home3/scur0511/Probe4Physics/wandb/run-20260426_201107-4s90oi1l
wandb: Run `wandb offline` to turn off syncing.
wandb: Syncing run intphys2_mlp_videomae_vit_huge_16_224_layer_8/trial_0007
wandb: ⭐️ View project at https://wandb.ai/caselli-niccolo-developer-university-of-amsterdam/probe4physics
wandb: 🚀 View run at https://wandb.ai/caselli-niccolo-developer-university-of-amsterdam/probe4physics/runs/4s90oi1l
[eval.intphys2] Starting eval | split_name=val split_dir=data/splits/intphys2 predictor_mode=from_file metadata_file=data/annotations/intphys2_metadata.csv
[eval.intphys2] Loaded split assignments | split_scenes=51 split_samples=204
[eval.intphys2] Generated predictions | n_predictions=204
[eval.intphys2] Scoring complete | accuracy=50.0000 voe_accuracy=9.8039 n_scenes=51 n_samples=204
[eval.intphys2] Artifacts written | output_dir=artifacts/probes/intphys2/intphys2_probe_mlp_videomae_vit_huge_16_224_20260426T180941Z/layer_8/train/trial_0007/val_eval
wandb: updating run metadata
wandb: uploading output.log; uploading wandb-summary.json; uploading config.yaml
wandb: uploading config.yaml
wandb: 
wandb: Run history:
wandb:          epoch ▁▁▁▁▂▂▂▂▂▃▃▃▃▃▃▃▄▄▄▄▅▅▅▅▅▆▆▆▆▆▆▇▇▇▇▇▇███
wandb: train_accuracy ▅▅▃▆▂▁▅▇▅▆▃▆█▃▅▄▄▆▃▄▅▄▇▂▆▆▆█▆▇▃▅▁▅▅▄▄▄▃▅
wandb:     train_loss █▂▂▂▃▄▅▄▄▄▂▄▂▃▂▂▄▃▁▃▁▂▃▂▂▁▁▂▁▂▂▄▂▂▃▃▂▂▂▂
wandb:   val_accuracy ▁▁▁▁▁▁▁▁▁▁▁▁▁▁▁▁▁▁▁▁▁▁▁▁▁▁▁▁▁▁▁▁▁▁▁▁▁▁▁▁
wandb:       val_loss █▂▁▁▁▁▁▁▁▁▁▁▁▁▁▁▁▁▁▁▁▁▂▁▁▁▁▁▁▁▁▁▁▁▁▁▁▁▁▁
wandb: 
wandb: Run summary:
wandb:           best_epoch 64
wandb:    best_val_accuracy 50
wandb:        best_val_loss 0.69315
wandb: checkpoint_best_path artifacts/probes/int...
wandb: checkpoint_last_path artifacts/probes/int...
wandb:      checkpoint_path artifacts/probes/int...
wandb:              dataset intphys2
wandb:      elapsed_seconds 10.3037
wandb:                epoch 100
wandb:    feature_signature 1e642fe5ac5d5e7f
wandb:                  +22 ...
wandb: 
wandb: 🚀 View run intphys2_mlp_videomae_vit_huge_16_224_layer_8/trial_0007 at: https://wandb.ai/caselli-niccolo-developer-university-of-amsterdam/probe4physics/runs/4s90oi1l
wandb: ⭐️ View project at: https://wandb.ai/caselli-niccolo-developer-university-of-amsterdam/probe4physics
wandb: Synced 5 W&B file(s), 0 media file(s), 0 artifact file(s) and 0 other file(s)
wandb: Find logs at: ./wandb/run-20260426_201107-4s90oi1l/logs
[I 2026-04-26 20:11:19,388] Trial 7 finished with value: 9.803921568627452 and parameters: {'lr': 0.0013795402040204172, 'weight_decay': 0.00036703737625293887, 'batch_size': 64, 'hidden_dims': '1024x512x256', 'dropout': 0.2542853455823514}. Best is trial 1 with value: 13.725490196078432.
wandb: setting up run b60ubsf7
wandb: Tracking run with wandb version 0.26.1
wandb: Run data is saved locally in /gpfs/home3/scur0511/Probe4Physics/wandb/run-20260426_201119-b60ubsf7
wandb: Run `wandb offline` to turn off syncing.
wandb: Syncing run intphys2_mlp_videomae_vit_huge_16_224_layer_8/trial_0008
wandb: ⭐️ View project at https://wandb.ai/caselli-niccolo-developer-university-of-amsterdam/probe4physics
wandb: 🚀 View run at https://wandb.ai/caselli-niccolo-developer-university-of-amsterdam/probe4physics/runs/b60ubsf7
[eval.intphys2] Starting eval | split_name=val split_dir=data/splits/intphys2 predictor_mode=from_file metadata_file=data/annotations/intphys2_metadata.csv
[eval.intphys2] Loaded split assignments | split_scenes=51 split_samples=204
[eval.intphys2] Generated predictions | n_predictions=204
[eval.intphys2] Scoring complete | accuracy=51.4706 voe_accuracy=9.8039 n_scenes=51 n_samples=204
[eval.intphys2] Artifacts written | output_dir=artifacts/probes/intphys2/intphys2_probe_mlp_videomae_vit_huge_16_224_20260426T180941Z/layer_8/train/trial_0008/val_eval
wandb: updating run metadata
wandb: uploading config.yaml; uploading output.log; uploading wandb-summary.json
wandb: 
wandb: Run history:
wandb:          epoch ▁▁▁▁▂▂▂▂▂▃▃▃▃▄▄▄▄▄▅▅▅▅▅▅▅▆▆▆▆▆▇▇▇▇▇█████
wandb: train_accuracy ▇▇▄▅▄▃█▇▃▆▂▃▇▃▆▅▆▄▃▅▄▁▃▆▆▅▄▆▄▆▅▃▄▇▄▄▄▁▅▄
wandb:     train_loss ▄▂▂▄▅▂▃▅█▂▄▂▂▂▂▅▃▂▂▂▂▁▂▂▂▂▂▁▂▁▂▂▁▁▁▁▁▂▂▁
wandb:   val_accuracy ▅▅▅▅▅▅▆▅▅▅▃▂▅▅▅▆▆▅▅▅▅▅▅▅▁▆▅▅█▅▅▃▅▅▅▅▅▅▆▂
wandb:       val_loss ▂▁▅▄█▁▁▃▄▁▁▄▂▅▂▆▁▃▂▁▁▁▁▂▁▁▁▁▁▁▁▄▄▂▁▁▁▁▁▁
wandb: 
wandb: Run summary:
wandb:           best_epoch 70
wandb:    best_val_accuracy 51.47059
wandb:        best_val_loss 0.69336
wandb: checkpoint_best_path artifacts/probes/int...
wandb: checkpoint_last_path artifacts/probes/int...
wandb:      checkpoint_path artifacts/probes/int...
wandb:              dataset intphys2
wandb:      elapsed_seconds 6.79406
wandb:                epoch 100
wandb:    feature_signature 1e642fe5ac5d5e7f
wandb:                  +22 ...
wandb: 
wandb: 🚀 View run intphys2_mlp_videomae_vit_huge_16_224_layer_8/trial_0008 at: https://wandb.ai/caselli-niccolo-developer-university-of-amsterdam/probe4physics/runs/b60ubsf7
wandb: ⭐️ View project at: https://wandb.ai/caselli-niccolo-developer-university-of-amsterdam/probe4physics
wandb: Synced 5 W&B file(s), 0 media file(s), 0 artifact file(s) and 0 other file(s)
wandb: Find logs at: ./wandb/run-20260426_201119-b60ubsf7/logs
[I 2026-04-26 20:11:27,369] Trial 8 finished with value: 9.803921568627452 and parameters: {'lr': 0.005280796376895365, 'weight_decay': 3.1315069138816194e-07, 'batch_size': 64, 'hidden_dims': '1024', 'dropout': 0.40183603844955723}. Best is trial 1 with value: 13.725490196078432.
wandb: setting up run jjss4bdo
wandb: Tracking run with wandb version 0.26.1
wandb: Run data is saved locally in /gpfs/home3/scur0511/Probe4Physics/wandb/run-20260426_201127-jjss4bdo
wandb: Run `wandb offline` to turn off syncing.
wandb: Syncing run intphys2_mlp_videomae_vit_huge_16_224_layer_8/trial_0009
wandb: ⭐️ View project at https://wandb.ai/caselli-niccolo-developer-university-of-amsterdam/probe4physics
wandb: 🚀 View run at https://wandb.ai/caselli-niccolo-developer-university-of-amsterdam/probe4physics/runs/jjss4bdo
[eval.intphys2] Starting eval | split_name=val split_dir=data/splits/intphys2 predictor_mode=from_file metadata_file=data/annotations/intphys2_metadata.csv
[eval.intphys2] Loaded split assignments | split_scenes=51 split_samples=204
[eval.intphys2] Generated predictions | n_predictions=204
[eval.intphys2] Scoring complete | accuracy=51.4706 voe_accuracy=9.8039 n_scenes=51 n_samples=204
[eval.intphys2] Artifacts written | output_dir=artifacts/probes/intphys2/intphys2_probe_mlp_videomae_vit_huge_16_224_20260426T180941Z/layer_8/train/trial_0009/val_eval
wandb: updating run metadata
wandb: uploading config.yaml; uploading output.log; uploading wandb-summary.json
wandb: 
wandb: Run history:
wandb:          epoch ▁▁▁▁▁▂▂▂▂▂▃▃▃▃▃▃▄▄▄▄▅▅▅▅▅▅▅▅▆▆▆▇▇▇▇▇████
wandb: train_accuracy █▅▂▄▅▃▂▄█▃▇▂▄▅▄▃▅▇▇▁▁▄▄▂▆▄▂▅▄▅▃▄▄▅▄▄▅▆▃▆
wandb:     train_loss ▅█▃▄▃▃▃▃▃▃▂▁▄▄▃▂▂▄▂▁▂▂▁▃▃▃▂▂▂▂▂▂▂▂▁▂▃▂▂▂
wandb:   val_accuracy ▅▅▆▅▆▆▅▅▃▃██▆▅▅▅▅▅▅▅▅▇▆▅▅▅▂▅▆▅▅▇▄▁▅▅▇▆▄▇
wandb:       val_loss █▅▁▂▁▁▁▁▁▁▁▁▁▁▁▁▁▁▁▁▁▁▁▁▁▁▁▁▁▁▁▁▁▁▁▁▁▁▁▁
wandb: 
wandb: Run summary:
wandb:           best_epoch 64
wandb:    best_val_accuracy 51.47059
wandb:        best_val_loss 0.69315
wandb: checkpoint_best_path artifacts/probes/int...
wandb: checkpoint_last_path artifacts/probes/int...
wandb:      checkpoint_path artifacts/probes/int...
wandb:              dataset intphys2
wandb:      elapsed_seconds 7.67083
wandb:                epoch 100
wandb:    feature_signature 1e642fe5ac5d5e7f
wandb:                  +22 ...
wandb: 
wandb: 🚀 View run intphys2_mlp_videomae_vit_huge_16_224_layer_8/trial_0009 at: https://wandb.ai/caselli-niccolo-developer-university-of-amsterdam/probe4physics/runs/jjss4bdo
wandb: ⭐️ View project at: https://wandb.ai/caselli-niccolo-developer-university-of-amsterdam/probe4physics
wandb: Synced 5 W&B file(s), 0 media file(s), 0 artifact file(s) and 0 other file(s)
wandb: Find logs at: ./wandb/run-20260426_201127-jjss4bdo/logs
[I 2026-04-26 20:11:36,095] Trial 9 finished with value: 9.803921568627452 and parameters: {'lr': 3.6283583803549155e-05, 'weight_decay': 0.0022664909586669274, 'batch_size': 128, 'hidden_dims': '1024x512x256', 'dropout': 0.25537365128878287}. Best is trial 1 with value: 13.725490196078432.
wandb: setting up run vy7prb57
wandb: Tracking run with wandb version 0.26.1
wandb: Run data is saved locally in /gpfs/home3/scur0511/Probe4Physics/wandb/run-20260426_201136-vy7prb57
wandb: Run `wandb offline` to turn off syncing.
wandb: Syncing run intphys2_mlp_videomae_vit_huge_16_224_layer_8/trial_0010
wandb: ⭐️ View project at https://wandb.ai/caselli-niccolo-developer-university-of-amsterdam/probe4physics
wandb: 🚀 View run at https://wandb.ai/caselli-niccolo-developer-university-of-amsterdam/probe4physics/runs/vy7prb57
[eval.intphys2] Starting eval | split_name=val split_dir=data/splits/intphys2 predictor_mode=from_file metadata_file=data/annotations/intphys2_metadata.csv
[eval.intphys2] Loaded split assignments | split_scenes=51 split_samples=204
[eval.intphys2] Generated predictions | n_predictions=204
[eval.intphys2] Scoring complete | accuracy=52.9412 voe_accuracy=13.7255 n_scenes=51 n_samples=204
[eval.intphys2] Artifacts written | output_dir=artifacts/probes/intphys2/intphys2_probe_mlp_videomae_vit_huge_16_224_20260426T180941Z/layer_8/train/trial_0010/val_eval
wandb: updating run metadata
wandb: uploading wandb-metadata.json; uploading requirements.txt; uploading output.log; uploading wandb-summary.json; uploading config.yaml
wandb: 
wandb: Run history:
wandb:          epoch ▁▁▁▁▁▂▂▂▂▂▂▃▃▃▃▃▃▃▃▃▄▅▅▅▅▅▅▆▆▆▆▆▇▇▇▇▇▇██
wandb: train_accuracy ▅█▅▅▄▄▄▄▄▆▃▆▇▃▄▄▆▆▆▆▄▅▁▅▅▅▅▅▇▅▇▇▆▃▆▆▆▅▅▆
wandb:     train_loss █▇▅▅█▇▅▅▄▄▄▆▅▄▅▅▃▄▄▄▃▄▄▂▅▃▃▃▄▃▂▄▄▂▃▁▅▃▃▂
wandb:   val_accuracy ▄▄▄▄▄▅▃▅▅▄▄▃▃▄▄█▄▂▁▄▅▄▆▅▄▅▅▇▆▂▆▇▄▄▂▄▄▄▄▆
wandb:       val_loss █▅▄▄▃▃▃▂▂▂▂▂▂▂▂▂▂▂▂▁▂▂▁▁▂▁▁▁▁▂▁▂▂▂▂▁▁▁▁▁
wandb: 
wandb: Run summary:
wandb:           best_epoch 48
wandb:    best_val_accuracy 52.94118
wandb:        best_val_loss 0.69317
wandb: checkpoint_best_path artifacts/probes/int...
wandb: checkpoint_last_path artifacts/probes/int...
wandb:      checkpoint_path artifacts/probes/int...
wandb:              dataset intphys2
wandb:      elapsed_seconds 4.00804
wandb:                epoch 100
wandb:    feature_signature 1e642fe5ac5d5e7f
wandb:                  +22 ...
wandb: 
wandb: 🚀 View run intphys2_mlp_videomae_vit_huge_16_224_layer_8/trial_0010 at: https://wandb.ai/caselli-niccolo-developer-university-of-amsterdam/probe4physics/runs/vy7prb57
wandb: ⭐️ View project at: https://wandb.ai/caselli-niccolo-developer-university-of-amsterdam/probe4physics
wandb: Synced 5 W&B file(s), 0 media file(s), 0 artifact file(s) and 0 other file(s)
wandb: Find logs at: ./wandb/run-20260426_201136-vy7prb57/logs
[I 2026-04-26 20:11:41,218] Trial 10 finished with value: 13.725490196078432 and parameters: {'lr': 1.1890625822974641e-05, 'weight_decay': 2.3573161161095077e-06, 'batch_size': 256, 'hidden_dims': '512', 'dropout': 0.49004175484611584}. Best is trial 1 with value: 13.725490196078432.
wandb: setting up run 61c2kxbi
wandb: Tracking run with wandb version 0.26.1
wandb: Run data is saved locally in /gpfs/home3/scur0511/Probe4Physics/wandb/run-20260426_201141-61c2kxbi
wandb: Run `wandb offline` to turn off syncing.
wandb: Syncing run intphys2_mlp_videomae_vit_huge_16_224_layer_8/trial_0011
wandb: ⭐️ View project at https://wandb.ai/caselli-niccolo-developer-university-of-amsterdam/probe4physics
wandb: 🚀 View run at https://wandb.ai/caselli-niccolo-developer-university-of-amsterdam/probe4physics/runs/61c2kxbi
[eval.intphys2] Starting eval | split_name=val split_dir=data/splits/intphys2 predictor_mode=from_file metadata_file=data/annotations/intphys2_metadata.csv
[eval.intphys2] Loaded split assignments | split_scenes=51 split_samples=204
[eval.intphys2] Generated predictions | n_predictions=204
[eval.intphys2] Scoring complete | accuracy=52.9412 voe_accuracy=15.6863 n_scenes=51 n_samples=204
[eval.intphys2] Artifacts written | output_dir=artifacts/probes/intphys2/intphys2_probe_mlp_videomae_vit_huge_16_224_20260426T180941Z/layer_8/train/trial_0011/val_eval
wandb: updating run metadata
wandb: uploading config.yaml; uploading wandb-metadata.json; uploading requirements.txt; uploading output.log; uploading wandb-summary.json
wandb: 
wandb: Run history:
wandb:          epoch ▁▁▁▂▂▂▂▂▂▂▃▃▃▃▃▃▃▃▄▄▄▄▄▄▄▅▅▅▅▆▆▆▆▇▇▇▇▇▇█
wandb: train_accuracy ▃▇▄▄▃▂▅▂▃▄▃▃▅▃▇▅▆▄▅▃▄▅▃▁▄▄▅▆▅▆▂▅▅▄▂▃▄▄█▅
wandb:     train_loss █▇▆▅▄▆▆▅▅▃▅▄▄▄▅▄▂▃▃▅▅▃▃▃▃▃▃▃▂▃▂▃▃▂▃▃▁▄▂▁
wandb:   val_accuracy ▃▃▂▃▃▂▃▄▁▃▂▃▄▃▅▁▃▃▄▄▃▃▃▄▂▅▃▃▅▆▅▃▄▆█▄▅▂▃▄
wandb:       val_loss █▅▅▃▃▃▂▂▂▂▂▂▂▂▂▁▁▁▁▁▁▁▁▁▁▂▂▂▁▂▂▂▁▁▁▁▁▁▁▁
wandb: 
wandb: Run summary:
wandb:           best_epoch 85
wandb:    best_val_accuracy 52.94118
wandb:        best_val_loss 0.69313
wandb: checkpoint_best_path artifacts/probes/int...
wandb: checkpoint_last_path artifacts/probes/int...
wandb:      checkpoint_path artifacts/probes/int...
wandb:              dataset intphys2
wandb:      elapsed_seconds 4.05498
wandb:                epoch 100
wandb:    feature_signature 1e642fe5ac5d5e7f
wandb:                  +22 ...
wandb: 
wandb: 🚀 View run intphys2_mlp_videomae_vit_huge_16_224_layer_8/trial_0011 at: https://wandb.ai/caselli-niccolo-developer-university-of-amsterdam/probe4physics/runs/61c2kxbi
wandb: ⭐️ View project at: https://wandb.ai/caselli-niccolo-developer-university-of-amsterdam/probe4physics
wandb: Synced 5 W&B file(s), 0 media file(s), 0 artifact file(s) and 0 other file(s)
wandb: Find logs at: ./wandb/run-20260426_201141-61c2kxbi/logs
[I 2026-04-26 20:11:46,418] Trial 11 finished with value: 15.686274509803921 and parameters: {'lr': 1.3066991237906973e-05, 'weight_decay': 2.691514091965223e-06, 'batch_size': 256, 'hidden_dims': '512', 'dropout': 0.49882464593412207}. Best is trial 11 with value: 15.686274509803921.
wandb: setting up run p2vi107d
wandb: Tracking run with wandb version 0.26.1
wandb: Run data is saved locally in /gpfs/home3/scur0511/Probe4Physics/wandb/run-20260426_201146-p2vi107d
wandb: Run `wandb offline` to turn off syncing.
wandb: Syncing run intphys2_mlp_videomae_vit_huge_16_224_layer_8/trial_0012
wandb: ⭐️ View project at https://wandb.ai/caselli-niccolo-developer-university-of-amsterdam/probe4physics
wandb: 🚀 View run at https://wandb.ai/caselli-niccolo-developer-university-of-amsterdam/probe4physics/runs/p2vi107d
[eval.intphys2] Starting eval | split_name=val split_dir=data/splits/intphys2 predictor_mode=from_file metadata_file=data/annotations/intphys2_metadata.csv
[eval.intphys2] Loaded split assignments | split_scenes=51 split_samples=204
[eval.intphys2] Generated predictions | n_predictions=204
[eval.intphys2] Scoring complete | accuracy=52.9412 voe_accuracy=13.7255 n_scenes=51 n_samples=204
[eval.intphys2] Artifacts written | output_dir=artifacts/probes/intphys2/intphys2_probe_mlp_videomae_vit_huge_16_224_20260426T180941Z/layer_8/train/trial_0012/val_eval
wandb: updating run metadata
wandb: uploading wandb-summary.json; uploading config.yaml; uploading wandb-metadata.json; uploading requirements.txt; uploading output.log
wandb: 
wandb: Run history:
wandb:          epoch ▁▁▁▁▂▂▂▂▂▂▃▃▃▃▃▄▄▄▄▅▅▅▅▅▆▆▆▆▆▆▆▇▇▇▇▇▇▇██
wandb: train_accuracy ▄▅█▆▅▃▆▄▅▅▃▃▄▇▅▆▆▇▅▆▆▆▅▄▄▄▁▄▄▆▅▇▄█▆▇▄▃▄▇
wandb:     train_loss █▆▆▅▅█▄▇▆▅▃▄▄▅▅▁▅▄▄▄▃▄▃▃▃▃▄▃▁▃▃▄▁▂▃▂▂▃▃▁
wandb:   val_accuracy ▅▅▄▅█▆▅▆▅▅▇▇▅▅▅▃▁▅▅▄▄▇▆▂▆▅▅▆▁█▅▅▅▄▇▃▄▄▃▇
wandb:       val_loss █▇▇▆▅▄▄▃▃▃▂▂▂▃▂▂▂▂▁▂▁▁▁▁▁▁▁▁▁▂▁▁▂▂▂▁▁▁▁▁
wandb: 
wandb: Run summary:
wandb:           best_epoch 48
wandb:    best_val_accuracy 52.94118
wandb:        best_val_loss 0.69319
wandb: checkpoint_best_path artifacts/probes/int...
wandb: checkpoint_last_path artifacts/probes/int...
wandb:      checkpoint_path artifacts/probes/int...
wandb:              dataset intphys2
wandb:      elapsed_seconds 4.08071
wandb:                epoch 100
wandb:    feature_signature 1e642fe5ac5d5e7f
wandb:                  +22 ...
wandb: 
wandb: 🚀 View run intphys2_mlp_videomae_vit_huge_16_224_layer_8/trial_0012 at: https://wandb.ai/caselli-niccolo-developer-university-of-amsterdam/probe4physics/runs/p2vi107d
wandb: ⭐️ View project at: https://wandb.ai/caselli-niccolo-developer-university-of-amsterdam/probe4physics
wandb: Synced 5 W&B file(s), 0 media file(s), 0 artifact file(s) and 0 other file(s)
wandb: Find logs at: ./wandb/run-20260426_201146-p2vi107d/logs
[I 2026-04-26 20:11:51,676] Trial 12 finished with value: 13.725490196078432 and parameters: {'lr': 1.066825631191625e-05, 'weight_decay': 6.8371221034245545e-06, 'batch_size': 256, 'hidden_dims': '512', 'dropout': 0.4963585670782804}. Best is trial 11 with value: 15.686274509803921.
wandb: setting up run wsv2yah7
wandb: Tracking run with wandb version 0.26.1
wandb: Run data is saved locally in /gpfs/home3/scur0511/Probe4Physics/wandb/run-20260426_201151-wsv2yah7
wandb: Run `wandb offline` to turn off syncing.
wandb: Syncing run intphys2_mlp_videomae_vit_huge_16_224_layer_8/trial_0013
wandb: ⭐️ View project at https://wandb.ai/caselli-niccolo-developer-university-of-amsterdam/probe4physics
wandb: 🚀 View run at https://wandb.ai/caselli-niccolo-developer-university-of-amsterdam/probe4physics/runs/wsv2yah7
[eval.intphys2] Starting eval | split_name=val split_dir=data/splits/intphys2 predictor_mode=from_file metadata_file=data/annotations/intphys2_metadata.csv
[eval.intphys2] Loaded split assignments | split_scenes=51 split_samples=204
[eval.intphys2] Generated predictions | n_predictions=204
[eval.intphys2] Scoring complete | accuracy=52.4510 voe_accuracy=9.8039 n_scenes=51 n_samples=204
[eval.intphys2] Artifacts written | output_dir=artifacts/probes/intphys2/intphys2_probe_mlp_videomae_vit_huge_16_224_20260426T180941Z/layer_8/train/trial_0013/val_eval
wandb: updating run metadata
wandb: uploading requirements.txt; uploading output.log; uploading wandb-summary.json; uploading config.yaml; uploading wandb-metadata.json
wandb: 
wandb: Run history:
wandb:          epoch ▁▁▁▁▂▂▂▂▂▂▃▃▄▄▄▅▅▅▅▅▅▅▅▅▆▆▆▆▆▆▇▇▇▇▇▇▇███
wandb: train_accuracy ▃▃▆▃▃▃▃▅▆▃▅▃▂▁▃▆▄▅▆▅▅▃▃█▃▄▆▄▅▅▆▄▅▅▅▅▄▃▇▅
wandb:     train_loss ▄▇▇▄▅▄▄▄█▅▄▄▄▃▅▃▄▃▂▃▃▄▂▃▂▄▂▅▄▂▃▄▁▂▃▃▃▂▃▂
wandb:   val_accuracy ▁▃▅▅▅▃▁▃▂▃▃▃▃▃█▃▃▃▆▆▆▅▆▃▆▅▂▂▅▂▅▃▂▆▆▅▂▅▃▁
wandb:       val_loss █▃▂▁▂▂▁▁▁▁▁▁▁▁▁▁▁▁▁▁▁▁▁▁▁▁▁▁▁▁▁▁▁▁▁▁▁▁▁▁
wandb: 
wandb: Run summary:
wandb:           best_epoch 51
wandb:    best_val_accuracy 52.45098
wandb:        best_val_loss 0.69321
wandb: checkpoint_best_path artifacts/probes/int...
wandb: checkpoint_last_path artifacts/probes/int...
wandb:      checkpoint_path artifacts/probes/int...
wandb:              dataset intphys2
wandb:      elapsed_seconds 3.55134
wandb:                epoch 100
wandb:    feature_signature 1e642fe5ac5d5e7f
wandb:                  +22 ...
wandb: 
wandb: 🚀 View run intphys2_mlp_videomae_vit_huge_16_224_layer_8/trial_0013 at: https://wandb.ai/caselli-niccolo-developer-university-of-amsterdam/probe4physics/runs/wsv2yah7
wandb: ⭐️ View project at: https://wandb.ai/caselli-niccolo-developer-university-of-amsterdam/probe4physics
wandb: Synced 5 W&B file(s), 0 media file(s), 0 artifact file(s) and 0 other file(s)
wandb: Find logs at: ./wandb/run-20260426_201151-wsv2yah7/logs
[I 2026-04-26 20:11:56,345] Trial 13 finished with value: 9.803921568627452 and parameters: {'lr': 3.9267187452243135e-05, 'weight_decay': 1.6796258111212446e-06, 'batch_size': 256, 'hidden_dims': '256', 'dropout': 0.3229282203516206}. Best is trial 11 with value: 15.686274509803921.
wandb: setting up run e6sq7ygl
wandb: Tracking run with wandb version 0.26.1
wandb: Run data is saved locally in /gpfs/home3/scur0511/Probe4Physics/wandb/run-20260426_201156-e6sq7ygl
wandb: Run `wandb offline` to turn off syncing.
wandb: Syncing run intphys2_mlp_videomae_vit_huge_16_224_layer_8/trial_0014
wandb: ⭐️ View project at https://wandb.ai/caselli-niccolo-developer-university-of-amsterdam/probe4physics
wandb: 🚀 View run at https://wandb.ai/caselli-niccolo-developer-university-of-amsterdam/probe4physics/runs/e6sq7ygl
[eval.intphys2] Starting eval | split_name=val split_dir=data/splits/intphys2 predictor_mode=from_file metadata_file=data/annotations/intphys2_metadata.csv
[eval.intphys2] Loaded split assignments | split_scenes=51 split_samples=204
[eval.intphys2] Generated predictions | n_predictions=204
[eval.intphys2] Scoring complete | accuracy=51.9608 voe_accuracy=15.6863 n_scenes=51 n_samples=204
[eval.intphys2] Artifacts written | output_dir=artifacts/probes/intphys2/intphys2_probe_mlp_videomae_vit_huge_16_224_20260426T180941Z/layer_8/train/trial_0014/val_eval
wandb: updating run metadata
wandb: uploading output.log; uploading wandb-summary.json; uploading config.yaml; uploading wandb-metadata.json; uploading requirements.txt
wandb: 
wandb: Run history:
wandb:          epoch ▁▁▁▁▁▂▂▂▂▂▃▃▃▃▃▄▄▄▅▅▅▅▅▅▅▆▆▆▆▆▆▆▆▇▇▇▇▇██
wandb: train_accuracy ▄▄▆▆▄▅█▅▄▄▇▄▅▆▃▄▄█▄▅▃▅▆▅▁▄▅▅▅▅▆▅▆▄▄▅▃▅▃▅
wandb:     train_loss █▆▃▅▅▅▃▄▄▅▃▄▂▂▃▂▃▃▃▂▂▂▂▃▂▂▂▂▂▂▁▂▂▂▁▂▂▂▁▂
wandb:   val_accuracy ▁▃▅▃▂█▅▆▂▆█▅▇▂▆▆▂▆▂▅▃▃▅▆▇▃▆▂▂▃▅▅▂▃▂▅▆▇▆▆
wandb:       val_loss ▆█▄▄▆▃▃▂▂▂▂▃▇▃▁▂▄▁▁▁▂▂▁▂▁▁▁▁▃▄▂▁▃▁▁▁▂▃▂▁
wandb: 
wandb: Run summary:
wandb:           best_epoch 27
wandb:    best_val_accuracy 51.96078
wandb:        best_val_loss 0.69319
wandb: checkpoint_best_path artifacts/probes/int...
wandb: checkpoint_last_path artifacts/probes/int...
wandb:      checkpoint_path artifacts/probes/int...
wandb:              dataset intphys2
wandb:      elapsed_seconds 4.15006
wandb:                epoch 100
wandb:    feature_signature 1e642fe5ac5d5e7f
wandb:                  +22 ...
wandb: 
wandb: 🚀 View run intphys2_mlp_videomae_vit_huge_16_224_layer_8/trial_0014 at: https://wandb.ai/caselli-niccolo-developer-university-of-amsterdam/probe4physics/runs/e6sq7ygl
wandb: ⭐️ View project at: https://wandb.ai/caselli-niccolo-developer-university-of-amsterdam/probe4physics
wandb: Synced 5 W&B file(s), 0 media file(s), 0 artifact file(s) and 0 other file(s)
wandb: Find logs at: ./wandb/run-20260426_201156-e6sq7ygl/logs
[I 2026-04-26 20:12:01,708] Trial 14 finished with value: 15.686274509803921 and parameters: {'lr': 2.4394518833357127e-05, 'weight_decay': 4.6265327395339306e-05, 'batch_size': 256, 'hidden_dims': '512', 'dropout': 0.4494876016049178}. Best is trial 11 with value: 15.686274509803921.
wandb: setting up run ra7xfndj
wandb: Tracking run with wandb version 0.26.1
wandb: Run data is saved locally in /gpfs/home3/scur0511/Probe4Physics/wandb/run-20260426_201201-ra7xfndj
wandb: Run `wandb offline` to turn off syncing.
wandb: Syncing run intphys2_mlp_videomae_vit_huge_16_224_layer_8/trial_0015
wandb: ⭐️ View project at https://wandb.ai/caselli-niccolo-developer-university-of-amsterdam/probe4physics
wandb: 🚀 View run at https://wandb.ai/caselli-niccolo-developer-university-of-amsterdam/probe4physics/runs/ra7xfndj
[eval.intphys2] Starting eval | split_name=val split_dir=data/splits/intphys2 predictor_mode=from_file metadata_file=data/annotations/intphys2_metadata.csv
[eval.intphys2] Loaded split assignments | split_scenes=51 split_samples=204
[eval.intphys2] Generated predictions | n_predictions=204
[eval.intphys2] Scoring complete | accuracy=51.9608 voe_accuracy=11.7647 n_scenes=51 n_samples=204
[eval.intphys2] Artifacts written | output_dir=artifacts/probes/intphys2/intphys2_probe_mlp_videomae_vit_huge_16_224_20260426T180941Z/layer_8/train/trial_0015/val_eval
wandb: updating run metadata
wandb: uploading config.yaml; uploading wandb-metadata.json; uploading requirements.txt; uploading output.log; uploading wandb-summary.json
wandb: 
wandb: Run history:
wandb:          epoch ▁▁▁▁▁▂▂▂▃▃▃▃▃▃▃▃▄▄▄▄▄▄▄▅▅▅▅▅▆▆▆▆▇▇▇▇▇███
wandb: train_accuracy ▂▄▅▁▃▃▂▃▅▃▅▄▃▄▂▄▃█▂▃▄▄▃▆▅▅▄▃▂▅▂▇▆▃▄▄▄▄▇▅
wandb:     train_loss █▄▄▇▆▇▆▆▆▄▅▃▆▅▆▄▄▄▃▃▄▃▁▄▂▃▁▃▃▃▃▂▁▃▂▂▃▃▂▁
wandb:   val_accuracy ▆▅▇▂▅▆▇▆▆▅▅▅▅█▃▃▂▅▅▅▅▁▂▇▃█▇▂▃▁▁█▇▁▆▅▆▂▁▅
wandb:       val_loss █▂▂▂▂▁▁▁▁▁▁▁▁▁▁▁▁▁▁▁▁▁▁▁▁▁▁▁▁▁▁▁▁▁▁▁▁▁▁▁
wandb: 
wandb: Run summary:
wandb:           best_epoch 51
wandb:    best_val_accuracy 51.96078
wandb:        best_val_loss 0.69317
wandb: checkpoint_best_path artifacts/probes/int...
wandb: checkpoint_last_path artifacts/probes/int...
wandb:      checkpoint_path artifacts/probes/int...
wandb:              dataset intphys2
wandb:      elapsed_seconds 4.50489
wandb:                epoch 100
wandb:    feature_signature 1e642fe5ac5d5e7f
wandb:                  +22 ...
wandb: 
wandb: 🚀 View run intphys2_mlp_videomae_vit_huge_16_224_layer_8/trial_0015 at: https://wandb.ai/caselli-niccolo-developer-university-of-amsterdam/probe4physics/runs/ra7xfndj
wandb: ⭐️ View project at: https://wandb.ai/caselli-niccolo-developer-university-of-amsterdam/probe4physics
wandb: Synced 5 W&B file(s), 0 media file(s), 0 artifact file(s) and 0 other file(s)
wandb: Find logs at: ./wandb/run-20260426_201201-ra7xfndj/logs
[I 2026-04-26 20:12:07,453] Trial 15 finished with value: 11.76470588235294 and parameters: {'lr': 1.7243256411729527e-05, 'weight_decay': 6.362517373966193e-05, 'batch_size': 256, 'hidden_dims': '512x256', 'dropout': 0.4606475709293355}. Best is trial 11 with value: 15.686274509803921.
wandb: setting up run lg1y3wds
wandb: Tracking run with wandb version 0.26.1
wandb: Run data is saved locally in /gpfs/home3/scur0511/Probe4Physics/wandb/run-20260426_201207-lg1y3wds
wandb: Run `wandb offline` to turn off syncing.
wandb: Syncing run intphys2_mlp_videomae_vit_huge_16_224_layer_8/trial_0016
wandb: ⭐️ View project at https://wandb.ai/caselli-niccolo-developer-university-of-amsterdam/probe4physics
wandb: 🚀 View run at https://wandb.ai/caselli-niccolo-developer-university-of-amsterdam/probe4physics/runs/lg1y3wds
[eval.intphys2] Starting eval | split_name=val split_dir=data/splits/intphys2 predictor_mode=from_file metadata_file=data/annotations/intphys2_metadata.csv
[eval.intphys2] Loaded split assignments | split_scenes=51 split_samples=204
[eval.intphys2] Generated predictions | n_predictions=204
[eval.intphys2] Scoring complete | accuracy=51.4706 voe_accuracy=9.8039 n_scenes=51 n_samples=204
[eval.intphys2] Artifacts written | output_dir=artifacts/probes/intphys2/intphys2_probe_mlp_videomae_vit_huge_16_224_20260426T180941Z/layer_8/train/trial_0016/val_eval
wandb: updating run metadata
wandb: uploading requirements.txt; uploading output.log; uploading wandb-summary.json; uploading config.yaml; uploading wandb-metadata.json
wandb: 
wandb: Run history:
wandb:          epoch ▁▁▁▂▂▂▂▃▃▃▃▃▄▄▄▅▅▅▅▅▅▅▆▆▆▆▆▆▆▆▆▇▇▇▇▇████
wandb: train_accuracy ▄▅▂▄▄▂▇▄▄▃▅▅▃▃▄▄▃▄▄▁▇▆▄▅▅▄▅▄▃▄▆█▇▅▄▇▅▄▆▅
wandb:     train_loss ██▄▂▃▂▃▂▂▂▂▁▁▂▂▂▂▂▁▁▁▂▂▂▂▂▂▂▁▂▁▁▂▁▂▂▁▂▂▂
wandb:   val_accuracy ▆▆▆▆▆▅▆▅▄▄▆▆▆▆▆▅▅█▅▄▆█▄▄▅▆▂▆▆▇▆▅▅▃█▁▄▇▆▆
wandb:       val_loss █▃▁▂▁▁▂▁▁▁▁▁▁▁▁▁▁▁▁▁▁▁▁▁▁▁▁▁▁▁▁▁▁▁▁▁▁▁▁▁
wandb: 
wandb: Run summary:
wandb:           best_epoch 90
wandb:    best_val_accuracy 51.47059
wandb:        best_val_loss 0.69408
wandb: checkpoint_best_path artifacts/probes/int...
wandb: checkpoint_last_path artifacts/probes/int...
wandb:      checkpoint_path artifacts/probes/int...
wandb:              dataset intphys2
wandb:      elapsed_seconds 4.10118
wandb:                epoch 100
wandb:    feature_signature 1e642fe5ac5d5e7f
wandb:                  +22 ...
wandb: 
wandb: 🚀 View run intphys2_mlp_videomae_vit_huge_16_224_layer_8/trial_0016 at: https://wandb.ai/caselli-niccolo-developer-university-of-amsterdam/probe4physics/runs/lg1y3wds
wandb: ⭐️ View project at: https://wandb.ai/caselli-niccolo-developer-university-of-amsterdam/probe4physics
wandb: Synced 5 W&B file(s), 0 media file(s), 0 artifact file(s) and 0 other file(s)
wandb: Find logs at: ./wandb/run-20260426_201207-lg1y3wds/logs
[I 2026-04-26 20:12:12,646] Trial 16 finished with value: 9.803921568627452 and parameters: {'lr': 0.0004932987762056127, 'weight_decay': 9.022748669610584e-05, 'batch_size': 256, 'hidden_dims': '512', 'dropout': 0.1561174679610582}. Best is trial 11 with value: 15.686274509803921.
wandb: setting up run rybuo791
wandb: Tracking run with wandb version 0.26.1
wandb: Run data is saved locally in /gpfs/home3/scur0511/Probe4Physics/wandb/run-20260426_201212-rybuo791
wandb: Run `wandb offline` to turn off syncing.
wandb: Syncing run intphys2_mlp_videomae_vit_huge_16_224_layer_8/trial_0017
wandb: ⭐️ View project at https://wandb.ai/caselli-niccolo-developer-university-of-amsterdam/probe4physics
wandb: 🚀 View run at https://wandb.ai/caselli-niccolo-developer-university-of-amsterdam/probe4physics/runs/rybuo791
[eval.intphys2] Starting eval | split_name=val split_dir=data/splits/intphys2 predictor_mode=from_file metadata_file=data/annotations/intphys2_metadata.csv
[eval.intphys2] Loaded split assignments | split_scenes=51 split_samples=204
[eval.intphys2] Generated predictions | n_predictions=204
[eval.intphys2] Scoring complete | accuracy=52.9412 voe_accuracy=11.7647 n_scenes=51 n_samples=204
[eval.intphys2] Artifacts written | output_dir=artifacts/probes/intphys2/intphys2_probe_mlp_videomae_vit_huge_16_224_20260426T180941Z/layer_8/train/trial_0017/val_eval
wandb: updating run metadata
wandb: uploading config.yaml; uploading wandb-metadata.json; uploading requirements.txt; uploading output.log; uploading wandb-summary.json
wandb: 
wandb: Run history:
wandb:          epoch ▁▁▁▂▂▂▂▂▂▂▃▃▃▃▃▄▄▅▅▅▅▅▅▅▆▆▆▆▆▇▇▇▇▇▇█████
wandb: train_accuracy ▅▃▄▄▂▂▆▆▆▄▁▃▅▇▅▂▃▇▇▆▂▃▄▄▃▁▃▆▅▅▁▅▁▅▂█▅▆▂▄
wandb:     train_loss █▅▅▆▃▃▆▃▄▃▄▃▃▁▃▃▂▂▂▂▃▂▂▂▁▂▃▂▃▂▂▂▂▂▂▁▁▂▂▂
wandb:   val_accuracy ▆▆▆█▅▃▆▆▆▅▆▅▆▆▆▃▃▇▆▅▆▆▄▅▅▅▅▄▆▄▆▅▆▆▆▁▃▆▆▄
wandb:       val_loss ▄█▂▂▁▁▁▁▂▂▁▁▂▁▁▁▂▂▁▁▁▂▁▁▂▂▁▂▁▃▁▁▁▁▂▁▂▁▁▂
wandb: 
wandb: Run summary:
wandb:           best_epoch 94
wandb:    best_val_accuracy 52.94118
wandb:        best_val_loss 0.69351
wandb: checkpoint_best_path artifacts/probes/int...
wandb: checkpoint_last_path artifacts/probes/int...
wandb:      checkpoint_path artifacts/probes/int...
wandb:              dataset intphys2
wandb:      elapsed_seconds 4.10399
wandb:                epoch 100
wandb:    feature_signature 1e642fe5ac5d5e7f
wandb:                  +22 ...
wandb: 
wandb: 🚀 View run intphys2_mlp_videomae_vit_huge_16_224_layer_8/trial_0017 at: https://wandb.ai/caselli-niccolo-developer-university-of-amsterdam/probe4physics/runs/rybuo791
wandb: ⭐️ View project at: https://wandb.ai/caselli-niccolo-developer-university-of-amsterdam/probe4physics
wandb: Synced 5 W&B file(s), 0 media file(s), 0 artifact file(s) and 0 other file(s)
wandb: Find logs at: ./wandb/run-20260426_201212-rybuo791/logs
[I 2026-04-26 20:12:17,970] Trial 17 finished with value: 11.76470588235294 and parameters: {'lr': 8.513569413752787e-05, 'weight_decay': 1.1990627027317798e-08, 'batch_size': 256, 'hidden_dims': '512', 'dropout': 0.3100427457930736}. Best is trial 11 with value: 15.686274509803921.
wandb: setting up run 7dwo6e6n
wandb: Tracking run with wandb version 0.26.1
wandb: Run data is saved locally in /gpfs/home3/scur0511/Probe4Physics/wandb/run-20260426_201218-7dwo6e6n
wandb: Run `wandb offline` to turn off syncing.
wandb: Syncing run intphys2_mlp_videomae_vit_huge_16_224_layer_8/trial_0018
wandb: ⭐️ View project at https://wandb.ai/caselli-niccolo-developer-university-of-amsterdam/probe4physics
wandb: 🚀 View run at https://wandb.ai/caselli-niccolo-developer-university-of-amsterdam/probe4physics/runs/7dwo6e6n
[eval.intphys2] Starting eval | split_name=val split_dir=data/splits/intphys2 predictor_mode=from_file metadata_file=data/annotations/intphys2_metadata.csv
[eval.intphys2] Loaded split assignments | split_scenes=51 split_samples=204
[eval.intphys2] Generated predictions | n_predictions=204
[eval.intphys2] Scoring complete | accuracy=52.4510 voe_accuracy=7.8431 n_scenes=51 n_samples=204
[eval.intphys2] Artifacts written | output_dir=artifacts/probes/intphys2/intphys2_probe_mlp_videomae_vit_huge_16_224_20260426T180941Z/layer_8/train/trial_0018/val_eval
wandb: updating run metadata
wandb: uploading wandb-metadata.json; uploading requirements.txt; uploading output.log; uploading wandb-summary.json; uploading config.yaml
wandb: 
wandb: Run history:
wandb:          epoch ▁▁▁▁▁▂▂▂▂▂▂▃▃▃▃▃▃▃▄▄▄▄▅▅▅▅▆▆▆▆▇▇▇▇▇▇▇███
wandb: train_accuracy ▄▆▆▂▅▂▂▅▆▇▁▄▄▅▆▅▃▇▂▃▄▄▆▅▆▇▅▅▄▄▅▇▆▄▆▄▃▄▄█
wandb:     train_loss █▃▆▄█▅▄▄▃▂▄▃▂▂▄▂▃▂▃▃▃▃▂▃▁▁▂▁▂▂▂▃▂▂▂▂▂▃▁▂
wandb:   val_accuracy ▃▅▅▆▃▅▂█▅▃▆▆▇▃▆▂▃▁▂▅▇▆▇▇▇▅▆▆▃▅▅▆▂▆▅▅▇▇▆▆
wandb:       val_loss █▇▂▂▂▂▁▁▁▁▁▁▁▁▁▁▁▁▁▁▁▁▁▁▁▁▁▁▁▁▁▁▁▁▁▁▁▁▁▁
wandb: 
wandb: Run summary:
wandb:           best_epoch 49
wandb:    best_val_accuracy 52.45098
wandb:        best_val_loss 0.69325
wandb: checkpoint_best_path artifacts/probes/int...
wandb: checkpoint_last_path artifacts/probes/int...
wandb:      checkpoint_path artifacts/probes/int...
wandb:              dataset intphys2
wandb:      elapsed_seconds 4.49991
wandb:                epoch 100
wandb:    feature_signature 1e642fe5ac5d5e7f
wandb:                  +22 ...
wandb: 
wandb: 🚀 View run intphys2_mlp_videomae_vit_huge_16_224_layer_8/trial_0018 at: https://wandb.ai/caselli-niccolo-developer-university-of-amsterdam/probe4physics/runs/7dwo6e6n
wandb: ⭐️ View project at: https://wandb.ai/caselli-niccolo-developer-university-of-amsterdam/probe4physics
wandb: Synced 5 W&B file(s), 0 media file(s), 0 artifact file(s) and 0 other file(s)
wandb: Find logs at: ./wandb/run-20260426_201218-7dwo6e6n/logs
[I 2026-04-26 20:12:23,532] Trial 18 finished with value: 7.8431372549019605 and parameters: {'lr': 2.4733199525948452e-05, 'weight_decay': 3.017136726695395e-05, 'batch_size': 256, 'hidden_dims': '512x256', 'dropout': 0.44628141411578576}. Best is trial 11 with value: 15.686274509803921.
wandb: setting up run 9a2idg60
wandb: Tracking run with wandb version 0.26.1
wandb: Run data is saved locally in /gpfs/home3/scur0511/Probe4Physics/wandb/run-20260426_201223-9a2idg60
wandb: Run `wandb offline` to turn off syncing.
wandb: Syncing run intphys2_mlp_videomae_vit_huge_16_224_layer_8/trial_0019
wandb: ⭐️ View project at https://wandb.ai/caselli-niccolo-developer-university-of-amsterdam/probe4physics
wandb: 🚀 View run at https://wandb.ai/caselli-niccolo-developer-university-of-amsterdam/probe4physics/runs/9a2idg60
[eval.intphys2] Starting eval | split_name=val split_dir=data/splits/intphys2 predictor_mode=from_file metadata_file=data/annotations/intphys2_metadata.csv
[eval.intphys2] Loaded split assignments | split_scenes=51 split_samples=204
[eval.intphys2] Generated predictions | n_predictions=204
[eval.intphys2] Scoring complete | accuracy=51.4706 voe_accuracy=5.8824 n_scenes=51 n_samples=204
[eval.intphys2] Artifacts written | output_dir=artifacts/probes/intphys2/intphys2_probe_mlp_videomae_vit_huge_16_224_20260426T180941Z/layer_8/train/trial_0019/val_eval
wandb: updating run metadata
wandb: uploading wandb-metadata.json; uploading requirements.txt; uploading output.log; uploading wandb-summary.json; uploading config.yaml
wandb: uploading history steps 0-99, summary, console lines 0-4
wandb: 
wandb: Run history:
wandb:          epoch ▁▁▁▁▁▂▂▂▂▂▃▃▃▃▃▃▄▄▄▄▅▅▅▅▅▆▆▆▆▆▇▇▇▇▇▇████
wandb: train_accuracy ▄▅▁▅▅▆▄▃██▄▃▃▅▆█▅▇▆▄▁▅▅▇▄▄▆▆▆▄▄▄▆▄▆▅█▆▃▆
wandb:     train_loss █▃▂▁▂▂▁▂▁▁▁▁▁▁▁▁▁▂▁▂▁▁▁▁▁▁▁▁▁▁▁▁▁▁▁▁▂▁▁▁
wandb:   val_accuracy ▅▅▅▅▅▆▅▆▅▄▆▄▅▄▆▄▅▅▅▃▅█▅▄▅▅▇▅▃▅▃▅▅▅▁▆▇▄▆▅
wandb:       val_loss ▅▁▆█▃▃▁▁▁▁▁▁▁▁▁▁▂▁▁▂▁▂▁▁▂▁▁▁▂▂▁▁▁▁▁▂▁▂▂▂
wandb: 
wandb: Run summary:
wandb:           best_epoch 42
wandb:    best_val_accuracy 51.47059
wandb:        best_val_loss 0.69328
wandb: checkpoint_best_path artifacts/probes/int...
wandb: checkpoint_last_path artifacts/probes/int...
wandb:      checkpoint_path artifacts/probes/int...
wandb:              dataset intphys2
wandb:      elapsed_seconds 3.58701
wandb:                epoch 100
wandb:    feature_signature 1e642fe5ac5d5e7f
wandb:                  +22 ...
wandb: 
wandb: 🚀 View run intphys2_mlp_videomae_vit_huge_16_224_layer_8/trial_0019 at: https://wandb.ai/caselli-niccolo-developer-university-of-amsterdam/probe4physics/runs/9a2idg60
wandb: ⭐️ View project at: https://wandb.ai/caselli-niccolo-developer-university-of-amsterdam/probe4physics
wandb: Synced 5 W&B file(s), 0 media file(s), 0 artifact file(s) and 0 other file(s)
wandb: Find logs at: ./wandb/run-20260426_201223-9a2idg60/logs
[I 2026-04-26 20:12:28,378] Trial 19 finished with value: 5.88235294117647 and parameters: {'lr': 0.0009859477790516566, 'weight_decay': 0.0002259108945658323, 'batch_size': 256, 'hidden_dims': '256', 'dropout': 0.1757608290666059}. Best is trial 11 with value: 15.686274509803921.
[eval.intphys2] Starting eval | split_name=train split_dir=data/splits/intphys2 predictor_mode=from_file metadata_file=data/annotations/intphys2_metadata.csv
[eval.intphys2] Loaded split assignments | split_scenes=151 split_samples=604
[eval.intphys2] Generated predictions | n_predictions=604
[eval.intphys2] Scoring complete | accuracy=50.1656 voe_accuracy=15.8940 n_scenes=151 n_samples=604
[eval.intphys2] Artifacts written | output_dir=artifacts/probes/intphys2/intphys2_probe_mlp_videomae_vit_huge_16_224_20260426T180941Z/layer_8/eval/train
[eval.intphys2] Starting eval | split_name=val split_dir=data/splits/intphys2 predictor_mode=from_file metadata_file=data/annotations/intphys2_metadata.csv
[eval.intphys2] Loaded split assignments | split_scenes=51 split_samples=204
[eval.intphys2] Generated predictions | n_predictions=204
[eval.intphys2] Scoring complete | accuracy=52.9412 voe_accuracy=15.6863 n_scenes=51 n_samples=204
[eval.intphys2] Artifacts written | output_dir=artifacts/probes/intphys2/intphys2_probe_mlp_videomae_vit_huge_16_224_20260426T180941Z/layer_8/eval/val
[eval.intphys2] Starting eval | split_name=test split_dir=data/splits/intphys2 predictor_mode=from_file metadata_file=data/annotations/intphys2_metadata.csv
[eval.intphys2] Loaded split assignments | split_scenes=51 split_samples=204
[eval.intphys2] Generated predictions | n_predictions=204
[eval.intphys2] Scoring complete | accuracy=49.5098 voe_accuracy=21.5686 n_scenes=51 n_samples=204
[eval.intphys2] Artifacts written | output_dir=artifacts/probes/intphys2/intphys2_probe_mlp_videomae_vit_huge_16_224_20260426T180941Z/layer_8/eval/test
[I 2026-04-26 20:12:28,755] A new study created in RDB with name: intphys2_mlp_videomae_vit_huge_16_224_layer_16
wandb: setting up run d2v7wzao
wandb: Tracking run with wandb version 0.26.1
wandb: Run data is saved locally in /gpfs/home3/scur0511/Probe4Physics/wandb/run-20260426_201229-d2v7wzao
wandb: Run `wandb offline` to turn off syncing.
wandb: Syncing run intphys2_mlp_videomae_vit_huge_16_224_layer_16/trial_0000
wandb: ⭐️ View project at https://wandb.ai/caselli-niccolo-developer-university-of-amsterdam/probe4physics
wandb: 🚀 View run at https://wandb.ai/caselli-niccolo-developer-university-of-amsterdam/probe4physics/runs/d2v7wzao
[eval.intphys2] Starting eval | split_name=val split_dir=data/splits/intphys2 predictor_mode=from_file metadata_file=data/annotations/intphys2_metadata.csv
[eval.intphys2] Loaded split assignments | split_scenes=51 split_samples=204
[eval.intphys2] Generated predictions | n_predictions=204
[eval.intphys2] Scoring complete | accuracy=51.9608 voe_accuracy=35.2941 n_scenes=51 n_samples=204
[eval.intphys2] Artifacts written | output_dir=artifacts/probes/intphys2/intphys2_probe_mlp_videomae_vit_huge_16_224_20260426T180941Z/layer_16/train/trial_0000/val_eval
wandb: updating run metadata
wandb: uploading output.log; uploading wandb-summary.json; uploading config.yaml
wandb: 
wandb: Run history:
wandb:          epoch ▁▁▁▁▁▂▂▂▃▃▃▃▃▄▄▄▄▄▅▅▅▅▅▆▆▆▆▆▆▆▆▇▇▇▇▇▇███
wandb: train_accuracy ▃▄▆▃▂▄▄▃▄▁▂▃▄▃▃▄▇▃▆█▃▇▂▆▅▃▃▅▅▅▆▅▄▅▃▅▅▃▅▁
wandb:     train_loss ▆█▄▃▄▂▄▃▃▃▂▂▂▂▁▂▃▂▂▂▂▂▂▂▂▂▂▂▂▂▂▂▁▁▁▁▂▂▂▂
wandb:   val_accuracy ▁▁▁▁█▁▃▁▁▃▁▁▁▁▁▁▁▁▁▃▁▁▁▃▁▁▁▁█▁▁▁▁▁▁▁▁▁▁▁
wandb:       val_loss ▆▂▃▁█▅▁▄▁▂▁▂▄▂▆▂▃▁▁▃▂▁▃▁▁▂▁▂▁▁▁▁▁▁▂▂▂▂▂▁
wandb: 
wandb: Run summary:
wandb:           best_epoch 57
wandb:    best_val_accuracy 51.96078
wandb:        best_val_loss 0.69307
wandb: checkpoint_best_path artifacts/probes/int...
wandb: checkpoint_last_path artifacts/probes/int...
wandb:      checkpoint_path artifacts/probes/int...
wandb:              dataset intphys2
wandb:      elapsed_seconds 17.07803
wandb:                epoch 100
wandb:    feature_signature 1e642fe5ac5d5e7f
wandb:                  +22 ...
wandb: 
wandb: 🚀 View run intphys2_mlp_videomae_vit_huge_16_224_layer_16/trial_0000 at: https://wandb.ai/caselli-niccolo-developer-university-of-amsterdam/probe4physics/runs/d2v7wzao
wandb: ⭐️ View project at: https://wandb.ai/caselli-niccolo-developer-university-of-amsterdam/probe4physics
wandb: Synced 5 W&B file(s), 0 media file(s), 0 artifact file(s) and 0 other file(s)
wandb: Find logs at: ./wandb/run-20260426_201229-d2v7wzao/logs
[I 2026-04-26 20:12:47,001] Trial 0 finished with value: 35.294117647058826 and parameters: {'lr': 0.0001329291894316216, 'weight_decay': 0.005061576888752304, 'batch_size': 32, 'hidden_dims': '1024x512x1024', 'dropout': 0.41622132040021087}. Best is trial 0 with value: 35.294117647058826.
wandb: setting up run 1k6ppiw1
wandb: Tracking run with wandb version 0.26.1
wandb: Run data is saved locally in /gpfs/home3/scur0511/Probe4Physics/wandb/run-20260426_201247-1k6ppiw1
wandb: Run `wandb offline` to turn off syncing.
wandb: Syncing run intphys2_mlp_videomae_vit_huge_16_224_layer_16/trial_0001
wandb: ⭐️ View project at https://wandb.ai/caselli-niccolo-developer-university-of-amsterdam/probe4physics
wandb: 🚀 View run at https://wandb.ai/caselli-niccolo-developer-university-of-amsterdam/probe4physics/runs/1k6ppiw1
[eval.intphys2] Starting eval | split_name=val split_dir=data/splits/intphys2 predictor_mode=from_file metadata_file=data/annotations/intphys2_metadata.csv
[eval.intphys2] Loaded split assignments | split_scenes=51 split_samples=204
[eval.intphys2] Generated predictions | n_predictions=204
[eval.intphys2] Scoring complete | accuracy=54.4118 voe_accuracy=21.5686 n_scenes=51 n_samples=204
[eval.intphys2] Artifacts written | output_dir=artifacts/probes/intphys2/intphys2_probe_mlp_videomae_vit_huge_16_224_20260426T180941Z/layer_16/train/trial_0001/val_eval
wandb: updating run metadata
wandb: uploading config.yaml; uploading wandb-metadata.json; uploading requirements.txt; uploading output.log; uploading wandb-summary.json
wandb: 
wandb: Run history:
wandb:          epoch ▁▁▂▂▂▂▂▂▂▂▃▃▃▃▃▃▄▄▄▄▄▄▅▅▅▅▆▆▆▆▆▆▇▇▇▇████
wandb: train_accuracy ▃▅▆▃▂▃▅▃▄▃▂▃▅▃▃▂▂▄▁▆▄▄▄▃▃▄▅▂▄▅▇█▂▆▅▂▄▅▄▆
wandb:     train_loss █▆▃▅▄▃▂▃▃▄▂▂▂▂▂▃▂▂▁▂▂▂▂▂▂▂▂▁▂▁▁▃▂▂▂▁▂▂▂▁
wandb:   val_accuracy ▃▃▃▃▃▆▅▅▃▃▄▆▄▆▄▂▆▄▄▅█▂▁▅▅▅▃▅▂▂▆▃▃▅▅▅▆▇▂▅
wandb:       val_loss █▆▇▄▄▃▄▃▄▂▃▃▂▂▂▂▃▂▂▂▂▂▂▂▂▂▂▂▂▂▂▁▁▁▁▁▁▂▁▃
wandb: 
wandb: Run summary:
wandb:           best_epoch 53
wandb:    best_val_accuracy 54.41176
wandb:        best_val_loss 0.69251
wandb: checkpoint_best_path artifacts/probes/int...
wandb: checkpoint_last_path artifacts/probes/int...
wandb:      checkpoint_path artifacts/probes/int...
wandb:              dataset intphys2
wandb:      elapsed_seconds 4.30698
wandb:                epoch 100
wandb:    feature_signature 1e642fe5ac5d5e7f
wandb:                  +22 ...
wandb: 
wandb: 🚀 View run intphys2_mlp_videomae_vit_huge_16_224_layer_16/trial_0001 at: https://wandb.ai/caselli-niccolo-developer-university-of-amsterdam/probe4physics/runs/1k6ppiw1
wandb: ⭐️ View project at: https://wandb.ai/caselli-niccolo-developer-university-of-amsterdam/probe4physics
wandb: Synced 5 W&B file(s), 0 media file(s), 0 artifact file(s) and 0 other file(s)
wandb: Find logs at: ./wandb/run-20260426_201247-1k6ppiw1/logs
[I 2026-04-26 20:12:52,340] Trial 1 finished with value: 21.568627450980394 and parameters: {'lr': 4.335281794951564e-05, 'weight_decay': 1.2329623163659816e-07, 'batch_size': 128, 'hidden_dims': '512', 'dropout': 0.3925879806965068}. Best is trial 0 with value: 35.294117647058826.
wandb: setting up run 71bg8guw
wandb: Tracking run with wandb version 0.26.1
wandb: Run data is saved locally in /gpfs/home3/scur0511/Probe4Physics/wandb/run-20260426_201252-71bg8guw
wandb: Run `wandb offline` to turn off syncing.
wandb: Syncing run intphys2_mlp_videomae_vit_huge_16_224_layer_16/trial_0002
wandb: ⭐️ View project at https://wandb.ai/caselli-niccolo-developer-university-of-amsterdam/probe4physics
wandb: 🚀 View run at https://wandb.ai/caselli-niccolo-developer-university-of-amsterdam/probe4physics/runs/71bg8guw
[eval.intphys2] Starting eval | split_name=val split_dir=data/splits/intphys2 predictor_mode=from_file metadata_file=data/annotations/intphys2_metadata.csv
[eval.intphys2] Loaded split assignments | split_scenes=51 split_samples=204
[eval.intphys2] Generated predictions | n_predictions=204
[eval.intphys2] Scoring complete | accuracy=54.4118 voe_accuracy=29.4118 n_scenes=51 n_samples=204
[eval.intphys2] Artifacts written | output_dir=artifacts/probes/intphys2/intphys2_probe_mlp_videomae_vit_huge_16_224_20260426T180941Z/layer_16/train/trial_0002/val_eval
wandb: updating run metadata
wandb: uploading config.yaml; uploading wandb-metadata.json; uploading requirements.txt; uploading output.log; uploading wandb-summary.json
wandb: 
wandb: Run history:
wandb:          epoch ▁▁▁▁▂▂▂▂▂▂▂▃▃▃▃▄▄▄▄▄▅▅▅▅▅▆▆▆▆▆▆▇▇▇▇▇▇███
wandb: train_accuracy ▃▂▃▂▃▄▂▁▄▄▁▄▃▄▃▇▃▅▅▅▄▄▄▆▆▂▇▂▄▄▇▄▅▆▄▆▇▅▂█
wandb:     train_loss ██▆▇▄▄▆▃▃▃▄▃▃▂▄▁▁▃▂▂▃▂▃▂▂▁▃▃▂▂▁▂▃▂▂▁▂▃▂▃
wandb:   val_accuracy ▂▂▄▂▃▂▂▄▄▃▄▂▃▄▃▄▃▃▁▄▂▆▂▅▅▃▂▇▂▄▇▂▅▅▂▄▃▄▆█
wandb:       val_loss █▃▄▃▃▂▂▂▂▂▂▂▁▂▂▁▁▂▁▁▁▁▁▁▁▁▁▁▁▁▁▁▁▁▁▁▁▁▁▁
wandb: 
wandb: Run summary:
wandb:           best_epoch 99
wandb:    best_val_accuracy 54.41176
wandb:        best_val_loss 0.69196
wandb: checkpoint_best_path artifacts/probes/int...
wandb: checkpoint_last_path artifacts/probes/int...
wandb:      checkpoint_path artifacts/probes/int...
wandb:              dataset intphys2
wandb:      elapsed_seconds 5.47906
wandb:                epoch 100
wandb:    feature_signature 1e642fe5ac5d5e7f
wandb:                  +22 ...
wandb: 
wandb: 🚀 View run intphys2_mlp_videomae_vit_huge_16_224_layer_16/trial_0002 at: https://wandb.ai/caselli-niccolo-developer-university-of-amsterdam/probe4physics/runs/71bg8guw
wandb: ⭐️ View project at: https://wandb.ai/caselli-niccolo-developer-university-of-amsterdam/probe4physics
wandb: Synced 5 W&B file(s), 0 media file(s), 0 artifact file(s) and 0 other file(s)
wandb: Find logs at: ./wandb/run-20260426_201252-71bg8guw/logs
[I 2026-04-26 20:12:58,990] Trial 2 finished with value: 29.411764705882355 and parameters: {'lr': 3.972110727381908e-05, 'weight_decay': 1.217325250419405e-05, 'batch_size': 128, 'hidden_dims': '1024', 'dropout': 0.34211651325607845}. Best is trial 0 with value: 35.294117647058826.
wandb: setting up run hx2y0u1d
wandb: Tracking run with wandb version 0.26.1
wandb: Run data is saved locally in /gpfs/home3/scur0511/Probe4Physics/wandb/run-20260426_201259-hx2y0u1d
wandb: Run `wandb offline` to turn off syncing.
wandb: Syncing run intphys2_mlp_videomae_vit_huge_16_224_layer_16/trial_0003
wandb: ⭐️ View project at https://wandb.ai/caselli-niccolo-developer-university-of-amsterdam/probe4physics
wandb: 🚀 View run at https://wandb.ai/caselli-niccolo-developer-university-of-amsterdam/probe4physics/runs/hx2y0u1d
[eval.intphys2] Starting eval | split_name=val split_dir=data/splits/intphys2 predictor_mode=from_file metadata_file=data/annotations/intphys2_metadata.csv
[eval.intphys2] Loaded split assignments | split_scenes=51 split_samples=204
[eval.intphys2] Generated predictions | n_predictions=204
[eval.intphys2] Scoring complete | accuracy=52.9412 voe_accuracy=31.3725 n_scenes=51 n_samples=204
[eval.intphys2] Artifacts written | output_dir=artifacts/probes/intphys2/intphys2_probe_mlp_videomae_vit_huge_16_224_20260426T180941Z/layer_16/train/trial_0003/val_eval
wandb: updating run metadata
wandb: uploading output.log; uploading wandb-summary.json; uploading config.yaml
wandb: 
wandb: Run history:
wandb:          epoch ▁▁▁▁▁▂▂▂▂▂▃▃▃▃▃▃▃▄▄▄▅▅▅▅▅▅▅▆▆▆▆▆▇▇▇▇▇███
wandb: train_accuracy ▂▇▃▄▂▅▃▅▇▇▃▇▁▆▃▅▆▆▅▅▅▅▃▅█▄▄▇▃▃▆▆▄▃▄▂▅▅▁▅
wandb:     train_loss █▂▃▃▂▂▂▂▁▁▂▂▂▂▂▂▁▂▁▂▂▂▂▂▂▂▁▂▁▁▂▁▁▁▁▂▁▂▁▂
wandb:   val_accuracy ▃▄▄▄▄▄▇▄▅▄▄▃▄▄▄▄▄▅▄█▄▄▄▄▄▄▄▄▄▆▄▄▄▁▃▅▄▄▃▅
wandb:       val_loss ▇▆█▃▂▂▁▁▁▁▁▁▂▁▁▄▁▁▁▂▁▁▂▃▁▃▁▄▁▃▁▄▁▁▂▁▁▁▁▂
wandb: 
wandb: Run summary:
wandb:           best_epoch 31
wandb:    best_val_accuracy 52.94118
wandb:        best_val_loss 0.69302
wandb: checkpoint_best_path artifacts/probes/int...
wandb: checkpoint_last_path artifacts/probes/int...
wandb:      checkpoint_path artifacts/probes/int...
wandb:              dataset intphys2
wandb:      elapsed_seconds 9.00714
wandb:                epoch 100
wandb:    feature_signature 1e642fe5ac5d5e7f
wandb:                  +22 ...
wandb: 
wandb: 🚀 View run intphys2_mlp_videomae_vit_huge_16_224_layer_16/trial_0003 at: https://wandb.ai/caselli-niccolo-developer-university-of-amsterdam/probe4physics/runs/hx2y0u1d
wandb: ⭐️ View project at: https://wandb.ai/caselli-niccolo-developer-university-of-amsterdam/probe4physics
wandb: Synced 5 W&B file(s), 0 media file(s), 0 artifact file(s) and 0 other file(s)
wandb: Find logs at: ./wandb/run-20260426_201259-hx2y0u1d/logs
[I 2026-04-26 20:13:09,084] Trial 3 finished with value: 31.372549019607842 and parameters: {'lr': 0.00020914981329035596, 'weight_decay': 5.397956855996434e-08, 'batch_size': 128, 'hidden_dims': '1024x512x1024', 'dropout': 0.3875664116805573}. Best is trial 0 with value: 35.294117647058826.
wandb: setting up run 4boc7ty8
wandb: Tracking run with wandb version 0.26.1
wandb: Run data is saved locally in /gpfs/home3/scur0511/Probe4Physics/wandb/run-20260426_201309-4boc7ty8
wandb: Run `wandb offline` to turn off syncing.
wandb: Syncing run intphys2_mlp_videomae_vit_huge_16_224_layer_16/trial_0004
wandb: ⭐️ View project at https://wandb.ai/caselli-niccolo-developer-university-of-amsterdam/probe4physics
wandb: 🚀 View run at https://wandb.ai/caselli-niccolo-developer-university-of-amsterdam/probe4physics/runs/4boc7ty8
wandb: updating run metadata
wandb: uploading config.yaml; uploading wandb-summary.json
wandb: uploading config.yaml
wandb: 
wandb: Run history:
wandb:          epoch ▁▁▁▂▂▂▂▂▃▃▃▃▃▃▃▄▄▅▅▅▅▆▆▆▆▆▆▆▇▇▇▇▇▇▇█████
wandb: train_accuracy ▆▂▄▃▂▂▅▄▅▅▇▅▇▇▄▁▅▆▄▅▄▆▅▅▆▅▅▃▅▅▄▃▇▅▃█▅▂▆▅
wandb:     train_loss █▁▁▁▂▁▁▁▁▁▁▁▁▁▁▁▁▁▁▁▁▁▁▁▁▁▁▁▁▁▁▁▁▁▁▁▁▁▁▁
wandb:   val_accuracy ▁▁▁▁▁▁▁▁▁▁▁▁▁▁▁▁▁▁▁▁▁▁▁▁▁▁▁▁▁▁▁▁▁▁▁▁▁█▁▁
wandb:       val_loss ▂▂▃█▁▃▁▃▂▁▁▁▁▁▁▁▁▁▁▁▁▁▁▁▁▁▁▁▁▁▁▁▁▁▁▁▁▁▁▁
wandb: 
wandb: Run summary:
wandb:          epoch 100
wandb: train_accuracy 50.16556
wandb:     train_loss 0.69444
wandb:   val_accuracy 50
wandb:       val_loss 0.69353
wandb: 
wandb: 🚀 View run intphys2_mlp_videomae_vit_huge_16_224_layer_16/trial_0004 at: https://wandb.ai/caselli-niccolo-developer-university-of-amsterdam/probe4physics/runs/4boc7ty8
wandb: ⭐️ View project at: https://wandb.ai/caselli-niccolo-developer-university-of-amsterdam/probe4physics
wandb: Synced 4 W&B file(s), 0 media file(s), 0 artifact file(s) and 0 other file(s)
wandb: Find logs at: ./wandb/run-20260426_201309-4boc7ty8/logs
[I 2026-04-26 20:13:20,851] Trial 4 pruned. Pruned at epoch 100 with val_accuracy=50.0000
wandb: setting up run 9kipmrzj
wandb: Tracking run with wandb version 0.26.1
wandb: Run data is saved locally in /gpfs/home3/scur0511/Probe4Physics/wandb/run-20260426_201321-9kipmrzj
wandb: Run `wandb offline` to turn off syncing.
wandb: Syncing run intphys2_mlp_videomae_vit_huge_16_224_layer_16/trial_0005
wandb: ⭐️ View project at https://wandb.ai/caselli-niccolo-developer-university-of-amsterdam/probe4physics
wandb: 🚀 View run at https://wandb.ai/caselli-niccolo-developer-university-of-amsterdam/probe4physics/runs/9kipmrzj
[eval.intphys2] Starting eval | split_name=val split_dir=data/splits/intphys2 predictor_mode=from_file metadata_file=data/annotations/intphys2_metadata.csv
[eval.intphys2] Loaded split assignments | split_scenes=51 split_samples=204
[eval.intphys2] Generated predictions | n_predictions=204
[eval.intphys2] Scoring complete | accuracy=55.8824 voe_accuracy=29.4118 n_scenes=51 n_samples=204
[eval.intphys2] Artifacts written | output_dir=artifacts/probes/intphys2/intphys2_probe_mlp_videomae_vit_huge_16_224_20260426T180941Z/layer_16/train/trial_0005/val_eval
wandb: updating run metadata
wandb: uploading config.yaml; uploading wandb-metadata.json; uploading requirements.txt; uploading output.log; uploading wandb-summary.json
wandb: uploading history steps 0-99, summary, console lines 0-4
wandb: 
wandb: Run history:
wandb:          epoch ▁▁▁▁▁▂▂▂▂▂▃▃▃▃▃▄▄▄▄▄▄▅▅▅▅▅▆▆▆▆▆▇▇▇▇▇▇███
wandb: train_accuracy ▁▃▂▂▂▃▅▅▃▁▃▂▂▂▄▃▁▆▁▅▆▄▇▃▅▅▆█▅▆▆▂▃▇█▆▄▃▆▆
wandb:     train_loss █▂▂▂▂▂▂▂▂▂▂▁▁▁▁▁▂▁▁▁▁▁▁▁▁▁▁▁▁▁▁▁▁▂▁▁▁▁▁▁
wandb:   val_accuracy ▂▂▂▁▂▃▃▃▃▁▂▆▄▂▇▅▁▃▅▅▅▄▁▃▄▄▃██▅▅▆▇▇▂▆▆▅▇▃
wandb:       val_loss █▁▂▁▁▁▁▁▁▁▁▁▁▁▁▁▁▁▁▁▁▁▁▁▁▁▁▁▁▁▁▁▁▁▁▁▁▁▁▁
wandb: 
wandb: Run summary:
wandb:           best_epoch 73
wandb:    best_val_accuracy 55.88235
wandb:        best_val_loss 0.6915
wandb: checkpoint_best_path artifacts/probes/int...
wandb: checkpoint_last_path artifacts/probes/int...
wandb:      checkpoint_path artifacts/probes/int...
wandb:              dataset intphys2
wandb:      elapsed_seconds 5.33112
wandb:                epoch 100
wandb:    feature_signature 1e642fe5ac5d5e7f
wandb:                  +22 ...
wandb: 
wandb: 🚀 View run intphys2_mlp_videomae_vit_huge_16_224_layer_16/trial_0005 at: https://wandb.ai/caselli-niccolo-developer-university-of-amsterdam/probe4physics/runs/9kipmrzj
wandb: ⭐️ View project at: https://wandb.ai/caselli-niccolo-developer-university-of-amsterdam/probe4physics
wandb: Synced 5 W&B file(s), 0 media file(s), 0 artifact file(s) and 0 other file(s)
wandb: Find logs at: ./wandb/run-20260426_201321-9kipmrzj/logs
[I 2026-04-26 20:13:27,589] Trial 5 finished with value: 29.411764705882355 and parameters: {'lr': 0.00042470585622618684, 'weight_decay': 7.007213496896406e-08, 'batch_size': 128, 'hidden_dims': '1024', 'dropout': 0.03702232586704518}. Best is trial 0 with value: 35.294117647058826.
wandb: setting up run kuyxxlcr
wandb: Tracking run with wandb version 0.26.1
wandb: Run data is saved locally in /gpfs/home3/scur0511/Probe4Physics/wandb/run-20260426_201327-kuyxxlcr
wandb: Run `wandb offline` to turn off syncing.
wandb: Syncing run intphys2_mlp_videomae_vit_huge_16_224_layer_16/trial_0006
wandb: ⭐️ View project at https://wandb.ai/caselli-niccolo-developer-university-of-amsterdam/probe4physics
wandb: 🚀 View run at https://wandb.ai/caselli-niccolo-developer-university-of-amsterdam/probe4physics/runs/kuyxxlcr
[eval.intphys2] Starting eval | split_name=val split_dir=data/splits/intphys2 predictor_mode=from_file metadata_file=data/annotations/intphys2_metadata.csv
[eval.intphys2] Loaded split assignments | split_scenes=51 split_samples=204
[eval.intphys2] Generated predictions | n_predictions=204
[eval.intphys2] Scoring complete | accuracy=53.9216 voe_accuracy=27.4510 n_scenes=51 n_samples=204
[eval.intphys2] Artifacts written | output_dir=artifacts/probes/intphys2/intphys2_probe_mlp_videomae_vit_huge_16_224_20260426T180941Z/layer_16/train/trial_0006/val_eval
wandb: updating run metadata
wandb: uploading wandb-summary.json; uploading config.yaml; uploading output.log
wandb: 
wandb: Run history:
wandb:          epoch ▁▁▁▁▂▂▂▂▂▂▂▃▃▃▃▄▄▄▄▄▅▅▅▅▅▅▅▆▆▆▆▆▇▇▇▇▇███
wandb: train_accuracy ▂▇▁▅█▃▅▇▆▇▆▆█▆▆▆▇▄█▅▆▇▇▆▇▇▆▅▇▄▆▃▄▇▆▄▄▅▄▅
wandb:     train_loss █▃▃▁▁▂▁▂▂▂▁▂▁▁▂▁▁▁▁▂▁▂▁▂▁▂▂▁▁▁▁▁▁▁▂▁▁▁▁▁
wandb:   val_accuracy ▃▃▃▃▃▃▃▄▄▃▃▃▃▃▃▃▃▄▃▃▃▃▃▄▃▃▃▅▃▃▃▁▄▃▃▂█▂▃▃
wandb:       val_loss █▂▃▁▂▁▁▁▂▁▁▁▁▂▃▁▁▂▁▁▁▁▁▁▁▁▁▁▁▁▁▁▁▁▁▁▁▁▁▁
wandb: 
wandb: Run summary:
wandb:           best_epoch 88
wandb:    best_val_accuracy 53.92157
wandb:        best_val_loss 0.69293
wandb: checkpoint_best_path artifacts/probes/int...
wandb: checkpoint_last_path artifacts/probes/int...
wandb:      checkpoint_path artifacts/probes/int...
wandb:              dataset intphys2
wandb:      elapsed_seconds 14.9776
wandb:                epoch 100
wandb:    feature_signature 1e642fe5ac5d5e7f
wandb:                  +22 ...
wandb: 
wandb: 🚀 View run intphys2_mlp_videomae_vit_huge_16_224_layer_16/trial_0006 at: https://wandb.ai/caselli-niccolo-developer-university-of-amsterdam/probe4physics/runs/kuyxxlcr
wandb: ⭐️ View project at: https://wandb.ai/caselli-niccolo-developer-university-of-amsterdam/probe4physics
wandb: Synced 5 W&B file(s), 0 media file(s), 0 artifact file(s) and 0 other file(s)
wandb: Find logs at: ./wandb/run-20260426_201327-kuyxxlcr/logs
[I 2026-04-26 20:13:43,948] Trial 6 finished with value: 27.450980392156865 and parameters: {'lr': 0.0001189589673755355, 'weight_decay': 4.9569479327999555e-08, 'batch_size': 32, 'hidden_dims': '1024x512x256', 'dropout': 0.05979712296915085}. Best is trial 0 with value: 35.294117647058826.
wandb: setting up run 6oj7v31i
wandb: Tracking run with wandb version 0.26.1
wandb: Run data is saved locally in /gpfs/home3/scur0511/Probe4Physics/wandb/run-20260426_201344-6oj7v31i
wandb: Run `wandb offline` to turn off syncing.
wandb: Syncing run intphys2_mlp_videomae_vit_huge_16_224_layer_16/trial_0007
wandb: ⭐️ View project at https://wandb.ai/caselli-niccolo-developer-university-of-amsterdam/probe4physics
wandb: 🚀 View run at https://wandb.ai/caselli-niccolo-developer-university-of-amsterdam/probe4physics/runs/6oj7v31i
wandb: updating run metadata
wandb: uploading config.yaml; uploading wandb-summary.json
wandb: 
wandb: Run history:
wandb:          epoch ▁▁▁▁▂▂▂▂▂▂▃▃▃▃▃▃▄▄▄▄▄▄▅▅▅▅▆▆▆▆▆▆▆▇▇▇▇███
wandb: train_accuracy ▅▅█▆▅▆▆▄▆▅▆▅▄▆▇▅▄▅▆▇▇▇▃▅▅▅▅▁█▆▅█▄▇▂▃▂▃▅▄
wandb:     train_loss █▁▁▁▁▁▁▁▁▁▁▁▁▁▁▁▁▁▁▁▁▁▁▁▁▁▁▁▁▁▁▁▁▁▁▁▁▁▁▁
wandb:   val_accuracy ▁▁▁▁▁▁▁▁▁▁▁▁▁▁▁▁▁▁▁▁▁▁▁▁▁▁▁▁▁▁▁▁▁▁▁▁▁▁▁▁
wandb:       val_loss █▂▂▁▁▁▁▁▂▁▁▁▁▁▁▁▂▂▁▁▂▂▁▁▁▁▁▁▁▁▁▁▁▁▁▁▁▁▁▁
wandb: 
wandb: Run summary:
wandb:          epoch 100
wandb: train_accuracy 49.50331
wandb:     train_loss 0.69742
wandb:   val_accuracy 50
wandb:       val_loss 0.69337
wandb: 
wandb: 🚀 View run intphys2_mlp_videomae_vit_huge_16_224_layer_16/trial_0007 at: https://wandb.ai/caselli-niccolo-developer-university-of-amsterdam/probe4physics/runs/6oj7v31i
wandb: ⭐️ View project at: https://wandb.ai/caselli-niccolo-developer-university-of-amsterdam/probe4physics
wandb: Synced 4 W&B file(s), 0 media file(s), 0 artifact file(s) and 0 other file(s)
wandb: Find logs at: ./wandb/run-20260426_201344-6oj7v31i/logs
[I 2026-04-26 20:13:55,189] Trial 7 pruned. Pruned at epoch 100 with val_accuracy=50.0000
wandb: setting up run xnnavus8
wandb: Tracking run with wandb version 0.26.1
wandb: Run data is saved locally in /gpfs/home3/scur0511/Probe4Physics/wandb/run-20260426_201355-xnnavus8
wandb: Run `wandb offline` to turn off syncing.
wandb: Syncing run intphys2_mlp_videomae_vit_huge_16_224_layer_16/trial_0008
wandb: ⭐️ View project at https://wandb.ai/caselli-niccolo-developer-university-of-amsterdam/probe4physics
wandb: 🚀 View run at https://wandb.ai/caselli-niccolo-developer-university-of-amsterdam/probe4physics/runs/xnnavus8
[eval.intphys2] Starting eval | split_name=val split_dir=data/splits/intphys2 predictor_mode=from_file metadata_file=data/annotations/intphys2_metadata.csv
[eval.intphys2] Loaded split assignments | split_scenes=51 split_samples=204
[eval.intphys2] Generated predictions | n_predictions=204
[eval.intphys2] Scoring complete | accuracy=54.9020 voe_accuracy=35.2941 n_scenes=51 n_samples=204
[eval.intphys2] Artifacts written | output_dir=artifacts/probes/intphys2/intphys2_probe_mlp_videomae_vit_huge_16_224_20260426T180941Z/layer_16/train/trial_0008/val_eval
wandb: updating run metadata
wandb: uploading wandb-summary.json; uploading config.yaml; uploading output.log
wandb: 
wandb: Run history:
wandb:          epoch ▁▁▁▁▁▂▂▂▂▂▃▃▃▃▃▃▃▄▄▄▄▅▅▅▅▅▆▆▆▆▆▇▇▇▇▇▇▇██
wandb: train_accuracy ▃▆▃█▆▇▅▄▆▃▆▁▄▇▆▅▇▃▅▄▅▅▂▅▃▆▅▇▅▆▇▆▆▆▅▃▄▄▅▅
wandb:     train_loss █▂▁▁▁▂▁▁▁▁▁▁▁▁▁▁▁▁▁▁▁▁▁▁▁▁▁▁▁▁▁▁▁▁▁▁▁▁▁▁
wandb:   val_accuracy ▂▂▂▂▂▂▂▂▆▂▂▂▂▂▂▂▂▂▂▂▂▃▂▂▅▂▂▂▂▃▇▂█▁▅▂▂▂▂█
wandb:       val_loss █▄▃▄▄▅▃▁▁▅▁▁▂▂▂▁▅▁▁▁▁▂▁▂▁▃▁▂▁▁▁▁▁▁▄▁▁▁▁▁
wandb: 
wandb: Run summary:
wandb:           best_epoch 96
wandb:    best_val_accuracy 54.90196
wandb:        best_val_loss 0.69329
wandb: checkpoint_best_path artifacts/probes/int...
wandb: checkpoint_last_path artifacts/probes/int...
wandb:      checkpoint_path artifacts/probes/int...
wandb:              dataset intphys2
wandb:      elapsed_seconds 7.01988
wandb:                epoch 100
wandb:    feature_signature 1e642fe5ac5d5e7f
wandb:                  +22 ...
wandb: 
wandb: 🚀 View run intphys2_mlp_videomae_vit_huge_16_224_layer_16/trial_0008 at: https://wandb.ai/caselli-niccolo-developer-university-of-amsterdam/probe4physics/runs/xnnavus8
wandb: ⭐️ View project at: https://wandb.ai/caselli-niccolo-developer-university-of-amsterdam/probe4physics
wandb: Synced 5 W&B file(s), 0 media file(s), 0 artifact file(s) and 0 other file(s)
wandb: Find logs at: ./wandb/run-20260426_201355-xnnavus8/logs
[I 2026-04-26 20:14:03,384] Trial 8 finished with value: 35.294117647058826 and parameters: {'lr': 0.005280796376895365, 'weight_decay': 3.1315069138816194e-07, 'batch_size': 64, 'hidden_dims': '1024', 'dropout': 0.40183603844955723}. Best is trial 0 with value: 35.294117647058826.
wandb: setting up run yglqfkww
wandb: Tracking run with wandb version 0.26.1
wandb: Run data is saved locally in /gpfs/home3/scur0511/Probe4Physics/wandb/run-20260426_201403-yglqfkww
wandb: Run `wandb offline` to turn off syncing.
wandb: Syncing run intphys2_mlp_videomae_vit_huge_16_224_layer_16/trial_0009
wandb: ⭐️ View project at https://wandb.ai/caselli-niccolo-developer-university-of-amsterdam/probe4physics
wandb: 🚀 View run at https://wandb.ai/caselli-niccolo-developer-university-of-amsterdam/probe4physics/runs/yglqfkww
[eval.intphys2] Starting eval | split_name=val split_dir=data/splits/intphys2 predictor_mode=from_file metadata_file=data/annotations/intphys2_metadata.csv
[eval.intphys2] Loaded split assignments | split_scenes=51 split_samples=204
[eval.intphys2] Generated predictions | n_predictions=204
[eval.intphys2] Scoring complete | accuracy=54.4118 voe_accuracy=37.2549 n_scenes=51 n_samples=204
[eval.intphys2] Artifacts written | output_dir=artifacts/probes/intphys2/intphys2_probe_mlp_videomae_vit_huge_16_224_20260426T180941Z/layer_16/train/trial_0009/val_eval
wandb: updating run metadata
wandb: uploading output.log; uploading wandb-summary.json; uploading config.yaml
wandb: 
wandb: Run history:
wandb:          epoch ▁▁▁▁▂▂▂▂▂▂▃▃▃▃▃▃▃▃▃▄▅▅▅▅▅▅▆▆▆▆▇▇▇▇▇▇▇▇██
wandb: train_accuracy ▅▂▂▂▁▂▃▅▅▅█▃▂█▂▃▁▂▁▁▅▅▅▄▅▂▃▅▃▂▃▂▂▅▃▃▅▃▃▄
wandb:     train_loss █▅▄▄▅▂▄▄▃▃▄▄▄▃▁▄▄▃▃▂▃▃▂▂▃▂▃▂▂▂▃▂▂▁▁▂▃▂▃▃
wandb:   val_accuracy ▂▂▆▃▃▃▃▂▂▄▅▂▂▃▅▄▂▂▂▇▇█▅▄▁▂▅▅▁▂▂▅▇▅▁▅▂▅▃▅
wandb:       val_loss █▂▁▁▁▁▁▁▁▁▁▁▁▁▁▁▁▁▁▁▁▁▁▁▁▁▁▁▁▁▁▁▁▁▁▁▁▁▁▁
wandb: 
wandb: Run summary:
wandb:           best_epoch 74
wandb:    best_val_accuracy 54.41176
wandb:        best_val_loss 0.69266
wandb: checkpoint_best_path artifacts/probes/int...
wandb: checkpoint_last_path artifacts/probes/int...
wandb:      checkpoint_path artifacts/probes/int...
wandb:              dataset intphys2
wandb:      elapsed_seconds 7.90725
wandb:                epoch 100
wandb:    feature_signature 1e642fe5ac5d5e7f
wandb:                  +22 ...
wandb: 
wandb: 🚀 View run intphys2_mlp_videomae_vit_huge_16_224_layer_16/trial_0009 at: https://wandb.ai/caselli-niccolo-developer-university-of-amsterdam/probe4physics/runs/yglqfkww
wandb: ⭐️ View project at: https://wandb.ai/caselli-niccolo-developer-university-of-amsterdam/probe4physics
wandb: Synced 5 W&B file(s), 0 media file(s), 0 artifact file(s) and 0 other file(s)
wandb: Find logs at: ./wandb/run-20260426_201403-yglqfkww/logs
[I 2026-04-26 20:14:12,337] Trial 9 finished with value: 37.254901960784316 and parameters: {'lr': 3.6283583803549155e-05, 'weight_decay': 0.0022664909586669274, 'batch_size': 128, 'hidden_dims': '1024x512x256', 'dropout': 0.25537365128878287}. Best is trial 9 with value: 37.254901960784316.
wandb: setting up run tom151pv
wandb: Tracking run with wandb version 0.26.1
wandb: Run data is saved locally in /gpfs/home3/scur0511/Probe4Physics/wandb/run-20260426_201412-tom151pv
wandb: Run `wandb offline` to turn off syncing.
wandb: Syncing run intphys2_mlp_videomae_vit_huge_16_224_layer_16/trial_0010
wandb: ⭐️ View project at https://wandb.ai/caselli-niccolo-developer-university-of-amsterdam/probe4physics
wandb: 🚀 View run at https://wandb.ai/caselli-niccolo-developer-university-of-amsterdam/probe4physics/runs/tom151pv
[eval.intphys2] Starting eval | split_name=val split_dir=data/splits/intphys2 predictor_mode=from_file metadata_file=data/annotations/intphys2_metadata.csv
[eval.intphys2] Loaded split assignments | split_scenes=51 split_samples=204
[eval.intphys2] Generated predictions | n_predictions=204
[eval.intphys2] Scoring complete | accuracy=53.4314 voe_accuracy=23.5294 n_scenes=51 n_samples=204
[eval.intphys2] Artifacts written | output_dir=artifacts/probes/intphys2/intphys2_probe_mlp_videomae_vit_huge_16_224_20260426T180941Z/layer_16/train/trial_0010/val_eval
wandb: updating run metadata
wandb: uploading wandb-metadata.json; uploading requirements.txt; uploading output.log; uploading wandb-summary.json; uploading config.yaml
wandb: 
wandb: Run history:
wandb:          epoch ▁▁▁▁▂▂▂▃▃▃▃▃▃▃▄▄▄▄▄▄▅▅▅▅▆▆▆▆▆▆▇▇▇▇▇▇▇▇██
wandb: train_accuracy ▄▃▃▃▇▅█▄▆▄▃▄▄▆▄▄▄▆▅▄▄▆▄▅█▄▅▅▄▄▄▆▃▆▄▃▅▁▄▄
wandb:     train_loss █▆▅▃▄▂▃▂▃▃▂▃▂▂▂▂▂▃▃▁▂▂▃▂▂▂▃▂▂▁▂▂▂▂▂▂▂▂▂▂
wandb:   val_accuracy ▃▁▄▂▄▃▅▅▄▃▁▅▅▄▄▂▃▃▄▂▂▂▄▄▄▅▅▅▅▃▅▃▃█▄▇▃▄▅▄
wandb:       val_loss █▆▂▂▂▂▂▂▂▁▁▁▁▁▁▁▁▁▁▁▁▁▁▁▁▁▁▁▁▁▁▁▁▁▁▁▁▁▁▁
wandb: 
wandb: Run summary:
wandb:           best_epoch 87
wandb:    best_val_accuracy 53.43137
wandb:        best_val_loss 0.69355
wandb: checkpoint_best_path artifacts/probes/int...
wandb: checkpoint_last_path artifacts/probes/int...
wandb:      checkpoint_path artifacts/probes/int...
wandb:              dataset intphys2
wandb:      elapsed_seconds 3.55884
wandb:                epoch 100
wandb:    feature_signature 1e642fe5ac5d5e7f
wandb:                  +22 ...
wandb: 
wandb: 🚀 View run intphys2_mlp_videomae_vit_huge_16_224_layer_16/trial_0010 at: https://wandb.ai/caselli-niccolo-developer-university-of-amsterdam/probe4physics/runs/tom151pv
wandb: ⭐️ View project at: https://wandb.ai/caselli-niccolo-developer-university-of-amsterdam/probe4physics
wandb: Synced 5 W&B file(s), 0 media file(s), 0 artifact file(s) and 0 other file(s)
wandb: Find logs at: ./wandb/run-20260426_201412-tom151pv/logs
[I 2026-04-26 20:14:17,037] Trial 10 finished with value: 23.52941176470588 and parameters: {'lr': 1.1741860795540057e-05, 'weight_decay': 2.794522310747907e-05, 'batch_size': 256, 'hidden_dims': '256', 'dropout': 0.25092057689684866}. Best is trial 9 with value: 37.254901960784316.
wandb: setting up run r2rmklia
wandb: Tracking run with wandb version 0.26.1
wandb: Run data is saved locally in /gpfs/home3/scur0511/Probe4Physics/wandb/run-20260426_201417-r2rmklia
wandb: Run `wandb offline` to turn off syncing.
wandb: Syncing run intphys2_mlp_videomae_vit_huge_16_224_layer_16/trial_0011
wandb: ⭐️ View project at https://wandb.ai/caselli-niccolo-developer-university-of-amsterdam/probe4physics
wandb: 🚀 View run at https://wandb.ai/caselli-niccolo-developer-university-of-amsterdam/probe4physics/runs/r2rmklia
[eval.intphys2] Starting eval | split_name=val split_dir=data/splits/intphys2 predictor_mode=from_file metadata_file=data/annotations/intphys2_metadata.csv
[eval.intphys2] Loaded split assignments | split_scenes=51 split_samples=204
[eval.intphys2] Generated predictions | n_predictions=204
[eval.intphys2] Scoring complete | accuracy=52.9412 voe_accuracy=33.3333 n_scenes=51 n_samples=204
[eval.intphys2] Artifacts written | output_dir=artifacts/probes/intphys2/intphys2_probe_mlp_videomae_vit_huge_16_224_20260426T180941Z/layer_16/train/trial_0011/val_eval
wandb: updating run metadata
wandb: uploading output.log; uploading wandb-summary.json; uploading config.yaml
wandb: 
wandb: Run history:
wandb:          epoch ▁▁▁▁▁▂▂▂▂▂▃▃▃▃▃▃▄▄▄▄▄▄▅▅▅▅▅▆▆▆▆▆▇▇▇█████
wandb: train_accuracy ▃█▆▄▇▅▁▆▆▃▄▃▁▂▄▇▄▄▆▅▃▅▄▃▃█▂▆▂▄▄▂▂▅█▇▆▄▂▄
wandb:     train_loss ▇█▇▅▅▅▂▂▃▄▁▂▃▃▂▃▂▂▃▂▂▂▃▂▂▂▂▁▂▃▁▂▂▂▁▃▃▂▂▁
wandb:   val_accuracy ▅▄▂▃▅▄▅▁▅▃▅▅▅▃▃▅▁▂▅▃▇▅▄▃▄▄▅▃▃▅▄▇▅▃██▂▄▂▃
wandb:       val_loss █▅▄▂▄▁▁▁▁▁▁▁▁▂▁▁▁▁▁▁▁▁▁▁▁▁▁▁▂▁▁▁▁▁▁▁▁▁▁▁
wandb: 
wandb: Run summary:
wandb:           best_epoch 91
wandb:    best_val_accuracy 52.94118
wandb:        best_val_loss 0.69285
wandb: checkpoint_best_path artifacts/probes/int...
wandb: checkpoint_last_path artifacts/probes/int...
wandb:      checkpoint_path artifacts/probes/int...
wandb:              dataset intphys2
wandb:      elapsed_seconds 8.84631
wandb:                epoch 100
wandb:    feature_signature 1e642fe5ac5d5e7f
wandb:                  +22 ...
wandb: 
wandb: 🚀 View run intphys2_mlp_videomae_vit_huge_16_224_layer_16/trial_0011 at: https://wandb.ai/caselli-niccolo-developer-university-of-amsterdam/probe4physics/runs/r2rmklia
wandb: ⭐️ View project at: https://wandb.ai/caselli-niccolo-developer-university-of-amsterdam/probe4physics
wandb: Synced 5 W&B file(s), 0 media file(s), 0 artifact file(s) and 0 other file(s)
wandb: Find logs at: ./wandb/run-20260426_201417-r2rmklia/logs
[I 2026-04-26 20:14:26,986] Trial 11 finished with value: 33.33333333333333 and parameters: {'lr': 3.915342391138084e-05, 'weight_decay': 0.007953409633698581, 'batch_size': 32, 'hidden_dims': '512x256', 'dropout': 0.49234882675972225}. Best is trial 9 with value: 37.254901960784316.
wandb: setting up run 9dytu15f
wandb: Tracking run with wandb version 0.26.1
wandb: Run data is saved locally in /gpfs/home3/scur0511/Probe4Physics/wandb/run-20260426_201427-9dytu15f
wandb: Run `wandb offline` to turn off syncing.
wandb: Syncing run intphys2_mlp_videomae_vit_huge_16_224_layer_16/trial_0012
wandb: ⭐️ View project at https://wandb.ai/caselli-niccolo-developer-university-of-amsterdam/probe4physics
wandb: 🚀 View run at https://wandb.ai/caselli-niccolo-developer-university-of-amsterdam/probe4physics/runs/9dytu15f
[eval.intphys2] Starting eval | split_name=val split_dir=data/splits/intphys2 predictor_mode=from_file metadata_file=data/annotations/intphys2_metadata.csv
[eval.intphys2] Loaded split assignments | split_scenes=51 split_samples=204
[eval.intphys2] Generated predictions | n_predictions=204
[eval.intphys2] Scoring complete | accuracy=55.3922 voe_accuracy=25.4902 n_scenes=51 n_samples=204
[eval.intphys2] Artifacts written | output_dir=artifacts/probes/intphys2/intphys2_probe_mlp_videomae_vit_huge_16_224_20260426T180941Z/layer_16/train/trial_0012/val_eval
wandb: updating run metadata
wandb: uploading output.log; uploading wandb-summary.json; uploading config.yaml
wandb: 
wandb: Run history:
wandb:          epoch ▁▁▁▁▁▂▂▂▂▂▂▂▃▃▃▃▃▄▄▄▄▄▅▅▅▆▆▆▆▆▇▇▇▇▇█████
wandb: train_accuracy ▄▇▃█▆▁▃▅▂▅▇▅▇▄▂▆▄▇▇▅▇▆▄▄▃▃▇▄▆▁▆▂▄▅▆▂█▄▄▄
wandb:     train_loss ██▇▄▅▅▃▃▄▄▄▃▃▃▅▃▃▄▃▃▂▄▃▃▂▁▂▅▃▃▄▃▃▂▂▃▁▃▃▃
wandb:   val_accuracy ▂▂▂▂▄▆▄▂▂▂▄▃█▃▄▇▁▇▂▅▂▃▁▄▄▃▃▂▂▄▄▃▄▄▄▅▂▂▂▄
wandb:       val_loss █▂▂▂▂▁▁▁▁▁▁▁▁▁▁▂▁▁▁▁▁▁▁▁▁▁▁▁▁▁▁▁▁▁▁▁▁▁▁▁
wandb: 
wandb: Run summary:
wandb:           best_epoch 37
wandb:    best_val_accuracy 55.39216
wandb:        best_val_loss 0.69281
wandb: checkpoint_best_path artifacts/probes/int...
wandb: checkpoint_last_path artifacts/probes/int...
wandb:      checkpoint_path artifacts/probes/int...
wandb:              dataset intphys2
wandb:      elapsed_seconds 16.81529
wandb:                epoch 100
wandb:    feature_signature 1e642fe5ac5d5e7f
wandb:                  +22 ...
wandb: 
wandb: 🚀 View run intphys2_mlp_videomae_vit_huge_16_224_layer_16/trial_0012 at: https://wandb.ai/caselli-niccolo-developer-university-of-amsterdam/probe4physics/runs/9dytu15f
wandb: ⭐️ View project at: https://wandb.ai/caselli-niccolo-developer-university-of-amsterdam/probe4physics
wandb: Synced 5 W&B file(s), 0 media file(s), 0 artifact file(s) and 0 other file(s)
wandb: Find logs at: ./wandb/run-20260426_201427-9dytu15f/logs
[I 2026-04-26 20:14:44,841] Trial 12 finished with value: 25.49019607843137 and parameters: {'lr': 1.120314498967763e-05, 'weight_decay': 0.0003050458519858461, 'batch_size': 32, 'hidden_dims': '1024x512x1024', 'dropout': 0.17125799686887833}. Best is trial 9 with value: 37.254901960784316.
wandb: setting up run 9exlfbd5
wandb: Tracking run with wandb version 0.26.1
wandb: Run data is saved locally in /gpfs/home3/scur0511/Probe4Physics/wandb/run-20260426_201445-9exlfbd5
wandb: Run `wandb offline` to turn off syncing.
wandb: Syncing run intphys2_mlp_videomae_vit_huge_16_224_layer_16/trial_0013
wandb: ⭐️ View project at https://wandb.ai/caselli-niccolo-developer-university-of-amsterdam/probe4physics
wandb: 🚀 View run at https://wandb.ai/caselli-niccolo-developer-university-of-amsterdam/probe4physics/runs/9exlfbd5
[eval.intphys2] Starting eval | split_name=val split_dir=data/splits/intphys2 predictor_mode=from_file metadata_file=data/annotations/intphys2_metadata.csv
[eval.intphys2] Loaded split assignments | split_scenes=51 split_samples=204
[eval.intphys2] Generated predictions | n_predictions=204
[eval.intphys2] Scoring complete | accuracy=52.4510 voe_accuracy=27.4510 n_scenes=51 n_samples=204
[eval.intphys2] Artifacts written | output_dir=artifacts/probes/intphys2/intphys2_probe_mlp_videomae_vit_huge_16_224_20260426T180941Z/layer_16/train/trial_0013/val_eval
wandb: updating run metadata
wandb: uploading output.log; uploading wandb-summary.json; uploading config.yaml
wandb: 
wandb: Run history:
wandb:          epoch ▁▁▁▁▁▂▂▂▂▂▂▂▃▃▃▃▃▃▄▄▄▄▄▅▅▅▅▅▆▆▆▆▇▇▇▇▇▇▇█
wandb: train_accuracy ▆▆▄▃▇█▃▄▄▇▃▇▆▅▇▂▄▇▅█▅▆▅▆▆▆▃▃▅▆▇▄▄▇▆▄█▄▄▁
wandb:     train_loss █▃▂▃▂▂▂▂▂▁▁▂▂▂▂▂▁▁▁▁▁▁▂▁▁▁▁▁▂▁▁▂▁▁▁▁▁▁▁▁
wandb:   val_accuracy ▁▁▁▁▁▁▁▁▁▁▁▁▁▁▁▁▁▁█▁▁▁▁▁▁▁▁▁▁▁▁▁▁▁▁▁▁▁▁▁
wandb:       val_loss █▃▁▂▁▁▁▁▁▁▁▁▁▁▁▁▁▁▁▁▁▁▁▁▁▁▁▁▁▁▁▁▁▁▁▁▁▁▁▁
wandb: 
wandb: Run summary:
wandb:           best_epoch 48
wandb:    best_val_accuracy 52.45098
wandb:        best_val_loss 0.69313
wandb: checkpoint_best_path artifacts/probes/int...
wandb: checkpoint_last_path artifacts/probes/int...
wandb:      checkpoint_path artifacts/probes/int...
wandb:              dataset intphys2
wandb:      elapsed_seconds 7.59548
wandb:                epoch 100
wandb:    feature_signature 1e642fe5ac5d5e7f
wandb:                  +22 ...
wandb: 
wandb: 🚀 View run intphys2_mlp_videomae_vit_huge_16_224_layer_16/trial_0013 at: https://wandb.ai/caselli-niccolo-developer-university-of-amsterdam/probe4physics/runs/9exlfbd5
wandb: ⭐️ View project at: https://wandb.ai/caselli-niccolo-developer-university-of-amsterdam/probe4physics
wandb: Synced 5 W&B file(s), 0 media file(s), 0 artifact file(s) and 0 other file(s)
wandb: Find logs at: ./wandb/run-20260426_201445-9exlfbd5/logs
[I 2026-04-26 20:14:53,465] Trial 13 finished with value: 27.450980392156865 and parameters: {'lr': 0.000722107456245709, 'weight_decay': 0.0005526490680665499, 'batch_size': 256, 'hidden_dims': '1024x512x1024', 'dropout': 0.47360965207628086}. Best is trial 9 with value: 37.254901960784316.
wandb: setting up run tub9s87h
wandb: Tracking run with wandb version 0.26.1
wandb: Run data is saved locally in /gpfs/home3/scur0511/Probe4Physics/wandb/run-20260426_201453-tub9s87h
wandb: Run `wandb offline` to turn off syncing.
wandb: Syncing run intphys2_mlp_videomae_vit_huge_16_224_layer_16/trial_0014
wandb: ⭐️ View project at https://wandb.ai/caselli-niccolo-developer-university-of-amsterdam/probe4physics
wandb: 🚀 View run at https://wandb.ai/caselli-niccolo-developer-university-of-amsterdam/probe4physics/runs/tub9s87h
[eval.intphys2] Starting eval | split_name=val split_dir=data/splits/intphys2 predictor_mode=from_file metadata_file=data/annotations/intphys2_metadata.csv
[eval.intphys2] Loaded split assignments | split_scenes=51 split_samples=204
[eval.intphys2] Generated predictions | n_predictions=204
[eval.intphys2] Scoring complete | accuracy=55.3922 voe_accuracy=31.3725 n_scenes=51 n_samples=204
[eval.intphys2] Artifacts written | output_dir=artifacts/probes/intphys2/intphys2_probe_mlp_videomae_vit_huge_16_224_20260426T180941Z/layer_16/train/trial_0014/val_eval
wandb: uploading wandb-metadata.json; uploading requirements.txt; updating run metadata
wandb: uploading output.log; uploading wandb-summary.json; uploading config.yaml
wandb: 
wandb: Run history:
wandb:          epoch ▁▁▁▁▁▂▂▂▂▂▃▃▃▃▃▄▄▄▄▄▅▅▅▅▅▅▆▆▆▆▆▆▇▇▇▇▇███
wandb: train_accuracy ▂▄▂▄▃▃▃▄▁▅▄▅▁▂▄▂▃▃▃▃▅▃▄▃▅▄▆▄█▅▅▇▅▃▆▄▃▄▅▄
wandb:     train_loss █▁▂▂▂▂▂▂▂▂▂▁▂▂▂▁▁▁▁▂▁▁▁▁▂▁▁▁▂▁▁▂▂▁▂▂▁▁▂▁
wandb:   val_accuracy ▂▁▂▂▂▃▄▂▂▄▃▂▂█▂▄▄▂▄▃▅▄▂▆▂▆▃▆▄▂▃▄▃▄▄▆█▄▆▆
wandb:       val_loss █▄▃▅▃▂▃▃▃▃▃▂▂▃▂▂▂▃▂▂▂▂▃▂▂▂▂▂▂▂▂▂▂▁▁▁▁▃▁▁
wandb: 
wandb: Run summary:
wandb:           best_epoch 94
wandb:    best_val_accuracy 55.39216
wandb:        best_val_loss 0.69207
wandb: checkpoint_best_path artifacts/probes/int...
wandb: checkpoint_last_path artifacts/probes/int...
wandb:      checkpoint_path artifacts/probes/int...
wandb:              dataset intphys2
wandb:      elapsed_seconds 6.03219
wandb:                epoch 100
wandb:    feature_signature 1e642fe5ac5d5e7f
wandb:                  +22 ...
wandb: 
wandb: 🚀 View run intphys2_mlp_videomae_vit_huge_16_224_layer_16/trial_0014 at: https://wandb.ai/caselli-niccolo-developer-university-of-amsterdam/probe4physics/runs/tub9s87h
wandb: ⭐️ View project at: https://wandb.ai/caselli-niccolo-developer-university-of-amsterdam/probe4physics
wandb: Synced 5 W&B file(s), 0 media file(s), 0 artifact file(s) and 0 other file(s)
wandb: Find logs at: ./wandb/run-20260426_201453-tub9s87h/logs
[I 2026-04-26 20:15:00,672] Trial 14 finished with value: 31.372549019607842 and parameters: {'lr': 0.00012210851345137203, 'weight_decay': 0.009895164618575038, 'batch_size': 32, 'hidden_dims': '256', 'dropout': 0.3138214726279749}. Best is trial 9 with value: 37.254901960784316.
wandb: setting up run dcu97iyh
wandb: Tracking run with wandb version 0.26.1
wandb: Run data is saved locally in /gpfs/home3/scur0511/Probe4Physics/wandb/run-20260426_201500-dcu97iyh
wandb: Run `wandb offline` to turn off syncing.
wandb: Syncing run intphys2_mlp_videomae_vit_huge_16_224_layer_16/trial_0015
wandb: ⭐️ View project at https://wandb.ai/caselli-niccolo-developer-university-of-amsterdam/probe4physics
wandb: 🚀 View run at https://wandb.ai/caselli-niccolo-developer-university-of-amsterdam/probe4physics/runs/dcu97iyh
[eval.intphys2] Starting eval | split_name=val split_dir=data/splits/intphys2 predictor_mode=from_file metadata_file=data/annotations/intphys2_metadata.csv
[eval.intphys2] Loaded split assignments | split_scenes=51 split_samples=204
[eval.intphys2] Generated predictions | n_predictions=204
[eval.intphys2] Scoring complete | accuracy=56.8627 voe_accuracy=27.4510 n_scenes=51 n_samples=204
[eval.intphys2] Artifacts written | output_dir=artifacts/probes/intphys2/intphys2_probe_mlp_videomae_vit_huge_16_224_20260426T180941Z/layer_16/train/trial_0015/val_eval
wandb: updating run metadata
wandb: uploading wandb-metadata.json; uploading requirements.txt; uploading output.log; uploading wandb-summary.json; uploading config.yaml
wandb: 
wandb: Run history:
wandb:          epoch ▁▁▁▁▂▂▂▂▂▃▃▃▃▃▄▄▄▄▄▄▅▅▅▅▅▅▅▅▆▆▆▆▆▆▇▇▇███
wandb: train_accuracy ▃▃▃▂▃▄▄▅▃▄▄▄▄▄▅▄▅▅▇▅▆▁▆▄▄▇▆▆▄▇▆▇█▆▄▆▇▆▆█
wandb:     train_loss █▆▅▅▅▄▂▄▃▃▃▃▂▃▂▂▃▃▂▃▂▂▃▂▁▂▂▁▁▂▂▂▂▂▁▁▂▂▁▁
wandb:   val_accuracy ▂▃▂▁▂▂▄▄▂▃▄▅▄▃▄▅▄▃▅▃▄▂▃▄█▅▃▅▂▁▆▂▆▁▇▄▃▂▃▁
wandb:       val_loss █▇▄▄▄▄▄▄▄▃▂▃▃▃▃▂▂▂▃▂▂▂▂▃▂▂▂▂▂▂▂▂▂▁▂▂▂▃▁▁
wandb: 
wandb: Run summary:
wandb:           best_epoch 98
wandb:    best_val_accuracy 56.86275
wandb:        best_val_loss 0.69166
wandb: checkpoint_best_path artifacts/probes/int...
wandb: checkpoint_last_path artifacts/probes/int...
wandb:      checkpoint_path artifacts/probes/int...
wandb:              dataset intphys2
wandb:      elapsed_seconds 4.32257
wandb:                epoch 100
wandb:    feature_signature 1e642fe5ac5d5e7f
wandb:                  +22 ...
wandb: 
wandb: 🚀 View run intphys2_mlp_videomae_vit_huge_16_224_layer_16/trial_0015 at: https://wandb.ai/caselli-niccolo-developer-university-of-amsterdam/probe4physics/runs/dcu97iyh
wandb: ⭐️ View project at: https://wandb.ai/caselli-niccolo-developer-university-of-amsterdam/probe4physics
wandb: Synced 5 W&B file(s), 0 media file(s), 0 artifact file(s) and 0 other file(s)
wandb: Find logs at: ./wandb/run-20260426_201500-dcu97iyh/logs
[I 2026-04-26 20:15:06,029] Trial 15 finished with value: 27.450980392156865 and parameters: {'lr': 5.961058699462735e-05, 'weight_decay': 1.6092208403023874e-06, 'batch_size': 128, 'hidden_dims': '512', 'dropout': 0.18651679682283978}. Best is trial 9 with value: 37.254901960784316.
wandb: setting up run 7gd7avn3
wandb: Tracking run with wandb version 0.26.1
wandb: Run data is saved locally in /gpfs/home3/scur0511/Probe4Physics/wandb/run-20260426_201506-7gd7avn3
wandb: Run `wandb offline` to turn off syncing.
wandb: Syncing run intphys2_mlp_videomae_vit_huge_16_224_layer_16/trial_0016
wandb: ⭐️ View project at https://wandb.ai/caselli-niccolo-developer-university-of-amsterdam/probe4physics
wandb: 🚀 View run at https://wandb.ai/caselli-niccolo-developer-university-of-amsterdam/probe4physics/runs/7gd7avn3
[eval.intphys2] Starting eval | split_name=val split_dir=data/splits/intphys2 predictor_mode=from_file metadata_file=data/annotations/intphys2_metadata.csv
[eval.intphys2] Loaded split assignments | split_scenes=51 split_samples=204
[eval.intphys2] Generated predictions | n_predictions=204
[eval.intphys2] Scoring complete | accuracy=51.4706 voe_accuracy=35.2941 n_scenes=51 n_samples=204
[eval.intphys2] Artifacts written | output_dir=artifacts/probes/intphys2/intphys2_probe_mlp_videomae_vit_huge_16_224_20260426T180941Z/layer_16/train/trial_0016/val_eval
wandb: updating run metadata
wandb: uploading output.log; uploading wandb-summary.json; uploading config.yaml
wandb: 
wandb: Run history:
wandb:          epoch ▁▁▁▂▂▂▂▂▂▃▃▃▃▃▃▄▄▄▄▅▅▅▅▅▆▆▆▆▆▆▆▇▇▇▇█████
wandb: train_accuracy ▁▅▆▆▄▄▅▂▆▆█▆▅▅▇▃▇▇▇▅▇▃▆▇▅█▅█▄▅▅▄▄▅▆▇▅▆▇▇
wandb:     train_loss █▁▂▁▂▁▁▁▁▁▁▁▁▁▁▁▁▁▁▁▁▁▁▁▁▁▁▁▁▁▁▁▁▁▁▁▁▁▁▁
wandb:   val_accuracy ▃▃▃▃▃▃▃▃▃▃▆▃▃▃▃█▁▃▃▃▃▃▃▃▃▃▃▃▃▃▃▃▃▃▃▃▃▃▃▃
wandb:       val_loss █▂▁▂▁▁▁▁▂▁▁▁▁▁▁▁▁▁▁▁▁▁▁▁▁▁▁▁▁▁▁▁▁▁▁▁▁▁▁▁
wandb: 
wandb: Run summary:
wandb:           best_epoch 33
wandb:    best_val_accuracy 51.47059
wandb:        best_val_loss 0.6931
wandb: checkpoint_best_path artifacts/probes/int...
wandb: checkpoint_last_path artifacts/probes/int...
wandb:      checkpoint_path artifacts/probes/int...
wandb:              dataset intphys2
wandb:      elapsed_seconds 8.79846
wandb:                epoch 100
wandb:    feature_signature 1e642fe5ac5d5e7f
wandb:                  +22 ...
wandb: 
wandb: 🚀 View run intphys2_mlp_videomae_vit_huge_16_224_layer_16/trial_0016 at: https://wandb.ai/caselli-niccolo-developer-university-of-amsterdam/probe4physics/runs/7gd7avn3
wandb: ⭐️ View project at: https://wandb.ai/caselli-niccolo-developer-university-of-amsterdam/probe4physics
wandb: Synced 5 W&B file(s), 0 media file(s), 0 artifact file(s) and 0 other file(s)
wandb: Find logs at: ./wandb/run-20260426_201506-7gd7avn3/logs
[I 2026-04-26 20:15:15,964] Trial 16 finished with value: 35.294117647058826 and parameters: {'lr': 0.001558597254588861, 'weight_decay': 7.76445345630703e-05, 'batch_size': 32, 'hidden_dims': '512x256', 'dropout': 0.3171450572039446}. Best is trial 9 with value: 37.254901960784316.
wandb: setting up run 5vyj0otx
wandb: Tracking run with wandb version 0.26.1
wandb: Run data is saved locally in /gpfs/home3/scur0511/Probe4Physics/wandb/run-20260426_201516-5vyj0otx
wandb: Run `wandb offline` to turn off syncing.
wandb: Syncing run intphys2_mlp_videomae_vit_huge_16_224_layer_16/trial_0017
wandb: ⭐️ View project at https://wandb.ai/caselli-niccolo-developer-university-of-amsterdam/probe4physics
wandb: 🚀 View run at https://wandb.ai/caselli-niccolo-developer-university-of-amsterdam/probe4physics/runs/5vyj0otx
[eval.intphys2] Starting eval | split_name=val split_dir=data/splits/intphys2 predictor_mode=from_file metadata_file=data/annotations/intphys2_metadata.csv
[eval.intphys2] Loaded split assignments | split_scenes=51 split_samples=204
[eval.intphys2] Generated predictions | n_predictions=204
[eval.intphys2] Scoring complete | accuracy=54.4118 voe_accuracy=29.4118 n_scenes=51 n_samples=204
[eval.intphys2] Artifacts written | output_dir=artifacts/probes/intphys2/intphys2_probe_mlp_videomae_vit_huge_16_224_20260426T180941Z/layer_16/train/trial_0017/val_eval
wandb: updating run metadata
wandb: uploading output.log; uploading wandb-summary.json; uploading config.yaml
wandb: 
wandb: Run history:
wandb:          epoch ▁▁▁▂▂▂▂▂▃▃▃▃▃▃▄▄▄▄▄▅▅▅▅▅▅▅▅▅▆▆▆▇▇▇▇▇▇███
wandb: train_accuracy ▄▆▇█▁▃▇▄▅▂▆▇▂▅▂▃▄▇▂▃▅▇▇▇▇█▇▆▄▅▄▆▄██▄▄▆▇█
wandb:     train_loss ▇█▄▁▇▅▇▃▅▆▄▄▄▂▅▅▆▆▄▆▃▅▅▅▄▃▆▄▂▃▂▂▃▃▃▁▄▅▃▂
wandb:   val_accuracy ▂▂▄▂▂▂▃▂▁▂▆▂▁▂▃▂▂▂▄▅▂▃▄▃▁▂▄▇█▅▃▂▅▄▅▂▃▄▄▅
wandb:       val_loss █▁▁▂▂▁▁▁▂▁▁▁▂▂▁▁▁▁▁▁▁▁▁▁▁▁▁▁▁▁▁▁▁▁▁▁▁▁▁▁
wandb: 
wandb: Run summary:
wandb:           best_epoch 71
wandb:    best_val_accuracy 54.41176
wandb:        best_val_loss 0.69276
wandb: checkpoint_best_path artifacts/probes/int...
wandb: checkpoint_last_path artifacts/probes/int...
wandb:      checkpoint_path artifacts/probes/int...
wandb:              dataset intphys2
wandb:      elapsed_seconds 6.74027
wandb:                epoch 100
wandb:    feature_signature 1e642fe5ac5d5e7f
wandb:                  +22 ...
wandb: 
wandb: 🚀 View run intphys2_mlp_videomae_vit_huge_16_224_layer_16/trial_0017 at: https://wandb.ai/caselli-niccolo-developer-university-of-amsterdam/probe4physics/runs/5vyj0otx
wandb: ⭐️ View project at: https://wandb.ai/caselli-niccolo-developer-university-of-amsterdam/probe4physics
wandb: Synced 5 W&B file(s), 0 media file(s), 0 artifact file(s) and 0 other file(s)
wandb: Find logs at: ./wandb/run-20260426_201516-5vyj0otx/logs
[I 2026-04-26 20:15:23,762] Trial 17 finished with value: 29.411764705882355 and parameters: {'lr': 2.167346510977337e-05, 'weight_decay': 0.0017446933860116973, 'batch_size': 256, 'hidden_dims': '1024x512x256', 'dropout': 0.10521471406933722}. Best is trial 9 with value: 37.254901960784316.
wandb: setting up run 5piqivnu
wandb: Tracking run with wandb version 0.26.1
wandb: Run data is saved locally in /gpfs/home3/scur0511/Probe4Physics/wandb/run-20260426_201524-5piqivnu
wandb: Run `wandb offline` to turn off syncing.
wandb: Syncing run intphys2_mlp_videomae_vit_huge_16_224_layer_16/trial_0018
wandb: ⭐️ View project at https://wandb.ai/caselli-niccolo-developer-university-of-amsterdam/probe4physics
wandb: 🚀 View run at https://wandb.ai/caselli-niccolo-developer-university-of-amsterdam/probe4physics/runs/5piqivnu
[eval.intphys2] Starting eval | split_name=val split_dir=data/splits/intphys2 predictor_mode=from_file metadata_file=data/annotations/intphys2_metadata.csv
[eval.intphys2] Loaded split assignments | split_scenes=51 split_samples=204
[eval.intphys2] Generated predictions | n_predictions=204
[eval.intphys2] Scoring complete | accuracy=54.4118 voe_accuracy=35.2941 n_scenes=51 n_samples=204
[eval.intphys2] Artifacts written | output_dir=artifacts/probes/intphys2/intphys2_probe_mlp_videomae_vit_huge_16_224_20260426T180941Z/layer_16/train/trial_0018/val_eval
wandb: updating run metadata
wandb: uploading wandb-summary.json; uploading config.yaml; uploading output.log
wandb: 
wandb: Run history:
wandb:          epoch ▁▁▁▁▁▂▂▂▂▂▃▃▃▃▃▃▃▃▄▄▄▅▅▅▅▆▆▆▆▆▇▇▇▇▇▇▇███
wandb: train_accuracy ▁▄▅▄▃▃▄▅▃▅▂▄▂▆▁▁▂▆▆▇▃▂▆▅▆▅▅▄▄▄▅▄▅▃█▆▃▂▅▆
wandb:     train_loss ▆█▄▅▆▆▄▅▇▃▄▃▁▇▃▇▂▇▂▄▅▁▃▅▃▄▄▄▄▄▃▃▄▃▃▃▄▃▂▅
wandb:   val_accuracy ▅▃▃▃▃▃▃▂▄▅▅▅▅▅▅▂▃▃▃▇▃▄▂▅▅▃▆▃▃▆▃▃▃▅▁█▄▃▆▄
wandb:       val_loss ▆█▄▂▁▂▆▁▁▂▃▂▁▁▁▁▂▁▁▁▂▁▁▁▁▃▂▁▃▁▂▁▁▁▂▁▁▂▃▁
wandb: 
wandb: Run summary:
wandb:           best_epoch 90
wandb:    best_val_accuracy 54.41176
wandb:        best_val_loss 0.69284
wandb: checkpoint_best_path artifacts/probes/int...
wandb: checkpoint_last_path artifacts/probes/int...
wandb:      checkpoint_path artifacts/probes/int...
wandb:              dataset intphys2
wandb:      elapsed_seconds 8.75576
wandb:                epoch 100
wandb:    feature_signature 1e642fe5ac5d5e7f
wandb:                  +22 ...
wandb: 
wandb: 🚀 View run intphys2_mlp_videomae_vit_huge_16_224_layer_16/trial_0018 at: https://wandb.ai/caselli-niccolo-developer-university-of-amsterdam/probe4physics/runs/5piqivnu
wandb: ⭐️ View project at: https://wandb.ai/caselli-niccolo-developer-university-of-amsterdam/probe4physics
wandb: Synced 5 W&B file(s), 0 media file(s), 0 artifact file(s) and 0 other file(s)
wandb: Find logs at: ./wandb/run-20260426_201524-5piqivnu/logs
[I 2026-04-26 20:15:33,500] Trial 18 finished with value: 35.294117647058826 and parameters: {'lr': 0.00010113416906055273, 'weight_decay': 8.079185621006249e-05, 'batch_size': 128, 'hidden_dims': '1024x512x1024', 'dropout': 0.2261631564388042}. Best is trial 9 with value: 37.254901960784316.
wandb: setting up run wejowgaz
wandb: Tracking run with wandb version 0.26.1
wandb: Run data is saved locally in /gpfs/home3/scur0511/Probe4Physics/wandb/run-20260426_201533-wejowgaz
wandb: Run `wandb offline` to turn off syncing.
wandb: Syncing run intphys2_mlp_videomae_vit_huge_16_224_layer_16/trial_0019
wandb: ⭐️ View project at https://wandb.ai/caselli-niccolo-developer-university-of-amsterdam/probe4physics
wandb: 🚀 View run at https://wandb.ai/caselli-niccolo-developer-university-of-amsterdam/probe4physics/runs/wejowgaz
[eval.intphys2] Starting eval | split_name=val split_dir=data/splits/intphys2 predictor_mode=from_file metadata_file=data/annotations/intphys2_metadata.csv
[eval.intphys2] Loaded split assignments | split_scenes=51 split_samples=204
[eval.intphys2] Generated predictions | n_predictions=204
[eval.intphys2] Scoring complete | accuracy=51.4706 voe_accuracy=27.4510 n_scenes=51 n_samples=204
[eval.intphys2] Artifacts written | output_dir=artifacts/probes/intphys2/intphys2_probe_mlp_videomae_vit_huge_16_224_20260426T180941Z/layer_16/train/trial_0019/val_eval
wandb: updating run metadata
wandb: uploading output.log; uploading wandb-summary.json; uploading config.yaml
wandb: 
wandb: Run history:
wandb:          epoch ▁▁▂▂▂▂▂▂▂▂▃▃▃▃▃▃▄▄▄▄▄▄▄▅▅▅▅▆▆▆▇▇▇▇▇▇████
wandb: train_accuracy ▂▅▅▆▂▂▆▇▃▅▄▆▄▅▅█▄▆▄▅▅▄▆▄▃▇▄▄▄█▁▅▆▂▅▄▄▃▄▄
wandb:     train_loss █▅▂▃▂▃▂▂▂▂▂▁▂▂▂▂▂▂▂▂▁▂▁▂▂▁▁▁▂▂▂▂▂▁▂▁▂▂▁▁
wandb:   val_accuracy ▁█▁▁▁▁▁▁▁▁█▁▁▁▁▁▁▁▁█▁▁▁▁▁▁▁▁▁▁▁▁▁▁▁▁▁▁▁▁
wandb:       val_loss ▆▁█▄▅▁▁▁▁▁▁▁▁▁▁▃▁▁▂▁▂▁▁▁▁▁▁▁▁▁▁▁▁▁▁▁▁▁▁▁
wandb: 
wandb: Run summary:
wandb:           best_epoch 37
wandb:    best_val_accuracy 51.47059
wandb:        best_val_loss 0.69312
wandb: checkpoint_best_path artifacts/probes/int...
wandb: checkpoint_last_path artifacts/probes/int...
wandb:      checkpoint_path artifacts/probes/int...
wandb:              dataset intphys2
wandb:      elapsed_seconds 15.03253
wandb:                epoch 100
wandb:    feature_signature 1e642fe5ac5d5e7f
wandb:                  +22 ...
wandb: 
wandb: 🚀 View run intphys2_mlp_videomae_vit_huge_16_224_layer_16/trial_0019 at: https://wandb.ai/caselli-niccolo-developer-university-of-amsterdam/probe4physics/runs/wejowgaz
wandb: ⭐️ View project at: https://wandb.ai/caselli-niccolo-developer-university-of-amsterdam/probe4physics
wandb: Synced 5 W&B file(s), 0 media file(s), 0 artifact file(s) and 0 other file(s)
wandb: Find logs at: ./wandb/run-20260426_201533-wejowgaz/logs
[I 2026-04-26 20:15:49,787] Trial 19 finished with value: 27.450980392156865 and parameters: {'lr': 0.00033193318981690473, 'weight_decay': 1.112817360266006e-06, 'batch_size': 32, 'hidden_dims': '1024x512x256', 'dropout': 0.4400378752295814}. Best is trial 9 with value: 37.254901960784316.
[eval.intphys2] Starting eval | split_name=train split_dir=data/splits/intphys2 predictor_mode=from_file metadata_file=data/annotations/intphys2_metadata.csv
[eval.intphys2] Loaded split assignments | split_scenes=151 split_samples=604
[eval.intphys2] Generated predictions | n_predictions=604
[eval.intphys2] Scoring complete | accuracy=54.1391 voe_accuracy=43.0464 n_scenes=151 n_samples=604
[eval.intphys2] Artifacts written | output_dir=artifacts/probes/intphys2/intphys2_probe_mlp_videomae_vit_huge_16_224_20260426T180941Z/layer_16/eval/train
[eval.intphys2] Starting eval | split_name=val split_dir=data/splits/intphys2 predictor_mode=from_file metadata_file=data/annotations/intphys2_metadata.csv
[eval.intphys2] Loaded split assignments | split_scenes=51 split_samples=204
[eval.intphys2] Generated predictions | n_predictions=204
[eval.intphys2] Scoring complete | accuracy=54.4118 voe_accuracy=37.2549 n_scenes=51 n_samples=204
[eval.intphys2] Artifacts written | output_dir=artifacts/probes/intphys2/intphys2_probe_mlp_videomae_vit_huge_16_224_20260426T180941Z/layer_16/eval/val
[eval.intphys2] Starting eval | split_name=test split_dir=data/splits/intphys2 predictor_mode=from_file metadata_file=data/annotations/intphys2_metadata.csv
[eval.intphys2] Loaded split assignments | split_scenes=51 split_samples=204
[eval.intphys2] Generated predictions | n_predictions=204
[eval.intphys2] Scoring complete | accuracy=52.9412 voe_accuracy=35.2941 n_scenes=51 n_samples=204
[eval.intphys2] Artifacts written | output_dir=artifacts/probes/intphys2/intphys2_probe_mlp_videomae_vit_huge_16_224_20260426T180941Z/layer_16/eval/test
[I 2026-04-26 20:15:50,328] A new study created in RDB with name: intphys2_mlp_videomae_vit_huge_16_224_layer_24
wandb: setting up run hz8ypz6g
wandb: Tracking run with wandb version 0.26.1
wandb: Run data is saved locally in /gpfs/home3/scur0511/Probe4Physics/wandb/run-20260426_201550-hz8ypz6g
wandb: Run `wandb offline` to turn off syncing.
wandb: Syncing run intphys2_mlp_videomae_vit_huge_16_224_layer_24/trial_0000
wandb: ⭐️ View project at https://wandb.ai/caselli-niccolo-developer-university-of-amsterdam/probe4physics
wandb: 🚀 View run at https://wandb.ai/caselli-niccolo-developer-university-of-amsterdam/probe4physics/runs/hz8ypz6g
[eval.intphys2] Starting eval | split_name=val split_dir=data/splits/intphys2 predictor_mode=from_file metadata_file=data/annotations/intphys2_metadata.csv
[eval.intphys2] Loaded split assignments | split_scenes=51 split_samples=204
[eval.intphys2] Generated predictions | n_predictions=204
[eval.intphys2] Scoring complete | accuracy=51.4706 voe_accuracy=19.6078 n_scenes=51 n_samples=204
[eval.intphys2] Artifacts written | output_dir=artifacts/probes/intphys2/intphys2_probe_mlp_videomae_vit_huge_16_224_20260426T180941Z/layer_24/train/trial_0000/val_eval
wandb: updating run metadata
wandb: uploading config.yaml; uploading output.log; uploading wandb-summary.json
wandb: 
wandb: Run history:
wandb:          epoch ▁▁▁▁▁▂▂▂▂▂▃▃▃▃▃▄▄▄▄▄▄▄▄▄▄▅▅▆▆▆▇▇▇▇▇█████
wandb: train_accuracy ▇▂▆▁▂▂▅▂▅▁▂▄▇▆▁▄▄▂▅▇▆▁▄█▆▁▃▄▆▆▄▅▇▆▃▃▂▄▃▃
wandb:     train_loss █▅▄▅▃▄▂▃▂▂▂▂▂▃▁▃▂▂▃▂▂▂▂▂▂▂▂▂▂▂▂▁▁▂▃▂▂▂▁▂
wandb:   val_accuracy ▅▅▅▅▅▅█▅▅▅█▅▅▅▅▅█▅▅▅▅▅▁█▅▅▅▅▅▅▅▅▅▅▅▅▅▅▅▅
wandb:       val_loss ▆█▂▂▂▂▁▁▁▁▁▁▂▁▁▁▁▁▁▁▂▁▁▁▁▁▁▁▁▁▁▁▁▁▁▁▁▂▁▁
wandb: 
wandb: Run summary:
wandb:           best_epoch 74
wandb:    best_val_accuracy 51.47059
wandb:        best_val_loss 0.69309
wandb: checkpoint_best_path artifacts/probes/int...
wandb: checkpoint_last_path artifacts/probes/int...
wandb:      checkpoint_path artifacts/probes/int...
wandb:              dataset intphys2
wandb:      elapsed_seconds 17.27204
wandb:                epoch 100
wandb:    feature_signature 1e642fe5ac5d5e7f
wandb:                  +22 ...
wandb: 
wandb: 🚀 View run intphys2_mlp_videomae_vit_huge_16_224_layer_24/trial_0000 at: https://wandb.ai/caselli-niccolo-developer-university-of-amsterdam/probe4physics/runs/hz8ypz6g
wandb: ⭐️ View project at: https://wandb.ai/caselli-niccolo-developer-university-of-amsterdam/probe4physics
wandb: Synced 5 W&B file(s), 0 media file(s), 0 artifact file(s) and 0 other file(s)
wandb: Find logs at: ./wandb/run-20260426_201550-hz8ypz6g/logs
[I 2026-04-26 20:16:08,637] Trial 0 finished with value: 19.607843137254903 and parameters: {'lr': 0.0001329291894316216, 'weight_decay': 0.005061576888752304, 'batch_size': 32, 'hidden_dims': '1024x512x1024', 'dropout': 0.41622132040021087}. Best is trial 0 with value: 19.607843137254903.
wandb: setting up run 2n1lzkpn
wandb: Tracking run with wandb version 0.26.1
wandb: Run data is saved locally in /gpfs/home3/scur0511/Probe4Physics/wandb/run-20260426_201608-2n1lzkpn
wandb: Run `wandb offline` to turn off syncing.
wandb: Syncing run intphys2_mlp_videomae_vit_huge_16_224_layer_24/trial_0001
wandb: ⭐️ View project at https://wandb.ai/caselli-niccolo-developer-university-of-amsterdam/probe4physics
wandb: 🚀 View run at https://wandb.ai/caselli-niccolo-developer-university-of-amsterdam/probe4physics/runs/2n1lzkpn
[eval.intphys2] Starting eval | split_name=val split_dir=data/splits/intphys2 predictor_mode=from_file metadata_file=data/annotations/intphys2_metadata.csv
[eval.intphys2] Loaded split assignments | split_scenes=51 split_samples=204
[eval.intphys2] Generated predictions | n_predictions=204
[eval.intphys2] Scoring complete | accuracy=54.4118 voe_accuracy=33.3333 n_scenes=51 n_samples=204
[eval.intphys2] Artifacts written | output_dir=artifacts/probes/intphys2/intphys2_probe_mlp_videomae_vit_huge_16_224_20260426T180941Z/layer_24/train/trial_0001/val_eval
wandb: updating run metadata
wandb: uploading wandb-metadata.json; uploading requirements.txt; uploading output.log; uploading wandb-summary.json; uploading config.yaml
wandb: 
wandb: Run history:
wandb:          epoch ▁▁▁▁▁▂▂▂▂▂▃▃▃▃▄▄▄▄▅▅▅▅▅▅▅▆▆▆▆▆▆▆▇▇▇▇████
wandb: train_accuracy ▃▂▃▄▅▃▂▃▅█▅▆▂▅▅▅▁▅▄▆▄▅▆▅▅▂▃▅▅▆▄█▆▆▆▅▂▄▅▇
wandb:     train_loss █▄▄▆▃▁▄▄▃▃▃▁▄▃▂▃▂▂▂▂▂▂▂▂▁▂▂▁▂▃▁▁▁▁▁▂▂▂▂▁
wandb:   val_accuracy ▂▂▂▃▄▃▄▂▄▄▅▁▅▃▅▅▃▃▅▃▂▃▆▂██▅▆▆▁▆▆▅▆▄▄▃▆▄▅
wandb:       val_loss █▅▄▆▄▃▃▃▃▃▃▂▂▂▂▂▂▂▂▂▂▂▂▁▁▁▁▂▁▁▁▁▁▁▁▁▁▁▂▁
wandb: 
wandb: Run summary:
wandb:           best_epoch 59
wandb:    best_val_accuracy 54.41176
wandb:        best_val_loss 0.69255
wandb: checkpoint_best_path artifacts/probes/int...
wandb: checkpoint_last_path artifacts/probes/int...
wandb:      checkpoint_path artifacts/probes/int...
wandb:              dataset intphys2
wandb:      elapsed_seconds 4.38905
wandb:                epoch 100
wandb:    feature_signature 1e642fe5ac5d5e7f
wandb:                  +22 ...
wandb: 
wandb: 🚀 View run intphys2_mlp_videomae_vit_huge_16_224_layer_24/trial_0001 at: https://wandb.ai/caselli-niccolo-developer-university-of-amsterdam/probe4physics/runs/2n1lzkpn
wandb: ⭐️ View project at: https://wandb.ai/caselli-niccolo-developer-university-of-amsterdam/probe4physics
wandb: Synced 5 W&B file(s), 0 media file(s), 0 artifact file(s) and 0 other file(s)
wandb: Find logs at: ./wandb/run-20260426_201608-2n1lzkpn/logs
[I 2026-04-26 20:16:14,094] Trial 1 finished with value: 33.33333333333333 and parameters: {'lr': 4.335281794951564e-05, 'weight_decay': 1.2329623163659816e-07, 'batch_size': 128, 'hidden_dims': '512', 'dropout': 0.3925879806965068}. Best is trial 1 with value: 33.33333333333333.
wandb: setting up run crxanit6
wandb: Tracking run with wandb version 0.26.1
wandb: Run data is saved locally in /gpfs/home3/scur0511/Probe4Physics/wandb/run-20260426_201614-crxanit6
wandb: Run `wandb offline` to turn off syncing.
wandb: Syncing run intphys2_mlp_videomae_vit_huge_16_224_layer_24/trial_0002
wandb: ⭐️ View project at https://wandb.ai/caselli-niccolo-developer-university-of-amsterdam/probe4physics
wandb: 🚀 View run at https://wandb.ai/caselli-niccolo-developer-university-of-amsterdam/probe4physics/runs/crxanit6
[eval.intphys2] Starting eval | split_name=val split_dir=data/splits/intphys2 predictor_mode=from_file metadata_file=data/annotations/intphys2_metadata.csv
[eval.intphys2] Loaded split assignments | split_scenes=51 split_samples=204
[eval.intphys2] Generated predictions | n_predictions=204
[eval.intphys2] Scoring complete | accuracy=54.9020 voe_accuracy=25.4902 n_scenes=51 n_samples=204
[eval.intphys2] Artifacts written | output_dir=artifacts/probes/intphys2/intphys2_probe_mlp_videomae_vit_huge_16_224_20260426T180941Z/layer_24/train/trial_0002/val_eval
wandb: updating run metadata
wandb: uploading requirements.txt; uploading output.log; uploading wandb-summary.json; uploading config.yaml; uploading wandb-metadata.json
wandb: 
wandb: Run history:
wandb:          epoch ▁▁▁▂▂▂▂▃▃▃▃▃▄▄▄▄▄▄▄▅▅▅▅▅▆▆▆▆▆▆▇▇▇▇▇█████
wandb: train_accuracy ▆▁▄▃▅▃▁▅▃▆▅▄▂█▆▄▅▄▇▆▇▇▅▃█▇▅▇█▃▅▇▅▆▇█▆▁▆▇
wandb:     train_loss █▆▅▇▅▄▆▅▆▃▃▄▄▄▄▄▄▃▃▁▃▃▃▃▃▃▂▂▂▃▃▁▁▂▂▁▁▃▁▂
wandb:   val_accuracy ▄▅▄▃▂▂▃▂▆▃▂▄▅▃▇▄▃▇▇▂▁▄▆▂▃▆▇▇▇▄▅▇▅█▅▆▅▄▃▄
wandb:       val_loss ▇█▅▄▄▃▃▃▃▃▃▂▂▃▃▂▂▂▂▂▂▂▂▂▂▂▂▂▁▁▁▁▁▁▁▁▁▂▁▁
wandb: 
wandb: Run summary:
wandb:           best_epoch 76
wandb:    best_val_accuracy 54.90196
wandb:        best_val_loss 0.69219
wandb: checkpoint_best_path artifacts/probes/int...
wandb: checkpoint_last_path artifacts/probes/int...
wandb:      checkpoint_path artifacts/probes/int...
wandb:              dataset intphys2
wandb:      elapsed_seconds 5.57987
wandb:                epoch 100
wandb:    feature_signature 1e642fe5ac5d5e7f
wandb:                  +22 ...
wandb: 
wandb: 🚀 View run intphys2_mlp_videomae_vit_huge_16_224_layer_24/trial_0002 at: https://wandb.ai/caselli-niccolo-developer-university-of-amsterdam/probe4physics/runs/crxanit6
wandb: ⭐️ View project at: https://wandb.ai/caselli-niccolo-developer-university-of-amsterdam/probe4physics
wandb: Synced 5 W&B file(s), 0 media file(s), 0 artifact file(s) and 0 other file(s)
wandb: Find logs at: ./wandb/run-20260426_201614-crxanit6/logs
[I 2026-04-26 20:16:20,697] Trial 2 finished with value: 25.49019607843137 and parameters: {'lr': 3.972110727381908e-05, 'weight_decay': 1.217325250419405e-05, 'batch_size': 128, 'hidden_dims': '1024', 'dropout': 0.34211651325607845}. Best is trial 1 with value: 33.33333333333333.
wandb: setting up run gghmhawe
wandb: Tracking run with wandb version 0.26.1
wandb: Run data is saved locally in /gpfs/home3/scur0511/Probe4Physics/wandb/run-20260426_201620-gghmhawe
wandb: Run `wandb offline` to turn off syncing.
wandb: Syncing run intphys2_mlp_videomae_vit_huge_16_224_layer_24/trial_0003
wandb: ⭐️ View project at https://wandb.ai/caselli-niccolo-developer-university-of-amsterdam/probe4physics
wandb: 🚀 View run at https://wandb.ai/caselli-niccolo-developer-university-of-amsterdam/probe4physics/runs/gghmhawe
[eval.intphys2] Starting eval | split_name=val split_dir=data/splits/intphys2 predictor_mode=from_file metadata_file=data/annotations/intphys2_metadata.csv
[eval.intphys2] Loaded split assignments | split_scenes=51 split_samples=204
[eval.intphys2] Generated predictions | n_predictions=204
[eval.intphys2] Scoring complete | accuracy=52.4510 voe_accuracy=25.4902 n_scenes=51 n_samples=204
[eval.intphys2] Artifacts written | output_dir=artifacts/probes/intphys2/intphys2_probe_mlp_videomae_vit_huge_16_224_20260426T180941Z/layer_24/train/trial_0003/val_eval
wandb: updating run metadata
wandb: uploading output.log; uploading wandb-summary.json; uploading config.yaml
wandb: uploading config.yaml
wandb: 
wandb: Run history:
wandb:          epoch ▁▁▁▁▁▂▂▂▂▂▂▂▃▃▃▃▄▄▄▄▄▅▅▅▅▅▆▆▆▆▆▇▇▇▇▇▇▇██
wandb: train_accuracy ▃▇▄▄▂▄▆▄▃▅▃▂▇▁▆▅▄▄▆▂▆▇▅▅▄▄▆▂▂▅▆▆█▄▄▅▃▅▆▄
wandb:     train_loss █▄▃▂▂▂▂▁▁▂▂▂▂▁▁▁▂▂▁▁▂▁▁▁▂▁▁▂▂▂▂▁▁▁▁▂▂▁▂▂
wandb:   val_accuracy ▅▅▅▅▅▃▅▅▆▅▄▇▅█▅▅▅▅▆▅▅▅▅▅▅▅█▅▅▅▅▅▅▁▅▅▅▅▅▆
wandb:       val_loss █▃▄▂▄▁▄▂▁▁▁▁▁▁▁▁▁▁▁▁▁▁▂▂▁▁▂▁▁▁▂▁▁▁▁▁▁▂▁▁
wandb: 
wandb: Run summary:
wandb:           best_epoch 36
wandb:    best_val_accuracy 52.45098
wandb:        best_val_loss 0.69304
wandb: checkpoint_best_path artifacts/probes/int...
wandb: checkpoint_last_path artifacts/probes/int...
wandb:      checkpoint_path artifacts/probes/int...
wandb:              dataset intphys2
wandb:      elapsed_seconds 8.84979
wandb:                epoch 100
wandb:    feature_signature 1e642fe5ac5d5e7f
wandb:                  +22 ...
wandb: 
wandb: 🚀 View run intphys2_mlp_videomae_vit_huge_16_224_layer_24/trial_0003 at: https://wandb.ai/caselli-niccolo-developer-university-of-amsterdam/probe4physics/runs/gghmhawe
wandb: ⭐️ View project at: https://wandb.ai/caselli-niccolo-developer-university-of-amsterdam/probe4physics
wandb: Synced 5 W&B file(s), 0 media file(s), 0 artifact file(s) and 0 other file(s)
wandb: Find logs at: ./wandb/run-20260426_201620-gghmhawe/logs
[I 2026-04-26 20:16:31,016] Trial 3 finished with value: 25.49019607843137 and parameters: {'lr': 0.00020914981329035596, 'weight_decay': 5.397956855996434e-08, 'batch_size': 128, 'hidden_dims': '1024x512x1024', 'dropout': 0.3875664116805573}. Best is trial 1 with value: 33.33333333333333.
wandb: setting up run o5qyj1i7
wandb: Tracking run with wandb version 0.26.1
wandb: Run data is saved locally in /gpfs/home3/scur0511/Probe4Physics/wandb/run-20260426_201631-o5qyj1i7
wandb: Run `wandb offline` to turn off syncing.
wandb: Syncing run intphys2_mlp_videomae_vit_huge_16_224_layer_24/trial_0004
wandb: ⭐️ View project at https://wandb.ai/caselli-niccolo-developer-university-of-amsterdam/probe4physics
wandb: 🚀 View run at https://wandb.ai/caselli-niccolo-developer-university-of-amsterdam/probe4physics/runs/o5qyj1i7
[eval.intphys2] Starting eval | split_name=val split_dir=data/splits/intphys2 predictor_mode=from_file metadata_file=data/annotations/intphys2_metadata.csv
[eval.intphys2] Loaded split assignments | split_scenes=51 split_samples=204
[eval.intphys2] Generated predictions | n_predictions=204
[eval.intphys2] Scoring complete | accuracy=50.9804 voe_accuracy=15.6863 n_scenes=51 n_samples=204
[eval.intphys2] Artifacts written | output_dir=artifacts/probes/intphys2/intphys2_probe_mlp_videomae_vit_huge_16_224_20260426T180941Z/layer_24/train/trial_0004/val_eval
wandb: updating run metadata
wandb: uploading config.yaml; uploading output.log; uploading wandb-summary.json
wandb: 
wandb: Run history:
wandb:          epoch ▁▁▁▂▂▂▂▃▃▃▃▃▃▄▄▄▄▄▄▄▅▅▅▅▅▆▆▆▆▇▇▇▇▇▇█████
wandb: train_accuracy ▅▆▇▁▃▅▆▆▇▇▅▄▆▅▇▆▆▇▄▆▄▆▇▄█▄▆▇▄▇▂▆▄▆▅▇▄▇█▆
wandb:     train_loss █▁▁▁▂▁▁▁▁▁▁▁▁▁▁▁▁▁▁▁▁▁▁▁▁▁▁▁▁▁▁▁▁▁▁▁▁▁▁▁
wandb:   val_accuracy ▁▁▁▁▁▁▁▁▁▁▁▁▁▁▁▁▁▁▁▁▁▁▁▁▁▁▁▁▁▁▁▁▁▁▁▁▁▁▁▁
wandb:       val_loss ▃▂▂██▄▁▄▂▃▃▁▃▁▁▁▁▁▁▂▁▁▁▁▁▁▁▁▁▁▁▁▁▁▁▁▁▁▁▁
wandb: 
wandb: Run summary:
wandb:           best_epoch 43
wandb:    best_val_accuracy 50.9804
wandb:        best_val_loss 0.69315
wandb: checkpoint_best_path artifacts/probes/int...
wandb: checkpoint_last_path artifacts/probes/int...
wandb:      checkpoint_path artifacts/probes/int...
wandb:              dataset intphys2
wandb:      elapsed_seconds 10.40402
wandb:                epoch 100
wandb:    feature_signature 1e642fe5ac5d5e7f
wandb:                  +22 ...
wandb: 
wandb: 🚀 View run intphys2_mlp_videomae_vit_huge_16_224_layer_24/trial_0004 at: https://wandb.ai/caselli-niccolo-developer-university-of-amsterdam/probe4physics/runs/o5qyj1i7
wandb: ⭐️ View project at: https://wandb.ai/caselli-niccolo-developer-university-of-amsterdam/probe4physics
wandb: Synced 5 W&B file(s), 0 media file(s), 0 artifact file(s) and 0 other file(s)
wandb: Find logs at: ./wandb/run-20260426_201631-o5qyj1i7/logs
[I 2026-04-26 20:16:42,454] Trial 4 finished with value: 15.686274509803921 and parameters: {'lr': 0.006584106160121612, 'weight_decay': 0.002338643925620875, 'batch_size': 64, 'hidden_dims': '1024x512x256', 'dropout': 0.14046725484369038}. Best is trial 1 with value: 33.33333333333333.
wandb: setting up run rvz828yn
wandb: Tracking run with wandb version 0.26.1
wandb: Run data is saved locally in /gpfs/home3/scur0511/Probe4Physics/wandb/run-20260426_201642-rvz828yn
wandb: Run `wandb offline` to turn off syncing.
wandb: Syncing run intphys2_mlp_videomae_vit_huge_16_224_layer_24/trial_0005
wandb: ⭐️ View project at https://wandb.ai/caselli-niccolo-developer-university-of-amsterdam/probe4physics
wandb: 🚀 View run at https://wandb.ai/caselli-niccolo-developer-university-of-amsterdam/probe4physics/runs/rvz828yn
[eval.intphys2] Starting eval | split_name=val split_dir=data/splits/intphys2 predictor_mode=from_file metadata_file=data/annotations/intphys2_metadata.csv
[eval.intphys2] Loaded split assignments | split_scenes=51 split_samples=204
[eval.intphys2] Generated predictions | n_predictions=204
[eval.intphys2] Scoring complete | accuracy=55.8824 voe_accuracy=29.4118 n_scenes=51 n_samples=204
[eval.intphys2] Artifacts written | output_dir=artifacts/probes/intphys2/intphys2_probe_mlp_videomae_vit_huge_16_224_20260426T180941Z/layer_24/train/trial_0005/val_eval
wandb: updating run metadata
wandb: uploading wandb-metadata.json; uploading requirements.txt; uploading output.log; uploading wandb-summary.json; uploading config.yaml
wandb: 
wandb: Run history:
wandb:          epoch ▁▁▁▁▁▂▂▂▂▃▃▃▃▃▃▄▄▄▄▄▄▅▅▅▅▆▆▆▆▆▇▇▇▇▇█████
wandb: train_accuracy ▁▂▁▂▃▄▂▃▃▂▂▃▃▄▃▄▁▃▄▂▄▄▃▃▂▅▆▄▄▇▆▃▃▅▄▄▅█▂▅
wandb:     train_loss █▄▂▁▁▁▁▁▁▁▁▁▁▁▁▁▁▁▁▁▁▁▁▁▁▁▁▁▁▁▁▁▁▁▁▁▁▁▁▁
wandb:   val_accuracy ▂▂▂▂▂▂▃▆▃▃▄▂▂▄▂▃▅▂▅▃▅▄█▅▆▄▄▅▅▅▂▃▆█▆▁▇▇▃▄
wandb:       val_loss █▆▄▁▁▁▁▁▁▁▁▁▁▁▁▁▁▁▁▁▁▁▁▁▁▁▁▁▁▁▁▂▁▁▁▁▁▁▁▁
wandb: 
wandb: Run summary:
wandb:           best_epoch 70
wandb:    best_val_accuracy 55.88235
wandb:        best_val_loss 0.69069
wandb: checkpoint_best_path artifacts/probes/int...
wandb: checkpoint_last_path artifacts/probes/int...
wandb:      checkpoint_path artifacts/probes/int...
wandb:              dataset intphys2
wandb:      elapsed_seconds 5.54757
wandb:                epoch 100
wandb:    feature_signature 1e642fe5ac5d5e7f
wandb:                  +22 ...
wandb: 
wandb: 🚀 View run intphys2_mlp_videomae_vit_huge_16_224_layer_24/trial_0005 at: https://wandb.ai/caselli-niccolo-developer-university-of-amsterdam/probe4physics/runs/rvz828yn
wandb: ⭐️ View project at: https://wandb.ai/caselli-niccolo-developer-university-of-amsterdam/probe4physics
wandb: Synced 5 W&B file(s), 0 media file(s), 0 artifact file(s) and 0 other file(s)
wandb: Find logs at: ./wandb/run-20260426_201642-rvz828yn/logs
[I 2026-04-26 20:16:49,046] Trial 5 finished with value: 29.411764705882355 and parameters: {'lr': 0.00042470585622618684, 'weight_decay': 7.007213496896406e-08, 'batch_size': 128, 'hidden_dims': '1024', 'dropout': 0.03702232586704518}. Best is trial 1 with value: 33.33333333333333.
wandb: setting up run 79l7052k
wandb: Tracking run with wandb version 0.26.1
wandb: Run data is saved locally in /gpfs/home3/scur0511/Probe4Physics/wandb/run-20260426_201649-79l7052k
wandb: Run `wandb offline` to turn off syncing.
wandb: Syncing run intphys2_mlp_videomae_vit_huge_16_224_layer_24/trial_0006
wandb: ⭐️ View project at https://wandb.ai/caselli-niccolo-developer-university-of-amsterdam/probe4physics
wandb: 🚀 View run at https://wandb.ai/caselli-niccolo-developer-university-of-amsterdam/probe4physics/runs/79l7052k
[eval.intphys2] Starting eval | split_name=val split_dir=data/splits/intphys2 predictor_mode=from_file metadata_file=data/annotations/intphys2_metadata.csv
[eval.intphys2] Loaded split assignments | split_scenes=51 split_samples=204
[eval.intphys2] Generated predictions | n_predictions=204
[eval.intphys2] Scoring complete | accuracy=52.9412 voe_accuracy=29.4118 n_scenes=51 n_samples=204
[eval.intphys2] Artifacts written | output_dir=artifacts/probes/intphys2/intphys2_probe_mlp_videomae_vit_huge_16_224_20260426T180941Z/layer_24/train/trial_0006/val_eval
wandb: updating run metadata
wandb: uploading output.log; uploading wandb-summary.json; uploading config.yaml
wandb: 
wandb: Run history:
wandb:          epoch ▁▁▂▂▂▂▂▂▂▂▃▃▃▄▄▄▄▄▄▄▄▅▅▅▅▅▅▅▆▆▆▆▇▇▇▇▇▇▇█
wandb: train_accuracy ▄▇▃▃▅▅▄▄▃▅▇▂▄█▅▄▄▆▆▄▅█▁▅▅▄▆▄▆▄▆▅▄▄▅▃▃▅▆▆
wandb:     train_loss █▆▄█▆▄▂▃▂▃▂▁▃▁▃▂▂▂▂▂▂▁▂▂▁▂▂▁▁▃▁▁▂▂▂▂▃▁▁▂
wandb:   val_accuracy ▂▂▂▂▂▂▂▂▂▂▅▂▂▂▂▂▁▂▂▅▂▂▂▂▂▂█▂▂▇▂▅▂▆▂▂▃▂▃▃
wandb:       val_loss █▂▂▁▃▄▁▃▁▁▁▂▁▁▁▂▁▁▁▁▂▁▁▁▁▂▂▁▁▁▂▁▁▁▁▁▁▂▁▂
wandb: 
wandb: Run summary:
wandb:           best_epoch 28
wandb:    best_val_accuracy 52.94118
wandb:        best_val_loss 0.69304
wandb: checkpoint_best_path artifacts/probes/int...
wandb: checkpoint_last_path artifacts/probes/int...
wandb:      checkpoint_path artifacts/probes/int...
wandb:              dataset intphys2
wandb:      elapsed_seconds 14.91111
wandb:                epoch 100
wandb:    feature_signature 1e642fe5ac5d5e7f
wandb:                  +22 ...
wandb: 
wandb: 🚀 View run intphys2_mlp_videomae_vit_huge_16_224_layer_24/trial_0006 at: https://wandb.ai/caselli-niccolo-developer-university-of-amsterdam/probe4physics/runs/79l7052k
wandb: ⭐️ View project at: https://wandb.ai/caselli-niccolo-developer-university-of-amsterdam/probe4physics
wandb: Synced 5 W&B file(s), 0 media file(s), 0 artifact file(s) and 0 other file(s)
wandb: Find logs at: ./wandb/run-20260426_201649-79l7052k/logs
[I 2026-04-26 20:17:05,384] Trial 6 finished with value: 29.411764705882355 and parameters: {'lr': 0.0001189589673755355, 'weight_decay': 4.9569479327999555e-08, 'batch_size': 32, 'hidden_dims': '1024x512x256', 'dropout': 0.05979712296915085}. Best is trial 1 with value: 33.33333333333333.
wandb: setting up run 5nr4k67e
wandb: Tracking run with wandb version 0.26.1
wandb: Run data is saved locally in /gpfs/home3/scur0511/Probe4Physics/wandb/run-20260426_201705-5nr4k67e
wandb: Run `wandb offline` to turn off syncing.
wandb: Syncing run intphys2_mlp_videomae_vit_huge_16_224_layer_24/trial_0007
wandb: ⭐️ View project at https://wandb.ai/caselli-niccolo-developer-university-of-amsterdam/probe4physics
wandb: 🚀 View run at https://wandb.ai/caselli-niccolo-developer-university-of-amsterdam/probe4physics/runs/5nr4k67e
[eval.intphys2] Starting eval | split_name=val split_dir=data/splits/intphys2 predictor_mode=from_file metadata_file=data/annotations/intphys2_metadata.csv
[eval.intphys2] Loaded split assignments | split_scenes=51 split_samples=204
[eval.intphys2] Generated predictions | n_predictions=204
[eval.intphys2] Scoring complete | accuracy=50.4902 voe_accuracy=21.5686 n_scenes=51 n_samples=204
[eval.intphys2] Artifacts written | output_dir=artifacts/probes/intphys2/intphys2_probe_mlp_videomae_vit_huge_16_224_20260426T180941Z/layer_24/train/trial_0007/val_eval
wandb: updating run metadata
wandb: uploading output.log; uploading wandb-summary.json; uploading config.yaml
wandb: 
wandb: Run history:
wandb:          epoch ▁▁▁▂▂▂▂▂▂▃▃▃▃▃▄▄▄▄▄▄▅▅▅▅▅▅▅▆▆▆▆▇▇▇▇█████
wandb: train_accuracy ▅█▃▇▆▆▅▁▃▅▄▅▇▃▅▄▅▆▅▄▅▅▅▆▄▆▆▅▆▇▆▆█▅▄▄▃▃▇▃
wandb:     train_loss ▁▃▂▂▄▃▄█▄▃▃▂▃▂▂▁▃▁▃▂▃▁▁▂▂▁▂▁▂▃▂▂▃▂▂▂▁▂▂▃
wandb:   val_accuracy ▅▅▅▅▅▅▅▅▅▅▅▅▅▅▅▅▅▅▅▅▅▅▅▁▅▅▅▅▅▅▅▅▅▅█▅▅▅▅▅
wandb:       val_loss ▄▁▂▂▆▅▂▁▁▁█▂▁▁▁▄▂▁▂▅▆▁▁▁▁▁▁▁▁▁▂▃▂▂▁▂▂▃▁▄
wandb: 
wandb: Run summary:
wandb:           best_epoch 78
wandb:    best_val_accuracy 50.4902
wandb:        best_val_loss 0.69314
wandb: checkpoint_best_path artifacts/probes/int...
wandb: checkpoint_last_path artifacts/probes/int...
wandb:      checkpoint_path artifacts/probes/int...
wandb:              dataset intphys2
wandb:      elapsed_seconds 10.7804
wandb:                epoch 100
wandb:    feature_signature 1e642fe5ac5d5e7f
wandb:                  +22 ...
wandb: 
wandb: 🚀 View run intphys2_mlp_videomae_vit_huge_16_224_layer_24/trial_0007 at: https://wandb.ai/caselli-niccolo-developer-university-of-amsterdam/probe4physics/runs/5nr4k67e
wandb: ⭐️ View project at: https://wandb.ai/caselli-niccolo-developer-university-of-amsterdam/probe4physics
wandb: Synced 5 W&B file(s), 0 media file(s), 0 artifact file(s) and 0 other file(s)
wandb: Find logs at: ./wandb/run-20260426_201705-5nr4k67e/logs
[I 2026-04-26 20:17:17,373] Trial 7 finished with value: 21.568627450980394 and parameters: {'lr': 0.0013795402040204172, 'weight_decay': 0.00036703737625293887, 'batch_size': 64, 'hidden_dims': '1024x512x256', 'dropout': 0.2542853455823514}. Best is trial 1 with value: 33.33333333333333.
wandb: setting up run yu9fc7xi
wandb: Tracking run with wandb version 0.26.1
wandb: Run data is saved locally in /gpfs/home3/scur0511/Probe4Physics/wandb/run-20260426_201717-yu9fc7xi
wandb: Run `wandb offline` to turn off syncing.
wandb: Syncing run intphys2_mlp_videomae_vit_huge_16_224_layer_24/trial_0008
wandb: ⭐️ View project at https://wandb.ai/caselli-niccolo-developer-university-of-amsterdam/probe4physics
wandb: 🚀 View run at https://wandb.ai/caselli-niccolo-developer-university-of-amsterdam/probe4physics/runs/yu9fc7xi
[eval.intphys2] Starting eval | split_name=val split_dir=data/splits/intphys2 predictor_mode=from_file metadata_file=data/annotations/intphys2_metadata.csv
[eval.intphys2] Loaded split assignments | split_scenes=51 split_samples=204
[eval.intphys2] Generated predictions | n_predictions=204
[eval.intphys2] Scoring complete | accuracy=54.9020 voe_accuracy=23.5294 n_scenes=51 n_samples=204
[eval.intphys2] Artifacts written | output_dir=artifacts/probes/intphys2/intphys2_probe_mlp_videomae_vit_huge_16_224_20260426T180941Z/layer_24/train/trial_0008/val_eval
wandb: updating run metadata
wandb: uploading history steps 0-99, summary, console lines 0-4
wandb: 
wandb: Run history:
wandb:          epoch ▁▁▁▁▂▂▂▂▃▃▃▃▃▃▃▄▄▄▄▄▅▅▅▅▅▅▅▆▆▆▆▇▇▇▇▇▇▇▇█
wandb: train_accuracy ▆█▃▆▄▅▄▅▃▆▂▅▄▄▂▂▆▃▄▇▂▂▃▅▁▅▂▄▂▄▅▃▁▄▄▆▂▂▅▄
wandb:     train_loss █▃▁▁▁▂▁▁▁▁▂▁▁▁▂▁▁▁▁▁▁▁▁▁▁▁▁▁▁▁▁▁▁▁▁▁▁▁▁▁
wandb:   val_accuracy ▂▂▂▂▂▃▂▂▂▂▂▂▂▄▂▄▂▁▂▂▇▄▇▂▂▄▄▂▂▃█▂▂▁▂▂▃▅▃▇
wandb:       val_loss █▃▁▁▁▁▂▂▂▁▁▁▁▁▁▁▁▁▂▁▁▁▁▁▁▁▁▁▁▁▁▁▁▂▁▁▁▁▁▁
wandb: 
wandb: Run summary:
wandb:           best_epoch 99
wandb:    best_val_accuracy 54.90196
wandb:        best_val_loss 0.69254
wandb: checkpoint_best_path artifacts/probes/int...
wandb: checkpoint_last_path artifacts/probes/int...
wandb:      checkpoint_path artifacts/probes/int...
wandb:              dataset intphys2
wandb:      elapsed_seconds 6.9063
wandb:                epoch 100
wandb:    feature_signature 1e642fe5ac5d5e7f
wandb:                  +22 ...
wandb: 
wandb: 🚀 View run intphys2_mlp_videomae_vit_huge_16_224_layer_24/trial_0008 at: https://wandb.ai/caselli-niccolo-developer-university-of-amsterdam/probe4physics/runs/yu9fc7xi
wandb: ⭐️ View project at: https://wandb.ai/caselli-niccolo-developer-university-of-amsterdam/probe4physics
wandb: Synced 5 W&B file(s), 0 media file(s), 0 artifact file(s) and 0 other file(s)
wandb: Find logs at: ./wandb/run-20260426_201717-yu9fc7xi/logs
[I 2026-04-26 20:17:25,616] Trial 8 finished with value: 23.52941176470588 and parameters: {'lr': 0.005280796376895365, 'weight_decay': 3.1315069138816194e-07, 'batch_size': 64, 'hidden_dims': '1024', 'dropout': 0.40183603844955723}. Best is trial 1 with value: 33.33333333333333.
wandb: setting up run i0jpwnvq
wandb: Tracking run with wandb version 0.26.1
wandb: Run data is saved locally in /gpfs/home3/scur0511/Probe4Physics/wandb/run-20260426_201725-i0jpwnvq
wandb: Run `wandb offline` to turn off syncing.
wandb: Syncing run intphys2_mlp_videomae_vit_huge_16_224_layer_24/trial_0009
wandb: ⭐️ View project at https://wandb.ai/caselli-niccolo-developer-university-of-amsterdam/probe4physics
wandb: 🚀 View run at https://wandb.ai/caselli-niccolo-developer-university-of-amsterdam/probe4physics/runs/i0jpwnvq
[eval.intphys2] Starting eval | split_name=val split_dir=data/splits/intphys2 predictor_mode=from_file metadata_file=data/annotations/intphys2_metadata.csv
[eval.intphys2] Loaded split assignments | split_scenes=51 split_samples=204
[eval.intphys2] Generated predictions | n_predictions=204
[eval.intphys2] Scoring complete | accuracy=53.9216 voe_accuracy=27.4510 n_scenes=51 n_samples=204
[eval.intphys2] Artifacts written | output_dir=artifacts/probes/intphys2/intphys2_probe_mlp_videomae_vit_huge_16_224_20260426T180941Z/layer_24/train/trial_0009/val_eval
wandb: updating run metadata
wandb: uploading config.yaml; uploading output.log; uploading wandb-summary.json
wandb: 
wandb: Run history:
wandb:          epoch ▁▁▁▁▂▂▂▂▃▃▃▃▃▃▄▄▄▄▄▄▅▅▅▅▅▆▆▆▆▆▆▆▇▇▇▇▇▇██
wandb: train_accuracy ▅▆▅▄▄▅▅▄▆▅▄▁▄▅▅▅▃█▅▄▆▅▅▃▃▂▄▄▄█▅▃▆█▄▇▅▇▆▃
wandb:     train_loss ▆█▇▄▄▂▃▃▂▅▄▄▃▂▅▃▂▃▂▂▃▃▂▂▂▂▃▃▁▂▂▁▂▃▂▃▂▃▃▂
wandb:   val_accuracy ▂▄▆▅▅▄▆▄▇▅▃▆█▇▅▂▃▅▁▆▄▅▅▅▂▅▃▇▆▄▆▄▆▇▇▇▇▆▆▃
wandb:       val_loss █▄▁▁▁▁▁▁▁▁▁▁▁▁▁▁▁▁▁▁▁▁▁▁▁▁▁▁▁▁▁▁▁▁▁▁▁▁▁▁
wandb: 
wandb: Run summary:
wandb:           best_epoch 29
wandb:    best_val_accuracy 53.92157
wandb:        best_val_loss 0.69277
wandb: checkpoint_best_path artifacts/probes/int...
wandb: checkpoint_last_path artifacts/probes/int...
wandb:      checkpoint_path artifacts/probes/int...
wandb:              dataset intphys2
wandb:      elapsed_seconds 7.67631
wandb:                epoch 100
wandb:    feature_signature 1e642fe5ac5d5e7f
wandb:                  +22 ...
wandb: 
wandb: 🚀 View run intphys2_mlp_videomae_vit_huge_16_224_layer_24/trial_0009 at: https://wandb.ai/caselli-niccolo-developer-university-of-amsterdam/probe4physics/runs/i0jpwnvq
wandb: ⭐️ View project at: https://wandb.ai/caselli-niccolo-developer-university-of-amsterdam/probe4physics
wandb: Synced 5 W&B file(s), 0 media file(s), 0 artifact file(s) and 0 other file(s)
wandb: Find logs at: ./wandb/run-20260426_201725-i0jpwnvq/logs
[I 2026-04-26 20:17:34,330] Trial 9 finished with value: 27.450980392156865 and parameters: {'lr': 3.6283583803549155e-05, 'weight_decay': 0.0022664909586669274, 'batch_size': 128, 'hidden_dims': '1024x512x256', 'dropout': 0.25537365128878287}. Best is trial 1 with value: 33.33333333333333.
wandb: setting up run qfakh6w1
wandb: Tracking run with wandb version 0.26.1
wandb: Run data is saved locally in /gpfs/home3/scur0511/Probe4Physics/wandb/run-20260426_201734-qfakh6w1
wandb: Run `wandb offline` to turn off syncing.
wandb: Syncing run intphys2_mlp_videomae_vit_huge_16_224_layer_24/trial_0010
wandb: ⭐️ View project at https://wandb.ai/caselli-niccolo-developer-university-of-amsterdam/probe4physics
wandb: 🚀 View run at https://wandb.ai/caselli-niccolo-developer-university-of-amsterdam/probe4physics/runs/qfakh6w1
[eval.intphys2] Starting eval | split_name=val split_dir=data/splits/intphys2 predictor_mode=from_file metadata_file=data/annotations/intphys2_metadata.csv
[eval.intphys2] Loaded split assignments | split_scenes=51 split_samples=204
[eval.intphys2] Generated predictions | n_predictions=204
[eval.intphys2] Scoring complete | accuracy=53.4314 voe_accuracy=17.6471 n_scenes=51 n_samples=204
[eval.intphys2] Artifacts written | output_dir=artifacts/probes/intphys2/intphys2_probe_mlp_videomae_vit_huge_16_224_20260426T180941Z/layer_24/train/trial_0010/val_eval
wandb: updating run metadata
wandb: uploading wandb-metadata.json; uploading requirements.txt; uploading output.log; uploading wandb-summary.json; uploading config.yaml
wandb: uploading history steps 0-99, summary, console lines 0-4
wandb: 
wandb: Run history:
wandb:          epoch ▁▁▁▁▁▂▂▂▂▂▂▂▂▃▃▃▃▃▄▄▄▄▅▅▅▅▅▅▆▆▆▆▆▆▇▇████
wandb: train_accuracy ▃▅▄▅▅▄▅▃▆▃▄▃▆▃▆▁▅▅█▅▅▇▆▃▅▃▂▂▅▇▃▄▅▅▂▅▂▂▅▇
wandb:     train_loss █▅▆▄▇▆▅▆▆▅▆▅▅▄▅▄▄▂▆▃▁▅▅▂▃▄▄▃▃▁▁▂▄▃▂▂▄▄▂▂
wandb:   val_accuracy ▃▂▂▂▃▂▂▃▃▃▃▃▃▄▅▅▄▂▂▆▄▃▂▄█▄▅▅▅▅▅▄▂▂▃▄▅▁▃▆
wandb:       val_loss █▄▄▅▅▃▃▂▂▂▂▂▂▂▂▁▂▂▁▁▁▁▁▁▁▁▁▁▁▁▁▁▂▁▁▁▁▁▁▁
wandb: 
wandb: Run summary:
wandb:           best_epoch 65
wandb:    best_val_accuracy 53.43137
wandb:        best_val_loss 0.69311
wandb: checkpoint_best_path artifacts/probes/int...
wandb: checkpoint_last_path artifacts/probes/int...
wandb:      checkpoint_path artifacts/probes/int...
wandb:              dataset intphys2
wandb:      elapsed_seconds 4.1814
wandb:                epoch 100
wandb:    feature_signature 1e642fe5ac5d5e7f
wandb:                  +22 ...
wandb: 
wandb: 🚀 View run intphys2_mlp_videomae_vit_huge_16_224_layer_24/trial_0010 at: https://wandb.ai/caselli-niccolo-developer-university-of-amsterdam/probe4physics/runs/qfakh6w1
wandb: ⭐️ View project at: https://wandb.ai/caselli-niccolo-developer-university-of-amsterdam/probe4physics
wandb: Synced 5 W&B file(s), 0 media file(s), 0 artifact file(s) and 0 other file(s)
wandb: Find logs at: ./wandb/run-20260426_201734-qfakh6w1/logs
[I 2026-04-26 20:17:39,726] Trial 10 finished with value: 17.647058823529413 and parameters: {'lr': 1.1890625822974641e-05, 'weight_decay': 2.3573161161095077e-06, 'batch_size': 256, 'hidden_dims': '512', 'dropout': 0.49004175484611584}. Best is trial 1 with value: 33.33333333333333.
wandb: setting up run 5rh95lve
wandb: Tracking run with wandb version 0.26.1
wandb: Run data is saved locally in /gpfs/home3/scur0511/Probe4Physics/wandb/run-20260426_201739-5rh95lve
wandb: Run `wandb offline` to turn off syncing.
wandb: Syncing run intphys2_mlp_videomae_vit_huge_16_224_layer_24/trial_0011
wandb: ⭐️ View project at https://wandb.ai/caselli-niccolo-developer-university-of-amsterdam/probe4physics
wandb: 🚀 View run at https://wandb.ai/caselli-niccolo-developer-university-of-amsterdam/probe4physics/runs/5rh95lve
[eval.intphys2] Starting eval | split_name=val split_dir=data/splits/intphys2 predictor_mode=from_file metadata_file=data/annotations/intphys2_metadata.csv
[eval.intphys2] Loaded split assignments | split_scenes=51 split_samples=204
[eval.intphys2] Generated predictions | n_predictions=204
[eval.intphys2] Scoring complete | accuracy=55.3922 voe_accuracy=33.3333 n_scenes=51 n_samples=204
[eval.intphys2] Artifacts written | output_dir=artifacts/probes/intphys2/intphys2_probe_mlp_videomae_vit_huge_16_224_20260426T180941Z/layer_24/train/trial_0011/val_eval
wandb: updating run metadata
wandb: uploading wandb-summary.json; uploading config.yaml; uploading wandb-metadata.json; uploading requirements.txt; uploading output.log
wandb: uploading history steps 0-99, summary, console lines 0-4
wandb: 
wandb: Run history:
wandb:          epoch ▁▁▁▁▂▂▂▂▂▂▃▃▃▃▃▃▄▄▄▄▅▅▅▅▅▅▅▆▆▆▆▆▇▇▇▇▇███
wandb: train_accuracy ▁▄▄▂▃▂▄▄▂▂▅▅▁▆▃▃▃▄▇▄▆▅▅▅▅█▄▅▄▇▇▅▆▄▅█▅▆▅▆
wandb:     train_loss █▂▂▂▂▂▂▂▂▂▂▂▃▂▂▂▂▂▂▂▂▂▂▂▂▂▂▂▂▂▂▂▂▂▃▁▁▁▁▁
wandb:   val_accuracy ▂▂▂▃▂▂▃▃▁▃▂▃▂▂▂▃▃▅▂▆▇▂▄▄▁▃▄▄▄█▅▆▅▅▃▂▃▄▄█
wandb:       val_loss █▃▂▂▁▁▁▁▁▁▁▁▂▁▁▁▁▁▁▁▁▁▁▁▁▂▁▁▁▁▁▂▂▁▂▁▁▁▁▁
wandb: 
wandb: Run summary:
wandb:           best_epoch 96
wandb:    best_val_accuracy 55.39216
wandb:        best_val_loss 0.69053
wandb: checkpoint_best_path artifacts/probes/int...
wandb: checkpoint_last_path artifacts/probes/int...
wandb:      checkpoint_path artifacts/probes/int...
wandb:              dataset intphys2
wandb:      elapsed_seconds 3.82352
wandb:                epoch 100
wandb:    feature_signature 1e642fe5ac5d5e7f
wandb:                  +22 ...
wandb: 
wandb: 🚀 View run intphys2_mlp_videomae_vit_huge_16_224_layer_24/trial_0011 at: https://wandb.ai/caselli-niccolo-developer-university-of-amsterdam/probe4physics/runs/5rh95lve
wandb: ⭐️ View project at: https://wandb.ai/caselli-niccolo-developer-university-of-amsterdam/probe4physics
wandb: Synced 5 W&B file(s), 0 media file(s), 0 artifact file(s) and 0 other file(s)
wandb: Find logs at: ./wandb/run-20260426_201739-5rh95lve/logs
[I 2026-04-26 20:17:45,016] Trial 11 finished with value: 33.33333333333333 and parameters: {'lr': 0.0009677193907657219, 'weight_decay': 1.2404201083947842e-08, 'batch_size': 128, 'hidden_dims': '256', 'dropout': 0.0034053139454592943}. Best is trial 1 with value: 33.33333333333333.
wandb: setting up run sjure9a1
wandb: Tracking run with wandb version 0.26.1
wandb: Run data is saved locally in /gpfs/home3/scur0511/Probe4Physics/wandb/run-20260426_201745-sjure9a1
wandb: Run `wandb offline` to turn off syncing.
wandb: Syncing run intphys2_mlp_videomae_vit_huge_16_224_layer_24/trial_0012
wandb: ⭐️ View project at https://wandb.ai/caselli-niccolo-developer-university-of-amsterdam/probe4physics
wandb: 🚀 View run at https://wandb.ai/caselli-niccolo-developer-university-of-amsterdam/probe4physics/runs/sjure9a1
[eval.intphys2] Starting eval | split_name=val split_dir=data/splits/intphys2 predictor_mode=from_file metadata_file=data/annotations/intphys2_metadata.csv
[eval.intphys2] Loaded split assignments | split_scenes=51 split_samples=204
[eval.intphys2] Generated predictions | n_predictions=204
[eval.intphys2] Scoring complete | accuracy=54.9020 voe_accuracy=27.4510 n_scenes=51 n_samples=204
[eval.intphys2] Artifacts written | output_dir=artifacts/probes/intphys2/intphys2_probe_mlp_videomae_vit_huge_16_224_20260426T180941Z/layer_24/train/trial_0012/val_eval
wandb: updating run metadata
wandb: uploading wandb-metadata.json; uploading requirements.txt; uploading output.log; uploading wandb-summary.json; uploading config.yaml
wandb: uploading wandb-summary.json
wandb: 
wandb: Run history:
wandb:          epoch ▁▁▁▁▁▂▂▂▃▃▃▃▃▃▃▄▄▄▄▄▄▅▅▅▅▅▆▆▆▆▆▆▆▇▇▇████
wandb: train_accuracy ▁▄▄▁▁▃▅▂▄▃▂▃▃▄▃▄▃▃▆▆▃▃▃▇▄▅▅▅▆▄▅▄▅▄▃▇▆▄▅█
wandb:     train_loss █▂▁▁▁▁▁▁▁▁▁▁▁▁▁▁▁▁▁▁▁▁▁▁▁▁▁▁▁▁▁▁▁▁▁▁▁▁▁▁
wandb:   val_accuracy ▂▂▂▂▂▂▂▂▂▂▂▆▂▅▂▄▆▃▂▅▄▂▁▅▁▆▃█▅▄▂▁▄▂▅▁▂▁▅▃
wandb:       val_loss █▃▂▁▁▁▁▁▁▁▁▁▁▁▁▁▁▁▁▁▁▁▁▁▁▁▁▁▁▁▁▁▂▁▂▁▁▁▁▁
wandb: 
wandb: Run summary:
wandb:           best_epoch 72
wandb:    best_val_accuracy 54.90196
wandb:        best_val_loss 0.69224
wandb: checkpoint_best_path artifacts/probes/int...
wandb: checkpoint_last_path artifacts/probes/int...
wandb:      checkpoint_path artifacts/probes/int...
wandb:              dataset intphys2
wandb:      elapsed_seconds 3.93689
wandb:                epoch 100
wandb:    feature_signature 1e642fe5ac5d5e7f
wandb:                  +22 ...
wandb: 
wandb: 🚀 View run intphys2_mlp_videomae_vit_huge_16_224_layer_24/trial_0012 at: https://wandb.ai/caselli-niccolo-developer-university-of-amsterdam/probe4physics/runs/sjure9a1
wandb: ⭐️ View project at: https://wandb.ai/caselli-niccolo-developer-university-of-amsterdam/probe4physics
wandb: Synced 5 W&B file(s), 0 media file(s), 0 artifact file(s) and 0 other file(s)
wandb: Find logs at: ./wandb/run-20260426_201745-sjure9a1/logs
[I 2026-04-26 20:17:50,356] Trial 12 finished with value: 27.450980392156865 and parameters: {'lr': 0.001168220813190004, 'weight_decay': 1.1398679578807314e-08, 'batch_size': 128, 'hidden_dims': '256', 'dropout': 0.17125799686887833}. Best is trial 1 with value: 33.33333333333333.
wandb: setting up run q339xtd3
wandb: Tracking run with wandb version 0.26.1
wandb: Run data is saved locally in /gpfs/home3/scur0511/Probe4Physics/wandb/run-20260426_201750-q339xtd3
wandb: Run `wandb offline` to turn off syncing.
wandb: Syncing run intphys2_mlp_videomae_vit_huge_16_224_layer_24/trial_0013
wandb: ⭐️ View project at https://wandb.ai/caselli-niccolo-developer-university-of-amsterdam/probe4physics
wandb: 🚀 View run at https://wandb.ai/caselli-niccolo-developer-university-of-amsterdam/probe4physics/runs/q339xtd3
[eval.intphys2] Starting eval | split_name=val split_dir=data/splits/intphys2 predictor_mode=from_file metadata_file=data/annotations/intphys2_metadata.csv
[eval.intphys2] Loaded split assignments | split_scenes=51 split_samples=204
[eval.intphys2] Generated predictions | n_predictions=204
[eval.intphys2] Scoring complete | accuracy=51.9608 voe_accuracy=23.5294 n_scenes=51 n_samples=204
[eval.intphys2] Artifacts written | output_dir=artifacts/probes/intphys2/intphys2_probe_mlp_videomae_vit_huge_16_224_20260426T180941Z/layer_24/train/trial_0013/val_eval
wandb: updating run metadata
wandb: uploading output.log; uploading wandb-summary.json; uploading config.yaml; uploading wandb-metadata.json; uploading requirements.txt
wandb: uploading config.yaml; uploading requirements.txt
wandb: 
wandb: Run history:
wandb:          epoch ▁▁▁▁▂▂▂▂▂▂▃▃▃▃▄▄▄▄▅▅▅▅▅▆▆▆▆▆▆▇▇▇▇▇▇▇████
wandb: train_accuracy ▃▄▅▅▅▅▁▆▅▄▅▄▃▄█▅█▅▇▃▄▆▇▇▇▅▆▃▆▅▆▇▅▅▅▄▅▃▃▅
wandb:     train_loss █▂▂▁▁▁▁▁▁▁▁▁▁▁▁▁▁▁▁▁▁▁▁▁▁▁▁▁▁▁▁▁▁▁▁▁▁▁▁▁
wandb:   val_accuracy ▃▃▃▃▃▃▃▃▃▃▃▂▃▃▃▅▃▅▃▃▃▃▃▃▃▃▃▅▃▃█▆▁▆▃▃▃▂▃▂
wandb:       val_loss ▂▃█▂▃▁▁▂▁▁▁▁▂▁▁▁▁▁▁▁▁▁▁▁▁▁▁▁▁▁▁▁▁▁▁▁▁▁▁▁
wandb: 
wandb: Run summary:
wandb:           best_epoch 90
wandb:    best_val_accuracy 51.96078
wandb:        best_val_loss 0.69305
wandb: checkpoint_best_path artifacts/probes/int...
wandb: checkpoint_last_path artifacts/probes/int...
wandb:      checkpoint_path artifacts/probes/int...
wandb:              dataset intphys2
wandb:      elapsed_seconds 4.40807
wandb:                epoch 100
wandb:    feature_signature 1e642fe5ac5d5e7f
wandb:                  +22 ...
wandb: 
wandb: 🚀 View run intphys2_mlp_videomae_vit_huge_16_224_layer_24/trial_0013 at: https://wandb.ai/caselli-niccolo-developer-university-of-amsterdam/probe4physics/runs/q339xtd3
wandb: ⭐️ View project at: https://wandb.ai/caselli-niccolo-developer-university-of-amsterdam/probe4physics
wandb: Synced 5 W&B file(s), 0 media file(s), 0 artifact file(s) and 0 other file(s)
wandb: Find logs at: ./wandb/run-20260426_201750-q339xtd3/logs
[I 2026-04-26 20:17:56,195] Trial 13 finished with value: 23.52941176470588 and parameters: {'lr': 0.000722107456245709, 'weight_decay': 1.4315761376866444e-06, 'batch_size': 256, 'hidden_dims': '512x256', 'dropout': 0.3229282203516206}. Best is trial 1 with value: 33.33333333333333.
wandb: setting up run mxo2hedb
wandb: Tracking run with wandb version 0.26.1
wandb: Run data is saved locally in /gpfs/home3/scur0511/Probe4Physics/wandb/run-20260426_201756-mxo2hedb
wandb: Run `wandb offline` to turn off syncing.
wandb: Syncing run intphys2_mlp_videomae_vit_huge_16_224_layer_24/trial_0014
wandb: ⭐️ View project at https://wandb.ai/caselli-niccolo-developer-university-of-amsterdam/probe4physics
wandb: 🚀 View run at https://wandb.ai/caselli-niccolo-developer-university-of-amsterdam/probe4physics/runs/mxo2hedb
[eval.intphys2] Starting eval | split_name=val split_dir=data/splits/intphys2 predictor_mode=from_file metadata_file=data/annotations/intphys2_metadata.csv
[eval.intphys2] Loaded split assignments | split_scenes=51 split_samples=204
[eval.intphys2] Generated predictions | n_predictions=204
[eval.intphys2] Scoring complete | accuracy=56.8627 voe_accuracy=25.4902 n_scenes=51 n_samples=204
[eval.intphys2] Artifacts written | output_dir=artifacts/probes/intphys2/intphys2_probe_mlp_videomae_vit_huge_16_224_20260426T180941Z/layer_24/train/trial_0014/val_eval
wandb: updating run metadata
wandb: uploading config.yaml; uploading wandb-metadata.json; uploading requirements.txt; uploading output.log; uploading wandb-summary.json
wandb: uploading config.yaml; uploading requirements.txt; uploading wandb-summary.json
wandb: 
wandb: Run history:
wandb:          epoch ▁▁▁▁▁▂▂▂▂▂▃▃▄▄▄▄▄▄▅▅▅▅▅▅▅▅▆▆▆▆▇▇▇▇▇▇▇███
wandb: train_accuracy ▁▄▄▃▄█▄▂▃▅▅▅▃▂▅▁▆▆▄▄▅▁▅▄▄▄▅▅█▆▇▄▅▅▅▆▃▃▇▇
wandb:     train_loss █▁▁▁▁▁▁▁▁▁▁▁▁▁▁▁▁▁▁▁▁▁▁▁▁▁▁▁▁▁▁▁▁▁▁▁▁▁▁▁
wandb:   val_accuracy ▂▂▂▂▂▂▂▂▂▂▂▂▃▂▂▂▃▅▂▂▂▂▃▄▂▇█▄▁▂▃▂▁▃▂▅▃▅▃▁
wandb:       val_loss █▂▁▁▁▁▁▂▁▁▁▁▁▁▁▁▁▁▁▁▁▁▁▁▁▁▁▁▁▁▁▁▁▁▁▁▁▁▁▁
wandb: 
wandb: Run summary:
wandb:           best_epoch 96
wandb:    best_val_accuracy 56.86275
wandb:        best_val_loss 0.6921
wandb: checkpoint_best_path artifacts/probes/int...
wandb: checkpoint_last_path artifacts/probes/int...
wandb:      checkpoint_path artifacts/probes/int...
wandb:              dataset intphys2
wandb:      elapsed_seconds 4.60864
wandb:                epoch 100
wandb:    feature_signature 1e642fe5ac5d5e7f
wandb:                  +22 ...
wandb: 
wandb: 🚀 View run intphys2_mlp_videomae_vit_huge_16_224_layer_24/trial_0014 at: https://wandb.ai/caselli-niccolo-developer-university-of-amsterdam/probe4physics/runs/mxo2hedb
wandb: ⭐️ View project at: https://wandb.ai/caselli-niccolo-developer-university-of-amsterdam/probe4physics
wandb: Synced 5 W&B file(s), 0 media file(s), 0 artifact file(s) and 0 other file(s)
wandb: Find logs at: ./wandb/run-20260426_201756-mxo2hedb/logs
[I 2026-04-26 20:18:02,225] Trial 14 finished with value: 25.49019607843137 and parameters: {'lr': 0.0023681433985632936, 'weight_decay': 1.1015949986848448e-08, 'batch_size': 128, 'hidden_dims': '512', 'dropout': 0.17381671524829134}. Best is trial 1 with value: 33.33333333333333.
wandb: setting up run o13gg8f4
wandb: Tracking run with wandb version 0.26.1
wandb: Run data is saved locally in /gpfs/home3/scur0511/Probe4Physics/wandb/run-20260426_201802-o13gg8f4
wandb: Run `wandb offline` to turn off syncing.
wandb: Syncing run intphys2_mlp_videomae_vit_huge_16_224_layer_24/trial_0015
wandb: ⭐️ View project at https://wandb.ai/caselli-niccolo-developer-university-of-amsterdam/probe4physics
wandb: 🚀 View run at https://wandb.ai/caselli-niccolo-developer-university-of-amsterdam/probe4physics/runs/o13gg8f4
[eval.intphys2] Starting eval | split_name=val split_dir=data/splits/intphys2 predictor_mode=from_file metadata_file=data/annotations/intphys2_metadata.csv
[eval.intphys2] Loaded split assignments | split_scenes=51 split_samples=204
[eval.intphys2] Generated predictions | n_predictions=204
[eval.intphys2] Scoring complete | accuracy=54.9020 voe_accuracy=27.4510 n_scenes=51 n_samples=204
[eval.intphys2] Artifacts written | output_dir=artifacts/probes/intphys2/intphys2_probe_mlp_videomae_vit_huge_16_224_20260426T180941Z/layer_24/train/trial_0015/val_eval
wandb: updating run metadata
wandb: 
wandb: Run history:
wandb:          epoch ▁▁▁▂▂▂▂▂▂▂▂▃▃▃▃▃▃▄▄▄▄▄▄▅▅▅▅▅▆▆▆▆▇▇▇▇▇███
wandb: train_accuracy ▅▄▆▅▆▅▅▄▅▅▁▅▄▅▂▅▇▇▄▃▃▅▃▄▆▃█▇▂▇▇▅▅▄▅▅▅█▅▅
wandb:     train_loss █▅▅▃▂▃▃▂▂▂▂▂▂▂▂▁▁▁▂▂▁▂▂▂▁▂▂▁▁▁▁▁▁▁▁▁▁▂▂▂
wandb:   val_accuracy ▅▃▂▂▁▂▆▆▃▇▂▇▆▄▅▂▃▅█▃▅▇▄▅▃▅▂▂▆▂█▄▅▅▅▇▆▅▅▃
wandb:       val_loss █▇▂▂▂▂▁▁▁▁▁▁▁▁▁▁▁▁▁▁▁▁▁▁▁▁▁▁▁▁▁▁▁▁▁▁▁▁▁▁
wandb: 
wandb: Run summary:
wandb:           best_epoch 75
wandb:    best_val_accuracy 54.90196
wandb:        best_val_loss 0.69263
wandb: checkpoint_best_path artifacts/probes/int...
wandb: checkpoint_last_path artifacts/probes/int...
wandb:      checkpoint_path artifacts/probes/int...
wandb:              dataset intphys2
wandb:      elapsed_seconds 3.99894
wandb:                epoch 100
wandb:    feature_signature 1e642fe5ac5d5e7f
wandb:                  +22 ...
wandb: 
wandb: 🚀 View run intphys2_mlp_videomae_vit_huge_16_224_layer_24/trial_0015 at: https://wandb.ai/caselli-niccolo-developer-university-of-amsterdam/probe4physics/runs/o13gg8f4
wandb: ⭐️ View project at: https://wandb.ai/caselli-niccolo-developer-university-of-amsterdam/probe4physics
wandb: Synced 5 W&B file(s), 0 media file(s), 0 artifact file(s) and 0 other file(s)
wandb: Find logs at: ./wandb/run-20260426_201802-o13gg8f4/logs
[I 2026-04-26 20:18:07,398] Trial 15 finished with value: 27.450980392156865 and parameters: {'lr': 5.163268851334372e-05, 'weight_decay': 1.264759895178816e-05, 'batch_size': 128, 'hidden_dims': '256', 'dropout': 0.49516564289745335}. Best is trial 1 with value: 33.33333333333333.
wandb: setting up run wu1f6r4s
wandb: Tracking run with wandb version 0.26.1
wandb: Run data is saved locally in /gpfs/home3/scur0511/Probe4Physics/wandb/run-20260426_201807-wu1f6r4s
wandb: Run `wandb offline` to turn off syncing.
wandb: Syncing run intphys2_mlp_videomae_vit_huge_16_224_layer_24/trial_0016
wandb: ⭐️ View project at https://wandb.ai/caselli-niccolo-developer-university-of-amsterdam/probe4physics
wandb: 🚀 View run at https://wandb.ai/caselli-niccolo-developer-university-of-amsterdam/probe4physics/runs/wu1f6r4s
[eval.intphys2] Starting eval | split_name=val split_dir=data/splits/intphys2 predictor_mode=from_file metadata_file=data/annotations/intphys2_metadata.csv
[eval.intphys2] Loaded split assignments | split_scenes=51 split_samples=204
[eval.intphys2] Generated predictions | n_predictions=204
[eval.intphys2] Scoring complete | accuracy=53.9216 voe_accuracy=25.4902 n_scenes=51 n_samples=204
[eval.intphys2] Artifacts written | output_dir=artifacts/probes/intphys2/intphys2_probe_mlp_videomae_vit_huge_16_224_20260426T180941Z/layer_24/train/trial_0016/val_eval
wandb: updating run metadata
wandb: uploading config.yaml; uploading wandb-metadata.json; uploading requirements.txt; uploading output.log; uploading wandb-summary.json
wandb: 
wandb: Run history:
wandb:          epoch ▁▁▁▁▂▂▃▃▃▃▃▃▃▄▄▄▄▄▄▄▄▅▅▅▅▅▆▆▆▆▇▇▇▇▇▇████
wandb: train_accuracy ▄▆▅▂▃▂▃▆▃▄▅▁▆▅▆▇▅▄▆▃▄▄▄▆▅▅▃▇▃▅▅▅█▄▃▅▅▅▆▂
wandb:     train_loss █▁▇▄▅▄▅▅▅▄▄▅▅▂▄▄▄▆▅▅▄▄▃▄▆▂▂▄▂▄▄▄▄▄▂▃▃▂▃▄
wandb:   val_accuracy ▁▂▄▅▄▄▄▃▄▄▂▄▄▅▅▅▇▅▇▅▅█▄▂▅▄▅▅▃▃▇▇▃▅▆▆▆▅▇▄
wandb:       val_loss █▆▅▅▄▃▃▄▃▃▃▃▃▃▂▂▂▂▂▂▂▂▂▂▂▂▁▁▁▂▁▁▁▁▁▁▁▂▁▁
wandb: 
wandb: Run summary:
wandb:           best_epoch 60
wandb:    best_val_accuracy 53.92157
wandb:        best_val_loss 0.69283
wandb: checkpoint_best_path artifacts/probes/int...
wandb: checkpoint_last_path artifacts/probes/int...
wandb:      checkpoint_path artifacts/probes/int...
wandb:              dataset intphys2
wandb:      elapsed_seconds 4.29799
wandb:                epoch 100
wandb:    feature_signature 1e642fe5ac5d5e7f
wandb:                  +22 ...
wandb: 
wandb: 🚀 View run intphys2_mlp_videomae_vit_huge_16_224_layer_24/trial_0016 at: https://wandb.ai/caselli-niccolo-developer-university-of-amsterdam/probe4physics/runs/wu1f6r4s
wandb: ⭐️ View project at: https://wandb.ai/caselli-niccolo-developer-university-of-amsterdam/probe4physics
wandb: Synced 5 W&B file(s), 0 media file(s), 0 artifact file(s) and 0 other file(s)
wandb: Find logs at: ./wandb/run-20260426_201807-wu1f6r4s/logs
[I 2026-04-26 20:18:12,807] Trial 16 finished with value: 25.49019607843137 and parameters: {'lr': 1.2611705650610586e-05, 'weight_decay': 4.5141960796099044e-07, 'batch_size': 128, 'hidden_dims': '512', 'dropout': 0.12521100886718975}. Best is trial 1 with value: 33.33333333333333.
wandb: setting up run tcsb4s80
wandb: Tracking run with wandb version 0.26.1
wandb: Run data is saved locally in /gpfs/home3/scur0511/Probe4Physics/wandb/run-20260426_201813-tcsb4s80
wandb: Run `wandb offline` to turn off syncing.
wandb: Syncing run intphys2_mlp_videomae_vit_huge_16_224_layer_24/trial_0017
wandb: ⭐️ View project at https://wandb.ai/caselli-niccolo-developer-university-of-amsterdam/probe4physics
wandb: 🚀 View run at https://wandb.ai/caselli-niccolo-developer-university-of-amsterdam/probe4physics/runs/tcsb4s80
[eval.intphys2] Starting eval | split_name=val split_dir=data/splits/intphys2 predictor_mode=from_file metadata_file=data/annotations/intphys2_metadata.csv
[eval.intphys2] Loaded split assignments | split_scenes=51 split_samples=204
[eval.intphys2] Generated predictions | n_predictions=204
[eval.intphys2] Scoring complete | accuracy=52.9412 voe_accuracy=29.4118 n_scenes=51 n_samples=204
[eval.intphys2] Artifacts written | output_dir=artifacts/probes/intphys2/intphys2_probe_mlp_videomae_vit_huge_16_224_20260426T180941Z/layer_24/train/trial_0017/val_eval
wandb: updating run metadata
wandb: uploading output.log; uploading wandb-summary.json; uploading config.yaml; uploading wandb-metadata.json; uploading requirements.txt
wandb: 
wandb: Run history:
wandb:          epoch ▁▁▂▂▂▂▂▂▂▂▃▃▃▃▃▃▃▄▄▄▅▅▅▅▅▆▆▆▆▆▆▇▇▇▇▇▇███
wandb: train_accuracy ▂▅▅▅▅▅▄▇▅█▄▄▅▄▅▆▅▄▅▄▅▆▄▅▆██▂▅▁▂█▅▇▅██▆▅▆
wandb:     train_loss █▃▁▁▂▁▁▁▁▁▁▁▁▁▁▁▁▁▁▁▁▁▁▁▁▁▁▁▁▁▁▁▁▁▁▁▁▁▁▁
wandb:   val_accuracy ▄▄▄▄▄▄▄▄▄▄▄▆▄▅▄▆▄▄▁▄▄▇▄▄▄▅▅▄▄▇▆▄▄▂▁▅▄▃▇█
wandb:       val_loss █▁▃▃▁▁▁▁▁▁▁▁▁▁▁▁▁▁▁▁▁▁▁▁▁▁▁▁▁▁▁▁▁▁▁▁▁▁▁▁
wandb: 
wandb: Run summary:
wandb:           best_epoch 55
wandb:    best_val_accuracy 52.94118
wandb:        best_val_loss 0.69299
wandb: checkpoint_best_path artifacts/probes/int...
wandb: checkpoint_last_path artifacts/probes/int...
wandb:      checkpoint_path artifacts/probes/int...
wandb:              dataset intphys2
wandb:      elapsed_seconds 3.77227
wandb:                epoch 100
wandb:    feature_signature 1e642fe5ac5d5e7f
wandb:                  +22 ...
wandb: 
wandb: 🚀 View run intphys2_mlp_videomae_vit_huge_16_224_layer_24/trial_0017 at: https://wandb.ai/caselli-niccolo-developer-university-of-amsterdam/probe4physics/runs/tcsb4s80
wandb: ⭐️ View project at: https://wandb.ai/caselli-niccolo-developer-university-of-amsterdam/probe4physics
wandb: Synced 5 W&B file(s), 0 media file(s), 0 artifact file(s) and 0 other file(s)
wandb: Find logs at: ./wandb/run-20260426_201813-tcsb4s80/logs
[I 2026-04-26 20:18:17,639] Trial 17 finished with value: 29.411764705882355 and parameters: {'lr': 0.002552824767136964, 'weight_decay': 0.00023933652285348527, 'batch_size': 256, 'hidden_dims': '256', 'dropout': 0.0015630029947699684}. Best is trial 1 with value: 33.33333333333333.
wandb: setting up run yhfh67h2
wandb: Tracking run with wandb version 0.26.1
wandb: Run data is saved locally in /gpfs/home3/scur0511/Probe4Physics/wandb/run-20260426_201817-yhfh67h2
wandb: Run `wandb offline` to turn off syncing.
wandb: Syncing run intphys2_mlp_videomae_vit_huge_16_224_layer_24/trial_0018
wandb: ⭐️ View project at https://wandb.ai/caselli-niccolo-developer-university-of-amsterdam/probe4physics
wandb: 🚀 View run at https://wandb.ai/caselli-niccolo-developer-university-of-amsterdam/probe4physics/runs/yhfh67h2
[eval.intphys2] Starting eval | split_name=val split_dir=data/splits/intphys2 predictor_mode=from_file metadata_file=data/annotations/intphys2_metadata.csv
[eval.intphys2] Loaded split assignments | split_scenes=51 split_samples=204
[eval.intphys2] Generated predictions | n_predictions=204
[eval.intphys2] Scoring complete | accuracy=51.4706 voe_accuracy=25.4902 n_scenes=51 n_samples=204
[eval.intphys2] Artifacts written | output_dir=artifacts/probes/intphys2/intphys2_probe_mlp_videomae_vit_huge_16_224_20260426T180941Z/layer_24/train/trial_0018/val_eval
wandb: updating run metadata
wandb: uploading output.log; uploading wandb-summary.json; uploading config.yaml
wandb: 
wandb: Run history:
wandb:          epoch ▁▁▁▁▂▂▂▂▂▃▃▃▃▃▄▄▄▄▄▄▄▅▅▅▅▅▅▆▆▆▇▇▇▇▇▇▇███
wandb: train_accuracy ▄▃▄▆▂▄▇▃█▄▃▄▆▄▅▃▁█▅▅▁▅▅▇▇▅▅▇▄▆▆▅▃▃▄▂▆▁▂▄
wandb:     train_loss ▆▇▅▆▃▅▃▃▆▅▄▆█▅▂▄▃▄▂▄▃▂▆▂▃▂▄▁▅▂▂▃▂▃▁▁▄▃▃▄
wandb:   val_accuracy █▇▇▇▇▇▇▇▇▇▇▇▇█▇▇█▇▇▇▅▇█▄▇▇▇▇▇▇▇▇▇▇▇▁▇▇▇▇
wandb:       val_loss ▃▂█▂▁▁▃▁▁▂▃▂▂▁▁▆▂▂▂▁▁▁▁▁▁▁▁▁▂▂▁▁▁▁▁▁▁▁▁▁
wandb: 
wandb: Run summary:
wandb:           best_epoch 82
wandb:    best_val_accuracy 51.47059
wandb:        best_val_loss 0.69305
wandb: checkpoint_best_path artifacts/probes/int...
wandb: checkpoint_last_path artifacts/probes/int...
wandb:      checkpoint_path artifacts/probes/int...
wandb:              dataset intphys2
wandb:      elapsed_seconds 8.8274
wandb:                epoch 100
wandb:    feature_signature 1e642fe5ac5d5e7f
wandb:                  +22 ...
wandb: 
wandb: 🚀 View run intphys2_mlp_videomae_vit_huge_16_224_layer_24/trial_0018 at: https://wandb.ai/caselli-niccolo-developer-university-of-amsterdam/probe4physics/runs/yhfh67h2
wandb: ⭐️ View project at: https://wandb.ai/caselli-niccolo-developer-university-of-amsterdam/probe4physics
wandb: Synced 5 W&B file(s), 0 media file(s), 0 artifact file(s) and 0 other file(s)
wandb: Find logs at: ./wandb/run-20260426_201817-yhfh67h2/logs
[I 2026-04-26 20:18:27,559] Trial 18 finished with value: 25.49019607843137 and parameters: {'lr': 0.0005879564113190731, 'weight_decay': 2.145310434287177e-07, 'batch_size': 32, 'hidden_dims': '512x256', 'dropout': 0.30652200081414577}. Best is trial 1 with value: 33.33333333333333.
wandb: setting up run xvrozar0
wandb: Tracking run with wandb version 0.26.1
wandb: Run data is saved locally in /gpfs/home3/scur0511/Probe4Physics/wandb/run-20260426_201827-xvrozar0
wandb: Run `wandb offline` to turn off syncing.
wandb: Syncing run intphys2_mlp_videomae_vit_huge_16_224_layer_24/trial_0019
wandb: ⭐️ View project at https://wandb.ai/caselli-niccolo-developer-university-of-amsterdam/probe4physics
wandb: 🚀 View run at https://wandb.ai/caselli-niccolo-developer-university-of-amsterdam/probe4physics/runs/xvrozar0
[eval.intphys2] Starting eval | split_name=val split_dir=data/splits/intphys2 predictor_mode=from_file metadata_file=data/annotations/intphys2_metadata.csv
[eval.intphys2] Loaded split assignments | split_scenes=51 split_samples=204
[eval.intphys2] Generated predictions | n_predictions=204
[eval.intphys2] Scoring complete | accuracy=55.3922 voe_accuracy=29.4118 n_scenes=51 n_samples=204
[eval.intphys2] Artifacts written | output_dir=artifacts/probes/intphys2/intphys2_probe_mlp_videomae_vit_huge_16_224_20260426T180941Z/layer_24/train/trial_0019/val_eval
wandb: updating run metadata
wandb: uploading requirements.txt; uploading output.log; uploading wandb-summary.json; uploading config.yaml; uploading wandb-metadata.json
wandb: 
wandb: Run history:
wandb:          epoch ▁▁▁▁▂▂▂▂▃▃▃▃▃▃▃▄▄▄▄▄▅▅▅▅▅▆▆▆▆▆▇▇▇▇▇▇▇███
wandb: train_accuracy ▅▅▄▂▁▅▅█▅▃▂▅▆▆▃▅▅▇▄▅▄▄▅▆▅▆▇▃▄▇▇▆▇▆▆▆█▇▇▆
wandb:     train_loss ▅█▄▃▄▃▄▂▂▂▃▃▂▃▂▂▂▃▂▃▂▁▂▂▂▂▁▁▂▁▁▁▂▁▃▁▂▁▁▁
wandb:   val_accuracy ▂▂▃▁▂▂▃▃▃▃▅▂█▃▅▃▃▂▃▅▃▄▆▄▆▅▄▂▅▅▇▃▂▄▄▄▅▄▄▄
wandb:       val_loss █▅▃▂▂▂▂▂▂▂▂▂▂▂▂▂▂▂▂▁▂▁▂▂▁▁▂▁▁▁▂▂▁▂▂▁▁▁▂▁
wandb: 
wandb: Run summary:
wandb:           best_epoch 42
wandb:    best_val_accuracy 55.39216
wandb:        best_val_loss 0.69226
wandb: checkpoint_best_path artifacts/probes/int...
wandb: checkpoint_last_path artifacts/probes/int...
wandb:      checkpoint_path artifacts/probes/int...
wandb:              dataset intphys2
wandb:      elapsed_seconds 4.14265
wandb:                epoch 100
wandb:    feature_signature 1e642fe5ac5d5e7f
wandb:                  +22 ...
wandb: 
wandb: 🚀 View run intphys2_mlp_videomae_vit_huge_16_224_layer_24/trial_0019 at: https://wandb.ai/caselli-niccolo-developer-university-of-amsterdam/probe4physics/runs/xvrozar0
wandb: ⭐️ View project at: https://wandb.ai/caselli-niccolo-developer-university-of-amsterdam/probe4physics
wandb: Synced 5 W&B file(s), 0 media file(s), 0 artifact file(s) and 0 other file(s)
wandb: Find logs at: ./wandb/run-20260426_201827-xvrozar0/logs
[I 2026-04-26 20:18:32,767] Trial 19 finished with value: 29.411764705882355 and parameters: {'lr': 0.00022679249432628777, 'weight_decay': 2.738535240526517e-06, 'batch_size': 128, 'hidden_dims': '256', 'dropout': 0.22427402844503805}. Best is trial 1 with value: 33.33333333333333.
[eval.intphys2] Starting eval | split_name=train split_dir=data/splits/intphys2 predictor_mode=from_file metadata_file=data/annotations/intphys2_metadata.csv
[eval.intphys2] Loaded split assignments | split_scenes=151 split_samples=604
[eval.intphys2] Generated predictions | n_predictions=604
[eval.intphys2] Scoring complete | accuracy=55.9603 voe_accuracy=39.7351 n_scenes=151 n_samples=604
[eval.intphys2] Artifacts written | output_dir=artifacts/probes/intphys2/intphys2_probe_mlp_videomae_vit_huge_16_224_20260426T180941Z/layer_24/eval/train
[eval.intphys2] Starting eval | split_name=val split_dir=data/splits/intphys2 predictor_mode=from_file metadata_file=data/annotations/intphys2_metadata.csv
[eval.intphys2] Loaded split assignments | split_scenes=51 split_samples=204
[eval.intphys2] Generated predictions | n_predictions=204
[eval.intphys2] Scoring complete | accuracy=54.4118 voe_accuracy=33.3333 n_scenes=51 n_samples=204
[eval.intphys2] Artifacts written | output_dir=artifacts/probes/intphys2/intphys2_probe_mlp_videomae_vit_huge_16_224_20260426T180941Z/layer_24/eval/val
[eval.intphys2] Starting eval | split_name=test split_dir=data/splits/intphys2 predictor_mode=from_file metadata_file=data/annotations/intphys2_metadata.csv
[eval.intphys2] Loaded split assignments | split_scenes=51 split_samples=204
[eval.intphys2] Generated predictions | n_predictions=204
[eval.intphys2] Scoring complete | accuracy=52.9412 voe_accuracy=29.4118 n_scenes=51 n_samples=204
[eval.intphys2] Artifacts written | output_dir=artifacts/probes/intphys2/intphys2_probe_mlp_videomae_vit_huge_16_224_20260426T180941Z/layer_24/eval/test
[I 2026-04-26 20:18:33,144] A new study created in RDB with name: intphys2_mlp_videomae_vit_huge_16_224_layer_32
wandb: setting up run f57mxzat
wandb: Tracking run with wandb version 0.26.1
wandb: Run data is saved locally in /gpfs/home3/scur0511/Probe4Physics/wandb/run-20260426_201833-f57mxzat
wandb: Run `wandb offline` to turn off syncing.
wandb: Syncing run intphys2_mlp_videomae_vit_huge_16_224_layer_32/trial_0000
wandb: ⭐️ View project at https://wandb.ai/caselli-niccolo-developer-university-of-amsterdam/probe4physics
wandb: 🚀 View run at https://wandb.ai/caselli-niccolo-developer-university-of-amsterdam/probe4physics/runs/f57mxzat
[eval.intphys2] Starting eval | split_name=val split_dir=data/splits/intphys2 predictor_mode=from_file metadata_file=data/annotations/intphys2_metadata.csv
[eval.intphys2] Loaded split assignments | split_scenes=51 split_samples=204
[eval.intphys2] Generated predictions | n_predictions=204
[eval.intphys2] Scoring complete | accuracy=53.9216 voe_accuracy=21.5686 n_scenes=51 n_samples=204
[eval.intphys2] Artifacts written | output_dir=artifacts/probes/intphys2/intphys2_probe_mlp_videomae_vit_huge_16_224_20260426T180941Z/layer_32/train/trial_0000/val_eval
wandb: updating run metadata
wandb: uploading output.log; uploading wandb-summary.json; uploading config.yaml
wandb: 
wandb: Run history:
wandb:          epoch ▁▁▂▂▂▂▂▂▂▃▃▃▃▄▄▄▄▅▅▅▅▅▅▅▅▆▆▆▇▇▇▇▇▇▇█████
wandb: train_accuracy ▇▄▃█▅▆▂▄▄▃▆▄▄▄▃▅▅▆▄▃▄▄█▇█▄▄▆▄▇▁▇▃▄▅▄█▄▆▆
wandb:     train_loss █▅▄▂▃▃▂▂▁▃▂▂▂▂▂▁▂▂▂▂▂▂▁▂▂▁▂▂▁▁▂▂▁▂▂▂▂▂▁▂
wandb:   val_accuracy ▂▂▂▂▃█▂▁▂▁▂▅▂▂▂▂▄▂▇▂▅▂▂▅▇▂▃▄▄▄▅▂▃▄▃▂▂▂▃▄
wandb:       val_loss █▇▂▂▁▁▂▁▁▁▂▁▁▁▁▁▂▁▁▁▁▁▁▁▁▁▁▁▁▂▁▁▁▁▁▁▁▁▁▁
wandb: 
wandb: Run summary:
wandb:           best_epoch 54
wandb:    best_val_accuracy 53.92157
wandb:        best_val_loss 0.69285
wandb: checkpoint_best_path artifacts/probes/int...
wandb: checkpoint_last_path artifacts/probes/int...
wandb:      checkpoint_path artifacts/probes/int...
wandb:              dataset intphys2
wandb:      elapsed_seconds 17.43637
wandb:                epoch 100
wandb:    feature_signature 1e642fe5ac5d5e7f
wandb:                  +22 ...
wandb: 
wandb: 🚀 View run intphys2_mlp_videomae_vit_huge_16_224_layer_32/trial_0000 at: https://wandb.ai/caselli-niccolo-developer-university-of-amsterdam/probe4physics/runs/f57mxzat
wandb: ⭐️ View project at: https://wandb.ai/caselli-niccolo-developer-university-of-amsterdam/probe4physics
wandb: Synced 5 W&B file(s), 0 media file(s), 0 artifact file(s) and 0 other file(s)
wandb: Find logs at: ./wandb/run-20260426_201833-f57mxzat/logs
[I 2026-04-26 20:18:51,714] Trial 0 finished with value: 21.568627450980394 and parameters: {'lr': 0.0001329291894316216, 'weight_decay': 0.005061576888752304, 'batch_size': 32, 'hidden_dims': '1024x512x1024', 'dropout': 0.41622132040021087}. Best is trial 0 with value: 21.568627450980394.
wandb: setting up run w4zkmi2i
wandb: Tracking run with wandb version 0.26.1
wandb: Run data is saved locally in /gpfs/home3/scur0511/Probe4Physics/wandb/run-20260426_201851-w4zkmi2i
wandb: Run `wandb offline` to turn off syncing.
wandb: Syncing run intphys2_mlp_videomae_vit_huge_16_224_layer_32/trial_0001
wandb: ⭐️ View project at https://wandb.ai/caselli-niccolo-developer-university-of-amsterdam/probe4physics
wandb: 🚀 View run at https://wandb.ai/caselli-niccolo-developer-university-of-amsterdam/probe4physics/runs/w4zkmi2i
[eval.intphys2] Starting eval | split_name=val split_dir=data/splits/intphys2 predictor_mode=from_file metadata_file=data/annotations/intphys2_metadata.csv
[eval.intphys2] Loaded split assignments | split_scenes=51 split_samples=204
[eval.intphys2] Generated predictions | n_predictions=204
[eval.intphys2] Scoring complete | accuracy=53.9216 voe_accuracy=21.5686 n_scenes=51 n_samples=204
[eval.intphys2] Artifacts written | output_dir=artifacts/probes/intphys2/intphys2_probe_mlp_videomae_vit_huge_16_224_20260426T180941Z/layer_32/train/trial_0001/val_eval
wandb: updating run metadata
wandb: uploading wandb-metadata.json; uploading requirements.txt; uploading output.log; uploading wandb-summary.json; uploading config.yaml
wandb: uploading wandb-metadata.json; uploading requirements.txt; uploading output.log
wandb: 
wandb: Run history:
wandb:          epoch ▁▁▁▁▁▂▂▂▂▃▃▃▃▃▃▃▄▄▄▄▄▄▅▅▅▅▅▆▆▆▆▆▇▇▇▇▇▇▇█
wandb: train_accuracy ▃▂▅▃▁▆▇▄▂▄▄▂▅▄▅▃▁▃▅▅▆▅▄▅▅▃▆▅▆▄▅▄▄▄█▆▄▅▆▄
wandb:     train_loss █▅▆▆▂▄▃▃▃▃▅▂▃▄▄▃▄▄▂▂▃▃▂▂▂▂▂▁▂▂▂▃▂▂▂▂▁▂▂▁
wandb:   val_accuracy ▄▃▂▃▅▂▅▂▄▃▅▅▄▄▆▁▄▄▆▇▆▄▆▆▆▅▅▆▇▆▇▅▇▅▆▅▅█▃▆
wandb:       val_loss █▄▄▄▄▄▄▄▄▄▃▃▃▄▃▃▃▃▃▃▂▂▂▂▂▂▂▂▂▂▂▁▂▁▁▁▁▁▁▁
wandb: 
wandb: Run summary:
wandb:           best_epoch 98
wandb:    best_val_accuracy 53.92157
wandb:        best_val_loss 0.69159
wandb: checkpoint_best_path artifacts/probes/int...
wandb: checkpoint_last_path artifacts/probes/int...
wandb:      checkpoint_path artifacts/probes/int...
wandb:              dataset intphys2
wandb:      elapsed_seconds 4.28588
wandb:                epoch 100
wandb:    feature_signature 1e642fe5ac5d5e7f
wandb:                  +22 ...
wandb: 
wandb: 🚀 View run intphys2_mlp_videomae_vit_huge_16_224_layer_32/trial_0001 at: https://wandb.ai/caselli-niccolo-developer-university-of-amsterdam/probe4physics/runs/w4zkmi2i
wandb: ⭐️ View project at: https://wandb.ai/caselli-niccolo-developer-university-of-amsterdam/probe4physics
wandb: Synced 5 W&B file(s), 0 media file(s), 0 artifact file(s) and 0 other file(s)
wandb: Find logs at: ./wandb/run-20260426_201851-w4zkmi2i/logs
[I 2026-04-26 20:18:57,485] Trial 1 finished with value: 21.568627450980394 and parameters: {'lr': 4.335281794951564e-05, 'weight_decay': 1.2329623163659816e-07, 'batch_size': 128, 'hidden_dims': '512', 'dropout': 0.3925879806965068}. Best is trial 0 with value: 21.568627450980394.
wandb: setting up run r22gl3pu
wandb: Tracking run with wandb version 0.26.1
wandb: Run data is saved locally in /gpfs/home3/scur0511/Probe4Physics/wandb/run-20260426_201857-r22gl3pu
wandb: Run `wandb offline` to turn off syncing.
wandb: Syncing run intphys2_mlp_videomae_vit_huge_16_224_layer_32/trial_0002
wandb: ⭐️ View project at https://wandb.ai/caselli-niccolo-developer-university-of-amsterdam/probe4physics
wandb: 🚀 View run at https://wandb.ai/caselli-niccolo-developer-university-of-amsterdam/probe4physics/runs/r22gl3pu
[eval.intphys2] Starting eval | split_name=val split_dir=data/splits/intphys2 predictor_mode=from_file metadata_file=data/annotations/intphys2_metadata.csv
[eval.intphys2] Loaded split assignments | split_scenes=51 split_samples=204
[eval.intphys2] Generated predictions | n_predictions=204
[eval.intphys2] Scoring complete | accuracy=55.3922 voe_accuracy=17.6471 n_scenes=51 n_samples=204
[eval.intphys2] Artifacts written | output_dir=artifacts/probes/intphys2/intphys2_probe_mlp_videomae_vit_huge_16_224_20260426T180941Z/layer_32/train/trial_0002/val_eval
wandb: updating run metadata
wandb: uploading config.yaml
wandb: 
wandb: Run history:
wandb:          epoch ▁▁▁▁▁▂▂▂▂▃▃▃▃▃▃▄▄▄▄▄▅▅▅▅▆▆▆▆▆▆▆▇▇▇▇▇▇███
wandb: train_accuracy ▁▂▄▄▄▃▅▄▅▄▄▅▅▃▅▇▅▄▅▆▃▇▅▅▆▆▆▄▅▆▇▆█▄▇▇▅▅▆▇
wandb:     train_loss ██▆▅▅▇▅▆▅▄▄▅▅▄▆▄▅▄▂▂▆▄▄▅▃▂▂▅▃▂▃▂▂▃▂▂▂▁▂▂
wandb:   val_accuracy ▃▂▃▁▃▁▄▅▇▃▄▅▅▅█▅▅▇▅▆▄▆█▆▄▆▆▄▅▁▅▆▇▅▅▄▃▇▇▇
wandb:       val_loss █▅▅▅▅▅▄▄▄▄▄▃▄▃▃▃▃▃▃▃▂▂▂▂▂▂▂▂▂▂▂▂▂▁▂▂▂▁▂▁
wandb: 
wandb: Run summary:
wandb:           best_epoch 53
wandb:    best_val_accuracy 55.39216
wandb:        best_val_loss 0.69118
wandb: checkpoint_best_path artifacts/probes/int...
wandb: checkpoint_last_path artifacts/probes/int...
wandb:      checkpoint_path artifacts/probes/int...
wandb:              dataset intphys2
wandb:      elapsed_seconds 5.64048
wandb:                epoch 100
wandb:    feature_signature 1e642fe5ac5d5e7f
wandb:                  +22 ...
wandb: 
wandb: 🚀 View run intphys2_mlp_videomae_vit_huge_16_224_layer_32/trial_0002 at: https://wandb.ai/caselli-niccolo-developer-university-of-amsterdam/probe4physics/runs/r22gl3pu
wandb: ⭐️ View project at: https://wandb.ai/caselli-niccolo-developer-university-of-amsterdam/probe4physics
wandb: Synced 5 W&B file(s), 0 media file(s), 0 artifact file(s) and 0 other file(s)
wandb: Find logs at: ./wandb/run-20260426_201857-r22gl3pu/logs
[I 2026-04-26 20:19:04,165] Trial 2 finished with value: 17.647058823529413 and parameters: {'lr': 3.972110727381908e-05, 'weight_decay': 1.217325250419405e-05, 'batch_size': 128, 'hidden_dims': '1024', 'dropout': 0.34211651325607845}. Best is trial 0 with value: 21.568627450980394.
wandb: setting up run sas338xr
wandb: Tracking run with wandb version 0.26.1
wandb: Run data is saved locally in /gpfs/home3/scur0511/Probe4Physics/wandb/run-20260426_201904-sas338xr
wandb: Run `wandb offline` to turn off syncing.
wandb: Syncing run intphys2_mlp_videomae_vit_huge_16_224_layer_32/trial_0003
wandb: ⭐️ View project at https://wandb.ai/caselli-niccolo-developer-university-of-amsterdam/probe4physics
wandb: 🚀 View run at https://wandb.ai/caselli-niccolo-developer-university-of-amsterdam/probe4physics/runs/sas338xr
[eval.intphys2] Starting eval | split_name=val split_dir=data/splits/intphys2 predictor_mode=from_file metadata_file=data/annotations/intphys2_metadata.csv
[eval.intphys2] Loaded split assignments | split_scenes=51 split_samples=204
[eval.intphys2] Generated predictions | n_predictions=204
[eval.intphys2] Scoring complete | accuracy=53.4314 voe_accuracy=19.6078 n_scenes=51 n_samples=204
[eval.intphys2] Artifacts written | output_dir=artifacts/probes/intphys2/intphys2_probe_mlp_videomae_vit_huge_16_224_20260426T180941Z/layer_32/train/trial_0003/val_eval
wandb: updating run metadata
wandb: uploading output.log; uploading wandb-summary.json; uploading config.yaml
wandb: 
wandb: Run history:
wandb:          epoch ▁▁▁▁▁▂▂▂▂▂▂▃▃▃▃▃▃▄▄▄▅▅▅▅▆▆▆▆▆▆▇▇▇▇▇▇████
wandb: train_accuracy ▅▂▅▆▄▇▅▅▅▅▄▂█▃▆▆▄▆▃▂▄▁▇▃▇▃██▆▅▄▅▄▆█▆▁▃▂▆
wandb:     train_loss █▄▃▃▃▃▂▂▂▂▃▁▂▂▁▂▂▂▂▂▂▂▂▂▁▂▁▂▂▂▁▂▁▂▁▁▁▁▂▁
wandb:   val_accuracy ▂▂▂▂▃▃▇▂▁▂▃▂▃▂▃▃▅▇▃▂▁▂▂▂▅▂▃▁▂▂▅▃▇█▂▂▇▃▂▂
wandb:       val_loss █▂▁▂▄▂▂▂▁▁▁▁▁▁▁▁▁▁▁▁▁▂▁▁▁▁▁▁▁▂▁▁▁▁▁▁▁▁▁▁
wandb: 
wandb: Run summary:
wandb:           best_epoch 96
wandb:    best_val_accuracy 53.43137
wandb:        best_val_loss 0.69241
wandb: checkpoint_best_path artifacts/probes/int...
wandb: checkpoint_last_path artifacts/probes/int...
wandb:      checkpoint_path artifacts/probes/int...
wandb:              dataset intphys2
wandb:      elapsed_seconds 8.83808
wandb:                epoch 100
wandb:    feature_signature 1e642fe5ac5d5e7f
wandb:                  +22 ...
wandb: 
wandb: 🚀 View run intphys2_mlp_videomae_vit_huge_16_224_layer_32/trial_0003 at: https://wandb.ai/caselli-niccolo-developer-university-of-amsterdam/probe4physics/runs/sas338xr
wandb: ⭐️ View project at: https://wandb.ai/caselli-niccolo-developer-university-of-amsterdam/probe4physics
wandb: Synced 5 W&B file(s), 0 media file(s), 0 artifact file(s) and 0 other file(s)
wandb: Find logs at: ./wandb/run-20260426_201904-sas338xr/logs
[I 2026-04-26 20:19:14,426] Trial 3 finished with value: 19.607843137254903 and parameters: {'lr': 0.00020914981329035596, 'weight_decay': 5.397956855996434e-08, 'batch_size': 128, 'hidden_dims': '1024x512x1024', 'dropout': 0.3875664116805573}. Best is trial 0 with value: 21.568627450980394.
wandb: setting up run l3gvx2e4
wandb: Tracking run with wandb version 0.26.1
wandb: Run data is saved locally in /gpfs/home3/scur0511/Probe4Physics/wandb/run-20260426_201914-l3gvx2e4
wandb: Run `wandb offline` to turn off syncing.
wandb: Syncing run intphys2_mlp_videomae_vit_huge_16_224_layer_32/trial_0004
wandb: ⭐️ View project at https://wandb.ai/caselli-niccolo-developer-university-of-amsterdam/probe4physics
wandb: 🚀 View run at https://wandb.ai/caselli-niccolo-developer-university-of-amsterdam/probe4physics/runs/l3gvx2e4
wandb: updating run metadata
wandb: uploading wandb-summary.json; uploading config.yaml
wandb: 
wandb: Run history:
wandb:          epoch ▁▁▁▁▁▂▂▂▂▂▃▃▃▃▄▄▄▄▄▄▄▅▅▅▅▅▆▆▆▆▆▇▇▇▇▇▇███
wandb: train_accuracy ▃▇▁▇▅▆█▆█▄▅▂▄▅▅▆▅▅▅▄▅▅▄▆▅▄▅▅▆▇▄▄▃▆▅▅▅▅▄▅
wandb:     train_loss ▆▇▃▄▄▁█▃▂▂▂▂▂▂▁▁▂▃▁▂▂▂▂▂▁▁▁▁▁▁▁▂▂▁▁▂▁▁▂▁
wandb:   val_accuracy ▆▆▆▆▆▆▆▆▆▆▆▆▆▆▆▆▆▆▆▆▆▆▁▆▆▆▆▆▆█▆▆▆▆▆▆▆▆▆▆
wandb:       val_loss ▇▅▃▁▁▂▂█▃▄▅▁▁▁▁▁▂▁▂▁▂▁▁▁▁▂▁▁▁▁▁▁▁▁▁▁▁▁▁▁
wandb: 
wandb: Run summary:
wandb:          epoch 100
wandb: train_accuracy 50
wandb:     train_loss 0.69653
wandb:   val_accuracy 50
wandb:       val_loss 0.69322
wandb: 
wandb: 🚀 View run intphys2_mlp_videomae_vit_huge_16_224_layer_32/trial_0004 at: https://wandb.ai/caselli-niccolo-developer-university-of-amsterdam/probe4physics/runs/l3gvx2e4
wandb: ⭐️ View project at: https://wandb.ai/caselli-niccolo-developer-university-of-amsterdam/probe4physics
wandb: Synced 4 W&B file(s), 0 media file(s), 0 artifact file(s) and 0 other file(s)
wandb: Find logs at: ./wandb/run-20260426_201914-l3gvx2e4/logs
[I 2026-04-26 20:19:25,888] Trial 4 pruned. Pruned at epoch 100 with val_accuracy=50.0000
wandb: setting up run w6kfx2ja
wandb: Tracking run with wandb version 0.26.1
wandb: Run data is saved locally in /gpfs/home3/scur0511/Probe4Physics/wandb/run-20260426_201926-w6kfx2ja
wandb: Run `wandb offline` to turn off syncing.
wandb: Syncing run intphys2_mlp_videomae_vit_huge_16_224_layer_32/trial_0005
wandb: ⭐️ View project at https://wandb.ai/caselli-niccolo-developer-university-of-amsterdam/probe4physics
wandb: 🚀 View run at https://wandb.ai/caselli-niccolo-developer-university-of-amsterdam/probe4physics/runs/w6kfx2ja
[eval.intphys2] Starting eval | split_name=val split_dir=data/splits/intphys2 predictor_mode=from_file metadata_file=data/annotations/intphys2_metadata.csv
[eval.intphys2] Loaded split assignments | split_scenes=51 split_samples=204
[eval.intphys2] Generated predictions | n_predictions=204
[eval.intphys2] Scoring complete | accuracy=57.3529 voe_accuracy=23.5294 n_scenes=51 n_samples=204
[eval.intphys2] Artifacts written | output_dir=artifacts/probes/intphys2/intphys2_probe_mlp_videomae_vit_huge_16_224_20260426T180941Z/layer_32/train/trial_0005/val_eval
wandb: updating run metadata
wandb: uploading requirements.txt; uploading output.log; uploading wandb-summary.json; uploading config.yaml; uploading wandb-metadata.json
wandb: 
wandb: Run history:
wandb:          epoch ▁▁▁▂▂▂▂▂▂▃▃▃▃▃▄▄▄▅▅▅▅▅▅▅▆▆▆▆▆▆▇▇▇▇▇▇▇███
wandb: train_accuracy ▁▂▁▂▂▂▂▂▃▃▄▃▃▃▃▃▃▄▄▃▄▄▄▅▅▄▃▅▅▅▆▆▆▆▇▆▇▇██
wandb:     train_loss █▅▄▄▄▃▃▃▃▃▃▃▃▃▃▃▃▃▃▃▃▃▃▃▃▃▂▂▂▂▁▂▁▁▂▁▂▂▁▁
wandb:   val_accuracy ▂▂▂▁▃▄▃▃▃▂▃▃▃▆▂▃▄▃▂▃▂▇▃▄▆▆█▆▄█▃▆▇▃▅█▅▆▆▆
wandb:       val_loss ▄▁▁▁▁▁▁▁▁▁▁▁▁▁▁▁▁▁▁▁▁▁▁▁▂▂▂▃▃▄▄▅▅▅▅▆▆█▆█
wandb: 
wandb: Run summary:
wandb:           best_epoch 63
wandb:    best_val_accuracy 57.35294
wandb:        best_val_loss 0.7143
wandb: checkpoint_best_path artifacts/probes/int...
wandb: checkpoint_last_path artifacts/probes/int...
wandb:      checkpoint_path artifacts/probes/int...
wandb:              dataset intphys2
wandb:      elapsed_seconds 5.32864
wandb:                epoch 100
wandb:    feature_signature 1e642fe5ac5d5e7f
wandb:                  +22 ...
wandb: 
wandb: 🚀 View run intphys2_mlp_videomae_vit_huge_16_224_layer_32/trial_0005 at: https://wandb.ai/caselli-niccolo-developer-university-of-amsterdam/probe4physics/runs/w6kfx2ja
wandb: ⭐️ View project at: https://wandb.ai/caselli-niccolo-developer-university-of-amsterdam/probe4physics
wandb: Synced 5 W&B file(s), 0 media file(s), 0 artifact file(s) and 0 other file(s)
wandb: Find logs at: ./wandb/run-20260426_201926-w6kfx2ja/logs
[I 2026-04-26 20:19:32,313] Trial 5 finished with value: 23.52941176470588 and parameters: {'lr': 0.00042470585622618684, 'weight_decay': 7.007213496896406e-08, 'batch_size': 128, 'hidden_dims': '1024', 'dropout': 0.03702232586704518}. Best is trial 5 with value: 23.52941176470588.
wandb: setting up run f49i6do8
wandb: Tracking run with wandb version 0.26.1
wandb: Run data is saved locally in /gpfs/home3/scur0511/Probe4Physics/wandb/run-20260426_201932-f49i6do8
wandb: Run `wandb offline` to turn off syncing.
wandb: Syncing run intphys2_mlp_videomae_vit_huge_16_224_layer_32/trial_0006
wandb: ⭐️ View project at https://wandb.ai/caselli-niccolo-developer-university-of-amsterdam/probe4physics
wandb: 🚀 View run at https://wandb.ai/caselli-niccolo-developer-university-of-amsterdam/probe4physics/runs/f49i6do8
[eval.intphys2] Starting eval | split_name=val split_dir=data/splits/intphys2 predictor_mode=from_file metadata_file=data/annotations/intphys2_metadata.csv
[eval.intphys2] Loaded split assignments | split_scenes=51 split_samples=204
[eval.intphys2] Generated predictions | n_predictions=204
[eval.intphys2] Scoring complete | accuracy=55.3922 voe_accuracy=29.4118 n_scenes=51 n_samples=204
[eval.intphys2] Artifacts written | output_dir=artifacts/probes/intphys2/intphys2_probe_mlp_videomae_vit_huge_16_224_20260426T180941Z/layer_32/train/trial_0006/val_eval
wandb: updating run metadata
wandb: uploading wandb-summary.json; uploading config.yaml; uploading output.log
wandb: 
wandb: Run history:
wandb:          epoch ▁▁▂▂▂▂▂▃▃▃▃▃▃▃▃▄▄▄▄▄▄▅▅▅▅▅▅▆▆▆▆▆▆▇▇▇▇▇██
wandb: train_accuracy ▁▁▄▁▄▄▄▅▂▃▄▄▃▂▃▂▄▃▄▄▂▃▃▄▄▆▄▄▅▆▅▆▅▅▄▆▅███
wandb:     train_loss ▇█▇▆▇▇▇▇▇▆▆▇▆▇▆▇▇▆▇▆▆▆▇▆▇▆▆█▅▅▄▆▅▆▅▄▄▃▃▁
wandb:   val_accuracy ▁▁▁▁▁▂▁▂▂▂▁▁▄▂▆▄▂▂▄▁▂▃▂▂▂▄▁▂▃█▂▆▇▂▂▃█▄▇▃
wandb:       val_loss ▃▂▂▃▂▂▂▂▂▂▂▂▂▂▂▂▂▂▂▂▂▂▂▂▃▂▁▁▂▁▁▁▂▁▁▂▂▄█▆
wandb: 
wandb: Run summary:
wandb:           best_epoch 68
wandb:    best_val_accuracy 55.39216
wandb:        best_val_loss 0.68171
wandb: checkpoint_best_path artifacts/probes/int...
wandb: checkpoint_last_path artifacts/probes/int...
wandb:      checkpoint_path artifacts/probes/int...
wandb:              dataset intphys2
wandb:      elapsed_seconds 14.89807
wandb:                epoch 100
wandb:    feature_signature 1e642fe5ac5d5e7f
wandb:                  +22 ...
wandb: 
wandb: 🚀 View run intphys2_mlp_videomae_vit_huge_16_224_layer_32/trial_0006 at: https://wandb.ai/caselli-niccolo-developer-university-of-amsterdam/probe4physics/runs/f49i6do8
wandb: ⭐️ View project at: https://wandb.ai/caselli-niccolo-developer-university-of-amsterdam/probe4physics
wandb: Synced 5 W&B file(s), 0 media file(s), 0 artifact file(s) and 0 other file(s)
wandb: Find logs at: ./wandb/run-20260426_201932-f49i6do8/logs
[I 2026-04-26 20:19:48,379] Trial 6 finished with value: 29.411764705882355 and parameters: {'lr': 0.0001189589673755355, 'weight_decay': 4.9569479327999555e-08, 'batch_size': 32, 'hidden_dims': '1024x512x256', 'dropout': 0.05979712296915085}. Best is trial 6 with value: 29.411764705882355.
wandb: setting up run vhd2mush
wandb: Tracking run with wandb version 0.26.1
wandb: Run data is saved locally in /gpfs/home3/scur0511/Probe4Physics/wandb/run-20260426_201948-vhd2mush
wandb: Run `wandb offline` to turn off syncing.
wandb: Syncing run intphys2_mlp_videomae_vit_huge_16_224_layer_32/trial_0007
wandb: ⭐️ View project at https://wandb.ai/caselli-niccolo-developer-university-of-amsterdam/probe4physics
wandb: 🚀 View run at https://wandb.ai/caselli-niccolo-developer-university-of-amsterdam/probe4physics/runs/vhd2mush
wandb: updating run metadata
wandb: uploading wandb-summary.json; uploading config.yaml
wandb: 
wandb: Run history:
wandb:          epoch ▁▁▁▁▂▂▂▂▂▃▃▃▃▃▃▃▄▄▄▄▄▅▅▅▅▆▆▆▆▆▇▇▇▇▇▇▇███
wandb: train_accuracy ▃▄▁▆▅▅▆▆▄▂▄▃▄▄▄▅▂▅▃▅▄▂▆▆▇▄█▆▅▄▆▄▄▅▅▃▄▄▅▅
wandb:     train_loss █▁▁▁▁▁▁▁▁▁▁▁▁▁▁▁▁▁▁▁▁▁▁▁▁▁▁▁▁▁▁▁▁▁▁▁▁▁▁▁
wandb:   val_accuracy ▃▃▃▃▃▃▃▆▃▃▃▃▃▃█▃▃▃▃▃▃▃▃▃▃▃▃▃▅▃▁▃▃▅█▃▃▃▆▃
wandb:       val_loss ▂▂▄▃▃▂▂▂▅▁▁▃▁▁▂▁▄█▁▁▁▁█▁▃▅▁▁▁▁▁▁▁▃▃▁▁▁▂▂
wandb: 
wandb: Run summary:
wandb:          epoch 100
wandb: train_accuracy 50.16556
wandb:     train_loss 0.69703
wandb:   val_accuracy 50.4902
wandb:       val_loss 0.69313
wandb: 
wandb: 🚀 View run intphys2_mlp_videomae_vit_huge_16_224_layer_32/trial_0007 at: https://wandb.ai/caselli-niccolo-developer-university-of-amsterdam/probe4physics/runs/vhd2mush
wandb: ⭐️ View project at: https://wandb.ai/caselli-niccolo-developer-university-of-amsterdam/probe4physics
wandb: Synced 4 W&B file(s), 0 media file(s), 0 artifact file(s) and 0 other file(s)
wandb: Find logs at: ./wandb/run-20260426_201948-vhd2mush/logs
[I 2026-04-26 20:19:59,613] Trial 7 pruned. Pruned at epoch 100 with val_accuracy=50.4902
wandb: setting up run 0ctiyo8h
wandb: Tracking run with wandb version 0.26.1
wandb: Run data is saved locally in /gpfs/home3/scur0511/Probe4Physics/wandb/run-20260426_201959-0ctiyo8h
wandb: Run `wandb offline` to turn off syncing.
wandb: Syncing run intphys2_mlp_videomae_vit_huge_16_224_layer_32/trial_0008
wandb: ⭐️ View project at https://wandb.ai/caselli-niccolo-developer-university-of-amsterdam/probe4physics
wandb: 🚀 View run at https://wandb.ai/caselli-niccolo-developer-university-of-amsterdam/probe4physics/runs/0ctiyo8h
[eval.intphys2] Starting eval | split_name=val split_dir=data/splits/intphys2 predictor_mode=from_file metadata_file=data/annotations/intphys2_metadata.csv
[eval.intphys2] Loaded split assignments | split_scenes=51 split_samples=204
[eval.intphys2] Generated predictions | n_predictions=204
[eval.intphys2] Scoring complete | accuracy=56.3725 voe_accuracy=23.5294 n_scenes=51 n_samples=204
[eval.intphys2] Artifacts written | output_dir=artifacts/probes/intphys2/intphys2_probe_mlp_videomae_vit_huge_16_224_20260426T180941Z/layer_32/train/trial_0008/val_eval
wandb: updating run metadata
wandb: uploading wandb-summary.json; uploading config.yaml; uploading output.log
wandb: uploading config.yaml
wandb: 
wandb: Run history:
wandb:          epoch ▁▁▁▁▂▂▂▂▃▃▃▃▃▄▄▄▄▄▄▄▅▅▅▅▅▆▆▇▇▇▇▇▇▇▇█████
wandb: train_accuracy ▅▆▅▅▇▆▅▇▁▆▇▆▂▄▅▆▆▆▅▆▄▅▃▅▄▅▆▆▆▆▇▆▆▅▇█▆▅▇▇
wandb:     train_loss ▃▅▃▄█▆▃▃▃▂▂▃▂▅▅▃▂▂▂▂▃▂▂▂▂▂▂▁▂▂▂▂▂▂▂▁▁▂▂▁
wandb:   val_accuracy ▂▂▂▂▂▂▂▂▄▃▂▂▂▃▆▃▂▂▇▃▇▆▁▄▂▆▆▂▅▃▂▅▄▃▁▅██▂▇
wandb:       val_loss ▁▃▆▅▂▂▄▁▁█▂▁▁▁▂▃▁▁▁▁▂▁▁▁▁▁▁▁▁▁▁▄▃▁▁▁▂▁▁▁
wandb: 
wandb: Run summary:
wandb:           best_epoch 90
wandb:    best_val_accuracy 56.37255
wandb:        best_val_loss 0.69096
wandb: checkpoint_best_path artifacts/probes/int...
wandb: checkpoint_last_path artifacts/probes/int...
wandb:      checkpoint_path artifacts/probes/int...
wandb:              dataset intphys2
wandb:      elapsed_seconds 6.96406
wandb:                epoch 100
wandb:    feature_signature 1e642fe5ac5d5e7f
wandb:                  +22 ...
wandb: 
wandb: 🚀 View run intphys2_mlp_videomae_vit_huge_16_224_layer_32/trial_0008 at: https://wandb.ai/caselli-niccolo-developer-university-of-amsterdam/probe4physics/runs/0ctiyo8h
wandb: ⭐️ View project at: https://wandb.ai/caselli-niccolo-developer-university-of-amsterdam/probe4physics
wandb: Synced 5 W&B file(s), 0 media file(s), 0 artifact file(s) and 0 other file(s)
wandb: Find logs at: ./wandb/run-20260426_201959-0ctiyo8h/logs
[I 2026-04-26 20:20:08,010] Trial 8 finished with value: 23.52941176470588 and parameters: {'lr': 0.005280796376895365, 'weight_decay': 3.1315069138816194e-07, 'batch_size': 64, 'hidden_dims': '1024', 'dropout': 0.40183603844955723}. Best is trial 6 with value: 29.411764705882355.
wandb: setting up run 35prwy03
wandb: Tracking run with wandb version 0.26.1
wandb: Run data is saved locally in /gpfs/home3/scur0511/Probe4Physics/wandb/run-20260426_202008-35prwy03
wandb: Run `wandb offline` to turn off syncing.
wandb: Syncing run intphys2_mlp_videomae_vit_huge_16_224_layer_32/trial_0009
wandb: ⭐️ View project at https://wandb.ai/caselli-niccolo-developer-university-of-amsterdam/probe4physics
wandb: 🚀 View run at https://wandb.ai/caselli-niccolo-developer-university-of-amsterdam/probe4physics/runs/35prwy03
[eval.intphys2] Starting eval | split_name=val split_dir=data/splits/intphys2 predictor_mode=from_file metadata_file=data/annotations/intphys2_metadata.csv
[eval.intphys2] Loaded split assignments | split_scenes=51 split_samples=204
[eval.intphys2] Generated predictions | n_predictions=204
[eval.intphys2] Scoring complete | accuracy=53.9216 voe_accuracy=23.5294 n_scenes=51 n_samples=204
[eval.intphys2] Artifacts written | output_dir=artifacts/probes/intphys2/intphys2_probe_mlp_videomae_vit_huge_16_224_20260426T180941Z/layer_32/train/trial_0009/val_eval
wandb: updating run metadata
wandb: uploading output.log; uploading wandb-summary.json; uploading config.yaml
wandb: uploading history steps 0-99, summary, console lines 0-4
wandb: 
wandb: Run history:
wandb:          epoch ▁▁▂▂▂▂▂▂▃▃▃▃▃▃▃▄▄▄▄▄▄▅▅▅▅▅▅▅▅▅▆▆▆▆▆▇▇▇▇█
wandb: train_accuracy ▅▁▄▄▃▂▇▅▄▃▄▃▁▅▄█▄▅▅▃▁▃█▄▃▃▆▇▂▇▄▄▆▆▃▂▆▅▄█
wandb:     train_loss █▆▆▄▆▄▃▃▄▃▄▄▃▃▃▃▂▃▃▂▁▂▂▃▂▁▃▂▂▂▂▁▂▂▂▁▂▂▃▂
wandb:   val_accuracy ▃▆▅▂▆▄▄▃▃▅▇▅▁▂▄▄▄▂▃▅▃█▄▄▃▅▅▂▂▆▆▅▆▄▅▄▃▅▆▅
wandb:       val_loss █▄▂▃▃▂▃▂▂▂▂▃▂▂▃▃▂▃▂▂▂▂▃▂▂▂▂▂▂▂▁▁▁▁▁▁▁▁▁▁
wandb: 
wandb: Run summary:
wandb:           best_epoch 76
wandb:    best_val_accuracy 53.92157
wandb:        best_val_loss 0.69258
wandb: checkpoint_best_path artifacts/probes/int...
wandb: checkpoint_last_path artifacts/probes/int...
wandb:      checkpoint_path artifacts/probes/int...
wandb:              dataset intphys2
wandb:      elapsed_seconds 7.64154
wandb:                epoch 100
wandb:    feature_signature 1e642fe5ac5d5e7f
wandb:                  +22 ...
wandb: 
wandb: 🚀 View run intphys2_mlp_videomae_vit_huge_16_224_layer_32/trial_0009 at: https://wandb.ai/caselli-niccolo-developer-university-of-amsterdam/probe4physics/runs/35prwy03
wandb: ⭐️ View project at: https://wandb.ai/caselli-niccolo-developer-university-of-amsterdam/probe4physics
wandb: Synced 5 W&B file(s), 0 media file(s), 0 artifact file(s) and 0 other file(s)
wandb: Find logs at: ./wandb/run-20260426_202008-35prwy03/logs
[I 2026-04-26 20:20:17,137] Trial 9 finished with value: 23.52941176470588 and parameters: {'lr': 3.6283583803549155e-05, 'weight_decay': 0.0022664909586669274, 'batch_size': 128, 'hidden_dims': '1024x512x256', 'dropout': 0.25537365128878287}. Best is trial 6 with value: 29.411764705882355.
wandb: setting up run 462152jc
wandb: Tracking run with wandb version 0.26.1
wandb: Run data is saved locally in /gpfs/home3/scur0511/Probe4Physics/wandb/run-20260426_202017-462152jc
wandb: Run `wandb offline` to turn off syncing.
wandb: Syncing run intphys2_mlp_videomae_vit_huge_16_224_layer_32/trial_0010
wandb: ⭐️ View project at https://wandb.ai/caselli-niccolo-developer-university-of-amsterdam/probe4physics
wandb: 🚀 View run at https://wandb.ai/caselli-niccolo-developer-university-of-amsterdam/probe4physics/runs/462152jc
[eval.intphys2] Starting eval | split_name=val split_dir=data/splits/intphys2 predictor_mode=from_file metadata_file=data/annotations/intphys2_metadata.csv
[eval.intphys2] Loaded split assignments | split_scenes=51 split_samples=204
[eval.intphys2] Generated predictions | n_predictions=204
[eval.intphys2] Scoring complete | accuracy=57.3529 voe_accuracy=19.6078 n_scenes=51 n_samples=204
[eval.intphys2] Artifacts written | output_dir=artifacts/probes/intphys2/intphys2_probe_mlp_videomae_vit_huge_16_224_20260426T180941Z/layer_32/train/trial_0010/val_eval
wandb: uploading wandb-metadata.json; uploading requirements.txt; updating run metadata
wandb: uploading wandb-summary.json; uploading config.yaml; uploading output.log
wandb: 
wandb: Run history:
wandb:          epoch ▁▁▁▁▂▂▂▂▂▃▃▃▃▄▄▄▄▄▄▅▅▅▆▆▆▆▆▆▆▆▇▇▇▇▇▇▇███
wandb: train_accuracy ▃▂▂▄▂▂▅▁▄▃▄▅▅▅▅▃▆▅▆▄▅▅▆▇▅▇▅▆▆▆▆▅██▆█▇▇▇█
wandb:     train_loss █▆▇▅▆▅▅▆▅▄▅▄▄▅▃▃▃▃▃▃▃▂▃▂▃▂▂▃▂▂▂▁▂▃▂▂▂▂▂▁
wandb:   val_accuracy ▁▂▃▂▁▄▂▃▃▂▄▃▃▄▃▃▄▄▄▂▅▂▄▅▃▂▇▅▄▅▅▆▄▄▃▆▅▇█▇
wandb:       val_loss █▄▃▃▃▃▂▂▃▂▂▂▂▂▂▂▂▂▂▂▂▂▂▂▁▂▂▁▁▁▁▁▁▂▁▁▁▁▁▁
wandb: 
wandb: Run summary:
wandb:           best_epoch 96
wandb:    best_val_accuracy 57.35294
wandb:        best_val_loss 0.69139
wandb: checkpoint_best_path artifacts/probes/int...
wandb: checkpoint_last_path artifacts/probes/int...
wandb:      checkpoint_path artifacts/probes/int...
wandb:              dataset intphys2
wandb:      elapsed_seconds 5.9749
wandb:                epoch 100
wandb:    feature_signature 1e642fe5ac5d5e7f
wandb:                  +22 ...
wandb: 
wandb: 🚀 View run intphys2_mlp_videomae_vit_huge_16_224_layer_32/trial_0010 at: https://wandb.ai/caselli-niccolo-developer-university-of-amsterdam/probe4physics/runs/462152jc
wandb: ⭐️ View project at: https://wandb.ai/caselli-niccolo-developer-university-of-amsterdam/probe4physics
wandb: Synced 5 W&B file(s), 0 media file(s), 0 artifact file(s) and 0 other file(s)
wandb: Find logs at: ./wandb/run-20260426_202017-462152jc/logs
[I 2026-04-26 20:20:24,148] Trial 10 finished with value: 19.607843137254903 and parameters: {'lr': 1.3184140315353616e-05, 'weight_decay': 2.457990533382466e-06, 'batch_size': 32, 'hidden_dims': '256', 'dropout': 0.0074235120982228744}. Best is trial 6 with value: 29.411764705882355.
wandb: setting up run b87rtvl0
wandb: Tracking run with wandb version 0.26.1
wandb: Run data is saved locally in /gpfs/home3/scur0511/Probe4Physics/wandb/run-20260426_202024-b87rtvl0
wandb: Run `wandb offline` to turn off syncing.
wandb: Syncing run intphys2_mlp_videomae_vit_huge_16_224_layer_32/trial_0011
wandb: ⭐️ View project at https://wandb.ai/caselli-niccolo-developer-university-of-amsterdam/probe4physics
wandb: 🚀 View run at https://wandb.ai/caselli-niccolo-developer-university-of-amsterdam/probe4physics/runs/b87rtvl0
[eval.intphys2] Starting eval | split_name=val split_dir=data/splits/intphys2 predictor_mode=from_file metadata_file=data/annotations/intphys2_metadata.csv
[eval.intphys2] Loaded split assignments | split_scenes=51 split_samples=204
[eval.intphys2] Generated predictions | n_predictions=204
[eval.intphys2] Scoring complete | accuracy=54.9020 voe_accuracy=25.4902 n_scenes=51 n_samples=204
[eval.intphys2] Artifacts written | output_dir=artifacts/probes/intphys2/intphys2_probe_mlp_videomae_vit_huge_16_224_20260426T180941Z/layer_32/train/trial_0011/val_eval
wandb: updating run metadata
wandb: uploading wandb-metadata.json; uploading requirements.txt; uploading output.log; uploading wandb-summary.json; uploading config.yaml
wandb: 
wandb: Run history:
wandb:          epoch ▁▁▁▁▂▂▂▂▂▃▃▃▃▃▃▃▄▄▄▄▄▄▄▄▅▅▅▅▅▆▆▆▇▇▇▇████
wandb: train_accuracy ▂▄▄▁▄▄▆▄▂▄▄▃▆▄▄▃▄▄▄▃▄▃▆▃▅▄▆▆▆▄▅▇▄▅▅▇█▇▇▇
wandb:     train_loss █▂▂▁▁▁▁▁▁▁▁▁▁▁▁▁▁▁▁▁▁▁▁▁▁▁▁▁▁▁▁▁▁▁▁▁▁▁▁▁
wandb:   val_accuracy ▂▂▃▂▂▄▃▃▂▂▂▃▄▃▂▂▃▂▃▂▂█▂▂▅▃▃▃▂▂▅▁▃▃▂▃▅▂▄▅
wandb:       val_loss ▄█▃▂▁▁▁▁▁▁▁▁▁▁▁▁▁▁▁▁▁▁▁▁▁▁▁▁▁▁▁▁▁▁▁▁▁▁▁▁
wandb: 
wandb: Run summary:
wandb:           best_epoch 54
wandb:    best_val_accuracy 54.90196
wandb:        best_val_loss 0.69258
wandb: checkpoint_best_path artifacts/probes/int...
wandb: checkpoint_last_path artifacts/probes/int...
wandb:      checkpoint_path artifacts/probes/int...
wandb:              dataset intphys2
wandb:      elapsed_seconds 4.66753
wandb:                epoch 100
wandb:    feature_signature 1e642fe5ac5d5e7f
wandb:                  +22 ...
wandb: 
wandb: 🚀 View run intphys2_mlp_videomae_vit_huge_16_224_layer_32/trial_0011 at: https://wandb.ai/caselli-niccolo-developer-university-of-amsterdam/probe4physics/runs/b87rtvl0
wandb: ⭐️ View project at: https://wandb.ai/caselli-niccolo-developer-university-of-amsterdam/probe4physics
wandb: Synced 5 W&B file(s), 0 media file(s), 0 artifact file(s) and 0 other file(s)
wandb: Find logs at: ./wandb/run-20260426_202024-b87rtvl0/logs
[I 2026-04-26 20:20:29,832] Trial 11 finished with value: 25.49019607843137 and parameters: {'lr': 0.0007648338608743829, 'weight_decay': 1.2404201083947842e-08, 'batch_size': 256, 'hidden_dims': '512x256', 'dropout': 0.00347684631337674}. Best is trial 6 with value: 29.411764705882355.
wandb: setting up run zjxp831j
wandb: Tracking run with wandb version 0.26.1
wandb: Run data is saved locally in /gpfs/home3/scur0511/Probe4Physics/wandb/run-20260426_202030-zjxp831j
wandb: Run `wandb offline` to turn off syncing.
wandb: Syncing run intphys2_mlp_videomae_vit_huge_16_224_layer_32/trial_0012
wandb: ⭐️ View project at https://wandb.ai/caselli-niccolo-developer-university-of-amsterdam/probe4physics
wandb: 🚀 View run at https://wandb.ai/caselli-niccolo-developer-university-of-amsterdam/probe4physics/runs/zjxp831j
[eval.intphys2] Starting eval | split_name=val split_dir=data/splits/intphys2 predictor_mode=from_file metadata_file=data/annotations/intphys2_metadata.csv
[eval.intphys2] Loaded split assignments | split_scenes=51 split_samples=204
[eval.intphys2] Generated predictions | n_predictions=204
[eval.intphys2] Scoring complete | accuracy=53.4314 voe_accuracy=25.4902 n_scenes=51 n_samples=204
[eval.intphys2] Artifacts written | output_dir=artifacts/probes/intphys2/intphys2_probe_mlp_videomae_vit_huge_16_224_20260426T180941Z/layer_32/train/trial_0012/val_eval
wandb: updating run metadata
wandb: uploading wandb-metadata.json; uploading requirements.txt; uploading output.log; uploading wandb-summary.json; uploading config.yaml
wandb: 
wandb: Run history:
wandb:          epoch ▁▁▁▁▂▂▂▂▂▂▂▂▃▃▃▃▃▄▄▄▄▅▅▅▅▆▆▆▆▆▆▇▇▇▇▇▇▇██
wandb: train_accuracy ▄▄▄▂▃▅▂▂█▃▁▅▇▂▃▆▆▅▆▄▁▃▅▄▅▆▃▆▆▂▄▄▂▆▆▄▆▄▅▆
wandb:     train_loss ▆█▅▄▄▂▃▃▂▃▂▁▂▃▂▃▂▃▂▂▃▂▃▂▂▃▃▂▂▃▂▂▃▂▃▂▃▂▂▁
wandb:   val_accuracy ▂▁▁▁▁▄▁▁▂▁▁▁▄▁▃▂▁▃▂▄▁▁▁▁▁▄▂▂▁▁▂▁▁▂▅▅█▂▆▅
wandb:       val_loss █▂▁▁▁▁▁▁▁▁▁▁▁▁▁▁▁▁▁▁▁▁▁▁▁▁▁▁▁▁▁▁▁▁▁▁▁▁▁▁
wandb: 
wandb: Run summary:
wandb:           best_epoch 93
wandb:    best_val_accuracy 53.43137
wandb:        best_val_loss 0.69226
wandb: checkpoint_best_path artifacts/probes/int...
wandb: checkpoint_last_path artifacts/probes/int...
wandb:      checkpoint_path artifacts/probes/int...
wandb:              dataset intphys2
wandb:      elapsed_seconds 4.60038
wandb:                epoch 100
wandb:    feature_signature 1e642fe5ac5d5e7f
wandb:                  +22 ...
wandb: 
wandb: 🚀 View run intphys2_mlp_videomae_vit_huge_16_224_layer_32/trial_0012 at: https://wandb.ai/caselli-niccolo-developer-university-of-amsterdam/probe4physics/runs/zjxp831j
wandb: ⭐️ View project at: https://wandb.ai/caselli-niccolo-developer-university-of-amsterdam/probe4physics
wandb: Synced 5 W&B file(s), 0 media file(s), 0 artifact file(s) and 0 other file(s)
wandb: Find logs at: ./wandb/run-20260426_202030-zjxp831j/logs
[I 2026-04-26 20:20:35,531] Trial 12 finished with value: 25.49019607843137 and parameters: {'lr': 0.0009753910137687993, 'weight_decay': 1.1305066803965745e-08, 'batch_size': 256, 'hidden_dims': '512x256', 'dropout': 0.10331763300328778}. Best is trial 6 with value: 29.411764705882355.
wandb: setting up run nymhbbk4
wandb: Tracking run with wandb version 0.26.1
wandb: Run data is saved locally in /gpfs/home3/scur0511/Probe4Physics/wandb/run-20260426_202035-nymhbbk4
wandb: Run `wandb offline` to turn off syncing.
wandb: Syncing run intphys2_mlp_videomae_vit_huge_16_224_layer_32/trial_0013
wandb: ⭐️ View project at https://wandb.ai/caselli-niccolo-developer-university-of-amsterdam/probe4physics
wandb: 🚀 View run at https://wandb.ai/caselli-niccolo-developer-university-of-amsterdam/probe4physics/runs/nymhbbk4
[eval.intphys2] Starting eval | split_name=val split_dir=data/splits/intphys2 predictor_mode=from_file metadata_file=data/annotations/intphys2_metadata.csv
[eval.intphys2] Loaded split assignments | split_scenes=51 split_samples=204
[eval.intphys2] Generated predictions | n_predictions=204
[eval.intphys2] Scoring complete | accuracy=54.4118 voe_accuracy=29.4118 n_scenes=51 n_samples=204
[eval.intphys2] Artifacts written | output_dir=artifacts/probes/intphys2/intphys2_probe_mlp_videomae_vit_huge_16_224_20260426T180941Z/layer_32/train/trial_0013/val_eval
wandb: updating run metadata
wandb: uploading requirements.txt; uploading output.log; uploading wandb-summary.json; uploading config.yaml; uploading wandb-metadata.json
wandb: 
wandb: Run history:
wandb:          epoch ▁▁▁▁▁▂▂▂▂▂▂▃▃▃▃▃▃▃▄▄▄▅▅▅▅▅▆▆▆▆▆▆▇▇▇▇▇▇▇█
wandb: train_accuracy ▃▄▃▃▃▅▄▅▄▅▂▅▃▃▅▂▄▅▅▄▁▃▄▅▄▅▆▄▅▄▆▅▅▄▇▄▅█▆▅
wandb:     train_loss █▃▄▂▂▂▂▁▂▂▂▂▁▂▁▂▂▂▂▂▂▂▂▂▂▂▂▂▂▂▂▂▂▂▂▂▂▁▁▁
wandb:   val_accuracy ▃▃▃▃▃▃▅▆▄▃▃▁▄▃▆▄▃▄▃▃▃▃▃▃▃▄▄▇█▃█▃▃▅▃▇▆▅▆▅
wandb:       val_loss █▁▁▁▁▁▁▁▁▁▁▁▁▁▁▁▁▁▁▁▁▁▁▁▁▁▁▁▁▁▁▁▁▁▁▁▁▁▁▁
wandb: 
wandb: Run summary:
wandb:           best_epoch 63
wandb:    best_val_accuracy 54.41176
wandb:        best_val_loss 0.69265
wandb: checkpoint_best_path artifacts/probes/int...
wandb: checkpoint_last_path artifacts/probes/int...
wandb:      checkpoint_path artifacts/probes/int...
wandb:              dataset intphys2
wandb:      elapsed_seconds 4.50988
wandb:                epoch 100
wandb:    feature_signature 1e642fe5ac5d5e7f
wandb:                  +22 ...
wandb: 
wandb: 🚀 View run intphys2_mlp_videomae_vit_huge_16_224_layer_32/trial_0013 at: https://wandb.ai/caselli-niccolo-developer-university-of-amsterdam/probe4physics/runs/nymhbbk4
wandb: ⭐️ View project at: https://wandb.ai/caselli-niccolo-developer-university-of-amsterdam/probe4physics
wandb: Synced 5 W&B file(s), 0 media file(s), 0 artifact file(s) and 0 other file(s)
wandb: Find logs at: ./wandb/run-20260426_202035-nymhbbk4/logs
[I 2026-04-26 20:20:41,065] Trial 13 finished with value: 29.411764705882355 and parameters: {'lr': 0.0007642745294336392, 'weight_decay': 1.1648751710942508e-08, 'batch_size': 256, 'hidden_dims': '512x256', 'dropout': 0.12460494391750337}. Best is trial 6 with value: 29.411764705882355.
wandb: setting up run spdujqja
wandb: Tracking run with wandb version 0.26.1
wandb: Run data is saved locally in /gpfs/home3/scur0511/Probe4Physics/wandb/run-20260426_202041-spdujqja
wandb: Run `wandb offline` to turn off syncing.
wandb: Syncing run intphys2_mlp_videomae_vit_huge_16_224_layer_32/trial_0014
wandb: ⭐️ View project at https://wandb.ai/caselli-niccolo-developer-university-of-amsterdam/probe4physics
wandb: 🚀 View run at https://wandb.ai/caselli-niccolo-developer-university-of-amsterdam/probe4physics/runs/spdujqja
[eval.intphys2] Starting eval | split_name=val split_dir=data/splits/intphys2 predictor_mode=from_file metadata_file=data/annotations/intphys2_metadata.csv
[eval.intphys2] Loaded split assignments | split_scenes=51 split_samples=204
[eval.intphys2] Generated predictions | n_predictions=204
[eval.intphys2] Scoring complete | accuracy=52.4510 voe_accuracy=19.6078 n_scenes=51 n_samples=204
[eval.intphys2] Artifacts written | output_dir=artifacts/probes/intphys2/intphys2_probe_mlp_videomae_vit_huge_16_224_20260426T180941Z/layer_32/train/trial_0014/val_eval
wandb: updating run metadata
wandb: uploading requirements.txt; uploading output.log; uploading wandb-summary.json; uploading config.yaml; uploading wandb-metadata.json
wandb: 
wandb: Run history:
wandb:          epoch ▁▁▁▂▂▂▂▂▂▂▃▄▄▄▄▄▄▅▅▅▅▅▅▅▅▆▆▆▆▆▆▇▇▇▇▇▇▇██
wandb: train_accuracy ▂▃▄▄▃▄▅▂▃▅▄▁▂▄▆▅▃▃▅▂▆▂▅▅▃▃▃▂▃▃▄▃▄▃█▄▄▄▄▃
wandb:     train_loss █▁▁▁▁▁▁▁▁▁▁▁▁▁▁▁▁▁▁▁▁▁▁▁▁▁▁▁▁▁▁▁▁▁▁▁▁▁▁▁
wandb:   val_accuracy ▆▆▆▆▆▆▆▆▆▆▆▆▆▆▆█▆▆▁▆▆▆▆▆▆▆▆▆▆▆▆▆▆▆▆▆▆▆▆▆
wandb:       val_loss █▅▂▂▁▁▁▁▁▁▁▁▁▁▁▁▁▁▁▁▁▁▁▁▁▁▁▁▁▁▁▁▂▁▁▁▁▁▁▁
wandb: 
wandb: Run summary:
wandb:           best_epoch 53
wandb:    best_val_accuracy 52.45098
wandb:        best_val_loss 0.69301
wandb: checkpoint_best_path artifacts/probes/int...
wandb: checkpoint_last_path artifacts/probes/int...
wandb:      checkpoint_path artifacts/probes/int...
wandb:              dataset intphys2
wandb:      elapsed_seconds 4.68217
wandb:                epoch 100
wandb:    feature_signature 1e642fe5ac5d5e7f
wandb:                  +22 ...
wandb: 
wandb: 🚀 View run intphys2_mlp_videomae_vit_huge_16_224_layer_32/trial_0014 at: https://wandb.ai/caselli-niccolo-developer-university-of-amsterdam/probe4physics/runs/spdujqja
wandb: ⭐️ View project at: https://wandb.ai/caselli-niccolo-developer-university-of-amsterdam/probe4physics
wandb: Synced 5 W&B file(s), 0 media file(s), 0 artifact file(s) and 0 other file(s)
wandb: Find logs at: ./wandb/run-20260426_202041-spdujqja/logs
[I 2026-04-26 20:20:46,933] Trial 14 finished with value: 19.607843137254903 and parameters: {'lr': 0.0023681433985632936, 'weight_decay': 1.1862124324957527e-06, 'batch_size': 256, 'hidden_dims': '512x256', 'dropout': 0.14046419132585392}. Best is trial 6 with value: 29.411764705882355.
wandb: setting up run vi5mqhz2
wandb: Tracking run with wandb version 0.26.1
wandb: Run data is saved locally in /gpfs/home3/scur0511/Probe4Physics/wandb/run-20260426_202047-vi5mqhz2
wandb: Run `wandb offline` to turn off syncing.
wandb: Syncing run intphys2_mlp_videomae_vit_huge_16_224_layer_32/trial_0015
wandb: ⭐️ View project at https://wandb.ai/caselli-niccolo-developer-university-of-amsterdam/probe4physics
wandb: 🚀 View run at https://wandb.ai/caselli-niccolo-developer-university-of-amsterdam/probe4physics/runs/vi5mqhz2
[eval.intphys2] Starting eval | split_name=val split_dir=data/splits/intphys2 predictor_mode=from_file metadata_file=data/annotations/intphys2_metadata.csv
[eval.intphys2] Loaded split assignments | split_scenes=51 split_samples=204
[eval.intphys2] Generated predictions | n_predictions=204
[eval.intphys2] Scoring complete | accuracy=56.3725 voe_accuracy=29.4118 n_scenes=51 n_samples=204
[eval.intphys2] Artifacts written | output_dir=artifacts/probes/intphys2/intphys2_probe_mlp_videomae_vit_huge_16_224_20260426T180941Z/layer_32/train/trial_0015/val_eval
wandb: updating run metadata
wandb: uploading output.log; uploading wandb-summary.json; uploading config.yaml
wandb: 
wandb: Run history:
wandb:          epoch ▁▁▁▁▂▂▂▂▂▂▃▃▃▄▄▄▄▄▄▄▅▅▅▅▅▆▆▆▆▆▆▇▇▇▇▇▇▇▇█
wandb: train_accuracy ▁▂▁▂▃▃▁▅▃▃▃▄▃▃▃▃▂▄▅▄▅▄▃▃▄▃▅▄▆▅▄▆▅▅▆▇▆███
wandb:     train_loss █▅▅▅▄▄▄▄▄▄▄▄▄▄▄▄▄▄▄▄▄▃▄▄▃▄▃▄▄▃▃▃▂▃▃▂▂▁▁▁
wandb:   val_accuracy ▂▁▂▃▃▂▂▂▅▃▂▃▄▄▄▃█▃▆▄▂▇▃▁▄▄▇▄▃▄▇▂▆▆▆▃▄▇▄▆
wandb:       val_loss ▂▂▂▂▂▂▂▂▂▂▂▂▂▂▂▂▂▂▂▂▂▂▂▂▂▁▃▁▂▁▁▁▁▁█▆▆▄▃▃
wandb: 
wandb: Run summary:
wandb:           best_epoch 42
wandb:    best_val_accuracy 56.37255
wandb:        best_val_loss 0.6911
wandb: checkpoint_best_path artifacts/probes/int...
wandb: checkpoint_last_path artifacts/probes/int...
wandb:      checkpoint_path artifacts/probes/int...
wandb:              dataset intphys2
wandb:      elapsed_seconds 6.9783
wandb:                epoch 100
wandb:    feature_signature 1e642fe5ac5d5e7f
wandb:                  +22 ...
wandb: 
wandb: 🚀 View run intphys2_mlp_videomae_vit_huge_16_224_layer_32/trial_0015 at: https://wandb.ai/caselli-niccolo-developer-university-of-amsterdam/probe4physics/runs/vi5mqhz2
wandb: ⭐️ View project at: https://wandb.ai/caselli-niccolo-developer-university-of-amsterdam/probe4physics
wandb: Synced 5 W&B file(s), 0 media file(s), 0 artifact file(s) and 0 other file(s)
wandb: Find logs at: ./wandb/run-20260426_202047-vi5mqhz2/logs
[I 2026-04-26 20:20:54,917] Trial 15 finished with value: 29.411764705882355 and parameters: {'lr': 0.00010705246000290605, 'weight_decay': 1.264759895178816e-05, 'batch_size': 32, 'hidden_dims': '512', 'dropout': 0.18894060386624517}. Best is trial 6 with value: 29.411764705882355.
wandb: setting up run 3lw8y73v
wandb: Tracking run with wandb version 0.26.1
wandb: Run data is saved locally in /gpfs/home3/scur0511/Probe4Physics/wandb/run-20260426_202055-3lw8y73v
wandb: Run `wandb offline` to turn off syncing.
wandb: Syncing run intphys2_mlp_videomae_vit_huge_16_224_layer_32/trial_0016
wandb: ⭐️ View project at https://wandb.ai/caselli-niccolo-developer-university-of-amsterdam/probe4physics
wandb: 🚀 View run at https://wandb.ai/caselli-niccolo-developer-university-of-amsterdam/probe4physics/runs/3lw8y73v
[eval.intphys2] Starting eval | split_name=val split_dir=data/splits/intphys2 predictor_mode=from_file metadata_file=data/annotations/intphys2_metadata.csv
[eval.intphys2] Loaded split assignments | split_scenes=51 split_samples=204
[eval.intphys2] Generated predictions | n_predictions=204
[eval.intphys2] Scoring complete | accuracy=55.8824 voe_accuracy=25.4902 n_scenes=51 n_samples=204
[eval.intphys2] Artifacts written | output_dir=artifacts/probes/intphys2/intphys2_probe_mlp_videomae_vit_huge_16_224_20260426T180941Z/layer_32/train/trial_0016/val_eval
wandb: updating run metadata; uploading wandb-metadata.json; uploading requirements.txt
wandb: uploading output.log; uploading wandb-summary.json; uploading config.yaml
wandb: 
wandb: Run history:
wandb:          epoch ▁▁▁▁▂▂▂▂▂▃▃▃▃▃▄▄▄▄▄▄▅▅▅▅▅▆▆▆▆▆▇▇▇▇▇▇▇███
wandb: train_accuracy ▁▂▂▂▁▁▃▂▃▂▃▄▃▄▃▃▄▄▄▃▅▄▅▃▂▅▄▆▆▅█▅▃▄▆▆▇█▆▇
wandb:     train_loss ██████▇█▇▇▇█▇▇▇█▇▇▇▇▇▇▇▇▇▇▆▇▆▇▆▇▅▅▅▅▅▂▁▁
wandb:   val_accuracy ▂▂▂▃▂▃▄▂▁▂▃▄▂▅▃▇▃▅▃▅▆▄▆▅▄▄▅▅▄▅▆▅█▃▂█▅▇▇▅
wandb:       val_loss ▂▂▂▂▂▂▂▂▂▂▂▂▂▂▂▂▂▂▂▂▂▂▂▂▂▂▂▂▁▂▂▁▂▁▂▂▃▂█▆
wandb: 
wandb: Run summary:
wandb:           best_epoch 81
wandb:    best_val_accuracy 55.88235
wandb:        best_val_loss 0.68353
wandb: checkpoint_best_path artifacts/probes/int...
wandb: checkpoint_last_path artifacts/probes/int...
wandb:      checkpoint_path artifacts/probes/int...
wandb:              dataset intphys2
wandb:      elapsed_seconds 5.97865
wandb:                epoch 100
wandb:    feature_signature 1e642fe5ac5d5e7f
wandb:                  +22 ...
wandb: 
wandb: 🚀 View run intphys2_mlp_videomae_vit_huge_16_224_layer_32/trial_0016 at: https://wandb.ai/caselli-niccolo-developer-university-of-amsterdam/probe4physics/runs/3lw8y73v
wandb: ⭐️ View project at: https://wandb.ai/caselli-niccolo-developer-university-of-amsterdam/probe4physics
wandb: Synced 5 W&B file(s), 0 media file(s), 0 artifact file(s) and 0 other file(s)
wandb: Find logs at: ./wandb/run-20260426_202055-3lw8y73v/logs
[I 2026-04-26 20:21:01,954] Trial 16 finished with value: 25.49019607843137 and parameters: {'lr': 0.00038428235728746345, 'weight_decay': 0.00011260943051851188, 'batch_size': 32, 'hidden_dims': '256', 'dropout': 0.08387822016324233}. Best is trial 6 with value: 29.411764705882355.
wandb: setting up run f6xznufs
wandb: Tracking run with wandb version 0.26.1
wandb: Run data is saved locally in /gpfs/home3/scur0511/Probe4Physics/wandb/run-20260426_202102-f6xznufs
wandb: Run `wandb offline` to turn off syncing.
wandb: Syncing run intphys2_mlp_videomae_vit_huge_16_224_layer_32/trial_0017
wandb: ⭐️ View project at https://wandb.ai/caselli-niccolo-developer-university-of-amsterdam/probe4physics
wandb: 🚀 View run at https://wandb.ai/caselli-niccolo-developer-university-of-amsterdam/probe4physics/runs/f6xznufs
[eval.intphys2] Starting eval | split_name=val split_dir=data/splits/intphys2 predictor_mode=from_file metadata_file=data/annotations/intphys2_metadata.csv
[eval.intphys2] Loaded split assignments | split_scenes=51 split_samples=204
[eval.intphys2] Generated predictions | n_predictions=204
[eval.intphys2] Scoring complete | accuracy=52.9412 voe_accuracy=13.7255 n_scenes=51 n_samples=204
[eval.intphys2] Artifacts written | output_dir=artifacts/probes/intphys2/intphys2_probe_mlp_videomae_vit_huge_16_224_20260426T180941Z/layer_32/train/trial_0017/val_eval
wandb: updating run metadata
wandb: uploading config.yaml; uploading output.log; uploading wandb-summary.json
wandb: 
wandb: Run history:
wandb:          epoch ▁▁▁▁▁▂▂▂▂▂▂▃▃▃▃▃▄▄▄▄▅▅▅▅▅▅▅▅▆▆▆▆▆▇▇▇▇▇██
wandb: train_accuracy ▇▁▇▅▂▆█▃▁▄▄▄▂▂▃▄▅▆▂▆▆█▂▃▃▆▄▅▄▁▆▃▅▃▃▃▆▄▄█
wandb:     train_loss █▇▆▅▆▃▆▃▅▃▃▂▅▆▄▂▃▃▁▂▃▃▄▂▃▂▃▃▂▁▂▁▁▁▂▂▂▃▃▂
wandb:   val_accuracy ▅▂▂▂▂▃▃▅▄▅▃▃▂▃▅▄▃▄▃▅▅▅▃█▂▅▃▁▂▃▁▁▆▅▅▃▂▁▃▃
wandb:       val_loss █▁▁▁▁▁▁▁▁▁▁▁▁▁▁▁▁▁▁▁▁▁▁▁▁▁▁▁▁▁▁▁▁▁▁▁▁▁▁▁
wandb: 
wandb: Run summary:
wandb:           best_epoch 32
wandb:    best_val_accuracy 52.94118
wandb:        best_val_loss 0.69294
wandb: checkpoint_best_path artifacts/probes/int...
wandb: checkpoint_last_path artifacts/probes/int...
wandb:      checkpoint_path artifacts/probes/int...
wandb:              dataset intphys2
wandb:      elapsed_seconds 6.90277
wandb:                epoch 100
wandb:    feature_signature 1e642fe5ac5d5e7f
wandb:                  +22 ...
wandb: 
wandb: 🚀 View run intphys2_mlp_videomae_vit_huge_16_224_layer_32/trial_0017 at: https://wandb.ai/caselli-niccolo-developer-university-of-amsterdam/probe4physics/runs/f6xznufs
wandb: ⭐️ View project at: https://wandb.ai/caselli-niccolo-developer-university-of-amsterdam/probe4physics
wandb: Synced 5 W&B file(s), 0 media file(s), 0 artifact file(s) and 0 other file(s)
wandb: Find logs at: ./wandb/run-20260426_202102-f6xznufs/logs
[I 2026-04-26 20:21:09,963] Trial 17 finished with value: 13.725490196078432 and parameters: {'lr': 8.513569413752772e-05, 'weight_decay': 5.179775501224497e-07, 'batch_size': 256, 'hidden_dims': '1024x512x256', 'dropout': 0.49800849468060676}. Best is trial 6 with value: 29.411764705882355.
wandb: setting up run 0dc819lh
wandb: Tracking run with wandb version 0.26.1
wandb: Run data is saved locally in /gpfs/home3/scur0511/Probe4Physics/wandb/run-20260426_202110-0dc819lh
wandb: Run `wandb offline` to turn off syncing.
wandb: Syncing run intphys2_mlp_videomae_vit_huge_16_224_layer_32/trial_0018
wandb: ⭐️ View project at https://wandb.ai/caselli-niccolo-developer-university-of-amsterdam/probe4physics
wandb: 🚀 View run at https://wandb.ai/caselli-niccolo-developer-university-of-amsterdam/probe4physics/runs/0dc819lh
wandb: updating run metadata
wandb: uploading wandb-metadata.json; uploading requirements.txt; uploading wandb-summary.json; uploading config.yaml
wandb: 
wandb: Run history:
wandb:          epoch ▁▁▂▂▂▂▂▂▃▃▃▃▃▃▃▄▄▄▄▄▄▄▅▅▅▅▅▅▅▆▆▆▇▇▇▇▇▇██
wandb: train_accuracy ▅▄▅▄▅▅▆▄▄▅▅▅▅▅▃▅▂▅▅▃█▅▆▆▄▇▅▇▇▄▇▄▆▆▅▅▆▆▁▅
wandb:     train_loss █▂▁▁▁▁▁▁▁▁▁▁▁▁▁▁▁▁▁▁▁▁▁▁▁▁▁▁▁▁▁▁▁▁▁▁▁▁▁▁
wandb:   val_accuracy ▃▃▃▃▃▃▃▃▃▃▃▃▃▃▃▅▃▃▃▃▃▃▅▃▅▃█▃▃▃▃▁▃▃▃▃▃▃▃▆
wandb:       val_loss █▃▁▁▁▁▁▁▁▁▁▁▁▁▁▁▁▁▁▁▁▁▁▁▁▁▁▁▁▁▁▁▁▁▁▁▁▁▁▁
wandb: 
wandb: Run summary:
wandb:          epoch 100
wandb: train_accuracy 49.17219
wandb:     train_loss 0.69422
wandb:   val_accuracy 50.9804
wandb:       val_loss 0.69303
wandb: 
wandb: 🚀 View run intphys2_mlp_videomae_vit_huge_16_224_layer_32/trial_0018 at: https://wandb.ai/caselli-niccolo-developer-university-of-amsterdam/probe4physics/runs/0dc819lh
wandb: ⭐️ View project at: https://wandb.ai/caselli-niccolo-developer-university-of-amsterdam/probe4physics
wandb: Synced 4 W&B file(s), 0 media file(s), 0 artifact file(s) and 0 other file(s)
wandb: Find logs at: ./wandb/run-20260426_202110-0dc819lh/logs
[I 2026-04-26 20:21:15,314] Trial 18 pruned. Pruned at epoch 100 with val_accuracy=50.9804
wandb: setting up run d0zdkfcr
wandb: Tracking run with wandb version 0.26.1
wandb: Run data is saved locally in /gpfs/home3/scur0511/Probe4Physics/wandb/run-20260426_202115-d0zdkfcr
wandb: Run `wandb offline` to turn off syncing.
wandb: Syncing run intphys2_mlp_videomae_vit_huge_16_224_layer_32/trial_0019
wandb: ⭐️ View project at https://wandb.ai/caselli-niccolo-developer-university-of-amsterdam/probe4physics
wandb: 🚀 View run at https://wandb.ai/caselli-niccolo-developer-university-of-amsterdam/probe4physics/runs/d0zdkfcr
[eval.intphys2] Starting eval | split_name=val split_dir=data/splits/intphys2 predictor_mode=from_file metadata_file=data/annotations/intphys2_metadata.csv
[eval.intphys2] Loaded split assignments | split_scenes=51 split_samples=204
[eval.intphys2] Generated predictions | n_predictions=204
[eval.intphys2] Scoring complete | accuracy=53.9216 voe_accuracy=31.3725 n_scenes=51 n_samples=204
[eval.intphys2] Artifacts written | output_dir=artifacts/probes/intphys2/intphys2_probe_mlp_videomae_vit_huge_16_224_20260426T180941Z/layer_32/train/trial_0019/val_eval
wandb: updating run metadata
wandb: uploading output.log; uploading wandb-summary.json; uploading config.yaml
wandb: uploading config.yaml
wandb: 
wandb: Run history:
wandb:          epoch ▁▁▁▁▂▂▂▂▂▂▃▃▃▃▃▄▄▄▄▅▅▅▅▅▆▆▆▆▆▆▇▇▇▇▇▇▇▇██
wandb: train_accuracy ▃▁▄▅▅▅▄▄▂▄▅▃▇▅▄▃▅▅▅▄▅▄▅▄▄▄▅▄▅▅▅▆▄▆▃▆▆▇▅█
wandb:     train_loss █▂▂▂▂▂▂▂▂▂▂▂▂▂▂▂▂▂▂▂▅▃▂▃▂▂▂▂▂▂▂▂▂▂▂▂▂▂▂▁
wandb:   val_accuracy ▂▂▂▂▁▅▅▂▂▂▃▂▂▃█▂▆▄▂▁▅▂▁▃▅▄▃▇▂▅▄▅▆▆▅▅▃▄▇▅
wandb:       val_loss ▆▅▄▆▄▅▄▄▄▄▄▄▄▄▄▄▄▄▄▄▄▄▄▄▄▄▂██▄▄▄▄▂▁▂▂▁▂▁
wandb: 
wandb: Run summary:
wandb:           best_epoch 86
wandb:    best_val_accuracy 53.92157
wandb:        best_val_loss 0.68689
wandb: checkpoint_best_path artifacts/probes/int...
wandb: checkpoint_last_path artifacts/probes/int...
wandb:      checkpoint_path artifacts/probes/int...
wandb:              dataset intphys2
wandb:      elapsed_seconds 15.19079
wandb:                epoch 100
wandb:    feature_signature 1e642fe5ac5d5e7f
wandb:                  +22 ...
wandb: 
wandb: 🚀 View run intphys2_mlp_videomae_vit_huge_16_224_layer_32/trial_0019 at: https://wandb.ai/caselli-niccolo-developer-university-of-amsterdam/probe4physics/runs/d0zdkfcr
wandb: ⭐️ View project at: https://wandb.ai/caselli-niccolo-developer-university-of-amsterdam/probe4physics
wandb: Synced 5 W&B file(s), 0 media file(s), 0 artifact file(s) and 0 other file(s)
wandb: Find logs at: ./wandb/run-20260426_202115-d0zdkfcr/logs
[I 2026-04-26 20:21:32,229] Trial 19 finished with value: 31.372549019607842 and parameters: {'lr': 0.0002345435123976125, 'weight_decay': 3.4659602146276703e-06, 'batch_size': 32, 'hidden_dims': '1024x512x256', 'dropout': 0.07051561014315426}. Best is trial 19 with value: 31.372549019607842.
[eval.intphys2] Starting eval | split_name=train split_dir=data/splits/intphys2 predictor_mode=from_file metadata_file=data/annotations/intphys2_metadata.csv
[eval.intphys2] Loaded split assignments | split_scenes=151 split_samples=604
[eval.intphys2] Generated predictions | n_predictions=604
[eval.intphys2] Scoring complete | accuracy=54.6358 voe_accuracy=41.0596 n_scenes=151 n_samples=604
[eval.intphys2] Artifacts written | output_dir=artifacts/probes/intphys2/intphys2_probe_mlp_videomae_vit_huge_16_224_20260426T180941Z/layer_32/eval/train
[eval.intphys2] Starting eval | split_name=val split_dir=data/splits/intphys2 predictor_mode=from_file metadata_file=data/annotations/intphys2_metadata.csv
[eval.intphys2] Loaded split assignments | split_scenes=51 split_samples=204
[eval.intphys2] Generated predictions | n_predictions=204
[eval.intphys2] Scoring complete | accuracy=53.9216 voe_accuracy=31.3725 n_scenes=51 n_samples=204
[eval.intphys2] Artifacts written | output_dir=artifacts/probes/intphys2/intphys2_probe_mlp_videomae_vit_huge_16_224_20260426T180941Z/layer_32/eval/val
[eval.intphys2] Starting eval | split_name=test split_dir=data/splits/intphys2 predictor_mode=from_file metadata_file=data/annotations/intphys2_metadata.csv
[eval.intphys2] Loaded split assignments | split_scenes=51 split_samples=204
[eval.intphys2] Generated predictions | n_predictions=204
[eval.intphys2] Scoring complete | accuracy=51.4706 voe_accuracy=31.3725 n_scenes=51 n_samples=204
[eval.intphys2] Artifacts written | output_dir=artifacts/probes/intphys2/intphys2_probe_mlp_videomae_vit_huge_16_224_20260426T180941Z/layer_32/eval/test
