===== TRAIN PROVENANCE =====
Sun Apr 26 18:10:00 UTC 2026
tcn222.local.snellius.surf.nl
1e1514039a161c6d302019f4ad574233998ec0d3
Python 3.11.15
/home/scur0511/.conda/envs/probe4physics-gpu/bin/python
REPO_ROOT=/gpfs/home3/scur0511/Probe4Physics
DATASET_NAME=intphys2
PROBE_NAME=mlp
BACKBONE_NAME=videomae_v2
BACKBONE_VARIANT=vit_giant_16_224
PROBE_EPOCHS=100
PROBE_DEVICE=cpu
PROBE_LAYER=last
PROBE_LAYERS=10,20,30,40
PROBE_FEATURE_VIEW=pooled
ENABLE_WANDB=true
WANDB_PROJECT=probe4physics
WANDB_MODE=online
WANDB_GROUP=intphys2_mlp_videomae_v2_vit_giant_16_224
ENABLE_OPTUNA=true
OPTUNA_N_TRIALS=20
OPTUNA_N_JOBS=1
OPTUNA_TIMEOUT_SECONDS=0
ENABLE_OPTUNA_PRUNER=true
OPTUNA_PRUNER_STARTUP_TRIALS=3
OPTUNA_PRUNER_WARMUP_STEPS=100
OPTUNA_PRUNER_INTERVAL_STEPS=1
OPTUNA_STUDY_NAME=intphys2_mlp_videomae_v2_vit_giant_16_224
OPTUNA_SEARCH_OVERRIDES=<none>
============================
JOB_START_UTC=2026-04-26T18:10:00Z
{
  "best_layer": null,
  "best_layer_label": null,
  "best_objective_metric": null,
  "dataset": "intphys2",
  "feature_view": "pooled",
  "layers": [
    {
      "checkpoint": "artifacts/probes/intphys2/intphys2_probe_mlp_videomae_v2_vit_giant_16_224_20260426T181004Z/layer_10/train/trial_0003/probe_best.pt",
      "eval": {
        "base_eval": {
          "metrics": {
            "accuracy": 50.49019607843137,
            "accuracy_by_condition": {
              "continuity": 50.0,
              "immutability": 50.0,
              "permanence": 52.083333333333336,
              "solidity": 50.0
            },
            "n_samples": 204,
            "n_scenes": 51,
            "voe_accuracy": 23.52941176470588,
            "voe_by_condition": {
              "continuity": 25.0,
              "immutability": 41.66666666666667,
              "permanence": 8.333333333333332,
              "solidity": 20.0
            }
          },
          "output_dir": "artifacts/probes/intphys2/intphys2_probe_mlp_videomae_v2_vit_giant_16_224_20260426T181004Z/layer_10/eval/test",
          "split_dir": "data/splits/intphys2"
        },
        "checkpoint": "artifacts/probes/intphys2/intphys2_probe_mlp_videomae_v2_vit_giant_16_224_20260426T181004Z/layer_10/train/trial_0003/probe_best.pt",
        "dataset": "intphys2",
        "feature_signature": "b6519b564d05bc63",
        "metrics": {
          "accuracy": 50.49019607843137,
          "accuracy_by_condition": {
            "continuity": 50.0,
            "immutability": 50.0,
            "permanence": 52.083333333333336,
            "solidity": 50.0
          },
          "n_samples": 204,
          "n_scenes": 51,
          "voe_accuracy": 23.52941176470588,
          "voe_by_condition": {
            "continuity": 25.0,
            "immutability": 41.66666666666667,
            "permanence": 8.333333333333332,
            "solidity": 20.0
          }
        },
        "metrics_by_split": {
          "test": {
            "accuracy": 50.49019607843137,
            "accuracy_by_condition": {
              "continuity": 50.0,
              "immutability": 50.0,
              "permanence": 52.083333333333336,
              "solidity": 50.0
            },
            "n_samples": 204,
            "n_scenes": 51,
            "voe_accuracy": 23.52941176470588,
            "voe_by_condition": {
              "continuity": 25.0,
              "immutability": 41.66666666666667,
              "permanence": 8.333333333333332,
              "solidity": 20.0
            }
          },
          "train": {
            "accuracy": 51.49006622516556,
            "accuracy_by_condition": {
              "continuity": 52.083333333333336,
              "immutability": 52.77777777777778,
              "permanence": 49.30555555555556,
              "solidity": 51.74418604651163
            },
            "n_samples": 604,
            "n_scenes": 151,
            "voe_accuracy": 29.13907284768212,
            "voe_by_condition": {
              "continuity": 33.33333333333333,
              "immutability": 38.88888888888889,
              "permanence": 22.22222222222222,
              "solidity": 23.25581395348837
            }
          },
          "val": {
            "accuracy": 50.98039215686274,
            "accuracy_by_condition": {
              "continuity": 52.083333333333336,
              "immutability": 50.0,
              "permanence": 52.083333333333336,
              "solidity": 50.0
            },
            "n_samples": 204,
            "n_scenes": 51,
            "voe_accuracy": 23.52941176470588,
            "voe_by_condition": {
              "continuity": 16.666666666666664,
              "immutability": 41.66666666666667,
              "permanence": 33.33333333333333,
              "solidity": 6.666666666666667
            }
          }
        },
        "objective_metric": 23.52941176470588,
        "prediction_file": "artifacts/probes/intphys2/intphys2_probe_mlp_videomae_v2_vit_giant_16_224_20260426T181004Z/layer_10/eval/test/probe_predictions.json",
        "prediction_files": {
          "test": "artifacts/probes/intphys2/intphys2_probe_mlp_videomae_v2_vit_giant_16_224_20260426T181004Z/layer_10/eval/test/probe_predictions.json",
          "train": "artifacts/probes/intphys2/intphys2_probe_mlp_videomae_v2_vit_giant_16_224_20260426T181004Z/layer_10/eval/train/probe_predictions.json",
          "val": "artifacts/probes/intphys2/intphys2_probe_mlp_videomae_v2_vit_giant_16_224_20260426T181004Z/layer_10/eval/val/probe_predictions.json"
        },
        "probe_eval_dir": "artifacts/probes/intphys2/intphys2_probe_mlp_videomae_v2_vit_giant_16_224_20260426T181004Z/layer_10/eval",
        "probe_name": "mlp",
        "reported_splits": [
          "train",
          "val",
          "test"
        ],
        "split_eval_dirs": {
          "test": "artifacts/probes/intphys2/intphys2_probe_mlp_videomae_v2_vit_giant_16_224_20260426T181004Z/layer_10/eval/test",
          "train": "artifacts/probes/intphys2/intphys2_probe_mlp_videomae_v2_vit_giant_16_224_20260426T181004Z/layer_10/eval/train",
          "val": "artifacts/probes/intphys2/intphys2_probe_mlp_videomae_v2_vit_giant_16_224_20260426T181004Z/layer_10/eval/val"
        },
        "split_evals": {
          "test": {
            "base_eval": {
              "metrics": {
                "accuracy": 50.49019607843137,
                "accuracy_by_condition": {
                  "continuity": 50.0,
                  "immutability": 50.0,
                  "permanence": 52.083333333333336,
                  "solidity": 50.0
                },
                "n_samples": 204,
                "n_scenes": 51,
                "voe_accuracy": 23.52941176470588,
                "voe_by_condition": {
                  "continuity": 25.0,
                  "immutability": 41.66666666666667,
                  "permanence": 8.333333333333332,
                  "solidity": 20.0
                }
              },
              "output_dir": "artifacts/probes/intphys2/intphys2_probe_mlp_videomae_v2_vit_giant_16_224_20260426T181004Z/layer_10/eval/test",
              "split_dir": "data/splits/intphys2"
            },
            "checkpoint": "artifacts/probes/intphys2/intphys2_probe_mlp_videomae_v2_vit_giant_16_224_20260426T181004Z/layer_10/train/trial_0003/probe_best.pt",
            "dataset": "intphys2",
            "feature_signature": "b6519b564d05bc63",
            "metrics": {
              "accuracy": 50.49019607843137,
              "accuracy_by_condition": {
                "continuity": 50.0,
                "immutability": 50.0,
                "permanence": 52.083333333333336,
                "solidity": 50.0
              },
              "n_samples": 204,
              "n_scenes": 51,
              "voe_accuracy": 23.52941176470588,
              "voe_by_condition": {
                "continuity": 25.0,
                "immutability": 41.66666666666667,
                "permanence": 8.333333333333332,
                "solidity": 20.0
              }
            },
            "objective_metric": 23.52941176470588,
            "prediction_file": "artifacts/probes/intphys2/intphys2_probe_mlp_videomae_v2_vit_giant_16_224_20260426T181004Z/layer_10/eval/test/probe_predictions.json",
            "probe_eval_dir": "artifacts/probes/intphys2/intphys2_probe_mlp_videomae_v2_vit_giant_16_224_20260426T181004Z/layer_10/eval/test",
            "probe_name": "mlp",
            "split_name": "test"
          },
          "train": {
            "base_eval": {
              "metrics": {
                "accuracy": 51.49006622516556,
                "accuracy_by_condition": {
                  "continuity": 52.083333333333336,
                  "immutability": 52.77777777777778,
                  "permanence": 49.30555555555556,
                  "solidity": 51.74418604651163
                },
                "n_samples": 604,
                "n_scenes": 151,
                "voe_accuracy": 29.13907284768212,
                "voe_by_condition": {
                  "continuity": 33.33333333333333,
                  "immutability": 38.88888888888889,
                  "permanence": 22.22222222222222,
                  "solidity": 23.25581395348837
                }
              },
              "output_dir": "artifacts/probes/intphys2/intphys2_probe_mlp_videomae_v2_vit_giant_16_224_20260426T181004Z/layer_10/eval/train",
              "split_dir": "data/splits/intphys2"
            },
            "checkpoint": "artifacts/probes/intphys2/intphys2_probe_mlp_videomae_v2_vit_giant_16_224_20260426T181004Z/layer_10/train/trial_0003/probe_best.pt",
            "dataset": "intphys2",
            "feature_signature": "b6519b564d05bc63",
            "metrics": {
              "accuracy": 51.49006622516556,
              "accuracy_by_condition": {
                "continuity": 52.083333333333336,
                "immutability": 52.77777777777778,
                "permanence": 49.30555555555556,
                "solidity": 51.74418604651163
              },
              "n_samples": 604,
              "n_scenes": 151,
              "voe_accuracy": 29.13907284768212,
              "voe_by_condition": {
                "continuity": 33.33333333333333,
                "immutability": 38.88888888888889,
                "permanence": 22.22222222222222,
                "solidity": 23.25581395348837
              }
            },
            "objective_metric": 29.13907284768212,
            "prediction_file": "artifacts/probes/intphys2/intphys2_probe_mlp_videomae_v2_vit_giant_16_224_20260426T181004Z/layer_10/eval/train/probe_predictions.json",
            "probe_eval_dir": "artifacts/probes/intphys2/intphys2_probe_mlp_videomae_v2_vit_giant_16_224_20260426T181004Z/layer_10/eval/train",
            "probe_name": "mlp",
            "split_name": "train"
          },
          "val": {
            "base_eval": {
              "metrics": {
                "accuracy": 50.98039215686274,
                "accuracy_by_condition": {
                  "continuity": 52.083333333333336,
                  "immutability": 50.0,
                  "permanence": 52.083333333333336,
                  "solidity": 50.0
                },
                "n_samples": 204,
                "n_scenes": 51,
                "voe_accuracy": 23.52941176470588,
                "voe_by_condition": {
                  "continuity": 16.666666666666664,
                  "immutability": 41.66666666666667,
                  "permanence": 33.33333333333333,
                  "solidity": 6.666666666666667
                }
              },
              "output_dir": "artifacts/probes/intphys2/intphys2_probe_mlp_videomae_v2_vit_giant_16_224_20260426T181004Z/layer_10/eval/val",
              "split_dir": "data/splits/intphys2"
            },
            "checkpoint": "artifacts/probes/intphys2/intphys2_probe_mlp_videomae_v2_vit_giant_16_224_20260426T181004Z/layer_10/train/trial_0003/probe_best.pt",
            "dataset": "intphys2",
            "feature_signature": "b6519b564d05bc63",
            "metrics": {
              "accuracy": 50.98039215686274,
              "accuracy_by_condition": {
                "continuity": 52.083333333333336,
                "immutability": 50.0,
                "permanence": 52.083333333333336,
                "solidity": 50.0
              },
              "n_samples": 204,
              "n_scenes": 51,
              "voe_accuracy": 23.52941176470588,
              "voe_by_condition": {
                "continuity": 16.666666666666664,
                "immutability": 41.66666666666667,
                "permanence": 33.33333333333333,
                "solidity": 6.666666666666667
              }
            },
            "objective_metric": 23.52941176470588,
            "prediction_file": "artifacts/probes/intphys2/intphys2_probe_mlp_videomae_v2_vit_giant_16_224_20260426T181004Z/layer_10/eval/val/probe_predictions.json",
            "probe_eval_dir": "artifacts/probes/intphys2/intphys2_probe_mlp_videomae_v2_vit_giant_16_224_20260426T181004Z/layer_10/eval/val",
            "probe_name": "mlp",
            "split_name": "val"
          }
        },
        "split_name": "test"
      },
      "layer": 10,
      "layer_label": "10",
      "objective_metric": 23.52941176470588,
      "train": {
        "best_checkpoint": "artifacts/probes/intphys2/intphys2_probe_mlp_videomae_v2_vit_giant_16_224_20260426T181004Z/layer_10/train/trial_0003/probe_best.pt",
        "best_eval_output_dir": "artifacts/probes/intphys2/intphys2_probe_mlp_videomae_v2_vit_giant_16_224_20260426T181004Z/layer_10/train/trial_0003/val_eval",
        "best_output_dir": "artifacts/probes/intphys2/intphys2_probe_mlp_videomae_v2_vit_giant_16_224_20260426T181004Z/layer_10/train/trial_0003",
        "best_params": {
          "batch_size": 128,
          "dropout": 0.3875664116805573,
          "hidden_dims": "1024x512x1024",
          "lr": 0.00020914981329035596,
          "weight_decay": 5.397956855996434e-08
        },
        "best_trial_number": 3,
        "best_value": 23.52941176470588,
        "checkpoint": "artifacts/probes/intphys2/intphys2_probe_mlp_videomae_v2_vit_giant_16_224_20260426T181004Z/layer_10/train/trial_0003/probe_best.pt",
        "dataset": "intphys2",
        "direction": "maximize",
        "layer": 10,
        "n_trials": 20,
        "objective_metric": "voe_accuracy",
        "output_dir": "artifacts/probes/intphys2/intphys2_probe_mlp_videomae_v2_vit_giant_16_224_20260426T181004Z/layer_10/train",
        "probe_name": "mlp",
        "storage": "sqlite:////gpfs/home3/scur0511/Probe4Physics/artifacts/probes/intphys2/intphys2_probe_mlp_videomae_v2_vit_giant_16_224_20260426T181004Z/layer_10/train/optuna_study.sqlite3",
        "study_name": "intphys2_mlp_videomae_v2_vit_giant_16_224_layer_10",
        "trials": [
          {
            "checkpoint": "artifacts/probes/intphys2/intphys2_probe_mlp_videomae_v2_vit_giant_16_224_20260426T181004Z/layer_10/train/trial_0000/probe_best.pt",
            "eval_output_dir": "artifacts/probes/intphys2/intphys2_probe_mlp_videomae_v2_vit_giant_16_224_20260426T181004Z/layer_10/train/trial_0000/val_eval",
            "output_dir": "artifacts/probes/intphys2/intphys2_probe_mlp_videomae_v2_vit_giant_16_224_20260426T181004Z/layer_10/train/trial_0000",
            "params": {
              "batch_size": 32,
              "dropout": 0.41622132040021087,
              "hidden_dims": "1024x512x1024",
              "lr": 0.0001329291894316216,
              "weight_decay": 0.005061576888752304
            },
            "trial_number": 0,
            "value": 17.647058823529413
          },
          {
            "checkpoint": "artifacts/probes/intphys2/intphys2_probe_mlp_videomae_v2_vit_giant_16_224_20260426T181004Z/layer_10/train/trial_0001/probe_best.pt",
            "eval_output_dir": "artifacts/probes/intphys2/intphys2_probe_mlp_videomae_v2_vit_giant_16_224_20260426T181004Z/layer_10/train/trial_0001/val_eval",
            "output_dir": "artifacts/probes/intphys2/intphys2_probe_mlp_videomae_v2_vit_giant_16_224_20260426T181004Z/layer_10/train/trial_0001",
            "params": {
              "batch_size": 128,
              "dropout": 0.3925879806965068,
              "hidden_dims": "512",
              "lr": 4.335281794951564e-05,
              "weight_decay": 1.2329623163659816e-07
            },
            "trial_number": 1,
            "value": 17.647058823529413
          },
          {
            "checkpoint": "artifacts/probes/intphys2/intphys2_probe_mlp_videomae_v2_vit_giant_16_224_20260426T181004Z/layer_10/train/trial_0002/probe_best.pt",
            "eval_output_dir": "artifacts/probes/intphys2/intphys2_probe_mlp_videomae_v2_vit_giant_16_224_20260426T181004Z/layer_10/train/trial_0002/val_eval",
            "output_dir": "artifacts/probes/intphys2/intphys2_probe_mlp_videomae_v2_vit_giant_16_224_20260426T181004Z/layer_10/train/trial_0002",
            "params": {
              "batch_size": 128,
              "dropout": 0.34211651325607845,
              "hidden_dims": "1024",
              "lr": 3.972110727381908e-05,
              "weight_decay": 1.217325250419405e-05
            },
            "trial_number": 2,
            "value": 19.607843137254903
          },
          {
            "checkpoint": "artifacts/probes/intphys2/intphys2_probe_mlp_videomae_v2_vit_giant_16_224_20260426T181004Z/layer_10/train/trial_0003/probe_best.pt",
            "eval_output_dir": "artifacts/probes/intphys2/intphys2_probe_mlp_videomae_v2_vit_giant_16_224_20260426T181004Z/layer_10/train/trial_0003/val_eval",
            "output_dir": "artifacts/probes/intphys2/intphys2_probe_mlp_videomae_v2_vit_giant_16_224_20260426T181004Z/layer_10/train/trial_0003",
            "params": {
              "batch_size": 128,
              "dropout": 0.3875664116805573,
              "hidden_dims": "1024x512x1024",
              "lr": 0.00020914981329035596,
              "weight_decay": 5.397956855996434e-08
            },
            "trial_number": 3,
            "value": 23.52941176470588
          },
          {
            "checkpoint": "artifacts/probes/intphys2/intphys2_probe_mlp_videomae_v2_vit_giant_16_224_20260426T181004Z/layer_10/train/trial_0004/probe_best.pt",
            "eval_output_dir": "artifacts/probes/intphys2/intphys2_probe_mlp_videomae_v2_vit_giant_16_224_20260426T181004Z/layer_10/train/trial_0004/val_eval",
            "output_dir": "artifacts/probes/intphys2/intphys2_probe_mlp_videomae_v2_vit_giant_16_224_20260426T181004Z/layer_10/train/trial_0004",
            "params": {
              "batch_size": 64,
              "dropout": 0.14046725484369038,
              "hidden_dims": "1024x512x256",
              "lr": 0.006584106160121612,
              "weight_decay": 0.002338643925620875
            },
            "trial_number": 4,
            "value": 13.725490196078432
          },
          {
            "checkpoint": "artifacts/probes/intphys2/intphys2_probe_mlp_videomae_v2_vit_giant_16_224_20260426T181004Z/layer_10/train/trial_0005/probe_best.pt",
            "eval_output_dir": "artifacts/probes/intphys2/intphys2_probe_mlp_videomae_v2_vit_giant_16_224_20260426T181004Z/layer_10/train/trial_0005/val_eval",
            "output_dir": "artifacts/probes/intphys2/intphys2_probe_mlp_videomae_v2_vit_giant_16_224_20260426T181004Z/layer_10/train/trial_0005",
            "params": {
              "batch_size": 128,
              "dropout": 0.03702232586704518,
              "hidden_dims": "1024",
              "lr": 0.00042470585622618684,
              "weight_decay": 7.007213496896406e-08
            },
            "trial_number": 5,
            "value": 13.725490196078432
          },
          {
            "checkpoint": "artifacts/probes/intphys2/intphys2_probe_mlp_videomae_v2_vit_giant_16_224_20260426T181004Z/layer_10/train/trial_0006/probe_best.pt",
            "eval_output_dir": "artifacts/probes/intphys2/intphys2_probe_mlp_videomae_v2_vit_giant_16_224_20260426T181004Z/layer_10/train/trial_0006/val_eval",
            "output_dir": "artifacts/probes/intphys2/intphys2_probe_mlp_videomae_v2_vit_giant_16_224_20260426T181004Z/layer_10/train/trial_0006",
            "params": {
              "batch_size": 32,
              "dropout": 0.05979712296915085,
              "hidden_dims": "1024x512x256",
              "lr": 0.0001189589673755355,
              "weight_decay": 4.9569479327999555e-08
            },
            "trial_number": 6,
            "value": 13.725490196078432
          },
          {
            "checkpoint": "artifacts/probes/intphys2/intphys2_probe_mlp_videomae_v2_vit_giant_16_224_20260426T181004Z/layer_10/train/trial_0007/probe_best.pt",
            "eval_output_dir": "artifacts/probes/intphys2/intphys2_probe_mlp_videomae_v2_vit_giant_16_224_20260426T181004Z/layer_10/train/trial_0007/val_eval",
            "output_dir": "artifacts/probes/intphys2/intphys2_probe_mlp_videomae_v2_vit_giant_16_224_20260426T181004Z/layer_10/train/trial_0007",
            "params": {
              "batch_size": 64,
              "dropout": 0.2542853455823514,
              "hidden_dims": "1024x512x256",
              "lr": 0.0013795402040204172,
              "weight_decay": 0.00036703737625293887
            },
            "trial_number": 7,
            "value": 21.568627450980394
          },
          {
            "checkpoint": "artifacts/probes/intphys2/intphys2_probe_mlp_videomae_v2_vit_giant_16_224_20260426T181004Z/layer_10/train/trial_0008/probe_best.pt",
            "eval_output_dir": "artifacts/probes/intphys2/intphys2_probe_mlp_videomae_v2_vit_giant_16_224_20260426T181004Z/layer_10/train/trial_0008/val_eval",
            "output_dir": "artifacts/probes/intphys2/intphys2_probe_mlp_videomae_v2_vit_giant_16_224_20260426T181004Z/layer_10/train/trial_0008",
            "params": {
              "batch_size": 64,
              "dropout": 0.40183603844955723,
              "hidden_dims": "1024",
              "lr": 0.005280796376895365,
              "weight_decay": 3.1315069138816194e-07
            },
            "trial_number": 8,
            "value": 17.647058823529413
          },
          {
            "checkpoint": "artifacts/probes/intphys2/intphys2_probe_mlp_videomae_v2_vit_giant_16_224_20260426T181004Z/layer_10/train/trial_0009/probe_best.pt",
            "eval_output_dir": "artifacts/probes/intphys2/intphys2_probe_mlp_videomae_v2_vit_giant_16_224_20260426T181004Z/layer_10/train/trial_0009/val_eval",
            "output_dir": "artifacts/probes/intphys2/intphys2_probe_mlp_videomae_v2_vit_giant_16_224_20260426T181004Z/layer_10/train/trial_0009",
            "params": {
              "batch_size": 128,
              "dropout": 0.25537365128878287,
              "hidden_dims": "1024x512x256",
              "lr": 3.6283583803549155e-05,
              "weight_decay": 0.0022664909586669274
            },
            "trial_number": 9,
            "value": 7.8431372549019605
          },
          {
            "checkpoint": "artifacts/probes/intphys2/intphys2_probe_mlp_videomae_v2_vit_giant_16_224_20260426T181004Z/layer_10/train/trial_0010/probe_best.pt",
            "eval_output_dir": "artifacts/probes/intphys2/intphys2_probe_mlp_videomae_v2_vit_giant_16_224_20260426T181004Z/layer_10/train/trial_0010/val_eval",
            "output_dir": "artifacts/probes/intphys2/intphys2_probe_mlp_videomae_v2_vit_giant_16_224_20260426T181004Z/layer_10/train/trial_0010",
            "params": {
              "batch_size": 256,
              "dropout": 0.4897336959208015,
              "hidden_dims": "256",
              "lr": 0.0006214470800679864,
              "weight_decay": 2.406615493983363e-06
            },
            "trial_number": 10,
            "value": 15.686274509803921
          },
          {
            "checkpoint": "artifacts/probes/intphys2/intphys2_probe_mlp_videomae_v2_vit_giant_16_224_20260426T181004Z/layer_10/train/trial_0011/probe_best.pt",
            "eval_output_dir": "artifacts/probes/intphys2/intphys2_probe_mlp_videomae_v2_vit_giant_16_224_20260426T181004Z/layer_10/train/trial_0011/val_eval",
            "output_dir": "artifacts/probes/intphys2/intphys2_probe_mlp_videomae_v2_vit_giant_16_224_20260426T181004Z/layer_10/train/trial_0011",
            "params": {
              "batch_size": 64,
              "dropout": 0.2607970502987448,
              "hidden_dims": "512x256",
              "lr": 0.0014189795825429558,
              "weight_decay": 5.169843681854154e-05
            },
            "trial_number": 11,
            "value": 13.725490196078432
          },
          {
            "checkpoint": "artifacts/probes/intphys2/intphys2_probe_mlp_videomae_v2_vit_giant_16_224_20260426T181004Z/layer_10/train/trial_0012/probe_best.pt",
            "eval_output_dir": "artifacts/probes/intphys2/intphys2_probe_mlp_videomae_v2_vit_giant_16_224_20260426T181004Z/layer_10/train/trial_0012/val_eval",
            "output_dir": "artifacts/probes/intphys2/intphys2_probe_mlp_videomae_v2_vit_giant_16_224_20260426T181004Z/layer_10/train/trial_0012",
            "params": {
              "batch_size": 256,
              "dropout": 0.17125799686887833,
              "hidden_dims": "1024x512x1024",
              "lr": 0.0015065410891011387,
              "weight_decay": 0.00015238260374413374
            },
            "trial_number": 12,
            "value": 21.568627450980394
          },
          {
            "checkpoint": "artifacts/probes/intphys2/intphys2_probe_mlp_videomae_v2_vit_giant_16_224_20260426T181004Z/layer_10/train/trial_0013/probe_best.pt",
            "eval_output_dir": "artifacts/probes/intphys2/intphys2_probe_mlp_videomae_v2_vit_giant_16_224_20260426T181004Z/layer_10/train/trial_0013/val_eval",
            "output_dir": "artifacts/probes/intphys2/intphys2_probe_mlp_videomae_v2_vit_giant_16_224_20260426T181004Z/layer_10/train/trial_0013",
            "params": {
              "batch_size": 64,
              "dropout": 0.30664622207815373,
              "hidden_dims": "1024x512x1024",
              "lr": 0.0016620957962600034,
              "weight_decay": 1.16562183570962e-08
            },
            "trial_number": 13,
            "value": 17.647058823529413
          },
          {
            "checkpoint": "artifacts/probes/intphys2/intphys2_probe_mlp_videomae_v2_vit_giant_16_224_20260426T181004Z/layer_10/train/trial_0014/probe_best.pt",
            "eval_output_dir": "artifacts/probes/intphys2/intphys2_probe_mlp_videomae_v2_vit_giant_16_224_20260426T181004Z/layer_10/train/trial_0014/val_eval",
            "output_dir": "artifacts/probes/intphys2/intphys2_probe_mlp_videomae_v2_vit_giant_16_224_20260426T181004Z/layer_10/train/trial_0014",
            "params": {
              "batch_size": 128,
              "dropout": 0.17381671524829134,
              "hidden_dims": "256",
              "lr": 0.00017745300818612232,
              "weight_decay": 0.0003272338110583009
            },
            "trial_number": 14,
            "value": 15.686274509803921
          },
          {
            "checkpoint": "artifacts/probes/intphys2/intphys2_probe_mlp_videomae_v2_vit_giant_16_224_20260426T181004Z/layer_10/train/trial_0015/probe_best.pt",
            "eval_output_dir": "artifacts/probes/intphys2/intphys2_probe_mlp_videomae_v2_vit_giant_16_224_20260426T181004Z/layer_10/train/trial_0015/val_eval",
            "output_dir": "artifacts/probes/intphys2/intphys2_probe_mlp_videomae_v2_vit_giant_16_224_20260426T181004Z/layer_10/train/trial_0015",
            "params": {
              "batch_size": 64,
              "dropout": 0.49498686760752303,
              "hidden_dims": "512",
              "lr": 1.2611236054600708e-05,
              "weight_decay": 1.968087504869632e-06
            },
            "trial_number": 15,
            "value": 15.686274509803921
          },
          {
            "checkpoint": "artifacts/probes/intphys2/intphys2_probe_mlp_videomae_v2_vit_giant_16_224_20260426T181004Z/layer_10/train/trial_0016/probe_best.pt",
            "eval_output_dir": "artifacts/probes/intphys2/intphys2_probe_mlp_videomae_v2_vit_giant_16_224_20260426T181004Z/layer_10/train/trial_0016/val_eval",
            "output_dir": "artifacts/probes/intphys2/intphys2_probe_mlp_videomae_v2_vit_giant_16_224_20260426T181004Z/layer_10/train/trial_0016",
            "params": {
              "batch_size": 32,
              "dropout": 0.3199005573391085,
              "hidden_dims": "512x256",
              "lr": 0.0007327687253673614,
              "weight_decay": 0.00037194018690345183
            },
            "trial_number": 16,
            "value": 13.725490196078432
          },
          {
            "checkpoint": "artifacts/probes/intphys2/intphys2_probe_mlp_videomae_v2_vit_giant_16_224_20260426T181004Z/layer_10/train/trial_0017/probe_best.pt",
            "eval_output_dir": "artifacts/probes/intphys2/intphys2_probe_mlp_videomae_v2_vit_giant_16_224_20260426T181004Z/layer_10/train/trial_0017/val_eval",
            "output_dir": "artifacts/probes/intphys2/intphys2_probe_mlp_videomae_v2_vit_giant_16_224_20260426T181004Z/layer_10/train/trial_0017",
            "params": {
              "batch_size": 256,
              "dropout": 0.2080157334586989,
              "hidden_dims": "1024x512x256",
              "lr": 0.0031407554744393865,
              "weight_decay": 1.8893013851257984e-05
            },
            "trial_number": 17,
            "value": 3.9215686274509802
          },
          {
            "checkpoint": "artifacts/probes/intphys2/intphys2_probe_mlp_videomae_v2_vit_giant_16_224_20260426T181004Z/layer_10/train/trial_0018/probe_best.pt",
            "eval_output_dir": "artifacts/probes/intphys2/intphys2_probe_mlp_videomae_v2_vit_giant_16_224_20260426T181004Z/layer_10/train/trial_0018/val_eval",
            "output_dir": "artifacts/probes/intphys2/intphys2_probe_mlp_videomae_v2_vit_giant_16_224_20260426T181004Z/layer_10/train/trial_0018",
            "params": {
              "batch_size": 128,
              "dropout": 0.12258356062245548,
              "hidden_dims": "1024x512x1024",
              "lr": 0.00023784095861125986,
              "weight_decay": 1.2833256132709041e-06
            },
            "trial_number": 18,
            "value": 11.76470588235294
          },
          {
            "checkpoint": "artifacts/probes/intphys2/intphys2_probe_mlp_videomae_v2_vit_giant_16_224_20260426T181004Z/layer_10/train/trial_0019/probe_best.pt",
            "eval_output_dir": "artifacts/probes/intphys2/intphys2_probe_mlp_videomae_v2_vit_giant_16_224_20260426T181004Z/layer_10/train/trial_0019/val_eval",
            "output_dir": "artifacts/probes/intphys2/intphys2_probe_mlp_videomae_v2_vit_giant_16_224_20260426T181004Z/layer_10/train/trial_0019",
            "params": {
              "batch_size": 64,
              "dropout": 0.4351673493254965,
              "hidden_dims": "1024x512x256",
              "lr": 8.655143992105509e-05,
              "weight_decay": 1.3394273177532746e-08
            },
            "trial_number": 19,
            "value": 13.725490196078432
          }
        ]
      }
    },
    {
      "checkpoint": "artifacts/probes/intphys2/intphys2_probe_mlp_videomae_v2_vit_giant_16_224_20260426T181004Z/layer_20/train/trial_0008/probe_best.pt",
      "eval": {
        "base_eval": {
          "metrics": {
            "accuracy": 52.450980392156865,
            "accuracy_by_condition": {
              "continuity": 47.91666666666667,
              "immutability": 58.333333333333336,
              "permanence": 50.0,
              "solidity": 53.333333333333336
            },
            "n_samples": 204,
            "n_scenes": 51,
            "voe_accuracy": 39.21568627450981,
            "voe_by_condition": {
              "continuity": 33.33333333333333,
              "immutability": 50.0,
              "permanence": 33.33333333333333,
              "solidity": 40.0
            }
          },
          "output_dir": "artifacts/probes/intphys2/intphys2_probe_mlp_videomae_v2_vit_giant_16_224_20260426T181004Z/layer_20/eval/test",
          "split_dir": "data/splits/intphys2"
        },
        "checkpoint": "artifacts/probes/intphys2/intphys2_probe_mlp_videomae_v2_vit_giant_16_224_20260426T181004Z/layer_20/train/trial_0008/probe_best.pt",
        "dataset": "intphys2",
        "feature_signature": "b6519b564d05bc63",
        "metrics": {
          "accuracy": 52.450980392156865,
          "accuracy_by_condition": {
            "continuity": 47.91666666666667,
            "immutability": 58.333333333333336,
            "permanence": 50.0,
            "solidity": 53.333333333333336
          },
          "n_samples": 204,
          "n_scenes": 51,
          "voe_accuracy": 39.21568627450981,
          "voe_by_condition": {
            "continuity": 33.33333333333333,
            "immutability": 50.0,
            "permanence": 33.33333333333333,
            "solidity": 40.0
          }
        },
        "metrics_by_split": {
          "test": {
            "accuracy": 52.450980392156865,
            "accuracy_by_condition": {
              "continuity": 47.91666666666667,
              "immutability": 58.333333333333336,
              "permanence": 50.0,
              "solidity": 53.333333333333336
            },
            "n_samples": 204,
            "n_scenes": 51,
            "voe_accuracy": 39.21568627450981,
            "voe_by_condition": {
              "continuity": 33.33333333333333,
              "immutability": 50.0,
              "permanence": 33.33333333333333,
              "solidity": 40.0
            }
          },
          "train": {
            "accuracy": 54.3046357615894,
            "accuracy_by_condition": {
              "continuity": 54.861111111111114,
              "immutability": 56.25,
              "permanence": 56.25,
              "solidity": 50.58139534883721
            },
            "n_samples": 604,
            "n_scenes": 151,
            "voe_accuracy": 45.6953642384106,
            "voe_by_condition": {
              "continuity": 63.888888888888886,
              "immutability": 58.333333333333336,
              "permanence": 47.22222222222222,
              "solidity": 18.6046511627907
            }
          },
          "val": {
            "accuracy": 54.90196078431373,
            "accuracy_by_condition": {
              "continuity": 56.25,
              "immutability": 58.333333333333336,
              "permanence": 56.25,
              "solidity": 50.0
            },
            "n_samples": 204,
            "n_scenes": 51,
            "voe_accuracy": 35.294117647058826,
            "voe_by_condition": {
              "continuity": 41.66666666666667,
              "immutability": 33.33333333333333,
              "permanence": 50.0,
              "solidity": 20.0
            }
          }
        },
        "objective_metric": 39.21568627450981,
        "prediction_file": "artifacts/probes/intphys2/intphys2_probe_mlp_videomae_v2_vit_giant_16_224_20260426T181004Z/layer_20/eval/test/probe_predictions.json",
        "prediction_files": {
          "test": "artifacts/probes/intphys2/intphys2_probe_mlp_videomae_v2_vit_giant_16_224_20260426T181004Z/layer_20/eval/test/probe_predictions.json",
          "train": "artifacts/probes/intphys2/intphys2_probe_mlp_videomae_v2_vit_giant_16_224_20260426T181004Z/layer_20/eval/train/probe_predictions.json",
          "val": "artifacts/probes/intphys2/intphys2_probe_mlp_videomae_v2_vit_giant_16_224_20260426T181004Z/layer_20/eval/val/probe_predictions.json"
        },
        "probe_eval_dir": "artifacts/probes/intphys2/intphys2_probe_mlp_videomae_v2_vit_giant_16_224_20260426T181004Z/layer_20/eval",
        "probe_name": "mlp",
        "reported_splits": [
          "train",
          "val",
          "test"
        ],
        "split_eval_dirs": {
          "test": "artifacts/probes/intphys2/intphys2_probe_mlp_videomae_v2_vit_giant_16_224_20260426T181004Z/layer_20/eval/test",
          "train": "artifacts/probes/intphys2/intphys2_probe_mlp_videomae_v2_vit_giant_16_224_20260426T181004Z/layer_20/eval/train",
          "val": "artifacts/probes/intphys2/intphys2_probe_mlp_videomae_v2_vit_giant_16_224_20260426T181004Z/layer_20/eval/val"
        },
        "split_evals": {
          "test": {
            "base_eval": {
              "metrics": {
                "accuracy": 52.450980392156865,
                "accuracy_by_condition": {
                  "continuity": 47.91666666666667,
                  "immutability": 58.333333333333336,
                  "permanence": 50.0,
                  "solidity": 53.333333333333336
                },
                "n_samples": 204,
                "n_scenes": 51,
                "voe_accuracy": 39.21568627450981,
                "voe_by_condition": {
                  "continuity": 33.33333333333333,
                  "immutability": 50.0,
                  "permanence": 33.33333333333333,
                  "solidity": 40.0
                }
              },
              "output_dir": "artifacts/probes/intphys2/intphys2_probe_mlp_videomae_v2_vit_giant_16_224_20260426T181004Z/layer_20/eval/test",
              "split_dir": "data/splits/intphys2"
            },
            "checkpoint": "artifacts/probes/intphys2/intphys2_probe_mlp_videomae_v2_vit_giant_16_224_20260426T181004Z/layer_20/train/trial_0008/probe_best.pt",
            "dataset": "intphys2",
            "feature_signature": "b6519b564d05bc63",
            "metrics": {
              "accuracy": 52.450980392156865,
              "accuracy_by_condition": {
                "continuity": 47.91666666666667,
                "immutability": 58.333333333333336,
                "permanence": 50.0,
                "solidity": 53.333333333333336
              },
              "n_samples": 204,
              "n_scenes": 51,
              "voe_accuracy": 39.21568627450981,
              "voe_by_condition": {
                "continuity": 33.33333333333333,
                "immutability": 50.0,
                "permanence": 33.33333333333333,
                "solidity": 40.0
              }
            },
            "objective_metric": 39.21568627450981,
            "prediction_file": "artifacts/probes/intphys2/intphys2_probe_mlp_videomae_v2_vit_giant_16_224_20260426T181004Z/layer_20/eval/test/probe_predictions.json",
            "probe_eval_dir": "artifacts/probes/intphys2/intphys2_probe_mlp_videomae_v2_vit_giant_16_224_20260426T181004Z/layer_20/eval/test",
            "probe_name": "mlp",
            "split_name": "test"
          },
          "train": {
            "base_eval": {
              "metrics": {
                "accuracy": 54.3046357615894,
                "accuracy_by_condition": {
                  "continuity": 54.861111111111114,
                  "immutability": 56.25,
                  "permanence": 56.25,
                  "solidity": 50.58139534883721
                },
                "n_samples": 604,
                "n_scenes": 151,
                "voe_accuracy": 45.6953642384106,
                "voe_by_condition": {
                  "continuity": 63.888888888888886,
                  "immutability": 58.333333333333336,
                  "permanence": 47.22222222222222,
                  "solidity": 18.6046511627907
                }
              },
              "output_dir": "artifacts/probes/intphys2/intphys2_probe_mlp_videomae_v2_vit_giant_16_224_20260426T181004Z/layer_20/eval/train",
              "split_dir": "data/splits/intphys2"
            },
            "checkpoint": "artifacts/probes/intphys2/intphys2_probe_mlp_videomae_v2_vit_giant_16_224_20260426T181004Z/layer_20/train/trial_0008/probe_best.pt",
            "dataset": "intphys2",
            "feature_signature": "b6519b564d05bc63",
            "metrics": {
              "accuracy": 54.3046357615894,
              "accuracy_by_condition": {
                "continuity": 54.861111111111114,
                "immutability": 56.25,
                "permanence": 56.25,
                "solidity": 50.58139534883721
              },
              "n_samples": 604,
              "n_scenes": 151,
              "voe_accuracy": 45.6953642384106,
              "voe_by_condition": {
                "continuity": 63.888888888888886,
                "immutability": 58.333333333333336,
                "permanence": 47.22222222222222,
                "solidity": 18.6046511627907
              }
            },
            "objective_metric": 45.6953642384106,
            "prediction_file": "artifacts/probes/intphys2/intphys2_probe_mlp_videomae_v2_vit_giant_16_224_20260426T181004Z/layer_20/eval/train/probe_predictions.json",
            "probe_eval_dir": "artifacts/probes/intphys2/intphys2_probe_mlp_videomae_v2_vit_giant_16_224_20260426T181004Z/layer_20/eval/train",
            "probe_name": "mlp",
            "split_name": "train"
          },
          "val": {
            "base_eval": {
              "metrics": {
                "accuracy": 54.90196078431373,
                "accuracy_by_condition": {
                  "continuity": 56.25,
                  "immutability": 58.333333333333336,
                  "permanence": 56.25,
                  "solidity": 50.0
                },
                "n_samples": 204,
                "n_scenes": 51,
                "voe_accuracy": 35.294117647058826,
                "voe_by_condition": {
                  "continuity": 41.66666666666667,
                  "immutability": 33.33333333333333,
                  "permanence": 50.0,
                  "solidity": 20.0
                }
              },
              "output_dir": "artifacts/probes/intphys2/intphys2_probe_mlp_videomae_v2_vit_giant_16_224_20260426T181004Z/layer_20/eval/val",
              "split_dir": "data/splits/intphys2"
            },
            "checkpoint": "artifacts/probes/intphys2/intphys2_probe_mlp_videomae_v2_vit_giant_16_224_20260426T181004Z/layer_20/train/trial_0008/probe_best.pt",
            "dataset": "intphys2",
            "feature_signature": "b6519b564d05bc63",
            "metrics": {
              "accuracy": 54.90196078431373,
              "accuracy_by_condition": {
                "continuity": 56.25,
                "immutability": 58.333333333333336,
                "permanence": 56.25,
                "solidity": 50.0
              },
              "n_samples": 204,
              "n_scenes": 51,
              "voe_accuracy": 35.294117647058826,
              "voe_by_condition": {
                "continuity": 41.66666666666667,
                "immutability": 33.33333333333333,
                "permanence": 50.0,
                "solidity": 20.0
              }
            },
            "objective_metric": 35.294117647058826,
            "prediction_file": "artifacts/probes/intphys2/intphys2_probe_mlp_videomae_v2_vit_giant_16_224_20260426T181004Z/layer_20/eval/val/probe_predictions.json",
            "probe_eval_dir": "artifacts/probes/intphys2/intphys2_probe_mlp_videomae_v2_vit_giant_16_224_20260426T181004Z/layer_20/eval/val",
            "probe_name": "mlp",
            "split_name": "val"
          }
        },
        "split_name": "test"
      },
      "layer": 20,
      "layer_label": "20",
      "objective_metric": 39.21568627450981,
      "train": {
        "best_checkpoint": "artifacts/probes/intphys2/intphys2_probe_mlp_videomae_v2_vit_giant_16_224_20260426T181004Z/layer_20/train/trial_0008/probe_best.pt",
        "best_eval_output_dir": "artifacts/probes/intphys2/intphys2_probe_mlp_videomae_v2_vit_giant_16_224_20260426T181004Z/layer_20/train/trial_0008/val_eval",
        "best_output_dir": "artifacts/probes/intphys2/intphys2_probe_mlp_videomae_v2_vit_giant_16_224_20260426T181004Z/layer_20/train/trial_0008",
        "best_params": {
          "batch_size": 64,
          "dropout": 0.40183603844955723,
          "hidden_dims": "1024",
          "lr": 0.005280796376895365,
          "weight_decay": 3.1315069138816194e-07
        },
        "best_trial_number": 8,
        "best_value": 35.294117647058826,
        "checkpoint": "artifacts/probes/intphys2/intphys2_probe_mlp_videomae_v2_vit_giant_16_224_20260426T181004Z/layer_20/train/trial_0008/probe_best.pt",
        "dataset": "intphys2",
        "direction": "maximize",
        "layer": 20,
        "n_trials": 20,
        "objective_metric": "voe_accuracy",
        "output_dir": "artifacts/probes/intphys2/intphys2_probe_mlp_videomae_v2_vit_giant_16_224_20260426T181004Z/layer_20/train",
        "probe_name": "mlp",
        "storage": "sqlite:////gpfs/home3/scur0511/Probe4Physics/artifacts/probes/intphys2/intphys2_probe_mlp_videomae_v2_vit_giant_16_224_20260426T181004Z/layer_20/train/optuna_study.sqlite3",
        "study_name": "intphys2_mlp_videomae_v2_vit_giant_16_224_layer_20",
        "trials": [
          {
            "checkpoint": "artifacts/probes/intphys2/intphys2_probe_mlp_videomae_v2_vit_giant_16_224_20260426T181004Z/layer_20/train/trial_0000/probe_best.pt",
            "eval_output_dir": "artifacts/probes/intphys2/intphys2_probe_mlp_videomae_v2_vit_giant_16_224_20260426T181004Z/layer_20/train/trial_0000/val_eval",
            "output_dir": "artifacts/probes/intphys2/intphys2_probe_mlp_videomae_v2_vit_giant_16_224_20260426T181004Z/layer_20/train/trial_0000",
            "params": {
              "batch_size": 32,
              "dropout": 0.41622132040021087,
              "hidden_dims": "1024x512x1024",
              "lr": 0.0001329291894316216,
              "weight_decay": 0.005061576888752304
            },
            "trial_number": 0,
            "value": 23.52941176470588
          },
          {
            "checkpoint": "artifacts/probes/intphys2/intphys2_probe_mlp_videomae_v2_vit_giant_16_224_20260426T181004Z/layer_20/train/trial_0001/probe_best.pt",
            "eval_output_dir": "artifacts/probes/intphys2/intphys2_probe_mlp_videomae_v2_vit_giant_16_224_20260426T181004Z/layer_20/train/trial_0001/val_eval",
            "output_dir": "artifacts/probes/intphys2/intphys2_probe_mlp_videomae_v2_vit_giant_16_224_20260426T181004Z/layer_20/train/trial_0001",
            "params": {
              "batch_size": 128,
              "dropout": 0.3925879806965068,
              "hidden_dims": "512",
              "lr": 4.335281794951564e-05,
              "weight_decay": 1.2329623163659816e-07
            },
            "trial_number": 1,
            "value": 27.450980392156865
          },
          {
            "checkpoint": "artifacts/probes/intphys2/intphys2_probe_mlp_videomae_v2_vit_giant_16_224_20260426T181004Z/layer_20/train/trial_0002/probe_best.pt",
            "eval_output_dir": "artifacts/probes/intphys2/intphys2_probe_mlp_videomae_v2_vit_giant_16_224_20260426T181004Z/layer_20/train/trial_0002/val_eval",
            "output_dir": "artifacts/probes/intphys2/intphys2_probe_mlp_videomae_v2_vit_giant_16_224_20260426T181004Z/layer_20/train/trial_0002",
            "params": {
              "batch_size": 128,
              "dropout": 0.34211651325607845,
              "hidden_dims": "1024",
              "lr": 3.972110727381908e-05,
              "weight_decay": 1.217325250419405e-05
            },
            "trial_number": 2,
            "value": 33.33333333333333
          },
          {
            "checkpoint": "artifacts/probes/intphys2/intphys2_probe_mlp_videomae_v2_vit_giant_16_224_20260426T181004Z/layer_20/train/trial_0005/probe_best.pt",
            "eval_output_dir": "artifacts/probes/intphys2/intphys2_probe_mlp_videomae_v2_vit_giant_16_224_20260426T181004Z/layer_20/train/trial_0005/val_eval",
            "output_dir": "artifacts/probes/intphys2/intphys2_probe_mlp_videomae_v2_vit_giant_16_224_20260426T181004Z/layer_20/train/trial_0005",
            "params": {
              "batch_size": 128,
              "dropout": 0.03702232586704518,
              "hidden_dims": "1024",
              "lr": 0.00042470585622618684,
              "weight_decay": 7.007213496896406e-08
            },
            "trial_number": 5,
            "value": 31.372549019607842
          },
          {
            "checkpoint": "artifacts/probes/intphys2/intphys2_probe_mlp_videomae_v2_vit_giant_16_224_20260426T181004Z/layer_20/train/trial_0006/probe_best.pt",
            "eval_output_dir": "artifacts/probes/intphys2/intphys2_probe_mlp_videomae_v2_vit_giant_16_224_20260426T181004Z/layer_20/train/trial_0006/val_eval",
            "output_dir": "artifacts/probes/intphys2/intphys2_probe_mlp_videomae_v2_vit_giant_16_224_20260426T181004Z/layer_20/train/trial_0006",
            "params": {
              "batch_size": 32,
              "dropout": 0.05979712296915085,
              "hidden_dims": "1024x512x256",
              "lr": 0.0001189589673755355,
              "weight_decay": 4.9569479327999555e-08
            },
            "trial_number": 6,
            "value": 27.450980392156865
          },
          {
            "checkpoint": "artifacts/probes/intphys2/intphys2_probe_mlp_videomae_v2_vit_giant_16_224_20260426T181004Z/layer_20/train/trial_0008/probe_best.pt",
            "eval_output_dir": "artifacts/probes/intphys2/intphys2_probe_mlp_videomae_v2_vit_giant_16_224_20260426T181004Z/layer_20/train/trial_0008/val_eval",
            "output_dir": "artifacts/probes/intphys2/intphys2_probe_mlp_videomae_v2_vit_giant_16_224_20260426T181004Z/layer_20/train/trial_0008",
            "params": {
              "batch_size": 64,
              "dropout": 0.40183603844955723,
              "hidden_dims": "1024",
              "lr": 0.005280796376895365,
              "weight_decay": 3.1315069138816194e-07
            },
            "trial_number": 8,
            "value": 35.294117647058826
          },
          {
            "checkpoint": "artifacts/probes/intphys2/intphys2_probe_mlp_videomae_v2_vit_giant_16_224_20260426T181004Z/layer_20/train/trial_0010/probe_best.pt",
            "eval_output_dir": "artifacts/probes/intphys2/intphys2_probe_mlp_videomae_v2_vit_giant_16_224_20260426T181004Z/layer_20/train/trial_0010/val_eval",
            "output_dir": "artifacts/probes/intphys2/intphys2_probe_mlp_videomae_v2_vit_giant_16_224_20260426T181004Z/layer_20/train/trial_0010",
            "params": {
              "batch_size": 256,
              "dropout": 0.4905765844654142,
              "hidden_dims": "256",
              "lr": 0.008669623189699452,
              "weight_decay": 1.5218296516412589e-06
            },
            "trial_number": 10,
            "value": 29.411764705882355
          },
          {
            "checkpoint": "artifacts/probes/intphys2/intphys2_probe_mlp_videomae_v2_vit_giant_16_224_20260426T181004Z/layer_20/train/trial_0011/probe_best.pt",
            "eval_output_dir": "artifacts/probes/intphys2/intphys2_probe_mlp_videomae_v2_vit_giant_16_224_20260426T181004Z/layer_20/train/trial_0011/val_eval",
            "output_dir": "artifacts/probes/intphys2/intphys2_probe_mlp_videomae_v2_vit_giant_16_224_20260426T181004Z/layer_20/train/trial_0011",
            "params": {
              "batch_size": 64,
              "dropout": 0.32185636831191167,
              "hidden_dims": "1024",
              "lr": 1.3066991237906973e-05,
              "weight_decay": 1.9213522209408688e-05
            },
            "trial_number": 11,
            "value": 31.372549019607842
          },
          {
            "checkpoint": "artifacts/probes/intphys2/intphys2_probe_mlp_videomae_v2_vit_giant_16_224_20260426T181004Z/layer_20/train/trial_0013/probe_best.pt",
            "eval_output_dir": "artifacts/probes/intphys2/intphys2_probe_mlp_videomae_v2_vit_giant_16_224_20260426T181004Z/layer_20/train/trial_0013/val_eval",
            "output_dir": "artifacts/probes/intphys2/intphys2_probe_mlp_videomae_v2_vit_giant_16_224_20260426T181004Z/layer_20/train/trial_0013",
            "params": {
              "batch_size": 64,
              "dropout": 0.3229282203516206,
              "hidden_dims": "1024",
              "lr": 0.0018362839120451822,
              "weight_decay": 4.396485490329044e-05
            },
            "trial_number": 13,
            "value": 33.33333333333333
          },
          {
            "checkpoint": "artifacts/probes/intphys2/intphys2_probe_mlp_videomae_v2_vit_giant_16_224_20260426T181004Z/layer_20/train/trial_0014/probe_best.pt",
            "eval_output_dir": "artifacts/probes/intphys2/intphys2_probe_mlp_videomae_v2_vit_giant_16_224_20260426T181004Z/layer_20/train/trial_0014/val_eval",
            "output_dir": "artifacts/probes/intphys2/intphys2_probe_mlp_videomae_v2_vit_giant_16_224_20260426T181004Z/layer_20/train/trial_0014",
            "params": {
              "batch_size": 128,
              "dropout": 0.17381671524829134,
              "hidden_dims": "1024",
              "lr": 0.0004745751051377162,
              "weight_decay": 8.523207578561587e-07
            },
            "trial_number": 14,
            "value": 31.372549019607842
          },
          {
            "checkpoint": "artifacts/probes/intphys2/intphys2_probe_mlp_videomae_v2_vit_giant_16_224_20260426T181004Z/layer_20/train/trial_0015/probe_best.pt",
            "eval_output_dir": "artifacts/probes/intphys2/intphys2_probe_mlp_videomae_v2_vit_giant_16_224_20260426T181004Z/layer_20/train/trial_0015/val_eval",
            "output_dir": "artifacts/probes/intphys2/intphys2_probe_mlp_videomae_v2_vit_giant_16_224_20260426T181004Z/layer_20/train/trial_0015",
            "params": {
              "batch_size": 64,
              "dropout": 0.3284199880843533,
              "hidden_dims": "1024",
              "lr": 1.2611236054600708e-05,
              "weight_decay": 1.1215836524840985e-08
            },
            "trial_number": 15,
            "value": 29.411764705882355
          },
          {
            "checkpoint": "artifacts/probes/intphys2/intphys2_probe_mlp_videomae_v2_vit_giant_16_224_20260426T181004Z/layer_20/train/trial_0016/probe_best.pt",
            "eval_output_dir": "artifacts/probes/intphys2/intphys2_probe_mlp_videomae_v2_vit_giant_16_224_20260426T181004Z/layer_20/train/trial_0016/val_eval",
            "output_dir": "artifacts/probes/intphys2/intphys2_probe_mlp_videomae_v2_vit_giant_16_224_20260426T181004Z/layer_20/train/trial_0016",
            "params": {
              "batch_size": 32,
              "dropout": 0.4355732454459806,
              "hidden_dims": "512x256",
              "lr": 5.086934265771255e-05,
              "weight_decay": 0.000142134995842178
            },
            "trial_number": 16,
            "value": 31.372549019607842
          },
          {
            "checkpoint": "artifacts/probes/intphys2/intphys2_probe_mlp_videomae_v2_vit_giant_16_224_20260426T181004Z/layer_20/train/trial_0017/probe_best.pt",
            "eval_output_dir": "artifacts/probes/intphys2/intphys2_probe_mlp_videomae_v2_vit_giant_16_224_20260426T181004Z/layer_20/train/trial_0017/val_eval",
            "output_dir": "artifacts/probes/intphys2/intphys2_probe_mlp_videomae_v2_vit_giant_16_224_20260426T181004Z/layer_20/train/trial_0017",
            "params": {
              "batch_size": 256,
              "dropout": 0.1866291716128416,
              "hidden_dims": "512",
              "lr": 0.0040734185791751355,
              "weight_decay": 5.724911825970498e-07
            },
            "trial_number": 17,
            "value": 29.411764705882355
          },
          {
            "checkpoint": "artifacts/probes/intphys2/intphys2_probe_mlp_videomae_v2_vit_giant_16_224_20260426T181004Z/layer_20/train/trial_0018/probe_best.pt",
            "eval_output_dir": "artifacts/probes/intphys2/intphys2_probe_mlp_videomae_v2_vit_giant_16_224_20260426T181004Z/layer_20/train/trial_0018/val_eval",
            "output_dir": "artifacts/probes/intphys2/intphys2_probe_mlp_videomae_v2_vit_giant_16_224_20260426T181004Z/layer_20/train/trial_0018",
            "params": {
              "batch_size": 128,
              "dropout": 0.35246354130075536,
              "hidden_dims": "256",
              "lr": 0.0007820833328059753,
              "weight_decay": 5.651444205952036e-06
            },
            "trial_number": 18,
            "value": 33.33333333333333
          },
          {
            "checkpoint": "artifacts/probes/intphys2/intphys2_probe_mlp_videomae_v2_vit_giant_16_224_20260426T181004Z/layer_20/train/trial_0019/probe_best.pt",
            "eval_output_dir": "artifacts/probes/intphys2/intphys2_probe_mlp_videomae_v2_vit_giant_16_224_20260426T181004Z/layer_20/train/trial_0019/val_eval",
            "output_dir": "artifacts/probes/intphys2/intphys2_probe_mlp_videomae_v2_vit_giant_16_224_20260426T181004Z/layer_20/train/trial_0019",
            "params": {
              "batch_size": 64,
              "dropout": 0.272228566503134,
              "hidden_dims": "1024",
              "lr": 0.003733992059160513,
              "weight_decay": 4.982037582026783e-05
            },
            "trial_number": 19,
            "value": 31.372549019607842
          }
        ]
      }
    },
    {
      "checkpoint": "artifacts/probes/intphys2/intphys2_probe_mlp_videomae_v2_vit_giant_16_224_20260426T181004Z/layer_30/train/trial_0013/probe_best.pt",
      "eval": {
        "base_eval": {
          "metrics": {
            "accuracy": 52.450980392156865,
            "accuracy_by_condition": {
              "continuity": 50.0,
              "immutability": 50.0,
              "permanence": 58.333333333333336,
              "solidity": 51.66666666666667
            },
            "n_samples": 204,
            "n_scenes": 51,
            "voe_accuracy": 19.607843137254903,
            "voe_by_condition": {
              "continuity": 25.0,
              "immutability": 16.666666666666664,
              "permanence": 25.0,
              "solidity": 13.333333333333334
            }
          },
          "output_dir": "artifacts/probes/intphys2/intphys2_probe_mlp_videomae_v2_vit_giant_16_224_20260426T181004Z/layer_30/eval/test",
          "split_dir": "data/splits/intphys2"
        },
        "checkpoint": "artifacts/probes/intphys2/intphys2_probe_mlp_videomae_v2_vit_giant_16_224_20260426T181004Z/layer_30/train/trial_0013/probe_best.pt",
        "dataset": "intphys2",
        "feature_signature": "b6519b564d05bc63",
        "metrics": {
          "accuracy": 52.450980392156865,
          "accuracy_by_condition": {
            "continuity": 50.0,
            "immutability": 50.0,
            "permanence": 58.333333333333336,
            "solidity": 51.66666666666667
          },
          "n_samples": 204,
          "n_scenes": 51,
          "voe_accuracy": 19.607843137254903,
          "voe_by_condition": {
            "continuity": 25.0,
            "immutability": 16.666666666666664,
            "permanence": 25.0,
            "solidity": 13.333333333333334
          }
        },
        "metrics_by_split": {
          "test": {
            "accuracy": 52.450980392156865,
            "accuracy_by_condition": {
              "continuity": 50.0,
              "immutability": 50.0,
              "permanence": 58.333333333333336,
              "solidity": 51.66666666666667
            },
            "n_samples": 204,
            "n_scenes": 51,
            "voe_accuracy": 19.607843137254903,
            "voe_by_condition": {
              "continuity": 25.0,
              "immutability": 16.666666666666664,
              "permanence": 25.0,
              "solidity": 13.333333333333334
            }
          },
          "train": {
            "accuracy": 52.483443708609265,
            "accuracy_by_condition": {
              "continuity": 56.25,
              "immutability": 52.083333333333336,
              "permanence": 52.083333333333336,
              "solidity": 50.0
            },
            "n_samples": 604,
            "n_scenes": 151,
            "voe_accuracy": 37.74834437086093,
            "voe_by_condition": {
              "continuity": 50.0,
              "immutability": 50.0,
              "permanence": 36.11111111111111,
              "solidity": 18.6046511627907
            }
          },
          "val": {
            "accuracy": 52.94117647058824,
            "accuracy_by_condition": {
              "continuity": 52.083333333333336,
              "immutability": 54.166666666666664,
              "permanence": 54.166666666666664,
              "solidity": 51.66666666666667
            },
            "n_samples": 204,
            "n_scenes": 51,
            "voe_accuracy": 31.372549019607842,
            "voe_by_condition": {
              "continuity": 41.66666666666667,
              "immutability": 33.33333333333333,
              "permanence": 41.66666666666667,
              "solidity": 13.333333333333334
            }
          }
        },
        "objective_metric": 19.607843137254903,
        "prediction_file": "artifacts/probes/intphys2/intphys2_probe_mlp_videomae_v2_vit_giant_16_224_20260426T181004Z/layer_30/eval/test/probe_predictions.json",
        "prediction_files": {
          "test": "artifacts/probes/intphys2/intphys2_probe_mlp_videomae_v2_vit_giant_16_224_20260426T181004Z/layer_30/eval/test/probe_predictions.json",
          "train": "artifacts/probes/intphys2/intphys2_probe_mlp_videomae_v2_vit_giant_16_224_20260426T181004Z/layer_30/eval/train/probe_predictions.json",
          "val": "artifacts/probes/intphys2/intphys2_probe_mlp_videomae_v2_vit_giant_16_224_20260426T181004Z/layer_30/eval/val/probe_predictions.json"
        },
        "probe_eval_dir": "artifacts/probes/intphys2/intphys2_probe_mlp_videomae_v2_vit_giant_16_224_20260426T181004Z/layer_30/eval",
        "probe_name": "mlp",
        "reported_splits": [
          "train",
          "val",
          "test"
        ],
        "split_eval_dirs": {
          "test": "artifacts/probes/intphys2/intphys2_probe_mlp_videomae_v2_vit_giant_16_224_20260426T181004Z/layer_30/eval/test",
          "train": "artifacts/probes/intphys2/intphys2_probe_mlp_videomae_v2_vit_giant_16_224_20260426T181004Z/layer_30/eval/train",
          "val": "artifacts/probes/intphys2/intphys2_probe_mlp_videomae_v2_vit_giant_16_224_20260426T181004Z/layer_30/eval/val"
        },
        "split_evals": {
          "test": {
            "base_eval": {
              "metrics": {
                "accuracy": 52.450980392156865,
                "accuracy_by_condition": {
                  "continuity": 50.0,
                  "immutability": 50.0,
                  "permanence": 58.333333333333336,
                  "solidity": 51.66666666666667
                },
                "n_samples": 204,
                "n_scenes": 51,
                "voe_accuracy": 19.607843137254903,
                "voe_by_condition": {
                  "continuity": 25.0,
                  "immutability": 16.666666666666664,
                  "permanence": 25.0,
                  "solidity": 13.333333333333334
                }
              },
              "output_dir": "artifacts/probes/intphys2/intphys2_probe_mlp_videomae_v2_vit_giant_16_224_20260426T181004Z/layer_30/eval/test",
              "split_dir": "data/splits/intphys2"
            },
            "checkpoint": "artifacts/probes/intphys2/intphys2_probe_mlp_videomae_v2_vit_giant_16_224_20260426T181004Z/layer_30/train/trial_0013/probe_best.pt",
            "dataset": "intphys2",
            "feature_signature": "b6519b564d05bc63",
            "metrics": {
              "accuracy": 52.450980392156865,
              "accuracy_by_condition": {
                "continuity": 50.0,
                "immutability": 50.0,
                "permanence": 58.333333333333336,
                "solidity": 51.66666666666667
              },
              "n_samples": 204,
              "n_scenes": 51,
              "voe_accuracy": 19.607843137254903,
              "voe_by_condition": {
                "continuity": 25.0,
                "immutability": 16.666666666666664,
                "permanence": 25.0,
                "solidity": 13.333333333333334
              }
            },
            "objective_metric": 19.607843137254903,
            "prediction_file": "artifacts/probes/intphys2/intphys2_probe_mlp_videomae_v2_vit_giant_16_224_20260426T181004Z/layer_30/eval/test/probe_predictions.json",
            "probe_eval_dir": "artifacts/probes/intphys2/intphys2_probe_mlp_videomae_v2_vit_giant_16_224_20260426T181004Z/layer_30/eval/test",
            "probe_name": "mlp",
            "split_name": "test"
          },
          "train": {
            "base_eval": {
              "metrics": {
                "accuracy": 52.483443708609265,
                "accuracy_by_condition": {
                  "continuity": 56.25,
                  "immutability": 52.083333333333336,
                  "permanence": 52.083333333333336,
                  "solidity": 50.0
                },
                "n_samples": 604,
                "n_scenes": 151,
                "voe_accuracy": 37.74834437086093,
                "voe_by_condition": {
                  "continuity": 50.0,
                  "immutability": 50.0,
                  "permanence": 36.11111111111111,
                  "solidity": 18.6046511627907
                }
              },
              "output_dir": "artifacts/probes/intphys2/intphys2_probe_mlp_videomae_v2_vit_giant_16_224_20260426T181004Z/layer_30/eval/train",
              "split_dir": "data/splits/intphys2"
            },
            "checkpoint": "artifacts/probes/intphys2/intphys2_probe_mlp_videomae_v2_vit_giant_16_224_20260426T181004Z/layer_30/train/trial_0013/probe_best.pt",
            "dataset": "intphys2",
            "feature_signature": "b6519b564d05bc63",
            "metrics": {
              "accuracy": 52.483443708609265,
              "accuracy_by_condition": {
                "continuity": 56.25,
                "immutability": 52.083333333333336,
                "permanence": 52.083333333333336,
                "solidity": 50.0
              },
              "n_samples": 604,
              "n_scenes": 151,
              "voe_accuracy": 37.74834437086093,
              "voe_by_condition": {
                "continuity": 50.0,
                "immutability": 50.0,
                "permanence": 36.11111111111111,
                "solidity": 18.6046511627907
              }
            },
            "objective_metric": 37.74834437086093,
            "prediction_file": "artifacts/probes/intphys2/intphys2_probe_mlp_videomae_v2_vit_giant_16_224_20260426T181004Z/layer_30/eval/train/probe_predictions.json",
            "probe_eval_dir": "artifacts/probes/intphys2/intphys2_probe_mlp_videomae_v2_vit_giant_16_224_20260426T181004Z/layer_30/eval/train",
            "probe_name": "mlp",
            "split_name": "train"
          },
          "val": {
            "base_eval": {
              "metrics": {
                "accuracy": 52.94117647058824,
                "accuracy_by_condition": {
                  "continuity": 52.083333333333336,
                  "immutability": 54.166666666666664,
                  "permanence": 54.166666666666664,
                  "solidity": 51.66666666666667
                },
                "n_samples": 204,
                "n_scenes": 51,
                "voe_accuracy": 31.372549019607842,
                "voe_by_condition": {
                  "continuity": 41.66666666666667,
                  "immutability": 33.33333333333333,
                  "permanence": 41.66666666666667,
                  "solidity": 13.333333333333334
                }
              },
              "output_dir": "artifacts/probes/intphys2/intphys2_probe_mlp_videomae_v2_vit_giant_16_224_20260426T181004Z/layer_30/eval/val",
              "split_dir": "data/splits/intphys2"
            },
            "checkpoint": "artifacts/probes/intphys2/intphys2_probe_mlp_videomae_v2_vit_giant_16_224_20260426T181004Z/layer_30/train/trial_0013/probe_best.pt",
            "dataset": "intphys2",
            "feature_signature": "b6519b564d05bc63",
            "metrics": {
              "accuracy": 52.94117647058824,
              "accuracy_by_condition": {
                "continuity": 52.083333333333336,
                "immutability": 54.166666666666664,
                "permanence": 54.166666666666664,
                "solidity": 51.66666666666667
              },
              "n_samples": 204,
              "n_scenes": 51,
              "voe_accuracy": 31.372549019607842,
              "voe_by_condition": {
                "continuity": 41.66666666666667,
                "immutability": 33.33333333333333,
                "permanence": 41.66666666666667,
                "solidity": 13.333333333333334
              }
            },
            "objective_metric": 31.372549019607842,
            "prediction_file": "artifacts/probes/intphys2/intphys2_probe_mlp_videomae_v2_vit_giant_16_224_20260426T181004Z/layer_30/eval/val/probe_predictions.json",
            "probe_eval_dir": "artifacts/probes/intphys2/intphys2_probe_mlp_videomae_v2_vit_giant_16_224_20260426T181004Z/layer_30/eval/val",
            "probe_name": "mlp",
            "split_name": "val"
          }
        },
        "split_name": "test"
      },
      "layer": 30,
      "layer_label": "30",
      "objective_metric": 19.607843137254903,
      "train": {
        "best_checkpoint": "artifacts/probes/intphys2/intphys2_probe_mlp_videomae_v2_vit_giant_16_224_20260426T181004Z/layer_30/train/trial_0013/probe_best.pt",
        "best_eval_output_dir": "artifacts/probes/intphys2/intphys2_probe_mlp_videomae_v2_vit_giant_16_224_20260426T181004Z/layer_30/train/trial_0013/val_eval",
        "best_output_dir": "artifacts/probes/intphys2/intphys2_probe_mlp_videomae_v2_vit_giant_16_224_20260426T181004Z/layer_30/train/trial_0013",
        "best_params": {
          "batch_size": 256,
          "dropout": 0.3229282203516206,
          "hidden_dims": "512",
          "lr": 4.8992953778813396e-05,
          "weight_decay": 2.752617495528307e-05
        },
        "best_trial_number": 13,
        "best_value": 31.372549019607842,
        "checkpoint": "artifacts/probes/intphys2/intphys2_probe_mlp_videomae_v2_vit_giant_16_224_20260426T181004Z/layer_30/train/trial_0013/probe_best.pt",
        "dataset": "intphys2",
        "direction": "maximize",
        "layer": 30,
        "n_trials": 20,
        "objective_metric": "voe_accuracy",
        "output_dir": "artifacts/probes/intphys2/intphys2_probe_mlp_videomae_v2_vit_giant_16_224_20260426T181004Z/layer_30/train",
        "probe_name": "mlp",
        "storage": "sqlite:////gpfs/home3/scur0511/Probe4Physics/artifacts/probes/intphys2/intphys2_probe_mlp_videomae_v2_vit_giant_16_224_20260426T181004Z/layer_30/train/optuna_study.sqlite3",
        "study_name": "intphys2_mlp_videomae_v2_vit_giant_16_224_layer_30",
        "trials": [
          {
            "checkpoint": "artifacts/probes/intphys2/intphys2_probe_mlp_videomae_v2_vit_giant_16_224_20260426T181004Z/layer_30/train/trial_0000/probe_best.pt",
            "eval_output_dir": "artifacts/probes/intphys2/intphys2_probe_mlp_videomae_v2_vit_giant_16_224_20260426T181004Z/layer_30/train/trial_0000/val_eval",
            "output_dir": "artifacts/probes/intphys2/intphys2_probe_mlp_videomae_v2_vit_giant_16_224_20260426T181004Z/layer_30/train/trial_0000",
            "params": {
              "batch_size": 32,
              "dropout": 0.41622132040021087,
              "hidden_dims": "1024x512x1024",
              "lr": 0.0001329291894316216,
              "weight_decay": 0.005061576888752304
            },
            "trial_number": 0,
            "value": 19.607843137254903
          },
          {
            "checkpoint": "artifacts/probes/intphys2/intphys2_probe_mlp_videomae_v2_vit_giant_16_224_20260426T181004Z/layer_30/train/trial_0001/probe_best.pt",
            "eval_output_dir": "artifacts/probes/intphys2/intphys2_probe_mlp_videomae_v2_vit_giant_16_224_20260426T181004Z/layer_30/train/trial_0001/val_eval",
            "output_dir": "artifacts/probes/intphys2/intphys2_probe_mlp_videomae_v2_vit_giant_16_224_20260426T181004Z/layer_30/train/trial_0001",
            "params": {
              "batch_size": 128,
              "dropout": 0.3925879806965068,
              "hidden_dims": "512",
              "lr": 4.335281794951564e-05,
              "weight_decay": 1.2329623163659816e-07
            },
            "trial_number": 1,
            "value": 27.450980392156865
          },
          {
            "checkpoint": "artifacts/probes/intphys2/intphys2_probe_mlp_videomae_v2_vit_giant_16_224_20260426T181004Z/layer_30/train/trial_0002/probe_best.pt",
            "eval_output_dir": "artifacts/probes/intphys2/intphys2_probe_mlp_videomae_v2_vit_giant_16_224_20260426T181004Z/layer_30/train/trial_0002/val_eval",
            "output_dir": "artifacts/probes/intphys2/intphys2_probe_mlp_videomae_v2_vit_giant_16_224_20260426T181004Z/layer_30/train/trial_0002",
            "params": {
              "batch_size": 128,
              "dropout": 0.34211651325607845,
              "hidden_dims": "1024",
              "lr": 3.972110727381908e-05,
              "weight_decay": 1.217325250419405e-05
            },
            "trial_number": 2,
            "value": 25.49019607843137
          },
          {
            "checkpoint": "artifacts/probes/intphys2/intphys2_probe_mlp_videomae_v2_vit_giant_16_224_20260426T181004Z/layer_30/train/trial_0003/probe_best.pt",
            "eval_output_dir": "artifacts/probes/intphys2/intphys2_probe_mlp_videomae_v2_vit_giant_16_224_20260426T181004Z/layer_30/train/trial_0003/val_eval",
            "output_dir": "artifacts/probes/intphys2/intphys2_probe_mlp_videomae_v2_vit_giant_16_224_20260426T181004Z/layer_30/train/trial_0003",
            "params": {
              "batch_size": 128,
              "dropout": 0.3875664116805573,
              "hidden_dims": "1024x512x1024",
              "lr": 0.00020914981329035596,
              "weight_decay": 5.397956855996434e-08
            },
            "trial_number": 3,
            "value": 25.49019607843137
          },
          {
            "checkpoint": "artifacts/probes/intphys2/intphys2_probe_mlp_videomae_v2_vit_giant_16_224_20260426T181004Z/layer_30/train/trial_0005/probe_best.pt",
            "eval_output_dir": "artifacts/probes/intphys2/intphys2_probe_mlp_videomae_v2_vit_giant_16_224_20260426T181004Z/layer_30/train/trial_0005/val_eval",
            "output_dir": "artifacts/probes/intphys2/intphys2_probe_mlp_videomae_v2_vit_giant_16_224_20260426T181004Z/layer_30/train/trial_0005",
            "params": {
              "batch_size": 128,
              "dropout": 0.03702232586704518,
              "hidden_dims": "1024",
              "lr": 0.00042470585622618684,
              "weight_decay": 7.007213496896406e-08
            },
            "trial_number": 5,
            "value": 27.450980392156865
          },
          {
            "checkpoint": "artifacts/probes/intphys2/intphys2_probe_mlp_videomae_v2_vit_giant_16_224_20260426T181004Z/layer_30/train/trial_0006/probe_best.pt",
            "eval_output_dir": "artifacts/probes/intphys2/intphys2_probe_mlp_videomae_v2_vit_giant_16_224_20260426T181004Z/layer_30/train/trial_0006/val_eval",
            "output_dir": "artifacts/probes/intphys2/intphys2_probe_mlp_videomae_v2_vit_giant_16_224_20260426T181004Z/layer_30/train/trial_0006",
            "params": {
              "batch_size": 32,
              "dropout": 0.05979712296915085,
              "hidden_dims": "1024x512x256",
              "lr": 0.0001189589673755355,
              "weight_decay": 4.9569479327999555e-08
            },
            "trial_number": 6,
            "value": 25.49019607843137
          },
          {
            "checkpoint": "artifacts/probes/intphys2/intphys2_probe_mlp_videomae_v2_vit_giant_16_224_20260426T181004Z/layer_30/train/trial_0008/probe_best.pt",
            "eval_output_dir": "artifacts/probes/intphys2/intphys2_probe_mlp_videomae_v2_vit_giant_16_224_20260426T181004Z/layer_30/train/trial_0008/val_eval",
            "output_dir": "artifacts/probes/intphys2/intphys2_probe_mlp_videomae_v2_vit_giant_16_224_20260426T181004Z/layer_30/train/trial_0008",
            "params": {
              "batch_size": 64,
              "dropout": 0.40183603844955723,
              "hidden_dims": "1024",
              "lr": 0.005280796376895365,
              "weight_decay": 3.1315069138816194e-07
            },
            "trial_number": 8,
            "value": 25.49019607843137
          },
          {
            "checkpoint": "artifacts/probes/intphys2/intphys2_probe_mlp_videomae_v2_vit_giant_16_224_20260426T181004Z/layer_30/train/trial_0009/probe_best.pt",
            "eval_output_dir": "artifacts/probes/intphys2/intphys2_probe_mlp_videomae_v2_vit_giant_16_224_20260426T181004Z/layer_30/train/trial_0009/val_eval",
            "output_dir": "artifacts/probes/intphys2/intphys2_probe_mlp_videomae_v2_vit_giant_16_224_20260426T181004Z/layer_30/train/trial_0009",
            "params": {
              "batch_size": 128,
              "dropout": 0.25537365128878287,
              "hidden_dims": "1024x512x256",
              "lr": 3.6283583803549155e-05,
              "weight_decay": 0.0022664909586669274
            },
            "trial_number": 9,
            "value": 19.607843137254903
          },
          {
            "checkpoint": "artifacts/probes/intphys2/intphys2_probe_mlp_videomae_v2_vit_giant_16_224_20260426T181004Z/layer_30/train/trial_0010/probe_best.pt",
            "eval_output_dir": "artifacts/probes/intphys2/intphys2_probe_mlp_videomae_v2_vit_giant_16_224_20260426T181004Z/layer_30/train/trial_0010/val_eval",
            "output_dir": "artifacts/probes/intphys2/intphys2_probe_mlp_videomae_v2_vit_giant_16_224_20260426T181004Z/layer_30/train/trial_0010",
            "params": {
              "batch_size": 256,
              "dropout": 0.49004175484611584,
              "hidden_dims": "512",
              "lr": 1.1890625822974641e-05,
              "weight_decay": 2.3573161161095077e-06
            },
            "trial_number": 10,
            "value": 21.568627450980394
          },
          {
            "checkpoint": "artifacts/probes/intphys2/intphys2_probe_mlp_videomae_v2_vit_giant_16_224_20260426T181004Z/layer_30/train/trial_0011/probe_best.pt",
            "eval_output_dir": "artifacts/probes/intphys2/intphys2_probe_mlp_videomae_v2_vit_giant_16_224_20260426T181004Z/layer_30/train/trial_0011/val_eval",
            "output_dir": "artifacts/probes/intphys2/intphys2_probe_mlp_videomae_v2_vit_giant_16_224_20260426T181004Z/layer_30/train/trial_0011",
            "params": {
              "batch_size": 128,
              "dropout": 0.0034053139454592943,
              "hidden_dims": "256",
              "lr": 0.0009677193907657219,
              "weight_decay": 1.2404201083947842e-08
            },
            "trial_number": 11,
            "value": 21.568627450980394
          },
          {
            "checkpoint": "artifacts/probes/intphys2/intphys2_probe_mlp_videomae_v2_vit_giant_16_224_20260426T181004Z/layer_30/train/trial_0012/probe_best.pt",
            "eval_output_dir": "artifacts/probes/intphys2/intphys2_probe_mlp_videomae_v2_vit_giant_16_224_20260426T181004Z/layer_30/train/trial_0012/val_eval",
            "output_dir": "artifacts/probes/intphys2/intphys2_probe_mlp_videomae_v2_vit_giant_16_224_20260426T181004Z/layer_30/train/trial_0012",
            "params": {
              "batch_size": 128,
              "dropout": 0.17125799686887833,
              "hidden_dims": "512x256",
              "lr": 0.0006023982170524604,
              "weight_decay": 1.369453656731483e-06
            },
            "trial_number": 12,
            "value": 15.686274509803921
          },
          {
            "checkpoint": "artifacts/probes/intphys2/intphys2_probe_mlp_videomae_v2_vit_giant_16_224_20260426T181004Z/layer_30/train/trial_0013/probe_best.pt",
            "eval_output_dir": "artifacts/probes/intphys2/intphys2_probe_mlp_videomae_v2_vit_giant_16_224_20260426T181004Z/layer_30/train/trial_0013/val_eval",
            "output_dir": "artifacts/probes/intphys2/intphys2_probe_mlp_videomae_v2_vit_giant_16_224_20260426T181004Z/layer_30/train/trial_0013",
            "params": {
              "batch_size": 256,
              "dropout": 0.3229282203516206,
              "hidden_dims": "512",
              "lr": 4.8992953778813396e-05,
              "weight_decay": 2.752617495528307e-05
            },
            "trial_number": 13,
            "value": 31.372549019607842
          },
          {
            "checkpoint": "artifacts/probes/intphys2/intphys2_probe_mlp_videomae_v2_vit_giant_16_224_20260426T181004Z/layer_30/train/trial_0014/probe_best.pt",
            "eval_output_dir": "artifacts/probes/intphys2/intphys2_probe_mlp_videomae_v2_vit_giant_16_224_20260426T181004Z/layer_30/train/trial_0014/val_eval",
            "output_dir": "artifacts/probes/intphys2/intphys2_probe_mlp_videomae_v2_vit_giant_16_224_20260426T181004Z/layer_30/train/trial_0014",
            "params": {
              "batch_size": 256,
              "dropout": 0.3193449372824574,
              "hidden_dims": "512",
              "lr": 3.282681018256511e-05,
              "weight_decay": 0.0001371575145876111
            },
            "trial_number": 14,
            "value": 29.411764705882355
          },
          {
            "checkpoint": "artifacts/probes/intphys2/intphys2_probe_mlp_videomae_v2_vit_giant_16_224_20260426T181004Z/layer_30/train/trial_0015/probe_best.pt",
            "eval_output_dir": "artifacts/probes/intphys2/intphys2_probe_mlp_videomae_v2_vit_giant_16_224_20260426T181004Z/layer_30/train/trial_0015/val_eval",
            "output_dir": "artifacts/probes/intphys2/intphys2_probe_mlp_videomae_v2_vit_giant_16_224_20260426T181004Z/layer_30/train/trial_0015",
            "params": {
              "batch_size": 256,
              "dropout": 0.31349644297333273,
              "hidden_dims": "512",
              "lr": 1.2611236054600708e-05,
              "weight_decay": 6.32485178893513e-05
            },
            "trial_number": 15,
            "value": 15.686274509803921
          },
          {
            "checkpoint": "artifacts/probes/intphys2/intphys2_probe_mlp_videomae_v2_vit_giant_16_224_20260426T181004Z/layer_30/train/trial_0016/probe_best.pt",
            "eval_output_dir": "artifacts/probes/intphys2/intphys2_probe_mlp_videomae_v2_vit_giant_16_224_20260426T181004Z/layer_30/train/trial_0016/val_eval",
            "output_dir": "artifacts/probes/intphys2/intphys2_probe_mlp_videomae_v2_vit_giant_16_224_20260426T181004Z/layer_30/train/trial_0016",
            "params": {
              "batch_size": 256,
              "dropout": 0.20047798484102197,
              "hidden_dims": "512",
              "lr": 5.238163195013786e-05,
              "weight_decay": 8.115916663139927e-05
            },
            "trial_number": 16,
            "value": 31.372549019607842
          },
          {
            "checkpoint": "artifacts/probes/intphys2/intphys2_probe_mlp_videomae_v2_vit_giant_16_224_20260426T181004Z/layer_30/train/trial_0017/probe_best.pt",
            "eval_output_dir": "artifacts/probes/intphys2/intphys2_probe_mlp_videomae_v2_vit_giant_16_224_20260426T181004Z/layer_30/train/trial_0017/val_eval",
            "output_dir": "artifacts/probes/intphys2/intphys2_probe_mlp_videomae_v2_vit_giant_16_224_20260426T181004Z/layer_30/train/trial_0017",
            "params": {
              "batch_size": 256,
              "dropout": 0.17567896829809118,
              "hidden_dims": "512",
              "lr": 8.513569413752787e-05,
              "weight_decay": 1.8893013851257984e-05
            },
            "trial_number": 17,
            "value": 29.411764705882355
          },
          {
            "checkpoint": "artifacts/probes/intphys2/intphys2_probe_mlp_videomae_v2_vit_giant_16_224_20260426T181004Z/layer_30/train/trial_0018/probe_best.pt",
            "eval_output_dir": "artifacts/probes/intphys2/intphys2_probe_mlp_videomae_v2_vit_giant_16_224_20260426T181004Z/layer_30/train/trial_0018/val_eval",
            "output_dir": "artifacts/probes/intphys2/intphys2_probe_mlp_videomae_v2_vit_giant_16_224_20260426T181004Z/layer_30/train/trial_0018",
            "params": {
              "batch_size": 256,
              "dropout": 0.10814071447703921,
              "hidden_dims": "512x256",
              "lr": 2.0339151241453182e-05,
              "weight_decay": 0.0005731125056750706
            },
            "trial_number": 18,
            "value": 21.568627450980394
          },
          {
            "checkpoint": "artifacts/probes/intphys2/intphys2_probe_mlp_videomae_v2_vit_giant_16_224_20260426T181004Z/layer_30/train/trial_0019/probe_best.pt",
            "eval_output_dir": "artifacts/probes/intphys2/intphys2_probe_mlp_videomae_v2_vit_giant_16_224_20260426T181004Z/layer_30/train/trial_0019/val_eval",
            "output_dir": "artifacts/probes/intphys2/intphys2_probe_mlp_videomae_v2_vit_giant_16_224_20260426T181004Z/layer_30/train/trial_0019",
            "params": {
              "batch_size": 256,
              "dropout": 0.22427402844503805,
              "hidden_dims": "256",
              "lr": 8.576268069113946e-05,
              "weight_decay": 2.3291197337483275e-06
            },
            "trial_number": 19,
            "value": 21.568627450980394
          }
        ]
      }
    },
    {
      "checkpoint": "artifacts/probes/intphys2/intphys2_probe_mlp_videomae_v2_vit_giant_16_224_20260426T181004Z/layer_40/train/trial_0019/probe_best.pt",
      "eval": {
        "base_eval": {
          "metrics": {
            "accuracy": 54.41176470588235,
            "accuracy_by_condition": {
              "continuity": 56.25,
              "immutability": 54.166666666666664,
              "permanence": 54.166666666666664,
              "solidity": 53.333333333333336
            },
            "n_samples": 204,
            "n_scenes": 51,
            "voe_accuracy": 37.254901960784316,
            "voe_by_condition": {
              "continuity": 50.0,
              "immutability": 41.66666666666667,
              "permanence": 16.666666666666664,
              "solidity": 40.0
            }
          },
          "output_dir": "artifacts/probes/intphys2/intphys2_probe_mlp_videomae_v2_vit_giant_16_224_20260426T181004Z/layer_40/eval/test",
          "split_dir": "data/splits/intphys2"
        },
        "checkpoint": "artifacts/probes/intphys2/intphys2_probe_mlp_videomae_v2_vit_giant_16_224_20260426T181004Z/layer_40/train/trial_0019/probe_best.pt",
        "dataset": "intphys2",
        "feature_signature": "b6519b564d05bc63",
        "metrics": {
          "accuracy": 54.41176470588235,
          "accuracy_by_condition": {
            "continuity": 56.25,
            "immutability": 54.166666666666664,
            "permanence": 54.166666666666664,
            "solidity": 53.333333333333336
          },
          "n_samples": 204,
          "n_scenes": 51,
          "voe_accuracy": 37.254901960784316,
          "voe_by_condition": {
            "continuity": 50.0,
            "immutability": 41.66666666666667,
            "permanence": 16.666666666666664,
            "solidity": 40.0
          }
        },
        "metrics_by_split": {
          "test": {
            "accuracy": 54.41176470588235,
            "accuracy_by_condition": {
              "continuity": 56.25,
              "immutability": 54.166666666666664,
              "permanence": 54.166666666666664,
              "solidity": 53.333333333333336
            },
            "n_samples": 204,
            "n_scenes": 51,
            "voe_accuracy": 37.254901960784316,
            "voe_by_condition": {
              "continuity": 50.0,
              "immutability": 41.66666666666667,
              "permanence": 16.666666666666664,
              "solidity": 40.0
            }
          },
          "train": {
            "accuracy": 51.49006622516556,
            "accuracy_by_condition": {
              "continuity": 50.69444444444444,
              "immutability": 52.77777777777778,
              "permanence": 52.083333333333336,
              "solidity": 50.58139534883721
            },
            "n_samples": 604,
            "n_scenes": 151,
            "voe_accuracy": 40.397350993377486,
            "voe_by_condition": {
              "continuity": 63.888888888888886,
              "immutability": 47.22222222222222,
              "permanence": 33.33333333333333,
              "solidity": 20.930232558139537
            }
          },
          "val": {
            "accuracy": 51.9607843137255,
            "accuracy_by_condition": {
              "continuity": 50.0,
              "immutability": 52.083333333333336,
              "permanence": 52.083333333333336,
              "solidity": 53.333333333333336
            },
            "n_samples": 204,
            "n_scenes": 51,
            "voe_accuracy": 35.294117647058826,
            "voe_by_condition": {
              "continuity": 41.66666666666667,
              "immutability": 33.33333333333333,
              "permanence": 58.333333333333336,
              "solidity": 13.333333333333334
            }
          }
        },
        "objective_metric": 37.254901960784316,
        "prediction_file": "artifacts/probes/intphys2/intphys2_probe_mlp_videomae_v2_vit_giant_16_224_20260426T181004Z/layer_40/eval/test/probe_predictions.json",
        "prediction_files": {
          "test": "artifacts/probes/intphys2/intphys2_probe_mlp_videomae_v2_vit_giant_16_224_20260426T181004Z/layer_40/eval/test/probe_predictions.json",
          "train": "artifacts/probes/intphys2/intphys2_probe_mlp_videomae_v2_vit_giant_16_224_20260426T181004Z/layer_40/eval/train/probe_predictions.json",
          "val": "artifacts/probes/intphys2/intphys2_probe_mlp_videomae_v2_vit_giant_16_224_20260426T181004Z/layer_40/eval/val/probe_predictions.json"
        },
        "probe_eval_dir": "artifacts/probes/intphys2/intphys2_probe_mlp_videomae_v2_vit_giant_16_224_20260426T181004Z/layer_40/eval",
        "probe_name": "mlp",
        "reported_splits": [
          "train",
          "val",
          "test"
        ],
        "split_eval_dirs": {
          "test": "artifacts/probes/intphys2/intphys2_probe_mlp_videomae_v2_vit_giant_16_224_20260426T181004Z/layer_40/eval/test",
          "train": "artifacts/probes/intphys2/intphys2_probe_mlp_videomae_v2_vit_giant_16_224_20260426T181004Z/layer_40/eval/train",
          "val": "artifacts/probes/intphys2/intphys2_probe_mlp_videomae_v2_vit_giant_16_224_20260426T181004Z/layer_40/eval/val"
        },
        "split_evals": {
          "test": {
            "base_eval": {
              "metrics": {
                "accuracy": 54.41176470588235,
                "accuracy_by_condition": {
                  "continuity": 56.25,
                  "immutability": 54.166666666666664,
                  "permanence": 54.166666666666664,
                  "solidity": 53.333333333333336
                },
                "n_samples": 204,
                "n_scenes": 51,
                "voe_accuracy": 37.254901960784316,
                "voe_by_condition": {
                  "continuity": 50.0,
                  "immutability": 41.66666666666667,
                  "permanence": 16.666666666666664,
                  "solidity": 40.0
                }
              },
              "output_dir": "artifacts/probes/intphys2/intphys2_probe_mlp_videomae_v2_vit_giant_16_224_20260426T181004Z/layer_40/eval/test",
              "split_dir": "data/splits/intphys2"
            },
            "checkpoint": "artifacts/probes/intphys2/intphys2_probe_mlp_videomae_v2_vit_giant_16_224_20260426T181004Z/layer_40/train/trial_0019/probe_best.pt",
            "dataset": "intphys2",
            "feature_signature": "b6519b564d05bc63",
            "metrics": {
              "accuracy": 54.41176470588235,
              "accuracy_by_condition": {
                "continuity": 56.25,
                "immutability": 54.166666666666664,
                "permanence": 54.166666666666664,
                "solidity": 53.333333333333336
              },
              "n_samples": 204,
              "n_scenes": 51,
              "voe_accuracy": 37.254901960784316,
              "voe_by_condition": {
                "continuity": 50.0,
                "immutability": 41.66666666666667,
                "permanence": 16.666666666666664,
                "solidity": 40.0
              }
            },
            "objective_metric": 37.254901960784316,
            "prediction_file": "artifacts/probes/intphys2/intphys2_probe_mlp_videomae_v2_vit_giant_16_224_20260426T181004Z/layer_40/eval/test/probe_predictions.json",
            "probe_eval_dir": "artifacts/probes/intphys2/intphys2_probe_mlp_videomae_v2_vit_giant_16_224_20260426T181004Z/layer_40/eval/test",
            "probe_name": "mlp",
            "split_name": "test"
          },
          "train": {
            "base_eval": {
              "metrics": {
                "accuracy": 51.49006622516556,
                "accuracy_by_condition": {
                  "continuity": 50.69444444444444,
                  "immutability": 52.77777777777778,
                  "permanence": 52.083333333333336,
                  "solidity": 50.58139534883721
                },
                "n_samples": 604,
                "n_scenes": 151,
                "voe_accuracy": 40.397350993377486,
                "voe_by_condition": {
                  "continuity": 63.888888888888886,
                  "immutability": 47.22222222222222,
                  "permanence": 33.33333333333333,
                  "solidity": 20.930232558139537
                }
              },
              "output_dir": "artifacts/probes/intphys2/intphys2_probe_mlp_videomae_v2_vit_giant_16_224_20260426T181004Z/layer_40/eval/train",
              "split_dir": "data/splits/intphys2"
            },
            "checkpoint": "artifacts/probes/intphys2/intphys2_probe_mlp_videomae_v2_vit_giant_16_224_20260426T181004Z/layer_40/train/trial_0019/probe_best.pt",
            "dataset": "intphys2",
            "feature_signature": "b6519b564d05bc63",
            "metrics": {
              "accuracy": 51.49006622516556,
              "accuracy_by_condition": {
                "continuity": 50.69444444444444,
                "immutability": 52.77777777777778,
                "permanence": 52.083333333333336,
                "solidity": 50.58139534883721
              },
              "n_samples": 604,
              "n_scenes": 151,
              "voe_accuracy": 40.397350993377486,
              "voe_by_condition": {
                "continuity": 63.888888888888886,
                "immutability": 47.22222222222222,
                "permanence": 33.33333333333333,
                "solidity": 20.930232558139537
              }
            },
            "objective_metric": 40.397350993377486,
            "prediction_file": "artifacts/probes/intphys2/intphys2_probe_mlp_videomae_v2_vit_giant_16_224_20260426T181004Z/layer_40/eval/train/probe_predictions.json",
            "probe_eval_dir": "artifacts/probes/intphys2/intphys2_probe_mlp_videomae_v2_vit_giant_16_224_20260426T181004Z/layer_40/eval/train",
            "probe_name": "mlp",
            "split_name": "train"
          },
          "val": {
            "base_eval": {
              "metrics": {
                "accuracy": 51.9607843137255,
                "accuracy_by_condition": {
                  "continuity": 50.0,
                  "immutability": 52.083333333333336,
                  "permanence": 52.083333333333336,
                  "solidity": 53.333333333333336
                },
                "n_samples": 204,
                "n_scenes": 51,
                "voe_accuracy": 35.294117647058826,
                "voe_by_condition": {
                  "continuity": 41.66666666666667,
                  "immutability": 33.33333333333333,
                  "permanence": 58.333333333333336,
                  "solidity": 13.333333333333334
                }
              },
              "output_dir": "artifacts/probes/intphys2/intphys2_probe_mlp_videomae_v2_vit_giant_16_224_20260426T181004Z/layer_40/eval/val",
              "split_dir": "data/splits/intphys2"
            },
            "checkpoint": "artifacts/probes/intphys2/intphys2_probe_mlp_videomae_v2_vit_giant_16_224_20260426T181004Z/layer_40/train/trial_0019/probe_best.pt",
            "dataset": "intphys2",
            "feature_signature": "b6519b564d05bc63",
            "metrics": {
              "accuracy": 51.9607843137255,
              "accuracy_by_condition": {
                "continuity": 50.0,
                "immutability": 52.083333333333336,
                "permanence": 52.083333333333336,
                "solidity": 53.333333333333336
              },
              "n_samples": 204,
              "n_scenes": 51,
              "voe_accuracy": 35.294117647058826,
              "voe_by_condition": {
                "continuity": 41.66666666666667,
                "immutability": 33.33333333333333,
                "permanence": 58.333333333333336,
                "solidity": 13.333333333333334
              }
            },
            "objective_metric": 35.294117647058826,
            "prediction_file": "artifacts/probes/intphys2/intphys2_probe_mlp_videomae_v2_vit_giant_16_224_20260426T181004Z/layer_40/eval/val/probe_predictions.json",
            "probe_eval_dir": "artifacts/probes/intphys2/intphys2_probe_mlp_videomae_v2_vit_giant_16_224_20260426T181004Z/layer_40/eval/val",
            "probe_name": "mlp",
            "split_name": "val"
          }
        },
        "split_name": "test"
      },
      "layer": 40,
      "layer_label": "40",
      "objective_metric": 37.254901960784316,
      "train": {
        "best_checkpoint": "artifacts/probes/intphys2/intphys2_probe_mlp_videomae_v2_vit_giant_16_224_20260426T181004Z/layer_40/train/trial_0019/probe_best.pt",
        "best_eval_output_dir": "artifacts/probes/intphys2/intphys2_probe_mlp_videomae_v2_vit_giant_16_224_20260426T181004Z/layer_40/train/trial_0019/val_eval",
        "best_output_dir": "artifacts/probes/intphys2/intphys2_probe_mlp_videomae_v2_vit_giant_16_224_20260426T181004Z/layer_40/train/trial_0019",
        "best_params": {
          "batch_size": 64,
          "dropout": 0.20432613759572535,
          "hidden_dims": "1024",
          "lr": 0.002920879065522804,
          "weight_decay": 1.4431608979637393e-07
        },
        "best_trial_number": 19,
        "best_value": 35.294117647058826,
        "checkpoint": "artifacts/probes/intphys2/intphys2_probe_mlp_videomae_v2_vit_giant_16_224_20260426T181004Z/layer_40/train/trial_0019/probe_best.pt",
        "dataset": "intphys2",
        "direction": "maximize",
        "layer": 40,
        "n_trials": 20,
        "objective_metric": "voe_accuracy",
        "output_dir": "artifacts/probes/intphys2/intphys2_probe_mlp_videomae_v2_vit_giant_16_224_20260426T181004Z/layer_40/train",
        "probe_name": "mlp",
        "storage": "sqlite:////gpfs/home3/scur0511/Probe4Physics/artifacts/probes/intphys2/intphys2_probe_mlp_videomae_v2_vit_giant_16_224_20260426T181004Z/layer_40/train/optuna_study.sqlite3",
        "study_name": "intphys2_mlp_videomae_v2_vit_giant_16_224_layer_40",
        "trials": [
          {
            "checkpoint": "artifacts/probes/intphys2/intphys2_probe_mlp_videomae_v2_vit_giant_16_224_20260426T181004Z/layer_40/train/trial_0000/probe_best.pt",
            "eval_output_dir": "artifacts/probes/intphys2/intphys2_probe_mlp_videomae_v2_vit_giant_16_224_20260426T181004Z/layer_40/train/trial_0000/val_eval",
            "output_dir": "artifacts/probes/intphys2/intphys2_probe_mlp_videomae_v2_vit_giant_16_224_20260426T181004Z/layer_40/train/trial_0000",
            "params": {
              "batch_size": 32,
              "dropout": 0.41622132040021087,
              "hidden_dims": "1024x512x1024",
              "lr": 0.0001329291894316216,
              "weight_decay": 0.005061576888752304
            },
            "trial_number": 0,
            "value": 27.450980392156865
          },
          {
            "checkpoint": "artifacts/probes/intphys2/intphys2_probe_mlp_videomae_v2_vit_giant_16_224_20260426T181004Z/layer_40/train/trial_0001/probe_best.pt",
            "eval_output_dir": "artifacts/probes/intphys2/intphys2_probe_mlp_videomae_v2_vit_giant_16_224_20260426T181004Z/layer_40/train/trial_0001/val_eval",
            "output_dir": "artifacts/probes/intphys2/intphys2_probe_mlp_videomae_v2_vit_giant_16_224_20260426T181004Z/layer_40/train/trial_0001",
            "params": {
              "batch_size": 128,
              "dropout": 0.3925879806965068,
              "hidden_dims": "512",
              "lr": 4.335281794951564e-05,
              "weight_decay": 1.2329623163659816e-07
            },
            "trial_number": 1,
            "value": 23.52941176470588
          },
          {
            "checkpoint": "artifacts/probes/intphys2/intphys2_probe_mlp_videomae_v2_vit_giant_16_224_20260426T181004Z/layer_40/train/trial_0002/probe_best.pt",
            "eval_output_dir": "artifacts/probes/intphys2/intphys2_probe_mlp_videomae_v2_vit_giant_16_224_20260426T181004Z/layer_40/train/trial_0002/val_eval",
            "output_dir": "artifacts/probes/intphys2/intphys2_probe_mlp_videomae_v2_vit_giant_16_224_20260426T181004Z/layer_40/train/trial_0002",
            "params": {
              "batch_size": 128,
              "dropout": 0.34211651325607845,
              "hidden_dims": "1024",
              "lr": 3.972110727381908e-05,
              "weight_decay": 1.217325250419405e-05
            },
            "trial_number": 2,
            "value": 25.49019607843137
          },
          {
            "checkpoint": "artifacts/probes/intphys2/intphys2_probe_mlp_videomae_v2_vit_giant_16_224_20260426T181004Z/layer_40/train/trial_0003/probe_best.pt",
            "eval_output_dir": "artifacts/probes/intphys2/intphys2_probe_mlp_videomae_v2_vit_giant_16_224_20260426T181004Z/layer_40/train/trial_0003/val_eval",
            "output_dir": "artifacts/probes/intphys2/intphys2_probe_mlp_videomae_v2_vit_giant_16_224_20260426T181004Z/layer_40/train/trial_0003",
            "params": {
              "batch_size": 128,
              "dropout": 0.3875664116805573,
              "hidden_dims": "1024x512x1024",
              "lr": 0.00020914981329035596,
              "weight_decay": 5.397956855996434e-08
            },
            "trial_number": 3,
            "value": 15.686274509803921
          },
          {
            "checkpoint": "artifacts/probes/intphys2/intphys2_probe_mlp_videomae_v2_vit_giant_16_224_20260426T181004Z/layer_40/train/trial_0004/probe_best.pt",
            "eval_output_dir": "artifacts/probes/intphys2/intphys2_probe_mlp_videomae_v2_vit_giant_16_224_20260426T181004Z/layer_40/train/trial_0004/val_eval",
            "output_dir": "artifacts/probes/intphys2/intphys2_probe_mlp_videomae_v2_vit_giant_16_224_20260426T181004Z/layer_40/train/trial_0004",
            "params": {
              "batch_size": 64,
              "dropout": 0.14046725484369038,
              "hidden_dims": "1024x512x256",
              "lr": 0.006584106160121612,
              "weight_decay": 0.002338643925620875
            },
            "trial_number": 4,
            "value": 21.568627450980394
          },
          {
            "checkpoint": "artifacts/probes/intphys2/intphys2_probe_mlp_videomae_v2_vit_giant_16_224_20260426T181004Z/layer_40/train/trial_0005/probe_best.pt",
            "eval_output_dir": "artifacts/probes/intphys2/intphys2_probe_mlp_videomae_v2_vit_giant_16_224_20260426T181004Z/layer_40/train/trial_0005/val_eval",
            "output_dir": "artifacts/probes/intphys2/intphys2_probe_mlp_videomae_v2_vit_giant_16_224_20260426T181004Z/layer_40/train/trial_0005",
            "params": {
              "batch_size": 128,
              "dropout": 0.03702232586704518,
              "hidden_dims": "1024",
              "lr": 0.00042470585622618684,
              "weight_decay": 7.007213496896406e-08
            },
            "trial_number": 5,
            "value": 33.33333333333333
          },
          {
            "checkpoint": "artifacts/probes/intphys2/intphys2_probe_mlp_videomae_v2_vit_giant_16_224_20260426T181004Z/layer_40/train/trial_0006/probe_best.pt",
            "eval_output_dir": "artifacts/probes/intphys2/intphys2_probe_mlp_videomae_v2_vit_giant_16_224_20260426T181004Z/layer_40/train/trial_0006/val_eval",
            "output_dir": "artifacts/probes/intphys2/intphys2_probe_mlp_videomae_v2_vit_giant_16_224_20260426T181004Z/layer_40/train/trial_0006",
            "params": {
              "batch_size": 32,
              "dropout": 0.05979712296915085,
              "hidden_dims": "1024x512x256",
              "lr": 0.0001189589673755355,
              "weight_decay": 4.9569479327999555e-08
            },
            "trial_number": 6,
            "value": 19.607843137254903
          },
          {
            "checkpoint": "artifacts/probes/intphys2/intphys2_probe_mlp_videomae_v2_vit_giant_16_224_20260426T181004Z/layer_40/train/trial_0007/probe_best.pt",
            "eval_output_dir": "artifacts/probes/intphys2/intphys2_probe_mlp_videomae_v2_vit_giant_16_224_20260426T181004Z/layer_40/train/trial_0007/val_eval",
            "output_dir": "artifacts/probes/intphys2/intphys2_probe_mlp_videomae_v2_vit_giant_16_224_20260426T181004Z/layer_40/train/trial_0007",
            "params": {
              "batch_size": 64,
              "dropout": 0.2542853455823514,
              "hidden_dims": "1024x512x256",
              "lr": 0.0013795402040204172,
              "weight_decay": 0.00036703737625293887
            },
            "trial_number": 7,
            "value": 29.411764705882355
          },
          {
            "checkpoint": "artifacts/probes/intphys2/intphys2_probe_mlp_videomae_v2_vit_giant_16_224_20260426T181004Z/layer_40/train/trial_0008/probe_best.pt",
            "eval_output_dir": "artifacts/probes/intphys2/intphys2_probe_mlp_videomae_v2_vit_giant_16_224_20260426T181004Z/layer_40/train/trial_0008/val_eval",
            "output_dir": "artifacts/probes/intphys2/intphys2_probe_mlp_videomae_v2_vit_giant_16_224_20260426T181004Z/layer_40/train/trial_0008",
            "params": {
              "batch_size": 64,
              "dropout": 0.40183603844955723,
              "hidden_dims": "1024",
              "lr": 0.005280796376895365,
              "weight_decay": 3.1315069138816194e-07
            },
            "trial_number": 8,
            "value": 33.33333333333333
          },
          {
            "checkpoint": "artifacts/probes/intphys2/intphys2_probe_mlp_videomae_v2_vit_giant_16_224_20260426T181004Z/layer_40/train/trial_0009/probe_best.pt",
            "eval_output_dir": "artifacts/probes/intphys2/intphys2_probe_mlp_videomae_v2_vit_giant_16_224_20260426T181004Z/layer_40/train/trial_0009/val_eval",
            "output_dir": "artifacts/probes/intphys2/intphys2_probe_mlp_videomae_v2_vit_giant_16_224_20260426T181004Z/layer_40/train/trial_0009",
            "params": {
              "batch_size": 128,
              "dropout": 0.25537365128878287,
              "hidden_dims": "1024x512x256",
              "lr": 3.6283583803549155e-05,
              "weight_decay": 0.0022664909586669274
            },
            "trial_number": 9,
            "value": 19.607843137254903
          },
          {
            "checkpoint": "artifacts/probes/intphys2/intphys2_probe_mlp_videomae_v2_vit_giant_16_224_20260426T181004Z/layer_40/train/trial_0010/probe_best.pt",
            "eval_output_dir": "artifacts/probes/intphys2/intphys2_probe_mlp_videomae_v2_vit_giant_16_224_20260426T181004Z/layer_40/train/trial_0010/val_eval",
            "output_dir": "artifacts/probes/intphys2/intphys2_probe_mlp_videomae_v2_vit_giant_16_224_20260426T181004Z/layer_40/train/trial_0010",
            "params": {
              "batch_size": 256,
              "dropout": 0.007282691609049624,
              "hidden_dims": "256",
              "lr": 0.0008773073596509901,
              "weight_decay": 2.2606793572513475e-06
            },
            "trial_number": 10,
            "value": 29.411764705882355
          },
          {
            "checkpoint": "artifacts/probes/intphys2/intphys2_probe_mlp_videomae_v2_vit_giant_16_224_20260426T181004Z/layer_40/train/trial_0011/probe_best.pt",
            "eval_output_dir": "artifacts/probes/intphys2/intphys2_probe_mlp_videomae_v2_vit_giant_16_224_20260426T181004Z/layer_40/train/trial_0011/val_eval",
            "output_dir": "artifacts/probes/intphys2/intphys2_probe_mlp_videomae_v2_vit_giant_16_224_20260426T181004Z/layer_40/train/trial_0011",
            "params": {
              "batch_size": 64,
              "dropout": 0.4975804877189524,
              "hidden_dims": "1024",
              "lr": 0.005284384205738849,
              "weight_decay": 1.0433040026593276e-06
            },
            "trial_number": 11,
            "value": 27.450980392156865
          },
          {
            "checkpoint": "artifacts/probes/intphys2/intphys2_probe_mlp_videomae_v2_vit_giant_16_224_20260426T181004Z/layer_40/train/trial_0012/probe_best.pt",
            "eval_output_dir": "artifacts/probes/intphys2/intphys2_probe_mlp_videomae_v2_vit_giant_16_224_20260426T181004Z/layer_40/train/trial_0012/val_eval",
            "output_dir": "artifacts/probes/intphys2/intphys2_probe_mlp_videomae_v2_vit_giant_16_224_20260426T181004Z/layer_40/train/trial_0012",
            "params": {
              "batch_size": 256,
              "dropout": 0.16505332347790438,
              "hidden_dims": "512x256",
              "lr": 0.0012581055819649498,
              "weight_decay": 1.1100410269046877e-08
            },
            "trial_number": 12,
            "value": 29.411764705882355
          },
          {
            "checkpoint": "artifacts/probes/intphys2/intphys2_probe_mlp_videomae_v2_vit_giant_16_224_20260426T181004Z/layer_40/train/trial_0013/probe_best.pt",
            "eval_output_dir": "artifacts/probes/intphys2/intphys2_probe_mlp_videomae_v2_vit_giant_16_224_20260426T181004Z/layer_40/train/trial_0013/val_eval",
            "output_dir": "artifacts/probes/intphys2/intphys2_probe_mlp_videomae_v2_vit_giant_16_224_20260426T181004Z/layer_40/train/trial_0013",
            "params": {
              "batch_size": 64,
              "dropout": 0.13365817765415583,
              "hidden_dims": "1024",
              "lr": 0.0005452156242147514,
              "weight_decay": 6.544487515948525e-07
            },
            "trial_number": 13,
            "value": 33.33333333333333
          },
          {
            "checkpoint": "artifacts/probes/intphys2/intphys2_probe_mlp_videomae_v2_vit_giant_16_224_20260426T181004Z/layer_40/train/trial_0014/probe_best.pt",
            "eval_output_dir": "artifacts/probes/intphys2/intphys2_probe_mlp_videomae_v2_vit_giant_16_224_20260426T181004Z/layer_40/train/trial_0014/val_eval",
            "output_dir": "artifacts/probes/intphys2/intphys2_probe_mlp_videomae_v2_vit_giant_16_224_20260426T181004Z/layer_40/train/trial_0014",
            "params": {
              "batch_size": 128,
              "dropout": 0.3138214726279749,
              "hidden_dims": "1024",
              "lr": 0.002741480893553566,
              "weight_decay": 2.5620933389015227e-05
            },
            "trial_number": 14,
            "value": 31.372549019607842
          },
          {
            "checkpoint": "artifacts/probes/intphys2/intphys2_probe_mlp_videomae_v2_vit_giant_16_224_20260426T181004Z/layer_40/train/trial_0015/probe_best.pt",
            "eval_output_dir": "artifacts/probes/intphys2/intphys2_probe_mlp_videomae_v2_vit_giant_16_224_20260426T181004Z/layer_40/train/trial_0015/val_eval",
            "output_dir": "artifacts/probes/intphys2/intphys2_probe_mlp_videomae_v2_vit_giant_16_224_20260426T181004Z/layer_40/train/trial_0015",
            "params": {
              "batch_size": 64,
              "dropout": 0.4741199884881519,
              "hidden_dims": "1024",
              "lr": 1.2611236054600708e-05,
              "weight_decay": 2.9439079458932847e-07
            },
            "trial_number": 15,
            "value": 17.647058823529413
          },
          {
            "checkpoint": "artifacts/probes/intphys2/intphys2_probe_mlp_videomae_v2_vit_giant_16_224_20260426T181004Z/layer_40/train/trial_0016/probe_best.pt",
            "eval_output_dir": "artifacts/probes/intphys2/intphys2_probe_mlp_videomae_v2_vit_giant_16_224_20260426T181004Z/layer_40/train/trial_0016/val_eval",
            "output_dir": "artifacts/probes/intphys2/intphys2_probe_mlp_videomae_v2_vit_giant_16_224_20260426T181004Z/layer_40/train/trial_0016",
            "params": {
              "batch_size": 32,
              "dropout": 0.20047798484102197,
              "hidden_dims": "512x256",
              "lr": 0.009956055660659066,
              "weight_decay": 1.0932281871670434e-08
            },
            "trial_number": 16,
            "value": 25.49019607843137
          },
          {
            "checkpoint": "artifacts/probes/intphys2/intphys2_probe_mlp_videomae_v2_vit_giant_16_224_20260426T181004Z/layer_40/train/trial_0017/probe_best.pt",
            "eval_output_dir": "artifacts/probes/intphys2/intphys2_probe_mlp_videomae_v2_vit_giant_16_224_20260426T181004Z/layer_40/train/trial_0017/val_eval",
            "output_dir": "artifacts/probes/intphys2/intphys2_probe_mlp_videomae_v2_vit_giant_16_224_20260426T181004Z/layer_40/train/trial_0017",
            "params": {
              "batch_size": 256,
              "dropout": 0.09117091642950312,
              "hidden_dims": "512",
              "lr": 0.0025575436122369033,
              "weight_decay": 4.731348849756487e-06
            },
            "trial_number": 17,
            "value": 33.33333333333333
          },
          {
            "checkpoint": "artifacts/probes/intphys2/intphys2_probe_mlp_videomae_v2_vit_giant_16_224_20260426T181004Z/layer_40/train/trial_0018/probe_best.pt",
            "eval_output_dir": "artifacts/probes/intphys2/intphys2_probe_mlp_videomae_v2_vit_giant_16_224_20260426T181004Z/layer_40/train/trial_0018/val_eval",
            "output_dir": "artifacts/probes/intphys2/intphys2_probe_mlp_videomae_v2_vit_giant_16_224_20260426T181004Z/layer_40/train/trial_0018",
            "params": {
              "batch_size": 128,
              "dropout": 0.3077532502678646,
              "hidden_dims": "256",
              "lr": 0.0004140580647626695,
              "weight_decay": 8.079185621006249e-05
            },
            "trial_number": 18,
            "value": 29.411764705882355
          },
          {
            "checkpoint": "artifacts/probes/intphys2/intphys2_probe_mlp_videomae_v2_vit_giant_16_224_20260426T181004Z/layer_40/train/trial_0019/probe_best.pt",
            "eval_output_dir": "artifacts/probes/intphys2/intphys2_probe_mlp_videomae_v2_vit_giant_16_224_20260426T181004Z/layer_40/train/trial_0019/val_eval",
            "output_dir": "artifacts/probes/intphys2/intphys2_probe_mlp_videomae_v2_vit_giant_16_224_20260426T181004Z/layer_40/train/trial_0019",
            "params": {
              "batch_size": 64,
              "dropout": 0.20432613759572535,
              "hidden_dims": "1024",
              "lr": 0.002920879065522804,
              "weight_decay": 1.4431608979637393e-07
            },
            "trial_number": 19,
            "value": 35.294117647058826
          }
        ]
      }
    }
  ],
  "model_selection_split": "val",
  "probe_name": "mlp",
  "reported_splits": [
    "train",
    "val",
    "test"
  ],
  "requested_layers": [
    10,
    20,
    30,
    40
  ],
  "split_name": "test",
  "sweep_dir": "artifacts/probes/intphys2/intphys2_probe_mlp_videomae_v2_vit_giant_16_224_20260426T181004Z",
  "train_split": "train"
}
JOB_END_UTC=2026-04-26T18:21:45Z
JOB_ELAPSED_SECONDS=705
