============================================================================================== 
Warning! Mixing Conda and module environments may lead to corruption of the
user environment. 
We do not recommend users mixing those two environments unless absolutely
necessary. Note that 
SURF does not provide any support for Conda environment.
For more information, please refer to our software policy page:
https://servicedesk.surf.nl/wiki/display/WIKI/Software+policy+Snellius#SoftwarepolicySnellius-UseofAnacondaandMinicondaenvironmentsonSnellius 

Remember that many packages have already been installed on the system and can
be loaded using 
the 'module load <package__name>' command. If you are uncertain if a package is
already available 
on the system, please use 'module avail' or 'module spider' to search for it.
============================================================================================== 
[I 2026-05-10 15:37:22,821] A new study created in RDB with name: mvp_mlp_ltx_video_layer_noise_1.0_block_24
[eval.mvp] Starting eval | split_name=val split_dir=data/splits/mvp/full_60_20_20 predictor_mode=from_file annotation_file=data/annotations/mvp_full.jsonl
[eval.mvp] Loaded split assignments | split_pairs=989 split_samples=1978
[eval.mvp] Prepared samples | n_pairs_before_trim=989 n_samples_before_trim=1978 n_pairs_after_trim=989 n_samples_after_trim=1978 max_pairs=0
[eval.mvp] Generated predictions | n_predictions=1978
[eval.mvp] Scoring complete | accuracy=50.0000 pair_consistency=0.0000 n_pairs=989 n_samples=1978
[eval.mvp] Artifacts written | output_dir=artifacts/probes/mvp/mvp_probe_mlp_ltx_video_ltxv_13b_0_9_8_distilled_20260510T133721Z/layer_noise_1.0_block_24/train/trial_0000/val_eval
[I 2026-05-10 15:53:30,360] Trial 0 finished with value: 0.0 and parameters: {'lr': 0.0001329291894316216, 'weight_decay': 0.005061576888752304, 'batch_size': 32, 'epochs': 2000, 'hidden_dims': '256', 'dropout': 0.21597250932105788}. Best is trial 0 with value: 0.0.
[eval.mvp] Starting eval | split_name=val split_dir=data/splits/mvp/full_60_20_20 predictor_mode=from_file annotation_file=data/annotations/mvp_full.jsonl
[eval.mvp] Loaded split assignments | split_pairs=989 split_samples=1978
[eval.mvp] Prepared samples | n_pairs_before_trim=989 n_samples_before_trim=1978 n_pairs_after_trim=989 n_samples_after_trim=1978 max_pairs=0
[eval.mvp] Generated predictions | n_predictions=1978
[eval.mvp] Scoring complete | accuracy=50.0000 pair_consistency=0.0000 n_pairs=989 n_samples=1978
[eval.mvp] Artifacts written | output_dir=artifacts/probes/mvp/mvp_probe_mlp_ltx_video_ltxv_13b_0_9_8_distilled_20260510T133721Z/layer_noise_1.0_block_24/train/trial_0001/val_eval
[I 2026-05-10 15:53:44,587] Trial 1 finished with value: 0.0 and parameters: {'lr': 7.476312062252303e-05, 'weight_decay': 4.689400963537693e-05, 'batch_size': 256, 'epochs': 20, 'hidden_dims': '512x256', 'dropout': 0.048836057003191935}. Best is trial 0 with value: 0.0.
[eval.mvp] Starting eval | split_name=val split_dir=data/splits/mvp/full_60_20_20 predictor_mode=from_file annotation_file=data/annotations/mvp_full.jsonl
[eval.mvp] Loaded split assignments | split_pairs=989 split_samples=1978
[eval.mvp] Prepared samples | n_pairs_before_trim=989 n_samples_before_trim=1978 n_pairs_after_trim=989 n_samples_after_trim=1978 max_pairs=0
[eval.mvp] Generated predictions | n_predictions=1978
[eval.mvp] Scoring complete | accuracy=50.0000 pair_consistency=0.0000 n_pairs=989 n_samples=1978
[eval.mvp] Artifacts written | output_dir=artifacts/probes/mvp/mvp_probe_mlp_ltx_video_ltxv_13b_0_9_8_distilled_20260510T133721Z/layer_noise_1.0_block_24/train/trial_0002/val_eval
[I 2026-05-10 15:54:02,686] Trial 2 finished with value: 0.0 and parameters: {'lr': 0.0011290133559092666, 'weight_decay': 4.374364439939069e-06, 'batch_size': 256, 'epochs': 50, 'hidden_dims': '256', 'dropout': 0.04424625102595975}. Best is trial 0 with value: 0.0.
[eval.mvp] Starting eval | split_name=val split_dir=data/splits/mvp/full_60_20_20 predictor_mode=from_file annotation_file=data/annotations/mvp_full.jsonl
[eval.mvp] Loaded split assignments | split_pairs=989 split_samples=1978
[eval.mvp] Prepared samples | n_pairs_before_trim=989 n_samples_before_trim=1978 n_pairs_after_trim=989 n_samples_after_trim=1978 max_pairs=0
[eval.mvp] Generated predictions | n_predictions=1978
[eval.mvp] Scoring complete | accuracy=50.0000 pair_consistency=0.0000 n_pairs=989 n_samples=1978
[eval.mvp] Artifacts written | output_dir=artifacts/probes/mvp/mvp_probe_mlp_ltx_video_ltxv_13b_0_9_8_distilled_20260510T133721Z/layer_noise_1.0_block_24/train/trial_0003/val_eval
[I 2026-05-10 15:57:15,177] Trial 3 finished with value: 0.0 and parameters: {'lr': 3.872118032174584e-05, 'weight_decay': 1.8679434894556277e-08, 'batch_size': 256, 'epochs': 1000, 'hidden_dims': '256', 'dropout': 0.36450358402049365}. Best is trial 0 with value: 0.0.
[eval.mvp] Starting eval | split_name=val split_dir=data/splits/mvp/full_60_20_20 predictor_mode=from_file annotation_file=data/annotations/mvp_full.jsonl
[eval.mvp] Loaded split assignments | split_pairs=989 split_samples=1978
[eval.mvp] Prepared samples | n_pairs_before_trim=989 n_samples_before_trim=1978 n_pairs_after_trim=989 n_samples_after_trim=1978 max_pairs=0
[eval.mvp] Generated predictions | n_predictions=1978
[eval.mvp] Scoring complete | accuracy=50.0000 pair_consistency=0.0000 n_pairs=989 n_samples=1978
[eval.mvp] Artifacts written | output_dir=artifacts/probes/mvp/mvp_probe_mlp_ltx_video_ltxv_13b_0_9_8_distilled_20260510T133721Z/layer_noise_1.0_block_24/train/trial_0004/val_eval
[I 2026-05-10 16:01:09,256] Trial 4 finished with value: 0.0 and parameters: {'lr': 0.0020597335357437196, 'weight_decay': 2.781428564375744e-08, 'batch_size': 128, 'epochs': 1000, 'hidden_dims': '256', 'dropout': 0.3854835899772805}. Best is trial 0 with value: 0.0.
[eval.mvp] Starting eval | split_name=val split_dir=data/splits/mvp/full_60_20_20 predictor_mode=from_file annotation_file=data/annotations/mvp_full.jsonl
[eval.mvp] Loaded split assignments | split_pairs=989 split_samples=1978
[eval.mvp] Prepared samples | n_pairs_before_trim=989 n_samples_before_trim=1978 n_pairs_after_trim=989 n_samples_after_trim=1978 max_pairs=0
[eval.mvp] Generated predictions | n_predictions=1978
[eval.mvp] Scoring complete | accuracy=50.0000 pair_consistency=0.0000 n_pairs=989 n_samples=1978
[eval.mvp] Artifacts written | output_dir=artifacts/probes/mvp/mvp_probe_mlp_ltx_video_ltxv_13b_0_9_8_distilled_20260510T133721Z/layer_noise_1.0_block_24/train/trial_0005/val_eval
[I 2026-05-10 16:15:52,535] Trial 5 finished with value: 0.0 and parameters: {'lr': 0.00030296104428212476, 'weight_decay': 1.3689795993592185e-05, 'batch_size': 32, 'epochs': 500, 'hidden_dims': '1024x512x1024', 'dropout': 0.4040601897822085}. Best is trial 0 with value: 0.0.
[eval.mvp] Starting eval | split_name=val split_dir=data/splits/mvp/full_60_20_20 predictor_mode=from_file annotation_file=data/annotations/mvp_full.jsonl
[eval.mvp] Loaded split assignments | split_pairs=989 split_samples=1978
[eval.mvp] Prepared samples | n_pairs_before_trim=989 n_samples_before_trim=1978 n_pairs_after_trim=989 n_samples_after_trim=1978 max_pairs=0
[eval.mvp] Generated predictions | n_predictions=1978
[eval.mvp] Scoring complete | accuracy=50.0000 pair_consistency=0.0000 n_pairs=989 n_samples=1978
[eval.mvp] Artifacts written | output_dir=artifacts/probes/mvp/mvp_probe_mlp_ltx_video_ltxv_13b_0_9_8_distilled_20260510T133721Z/layer_noise_1.0_block_24/train/trial_0006/val_eval
[I 2026-05-10 16:16:25,659] Trial 6 finished with value: 0.0 and parameters: {'lr': 0.000794714742465374, 'weight_decay': 0.0016934155410667966, 'batch_size': 128, 'epochs': 50, 'hidden_dims': '512', 'dropout': 0.0599326836668414}. Best is trial 0 with value: 0.0.
[eval.mvp] Starting eval | split_name=val split_dir=data/splits/mvp/full_60_20_20 predictor_mode=from_file annotation_file=data/annotations/mvp_full.jsonl
[eval.mvp] Loaded split assignments | split_pairs=989 split_samples=1978
[eval.mvp] Prepared samples | n_pairs_before_trim=989 n_samples_before_trim=1978 n_pairs_after_trim=989 n_samples_after_trim=1978 max_pairs=0
[eval.mvp] Generated predictions | n_predictions=1978
[eval.mvp] Scoring complete | accuracy=50.0000 pair_consistency=0.0000 n_pairs=989 n_samples=1978
[eval.mvp] Artifacts written | output_dir=artifacts/probes/mvp/mvp_probe_mlp_ltx_video_ltxv_13b_0_9_8_distilled_20260510T133721Z/layer_noise_1.0_block_24/train/trial_0007/val_eval
[I 2026-05-10 16:16:54,288] Trial 7 finished with value: 0.0 and parameters: {'lr': 0.00010300196600986775, 'weight_decay': 0.0045442082254883295, 'batch_size': 128, 'epochs': 20, 'hidden_dims': '1024x512x1024', 'dropout': 0.11978094533348621}. Best is trial 0 with value: 0.0.
[eval.mvp] Starting eval | split_name=val split_dir=data/splits/mvp/full_60_20_20 predictor_mode=from_file annotation_file=data/annotations/mvp_full.jsonl
[eval.mvp] Loaded split assignments | split_pairs=989 split_samples=1978
[eval.mvp] Prepared samples | n_pairs_before_trim=989 n_samples_before_trim=1978 n_pairs_after_trim=989 n_samples_after_trim=1978 max_pairs=0
[eval.mvp] Generated predictions | n_predictions=1978
[eval.mvp] Scoring complete | accuracy=50.0000 pair_consistency=0.0000 n_pairs=989 n_samples=1978
[eval.mvp] Artifacts written | output_dir=artifacts/probes/mvp/mvp_probe_mlp_ltx_video_ltxv_13b_0_9_8_distilled_20260510T133721Z/layer_noise_1.0_block_24/train/trial_0008/val_eval
[I 2026-05-10 16:17:46,608] Trial 8 finished with value: 0.0 and parameters: {'lr': 2.7207248059486674e-05, 'weight_decay': 8.64403589520682e-06, 'batch_size': 32, 'epochs': 50, 'hidden_dims': '512', 'dropout': 0.3387821809211412}. Best is trial 0 with value: 0.0.
[eval.mvp] Starting eval | split_name=val split_dir=data/splits/mvp/full_60_20_20 predictor_mode=from_file annotation_file=data/annotations/mvp_full.jsonl
[eval.mvp] Loaded split assignments | split_pairs=989 split_samples=1978
[eval.mvp] Prepared samples | n_pairs_before_trim=989 n_samples_before_trim=1978 n_pairs_after_trim=989 n_samples_after_trim=1978 max_pairs=0
[eval.mvp] Generated predictions | n_predictions=1978
[eval.mvp] Scoring complete | accuracy=50.0000 pair_consistency=0.0000 n_pairs=989 n_samples=1978
[eval.mvp] Artifacts written | output_dir=artifacts/probes/mvp/mvp_probe_mlp_ltx_video_ltxv_13b_0_9_8_distilled_20260510T133721Z/layer_noise_1.0_block_24/train/trial_0009/val_eval
[I 2026-05-10 16:18:10,445] Trial 9 finished with value: 0.0 and parameters: {'lr': 1.1214075785991125e-05, 'weight_decay': 1.1818390883060214e-05, 'batch_size': 256, 'epochs': 50, 'hidden_dims': '256', 'dropout': 0.12092614545022584}. Best is trial 0 with value: 0.0.
[eval.mvp] Starting eval | split_name=val split_dir=data/splits/mvp/full_60_20_20 predictor_mode=from_file annotation_file=data/annotations/mvp_full.jsonl
[eval.mvp] Loaded split assignments | split_pairs=989 split_samples=1978
[eval.mvp] Prepared samples | n_pairs_before_trim=989 n_samples_before_trim=1978 n_pairs_after_trim=989 n_samples_after_trim=1978 max_pairs=0
[eval.mvp] Generated predictions | n_predictions=1978
[eval.mvp] Scoring complete | accuracy=50.0000 pair_consistency=0.0000 n_pairs=989 n_samples=1978
[eval.mvp] Artifacts written | output_dir=artifacts/probes/mvp/mvp_probe_mlp_ltx_video_ltxv_13b_0_9_8_distilled_20260510T133721Z/layer_noise_1.0_block_24/train/trial_0010/val_eval
[I 2026-05-10 16:51:39,148] Trial 10 finished with value: 0.0 and parameters: {'lr': 0.006845570267272932, 'weight_decay': 0.00037892283271019823, 'batch_size': 64, 'epochs': 2000, 'hidden_dims': '1024x512x256', 'dropout': 0.2312029776945603}. Best is trial 0 with value: 0.0.
[eval.mvp] Starting eval | split_name=val split_dir=data/splits/mvp/full_60_20_20 predictor_mode=from_file annotation_file=data/annotations/mvp_full.jsonl
[eval.mvp] Loaded split assignments | split_pairs=989 split_samples=1978
[eval.mvp] Prepared samples | n_pairs_before_trim=989 n_samples_before_trim=1978 n_pairs_after_trim=989 n_samples_after_trim=1978 max_pairs=0
[eval.mvp] Generated predictions | n_predictions=1978
[eval.mvp] Scoring complete | accuracy=50.0000 pair_consistency=0.0000 n_pairs=989 n_samples=1978
[eval.mvp] Artifacts written | output_dir=artifacts/probes/mvp/mvp_probe_mlp_ltx_video_ltxv_13b_0_9_8_distilled_20260510T133721Z/layer_noise_1.0_block_24/train/trial_0011/val_eval
[I 2026-05-10 16:52:08,619] Trial 11 finished with value: 0.0 and parameters: {'lr': 0.0001507761241861534, 'weight_decay': 0.0001952636185461836, 'batch_size': 32, 'epochs': 20, 'hidden_dims': '512x256', 'dropout': 0.23223351992491975}. Best is trial 0 with value: 0.0.
[eval.mvp] Starting eval | split_name=val split_dir=data/splits/mvp/full_60_20_20 predictor_mode=from_file annotation_file=data/annotations/mvp_full.jsonl
[eval.mvp] Loaded split assignments | split_pairs=989 split_samples=1978
[eval.mvp] Prepared samples | n_pairs_before_trim=989 n_samples_before_trim=1978 n_pairs_after_trim=989 n_samples_after_trim=1978 max_pairs=0
[eval.mvp] Generated predictions | n_predictions=1978
[eval.mvp] Scoring complete | accuracy=50.0000 pair_consistency=0.0000 n_pairs=989 n_samples=1978
[eval.mvp] Artifacts written | output_dir=artifacts/probes/mvp/mvp_probe_mlp_ltx_video_ltxv_13b_0_9_8_distilled_20260510T133721Z/layer_noise_1.0_block_24/train/trial_0012/val_eval
[I 2026-05-10 17:10:32,350] Trial 12 finished with value: 0.0 and parameters: {'lr': 7.203821205189766e-05, 'weight_decay': 5.668012417261051e-07, 'batch_size': 64, 'epochs': 2000, 'hidden_dims': '512x256', 'dropout': 0.4750490740265187}. Best is trial 0 with value: 0.0.
[eval.mvp] Starting eval | split_name=val split_dir=data/splits/mvp/full_60_20_20 predictor_mode=from_file annotation_file=data/annotations/mvp_full.jsonl
[eval.mvp] Loaded split assignments | split_pairs=989 split_samples=1978
[eval.mvp] Prepared samples | n_pairs_before_trim=989 n_samples_before_trim=1978 n_pairs_after_trim=989 n_samples_after_trim=1978 max_pairs=0
[eval.mvp] Generated predictions | n_predictions=1978
[eval.mvp] Scoring complete | accuracy=50.0000 pair_consistency=0.0000 n_pairs=989 n_samples=1978
[eval.mvp] Artifacts written | output_dir=artifacts/probes/mvp/mvp_probe_mlp_ltx_video_ltxv_13b_0_9_8_distilled_20260510T133721Z/layer_noise_1.0_block_24/train/trial_0013/val_eval
[I 2026-05-10 17:11:21,151] Trial 13 finished with value: 0.0 and parameters: {'lr': 0.0003961817591154835, 'weight_decay': 0.00014128462010415776, 'batch_size': 256, 'epochs': 100, 'hidden_dims': '1024', 'dropout': 0.16015259254014208}. Best is trial 0 with value: 0.0.
[eval.mvp] Starting eval | split_name=val split_dir=data/splits/mvp/full_60_20_20 predictor_mode=from_file annotation_file=data/annotations/mvp_full.jsonl
[eval.mvp] Loaded split assignments | split_pairs=989 split_samples=1978
[eval.mvp] Prepared samples | n_pairs_before_trim=989 n_samples_before_trim=1978 n_pairs_after_trim=989 n_samples_after_trim=1978 max_pairs=0
[eval.mvp] Generated predictions | n_predictions=1978
[eval.mvp] Scoring complete | accuracy=50.0000 pair_consistency=0.0000 n_pairs=989 n_samples=1978
[eval.mvp] Artifacts written | output_dir=artifacts/probes/mvp/mvp_probe_mlp_ltx_video_ltxv_13b_0_9_8_distilled_20260510T133721Z/layer_noise_1.0_block_24/train/trial_0014/val_eval
[I 2026-05-10 17:40:17,481] Trial 14 finished with value: 0.0 and parameters: {'lr': 0.0002092430331581472, 'weight_decay': 0.0074583969888723615, 'batch_size': 32, 'epochs': 2000, 'hidden_dims': '512x256', 'dropout': 0.004025636918016162}. Best is trial 0 with value: 0.0.
[eval.mvp] Starting eval | split_name=val split_dir=data/splits/mvp/full_60_20_20 predictor_mode=from_file annotation_file=data/annotations/mvp_full.jsonl
[eval.mvp] Loaded split assignments | split_pairs=989 split_samples=1978
[eval.mvp] Prepared samples | n_pairs_before_trim=989 n_samples_before_trim=1978 n_pairs_after_trim=989 n_samples_after_trim=1978 max_pairs=0
[eval.mvp] Generated predictions | n_predictions=1978
[eval.mvp] Scoring complete | accuracy=50.0000 pair_consistency=0.0000 n_pairs=989 n_samples=1978
[eval.mvp] Artifacts written | output_dir=artifacts/probes/mvp/mvp_probe_mlp_ltx_video_ltxv_13b_0_9_8_distilled_20260510T133721Z/layer_noise_1.0_block_24/train/trial_0015/val_eval
[I 2026-05-10 17:40:35,497] Trial 15 finished with value: 0.0 and parameters: {'lr': 4.9637104669171204e-05, 'weight_decay': 4.78570419845307e-07, 'batch_size': 256, 'epochs': 20, 'hidden_dims': '1024', 'dropout': 0.30072403876432674}. Best is trial 0 with value: 0.0.
[eval.mvp] Starting eval | split_name=val split_dir=data/splits/mvp/full_60_20_20 predictor_mode=from_file annotation_file=data/annotations/mvp_full.jsonl
[eval.mvp] Loaded split assignments | split_pairs=989 split_samples=1978
[eval.mvp] Prepared samples | n_pairs_before_trim=989 n_samples_before_trim=1978 n_pairs_after_trim=989 n_samples_after_trim=1978 max_pairs=0
[eval.mvp] Generated predictions | n_predictions=1978
[eval.mvp] Scoring complete | accuracy=50.0000 pair_consistency=0.0000 n_pairs=989 n_samples=1978
[eval.mvp] Artifacts written | output_dir=artifacts/probes/mvp/mvp_probe_mlp_ltx_video_ltxv_13b_0_9_8_distilled_20260510T133721Z/layer_noise_1.0_block_24/train/trial_0016/val_eval
[I 2026-05-10 17:43:26,988] Trial 16 finished with value: 0.0 and parameters: {'lr': 1.8341349739604664e-05, 'weight_decay': 0.0008270437502580537, 'batch_size': 32, 'epochs': 100, 'hidden_dims': '1024x512x256', 'dropout': 0.16591704146800457}. Best is trial 0 with value: 0.0.
[eval.mvp] Starting eval | split_name=val split_dir=data/splits/mvp/full_60_20_20 predictor_mode=from_file annotation_file=data/annotations/mvp_full.jsonl
[eval.mvp] Loaded split assignments | split_pairs=989 split_samples=1978
[eval.mvp] Prepared samples | n_pairs_before_trim=989 n_samples_before_trim=1978 n_pairs_after_trim=989 n_samples_after_trim=1978 max_pairs=0
[eval.mvp] Generated predictions | n_predictions=1978
[eval.mvp] Scoring complete | accuracy=50.0000 pair_consistency=0.0000 n_pairs=989 n_samples=1978
[eval.mvp] Artifacts written | output_dir=artifacts/probes/mvp/mvp_probe_mlp_ltx_video_ltxv_13b_0_9_8_distilled_20260510T133721Z/layer_noise_1.0_block_24/train/trial_0017/val_eval
[I 2026-05-10 17:47:59,061] Trial 17 finished with value: 0.0 and parameters: {'lr': 0.0005099960310593632, 'weight_decay': 5.987455150398197e-05, 'batch_size': 64, 'epochs': 500, 'hidden_dims': '512x256', 'dropout': 0.16609879452672588}. Best is trial 0 with value: 0.0.
[eval.mvp] Starting eval | split_name=val split_dir=data/splits/mvp/full_60_20_20 predictor_mode=from_file annotation_file=data/annotations/mvp_full.jsonl
[eval.mvp] Loaded split assignments | split_pairs=989 split_samples=1978
[eval.mvp] Prepared samples | n_pairs_before_trim=989 n_samples_before_trim=1978 n_pairs_after_trim=989 n_samples_after_trim=1978 max_pairs=0
[eval.mvp] Generated predictions | n_predictions=1978
[eval.mvp] Scoring complete | accuracy=50.0000 pair_consistency=0.0000 n_pairs=989 n_samples=1978
[eval.mvp] Artifacts written | output_dir=artifacts/probes/mvp/mvp_probe_mlp_ltx_video_ltxv_13b_0_9_8_distilled_20260510T133721Z/layer_noise_1.0_block_24/train/trial_0018/val_eval
[I 2026-05-10 17:57:47,983] Trial 18 finished with value: 0.0 and parameters: {'lr': 0.00010950675105959596, 'weight_decay': 1.285671298605995e-06, 'batch_size': 256, 'epochs': 2000, 'hidden_dims': '512x256', 'dropout': 0.27910334106487344}. Best is trial 0 with value: 0.0.
[eval.mvp] Starting eval | split_name=val split_dir=data/splits/mvp/full_60_20_20 predictor_mode=from_file annotation_file=data/annotations/mvp_full.jsonl
[eval.mvp] Loaded split assignments | split_pairs=989 split_samples=1978
[eval.mvp] Prepared samples | n_pairs_before_trim=989 n_samples_before_trim=1978 n_pairs_after_trim=989 n_samples_after_trim=1978 max_pairs=0
[eval.mvp] Generated predictions | n_predictions=1978
[eval.mvp] Scoring complete | accuracy=50.0000 pair_consistency=0.0000 n_pairs=989 n_samples=1978
[eval.mvp] Artifacts written | output_dir=artifacts/probes/mvp/mvp_probe_mlp_ltx_video_ltxv_13b_0_9_8_distilled_20260510T133721Z/layer_noise_1.0_block_24/train/trial_0019/val_eval
[I 2026-05-10 17:58:12,144] Trial 19 finished with value: 0.0 and parameters: {'lr': 0.0027623800704545468, 'weight_decay': 5.444458216778845e-05, 'batch_size': 32, 'epochs': 20, 'hidden_dims': '256', 'dropout': 0.09151650142522019}. Best is trial 0 with value: 0.0.
[eval.mvp] Starting eval | split_name=train split_dir=data/splits/mvp/full_60_20_20 predictor_mode=from_file annotation_file=data/annotations/mvp_full.jsonl
[eval.mvp] Loaded split assignments | split_pairs=2965 split_samples=5930
[eval.mvp] Prepared samples | n_pairs_before_trim=2965 n_samples_before_trim=5930 n_pairs_after_trim=2965 n_samples_after_trim=5930 max_pairs=0
[eval.mvp] Generated predictions | n_predictions=5930
[eval.mvp] Scoring complete | accuracy=50.0000 pair_consistency=0.0000 n_pairs=2965 n_samples=5930
[eval.mvp] Artifacts written | output_dir=artifacts/probes/mvp/mvp_probe_mlp_ltx_video_ltxv_13b_0_9_8_distilled_20260510T133721Z/layer_noise_1.0_block_24/eval/train
[eval.mvp] Starting eval | split_name=val split_dir=data/splits/mvp/full_60_20_20 predictor_mode=from_file annotation_file=data/annotations/mvp_full.jsonl
[eval.mvp] Loaded split assignments | split_pairs=989 split_samples=1978
[eval.mvp] Prepared samples | n_pairs_before_trim=989 n_samples_before_trim=1978 n_pairs_after_trim=989 n_samples_after_trim=1978 max_pairs=0
[eval.mvp] Generated predictions | n_predictions=1978
[eval.mvp] Scoring complete | accuracy=50.0000 pair_consistency=0.0000 n_pairs=989 n_samples=1978
[eval.mvp] Artifacts written | output_dir=artifacts/probes/mvp/mvp_probe_mlp_ltx_video_ltxv_13b_0_9_8_distilled_20260510T133721Z/layer_noise_1.0_block_24/eval/val
[eval.mvp] Starting eval | split_name=test split_dir=data/splits/mvp/full_60_20_20 predictor_mode=from_file annotation_file=data/annotations/mvp_full.jsonl
[eval.mvp] Loaded split assignments | split_pairs=989 split_samples=1978
[eval.mvp] Prepared samples | n_pairs_before_trim=989 n_samples_before_trim=1978 n_pairs_after_trim=989 n_samples_after_trim=1978 max_pairs=0
[eval.mvp] Generated predictions | n_predictions=1978
[eval.mvp] Scoring complete | accuracy=50.0000 pair_consistency=0.0000 n_pairs=989 n_samples=1978
[eval.mvp] Artifacts written | output_dir=artifacts/probes/mvp/mvp_probe_mlp_ltx_video_ltxv_13b_0_9_8_distilled_20260510T133721Z/layer_noise_1.0_block_24/eval/test
[I 2026-05-10 17:58:21,081] A new study created in RDB with name: mvp_mlp_ltx_video_layer_noise_0.9_block_24
[eval.mvp] Starting eval | split_name=val split_dir=data/splits/mvp/full_60_20_20 predictor_mode=from_file annotation_file=data/annotations/mvp_full.jsonl
[eval.mvp] Loaded split assignments | split_pairs=989 split_samples=1978
[eval.mvp] Prepared samples | n_pairs_before_trim=989 n_samples_before_trim=1978 n_pairs_after_trim=989 n_samples_after_trim=1978 max_pairs=0
[eval.mvp] Generated predictions | n_predictions=1978
[eval.mvp] Scoring complete | accuracy=76.9464 pair_consistency=58.0384 n_pairs=989 n_samples=1978
[eval.mvp] Artifacts written | output_dir=artifacts/probes/mvp/mvp_probe_mlp_ltx_video_ltxv_13b_0_9_8_distilled_20260510T133721Z/layer_noise_0.9_block_24/train/trial_0000/val_eval
[I 2026-05-10 18:13:58,564] Trial 0 finished with value: 58.03842264914054 and parameters: {'lr': 0.0001329291894316216, 'weight_decay': 0.005061576888752304, 'batch_size': 32, 'epochs': 2000, 'hidden_dims': '256', 'dropout': 0.21597250932105788}. Best is trial 0 with value: 58.03842264914054.
[eval.mvp] Starting eval | split_name=val split_dir=data/splits/mvp/full_60_20_20 predictor_mode=from_file annotation_file=data/annotations/mvp_full.jsonl
[eval.mvp] Loaded split assignments | split_pairs=989 split_samples=1978
[eval.mvp] Prepared samples | n_pairs_before_trim=989 n_samples_before_trim=1978 n_pairs_after_trim=989 n_samples_after_trim=1978 max_pairs=0
[eval.mvp] Generated predictions | n_predictions=1978
[eval.mvp] Scoring complete | accuracy=54.5501 pair_consistency=14.3579 n_pairs=989 n_samples=1978
[eval.mvp] Artifacts written | output_dir=artifacts/probes/mvp/mvp_probe_mlp_ltx_video_ltxv_13b_0_9_8_distilled_20260510T133721Z/layer_noise_0.9_block_24/train/trial_0001/val_eval
[I 2026-05-10 18:14:17,912] Trial 1 finished with value: 14.35793731041456 and parameters: {'lr': 7.476312062252303e-05, 'weight_decay': 4.689400963537693e-05, 'batch_size': 256, 'epochs': 20, 'hidden_dims': '512x256', 'dropout': 0.048836057003191935}. Best is trial 0 with value: 58.03842264914054.
[eval.mvp] Starting eval | split_name=val split_dir=data/splits/mvp/full_60_20_20 predictor_mode=from_file annotation_file=data/annotations/mvp_full.jsonl
[eval.mvp] Loaded split assignments | split_pairs=989 split_samples=1978
[eval.mvp] Prepared samples | n_pairs_before_trim=989 n_samples_before_trim=1978 n_pairs_after_trim=989 n_samples_after_trim=1978 max_pairs=0
[eval.mvp] Generated predictions | n_predictions=1978
[eval.mvp] Scoring complete | accuracy=58.8979 pair_consistency=24.5703 n_pairs=989 n_samples=1978
[eval.mvp] Artifacts written | output_dir=artifacts/probes/mvp/mvp_probe_mlp_ltx_video_ltxv_13b_0_9_8_distilled_20260510T133721Z/layer_noise_0.9_block_24/train/trial_0002/val_eval
[I 2026-05-10 18:14:36,907] Trial 2 finished with value: 24.570273003033368 and parameters: {'lr': 0.0011290133559092666, 'weight_decay': 4.374364439939069e-06, 'batch_size': 256, 'epochs': 50, 'hidden_dims': '256', 'dropout': 0.04424625102595975}. Best is trial 0 with value: 58.03842264914054.
[I 2026-05-10 18:14:57,981] Trial 3 pruned. Pruned at epoch 100 with val_accuracy=62.5885
[I 2026-05-10 18:15:26,534] Trial 4 pruned. Pruned at epoch 100 with val_accuracy=60.9707
[I 2026-05-10 18:18:28,033] Trial 5 pruned. Pruned at epoch 100 with val_accuracy=59.4034
[eval.mvp] Starting eval | split_name=val split_dir=data/splits/mvp/full_60_20_20 predictor_mode=from_file annotation_file=data/annotations/mvp_full.jsonl
[eval.mvp] Loaded split assignments | split_pairs=989 split_samples=1978
[eval.mvp] Prepared samples | n_pairs_before_trim=989 n_samples_before_trim=1978 n_pairs_after_trim=989 n_samples_after_trim=1978 max_pairs=0
[eval.mvp] Generated predictions | n_predictions=1978
[eval.mvp] Scoring complete | accuracy=60.2123 pair_consistency=28.4125 n_pairs=989 n_samples=1978
[eval.mvp] Artifacts written | output_dir=artifacts/probes/mvp/mvp_probe_mlp_ltx_video_ltxv_13b_0_9_8_distilled_20260510T133721Z/layer_noise_0.9_block_24/train/trial_0006/val_eval
[I 2026-05-10 18:18:58,424] Trial 6 finished with value: 28.412537917087967 and parameters: {'lr': 0.000794714742465374, 'weight_decay': 0.0016934155410667966, 'batch_size': 128, 'epochs': 50, 'hidden_dims': '512', 'dropout': 0.0599326836668414}. Best is trial 0 with value: 58.03842264914054.
[eval.mvp] Starting eval | split_name=val split_dir=data/splits/mvp/full_60_20_20 predictor_mode=from_file annotation_file=data/annotations/mvp_full.jsonl
[eval.mvp] Loaded split assignments | split_pairs=989 split_samples=1978
[eval.mvp] Prepared samples | n_pairs_before_trim=989 n_samples_before_trim=1978 n_pairs_after_trim=989 n_samples_after_trim=1978 max_pairs=0
[eval.mvp] Generated predictions | n_predictions=1978
[eval.mvp] Scoring complete | accuracy=53.3367 pair_consistency=11.6279 n_pairs=989 n_samples=1978
[eval.mvp] Artifacts written | output_dir=artifacts/probes/mvp/mvp_probe_mlp_ltx_video_ltxv_13b_0_9_8_distilled_20260510T133721Z/layer_noise_0.9_block_24/train/trial_0007/val_eval
[I 2026-05-10 18:19:22,751] Trial 7 finished with value: 11.627906976744185 and parameters: {'lr': 0.00010300196600986775, 'weight_decay': 0.0045442082254883295, 'batch_size': 128, 'epochs': 20, 'hidden_dims': '1024x512x1024', 'dropout': 0.11978094533348621}. Best is trial 0 with value: 58.03842264914054.
[eval.mvp] Starting eval | split_name=val split_dir=data/splits/mvp/full_60_20_20 predictor_mode=from_file annotation_file=data/annotations/mvp_full.jsonl
[eval.mvp] Loaded split assignments | split_pairs=989 split_samples=1978
[eval.mvp] Prepared samples | n_pairs_before_trim=989 n_samples_before_trim=1978 n_pairs_after_trim=989 n_samples_after_trim=1978 max_pairs=0
[eval.mvp] Generated predictions | n_predictions=1978
[eval.mvp] Scoring complete | accuracy=59.4034 pair_consistency=27.3003 n_pairs=989 n_samples=1978
[eval.mvp] Artifacts written | output_dir=artifacts/probes/mvp/mvp_probe_mlp_ltx_video_ltxv_13b_0_9_8_distilled_20260510T133721Z/layer_noise_0.9_block_24/train/trial_0008/val_eval
[I 2026-05-10 18:20:15,406] Trial 8 finished with value: 27.30030333670374 and parameters: {'lr': 2.7207248059486674e-05, 'weight_decay': 8.64403589520682e-06, 'batch_size': 32, 'epochs': 50, 'hidden_dims': '512', 'dropout': 0.3387821809211412}. Best is trial 0 with value: 58.03842264914054.
[eval.mvp] Starting eval | split_name=val split_dir=data/splits/mvp/full_60_20_20 predictor_mode=from_file annotation_file=data/annotations/mvp_full.jsonl
[eval.mvp] Loaded split assignments | split_pairs=989 split_samples=1978
[eval.mvp] Prepared samples | n_pairs_before_trim=989 n_samples_before_trim=1978 n_pairs_after_trim=989 n_samples_after_trim=1978 max_pairs=0
[eval.mvp] Generated predictions | n_predictions=1978
[eval.mvp] Scoring complete | accuracy=55.9656 pair_consistency=20.3236 n_pairs=989 n_samples=1978
[eval.mvp] Artifacts written | output_dir=artifacts/probes/mvp/mvp_probe_mlp_ltx_video_ltxv_13b_0_9_8_distilled_20260510T133721Z/layer_noise_0.9_block_24/train/trial_0009/val_eval
[I 2026-05-10 18:20:38,255] Trial 9 finished with value: 20.323559150657232 and parameters: {'lr': 1.1214075785991125e-05, 'weight_decay': 1.1818390883060214e-05, 'batch_size': 256, 'epochs': 50, 'hidden_dims': '256', 'dropout': 0.12092614545022584}. Best is trial 0 with value: 58.03842264914054.
[I 2026-05-10 18:22:21,219] Trial 10 pruned. Pruned at epoch 100 with val_accuracy=50.0000
[I 2026-05-10 18:24:41,801] Trial 11 pruned. Pruned at epoch 100 with val_accuracy=59.5046
[I 2026-05-10 18:25:22,595] Trial 12 pruned. Pruned at epoch 111 with val_accuracy=63.6502
[I 2026-05-10 18:26:15,644] Trial 13 pruned. Pruned at epoch 100 with val_accuracy=62.9424
[I 2026-05-10 18:29:01,066] Trial 14 pruned. Pruned at epoch 100 with val_accuracy=59.2518
[I 2026-05-10 18:29:55,812] Trial 15 pruned. Pruned at epoch 100 with val_accuracy=61.6279
[eval.mvp] Starting eval | split_name=val split_dir=data/splits/mvp/full_60_20_20 predictor_mode=from_file annotation_file=data/annotations/mvp_full.jsonl
[eval.mvp] Loaded split assignments | split_pairs=989 split_samples=1978
[eval.mvp] Prepared samples | n_pairs_before_trim=989 n_samples_before_trim=1978 n_pairs_after_trim=989 n_samples_after_trim=1978 max_pairs=0
[eval.mvp] Generated predictions | n_predictions=1978
[eval.mvp] Scoring complete | accuracy=60.4651 pair_consistency=25.0758 n_pairs=989 n_samples=1978
[eval.mvp] Artifacts written | output_dir=artifacts/probes/mvp/mvp_probe_mlp_ltx_video_ltxv_13b_0_9_8_distilled_20260510T133721Z/layer_noise_0.9_block_24/train/trial_0016/val_eval
[I 2026-05-10 18:30:29,677] Trial 16 finished with value: 25.075834175935285 and parameters: {'lr': 0.0006565628534662934, 'weight_decay': 0.0014835106272763968, 'batch_size': 128, 'epochs': 50, 'hidden_dims': '512x256', 'dropout': 0.01675555882651209}. Best is trial 0 with value: 58.03842264914054.
[I 2026-05-10 18:32:09,721] Trial 17 pruned. Pruned at epoch 121 with val_accuracy=64.1557
[I 2026-05-10 18:32:49,341] Trial 18 pruned. Pruned at epoch 111 with val_accuracy=63.4479
[eval.mvp] Starting eval | split_name=val split_dir=data/splits/mvp/full_60_20_20 predictor_mode=from_file annotation_file=data/annotations/mvp_full.jsonl
[eval.mvp] Loaded split assignments | split_pairs=989 split_samples=1978
[eval.mvp] Prepared samples | n_pairs_before_trim=989 n_samples_before_trim=1978 n_pairs_after_trim=989 n_samples_after_trim=1978 max_pairs=0
[eval.mvp] Generated predictions | n_predictions=1978
[eval.mvp] Scoring complete | accuracy=58.9990 pair_consistency=24.3680 n_pairs=989 n_samples=1978
[eval.mvp] Artifacts written | output_dir=artifacts/probes/mvp/mvp_probe_mlp_ltx_video_ltxv_13b_0_9_8_distilled_20260510T133721Z/layer_noise_0.9_block_24/train/trial_0019/val_eval
[I 2026-05-10 18:33:19,229] Trial 19 finished with value: 24.3680485338726 and parameters: {'lr': 0.0027623800704545468, 'weight_decay': 6.867691807016495e-05, 'batch_size': 128, 'epochs': 50, 'hidden_dims': '512', 'dropout': 0.2884745869448389}. Best is trial 0 with value: 58.03842264914054.
[eval.mvp] Starting eval | split_name=train split_dir=data/splits/mvp/full_60_20_20 predictor_mode=from_file annotation_file=data/annotations/mvp_full.jsonl
[eval.mvp] Loaded split assignments | split_pairs=2965 split_samples=5930
[eval.mvp] Prepared samples | n_pairs_before_trim=2965 n_samples_before_trim=5930 n_pairs_after_trim=2965 n_samples_after_trim=5930 max_pairs=0
[eval.mvp] Generated predictions | n_predictions=5930
[eval.mvp] Scoring complete | accuracy=93.4570 pair_consistency=87.1838 n_pairs=2965 n_samples=5930
[eval.mvp] Artifacts written | output_dir=artifacts/probes/mvp/mvp_probe_mlp_ltx_video_ltxv_13b_0_9_8_distilled_20260510T133721Z/layer_noise_0.9_block_24/eval/train
[eval.mvp] Starting eval | split_name=val split_dir=data/splits/mvp/full_60_20_20 predictor_mode=from_file annotation_file=data/annotations/mvp_full.jsonl
[eval.mvp] Loaded split assignments | split_pairs=989 split_samples=1978
[eval.mvp] Prepared samples | n_pairs_before_trim=989 n_samples_before_trim=1978 n_pairs_after_trim=989 n_samples_after_trim=1978 max_pairs=0
[eval.mvp] Generated predictions | n_predictions=1978
[eval.mvp] Scoring complete | accuracy=76.9464 pair_consistency=58.0384 n_pairs=989 n_samples=1978
[eval.mvp] Artifacts written | output_dir=artifacts/probes/mvp/mvp_probe_mlp_ltx_video_ltxv_13b_0_9_8_distilled_20260510T133721Z/layer_noise_0.9_block_24/eval/val
[eval.mvp] Starting eval | split_name=test split_dir=data/splits/mvp/full_60_20_20 predictor_mode=from_file annotation_file=data/annotations/mvp_full.jsonl
[eval.mvp] Loaded split assignments | split_pairs=989 split_samples=1978
[eval.mvp] Prepared samples | n_pairs_before_trim=989 n_samples_before_trim=1978 n_pairs_after_trim=989 n_samples_after_trim=1978 max_pairs=0
[eval.mvp] Generated predictions | n_predictions=1978
[eval.mvp] Scoring complete | accuracy=74.9747 pair_consistency=56.0162 n_pairs=989 n_samples=1978
[eval.mvp] Artifacts written | output_dir=artifacts/probes/mvp/mvp_probe_mlp_ltx_video_ltxv_13b_0_9_8_distilled_20260510T133721Z/layer_noise_0.9_block_24/eval/test
[I 2026-05-10 18:33:32,484] A new study created in RDB with name: mvp_mlp_ltx_video_layer_noise_0.8_block_24
[eval.mvp] Starting eval | split_name=val split_dir=data/splits/mvp/full_60_20_20 predictor_mode=from_file annotation_file=data/annotations/mvp_full.jsonl
[eval.mvp] Loaded split assignments | split_pairs=989 split_samples=1978
[eval.mvp] Prepared samples | n_pairs_before_trim=989 n_samples_before_trim=1978 n_pairs_after_trim=989 n_samples_after_trim=1978 max_pairs=0
[eval.mvp] Generated predictions | n_predictions=1978
[eval.mvp] Scoring complete | accuracy=83.0131 pair_consistency=69.3630 n_pairs=989 n_samples=1978
[eval.mvp] Artifacts written | output_dir=artifacts/probes/mvp/mvp_probe_mlp_ltx_video_ltxv_13b_0_9_8_distilled_20260510T133721Z/layer_noise_0.8_block_24/train/trial_0000/val_eval
[I 2026-05-10 18:48:57,340] Trial 0 finished with value: 69.36299292214359 and parameters: {'lr': 0.0001329291894316216, 'weight_decay': 0.005061576888752304, 'batch_size': 32, 'epochs': 2000, 'hidden_dims': '256', 'dropout': 0.21597250932105788}. Best is trial 0 with value: 69.36299292214359.
[eval.mvp] Starting eval | split_name=val split_dir=data/splits/mvp/full_60_20_20 predictor_mode=from_file annotation_file=data/annotations/mvp_full.jsonl
[eval.mvp] Loaded split assignments | split_pairs=989 split_samples=1978
[eval.mvp] Prepared samples | n_pairs_before_trim=989 n_samples_before_trim=1978 n_pairs_after_trim=989 n_samples_after_trim=1978 max_pairs=0
[eval.mvp] Generated predictions | n_predictions=1978
[eval.mvp] Scoring complete | accuracy=58.1901 pair_consistency=23.0536 n_pairs=989 n_samples=1978
[eval.mvp] Artifacts written | output_dir=artifacts/probes/mvp/mvp_probe_mlp_ltx_video_ltxv_13b_0_9_8_distilled_20260510T133721Z/layer_noise_0.8_block_24/train/trial_0001/val_eval
[I 2026-05-10 18:49:13,862] Trial 1 finished with value: 23.053589484327603 and parameters: {'lr': 7.476312062252303e-05, 'weight_decay': 4.689400963537693e-05, 'batch_size': 256, 'epochs': 20, 'hidden_dims': '512x256', 'dropout': 0.048836057003191935}. Best is trial 0 with value: 69.36299292214359.
[eval.mvp] Starting eval | split_name=val split_dir=data/splits/mvp/full_60_20_20 predictor_mode=from_file annotation_file=data/annotations/mvp_full.jsonl
[eval.mvp] Loaded split assignments | split_pairs=989 split_samples=1978
[eval.mvp] Prepared samples | n_pairs_before_trim=989 n_samples_before_trim=1978 n_pairs_after_trim=989 n_samples_after_trim=1978 max_pairs=0
[eval.mvp] Generated predictions | n_predictions=1978
[eval.mvp] Scoring complete | accuracy=63.6502 pair_consistency=34.5804 n_pairs=989 n_samples=1978
[eval.mvp] Artifacts written | output_dir=artifacts/probes/mvp/mvp_probe_mlp_ltx_video_ltxv_13b_0_9_8_distilled_20260510T133721Z/layer_noise_0.8_block_24/train/trial_0002/val_eval
[I 2026-05-10 18:49:31,351] Trial 2 finished with value: 34.580384226491404 and parameters: {'lr': 0.0011290133559092666, 'weight_decay': 4.374364439939069e-06, 'batch_size': 256, 'epochs': 50, 'hidden_dims': '256', 'dropout': 0.04424625102595975}. Best is trial 0 with value: 69.36299292214359.
[I 2026-05-10 18:49:52,637] Trial 3 pruned. Pruned at epoch 100 with val_accuracy=67.1891
[I 2026-05-10 18:50:21,047] Trial 4 pruned. Pruned at epoch 100 with val_accuracy=65.4702
[I 2026-05-10 18:53:19,339] Trial 5 pruned. Pruned at epoch 100 with val_accuracy=62.6390
[eval.mvp] Starting eval | split_name=val split_dir=data/splits/mvp/full_60_20_20 predictor_mode=from_file annotation_file=data/annotations/mvp_full.jsonl
[eval.mvp] Loaded split assignments | split_pairs=989 split_samples=1978
[eval.mvp] Prepared samples | n_pairs_before_trim=989 n_samples_before_trim=1978 n_pairs_after_trim=989 n_samples_after_trim=1978 max_pairs=0
[eval.mvp] Generated predictions | n_predictions=1978
[eval.mvp] Scoring complete | accuracy=65.3691 pair_consistency=38.3215 n_pairs=989 n_samples=1978
[eval.mvp] Artifacts written | output_dir=artifacts/probes/mvp/mvp_probe_mlp_ltx_video_ltxv_13b_0_9_8_distilled_20260510T133721Z/layer_noise_0.8_block_24/train/trial_0006/val_eval
[I 2026-05-10 18:53:47,080] Trial 6 finished with value: 38.32153690596562 and parameters: {'lr': 0.000794714742465374, 'weight_decay': 0.0016934155410667966, 'batch_size': 128, 'epochs': 50, 'hidden_dims': '512', 'dropout': 0.0599326836668414}. Best is trial 0 with value: 69.36299292214359.
[eval.mvp] Starting eval | split_name=val split_dir=data/splits/mvp/full_60_20_20 predictor_mode=from_file annotation_file=data/annotations/mvp_full.jsonl
[eval.mvp] Loaded split assignments | split_pairs=989 split_samples=1978
[eval.mvp] Prepared samples | n_pairs_before_trim=989 n_samples_before_trim=1978 n_pairs_after_trim=989 n_samples_after_trim=1978 max_pairs=0
[eval.mvp] Generated predictions | n_predictions=1978
[eval.mvp] Scoring complete | accuracy=57.6845 pair_consistency=21.8402 n_pairs=989 n_samples=1978
[eval.mvp] Artifacts written | output_dir=artifacts/probes/mvp/mvp_probe_mlp_ltx_video_ltxv_13b_0_9_8_distilled_20260510T133721Z/layer_noise_0.8_block_24/train/trial_0007/val_eval
[I 2026-05-10 18:54:14,558] Trial 7 finished with value: 21.840242669362993 and parameters: {'lr': 0.00010300196600986775, 'weight_decay': 0.0045442082254883295, 'batch_size': 128, 'epochs': 20, 'hidden_dims': '1024x512x1024', 'dropout': 0.11978094533348621}. Best is trial 0 with value: 69.36299292214359.
[eval.mvp] Starting eval | split_name=val split_dir=data/splits/mvp/full_60_20_20 predictor_mode=from_file annotation_file=data/annotations/mvp_full.jsonl
[eval.mvp] Loaded split assignments | split_pairs=989 split_samples=1978
[eval.mvp] Prepared samples | n_pairs_before_trim=989 n_samples_before_trim=1978 n_pairs_after_trim=989 n_samples_after_trim=1978 max_pairs=0
[eval.mvp] Generated predictions | n_predictions=1978
[eval.mvp] Scoring complete | accuracy=64.8635 pair_consistency=37.9171 n_pairs=989 n_samples=1978
[eval.mvp] Artifacts written | output_dir=artifacts/probes/mvp/mvp_probe_mlp_ltx_video_ltxv_13b_0_9_8_distilled_20260510T133721Z/layer_noise_0.8_block_24/train/trial_0008/val_eval
[I 2026-05-10 18:55:07,358] Trial 8 finished with value: 37.917087967644086 and parameters: {'lr': 2.7207248059486674e-05, 'weight_decay': 8.64403589520682e-06, 'batch_size': 32, 'epochs': 50, 'hidden_dims': '512', 'dropout': 0.3387821809211412}. Best is trial 0 with value: 69.36299292214359.
[eval.mvp] Starting eval | split_name=val split_dir=data/splits/mvp/full_60_20_20 predictor_mode=from_file annotation_file=data/annotations/mvp_full.jsonl
[eval.mvp] Loaded split assignments | split_pairs=989 split_samples=1978
[eval.mvp] Prepared samples | n_pairs_before_trim=989 n_samples_before_trim=1978 n_pairs_after_trim=989 n_samples_after_trim=1978 max_pairs=0
[eval.mvp] Generated predictions | n_predictions=1978
[eval.mvp] Scoring complete | accuracy=62.2851 pair_consistency=34.1759 n_pairs=989 n_samples=1978
[eval.mvp] Artifacts written | output_dir=artifacts/probes/mvp/mvp_probe_mlp_ltx_video_ltxv_13b_0_9_8_distilled_20260510T133721Z/layer_noise_0.8_block_24/train/trial_0009/val_eval
[I 2026-05-10 18:55:27,307] Trial 9 finished with value: 34.17593528816987 and parameters: {'lr': 1.1214075785991125e-05, 'weight_decay': 1.1818390883060214e-05, 'batch_size': 256, 'epochs': 50, 'hidden_dims': '256', 'dropout': 0.12092614545022584}. Best is trial 0 with value: 69.36299292214359.
[I 2026-05-10 18:57:07,287] Trial 10 pruned. Pruned at epoch 100 with val_accuracy=50.0000
[eval.mvp] Starting eval | split_name=val split_dir=data/splits/mvp/full_60_20_20 predictor_mode=from_file annotation_file=data/annotations/mvp_full.jsonl
[eval.mvp] Loaded split assignments | split_pairs=989 split_samples=1978
[eval.mvp] Prepared samples | n_pairs_before_trim=989 n_samples_before_trim=1978 n_pairs_after_trim=989 n_samples_after_trim=1978 max_pairs=0
[eval.mvp] Generated predictions | n_predictions=1978
[eval.mvp] Scoring complete | accuracy=69.0597 pair_consistency=43.3771 n_pairs=989 n_samples=1978
[eval.mvp] Artifacts written | output_dir=artifacts/probes/mvp/mvp_probe_mlp_ltx_video_ltxv_13b_0_9_8_distilled_20260510T133721Z/layer_noise_0.8_block_24/train/trial_0011/val_eval
[I 2026-05-10 18:59:29,766] Trial 11 finished with value: 43.377148634984835 and parameters: {'lr': 0.000381663861962904, 'weight_decay': 0.00821160806524291, 'batch_size': 32, 'epochs': 100, 'hidden_dims': '1024', 'dropout': 0.23036595192387704}. Best is trial 0 with value: 69.36299292214359.
[eval.mvp] Starting eval | split_name=val split_dir=data/splits/mvp/full_60_20_20 predictor_mode=from_file annotation_file=data/annotations/mvp_full.jsonl
[eval.mvp] Loaded split assignments | split_pairs=989 split_samples=1978
[eval.mvp] Prepared samples | n_pairs_before_trim=989 n_samples_before_trim=1978 n_pairs_after_trim=989 n_samples_after_trim=1978 max_pairs=0
[eval.mvp] Generated predictions | n_predictions=1978
[eval.mvp] Scoring complete | accuracy=68.2002 pair_consistency=44.4894 n_pairs=989 n_samples=1978
[eval.mvp] Artifacts written | output_dir=artifacts/probes/mvp/mvp_probe_mlp_ltx_video_ltxv_13b_0_9_8_distilled_20260510T133721Z/layer_noise_0.8_block_24/train/trial_0012/val_eval
[I 2026-05-10 19:01:52,127] Trial 12 finished with value: 44.48938321536906 and parameters: {'lr': 0.00025735031695662674, 'weight_decay': 0.008946810000979412, 'batch_size': 32, 'epochs': 100, 'hidden_dims': '1024', 'dropout': 0.2403404633740749}. Best is trial 0 with value: 69.36299292214359.
[eval.mvp] Starting eval | split_name=val split_dir=data/splits/mvp/full_60_20_20 predictor_mode=from_file annotation_file=data/annotations/mvp_full.jsonl
[eval.mvp] Loaded split assignments | split_pairs=989 split_samples=1978
[eval.mvp] Prepared samples | n_pairs_before_trim=989 n_samples_before_trim=1978 n_pairs_after_trim=989 n_samples_after_trim=1978 max_pairs=0
[eval.mvp] Generated predictions | n_predictions=1978
[eval.mvp] Scoring complete | accuracy=67.5430 pair_consistency=42.0627 n_pairs=989 n_samples=1978
[eval.mvp] Artifacts written | output_dir=artifacts/probes/mvp/mvp_probe_mlp_ltx_video_ltxv_13b_0_9_8_distilled_20260510T133721Z/layer_noise_0.8_block_24/train/trial_0013/val_eval
[I 2026-05-10 19:04:13,768] Trial 13 finished with value: 42.06268958543984 and parameters: {'lr': 0.0002128249419968085, 'weight_decay': 0.0003465800417093877, 'batch_size': 32, 'epochs': 100, 'hidden_dims': '1024', 'dropout': 0.2860397292440933}. Best is trial 0 with value: 69.36299292214359.
[I 2026-05-10 19:06:26,519] Trial 14 pruned. Pruned at epoch 100 with val_accuracy=64.1557
[I 2026-05-10 19:08:08,889] Trial 15 pruned. Pruned at epoch 100 with val_accuracy=65.8746
[I 2026-05-10 19:09:39,330] Trial 16 pruned. Pruned at epoch 100 with val_accuracy=64.0546
[I 2026-05-10 19:11:56,193] Trial 17 pruned. Pruned at epoch 101 with val_accuracy=66.2285
[I 2026-05-10 19:12:49,238] Trial 18 pruned. Pruned at epoch 101 with val_accuracy=67.8969
[eval.mvp] Starting eval | split_name=val split_dir=data/splits/mvp/full_60_20_20 predictor_mode=from_file annotation_file=data/annotations/mvp_full.jsonl
[eval.mvp] Loaded split assignments | split_pairs=989 split_samples=1978
[eval.mvp] Prepared samples | n_pairs_before_trim=989 n_samples_before_trim=1978 n_pairs_after_trim=989 n_samples_after_trim=1978 max_pairs=0
[eval.mvp] Generated predictions | n_predictions=1978
[eval.mvp] Scoring complete | accuracy=68.0991 pair_consistency=44.5905 n_pairs=989 n_samples=1978
[eval.mvp] Artifacts written | output_dir=artifacts/probes/mvp/mvp_probe_mlp_ltx_video_ltxv_13b_0_9_8_distilled_20260510T133721Z/layer_noise_0.8_block_24/train/trial_0019/val_eval
[I 2026-05-10 19:14:21,730] Trial 19 finished with value: 44.590495449949444 and parameters: {'lr': 1.033285556962607e-05, 'weight_decay': 0.0020378945685323624, 'batch_size': 64, 'epochs': 100, 'hidden_dims': '1024', 'dropout': 0.1736073666423616}. Best is trial 0 with value: 69.36299292214359.
[eval.mvp] Starting eval | split_name=train split_dir=data/splits/mvp/full_60_20_20 predictor_mode=from_file annotation_file=data/annotations/mvp_full.jsonl
[eval.mvp] Loaded split assignments | split_pairs=2965 split_samples=5930
[eval.mvp] Prepared samples | n_pairs_before_trim=2965 n_samples_before_trim=5930 n_pairs_after_trim=2965 n_samples_after_trim=5930 max_pairs=0
[eval.mvp] Generated predictions | n_predictions=5930
[eval.mvp] Scoring complete | accuracy=97.9089 pair_consistency=95.8179 n_pairs=2965 n_samples=5930
[eval.mvp] Artifacts written | output_dir=artifacts/probes/mvp/mvp_probe_mlp_ltx_video_ltxv_13b_0_9_8_distilled_20260510T133721Z/layer_noise_0.8_block_24/eval/train
[eval.mvp] Starting eval | split_name=val split_dir=data/splits/mvp/full_60_20_20 predictor_mode=from_file annotation_file=data/annotations/mvp_full.jsonl
[eval.mvp] Loaded split assignments | split_pairs=989 split_samples=1978
[eval.mvp] Prepared samples | n_pairs_before_trim=989 n_samples_before_trim=1978 n_pairs_after_trim=989 n_samples_after_trim=1978 max_pairs=0
[eval.mvp] Generated predictions | n_predictions=1978
[eval.mvp] Scoring complete | accuracy=83.0131 pair_consistency=69.3630 n_pairs=989 n_samples=1978
[eval.mvp] Artifacts written | output_dir=artifacts/probes/mvp/mvp_probe_mlp_ltx_video_ltxv_13b_0_9_8_distilled_20260510T133721Z/layer_noise_0.8_block_24/eval/val
[eval.mvp] Starting eval | split_name=test split_dir=data/splits/mvp/full_60_20_20 predictor_mode=from_file annotation_file=data/annotations/mvp_full.jsonl
[eval.mvp] Loaded split assignments | split_pairs=989 split_samples=1978
[eval.mvp] Prepared samples | n_pairs_before_trim=989 n_samples_before_trim=1978 n_pairs_after_trim=989 n_samples_after_trim=1978 max_pairs=0
[eval.mvp] Generated predictions | n_predictions=1978
[eval.mvp] Scoring complete | accuracy=80.8392 pair_consistency=66.3296 n_pairs=989 n_samples=1978
[eval.mvp] Artifacts written | output_dir=artifacts/probes/mvp/mvp_probe_mlp_ltx_video_ltxv_13b_0_9_8_distilled_20260510T133721Z/layer_noise_0.8_block_24/eval/test
[I 2026-05-10 19:14:31,285] A new study created in RDB with name: mvp_mlp_ltx_video_layer_noise_0.7_block_24
[eval.mvp] Starting eval | split_name=val split_dir=data/splits/mvp/full_60_20_20 predictor_mode=from_file annotation_file=data/annotations/mvp_full.jsonl
[eval.mvp] Loaded split assignments | split_pairs=989 split_samples=1978
[eval.mvp] Prepared samples | n_pairs_before_trim=989 n_samples_before_trim=1978 n_pairs_after_trim=989 n_samples_after_trim=1978 max_pairs=0
[eval.mvp] Generated predictions | n_predictions=1978
[eval.mvp] Scoring complete | accuracy=83.2154 pair_consistency=69.1608 n_pairs=989 n_samples=1978
[eval.mvp] Artifacts written | output_dir=artifacts/probes/mvp/mvp_probe_mlp_ltx_video_ltxv_13b_0_9_8_distilled_20260510T133721Z/layer_noise_0.7_block_24/train/trial_0000/val_eval
[I 2026-05-10 19:30:04,779] Trial 0 finished with value: 69.16076845298281 and parameters: {'lr': 0.0001329291894316216, 'weight_decay': 0.005061576888752304, 'batch_size': 32, 'epochs': 2000, 'hidden_dims': '256', 'dropout': 0.21597250932105788}. Best is trial 0 with value: 69.16076845298281.
[eval.mvp] Starting eval | split_name=val split_dir=data/splits/mvp/full_60_20_20 predictor_mode=from_file annotation_file=data/annotations/mvp_full.jsonl
[eval.mvp] Loaded split assignments | split_pairs=989 split_samples=1978
[eval.mvp] Prepared samples | n_pairs_before_trim=989 n_samples_before_trim=1978 n_pairs_after_trim=989 n_samples_after_trim=1978 max_pairs=0
[eval.mvp] Generated predictions | n_predictions=1978
[eval.mvp] Scoring complete | accuracy=61.1223 pair_consistency=31.1426 n_pairs=989 n_samples=1978
[eval.mvp] Artifacts written | output_dir=artifacts/probes/mvp/mvp_probe_mlp_ltx_video_ltxv_13b_0_9_8_distilled_20260510T133721Z/layer_noise_0.7_block_24/train/trial_0001/val_eval
[I 2026-05-10 19:30:24,785] Trial 1 finished with value: 31.14256825075834 and parameters: {'lr': 7.476312062252303e-05, 'weight_decay': 4.689400963537693e-05, 'batch_size': 256, 'epochs': 20, 'hidden_dims': '512x256', 'dropout': 0.048836057003191935}. Best is trial 0 with value: 69.16076845298281.
[eval.mvp] Starting eval | split_name=val split_dir=data/splits/mvp/full_60_20_20 predictor_mode=from_file annotation_file=data/annotations/mvp_full.jsonl
[eval.mvp] Loaded split assignments | split_pairs=989 split_samples=1978
[eval.mvp] Prepared samples | n_pairs_before_trim=989 n_samples_before_trim=1978 n_pairs_after_trim=989 n_samples_after_trim=1978 max_pairs=0
[eval.mvp] Generated predictions | n_predictions=1978
[eval.mvp] Scoring complete | accuracy=65.8746 pair_consistency=38.4226 n_pairs=989 n_samples=1978
[eval.mvp] Artifacts written | output_dir=artifacts/probes/mvp/mvp_probe_mlp_ltx_video_ltxv_13b_0_9_8_distilled_20260510T133721Z/layer_noise_0.7_block_24/train/trial_0002/val_eval
[I 2026-05-10 19:30:47,402] Trial 2 finished with value: 38.42264914054601 and parameters: {'lr': 0.0011290133559092666, 'weight_decay': 4.374364439939069e-06, 'batch_size': 256, 'epochs': 50, 'hidden_dims': '256', 'dropout': 0.04424625102595975}. Best is trial 0 with value: 69.16076845298281.
[I 2026-05-10 19:31:11,650] Trial 3 pruned. Pruned at epoch 100 with val_accuracy=67.1891
[I 2026-05-10 19:31:41,199] Trial 4 pruned. Pruned at epoch 100 with val_accuracy=64.3579
[I 2026-05-10 19:34:41,318] Trial 5 pruned. Pruned at epoch 100 with val_accuracy=63.7513
[eval.mvp] Starting eval | split_name=val split_dir=data/splits/mvp/full_60_20_20 predictor_mode=from_file annotation_file=data/annotations/mvp_full.jsonl
[eval.mvp] Loaded split assignments | split_pairs=989 split_samples=1978
[eval.mvp] Prepared samples | n_pairs_before_trim=989 n_samples_before_trim=1978 n_pairs_after_trim=989 n_samples_after_trim=1978 max_pairs=0
[eval.mvp] Generated predictions | n_predictions=1978
[eval.mvp] Scoring complete | accuracy=66.7341 pair_consistency=40.2427 n_pairs=989 n_samples=1978
[eval.mvp] Artifacts written | output_dir=artifacts/probes/mvp/mvp_probe_mlp_ltx_video_ltxv_13b_0_9_8_distilled_20260510T133721Z/layer_noise_0.7_block_24/train/trial_0006/val_eval
[I 2026-05-10 19:35:11,780] Trial 6 finished with value: 40.24266936299292 and parameters: {'lr': 0.000794714742465374, 'weight_decay': 0.0016934155410667966, 'batch_size': 128, 'epochs': 50, 'hidden_dims': '512', 'dropout': 0.0599326836668414}. Best is trial 0 with value: 69.16076845298281.
[eval.mvp] Starting eval | split_name=val split_dir=data/splits/mvp/full_60_20_20 predictor_mode=from_file annotation_file=data/annotations/mvp_full.jsonl
[eval.mvp] Loaded split assignments | split_pairs=989 split_samples=1978
[eval.mvp] Prepared samples | n_pairs_before_trim=989 n_samples_before_trim=1978 n_pairs_after_trim=989 n_samples_after_trim=1978 max_pairs=0
[eval.mvp] Generated predictions | n_predictions=1978
[eval.mvp] Scoring complete | accuracy=58.8473 pair_consistency=26.5925 n_pairs=989 n_samples=1978
[eval.mvp] Artifacts written | output_dir=artifacts/probes/mvp/mvp_probe_mlp_ltx_video_ltxv_13b_0_9_8_distilled_20260510T133721Z/layer_noise_0.7_block_24/train/trial_0007/val_eval
[I 2026-05-10 19:35:38,045] Trial 7 finished with value: 26.59251769464105 and parameters: {'lr': 0.00010300196600986775, 'weight_decay': 0.0045442082254883295, 'batch_size': 128, 'epochs': 20, 'hidden_dims': '1024x512x1024', 'dropout': 0.11978094533348621}. Best is trial 0 with value: 69.16076845298281.
[eval.mvp] Starting eval | split_name=val split_dir=data/splits/mvp/full_60_20_20 predictor_mode=from_file annotation_file=data/annotations/mvp_full.jsonl
[eval.mvp] Loaded split assignments | split_pairs=989 split_samples=1978
[eval.mvp] Prepared samples | n_pairs_before_trim=989 n_samples_before_trim=1978 n_pairs_after_trim=989 n_samples_after_trim=1978 max_pairs=0
[eval.mvp] Generated predictions | n_predictions=1978
[eval.mvp] Scoring complete | accuracy=66.4307 pair_consistency=40.7482 n_pairs=989 n_samples=1978
[eval.mvp] Artifacts written | output_dir=artifacts/probes/mvp/mvp_probe_mlp_ltx_video_ltxv_13b_0_9_8_distilled_20260510T133721Z/layer_noise_0.7_block_24/train/trial_0008/val_eval
[I 2026-05-10 19:36:32,221] Trial 8 finished with value: 40.74823053589484 and parameters: {'lr': 2.7207248059486674e-05, 'weight_decay': 8.64403589520682e-06, 'batch_size': 32, 'epochs': 50, 'hidden_dims': '512', 'dropout': 0.3387821809211412}. Best is trial 0 with value: 69.16076845298281.
[eval.mvp] Starting eval | split_name=val split_dir=data/splits/mvp/full_60_20_20 predictor_mode=from_file annotation_file=data/annotations/mvp_full.jsonl
[eval.mvp] Loaded split assignments | split_pairs=989 split_samples=1978
[eval.mvp] Prepared samples | n_pairs_before_trim=989 n_samples_before_trim=1978 n_pairs_after_trim=989 n_samples_after_trim=1978 max_pairs=0
[eval.mvp] Generated predictions | n_predictions=1978
[eval.mvp] Scoring complete | accuracy=63.0435 pair_consistency=35.2882 n_pairs=989 n_samples=1978
[eval.mvp] Artifacts written | output_dir=artifacts/probes/mvp/mvp_probe_mlp_ltx_video_ltxv_13b_0_9_8_distilled_20260510T133721Z/layer_noise_0.7_block_24/train/trial_0009/val_eval
[I 2026-05-10 19:36:56,475] Trial 9 finished with value: 35.28816986855409 and parameters: {'lr': 1.1214075785991125e-05, 'weight_decay': 1.1818390883060214e-05, 'batch_size': 256, 'epochs': 50, 'hidden_dims': '256', 'dropout': 0.12092614545022584}. Best is trial 0 with value: 69.16076845298281.
[I 2026-05-10 19:38:38,856] Trial 10 pruned. Pruned at epoch 100 with val_accuracy=50.0000
[I 2026-05-10 19:40:53,435] Trial 11 pruned. Pruned at epoch 100 with val_accuracy=68.5541
[I 2026-05-10 19:42:17,787] Trial 12 pruned. Pruned at epoch 100 with val_accuracy=67.4924
[I 2026-05-10 19:43:45,693] Trial 13 pruned. Pruned at epoch 100 with val_accuracy=69.6663
[I 2026-05-10 19:46:51,934] Trial 14 pruned. Pruned at epoch 100 with val_accuracy=65.8241
[I 2026-05-10 19:48:16,976] Trial 15 pruned. Pruned at epoch 100 with val_accuracy=69.5652
[eval.mvp] Starting eval | split_name=val split_dir=data/splits/mvp/full_60_20_20 predictor_mode=from_file annotation_file=data/annotations/mvp_full.jsonl
[eval.mvp] Loaded split assignments | split_pairs=989 split_samples=1978
[eval.mvp] Prepared samples | n_pairs_before_trim=989 n_samples_before_trim=1978 n_pairs_after_trim=989 n_samples_after_trim=1978 max_pairs=0
[eval.mvp] Generated predictions | n_predictions=1978
[eval.mvp] Scoring complete | accuracy=63.2457 pair_consistency=33.6704 n_pairs=989 n_samples=1978
[eval.mvp] Artifacts written | output_dir=artifacts/probes/mvp/mvp_probe_mlp_ltx_video_ltxv_13b_0_9_8_distilled_20260510T133721Z/layer_noise_0.7_block_24/train/trial_0016/val_eval
[I 2026-05-10 19:49:14,253] Trial 16 finished with value: 33.67037411526795 and parameters: {'lr': 0.0001718440878518453, 'weight_decay': 0.00619480551610472, 'batch_size': 32, 'epochs': 50, 'hidden_dims': '512x256', 'dropout': 0.4519718911709637}. Best is trial 0 with value: 69.16076845298281.
[I 2026-05-10 19:50:38,826] Trial 17 pruned. Pruned at epoch 100 with val_accuracy=67.9980
[I 2026-05-10 19:51:43,489] Trial 18 pruned. Pruned at epoch 128 with val_accuracy=73.8625
[eval.mvp] Starting eval | split_name=val split_dir=data/splits/mvp/full_60_20_20 predictor_mode=from_file annotation_file=data/annotations/mvp_full.jsonl
[eval.mvp] Loaded split assignments | split_pairs=989 split_samples=1978
[eval.mvp] Prepared samples | n_pairs_before_trim=989 n_samples_before_trim=1978 n_pairs_after_trim=989 n_samples_after_trim=1978 max_pairs=0
[eval.mvp] Generated predictions | n_predictions=1978
[eval.mvp] Scoring complete | accuracy=66.6330 pair_consistency=38.9282 n_pairs=989 n_samples=1978
[eval.mvp] Artifacts written | output_dir=artifacts/probes/mvp/mvp_probe_mlp_ltx_video_ltxv_13b_0_9_8_distilled_20260510T133721Z/layer_noise_0.7_block_24/train/trial_0019/val_eval
[I 2026-05-10 19:52:23,017] Trial 19 finished with value: 38.92821031344793 and parameters: {'lr': 9.112084128938676e-05, 'weight_decay': 6.867691807016495e-05, 'batch_size': 64, 'epochs': 50, 'hidden_dims': '512', 'dropout': 0.2884745869448389}. Best is trial 0 with value: 69.16076845298281.
[eval.mvp] Starting eval | split_name=train split_dir=data/splits/mvp/full_60_20_20 predictor_mode=from_file annotation_file=data/annotations/mvp_full.jsonl
[eval.mvp] Loaded split assignments | split_pairs=2965 split_samples=5930
[eval.mvp] Prepared samples | n_pairs_before_trim=2965 n_samples_before_trim=5930 n_pairs_after_trim=2965 n_samples_after_trim=5930 max_pairs=0
[eval.mvp] Generated predictions | n_predictions=5930
[eval.mvp] Scoring complete | accuracy=98.6678 pair_consistency=97.3356 n_pairs=2965 n_samples=5930
[eval.mvp] Artifacts written | output_dir=artifacts/probes/mvp/mvp_probe_mlp_ltx_video_ltxv_13b_0_9_8_distilled_20260510T133721Z/layer_noise_0.7_block_24/eval/train
[eval.mvp] Starting eval | split_name=val split_dir=data/splits/mvp/full_60_20_20 predictor_mode=from_file annotation_file=data/annotations/mvp_full.jsonl
[eval.mvp] Loaded split assignments | split_pairs=989 split_samples=1978
[eval.mvp] Prepared samples | n_pairs_before_trim=989 n_samples_before_trim=1978 n_pairs_after_trim=989 n_samples_after_trim=1978 max_pairs=0
[eval.mvp] Generated predictions | n_predictions=1978
[eval.mvp] Scoring complete | accuracy=83.2154 pair_consistency=69.1608 n_pairs=989 n_samples=1978
[eval.mvp] Artifacts written | output_dir=artifacts/probes/mvp/mvp_probe_mlp_ltx_video_ltxv_13b_0_9_8_distilled_20260510T133721Z/layer_noise_0.7_block_24/eval/val
[eval.mvp] Starting eval | split_name=test split_dir=data/splits/mvp/full_60_20_20 predictor_mode=from_file annotation_file=data/annotations/mvp_full.jsonl
[eval.mvp] Loaded split assignments | split_pairs=989 split_samples=1978
[eval.mvp] Prepared samples | n_pairs_before_trim=989 n_samples_before_trim=1978 n_pairs_after_trim=989 n_samples_after_trim=1978 max_pairs=0
[eval.mvp] Generated predictions | n_predictions=1978
[eval.mvp] Scoring complete | accuracy=82.8109 pair_consistency=69.1608 n_pairs=989 n_samples=1978
[eval.mvp] Artifacts written | output_dir=artifacts/probes/mvp/mvp_probe_mlp_ltx_video_ltxv_13b_0_9_8_distilled_20260510T133721Z/layer_noise_0.7_block_24/eval/test
[I 2026-05-10 19:52:33,420] A new study created in RDB with name: mvp_mlp_ltx_video_layer_noise_0.6_block_24
[eval.mvp] Starting eval | split_name=val split_dir=data/splits/mvp/full_60_20_20 predictor_mode=from_file annotation_file=data/annotations/mvp_full.jsonl
[eval.mvp] Loaded split assignments | split_pairs=989 split_samples=1978
[eval.mvp] Prepared samples | n_pairs_before_trim=989 n_samples_before_trim=1978 n_pairs_after_trim=989 n_samples_after_trim=1978 max_pairs=0
[eval.mvp] Generated predictions | n_predictions=1978
[eval.mvp] Scoring complete | accuracy=83.8726 pair_consistency=70.2730 n_pairs=989 n_samples=1978
[eval.mvp] Artifacts written | output_dir=artifacts/probes/mvp/mvp_probe_mlp_ltx_video_ltxv_13b_0_9_8_distilled_20260510T133721Z/layer_noise_0.6_block_24/train/trial_0000/val_eval
[I 2026-05-10 20:07:56,658] Trial 0 finished with value: 70.27300303336703 and parameters: {'lr': 0.0001329291894316216, 'weight_decay': 0.005061576888752304, 'batch_size': 32, 'epochs': 2000, 'hidden_dims': '256', 'dropout': 0.21597250932105788}. Best is trial 0 with value: 70.27300303336703.
[eval.mvp] Starting eval | split_name=val split_dir=data/splits/mvp/full_60_20_20 predictor_mode=from_file annotation_file=data/annotations/mvp_full.jsonl
[eval.mvp] Loaded split assignments | split_pairs=989 split_samples=1978
[eval.mvp] Prepared samples | n_pairs_before_trim=989 n_samples_before_trim=1978 n_pairs_after_trim=989 n_samples_after_trim=1978 max_pairs=0
[eval.mvp] Generated predictions | n_predictions=1978
[eval.mvp] Scoring complete | accuracy=61.6785 pair_consistency=31.2437 n_pairs=989 n_samples=1978
[eval.mvp] Artifacts written | output_dir=artifacts/probes/mvp/mvp_probe_mlp_ltx_video_ltxv_13b_0_9_8_distilled_20260510T133721Z/layer_noise_0.6_block_24/train/trial_0001/val_eval
[I 2026-05-10 20:08:14,254] Trial 1 finished with value: 31.243680485338725 and parameters: {'lr': 7.476312062252303e-05, 'weight_decay': 4.689400963537693e-05, 'batch_size': 256, 'epochs': 20, 'hidden_dims': '512x256', 'dropout': 0.048836057003191935}. Best is trial 0 with value: 70.27300303336703.
[eval.mvp] Starting eval | split_name=val split_dir=data/splits/mvp/full_60_20_20 predictor_mode=from_file annotation_file=data/annotations/mvp_full.jsonl
[eval.mvp] Loaded split assignments | split_pairs=989 split_samples=1978
[eval.mvp] Prepared samples | n_pairs_before_trim=989 n_samples_before_trim=1978 n_pairs_after_trim=989 n_samples_after_trim=1978 max_pairs=0
[eval.mvp] Generated predictions | n_predictions=1978
[eval.mvp] Scoring complete | accuracy=66.8857 pair_consistency=40.9505 n_pairs=989 n_samples=1978
[eval.mvp] Artifacts written | output_dir=artifacts/probes/mvp/mvp_probe_mlp_ltx_video_ltxv_13b_0_9_8_distilled_20260510T133721Z/layer_noise_0.6_block_24/train/trial_0002/val_eval
[I 2026-05-10 20:08:37,312] Trial 2 finished with value: 40.950455005055616 and parameters: {'lr': 0.0011290133559092666, 'weight_decay': 4.374364439939069e-06, 'batch_size': 256, 'epochs': 50, 'hidden_dims': '256', 'dropout': 0.04424625102595975}. Best is trial 0 with value: 70.27300303336703.
[I 2026-05-10 20:09:01,892] Trial 3 pruned. Pruned at epoch 100 with val_accuracy=66.8352
[I 2026-05-10 20:09:32,395] Trial 4 pruned. Pruned at epoch 100 with val_accuracy=67.7958
[I 2026-05-10 20:12:32,890] Trial 5 pruned. Pruned at epoch 100 with val_accuracy=66.6835
[eval.mvp] Starting eval | split_name=val split_dir=data/splits/mvp/full_60_20_20 predictor_mode=from_file annotation_file=data/annotations/mvp_full.jsonl
[eval.mvp] Loaded split assignments | split_pairs=989 split_samples=1978
[eval.mvp] Prepared samples | n_pairs_before_trim=989 n_samples_before_trim=1978 n_pairs_after_trim=989 n_samples_after_trim=1978 max_pairs=0
[eval.mvp] Generated predictions | n_predictions=1978
[eval.mvp] Scoring complete | accuracy=68.3013 pair_consistency=45.0961 n_pairs=989 n_samples=1978
[eval.mvp] Artifacts written | output_dir=artifacts/probes/mvp/mvp_probe_mlp_ltx_video_ltxv_13b_0_9_8_distilled_20260510T133721Z/layer_noise_0.6_block_24/train/trial_0006/val_eval
[I 2026-05-10 20:13:03,939] Trial 6 finished with value: 45.096056622851364 and parameters: {'lr': 0.000794714742465374, 'weight_decay': 0.0016934155410667966, 'batch_size': 128, 'epochs': 50, 'hidden_dims': '512', 'dropout': 0.0599326836668414}. Best is trial 0 with value: 70.27300303336703.
[eval.mvp] Starting eval | split_name=val split_dir=data/splits/mvp/full_60_20_20 predictor_mode=from_file annotation_file=data/annotations/mvp_full.jsonl
[eval.mvp] Loaded split assignments | split_pairs=989 split_samples=1978
[eval.mvp] Prepared samples | n_pairs_before_trim=989 n_samples_before_trim=1978 n_pairs_after_trim=989 n_samples_after_trim=1978 max_pairs=0
[eval.mvp] Generated predictions | n_predictions=1978
[eval.mvp] Scoring complete | accuracy=60.0101 pair_consistency=25.6825 n_pairs=989 n_samples=1978
[eval.mvp] Artifacts written | output_dir=artifacts/probes/mvp/mvp_probe_mlp_ltx_video_ltxv_13b_0_9_8_distilled_20260510T133721Z/layer_noise_0.6_block_24/train/trial_0007/val_eval
[I 2026-05-10 20:13:30,254] Trial 7 finished with value: 25.68250758341759 and parameters: {'lr': 0.00010300196600986775, 'weight_decay': 0.0045442082254883295, 'batch_size': 128, 'epochs': 20, 'hidden_dims': '1024x512x1024', 'dropout': 0.11978094533348621}. Best is trial 0 with value: 70.27300303336703.
[eval.mvp] Starting eval | split_name=val split_dir=data/splits/mvp/full_60_20_20 predictor_mode=from_file annotation_file=data/annotations/mvp_full.jsonl
[eval.mvp] Loaded split assignments | split_pairs=989 split_samples=1978
[eval.mvp] Prepared samples | n_pairs_before_trim=989 n_samples_before_trim=1978 n_pairs_after_trim=989 n_samples_after_trim=1978 max_pairs=0
[eval.mvp] Generated predictions | n_predictions=1978
[eval.mvp] Scoring complete | accuracy=66.2791 pair_consistency=40.5460 n_pairs=989 n_samples=1978
[eval.mvp] Artifacts written | output_dir=artifacts/probes/mvp/mvp_probe_mlp_ltx_video_ltxv_13b_0_9_8_distilled_20260510T133721Z/layer_noise_0.6_block_24/train/trial_0008/val_eval
[I 2026-05-10 20:14:22,913] Trial 8 finished with value: 40.54600606673407 and parameters: {'lr': 2.7207248059486674e-05, 'weight_decay': 8.64403589520682e-06, 'batch_size': 32, 'epochs': 50, 'hidden_dims': '512', 'dropout': 0.3387821809211412}. Best is trial 0 with value: 70.27300303336703.
[eval.mvp] Starting eval | split_name=val split_dir=data/splits/mvp/full_60_20_20 predictor_mode=from_file annotation_file=data/annotations/mvp_full.jsonl
[eval.mvp] Loaded split assignments | split_pairs=989 split_samples=1978
[eval.mvp] Prepared samples | n_pairs_before_trim=989 n_samples_before_trim=1978 n_pairs_after_trim=989 n_samples_after_trim=1978 max_pairs=0
[eval.mvp] Generated predictions | n_predictions=1978
[eval.mvp] Scoring complete | accuracy=62.6896 pair_consistency=34.8837 n_pairs=989 n_samples=1978
[eval.mvp] Artifacts written | output_dir=artifacts/probes/mvp/mvp_probe_mlp_ltx_video_ltxv_13b_0_9_8_distilled_20260510T133721Z/layer_noise_0.6_block_24/train/trial_0009/val_eval
[I 2026-05-10 20:14:44,663] Trial 9 finished with value: 34.883720930232556 and parameters: {'lr': 1.1214075785991125e-05, 'weight_decay': 1.1818390883060214e-05, 'batch_size': 256, 'epochs': 50, 'hidden_dims': '256', 'dropout': 0.12092614545022584}. Best is trial 0 with value: 70.27300303336703.
[I 2026-05-10 20:16:25,050] Trial 10 pruned. Pruned at epoch 100 with val_accuracy=50.0000
[eval.mvp] Starting eval | split_name=val split_dir=data/splits/mvp/full_60_20_20 predictor_mode=from_file annotation_file=data/annotations/mvp_full.jsonl
[eval.mvp] Loaded split assignments | split_pairs=989 split_samples=1978
[eval.mvp] Prepared samples | n_pairs_before_trim=989 n_samples_before_trim=1978 n_pairs_after_trim=989 n_samples_after_trim=1978 max_pairs=0
[eval.mvp] Generated predictions | n_predictions=1978
[eval.mvp] Scoring complete | accuracy=71.4863 pair_consistency=50.2528 n_pairs=989 n_samples=1978
[eval.mvp] Artifacts written | output_dir=artifacts/probes/mvp/mvp_probe_mlp_ltx_video_ltxv_13b_0_9_8_distilled_20260510T133721Z/layer_noise_0.6_block_24/train/trial_0011/val_eval
[I 2026-05-10 20:18:47,150] Trial 11 finished with value: 50.25278058645096 and parameters: {'lr': 0.000381663861962904, 'weight_decay': 0.00821160806524291, 'batch_size': 32, 'epochs': 100, 'hidden_dims': '1024', 'dropout': 0.23036595192387704}. Best is trial 0 with value: 70.27300303336703.
[I 2026-05-10 20:21:04,077] Trial 12 pruned. Pruned at epoch 100 with val_accuracy=68.3519
[I 2026-05-10 20:23:17,412] Trial 13 pruned. Pruned at epoch 100 with val_accuracy=70.4247
[I 2026-05-10 20:25:31,426] Trial 14 pruned. Pruned at epoch 100 with val_accuracy=68.0485
[I 2026-05-10 20:27:15,144] Trial 15 pruned. Pruned at epoch 100 with val_accuracy=50.0000
[I 2026-05-10 20:28:46,238] Trial 16 pruned. Pruned at epoch 100 with val_accuracy=66.6330
[I 2026-05-10 20:30:59,859] Trial 17 pruned. Pruned at epoch 100 with val_accuracy=70.1213
[I 2026-05-10 20:31:50,736] Trial 18 pruned. Pruned at epoch 101 with val_accuracy=72.2447
[I 2026-05-10 20:33:14,853] Trial 19 pruned. Pruned at epoch 100 with val_accuracy=70.1213
[eval.mvp] Starting eval | split_name=train split_dir=data/splits/mvp/full_60_20_20 predictor_mode=from_file annotation_file=data/annotations/mvp_full.jsonl
[eval.mvp] Loaded split assignments | split_pairs=2965 split_samples=5930
[eval.mvp] Prepared samples | n_pairs_before_trim=2965 n_samples_before_trim=5930 n_pairs_after_trim=2965 n_samples_after_trim=5930 max_pairs=0
[eval.mvp] Generated predictions | n_predictions=5930
[eval.mvp] Scoring complete | accuracy=98.3642 pair_consistency=96.7285 n_pairs=2965 n_samples=5930
[eval.mvp] Artifacts written | output_dir=artifacts/probes/mvp/mvp_probe_mlp_ltx_video_ltxv_13b_0_9_8_distilled_20260510T133721Z/layer_noise_0.6_block_24/eval/train
[eval.mvp] Starting eval | split_name=val split_dir=data/splits/mvp/full_60_20_20 predictor_mode=from_file annotation_file=data/annotations/mvp_full.jsonl
[eval.mvp] Loaded split assignments | split_pairs=989 split_samples=1978
[eval.mvp] Prepared samples | n_pairs_before_trim=989 n_samples_before_trim=1978 n_pairs_after_trim=989 n_samples_after_trim=1978 max_pairs=0
[eval.mvp] Generated predictions | n_predictions=1978
[eval.mvp] Scoring complete | accuracy=83.8726 pair_consistency=70.2730 n_pairs=989 n_samples=1978
[eval.mvp] Artifacts written | output_dir=artifacts/probes/mvp/mvp_probe_mlp_ltx_video_ltxv_13b_0_9_8_distilled_20260510T133721Z/layer_noise_0.6_block_24/eval/val
[eval.mvp] Starting eval | split_name=test split_dir=data/splits/mvp/full_60_20_20 predictor_mode=from_file annotation_file=data/annotations/mvp_full.jsonl
[eval.mvp] Loaded split assignments | split_pairs=989 split_samples=1978
[eval.mvp] Prepared samples | n_pairs_before_trim=989 n_samples_before_trim=1978 n_pairs_after_trim=989 n_samples_after_trim=1978 max_pairs=0
[eval.mvp] Generated predictions | n_predictions=1978
[eval.mvp] Scoring complete | accuracy=82.3559 pair_consistency=68.1496 n_pairs=989 n_samples=1978
[eval.mvp] Artifacts written | output_dir=artifacts/probes/mvp/mvp_probe_mlp_ltx_video_ltxv_13b_0_9_8_distilled_20260510T133721Z/layer_noise_0.6_block_24/eval/test
[I 2026-05-10 20:33:25,726] A new study created in RDB with name: mvp_mlp_ltx_video_layer_noise_0.5_block_24
[eval.mvp] Starting eval | split_name=val split_dir=data/splits/mvp/full_60_20_20 predictor_mode=from_file annotation_file=data/annotations/mvp_full.jsonl
[eval.mvp] Loaded split assignments | split_pairs=989 split_samples=1978
[eval.mvp] Prepared samples | n_pairs_before_trim=989 n_samples_before_trim=1978 n_pairs_after_trim=989 n_samples_after_trim=1978 max_pairs=0
[eval.mvp] Generated predictions | n_predictions=1978
[eval.mvp] Scoring complete | accuracy=83.9737 pair_consistency=70.9808 n_pairs=989 n_samples=1978
[eval.mvp] Artifacts written | output_dir=artifacts/probes/mvp/mvp_probe_mlp_ltx_video_ltxv_13b_0_9_8_distilled_20260510T133721Z/layer_noise_0.5_block_24/train/trial_0000/val_eval
[I 2026-05-10 20:48:49,577] Trial 0 finished with value: 70.98078867542974 and parameters: {'lr': 0.0001329291894316216, 'weight_decay': 0.005061576888752304, 'batch_size': 32, 'epochs': 2000, 'hidden_dims': '256', 'dropout': 0.21597250932105788}. Best is trial 0 with value: 70.98078867542974.
[eval.mvp] Starting eval | split_name=val split_dir=data/splits/mvp/full_60_20_20 predictor_mode=from_file annotation_file=data/annotations/mvp_full.jsonl
[eval.mvp] Loaded split assignments | split_pairs=989 split_samples=1978
[eval.mvp] Prepared samples | n_pairs_before_trim=989 n_samples_before_trim=1978 n_pairs_after_trim=989 n_samples_after_trim=1978 max_pairs=0
[eval.mvp] Generated predictions | n_predictions=1978
[eval.mvp] Scoring complete | accuracy=61.4257 pair_consistency=29.4237 n_pairs=989 n_samples=1978
[eval.mvp] Artifacts written | output_dir=artifacts/probes/mvp/mvp_probe_mlp_ltx_video_ltxv_13b_0_9_8_distilled_20260510T133721Z/layer_noise_0.5_block_24/train/trial_0001/val_eval
[I 2026-05-10 20:49:12,028] Trial 1 finished with value: 29.42366026289181 and parameters: {'lr': 7.476312062252303e-05, 'weight_decay': 4.689400963537693e-05, 'batch_size': 256, 'epochs': 20, 'hidden_dims': '512x256', 'dropout': 0.048836057003191935}. Best is trial 0 with value: 70.98078867542974.
[eval.mvp] Starting eval | split_name=val split_dir=data/splits/mvp/full_60_20_20 predictor_mode=from_file annotation_file=data/annotations/mvp_full.jsonl
[eval.mvp] Loaded split assignments | split_pairs=989 split_samples=1978
[eval.mvp] Prepared samples | n_pairs_before_trim=989 n_samples_before_trim=1978 n_pairs_after_trim=989 n_samples_after_trim=1978 max_pairs=0
[eval.mvp] Generated predictions | n_predictions=1978
[eval.mvp] Scoring complete | accuracy=67.2396 pair_consistency=41.4560 n_pairs=989 n_samples=1978
[eval.mvp] Artifacts written | output_dir=artifacts/probes/mvp/mvp_probe_mlp_ltx_video_ltxv_13b_0_9_8_distilled_20260510T133721Z/layer_noise_0.5_block_24/train/trial_0002/val_eval
[I 2026-05-10 20:49:35,883] Trial 2 finished with value: 41.45601617795754 and parameters: {'lr': 0.0011290133559092666, 'weight_decay': 4.374364439939069e-06, 'batch_size': 256, 'epochs': 50, 'hidden_dims': '256', 'dropout': 0.04424625102595975}. Best is trial 0 with value: 70.98078867542974.
[I 2026-05-10 20:50:00,219] Trial 3 pruned. Pruned at epoch 100 with val_accuracy=68.5541
[I 2026-05-10 20:50:28,017] Trial 4 pruned. Pruned at epoch 100 with val_accuracy=68.5035
[I 2026-05-10 20:53:27,686] Trial 5 pruned. Pruned at epoch 100 with val_accuracy=67.6441
[eval.mvp] Starting eval | split_name=val split_dir=data/splits/mvp/full_60_20_20 predictor_mode=from_file annotation_file=data/annotations/mvp_full.jsonl
[eval.mvp] Loaded split assignments | split_pairs=989 split_samples=1978
[eval.mvp] Prepared samples | n_pairs_before_trim=989 n_samples_before_trim=1978 n_pairs_after_trim=989 n_samples_after_trim=1978 max_pairs=0
[eval.mvp] Generated predictions | n_predictions=1978
[eval.mvp] Scoring complete | accuracy=68.0485 pair_consistency=40.9505 n_pairs=989 n_samples=1978
[eval.mvp] Artifacts written | output_dir=artifacts/probes/mvp/mvp_probe_mlp_ltx_video_ltxv_13b_0_9_8_distilled_20260510T133721Z/layer_noise_0.5_block_24/train/trial_0006/val_eval
[I 2026-05-10 20:53:58,421] Trial 6 finished with value: 40.950455005055616 and parameters: {'lr': 0.000794714742465374, 'weight_decay': 0.0016934155410667966, 'batch_size': 128, 'epochs': 50, 'hidden_dims': '512', 'dropout': 0.0599326836668414}. Best is trial 0 with value: 70.98078867542974.
[eval.mvp] Starting eval | split_name=val split_dir=data/splits/mvp/full_60_20_20 predictor_mode=from_file annotation_file=data/annotations/mvp_full.jsonl
[eval.mvp] Loaded split assignments | split_pairs=989 split_samples=1978
[eval.mvp] Prepared samples | n_pairs_before_trim=989 n_samples_before_trim=1978 n_pairs_after_trim=989 n_samples_after_trim=1978 max_pairs=0
[eval.mvp] Generated predictions | n_predictions=1978
[eval.mvp] Scoring complete | accuracy=60.2629 pair_consistency=23.4580 n_pairs=989 n_samples=1978
[eval.mvp] Artifacts written | output_dir=artifacts/probes/mvp/mvp_probe_mlp_ltx_video_ltxv_13b_0_9_8_distilled_20260510T133721Z/layer_noise_0.5_block_24/train/trial_0007/val_eval
[I 2026-05-10 20:54:26,364] Trial 7 finished with value: 23.458038422649143 and parameters: {'lr': 0.00010300196600986775, 'weight_decay': 0.0045442082254883295, 'batch_size': 128, 'epochs': 20, 'hidden_dims': '1024x512x1024', 'dropout': 0.11978094533348621}. Best is trial 0 with value: 70.98078867542974.
[eval.mvp] Starting eval | split_name=val split_dir=data/splits/mvp/full_60_20_20 predictor_mode=from_file annotation_file=data/annotations/mvp_full.jsonl
[eval.mvp] Loaded split assignments | split_pairs=989 split_samples=1978
[eval.mvp] Prepared samples | n_pairs_before_trim=989 n_samples_before_trim=1978 n_pairs_after_trim=989 n_samples_after_trim=1978 max_pairs=0
[eval.mvp] Generated predictions | n_predictions=1978
[eval.mvp] Scoring complete | accuracy=67.1385 pair_consistency=41.3549 n_pairs=989 n_samples=1978
[eval.mvp] Artifacts written | output_dir=artifacts/probes/mvp/mvp_probe_mlp_ltx_video_ltxv_13b_0_9_8_distilled_20260510T133721Z/layer_noise_0.5_block_24/train/trial_0008/val_eval
[I 2026-05-10 20:55:20,215] Trial 8 finished with value: 41.354903943377145 and parameters: {'lr': 2.7207248059486674e-05, 'weight_decay': 8.64403589520682e-06, 'batch_size': 32, 'epochs': 50, 'hidden_dims': '512', 'dropout': 0.3387821809211412}. Best is trial 0 with value: 70.98078867542974.
[eval.mvp] Starting eval | split_name=val split_dir=data/splits/mvp/full_60_20_20 predictor_mode=from_file annotation_file=data/annotations/mvp_full.jsonl
[eval.mvp] Loaded split assignments | split_pairs=989 split_samples=1978
[eval.mvp] Prepared samples | n_pairs_before_trim=989 n_samples_before_trim=1978 n_pairs_after_trim=989 n_samples_after_trim=1978 max_pairs=0
[eval.mvp] Generated predictions | n_predictions=1978
[eval.mvp] Scoring complete | accuracy=63.5490 pair_consistency=35.5915 n_pairs=989 n_samples=1978
[eval.mvp] Artifacts written | output_dir=artifacts/probes/mvp/mvp_probe_mlp_ltx_video_ltxv_13b_0_9_8_distilled_20260510T133721Z/layer_noise_0.5_block_24/train/trial_0009/val_eval
[I 2026-05-10 20:55:43,741] Trial 9 finished with value: 35.591506572295245 and parameters: {'lr': 1.1214075785991125e-05, 'weight_decay': 1.1818390883060214e-05, 'batch_size': 256, 'epochs': 50, 'hidden_dims': '256', 'dropout': 0.12092614545022584}. Best is trial 0 with value: 70.98078867542974.
[I 2026-05-10 20:57:24,380] Trial 10 pruned. Pruned at epoch 100 with val_accuracy=50.0000
[I 2026-05-10 20:59:37,500] Trial 11 pruned. Pruned at epoch 100 with val_accuracy=68.8069
[I 2026-05-10 21:00:13,202] Trial 12 pruned. Pruned at epoch 100 with val_accuracy=67.7452
[I 2026-05-10 21:00:36,743] Trial 13 pruned. Pruned at epoch 100 with val_accuracy=69.8686
[I 2026-05-10 21:03:20,798] Trial 14 pruned. Pruned at epoch 100 with val_accuracy=67.2396
[I 2026-05-10 21:04:02,076] Trial 15 pruned. Pruned at epoch 100 with val_accuracy=66.4307
[eval.mvp] Starting eval | split_name=val split_dir=data/splits/mvp/full_60_20_20 predictor_mode=from_file annotation_file=data/annotations/mvp_full.jsonl
[eval.mvp] Loaded split assignments | split_pairs=989 split_samples=1978
[eval.mvp] Prepared samples | n_pairs_before_trim=989 n_samples_before_trim=1978 n_pairs_after_trim=989 n_samples_after_trim=1978 max_pairs=0
[eval.mvp] Generated predictions | n_predictions=1978
[eval.mvp] Scoring complete | accuracy=67.7958 pair_consistency=42.0627 n_pairs=989 n_samples=1978
[eval.mvp] Artifacts written | output_dir=artifacts/probes/mvp/mvp_probe_mlp_ltx_video_ltxv_13b_0_9_8_distilled_20260510T133721Z/layer_noise_0.5_block_24/train/trial_0016/val_eval
[I 2026-05-10 21:04:57,676] Trial 16 finished with value: 42.06268958543984 and parameters: {'lr': 0.0001377376975923784, 'weight_decay': 0.0003699605217444693, 'batch_size': 32, 'epochs': 50, 'hidden_dims': '512x256', 'dropout': 0.16723284350489442}. Best is trial 0 with value: 70.98078867542974.
[I 2026-05-10 21:06:31,960] Trial 17 pruned. Pruned at epoch 107 with val_accuracy=70.3741
[I 2026-05-10 21:08:02,883] Trial 18 pruned. Pruned at epoch 100 with val_accuracy=67.3913
[eval.mvp] Starting eval | split_name=val split_dir=data/splits/mvp/full_60_20_20 predictor_mode=from_file annotation_file=data/annotations/mvp_full.jsonl
[eval.mvp] Loaded split assignments | split_pairs=989 split_samples=1978
[eval.mvp] Prepared samples | n_pairs_before_trim=989 n_samples_before_trim=1978 n_pairs_after_trim=989 n_samples_after_trim=1978 max_pairs=0
[eval.mvp] Generated predictions | n_predictions=1978
[eval.mvp] Scoring complete | accuracy=68.2508 pair_consistency=40.8493 n_pairs=989 n_samples=1978
[eval.mvp] Artifacts written | output_dir=artifacts/probes/mvp/mvp_probe_mlp_ltx_video_ltxv_13b_0_9_8_distilled_20260510T133721Z/layer_noise_0.5_block_24/train/trial_0019/val_eval
[I 2026-05-10 21:09:04,918] Trial 19 finished with value: 40.849342770475225 and parameters: {'lr': 3.539636508273657e-05, 'weight_decay': 7.176973172320516e-05, 'batch_size': 32, 'epochs': 50, 'hidden_dims': '512x256', 'dropout': 0.20450469686334116}. Best is trial 0 with value: 70.98078867542974.
[eval.mvp] Starting eval | split_name=train split_dir=data/splits/mvp/full_60_20_20 predictor_mode=from_file annotation_file=data/annotations/mvp_full.jsonl
[eval.mvp] Loaded split assignments | split_pairs=2965 split_samples=5930
[eval.mvp] Prepared samples | n_pairs_before_trim=2965 n_samples_before_trim=5930 n_pairs_after_trim=2965 n_samples_after_trim=5930 max_pairs=0
[eval.mvp] Generated predictions | n_predictions=5930
[eval.mvp] Scoring complete | accuracy=98.3305 pair_consistency=96.6948 n_pairs=2965 n_samples=5930
[eval.mvp] Artifacts written | output_dir=artifacts/probes/mvp/mvp_probe_mlp_ltx_video_ltxv_13b_0_9_8_distilled_20260510T133721Z/layer_noise_0.5_block_24/eval/train
[eval.mvp] Starting eval | split_name=val split_dir=data/splits/mvp/full_60_20_20 predictor_mode=from_file annotation_file=data/annotations/mvp_full.jsonl
[eval.mvp] Loaded split assignments | split_pairs=989 split_samples=1978
[eval.mvp] Prepared samples | n_pairs_before_trim=989 n_samples_before_trim=1978 n_pairs_after_trim=989 n_samples_after_trim=1978 max_pairs=0
[eval.mvp] Generated predictions | n_predictions=1978
[eval.mvp] Scoring complete | accuracy=83.9737 pair_consistency=70.9808 n_pairs=989 n_samples=1978
[eval.mvp] Artifacts written | output_dir=artifacts/probes/mvp/mvp_probe_mlp_ltx_video_ltxv_13b_0_9_8_distilled_20260510T133721Z/layer_noise_0.5_block_24/eval/val
[eval.mvp] Starting eval | split_name=test split_dir=data/splits/mvp/full_60_20_20 predictor_mode=from_file annotation_file=data/annotations/mvp_full.jsonl
[eval.mvp] Loaded split assignments | split_pairs=989 split_samples=1978
[eval.mvp] Prepared samples | n_pairs_before_trim=989 n_samples_before_trim=1978 n_pairs_after_trim=989 n_samples_after_trim=1978 max_pairs=0
[eval.mvp] Generated predictions | n_predictions=1978
[eval.mvp] Scoring complete | accuracy=81.5976 pair_consistency=66.8352 n_pairs=989 n_samples=1978
[eval.mvp] Artifacts written | output_dir=artifacts/probes/mvp/mvp_probe_mlp_ltx_video_ltxv_13b_0_9_8_distilled_20260510T133721Z/layer_noise_0.5_block_24/eval/test
[I 2026-05-10 21:09:14,871] A new study created in RDB with name: mvp_mlp_ltx_video_layer_noise_0.4_block_24
[eval.mvp] Starting eval | split_name=val split_dir=data/splits/mvp/full_60_20_20 predictor_mode=from_file annotation_file=data/annotations/mvp_full.jsonl
[eval.mvp] Loaded split assignments | split_pairs=989 split_samples=1978
[eval.mvp] Prepared samples | n_pairs_before_trim=989 n_samples_before_trim=1978 n_pairs_after_trim=989 n_samples_after_trim=1978 max_pairs=0
[eval.mvp] Generated predictions | n_predictions=1978
[eval.mvp] Scoring complete | accuracy=83.6198 pair_consistency=70.5763 n_pairs=989 n_samples=1978
[eval.mvp] Artifacts written | output_dir=artifacts/probes/mvp/mvp_probe_mlp_ltx_video_ltxv_13b_0_9_8_distilled_20260510T133721Z/layer_noise_0.4_block_24/train/trial_0000/val_eval
[I 2026-05-10 21:24:59,427] Trial 0 finished with value: 70.57633973710819 and parameters: {'lr': 0.0001329291894316216, 'weight_decay': 0.005061576888752304, 'batch_size': 32, 'epochs': 2000, 'hidden_dims': '256', 'dropout': 0.21597250932105788}. Best is trial 0 with value: 70.57633973710819.
[eval.mvp] Starting eval | split_name=val split_dir=data/splits/mvp/full_60_20_20 predictor_mode=from_file annotation_file=data/annotations/mvp_full.jsonl
[eval.mvp] Loaded split assignments | split_pairs=989 split_samples=1978
[eval.mvp] Prepared samples | n_pairs_before_trim=989 n_samples_before_trim=1978 n_pairs_after_trim=989 n_samples_after_trim=1978 max_pairs=0
[eval.mvp] Generated predictions | n_predictions=1978
[eval.mvp] Scoring complete | accuracy=61.1223 pair_consistency=31.0415 n_pairs=989 n_samples=1978
[eval.mvp] Artifacts written | output_dir=artifacts/probes/mvp/mvp_probe_mlp_ltx_video_ltxv_13b_0_9_8_distilled_20260510T133721Z/layer_noise_0.4_block_24/train/trial_0001/val_eval
[I 2026-05-10 21:25:21,879] Trial 1 finished with value: 31.04145601617796 and parameters: {'lr': 7.476312062252303e-05, 'weight_decay': 4.689400963537693e-05, 'batch_size': 256, 'epochs': 20, 'hidden_dims': '512x256', 'dropout': 0.048836057003191935}. Best is trial 0 with value: 70.57633973710819.
[eval.mvp] Starting eval | split_name=val split_dir=data/splits/mvp/full_60_20_20 predictor_mode=from_file annotation_file=data/annotations/mvp_full.jsonl
[eval.mvp] Loaded split assignments | split_pairs=989 split_samples=1978
[eval.mvp] Prepared samples | n_pairs_before_trim=989 n_samples_before_trim=1978 n_pairs_after_trim=989 n_samples_after_trim=1978 max_pairs=0
[eval.mvp] Generated predictions | n_predictions=1978
[eval.mvp] Scoring complete | accuracy=64.9141 pair_consistency=31.7492 n_pairs=989 n_samples=1978
[eval.mvp] Artifacts written | output_dir=artifacts/probes/mvp/mvp_probe_mlp_ltx_video_ltxv_13b_0_9_8_distilled_20260510T133721Z/layer_noise_0.4_block_24/train/trial_0002/val_eval
[I 2026-05-10 21:25:46,067] Trial 2 finished with value: 31.749241658240646 and parameters: {'lr': 0.0011290133559092666, 'weight_decay': 4.374364439939069e-06, 'batch_size': 256, 'epochs': 50, 'hidden_dims': '256', 'dropout': 0.04424625102595975}. Best is trial 0 with value: 70.57633973710819.
[I 2026-05-10 21:26:10,292] Trial 3 pruned. Pruned at epoch 100 with val_accuracy=68.4024
[I 2026-05-10 21:26:48,777] Trial 4 pruned. Pruned at epoch 100 with val_accuracy=67.7452
[I 2026-05-10 21:29:47,548] Trial 5 pruned. Pruned at epoch 100 with val_accuracy=66.2285
[eval.mvp] Starting eval | split_name=val split_dir=data/splits/mvp/full_60_20_20 predictor_mode=from_file annotation_file=data/annotations/mvp_full.jsonl
[eval.mvp] Loaded split assignments | split_pairs=989 split_samples=1978
[eval.mvp] Prepared samples | n_pairs_before_trim=989 n_samples_before_trim=1978 n_pairs_after_trim=989 n_samples_after_trim=1978 max_pairs=0
[eval.mvp] Generated predictions | n_predictions=1978
[eval.mvp] Scoring complete | accuracy=68.8069 pair_consistency=42.6694 n_pairs=989 n_samples=1978
[eval.mvp] Artifacts written | output_dir=artifacts/probes/mvp/mvp_probe_mlp_ltx_video_ltxv_13b_0_9_8_distilled_20260510T133721Z/layer_noise_0.4_block_24/train/trial_0006/val_eval
[I 2026-05-10 21:30:21,055] Trial 6 finished with value: 42.669362992922146 and parameters: {'lr': 0.000794714742465374, 'weight_decay': 0.0016934155410667966, 'batch_size': 128, 'epochs': 50, 'hidden_dims': '512', 'dropout': 0.0599326836668414}. Best is trial 0 with value: 70.57633973710819.
[eval.mvp] Starting eval | split_name=val split_dir=data/splits/mvp/full_60_20_20 predictor_mode=from_file annotation_file=data/annotations/mvp_full.jsonl
[eval.mvp] Loaded split assignments | split_pairs=989 split_samples=1978
[eval.mvp] Prepared samples | n_pairs_before_trim=989 n_samples_before_trim=1978 n_pairs_after_trim=989 n_samples_after_trim=1978 max_pairs=0
[eval.mvp] Generated predictions | n_predictions=1978
[eval.mvp] Scoring complete | accuracy=60.3640 pair_consistency=23.9636 n_pairs=989 n_samples=1978
[eval.mvp] Artifacts written | output_dir=artifacts/probes/mvp/mvp_probe_mlp_ltx_video_ltxv_13b_0_9_8_distilled_20260510T133721Z/layer_noise_0.4_block_24/train/trial_0007/val_eval
[I 2026-05-10 21:30:50,231] Trial 7 finished with value: 23.96359959555106 and parameters: {'lr': 0.00010300196600986775, 'weight_decay': 0.0045442082254883295, 'batch_size': 128, 'epochs': 20, 'hidden_dims': '1024x512x1024', 'dropout': 0.11978094533348621}. Best is trial 0 with value: 70.57633973710819.
[eval.mvp] Starting eval | split_name=val split_dir=data/splits/mvp/full_60_20_20 predictor_mode=from_file annotation_file=data/annotations/mvp_full.jsonl
[eval.mvp] Loaded split assignments | split_pairs=989 split_samples=1978
[eval.mvp] Prepared samples | n_pairs_before_trim=989 n_samples_before_trim=1978 n_pairs_after_trim=989 n_samples_after_trim=1978 max_pairs=0
[eval.mvp] Generated predictions | n_predictions=1978
[eval.mvp] Scoring complete | accuracy=67.0880 pair_consistency=41.4560 n_pairs=989 n_samples=1978
[eval.mvp] Artifacts written | output_dir=artifacts/probes/mvp/mvp_probe_mlp_ltx_video_ltxv_13b_0_9_8_distilled_20260510T133721Z/layer_noise_0.4_block_24/train/trial_0008/val_eval
[I 2026-05-10 21:31:45,606] Trial 8 finished with value: 41.45601617795754 and parameters: {'lr': 2.7207248059486674e-05, 'weight_decay': 8.64403589520682e-06, 'batch_size': 32, 'epochs': 50, 'hidden_dims': '512', 'dropout': 0.3387821809211412}. Best is trial 0 with value: 70.57633973710819.
[eval.mvp] Starting eval | split_name=val split_dir=data/splits/mvp/full_60_20_20 predictor_mode=from_file annotation_file=data/annotations/mvp_full.jsonl
[eval.mvp] Loaded split assignments | split_pairs=989 split_samples=1978
[eval.mvp] Prepared samples | n_pairs_before_trim=989 n_samples_before_trim=1978 n_pairs_after_trim=989 n_samples_after_trim=1978 max_pairs=0
[eval.mvp] Generated predictions | n_predictions=1978
[eval.mvp] Scoring complete | accuracy=62.1840 pair_consistency=33.3670 n_pairs=989 n_samples=1978
[eval.mvp] Artifacts written | output_dir=artifacts/probes/mvp/mvp_probe_mlp_ltx_video_ltxv_13b_0_9_8_distilled_20260510T133721Z/layer_noise_0.4_block_24/train/trial_0009/val_eval
[I 2026-05-10 21:32:11,845] Trial 9 finished with value: 33.367037411526795 and parameters: {'lr': 1.1214075785991125e-05, 'weight_decay': 1.1818390883060214e-05, 'batch_size': 256, 'epochs': 50, 'hidden_dims': '256', 'dropout': 0.12092614545022584}. Best is trial 0 with value: 70.57633973710819.
[I 2026-05-10 21:33:54,082] Trial 10 pruned. Pruned at epoch 100 with val_accuracy=50.0000
[eval.mvp] Starting eval | split_name=val split_dir=data/splits/mvp/full_60_20_20 predictor_mode=from_file annotation_file=data/annotations/mvp_full.jsonl
[eval.mvp] Loaded split assignments | split_pairs=989 split_samples=1978
[eval.mvp] Prepared samples | n_pairs_before_trim=989 n_samples_before_trim=1978 n_pairs_after_trim=989 n_samples_after_trim=1978 max_pairs=0
[eval.mvp] Generated predictions | n_predictions=1978
[eval.mvp] Scoring complete | accuracy=71.1325 pair_consistency=49.0394 n_pairs=989 n_samples=1978
[eval.mvp] Artifacts written | output_dir=artifacts/probes/mvp/mvp_probe_mlp_ltx_video_ltxv_13b_0_9_8_distilled_20260510T133721Z/layer_noise_0.4_block_24/train/trial_0011/val_eval
[I 2026-05-10 21:36:24,812] Trial 11 finished with value: 49.03943377148635 and parameters: {'lr': 0.000381663861962904, 'weight_decay': 0.00821160806524291, 'batch_size': 32, 'epochs': 100, 'hidden_dims': '1024', 'dropout': 0.23036595192387704}. Best is trial 0 with value: 70.57633973710819.
[I 2026-05-10 21:38:39,051] Trial 12 pruned. Pruned at epoch 100 with val_accuracy=69.1608
[I 2026-05-10 21:41:42,825] Trial 13 pruned. Pruned at epoch 100 with val_accuracy=69.1102
[I 2026-05-10 21:43:58,909] Trial 14 pruned. Pruned at epoch 100 with val_accuracy=69.6158
[I 2026-05-10 21:45:42,899] Trial 15 pruned. Pruned at epoch 100 with val_accuracy=50.0000
Traceback (most recent call last):
  File "/home/scur0511/.conda/envs/probe4physics-gpu/lib/python3.11/site-packages/sqlalchemy/engine/base.py", line 1967, in _exec_single_context
    self.dialect.do_execute(
  File "/home/scur0511/.conda/envs/probe4physics-gpu/lib/python3.11/site-packages/sqlalchemy/engine/default.py", line 952, in do_execute
    cursor.execute(statement, parameters)
sqlite3.OperationalError: disk I/O error

The above exception was the direct cause of the following exception:

Traceback (most recent call last):
  File "/home/scur0511/.conda/envs/probe4physics-gpu/lib/python3.11/site-packages/optuna/storages/_rdb/storage.py", line 80, in _create_scoped_session
    session.commit()
  File "/home/scur0511/.conda/envs/probe4physics-gpu/lib/python3.11/site-packages/sqlalchemy/orm/session.py", line 2030, in commit
    trans.commit(_to_root=True)
  File "<string>", line 2, in commit
  File "/home/scur0511/.conda/envs/probe4physics-gpu/lib/python3.11/site-packages/sqlalchemy/orm/state_changes.py", line 137, in _go
    ret_value = fn(self, *arg, **kw)
                ^^^^^^^^^^^^^^^^^^^^
  File "/home/scur0511/.conda/envs/probe4physics-gpu/lib/python3.11/site-packages/sqlalchemy/orm/session.py", line 1311, in commit
    self._prepare_impl()
  File "<string>", line 2, in _prepare_impl
  File "/home/scur0511/.conda/envs/probe4physics-gpu/lib/python3.11/site-packages/sqlalchemy/orm/state_changes.py", line 137, in _go
    ret_value = fn(self, *arg, **kw)
                ^^^^^^^^^^^^^^^^^^^^
  File "/home/scur0511/.conda/envs/probe4physics-gpu/lib/python3.11/site-packages/sqlalchemy/orm/session.py", line 1286, in _prepare_impl
    self.session.flush()
  File "/home/scur0511/.conda/envs/probe4physics-gpu/lib/python3.11/site-packages/sqlalchemy/orm/session.py", line 4331, in flush
    self._flush(objects)
  File "/home/scur0511/.conda/envs/probe4physics-gpu/lib/python3.11/site-packages/sqlalchemy/orm/session.py", line 4466, in _flush
    with util.safe_reraise():
  File "/home/scur0511/.conda/envs/probe4physics-gpu/lib/python3.11/site-packages/sqlalchemy/util/langhelpers.py", line 121, in __exit__
    raise exc_value.with_traceback(exc_tb)
  File "/home/scur0511/.conda/envs/probe4physics-gpu/lib/python3.11/site-packages/sqlalchemy/orm/session.py", line 4427, in _flush
    flush_context.execute()
  File "/home/scur0511/.conda/envs/probe4physics-gpu/lib/python3.11/site-packages/sqlalchemy/orm/unitofwork.py", line 466, in execute
    rec.execute(self)
  File "/home/scur0511/.conda/envs/probe4physics-gpu/lib/python3.11/site-packages/sqlalchemy/orm/unitofwork.py", line 642, in execute
    util.preloaded.orm_persistence.save_obj(
  File "/home/scur0511/.conda/envs/probe4physics-gpu/lib/python3.11/site-packages/sqlalchemy/orm/persistence.py", line 85, in save_obj
    _emit_update_statements(
  File "/home/scur0511/.conda/envs/probe4physics-gpu/lib/python3.11/site-packages/sqlalchemy/orm/persistence.py", line 912, in _emit_update_statements
    c = connection.execute(
        ^^^^^^^^^^^^^^^^^^^
  File "/home/scur0511/.conda/envs/probe4physics-gpu/lib/python3.11/site-packages/sqlalchemy/engine/base.py", line 1419, in execute
    return meth(
           ^^^^^
  File "/home/scur0511/.conda/envs/probe4physics-gpu/lib/python3.11/site-packages/sqlalchemy/sql/elements.py", line 527, in _execute_on_connection
    return connection._execute_clauseelement(
           ^^^^^^^^^^^^^^^^^^^^^^^^^^^^^^^^^^
  File "/home/scur0511/.conda/envs/probe4physics-gpu/lib/python3.11/site-packages/sqlalchemy/engine/base.py", line 1641, in _execute_clauseelement
    ret = self._execute_context(
          ^^^^^^^^^^^^^^^^^^^^^^
  File "/home/scur0511/.conda/envs/probe4physics-gpu/lib/python3.11/site-packages/sqlalchemy/engine/base.py", line 1846, in _execute_context
    return self._exec_single_context(
           ^^^^^^^^^^^^^^^^^^^^^^^^^^
  File "/home/scur0511/.conda/envs/probe4physics-gpu/lib/python3.11/site-packages/sqlalchemy/engine/base.py", line 1986, in _exec_single_context
    self._handle_dbapi_exception(
  File "/home/scur0511/.conda/envs/probe4physics-gpu/lib/python3.11/site-packages/sqlalchemy/engine/base.py", line 2363, in _handle_dbapi_exception
    raise sqlalchemy_exception.with_traceback(exc_info[2]) from e
  File "/home/scur0511/.conda/envs/probe4physics-gpu/lib/python3.11/site-packages/sqlalchemy/engine/base.py", line 1967, in _exec_single_context
    self.dialect.do_execute(
  File "/home/scur0511/.conda/envs/probe4physics-gpu/lib/python3.11/site-packages/sqlalchemy/engine/default.py", line 952, in do_execute
    cursor.execute(statement, parameters)
sqlalchemy.exc.OperationalError: (sqlite3.OperationalError) disk I/O error
[SQL: UPDATE trials SET state=?, datetime_complete=? WHERE trials.trial_id = ?]
[parameters: ('FAIL', '2026-05-10 21:46:57.884577', 17)]
(Background on this error at: https://sqlalche.me/e/20/e3q8)

The above exception was the direct cause of the following exception:

Traceback (most recent call last):
  File "/home/scur0511/.conda/envs/probe4physics-gpu/lib/python3.11/site-packages/optuna/study/_optimize.py", line 218, in _run_trial
    updated_state, values, warning_message = _tell_with_warning(
                                             ^^^^^^^^^^^^^^^^^^^
  File "/home/scur0511/.conda/envs/probe4physics-gpu/lib/python3.11/site-packages/optuna/study/_tell.py", line 174, in _tell_with_warning
    study._storage.set_trial_state_values(frozen_trial._trial_id, state, values)
  File "/home/scur0511/.conda/envs/probe4physics-gpu/lib/python3.11/site-packages/optuna/storages/_cached_storage.py", line 194, in set_trial_state_values
    return self._backend.set_trial_state_values(trial_id, state=state, values=values)
           ^^^^^^^^^^^^^^^^^^^^^^^^^^^^^^^^^^^^^^^^^^^^^^^^^^^^^^^^^^^^^^^^^^^^^^^^^^
  File "/home/scur0511/.conda/envs/probe4physics-gpu/lib/python3.11/site-packages/optuna/storages/_rdb/storage.py", line 657, in set_trial_state_values
    with _create_scoped_session(self.scoped_session) as session:
  File "/home/scur0511/.conda/envs/probe4physics-gpu/lib/python3.11/contextlib.py", line 144, in __exit__
    next(self.gen)
  File "/home/scur0511/.conda/envs/probe4physics-gpu/lib/python3.11/site-packages/optuna/storages/_rdb/storage.py", line 98, in _create_scoped_session
    raise optuna.exceptions.StorageInternalError(message) from e
optuna.exceptions.StorageInternalError: An exception is raised during the commit. This typically happens due to invalid data in the commit, e.g. exceeding max length. 

During handling of the above exception, another exception occurred:

Traceback (most recent call last):
  File "/gpfs/home3/scur0511/Probe4Physics/run.py", line 388, in <module>
    main()
  File "/gpfs/home3/scur0511/Probe4Physics/run.py", line 84, in main
    result = command.handler(config)
             ^^^^^^^^^^^^^^^^^^^^^^^
  File "/gpfs/home3/scur0511/Probe4Physics/training/run_probe.py", line 293, in run_mvp_train_eval_probe
    return run_probe_train_eval("mvp", config)
           ^^^^^^^^^^^^^^^^^^^^^^^^^^^^^^^^^^^
  File "/gpfs/home3/scur0511/Probe4Physics/training/run_probe.py", line 337, in run_probe_train_eval
    train_summary = _run_train_workflow(
                    ^^^^^^^^^^^^^^^^^^^^
  File "/gpfs/home3/scur0511/Probe4Physics/training/run_probe.py", line 397, in _run_train_workflow
    return _run_optuna_study(dataset, config, probe_cfg, study_root=output_dir)
           ^^^^^^^^^^^^^^^^^^^^^^^^^^^^^^^^^^^^^^^^^^^^^^^^^^^^^^^^^^^^^^^^^^^^
  File "/gpfs/home3/scur0511/Probe4Physics/training/run_probe.py", line 1196, in _run_optuna_study
    study.optimize(
  File "/home/scur0511/.conda/envs/probe4physics-gpu/lib/python3.11/site-packages/optuna/study/study.py", line 490, in optimize
    _optimize(
  File "/home/scur0511/.conda/envs/probe4physics-gpu/lib/python3.11/site-packages/optuna/study/_optimize.py", line 68, in _optimize
    _optimize_sequential(
  File "/home/scur0511/.conda/envs/probe4physics-gpu/lib/python3.11/site-packages/optuna/study/_optimize.py", line 165, in _optimize_sequential
    frozen_trial_id = _run_trial(study, func, catch)
                      ^^^^^^^^^^^^^^^^^^^^^^^^^^^^^^
  File "/home/scur0511/.conda/envs/probe4physics-gpu/lib/python3.11/site-packages/optuna/study/_optimize.py", line 256, in _run_trial
    assert False, "Should not reach."
           ^^^^^
AssertionError: Should not reach.
Exception ignored in: <_io.TextIOWrapper name='<stdout>' mode='w' encoding='utf-8'>
OSError: [Errno 122] Disk quota exceeded
