===== TRAIN PROVENANCE =====
Mon May 11 23:17:42 UTC 2026
gcn65.local.snellius.surf.nl
f26df985262d47ceceeeb0db027fdde8087059f1
Python 3.11.15
/home/scur0511/.conda/envs/probe4physics-gpu/bin/python
REPO_ROOT=/gpfs/home3/scur0511/Probe4Physics
DATASET_NAME=mvp
PROBE_NAME=mlp
BACKBONE_NAME=ltx_video
BACKBONE_VARIANT=<config default>
PROBE_EPOCHS=<config default>
PROBE_DEVICE=cpu
PROBE_LAYER=1
PROBE_LAYERS=3, 7, 11, 15, 19, 23, 27, 31, 35, 39
PROBE_FEATURE_VIEW=pooled
ENABLE_WANDB=false
WANDB_PROJECT=probe4physics
WANDB_MODE=online
WANDB_GROUP=mvp_mlp_ltx_video
ENABLE_OPTUNA=true
OPTUNA_N_TRIALS=20
OPTUNA_N_JOBS=1
OPTUNA_TIMEOUT_SECONDS=0
ENABLE_OPTUNA_PRUNER=true
OPTUNA_PRUNER_STARTUP_TRIALS=3
OPTUNA_PRUNER_WARMUP_STEPS=100
OPTUNA_PRUNER_INTERVAL_STEPS=1
OPTUNA_STUDY_NAME=mvp_mlp_ltx_video
OPTUNA_SEARCH_OVERRIDES=<none>
============================
JOB_START_UTC=2026-05-11T23:17:42Z
[features.mvp] using compatible legacy cache: expected_signature=b8e742eb048177da actual_signature=7a044c58a91d3409 cache_dir=/gpfs/scratch1/shared/scur0511/probe4physics/artifacts/features/mvp/ltx_video_ltxv_13b_0_9_8_distilled/train-val-test/7a044c58a91d3409
[features.mvp] using compatible legacy cache: expected_signature=b8e742eb048177da actual_signature=7a044c58a91d3409 cache_dir=/gpfs/scratch1/shared/scur0511/probe4physics/artifacts/features/mvp/ltx_video_ltxv_13b_0_9_8_distilled/train-val-test/7a044c58a91d3409
[features.mvp] using compatible legacy cache: expected_signature=b8e742eb048177da actual_signature=7a044c58a91d3409 cache_dir=/gpfs/scratch1/shared/scur0511/probe4physics/artifacts/features/mvp/ltx_video_ltxv_13b_0_9_8_distilled/train-val-test/7a044c58a91d3409
[features.mvp] using compatible legacy cache: expected_signature=b8e742eb048177da actual_signature=7a044c58a91d3409 cache_dir=/gpfs/scratch1/shared/scur0511/probe4physics/artifacts/features/mvp/ltx_video_ltxv_13b_0_9_8_distilled/train-val-test/7a044c58a91d3409
[features.mvp] using compatible legacy cache: expected_signature=b8e742eb048177da actual_signature=7a044c58a91d3409 cache_dir=/gpfs/scratch1/shared/scur0511/probe4physics/artifacts/features/mvp/ltx_video_ltxv_13b_0_9_8_distilled/train-val-test/7a044c58a91d3409
[features.mvp] using compatible legacy cache: expected_signature=b8e742eb048177da actual_signature=7a044c58a91d3409 cache_dir=/gpfs/scratch1/shared/scur0511/probe4physics/artifacts/features/mvp/ltx_video_ltxv_13b_0_9_8_distilled/train-val-test/7a044c58a91d3409
[features.mvp] using compatible legacy cache: expected_signature=b8e742eb048177da actual_signature=7a044c58a91d3409 cache_dir=/gpfs/scratch1/shared/scur0511/probe4physics/artifacts/features/mvp/ltx_video_ltxv_13b_0_9_8_distilled/train-val-test/7a044c58a91d3409
[features.mvp] using compatible legacy cache: expected_signature=b8e742eb048177da actual_signature=7a044c58a91d3409 cache_dir=/gpfs/scratch1/shared/scur0511/probe4physics/artifacts/features/mvp/ltx_video_ltxv_13b_0_9_8_distilled/train-val-test/7a044c58a91d3409
[features.mvp] using compatible legacy cache: expected_signature=b8e742eb048177da actual_signature=7a044c58a91d3409 cache_dir=/gpfs/scratch1/shared/scur0511/probe4physics/artifacts/features/mvp/ltx_video_ltxv_13b_0_9_8_distilled/train-val-test/7a044c58a91d3409
[features.mvp] using compatible legacy cache: expected_signature=b8e742eb048177da actual_signature=7a044c58a91d3409 cache_dir=/gpfs/scratch1/shared/scur0511/probe4physics/artifacts/features/mvp/ltx_video_ltxv_13b_0_9_8_distilled/train-val-test/7a044c58a91d3409
[features.mvp] using compatible legacy cache: expected_signature=b8e742eb048177da actual_signature=7a044c58a91d3409 cache_dir=/gpfs/scratch1/shared/scur0511/probe4physics/artifacts/features/mvp/ltx_video_ltxv_13b_0_9_8_distilled/train-val-test/7a044c58a91d3409
[features.mvp] using compatible legacy cache: expected_signature=b8e742eb048177da actual_signature=7a044c58a91d3409 cache_dir=/gpfs/scratch1/shared/scur0511/probe4physics/artifacts/features/mvp/ltx_video_ltxv_13b_0_9_8_distilled/train-val-test/7a044c58a91d3409
[features.mvp] using compatible legacy cache: expected_signature=b8e742eb048177da actual_signature=7a044c58a91d3409 cache_dir=/gpfs/scratch1/shared/scur0511/probe4physics/artifacts/features/mvp/ltx_video_ltxv_13b_0_9_8_distilled/train-val-test/7a044c58a91d3409
[features.mvp] using compatible legacy cache: expected_signature=b8e742eb048177da actual_signature=7a044c58a91d3409 cache_dir=/gpfs/scratch1/shared/scur0511/probe4physics/artifacts/features/mvp/ltx_video_ltxv_13b_0_9_8_distilled/train-val-test/7a044c58a91d3409
[features.mvp] using compatible legacy cache: expected_signature=b8e742eb048177da actual_signature=7a044c58a91d3409 cache_dir=/gpfs/scratch1/shared/scur0511/probe4physics/artifacts/features/mvp/ltx_video_ltxv_13b_0_9_8_distilled/train-val-test/7a044c58a91d3409
[features.mvp] using compatible legacy cache: expected_signature=b8e742eb048177da actual_signature=7a044c58a91d3409 cache_dir=/gpfs/scratch1/shared/scur0511/probe4physics/artifacts/features/mvp/ltx_video_ltxv_13b_0_9_8_distilled/train-val-test/7a044c58a91d3409
[features.mvp] using compatible legacy cache: expected_signature=b8e742eb048177da actual_signature=7a044c58a91d3409 cache_dir=/gpfs/scratch1/shared/scur0511/probe4physics/artifacts/features/mvp/ltx_video_ltxv_13b_0_9_8_distilled/train-val-test/7a044c58a91d3409
[features.mvp] using compatible legacy cache: expected_signature=b8e742eb048177da actual_signature=7a044c58a91d3409 cache_dir=/gpfs/scratch1/shared/scur0511/probe4physics/artifacts/features/mvp/ltx_video_ltxv_13b_0_9_8_distilled/train-val-test/7a044c58a91d3409
[features.mvp] using compatible legacy cache: expected_signature=b8e742eb048177da actual_signature=7a044c58a91d3409 cache_dir=/gpfs/scratch1/shared/scur0511/probe4physics/artifacts/features/mvp/ltx_video_ltxv_13b_0_9_8_distilled/train-val-test/7a044c58a91d3409
[features.mvp] using compatible legacy cache: expected_signature=b8e742eb048177da actual_signature=7a044c58a91d3409 cache_dir=/gpfs/scratch1/shared/scur0511/probe4physics/artifacts/features/mvp/ltx_video_ltxv_13b_0_9_8_distilled/train-val-test/7a044c58a91d3409
[features.mvp] using compatible legacy cache: expected_signature=b8e742eb048177da actual_signature=7a044c58a91d3409 cache_dir=/gpfs/scratch1/shared/scur0511/probe4physics/artifacts/features/mvp/ltx_video_ltxv_13b_0_9_8_distilled/train-val-test/7a044c58a91d3409
[features.mvp] using compatible legacy cache: expected_signature=b8e742eb048177da actual_signature=7a044c58a91d3409 cache_dir=/gpfs/scratch1/shared/scur0511/probe4physics/artifacts/features/mvp/ltx_video_ltxv_13b_0_9_8_distilled/train-val-test/7a044c58a91d3409
[features.mvp] using compatible legacy cache: expected_signature=b8e742eb048177da actual_signature=7a044c58a91d3409 cache_dir=/gpfs/scratch1/shared/scur0511/probe4physics/artifacts/features/mvp/ltx_video_ltxv_13b_0_9_8_distilled/train-val-test/7a044c58a91d3409
[features.mvp] using compatible legacy cache: expected_signature=b8e742eb048177da actual_signature=7a044c58a91d3409 cache_dir=/gpfs/scratch1/shared/scur0511/probe4physics/artifacts/features/mvp/ltx_video_ltxv_13b_0_9_8_distilled/train-val-test/7a044c58a91d3409
[features.mvp] using compatible legacy cache: expected_signature=b8e742eb048177da actual_signature=7a044c58a91d3409 cache_dir=/gpfs/scratch1/shared/scur0511/probe4physics/artifacts/features/mvp/ltx_video_ltxv_13b_0_9_8_distilled/train-val-test/7a044c58a91d3409
[features.mvp] using compatible legacy cache: expected_signature=b8e742eb048177da actual_signature=7a044c58a91d3409 cache_dir=/gpfs/scratch1/shared/scur0511/probe4physics/artifacts/features/mvp/ltx_video_ltxv_13b_0_9_8_distilled/train-val-test/7a044c58a91d3409
[features.mvp] using compatible legacy cache: expected_signature=b8e742eb048177da actual_signature=7a044c58a91d3409 cache_dir=/gpfs/scratch1/shared/scur0511/probe4physics/artifacts/features/mvp/ltx_video_ltxv_13b_0_9_8_distilled/train-val-test/7a044c58a91d3409
[features.mvp] using compatible legacy cache: expected_signature=b8e742eb048177da actual_signature=7a044c58a91d3409 cache_dir=/gpfs/scratch1/shared/scur0511/probe4physics/artifacts/features/mvp/ltx_video_ltxv_13b_0_9_8_distilled/train-val-test/7a044c58a91d3409
[features.mvp] using compatible legacy cache: expected_signature=b8e742eb048177da actual_signature=7a044c58a91d3409 cache_dir=/gpfs/scratch1/shared/scur0511/probe4physics/artifacts/features/mvp/ltx_video_ltxv_13b_0_9_8_distilled/train-val-test/7a044c58a91d3409
[features.mvp] using compatible legacy cache: expected_signature=b8e742eb048177da actual_signature=7a044c58a91d3409 cache_dir=/gpfs/scratch1/shared/scur0511/probe4physics/artifacts/features/mvp/ltx_video_ltxv_13b_0_9_8_distilled/train-val-test/7a044c58a91d3409
[features.mvp] using compatible legacy cache: expected_signature=b8e742eb048177da actual_signature=7a044c58a91d3409 cache_dir=/gpfs/scratch1/shared/scur0511/probe4physics/artifacts/features/mvp/ltx_video_ltxv_13b_0_9_8_distilled/train-val-test/7a044c58a91d3409
[features.mvp] using compatible legacy cache: expected_signature=b8e742eb048177da actual_signature=7a044c58a91d3409 cache_dir=/gpfs/scratch1/shared/scur0511/probe4physics/artifacts/features/mvp/ltx_video_ltxv_13b_0_9_8_distilled/train-val-test/7a044c58a91d3409
[features.mvp] using compatible legacy cache: expected_signature=b8e742eb048177da actual_signature=7a044c58a91d3409 cache_dir=/gpfs/scratch1/shared/scur0511/probe4physics/artifacts/features/mvp/ltx_video_ltxv_13b_0_9_8_distilled/train-val-test/7a044c58a91d3409
[features.mvp] using compatible legacy cache: expected_signature=b8e742eb048177da actual_signature=7a044c58a91d3409 cache_dir=/gpfs/scratch1/shared/scur0511/probe4physics/artifacts/features/mvp/ltx_video_ltxv_13b_0_9_8_distilled/train-val-test/7a044c58a91d3409
[features.mvp] using compatible legacy cache: expected_signature=b8e742eb048177da actual_signature=7a044c58a91d3409 cache_dir=/gpfs/scratch1/shared/scur0511/probe4physics/artifacts/features/mvp/ltx_video_ltxv_13b_0_9_8_distilled/train-val-test/7a044c58a91d3409
[features.mvp] using compatible legacy cache: expected_signature=b8e742eb048177da actual_signature=7a044c58a91d3409 cache_dir=/gpfs/scratch1/shared/scur0511/probe4physics/artifacts/features/mvp/ltx_video_ltxv_13b_0_9_8_distilled/train-val-test/7a044c58a91d3409
[features.mvp] using compatible legacy cache: expected_signature=b8e742eb048177da actual_signature=7a044c58a91d3409 cache_dir=/gpfs/scratch1/shared/scur0511/probe4physics/artifacts/features/mvp/ltx_video_ltxv_13b_0_9_8_distilled/train-val-test/7a044c58a91d3409
[features.mvp] using compatible legacy cache: expected_signature=b8e742eb048177da actual_signature=7a044c58a91d3409 cache_dir=/gpfs/scratch1/shared/scur0511/probe4physics/artifacts/features/mvp/ltx_video_ltxv_13b_0_9_8_distilled/train-val-test/7a044c58a91d3409
[features.mvp] using compatible legacy cache: expected_signature=b8e742eb048177da actual_signature=7a044c58a91d3409 cache_dir=/gpfs/scratch1/shared/scur0511/probe4physics/artifacts/features/mvp/ltx_video_ltxv_13b_0_9_8_distilled/train-val-test/7a044c58a91d3409
[features.mvp] using compatible legacy cache: expected_signature=b8e742eb048177da actual_signature=7a044c58a91d3409 cache_dir=/gpfs/scratch1/shared/scur0511/probe4physics/artifacts/features/mvp/ltx_video_ltxv_13b_0_9_8_distilled/train-val-test/7a044c58a91d3409
[features.mvp] using compatible legacy cache: expected_signature=b8e742eb048177da actual_signature=7a044c58a91d3409 cache_dir=/gpfs/scratch1/shared/scur0511/probe4physics/artifacts/features/mvp/ltx_video_ltxv_13b_0_9_8_distilled/train-val-test/7a044c58a91d3409
[features.mvp] using compatible legacy cache: expected_signature=b8e742eb048177da actual_signature=7a044c58a91d3409 cache_dir=/gpfs/scratch1/shared/scur0511/probe4physics/artifacts/features/mvp/ltx_video_ltxv_13b_0_9_8_distilled/train-val-test/7a044c58a91d3409
[features.mvp] using compatible legacy cache: expected_signature=b8e742eb048177da actual_signature=7a044c58a91d3409 cache_dir=/gpfs/scratch1/shared/scur0511/probe4physics/artifacts/features/mvp/ltx_video_ltxv_13b_0_9_8_distilled/train-val-test/7a044c58a91d3409
[features.mvp] using compatible legacy cache: expected_signature=b8e742eb048177da actual_signature=7a044c58a91d3409 cache_dir=/gpfs/scratch1/shared/scur0511/probe4physics/artifacts/features/mvp/ltx_video_ltxv_13b_0_9_8_distilled/train-val-test/7a044c58a91d3409
[features.mvp] using compatible legacy cache: expected_signature=b8e742eb048177da actual_signature=7a044c58a91d3409 cache_dir=/gpfs/scratch1/shared/scur0511/probe4physics/artifacts/features/mvp/ltx_video_ltxv_13b_0_9_8_distilled/train-val-test/7a044c58a91d3409
[features.mvp] using compatible legacy cache: expected_signature=b8e742eb048177da actual_signature=7a044c58a91d3409 cache_dir=/gpfs/scratch1/shared/scur0511/probe4physics/artifacts/features/mvp/ltx_video_ltxv_13b_0_9_8_distilled/train-val-test/7a044c58a91d3409
[features.mvp] using compatible legacy cache: expected_signature=b8e742eb048177da actual_signature=7a044c58a91d3409 cache_dir=/gpfs/scratch1/shared/scur0511/probe4physics/artifacts/features/mvp/ltx_video_ltxv_13b_0_9_8_distilled/train-val-test/7a044c58a91d3409
[features.mvp] using compatible legacy cache: expected_signature=b8e742eb048177da actual_signature=7a044c58a91d3409 cache_dir=/gpfs/scratch1/shared/scur0511/probe4physics/artifacts/features/mvp/ltx_video_ltxv_13b_0_9_8_distilled/train-val-test/7a044c58a91d3409
[features.mvp] using compatible legacy cache: expected_signature=b8e742eb048177da actual_signature=7a044c58a91d3409 cache_dir=/gpfs/scratch1/shared/scur0511/probe4physics/artifacts/features/mvp/ltx_video_ltxv_13b_0_9_8_distilled/train-val-test/7a044c58a91d3409
[features.mvp] using compatible legacy cache: expected_signature=b8e742eb048177da actual_signature=7a044c58a91d3409 cache_dir=/gpfs/scratch1/shared/scur0511/probe4physics/artifacts/features/mvp/ltx_video_ltxv_13b_0_9_8_distilled/train-val-test/7a044c58a91d3409
[features.mvp] using compatible legacy cache: expected_signature=b8e742eb048177da actual_signature=7a044c58a91d3409 cache_dir=/gpfs/scratch1/shared/scur0511/probe4physics/artifacts/features/mvp/ltx_video_ltxv_13b_0_9_8_distilled/train-val-test/7a044c58a91d3409
[features.mvp] using compatible legacy cache: expected_signature=b8e742eb048177da actual_signature=7a044c58a91d3409 cache_dir=/gpfs/scratch1/shared/scur0511/probe4physics/artifacts/features/mvp/ltx_video_ltxv_13b_0_9_8_distilled/train-val-test/7a044c58a91d3409
[features.mvp] using compatible legacy cache: expected_signature=b8e742eb048177da actual_signature=7a044c58a91d3409 cache_dir=/gpfs/scratch1/shared/scur0511/probe4physics/artifacts/features/mvp/ltx_video_ltxv_13b_0_9_8_distilled/train-val-test/7a044c58a91d3409
[features.mvp] using compatible legacy cache: expected_signature=b8e742eb048177da actual_signature=7a044c58a91d3409 cache_dir=/gpfs/scratch1/shared/scur0511/probe4physics/artifacts/features/mvp/ltx_video_ltxv_13b_0_9_8_distilled/train-val-test/7a044c58a91d3409
[features.mvp] using compatible legacy cache: expected_signature=b8e742eb048177da actual_signature=7a044c58a91d3409 cache_dir=/gpfs/scratch1/shared/scur0511/probe4physics/artifacts/features/mvp/ltx_video_ltxv_13b_0_9_8_distilled/train-val-test/7a044c58a91d3409
[features.mvp] using compatible legacy cache: expected_signature=b8e742eb048177da actual_signature=7a044c58a91d3409 cache_dir=/gpfs/scratch1/shared/scur0511/probe4physics/artifacts/features/mvp/ltx_video_ltxv_13b_0_9_8_distilled/train-val-test/7a044c58a91d3409
[features.mvp] using compatible legacy cache: expected_signature=b8e742eb048177da actual_signature=7a044c58a91d3409 cache_dir=/gpfs/scratch1/shared/scur0511/probe4physics/artifacts/features/mvp/ltx_video_ltxv_13b_0_9_8_distilled/train-val-test/7a044c58a91d3409
[features.mvp] using compatible legacy cache: expected_signature=b8e742eb048177da actual_signature=7a044c58a91d3409 cache_dir=/gpfs/scratch1/shared/scur0511/probe4physics/artifacts/features/mvp/ltx_video_ltxv_13b_0_9_8_distilled/train-val-test/7a044c58a91d3409
[features.mvp] using compatible legacy cache: expected_signature=b8e742eb048177da actual_signature=7a044c58a91d3409 cache_dir=/gpfs/scratch1/shared/scur0511/probe4physics/artifacts/features/mvp/ltx_video_ltxv_13b_0_9_8_distilled/train-val-test/7a044c58a91d3409
[features.mvp] using compatible legacy cache: expected_signature=b8e742eb048177da actual_signature=7a044c58a91d3409 cache_dir=/gpfs/scratch1/shared/scur0511/probe4physics/artifacts/features/mvp/ltx_video_ltxv_13b_0_9_8_distilled/train-val-test/7a044c58a91d3409
[features.mvp] using compatible legacy cache: expected_signature=b8e742eb048177da actual_signature=7a044c58a91d3409 cache_dir=/gpfs/scratch1/shared/scur0511/probe4physics/artifacts/features/mvp/ltx_video_ltxv_13b_0_9_8_distilled/train-val-test/7a044c58a91d3409
[features.mvp] using compatible legacy cache: expected_signature=b8e742eb048177da actual_signature=7a044c58a91d3409 cache_dir=/gpfs/scratch1/shared/scur0511/probe4physics/artifacts/features/mvp/ltx_video_ltxv_13b_0_9_8_distilled/train-val-test/7a044c58a91d3409
[features.mvp] using compatible legacy cache: expected_signature=b8e742eb048177da actual_signature=7a044c58a91d3409 cache_dir=/gpfs/scratch1/shared/scur0511/probe4physics/artifacts/features/mvp/ltx_video_ltxv_13b_0_9_8_distilled/train-val-test/7a044c58a91d3409
[features.mvp] using compatible legacy cache: expected_signature=b8e742eb048177da actual_signature=7a044c58a91d3409 cache_dir=/gpfs/scratch1/shared/scur0511/probe4physics/artifacts/features/mvp/ltx_video_ltxv_13b_0_9_8_distilled/train-val-test/7a044c58a91d3409
[features.mvp] using compatible legacy cache: expected_signature=b8e742eb048177da actual_signature=7a044c58a91d3409 cache_dir=/gpfs/scratch1/shared/scur0511/probe4physics/artifacts/features/mvp/ltx_video_ltxv_13b_0_9_8_distilled/train-val-test/7a044c58a91d3409
[features.mvp] using compatible legacy cache: expected_signature=b8e742eb048177da actual_signature=7a044c58a91d3409 cache_dir=/gpfs/scratch1/shared/scur0511/probe4physics/artifacts/features/mvp/ltx_video_ltxv_13b_0_9_8_distilled/train-val-test/7a044c58a91d3409
[features.mvp] using compatible legacy cache: expected_signature=b8e742eb048177da actual_signature=7a044c58a91d3409 cache_dir=/gpfs/scratch1/shared/scur0511/probe4physics/artifacts/features/mvp/ltx_video_ltxv_13b_0_9_8_distilled/train-val-test/7a044c58a91d3409
[features.mvp] using compatible legacy cache: expected_signature=b8e742eb048177da actual_signature=7a044c58a91d3409 cache_dir=/gpfs/scratch1/shared/scur0511/probe4physics/artifacts/features/mvp/ltx_video_ltxv_13b_0_9_8_distilled/train-val-test/7a044c58a91d3409
[features.mvp] using compatible legacy cache: expected_signature=b8e742eb048177da actual_signature=7a044c58a91d3409 cache_dir=/gpfs/scratch1/shared/scur0511/probe4physics/artifacts/features/mvp/ltx_video_ltxv_13b_0_9_8_distilled/train-val-test/7a044c58a91d3409
[features.mvp] using compatible legacy cache: expected_signature=b8e742eb048177da actual_signature=7a044c58a91d3409 cache_dir=/gpfs/scratch1/shared/scur0511/probe4physics/artifacts/features/mvp/ltx_video_ltxv_13b_0_9_8_distilled/train-val-test/7a044c58a91d3409
[features.mvp] using compatible legacy cache: expected_signature=b8e742eb048177da actual_signature=7a044c58a91d3409 cache_dir=/gpfs/scratch1/shared/scur0511/probe4physics/artifacts/features/mvp/ltx_video_ltxv_13b_0_9_8_distilled/train-val-test/7a044c58a91d3409
[features.mvp] using compatible legacy cache: expected_signature=b8e742eb048177da actual_signature=7a044c58a91d3409 cache_dir=/gpfs/scratch1/shared/scur0511/probe4physics/artifacts/features/mvp/ltx_video_ltxv_13b_0_9_8_distilled/train-val-test/7a044c58a91d3409
[features.mvp] using compatible legacy cache: expected_signature=b8e742eb048177da actual_signature=7a044c58a91d3409 cache_dir=/gpfs/scratch1/shared/scur0511/probe4physics/artifacts/features/mvp/ltx_video_ltxv_13b_0_9_8_distilled/train-val-test/7a044c58a91d3409
[features.mvp] using compatible legacy cache: expected_signature=b8e742eb048177da actual_signature=7a044c58a91d3409 cache_dir=/gpfs/scratch1/shared/scur0511/probe4physics/artifacts/features/mvp/ltx_video_ltxv_13b_0_9_8_distilled/train-val-test/7a044c58a91d3409
[features.mvp] using compatible legacy cache: expected_signature=b8e742eb048177da actual_signature=7a044c58a91d3409 cache_dir=/gpfs/scratch1/shared/scur0511/probe4physics/artifacts/features/mvp/ltx_video_ltxv_13b_0_9_8_distilled/train-val-test/7a044c58a91d3409
[features.mvp] using compatible legacy cache: expected_signature=b8e742eb048177da actual_signature=7a044c58a91d3409 cache_dir=/gpfs/scratch1/shared/scur0511/probe4physics/artifacts/features/mvp/ltx_video_ltxv_13b_0_9_8_distilled/train-val-test/7a044c58a91d3409
[features.mvp] using compatible legacy cache: expected_signature=b8e742eb048177da actual_signature=7a044c58a91d3409 cache_dir=/gpfs/scratch1/shared/scur0511/probe4physics/artifacts/features/mvp/ltx_video_ltxv_13b_0_9_8_distilled/train-val-test/7a044c58a91d3409
[features.mvp] using compatible legacy cache: expected_signature=b8e742eb048177da actual_signature=7a044c58a91d3409 cache_dir=/gpfs/scratch1/shared/scur0511/probe4physics/artifacts/features/mvp/ltx_video_ltxv_13b_0_9_8_distilled/train-val-test/7a044c58a91d3409
[features.mvp] using compatible legacy cache: expected_signature=b8e742eb048177da actual_signature=7a044c58a91d3409 cache_dir=/gpfs/scratch1/shared/scur0511/probe4physics/artifacts/features/mvp/ltx_video_ltxv_13b_0_9_8_distilled/train-val-test/7a044c58a91d3409
[features.mvp] using compatible legacy cache: expected_signature=b8e742eb048177da actual_signature=7a044c58a91d3409 cache_dir=/gpfs/scratch1/shared/scur0511/probe4physics/artifacts/features/mvp/ltx_video_ltxv_13b_0_9_8_distilled/train-val-test/7a044c58a91d3409
[features.mvp] using compatible legacy cache: expected_signature=b8e742eb048177da actual_signature=7a044c58a91d3409 cache_dir=/gpfs/scratch1/shared/scur0511/probe4physics/artifacts/features/mvp/ltx_video_ltxv_13b_0_9_8_distilled/train-val-test/7a044c58a91d3409
[features.mvp] using compatible legacy cache: expected_signature=b8e742eb048177da actual_signature=7a044c58a91d3409 cache_dir=/gpfs/scratch1/shared/scur0511/probe4physics/artifacts/features/mvp/ltx_video_ltxv_13b_0_9_8_distilled/train-val-test/7a044c58a91d3409
[features.mvp] using compatible legacy cache: expected_signature=b8e742eb048177da actual_signature=7a044c58a91d3409 cache_dir=/gpfs/scratch1/shared/scur0511/probe4physics/artifacts/features/mvp/ltx_video_ltxv_13b_0_9_8_distilled/train-val-test/7a044c58a91d3409
[features.mvp] using compatible legacy cache: expected_signature=b8e742eb048177da actual_signature=7a044c58a91d3409 cache_dir=/gpfs/scratch1/shared/scur0511/probe4physics/artifacts/features/mvp/ltx_video_ltxv_13b_0_9_8_distilled/train-val-test/7a044c58a91d3409
[features.mvp] using compatible legacy cache: expected_signature=b8e742eb048177da actual_signature=7a044c58a91d3409 cache_dir=/gpfs/scratch1/shared/scur0511/probe4physics/artifacts/features/mvp/ltx_video_ltxv_13b_0_9_8_distilled/train-val-test/7a044c58a91d3409
[features.mvp] using compatible legacy cache: expected_signature=b8e742eb048177da actual_signature=7a044c58a91d3409 cache_dir=/gpfs/scratch1/shared/scur0511/probe4physics/artifacts/features/mvp/ltx_video_ltxv_13b_0_9_8_distilled/train-val-test/7a044c58a91d3409
[features.mvp] using compatible legacy cache: expected_signature=b8e742eb048177da actual_signature=7a044c58a91d3409 cache_dir=/gpfs/scratch1/shared/scur0511/probe4physics/artifacts/features/mvp/ltx_video_ltxv_13b_0_9_8_distilled/train-val-test/7a044c58a91d3409
[features.mvp] using compatible legacy cache: expected_signature=b8e742eb048177da actual_signature=7a044c58a91d3409 cache_dir=/gpfs/scratch1/shared/scur0511/probe4physics/artifacts/features/mvp/ltx_video_ltxv_13b_0_9_8_distilled/train-val-test/7a044c58a91d3409
[features.mvp] using compatible legacy cache: expected_signature=b8e742eb048177da actual_signature=7a044c58a91d3409 cache_dir=/gpfs/scratch1/shared/scur0511/probe4physics/artifacts/features/mvp/ltx_video_ltxv_13b_0_9_8_distilled/train-val-test/7a044c58a91d3409
[features.mvp] using compatible legacy cache: expected_signature=b8e742eb048177da actual_signature=7a044c58a91d3409 cache_dir=/gpfs/scratch1/shared/scur0511/probe4physics/artifacts/features/mvp/ltx_video_ltxv_13b_0_9_8_distilled/train-val-test/7a044c58a91d3409
[features.mvp] using compatible legacy cache: expected_signature=b8e742eb048177da actual_signature=7a044c58a91d3409 cache_dir=/gpfs/scratch1/shared/scur0511/probe4physics/artifacts/features/mvp/ltx_video_ltxv_13b_0_9_8_distilled/train-val-test/7a044c58a91d3409
[features.mvp] using compatible legacy cache: expected_signature=b8e742eb048177da actual_signature=7a044c58a91d3409 cache_dir=/gpfs/scratch1/shared/scur0511/probe4physics/artifacts/features/mvp/ltx_video_ltxv_13b_0_9_8_distilled/train-val-test/7a044c58a91d3409
[features.mvp] using compatible legacy cache: expected_signature=b8e742eb048177da actual_signature=7a044c58a91d3409 cache_dir=/gpfs/scratch1/shared/scur0511/probe4physics/artifacts/features/mvp/ltx_video_ltxv_13b_0_9_8_distilled/train-val-test/7a044c58a91d3409
[features.mvp] using compatible legacy cache: expected_signature=b8e742eb048177da actual_signature=7a044c58a91d3409 cache_dir=/gpfs/scratch1/shared/scur0511/probe4physics/artifacts/features/mvp/ltx_video_ltxv_13b_0_9_8_distilled/train-val-test/7a044c58a91d3409
[features.mvp] using compatible legacy cache: expected_signature=b8e742eb048177da actual_signature=7a044c58a91d3409 cache_dir=/gpfs/scratch1/shared/scur0511/probe4physics/artifacts/features/mvp/ltx_video_ltxv_13b_0_9_8_distilled/train-val-test/7a044c58a91d3409
[features.mvp] using compatible legacy cache: expected_signature=b8e742eb048177da actual_signature=7a044c58a91d3409 cache_dir=/gpfs/scratch1/shared/scur0511/probe4physics/artifacts/features/mvp/ltx_video_ltxv_13b_0_9_8_distilled/train-val-test/7a044c58a91d3409
[features.mvp] using compatible legacy cache: expected_signature=b8e742eb048177da actual_signature=7a044c58a91d3409 cache_dir=/gpfs/scratch1/shared/scur0511/probe4physics/artifacts/features/mvp/ltx_video_ltxv_13b_0_9_8_distilled/train-val-test/7a044c58a91d3409
[features.mvp] using compatible legacy cache: expected_signature=b8e742eb048177da actual_signature=7a044c58a91d3409 cache_dir=/gpfs/scratch1/shared/scur0511/probe4physics/artifacts/features/mvp/ltx_video_ltxv_13b_0_9_8_distilled/train-val-test/7a044c58a91d3409
[features.mvp] using compatible legacy cache: expected_signature=b8e742eb048177da actual_signature=7a044c58a91d3409 cache_dir=/gpfs/scratch1/shared/scur0511/probe4physics/artifacts/features/mvp/ltx_video_ltxv_13b_0_9_8_distilled/train-val-test/7a044c58a91d3409
[features.mvp] using compatible legacy cache: expected_signature=b8e742eb048177da actual_signature=7a044c58a91d3409 cache_dir=/gpfs/scratch1/shared/scur0511/probe4physics/artifacts/features/mvp/ltx_video_ltxv_13b_0_9_8_distilled/train-val-test/7a044c58a91d3409
[features.mvp] using compatible legacy cache: expected_signature=b8e742eb048177da actual_signature=7a044c58a91d3409 cache_dir=/gpfs/scratch1/shared/scur0511/probe4physics/artifacts/features/mvp/ltx_video_ltxv_13b_0_9_8_distilled/train-val-test/7a044c58a91d3409
[features.mvp] using compatible legacy cache: expected_signature=b8e742eb048177da actual_signature=7a044c58a91d3409 cache_dir=/gpfs/scratch1/shared/scur0511/probe4physics/artifacts/features/mvp/ltx_video_ltxv_13b_0_9_8_distilled/train-val-test/7a044c58a91d3409
[features.mvp] using compatible legacy cache: expected_signature=b8e742eb048177da actual_signature=7a044c58a91d3409 cache_dir=/gpfs/scratch1/shared/scur0511/probe4physics/artifacts/features/mvp/ltx_video_ltxv_13b_0_9_8_distilled/train-val-test/7a044c58a91d3409
[features.mvp] using compatible legacy cache: expected_signature=b8e742eb048177da actual_signature=7a044c58a91d3409 cache_dir=/gpfs/scratch1/shared/scur0511/probe4physics/artifacts/features/mvp/ltx_video_ltxv_13b_0_9_8_distilled/train-val-test/7a044c58a91d3409
[features.mvp] using compatible legacy cache: expected_signature=b8e742eb048177da actual_signature=7a044c58a91d3409 cache_dir=/gpfs/scratch1/shared/scur0511/probe4physics/artifacts/features/mvp/ltx_video_ltxv_13b_0_9_8_distilled/train-val-test/7a044c58a91d3409
[features.mvp] using compatible legacy cache: expected_signature=b8e742eb048177da actual_signature=7a044c58a91d3409 cache_dir=/gpfs/scratch1/shared/scur0511/probe4physics/artifacts/features/mvp/ltx_video_ltxv_13b_0_9_8_distilled/train-val-test/7a044c58a91d3409
[features.mvp] using compatible legacy cache: expected_signature=b8e742eb048177da actual_signature=7a044c58a91d3409 cache_dir=/gpfs/scratch1/shared/scur0511/probe4physics/artifacts/features/mvp/ltx_video_ltxv_13b_0_9_8_distilled/train-val-test/7a044c58a91d3409
[features.mvp] using compatible legacy cache: expected_signature=b8e742eb048177da actual_signature=7a044c58a91d3409 cache_dir=/gpfs/scratch1/shared/scur0511/probe4physics/artifacts/features/mvp/ltx_video_ltxv_13b_0_9_8_distilled/train-val-test/7a044c58a91d3409
[features.mvp] using compatible legacy cache: expected_signature=b8e742eb048177da actual_signature=7a044c58a91d3409 cache_dir=/gpfs/scratch1/shared/scur0511/probe4physics/artifacts/features/mvp/ltx_video_ltxv_13b_0_9_8_distilled/train-val-test/7a044c58a91d3409
[features.mvp] using compatible legacy cache: expected_signature=b8e742eb048177da actual_signature=7a044c58a91d3409 cache_dir=/gpfs/scratch1/shared/scur0511/probe4physics/artifacts/features/mvp/ltx_video_ltxv_13b_0_9_8_distilled/train-val-test/7a044c58a91d3409
[features.mvp] using compatible legacy cache: expected_signature=b8e742eb048177da actual_signature=7a044c58a91d3409 cache_dir=/gpfs/scratch1/shared/scur0511/probe4physics/artifacts/features/mvp/ltx_video_ltxv_13b_0_9_8_distilled/train-val-test/7a044c58a91d3409
[features.mvp] using compatible legacy cache: expected_signature=b8e742eb048177da actual_signature=7a044c58a91d3409 cache_dir=/gpfs/scratch1/shared/scur0511/probe4physics/artifacts/features/mvp/ltx_video_ltxv_13b_0_9_8_distilled/train-val-test/7a044c58a91d3409
[features.mvp] using compatible legacy cache: expected_signature=b8e742eb048177da actual_signature=7a044c58a91d3409 cache_dir=/gpfs/scratch1/shared/scur0511/probe4physics/artifacts/features/mvp/ltx_video_ltxv_13b_0_9_8_distilled/train-val-test/7a044c58a91d3409
[features.mvp] using compatible legacy cache: expected_signature=b8e742eb048177da actual_signature=7a044c58a91d3409 cache_dir=/gpfs/scratch1/shared/scur0511/probe4physics/artifacts/features/mvp/ltx_video_ltxv_13b_0_9_8_distilled/train-val-test/7a044c58a91d3409
[features.mvp] using compatible legacy cache: expected_signature=b8e742eb048177da actual_signature=7a044c58a91d3409 cache_dir=/gpfs/scratch1/shared/scur0511/probe4physics/artifacts/features/mvp/ltx_video_ltxv_13b_0_9_8_distilled/train-val-test/7a044c58a91d3409
[features.mvp] using compatible legacy cache: expected_signature=b8e742eb048177da actual_signature=7a044c58a91d3409 cache_dir=/gpfs/scratch1/shared/scur0511/probe4physics/artifacts/features/mvp/ltx_video_ltxv_13b_0_9_8_distilled/train-val-test/7a044c58a91d3409
[features.mvp] using compatible legacy cache: expected_signature=b8e742eb048177da actual_signature=7a044c58a91d3409 cache_dir=/gpfs/scratch1/shared/scur0511/probe4physics/artifacts/features/mvp/ltx_video_ltxv_13b_0_9_8_distilled/train-val-test/7a044c58a91d3409
[features.mvp] using compatible legacy cache: expected_signature=b8e742eb048177da actual_signature=7a044c58a91d3409 cache_dir=/gpfs/scratch1/shared/scur0511/probe4physics/artifacts/features/mvp/ltx_video_ltxv_13b_0_9_8_distilled/train-val-test/7a044c58a91d3409
[features.mvp] using compatible legacy cache: expected_signature=b8e742eb048177da actual_signature=7a044c58a91d3409 cache_dir=/gpfs/scratch1/shared/scur0511/probe4physics/artifacts/features/mvp/ltx_video_ltxv_13b_0_9_8_distilled/train-val-test/7a044c58a91d3409
[features.mvp] using compatible legacy cache: expected_signature=b8e742eb048177da actual_signature=7a044c58a91d3409 cache_dir=/gpfs/scratch1/shared/scur0511/probe4physics/artifacts/features/mvp/ltx_video_ltxv_13b_0_9_8_distilled/train-val-test/7a044c58a91d3409
[features.mvp] using compatible legacy cache: expected_signature=b8e742eb048177da actual_signature=7a044c58a91d3409 cache_dir=/gpfs/scratch1/shared/scur0511/probe4physics/artifacts/features/mvp/ltx_video_ltxv_13b_0_9_8_distilled/train-val-test/7a044c58a91d3409
[features.mvp] using compatible legacy cache: expected_signature=b8e742eb048177da actual_signature=7a044c58a91d3409 cache_dir=/gpfs/scratch1/shared/scur0511/probe4physics/artifacts/features/mvp/ltx_video_ltxv_13b_0_9_8_distilled/train-val-test/7a044c58a91d3409
[features.mvp] using compatible legacy cache: expected_signature=b8e742eb048177da actual_signature=7a044c58a91d3409 cache_dir=/gpfs/scratch1/shared/scur0511/probe4physics/artifacts/features/mvp/ltx_video_ltxv_13b_0_9_8_distilled/train-val-test/7a044c58a91d3409
[features.mvp] using compatible legacy cache: expected_signature=b8e742eb048177da actual_signature=7a044c58a91d3409 cache_dir=/gpfs/scratch1/shared/scur0511/probe4physics/artifacts/features/mvp/ltx_video_ltxv_13b_0_9_8_distilled/train-val-test/7a044c58a91d3409
[features.mvp] using compatible legacy cache: expected_signature=b8e742eb048177da actual_signature=7a044c58a91d3409 cache_dir=/gpfs/scratch1/shared/scur0511/probe4physics/artifacts/features/mvp/ltx_video_ltxv_13b_0_9_8_distilled/train-val-test/7a044c58a91d3409
[features.mvp] using compatible legacy cache: expected_signature=b8e742eb048177da actual_signature=7a044c58a91d3409 cache_dir=/gpfs/scratch1/shared/scur0511/probe4physics/artifacts/features/mvp/ltx_video_ltxv_13b_0_9_8_distilled/train-val-test/7a044c58a91d3409
[features.mvp] using compatible legacy cache: expected_signature=b8e742eb048177da actual_signature=7a044c58a91d3409 cache_dir=/gpfs/scratch1/shared/scur0511/probe4physics/artifacts/features/mvp/ltx_video_ltxv_13b_0_9_8_distilled/train-val-test/7a044c58a91d3409
[features.mvp] using compatible legacy cache: expected_signature=b8e742eb048177da actual_signature=7a044c58a91d3409 cache_dir=/gpfs/scratch1/shared/scur0511/probe4physics/artifacts/features/mvp/ltx_video_ltxv_13b_0_9_8_distilled/train-val-test/7a044c58a91d3409
[features.mvp] using compatible legacy cache: expected_signature=b8e742eb048177da actual_signature=7a044c58a91d3409 cache_dir=/gpfs/scratch1/shared/scur0511/probe4physics/artifacts/features/mvp/ltx_video_ltxv_13b_0_9_8_distilled/train-val-test/7a044c58a91d3409
[features.mvp] using compatible legacy cache: expected_signature=b8e742eb048177da actual_signature=7a044c58a91d3409 cache_dir=/gpfs/scratch1/shared/scur0511/probe4physics/artifacts/features/mvp/ltx_video_ltxv_13b_0_9_8_distilled/train-val-test/7a044c58a91d3409
[features.mvp] using compatible legacy cache: expected_signature=b8e742eb048177da actual_signature=7a044c58a91d3409 cache_dir=/gpfs/scratch1/shared/scur0511/probe4physics/artifacts/features/mvp/ltx_video_ltxv_13b_0_9_8_distilled/train-val-test/7a044c58a91d3409
[features.mvp] using compatible legacy cache: expected_signature=b8e742eb048177da actual_signature=7a044c58a91d3409 cache_dir=/gpfs/scratch1/shared/scur0511/probe4physics/artifacts/features/mvp/ltx_video_ltxv_13b_0_9_8_distilled/train-val-test/7a044c58a91d3409
[features.mvp] using compatible legacy cache: expected_signature=b8e742eb048177da actual_signature=7a044c58a91d3409 cache_dir=/gpfs/scratch1/shared/scur0511/probe4physics/artifacts/features/mvp/ltx_video_ltxv_13b_0_9_8_distilled/train-val-test/7a044c58a91d3409
[features.mvp] using compatible legacy cache: expected_signature=b8e742eb048177da actual_signature=7a044c58a91d3409 cache_dir=/gpfs/scratch1/shared/scur0511/probe4physics/artifacts/features/mvp/ltx_video_ltxv_13b_0_9_8_distilled/train-val-test/7a044c58a91d3409
[features.mvp] using compatible legacy cache: expected_signature=b8e742eb048177da actual_signature=7a044c58a91d3409 cache_dir=/gpfs/scratch1/shared/scur0511/probe4physics/artifacts/features/mvp/ltx_video_ltxv_13b_0_9_8_distilled/train-val-test/7a044c58a91d3409
[features.mvp] using compatible legacy cache: expected_signature=b8e742eb048177da actual_signature=7a044c58a91d3409 cache_dir=/gpfs/scratch1/shared/scur0511/probe4physics/artifacts/features/mvp/ltx_video_ltxv_13b_0_9_8_distilled/train-val-test/7a044c58a91d3409
[features.mvp] using compatible legacy cache: expected_signature=b8e742eb048177da actual_signature=7a044c58a91d3409 cache_dir=/gpfs/scratch1/shared/scur0511/probe4physics/artifacts/features/mvp/ltx_video_ltxv_13b_0_9_8_distilled/train-val-test/7a044c58a91d3409
[features.mvp] using compatible legacy cache: expected_signature=b8e742eb048177da actual_signature=7a044c58a91d3409 cache_dir=/gpfs/scratch1/shared/scur0511/probe4physics/artifacts/features/mvp/ltx_video_ltxv_13b_0_9_8_distilled/train-val-test/7a044c58a91d3409
[features.mvp] using compatible legacy cache: expected_signature=b8e742eb048177da actual_signature=7a044c58a91d3409 cache_dir=/gpfs/scratch1/shared/scur0511/probe4physics/artifacts/features/mvp/ltx_video_ltxv_13b_0_9_8_distilled/train-val-test/7a044c58a91d3409
[features.mvp] using compatible legacy cache: expected_signature=b8e742eb048177da actual_signature=7a044c58a91d3409 cache_dir=/gpfs/scratch1/shared/scur0511/probe4physics/artifacts/features/mvp/ltx_video_ltxv_13b_0_9_8_distilled/train-val-test/7a044c58a91d3409
[features.mvp] using compatible legacy cache: expected_signature=b8e742eb048177da actual_signature=7a044c58a91d3409 cache_dir=/gpfs/scratch1/shared/scur0511/probe4physics/artifacts/features/mvp/ltx_video_ltxv_13b_0_9_8_distilled/train-val-test/7a044c58a91d3409
[features.mvp] using compatible legacy cache: expected_signature=b8e742eb048177da actual_signature=7a044c58a91d3409 cache_dir=/gpfs/scratch1/shared/scur0511/probe4physics/artifacts/features/mvp/ltx_video_ltxv_13b_0_9_8_distilled/train-val-test/7a044c58a91d3409
[features.mvp] using compatible legacy cache: expected_signature=b8e742eb048177da actual_signature=7a044c58a91d3409 cache_dir=/gpfs/scratch1/shared/scur0511/probe4physics/artifacts/features/mvp/ltx_video_ltxv_13b_0_9_8_distilled/train-val-test/7a044c58a91d3409
[features.mvp] using compatible legacy cache: expected_signature=b8e742eb048177da actual_signature=7a044c58a91d3409 cache_dir=/gpfs/scratch1/shared/scur0511/probe4physics/artifacts/features/mvp/ltx_video_ltxv_13b_0_9_8_distilled/train-val-test/7a044c58a91d3409
[features.mvp] using compatible legacy cache: expected_signature=b8e742eb048177da actual_signature=7a044c58a91d3409 cache_dir=/gpfs/scratch1/shared/scur0511/probe4physics/artifacts/features/mvp/ltx_video_ltxv_13b_0_9_8_distilled/train-val-test/7a044c58a91d3409
[features.mvp] using compatible legacy cache: expected_signature=b8e742eb048177da actual_signature=7a044c58a91d3409 cache_dir=/gpfs/scratch1/shared/scur0511/probe4physics/artifacts/features/mvp/ltx_video_ltxv_13b_0_9_8_distilled/train-val-test/7a044c58a91d3409
[features.mvp] using compatible legacy cache: expected_signature=b8e742eb048177da actual_signature=7a044c58a91d3409 cache_dir=/gpfs/scratch1/shared/scur0511/probe4physics/artifacts/features/mvp/ltx_video_ltxv_13b_0_9_8_distilled/train-val-test/7a044c58a91d3409
[features.mvp] using compatible legacy cache: expected_signature=b8e742eb048177da actual_signature=7a044c58a91d3409 cache_dir=/gpfs/scratch1/shared/scur0511/probe4physics/artifacts/features/mvp/ltx_video_ltxv_13b_0_9_8_distilled/train-val-test/7a044c58a91d3409
[features.mvp] using compatible legacy cache: expected_signature=b8e742eb048177da actual_signature=7a044c58a91d3409 cache_dir=/gpfs/scratch1/shared/scur0511/probe4physics/artifacts/features/mvp/ltx_video_ltxv_13b_0_9_8_distilled/train-val-test/7a044c58a91d3409
[features.mvp] using compatible legacy cache: expected_signature=b8e742eb048177da actual_signature=7a044c58a91d3409 cache_dir=/gpfs/scratch1/shared/scur0511/probe4physics/artifacts/features/mvp/ltx_video_ltxv_13b_0_9_8_distilled/train-val-test/7a044c58a91d3409
{
  "best_layer": null,
  "best_layer_label": null,
  "best_objective_metric": null,
  "dataset": "mvp",
  "feature_view": "pooled",
  "layers": [
    {
      "checkpoint": "artifacts/probes/mvp/mvp_probe_mlp_ltx_video_retry_missing_20260511/layer_noise_0.5_block_36/train/trial_0000/probe_best.pt",
      "eval": {
        "base_eval": {
          "metrics": {
            "accuracy": 79.17087967644085,
            "n_pairs": 989,
            "n_samples": 1978,
            "pair_consistency": 63.70070778564207
          },
          "output_dir": "artifacts/probes/mvp/mvp_probe_mlp_ltx_video_retry_missing_20260511/layer_noise_0.5_block_36/eval/test",
          "split_dir": "data/splits/mvp/full_60_20_20"
        },
        "checkpoint": "artifacts/probes/mvp/mvp_probe_mlp_ltx_video_retry_missing_20260511/layer_noise_0.5_block_36/train/trial_0000/probe_best.pt",
        "dataset": "mvp",
        "feature_signature": "7a044c58a91d3409",
        "metrics": {
          "accuracy": 79.17087967644085,
          "n_pairs": 989,
          "n_samples": 1978,
          "pair_consistency": 63.70070778564207
        },
        "metrics_by_split": {
          "test": {
            "accuracy": 79.17087967644085,
            "n_pairs": 989,
            "n_samples": 1978,
            "pair_consistency": 63.70070778564207
          },
          "train": {
            "accuracy": 99.73018549747049,
            "n_pairs": 2965,
            "n_samples": 5930,
            "pair_consistency": 99.46037099494099
          },
          "val": {
            "accuracy": 81.59757330637008,
            "n_pairs": 989,
            "n_samples": 1978,
            "pair_consistency": 67.44186046511628
          }
        },
        "objective_metric": 63.70070778564207,
        "prediction_file": "artifacts/probes/mvp/mvp_probe_mlp_ltx_video_retry_missing_20260511/layer_noise_0.5_block_36/eval/test/probe_predictions.json",
        "prediction_files": {
          "test": "artifacts/probes/mvp/mvp_probe_mlp_ltx_video_retry_missing_20260511/layer_noise_0.5_block_36/eval/test/probe_predictions.json",
          "train": "artifacts/probes/mvp/mvp_probe_mlp_ltx_video_retry_missing_20260511/layer_noise_0.5_block_36/eval/train/probe_predictions.json",
          "val": "artifacts/probes/mvp/mvp_probe_mlp_ltx_video_retry_missing_20260511/layer_noise_0.5_block_36/eval/val/probe_predictions.json"
        },
        "probe_eval_dir": "artifacts/probes/mvp/mvp_probe_mlp_ltx_video_retry_missing_20260511/layer_noise_0.5_block_36/eval",
        "probe_name": "mlp",
        "reported_splits": [
          "train",
          "val",
          "test"
        ],
        "split_eval_dirs": {
          "test": "artifacts/probes/mvp/mvp_probe_mlp_ltx_video_retry_missing_20260511/layer_noise_0.5_block_36/eval/test",
          "train": "artifacts/probes/mvp/mvp_probe_mlp_ltx_video_retry_missing_20260511/layer_noise_0.5_block_36/eval/train",
          "val": "artifacts/probes/mvp/mvp_probe_mlp_ltx_video_retry_missing_20260511/layer_noise_0.5_block_36/eval/val"
        },
        "split_evals": {
          "test": {
            "base_eval": {
              "metrics": {
                "accuracy": 79.17087967644085,
                "n_pairs": 989,
                "n_samples": 1978,
                "pair_consistency": 63.70070778564207
              },
              "output_dir": "artifacts/probes/mvp/mvp_probe_mlp_ltx_video_retry_missing_20260511/layer_noise_0.5_block_36/eval/test",
              "split_dir": "data/splits/mvp/full_60_20_20"
            },
            "checkpoint": "artifacts/probes/mvp/mvp_probe_mlp_ltx_video_retry_missing_20260511/layer_noise_0.5_block_36/train/trial_0000/probe_best.pt",
            "dataset": "mvp",
            "feature_signature": "7a044c58a91d3409",
            "metrics": {
              "accuracy": 79.17087967644085,
              "n_pairs": 989,
              "n_samples": 1978,
              "pair_consistency": 63.70070778564207
            },
            "objective_metric": 63.70070778564207,
            "prediction_file": "artifacts/probes/mvp/mvp_probe_mlp_ltx_video_retry_missing_20260511/layer_noise_0.5_block_36/eval/test/probe_predictions.json",
            "probe_eval_dir": "artifacts/probes/mvp/mvp_probe_mlp_ltx_video_retry_missing_20260511/layer_noise_0.5_block_36/eval/test",
            "probe_name": "mlp",
            "split_name": "test"
          },
          "train": {
            "base_eval": {
              "metrics": {
                "accuracy": 99.73018549747049,
                "n_pairs": 2965,
                "n_samples": 5930,
                "pair_consistency": 99.46037099494099
              },
              "output_dir": "artifacts/probes/mvp/mvp_probe_mlp_ltx_video_retry_missing_20260511/layer_noise_0.5_block_36/eval/train",
              "split_dir": "data/splits/mvp/full_60_20_20"
            },
            "checkpoint": "artifacts/probes/mvp/mvp_probe_mlp_ltx_video_retry_missing_20260511/layer_noise_0.5_block_36/train/trial_0000/probe_best.pt",
            "dataset": "mvp",
            "feature_signature": "7a044c58a91d3409",
            "metrics": {
              "accuracy": 99.73018549747049,
              "n_pairs": 2965,
              "n_samples": 5930,
              "pair_consistency": 99.46037099494099
            },
            "objective_metric": 99.46037099494099,
            "prediction_file": "artifacts/probes/mvp/mvp_probe_mlp_ltx_video_retry_missing_20260511/layer_noise_0.5_block_36/eval/train/probe_predictions.json",
            "probe_eval_dir": "artifacts/probes/mvp/mvp_probe_mlp_ltx_video_retry_missing_20260511/layer_noise_0.5_block_36/eval/train",
            "probe_name": "mlp",
            "split_name": "train"
          },
          "val": {
            "base_eval": {
              "metrics": {
                "accuracy": 81.59757330637008,
                "n_pairs": 989,
                "n_samples": 1978,
                "pair_consistency": 67.44186046511628
              },
              "output_dir": "artifacts/probes/mvp/mvp_probe_mlp_ltx_video_retry_missing_20260511/layer_noise_0.5_block_36/eval/val",
              "split_dir": "data/splits/mvp/full_60_20_20"
            },
            "checkpoint": "artifacts/probes/mvp/mvp_probe_mlp_ltx_video_retry_missing_20260511/layer_noise_0.5_block_36/train/trial_0000/probe_best.pt",
            "dataset": "mvp",
            "feature_signature": "7a044c58a91d3409",
            "metrics": {
              "accuracy": 81.59757330637008,
              "n_pairs": 989,
              "n_samples": 1978,
              "pair_consistency": 67.44186046511628
            },
            "objective_metric": 67.44186046511628,
            "prediction_file": "artifacts/probes/mvp/mvp_probe_mlp_ltx_video_retry_missing_20260511/layer_noise_0.5_block_36/eval/val/probe_predictions.json",
            "probe_eval_dir": "artifacts/probes/mvp/mvp_probe_mlp_ltx_video_retry_missing_20260511/layer_noise_0.5_block_36/eval/val",
            "probe_name": "mlp",
            "split_name": "val"
          }
        },
        "split_name": "test"
      },
      "layer": 23,
      "layer_label": "noise_0.5_block_36",
      "objective_metric": 63.70070778564207,
      "train": {
        "best_checkpoint": "artifacts/probes/mvp/mvp_probe_mlp_ltx_video_retry_missing_20260511/layer_noise_0.5_block_36/train/trial_0000/probe_best.pt",
        "best_eval_output_dir": "artifacts/probes/mvp/mvp_probe_mlp_ltx_video_retry_missing_20260511/layer_noise_0.5_block_36/train/trial_0000/val_eval",
        "best_output_dir": "artifacts/probes/mvp/mvp_probe_mlp_ltx_video_retry_missing_20260511/layer_noise_0.5_block_36/train/trial_0000",
        "best_params": {
          "batch_size": 32,
          "dropout": 0.21597250932105788,
          "epochs": 2000,
          "hidden_dims": "256",
          "lr": 0.0001329291894316216,
          "weight_decay": 0.005061576888752304
        },
        "best_trial_number": 0,
        "best_value": 67.44186046511628,
        "checkpoint": "artifacts/probes/mvp/mvp_probe_mlp_ltx_video_retry_missing_20260511/layer_noise_0.5_block_36/train/trial_0000/probe_best.pt",
        "dataset": "mvp",
        "direction": "maximize",
        "layer": 23,
        "n_trials": 20,
        "objective_metric": "pair_consistency",
        "output_dir": "artifacts/probes/mvp/mvp_probe_mlp_ltx_video_retry_missing_20260511/layer_noise_0.5_block_36/train",
        "probe_name": "mlp",
        "storage": "sqlite:////gpfs/scratch1/shared/scur0511/probe4physics/artifacts/probes/mvp/mvp_probe_mlp_ltx_video_retry_missing_20260511/layer_noise_0.5_block_36/train/optuna_study.sqlite3",
        "study_name": "mvp_mlp_ltx_video_layer_noise_0.5_block_36",
        "trials": [
          {
            "checkpoint": "artifacts/probes/mvp/mvp_probe_mlp_ltx_video_retry_missing_20260511/layer_noise_0.5_block_36/train/trial_0000/probe_best.pt",
            "eval_output_dir": "artifacts/probes/mvp/mvp_probe_mlp_ltx_video_retry_missing_20260511/layer_noise_0.5_block_36/train/trial_0000/val_eval",
            "output_dir": "artifacts/probes/mvp/mvp_probe_mlp_ltx_video_retry_missing_20260511/layer_noise_0.5_block_36/train/trial_0000",
            "params": {
              "batch_size": 32,
              "dropout": 0.21597250932105788,
              "epochs": 2000,
              "hidden_dims": "256",
              "lr": 0.0001329291894316216,
              "weight_decay": 0.005061576888752304
            },
            "trial_number": 0,
            "value": 67.44186046511628
          },
          {
            "checkpoint": "artifacts/probes/mvp/mvp_probe_mlp_ltx_video_retry_missing_20260511/layer_noise_0.5_block_36/train/trial_0001/probe_best.pt",
            "eval_output_dir": "artifacts/probes/mvp/mvp_probe_mlp_ltx_video_retry_missing_20260511/layer_noise_0.5_block_36/train/trial_0001/val_eval",
            "output_dir": "artifacts/probes/mvp/mvp_probe_mlp_ltx_video_retry_missing_20260511/layer_noise_0.5_block_36/train/trial_0001",
            "params": {
              "batch_size": 256,
              "dropout": 0.048836057003191935,
              "epochs": 20,
              "hidden_dims": "512x256",
              "lr": 7.476312062252303e-05,
              "weight_decay": 4.689400963537693e-05
            },
            "trial_number": 1,
            "value": 33.367037411526795
          },
          {
            "checkpoint": "artifacts/probes/mvp/mvp_probe_mlp_ltx_video_retry_missing_20260511/layer_noise_0.5_block_36/train/trial_0002/probe_best.pt",
            "eval_output_dir": "artifacts/probes/mvp/mvp_probe_mlp_ltx_video_retry_missing_20260511/layer_noise_0.5_block_36/train/trial_0002/val_eval",
            "output_dir": "artifacts/probes/mvp/mvp_probe_mlp_ltx_video_retry_missing_20260511/layer_noise_0.5_block_36/train/trial_0002",
            "params": {
              "batch_size": 256,
              "dropout": 0.04424625102595975,
              "epochs": 50,
              "hidden_dims": "256",
              "lr": 0.0011290133559092666,
              "weight_decay": 4.374364439939069e-06
            },
            "trial_number": 2,
            "value": 41.45601617795754
          },
          {
            "checkpoint": "artifacts/probes/mvp/mvp_probe_mlp_ltx_video_retry_missing_20260511/layer_noise_0.5_block_36/train/trial_0006/probe_best.pt",
            "eval_output_dir": "artifacts/probes/mvp/mvp_probe_mlp_ltx_video_retry_missing_20260511/layer_noise_0.5_block_36/train/trial_0006/val_eval",
            "output_dir": "artifacts/probes/mvp/mvp_probe_mlp_ltx_video_retry_missing_20260511/layer_noise_0.5_block_36/train/trial_0006",
            "params": {
              "batch_size": 128,
              "dropout": 0.0599326836668414,
              "epochs": 50,
              "hidden_dims": "512",
              "lr": 0.000794714742465374,
              "weight_decay": 0.0016934155410667966
            },
            "trial_number": 6,
            "value": 36.804853387259854
          },
          {
            "checkpoint": "artifacts/probes/mvp/mvp_probe_mlp_ltx_video_retry_missing_20260511/layer_noise_0.5_block_36/train/trial_0007/probe_best.pt",
            "eval_output_dir": "artifacts/probes/mvp/mvp_probe_mlp_ltx_video_retry_missing_20260511/layer_noise_0.5_block_36/train/trial_0007/val_eval",
            "output_dir": "artifacts/probes/mvp/mvp_probe_mlp_ltx_video_retry_missing_20260511/layer_noise_0.5_block_36/train/trial_0007",
            "params": {
              "batch_size": 128,
              "dropout": 0.11978094533348621,
              "epochs": 20,
              "hidden_dims": "1024x512x1024",
              "lr": 0.00010300196600986775,
              "weight_decay": 0.0045442082254883295
            },
            "trial_number": 7,
            "value": 29.221435793731043
          },
          {
            "checkpoint": "artifacts/probes/mvp/mvp_probe_mlp_ltx_video_retry_missing_20260511/layer_noise_0.5_block_36/train/trial_0008/probe_best.pt",
            "eval_output_dir": "artifacts/probes/mvp/mvp_probe_mlp_ltx_video_retry_missing_20260511/layer_noise_0.5_block_36/train/trial_0008/val_eval",
            "output_dir": "artifacts/probes/mvp/mvp_probe_mlp_ltx_video_retry_missing_20260511/layer_noise_0.5_block_36/train/trial_0008",
            "params": {
              "batch_size": 32,
              "dropout": 0.3387821809211412,
              "epochs": 50,
              "hidden_dims": "512",
              "lr": 2.7207248059486674e-05,
              "weight_decay": 8.64403589520682e-06
            },
            "trial_number": 8,
            "value": 41.45601617795754
          },
          {
            "checkpoint": "artifacts/probes/mvp/mvp_probe_mlp_ltx_video_retry_missing_20260511/layer_noise_0.5_block_36/train/trial_0009/probe_best.pt",
            "eval_output_dir": "artifacts/probes/mvp/mvp_probe_mlp_ltx_video_retry_missing_20260511/layer_noise_0.5_block_36/train/trial_0009/val_eval",
            "output_dir": "artifacts/probes/mvp/mvp_probe_mlp_ltx_video_retry_missing_20260511/layer_noise_0.5_block_36/train/trial_0009",
            "params": {
              "batch_size": 256,
              "dropout": 0.12092614545022584,
              "epochs": 50,
              "hidden_dims": "256",
              "lr": 1.1214075785991125e-05,
              "weight_decay": 1.1818390883060214e-05
            },
            "trial_number": 9,
            "value": 35.79373104145602
          },
          {
            "checkpoint": "artifacts/probes/mvp/mvp_probe_mlp_ltx_video_retry_missing_20260511/layer_noise_0.5_block_36/train/trial_0011/probe_best.pt",
            "eval_output_dir": "artifacts/probes/mvp/mvp_probe_mlp_ltx_video_retry_missing_20260511/layer_noise_0.5_block_36/train/trial_0011/val_eval",
            "output_dir": "artifacts/probes/mvp/mvp_probe_mlp_ltx_video_retry_missing_20260511/layer_noise_0.5_block_36/train/trial_0011",
            "params": {
              "batch_size": 32,
              "dropout": 0.23297711653873787,
              "epochs": 100,
              "hidden_dims": "1024",
              "lr": 0.0003492823457114943,
              "weight_decay": 7.619436507678932e-07
            },
            "trial_number": 11,
            "value": 52.27502527805864
          },
          {
            "checkpoint": "artifacts/probes/mvp/mvp_probe_mlp_ltx_video_retry_missing_20260511/layer_noise_0.5_block_36/train/trial_0013/probe_best.pt",
            "eval_output_dir": "artifacts/probes/mvp/mvp_probe_mlp_ltx_video_retry_missing_20260511/layer_noise_0.5_block_36/train/trial_0013/val_eval",
            "output_dir": "artifacts/probes/mvp/mvp_probe_mlp_ltx_video_retry_missing_20260511/layer_noise_0.5_block_36/train/trial_0013",
            "params": {
              "batch_size": 32,
              "dropout": 0.18874714269275888,
              "epochs": 100,
              "hidden_dims": "1024",
              "lr": 0.000159754267808109,
              "weight_decay": 1.932990918252278e-07
            },
            "trial_number": 13,
            "value": 51.36501516683518
          },
          {
            "checkpoint": "artifacts/probes/mvp/mvp_probe_mlp_ltx_video_retry_missing_20260511/layer_noise_0.5_block_36/train/trial_0016/probe_best.pt",
            "eval_output_dir": "artifacts/probes/mvp/mvp_probe_mlp_ltx_video_retry_missing_20260511/layer_noise_0.5_block_36/train/trial_0016/val_eval",
            "output_dir": "artifacts/probes/mvp/mvp_probe_mlp_ltx_video_retry_missing_20260511/layer_noise_0.5_block_36/train/trial_0016",
            "params": {
              "batch_size": 32,
              "dropout": 0.15501736906740068,
              "epochs": 100,
              "hidden_dims": "512x256",
              "lr": 0.0004346609466153822,
              "weight_decay": 8.479407291348395e-07
            },
            "trial_number": 16,
            "value": 49.44388270980789
          },
          {
            "checkpoint": "artifacts/probes/mvp/mvp_probe_mlp_ltx_video_retry_missing_20260511/layer_noise_0.5_block_36/train/trial_0019/probe_best.pt",
            "eval_output_dir": "artifacts/probes/mvp/mvp_probe_mlp_ltx_video_retry_missing_20260511/layer_noise_0.5_block_36/train/trial_0019/val_eval",
            "output_dir": "artifacts/probes/mvp/mvp_probe_mlp_ltx_video_retry_missing_20260511/layer_noise_0.5_block_36/train/trial_0019",
            "params": {
              "batch_size": 64,
              "dropout": 0.1906509759084042,
              "epochs": 100,
              "hidden_dims": "1024",
              "lr": 1.9271614885597854e-05,
              "weight_decay": 7.291225533370923e-08
            },
            "trial_number": 19,
            "value": 52.98281092012134
          }
        ]
      }
    },
    {
      "checkpoint": "artifacts/probes/mvp/mvp_probe_mlp_ltx_video_retry_missing_20260511/layer_noise_0.4_block_36/train/trial_0000/probe_best.pt",
      "eval": {
        "base_eval": {
          "metrics": {
            "accuracy": 80.88978766430738,
            "n_pairs": 989,
            "n_samples": 1978,
            "pair_consistency": 66.53185035389282
          },
          "output_dir": "artifacts/probes/mvp/mvp_probe_mlp_ltx_video_retry_missing_20260511/layer_noise_0.4_block_36/eval/test",
          "split_dir": "data/splits/mvp/full_60_20_20"
        },
        "checkpoint": "artifacts/probes/mvp/mvp_probe_mlp_ltx_video_retry_missing_20260511/layer_noise_0.4_block_36/train/trial_0000/probe_best.pt",
        "dataset": "mvp",
        "feature_signature": "7a044c58a91d3409",
        "metrics": {
          "accuracy": 80.88978766430738,
          "n_pairs": 989,
          "n_samples": 1978,
          "pair_consistency": 66.53185035389282
        },
        "metrics_by_split": {
          "test": {
            "accuracy": 80.88978766430738,
            "n_pairs": 989,
            "n_samples": 1978,
            "pair_consistency": 66.53185035389282
          },
          "train": {
            "accuracy": 99.84822934232716,
            "n_pairs": 2965,
            "n_samples": 5930,
            "pair_consistency": 99.6964586846543
          },
          "val": {
            "accuracy": 81.54701718907987,
            "n_pairs": 989,
            "n_samples": 1978,
            "pair_consistency": 67.44186046511628
          }
        },
        "objective_metric": 66.53185035389282,
        "prediction_file": "artifacts/probes/mvp/mvp_probe_mlp_ltx_video_retry_missing_20260511/layer_noise_0.4_block_36/eval/test/probe_predictions.json",
        "prediction_files": {
          "test": "artifacts/probes/mvp/mvp_probe_mlp_ltx_video_retry_missing_20260511/layer_noise_0.4_block_36/eval/test/probe_predictions.json",
          "train": "artifacts/probes/mvp/mvp_probe_mlp_ltx_video_retry_missing_20260511/layer_noise_0.4_block_36/eval/train/probe_predictions.json",
          "val": "artifacts/probes/mvp/mvp_probe_mlp_ltx_video_retry_missing_20260511/layer_noise_0.4_block_36/eval/val/probe_predictions.json"
        },
        "probe_eval_dir": "artifacts/probes/mvp/mvp_probe_mlp_ltx_video_retry_missing_20260511/layer_noise_0.4_block_36/eval",
        "probe_name": "mlp",
        "reported_splits": [
          "train",
          "val",
          "test"
        ],
        "split_eval_dirs": {
          "test": "artifacts/probes/mvp/mvp_probe_mlp_ltx_video_retry_missing_20260511/layer_noise_0.4_block_36/eval/test",
          "train": "artifacts/probes/mvp/mvp_probe_mlp_ltx_video_retry_missing_20260511/layer_noise_0.4_block_36/eval/train",
          "val": "artifacts/probes/mvp/mvp_probe_mlp_ltx_video_retry_missing_20260511/layer_noise_0.4_block_36/eval/val"
        },
        "split_evals": {
          "test": {
            "base_eval": {
              "metrics": {
                "accuracy": 80.88978766430738,
                "n_pairs": 989,
                "n_samples": 1978,
                "pair_consistency": 66.53185035389282
              },
              "output_dir": "artifacts/probes/mvp/mvp_probe_mlp_ltx_video_retry_missing_20260511/layer_noise_0.4_block_36/eval/test",
              "split_dir": "data/splits/mvp/full_60_20_20"
            },
            "checkpoint": "artifacts/probes/mvp/mvp_probe_mlp_ltx_video_retry_missing_20260511/layer_noise_0.4_block_36/train/trial_0000/probe_best.pt",
            "dataset": "mvp",
            "feature_signature": "7a044c58a91d3409",
            "metrics": {
              "accuracy": 80.88978766430738,
              "n_pairs": 989,
              "n_samples": 1978,
              "pair_consistency": 66.53185035389282
            },
            "objective_metric": 66.53185035389282,
            "prediction_file": "artifacts/probes/mvp/mvp_probe_mlp_ltx_video_retry_missing_20260511/layer_noise_0.4_block_36/eval/test/probe_predictions.json",
            "probe_eval_dir": "artifacts/probes/mvp/mvp_probe_mlp_ltx_video_retry_missing_20260511/layer_noise_0.4_block_36/eval/test",
            "probe_name": "mlp",
            "split_name": "test"
          },
          "train": {
            "base_eval": {
              "metrics": {
                "accuracy": 99.84822934232716,
                "n_pairs": 2965,
                "n_samples": 5930,
                "pair_consistency": 99.6964586846543
              },
              "output_dir": "artifacts/probes/mvp/mvp_probe_mlp_ltx_video_retry_missing_20260511/layer_noise_0.4_block_36/eval/train",
              "split_dir": "data/splits/mvp/full_60_20_20"
            },
            "checkpoint": "artifacts/probes/mvp/mvp_probe_mlp_ltx_video_retry_missing_20260511/layer_noise_0.4_block_36/train/trial_0000/probe_best.pt",
            "dataset": "mvp",
            "feature_signature": "7a044c58a91d3409",
            "metrics": {
              "accuracy": 99.84822934232716,
              "n_pairs": 2965,
              "n_samples": 5930,
              "pair_consistency": 99.6964586846543
            },
            "objective_metric": 99.6964586846543,
            "prediction_file": "artifacts/probes/mvp/mvp_probe_mlp_ltx_video_retry_missing_20260511/layer_noise_0.4_block_36/eval/train/probe_predictions.json",
            "probe_eval_dir": "artifacts/probes/mvp/mvp_probe_mlp_ltx_video_retry_missing_20260511/layer_noise_0.4_block_36/eval/train",
            "probe_name": "mlp",
            "split_name": "train"
          },
          "val": {
            "base_eval": {
              "metrics": {
                "accuracy": 81.54701718907987,
                "n_pairs": 989,
                "n_samples": 1978,
                "pair_consistency": 67.44186046511628
              },
              "output_dir": "artifacts/probes/mvp/mvp_probe_mlp_ltx_video_retry_missing_20260511/layer_noise_0.4_block_36/eval/val",
              "split_dir": "data/splits/mvp/full_60_20_20"
            },
            "checkpoint": "artifacts/probes/mvp/mvp_probe_mlp_ltx_video_retry_missing_20260511/layer_noise_0.4_block_36/train/trial_0000/probe_best.pt",
            "dataset": "mvp",
            "feature_signature": "7a044c58a91d3409",
            "metrics": {
              "accuracy": 81.54701718907987,
              "n_pairs": 989,
              "n_samples": 1978,
              "pair_consistency": 67.44186046511628
            },
            "objective_metric": 67.44186046511628,
            "prediction_file": "artifacts/probes/mvp/mvp_probe_mlp_ltx_video_retry_missing_20260511/layer_noise_0.4_block_36/eval/val/probe_predictions.json",
            "probe_eval_dir": "artifacts/probes/mvp/mvp_probe_mlp_ltx_video_retry_missing_20260511/layer_noise_0.4_block_36/eval/val",
            "probe_name": "mlp",
            "split_name": "val"
          }
        },
        "split_name": "test"
      },
      "layer": 27,
      "layer_label": "noise_0.4_block_36",
      "objective_metric": 66.53185035389282,
      "train": {
        "best_checkpoint": "artifacts/probes/mvp/mvp_probe_mlp_ltx_video_retry_missing_20260511/layer_noise_0.4_block_36/train/trial_0000/probe_best.pt",
        "best_eval_output_dir": "artifacts/probes/mvp/mvp_probe_mlp_ltx_video_retry_missing_20260511/layer_noise_0.4_block_36/train/trial_0000/val_eval",
        "best_output_dir": "artifacts/probes/mvp/mvp_probe_mlp_ltx_video_retry_missing_20260511/layer_noise_0.4_block_36/train/trial_0000",
        "best_params": {
          "batch_size": 32,
          "dropout": 0.21597250932105788,
          "epochs": 2000,
          "hidden_dims": "256",
          "lr": 0.0001329291894316216,
          "weight_decay": 0.005061576888752304
        },
        "best_trial_number": 0,
        "best_value": 67.44186046511628,
        "checkpoint": "artifacts/probes/mvp/mvp_probe_mlp_ltx_video_retry_missing_20260511/layer_noise_0.4_block_36/train/trial_0000/probe_best.pt",
        "dataset": "mvp",
        "direction": "maximize",
        "layer": 27,
        "n_trials": 20,
        "objective_metric": "pair_consistency",
        "output_dir": "artifacts/probes/mvp/mvp_probe_mlp_ltx_video_retry_missing_20260511/layer_noise_0.4_block_36/train",
        "probe_name": "mlp",
        "storage": "sqlite:////gpfs/scratch1/shared/scur0511/probe4physics/artifacts/probes/mvp/mvp_probe_mlp_ltx_video_retry_missing_20260511/layer_noise_0.4_block_36/train/optuna_study.sqlite3",
        "study_name": "mvp_mlp_ltx_video_layer_noise_0.4_block_36",
        "trials": [
          {
            "checkpoint": "artifacts/probes/mvp/mvp_probe_mlp_ltx_video_retry_missing_20260511/layer_noise_0.4_block_36/train/trial_0000/probe_best.pt",
            "eval_output_dir": "artifacts/probes/mvp/mvp_probe_mlp_ltx_video_retry_missing_20260511/layer_noise_0.4_block_36/train/trial_0000/val_eval",
            "output_dir": "artifacts/probes/mvp/mvp_probe_mlp_ltx_video_retry_missing_20260511/layer_noise_0.4_block_36/train/trial_0000",
            "params": {
              "batch_size": 32,
              "dropout": 0.21597250932105788,
              "epochs": 2000,
              "hidden_dims": "256",
              "lr": 0.0001329291894316216,
              "weight_decay": 0.005061576888752304
            },
            "trial_number": 0,
            "value": 67.44186046511628
          },
          {
            "checkpoint": "artifacts/probes/mvp/mvp_probe_mlp_ltx_video_retry_missing_20260511/layer_noise_0.4_block_36/train/trial_0001/probe_best.pt",
            "eval_output_dir": "artifacts/probes/mvp/mvp_probe_mlp_ltx_video_retry_missing_20260511/layer_noise_0.4_block_36/train/trial_0001/val_eval",
            "output_dir": "artifacts/probes/mvp/mvp_probe_mlp_ltx_video_retry_missing_20260511/layer_noise_0.4_block_36/train/trial_0001",
            "params": {
              "batch_size": 256,
              "dropout": 0.048836057003191935,
              "epochs": 20,
              "hidden_dims": "512x256",
              "lr": 7.476312062252303e-05,
              "weight_decay": 4.689400963537693e-05
            },
            "trial_number": 1,
            "value": 32.55813953488372
          },
          {
            "checkpoint": "artifacts/probes/mvp/mvp_probe_mlp_ltx_video_retry_missing_20260511/layer_noise_0.4_block_36/train/trial_0002/probe_best.pt",
            "eval_output_dir": "artifacts/probes/mvp/mvp_probe_mlp_ltx_video_retry_missing_20260511/layer_noise_0.4_block_36/train/trial_0002/val_eval",
            "output_dir": "artifacts/probes/mvp/mvp_probe_mlp_ltx_video_retry_missing_20260511/layer_noise_0.4_block_36/train/trial_0002",
            "params": {
              "batch_size": 256,
              "dropout": 0.04424625102595975,
              "epochs": 50,
              "hidden_dims": "256",
              "lr": 0.0011290133559092666,
              "weight_decay": 4.374364439939069e-06
            },
            "trial_number": 2,
            "value": 39.33265925176946
          },
          {
            "checkpoint": "artifacts/probes/mvp/mvp_probe_mlp_ltx_video_retry_missing_20260511/layer_noise_0.4_block_36/train/trial_0006/probe_best.pt",
            "eval_output_dir": "artifacts/probes/mvp/mvp_probe_mlp_ltx_video_retry_missing_20260511/layer_noise_0.4_block_36/train/trial_0006/val_eval",
            "output_dir": "artifacts/probes/mvp/mvp_probe_mlp_ltx_video_retry_missing_20260511/layer_noise_0.4_block_36/train/trial_0006",
            "params": {
              "batch_size": 128,
              "dropout": 0.0599326836668414,
              "epochs": 50,
              "hidden_dims": "512",
              "lr": 0.000794714742465374,
              "weight_decay": 0.0016934155410667966
            },
            "trial_number": 6,
            "value": 40.24266936299292
          },
          {
            "checkpoint": "artifacts/probes/mvp/mvp_probe_mlp_ltx_video_retry_missing_20260511/layer_noise_0.4_block_36/train/trial_0007/probe_best.pt",
            "eval_output_dir": "artifacts/probes/mvp/mvp_probe_mlp_ltx_video_retry_missing_20260511/layer_noise_0.4_block_36/train/trial_0007/val_eval",
            "output_dir": "artifacts/probes/mvp/mvp_probe_mlp_ltx_video_retry_missing_20260511/layer_noise_0.4_block_36/train/trial_0007",
            "params": {
              "batch_size": 128,
              "dropout": 0.11978094533348621,
              "epochs": 20,
              "hidden_dims": "1024x512x1024",
              "lr": 0.00010300196600986775,
              "weight_decay": 0.0045442082254883295
            },
            "trial_number": 7,
            "value": 26.99696663296259
          },
          {
            "checkpoint": "artifacts/probes/mvp/mvp_probe_mlp_ltx_video_retry_missing_20260511/layer_noise_0.4_block_36/train/trial_0008/probe_best.pt",
            "eval_output_dir": "artifacts/probes/mvp/mvp_probe_mlp_ltx_video_retry_missing_20260511/layer_noise_0.4_block_36/train/trial_0008/val_eval",
            "output_dir": "artifacts/probes/mvp/mvp_probe_mlp_ltx_video_retry_missing_20260511/layer_noise_0.4_block_36/train/trial_0008",
            "params": {
              "batch_size": 32,
              "dropout": 0.3387821809211412,
              "epochs": 50,
              "hidden_dims": "512",
              "lr": 2.7207248059486674e-05,
              "weight_decay": 8.64403589520682e-06
            },
            "trial_number": 8,
            "value": 41.05156723963599
          },
          {
            "checkpoint": "artifacts/probes/mvp/mvp_probe_mlp_ltx_video_retry_missing_20260511/layer_noise_0.4_block_36/train/trial_0009/probe_best.pt",
            "eval_output_dir": "artifacts/probes/mvp/mvp_probe_mlp_ltx_video_retry_missing_20260511/layer_noise_0.4_block_36/train/trial_0009/val_eval",
            "output_dir": "artifacts/probes/mvp/mvp_probe_mlp_ltx_video_retry_missing_20260511/layer_noise_0.4_block_36/train/trial_0009",
            "params": {
              "batch_size": 256,
              "dropout": 0.12092614545022584,
              "epochs": 50,
              "hidden_dims": "256",
              "lr": 1.1214075785991125e-05,
              "weight_decay": 1.1818390883060214e-05
            },
            "trial_number": 9,
            "value": 36.400404448938325
          },
          {
            "checkpoint": "artifacts/probes/mvp/mvp_probe_mlp_ltx_video_retry_missing_20260511/layer_noise_0.4_block_36/train/trial_0016/probe_best.pt",
            "eval_output_dir": "artifacts/probes/mvp/mvp_probe_mlp_ltx_video_retry_missing_20260511/layer_noise_0.4_block_36/train/trial_0016/val_eval",
            "output_dir": "artifacts/probes/mvp/mvp_probe_mlp_ltx_video_retry_missing_20260511/layer_noise_0.4_block_36/train/trial_0016",
            "params": {
              "batch_size": 32,
              "dropout": 0.4519718911709637,
              "epochs": 50,
              "hidden_dims": "512x256",
              "lr": 0.0001718440878518453,
              "weight_decay": 0.00619480551610472
            },
            "trial_number": 16,
            "value": 33.9737108190091
          },
          {
            "checkpoint": "artifacts/probes/mvp/mvp_probe_mlp_ltx_video_retry_missing_20260511/layer_noise_0.4_block_36/train/trial_0019/probe_best.pt",
            "eval_output_dir": "artifacts/probes/mvp/mvp_probe_mlp_ltx_video_retry_missing_20260511/layer_noise_0.4_block_36/train/trial_0019/val_eval",
            "output_dir": "artifacts/probes/mvp/mvp_probe_mlp_ltx_video_retry_missing_20260511/layer_noise_0.4_block_36/train/trial_0019",
            "params": {
              "batch_size": 64,
              "dropout": 0.2884745869448389,
              "epochs": 50,
              "hidden_dims": "512",
              "lr": 9.112084128938676e-05,
              "weight_decay": 6.867691807016495e-05
            },
            "trial_number": 19,
            "value": 37.71486349848331
          }
        ]
      }
    },
    {
      "checkpoint": "artifacts/probes/mvp/mvp_probe_mlp_ltx_video_retry_missing_20260511/layer_noise_0.3_block_36/train/trial_0000/probe_best.pt",
      "eval": {
        "base_eval": {
          "metrics": {
            "accuracy": 80.23255813953489,
            "n_pairs": 989,
            "n_samples": 1978,
            "pair_consistency": 65.11627906976744
          },
          "output_dir": "artifacts/probes/mvp/mvp_probe_mlp_ltx_video_retry_missing_20260511/layer_noise_0.3_block_36/eval/test",
          "split_dir": "data/splits/mvp/full_60_20_20"
        },
        "checkpoint": "artifacts/probes/mvp/mvp_probe_mlp_ltx_video_retry_missing_20260511/layer_noise_0.3_block_36/train/trial_0000/probe_best.pt",
        "dataset": "mvp",
        "feature_signature": "7a044c58a91d3409",
        "metrics": {
          "accuracy": 80.23255813953489,
          "n_pairs": 989,
          "n_samples": 1978,
          "pair_consistency": 65.11627906976744
        },
        "metrics_by_split": {
          "test": {
            "accuracy": 80.23255813953489,
            "n_pairs": 989,
            "n_samples": 1978,
            "pair_consistency": 65.11627906976744
          },
          "train": {
            "accuracy": 99.17369308600337,
            "n_pairs": 2965,
            "n_samples": 5930,
            "pair_consistency": 98.34738617200675
          },
          "val": {
            "accuracy": 81.19312436804853,
            "n_pairs": 989,
            "n_samples": 1978,
            "pair_consistency": 65.31850353892821
          }
        },
        "objective_metric": 65.11627906976744,
        "prediction_file": "artifacts/probes/mvp/mvp_probe_mlp_ltx_video_retry_missing_20260511/layer_noise_0.3_block_36/eval/test/probe_predictions.json",
        "prediction_files": {
          "test": "artifacts/probes/mvp/mvp_probe_mlp_ltx_video_retry_missing_20260511/layer_noise_0.3_block_36/eval/test/probe_predictions.json",
          "train": "artifacts/probes/mvp/mvp_probe_mlp_ltx_video_retry_missing_20260511/layer_noise_0.3_block_36/eval/train/probe_predictions.json",
          "val": "artifacts/probes/mvp/mvp_probe_mlp_ltx_video_retry_missing_20260511/layer_noise_0.3_block_36/eval/val/probe_predictions.json"
        },
        "probe_eval_dir": "artifacts/probes/mvp/mvp_probe_mlp_ltx_video_retry_missing_20260511/layer_noise_0.3_block_36/eval",
        "probe_name": "mlp",
        "reported_splits": [
          "train",
          "val",
          "test"
        ],
        "split_eval_dirs": {
          "test": "artifacts/probes/mvp/mvp_probe_mlp_ltx_video_retry_missing_20260511/layer_noise_0.3_block_36/eval/test",
          "train": "artifacts/probes/mvp/mvp_probe_mlp_ltx_video_retry_missing_20260511/layer_noise_0.3_block_36/eval/train",
          "val": "artifacts/probes/mvp/mvp_probe_mlp_ltx_video_retry_missing_20260511/layer_noise_0.3_block_36/eval/val"
        },
        "split_evals": {
          "test": {
            "base_eval": {
              "metrics": {
                "accuracy": 80.23255813953489,
                "n_pairs": 989,
                "n_samples": 1978,
                "pair_consistency": 65.11627906976744
              },
              "output_dir": "artifacts/probes/mvp/mvp_probe_mlp_ltx_video_retry_missing_20260511/layer_noise_0.3_block_36/eval/test",
              "split_dir": "data/splits/mvp/full_60_20_20"
            },
            "checkpoint": "artifacts/probes/mvp/mvp_probe_mlp_ltx_video_retry_missing_20260511/layer_noise_0.3_block_36/train/trial_0000/probe_best.pt",
            "dataset": "mvp",
            "feature_signature": "7a044c58a91d3409",
            "metrics": {
              "accuracy": 80.23255813953489,
              "n_pairs": 989,
              "n_samples": 1978,
              "pair_consistency": 65.11627906976744
            },
            "objective_metric": 65.11627906976744,
            "prediction_file": "artifacts/probes/mvp/mvp_probe_mlp_ltx_video_retry_missing_20260511/layer_noise_0.3_block_36/eval/test/probe_predictions.json",
            "probe_eval_dir": "artifacts/probes/mvp/mvp_probe_mlp_ltx_video_retry_missing_20260511/layer_noise_0.3_block_36/eval/test",
            "probe_name": "mlp",
            "split_name": "test"
          },
          "train": {
            "base_eval": {
              "metrics": {
                "accuracy": 99.17369308600337,
                "n_pairs": 2965,
                "n_samples": 5930,
                "pair_consistency": 98.34738617200675
              },
              "output_dir": "artifacts/probes/mvp/mvp_probe_mlp_ltx_video_retry_missing_20260511/layer_noise_0.3_block_36/eval/train",
              "split_dir": "data/splits/mvp/full_60_20_20"
            },
            "checkpoint": "artifacts/probes/mvp/mvp_probe_mlp_ltx_video_retry_missing_20260511/layer_noise_0.3_block_36/train/trial_0000/probe_best.pt",
            "dataset": "mvp",
            "feature_signature": "7a044c58a91d3409",
            "metrics": {
              "accuracy": 99.17369308600337,
              "n_pairs": 2965,
              "n_samples": 5930,
              "pair_consistency": 98.34738617200675
            },
            "objective_metric": 98.34738617200675,
            "prediction_file": "artifacts/probes/mvp/mvp_probe_mlp_ltx_video_retry_missing_20260511/layer_noise_0.3_block_36/eval/train/probe_predictions.json",
            "probe_eval_dir": "artifacts/probes/mvp/mvp_probe_mlp_ltx_video_retry_missing_20260511/layer_noise_0.3_block_36/eval/train",
            "probe_name": "mlp",
            "split_name": "train"
          },
          "val": {
            "base_eval": {
              "metrics": {
                "accuracy": 81.19312436804853,
                "n_pairs": 989,
                "n_samples": 1978,
                "pair_consistency": 65.31850353892821
              },
              "output_dir": "artifacts/probes/mvp/mvp_probe_mlp_ltx_video_retry_missing_20260511/layer_noise_0.3_block_36/eval/val",
              "split_dir": "data/splits/mvp/full_60_20_20"
            },
            "checkpoint": "artifacts/probes/mvp/mvp_probe_mlp_ltx_video_retry_missing_20260511/layer_noise_0.3_block_36/train/trial_0000/probe_best.pt",
            "dataset": "mvp",
            "feature_signature": "7a044c58a91d3409",
            "metrics": {
              "accuracy": 81.19312436804853,
              "n_pairs": 989,
              "n_samples": 1978,
              "pair_consistency": 65.31850353892821
            },
            "objective_metric": 65.31850353892821,
            "prediction_file": "artifacts/probes/mvp/mvp_probe_mlp_ltx_video_retry_missing_20260511/layer_noise_0.3_block_36/eval/val/probe_predictions.json",
            "probe_eval_dir": "artifacts/probes/mvp/mvp_probe_mlp_ltx_video_retry_missing_20260511/layer_noise_0.3_block_36/eval/val",
            "probe_name": "mlp",
            "split_name": "val"
          }
        },
        "split_name": "test"
      },
      "layer": 31,
      "layer_label": "noise_0.3_block_36",
      "objective_metric": 65.11627906976744,
      "train": {
        "best_checkpoint": "artifacts/probes/mvp/mvp_probe_mlp_ltx_video_retry_missing_20260511/layer_noise_0.3_block_36/train/trial_0000/probe_best.pt",
        "best_eval_output_dir": "artifacts/probes/mvp/mvp_probe_mlp_ltx_video_retry_missing_20260511/layer_noise_0.3_block_36/train/trial_0000/val_eval",
        "best_output_dir": "artifacts/probes/mvp/mvp_probe_mlp_ltx_video_retry_missing_20260511/layer_noise_0.3_block_36/train/trial_0000",
        "best_params": {
          "batch_size": 32,
          "dropout": 0.21597250932105788,
          "epochs": 2000,
          "hidden_dims": "256",
          "lr": 0.0001329291894316216,
          "weight_decay": 0.005061576888752304
        },
        "best_trial_number": 0,
        "best_value": 65.31850353892821,
        "checkpoint": "artifacts/probes/mvp/mvp_probe_mlp_ltx_video_retry_missing_20260511/layer_noise_0.3_block_36/train/trial_0000/probe_best.pt",
        "dataset": "mvp",
        "direction": "maximize",
        "layer": 31,
        "n_trials": 20,
        "objective_metric": "pair_consistency",
        "output_dir": "artifacts/probes/mvp/mvp_probe_mlp_ltx_video_retry_missing_20260511/layer_noise_0.3_block_36/train",
        "probe_name": "mlp",
        "storage": "sqlite:////gpfs/scratch1/shared/scur0511/probe4physics/artifacts/probes/mvp/mvp_probe_mlp_ltx_video_retry_missing_20260511/layer_noise_0.3_block_36/train/optuna_study.sqlite3",
        "study_name": "mvp_mlp_ltx_video_layer_noise_0.3_block_36",
        "trials": [
          {
            "checkpoint": "artifacts/probes/mvp/mvp_probe_mlp_ltx_video_retry_missing_20260511/layer_noise_0.3_block_36/train/trial_0000/probe_best.pt",
            "eval_output_dir": "artifacts/probes/mvp/mvp_probe_mlp_ltx_video_retry_missing_20260511/layer_noise_0.3_block_36/train/trial_0000/val_eval",
            "output_dir": "artifacts/probes/mvp/mvp_probe_mlp_ltx_video_retry_missing_20260511/layer_noise_0.3_block_36/train/trial_0000",
            "params": {
              "batch_size": 32,
              "dropout": 0.21597250932105788,
              "epochs": 2000,
              "hidden_dims": "256",
              "lr": 0.0001329291894316216,
              "weight_decay": 0.005061576888752304
            },
            "trial_number": 0,
            "value": 65.31850353892821
          },
          {
            "checkpoint": "artifacts/probes/mvp/mvp_probe_mlp_ltx_video_retry_missing_20260511/layer_noise_0.3_block_36/train/trial_0001/probe_best.pt",
            "eval_output_dir": "artifacts/probes/mvp/mvp_probe_mlp_ltx_video_retry_missing_20260511/layer_noise_0.3_block_36/train/trial_0001/val_eval",
            "output_dir": "artifacts/probes/mvp/mvp_probe_mlp_ltx_video_retry_missing_20260511/layer_noise_0.3_block_36/train/trial_0001",
            "params": {
              "batch_size": 256,
              "dropout": 0.048836057003191935,
              "epochs": 20,
              "hidden_dims": "512x256",
              "lr": 7.476312062252303e-05,
              "weight_decay": 4.689400963537693e-05
            },
            "trial_number": 1,
            "value": 31.547017189079877
          },
          {
            "checkpoint": "artifacts/probes/mvp/mvp_probe_mlp_ltx_video_retry_missing_20260511/layer_noise_0.3_block_36/train/trial_0002/probe_best.pt",
            "eval_output_dir": "artifacts/probes/mvp/mvp_probe_mlp_ltx_video_retry_missing_20260511/layer_noise_0.3_block_36/train/trial_0002/val_eval",
            "output_dir": "artifacts/probes/mvp/mvp_probe_mlp_ltx_video_retry_missing_20260511/layer_noise_0.3_block_36/train/trial_0002",
            "params": {
              "batch_size": 256,
              "dropout": 0.04424625102595975,
              "epochs": 50,
              "hidden_dims": "256",
              "lr": 0.0011290133559092666,
              "weight_decay": 4.374364439939069e-06
            },
            "trial_number": 2,
            "value": 36.804853387259854
          },
          {
            "checkpoint": "artifacts/probes/mvp/mvp_probe_mlp_ltx_video_retry_missing_20260511/layer_noise_0.3_block_36/train/trial_0006/probe_best.pt",
            "eval_output_dir": "artifacts/probes/mvp/mvp_probe_mlp_ltx_video_retry_missing_20260511/layer_noise_0.3_block_36/train/trial_0006/val_eval",
            "output_dir": "artifacts/probes/mvp/mvp_probe_mlp_ltx_video_retry_missing_20260511/layer_noise_0.3_block_36/train/trial_0006",
            "params": {
              "batch_size": 128,
              "dropout": 0.0599326836668414,
              "epochs": 50,
              "hidden_dims": "512",
              "lr": 0.000794714742465374,
              "weight_decay": 0.0016934155410667966
            },
            "trial_number": 6,
            "value": 41.15267947421638
          },
          {
            "checkpoint": "artifacts/probes/mvp/mvp_probe_mlp_ltx_video_retry_missing_20260511/layer_noise_0.3_block_36/train/trial_0007/probe_best.pt",
            "eval_output_dir": "artifacts/probes/mvp/mvp_probe_mlp_ltx_video_retry_missing_20260511/layer_noise_0.3_block_36/train/trial_0007/val_eval",
            "output_dir": "artifacts/probes/mvp/mvp_probe_mlp_ltx_video_retry_missing_20260511/layer_noise_0.3_block_36/train/trial_0007",
            "params": {
              "batch_size": 128,
              "dropout": 0.11978094533348621,
              "epochs": 20,
              "hidden_dims": "1024x512x1024",
              "lr": 0.00010300196600986775,
              "weight_decay": 0.0045442082254883295
            },
            "trial_number": 7,
            "value": 27.80586450960566
          },
          {
            "checkpoint": "artifacts/probes/mvp/mvp_probe_mlp_ltx_video_retry_missing_20260511/layer_noise_0.3_block_36/train/trial_0008/probe_best.pt",
            "eval_output_dir": "artifacts/probes/mvp/mvp_probe_mlp_ltx_video_retry_missing_20260511/layer_noise_0.3_block_36/train/trial_0008/val_eval",
            "output_dir": "artifacts/probes/mvp/mvp_probe_mlp_ltx_video_retry_missing_20260511/layer_noise_0.3_block_36/train/trial_0008",
            "params": {
              "batch_size": 32,
              "dropout": 0.3387821809211412,
              "epochs": 50,
              "hidden_dims": "512",
              "lr": 2.7207248059486674e-05,
              "weight_decay": 8.64403589520682e-06
            },
            "trial_number": 8,
            "value": 43.27603640040445
          },
          {
            "checkpoint": "artifacts/probes/mvp/mvp_probe_mlp_ltx_video_retry_missing_20260511/layer_noise_0.3_block_36/train/trial_0009/probe_best.pt",
            "eval_output_dir": "artifacts/probes/mvp/mvp_probe_mlp_ltx_video_retry_missing_20260511/layer_noise_0.3_block_36/train/trial_0009/val_eval",
            "output_dir": "artifacts/probes/mvp/mvp_probe_mlp_ltx_video_retry_missing_20260511/layer_noise_0.3_block_36/train/trial_0009",
            "params": {
              "batch_size": 256,
              "dropout": 0.12092614545022584,
              "epochs": 50,
              "hidden_dims": "256",
              "lr": 1.1214075785991125e-05,
              "weight_decay": 1.1818390883060214e-05
            },
            "trial_number": 9,
            "value": 36.19817997977755
          },
          {
            "checkpoint": "artifacts/probes/mvp/mvp_probe_mlp_ltx_video_retry_missing_20260511/layer_noise_0.3_block_36/train/trial_0016/probe_best.pt",
            "eval_output_dir": "artifacts/probes/mvp/mvp_probe_mlp_ltx_video_retry_missing_20260511/layer_noise_0.3_block_36/train/trial_0016/val_eval",
            "output_dir": "artifacts/probes/mvp/mvp_probe_mlp_ltx_video_retry_missing_20260511/layer_noise_0.3_block_36/train/trial_0016",
            "params": {
              "batch_size": 32,
              "dropout": 0.4519718911709637,
              "epochs": 50,
              "hidden_dims": "512x256",
              "lr": 0.0001718440878518453,
              "weight_decay": 0.00619480551610472
            },
            "trial_number": 16,
            "value": 36.400404448938325
          },
          {
            "checkpoint": "artifacts/probes/mvp/mvp_probe_mlp_ltx_video_retry_missing_20260511/layer_noise_0.3_block_36/train/trial_0019/probe_best.pt",
            "eval_output_dir": "artifacts/probes/mvp/mvp_probe_mlp_ltx_video_retry_missing_20260511/layer_noise_0.3_block_36/train/trial_0019/val_eval",
            "output_dir": "artifacts/probes/mvp/mvp_probe_mlp_ltx_video_retry_missing_20260511/layer_noise_0.3_block_36/train/trial_0019",
            "params": {
              "batch_size": 64,
              "dropout": 0.2884745869448389,
              "epochs": 50,
              "hidden_dims": "512",
              "lr": 9.112084128938676e-05,
              "weight_decay": 6.867691807016495e-05
            },
            "trial_number": 19,
            "value": 43.377148634984835
          }
        ]
      }
    },
    {
      "checkpoint": "artifacts/probes/mvp/mvp_probe_mlp_ltx_video_retry_missing_20260511/layer_noise_0.2_block_36/train/trial_0000/probe_best.pt",
      "eval": {
        "base_eval": {
          "metrics": {
            "accuracy": 80.68756319514662,
            "n_pairs": 989,
            "n_samples": 1978,
            "pair_consistency": 66.0262891809909
          },
          "output_dir": "artifacts/probes/mvp/mvp_probe_mlp_ltx_video_retry_missing_20260511/layer_noise_0.2_block_36/eval/test",
          "split_dir": "data/splits/mvp/full_60_20_20"
        },
        "checkpoint": "artifacts/probes/mvp/mvp_probe_mlp_ltx_video_retry_missing_20260511/layer_noise_0.2_block_36/train/trial_0000/probe_best.pt",
        "dataset": "mvp",
        "feature_signature": "7a044c58a91d3409",
        "metrics": {
          "accuracy": 80.68756319514662,
          "n_pairs": 989,
          "n_samples": 1978,
          "pair_consistency": 66.0262891809909
        },
        "metrics_by_split": {
          "test": {
            "accuracy": 80.68756319514662,
            "n_pairs": 989,
            "n_samples": 1978,
            "pair_consistency": 66.0262891809909
          },
          "train": {
            "accuracy": 99.6627318718381,
            "n_pairs": 2965,
            "n_samples": 5930,
            "pair_consistency": 99.32546374367622
          },
          "val": {
            "accuracy": 81.3953488372093,
            "n_pairs": 989,
            "n_samples": 1978,
            "pair_consistency": 67.44186046511628
          }
        },
        "objective_metric": 66.0262891809909,
        "prediction_file": "artifacts/probes/mvp/mvp_probe_mlp_ltx_video_retry_missing_20260511/layer_noise_0.2_block_36/eval/test/probe_predictions.json",
        "prediction_files": {
          "test": "artifacts/probes/mvp/mvp_probe_mlp_ltx_video_retry_missing_20260511/layer_noise_0.2_block_36/eval/test/probe_predictions.json",
          "train": "artifacts/probes/mvp/mvp_probe_mlp_ltx_video_retry_missing_20260511/layer_noise_0.2_block_36/eval/train/probe_predictions.json",
          "val": "artifacts/probes/mvp/mvp_probe_mlp_ltx_video_retry_missing_20260511/layer_noise_0.2_block_36/eval/val/probe_predictions.json"
        },
        "probe_eval_dir": "artifacts/probes/mvp/mvp_probe_mlp_ltx_video_retry_missing_20260511/layer_noise_0.2_block_36/eval",
        "probe_name": "mlp",
        "reported_splits": [
          "train",
          "val",
          "test"
        ],
        "split_eval_dirs": {
          "test": "artifacts/probes/mvp/mvp_probe_mlp_ltx_video_retry_missing_20260511/layer_noise_0.2_block_36/eval/test",
          "train": "artifacts/probes/mvp/mvp_probe_mlp_ltx_video_retry_missing_20260511/layer_noise_0.2_block_36/eval/train",
          "val": "artifacts/probes/mvp/mvp_probe_mlp_ltx_video_retry_missing_20260511/layer_noise_0.2_block_36/eval/val"
        },
        "split_evals": {
          "test": {
            "base_eval": {
              "metrics": {
                "accuracy": 80.68756319514662,
                "n_pairs": 989,
                "n_samples": 1978,
                "pair_consistency": 66.0262891809909
              },
              "output_dir": "artifacts/probes/mvp/mvp_probe_mlp_ltx_video_retry_missing_20260511/layer_noise_0.2_block_36/eval/test",
              "split_dir": "data/splits/mvp/full_60_20_20"
            },
            "checkpoint": "artifacts/probes/mvp/mvp_probe_mlp_ltx_video_retry_missing_20260511/layer_noise_0.2_block_36/train/trial_0000/probe_best.pt",
            "dataset": "mvp",
            "feature_signature": "7a044c58a91d3409",
            "metrics": {
              "accuracy": 80.68756319514662,
              "n_pairs": 989,
              "n_samples": 1978,
              "pair_consistency": 66.0262891809909
            },
            "objective_metric": 66.0262891809909,
            "prediction_file": "artifacts/probes/mvp/mvp_probe_mlp_ltx_video_retry_missing_20260511/layer_noise_0.2_block_36/eval/test/probe_predictions.json",
            "probe_eval_dir": "artifacts/probes/mvp/mvp_probe_mlp_ltx_video_retry_missing_20260511/layer_noise_0.2_block_36/eval/test",
            "probe_name": "mlp",
            "split_name": "test"
          },
          "train": {
            "base_eval": {
              "metrics": {
                "accuracy": 99.6627318718381,
                "n_pairs": 2965,
                "n_samples": 5930,
                "pair_consistency": 99.32546374367622
              },
              "output_dir": "artifacts/probes/mvp/mvp_probe_mlp_ltx_video_retry_missing_20260511/layer_noise_0.2_block_36/eval/train",
              "split_dir": "data/splits/mvp/full_60_20_20"
            },
            "checkpoint": "artifacts/probes/mvp/mvp_probe_mlp_ltx_video_retry_missing_20260511/layer_noise_0.2_block_36/train/trial_0000/probe_best.pt",
            "dataset": "mvp",
            "feature_signature": "7a044c58a91d3409",
            "metrics": {
              "accuracy": 99.6627318718381,
              "n_pairs": 2965,
              "n_samples": 5930,
              "pair_consistency": 99.32546374367622
            },
            "objective_metric": 99.32546374367622,
            "prediction_file": "artifacts/probes/mvp/mvp_probe_mlp_ltx_video_retry_missing_20260511/layer_noise_0.2_block_36/eval/train/probe_predictions.json",
            "probe_eval_dir": "artifacts/probes/mvp/mvp_probe_mlp_ltx_video_retry_missing_20260511/layer_noise_0.2_block_36/eval/train",
            "probe_name": "mlp",
            "split_name": "train"
          },
          "val": {
            "base_eval": {
              "metrics": {
                "accuracy": 81.3953488372093,
                "n_pairs": 989,
                "n_samples": 1978,
                "pair_consistency": 67.44186046511628
              },
              "output_dir": "artifacts/probes/mvp/mvp_probe_mlp_ltx_video_retry_missing_20260511/layer_noise_0.2_block_36/eval/val",
              "split_dir": "data/splits/mvp/full_60_20_20"
            },
            "checkpoint": "artifacts/probes/mvp/mvp_probe_mlp_ltx_video_retry_missing_20260511/layer_noise_0.2_block_36/train/trial_0000/probe_best.pt",
            "dataset": "mvp",
            "feature_signature": "7a044c58a91d3409",
            "metrics": {
              "accuracy": 81.3953488372093,
              "n_pairs": 989,
              "n_samples": 1978,
              "pair_consistency": 67.44186046511628
            },
            "objective_metric": 67.44186046511628,
            "prediction_file": "artifacts/probes/mvp/mvp_probe_mlp_ltx_video_retry_missing_20260511/layer_noise_0.2_block_36/eval/val/probe_predictions.json",
            "probe_eval_dir": "artifacts/probes/mvp/mvp_probe_mlp_ltx_video_retry_missing_20260511/layer_noise_0.2_block_36/eval/val",
            "probe_name": "mlp",
            "split_name": "val"
          }
        },
        "split_name": "test"
      },
      "layer": 35,
      "layer_label": "noise_0.2_block_36",
      "objective_metric": 66.0262891809909,
      "train": {
        "best_checkpoint": "artifacts/probes/mvp/mvp_probe_mlp_ltx_video_retry_missing_20260511/layer_noise_0.2_block_36/train/trial_0000/probe_best.pt",
        "best_eval_output_dir": "artifacts/probes/mvp/mvp_probe_mlp_ltx_video_retry_missing_20260511/layer_noise_0.2_block_36/train/trial_0000/val_eval",
        "best_output_dir": "artifacts/probes/mvp/mvp_probe_mlp_ltx_video_retry_missing_20260511/layer_noise_0.2_block_36/train/trial_0000",
        "best_params": {
          "batch_size": 32,
          "dropout": 0.21597250932105788,
          "epochs": 2000,
          "hidden_dims": "256",
          "lr": 0.0001329291894316216,
          "weight_decay": 0.005061576888752304
        },
        "best_trial_number": 0,
        "best_value": 67.44186046511628,
        "checkpoint": "artifacts/probes/mvp/mvp_probe_mlp_ltx_video_retry_missing_20260511/layer_noise_0.2_block_36/train/trial_0000/probe_best.pt",
        "dataset": "mvp",
        "direction": "maximize",
        "layer": 35,
        "n_trials": 20,
        "objective_metric": "pair_consistency",
        "output_dir": "artifacts/probes/mvp/mvp_probe_mlp_ltx_video_retry_missing_20260511/layer_noise_0.2_block_36/train",
        "probe_name": "mlp",
        "storage": "sqlite:////gpfs/scratch1/shared/scur0511/probe4physics/artifacts/probes/mvp/mvp_probe_mlp_ltx_video_retry_missing_20260511/layer_noise_0.2_block_36/train/optuna_study.sqlite3",
        "study_name": "mvp_mlp_ltx_video_layer_noise_0.2_block_36",
        "trials": [
          {
            "checkpoint": "artifacts/probes/mvp/mvp_probe_mlp_ltx_video_retry_missing_20260511/layer_noise_0.2_block_36/train/trial_0000/probe_best.pt",
            "eval_output_dir": "artifacts/probes/mvp/mvp_probe_mlp_ltx_video_retry_missing_20260511/layer_noise_0.2_block_36/train/trial_0000/val_eval",
            "output_dir": "artifacts/probes/mvp/mvp_probe_mlp_ltx_video_retry_missing_20260511/layer_noise_0.2_block_36/train/trial_0000",
            "params": {
              "batch_size": 32,
              "dropout": 0.21597250932105788,
              "epochs": 2000,
              "hidden_dims": "256",
              "lr": 0.0001329291894316216,
              "weight_decay": 0.005061576888752304
            },
            "trial_number": 0,
            "value": 67.44186046511628
          },
          {
            "checkpoint": "artifacts/probes/mvp/mvp_probe_mlp_ltx_video_retry_missing_20260511/layer_noise_0.2_block_36/train/trial_0001/probe_best.pt",
            "eval_output_dir": "artifacts/probes/mvp/mvp_probe_mlp_ltx_video_retry_missing_20260511/layer_noise_0.2_block_36/train/trial_0001/val_eval",
            "output_dir": "artifacts/probes/mvp/mvp_probe_mlp_ltx_video_retry_missing_20260511/layer_noise_0.2_block_36/train/trial_0001",
            "params": {
              "batch_size": 256,
              "dropout": 0.048836057003191935,
              "epochs": 20,
              "hidden_dims": "512x256",
              "lr": 7.476312062252303e-05,
              "weight_decay": 4.689400963537693e-05
            },
            "trial_number": 1,
            "value": 26.693629929221434
          },
          {
            "checkpoint": "artifacts/probes/mvp/mvp_probe_mlp_ltx_video_retry_missing_20260511/layer_noise_0.2_block_36/train/trial_0002/probe_best.pt",
            "eval_output_dir": "artifacts/probes/mvp/mvp_probe_mlp_ltx_video_retry_missing_20260511/layer_noise_0.2_block_36/train/trial_0002/val_eval",
            "output_dir": "artifacts/probes/mvp/mvp_probe_mlp_ltx_video_retry_missing_20260511/layer_noise_0.2_block_36/train/trial_0002",
            "params": {
              "batch_size": 256,
              "dropout": 0.04424625102595975,
              "epochs": 50,
              "hidden_dims": "256",
              "lr": 0.0011290133559092666,
              "weight_decay": 4.374364439939069e-06
            },
            "trial_number": 2,
            "value": 35.38928210313448
          },
          {
            "checkpoint": "artifacts/probes/mvp/mvp_probe_mlp_ltx_video_retry_missing_20260511/layer_noise_0.2_block_36/train/trial_0006/probe_best.pt",
            "eval_output_dir": "artifacts/probes/mvp/mvp_probe_mlp_ltx_video_retry_missing_20260511/layer_noise_0.2_block_36/train/trial_0006/val_eval",
            "output_dir": "artifacts/probes/mvp/mvp_probe_mlp_ltx_video_retry_missing_20260511/layer_noise_0.2_block_36/train/trial_0006",
            "params": {
              "batch_size": 128,
              "dropout": 0.0599326836668414,
              "epochs": 50,
              "hidden_dims": "512",
              "lr": 0.000794714742465374,
              "weight_decay": 0.0016934155410667966
            },
            "trial_number": 6,
            "value": 39.23154701718908
          },
          {
            "checkpoint": "artifacts/probes/mvp/mvp_probe_mlp_ltx_video_retry_missing_20260511/layer_noise_0.2_block_36/train/trial_0007/probe_best.pt",
            "eval_output_dir": "artifacts/probes/mvp/mvp_probe_mlp_ltx_video_retry_missing_20260511/layer_noise_0.2_block_36/train/trial_0007/val_eval",
            "output_dir": "artifacts/probes/mvp/mvp_probe_mlp_ltx_video_retry_missing_20260511/layer_noise_0.2_block_36/train/trial_0007",
            "params": {
              "batch_size": 128,
              "dropout": 0.11978094533348621,
              "epochs": 20,
              "hidden_dims": "1024x512x1024",
              "lr": 0.00010300196600986775,
              "weight_decay": 0.0045442082254883295
            },
            "trial_number": 7,
            "value": 27.80586450960566
          },
          {
            "checkpoint": "artifacts/probes/mvp/mvp_probe_mlp_ltx_video_retry_missing_20260511/layer_noise_0.2_block_36/train/trial_0008/probe_best.pt",
            "eval_output_dir": "artifacts/probes/mvp/mvp_probe_mlp_ltx_video_retry_missing_20260511/layer_noise_0.2_block_36/train/trial_0008/val_eval",
            "output_dir": "artifacts/probes/mvp/mvp_probe_mlp_ltx_video_retry_missing_20260511/layer_noise_0.2_block_36/train/trial_0008",
            "params": {
              "batch_size": 32,
              "dropout": 0.3387821809211412,
              "epochs": 50,
              "hidden_dims": "512",
              "lr": 2.7207248059486674e-05,
              "weight_decay": 8.64403589520682e-06
            },
            "trial_number": 8,
            "value": 38.624873609706775
          },
          {
            "checkpoint": "artifacts/probes/mvp/mvp_probe_mlp_ltx_video_retry_missing_20260511/layer_noise_0.2_block_36/train/trial_0009/probe_best.pt",
            "eval_output_dir": "artifacts/probes/mvp/mvp_probe_mlp_ltx_video_retry_missing_20260511/layer_noise_0.2_block_36/train/trial_0009/val_eval",
            "output_dir": "artifacts/probes/mvp/mvp_probe_mlp_ltx_video_retry_missing_20260511/layer_noise_0.2_block_36/train/trial_0009",
            "params": {
              "batch_size": 256,
              "dropout": 0.12092614545022584,
              "epochs": 50,
              "hidden_dims": "256",
              "lr": 1.1214075785991125e-05,
              "weight_decay": 1.1818390883060214e-05
            },
            "trial_number": 9,
            "value": 35.28816986855409
          },
          {
            "checkpoint": "artifacts/probes/mvp/mvp_probe_mlp_ltx_video_retry_missing_20260511/layer_noise_0.2_block_36/train/trial_0011/probe_best.pt",
            "eval_output_dir": "artifacts/probes/mvp/mvp_probe_mlp_ltx_video_retry_missing_20260511/layer_noise_0.2_block_36/train/trial_0011/val_eval",
            "output_dir": "artifacts/probes/mvp/mvp_probe_mlp_ltx_video_retry_missing_20260511/layer_noise_0.2_block_36/train/trial_0011",
            "params": {
              "batch_size": 32,
              "dropout": 0.23036595192387704,
              "epochs": 100,
              "hidden_dims": "1024",
              "lr": 0.000381663861962904,
              "weight_decay": 0.00821160806524291
            },
            "trial_number": 11,
            "value": 52.98281092012134
          }
        ]
      }
    },
    {
      "checkpoint": "artifacts/probes/mvp/mvp_probe_mlp_ltx_video_retry_missing_20260511/layer_noise_0.1_block_36/train/trial_0000/probe_best.pt",
      "eval": {
        "base_eval": {
          "metrics": {
            "accuracy": 80.58645096056622,
            "n_pairs": 989,
            "n_samples": 1978,
            "pair_consistency": 65.82406471183013
          },
          "output_dir": "artifacts/probes/mvp/mvp_probe_mlp_ltx_video_retry_missing_20260511/layer_noise_0.1_block_36/eval/test",
          "split_dir": "data/splits/mvp/full_60_20_20"
        },
        "checkpoint": "artifacts/probes/mvp/mvp_probe_mlp_ltx_video_retry_missing_20260511/layer_noise_0.1_block_36/train/trial_0000/probe_best.pt",
        "dataset": "mvp",
        "feature_signature": "7a044c58a91d3409",
        "metrics": {
          "accuracy": 80.58645096056622,
          "n_pairs": 989,
          "n_samples": 1978,
          "pair_consistency": 65.82406471183013
        },
        "metrics_by_split": {
          "test": {
            "accuracy": 80.58645096056622,
            "n_pairs": 989,
            "n_samples": 1978,
            "pair_consistency": 65.82406471183013
          },
          "train": {
            "accuracy": 99.17369308600337,
            "n_pairs": 2965,
            "n_samples": 5930,
            "pair_consistency": 98.34738617200675
          },
          "val": {
            "accuracy": 81.14256825075834,
            "n_pairs": 989,
            "n_samples": 1978,
            "pair_consistency": 65.92517694641052
          }
        },
        "objective_metric": 65.82406471183013,
        "prediction_file": "artifacts/probes/mvp/mvp_probe_mlp_ltx_video_retry_missing_20260511/layer_noise_0.1_block_36/eval/test/probe_predictions.json",
        "prediction_files": {
          "test": "artifacts/probes/mvp/mvp_probe_mlp_ltx_video_retry_missing_20260511/layer_noise_0.1_block_36/eval/test/probe_predictions.json",
          "train": "artifacts/probes/mvp/mvp_probe_mlp_ltx_video_retry_missing_20260511/layer_noise_0.1_block_36/eval/train/probe_predictions.json",
          "val": "artifacts/probes/mvp/mvp_probe_mlp_ltx_video_retry_missing_20260511/layer_noise_0.1_block_36/eval/val/probe_predictions.json"
        },
        "probe_eval_dir": "artifacts/probes/mvp/mvp_probe_mlp_ltx_video_retry_missing_20260511/layer_noise_0.1_block_36/eval",
        "probe_name": "mlp",
        "reported_splits": [
          "train",
          "val",
          "test"
        ],
        "split_eval_dirs": {
          "test": "artifacts/probes/mvp/mvp_probe_mlp_ltx_video_retry_missing_20260511/layer_noise_0.1_block_36/eval/test",
          "train": "artifacts/probes/mvp/mvp_probe_mlp_ltx_video_retry_missing_20260511/layer_noise_0.1_block_36/eval/train",
          "val": "artifacts/probes/mvp/mvp_probe_mlp_ltx_video_retry_missing_20260511/layer_noise_0.1_block_36/eval/val"
        },
        "split_evals": {
          "test": {
            "base_eval": {
              "metrics": {
                "accuracy": 80.58645096056622,
                "n_pairs": 989,
                "n_samples": 1978,
                "pair_consistency": 65.82406471183013
              },
              "output_dir": "artifacts/probes/mvp/mvp_probe_mlp_ltx_video_retry_missing_20260511/layer_noise_0.1_block_36/eval/test",
              "split_dir": "data/splits/mvp/full_60_20_20"
            },
            "checkpoint": "artifacts/probes/mvp/mvp_probe_mlp_ltx_video_retry_missing_20260511/layer_noise_0.1_block_36/train/trial_0000/probe_best.pt",
            "dataset": "mvp",
            "feature_signature": "7a044c58a91d3409",
            "metrics": {
              "accuracy": 80.58645096056622,
              "n_pairs": 989,
              "n_samples": 1978,
              "pair_consistency": 65.82406471183013
            },
            "objective_metric": 65.82406471183013,
            "prediction_file": "artifacts/probes/mvp/mvp_probe_mlp_ltx_video_retry_missing_20260511/layer_noise_0.1_block_36/eval/test/probe_predictions.json",
            "probe_eval_dir": "artifacts/probes/mvp/mvp_probe_mlp_ltx_video_retry_missing_20260511/layer_noise_0.1_block_36/eval/test",
            "probe_name": "mlp",
            "split_name": "test"
          },
          "train": {
            "base_eval": {
              "metrics": {
                "accuracy": 99.17369308600337,
                "n_pairs": 2965,
                "n_samples": 5930,
                "pair_consistency": 98.34738617200675
              },
              "output_dir": "artifacts/probes/mvp/mvp_probe_mlp_ltx_video_retry_missing_20260511/layer_noise_0.1_block_36/eval/train",
              "split_dir": "data/splits/mvp/full_60_20_20"
            },
            "checkpoint": "artifacts/probes/mvp/mvp_probe_mlp_ltx_video_retry_missing_20260511/layer_noise_0.1_block_36/train/trial_0000/probe_best.pt",
            "dataset": "mvp",
            "feature_signature": "7a044c58a91d3409",
            "metrics": {
              "accuracy": 99.17369308600337,
              "n_pairs": 2965,
              "n_samples": 5930,
              "pair_consistency": 98.34738617200675
            },
            "objective_metric": 98.34738617200675,
            "prediction_file": "artifacts/probes/mvp/mvp_probe_mlp_ltx_video_retry_missing_20260511/layer_noise_0.1_block_36/eval/train/probe_predictions.json",
            "probe_eval_dir": "artifacts/probes/mvp/mvp_probe_mlp_ltx_video_retry_missing_20260511/layer_noise_0.1_block_36/eval/train",
            "probe_name": "mlp",
            "split_name": "train"
          },
          "val": {
            "base_eval": {
              "metrics": {
                "accuracy": 81.14256825075834,
                "n_pairs": 989,
                "n_samples": 1978,
                "pair_consistency": 65.92517694641052
              },
              "output_dir": "artifacts/probes/mvp/mvp_probe_mlp_ltx_video_retry_missing_20260511/layer_noise_0.1_block_36/eval/val",
              "split_dir": "data/splits/mvp/full_60_20_20"
            },
            "checkpoint": "artifacts/probes/mvp/mvp_probe_mlp_ltx_video_retry_missing_20260511/layer_noise_0.1_block_36/train/trial_0000/probe_best.pt",
            "dataset": "mvp",
            "feature_signature": "7a044c58a91d3409",
            "metrics": {
              "accuracy": 81.14256825075834,
              "n_pairs": 989,
              "n_samples": 1978,
              "pair_consistency": 65.92517694641052
            },
            "objective_metric": 65.92517694641052,
            "prediction_file": "artifacts/probes/mvp/mvp_probe_mlp_ltx_video_retry_missing_20260511/layer_noise_0.1_block_36/eval/val/probe_predictions.json",
            "probe_eval_dir": "artifacts/probes/mvp/mvp_probe_mlp_ltx_video_retry_missing_20260511/layer_noise_0.1_block_36/eval/val",
            "probe_name": "mlp",
            "split_name": "val"
          }
        },
        "split_name": "test"
      },
      "layer": 39,
      "layer_label": "noise_0.1_block_36",
      "objective_metric": 65.82406471183013,
      "train": {
        "best_checkpoint": "artifacts/probes/mvp/mvp_probe_mlp_ltx_video_retry_missing_20260511/layer_noise_0.1_block_36/train/trial_0000/probe_best.pt",
        "best_eval_output_dir": "artifacts/probes/mvp/mvp_probe_mlp_ltx_video_retry_missing_20260511/layer_noise_0.1_block_36/train/trial_0000/val_eval",
        "best_output_dir": "artifacts/probes/mvp/mvp_probe_mlp_ltx_video_retry_missing_20260511/layer_noise_0.1_block_36/train/trial_0000",
        "best_params": {
          "batch_size": 32,
          "dropout": 0.21597250932105788,
          "epochs": 2000,
          "hidden_dims": "256",
          "lr": 0.0001329291894316216,
          "weight_decay": 0.005061576888752304
        },
        "best_trial_number": 0,
        "best_value": 65.92517694641052,
        "checkpoint": "artifacts/probes/mvp/mvp_probe_mlp_ltx_video_retry_missing_20260511/layer_noise_0.1_block_36/train/trial_0000/probe_best.pt",
        "dataset": "mvp",
        "direction": "maximize",
        "layer": 39,
        "n_trials": 20,
        "objective_metric": "pair_consistency",
        "output_dir": "artifacts/probes/mvp/mvp_probe_mlp_ltx_video_retry_missing_20260511/layer_noise_0.1_block_36/train",
        "probe_name": "mlp",
        "storage": "sqlite:////gpfs/scratch1/shared/scur0511/probe4physics/artifacts/probes/mvp/mvp_probe_mlp_ltx_video_retry_missing_20260511/layer_noise_0.1_block_36/train/optuna_study.sqlite3",
        "study_name": "mvp_mlp_ltx_video_layer_noise_0.1_block_36",
        "trials": [
          {
            "checkpoint": "artifacts/probes/mvp/mvp_probe_mlp_ltx_video_retry_missing_20260511/layer_noise_0.1_block_36/train/trial_0000/probe_best.pt",
            "eval_output_dir": "artifacts/probes/mvp/mvp_probe_mlp_ltx_video_retry_missing_20260511/layer_noise_0.1_block_36/train/trial_0000/val_eval",
            "output_dir": "artifacts/probes/mvp/mvp_probe_mlp_ltx_video_retry_missing_20260511/layer_noise_0.1_block_36/train/trial_0000",
            "params": {
              "batch_size": 32,
              "dropout": 0.21597250932105788,
              "epochs": 2000,
              "hidden_dims": "256",
              "lr": 0.0001329291894316216,
              "weight_decay": 0.005061576888752304
            },
            "trial_number": 0,
            "value": 65.92517694641052
          },
          {
            "checkpoint": "artifacts/probes/mvp/mvp_probe_mlp_ltx_video_retry_missing_20260511/layer_noise_0.1_block_36/train/trial_0001/probe_best.pt",
            "eval_output_dir": "artifacts/probes/mvp/mvp_probe_mlp_ltx_video_retry_missing_20260511/layer_noise_0.1_block_36/train/trial_0001/val_eval",
            "output_dir": "artifacts/probes/mvp/mvp_probe_mlp_ltx_video_retry_missing_20260511/layer_noise_0.1_block_36/train/trial_0001",
            "params": {
              "batch_size": 256,
              "dropout": 0.048836057003191935,
              "epochs": 20,
              "hidden_dims": "512x256",
              "lr": 7.476312062252303e-05,
              "weight_decay": 4.689400963537693e-05
            },
            "trial_number": 1,
            "value": 29.524772497472195
          },
          {
            "checkpoint": "artifacts/probes/mvp/mvp_probe_mlp_ltx_video_retry_missing_20260511/layer_noise_0.1_block_36/train/trial_0002/probe_best.pt",
            "eval_output_dir": "artifacts/probes/mvp/mvp_probe_mlp_ltx_video_retry_missing_20260511/layer_noise_0.1_block_36/train/trial_0002/val_eval",
            "output_dir": "artifacts/probes/mvp/mvp_probe_mlp_ltx_video_retry_missing_20260511/layer_noise_0.1_block_36/train/trial_0002",
            "params": {
              "batch_size": 256,
              "dropout": 0.04424625102595975,
              "epochs": 50,
              "hidden_dims": "256",
              "lr": 0.0011290133559092666,
              "weight_decay": 4.374364439939069e-06
            },
            "trial_number": 2,
            "value": 35.18705763397371
          },
          {
            "checkpoint": "artifacts/probes/mvp/mvp_probe_mlp_ltx_video_retry_missing_20260511/layer_noise_0.1_block_36/train/trial_0006/probe_best.pt",
            "eval_output_dir": "artifacts/probes/mvp/mvp_probe_mlp_ltx_video_retry_missing_20260511/layer_noise_0.1_block_36/train/trial_0006/val_eval",
            "output_dir": "artifacts/probes/mvp/mvp_probe_mlp_ltx_video_retry_missing_20260511/layer_noise_0.1_block_36/train/trial_0006",
            "params": {
              "batch_size": 128,
              "dropout": 0.0599326836668414,
              "epochs": 50,
              "hidden_dims": "512",
              "lr": 0.000794714742465374,
              "weight_decay": 0.0016934155410667966
            },
            "trial_number": 6,
            "value": 40.24266936299292
          },
          {
            "checkpoint": "artifacts/probes/mvp/mvp_probe_mlp_ltx_video_retry_missing_20260511/layer_noise_0.1_block_36/train/trial_0007/probe_best.pt",
            "eval_output_dir": "artifacts/probes/mvp/mvp_probe_mlp_ltx_video_retry_missing_20260511/layer_noise_0.1_block_36/train/trial_0007/val_eval",
            "output_dir": "artifacts/probes/mvp/mvp_probe_mlp_ltx_video_retry_missing_20260511/layer_noise_0.1_block_36/train/trial_0007",
            "params": {
              "batch_size": 128,
              "dropout": 0.11978094533348621,
              "epochs": 20,
              "hidden_dims": "1024x512x1024",
              "lr": 0.00010300196600986775,
              "weight_decay": 0.0045442082254883295
            },
            "trial_number": 7,
            "value": 29.625884732052576
          },
          {
            "checkpoint": "artifacts/probes/mvp/mvp_probe_mlp_ltx_video_retry_missing_20260511/layer_noise_0.1_block_36/train/trial_0008/probe_best.pt",
            "eval_output_dir": "artifacts/probes/mvp/mvp_probe_mlp_ltx_video_retry_missing_20260511/layer_noise_0.1_block_36/train/trial_0008/val_eval",
            "output_dir": "artifacts/probes/mvp/mvp_probe_mlp_ltx_video_retry_missing_20260511/layer_noise_0.1_block_36/train/trial_0008",
            "params": {
              "batch_size": 32,
              "dropout": 0.3387821809211412,
              "epochs": 50,
              "hidden_dims": "512",
              "lr": 2.7207248059486674e-05,
              "weight_decay": 8.64403589520682e-06
            },
            "trial_number": 8,
            "value": 38.119312436804854
          },
          {
            "checkpoint": "artifacts/probes/mvp/mvp_probe_mlp_ltx_video_retry_missing_20260511/layer_noise_0.1_block_36/train/trial_0009/probe_best.pt",
            "eval_output_dir": "artifacts/probes/mvp/mvp_probe_mlp_ltx_video_retry_missing_20260511/layer_noise_0.1_block_36/train/trial_0009/val_eval",
            "output_dir": "artifacts/probes/mvp/mvp_probe_mlp_ltx_video_retry_missing_20260511/layer_noise_0.1_block_36/train/trial_0009",
            "params": {
              "batch_size": 256,
              "dropout": 0.12092614545022584,
              "epochs": 50,
              "hidden_dims": "256",
              "lr": 1.1214075785991125e-05,
              "weight_decay": 1.1818390883060214e-05
            },
            "trial_number": 9,
            "value": 35.79373104145602
          },
          {
            "checkpoint": "artifacts/probes/mvp/mvp_probe_mlp_ltx_video_retry_missing_20260511/layer_noise_0.1_block_36/train/trial_0011/probe_best.pt",
            "eval_output_dir": "artifacts/probes/mvp/mvp_probe_mlp_ltx_video_retry_missing_20260511/layer_noise_0.1_block_36/train/trial_0011/val_eval",
            "output_dir": "artifacts/probes/mvp/mvp_probe_mlp_ltx_video_retry_missing_20260511/layer_noise_0.1_block_36/train/trial_0011",
            "params": {
              "batch_size": 32,
              "dropout": 0.23036595192387704,
              "epochs": 100,
              "hidden_dims": "1024",
              "lr": 0.000381663861962904,
              "weight_decay": 0.00821160806524291
            },
            "trial_number": 11,
            "value": 52.37613751263903
          }
        ]
      }
    }
  ],
  "model_selection_split": "val",
  "objective_metric_name": "pair_consistency",
  "probe_name": "mlp",
  "reported_splits": [
    "train",
    "val",
    "test"
  ],
  "requested_layers": [
    23,
    27,
    31,
    35,
    39
  ],
  "split_name": "test",
  "sweep_dir": "artifacts/probes/mvp/mvp_probe_mlp_ltx_video_retry_missing_20260511",
  "train_split": "train"
}
JOB_END_UTC=2026-05-12T14:33:02Z
JOB_ELAPSED_SECONDS=54920
