============================================================================================== 
Warning! Mixing Conda and module environments may lead to corruption of the
user environment. 
We do not recommend users mixing those two environments unless absolutely
necessary. Note that 
SURF does not provide any support for Conda environment.
For more information, please refer to our software policy page:
https://servicedesk.surf.nl/wiki/display/WIKI/Software+policy+Snellius#SoftwarepolicySnellius-UseofAnacondaandMinicondaenvironmentsonSnellius 

Remember that many packages have already been installed on the system and can
be loaded using 
the 'module load <package__name>' command. If you are uncertain if a package is
already available 
on the system, please use 'module avail' or 'module spider' to search for it.
============================================================================================== 
[I 2026-04-26 17:21:48,904] A new study created in RDB with name: intphys2_linear_videomae_v2_vit_giant_16_224_layer_10
wandb: [wandb.login()] Loaded credentials for https://api.wandb.ai from /home/scur0511/.netrc.
wandb: Currently logged in as: caselli-niccolo-developer (caselli-niccolo-developer-university-of-amsterdam) to https://api.wandb.ai. Use `wandb login --relogin` to force relogin
wandb: Tracking run with wandb version 0.26.1
wandb: Run data is saved locally in /gpfs/home3/scur0511/Probe4Physics/wandb/run-20260426_172152-ui36dfeh
wandb: Run `wandb offline` to turn off syncing.
wandb: Syncing run intphys2_linear_videomae_v2_vit_giant_16_224_layer_10/trial_0000
wandb: ⭐️ View project at https://wandb.ai/caselli-niccolo-developer-university-of-amsterdam/probe4physics
wandb: 🚀 View run at https://wandb.ai/caselli-niccolo-developer-university-of-amsterdam/probe4physics/runs/ui36dfeh
[eval.intphys2] Starting eval | split_name=val split_dir=data/splits/intphys2 predictor_mode=from_file metadata_file=data/annotations/intphys2_metadata.csv
[eval.intphys2] Loaded split assignments | split_scenes=51 split_samples=204
[eval.intphys2] Generated predictions | n_predictions=204
[eval.intphys2] Scoring complete | accuracy=53.9216 voe_accuracy=15.6863 n_scenes=51 n_samples=204
[eval.intphys2] Artifacts written | output_dir=artifacts/probes/intphys2/intphys2_probe_linear_videomae_v2_vit_giant_16_224_20260426T152148Z/layer_10/train/trial_0000/val_eval
wandb: updating run metadata
wandb: uploading output.log; uploading wandb-summary.json; uploading config.yaml
wandb: uploading config.yaml
wandb: 
wandb: Run history:
wandb:          epoch ▁▁▁▁▁▁▂▂▂▂▂▃▃▃▃▄▄▄▄▄▅▅▅▅▅▅▅▅▅▆▆▇▇▇▇█████
wandb: train_accuracy ▂▁▁▂▁▃▃▄▅▄▄▅▄▄▄▇▅▇▅▆▆▆▆▇▄▆▇▆▆▇▆▇▇██▆██▅█
wandb:     train_loss ██▇▇▇▇▇█▇▆▆▅▅▅▅▅▆▅▄▄▄▃▄▄▃▃▃▃▄▄▃▃▂▂▂▂▂▁▂▁
wandb:   val_accuracy ▁▄▆▃▂▇▅▅▄▅▄▅▅▃▄▄▄▇▂▄▄▂▅▅▅▅▄▇▇▂▆▅▄▆▄▄▂▅█▆
wandb:       val_loss ▁▂▁▁▁▂▂▁▃▂▂▃▃▃▄▃▃▃▃▅▄▄▅▄▄▄▄▅▄▅▆▇▆▆▆▇▇▇▇█
wandb: 
wandb: Run summary:
wandb:           best_epoch 1870
wandb:    best_val_accuracy 53.92157
wandb:        best_val_loss 0.82864
wandb: checkpoint_best_path artifacts/probes/int...
wandb: checkpoint_last_path artifacts/probes/int...
wandb:      checkpoint_path artifacts/probes/int...
wandb:              dataset intphys2
wandb:      elapsed_seconds 116.37452
wandb:                epoch 2000
wandb:    feature_signature b6519b564d05bc63
wandb:                  +22 ...
wandb: 
wandb: 🚀 View run intphys2_linear_videomae_v2_vit_giant_16_224_layer_10/trial_0000 at: https://wandb.ai/caselli-niccolo-developer-university-of-amsterdam/probe4physics/runs/ui36dfeh
wandb: ⭐️ View project at: https://wandb.ai/caselli-niccolo-developer-university-of-amsterdam/probe4physics
wandb: Synced 5 W&B file(s), 0 media file(s), 0 artifact file(s) and 0 other file(s)
wandb: Find logs at: ./wandb/run-20260426_172152-ui36dfeh/logs
[I 2026-04-26 17:23:47,461] Trial 0 finished with value: 15.686274509803921 and parameters: {'lr': 0.0001329291894316216, 'weight_decay': 0.005061576888752304, 'batch_size': 32, 'epochs': 2000}. Best is trial 0 with value: 15.686274509803921.
wandb: Tracking run with wandb version 0.26.1
wandb: Run data is saved locally in /gpfs/home3/scur0511/Probe4Physics/wandb/run-20260426_172348-mi01r26j
wandb: Run `wandb offline` to turn off syncing.
wandb: Syncing run intphys2_linear_videomae_v2_vit_giant_16_224_layer_10/trial_0001
wandb: ⭐️ View project at https://wandb.ai/caselli-niccolo-developer-university-of-amsterdam/probe4physics
wandb: 🚀 View run at https://wandb.ai/caselli-niccolo-developer-university-of-amsterdam/probe4physics/runs/mi01r26j
[eval.intphys2] Starting eval | split_name=val split_dir=data/splits/intphys2 predictor_mode=from_file metadata_file=data/annotations/intphys2_metadata.csv
[eval.intphys2] Loaded split assignments | split_scenes=51 split_samples=204
[eval.intphys2] Generated predictions | n_predictions=204
[eval.intphys2] Scoring complete | accuracy=52.4510 voe_accuracy=19.6078 n_scenes=51 n_samples=204
[eval.intphys2] Artifacts written | output_dir=artifacts/probes/intphys2/intphys2_probe_linear_videomae_v2_vit_giant_16_224_20260426T152148Z/layer_10/train/trial_0001/val_eval
wandb: updating run metadata
wandb: uploading wandb-metadata.json; uploading requirements.txt; uploading output.log; uploading wandb-summary.json; uploading config.yaml
wandb: 
wandb: Run history:
wandb:          epoch ▁▁▂▂▂▂▂▃▃▃▃▃▃▄▄▄▄▄▄▄▅▅▅▅▅▆▆▆▆▆▇▇▇▇▇▇▇▇██
wandb: train_accuracy ▄▂▃▂▄▄▄▃▄▃▂▄▁▂▃▃▄▄▄▃▄▅▄▄▄▁▅▄▅▄▅▆▅▆▆▆▇█▅▆
wandb:     train_loss █▄▂▂▂▃▂▃▂▂▂▂▂▆▃▃▂▄▂▁▁▁▁▁▁▂▂▃▃▃▁▁▁▁▁▁▂▁▁▁
wandb:   val_accuracy ▇▆▆▇▇▇▇▇█▁▆▇▇▇▅▅▇▆▇▅▆▇▅▆▇▇▇▇▅▅█▅▆▄▆█▇▇██
wandb:       val_loss ▃▃▃▂▄▅▁▁▃▃▂▅▃█▆▂▁▁▁▂▁▄▃▅█▂▂▂▂▂▁▂▁▂▃▂▂▂▇█
wandb: 
wandb: Run summary:
wandb:           best_epoch 43
wandb:    best_val_accuracy 52.45098
wandb:        best_val_loss 0.70807
wandb: checkpoint_best_path artifacts/probes/int...
wandb: checkpoint_last_path artifacts/probes/int...
wandb:      checkpoint_path artifacts/probes/int...
wandb:              dataset intphys2
wandb:      elapsed_seconds 3.48092
wandb:                epoch 100
wandb:    feature_signature b6519b564d05bc63
wandb:                  +22 ...
wandb: 
wandb: 🚀 View run intphys2_linear_videomae_v2_vit_giant_16_224_layer_10/trial_0001 at: https://wandb.ai/caselli-niccolo-developer-university-of-amsterdam/probe4physics/runs/mi01r26j
wandb: ⭐️ View project at: https://wandb.ai/caselli-niccolo-developer-university-of-amsterdam/probe4physics
wandb: Synced 5 W&B file(s), 0 media file(s), 0 artifact file(s) and 0 other file(s)
wandb: Find logs at: ./wandb/run-20260426_172348-mi01r26j/logs
[I 2026-04-26 17:23:52,009] Trial 1 finished with value: 19.607843137254903 and parameters: {'lr': 0.00314288089084011, 'weight_decay': 1.879466824163843e-07, 'batch_size': 256, 'epochs': 100}. Best is trial 1 with value: 19.607843137254903.
wandb: setting up run l4ihyq87
wandb: Tracking run with wandb version 0.26.1
wandb: Run data is saved locally in /gpfs/home3/scur0511/Probe4Physics/wandb/run-20260426_172352-l4ihyq87
wandb: Run `wandb offline` to turn off syncing.
wandb: Syncing run intphys2_linear_videomae_v2_vit_giant_16_224_layer_10/trial_0002
wandb: ⭐️ View project at https://wandb.ai/caselli-niccolo-developer-university-of-amsterdam/probe4physics
wandb: 🚀 View run at https://wandb.ai/caselli-niccolo-developer-university-of-amsterdam/probe4physics/runs/l4ihyq87
[eval.intphys2] Starting eval | split_name=val split_dir=data/splits/intphys2 predictor_mode=from_file metadata_file=data/annotations/intphys2_metadata.csv
[eval.intphys2] Loaded split assignments | split_scenes=51 split_samples=204
[eval.intphys2] Generated predictions | n_predictions=204
[eval.intphys2] Scoring complete | accuracy=53.9216 voe_accuracy=15.6863 n_scenes=51 n_samples=204
[eval.intphys2] Artifacts written | output_dir=artifacts/probes/intphys2/intphys2_probe_linear_videomae_v2_vit_giant_16_224_20260426T152148Z/layer_10/train/trial_0002/val_eval
wandb: updating run metadata
wandb: uploading output.log; uploading wandb-summary.json; uploading config.yaml
wandb: 
wandb: Run history:
wandb:          epoch ▁▁▁▂▂▂▂▂▂▂▂▂▃▃▃▃▃▄▄▄▅▅▅▅▅▆▆▆▆▆▆▆▆▇▇▇▇▇██
wandb: train_accuracy ▂▁▃▃▃▄▄▄▄▄▅▄▄▄▅▅▅▅▄▄▅▅▆▄▂▄▄▇▅▇▆█▆▇▇▆█▇▅▇
wandb:     train_loss ▇▇▇▇▇▇▆▇█▇▆█▅▅█▆▆▅▄▆▇▃▄▄▃▃▃▃▃▃▂▂▂▃▂▃▁▁▃▁
wandb:   val_accuracy ▅▂▅▂▄▅▅▃▅▂▅▄▃▃▁▄▂▄▅▅▃▂▄▄▅▅▇▄▅▅▄▃█▇▅▅▅▅▇▄
wandb:       val_loss █▁▁▁▁▁▁▁▁▁▁▁▁▂▂▂▂▂▂▂▂▂▂▂▂▂▂▂▂▂▂▂▂▃▃▃▃▃▃▄
wandb: 
wandb: Run summary:
wandb:           best_epoch 456
wandb:    best_val_accuracy 53.92157
wandb:        best_val_loss 0.72235
wandb: checkpoint_best_path artifacts/probes/int...
wandb: checkpoint_last_path artifacts/probes/int...
wandb:      checkpoint_path artifacts/probes/int...
wandb:              dataset intphys2
wandb:      elapsed_seconds 31.89089
wandb:                epoch 1000
wandb:    feature_signature b6519b564d05bc63
wandb:                  +22 ...
wandb: 
wandb: 🚀 View run intphys2_linear_videomae_v2_vit_giant_16_224_layer_10/trial_0002 at: https://wandb.ai/caselli-niccolo-developer-university-of-amsterdam/probe4physics/runs/l4ihyq87
wandb: ⭐️ View project at: https://wandb.ai/caselli-niccolo-developer-university-of-amsterdam/probe4physics
wandb: Synced 5 W&B file(s), 0 media file(s), 0 artifact file(s) and 0 other file(s)
wandb: Find logs at: ./wandb/run-20260426_172352-l4ihyq87/logs
[I 2026-04-26 17:24:25,279] Trial 2 finished with value: 15.686274509803921 and parameters: {'lr': 0.00023345864076016249, 'weight_decay': 0.0005141096648805752, 'batch_size': 128, 'epochs': 1000}. Best is trial 1 with value: 19.607843137254903.
wandb: setting up run 2r4t01wq
wandb: Tracking run with wandb version 0.26.1
wandb: Run data is saved locally in /gpfs/home3/scur0511/Probe4Physics/wandb/run-20260426_172425-2r4t01wq
wandb: Run `wandb offline` to turn off syncing.
wandb: Syncing run intphys2_linear_videomae_v2_vit_giant_16_224_layer_10/trial_0003
wandb: ⭐️ View project at https://wandb.ai/caselli-niccolo-developer-university-of-amsterdam/probe4physics
wandb: 🚀 View run at https://wandb.ai/caselli-niccolo-developer-university-of-amsterdam/probe4physics/runs/2r4t01wq
[eval.intphys2] Starting eval | split_name=val split_dir=data/splits/intphys2 predictor_mode=from_file metadata_file=data/annotations/intphys2_metadata.csv
[eval.intphys2] Loaded split assignments | split_scenes=51 split_samples=204
[eval.intphys2] Generated predictions | n_predictions=204
[eval.intphys2] Scoring complete | accuracy=52.4510 voe_accuracy=13.7255 n_scenes=51 n_samples=204
[eval.intphys2] Artifacts written | output_dir=artifacts/probes/intphys2/intphys2_probe_linear_videomae_v2_vit_giant_16_224_20260426T152148Z/layer_10/train/trial_0003/val_eval
wandb: updating run metadata
wandb: uploading config.yaml; uploading wandb-metadata.json; uploading requirements.txt; uploading output.log; uploading wandb-summary.json
wandb: 
wandb: Run history:
wandb:          epoch ▁▁▁▁▂▂▂▂▂▂▃▃▃▃▃▄▄▄▄▄▅▅▅▅▅▆▆▆▆▆▆▇▇▇▇▇▇███
wandb: train_accuracy ▁▄▆▄▄▆▅▅▃▄▅▆▅▅▆▅▃█▅▅▃▁▃▅▆▅▄▁▅█▅▄▆▅▆▅▃▅▅█
wandb:     train_loss █▂▁▁▁▁▁▁▁▁▁▁▁▁▁▁▁▁▁▁▁▁▁▁▁▁▁▁▁▁▁▁▁▁▁▁▁▁▁▁
wandb:   val_accuracy ▅▃▇▄█▄▅▅▅▅▅▃▅▂▅▅█▅▇▇▄▅▇▃▆▅▇▂▅▆▇▆▃▅▃▇▄▆▅▁
wandb:       val_loss █▂▂▁▁▁▁▁▁▁▁▁▁▁▁▁▁▁▁▁▁▁▁▁▁▁▁▁▁▁▁▁▁▁▁▁▁▁▁▁
wandb: 
wandb: Run summary:
wandb:           best_epoch 20
wandb:    best_val_accuracy 52.45098
wandb:        best_val_loss 0.71123
wandb: checkpoint_best_path artifacts/probes/int...
wandb: checkpoint_last_path artifacts/probes/int...
wandb:      checkpoint_path artifacts/probes/int...
wandb:              dataset intphys2
wandb:      elapsed_seconds 2.32496
wandb:                epoch 50
wandb:    feature_signature b6519b564d05bc63
wandb:                  +22 ...
wandb: 
wandb: 🚀 View run intphys2_linear_videomae_v2_vit_giant_16_224_layer_10/trial_0003 at: https://wandb.ai/caselli-niccolo-developer-university-of-amsterdam/probe4physics/runs/2r4t01wq
wandb: ⭐️ View project at: https://wandb.ai/caselli-niccolo-developer-university-of-amsterdam/probe4physics
wandb: Synced 5 W&B file(s), 0 media file(s), 0 artifact file(s) and 0 other file(s)
wandb: Find logs at: ./wandb/run-20260426_172425-2r4t01wq/logs
[I 2026-04-26 17:24:28,907] Trial 3 finished with value: 13.725490196078432 and parameters: {'lr': 8.200518402245828e-05, 'weight_decay': 3.855073690026179e-08, 'batch_size': 32, 'epochs': 50}. Best is trial 1 with value: 19.607843137254903.
wandb: setting up run mp09heu4
wandb: Tracking run with wandb version 0.26.1
wandb: Run data is saved locally in /gpfs/home3/scur0511/Probe4Physics/wandb/run-20260426_172429-mp09heu4
wandb: Run `wandb offline` to turn off syncing.
wandb: Syncing run intphys2_linear_videomae_v2_vit_giant_16_224_layer_10/trial_0004
wandb: ⭐️ View project at https://wandb.ai/caselli-niccolo-developer-university-of-amsterdam/probe4physics
wandb: 🚀 View run at https://wandb.ai/caselli-niccolo-developer-university-of-amsterdam/probe4physics/runs/mp09heu4
[eval.intphys2] Starting eval | split_name=val split_dir=data/splits/intphys2 predictor_mode=from_file metadata_file=data/annotations/intphys2_metadata.csv
[eval.intphys2] Loaded split assignments | split_scenes=51 split_samples=204
[eval.intphys2] Generated predictions | n_predictions=204
[eval.intphys2] Scoring complete | accuracy=52.4510 voe_accuracy=15.6863 n_scenes=51 n_samples=204
[eval.intphys2] Artifacts written | output_dir=artifacts/probes/intphys2/intphys2_probe_linear_videomae_v2_vit_giant_16_224_20260426T152148Z/layer_10/train/trial_0004/val_eval
wandb: updating run metadata
wandb: uploading wandb-metadata.json; uploading output.log; uploading wandb-summary.json; uploading config.yaml
wandb: uploading history steps 0-49, summary, console lines 0-4
wandb: 
wandb: Run history:
wandb:          epoch ▁▁▁▁▂▂▂▂▂▂▃▃▃▃▃▄▄▄▄▄▄▅▅▅▅▅▅▆▆▆▆▇▇▇▇▇▇███
wandb: train_accuracy ▁▇▃▅▄▂▃▃▃▂▃▂▂▂▃▃▅▂█▅▆▇▃▅▅▄▇▇▆▄▄▃▅▂▂▅▂▇▆▃
wandb:     train_loss █▂▁▁▁▁▁▁▁▁▁▁▁▁▁▁▁▁▁▁▁▁▁▁▁▁▁▁▁▁▁▁▁▁▁▁▂▁▁▁
wandb:   val_accuracy ▃▁▃▄▃▆▅█▆▅▄▇▄▅▄▄▆▁▆▅▄▃▆▄▄▃▅▆▂▆▄▃▃▆▃▃▅▄▅▃
wandb:       val_loss █▂▂▂▃▁▁▁▁▁▂▁▁▂▃▁▁▁▁▁▂▂▁▁▂▂▂▁▁▁▁▂▂▂▁▁▂▁▁▂
wandb: 
wandb: Run summary:
wandb:           best_epoch 10
wandb:    best_val_accuracy 52.45098
wandb:        best_val_loss 0.70356
wandb: checkpoint_best_path artifacts/probes/int...
wandb: checkpoint_last_path artifacts/probes/int...
wandb:      checkpoint_path artifacts/probes/int...
wandb:              dataset intphys2
wandb:      elapsed_seconds 2.35758
wandb:                epoch 50
wandb:    feature_signature b6519b564d05bc63
wandb:                  +22 ...
wandb: 
wandb: 🚀 View run intphys2_linear_videomae_v2_vit_giant_16_224_layer_10/trial_0004 at: https://wandb.ai/caselli-niccolo-developer-university-of-amsterdam/probe4physics/runs/mp09heu4
wandb: ⭐️ View project at: https://wandb.ai/caselli-niccolo-developer-university-of-amsterdam/probe4physics
wandb: Synced 5 W&B file(s), 0 media file(s), 0 artifact file(s) and 0 other file(s)
wandb: Find logs at: ./wandb/run-20260426_172429-mp09heu4/logs
[I 2026-04-26 17:24:33,030] Trial 4 finished with value: 15.686274509803921 and parameters: {'lr': 0.00043664735929796326, 'weight_decay': 1.2856617791467908e-07, 'batch_size': 32, 'epochs': 50}. Best is trial 1 with value: 19.607843137254903.
wandb: setting up run 5ewthit7
wandb: Tracking run with wandb version 0.26.1
wandb: Run data is saved locally in /gpfs/home3/scur0511/Probe4Physics/wandb/run-20260426_172433-5ewthit7
wandb: Run `wandb offline` to turn off syncing.
wandb: Syncing run intphys2_linear_videomae_v2_vit_giant_16_224_layer_10/trial_0005
wandb: ⭐️ View project at https://wandb.ai/caselli-niccolo-developer-university-of-amsterdam/probe4physics
wandb: 🚀 View run at https://wandb.ai/caselli-niccolo-developer-university-of-amsterdam/probe4physics/runs/5ewthit7
[eval.intphys2] Starting eval | split_name=val split_dir=data/splits/intphys2 predictor_mode=from_file metadata_file=data/annotations/intphys2_metadata.csv
[eval.intphys2] Loaded split assignments | split_scenes=51 split_samples=204
[eval.intphys2] Generated predictions | n_predictions=204
[eval.intphys2] Scoring complete | accuracy=53.9216 voe_accuracy=17.6471 n_scenes=51 n_samples=204
[eval.intphys2] Artifacts written | output_dir=artifacts/probes/intphys2/intphys2_probe_linear_videomae_v2_vit_giant_16_224_20260426T152148Z/layer_10/train/trial_0005/val_eval
wandb: updating run metadata
wandb: uploading output.log; uploading wandb-summary.json; uploading config.yaml
wandb: 
wandb: Run history:
wandb:          epoch ▁▁▁▁▂▂▂▂▂▂▂▂▂▂▃▃▃▃▄▄▄▄▄▄▄▅▅▅▅▅▅▆▆▆▆▆▇▇██
wandb: train_accuracy ▁▂▂▃▁▁▂▂▄▄▃▄▄▅▃▄▃▃▆▆▅▄▇▄▅▇▅▆▆▇▅▇▄▅▇▇█▅▆▇
wandb:     train_loss █▁▁▁▁▁▁▁▁▁▁▁▁▁▁▁▁▁▁▁▁▁▁▁▁▁▁▁▁▁▁▁▁▁▁▁▁▁▁▁
wandb:   val_accuracy ▄▃▄▆▄▂▆▄▅▅▄▆▄▃▃▆▃▅▅▃▃▅▄▇▃▃▃▄▁▃▂▂▃▄▃▂▄█▄▂
wandb:       val_loss ▃▂▇▃▄▁▄█▁▁▂▁▂▇▂▃▅▂▂▂▄▂▃▂▃▅▅▅▄▃▃▃▄▄▃▃▄▄▄▄
wandb: 
wandb: Run summary:
wandb:           best_epoch 385
wandb:    best_val_accuracy 53.92157
wandb:        best_val_loss 0.72704
wandb: checkpoint_best_path artifacts/probes/int...
wandb: checkpoint_last_path artifacts/probes/int...
wandb:      checkpoint_path artifacts/probes/int...
wandb:              dataset intphys2
wandb:      elapsed_seconds 17.56509
wandb:                epoch 500
wandb:    feature_signature b6519b564d05bc63
wandb:                  +22 ...
wandb: 
wandb: 🚀 View run intphys2_linear_videomae_v2_vit_giant_16_224_layer_10/trial_0005 at: https://wandb.ai/caselli-niccolo-developer-university-of-amsterdam/probe4physics/runs/5ewthit7
wandb: ⭐️ View project at: https://wandb.ai/caselli-niccolo-developer-university-of-amsterdam/probe4physics
wandb: Synced 5 W&B file(s), 0 media file(s), 0 artifact file(s) and 0 other file(s)
wandb: Find logs at: ./wandb/run-20260426_172433-5ewthit7/logs
[I 2026-04-26 17:24:51,629] Trial 5 finished with value: 17.647058823529413 and parameters: {'lr': 0.00014656553886225324, 'weight_decay': 4.247116662617142e-07, 'batch_size': 32, 'epochs': 500}. Best is trial 1 with value: 19.607843137254903.
wandb: setting up run 19rejrl2
wandb: Tracking run with wandb version 0.26.1
wandb: Run data is saved locally in /gpfs/home3/scur0511/Probe4Physics/wandb/run-20260426_172451-19rejrl2
wandb: Run `wandb offline` to turn off syncing.
wandb: Syncing run intphys2_linear_videomae_v2_vit_giant_16_224_layer_10/trial_0006
wandb: ⭐️ View project at https://wandb.ai/caselli-niccolo-developer-university-of-amsterdam/probe4physics
wandb: 🚀 View run at https://wandb.ai/caselli-niccolo-developer-university-of-amsterdam/probe4physics/runs/19rejrl2
[eval.intphys2] Starting eval | split_name=val split_dir=data/splits/intphys2 predictor_mode=from_file metadata_file=data/annotations/intphys2_metadata.csv
[eval.intphys2] Loaded split assignments | split_scenes=51 split_samples=204
[eval.intphys2] Generated predictions | n_predictions=204
[eval.intphys2] Scoring complete | accuracy=52.4510 voe_accuracy=9.8039 n_scenes=51 n_samples=204
[eval.intphys2] Artifacts written | output_dir=artifacts/probes/intphys2/intphys2_probe_linear_videomae_v2_vit_giant_16_224_20260426T152148Z/layer_10/train/trial_0006/val_eval
wandb: updating run metadata
wandb: uploading wandb-metadata.json; uploading requirements.txt; uploading output.log; uploading wandb-summary.json; uploading config.yaml
wandb: 
wandb: Run history:
wandb:          epoch ▁▁▁▂▂▂▃▃▃▃▃▃▄▄▄▄▄▄▅▅▅▅▅▆▆▆▆▆▆▆▆▆▆▇▇▇████
wandb: train_accuracy ▆▆▂▆▅▃▃▁▅▅▃▃▁▄▁▄▃▄▄▃▁▃▃▃▅▄▃▄▃▅▅▅▆▆▆▆▆██▆
wandb:     train_loss █▅▄▂▂▂▂▂▂▂▂▂▂▂▂▂▂▂▁▁▁▁▁▁▁▁▁▁▁▁▁▁▁▁▁▁▁▁▁▁
wandb:   val_accuracy ▃▅█▅▄▃▅▅▄▅▅▄▃▄▂▂▂▃▃▃▂▃▃▄▄▂▃▃▂▂▂▂▁▁▁▂▁▃▂▁
wandb:       val_loss █▆▄▃▃▂▂▂▂▂▂▂▂▂▂▂▂▂▂▂▂▂▂▂▂▁▁▁▁▁▁▁▁▁▁▁▁▁▁▁
wandb: 
wandb: Run summary:
wandb:           best_epoch 10
wandb:    best_val_accuracy 52.45098
wandb:        best_val_loss 0.73493
wandb: checkpoint_best_path artifacts/probes/int...
wandb: checkpoint_last_path artifacts/probes/int...
wandb:      checkpoint_path artifacts/probes/int...
wandb:              dataset intphys2
wandb:      elapsed_seconds 2.9266
wandb:                epoch 100
wandb:    feature_signature b6519b564d05bc63
wandb:                  +22 ...
wandb: 
wandb: 🚀 View run intphys2_linear_videomae_v2_vit_giant_16_224_layer_10/trial_0006 at: https://wandb.ai/caselli-niccolo-developer-university-of-amsterdam/probe4physics/runs/19rejrl2
wandb: ⭐️ View project at: https://wandb.ai/caselli-niccolo-developer-university-of-amsterdam/probe4physics
wandb: Synced 5 W&B file(s), 0 media file(s), 0 artifact file(s) and 0 other file(s)
wandb: Find logs at: ./wandb/run-20260426_172451-19rejrl2/logs
[I 2026-04-26 17:24:56,003] Trial 6 finished with value: 9.803921568627452 and parameters: {'lr': 1.0388823104027935e-05, 'weight_decay': 0.0007812113973534924, 'batch_size': 128, 'epochs': 100}. Best is trial 1 with value: 19.607843137254903.
wandb: setting up run oudegjs3
wandb: Tracking run with wandb version 0.26.1
wandb: Run data is saved locally in /gpfs/home3/scur0511/Probe4Physics/wandb/run-20260426_172456-oudegjs3
wandb: Run `wandb offline` to turn off syncing.
wandb: Syncing run intphys2_linear_videomae_v2_vit_giant_16_224_layer_10/trial_0007
wandb: ⭐️ View project at https://wandb.ai/caselli-niccolo-developer-university-of-amsterdam/probe4physics
wandb: 🚀 View run at https://wandb.ai/caselli-niccolo-developer-university-of-amsterdam/probe4physics/runs/oudegjs3
[eval.intphys2] Starting eval | split_name=val split_dir=data/splits/intphys2 predictor_mode=from_file metadata_file=data/annotations/intphys2_metadata.csv
[eval.intphys2] Loaded split assignments | split_scenes=51 split_samples=204
[eval.intphys2] Generated predictions | n_predictions=204
[eval.intphys2] Scoring complete | accuracy=53.9216 voe_accuracy=19.6078 n_scenes=51 n_samples=204
[eval.intphys2] Artifacts written | output_dir=artifacts/probes/intphys2/intphys2_probe_linear_videomae_v2_vit_giant_16_224_20260426T152148Z/layer_10/train/trial_0007/val_eval
wandb: updating run metadata
wandb: uploading config.yaml; uploading output.log; uploading wandb-summary.json
wandb: 
wandb: Run history:
wandb:          epoch ▁▁▁▁▁▂▂▂▂▂▃▃▃▃▃▃▄▄▄▄▅▅▅▅▅▆▆▆▆▆▇▇▇▇▇▇▇███
wandb: train_accuracy ▁▁▂▂▁▂▂▁▃▃▃▃▂▄▅▄▄▄▅▄▄▅▅▅▅▆▇▅▇▆▆▄▅▇▇▇█▅▇▆
wandb:     train_loss █▆▆▆▆▅▅▅▅▅▅▄▄▄▄▄▄▄▃▃▃▃▃▃▃▃▃▂▂▂▂▂▂▂▂▂▂▂▁▁
wandb:   val_accuracy ▅▄▁▅▃▃▁▃▃▂▂▅▅▇▂▃▆▂▅█▄▆▅▄▄▅▅▆▅▄▅▆▅▅▇▅▅▅▅▆
wandb:       val_loss █▁▁▁▁▁▁▁▁▁▁▁▁▁▁▁▁▁▁▁▁▁▁▁▁▁▁▁▁▁▁▁▁▁▁▁▁▁▁▁
wandb: 
wandb: Run summary:
wandb:           best_epoch 502
wandb:    best_val_accuracy 53.92157
wandb:        best_val_loss 0.70351
wandb: checkpoint_best_path artifacts/probes/int...
wandb: checkpoint_last_path artifacts/probes/int...
wandb:      checkpoint_path artifacts/probes/int...
wandb:              dataset intphys2
wandb:      elapsed_seconds 32.42469
wandb:                epoch 1000
wandb:    feature_signature b6519b564d05bc63
wandb:                  +22 ...
wandb: 
wandb: 🚀 View run intphys2_linear_videomae_v2_vit_giant_16_224_layer_10/trial_0007 at: https://wandb.ai/caselli-niccolo-developer-university-of-amsterdam/probe4physics/runs/oudegjs3
wandb: ⭐️ View project at: https://wandb.ai/caselli-niccolo-developer-university-of-amsterdam/probe4physics
wandb: Synced 5 W&B file(s), 0 media file(s), 0 artifact file(s) and 0 other file(s)
wandb: Find logs at: ./wandb/run-20260426_172456-oudegjs3/logs
[I 2026-04-26 17:25:29,593] Trial 7 finished with value: 19.607843137254903 and parameters: {'lr': 8.569331925053983e-05, 'weight_decay': 8.93511059033186e-07, 'batch_size': 128, 'epochs': 1000}. Best is trial 1 with value: 19.607843137254903.
wandb: setting up run rpusvt2p
wandb: Tracking run with wandb version 0.26.1
wandb: Run data is saved locally in /gpfs/home3/scur0511/Probe4Physics/wandb/run-20260426_172529-rpusvt2p
wandb: Run `wandb offline` to turn off syncing.
wandb: Syncing run intphys2_linear_videomae_v2_vit_giant_16_224_layer_10/trial_0008
wandb: ⭐️ View project at https://wandb.ai/caselli-niccolo-developer-university-of-amsterdam/probe4physics
wandb: 🚀 View run at https://wandb.ai/caselli-niccolo-developer-university-of-amsterdam/probe4physics/runs/rpusvt2p
[eval.intphys2] Starting eval | split_name=val split_dir=data/splits/intphys2 predictor_mode=from_file metadata_file=data/annotations/intphys2_metadata.csv
[eval.intphys2] Loaded split assignments | split_scenes=51 split_samples=204
[eval.intphys2] Generated predictions | n_predictions=204
[eval.intphys2] Scoring complete | accuracy=53.4314 voe_accuracy=21.5686 n_scenes=51 n_samples=204
[eval.intphys2] Artifacts written | output_dir=artifacts/probes/intphys2/intphys2_probe_linear_videomae_v2_vit_giant_16_224_20260426T152148Z/layer_10/train/trial_0008/val_eval
wandb: updating run metadata
wandb: uploading wandb-metadata.json; uploading requirements.txt; uploading output.log; uploading wandb-summary.json; uploading config.yaml
wandb: 
wandb: Run history:
wandb:          epoch ▁▁▁▁▁▂▂▂▂▂▂▂▃▃▃▃▃▄▄▄▄▄▅▅▅▅▅▅▆▆▆▆▇▇▇▇▇███
wandb: train_accuracy ▃▅▂▂▂▂▁▃▂▂▂▆▄▅▅▅▄▅▄▆▂▆▇▇▅▂▄▂▅▅▄▅▇▇▅▅█▇▆▄
wandb:     train_loss █▂▃▂▁▁▁▁▁▁▁▁▁▁▁▁▁▁▁▁▁▁▁▁▁▁▁▁▁▁▁▁▁▁▁▁▁▁▁▁
wandb:   val_accuracy ▄▃▃▃▁▅▃▂▄▃▅▅▅▂▂▆▄▄▄▂▆▅▅▆▅▆▅▄▃▄▆▅▃▆█▃▄▁▄▆
wandb:       val_loss ▆█▅▃▂▂▁▁▁▁▁▁▁▁▁▁▁▁▁▁▁▁▁▁▁▁▁▁▁▁▁▁▁▁▁▁▁▁▁▁
wandb: 
wandb: Run summary:
wandb:           best_epoch 83
wandb:    best_val_accuracy 53.43137
wandb:        best_val_loss 0.70137
wandb: checkpoint_best_path artifacts/probes/int...
wandb: checkpoint_last_path artifacts/probes/int...
wandb:      checkpoint_path artifacts/probes/int...
wandb:              dataset intphys2
wandb:      elapsed_seconds 3.04173
wandb:                epoch 100
wandb:    feature_signature b6519b564d05bc63
wandb:                  +22 ...
wandb: 
wandb: 🚀 View run intphys2_linear_videomae_v2_vit_giant_16_224_layer_10/trial_0008 at: https://wandb.ai/caselli-niccolo-developer-university-of-amsterdam/probe4physics/runs/rpusvt2p
wandb: ⭐️ View project at: https://wandb.ai/caselli-niccolo-developer-university-of-amsterdam/probe4physics
wandb: Synced 5 W&B file(s), 0 media file(s), 0 artifact file(s) and 0 other file(s)
wandb: Find logs at: ./wandb/run-20260426_172529-rpusvt2p/logs
[I 2026-04-26 17:25:33,717] Trial 8 finished with value: 21.568627450980394 and parameters: {'lr': 0.0003699972431463808, 'weight_decay': 3.6749049453053196e-06, 'batch_size': 256, 'epochs': 100}. Best is trial 8 with value: 21.568627450980394.
wandb: setting up run lehbxle2
wandb: Tracking run with wandb version 0.26.1
wandb: Run data is saved locally in /gpfs/home3/scur0511/Probe4Physics/wandb/run-20260426_172533-lehbxle2
wandb: Run `wandb offline` to turn off syncing.
wandb: Syncing run intphys2_linear_videomae_v2_vit_giant_16_224_layer_10/trial_0009
wandb: ⭐️ View project at https://wandb.ai/caselli-niccolo-developer-university-of-amsterdam/probe4physics
wandb: 🚀 View run at https://wandb.ai/caselli-niccolo-developer-university-of-amsterdam/probe4physics/runs/lehbxle2
wandb: updating run metadata
wandb: uploading wandb-summary.json; uploading config.yaml
wandb: 
wandb: Run history:
wandb:          epoch ▁▁▁▂▂▃▃▃▃▃▃▄▄▄▄▄▄▄▄▄▅▅▅▅▆▆▆▆▆▆▇▇▇▇▇▇▇▇▇█
wandb: train_accuracy ▁▁▂▁▅▄▄▆▂▄▂▄▃▂▄▂▃▄▄▃▅▄▆▆█▆▆▄▆▅▅▇▄▆▆▇▇▆▆█
wandb:     train_loss █▅▂▁▁▁▁▁▁▁▁▁▁▁▁▁▁▁▁▁▁▁▁▁▁▁▁▁▁▁▁▁▁▁▁▁▁▁▁▁
wandb:   val_accuracy ▅▅▅▇▄▆▅▁▃█▅▅▆▄▄▅▄▄▄▂▅▅▅▄▄▅▂▅▃▆▄▃▅▄▄▅▄▆▄▆
wandb:       val_loss █▅▄▃▃▃▂▂▂▂▁▁▁▁▁▁▁▁▁▁▁▁▁▁▁▁▁▁▁▁▁▁▁▁▁▁▁▁▁▁
wandb: 
wandb: Run summary:
wandb:          epoch 453
wandb: train_accuracy 53.47682
wandb:     train_loss 0.68769
wandb:   val_accuracy 49.5098
wandb:       val_loss 0.70058
wandb: 
wandb: 🚀 View run intphys2_linear_videomae_v2_vit_giant_16_224_layer_10/trial_0009 at: https://wandb.ai/caselli-niccolo-developer-university-of-amsterdam/probe4physics/runs/lehbxle2
wandb: ⭐️ View project at: https://wandb.ai/caselli-niccolo-developer-university-of-amsterdam/probe4physics
wandb: Synced 4 W&B file(s), 0 media file(s), 0 artifact file(s) and 0 other file(s)
wandb: Find logs at: ./wandb/run-20260426_172533-lehbxle2/logs
[I 2026-04-26 17:25:46,500] Trial 9 pruned. Pruned at epoch 453 with val_accuracy=49.5098
wandb: setting up run bkzhnun3
wandb: Tracking run with wandb version 0.26.1
wandb: Run data is saved locally in /gpfs/home3/scur0511/Probe4Physics/wandb/run-20260426_172546-bkzhnun3
wandb: Run `wandb offline` to turn off syncing.
wandb: Syncing run intphys2_linear_videomae_v2_vit_giant_16_224_layer_10/trial_0010
wandb: ⭐️ View project at https://wandb.ai/caselli-niccolo-developer-university-of-amsterdam/probe4physics
wandb: 🚀 View run at https://wandb.ai/caselli-niccolo-developer-university-of-amsterdam/probe4physics/runs/bkzhnun3
[eval.intphys2] Starting eval | split_name=val split_dir=data/splits/intphys2 predictor_mode=from_file metadata_file=data/annotations/intphys2_metadata.csv
[eval.intphys2] Loaded split assignments | split_scenes=51 split_samples=204
[eval.intphys2] Generated predictions | n_predictions=204
[eval.intphys2] Scoring complete | accuracy=50.9804 voe_accuracy=15.6863 n_scenes=51 n_samples=204
[eval.intphys2] Artifacts written | output_dir=artifacts/probes/intphys2/intphys2_probe_linear_videomae_v2_vit_giant_16_224_20260426T152148Z/layer_10/train/trial_0010/val_eval
wandb: updating run metadata
wandb: uploading history steps 0-19, summary, console lines 0-4
wandb: 
wandb: Run history:
wandb:          epoch ▁▁▂▂▂▃▃▄▄▄▅▅▅▆▆▇▇▇██
wandb: train_accuracy ▃▂▅▂▄▃▂▅▅▅▅▅▅▄█▅▂▄▄▁
wandb:     train_loss █▅▃▃▃▂▂▁▁▁▁▁▁▁▁▁▁▁▁▁
wandb:   val_accuracy ▆▃▃▃▆▃▃▃▆▁▁██▁▃▃▁▃▆█
wandb:       val_loss ▂▅█▃▁▃▂▁▁▂▂▁▁▁▁▁▁▁▁▁
wandb: 
wandb: Run summary:
wandb:           best_epoch 20
wandb:    best_val_accuracy 50.9804
wandb:        best_val_loss 0.70112
wandb: checkpoint_best_path artifacts/probes/int...
wandb: checkpoint_last_path artifacts/probes/int...
wandb:      checkpoint_path artifacts/probes/int...
wandb:              dataset intphys2
wandb:      elapsed_seconds 1.33735
wandb:                epoch 20
wandb:    feature_signature b6519b564d05bc63
wandb:                  +22 ...
wandb: 
wandb: 🚀 View run intphys2_linear_videomae_v2_vit_giant_16_224_layer_10/trial_0010 at: https://wandb.ai/caselli-niccolo-developer-university-of-amsterdam/probe4physics/runs/bkzhnun3
wandb: ⭐️ View project at: https://wandb.ai/caselli-niccolo-developer-university-of-amsterdam/probe4physics
wandb: Synced 5 W&B file(s), 0 media file(s), 0 artifact file(s) and 0 other file(s)
wandb: Find logs at: ./wandb/run-20260426_172546-bkzhnun3/logs
[I 2026-04-26 17:25:49,190] Trial 10 finished with value: 15.686274509803921 and parameters: {'lr': 0.002146403547714585, 'weight_decay': 1.7817062489347395e-05, 'batch_size': 256, 'epochs': 20}. Best is trial 8 with value: 21.568627450980394.
wandb: setting up run oyk897se
wandb: Tracking run with wandb version 0.26.1
wandb: Run data is saved locally in /gpfs/home3/scur0511/Probe4Physics/wandb/run-20260426_172549-oyk897se
wandb: Run `wandb offline` to turn off syncing.
wandb: Syncing run intphys2_linear_videomae_v2_vit_giant_16_224_layer_10/trial_0011
wandb: ⭐️ View project at https://wandb.ai/caselli-niccolo-developer-university-of-amsterdam/probe4physics
wandb: 🚀 View run at https://wandb.ai/caselli-niccolo-developer-university-of-amsterdam/probe4physics/runs/oyk897se
[eval.intphys2] Starting eval | split_name=val split_dir=data/splits/intphys2 predictor_mode=from_file metadata_file=data/annotations/intphys2_metadata.csv
[eval.intphys2] Loaded split assignments | split_scenes=51 split_samples=204
[eval.intphys2] Generated predictions | n_predictions=204
[eval.intphys2] Scoring complete | accuracy=52.9412 voe_accuracy=19.6078 n_scenes=51 n_samples=204
[eval.intphys2] Artifacts written | output_dir=artifacts/probes/intphys2/intphys2_probe_linear_videomae_v2_vit_giant_16_224_20260426T152148Z/layer_10/train/trial_0011/val_eval
wandb: updating run metadata
wandb: uploading wandb-summary.json; uploading config.yaml; uploading wandb-metadata.json; uploading requirements.txt; uploading output.log
wandb: uploading history steps 0-99, summary, console lines 0-4
wandb: 
wandb: Run history:
wandb:          epoch ▁▁▁▁▂▂▂▂▂▂▃▃▃▃▃▃▄▄▄▄▄▄▄▅▅▅▅▅▆▆▆▆▆▇▇▇▇▇██
wandb: train_accuracy ▂▅▃▄▂▄▄▄▄▅▆▃▃▃▅▅▅▃▃▄█▃▃▃▅▅▆▁▅▆▃▆▅▄▃▃▄▄▂▄
wandb:     train_loss ▇█▄▃▂▂▂▂▁▁▁▁▁▁▁▁▁▁▁▁▁▁▁▁▁▁▁▁▁▁▁▁▁▁▁▁▁▁▂▂
wandb:   val_accuracy ▄▄▄▄▄▄▄▅▁█▄▇▄▅▄▅▅█▅▄▄▄▄▇▇▁▂▅▁▄▄▅▄▁▂▄▄▄▄▄
wandb:       val_loss █▅▅▃▃▂▂▂▂▂▁▁▁▁▁▁▁▁▁▁▁▁▁▁▁▁▁▁▁▁▁▁▁▁▁▁▁▁▂▂
wandb: 
wandb: Run summary:
wandb:           best_epoch 67
wandb:    best_val_accuracy 52.94118
wandb:        best_val_loss 0.72954
wandb: checkpoint_best_path artifacts/probes/int...
wandb: checkpoint_last_path artifacts/probes/int...
wandb:      checkpoint_path artifacts/probes/int...
wandb:              dataset intphys2
wandb:      elapsed_seconds 2.83228
wandb:                epoch 100
wandb:    feature_signature b6519b564d05bc63
wandb:                  +22 ...
wandb: 
wandb: 🚀 View run intphys2_linear_videomae_v2_vit_giant_16_224_layer_10/trial_0011 at: https://wandb.ai/caselli-niccolo-developer-university-of-amsterdam/probe4physics/runs/oyk897se
wandb: ⭐️ View project at: https://wandb.ai/caselli-niccolo-developer-university-of-amsterdam/probe4physics
wandb: Synced 5 W&B file(s), 0 media file(s), 0 artifact file(s) and 0 other file(s)
wandb: Find logs at: ./wandb/run-20260426_172549-oyk897se/logs
[I 2026-04-26 17:25:53,373] Trial 11 finished with value: 19.607843137254903 and parameters: {'lr': 0.008904897998828367, 'weight_decay': 6.0095040187205216e-06, 'batch_size': 256, 'epochs': 100}. Best is trial 8 with value: 21.568627450980394.
wandb: setting up run u3bjbvi2
wandb: Tracking run with wandb version 0.26.1
wandb: Run data is saved locally in /gpfs/home3/scur0511/Probe4Physics/wandb/run-20260426_172553-u3bjbvi2
wandb: Run `wandb offline` to turn off syncing.
wandb: Syncing run intphys2_linear_videomae_v2_vit_giant_16_224_layer_10/trial_0012
wandb: ⭐️ View project at https://wandb.ai/caselli-niccolo-developer-university-of-amsterdam/probe4physics
wandb: 🚀 View run at https://wandb.ai/caselli-niccolo-developer-university-of-amsterdam/probe4physics/runs/u3bjbvi2
[eval.intphys2] Starting eval | split_name=val split_dir=data/splits/intphys2 predictor_mode=from_file metadata_file=data/annotations/intphys2_metadata.csv
[eval.intphys2] Loaded split assignments | split_scenes=51 split_samples=204
[eval.intphys2] Generated predictions | n_predictions=204
[eval.intphys2] Scoring complete | accuracy=53.4314 voe_accuracy=19.6078 n_scenes=51 n_samples=204
[eval.intphys2] Artifacts written | output_dir=artifacts/probes/intphys2/intphys2_probe_linear_videomae_v2_vit_giant_16_224_20260426T152148Z/layer_10/train/trial_0012/val_eval
wandb: updating run metadata
wandb: uploading output.log
wandb: 
wandb: Run history:
wandb:          epoch ▁▁▁▂▂▂▂▂▂▂▃▃▃▄▄▄▅▅▅▅▆▆▆▆▆▆▇▇▇▇▇▇▇▇▇█████
wandb: train_accuracy ▂▅▃▃▂▂▄▅▇▂▆▄▃▄▄▃▃▄▂▃▂█▆▃▃▅▇██▇▄▇▇▆▄▁▃▅▃▃
wandb:     train_loss █▅▃▂▂▂▁▁▁▁▁▁▁▁▁▁▁▁▁▁▁▁▁▁▁▁▁▁▁▁▁▁▁▁▁▁▁▁▁▁
wandb:   val_accuracy ▄▄▄▄▅▂▃▅▁▄█▅▇▂▄▂▃▅█▅▇▅▇▃▃▇▂▃▇▇▅▆▄▁▃▅▆▄▄▅
wandb:       val_loss █▂▇▃▂▁▁▁▁▁▁▁▁▁▁▁▁▁▁▂▂▁▁▁▁▂▁▂▁▁▂▁▁▁▁▁▁▂▂▃
wandb: 
wandb: Run summary:
wandb:           best_epoch 31
wandb:    best_val_accuracy 53.43137
wandb:        best_val_loss 0.70327
wandb: checkpoint_best_path artifacts/probes/int...
wandb: checkpoint_last_path artifacts/probes/int...
wandb:      checkpoint_path artifacts/probes/int...
wandb:              dataset intphys2
wandb:      elapsed_seconds 2.85628
wandb:                epoch 100
wandb:    feature_signature b6519b564d05bc63
wandb:                  +22 ...
wandb: 
wandb: 🚀 View run intphys2_linear_videomae_v2_vit_giant_16_224_layer_10/trial_0012 at: https://wandb.ai/caselli-niccolo-developer-university-of-amsterdam/probe4physics/runs/u3bjbvi2
wandb: ⭐️ View project at: https://wandb.ai/caselli-niccolo-developer-university-of-amsterdam/probe4physics
wandb: Synced 5 W&B file(s), 0 media file(s), 0 artifact file(s) and 0 other file(s)
wandb: Find logs at: ./wandb/run-20260426_172553-u3bjbvi2/logs
[I 2026-04-26 17:25:57,933] Trial 12 finished with value: 19.607843137254903 and parameters: {'lr': 0.0015721808073713183, 'weight_decay': 5.115152166347894e-06, 'batch_size': 256, 'epochs': 100}. Best is trial 8 with value: 21.568627450980394.
wandb: setting up run pbx949hj
wandb: Tracking run with wandb version 0.26.1
wandb: Run data is saved locally in /gpfs/home3/scur0511/Probe4Physics/wandb/run-20260426_172558-pbx949hj
wandb: Run `wandb offline` to turn off syncing.
wandb: Syncing run intphys2_linear_videomae_v2_vit_giant_16_224_layer_10/trial_0013
wandb: ⭐️ View project at https://wandb.ai/caselli-niccolo-developer-university-of-amsterdam/probe4physics
wandb: 🚀 View run at https://wandb.ai/caselli-niccolo-developer-university-of-amsterdam/probe4physics/runs/pbx949hj
[eval.intphys2] Starting eval | split_name=val split_dir=data/splits/intphys2 predictor_mode=from_file metadata_file=data/annotations/intphys2_metadata.csv
[eval.intphys2] Loaded split assignments | split_scenes=51 split_samples=204
[eval.intphys2] Generated predictions | n_predictions=204
[eval.intphys2] Scoring complete | accuracy=51.9608 voe_accuracy=11.7647 n_scenes=51 n_samples=204
[eval.intphys2] Artifacts written | output_dir=artifacts/probes/intphys2/intphys2_probe_linear_videomae_v2_vit_giant_16_224_20260426T152148Z/layer_10/train/trial_0013/val_eval
wandb: updating run metadata
wandb: uploading requirements.txt; uploading output.log; uploading wandb-summary.json; uploading config.yaml; uploading wandb-metadata.json
wandb: 
wandb: Run history:
wandb:          epoch ▁▁▁▁▁▂▂▂▂▂▃▃▃▃▃▃▃▄▄▄▄▄▄▄▄▅▅▅▆▆▇▇▇▇▇▇▇▇██
wandb: train_accuracy ▁▄▄▄▃▃▄▃▄▁▆▄▅▄▂▂▆▅▅▃▂▁▂▃▂▃▆▇▇▄▅▃▁▆▄▆▇▆█▄
wandb:     train_loss █▁▁▁▁▁▁▁▁▁▁▁▁▁▁▁▁▁▁▁▁▂▁▁▁▁▁▁▁▁▁▁▁▁▁▁▁▁▁▁
wandb:   val_accuracy ▅▅▅▅▅▅▅▅▅▄▅▅▄█▄▄▅▅▃▁▇▆▃▄▃▅▅▆▅█▃▄▆▇▆▅▄▇▆▄
wandb:       val_loss ▇▄▂▁▁▁▁▁▁▁▁▁▃▂▂▃▂▁▂▂▁▅▂▂▃▁▁▃▂▁▂▄▁▁▂█▂▂▄▂
wandb: 
wandb: Run summary:
wandb:           best_epoch 67
wandb:    best_val_accuracy 51.96078
wandb:        best_val_loss 0.70847
wandb: checkpoint_best_path artifacts/probes/int...
wandb: checkpoint_last_path artifacts/probes/int...
wandb:      checkpoint_path artifacts/probes/int...
wandb:              dataset intphys2
wandb:      elapsed_seconds 3.207
wandb:                epoch 100
wandb:    feature_signature b6519b564d05bc63
wandb:                  +22 ...
wandb: 
wandb: 🚀 View run intphys2_linear_videomae_v2_vit_giant_16_224_layer_10/trial_0013 at: https://wandb.ai/caselli-niccolo-developer-university-of-amsterdam/probe4physics/runs/pbx949hj
wandb: ⭐️ View project at: https://wandb.ai/caselli-niccolo-developer-university-of-amsterdam/probe4physics
wandb: Synced 5 W&B file(s), 0 media file(s), 0 artifact file(s) and 0 other file(s)
wandb: Find logs at: ./wandb/run-20260426_172558-pbx949hj/logs
[I 2026-04-26 17:26:02,265] Trial 13 finished with value: 11.76470588235294 and parameters: {'lr': 0.0008132191188696678, 'weight_decay': 5.931743837306966e-05, 'batch_size': 64, 'epochs': 100}. Best is trial 8 with value: 21.568627450980394.
wandb: setting up run 2azfrrxy
wandb: Tracking run with wandb version 0.26.1
wandb: Run data is saved locally in /gpfs/home3/scur0511/Probe4Physics/wandb/run-20260426_172602-2azfrrxy
wandb: Run `wandb offline` to turn off syncing.
wandb: Syncing run intphys2_linear_videomae_v2_vit_giant_16_224_layer_10/trial_0014
wandb: ⭐️ View project at https://wandb.ai/caselli-niccolo-developer-university-of-amsterdam/probe4physics
wandb: 🚀 View run at https://wandb.ai/caselli-niccolo-developer-university-of-amsterdam/probe4physics/runs/2azfrrxy
[eval.intphys2] Starting eval | split_name=val split_dir=data/splits/intphys2 predictor_mode=from_file metadata_file=data/annotations/intphys2_metadata.csv
[eval.intphys2] Loaded split assignments | split_scenes=51 split_samples=204
[eval.intphys2] Generated predictions | n_predictions=204
[eval.intphys2] Scoring complete | accuracy=52.9412 voe_accuracy=25.4902 n_scenes=51 n_samples=204
[eval.intphys2] Artifacts written | output_dir=artifacts/probes/intphys2/intphys2_probe_linear_videomae_v2_vit_giant_16_224_20260426T152148Z/layer_10/train/trial_0014/val_eval
wandb: updating run metadata
wandb: uploading config.yaml; uploading wandb-metadata.json; uploading requirements.txt; uploading output.log; uploading wandb-summary.json
wandb: 
wandb: Run history:
wandb:          epoch ▁▁▁▁▂▂▂▂▃▃▃▃▃▄▄▄▄▄▅▅▅▅▅▆▆▆▆▆▆▆▆▇▇▇▇▇████
wandb: train_accuracy ▃▄▃▃▅▅▃▄▆▃▆▅▆▅▅▄▆▄▃▅▄▃▆▄▅▃▄▅▆▄▆▆█▃▆▅▃▅▁▄
wandb:     train_loss █▅▂▂▂▁▁▁▁▁▁▁▁▁▁▁▁▁▁▁▁▁▁▁▁▁▁▁▁▁▁▁▁▁▁▁▁▂▂▁
wandb:   val_accuracy ▄▄▄▄▄▄▄▆▄▅▄▂▄▅▄▄▆▃▇▄▃▃▁▃▄▃▄▄▆▃▄▆█▄▆▄▄▃▃▃
wandb:       val_loss █▂▂▂▁▁▁▁▁▁▁▁▁▁▁▁▁▁▁▁▁▁▁▁▁▁▁▁▂▁▁▁▁▁▂▂▂▁▁▁
wandb: 
wandb: Run summary:
wandb:           best_epoch 29
wandb:    best_val_accuracy 52.94118
wandb:        best_val_loss 0.71341
wandb: checkpoint_best_path artifacts/probes/int...
wandb: checkpoint_last_path artifacts/probes/int...
wandb:      checkpoint_path artifacts/probes/int...
wandb:              dataset intphys2
wandb:      elapsed_seconds 2.94226
wandb:                epoch 100
wandb:    feature_signature b6519b564d05bc63
wandb:                  +22 ...
wandb: 
wandb: 🚀 View run intphys2_linear_videomae_v2_vit_giant_16_224_layer_10/trial_0014 at: https://wandb.ai/caselli-niccolo-developer-university-of-amsterdam/probe4physics/runs/2azfrrxy
wandb: ⭐️ View project at: https://wandb.ai/caselli-niccolo-developer-university-of-amsterdam/probe4physics
wandb: Synced 5 W&B file(s), 0 media file(s), 0 artifact file(s) and 0 other file(s)
wandb: Find logs at: ./wandb/run-20260426_172602-2azfrrxy/logs
[I 2026-04-26 17:26:06,367] Trial 14 finished with value: 25.49019607843137 and parameters: {'lr': 0.008025618452161373, 'weight_decay': 3.6478494604188404e-07, 'batch_size': 256, 'epochs': 100}. Best is trial 14 with value: 25.49019607843137.
wandb: setting up run i3sptbrc
wandb: Tracking run with wandb version 0.26.1
wandb: Run data is saved locally in /gpfs/home3/scur0511/Probe4Physics/wandb/run-20260426_172606-i3sptbrc
wandb: Run `wandb offline` to turn off syncing.
wandb: Syncing run intphys2_linear_videomae_v2_vit_giant_16_224_layer_10/trial_0015
wandb: ⭐️ View project at https://wandb.ai/caselli-niccolo-developer-university-of-amsterdam/probe4physics
wandb: 🚀 View run at https://wandb.ai/caselli-niccolo-developer-university-of-amsterdam/probe4physics/runs/i3sptbrc
[eval.intphys2] Starting eval | split_name=val split_dir=data/splits/intphys2 predictor_mode=from_file metadata_file=data/annotations/intphys2_metadata.csv
[eval.intphys2] Loaded split assignments | split_scenes=51 split_samples=204
[eval.intphys2] Generated predictions | n_predictions=204
[eval.intphys2] Scoring complete | accuracy=53.4314 voe_accuracy=13.7255 n_scenes=51 n_samples=204
[eval.intphys2] Artifacts written | output_dir=artifacts/probes/intphys2/intphys2_probe_linear_videomae_v2_vit_giant_16_224_20260426T152148Z/layer_10/train/trial_0015/val_eval
wandb: updating run metadata
wandb: uploading output.log; uploading wandb-summary.json; uploading config.yaml
wandb: 
wandb: Run history:
wandb:          epoch ▁▁▁▁▂▂▂▃▃▃▃▄▄▄▄▄▄▄▄▅▅▅▅▅▆▆▆▆▆▇▇▇▇▇▇▇▇███
wandb: train_accuracy ▂▁▂▂▂▂▂▂▂▂▂▂▃▂▁▃▃▂▄▄▃▅▄▂▂▁▂▅▆▃▂▂▄▃▂█▃▆█▂
wandb:     train_loss █▃▃▄▃▂▇▃▄▆▇▃▄▅▂▆▆▅▁▂▃▄▅▂▂▅▃▃▂▁▃▂▄▂▁▂▂▁▁▂
wandb:   val_accuracy ▅▄▃▅▆▅▅▆▅▄▄▆▃█▅▃▅▇▇▁▃▆▄▃▆▅▇▇▆▃▅▆▅▆▅▆▆▄▆▆
wandb:       val_loss ▄▂▂▁▁▁▁▂▁▁▁▁▃▃▃▂▂▂▂▄▂▂▂▄▂▂██▄▂▃▇▃▃▆▃▃▄▃▄
wandb: 
wandb: Run summary:
wandb:           best_epoch 444
wandb:    best_val_accuracy 53.43137
wandb:        best_val_loss 0.9463
wandb: checkpoint_best_path artifacts/probes/int...
wandb: checkpoint_last_path artifacts/probes/int...
wandb:      checkpoint_path artifacts/probes/int...
wandb:              dataset intphys2
wandb:      elapsed_seconds 12.87033
wandb:                epoch 500
wandb:    feature_signature b6519b564d05bc63
wandb:                  +22 ...
wandb: 
wandb: 🚀 View run intphys2_linear_videomae_v2_vit_giant_16_224_layer_10/trial_0015 at: https://wandb.ai/caselli-niccolo-developer-university-of-amsterdam/probe4physics/runs/i3sptbrc
wandb: ⭐️ View project at: https://wandb.ai/caselli-niccolo-developer-university-of-amsterdam/probe4physics
wandb: Synced 5 W&B file(s), 0 media file(s), 0 artifact file(s) and 0 other file(s)
wandb: Find logs at: ./wandb/run-20260426_172606-i3sptbrc/logs
[I 2026-04-26 17:26:20,387] Trial 15 finished with value: 13.725490196078432 and parameters: {'lr': 0.006281739602437728, 'weight_decay': 1.1862124324957527e-06, 'batch_size': 256, 'epochs': 500}. Best is trial 14 with value: 25.49019607843137.
wandb: setting up run 1up5t2gl
wandb: Tracking run with wandb version 0.26.1
wandb: Run data is saved locally in /gpfs/home3/scur0511/Probe4Physics/wandb/run-20260426_172620-1up5t2gl
wandb: Run `wandb offline` to turn off syncing.
wandb: Syncing run intphys2_linear_videomae_v2_vit_giant_16_224_layer_10/trial_0016
wandb: ⭐️ View project at https://wandb.ai/caselli-niccolo-developer-university-of-amsterdam/probe4physics
wandb: 🚀 View run at https://wandb.ai/caselli-niccolo-developer-university-of-amsterdam/probe4physics/runs/1up5t2gl
[eval.intphys2] Starting eval | split_name=val split_dir=data/splits/intphys2 predictor_mode=from_file metadata_file=data/annotations/intphys2_metadata.csv
[eval.intphys2] Loaded split assignments | split_scenes=51 split_samples=204
[eval.intphys2] Generated predictions | n_predictions=204
[eval.intphys2] Scoring complete | accuracy=51.4706 voe_accuracy=11.7647 n_scenes=51 n_samples=204
[eval.intphys2] Artifacts written | output_dir=artifacts/probes/intphys2/intphys2_probe_linear_videomae_v2_vit_giant_16_224_20260426T152148Z/layer_10/train/trial_0016/val_eval
wandb: updating run metadata
wandb: uploading wandb-summary.json; uploading config.yaml; uploading wandb-metadata.json; uploading requirements.txt; uploading output.log
wandb: 
wandb: Run history:
wandb:          epoch ▁▁▂▂▂▃▃▄▄▄▅▅▅▆▆▇▇▇██
wandb: train_accuracy █▅▅▃▃▄▆▁▅▂▄▅▄▅▃▅▅▅▅▃
wandb:     train_loss █▄▂▂▂▂▂▂▂▂▁▁▁▁▁▁▁▁▁▁
wandb:   val_accuracy ▃▅▆▆█▂▃▇▆▅▅▃▃▃▃▃▅▁▁▃
wandb:       val_loss █▃▃▂▂▂▂▂▂▂▂▂▁▂▁▁▁▁▁▁
wandb: 
wandb: Run summary:
wandb:           best_epoch 5
wandb:    best_val_accuracy 51.47059
wandb:        best_val_loss 0.7303
wandb: checkpoint_best_path artifacts/probes/int...
wandb: checkpoint_last_path artifacts/probes/int...
wandb:      checkpoint_path artifacts/probes/int...
wandb:              dataset intphys2
wandb:      elapsed_seconds 1.53831
wandb:                epoch 20
wandb:    feature_signature b6519b564d05bc63
wandb:                  +22 ...
wandb: 
wandb: 🚀 View run intphys2_linear_videomae_v2_vit_giant_16_224_layer_10/trial_0016 at: https://wandb.ai/caselli-niccolo-developer-university-of-amsterdam/probe4physics/runs/1up5t2gl
wandb: ⭐️ View project at: https://wandb.ai/caselli-niccolo-developer-university-of-amsterdam/probe4physics
wandb: Synced 5 W&B file(s), 0 media file(s), 0 artifact file(s) and 0 other file(s)
wandb: Find logs at: ./wandb/run-20260426_172620-1up5t2gl/logs
[I 2026-04-26 17:26:23,009] Trial 16 finished with value: 11.76470588235294 and parameters: {'lr': 2.187826668204124e-05, 'weight_decay': 0.00011772120865087854, 'batch_size': 64, 'epochs': 20}. Best is trial 14 with value: 25.49019607843137.
wandb: setting up run x52095iu
wandb: Tracking run with wandb version 0.26.1
wandb: Run data is saved locally in /gpfs/home3/scur0511/Probe4Physics/wandb/run-20260426_172623-x52095iu
wandb: Run `wandb offline` to turn off syncing.
wandb: Syncing run intphys2_linear_videomae_v2_vit_giant_16_224_layer_10/trial_0017
wandb: ⭐️ View project at https://wandb.ai/caselli-niccolo-developer-university-of-amsterdam/probe4physics
wandb: 🚀 View run at https://wandb.ai/caselli-niccolo-developer-university-of-amsterdam/probe4physics/runs/x52095iu
[eval.intphys2] Starting eval | split_name=val split_dir=data/splits/intphys2 predictor_mode=from_file metadata_file=data/annotations/intphys2_metadata.csv
[eval.intphys2] Loaded split assignments | split_scenes=51 split_samples=204
[eval.intphys2] Generated predictions | n_predictions=204
[eval.intphys2] Scoring complete | accuracy=54.4118 voe_accuracy=19.6078 n_scenes=51 n_samples=204
[eval.intphys2] Artifacts written | output_dir=artifacts/probes/intphys2/intphys2_probe_linear_videomae_v2_vit_giant_16_224_20260426T152148Z/layer_10/train/trial_0017/val_eval
wandb: updating run metadata
wandb: uploading output.log; uploading wandb-summary.json; uploading config.yaml
wandb: 
wandb: Run history:
wandb:          epoch ▁▁▁▁▁▂▂▃▃▃▃▃▃▃▄▄▄▄▄▄▄▅▅▅▅▅▅▅▅▅▆▆▇▇▇▇▇▇██
wandb: train_accuracy ▁▂▁▂▂▂▃▃▂▂▄▄▃▄▅▆▅▃▅▆▅▅▅▅▅▆▅▇▅▅▇▅▇▇▇▇▇█▇█
wandb:     train_loss ████▇▇▇▆▆▆▅▆▆▅▅▄▄▄▄▄▃▃▃▃▃▂▃▂▃▂▂▁▂▂▁▁▁▁▁▁
wandb:   val_accuracy ▅█▄▃▅▅▅▃▁▄▅▆▄▅▅▃▄▅▄▆▅▄▃▃▅▅▄▅▅▅▅▆▅▄▄▅▆▄▆▄
wandb:       val_loss ▁▁▁▂▁▂▂▂▂▂▂▃▂▂▄▃▃▃▃▃▃▄▄▄▅▅▅▅▅▆▆▆▆▆█▇▇▇▇█
wandb: 
wandb: Run summary:
wandb:           best_epoch 70
wandb:    best_val_accuracy 54.41176
wandb:        best_val_loss 0.70116
wandb: checkpoint_best_path artifacts/probes/int...
wandb: checkpoint_last_path artifacts/probes/int...
wandb:      checkpoint_path artifacts/probes/int...
wandb:              dataset intphys2
wandb:      elapsed_seconds 93.40718
wandb:                epoch 2000
wandb:    feature_signature b6519b564d05bc63
wandb:                  +22 ...
wandb: 
wandb: 🚀 View run intphys2_linear_videomae_v2_vit_giant_16_224_layer_10/trial_0017 at: https://wandb.ai/caselli-niccolo-developer-university-of-amsterdam/probe4physics/runs/x52095iu
wandb: ⭐️ View project at: https://wandb.ai/caselli-niccolo-developer-university-of-amsterdam/probe4physics
wandb: Synced 5 W&B file(s), 0 media file(s), 0 artifact file(s) and 0 other file(s)
wandb: Find logs at: ./wandb/run-20260426_172623-x52095iu/logs
[I 2026-04-26 17:27:58,012] Trial 17 finished with value: 19.607843137254903 and parameters: {'lr': 0.0007132964150305263, 'weight_decay': 1.1822707022806708e-08, 'batch_size': 256, 'epochs': 2000}. Best is trial 14 with value: 25.49019607843137.
wandb: setting up run 3oeu2okz
wandb: Tracking run with wandb version 0.26.1
wandb: Run data is saved locally in /gpfs/home3/scur0511/Probe4Physics/wandb/run-20260426_172758-3oeu2okz
wandb: Run `wandb offline` to turn off syncing.
wandb: Syncing run intphys2_linear_videomae_v2_vit_giant_16_224_layer_10/trial_0018
wandb: ⭐️ View project at https://wandb.ai/caselli-niccolo-developer-university-of-amsterdam/probe4physics
wandb: 🚀 View run at https://wandb.ai/caselli-niccolo-developer-university-of-amsterdam/probe4physics/runs/3oeu2okz
[eval.intphys2] Starting eval | split_name=val split_dir=data/splits/intphys2 predictor_mode=from_file metadata_file=data/annotations/intphys2_metadata.csv
[eval.intphys2] Loaded split assignments | split_scenes=51 split_samples=204
[eval.intphys2] Generated predictions | n_predictions=204
[eval.intphys2] Scoring complete | accuracy=52.4510 voe_accuracy=13.7255 n_scenes=51 n_samples=204
[eval.intphys2] Artifacts written | output_dir=artifacts/probes/intphys2/intphys2_probe_linear_videomae_v2_vit_giant_16_224_20260426T152148Z/layer_10/train/trial_0018/val_eval
wandb: updating run metadata
wandb: uploading wandb-metadata.json; uploading requirements.txt; uploading output.log; uploading wandb-summary.json; uploading config.yaml
wandb: uploading wandb-metadata.json; uploading requirements.txt
wandb: 
wandb: Run history:
wandb:          epoch ▁▁▁▁▁▂▂▂▂▂▃▃▃▃▃▄▄▄▄▄▅▅▅▅▅▆▆▆▆▆▇▇▇▇▇▇▇▇██
wandb: train_accuracy ▃▄▃▆▂▄▃▃▁▆▃▆▃▁▄▇▃▄▄▄▁▇▆▆▃▆█▆▄▅▆▆▄▇▄▆▆▆▇▂
wandb:     train_loss █▅▄▄▃▃▃▂▂▂▂▂▂▂▂▂▂▂▃▂▁▂▁▁▂▂▁▁▂▂▁▃▂▁▁▁▂▁▄▂
wandb:   val_accuracy ▅▅▅▃▅▅▄▂█▆▅▂▂▃▆▃▅▆▅▃▁▄▄▂▃▂▃▄▃▁▅▇▂▄▅▂▂▅▅▁
wandb:       val_loss █▁▂▁▁▁▁▁▁▁▁▁▁▁▁▁▁▁▁▁▁▁▁▁▁▁▁▁▁▁▁▁▁▁▁▁▁▁▁▁
wandb: 
wandb: Run summary:
wandb:           best_epoch 21
wandb:    best_val_accuracy 52.45098
wandb:        best_val_loss 0.70945
wandb: checkpoint_best_path artifacts/probes/int...
wandb: checkpoint_last_path artifacts/probes/int...
wandb:      checkpoint_path artifacts/probes/int...
wandb:              dataset intphys2
wandb:      elapsed_seconds 2.95737
wandb:                epoch 100
wandb:    feature_signature b6519b564d05bc63
wandb:                  +22 ...
wandb: 
wandb: 🚀 View run intphys2_linear_videomae_v2_vit_giant_16_224_layer_10/trial_0018 at: https://wandb.ai/caselli-niccolo-developer-university-of-amsterdam/probe4physics/runs/3oeu2okz
wandb: ⭐️ View project at: https://wandb.ai/caselli-niccolo-developer-university-of-amsterdam/probe4physics
wandb: Synced 5 W&B file(s), 0 media file(s), 0 artifact file(s) and 0 other file(s)
wandb: Find logs at: ./wandb/run-20260426_172758-3oeu2okz/logs
[I 2026-04-26 17:28:02,474] Trial 18 finished with value: 13.725490196078432 and parameters: {'lr': 0.0009775214784462389, 'weight_decay': 2.2729412011877725e-06, 'batch_size': 256, 'epochs': 100}. Best is trial 14 with value: 25.49019607843137.
wandb: setting up run 36cpuh2d
wandb: Tracking run with wandb version 0.26.1
wandb: Run data is saved locally in /gpfs/home3/scur0511/Probe4Physics/wandb/run-20260426_172802-36cpuh2d
wandb: Run `wandb offline` to turn off syncing.
wandb: Syncing run intphys2_linear_videomae_v2_vit_giant_16_224_layer_10/trial_0019
wandb: ⭐️ View project at https://wandb.ai/caselli-niccolo-developer-university-of-amsterdam/probe4physics
wandb: 🚀 View run at https://wandb.ai/caselli-niccolo-developer-university-of-amsterdam/probe4physics/runs/36cpuh2d
[eval.intphys2] Starting eval | split_name=val split_dir=data/splits/intphys2 predictor_mode=from_file metadata_file=data/annotations/intphys2_metadata.csv
[eval.intphys2] Loaded split assignments | split_scenes=51 split_samples=204
[eval.intphys2] Generated predictions | n_predictions=204
[eval.intphys2] Scoring complete | accuracy=52.9412 voe_accuracy=11.7647 n_scenes=51 n_samples=204
[eval.intphys2] Artifacts written | output_dir=artifacts/probes/intphys2/intphys2_probe_linear_videomae_v2_vit_giant_16_224_20260426T152148Z/layer_10/train/trial_0019/val_eval
wandb: updating run metadata
wandb: uploading output.log; uploading wandb-summary.json; uploading config.yaml; uploading wandb-metadata.json; uploading requirements.txt
wandb: 
wandb: Run history:
wandb:          epoch ▁▁▁▁▂▂▂▂▂▂▃▃▃▃▃▃▃▄▄▄▅▅▅▅▅▅▅▆▆▆▇▇▇▇▇▇████
wandb: train_accuracy ▁▄▃▅▁▄▃▃▃▁▄▂▃▃▃▅▅▅▄▆▅▆▄▅▅▅▅▄▅▅▅▆▃▅▅▅▅█▆▆
wandb:     train_loss ██▅▃▂▂▁▁▁▁▁▁▂▁▁▁▁▁▁▂▁▁▁▁▁▁▁▁▁▁▁▁▁▁▁▁▁▁▁▁
wandb:   val_accuracy ▄▄▆▆▃▃▃▁▅▇▆▃▆▄▆▄▅▃▄▄▃▃▅▃▆▄▃▅▁▄▇▆▄▂▂▂▄█▅▄
wandb:       val_loss █▃▂▂▂▁▁▂▂▁▁▂▁▁▁▂▂▁▁▁▁▁▁▁▁▂▁▁▁▁▁▁▁▁▁▂▁▁▁▄
wandb: 
wandb: Run summary:
wandb:           best_epoch 98
wandb:    best_val_accuracy 52.94118
wandb:        best_val_loss 0.73711
wandb: checkpoint_best_path artifacts/probes/int...
wandb: checkpoint_last_path artifacts/probes/int...
wandb:      checkpoint_path artifacts/probes/int...
wandb:              dataset intphys2
wandb:      elapsed_seconds 2.92779
wandb:                epoch 100
wandb:    feature_signature b6519b564d05bc63
wandb:                  +22 ...
wandb: 
wandb: 🚀 View run intphys2_linear_videomae_v2_vit_giant_16_224_layer_10/trial_0019 at: https://wandb.ai/caselli-niccolo-developer-university-of-amsterdam/probe4physics/runs/36cpuh2d
wandb: ⭐️ View project at: https://wandb.ai/caselli-niccolo-developer-university-of-amsterdam/probe4physics
wandb: Synced 5 W&B file(s), 0 media file(s), 0 artifact file(s) and 0 other file(s)
wandb: Find logs at: ./wandb/run-20260426_172802-36cpuh2d/logs
[I 2026-04-26 17:28:06,403] Trial 19 finished with value: 11.76470588235294 and parameters: {'lr': 0.00427972551443328, 'weight_decay': 5.046957877322283e-05, 'batch_size': 256, 'epochs': 100}. Best is trial 14 with value: 25.49019607843137.
[eval.intphys2] Starting eval | split_name=train split_dir=data/splits/intphys2 predictor_mode=from_file metadata_file=data/annotations/intphys2_metadata.csv
[eval.intphys2] Loaded split assignments | split_scenes=151 split_samples=604
[eval.intphys2] Generated predictions | n_predictions=604
[eval.intphys2] Scoring complete | accuracy=53.8079 voe_accuracy=31.7881 n_scenes=151 n_samples=604
[eval.intphys2] Artifacts written | output_dir=artifacts/probes/intphys2/intphys2_probe_linear_videomae_v2_vit_giant_16_224_20260426T152148Z/layer_10/eval/train
[eval.intphys2] Starting eval | split_name=val split_dir=data/splits/intphys2 predictor_mode=from_file metadata_file=data/annotations/intphys2_metadata.csv
[eval.intphys2] Loaded split assignments | split_scenes=51 split_samples=204
[eval.intphys2] Generated predictions | n_predictions=204
[eval.intphys2] Scoring complete | accuracy=52.9412 voe_accuracy=25.4902 n_scenes=51 n_samples=204
[eval.intphys2] Artifacts written | output_dir=artifacts/probes/intphys2/intphys2_probe_linear_videomae_v2_vit_giant_16_224_20260426T152148Z/layer_10/eval/val
[eval.intphys2] Starting eval | split_name=test split_dir=data/splits/intphys2 predictor_mode=from_file metadata_file=data/annotations/intphys2_metadata.csv
[eval.intphys2] Loaded split assignments | split_scenes=51 split_samples=204
[eval.intphys2] Generated predictions | n_predictions=204
[eval.intphys2] Scoring complete | accuracy=53.4314 voe_accuracy=25.4902 n_scenes=51 n_samples=204
[eval.intphys2] Artifacts written | output_dir=artifacts/probes/intphys2/intphys2_probe_linear_videomae_v2_vit_giant_16_224_20260426T152148Z/layer_10/eval/test
[I 2026-04-26 17:28:06,762] A new study created in RDB with name: intphys2_linear_videomae_v2_vit_giant_16_224_layer_20
wandb: setting up run 0b2owbli
wandb: Tracking run with wandb version 0.26.1
wandb: Run data is saved locally in /gpfs/home3/scur0511/Probe4Physics/wandb/run-20260426_172807-0b2owbli
wandb: Run `wandb offline` to turn off syncing.
wandb: Syncing run intphys2_linear_videomae_v2_vit_giant_16_224_layer_20/trial_0000
wandb: ⭐️ View project at https://wandb.ai/caselli-niccolo-developer-university-of-amsterdam/probe4physics
wandb: 🚀 View run at https://wandb.ai/caselli-niccolo-developer-university-of-amsterdam/probe4physics/runs/0b2owbli
[eval.intphys2] Starting eval | split_name=val split_dir=data/splits/intphys2 predictor_mode=from_file metadata_file=data/annotations/intphys2_metadata.csv
[eval.intphys2] Loaded split assignments | split_scenes=51 split_samples=204
[eval.intphys2] Generated predictions | n_predictions=204
[eval.intphys2] Scoring complete | accuracy=63.7255 voe_accuracy=37.2549 n_scenes=51 n_samples=204
[eval.intphys2] Artifacts written | output_dir=artifacts/probes/intphys2/intphys2_probe_linear_videomae_v2_vit_giant_16_224_20260426T152148Z/layer_20/train/trial_0000/val_eval
wandb: updating run metadata
wandb: uploading output.log; uploading wandb-summary.json; uploading config.yaml
wandb: uploading history steps 1931-1999, summary, console lines 0-4
wandb: 
wandb: Run history:
wandb:          epoch ▁▁▁▂▂▂▃▃▃▃▃▄▄▄▄▅▅▅▅▅▅▅▅▆▆▆▆▆▆▆▇▇▇▇██████
wandb: train_accuracy ▁▁▁▃▃▄▅▅▅▅▆▄▆▅▆▄▆▅▆▅▆▆▅▇▆▆▆▆▇▇▇█▆▇█▇▇███
wandb:     train_loss █▄▄▄▄▄▄▄▄▄▃▃▃▃▃▃▂▃▂▂▂▂▂▂▂▂▂▁▁▁▁▁▁▁▁▁▁▁▁▁
wandb:   val_accuracy ▁▂▁▁▂▅▄▅▆▅▆▆▄▇█▇▅▇▇▄▆▅█▇▆▆▆▃▃▃▄▆▄▆▃▅▆▆▄▄
wandb:       val_loss ▄▃▂▂▁▁▁▂▁▁▂▁▄▂▂▂▂▂▂▂▂▂▂▂▂▄▅▅▅▅▇▅▆▆▆▆▇▇▇█
wandb: 
wandb: Run summary:
wandb:           best_epoch 910
wandb:    best_val_accuracy 63.72549
wandb:        best_val_loss 0.72227
wandb: checkpoint_best_path artifacts/probes/int...
wandb: checkpoint_last_path artifacts/probes/int...
wandb:      checkpoint_path artifacts/probes/int...
wandb:              dataset intphys2
wandb:      elapsed_seconds 111.86042
wandb:                epoch 2000
wandb:    feature_signature b6519b564d05bc63
wandb:                  +22 ...
wandb: 
wandb: 🚀 View run intphys2_linear_videomae_v2_vit_giant_16_224_layer_20/trial_0000 at: https://wandb.ai/caselli-niccolo-developer-university-of-amsterdam/probe4physics/runs/0b2owbli
wandb: ⭐️ View project at: https://wandb.ai/caselli-niccolo-developer-university-of-amsterdam/probe4physics
wandb: Synced 5 W&B file(s), 0 media file(s), 0 artifact file(s) and 0 other file(s)
wandb: Find logs at: ./wandb/run-20260426_172807-0b2owbli/logs
[I 2026-04-26 17:30:00,490] Trial 0 finished with value: 37.254901960784316 and parameters: {'lr': 0.0001329291894316216, 'weight_decay': 0.005061576888752304, 'batch_size': 32, 'epochs': 2000}. Best is trial 0 with value: 37.254901960784316.
wandb: setting up run fdjnkdi9
wandb: Tracking run with wandb version 0.26.1
wandb: Run data is saved locally in /gpfs/home3/scur0511/Probe4Physics/wandb/run-20260426_173000-fdjnkdi9
wandb: Run `wandb offline` to turn off syncing.
wandb: Syncing run intphys2_linear_videomae_v2_vit_giant_16_224_layer_20/trial_0001
wandb: ⭐️ View project at https://wandb.ai/caselli-niccolo-developer-university-of-amsterdam/probe4physics
wandb: 🚀 View run at https://wandb.ai/caselli-niccolo-developer-university-of-amsterdam/probe4physics/runs/fdjnkdi9
[eval.intphys2] Starting eval | split_name=val split_dir=data/splits/intphys2 predictor_mode=from_file metadata_file=data/annotations/intphys2_metadata.csv
[eval.intphys2] Loaded split assignments | split_scenes=51 split_samples=204
[eval.intphys2] Generated predictions | n_predictions=204
[eval.intphys2] Scoring complete | accuracy=57.3529 voe_accuracy=31.3725 n_scenes=51 n_samples=204
[eval.intphys2] Artifacts written | output_dir=artifacts/probes/intphys2/intphys2_probe_linear_videomae_v2_vit_giant_16_224_20260426T152148Z/layer_20/train/trial_0001/val_eval
wandb: updating run metadata
wandb: uploading requirements.txt; uploading output.log; uploading wandb-summary.json; uploading config.yaml; uploading wandb-metadata.json
wandb: uploading requirements.txt
wandb: 
wandb: Run history:
wandb:          epoch ▁▁▁▁▁▂▂▂▂▃▃▃▃▃▃▃▄▄▄▄▄▄▄▅▅▅▅▅▆▆▆▆▇▇▇▇▇███
wandb: train_accuracy ▃▂▂▂▂▄▃▄▃▃▄▁▃▃▃▃▄▄▆▇▅▄▆▃▄▂▆▅▆██▆▄▆▆▅██▄▃
wandb:     train_loss █▃▃▃▂▂▂▂▂▂▂▂▄▃▂▃▂▃▂▂▂▂▁▁▂▂▂▂▂▂▂▁▁▁▁▁▁▁▁▂
wandb:   val_accuracy ▁▁▂▁▂▂▃▅▃▄▃▃▄▃▃▂▅▃▅▅▁▃▃▂▄▃▄▅▆▃▄█▆▇▃▅▆▆▃▃
wandb:       val_loss ▄▄▄▆▅▁▁▁▂▃▃▃▃█▄▃▆▂▃▃▂▁▁▁▁▂▂▂▄▅▃▃▂▁▃▁▅▁▂▅
wandb: 
wandb: Run summary:
wandb:           best_epoch 81
wandb:    best_val_accuracy 57.35294
wandb:        best_val_loss 0.70826
wandb: checkpoint_best_path artifacts/probes/int...
wandb: checkpoint_last_path artifacts/probes/int...
wandb:      checkpoint_path artifacts/probes/int...
wandb:              dataset intphys2
wandb:      elapsed_seconds 3.08205
wandb:                epoch 100
wandb:    feature_signature b6519b564d05bc63
wandb:                  +22 ...
wandb: 
wandb: 🚀 View run intphys2_linear_videomae_v2_vit_giant_16_224_layer_20/trial_0001 at: https://wandb.ai/caselli-niccolo-developer-university-of-amsterdam/probe4physics/runs/fdjnkdi9
wandb: ⭐️ View project at: https://wandb.ai/caselli-niccolo-developer-university-of-amsterdam/probe4physics
wandb: Synced 5 W&B file(s), 0 media file(s), 0 artifact file(s) and 0 other file(s)
wandb: Find logs at: ./wandb/run-20260426_173000-fdjnkdi9/logs
[I 2026-04-26 17:30:05,346] Trial 1 finished with value: 31.372549019607842 and parameters: {'lr': 0.00314288089084011, 'weight_decay': 1.879466824163843e-07, 'batch_size': 256, 'epochs': 100}. Best is trial 0 with value: 37.254901960784316.
wandb: setting up run 1ywy0juk
wandb: Tracking run with wandb version 0.26.1
wandb: Run data is saved locally in /gpfs/home3/scur0511/Probe4Physics/wandb/run-20260426_173005-1ywy0juk
wandb: Run `wandb offline` to turn off syncing.
wandb: Syncing run intphys2_linear_videomae_v2_vit_giant_16_224_layer_20/trial_0002
wandb: ⭐️ View project at https://wandb.ai/caselli-niccolo-developer-university-of-amsterdam/probe4physics
wandb: 🚀 View run at https://wandb.ai/caselli-niccolo-developer-university-of-amsterdam/probe4physics/runs/1ywy0juk
[eval.intphys2] Starting eval | split_name=val split_dir=data/splits/intphys2 predictor_mode=from_file metadata_file=data/annotations/intphys2_metadata.csv
[eval.intphys2] Loaded split assignments | split_scenes=51 split_samples=204
[eval.intphys2] Generated predictions | n_predictions=204
[eval.intphys2] Scoring complete | accuracy=63.2353 voe_accuracy=35.2941 n_scenes=51 n_samples=204
[eval.intphys2] Artifacts written | output_dir=artifacts/probes/intphys2/intphys2_probe_linear_videomae_v2_vit_giant_16_224_20260426T152148Z/layer_20/train/trial_0002/val_eval
wandb: updating run metadata
wandb: uploading output.log; uploading wandb-summary.json; uploading config.yaml
wandb: 
wandb: Run history:
wandb:          epoch ▁▂▂▂▂▂▂▂▂▂▃▃▃▃▃▄▄▄▄▄▅▅▅▅▅▅▅▆▆▆▆▆▇▇▇▇▇███
wandb: train_accuracy ▁▁▂▃▄▃▄▄▅▃▃▆▄▆▆▅▅▅▅▅▆▅▆▇▇▆▇▇▆▇▇▇▇█▇██▅▇▆
wandb:     train_loss █▇▇▇▇▆▆▆▆▅▅▅▅▅▄▄▄▄▅▄▄▄▃▄▄▃▃▃▃▃▂▂▂▂▂▂▂▂▂▁
wandb:   val_accuracy ▂▂▁▃▂▄▃▃▂▄▆▆▄▃▄▆▇▇▄▄▆▆▆▆▇▅▇▇▅█▇▅▆▇▇▇▆▅▇▆
wandb:       val_loss ▇▆▃▂▂▂▃▂▂▂▁▁▁▂▁▂▁▂▂▃▄▅▄▄▄▅▆▅▅▅▆▆▆▆▆▇▇███
wandb: 
wandb: Run summary:
wandb:           best_epoch 664
wandb:    best_val_accuracy 63.23529
wandb:        best_val_loss 0.70957
wandb: checkpoint_best_path artifacts/probes/int...
wandb: checkpoint_last_path artifacts/probes/int...
wandb:      checkpoint_path artifacts/probes/int...
wandb:              dataset intphys2
wandb:      elapsed_seconds 31.93207
wandb:                epoch 1000
wandb:    feature_signature b6519b564d05bc63
wandb:                  +22 ...
wandb: 
wandb: 🚀 View run intphys2_linear_videomae_v2_vit_giant_16_224_layer_20/trial_0002 at: https://wandb.ai/caselli-niccolo-developer-university-of-amsterdam/probe4physics/runs/1ywy0juk
wandb: ⭐️ View project at: https://wandb.ai/caselli-niccolo-developer-university-of-amsterdam/probe4physics
wandb: Synced 5 W&B file(s), 0 media file(s), 0 artifact file(s) and 0 other file(s)
wandb: Find logs at: ./wandb/run-20260426_173005-1ywy0juk/logs
[I 2026-04-26 17:30:38,492] Trial 2 finished with value: 35.294117647058826 and parameters: {'lr': 0.00023345864076016249, 'weight_decay': 0.0005141096648805752, 'batch_size': 128, 'epochs': 1000}. Best is trial 0 with value: 37.254901960784316.
wandb: setting up run dnjn57ay
wandb: Tracking run with wandb version 0.26.1
wandb: Run data is saved locally in /gpfs/home3/scur0511/Probe4Physics/wandb/run-20260426_173038-dnjn57ay
wandb: Run `wandb offline` to turn off syncing.
wandb: Syncing run intphys2_linear_videomae_v2_vit_giant_16_224_layer_20/trial_0003
wandb: ⭐️ View project at https://wandb.ai/caselli-niccolo-developer-university-of-amsterdam/probe4physics
wandb: 🚀 View run at https://wandb.ai/caselli-niccolo-developer-university-of-amsterdam/probe4physics/runs/dnjn57ay
[eval.intphys2] Starting eval | split_name=val split_dir=data/splits/intphys2 predictor_mode=from_file metadata_file=data/annotations/intphys2_metadata.csv
[eval.intphys2] Loaded split assignments | split_scenes=51 split_samples=204
[eval.intphys2] Generated predictions | n_predictions=204
[eval.intphys2] Scoring complete | accuracy=52.4510 voe_accuracy=15.6863 n_scenes=51 n_samples=204
[eval.intphys2] Artifacts written | output_dir=artifacts/probes/intphys2/intphys2_probe_linear_videomae_v2_vit_giant_16_224_20260426T152148Z/layer_20/train/trial_0003/val_eval
wandb: updating run metadata
wandb: uploading config.yaml; uploading wandb-metadata.json; uploading requirements.txt; uploading output.log; uploading wandb-summary.json
wandb: 
wandb: Run history:
wandb:          epoch ▁▁▁▁▂▂▂▂▂▂▃▃▃▃▄▄▄▄▄▄▅▅▅▅▅▆▆▆▆▆▆▇▇▇▇▇▇███
wandb: train_accuracy ▅▁▅▄▄▄▄▄▄▂▅▄▄▅▅▄▂▃▇▂▅▃▃▁▅▂█▄▅▄▇▅▃▇▄▅▆▅█▅
wandb:     train_loss █▃▂▁▁▁▁▁▁▁▁▁▁▁▁▁▁▁▁▁▁▁▁▁▁▁▁▁▁▁▁▁▁▁▁▁▁▁▁▁
wandb:   val_accuracy ▃▆▃▄▃▅▄▃▄▅▄▃▃▄▅▁▆█▄▂▃▃▅▄▅▆▅▅▆▆▄▆▇▆▄▆▆▄▅▆
wandb:       val_loss █▄▂▂▁▁▁▁▁▁▁▁▁▁▁▁▁▁▁▁▁▁▁▁▁▁▁▁▁▁▁▁▁▁▁▁▁▁▁▁
wandb: 
wandb: Run summary:
wandb:           best_epoch 49
wandb:    best_val_accuracy 52.45098
wandb:        best_val_loss 0.7253
wandb: checkpoint_best_path artifacts/probes/int...
wandb: checkpoint_last_path artifacts/probes/int...
wandb:      checkpoint_path artifacts/probes/int...
wandb:              dataset intphys2
wandb:      elapsed_seconds 2.34306
wandb:                epoch 50
wandb:    feature_signature b6519b564d05bc63
wandb:                  +22 ...
wandb: 
wandb: 🚀 View run intphys2_linear_videomae_v2_vit_giant_16_224_layer_20/trial_0003 at: https://wandb.ai/caselli-niccolo-developer-university-of-amsterdam/probe4physics/runs/dnjn57ay
wandb: ⭐️ View project at: https://wandb.ai/caselli-niccolo-developer-university-of-amsterdam/probe4physics
wandb: Synced 5 W&B file(s), 0 media file(s), 0 artifact file(s) and 0 other file(s)
wandb: Find logs at: ./wandb/run-20260426_173038-dnjn57ay/logs
[I 2026-04-26 17:30:41,989] Trial 3 finished with value: 15.686274509803921 and parameters: {'lr': 8.200518402245828e-05, 'weight_decay': 3.855073690026179e-08, 'batch_size': 32, 'epochs': 50}. Best is trial 0 with value: 37.254901960784316.
wandb: setting up run 4fxz8zkb
wandb: Tracking run with wandb version 0.26.1
wandb: Run data is saved locally in /gpfs/home3/scur0511/Probe4Physics/wandb/run-20260426_173042-4fxz8zkb
wandb: Run `wandb offline` to turn off syncing.
wandb: Syncing run intphys2_linear_videomae_v2_vit_giant_16_224_layer_20/trial_0004
wandb: ⭐️ View project at https://wandb.ai/caselli-niccolo-developer-university-of-amsterdam/probe4physics
wandb: 🚀 View run at https://wandb.ai/caselli-niccolo-developer-university-of-amsterdam/probe4physics/runs/4fxz8zkb
[eval.intphys2] Starting eval | split_name=val split_dir=data/splits/intphys2 predictor_mode=from_file metadata_file=data/annotations/intphys2_metadata.csv
[eval.intphys2] Loaded split assignments | split_scenes=51 split_samples=204
[eval.intphys2] Generated predictions | n_predictions=204
[eval.intphys2] Scoring complete | accuracy=54.9020 voe_accuracy=29.4118 n_scenes=51 n_samples=204
[eval.intphys2] Artifacts written | output_dir=artifacts/probes/intphys2/intphys2_probe_linear_videomae_v2_vit_giant_16_224_20260426T152148Z/layer_20/train/trial_0004/val_eval
wandb: updating run metadata
wandb: uploading wandb-summary.json; uploading config.yaml; uploading wandb-metadata.json; uploading requirements.txt; uploading output.log
wandb: uploading wandb-summary.json; uploading wandb-metadata.json; uploading output.log
wandb: 
wandb: Run history:
wandb:          epoch ▁▁▁▁▂▂▂▂▂▃▃▃▃▃▃▄▄▄▄▄▅▅▅▅▅▅▆▆▆▆▆▇▇▇▇▇▇███
wandb: train_accuracy ▁▆▃▅▄▃▃▅▃▃▃▅▄▃▄▅▇▃▇▆▅▇▅▆█▅▇█▇▄▃▆▆▅▇▆▆▄▅▇
wandb:     train_loss █▂▁▁▁▁▁▁▁▁▁▁▁▂▂▁▁▁▁▁▁▁▁▁▁▁▁▁▁▁▂▁▁▁▁▁▁▂▁▁
wandb:   val_accuracy ▃▃▁▄▃▄▂▂▆▄▆▃▄▃▂▃▆▃▇▆▅▃▂▃▅▄▆█▇▅▇▅▆▇▄▇▇▃▃▂
wandb:       val_loss ▅▄▄▆▆▂▃▂▂▃▂▂▄▅▃▆▃▂▃▂▃█▁▁▅▃▅▂▁▁▂▃▂▂▁▁▁▁▅▆
wandb: 
wandb: Run summary:
wandb:           best_epoch 35
wandb:    best_val_accuracy 54.90196
wandb:        best_val_loss 0.70107
wandb: checkpoint_best_path artifacts/probes/int...
wandb: checkpoint_last_path artifacts/probes/int...
wandb:      checkpoint_path artifacts/probes/int...
wandb:              dataset intphys2
wandb:      elapsed_seconds 2.50564
wandb:                epoch 50
wandb:    feature_signature b6519b564d05bc63
wandb:                  +22 ...
wandb: 
wandb: 🚀 View run intphys2_linear_videomae_v2_vit_giant_16_224_layer_20/trial_0004 at: https://wandb.ai/caselli-niccolo-developer-university-of-amsterdam/probe4physics/runs/4fxz8zkb
wandb: ⭐️ View project at: https://wandb.ai/caselli-niccolo-developer-university-of-amsterdam/probe4physics
wandb: Synced 5 W&B file(s), 0 media file(s), 0 artifact file(s) and 0 other file(s)
wandb: Find logs at: ./wandb/run-20260426_173042-4fxz8zkb/logs
[I 2026-04-26 17:30:45,936] Trial 4 finished with value: 29.411764705882355 and parameters: {'lr': 0.00043664735929796326, 'weight_decay': 1.2856617791467908e-07, 'batch_size': 32, 'epochs': 50}. Best is trial 0 with value: 37.254901960784316.
wandb: setting up run r1tz9nw1
wandb: Tracking run with wandb version 0.26.1
wandb: Run data is saved locally in /gpfs/home3/scur0511/Probe4Physics/wandb/run-20260426_173046-r1tz9nw1
wandb: Run `wandb offline` to turn off syncing.
wandb: Syncing run intphys2_linear_videomae_v2_vit_giant_16_224_layer_20/trial_0005
wandb: ⭐️ View project at https://wandb.ai/caselli-niccolo-developer-university-of-amsterdam/probe4physics
wandb: 🚀 View run at https://wandb.ai/caselli-niccolo-developer-university-of-amsterdam/probe4physics/runs/r1tz9nw1
wandb: updating run metadata
wandb: uploading wandb-metadata.json; uploading requirements.txt; uploading wandb-summary.json; uploading config.yaml
wandb: 
wandb: Run history:
wandb:          epoch ▁▁▁▂▂▂▂▂▂▃▃▄▄▄▄▄▄▅▅▅▅▅▅▅▅▆▆▆▆▆▆▆▆▇▇▇████
wandb: train_accuracy ▂▂▁▃▃▃▂▄▅▃▄▄▅▄▂▃▃▃▄▄▆▃▂▆▃▆▅▃▂▇▆▇▁▆▇▇▃▃▄█
wandb:     train_loss █▂▁▁▁▁▁▁▁▁▁▁▁▁▁▁▁▁▁▁▁▁▁▁▁▁▁▁▁▁▁▁▁▁▁▁▁▁▁▁
wandb:   val_accuracy ▄▅▆▆▅▃▅▃▁▄▆▇█▄▅▅▇█▇▅▆▃▄█▄▃▆▇▇▇▆▆▄▇▆▆▆▇▆▇
wandb:       val_loss █▂▂▂▂▂▁▁▁▂▂▁▁▁▁▂▂▁▁▁▂▁▁▂▂▁▁▁▁▁▂▁▁▂▁▁▁▁▁▁
wandb: 
wandb: Run summary:
wandb:          epoch 110
wandb: train_accuracy 55.13245
wandb:     train_loss 0.67913
wandb:   val_accuracy 53.92157
wandb:       val_loss 0.69789
wandb: 
wandb: 🚀 View run intphys2_linear_videomae_v2_vit_giant_16_224_layer_20/trial_0005 at: https://wandb.ai/caselli-niccolo-developer-university-of-amsterdam/probe4physics/runs/r1tz9nw1
wandb: ⭐️ View project at: https://wandb.ai/caselli-niccolo-developer-university-of-amsterdam/probe4physics
wandb: Synced 4 W&B file(s), 0 media file(s), 0 artifact file(s) and 0 other file(s)
wandb: Find logs at: ./wandb/run-20260426_173046-r1tz9nw1/logs
[I 2026-04-26 17:30:51,046] Trial 5 pruned. Pruned at epoch 110 with val_accuracy=53.9216
wandb: setting up run vaymig7r
wandb: Tracking run with wandb version 0.26.1
wandb: Run data is saved locally in /gpfs/home3/scur0511/Probe4Physics/wandb/run-20260426_173051-vaymig7r
wandb: Run `wandb offline` to turn off syncing.
wandb: Syncing run intphys2_linear_videomae_v2_vit_giant_16_224_layer_20/trial_0006
wandb: ⭐️ View project at https://wandb.ai/caselli-niccolo-developer-university-of-amsterdam/probe4physics
wandb: 🚀 View run at https://wandb.ai/caselli-niccolo-developer-university-of-amsterdam/probe4physics/runs/vaymig7r
[eval.intphys2] Starting eval | split_name=val split_dir=data/splits/intphys2 predictor_mode=from_file metadata_file=data/annotations/intphys2_metadata.csv
[eval.intphys2] Loaded split assignments | split_scenes=51 split_samples=204
[eval.intphys2] Generated predictions | n_predictions=204
[eval.intphys2] Scoring complete | accuracy=51.9608 voe_accuracy=17.6471 n_scenes=51 n_samples=204
[eval.intphys2] Artifacts written | output_dir=artifacts/probes/intphys2/intphys2_probe_linear_videomae_v2_vit_giant_16_224_20260426T152148Z/layer_20/train/trial_0006/val_eval
wandb: updating run metadata
wandb: uploading wandb-metadata.json; uploading requirements.txt; uploading output.log; uploading wandb-summary.json; uploading config.yaml
wandb: 
wandb: Run history:
wandb:          epoch ▁▁▁▁▁▂▂▂▂▂▃▃▃▃▃▄▄▄▄▄▄▄▅▅▅▅▅▅▆▆▆▆▇▇▇▇▇███
wandb: train_accuracy ▄▄▃▅▄▁▃▄▅▅▅▅██▅▅▅▅▆▆██▅▆▅▇▄▄▅▅▅▆▆▅▄▅▅▆▅▆
wandb:     train_loss █▆▅▄▄▃▂▂▂▂▂▂▂▁▁▁▁▁▁▁▁▁▁▁▁▁▁▁▁▁▁▁▁▁▁▁▁▁▁▁
wandb:   val_accuracy ▄▄▄▄▃▄▄▁▃▄▃▄▆█▆███▆▄▄▄▄▃▁▃▄▄▃▆▄▃▃▃█▆▆▃▆▆
wandb:       val_loss ██▆▆▅▄▄▃▃▃▂▂▂▂▂▂▁▁▁▁▁▁▁▁▁▁▁▁▁▁▁▁▁▁▁▁▁▁▁▁
wandb: 
wandb: Run summary:
wandb:           best_epoch 37
wandb:    best_val_accuracy 51.96078
wandb:        best_val_loss 0.83903
wandb: checkpoint_best_path artifacts/probes/int...
wandb: checkpoint_last_path artifacts/probes/int...
wandb:      checkpoint_path artifacts/probes/int...
wandb:              dataset intphys2
wandb:      elapsed_seconds 2.92641
wandb:                epoch 100
wandb:    feature_signature b6519b564d05bc63
wandb:                  +22 ...
wandb: 
wandb: 🚀 View run intphys2_linear_videomae_v2_vit_giant_16_224_layer_20/trial_0006 at: https://wandb.ai/caselli-niccolo-developer-university-of-amsterdam/probe4physics/runs/vaymig7r
wandb: ⭐️ View project at: https://wandb.ai/caselli-niccolo-developer-university-of-amsterdam/probe4physics
wandb: Synced 5 W&B file(s), 0 media file(s), 0 artifact file(s) and 0 other file(s)
wandb: Find logs at: ./wandb/run-20260426_173051-vaymig7r/logs
[I 2026-04-26 17:30:54,998] Trial 6 finished with value: 17.647058823529413 and parameters: {'lr': 1.0388823104027935e-05, 'weight_decay': 0.0007812113973534924, 'batch_size': 128, 'epochs': 100}. Best is trial 0 with value: 37.254901960784316.
wandb: setting up run llgm1a87
wandb: Tracking run with wandb version 0.26.1
wandb: Run data is saved locally in /gpfs/home3/scur0511/Probe4Physics/wandb/run-20260426_173055-llgm1a87
wandb: Run `wandb offline` to turn off syncing.
wandb: Syncing run intphys2_linear_videomae_v2_vit_giant_16_224_layer_20/trial_0007
wandb: ⭐️ View project at https://wandb.ai/caselli-niccolo-developer-university-of-amsterdam/probe4physics
wandb: 🚀 View run at https://wandb.ai/caselli-niccolo-developer-university-of-amsterdam/probe4physics/runs/llgm1a87
wandb: updating run metadata
wandb: uploading wandb-summary.json; uploading config.yaml; uploading wandb-metadata.json; uploading requirements.txt
wandb: uploading wandb-metadata.json
wandb: 
wandb: Run history:
wandb:          epoch ▁▁▁▂▂▂▂▂▂▂▃▃▃▃▃▃▃▃▄▄▄▅▅▅▅▅▅▅▆▆▆▆▆▇▇▇▇▇▇█
wandb: train_accuracy ▃▃▁▂▄▃▄▄▃▂▂▃▃▃▃▃▂▃▄▄▄▄▅▅▅▅▅▅▅▄▅▄▄▆▅▅▅▅▅█
wandb:     train_loss █▂▂▁▁▁▁▁▁▁▁▁▁▁▁▁▁▁▁▁▁▁▁▁▁▁▁▁▁▁▁▁▁▁▁▁▁▁▁▁
wandb:   val_accuracy ▂▂▄▂▂▂▂▂▃▄▃▂▄▅▄▃▃▂▅▁▅▅▅▃▅▅▅▂▅▅▅▁▇█▇▂▇▄▅▇
wandb:       val_loss █▆▂▂▁▁▁▁▁▁▁▁▁▁▁▁▁▁▁▁▁▁▁▁▁▁▁▁▁▁▁▁▁▁▁▁▁▁▁▁
wandb: 
wandb: Run summary:
wandb:          epoch 110
wandb: train_accuracy 55.29801
wandb:     train_loss 0.68933
wandb:   val_accuracy 52.94118
wandb:       val_loss 0.69905
wandb: 
wandb: 🚀 View run intphys2_linear_videomae_v2_vit_giant_16_224_layer_20/trial_0007 at: https://wandb.ai/caselli-niccolo-developer-university-of-amsterdam/probe4physics/runs/llgm1a87
wandb: ⭐️ View project at: https://wandb.ai/caselli-niccolo-developer-university-of-amsterdam/probe4physics
wandb: Synced 4 W&B file(s), 0 media file(s), 0 artifact file(s) and 0 other file(s)
wandb: Find logs at: ./wandb/run-20260426_173055-llgm1a87/logs
[I 2026-04-26 17:30:59,552] Trial 7 pruned. Pruned at epoch 110 with val_accuracy=52.9412
wandb: setting up run ktwwny65
wandb: Tracking run with wandb version 0.26.1
wandb: Run data is saved locally in /gpfs/home3/scur0511/Probe4Physics/wandb/run-20260426_173059-ktwwny65
wandb: Run `wandb offline` to turn off syncing.
wandb: Syncing run intphys2_linear_videomae_v2_vit_giant_16_224_layer_20/trial_0008
wandb: ⭐️ View project at https://wandb.ai/caselli-niccolo-developer-university-of-amsterdam/probe4physics
wandb: 🚀 View run at https://wandb.ai/caselli-niccolo-developer-university-of-amsterdam/probe4physics/runs/ktwwny65
[eval.intphys2] Starting eval | split_name=val split_dir=data/splits/intphys2 predictor_mode=from_file metadata_file=data/annotations/intphys2_metadata.csv
[eval.intphys2] Loaded split assignments | split_scenes=51 split_samples=204
[eval.intphys2] Generated predictions | n_predictions=204
[eval.intphys2] Scoring complete | accuracy=52.4510 voe_accuracy=23.5294 n_scenes=51 n_samples=204
[eval.intphys2] Artifacts written | output_dir=artifacts/probes/intphys2/intphys2_probe_linear_videomae_v2_vit_giant_16_224_20260426T152148Z/layer_20/train/trial_0008/val_eval
wandb: updating run metadata
wandb: uploading wandb-metadata.json; uploading requirements.txt; uploading output.log; uploading wandb-summary.json; uploading config.yaml
wandb: uploading wandb-metadata.json
wandb: 
wandb: Run history:
wandb:          epoch ▁▁▂▂▂▂▂▂▃▃▃▄▄▄▄▄▄▄▄▅▅▅▅▅▅▆▆▆▆▆▆▆▇▇▇▇▇▇██
wandb: train_accuracy ▁▄▃▁▂▂▃▃▃▁▂▃▄▄▅▄▅▄▃▄▆▅▅▅▆▇▆▄▅▆▆▆▆▅▆▇▆▇█▇
wandb:     train_loss ▄█▂▂▂▁▁▁▁▁▁▁▁▁▁▁▁▁▁▁▁▁▁▁▁▁▁▁▁▁▁▁▁▁▁▁▁▁▁▁
wandb:   val_accuracy ▅▅▅▄▅▄▅▅▇▇▄▅▅▅▅▆▄▁▅▆▄▇▃▄▅▆▅▅▆▇▃▆▆▃▅█▅▇▅█
wandb:       val_loss █▇▃▂▁▁▁▁▁▁▁▁▁▁▁▁▁▁▁▁▁▁▁▁▁▁▁▁▁▁▁▁▁▁▁▁▁▁▁▁
wandb: 
wandb: Run summary:
wandb:           best_epoch 90
wandb:    best_val_accuracy 52.45098
wandb:        best_val_loss 0.70025
wandb: checkpoint_best_path artifacts/probes/int...
wandb: checkpoint_last_path artifacts/probes/int...
wandb:      checkpoint_path artifacts/probes/int...
wandb:              dataset intphys2
wandb:      elapsed_seconds 3.19181
wandb:                epoch 100
wandb:    feature_signature b6519b564d05bc63
wandb:                  +22 ...
wandb: 
wandb: 🚀 View run intphys2_linear_videomae_v2_vit_giant_16_224_layer_20/trial_0008 at: https://wandb.ai/caselli-niccolo-developer-university-of-amsterdam/probe4physics/runs/ktwwny65
wandb: ⭐️ View project at: https://wandb.ai/caselli-niccolo-developer-university-of-amsterdam/probe4physics
wandb: Synced 5 W&B file(s), 0 media file(s), 0 artifact file(s) and 0 other file(s)
wandb: Find logs at: ./wandb/run-20260426_173059-ktwwny65/logs
[I 2026-04-26 17:31:04,125] Trial 8 finished with value: 23.52941176470588 and parameters: {'lr': 0.0003699972431463808, 'weight_decay': 3.6749049453053196e-06, 'batch_size': 256, 'epochs': 100}. Best is trial 0 with value: 37.254901960784316.
wandb: setting up run pprd9dw4
wandb: Tracking run with wandb version 0.26.1
wandb: Run data is saved locally in /gpfs/home3/scur0511/Probe4Physics/wandb/run-20260426_173104-pprd9dw4
wandb: Run `wandb offline` to turn off syncing.
wandb: Syncing run intphys2_linear_videomae_v2_vit_giant_16_224_layer_20/trial_0009
wandb: ⭐️ View project at https://wandb.ai/caselli-niccolo-developer-university-of-amsterdam/probe4physics
wandb: 🚀 View run at https://wandb.ai/caselli-niccolo-developer-university-of-amsterdam/probe4physics/runs/pprd9dw4
wandb: updating run metadata
wandb: uploading wandb-summary.json; uploading config.yaml; uploading wandb-metadata.json; uploading requirements.txt
wandb: 
wandb: Run history:
wandb:          epoch ▁▁▁▁▁▂▂▂▂▂▂▂▃▃▃▄▄▄▄▅▅▅▅▅▆▆▆▆▆▆▇▇▇▇▇█████
wandb: train_accuracy ▄▄▅▄▆█▇▄▇▇▇▅█▆▅▇▅▄▆▃▆▅▂▅▄▅▄▃▁▃▂▂▅▇▇▆▆▇▇▆
wandb:     train_loss █▃▃▂▁▁▁▁▁▁▁▁▁▁▁▁▁▁▁▁▁▁▁▁▁▁▁▁▁▁▁▁▁▁▁▁▁▁▁▁
wandb:   val_accuracy ▄▄▁▂▃▁▂▂▂▂▁▂▂▅▄▆▄▅▅▄▆▅▇▆▆▅▆▆▇▇▅▆▄▅█▁▅▇▇▅
wandb:       val_loss █▆▃▂▁▁▁▁▁▁▁▁▁▁▁▁▁▁▁▁▁▁▁▁▁▁▁▁▁▁▁▁▁▁▁▁▁▁▁▁
wandb: 
wandb: Run summary:
wandb:          epoch 101
wandb: train_accuracy 50.49669
wandb:     train_loss 0.69886
wandb:   val_accuracy 50.4902
wandb:       val_loss 0.70874
wandb: 
wandb: 🚀 View run intphys2_linear_videomae_v2_vit_giant_16_224_layer_20/trial_0009 at: https://wandb.ai/caselli-niccolo-developer-university-of-amsterdam/probe4physics/runs/pprd9dw4
wandb: ⭐️ View project at: https://wandb.ai/caselli-niccolo-developer-university-of-amsterdam/probe4physics
wandb: Synced 4 W&B file(s), 0 media file(s), 0 artifact file(s) and 0 other file(s)
wandb: Find logs at: ./wandb/run-20260426_173104-pprd9dw4/logs
[I 2026-04-26 17:31:08,053] Trial 9 pruned. Pruned at epoch 101 with val_accuracy=50.4902
wandb: setting up run whnbpdkk
wandb: Tracking run with wandb version 0.26.1
wandb: Run data is saved locally in /gpfs/home3/scur0511/Probe4Physics/wandb/run-20260426_173108-whnbpdkk
wandb: Run `wandb offline` to turn off syncing.
wandb: Syncing run intphys2_linear_videomae_v2_vit_giant_16_224_layer_20/trial_0010
wandb: ⭐️ View project at https://wandb.ai/caselli-niccolo-developer-university-of-amsterdam/probe4physics
wandb: 🚀 View run at https://wandb.ai/caselli-niccolo-developer-university-of-amsterdam/probe4physics/runs/whnbpdkk
[eval.intphys2] Starting eval | split_name=val split_dir=data/splits/intphys2 predictor_mode=from_file metadata_file=data/annotations/intphys2_metadata.csv
[eval.intphys2] Loaded split assignments | split_scenes=51 split_samples=204
[eval.intphys2] Generated predictions | n_predictions=204
[eval.intphys2] Scoring complete | accuracy=64.7059 voe_accuracy=39.2157 n_scenes=51 n_samples=204
[eval.intphys2] Artifacts written | output_dir=artifacts/probes/intphys2/intphys2_probe_linear_videomae_v2_vit_giant_16_224_20260426T152148Z/layer_20/train/trial_0010/val_eval
wandb: updating run metadata
wandb: uploading output.log; uploading wandb-summary.json; uploading config.yaml
wandb: 
wandb: Run history:
wandb:          epoch ▁▁▁▁▂▂▃▃▃▃▄▄▄▄▄▄▄▄▅▅▅▅▅▅▆▆▆▆▆▇▇▇▇▇▇█████
wandb: train_accuracy ▂▁▃▃▂▅▄▃▄▆▆▆▅▅▇▆▆▅▆▇▇▄▇▇▇▆▇█▅█▇█▆▇███▇█▇
wandb:     train_loss ███▇▇▆▄▅▄▆▅▄▆▆▄▃▄▅▃▃▃▃▂▄▃▂▂▃▂▃▂▁▂▁▁▂▂▁▁▄
wandb:   val_accuracy ▁▃▃▃▄▅▄▅▆▅▆▃▄▄▅▅▅▆▅▆▄█▄▆▇▆▅▅▆▆▇▅▇▇▇▆▆▅▆▆
wandb:       val_loss ▁▁▁▁▁▂▂▄▃▃▃▃▃▄▃▄▄▄▄▄▄▅▅▅▆▅▅▅▅▅▅▅▆▆▆▇▆▆█▇
wandb: 
wandb: Run summary:
wandb:           best_epoch 626
wandb:    best_val_accuracy 64.70589
wandb:        best_val_loss 1.06846
wandb: checkpoint_best_path artifacts/probes/int...
wandb: checkpoint_last_path artifacts/probes/int...
wandb:      checkpoint_path artifacts/probes/int...
wandb:              dataset intphys2
wandb:      elapsed_seconds 101.98881
wandb:                epoch 2000
wandb:    feature_signature b6519b564d05bc63
wandb:                  +22 ...
wandb: 
wandb: 🚀 View run intphys2_linear_videomae_v2_vit_giant_16_224_layer_20/trial_0010 at: https://wandb.ai/caselli-niccolo-developer-university-of-amsterdam/probe4physics/runs/whnbpdkk
wandb: ⭐️ View project at: https://wandb.ai/caselli-niccolo-developer-university-of-amsterdam/probe4physics
wandb: Synced 5 W&B file(s), 0 media file(s), 0 artifact file(s) and 0 other file(s)
wandb: Find logs at: ./wandb/run-20260426_173108-whnbpdkk/logs
[I 2026-04-26 17:32:51,524] Trial 10 finished with value: 39.21568627450981 and parameters: {'lr': 0.002146403547714585, 'weight_decay': 0.003955232336089218, 'batch_size': 64, 'epochs': 2000}. Best is trial 10 with value: 39.21568627450981.
wandb: setting up run 4pmp35n9
wandb: Tracking run with wandb version 0.26.1
wandb: Run data is saved locally in /gpfs/home3/scur0511/Probe4Physics/wandb/run-20260426_173251-4pmp35n9
wandb: Run `wandb offline` to turn off syncing.
wandb: Syncing run intphys2_linear_videomae_v2_vit_giant_16_224_layer_20/trial_0011
wandb: ⭐️ View project at https://wandb.ai/caselli-niccolo-developer-university-of-amsterdam/probe4physics
wandb: 🚀 View run at https://wandb.ai/caselli-niccolo-developer-university-of-amsterdam/probe4physics/runs/4pmp35n9
[eval.intphys2] Starting eval | split_name=val split_dir=data/splits/intphys2 predictor_mode=from_file metadata_file=data/annotations/intphys2_metadata.csv
[eval.intphys2] Loaded split assignments | split_scenes=51 split_samples=204
[eval.intphys2] Generated predictions | n_predictions=204
[eval.intphys2] Scoring complete | accuracy=62.7451 voe_accuracy=39.2157 n_scenes=51 n_samples=204
[eval.intphys2] Artifacts written | output_dir=artifacts/probes/intphys2/intphys2_probe_linear_videomae_v2_vit_giant_16_224_20260426T152148Z/layer_20/train/trial_0011/val_eval
wandb: updating run metadata
wandb: uploading output.log; uploading wandb-summary.json; uploading config.yaml
wandb: 
wandb: Run history:
wandb:          epoch ▁▁▁▂▂▂▂▂▃▃▃▃▃▃▃▄▄▄▄▄▄▄▅▅▅▅▅▆▆▆▆▇▇▇▇█████
wandb: train_accuracy ▁▂▂▃▃▅▃▃▄▄▄▆▆▆▆▆▄▆▇██▇▅▇█▆▅▆█▇▆▇▅▇▇▇▅▇▇█
wandb:     train_loss ▇▇▇█▆▅▆▅▅▄▅▃▄▃▃▃▃▃▅▃▄▅▃▂▂▂▂▃▂▂▅▂▁▂▂▄▂▃▁▁
wandb:   val_accuracy ▂▂▁▅▄▄▅▅▄▂▁▆▆▄▅▆▇▂▃▂▆▄▆▆▇▅▅▄▂▃▅▄█▇▆▄▅▆▂▃
wandb:       val_loss ▁▁▁█▃▃▃▃▄▃▄▃▄▆▅▅▅▅▅▅▅▆▆▆▆▆▆▆▆▇▇▇▇▇▇▇▇███
wandb: 
wandb: Run summary:
wandb:           best_epoch 529
wandb:    best_val_accuracy 62.7451
wandb:        best_val_loss 1.20823
wandb: checkpoint_best_path artifacts/probes/int...
wandb: checkpoint_last_path artifacts/probes/int...
wandb:      checkpoint_path artifacts/probes/int...
wandb:              dataset intphys2
wandb:      elapsed_seconds 101.64519
wandb:                epoch 2000
wandb:    feature_signature b6519b564d05bc63
wandb:                  +22 ...
wandb: 
wandb: 🚀 View run intphys2_linear_videomae_v2_vit_giant_16_224_layer_20/trial_0011 at: https://wandb.ai/caselli-niccolo-developer-university-of-amsterdam/probe4physics/runs/4pmp35n9
wandb: ⭐️ View project at: https://wandb.ai/caselli-niccolo-developer-university-of-amsterdam/probe4physics
wandb: Synced 5 W&B file(s), 0 media file(s), 0 artifact file(s) and 0 other file(s)
wandb: Find logs at: ./wandb/run-20260426_173251-4pmp35n9/logs
[I 2026-04-26 17:34:35,121] Trial 11 finished with value: 39.21568627450981 and parameters: {'lr': 0.003314446871588109, 'weight_decay': 0.002792471643386217, 'batch_size': 64, 'epochs': 2000}. Best is trial 10 with value: 39.21568627450981.
wandb: setting up run dddc6bt3
wandb: Tracking run with wandb version 0.26.1
wandb: Run data is saved locally in /gpfs/home3/scur0511/Probe4Physics/wandb/run-20260426_173435-dddc6bt3
wandb: Run `wandb offline` to turn off syncing.
wandb: Syncing run intphys2_linear_videomae_v2_vit_giant_16_224_layer_20/trial_0012
wandb: ⭐️ View project at https://wandb.ai/caselli-niccolo-developer-university-of-amsterdam/probe4physics
wandb: 🚀 View run at https://wandb.ai/caselli-niccolo-developer-university-of-amsterdam/probe4physics/runs/dddc6bt3
[eval.intphys2] Starting eval | split_name=val split_dir=data/splits/intphys2 predictor_mode=from_file metadata_file=data/annotations/intphys2_metadata.csv
[eval.intphys2] Loaded split assignments | split_scenes=51 split_samples=204
[eval.intphys2] Generated predictions | n_predictions=204
[eval.intphys2] Scoring complete | accuracy=63.7255 voe_accuracy=45.0980 n_scenes=51 n_samples=204
[eval.intphys2] Artifacts written | output_dir=artifacts/probes/intphys2/intphys2_probe_linear_videomae_v2_vit_giant_16_224_20260426T152148Z/layer_20/train/trial_0012/val_eval
wandb: updating run metadata
wandb: uploading wandb-summary.json; uploading config.yaml; uploading output.log
wandb: 
wandb: Run history:
wandb:          epoch ▁▁▁▁▁▁▁▁▂▂▂▂▂▂▂▃▃▃▄▄▄▅▅▅▅▆▆▆▆▆▇▇▇▇▇▇▇███
wandb: train_accuracy ▁▃▂▂▁▄▂▆▂▄▅▄▅▄▅▃▆█▅▇▆▃▅▆▇▆▅▅▆█▇▆▆█▆▇▆▇▇█
wandb:     train_loss ▇▇▇▇▅▅▅▆▅▇▃▇▄▄▂▃▃▄▄▃▃▂▃█▃▃▄▂▁▂▁▃▂▂▂▂▁▃▃▁
wandb:   val_accuracy ▅▆▄▄▁▆▅▅▂▅▇▆▆▇▄▇▆▅▇▄▇▅▆▅▅▆▇█▅▆▇▅█▇▆█▇▇▇▇
wandb:       val_loss █▂▁▂▂▁▁▂▂▂▃▂▂▂▂▃▂▂▃▂▂▂▃▃▃▃▃▃▃▃▃▃▄▃▄▄▃▄▄▄
wandb: 
wandb: Run summary:
wandb:           best_epoch 1497
wandb:    best_val_accuracy 63.72549
wandb:        best_val_loss 2.53307
wandb: checkpoint_best_path artifacts/probes/int...
wandb: checkpoint_last_path artifacts/probes/int...
wandb:      checkpoint_path artifacts/probes/int...
wandb:              dataset intphys2
wandb:      elapsed_seconds 102.45206
wandb:                epoch 2000
wandb:    feature_signature b6519b564d05bc63
wandb:                  +22 ...
wandb: 
wandb: 🚀 View run intphys2_linear_videomae_v2_vit_giant_16_224_layer_20/trial_0012 at: https://wandb.ai/caselli-niccolo-developer-university-of-amsterdam/probe4physics/runs/dddc6bt3
wandb: ⭐️ View project at: https://wandb.ai/caselli-niccolo-developer-university-of-amsterdam/probe4physics
wandb: Synced 5 W&B file(s), 0 media file(s), 0 artifact file(s) and 0 other file(s)
wandb: Find logs at: ./wandb/run-20260426_173435-dddc6bt3/logs
[I 2026-04-26 17:36:19,379] Trial 12 finished with value: 45.09803921568628 and parameters: {'lr': 0.007804961511044013, 'weight_decay': 7.2824316925744e-05, 'batch_size': 64, 'epochs': 2000}. Best is trial 12 with value: 45.09803921568628.
wandb: setting up run bov83uat
wandb: Tracking run with wandb version 0.26.1
wandb: Run data is saved locally in /gpfs/home3/scur0511/Probe4Physics/wandb/run-20260426_173619-bov83uat
wandb: Run `wandb offline` to turn off syncing.
wandb: Syncing run intphys2_linear_videomae_v2_vit_giant_16_224_layer_20/trial_0013
wandb: ⭐️ View project at https://wandb.ai/caselli-niccolo-developer-university-of-amsterdam/probe4physics
wandb: 🚀 View run at https://wandb.ai/caselli-niccolo-developer-university-of-amsterdam/probe4physics/runs/bov83uat
[eval.intphys2] Starting eval | split_name=val split_dir=data/splits/intphys2 predictor_mode=from_file metadata_file=data/annotations/intphys2_metadata.csv
[eval.intphys2] Loaded split assignments | split_scenes=51 split_samples=204
[eval.intphys2] Generated predictions | n_predictions=204
[eval.intphys2] Scoring complete | accuracy=52.9412 voe_accuracy=33.3333 n_scenes=51 n_samples=204
[eval.intphys2] Artifacts written | output_dir=artifacts/probes/intphys2/intphys2_probe_linear_videomae_v2_vit_giant_16_224_20260426T152148Z/layer_20/train/trial_0013/val_eval
wandb: updating run metadata
wandb: uploading output.log; uploading wandb-summary.json; uploading config.yaml; uploading wandb-metadata.json; uploading requirements.txt
wandb: 
wandb: Run history:
wandb:          epoch ▁▁▂▂▂▃▃▄▄▄▅▅▅▆▆▇▇▇██
wandb: train_accuracy ▅▅▃▄▄▆▆▇▆▁▄▃▃▆▅█▅▇▆▄
wandb:     train_loss █▄▃▂▁▁▁▁▁▂▁▁▁▁▁▁▁▁▁▁
wandb:   val_accuracy ▃▃▁▃▄▄▃▃▃▃█▆█▃▄▇▆▅▆▆
wandb:       val_loss █▂▂▂▁▁▁▁▂▁▁▁▁▁▁▁▁▁▁▂
wandb: 
wandb: Run summary:
wandb:           best_epoch 11
wandb:    best_val_accuracy 52.94118
wandb:        best_val_loss 0.74215
wandb: checkpoint_best_path artifacts/probes/int...
wandb: checkpoint_last_path artifacts/probes/int...
wandb:      checkpoint_path artifacts/probes/int...
wandb:              dataset intphys2
wandb:      elapsed_seconds 1.56859
wandb:                epoch 20
wandb:    feature_signature b6519b564d05bc63
wandb:                  +22 ...
wandb: 
wandb: 🚀 View run intphys2_linear_videomae_v2_vit_giant_16_224_layer_20/trial_0013 at: https://wandb.ai/caselli-niccolo-developer-university-of-amsterdam/probe4physics/runs/bov83uat
wandb: ⭐️ View project at: https://wandb.ai/caselli-niccolo-developer-university-of-amsterdam/probe4physics
wandb: Synced 5 W&B file(s), 0 media file(s), 0 artifact file(s) and 0 other file(s)
wandb: Find logs at: ./wandb/run-20260426_173619-bov83uat/logs
[I 2026-04-26 17:36:22,144] Trial 13 finished with value: 33.33333333333333 and parameters: {'lr': 0.008256167173243876, 'weight_decay': 5.878657673432002e-05, 'batch_size': 64, 'epochs': 20}. Best is trial 12 with value: 45.09803921568628.
wandb: setting up run 8546uqto
wandb: Tracking run with wandb version 0.26.1
wandb: Run data is saved locally in /gpfs/home3/scur0511/Probe4Physics/wandb/run-20260426_173622-8546uqto
wandb: Run `wandb offline` to turn off syncing.
wandb: Syncing run intphys2_linear_videomae_v2_vit_giant_16_224_layer_20/trial_0014
wandb: ⭐️ View project at https://wandb.ai/caselli-niccolo-developer-university-of-amsterdam/probe4physics
wandb: 🚀 View run at https://wandb.ai/caselli-niccolo-developer-university-of-amsterdam/probe4physics/runs/8546uqto
[eval.intphys2] Starting eval | split_name=val split_dir=data/splits/intphys2 predictor_mode=from_file metadata_file=data/annotations/intphys2_metadata.csv
[eval.intphys2] Loaded split assignments | split_scenes=51 split_samples=204
[eval.intphys2] Generated predictions | n_predictions=204
[eval.intphys2] Scoring complete | accuracy=63.2353 voe_accuracy=33.3333 n_scenes=51 n_samples=204
[eval.intphys2] Artifacts written | output_dir=artifacts/probes/intphys2/intphys2_probe_linear_videomae_v2_vit_giant_16_224_20260426T152148Z/layer_20/train/trial_0014/val_eval
wandb: updating run metadata
wandb: uploading output.log; uploading wandb-summary.json; uploading config.yaml
wandb: 
wandb: Run history:
wandb:          epoch ▁▂▂▂▂▃▃▃▃▃▃▄▄▄▄▅▅▅▅▆▆▆▆▆▆▆▆▇▇▇▇▇████████
wandb: train_accuracy ▁▃▃▄▄▄▃▆▄▆▅▆▄▆▄▅▅▆▅▆▅▇▅▇▆▅▇▆▇▇▇█▇█▇▇███▇
wandb:     train_loss ▇█▇▇▆▅▆▆▅▅▆▄▃▅▃▃▃▂▃▂▂▃▂▂▂▃▃▃▂▂▂▂▂▁▂▁▃▁▁▁
wandb:   val_accuracy ▄▂▁▆▅▂▃▅▄▂▃▇▆▆▇▇▇▃▄▇█▇█▇▃█▄▅▇▇▅▇▃▇▇▄▇▇▇▆
wandb:       val_loss ▂▁▁▁▁▁▁▂▂▂▂▃▃▃▅▄▄▅▅▄▅▅▅▅▅▅▆▆▆▆▆▆▇▇▇▇█▇██
wandb: 
wandb: Run summary:
wandb:           best_epoch 225
wandb:    best_val_accuracy 63.23529
wandb:        best_val_loss 0.74807
wandb: checkpoint_best_path artifacts/probes/int...
wandb: checkpoint_last_path artifacts/probes/int...
wandb:      checkpoint_path artifacts/probes/int...
wandb:              dataset intphys2
wandb:      elapsed_seconds 101.54277
wandb:                epoch 2000
wandb:    feature_signature b6519b564d05bc63
wandb:                  +22 ...
wandb: 
wandb: 🚀 View run intphys2_linear_videomae_v2_vit_giant_16_224_layer_20/trial_0014 at: https://wandb.ai/caselli-niccolo-developer-university-of-amsterdam/probe4physics/runs/8546uqto
wandb: ⭐️ View project at: https://wandb.ai/caselli-niccolo-developer-university-of-amsterdam/probe4physics
wandb: Synced 5 W&B file(s), 0 media file(s), 0 artifact file(s) and 0 other file(s)
wandb: Find logs at: ./wandb/run-20260426_173622-8546uqto/logs
[I 2026-04-26 17:38:05,093] Trial 14 finished with value: 33.33333333333333 and parameters: {'lr': 0.0011740085777673128, 'weight_decay': 4.587792444739836e-05, 'batch_size': 64, 'epochs': 2000}. Best is trial 12 with value: 45.09803921568628.
wandb: setting up run n1d2wdw4
wandb: Tracking run with wandb version 0.26.1
wandb: Run data is saved locally in /gpfs/home3/scur0511/Probe4Physics/wandb/run-20260426_173805-n1d2wdw4
wandb: Run `wandb offline` to turn off syncing.
wandb: Syncing run intphys2_linear_videomae_v2_vit_giant_16_224_layer_20/trial_0015
wandb: ⭐️ View project at https://wandb.ai/caselli-niccolo-developer-university-of-amsterdam/probe4physics
wandb: 🚀 View run at https://wandb.ai/caselli-niccolo-developer-university-of-amsterdam/probe4physics/runs/n1d2wdw4
[eval.intphys2] Starting eval | split_name=val split_dir=data/splits/intphys2 predictor_mode=from_file metadata_file=data/annotations/intphys2_metadata.csv
[eval.intphys2] Loaded split assignments | split_scenes=51 split_samples=204
[eval.intphys2] Generated predictions | n_predictions=204
[eval.intphys2] Scoring complete | accuracy=63.7255 voe_accuracy=45.0980 n_scenes=51 n_samples=204
[eval.intphys2] Artifacts written | output_dir=artifacts/probes/intphys2/intphys2_probe_linear_videomae_v2_vit_giant_16_224_20260426T152148Z/layer_20/train/trial_0015/val_eval
wandb: updating run metadata
wandb: uploading output.log; uploading wandb-summary.json; uploading config.yaml
wandb: 
wandb: Run history:
wandb:          epoch ▁▁▁▁▁▂▂▂▃▃▃▃▄▄▄▄▄▄▄▄▄▅▅▅▅▆▆▆▆▆▇▇▇▇▇▇████
wandb: train_accuracy ▁▁▂▂▃▂▄▅▅▄▅▅▅▅▆▅▅▆▅▄▄▄▇▆▆▆▅▆▆▃▆█▇▆▇▇▇█▇█
wandb:     train_loss ▇▇▇▇▅█▅▅▃▄▃▃▄▅▃▃▃▃▂▄▃▂▂▃▂▂▄▂▅▃▃▅▆▂▂▂▅▂▃▁
wandb:   val_accuracy ▃▁▃▅▅▆▆▃▃▆▄▄▆▇▅▄▃▆▆▆▆▄▄▆▇▆▅▇█▆▄█▆▃▇▇▇█▆█
wandb:       val_loss ▃▁▃▃▁▂▃▄▃▃▄▄▃▅▄▃▄▄▅▅▅▇▆▅▅▅▅▅▆▅▆█▇▇▇▇▇▇▇▇
wandb: 
wandb: Run summary:
wandb:           best_epoch 1497
wandb:    best_val_accuracy 63.72549
wandb:        best_val_loss 2.5274
wandb: checkpoint_best_path artifacts/probes/int...
wandb: checkpoint_last_path artifacts/probes/int...
wandb:      checkpoint_path artifacts/probes/int...
wandb:              dataset intphys2
wandb:      elapsed_seconds 101.92954
wandb:                epoch 2000
wandb:    feature_signature b6519b564d05bc63
wandb:                  +22 ...
wandb: 
wandb: 🚀 View run intphys2_linear_videomae_v2_vit_giant_16_224_layer_20/trial_0015 at: https://wandb.ai/caselli-niccolo-developer-university-of-amsterdam/probe4physics/runs/n1d2wdw4
wandb: ⭐️ View project at: https://wandb.ai/caselli-niccolo-developer-university-of-amsterdam/probe4physics
wandb: Synced 5 W&B file(s), 0 media file(s), 0 artifact file(s) and 0 other file(s)
wandb: Find logs at: ./wandb/run-20260426_173805-n1d2wdw4/logs
[I 2026-04-26 17:39:48,606] Trial 15 finished with value: 45.09803921568628 and parameters: {'lr': 0.007811452889188655, 'weight_decay': 0.0001371575145876111, 'batch_size': 64, 'epochs': 2000}. Best is trial 12 with value: 45.09803921568628.
wandb: setting up run jrovmkqz
wandb: Tracking run with wandb version 0.26.1
wandb: Run data is saved locally in /gpfs/home3/scur0511/Probe4Physics/wandb/run-20260426_173948-jrovmkqz
wandb: Run `wandb offline` to turn off syncing.
wandb: Syncing run intphys2_linear_videomae_v2_vit_giant_16_224_layer_20/trial_0016
wandb: ⭐️ View project at https://wandb.ai/caselli-niccolo-developer-university-of-amsterdam/probe4physics
wandb: 🚀 View run at https://wandb.ai/caselli-niccolo-developer-university-of-amsterdam/probe4physics/runs/jrovmkqz
[eval.intphys2] Starting eval | split_name=val split_dir=data/splits/intphys2 predictor_mode=from_file metadata_file=data/annotations/intphys2_metadata.csv
[eval.intphys2] Loaded split assignments | split_scenes=51 split_samples=204
[eval.intphys2] Generated predictions | n_predictions=204
[eval.intphys2] Scoring complete | accuracy=63.7255 voe_accuracy=47.0588 n_scenes=51 n_samples=204
[eval.intphys2] Artifacts written | output_dir=artifacts/probes/intphys2/intphys2_probe_linear_videomae_v2_vit_giant_16_224_20260426T152148Z/layer_20/train/trial_0016/val_eval
wandb: updating run metadata
wandb: uploading output.log; uploading wandb-summary.json; uploading config.yaml
wandb: 
wandb: Run history:
wandb:          epoch ▁▁▁▂▂▃▃▃▃▃▃▄▄▄▄▄▄▄▅▅▅▆▆▆▆▆▆▇▇▇▇▇▇▇▇█████
wandb: train_accuracy ▁▁▂▂▃▄▄▂▄▄▅▅▁▄▆▄▅▅▇▅▅▅▅▄▇▅▆▇██▇▆▇▇▆▇▆▆▇▆
wandb:     train_loss ▆▅▅▆█▅▄▅▄▆▆▃▃▄▅█▃▅▆▅▃▂▃▄▆▂▃▄▃▃▃▂▂▁▂▂▂▁▂▁
wandb:   val_accuracy ▁▄▂▂▂▄▅▇▇▆▆▃▆█▄▇▂▅▆▆█▆▇▄▄▆▆▆▄▇▄▅▆▇█▇▂███
wandb:       val_loss ▁▁▂▁▁▅▃▃▃▂▃▃▂▃▅▃▄▃▃▄▄▅▆▄▅▆▅▅▅▅▅▆█▇▆▆▆▆▆▆
wandb: 
wandb: Run summary:
wandb:           best_epoch 1997
wandb:    best_val_accuracy 63.72549
wandb:        best_val_loss 3.26754
wandb: checkpoint_best_path artifacts/probes/int...
wandb: checkpoint_last_path artifacts/probes/int...
wandb:      checkpoint_path artifacts/probes/int...
wandb:              dataset intphys2
wandb:      elapsed_seconds 101.5654
wandb:                epoch 2000
wandb:    feature_signature b6519b564d05bc63
wandb:                  +22 ...
wandb: 
wandb: 🚀 View run intphys2_linear_videomae_v2_vit_giant_16_224_layer_20/trial_0016 at: https://wandb.ai/caselli-niccolo-developer-university-of-amsterdam/probe4physics/runs/jrovmkqz
wandb: ⭐️ View project at: https://wandb.ai/caselli-niccolo-developer-university-of-amsterdam/probe4physics
wandb: Synced 5 W&B file(s), 0 media file(s), 0 artifact file(s) and 0 other file(s)
wandb: Find logs at: ./wandb/run-20260426_173948-jrovmkqz/logs
[I 2026-04-26 17:41:31,894] Trial 16 finished with value: 47.05882352941176 and parameters: {'lr': 0.009376303675905204, 'weight_decay': 3.0267441672616737e-05, 'batch_size': 64, 'epochs': 2000}. Best is trial 16 with value: 47.05882352941176.
wandb: setting up run pg3cbavj
wandb: Tracking run with wandb version 0.26.1
wandb: Run data is saved locally in /gpfs/home3/scur0511/Probe4Physics/wandb/run-20260426_174132-pg3cbavj
wandb: Run `wandb offline` to turn off syncing.
wandb: Syncing run intphys2_linear_videomae_v2_vit_giant_16_224_layer_20/trial_0017
wandb: ⭐️ View project at https://wandb.ai/caselli-niccolo-developer-university-of-amsterdam/probe4physics
wandb: 🚀 View run at https://wandb.ai/caselli-niccolo-developer-university-of-amsterdam/probe4physics/runs/pg3cbavj
[eval.intphys2] Starting eval | split_name=val split_dir=data/splits/intphys2 predictor_mode=from_file metadata_file=data/annotations/intphys2_metadata.csv
[eval.intphys2] Loaded split assignments | split_scenes=51 split_samples=204
[eval.intphys2] Generated predictions | n_predictions=204
[eval.intphys2] Scoring complete | accuracy=51.9608 voe_accuracy=23.5294 n_scenes=51 n_samples=204
[eval.intphys2] Artifacts written | output_dir=artifacts/probes/intphys2/intphys2_probe_linear_videomae_v2_vit_giant_16_224_20260426T152148Z/layer_20/train/trial_0017/val_eval
wandb: updating run metadata
wandb: uploading output.log; uploading wandb-summary.json; uploading config.yaml; uploading wandb-metadata.json; uploading requirements.txt
wandb: 
wandb: Run history:
wandb:          epoch ▁▁▂▂▂▃▃▄▄▄▅▅▅▆▆▇▇▇██
wandb: train_accuracy ▅▂▂▅▃▂▃▅▅▂▄▁▄▅▅▃▆▃▇█
wandb:     train_loss █▄▃▁▁▁▁▁▁▁▁▁▁▁▁▁▁▁▁▁
wandb:   val_accuracy ▃▁▇▆▃▅▇▅▇▆▃▃█▅▆▁▁▃▇▂
wandb:       val_loss █▄▂▁▁▁▁▁▁▁▁▁▁▁▁▁▁▁▂▂
wandb: 
wandb: Run summary:
wandb:           best_epoch 13
wandb:    best_val_accuracy 51.96078
wandb:        best_val_loss 0.72052
wandb: checkpoint_best_path artifacts/probes/int...
wandb: checkpoint_last_path artifacts/probes/int...
wandb:      checkpoint_path artifacts/probes/int...
wandb:              dataset intphys2
wandb:      elapsed_seconds 1.56551
wandb:                epoch 20
wandb:    feature_signature b6519b564d05bc63
wandb:                  +22 ...
wandb: 
wandb: 🚀 View run intphys2_linear_videomae_v2_vit_giant_16_224_layer_20/trial_0017 at: https://wandb.ai/caselli-niccolo-developer-university-of-amsterdam/probe4physics/runs/pg3cbavj
wandb: ⭐️ View project at: https://wandb.ai/caselli-niccolo-developer-university-of-amsterdam/probe4physics
wandb: Synced 5 W&B file(s), 0 media file(s), 0 artifact file(s) and 0 other file(s)
wandb: Find logs at: ./wandb/run-20260426_174132-pg3cbavj/logs
[I 2026-04-26 17:41:34,448] Trial 17 finished with value: 23.52941176470588 and parameters: {'lr': 0.0009574173451997196, 'weight_decay': 1.0519090774627261e-05, 'batch_size': 64, 'epochs': 20}. Best is trial 16 with value: 47.05882352941176.
wandb: setting up run wqwe2myf
wandb: Tracking run with wandb version 0.26.1
wandb: Run data is saved locally in /gpfs/home3/scur0511/Probe4Physics/wandb/run-20260426_174134-wqwe2myf
wandb: Run `wandb offline` to turn off syncing.
wandb: Syncing run intphys2_linear_videomae_v2_vit_giant_16_224_layer_20/trial_0018
wandb: ⭐️ View project at https://wandb.ai/caselli-niccolo-developer-university-of-amsterdam/probe4physics
wandb: 🚀 View run at https://wandb.ai/caselli-niccolo-developer-university-of-amsterdam/probe4physics/runs/wqwe2myf
wandb: updating run metadata
wandb: uploading wandb-metadata.json; uploading requirements.txt; uploading wandb-summary.json; uploading config.yaml
wandb: uploading history steps 0-140, summary
wandb: 
wandb: Run history:
wandb:          epoch ▁▁▂▂▂▂▂▂▃▃▃▃▃▃▃▄▄▄▄▄▄▅▅▅▅▅▅▅▆▆▆▇▇▇▇▇▇▇██
wandb: train_accuracy ▂▂▄▂▂▃▂▃▄▅▁▃▅▅▅▂▂▆▃▃▄▃▇▄▃▆▅▆▄▅▄▇▇▇▆▆▆█▇▇
wandb:     train_loss ▆▂▃▃▂▁▃▂▁▂▂▂▂▁▂▄▁▁▂▂▂▂▃▃▂▂▂▃▃▂▄▆▁▂▁▁█▁▁▂
wandb:   val_accuracy ▁▁▁▁▂▁▃▂▁▃▅▅▂▂▄▃▅▂▃▅▇▆▄▅▆█▆▂▆▄▁▅▆▄▆▃▇▅▄█
wandb:       val_loss █▃▁▂▁▁▁▁▁▁▁▃▁▂▂▁▁▁▁▂▁▁▂▁▁▂▃▂▂▂▂▁▄▃▂▁▂▂▁▁
wandb: 
wandb: Run summary:
wandb:          epoch 141
wandb: train_accuracy 59.76821
wandb:     train_loss 0.75022
wandb:   val_accuracy 56.86275
wandb:       val_loss 1.04816
wandb: 
wandb: 🚀 View run intphys2_linear_videomae_v2_vit_giant_16_224_layer_20/trial_0018 at: https://wandb.ai/caselli-niccolo-developer-university-of-amsterdam/probe4physics/runs/wqwe2myf
wandb: ⭐️ View project at: https://wandb.ai/caselli-niccolo-developer-university-of-amsterdam/probe4physics
wandb: Synced 4 W&B file(s), 0 media file(s), 0 artifact file(s) and 0 other file(s)
wandb: Find logs at: ./wandb/run-20260426_174134-wqwe2myf/logs
[I 2026-04-26 17:41:39,918] Trial 18 pruned. Pruned at epoch 141 with val_accuracy=56.8627
wandb: setting up run c3900uip
wandb: Tracking run with wandb version 0.26.1
wandb: Run data is saved locally in /gpfs/home3/scur0511/Probe4Physics/wandb/run-20260426_174140-c3900uip
wandb: Run `wandb offline` to turn off syncing.
wandb: Syncing run intphys2_linear_videomae_v2_vit_giant_16_224_layer_20/trial_0019
wandb: ⭐️ View project at https://wandb.ai/caselli-niccolo-developer-university-of-amsterdam/probe4physics
wandb: 🚀 View run at https://wandb.ai/caselli-niccolo-developer-university-of-amsterdam/probe4physics/runs/c3900uip
[eval.intphys2] Starting eval | split_name=val split_dir=data/splits/intphys2 predictor_mode=from_file metadata_file=data/annotations/intphys2_metadata.csv
[eval.intphys2] Loaded split assignments | split_scenes=51 split_samples=204
[eval.intphys2] Generated predictions | n_predictions=204
[eval.intphys2] Scoring complete | accuracy=64.7059 voe_accuracy=41.1765 n_scenes=51 n_samples=204
[eval.intphys2] Artifacts written | output_dir=artifacts/probes/intphys2/intphys2_probe_linear_videomae_v2_vit_giant_16_224_20260426T152148Z/layer_20/train/trial_0019/val_eval
wandb: updating run metadata
wandb: uploading history steps 1869-1999, summary, console lines 0-4
wandb: 
wandb: Run history:
wandb:          epoch ▁▁▁▂▂▂▂▂▂▂▃▃▃▄▄▄▄▄▄▄▅▅▅▅▅▅▅▅▆▆▆▆▆▇▇█████
wandb: train_accuracy ▁▂▃▃▂▄▄▅▅▄▆▅▅▅▆▅▅▅▆▇▇▇▇▆▇▅▇▆▇▇▇▆▇▆▇█▆██▇
wandb:     train_loss ▇█▇▆▆▆▆▆▅▆▅▅▅▅▄▄▄▄▃▃▃▃▃▃▃▂▂▂▂▂▂▂▂▂▁▁▂▂▁▂
wandb:   val_accuracy ▁▁▅▄▃▅▆▇▄▇▅▄▆▅▃▃▇▆▄▇▄▄▆▂▇█▇▇▇▇▇▆▇▅▇█▇▄▇▅
wandb:       val_loss ▁▂▂▁▂▂▂▂▂▂▃▃▃▆▃▃▄▄▅▅▆▅▅▅▅▆▅▆▅▆▆▆▆▆▇▇▇▇▇█
wandb: 
wandb: Run summary:
wandb:           best_epoch 1427
wandb:    best_val_accuracy 64.70589
wandb:        best_val_loss 1.11291
wandb: checkpoint_best_path artifacts/probes/int...
wandb: checkpoint_last_path artifacts/probes/int...
wandb:      checkpoint_path artifacts/probes/int...
wandb:              dataset intphys2
wandb:      elapsed_seconds 101.52656
wandb:                epoch 2000
wandb:    feature_signature b6519b564d05bc63
wandb:                  +22 ...
wandb: 
wandb: 🚀 View run intphys2_linear_videomae_v2_vit_giant_16_224_layer_20/trial_0019 at: https://wandb.ai/caselli-niccolo-developer-university-of-amsterdam/probe4physics/runs/c3900uip
wandb: ⭐️ View project at: https://wandb.ai/caselli-niccolo-developer-university-of-amsterdam/probe4physics
wandb: Synced 5 W&B file(s), 0 media file(s), 0 artifact file(s) and 0 other file(s)
wandb: Find logs at: ./wandb/run-20260426_174140-c3900uip/logs
[I 2026-04-26 17:43:23,489] Trial 19 finished with value: 41.17647058823529 and parameters: {'lr': 0.0010176556325455603, 'weight_decay': 1.5826958045938118e-05, 'batch_size': 64, 'epochs': 2000}. Best is trial 16 with value: 47.05882352941176.
[eval.intphys2] Starting eval | split_name=train split_dir=data/splits/intphys2 predictor_mode=from_file metadata_file=data/annotations/intphys2_metadata.csv
[eval.intphys2] Loaded split assignments | split_scenes=151 split_samples=604
[eval.intphys2] Generated predictions | n_predictions=604
[eval.intphys2] Scoring complete | accuracy=95.0331 voe_accuracy=96.6887 n_scenes=151 n_samples=604
[eval.intphys2] Artifacts written | output_dir=artifacts/probes/intphys2/intphys2_probe_linear_videomae_v2_vit_giant_16_224_20260426T152148Z/layer_20/eval/train
[eval.intphys2] Starting eval | split_name=val split_dir=data/splits/intphys2 predictor_mode=from_file metadata_file=data/annotations/intphys2_metadata.csv
[eval.intphys2] Loaded split assignments | split_scenes=51 split_samples=204
[eval.intphys2] Generated predictions | n_predictions=204
[eval.intphys2] Scoring complete | accuracy=63.7255 voe_accuracy=47.0588 n_scenes=51 n_samples=204
[eval.intphys2] Artifacts written | output_dir=artifacts/probes/intphys2/intphys2_probe_linear_videomae_v2_vit_giant_16_224_20260426T152148Z/layer_20/eval/val
[eval.intphys2] Starting eval | split_name=test split_dir=data/splits/intphys2 predictor_mode=from_file metadata_file=data/annotations/intphys2_metadata.csv
[eval.intphys2] Loaded split assignments | split_scenes=51 split_samples=204
[eval.intphys2] Generated predictions | n_predictions=204
[eval.intphys2] Scoring complete | accuracy=59.3137 voe_accuracy=37.2549 n_scenes=51 n_samples=204
[eval.intphys2] Artifacts written | output_dir=artifacts/probes/intphys2/intphys2_probe_linear_videomae_v2_vit_giant_16_224_20260426T152148Z/layer_20/eval/test
[I 2026-04-26 17:43:23,892] A new study created in RDB with name: intphys2_linear_videomae_v2_vit_giant_16_224_layer_30
wandb: setting up run rjbsabtf
wandb: Tracking run with wandb version 0.26.1
wandb: Run data is saved locally in /gpfs/home3/scur0511/Probe4Physics/wandb/run-20260426_174324-rjbsabtf
wandb: Run `wandb offline` to turn off syncing.
wandb: Syncing run intphys2_linear_videomae_v2_vit_giant_16_224_layer_30/trial_0000
wandb: ⭐️ View project at https://wandb.ai/caselli-niccolo-developer-university-of-amsterdam/probe4physics
wandb: 🚀 View run at https://wandb.ai/caselli-niccolo-developer-university-of-amsterdam/probe4physics/runs/rjbsabtf
[eval.intphys2] Starting eval | split_name=val split_dir=data/splits/intphys2 predictor_mode=from_file metadata_file=data/annotations/intphys2_metadata.csv
[eval.intphys2] Loaded split assignments | split_scenes=51 split_samples=204
[eval.intphys2] Generated predictions | n_predictions=204
[eval.intphys2] Scoring complete | accuracy=63.7255 voe_accuracy=39.2157 n_scenes=51 n_samples=204
[eval.intphys2] Artifacts written | output_dir=artifacts/probes/intphys2/intphys2_probe_linear_videomae_v2_vit_giant_16_224_20260426T152148Z/layer_30/train/trial_0000/val_eval
wandb: updating run metadata
wandb: uploading output.log; uploading wandb-summary.json; uploading config.yaml
wandb: 
wandb: Run history:
wandb:          epoch ▁▁▁▁▁▂▂▂▂▂▂▂▃▃▃▄▄▄▅▅▅▅▅▅▅▆▆▆▆▆▆▇▇▇▇▇████
wandb: train_accuracy ▁▁▂▁▂▃▂▅▂▄▃▃▅▅▃▆▅▅▇▅▅▄▆▅▇▅▇▇▄▆▅▆▇▇▇▇▇█▆▇
wandb:     train_loss ▇█▇▆▆▇▆▆▅▆▆▅▅▅▅▆▅▄▆▄▄▄▄▅▃▃▃▃▃▃▃▂▂▃▂▂▂▁▁▁
wandb:   val_accuracy ▁▁▂▃▁▃▃▃▃▅▅▃▄▃▄▆▃▅▇▄▄▃▅▆▆▅▄▅▇▂▂▃▇▃▆▄▇▆▆█
wandb:       val_loss ▁▂▁▂▂▁▄▃▁▁▁▁▂▂▂▂▂▂▂▂▂▃▂▄▃▇▃▄▄▄▄▅▅▅▅▆▇█▆▇
wandb: 
wandb: Run summary:
wandb:           best_epoch 1818
wandb:    best_val_accuracy 63.72549
wandb:        best_val_loss 0.74796
wandb: checkpoint_best_path artifacts/probes/int...
wandb: checkpoint_last_path artifacts/probes/int...
wandb:      checkpoint_path artifacts/probes/int...
wandb:              dataset intphys2
wandb:      elapsed_seconds 110.73642
wandb:                epoch 2000
wandb:    feature_signature b6519b564d05bc63
wandb:                  +22 ...
wandb: 
wandb: 🚀 View run intphys2_linear_videomae_v2_vit_giant_16_224_layer_30/trial_0000 at: https://wandb.ai/caselli-niccolo-developer-university-of-amsterdam/probe4physics/runs/rjbsabtf
wandb: ⭐️ View project at: https://wandb.ai/caselli-niccolo-developer-university-of-amsterdam/probe4physics
wandb: Synced 5 W&B file(s), 0 media file(s), 0 artifact file(s) and 0 other file(s)
wandb: Find logs at: ./wandb/run-20260426_174324-rjbsabtf/logs
[I 2026-04-26 17:45:16,193] Trial 0 finished with value: 39.21568627450981 and parameters: {'lr': 0.0001329291894316216, 'weight_decay': 0.005061576888752304, 'batch_size': 32, 'epochs': 2000}. Best is trial 0 with value: 39.21568627450981.
wandb: setting up run 9ii49oxx
wandb: Tracking run with wandb version 0.26.1
wandb: Run data is saved locally in /gpfs/home3/scur0511/Probe4Physics/wandb/run-20260426_174516-9ii49oxx
wandb: Run `wandb offline` to turn off syncing.
wandb: Syncing run intphys2_linear_videomae_v2_vit_giant_16_224_layer_30/trial_0001
wandb: ⭐️ View project at https://wandb.ai/caselli-niccolo-developer-university-of-amsterdam/probe4physics
wandb: 🚀 View run at https://wandb.ai/caselli-niccolo-developer-university-of-amsterdam/probe4physics/runs/9ii49oxx
[eval.intphys2] Starting eval | split_name=val split_dir=data/splits/intphys2 predictor_mode=from_file metadata_file=data/annotations/intphys2_metadata.csv
[eval.intphys2] Loaded split assignments | split_scenes=51 split_samples=204
[eval.intphys2] Generated predictions | n_predictions=204
[eval.intphys2] Scoring complete | accuracy=56.3725 voe_accuracy=29.4118 n_scenes=51 n_samples=204
[eval.intphys2] Artifacts written | output_dir=artifacts/probes/intphys2/intphys2_probe_linear_videomae_v2_vit_giant_16_224_20260426T152148Z/layer_30/train/trial_0001/val_eval
wandb: updating run metadata
wandb: uploading wandb-metadata.json; uploading requirements.txt; uploading output.log; uploading wandb-summary.json; uploading config.yaml
wandb: 
wandb: Run history:
wandb:          epoch ▁▁▁▁▁▂▂▂▂▂▂▂▂▃▃▃▃▄▄▄▄▄▅▅▅▅▅▅▅▅▆▆▆▆▆▆▇▇██
wandb: train_accuracy ▁▃▂▃▄▂▂▆▁▃▂▃▃▄▄▂▇▄▄▂▁▆▃▅▅▅▄▇▃▅█▅▅▅▄▅▄▄▅█
wandb:     train_loss █▂▂▁▁▁▁▁▁▁▁▁▁▁▁▁▁▁▁▁▁▁▁▁▁▁▁▁▁▁▁▁▁▁▁▁▁▁▁▁
wandb:   val_accuracy ▃▂▃▂▆▄▃▃▁▃▂▃▂▃▄▃▃▃▃▂▃▃▂▃▃▄▆▄▃▃█▆▃▂▇█▃▄▅▆
wandb:       val_loss ▅▄▂▂▂▁▂▁▆▅▃▃▂▃▁▁▄▃▂▂▁▁▁▄▁▁▁▁▁▃▁▁▃▂▂▂█▁▂▂
wandb: 
wandb: Run summary:
wandb:           best_epoch 77
wandb:    best_val_accuracy 56.37255
wandb:        best_val_loss 0.70054
wandb: checkpoint_best_path artifacts/probes/int...
wandb: checkpoint_last_path artifacts/probes/int...
wandb:      checkpoint_path artifacts/probes/int...
wandb:              dataset intphys2
wandb:      elapsed_seconds 2.92729
wandb:                epoch 100
wandb:    feature_signature b6519b564d05bc63
wandb:                  +22 ...
wandb: 
wandb: 🚀 View run intphys2_linear_videomae_v2_vit_giant_16_224_layer_30/trial_0001 at: https://wandb.ai/caselli-niccolo-developer-university-of-amsterdam/probe4physics/runs/9ii49oxx
wandb: ⭐️ View project at: https://wandb.ai/caselli-niccolo-developer-university-of-amsterdam/probe4physics
wandb: Synced 5 W&B file(s), 0 media file(s), 0 artifact file(s) and 0 other file(s)
wandb: Find logs at: ./wandb/run-20260426_174516-9ii49oxx/logs
[I 2026-04-26 17:45:20,174] Trial 1 finished with value: 29.411764705882355 and parameters: {'lr': 0.00314288089084011, 'weight_decay': 1.879466824163843e-07, 'batch_size': 256, 'epochs': 100}. Best is trial 0 with value: 39.21568627450981.
wandb: setting up run yh35asiq
wandb: Tracking run with wandb version 0.26.1
wandb: Run data is saved locally in /gpfs/home3/scur0511/Probe4Physics/wandb/run-20260426_174520-yh35asiq
wandb: Run `wandb offline` to turn off syncing.
wandb: Syncing run intphys2_linear_videomae_v2_vit_giant_16_224_layer_30/trial_0002
wandb: ⭐️ View project at https://wandb.ai/caselli-niccolo-developer-university-of-amsterdam/probe4physics
wandb: 🚀 View run at https://wandb.ai/caselli-niccolo-developer-university-of-amsterdam/probe4physics/runs/yh35asiq
[eval.intphys2] Starting eval | split_name=val split_dir=data/splits/intphys2 predictor_mode=from_file metadata_file=data/annotations/intphys2_metadata.csv
[eval.intphys2] Loaded split assignments | split_scenes=51 split_samples=204
[eval.intphys2] Generated predictions | n_predictions=204
[eval.intphys2] Scoring complete | accuracy=60.7843 voe_accuracy=39.2157 n_scenes=51 n_samples=204
[eval.intphys2] Artifacts written | output_dir=artifacts/probes/intphys2/intphys2_probe_linear_videomae_v2_vit_giant_16_224_20260426T152148Z/layer_30/train/trial_0002/val_eval
wandb: updating run metadata
wandb: uploading wandb-summary.json; uploading config.yaml; uploading output.log
wandb: 
wandb: Run history:
wandb:          epoch ▁▁▂▂▂▂▃▃▃▃▃▃▃▃▃▃▄▄▄▄▄▄▅▅▅▅▅▅▅▅▆▆▆▆▆▆▆▇██
wandb: train_accuracy ▁▁▂▁▃▃▂▁▂▂▄▃▃▄▄▃▆▃▃▂▃▆▄▄▆▅▄▅▄▅▇█▆▆▇█▇▆▅▆
wandb:     train_loss █▆▅▅▅▄▄▄▄▅▃▃▃▃▃▃▃▃▃▃▂▂▂▂▂▂▂▂▂▂▂▂▂▁▁▁▁▂▁▁
wandb:   val_accuracy ▂▁▁▂▄▁▁▃▃▄▃▃▄▅▅▆▂▄▆▇▇▅█▃▅▆▆▇▆▅▇▅▇▆▇▃▆█▃▆
wandb:       val_loss █▂▁▁▁▁▁▁▁▁▁▁▁▁▁▁▁▁▁▁▁▁▁▁▁▁▁▁▁▁▁▁▁▂▁▁▁▁▂▁
wandb: 
wandb: Run summary:
wandb:           best_epoch 972
wandb:    best_val_accuracy 60.78432
wandb:        best_val_loss 0.70672
wandb: checkpoint_best_path artifacts/probes/int...
wandb: checkpoint_last_path artifacts/probes/int...
wandb:      checkpoint_path artifacts/probes/int...
wandb:              dataset intphys2
wandb:      elapsed_seconds 31.6434
wandb:                epoch 1000
wandb:    feature_signature b6519b564d05bc63
wandb:                  +22 ...
wandb: 
wandb: 🚀 View run intphys2_linear_videomae_v2_vit_giant_16_224_layer_30/trial_0002 at: https://wandb.ai/caselli-niccolo-developer-university-of-amsterdam/probe4physics/runs/yh35asiq
wandb: ⭐️ View project at: https://wandb.ai/caselli-niccolo-developer-university-of-amsterdam/probe4physics
wandb: Synced 5 W&B file(s), 0 media file(s), 0 artifact file(s) and 0 other file(s)
wandb: Find logs at: ./wandb/run-20260426_174520-yh35asiq/logs
[I 2026-04-26 17:45:54,343] Trial 2 finished with value: 39.21568627450981 and parameters: {'lr': 0.00023345864076016249, 'weight_decay': 0.0005141096648805752, 'batch_size': 128, 'epochs': 1000}. Best is trial 0 with value: 39.21568627450981.
wandb: setting up run kgu1epu6
wandb: Tracking run with wandb version 0.26.1
wandb: Run data is saved locally in /gpfs/home3/scur0511/Probe4Physics/wandb/run-20260426_174554-kgu1epu6
wandb: Run `wandb offline` to turn off syncing.
wandb: Syncing run intphys2_linear_videomae_v2_vit_giant_16_224_layer_30/trial_0003
wandb: ⭐️ View project at https://wandb.ai/caselli-niccolo-developer-university-of-amsterdam/probe4physics
wandb: 🚀 View run at https://wandb.ai/caselli-niccolo-developer-university-of-amsterdam/probe4physics/runs/kgu1epu6
[eval.intphys2] Starting eval | split_name=val split_dir=data/splits/intphys2 predictor_mode=from_file metadata_file=data/annotations/intphys2_metadata.csv
[eval.intphys2] Loaded split assignments | split_scenes=51 split_samples=204
[eval.intphys2] Generated predictions | n_predictions=204
[eval.intphys2] Scoring complete | accuracy=51.9608 voe_accuracy=15.6863 n_scenes=51 n_samples=204
[eval.intphys2] Artifacts written | output_dir=artifacts/probes/intphys2/intphys2_probe_linear_videomae_v2_vit_giant_16_224_20260426T152148Z/layer_30/train/trial_0003/val_eval
wandb: updating run metadata
wandb: uploading config.yaml; uploading wandb-metadata.json; uploading requirements.txt; uploading output.log; uploading wandb-summary.json
wandb: uploading requirements.txt; uploading output.log
wandb: 
wandb: Run history:
wandb:          epoch ▁▁▁▁▂▂▂▂▂▂▃▃▃▃▄▄▄▄▄▄▅▅▅▅▅▆▆▆▆▆▆▇▇▇▇▇▇███
wandb: train_accuracy ▆▃▆▅▆▆▃▅▅▄█▃▅▆▇▅▄▃▆█▆▅▃▁▅▅▆▄▅▅▆▆▆▁▅▃▇▆▅▆
wandb:     train_loss █▃▂▂▁▁▁▁▁▁▁▁▁▁▁▁▁▁▁▁▁▁▁▁▁▁▁▁▁▁▁▁▁▁▁▁▁▁▁▁
wandb:   val_accuracy ▅▅▆▅▅▇▅▇█▄▃█▅▇▁▅▃▂▅█▄▄▅▅▆▇▅▇▆▆▇▅▅▄▅▅▄▅▄▅
wandb:       val_loss █▅▃▃▂▂▂▁▁▁▁▁▁▁▁▁▁▁▁▁▁▁▁▁▁▁▁▁▁▁▁▁▁▁▁▁▁▁▁▁
wandb: 
wandb: Run summary:
wandb:           best_epoch 25
wandb:    best_val_accuracy 51.96078
wandb:        best_val_loss 0.72143
wandb: checkpoint_best_path artifacts/probes/int...
wandb: checkpoint_last_path artifacts/probes/int...
wandb:      checkpoint_path artifacts/probes/int...
wandb:              dataset intphys2
wandb:      elapsed_seconds 2.62116
wandb:                epoch 50
wandb:    feature_signature b6519b564d05bc63
wandb:                  +22 ...
wandb: 
wandb: 🚀 View run intphys2_linear_videomae_v2_vit_giant_16_224_layer_30/trial_0003 at: https://wandb.ai/caselli-niccolo-developer-university-of-amsterdam/probe4physics/runs/kgu1epu6
wandb: ⭐️ View project at: https://wandb.ai/caselli-niccolo-developer-university-of-amsterdam/probe4physics
wandb: Synced 5 W&B file(s), 0 media file(s), 0 artifact file(s) and 0 other file(s)
wandb: Find logs at: ./wandb/run-20260426_174554-kgu1epu6/logs
[I 2026-04-26 17:45:58,405] Trial 3 finished with value: 15.686274509803921 and parameters: {'lr': 8.200518402245828e-05, 'weight_decay': 3.855073690026179e-08, 'batch_size': 32, 'epochs': 50}. Best is trial 0 with value: 39.21568627450981.
wandb: setting up run hkd661jh
wandb: Tracking run with wandb version 0.26.1
wandb: Run data is saved locally in /gpfs/home3/scur0511/Probe4Physics/wandb/run-20260426_174558-hkd661jh
wandb: Run `wandb offline` to turn off syncing.
wandb: Syncing run intphys2_linear_videomae_v2_vit_giant_16_224_layer_30/trial_0004
wandb: ⭐️ View project at https://wandb.ai/caselli-niccolo-developer-university-of-amsterdam/probe4physics
wandb: 🚀 View run at https://wandb.ai/caselli-niccolo-developer-university-of-amsterdam/probe4physics/runs/hkd661jh
[eval.intphys2] Starting eval | split_name=val split_dir=data/splits/intphys2 predictor_mode=from_file metadata_file=data/annotations/intphys2_metadata.csv
[eval.intphys2] Loaded split assignments | split_scenes=51 split_samples=204
[eval.intphys2] Generated predictions | n_predictions=204
[eval.intphys2] Scoring complete | accuracy=54.4118 voe_accuracy=25.4902 n_scenes=51 n_samples=204
[eval.intphys2] Artifacts written | output_dir=artifacts/probes/intphys2/intphys2_probe_linear_videomae_v2_vit_giant_16_224_20260426T152148Z/layer_30/train/trial_0004/val_eval
wandb: updating run metadata
wandb: uploading config.yaml
wandb: 
wandb: Run history:
wandb:          epoch ▁▁▁▁▂▂▂▂▂▂▃▃▃▃▃▄▄▄▄▄▅▅▅▅▅▆▆▆▆▆▆▇▇▇▇▇▇███
wandb: train_accuracy ▂▃▃▃▅▂▃▃▁▃▄▄▅▆▆▃▁▇█▄▆▃▆▇▄▆▅▆▆▆▄▄▅▄▃▅▅▅▆▆
wandb:     train_loss █▂▂▂▁▂▁▁▁▁▂▁▁▁▂▁▂▁▁▁▁▁▁▁▁▁▁▁▁▁▁▁▂▁▁▁▂▂▁▁
wandb:   val_accuracy ▃▃▂▄▁▂▂▆▂▇▅▃▂▃█▄▃▃▃▅▃▄▇▄▄▄▃▇▃▄▄▃▆▄▇▇▃▃▄▃
wandb:       val_loss ▄▆▃▄▄▂▂▃▂▁▂▁▁▁▂▃▁▂▁▂█▁▁▄▃▄▂▂▁▂▂▃▁▃▁▁▂▃▄▅
wandb: 
wandb: Run summary:
wandb:           best_epoch 18
wandb:    best_val_accuracy 54.41176
wandb:        best_val_loss 0.70169
wandb: checkpoint_best_path artifacts/probes/int...
wandb: checkpoint_last_path artifacts/probes/int...
wandb:      checkpoint_path artifacts/probes/int...
wandb:              dataset intphys2
wandb:      elapsed_seconds 2.34843
wandb:                epoch 50
wandb:    feature_signature b6519b564d05bc63
wandb:                  +22 ...
wandb: 
wandb: 🚀 View run intphys2_linear_videomae_v2_vit_giant_16_224_layer_30/trial_0004 at: https://wandb.ai/caselli-niccolo-developer-university-of-amsterdam/probe4physics/runs/hkd661jh
wandb: ⭐️ View project at: https://wandb.ai/caselli-niccolo-developer-university-of-amsterdam/probe4physics
wandb: Synced 5 W&B file(s), 0 media file(s), 0 artifact file(s) and 0 other file(s)
wandb: Find logs at: ./wandb/run-20260426_174558-hkd661jh/logs
[I 2026-04-26 17:46:02,193] Trial 4 finished with value: 25.49019607843137 and parameters: {'lr': 0.00043664735929796326, 'weight_decay': 1.2856617791467908e-07, 'batch_size': 32, 'epochs': 50}. Best is trial 0 with value: 39.21568627450981.
wandb: setting up run zyz1wd1z
wandb: Tracking run with wandb version 0.26.1
wandb: Run data is saved locally in /gpfs/home3/scur0511/Probe4Physics/wandb/run-20260426_174602-zyz1wd1z
wandb: Run `wandb offline` to turn off syncing.
wandb: Syncing run intphys2_linear_videomae_v2_vit_giant_16_224_layer_30/trial_0005
wandb: ⭐️ View project at https://wandb.ai/caselli-niccolo-developer-university-of-amsterdam/probe4physics
wandb: 🚀 View run at https://wandb.ai/caselli-niccolo-developer-university-of-amsterdam/probe4physics/runs/zyz1wd1z
[eval.intphys2] Starting eval | split_name=val split_dir=data/splits/intphys2 predictor_mode=from_file metadata_file=data/annotations/intphys2_metadata.csv
[eval.intphys2] Loaded split assignments | split_scenes=51 split_samples=204
[eval.intphys2] Generated predictions | n_predictions=204
[eval.intphys2] Scoring complete | accuracy=59.8039 voe_accuracy=35.2941 n_scenes=51 n_samples=204
[eval.intphys2] Artifacts written | output_dir=artifacts/probes/intphys2/intphys2_probe_linear_videomae_v2_vit_giant_16_224_20260426T152148Z/layer_30/train/trial_0005/val_eval
wandb: updating run metadata
wandb: uploading output.log; uploading wandb-summary.json; uploading config.yaml
wandb: 
wandb: Run history:
wandb:          epoch ▁▁▁▁▁▂▂▂▂▂▂▂▂▂▂▃▃▃▄▄▄▄▅▅▅▅▅▆▆▆▆▆▆▆▆▇▇▇██
wandb: train_accuracy ▁▄▂▁▂▂▂▃▅▃▃▃▁▃▃▃▃▄▅▅▄▃▅▄▄▃▄▇▄▆▅▅▅▄▇▆▇█▇▇
wandb:     train_loss █▂▂▂▂▂▂▂▂▂▁▁▂▁▁▁▁▁▁▁▁▁▂▁▁▁▁▁▁▁▁▁▁▁▁▁▁▁▁▁
wandb:   val_accuracy ▂▂▁▃▃▅▃▄▃▅▆▅▅▃▆▆▅▃▆▇▂▆▆▆▆▃▃▅▅▅▅▅▅█▅▅▆▇▆▇
wandb:       val_loss █▃▂▆▂▁▁█▂▃▁▂▁▁▁▁▁▂▁▂▁▁▂▃▂▁▁▄▃▃▁▂▅▄▂▂▂▂▃▃
wandb: 
wandb: Run summary:
wandb:           best_epoch 380
wandb:    best_val_accuracy 59.80392
wandb:        best_val_loss 0.69781
wandb: checkpoint_best_path artifacts/probes/int...
wandb: checkpoint_last_path artifacts/probes/int...
wandb:      checkpoint_path artifacts/probes/int...
wandb:              dataset intphys2
wandb:      elapsed_seconds 17.6009
wandb:                epoch 500
wandb:    feature_signature b6519b564d05bc63
wandb:                  +22 ...
wandb: 
wandb: 🚀 View run intphys2_linear_videomae_v2_vit_giant_16_224_layer_30/trial_0005 at: https://wandb.ai/caselli-niccolo-developer-university-of-amsterdam/probe4physics/runs/zyz1wd1z
wandb: ⭐️ View project at: https://wandb.ai/caselli-niccolo-developer-university-of-amsterdam/probe4physics
wandb: Synced 5 W&B file(s), 0 media file(s), 0 artifact file(s) and 0 other file(s)
wandb: Find logs at: ./wandb/run-20260426_174602-zyz1wd1z/logs
[I 2026-04-26 17:46:20,818] Trial 5 finished with value: 35.294117647058826 and parameters: {'lr': 0.00014656553886225324, 'weight_decay': 4.247116662617142e-07, 'batch_size': 32, 'epochs': 500}. Best is trial 0 with value: 39.21568627450981.
wandb: setting up run 5mkshdo1
wandb: Tracking run with wandb version 0.26.1
wandb: Run data is saved locally in /gpfs/home3/scur0511/Probe4Physics/wandb/run-20260426_174621-5mkshdo1
wandb: Run `wandb offline` to turn off syncing.
wandb: Syncing run intphys2_linear_videomae_v2_vit_giant_16_224_layer_30/trial_0006
wandb: ⭐️ View project at https://wandb.ai/caselli-niccolo-developer-university-of-amsterdam/probe4physics
wandb: 🚀 View run at https://wandb.ai/caselli-niccolo-developer-university-of-amsterdam/probe4physics/runs/5mkshdo1
wandb: updating run metadata
wandb: uploading history steps 0-99, summary
wandb: 
wandb: Run history:
wandb:          epoch ▁▁▂▂▂▂▂▂▂▂▃▃▃▃▃▄▄▄▄▅▅▅▅▅▆▆▆▆▆▆▇▇▇▇▇▇▇███
wandb: train_accuracy █▄▅▅▅▄▅▄▂▄▅▄▃▇▅▅▅▆▄▂▂▅▆▆▇▃▆▅█▇▅▄▁▃▄▅▅▂▅▄
wandb:     train_loss █▆▆▆▅▅▅▄▄▄▄▃▃▂▂▂▂▂▂▂▂▂▂▂▂▂▁▁▁▁▁▁▁▁▁▁▁▁▁▁
wandb:   val_accuracy ▂▃▃▃▃▅▅▅▅▃▂▃▃▆▆▅▅▅▅▅▆▆▆▇▃▅▃▂▁▂▃▃▆█▆▇█▇▅▅
wandb:       val_loss █▇▆▆▆▅▅▄▄▄▄▃▃▃▃▃▃▂▂▂▂▂▂▂▂▁▁▁▁▁▁▁▁▁▁▁▁▁▁▁
wandb: 
wandb: Run summary:
wandb:          epoch 100
wandb: train_accuracy 49.50331
wandb:     train_loss 0.71551
wandb:   val_accuracy 50.9804
wandb:       val_loss 0.72139
wandb: 
wandb: 🚀 View run intphys2_linear_videomae_v2_vit_giant_16_224_layer_30/trial_0006 at: https://wandb.ai/caselli-niccolo-developer-university-of-amsterdam/probe4physics/runs/5mkshdo1
wandb: ⭐️ View project at: https://wandb.ai/caselli-niccolo-developer-university-of-amsterdam/probe4physics
wandb: Synced 4 W&B file(s), 0 media file(s), 0 artifact file(s) and 0 other file(s)
wandb: Find logs at: ./wandb/run-20260426_174621-5mkshdo1/logs
[I 2026-04-26 17:46:25,010] Trial 6 pruned. Pruned at epoch 100 with val_accuracy=50.9804
wandb: setting up run saxqojgs
wandb: Tracking run with wandb version 0.26.1
wandb: Run data is saved locally in /gpfs/home3/scur0511/Probe4Physics/wandb/run-20260426_174625-saxqojgs
wandb: Run `wandb offline` to turn off syncing.
wandb: Syncing run intphys2_linear_videomae_v2_vit_giant_16_224_layer_30/trial_0007
wandb: ⭐️ View project at https://wandb.ai/caselli-niccolo-developer-university-of-amsterdam/probe4physics
wandb: 🚀 View run at https://wandb.ai/caselli-niccolo-developer-university-of-amsterdam/probe4physics/runs/saxqojgs
wandb: updating run metadata
wandb: uploading wandb-summary.json; uploading config.yaml; uploading wandb-metadata.json; uploading requirements.txt
wandb: 
wandb: Run history:
wandb:          epoch ▁▁▁▂▂▂▂▂▂▃▃▃▃▃▃▄▄▄▄▄▅▅▅▅▅▅▆▆▆▆▆▇▇▇▇▇▇███
wandb: train_accuracy ▃▃▃▄▆█▆▃▇▅█▅▆▆▃▅▄▃▄▆▆▅▄▆▃▅▆▇▆▆▅▁▃▇▇▆▄▅▆▆
wandb:     train_loss █▃▁▁▁▁▁▁▁▁▁▁▁▁▁▁▁▁▁▁▁▁▁▁▁▁▁▁▁▁▁▁▁▁▁▁▁▁▁▁
wandb:   val_accuracy ▂▂▂▂▁▂█▃▅▆▃▁▁▂▇▂▅▁▂▅▅▅▅▃▁▂▃▅▂▆▃▆▆▆▅▅▆▆▅▇
wandb:       val_loss █▆▃▁▁▁▁▁▁▁▁▁▁▁▁▁▁▁▁▁▁▁▁▁▁▁▁▁▁▁▁▁▁▁▁▁▁▁▁▁
wandb: 
wandb: Run summary:
wandb:          epoch 100
wandb: train_accuracy 50.49669
wandb:     train_loss 0.70065
wandb:   val_accuracy 51.96078
wandb:       val_loss 0.70491
wandb: 
wandb: 🚀 View run intphys2_linear_videomae_v2_vit_giant_16_224_layer_30/trial_0007 at: https://wandb.ai/caselli-niccolo-developer-university-of-amsterdam/probe4physics/runs/saxqojgs
wandb: ⭐️ View project at: https://wandb.ai/caselli-niccolo-developer-university-of-amsterdam/probe4physics
wandb: Synced 4 W&B file(s), 0 media file(s), 0 artifact file(s) and 0 other file(s)
wandb: Find logs at: ./wandb/run-20260426_174625-saxqojgs/logs
[I 2026-04-26 17:46:28,861] Trial 7 pruned. Pruned at epoch 100 with val_accuracy=51.9608
wandb: setting up run dranthx0
wandb: Tracking run with wandb version 0.26.1
wandb: Run data is saved locally in /gpfs/home3/scur0511/Probe4Physics/wandb/run-20260426_174629-dranthx0
wandb: Run `wandb offline` to turn off syncing.
wandb: Syncing run intphys2_linear_videomae_v2_vit_giant_16_224_layer_30/trial_0008
wandb: ⭐️ View project at https://wandb.ai/caselli-niccolo-developer-university-of-amsterdam/probe4physics
wandb: 🚀 View run at https://wandb.ai/caselli-niccolo-developer-university-of-amsterdam/probe4physics/runs/dranthx0
[eval.intphys2] Starting eval | split_name=val split_dir=data/splits/intphys2 predictor_mode=from_file metadata_file=data/annotations/intphys2_metadata.csv
[eval.intphys2] Loaded split assignments | split_scenes=51 split_samples=204
[eval.intphys2] Generated predictions | n_predictions=204
[eval.intphys2] Scoring complete | accuracy=54.4118 voe_accuracy=21.5686 n_scenes=51 n_samples=204
[eval.intphys2] Artifacts written | output_dir=artifacts/probes/intphys2/intphys2_probe_linear_videomae_v2_vit_giant_16_224_20260426T152148Z/layer_30/train/trial_0008/val_eval
wandb: updating run metadata
wandb: uploading requirements.txt; uploading output.log; uploading wandb-summary.json; uploading config.yaml; uploading wandb-metadata.json
wandb: 
wandb: Run history:
wandb:          epoch ▁▁▂▂▂▂▂▂▃▃▃▃▄▄▄▄▄▄▄▄▅▅▅▅▅▅▅▆▆▆▆▆▆▇▇▇▇███
wandb: train_accuracy ▃▃▄▂▄▂▄▃▄▂▃▄▃▁▂▃▄▅▅▃▄▃▅▂▅▃▄▅▅▄▄▁▅▄▄▆▇▆█▅
wandb:     train_loss ██▃▃▃▂▂▂▂▁▁▂▁▁▁▁▁▁▁▁▁▁▁▁▁▁▁▁▁▁▁▁▁▁▁▁▁▁▁▁
wandb:   val_accuracy ▂▂▂▂▁▃▂▃▃▆▄▃▃▄▃▅▅█▄▆▆▅▃▅▅▆▇▄▆▂▆▇▄▃▄▃▆▅▆▆
wandb:       val_loss █▁▃▁▂▁▁▁▁▁▁▁▁▁▁▁▁▁▁▁▁▁▁▁▁▁▁▁▁▁▁▁▁▁▁▁▁▁▁▁
wandb: 
wandb: Run summary:
wandb:           best_epoch 51
wandb:    best_val_accuracy 54.41176
wandb:        best_val_loss 0.71198
wandb: checkpoint_best_path artifacts/probes/int...
wandb: checkpoint_last_path artifacts/probes/int...
wandb:      checkpoint_path artifacts/probes/int...
wandb:              dataset intphys2
wandb:      elapsed_seconds 2.87845
wandb:                epoch 100
wandb:    feature_signature b6519b564d05bc63
wandb:                  +22 ...
wandb: 
wandb: 🚀 View run intphys2_linear_videomae_v2_vit_giant_16_224_layer_30/trial_0008 at: https://wandb.ai/caselli-niccolo-developer-university-of-amsterdam/probe4physics/runs/dranthx0
wandb: ⭐️ View project at: https://wandb.ai/caselli-niccolo-developer-university-of-amsterdam/probe4physics
wandb: Synced 5 W&B file(s), 0 media file(s), 0 artifact file(s) and 0 other file(s)
wandb: Find logs at: ./wandb/run-20260426_174629-dranthx0/logs
[I 2026-04-26 17:46:32,837] Trial 8 finished with value: 21.568627450980394 and parameters: {'lr': 0.0003699972431463808, 'weight_decay': 3.6749049453053196e-06, 'batch_size': 256, 'epochs': 100}. Best is trial 0 with value: 39.21568627450981.
wandb: setting up run wa2pog06
wandb: Tracking run with wandb version 0.26.1
wandb: Run data is saved locally in /gpfs/home3/scur0511/Probe4Physics/wandb/run-20260426_174633-wa2pog06
wandb: Run `wandb offline` to turn off syncing.
wandb: Syncing run intphys2_linear_videomae_v2_vit_giant_16_224_layer_30/trial_0009
wandb: ⭐️ View project at https://wandb.ai/caselli-niccolo-developer-university-of-amsterdam/probe4physics
wandb: 🚀 View run at https://wandb.ai/caselli-niccolo-developer-university-of-amsterdam/probe4physics/runs/wa2pog06
wandb: updating run metadata
wandb: uploading wandb-summary.json; uploading config.yaml; uploading wandb-metadata.json; uploading requirements.txt
wandb: 
wandb: Run history:
wandb:          epoch ▁▁▁▂▂▂▂▃▃▃▃▃▃▃▄▄▄▄▄▄▄▅▅▅▅▅▅▅▆▆▆▆▇▇▇▇▇███
wandb: train_accuracy ▅▅▅▅▅▅▃▄▃▅▆██▆█▁▁▁▂▁▂▅▅▅▄▄▃▆▅▅▃▃▅▅▃▃▃▁▃▄
wandb:     train_loss █▅▄▃▂▂▂▂▁▁▁▁▁▁▁▁▁▁▁▁▁▁▁▁▁▁▁▁▁▁▁▁▁▁▁▁▁▁▁▁
wandb:   val_accuracy ▃▃▃▃▁▃▄▃▃▃▂▄▅▅▄▄▄▅▁▄▃▄▄▁▂▃▁▂▁▁▅▅▅▅█▅▅▅▄▆
wandb:       val_loss █▇▆▄▁▁▁▁▁▁▁▁▁▁▁▁▁▁▁▁▁▁▁▁▁▁▁▁▁▁▁▁▁▁▁▁▁▁▁▁
wandb: 
wandb: Run summary:
wandb:          epoch 102
wandb: train_accuracy 49.83444
wandb:     train_loss 0.70405
wandb:   val_accuracy 50.9804
wandb:       val_loss 0.7084
wandb: 
wandb: 🚀 View run intphys2_linear_videomae_v2_vit_giant_16_224_layer_30/trial_0009 at: https://wandb.ai/caselli-niccolo-developer-university-of-amsterdam/probe4physics/runs/wa2pog06
wandb: ⭐️ View project at: https://wandb.ai/caselli-niccolo-developer-university-of-amsterdam/probe4physics
wandb: Synced 4 W&B file(s), 0 media file(s), 0 artifact file(s) and 0 other file(s)
wandb: Find logs at: ./wandb/run-20260426_174633-wa2pog06/logs
[I 2026-04-26 17:46:36,645] Trial 9 pruned. Pruned at epoch 102 with val_accuracy=50.9804
wandb: setting up run 4xm4v5zp
wandb: Tracking run with wandb version 0.26.1
wandb: Run data is saved locally in /gpfs/home3/scur0511/Probe4Physics/wandb/run-20260426_174636-4xm4v5zp
wandb: Run `wandb offline` to turn off syncing.
wandb: Syncing run intphys2_linear_videomae_v2_vit_giant_16_224_layer_30/trial_0010
wandb: ⭐️ View project at https://wandb.ai/caselli-niccolo-developer-university-of-amsterdam/probe4physics
wandb: 🚀 View run at https://wandb.ai/caselli-niccolo-developer-university-of-amsterdam/probe4physics/runs/4xm4v5zp
[eval.intphys2] Starting eval | split_name=val split_dir=data/splits/intphys2 predictor_mode=from_file metadata_file=data/annotations/intphys2_metadata.csv
[eval.intphys2] Loaded split assignments | split_scenes=51 split_samples=204
[eval.intphys2] Generated predictions | n_predictions=204
[eval.intphys2] Scoring complete | accuracy=64.7059 voe_accuracy=35.2941 n_scenes=51 n_samples=204
[eval.intphys2] Artifacts written | output_dir=artifacts/probes/intphys2/intphys2_probe_linear_videomae_v2_vit_giant_16_224_20260426T152148Z/layer_30/train/trial_0010/val_eval
wandb: updating run metadata
wandb: uploading output.log; uploading wandb-summary.json; uploading config.yaml
wandb: uploading wandb-summary.json
wandb: 
wandb: Run history:
wandb:          epoch ▁▁▁▁▂▃▃▃▃▃▃▃▃▃▃▄▄▄▄▄▅▅▅▅▅▅▅▆▆▆▆▇▇▇▇█████
wandb: train_accuracy ▁▂▂▂▂▃▃▂▃▂▄▃▄▆▄▅▆▆▄▆▆▆▄▅▆▇▆▇▇▅▇█▇▇▆▆▆█▅█
wandb:     train_loss █▆▅▅▅▄▄▄▃▄▃▃▃▃▄▃▄▅▂▂▂▂▄▂▃▄▄▂▄▂▂▁▂▂▃▂▁▁▃▁
wandb:   val_accuracy ▂▁▅▁▄▂▆▃▄▄▄▇▄▄▇▆▆▆▄▇▇▂█▅▂▄▄▂█▃▆▄▇▄▄▅▆▅▇▆
wandb:       val_loss ▄▄▁▂▃▂▂▄▃▃▃▃▃▃▃▄▅▄▄▅▄▇▅█▅▅▆▆▆▆▇▆▆▆▇▇▇▇█▇
wandb: 
wandb: Run summary:
wandb:           best_epoch 521
wandb:    best_val_accuracy 64.70589
wandb:        best_val_loss 0.87417
wandb: checkpoint_best_path artifacts/probes/int...
wandb: checkpoint_last_path artifacts/probes/int...
wandb:      checkpoint_path artifacts/probes/int...
wandb:              dataset intphys2
wandb:      elapsed_seconds 101.87965
wandb:                epoch 2000
wandb:    feature_signature b6519b564d05bc63
wandb:                  +22 ...
wandb: 
wandb: 🚀 View run intphys2_linear_videomae_v2_vit_giant_16_224_layer_30/trial_0010 at: https://wandb.ai/caselli-niccolo-developer-university-of-amsterdam/probe4physics/runs/4xm4v5zp
wandb: ⭐️ View project at: https://wandb.ai/caselli-niccolo-developer-university-of-amsterdam/probe4physics
wandb: Synced 5 W&B file(s), 0 media file(s), 0 artifact file(s) and 0 other file(s)
wandb: Find logs at: ./wandb/run-20260426_174636-4xm4v5zp/logs
[I 2026-04-26 17:48:20,551] Trial 10 finished with value: 35.294117647058826 and parameters: {'lr': 0.002146403547714585, 'weight_decay': 0.003955232336089218, 'batch_size': 64, 'epochs': 2000}. Best is trial 0 with value: 39.21568627450981.
wandb: setting up run bb38tcti
wandb: Tracking run with wandb version 0.26.1
wandb: Run data is saved locally in /gpfs/home3/scur0511/Probe4Physics/wandb/run-20260426_174820-bb38tcti
wandb: Run `wandb offline` to turn off syncing.
wandb: Syncing run intphys2_linear_videomae_v2_vit_giant_16_224_layer_30/trial_0011
wandb: ⭐️ View project at https://wandb.ai/caselli-niccolo-developer-university-of-amsterdam/probe4physics
wandb: 🚀 View run at https://wandb.ai/caselli-niccolo-developer-university-of-amsterdam/probe4physics/runs/bb38tcti
[eval.intphys2] Starting eval | split_name=val split_dir=data/splits/intphys2 predictor_mode=from_file metadata_file=data/annotations/intphys2_metadata.csv
[eval.intphys2] Loaded split assignments | split_scenes=51 split_samples=204
[eval.intphys2] Generated predictions | n_predictions=204
[eval.intphys2] Scoring complete | accuracy=52.9412 voe_accuracy=13.7255 n_scenes=51 n_samples=204
[eval.intphys2] Artifacts written | output_dir=artifacts/probes/intphys2/intphys2_probe_linear_videomae_v2_vit_giant_16_224_20260426T152148Z/layer_30/train/trial_0011/val_eval
wandb: updating run metadata
wandb: uploading config.yaml; uploading wandb-metadata.json; uploading requirements.txt; uploading output.log; uploading wandb-summary.json
wandb: 
wandb: Run history:
wandb:          epoch ▁▁▂▂▂▃▃▄▄▄▅▅▅▆▆▇▇▇██
wandb: train_accuracy ▆▂▄▅▄▄▄▅▅▄▆▁▆▅▄▃█▃█▇
wandb:     train_loss █▄▂▁▁▁▁▁▁▁▁▁▁▁▁▁▁▁▁▁
wandb:   val_accuracy ▃▅▃▁█▅▄▆▃█▅▁▅▅▅▅▃▄▂▃
wandb:       val_loss █▁▂▁▁▁▁▁▁▁▁▁▁▁▁▁▁▁▂▃
wandb: 
wandb: Run summary:
wandb:           best_epoch 10
wandb:    best_val_accuracy 52.94118
wandb:        best_val_loss 0.70984
wandb: checkpoint_best_path artifacts/probes/int...
wandb: checkpoint_last_path artifacts/probes/int...
wandb:      checkpoint_path artifacts/probes/int...
wandb:              dataset intphys2
wandb:      elapsed_seconds 1.34293
wandb:                epoch 20
wandb:    feature_signature b6519b564d05bc63
wandb:                  +22 ...
wandb: 
wandb: 🚀 View run intphys2_linear_videomae_v2_vit_giant_16_224_layer_30/trial_0011 at: https://wandb.ai/caselli-niccolo-developer-university-of-amsterdam/probe4physics/runs/bb38tcti
wandb: ⭐️ View project at: https://wandb.ai/caselli-niccolo-developer-university-of-amsterdam/probe4physics
wandb: Synced 5 W&B file(s), 0 media file(s), 0 artifact file(s) and 0 other file(s)
wandb: Find logs at: ./wandb/run-20260426_174820-bb38tcti/logs
[I 2026-04-26 17:48:22,965] Trial 11 finished with value: 13.725490196078432 and parameters: {'lr': 0.0009028168422346196, 'weight_decay': 0.00013851041848413182, 'batch_size': 64, 'epochs': 20}. Best is trial 0 with value: 39.21568627450981.
wandb: setting up run bexgctal
wandb: Tracking run with wandb version 0.26.1
wandb: Run data is saved locally in /gpfs/home3/scur0511/Probe4Physics/wandb/run-20260426_174823-bexgctal
wandb: Run `wandb offline` to turn off syncing.
wandb: Syncing run intphys2_linear_videomae_v2_vit_giant_16_224_layer_30/trial_0012
wandb: ⭐️ View project at https://wandb.ai/caselli-niccolo-developer-university-of-amsterdam/probe4physics
wandb: 🚀 View run at https://wandb.ai/caselli-niccolo-developer-university-of-amsterdam/probe4physics/runs/bexgctal
wandb: updating run metadata
wandb: uploading requirements.txt; uploading wandb-summary.json; uploading config.yaml; uploading wandb-metadata.json
wandb: 
wandb: Run history:
wandb:          epoch ▁▁▁▁▁▂▂▂▂▂▂▃▃▃▃▃▄▄▄▄▅▅▅▅▅▅▅▅▆▆▆▆▆▆▇▇▇▇██
wandb: train_accuracy ▄▅█▇▅▄▄▃▅▇▆▆▆▅▅▅▇▄▅▄▆▆▅▄▅▆▆▅▆▆▇▇▄▆▁▅▇▂▁▆
wandb:     train_loss █▅▅▅▅▄▄▄▄▄▃▃▃▃▃▂▂▂▂▂▂▂▂▂▂▂▁▂▁▁▁▁▁▁▁▁▁▁▁▁
wandb:   val_accuracy ▆▄▃█▆▄▆▄▃▁▄▂▂▃▃▁▂▄▂▃▇█▇█▆▆▃▁▃▇▂▇▂▄▃▄▆▆▆▄
wandb:       val_loss █▄▄▃▃▃▃▂▂▂▂▂▂▂▂▂▂▂▂▂▂▂▂▂▁▁▁▁▁▁▁▁▁▁▁▁▁▁▁▁
wandb: 
wandb: Run summary:
wandb:          epoch 100
wandb: train_accuracy 50.33113
wandb:     train_loss 0.71345
wandb:   val_accuracy 49.5098
wandb:       val_loss 0.71856
wandb: 
wandb: 🚀 View run intphys2_linear_videomae_v2_vit_giant_16_224_layer_30/trial_0012 at: https://wandb.ai/caselli-niccolo-developer-university-of-amsterdam/probe4physics/runs/bexgctal
wandb: ⭐️ View project at: https://wandb.ai/caselli-niccolo-developer-university-of-amsterdam/probe4physics
wandb: Synced 4 W&B file(s), 0 media file(s), 0 artifact file(s) and 0 other file(s)
wandb: Find logs at: ./wandb/run-20260426_174823-bexgctal/logs
[I 2026-04-26 17:48:27,091] Trial 12 pruned. Pruned at epoch 100 with val_accuracy=49.5098
wandb: setting up run 7urwi5pt
wandb: Tracking run with wandb version 0.26.1
wandb: Run data is saved locally in /gpfs/home3/scur0511/Probe4Physics/wandb/run-20260426_174827-7urwi5pt
wandb: Run `wandb offline` to turn off syncing.
wandb: Syncing run intphys2_linear_videomae_v2_vit_giant_16_224_layer_30/trial_0013
wandb: ⭐️ View project at https://wandb.ai/caselli-niccolo-developer-university-of-amsterdam/probe4physics
wandb: 🚀 View run at https://wandb.ai/caselli-niccolo-developer-university-of-amsterdam/probe4physics/runs/7urwi5pt
wandb: updating run metadata
wandb: uploading wandb-metadata.json; uploading requirements.txt; uploading wandb-summary.json; uploading config.yaml
wandb: 
wandb: Run history:
wandb:          epoch ▁▁▂▂▂▂▂▂▂▂▃▃▃▃▃▄▄▄▄▄▄▄▄▄▅▅▅▅▆▆▇▇▇▇▇▇████
wandb: train_accuracy ▄▃▃▃▅▃▁▅▂▄▆▃▄▄▄▄▅▄▅▄▄▃▂▄▆▆▆▅▅▆▆▆█▅▂█▄▅▄▄
wandb:     train_loss █▂▁▁▁▁▁▁▁▁▁▁▁▁▁▁▁▁▁▁▁▁▁▁▁▁▁▁▁▁▁▁▁▁▁▁▁▁▁▁
wandb:   val_accuracy ▂▆▅▇▁▂▆▂▂▇▁▃▅▃▂▆█▅▅▃▄▃▂▃▅▅▃▄▂▅▂▆█▅▂▇▃▅▆▇
wandb:       val_loss █▃▂▂▃▁▃▁▂▂▅▁▂▁▁▁▃▁▁▄▃▂▂▂▂▂▁▁▁▁▁▁▁▁▂▂▁▂▁▄
wandb: 
wandb: Run summary:
wandb:          epoch 102
wandb: train_accuracy 52.98013
wandb:     train_loss 0.69767
wandb:   val_accuracy 52.94118
wandb:       val_loss 0.69631
wandb: 
wandb: 🚀 View run intphys2_linear_videomae_v2_vit_giant_16_224_layer_30/trial_0013 at: https://wandb.ai/caselli-niccolo-developer-university-of-amsterdam/probe4physics/runs/7urwi5pt
wandb: ⭐️ View project at: https://wandb.ai/caselli-niccolo-developer-university-of-amsterdam/probe4physics
wandb: Synced 4 W&B file(s), 0 media file(s), 0 artifact file(s) and 0 other file(s)
wandb: Find logs at: ./wandb/run-20260426_174827-7urwi5pt/logs
[I 2026-04-26 17:48:31,975] Trial 13 pruned. Pruned at epoch 102 with val_accuracy=52.9412
wandb: setting up run y309s1xw
wandb: Tracking run with wandb version 0.26.1
wandb: Run data is saved locally in /gpfs/home3/scur0511/Probe4Physics/wandb/run-20260426_174832-y309s1xw
wandb: Run `wandb offline` to turn off syncing.
wandb: Syncing run intphys2_linear_videomae_v2_vit_giant_16_224_layer_30/trial_0014
wandb: ⭐️ View project at https://wandb.ai/caselli-niccolo-developer-university-of-amsterdam/probe4physics
wandb: 🚀 View run at https://wandb.ai/caselli-niccolo-developer-university-of-amsterdam/probe4physics/runs/y309s1xw
[eval.intphys2] Starting eval | split_name=val split_dir=data/splits/intphys2 predictor_mode=from_file metadata_file=data/annotations/intphys2_metadata.csv
[eval.intphys2] Loaded split assignments | split_scenes=51 split_samples=204
[eval.intphys2] Generated predictions | n_predictions=204
[eval.intphys2] Scoring complete | accuracy=65.6863 voe_accuracy=37.2549 n_scenes=51 n_samples=204
[eval.intphys2] Artifacts written | output_dir=artifacts/probes/intphys2/intphys2_probe_linear_videomae_v2_vit_giant_16_224_20260426T152148Z/layer_30/train/trial_0014/val_eval
wandb: updating run metadata
wandb: uploading output.log; uploading wandb-summary.json; uploading config.yaml
wandb: uploading history steps 803-999, summary, console lines 0-4
wandb: 
wandb: Run history:
wandb:          epoch ▁▁▁▁▁▂▂▂▂▃▃▃▃▃▃▄▄▄▄▄▄▄▄▅▅▆▆▆▆▆▇▇▇▇▇█████
wandb: train_accuracy ▁▂▂▂▃▄▃▂▃▃▄▃▅▂▂▄▅▃▆▆▆▄▅▄▅▅▇▅▆▇█▆█▅▇██▇█▅
wandb:     train_loss █▇▇██▆▆▇▆█▅▆▅▅▅█▄▄▄▃▄▃▃▄▄▄▃▆▃▄▂▁▃▁▁▁▁▃▂▁
wandb:   val_accuracy ▃▁▁▂▂▁▅▃▁▃▃▄▆▃▂▅▃▅▄▆▅▁▃▄▃█▃█▅▇█▅█▆▃▄▆█▆▄
wandb:       val_loss ▁▂▁▁▁▇▂▂▂▃▂▂▃▃▄▃▃▃▃▃▃▃▃█▄▄▅▅▄▆▆▄▅▄▄▅▆▆▅▅
wandb: 
wandb: Run summary:
wandb:           best_epoch 828
wandb:    best_val_accuracy 65.68627
wandb:        best_val_loss 0.93505
wandb: checkpoint_best_path artifacts/probes/int...
wandb: checkpoint_last_path artifacts/probes/int...
wandb:      checkpoint_path artifacts/probes/int...
wandb:              dataset intphys2
wandb:      elapsed_seconds 40.97036
wandb:                epoch 1000
wandb:    feature_signature b6519b564d05bc63
wandb:                  +22 ...
wandb: 
wandb: 🚀 View run intphys2_linear_videomae_v2_vit_giant_16_224_layer_30/trial_0014 at: https://wandb.ai/caselli-niccolo-developer-university-of-amsterdam/probe4physics/runs/y309s1xw
wandb: ⭐️ View project at: https://wandb.ai/caselli-niccolo-developer-university-of-amsterdam/probe4physics
wandb: Synced 5 W&B file(s), 0 media file(s), 0 artifact file(s) and 0 other file(s)
wandb: Find logs at: ./wandb/run-20260426_174832-y309s1xw/logs
[I 2026-04-26 17:49:14,973] Trial 14 finished with value: 37.254901960784316 and parameters: {'lr': 0.0009550389696130119, 'weight_decay': 0.0006287181301801359, 'batch_size': 32, 'epochs': 1000}. Best is trial 0 with value: 39.21568627450981.
wandb: setting up run yotd1985
wandb: Tracking run with wandb version 0.26.1
wandb: Run data is saved locally in /gpfs/home3/scur0511/Probe4Physics/wandb/run-20260426_174915-yotd1985
wandb: Run `wandb offline` to turn off syncing.
wandb: Syncing run intphys2_linear_videomae_v2_vit_giant_16_224_layer_30/trial_0015
wandb: ⭐️ View project at https://wandb.ai/caselli-niccolo-developer-university-of-amsterdam/probe4physics
wandb: 🚀 View run at https://wandb.ai/caselli-niccolo-developer-university-of-amsterdam/probe4physics/runs/yotd1985
[eval.intphys2] Starting eval | split_name=val split_dir=data/splits/intphys2 predictor_mode=from_file metadata_file=data/annotations/intphys2_metadata.csv
[eval.intphys2] Loaded split assignments | split_scenes=51 split_samples=204
[eval.intphys2] Generated predictions | n_predictions=204
[eval.intphys2] Scoring complete | accuracy=50.9804 voe_accuracy=11.7647 n_scenes=51 n_samples=204
[eval.intphys2] Artifacts written | output_dir=artifacts/probes/intphys2/intphys2_probe_linear_videomae_v2_vit_giant_16_224_20260426T152148Z/layer_30/train/trial_0015/val_eval
wandb: updating run metadata
wandb: uploading wandb-metadata.json; uploading requirements.txt; uploading output.log; uploading wandb-summary.json; uploading config.yaml
wandb: 
wandb: Run history:
wandb:          epoch ▁▁▂▂▂▃▃▄▄▄▅▅▅▆▆▇▇▇██
wandb: train_accuracy ▃▃▃▃▃▃▃▁▃▅▄▅▂▃▂▄█▄▅▄
wandb:     train_loss █▇▇▆▅▅▄▄▃▃▂▂▂▁▁▁▁▁▁▁
wandb:   val_accuracy ▄▄▄▄▄▄▄▄▁▄▃▄▆▄▆▄▆▆█▆
wandb:       val_loss █▇▇▆▅▄▄▃▃▂▂▂▁▁▁▁▁▁▁▁
wandb: 
wandb: Run summary:
wandb:           best_epoch 19
wandb:    best_val_accuracy 50.9804
wandb:        best_val_loss 1.04985
wandb: checkpoint_best_path artifacts/probes/int...
wandb: checkpoint_last_path artifacts/probes/int...
wandb:      checkpoint_path artifacts/probes/int...
wandb:              dataset intphys2
wandb:      elapsed_seconds 1.40136
wandb:                epoch 20
wandb:    feature_signature b6519b564d05bc63
wandb:                  +22 ...
wandb: 
wandb: 🚀 View run intphys2_linear_videomae_v2_vit_giant_16_224_layer_30/trial_0015 at: https://wandb.ai/caselli-niccolo-developer-university-of-amsterdam/probe4physics/runs/yotd1985
wandb: ⭐️ View project at: https://wandb.ai/caselli-niccolo-developer-university-of-amsterdam/probe4physics
wandb: Synced 5 W&B file(s), 0 media file(s), 0 artifact file(s) and 0 other file(s)
wandb: Find logs at: ./wandb/run-20260426_174915-yotd1985/logs
[I 2026-04-26 17:49:17,558] Trial 15 finished with value: 11.76470588235294 and parameters: {'lr': 2.990630550212624e-05, 'weight_decay': 4.792092864251368e-05, 'batch_size': 128, 'epochs': 20}. Best is trial 0 with value: 39.21568627450981.
wandb: setting up run n6qk1jzb
wandb: Tracking run with wandb version 0.26.1
wandb: Run data is saved locally in /gpfs/home3/scur0511/Probe4Physics/wandb/run-20260426_174917-n6qk1jzb
wandb: Run `wandb offline` to turn off syncing.
wandb: Syncing run intphys2_linear_videomae_v2_vit_giant_16_224_layer_30/trial_0016
wandb: ⭐️ View project at https://wandb.ai/caselli-niccolo-developer-university-of-amsterdam/probe4physics
wandb: 🚀 View run at https://wandb.ai/caselli-niccolo-developer-university-of-amsterdam/probe4physics/runs/n6qk1jzb
wandb: updating run metadata
wandb: uploading wandb-metadata.json; uploading requirements.txt; uploading wandb-summary.json; uploading config.yaml
wandb: uploading wandb-metadata.json; uploading requirements.txt; uploading config.yaml
wandb: 
wandb: Run history:
wandb:          epoch ▁▁▂▂▂▂▂▂▃▃▃▃▃▃▃▃▄▄▄▄▄▄▅▅▅▅▆▆▆▆▇▇▇▇▇▇▇▇▇█
wandb: train_accuracy ▁▃▁▃▂▃▁▃▄▂▅▂▃▃▄▃▅▂▃▄▅▃▄▃▆▅▃▅▅▃▅▄▃▃▄▄▂▃▄█
wandb:     train_loss █▄▅▄▃▂▂▂▂▂▂▂▂▂▁▂▁▂▁▁▂▂▂▂▂▂▁▁▁▁▁▁▁▁▁▂▁▁▂▁
wandb:   val_accuracy ▂▃▂▁▂▅▂▅▃▂▄▁▅▂▂▅▂▂▅▅▆▅▂▄▃▅▆▂█▂▆▃▆▄█▄▄▆▅▅
wandb:       val_loss ▃█▃▂▂▂▂▂▁▂▂▁▁▁▁▁▁▁▁▁▁▁▁▁▁▁▁▁▁▁▁▁▁▁▁▁▁▂▁▁
wandb: 
wandb: Run summary:
wandb:          epoch 102
wandb: train_accuracy 56.78808
wandb:     train_loss 0.68451
wandb:   val_accuracy 50.9804
wandb:       val_loss 0.71179
wandb: 
wandb: 🚀 View run intphys2_linear_videomae_v2_vit_giant_16_224_layer_30/trial_0016 at: https://wandb.ai/caselli-niccolo-developer-university-of-amsterdam/probe4physics/runs/n6qk1jzb
wandb: ⭐️ View project at: https://wandb.ai/caselli-niccolo-developer-university-of-amsterdam/probe4physics
wandb: Synced 4 W&B file(s), 0 media file(s), 0 artifact file(s) and 0 other file(s)
wandb: Find logs at: ./wandb/run-20260426_174917-n6qk1jzb/logs
[I 2026-04-26 17:49:21,847] Trial 16 pruned. Pruned at epoch 102 with val_accuracy=50.9804
wandb: setting up run 4gcdlk33
wandb: Tracking run with wandb version 0.26.1
wandb: Run data is saved locally in /gpfs/home3/scur0511/Probe4Physics/wandb/run-20260426_174922-4gcdlk33
wandb: Run `wandb offline` to turn off syncing.
wandb: Syncing run intphys2_linear_videomae_v2_vit_giant_16_224_layer_30/trial_0017
wandb: ⭐️ View project at https://wandb.ai/caselli-niccolo-developer-university-of-amsterdam/probe4physics
wandb: 🚀 View run at https://wandb.ai/caselli-niccolo-developer-university-of-amsterdam/probe4physics/runs/4gcdlk33
[eval.intphys2] Starting eval | split_name=val split_dir=data/splits/intphys2 predictor_mode=from_file metadata_file=data/annotations/intphys2_metadata.csv
[eval.intphys2] Loaded split assignments | split_scenes=51 split_samples=204
[eval.intphys2] Generated predictions | n_predictions=204
[eval.intphys2] Scoring complete | accuracy=64.7059 voe_accuracy=35.2941 n_scenes=51 n_samples=204
[eval.intphys2] Artifacts written | output_dir=artifacts/probes/intphys2/intphys2_probe_linear_videomae_v2_vit_giant_16_224_20260426T152148Z/layer_30/train/trial_0017/val_eval
wandb: updating run metadata
wandb: uploading output.log; uploading wandb-summary.json; uploading config.yaml
wandb: 
wandb: Run history:
wandb:          epoch ▁▁▁▁▂▂▂▂▃▃▃▃▃▃▃▃▅▅▅▅▅▅▅▅▆▆▆▆▆▆▆▇▇▇▇▇▇███
wandb: train_accuracy ▁▃▁▃▂▁▅▃▅▆▆▅▅▇▅▅▆▄▇▄▅▃▆▇▄▇▆▇▆▄█▇▇█▇▇▇██▇
wandb:     train_loss ██▅▇▇▇▄▃▃▅▇▅▄▂▅▃▃▃▆▆▂▃▃▂▁▆▂▄▁▁▆▂▄▃▁▄▁▂▃▂
wandb:   val_accuracy ▁▃▅▄▃▂▄▆▄▅▂▆▅▄██▅▅▄▆▇▅█▇▅▅▅▅▅▅▃▅▆█▅▃█▅▅▆
wandb:       val_loss ▂▁▁▁▃▃▂▂▃▃▄▃▃▃▅▄▃▄▄▄▄▄▆▅▅▆▅▅▆▆▆█▆▇▆▇███▇
wandb: 
wandb: Run summary:
wandb:           best_epoch 451
wandb:    best_val_accuracy 64.70589
wandb:        best_val_loss 1.20283
wandb: checkpoint_best_path artifacts/probes/int...
wandb: checkpoint_last_path artifacts/probes/int...
wandb:      checkpoint_path artifacts/probes/int...
wandb:              dataset intphys2
wandb:      elapsed_seconds 102.37089
wandb:                epoch 2000
wandb:    feature_signature b6519b564d05bc63
wandb:                  +22 ...
wandb: 
wandb: 🚀 View run intphys2_linear_videomae_v2_vit_giant_16_224_layer_30/trial_0017 at: https://wandb.ai/caselli-niccolo-developer-university-of-amsterdam/probe4physics/runs/4gcdlk33
wandb: ⭐️ View project at: https://wandb.ai/caselli-niccolo-developer-university-of-amsterdam/probe4physics
wandb: Synced 5 W&B file(s), 0 media file(s), 0 artifact file(s) and 0 other file(s)
wandb: Find logs at: ./wandb/run-20260426_174922-4gcdlk33/logs
[I 2026-04-26 17:51:06,081] Trial 17 finished with value: 35.294117647058826 and parameters: {'lr': 0.007985634897281529, 'weight_decay': 1.2297660068623619e-05, 'batch_size': 64, 'epochs': 2000}. Best is trial 0 with value: 39.21568627450981.
wandb: setting up run 6cnvsuts
wandb: Tracking run with wandb version 0.26.1
wandb: Run data is saved locally in /gpfs/home3/scur0511/Probe4Physics/wandb/run-20260426_175106-6cnvsuts
wandb: Run `wandb offline` to turn off syncing.
wandb: Syncing run intphys2_linear_videomae_v2_vit_giant_16_224_layer_30/trial_0018
wandb: ⭐️ View project at https://wandb.ai/caselli-niccolo-developer-university-of-amsterdam/probe4physics
wandb: 🚀 View run at https://wandb.ai/caselli-niccolo-developer-university-of-amsterdam/probe4physics/runs/6cnvsuts
wandb: updating run metadata
wandb: uploading wandb-metadata.json; uploading requirements.txt; uploading wandb-summary.json; uploading config.yaml
wandb: 
wandb: Run history:
wandb:          epoch ▁▁▂▂▂▃▃▃▃▃▄▄▄▄▄▄▅▅▅▅▅▅▅▆▆▆▆▆▆▆▆▆▇▇▇▇▇███
wandb: train_accuracy ▃▃▃▄▄▃▃▄▃▃▂▄▃▃▃▅▃▁▅▃▁▄▃▄▄▃▄▂▆▄▄▅▃▄▆▄▆█▄▆
wandb:     train_loss █▁▁▁▁▁▁▁▁▁▁▁▁▁▁▁▁▁▁▁▁▁▁▁▁▁▁▁▁▁▁▁▁▁▁▁▁▁▁▁
wandb:   val_accuracy ▂▂▂▂▄▁▂▄▂▂▂▆▅▇▇▃▄▄▇▂▄▄▂▄▆▇▂▆▂▄▇▁▃▅▃▆▇▄▄█
wandb:       val_loss █▃▃▃▂▂▂▂▂▂▂▂▂▂▂▂▂▂▂▂▁▁▁▁▁▁▁▁▂▁▁▁▁▁▁▁▁▁▁▁
wandb: 
wandb: Run summary:
wandb:          epoch 135
wandb: train_accuracy 52.15232
wandb:     train_loss 0.6903
wandb:   val_accuracy 50.4902
wandb:       val_loss 0.69962
wandb: 
wandb: 🚀 View run intphys2_linear_videomae_v2_vit_giant_16_224_layer_30/trial_0018 at: https://wandb.ai/caselli-niccolo-developer-university-of-amsterdam/probe4physics/runs/6cnvsuts
wandb: ⭐️ View project at: https://wandb.ai/caselli-niccolo-developer-university-of-amsterdam/probe4physics
wandb: Synced 4 W&B file(s), 0 media file(s), 0 artifact file(s) and 0 other file(s)
wandb: Find logs at: ./wandb/run-20260426_175106-6cnvsuts/logs
[I 2026-04-26 17:51:10,734] Trial 18 pruned. Pruned at epoch 135 with val_accuracy=50.4902
wandb: setting up run f80zfsju
wandb: Tracking run with wandb version 0.26.1
wandb: Run data is saved locally in /gpfs/home3/scur0511/Probe4Physics/wandb/run-20260426_175110-f80zfsju
wandb: Run `wandb offline` to turn off syncing.
wandb: Syncing run intphys2_linear_videomae_v2_vit_giant_16_224_layer_30/trial_0019
wandb: ⭐️ View project at https://wandb.ai/caselli-niccolo-developer-university-of-amsterdam/probe4physics
wandb: 🚀 View run at https://wandb.ai/caselli-niccolo-developer-university-of-amsterdam/probe4physics/runs/f80zfsju
wandb: updating run metadata
wandb: uploading wandb-summary.json; uploading config.yaml
wandb: 
wandb: Run history:
wandb:          epoch ▁▁▁▂▂▂▂▃▃▃▃▃▃▃▃▄▄▄▄▄▄▅▅▅▅▅▅▅▅▆▆▇▇▇▇▇▇███
wandb: train_accuracy ▂▂▁▃▂▂▂▃▃▄▁▃▄▄▅▃▄▄▅▃▄▅▃▆▄▄▆▆▆▅▆▅▆▅▆█▆▆██
wandb:     train_loss ▇▅▆▇█▅▅▅▆▄▇▄▄▃▄▆▃▅▄▄▃▃▄▆▃▅▄▅▃▄▃▂▂▂▃▂▂▂▂▁
wandb:   val_accuracy ▃▂▃▂▄▃▄▁▄▃▃▄▆▃▅▂▂▄▄▄▃▄█▆▄▆▅▅▇▃▅▂▇▂▄▆▇▄▄▇
wandb:       val_loss ▂█▄▆▃▁▂▄▁▁▁▂▁▁▁▁▃▂▂▃▂▁▁▁▁▁▂▁▄▂▁▂▂▁▁▁▁▂▁▂
wandb: 
wandb: Run summary:
wandb:          epoch 344
wandb: train_accuracy 63.07947
wandb:     train_loss 0.66251
wandb:   val_accuracy 54.90196
wandb:       val_loss 0.69682
wandb: 
wandb: 🚀 View run intphys2_linear_videomae_v2_vit_giant_16_224_layer_30/trial_0019 at: https://wandb.ai/caselli-niccolo-developer-university-of-amsterdam/probe4physics/runs/f80zfsju
wandb: ⭐️ View project at: https://wandb.ai/caselli-niccolo-developer-university-of-amsterdam/probe4physics
wandb: Synced 4 W&B file(s), 0 media file(s), 0 artifact file(s) and 0 other file(s)
wandb: Find logs at: ./wandb/run-20260426_175110-f80zfsju/logs
[I 2026-04-26 17:51:23,787] Trial 19 pruned. Pruned at epoch 344 with val_accuracy=54.9020
[eval.intphys2] Starting eval | split_name=train split_dir=data/splits/intphys2 predictor_mode=from_file metadata_file=data/annotations/intphys2_metadata.csv
[eval.intphys2] Loaded split assignments | split_scenes=151 split_samples=604
[eval.intphys2] Generated predictions | n_predictions=604
[eval.intphys2] Scoring complete | accuracy=76.8212 voe_accuracy=59.6026 n_scenes=151 n_samples=604
[eval.intphys2] Artifacts written | output_dir=artifacts/probes/intphys2/intphys2_probe_linear_videomae_v2_vit_giant_16_224_20260426T152148Z/layer_30/eval/train
[eval.intphys2] Starting eval | split_name=val split_dir=data/splits/intphys2 predictor_mode=from_file metadata_file=data/annotations/intphys2_metadata.csv
[eval.intphys2] Loaded split assignments | split_scenes=51 split_samples=204
[eval.intphys2] Generated predictions | n_predictions=204
[eval.intphys2] Scoring complete | accuracy=63.7255 voe_accuracy=39.2157 n_scenes=51 n_samples=204
[eval.intphys2] Artifacts written | output_dir=artifacts/probes/intphys2/intphys2_probe_linear_videomae_v2_vit_giant_16_224_20260426T152148Z/layer_30/eval/val
[eval.intphys2] Starting eval | split_name=test split_dir=data/splits/intphys2 predictor_mode=from_file metadata_file=data/annotations/intphys2_metadata.csv
[eval.intphys2] Loaded split assignments | split_scenes=51 split_samples=204
[eval.intphys2] Generated predictions | n_predictions=204
[eval.intphys2] Scoring complete | accuracy=58.8235 voe_accuracy=41.1765 n_scenes=51 n_samples=204
[eval.intphys2] Artifacts written | output_dir=artifacts/probes/intphys2/intphys2_probe_linear_videomae_v2_vit_giant_16_224_20260426T152148Z/layer_30/eval/test
[I 2026-04-26 17:51:24,151] A new study created in RDB with name: intphys2_linear_videomae_v2_vit_giant_16_224_layer_40
wandb: setting up run 5pxa7127
wandb: Tracking run with wandb version 0.26.1
wandb: Run data is saved locally in /gpfs/home3/scur0511/Probe4Physics/wandb/run-20260426_175124-5pxa7127
wandb: Run `wandb offline` to turn off syncing.
wandb: Syncing run intphys2_linear_videomae_v2_vit_giant_16_224_layer_40/trial_0000
wandb: ⭐️ View project at https://wandb.ai/caselli-niccolo-developer-university-of-amsterdam/probe4physics
wandb: 🚀 View run at https://wandb.ai/caselli-niccolo-developer-university-of-amsterdam/probe4physics/runs/5pxa7127
[eval.intphys2] Starting eval | split_name=val split_dir=data/splits/intphys2 predictor_mode=from_file metadata_file=data/annotations/intphys2_metadata.csv
[eval.intphys2] Loaded split assignments | split_scenes=51 split_samples=204
[eval.intphys2] Generated predictions | n_predictions=204
[eval.intphys2] Scoring complete | accuracy=58.3333 voe_accuracy=25.4902 n_scenes=51 n_samples=204
[eval.intphys2] Artifacts written | output_dir=artifacts/probes/intphys2/intphys2_probe_linear_videomae_v2_vit_giant_16_224_20260426T152148Z/layer_40/train/trial_0000/val_eval
wandb: updating run metadata
wandb: uploading output.log; uploading wandb-summary.json; uploading config.yaml
wandb: 
wandb: Run history:
wandb:          epoch ▁▁▁▁▁▂▂▂▂▂▂▃▃▃▃▃▄▄▄▄▄▄▄▄▄▅▅▅▅▅▆▆▆▆▆▇▇▇██
wandb: train_accuracy ▁▂▁▂▃▃▂▃▃▄▂▃▄▃▅▄▄▄▄▅▅▅▄▆▆▅▅▆▃▆▄▄▆▆▆▇██▆▇
wandb:     train_loss █████▇▆▆▇▆▆▅▆▅▆▅▅▅▄▅▄▄▄▄▃▃▃▃▂▄▃▂▃▂▂▂▂▂▁▁
wandb:   val_accuracy ▃▄▁▂▂▄▇▁▆▃▂▅▅▂▇▂▅▅▄▆▃▃▄▅▇█▇▅▅▅▆▅▆▃▆▅▅█▆▇
wandb:       val_loss ▃▄▃▁▁▂▁▁▂▁▂▁▁▂▂▄▂▃▂▂▃▂▆▃▃▃▄▃▅▃▃▃▆▄▄█▆▆▆█
wandb: 
wandb: Run summary:
wandb:           best_epoch 601
wandb:    best_val_accuracy 58.33333
wandb:        best_val_loss 0.6977
wandb: checkpoint_best_path artifacts/probes/int...
wandb: checkpoint_last_path artifacts/probes/int...
wandb:      checkpoint_path artifacts/probes/int...
wandb:              dataset intphys2
wandb:      elapsed_seconds 111.9262
wandb:                epoch 2000
wandb:    feature_signature b6519b564d05bc63
wandb:                  +22 ...
wandb: 
wandb: 🚀 View run intphys2_linear_videomae_v2_vit_giant_16_224_layer_40/trial_0000 at: https://wandb.ai/caselli-niccolo-developer-university-of-amsterdam/probe4physics/runs/5pxa7127
wandb: ⭐️ View project at: https://wandb.ai/caselli-niccolo-developer-university-of-amsterdam/probe4physics
wandb: Synced 5 W&B file(s), 0 media file(s), 0 artifact file(s) and 0 other file(s)
wandb: Find logs at: ./wandb/run-20260426_175124-5pxa7127/logs
[I 2026-04-26 17:53:17,841] Trial 0 finished with value: 25.49019607843137 and parameters: {'lr': 0.0001329291894316216, 'weight_decay': 0.005061576888752304, 'batch_size': 32, 'epochs': 2000}. Best is trial 0 with value: 25.49019607843137.
wandb: setting up run op7rlii9
wandb: Tracking run with wandb version 0.26.1
wandb: Run data is saved locally in /gpfs/home3/scur0511/Probe4Physics/wandb/run-20260426_175318-op7rlii9
wandb: Run `wandb offline` to turn off syncing.
wandb: Syncing run intphys2_linear_videomae_v2_vit_giant_16_224_layer_40/trial_0001
wandb: ⭐️ View project at https://wandb.ai/caselli-niccolo-developer-university-of-amsterdam/probe4physics
wandb: 🚀 View run at https://wandb.ai/caselli-niccolo-developer-university-of-amsterdam/probe4physics/runs/op7rlii9
[eval.intphys2] Starting eval | split_name=val split_dir=data/splits/intphys2 predictor_mode=from_file metadata_file=data/annotations/intphys2_metadata.csv
[eval.intphys2] Loaded split assignments | split_scenes=51 split_samples=204
[eval.intphys2] Generated predictions | n_predictions=204
[eval.intphys2] Scoring complete | accuracy=57.3529 voe_accuracy=27.4510 n_scenes=51 n_samples=204
[eval.intphys2] Artifacts written | output_dir=artifacts/probes/intphys2/intphys2_probe_linear_videomae_v2_vit_giant_16_224_20260426T152148Z/layer_40/train/trial_0001/val_eval
wandb: updating run metadata
wandb: uploading wandb-summary.json; uploading config.yaml; uploading wandb-metadata.json; uploading requirements.txt; uploading output.log
wandb: 
wandb: Run history:
wandb:          epoch ▁▁▁▁▂▂▂▂▃▃▃▃▃▄▄▄▄▄▄▄▄▅▅▅▅▆▆▆▆▆▆▆▆▇▇▇▇███
wandb: train_accuracy ▁▅▂▄▂▅▃▄▄▄▃▂▄▃▇▆▇▄▃▅▁▅▆▁▅▆▇▆▂▇▇▅██▂▃▆▃▄▅
wandb:     train_loss █▄▃▂▂▃▁▂▂▂▄▁▁▁▁▁▂▂▁▁▂▁▁▁▁▁▁▂▁▁▁▁▁▂▃▂▂▁▂▁
wandb:   val_accuracy ▃▄▅▅▅▃▃▃▃▃▃▅▅▁▅▂▃▃▁▃▃▇▂▇▃▅▂▅▃▄▃▇▃█▃▃▄▅▅▄
wandb:       val_loss ▆▂▅▆▅▁▂▁▁▂▂▂█▁▁▃▄▁▃▂▁▁▁▂▁▂▂▂▂▃▁▁▁▂▁▃▃▄█▂
wandb: 
wandb: Run summary:
wandb:           best_epoch 75
wandb:    best_val_accuracy 57.35294
wandb:        best_val_loss 0.69563
wandb: checkpoint_best_path artifacts/probes/int...
wandb: checkpoint_last_path artifacts/probes/int...
wandb:      checkpoint_path artifacts/probes/int...
wandb:              dataset intphys2
wandb:      elapsed_seconds 2.85634
wandb:                epoch 100
wandb:    feature_signature b6519b564d05bc63
wandb:                  +22 ...
wandb: 
wandb: 🚀 View run intphys2_linear_videomae_v2_vit_giant_16_224_layer_40/trial_0001 at: https://wandb.ai/caselli-niccolo-developer-university-of-amsterdam/probe4physics/runs/op7rlii9
wandb: ⭐️ View project at: https://wandb.ai/caselli-niccolo-developer-university-of-amsterdam/probe4physics
wandb: Synced 5 W&B file(s), 0 media file(s), 0 artifact file(s) and 0 other file(s)
wandb: Find logs at: ./wandb/run-20260426_175318-op7rlii9/logs
[I 2026-04-26 17:53:21,819] Trial 1 finished with value: 27.450980392156865 and parameters: {'lr': 0.00314288089084011, 'weight_decay': 1.879466824163843e-07, 'batch_size': 256, 'epochs': 100}. Best is trial 1 with value: 27.450980392156865.
wandb: setting up run 780ekezi
wandb: Tracking run with wandb version 0.26.1
wandb: Run data is saved locally in /gpfs/home3/scur0511/Probe4Physics/wandb/run-20260426_175322-780ekezi
wandb: Run `wandb offline` to turn off syncing.
wandb: Syncing run intphys2_linear_videomae_v2_vit_giant_16_224_layer_40/trial_0002
wandb: ⭐️ View project at https://wandb.ai/caselli-niccolo-developer-university-of-amsterdam/probe4physics
wandb: 🚀 View run at https://wandb.ai/caselli-niccolo-developer-university-of-amsterdam/probe4physics/runs/780ekezi
[eval.intphys2] Starting eval | split_name=val split_dir=data/splits/intphys2 predictor_mode=from_file metadata_file=data/annotations/intphys2_metadata.csv
[eval.intphys2] Loaded split assignments | split_scenes=51 split_samples=204
[eval.intphys2] Generated predictions | n_predictions=204
[eval.intphys2] Scoring complete | accuracy=59.8039 voe_accuracy=23.5294 n_scenes=51 n_samples=204
[eval.intphys2] Artifacts written | output_dir=artifacts/probes/intphys2/intphys2_probe_linear_videomae_v2_vit_giant_16_224_20260426T152148Z/layer_40/train/trial_0002/val_eval
wandb: updating run metadata
wandb: uploading output.log; uploading wandb-summary.json; uploading config.yaml
wandb: 
wandb: Run history:
wandb:          epoch ▁▁▁▂▂▂▂▂▂▃▃▃▃▃▃▄▄▄▄▄▅▅▅▅▆▆▆▆▆▆▇▇▇▇▇▇▇▇██
wandb: train_accuracy ▂▂▁▂▂▃▁▂▂▁▂▃▃▄▃▄▅▃▃▇▆▅▅▇▅▆▆█▅▅▆▃█▇▄▆▅█▆▅
wandb:     train_loss █▇▇▇▇▆▇▅▅▅▅▅▅▄▅▄▅▄▄▄▃▄▅▅▃▄▄▄▃▂▂▃▂▂▂▂▁▃▁▁
wandb:   val_accuracy ▃▃▃▂▃▂▃▃▁▅▄▃▂▆▆▄▂▄▃▅▅▅▅▄▅▄▄▇▅▇▆▅▆▄▇█▅▆▄▆
wandb:       val_loss █▅▅▂▂▂▁▁▁▁▁▃▁▁▁▁▁▁▃▂▁▁▁▂▂▁▁▁▁▁▃▁▁▁▁▁▁▁▁▂
wandb: 
wandb: Run summary:
wandb:           best_epoch 925
wandb:    best_val_accuracy 59.80392
wandb:        best_val_loss 0.69558
wandb: checkpoint_best_path artifacts/probes/int...
wandb: checkpoint_last_path artifacts/probes/int...
wandb:      checkpoint_path artifacts/probes/int...
wandb:              dataset intphys2
wandb:      elapsed_seconds 31.9529
wandb:                epoch 1000
wandb:    feature_signature b6519b564d05bc63
wandb:                  +22 ...
wandb: 
wandb: 🚀 View run intphys2_linear_videomae_v2_vit_giant_16_224_layer_40/trial_0002 at: https://wandb.ai/caselli-niccolo-developer-university-of-amsterdam/probe4physics/runs/780ekezi
wandb: ⭐️ View project at: https://wandb.ai/caselli-niccolo-developer-university-of-amsterdam/probe4physics
wandb: Synced 5 W&B file(s), 0 media file(s), 0 artifact file(s) and 0 other file(s)
wandb: Find logs at: ./wandb/run-20260426_175322-780ekezi/logs
[I 2026-04-26 17:53:55,584] Trial 2 finished with value: 23.52941176470588 and parameters: {'lr': 0.00023345864076016249, 'weight_decay': 0.0005141096648805752, 'batch_size': 128, 'epochs': 1000}. Best is trial 1 with value: 27.450980392156865.
wandb: setting up run 5zoiei74
wandb: Tracking run with wandb version 0.26.1
wandb: Run data is saved locally in /gpfs/home3/scur0511/Probe4Physics/wandb/run-20260426_175355-5zoiei74
wandb: Run `wandb offline` to turn off syncing.
wandb: Syncing run intphys2_linear_videomae_v2_vit_giant_16_224_layer_40/trial_0003
wandb: ⭐️ View project at https://wandb.ai/caselli-niccolo-developer-university-of-amsterdam/probe4physics
wandb: 🚀 View run at https://wandb.ai/caselli-niccolo-developer-university-of-amsterdam/probe4physics/runs/5zoiei74
[eval.intphys2] Starting eval | split_name=val split_dir=data/splits/intphys2 predictor_mode=from_file metadata_file=data/annotations/intphys2_metadata.csv
[eval.intphys2] Loaded split assignments | split_scenes=51 split_samples=204
[eval.intphys2] Generated predictions | n_predictions=204
[eval.intphys2] Scoring complete | accuracy=52.4510 voe_accuracy=9.8039 n_scenes=51 n_samples=204
[eval.intphys2] Artifacts written | output_dir=artifacts/probes/intphys2/intphys2_probe_linear_videomae_v2_vit_giant_16_224_20260426T152148Z/layer_40/train/trial_0003/val_eval
wandb: updating run metadata
wandb: uploading wandb-metadata.json; uploading requirements.txt; uploading output.log; uploading wandb-summary.json; uploading config.yaml
wandb: uploading wandb-metadata.json; uploading requirements.txt; uploading wandb-summary.json
wandb: 
wandb: Run history:
wandb:          epoch ▁▁▁▁▂▂▂▂▂▂▃▃▃▃▃▄▄▄▄▄▅▅▅▅▅▅▆▆▆▆▆▆▇▇▇▇▇███
wandb: train_accuracy ▄▁▅▃▄▆▄▄▄▃▄▄▅▆▅▃▅▅▆▄▇▄▃▄▆█▃▅▃█▅▃▁▅▃▂▃▄▄▄
wandb:     train_loss █▃▂▁▁▁▁▁▁▁▁▁▁▁▁▁▁▁▁▁▁▁▁▁▁▁▁▁▁▁▁▁▁▁▁▁▁▁▁▁
wandb:   val_accuracy ▅▅▅▄▄▅▆▅▇▅▂▅▄▆▄▂▂▅▄▃▅▄▄▅▃▂█▄▂▅▅▃▂▁▄▄▅▇▇▄
wandb:       val_loss █▂▂▂▂▁▁▁▁▁▁▁▁▁▁▁▁▁▁▁▁▁▁▁▁▁▁▁▁▁▁▁▁▁▁▁▁▁▁▁
wandb: 
wandb: Run summary:
wandb:           best_epoch 34
wandb:    best_val_accuracy 52.45098
wandb:        best_val_loss 0.71618
wandb: checkpoint_best_path artifacts/probes/int...
wandb: checkpoint_last_path artifacts/probes/int...
wandb:      checkpoint_path artifacts/probes/int...
wandb:              dataset intphys2
wandb:      elapsed_seconds 2.40755
wandb:                epoch 50
wandb:    feature_signature b6519b564d05bc63
wandb:                  +22 ...
wandb: 
wandb: 🚀 View run intphys2_linear_videomae_v2_vit_giant_16_224_layer_40/trial_0003 at: https://wandb.ai/caselli-niccolo-developer-university-of-amsterdam/probe4physics/runs/5zoiei74
wandb: ⭐️ View project at: https://wandb.ai/caselli-niccolo-developer-university-of-amsterdam/probe4physics
wandb: Synced 5 W&B file(s), 0 media file(s), 0 artifact file(s) and 0 other file(s)
wandb: Find logs at: ./wandb/run-20260426_175355-5zoiei74/logs
[I 2026-04-26 17:53:59,376] Trial 3 finished with value: 9.803921568627452 and parameters: {'lr': 8.200518402245828e-05, 'weight_decay': 3.855073690026179e-08, 'batch_size': 32, 'epochs': 50}. Best is trial 1 with value: 27.450980392156865.
wandb: setting up run eyz2zmry
wandb: Tracking run with wandb version 0.26.1
wandb: Run data is saved locally in /gpfs/home3/scur0511/Probe4Physics/wandb/run-20260426_175359-eyz2zmry
wandb: Run `wandb offline` to turn off syncing.
wandb: Syncing run intphys2_linear_videomae_v2_vit_giant_16_224_layer_40/trial_0004
wandb: ⭐️ View project at https://wandb.ai/caselli-niccolo-developer-university-of-amsterdam/probe4physics
wandb: 🚀 View run at https://wandb.ai/caselli-niccolo-developer-university-of-amsterdam/probe4physics/runs/eyz2zmry
[eval.intphys2] Starting eval | split_name=val split_dir=data/splits/intphys2 predictor_mode=from_file metadata_file=data/annotations/intphys2_metadata.csv
[eval.intphys2] Loaded split assignments | split_scenes=51 split_samples=204
[eval.intphys2] Generated predictions | n_predictions=204
[eval.intphys2] Scoring complete | accuracy=53.4314 voe_accuracy=21.5686 n_scenes=51 n_samples=204
[eval.intphys2] Artifacts written | output_dir=artifacts/probes/intphys2/intphys2_probe_linear_videomae_v2_vit_giant_16_224_20260426T152148Z/layer_40/train/trial_0004/val_eval
wandb: updating run metadata
wandb: uploading wandb-metadata.json; uploading requirements.txt; uploading output.log; uploading wandb-summary.json; uploading config.yaml
wandb: 
wandb: Run history:
wandb:          epoch ▁▁▁▁▂▂▂▂▂▂▃▃▃▃▃▄▄▄▄▄▅▅▅▅▅▅▆▆▆▆▆▇▇▇▇▇▇███
wandb: train_accuracy ▁▂▆▅▃▂▃▆▂▁▆▂▄▅▇▃▇▂█▅▄▇▆▄▆▇▅▆▅▃█▄▆▆▆▃▇▃▃▆
wandb:     train_loss █▂▂▁▁▂▁▁▁▁▁▁▁▁▁▁▁▂▁▁▁▁▁▁▁▁▁▁▁▁▁▁▂▁▁▁▁▂▁▁
wandb:   val_accuracy ▅▅▃▄▂▅▃▆▁█▆▁▂▃▁▂▃▁▂▇▇▃▃▇▂▄▅▃▂▇▃▇▃█▄▇▃▇▅▂
wandb:       val_loss ▆▅▃▂▃▂▁▂▁▃▃▁▁▂▂▁▂▅▁▂▂▁█▄▁▁▁▃▂▂▅█▁▃▁▅▂▆▁▃
wandb: 
wandb: Run summary:
wandb:           best_epoch 42
wandb:    best_val_accuracy 53.43137
wandb:        best_val_loss 0.70059
wandb: checkpoint_best_path artifacts/probes/int...
wandb: checkpoint_last_path artifacts/probes/int...
wandb:      checkpoint_path artifacts/probes/int...
wandb:              dataset intphys2
wandb:      elapsed_seconds 2.40842
wandb:                epoch 50
wandb:    feature_signature b6519b564d05bc63
wandb:                  +22 ...
wandb: 
wandb: 🚀 View run intphys2_linear_videomae_v2_vit_giant_16_224_layer_40/trial_0004 at: https://wandb.ai/caselli-niccolo-developer-university-of-amsterdam/probe4physics/runs/eyz2zmry
wandb: ⭐️ View project at: https://wandb.ai/caselli-niccolo-developer-university-of-amsterdam/probe4physics
wandb: Synced 5 W&B file(s), 0 media file(s), 0 artifact file(s) and 0 other file(s)
wandb: Find logs at: ./wandb/run-20260426_175359-eyz2zmry/logs
[I 2026-04-26 17:54:02,880] Trial 4 finished with value: 21.568627450980394 and parameters: {'lr': 0.00043664735929796326, 'weight_decay': 1.2856617791467908e-07, 'batch_size': 32, 'epochs': 50}. Best is trial 1 with value: 27.450980392156865.
wandb: setting up run 9f9a0jbl
wandb: Tracking run with wandb version 0.26.1
wandb: Run data is saved locally in /gpfs/home3/scur0511/Probe4Physics/wandb/run-20260426_175403-9f9a0jbl
wandb: Run `wandb offline` to turn off syncing.
wandb: Syncing run intphys2_linear_videomae_v2_vit_giant_16_224_layer_40/trial_0005
wandb: ⭐️ View project at https://wandb.ai/caselli-niccolo-developer-university-of-amsterdam/probe4physics
wandb: 🚀 View run at https://wandb.ai/caselli-niccolo-developer-university-of-amsterdam/probe4physics/runs/9f9a0jbl
[eval.intphys2] Starting eval | split_name=val split_dir=data/splits/intphys2 predictor_mode=from_file metadata_file=data/annotations/intphys2_metadata.csv
[eval.intphys2] Loaded split assignments | split_scenes=51 split_samples=204
[eval.intphys2] Generated predictions | n_predictions=204
[eval.intphys2] Scoring complete | accuracy=58.3333 voe_accuracy=25.4902 n_scenes=51 n_samples=204
[eval.intphys2] Artifacts written | output_dir=artifacts/probes/intphys2/intphys2_probe_linear_videomae_v2_vit_giant_16_224_20260426T152148Z/layer_40/train/trial_0005/val_eval
wandb: updating run metadata
wandb: uploading output.log; uploading wandb-summary.json; uploading config.yaml
wandb: 
wandb: Run history:
wandb:          epoch ▁▁▁▂▂▂▂▂▂▂▂▂▃▃▃▃▃▃▄▄▄▄▄▅▅▅▅▅▅▆▆▇▇▇▇▇▇▇▇█
wandb: train_accuracy ▂▂▃▂▄▃▁▄▄▃▃▃▄▅▃▃▄▇▄▃▆▃▇▇▆▄▆▇▇█▅█▅▇▅▅▇▆▅▇
wandb:     train_loss ▇▆▇▆▅▄▅▄█▃▅▇▄▃▅▄▃▃▄▄▂▄▂▂▃▄▃▁▃▄▂▁▂▂▂▁▂▁▃▁
wandb:   val_accuracy ▃▁▃▅▁▂▄▂▃▁▃▆▂▇▁▅█▅▃█▆▁▅▃▇▆▄▂▆▄▃▃▅▄▆▅▃▄▅▃
wandb:       val_loss ▄▃▂▂▃▂▂█▁▃▃▁▁▃▂▅▃▂▄▁▂▁▂▂▅▂▅▁▁▂▁▁▄▁▁▄▃▁▂▁
wandb: 
wandb: Run summary:
wandb:           best_epoch 344
wandb:    best_val_accuracy 58.33333
wandb:        best_val_loss 0.69668
wandb: checkpoint_best_path artifacts/probes/int...
wandb: checkpoint_last_path artifacts/probes/int...
wandb:      checkpoint_path artifacts/probes/int...
wandb:              dataset intphys2
wandb:      elapsed_seconds 17.5827
wandb:                epoch 500
wandb:    feature_signature b6519b564d05bc63
wandb:                  +22 ...
wandb: 
wandb: 🚀 View run intphys2_linear_videomae_v2_vit_giant_16_224_layer_40/trial_0005 at: https://wandb.ai/caselli-niccolo-developer-university-of-amsterdam/probe4physics/runs/9f9a0jbl
wandb: ⭐️ View project at: https://wandb.ai/caselli-niccolo-developer-university-of-amsterdam/probe4physics
wandb: Synced 5 W&B file(s), 0 media file(s), 0 artifact file(s) and 0 other file(s)
wandb: Find logs at: ./wandb/run-20260426_175403-9f9a0jbl/logs
[I 2026-04-26 17:54:21,589] Trial 5 finished with value: 25.49019607843137 and parameters: {'lr': 0.00014656553886225324, 'weight_decay': 4.247116662617142e-07, 'batch_size': 32, 'epochs': 500}. Best is trial 1 with value: 27.450980392156865.
wandb: setting up run zkobz94t
wandb: Tracking run with wandb version 0.26.1
wandb: Run data is saved locally in /gpfs/home3/scur0511/Probe4Physics/wandb/run-20260426_175421-zkobz94t
wandb: Run `wandb offline` to turn off syncing.
wandb: Syncing run intphys2_linear_videomae_v2_vit_giant_16_224_layer_40/trial_0006
wandb: ⭐️ View project at https://wandb.ai/caselli-niccolo-developer-university-of-amsterdam/probe4physics
wandb: 🚀 View run at https://wandb.ai/caselli-niccolo-developer-university-of-amsterdam/probe4physics/runs/zkobz94t
[eval.intphys2] Starting eval | split_name=val split_dir=data/splits/intphys2 predictor_mode=from_file metadata_file=data/annotations/intphys2_metadata.csv
[eval.intphys2] Loaded split assignments | split_scenes=51 split_samples=204
[eval.intphys2] Generated predictions | n_predictions=204
[eval.intphys2] Scoring complete | accuracy=51.9608 voe_accuracy=11.7647 n_scenes=51 n_samples=204
[eval.intphys2] Artifacts written | output_dir=artifacts/probes/intphys2/intphys2_probe_linear_videomae_v2_vit_giant_16_224_20260426T152148Z/layer_40/train/trial_0006/val_eval
wandb: updating run metadata
wandb: uploading history steps 0-99, summary, console lines 0-4
wandb: 
wandb: Run history:
wandb:          epoch ▁▁▁▁▁▂▂▂▂▂▃▃▃▃▃▃▄▄▄▄▄▄▄▅▅▅▅▅▆▆▆▆▇▇▇▇▇▇██
wandb: train_accuracy ▆▅▅▅▅▄▆▅▆▅▆▆▄▆▆▃▄▅▅▁▂▂▂▂▄▆▃▅▇▆▂▄▆▆▄▇█▄▅▇
wandb:     train_loss █▇▇▇▇▆▆▅▅▅▄▄▃▃▃▂▂▂▂▂▂▂▂▁▁▁▁▁▁▁▁▁▁▁▁▁▁▁▁▁
wandb:   val_accuracy ▇▄▄▄▄▄▄▄▄▄▆▆▄▃▃▅▄▅▅▄▄▄▃▁▃▃▂▅▇█▅████▅▆▅▄▆
wandb:       val_loss █▇▇▆▆▆▅▅▅▄▃▃▃▃▂▂▂▂▂▂▁▁▁▁▁▁▁▁▁▁▁▁▁▁▁▁▁▁▁▁
wandb: 
wandb: Run summary:
wandb:           best_epoch 80
wandb:    best_val_accuracy 51.96078
wandb:        best_val_loss 0.7288
wandb: checkpoint_best_path artifacts/probes/int...
wandb: checkpoint_last_path artifacts/probes/int...
wandb:      checkpoint_path artifacts/probes/int...
wandb:              dataset intphys2
wandb:      elapsed_seconds 2.93224
wandb:                epoch 100
wandb:    feature_signature b6519b564d05bc63
wandb:                  +22 ...
wandb: 
wandb: 🚀 View run intphys2_linear_videomae_v2_vit_giant_16_224_layer_40/trial_0006 at: https://wandb.ai/caselli-niccolo-developer-university-of-amsterdam/probe4physics/runs/zkobz94t
wandb: ⭐️ View project at: https://wandb.ai/caselli-niccolo-developer-university-of-amsterdam/probe4physics
wandb: Synced 5 W&B file(s), 0 media file(s), 0 artifact file(s) and 0 other file(s)
wandb: Find logs at: ./wandb/run-20260426_175421-zkobz94t/logs
[I 2026-04-26 17:54:25,955] Trial 6 finished with value: 11.76470588235294 and parameters: {'lr': 1.0388823104027935e-05, 'weight_decay': 0.0007812113973534924, 'batch_size': 128, 'epochs': 100}. Best is trial 1 with value: 27.450980392156865.
wandb: setting up run l3gg3m6a
wandb: Tracking run with wandb version 0.26.1
wandb: Run data is saved locally in /gpfs/home3/scur0511/Probe4Physics/wandb/run-20260426_175426-l3gg3m6a
wandb: Run `wandb offline` to turn off syncing.
wandb: Syncing run intphys2_linear_videomae_v2_vit_giant_16_224_layer_40/trial_0007
wandb: ⭐️ View project at https://wandb.ai/caselli-niccolo-developer-university-of-amsterdam/probe4physics
wandb: 🚀 View run at https://wandb.ai/caselli-niccolo-developer-university-of-amsterdam/probe4physics/runs/l3gg3m6a
wandb: updating run metadata
wandb: uploading wandb-summary.json
wandb: 
wandb: Run history:
wandb:          epoch ▁▁▁▁▁▂▂▂▂▃▃▃▄▄▄▄▄▄▄▄▄▅▅▅▅▅▅▆▆▆▆▇▇▇▇▇▇▇██
wandb: train_accuracy ▂▂▂▂▂▂▂▂▂▄▄▄▃▄▃▄▃▁▃▄▆▄▂▃▃▅▄▅▆▄▄▅▄▃▅█▇▂▃▇
wandb:     train_loss █▃▂▂▁▁▁▁▁▁▁▁▁▁▁▁▁▁▁▁▁▁▁▁▁▁▁▁▁▁▁▁▁▁▁▁▁▁▁▁
wandb:   val_accuracy ▄▄▄▃▁▃▃▂▃▃▄▆▄▂▆▆▄▃▂▅▅▄▇▄▄▇▆▇▇▆▃▂▃█▅▄▇▇▄▅
wandb:       val_loss ██▅▄▂▂▂▂▂▁▁▁▁▁▁▁▁▁▁▁▁▁▁▁▁▁▁▁▁▁▁▁▁▁▁▁▁▁▁▁
wandb: 
wandb: Run summary:
wandb:          epoch 227
wandb: train_accuracy 53.80795
wandb:     train_loss 0.69179
wandb:   val_accuracy 51.47059
wandb:       val_loss 0.70098
wandb: 
wandb: 🚀 View run intphys2_linear_videomae_v2_vit_giant_16_224_layer_40/trial_0007 at: https://wandb.ai/caselli-niccolo-developer-university-of-amsterdam/probe4physics/runs/l3gg3m6a
wandb: ⭐️ View project at: https://wandb.ai/caselli-niccolo-developer-university-of-amsterdam/probe4physics
wandb: Synced 4 W&B file(s), 0 media file(s), 0 artifact file(s) and 0 other file(s)
wandb: Find logs at: ./wandb/run-20260426_175426-l3gg3m6a/logs
[I 2026-04-26 17:54:33,440] Trial 7 pruned. Pruned at epoch 227 with val_accuracy=51.4706
wandb: setting up run xahqfomc
wandb: Tracking run with wandb version 0.26.1
wandb: Run data is saved locally in /gpfs/home3/scur0511/Probe4Physics/wandb/run-20260426_175433-xahqfomc
wandb: Run `wandb offline` to turn off syncing.
wandb: Syncing run intphys2_linear_videomae_v2_vit_giant_16_224_layer_40/trial_0008
wandb: ⭐️ View project at https://wandb.ai/caselli-niccolo-developer-university-of-amsterdam/probe4physics
wandb: 🚀 View run at https://wandb.ai/caselli-niccolo-developer-university-of-amsterdam/probe4physics/runs/xahqfomc
[eval.intphys2] Starting eval | split_name=val split_dir=data/splits/intphys2 predictor_mode=from_file metadata_file=data/annotations/intphys2_metadata.csv
[eval.intphys2] Loaded split assignments | split_scenes=51 split_samples=204
[eval.intphys2] Generated predictions | n_predictions=204
[eval.intphys2] Scoring complete | accuracy=52.9412 voe_accuracy=11.7647 n_scenes=51 n_samples=204
[eval.intphys2] Artifacts written | output_dir=artifacts/probes/intphys2/intphys2_probe_linear_videomae_v2_vit_giant_16_224_20260426T152148Z/layer_40/train/trial_0008/val_eval
wandb: updating run metadata
wandb: uploading output.log; uploading wandb-summary.json; uploading config.yaml; uploading wandb-metadata.json; uploading requirements.txt
wandb: 
wandb: Run history:
wandb:          epoch ▁▁▁▁▂▂▂▂▂▂▃▃▃▃▃▃▄▄▄▄▄▄▅▅▅▅▅▆▆▆▆▆▇▇▇▇▇███
wandb: train_accuracy ▃▃▄▄▄▄▃▄▁▅▂▃▆▄▄▄▅▃▃▄▅▄▆▆▆▃▆▄██▇▆▇▇█▄▅▆▆▇
wandb:     train_loss █▅▃▂▂▁▁▁▁▁▁▁▁▁▁▁▁▁▁▁▁▁▁▁▁▁▁▁▁▁▁▁▁▁▁▁▁▁▁▁
wandb:   val_accuracy ▅▅▅▄▅▅▄▄▂▅▃▅▅▄▅▂▃▆▅▁▇▅▇▅▅▄▃▆▇▆▇▄▄▆▄▄▆▄▅█
wandb:       val_loss ▃▅█▆▂▁▁▁▁▁▁▁▁▁▁▁▁▁▁▁▁▁▁▁▁▁▁▁▁▁▁▁▁▁▁▁▁▁▁▁
wandb: 
wandb: Run summary:
wandb:           best_epoch 99
wandb:    best_val_accuracy 52.94118
wandb:        best_val_loss 0.70143
wandb: checkpoint_best_path artifacts/probes/int...
wandb: checkpoint_last_path artifacts/probes/int...
wandb:      checkpoint_path artifacts/probes/int...
wandb:              dataset intphys2
wandb:      elapsed_seconds 2.89412
wandb:                epoch 100
wandb:    feature_signature b6519b564d05bc63
wandb:                  +22 ...
wandb: 
wandb: 🚀 View run intphys2_linear_videomae_v2_vit_giant_16_224_layer_40/trial_0008 at: https://wandb.ai/caselli-niccolo-developer-university-of-amsterdam/probe4physics/runs/xahqfomc
wandb: ⭐️ View project at: https://wandb.ai/caselli-niccolo-developer-university-of-amsterdam/probe4physics
wandb: Synced 5 W&B file(s), 0 media file(s), 0 artifact file(s) and 0 other file(s)
wandb: Find logs at: ./wandb/run-20260426_175433-xahqfomc/logs
[I 2026-04-26 17:54:37,293] Trial 8 finished with value: 11.76470588235294 and parameters: {'lr': 0.0003699972431463808, 'weight_decay': 3.6749049453053196e-06, 'batch_size': 256, 'epochs': 100}. Best is trial 1 with value: 27.450980392156865.
wandb: setting up run 7xkcf550
wandb: Tracking run with wandb version 0.26.1
wandb: Run data is saved locally in /gpfs/home3/scur0511/Probe4Physics/wandb/run-20260426_175437-7xkcf550
wandb: Run `wandb offline` to turn off syncing.
wandb: Syncing run intphys2_linear_videomae_v2_vit_giant_16_224_layer_40/trial_0009
wandb: ⭐️ View project at https://wandb.ai/caselli-niccolo-developer-university-of-amsterdam/probe4physics
wandb: 🚀 View run at https://wandb.ai/caselli-niccolo-developer-university-of-amsterdam/probe4physics/runs/7xkcf550
wandb: updating run metadata
wandb: uploading wandb-metadata.json; uploading requirements.txt; uploading wandb-summary.json; uploading config.yaml
wandb: 
wandb: Run history:
wandb:          epoch ▁▁▁▁▁▂▂▂▂▃▃▃▃▃▃▄▄▄▄▄▄▅▅▅▅▅▅▆▆▆▆▆▆▆▇▇▇▇██
wandb: train_accuracy ▄▄▃▁▂▄▃▂▃▁▃▂▂▃▃▃▄▄▃▃▂▃▄▂▂▂▄▃▅▅▅▄▆▅▄▄▆▄█▇
wandb:     train_loss █▇▇▅▃▂▂▂▂▂▂▂▂▂▂▁▁▁▁▁▁▁▁▁▁▁▁▁▁▁▁▁▁▁▁▁▁▁▁▁
wandb:   val_accuracy ▅▅▅▅▅▄▅▅▅▆▅▄▄▄▄▃▃▃▄▃▅▅▃▃▅▅▄▅▄▅▅▂█▅▂▄▂▁█▆
wandb:       val_loss █▅▂▁▁▁▁▁▁▁▁▁▁▁▁▁▁▁▁▁▁▁▁▁▁▁▁▁▁▁▁▁▁▁▁▁▁▁▁▁
wandb: 
wandb: Run summary:
wandb:          epoch 108
wandb: train_accuracy 51.98675
wandb:     train_loss 0.70317
wandb:   val_accuracy 50.4902
wandb:       val_loss 0.72051
wandb: 
wandb: 🚀 View run intphys2_linear_videomae_v2_vit_giant_16_224_layer_40/trial_0009 at: https://wandb.ai/caselli-niccolo-developer-university-of-amsterdam/probe4physics/runs/7xkcf550
wandb: ⭐️ View project at: https://wandb.ai/caselli-niccolo-developer-university-of-amsterdam/probe4physics
wandb: Synced 4 W&B file(s), 0 media file(s), 0 artifact file(s) and 0 other file(s)
wandb: Find logs at: ./wandb/run-20260426_175437-7xkcf550/logs
[I 2026-04-26 17:54:41,348] Trial 9 pruned. Pruned at epoch 108 with val_accuracy=50.4902
wandb: setting up run wwbg75p3
wandb: Tracking run with wandb version 0.26.1
wandb: Run data is saved locally in /gpfs/home3/scur0511/Probe4Physics/wandb/run-20260426_175441-wwbg75p3
wandb: Run `wandb offline` to turn off syncing.
wandb: Syncing run intphys2_linear_videomae_v2_vit_giant_16_224_layer_40/trial_0010
wandb: ⭐️ View project at https://wandb.ai/caselli-niccolo-developer-university-of-amsterdam/probe4physics
wandb: 🚀 View run at https://wandb.ai/caselli-niccolo-developer-university-of-amsterdam/probe4physics/runs/wwbg75p3
[eval.intphys2] Starting eval | split_name=val split_dir=data/splits/intphys2 predictor_mode=from_file metadata_file=data/annotations/intphys2_metadata.csv
[eval.intphys2] Loaded split assignments | split_scenes=51 split_samples=204
[eval.intphys2] Generated predictions | n_predictions=204
[eval.intphys2] Scoring complete | accuracy=50.9804 voe_accuracy=17.6471 n_scenes=51 n_samples=204
[eval.intphys2] Artifacts written | output_dir=artifacts/probes/intphys2/intphys2_probe_linear_videomae_v2_vit_giant_16_224_20260426T152148Z/layer_40/train/trial_0010/val_eval
wandb: updating run metadata
wandb: uploading wandb-summary.json; uploading config.yaml; uploading wandb-metadata.json; uploading requirements.txt; uploading output.log
wandb: uploading wandb-summary.json; uploading wandb-metadata.json; uploading output.log
wandb: 
wandb: Run history:
wandb:          epoch ▁▁▂▂▂▃▃▄▄▄▅▅▅▆▆▇▇▇██
wandb: train_accuracy ▆▄▃▃▅▇▃▅▁▇▇█▄▃▅▄▃▃▆▃
wandb:     train_loss █▃▃▂▂▂▁▁▁▁▁▁▁▁▁▁▁▁▁▁
wandb:   val_accuracy ▁▁▁▁▁▄▁▁▁▁▁▁█▁▁▄▁▄▁▁
wandb:       val_loss ▅█▆▄▂▁▂▂▁▂▁▂▁▃▂▁▁▁▁▁
wandb: 
wandb: Run summary:
wandb:           best_epoch 13
wandb:    best_val_accuracy 50.9804
wandb:        best_val_loss 0.87564
wandb: checkpoint_best_path artifacts/probes/int...
wandb: checkpoint_last_path artifacts/probes/int...
wandb:      checkpoint_path artifacts/probes/int...
wandb:              dataset intphys2
wandb:      elapsed_seconds 1.53506
wandb:                epoch 20
wandb:    feature_signature b6519b564d05bc63
wandb:                  +22 ...
wandb: 
wandb: 🚀 View run intphys2_linear_videomae_v2_vit_giant_16_224_layer_40/trial_0010 at: https://wandb.ai/caselli-niccolo-developer-university-of-amsterdam/probe4physics/runs/wwbg75p3
wandb: ⭐️ View project at: https://wandb.ai/caselli-niccolo-developer-university-of-amsterdam/probe4physics
wandb: Synced 5 W&B file(s), 0 media file(s), 0 artifact file(s) and 0 other file(s)
wandb: Find logs at: ./wandb/run-20260426_175441-wwbg75p3/logs
[I 2026-04-26 17:54:44,259] Trial 10 finished with value: 17.647058823529413 and parameters: {'lr': 0.006755637894650911, 'weight_decay': 2.5285011481292255e-05, 'batch_size': 256, 'epochs': 20}. Best is trial 1 with value: 27.450980392156865.
wandb: setting up run qew44nwy
wandb: Tracking run with wandb version 0.26.1
wandb: Run data is saved locally in /gpfs/home3/scur0511/Probe4Physics/wandb/run-20260426_175444-qew44nwy
wandb: Run `wandb offline` to turn off syncing.
wandb: Syncing run intphys2_linear_videomae_v2_vit_giant_16_224_layer_40/trial_0011
wandb: ⭐️ View project at https://wandb.ai/caselli-niccolo-developer-university-of-amsterdam/probe4physics
wandb: 🚀 View run at https://wandb.ai/caselli-niccolo-developer-university-of-amsterdam/probe4physics/runs/qew44nwy
[eval.intphys2] Starting eval | split_name=val split_dir=data/splits/intphys2 predictor_mode=from_file metadata_file=data/annotations/intphys2_metadata.csv
[eval.intphys2] Loaded split assignments | split_scenes=51 split_samples=204
[eval.intphys2] Generated predictions | n_predictions=204
[eval.intphys2] Scoring complete | accuracy=59.3137 voe_accuracy=27.4510 n_scenes=51 n_samples=204
[eval.intphys2] Artifacts written | output_dir=artifacts/probes/intphys2/intphys2_probe_linear_videomae_v2_vit_giant_16_224_20260426T152148Z/layer_40/train/trial_0011/val_eval
wandb: updating run metadata
wandb: uploading output.log; uploading wandb-summary.json; uploading config.yaml
wandb: 
wandb: Run history:
wandb:          epoch ▁▁▁▁▁▂▂▂▂▂▃▃▃▃▃▃▄▄▄▄▅▅▅▅▅▅▆▆▆▆▇▇▇▇▇▇████
wandb: train_accuracy ▁▁▃▁▁▃▂▃▄▅▄▅▄▃▄▅▄▄▆▃▇▄▆▄▅▇▆▆▇▇▇▇█▅▅▆█▆▆▆
wandb:     train_loss ▅▇▄▅▇▄▃█▄▅▄▃▂▂▃▂▅▂▁▃▂▅▂▂▂▂▄▁▃▁▃▃▂▂▂▁▂▂▁▂
wandb:   val_accuracy ▂▂▆▃▇▃▄▇▇▆▅█▅▁▄▇▆▄▄▃▄▆▇▆▄▅██▇▄▆▆▆▇▇▆▇▆▆▆
wandb:       val_loss ▂▃▁▂▁▃▁▂█▃▁▄▂▂▄▄▄▃▃▃▄▄▄▇▄▄▅▅▇▆▇▆▅█▆▇▇▇▆█
wandb: 
wandb: Run summary:
wandb:           best_epoch 1228
wandb:    best_val_accuracy 59.31373
wandb:        best_val_loss 1.096
wandb: checkpoint_best_path artifacts/probes/int...
wandb: checkpoint_last_path artifacts/probes/int...
wandb:      checkpoint_path artifacts/probes/int...
wandb:              dataset intphys2
wandb:      elapsed_seconds 102.98926
wandb:                epoch 2000
wandb:    feature_signature b6519b564d05bc63
wandb:                  +22 ...
wandb: 
wandb: 🚀 View run intphys2_linear_videomae_v2_vit_giant_16_224_layer_40/trial_0011 at: https://wandb.ai/caselli-niccolo-developer-university-of-amsterdam/probe4physics/runs/qew44nwy
wandb: ⭐️ View project at: https://wandb.ai/caselli-niccolo-developer-university-of-amsterdam/probe4physics
wandb: Synced 5 W&B file(s), 0 media file(s), 0 artifact file(s) and 0 other file(s)
wandb: Find logs at: ./wandb/run-20260426_175444-qew44nwy/logs
[I 2026-04-26 17:56:29,417] Trial 11 finished with value: 27.450980392156865 and parameters: {'lr': 0.002386219269277158, 'weight_decay': 3.099069456180075e-05, 'batch_size': 64, 'epochs': 2000}. Best is trial 1 with value: 27.450980392156865.
wandb: setting up run a4eb1z55
wandb: Tracking run with wandb version 0.26.1
wandb: Run data is saved locally in /gpfs/home3/scur0511/Probe4Physics/wandb/run-20260426_175629-a4eb1z55
wandb: Run `wandb offline` to turn off syncing.
wandb: Syncing run intphys2_linear_videomae_v2_vit_giant_16_224_layer_40/trial_0012
wandb: ⭐️ View project at https://wandb.ai/caselli-niccolo-developer-university-of-amsterdam/probe4physics
wandb: 🚀 View run at https://wandb.ai/caselli-niccolo-developer-university-of-amsterdam/probe4physics/runs/a4eb1z55
[eval.intphys2] Starting eval | split_name=val split_dir=data/splits/intphys2 predictor_mode=from_file metadata_file=data/annotations/intphys2_metadata.csv
[eval.intphys2] Loaded split assignments | split_scenes=51 split_samples=204
[eval.intphys2] Generated predictions | n_predictions=204
[eval.intphys2] Scoring complete | accuracy=59.8039 voe_accuracy=25.4902 n_scenes=51 n_samples=204
[eval.intphys2] Artifacts written | output_dir=artifacts/probes/intphys2/intphys2_probe_linear_videomae_v2_vit_giant_16_224_20260426T152148Z/layer_40/train/trial_0012/val_eval
wandb: updating run metadata
wandb: uploading config.yaml; uploading output.log; uploading wandb-summary.json
wandb: 
wandb: Run history:
wandb:          epoch ▁▁▁▁▂▂▂▂▂▂▃▃▃▃▃▄▄▄▄▄▄▅▅▆▆▆▆▆▆▆▆▇▇▇▇▇████
wandb: train_accuracy ▁▂▂▂▃▄▃▃▄▄▁▄▅▅▆▆▄▂▅▅▃▅▆▂▆▇▇▃▆▆▄▇▆▄▇█▄▇▇▇
wandb:     train_loss ▆▄█▃▄▇▃▃▄▇▄▂▇▂▂▂▁▂▂▅▃▅▂▃▂▂▂▁▂▂▃▂▂▁▃▁▂▂▂▃
wandb:   val_accuracy ▅▂▄▆▂▂▁▄▄▅▃▄▅▄▅▆▄▇▇▅▆▆▃▅▆▅▅▆█▆▇▅▃▄▅▇▅▆▅▆
wandb:       val_loss ▂▃▁▂▁▂▂▂▃▂▃▂▂▃▂▄▃▄▃▃▆▄▄▃▃▄▇▅▆▅▆█▅▄▄▅▅▅▆▅
wandb: 
wandb: Run summary:
wandb:           best_epoch 1579
wandb:    best_val_accuracy 59.80392
wandb:        best_val_loss 1.43396
wandb: checkpoint_best_path artifacts/probes/int...
wandb: checkpoint_last_path artifacts/probes/int...
wandb:      checkpoint_path artifacts/probes/int...
wandb:              dataset intphys2
wandb:      elapsed_seconds 102.0252
wandb:                epoch 2000
wandb:    feature_signature b6519b564d05bc63
wandb:                  +22 ...
wandb: 
wandb: 🚀 View run intphys2_linear_videomae_v2_vit_giant_16_224_layer_40/trial_0012 at: https://wandb.ai/caselli-niccolo-developer-university-of-amsterdam/probe4physics/runs/a4eb1z55
wandb: ⭐️ View project at: https://wandb.ai/caselli-niccolo-developer-university-of-amsterdam/probe4physics
wandb: Synced 5 W&B file(s), 0 media file(s), 0 artifact file(s) and 0 other file(s)
wandb: Find logs at: ./wandb/run-20260426_175629-a4eb1z55/logs
[I 2026-04-26 17:58:13,241] Trial 12 finished with value: 25.49019607843137 and parameters: {'lr': 0.00401271224143236, 'weight_decay': 3.184917050289993e-05, 'batch_size': 64, 'epochs': 2000}. Best is trial 1 with value: 27.450980392156865.
wandb: setting up run xocehzm7
wandb: Tracking run with wandb version 0.26.1
wandb: Run data is saved locally in /gpfs/home3/scur0511/Probe4Physics/wandb/run-20260426_175813-xocehzm7
wandb: Run `wandb offline` to turn off syncing.
wandb: Syncing run intphys2_linear_videomae_v2_vit_giant_16_224_layer_40/trial_0013
wandb: ⭐️ View project at https://wandb.ai/caselli-niccolo-developer-university-of-amsterdam/probe4physics
wandb: 🚀 View run at https://wandb.ai/caselli-niccolo-developer-university-of-amsterdam/probe4physics/runs/xocehzm7
[eval.intphys2] Starting eval | split_name=val split_dir=data/splits/intphys2 predictor_mode=from_file metadata_file=data/annotations/intphys2_metadata.csv
[eval.intphys2] Loaded split assignments | split_scenes=51 split_samples=204
[eval.intphys2] Generated predictions | n_predictions=204
[eval.intphys2] Scoring complete | accuracy=59.3137 voe_accuracy=29.4118 n_scenes=51 n_samples=204
[eval.intphys2] Artifacts written | output_dir=artifacts/probes/intphys2/intphys2_probe_linear_videomae_v2_vit_giant_16_224_20260426T152148Z/layer_40/train/trial_0013/val_eval
wandb: updating run metadata
wandb: uploading output.log; uploading wandb-summary.json; uploading config.yaml
wandb: 
wandb: Run history:
wandb:          epoch ▁▁▁▁▁▂▂▂▃▃▃▃▃▃▃▄▄▄▄▄▄▅▅▅▅▆▆▆▆▆▆▇▇▇▇▇████
wandb: train_accuracy ▁▃▂▂▄▃▂▂▄▂▅▅▃▃▆▅▄▅▆▃▆▅▅▅▄▇█▄▇▄▆▅▆▅█▅█▇▆▇
wandb:     train_loss ▆▆▅██▅▄▇▄▆▄▃▃▄▆▄▃▃▃▄▃▃▃▅▂▅▂▄▃▅▂▂▃▂▂▁▁▁▁▂
wandb:   val_accuracy ▂▅▁▆▅▆▇▅▄▂▆▅▂▂▅▅▄▃▄▅▇▇▄▅▆▅▇▆▅▇▇▇▆█▆▅▇▄▇▇
wandb:       val_loss ▃▄▁▂▁▄▂▂▂▅▂▃▃▃▂▃▂▃▄▃▄▄▄▅▄█▅▅▇▆▆▆▆█▇▇▆▇▇▇
wandb: 
wandb: Run summary:
wandb:           best_epoch 501
wandb:    best_val_accuracy 59.31373
wandb:        best_val_loss 0.78475
wandb: checkpoint_best_path artifacts/probes/int...
wandb: checkpoint_last_path artifacts/probes/int...
wandb:      checkpoint_path artifacts/probes/int...
wandb:              dataset intphys2
wandb:      elapsed_seconds 102.277
wandb:                epoch 2000
wandb:    feature_signature b6519b564d05bc63
wandb:                  +22 ...
wandb: 
wandb: 🚀 View run intphys2_linear_videomae_v2_vit_giant_16_224_layer_40/trial_0013 at: https://wandb.ai/caselli-niccolo-developer-university-of-amsterdam/probe4physics/runs/xocehzm7
wandb: ⭐️ View project at: https://wandb.ai/caselli-niccolo-developer-university-of-amsterdam/probe4physics
wandb: Synced 5 W&B file(s), 0 media file(s), 0 artifact file(s) and 0 other file(s)
wandb: Find logs at: ./wandb/run-20260426_175813-xocehzm7/logs
[I 2026-04-26 17:59:57,426] Trial 13 finished with value: 29.411764705882355 and parameters: {'lr': 0.0017155689066982573, 'weight_decay': 5.462505892999816e-06, 'batch_size': 64, 'epochs': 2000}. Best is trial 13 with value: 29.411764705882355.
wandb: setting up run j1k3zdmy
wandb: Tracking run with wandb version 0.26.1
wandb: Run data is saved locally in /gpfs/home3/scur0511/Probe4Physics/wandb/run-20260426_175957-j1k3zdmy
wandb: Run `wandb offline` to turn off syncing.
wandb: Syncing run intphys2_linear_videomae_v2_vit_giant_16_224_layer_40/trial_0014
wandb: ⭐️ View project at https://wandb.ai/caselli-niccolo-developer-university-of-amsterdam/probe4physics
wandb: 🚀 View run at https://wandb.ai/caselli-niccolo-developer-university-of-amsterdam/probe4physics/runs/j1k3zdmy
[eval.intphys2] Starting eval | split_name=val split_dir=data/splits/intphys2 predictor_mode=from_file metadata_file=data/annotations/intphys2_metadata.csv
[eval.intphys2] Loaded split assignments | split_scenes=51 split_samples=204
[eval.intphys2] Generated predictions | n_predictions=204
[eval.intphys2] Scoring complete | accuracy=57.3529 voe_accuracy=29.4118 n_scenes=51 n_samples=204
[eval.intphys2] Artifacts written | output_dir=artifacts/probes/intphys2/intphys2_probe_linear_videomae_v2_vit_giant_16_224_20260426T152148Z/layer_40/train/trial_0014/val_eval
wandb: updating run metadata
wandb: uploading config.yaml; uploading wandb-metadata.json; uploading requirements.txt; uploading output.log; uploading wandb-summary.json
wandb: uploading wandb-metadata.json; uploading output.log; uploading wandb-summary.json
wandb: 
wandb: Run history:
wandb:          epoch ▁▁▁▁▂▂▂▃▃▃▃▃▃▃▃▄▄▄▄▄▅▅▅▅▅▆▆▆▆▆▆▇▇▇▇▇▇███
wandb: train_accuracy ▄▅▄▁▄▄▂▅▄▆▆▅▂▁▅▃▄▅▆▃▅▅█▅▄██▂▃▃▂▅▇▇▃▇▂▄▆▆
wandb:     train_loss █▂▂▂▁▁▁▂▁▁▁▁▁▁▂▁▂▁▁▂▁▁▁▂▁▁▁▁▁▁▂▁▁▁▁▁▂▂▁▁
wandb:   val_accuracy ▃▂▃▃▄▂▂▃▂▃▃▃▅▃▄▃▃▄▃▃▅▅▅▃▄▇▆▅▄▃▃▅▆▄█▅▁▃▃▂
wandb:       val_loss ▃▆▂▁▂▃▁▂▁▇▃▂▄▂▂▄▇▂▇▄▁▄▃▂▂▁▂▂▆▁▁▃▃▆▁█▂▁▂▂
wandb: 
wandb: Run summary:
wandb:           best_epoch 95
wandb:    best_val_accuracy 57.35294
wandb:        best_val_loss 0.70974
wandb: checkpoint_best_path artifacts/probes/int...
wandb: checkpoint_last_path artifacts/probes/int...
wandb:      checkpoint_path artifacts/probes/int...
wandb:              dataset intphys2
wandb:      elapsed_seconds 3.3679
wandb:                epoch 100
wandb:    feature_signature b6519b564d05bc63
wandb:                  +22 ...
wandb: 
wandb: 🚀 View run intphys2_linear_videomae_v2_vit_giant_16_224_layer_40/trial_0014 at: https://wandb.ai/caselli-niccolo-developer-university-of-amsterdam/probe4physics/runs/j1k3zdmy
wandb: ⭐️ View project at: https://wandb.ai/caselli-niccolo-developer-university-of-amsterdam/probe4physics
wandb: Synced 5 W&B file(s), 0 media file(s), 0 artifact file(s) and 0 other file(s)
wandb: Find logs at: ./wandb/run-20260426_175957-j1k3zdmy/logs
[I 2026-04-26 18:00:02,353] Trial 14 finished with value: 29.411764705882355 and parameters: {'lr': 0.0013206886736338442, 'weight_decay': 3.6409581300549706e-06, 'batch_size': 64, 'epochs': 100}. Best is trial 13 with value: 29.411764705882355.
wandb: setting up run ghdkz5u3
wandb: Tracking run with wandb version 0.26.1
wandb: Run data is saved locally in /gpfs/home3/scur0511/Probe4Physics/wandb/run-20260426_180002-ghdkz5u3
wandb: Run `wandb offline` to turn off syncing.
wandb: Syncing run intphys2_linear_videomae_v2_vit_giant_16_224_layer_40/trial_0015
wandb: ⭐️ View project at https://wandb.ai/caselli-niccolo-developer-university-of-amsterdam/probe4physics
wandb: 🚀 View run at https://wandb.ai/caselli-niccolo-developer-university-of-amsterdam/probe4physics/runs/ghdkz5u3
[eval.intphys2] Starting eval | split_name=val split_dir=data/splits/intphys2 predictor_mode=from_file metadata_file=data/annotations/intphys2_metadata.csv
[eval.intphys2] Loaded split assignments | split_scenes=51 split_samples=204
[eval.intphys2] Generated predictions | n_predictions=204
[eval.intphys2] Scoring complete | accuracy=58.3333 voe_accuracy=23.5294 n_scenes=51 n_samples=204
[eval.intphys2] Artifacts written | output_dir=artifacts/probes/intphys2/intphys2_probe_linear_videomae_v2_vit_giant_16_224_20260426T152148Z/layer_40/train/trial_0015/val_eval
wandb: updating run metadata
wandb: uploading output.log; uploading wandb-summary.json; uploading config.yaml
wandb: uploading output.log; uploading config.yaml
wandb: 
wandb: Run history:
wandb:          epoch ▁▁▁▁▁▂▂▂▃▃▃▃▃▃▃▃▃▄▄▄▄▄▄▄▄▅▅▅▅▅▅▅▆▆▆▆▇▇▇█
wandb: train_accuracy ▁▁▂▂▃▃▃▃▄▄▂▄▆▄▄▂▂▃▃▅▄▇▄▄█▃▂▄▅▇▇▆▅▆▄▅▅▇█▄
wandb:     train_loss █▁▁▁▂▁▁▁▂▂▁▁▁▁▂▁▁▁▁▁▁▂▁▁▁▂▁▁▁▁▂▁▁▁▁▁▁▁▁▁
wandb:   val_accuracy ▁▂▁▁▁▂▄▂▂▂▂▃▃▄▄▅▂▅▃▆▃▃▃▅▇▇▆▃▂▁▇▃▃█▅▆▅▆▄▆
wandb:       val_loss █▁▁▁▁▁▁▁▁▁▁▁▁▁▁▁▁▁▁▁▁▁▁▁▁▁▂▁▁▂▁▂▁▁▁▁▁▂▂▂
wandb: 
wandb: Run summary:
wandb:           best_epoch 298
wandb:    best_val_accuracy 58.33333
wandb:        best_val_loss 0.70685
wandb: checkpoint_best_path artifacts/probes/int...
wandb: checkpoint_last_path artifacts/probes/int...
wandb:      checkpoint_path artifacts/probes/int...
wandb:              dataset intphys2
wandb:      elapsed_seconds 14.72877
wandb:                epoch 500
wandb:    feature_signature b6519b564d05bc63
wandb:                  +22 ...
wandb: 
wandb: 🚀 View run intphys2_linear_videomae_v2_vit_giant_16_224_layer_40/trial_0015 at: https://wandb.ai/caselli-niccolo-developer-university-of-amsterdam/probe4physics/runs/ghdkz5u3
wandb: ⭐️ View project at: https://wandb.ai/caselli-niccolo-developer-university-of-amsterdam/probe4physics
wandb: Synced 5 W&B file(s), 0 media file(s), 0 artifact file(s) and 0 other file(s)
wandb: Find logs at: ./wandb/run-20260426_180002-ghdkz5u3/logs
[I 2026-04-26 18:00:18,563] Trial 15 finished with value: 23.52941176470588 and parameters: {'lr': 0.0010043344236956625, 'weight_decay': 8.224822593526303e-06, 'batch_size': 64, 'epochs': 500}. Best is trial 13 with value: 29.411764705882355.
wandb: setting up run 01luvknt
wandb: Tracking run with wandb version 0.26.1
wandb: Run data is saved locally in /gpfs/home3/scur0511/Probe4Physics/wandb/run-20260426_180018-01luvknt
wandb: Run `wandb offline` to turn off syncing.
wandb: Syncing run intphys2_linear_videomae_v2_vit_giant_16_224_layer_40/trial_0016
wandb: ⭐️ View project at https://wandb.ai/caselli-niccolo-developer-university-of-amsterdam/probe4physics
wandb: 🚀 View run at https://wandb.ai/caselli-niccolo-developer-university-of-amsterdam/probe4physics/runs/01luvknt
[eval.intphys2] Starting eval | split_name=val split_dir=data/splits/intphys2 predictor_mode=from_file metadata_file=data/annotations/intphys2_metadata.csv
[eval.intphys2] Loaded split assignments | split_scenes=51 split_samples=204
[eval.intphys2] Generated predictions | n_predictions=204
[eval.intphys2] Scoring complete | accuracy=50.9804 voe_accuracy=15.6863 n_scenes=51 n_samples=204
[eval.intphys2] Artifacts written | output_dir=artifacts/probes/intphys2/intphys2_probe_linear_videomae_v2_vit_giant_16_224_20260426T152148Z/layer_40/train/trial_0016/val_eval
wandb: updating run metadata
wandb: uploading wandb-metadata.json; uploading requirements.txt; uploading output.log; uploading wandb-summary.json; uploading config.yaml
wandb: 
wandb: Run history:
wandb:          epoch ▁▁▂▂▂▃▃▄▄▄▅▅▅▆▆▇▇▇██
wandb: train_accuracy ▅▄▇▃▄▇▂▄▄▂▃▁▆▅▇▄▇▃▂█
wandb:     train_loss █▃▂▁▂▂▅▂▁▂▂▂▃▂▂▁▂▄▂▁
wandb:   val_accuracy █▆▆▃▂▄▄▆▂▆▄█▆▃▆▁▆▆▆▆
wandb:       val_loss ▄▄▄▁▁▃▂▁▁▄▃▃█▃▄▁▅▃▄▁
wandb: 
wandb: Run summary:
wandb:           best_epoch 12
wandb:    best_val_accuracy 50.9804
wandb:        best_val_loss 0.74213
wandb: checkpoint_best_path artifacts/probes/int...
wandb: checkpoint_last_path artifacts/probes/int...
wandb:      checkpoint_path artifacts/probes/int...
wandb:              dataset intphys2
wandb:      elapsed_seconds 1.27121
wandb:                epoch 20
wandb:    feature_signature b6519b564d05bc63
wandb:                  +22 ...
wandb: 
wandb: 🚀 View run intphys2_linear_videomae_v2_vit_giant_16_224_layer_40/trial_0016 at: https://wandb.ai/caselli-niccolo-developer-university-of-amsterdam/probe4physics/runs/01luvknt
wandb: ⭐️ View project at: https://wandb.ai/caselli-niccolo-developer-university-of-amsterdam/probe4physics
wandb: Synced 5 W&B file(s), 0 media file(s), 0 artifact file(s) and 0 other file(s)
wandb: Find logs at: ./wandb/run-20260426_180018-01luvknt/logs
[I 2026-04-26 18:00:21,054] Trial 16 finished with value: 15.686274509803921 and parameters: {'lr': 0.0012690764532532696, 'weight_decay': 2.5381722979790637e-06, 'batch_size': 64, 'epochs': 20}. Best is trial 13 with value: 29.411764705882355.
wandb: setting up run vm1sorsr
wandb: Tracking run with wandb version 0.26.1
wandb: Run data is saved locally in /gpfs/home3/scur0511/Probe4Physics/wandb/run-20260426_180021-vm1sorsr
wandb: Run `wandb offline` to turn off syncing.
wandb: Syncing run intphys2_linear_videomae_v2_vit_giant_16_224_layer_40/trial_0017
wandb: ⭐️ View project at https://wandb.ai/caselli-niccolo-developer-university-of-amsterdam/probe4physics
wandb: 🚀 View run at https://wandb.ai/caselli-niccolo-developer-university-of-amsterdam/probe4physics/runs/vm1sorsr
[eval.intphys2] Starting eval | split_name=val split_dir=data/splits/intphys2 predictor_mode=from_file metadata_file=data/annotations/intphys2_metadata.csv
[eval.intphys2] Loaded split assignments | split_scenes=51 split_samples=204
[eval.intphys2] Generated predictions | n_predictions=204
[eval.intphys2] Scoring complete | accuracy=59.3137 voe_accuracy=29.4118 n_scenes=51 n_samples=204
[eval.intphys2] Artifacts written | output_dir=artifacts/probes/intphys2/intphys2_probe_linear_videomae_v2_vit_giant_16_224_20260426T152148Z/layer_40/train/trial_0017/val_eval
wandb: updating run metadata
wandb: uploading output.log; uploading wandb-summary.json; uploading config.yaml
wandb: 
wandb: Run history:
wandb:          epoch ▁▁▁▁▁▂▂▂▂▂▃▃▃▃▃▃▄▄▄▄▄▄▄▄▄▅▅▅▅▅▅▆▆▆▇▇████
wandb: train_accuracy ▁▂▂▂▃▄▅▄▅▂▃▆▆▆▅▆▅▆▆▄▆▇▇▅▆▆▆▇▆▅▇▇▇▆▆█▆▇██
wandb:     train_loss ▅▇█▇▅▆▄▅▄▄▄▄▄▄▄▅▃▄▃▄▃▃▂▃▃▃▂▃▃▂▂▂▂▂▁▁▁▁▂▂
wandb:   val_accuracy ▃▃▃▃▃▃▁▄▅▆▃▅▅▄▃▂▇▆▂▇█▆▇▅▅▆▇█▆▆▆▅▅▅▆▅▅▅▆▆
wandb:       val_loss ▂▁▁▁▃▃▁▂▂▃▂▂▃▃▃▃▄▃▅▄▄▄▅▄▄▅▅█▆▅▆▆▆▆▆▆▆▆▆▆
wandb: 
wandb: Run summary:
wandb:           best_epoch 803
wandb:    best_val_accuracy 59.31373
wandb:        best_val_loss 0.76503
wandb: checkpoint_best_path artifacts/probes/int...
wandb: checkpoint_last_path artifacts/probes/int...
wandb:      checkpoint_path artifacts/probes/int...
wandb:              dataset intphys2
wandb:      elapsed_seconds 102.66919
wandb:                epoch 2000
wandb:    feature_signature b6519b564d05bc63
wandb:                  +22 ...
wandb: 
wandb: 🚀 View run intphys2_linear_videomae_v2_vit_giant_16_224_layer_40/trial_0017 at: https://wandb.ai/caselli-niccolo-developer-university-of-amsterdam/probe4physics/runs/vm1sorsr
wandb: ⭐️ View project at: https://wandb.ai/caselli-niccolo-developer-university-of-amsterdam/probe4physics
wandb: Synced 5 W&B file(s), 0 media file(s), 0 artifact file(s) and 0 other file(s)
wandb: Find logs at: ./wandb/run-20260426_180021-vm1sorsr/logs
[I 2026-04-26 18:02:05,530] Trial 17 finished with value: 29.411764705882355 and parameters: {'lr': 0.00089752676716181, 'weight_decay': 0.0001623401682000329, 'batch_size': 64, 'epochs': 2000}. Best is trial 13 with value: 29.411764705882355.
wandb: setting up run shhxsopv
wandb: Tracking run with wandb version 0.26.1
wandb: Run data is saved locally in /gpfs/home3/scur0511/Probe4Physics/wandb/run-20260426_180205-shhxsopv
wandb: Run `wandb offline` to turn off syncing.
wandb: Syncing run intphys2_linear_videomae_v2_vit_giant_16_224_layer_40/trial_0018
wandb: ⭐️ View project at https://wandb.ai/caselli-niccolo-developer-university-of-amsterdam/probe4physics
wandb: 🚀 View run at https://wandb.ai/caselli-niccolo-developer-university-of-amsterdam/probe4physics/runs/shhxsopv
[eval.intphys2] Starting eval | split_name=val split_dir=data/splits/intphys2 predictor_mode=from_file metadata_file=data/annotations/intphys2_metadata.csv
[eval.intphys2] Loaded split assignments | split_scenes=51 split_samples=204
[eval.intphys2] Generated predictions | n_predictions=204
[eval.intphys2] Scoring complete | accuracy=55.3922 voe_accuracy=29.4118 n_scenes=51 n_samples=204
[eval.intphys2] Artifacts written | output_dir=artifacts/probes/intphys2/intphys2_probe_linear_videomae_v2_vit_giant_16_224_20260426T152148Z/layer_40/train/trial_0018/val_eval
wandb: updating run metadata
wandb: uploading wandb-metadata.json; uploading requirements.txt; uploading output.log; uploading wandb-summary.json; uploading config.yaml
wandb: 
wandb: Run history:
wandb:          epoch ▁▁▁▂▃▃▃▃▃▃▄▄▄▄▄▄▄▅▅▅▅▅▅▅▅▆▆▆▆▆▇▇▇▇▇▇████
wandb: train_accuracy ▆▅▃▂▄▄▃▆▅▄▂▅▅▅▂▆▄▁▃▆▃▃▃▆▆█▆▅▆▃█▆▇▂▇▅▇▃▆▇
wandb:     train_loss █▂▁▁▁▁▁▁▁▁▁▁▁▁▁▁▁▁▁▂▁▁▁▁▁▁▁▁▁▁▁▁▁▁▁▁▁▂▁▁
wandb:   val_accuracy ▂▂▂▂▂▂▁▇▄▅▂▂▄▅▂▃▂▂▂▂▂▂▂▂█▃▂▃▄▄▄▄█▂▂▅▂▄▃▇
wandb:       val_loss ▃▁▃▁▃▁▁▁▁▁█▂▁▂▁▂▇▃▂▅▂▅▂▁▁▂▃▂▁▅▅▁▂▁▃▄▃▃▅▃
wandb: 
wandb: Run summary:
wandb:           best_epoch 99
wandb:    best_val_accuracy 55.39216
wandb:        best_val_loss 0.71921
wandb: checkpoint_best_path artifacts/probes/int...
wandb: checkpoint_last_path artifacts/probes/int...
wandb:      checkpoint_path artifacts/probes/int...
wandb:              dataset intphys2
wandb:      elapsed_seconds 3.26412
wandb:                epoch 100
wandb:    feature_signature b6519b564d05bc63
wandb:                  +22 ...
wandb: 
wandb: 🚀 View run intphys2_linear_videomae_v2_vit_giant_16_224_layer_40/trial_0018 at: https://wandb.ai/caselli-niccolo-developer-university-of-amsterdam/probe4physics/runs/shhxsopv
wandb: ⭐️ View project at: https://wandb.ai/caselli-niccolo-developer-university-of-amsterdam/probe4physics
wandb: Synced 5 W&B file(s), 0 media file(s), 0 artifact file(s) and 0 other file(s)
wandb: Find logs at: ./wandb/run-20260426_180205-shhxsopv/logs
[I 2026-04-26 18:02:09,893] Trial 18 finished with value: 29.411764705882355 and parameters: {'lr': 0.0018256616632793248, 'weight_decay': 1.3152041559862772e-06, 'batch_size': 64, 'epochs': 100}. Best is trial 13 with value: 29.411764705882355.
wandb: setting up run n68k15ep
wandb: Tracking run with wandb version 0.26.1
wandb: Run data is saved locally in /gpfs/home3/scur0511/Probe4Physics/wandb/run-20260426_180210-n68k15ep
wandb: Run `wandb offline` to turn off syncing.
wandb: Syncing run intphys2_linear_videomae_v2_vit_giant_16_224_layer_40/trial_0019
wandb: ⭐️ View project at https://wandb.ai/caselli-niccolo-developer-university-of-amsterdam/probe4physics
wandb: 🚀 View run at https://wandb.ai/caselli-niccolo-developer-university-of-amsterdam/probe4physics/runs/n68k15ep
[eval.intphys2] Starting eval | split_name=val split_dir=data/splits/intphys2 predictor_mode=from_file metadata_file=data/annotations/intphys2_metadata.csv
[eval.intphys2] Loaded split assignments | split_scenes=51 split_samples=204
[eval.intphys2] Generated predictions | n_predictions=204
[eval.intphys2] Scoring complete | accuracy=59.8039 voe_accuracy=25.4902 n_scenes=51 n_samples=204
[eval.intphys2] Artifacts written | output_dir=artifacts/probes/intphys2/intphys2_probe_linear_videomae_v2_vit_giant_16_224_20260426T152148Z/layer_40/train/trial_0019/val_eval
wandb: updating run metadata
wandb: uploading wandb-summary.json; uploading config.yaml; uploading output.log
wandb: 
wandb: Run history:
wandb:          epoch ▁▁▂▂▂▂▂▂▃▃▃▃▄▄▄▄▄▅▅▅▅▅▅▆▆▆▆▆▆▆▆▇▇▇▇▇▇███
wandb: train_accuracy ▁▁▁▃▂▄▂▂▄▅▄▆▂▃▄▄▃▄▆▅▅▆▆▇▅▄▆█▄▆▆▃█▅▄▄▄▇██
wandb:     train_loss ▅▃▂▃▃▂▅▃▃▃▃▄▂▂▂▂▃▄▂▂▂█▃▂▆▁▄▁▄▂▁▄▄▅▃▁▃▁▁▃
wandb:   val_accuracy ▁▁▃▂▁▃▃▃▃▆▅█▂▄▃▆▃▅▃▄▃▄▄▃▆▄▄▄▆▄▄▆▄▇▅▄▃▆▅▆
wandb:       val_loss ▃▂█▃▄▁▂▂▁▄▃▂▂▃▃▃▃▆▄▃▃▄▄▄▄▅▄▆▄▇▅▅▅▇▆▇▆▆▆▆
wandb: 
wandb: Run summary:
wandb:           best_epoch 1876
wandb:    best_val_accuracy 59.80392
wandb:        best_val_loss 2.3735
wandb: checkpoint_best_path artifacts/probes/int...
wandb: checkpoint_last_path artifacts/probes/int...
wandb:      checkpoint_path artifacts/probes/int...
wandb:              dataset intphys2
wandb:      elapsed_seconds 101.92904
wandb:                epoch 2000
wandb:    feature_signature b6519b564d05bc63
wandb:                  +22 ...
wandb: 
wandb: 🚀 View run intphys2_linear_videomae_v2_vit_giant_16_224_layer_40/trial_0019 at: https://wandb.ai/caselli-niccolo-developer-university-of-amsterdam/probe4physics/runs/n68k15ep
wandb: ⭐️ View project at: https://wandb.ai/caselli-niccolo-developer-university-of-amsterdam/probe4physics
wandb: Synced 5 W&B file(s), 0 media file(s), 0 artifact file(s) and 0 other file(s)
wandb: Find logs at: ./wandb/run-20260426_180210-n68k15ep/logs
[I 2026-04-26 18:03:53,487] Trial 19 finished with value: 25.49019607843137 and parameters: {'lr': 0.008671357436747344, 'weight_decay': 7.075121694527186e-05, 'batch_size': 64, 'epochs': 2000}. Best is trial 13 with value: 29.411764705882355.
[eval.intphys2] Starting eval | split_name=train split_dir=data/splits/intphys2 predictor_mode=from_file metadata_file=data/annotations/intphys2_metadata.csv
[eval.intphys2] Loaded split assignments | split_scenes=151 split_samples=604
[eval.intphys2] Generated predictions | n_predictions=604
[eval.intphys2] Scoring complete | accuracy=74.5033 voe_accuracy=62.2517 n_scenes=151 n_samples=604
[eval.intphys2] Artifacts written | output_dir=artifacts/probes/intphys2/intphys2_probe_linear_videomae_v2_vit_giant_16_224_20260426T152148Z/layer_40/eval/train
[eval.intphys2] Starting eval | split_name=val split_dir=data/splits/intphys2 predictor_mode=from_file metadata_file=data/annotations/intphys2_metadata.csv
[eval.intphys2] Loaded split assignments | split_scenes=51 split_samples=204
[eval.intphys2] Generated predictions | n_predictions=204
[eval.intphys2] Scoring complete | accuracy=59.3137 voe_accuracy=29.4118 n_scenes=51 n_samples=204
[eval.intphys2] Artifacts written | output_dir=artifacts/probes/intphys2/intphys2_probe_linear_videomae_v2_vit_giant_16_224_20260426T152148Z/layer_40/eval/val
[eval.intphys2] Starting eval | split_name=test split_dir=data/splits/intphys2 predictor_mode=from_file metadata_file=data/annotations/intphys2_metadata.csv
[eval.intphys2] Loaded split assignments | split_scenes=51 split_samples=204
[eval.intphys2] Generated predictions | n_predictions=204
[eval.intphys2] Scoring complete | accuracy=56.8627 voe_accuracy=47.0588 n_scenes=51 n_samples=204
[eval.intphys2] Artifacts written | output_dir=artifacts/probes/intphys2/intphys2_probe_linear_videomae_v2_vit_giant_16_224_20260426T152148Z/layer_40/eval/test
