============================================================================================== 
Warning! Mixing Conda and module environments may lead to corruption of the
user environment. 
We do not recommend users mixing those two environments unless absolutely
necessary. Note that 
SURF does not provide any support for Conda environment.
For more information, please refer to our software policy page:
https://servicedesk.surf.nl/wiki/display/WIKI/Software+policy+Snellius#SoftwarepolicySnellius-UseofAnacondaandMinicondaenvironmentsonSnellius 

Remember that many packages have already been installed on the system and can
be loaded using 
the 'module load <package__name>' command. If you are uncertain if a package is
already available 
on the system, please use 'module avail' or 'module spider' to search for it.
============================================================================================== 
[I 2026-04-26 17:21:22,122] A new study created in RDB with name: intphys2_linear_jepa_v1_vith16_384_layer_8
wandb: [wandb.login()] Loaded credentials for https://api.wandb.ai from /home/scur0511/.netrc.
wandb: Currently logged in as: caselli-niccolo-developer (caselli-niccolo-developer-university-of-amsterdam) to https://api.wandb.ai. Use `wandb login --relogin` to force relogin
wandb: Tracking run with wandb version 0.26.1
wandb: Run data is saved locally in /gpfs/home3/scur0511/Probe4Physics/wandb/run-20260426_172126-jwwbfqp9
wandb: Run `wandb offline` to turn off syncing.
wandb: Syncing run intphys2_linear_jepa_v1_vith16_384_layer_8/trial_0000
wandb: ⭐️ View project at https://wandb.ai/caselli-niccolo-developer-university-of-amsterdam/probe4physics
wandb: 🚀 View run at https://wandb.ai/caselli-niccolo-developer-university-of-amsterdam/probe4physics/runs/jwwbfqp9
[eval.intphys2] Starting eval | split_name=val split_dir=data/splits/intphys2 predictor_mode=from_file metadata_file=data/annotations/intphys2_metadata.csv
[eval.intphys2] Loaded split assignments | split_scenes=51 split_samples=204
[eval.intphys2] Generated predictions | n_predictions=204
[eval.intphys2] Scoring complete | accuracy=56.8627 voe_accuracy=21.5686 n_scenes=51 n_samples=204
[eval.intphys2] Artifacts written | output_dir=artifacts/probes/intphys2/intphys2_probe_linear_jepa_v1_vith16_384_20260426T152120Z/layer_8/train/trial_0000/val_eval
wandb: updating run metadata
wandb: uploading config.yaml; uploading output.log; uploading wandb-summary.json
wandb: 
wandb: Run history:
wandb:          epoch ▁▁▁▁▁▂▂▂▂▂▂▃▃▃▃▃▃▄▄▄▄▄▄▅▅▅▅▆▆▆▆▆▆▆▆▇▇███
wandb: train_accuracy ▁▂▃▃▃▄▄▅▅▅▄▅▆▅▆▅▅▆▇▇▇▇▆▇▇█▇▆▆▇▇▆▇▇▇█████
wandb:     train_loss ███▇▇▆▆▆▅▅▅▅▅▅▅▄▄▄▃▄▃▃▃▃▃▂▃▂▂▂▂▁▁▁▁▁▁▁▁▂
wandb:   val_accuracy ▃▃▂▄▂▃▁▂▂▃▃▃▃▃▄▂▆▅▄▄▃▄▆▅▅▅▅▄▆▄▆▄█▅▆▄▃▄▅▅
wandb:       val_loss ▂▂▂▃▂▂▂▁▁▄▁▂▂▂▂▂▂▂▃▃▄▃▃▆▄▄▄▄▅▆▆▆▆▆▇▆▇▇██
wandb: 
wandb: Run summary:
wandb:           best_epoch 1835
wandb:    best_val_accuracy 56.86275
wandb:        best_val_loss 0.69927
wandb: checkpoint_best_path artifacts/probes/int...
wandb: checkpoint_last_path artifacts/probes/int...
wandb:      checkpoint_path artifacts/probes/int...
wandb:              dataset intphys2
wandb:      elapsed_seconds 118.84036
wandb:                epoch 2000
wandb:    feature_signature 78346a9facde6609
wandb:                  +22 ...
wandb: 
wandb: 🚀 View run intphys2_linear_jepa_v1_vith16_384_layer_8/trial_0000 at: https://wandb.ai/caselli-niccolo-developer-university-of-amsterdam/probe4physics/runs/jwwbfqp9
wandb: ⭐️ View project at: https://wandb.ai/caselli-niccolo-developer-university-of-amsterdam/probe4physics
wandb: Synced 5 W&B file(s), 0 media file(s), 0 artifact file(s) and 0 other file(s)
wandb: Find logs at: ./wandb/run-20260426_172126-jwwbfqp9/logs
[I 2026-04-26 17:23:22,282] Trial 0 finished with value: 21.568627450980394 and parameters: {'lr': 0.0001329291894316216, 'weight_decay': 0.005061576888752304, 'batch_size': 32, 'epochs': 2000}. Best is trial 0 with value: 21.568627450980394.
wandb: setting up run f55s4zg2
wandb: Tracking run with wandb version 0.26.1
wandb: Run data is saved locally in /gpfs/home3/scur0511/Probe4Physics/wandb/run-20260426_172322-f55s4zg2
wandb: Run `wandb offline` to turn off syncing.
wandb: Syncing run intphys2_linear_jepa_v1_vith16_384_layer_8/trial_0001
wandb: ⭐️ View project at https://wandb.ai/caselli-niccolo-developer-university-of-amsterdam/probe4physics
wandb: 🚀 View run at https://wandb.ai/caselli-niccolo-developer-university-of-amsterdam/probe4physics/runs/f55s4zg2
[eval.intphys2] Starting eval | split_name=val split_dir=data/splits/intphys2 predictor_mode=from_file metadata_file=data/annotations/intphys2_metadata.csv
[eval.intphys2] Loaded split assignments | split_scenes=51 split_samples=204
[eval.intphys2] Generated predictions | n_predictions=204
[eval.intphys2] Scoring complete | accuracy=54.4118 voe_accuracy=19.6078 n_scenes=51 n_samples=204
[eval.intphys2] Artifacts written | output_dir=artifacts/probes/intphys2/intphys2_probe_linear_jepa_v1_vith16_384_20260426T152120Z/layer_8/train/trial_0001/val_eval
wandb: updating run metadata
wandb: uploading wandb-metadata.json; uploading requirements.txt; uploading output.log; uploading wandb-summary.json; uploading config.yaml
wandb: 
wandb: Run history:
wandb:          epoch ▁▁▁▁▁▂▂▂▂▂▃▃▃▃▃▄▄▄▄▄▅▅▅▅▅▅▆▆▆▆▆▆▇▇▇█████
wandb: train_accuracy ▁▂▄▂▃▅▃▃▃▅▃▄▅▃▃▃▂▂▅▅▃▆█▆▇▅▆▆▇▇▅▄▄▇▅▄▇▅▇▃
wandb:     train_loss █▃▂▂▁▁▁▂▁▁▂▂▂▂▂▂▂▁▁▂▁▁▁▁▁▁▁▁▁▁▁▁▁▂▂▁▁▁▁▂
wandb:   val_accuracy ▅▄▅▅▅▅▅▅▅▅▆▄▅▅▅▄▄▁▄▆▅▃▃▅▅▆▅▅▆▅▇▅▇▅▆▅▄█▅▅
wandb:       val_loss ▄█▁▄▂▁▁▁▁▁▁▁▁▁▁▁▁▁▁▁▁▁▁▁▁▁▁▁▁▁▁▁▁▁▁▁▁▂▂▁
wandb: 
wandb: Run summary:
wandb:           best_epoch 48
wandb:    best_val_accuracy 54.41176
wandb:        best_val_loss 0.70016
wandb: checkpoint_best_path artifacts/probes/int...
wandb: checkpoint_last_path artifacts/probes/int...
wandb:      checkpoint_path artifacts/probes/int...
wandb:              dataset intphys2
wandb:      elapsed_seconds 2.78602
wandb:                epoch 100
wandb:    feature_signature 78346a9facde6609
wandb:                  +22 ...
wandb: 
wandb: 🚀 View run intphys2_linear_jepa_v1_vith16_384_layer_8/trial_0001 at: https://wandb.ai/caselli-niccolo-developer-university-of-amsterdam/probe4physics/runs/f55s4zg2
wandb: ⭐️ View project at: https://wandb.ai/caselli-niccolo-developer-university-of-amsterdam/probe4physics
wandb: Synced 5 W&B file(s), 0 media file(s), 0 artifact file(s) and 0 other file(s)
wandb: Find logs at: ./wandb/run-20260426_172322-f55s4zg2/logs
[I 2026-04-26 17:23:26,203] Trial 1 finished with value: 19.607843137254903 and parameters: {'lr': 0.00314288089084011, 'weight_decay': 1.879466824163843e-07, 'batch_size': 256, 'epochs': 100}. Best is trial 0 with value: 21.568627450980394.
wandb: setting up run 8nqptszg
wandb: Tracking run with wandb version 0.26.1
wandb: Run data is saved locally in /gpfs/home3/scur0511/Probe4Physics/wandb/run-20260426_172326-8nqptszg
wandb: Run `wandb offline` to turn off syncing.
wandb: Syncing run intphys2_linear_jepa_v1_vith16_384_layer_8/trial_0002
wandb: ⭐️ View project at https://wandb.ai/caselli-niccolo-developer-university-of-amsterdam/probe4physics
wandb: 🚀 View run at https://wandb.ai/caselli-niccolo-developer-university-of-amsterdam/probe4physics/runs/8nqptszg
[eval.intphys2] Starting eval | split_name=val split_dir=data/splits/intphys2 predictor_mode=from_file metadata_file=data/annotations/intphys2_metadata.csv
[eval.intphys2] Loaded split assignments | split_scenes=51 split_samples=204
[eval.intphys2] Generated predictions | n_predictions=204
[eval.intphys2] Scoring complete | accuracy=55.8824 voe_accuracy=15.6863 n_scenes=51 n_samples=204
[eval.intphys2] Artifacts written | output_dir=artifacts/probes/intphys2/intphys2_probe_linear_jepa_v1_vith16_384_20260426T152120Z/layer_8/train/trial_0002/val_eval
wandb: updating run metadata
wandb: uploading wandb-summary.json; uploading config.yaml
wandb: 
wandb: Run history:
wandb:          epoch ▁▁▁▁▁▁▂▂▂▂▂▃▃▃▃▃▃▃▃▃▄▄▄▄▄▄▅▆▆▆▆▆▇▇▇▇▇███
wandb: train_accuracy ▁▁▂▁▂▃▄▃▂▄▅▅▄▄▄▆▆▇▆▅▇▇▅▅█▇▇▇█▇▅█▇▇▇▅████
wandb:     train_loss █▇▆▆▆▆▆▅▅▅▅▅▅▄▄▄▄▄▄▄▄▄▃▄▃▃▃▃▃▃▂▂▂▂▂▂▂▁▁▁
wandb:   val_accuracy ▃▃▅▄▃▃▄▃▃▄▃▄▁▃▃▃▅▃▁▅▃▆▂▇▄▃▄▆▄▅▃▃█▇▄▁▄▄▇▆
wandb:       val_loss ▇▅▂█▂▆▂▂▂▄▂▁▄▁▅▃▂▂▅█▂▂▄▂▇▄▄▂▆▄▃▃▃▄▇▄▅▅▅▅
wandb: 
wandb: Run summary:
wandb:           best_epoch 681
wandb:    best_val_accuracy 55.88235
wandb:        best_val_loss 0.69449
wandb: checkpoint_best_path artifacts/probes/int...
wandb: checkpoint_last_path artifacts/probes/int...
wandb:      checkpoint_path artifacts/probes/int...
wandb:              dataset intphys2
wandb:      elapsed_seconds 30.98886
wandb:                epoch 1000
wandb:    feature_signature 78346a9facde6609
wandb:                  +22 ...
wandb: 
wandb: 🚀 View run intphys2_linear_jepa_v1_vith16_384_layer_8/trial_0002 at: https://wandb.ai/caselli-niccolo-developer-university-of-amsterdam/probe4physics/runs/8nqptszg
wandb: ⭐️ View project at: https://wandb.ai/caselli-niccolo-developer-university-of-amsterdam/probe4physics
wandb: Synced 5 W&B file(s), 0 media file(s), 0 artifact file(s) and 0 other file(s)
wandb: Find logs at: ./wandb/run-20260426_172326-8nqptszg/logs
[I 2026-04-26 17:23:58,971] Trial 2 finished with value: 15.686274509803921 and parameters: {'lr': 0.00023345864076016249, 'weight_decay': 0.0005141096648805752, 'batch_size': 128, 'epochs': 1000}. Best is trial 0 with value: 21.568627450980394.
wandb: setting up run 8mbv2imw
wandb: Tracking run with wandb version 0.26.1
wandb: Run data is saved locally in /gpfs/home3/scur0511/Probe4Physics/wandb/run-20260426_172359-8mbv2imw
wandb: Run `wandb offline` to turn off syncing.
wandb: Syncing run intphys2_linear_jepa_v1_vith16_384_layer_8/trial_0003
wandb: ⭐️ View project at https://wandb.ai/caselli-niccolo-developer-university-of-amsterdam/probe4physics
wandb: 🚀 View run at https://wandb.ai/caselli-niccolo-developer-university-of-amsterdam/probe4physics/runs/8mbv2imw
[eval.intphys2] Starting eval | split_name=val split_dir=data/splits/intphys2 predictor_mode=from_file metadata_file=data/annotations/intphys2_metadata.csv
[eval.intphys2] Loaded split assignments | split_scenes=51 split_samples=204
[eval.intphys2] Generated predictions | n_predictions=204
[eval.intphys2] Scoring complete | accuracy=53.4314 voe_accuracy=19.6078 n_scenes=51 n_samples=204
[eval.intphys2] Artifacts written | output_dir=artifacts/probes/intphys2/intphys2_probe_linear_jepa_v1_vith16_384_20260426T152120Z/layer_8/train/trial_0003/val_eval
wandb: updating run metadata
wandb: uploading output.log; uploading wandb-summary.json; uploading config.yaml; uploading wandb-metadata.json; uploading requirements.txt
wandb: 
wandb: Run history:
wandb:          epoch ▁▁▁▁▂▂▂▂▂▂▃▃▃▃▃▄▄▄▄▄▅▅▅▅▅▆▆▆▆▆▆▇▇▇▇▇▇███
wandb: train_accuracy ▅▆▄▅▅▆▆▆▆▁▆▆▄▇▄▂▅▇▇▅▃▇▅▅█▃▇▇▆▇▇▆█▇▆▇██▆▆
wandb:     train_loss █▆▅▄▄▃▃▃▃▃▂▂▂▃▂▂▂▃▃▂▃▂▂▁▁▂▂▁▂▁▂▁▁▁▁▁▁▁▁▂
wandb:   val_accuracy ▅▅▅▄▅▅▆▃▅▅▃▅▁▄▂▅█▅▆▃█▃▆▅▆▅▃▃█▆▅▃▆▇▆▆▇█▄▄
wandb:       val_loss █▇▆▅▄▃▃▃▃▃▂▂▂▂▂▂▂▂▂▂▂▁▁▁▁▂▁▁▂▁▁▁▂▁▁▁▁▁▁▁
wandb: 
wandb: Run summary:
wandb:           best_epoch 36
wandb:    best_val_accuracy 53.43137
wandb:        best_val_loss 0.69376
wandb: checkpoint_best_path artifacts/probes/int...
wandb: checkpoint_last_path artifacts/probes/int...
wandb:      checkpoint_path artifacts/probes/int...
wandb:              dataset intphys2
wandb:      elapsed_seconds 2.3502
wandb:                epoch 50
wandb:    feature_signature 78346a9facde6609
wandb:                  +22 ...
wandb: 
wandb: 🚀 View run intphys2_linear_jepa_v1_vith16_384_layer_8/trial_0003 at: https://wandb.ai/caselli-niccolo-developer-university-of-amsterdam/probe4physics/runs/8mbv2imw
wandb: ⭐️ View project at: https://wandb.ai/caselli-niccolo-developer-university-of-amsterdam/probe4physics
wandb: Synced 5 W&B file(s), 0 media file(s), 0 artifact file(s) and 0 other file(s)
wandb: Find logs at: ./wandb/run-20260426_172359-8mbv2imw/logs
[I 2026-04-26 17:24:02,412] Trial 3 finished with value: 19.607843137254903 and parameters: {'lr': 8.200518402245828e-05, 'weight_decay': 3.855073690026179e-08, 'batch_size': 32, 'epochs': 50}. Best is trial 0 with value: 21.568627450980394.
wandb: setting up run mw3xiufu
wandb: Tracking run with wandb version 0.26.1
wandb: Run data is saved locally in /gpfs/home3/scur0511/Probe4Physics/wandb/run-20260426_172402-mw3xiufu
wandb: Run `wandb offline` to turn off syncing.
wandb: Syncing run intphys2_linear_jepa_v1_vith16_384_layer_8/trial_0004
wandb: ⭐️ View project at https://wandb.ai/caselli-niccolo-developer-university-of-amsterdam/probe4physics
wandb: 🚀 View run at https://wandb.ai/caselli-niccolo-developer-university-of-amsterdam/probe4physics/runs/mw3xiufu
[eval.intphys2] Starting eval | split_name=val split_dir=data/splits/intphys2 predictor_mode=from_file metadata_file=data/annotations/intphys2_metadata.csv
[eval.intphys2] Loaded split assignments | split_scenes=51 split_samples=204
[eval.intphys2] Generated predictions | n_predictions=204
[eval.intphys2] Scoring complete | accuracy=52.9412 voe_accuracy=11.7647 n_scenes=51 n_samples=204
[eval.intphys2] Artifacts written | output_dir=artifacts/probes/intphys2/intphys2_probe_linear_jepa_v1_vith16_384_20260426T152120Z/layer_8/train/trial_0004/val_eval
wandb: updating run metadata
wandb: uploading wandb-metadata.json; uploading requirements.txt; uploading output.log; uploading wandb-summary.json; uploading config.yaml
wandb: uploading requirements.txt; uploading wandb-summary.json
wandb: 
wandb: Run history:
wandb:          epoch ▁▁▁▁▂▂▂▂▂▃▃▃▃▃▄▄▄▄▄▄▅▅▅▅▅▆▆▆▆▆▆▇▇▇▇▇▇███
wandb: train_accuracy ▄▁▃▄▁▄▅▄▄▃▅▂▂▅▅▅▃▆▆▅█▄▅▄▄▆▅▅▆▅█▅▇▃▂▆▄▄▅▆
wandb:     train_loss █▄▄▃▄▃▄▄▄▄▂▃▃▄▄▄▅▅▃▂▁▆▅▄▃▆▂▃▂▄▂▃▄▃▃▅▂▂▃▂
wandb:   val_accuracy ▄▅▇▄▆▅▄▄▄▄▄▃▂▄▄▄▅▄▄█▄█▄▃▁▄▅▄▄▅▄▄▅▇▄▅▄▅▇▄
wandb:       val_loss ▂▂▁▂▁▁▃▂▂▃▁▂▁▁▄▂▂▁█▃▃█▁▅▂▁▇▁▂▄▂▂▃▁▂▁▁▂▁▂
wandb: 
wandb: Run summary:
wandb:           best_epoch 24
wandb:    best_val_accuracy 52.94118
wandb:        best_val_loss 0.69389
wandb: checkpoint_best_path artifacts/probes/int...
wandb: checkpoint_last_path artifacts/probes/int...
wandb:      checkpoint_path artifacts/probes/int...
wandb:              dataset intphys2
wandb:      elapsed_seconds 2.29952
wandb:                epoch 50
wandb:    feature_signature 78346a9facde6609
wandb:                  +22 ...
wandb: 
wandb: 🚀 View run intphys2_linear_jepa_v1_vith16_384_layer_8/trial_0004 at: https://wandb.ai/caselli-niccolo-developer-university-of-amsterdam/probe4physics/runs/mw3xiufu
wandb: ⭐️ View project at: https://wandb.ai/caselli-niccolo-developer-university-of-amsterdam/probe4physics
wandb: Synced 5 W&B file(s), 0 media file(s), 0 artifact file(s) and 0 other file(s)
wandb: Find logs at: ./wandb/run-20260426_172402-mw3xiufu/logs
[I 2026-04-26 17:24:06,106] Trial 4 finished with value: 11.76470588235294 and parameters: {'lr': 0.00043664735929796326, 'weight_decay': 1.2856617791467908e-07, 'batch_size': 32, 'epochs': 50}. Best is trial 0 with value: 21.568627450980394.
wandb: setting up run v4wz5k6j
wandb: Tracking run with wandb version 0.26.1
wandb: Run data is saved locally in /gpfs/home3/scur0511/Probe4Physics/wandb/run-20260426_172406-v4wz5k6j
wandb: Run `wandb offline` to turn off syncing.
wandb: Syncing run intphys2_linear_jepa_v1_vith16_384_layer_8/trial_0005
wandb: ⭐️ View project at https://wandb.ai/caselli-niccolo-developer-university-of-amsterdam/probe4physics
wandb: 🚀 View run at https://wandb.ai/caselli-niccolo-developer-university-of-amsterdam/probe4physics/runs/v4wz5k6j
[eval.intphys2] Starting eval | split_name=val split_dir=data/splits/intphys2 predictor_mode=from_file metadata_file=data/annotations/intphys2_metadata.csv
[eval.intphys2] Loaded split assignments | split_scenes=51 split_samples=204
[eval.intphys2] Generated predictions | n_predictions=204
[eval.intphys2] Scoring complete | accuracy=53.9216 voe_accuracy=9.8039 n_scenes=51 n_samples=204
[eval.intphys2] Artifacts written | output_dir=artifacts/probes/intphys2/intphys2_probe_linear_jepa_v1_vith16_384_20260426T152120Z/layer_8/train/trial_0005/val_eval
wandb: updating run metadata
wandb: uploading wandb-summary.json; uploading config.yaml; uploading output.log
wandb: 
wandb: Run history:
wandb:          epoch ▁▁▁▁▂▂▂▂▂▃▃▄▄▄▄▄▄▄▄▄▅▅▅▅▅▆▆▆▆▆▇▇▇▇▇█████
wandb: train_accuracy ▁▁▁▂▃▂▃▂▃▂▂▂▄▃▃▄▂▅▃▄▃▄▅▅▆▄▅▅▆▄▇▅▅▆▅▇▇▆██
wandb:     train_loss ▇██▇▆▆▇▆▇▆▆▆▅▅▅▅▆▅▅▅▄▄▅▄▄▄▄▃▃▃▃▂▂▂▁▁▂▃▂▁
wandb:   val_accuracy ▂▄▄▃▆▇▇▄▅▆▅▆▅▅▇▅▅▅█▁▂▅▂▃▅▆▇▄▇▇▅▆▅▅▅▅▄▆▆▇
wandb:       val_loss ▇█▂▃▂▅▂▃▂▁▂▁▁▁▁▅▇▂▂▃▂▃▃▂▄▂▂▂▃▂▂▅▂▃▂▃▅▃▃▅
wandb: 
wandb: Run summary:
wandb:           best_epoch 8
wandb:    best_val_accuracy 53.92157
wandb:        best_val_loss 0.69426
wandb: checkpoint_best_path artifacts/probes/int...
wandb: checkpoint_last_path artifacts/probes/int...
wandb:      checkpoint_path artifacts/probes/int...
wandb:              dataset intphys2
wandb:      elapsed_seconds 17.40626
wandb:                epoch 500
wandb:    feature_signature 78346a9facde6609
wandb:                  +22 ...
wandb: 
wandb: 🚀 View run intphys2_linear_jepa_v1_vith16_384_layer_8/trial_0005 at: https://wandb.ai/caselli-niccolo-developer-university-of-amsterdam/probe4physics/runs/v4wz5k6j
wandb: ⭐️ View project at: https://wandb.ai/caselli-niccolo-developer-university-of-amsterdam/probe4physics
wandb: Synced 5 W&B file(s), 0 media file(s), 0 artifact file(s) and 0 other file(s)
wandb: Find logs at: ./wandb/run-20260426_172406-v4wz5k6j/logs
[I 2026-04-26 17:24:24,484] Trial 5 finished with value: 9.803921568627452 and parameters: {'lr': 0.00014656553886225324, 'weight_decay': 4.247116662617142e-07, 'batch_size': 32, 'epochs': 500}. Best is trial 0 with value: 21.568627450980394.
wandb: setting up run vyaf7yg6
wandb: Tracking run with wandb version 0.26.1
wandb: Run data is saved locally in /gpfs/home3/scur0511/Probe4Physics/wandb/run-20260426_172424-vyaf7yg6
wandb: Run `wandb offline` to turn off syncing.
wandb: Syncing run intphys2_linear_jepa_v1_vith16_384_layer_8/trial_0006
wandb: ⭐️ View project at https://wandb.ai/caselli-niccolo-developer-university-of-amsterdam/probe4physics
wandb: 🚀 View run at https://wandb.ai/caselli-niccolo-developer-university-of-amsterdam/probe4physics/runs/vyaf7yg6
wandb: updating run metadata
wandb: uploading wandb-metadata.json; uploading requirements.txt; uploading wandb-summary.json; uploading config.yaml
wandb: 
wandb: Run history:
wandb:          epoch ▁▁▁▁▁▂▂▂▂▂▃▃▃▃▄▄▄▅▅▅▅▅▅▅▅▆▆▆▆▇▇▇▇▇▇█████
wandb: train_accuracy ▄▃▃▃▂▁▂▄▃▂▁▃▅▃▃▂▂▂▂▃▃▃▃▅▆▅▃▆▇▆█▇▇▆▅▆▆▆▆▄
wandb:     train_loss █▇▆▅▄▂▂▂▂▂▁▂▂▂▂▂▂▂▂▁▁▁▁▂▂▁▁▁▁▁▁▁▁▂▁▁▁▁▁▁
wandb:   val_accuracy ▅▅▅▇▅▅▄▂▄▇▄▄▄▄▂▂▅▇▇█▁▂▁▄▄▄▅▅▇▇▄▅▄▄▅▇▇▄▇▄
wandb:       val_loss █▇▆▅▄▂▂▂▂▂▂▂▂▂▂▂▁▁▁▁▁▁▁▁▁▁▁▁▁▁▁▁▁▁▁▁▁▁▁▁
wandb: 
wandb: Run summary:
wandb:          epoch 100
wandb: train_accuracy 50.16556
wandb:     train_loss 0.69518
wandb:   val_accuracy 49.5098
wandb:       val_loss 0.69498
wandb: 
wandb: 🚀 View run intphys2_linear_jepa_v1_vith16_384_layer_8/trial_0006 at: https://wandb.ai/caselli-niccolo-developer-university-of-amsterdam/probe4physics/runs/vyaf7yg6
wandb: ⭐️ View project at: https://wandb.ai/caselli-niccolo-developer-university-of-amsterdam/probe4physics
wandb: Synced 4 W&B file(s), 0 media file(s), 0 artifact file(s) and 0 other file(s)
wandb: Find logs at: ./wandb/run-20260426_172424-vyaf7yg6/logs
[I 2026-04-26 17:24:28,403] Trial 6 pruned. Pruned at epoch 100 with val_accuracy=49.5098
wandb: setting up run n7lsxv0t
wandb: Tracking run with wandb version 0.26.1
wandb: Run data is saved locally in /gpfs/home3/scur0511/Probe4Physics/wandb/run-20260426_172428-n7lsxv0t
wandb: Run `wandb offline` to turn off syncing.
wandb: Syncing run intphys2_linear_jepa_v1_vith16_384_layer_8/trial_0007
wandb: ⭐️ View project at https://wandb.ai/caselli-niccolo-developer-university-of-amsterdam/probe4physics
wandb: 🚀 View run at https://wandb.ai/caselli-niccolo-developer-university-of-amsterdam/probe4physics/runs/n7lsxv0t
wandb: updating run metadata
wandb: uploading wandb-summary.json; uploading config.yaml
wandb: uploading history steps 0-512, summary
wandb: 
wandb: Run history:
wandb:          epoch ▁▁▁▁▂▂▂▂▂▂▃▃▃▃▃▄▄▄▄▅▅▅▅▅▅▅▆▆▆▆▇▇▇▇▇█████
wandb: train_accuracy ▁▂▁▂▁▂▂▂▂▃▂▂▃▄▄▆▄▅▆▅▆▄▃▆█▆▆▅▄▅▅▆▆▅▆▆▇█▇▆
wandb:     train_loss ██▇█▇▇▇▇▇▆▆▅▅▆▅▅▅▅▅▅▅▄▄▄▄▃▃▄▃▃▃▃▂▂▂▂▁▂▂▁
wandb:   val_accuracy ▇▄▅▆▃▃▄▇▇▁▂▄▇▃▃▄▃▃▃▄▇▃▃▇▃▆█▅▅▃▅▄▅▅▇▄▇▄▇▅
wandb:       val_loss █▆▄▃▃▂▂▂▂▂▂▃▂▂▂▁▁▁▂▁▂▂▁▁▁▁▁▁▁▁▁▁▁▁▁▁▁▁▁▁
wandb: 
wandb: Run summary:
wandb:          epoch 513
wandb: train_accuracy 56.45695
wandb:     train_loss 0.68589
wandb:   val_accuracy 49.5098
wandb:       val_loss 0.6937
wandb: 
wandb: 🚀 View run intphys2_linear_jepa_v1_vith16_384_layer_8/trial_0007 at: https://wandb.ai/caselli-niccolo-developer-university-of-amsterdam/probe4physics/runs/n7lsxv0t
wandb: ⭐️ View project at: https://wandb.ai/caselli-niccolo-developer-university-of-amsterdam/probe4physics
wandb: Synced 4 W&B file(s), 0 media file(s), 0 artifact file(s) and 0 other file(s)
wandb: Find logs at: ./wandb/run-20260426_172428-n7lsxv0t/logs
[I 2026-04-26 17:24:43,088] Trial 7 pruned. Pruned at epoch 513 with val_accuracy=49.5098
wandb: setting up run m4q76b6n
wandb: Tracking run with wandb version 0.26.1
wandb: Run data is saved locally in /gpfs/home3/scur0511/Probe4Physics/wandb/run-20260426_172443-m4q76b6n
wandb: Run `wandb offline` to turn off syncing.
wandb: Syncing run intphys2_linear_jepa_v1_vith16_384_layer_8/trial_0008
wandb: ⭐️ View project at https://wandb.ai/caselli-niccolo-developer-university-of-amsterdam/probe4physics
wandb: 🚀 View run at https://wandb.ai/caselli-niccolo-developer-university-of-amsterdam/probe4physics/runs/m4q76b6n
[eval.intphys2] Starting eval | split_name=val split_dir=data/splits/intphys2 predictor_mode=from_file metadata_file=data/annotations/intphys2_metadata.csv
[eval.intphys2] Loaded split assignments | split_scenes=51 split_samples=204
[eval.intphys2] Generated predictions | n_predictions=204
[eval.intphys2] Scoring complete | accuracy=54.4118 voe_accuracy=25.4902 n_scenes=51 n_samples=204
[eval.intphys2] Artifacts written | output_dir=artifacts/probes/intphys2/intphys2_probe_linear_jepa_v1_vith16_384_20260426T152120Z/layer_8/train/trial_0008/val_eval
wandb: updating run metadata
wandb: uploading config.yaml; uploading wandb-metadata.json; uploading requirements.txt; uploading output.log; uploading wandb-summary.json
wandb: uploading history steps 0-99, summary, console lines 0-4
wandb: 
wandb: Run history:
wandb:          epoch ▁▁▁▁▂▂▂▂▃▃▃▃▃▄▄▄▄▄▄▄▅▅▅▅▅▅▅▆▆▆▆▆▆▇▇▇▇███
wandb: train_accuracy ▂▄▂▁▃▂▁▃▅▄▃▃▂▅▅█▅▆▇▇▆▆▆▅▅▅█▅█▇▇▃▄▆▆▆▆▃▅▃
wandb:     train_loss ▇▇▇▄█▆▆█▆▅▅▅▆▄▃▄▄▃▅▃▂▃▂▃▃▃▁▄▃▁▃▂▂▃▄▅▁▂▁█
wandb:   val_accuracy ▅▃▃▄▃▄▂▂▁▅▂▅▂▄▁▄█▁▅▂▃▂▃▃▅▂▂▂▅▂▃▂▄▂▂▄▂▅▂▃
wandb:       val_loss ▆▇▃▂▄▃▁▅▂▂▃▂▂▃▃▂▁▁▁▁▂▁▁▁▁▂▂▃▂▂▂▂▁▂▆█▄▃▂▂
wandb: 
wandb: Run summary:
wandb:           best_epoch 35
wandb:    best_val_accuracy 54.41176
wandb:        best_val_loss 0.69368
wandb: checkpoint_best_path artifacts/probes/int...
wandb: checkpoint_last_path artifacts/probes/int...
wandb:      checkpoint_path artifacts/probes/int...
wandb:              dataset intphys2
wandb:      elapsed_seconds 2.80908
wandb:                epoch 100
wandb:    feature_signature 78346a9facde6609
wandb:                  +22 ...
wandb: 
wandb: 🚀 View run intphys2_linear_jepa_v1_vith16_384_layer_8/trial_0008 at: https://wandb.ai/caselli-niccolo-developer-university-of-amsterdam/probe4physics/runs/m4q76b6n
wandb: ⭐️ View project at: https://wandb.ai/caselli-niccolo-developer-university-of-amsterdam/probe4physics
wandb: Synced 5 W&B file(s), 0 media file(s), 0 artifact file(s) and 0 other file(s)
wandb: Find logs at: ./wandb/run-20260426_172443-m4q76b6n/logs
[I 2026-04-26 17:24:47,287] Trial 8 finished with value: 25.49019607843137 and parameters: {'lr': 0.0003699972431463808, 'weight_decay': 3.6749049453053196e-06, 'batch_size': 256, 'epochs': 100}. Best is trial 8 with value: 25.49019607843137.
wandb: setting up run unuegtts
wandb: Tracking run with wandb version 0.26.1
wandb: Run data is saved locally in /gpfs/home3/scur0511/Probe4Physics/wandb/run-20260426_172447-unuegtts
wandb: Run `wandb offline` to turn off syncing.
wandb: Syncing run intphys2_linear_jepa_v1_vith16_384_layer_8/trial_0009
wandb: ⭐️ View project at https://wandb.ai/caselli-niccolo-developer-university-of-amsterdam/probe4physics
wandb: 🚀 View run at https://wandb.ai/caselli-niccolo-developer-university-of-amsterdam/probe4physics/runs/unuegtts
wandb: updating run metadata
wandb: uploading wandb-summary.json; uploading config.yaml
wandb: 
wandb: Run history:
wandb:          epoch ▁▁▁▂▂▂▂▃▃▃▃▄▄▄▄▄▄▄▄▅▅▅▅▅▆▆▆▆▆▇▇▇▇▇▇▇▇▇██
wandb: train_accuracy ▁▂▁▁▂▃▂▃▃▄▃▃▃▄▃▃▄▄▅▅▄▅▆▅▆▆▇▇▆▇▇▇▆▆█▇▇▇▇█
wandb:     train_loss ███▇█▇▇▆▆▆▅▅▅▅▅▅▄▅▅▄▅▄▄▄▄▄▄▄▃▃▃▃▂▃▃▂▂▂▂▁
wandb:   val_accuracy ▁▄▄▆▆▃▅█▄▃▆▆▆▅▆▅▅▃▅▄▃▃▂▆▃▃▂▂▁▂▂▁▁▁▃▂▂▃▂▂
wandb:       val_loss █▅▃▂▂▂▂▂▂▂▁▁▁▁▁▁▁▁▁▁▂▁▁▁▁▁▁▁▁▁▁▁▁▁▁▁▁▁▁▁
wandb: 
wandb: Run summary:
wandb:          epoch 866
wandb: train_accuracy 56.62252
wandb:     train_loss 0.686
wandb:   val_accuracy 48.03922
wandb:       val_loss 0.69433
wandb: 
wandb: 🚀 View run intphys2_linear_jepa_v1_vith16_384_layer_8/trial_0009 at: https://wandb.ai/caselli-niccolo-developer-university-of-amsterdam/probe4physics/runs/unuegtts
wandb: ⭐️ View project at: https://wandb.ai/caselli-niccolo-developer-university-of-amsterdam/probe4physics
wandb: Synced 4 W&B file(s), 0 media file(s), 0 artifact file(s) and 0 other file(s)
wandb: Find logs at: ./wandb/run-20260426_172447-unuegtts/logs
[I 2026-04-26 17:25:14,366] Trial 9 pruned. Pruned at epoch 866 with val_accuracy=48.0392
wandb: setting up run f4la3qt9
wandb: Tracking run with wandb version 0.26.1
wandb: Run data is saved locally in /gpfs/home3/scur0511/Probe4Physics/wandb/run-20260426_172514-f4la3qt9
wandb: Run `wandb offline` to turn off syncing.
wandb: Syncing run intphys2_linear_jepa_v1_vith16_384_layer_8/trial_0010
wandb: ⭐️ View project at https://wandb.ai/caselli-niccolo-developer-university-of-amsterdam/probe4physics
wandb: 🚀 View run at https://wandb.ai/caselli-niccolo-developer-university-of-amsterdam/probe4physics/runs/f4la3qt9
[eval.intphys2] Starting eval | split_name=val split_dir=data/splits/intphys2 predictor_mode=from_file metadata_file=data/annotations/intphys2_metadata.csv
[eval.intphys2] Loaded split assignments | split_scenes=51 split_samples=204
[eval.intphys2] Generated predictions | n_predictions=204
[eval.intphys2] Scoring complete | accuracy=52.4510 voe_accuracy=9.8039 n_scenes=51 n_samples=204
[eval.intphys2] Artifacts written | output_dir=artifacts/probes/intphys2/intphys2_probe_linear_jepa_v1_vith16_384_20260426T152120Z/layer_8/train/trial_0010/val_eval
wandb: updating run metadata
wandb: uploading requirements.txt; uploading output.log; uploading wandb-summary.json; uploading config.yaml; uploading wandb-metadata.json
wandb: 
wandb: Run history:
wandb:          epoch ▁▁▂▂▂▃▃▄▄▄▅▅▅▆▆▇▇▇██
wandb: train_accuracy ▅█▃▃▂▃▁▃▄▆▃▃▃▇▄▃▃▃▄▃
wandb:     train_loss █▂▆▅▂▃▂▂▂▁▂▁▂▁▁▁▁▁▁▁
wandb:   val_accuracy ▄▄▃▄▄▂▄▂▂▄▃▅▆▅▃▃▅█▅▁
wandb:       val_loss ▅█▁▃▃▁▂▁▁▂▁▂▁▁▁▁▁▁▁▁
wandb: 
wandb: Run summary:
wandb:           best_epoch 18
wandb:    best_val_accuracy 52.45098
wandb:        best_val_loss 0.69431
wandb: checkpoint_best_path artifacts/probes/int...
wandb: checkpoint_last_path artifacts/probes/int...
wandb:      checkpoint_path artifacts/probes/int...
wandb:              dataset intphys2
wandb:      elapsed_seconds 1.2069
wandb:                epoch 20
wandb:    feature_signature 78346a9facde6609
wandb:                  +22 ...
wandb: 
wandb: 🚀 View run intphys2_linear_jepa_v1_vith16_384_layer_8/trial_0010 at: https://wandb.ai/caselli-niccolo-developer-university-of-amsterdam/probe4physics/runs/f4la3qt9
wandb: ⭐️ View project at: https://wandb.ai/caselli-niccolo-developer-university-of-amsterdam/probe4physics
wandb: Synced 5 W&B file(s), 0 media file(s), 0 artifact file(s) and 0 other file(s)
wandb: Find logs at: ./wandb/run-20260426_172514-f4la3qt9/logs
[I 2026-04-26 17:25:16,553] Trial 10 finished with value: 9.803921568627452 and parameters: {'lr': 0.002146403547714585, 'weight_decay': 1.7817062489347395e-05, 'batch_size': 256, 'epochs': 20}. Best is trial 8 with value: 25.49019607843137.
wandb: setting up run algf8xk2
wandb: Tracking run with wandb version 0.26.1
wandb: Run data is saved locally in /gpfs/home3/scur0511/Probe4Physics/wandb/run-20260426_172516-algf8xk2
wandb: Run `wandb offline` to turn off syncing.
wandb: Syncing run intphys2_linear_jepa_v1_vith16_384_layer_8/trial_0011
wandb: ⭐️ View project at https://wandb.ai/caselli-niccolo-developer-university-of-amsterdam/probe4physics
wandb: 🚀 View run at https://wandb.ai/caselli-niccolo-developer-university-of-amsterdam/probe4physics/runs/algf8xk2
[eval.intphys2] Starting eval | split_name=val split_dir=data/splits/intphys2 predictor_mode=from_file metadata_file=data/annotations/intphys2_metadata.csv
[eval.intphys2] Loaded split assignments | split_scenes=51 split_samples=204
[eval.intphys2] Generated predictions | n_predictions=204
[eval.intphys2] Scoring complete | accuracy=57.3529 voe_accuracy=19.6078 n_scenes=51 n_samples=204
[eval.intphys2] Artifacts written | output_dir=artifacts/probes/intphys2/intphys2_probe_linear_jepa_v1_vith16_384_20260426T152120Z/layer_8/train/trial_0011/val_eval
wandb: updating run metadata
wandb: uploading wandb-summary.json; uploading config.yaml; uploading output.log
wandb: 
wandb: Run history:
wandb:          epoch ▁▁▁▁▁▂▂▂▂▂▂▃▃▃▃▃▃▄▄▄▄▄▄▅▅▅▅▅▆▆▆▆▆▆▆▇▇▇██
wandb: train_accuracy ▁▁▂▄▄▄▄▄▄▁▄▅▄▆▅▆▅▇█▅▇▆▇▆▇▇▇▆█▇█▇▆▅███▇▇█
wandb:     train_loss ███▇▆▆▆▆▆▆▆▅▅▅▅▅▅▄▄▄▅▄▅▄▄▃▃▃▂▂▂▃▃▂▂▂▂▂▂▁
wandb:   val_accuracy ▁▁▁▆▁▇▃▄▃▄▆▄▅▄▇▃▆▄█▇▃▆▄▅▅▇▄▅▃▃▇▄▇▅▅▅▅▃▆▇
wandb:       val_loss ▁▁▂▂▁▃▁▁▁▂▂▂▂▃▂▄▃▃▃▃▃▄▄▅▄▅▅▆▄▅▅▅▆▇▆▆▆▆█▇
wandb: 
wandb: Run summary:
wandb:           best_epoch 467
wandb:    best_val_accuracy 57.35294
wandb:        best_val_loss 0.69925
wandb: checkpoint_best_path artifacts/probes/int...
wandb: checkpoint_last_path artifacts/probes/int...
wandb:      checkpoint_path artifacts/probes/int...
wandb:              dataset intphys2
wandb:      elapsed_seconds 100.60273
wandb:                epoch 2000
wandb:    feature_signature 78346a9facde6609
wandb:                  +22 ...
wandb: 
wandb: 🚀 View run intphys2_linear_jepa_v1_vith16_384_layer_8/trial_0011 at: https://wandb.ai/caselli-niccolo-developer-university-of-amsterdam/probe4physics/runs/algf8xk2
wandb: ⭐️ View project at: https://wandb.ai/caselli-niccolo-developer-university-of-amsterdam/probe4physics
wandb: Synced 5 W&B file(s), 0 media file(s), 0 artifact file(s) and 0 other file(s)
wandb: Find logs at: ./wandb/run-20260426_172516-algf8xk2/logs
[I 2026-04-26 17:26:58,408] Trial 11 finished with value: 19.607843137254903 and parameters: {'lr': 0.0008322724281704743, 'weight_decay': 2.4286396211324367e-05, 'batch_size': 64, 'epochs': 2000}. Best is trial 8 with value: 25.49019607843137.
wandb: setting up run p6jo46ll
wandb: Tracking run with wandb version 0.26.1
wandb: Run data is saved locally in /gpfs/home3/scur0511/Probe4Physics/wandb/run-20260426_172658-p6jo46ll
wandb: Run `wandb offline` to turn off syncing.
wandb: Syncing run intphys2_linear_jepa_v1_vith16_384_layer_8/trial_0012
wandb: ⭐️ View project at https://wandb.ai/caselli-niccolo-developer-university-of-amsterdam/probe4physics
wandb: 🚀 View run at https://wandb.ai/caselli-niccolo-developer-university-of-amsterdam/probe4physics/runs/p6jo46ll
wandb: updating run metadata
wandb: uploading wandb-summary.json; uploading config.yaml; uploading wandb-metadata.json; uploading requirements.txt
wandb: 
wandb: Run history:
wandb:          epoch ▁▁▁▂▂▂▂▃▃▃▃▃▄▄▄▄▅▅▅▅▅▆▆▆▆▆▆▆▇▇▇▇▇▇▇█████
wandb: train_accuracy ▄▂▄▅▄▆▅▃▄▂▂▅▅▄▅▁▄▅▂▂▄▇▇▄▅▅▇▆▄▆▃▅▇▅▄▃▃█▇▅
wandb:     train_loss █▄▅▅▂▄▄▅▄▄▄▄▄▂▃▃▃▃▃▃▄▃▃▃▄▃▃▃▂▁▂▂▃▄▂▃▃▂▃▂
wandb:   val_accuracy ▅▅█▇▄▂▅▇▄▂▄▄▄▂▄▅▄▂▅▅█▇▄▄▅▅▄▄▅▄▂▄▂▅▄▄▁▂▂▇
wandb:       val_loss █▅▂▂▂▂▂▂▂▂▂▂▂▂▂▂▂▁▁▁▁▁▁▁▁▁▁▁▁▁▁▁▁▁▁▁▁▁▁▁
wandb: 
wandb: Run summary:
wandb:          epoch 111
wandb: train_accuracy 50.33113
wandb:     train_loss 0.69335
wandb:   val_accuracy 48.03922
wandb:       val_loss 0.69473
wandb: 
wandb: 🚀 View run intphys2_linear_jepa_v1_vith16_384_layer_8/trial_0012 at: https://wandb.ai/caselli-niccolo-developer-university-of-amsterdam/probe4physics/runs/p6jo46ll
wandb: ⭐️ View project at: https://wandb.ai/caselli-niccolo-developer-university-of-amsterdam/probe4physics
wandb: Synced 4 W&B file(s), 0 media file(s), 0 artifact file(s) and 0 other file(s)
wandb: Find logs at: ./wandb/run-20260426_172658-p6jo46ll/logs
[I 2026-04-26 17:27:02,432] Trial 12 pruned. Pruned at epoch 111 with val_accuracy=48.0392
wandb: setting up run 4hyu8dey
wandb: Tracking run with wandb version 0.26.1
wandb: Run data is saved locally in /gpfs/home3/scur0511/Probe4Physics/wandb/run-20260426_172702-4hyu8dey
wandb: Run `wandb offline` to turn off syncing.
wandb: Syncing run intphys2_linear_jepa_v1_vith16_384_layer_8/trial_0013
wandb: ⭐️ View project at https://wandb.ai/caselli-niccolo-developer-university-of-amsterdam/probe4physics
wandb: 🚀 View run at https://wandb.ai/caselli-niccolo-developer-university-of-amsterdam/probe4physics/runs/4hyu8dey
[eval.intphys2] Starting eval | split_name=val split_dir=data/splits/intphys2 predictor_mode=from_file metadata_file=data/annotations/intphys2_metadata.csv
[eval.intphys2] Loaded split assignments | split_scenes=51 split_samples=204
[eval.intphys2] Generated predictions | n_predictions=204
[eval.intphys2] Scoring complete | accuracy=57.8431 voe_accuracy=21.5686 n_scenes=51 n_samples=204
[eval.intphys2] Artifacts written | output_dir=artifacts/probes/intphys2/intphys2_probe_linear_jepa_v1_vith16_384_20260426T152120Z/layer_8/train/trial_0013/val_eval
wandb: updating run metadata
wandb: uploading output.log; uploading wandb-summary.json; uploading config.yaml
wandb: 
wandb: Run history:
wandb:          epoch ▁▁▁▁▂▂▂▂▂▂▂▃▃▃▃▃▄▄▄▄▄▄▄▄▅▅▅▅▅▅▇▇▇▇▇▇████
wandb: train_accuracy ▂▁▃▄▃▄▄▅▅▃▃▅▄▆▇▇▆▆▇▆▅▇▇▇▇▇▇██▇▇▇▆▆▇▇████
wandb:     train_loss ██▆▆▅▅▅▆▅▅▅▅▅▅▄▄▄▃▃▄▃▃▄▃▃▃▃▂▂▂▂▂▂▂▂▂▂▂▁▁
wandb:   val_accuracy ▁▁▂▄▅▅▁▆▆▄▃▇▄▄▄▆▅▇▆▆▅█▅▆▄▄▆▆▆▆▄▅▅▆▃▆▃▃▅▇
wandb:       val_loss █▁▁▄▃▁▃▂▃▂▂▂▂▃▂▃▂▃▃▃▃▃▃▃▄█▅▆▅▅▆▆▆▆▆▇▇▇▇█
wandb: 
wandb: Run summary:
wandb:           best_epoch 1959
wandb:    best_val_accuracy 57.84314
wandb:        best_val_loss 0.76468
wandb: checkpoint_best_path artifacts/probes/int...
wandb: checkpoint_last_path artifacts/probes/int...
wandb:      checkpoint_path artifacts/probes/int...
wandb:              dataset intphys2
wandb:      elapsed_seconds 101.10129
wandb:                epoch 2000
wandb:    feature_signature 78346a9facde6609
wandb:                  +22 ...
wandb: 
wandb: 🚀 View run intphys2_linear_jepa_v1_vith16_384_layer_8/trial_0013 at: https://wandb.ai/caselli-niccolo-developer-university-of-amsterdam/probe4physics/runs/4hyu8dey
wandb: ⭐️ View project at: https://wandb.ai/caselli-niccolo-developer-university-of-amsterdam/probe4physics
wandb: Synced 5 W&B file(s), 0 media file(s), 0 artifact file(s) and 0 other file(s)
wandb: Find logs at: ./wandb/run-20260426_172702-4hyu8dey/logs
[I 2026-04-26 17:28:44,603] Trial 13 finished with value: 21.568627450980394 and parameters: {'lr': 0.0009827696709910616, 'weight_decay': 2.928233826405194e-06, 'batch_size': 64, 'epochs': 2000}. Best is trial 8 with value: 25.49019607843137.
wandb: setting up run iwcwcz80
wandb: Tracking run with wandb version 0.26.1
wandb: Run data is saved locally in /gpfs/home3/scur0511/Probe4Physics/wandb/run-20260426_172844-iwcwcz80
wandb: Run `wandb offline` to turn off syncing.
wandb: Syncing run intphys2_linear_jepa_v1_vith16_384_layer_8/trial_0014
wandb: ⭐️ View project at https://wandb.ai/caselli-niccolo-developer-university-of-amsterdam/probe4physics
wandb: 🚀 View run at https://wandb.ai/caselli-niccolo-developer-university-of-amsterdam/probe4physics/runs/iwcwcz80
[eval.intphys2] Starting eval | split_name=val split_dir=data/splits/intphys2 predictor_mode=from_file metadata_file=data/annotations/intphys2_metadata.csv
[eval.intphys2] Loaded split assignments | split_scenes=51 split_samples=204
[eval.intphys2] Generated predictions | n_predictions=204
[eval.intphys2] Scoring complete | accuracy=54.9020 voe_accuracy=19.6078 n_scenes=51 n_samples=204
[eval.intphys2] Artifacts written | output_dir=artifacts/probes/intphys2/intphys2_probe_linear_jepa_v1_vith16_384_20260426T152120Z/layer_8/train/trial_0014/val_eval
wandb: updating run metadata
wandb: uploading wandb-summary.json; uploading config.yaml; uploading wandb-metadata.json; uploading requirements.txt; uploading output.log
wandb: 
wandb: Run history:
wandb:          epoch ▁▁▁▁▁▂▂▂▂▂▃▃▃▃▃▃▄▄▄▄▄▄▅▅▅▅▅▅▆▆▆▆▆▇▇▇▇▇▇█
wandb: train_accuracy ▃▂▃▃▃▁▁▂▂▃▃▂▃▃▂▃▃▄▄▄▃▅▄▄▅▅▅▅▇▆▃▅▅▅▃▇▅▅█▅
wandb:     train_loss ▄▅▅▅▅▅█▄▄▇▃▃▃▇▆▄▅▇▄▄▃▆▃▂▂▃▃▆█▄▄▃▂▅▃▂▁▃▇▄
wandb:   val_accuracy ▃▃▁▃▆▆▄▂▁▆▃▅▃▄▃▄▃▃▃▃▃▇▁█▁▆▅▄▇▄▄▄█▃▂▆▄█▆▁
wandb:       val_loss ▂▅▁▂▁▂▃█▂▁▁▃▃▁▁▂▂▂▂▃▂▂▅▁▂▂▃▂▂▃▂▃▂▂▅▁▃▆▄▂
wandb: 
wandb: Run summary:
wandb:           best_epoch 93
wandb:    best_val_accuracy 54.90196
wandb:        best_val_loss 0.73758
wandb: checkpoint_best_path artifacts/probes/int...
wandb: checkpoint_last_path artifacts/probes/int...
wandb:      checkpoint_path artifacts/probes/int...
wandb:              dataset intphys2
wandb:      elapsed_seconds 4.03659
wandb:                epoch 100
wandb:    feature_signature 78346a9facde6609
wandb:                  +22 ...
wandb: 
wandb: 🚀 View run intphys2_linear_jepa_v1_vith16_384_layer_8/trial_0014 at: https://wandb.ai/caselli-niccolo-developer-university-of-amsterdam/probe4physics/runs/iwcwcz80
wandb: ⭐️ View project at: https://wandb.ai/caselli-niccolo-developer-university-of-amsterdam/probe4physics
wandb: Synced 5 W&B file(s), 0 media file(s), 0 artifact file(s) and 0 other file(s)
wandb: Find logs at: ./wandb/run-20260426_172844-iwcwcz80/logs
[I 2026-04-26 17:28:49,684] Trial 14 finished with value: 19.607843137254903 and parameters: {'lr': 0.007232797376641205, 'weight_decay': 0.00010294317962431006, 'batch_size': 32, 'epochs': 100}. Best is trial 8 with value: 25.49019607843137.
wandb: setting up run bu7j35yj
wandb: Tracking run with wandb version 0.26.1
wandb: Run data is saved locally in /gpfs/home3/scur0511/Probe4Physics/wandb/run-20260426_172849-bu7j35yj
wandb: Run `wandb offline` to turn off syncing.
wandb: Syncing run intphys2_linear_jepa_v1_vith16_384_layer_8/trial_0015
wandb: ⭐️ View project at https://wandb.ai/caselli-niccolo-developer-university-of-amsterdam/probe4physics
wandb: 🚀 View run at https://wandb.ai/caselli-niccolo-developer-university-of-amsterdam/probe4physics/runs/bu7j35yj
[eval.intphys2] Starting eval | split_name=val split_dir=data/splits/intphys2 predictor_mode=from_file metadata_file=data/annotations/intphys2_metadata.csv
[eval.intphys2] Loaded split assignments | split_scenes=51 split_samples=204
[eval.intphys2] Generated predictions | n_predictions=204
[eval.intphys2] Scoring complete | accuracy=54.4118 voe_accuracy=15.6863 n_scenes=51 n_samples=204
[eval.intphys2] Artifacts written | output_dir=artifacts/probes/intphys2/intphys2_probe_linear_jepa_v1_vith16_384_20260426T152120Z/layer_8/train/trial_0015/val_eval
wandb: updating run metadata
wandb: uploading output.log; uploading wandb-summary.json; uploading config.yaml
wandb: 
wandb: Run history:
wandb:          epoch ▁▁▁▂▂▂▂▂▂▂▃▃▃▃▃▄▄▄▄▅▅▅▅▅▅▆▆▆▆▆▇▇▇▇▇▇▇███
wandb: train_accuracy ▂▂▁▁▂▂▃▃▃▃▄▃▃▁▄▂▃▃▄▃▄▅▄▆▆▃▅▃▅▆▆▄▅▅▅▆▇███
wandb:     train_loss ██▇▇▆▆▅▇▅▅▅▆▆▅▅▅▄▄▄▅▅▄▃▄▃▂▂▃▃▃▃▂▃▂▂▁▁▂▁▂
wandb:   val_accuracy ▃▅▅▆█▅▅▁▃▃▃▄▅▄▇▆▆▆▄▆▄▄▄▄▆▅▅▇█▅▅▅▅▇▆▆▄▄▆▃
wandb:       val_loss ▃▇▃▂▁▃▂▁▃▆█▇▂▃▂▄▂▁▆▁▄▃▂▃▁▃▂▄▄▅▃▂▂▇▂▄▂▃▃▃
wandb: 
wandb: Run summary:
wandb:           best_epoch 261
wandb:    best_val_accuracy 54.41176
wandb:        best_val_loss 0.69445
wandb: checkpoint_best_path artifacts/probes/int...
wandb: checkpoint_last_path artifacts/probes/int...
wandb:      checkpoint_path artifacts/probes/int...
wandb:              dataset intphys2
wandb:      elapsed_seconds 12.72177
wandb:                epoch 500
wandb:    feature_signature 78346a9facde6609
wandb:                  +22 ...
wandb: 
wandb: 🚀 View run intphys2_linear_jepa_v1_vith16_384_layer_8/trial_0015 at: https://wandb.ai/caselli-niccolo-developer-university-of-amsterdam/probe4physics/runs/bu7j35yj
wandb: ⭐️ View project at: https://wandb.ai/caselli-niccolo-developer-university-of-amsterdam/probe4physics
wandb: Synced 5 W&B file(s), 0 media file(s), 0 artifact file(s) and 0 other file(s)
wandb: Find logs at: ./wandb/run-20260426_172849-bu7j35yj/logs
[I 2026-04-26 17:29:03,558] Trial 15 finished with value: 15.686274509803921 and parameters: {'lr': 0.00040790950065830797, 'weight_decay': 0.009830819774556484, 'batch_size': 256, 'epochs': 500}. Best is trial 8 with value: 25.49019607843137.
wandb: setting up run qufc3v9y
wandb: Tracking run with wandb version 0.26.1
wandb: Run data is saved locally in /gpfs/home3/scur0511/Probe4Physics/wandb/run-20260426_172903-qufc3v9y
wandb: Run `wandb offline` to turn off syncing.
wandb: Syncing run intphys2_linear_jepa_v1_vith16_384_layer_8/trial_0016
wandb: ⭐️ View project at https://wandb.ai/caselli-niccolo-developer-university-of-amsterdam/probe4physics
wandb: 🚀 View run at https://wandb.ai/caselli-niccolo-developer-university-of-amsterdam/probe4physics/runs/qufc3v9y
[eval.intphys2] Starting eval | split_name=val split_dir=data/splits/intphys2 predictor_mode=from_file metadata_file=data/annotations/intphys2_metadata.csv
[eval.intphys2] Loaded split assignments | split_scenes=51 split_samples=204
[eval.intphys2] Generated predictions | n_predictions=204
[eval.intphys2] Scoring complete | accuracy=51.9608 voe_accuracy=15.6863 n_scenes=51 n_samples=204
[eval.intphys2] Artifacts written | output_dir=artifacts/probes/intphys2/intphys2_probe_linear_jepa_v1_vith16_384_20260426T152120Z/layer_8/train/trial_0016/val_eval
wandb: updating run metadata
wandb: uploading output.log; uploading wandb-summary.json; uploading config.yaml; uploading wandb-metadata.json; uploading requirements.txt
wandb: uploading history steps 0-19, summary, console lines 0-4
wandb: 
wandb: Run history:
wandb:          epoch ▁▁▂▂▂▃▃▄▄▄▅▅▅▆▆▇▇▇██
wandb: train_accuracy ▄▁▆▆▅▅▆▅█▇███▆▅▇▆▅▆▄
wandb:     train_loss █▅▄▂▂▃▂▃▂▂▂▂▂▂▁▁▂▂▁▁
wandb:   val_accuracy ▂▅▃▁██▆▁▂▂▂▂▆▃▃▃▅▆▆▇
wandb:       val_loss ▄█▄▂▃▃▂▁▂▂▂▁▁▁▁▁▁▁▁▁
wandb: 
wandb: Run summary:
wandb:           best_epoch 6
wandb:    best_val_accuracy 51.96078
wandb:        best_val_loss 0.69787
wandb: checkpoint_best_path artifacts/probes/int...
wandb: checkpoint_last_path artifacts/probes/int...
wandb:      checkpoint_path artifacts/probes/int...
wandb:              dataset intphys2
wandb:      elapsed_seconds 1.22801
wandb:                epoch 20
wandb:    feature_signature 78346a9facde6609
wandb:                  +22 ...
wandb: 
wandb: 🚀 View run intphys2_linear_jepa_v1_vith16_384_layer_8/trial_0016 at: https://wandb.ai/caselli-niccolo-developer-university-of-amsterdam/probe4physics/runs/qufc3v9y
wandb: ⭐️ View project at: https://wandb.ai/caselli-niccolo-developer-university-of-amsterdam/probe4physics
wandb: Synced 5 W&B file(s), 0 media file(s), 0 artifact file(s) and 0 other file(s)
wandb: Find logs at: ./wandb/run-20260426_172903-qufc3v9y/logs
[I 2026-04-26 17:29:06,147] Trial 16 finished with value: 15.686274509803921 and parameters: {'lr': 0.00024973183783316103, 'weight_decay': 3.4454266473096603e-06, 'batch_size': 256, 'epochs': 20}. Best is trial 8 with value: 25.49019607843137.
wandb: setting up run y9q772gp
wandb: Tracking run with wandb version 0.26.1
wandb: Run data is saved locally in /gpfs/home3/scur0511/Probe4Physics/wandb/run-20260426_172906-y9q772gp
wandb: Run `wandb offline` to turn off syncing.
wandb: Syncing run intphys2_linear_jepa_v1_vith16_384_layer_8/trial_0017
wandb: ⭐️ View project at https://wandb.ai/caselli-niccolo-developer-university-of-amsterdam/probe4physics
wandb: 🚀 View run at https://wandb.ai/caselli-niccolo-developer-university-of-amsterdam/probe4physics/runs/y9q772gp
wandb: updating run metadata
wandb: uploading config.yaml; uploading wandb-metadata.json; uploading requirements.txt; uploading wandb-summary.json
wandb: 
wandb: Run history:
wandb:          epoch ▁▁▁▂▂▂▂▂▂▃▃▃▃▃▄▄▄▄▄▄▅▅▅▅▅▆▆▆▆▆▇▇▇▇▇▇▇███
wandb: train_accuracy ▄▄▃▃▂▃▃▃▁▄▃▂▂▃▂▃▅▆▄▄▅▅▃▅▅▇▅▇▆▇▅▅▅▇▄█▅▇█▆
wandb:     train_loss █▅▅▄▃▃▂▃▂▃▂▂▂▂▂▂▂▂▂▂▁▁▁▁▁▁▁▁▁▁▁▁▁▁▁▁▁▁▁▁
wandb:   val_accuracy ▅▅▆▆▆▅▅▂▆▅▅▂▁▂▄▃▃▄▃▅▅▅▅▂▆▄▄▄▅▆▃▅▆▅█▅▄▂▄▃
wandb:       val_loss █▆▄▃▃▂▂▂▂▁▁▁▁▁▁▁▁▁▁▁▁▁▁▁▁▁▁▁▁▁▁▁▁▁▁▁▁▁▁▁
wandb: 
wandb: Run summary:
wandb:          epoch 130
wandb: train_accuracy 54.13907
wandb:     train_loss 0.69225
wandb:   val_accuracy 50
wandb:       val_loss 0.69464
wandb: 
wandb: 🚀 View run intphys2_linear_jepa_v1_vith16_384_layer_8/trial_0017 at: https://wandb.ai/caselli-niccolo-developer-university-of-amsterdam/probe4physics/runs/y9q772gp
wandb: ⭐️ View project at: https://wandb.ai/caselli-niccolo-developer-university-of-amsterdam/probe4physics
wandb: Synced 4 W&B file(s), 0 media file(s), 0 artifact file(s) and 0 other file(s)
wandb: Find logs at: ./wandb/run-20260426_172906-y9q772gp/logs
[I 2026-04-26 17:29:11,819] Trial 17 pruned. Pruned at epoch 130 with val_accuracy=50.0000
wandb: setting up run 4zmr8zen
wandb: Tracking run with wandb version 0.26.1
wandb: Run data is saved locally in /gpfs/home3/scur0511/Probe4Physics/wandb/run-20260426_172912-4zmr8zen
wandb: Run `wandb offline` to turn off syncing.
wandb: Syncing run intphys2_linear_jepa_v1_vith16_384_layer_8/trial_0018
wandb: ⭐️ View project at https://wandb.ai/caselli-niccolo-developer-university-of-amsterdam/probe4physics
wandb: 🚀 View run at https://wandb.ai/caselli-niccolo-developer-university-of-amsterdam/probe4physics/runs/4zmr8zen
[eval.intphys2] Starting eval | split_name=val split_dir=data/splits/intphys2 predictor_mode=from_file metadata_file=data/annotations/intphys2_metadata.csv
[eval.intphys2] Loaded split assignments | split_scenes=51 split_samples=204
[eval.intphys2] Generated predictions | n_predictions=204
[eval.intphys2] Scoring complete | accuracy=53.4314 voe_accuracy=19.6078 n_scenes=51 n_samples=204
[eval.intphys2] Artifacts written | output_dir=artifacts/probes/intphys2/intphys2_probe_linear_jepa_v1_vith16_384_20260426T152120Z/layer_8/train/trial_0018/val_eval
wandb: updating run metadata
wandb: uploading wandb-metadata.json; uploading requirements.txt; uploading output.log; uploading wandb-summary.json; uploading config.yaml
wandb: uploading requirements.txt; uploading wandb-summary.json
wandb: 
wandb: Run history:
wandb:          epoch ▁▁▁▁▁▂▂▂▂▂▂▂▃▃▄▄▄▄▅▅▅▅▅▅▅▆▆▆▇▇▇▇▇▇▇█████
wandb: train_accuracy ▄▃▁▁▁▂▃▁▃▃▁▃▅▅▂▅▆▁▃▄▂▄▅▂▆▄▃▅▃▃▃▄▅█▆▄▄▇▄▄
wandb:     train_loss ▅▅▆▆▄▇▄▆█▃▆▄▆▆▄▄▃▂▃▅▄▃▄▃▇▃▄▄▃▁▂▁▆▂▂▂▅▃▁▃
wandb:   val_accuracy ▄▄▃█▅▅▆▅▅▄▅▆▅▅▅▅▆▅▆▅▁▅▆▆▂▄▅▅▅▃▅▅▆▄▆▅▅▅▃▆
wandb:       val_loss ▁▂▁▁▂▁▂▄▃▁█▁▁▃▂▁▁▁▁▁▁▁▁▁▃▄▁▁▄▂▂▁▁▁▁▁▁▁▇▁
wandb: 
wandb: Run summary:
wandb:           best_epoch 86
wandb:    best_val_accuracy 53.43137
wandb:        best_val_loss 0.69445
wandb: checkpoint_best_path artifacts/probes/int...
wandb: checkpoint_last_path artifacts/probes/int...
wandb:      checkpoint_path artifacts/probes/int...
wandb:              dataset intphys2
wandb:      elapsed_seconds 3.28388
wandb:                epoch 100
wandb:    feature_signature 78346a9facde6609
wandb:                  +22 ...
wandb: 
wandb: 🚀 View run intphys2_linear_jepa_v1_vith16_384_layer_8/trial_0018 at: https://wandb.ai/caselli-niccolo-developer-university-of-amsterdam/probe4physics/runs/4zmr8zen
wandb: ⭐️ View project at: https://wandb.ai/caselli-niccolo-developer-university-of-amsterdam/probe4physics
wandb: Synced 5 W&B file(s), 0 media file(s), 0 artifact file(s) and 0 other file(s)
wandb: Find logs at: ./wandb/run-20260426_172912-4zmr8zen/logs
[I 2026-04-26 17:29:16,498] Trial 18 finished with value: 19.607843137254903 and parameters: {'lr': 0.0008129948297847977, 'weight_decay': 0.001334978631778077, 'batch_size': 64, 'epochs': 100}. Best is trial 8 with value: 25.49019607843137.
wandb: setting up run 1amxz5zo
wandb: Tracking run with wandb version 0.26.1
wandb: Run data is saved locally in /gpfs/home3/scur0511/Probe4Physics/wandb/run-20260426_172916-1amxz5zo
wandb: Run `wandb offline` to turn off syncing.
wandb: Syncing run intphys2_linear_jepa_v1_vith16_384_layer_8/trial_0019
wandb: ⭐️ View project at https://wandb.ai/caselli-niccolo-developer-university-of-amsterdam/probe4physics
wandb: 🚀 View run at https://wandb.ai/caselli-niccolo-developer-university-of-amsterdam/probe4physics/runs/1amxz5zo
wandb: updating run metadata
wandb: uploading wandb-summary.json; uploading config.yaml
wandb: 
wandb: Run history:
wandb:          epoch ▁▁▁▁▂▂▂▂▂▃▃▃▃▃▃▄▄▄▄▄▅▅▅▅▅▅▅▆▆▆▆▆▇▇▇▇▇▇▇█
wandb: train_accuracy ▁▁▃▁▂▂▃▃▄▄▄▃▅▅▄▅▃▆▅▅▆▅▅▅▅▆▅▇▆▅█▅▇█▇█▇█▇▇
wandb:     train_loss █▇▆▅▆▅▅▅▅▅▄▄▄▄▄▄▃▃▃▃▃▃▃▃▃▂▂▃▃▃▂▂▃▂▂▂▁▂▁▂
wandb:   val_accuracy ▇▃▅▅▄█▂▅▅▅▆▅▆▅▃▂▆▂▆▇▅▃▅▅▂▆▂▅▅▃▅▅▇▇▄▁▂▃▂▄
wandb:       val_loss █▄▅▄▃▇▃▄▃▃▃▂▃▃▂▃▁▄▂▂▇▂▁▁▂▃▂▃▃▄▃▄▅▄▄▃▃▃▃▄
wandb: 
wandb: Run summary:
wandb:          epoch 1062
wandb: train_accuracy 57.78146
wandb:     train_loss 0.677
wandb:   val_accuracy 53.43137
wandb:       val_loss 0.69571
wandb: 
wandb: 🚀 View run intphys2_linear_jepa_v1_vith16_384_layer_8/trial_0019 at: https://wandb.ai/caselli-niccolo-developer-university-of-amsterdam/probe4physics/runs/1amxz5zo
wandb: ⭐️ View project at: https://wandb.ai/caselli-niccolo-developer-university-of-amsterdam/probe4physics
wandb: Synced 4 W&B file(s), 0 media file(s), 0 artifact file(s) and 0 other file(s)
wandb: Find logs at: ./wandb/run-20260426_172916-1amxz5zo/logs
[I 2026-04-26 17:29:51,504] Trial 19 pruned. Pruned at epoch 1062 with val_accuracy=53.4314
[eval.intphys2] Starting eval | split_name=train split_dir=data/splits/intphys2 predictor_mode=from_file metadata_file=data/annotations/intphys2_metadata.csv
[eval.intphys2] Loaded split assignments | split_scenes=151 split_samples=604
[eval.intphys2] Generated predictions | n_predictions=604
[eval.intphys2] Scoring complete | accuracy=52.1523 voe_accuracy=19.8675 n_scenes=151 n_samples=604
[eval.intphys2] Artifacts written | output_dir=artifacts/probes/intphys2/intphys2_probe_linear_jepa_v1_vith16_384_20260426T152120Z/layer_8/eval/train
[eval.intphys2] Starting eval | split_name=val split_dir=data/splits/intphys2 predictor_mode=from_file metadata_file=data/annotations/intphys2_metadata.csv
[eval.intphys2] Loaded split assignments | split_scenes=51 split_samples=204
[eval.intphys2] Generated predictions | n_predictions=204
[eval.intphys2] Scoring complete | accuracy=54.4118 voe_accuracy=25.4902 n_scenes=51 n_samples=204
[eval.intphys2] Artifacts written | output_dir=artifacts/probes/intphys2/intphys2_probe_linear_jepa_v1_vith16_384_20260426T152120Z/layer_8/eval/val
[eval.intphys2] Starting eval | split_name=test split_dir=data/splits/intphys2 predictor_mode=from_file metadata_file=data/annotations/intphys2_metadata.csv
[eval.intphys2] Loaded split assignments | split_scenes=51 split_samples=204
[eval.intphys2] Generated predictions | n_predictions=204
[eval.intphys2] Scoring complete | accuracy=50.9804 voe_accuracy=13.7255 n_scenes=51 n_samples=204
[eval.intphys2] Artifacts written | output_dir=artifacts/probes/intphys2/intphys2_probe_linear_jepa_v1_vith16_384_20260426T152120Z/layer_8/eval/test
[I 2026-04-26 17:29:51,883] A new study created in RDB with name: intphys2_linear_jepa_v1_vith16_384_layer_16
wandb: setting up run 0mxmp8bm
wandb: Tracking run with wandb version 0.26.1
wandb: Run data is saved locally in /gpfs/home3/scur0511/Probe4Physics/wandb/run-20260426_172952-0mxmp8bm
wandb: Run `wandb offline` to turn off syncing.
wandb: Syncing run intphys2_linear_jepa_v1_vith16_384_layer_16/trial_0000
wandb: ⭐️ View project at https://wandb.ai/caselli-niccolo-developer-university-of-amsterdam/probe4physics
wandb: 🚀 View run at https://wandb.ai/caselli-niccolo-developer-university-of-amsterdam/probe4physics/runs/0mxmp8bm
[eval.intphys2] Starting eval | split_name=val split_dir=data/splits/intphys2 predictor_mode=from_file metadata_file=data/annotations/intphys2_metadata.csv
[eval.intphys2] Loaded split assignments | split_scenes=51 split_samples=204
[eval.intphys2] Generated predictions | n_predictions=204
[eval.intphys2] Scoring complete | accuracy=61.2745 voe_accuracy=43.1373 n_scenes=51 n_samples=204
[eval.intphys2] Artifacts written | output_dir=artifacts/probes/intphys2/intphys2_probe_linear_jepa_v1_vith16_384_20260426T152120Z/layer_16/train/trial_0000/val_eval
wandb: updating run metadata
wandb: uploading output.log; uploading wandb-summary.json; uploading config.yaml
wandb: 
wandb: Run history:
wandb:          epoch ▁▁▁▁▂▂▂▂▂▂▃▃▃▃▃▃▄▄▄▄▄▅▅▅▅▅▆▆▆▆▆▆▇▇▇▇████
wandb: train_accuracy ▁▁▁▃▃▄▄▃▅▅▅▃▅▆▅▆▆▆▆▆▆▆▆▇▆▇▇▇▇▇▇▇▇▇▇█▇███
wandb:     train_loss █▇▇▇▇▇▆▆▆▆▆▆▅▅▅▅▅▄▄▄▃▃▃▃▃▂▂▂▃▂▂▂▂▁▁▁▁▁▁▁
wandb:   val_accuracy ▁▁▆▃▃▃▆▅▄▆▅▆▆▄█▆▄▅▆▆▆▆▇▆██▆▇█▇▇▇▆▆▇▇█▆█▇
wandb:       val_loss ▅▄▄▄▃▂▃▃▃▂▂▂▁▁▁▁▁▁▁▁▁▂▂▁▂▂▂▂▃▂▃▄▄▄▅▅▆▆██
wandb: 
wandb: Run summary:
wandb:           best_epoch 1359
wandb:    best_val_accuracy 61.27451
wandb:        best_val_loss 0.6876
wandb: checkpoint_best_path artifacts/probes/int...
wandb: checkpoint_last_path artifacts/probes/int...
wandb:      checkpoint_path artifacts/probes/int...
wandb:              dataset intphys2
wandb:      elapsed_seconds 110.78352
wandb:                epoch 2000
wandb:    feature_signature 78346a9facde6609
wandb:                  +22 ...
wandb: 
wandb: 🚀 View run intphys2_linear_jepa_v1_vith16_384_layer_16/trial_0000 at: https://wandb.ai/caselli-niccolo-developer-university-of-amsterdam/probe4physics/runs/0mxmp8bm
wandb: ⭐️ View project at: https://wandb.ai/caselli-niccolo-developer-university-of-amsterdam/probe4physics
wandb: Synced 5 W&B file(s), 0 media file(s), 0 artifact file(s) and 0 other file(s)
wandb: Find logs at: ./wandb/run-20260426_172952-0mxmp8bm/logs
[I 2026-04-26 17:31:43,823] Trial 0 finished with value: 43.13725490196079 and parameters: {'lr': 0.0001329291894316216, 'weight_decay': 0.005061576888752304, 'batch_size': 32, 'epochs': 2000}. Best is trial 0 with value: 43.13725490196079.
wandb: setting up run ds9ou43k
wandb: Tracking run with wandb version 0.26.1
wandb: Run data is saved locally in /gpfs/home3/scur0511/Probe4Physics/wandb/run-20260426_173144-ds9ou43k
wandb: Run `wandb offline` to turn off syncing.
wandb: Syncing run intphys2_linear_jepa_v1_vith16_384_layer_16/trial_0001
wandb: ⭐️ View project at https://wandb.ai/caselli-niccolo-developer-university-of-amsterdam/probe4physics
wandb: 🚀 View run at https://wandb.ai/caselli-niccolo-developer-university-of-amsterdam/probe4physics/runs/ds9ou43k
[eval.intphys2] Starting eval | split_name=val split_dir=data/splits/intphys2 predictor_mode=from_file metadata_file=data/annotations/intphys2_metadata.csv
[eval.intphys2] Loaded split assignments | split_scenes=51 split_samples=204
[eval.intphys2] Generated predictions | n_predictions=204
[eval.intphys2] Scoring complete | accuracy=58.3333 voe_accuracy=39.2157 n_scenes=51 n_samples=204
[eval.intphys2] Artifacts written | output_dir=artifacts/probes/intphys2/intphys2_probe_linear_jepa_v1_vith16_384_20260426T152120Z/layer_16/train/trial_0001/val_eval
wandb: updating run metadata
wandb: uploading wandb-metadata.json; uploading requirements.txt; uploading output.log; uploading wandb-summary.json; uploading config.yaml
wandb: 
wandb: Run history:
wandb:          epoch ▁▁▁▁▂▂▂▂▂▂▂▂▃▃▃▃▃▃▃▃▄▄▄▄▄▅▅▅▅▅▆▆▆▆▇▇▇▇██
wandb: train_accuracy ▂▃▂▂▃▃▂▁▃▃▃▂▂▃▃▄▄▅▆▃▃▄▅▅▄▅▃▇▅▄▅▄▇▆█▅▄▄▆▃
wandb:     train_loss █▄▂▃▃▂▂▂▂▂▂▂▂▂▂▂▂▂▂▂▂▂▂▂▁▁▁▁▁▁▁▁▁▁▁▂▂▁▁▂
wandb:   val_accuracy ▂▂▂▂▂▄▃▄▂▂▂▃▁▁▂▅▇▆▃▆▃▃▃█▅▃▅▅▅▆▇▇▄▇▆▆▅▅▅▂
wandb:       val_loss █▂▃▃▂▂▂▂▁▁▁▁▁▁▁▁▁▁▁▁▂▂▂▂▂▁▁▂▁▁▁▁▁▁▁▁▁▁▄▁
wandb: 
wandb: Run summary:
wandb:           best_epoch 57
wandb:    best_val_accuracy 58.33333
wandb:        best_val_loss 0.68597
wandb: checkpoint_best_path artifacts/probes/int...
wandb: checkpoint_last_path artifacts/probes/int...
wandb:      checkpoint_path artifacts/probes/int...
wandb:              dataset intphys2
wandb:      elapsed_seconds 3.00218
wandb:                epoch 100
wandb:    feature_signature 78346a9facde6609
wandb:                  +22 ...
wandb: 
wandb: 🚀 View run intphys2_linear_jepa_v1_vith16_384_layer_16/trial_0001 at: https://wandb.ai/caselli-niccolo-developer-university-of-amsterdam/probe4physics/runs/ds9ou43k
wandb: ⭐️ View project at: https://wandb.ai/caselli-niccolo-developer-university-of-amsterdam/probe4physics
wandb: Synced 5 W&B file(s), 0 media file(s), 0 artifact file(s) and 0 other file(s)
wandb: Find logs at: ./wandb/run-20260426_173144-ds9ou43k/logs
[I 2026-04-26 17:31:47,957] Trial 1 finished with value: 39.21568627450981 and parameters: {'lr': 0.00314288089084011, 'weight_decay': 1.879466824163843e-07, 'batch_size': 256, 'epochs': 100}. Best is trial 0 with value: 43.13725490196079.
wandb: setting up run ssx4gpr2
wandb: Tracking run with wandb version 0.26.1
wandb: Run data is saved locally in /gpfs/home3/scur0511/Probe4Physics/wandb/run-20260426_173148-ssx4gpr2
wandb: Run `wandb offline` to turn off syncing.
wandb: Syncing run intphys2_linear_jepa_v1_vith16_384_layer_16/trial_0002
wandb: ⭐️ View project at https://wandb.ai/caselli-niccolo-developer-university-of-amsterdam/probe4physics
wandb: 🚀 View run at https://wandb.ai/caselli-niccolo-developer-university-of-amsterdam/probe4physics/runs/ssx4gpr2
[eval.intphys2] Starting eval | split_name=val split_dir=data/splits/intphys2 predictor_mode=from_file metadata_file=data/annotations/intphys2_metadata.csv
[eval.intphys2] Loaded split assignments | split_scenes=51 split_samples=204
[eval.intphys2] Generated predictions | n_predictions=204
[eval.intphys2] Scoring complete | accuracy=59.8039 voe_accuracy=43.1373 n_scenes=51 n_samples=204
[eval.intphys2] Artifacts written | output_dir=artifacts/probes/intphys2/intphys2_probe_linear_jepa_v1_vith16_384_20260426T152120Z/layer_16/train/trial_0002/val_eval
wandb: updating run metadata
wandb: uploading output.log; uploading wandb-summary.json; uploading config.yaml
wandb: 
wandb: Run history:
wandb:          epoch ▁▁▁▁▁▂▂▂▂▂▃▃▃▃▃▄▄▄▅▅▅▅▅▅▆▆▆▆▆▆▆▆▇▇▇▇▇███
wandb: train_accuracy ▁▁▁▂▁▄▄▅▅▅▆▆▅▆▅▆▆▆▆▆▇▆▆▆▇▆▇▇▇█▇█▇█▇██▇██
wandb:     train_loss ████▇▇▇▇▇▇▆▆▆▆▅▅▅▅▅▅▅▅▄▄▄▄▄▃▃▃▃▃▂▂▂▂▁▁▁▁
wandb:   val_accuracy ▁▁▃▃▂▃▄▅▅▅▄▄▃▃▄▂▄▅▃▄▆▅▅▄▂▆▄▇▆▄▅▅▇█▇▇█▅▇▆
wandb:       val_loss █▇▇▇▅▅▅▅▅▅▃▃▃▃▂▂▂▂▁▂▁▂▂▁▁▁▁▁▁▁▁▂▂▁▁▁▃▂▂▃
wandb: 
wandb: Run summary:
wandb:           best_epoch 804
wandb:    best_val_accuracy 59.80392
wandb:        best_val_loss 0.68293
wandb: checkpoint_best_path artifacts/probes/int...
wandb: checkpoint_last_path artifacts/probes/int...
wandb:      checkpoint_path artifacts/probes/int...
wandb:              dataset intphys2
wandb:      elapsed_seconds 31.74053
wandb:                epoch 1000
wandb:    feature_signature 78346a9facde6609
wandb:                  +22 ...
wandb: 
wandb: 🚀 View run intphys2_linear_jepa_v1_vith16_384_layer_16/trial_0002 at: https://wandb.ai/caselli-niccolo-developer-university-of-amsterdam/probe4physics/runs/ssx4gpr2
wandb: ⭐️ View project at: https://wandb.ai/caselli-niccolo-developer-university-of-amsterdam/probe4physics
wandb: Synced 5 W&B file(s), 0 media file(s), 0 artifact file(s) and 0 other file(s)
wandb: Find logs at: ./wandb/run-20260426_173148-ssx4gpr2/logs
[I 2026-04-26 17:32:20,813] Trial 2 finished with value: 43.13725490196079 and parameters: {'lr': 0.00023345864076016249, 'weight_decay': 0.0005141096648805752, 'batch_size': 128, 'epochs': 1000}. Best is trial 0 with value: 43.13725490196079.
wandb: setting up run tpkv2k37
wandb: Tracking run with wandb version 0.26.1
wandb: Run data is saved locally in /gpfs/home3/scur0511/Probe4Physics/wandb/run-20260426_173221-tpkv2k37
wandb: Run `wandb offline` to turn off syncing.
wandb: Syncing run intphys2_linear_jepa_v1_vith16_384_layer_16/trial_0003
wandb: ⭐️ View project at https://wandb.ai/caselli-niccolo-developer-university-of-amsterdam/probe4physics
wandb: 🚀 View run at https://wandb.ai/caselli-niccolo-developer-university-of-amsterdam/probe4physics/runs/tpkv2k37
[eval.intphys2] Starting eval | split_name=val split_dir=data/splits/intphys2 predictor_mode=from_file metadata_file=data/annotations/intphys2_metadata.csv
[eval.intphys2] Loaded split assignments | split_scenes=51 split_samples=204
[eval.intphys2] Generated predictions | n_predictions=204
[eval.intphys2] Scoring complete | accuracy=53.4314 voe_accuracy=21.5686 n_scenes=51 n_samples=204
[eval.intphys2] Artifacts written | output_dir=artifacts/probes/intphys2/intphys2_probe_linear_jepa_v1_vith16_384_20260426T152120Z/layer_16/train/trial_0003/val_eval
wandb: updating run metadata
wandb: uploading wandb-metadata.json; uploading requirements.txt; uploading output.log; uploading wandb-summary.json; uploading config.yaml
wandb: 
wandb: Run history:
wandb:          epoch ▁▁▁▁▂▂▂▂▂▂▃▃▃▃▃▄▄▄▄▄▅▅▅▅▅▅▆▆▆▆▆▆▇▇▇▇▇▇██
wandb: train_accuracy ▁▃▄▄▃▄▄▃▄▂▄▃▃▃▄▃▃▃▄▄▇▅▅▅▅▂▇▅▆▃█▃▄▄▇▅▇▇▆▅
wandb:     train_loss █▆▄▄▄▃▃▃▃▄▃▃▂▂▃▃▃▂▃▄▂▄▂▁▂▃▁▂▂▃▁▂▁▁▁▂▁▁▁▂
wandb:   val_accuracy ▁▄▅▅▄▄▆▄▃█▆▃▅▅█▆▄▅▆▅▄▆▇▆▆▇▇▆▄▆▆▆▅▇▆▅▅▇▇▆
wandb:       val_loss █▇█▆▆▅▅▅▅▄▄▄▄▃▃▃▃▃▃▃▂▂▂▂▂▂▂▂▂▂▁▁▂▂▁▁▁▁▁▂
wandb: 
wandb: Run summary:
wandb:           best_epoch 17
wandb:    best_val_accuracy 53.43137
wandb:        best_val_loss 0.69341
wandb: checkpoint_best_path artifacts/probes/int...
wandb: checkpoint_last_path artifacts/probes/int...
wandb:      checkpoint_path artifacts/probes/int...
wandb:              dataset intphys2
wandb:      elapsed_seconds 2.40568
wandb:                epoch 50
wandb:    feature_signature 78346a9facde6609
wandb:                  +22 ...
wandb: 
wandb: 🚀 View run intphys2_linear_jepa_v1_vith16_384_layer_16/trial_0003 at: https://wandb.ai/caselli-niccolo-developer-university-of-amsterdam/probe4physics/runs/tpkv2k37
wandb: ⭐️ View project at: https://wandb.ai/caselli-niccolo-developer-university-of-amsterdam/probe4physics
wandb: Synced 5 W&B file(s), 0 media file(s), 0 artifact file(s) and 0 other file(s)
wandb: Find logs at: ./wandb/run-20260426_173221-tpkv2k37/logs
[I 2026-04-26 17:32:24,363] Trial 3 finished with value: 21.568627450980394 and parameters: {'lr': 8.200518402245828e-05, 'weight_decay': 3.855073690026179e-08, 'batch_size': 32, 'epochs': 50}. Best is trial 0 with value: 43.13725490196079.
wandb: setting up run ec2o8dnr
wandb: Tracking run with wandb version 0.26.1
wandb: Run data is saved locally in /gpfs/home3/scur0511/Probe4Physics/wandb/run-20260426_173224-ec2o8dnr
wandb: Run `wandb offline` to turn off syncing.
wandb: Syncing run intphys2_linear_jepa_v1_vith16_384_layer_16/trial_0004
wandb: ⭐️ View project at https://wandb.ai/caselli-niccolo-developer-university-of-amsterdam/probe4physics
wandb: 🚀 View run at https://wandb.ai/caselli-niccolo-developer-university-of-amsterdam/probe4physics/runs/ec2o8dnr
[eval.intphys2] Starting eval | split_name=val split_dir=data/splits/intphys2 predictor_mode=from_file metadata_file=data/annotations/intphys2_metadata.csv
[eval.intphys2] Loaded split assignments | split_scenes=51 split_samples=204
[eval.intphys2] Generated predictions | n_predictions=204
[eval.intphys2] Scoring complete | accuracy=53.4314 voe_accuracy=41.1765 n_scenes=51 n_samples=204
[eval.intphys2] Artifacts written | output_dir=artifacts/probes/intphys2/intphys2_probe_linear_jepa_v1_vith16_384_20260426T152120Z/layer_16/train/trial_0004/val_eval
wandb: updating run metadata
wandb: uploading requirements.txt; uploading output.log; uploading wandb-summary.json; uploading config.yaml; uploading wandb-metadata.json
wandb: 
wandb: Run history:
wandb:          epoch ▁▁▁▁▂▂▂▂▂▃▃▃▃▃▃▄▄▄▄▄▅▅▅▅▅▆▆▆▆▆▆▇▇▇▇▇▇███
wandb: train_accuracy ▂▁▁▁▂▅▃▂▄▁▃▂▅▄▆▂█▆▇▆▄▅▆▄▃▃▄▅▆▄▆▅▃▅▅▄▇▆▇▆
wandb:     train_loss █▃▃▃▄▃▃▃▃▃▂▂▂▃▃▃▄▃▂▂▁▃▃▃▂▂▄▂▂▂▁▂▃▃▂▃▂▁▂▁
wandb:   val_accuracy ▄▄▁▄▅▅▃▄▄▄▇▅▄▅▄▄▄▄▄▅▅▄▅▄▇▄▅▅▄▃█▄▄▇▅▄▆▄█▄
wandb:       val_loss ▅▃▂▂▂▃▃▅▂▂▂▂▆▂▂▂█▂▁▃▂▅▄▂▁▁▂▃▁▂▃▁▁▁▂▂▁▂▁▁
wandb: 
wandb: Run summary:
wandb:           best_epoch 48
wandb:    best_val_accuracy 53.43137
wandb:        best_val_loss 0.69006
wandb: checkpoint_best_path artifacts/probes/int...
wandb: checkpoint_last_path artifacts/probes/int...
wandb:      checkpoint_path artifacts/probes/int...
wandb:              dataset intphys2
wandb:      elapsed_seconds 2.30147
wandb:                epoch 50
wandb:    feature_signature 78346a9facde6609
wandb:                  +22 ...
wandb: 
wandb: 🚀 View run intphys2_linear_jepa_v1_vith16_384_layer_16/trial_0004 at: https://wandb.ai/caselli-niccolo-developer-university-of-amsterdam/probe4physics/runs/ec2o8dnr
wandb: ⭐️ View project at: https://wandb.ai/caselli-niccolo-developer-university-of-amsterdam/probe4physics
wandb: Synced 5 W&B file(s), 0 media file(s), 0 artifact file(s) and 0 other file(s)
wandb: Find logs at: ./wandb/run-20260426_173224-ec2o8dnr/logs
[I 2026-04-26 17:32:27,675] Trial 4 finished with value: 41.17647058823529 and parameters: {'lr': 0.00043664735929796326, 'weight_decay': 1.2856617791467908e-07, 'batch_size': 32, 'epochs': 50}. Best is trial 0 with value: 43.13725490196079.
wandb: setting up run ixoodyam
wandb: Tracking run with wandb version 0.26.1
wandb: Run data is saved locally in /gpfs/home3/scur0511/Probe4Physics/wandb/run-20260426_173227-ixoodyam
wandb: Run `wandb offline` to turn off syncing.
wandb: Syncing run intphys2_linear_jepa_v1_vith16_384_layer_16/trial_0005
wandb: ⭐️ View project at https://wandb.ai/caselli-niccolo-developer-university-of-amsterdam/probe4physics
wandb: 🚀 View run at https://wandb.ai/caselli-niccolo-developer-university-of-amsterdam/probe4physics/runs/ixoodyam
wandb: updating run metadata
wandb: uploading history steps 0-320, summary
wandb: 
wandb: Run history:
wandb:          epoch ▁▂▂▂▂▃▃▃▃▃▄▄▄▄▄▅▅▅▅▅▆▆▆▆▆▆▆▆▆▇▇▇▇▇▇█████
wandb: train_accuracy ▁▁▁▂▃▂▄▅▃▃▄▆▅▅▄▅▅▆▅▆▅▃▅▆▄▆▆▇▆▇█▆▅▇▇▅█▇█▇
wandb:     train_loss ██▇▇█▆▆▆▆▆▅▇▅▅▆▅▄▄▅▄▃▃▃▃▃▃▂▃▃▃▃▂▂▁▁▁▂▁▁▂
wandb:   val_accuracy ▂▁▂▂▂▂▂▄▅▅▅▃▄▁▁▄▄▃▄▅▇▅▆▅▅▇▇▆█▄▇▇▆▇▅█▆▆▄█
wandb:       val_loss █▆▆▅▅▄▅▄▄▄▄▄▃▄▄▄▃▄▃▃▂▂▃▃▂▂▂▂▂▂▂▂▂▂▁▁▂▁▁▁
wandb: 
wandb: Run summary:
wandb:          epoch 321
wandb: train_accuracy 59.76821
wandb:     train_loss 0.67565
wandb:   val_accuracy 54.41176
wandb:       val_loss 0.68536
wandb: 
wandb: 🚀 View run intphys2_linear_jepa_v1_vith16_384_layer_16/trial_0005 at: https://wandb.ai/caselli-niccolo-developer-university-of-amsterdam/probe4physics/runs/ixoodyam
wandb: ⭐️ View project at: https://wandb.ai/caselli-niccolo-developer-university-of-amsterdam/probe4physics
wandb: Synced 4 W&B file(s), 0 media file(s), 0 artifact file(s) and 0 other file(s)
wandb: Find logs at: ./wandb/run-20260426_173227-ixoodyam/logs
[I 2026-04-26 17:32:40,056] Trial 5 pruned. Pruned at epoch 321 with val_accuracy=54.4118
wandb: setting up run 317mzhwo
wandb: Tracking run with wandb version 0.26.1
wandb: Run data is saved locally in /gpfs/home3/scur0511/Probe4Physics/wandb/run-20260426_173240-317mzhwo
wandb: Run `wandb offline` to turn off syncing.
wandb: Syncing run intphys2_linear_jepa_v1_vith16_384_layer_16/trial_0006
wandb: ⭐️ View project at https://wandb.ai/caselli-niccolo-developer-university-of-amsterdam/probe4physics
wandb: 🚀 View run at https://wandb.ai/caselli-niccolo-developer-university-of-amsterdam/probe4physics/runs/317mzhwo
[eval.intphys2] Starting eval | split_name=val split_dir=data/splits/intphys2 predictor_mode=from_file metadata_file=data/annotations/intphys2_metadata.csv
[eval.intphys2] Loaded split assignments | split_scenes=51 split_samples=204
[eval.intphys2] Generated predictions | n_predictions=204
[eval.intphys2] Scoring complete | accuracy=53.9216 voe_accuracy=11.7647 n_scenes=51 n_samples=204
[eval.intphys2] Artifacts written | output_dir=artifacts/probes/intphys2/intphys2_probe_linear_jepa_v1_vith16_384_20260426T152120Z/layer_16/train/trial_0006/val_eval
wandb: updating run metadata
wandb: uploading wandb-metadata.json; uploading requirements.txt; uploading output.log; uploading wandb-summary.json; uploading config.yaml
wandb: uploading wandb-metadata.json
wandb: 
wandb: Run history:
wandb:          epoch ▁▁▁▁▁▁▂▂▂▂▂▂▂▃▃▃▃▃▃▃▄▄▄▄▄▅▅▅▆▆▆▆▇▇▇▇▇▇██
wandb: train_accuracy ▅▅▅▆█▇▆▆▄▃▄▄▄▄▄▄▃▂▂▂▁▁▃▃▃▂▃▂▃▂▂▂▂▄▄▃▃▅▅▅
wandb:     train_loss ██▄▄▃▂▂▃▂▃▂▂▂▂▂▂▁▂▁▂▂▁▁▁▁▂▁▁▁▁▂▁▁▁▁▁▁▁▁▁
wandb:   val_accuracy ▃▂▄▃▁▅▅▅▅▅▆▆▆▇▇▇█▇▇███▆▅▄▃▃▃▄▄▅▅▅▅▅▄▄▄▄▂
wandb:       val_loss █▇▇▆▆▅▅▅▅▄▄▄▄▄▃▃▃▂▂▂▂▂▂▂▂▂▂▂▂▂▁▁▁▁▁▁▁▁▁▁
wandb: 
wandb: Run summary:
wandb:           best_epoch 48
wandb:    best_val_accuracy 53.92157
wandb:        best_val_loss 0.69661
wandb: checkpoint_best_path artifacts/probes/int...
wandb: checkpoint_last_path artifacts/probes/int...
wandb:      checkpoint_path artifacts/probes/int...
wandb:              dataset intphys2
wandb:      elapsed_seconds 2.97348
wandb:                epoch 100
wandb:    feature_signature 78346a9facde6609
wandb:                  +22 ...
wandb: 
wandb: 🚀 View run intphys2_linear_jepa_v1_vith16_384_layer_16/trial_0006 at: https://wandb.ai/caselli-niccolo-developer-university-of-amsterdam/probe4physics/runs/317mzhwo
wandb: ⭐️ View project at: https://wandb.ai/caselli-niccolo-developer-university-of-amsterdam/probe4physics
wandb: Synced 5 W&B file(s), 0 media file(s), 0 artifact file(s) and 0 other file(s)
wandb: Find logs at: ./wandb/run-20260426_173240-317mzhwo/logs
[I 2026-04-26 17:32:44,446] Trial 6 finished with value: 11.76470588235294 and parameters: {'lr': 1.0388823104027935e-05, 'weight_decay': 0.0007812113973534924, 'batch_size': 128, 'epochs': 100}. Best is trial 0 with value: 43.13725490196079.
wandb: setting up run 04nmvklr
wandb: Tracking run with wandb version 0.26.1
wandb: Run data is saved locally in /gpfs/home3/scur0511/Probe4Physics/wandb/run-20260426_173244-04nmvklr
wandb: Run `wandb offline` to turn off syncing.
wandb: Syncing run intphys2_linear_jepa_v1_vith16_384_layer_16/trial_0007
wandb: ⭐️ View project at https://wandb.ai/caselli-niccolo-developer-university-of-amsterdam/probe4physics
wandb: 🚀 View run at https://wandb.ai/caselli-niccolo-developer-university-of-amsterdam/probe4physics/runs/04nmvklr
wandb: updating run metadata
wandb: uploading wandb-metadata.json; uploading requirements.txt; uploading wandb-summary.json; uploading config.yaml
wandb: 
wandb: Run history:
wandb:          epoch ▁▁▁▁▁▂▂▂▂▂▃▃▃▃▃▃▄▄▄▅▅▅▆▆▆▆▆▆▆▆▇▇▇▇▇▇▇███
wandb: train_accuracy ▁▁▃▂▂▃▃▃▂▃▃▄▂▄▅▁▅▅▆▁▃▄▆▅▄█▅▆▃▃▄▇▇▆▇▃▃▃▆▅
wandb:     train_loss ▆▇█▇▅▄▄▄▄▄▄▃▄▃▃▃▃▃▂▃▃▂▂▂▃▂▂▂▂▂▂▂▂▂▂▁▂▁▁▁
wandb:   val_accuracy ▂█▁▇▃▅▅▂▅▅▆▄▄▆▄▄▇▅▅▅▄▅▅▄▂▅▄▄▇▇▃▆▄▃▇▄▅▅▇▅
wandb:       val_loss █▃▃▂▂▂▂▂▂▂▂▂▂▂▁▁▁▁▁▁▁▁▁▁▁▁▁▁▁▁▁▁▁▁▁▁▁▁▁▁
wandb: 
wandb: Run summary:
wandb:          epoch 103
wandb: train_accuracy 52.81457
wandb:     train_loss 0.69079
wandb:   val_accuracy 50.9804
wandb:       val_loss 0.69172
wandb: 
wandb: 🚀 View run intphys2_linear_jepa_v1_vith16_384_layer_16/trial_0007 at: https://wandb.ai/caselli-niccolo-developer-university-of-amsterdam/probe4physics/runs/04nmvklr
wandb: ⭐️ View project at: https://wandb.ai/caselli-niccolo-developer-university-of-amsterdam/probe4physics
wandb: Synced 4 W&B file(s), 0 media file(s), 0 artifact file(s) and 0 other file(s)
wandb: Find logs at: ./wandb/run-20260426_173244-04nmvklr/logs
[I 2026-04-26 17:32:48,590] Trial 7 pruned. Pruned at epoch 103 with val_accuracy=50.9804
wandb: setting up run 6moyn98k
wandb: Tracking run with wandb version 0.26.1
wandb: Run data is saved locally in /gpfs/home3/scur0511/Probe4Physics/wandb/run-20260426_173248-6moyn98k
wandb: Run `wandb offline` to turn off syncing.
wandb: Syncing run intphys2_linear_jepa_v1_vith16_384_layer_16/trial_0008
wandb: ⭐️ View project at https://wandb.ai/caselli-niccolo-developer-university-of-amsterdam/probe4physics
wandb: 🚀 View run at https://wandb.ai/caselli-niccolo-developer-university-of-amsterdam/probe4physics/runs/6moyn98k
[eval.intphys2] Starting eval | split_name=val split_dir=data/splits/intphys2 predictor_mode=from_file metadata_file=data/annotations/intphys2_metadata.csv
[eval.intphys2] Loaded split assignments | split_scenes=51 split_samples=204
[eval.intphys2] Generated predictions | n_predictions=204
[eval.intphys2] Scoring complete | accuracy=57.8431 voe_accuracy=33.3333 n_scenes=51 n_samples=204
[eval.intphys2] Artifacts written | output_dir=artifacts/probes/intphys2/intphys2_probe_linear_jepa_v1_vith16_384_20260426T152120Z/layer_16/train/trial_0008/val_eval
wandb: updating run metadata
wandb: uploading wandb-summary.json; uploading config.yaml; uploading wandb-metadata.json; uploading requirements.txt; uploading output.log
wandb: uploading config.yaml
wandb: 
wandb: Run history:
wandb:          epoch ▁▁▁▁▁▂▂▂▂▂▃▃▃▃▃▄▄▄▄▄▄▄▅▅▅▅▅▅▅▆▆▆▆▆▆▇▇▇██
wandb: train_accuracy ▄▂▂▂▃▃▃▁▂▅▄▃▃▃▃▃▁▃▅▄▄▅▆▃▃▆▆▄▅▇▆▅▅▇▆█▅▄▆▃
wandb:     train_loss ▇▅█▅▅▅▄▄▅▄▅▅▅▅▄▄▃▃▂▂▃▃▃▃▃▃▂▂▂▂▂▂▂▂▂▁▁▁▂▃
wandb:   val_accuracy ▃▂▂▃▁▄▃▅▅▄▃▃▆▆▃█▄▄▅▄▄▄▄▅▄▄▅▅▅▅▃▄▅▄▅▃▄█▃▇
wandb:       val_loss █▅▅▆▅▄▅▅▄▄▅▃▆▃▃▃▃▃▂▄▃▂▃▂▂▂▂▂▂▁▁▁▁▂▁▂▁▁▂▂
wandb: 
wandb: Run summary:
wandb:           best_epoch 95
wandb:    best_val_accuracy 57.84314
wandb:        best_val_loss 0.68916
wandb: checkpoint_best_path artifacts/probes/int...
wandb: checkpoint_last_path artifacts/probes/int...
wandb:      checkpoint_path artifacts/probes/int...
wandb:              dataset intphys2
wandb:      elapsed_seconds 2.88314
wandb:                epoch 100
wandb:    feature_signature 78346a9facde6609
wandb:                  +22 ...
wandb: 
wandb: 🚀 View run intphys2_linear_jepa_v1_vith16_384_layer_16/trial_0008 at: https://wandb.ai/caselli-niccolo-developer-university-of-amsterdam/probe4physics/runs/6moyn98k
wandb: ⭐️ View project at: https://wandb.ai/caselli-niccolo-developer-university-of-amsterdam/probe4physics
wandb: Synced 5 W&B file(s), 0 media file(s), 0 artifact file(s) and 0 other file(s)
wandb: Find logs at: ./wandb/run-20260426_173248-6moyn98k/logs
[I 2026-04-26 17:32:52,870] Trial 8 finished with value: 33.33333333333333 and parameters: {'lr': 0.0003699972431463808, 'weight_decay': 3.6749049453053196e-06, 'batch_size': 256, 'epochs': 100}. Best is trial 0 with value: 43.13725490196079.
wandb: setting up run s3gieyyj
wandb: Tracking run with wandb version 0.26.1
wandb: Run data is saved locally in /gpfs/home3/scur0511/Probe4Physics/wandb/run-20260426_173253-s3gieyyj
wandb: Run `wandb offline` to turn off syncing.
wandb: Syncing run intphys2_linear_jepa_v1_vith16_384_layer_16/trial_0009
wandb: ⭐️ View project at https://wandb.ai/caselli-niccolo-developer-university-of-amsterdam/probe4physics
wandb: 🚀 View run at https://wandb.ai/caselli-niccolo-developer-university-of-amsterdam/probe4physics/runs/s3gieyyj
wandb: updating run metadata
wandb: uploading wandb-metadata.json; uploading requirements.txt; uploading wandb-summary.json; uploading config.yaml
wandb: 
wandb: Run history:
wandb:          epoch ▁▁▁▁▁▂▂▂▂▂▂▃▃▃▃▃▄▄▄▄▄▄▅▅▅▅▅▅▆▆▆▆▆▇▇▇▇███
wandb: train_accuracy ▁▂▂▃▂▂▄▄▄▅▄▂▃▃▂▂▄▂▂▂▄▃▅▅▆▅▃▂▅▆▅▅▂▆▆▁▃▄▃█
wandb:     train_loss █▃▂▂▂▂▂▂▂▁▁▁▁▁▁▁▁▁▁▁▁▁▁▁▁▁▁▁▁▁▁▁▁▁▁▁▁▁▁▁
wandb:   val_accuracy ▁▂▄▃▂▂▃▅▅▅▇███▇▅▅▂▅▇▅▄▄▅▃▂▅▁▂▄▃▄▄▅▅▄▅▃▂▅
wandb:       val_loss █▅▃▂▂▂▂▂▂▁▁▁▁▁▁▁▁▁▁▁▁▁▁▁▁▁▁▁▁▁▁▁▁▁▁▁▁▁▁▁
wandb: 
wandb: Run summary:
wandb:          epoch 100
wandb: train_accuracy 53.64238
wandb:     train_loss 0.69296
wandb:   val_accuracy 51.96078
wandb:       val_loss 0.69276
wandb: 
wandb: 🚀 View run intphys2_linear_jepa_v1_vith16_384_layer_16/trial_0009 at: https://wandb.ai/caselli-niccolo-developer-university-of-amsterdam/probe4physics/runs/s3gieyyj
wandb: ⭐️ View project at: https://wandb.ai/caselli-niccolo-developer-university-of-amsterdam/probe4physics
wandb: Synced 4 W&B file(s), 0 media file(s), 0 artifact file(s) and 0 other file(s)
wandb: Find logs at: ./wandb/run-20260426_173253-s3gieyyj/logs
[I 2026-04-26 17:32:56,948] Trial 9 pruned. Pruned at epoch 100 with val_accuracy=51.9608
wandb: setting up run p0yfw1c4
wandb: Tracking run with wandb version 0.26.1
wandb: Run data is saved locally in /gpfs/home3/scur0511/Probe4Physics/wandb/run-20260426_173257-p0yfw1c4
wandb: Run `wandb offline` to turn off syncing.
wandb: Syncing run intphys2_linear_jepa_v1_vith16_384_layer_16/trial_0010
wandb: ⭐️ View project at https://wandb.ai/caselli-niccolo-developer-university-of-amsterdam/probe4physics
wandb: 🚀 View run at https://wandb.ai/caselli-niccolo-developer-university-of-amsterdam/probe4physics/runs/p0yfw1c4
wandb: updating run metadata
wandb: uploading wandb-summary.json; uploading config.yaml
wandb: 
wandb: Run history:
wandb:          epoch ▁▁▁▁▂▂▂▂▃▃▃▃▃▄▄▄▄▄▄▅▅▅▅▅▆▆▆▆▆▆▇▇▇▇▇▇▇▇██
wandb: train_accuracy ▂▁▂▂▁▄▅▄▃▂▄▅▆▅▇▆▅▆▅▅▆▆▆▆▆▇█▇▇▇▇▆▆▇▆▇█▇▇▇
wandb:     train_loss █▇▇▇█▆█▆▆▆▆▅▆▅▅▅▅▄▅▄▄▅▄▃▄▃▃▃▂▃▂▂▂▁▁▁▂▁▁▁
wandb:   val_accuracy ▄▁▅▇▅▅▄▆▂▇▆▅▄▅▅▄▇▃▆█▅▅▄▇▇▅▇▅▆▇▇▆▆▅▅▆▅▅▅▆
wandb:       val_loss ▂▁▁▁▁▁▁▂▂▂▃▃▃▃▃▄▄▄▄▄▅▅▅▇▅▅▆▆▆▆▆▆▇▆▇█▇▇▇▇
wandb: 
wandb: Run summary:
wandb:          epoch 1359
wandb: train_accuracy 82.45033
wandb:     train_loss 0.44009
wandb:   val_accuracy 54.90196
wandb:       val_loss 1.05148
wandb: 
wandb: 🚀 View run intphys2_linear_jepa_v1_vith16_384_layer_16/trial_0010 at: https://wandb.ai/caselli-niccolo-developer-university-of-amsterdam/probe4physics/runs/p0yfw1c4
wandb: ⭐️ View project at: https://wandb.ai/caselli-niccolo-developer-university-of-amsterdam/probe4physics
wandb: Synced 4 W&B file(s), 0 media file(s), 0 artifact file(s) and 0 other file(s)
wandb: Find logs at: ./wandb/run-20260426_173257-p0yfw1c4/logs
[I 2026-04-26 17:33:53,004] Trial 10 pruned. Pruned at epoch 1359 with val_accuracy=54.9020
wandb: setting up run 49iqc3re
wandb: Tracking run with wandb version 0.26.1
wandb: Run data is saved locally in /gpfs/home3/scur0511/Probe4Physics/wandb/run-20260426_173353-49iqc3re
wandb: Run `wandb offline` to turn off syncing.
wandb: Syncing run intphys2_linear_jepa_v1_vith16_384_layer_16/trial_0011
wandb: ⭐️ View project at https://wandb.ai/caselli-niccolo-developer-university-of-amsterdam/probe4physics
wandb: 🚀 View run at https://wandb.ai/caselli-niccolo-developer-university-of-amsterdam/probe4physics/runs/49iqc3re
[eval.intphys2] Starting eval | split_name=val split_dir=data/splits/intphys2 predictor_mode=from_file metadata_file=data/annotations/intphys2_metadata.csv
[eval.intphys2] Loaded split assignments | split_scenes=51 split_samples=204
[eval.intphys2] Generated predictions | n_predictions=204
[eval.intphys2] Scoring complete | accuracy=53.4314 voe_accuracy=39.2157 n_scenes=51 n_samples=204
[eval.intphys2] Artifacts written | output_dir=artifacts/probes/intphys2/intphys2_probe_linear_jepa_v1_vith16_384_20260426T152120Z/layer_16/train/trial_0011/val_eval
wandb: updating run metadata
wandb: uploading wandb-metadata.json; uploading requirements.txt; uploading output.log; uploading wandb-summary.json; uploading config.yaml
wandb: 
wandb: Run history:
wandb:          epoch ▁▁▂▂▂▃▃▄▄▄▅▅▅▆▆▇▇▇██
wandb: train_accuracy ▂▁▁▇▃▄▆▆▁▄▇▃▅█▆▇█▃▆▆
wandb:     train_loss ██▆▄▅▅▃▄▆▃▄▄▂▁▁▁▃▂▄▂
wandb:   val_accuracy ▂▂▃▂▃▃▃▃▁▃▃▆▃▇▂█▃▃▃▆
wandb:       val_loss █▄▄▃▄▃▂▇▁▂▇▁▁▂▁▁▅▄▄▁
wandb: 
wandb: Run summary:
wandb:           best_epoch 16
wandb:    best_val_accuracy 53.43137
wandb:        best_val_loss 0.69226
wandb: checkpoint_best_path artifacts/probes/int...
wandb: checkpoint_last_path artifacts/probes/int...
wandb:      checkpoint_path artifacts/probes/int...
wandb:              dataset intphys2
wandb:      elapsed_seconds 1.42027
wandb:                epoch 20
wandb:    feature_signature 78346a9facde6609
wandb:                  +22 ...
wandb: 
wandb: 🚀 View run intphys2_linear_jepa_v1_vith16_384_layer_16/trial_0011 at: https://wandb.ai/caselli-niccolo-developer-university-of-amsterdam/probe4physics/runs/49iqc3re
wandb: ⭐️ View project at: https://wandb.ai/caselli-niccolo-developer-university-of-amsterdam/probe4physics
wandb: Synced 5 W&B file(s), 0 media file(s), 0 artifact file(s) and 0 other file(s)
wandb: Find logs at: ./wandb/run-20260426_173353-49iqc3re/logs
[I 2026-04-26 17:33:55,477] Trial 11 finished with value: 39.21568627450981 and parameters: {'lr': 0.0009028168422346196, 'weight_decay': 0.00013851041848413182, 'batch_size': 64, 'epochs': 20}. Best is trial 0 with value: 43.13725490196079.
wandb: setting up run k10c93d5
wandb: Tracking run with wandb version 0.26.1
wandb: Run data is saved locally in /gpfs/home3/scur0511/Probe4Physics/wandb/run-20260426_173355-k10c93d5
wandb: Run `wandb offline` to turn off syncing.
wandb: Syncing run intphys2_linear_jepa_v1_vith16_384_layer_16/trial_0012
wandb: ⭐️ View project at https://wandb.ai/caselli-niccolo-developer-university-of-amsterdam/probe4physics
wandb: 🚀 View run at https://wandb.ai/caselli-niccolo-developer-university-of-amsterdam/probe4physics/runs/k10c93d5
wandb: updating run metadata
wandb: uploading wandb-metadata.json; uploading requirements.txt; uploading wandb-summary.json; uploading config.yaml
wandb: uploading wandb-metadata.json; uploading requirements.txt
wandb: 
wandb: Run history:
wandb:          epoch ▁▁▁▁▁▂▂▂▂▃▃▃▄▄▄▅▅▅▅▅▆▆▆▆▆▆▆▆▇▇▇▇▇▇▇█████
wandb: train_accuracy ▂▅▁▁▁▂▃▄▃▂▁▆▃▄▃▃█▄▂▃▄▆▅▅▅▄▃▃▅▅▃▅▄▆▆▅▇▅▄█
wandb:     train_loss ██▆▆▆▄▅▄▄▅▄▄▃▃▄▃▄▃▃▄▄▃▂▂▂▂▂▁▁▁▂▂▂▂▂▂▁▂▁▁
wandb:   val_accuracy ▃▄▄▂▁▅▄▃▆▃▄▄▇▅▇▅▅▄▆▅▃▃▃▃▂▆▅▅▄▃▂▂▆▅▅█▅▅▆▆
wandb:       val_loss █▇▆▆▅▄▄▄▄▄▃▃▃▃▃▃▃▂▂▂▂▂▂▂▂▂▂▂▁▁▁▁▁▁▁▁▁▁▁▁
wandb: 
wandb: Run summary:
wandb:          epoch 100
wandb: train_accuracy 51.82119
wandb:     train_loss 0.69387
wandb:   val_accuracy 52.45098
wandb:       val_loss 0.69332
wandb: 
wandb: 🚀 View run intphys2_linear_jepa_v1_vith16_384_layer_16/trial_0012 at: https://wandb.ai/caselli-niccolo-developer-university-of-amsterdam/probe4physics/runs/k10c93d5
wandb: ⭐️ View project at: https://wandb.ai/caselli-niccolo-developer-university-of-amsterdam/probe4physics
wandb: Synced 4 W&B file(s), 0 media file(s), 0 artifact file(s) and 0 other file(s)
wandb: Find logs at: ./wandb/run-20260426_173355-k10c93d5/logs
[I 2026-04-26 17:34:00,042] Trial 12 pruned. Pruned at epoch 100 with val_accuracy=52.4510
wandb: setting up run emwd8wj2
wandb: Tracking run with wandb version 0.26.1
wandb: Run data is saved locally in /gpfs/home3/scur0511/Probe4Physics/wandb/run-20260426_173400-emwd8wj2
wandb: Run `wandb offline` to turn off syncing.
wandb: Syncing run intphys2_linear_jepa_v1_vith16_384_layer_16/trial_0013
wandb: ⭐️ View project at https://wandb.ai/caselli-niccolo-developer-university-of-amsterdam/probe4physics
wandb: 🚀 View run at https://wandb.ai/caselli-niccolo-developer-university-of-amsterdam/probe4physics/runs/emwd8wj2
[eval.intphys2] Starting eval | split_name=val split_dir=data/splits/intphys2 predictor_mode=from_file metadata_file=data/annotations/intphys2_metadata.csv
[eval.intphys2] Loaded split assignments | split_scenes=51 split_samples=204
[eval.intphys2] Generated predictions | n_predictions=204
[eval.intphys2] Scoring complete | accuracy=61.7647 voe_accuracy=41.1765 n_scenes=51 n_samples=204
[eval.intphys2] Artifacts written | output_dir=artifacts/probes/intphys2/intphys2_probe_linear_jepa_v1_vith16_384_20260426T152120Z/layer_16/train/trial_0013/val_eval
wandb: updating run metadata
wandb: uploading wandb-summary.json; uploading config.yaml; uploading output.log
wandb: 
wandb: Run history:
wandb:          epoch ▁▁▁▁▁▂▂▂▂▂▂▃▃▃▃▄▄▄▅▅▅▅▅▅▅▆▆▆▆▆▆▆▇▇▇▇▇███
wandb: train_accuracy ▁▁▂▂▄▅▆▃▆▆▅▆▆▆▇▇▅▆▆▇▇▅▇▇▆▇▇▆▆▆▇▇█▇▇▇▇█▇█
wandb:     train_loss █▇█▇█▇▆▆▆▆▅▅▅▄▄▅▄▄▄▄▃▃▃▃▃▃▂▂▂▃▂▂▂▂▂▁▁▁▁▁
wandb:   val_accuracy ▃▃▄▁▄▇▆█▅▇▄▄▇▇▆▆▆▇▅▇▆▆▅▆▇█▇█▇▇▇▆▇▇▇▆▇▇▇▇
wandb:       val_loss ▂▂▁▂▁▁▁▁▁▂▂▂▁▁▂▁▂▂▂▃▃▃▃▃▃▃▃▅▄▄▄▅▆▆▆▆▆█▇▇
wandb: 
wandb: Run summary:
wandb:           best_epoch 470
wandb:    best_val_accuracy 61.76471
wandb:        best_val_loss 0.68249
wandb: checkpoint_best_path artifacts/probes/int...
wandb: checkpoint_last_path artifacts/probes/int...
wandb:      checkpoint_path artifacts/probes/int...
wandb:              dataset intphys2
wandb:      elapsed_seconds 112.56315
wandb:                epoch 2000
wandb:    feature_signature 78346a9facde6609
wandb:                  +22 ...
wandb: 
wandb: 🚀 View run intphys2_linear_jepa_v1_vith16_384_layer_16/trial_0013 at: https://wandb.ai/caselli-niccolo-developer-university-of-amsterdam/probe4physics/runs/emwd8wj2
wandb: ⭐️ View project at: https://wandb.ai/caselli-niccolo-developer-university-of-amsterdam/probe4physics
wandb: Synced 5 W&B file(s), 0 media file(s), 0 artifact file(s) and 0 other file(s)
wandb: Find logs at: ./wandb/run-20260426_173400-emwd8wj2/logs
[I 2026-04-26 17:35:53,831] Trial 13 finished with value: 41.17647058823529 and parameters: {'lr': 0.00024380003254969372, 'weight_decay': 0.009336243604950356, 'batch_size': 32, 'epochs': 2000}. Best is trial 0 with value: 43.13725490196079.
wandb: setting up run hukztdsj
wandb: Tracking run with wandb version 0.26.1
wandb: Run data is saved locally in /gpfs/home3/scur0511/Probe4Physics/wandb/run-20260426_173554-hukztdsj
wandb: Run `wandb offline` to turn off syncing.
wandb: Syncing run intphys2_linear_jepa_v1_vith16_384_layer_16/trial_0014
wandb: ⭐️ View project at https://wandb.ai/caselli-niccolo-developer-university-of-amsterdam/probe4physics
wandb: 🚀 View run at https://wandb.ai/caselli-niccolo-developer-university-of-amsterdam/probe4physics/runs/hukztdsj
[eval.intphys2] Starting eval | split_name=val split_dir=data/splits/intphys2 predictor_mode=from_file metadata_file=data/annotations/intphys2_metadata.csv
[eval.intphys2] Loaded split assignments | split_scenes=51 split_samples=204
[eval.intphys2] Generated predictions | n_predictions=204
[eval.intphys2] Scoring complete | accuracy=61.2745 voe_accuracy=39.2157 n_scenes=51 n_samples=204
[eval.intphys2] Artifacts written | output_dir=artifacts/probes/intphys2/intphys2_probe_linear_jepa_v1_vith16_384_20260426T152120Z/layer_16/train/trial_0014/val_eval
wandb: updating run metadata
wandb: uploading output.log; uploading wandb-summary.json; uploading config.yaml
wandb: 
wandb: Run history:
wandb:          epoch ▁▁▁▁▂▂▂▂▂▂▃▃▃▃▃▄▄▄▄▄▅▅▅▅▅▅▅▅▅▆▆▆▆▇▇▇▇▇██
wandb: train_accuracy ▁▂▃▄▄▃▄▅▆▆▅▆▇▆▆▇▆▆▆▆▇▆▆▇▅▇▇▇▇▇▇▆▇██▇▇▇██
wandb:     train_loss ███▇▇▆▇▆▅▅▅▆▅▅▅▄▄▄▄▃▃▃▃▃▄▃▃▂▃▂▃▂▂▂▂▂▂▂▂▁
wandb:   val_accuracy ▂▁▁▆▅▆▅▄▅▆▇▆▆▇▆▆▄▇▆▆▆▆▇▆▇▇▇▆▇▆▅▆▅▆█▆▆▆▆▇
wandb:       val_loss ▁▁▁▁▁▁▂▁▁▁▁▂▁▃▃▂▂▂▂▂▂▂▄▃▄▃▄▄▄▄▆▅▅▅▅▆▆▆█▇
wandb: 
wandb: Run summary:
wandb:           best_epoch 108
wandb:    best_val_accuracy 61.27451
wandb:        best_val_loss 0.68211
wandb: checkpoint_best_path artifacts/probes/int...
wandb: checkpoint_last_path artifacts/probes/int...
wandb:      checkpoint_path artifacts/probes/int...
wandb:              dataset intphys2
wandb:      elapsed_seconds 40.125
wandb:                epoch 1000
wandb:    feature_signature 78346a9facde6609
wandb:                  +22 ...
wandb: 
wandb: 🚀 View run intphys2_linear_jepa_v1_vith16_384_layer_16/trial_0014 at: https://wandb.ai/caselli-niccolo-developer-university-of-amsterdam/probe4physics/runs/hukztdsj
wandb: ⭐️ View project at: https://wandb.ai/caselli-niccolo-developer-university-of-amsterdam/probe4physics
wandb: Synced 5 W&B file(s), 0 media file(s), 0 artifact file(s) and 0 other file(s)
wandb: Find logs at: ./wandb/run-20260426_173554-hukztdsj/logs
[I 2026-04-26 17:36:35,103] Trial 14 finished with value: 39.21568627450981 and parameters: {'lr': 0.0009550389696130119, 'weight_decay': 0.0006287181301801359, 'batch_size': 32, 'epochs': 1000}. Best is trial 0 with value: 43.13725490196079.
wandb: setting up run 8xc0hx30
wandb: Tracking run with wandb version 0.26.1
wandb: Run data is saved locally in /gpfs/home3/scur0511/Probe4Physics/wandb/run-20260426_173635-8xc0hx30
wandb: Run `wandb offline` to turn off syncing.
wandb: Syncing run intphys2_linear_jepa_v1_vith16_384_layer_16/trial_0015
wandb: ⭐️ View project at https://wandb.ai/caselli-niccolo-developer-university-of-amsterdam/probe4physics
wandb: 🚀 View run at https://wandb.ai/caselli-niccolo-developer-university-of-amsterdam/probe4physics/runs/8xc0hx30
[eval.intphys2] Starting eval | split_name=val split_dir=data/splits/intphys2 predictor_mode=from_file metadata_file=data/annotations/intphys2_metadata.csv
[eval.intphys2] Loaded split assignments | split_scenes=51 split_samples=204
[eval.intphys2] Generated predictions | n_predictions=204
[eval.intphys2] Scoring complete | accuracy=52.4510 voe_accuracy=27.4510 n_scenes=51 n_samples=204
[eval.intphys2] Artifacts written | output_dir=artifacts/probes/intphys2/intphys2_probe_linear_jepa_v1_vith16_384_20260426T152120Z/layer_16/train/trial_0015/val_eval
wandb: updating run metadata
wandb: uploading wandb-metadata.json; uploading requirements.txt; uploading output.log; uploading wandb-summary.json; uploading config.yaml
wandb: 
wandb: Run history:
wandb:          epoch ▁▁▂▂▂▃▃▄▄▄▅▅▅▆▆▇▇▇██
wandb: train_accuracy ▁██▅▆▅▆▆▆▆▆▅▄▆█▇▅▅▆▆
wandb:     train_loss █▆▅▄▄▆▄▃▄▃▄▂▃▃▄▃▂▃▁▂
wandb:   val_accuracy ▆▅▅▇▇██▅▂▃▂▁▃▅▄▄▅▅▃▅
wandb:       val_loss █▇▆▆▆▆▅▄▄▄▃▃▃▃▂▂▂▁▁▁
wandb: 
wandb: Run summary:
wandb:           best_epoch 7
wandb:    best_val_accuracy 52.45098
wandb:        best_val_loss 0.6974
wandb: checkpoint_best_path artifacts/probes/int...
wandb: checkpoint_last_path artifacts/probes/int...
wandb:      checkpoint_path artifacts/probes/int...
wandb:              dataset intphys2
wandb:      elapsed_seconds 1.25782
wandb:                epoch 20
wandb:    feature_signature 78346a9facde6609
wandb:                  +22 ...
wandb: 
wandb: 🚀 View run intphys2_linear_jepa_v1_vith16_384_layer_16/trial_0015 at: https://wandb.ai/caselli-niccolo-developer-university-of-amsterdam/probe4physics/runs/8xc0hx30
wandb: ⭐️ View project at: https://wandb.ai/caselli-niccolo-developer-university-of-amsterdam/probe4physics
wandb: Synced 5 W&B file(s), 0 media file(s), 0 artifact file(s) and 0 other file(s)
wandb: Find logs at: ./wandb/run-20260426_173635-8xc0hx30/logs
[I 2026-04-26 17:36:37,379] Trial 15 finished with value: 27.450980392156865 and parameters: {'lr': 2.990630550212624e-05, 'weight_decay': 4.792092864251368e-05, 'batch_size': 128, 'epochs': 20}. Best is trial 0 with value: 43.13725490196079.
wandb: setting up run 6zrwar20
wandb: Tracking run with wandb version 0.26.1
wandb: Run data is saved locally in /gpfs/home3/scur0511/Probe4Physics/wandb/run-20260426_173637-6zrwar20
wandb: Run `wandb offline` to turn off syncing.
wandb: Syncing run intphys2_linear_jepa_v1_vith16_384_layer_16/trial_0016
wandb: ⭐️ View project at https://wandb.ai/caselli-niccolo-developer-university-of-amsterdam/probe4physics
wandb: 🚀 View run at https://wandb.ai/caselli-niccolo-developer-university-of-amsterdam/probe4physics/runs/6zrwar20
[eval.intphys2] Starting eval | split_name=val split_dir=data/splits/intphys2 predictor_mode=from_file metadata_file=data/annotations/intphys2_metadata.csv
[eval.intphys2] Loaded split assignments | split_scenes=51 split_samples=204
[eval.intphys2] Generated predictions | n_predictions=204
[eval.intphys2] Scoring complete | accuracy=61.7647 voe_accuracy=39.2157 n_scenes=51 n_samples=204
[eval.intphys2] Artifacts written | output_dir=artifacts/probes/intphys2/intphys2_probe_linear_jepa_v1_vith16_384_20260426T152120Z/layer_16/train/trial_0016/val_eval
wandb: updating run metadata
wandb: uploading config.yaml; uploading output.log; uploading wandb-summary.json
wandb: uploading history steps 0-499, summary, console lines 0-4
wandb: 
wandb: Run history:
wandb:          epoch ▁▁▂▂▂▂▂▂▂▃▄▄▄▄▄▄▅▅▅▅▅▅▅▆▆▆▆▆▆▆▇▇▇▇▇▇████
wandb: train_accuracy ▁▂▁▂▂▄▁▃▁▃▅▄▄▅▆▅▅▆▆▆▂▆▆▆▃▆▄▄▇▅▆▃▅▆▇▇█▇██
wandb:     train_loss █▆▆▆▆▅▅▅▅▅▅▅▄▄▄▄▄▄▄▄▃▄▄▃▃▃▃▃▂▂▂▂▂▂▂▁▁▁▁▁
wandb:   val_accuracy ▁▂▁▂▂▂▃▃▃▅▆▂▃▄▄▃▄▆▅▆▆▃▄▂▆▂▃▇▄▇▅▆▄▆▅▇▇▆▆█
wandb:       val_loss ▇▅▄▃▃▃▅▃▂█▃▃▃▃▃▂▂▂▂▃▂▄▂▂▂▁▁▂▅▁▁▂▂▂▃▂▂▁▃▃
wandb: 
wandb: Run summary:
wandb:           best_epoch 446
wandb:    best_val_accuracy 61.76471
wandb:        best_val_loss 0.68614
wandb: checkpoint_best_path artifacts/probes/int...
wandb: checkpoint_last_path artifacts/probes/int...
wandb:      checkpoint_path artifacts/probes/int...
wandb:              dataset intphys2
wandb:      elapsed_seconds 12.71137
wandb:                epoch 500
wandb:    feature_signature 78346a9facde6609
wandb:                  +22 ...
wandb: 
wandb: 🚀 View run intphys2_linear_jepa_v1_vith16_384_layer_16/trial_0016 at: https://wandb.ai/caselli-niccolo-developer-university-of-amsterdam/probe4physics/runs/6zrwar20
wandb: ⭐️ View project at: https://wandb.ai/caselli-niccolo-developer-university-of-amsterdam/probe4physics
wandb: Synced 5 W&B file(s), 0 media file(s), 0 artifact file(s) and 0 other file(s)
wandb: Find logs at: ./wandb/run-20260426_173637-6zrwar20/logs
[I 2026-04-26 17:36:51,290] Trial 16 finished with value: 39.21568627450981 and parameters: {'lr': 0.0007814678475619724, 'weight_decay': 0.0013619271916917198, 'batch_size': 256, 'epochs': 500}. Best is trial 0 with value: 43.13725490196079.
wandb: setting up run tnwaewzp
wandb: Tracking run with wandb version 0.26.1
wandb: Run data is saved locally in /gpfs/home3/scur0511/Probe4Physics/wandb/run-20260426_173651-tnwaewzp
wandb: Run `wandb offline` to turn off syncing.
wandb: Syncing run intphys2_linear_jepa_v1_vith16_384_layer_16/trial_0017
wandb: ⭐️ View project at https://wandb.ai/caselli-niccolo-developer-university-of-amsterdam/probe4physics
wandb: 🚀 View run at https://wandb.ai/caselli-niccolo-developer-university-of-amsterdam/probe4physics/runs/tnwaewzp
[eval.intphys2] Starting eval | split_name=val split_dir=data/splits/intphys2 predictor_mode=from_file metadata_file=data/annotations/intphys2_metadata.csv
[eval.intphys2] Loaded split assignments | split_scenes=51 split_samples=204
[eval.intphys2] Generated predictions | n_predictions=204
[eval.intphys2] Scoring complete | accuracy=60.2941 voe_accuracy=45.0980 n_scenes=51 n_samples=204
[eval.intphys2] Artifacts written | output_dir=artifacts/probes/intphys2/intphys2_probe_linear_jepa_v1_vith16_384_20260426T152120Z/layer_16/train/trial_0017/val_eval
wandb: updating run metadata
wandb: uploading config.yaml; uploading output.log; uploading wandb-summary.json
wandb: 
wandb: Run history:
wandb:          epoch ▁▁▁▁▁▁▁▂▂▂▂▂▂▂▃▃▃▃▃▃▃▄▄▄▄▅▅▅▅▆▇▇▇▇▇▇████
wandb: train_accuracy ▁▁▂▄▃▄▃▅▅▄▅▆▆▅▄▄▆▆▇▇▇▇▆▆▇▆▆▆█▆█▇█▇█▇█▆██
wandb:     train_loss ██▆▆▆▅▅▅▅▅▆▄▄▃▄▃▄▄▃▃▃▃▃▃▄▃▃▄▂▃▂▂▂▂▃▂▂▂▂▁
wandb:   val_accuracy ▃▂▁▃▆▅█▅▅▆▅▆▅▅▃▅▅▅█▄▅▇█▄▅▅▇▅▇▄▇▆▅▄▅▅▆▅▅▅
wandb:       val_loss ▁▁▂▂▂▃▂▂▂▃▃▄▄▄▄▄▄▅▅▅▆▆▆▆▆▆█▆▆▇▇▇▇▇▇▇▇▇▇█
wandb: 
wandb: Run summary:
wandb:           best_epoch 262
wandb:    best_val_accuracy 60.29412
wandb:        best_val_loss 0.90026
wandb: checkpoint_best_path artifacts/probes/int...
wandb: checkpoint_last_path artifacts/probes/int...
wandb:      checkpoint_path artifacts/probes/int...
wandb:              dataset intphys2
wandb:      elapsed_seconds 101.05038
wandb:                epoch 2000
wandb:    feature_signature 78346a9facde6609
wandb:                  +22 ...
wandb: 
wandb: 🚀 View run intphys2_linear_jepa_v1_vith16_384_layer_16/trial_0017 at: https://wandb.ai/caselli-niccolo-developer-university-of-amsterdam/probe4physics/runs/tnwaewzp
wandb: ⭐️ View project at: https://wandb.ai/caselli-niccolo-developer-university-of-amsterdam/probe4physics
wandb: Synced 5 W&B file(s), 0 media file(s), 0 artifact file(s) and 0 other file(s)
wandb: Find logs at: ./wandb/run-20260426_173651-tnwaewzp/logs
[I 2026-04-26 17:38:33,515] Trial 17 finished with value: 45.09803921568628 and parameters: {'lr': 0.007985634897281529, 'weight_decay': 1.2297660068623619e-05, 'batch_size': 64, 'epochs': 2000}. Best is trial 17 with value: 45.09803921568628.
wandb: setting up run 8bqb0ghk
wandb: Tracking run with wandb version 0.26.1
wandb: Run data is saved locally in /gpfs/home3/scur0511/Probe4Physics/wandb/run-20260426_173833-8bqb0ghk
wandb: Run `wandb offline` to turn off syncing.
wandb: Syncing run intphys2_linear_jepa_v1_vith16_384_layer_16/trial_0018
wandb: ⭐️ View project at https://wandb.ai/caselli-niccolo-developer-university-of-amsterdam/probe4physics
wandb: 🚀 View run at https://wandb.ai/caselli-niccolo-developer-university-of-amsterdam/probe4physics/runs/8bqb0ghk
[eval.intphys2] Starting eval | split_name=val split_dir=data/splits/intphys2 predictor_mode=from_file metadata_file=data/annotations/intphys2_metadata.csv
[eval.intphys2] Loaded split assignments | split_scenes=51 split_samples=204
[eval.intphys2] Generated predictions | n_predictions=204
[eval.intphys2] Scoring complete | accuracy=60.2941 voe_accuracy=47.0588 n_scenes=51 n_samples=204
[eval.intphys2] Artifacts written | output_dir=artifacts/probes/intphys2/intphys2_probe_linear_jepa_v1_vith16_384_20260426T152120Z/layer_16/train/trial_0018/val_eval
wandb: updating run metadata
wandb: uploading output.log; uploading wandb-summary.json; uploading config.yaml
wandb: uploading history steps 1873-1999, summary, console lines 0-4
wandb: 
wandb: Run history:
wandb:          epoch ▁▁▁▂▂▂▂▂▃▃▃▃▄▄▄▄▄▄▄▄▅▅▅▅▅▅▅▅▅▆▆▆▆▆▆▇▇▇▇█
wandb: train_accuracy ▁▁▂▁▃▄▃▄▃▅▅▆▆▆▆▅▆▆▆▆▆▆▇▇▆▆▇▇▇▆███▇█▇██▇█
wandb:     train_loss ██▆▆▆▅▆▅▅▄▄▄▄▄▄▄▃▃▃▃▃▂▂▃▂▂▂▂▂▃▂▂▁▁▁▁▁▁▁▁
wandb:   val_accuracy ▁▃▅▄▅▆▇█▇▅▆▆▆▄▆▅▇▅▆▅▆▆▇▆▅▇▄▅▇▅▄▅▇▄█▆▇█▇▆
wandb:       val_loss ▁▂▁▂▂▂▂▂▂▃▃▃▃▄▅▄▄▅▅▅▅▅▅▅▆▆▇▆▆▆▆▆▇▇▇▇▇▇▇█
wandb: 
wandb: Run summary:
wandb:           best_epoch 153
wandb:    best_val_accuracy 60.29412
wandb:        best_val_loss 0.73503
wandb: checkpoint_best_path artifacts/probes/int...
wandb: checkpoint_last_path artifacts/probes/int...
wandb:      checkpoint_path artifacts/probes/int...
wandb:              dataset intphys2
wandb:      elapsed_seconds 101.23927
wandb:                epoch 2000
wandb:    feature_signature 78346a9facde6609
wandb:                  +22 ...
wandb: 
wandb: 🚀 View run intphys2_linear_jepa_v1_vith16_384_layer_16/trial_0018 at: https://wandb.ai/caselli-niccolo-developer-university-of-amsterdam/probe4physics/runs/8bqb0ghk
wandb: ⭐️ View project at: https://wandb.ai/caselli-niccolo-developer-university-of-amsterdam/probe4physics
wandb: Synced 5 W&B file(s), 0 media file(s), 0 artifact file(s) and 0 other file(s)
wandb: Find logs at: ./wandb/run-20260426_173833-8bqb0ghk/logs
[I 2026-04-26 17:40:16,020] Trial 18 finished with value: 47.05882352941176 and parameters: {'lr': 0.005680619932086539, 'weight_decay': 6.2989172362875366e-06, 'batch_size': 64, 'epochs': 2000}. Best is trial 18 with value: 47.05882352941176.
wandb: setting up run oo3bogub
wandb: Tracking run with wandb version 0.26.1
wandb: Run data is saved locally in /gpfs/home3/scur0511/Probe4Physics/wandb/run-20260426_174016-oo3bogub
wandb: Run `wandb offline` to turn off syncing.
wandb: Syncing run intphys2_linear_jepa_v1_vith16_384_layer_16/trial_0019
wandb: ⭐️ View project at https://wandb.ai/caselli-niccolo-developer-university-of-amsterdam/probe4physics
wandb: 🚀 View run at https://wandb.ai/caselli-niccolo-developer-university-of-amsterdam/probe4physics/runs/oo3bogub
[eval.intphys2] Starting eval | split_name=val split_dir=data/splits/intphys2 predictor_mode=from_file metadata_file=data/annotations/intphys2_metadata.csv
[eval.intphys2] Loaded split assignments | split_scenes=51 split_samples=204
[eval.intphys2] Generated predictions | n_predictions=204
[eval.intphys2] Scoring complete | accuracy=60.2941 voe_accuracy=43.1373 n_scenes=51 n_samples=204
[eval.intphys2] Artifacts written | output_dir=artifacts/probes/intphys2/intphys2_probe_linear_jepa_v1_vith16_384_20260426T152120Z/layer_16/train/trial_0019/val_eval
wandb: updating run metadata
wandb: uploading output.log; uploading wandb-summary.json; uploading config.yaml
wandb: 
wandb: Run history:
wandb:          epoch ▁▁▁▁▁▁▂▂▂▂▂▃▃▃▃▄▄▄▅▅▅▅▅▅▅▆▇▇▇▇▇▇▇▇▇▇▇▇██
wandb: train_accuracy ▁▃▃▂▂▅▄▅▅▆▅▅▄▆▅▅▅▅▇▇▆▇▄▆▇▆▇▆▇▇▆██▇▇▇▇▇█▇
wandb:     train_loss ▇█▆▇▆▆▆▅▅▅▄▇▄▄▄▃▃▃▃▃▃▂▃▃▂▂▂▂▂▂▂▂▁▁▁▂▁▁▁▃
wandb:   val_accuracy ▁▁▄▅▅▂▅▄▅▆▅▄▇▄▅▄▅▄▅█▅▃▅▆▆▁▇▇▅▅▄▅▅▇▄▃▅▅▅▇
wandb:       val_loss ▁▂▃▄▃▃▃▃▄▃▄▄▄▃▆▅▅▅▆▅▅▅▅▅▆▇▆▆▇▆▇▇▇▇██▇▇▇█
wandb: 
wandb: Run summary:
wandb:           best_epoch 680
wandb:    best_val_accuracy 60.29412
wandb:        best_val_loss 1.24229
wandb: checkpoint_best_path artifacts/probes/int...
wandb: checkpoint_last_path artifacts/probes/int...
wandb:      checkpoint_path artifacts/probes/int...
wandb:              dataset intphys2
wandb:      elapsed_seconds 101.656
wandb:                epoch 2000
wandb:    feature_signature 78346a9facde6609
wandb:                  +22 ...
wandb: 
wandb: 🚀 View run intphys2_linear_jepa_v1_vith16_384_layer_16/trial_0019 at: https://wandb.ai/caselli-niccolo-developer-university-of-amsterdam/probe4physics/runs/oo3bogub
wandb: ⭐️ View project at: https://wandb.ai/caselli-niccolo-developer-university-of-amsterdam/probe4physics
wandb: Synced 5 W&B file(s), 0 media file(s), 0 artifact file(s) and 0 other file(s)
wandb: Find logs at: ./wandb/run-20260426_174016-oo3bogub/logs
[I 2026-04-26 17:41:58,968] Trial 19 finished with value: 43.13725490196079 and parameters: {'lr': 0.009436503694210249, 'weight_decay': 4.444255177655937e-06, 'batch_size': 64, 'epochs': 2000}. Best is trial 18 with value: 47.05882352941176.
[eval.intphys2] Starting eval | split_name=train split_dir=data/splits/intphys2 predictor_mode=from_file metadata_file=data/annotations/intphys2_metadata.csv
[eval.intphys2] Loaded split assignments | split_scenes=151 split_samples=604
[eval.intphys2] Generated predictions | n_predictions=604
[eval.intphys2] Scoring complete | accuracy=75.1656 voe_accuracy=57.6159 n_scenes=151 n_samples=604
[eval.intphys2] Artifacts written | output_dir=artifacts/probes/intphys2/intphys2_probe_linear_jepa_v1_vith16_384_20260426T152120Z/layer_16/eval/train
[eval.intphys2] Starting eval | split_name=val split_dir=data/splits/intphys2 predictor_mode=from_file metadata_file=data/annotations/intphys2_metadata.csv
[eval.intphys2] Loaded split assignments | split_scenes=51 split_samples=204
[eval.intphys2] Generated predictions | n_predictions=204
[eval.intphys2] Scoring complete | accuracy=60.2941 voe_accuracy=47.0588 n_scenes=51 n_samples=204
[eval.intphys2] Artifacts written | output_dir=artifacts/probes/intphys2/intphys2_probe_linear_jepa_v1_vith16_384_20260426T152120Z/layer_16/eval/val
[eval.intphys2] Starting eval | split_name=test split_dir=data/splits/intphys2 predictor_mode=from_file metadata_file=data/annotations/intphys2_metadata.csv
[eval.intphys2] Loaded split assignments | split_scenes=51 split_samples=204
[eval.intphys2] Generated predictions | n_predictions=204
[eval.intphys2] Scoring complete | accuracy=59.3137 voe_accuracy=37.2549 n_scenes=51 n_samples=204
[eval.intphys2] Artifacts written | output_dir=artifacts/probes/intphys2/intphys2_probe_linear_jepa_v1_vith16_384_20260426T152120Z/layer_16/eval/test
[I 2026-04-26 17:41:59,344] A new study created in RDB with name: intphys2_linear_jepa_v1_vith16_384_layer_24
wandb: setting up run z54xl8ew
wandb: Tracking run with wandb version 0.26.1
wandb: Run data is saved locally in /gpfs/home3/scur0511/Probe4Physics/wandb/run-20260426_174159-z54xl8ew
wandb: Run `wandb offline` to turn off syncing.
wandb: Syncing run intphys2_linear_jepa_v1_vith16_384_layer_24/trial_0000
wandb: ⭐️ View project at https://wandb.ai/caselli-niccolo-developer-university-of-amsterdam/probe4physics
wandb: 🚀 View run at https://wandb.ai/caselli-niccolo-developer-university-of-amsterdam/probe4physics/runs/z54xl8ew
[eval.intphys2] Starting eval | split_name=val split_dir=data/splits/intphys2 predictor_mode=from_file metadata_file=data/annotations/intphys2_metadata.csv
[eval.intphys2] Loaded split assignments | split_scenes=51 split_samples=204
[eval.intphys2] Generated predictions | n_predictions=204
[eval.intphys2] Scoring complete | accuracy=63.7255 voe_accuracy=45.0980 n_scenes=51 n_samples=204
[eval.intphys2] Artifacts written | output_dir=artifacts/probes/intphys2/intphys2_probe_linear_jepa_v1_vith16_384_20260426T152120Z/layer_24/train/trial_0000/val_eval
wandb: updating run metadata
wandb: uploading output.log; uploading wandb-summary.json; uploading config.yaml
wandb: 
wandb: Run history:
wandb:          epoch ▁▁▁▂▂▂▂▂▃▃▃▃▃▃▃▄▄▄▄▄▅▅▅▅▅▆▆▆▆▇▇▇▇▇▇▇▇▇▇█
wandb: train_accuracy ▁▃▃▄▄▄▅▅▅▅▅▆▆▅▆▇▆▇▇▇▇▇▇▇▇▇▇▇▇▇█▇▇▇██████
wandb:     train_loss █▇▇▇▆▆▆▅▅▅▅▅▄▄▄▄▄▄▄▃▃▃▃▂▂▂▂▂▂▂▂▂▂▂▂▁▁▁▁▁
wandb:   val_accuracy ▃▁▃▃▂▅▆▇▆▇█▇▆██▇█▇█▇▇▇▇▇▇▇▇▆▇▇▇▆▆▇█▇▆▇▇▇
wandb:       val_loss █▇▆▆▆▃▃▃▂▂▂▁▂▁▁▁▁▂▂▂▃▂▃▃▃▃▄▄▄▄▄▄▄▄▅▅▅▅▆▆
wandb: 
wandb: Run summary:
wandb:           best_epoch 662
wandb:    best_val_accuracy 63.72549
wandb:        best_val_loss 0.67051
wandb: checkpoint_best_path artifacts/probes/int...
wandb: checkpoint_last_path artifacts/probes/int...
wandb:      checkpoint_path artifacts/probes/int...
wandb:              dataset intphys2
wandb:      elapsed_seconds 110.90299
wandb:                epoch 2000
wandb:    feature_signature 78346a9facde6609
wandb:                  +22 ...
wandb: 
wandb: 🚀 View run intphys2_linear_jepa_v1_vith16_384_layer_24/trial_0000 at: https://wandb.ai/caselli-niccolo-developer-university-of-amsterdam/probe4physics/runs/z54xl8ew
wandb: ⭐️ View project at: https://wandb.ai/caselli-niccolo-developer-university-of-amsterdam/probe4physics
wandb: Synced 5 W&B file(s), 0 media file(s), 0 artifact file(s) and 0 other file(s)
wandb: Find logs at: ./wandb/run-20260426_174159-z54xl8ew/logs
[I 2026-04-26 17:43:51,835] Trial 0 finished with value: 45.09803921568628 and parameters: {'lr': 0.0001329291894316216, 'weight_decay': 0.005061576888752304, 'batch_size': 32, 'epochs': 2000}. Best is trial 0 with value: 45.09803921568628.
wandb: setting up run jpucz2vh
wandb: Tracking run with wandb version 0.26.1
wandb: Run data is saved locally in /gpfs/home3/scur0511/Probe4Physics/wandb/run-20260426_174352-jpucz2vh
wandb: Run `wandb offline` to turn off syncing.
wandb: Syncing run intphys2_linear_jepa_v1_vith16_384_layer_24/trial_0001
wandb: ⭐️ View project at https://wandb.ai/caselli-niccolo-developer-university-of-amsterdam/probe4physics
wandb: 🚀 View run at https://wandb.ai/caselli-niccolo-developer-university-of-amsterdam/probe4physics/runs/jpucz2vh
[eval.intphys2] Starting eval | split_name=val split_dir=data/splits/intphys2 predictor_mode=from_file metadata_file=data/annotations/intphys2_metadata.csv
[eval.intphys2] Loaded split assignments | split_scenes=51 split_samples=204
[eval.intphys2] Generated predictions | n_predictions=204
[eval.intphys2] Scoring complete | accuracy=61.7647 voe_accuracy=47.0588 n_scenes=51 n_samples=204
[eval.intphys2] Artifacts written | output_dir=artifacts/probes/intphys2/intphys2_probe_linear_jepa_v1_vith16_384_20260426T152120Z/layer_24/train/trial_0001/val_eval
wandb: updating run metadata
wandb: uploading output.log; uploading wandb-summary.json; uploading config.yaml; uploading wandb-metadata.json; uploading requirements.txt
wandb: 
wandb: Run history:
wandb:          epoch ▁▁▁▁▁▂▂▂▂▂▂▃▃▃▃▃▃▃▃▄▄▄▅▅▅▅▅▆▆▆▆▆▆▆▆▇▇███
wandb: train_accuracy ▁▂▁▁▁▂▂▂▃▄▄▂▃▄▂▅▅▃▄▆▇▆▅▇▆▆▇▆▆▆▆▇▇█▆▆▇▇▅▆
wandb:     train_loss ██▇▇▅▅▅▅▄▄▄▅▄▅▄▄▃▄▄▃▄▃▃▃▃▂▂▂▂▂▂▂▃▂▂▃▂▂▂▁
wandb:   val_accuracy ▁▁▂▂▁▂▂▃▂▂▃▁▃▅▄▁▂▃▂▃▃▇▇▃█▆▅▇▅▂▄▃▆█▄▇▆▇▅▂
wandb:       val_loss █▂▂▂▂▂▂▂▁▂▁▂▂▂▁▁▁▂▂▁▁▁▁▁▁▁▁▁▁▁▁▁▂▁▁▁▁▁▁▁
wandb: 
wandb: Run summary:
wandb:           best_epoch 61
wandb:    best_val_accuracy 61.76471
wandb:        best_val_loss 0.67756
wandb: checkpoint_best_path artifacts/probes/int...
wandb: checkpoint_last_path artifacts/probes/int...
wandb:      checkpoint_path artifacts/probes/int...
wandb:              dataset intphys2
wandb:      elapsed_seconds 2.76986
wandb:                epoch 100
wandb:    feature_signature 78346a9facde6609
wandb:                  +22 ...
wandb: 
wandb: 🚀 View run intphys2_linear_jepa_v1_vith16_384_layer_24/trial_0001 at: https://wandb.ai/caselli-niccolo-developer-university-of-amsterdam/probe4physics/runs/jpucz2vh
wandb: ⭐️ View project at: https://wandb.ai/caselli-niccolo-developer-university-of-amsterdam/probe4physics
wandb: Synced 5 W&B file(s), 0 media file(s), 0 artifact file(s) and 0 other file(s)
wandb: Find logs at: ./wandb/run-20260426_174352-jpucz2vh/logs
[I 2026-04-26 17:43:55,614] Trial 1 finished with value: 47.05882352941176 and parameters: {'lr': 0.00314288089084011, 'weight_decay': 1.879466824163843e-07, 'batch_size': 256, 'epochs': 100}. Best is trial 1 with value: 47.05882352941176.
wandb: setting up run kg4xeavk
wandb: Tracking run with wandb version 0.26.1
wandb: Run data is saved locally in /gpfs/home3/scur0511/Probe4Physics/wandb/run-20260426_174355-kg4xeavk
wandb: Run `wandb offline` to turn off syncing.
wandb: Syncing run intphys2_linear_jepa_v1_vith16_384_layer_24/trial_0002
wandb: ⭐️ View project at https://wandb.ai/caselli-niccolo-developer-university-of-amsterdam/probe4physics
wandb: 🚀 View run at https://wandb.ai/caselli-niccolo-developer-university-of-amsterdam/probe4physics/runs/kg4xeavk
[eval.intphys2] Starting eval | split_name=val split_dir=data/splits/intphys2 predictor_mode=from_file metadata_file=data/annotations/intphys2_metadata.csv
[eval.intphys2] Loaded split assignments | split_scenes=51 split_samples=204
[eval.intphys2] Generated predictions | n_predictions=204
[eval.intphys2] Scoring complete | accuracy=63.2353 voe_accuracy=47.0588 n_scenes=51 n_samples=204
[eval.intphys2] Artifacts written | output_dir=artifacts/probes/intphys2/intphys2_probe_linear_jepa_v1_vith16_384_20260426T152120Z/layer_24/train/trial_0002/val_eval
wandb: uploading history steps 603-997, summary; updating run metadata
wandb: uploading output.log; uploading wandb-summary.json; uploading config.yaml
wandb: 
wandb: Run history:
wandb:          epoch ▁▁▁▁▂▂▂▂▂▂▃▄▄▄▄▄▅▅▅▅▅▅▅▅▅▅▆▆▆▆▆▆▆▆▆▇▇▇██
wandb: train_accuracy ▁▂▄▃▄▅▅▆▇▆▆▆▇▆▇▇▇▇▇▇▇▇▇▇▇▇▇█▇███████████
wandb:     train_loss █▇▇▇▇▇▇▇▆▆▆▆▅▅▅▅▅▅▄▄▄▄▃▃▃▃▃▃▂▂▂▂▂▂▁▁▁▁▁▁
wandb:   val_accuracy ▃▁▃▇▆▇▆▇▆▆▇▇▆▇▆▇▆▇▇▆▇█▇▇▅▇█▇████████▇▇▇▇
wandb:       val_loss █▇▇▆▆▅▄▄▃▃▃▃▃▃▃▃▂▂▂▂▁▁▂▂▁▁▁▁▁▁▁▁▁▁▁▁▁▁▁▁
wandb: 
wandb: Run summary:
wandb:           best_epoch 915
wandb:    best_val_accuracy 63.23529
wandb:        best_val_loss 0.66991
wandb: checkpoint_best_path artifacts/probes/int...
wandb: checkpoint_last_path artifacts/probes/int...
wandb:      checkpoint_path artifacts/probes/int...
wandb:              dataset intphys2
wandb:      elapsed_seconds 30.97795
wandb:                epoch 1000
wandb:    feature_signature 78346a9facde6609
wandb:                  +22 ...
wandb: 
wandb: 🚀 View run intphys2_linear_jepa_v1_vith16_384_layer_24/trial_0002 at: https://wandb.ai/caselli-niccolo-developer-university-of-amsterdam/probe4physics/runs/kg4xeavk
wandb: ⭐️ View project at: https://wandb.ai/caselli-niccolo-developer-university-of-amsterdam/probe4physics
wandb: Synced 5 W&B file(s), 0 media file(s), 0 artifact file(s) and 0 other file(s)
wandb: Find logs at: ./wandb/run-20260426_174355-kg4xeavk/logs
[I 2026-04-26 17:44:27,771] Trial 2 finished with value: 47.05882352941176 and parameters: {'lr': 0.00023345864076016249, 'weight_decay': 0.0005141096648805752, 'batch_size': 128, 'epochs': 1000}. Best is trial 1 with value: 47.05882352941176.
wandb: setting up run rczdq0sj
wandb: Tracking run with wandb version 0.26.1
wandb: Run data is saved locally in /gpfs/home3/scur0511/Probe4Physics/wandb/run-20260426_174428-rczdq0sj
wandb: Run `wandb offline` to turn off syncing.
wandb: Syncing run intphys2_linear_jepa_v1_vith16_384_layer_24/trial_0003
wandb: ⭐️ View project at https://wandb.ai/caselli-niccolo-developer-university-of-amsterdam/probe4physics
wandb: 🚀 View run at https://wandb.ai/caselli-niccolo-developer-university-of-amsterdam/probe4physics/runs/rczdq0sj
[eval.intphys2] Starting eval | split_name=val split_dir=data/splits/intphys2 predictor_mode=from_file metadata_file=data/annotations/intphys2_metadata.csv
[eval.intphys2] Loaded split assignments | split_scenes=51 split_samples=204
[eval.intphys2] Generated predictions | n_predictions=204
[eval.intphys2] Scoring complete | accuracy=55.8824 voe_accuracy=27.4510 n_scenes=51 n_samples=204
[eval.intphys2] Artifacts written | output_dir=artifacts/probes/intphys2/intphys2_probe_linear_jepa_v1_vith16_384_20260426T152120Z/layer_24/train/trial_0003/val_eval
wandb: updating run metadata
wandb: uploading wandb-metadata.json; uploading requirements.txt; uploading output.log; uploading wandb-summary.json; uploading config.yaml
wandb: 
wandb: Run history:
wandb:          epoch ▁▁▁▁▂▂▂▂▂▂▃▃▃▃▃▄▄▄▄▄▅▅▅▅▅▅▆▆▆▆▆▇▇▇▇▇▇███
wandb: train_accuracy ▂▄▃▃▃▃▂▄▄▂▃▂▂▁▅▄▅▃▃▃▄▅▄▄▆▅▄▅▅▅▅▆▆▆▆███▇▇
wandb:     train_loss █▇▅▅▅▄▄▄▄▄▃▃▄▄▃▃▄▄▃▂▂▃▂▂▂▃▂▂▂▃▁▂▁▂▁▁▁▁▁▂
wandb:   val_accuracy ▂▂▂▂▃▂▃▃▄▄▄▁█▃▃▅▃▅▃▆▅▅▃▃▅▁▇▆▅▃▅▆▅▂▄▆▄▃▆▆
wandb:       val_loss ██▇▆▆▅▅▅▅▄▄▄▄▄▄▄▃▄▃▃▂▂▂▂▂▂▂▂▂▂▂▂▁▁▁▁▁▁▁▂
wandb: 
wandb: Run summary:
wandb:           best_epoch 16
wandb:    best_val_accuracy 55.88235
wandb:        best_val_loss 0.6936
wandb: checkpoint_best_path artifacts/probes/int...
wandb: checkpoint_last_path artifacts/probes/int...
wandb:      checkpoint_path artifacts/probes/int...
wandb:              dataset intphys2
wandb:      elapsed_seconds 2.32649
wandb:                epoch 50
wandb:    feature_signature 78346a9facde6609
wandb:                  +22 ...
wandb: 
wandb: 🚀 View run intphys2_linear_jepa_v1_vith16_384_layer_24/trial_0003 at: https://wandb.ai/caselli-niccolo-developer-university-of-amsterdam/probe4physics/runs/rczdq0sj
wandb: ⭐️ View project at: https://wandb.ai/caselli-niccolo-developer-university-of-amsterdam/probe4physics
wandb: Synced 5 W&B file(s), 0 media file(s), 0 artifact file(s) and 0 other file(s)
wandb: Find logs at: ./wandb/run-20260426_174428-rczdq0sj/logs
[I 2026-04-26 17:44:31,097] Trial 3 finished with value: 27.450980392156865 and parameters: {'lr': 8.200518402245828e-05, 'weight_decay': 3.855073690026179e-08, 'batch_size': 32, 'epochs': 50}. Best is trial 1 with value: 47.05882352941176.
wandb: setting up run hlu2sdme
wandb: Tracking run with wandb version 0.26.1
wandb: Run data is saved locally in /gpfs/home3/scur0511/Probe4Physics/wandb/run-20260426_174431-hlu2sdme
wandb: Run `wandb offline` to turn off syncing.
wandb: Syncing run intphys2_linear_jepa_v1_vith16_384_layer_24/trial_0004
wandb: ⭐️ View project at https://wandb.ai/caselli-niccolo-developer-university-of-amsterdam/probe4physics
wandb: 🚀 View run at https://wandb.ai/caselli-niccolo-developer-university-of-amsterdam/probe4physics/runs/hlu2sdme
[eval.intphys2] Starting eval | split_name=val split_dir=data/splits/intphys2 predictor_mode=from_file metadata_file=data/annotations/intphys2_metadata.csv
[eval.intphys2] Loaded split assignments | split_scenes=51 split_samples=204
[eval.intphys2] Generated predictions | n_predictions=204
[eval.intphys2] Scoring complete | accuracy=58.8235 voe_accuracy=47.0588 n_scenes=51 n_samples=204
[eval.intphys2] Artifacts written | output_dir=artifacts/probes/intphys2/intphys2_probe_linear_jepa_v1_vith16_384_20260426T152120Z/layer_24/train/trial_0004/val_eval
wandb: updating run metadata
wandb: uploading wandb-metadata.json; uploading requirements.txt; uploading output.log; uploading wandb-summary.json; uploading config.yaml
wandb: 
wandb: Run history:
wandb:          epoch ▁▁▁▁▂▂▂▂▂▂▃▃▃▃▃▄▄▄▄▄▄▅▅▅▅▅▅▆▆▆▆▆▇▇▇▇▇███
wandb: train_accuracy ▁▂▃▂▂▄▄▃▃▂▃▄▄▅▄▄▃▅▅▅▆▄▅▄▅▅▄▇▄▆█▆▅▅▅▄▇▆▇▇
wandb:     train_loss █▄▄▄▄▃▄▄▄▄▃▃▃▃▃▃▄▄▃▂▄▄▃▂▃▄▂▂▂▃▂▂▂▂▂▃▁▁▁▁
wandb:   val_accuracy ▂▂▂▅▂▂▄▂▁▆▆▅▂▁▅▃▂▁▅▄▃▂▄▆▄█▆▂▅▂▆▂▃█▂▇▇▇▆▅
wandb:       val_loss ▅▄▃▄▃▃▃▃▄▃▃▂▅▃▃▂█▃▂▃▂▅▃▂▂▂▂▄▁▂▃▂▂▁▂▁▂▂▁▁
wandb: 
wandb: Run summary:
wandb:           best_epoch 33
wandb:    best_val_accuracy 58.82353
wandb:        best_val_loss 0.68502
wandb: checkpoint_best_path artifacts/probes/int...
wandb: checkpoint_last_path artifacts/probes/int...
wandb:      checkpoint_path artifacts/probes/int...
wandb:              dataset intphys2
wandb:      elapsed_seconds 2.21086
wandb:                epoch 50
wandb:    feature_signature 78346a9facde6609
wandb:                  +22 ...
wandb: 
wandb: 🚀 View run intphys2_linear_jepa_v1_vith16_384_layer_24/trial_0004 at: https://wandb.ai/caselli-niccolo-developer-university-of-amsterdam/probe4physics/runs/hlu2sdme
wandb: ⭐️ View project at: https://wandb.ai/caselli-niccolo-developer-university-of-amsterdam/probe4physics
wandb: Synced 5 W&B file(s), 0 media file(s), 0 artifact file(s) and 0 other file(s)
wandb: Find logs at: ./wandb/run-20260426_174431-hlu2sdme/logs
[I 2026-04-26 17:44:34,351] Trial 4 finished with value: 47.05882352941176 and parameters: {'lr': 0.00043664735929796326, 'weight_decay': 1.2856617791467908e-07, 'batch_size': 32, 'epochs': 50}. Best is trial 1 with value: 47.05882352941176.
wandb: setting up run tpntbddt
wandb: Tracking run with wandb version 0.26.1
wandb: Run data is saved locally in /gpfs/home3/scur0511/Probe4Physics/wandb/run-20260426_174434-tpntbddt
wandb: Run `wandb offline` to turn off syncing.
wandb: Syncing run intphys2_linear_jepa_v1_vith16_384_layer_24/trial_0005
wandb: ⭐️ View project at https://wandb.ai/caselli-niccolo-developer-university-of-amsterdam/probe4physics
wandb: 🚀 View run at https://wandb.ai/caselli-niccolo-developer-university-of-amsterdam/probe4physics/runs/tpntbddt
[eval.intphys2] Starting eval | split_name=val split_dir=data/splits/intphys2 predictor_mode=from_file metadata_file=data/annotations/intphys2_metadata.csv
[eval.intphys2] Loaded split assignments | split_scenes=51 split_samples=204
[eval.intphys2] Generated predictions | n_predictions=204
[eval.intphys2] Scoring complete | accuracy=64.2157 voe_accuracy=47.0588 n_scenes=51 n_samples=204
[eval.intphys2] Artifacts written | output_dir=artifacts/probes/intphys2/intphys2_probe_linear_jepa_v1_vith16_384_20260426T152120Z/layer_24/train/trial_0005/val_eval
wandb: updating run metadata
wandb: uploading output.log; uploading wandb-summary.json; uploading config.yaml
wandb: 
wandb: Run history:
wandb:          epoch ▁▁▁▁▁▁▂▂▂▂▂▃▃▃▃▃▄▄▄▄▅▅▅▅▅▆▆▆▆▆▆▇▇▇▇▇████
wandb: train_accuracy ▁▁▁▁▁▃▃▄▄▃▅▄▄▃▄▆▆▆▅▆▆▇▆▆▇▇▇▇▇▇▆▇▆▇▆▇█▆██
wandb:     train_loss ███▇▇▇▆▆▆▆▆▆▆▅▅▄▄▄▄▄▄▃▃▃▂▂▂▂▂▂▂▂▂▂▂▂▁▁▁▁
wandb:   val_accuracy ▁▂▂▂▂▂▃▂▃▃▄▅▂▇▅▅▆▇▅▇▇▇█▇▇▇▇█▇█▇██▇█▇▇▇▇█
wandb:       val_loss ██▇▇▇▇▇▆▆▆▆▅▅▆▅▄▄▄▃▃▂▂▂▃▂▂▂▂▂▂▂▂▁▁▁▁▁▁▁▁
wandb: 
wandb: Run summary:
wandb:           best_epoch 470
wandb:    best_val_accuracy 64.21568
wandb:        best_val_loss 0.67101
wandb: checkpoint_best_path artifacts/probes/int...
wandb: checkpoint_last_path artifacts/probes/int...
wandb:      checkpoint_path artifacts/probes/int...
wandb:              dataset intphys2
wandb:      elapsed_seconds 17.15467
wandb:                epoch 500
wandb:    feature_signature 78346a9facde6609
wandb:                  +22 ...
wandb: 
wandb: 🚀 View run intphys2_linear_jepa_v1_vith16_384_layer_24/trial_0005 at: https://wandb.ai/caselli-niccolo-developer-university-of-amsterdam/probe4physics/runs/tpntbddt
wandb: ⭐️ View project at: https://wandb.ai/caselli-niccolo-developer-university-of-amsterdam/probe4physics
wandb: Synced 5 W&B file(s), 0 media file(s), 0 artifact file(s) and 0 other file(s)
wandb: Find logs at: ./wandb/run-20260426_174434-tpntbddt/logs
[I 2026-04-26 17:44:52,647] Trial 5 finished with value: 47.05882352941176 and parameters: {'lr': 0.00014656553886225324, 'weight_decay': 4.247116662617142e-07, 'batch_size': 32, 'epochs': 500}. Best is trial 1 with value: 47.05882352941176.
wandb: setting up run 7ofwt24s
wandb: Tracking run with wandb version 0.26.1
wandb: Run data is saved locally in /gpfs/home3/scur0511/Probe4Physics/wandb/run-20260426_174452-7ofwt24s
wandb: Run `wandb offline` to turn off syncing.
wandb: Syncing run intphys2_linear_jepa_v1_vith16_384_layer_24/trial_0006
wandb: ⭐️ View project at https://wandb.ai/caselli-niccolo-developer-university-of-amsterdam/probe4physics
wandb: 🚀 View run at https://wandb.ai/caselli-niccolo-developer-university-of-amsterdam/probe4physics/runs/7ofwt24s
wandb: updating run metadata
wandb: uploading wandb-summary.json; uploading config.yaml; uploading wandb-metadata.json; uploading requirements.txt
wandb: 
wandb: Run history:
wandb:          epoch ▁▁▁▁▁▂▂▂▂▂▃▃▃▃▃▃▃▄▄▄▅▅▅▅▅▅▅▅▆▆▆▇▇▇▇▇████
wandb: train_accuracy ▃▁▃▂▃▃▃▂▃▃▄▅▆▄▄▇▆▅▃▃▆▆▇▅▆▆▆▆▃▅▅▆▅▆▃▆▄▃██
wandb:     train_loss ▇█▇▆▇▆▆▅▆▆▆▄▄▄▃▄▃▄▄▃▄▃▂▂▃▁▃▂▂▂▁▃▂▂▂▂▂▂▂▁
wandb:   val_accuracy ▅▁▄▄▅▇▅▅█▇▇▇▇▇▇▅▅▅▇▅▄▅▄▄▄█▅▅▅▄▅▅▄▅▅▇▇▇▅▅
wandb:       val_loss █▇▆▆▆▅▅▄▄▄▄▄▄▄▄▃▃▃▃▃▃▃▃▂▂▂▂▂▂▂▂▂▂▂▂▁▁▁▁▁
wandb: 
wandb: Run summary:
wandb:          epoch 100
wandb: train_accuracy 51.49007
wandb:     train_loss 0.6943
wandb:   val_accuracy 51.47059
wandb:       val_loss 0.69564
wandb: 
wandb: 🚀 View run intphys2_linear_jepa_v1_vith16_384_layer_24/trial_0006 at: https://wandb.ai/caselli-niccolo-developer-university-of-amsterdam/probe4physics/runs/7ofwt24s
wandb: ⭐️ View project at: https://wandb.ai/caselli-niccolo-developer-university-of-amsterdam/probe4physics
wandb: Synced 4 W&B file(s), 0 media file(s), 0 artifact file(s) and 0 other file(s)
wandb: Find logs at: ./wandb/run-20260426_174452-7ofwt24s/logs
[I 2026-04-26 17:44:56,469] Trial 6 pruned. Pruned at epoch 100 with val_accuracy=51.4706
wandb: setting up run gu4bxyf5
wandb: Tracking run with wandb version 0.26.1
wandb: Run data is saved locally in /gpfs/home3/scur0511/Probe4Physics/wandb/run-20260426_174456-gu4bxyf5
wandb: Run `wandb offline` to turn off syncing.
wandb: Syncing run intphys2_linear_jepa_v1_vith16_384_layer_24/trial_0007
wandb: ⭐️ View project at https://wandb.ai/caselli-niccolo-developer-university-of-amsterdam/probe4physics
wandb: 🚀 View run at https://wandb.ai/caselli-niccolo-developer-university-of-amsterdam/probe4physics/runs/gu4bxyf5
wandb: updating run metadata
wandb: uploading wandb-metadata.json; uploading requirements.txt; uploading wandb-summary.json; uploading config.yaml
wandb: 
wandb: Run history:
wandb:          epoch ▁▁▂▂▂▂▂▂▂▃▃▃▃▃▃▃▃▄▄▄▄▄▅▅▅▅▅▅▆▆▆▇▇▇▇▇▇▇██
wandb: train_accuracy ▂▁▂▂▁▁▁▁▁▂▂▃▃▂▃▃▄▄▄▄▃▄▆▅▆▅▆▆▆▆█▇▇▇▇█▇▆█▇
wandb:     train_loss █▅▃▃▃▂▃▃▂▂▂▂▂▂▂▂▂▂▂▂▂▂▂▂▂▂▁▁▂▁▁▁▁▁▁▁▁▁▁▁
wandb:   val_accuracy ▂▁▂▂▂▁▂▁▂▂▂▃▄▃▆▁▄▄▄▄▅▄▄▅▃▇▆▄▄▆▃▄█▆▆█▇█▇▆
wandb:       val_loss █▄▃▃▂▂▂▂▂▂▂▂▂▂▂▁▁▁▁▁▁▁▁▁▁▁▁▁▁▁▁▁▁▁▁▁▁▁▁▁
wandb: 
wandb: Run summary:
wandb:          epoch 100
wandb: train_accuracy 55.13245
wandb:     train_loss 0.68749
wandb:   val_accuracy 51.47059
wandb:       val_loss 0.6909
wandb: 
wandb: 🚀 View run intphys2_linear_jepa_v1_vith16_384_layer_24/trial_0007 at: https://wandb.ai/caselli-niccolo-developer-university-of-amsterdam/probe4physics/runs/gu4bxyf5
wandb: ⭐️ View project at: https://wandb.ai/caselli-niccolo-developer-university-of-amsterdam/probe4physics
wandb: Synced 4 W&B file(s), 0 media file(s), 0 artifact file(s) and 0 other file(s)
wandb: Find logs at: ./wandb/run-20260426_174456-gu4bxyf5/logs
[I 2026-04-26 17:45:00,228] Trial 7 pruned. Pruned at epoch 100 with val_accuracy=51.4706
wandb: setting up run g6kd1jo4
wandb: Tracking run with wandb version 0.26.1
wandb: Run data is saved locally in /gpfs/home3/scur0511/Probe4Physics/wandb/run-20260426_174500-g6kd1jo4
wandb: Run `wandb offline` to turn off syncing.
wandb: Syncing run intphys2_linear_jepa_v1_vith16_384_layer_24/trial_0008
wandb: ⭐️ View project at https://wandb.ai/caselli-niccolo-developer-university-of-amsterdam/probe4physics
wandb: 🚀 View run at https://wandb.ai/caselli-niccolo-developer-university-of-amsterdam/probe4physics/runs/g6kd1jo4
[eval.intphys2] Starting eval | split_name=val split_dir=data/splits/intphys2 predictor_mode=from_file metadata_file=data/annotations/intphys2_metadata.csv
[eval.intphys2] Loaded split assignments | split_scenes=51 split_samples=204
[eval.intphys2] Generated predictions | n_predictions=204
[eval.intphys2] Scoring complete | accuracy=58.3333 voe_accuracy=41.1765 n_scenes=51 n_samples=204
[eval.intphys2] Artifacts written | output_dir=artifacts/probes/intphys2/intphys2_probe_linear_jepa_v1_vith16_384_20260426T152120Z/layer_24/train/trial_0008/val_eval
wandb: updating run metadata
wandb: uploading requirements.txt; uploading output.log; uploading wandb-summary.json; uploading config.yaml; uploading wandb-metadata.json
wandb: 
wandb: Run history:
wandb:          epoch ▁▁▁▁▁▂▂▂▂▂▃▃▃▃▃▄▄▄▄▄▅▅▅▅▅▆▆▆▆▆▇▇▇▇▇▇████
wandb: train_accuracy ▁▁▂▁▁▂▂▂▂▂▂▃▃▂▂▄▄▄▄▄▃▄▄▅▅▇▆▇▇▅▇▅▆▅▇▅▇█▇▆
wandb:     train_loss █▅▆▄▅▄▄▄▄▄▃▃▃▃▃▃▃▃▃▃▂▂▂▃▂▂▂▂▂▂▂▁▂▂▂▂▁▁▁▁
wandb:   val_accuracy ▁▂▂▂▂▄▃▄▄▃▂▂▃▅▃▁▆▂▂▅▂▆▆▅▆▇▅▆▆▆▅▄▄▆▇▆█▂▃▇
wandb:       val_loss █▆▅▄▄▄▄▃▃▄▃▄▃▃▃▃▃▃▂▂▂▂▂▂▂▂▂▂▂▁▂▂▁▁▁▂▁▁▁▁
wandb: 
wandb: Run summary:
wandb:           best_epoch 98
wandb:    best_val_accuracy 58.33333
wandb:        best_val_loss 0.68546
wandb: checkpoint_best_path artifacts/probes/int...
wandb: checkpoint_last_path artifacts/probes/int...
wandb:      checkpoint_path artifacts/probes/int...
wandb:              dataset intphys2
wandb:      elapsed_seconds 2.93623
wandb:                epoch 100
wandb:    feature_signature 78346a9facde6609
wandb:                  +22 ...
wandb: 
wandb: 🚀 View run intphys2_linear_jepa_v1_vith16_384_layer_24/trial_0008 at: https://wandb.ai/caselli-niccolo-developer-university-of-amsterdam/probe4physics/runs/g6kd1jo4
wandb: ⭐️ View project at: https://wandb.ai/caselli-niccolo-developer-university-of-amsterdam/probe4physics
wandb: Synced 5 W&B file(s), 0 media file(s), 0 artifact file(s) and 0 other file(s)
wandb: Find logs at: ./wandb/run-20260426_174500-g6kd1jo4/logs
[I 2026-04-26 17:45:04,240] Trial 8 finished with value: 41.17647058823529 and parameters: {'lr': 0.0003699972431463808, 'weight_decay': 3.6749049453053196e-06, 'batch_size': 256, 'epochs': 100}. Best is trial 1 with value: 47.05882352941176.
wandb: setting up run bh899d53
wandb: Tracking run with wandb version 0.26.1
wandb: Run data is saved locally in /gpfs/home3/scur0511/Probe4Physics/wandb/run-20260426_174504-bh899d53
wandb: Run `wandb offline` to turn off syncing.
wandb: Syncing run intphys2_linear_jepa_v1_vith16_384_layer_24/trial_0009
wandb: ⭐️ View project at https://wandb.ai/caselli-niccolo-developer-university-of-amsterdam/probe4physics
wandb: 🚀 View run at https://wandb.ai/caselli-niccolo-developer-university-of-amsterdam/probe4physics/runs/bh899d53
wandb: updating run metadata
wandb: uploading wandb-summary.json; uploading config.yaml; uploading wandb-metadata.json; uploading requirements.txt
wandb: 
wandb: Run history:
wandb:          epoch ▁▁▁▂▂▂▂▂▂▂▃▃▃▃▃▄▄▄▄▄▄▅▅▅▅▆▆▆▆▆▇▇▇▇▇█████
wandb: train_accuracy ▁▃▂▂▂▁▁▁▁▂▂▂▂▂▂▂▂▃▄▃▄▅▄▄▆▄▃▃▅▆▆▆▆▆▅█▆▆▅▅
wandb:     train_loss █▆▄▄▄▃▃▃▃▃▃▃▂▂▂▂▂▂▂▂▂▂▂▂▁▁▂▂▂▁▁▂▁▁▁▁▁▁▁▁
wandb:   val_accuracy ▅▇▅▂▂▆▇█▅▅▃▃▄▄▂▄▂▁▂▂▂▅▆▇▃▇▆▇▆▇▇▃▆▇▆▇▅▄▆▅
wandb:       val_loss █▄▃▂▂▂▂▂▂▂▂▂▂▂▂▂▂▂▂▂▂▂▁▁▁▁▁▁▁▁▁▁▁▁▁▁▁▁▁▁
wandb: 
wandb: Run summary:
wandb:          epoch 100
wandb: train_accuracy 52.31788
wandb:     train_loss 0.69212
wandb:   val_accuracy 53.43137
wandb:       val_loss 0.6929
wandb: 
wandb: 🚀 View run intphys2_linear_jepa_v1_vith16_384_layer_24/trial_0009 at: https://wandb.ai/caselli-niccolo-developer-university-of-amsterdam/probe4physics/runs/bh899d53
wandb: ⭐️ View project at: https://wandb.ai/caselli-niccolo-developer-university-of-amsterdam/probe4physics
wandb: Synced 4 W&B file(s), 0 media file(s), 0 artifact file(s) and 0 other file(s)
wandb: Find logs at: ./wandb/run-20260426_174504-bh899d53/logs
[I 2026-04-26 17:45:08,093] Trial 9 pruned. Pruned at epoch 100 with val_accuracy=53.4314
wandb: setting up run qzzld7a4
wandb: Tracking run with wandb version 0.26.1
wandb: Run data is saved locally in /gpfs/home3/scur0511/Probe4Physics/wandb/run-20260426_174508-qzzld7a4
wandb: Run `wandb offline` to turn off syncing.
wandb: Syncing run intphys2_linear_jepa_v1_vith16_384_layer_24/trial_0010
wandb: ⭐️ View project at https://wandb.ai/caselli-niccolo-developer-university-of-amsterdam/probe4physics
wandb: 🚀 View run at https://wandb.ai/caselli-niccolo-developer-university-of-amsterdam/probe4physics/runs/qzzld7a4
[eval.intphys2] Starting eval | split_name=val split_dir=data/splits/intphys2 predictor_mode=from_file metadata_file=data/annotations/intphys2_metadata.csv
[eval.intphys2] Loaded split assignments | split_scenes=51 split_samples=204
[eval.intphys2] Generated predictions | n_predictions=204
[eval.intphys2] Scoring complete | accuracy=55.8824 voe_accuracy=43.1373 n_scenes=51 n_samples=204
[eval.intphys2] Artifacts written | output_dir=artifacts/probes/intphys2/intphys2_probe_linear_jepa_v1_vith16_384_20260426T152120Z/layer_24/train/trial_0010/val_eval
wandb: updating run metadata
wandb: uploading history steps 0-19, summary, console lines 0-4
wandb: 
wandb: Run history:
wandb:          epoch ▁▁▂▂▂▃▃▄▄▄▅▅▅▆▆▇▇▇██
wandb: train_accuracy ▁▂▄▂▂▁▂▂▆▃▃▃▃▄▆▇█▇▆▆
wandb:     train_loss █▇▃▄▃▂▂▂▁▁▂▁▁▁▁▁▁▁▁▁
wandb:   val_accuracy ▁▁▁▁▁▁▂▁▁▂▂▁▂▄█▅▅▅▇▇
wandb:       val_loss ▅▂█▃▂▄▂▁▂▂▁▂▁▁▁▁▁▁▁▁
wandb: 
wandb: Run summary:
wandb:           best_epoch 15
wandb:    best_val_accuracy 55.88235
wandb:        best_val_loss 0.68924
wandb: checkpoint_best_path artifacts/probes/int...
wandb: checkpoint_last_path artifacts/probes/int...
wandb:      checkpoint_path artifacts/probes/int...
wandb:              dataset intphys2
wandb:      elapsed_seconds 1.28539
wandb:                epoch 20
wandb:    feature_signature 78346a9facde6609
wandb:                  +22 ...
wandb: 
wandb: 🚀 View run intphys2_linear_jepa_v1_vith16_384_layer_24/trial_0010 at: https://wandb.ai/caselli-niccolo-developer-university-of-amsterdam/probe4physics/runs/qzzld7a4
wandb: ⭐️ View project at: https://wandb.ai/caselli-niccolo-developer-university-of-amsterdam/probe4physics
wandb: Synced 5 W&B file(s), 0 media file(s), 0 artifact file(s) and 0 other file(s)
wandb: Find logs at: ./wandb/run-20260426_174508-qzzld7a4/logs
[I 2026-04-26 17:45:10,663] Trial 10 finished with value: 43.13725490196079 and parameters: {'lr': 0.006755637894650911, 'weight_decay': 2.5285011481292255e-05, 'batch_size': 256, 'epochs': 20}. Best is trial 1 with value: 47.05882352941176.
wandb: setting up run hgxfxcif
wandb: Tracking run with wandb version 0.26.1
wandb: Run data is saved locally in /gpfs/home3/scur0511/Probe4Physics/wandb/run-20260426_174510-hgxfxcif
wandb: Run `wandb offline` to turn off syncing.
wandb: Syncing run intphys2_linear_jepa_v1_vith16_384_layer_24/trial_0011
wandb: ⭐️ View project at https://wandb.ai/caselli-niccolo-developer-university-of-amsterdam/probe4physics
wandb: 🚀 View run at https://wandb.ai/caselli-niccolo-developer-university-of-amsterdam/probe4physics/runs/hgxfxcif
[eval.intphys2] Starting eval | split_name=val split_dir=data/splits/intphys2 predictor_mode=from_file metadata_file=data/annotations/intphys2_metadata.csv
[eval.intphys2] Loaded split assignments | split_scenes=51 split_samples=204
[eval.intphys2] Generated predictions | n_predictions=204
[eval.intphys2] Scoring complete | accuracy=63.2353 voe_accuracy=49.0196 n_scenes=51 n_samples=204
[eval.intphys2] Artifacts written | output_dir=artifacts/probes/intphys2/intphys2_probe_linear_jepa_v1_vith16_384_20260426T152120Z/layer_24/train/trial_0011/val_eval
wandb: updating run metadata
wandb: uploading wandb-metadata.json; uploading requirements.txt; uploading output.log; uploading wandb-summary.json; uploading config.yaml
wandb: uploading history steps 0-99, summary, console lines 0-4
wandb: 
wandb: Run history:
wandb:          epoch ▁▁▁▁▁▂▂▂▂▂▂▂▃▃▃▃▃▃▄▄▄▄▄▅▅▅▆▆▆▆▆▆▆▇▇▇▇▇██
wandb: train_accuracy ▂▁▂▃▄▄▄▂▂▂▅▆▆▄▃▅▃▅▅▇▄▄▄▅▆▆▅▇▆▇▅▅▇██▇▄▇▆█
wandb:     train_loss █▇▅▅▅▄▅▄▄▄▃▃▃▃▄▅▃▃▃▃▃▂▃▃▂▄▂▂▂▂▂▂▃▁▂▂▁▁▂▁
wandb:   val_accuracy ▁▃▃▁▂▃▃▄▃▂▄▅▁▁▅▄▄█▅▄▃▇▄▆▆▁▁▆▄▃▆▇▇▇▆▇▇▄▆▆
wandb:       val_loss ▄▃▃▃▄▃▂▃▆█▂▃▂▄▂▃▅▃▂▂▂▄▆█▂▂▂▃▂▂▁▁▁▂▂▇▁▄▁▁
wandb: 
wandb: Run summary:
wandb:           best_epoch 48
wandb:    best_val_accuracy 63.23529
wandb:        best_val_loss 0.67844
wandb: checkpoint_best_path artifacts/probes/int...
wandb: checkpoint_last_path artifacts/probes/int...
wandb:      checkpoint_path artifacts/probes/int...
wandb:              dataset intphys2
wandb:      elapsed_seconds 3.33116
wandb:                epoch 100
wandb:    feature_signature 78346a9facde6609
wandb:                  +22 ...
wandb: 
wandb: 🚀 View run intphys2_linear_jepa_v1_vith16_384_layer_24/trial_0011 at: https://wandb.ai/caselli-niccolo-developer-university-of-amsterdam/probe4physics/runs/hgxfxcif
wandb: ⭐️ View project at: https://wandb.ai/caselli-niccolo-developer-university-of-amsterdam/probe4physics
wandb: Synced 5 W&B file(s), 0 media file(s), 0 artifact file(s) and 0 other file(s)
wandb: Find logs at: ./wandb/run-20260426_174510-hgxfxcif/logs
[I 2026-04-26 17:45:15,373] Trial 11 finished with value: 49.01960784313725 and parameters: {'lr': 0.002216476552485099, 'weight_decay': 5.991763284171463e-05, 'batch_size': 64, 'epochs': 100}. Best is trial 11 with value: 49.01960784313725.
wandb: setting up run hmqb775u
wandb: Tracking run with wandb version 0.26.1
wandb: Run data is saved locally in /gpfs/home3/scur0511/Probe4Physics/wandb/run-20260426_174515-hmqb775u
wandb: Run `wandb offline` to turn off syncing.
wandb: Syncing run intphys2_linear_jepa_v1_vith16_384_layer_24/trial_0012
wandb: ⭐️ View project at https://wandb.ai/caselli-niccolo-developer-university-of-amsterdam/probe4physics
wandb: 🚀 View run at https://wandb.ai/caselli-niccolo-developer-university-of-amsterdam/probe4physics/runs/hmqb775u
[eval.intphys2] Starting eval | split_name=val split_dir=data/splits/intphys2 predictor_mode=from_file metadata_file=data/annotations/intphys2_metadata.csv
[eval.intphys2] Loaded split assignments | split_scenes=51 split_samples=204
[eval.intphys2] Generated predictions | n_predictions=204
[eval.intphys2] Scoring complete | accuracy=63.7255 voe_accuracy=49.0196 n_scenes=51 n_samples=204
[eval.intphys2] Artifacts written | output_dir=artifacts/probes/intphys2/intphys2_probe_linear_jepa_v1_vith16_384_20260426T152120Z/layer_24/train/trial_0012/val_eval
wandb: updating run metadata
wandb: uploading output.log; uploading wandb-summary.json; uploading config.yaml; uploading wandb-metadata.json; uploading requirements.txt
wandb: 
wandb: Run history:
wandb:          epoch ▁▁▁▁▁▂▂▂▂▂▂▂▂▃▃▃▃▄▄▄▄▄▄▄▄▅▅▅▅▆▆▆▆▇▇▇▇▇██
wandb: train_accuracy ▁▁▂▁▂▂▂▄▄▅▄▃▁▃▅▃▄▄▄▅▅▄▄▃▃▅▅▅▅▆▄█▆▆▇▇▆█▇▆
wandb:     train_loss █▅▅▄▄▃▃▄▃▃▃▃▃▄▄▂▃▃▃▂▃▄▃▃▂▂▂▂▃▁▂▂▂▂▁▃▂▁▂▂
wandb:   val_accuracy ▁▁▁▁▂▄▁▂▁▄▂▂▃▅▂▇▄▅▅▅▃▄▃▆█▅▆▇▆▄█▄█▆▆▄▂▅▆█
wandb:       val_loss ▆▂▂▃▂▂▃▅▂▂▁▂▂█▁▂▂▅▁▂█▃▁▂▂▄▂▁▂▁▃▂▁▃▃▁▁▃▆▅
wandb: 
wandb: Run summary:
wandb:           best_epoch 85
wandb:    best_val_accuracy 63.72549
wandb:        best_val_loss 0.68385
wandb: checkpoint_best_path artifacts/probes/int...
wandb: checkpoint_last_path artifacts/probes/int...
wandb:      checkpoint_path artifacts/probes/int...
wandb:              dataset intphys2
wandb:      elapsed_seconds 3.30026
wandb:                epoch 100
wandb:    feature_signature 78346a9facde6609
wandb:                  +22 ...
wandb: 
wandb: 🚀 View run intphys2_linear_jepa_v1_vith16_384_layer_24/trial_0012 at: https://wandb.ai/caselli-niccolo-developer-university-of-amsterdam/probe4physics/runs/hmqb775u
wandb: ⭐️ View project at: https://wandb.ai/caselli-niccolo-developer-university-of-amsterdam/probe4physics
wandb: Synced 5 W&B file(s), 0 media file(s), 0 artifact file(s) and 0 other file(s)
wandb: Find logs at: ./wandb/run-20260426_174515-hmqb775u/logs
[I 2026-04-26 17:45:19,823] Trial 12 finished with value: 49.01960784313725 and parameters: {'lr': 0.003953756843056614, 'weight_decay': 4.220222694850242e-05, 'batch_size': 64, 'epochs': 100}. Best is trial 11 with value: 49.01960784313725.
wandb: setting up run i6hzhk5r
wandb: Tracking run with wandb version 0.26.1
wandb: Run data is saved locally in /gpfs/home3/scur0511/Probe4Physics/wandb/run-20260426_174520-i6hzhk5r
wandb: Run `wandb offline` to turn off syncing.
wandb: Syncing run intphys2_linear_jepa_v1_vith16_384_layer_24/trial_0013
wandb: ⭐️ View project at https://wandb.ai/caselli-niccolo-developer-university-of-amsterdam/probe4physics
wandb: 🚀 View run at https://wandb.ai/caselli-niccolo-developer-university-of-amsterdam/probe4physics/runs/i6hzhk5r
[eval.intphys2] Starting eval | split_name=val split_dir=data/splits/intphys2 predictor_mode=from_file metadata_file=data/annotations/intphys2_metadata.csv
[eval.intphys2] Loaded split assignments | split_scenes=51 split_samples=204
[eval.intphys2] Generated predictions | n_predictions=204
[eval.intphys2] Scoring complete | accuracy=61.7647 voe_accuracy=43.1373 n_scenes=51 n_samples=204
[eval.intphys2] Artifacts written | output_dir=artifacts/probes/intphys2/intphys2_probe_linear_jepa_v1_vith16_384_20260426T152120Z/layer_24/train/trial_0013/val_eval
wandb: updating run metadata
wandb: uploading wandb-metadata.json; uploading requirements.txt; uploading output.log; uploading wandb-summary.json; uploading config.yaml
wandb: 
wandb: Run history:
wandb:          epoch ▁▁▁▂▂▂▂▂▂▃▃▃▃▃▃▃▄▄▄▄▄▄▅▅▅▅▅▅▆▆▆▆▇▇▇▇▇▇██
wandb: train_accuracy ▁▂▂▁▃▄▂▃▃▃▃▃▃▂▃▃▅▂▃▄▅▆▆▇▅▇▅▆▆█▇▆▆▆▆▅▅█▅▇
wandb:     train_loss █▅▄▅▅▅▄▄▄▄▄▃▅▄▄▄▃▃▃▃▃▃▂▃▂▂▃▂▂▂▂▂▁▂▁▃▂▂▃▁
wandb:   val_accuracy ▁▂▁▁▄▄▃▁▂▂▅▁▂▇▅▄▂▇▄▇▅▅▇▅▆▄▇▅▇██▇▇▂▆▅▆▅▅▆
wandb:       val_loss ▃▃▅▄▃▃▃▃▇▃▂▄▂▂▂▂▂▂▁▂▂▃▂▂▁▁▂▁▁▁▃▁▂▁▂▂▁▂█▁
wandb: 
wandb: Run summary:
wandb:           best_epoch 79
wandb:    best_val_accuracy 61.76471
wandb:        best_val_loss 0.67472
wandb: checkpoint_best_path artifacts/probes/int...
wandb: checkpoint_last_path artifacts/probes/int...
wandb:      checkpoint_path artifacts/probes/int...
wandb:              dataset intphys2
wandb:      elapsed_seconds 3.24846
wandb:                epoch 100
wandb:    feature_signature 78346a9facde6609
wandb:                  +22 ...
wandb: 
wandb: 🚀 View run intphys2_linear_jepa_v1_vith16_384_layer_24/trial_0013 at: https://wandb.ai/caselli-niccolo-developer-university-of-amsterdam/probe4physics/runs/i6hzhk5r
wandb: ⭐️ View project at: https://wandb.ai/caselli-niccolo-developer-university-of-amsterdam/probe4physics
wandb: Synced 5 W&B file(s), 0 media file(s), 0 artifact file(s) and 0 other file(s)
wandb: Find logs at: ./wandb/run-20260426_174520-i6hzhk5r/logs
[I 2026-04-26 17:45:24,119] Trial 13 finished with value: 43.13725490196079 and parameters: {'lr': 0.0012201037273029025, 'weight_decay': 3.372180925539059e-05, 'batch_size': 64, 'epochs': 100}. Best is trial 11 with value: 49.01960784313725.
wandb: setting up run 1csvhnvs
wandb: Tracking run with wandb version 0.26.1
wandb: Run data is saved locally in /gpfs/home3/scur0511/Probe4Physics/wandb/run-20260426_174524-1csvhnvs
wandb: Run `wandb offline` to turn off syncing.
wandb: Syncing run intphys2_linear_jepa_v1_vith16_384_layer_24/trial_0014
wandb: ⭐️ View project at https://wandb.ai/caselli-niccolo-developer-university-of-amsterdam/probe4physics
wandb: 🚀 View run at https://wandb.ai/caselli-niccolo-developer-university-of-amsterdam/probe4physics/runs/1csvhnvs
[eval.intphys2] Starting eval | split_name=val split_dir=data/splits/intphys2 predictor_mode=from_file metadata_file=data/annotations/intphys2_metadata.csv
[eval.intphys2] Loaded split assignments | split_scenes=51 split_samples=204
[eval.intphys2] Generated predictions | n_predictions=204
[eval.intphys2] Scoring complete | accuracy=64.7059 voe_accuracy=43.1373 n_scenes=51 n_samples=204
[eval.intphys2] Artifacts written | output_dir=artifacts/probes/intphys2/intphys2_probe_linear_jepa_v1_vith16_384_20260426T152120Z/layer_24/train/trial_0014/val_eval
wandb: updating run metadata
wandb: uploading wandb-summary.json; uploading config.yaml; uploading wandb-metadata.json; uploading requirements.txt; uploading output.log
wandb: 
wandb: Run history:
wandb:          epoch ▁▁▁▁▁▂▂▂▂▂▃▃▄▄▄▄▄▄▄▅▅▅▅▅▅▅▅▅▆▆▆▆▆▆▇▇▇███
wandb: train_accuracy ▁▂▁▂▁▃▃▁▃▃▅▅▄▃▅▅▄▃▃▅▆▅▃▇▅▃▆█▆▆▆▇▇▆▇█▆▅▇▇
wandb:     train_loss █▄▄▆▄▃▃▃▃▃▃▃▃▃▄▂▂▃▂▃▃▄▄▂▂▁▁▂▃▂▂▃▂▃▃▁▁▃▁▂
wandb:   val_accuracy ▁▄▄▃▄▃▂▄▆▆▇▂▆▆▆▂▆▁▂▄▄▄▄▅▆▆▇▅▅█▇▅▆▅▆▅▇▆█▇
wandb:       val_loss ▂▂▄▂▁▁▂▃▁▁▂▃▁▂▁▃▂▄▅▂▃▁▃▇▂▂▂▄▂▄▄▂▃▃█▇▅▃▂▂
wandb: 
wandb: Run summary:
wandb:           best_epoch 72
wandb:    best_val_accuracy 64.70589
wandb:        best_val_loss 0.73067
wandb: checkpoint_best_path artifacts/probes/int...
wandb: checkpoint_last_path artifacts/probes/int...
wandb:      checkpoint_path artifacts/probes/int...
wandb:              dataset intphys2
wandb:      elapsed_seconds 3.18168
wandb:                epoch 100
wandb:    feature_signature 78346a9facde6609
wandb:                  +22 ...
wandb: 
wandb: 🚀 View run intphys2_linear_jepa_v1_vith16_384_layer_24/trial_0014 at: https://wandb.ai/caselli-niccolo-developer-university-of-amsterdam/probe4physics/runs/1csvhnvs
wandb: ⭐️ View project at: https://wandb.ai/caselli-niccolo-developer-university-of-amsterdam/probe4physics
wandb: Synced 5 W&B file(s), 0 media file(s), 0 artifact file(s) and 0 other file(s)
wandb: Find logs at: ./wandb/run-20260426_174524-1csvhnvs/logs
[I 2026-04-26 17:45:28,331] Trial 14 finished with value: 43.13725490196079 and parameters: {'lr': 0.009484220777929207, 'weight_decay': 0.00013102562528621327, 'batch_size': 64, 'epochs': 100}. Best is trial 11 with value: 49.01960784313725.
wandb: setting up run hcb1tt7r
wandb: Tracking run with wandb version 0.26.1
wandb: Run data is saved locally in /gpfs/home3/scur0511/Probe4Physics/wandb/run-20260426_174528-hcb1tt7r
wandb: Run `wandb offline` to turn off syncing.
wandb: Syncing run intphys2_linear_jepa_v1_vith16_384_layer_24/trial_0015
wandb: ⭐️ View project at https://wandb.ai/caselli-niccolo-developer-university-of-amsterdam/probe4physics
wandb: 🚀 View run at https://wandb.ai/caselli-niccolo-developer-university-of-amsterdam/probe4physics/runs/hcb1tt7r
[eval.intphys2] Starting eval | split_name=val split_dir=data/splits/intphys2 predictor_mode=from_file metadata_file=data/annotations/intphys2_metadata.csv
[eval.intphys2] Loaded split assignments | split_scenes=51 split_samples=204
[eval.intphys2] Generated predictions | n_predictions=204
[eval.intphys2] Scoring complete | accuracy=65.6863 voe_accuracy=47.0588 n_scenes=51 n_samples=204
[eval.intphys2] Artifacts written | output_dir=artifacts/probes/intphys2/intphys2_probe_linear_jepa_v1_vith16_384_20260426T152120Z/layer_24/train/trial_0015/val_eval
wandb: updating run metadata
wandb: uploading output.log; uploading wandb-summary.json; uploading config.yaml
wandb: 
wandb: Run history:
wandb:          epoch ▁▁▁▁▂▂▂▂▂▂▃▃▃▃▃▄▄▄▄▄▄▄▅▅▅▅▆▆▆▆▆▆▆▇▇▇▇▇██
wandb: train_accuracy ▁▂▁▃▃▃▄▃▃▅▄▃▅▅▄▆▇▅▇▆▆▆▇▄▇▇▇▇▇█▇▇▇▇▇▇▇▇██
wandb:     train_loss █▇▇▇▇▆▅▆▅▅▅▅▄▄▄▄▄▄▄▃▃▃▃▄▃▄▂▂▂▂▂▂▂▂▂▁▁▁▁▁
wandb:   val_accuracy ▁▂▃▄▄▆▅▆▇▆▅▆▄▆▅▅▅▆█▆▆▆▄▇▇▆▅▇▆▇▆▄▆▇▇▇▆█▅▇
wandb:       val_loss ▂▂▄▆▂▁▁▁▂▂▁▁█▁▁▃▂▂▁▁▁▂▂▂▄▂▂▃▄▃▃▄▄▃▅▄▄▄▄▅
wandb: 
wandb: Run summary:
wandb:           best_epoch 338
wandb:    best_val_accuracy 65.68627
wandb:        best_val_loss 0.69833
wandb: checkpoint_best_path artifacts/probes/int...
wandb: checkpoint_last_path artifacts/probes/int...
wandb:      checkpoint_path artifacts/probes/int...
wandb:              dataset intphys2
wandb:      elapsed_seconds 14.58791
wandb:                epoch 500
wandb:    feature_signature 78346a9facde6609
wandb:                  +22 ...
wandb: 
wandb: 🚀 View run intphys2_linear_jepa_v1_vith16_384_layer_24/trial_0015 at: https://wandb.ai/caselli-niccolo-developer-university-of-amsterdam/probe4physics/runs/hcb1tt7r
wandb: ⭐️ View project at: https://wandb.ai/caselli-niccolo-developer-university-of-amsterdam/probe4physics
wandb: Synced 5 W&B file(s), 0 media file(s), 0 artifact file(s) and 0 other file(s)
wandb: Find logs at: ./wandb/run-20260426_174528-hcb1tt7r/logs
[I 2026-04-26 17:45:44,090] Trial 15 finished with value: 47.05882352941176 and parameters: {'lr': 0.0015276063490023508, 'weight_decay': 4.095396862169808e-06, 'batch_size': 64, 'epochs': 500}. Best is trial 11 with value: 49.01960784313725.
wandb: setting up run ble1xumr
wandb: Tracking run with wandb version 0.26.1
wandb: Run data is saved locally in /gpfs/home3/scur0511/Probe4Physics/wandb/run-20260426_174544-ble1xumr
wandb: Run `wandb offline` to turn off syncing.
wandb: Syncing run intphys2_linear_jepa_v1_vith16_384_layer_24/trial_0016
wandb: ⭐️ View project at https://wandb.ai/caselli-niccolo-developer-university-of-amsterdam/probe4physics
wandb: 🚀 View run at https://wandb.ai/caselli-niccolo-developer-university-of-amsterdam/probe4physics/runs/ble1xumr
[eval.intphys2] Starting eval | split_name=val split_dir=data/splits/intphys2 predictor_mode=from_file metadata_file=data/annotations/intphys2_metadata.csv
[eval.intphys2] Loaded split assignments | split_scenes=51 split_samples=204
[eval.intphys2] Generated predictions | n_predictions=204
[eval.intphys2] Scoring complete | accuracy=57.3529 voe_accuracy=45.0980 n_scenes=51 n_samples=204
[eval.intphys2] Artifacts written | output_dir=artifacts/probes/intphys2/intphys2_probe_linear_jepa_v1_vith16_384_20260426T152120Z/layer_24/train/trial_0016/val_eval
wandb: updating run metadata
wandb: uploading output.log; uploading wandb-summary.json; uploading config.yaml; uploading wandb-metadata.json; uploading requirements.txt
wandb: uploading history steps 0-19, summary, console lines 0-4
wandb: 
wandb: Run history:
wandb:          epoch ▁▁▂▂▂▃▃▄▄▄▅▅▅▆▆▇▇▇██
wandb: train_accuracy ▃▁▂▄▁▃▄▅▁▂▅▃▃▆▅█▅▄▅▄
wandb:     train_loss █▆▆▃▅▄▂▃▄▄▂▂▂▁▁▁▂▂▂▂
wandb:   val_accuracy ▂▂▂▃▁▃▂▁▂▁▁█▆▁█▃▁▃▅▄
wandb:       val_loss █▆▄▂▄▂▃▆▄▂▄▁▁▃▁▁▆▂▃▂
wandb: 
wandb: Run summary:
wandb:           best_epoch 12
wandb:    best_val_accuracy 57.35294
wandb:        best_val_loss 0.68787
wandb: checkpoint_best_path artifacts/probes/int...
wandb: checkpoint_last_path artifacts/probes/int...
wandb:      checkpoint_path artifacts/probes/int...
wandb:              dataset intphys2
wandb:      elapsed_seconds 1.2705
wandb:                epoch 20
wandb:    feature_signature 78346a9facde6609
wandb:                  +22 ...
wandb: 
wandb: 🚀 View run intphys2_linear_jepa_v1_vith16_384_layer_24/trial_0016 at: https://wandb.ai/caselli-niccolo-developer-university-of-amsterdam/probe4physics/runs/ble1xumr
wandb: ⭐️ View project at: https://wandb.ai/caselli-niccolo-developer-university-of-amsterdam/probe4physics
wandb: Synced 5 W&B file(s), 0 media file(s), 0 artifact file(s) and 0 other file(s)
wandb: Find logs at: ./wandb/run-20260426_174544-ble1xumr/logs
[I 2026-04-26 17:45:46,747] Trial 16 finished with value: 45.09803921568628 and parameters: {'lr': 0.0012690764532532696, 'weight_decay': 0.0001258647016158899, 'batch_size': 64, 'epochs': 20}. Best is trial 11 with value: 49.01960784313725.
wandb: setting up run fmjgs0fl
wandb: Tracking run with wandb version 0.26.1
wandb: Run data is saved locally in /gpfs/home3/scur0511/Probe4Physics/wandb/run-20260426_174546-fmjgs0fl
wandb: Run `wandb offline` to turn off syncing.
wandb: Syncing run intphys2_linear_jepa_v1_vith16_384_layer_24/trial_0017
wandb: ⭐️ View project at https://wandb.ai/caselli-niccolo-developer-university-of-amsterdam/probe4physics
wandb: 🚀 View run at https://wandb.ai/caselli-niccolo-developer-university-of-amsterdam/probe4physics/runs/fmjgs0fl
[eval.intphys2] Starting eval | split_name=val split_dir=data/splits/intphys2 predictor_mode=from_file metadata_file=data/annotations/intphys2_metadata.csv
[eval.intphys2] Loaded split assignments | split_scenes=51 split_samples=204
[eval.intphys2] Generated predictions | n_predictions=204
[eval.intphys2] Scoring complete | accuracy=68.1373 voe_accuracy=45.0980 n_scenes=51 n_samples=204
[eval.intphys2] Artifacts written | output_dir=artifacts/probes/intphys2/intphys2_probe_linear_jepa_v1_vith16_384_20260426T152120Z/layer_24/train/trial_0017/val_eval
wandb: updating run metadata
wandb: uploading output.log; uploading wandb-summary.json; uploading config.yaml
wandb: 
wandb: Run history:
wandb:          epoch ▁▁▁▁▂▂▂▂▂▂▃▃▃▄▄▄▅▅▅▅▅▅▅▅▅▆▆▆▆▇▇▇▇▇▇▇▇███
wandb: train_accuracy ▁▂▃▃▅▅▆▅▆▆▅▆▇▇▆▇▆▇▇▇▇▇▇▇▆▇▇▇▇▇███▇▇█████
wandb:     train_loss ██▇▇▇▇▆▅▅▅▄▄▄▄▃▃▃▂▂▂▂▂▂▂▂▂▂▂▂▁▂▁▁▁▁▁▁▁▁▁
wandb:   val_accuracy ▁▃▅▅▅▂▄▇▆█▇▅▆▃▇▆▆▇▇▇▇█▇█▇▇▇▄█▇▇▆▇▇▇▆▆▆▆▅
wandb:       val_loss ▃▁▁▁▁▂▂▂▃▃▃▄▃▄▄▄▄▄▄▄▅▅▆▆▆▆▆▆▆▇▆▆▆▇▇▇▇███
wandb: 
wandb: Run summary:
wandb:           best_epoch 1135
wandb:    best_val_accuracy 68.13725
wandb:        best_val_loss 0.90109
wandb: checkpoint_best_path artifacts/probes/int...
wandb: checkpoint_last_path artifacts/probes/int...
wandb:      checkpoint_path artifacts/probes/int...
wandb:              dataset intphys2
wandb:      elapsed_seconds 101.61972
wandb:                epoch 2000
wandb:    feature_signature 78346a9facde6609
wandb:                  +22 ...
wandb: 
wandb: 🚀 View run intphys2_linear_jepa_v1_vith16_384_layer_24/trial_0017 at: https://wandb.ai/caselli-niccolo-developer-university-of-amsterdam/probe4physics/runs/fmjgs0fl
wandb: ⭐️ View project at: https://wandb.ai/caselli-niccolo-developer-university-of-amsterdam/probe4physics
wandb: Synced 5 W&B file(s), 0 media file(s), 0 artifact file(s) and 0 other file(s)
wandb: Find logs at: ./wandb/run-20260426_174546-fmjgs0fl/logs
[I 2026-04-26 17:47:29,483] Trial 17 finished with value: 45.09803921568628 and parameters: {'lr': 0.0034752685500732045, 'weight_decay': 0.007400966968288751, 'batch_size': 64, 'epochs': 2000}. Best is trial 11 with value: 49.01960784313725.
wandb: setting up run yxvvy9st
wandb: Tracking run with wandb version 0.26.1
wandb: Run data is saved locally in /gpfs/home3/scur0511/Probe4Physics/wandb/run-20260426_174729-yxvvy9st
wandb: Run `wandb offline` to turn off syncing.
wandb: Syncing run intphys2_linear_jepa_v1_vith16_384_layer_24/trial_0018
wandb: ⭐️ View project at https://wandb.ai/caselli-niccolo-developer-university-of-amsterdam/probe4physics
wandb: 🚀 View run at https://wandb.ai/caselli-niccolo-developer-university-of-amsterdam/probe4physics/runs/yxvvy9st
[eval.intphys2] Starting eval | split_name=val split_dir=data/splits/intphys2 predictor_mode=from_file metadata_file=data/annotations/intphys2_metadata.csv
[eval.intphys2] Loaded split assignments | split_scenes=51 split_samples=204
[eval.intphys2] Generated predictions | n_predictions=204
[eval.intphys2] Scoring complete | accuracy=61.7647 voe_accuracy=45.0980 n_scenes=51 n_samples=204
[eval.intphys2] Artifacts written | output_dir=artifacts/probes/intphys2/intphys2_probe_linear_jepa_v1_vith16_384_20260426T152120Z/layer_24/train/trial_0018/val_eval
wandb: updating run metadata
wandb: uploading wandb-metadata.json; uploading requirements.txt; uploading output.log; uploading wandb-summary.json; uploading config.yaml
wandb: 
wandb: Run history:
wandb:          epoch ▁▁▁▁▂▂▂▂▂▃▃▃▃▃▄▄▄▄▄▄▄▅▅▅▅▆▆▆▆▇▇▇▇▇▇▇████
wandb: train_accuracy ▃▁▂▁▂▄▃▂▃▂▃▃▂▃▆▆▃▃▅▄▅▆▆▆▆▆▆▇▇▆▇▆███▇▇▇▄▆
wandb:     train_loss ███▇▇▆▆█▆▇▇▆▄▅▆▆▄▄▄▄▅▃▃▃▃▃▄▃▃▂▃▁▁▂▁▃▁▂▂▆
wandb:   val_accuracy ▁▁▁▂▂▁▁▁▂▃▂▃▅▅▁▃▅▃▂▇▃▃▆▅▆▅▇▂▇▆▃▇█▆▆▆▆▅▇▆
wandb:       val_loss █▄▄▄▄▃▆▅▅▃▃▃▅▃▅▃▂▃▃▃▂▂▂▂▃▂▂▃▂▃▂▂▂▂▁▁▂▂▂▁
wandb: 
wandb: Run summary:
wandb:           best_epoch 65
wandb:    best_val_accuracy 61.76471
wandb:        best_val_loss 0.67937
wandb: checkpoint_best_path artifacts/probes/int...
wandb: checkpoint_last_path artifacts/probes/int...
wandb:      checkpoint_path artifacts/probes/int...
wandb:              dataset intphys2
wandb:      elapsed_seconds 3.23995
wandb:                epoch 100
wandb:    feature_signature 78346a9facde6609
wandb:                  +22 ...
wandb: 
wandb: 🚀 View run intphys2_linear_jepa_v1_vith16_384_layer_24/trial_0018 at: https://wandb.ai/caselli-niccolo-developer-university-of-amsterdam/probe4physics/runs/yxvvy9st
wandb: ⭐️ View project at: https://wandb.ai/caselli-niccolo-developer-university-of-amsterdam/probe4physics
wandb: Synced 5 W&B file(s), 0 media file(s), 0 artifact file(s) and 0 other file(s)
wandb: Find logs at: ./wandb/run-20260426_174729-yxvvy9st/logs
[I 2026-04-26 17:47:33,857] Trial 18 finished with value: 45.09803921568628 and parameters: {'lr': 0.0007027374722126696, 'weight_decay': 2.1525409933729087e-05, 'batch_size': 64, 'epochs': 100}. Best is trial 11 with value: 49.01960784313725.
wandb: setting up run jz9p8jq5
wandb: Tracking run with wandb version 0.26.1
wandb: Run data is saved locally in /gpfs/home3/scur0511/Probe4Physics/wandb/run-20260426_174734-jz9p8jq5
wandb: Run `wandb offline` to turn off syncing.
wandb: Syncing run intphys2_linear_jepa_v1_vith16_384_layer_24/trial_0019
wandb: ⭐️ View project at https://wandb.ai/caselli-niccolo-developer-university-of-amsterdam/probe4physics
wandb: 🚀 View run at https://wandb.ai/caselli-niccolo-developer-university-of-amsterdam/probe4physics/runs/jz9p8jq5
[eval.intphys2] Starting eval | split_name=val split_dir=data/splits/intphys2 predictor_mode=from_file metadata_file=data/annotations/intphys2_metadata.csv
[eval.intphys2] Loaded split assignments | split_scenes=51 split_samples=204
[eval.intphys2] Generated predictions | n_predictions=204
[eval.intphys2] Scoring complete | accuracy=63.7255 voe_accuracy=47.0588 n_scenes=51 n_samples=204
[eval.intphys2] Artifacts written | output_dir=artifacts/probes/intphys2/intphys2_probe_linear_jepa_v1_vith16_384_20260426T152120Z/layer_24/train/trial_0019/val_eval
wandb: updating run metadata
wandb: uploading requirements.txt; uploading wandb-summary.json; uploading config.yaml
wandb: 
wandb: Run history:
wandb:          epoch ▁▁▁▁▂▂▂▂▃▃▃▃▃▃▄▄▄▄▄▄▄▅▅▅▅▅▆▆▆▆▆▆▇▇▇▇▇▇██
wandb: train_accuracy ▁▁▁▁▁▃▂▂▃▃▄▃▅▄▄▄▄▅▅▄▃▄▆▆▅▅▆▄▇█▆▇▇▆▆▄█▆▅▆
wandb:     train_loss █▅▅▅▄▄▄▃▃▄▃▃▃▃▂▃▂▂▂▂▃▃▃▃▂▂▂▂▁▂▁▁▁▁▂▁▁▃▂▁
wandb:   val_accuracy ▁▁▂▁▂▂▂▁▁▂▅▂▂▄▅▆▆▃▄▆▄▄▅▅▄▄▅▇▆▄▅█▆▇▂█▄▂▅█
wandb:       val_loss █▄▂▂▂▁▂▃▄▃▂▃▅▁▁▁▁▂▁▁▂▅▃▂▃▁▁▂▂▂▁▅▁▂▂▁▁▃▂▂
wandb: 
wandb: Run summary:
wandb:           best_epoch 100
wandb:    best_val_accuracy 63.72549
wandb:        best_val_loss 0.68561
wandb: checkpoint_best_path artifacts/probes/int...
wandb: checkpoint_last_path artifacts/probes/int...
wandb:      checkpoint_path artifacts/probes/int...
wandb:              dataset intphys2
wandb:      elapsed_seconds 3.1616
wandb:                epoch 100
wandb:    feature_signature 78346a9facde6609
wandb:                  +22 ...
wandb: 
wandb: 🚀 View run intphys2_linear_jepa_v1_vith16_384_layer_24/trial_0019 at: https://wandb.ai/caselli-niccolo-developer-university-of-amsterdam/probe4physics/runs/jz9p8jq5
wandb: ⭐️ View project at: https://wandb.ai/caselli-niccolo-developer-university-of-amsterdam/probe4physics
wandb: Synced 5 W&B file(s), 0 media file(s), 0 artifact file(s) and 0 other file(s)
wandb: Find logs at: ./wandb/run-20260426_174734-jz9p8jq5/logs
[I 2026-04-26 17:47:38,528] Trial 19 finished with value: 47.05882352941176 and parameters: {'lr': 0.0038823300729039804, 'weight_decay': 0.00012862364873309447, 'batch_size': 64, 'epochs': 100}. Best is trial 11 with value: 49.01960784313725.
[eval.intphys2] Starting eval | split_name=train split_dir=data/splits/intphys2 predictor_mode=from_file metadata_file=data/annotations/intphys2_metadata.csv
[eval.intphys2] Loaded split assignments | split_scenes=151 split_samples=604
[eval.intphys2] Generated predictions | n_predictions=604
[eval.intphys2] Scoring complete | accuracy=67.2185 voe_accuracy=61.5894 n_scenes=151 n_samples=604
[eval.intphys2] Artifacts written | output_dir=artifacts/probes/intphys2/intphys2_probe_linear_jepa_v1_vith16_384_20260426T152120Z/layer_24/eval/train
[eval.intphys2] Starting eval | split_name=val split_dir=data/splits/intphys2 predictor_mode=from_file metadata_file=data/annotations/intphys2_metadata.csv
[eval.intphys2] Loaded split assignments | split_scenes=51 split_samples=204
[eval.intphys2] Generated predictions | n_predictions=204
[eval.intphys2] Scoring complete | accuracy=63.2353 voe_accuracy=49.0196 n_scenes=51 n_samples=204
[eval.intphys2] Artifacts written | output_dir=artifacts/probes/intphys2/intphys2_probe_linear_jepa_v1_vith16_384_20260426T152120Z/layer_24/eval/val
[eval.intphys2] Starting eval | split_name=test split_dir=data/splits/intphys2 predictor_mode=from_file metadata_file=data/annotations/intphys2_metadata.csv
[eval.intphys2] Loaded split assignments | split_scenes=51 split_samples=204
[eval.intphys2] Generated predictions | n_predictions=204
[eval.intphys2] Scoring complete | accuracy=59.3137 voe_accuracy=50.9804 n_scenes=51 n_samples=204
[eval.intphys2] Artifacts written | output_dir=artifacts/probes/intphys2/intphys2_probe_linear_jepa_v1_vith16_384_20260426T152120Z/layer_24/eval/test
[I 2026-04-26 17:47:38,891] A new study created in RDB with name: intphys2_linear_jepa_v1_vith16_384_layer_32
wandb: setting up run kynyyqv8
wandb: Tracking run with wandb version 0.26.1
wandb: Run data is saved locally in /gpfs/home3/scur0511/Probe4Physics/wandb/run-20260426_174739-kynyyqv8
wandb: Run `wandb offline` to turn off syncing.
wandb: Syncing run intphys2_linear_jepa_v1_vith16_384_layer_32/trial_0000
wandb: ⭐️ View project at https://wandb.ai/caselli-niccolo-developer-university-of-amsterdam/probe4physics
wandb: 🚀 View run at https://wandb.ai/caselli-niccolo-developer-university-of-amsterdam/probe4physics/runs/kynyyqv8
[eval.intphys2] Starting eval | split_name=val split_dir=data/splits/intphys2 predictor_mode=from_file metadata_file=data/annotations/intphys2_metadata.csv
[eval.intphys2] Loaded split assignments | split_scenes=51 split_samples=204
[eval.intphys2] Generated predictions | n_predictions=204
[eval.intphys2] Scoring complete | accuracy=63.7255 voe_accuracy=47.0588 n_scenes=51 n_samples=204
[eval.intphys2] Artifacts written | output_dir=artifacts/probes/intphys2/intphys2_probe_linear_jepa_v1_vith16_384_20260426T152120Z/layer_32/train/trial_0000/val_eval
wandb: updating run metadata
wandb: uploading config.yaml; uploading output.log; uploading wandb-summary.json
wandb: 
wandb: Run history:
wandb:          epoch ▁▁▁▁▁▂▂▂▂▂▃▃▃▄▄▄▄▄▄▅▅▅▅▅▅▆▆▆▆▆▆▆▇▇▇▇▇███
wandb: train_accuracy ▂▁▄▄▅▅▅▆▅▆▅▅▆▆▆▆▆▅▇▆▇▆▆▆▆▇▇▇▇▇▇█▇▇▇█████
wandb:     train_loss ██▇▇▇▇▆▆▆▆▆▅▅▅▅▅▄▄▄▄▄▄▄▃▃▃▃▃▂▂▂▂▂▂▂▂▂▁▁▁
wandb:   val_accuracy ▂▃▂▁▃▅▅▄▃▅▄▆▆▆▆▅▆▆▇▆▇▅▇█▇▇▇▇▇▇▆▇▇██████▇
wandb:       val_loss ▅▅▄▄▄▂▂▂▂▂▁▂▁▁▁▁▁▂▂▂▂▂▂▂▃▃▃▃▃▄▄▄▄▅▆▆▆▆▇█
wandb: 
wandb: Run summary:
wandb:           best_epoch 1969
wandb:    best_val_accuracy 63.72549
wandb:        best_val_loss 0.69538
wandb: checkpoint_best_path artifacts/probes/int...
wandb: checkpoint_last_path artifacts/probes/int...
wandb:      checkpoint_path artifacts/probes/int...
wandb:              dataset intphys2
wandb:      elapsed_seconds 111.36714
wandb:                epoch 2000
wandb:    feature_signature 78346a9facde6609
wandb:                  +22 ...
wandb: 
wandb: 🚀 View run intphys2_linear_jepa_v1_vith16_384_layer_32/trial_0000 at: https://wandb.ai/caselli-niccolo-developer-university-of-amsterdam/probe4physics/runs/kynyyqv8
wandb: ⭐️ View project at: https://wandb.ai/caselli-niccolo-developer-university-of-amsterdam/probe4physics
wandb: Synced 5 W&B file(s), 0 media file(s), 0 artifact file(s) and 0 other file(s)
wandb: Find logs at: ./wandb/run-20260426_174739-kynyyqv8/logs
[I 2026-04-26 17:49:31,399] Trial 0 finished with value: 47.05882352941176 and parameters: {'lr': 0.0001329291894316216, 'weight_decay': 0.005061576888752304, 'batch_size': 32, 'epochs': 2000}. Best is trial 0 with value: 47.05882352941176.
wandb: setting up run bcjk4mpr
wandb: Tracking run with wandb version 0.26.1
wandb: Run data is saved locally in /gpfs/home3/scur0511/Probe4Physics/wandb/run-20260426_174931-bcjk4mpr
wandb: Run `wandb offline` to turn off syncing.
wandb: Syncing run intphys2_linear_jepa_v1_vith16_384_layer_32/trial_0001
wandb: ⭐️ View project at https://wandb.ai/caselli-niccolo-developer-university-of-amsterdam/probe4physics
wandb: 🚀 View run at https://wandb.ai/caselli-niccolo-developer-university-of-amsterdam/probe4physics/runs/bcjk4mpr
[eval.intphys2] Starting eval | split_name=val split_dir=data/splits/intphys2 predictor_mode=from_file metadata_file=data/annotations/intphys2_metadata.csv
[eval.intphys2] Loaded split assignments | split_scenes=51 split_samples=204
[eval.intphys2] Generated predictions | n_predictions=204
[eval.intphys2] Scoring complete | accuracy=59.3137 voe_accuracy=41.1765 n_scenes=51 n_samples=204
[eval.intphys2] Artifacts written | output_dir=artifacts/probes/intphys2/intphys2_probe_linear_jepa_v1_vith16_384_20260426T152120Z/layer_32/train/trial_0001/val_eval
wandb: updating run metadata
wandb: uploading wandb-metadata.json; uploading requirements.txt; uploading output.log; uploading wandb-summary.json; uploading config.yaml
wandb: 
wandb: Run history:
wandb:          epoch ▁▁▂▂▂▂▂▂▂▂▃▃▃▃▃▄▄▄▄▄▅▅▅▅▅▆▆▆▆▆▆▆▆▆▇▇▇▇██
wandb: train_accuracy ▁▁▂▁▁▃▃▄▃▅▃▄▆▆▆▇▅▆▆▇▅▅▆▆▇▇▇▆▅▃▅▆▆▇▇██▆▆█
wandb:     train_loss █▆▅▅▅▅▅▄▅▅▅▅▄▄▄▄▄▃▃▃▃▃▃▃▃▃▂▂▂▂▂▃▂▃▂▂▁▁▁▁
wandb:   val_accuracy ▂▁▃▄▄▅▅▃▂▂▅▂▇▅▅▆▄▃▅▆▄▆▆▅▇▇▇▇█▇▇▇▇▇▆█▇▇▇█
wandb:       val_loss ▇█▅▄▄▃▆▄▅▅▃▃▄▂▅▂▃▂▂▂▂▂▂▂▁▁▁▁▁▅▅▂▁▁▂▃▁▂█▃
wandb: 
wandb: Run summary:
wandb:           best_epoch 88
wandb:    best_val_accuracy 59.31373
wandb:        best_val_loss 0.67815
wandb: checkpoint_best_path artifacts/probes/int...
wandb: checkpoint_last_path artifacts/probes/int...
wandb:      checkpoint_path artifacts/probes/int...
wandb:              dataset intphys2
wandb:      elapsed_seconds 2.86274
wandb:                epoch 100
wandb:    feature_signature 78346a9facde6609
wandb:                  +22 ...
wandb: 
wandb: 🚀 View run intphys2_linear_jepa_v1_vith16_384_layer_32/trial_0001 at: https://wandb.ai/caselli-niccolo-developer-university-of-amsterdam/probe4physics/runs/bcjk4mpr
wandb: ⭐️ View project at: https://wandb.ai/caselli-niccolo-developer-university-of-amsterdam/probe4physics
wandb: Synced 5 W&B file(s), 0 media file(s), 0 artifact file(s) and 0 other file(s)
wandb: Find logs at: ./wandb/run-20260426_174931-bcjk4mpr/logs
[I 2026-04-26 17:49:35,484] Trial 1 finished with value: 41.17647058823529 and parameters: {'lr': 0.00314288089084011, 'weight_decay': 1.879466824163843e-07, 'batch_size': 256, 'epochs': 100}. Best is trial 0 with value: 47.05882352941176.
wandb: setting up run 716sq0bi
wandb: Tracking run with wandb version 0.26.1
wandb: Run data is saved locally in /gpfs/home3/scur0511/Probe4Physics/wandb/run-20260426_174935-716sq0bi
wandb: Run `wandb offline` to turn off syncing.
wandb: Syncing run intphys2_linear_jepa_v1_vith16_384_layer_32/trial_0002
wandb: ⭐️ View project at https://wandb.ai/caselli-niccolo-developer-university-of-amsterdam/probe4physics
wandb: 🚀 View run at https://wandb.ai/caselli-niccolo-developer-university-of-amsterdam/probe4physics/runs/716sq0bi
[eval.intphys2] Starting eval | split_name=val split_dir=data/splits/intphys2 predictor_mode=from_file metadata_file=data/annotations/intphys2_metadata.csv
[eval.intphys2] Loaded split assignments | split_scenes=51 split_samples=204
[eval.intphys2] Generated predictions | n_predictions=204
[eval.intphys2] Scoring complete | accuracy=63.2353 voe_accuracy=45.0980 n_scenes=51 n_samples=204
[eval.intphys2] Artifacts written | output_dir=artifacts/probes/intphys2/intphys2_probe_linear_jepa_v1_vith16_384_20260426T152120Z/layer_32/train/trial_0002/val_eval
wandb: updating run metadata
wandb: uploading output.log; uploading wandb-summary.json; uploading config.yaml
wandb: 
wandb: Run history:
wandb:          epoch ▁▁▂▂▂▂▂▂▂▃▃▃▃▄▄▄▄▄▄▄▄▄▄▅▅▅▆▆▆▆▆▆▇▇▇▇████
wandb: train_accuracy ▁▅▅▅▆▆▅▆▆▆▆▆▆▆▆▆▆▆▆▆▆▆▇▇▇▇▇▇▇▇▇▇▇███████
wandb:     train_loss ██▇▇▆▆▆▆▅▅▅▅▅▅▅▅▄▄▄▄▄▄▄▄▄▃▃▃▃▂▂▂▂▂▂▂▁▁▁▁
wandb:   val_accuracy ▂▁▄▄▅▅▇▅▅▆▆▅▅▆▄▅▃▇▇▅▄▅▅▆▆▆▆▅█▆█▇▇▇▆██▇▇█
wandb:       val_loss ██▇▇▇▅▄▄▄▄▄▃▃▃▃▂▂▂▂▂▂▂▂▁▁▁▁▁▂▁▂▁▂▂▁▂▂▂▂▂
wandb: 
wandb: Run summary:
wandb:           best_epoch 978
wandb:    best_val_accuracy 63.23529
wandb:        best_val_loss 0.67889
wandb: checkpoint_best_path artifacts/probes/int...
wandb: checkpoint_last_path artifacts/probes/int...
wandb:      checkpoint_path artifacts/probes/int...
wandb:              dataset intphys2
wandb:      elapsed_seconds 31.60853
wandb:                epoch 1000
wandb:    feature_signature 78346a9facde6609
wandb:                  +22 ...
wandb: 
wandb: 🚀 View run intphys2_linear_jepa_v1_vith16_384_layer_32/trial_0002 at: https://wandb.ai/caselli-niccolo-developer-university-of-amsterdam/probe4physics/runs/716sq0bi
wandb: ⭐️ View project at: https://wandb.ai/caselli-niccolo-developer-university-of-amsterdam/probe4physics
wandb: Synced 5 W&B file(s), 0 media file(s), 0 artifact file(s) and 0 other file(s)
wandb: Find logs at: ./wandb/run-20260426_174935-716sq0bi/logs
[I 2026-04-26 17:50:08,141] Trial 2 finished with value: 45.09803921568628 and parameters: {'lr': 0.00023345864076016249, 'weight_decay': 0.0005141096648805752, 'batch_size': 128, 'epochs': 1000}. Best is trial 0 with value: 47.05882352941176.
wandb: setting up run n67tgeu2
wandb: Tracking run with wandb version 0.26.1
wandb: Run data is saved locally in /gpfs/home3/scur0511/Probe4Physics/wandb/run-20260426_175008-n67tgeu2
wandb: Run `wandb offline` to turn off syncing.
wandb: Syncing run intphys2_linear_jepa_v1_vith16_384_layer_32/trial_0003
wandb: ⭐️ View project at https://wandb.ai/caselli-niccolo-developer-university-of-amsterdam/probe4physics
wandb: 🚀 View run at https://wandb.ai/caselli-niccolo-developer-university-of-amsterdam/probe4physics/runs/n67tgeu2
[eval.intphys2] Starting eval | split_name=val split_dir=data/splits/intphys2 predictor_mode=from_file metadata_file=data/annotations/intphys2_metadata.csv
[eval.intphys2] Loaded split assignments | split_scenes=51 split_samples=204
[eval.intphys2] Generated predictions | n_predictions=204
[eval.intphys2] Scoring complete | accuracy=56.3725 voe_accuracy=39.2157 n_scenes=51 n_samples=204
[eval.intphys2] Artifacts written | output_dir=artifacts/probes/intphys2/intphys2_probe_linear_jepa_v1_vith16_384_20260426T152120Z/layer_32/train/trial_0003/val_eval
wandb: updating run metadata
wandb: uploading wandb-metadata.json; uploading requirements.txt; uploading output.log; uploading wandb-summary.json; uploading config.yaml
wandb: 
wandb: Run history:
wandb:          epoch ▁▁▁▁▂▂▂▂▂▃▃▃▃▃▃▄▄▄▄▄▅▅▅▅▅▆▆▆▆▆▆▇▇▇▇▇▇███
wandb: train_accuracy ▃▃▃▂▂▃▂▄▄▁▂▄▂▄▄▄▄▃▅▂▃▅▄▇▆▄▅▅▅▆▆█▇▇█▆█▇██
wandb:     train_loss █▆▅▅▄▄▄▄▄▄▄▄▃▃▄▃▃▃▄▄▃▄▂▃▂▃▂▂▂▂▂▂▂▁▂▂▁▁▁▁
wandb:   val_accuracy ▃▅▃▂▁▃▄▃▂▅▄▃▇▆▆▄▄▆▃▃▇▆▄▅▆▆█▆▇▇█▆█▅███▇▆▄
wandb:       val_loss █▇▇▇▇▆▆▆▅▅▅▄▄▄▅▅▄▄▅▃▄▃▃▃▃▃▂▂▃▂▂▂▂▁▁▁▁▁▁▂
wandb: 
wandb: Run summary:
wandb:           best_epoch 49
wandb:    best_val_accuracy 56.37255
wandb:        best_val_loss 0.69062
wandb: checkpoint_best_path artifacts/probes/int...
wandb: checkpoint_last_path artifacts/probes/int...
wandb:      checkpoint_path artifacts/probes/int...
wandb:              dataset intphys2
wandb:      elapsed_seconds 2.3772
wandb:                epoch 50
wandb:    feature_signature 78346a9facde6609
wandb:                  +22 ...
wandb: 
wandb: 🚀 View run intphys2_linear_jepa_v1_vith16_384_layer_32/trial_0003 at: https://wandb.ai/caselli-niccolo-developer-university-of-amsterdam/probe4physics/runs/n67tgeu2
wandb: ⭐️ View project at: https://wandb.ai/caselli-niccolo-developer-university-of-amsterdam/probe4physics
wandb: Synced 5 W&B file(s), 0 media file(s), 0 artifact file(s) and 0 other file(s)
wandb: Find logs at: ./wandb/run-20260426_175008-n67tgeu2/logs
[I 2026-04-26 17:50:11,569] Trial 3 finished with value: 39.21568627450981 and parameters: {'lr': 8.200518402245828e-05, 'weight_decay': 3.855073690026179e-08, 'batch_size': 32, 'epochs': 50}. Best is trial 0 with value: 47.05882352941176.
wandb: setting up run zasdg4zs
wandb: Tracking run with wandb version 0.26.1
wandb: Run data is saved locally in /gpfs/home3/scur0511/Probe4Physics/wandb/run-20260426_175011-zasdg4zs
wandb: Run `wandb offline` to turn off syncing.
wandb: Syncing run intphys2_linear_jepa_v1_vith16_384_layer_32/trial_0004
wandb: ⭐️ View project at https://wandb.ai/caselli-niccolo-developer-university-of-amsterdam/probe4physics
wandb: 🚀 View run at https://wandb.ai/caselli-niccolo-developer-university-of-amsterdam/probe4physics/runs/zasdg4zs
[eval.intphys2] Starting eval | split_name=val split_dir=data/splits/intphys2 predictor_mode=from_file metadata_file=data/annotations/intphys2_metadata.csv
[eval.intphys2] Loaded split assignments | split_scenes=51 split_samples=204
[eval.intphys2] Generated predictions | n_predictions=204
[eval.intphys2] Scoring complete | accuracy=57.8431 voe_accuracy=37.2549 n_scenes=51 n_samples=204
[eval.intphys2] Artifacts written | output_dir=artifacts/probes/intphys2/intphys2_probe_linear_jepa_v1_vith16_384_20260426T152120Z/layer_32/train/trial_0004/val_eval
wandb: updating run metadata
wandb: uploading requirements.txt; uploading output.log; uploading wandb-summary.json; uploading config.yaml; uploading wandb-metadata.json
wandb: 
wandb: Run history:
wandb:          epoch ▁▁▁▁▂▂▂▂▂▂▃▃▃▃▃▄▄▄▄▄▅▅▅▅▅▅▆▆▆▆▆▇▇▇▇▇▇███
wandb: train_accuracy ▁▂▂▁▂▂▂▃▃▂▄▅▅▄▄▅▃▄▄▅▅▃▄▆▆▄▄▅▅▅▄▆▆▇▆▅▆██▆
wandb:     train_loss █▅▅▅▅▅▅▄▅▅▄▄▄▄▄▃▄▄▄▄▃▅▄▃▂▃▃▃▃▂▂▃▂▂▂▂▂▁▁▁
wandb:   val_accuracy ▂▃▁▅▃▂▃▄▃▂▄▄▆▅▃▄▆▂▂▅▂▅▆█▆▅▆█▆▅▅▆▅▇▇▇█▆▆█
wandb:       val_loss █▆▄▅▄▄▅▄▄▄▄▃▃▄▄▃▃▇▆▄▆▄▃▂▂▃▃▂▂▂▂▂▁▁▂▂▁▂▁▁
wandb: 
wandb: Run summary:
wandb:           best_epoch 25
wandb:    best_val_accuracy 57.84314
wandb:        best_val_loss 0.68918
wandb: checkpoint_best_path artifacts/probes/int...
wandb: checkpoint_last_path artifacts/probes/int...
wandb:      checkpoint_path artifacts/probes/int...
wandb:              dataset intphys2
wandb:      elapsed_seconds 2.28758
wandb:                epoch 50
wandb:    feature_signature 78346a9facde6609
wandb:                  +22 ...
wandb: 
wandb: 🚀 View run intphys2_linear_jepa_v1_vith16_384_layer_32/trial_0004 at: https://wandb.ai/caselli-niccolo-developer-university-of-amsterdam/probe4physics/runs/zasdg4zs
wandb: ⭐️ View project at: https://wandb.ai/caselli-niccolo-developer-university-of-amsterdam/probe4physics
wandb: Synced 5 W&B file(s), 0 media file(s), 0 artifact file(s) and 0 other file(s)
wandb: Find logs at: ./wandb/run-20260426_175011-zasdg4zs/logs
[I 2026-04-26 17:50:14,974] Trial 4 finished with value: 37.254901960784316 and parameters: {'lr': 0.00043664735929796326, 'weight_decay': 1.2856617791467908e-07, 'batch_size': 32, 'epochs': 50}. Best is trial 0 with value: 47.05882352941176.
wandb: setting up run ur2grvje
wandb: Tracking run with wandb version 0.26.1
wandb: Run data is saved locally in /gpfs/home3/scur0511/Probe4Physics/wandb/run-20260426_175015-ur2grvje
wandb: Run `wandb offline` to turn off syncing.
wandb: Syncing run intphys2_linear_jepa_v1_vith16_384_layer_32/trial_0005
wandb: ⭐️ View project at https://wandb.ai/caselli-niccolo-developer-university-of-amsterdam/probe4physics
wandb: 🚀 View run at https://wandb.ai/caselli-niccolo-developer-university-of-amsterdam/probe4physics/runs/ur2grvje
wandb: updating run metadata
wandb: uploading wandb-summary.json; uploading config.yaml
wandb: 
wandb: Run history:
wandb:          epoch ▁▁▁▁▂▂▂▂▂▂▃▃▃▃▃▃▃▃▃▄▄▄▅▅▅▆▆▆▆▆▇▇▇▇▇█████
wandb: train_accuracy ▁▁▁▂▂▄▄▄▄▄▅▅▄▅▆▅▄▇▇▅▇▆▇▇▆▇▇▇███▇▇█▇████▇
wandb:     train_loss ██▇▇▇▆▇▆▆▆▅▅▅▅▅▄▅▄▅▄▄▄▃▃▃▃▃▃▂▃▂▂▂▂▂▂▂▂▁▁
wandb:   val_accuracy ▂▃▁▂▄▇▄▅▅▅▄▇▅▆▆▆▆▇▆▅▆▆▆▆▅██▅▇▇▅▅▆▆▇▆▆▆▅█
wandb:       val_loss ██▇▇▇▆▆▆▆▅▅▅▅▄▄▄▄▄▄▄▃▃▃▃▃▃▂▂▂▂▂▂▂▂▂▁▂▁▁▁
wandb: 
wandb: Run summary:
wandb:          epoch 205
wandb: train_accuracy 63.57616
wandb:     train_loss 0.66184
wandb:   val_accuracy 58.33333
wandb:       val_loss 0.6821
wandb: 
wandb: 🚀 View run intphys2_linear_jepa_v1_vith16_384_layer_32/trial_0005 at: https://wandb.ai/caselli-niccolo-developer-university-of-amsterdam/probe4physics/runs/ur2grvje
wandb: ⭐️ View project at: https://wandb.ai/caselli-niccolo-developer-university-of-amsterdam/probe4physics
wandb: Synced 4 W&B file(s), 0 media file(s), 0 artifact file(s) and 0 other file(s)
wandb: Find logs at: ./wandb/run-20260426_175015-ur2grvje/logs
[I 2026-04-26 17:50:22,993] Trial 5 pruned. Pruned at epoch 205 with val_accuracy=58.3333
wandb: setting up run qjunf4qu
wandb: Tracking run with wandb version 0.26.1
wandb: Run data is saved locally in /gpfs/home3/scur0511/Probe4Physics/wandb/run-20260426_175023-qjunf4qu
wandb: Run `wandb offline` to turn off syncing.
wandb: Syncing run intphys2_linear_jepa_v1_vith16_384_layer_32/trial_0006
wandb: ⭐️ View project at https://wandb.ai/caselli-niccolo-developer-university-of-amsterdam/probe4physics
wandb: 🚀 View run at https://wandb.ai/caselli-niccolo-developer-university-of-amsterdam/probe4physics/runs/qjunf4qu
wandb: updating run metadata
wandb: uploading wandb-metadata.json; uploading requirements.txt; uploading wandb-summary.json; uploading config.yaml
wandb: uploading wandb-metadata.json; uploading requirements.txt; uploading wandb-summary.json
wandb: 
wandb: Run history:
wandb:          epoch ▁▁▁▁▁▂▂▂▂▂▃▃▃▃▃▄▄▄▄▄▄▅▅▅▅▅▆▆▆▆▆▇▇▇▇▇▇███
wandb: train_accuracy ▁▂▃▅▃▅▄▄▃▂▂▁▂▃▃▂▂▃▄▅▅▅▅▆█▆██▆▇▇▆▆▅▆▅▃▄▂▄
wandb:     train_loss ██▇▆▅▄▄▄▃▃▃▂▃▂▃▂▂▂▂▂▁▂▂▂▂▂▁▁▂▂▂▁▁▂▂▁▁▂▁▁
wandb:   val_accuracy ▄▄▅▄▅▄▄▅▅▇▇█▅▄▄▄▅▃▃▂▁▂▁▁▁▁▂▁▂▂▂▂▁▂▂▃▂▃▃▃
wandb:       val_loss █▇▅▄▄▃▃▃▃▃▃▃▂▂▂▂▂▂▂▂▂▂▂▂▂▂▂▁▁▁▁▁▁▁▁▁▁▁▁▁
wandb: 
wandb: Run summary:
wandb:          epoch 100
wandb: train_accuracy 50.49669
wandb:     train_loss 0.69487
wandb:   val_accuracy 49.01961
wandb:       val_loss 0.69348
wandb: 
wandb: 🚀 View run intphys2_linear_jepa_v1_vith16_384_layer_32/trial_0006 at: https://wandb.ai/caselli-niccolo-developer-university-of-amsterdam/probe4physics/runs/qjunf4qu
wandb: ⭐️ View project at: https://wandb.ai/caselli-niccolo-developer-university-of-amsterdam/probe4physics
wandb: Synced 4 W&B file(s), 0 media file(s), 0 artifact file(s) and 0 other file(s)
wandb: Find logs at: ./wandb/run-20260426_175023-qjunf4qu/logs
[I 2026-04-26 17:50:27,365] Trial 6 pruned. Pruned at epoch 100 with val_accuracy=49.0196
wandb: setting up run znmgb47g
wandb: Tracking run with wandb version 0.26.1
wandb: Run data is saved locally in /gpfs/home3/scur0511/Probe4Physics/wandb/run-20260426_175027-znmgb47g
wandb: Run `wandb offline` to turn off syncing.
wandb: Syncing run intphys2_linear_jepa_v1_vith16_384_layer_32/trial_0007
wandb: ⭐️ View project at https://wandb.ai/caselli-niccolo-developer-university-of-amsterdam/probe4physics
wandb: 🚀 View run at https://wandb.ai/caselli-niccolo-developer-university-of-amsterdam/probe4physics/runs/znmgb47g
wandb: updating run metadata
wandb: uploading wandb-metadata.json; uploading requirements.txt; uploading wandb-summary.json; uploading config.yaml
wandb: 
wandb: Run history:
wandb:          epoch ▁▁▁▂▂▂▂▂▃▃▃▃▃▄▄▄▄▄▄▅▅▅▅▅▅▅▆▆▆▆▇▇▇▇▇▇▇▇▇█
wandb: train_accuracy ▂▁▂▂▃▂▂▂▃▂▂▃▄▃▄▅▄▅▅▃▅▅▅▇▇▅▃▆▅▄▄▄▆▄▅▄█▆▄▆
wandb:     train_loss █▆▅▅▄▄▄▄▄▄▄▃▃▃▃▃▃▃▃▃▃▂▂▂▂▂▂▂▂▂▂▂▂▂▂▁▂▂▁▁
wandb:   val_accuracy ▅▁▄▄▃▅▄▆▆█▆▆▂▇▆▅▆▆▆▅▅▆▅▅▅▆▅▅▆▅▅▆▅▆▆▇▆▅▅▅
wandb:       val_loss █▅▅▄▄▄▃▃▃▃▃▃▃▃▃▃▃▃▂▃▂▂▂▂▂▂▂▂▂▂▂▂▂▁▁▁▁▁▁▁
wandb: 
wandb: Run summary:
wandb:          epoch 100
wandb: train_accuracy 55.62914
wandb:     train_loss 0.68598
wandb:   val_accuracy 51.47059
wandb:       val_loss 0.69145
wandb: 
wandb: 🚀 View run intphys2_linear_jepa_v1_vith16_384_layer_32/trial_0007 at: https://wandb.ai/caselli-niccolo-developer-university-of-amsterdam/probe4physics/runs/znmgb47g
wandb: ⭐️ View project at: https://wandb.ai/caselli-niccolo-developer-university-of-amsterdam/probe4physics
wandb: Synced 4 W&B file(s), 0 media file(s), 0 artifact file(s) and 0 other file(s)
wandb: Find logs at: ./wandb/run-20260426_175027-znmgb47g/logs
[I 2026-04-26 17:50:31,190] Trial 7 pruned. Pruned at epoch 100 with val_accuracy=51.4706
wandb: setting up run 25y40btz
wandb: Tracking run with wandb version 0.26.1
wandb: Run data is saved locally in /gpfs/home3/scur0511/Probe4Physics/wandb/run-20260426_175031-25y40btz
wandb: Run `wandb offline` to turn off syncing.
wandb: Syncing run intphys2_linear_jepa_v1_vith16_384_layer_32/trial_0008
wandb: ⭐️ View project at https://wandb.ai/caselli-niccolo-developer-university-of-amsterdam/probe4physics
wandb: 🚀 View run at https://wandb.ai/caselli-niccolo-developer-university-of-amsterdam/probe4physics/runs/25y40btz
[eval.intphys2] Starting eval | split_name=val split_dir=data/splits/intphys2 predictor_mode=from_file metadata_file=data/annotations/intphys2_metadata.csv
[eval.intphys2] Loaded split assignments | split_scenes=51 split_samples=204
[eval.intphys2] Generated predictions | n_predictions=204
[eval.intphys2] Scoring complete | accuracy=58.3333 voe_accuracy=37.2549 n_scenes=51 n_samples=204
[eval.intphys2] Artifacts written | output_dir=artifacts/probes/intphys2/intphys2_probe_linear_jepa_v1_vith16_384_20260426T152120Z/layer_32/train/trial_0008/val_eval
wandb: updating run metadata
wandb: uploading requirements.txt; uploading output.log; uploading wandb-summary.json; uploading config.yaml; uploading wandb-metadata.json
wandb: 
wandb: Run history:
wandb:          epoch ▁▁▁▁▁▂▂▂▂▃▃▃▃▃▃▄▄▄▄▄▄▅▅▅▅▆▆▆▆▆▇▇▇▇▇▇▇███
wandb: train_accuracy ▁▁▂▁▂▃▃▂▃▄▁▃▄▂▂▅▆▃▃▆▆▇▇▇▆▇▇▇▆▇█▇▆▅▆▆█▅▇█
wandb:     train_loss █▆▆▅▅▅▅▅▅▅▅▄▄▄▄▅▄▃▄▄▄▃▃▃▄▃▃▃▃▂▂▃▂▃▂▂▂▁▂▁
wandb:   val_accuracy ▁▁▄▄▂▃▃▁▂▃▂▂▄▃▅▄▃▅▃▅▄█▇█▅▄▅▂▄▁▂▁█▇▅█▄▇▆▆
wandb:       val_loss ██▇▆▆▆▅▅▅▅▄▅▄▄▄▃▃▃▃▃▂▂▂▂▂▂▂▂▂▂▂▂▁▁▂▁▁▁▁▁
wandb: 
wandb: Run summary:
wandb:           best_epoch 72
wandb:    best_val_accuracy 58.33333
wandb:        best_val_loss 0.68885
wandb: checkpoint_best_path artifacts/probes/int...
wandb: checkpoint_last_path artifacts/probes/int...
wandb:      checkpoint_path artifacts/probes/int...
wandb:              dataset intphys2
wandb:      elapsed_seconds 2.88109
wandb:                epoch 100
wandb:    feature_signature 78346a9facde6609
wandb:                  +22 ...
wandb: 
wandb: 🚀 View run intphys2_linear_jepa_v1_vith16_384_layer_32/trial_0008 at: https://wandb.ai/caselli-niccolo-developer-university-of-amsterdam/probe4physics/runs/25y40btz
wandb: ⭐️ View project at: https://wandb.ai/caselli-niccolo-developer-university-of-amsterdam/probe4physics
wandb: Synced 5 W&B file(s), 0 media file(s), 0 artifact file(s) and 0 other file(s)
wandb: Find logs at: ./wandb/run-20260426_175031-25y40btz/logs
[I 2026-04-26 17:50:35,159] Trial 8 finished with value: 37.254901960784316 and parameters: {'lr': 0.0003699972431463808, 'weight_decay': 3.6749049453053196e-06, 'batch_size': 256, 'epochs': 100}. Best is trial 0 with value: 47.05882352941176.
wandb: setting up run 0qkej2xf
wandb: Tracking run with wandb version 0.26.1
wandb: Run data is saved locally in /gpfs/home3/scur0511/Probe4Physics/wandb/run-20260426_175035-0qkej2xf
wandb: Run `wandb offline` to turn off syncing.
wandb: Syncing run intphys2_linear_jepa_v1_vith16_384_layer_32/trial_0009
wandb: ⭐️ View project at https://wandb.ai/caselli-niccolo-developer-university-of-amsterdam/probe4physics
wandb: 🚀 View run at https://wandb.ai/caselli-niccolo-developer-university-of-amsterdam/probe4physics/runs/0qkej2xf
wandb: updating run metadata
wandb: uploading wandb-metadata.json; uploading requirements.txt; uploading wandb-summary.json; uploading config.yaml
wandb: uploading requirements.txt
wandb: 
wandb: Run history:
wandb:          epoch ▁▁▁▂▂▂▂▂▃▃▃▃▃▃▄▄▄▄▄▅▅▅▆▆▆▆▆▇▇▇▇▇▇▇▇▇▇▇██
wandb: train_accuracy ▃▃▁▁▂▃▄▄▄▃▃▅▂▂▄▃▄▃▄▅▅▅▅▅▅▆▅▇▆▅▆▆▆▆▇▇▆▆▇█
wandb:     train_loss █▄▃▃▃▃▃▃▃▃▃▃▂▃▃▃▂▂▂▂▂▂▂▂▂▂▂▂▂▁▁▁▁▁▁▁▁▁▁▁
wandb:   val_accuracy ▄▃▂▂▅▅▅▅▁▁▂▃▃▃▅▂▄▅▄▄▃▅▅▇▆▇▅▆▆▆▇█▆▅▃▆▅▅▇▆
wandb:       val_loss █▂▂▂▂▂▂▂▂▂▂▂▂▂▂▁▁▁▁▁▁▁▁▁▁▁▁▁▁▁▁▁▁▁▁▁▁▁▁▁
wandb: 
wandb: Run summary:
wandb:          epoch 100
wandb: train_accuracy 54.30464
wandb:     train_loss 0.69051
wandb:   val_accuracy 51.47059
wandb:       val_loss 0.6915
wandb: 
wandb: 🚀 View run intphys2_linear_jepa_v1_vith16_384_layer_32/trial_0009 at: https://wandb.ai/caselli-niccolo-developer-university-of-amsterdam/probe4physics/runs/0qkej2xf
wandb: ⭐️ View project at: https://wandb.ai/caselli-niccolo-developer-university-of-amsterdam/probe4physics
wandb: Synced 4 W&B file(s), 0 media file(s), 0 artifact file(s) and 0 other file(s)
wandb: Find logs at: ./wandb/run-20260426_175035-0qkej2xf/logs
[I 2026-04-26 17:50:39,305] Trial 9 pruned. Pruned at epoch 100 with val_accuracy=51.4706
wandb: setting up run 3567e9od
wandb: Tracking run with wandb version 0.26.1
wandb: Run data is saved locally in /gpfs/home3/scur0511/Probe4Physics/wandb/run-20260426_175039-3567e9od
wandb: Run `wandb offline` to turn off syncing.
wandb: Syncing run intphys2_linear_jepa_v1_vith16_384_layer_32/trial_0010
wandb: ⭐️ View project at https://wandb.ai/caselli-niccolo-developer-university-of-amsterdam/probe4physics
wandb: 🚀 View run at https://wandb.ai/caselli-niccolo-developer-university-of-amsterdam/probe4physics/runs/3567e9od
[eval.intphys2] Starting eval | split_name=val split_dir=data/splits/intphys2 predictor_mode=from_file metadata_file=data/annotations/intphys2_metadata.csv
[eval.intphys2] Loaded split assignments | split_scenes=51 split_samples=204
[eval.intphys2] Generated predictions | n_predictions=204
[eval.intphys2] Scoring complete | accuracy=67.6471 voe_accuracy=45.0980 n_scenes=51 n_samples=204
[eval.intphys2] Artifacts written | output_dir=artifacts/probes/intphys2/intphys2_probe_linear_jepa_v1_vith16_384_20260426T152120Z/layer_32/train/trial_0010/val_eval
wandb: updating run metadata
wandb: 
wandb: Run history:
wandb:          epoch ▁▁▁▂▂▂▂▂▂▂▃▃▃▃▃▃▃▄▄▄▄▄▅▅▅▆▆▆▆▆▆▆▆▇▇▇▇▇██
wandb: train_accuracy ▁▁▁▂▁▂▄▄▄▄▄▅▅▅▅▆▅▆▆▅▆▇▇▇▇▇▇▇▆▇█▇██▇█▇███
wandb:     train_loss ██▇▆▇▆▆▅▅▅▄▄▄▄▄▃▃▃▃▃▃▃▃▂▂▂▂▂▂▂▁▁▁▁▂▂▁▁▁▁
wandb:   val_accuracy ▁▂▃▄▅▆▅▆▅▆▃▆▅▅▅▇▇▆▇▆▇██▇█▆▇▅▇█▇▆▆▇▆▇▆▇▆▅
wandb:       val_loss ▁▁▁▁▂▁▂▂▂▂▂▂▃▃▃▃▄▃▄▄▅▄▅▅▅▆▆▆▆▆▆▆▆▆▆▆▇█▇▇
wandb: 
wandb: Run summary:
wandb:           best_epoch 881
wandb:    best_val_accuracy 67.64706
wandb:        best_val_loss 0.84344
wandb: checkpoint_best_path artifacts/probes/int...
wandb: checkpoint_last_path artifacts/probes/int...
wandb:      checkpoint_path artifacts/probes/int...
wandb:              dataset intphys2
wandb:      elapsed_seconds 101.59024
wandb:                epoch 2000
wandb:    feature_signature 78346a9facde6609
wandb:                  +22 ...
wandb: 
wandb: 🚀 View run intphys2_linear_jepa_v1_vith16_384_layer_32/trial_0010 at: https://wandb.ai/caselli-niccolo-developer-university-of-amsterdam/probe4physics/runs/3567e9od
wandb: ⭐️ View project at: https://wandb.ai/caselli-niccolo-developer-university-of-amsterdam/probe4physics
wandb: Synced 5 W&B file(s), 0 media file(s), 0 artifact file(s) and 0 other file(s)
wandb: Find logs at: ./wandb/run-20260426_175039-3567e9od/logs
[I 2026-04-26 17:52:22,142] Trial 10 finished with value: 45.09803921568628 and parameters: {'lr': 0.002146403547714585, 'weight_decay': 0.003955232336089218, 'batch_size': 64, 'epochs': 2000}. Best is trial 0 with value: 47.05882352941176.
wandb: setting up run y4b41c54
wandb: Tracking run with wandb version 0.26.1
wandb: Run data is saved locally in /gpfs/home3/scur0511/Probe4Physics/wandb/run-20260426_175222-y4b41c54
wandb: Run `wandb offline` to turn off syncing.
wandb: Syncing run intphys2_linear_jepa_v1_vith16_384_layer_32/trial_0011
wandb: ⭐️ View project at https://wandb.ai/caselli-niccolo-developer-university-of-amsterdam/probe4physics
wandb: 🚀 View run at https://wandb.ai/caselli-niccolo-developer-university-of-amsterdam/probe4physics/runs/y4b41c54
[eval.intphys2] Starting eval | split_name=val split_dir=data/splits/intphys2 predictor_mode=from_file metadata_file=data/annotations/intphys2_metadata.csv
[eval.intphys2] Loaded split assignments | split_scenes=51 split_samples=204
[eval.intphys2] Generated predictions | n_predictions=204
[eval.intphys2] Scoring complete | accuracy=55.8824 voe_accuracy=37.2549 n_scenes=51 n_samples=204
[eval.intphys2] Artifacts written | output_dir=artifacts/probes/intphys2/intphys2_probe_linear_jepa_v1_vith16_384_20260426T152120Z/layer_32/train/trial_0011/val_eval
wandb: updating run metadata
wandb: uploading wandb-metadata.json; uploading requirements.txt; uploading output.log; uploading wandb-summary.json; uploading config.yaml
wandb: 
wandb: Run history:
wandb:          epoch ▁▁▂▂▂▃▃▄▄▄▅▅▅▆▆▇▇▇██
wandb: train_accuracy ▂▅▂▃▁▃▄▃▅▅▄▄▆▆▇█▆▆▃▆
wandb:     train_loss █▃▃▃▃▃▂▃▂▂▃▂▂▁▁▁▂▂▃▁
wandb:   val_accuracy ▂▂▂▁▃▆▆▄▆█▄▇▃▄▅▅▄▂▂▃
wandb:       val_loss █▄▃▃▂▂▂▂▂▁▂▂▂▂▁▁▁▂▄▃
wandb: 
wandb: Run summary:
wandb:           best_epoch 10
wandb:    best_val_accuracy 55.88235
wandb:        best_val_loss 0.69061
wandb: checkpoint_best_path artifacts/probes/int...
wandb: checkpoint_last_path artifacts/probes/int...
wandb:      checkpoint_path artifacts/probes/int...
wandb:              dataset intphys2
wandb:      elapsed_seconds 1.31593
wandb:                epoch 20
wandb:    feature_signature 78346a9facde6609
wandb:                  +22 ...
wandb: 
wandb: 🚀 View run intphys2_linear_jepa_v1_vith16_384_layer_32/trial_0011 at: https://wandb.ai/caselli-niccolo-developer-university-of-amsterdam/probe4physics/runs/y4b41c54
wandb: ⭐️ View project at: https://wandb.ai/caselli-niccolo-developer-university-of-amsterdam/probe4physics
wandb: Synced 5 W&B file(s), 0 media file(s), 0 artifact file(s) and 0 other file(s)
wandb: Find logs at: ./wandb/run-20260426_175222-y4b41c54/logs
[I 2026-04-26 17:52:24,499] Trial 11 finished with value: 37.254901960784316 and parameters: {'lr': 0.0009028168422346196, 'weight_decay': 0.00013851041848413182, 'batch_size': 64, 'epochs': 20}. Best is trial 0 with value: 47.05882352941176.
wandb: setting up run g91wm45a
wandb: Tracking run with wandb version 0.26.1
wandb: Run data is saved locally in /gpfs/home3/scur0511/Probe4Physics/wandb/run-20260426_175224-g91wm45a
wandb: Run `wandb offline` to turn off syncing.
wandb: Syncing run intphys2_linear_jepa_v1_vith16_384_layer_32/trial_0012
wandb: ⭐️ View project at https://wandb.ai/caselli-niccolo-developer-university-of-amsterdam/probe4physics
wandb: 🚀 View run at https://wandb.ai/caselli-niccolo-developer-university-of-amsterdam/probe4physics/runs/g91wm45a
wandb: updating run metadata
wandb: uploading requirements.txt; uploading wandb-summary.json; uploading config.yaml; uploading wandb-metadata.json
wandb: 
wandb: Run history:
wandb:          epoch ▁▁▁▁▂▂▂▂▂▂▂▃▃▃▃▃▄▄▄▄▄▅▅▅▅▅▆▆▆▆▆▆▆▇▇▇▇▇██
wandb: train_accuracy ▆▆▆▅▄▄▅▅▄▆▄▅▄▄▃▃▃▃▂▁▁▃▄▄▂▃▄▅▄▄▃▆▄▅▄▆▄▅▇█
wandb:     train_loss ██▇▆▅▅▄▄▄▄▄▄▄▃▃▄▃▃▃▃▃▃▃▂▂▃▂▂▂▂▂▁▂▂▁▁▁▁▁▁
wandb:   val_accuracy ▁▃▃▂▂▂▂▂▃▃▂▄▄▂▃▅▅▂▃▃▅▆▆▆▅▇▅▅▅▆▆▆▆▆█▄█▇▇▇
wandb:       val_loss █▇▆▆▅▅▄▄▄▄▃▃▃▃▃▃▃▃▃▂▂▂▂▂▂▂▂▂▂▂▁▁▁▁▁▁▁▁▁▁
wandb: 
wandb: Run summary:
wandb:          epoch 101
wandb: train_accuracy 50.99338
wandb:     train_loss 0.69146
wandb:   val_accuracy 55.39216
wandb:       val_loss 0.69178
wandb: 
wandb: 🚀 View run intphys2_linear_jepa_v1_vith16_384_layer_32/trial_0012 at: https://wandb.ai/caselli-niccolo-developer-university-of-amsterdam/probe4physics/runs/g91wm45a
wandb: ⭐️ View project at: https://wandb.ai/caselli-niccolo-developer-university-of-amsterdam/probe4physics
wandb: Synced 4 W&B file(s), 0 media file(s), 0 artifact file(s) and 0 other file(s)
wandb: Find logs at: ./wandb/run-20260426_175224-g91wm45a/logs
[I 2026-04-26 17:52:28,359] Trial 12 pruned. Pruned at epoch 101 with val_accuracy=55.3922
wandb: setting up run f63oqb0z
wandb: Tracking run with wandb version 0.26.1
wandb: Run data is saved locally in /gpfs/home3/scur0511/Probe4Physics/wandb/run-20260426_175228-f63oqb0z
wandb: Run `wandb offline` to turn off syncing.
wandb: Syncing run intphys2_linear_jepa_v1_vith16_384_layer_32/trial_0013
wandb: ⭐️ View project at https://wandb.ai/caselli-niccolo-developer-university-of-amsterdam/probe4physics
wandb: 🚀 View run at https://wandb.ai/caselli-niccolo-developer-university-of-amsterdam/probe4physics/runs/f63oqb0z
wandb: updating run metadata
wandb: uploading config.yaml; uploading wandb-metadata.json; uploading requirements.txt; uploading wandb-summary.json
wandb: 
wandb: Run history:
wandb:          epoch ▁▁▁▁▁▂▂▂▂▂▂▂▂▃▃▃▃▃▃▄▄▄▅▅▅▆▆▆▆▆▆▆▇▇▇▇████
wandb: train_accuracy ▂▁▁▂▂▃▂▄▂▄▂▄▄▃▅▅▄▆▅▆▅▆▆▆▆▆▆▅▇▇▆▇▆▅▆▇▇▄▆█
wandb:     train_loss ██▇█▇▇▇▆▇▇▅▅▅▆▅▄▄▅▄▄▄▄▄▃▃▃▃▃▃▃▃▂▂▄▂▂▁▁▁▃
wandb:   val_accuracy ▂▄▁▃▆▄█▅▅▇▇▅▆▃▆▄▆▆▅▃▇▄█▆▅▆▅▅▇▇▅▅▄█▇▅▇▆██
wandb:       val_loss ████▇▆▆▆▆▆▆▆▅▄▄▄▅▄▄▄▄▃▄▃▃▃▃▃▂▃▂▃▂▂▂▂▂▂▂▁
wandb: 
wandb: Run summary:
wandb:          epoch 100
wandb: train_accuracy 64.90066
wandb:     train_loss 0.66787
wandb:   val_accuracy 54.90196
wandb:       val_loss 0.68208
wandb: 
wandb: 🚀 View run intphys2_linear_jepa_v1_vith16_384_layer_32/trial_0013 at: https://wandb.ai/caselli-niccolo-developer-university-of-amsterdam/probe4physics/runs/f63oqb0z
wandb: ⭐️ View project at: https://wandb.ai/caselli-niccolo-developer-university-of-amsterdam/probe4physics
wandb: Synced 4 W&B file(s), 0 media file(s), 0 artifact file(s) and 0 other file(s)
wandb: Find logs at: ./wandb/run-20260426_175228-f63oqb0z/logs
[I 2026-04-26 17:52:33,086] Trial 13 pruned. Pruned at epoch 100 with val_accuracy=54.9020
wandb: setting up run haf14er3
wandb: Tracking run with wandb version 0.26.1
wandb: Run data is saved locally in /gpfs/home3/scur0511/Probe4Physics/wandb/run-20260426_175233-haf14er3
wandb: Run `wandb offline` to turn off syncing.
wandb: Syncing run intphys2_linear_jepa_v1_vith16_384_layer_32/trial_0014
wandb: ⭐️ View project at https://wandb.ai/caselli-niccolo-developer-university-of-amsterdam/probe4physics
wandb: 🚀 View run at https://wandb.ai/caselli-niccolo-developer-university-of-amsterdam/probe4physics/runs/haf14er3
[eval.intphys2] Starting eval | split_name=val split_dir=data/splits/intphys2 predictor_mode=from_file metadata_file=data/annotations/intphys2_metadata.csv
[eval.intphys2] Loaded split assignments | split_scenes=51 split_samples=204
[eval.intphys2] Generated predictions | n_predictions=204
[eval.intphys2] Scoring complete | accuracy=66.1765 voe_accuracy=43.1373 n_scenes=51 n_samples=204
[eval.intphys2] Artifacts written | output_dir=artifacts/probes/intphys2/intphys2_probe_linear_jepa_v1_vith16_384_20260426T152120Z/layer_32/train/trial_0014/val_eval
wandb: updating run metadata
wandb: uploading wandb-summary.json; uploading config.yaml; uploading output.log
wandb: 
wandb: Run history:
wandb:          epoch ▁▁▁▁▂▂▂▂▃▃▃▃▃▃▃▃▃▄▄▄▄▄▄▄▅▅▅▅▆▆▆▆▇▇▇▇████
wandb: train_accuracy ▁▂▄▅▅▆▆▆▅▆▆▇▇▆▇▇▇▇▇▇▇▆▆▇█▆███████████▇██
wandb:     train_loss ██▇▇▇▆▆▅▆▅▅▄▄▄▄▃▃▃▃▃▃▃▃▃▃▂▂▂▂▂▂▁▁▂▁▁▂▁▁▁
wandb:   val_accuracy ▁▃▄▅▅▆▆▅▄▅▄▆▆▅▆▅▅▆█▆▇▆▇▆▇▆▇▆▆▇▇██▇█▆██▇▇
wandb:       val_loss ▁▁▁▁▁▂▁▂▂▂▂▂▂▂▂▂▃▄▃▃▄▄▄▅▅▅▅▅▅█▆▆▇▇▇▇█▇██
wandb: 
wandb: Run summary:
wandb:           best_epoch 609
wandb:    best_val_accuracy 66.17647
wandb:        best_val_loss 0.74812
wandb: checkpoint_best_path artifacts/probes/int...
wandb: checkpoint_last_path artifacts/probes/int...
wandb:      checkpoint_path artifacts/probes/int...
wandb:              dataset intphys2
wandb:      elapsed_seconds 40.65021
wandb:                epoch 1000
wandb:    feature_signature 78346a9facde6609
wandb:                  +22 ...
wandb: 
wandb: 🚀 View run intphys2_linear_jepa_v1_vith16_384_layer_32/trial_0014 at: https://wandb.ai/caselli-niccolo-developer-university-of-amsterdam/probe4physics/runs/haf14er3
wandb: ⭐️ View project at: https://wandb.ai/caselli-niccolo-developer-university-of-amsterdam/probe4physics
wandb: Synced 5 W&B file(s), 0 media file(s), 0 artifact file(s) and 0 other file(s)
wandb: Find logs at: ./wandb/run-20260426_175233-haf14er3/logs
[I 2026-04-26 17:53:14,793] Trial 14 finished with value: 43.13725490196079 and parameters: {'lr': 0.0009550389696130119, 'weight_decay': 0.0006287181301801359, 'batch_size': 32, 'epochs': 1000}. Best is trial 0 with value: 47.05882352941176.
wandb: setting up run tivdyc3e
wandb: Tracking run with wandb version 0.26.1
wandb: Run data is saved locally in /gpfs/home3/scur0511/Probe4Physics/wandb/run-20260426_175315-tivdyc3e
wandb: Run `wandb offline` to turn off syncing.
wandb: Syncing run intphys2_linear_jepa_v1_vith16_384_layer_32/trial_0015
wandb: ⭐️ View project at https://wandb.ai/caselli-niccolo-developer-university-of-amsterdam/probe4physics
wandb: 🚀 View run at https://wandb.ai/caselli-niccolo-developer-university-of-amsterdam/probe4physics/runs/tivdyc3e
[eval.intphys2] Starting eval | split_name=val split_dir=data/splits/intphys2 predictor_mode=from_file metadata_file=data/annotations/intphys2_metadata.csv
[eval.intphys2] Loaded split assignments | split_scenes=51 split_samples=204
[eval.intphys2] Generated predictions | n_predictions=204
[eval.intphys2] Scoring complete | accuracy=51.9608 voe_accuracy=11.7647 n_scenes=51 n_samples=204
[eval.intphys2] Artifacts written | output_dir=artifacts/probes/intphys2/intphys2_probe_linear_jepa_v1_vith16_384_20260426T152120Z/layer_32/train/trial_0015/val_eval
wandb: updating run metadata
wandb: uploading output.log; uploading wandb-summary.json; uploading config.yaml; uploading wandb-metadata.json; uploading requirements.txt
wandb: uploading wandb-summary.json; uploading config.yaml; uploading wandb-metadata.json; uploading requirements.txt
wandb: 
wandb: Run history:
wandb:          epoch ▁▁▂▂▂▃▃▄▄▄▅▅▅▆▆▇▇▇██
wandb: train_accuracy ▅▆▆▂█▄▁▅▇▅▅▄▄▅▇▆▇▅▄▅
wandb:     train_loss █▆▄▃▂▃▂▂▁▂▂▁▂▂▂▂▂▁▁▁
wandb:   val_accuracy ▁▄▁▁▁▂▅▇███▇▅▅▇▂▁▂▄▁
wandb:       val_loss █▅▃▂▂▂▂▃▃▃▂▂▂▂▂▁▁▁▁▁
wandb: 
wandb: Run summary:
wandb:           best_epoch 11
wandb:    best_val_accuracy 51.96078
wandb:        best_val_loss 0.69547
wandb: checkpoint_best_path artifacts/probes/int...
wandb: checkpoint_last_path artifacts/probes/int...
wandb:      checkpoint_path artifacts/probes/int...
wandb:              dataset intphys2
wandb:      elapsed_seconds 1.28594
wandb:                epoch 20
wandb:    feature_signature 78346a9facde6609
wandb:                  +22 ...
wandb: 
wandb: 🚀 View run intphys2_linear_jepa_v1_vith16_384_layer_32/trial_0015 at: https://wandb.ai/caselli-niccolo-developer-university-of-amsterdam/probe4physics/runs/tivdyc3e
wandb: ⭐️ View project at: https://wandb.ai/caselli-niccolo-developer-university-of-amsterdam/probe4physics
wandb: Synced 5 W&B file(s), 0 media file(s), 0 artifact file(s) and 0 other file(s)
wandb: Find logs at: ./wandb/run-20260426_175315-tivdyc3e/logs
[I 2026-04-26 17:53:17,528] Trial 15 finished with value: 11.76470588235294 and parameters: {'lr': 2.990630550212624e-05, 'weight_decay': 4.792092864251368e-05, 'batch_size': 128, 'epochs': 20}. Best is trial 0 with value: 47.05882352941176.
wandb: setting up run gj45m8du
wandb: Tracking run with wandb version 0.26.1
wandb: Run data is saved locally in /gpfs/home3/scur0511/Probe4Physics/wandb/run-20260426_175317-gj45m8du
wandb: Run `wandb offline` to turn off syncing.
wandb: Syncing run intphys2_linear_jepa_v1_vith16_384_layer_32/trial_0016
wandb: ⭐️ View project at https://wandb.ai/caselli-niccolo-developer-university-of-amsterdam/probe4physics
wandb: 🚀 View run at https://wandb.ai/caselli-niccolo-developer-university-of-amsterdam/probe4physics/runs/gj45m8du
wandb: updating run metadata
wandb: uploading wandb-metadata.json; uploading requirements.txt; uploading wandb-summary.json; uploading config.yaml
wandb: uploading requirements.txt
wandb: 
wandb: Run history:
wandb:          epoch ▁▁▁▁▂▂▂▂▃▃▃▃▃▃▃▄▄▄▄▄▄▅▅▅▅▅▅▅▅▅▆▆▆▆▇▇▇▇██
wandb: train_accuracy ▁▁▂▃▃▃▂▃▃▅▂▄▅▄▆▄▄▄▅▅▄▅▅▇▇▆▆▇▆▇▇▇▇▇▇▅▆█▅▇
wandb:     train_loss █▆▇▆▆▅▅▅▅▆▅▄▅▄▄▄▄▅▄▃▄▄▃▃▃▃▃▃▃▂▂▂▂▁▂▂▂▁▂▁
wandb:   val_accuracy ▂▃▂▁▂▁▇▂▃▂▄▃▅▂▄▅▇▆▅▄▄▅▄▂▄▅▄▄▅▆▆▅▆▅▅▅▅█▇▅
wandb:       val_loss █▇▆▆▅▅▅▆▄▄▅▄▄▄▅▄▄▄▃▄▃▃▄▃▃▃▂▂▂▂▃▃▂▂▄▂▃▃▂▁
wandb: 
wandb: Run summary:
wandb:          epoch 105
wandb: train_accuracy 66.88742
wandb:     train_loss 0.65992
wandb:   val_accuracy 55.88235
wandb:       val_loss 0.6808
wandb: 
wandb: 🚀 View run intphys2_linear_jepa_v1_vith16_384_layer_32/trial_0016 at: https://wandb.ai/caselli-niccolo-developer-university-of-amsterdam/probe4physics/runs/gj45m8du
wandb: ⭐️ View project at: https://wandb.ai/caselli-niccolo-developer-university-of-amsterdam/probe4physics
wandb: Synced 4 W&B file(s), 0 media file(s), 0 artifact file(s) and 0 other file(s)
wandb: Find logs at: ./wandb/run-20260426_175317-gj45m8du/logs
[I 2026-04-26 17:53:21,832] Trial 16 pruned. Pruned at epoch 105 with val_accuracy=55.8824
wandb: setting up run aturzfoy
wandb: Tracking run with wandb version 0.26.1
wandb: Run data is saved locally in /gpfs/home3/scur0511/Probe4Physics/wandb/run-20260426_175322-aturzfoy
wandb: Run `wandb offline` to turn off syncing.
wandb: Syncing run intphys2_linear_jepa_v1_vith16_384_layer_32/trial_0017
wandb: ⭐️ View project at https://wandb.ai/caselli-niccolo-developer-university-of-amsterdam/probe4physics
wandb: 🚀 View run at https://wandb.ai/caselli-niccolo-developer-university-of-amsterdam/probe4physics/runs/aturzfoy
[eval.intphys2] Starting eval | split_name=val split_dir=data/splits/intphys2 predictor_mode=from_file metadata_file=data/annotations/intphys2_metadata.csv
[eval.intphys2] Loaded split assignments | split_scenes=51 split_samples=204
[eval.intphys2] Generated predictions | n_predictions=204
[eval.intphys2] Scoring complete | accuracy=67.1569 voe_accuracy=45.0980 n_scenes=51 n_samples=204
[eval.intphys2] Artifacts written | output_dir=artifacts/probes/intphys2/intphys2_probe_linear_jepa_v1_vith16_384_20260426T152120Z/layer_32/train/trial_0017/val_eval
wandb: updating run metadata
wandb: uploading output.log; uploading wandb-summary.json; uploading config.yaml
wandb: 
wandb: Run history:
wandb:          epoch ▁▁▁▁▂▂▃▃▃▃▃▄▄▄▄▅▅▅▅▅▅▅▅▅▅▆▆▆▆▆▆▇▇▇▇▇▇███
wandb: train_accuracy ▂▁▁▃▂▄▄▃▅▄▄▄▅▆▆▆▆▆▆▆▆▆▆▆▇▇▇▆▇▇█▇▇▇▇█████
wandb:     train_loss █▇▇▅▅▅▅▅▄▄▅▃▃▂▃▂▂▂▂▂▂▂▂▂▂▂▂▂▂▂▂▂▂▂▂▁▁▁▁▁
wandb:   val_accuracy ▂▁▆▆▅▆▆▆▅▆▇▄▇▄▆▆▇▆█▅▄▅▅▆▄▆▆▆▆▅▅▄▆▆▃▄▅▄▄▃
wandb:       val_loss ▁▂▁▁▂▂▂▃▃▃▃▄▃▃▃▃▄▄▄▄▅▅▅▅▅▅▆▆▆▆▆▆▆▇▇▇█▇▇█
wandb: 
wandb: Run summary:
wandb:           best_epoch 450
wandb:    best_val_accuracy 67.15686
wandb:        best_val_loss 0.99826
wandb: checkpoint_best_path artifacts/probes/int...
wandb: checkpoint_last_path artifacts/probes/int...
wandb:      checkpoint_path artifacts/probes/int...
wandb:              dataset intphys2
wandb:      elapsed_seconds 101.46459
wandb:                epoch 2000
wandb:    feature_signature 78346a9facde6609
wandb:                  +22 ...
wandb: 
wandb: 🚀 View run intphys2_linear_jepa_v1_vith16_384_layer_32/trial_0017 at: https://wandb.ai/caselli-niccolo-developer-university-of-amsterdam/probe4physics/runs/aturzfoy
wandb: ⭐️ View project at: https://wandb.ai/caselli-niccolo-developer-university-of-amsterdam/probe4physics
wandb: Synced 5 W&B file(s), 0 media file(s), 0 artifact file(s) and 0 other file(s)
wandb: Find logs at: ./wandb/run-20260426_175322-aturzfoy/logs
[I 2026-04-26 17:55:04,373] Trial 17 finished with value: 45.09803921568628 and parameters: {'lr': 0.007985634897281529, 'weight_decay': 1.2297660068623619e-05, 'batch_size': 64, 'epochs': 2000}. Best is trial 0 with value: 47.05882352941176.
wandb: setting up run 37eotssj
wandb: Tracking run with wandb version 0.26.1
wandb: Run data is saved locally in /gpfs/home3/scur0511/Probe4Physics/wandb/run-20260426_175504-37eotssj
wandb: Run `wandb offline` to turn off syncing.
wandb: Syncing run intphys2_linear_jepa_v1_vith16_384_layer_32/trial_0018
wandb: ⭐️ View project at https://wandb.ai/caselli-niccolo-developer-university-of-amsterdam/probe4physics
wandb: 🚀 View run at https://wandb.ai/caselli-niccolo-developer-university-of-amsterdam/probe4physics/runs/37eotssj
wandb: updating run metadata
wandb: uploading wandb-metadata.json; uploading requirements.txt; uploading wandb-summary.json; uploading config.yaml
wandb: 
wandb: Run history:
wandb:          epoch ▁▁▂▂▂▂▃▃▃▃▃▃▃▃▃▄▄▄▄▄▅▅▅▅▅▅▅▅▆▆▆▆▆▇▇▇████
wandb: train_accuracy ▁▁▂▁▂▂▂▂▃▂▃▃▃▂▄▅▄▅▅▅▆▆▆▄▄▆▄▆▄▄▆▇▅▆█▆▇▇▇█
wandb:     train_loss █▆▆▆▆▅▅▅▅▅▄▄▄▄▄▃▃▃▃▃▃▃▃▃▃▃▂▂▂▂▂▂▂▂▂▂▁▁▁▁
wandb:   val_accuracy ▂▄▁▂▃▃▄▄▂▃▄▄▄▆█▄▇█▇▄▇▆▅▄▇▅▇▆▆▆▆▆▇▇█▇▇▇▆▆
wandb:       val_loss ██▇▆▆▅▅▅▅▅▅▅▅▄▄▄▄▄▄▄▃▃▃▃▃▃▃▃▂▂▂▂▂▂▂▁▁▁▁▁
wandb: 
wandb: Run summary:
wandb:          epoch 145
wandb: train_accuracy 65.39735
wandb:     train_loss 0.67801
wandb:   val_accuracy 57.35294
wandb:       val_loss 0.68701
wandb: 
wandb: 🚀 View run intphys2_linear_jepa_v1_vith16_384_layer_32/trial_0018 at: https://wandb.ai/caselli-niccolo-developer-university-of-amsterdam/probe4physics/runs/37eotssj
wandb: ⭐️ View project at: https://wandb.ai/caselli-niccolo-developer-university-of-amsterdam/probe4physics
wandb: Synced 4 W&B file(s), 0 media file(s), 0 artifact file(s) and 0 other file(s)
wandb: Find logs at: ./wandb/run-20260426_175504-37eotssj/logs
[I 2026-04-26 17:55:09,393] Trial 18 pruned. Pruned at epoch 145 with val_accuracy=57.3529
wandb: setting up run 61p3jo0w
wandb: Tracking run with wandb version 0.26.1
wandb: Run data is saved locally in /gpfs/home3/scur0511/Probe4Physics/wandb/run-20260426_175509-61p3jo0w
wandb: Run `wandb offline` to turn off syncing.
wandb: Syncing run intphys2_linear_jepa_v1_vith16_384_layer_32/trial_0019
wandb: ⭐️ View project at https://wandb.ai/caselli-niccolo-developer-university-of-amsterdam/probe4physics
wandb: 🚀 View run at https://wandb.ai/caselli-niccolo-developer-university-of-amsterdam/probe4physics/runs/61p3jo0w
wandb: updating run metadata
wandb: uploading wandb-metadata.json; uploading requirements.txt; uploading wandb-summary.json; uploading config.yaml
wandb: 
wandb: Run history:
wandb:          epoch ▁▁▁▂▂▂▂▃▃▃▄▄▄▄▄▄▅▅▅▅▅▅▅▅▆▆▆▆▆▆▇▇▇▇▇▇▇███
wandb: train_accuracy ▁▂▁▂▁▁▂▂▂▃▄▄▃▅▄▅▄▅▆▆▄▆▅▅▆▆▆▆▆▆▆▆▇▇▇██▇▇▇
wandb:     train_loss █▇▇▇▇▆▇▆▆▅▆▅▅▅▅▅▄▄▅▅▄▄▄▃▃▃▃▃▃▃▂▃▂▂▂▁▂▁▁▁
wandb:   val_accuracy ▂▁▁▃▁▂▅▄▆▄▅▂▅▂▇▆▄▄▃▅▇▄▄▇▆▇▆▇▄▇▇▇▄██▇▆▅▄▅
wandb:       val_loss █▅▅▅▅▅▄▄▄▄▄▃▃▃▃▃▃▃▃▂▂▂▂▂▂▂▂▁▁▂▁▂▁▁▁▁▁▁▁▁
wandb: 
wandb: Run summary:
wandb:          epoch 128
wandb: train_accuracy 63.90728
wandb:     train_loss 0.66483
wandb:   val_accuracy 55.88235
wandb:       val_loss 0.68214
wandb: 
wandb: 🚀 View run intphys2_linear_jepa_v1_vith16_384_layer_32/trial_0019 at: https://wandb.ai/caselli-niccolo-developer-university-of-amsterdam/probe4physics/runs/61p3jo0w
wandb: ⭐️ View project at: https://wandb.ai/caselli-niccolo-developer-university-of-amsterdam/probe4physics
wandb: Synced 4 W&B file(s), 0 media file(s), 0 artifact file(s) and 0 other file(s)
wandb: Find logs at: ./wandb/run-20260426_175509-61p3jo0w/logs
[I 2026-04-26 17:55:15,023] Trial 19 pruned. Pruned at epoch 128 with val_accuracy=55.8824
[eval.intphys2] Starting eval | split_name=train split_dir=data/splits/intphys2 predictor_mode=from_file metadata_file=data/annotations/intphys2_metadata.csv
[eval.intphys2] Loaded split assignments | split_scenes=151 split_samples=604
[eval.intphys2] Generated predictions | n_predictions=604
[eval.intphys2] Scoring complete | accuracy=77.8146 voe_accuracy=64.2384 n_scenes=151 n_samples=604
[eval.intphys2] Artifacts written | output_dir=artifacts/probes/intphys2/intphys2_probe_linear_jepa_v1_vith16_384_20260426T152120Z/layer_32/eval/train
[eval.intphys2] Starting eval | split_name=val split_dir=data/splits/intphys2 predictor_mode=from_file metadata_file=data/annotations/intphys2_metadata.csv
[eval.intphys2] Loaded split assignments | split_scenes=51 split_samples=204
[eval.intphys2] Generated predictions | n_predictions=204
[eval.intphys2] Scoring complete | accuracy=63.7255 voe_accuracy=47.0588 n_scenes=51 n_samples=204
[eval.intphys2] Artifacts written | output_dir=artifacts/probes/intphys2/intphys2_probe_linear_jepa_v1_vith16_384_20260426T152120Z/layer_32/eval/val
[eval.intphys2] Starting eval | split_name=test split_dir=data/splits/intphys2 predictor_mode=from_file metadata_file=data/annotations/intphys2_metadata.csv
[eval.intphys2] Loaded split assignments | split_scenes=51 split_samples=204
[eval.intphys2] Generated predictions | n_predictions=204
[eval.intphys2] Scoring complete | accuracy=62.2549 voe_accuracy=47.0588 n_scenes=51 n_samples=204
[eval.intphys2] Artifacts written | output_dir=artifacts/probes/intphys2/intphys2_probe_linear_jepa_v1_vith16_384_20260426T152120Z/layer_32/eval/test
