============================================================================================== 
Warning! Mixing Conda and module environments may lead to corruption of the
user environment. 
We do not recommend users mixing those two environments unless absolutely
necessary. Note that 
SURF does not provide any support for Conda environment.
For more information, please refer to our software policy page:
https://servicedesk.surf.nl/wiki/display/WIKI/Software+policy+Snellius#SoftwarepolicySnellius-UseofAnacondaandMinicondaenvironmentsonSnellius 

Remember that many packages have already been installed on the system and can
be loaded using 
the 'module load <package__name>' command. If you are uncertain if a package is
already available 
on the system, please use 'module avail' or 'module spider' to search for it.
============================================================================================== 
[I 2026-04-30 12:54:19,085] A new study created in RDB with name: intphys2_linear_jepa_v2_1_vitG_384_layer_12
wandb: [wandb.login()] Loaded credentials for https://api.wandb.ai from /home/scur0511/.netrc.
wandb: Currently logged in as: caselli-niccolo-developer (caselli-niccolo-developer-university-of-amsterdam) to https://api.wandb.ai. Use `wandb login --relogin` to force relogin
wandb: setting up run fm3cs31w
wandb: Tracking run with wandb version 0.26.1
wandb: Run data is saved locally in /gpfs/home3/scur0511/Probe4Physics/wandb/run-20260430_125424-fm3cs31w
wandb: Run `wandb offline` to turn off syncing.
wandb: Syncing run intphys2_linear_jepa_v2_1_vitG_384_layer_12/trial_0000
wandb: ⭐️ View project at https://wandb.ai/caselli-niccolo-developer-university-of-amsterdam/probe4physics
wandb: 🚀 View run at https://wandb.ai/caselli-niccolo-developer-university-of-amsterdam/probe4physics/runs/fm3cs31w
[eval.intphys2] Starting eval | split_name=val split_dir=data/splits/intphys2 predictor_mode=from_file metadata_file=data/annotations/intphys2_metadata.csv
[eval.intphys2] Loaded split assignments | split_scenes=51 split_samples=204
[eval.intphys2] Generated predictions | n_predictions=204
[eval.intphys2] Scoring complete | accuracy=53.9216 voe_accuracy=25.4902 n_scenes=51 n_samples=204
[eval.intphys2] Artifacts written | output_dir=artifacts/probes/intphys2/intphys2_probe_linear_jepa_v2_1_vitG_384_20260430T105417Z/layer_12/train/trial_0000/val_eval
wandb: updating run metadata
wandb: uploading output.log; uploading wandb-summary.json; uploading config.yaml
wandb: 
wandb: Run history:
wandb:          epoch ▁▁▁▁▂▂▂▂▂▂▃▃▃▃▄▄▄▄▅▅▅▅▅▅▅▆▆▆▆▆▆▆▆▇▇▇▇▇██
wandb: train_accuracy ▁▂▂▁▂▃▁▄▂▄▃▅▄▁▄▁▄▂▅▂▃▃▃▅▃▄▄▃▂▄▆▅▅▃█▆▅▄▄▅
wandb:     train_loss █▇▆▆▆▅▅▅▅▄▅▅▄▅▅▄▃▃▃▃▃▃▃▃▃▃▂▃▂▂▂▂▂▂▂▂▂▄▄▁
wandb:   val_accuracy ▃▂▃▄▁▅▄▅▄▃▃▆▆▅▅▆▆▆▆▇▅▅▄▅█▆▄▄▆▄▄▆▄▅▆▃▃▆▃▆
wandb:       val_loss █▅▄▃▄▂▂▄▃▂▂▂▂▂▃▃▁▂▁▂▂▁▂▂▂▁▃▃▄▂▂▂▂▁▂▃▁▃▂▄
wandb: 
wandb: Run summary:
wandb:           best_epoch 70
wandb:    best_val_accuracy 53.92157
wandb:        best_val_loss 0.69416
wandb: checkpoint_best_path artifacts/probes/int...
wandb: checkpoint_last_path artifacts/probes/int...
wandb:      checkpoint_path artifacts/probes/int...
wandb:              dataset intphys2
wandb:      elapsed_seconds 13.53969
wandb:                epoch 100
wandb:    feature_signature 5c7753635ab2bb76
wandb:                  +22 ...
wandb: 
wandb: 🚀 View run intphys2_linear_jepa_v2_1_vitG_384_layer_12/trial_0000 at: https://wandb.ai/caselli-niccolo-developer-university-of-amsterdam/probe4physics/runs/fm3cs31w
wandb: ⭐️ View project at: https://wandb.ai/caselli-niccolo-developer-university-of-amsterdam/probe4physics
wandb: Synced 5 W&B file(s), 0 media file(s), 0 artifact file(s) and 0 other file(s)
wandb: Find logs at: ./wandb/run-20260430_125424-fm3cs31w/logs
[I 2026-04-30 12:54:33,795] Trial 0 finished with value: 25.49019607843137 and parameters: {'lr': 0.0001329291894316216, 'weight_decay': 0.005061576888752304, 'batch_size': 32}. Best is trial 0 with value: 25.49019607843137.
wandb: setting up run qqqlfx0o
wandb: Tracking run with wandb version 0.26.1
wandb: Run data is saved locally in /gpfs/home3/scur0511/Probe4Physics/wandb/run-20260430_125434-qqqlfx0o
wandb: Run `wandb offline` to turn off syncing.
wandb: Syncing run intphys2_linear_jepa_v2_1_vitG_384_layer_12/trial_0001
wandb: ⭐️ View project at https://wandb.ai/caselli-niccolo-developer-university-of-amsterdam/probe4physics
wandb: 🚀 View run at https://wandb.ai/caselli-niccolo-developer-university-of-amsterdam/probe4physics/runs/qqqlfx0o
[eval.intphys2] Starting eval | split_name=val split_dir=data/splits/intphys2 predictor_mode=from_file metadata_file=data/annotations/intphys2_metadata.csv
[eval.intphys2] Loaded split assignments | split_scenes=51 split_samples=204
[eval.intphys2] Generated predictions | n_predictions=204
[eval.intphys2] Scoring complete | accuracy=51.9608 voe_accuracy=13.7255 n_scenes=51 n_samples=204
[eval.intphys2] Artifacts written | output_dir=artifacts/probes/intphys2/intphys2_probe_linear_jepa_v2_1_vitG_384_20260430T105417Z/layer_12/train/trial_0001/val_eval
wandb: updating run metadata
wandb: uploading wandb-metadata.json; uploading requirements.txt; uploading output.log; uploading wandb-summary.json; uploading config.yaml
wandb: uploading requirements.txt
wandb: 
wandb: Run history:
wandb:          epoch ▁▁▁▂▂▂▂▃▃▃▃▃▃▃▃▄▄▄▄▄▄▄▅▅▅▅▅▅▆▆▆▆▆▇▇▇▇███
wandb: train_accuracy ▁▁▁▁▁▁▁▁▁▁▁▁▁▂▃▁▁▁▁▁▂▃▂▂▃▁▃▅▅▃▃▆▇████▆▆▆
wandb:     train_loss █▇▇▆▆▅▅▄▄▄▃▃▃▂▂▁▁▁▁▁▁▁▁▁▁▁▁▁▁▁▁▁▁▁▁▁▁▁▁▁
wandb:   val_accuracy ▃▃▃▃▃▃▃▃▃▃▃▃▃▃▃▃▃▃▃▃▂▁▃▃▃▅▅▅▅▃▆███▇▆▇▇▇▇
wandb:       val_loss █▇▇▆▆▄▄▄▄▄▃▃▃▂▂▂▂▁▁▁▁▁▁▁▁▁▁▁▁▁▁▁▁▁▁▁▁▁▁▁
wandb: 
wandb: Run summary:
wandb:           best_epoch 87
wandb:    best_val_accuracy 51.96078
wandb:        best_val_loss 0.69615
wandb: checkpoint_best_path artifacts/probes/int...
wandb: checkpoint_last_path artifacts/probes/int...
wandb:      checkpoint_path artifacts/probes/int...
wandb:              dataset intphys2
wandb:      elapsed_seconds 2.84879
wandb:                epoch 100
wandb:    feature_signature 5c7753635ab2bb76
wandb:                  +22 ...
wandb: 
wandb: 🚀 View run intphys2_linear_jepa_v2_1_vitG_384_layer_12/trial_0001 at: https://wandb.ai/caselli-niccolo-developer-university-of-amsterdam/probe4physics/runs/qqqlfx0o
wandb: ⭐️ View project at: https://wandb.ai/caselli-niccolo-developer-university-of-amsterdam/probe4physics
wandb: Synced 5 W&B file(s), 0 media file(s), 0 artifact file(s) and 0 other file(s)
wandb: Find logs at: ./wandb/run-20260430_125434-qqqlfx0o/logs
[I 2026-04-30 12:54:38,070] Trial 1 finished with value: 13.725490196078432 and parameters: {'lr': 1.493656855461762e-05, 'weight_decay': 0.0015741890047456662, 'batch_size': 256}. Best is trial 0 with value: 25.49019607843137.
wandb: setting up run le9o80ks
wandb: Tracking run with wandb version 0.26.1
wandb: Run data is saved locally in /gpfs/home3/scur0511/Probe4Physics/wandb/run-20260430_125438-le9o80ks
wandb: Run `wandb offline` to turn off syncing.
wandb: Syncing run intphys2_linear_jepa_v2_1_vitG_384_layer_12/trial_0002
wandb: ⭐️ View project at https://wandb.ai/caselli-niccolo-developer-university-of-amsterdam/probe4physics
wandb: 🚀 View run at https://wandb.ai/caselli-niccolo-developer-university-of-amsterdam/probe4physics/runs/le9o80ks
[eval.intphys2] Starting eval | split_name=val split_dir=data/splits/intphys2 predictor_mode=from_file metadata_file=data/annotations/intphys2_metadata.csv
[eval.intphys2] Loaded split assignments | split_scenes=51 split_samples=204
[eval.intphys2] Generated predictions | n_predictions=204
[eval.intphys2] Scoring complete | accuracy=54.9020 voe_accuracy=31.3725 n_scenes=51 n_samples=204
[eval.intphys2] Artifacts written | output_dir=artifacts/probes/intphys2/intphys2_probe_linear_jepa_v2_1_vitG_384_20260430T105417Z/layer_12/train/trial_0002/val_eval
wandb: updating run metadata
wandb: uploading wandb-metadata.json; uploading requirements.txt; uploading output.log; uploading wandb-summary.json; uploading config.yaml
wandb: 
wandb: Run history:
wandb:          epoch ▁▁▂▂▂▂▂▂▃▃▃▄▄▄▄▄▄▄▅▅▅▅▅▅▆▆▆▆▇▇▇▇▇▇▇█████
wandb: train_accuracy ▂▁▃▄▄▂▄▄▅▅▅▆▅▄▅▇▆▄▆▇▅▅▆▆▅▆▅▆▇█▇▆▆▇▆▄▅▆▇▅
wandb:     train_loss █▂▂▂▂▂▁▂▂▂▁▁▁▂▁▁▂▂▁▁▁▁▂▁▁▁▁▁▁▁▁▁▁▁▁▂▁▁▂▂
wandb:   val_accuracy ▂▂▅▄▅▇▇▅▄▁▆▅▇▂▄▃▆▅▇▅▄▇▃▄▂▄▂▃▄▇▄▄▆█▂▃▄▂▅▅
wandb:       val_loss ▅▁▂▁▁▁▂▁▂▂▂▁▁▂▁▂▁▃▂▂▂▂▂▁▂▂▂▃▂▂▂▂▁▂▂▂▂▃█▃
wandb: 
wandb: Run summary:
wandb:           best_epoch 82
wandb:    best_val_accuracy 54.90196
wandb:        best_val_loss 0.70591
wandb: checkpoint_best_path artifacts/probes/int...
wandb: checkpoint_last_path artifacts/probes/int...
wandb:      checkpoint_path artifacts/probes/int...
wandb:              dataset intphys2
wandb:      elapsed_seconds 3.12735
wandb:                epoch 100
wandb:    feature_signature 5c7753635ab2bb76
wandb:                  +22 ...
wandb: 
wandb: 🚀 View run intphys2_linear_jepa_v2_1_vitG_384_layer_12/trial_0002 at: https://wandb.ai/caselli-niccolo-developer-university-of-amsterdam/probe4physics/runs/le9o80ks
wandb: ⭐️ View project at: https://wandb.ai/caselli-niccolo-developer-university-of-amsterdam/probe4physics
wandb: Synced 5 W&B file(s), 0 media file(s), 0 artifact file(s) and 0 other file(s)
wandb: Find logs at: ./wandb/run-20260430_125438-le9o80ks/logs
[I 2026-04-30 12:54:42,279] Trial 2 finished with value: 31.372549019607842 and parameters: {'lr': 0.00314288089084011, 'weight_decay': 1.879466824163843e-07, 'batch_size': 256}. Best is trial 2 with value: 31.372549019607842.
wandb: setting up run zme6lz6r
wandb: Tracking run with wandb version 0.26.1
wandb: Run data is saved locally in /gpfs/home3/scur0511/Probe4Physics/wandb/run-20260430_125442-zme6lz6r
wandb: Run `wandb offline` to turn off syncing.
wandb: Syncing run intphys2_linear_jepa_v2_1_vitG_384_layer_12/trial_0003
wandb: ⭐️ View project at https://wandb.ai/caselli-niccolo-developer-university-of-amsterdam/probe4physics
wandb: 🚀 View run at https://wandb.ai/caselli-niccolo-developer-university-of-amsterdam/probe4physics/runs/zme6lz6r
[eval.intphys2] Starting eval | split_name=val split_dir=data/splits/intphys2 predictor_mode=from_file metadata_file=data/annotations/intphys2_metadata.csv
[eval.intphys2] Loaded split assignments | split_scenes=51 split_samples=204
[eval.intphys2] Generated predictions | n_predictions=204
[eval.intphys2] Scoring complete | accuracy=55.3922 voe_accuracy=25.4902 n_scenes=51 n_samples=204
[eval.intphys2] Artifacts written | output_dir=artifacts/probes/intphys2/intphys2_probe_linear_jepa_v2_1_vitG_384_20260430T105417Z/layer_12/train/trial_0003/val_eval
wandb: updating run metadata
wandb: uploading output.log; uploading wandb-summary.json; uploading config.yaml; uploading wandb-metadata.json; uploading requirements.txt
wandb: 
wandb: Run history:
wandb:          epoch ▁▁▁▁▂▂▂▂▂▂▂▃▃▃▃▄▄▄▅▅▅▅▅▅▅▆▆▆▆▆▇▇▇▇▇▇▇███
wandb: train_accuracy ▁▄▄▂▃▄▃▅▄▅▂▆▄▅▆▆▅▄▄▇▃▇▄▆▇▄▅▇▆▅▆▇▅▅▅██▇█▆
wandb:     train_loss █▅▅▄▄▄▄▄▄▄▄▄▄▃▄▂▂▃▂▃▂▂▂▂▂▂▂▂▂▁▁▁▂▃▂▃▁▁▂▁
wandb:   val_accuracy ▃▃▆▅▅▇▆▆▇▃▅█▆▇▃▅▆▄▅▆▆▅▅▁▆▆▆▅▂█▇█▅▅▃▄▄█▆▅
wandb:       val_loss ▂▁▂▁▁▁▆▂▆▁▂▃▁▂▃▂▃▁▂▂▂▁▂▃▄▂█▂▄▃▃▁▂▂▄▄▂▇▂▂
wandb: 
wandb: Run summary:
wandb:           best_epoch 87
wandb:    best_val_accuracy 55.39216
wandb:        best_val_loss 0.69295
wandb: checkpoint_best_path artifacts/probes/int...
wandb: checkpoint_last_path artifacts/probes/int...
wandb:      checkpoint_path artifacts/probes/int...
wandb:              dataset intphys2
wandb:      elapsed_seconds 3.86638
wandb:                epoch 100
wandb:    feature_signature 5c7753635ab2bb76
wandb:                  +22 ...
wandb: 
wandb: 🚀 View run intphys2_linear_jepa_v2_1_vitG_384_layer_12/trial_0003 at: https://wandb.ai/caselli-niccolo-developer-university-of-amsterdam/probe4physics/runs/zme6lz6r
wandb: ⭐️ View project at: https://wandb.ai/caselli-niccolo-developer-university-of-amsterdam/probe4physics
wandb: Synced 5 W&B file(s), 0 media file(s), 0 artifact file(s) and 0 other file(s)
wandb: Find logs at: ./wandb/run-20260430_125442-zme6lz6r/logs
[I 2026-04-30 12:54:47,247] Trial 3 finished with value: 25.49019607843137 and parameters: {'lr': 0.00019762189340280086, 'weight_decay': 5.589524205217922e-07, 'batch_size': 32}. Best is trial 2 with value: 31.372549019607842.
wandb: setting up run 943dvtqb
wandb: Tracking run with wandb version 0.26.1
wandb: Run data is saved locally in /gpfs/home3/scur0511/Probe4Physics/wandb/run-20260430_125447-943dvtqb
wandb: Run `wandb offline` to turn off syncing.
wandb: Syncing run intphys2_linear_jepa_v2_1_vitG_384_layer_12/trial_0004
wandb: ⭐️ View project at https://wandb.ai/caselli-niccolo-developer-university-of-amsterdam/probe4physics
wandb: 🚀 View run at https://wandb.ai/caselli-niccolo-developer-university-of-amsterdam/probe4physics/runs/943dvtqb
[eval.intphys2] Starting eval | split_name=val split_dir=data/splits/intphys2 predictor_mode=from_file metadata_file=data/annotations/intphys2_metadata.csv
[eval.intphys2] Loaded split assignments | split_scenes=51 split_samples=204
[eval.intphys2] Generated predictions | n_predictions=204
[eval.intphys2] Scoring complete | accuracy=55.3922 voe_accuracy=21.5686 n_scenes=51 n_samples=204
[eval.intphys2] Artifacts written | output_dir=artifacts/probes/intphys2/intphys2_probe_linear_jepa_v2_1_vitG_384_20260430T105417Z/layer_12/train/trial_0004/val_eval
wandb: updating run metadata
wandb: uploading wandb-metadata.json; uploading requirements.txt; uploading output.log; uploading wandb-summary.json; uploading config.yaml
wandb: 
wandb: Run history:
wandb:          epoch ▁▁▁▁▁▂▂▂▂▂▃▃▃▄▄▄▄▅▅▅▅▅▅▆▆▆▆▆▆▇▇▇▇▇▇█████
wandb: train_accuracy ▁▁▃▁▂▃▄▄▅▄▄▆▄▆▆▅▅▆▄▅▅▅▅█▆▆▆▆▆▆▆▆▇▇▆▅▆▆▇█
wandb:     train_loss ▇█▄▃▃▂▂▂▂▂▂▂▂▂▂▂▂▂▂▂▂▁▂▁▂▂▁▁▁▁▁▁▁▁▁▁▁▁▁▁
wandb:   val_accuracy ▂▁▂▂▂▅▂▅▅▃▅▂▅▁▅▇▆▂█▆▅▅▆▆▇▆▇▄▅▅▅▅▆▅▅▅▃▅▆▃
wandb:       val_loss ▃█▅▂▂▂▃▂▂▁▂▂▁▂▁▁▂▂▁▁▁▂▁▁▂▂▂▂▁▂▁▁▃▂▂▂▂▃▂▁
wandb: 
wandb: Run summary:
wandb:           best_epoch 40
wandb:    best_val_accuracy 55.39216
wandb:        best_val_loss 0.69206
wandb: checkpoint_best_path artifacts/probes/int...
wandb: checkpoint_last_path artifacts/probes/int...
wandb:      checkpoint_path artifacts/probes/int...
wandb:              dataset intphys2
wandb:      elapsed_seconds 2.9624
wandb:                epoch 100
wandb:    feature_signature 5c7753635ab2bb76
wandb:                  +22 ...
wandb: 
wandb: 🚀 View run intphys2_linear_jepa_v2_1_vitG_384_layer_12/trial_0004 at: https://wandb.ai/caselli-niccolo-developer-university-of-amsterdam/probe4physics/runs/943dvtqb
wandb: ⭐️ View project at: https://wandb.ai/caselli-niccolo-developer-university-of-amsterdam/probe4physics
wandb: Synced 5 W&B file(s), 0 media file(s), 0 artifact file(s) and 0 other file(s)
wandb: Find logs at: ./wandb/run-20260430_125447-943dvtqb/logs
[I 2026-04-30 12:54:51,271] Trial 4 finished with value: 21.568627450980394 and parameters: {'lr': 0.00023345864076016249, 'weight_decay': 0.0005141096648805752, 'batch_size': 128}. Best is trial 2 with value: 31.372549019607842.
wandb: setting up run 8witt4l8
wandb: Tracking run with wandb version 0.26.1
wandb: Run data is saved locally in /gpfs/home3/scur0511/Probe4Physics/wandb/run-20260430_125451-8witt4l8
wandb: Run `wandb offline` to turn off syncing.
wandb: Syncing run intphys2_linear_jepa_v2_1_vitG_384_layer_12/trial_0005
wandb: ⭐️ View project at https://wandb.ai/caselli-niccolo-developer-university-of-amsterdam/probe4physics
wandb: 🚀 View run at https://wandb.ai/caselli-niccolo-developer-university-of-amsterdam/probe4physics/runs/8witt4l8
[eval.intphys2] Starting eval | split_name=val split_dir=data/splits/intphys2 predictor_mode=from_file metadata_file=data/annotations/intphys2_metadata.csv
[eval.intphys2] Loaded split assignments | split_scenes=51 split_samples=204
[eval.intphys2] Generated predictions | n_predictions=204
[eval.intphys2] Scoring complete | accuracy=54.4118 voe_accuracy=25.4902 n_scenes=51 n_samples=204
[eval.intphys2] Artifacts written | output_dir=artifacts/probes/intphys2/intphys2_probe_linear_jepa_v2_1_vitG_384_20260430T105417Z/layer_12/train/trial_0005/val_eval
wandb: updating run metadata
wandb: uploading wandb-summary.json; uploading config.yaml; uploading wandb-metadata.json; uploading requirements.txt; uploading output.log
wandb: uploading history steps 0-99, summary, console lines 0-4
wandb: 
wandb: Run history:
wandb:          epoch ▁▁▁▂▂▂▂▂▂▂▃▃▃▃▃▄▄▄▅▅▅▅▅▅▅▆▆▆▆▆▇▇▇▇▇▇████
wandb: train_accuracy ▁▂▂▄▂▃▅▄▅▅▄▄▄▃▅▇▄▄▄▅▃▅▅▆▆▅▆▅▆▆▆▆▆▆▆▆▆▅▅█
wandb:     train_loss ▇█▄▆▄▄▄▃▃▃▄▆▄▃▃▃▂▂▃▂▂▂▂▂▁▁▂▂▂▂▁▁▁▁▁▁▁▁▂▁
wandb:   val_accuracy ▂▂▁▇▃▆▇▇▆▆▇▇▄▃▂▃▅▆▅▆▂▃▇▃▄▃▆▆█▄▃▆▄▃▃▂▂▂▆▃
wandb:       val_loss ▇█▁▄▃▂▂▁▂▁▁▂▂▃▁▄▁▂▁▁▂▃▃▁▃▂▂▂▆▂▂▃▂▂▄▂▃▃▃▃
wandb: 
wandb: Run summary:
wandb:           best_epoch 36
wandb:    best_val_accuracy 54.41176
wandb:        best_val_loss 0.69942
wandb: checkpoint_best_path artifacts/probes/int...
wandb: checkpoint_last_path artifacts/probes/int...
wandb:      checkpoint_path artifacts/probes/int...
wandb:              dataset intphys2
wandb:      elapsed_seconds 2.97933
wandb:                epoch 100
wandb:    feature_signature 5c7753635ab2bb76
wandb:                  +22 ...
wandb: 
wandb: 🚀 View run intphys2_linear_jepa_v2_1_vitG_384_layer_12/trial_0005 at: https://wandb.ai/caselli-niccolo-developer-university-of-amsterdam/probe4physics/runs/8witt4l8
wandb: ⭐️ View project at: https://wandb.ai/caselli-niccolo-developer-university-of-amsterdam/probe4physics
wandb: Synced 5 W&B file(s), 0 media file(s), 0 artifact file(s) and 0 other file(s)
wandb: Find logs at: ./wandb/run-20260430_125451-8witt4l8/logs
[I 2026-04-30 12:54:55,429] Trial 5 finished with value: 25.49019607843137 and parameters: {'lr': 0.0006647135865318024, 'weight_decay': 1.0547383621352015e-07, 'batch_size': 128}. Best is trial 2 with value: 31.372549019607842.
wandb: setting up run bme7mzvs
wandb: Tracking run with wandb version 0.26.1
wandb: Run data is saved locally in /gpfs/home3/scur0511/Probe4Physics/wandb/run-20260430_125455-bme7mzvs
wandb: Run `wandb offline` to turn off syncing.
wandb: Syncing run intphys2_linear_jepa_v2_1_vitG_384_layer_12/trial_0006
wandb: ⭐️ View project at https://wandb.ai/caselli-niccolo-developer-university-of-amsterdam/probe4physics
wandb: 🚀 View run at https://wandb.ai/caselli-niccolo-developer-university-of-amsterdam/probe4physics/runs/bme7mzvs
[eval.intphys2] Starting eval | split_name=val split_dir=data/splits/intphys2 predictor_mode=from_file metadata_file=data/annotations/intphys2_metadata.csv
[eval.intphys2] Loaded split assignments | split_scenes=51 split_samples=204
[eval.intphys2] Generated predictions | n_predictions=204
[eval.intphys2] Scoring complete | accuracy=54.4118 voe_accuracy=21.5686 n_scenes=51 n_samples=204
[eval.intphys2] Artifacts written | output_dir=artifacts/probes/intphys2/intphys2_probe_linear_jepa_v2_1_vitG_384_20260430T105417Z/layer_12/train/trial_0006/val_eval
wandb: updating run metadata
wandb: uploading output.log; uploading wandb-summary.json; uploading config.yaml; uploading wandb-metadata.json; uploading requirements.txt
wandb: uploading history steps 0-99, summary, console lines 0-4
wandb: 
wandb: Run history:
wandb:          epoch ▁▁▁▂▂▂▂▂▃▃▃▃▃▃▃▄▄▄▅▅▅▅▅▅▅▆▆▆▆▆▇▇▇▇▇▇▇███
wandb: train_accuracy ▄▄▅▄▅▄▃▁▇▇▆▅▄▅▆▆█▅▆▆▆▇▆▇▆▆▇▆▇▄▅▆▅█▆▆█▅▄█
wandb:     train_loss █▆▆▅▄▄▃▃▃▄▃▃▄▃▃▃▃▂▃▂▃▂▂▂▂▂▂▂▂▁▁▁▂▂▂▁▂▁▁▁
wandb:   val_accuracy ▂▂▁▂▁▂▁▅▅▄▄▂▅▄▂▂▅▄█▇▅▃▅▅▄▄▂▅▅▆▄▅▅▅▅▅▆▅▇▅
wandb:       val_loss █▁▁▁▁▁▁▁▁▁▁▁▁▁▁▁▁▁▁▁▁▁▁▁▁▁▁▁▁▁▁▁▁▁▁▁▁▁▁▁
wandb: 
wandb: Run summary:
wandb:           best_epoch 41
wandb:    best_val_accuracy 54.41176
wandb:        best_val_loss 0.6936
wandb: checkpoint_best_path artifacts/probes/int...
wandb: checkpoint_last_path artifacts/probes/int...
wandb:      checkpoint_path artifacts/probes/int...
wandb:              dataset intphys2
wandb:      elapsed_seconds 3.86485
wandb:                epoch 100
wandb:    feature_signature 5c7753635ab2bb76
wandb:                  +22 ...
wandb: 
wandb: 🚀 View run intphys2_linear_jepa_v2_1_vitG_384_layer_12/trial_0006 at: https://wandb.ai/caselli-niccolo-developer-university-of-amsterdam/probe4physics/runs/bme7mzvs
wandb: ⭐️ View project at: https://wandb.ai/caselli-niccolo-developer-university-of-amsterdam/probe4physics
wandb: Synced 5 W&B file(s), 0 media file(s), 0 artifact file(s) and 0 other file(s)
wandb: Find logs at: ./wandb/run-20260430_125455-bme7mzvs/logs
[I 2026-04-30 12:55:00,496] Trial 6 finished with value: 21.568627450980394 and parameters: {'lr': 8.200518402245828e-05, 'weight_decay': 3.855073690026179e-08, 'batch_size': 32}. Best is trial 2 with value: 31.372549019607842.
wandb: setting up run ys32rq0a
wandb: Tracking run with wandb version 0.26.1
wandb: Run data is saved locally in /gpfs/home3/scur0511/Probe4Physics/wandb/run-20260430_125500-ys32rq0a
wandb: Run `wandb offline` to turn off syncing.
wandb: Syncing run intphys2_linear_jepa_v2_1_vitG_384_layer_12/trial_0007
wandb: ⭐️ View project at https://wandb.ai/caselli-niccolo-developer-university-of-amsterdam/probe4physics
wandb: 🚀 View run at https://wandb.ai/caselli-niccolo-developer-university-of-amsterdam/probe4physics/runs/ys32rq0a
[eval.intphys2] Starting eval | split_name=val split_dir=data/splits/intphys2 predictor_mode=from_file metadata_file=data/annotations/intphys2_metadata.csv
[eval.intphys2] Loaded split assignments | split_scenes=51 split_samples=204
[eval.intphys2] Generated predictions | n_predictions=204
[eval.intphys2] Scoring complete | accuracy=51.9608 voe_accuracy=13.7255 n_scenes=51 n_samples=204
[eval.intphys2] Artifacts written | output_dir=artifacts/probes/intphys2/intphys2_probe_linear_jepa_v2_1_vitG_384_20260430T105417Z/layer_12/train/trial_0007/val_eval
wandb: updating run metadata
wandb: uploading history steps 0-99, summary, console lines 0-4
wandb: 
wandb: Run history:
wandb:          epoch ▁▁▁▂▂▂▂▂▂▃▃▃▃▃▃▄▄▄▄▄▄▅▅▅▅▆▆▆▆▆▆▆▆▆▇▇▇▇▇█
wandb: train_accuracy ▁▁▁▁▁▂▂▂▂▁▃▃▄▆▅▆▅▅▄▄▆▆█▇▇▆▇▇▆▆▇██▇▇▇▇▇▇▇
wandb:     train_loss █▇▇▅▅▃▃▃▂▂▁▁▁▁▁▁▁▁▁▁▁▁▁▁▁▁▁▁▁▁▁▁▁▁▁▁▁▁▁▁
wandb:   val_accuracy ▃▃▃▃▃▃▃▃▃▅▅▃██▅▃▁▃▁▁▃▃▃▇▅▅▃▃▃▃▅▂▃▅▁▃▅▅▅▆
wandb:       val_loss █▆▅▃▂▂▂▂▁▁▁▁▁▁▁▁▁▁▁▁▁▁▁▁▁▁▁▁▁▁▁▁▁▁▁▁▁▁▁▁
wandb: 
wandb: Run summary:
wandb:           best_epoch 34
wandb:    best_val_accuracy 51.96078
wandb:        best_val_loss 0.69638
wandb: checkpoint_best_path artifacts/probes/int...
wandb: checkpoint_last_path artifacts/probes/int...
wandb:      checkpoint_path artifacts/probes/int...
wandb:              dataset intphys2
wandb:      elapsed_seconds 3.67307
wandb:                epoch 100
wandb:    feature_signature 5c7753635ab2bb76
wandb:                  +22 ...
wandb: 
wandb: 🚀 View run intphys2_linear_jepa_v2_1_vitG_384_layer_12/trial_0007 at: https://wandb.ai/caselli-niccolo-developer-university-of-amsterdam/probe4physics/runs/ys32rq0a
wandb: ⭐️ View project at: https://wandb.ai/caselli-niccolo-developer-university-of-amsterdam/probe4physics
wandb: Synced 5 W&B file(s), 0 media file(s), 0 artifact file(s) and 0 other file(s)
wandb: Find logs at: ./wandb/run-20260430_125500-ys32rq0a/logs
[I 2026-04-30 12:55:05,373] Trial 7 finished with value: 13.725490196078432 and parameters: {'lr': 1.2681352169084594e-05, 'weight_decay': 0.0028570800750407216, 'batch_size': 64}. Best is trial 2 with value: 31.372549019607842.
wandb: setting up run 1okvt3ho
wandb: Tracking run with wandb version 0.26.1
wandb: Run data is saved locally in /gpfs/home3/scur0511/Probe4Physics/wandb/run-20260430_125505-1okvt3ho
wandb: Run `wandb offline` to turn off syncing.
wandb: Syncing run intphys2_linear_jepa_v2_1_vitG_384_layer_12/trial_0008
wandb: ⭐️ View project at https://wandb.ai/caselli-niccolo-developer-university-of-amsterdam/probe4physics
wandb: 🚀 View run at https://wandb.ai/caselli-niccolo-developer-university-of-amsterdam/probe4physics/runs/1okvt3ho
[eval.intphys2] Starting eval | split_name=val split_dir=data/splits/intphys2 predictor_mode=from_file metadata_file=data/annotations/intphys2_metadata.csv
[eval.intphys2] Loaded split assignments | split_scenes=51 split_samples=204
[eval.intphys2] Generated predictions | n_predictions=204
[eval.intphys2] Scoring complete | accuracy=54.9020 voe_accuracy=27.4510 n_scenes=51 n_samples=204
[eval.intphys2] Artifacts written | output_dir=artifacts/probes/intphys2/intphys2_probe_linear_jepa_v2_1_vitG_384_20260430T105417Z/layer_12/train/trial_0008/val_eval
wandb: updating run metadata
wandb: uploading config.yaml; uploading wandb-metadata.json; uploading requirements.txt; uploading output.log; uploading wandb-summary.json
wandb: 
wandb: Run history:
wandb:          epoch ▁▁▁▂▂▂▂▂▃▃▃▃▃▃▃▄▄▄▄▄▄▄▄▅▅▅▆▆▆▆▇▇▇▇▇▇▇███
wandb: train_accuracy ▁▃▃▄▄▂▆▇▄▆▅▅▅▅▄▆▃▇▅▄▅▅▆▇▅█▄▆▇▆█▄▇▆▇▄█▆▅▇
wandb:     train_loss █▂▂▂▂▂▂▂▂▂▂▂▃▂▂▂▂▂▂▁▂▂▁▁▁▁▁▁▁▂▁▁▁▁▁▁▂▂▁▁
wandb:   val_accuracy ▂▃▆▃▂▃▅▂▆█▂▇▃▄▅▇▆▇▅▅▅▂▄▄▅▄▇▇▇▇▄▄▁▃▃▅▇▄▄▄
wandb:       val_loss ▂▁▁▂▂▂▁▂▁▃▂▁▁▄▁▂▄▂▁▂▂▂▅▃▂▆▄▃▂▂▂▂█▃▄▃▂▄▇▃
wandb: 
wandb: Run summary:
wandb:           best_epoch 38
wandb:    best_val_accuracy 54.90196
wandb:        best_val_loss 0.69228
wandb: checkpoint_best_path artifacts/probes/int...
wandb: checkpoint_last_path artifacts/probes/int...
wandb:      checkpoint_path artifacts/probes/int...
wandb:              dataset intphys2
wandb:      elapsed_seconds 3.92106
wandb:                epoch 100
wandb:    feature_signature 5c7753635ab2bb76
wandb:                  +22 ...
wandb: 
wandb: 🚀 View run intphys2_linear_jepa_v2_1_vitG_384_layer_12/trial_0008 at: https://wandb.ai/caselli-niccolo-developer-university-of-amsterdam/probe4physics/runs/1okvt3ho
wandb: ⭐️ View project at: https://wandb.ai/caselli-niccolo-developer-university-of-amsterdam/probe4physics
wandb: Synced 5 W&B file(s), 0 media file(s), 0 artifact file(s) and 0 other file(s)
wandb: Find logs at: ./wandb/run-20260430_125505-1okvt3ho/logs
[I 2026-04-30 12:55:10,380] Trial 8 finished with value: 27.450980392156865 and parameters: {'lr': 0.00043664735929796326, 'weight_decay': 1.2856617791467908e-07, 'batch_size': 32}. Best is trial 2 with value: 31.372549019607842.
wandb: setting up run fim3ezco
wandb: Tracking run with wandb version 0.26.1
wandb: Run data is saved locally in /gpfs/home3/scur0511/Probe4Physics/wandb/run-20260430_125510-fim3ezco
wandb: Run `wandb offline` to turn off syncing.
wandb: Syncing run intphys2_linear_jepa_v2_1_vitG_384_layer_12/trial_0009
wandb: ⭐️ View project at https://wandb.ai/caselli-niccolo-developer-university-of-amsterdam/probe4physics
wandb: 🚀 View run at https://wandb.ai/caselli-niccolo-developer-university-of-amsterdam/probe4physics/runs/fim3ezco
[eval.intphys2] Starting eval | split_name=val split_dir=data/splits/intphys2 predictor_mode=from_file metadata_file=data/annotations/intphys2_metadata.csv
[eval.intphys2] Loaded split assignments | split_scenes=51 split_samples=204
[eval.intphys2] Generated predictions | n_predictions=204
[eval.intphys2] Scoring complete | accuracy=54.9020 voe_accuracy=25.4902 n_scenes=51 n_samples=204
[eval.intphys2] Artifacts written | output_dir=artifacts/probes/intphys2/intphys2_probe_linear_jepa_v2_1_vitG_384_20260430T105417Z/layer_12/train/trial_0009/val_eval
wandb: updating run metadata
wandb: uploading wandb-metadata.json; uploading requirements.txt; uploading output.log; uploading wandb-summary.json; uploading config.yaml
wandb: 
wandb: Run history:
wandb:          epoch ▁▁▁▁▁▂▂▂▂▂▂▃▃▃▃▃▃▃▃▄▄▄▄▅▅▅▅▅▅▆▆▆▆▆▇▇▇▇██
wandb: train_accuracy ▃▁▃▃▁▄▅▄▄▄▄▆▇▅▅▅▆▅▄▅█▆▆▇▆▄▇▆▆▇▇█▅▇█▆▆█▅█
wandb:     train_loss █▅▂▄▃▂▂▂▂▂▂▂▂▂▂▂▁▂▂▂▂▂▁▁▁▁▁▁▂▁▂▁▁▁▁▁▂▁▂▁
wandb:   val_accuracy ▆▃▂▄▇▅▇▇▆▇▃▆▆▆▆▆▆▇▅▅▄▄▅▃▄▁▃▅▅▃▃▆▄▆▆█▂▃▄▅
wandb:       val_loss ▃█▅▂▁▂▁▁▁▁▂▂▁▁▂▁▁▁▁▁▁▂▁▁▁▂▁▁▂▁▁▁▁▁▁▁▁▂▁▂
wandb: 
wandb: Run summary:
wandb:           best_epoch 88
wandb:    best_val_accuracy 54.90196
wandb:        best_val_loss 0.69358
wandb: checkpoint_best_path artifacts/probes/int...
wandb: checkpoint_last_path artifacts/probes/int...
wandb:      checkpoint_path artifacts/probes/int...
wandb:              dataset intphys2
wandb:      elapsed_seconds 2.93285
wandb:                epoch 100
wandb:    feature_signature 5c7753635ab2bb76
wandb:                  +22 ...
wandb: 
wandb: 🚀 View run intphys2_linear_jepa_v2_1_vitG_384_layer_12/trial_0009 at: https://wandb.ai/caselli-niccolo-developer-university-of-amsterdam/probe4physics/runs/fim3ezco
wandb: ⭐️ View project at: https://wandb.ai/caselli-niccolo-developer-university-of-amsterdam/probe4physics
wandb: Synced 5 W&B file(s), 0 media file(s), 0 artifact file(s) and 0 other file(s)
wandb: Find logs at: ./wandb/run-20260430_125510-fim3ezco/logs
[I 2026-04-30 12:55:14,408] Trial 9 finished with value: 25.49019607843137 and parameters: {'lr': 0.0006218704727769079, 'weight_decay': 0.0033981724150106006, 'batch_size': 256}. Best is trial 2 with value: 31.372549019607842.
wandb: setting up run fdoiaurv
wandb: Tracking run with wandb version 0.26.1
wandb: Run data is saved locally in /gpfs/home3/scur0511/Probe4Physics/wandb/run-20260430_125514-fdoiaurv
wandb: Run `wandb offline` to turn off syncing.
wandb: Syncing run intphys2_linear_jepa_v2_1_vitG_384_layer_12/trial_0010
wandb: ⭐️ View project at https://wandb.ai/caselli-niccolo-developer-university-of-amsterdam/probe4physics
wandb: 🚀 View run at https://wandb.ai/caselli-niccolo-developer-university-of-amsterdam/probe4physics/runs/fdoiaurv
[eval.intphys2] Starting eval | split_name=val split_dir=data/splits/intphys2 predictor_mode=from_file metadata_file=data/annotations/intphys2_metadata.csv
[eval.intphys2] Loaded split assignments | split_scenes=51 split_samples=204
[eval.intphys2] Generated predictions | n_predictions=204
[eval.intphys2] Scoring complete | accuracy=54.9020 voe_accuracy=27.4510 n_scenes=51 n_samples=204
[eval.intphys2] Artifacts written | output_dir=artifacts/probes/intphys2/intphys2_probe_linear_jepa_v2_1_vitG_384_20260430T105417Z/layer_12/train/trial_0010/val_eval
wandb: updating run metadata
wandb: uploading wandb-metadata.json; uploading requirements.txt; uploading output.log; uploading wandb-summary.json; uploading config.yaml
wandb: uploading requirements.txt
wandb: 
wandb: Run history:
wandb:          epoch ▁▁▁▂▂▂▂▂▂▂▃▃▃▃▃▃▄▄▄▄▅▅▅▅▅▅▆▆▆▆▇▇▇▇▇▇▇███
wandb: train_accuracy ▁▁▃▂▄▃▄▅▅▅▄▃▆▆▆▄▃▆▆▇▄▄▆▆▅█▄▇▆▆▄▅▅▆▆▅▇█▅▃
wandb:     train_loss ▅█▅▂▂▁▁▁▁▁▁▁▁▁▁▁▁▁▁▁▁▂▂▂▁▁▁▁▁▁▁▁▁▁▁▁▁▁▁▃
wandb:   val_accuracy ▂▂▂▂▂▄▇▂▅▄▄▅▅▃▁▅▅▆▄▂▄▇▆▃▂▂▂▄▇▂▆▇▅▄▄▂█▁▇▅
wandb:       val_loss █▂▁▂▂▁▁▁▁▁▁▁▁▁▁▁▁▁▁▁▁▁▂▃▂▂▁▁▂▁▁▂▂▁▁▁▂▂▁▃
wandb: 
wandb: Run summary:
wandb:           best_epoch 76
wandb:    best_val_accuracy 54.90196
wandb:        best_val_loss 0.77481
wandb: checkpoint_best_path artifacts/probes/int...
wandb: checkpoint_last_path artifacts/probes/int...
wandb:      checkpoint_path artifacts/probes/int...
wandb:              dataset intphys2
wandb:      elapsed_seconds 2.95893
wandb:                epoch 100
wandb:    feature_signature 5c7753635ab2bb76
wandb:                  +22 ...
wandb: 
wandb: 🚀 View run intphys2_linear_jepa_v2_1_vitG_384_layer_12/trial_0010 at: https://wandb.ai/caselli-niccolo-developer-university-of-amsterdam/probe4physics/runs/fdoiaurv
wandb: ⭐️ View project at: https://wandb.ai/caselli-niccolo-developer-university-of-amsterdam/probe4physics
wandb: Synced 5 W&B file(s), 0 media file(s), 0 artifact file(s) and 0 other file(s)
wandb: Find logs at: ./wandb/run-20260430_125514-fdoiaurv/logs
[I 2026-04-30 12:55:18,841] Trial 10 finished with value: 27.450980392156865 and parameters: {'lr': 0.008589902259876388, 'weight_decay': 6.917735117804129e-06, 'batch_size': 256}. Best is trial 2 with value: 31.372549019607842.
wandb: setting up run xd7btav4
wandb: Tracking run with wandb version 0.26.1
wandb: Run data is saved locally in /gpfs/home3/scur0511/Probe4Physics/wandb/run-20260430_125519-xd7btav4
wandb: Run `wandb offline` to turn off syncing.
wandb: Syncing run intphys2_linear_jepa_v2_1_vitG_384_layer_12/trial_0011
wandb: ⭐️ View project at https://wandb.ai/caselli-niccolo-developer-university-of-amsterdam/probe4physics
wandb: 🚀 View run at https://wandb.ai/caselli-niccolo-developer-university-of-amsterdam/probe4physics/runs/xd7btav4
[eval.intphys2] Starting eval | split_name=val split_dir=data/splits/intphys2 predictor_mode=from_file metadata_file=data/annotations/intphys2_metadata.csv
[eval.intphys2] Loaded split assignments | split_scenes=51 split_samples=204
[eval.intphys2] Generated predictions | n_predictions=204
[eval.intphys2] Scoring complete | accuracy=54.9020 voe_accuracy=23.5294 n_scenes=51 n_samples=204
[eval.intphys2] Artifacts written | output_dir=artifacts/probes/intphys2/intphys2_probe_linear_jepa_v2_1_vitG_384_20260430T105417Z/layer_12/train/trial_0011/val_eval
wandb: updating run metadata
wandb: uploading requirements.txt; uploading output.log; uploading wandb-summary.json; uploading config.yaml; uploading wandb-metadata.json
wandb: 
wandb: Run history:
wandb:          epoch ▁▁▁▁▁▂▂▂▂▂▂▂▃▃▃▄▄▄▄▄▅▅▅▅▅▅▅▆▆▆▆▇▇▇▇▇▇███
wandb: train_accuracy ▂▁▄▃▃▂▅▃▄▂▃▄█▅▄▄▇▇▆▆▄█▇▆▆▄▅▇▅▅█▆▇▇▇▅█▆█▇
wandb:     train_loss █▆▃▃▃▄▂▄▃▃▂▃▂▃▃▂▂▂▃▂▁▂▅▃▃▅▂▂▂▁▂▁▃▂▁▃▁▁▂▂
wandb:   val_accuracy ▃▅▆▅▄▄▅▆▃▆▃▅▇▅▄▅▃▅▆▅█▄▅▁▄▄▆▃▅▆▅▆▂▆▄▃▆▃▄▇
wandb:       val_loss █▂▁▁▁▂▂▅▇▃▂▂▂▅▂▂▃▂▂▂▆▃▄▂▃▃▃▃▃▆▃▄▃▄▃▄▅█▅▅
wandb: 
wandb: Run summary:
wandb:           best_epoch 49
wandb:    best_val_accuracy 54.90196
wandb:        best_val_loss 0.78268
wandb: checkpoint_best_path artifacts/probes/int...
wandb: checkpoint_last_path artifacts/probes/int...
wandb:      checkpoint_path artifacts/probes/int...
wandb:              dataset intphys2
wandb:      elapsed_seconds 3.33417
wandb:                epoch 100
wandb:    feature_signature 5c7753635ab2bb76
wandb:                  +22 ...
wandb: 
wandb: 🚀 View run intphys2_linear_jepa_v2_1_vitG_384_layer_12/trial_0011 at: https://wandb.ai/caselli-niccolo-developer-university-of-amsterdam/probe4physics/runs/xd7btav4
wandb: ⭐️ View project at: https://wandb.ai/caselli-niccolo-developer-university-of-amsterdam/probe4physics
wandb: Synced 5 W&B file(s), 0 media file(s), 0 artifact file(s) and 0 other file(s)
wandb: Find logs at: ./wandb/run-20260430_125519-xd7btav4/logs
[I 2026-04-30 12:55:23,257] Trial 11 finished with value: 23.52941176470588 and parameters: {'lr': 0.0040877179237697285, 'weight_decay': 1.722277082226428e-06, 'batch_size': 64}. Best is trial 2 with value: 31.372549019607842.
wandb: setting up run dz7j8018
wandb: Tracking run with wandb version 0.26.1
wandb: Run data is saved locally in /gpfs/home3/scur0511/Probe4Physics/wandb/run-20260430_125523-dz7j8018
wandb: Run `wandb offline` to turn off syncing.
wandb: Syncing run intphys2_linear_jepa_v2_1_vitG_384_layer_12/trial_0012
wandb: ⭐️ View project at https://wandb.ai/caselli-niccolo-developer-university-of-amsterdam/probe4physics
wandb: 🚀 View run at https://wandb.ai/caselli-niccolo-developer-university-of-amsterdam/probe4physics/runs/dz7j8018
[eval.intphys2] Starting eval | split_name=val split_dir=data/splits/intphys2 predictor_mode=from_file metadata_file=data/annotations/intphys2_metadata.csv
[eval.intphys2] Loaded split assignments | split_scenes=51 split_samples=204
[eval.intphys2] Generated predictions | n_predictions=204
[eval.intphys2] Scoring complete | accuracy=54.4118 voe_accuracy=27.4510 n_scenes=51 n_samples=204
[eval.intphys2] Artifacts written | output_dir=artifacts/probes/intphys2/intphys2_probe_linear_jepa_v2_1_vitG_384_20260430T105417Z/layer_12/train/trial_0012/val_eval
wandb: updating run metadata
wandb: uploading wandb-metadata.json; uploading requirements.txt; uploading output.log; uploading wandb-summary.json; uploading config.yaml
wandb: 
wandb: Run history:
wandb:          epoch ▁▁▁▁▁▂▂▂▃▃▃▄▄▄▄▄▄▅▅▅▅▅▅▅▆▆▆▆▇▇▇▇▇▇▇█████
wandb: train_accuracy ▁▁▁▂▂▄▃▄▄▄▃▁▅▄▄▃▅▅▅▆▆▅▅▄▅▅▆▄▆▅▅▆▆▇▇▆▅█▆▇
wandb:     train_loss ▆█▄▄▄▃▃▃▂▃▃▃▃▃▄▃▃▃▃▃▃▃▃▂▂▂▂▃▂▂▂▂▂▂▂▂▂▂▂▁
wandb:   val_accuracy ▂▂▁▄▇▆▆▆▆▃▆█▆▅▅▆▅▃▅▃▃▆▃▄▅▃▆▃▃▃▃▂▆▁▃▂▅▄▇▆
wandb:       val_loss █▃▄▃▁▁▁▁▁▁▁▂▂▂▁▁▁▁▁▁▁▂▁▁▂▁▂▂▂▁▂▁▁▁▁▂▂▃▂▁
wandb: 
wandb: Run summary:
wandb:           best_epoch 60
wandb:    best_val_accuracy 54.41176
wandb:        best_val_loss 0.69594
wandb: checkpoint_best_path artifacts/probes/int...
wandb: checkpoint_last_path artifacts/probes/int...
wandb:      checkpoint_path artifacts/probes/int...
wandb:              dataset intphys2
wandb:      elapsed_seconds 2.86099
wandb:                epoch 100
wandb:    feature_signature 5c7753635ab2bb76
wandb:                  +22 ...
wandb: 
wandb: 🚀 View run intphys2_linear_jepa_v2_1_vitG_384_layer_12/trial_0012 at: https://wandb.ai/caselli-niccolo-developer-university-of-amsterdam/probe4physics/runs/dz7j8018
wandb: ⭐️ View project at: https://wandb.ai/caselli-niccolo-developer-university-of-amsterdam/probe4physics
wandb: Synced 5 W&B file(s), 0 media file(s), 0 artifact file(s) and 0 other file(s)
wandb: Find logs at: ./wandb/run-20260430_125523-dz7j8018/logs
[I 2026-04-30 12:55:27,212] Trial 12 finished with value: 27.450980392156865 and parameters: {'lr': 0.0012549750898872905, 'weight_decay': 1.196959457147813e-08, 'batch_size': 256}. Best is trial 2 with value: 31.372549019607842.
wandb: setting up run 9xokiz3i
wandb: Tracking run with wandb version 0.26.1
wandb: Run data is saved locally in /gpfs/home3/scur0511/Probe4Physics/wandb/run-20260430_125527-9xokiz3i
wandb: Run `wandb offline` to turn off syncing.
wandb: Syncing run intphys2_linear_jepa_v2_1_vitG_384_layer_12/trial_0013
wandb: ⭐️ View project at https://wandb.ai/caselli-niccolo-developer-university-of-amsterdam/probe4physics
wandb: 🚀 View run at https://wandb.ai/caselli-niccolo-developer-university-of-amsterdam/probe4physics/runs/9xokiz3i
[eval.intphys2] Starting eval | split_name=val split_dir=data/splits/intphys2 predictor_mode=from_file metadata_file=data/annotations/intphys2_metadata.csv
[eval.intphys2] Loaded split assignments | split_scenes=51 split_samples=204
[eval.intphys2] Generated predictions | n_predictions=204
[eval.intphys2] Scoring complete | accuracy=55.3922 voe_accuracy=29.4118 n_scenes=51 n_samples=204
[eval.intphys2] Artifacts written | output_dir=artifacts/probes/intphys2/intphys2_probe_linear_jepa_v2_1_vitG_384_20260430T105417Z/layer_12/train/trial_0013/val_eval
wandb: updating run metadata
wandb: uploading wandb-summary.json; uploading config.yaml; uploading wandb-metadata.json; uploading requirements.txt; uploading output.log
wandb: 
wandb: Run history:
wandb:          epoch ▁▁▁▁▁▂▂▂▂▂▃▃▃▃▃▄▄▄▄▄▅▅▅▅▅▅▆▆▆▆▆▆▇▇▇▇████
wandb: train_accuracy ▁▁▂▁▃▆▄▁▇▆▆▅▇▅▅▄▆▄▅▂▅▄▃▄▅▇▃▃▆▆▆▆▆▄▇▇▇█▇▅
wandb:     train_loss █▅▃▃▅▄▃▃▂▃▂▃▂▃▂▃▂▂▃▂▂▂▃▂▃▂▂▃▁▃▂▂▃▂▃▂▁▃▂▁
wandb:   val_accuracy ▃▃▂▆▅▃▅▄▃▄▅▅▄▅▃▅▃▃▅▃▄▄▅▅▄▄▃▄▄▅▁▄█▃▄▅▄▃▆▄
wandb:       val_loss ▂▂▂▂▁▁▁▁▁▃▂▄▂▃▃▆▆▃▃▃▆▃▄▃▅▃▃▃▄▃▅▄▄▄█▄▄▅▄▄
wandb: 
wandb: Run summary:
wandb:           best_epoch 81
wandb:    best_val_accuracy 55.39216
wandb:        best_val_loss 0.77102
wandb: checkpoint_best_path artifacts/probes/int...
wandb: checkpoint_last_path artifacts/probes/int...
wandb:      checkpoint_path artifacts/probes/int...
wandb:              dataset intphys2
wandb:      elapsed_seconds 3.96321
wandb:                epoch 100
wandb:    feature_signature 5c7753635ab2bb76
wandb:                  +22 ...
wandb: 
wandb: 🚀 View run intphys2_linear_jepa_v2_1_vitG_384_layer_12/trial_0013 at: https://wandb.ai/caselli-niccolo-developer-university-of-amsterdam/probe4physics/runs/9xokiz3i
wandb: ⭐️ View project at: https://wandb.ai/caselli-niccolo-developer-university-of-amsterdam/probe4physics
wandb: Synced 5 W&B file(s), 0 media file(s), 0 artifact file(s) and 0 other file(s)
wandb: Find logs at: ./wandb/run-20260430_125527-9xokiz3i/logs
[I 2026-04-30 12:55:32,331] Trial 13 finished with value: 29.411764705882355 and parameters: {'lr': 0.0021256424727956256, 'weight_decay': 5.615119001519276e-05, 'batch_size': 32}. Best is trial 2 with value: 31.372549019607842.
wandb: setting up run hrr4owxo
wandb: Tracking run with wandb version 0.26.1
wandb: Run data is saved locally in /gpfs/home3/scur0511/Probe4Physics/wandb/run-20260430_125532-hrr4owxo
wandb: Run `wandb offline` to turn off syncing.
wandb: Syncing run intphys2_linear_jepa_v2_1_vitG_384_layer_12/trial_0014
wandb: ⭐️ View project at https://wandb.ai/caselli-niccolo-developer-university-of-amsterdam/probe4physics
wandb: 🚀 View run at https://wandb.ai/caselli-niccolo-developer-university-of-amsterdam/probe4physics/runs/hrr4owxo
[eval.intphys2] Starting eval | split_name=val split_dir=data/splits/intphys2 predictor_mode=from_file metadata_file=data/annotations/intphys2_metadata.csv
[eval.intphys2] Loaded split assignments | split_scenes=51 split_samples=204
[eval.intphys2] Generated predictions | n_predictions=204
[eval.intphys2] Scoring complete | accuracy=54.9020 voe_accuracy=23.5294 n_scenes=51 n_samples=204
[eval.intphys2] Artifacts written | output_dir=artifacts/probes/intphys2/intphys2_probe_linear_jepa_v2_1_vitG_384_20260430T105417Z/layer_12/train/trial_0014/val_eval
wandb: updating run metadata
wandb: uploading wandb-metadata.json; uploading requirements.txt; uploading output.log; uploading wandb-summary.json; uploading config.yaml
wandb: uploading output.log
wandb: 
wandb: Run history:
wandb:          epoch ▁▂▂▂▂▂▃▃▃▃▄▄▄▄▄▅▅▅▅▅▅▅▆▆▆▆▆▆▆▆▆▇▇▇▇▇▇███
wandb: train_accuracy ▁▃▂▆▁▁▅▆▅▅▅▄▃▄▃▄▄▃▄▆▂▆▆▄▄█▅▅▄▅▅▅▆▆▇▂▇▆▆█
wandb:     train_loss ▄▅▆▃▄▆▆▃▅▆▅▃▂▄▄▃▃▂▄▄▃▄▅▂▂▂▆▁▁▃▂▃▃▁▃█▄▁▄▁
wandb:   val_accuracy ▆▃▆▄▄▅▆▆▄▃▆▆▇▇▇▇▄▇▇▅▄▇▃▇▃▇▇▇▆▅▆▁▇▄▂█▆▄▅▆
wandb:       val_loss ▂▂▁▂▄▁▆▁▂▂▆▃▄▃▃▄▂▄▄▆▆▃▅▃█▃▄▃▅▄▅▃▄▆▄▅▅▃▆▄
wandb: 
wandb: Run summary:
wandb:           best_epoch 4
wandb:    best_val_accuracy 54.90196
wandb:        best_val_loss 0.70123
wandb: checkpoint_best_path artifacts/probes/int...
wandb: checkpoint_last_path artifacts/probes/int...
wandb:      checkpoint_path artifacts/probes/int...
wandb:              dataset intphys2
wandb:      elapsed_seconds 3.94388
wandb:                epoch 100
wandb:    feature_signature 5c7753635ab2bb76
wandb:                  +22 ...
wandb: 
wandb: 🚀 View run intphys2_linear_jepa_v2_1_vitG_384_layer_12/trial_0014 at: https://wandb.ai/caselli-niccolo-developer-university-of-amsterdam/probe4physics/runs/hrr4owxo
wandb: ⭐️ View project at: https://wandb.ai/caselli-niccolo-developer-university-of-amsterdam/probe4physics
wandb: Synced 5 W&B file(s), 0 media file(s), 0 artifact file(s) and 0 other file(s)
wandb: Find logs at: ./wandb/run-20260430_125532-hrr4owxo/logs
[I 2026-04-30 12:55:37,791] Trial 14 finished with value: 23.52941176470588 and parameters: {'lr': 0.002482076244951997, 'weight_decay': 7.628400259963934e-05, 'batch_size': 32}. Best is trial 2 with value: 31.372549019607842.
wandb: setting up run wd5ygeco
wandb: Tracking run with wandb version 0.26.1
wandb: Run data is saved locally in /gpfs/home3/scur0511/Probe4Physics/wandb/run-20260430_125538-wd5ygeco
wandb: Run `wandb offline` to turn off syncing.
wandb: Syncing run intphys2_linear_jepa_v2_1_vitG_384_layer_12/trial_0015
wandb: ⭐️ View project at https://wandb.ai/caselli-niccolo-developer-university-of-amsterdam/probe4physics
wandb: 🚀 View run at https://wandb.ai/caselli-niccolo-developer-university-of-amsterdam/probe4physics/runs/wd5ygeco
[eval.intphys2] Starting eval | split_name=val split_dir=data/splits/intphys2 predictor_mode=from_file metadata_file=data/annotations/intphys2_metadata.csv
[eval.intphys2] Loaded split assignments | split_scenes=51 split_samples=204
[eval.intphys2] Generated predictions | n_predictions=204
[eval.intphys2] Scoring complete | accuracy=54.4118 voe_accuracy=25.4902 n_scenes=51 n_samples=204
[eval.intphys2] Artifacts written | output_dir=artifacts/probes/intphys2/intphys2_probe_linear_jepa_v2_1_vitG_384_20260430T105417Z/layer_12/train/trial_0015/val_eval
wandb: updating run metadata
wandb: uploading history steps 0-99, summary, console lines 0-4
wandb: 
wandb: Run history:
wandb:          epoch ▁▁▁▁▂▂▂▂▂▂▃▃▃▃▃▃▃▄▄▄▄▄▅▅▅▆▆▆▆▆▆▇▇▇▇▇▇▇▇█
wandb: train_accuracy ▁▁▂▂▄▅▄▃▄▂▂▃▄▃▃▂▄▅▃▄▆▅▅▄▅▆▇▅▅▄▇█▅▇▆▇▆█▂▅
wandb:     train_loss █▅▄▂▂▁▂▂▁▁▂▁▂▂▂▂▂▁▂▁▁▂▁▂▂▁▁▂▂▂▁▁▁▁▁▁▁▂▂▁
wandb:   val_accuracy ▂▇▅▆▅▆▇▃▃█▄▅██▇▆▃▆▃▁▆▄▃▂▄▄▁▅▄▆▅▆▇▆▅▃▁▃▄█
wandb:       val_loss ▂█▁▇▂▂▁▁▂▅▁▂▂▁▁▂▂▁▂▃▂▂▄▂▂▃▃▃▄▇▃▄▄▄▃▅▃▃▅▄
wandb: 
wandb: Run summary:
wandb:           best_epoch 21
wandb:    best_val_accuracy 54.41176
wandb:        best_val_loss 0.69946
wandb: checkpoint_best_path artifacts/probes/int...
wandb: checkpoint_last_path artifacts/probes/int...
wandb:      checkpoint_path artifacts/probes/int...
wandb:              dataset intphys2
wandb:      elapsed_seconds 3.5331
wandb:                epoch 100
wandb:    feature_signature 5c7753635ab2bb76
wandb:                  +22 ...
wandb: 
wandb: 🚀 View run intphys2_linear_jepa_v2_1_vitG_384_layer_12/trial_0015 at: https://wandb.ai/caselli-niccolo-developer-university-of-amsterdam/probe4physics/runs/wd5ygeco
wandb: ⭐️ View project at: https://wandb.ai/caselli-niccolo-developer-university-of-amsterdam/probe4physics
wandb: Synced 5 W&B file(s), 0 media file(s), 0 artifact file(s) and 0 other file(s)
wandb: Find logs at: ./wandb/run-20260430_125538-wd5ygeco/logs
[I 2026-04-30 12:55:42,621] Trial 15 finished with value: 25.49019607843137 and parameters: {'lr': 0.002285561687776336, 'weight_decay': 5.0258416447373614e-05, 'batch_size': 256}. Best is trial 2 with value: 31.372549019607842.
wandb: setting up run gac23o0h
wandb: Tracking run with wandb version 0.26.1
wandb: Run data is saved locally in /gpfs/home3/scur0511/Probe4Physics/wandb/run-20260430_125542-gac23o0h
wandb: Run `wandb offline` to turn off syncing.
wandb: Syncing run intphys2_linear_jepa_v2_1_vitG_384_layer_12/trial_0016
wandb: ⭐️ View project at https://wandb.ai/caselli-niccolo-developer-university-of-amsterdam/probe4physics
wandb: 🚀 View run at https://wandb.ai/caselli-niccolo-developer-university-of-amsterdam/probe4physics/runs/gac23o0h
[eval.intphys2] Starting eval | split_name=val split_dir=data/splits/intphys2 predictor_mode=from_file metadata_file=data/annotations/intphys2_metadata.csv
[eval.intphys2] Loaded split assignments | split_scenes=51 split_samples=204
[eval.intphys2] Generated predictions | n_predictions=204
[eval.intphys2] Scoring complete | accuracy=54.9020 voe_accuracy=27.4510 n_scenes=51 n_samples=204
[eval.intphys2] Artifacts written | output_dir=artifacts/probes/intphys2/intphys2_probe_linear_jepa_v2_1_vitG_384_20260430T105417Z/layer_12/train/trial_0016/val_eval
wandb: updating run metadata
wandb: uploading wandb-metadata.json; uploading requirements.txt; uploading output.log; uploading wandb-summary.json; uploading config.yaml
wandb: uploading history steps 0-99, summary, console lines 0-4
wandb: 
wandb: Run history:
wandb:          epoch ▁▁▁▁▂▂▂▂▂▃▃▃▃▄▄▄▄▄▄▄▄▄▅▅▅▅▅▆▆▆▆▆▆▇▇▇████
wandb: train_accuracy ▂▂▁▂▄▄▄▃▂▅▅▅▃▄▆▅▄▅▅▄▄▅▇▆▆█▄▆▆█▆█▆▅▇▆▇▆▅▆
wandb:     train_loss █▆▃▂▂▃▄▃▂▂▄▃▂▂▂▄▃▂▃▂▃▂▄▃▂▃▂▁▂▃▁▁▁▃▃▂▂▃▅▁
wandb:   val_accuracy ▂▆▅▄▅▃█▅▅▄▅▅▆▅▅▆▅▆▅▅▅▃▃▇▂▇▄▂▃▂▃▂▅▄▇▇▃█▁▇
wandb:       val_loss █▂▁▁▁▂▂▂▄▂▂▂▂▁▂▂▂▂▂▃▂▂▄▂▃▃▂▃▃▂▃▃▃▃▄▆▄▅▃▄
wandb: 
wandb: Run summary:
wandb:           best_epoch 34
wandb:    best_val_accuracy 54.90196
wandb:        best_val_loss 0.73321
wandb: checkpoint_best_path artifacts/probes/int...
wandb: checkpoint_last_path artifacts/probes/int...
wandb:      checkpoint_path artifacts/probes/int...
wandb:              dataset intphys2
wandb:      elapsed_seconds 3.38104
wandb:                epoch 100
wandb:    feature_signature 5c7753635ab2bb76
wandb:                  +22 ...
wandb: 
wandb: 🚀 View run intphys2_linear_jepa_v2_1_vitG_384_layer_12/trial_0016 at: https://wandb.ai/caselli-niccolo-developer-university-of-amsterdam/probe4physics/runs/gac23o0h
wandb: ⭐️ View project at: https://wandb.ai/caselli-niccolo-developer-university-of-amsterdam/probe4physics
wandb: Synced 5 W&B file(s), 0 media file(s), 0 artifact file(s) and 0 other file(s)
wandb: Find logs at: ./wandb/run-20260430_125542-gac23o0h/logs
[I 2026-04-30 12:55:47,279] Trial 16 finished with value: 27.450980392156865 and parameters: {'lr': 0.006100470136886093, 'weight_decay': 2.0519059010204026e-05, 'batch_size': 64}. Best is trial 2 with value: 31.372549019607842.
wandb: setting up run 3ozq1b97
wandb: Tracking run with wandb version 0.26.1
wandb: Run data is saved locally in /gpfs/home3/scur0511/Probe4Physics/wandb/run-20260430_125547-3ozq1b97
wandb: Run `wandb offline` to turn off syncing.
wandb: Syncing run intphys2_linear_jepa_v2_1_vitG_384_layer_12/trial_0017
wandb: ⭐️ View project at https://wandb.ai/caselli-niccolo-developer-university-of-amsterdam/probe4physics
wandb: 🚀 View run at https://wandb.ai/caselli-niccolo-developer-university-of-amsterdam/probe4physics/runs/3ozq1b97
[eval.intphys2] Starting eval | split_name=val split_dir=data/splits/intphys2 predictor_mode=from_file metadata_file=data/annotations/intphys2_metadata.csv
[eval.intphys2] Loaded split assignments | split_scenes=51 split_samples=204
[eval.intphys2] Generated predictions | n_predictions=204
[eval.intphys2] Scoring complete | accuracy=54.9020 voe_accuracy=23.5294 n_scenes=51 n_samples=204
[eval.intphys2] Artifacts written | output_dir=artifacts/probes/intphys2/intphys2_probe_linear_jepa_v2_1_vitG_384_20260430T105417Z/layer_12/train/trial_0017/val_eval
wandb: updating run metadata
wandb: uploading wandb-metadata.json; uploading requirements.txt; uploading output.log; uploading wandb-summary.json; uploading config.yaml
wandb: uploading requirements.txt; uploading wandb-summary.json; uploading config.yaml
wandb: 
wandb: Run history:
wandb:          epoch ▁▁▁▁▁▂▂▂▂▂▃▃▃▃▃▄▄▄▄▄▄▅▅▅▅▅▅▅▆▆▆▆▇▇▇▇▇▇██
wandb: train_accuracy ▁▁▃▄▅▆▆▄▄▆▄▅▇▄▇▄▄▅▆▇▄▄▆▆▇▅▆▆▆▇▇▆▆▆█▅▇▇▅▅
wandb:     train_loss █▅▅▄▄▃▄▃▃▂▄▃▃▂▃▂▂▃▂▂▂▄▃▂▃▁▂▁▁▁▁▁▂▂▁▁▂▃▃▂
wandb:   val_accuracy ▂▂▆▅▆▆▅▅▅▅▂▇█▄▄▃▅▆▄▆▇▃▂▂▄▂▂▄▄▅▁▄▅▃▂▄▂▅▂▅
wandb:       val_loss █▁▁▁▁▁▁▁▁▁▂▁▁▁▁▁▂▁▁▁▁▂▁▁▂▂▁▁▂▂▂▂▂▂▂▂▂▂▂▃
wandb: 
wandb: Run summary:
wandb:           best_epoch 37
wandb:    best_val_accuracy 54.90196
wandb:        best_val_loss 0.70078
wandb: checkpoint_best_path artifacts/probes/int...
wandb: checkpoint_last_path artifacts/probes/int...
wandb:      checkpoint_path artifacts/probes/int...
wandb:              dataset intphys2
wandb:      elapsed_seconds 3.10429
wandb:                epoch 100
wandb:    feature_signature 5c7753635ab2bb76
wandb:                  +22 ...
wandb: 
wandb: 🚀 View run intphys2_linear_jepa_v2_1_vitG_384_layer_12/trial_0017 at: https://wandb.ai/caselli-niccolo-developer-university-of-amsterdam/probe4physics/runs/3ozq1b97
wandb: ⭐️ View project at: https://wandb.ai/caselli-niccolo-developer-university-of-amsterdam/probe4physics
wandb: Synced 5 W&B file(s), 0 media file(s), 0 artifact file(s) and 0 other file(s)
wandb: Find logs at: ./wandb/run-20260430_125547-3ozq1b97/logs
[I 2026-04-30 12:55:51,842] Trial 17 finished with value: 23.52941176470588 and parameters: {'lr': 0.0011711426667473579, 'weight_decay': 2.102999451345168e-06, 'batch_size': 128}. Best is trial 2 with value: 31.372549019607842.
wandb: setting up run uybtf3ez
wandb: Tracking run with wandb version 0.26.1
wandb: Run data is saved locally in /gpfs/home3/scur0511/Probe4Physics/wandb/run-20260430_125552-uybtf3ez
wandb: Run `wandb offline` to turn off syncing.
wandb: Syncing run intphys2_linear_jepa_v2_1_vitG_384_layer_12/trial_0018
wandb: ⭐️ View project at https://wandb.ai/caselli-niccolo-developer-university-of-amsterdam/probe4physics
wandb: 🚀 View run at https://wandb.ai/caselli-niccolo-developer-university-of-amsterdam/probe4physics/runs/uybtf3ez
[eval.intphys2] Starting eval | split_name=val split_dir=data/splits/intphys2 predictor_mode=from_file metadata_file=data/annotations/intphys2_metadata.csv
[eval.intphys2] Loaded split assignments | split_scenes=51 split_samples=204
[eval.intphys2] Generated predictions | n_predictions=204
[eval.intphys2] Scoring complete | accuracy=54.9020 voe_accuracy=21.5686 n_scenes=51 n_samples=204
[eval.intphys2] Artifacts written | output_dir=artifacts/probes/intphys2/intphys2_probe_linear_jepa_v2_1_vitG_384_20260430T105417Z/layer_12/train/trial_0018/val_eval
wandb: updating run metadata
wandb: uploading wandb-metadata.json; uploading requirements.txt; uploading output.log; uploading wandb-summary.json; uploading config.yaml
wandb: uploading wandb-metadata.json; uploading config.yaml
wandb: 
wandb: Run history:
wandb:          epoch ▁▁▁▁▂▂▂▂▂▃▃▃▃▄▄▄▄▄▄▄▅▅▅▅▅▆▆▆▆▆▇▇▇▇▇▇████
wandb: train_accuracy ▁▃▃▄▄▅▆▅▆▆▆▅▆▆▅▆▅▅▅▆▆▅▆▆▅▆█▇▇▆▆▅▇▇▇▆▇█▅▅
wandb:     train_loss █▄▂▃▂▂▂▂▁▂▂▁▂▂▂▂▁▁▁▂▁▁▂▁▁▁▁▁▁▁▂▁▁▁▁▁▁▁▃▂
wandb:   val_accuracy ▂▂▄▃▅▇▅▇▇▆▇█▄▇▄▇▅▆▁▄▄▄▅▆▅▅▂▄▅▄▇▂▄▅▇▃▆▂▄▅
wandb:       val_loss █▁▁▂▁▁▁▁▂▁▂▁▂▁▂▂▂▂▂▁▁▁▂▂▂▂▂▂▂▂▂▂▂▂▂▂▂▅▂▃
wandb: 
wandb: Run summary:
wandb:           best_epoch 10
wandb:    best_val_accuracy 54.90196
wandb:        best_val_loss 0.69463
wandb: checkpoint_best_path artifacts/probes/int...
wandb: checkpoint_last_path artifacts/probes/int...
wandb:      checkpoint_path artifacts/probes/int...
wandb:              dataset intphys2
wandb:      elapsed_seconds 2.87469
wandb:                epoch 100
wandb:    feature_signature 5c7753635ab2bb76
wandb:                  +22 ...
wandb: 
wandb: 🚀 View run intphys2_linear_jepa_v2_1_vitG_384_layer_12/trial_0018 at: https://wandb.ai/caselli-niccolo-developer-university-of-amsterdam/probe4physics/runs/uybtf3ez
wandb: ⭐️ View project at: https://wandb.ai/caselli-niccolo-developer-university-of-amsterdam/probe4physics
wandb: Synced 5 W&B file(s), 0 media file(s), 0 artifact file(s) and 0 other file(s)
wandb: Find logs at: ./wandb/run-20260430_125552-uybtf3ez/logs
[I 2026-04-30 12:55:56,220] Trial 18 finished with value: 21.568627450980394 and parameters: {'lr': 0.002700612944587727, 'weight_decay': 0.0003306331267262618, 'batch_size': 256}. Best is trial 2 with value: 31.372549019607842.
wandb: setting up run wrszuq7l
wandb: Tracking run with wandb version 0.26.1
wandb: Run data is saved locally in /gpfs/home3/scur0511/Probe4Physics/wandb/run-20260430_125556-wrszuq7l
wandb: Run `wandb offline` to turn off syncing.
wandb: Syncing run intphys2_linear_jepa_v2_1_vitG_384_layer_12/trial_0019
wandb: ⭐️ View project at https://wandb.ai/caselli-niccolo-developer-university-of-amsterdam/probe4physics
wandb: 🚀 View run at https://wandb.ai/caselli-niccolo-developer-university-of-amsterdam/probe4physics/runs/wrszuq7l
[eval.intphys2] Starting eval | split_name=val split_dir=data/splits/intphys2 predictor_mode=from_file metadata_file=data/annotations/intphys2_metadata.csv
[eval.intphys2] Loaded split assignments | split_scenes=51 split_samples=204
[eval.intphys2] Generated predictions | n_predictions=204
[eval.intphys2] Scoring complete | accuracy=54.4118 voe_accuracy=23.5294 n_scenes=51 n_samples=204
[eval.intphys2] Artifacts written | output_dir=artifacts/probes/intphys2/intphys2_probe_linear_jepa_v2_1_vitG_384_20260430T105417Z/layer_12/train/trial_0019/val_eval
wandb: updating run metadata
wandb: uploading history steps 0-99, summary, console lines 0-4
wandb: 
wandb: Run history:
wandb:          epoch ▁▁▁▁▁▂▂▂▂▂▂▂▃▃▃▃▄▄▄▄▄▄▄▅▅▅▅▅▆▆▆▆▆▇▇▇████
wandb: train_accuracy ▁▃▄▄▄▅▄▅▄▅▅▆▄▃▅▆▆▆▆█▅▆▅▆▆▆▆▆▅▆▇▇▇▆▆▇▆▆▇▆
wandb:     train_loss █▂▁▁▁▁▁▁▁▁▁▁▁▁▁▁▁▁▁▁▁▁▁▁▁▁▁▁▁▁▁▁▁▁▁▁▁▁▁▁
wandb:   val_accuracy ▃▆▃▁▃▂▂▃▃▆▅▃▅▆▃▇██▆▅█▇▇▅▇▅▆▇▃▆▅▆▅▅▆▅▆▆▅▇
wandb:       val_loss ██▇▅▄▄▃▄▂▃▃▃▂▂▂▃▁▂▂▃▁▃▂▂▂▃▂▄▂▁▁▂▂▁▂▂▃▂▆▁
wandb: 
wandb: Run summary:
wandb:           best_epoch 95
wandb:    best_val_accuracy 54.41176
wandb:        best_val_loss 0.69175
wandb: checkpoint_best_path artifacts/probes/int...
wandb: checkpoint_last_path artifacts/probes/int...
wandb:      checkpoint_path artifacts/probes/int...
wandb:              dataset intphys2
wandb:      elapsed_seconds 3.91339
wandb:                epoch 100
wandb:    feature_signature 5c7753635ab2bb76
wandb:                  +22 ...
wandb: 
wandb: 🚀 View run intphys2_linear_jepa_v2_1_vitG_384_layer_12/trial_0019 at: https://wandb.ai/caselli-niccolo-developer-university-of-amsterdam/probe4physics/runs/wrszuq7l
wandb: ⭐️ View project at: https://wandb.ai/caselli-niccolo-developer-university-of-amsterdam/probe4physics
wandb: Synced 5 W&B file(s), 0 media file(s), 0 artifact file(s) and 0 other file(s)
wandb: Find logs at: ./wandb/run-20260430_125556-wrszuq7l/logs
[I 2026-04-30 12:56:01,490] Trial 19 finished with value: 23.52941176470588 and parameters: {'lr': 4.8019433799281777e-05, 'weight_decay': 5.565701324380348e-07, 'batch_size': 32}. Best is trial 2 with value: 31.372549019607842.
[eval.intphys2] Starting eval | split_name=train split_dir=data/splits/intphys2 predictor_mode=from_file metadata_file=data/annotations/intphys2_metadata.csv
[eval.intphys2] Loaded split assignments | split_scenes=151 split_samples=604
[eval.intphys2] Generated predictions | n_predictions=604
[eval.intphys2] Scoring complete | accuracy=57.1192 voe_accuracy=28.4768 n_scenes=151 n_samples=604
[eval.intphys2] Artifacts written | output_dir=artifacts/probes/intphys2/intphys2_probe_linear_jepa_v2_1_vitG_384_20260430T105417Z/layer_12/eval/train
[eval.intphys2] Starting eval | split_name=val split_dir=data/splits/intphys2 predictor_mode=from_file metadata_file=data/annotations/intphys2_metadata.csv
[eval.intphys2] Loaded split assignments | split_scenes=51 split_samples=204
[eval.intphys2] Generated predictions | n_predictions=204
[eval.intphys2] Scoring complete | accuracy=54.9020 voe_accuracy=31.3725 n_scenes=51 n_samples=204
[eval.intphys2] Artifacts written | output_dir=artifacts/probes/intphys2/intphys2_probe_linear_jepa_v2_1_vitG_384_20260430T105417Z/layer_12/eval/val
[eval.intphys2] Starting eval | split_name=test split_dir=data/splits/intphys2 predictor_mode=from_file metadata_file=data/annotations/intphys2_metadata.csv
[eval.intphys2] Loaded split assignments | split_scenes=51 split_samples=204
[eval.intphys2] Generated predictions | n_predictions=204
[eval.intphys2] Scoring complete | accuracy=55.8824 voe_accuracy=25.4902 n_scenes=51 n_samples=204
[eval.intphys2] Artifacts written | output_dir=artifacts/probes/intphys2/intphys2_probe_linear_jepa_v2_1_vitG_384_20260430T105417Z/layer_12/eval/test
[I 2026-04-30 12:56:01,840] A new study created in RDB with name: intphys2_linear_jepa_v2_1_vitG_384_layer_24
wandb: setting up run 26r8zbfj
wandb: Tracking run with wandb version 0.26.1
wandb: Run data is saved locally in /gpfs/home3/scur0511/Probe4Physics/wandb/run-20260430_125602-26r8zbfj
wandb: Run `wandb offline` to turn off syncing.
wandb: Syncing run intphys2_linear_jepa_v2_1_vitG_384_layer_24/trial_0000
wandb: ⭐️ View project at https://wandb.ai/caselli-niccolo-developer-university-of-amsterdam/probe4physics
wandb: 🚀 View run at https://wandb.ai/caselli-niccolo-developer-university-of-amsterdam/probe4physics/runs/26r8zbfj
[eval.intphys2] Starting eval | split_name=val split_dir=data/splits/intphys2 predictor_mode=from_file metadata_file=data/annotations/intphys2_metadata.csv
[eval.intphys2] Loaded split assignments | split_scenes=51 split_samples=204
[eval.intphys2] Generated predictions | n_predictions=204
[eval.intphys2] Scoring complete | accuracy=56.3725 voe_accuracy=21.5686 n_scenes=51 n_samples=204
[eval.intphys2] Artifacts written | output_dir=artifacts/probes/intphys2/intphys2_probe_linear_jepa_v2_1_vitG_384_20260430T105417Z/layer_24/train/trial_0000/val_eval
wandb: updating run metadata
wandb: uploading wandb-metadata.json; uploading requirements.txt; uploading output.log; uploading wandb-summary.json; uploading config.yaml
wandb: 
wandb: Run history:
wandb:          epoch ▁▁▁▁▁▂▂▂▂▂▃▃▃▄▄▄▄▄▄▅▅▅▅▅▅▆▆▆▆▆▆▆▇▇▇▇▇███
wandb: train_accuracy ▂▃▁▂▃▂▃▃▃▄▃▂▄▅▃▃▃▄▅▅▇▆▆▇▇▆▆██▇▇▅▅▇▆▇▄▅▅▇
wandb:     train_loss █▂▂▂▂▂▂▂▂▂▂▂▂▂▂▂▂▁▁▁▁▁▁▁▂▁▂▁▁▁▁▁▁▁▁▁▁▂▁▁
wandb:   val_accuracy ▂▁▂▁▄▄▃▂▂▄▅▂▄▃▆▄▂▅▄█▅▅▅▆▅▃▃▅▄▅▅▃▅▆▄▅▄▅▄▅
wandb:       val_loss █▆▆▅▅▅▄▅▄▄▅▄▃▃▃▃▃▂▅▂▃▂▂▂▂▃▂▂▂▂▂▁▂▂▂▁▁▁▂▁
wandb: 
wandb: Run summary:
wandb:           best_epoch 47
wandb:    best_val_accuracy 56.37255
wandb:        best_val_loss 0.69247
wandb: checkpoint_best_path artifacts/probes/int...
wandb: checkpoint_last_path artifacts/probes/int...
wandb:      checkpoint_path artifacts/probes/int...
wandb:              dataset intphys2
wandb:      elapsed_seconds 3.87384
wandb:                epoch 100
wandb:    feature_signature 5c7753635ab2bb76
wandb:                  +22 ...
wandb: 
wandb: 🚀 View run intphys2_linear_jepa_v2_1_vitG_384_layer_24/trial_0000 at: https://wandb.ai/caselli-niccolo-developer-university-of-amsterdam/probe4physics/runs/26r8zbfj
wandb: ⭐️ View project at: https://wandb.ai/caselli-niccolo-developer-university-of-amsterdam/probe4physics
wandb: Synced 5 W&B file(s), 0 media file(s), 0 artifact file(s) and 0 other file(s)
wandb: Find logs at: ./wandb/run-20260430_125602-26r8zbfj/logs
[I 2026-04-30 12:56:06,873] Trial 0 finished with value: 21.568627450980394 and parameters: {'lr': 0.0001329291894316216, 'weight_decay': 0.005061576888752304, 'batch_size': 32}. Best is trial 0 with value: 21.568627450980394.
wandb: setting up run ftxzz3d1
wandb: Tracking run with wandb version 0.26.1
wandb: Run data is saved locally in /gpfs/home3/scur0511/Probe4Physics/wandb/run-20260430_125607-ftxzz3d1
wandb: Run `wandb offline` to turn off syncing.
wandb: Syncing run intphys2_linear_jepa_v2_1_vitG_384_layer_24/trial_0001
wandb: ⭐️ View project at https://wandb.ai/caselli-niccolo-developer-university-of-amsterdam/probe4physics
wandb: 🚀 View run at https://wandb.ai/caselli-niccolo-developer-university-of-amsterdam/probe4physics/runs/ftxzz3d1
[eval.intphys2] Starting eval | split_name=val split_dir=data/splits/intphys2 predictor_mode=from_file metadata_file=data/annotations/intphys2_metadata.csv
[eval.intphys2] Loaded split assignments | split_scenes=51 split_samples=204
[eval.intphys2] Generated predictions | n_predictions=204
[eval.intphys2] Scoring complete | accuracy=52.4510 voe_accuracy=13.7255 n_scenes=51 n_samples=204
[eval.intphys2] Artifacts written | output_dir=artifacts/probes/intphys2/intphys2_probe_linear_jepa_v2_1_vitG_384_20260430T105417Z/layer_24/train/trial_0001/val_eval
wandb: updating run metadata
wandb: uploading output.log; uploading wandb-summary.json; uploading config.yaml; uploading wandb-metadata.json; uploading requirements.txt
wandb: 
wandb: Run history:
wandb:          epoch ▁▁▂▂▂▂▃▃▃▃▃▃▃▄▄▄▄▄▅▅▅▅▅▅▅▅▅▆▆▆▆▆▆▆▆▇▇▇██
wandb: train_accuracy ▅▅▅▅▅▅▅▅▅▅▅▅▅▄▅▂▇▃▄▄█▆▇▅▆▂▄▂▂▁▆▇▅▅▂▂▂▁▂▂
wandb:     train_loss ▇█▇▆▅▅▄▄▃▃▂▂▂▂▂▁▂▁▁▁▁▁▁▁▁▁▁▁▁▁▁▁▁▁▁▁▁▁▁▁
wandb:   val_accuracy ▄▄▄▄▄▄▄▄▄▄▄▄▇▄▂▅▅▄▅▅▄▂▅▇▅▅▅▇█▇▂▂▁▂▂▄▅▇▇▇
wandb:       val_loss ██▇▆▄▄▃▃▂▂▂▂▂▁▁▁▁▁▁▁▁▁▁▁▁▁▁▁▁▁▁▁▁▁▁▁▁▁▁▁
wandb: 
wandb: Run summary:
wandb:           best_epoch 70
wandb:    best_val_accuracy 52.45098
wandb:        best_val_loss 0.69848
wandb: checkpoint_best_path artifacts/probes/int...
wandb: checkpoint_last_path artifacts/probes/int...
wandb:      checkpoint_path artifacts/probes/int...
wandb:              dataset intphys2
wandb:      elapsed_seconds 3.16336
wandb:                epoch 100
wandb:    feature_signature 5c7753635ab2bb76
wandb:                  +22 ...
wandb: 
wandb: 🚀 View run intphys2_linear_jepa_v2_1_vitG_384_layer_24/trial_0001 at: https://wandb.ai/caselli-niccolo-developer-university-of-amsterdam/probe4physics/runs/ftxzz3d1
wandb: ⭐️ View project at: https://wandb.ai/caselli-niccolo-developer-university-of-amsterdam/probe4physics
wandb: Synced 5 W&B file(s), 0 media file(s), 0 artifact file(s) and 0 other file(s)
wandb: Find logs at: ./wandb/run-20260430_125607-ftxzz3d1/logs
[I 2026-04-30 12:56:11,100] Trial 1 finished with value: 13.725490196078432 and parameters: {'lr': 1.493656855461762e-05, 'weight_decay': 0.0015741890047456662, 'batch_size': 256}. Best is trial 0 with value: 21.568627450980394.
wandb: setting up run qk4rjlfx
wandb: Tracking run with wandb version 0.26.1
wandb: Run data is saved locally in /gpfs/home3/scur0511/Probe4Physics/wandb/run-20260430_125611-qk4rjlfx
wandb: Run `wandb offline` to turn off syncing.
wandb: Syncing run intphys2_linear_jepa_v2_1_vitG_384_layer_24/trial_0002
wandb: ⭐️ View project at https://wandb.ai/caselli-niccolo-developer-university-of-amsterdam/probe4physics
wandb: 🚀 View run at https://wandb.ai/caselli-niccolo-developer-university-of-amsterdam/probe4physics/runs/qk4rjlfx
[eval.intphys2] Starting eval | split_name=val split_dir=data/splits/intphys2 predictor_mode=from_file metadata_file=data/annotations/intphys2_metadata.csv
[eval.intphys2] Loaded split assignments | split_scenes=51 split_samples=204
[eval.intphys2] Generated predictions | n_predictions=204
[eval.intphys2] Scoring complete | accuracy=57.3529 voe_accuracy=21.5686 n_scenes=51 n_samples=204
[eval.intphys2] Artifacts written | output_dir=artifacts/probes/intphys2/intphys2_probe_linear_jepa_v2_1_vitG_384_20260430T105417Z/layer_24/train/trial_0002/val_eval
wandb: updating run metadata
wandb: uploading wandb-metadata.json; uploading requirements.txt; uploading output.log; uploading wandb-summary.json; uploading config.yaml
wandb: uploading wandb-metadata.json; uploading requirements.txt; uploading wandb-summary.json; uploading config.yaml
wandb: uploading history steps 0-99, summary, console lines 0-4
wandb: 
wandb: Run history:
wandb:          epoch ▁▁▁▁▁▂▂▂▂▂▃▃▃▃▃▄▄▄▄▄▅▅▅▅▅▆▆▆▆▇▇▇▇▇▇▇████
wandb: train_accuracy ▂▁▃▄▃▄▅▄▅▅▅▄▅▅▆▆▆▆▇▅▄▆▇▇▆█▇▇█▅▆▇███▅▇▇▄▆
wandb:     train_loss ▆▆▆▅▄▄▄▃▃▃▃▄▃▃▄▃▃▄▄▃▂▂▄▃▂▂▂▂▂▃▂▂▁▁▁▄▂▂█▃
wandb:   val_accuracy ▁▂▁▁▄▄▂▄▃▂▃▃▄▅▂▃▅▅▃▅▃▄▆▂▆▆▅█▄▆▆▅▇▃▅▇▅▂▄▆
wandb:       val_loss ▃█▁▂▁▂▁▁▂▂▁▁▃▂▁▂▁▁▁▂▂▁▂▁▁▂▂▂▂▁▁▁▁▁▂▂▁▃▆▅
wandb: 
wandb: Run summary:
wandb:           best_epoch 34
wandb:    best_val_accuracy 57.35294
wandb:        best_val_loss 0.69363
wandb: checkpoint_best_path artifacts/probes/int...
wandb: checkpoint_last_path artifacts/probes/int...
wandb:      checkpoint_path artifacts/probes/int...
wandb:              dataset intphys2
wandb:      elapsed_seconds 2.75439
wandb:                epoch 100
wandb:    feature_signature 5c7753635ab2bb76
wandb:                  +22 ...
wandb: 
wandb: 🚀 View run intphys2_linear_jepa_v2_1_vitG_384_layer_24/trial_0002 at: https://wandb.ai/caselli-niccolo-developer-university-of-amsterdam/probe4physics/runs/qk4rjlfx
wandb: ⭐️ View project at: https://wandb.ai/caselli-niccolo-developer-university-of-amsterdam/probe4physics
wandb: Synced 5 W&B file(s), 0 media file(s), 0 artifact file(s) and 0 other file(s)
wandb: Find logs at: ./wandb/run-20260430_125611-qk4rjlfx/logs
[I 2026-04-30 12:56:15,579] Trial 2 finished with value: 21.568627450980394 and parameters: {'lr': 0.00314288089084011, 'weight_decay': 1.879466824163843e-07, 'batch_size': 256}. Best is trial 0 with value: 21.568627450980394.
wandb: setting up run ng0qesnn
wandb: Tracking run with wandb version 0.26.1
wandb: Run data is saved locally in /gpfs/home3/scur0511/Probe4Physics/wandb/run-20260430_125615-ng0qesnn
wandb: Run `wandb offline` to turn off syncing.
wandb: Syncing run intphys2_linear_jepa_v2_1_vitG_384_layer_24/trial_0003
wandb: ⭐️ View project at https://wandb.ai/caselli-niccolo-developer-university-of-amsterdam/probe4physics
wandb: 🚀 View run at https://wandb.ai/caselli-niccolo-developer-university-of-amsterdam/probe4physics/runs/ng0qesnn
[eval.intphys2] Starting eval | split_name=val split_dir=data/splits/intphys2 predictor_mode=from_file metadata_file=data/annotations/intphys2_metadata.csv
[eval.intphys2] Loaded split assignments | split_scenes=51 split_samples=204
[eval.intphys2] Generated predictions | n_predictions=204
[eval.intphys2] Scoring complete | accuracy=55.8824 voe_accuracy=23.5294 n_scenes=51 n_samples=204
[eval.intphys2] Artifacts written | output_dir=artifacts/probes/intphys2/intphys2_probe_linear_jepa_v2_1_vitG_384_20260430T105417Z/layer_24/train/trial_0003/val_eval
wandb: updating run metadata
wandb: uploading wandb-metadata.json; uploading requirements.txt; uploading output.log; uploading wandb-summary.json; uploading config.yaml
wandb: 
wandb: Run history:
wandb:          epoch ▁▁▁▁▁▂▂▂▂▂▃▃▃▃▃▄▄▄▄▅▅▅▅▅▅▆▆▆▆▆▆▇▇▇▇▇████
wandb: train_accuracy ▃▁▁▄▂▃▄▃▃▄▅▇▅▄▄▅▆▅▃▆▅▆▆▆▆▆▇▅▅▇█▅██▆▆▇▆▅▇
wandb:     train_loss █▃▃▂▂▂▂▂▂▂▂▂▂▂▂▂▂▂▂▂▂▂▂▂▁▁▁▁▁▁▁▁▁▂▁▁▁▁▁▁
wandb:   val_accuracy ▂▃▁▄▃▂▂▃▂▂▂▆▄▂▄▄▂▅▄▄▄▅▄▅▆▄▇▆▄▆▃▅▃▅▅▃█▅▅▃
wandb:       val_loss █▅▃▃▃▃▃▃▄▄▂▃▂▂▂▂▂▂▂▂▂▂▂▁▁▁▁▂▁▂▁▁▁▁▂▂▁▁▁▁
wandb: 
wandb: Run summary:
wandb:           best_epoch 94
wandb:    best_val_accuracy 55.88235
wandb:        best_val_loss 0.69079
wandb: checkpoint_best_path artifacts/probes/int...
wandb: checkpoint_last_path artifacts/probes/int...
wandb:      checkpoint_path artifacts/probes/int...
wandb:              dataset intphys2
wandb:      elapsed_seconds 4.30003
wandb:                epoch 100
wandb:    feature_signature 5c7753635ab2bb76
wandb:                  +22 ...
wandb: 
wandb: 🚀 View run intphys2_linear_jepa_v2_1_vitG_384_layer_24/trial_0003 at: https://wandb.ai/caselli-niccolo-developer-university-of-amsterdam/probe4physics/runs/ng0qesnn
wandb: ⭐️ View project at: https://wandb.ai/caselli-niccolo-developer-university-of-amsterdam/probe4physics
wandb: Synced 5 W&B file(s), 0 media file(s), 0 artifact file(s) and 0 other file(s)
wandb: Find logs at: ./wandb/run-20260430_125615-ng0qesnn/logs
[I 2026-04-30 12:56:20,987] Trial 3 finished with value: 23.52941176470588 and parameters: {'lr': 0.00019762189340280086, 'weight_decay': 5.589524205217922e-07, 'batch_size': 32}. Best is trial 3 with value: 23.52941176470588.
wandb: setting up run 4okvxo8o
wandb: Tracking run with wandb version 0.26.1
wandb: Run data is saved locally in /gpfs/home3/scur0511/Probe4Physics/wandb/run-20260430_125621-4okvxo8o
wandb: Run `wandb offline` to turn off syncing.
wandb: Syncing run intphys2_linear_jepa_v2_1_vitG_384_layer_24/trial_0004
wandb: ⭐️ View project at https://wandb.ai/caselli-niccolo-developer-university-of-amsterdam/probe4physics
wandb: 🚀 View run at https://wandb.ai/caselli-niccolo-developer-university-of-amsterdam/probe4physics/runs/4okvxo8o
[eval.intphys2] Starting eval | split_name=val split_dir=data/splits/intphys2 predictor_mode=from_file metadata_file=data/annotations/intphys2_metadata.csv
[eval.intphys2] Loaded split assignments | split_scenes=51 split_samples=204
[eval.intphys2] Generated predictions | n_predictions=204
[eval.intphys2] Scoring complete | accuracy=55.3922 voe_accuracy=21.5686 n_scenes=51 n_samples=204
[eval.intphys2] Artifacts written | output_dir=artifacts/probes/intphys2/intphys2_probe_linear_jepa_v2_1_vitG_384_20260430T105417Z/layer_24/train/trial_0004/val_eval
wandb: updating run metadata
wandb: uploading wandb-metadata.json; uploading requirements.txt; uploading output.log; uploading wandb-summary.json; uploading config.yaml
wandb: 
wandb: Run history:
wandb:          epoch ▁▁▁▂▂▂▂▂▂▃▃▃▃▃▃▃▃▄▄▄▄▄▅▅▅▅▅▅▅▆▆▆▆▆▇▇▇▇▇█
wandb: train_accuracy ▂▃▂▁▃▂▃▃▄▄▃▄▄▆▄▆▆▄▆▅▅▅▆▅▆▆▆▆▇▆▇▇█▆█▇▇▇▅▇
wandb:     train_loss █▂▂▃▂▂▂▂▂▂▂▁▁▁▁▁▁▁▁▁▁▁▁▁▁▁▁▁▁▁▁▁▁▁▁▁▁▁▁▁
wandb:   val_accuracy ▃▂▃▃▁▂▃▃▃▂▃▂▃▄▃▃▄▄▆▅▄▄▄▅▆▆▅▇▇▅▄▅█▅█▅▄▅▄▆
wandb:       val_loss █▇▇▆▅▅▆▅▅▅▅▄▄▄▆▃▄▃▃▄▃▃▃▃▂▂▃▂▂▃▂▂▂▁▁▁▂▂▃▁
wandb: 
wandb: Run summary:
wandb:           best_epoch 81
wandb:    best_val_accuracy 55.39216
wandb:        best_val_loss 0.69175
wandb: checkpoint_best_path artifacts/probes/int...
wandb: checkpoint_last_path artifacts/probes/int...
wandb:      checkpoint_path artifacts/probes/int...
wandb:              dataset intphys2
wandb:      elapsed_seconds 3.04204
wandb:                epoch 100
wandb:    feature_signature 5c7753635ab2bb76
wandb:                  +22 ...
wandb: 
wandb: 🚀 View run intphys2_linear_jepa_v2_1_vitG_384_layer_24/trial_0004 at: https://wandb.ai/caselli-niccolo-developer-university-of-amsterdam/probe4physics/runs/4okvxo8o
wandb: ⭐️ View project at: https://wandb.ai/caselli-niccolo-developer-university-of-amsterdam/probe4physics
wandb: Synced 5 W&B file(s), 0 media file(s), 0 artifact file(s) and 0 other file(s)
wandb: Find logs at: ./wandb/run-20260430_125621-4okvxo8o/logs
[I 2026-04-30 12:56:25,093] Trial 4 finished with value: 21.568627450980394 and parameters: {'lr': 0.00023345864076016249, 'weight_decay': 0.0005141096648805752, 'batch_size': 128}. Best is trial 3 with value: 23.52941176470588.
wandb: setting up run nopxsk9d
wandb: Tracking run with wandb version 0.26.1
wandb: Run data is saved locally in /gpfs/home3/scur0511/Probe4Physics/wandb/run-20260430_125625-nopxsk9d
wandb: Run `wandb offline` to turn off syncing.
wandb: Syncing run intphys2_linear_jepa_v2_1_vitG_384_layer_24/trial_0005
wandb: ⭐️ View project at https://wandb.ai/caselli-niccolo-developer-university-of-amsterdam/probe4physics
wandb: 🚀 View run at https://wandb.ai/caselli-niccolo-developer-university-of-amsterdam/probe4physics/runs/nopxsk9d
[eval.intphys2] Starting eval | split_name=val split_dir=data/splits/intphys2 predictor_mode=from_file metadata_file=data/annotations/intphys2_metadata.csv
[eval.intphys2] Loaded split assignments | split_scenes=51 split_samples=204
[eval.intphys2] Generated predictions | n_predictions=204
[eval.intphys2] Scoring complete | accuracy=55.8824 voe_accuracy=23.5294 n_scenes=51 n_samples=204
[eval.intphys2] Artifacts written | output_dir=artifacts/probes/intphys2/intphys2_probe_linear_jepa_v2_1_vitG_384_20260430T105417Z/layer_24/train/trial_0005/val_eval
wandb: updating run metadata
wandb: uploading wandb-metadata.json; uploading requirements.txt; uploading output.log; uploading wandb-summary.json; uploading config.yaml
wandb: uploading history steps 0-99, summary, console lines 0-4
wandb: 
wandb: Run history:
wandb:          epoch ▁▁▁▂▂▂▂▂▂▃▃▃▃▃▄▄▄▄▅▅▅▅▅▅▅▆▆▆▆▆▇▇▇▇▇▇████
wandb: train_accuracy ▂▁▁▂▃▂▃▃▃▂▂▂▄▃▃▂▄▅▃▄▅▆▅▅▅▅▆▇▇▆▆▅▆█▆▆▆▆█▇
wandb:     train_loss █▃▂▂▂▂▂▂▂▂▂▂▂▂▂▂▂▂▂▂▂▁▂▁▁▁▂▁▁▁▁▁▁▁▁▁▂▂▁▁
wandb:   val_accuracy ▁▃▄▅▃▇▅▅▃▇▃▅▇▆▅▃▆▇▅▅▆▆▄▅▆▂█▇▇█▇▇█▆▇▆▅▆▄█
wandb:       val_loss ▅█▅▆▅▄▃▄▄▃▅█▃▃▃▃▆▃▃▄▄▂▃▂▂▂▂▂▂▂▂▂▁▁▂▁▁▂▂▁
wandb: 
wandb: Run summary:
wandb:           best_epoch 83
wandb:    best_val_accuracy 55.88235
wandb:        best_val_loss 0.68957
wandb: checkpoint_best_path artifacts/probes/int...
wandb: checkpoint_last_path artifacts/probes/int...
wandb:      checkpoint_path artifacts/probes/int...
wandb:              dataset intphys2
wandb:      elapsed_seconds 2.97243
wandb:                epoch 100
wandb:    feature_signature 5c7753635ab2bb76
wandb:                  +22 ...
wandb: 
wandb: 🚀 View run intphys2_linear_jepa_v2_1_vitG_384_layer_24/trial_0005 at: https://wandb.ai/caselli-niccolo-developer-university-of-amsterdam/probe4physics/runs/nopxsk9d
wandb: ⭐️ View project at: https://wandb.ai/caselli-niccolo-developer-university-of-amsterdam/probe4physics
wandb: Synced 5 W&B file(s), 0 media file(s), 0 artifact file(s) and 0 other file(s)
wandb: Find logs at: ./wandb/run-20260430_125625-nopxsk9d/logs
[I 2026-04-30 12:56:29,241] Trial 5 finished with value: 23.52941176470588 and parameters: {'lr': 0.0006647135865318024, 'weight_decay': 1.0547383621352015e-07, 'batch_size': 128}. Best is trial 3 with value: 23.52941176470588.
wandb: setting up run 5k9g23lx
wandb: Tracking run with wandb version 0.26.1
wandb: Run data is saved locally in /gpfs/home3/scur0511/Probe4Physics/wandb/run-20260430_125629-5k9g23lx
wandb: Run `wandb offline` to turn off syncing.
wandb: Syncing run intphys2_linear_jepa_v2_1_vitG_384_layer_24/trial_0006
wandb: ⭐️ View project at https://wandb.ai/caselli-niccolo-developer-university-of-amsterdam/probe4physics
wandb: 🚀 View run at https://wandb.ai/caselli-niccolo-developer-university-of-amsterdam/probe4physics/runs/5k9g23lx
[eval.intphys2] Starting eval | split_name=val split_dir=data/splits/intphys2 predictor_mode=from_file metadata_file=data/annotations/intphys2_metadata.csv
[eval.intphys2] Loaded split assignments | split_scenes=51 split_samples=204
[eval.intphys2] Generated predictions | n_predictions=204
[eval.intphys2] Scoring complete | accuracy=55.3922 voe_accuracy=21.5686 n_scenes=51 n_samples=204
[eval.intphys2] Artifacts written | output_dir=artifacts/probes/intphys2/intphys2_probe_linear_jepa_v2_1_vitG_384_20260430T105417Z/layer_24/train/trial_0006/val_eval
wandb: updating run metadata
wandb: uploading requirements.txt; uploading output.log; uploading wandb-summary.json; uploading config.yaml; uploading wandb-metadata.json
wandb: 
wandb: Run history:
wandb:          epoch ▁▁▁▁▁▂▂▂▂▂▂▃▃▃▃▃▃▃▄▄▄▄▄▅▅▅▅▅▅▅▆▆▆▆▇▇▇▇▇█
wandb: train_accuracy ▃▃▃▂▁▂▂▃▂▃▄▅▃▄▄▄▄▅▆▆▅▆▆▆▆▆▆▅▅▆▇█▇▅▆▇█▆▄▇
wandb:     train_loss ██▇▆▆▆▆▆▅▅▄▅▅▄▄▃▃▄▄▄▃▃▃▄▂▂▃▄▂▂▂▂▂▂▂▁▂▂▅▁
wandb:   val_accuracy ▃▃▄▄▅▂▁▅▃▃▄▅▁▂▃▅▂▁▃▂▅▄▅▄▅▅▇▅▅▇▄█▅▇▇▆█▆▆▆
wandb:       val_loss █▂▂▂▂▂▂▂▂▂▂▁▂▁▂▁▁▁▁▁▁▁▁▁▁▂▁▁▁▁▁▁▁▁▁▁▁▁▁▁
wandb: 
wandb: Run summary:
wandb:           best_epoch 79
wandb:    best_val_accuracy 55.39216
wandb:        best_val_loss 0.69252
wandb: checkpoint_best_path artifacts/probes/int...
wandb: checkpoint_last_path artifacts/probes/int...
wandb:      checkpoint_path artifacts/probes/int...
wandb:              dataset intphys2
wandb:      elapsed_seconds 3.95067
wandb:                epoch 100
wandb:    feature_signature 5c7753635ab2bb76
wandb:                  +22 ...
wandb: 
wandb: 🚀 View run intphys2_linear_jepa_v2_1_vitG_384_layer_24/trial_0006 at: https://wandb.ai/caselli-niccolo-developer-university-of-amsterdam/probe4physics/runs/5k9g23lx
wandb: ⭐️ View project at: https://wandb.ai/caselli-niccolo-developer-university-of-amsterdam/probe4physics
wandb: Synced 5 W&B file(s), 0 media file(s), 0 artifact file(s) and 0 other file(s)
wandb: Find logs at: ./wandb/run-20260430_125629-5k9g23lx/logs
[I 2026-04-30 12:56:34,278] Trial 6 finished with value: 21.568627450980394 and parameters: {'lr': 8.200518402245828e-05, 'weight_decay': 3.855073690026179e-08, 'batch_size': 32}. Best is trial 3 with value: 23.52941176470588.
wandb: setting up run bwe7r4et
wandb: Tracking run with wandb version 0.26.1
wandb: Run data is saved locally in /gpfs/home3/scur0511/Probe4Physics/wandb/run-20260430_125634-bwe7r4et
wandb: Run `wandb offline` to turn off syncing.
wandb: Syncing run intphys2_linear_jepa_v2_1_vitG_384_layer_24/trial_0007
wandb: ⭐️ View project at https://wandb.ai/caselli-niccolo-developer-university-of-amsterdam/probe4physics
wandb: 🚀 View run at https://wandb.ai/caselli-niccolo-developer-university-of-amsterdam/probe4physics/runs/bwe7r4et
wandb: updating run metadata
wandb: uploading wandb-summary.json; uploading config.yaml; uploading wandb-metadata.json; uploading requirements.txt
wandb: uploading config.yaml
wandb: 
wandb: Run history:
wandb:          epoch ▁▁▁▁▂▂▂▂▃▃▃▃▄▄▄▄▄▄▄▄▅▅▅▅▅▅▆▆▆▆▆▆▇▇▇▇▇███
wandb: train_accuracy ▄▄▄▄▄▄▃▇▅█▃▃▃▄▇▇▅█▆▃▆▄▄▄▄▁▂▅▅▄▄▁▄▂▁▂▃▇▅▆
wandb:     train_loss █▄▄▄▃▂▁▁▁▁▁▁▁▁▁▁▁▁▁▁▁▁▁▁▁▁▁▁▁▁▁▁▁▁▁▁▁▁▁▁
wandb:   val_accuracy ▃▃▃▃▃▃▆▁▂▄▄▅▇▆▄▄▃▄▂▃▆▆▆▆▆▅▆▅▆▆▆▆▅▆▅▇▅█▅▃
wandb:       val_loss █▇▆▅▃▂▂▁▁▁▁▁▁▁▁▁▁▁▁▁▁▁▁▁▁▁▁▁▁▁▁▁▁▁▁▁▁▁▁▁
wandb: 
wandb: Run summary:
wandb:          epoch 100
wandb: train_accuracy 49.66887
wandb:     train_loss 0.69582
wandb:   val_accuracy 50
wandb:       val_loss 0.69566
wandb: 
wandb: 🚀 View run intphys2_linear_jepa_v2_1_vitG_384_layer_24/trial_0007 at: https://wandb.ai/caselli-niccolo-developer-university-of-amsterdam/probe4physics/runs/bwe7r4et
wandb: ⭐️ View project at: https://wandb.ai/caselli-niccolo-developer-university-of-amsterdam/probe4physics
wandb: Synced 4 W&B file(s), 0 media file(s), 0 artifact file(s) and 0 other file(s)
wandb: Find logs at: ./wandb/run-20260430_125634-bwe7r4et/logs
[I 2026-04-30 12:56:38,972] Trial 7 pruned. Pruned at epoch 100 with val_accuracy=50.0000
wandb: setting up run ilqmw8l9
wandb: Tracking run with wandb version 0.26.1
wandb: Run data is saved locally in /gpfs/home3/scur0511/Probe4Physics/wandb/run-20260430_125639-ilqmw8l9
wandb: Run `wandb offline` to turn off syncing.
wandb: Syncing run intphys2_linear_jepa_v2_1_vitG_384_layer_24/trial_0008
wandb: ⭐️ View project at https://wandb.ai/caselli-niccolo-developer-university-of-amsterdam/probe4physics
wandb: 🚀 View run at https://wandb.ai/caselli-niccolo-developer-university-of-amsterdam/probe4physics/runs/ilqmw8l9
[eval.intphys2] Starting eval | split_name=val split_dir=data/splits/intphys2 predictor_mode=from_file metadata_file=data/annotations/intphys2_metadata.csv
[eval.intphys2] Loaded split assignments | split_scenes=51 split_samples=204
[eval.intphys2] Generated predictions | n_predictions=204
[eval.intphys2] Scoring complete | accuracy=55.3922 voe_accuracy=21.5686 n_scenes=51 n_samples=204
[eval.intphys2] Artifacts written | output_dir=artifacts/probes/intphys2/intphys2_probe_linear_jepa_v2_1_vitG_384_20260430T105417Z/layer_24/train/trial_0008/val_eval
wandb: updating run metadata
wandb: uploading wandb-summary.json; uploading config.yaml; uploading wandb-metadata.json; uploading requirements.txt; uploading output.log
wandb: uploading history steps 0-99, summary, console lines 0-4
wandb: 
wandb: Run history:
wandb:          epoch ▁▁▁▁▂▂▂▂▃▃▃▃▃▃▃▃▄▄▄▄▅▅▅▅▅▅▅▅▆▆▇▇▇▇▇█████
wandb: train_accuracy ▄▂▃▃▁▄▃▂▂▄▃▅▄▅▅▅▃▄▆▅▆▆▆▅▆▆█▃▆▆▆▇▆▇▇▇▅▅█▅
wandb:     train_loss ▇▇▆▆▅▅▆▅▄▇▅█▄▄▃▅▄▄▃▄▂▃▂▃▁▂▂▂▂▆▁▂▂▁▇▅▃▁▁▅
wandb:   val_accuracy ▃▂▂▂▅▃▁▆▃▂▅▂▂▅▃▇▃▆▇▅▅▇▇▄▅▇▃▇▇▆▄▅▆▇▇█▇▆▂▇
wandb:       val_loss ▄▂▂▂▂▃▂▂▂▃▃█▂▅▂▂▃▂▃▄▁▁▃▂▁▂▂▁▂▁▁▇▂▄▂▁▁▁▄▁
wandb: 
wandb: Run summary:
wandb:           best_epoch 54
wandb:    best_val_accuracy 55.39216
wandb:        best_val_loss 0.68954
wandb: checkpoint_best_path artifacts/probes/int...
wandb: checkpoint_last_path artifacts/probes/int...
wandb:      checkpoint_path artifacts/probes/int...
wandb:              dataset intphys2
wandb:      elapsed_seconds 3.98685
wandb:                epoch 100
wandb:    feature_signature 5c7753635ab2bb76
wandb:                  +22 ...
wandb: 
wandb: 🚀 View run intphys2_linear_jepa_v2_1_vitG_384_layer_24/trial_0008 at: https://wandb.ai/caselli-niccolo-developer-university-of-amsterdam/probe4physics/runs/ilqmw8l9
wandb: ⭐️ View project at: https://wandb.ai/caselli-niccolo-developer-university-of-amsterdam/probe4physics
wandb: Synced 5 W&B file(s), 0 media file(s), 0 artifact file(s) and 0 other file(s)
wandb: Find logs at: ./wandb/run-20260430_125639-ilqmw8l9/logs
[I 2026-04-30 12:56:44,115] Trial 8 finished with value: 21.568627450980394 and parameters: {'lr': 0.00043664735929796326, 'weight_decay': 1.2856617791467908e-07, 'batch_size': 32}. Best is trial 3 with value: 23.52941176470588.
wandb: setting up run 38piyiwc
wandb: Tracking run with wandb version 0.26.1
wandb: Run data is saved locally in /gpfs/home3/scur0511/Probe4Physics/wandb/run-20260430_125644-38piyiwc
wandb: Run `wandb offline` to turn off syncing.
wandb: Syncing run intphys2_linear_jepa_v2_1_vitG_384_layer_24/trial_0009
wandb: ⭐️ View project at https://wandb.ai/caselli-niccolo-developer-university-of-amsterdam/probe4physics
wandb: 🚀 View run at https://wandb.ai/caselli-niccolo-developer-university-of-amsterdam/probe4physics/runs/38piyiwc
[eval.intphys2] Starting eval | split_name=val split_dir=data/splits/intphys2 predictor_mode=from_file metadata_file=data/annotations/intphys2_metadata.csv
[eval.intphys2] Loaded split assignments | split_scenes=51 split_samples=204
[eval.intphys2] Generated predictions | n_predictions=204
[eval.intphys2] Scoring complete | accuracy=55.3922 voe_accuracy=21.5686 n_scenes=51 n_samples=204
[eval.intphys2] Artifacts written | output_dir=artifacts/probes/intphys2/intphys2_probe_linear_jepa_v2_1_vitG_384_20260430T105417Z/layer_24/train/trial_0009/val_eval
wandb: updating run metadata
wandb: uploading wandb-summary.json; uploading config.yaml; uploading wandb-metadata.json; uploading requirements.txt; uploading output.log
wandb: uploading config.yaml
wandb: 
wandb: Run history:
wandb:          epoch ▁▁▁▂▂▂▃▃▃▃▃▄▄▄▄▄▄▅▅▅▅▅▅▅▅▆▆▆▆▇▇▇▇▇▇▇▇███
wandb: train_accuracy ▂▃▁▂▃▂▆▂▄▄▄▄▅▅▄▆▅▆▆▄▆▇▅▇▆▇▆▆▇▆▆▇▆▅▇██▆▅▇
wandb:     train_loss ▃█▄▃▃▃▃▂▂▂▂▂▂▂▂▂▂▂▂▂▂▂▁▂▁▁▁▁▂▁▁▂▁▁▁▁▁▁▁▁
wandb:   val_accuracy ▁▄▂▂▁▂▅▃▄▄▂▆▄▃▄▇▆▃▄▄▆█▆▄█▇▆▆▂▄▆▆▇▅█▄█▆▇▄
wandb:       val_loss ▂█▂▃▁▁▂▁▂▁▁▂▂▂▁▂▁▁▂▁▁▁▂▁▁▁▁▁▁▁▁▁▁▁▁▁▁▁▁▁
wandb: 
wandb: Run summary:
wandb:           best_epoch 97
wandb:    best_val_accuracy 55.39216
wandb:        best_val_loss 0.69155
wandb: checkpoint_best_path artifacts/probes/int...
wandb: checkpoint_last_path artifacts/probes/int...
wandb:      checkpoint_path artifacts/probes/int...
wandb:              dataset intphys2
wandb:      elapsed_seconds 3.12225
wandb:                epoch 100
wandb:    feature_signature 5c7753635ab2bb76
wandb:                  +22 ...
wandb: 
wandb: 🚀 View run intphys2_linear_jepa_v2_1_vitG_384_layer_24/trial_0009 at: https://wandb.ai/caselli-niccolo-developer-university-of-amsterdam/probe4physics/runs/38piyiwc
wandb: ⭐️ View project at: https://wandb.ai/caselli-niccolo-developer-university-of-amsterdam/probe4physics
wandb: Synced 5 W&B file(s), 0 media file(s), 0 artifact file(s) and 0 other file(s)
wandb: Find logs at: ./wandb/run-20260430_125644-38piyiwc/logs
[I 2026-04-30 12:56:48,674] Trial 9 finished with value: 21.568627450980394 and parameters: {'lr': 0.0006218704727769079, 'weight_decay': 0.0033981724150106006, 'batch_size': 256}. Best is trial 3 with value: 23.52941176470588.
wandb: setting up run guixvk5n
wandb: Tracking run with wandb version 0.26.1
wandb: Run data is saved locally in /gpfs/home3/scur0511/Probe4Physics/wandb/run-20260430_125648-guixvk5n
wandb: Run `wandb offline` to turn off syncing.
wandb: Syncing run intphys2_linear_jepa_v2_1_vitG_384_layer_24/trial_0010
wandb: ⭐️ View project at https://wandb.ai/caselli-niccolo-developer-university-of-amsterdam/probe4physics
wandb: 🚀 View run at https://wandb.ai/caselli-niccolo-developer-university-of-amsterdam/probe4physics/runs/guixvk5n
[eval.intphys2] Starting eval | split_name=val split_dir=data/splits/intphys2 predictor_mode=from_file metadata_file=data/annotations/intphys2_metadata.csv
[eval.intphys2] Loaded split assignments | split_scenes=51 split_samples=204
[eval.intphys2] Generated predictions | n_predictions=204
[eval.intphys2] Scoring complete | accuracy=59.3137 voe_accuracy=19.6078 n_scenes=51 n_samples=204
[eval.intphys2] Artifacts written | output_dir=artifacts/probes/intphys2/intphys2_probe_linear_jepa_v2_1_vitG_384_20260430T105417Z/layer_24/train/trial_0010/val_eval
wandb: updating run metadata
wandb: uploading config.yaml; uploading wandb-metadata.json; uploading requirements.txt; uploading output.log; uploading wandb-summary.json
wandb: 
wandb: Run history:
wandb:          epoch ▁▁▁▂▂▂▂▃▃▃▃▃▃▃▄▄▄▄▄▄▅▅▅▅▅▅▆▆▆▆▆▆▆▇▇▇▇▇██
wandb: train_accuracy ▂▁▃▃▃▃▄▃▃▃▄▄▅▄▅▄▃▅▅▅▅▅▃▆▅▇▅▆▆▇▇▆█▆▆█▅█▇█
wandb:     train_loss █▅▄▄▄▄▃▅▅▄▃▃▃▃▃▂▄▄▄▇▄▅▄▄▄▂▄▄▂▃▂▁▂▂▄▄▁▄▂▁
wandb:   val_accuracy ▂▂▃▁▅▄▁▃▃▁▂▅▂▆▃▄▄▃▅▃▂▄▄▅▅▇▅▅▃▅▃▆▇█▅▃▅▄▅▅
wandb:       val_loss █▆▄▁▁▂▁▁▃▁▁▂▂▁▁▂▁▂▂▃▃▂▁▂▁▁▂▂▂▂▂▂▂▂▂▂▄▄▂▂
wandb: 
wandb: Run summary:
wandb:           best_epoch 77
wandb:    best_val_accuracy 59.31373
wandb:        best_val_loss 0.72677
wandb: checkpoint_best_path artifacts/probes/int...
wandb: checkpoint_last_path artifacts/probes/int...
wandb:      checkpoint_path artifacts/probes/int...
wandb:              dataset intphys2
wandb:      elapsed_seconds 3.46552
wandb:                epoch 100
wandb:    feature_signature 5c7753635ab2bb76
wandb:                  +22 ...
wandb: 
wandb: 🚀 View run intphys2_linear_jepa_v2_1_vitG_384_layer_24/trial_0010 at: https://wandb.ai/caselli-niccolo-developer-university-of-amsterdam/probe4physics/runs/guixvk5n
wandb: ⭐️ View project at: https://wandb.ai/caselli-niccolo-developer-university-of-amsterdam/probe4physics
wandb: Synced 5 W&B file(s), 0 media file(s), 0 artifact file(s) and 0 other file(s)
wandb: Find logs at: ./wandb/run-20260430_125648-guixvk5n/logs
[I 2026-04-30 12:56:53,181] Trial 10 finished with value: 19.607843137254903 and parameters: {'lr': 0.006845570267272932, 'weight_decay': 5.945331631234233e-06, 'batch_size': 64}. Best is trial 3 with value: 23.52941176470588.
wandb: setting up run o34nw233
wandb: Tracking run with wandb version 0.26.1
wandb: Run data is saved locally in /gpfs/home3/scur0511/Probe4Physics/wandb/run-20260430_125653-o34nw233
wandb: Run `wandb offline` to turn off syncing.
wandb: Syncing run intphys2_linear_jepa_v2_1_vitG_384_layer_24/trial_0011
wandb: ⭐️ View project at https://wandb.ai/caselli-niccolo-developer-university-of-amsterdam/probe4physics
wandb: 🚀 View run at https://wandb.ai/caselli-niccolo-developer-university-of-amsterdam/probe4physics/runs/o34nw233
[eval.intphys2] Starting eval | split_name=val split_dir=data/splits/intphys2 predictor_mode=from_file metadata_file=data/annotations/intphys2_metadata.csv
[eval.intphys2] Loaded split assignments | split_scenes=51 split_samples=204
[eval.intphys2] Generated predictions | n_predictions=204
[eval.intphys2] Scoring complete | accuracy=56.8627 voe_accuracy=19.6078 n_scenes=51 n_samples=204
[eval.intphys2] Artifacts written | output_dir=artifacts/probes/intphys2/intphys2_probe_linear_jepa_v2_1_vitG_384_20260430T105417Z/layer_24/train/trial_0011/val_eval
wandb: updating run metadata
wandb: uploading requirements.txt; uploading output.log; uploading wandb-summary.json; uploading config.yaml; uploading wandb-metadata.json
wandb: uploading history steps 0-99, summary, console lines 0-4
wandb: 
wandb: Run history:
wandb:          epoch ▁▁▁▁▂▂▂▂▃▃▃▃▃▄▄▄▄▄▅▅▅▅▅▅▅▆▆▆▆▆▆▆▇▇▇▇▇▇██
wandb: train_accuracy ▁▁▂▂▁▂▁▃▂▃▄▅▃▄▅▅▄▃▄▃▆▆▅▄▄▆▇▇▆▆██▇██▇▆▄▄▄
wandb:     train_loss █▇▆▆▆▅▆▆▅▄▄▆▄▅▅▅▄▃▃▃▄▄▄▃▂▂▂▂▂▂▁▁▁▂▂▁▃▃▄▁
wandb:   val_accuracy ▃▃▃▁▅▂▂▂▄▃▄▅▃█▅▅▇▄▄▄▄▄▇▄▅▆▅▆▆▆▆▇▆▅▄▆▆▇▆█
wandb:       val_loss █▂▂▂▂▂▂▂▁▁▂▁▁▁▁▁▁▁▁▃▁▂▁▁▁▁▁▁▁▁▁▁▁▁▁▁▁▁▂▁
wandb: 
wandb: Run summary:
wandb:           best_epoch 94
wandb:    best_val_accuracy 56.86275
wandb:        best_val_loss 0.69072
wandb: checkpoint_best_path artifacts/probes/int...
wandb: checkpoint_last_path artifacts/probes/int...
wandb:      checkpoint_path artifacts/probes/int...
wandb:              dataset intphys2
wandb:      elapsed_seconds 2.93898
wandb:                epoch 100
wandb:    feature_signature 5c7753635ab2bb76
wandb:                  +22 ...
wandb: 
wandb: 🚀 View run intphys2_linear_jepa_v2_1_vitG_384_layer_24/trial_0011 at: https://wandb.ai/caselli-niccolo-developer-university-of-amsterdam/probe4physics/runs/o34nw233
wandb: ⭐️ View project at: https://wandb.ai/caselli-niccolo-developer-university-of-amsterdam/probe4physics
wandb: Synced 5 W&B file(s), 0 media file(s), 0 artifact file(s) and 0 other file(s)
wandb: Find logs at: ./wandb/run-20260430_125653-o34nw233/logs
[I 2026-04-30 12:56:57,478] Trial 11 finished with value: 19.607843137254903 and parameters: {'lr': 0.0012375683624598587, 'weight_decay': 2.157859936988572e-06, 'batch_size': 128}. Best is trial 3 with value: 23.52941176470588.
wandb: setting up run two0athh
wandb: Tracking run with wandb version 0.26.1
wandb: Run data is saved locally in /gpfs/home3/scur0511/Probe4Physics/wandb/run-20260430_125657-two0athh
wandb: Run `wandb offline` to turn off syncing.
wandb: Syncing run intphys2_linear_jepa_v2_1_vitG_384_layer_24/trial_0012
wandb: ⭐️ View project at https://wandb.ai/caselli-niccolo-developer-university-of-amsterdam/probe4physics
wandb: 🚀 View run at https://wandb.ai/caselli-niccolo-developer-university-of-amsterdam/probe4physics/runs/two0athh
wandb: updating run metadata
wandb: uploading history steps 0-99, summary
wandb: 
wandb: Run history:
wandb:          epoch ▁▁▁▁▁▂▂▂▂▂▂▃▃▃▃▃▄▄▄▄▄▄▅▅▅▅▅▅▆▆▆▆▇▇▇▇▇███
wandb: train_accuracy ▂▂▁▂▄▄▂▄▂▁▄▃▁▄▁▂▅▃█▆▅▆▅▄▂▇▇▇▅▅▇█▅▆▇▇▆▇▅▇
wandb:     train_loss █▄▃▂▂▁▁▁▁▁▁▁▁▁▁▁▁▁▁▁▁▁▁▁▁▁▁▁▁▁▁▁▁▁▁▁▁▁▁▁
wandb:   val_accuracy ▅▅▆▆▂▅▅▅█▆▆▆▅▅▅▅▄▅▅▅▃▂▄▃▄▆▄▅▆▅▅▄▅▅▅▁▃▄▅▇
wandb:       val_loss █▂▁▁▁▁▁▁▁▁▁▁▁▁▁▁▁▁▁▁▁▁▁▁▁▁▁▁▁▁▁▁▁▁▁▁▁▁▁▁
wandb: 
wandb: Run summary:
wandb:          epoch 100
wandb: train_accuracy 51.65563
wandb:     train_loss 0.6915
wandb:   val_accuracy 51.47059
wandb:       val_loss 0.69366
wandb: 
wandb: 🚀 View run intphys2_linear_jepa_v2_1_vitG_384_layer_24/trial_0012 at: https://wandb.ai/caselli-niccolo-developer-university-of-amsterdam/probe4physics/runs/two0athh
wandb: ⭐️ View project at: https://wandb.ai/caselli-niccolo-developer-university-of-amsterdam/probe4physics
wandb: Synced 4 W&B file(s), 0 media file(s), 0 artifact file(s) and 0 other file(s)
wandb: Find logs at: ./wandb/run-20260430_125657-two0athh/logs
[I 2026-04-30 12:57:01,519] Trial 12 pruned. Pruned at epoch 100 with val_accuracy=51.4706
wandb: setting up run 9hgu0ruo
wandb: Tracking run with wandb version 0.26.1
wandb: Run data is saved locally in /gpfs/home3/scur0511/Probe4Physics/wandb/run-20260430_125701-9hgu0ruo
wandb: Run `wandb offline` to turn off syncing.
wandb: Syncing run intphys2_linear_jepa_v2_1_vitG_384_layer_24/trial_0013
wandb: ⭐️ View project at https://wandb.ai/caselli-niccolo-developer-university-of-amsterdam/probe4physics
wandb: 🚀 View run at https://wandb.ai/caselli-niccolo-developer-university-of-amsterdam/probe4physics/runs/9hgu0ruo
[eval.intphys2] Starting eval | split_name=val split_dir=data/splits/intphys2 predictor_mode=from_file metadata_file=data/annotations/intphys2_metadata.csv
[eval.intphys2] Loaded split assignments | split_scenes=51 split_samples=204
[eval.intphys2] Generated predictions | n_predictions=204
[eval.intphys2] Scoring complete | accuracy=57.3529 voe_accuracy=19.6078 n_scenes=51 n_samples=204
[eval.intphys2] Artifacts written | output_dir=artifacts/probes/intphys2/intphys2_probe_linear_jepa_v2_1_vitG_384_20260430T105417Z/layer_24/train/trial_0013/val_eval
wandb: updating run metadata
wandb: uploading wandb-metadata.json; uploading requirements.txt; uploading output.log; uploading wandb-summary.json; uploading config.yaml
wandb: uploading history steps 0-99, summary, console lines 0-4
wandb: 
wandb: Run history:
wandb:          epoch ▁▁▁▁▂▂▂▂▂▂▃▃▃▃▃▃▄▄▄▄▅▅▅▅▅▆▆▆▆▆▇▇▇▇▇▇▇███
wandb: train_accuracy ▁▃▃▁▂▂▃▂▃▂▄▃▆▄▆▅▃▄▅▄▅▅▆▅▇▅▅▅▆▇▇▇█▆▄▆▅▆█▆
wandb:     train_loss █▆█▅▅▅▄▄▄▄▄▃▄▅▃▃▃▃▄▄▃▃▅▄▃▂▅▂▃▂▁▃▂▂▂▃▁▄▂▂
wandb:   val_accuracy ▁▁▂▁▃▁▁▁▁▁▅▅▃▃▃▃▅▆▆▄▄▂▂▆▄▃▄▆▄▅▇█▆▆█▄▆▆▆▆
wandb:       val_loss █▄▁▂▃▂▁▁▃█▂▁▁▂▁▂▂▃▅▅█▂▁▇▅▁▂▂▂▂▂▂▇▃▅▄▆▅▃▃
wandb: 
wandb: Run summary:
wandb:           best_epoch 93
wandb:    best_val_accuracy 57.35294
wandb:        best_val_loss 0.71322
wandb: checkpoint_best_path artifacts/probes/int...
wandb: checkpoint_last_path artifacts/probes/int...
wandb:      checkpoint_path artifacts/probes/int...
wandb:              dataset intphys2
wandb:      elapsed_seconds 3.93404
wandb:                epoch 100
wandb:    feature_signature 5c7753635ab2bb76
wandb:                  +22 ...
wandb: 
wandb: 🚀 View run intphys2_linear_jepa_v2_1_vitG_384_layer_24/trial_0013 at: https://wandb.ai/caselli-niccolo-developer-university-of-amsterdam/probe4physics/runs/9hgu0ruo
wandb: ⭐️ View project at: https://wandb.ai/caselli-niccolo-developer-university-of-amsterdam/probe4physics
wandb: Synced 5 W&B file(s), 0 media file(s), 0 artifact file(s) and 0 other file(s)
wandb: Find logs at: ./wandb/run-20260430_125701-9hgu0ruo/logs
[I 2026-04-30 12:57:06,845] Trial 13 finished with value: 19.607843137254903 and parameters: {'lr': 0.0015768504547405868, 'weight_decay': 4.7980281424615956e-05, 'batch_size': 32}. Best is trial 3 with value: 23.52941176470588.
wandb: setting up run bonyrebh
wandb: Tracking run with wandb version 0.26.1
wandb: Run data is saved locally in /gpfs/home3/scur0511/Probe4Physics/wandb/run-20260430_125707-bonyrebh
wandb: Run `wandb offline` to turn off syncing.
wandb: Syncing run intphys2_linear_jepa_v2_1_vitG_384_layer_24/trial_0014
wandb: ⭐️ View project at https://wandb.ai/caselli-niccolo-developer-university-of-amsterdam/probe4physics
wandb: 🚀 View run at https://wandb.ai/caselli-niccolo-developer-university-of-amsterdam/probe4physics/runs/bonyrebh
wandb: updating run metadata
wandb: uploading wandb-metadata.json; uploading requirements.txt; uploading wandb-summary.json; uploading config.yaml
wandb: 
wandb: Run history:
wandb:          epoch ▁▁▁▁▂▂▂▃▃▃▃▃▃▃▄▄▄▄▄▄▅▅▅▆▆▆▆▆▆▆▆▇▇▇▇▇████
wandb: train_accuracy ▃▃▃▂▁▆▅▅▃▅▅▁▃▄▅▃▃▃▆▅▃▅▅▅▄▃▆▆▇▆▆▆▆▅▆▆▆██▇
wandb:     train_loss █▇▅▃▁▁▁▁▁▁▁▁▁▁▁▁▁▁▁▁▁▁▁▁▁▁▁▁▁▁▁▁▁▁▁▁▁▁▁▁
wandb:   val_accuracy ▄▄▄▄▆▆▅▃▆▅▅▆▇▆▇▇▆▄▄▄█▅▄▄▄▃▃▅▂▂▂▂▂▁▃▂▄▃▄▅
wandb:       val_loss █▇▅▃▃▂▂▁▁▁▁▁▁▁▁▁▁▁▁▁▁▁▁▁▁▁▁▁▁▁▁▁▁▁▁▁▁▁▁▁
wandb: 
wandb: Run summary:
wandb:          epoch 100
wandb: train_accuracy 51.3245
wandb:     train_loss 0.69308
wandb:   val_accuracy 50.4902
wandb:       val_loss 0.69447
wandb: 
wandb: 🚀 View run intphys2_linear_jepa_v2_1_vitG_384_layer_24/trial_0014 at: https://wandb.ai/caselli-niccolo-developer-university-of-amsterdam/probe4physics/runs/bonyrebh
wandb: ⭐️ View project at: https://wandb.ai/caselli-niccolo-developer-university-of-amsterdam/probe4physics
wandb: Synced 4 W&B file(s), 0 media file(s), 0 artifact file(s) and 0 other file(s)
wandb: Find logs at: ./wandb/run-20260430_125707-bonyrebh/logs
[I 2026-04-30 12:57:10,824] Trial 14 pruned. Pruned at epoch 100 with val_accuracy=50.4902
wandb: setting up run o2h5c62a
wandb: Tracking run with wandb version 0.26.1
wandb: Run data is saved locally in /gpfs/home3/scur0511/Probe4Physics/wandb/run-20260430_125711-o2h5c62a
wandb: Run `wandb offline` to turn off syncing.
wandb: Syncing run intphys2_linear_jepa_v2_1_vitG_384_layer_24/trial_0015
wandb: ⭐️ View project at https://wandb.ai/caselli-niccolo-developer-university-of-amsterdam/probe4physics
wandb: 🚀 View run at https://wandb.ai/caselli-niccolo-developer-university-of-amsterdam/probe4physics/runs/o2h5c62a
[eval.intphys2] Starting eval | split_name=val split_dir=data/splits/intphys2 predictor_mode=from_file metadata_file=data/annotations/intphys2_metadata.csv
[eval.intphys2] Loaded split assignments | split_scenes=51 split_samples=204
[eval.intphys2] Generated predictions | n_predictions=204
[eval.intphys2] Scoring complete | accuracy=55.8824 voe_accuracy=23.5294 n_scenes=51 n_samples=204
[eval.intphys2] Artifacts written | output_dir=artifacts/probes/intphys2/intphys2_probe_linear_jepa_v2_1_vitG_384_20260430T105417Z/layer_24/train/trial_0015/val_eval
wandb: updating run metadata
wandb: uploading config.yaml; uploading wandb-metadata.json; uploading requirements.txt; uploading output.log; uploading wandb-summary.json
wandb: uploading history steps 0-99, summary, console lines 0-4
wandb: 
wandb: Run history:
wandb:          epoch ▁▁▁▂▂▂▂▂▂▃▃▃▃▃▄▄▄▄▄▄▅▅▅▅▅▅▅▆▆▆▆▆▇▇▇▇▇███
wandb: train_accuracy ▃▂▃▁▁▅▅▄▂▃▄▃▄▅▆▆▆▇▆▇▆▅▇▅▆▅▅█▇▇▅██▅▆▇█▇█▇
wandb:     train_loss █▃▂▂▂▂▂▂▂▂▃▂▂▂▂▂▂▂▂▂▂▂▂▁▂▁▂▂▂▁▁▁▁▁▂▂▁▁▂▁
wandb:   val_accuracy ▁▃▃▂▁▂▃▁▃▁▄▇▁▄▅▂▃▅▄▆▇▆▅▂█▄▄▇▇▅▄▃▇▄▇▇▂▇▆▃
wandb:       val_loss █▄▄▄▃▃▃▃▃▂▂▃▂▂▂▂▃▂▂▂▂▂▂▂▂▂▂▁▁▂▂▂▂▂▁▁▄▁▃▂
wandb: 
wandb: Run summary:
wandb:           best_epoch 94
wandb:    best_val_accuracy 55.88235
wandb:        best_val_loss 0.69078
wandb: checkpoint_best_path artifacts/probes/int...
wandb: checkpoint_last_path artifacts/probes/int...
wandb:      checkpoint_path artifacts/probes/int...
wandb:              dataset intphys2
wandb:      elapsed_seconds 3.96561
wandb:                epoch 100
wandb:    feature_signature 5c7753635ab2bb76
wandb:                  +22 ...
wandb: 
wandb: 🚀 View run intphys2_linear_jepa_v2_1_vitG_384_layer_24/trial_0015 at: https://wandb.ai/caselli-niccolo-developer-university-of-amsterdam/probe4physics/runs/o2h5c62a
wandb: ⭐️ View project at: https://wandb.ai/caselli-niccolo-developer-university-of-amsterdam/probe4physics
wandb: Synced 5 W&B file(s), 0 media file(s), 0 artifact file(s) and 0 other file(s)
wandb: Find logs at: ./wandb/run-20260430_125711-o2h5c62a/logs
[I 2026-04-30 12:57:16,006] Trial 15 finished with value: 23.52941176470588 and parameters: {'lr': 0.00019595713517977741, 'weight_decay': 4.396485490329044e-05, 'batch_size': 32}. Best is trial 3 with value: 23.52941176470588.
wandb: setting up run 2tbfws1g
wandb: Tracking run with wandb version 0.26.1
wandb: Run data is saved locally in /gpfs/home3/scur0511/Probe4Physics/wandb/run-20260430_125716-2tbfws1g
wandb: Run `wandb offline` to turn off syncing.
wandb: Syncing run intphys2_linear_jepa_v2_1_vitG_384_layer_24/trial_0016
wandb: ⭐️ View project at https://wandb.ai/caselli-niccolo-developer-university-of-amsterdam/probe4physics
wandb: 🚀 View run at https://wandb.ai/caselli-niccolo-developer-university-of-amsterdam/probe4physics/runs/2tbfws1g
[eval.intphys2] Starting eval | split_name=val split_dir=data/splits/intphys2 predictor_mode=from_file metadata_file=data/annotations/intphys2_metadata.csv
[eval.intphys2] Loaded split assignments | split_scenes=51 split_samples=204
[eval.intphys2] Generated predictions | n_predictions=204
[eval.intphys2] Scoring complete | accuracy=55.8824 voe_accuracy=23.5294 n_scenes=51 n_samples=204
[eval.intphys2] Artifacts written | output_dir=artifacts/probes/intphys2/intphys2_probe_linear_jepa_v2_1_vitG_384_20260430T105417Z/layer_24/train/trial_0016/val_eval
wandb: updating run metadata
wandb: uploading wandb-metadata.json; uploading requirements.txt; uploading output.log; uploading wandb-summary.json; uploading config.yaml
wandb: uploading config.yaml
wandb: 
wandb: Run history:
wandb:          epoch ▁▁▁▁▁▂▂▂▂▂▂▂▃▃▃▃▃▄▄▄▅▅▅▅▅▅▆▆▆▆▆▇▇▇▇▇▇███
wandb: train_accuracy ▄▁▂▁▁▂▃▂▃▃▅▄▃▅▄▃▅▄▅▅▃▆▇▅▇▇▇▃█▆▇▇▆▆▆▇█▅▆▆
wandb:     train_loss █▆▆▆▅▅▅▅█▅▅▄▄▅▆▃▄▄▄▄▃▃▃▃▃▃▂▂▃▃▂▂▁▂▃▂▁▂▄▃
wandb:   val_accuracy ▁▃▂▄▄▄▃▄▅▂▂▆▄▆▅▃▄▇▆▄▆▅▄█▄▃▄▆▆▄▆▇▆▆▇▆▆▅▄▆
wandb:       val_loss █▃▂▂▂▂▁▂▂▁▁▂▁▃▂▁▂▂▁▁▁▁▁▁▁▁▁▂▁▁▁▁▁▁▁▁▁▁▁▁
wandb: 
wandb: Run summary:
wandb:           best_epoch 60
wandb:    best_val_accuracy 55.88235
wandb:        best_val_loss 0.69081
wandb: checkpoint_best_path artifacts/probes/int...
wandb: checkpoint_last_path artifacts/probes/int...
wandb:      checkpoint_path artifacts/probes/int...
wandb:              dataset intphys2
wandb:      elapsed_seconds 3.06239
wandb:                epoch 100
wandb:    feature_signature 5c7753635ab2bb76
wandb:                  +22 ...
wandb: 
wandb: 🚀 View run intphys2_linear_jepa_v2_1_vitG_384_layer_24/trial_0016 at: https://wandb.ai/caselli-niccolo-developer-university-of-amsterdam/probe4physics/runs/2tbfws1g
wandb: ⭐️ View project at: https://wandb.ai/caselli-niccolo-developer-university-of-amsterdam/probe4physics
wandb: Synced 5 W&B file(s), 0 media file(s), 0 artifact file(s) and 0 other file(s)
wandb: Find logs at: ./wandb/run-20260430_125716-2tbfws1g/logs
[I 2026-04-30 12:57:20,512] Trial 16 finished with value: 23.52941176470588 and parameters: {'lr': 0.000858989525823355, 'weight_decay': 5.070133797464002e-07, 'batch_size': 128}. Best is trial 3 with value: 23.52941176470588.
wandb: setting up run 2us0mva2
wandb: Tracking run with wandb version 0.26.1
wandb: Run data is saved locally in /gpfs/home3/scur0511/Probe4Physics/wandb/run-20260430_125720-2us0mva2
wandb: Run `wandb offline` to turn off syncing.
wandb: Syncing run intphys2_linear_jepa_v2_1_vitG_384_layer_24/trial_0017
wandb: ⭐️ View project at https://wandb.ai/caselli-niccolo-developer-university-of-amsterdam/probe4physics
wandb: 🚀 View run at https://wandb.ai/caselli-niccolo-developer-university-of-amsterdam/probe4physics/runs/2us0mva2
[eval.intphys2] Starting eval | split_name=val split_dir=data/splits/intphys2 predictor_mode=from_file metadata_file=data/annotations/intphys2_metadata.csv
[eval.intphys2] Loaded split assignments | split_scenes=51 split_samples=204
[eval.intphys2] Generated predictions | n_predictions=204
[eval.intphys2] Scoring complete | accuracy=57.3529 voe_accuracy=19.6078 n_scenes=51 n_samples=204
[eval.intphys2] Artifacts written | output_dir=artifacts/probes/intphys2/intphys2_probe_linear_jepa_v2_1_vitG_384_20260430T105417Z/layer_24/train/trial_0017/val_eval
wandb: updating run metadata
wandb: uploading wandb-metadata.json; uploading requirements.txt; uploading output.log; uploading wandb-summary.json; uploading config.yaml
wandb: 
wandb: Run history:
wandb:          epoch ▁▁▁▁▁▁▂▂▂▂▂▃▃▃▃▃▃▄▄▄▄▄▅▅▅▅▅▅▆▆▆▆▆▆▇▇████
wandb: train_accuracy ▁▄▂▄▃▃▃▅▄▄▆▆▄▆▅▅▄▅▅▆▆▅▄▄▅▅▃▅▆▇▇█▄█▇▇█▆▅▇
wandb:     train_loss █▃▃▃▃▂▃▃▃▄▂▂▂▂▃▂▃▂▂▂▃▂▃▂▃▂▂▂▄▄▁▁▂▂▂▁▁▂▂▂
wandb:   val_accuracy ▃▃▅▄▁▅▅▃▂▁▅▄▄▄▆▄▂▅▅▆▆▇▅▇▅▇▃▃█▆▄▇▇▅▇██▄▆▆
wandb:       val_loss ▂▂▁▁▃▂▁▁▄▂▇█▁▂▂▁▁▄▂▃▃▁▄▂▁▁▂▁▁▂▂▂▂▂▁▃▂▃▄▂
wandb: 
wandb: Run summary:
wandb:           best_epoch 79
wandb:    best_val_accuracy 57.35294
wandb:        best_val_loss 0.69692
wandb: checkpoint_best_path artifacts/probes/int...
wandb: checkpoint_last_path artifacts/probes/int...
wandb:      checkpoint_path artifacts/probes/int...
wandb:              dataset intphys2
wandb:      elapsed_seconds 3.373
wandb:                epoch 100
wandb:    feature_signature 5c7753635ab2bb76
wandb:                  +22 ...
wandb: 
wandb: 🚀 View run intphys2_linear_jepa_v2_1_vitG_384_layer_24/trial_0017 at: https://wandb.ai/caselli-niccolo-developer-university-of-amsterdam/probe4physics/runs/2us0mva2
wandb: ⭐️ View project at: https://wandb.ai/caselli-niccolo-developer-university-of-amsterdam/probe4physics
wandb: Synced 5 W&B file(s), 0 media file(s), 0 artifact file(s) and 0 other file(s)
wandb: Find logs at: ./wandb/run-20260430_125720-2us0mva2/logs
[I 2026-04-30 12:57:24,914] Trial 17 finished with value: 19.607843137254903 and parameters: {'lr': 0.002553484233770241, 'weight_decay': 7.880724761526259e-08, 'batch_size': 64}. Best is trial 3 with value: 23.52941176470588.
wandb: setting up run vwbdfipr
wandb: Tracking run with wandb version 0.26.1
wandb: Run data is saved locally in /gpfs/home3/scur0511/Probe4Physics/wandb/run-20260430_125725-vwbdfipr
wandb: Run `wandb offline` to turn off syncing.
wandb: Syncing run intphys2_linear_jepa_v2_1_vitG_384_layer_24/trial_0018
wandb: ⭐️ View project at https://wandb.ai/caselli-niccolo-developer-university-of-amsterdam/probe4physics
wandb: 🚀 View run at https://wandb.ai/caselli-niccolo-developer-university-of-amsterdam/probe4physics/runs/vwbdfipr
[eval.intphys2] Starting eval | split_name=val split_dir=data/splits/intphys2 predictor_mode=from_file metadata_file=data/annotations/intphys2_metadata.csv
[eval.intphys2] Loaded split assignments | split_scenes=51 split_samples=204
[eval.intphys2] Generated predictions | n_predictions=204
[eval.intphys2] Scoring complete | accuracy=55.8824 voe_accuracy=19.6078 n_scenes=51 n_samples=204
[eval.intphys2] Artifacts written | output_dir=artifacts/probes/intphys2/intphys2_probe_linear_jepa_v2_1_vitG_384_20260430T105417Z/layer_24/train/trial_0018/val_eval
wandb: updating run metadata
wandb: uploading output.log; uploading wandb-summary.json; uploading config.yaml; uploading wandb-metadata.json; uploading requirements.txt
wandb: uploading history steps 0-99, summary, console lines 0-4
wandb: 
wandb: Run history:
wandb:          epoch ▁▁▁▁▁▂▂▂▂▂▃▃▃▃▃▄▄▄▄▄▄▅▅▅▅▆▆▆▆▆▆▆▆▇▇▇▇▇██
wandb: train_accuracy ▂▁▃▃▂▃▃▃▄▅▄▃▄▅▄▃▅▄▆▆▅▇▅▆▆▆▆▇▆▆▇▄▆▅▇▇█▆▆▇
wandb:     train_loss █▃▃▃▃▃▂▃▃▃▂▂▂▃▂▂▂▂▂▂▂▂▂▂▂▂▂▁▂▂▁▁▁▁▃▁▁▁▃▁
wandb:   val_accuracy ▄▃▄▁▄▆▅▅▄▄▄▆▆▇▇▇▆▄▆▄▅██▅▅▅▅▄▆▆▆▄▇▇▆▆▇▇█▇
wandb:       val_loss ▃▂▂▂▃▂▂▃▆▅▂▃▁▂▅▁▃▂▂▃▁▁▁▁▂▁▂▆▁▂▁▁▁▁▁▁▁▂▂█
wandb: 
wandb: Run summary:
wandb:           best_epoch 93
wandb:    best_val_accuracy 55.88235
wandb:        best_val_loss 0.68979
wandb: checkpoint_best_path artifacts/probes/int...
wandb: checkpoint_last_path artifacts/probes/int...
wandb:      checkpoint_path artifacts/probes/int...
wandb:              dataset intphys2
wandb:      elapsed_seconds 3.9017
wandb:                epoch 100
wandb:    feature_signature 5c7753635ab2bb76
wandb:                  +22 ...
wandb: 
wandb: 🚀 View run intphys2_linear_jepa_v2_1_vitG_384_layer_24/trial_0018 at: https://wandb.ai/caselli-niccolo-developer-university-of-amsterdam/probe4physics/runs/vwbdfipr
wandb: ⭐️ View project at: https://wandb.ai/caselli-niccolo-developer-university-of-amsterdam/probe4physics
wandb: Synced 5 W&B file(s), 0 media file(s), 0 artifact file(s) and 0 other file(s)
wandb: Find logs at: ./wandb/run-20260430_125725-vwbdfipr/logs
[I 2026-04-30 12:57:30,004] Trial 18 finished with value: 19.607843137254903 and parameters: {'lr': 0.00035001577190255735, 'weight_decay': 1.5904327482486063e-08, 'batch_size': 32}. Best is trial 3 with value: 23.52941176470588.
wandb: setting up run cbqzcmoc
wandb: Tracking run with wandb version 0.26.1
wandb: Run data is saved locally in /gpfs/home3/scur0511/Probe4Physics/wandb/run-20260430_125730-cbqzcmoc
wandb: Run `wandb offline` to turn off syncing.
wandb: Syncing run intphys2_linear_jepa_v2_1_vitG_384_layer_24/trial_0019
wandb: ⭐️ View project at https://wandb.ai/caselli-niccolo-developer-university-of-amsterdam/probe4physics
wandb: 🚀 View run at https://wandb.ai/caselli-niccolo-developer-university-of-amsterdam/probe4physics/runs/cbqzcmoc
[eval.intphys2] Starting eval | split_name=val split_dir=data/splits/intphys2 predictor_mode=from_file metadata_file=data/annotations/intphys2_metadata.csv
[eval.intphys2] Loaded split assignments | split_scenes=51 split_samples=204
[eval.intphys2] Generated predictions | n_predictions=204
[eval.intphys2] Scoring complete | accuracy=56.3725 voe_accuracy=19.6078 n_scenes=51 n_samples=204
[eval.intphys2] Artifacts written | output_dir=artifacts/probes/intphys2/intphys2_probe_linear_jepa_v2_1_vitG_384_20260430T105417Z/layer_24/train/trial_0019/val_eval
wandb: updating run metadata
wandb: uploading wandb-metadata.json; uploading requirements.txt; uploading output.log; uploading wandb-summary.json; uploading config.yaml
wandb: 
wandb: Run history:
wandb:          epoch ▁▁▁▁▂▂▂▂▂▂▃▃▃▃▃▃▃▄▄▄▅▅▅▅▅▅▆▆▆▆▆▆▇▇▇▇▇▇██
wandb: train_accuracy ▃▁▃▃▄▄▄▃▄▃▃▃▃▅▅▃▄▃▄▆▆▅▆▄▆▅▄▇▇▆▇█▄▆▆▅▆▆▇█
wandb:     train_loss █▂▂▂▂▂▂▂▂▂▂▂▂▂▂▂▂▂▂▁▁▁▂▁▁▁▁▁▁▂▂▂▁▁▁▁▁▁▂▁
wandb:   val_accuracy ▂▂▂▃▂▂▆▅▄▄▁▆▆▃▄▂▂▄▇▄▄▄▅▂▆▆█▆▄▇▇█▇▇▇▇▄█▆▆
wandb:       val_loss █▄▂▁▂▁▁▁▁▁▂▄▁▁▁▂▁▁▂▁▂▁▁▁▂▂▁▂▂▂▁▁▁▁▁▂▂▂▂▁
wandb: 
wandb: Run summary:
wandb:           best_epoch 75
wandb:    best_val_accuracy 56.37255
wandb:        best_val_loss 0.7252
wandb: checkpoint_best_path artifacts/probes/int...
wandb: checkpoint_last_path artifacts/probes/int...
wandb:      checkpoint_path artifacts/probes/int...
wandb:              dataset intphys2
wandb:      elapsed_seconds 3.02312
wandb:                epoch 100
wandb:    feature_signature 5c7753635ab2bb76
wandb:                  +22 ...
wandb: 
wandb: 🚀 View run intphys2_linear_jepa_v2_1_vitG_384_layer_24/trial_0019 at: https://wandb.ai/caselli-niccolo-developer-university-of-amsterdam/probe4physics/runs/cbqzcmoc
wandb: ⭐️ View project at: https://wandb.ai/caselli-niccolo-developer-university-of-amsterdam/probe4physics
wandb: Synced 5 W&B file(s), 0 media file(s), 0 artifact file(s) and 0 other file(s)
wandb: Find logs at: ./wandb/run-20260430_125730-cbqzcmoc/logs
[I 2026-04-30 12:57:34,142] Trial 19 finished with value: 19.607843137254903 and parameters: {'lr': 0.00972858315193107, 'weight_decay': 1.2171316028571631e-05, 'batch_size': 128}. Best is trial 3 with value: 23.52941176470588.
[eval.intphys2] Starting eval | split_name=train split_dir=data/splits/intphys2 predictor_mode=from_file metadata_file=data/annotations/intphys2_metadata.csv
[eval.intphys2] Loaded split assignments | split_scenes=151 split_samples=604
[eval.intphys2] Generated predictions | n_predictions=604
[eval.intphys2] Scoring complete | accuracy=56.2914 voe_accuracy=37.0861 n_scenes=151 n_samples=604
[eval.intphys2] Artifacts written | output_dir=artifacts/probes/intphys2/intphys2_probe_linear_jepa_v2_1_vitG_384_20260430T105417Z/layer_24/eval/train
[eval.intphys2] Starting eval | split_name=val split_dir=data/splits/intphys2 predictor_mode=from_file metadata_file=data/annotations/intphys2_metadata.csv
[eval.intphys2] Loaded split assignments | split_scenes=51 split_samples=204
[eval.intphys2] Generated predictions | n_predictions=204
[eval.intphys2] Scoring complete | accuracy=55.8824 voe_accuracy=23.5294 n_scenes=51 n_samples=204
[eval.intphys2] Artifacts written | output_dir=artifacts/probes/intphys2/intphys2_probe_linear_jepa_v2_1_vitG_384_20260430T105417Z/layer_24/eval/val
[eval.intphys2] Starting eval | split_name=test split_dir=data/splits/intphys2 predictor_mode=from_file metadata_file=data/annotations/intphys2_metadata.csv
[eval.intphys2] Loaded split assignments | split_scenes=51 split_samples=204
[eval.intphys2] Generated predictions | n_predictions=204
[eval.intphys2] Scoring complete | accuracy=55.3922 voe_accuracy=19.6078 n_scenes=51 n_samples=204
[eval.intphys2] Artifacts written | output_dir=artifacts/probes/intphys2/intphys2_probe_linear_jepa_v2_1_vitG_384_20260430T105417Z/layer_24/eval/test
[I 2026-04-30 12:57:34,509] A new study created in RDB with name: intphys2_linear_jepa_v2_1_vitG_384_layer_38
wandb: setting up run 21c1m26l
wandb: Tracking run with wandb version 0.26.1
wandb: Run data is saved locally in /gpfs/home3/scur0511/Probe4Physics/wandb/run-20260430_125734-21c1m26l
wandb: Run `wandb offline` to turn off syncing.
wandb: Syncing run intphys2_linear_jepa_v2_1_vitG_384_layer_38/trial_0000
wandb: ⭐️ View project at https://wandb.ai/caselli-niccolo-developer-university-of-amsterdam/probe4physics
wandb: 🚀 View run at https://wandb.ai/caselli-niccolo-developer-university-of-amsterdam/probe4physics/runs/21c1m26l
[eval.intphys2] Starting eval | split_name=val split_dir=data/splits/intphys2 predictor_mode=from_file metadata_file=data/annotations/intphys2_metadata.csv
[eval.intphys2] Loaded split assignments | split_scenes=51 split_samples=204
[eval.intphys2] Generated predictions | n_predictions=204
[eval.intphys2] Scoring complete | accuracy=54.9020 voe_accuracy=27.4510 n_scenes=51 n_samples=204
[eval.intphys2] Artifacts written | output_dir=artifacts/probes/intphys2/intphys2_probe_linear_jepa_v2_1_vitG_384_20260430T105417Z/layer_38/train/trial_0000/val_eval
wandb: updating run metadata
wandb: uploading wandb-metadata.json; uploading requirements.txt; uploading output.log; uploading wandb-summary.json; uploading config.yaml
wandb: 
wandb: Run history:
wandb:          epoch ▁▁▁▁▁▁▂▂▂▂▂▃▃▃▃▃▃▄▄▄▄▅▅▅▅▆▆▆▆▆▆▆▆▆▇▇▇▇▇█
wandb: train_accuracy ▂▃▂▂▂▂▃▃▁▂▄▄▃▃▂▅▅▅▆▅▄▆▅▅▅▄▆▆▆▅█▄▆▅▅▆▆▆▇▇
wandb:     train_loss █▆▆▆▅▅▅▅▅▅▄▅▆▄▄▅▃▄▅▃▄▃▃▄▃▂▂▂▂▂▂▂▂▂▁▂▁▂▃▁
wandb:   val_accuracy ▂▄▂▂▄▁▂▁▅▆▁▅▆▂▃▆▄▆▅▄▃▇█▄▃▅▅▅█▄▅▅▄▇▅▃▇▇▂▄
wandb:       val_loss █▆▆▄▄▄▄▄▃▄▃▃▃▃▃▂▂▂▂▂▂▃▂▂▂▂▂▂▂▂▂▁▁▁▂▁▁▂▁▁
wandb: 
wandb: Run summary:
wandb:           best_epoch 67
wandb:    best_val_accuracy 54.90196
wandb:        best_val_loss 0.69268
wandb: checkpoint_best_path artifacts/probes/int...
wandb: checkpoint_last_path artifacts/probes/int...
wandb:      checkpoint_path artifacts/probes/int...
wandb:              dataset intphys2
wandb:      elapsed_seconds 4.36897
wandb:                epoch 100
wandb:    feature_signature 5c7753635ab2bb76
wandb:                  +22 ...
wandb: 
wandb: 🚀 View run intphys2_linear_jepa_v2_1_vitG_384_layer_38/trial_0000 at: https://wandb.ai/caselli-niccolo-developer-university-of-amsterdam/probe4physics/runs/21c1m26l
wandb: ⭐️ View project at: https://wandb.ai/caselli-niccolo-developer-university-of-amsterdam/probe4physics
wandb: Synced 5 W&B file(s), 0 media file(s), 0 artifact file(s) and 0 other file(s)
wandb: Find logs at: ./wandb/run-20260430_125734-21c1m26l/logs
[I 2026-04-30 12:57:39,983] Trial 0 finished with value: 27.450980392156865 and parameters: {'lr': 0.0001329291894316216, 'weight_decay': 0.005061576888752304, 'batch_size': 32}. Best is trial 0 with value: 27.450980392156865.
wandb: setting up run tiadbxw3
wandb: Tracking run with wandb version 0.26.1
wandb: Run data is saved locally in /gpfs/home3/scur0511/Probe4Physics/wandb/run-20260430_125740-tiadbxw3
wandb: Run `wandb offline` to turn off syncing.
wandb: Syncing run intphys2_linear_jepa_v2_1_vitG_384_layer_38/trial_0001
wandb: ⭐️ View project at https://wandb.ai/caselli-niccolo-developer-university-of-amsterdam/probe4physics
wandb: 🚀 View run at https://wandb.ai/caselli-niccolo-developer-university-of-amsterdam/probe4physics/runs/tiadbxw3
[eval.intphys2] Starting eval | split_name=val split_dir=data/splits/intphys2 predictor_mode=from_file metadata_file=data/annotations/intphys2_metadata.csv
[eval.intphys2] Loaded split assignments | split_scenes=51 split_samples=204
[eval.intphys2] Generated predictions | n_predictions=204
[eval.intphys2] Scoring complete | accuracy=50.9804 voe_accuracy=13.7255 n_scenes=51 n_samples=204
[eval.intphys2] Artifacts written | output_dir=artifacts/probes/intphys2/intphys2_probe_linear_jepa_v2_1_vitG_384_20260430T105417Z/layer_38/train/trial_0001/val_eval
wandb: updating run metadata
wandb: uploading wandb-metadata.json; uploading requirements.txt; uploading output.log; uploading wandb-summary.json; uploading config.yaml
wandb: 
wandb: Run history:
wandb:          epoch ▁▁▁▁▂▂▂▃▃▃▃▃▄▄▄▄▄▄▄▄▅▅▅▅▅▆▆▆▆▆▇▇▇▇▇▇████
wandb: train_accuracy ▇▇▇▇▇▆▅▇█▇▆▇▆▇▇▆▇▆▄▄▄▄▃▄▁▂▂▃▃▄▄▄▄▄▃▃▃▄▃▂
wandb:     train_loss █▆▅▆▅▃▃▃▂▂▂▂▂▂▂▁▂▁▁▂▂▂▂▁▁▂▁▁▂▁▁▁▁▂▁▁▂▁▁▁
wandb:   val_accuracy ▆▆▆▆▆▅▇▆▆▆▆█▄▅▆▅▄▅▆▇▄▅▃▃▃▂▁▄▄▃▂▂▃▃▃▄▅▅▅▅
wandb:       val_loss █▆▅▅▅▄▃▃▃▃▂▂▂▂▂▂▂▂▁▁▁▁▁▁▁▁▁▁▁▁▁▁▁▁▁▁▁▁▁▁
wandb: 
wandb: Run summary:
wandb:           best_epoch 24
wandb:    best_val_accuracy 50.9804
wandb:        best_val_loss 0.70643
wandb: checkpoint_best_path artifacts/probes/int...
wandb: checkpoint_last_path artifacts/probes/int...
wandb:      checkpoint_path artifacts/probes/int...
wandb:              dataset intphys2
wandb:      elapsed_seconds 2.88942
wandb:                epoch 100
wandb:    feature_signature 5c7753635ab2bb76
wandb:                  +22 ...
wandb: 
wandb: 🚀 View run intphys2_linear_jepa_v2_1_vitG_384_layer_38/trial_0001 at: https://wandb.ai/caselli-niccolo-developer-university-of-amsterdam/probe4physics/runs/tiadbxw3
wandb: ⭐️ View project at: https://wandb.ai/caselli-niccolo-developer-university-of-amsterdam/probe4physics
wandb: Synced 5 W&B file(s), 0 media file(s), 0 artifact file(s) and 0 other file(s)
wandb: Find logs at: ./wandb/run-20260430_125740-tiadbxw3/logs
[I 2026-04-30 12:57:43,949] Trial 1 finished with value: 13.725490196078432 and parameters: {'lr': 1.493656855461762e-05, 'weight_decay': 0.0015741890047456662, 'batch_size': 256}. Best is trial 0 with value: 27.450980392156865.
wandb: setting up run z3rszjus
wandb: Tracking run with wandb version 0.26.1
wandb: Run data is saved locally in /gpfs/home3/scur0511/Probe4Physics/wandb/run-20260430_125744-z3rszjus
wandb: Run `wandb offline` to turn off syncing.
wandb: Syncing run intphys2_linear_jepa_v2_1_vitG_384_layer_38/trial_0002
wandb: ⭐️ View project at https://wandb.ai/caselli-niccolo-developer-university-of-amsterdam/probe4physics
wandb: 🚀 View run at https://wandb.ai/caselli-niccolo-developer-university-of-amsterdam/probe4physics/runs/z3rszjus
[eval.intphys2] Starting eval | split_name=val split_dir=data/splits/intphys2 predictor_mode=from_file metadata_file=data/annotations/intphys2_metadata.csv
[eval.intphys2] Loaded split assignments | split_scenes=51 split_samples=204
[eval.intphys2] Generated predictions | n_predictions=204
[eval.intphys2] Scoring complete | accuracy=54.9020 voe_accuracy=31.3725 n_scenes=51 n_samples=204
[eval.intphys2] Artifacts written | output_dir=artifacts/probes/intphys2/intphys2_probe_linear_jepa_v2_1_vitG_384_20260430T105417Z/layer_38/train/trial_0002/val_eval
wandb: updating run metadata
wandb: uploading requirements.txt; uploading output.log; uploading wandb-summary.json; uploading config.yaml; uploading wandb-metadata.json
wandb: uploading wandb-summary.json
wandb: 
wandb: Run history:
wandb:          epoch ▁▂▂▂▂▂▃▃▃▃▄▄▄▄▄▄▄▄▅▅▅▅▅▅▆▆▆▆▆▆▇▇▇▇▇▇████
wandb: train_accuracy ▁▁▁▁▁▂▃▂▃▃▃▂▂▂▃▂▃▁▄▂▄▆▆▆▅▆▅▇▄▄▄▃▅▅▆█▅▇▇▃
wandb:     train_loss █▃▅▃▃▂▂▃▃▂▃▂▂▂▂▂▂▂▂▂▂▂▁▂▁▁▁▁▁▂▂▁▁▁▁▁▁▂▃▁
wandb:   val_accuracy ▃▃▃▃▁▄▄▄▃▅▅▃▃▅▅▅▄▇▂▅▆▅▇▇▆▅▆▅▅▆▆▇▄▆▆█▄▆▅▄
wandb:       val_loss ▄▅▇▂▂▂▂▂▅▂▃▂▂▂▁▃▃▄▁▄▂▁▂▂▂▁▁▂▂▃▁▄▁▃▂▂▂▁▂█
wandb: 
wandb: Run summary:
wandb:           best_epoch 66
wandb:    best_val_accuracy 54.90196
wandb:        best_val_loss 0.69497
wandb: checkpoint_best_path artifacts/probes/int...
wandb: checkpoint_last_path artifacts/probes/int...
wandb:      checkpoint_path artifacts/probes/int...
wandb:              dataset intphys2
wandb:      elapsed_seconds 2.88854
wandb:                epoch 100
wandb:    feature_signature 5c7753635ab2bb76
wandb:                  +22 ...
wandb: 
wandb: 🚀 View run intphys2_linear_jepa_v2_1_vitG_384_layer_38/trial_0002 at: https://wandb.ai/caselli-niccolo-developer-university-of-amsterdam/probe4physics/runs/z3rszjus
wandb: ⭐️ View project at: https://wandb.ai/caselli-niccolo-developer-university-of-amsterdam/probe4physics
wandb: Synced 5 W&B file(s), 0 media file(s), 0 artifact file(s) and 0 other file(s)
wandb: Find logs at: ./wandb/run-20260430_125744-z3rszjus/logs
[I 2026-04-30 12:57:48,416] Trial 2 finished with value: 31.372549019607842 and parameters: {'lr': 0.00314288089084011, 'weight_decay': 1.879466824163843e-07, 'batch_size': 256}. Best is trial 2 with value: 31.372549019607842.
wandb: setting up run r4vn3hqn
wandb: Tracking run with wandb version 0.26.1
wandb: Run data is saved locally in /gpfs/home3/scur0511/Probe4Physics/wandb/run-20260430_125748-r4vn3hqn
wandb: Run `wandb offline` to turn off syncing.
wandb: Syncing run intphys2_linear_jepa_v2_1_vitG_384_layer_38/trial_0003
wandb: ⭐️ View project at https://wandb.ai/caselli-niccolo-developer-university-of-amsterdam/probe4physics
wandb: 🚀 View run at https://wandb.ai/caselli-niccolo-developer-university-of-amsterdam/probe4physics/runs/r4vn3hqn
[eval.intphys2] Starting eval | split_name=val split_dir=data/splits/intphys2 predictor_mode=from_file metadata_file=data/annotations/intphys2_metadata.csv
[eval.intphys2] Loaded split assignments | split_scenes=51 split_samples=204
[eval.intphys2] Generated predictions | n_predictions=204
[eval.intphys2] Scoring complete | accuracy=55.3922 voe_accuracy=27.4510 n_scenes=51 n_samples=204
[eval.intphys2] Artifacts written | output_dir=artifacts/probes/intphys2/intphys2_probe_linear_jepa_v2_1_vitG_384_20260430T105417Z/layer_38/train/trial_0003/val_eval
wandb: updating run metadata
wandb: uploading wandb-summary.json; uploading config.yaml; uploading wandb-metadata.json; uploading requirements.txt; uploading output.log
wandb: 
wandb: Run history:
wandb:          epoch ▁▁▁▁▁▂▂▂▂▂▃▃▃▃▃▄▄▄▄▄▅▅▅▅▅▅▆▆▆▆▇▇▇▇▇▇▇███
wandb: train_accuracy ▃▃▄▃▂▃▄▃▄▅▅▂▁▅▃▄▅▃█▄▅▅▇▆▇▇█▅▄▇▆█▇▆█▇█▇▆█
wandb:     train_loss ▇█▇▇▆▆▇▆▅▇▄▅▇▇▅▄▄▄▅▄▄▃▃▃▄▃▂▃▂▄▂▁▂▁▂▂▄▄▁▃
wandb:   val_accuracy ▁▄▁▅▂▆▃▃▃▂▄▄▄▄▂▄▄▄▇▃▄▅▅▆▃▃▄█▅▄▇▅▃▇▅▂▅▄▆▄
wandb:       val_loss █▇▆▅▆▄▄▄▃▃▂▂▂▃▃▃▂▂▂▂▂▃▂▂▂▂▂▂▂▂▁▁▁▁▂▂▁▁▁▁
wandb: 
wandb: Run summary:
wandb:           best_epoch 62
wandb:    best_val_accuracy 55.39216
wandb:        best_val_loss 0.69207
wandb: checkpoint_best_path artifacts/probes/int...
wandb: checkpoint_last_path artifacts/probes/int...
wandb:      checkpoint_path artifacts/probes/int...
wandb:              dataset intphys2
wandb:      elapsed_seconds 3.95215
wandb:                epoch 100
wandb:    feature_signature 5c7753635ab2bb76
wandb:                  +22 ...
wandb: 
wandb: 🚀 View run intphys2_linear_jepa_v2_1_vitG_384_layer_38/trial_0003 at: https://wandb.ai/caselli-niccolo-developer-university-of-amsterdam/probe4physics/runs/r4vn3hqn
wandb: ⭐️ View project at: https://wandb.ai/caselli-niccolo-developer-university-of-amsterdam/probe4physics
wandb: Synced 5 W&B file(s), 0 media file(s), 0 artifact file(s) and 0 other file(s)
wandb: Find logs at: ./wandb/run-20260430_125748-r4vn3hqn/logs
[I 2026-04-30 12:57:53,444] Trial 3 finished with value: 27.450980392156865 and parameters: {'lr': 0.00019762189340280086, 'weight_decay': 5.589524205217922e-07, 'batch_size': 32}. Best is trial 2 with value: 31.372549019607842.
wandb: setting up run ec0f3img
wandb: Tracking run with wandb version 0.26.1
wandb: Run data is saved locally in /gpfs/home3/scur0511/Probe4Physics/wandb/run-20260430_125753-ec0f3img
wandb: Run `wandb offline` to turn off syncing.
wandb: Syncing run intphys2_linear_jepa_v2_1_vitG_384_layer_38/trial_0004
wandb: ⭐️ View project at https://wandb.ai/caselli-niccolo-developer-university-of-amsterdam/probe4physics
wandb: 🚀 View run at https://wandb.ai/caselli-niccolo-developer-university-of-amsterdam/probe4physics/runs/ec0f3img
[eval.intphys2] Starting eval | split_name=val split_dir=data/splits/intphys2 predictor_mode=from_file metadata_file=data/annotations/intphys2_metadata.csv
[eval.intphys2] Loaded split assignments | split_scenes=51 split_samples=204
[eval.intphys2] Generated predictions | n_predictions=204
[eval.intphys2] Scoring complete | accuracy=53.9216 voe_accuracy=27.4510 n_scenes=51 n_samples=204
[eval.intphys2] Artifacts written | output_dir=artifacts/probes/intphys2/intphys2_probe_linear_jepa_v2_1_vitG_384_20260430T105417Z/layer_38/train/trial_0004/val_eval
wandb: updating run metadata
wandb: uploading config.yaml; uploading wandb-metadata.json; uploading requirements.txt; uploading output.log; uploading wandb-summary.json
wandb: uploading history steps 0-99, summary, console lines 0-4
wandb: 
wandb: Run history:
wandb:          epoch ▁▁▂▂▂▂▂▂▂▃▃▃▃▃▃▄▄▄▄▄▅▅▅▅▅▅▆▆▆▆▆▇▇▇▇▇▇███
wandb: train_accuracy ▂▂▂▁▂▂▃▄▃▃▁▄▂▂▄▄▅▅▄▆▅▅▅▅▅▆▆▅▇▆▆▆▅▆▅▇▆▅▆█
wandb:     train_loss █▇▆▆▆▅▆▅▇▅▅▄▄▅▄▅▄▃▄▄▃▃▃▃▃▃▃▃▂▃▃▂▂▂▂▁▂▁▁▁
wandb:   val_accuracy ▄▂▃▂▅▇▆▄▂▃▄▆▁▆▁▃▄▅▅▇▄▄▄▄▆▃▇▃▄▅▅█▄▄▅▄▅▇▇▅
wandb:       val_loss █▇▅▅▃▃▃▃▃▃▂▃▂▂▂▃▂▂▂▂▂▂▂▂▂▂▂▂▁▂▁▁▁▁▁▁▁▁▁▁
wandb: 
wandb: Run summary:
wandb:           best_epoch 76
wandb:    best_val_accuracy 53.92157
wandb:        best_val_loss 0.69254
wandb: checkpoint_best_path artifacts/probes/int...
wandb: checkpoint_last_path artifacts/probes/int...
wandb:      checkpoint_path artifacts/probes/int...
wandb:              dataset intphys2
wandb:      elapsed_seconds 2.95589
wandb:                epoch 100
wandb:    feature_signature 5c7753635ab2bb76
wandb:                  +22 ...
wandb: 
wandb: 🚀 View run intphys2_linear_jepa_v2_1_vitG_384_layer_38/trial_0004 at: https://wandb.ai/caselli-niccolo-developer-university-of-amsterdam/probe4physics/runs/ec0f3img
wandb: ⭐️ View project at: https://wandb.ai/caselli-niccolo-developer-university-of-amsterdam/probe4physics
wandb: Synced 5 W&B file(s), 0 media file(s), 0 artifact file(s) and 0 other file(s)
wandb: Find logs at: ./wandb/run-20260430_125753-ec0f3img/logs
[I 2026-04-30 12:57:57,766] Trial 4 finished with value: 27.450980392156865 and parameters: {'lr': 0.00023345864076016249, 'weight_decay': 0.0005141096648805752, 'batch_size': 128}. Best is trial 2 with value: 31.372549019607842.
wandb: setting up run 9ki87d3y
wandb: Tracking run with wandb version 0.26.1
wandb: Run data is saved locally in /gpfs/home3/scur0511/Probe4Physics/wandb/run-20260430_125758-9ki87d3y
wandb: Run `wandb offline` to turn off syncing.
wandb: Syncing run intphys2_linear_jepa_v2_1_vitG_384_layer_38/trial_0005
wandb: ⭐️ View project at https://wandb.ai/caselli-niccolo-developer-university-of-amsterdam/probe4physics
wandb: 🚀 View run at https://wandb.ai/caselli-niccolo-developer-university-of-amsterdam/probe4physics/runs/9ki87d3y
[eval.intphys2] Starting eval | split_name=val split_dir=data/splits/intphys2 predictor_mode=from_file metadata_file=data/annotations/intphys2_metadata.csv
[eval.intphys2] Loaded split assignments | split_scenes=51 split_samples=204
[eval.intphys2] Generated predictions | n_predictions=204
[eval.intphys2] Scoring complete | accuracy=55.3922 voe_accuracy=29.4118 n_scenes=51 n_samples=204
[eval.intphys2] Artifacts written | output_dir=artifacts/probes/intphys2/intphys2_probe_linear_jepa_v2_1_vitG_384_20260430T105417Z/layer_38/train/trial_0005/val_eval
wandb: updating run metadata
wandb: uploading requirements.txt; uploading output.log; uploading wandb-summary.json; uploading config.yaml; uploading wandb-metadata.json
wandb: uploading history steps 0-99, summary, console lines 0-4
wandb: 
wandb: Run history:
wandb:          epoch ▁▁▁▁▂▂▂▂▂▃▃▃▃▃▄▄▄▅▅▅▅▅▅▅▅▆▆▆▆▇▇▇▇▇▇▇████
wandb: train_accuracy ▁▂▂▁▃▁▂▁▂▂▁▃▃▂▅▃▃▄▃▄▆▆▆▆▆▄▆▄▆▆▆█▇▆█▆█▄▅▅
wandb:     train_loss ▆▅▅▅▅▄▅▅▆▄█▆▄▃▅▃▄▃▃▃▃▃▂▂▃▂▃▃▂▂▂▂▁▁▁▁▁▄▂▁
wandb:   val_accuracy ▃▁▄▅▄▆▁▃▅▃▄▃▅▄▄▅▃▇▆▄▃▅▄▇▆▇▃▄▃▆▇▅▄▆█▃▅▇▅▅
wandb:       val_loss █▅▅▅▃▃▃▃▅▃▃▅▂▅▃▃▂▂▄▂▂▂▂▃▂▄▁▁▁▂▂▁▁▁▃▂▁▁▂▁
wandb: 
wandb: Run summary:
wandb:           best_epoch 60
wandb:    best_val_accuracy 55.39216
wandb:        best_val_loss 0.69186
wandb: checkpoint_best_path artifacts/probes/int...
wandb: checkpoint_last_path artifacts/probes/int...
wandb:      checkpoint_path artifacts/probes/int...
wandb:              dataset intphys2
wandb:      elapsed_seconds 3.06538
wandb:                epoch 100
wandb:    feature_signature 5c7753635ab2bb76
wandb:                  +22 ...
wandb: 
wandb: 🚀 View run intphys2_linear_jepa_v2_1_vitG_384_layer_38/trial_0005 at: https://wandb.ai/caselli-niccolo-developer-university-of-amsterdam/probe4physics/runs/9ki87d3y
wandb: ⭐️ View project at: https://wandb.ai/caselli-niccolo-developer-university-of-amsterdam/probe4physics
wandb: Synced 5 W&B file(s), 0 media file(s), 0 artifact file(s) and 0 other file(s)
wandb: Find logs at: ./wandb/run-20260430_125758-9ki87d3y/logs
[I 2026-04-30 12:58:02,069] Trial 5 finished with value: 29.411764705882355 and parameters: {'lr': 0.0006647135865318024, 'weight_decay': 1.0547383621352015e-07, 'batch_size': 128}. Best is trial 2 with value: 31.372549019607842.
wandb: setting up run n4vqprty
wandb: Tracking run with wandb version 0.26.1
wandb: Run data is saved locally in /gpfs/home3/scur0511/Probe4Physics/wandb/run-20260430_125802-n4vqprty
wandb: Run `wandb offline` to turn off syncing.
wandb: Syncing run intphys2_linear_jepa_v2_1_vitG_384_layer_38/trial_0006
wandb: ⭐️ View project at https://wandb.ai/caselli-niccolo-developer-university-of-amsterdam/probe4physics
wandb: 🚀 View run at https://wandb.ai/caselli-niccolo-developer-university-of-amsterdam/probe4physics/runs/n4vqprty
[eval.intphys2] Starting eval | split_name=val split_dir=data/splits/intphys2 predictor_mode=from_file metadata_file=data/annotations/intphys2_metadata.csv
[eval.intphys2] Loaded split assignments | split_scenes=51 split_samples=204
[eval.intphys2] Generated predictions | n_predictions=204
[eval.intphys2] Scoring complete | accuracy=53.9216 voe_accuracy=27.4510 n_scenes=51 n_samples=204
[eval.intphys2] Artifacts written | output_dir=artifacts/probes/intphys2/intphys2_probe_linear_jepa_v2_1_vitG_384_20260430T105417Z/layer_38/train/trial_0006/val_eval
wandb: updating run metadata
wandb: uploading requirements.txt; uploading output.log; uploading wandb-summary.json; uploading config.yaml; uploading wandb-metadata.json
wandb: 
wandb: Run history:
wandb:          epoch ▁▁▁▂▂▂▂▂▂▃▃▄▄▄▄▄▄▄▅▅▅▅▅▆▆▆▆▆▆▆▇▇▇▇▇▇████
wandb: train_accuracy ▂▁▃▄▂▃▅▃▄▂▆▆▅▂▃▄▄▆▅▄▅█▅▇█▅▅▆▇▇▆▅▆▅▅▆▅▇██
wandb:     train_loss █▇▆▆▆▆▆▆▆▅▆▅▄▆▄▄▄▄▄▄▄▄▃▃▃▃▄▃▃▂▂▃▂▂▂▂▂▁▁▁
wandb:   val_accuracy ▂▁▁▂▄▅▇▃▇▅▇▇▄▂▂▇▅▂██▅▇▆▇▆▄▅▇█▄▄▆▇▅▇▅▇▅▇▇
wandb:       val_loss █▇▆▅▅▄▄▄▃▃▃▃▃▂▃▃▂▂▂▂▂▂▂▂▂▂▂▂▂▂▁▁▁▁▁▁▂▁▁▂
wandb: 
wandb: Run summary:
wandb:           best_epoch 91
wandb:    best_val_accuracy 53.92157
wandb:        best_val_loss 0.6926
wandb: checkpoint_best_path artifacts/probes/int...
wandb: checkpoint_last_path artifacts/probes/int...
wandb:      checkpoint_path artifacts/probes/int...
wandb:              dataset intphys2
wandb:      elapsed_seconds 3.91713
wandb:                epoch 100
wandb:    feature_signature 5c7753635ab2bb76
wandb:                  +22 ...
wandb: 
wandb: 🚀 View run intphys2_linear_jepa_v2_1_vitG_384_layer_38/trial_0006 at: https://wandb.ai/caselli-niccolo-developer-university-of-amsterdam/probe4physics/runs/n4vqprty
wandb: ⭐️ View project at: https://wandb.ai/caselli-niccolo-developer-university-of-amsterdam/probe4physics
wandb: Synced 5 W&B file(s), 0 media file(s), 0 artifact file(s) and 0 other file(s)
wandb: Find logs at: ./wandb/run-20260430_125802-n4vqprty/logs
[I 2026-04-30 12:58:06,960] Trial 6 finished with value: 27.450980392156865 and parameters: {'lr': 8.200518402245828e-05, 'weight_decay': 3.855073690026179e-08, 'batch_size': 32}. Best is trial 2 with value: 31.372549019607842.
wandb: setting up run 3wr4w5g0
wandb: Tracking run with wandb version 0.26.1
wandb: Run data is saved locally in /gpfs/home3/scur0511/Probe4Physics/wandb/run-20260430_125807-3wr4w5g0
wandb: Run `wandb offline` to turn off syncing.
wandb: Syncing run intphys2_linear_jepa_v2_1_vitG_384_layer_38/trial_0007
wandb: ⭐️ View project at https://wandb.ai/caselli-niccolo-developer-university-of-amsterdam/probe4physics
wandb: 🚀 View run at https://wandb.ai/caselli-niccolo-developer-university-of-amsterdam/probe4physics/runs/3wr4w5g0
[eval.intphys2] Starting eval | split_name=val split_dir=data/splits/intphys2 predictor_mode=from_file metadata_file=data/annotations/intphys2_metadata.csv
[eval.intphys2] Loaded split assignments | split_scenes=51 split_samples=204
[eval.intphys2] Generated predictions | n_predictions=204
[eval.intphys2] Scoring complete | accuracy=51.4706 voe_accuracy=15.6863 n_scenes=51 n_samples=204
[eval.intphys2] Artifacts written | output_dir=artifacts/probes/intphys2/intphys2_probe_linear_jepa_v2_1_vitG_384_20260430T105417Z/layer_38/train/trial_0007/val_eval
wandb: updating run metadata
wandb: uploading requirements.txt; uploading output.log; uploading wandb-summary.json; uploading config.yaml; uploading wandb-metadata.json
wandb: uploading requirements.txt
wandb: 
wandb: Run history:
wandb:          epoch ▁▁▁▁▂▂▂▃▃▃▃▄▄▄▄▄▄▄▅▅▅▅▅▅▆▆▆▆▆▆▆▆▆▆▇▇▇▇██
wandb: train_accuracy ▄▃▅▄▃▂▁▅▃▃▁▃▃▃▁▂▂▄▅▄▅▄▃▆▆▆▅▅▅▆▇▇▇█▆▆▆▆▅▇
wandb:     train_loss █▆▂▃▃▂▂▂▂▁▂▁▂▂▁▁▁▁▁▂▁▁▂▁▁▂▁▁▁▁▁▁▁▁▁▁▁▁▁▁
wandb:   val_accuracy ▆▆▆▆▆▆▅▃▃▃▁▃▄▄▃▃▃▃▂▂▄▃▄▄▃▆▅▆▇▆▇███▄▆▇▆▇▄
wandb:       val_loss █▇▄▄▃▂▂▂▂▂▂▂▂▂▂▁▁▁▁▁▁▁▁▁▁▁▁▁▁▁▁▁▁▁▁▁▁▁▁▁
wandb: 
wandb: Run summary:
wandb:           best_epoch 78
wandb:    best_val_accuracy 51.47059
wandb:        best_val_loss 0.69635
wandb: checkpoint_best_path artifacts/probes/int...
wandb: checkpoint_last_path artifacts/probes/int...
wandb:      checkpoint_path artifacts/probes/int...
wandb:              dataset intphys2
wandb:      elapsed_seconds 3.32752
wandb:                epoch 100
wandb:    feature_signature 5c7753635ab2bb76
wandb:                  +22 ...
wandb: 
wandb: 🚀 View run intphys2_linear_jepa_v2_1_vitG_384_layer_38/trial_0007 at: https://wandb.ai/caselli-niccolo-developer-university-of-amsterdam/probe4physics/runs/3wr4w5g0
wandb: ⭐️ View project at: https://wandb.ai/caselli-niccolo-developer-university-of-amsterdam/probe4physics
wandb: Synced 5 W&B file(s), 0 media file(s), 0 artifact file(s) and 0 other file(s)
wandb: Find logs at: ./wandb/run-20260430_125807-3wr4w5g0/logs
[I 2026-04-30 12:58:11,835] Trial 7 finished with value: 15.686274509803921 and parameters: {'lr': 1.2681352169084594e-05, 'weight_decay': 0.0028570800750407216, 'batch_size': 64}. Best is trial 2 with value: 31.372549019607842.
wandb: setting up run 1s2ebec6
wandb: Tracking run with wandb version 0.26.1
wandb: Run data is saved locally in /gpfs/home3/scur0511/Probe4Physics/wandb/run-20260430_125812-1s2ebec6
wandb: Run `wandb offline` to turn off syncing.
wandb: Syncing run intphys2_linear_jepa_v2_1_vitG_384_layer_38/trial_0008
wandb: ⭐️ View project at https://wandb.ai/caselli-niccolo-developer-university-of-amsterdam/probe4physics
wandb: 🚀 View run at https://wandb.ai/caselli-niccolo-developer-university-of-amsterdam/probe4physics/runs/1s2ebec6
[eval.intphys2] Starting eval | split_name=val split_dir=data/splits/intphys2 predictor_mode=from_file metadata_file=data/annotations/intphys2_metadata.csv
[eval.intphys2] Loaded split assignments | split_scenes=51 split_samples=204
[eval.intphys2] Generated predictions | n_predictions=204
[eval.intphys2] Scoring complete | accuracy=55.3922 voe_accuracy=27.4510 n_scenes=51 n_samples=204
[eval.intphys2] Artifacts written | output_dir=artifacts/probes/intphys2/intphys2_probe_linear_jepa_v2_1_vitG_384_20260430T105417Z/layer_38/train/trial_0008/val_eval
wandb: updating run metadata
wandb: uploading history steps 0-99, summary, console lines 0-4
wandb: 
wandb: Run history:
wandb:          epoch ▁▁▁▁▁▂▂▂▂▂▂▃▃▃▃▃▃▄▄▄▄▅▅▅▅▅▅▅▆▆▆▆▆▆▇▇▇▇▇█
wandb: train_accuracy ▁▃▃▂▄▃▂▂▃▃▃▃▄▂▄▃▃▄▅▄▄▅▃▄▃▅▃▅▅▄▆▇▇▇▆▅▄▆█▆
wandb:     train_loss █▆▇▇▇▅▆▆▅▄▇▆▅▅▆▆▅▅▄▄▅▄▂▄▂▄▂▃▂▂▃▅▂▁▁▂▂▁▁▆
wandb:   val_accuracy ▂▂▄▁▃▂▃▂▄▂▃▁▂▂▂▃█▂▃▄▃▅▄▄▅▂▂▂▄▃▂▄▅▅▃▄▄▄▄▄
wandb:       val_loss ▆▃▂▂▂▃▃▂▂▁█▂▁▅▂▂▁▁▁▂▁▁▁▃▁▂▁▂▁▁▁▂▂▁▁▂▂▂▁▁
wandb: 
wandb: Run summary:
wandb:           best_epoch 34
wandb:    best_val_accuracy 55.39216
wandb:        best_val_loss 0.69216
wandb: checkpoint_best_path artifacts/probes/int...
wandb: checkpoint_last_path artifacts/probes/int...
wandb:      checkpoint_path artifacts/probes/int...
wandb:              dataset intphys2
wandb:      elapsed_seconds 3.90338
wandb:                epoch 100
wandb:    feature_signature 5c7753635ab2bb76
wandb:                  +22 ...
wandb: 
wandb: 🚀 View run intphys2_linear_jepa_v2_1_vitG_384_layer_38/trial_0008 at: https://wandb.ai/caselli-niccolo-developer-university-of-amsterdam/probe4physics/runs/1s2ebec6
wandb: ⭐️ View project at: https://wandb.ai/caselli-niccolo-developer-university-of-amsterdam/probe4physics
wandb: Synced 5 W&B file(s), 0 media file(s), 0 artifact file(s) and 0 other file(s)
wandb: Find logs at: ./wandb/run-20260430_125812-1s2ebec6/logs
[I 2026-04-30 12:58:16,971] Trial 8 finished with value: 27.450980392156865 and parameters: {'lr': 0.00043664735929796326, 'weight_decay': 1.2856617791467908e-07, 'batch_size': 32}. Best is trial 2 with value: 31.372549019607842.
wandb: setting up run fuppy8ib
wandb: Tracking run with wandb version 0.26.1
wandb: Run data is saved locally in /gpfs/home3/scur0511/Probe4Physics/wandb/run-20260430_125817-fuppy8ib
wandb: Run `wandb offline` to turn off syncing.
wandb: Syncing run intphys2_linear_jepa_v2_1_vitG_384_layer_38/trial_0009
wandb: ⭐️ View project at https://wandb.ai/caselli-niccolo-developer-university-of-amsterdam/probe4physics
wandb: 🚀 View run at https://wandb.ai/caselli-niccolo-developer-university-of-amsterdam/probe4physics/runs/fuppy8ib
[eval.intphys2] Starting eval | split_name=val split_dir=data/splits/intphys2 predictor_mode=from_file metadata_file=data/annotations/intphys2_metadata.csv
[eval.intphys2] Loaded split assignments | split_scenes=51 split_samples=204
[eval.intphys2] Generated predictions | n_predictions=204
[eval.intphys2] Scoring complete | accuracy=53.9216 voe_accuracy=29.4118 n_scenes=51 n_samples=204
[eval.intphys2] Artifacts written | output_dir=artifacts/probes/intphys2/intphys2_probe_linear_jepa_v2_1_vitG_384_20260430T105417Z/layer_38/train/trial_0009/val_eval
wandb: updating run metadata
wandb: uploading wandb-metadata.json; uploading requirements.txt; uploading output.log; uploading wandb-summary.json; uploading config.yaml
wandb: uploading requirements.txt; uploading config.yaml
wandb: 
wandb: Run history:
wandb:          epoch ▁▁▁▁▂▂▂▂▂▂▂▃▃▃▃▄▄▄▄▅▅▅▅▅▆▆▆▆▆▆▆▆▇▇▇▇▇▇▇█
wandb: train_accuracy ▁▂▂▂▂▄▄▃▂▂▃▄▄▃▃▄▅▃▃▃▅▅▄▅▇▇█▇▆▇▅▆▇▄▅▇█▆▇▅
wandb:     train_loss █▅▃▃▃▃▃▃▃▃▃▂▃▃▂▂▃▂▂▂▂▂▂▂▂▂▂▂▂▁▂▂▂▁▂▁▁▃▂▂
wandb:   val_accuracy ▄▂▂▇▇▄▁▆▇▃▆▄▄▇▇▅▄▅▅▆▃▅▂▄▅▅▆▅▃█▂▆▄▅▅▆▅▄▅▆
wandb:       val_loss █▆▄▄▃▃▅▃▃▄▃▃▃▃▃▃▆▂▄▄▂▃▂▃▂▂▂▂▃▁▁▁▃▄▁▂▂▂▁▁
wandb: 
wandb: Run summary:
wandb:           best_epoch 43
wandb:    best_val_accuracy 53.92157
wandb:        best_val_loss 0.69269
wandb: checkpoint_best_path artifacts/probes/int...
wandb: checkpoint_last_path artifacts/probes/int...
wandb:      checkpoint_path artifacts/probes/int...
wandb:              dataset intphys2
wandb:      elapsed_seconds 3.07153
wandb:                epoch 100
wandb:    feature_signature 5c7753635ab2bb76
wandb:                  +22 ...
wandb: 
wandb: 🚀 View run intphys2_linear_jepa_v2_1_vitG_384_layer_38/trial_0009 at: https://wandb.ai/caselli-niccolo-developer-university-of-amsterdam/probe4physics/runs/fuppy8ib
wandb: ⭐️ View project at: https://wandb.ai/caselli-niccolo-developer-university-of-amsterdam/probe4physics
wandb: Synced 5 W&B file(s), 0 media file(s), 0 artifact file(s) and 0 other file(s)
wandb: Find logs at: ./wandb/run-20260430_125817-fuppy8ib/logs
[I 2026-04-30 12:58:21,473] Trial 9 finished with value: 29.411764705882355 and parameters: {'lr': 0.0006218704727769079, 'weight_decay': 0.0033981724150106006, 'batch_size': 256}. Best is trial 2 with value: 31.372549019607842.
wandb: setting up run ch8um6e7
wandb: Tracking run with wandb version 0.26.1
wandb: Run data is saved locally in /gpfs/home3/scur0511/Probe4Physics/wandb/run-20260430_125821-ch8um6e7
wandb: Run `wandb offline` to turn off syncing.
wandb: Syncing run intphys2_linear_jepa_v2_1_vitG_384_layer_38/trial_0010
wandb: ⭐️ View project at https://wandb.ai/caselli-niccolo-developer-university-of-amsterdam/probe4physics
wandb: 🚀 View run at https://wandb.ai/caselli-niccolo-developer-university-of-amsterdam/probe4physics/runs/ch8um6e7
[eval.intphys2] Starting eval | split_name=val split_dir=data/splits/intphys2 predictor_mode=from_file metadata_file=data/annotations/intphys2_metadata.csv
[eval.intphys2] Loaded split assignments | split_scenes=51 split_samples=204
[eval.intphys2] Generated predictions | n_predictions=204
[eval.intphys2] Scoring complete | accuracy=55.8824 voe_accuracy=33.3333 n_scenes=51 n_samples=204
[eval.intphys2] Artifacts written | output_dir=artifacts/probes/intphys2/intphys2_probe_linear_jepa_v2_1_vitG_384_20260430T105417Z/layer_38/train/trial_0010/val_eval
wandb: updating run metadata
wandb: uploading wandb-metadata.json; uploading requirements.txt; uploading output.log; uploading wandb-summary.json; uploading config.yaml
wandb: 
wandb: Run history:
wandb:          epoch ▁▁▁▁▁▂▂▂▂▂▂▂▃▃▃▃▃▃▃▄▄▄▄▄▅▅▅▅▆▆▆▆▆▆▇▇▇▇▇█
wandb: train_accuracy ▁▂▁▁▁▁▂▃▃▃▂▄▁▄▄▃▄▄▅▄▂▄▄▅▅▆▇▄▄▅▇██▆█▆▁▄▃▃
wandb:     train_loss █▄▃▂▁▁▁▁▁▁▁▁▁▁▁▁▁▁▁▁▁▂▂▁▁▁▁▁▁▁▁▁▁▁▁▁▁▁▁▁
wandb:   val_accuracy ▃▃▃▃▃▃▅▃▆▄▆▄▂▄▄▄▄▆▅▅▆▁▃▂▃▄▃▃▆▆█▇▅▃▄▄▅▄▄▅
wandb:       val_loss ▅█▂▁▁▁▁▁▁▁▁▁▁▁▁▁▁▁▁▁▁▁▁▁▁▁▁▁▁▁▁▁▁▁▁▂▂▁▂▂
wandb: 
wandb: Run summary:
wandb:           best_epoch 66
wandb:    best_val_accuracy 55.88235
wandb:        best_val_loss 0.70082
wandb: checkpoint_best_path artifacts/probes/int...
wandb: checkpoint_last_path artifacts/probes/int...
wandb:      checkpoint_path artifacts/probes/int...
wandb:              dataset intphys2
wandb:      elapsed_seconds 2.86145
wandb:                epoch 100
wandb:    feature_signature 5c7753635ab2bb76
wandb:                  +22 ...
wandb: 
wandb: 🚀 View run intphys2_linear_jepa_v2_1_vitG_384_layer_38/trial_0010 at: https://wandb.ai/caselli-niccolo-developer-university-of-amsterdam/probe4physics/runs/ch8um6e7
wandb: ⭐️ View project at: https://wandb.ai/caselli-niccolo-developer-university-of-amsterdam/probe4physics
wandb: Synced 5 W&B file(s), 0 media file(s), 0 artifact file(s) and 0 other file(s)
wandb: Find logs at: ./wandb/run-20260430_125821-ch8um6e7/logs
[I 2026-04-30 12:58:25,396] Trial 10 finished with value: 33.33333333333333 and parameters: {'lr': 0.008589902259876388, 'weight_decay': 6.917735117804129e-06, 'batch_size': 256}. Best is trial 10 with value: 33.33333333333333.
wandb: setting up run p1wd138c
wandb: Tracking run with wandb version 0.26.1
wandb: Run data is saved locally in /gpfs/home3/scur0511/Probe4Physics/wandb/run-20260430_125825-p1wd138c
wandb: Run `wandb offline` to turn off syncing.
wandb: Syncing run intphys2_linear_jepa_v2_1_vitG_384_layer_38/trial_0011
wandb: ⭐️ View project at https://wandb.ai/caselli-niccolo-developer-university-of-amsterdam/probe4physics
wandb: 🚀 View run at https://wandb.ai/caselli-niccolo-developer-university-of-amsterdam/probe4physics/runs/p1wd138c
[eval.intphys2] Starting eval | split_name=val split_dir=data/splits/intphys2 predictor_mode=from_file metadata_file=data/annotations/intphys2_metadata.csv
[eval.intphys2] Loaded split assignments | split_scenes=51 split_samples=204
[eval.intphys2] Generated predictions | n_predictions=204
[eval.intphys2] Scoring complete | accuracy=56.3725 voe_accuracy=31.3725 n_scenes=51 n_samples=204
[eval.intphys2] Artifacts written | output_dir=artifacts/probes/intphys2/intphys2_probe_linear_jepa_v2_1_vitG_384_20260430T105417Z/layer_38/train/trial_0011/val_eval
wandb: updating run metadata
wandb: uploading wandb-metadata.json; uploading requirements.txt; uploading output.log; uploading wandb-summary.json; uploading config.yaml
wandb: uploading history steps 0-99, summary, console lines 0-4
wandb: 
wandb: Run history:
wandb:          epoch ▁▁▁▁▂▂▂▂▂▃▃▃▃▃▃▃▄▄▄▄▄▅▅▅▅▅▅▆▆▆▇▇▇▇▇▇████
wandb: train_accuracy ▂▁▁▂▂▂▄▃▂▄▄▃▄▄▅▅▆▄▃▄▅▄▅▅▇▆█▆▇▄███▆▆▃▆▄▄▄
wandb:     train_loss █▃▂▂▂▂▂▁▁▂▁▁▁▂▁▂▁▁▁▁▁▁▁▁▂▂▁▁▁▁▁▁▁▁▁▁▁▁▁▁
wandb:   val_accuracy ▂▂▆▂▃▅▇▃▃▂▃▅▄▃▅▃▇▅▇▅▂▃▅▅▇▂█▆▆▆▇▇▂▁▆▂▃▂▆▄
wandb:       val_loss █▄▄▄▁▁▂▁▁▁▁▁▂▁▁▁▁▁▂▁▁▁▂▂▂▁▁▁▁▁▁▁▂▂▁▁▃▂▃▂
wandb: 
wandb: Run summary:
wandb:           best_epoch 40
wandb:    best_val_accuracy 56.37255
wandb:        best_val_loss 0.69255
wandb: checkpoint_best_path artifacts/probes/int...
wandb: checkpoint_last_path artifacts/probes/int...
wandb:      checkpoint_path artifacts/probes/int...
wandb:              dataset intphys2
wandb:      elapsed_seconds 2.87322
wandb:                epoch 100
wandb:    feature_signature 5c7753635ab2bb76
wandb:                  +22 ...
wandb: 
wandb: 🚀 View run intphys2_linear_jepa_v2_1_vitG_384_layer_38/trial_0011 at: https://wandb.ai/caselli-niccolo-developer-university-of-amsterdam/probe4physics/runs/p1wd138c
wandb: ⭐️ View project at: https://wandb.ai/caselli-niccolo-developer-university-of-amsterdam/probe4physics
wandb: Synced 5 W&B file(s), 0 media file(s), 0 artifact file(s) and 0 other file(s)
wandb: Find logs at: ./wandb/run-20260430_125825-p1wd138c/logs
[I 2026-04-30 12:58:29,467] Trial 11 finished with value: 31.372549019607842 and parameters: {'lr': 0.007209809176013979, 'weight_decay': 7.505688860010938e-06, 'batch_size': 256}. Best is trial 10 with value: 33.33333333333333.
wandb: setting up run n8c0oy02
wandb: Tracking run with wandb version 0.26.1
wandb: Run data is saved locally in /gpfs/home3/scur0511/Probe4Physics/wandb/run-20260430_125829-n8c0oy02
wandb: Run `wandb offline` to turn off syncing.
wandb: Syncing run intphys2_linear_jepa_v2_1_vitG_384_layer_38/trial_0012
wandb: ⭐️ View project at https://wandb.ai/caselli-niccolo-developer-university-of-amsterdam/probe4physics
wandb: 🚀 View run at https://wandb.ai/caselli-niccolo-developer-university-of-amsterdam/probe4physics/runs/n8c0oy02
[eval.intphys2] Starting eval | split_name=val split_dir=data/splits/intphys2 predictor_mode=from_file metadata_file=data/annotations/intphys2_metadata.csv
[eval.intphys2] Loaded split assignments | split_scenes=51 split_samples=204
[eval.intphys2] Generated predictions | n_predictions=204
[eval.intphys2] Scoring complete | accuracy=54.9020 voe_accuracy=31.3725 n_scenes=51 n_samples=204
[eval.intphys2] Artifacts written | output_dir=artifacts/probes/intphys2/intphys2_probe_linear_jepa_v2_1_vitG_384_20260430T105417Z/layer_38/train/trial_0012/val_eval
wandb: updating run metadata
wandb: uploading wandb-metadata.json; uploading requirements.txt; uploading output.log; uploading wandb-summary.json; uploading config.yaml
wandb: uploading history steps 0-99, summary, console lines 0-4
wandb: 
wandb: Run history:
wandb:          epoch ▁▁▁▁▂▂▂▂▂▂▃▃▄▄▄▅▅▅▅▅▅▅▅▆▆▆▆▆▆▆▆▆▆▇▇▇▇▇██
wandb: train_accuracy ▁▂▃▂▃▂▃▄▃▂▂▅▅▅▇▄▅▄▅▂▄▃▃▂▃▇▇▇▆▅▆▆▅▇█▇▅▃▄▂
wandb:     train_loss ▇█▇▄▄▂▂▂▂▂▂▂▂▂▂▂▂▂▂▁▂▂▂▂▂▂▂▂▁▂▁▁▁▁▁▁▁▁▂▂
wandb:   val_accuracy ▂▂▂▂▂▂▂▃▄▄▄▁▄▄▄▄▅█▄▃▅▃▄▄▄▄▅▇▆▁▅▄▅▅▄▅▆▄▄▄
wandb:       val_loss ▂█▃▂▂▁▁▁▁▁▁▁▁▁▁▁▁▁▁▁▁▁▁▁▁▁▁▁▁▁▁▁▂▁▁▁▂▂▂▂
wandb: 
wandb: Run summary:
wandb:           best_epoch 40
wandb:    best_val_accuracy 54.90196
wandb:        best_val_loss 0.69214
wandb: checkpoint_best_path artifacts/probes/int...
wandb: checkpoint_last_path artifacts/probes/int...
wandb:      checkpoint_path artifacts/probes/int...
wandb:              dataset intphys2
wandb:      elapsed_seconds 2.95263
wandb:                epoch 100
wandb:    feature_signature 5c7753635ab2bb76
wandb:                  +22 ...
wandb: 
wandb: 🚀 View run intphys2_linear_jepa_v2_1_vitG_384_layer_38/trial_0012 at: https://wandb.ai/caselli-niccolo-developer-university-of-amsterdam/probe4physics/runs/n8c0oy02
wandb: ⭐️ View project at: https://wandb.ai/caselli-niccolo-developer-university-of-amsterdam/probe4physics
wandb: Synced 5 W&B file(s), 0 media file(s), 0 artifact file(s) and 0 other file(s)
wandb: Find logs at: ./wandb/run-20260430_125829-n8c0oy02/logs
[I 2026-04-30 12:58:33,601] Trial 12 finished with value: 31.372549019607842 and parameters: {'lr': 0.009169642965656132, 'weight_decay': 5.13921421124876e-06, 'batch_size': 256}. Best is trial 10 with value: 33.33333333333333.
wandb: setting up run ycuqul5c
wandb: Tracking run with wandb version 0.26.1
wandb: Run data is saved locally in /gpfs/home3/scur0511/Probe4Physics/wandb/run-20260430_125833-ycuqul5c
wandb: Run `wandb offline` to turn off syncing.
wandb: Syncing run intphys2_linear_jepa_v2_1_vitG_384_layer_38/trial_0013
wandb: ⭐️ View project at https://wandb.ai/caselli-niccolo-developer-university-of-amsterdam/probe4physics
wandb: 🚀 View run at https://wandb.ai/caselli-niccolo-developer-university-of-amsterdam/probe4physics/runs/ycuqul5c
[eval.intphys2] Starting eval | split_name=val split_dir=data/splits/intphys2 predictor_mode=from_file metadata_file=data/annotations/intphys2_metadata.csv
[eval.intphys2] Loaded split assignments | split_scenes=51 split_samples=204
[eval.intphys2] Generated predictions | n_predictions=204
[eval.intphys2] Scoring complete | accuracy=54.9020 voe_accuracy=31.3725 n_scenes=51 n_samples=204
[eval.intphys2] Artifacts written | output_dir=artifacts/probes/intphys2/intphys2_probe_linear_jepa_v2_1_vitG_384_20260430T105417Z/layer_38/train/trial_0013/val_eval
wandb: updating run metadata
wandb: uploading wandb-metadata.json; uploading requirements.txt; uploading output.log; uploading wandb-summary.json; uploading config.yaml
wandb: 
wandb: Run history:
wandb:          epoch ▁▁▁▁▁▂▂▂▂▂▃▃▃▃▃▄▄▄▄▄▄▄▄▅▅▅▅▅▅▅▆▆▇▇▇▇▇▇██
wandb: train_accuracy ▃▁▂▂▁▂▃▃▃▂▄▂▄▃▄▅▄▂▁▅▁▄▅▇▇▅▇██▇▅▆▃▅▆▆▇█▆▅
wandb:     train_loss █▃▅▃▃▂▂▃▂▂▂▂▂▂▂▃▂▂▂▁▂▂▂▁▂▂▁▁▁▂▂▂▁▁▁▁▁▁▃▂
wandb:   val_accuracy ▃▃▃▁▃▄▄▅▄▄▅▅▃▆▂▆▄▃▆▅▄▇█▆▅▃▅▃▆▇▅▇▄▆▆█▄▅▄▃
wandb:       val_loss ▂▃▂▃▂▁▂▂▆▂▃▂▁▅▆▄▄▃▂▁▂▁▃▂▂▁▂▃▁▄▅▇▃▂▄▂▂▁█▂
wandb: 
wandb: Run summary:
wandb:           best_epoch 66
wandb:    best_val_accuracy 54.90196
wandb:        best_val_loss 0.69495
wandb: checkpoint_best_path artifacts/probes/int...
wandb: checkpoint_last_path artifacts/probes/int...
wandb:      checkpoint_path artifacts/probes/int...
wandb:              dataset intphys2
wandb:      elapsed_seconds 2.87002
wandb:                epoch 100
wandb:    feature_signature 5c7753635ab2bb76
wandb:                  +22 ...
wandb: 
wandb: 🚀 View run intphys2_linear_jepa_v2_1_vitG_384_layer_38/trial_0013 at: https://wandb.ai/caselli-niccolo-developer-university-of-amsterdam/probe4physics/runs/ycuqul5c
wandb: ⭐️ View project at: https://wandb.ai/caselli-niccolo-developer-university-of-amsterdam/probe4physics
wandb: Synced 5 W&B file(s), 0 media file(s), 0 artifact file(s) and 0 other file(s)
wandb: Find logs at: ./wandb/run-20260430_125833-ycuqul5c/logs
[I 2026-04-30 12:58:37,546] Trial 13 finished with value: 31.372549019607842 and parameters: {'lr': 0.0031381017128597325, 'weight_decay': 0.00016568941049924715, 'batch_size': 256}. Best is trial 10 with value: 33.33333333333333.
wandb: setting up run dub6lvs5
wandb: Tracking run with wandb version 0.26.1
wandb: Run data is saved locally in /gpfs/home3/scur0511/Probe4Physics/wandb/run-20260430_125837-dub6lvs5
wandb: Run `wandb offline` to turn off syncing.
wandb: Syncing run intphys2_linear_jepa_v2_1_vitG_384_layer_38/trial_0014
wandb: ⭐️ View project at https://wandb.ai/caselli-niccolo-developer-university-of-amsterdam/probe4physics
wandb: 🚀 View run at https://wandb.ai/caselli-niccolo-developer-university-of-amsterdam/probe4physics/runs/dub6lvs5
[eval.intphys2] Starting eval | split_name=val split_dir=data/splits/intphys2 predictor_mode=from_file metadata_file=data/annotations/intphys2_metadata.csv
[eval.intphys2] Loaded split assignments | split_scenes=51 split_samples=204
[eval.intphys2] Generated predictions | n_predictions=204
[eval.intphys2] Scoring complete | accuracy=57.3529 voe_accuracy=31.3725 n_scenes=51 n_samples=204
[eval.intphys2] Artifacts written | output_dir=artifacts/probes/intphys2/intphys2_probe_linear_jepa_v2_1_vitG_384_20260430T105417Z/layer_38/train/trial_0014/val_eval
wandb: updating run metadata
wandb: uploading config.yaml; uploading wandb-metadata.json; uploading requirements.txt; uploading output.log; uploading wandb-summary.json
wandb: uploading history steps 0-99, summary, console lines 0-4
wandb: 
wandb: Run history:
wandb:          epoch ▁▁▁▁▁▂▂▂▂▃▃▃▃▃▃▃▄▄▄▄▄▅▅▅▅▅▅▆▆▆▆▆▆▇▇▇████
wandb: train_accuracy ▂▂▁▁▂▂▁▁▂▄▃▂▃▃▂▂▂▃▃▂▄▄▆▇▄▇▆▄▅█▆▅▃▇▆▃▃▆▃▇
wandb:     train_loss █▃▄▃▃▃▃▃▄▄▄▄▂▂▃▃▃▃▃▃▂▃▂▂▂▂▂▁▁▃▂▁▁▂▂▄▂▃▁▁
wandb:   val_accuracy ▂▃▂▃▆▄▁▄▃▅▄▄▅▃▄▆▇▄▆▅▃▆▃▃▆▄▆▆▆▄▇▄▃▄▆▃▅█▅▇
wandb:       val_loss ▂▂▂▂▄▁▁▃▇▁▂▅▂▃▂▂▁▁▆▄▅▁▂▂▂▂▄▃▂▂▁▂▅▂█▇█▄▂▂
wandb: 
wandb: Run summary:
wandb:           best_epoch 79
wandb:    best_val_accuracy 57.35294
wandb:        best_val_loss 0.69381
wandb: checkpoint_best_path artifacts/probes/int...
wandb: checkpoint_last_path artifacts/probes/int...
wandb:      checkpoint_path artifacts/probes/int...
wandb:              dataset intphys2
wandb:      elapsed_seconds 3.589
wandb:                epoch 100
wandb:    feature_signature 5c7753635ab2bb76
wandb:                  +22 ...
wandb: 
wandb: 🚀 View run intphys2_linear_jepa_v2_1_vitG_384_layer_38/trial_0014 at: https://wandb.ai/caselli-niccolo-developer-university-of-amsterdam/probe4physics/runs/dub6lvs5
wandb: ⭐️ View project at: https://wandb.ai/caselli-niccolo-developer-university-of-amsterdam/probe4physics
wandb: Synced 5 W&B file(s), 0 media file(s), 0 artifact file(s) and 0 other file(s)
wandb: Find logs at: ./wandb/run-20260430_125837-dub6lvs5/logs
[I 2026-04-30 12:58:42,342] Trial 14 finished with value: 31.372549019607842 and parameters: {'lr': 0.0021879463142437552, 'weight_decay': 1.0892264782592728e-06, 'batch_size': 64}. Best is trial 10 with value: 33.33333333333333.
wandb: setting up run zgk1xg5d
wandb: Tracking run with wandb version 0.26.1
wandb: Run data is saved locally in /gpfs/home3/scur0511/Probe4Physics/wandb/run-20260430_125842-zgk1xg5d
wandb: Run `wandb offline` to turn off syncing.
wandb: Syncing run intphys2_linear_jepa_v2_1_vitG_384_layer_38/trial_0015
wandb: ⭐️ View project at https://wandb.ai/caselli-niccolo-developer-university-of-amsterdam/probe4physics
wandb: 🚀 View run at https://wandb.ai/caselli-niccolo-developer-university-of-amsterdam/probe4physics/runs/zgk1xg5d
[eval.intphys2] Starting eval | split_name=val split_dir=data/splits/intphys2 predictor_mode=from_file metadata_file=data/annotations/intphys2_metadata.csv
[eval.intphys2] Loaded split assignments | split_scenes=51 split_samples=204
[eval.intphys2] Generated predictions | n_predictions=204
[eval.intphys2] Scoring complete | accuracy=54.9020 voe_accuracy=29.4118 n_scenes=51 n_samples=204
[eval.intphys2] Artifacts written | output_dir=artifacts/probes/intphys2/intphys2_probe_linear_jepa_v2_1_vitG_384_20260430T105417Z/layer_38/train/trial_0015/val_eval
wandb: updating run metadata
wandb: uploading history steps 0-99, summary, console lines 0-4
wandb: 
wandb: Run history:
wandb:          epoch ▁▁▁▂▂▂▂▃▃▃▃▃▃▃▄▄▄▄▄▄▄▄▅▅▅▅▅▅▆▆▆▆▆▇▇▇▇▇▇█
wandb: train_accuracy ▁▃▂▂▁▃▄▄▃▃▃▂▂▃▃▄▃▃▄▄▄▄▃▂▅▆▆▇▄▇▇▆█▇▆▆█▇▇▅
wandb:     train_loss ▇▆▆▇▆▆▅█▆▇▆▆▆▇▅▄▆█▇▅▅▅▄▅▄▄▄▃▅▃▃▃▃▃▄▂▆▆▄▁
wandb:   val_accuracy ▁▃▂▃▂▅▃▅▄▄▃▄▂▄▅▄▄█▂▃▅▅▃▅▇▃▂▄▇▄▆▄▄▆▄▅▅▄▆▆
wandb:       val_loss ▅█▂▃▂▂▁▂▂▂▂▄▂▁▁▁▂▃▂▁▂▂▂▁▁▂▂▁▂▁▁▁▁▂▂▁▁▄▃▂
wandb: 
wandb: Run summary:
wandb:           best_epoch 42
wandb:    best_val_accuracy 54.90196
wandb:        best_val_loss 0.69304
wandb: checkpoint_best_path artifacts/probes/int...
wandb: checkpoint_last_path artifacts/probes/int...
wandb:      checkpoint_path artifacts/probes/int...
wandb:              dataset intphys2
wandb:      elapsed_seconds 2.96308
wandb:                epoch 100
wandb:    feature_signature 5c7753635ab2bb76
wandb:                  +22 ...
wandb: 
wandb: 🚀 View run intphys2_linear_jepa_v2_1_vitG_384_layer_38/trial_0015 at: https://wandb.ai/caselli-niccolo-developer-university-of-amsterdam/probe4physics/runs/zgk1xg5d
wandb: ⭐️ View project at: https://wandb.ai/caselli-niccolo-developer-university-of-amsterdam/probe4physics
wandb: Synced 5 W&B file(s), 0 media file(s), 0 artifact file(s) and 0 other file(s)
wandb: Find logs at: ./wandb/run-20260430_125842-zgk1xg5d/logs
[I 2026-04-30 12:58:46,550] Trial 15 finished with value: 29.411764705882355 and parameters: {'lr': 0.0021862625653340842, 'weight_decay': 5.989104998160671e-05, 'batch_size': 256}. Best is trial 10 with value: 33.33333333333333.
wandb: setting up run n93i9c5b
wandb: Tracking run with wandb version 0.26.1
wandb: Run data is saved locally in /gpfs/home3/scur0511/Probe4Physics/wandb/run-20260430_125846-n93i9c5b
wandb: Run `wandb offline` to turn off syncing.
wandb: Syncing run intphys2_linear_jepa_v2_1_vitG_384_layer_38/trial_0016
wandb: ⭐️ View project at https://wandb.ai/caselli-niccolo-developer-university-of-amsterdam/probe4physics
wandb: 🚀 View run at https://wandb.ai/caselli-niccolo-developer-university-of-amsterdam/probe4physics/runs/n93i9c5b
[eval.intphys2] Starting eval | split_name=val split_dir=data/splits/intphys2 predictor_mode=from_file metadata_file=data/annotations/intphys2_metadata.csv
[eval.intphys2] Loaded split assignments | split_scenes=51 split_samples=204
[eval.intphys2] Generated predictions | n_predictions=204
[eval.intphys2] Scoring complete | accuracy=55.3922 voe_accuracy=29.4118 n_scenes=51 n_samples=204
[eval.intphys2] Artifacts written | output_dir=artifacts/probes/intphys2/intphys2_probe_linear_jepa_v2_1_vitG_384_20260430T105417Z/layer_38/train/trial_0016/val_eval
wandb: updating run metadata
wandb: uploading wandb-summary.json; uploading config.yaml; uploading wandb-metadata.json; uploading requirements.txt; uploading output.log
wandb: uploading requirements.txt
wandb: 
wandb: Run history:
wandb:          epoch ▁▁▁▂▂▂▂▂▂▂▃▃▃▃▃▄▄▄▄▄▅▅▅▅▅▅▆▆▆▆▆▆▇▇▇█████
wandb: train_accuracy ▂▃▂▁▃▅▃▆▄▃▅▅▃▅▃▄▄▅▅▄▇▆▇▆▅▇▇▆▆▇▄▆▆██▆▆▇▃▄
wandb:     train_loss █▅▃▃▃▃▃▂▂▃▃▂▂▃▃▂▂▂▂▂▂▂▂▂▂▁▂▁▂▁▁▁▁▂▁▁▁▂▂▄
wandb:   val_accuracy ▃▃▃▂▃▆▃▅▃▃▅▄▃▇▅█▆▅▇▃▅▄▆▅▃▂▅▄▅▄▆▁█▆▆▂▃▄▅▅
wandb:       val_loss ▂█▂▃▂▁▁▁▁▁▁▁▁▁▁▁▁▁▂▂▁▁▁▁▁▁▁▁▁▁▁▁▁▁▁▂▁▁▁▄
wandb: 
wandb: Run summary:
wandb:           best_epoch 41
wandb:    best_val_accuracy 55.39216
wandb:        best_val_loss 0.69368
wandb: checkpoint_best_path artifacts/probes/int...
wandb: checkpoint_last_path artifacts/probes/int...
wandb:      checkpoint_path artifacts/probes/int...
wandb:              dataset intphys2
wandb:      elapsed_seconds 3.36608
wandb:                epoch 100
wandb:    feature_signature 5c7753635ab2bb76
wandb:                  +22 ...
wandb: 
wandb: 🚀 View run intphys2_linear_jepa_v2_1_vitG_384_layer_38/trial_0016 at: https://wandb.ai/caselli-niccolo-developer-university-of-amsterdam/probe4physics/runs/n93i9c5b
wandb: ⭐️ View project at: https://wandb.ai/caselli-niccolo-developer-university-of-amsterdam/probe4physics
wandb: Synced 5 W&B file(s), 0 media file(s), 0 artifact file(s) and 0 other file(s)
wandb: Find logs at: ./wandb/run-20260430_125846-n93i9c5b/logs
[I 2026-04-30 12:58:51,302] Trial 16 finished with value: 29.411764705882355 and parameters: {'lr': 0.004559407239021489, 'weight_decay': 1.545579750171261e-08, 'batch_size': 256}. Best is trial 10 with value: 33.33333333333333.
wandb: setting up run mi0txid4
wandb: Tracking run with wandb version 0.26.1
wandb: Run data is saved locally in /gpfs/home3/scur0511/Probe4Physics/wandb/run-20260430_125851-mi0txid4
wandb: Run `wandb offline` to turn off syncing.
wandb: Syncing run intphys2_linear_jepa_v2_1_vitG_384_layer_38/trial_0017
wandb: ⭐️ View project at https://wandb.ai/caselli-niccolo-developer-university-of-amsterdam/probe4physics
wandb: 🚀 View run at https://wandb.ai/caselli-niccolo-developer-university-of-amsterdam/probe4physics/runs/mi0txid4
[eval.intphys2] Starting eval | split_name=val split_dir=data/splits/intphys2 predictor_mode=from_file metadata_file=data/annotations/intphys2_metadata.csv
[eval.intphys2] Loaded split assignments | split_scenes=51 split_samples=204
[eval.intphys2] Generated predictions | n_predictions=204
[eval.intphys2] Scoring complete | accuracy=55.8824 voe_accuracy=29.4118 n_scenes=51 n_samples=204
[eval.intphys2] Artifacts written | output_dir=artifacts/probes/intphys2/intphys2_probe_linear_jepa_v2_1_vitG_384_20260430T105417Z/layer_38/train/trial_0017/val_eval
wandb: updating run metadata
wandb: uploading wandb-summary.json; uploading config.yaml; uploading wandb-metadata.json; uploading requirements.txt; uploading output.log
wandb: 
wandb: Run history:
wandb:          epoch ▁▁▁▁▂▂▂▂▂▂▂▃▃▃▃▃▃▄▄▄▄▄▅▅▅▆▆▆▆▆▆▆▇▇▇▇████
wandb: train_accuracy ▁▂▄▃▃▃▄▄▃▃▆▃▄▄▄▃▆▅▆▆▇▆▅█▇▅▅▆▇█▆█▆███▆▇▅█
wandb:     train_loss █▄▄▄▄▃▃▃▃▄▃▃▂▄▃▂▁▂▂▂▂▂▂▁▂▂▂▁▁▁▁▁▂▁▂▁▁▂▂▁
wandb:   val_accuracy ▃▃▃▃▅▇▅▁▄▅▅▅▆▅▄▃█▇▇█▆▇▅▅▆▆▃▇▇▆▅▄▇▃▅▆█▄▃█
wandb:       val_loss ▇▄▅▄▅▃▃▅▅▄▃▂▄▂▃▃▂█▁▁▂▂▃▃▃▂▂▂▁▂▁▁▂▂▂▂▂▁▃▃
wandb: 
wandb: Run summary:
wandb:           best_epoch 22
wandb:    best_val_accuracy 55.88235
wandb:        best_val_loss 0.69319
wandb: checkpoint_best_path artifacts/probes/int...
wandb: checkpoint_last_path artifacts/probes/int...
wandb:      checkpoint_path artifacts/probes/int...
wandb:              dataset intphys2
wandb:      elapsed_seconds 2.99314
wandb:                epoch 100
wandb:    feature_signature 5c7753635ab2bb76
wandb:                  +22 ...
wandb: 
wandb: 🚀 View run intphys2_linear_jepa_v2_1_vitG_384_layer_38/trial_0017 at: https://wandb.ai/caselli-niccolo-developer-university-of-amsterdam/probe4physics/runs/mi0txid4
wandb: ⭐️ View project at: https://wandb.ai/caselli-niccolo-developer-university-of-amsterdam/probe4physics
wandb: Synced 5 W&B file(s), 0 media file(s), 0 artifact file(s) and 0 other file(s)
wandb: Find logs at: ./wandb/run-20260430_125851-mi0txid4/logs
[I 2026-04-30 12:58:55,414] Trial 17 finished with value: 29.411764705882355 and parameters: {'lr': 0.0011711426667473579, 'weight_decay': 4.512769802353355e-05, 'batch_size': 256}. Best is trial 10 with value: 33.33333333333333.
wandb: setting up run 2z61h0oi
wandb: Tracking run with wandb version 0.26.1
wandb: Run data is saved locally in /gpfs/home3/scur0511/Probe4Physics/wandb/run-20260430_125855-2z61h0oi
wandb: Run `wandb offline` to turn off syncing.
wandb: Syncing run intphys2_linear_jepa_v2_1_vitG_384_layer_38/trial_0018
wandb: ⭐️ View project at https://wandb.ai/caselli-niccolo-developer-university-of-amsterdam/probe4physics
wandb: 🚀 View run at https://wandb.ai/caselli-niccolo-developer-university-of-amsterdam/probe4physics/runs/2z61h0oi
[eval.intphys2] Starting eval | split_name=val split_dir=data/splits/intphys2 predictor_mode=from_file metadata_file=data/annotations/intphys2_metadata.csv
[eval.intphys2] Loaded split assignments | split_scenes=51 split_samples=204
[eval.intphys2] Generated predictions | n_predictions=204
[eval.intphys2] Scoring complete | accuracy=55.8824 voe_accuracy=31.3725 n_scenes=51 n_samples=204
[eval.intphys2] Artifacts written | output_dir=artifacts/probes/intphys2/intphys2_probe_linear_jepa_v2_1_vitG_384_20260430T105417Z/layer_38/train/trial_0018/val_eval
wandb: updating run metadata
wandb: uploading wandb-metadata.json; uploading requirements.txt; uploading output.log; uploading wandb-summary.json; uploading config.yaml
wandb: 
wandb: Run history:
wandb:          epoch ▁▁▁▁▁▂▂▂▂▂▃▃▃▃▄▄▄▄▅▅▅▅▅▅▆▆▆▆▆▇▇▇▇▇▇▇████
wandb: train_accuracy ▁▃▃▂▃▃▃▃▃▂▄▄▂▂▅▃▅▃▄▄▅▆▃▅▆▄▆▆▄▅▅▇█▇▅▇▆▄▆▇
wandb:     train_loss ▇▆▇▇▆█▆▇▅▅▆▆▄█▄█▆▄▄▄▅▄▄▃▅▂▂▃▃▃▂▇▄▄▃▂▂▂▁▂
wandb:   val_accuracy ▂▁▂▃▂▃▃▂▃▂▂▆▃▂▂▆▃▄▆▃▄▁▄▄▃▅▂▇▆▃▄▅▅▂▆▇▄▅▄█
wandb:       val_loss ▄▂▁▁▂▃▁▂▂▂▁▁▁▃▁▁▁▁▁▁▁▁▁▁▁▂▁▄▁▂▁▁▂▂▂▁▂█▃▁
wandb: 
wandb: Run summary:
wandb:           best_epoch 78
wandb:    best_val_accuracy 55.88235
wandb:        best_val_loss 0.69243
wandb: checkpoint_best_path artifacts/probes/int...
wandb: checkpoint_last_path artifacts/probes/int...
wandb:      checkpoint_path artifacts/probes/int...
wandb:              dataset intphys2
wandb:      elapsed_seconds 3.41024
wandb:                epoch 100
wandb:    feature_signature 5c7753635ab2bb76
wandb:                  +22 ...
wandb: 
wandb: 🚀 View run intphys2_linear_jepa_v2_1_vitG_384_layer_38/trial_0018 at: https://wandb.ai/caselli-niccolo-developer-university-of-amsterdam/probe4physics/runs/2z61h0oi
wandb: ⭐️ View project at: https://wandb.ai/caselli-niccolo-developer-university-of-amsterdam/probe4physics
wandb: Synced 5 W&B file(s), 0 media file(s), 0 artifact file(s) and 0 other file(s)
wandb: Find logs at: ./wandb/run-20260430_125855-2z61h0oi/logs
[I 2026-04-30 12:58:59,915] Trial 18 finished with value: 31.372549019607842 and parameters: {'lr': 0.0012690764532532696, 'weight_decay': 1.2865135690814283e-06, 'batch_size': 64}. Best is trial 10 with value: 33.33333333333333.
wandb: setting up run gw91sv5s
wandb: Tracking run with wandb version 0.26.1
wandb: Run data is saved locally in /gpfs/home3/scur0511/Probe4Physics/wandb/run-20260430_125900-gw91sv5s
wandb: Run `wandb offline` to turn off syncing.
wandb: Syncing run intphys2_linear_jepa_v2_1_vitG_384_layer_38/trial_0019
wandb: ⭐️ View project at https://wandb.ai/caselli-niccolo-developer-university-of-amsterdam/probe4physics
wandb: 🚀 View run at https://wandb.ai/caselli-niccolo-developer-university-of-amsterdam/probe4physics/runs/gw91sv5s
[eval.intphys2] Starting eval | split_name=val split_dir=data/splits/intphys2 predictor_mode=from_file metadata_file=data/annotations/intphys2_metadata.csv
[eval.intphys2] Loaded split assignments | split_scenes=51 split_samples=204
[eval.intphys2] Generated predictions | n_predictions=204
[eval.intphys2] Scoring complete | accuracy=56.3725 voe_accuracy=33.3333 n_scenes=51 n_samples=204
[eval.intphys2] Artifacts written | output_dir=artifacts/probes/intphys2/intphys2_probe_linear_jepa_v2_1_vitG_384_20260430T105417Z/layer_38/train/trial_0019/val_eval
wandb: updating run metadata
wandb: uploading requirements.txt; uploading output.log; uploading wandb-summary.json; uploading config.yaml; uploading wandb-metadata.json
wandb: 
wandb: Run history:
wandb:          epoch ▁▁▁▂▂▂▂▂▂▂▃▃▃▃▄▄▄▄▄▄▅▅▅▅▅▆▆▆▆▆▇▇▇▇▇▇▇███
wandb: train_accuracy ▁▄▂▃▂▃▄▃▅▄▄▃▃▂▃▃▄▄▃▅▃▅▅▆▇▆█▅▆█▅▄▆▇▇██▅▆▇
wandb:     train_loss █▃▂▂▂▂▂▂▁▁▁▂▂▂▁▂▁▁▂▁▁▁▁▁▁▁▁▁▁▁▁▁▁▁▂▁▁▁▁▁
wandb:   val_accuracy ▁▁▁▂▄▂▃▄▂▂▁█▁▄▂▅▃▄▂▂▂▅▃▃▄▃▃▂▃▅▄▆▂▃▅▄▃▄▃▄
wandb:       val_loss ▁▃▁▁▁▂▁▁▁▄▁▂▁▂▅▂▁▂▁▂▂▂▂▂▁▁▁▁▄▆▂▂▂▅▂█▆▂▄▃
wandb: 
wandb: Run summary:
wandb:           best_epoch 30
wandb:    best_val_accuracy 56.37255
wandb:        best_val_loss 0.69768
wandb: checkpoint_best_path artifacts/probes/int...
wandb: checkpoint_last_path artifacts/probes/int...
wandb:      checkpoint_path artifacts/probes/int...
wandb:              dataset intphys2
wandb:      elapsed_seconds 3.316
wandb:                epoch 100
wandb:    feature_signature 5c7753635ab2bb76
wandb:                  +22 ...
wandb: 
wandb: 🚀 View run intphys2_linear_jepa_v2_1_vitG_384_layer_38/trial_0019 at: https://wandb.ai/caselli-niccolo-developer-university-of-amsterdam/probe4physics/runs/gw91sv5s
wandb: ⭐️ View project at: https://wandb.ai/caselli-niccolo-developer-university-of-amsterdam/probe4physics
wandb: Synced 5 W&B file(s), 0 media file(s), 0 artifact file(s) and 0 other file(s)
wandb: Find logs at: ./wandb/run-20260430_125900-gw91sv5s/logs
[I 2026-04-30 12:59:04,285] Trial 19 finished with value: 33.33333333333333 and parameters: {'lr': 0.00972858315193107, 'weight_decay': 2.905693254447167e-07, 'batch_size': 128}. Best is trial 10 with value: 33.33333333333333.
[eval.intphys2] Starting eval | split_name=train split_dir=data/splits/intphys2 predictor_mode=from_file metadata_file=data/annotations/intphys2_metadata.csv
[eval.intphys2] Loaded split assignments | split_scenes=151 split_samples=604
[eval.intphys2] Generated predictions | n_predictions=604
[eval.intphys2] Scoring complete | accuracy=61.0927 voe_accuracy=48.3444 n_scenes=151 n_samples=604
[eval.intphys2] Artifacts written | output_dir=artifacts/probes/intphys2/intphys2_probe_linear_jepa_v2_1_vitG_384_20260430T105417Z/layer_38/eval/train
[eval.intphys2] Starting eval | split_name=val split_dir=data/splits/intphys2 predictor_mode=from_file metadata_file=data/annotations/intphys2_metadata.csv
[eval.intphys2] Loaded split assignments | split_scenes=51 split_samples=204
[eval.intphys2] Generated predictions | n_predictions=204
[eval.intphys2] Scoring complete | accuracy=55.8824 voe_accuracy=33.3333 n_scenes=51 n_samples=204
[eval.intphys2] Artifacts written | output_dir=artifacts/probes/intphys2/intphys2_probe_linear_jepa_v2_1_vitG_384_20260430T105417Z/layer_38/eval/val
[eval.intphys2] Starting eval | split_name=test split_dir=data/splits/intphys2 predictor_mode=from_file metadata_file=data/annotations/intphys2_metadata.csv
[eval.intphys2] Loaded split assignments | split_scenes=51 split_samples=204
[eval.intphys2] Generated predictions | n_predictions=204
[eval.intphys2] Scoring complete | accuracy=52.9412 voe_accuracy=23.5294 n_scenes=51 n_samples=204
[eval.intphys2] Artifacts written | output_dir=artifacts/probes/intphys2/intphys2_probe_linear_jepa_v2_1_vitG_384_20260430T105417Z/layer_38/eval/test
[I 2026-04-30 12:59:04,639] A new study created in RDB with name: intphys2_linear_jepa_v2_1_vitG_384_layer_48
wandb: setting up run 8t6zcf3p
wandb: Tracking run with wandb version 0.26.1
wandb: Run data is saved locally in /gpfs/home3/scur0511/Probe4Physics/wandb/run-20260430_125905-8t6zcf3p
wandb: Run `wandb offline` to turn off syncing.
wandb: Syncing run intphys2_linear_jepa_v2_1_vitG_384_layer_48/trial_0000
wandb: ⭐️ View project at https://wandb.ai/caselli-niccolo-developer-university-of-amsterdam/probe4physics
wandb: 🚀 View run at https://wandb.ai/caselli-niccolo-developer-university-of-amsterdam/probe4physics/runs/8t6zcf3p
[eval.intphys2] Starting eval | split_name=val split_dir=data/splits/intphys2 predictor_mode=from_file metadata_file=data/annotations/intphys2_metadata.csv
[eval.intphys2] Loaded split assignments | split_scenes=51 split_samples=204
[eval.intphys2] Generated predictions | n_predictions=204
[eval.intphys2] Scoring complete | accuracy=54.9020 voe_accuracy=17.6471 n_scenes=51 n_samples=204
[eval.intphys2] Artifacts written | output_dir=artifacts/probes/intphys2/intphys2_probe_linear_jepa_v2_1_vitG_384_20260430T105417Z/layer_48/train/trial_0000/val_eval
wandb: updating run metadata
wandb: uploading output.log; uploading wandb-summary.json; uploading config.yaml; uploading wandb-metadata.json; uploading requirements.txt
wandb: 
wandb: Run history:
wandb:          epoch ▁▁▁▁▂▂▂▂▂▃▃▃▃▃▃▃▃▄▄▄▅▅▅▅▅▅▅▆▆▆▆▇▇▇▇▇████
wandb: train_accuracy ▂▂▃▁▃▂▄▃▃▂▃▃▃▃▄▄▄▂▂▄▅▅▆▆▄▆▆▅▅▆▇█▆▄▅▆▇▆▄█
wandb:     train_loss █▄▄▃▃▃▃▃▃▃▃▃▄▂▃▂▃▂▂▂▂▂▃▂▂▂▂▂▂▁▁▂▂▁▂▁▂▃▁▁
wandb:   val_accuracy ▃▁▂▂▁▅▂▃▆▂▃▅▅▂▂▅█▇▅▃▄▅▇█▃▄▆▇▆▆▇▇▄▄▁▇▁█▄▆
wandb:       val_loss █▆▅▄▃▅▅▃▄▃▄▄▃▄▆▂▂▄▃▂▂▂▁▃▁▁▁▁▁▃▄▁▂▃▁▂▃▂█▁
wandb: 
wandb: Run summary:
wandb:           best_epoch 40
wandb:    best_val_accuracy 54.90196
wandb:        best_val_loss 0.69549
wandb: checkpoint_best_path artifacts/probes/int...
wandb: checkpoint_last_path artifacts/probes/int...
wandb:      checkpoint_path artifacts/probes/int...
wandb:              dataset intphys2
wandb:      elapsed_seconds 4.19083
wandb:                epoch 100
wandb:    feature_signature 5c7753635ab2bb76
wandb:                  +22 ...
wandb: 
wandb: 🚀 View run intphys2_linear_jepa_v2_1_vitG_384_layer_48/trial_0000 at: https://wandb.ai/caselli-niccolo-developer-university-of-amsterdam/probe4physics/runs/8t6zcf3p
wandb: ⭐️ View project at: https://wandb.ai/caselli-niccolo-developer-university-of-amsterdam/probe4physics
wandb: Synced 5 W&B file(s), 0 media file(s), 0 artifact file(s) and 0 other file(s)
wandb: Find logs at: ./wandb/run-20260430_125905-8t6zcf3p/logs
[I 2026-04-30 12:59:09,975] Trial 0 finished with value: 17.647058823529413 and parameters: {'lr': 0.0001329291894316216, 'weight_decay': 0.005061576888752304, 'batch_size': 32}. Best is trial 0 with value: 17.647058823529413.
wandb: setting up run 74s9yvu7
wandb: Tracking run with wandb version 0.26.1
wandb: Run data is saved locally in /gpfs/home3/scur0511/Probe4Physics/wandb/run-20260430_125910-74s9yvu7
wandb: Run `wandb offline` to turn off syncing.
wandb: Syncing run intphys2_linear_jepa_v2_1_vitG_384_layer_48/trial_0001
wandb: ⭐️ View project at https://wandb.ai/caselli-niccolo-developer-university-of-amsterdam/probe4physics
wandb: 🚀 View run at https://wandb.ai/caselli-niccolo-developer-university-of-amsterdam/probe4physics/runs/74s9yvu7
[eval.intphys2] Starting eval | split_name=val split_dir=data/splits/intphys2 predictor_mode=from_file metadata_file=data/annotations/intphys2_metadata.csv
[eval.intphys2] Loaded split assignments | split_scenes=51 split_samples=204
[eval.intphys2] Generated predictions | n_predictions=204
[eval.intphys2] Scoring complete | accuracy=52.4510 voe_accuracy=13.7255 n_scenes=51 n_samples=204
[eval.intphys2] Artifacts written | output_dir=artifacts/probes/intphys2/intphys2_probe_linear_jepa_v2_1_vitG_384_20260430T105417Z/layer_48/train/trial_0001/val_eval
wandb: updating run metadata
wandb: uploading wandb-summary.json; uploading config.yaml; uploading wandb-metadata.json; uploading requirements.txt; uploading output.log
wandb: 
wandb: Run history:
wandb:          epoch ▁▁▂▂▂▂▂▂▂▂▃▃▃▃▃▃▄▄▄▄▅▅▅▅▅▆▆▆▆▆▆▆▇▇▇▇▇███
wandb: train_accuracy ▄▃▂█▅▃▂▂▄▅▄▂▅▅▂▇▇█▇▇▁▁▁▆▆▇▃▁▁▁▂▄▄█▆▅▅▅▆▇
wandb:     train_loss █▆█▅▆▆▆▅▄▂▄▃▃▂▄▃▃▂▁▃▂▃▂▂▂▂▂▂▁▁▁▁▂▂▁▂▁▂▂▂
wandb:   val_accuracy ▆▆▂▃▃▁▇█▇▅▁▁▃▂▅▅▃▂▂▁▅▆▆▃▅▆▂▅▁▂▃▃▃▆▅▆▆▆▆▆
wandb:       val_loss ██▇▆▅▅▄▄▄▃▃▃▃▃▃▂▂▂▂▂▂▂▂▂▂▁▁▁▁▁▁▁▁▁▁▁▁▁▁▁
wandb: 
wandb: Run summary:
wandb:           best_epoch 63
wandb:    best_val_accuracy 52.45098
wandb:        best_val_loss 0.70335
wandb: checkpoint_best_path artifacts/probes/int...
wandb: checkpoint_last_path artifacts/probes/int...
wandb:      checkpoint_path artifacts/probes/int...
wandb:              dataset intphys2
wandb:      elapsed_seconds 3.16191
wandb:                epoch 100
wandb:    feature_signature 5c7753635ab2bb76
wandb:                  +22 ...
wandb: 
wandb: 🚀 View run intphys2_linear_jepa_v2_1_vitG_384_layer_48/trial_0001 at: https://wandb.ai/caselli-niccolo-developer-university-of-amsterdam/probe4physics/runs/74s9yvu7
wandb: ⭐️ View project at: https://wandb.ai/caselli-niccolo-developer-university-of-amsterdam/probe4physics
wandb: Synced 5 W&B file(s), 0 media file(s), 0 artifact file(s) and 0 other file(s)
wandb: Find logs at: ./wandb/run-20260430_125910-74s9yvu7/logs
[I 2026-04-30 12:59:14,225] Trial 1 finished with value: 13.725490196078432 and parameters: {'lr': 1.493656855461762e-05, 'weight_decay': 0.0015741890047456662, 'batch_size': 256}. Best is trial 0 with value: 17.647058823529413.
wandb: setting up run adhe6zoc
wandb: Tracking run with wandb version 0.26.1
wandb: Run data is saved locally in /gpfs/home3/scur0511/Probe4Physics/wandb/run-20260430_125914-adhe6zoc
wandb: Run `wandb offline` to turn off syncing.
wandb: Syncing run intphys2_linear_jepa_v2_1_vitG_384_layer_48/trial_0002
wandb: ⭐️ View project at https://wandb.ai/caselli-niccolo-developer-university-of-amsterdam/probe4physics
wandb: 🚀 View run at https://wandb.ai/caselli-niccolo-developer-university-of-amsterdam/probe4physics/runs/adhe6zoc
[eval.intphys2] Starting eval | split_name=val split_dir=data/splits/intphys2 predictor_mode=from_file metadata_file=data/annotations/intphys2_metadata.csv
[eval.intphys2] Loaded split assignments | split_scenes=51 split_samples=204
[eval.intphys2] Generated predictions | n_predictions=204
[eval.intphys2] Scoring complete | accuracy=57.3529 voe_accuracy=21.5686 n_scenes=51 n_samples=204
[eval.intphys2] Artifacts written | output_dir=artifacts/probes/intphys2/intphys2_probe_linear_jepa_v2_1_vitG_384_20260430T105417Z/layer_48/train/trial_0002/val_eval
wandb: updating run metadata
wandb: uploading wandb-summary.json; uploading config.yaml; uploading wandb-metadata.json; uploading requirements.txt; uploading output.log
wandb: uploading history steps 0-99, summary, console lines 0-4
wandb: 
wandb: Run history:
wandb:          epoch ▁▁▁▁▂▂▂▂▂▂▃▃▃▃▃▄▄▄▄▄▅▅▅▅▅▆▆▆▆▆▆▆▇▇▇▇▇▇▇█
wandb: train_accuracy ▁▃▁▂▂▂▃▂▃▄▅▄▂▄▄▄▄▆▅▆▃▃▃▄▇▄▄▆▇▆█▅▇▆▆▄▄▅▅▄
wandb:     train_loss ▆█▅▄▅▅▄▃▅▃▃▃▃▃▂▃▂▄▆▆▃▃▂▃▃▂▂▃▂▃▁▁▁▁▂▁▆▃▃▄
wandb:   val_accuracy ▃▃▃▁▃▅▄▄▆▆▃▆▃▄▄▄▄▄▂▃▃▃▃▆▆▃▄▆▃▃▅▅▅▃█▃▄▅▄▅
wandb:       val_loss █▄▂▁▁▁▁▁▁▁▁▁▁▁▁▁▁▁▁▂▃▃▄▃▂▁▂▁▁▁▁▁▁▂▁▃▃▄▂▃
wandb: 
wandb: Run summary:
wandb:           best_epoch 80
wandb:    best_val_accuracy 57.35294
wandb:        best_val_loss 0.70595
wandb: checkpoint_best_path artifacts/probes/int...
wandb: checkpoint_last_path artifacts/probes/int...
wandb:      checkpoint_path artifacts/probes/int...
wandb:              dataset intphys2
wandb:      elapsed_seconds 2.91969
wandb:                epoch 100
wandb:    feature_signature 5c7753635ab2bb76
wandb:                  +22 ...
wandb: 
wandb: 🚀 View run intphys2_linear_jepa_v2_1_vitG_384_layer_48/trial_0002 at: https://wandb.ai/caselli-niccolo-developer-university-of-amsterdam/probe4physics/runs/adhe6zoc
wandb: ⭐️ View project at: https://wandb.ai/caselli-niccolo-developer-university-of-amsterdam/probe4physics
wandb: Synced 5 W&B file(s), 0 media file(s), 0 artifact file(s) and 0 other file(s)
wandb: Find logs at: ./wandb/run-20260430_125914-adhe6zoc/logs
[I 2026-04-30 12:59:18,654] Trial 2 finished with value: 21.568627450980394 and parameters: {'lr': 0.00314288089084011, 'weight_decay': 1.879466824163843e-07, 'batch_size': 256}. Best is trial 2 with value: 21.568627450980394.
wandb: setting up run 597iknrt
wandb: Tracking run with wandb version 0.26.1
wandb: Run data is saved locally in /gpfs/home3/scur0511/Probe4Physics/wandb/run-20260430_125918-597iknrt
wandb: Run `wandb offline` to turn off syncing.
wandb: Syncing run intphys2_linear_jepa_v2_1_vitG_384_layer_48/trial_0003
wandb: ⭐️ View project at https://wandb.ai/caselli-niccolo-developer-university-of-amsterdam/probe4physics
wandb: 🚀 View run at https://wandb.ai/caselli-niccolo-developer-university-of-amsterdam/probe4physics/runs/597iknrt
[eval.intphys2] Starting eval | split_name=val split_dir=data/splits/intphys2 predictor_mode=from_file metadata_file=data/annotations/intphys2_metadata.csv
[eval.intphys2] Loaded split assignments | split_scenes=51 split_samples=204
[eval.intphys2] Generated predictions | n_predictions=204
[eval.intphys2] Scoring complete | accuracy=55.8824 voe_accuracy=15.6863 n_scenes=51 n_samples=204
[eval.intphys2] Artifacts written | output_dir=artifacts/probes/intphys2/intphys2_probe_linear_jepa_v2_1_vitG_384_20260430T105417Z/layer_48/train/trial_0003/val_eval
wandb: updating run metadata
wandb: uploading history steps 0-99, summary, console lines 0-4
wandb: 
wandb: Run history:
wandb:          epoch ▁▁▁▁▂▂▂▂▂▃▃▃▃▃▄▄▄▄▄▄▅▅▅▅▅▅▆▆▆▆▆▆▇▇▇▇▇▇██
wandb: train_accuracy ▃▂▂▂▂▁▁▂▂▂▃▃▄▄▃▄▅▄▃▄▆▅▅▇▅▆▆▆▆▆▆▆▇▇▃▆▅▄█▇
wandb:     train_loss █▇▇▇▇▆▇▆▅▆▆▆▅▆▅▅▅▅▅▅▆▄▄▅▄▃▃▅▂▂▂▁▂▂▂▂▂▇▅▁
wandb:   val_accuracy ▂▁▂▂▄▅▄▄▄▃▄▄▂▃▂▄▂▃▅▄▄▃▆▂▄▄▄▄▂▅▆▆█▅▆▄▆▆▃▆
wandb:       val_loss ▃▂▃▃▃▂▃█▂▁▂▁▁▃▃▃▃▁▁▁▂▂▁▁▄▁▆▂▁▁▁▂▁▁▇▂▁▄█▂
wandb: 
wandb: Run summary:
wandb:           best_epoch 79
wandb:    best_val_accuracy 55.88235
wandb:        best_val_loss 0.69139
wandb: checkpoint_best_path artifacts/probes/int...
wandb: checkpoint_last_path artifacts/probes/int...
wandb:      checkpoint_path artifacts/probes/int...
wandb:              dataset intphys2
wandb:      elapsed_seconds 3.98147
wandb:                epoch 100
wandb:    feature_signature 5c7753635ab2bb76
wandb:                  +22 ...
wandb: 
wandb: 🚀 View run intphys2_linear_jepa_v2_1_vitG_384_layer_48/trial_0003 at: https://wandb.ai/caselli-niccolo-developer-university-of-amsterdam/probe4physics/runs/597iknrt
wandb: ⭐️ View project at: https://wandb.ai/caselli-niccolo-developer-university-of-amsterdam/probe4physics
wandb: Synced 5 W&B file(s), 0 media file(s), 0 artifact file(s) and 0 other file(s)
wandb: Find logs at: ./wandb/run-20260430_125918-597iknrt/logs
[I 2026-04-30 12:59:23,932] Trial 3 finished with value: 15.686274509803921 and parameters: {'lr': 0.00019762189340280086, 'weight_decay': 5.589524205217922e-07, 'batch_size': 32}. Best is trial 2 with value: 21.568627450980394.
wandb: setting up run 9n71gpgg
wandb: Tracking run with wandb version 0.26.1
wandb: Run data is saved locally in /gpfs/home3/scur0511/Probe4Physics/wandb/run-20260430_125924-9n71gpgg
wandb: Run `wandb offline` to turn off syncing.
wandb: Syncing run intphys2_linear_jepa_v2_1_vitG_384_layer_48/trial_0004
wandb: ⭐️ View project at https://wandb.ai/caselli-niccolo-developer-university-of-amsterdam/probe4physics
wandb: 🚀 View run at https://wandb.ai/caselli-niccolo-developer-university-of-amsterdam/probe4physics/runs/9n71gpgg
[eval.intphys2] Starting eval | split_name=val split_dir=data/splits/intphys2 predictor_mode=from_file metadata_file=data/annotations/intphys2_metadata.csv
[eval.intphys2] Loaded split assignments | split_scenes=51 split_samples=204
[eval.intphys2] Generated predictions | n_predictions=204
[eval.intphys2] Scoring complete | accuracy=55.3922 voe_accuracy=15.6863 n_scenes=51 n_samples=204
[eval.intphys2] Artifacts written | output_dir=artifacts/probes/intphys2/intphys2_probe_linear_jepa_v2_1_vitG_384_20260430T105417Z/layer_48/train/trial_0004/val_eval
wandb: updating run metadata
wandb: uploading wandb-summary.json; uploading config.yaml; uploading wandb-metadata.json; uploading requirements.txt; uploading output.log
wandb: 
wandb: Run history:
wandb:          epoch ▁▁▂▂▂▂▃▃▃▃▃▃▄▄▄▄▄▅▅▅▅▅▅▅▆▆▆▆▆▆▇▇▇▇▇▇████
wandb: train_accuracy ▂▃▁▂▃▂▁▃▃▄▃▂▃▃▃▃▃▃▅▆▅▄▆▅▆▅▇▅▆▆▇▆▇▇▆▇▆▆██
wandb:     train_loss █▇▆▆▆▅▆▅▆▇▆▄▄▄▅▄▄▄▄▄▄▃▃▃▃▃▂▃▃▂▃▂▂▂▂▁▁▁▁▂
wandb:   val_accuracy ▃▁▅▃▅▃▃▃▅▄▃▄▅▄▃▅▄▄▅▃█▇█▇▃▇▄▇▄▆▅▅▇▆▇▇▄▆▇▅
wandb:       val_loss ██▆▄▄▃▃▃▃▄▄▄▂▂▂▂▂▂▂▂▂▂▂▂▂▂▂▂▁▁▂▁▁▃▁▁▁▅▁▁
wandb: 
wandb: Run summary:
wandb:           best_epoch 99
wandb:    best_val_accuracy 55.39216
wandb:        best_val_loss 0.69162
wandb: checkpoint_best_path artifacts/probes/int...
wandb: checkpoint_last_path artifacts/probes/int...
wandb:      checkpoint_path artifacts/probes/int...
wandb:              dataset intphys2
wandb:      elapsed_seconds 3.07843
wandb:                epoch 100
wandb:    feature_signature 5c7753635ab2bb76
wandb:                  +22 ...
wandb: 
wandb: 🚀 View run intphys2_linear_jepa_v2_1_vitG_384_layer_48/trial_0004 at: https://wandb.ai/caselli-niccolo-developer-university-of-amsterdam/probe4physics/runs/9n71gpgg
wandb: ⭐️ View project at: https://wandb.ai/caselli-niccolo-developer-university-of-amsterdam/probe4physics
wandb: Synced 5 W&B file(s), 0 media file(s), 0 artifact file(s) and 0 other file(s)
wandb: Find logs at: ./wandb/run-20260430_125924-9n71gpgg/logs
[I 2026-04-30 12:59:28,078] Trial 4 finished with value: 15.686274509803921 and parameters: {'lr': 0.00023345864076016249, 'weight_decay': 0.0005141096648805752, 'batch_size': 128}. Best is trial 2 with value: 21.568627450980394.
wandb: setting up run 148z9brw
wandb: Tracking run with wandb version 0.26.1
wandb: Run data is saved locally in /gpfs/home3/scur0511/Probe4Physics/wandb/run-20260430_125928-148z9brw
wandb: Run `wandb offline` to turn off syncing.
wandb: Syncing run intphys2_linear_jepa_v2_1_vitG_384_layer_48/trial_0005
wandb: ⭐️ View project at https://wandb.ai/caselli-niccolo-developer-university-of-amsterdam/probe4physics
wandb: 🚀 View run at https://wandb.ai/caselli-niccolo-developer-university-of-amsterdam/probe4physics/runs/148z9brw
[eval.intphys2] Starting eval | split_name=val split_dir=data/splits/intphys2 predictor_mode=from_file metadata_file=data/annotations/intphys2_metadata.csv
[eval.intphys2] Loaded split assignments | split_scenes=51 split_samples=204
[eval.intphys2] Generated predictions | n_predictions=204
[eval.intphys2] Scoring complete | accuracy=57.3529 voe_accuracy=13.7255 n_scenes=51 n_samples=204
[eval.intphys2] Artifacts written | output_dir=artifacts/probes/intphys2/intphys2_probe_linear_jepa_v2_1_vitG_384_20260430T105417Z/layer_48/train/trial_0005/val_eval
wandb: updating run metadata
wandb: uploading output.log; uploading wandb-summary.json; uploading config.yaml; uploading wandb-metadata.json; uploading requirements.txt
wandb: 
wandb: Run history:
wandb:          epoch ▁▁▁▁▂▂▂▃▃▃▃▄▄▄▄▄▄▅▅▅▅▅▅▅▅▆▆▆▆▆▆▆▆▆▇▇▇███
wandb: train_accuracy ▁▃▂▂▃▂▃▁▃▂▃▅▆▄▃▅▅▅▅▅▄▄▄█▇▅▆▆▅▇▇██▆▆▅▄▆▆▆
wandb:     train_loss █▄▃▃▃▃▃▄▃▃▂▃▂▂▃▂▂▃▃▂▂▂▂▂▂▃▃▂▂▂▁▁▁▁▁▁▁▁▁▁
wandb:   val_accuracy ▂▂▂▁▄▂▂▂▂▃▂▃▃▃▅▄▅▆▄▄▃▆▂▃▃█▇▄▆▄▄▅▄▅▅▅▄▃▃▅
wandb:       val_loss █▄▂▂▁▁▂▂▁▂▂▁▁▁▁▂▁▁▁▁▁▁▂▂▁▁▁▁▁▁▁▁▁▁▁▁▁▁▁▂
wandb: 
wandb: Run summary:
wandb:           best_epoch 60
wandb:    best_val_accuracy 57.35294
wandb:        best_val_loss 0.69122
wandb: checkpoint_best_path artifacts/probes/int...
wandb: checkpoint_last_path artifacts/probes/int...
wandb:      checkpoint_path artifacts/probes/int...
wandb:              dataset intphys2
wandb:      elapsed_seconds 3.01794
wandb:                epoch 100
wandb:    feature_signature 5c7753635ab2bb76
wandb:                  +22 ...
wandb: 
wandb: 🚀 View run intphys2_linear_jepa_v2_1_vitG_384_layer_48/trial_0005 at: https://wandb.ai/caselli-niccolo-developer-university-of-amsterdam/probe4physics/runs/148z9brw
wandb: ⭐️ View project at: https://wandb.ai/caselli-niccolo-developer-university-of-amsterdam/probe4physics
wandb: Synced 5 W&B file(s), 0 media file(s), 0 artifact file(s) and 0 other file(s)
wandb: Find logs at: ./wandb/run-20260430_125928-148z9brw/logs
[I 2026-04-30 12:59:32,126] Trial 5 finished with value: 13.725490196078432 and parameters: {'lr': 0.0006647135865318024, 'weight_decay': 1.0547383621352015e-07, 'batch_size': 128}. Best is trial 2 with value: 21.568627450980394.
wandb: setting up run 33y2gkzl
wandb: Tracking run with wandb version 0.26.1
wandb: Run data is saved locally in /gpfs/home3/scur0511/Probe4Physics/wandb/run-20260430_125932-33y2gkzl
wandb: Run `wandb offline` to turn off syncing.
wandb: Syncing run intphys2_linear_jepa_v2_1_vitG_384_layer_48/trial_0006
wandb: ⭐️ View project at https://wandb.ai/caselli-niccolo-developer-university-of-amsterdam/probe4physics
wandb: 🚀 View run at https://wandb.ai/caselli-niccolo-developer-university-of-amsterdam/probe4physics/runs/33y2gkzl
[eval.intphys2] Starting eval | split_name=val split_dir=data/splits/intphys2 predictor_mode=from_file metadata_file=data/annotations/intphys2_metadata.csv
[eval.intphys2] Loaded split assignments | split_scenes=51 split_samples=204
[eval.intphys2] Generated predictions | n_predictions=204
[eval.intphys2] Scoring complete | accuracy=54.9020 voe_accuracy=17.6471 n_scenes=51 n_samples=204
[eval.intphys2] Artifacts written | output_dir=artifacts/probes/intphys2/intphys2_probe_linear_jepa_v2_1_vitG_384_20260430T105417Z/layer_48/train/trial_0006/val_eval
wandb: updating run metadata
wandb: uploading wandb-metadata.json; uploading requirements.txt; uploading output.log; uploading wandb-summary.json; uploading config.yaml
wandb: 
wandb: Run history:
wandb:          epoch ▁▁▁▁▂▂▂▂▃▃▃▃▃▃▄▄▄▄▅▅▅▅▅▅▅▆▆▆▆▆▆▆▆▇▇▇▇███
wandb: train_accuracy ▂▁▂▂▃▁▃▂▁▃▂▄▂▄▃▃▄▄▅▃▃▅▃▃▄▄▄▁▄▅▅▄▄▄▄▅▅▃▄█
wandb:     train_loss ██▆▆▅▅▅▅▅▅▅▄▅▄▃▅▅▄▃▅▃▃▂▃▂▂▃▂▃▂▁▂▃▃▁▂▂▁▃▂
wandb:   val_accuracy ▂▄▂▄▁▄▅▄▃▅▂▄▃▅▅▆▇▆▄▄▅▅▄▅▇▅▇▅▆▆▅▅█▅▃▇▅▄▃▇
wandb:       val_loss █▄▃▃▂▂▂▂▂▂▂▂▂▂▂▁▂▁▁▂▁▁▁▁▁▁▁▁▁▁▁▁▁▁▁▁▁▁▁▁
wandb: 
wandb: Run summary:
wandb:           best_epoch 100
wandb:    best_val_accuracy 54.90196
wandb:        best_val_loss 0.69285
wandb: checkpoint_best_path artifacts/probes/int...
wandb: checkpoint_last_path artifacts/probes/int...
wandb:      checkpoint_path artifacts/probes/int...
wandb:              dataset intphys2
wandb:      elapsed_seconds 3.99388
wandb:                epoch 100
wandb:    feature_signature 5c7753635ab2bb76
wandb:                  +22 ...
wandb: 
wandb: 🚀 View run intphys2_linear_jepa_v2_1_vitG_384_layer_48/trial_0006 at: https://wandb.ai/caselli-niccolo-developer-university-of-amsterdam/probe4physics/runs/33y2gkzl
wandb: ⭐️ View project at: https://wandb.ai/caselli-niccolo-developer-university-of-amsterdam/probe4physics
wandb: Synced 5 W&B file(s), 0 media file(s), 0 artifact file(s) and 0 other file(s)
wandb: Find logs at: ./wandb/run-20260430_125932-33y2gkzl/logs
[I 2026-04-30 12:59:37,198] Trial 6 finished with value: 17.647058823529413 and parameters: {'lr': 8.200518402245828e-05, 'weight_decay': 3.855073690026179e-08, 'batch_size': 32}. Best is trial 2 with value: 21.568627450980394.
wandb: setting up run bmy18elr
wandb: Tracking run with wandb version 0.26.1
wandb: Run data is saved locally in /gpfs/home3/scur0511/Probe4Physics/wandb/run-20260430_125937-bmy18elr
wandb: Run `wandb offline` to turn off syncing.
wandb: Syncing run intphys2_linear_jepa_v2_1_vitG_384_layer_48/trial_0007
wandb: ⭐️ View project at https://wandb.ai/caselli-niccolo-developer-university-of-amsterdam/probe4physics
wandb: 🚀 View run at https://wandb.ai/caselli-niccolo-developer-university-of-amsterdam/probe4physics/runs/bmy18elr
wandb: updating run metadata
wandb: uploading requirements.txt; uploading wandb-summary.json; uploading config.yaml; uploading wandb-metadata.json
wandb: 
wandb: Run history:
wandb:          epoch ▁▁▁▁▁▂▂▂▂▂▃▃▃▃▃▃▄▄▄▄▄▄▅▅▅▅▅▅▅▆▆▆▆▇▇▇▇███
wandb: train_accuracy ▅▆▅▂▂▅▃▄▂▂▂▄▆█▁▃▇▅▅▆▅▄▃▅▇▅▅▃▄▅▅▄▅▇▅▅▁▅▅▅
wandb:     train_loss █▇▆▅▄▄▄▄▃▃▃▃▃▃▂▂▂▃▂▂▂▂▂▂▂▂▂▂▁▂▂▁▁▁▁▁▁▁▁▁
wandb:   val_accuracy ▅▁▁▁▂▂▆▂▅▅▃▆▃▃▃▁▆▁▅▆▂▅▆▃▅▅▂▂▂▃▃▂▆▇▃▅▇▂██
wandb:       val_loss █▅▄▃▃▃▂▂▂▂▂▂▂▂▂▂▂▂▂▂▁▁▁▁▁▁▁▁▁▁▁▁▁▁▁▁▁▁▁▁
wandb: 
wandb: Run summary:
wandb:          epoch 100
wandb: train_accuracy 50.33113
wandb:     train_loss 0.69668
wandb:   val_accuracy 51.96078
wandb:       val_loss 0.69878
wandb: 
wandb: 🚀 View run intphys2_linear_jepa_v2_1_vitG_384_layer_48/trial_0007 at: https://wandb.ai/caselli-niccolo-developer-university-of-amsterdam/probe4physics/runs/bmy18elr
wandb: ⭐️ View project at: https://wandb.ai/caselli-niccolo-developer-university-of-amsterdam/probe4physics
wandb: Synced 4 W&B file(s), 0 media file(s), 0 artifact file(s) and 0 other file(s)
wandb: Find logs at: ./wandb/run-20260430_125937-bmy18elr/logs
[I 2026-04-30 12:59:41,560] Trial 7 pruned. Pruned at epoch 100 with val_accuracy=51.9608
wandb: setting up run 0f4dwfz4
wandb: Tracking run with wandb version 0.26.1
wandb: Run data is saved locally in /gpfs/home3/scur0511/Probe4Physics/wandb/run-20260430_125941-0f4dwfz4
wandb: Run `wandb offline` to turn off syncing.
wandb: Syncing run intphys2_linear_jepa_v2_1_vitG_384_layer_48/trial_0008
wandb: ⭐️ View project at https://wandb.ai/caselli-niccolo-developer-university-of-amsterdam/probe4physics
wandb: 🚀 View run at https://wandb.ai/caselli-niccolo-developer-university-of-amsterdam/probe4physics/runs/0f4dwfz4
[eval.intphys2] Starting eval | split_name=val split_dir=data/splits/intphys2 predictor_mode=from_file metadata_file=data/annotations/intphys2_metadata.csv
[eval.intphys2] Loaded split assignments | split_scenes=51 split_samples=204
[eval.intphys2] Generated predictions | n_predictions=204
[eval.intphys2] Scoring complete | accuracy=56.3725 voe_accuracy=19.6078 n_scenes=51 n_samples=204
[eval.intphys2] Artifacts written | output_dir=artifacts/probes/intphys2/intphys2_probe_linear_jepa_v2_1_vitG_384_20260430T105417Z/layer_48/train/trial_0008/val_eval
wandb: updating run metadata
wandb: uploading history steps 0-99, summary, console lines 0-4
wandb: 
wandb: Run history:
wandb:          epoch ▁▁▁▁▂▂▂▂▂▂▃▃▄▄▄▄▄▅▅▅▅▅▅▅▆▆▆▆▆▆▇▇▇▇▇█████
wandb: train_accuracy ▂▁▁▃▃▁▃▄▃▆▄▅▄▆▄▂▅▄▅▄▆▄▄▅▅▅▄▄▆█▆▆▇▇▆▆▃█▅█
wandb:     train_loss ▅▇▅▅▆▄▄▅▄▄▃▄▄▄▅▃▄▅▆▄▃▃▄▃▂▃▂▂█▄▃▁▃▃▁▃▆▁▁▂
wandb:   val_accuracy ▂▄▆▂▄▆▁▂▂▃▅▃▁▄▂▂▄▅▃▃▁▃▄▅▄▃▂▄▅▃▇▅█▇▆▄▄▃▅▄
wandb:       val_loss ▂▂▄▂▂▁▇▁█▄▁▂▁▁▁▁▂▁▁▃▁▂▁▁▁▂▃▅▁▁▁▂▁█▅▂▆▂▂▂
wandb: 
wandb: Run summary:
wandb:           best_epoch 77
wandb:    best_val_accuracy 56.37255
wandb:        best_val_loss 0.69315
wandb: checkpoint_best_path artifacts/probes/int...
wandb: checkpoint_last_path artifacts/probes/int...
wandb:      checkpoint_path artifacts/probes/int...
wandb:              dataset intphys2
wandb:      elapsed_seconds 4.024
wandb:                epoch 100
wandb:    feature_signature 5c7753635ab2bb76
wandb:                  +22 ...
wandb: 
wandb: 🚀 View run intphys2_linear_jepa_v2_1_vitG_384_layer_48/trial_0008 at: https://wandb.ai/caselli-niccolo-developer-university-of-amsterdam/probe4physics/runs/0f4dwfz4
wandb: ⭐️ View project at: https://wandb.ai/caselli-niccolo-developer-university-of-amsterdam/probe4physics
wandb: Synced 5 W&B file(s), 0 media file(s), 0 artifact file(s) and 0 other file(s)
wandb: Find logs at: ./wandb/run-20260430_125941-0f4dwfz4/logs
[I 2026-04-30 12:59:46,805] Trial 8 finished with value: 19.607843137254903 and parameters: {'lr': 0.00043664735929796326, 'weight_decay': 1.2856617791467908e-07, 'batch_size': 32}. Best is trial 2 with value: 21.568627450980394.
wandb: setting up run rqzp862l
wandb: Tracking run with wandb version 0.26.1
wandb: Run data is saved locally in /gpfs/home3/scur0511/Probe4Physics/wandb/run-20260430_125947-rqzp862l
wandb: Run `wandb offline` to turn off syncing.
wandb: Syncing run intphys2_linear_jepa_v2_1_vitG_384_layer_48/trial_0009
wandb: ⭐️ View project at https://wandb.ai/caselli-niccolo-developer-university-of-amsterdam/probe4physics
wandb: 🚀 View run at https://wandb.ai/caselli-niccolo-developer-university-of-amsterdam/probe4physics/runs/rqzp862l
[eval.intphys2] Starting eval | split_name=val split_dir=data/splits/intphys2 predictor_mode=from_file metadata_file=data/annotations/intphys2_metadata.csv
[eval.intphys2] Loaded split assignments | split_scenes=51 split_samples=204
[eval.intphys2] Generated predictions | n_predictions=204
[eval.intphys2] Scoring complete | accuracy=56.3725 voe_accuracy=19.6078 n_scenes=51 n_samples=204
[eval.intphys2] Artifacts written | output_dir=artifacts/probes/intphys2/intphys2_probe_linear_jepa_v2_1_vitG_384_20260430T105417Z/layer_48/train/trial_0009/val_eval
wandb: updating run metadata
wandb: uploading wandb-summary.json; uploading config.yaml; uploading wandb-metadata.json; uploading requirements.txt; uploading output.log
wandb: uploading config.yaml; uploading wandb-metadata.json; uploading requirements.txt; uploading output.log
wandb: 
wandb: Run history:
wandb:          epoch ▁▁▁▁▁▂▂▂▂▂▂▂▂▂▃▃▃▃▃▄▄▄▄▄▄▅▅▆▆▆▆▆▇▇▇█████
wandb: train_accuracy ▂▃▂▃▁▂▂▃▄▂▂▄▄▂▄▃▄▄▅▄▃▃▄▅▅▅▆▄▆▄▆▇▇█▄█▇▅▄▇
wandb:     train_loss █▆▅▄▅▄▄▄▃▃▄▆▃▃▃▃▃▃▄▄▂▁▂▂▂▂▂▂▂▂▂▁▁▂▁▁▁▂▂▂
wandb:   val_accuracy ▄▁▂▄▄▃▂▅▄▅▄▂▄▂▃▆▆▆▅▄▁▄▃▃▄▄▆▆▂█▄▇█▅▇▇▄▇▃▅
wandb:       val_loss ██▄▅▃▄▃▂▄▄▂▂▃▁▃▃▂▂▂▂▂▁▂▂▂▁▃▁▂▂▁▃▁▁▁▂▂▂▃▂
wandb: 
wandb: Run summary:
wandb:           best_epoch 60
wandb:    best_val_accuracy 56.37255
wandb:        best_val_loss 0.69289
wandb: checkpoint_best_path artifacts/probes/int...
wandb: checkpoint_last_path artifacts/probes/int...
wandb:      checkpoint_path artifacts/probes/int...
wandb:              dataset intphys2
wandb:      elapsed_seconds 3.08493
wandb:                epoch 100
wandb:    feature_signature 5c7753635ab2bb76
wandb:                  +22 ...
wandb: 
wandb: 🚀 View run intphys2_linear_jepa_v2_1_vitG_384_layer_48/trial_0009 at: https://wandb.ai/caselli-niccolo-developer-university-of-amsterdam/probe4physics/runs/rqzp862l
wandb: ⭐️ View project at: https://wandb.ai/caselli-niccolo-developer-university-of-amsterdam/probe4physics
wandb: Synced 5 W&B file(s), 0 media file(s), 0 artifact file(s) and 0 other file(s)
wandb: Find logs at: ./wandb/run-20260430_125947-rqzp862l/logs
[I 2026-04-30 12:59:51,306] Trial 9 finished with value: 19.607843137254903 and parameters: {'lr': 0.0006218704727769079, 'weight_decay': 0.0033981724150106006, 'batch_size': 256}. Best is trial 2 with value: 21.568627450980394.
wandb: setting up run bcoj44yi
wandb: Tracking run with wandb version 0.26.1
wandb: Run data is saved locally in /gpfs/home3/scur0511/Probe4Physics/wandb/run-20260430_125951-bcoj44yi
wandb: Run `wandb offline` to turn off syncing.
wandb: Syncing run intphys2_linear_jepa_v2_1_vitG_384_layer_48/trial_0010
wandb: ⭐️ View project at https://wandb.ai/caselli-niccolo-developer-university-of-amsterdam/probe4physics
wandb: 🚀 View run at https://wandb.ai/caselli-niccolo-developer-university-of-amsterdam/probe4physics/runs/bcoj44yi
[eval.intphys2] Starting eval | split_name=val split_dir=data/splits/intphys2 predictor_mode=from_file metadata_file=data/annotations/intphys2_metadata.csv
[eval.intphys2] Loaded split assignments | split_scenes=51 split_samples=204
[eval.intphys2] Generated predictions | n_predictions=204
[eval.intphys2] Scoring complete | accuracy=55.8824 voe_accuracy=19.6078 n_scenes=51 n_samples=204
[eval.intphys2] Artifacts written | output_dir=artifacts/probes/intphys2/intphys2_probe_linear_jepa_v2_1_vitG_384_20260430T105417Z/layer_48/train/trial_0010/val_eval
wandb: updating run metadata
wandb: uploading requirements.txt; uploading output.log; uploading wandb-summary.json; uploading config.yaml; uploading wandb-metadata.json
wandb: 
wandb: Run history:
wandb:          epoch ▁▁▁▂▂▂▂▂▂▂▃▃▄▄▄▄▄▄▄▄▅▅▅▆▆▆▆▆▆▆▇▇▇▇▇▇▇▇██
wandb: train_accuracy ▃▁▃▃▂▃▄▃▄▅▃▄▃▃▄▃▄▃▄▄▂▅▄▄▆▇▇█▆▇▃▄▆▅▆▄▅▇█▅
wandb:     train_loss ██▄▄▂▁▁▁▁▂▂▁▂▁▂▂▂▂▂▂▁▁▁▁▁▁▁▁▁▁▂▂▁▁▁▁▁▁▁▁
wandb:   val_accuracy ▂▂▂▂▂▂▃▂▅▄▃▁▇█▅▇▂▂▂▃▅▄█▇▄▃▄▆▂▇▇▆▇▅▇▂▇▃▂▆
wandb:       val_loss ▆▅▄▃▃▂▁▁▁▂▃▃▃▁▃▆▂▂▄▂▂▂▃▂▂▂▂▂▃▂▂▄▃▂▂▄▂▃█▇
wandb: 
wandb: Run summary:
wandb:           best_epoch 50
wandb:    best_val_accuracy 55.88235
wandb:        best_val_loss 0.72095
wandb: checkpoint_best_path artifacts/probes/int...
wandb: checkpoint_last_path artifacts/probes/int...
wandb:      checkpoint_path artifacts/probes/int...
wandb:              dataset intphys2
wandb:      elapsed_seconds 2.99919
wandb:                epoch 100
wandb:    feature_signature 5c7753635ab2bb76
wandb:                  +22 ...
wandb: 
wandb: 🚀 View run intphys2_linear_jepa_v2_1_vitG_384_layer_48/trial_0010 at: https://wandb.ai/caselli-niccolo-developer-university-of-amsterdam/probe4physics/runs/bcoj44yi
wandb: ⭐️ View project at: https://wandb.ai/caselli-niccolo-developer-university-of-amsterdam/probe4physics
wandb: Synced 5 W&B file(s), 0 media file(s), 0 artifact file(s) and 0 other file(s)
wandb: Find logs at: ./wandb/run-20260430_125951-bcoj44yi/logs
[I 2026-04-30 12:59:55,401] Trial 10 finished with value: 19.607843137254903 and parameters: {'lr': 0.008589902259876388, 'weight_decay': 6.917735117804129e-06, 'batch_size': 256}. Best is trial 2 with value: 21.568627450980394.
wandb: setting up run 99pypi8d
wandb: Tracking run with wandb version 0.26.1
wandb: Run data is saved locally in /gpfs/home3/scur0511/Probe4Physics/wandb/run-20260430_125955-99pypi8d
wandb: Run `wandb offline` to turn off syncing.
wandb: Syncing run intphys2_linear_jepa_v2_1_vitG_384_layer_48/trial_0011
wandb: ⭐️ View project at https://wandb.ai/caselli-niccolo-developer-university-of-amsterdam/probe4physics
wandb: 🚀 View run at https://wandb.ai/caselli-niccolo-developer-university-of-amsterdam/probe4physics/runs/99pypi8d
[eval.intphys2] Starting eval | split_name=val split_dir=data/splits/intphys2 predictor_mode=from_file metadata_file=data/annotations/intphys2_metadata.csv
[eval.intphys2] Loaded split assignments | split_scenes=51 split_samples=204
[eval.intphys2] Generated predictions | n_predictions=204
[eval.intphys2] Scoring complete | accuracy=57.8431 voe_accuracy=23.5294 n_scenes=51 n_samples=204
[eval.intphys2] Artifacts written | output_dir=artifacts/probes/intphys2/intphys2_probe_linear_jepa_v2_1_vitG_384_20260430T105417Z/layer_48/train/trial_0011/val_eval
wandb: updating run metadata
wandb: uploading output.log; uploading wandb-summary.json; uploading config.yaml; uploading wandb-metadata.json; uploading requirements.txt
wandb: uploading output.log; uploading wandb-metadata.json
wandb: 
wandb: Run history:
wandb:          epoch ▁▁▁▂▂▂▂▂▃▃▃▄▄▄▄▄▄▄▅▅▅▅▅▅▅▅▅▆▆▆▇▇▇▇▇▇▇▇▇█
wandb: train_accuracy ▁▁▁▃▂▃▃▅▂▄▄▅▃▆▄▄▂▅▃▃▄▅▄▆▆▄▄▇▆▅▇█▄▇▇▅▆▅▆█
wandb:     train_loss ▇▅▄█▄▃▃▅▇▃▂▃▃▃▃▅▅▄▃▃▄▄▂▂▂▂▂▄▂▂▁▄▂▂▁▂▂▃▁▂
wandb:   val_accuracy ▂▃▃▅▁▃▄▅▄▅▅▄▃▃▃▃▃▅▄▆▆▆▄▅█▅▆▅▃▅▅▆▅▅▄▅▄▆▄▄
wandb:       val_loss ▂▁▁█▂▃▂▁▁▁▃▂▁▂▄▃▂▄▂█▃▄▂▂▂▃▃▂▅▆▃▃▄▄▄▃▃▅▄▃
wandb: 
wandb: Run summary:
wandb:           best_epoch 63
wandb:    best_val_accuracy 57.84314
wandb:        best_val_loss 0.77145
wandb: checkpoint_best_path artifacts/probes/int...
wandb: checkpoint_last_path artifacts/probes/int...
wandb:      checkpoint_path artifacts/probes/int...
wandb:              dataset intphys2
wandb:      elapsed_seconds 3.306
wandb:                epoch 100
wandb:    feature_signature 5c7753635ab2bb76
wandb:                  +22 ...
wandb: 
wandb: 🚀 View run intphys2_linear_jepa_v2_1_vitG_384_layer_48/trial_0011 at: https://wandb.ai/caselli-niccolo-developer-university-of-amsterdam/probe4physics/runs/99pypi8d
wandb: ⭐️ View project at: https://wandb.ai/caselli-niccolo-developer-university-of-amsterdam/probe4physics
wandb: Synced 5 W&B file(s), 0 media file(s), 0 artifact file(s) and 0 other file(s)
wandb: Find logs at: ./wandb/run-20260430_125955-99pypi8d/logs
[I 2026-04-30 13:00:00,187] Trial 11 finished with value: 23.52941176470588 and parameters: {'lr': 0.0040877179237697285, 'weight_decay': 1.722277082226428e-06, 'batch_size': 64}. Best is trial 11 with value: 23.52941176470588.
wandb: setting up run f3ouyocm
wandb: Tracking run with wandb version 0.26.1
wandb: Run data is saved locally in /gpfs/home3/scur0511/Probe4Physics/wandb/run-20260430_130000-f3ouyocm
wandb: Run `wandb offline` to turn off syncing.
wandb: Syncing run intphys2_linear_jepa_v2_1_vitG_384_layer_48/trial_0012
wandb: ⭐️ View project at https://wandb.ai/caselli-niccolo-developer-university-of-amsterdam/probe4physics
wandb: 🚀 View run at https://wandb.ai/caselli-niccolo-developer-university-of-amsterdam/probe4physics/runs/f3ouyocm
[eval.intphys2] Starting eval | split_name=val split_dir=data/splits/intphys2 predictor_mode=from_file metadata_file=data/annotations/intphys2_metadata.csv
[eval.intphys2] Loaded split assignments | split_scenes=51 split_samples=204
[eval.intphys2] Generated predictions | n_predictions=204
[eval.intphys2] Scoring complete | accuracy=57.8431 voe_accuracy=23.5294 n_scenes=51 n_samples=204
[eval.intphys2] Artifacts written | output_dir=artifacts/probes/intphys2/intphys2_probe_linear_jepa_v2_1_vitG_384_20260430T105417Z/layer_48/train/trial_0012/val_eval
wandb: updating run metadata
wandb: uploading config.yaml; uploading wandb-metadata.json; uploading requirements.txt; uploading output.log; uploading wandb-summary.json
wandb: 
wandb: Run history:
wandb:          epoch ▁▁▁▂▂▂▂▂▃▃▃▃▃▃▃▄▄▄▄▅▅▅▅▅▅▆▆▆▆▆▇▇▇▇▇▇▇███
wandb: train_accuracy ▂▂▄▁▂▃▂▃▅▄▅▅▄▄▆▄▃▄▃▄▄▆▄▅▅▄▆▃▇▆▇█▅▆▆█▅▇▆█
wandb:     train_loss █▃▄▆▃▂▅▂▂▃▃▂▂▂▃▂▃▂▂▃▂▁▂▄▁▁▁▂▂▁▃▂▁▂▁▁▃▂▂▁
wandb:   val_accuracy ▃▁▂▂▃▄▄▄▁▄▅▅▃▂▁▇▂▁▆▂▂▃▃▅▆▅▅▃▄▅█▄▅▅▃▅▅█▃█
wandb:       val_loss █▂▂▁▁▃▁▃▁▁▃▁▁▂▂▂▂▇▃▃▅▂▄▅▃▂▅▄▆▃▃▃▅▃▄▅▆▄▃▅
wandb: 
wandb: Run summary:
wandb:           best_epoch 74
wandb:    best_val_accuracy 57.84314
wandb:        best_val_loss 0.80294
wandb: checkpoint_best_path artifacts/probes/int...
wandb: checkpoint_last_path artifacts/probes/int...
wandb:      checkpoint_path artifacts/probes/int...
wandb:              dataset intphys2
wandb:      elapsed_seconds 3.36245
wandb:                epoch 100
wandb:    feature_signature 5c7753635ab2bb76
wandb:                  +22 ...
wandb: 
wandb: 🚀 View run intphys2_linear_jepa_v2_1_vitG_384_layer_48/trial_0012 at: https://wandb.ai/caselli-niccolo-developer-university-of-amsterdam/probe4physics/runs/f3ouyocm
wandb: ⭐️ View project at: https://wandb.ai/caselli-niccolo-developer-university-of-amsterdam/probe4physics
wandb: Synced 5 W&B file(s), 0 media file(s), 0 artifact file(s) and 0 other file(s)
wandb: Find logs at: ./wandb/run-20260430_130000-f3ouyocm/logs
[I 2026-04-30 13:00:04,640] Trial 12 finished with value: 23.52941176470588 and parameters: {'lr': 0.00500366212062638, 'weight_decay': 2.2631709120790008e-06, 'batch_size': 64}. Best is trial 11 with value: 23.52941176470588.
wandb: setting up run 2gamr0p4
wandb: Tracking run with wandb version 0.26.1
wandb: Run data is saved locally in /gpfs/home3/scur0511/Probe4Physics/wandb/run-20260430_130004-2gamr0p4
wandb: Run `wandb offline` to turn off syncing.
wandb: Syncing run intphys2_linear_jepa_v2_1_vitG_384_layer_48/trial_0013
wandb: ⭐️ View project at https://wandb.ai/caselli-niccolo-developer-university-of-amsterdam/probe4physics
wandb: 🚀 View run at https://wandb.ai/caselli-niccolo-developer-university-of-amsterdam/probe4physics/runs/2gamr0p4
[eval.intphys2] Starting eval | split_name=val split_dir=data/splits/intphys2 predictor_mode=from_file metadata_file=data/annotations/intphys2_metadata.csv
[eval.intphys2] Loaded split assignments | split_scenes=51 split_samples=204
[eval.intphys2] Generated predictions | n_predictions=204
[eval.intphys2] Scoring complete | accuracy=57.3529 voe_accuracy=23.5294 n_scenes=51 n_samples=204
[eval.intphys2] Artifacts written | output_dir=artifacts/probes/intphys2/intphys2_probe_linear_jepa_v2_1_vitG_384_20260430T105417Z/layer_48/train/trial_0013/val_eval
wandb: updating run metadata
wandb: uploading config.yaml; uploading wandb-metadata.json; uploading requirements.txt; uploading output.log; uploading wandb-summary.json
wandb: 
wandb: Run history:
wandb:          epoch ▁▁▂▂▂▂▂▂▂▂▂▃▃▃▃▄▄▄▄▄▅▅▅▅▅▅▅▆▆▆▆▇▇▇▇▇████
wandb: train_accuracy ▁▂▂▁▄▄▃▄▅▄▄▄▂▂▅▆▅▄▆▄▆▆▄▄▆▅▆▇▅▆█▇▇▇▆▅█▆▆▆
wandb:     train_loss █▇▆▆▄▄▃▃▅▄▄▃▃▃▃▄▅▃▃▃▃▂▄▇▃▂▂▂▄▃▂▁▂▁▂▂▇▄▂▃
wandb:   val_accuracy ▂▂▃▃▄▅▁▃▂▂▃▃▅▄▄▆▆▅▃▂▃▇▃▄▃▃▃▅▃▆▅▄▅▃▄▆▆▂▄█
wandb:       val_loss ▃▂▃▅▂▁▁▃▁▁▄▂▁▁▁▄▂▅▁▃▁▄▃▂█▃▂▂▂▂▂▃▃▂▄▆▅▅▆▃
wandb: 
wandb: Run summary:
wandb:           best_epoch 99
wandb:    best_val_accuracy 57.35294
wandb:        best_val_loss 0.73015
wandb: checkpoint_best_path artifacts/probes/int...
wandb: checkpoint_last_path artifacts/probes/int...
wandb:      checkpoint_path artifacts/probes/int...
wandb:              dataset intphys2
wandb:      elapsed_seconds 3.28733
wandb:                epoch 100
wandb:    feature_signature 5c7753635ab2bb76
wandb:                  +22 ...
wandb: 
wandb: 🚀 View run intphys2_linear_jepa_v2_1_vitG_384_layer_48/trial_0013 at: https://wandb.ai/caselli-niccolo-developer-university-of-amsterdam/probe4physics/runs/2gamr0p4
wandb: ⭐️ View project at: https://wandb.ai/caselli-niccolo-developer-university-of-amsterdam/probe4physics
wandb: Synced 5 W&B file(s), 0 media file(s), 0 artifact file(s) and 0 other file(s)
wandb: Find logs at: ./wandb/run-20260430_130004-2gamr0p4/logs
[I 2026-04-30 13:00:09,005] Trial 13 finished with value: 23.52941176470588 and parameters: {'lr': 0.0024905356822545925, 'weight_decay': 5.725021376584145e-06, 'batch_size': 64}. Best is trial 11 with value: 23.52941176470588.
wandb: setting up run w9ffuqbx
wandb: Tracking run with wandb version 0.26.1
wandb: Run data is saved locally in /gpfs/home3/scur0511/Probe4Physics/wandb/run-20260430_130009-w9ffuqbx
wandb: Run `wandb offline` to turn off syncing.
wandb: Syncing run intphys2_linear_jepa_v2_1_vitG_384_layer_48/trial_0014
wandb: ⭐️ View project at https://wandb.ai/caselli-niccolo-developer-university-of-amsterdam/probe4physics
wandb: 🚀 View run at https://wandb.ai/caselli-niccolo-developer-university-of-amsterdam/probe4physics/runs/w9ffuqbx
[eval.intphys2] Starting eval | split_name=val split_dir=data/splits/intphys2 predictor_mode=from_file metadata_file=data/annotations/intphys2_metadata.csv
[eval.intphys2] Loaded split assignments | split_scenes=51 split_samples=204
[eval.intphys2] Generated predictions | n_predictions=204
[eval.intphys2] Scoring complete | accuracy=58.3333 voe_accuracy=29.4118 n_scenes=51 n_samples=204
[eval.intphys2] Artifacts written | output_dir=artifacts/probes/intphys2/intphys2_probe_linear_jepa_v2_1_vitG_384_20260430T105417Z/layer_48/train/trial_0014/val_eval
wandb: updating run metadata
wandb: uploading wandb-metadata.json; uploading requirements.txt; uploading output.log; uploading wandb-summary.json; uploading config.yaml
wandb: 
wandb: Run history:
wandb:          epoch ▁▁▁▁▂▂▂▂▂▂▃▃▃▃▃▃▃▃▄▄▄▄▄▄▄▅▅▅▆▆▆▆▆▆▆▇▇▇▇█
wandb: train_accuracy ▁▁▁▁▁▄▂▄▄▃▄▄▅▃▁▃▄▃▃▃▅▆▂▃▃▅▅▅▆▆▃▆▆▇▆▆▅▅█▆
wandb:     train_loss █▅▄▃▂▂▃▂▂▂▂▄▂▂▂▃▂▃▂▂▃▃▂▁▂▂▂▁▁▁▁▂▃▂▂▂▁▁▁▂
wandb:   val_accuracy ▂▁▂▃▂▂▃▄▃▁▅▄▄▁▄▆▂▄▃▃▅▂▃▄█▄▄▄▃▇▁▂▃▅▄▅▄▇▃█
wandb:       val_loss ▄▂▂▄▁▁▆▃▁▁▁▃▆▂▄▁▁▂▃▃█▂▃▃▃▂▂▄▂▂▂▄█▅▃▄▄▄▇█
wandb: 
wandb: Run summary:
wandb:           best_epoch 67
wandb:    best_val_accuracy 58.33333
wandb:        best_val_loss 0.80598
wandb: checkpoint_best_path artifacts/probes/int...
wandb: checkpoint_last_path artifacts/probes/int...
wandb:      checkpoint_path artifacts/probes/int...
wandb:              dataset intphys2
wandb:      elapsed_seconds 3.47341
wandb:                epoch 100
wandb:    feature_signature 5c7753635ab2bb76
wandb:                  +22 ...
wandb: 
wandb: 🚀 View run intphys2_linear_jepa_v2_1_vitG_384_layer_48/trial_0014 at: https://wandb.ai/caselli-niccolo-developer-university-of-amsterdam/probe4physics/runs/w9ffuqbx
wandb: ⭐️ View project at: https://wandb.ai/caselli-niccolo-developer-university-of-amsterdam/probe4physics
wandb: Synced 5 W&B file(s), 0 media file(s), 0 artifact file(s) and 0 other file(s)
wandb: Find logs at: ./wandb/run-20260430_130009-w9ffuqbx/logs
[I 2026-04-30 13:00:13,594] Trial 14 finished with value: 29.411764705882355 and parameters: {'lr': 0.007886205453184318, 'weight_decay': 3.9188840466962226e-05, 'batch_size': 64}. Best is trial 14 with value: 29.411764705882355.
wandb: setting up run m4u2lsox
wandb: Tracking run with wandb version 0.26.1
wandb: Run data is saved locally in /gpfs/home3/scur0511/Probe4Physics/wandb/run-20260430_130013-m4u2lsox
wandb: Run `wandb offline` to turn off syncing.
wandb: Syncing run intphys2_linear_jepa_v2_1_vitG_384_layer_48/trial_0015
wandb: ⭐️ View project at https://wandb.ai/caselli-niccolo-developer-university-of-amsterdam/probe4physics
wandb: 🚀 View run at https://wandb.ai/caselli-niccolo-developer-university-of-amsterdam/probe4physics/runs/m4u2lsox
[eval.intphys2] Starting eval | split_name=val split_dir=data/splits/intphys2 predictor_mode=from_file metadata_file=data/annotations/intphys2_metadata.csv
[eval.intphys2] Loaded split assignments | split_scenes=51 split_samples=204
[eval.intphys2] Generated predictions | n_predictions=204
[eval.intphys2] Scoring complete | accuracy=55.8824 voe_accuracy=13.7255 n_scenes=51 n_samples=204
[eval.intphys2] Artifacts written | output_dir=artifacts/probes/intphys2/intphys2_probe_linear_jepa_v2_1_vitG_384_20260430T105417Z/layer_48/train/trial_0015/val_eval
wandb: updating run metadata
wandb: uploading requirements.txt; uploading output.log; uploading wandb-summary.json; uploading config.yaml; uploading wandb-metadata.json
wandb: uploading requirements.txt; uploading output.log; uploading wandb-summary.json; uploading config.yaml
wandb: 
wandb: Run history:
wandb:          epoch ▁▁▁▁▁▂▂▂▂▂▂▂▂▃▃▃▃▃▃▃▄▄▄▄▅▅▅▅▅▅▆▆▆▇▇▇████
wandb: train_accuracy ▃▁▄▃▃▄▅▄▅▄▅▆▅▆▆▅▅▄▅▅▇▅▇▆█▆▆▄▆▇▇▆█▆▇▇█▅▆▆
wandb:     train_loss ▇▅█▄▅▄▅▆▇▃▃▃▃▄▄▃▃▃▃▇▅▄▃▂▃▂▃▂▁▂▂▅▂▁▂▃▁▁▂▂
wandb:   val_accuracy ▄▁▃▅▃▃▁▁▁▅▃▄█▆▆▃▅▄▆▂▇▆▂▅▅▅▄▂▁▄▂▇▆▆▄▁▃▅▄▄
wandb:       val_loss ▁▂▂▂▁▃▂█▂▁▁▁▁▄▁▂▁▃▃▃▄▂▁▂▂▂▃▂▅▄▂▂▂▃▂▂▃▂▂▂
wandb: 
wandb: Run summary:
wandb:           best_epoch 29
wandb:    best_val_accuracy 55.88235
wandb:        best_val_loss 0.69778
wandb: checkpoint_best_path artifacts/probes/int...
wandb: checkpoint_last_path artifacts/probes/int...
wandb:      checkpoint_path artifacts/probes/int...
wandb:              dataset intphys2
wandb:      elapsed_seconds 3.58553
wandb:                epoch 100
wandb:    feature_signature 5c7753635ab2bb76
wandb:                  +22 ...
wandb: 
wandb: 🚀 View run intphys2_linear_jepa_v2_1_vitG_384_layer_48/trial_0015 at: https://wandb.ai/caselli-niccolo-developer-university-of-amsterdam/probe4physics/runs/m4u2lsox
wandb: ⭐️ View project at: https://wandb.ai/caselli-niccolo-developer-university-of-amsterdam/probe4physics
wandb: Synced 5 W&B file(s), 0 media file(s), 0 artifact file(s) and 0 other file(s)
wandb: Find logs at: ./wandb/run-20260430_130013-m4u2lsox/logs
[I 2026-04-30 13:00:18,749] Trial 15 finished with value: 13.725490196078432 and parameters: {'lr': 0.0017116048336664653, 'weight_decay': 8.925278572925878e-05, 'batch_size': 64}. Best is trial 14 with value: 29.411764705882355.
wandb: setting up run 7999oywf
wandb: Tracking run with wandb version 0.26.1
wandb: Run data is saved locally in /gpfs/home3/scur0511/Probe4Physics/wandb/run-20260430_130018-7999oywf
wandb: Run `wandb offline` to turn off syncing.
wandb: Syncing run intphys2_linear_jepa_v2_1_vitG_384_layer_48/trial_0016
wandb: ⭐️ View project at https://wandb.ai/caselli-niccolo-developer-university-of-amsterdam/probe4physics
wandb: 🚀 View run at https://wandb.ai/caselli-niccolo-developer-university-of-amsterdam/probe4physics/runs/7999oywf
[eval.intphys2] Starting eval | split_name=val split_dir=data/splits/intphys2 predictor_mode=from_file metadata_file=data/annotations/intphys2_metadata.csv
[eval.intphys2] Loaded split assignments | split_scenes=51 split_samples=204
[eval.intphys2] Generated predictions | n_predictions=204
[eval.intphys2] Scoring complete | accuracy=58.3333 voe_accuracy=27.4510 n_scenes=51 n_samples=204
[eval.intphys2] Artifacts written | output_dir=artifacts/probes/intphys2/intphys2_probe_linear_jepa_v2_1_vitG_384_20260430T105417Z/layer_48/train/trial_0016/val_eval
wandb: updating run metadata
wandb: uploading output.log; uploading wandb-summary.json; uploading config.yaml; uploading wandb-metadata.json; uploading requirements.txt
wandb: 
wandb: Run history:
wandb:          epoch ▁▁▁▁▁▂▂▂▂▃▃▃▃▄▄▄▄▅▅▅▅▅▅▅▅▆▆▆▆▆▆▇▇▇▇█████
wandb: train_accuracy ▂▁▂▂▂▃▂▃▄▄▄▅▄▄▅▂▃▅▄▄▅▅▅▆▅▄▄▆▅▅▄▅▄▆▆▅▆▄█▇
wandb:     train_loss █▄▄▅▄▄▃▄▂▂▃▂▄▂▂▂▄▅▄▃▃▄▃▅▂▂▃▂▂▂▁▃▃▂▂▂▂▁▄▂
wandb:   val_accuracy ▂▁▂▃▃▅▅▄▅▃▅▁▆▅▂▂▂█▃▅▃▃▅▃▃▃▃█▅▃▄▅▆▆▄▄▂▅▇▆
wandb:       val_loss ▃▁▂▁▂▁▁▂▁▁▁▂▁▄▁▁▅▂▁▃▁▂▁▂▂▂█▂▃▃▂▂▂▂▃▂▂▂▂▃
wandb: 
wandb: Run summary:
wandb:           best_epoch 47
wandb:    best_val_accuracy 58.33333
wandb:        best_val_loss 0.78088
wandb: checkpoint_best_path artifacts/probes/int...
wandb: checkpoint_last_path artifacts/probes/int...
wandb:      checkpoint_path artifacts/probes/int...
wandb:              dataset intphys2
wandb:      elapsed_seconds 3.26768
wandb:                epoch 100
wandb:    feature_signature 5c7753635ab2bb76
wandb:                  +22 ...
wandb: 
wandb: 🚀 View run intphys2_linear_jepa_v2_1_vitG_384_layer_48/trial_0016 at: https://wandb.ai/caselli-niccolo-developer-university-of-amsterdam/probe4physics/runs/7999oywf
wandb: ⭐️ View project at: https://wandb.ai/caselli-niccolo-developer-university-of-amsterdam/probe4physics
wandb: Synced 5 W&B file(s), 0 media file(s), 0 artifact file(s) and 0 other file(s)
wandb: Find logs at: ./wandb/run-20260430_130018-7999oywf/logs
[I 2026-04-30 13:00:23,060] Trial 16 finished with value: 27.450980392156865 and parameters: {'lr': 0.007790879191190207, 'weight_decay': 5.981903666628409e-05, 'batch_size': 64}. Best is trial 14 with value: 29.411764705882355.
wandb: setting up run 6bgu07jm
wandb: Tracking run with wandb version 0.26.1
wandb: Run data is saved locally in /gpfs/home3/scur0511/Probe4Physics/wandb/run-20260430_130023-6bgu07jm
wandb: Run `wandb offline` to turn off syncing.
wandb: Syncing run intphys2_linear_jepa_v2_1_vitG_384_layer_48/trial_0017
wandb: ⭐️ View project at https://wandb.ai/caselli-niccolo-developer-university-of-amsterdam/probe4physics
wandb: 🚀 View run at https://wandb.ai/caselli-niccolo-developer-university-of-amsterdam/probe4physics/runs/6bgu07jm
[eval.intphys2] Starting eval | split_name=val split_dir=data/splits/intphys2 predictor_mode=from_file metadata_file=data/annotations/intphys2_metadata.csv
[eval.intphys2] Loaded split assignments | split_scenes=51 split_samples=204
[eval.intphys2] Generated predictions | n_predictions=204
[eval.intphys2] Scoring complete | accuracy=57.3529 voe_accuracy=29.4118 n_scenes=51 n_samples=204
[eval.intphys2] Artifacts written | output_dir=artifacts/probes/intphys2/intphys2_probe_linear_jepa_v2_1_vitG_384_20260430T105417Z/layer_48/train/trial_0017/val_eval
wandb: updating run metadata
wandb: uploading wandb-metadata.json; uploading requirements.txt; uploading output.log; uploading wandb-summary.json; uploading config.yaml
wandb: 
wandb: Run history:
wandb:          epoch ▁▁▂▂▂▂▂▂▃▃▃▃▃▃▃▄▄▄▄▅▅▅▅▅▅▆▆▆▆▆▇▇▇▇▇▇████
wandb: train_accuracy ▃▁▃▃▃▄▃▅▅▄▄▃▄▄▄▅▆▄▅▅▆▂▃▅▆▇▅▆▇▅▇▆██▇▇▆▄▅▅
wandb:     train_loss █▄▄▄▅▄▅▃▃▂▃▃▂▃▃▄▂▁▂▅▃▂▂▃▃▄▃▃▂▂▂▂▁▁▂▃▂▁▂▂
wandb:   val_accuracy ▁▁▃▂▁▄▅▃▂▂▃▄▁▆▁▃▅▅▄▅▃▄▃█▆▁▆▆▆▇▂▄▅▆▃▅▆▇▅▆
wandb:       val_loss ▂▂▃▁▄▄▁▁▁▁▁▂▁▂▂▅▂▁▂█▂▄▃▂▃▂▂▂▂▂▂▄▃▂▂▂▂▄▂▂
wandb: 
wandb: Run summary:
wandb:           best_epoch 59
wandb:    best_val_accuracy 57.35294
wandb:        best_val_loss 0.87397
wandb: checkpoint_best_path artifacts/probes/int...
wandb: checkpoint_last_path artifacts/probes/int...
wandb:      checkpoint_path artifacts/probes/int...
wandb:              dataset intphys2
wandb:      elapsed_seconds 3.4746
wandb:                epoch 100
wandb:    feature_signature 5c7753635ab2bb76
wandb:                  +22 ...
wandb: 
wandb: 🚀 View run intphys2_linear_jepa_v2_1_vitG_384_layer_48/trial_0017 at: https://wandb.ai/caselli-niccolo-developer-university-of-amsterdam/probe4physics/runs/6bgu07jm
wandb: ⭐️ View project at: https://wandb.ai/caselli-niccolo-developer-university-of-amsterdam/probe4physics
wandb: Synced 5 W&B file(s), 0 media file(s), 0 artifact file(s) and 0 other file(s)
wandb: Find logs at: ./wandb/run-20260430_130023-6bgu07jm/logs
[I 2026-04-30 13:00:27,658] Trial 17 finished with value: 29.411764705882355 and parameters: {'lr': 0.009950064368329202, 'weight_decay': 4.512769802353355e-05, 'batch_size': 64}. Best is trial 14 with value: 29.411764705882355.
wandb: setting up run tmhs8tly
wandb: Tracking run with wandb version 0.26.1
wandb: Run data is saved locally in /gpfs/home3/scur0511/Probe4Physics/wandb/run-20260430_130027-tmhs8tly
wandb: Run `wandb offline` to turn off syncing.
wandb: Syncing run intphys2_linear_jepa_v2_1_vitG_384_layer_48/trial_0018
wandb: ⭐️ View project at https://wandb.ai/caselli-niccolo-developer-university-of-amsterdam/probe4physics
wandb: 🚀 View run at https://wandb.ai/caselli-niccolo-developer-university-of-amsterdam/probe4physics/runs/tmhs8tly
[eval.intphys2] Starting eval | split_name=val split_dir=data/splits/intphys2 predictor_mode=from_file metadata_file=data/annotations/intphys2_metadata.csv
[eval.intphys2] Loaded split assignments | split_scenes=51 split_samples=204
[eval.intphys2] Generated predictions | n_predictions=204
[eval.intphys2] Scoring complete | accuracy=55.8824 voe_accuracy=19.6078 n_scenes=51 n_samples=204
[eval.intphys2] Artifacts written | output_dir=artifacts/probes/intphys2/intphys2_probe_linear_jepa_v2_1_vitG_384_20260430T105417Z/layer_48/train/trial_0018/val_eval
wandb: updating run metadata
wandb: uploading wandb-metadata.json; uploading requirements.txt; uploading output.log; uploading wandb-summary.json; uploading config.yaml
wandb: uploading history steps 0-99, summary, console lines 0-4
wandb: 
wandb: Run history:
wandb:          epoch ▁▁▁▁▂▂▂▂▂▂▂▃▃▃▃▃▃▃▃▃▄▄▅▅▅▅▅▅▅▅▆▆▆▆▆▇▇███
wandb: train_accuracy ▁▂▂▃▄▃▂▄▅▅▇▄▄▆▅▆▃▄▇▄▆▅▅▃▆▅▆▃▆█▆▆▅▆█▇▃█▅█
wandb:     train_loss ▇▆█▅▅▅▃▄▄▃▃▄▃▅▃▃▃▄▃▄▂▃▄▃▃▂▃▂▅▇▃▃▂▂▃▁▁▁▂▂
wandb:   val_accuracy ▁▆▃▄▆▃▆▃▄▄▅▃▅▃▅▆▄▄▅▅▅▅▅▇▆▁▅▆▇▄█▅▇▂▄▃█▅▇▆
wandb:       val_loss ▂▂▂▄▂▃▁▇▁▂▆▃▂▁▁▁▄▂▅▁▂▂▁▁▃▆▁▃▂▂▃▂▂▂▂▂▃█▄▄
wandb: 
wandb: Run summary:
wandb:           best_epoch 78
wandb:    best_val_accuracy 55.88235
wandb:        best_val_loss 0.70133
wandb: checkpoint_best_path artifacts/probes/int...
wandb: checkpoint_last_path artifacts/probes/int...
wandb:      checkpoint_path artifacts/probes/int...
wandb:              dataset intphys2
wandb:      elapsed_seconds 3.34938
wandb:                epoch 100
wandb:    feature_signature 5c7753635ab2bb76
wandb:                  +22 ...
wandb: 
wandb: 🚀 View run intphys2_linear_jepa_v2_1_vitG_384_layer_48/trial_0018 at: https://wandb.ai/caselli-niccolo-developer-university-of-amsterdam/probe4physics/runs/tmhs8tly
wandb: ⭐️ View project at: https://wandb.ai/caselli-niccolo-developer-university-of-amsterdam/probe4physics
wandb: Synced 5 W&B file(s), 0 media file(s), 0 artifact file(s) and 0 other file(s)
wandb: Find logs at: ./wandb/run-20260430_130027-tmhs8tly/logs
[I 2026-04-30 13:00:32,200] Trial 18 finished with value: 19.607843137254903 and parameters: {'lr': 0.0012690764532532696, 'weight_decay': 9.016687971226539e-05, 'batch_size': 64}. Best is trial 14 with value: 29.411764705882355.
wandb: setting up run ghwnch0b
wandb: Tracking run with wandb version 0.26.1
wandb: Run data is saved locally in /gpfs/home3/scur0511/Probe4Physics/wandb/run-20260430_130032-ghwnch0b
wandb: Run `wandb offline` to turn off syncing.
wandb: Syncing run intphys2_linear_jepa_v2_1_vitG_384_layer_48/trial_0019
wandb: ⭐️ View project at https://wandb.ai/caselli-niccolo-developer-university-of-amsterdam/probe4physics
wandb: 🚀 View run at https://wandb.ai/caselli-niccolo-developer-university-of-amsterdam/probe4physics/runs/ghwnch0b
[eval.intphys2] Starting eval | split_name=val split_dir=data/splits/intphys2 predictor_mode=from_file metadata_file=data/annotations/intphys2_metadata.csv
[eval.intphys2] Loaded split assignments | split_scenes=51 split_samples=204
[eval.intphys2] Generated predictions | n_predictions=204
[eval.intphys2] Scoring complete | accuracy=53.9216 voe_accuracy=17.6471 n_scenes=51 n_samples=204
[eval.intphys2] Artifacts written | output_dir=artifacts/probes/intphys2/intphys2_probe_linear_jepa_v2_1_vitG_384_20260430T105417Z/layer_48/train/trial_0019/val_eval
wandb: updating run metadata
wandb: uploading output.log; uploading wandb-summary.json; uploading config.yaml; uploading wandb-metadata.json; uploading requirements.txt
wandb: 
wandb: Run history:
wandb:          epoch ▁▁▁▁▁▂▂▂▂▂▃▃▃▃▃▃▄▄▄▄▄▅▅▅▅▅▆▆▆▆▆▇▇▇▇▇▇███
wandb: train_accuracy ▂▁▃▃▂▂▅▁▃▃▅▅▄▄▅▅▃▅▃▇▆▃▆▆▃▅▅▅▅▇▆▆▇▆▅▅▅▆▆█
wandb:     train_loss █▆▅▄▄▃▃▂▂▂▂▂▂▂▂▂▂▂▂▁▂▁▂▁▁▁▂▁▁▁▁▁▁▁▁▁▁▁▁▁
wandb:   val_accuracy ▂▂▅▄▅▄▁▃▄▄▄▅▅▄▄▅▄▄▅▄▄▄▅▄▅▇▅▅█▅▇▅▇▄█▄▄▇▄▅
wandb:       val_loss █▆▆▅▄▅▄▃▄▃▃▃▃▃▃▂▂▂▂▂▂▂▂▂▂▂▁▁▂▁▁▁▁▁▁▁▁▁▁▁
wandb: 
wandb: Run summary:
wandb:           best_epoch 67
wandb:    best_val_accuracy 53.92157
wandb:        best_val_loss 0.69542
wandb: checkpoint_best_path artifacts/probes/int...
wandb: checkpoint_last_path artifacts/probes/int...
wandb:      checkpoint_path artifacts/probes/int...
wandb:              dataset intphys2
wandb:      elapsed_seconds 3.48228
wandb:                epoch 100
wandb:    feature_signature 5c7753635ab2bb76
wandb:                  +22 ...
wandb: 
wandb: 🚀 View run intphys2_linear_jepa_v2_1_vitG_384_layer_48/trial_0019 at: https://wandb.ai/caselli-niccolo-developer-university-of-amsterdam/probe4physics/runs/ghwnch0b
wandb: ⭐️ View project at: https://wandb.ai/caselli-niccolo-developer-university-of-amsterdam/probe4physics
wandb: Synced 5 W&B file(s), 0 media file(s), 0 artifact file(s) and 0 other file(s)
wandb: Find logs at: ./wandb/run-20260430_130032-ghwnch0b/logs
[I 2026-04-30 13:00:36,911] Trial 19 finished with value: 17.647058823529413 and parameters: {'lr': 4.8019433799281777e-05, 'weight_decay': 3.0155469052270787e-05, 'batch_size': 64}. Best is trial 14 with value: 29.411764705882355.
[eval.intphys2] Starting eval | split_name=train split_dir=data/splits/intphys2 predictor_mode=from_file metadata_file=data/annotations/intphys2_metadata.csv
[eval.intphys2] Loaded split assignments | split_scenes=151 split_samples=604
[eval.intphys2] Generated predictions | n_predictions=604
[eval.intphys2] Scoring complete | accuracy=69.0397 voe_accuracy=48.3444 n_scenes=151 n_samples=604
[eval.intphys2] Artifacts written | output_dir=artifacts/probes/intphys2/intphys2_probe_linear_jepa_v2_1_vitG_384_20260430T105417Z/layer_48/eval/train
[eval.intphys2] Starting eval | split_name=val split_dir=data/splits/intphys2 predictor_mode=from_file metadata_file=data/annotations/intphys2_metadata.csv
[eval.intphys2] Loaded split assignments | split_scenes=51 split_samples=204
[eval.intphys2] Generated predictions | n_predictions=204
[eval.intphys2] Scoring complete | accuracy=58.3333 voe_accuracy=29.4118 n_scenes=51 n_samples=204
[eval.intphys2] Artifacts written | output_dir=artifacts/probes/intphys2/intphys2_probe_linear_jepa_v2_1_vitG_384_20260430T105417Z/layer_48/eval/val
[eval.intphys2] Starting eval | split_name=test split_dir=data/splits/intphys2 predictor_mode=from_file metadata_file=data/annotations/intphys2_metadata.csv
[eval.intphys2] Loaded split assignments | split_scenes=51 split_samples=204
[eval.intphys2] Generated predictions | n_predictions=204
[eval.intphys2] Scoring complete | accuracy=58.8235 voe_accuracy=35.2941 n_scenes=51 n_samples=204
[eval.intphys2] Artifacts written | output_dir=artifacts/probes/intphys2/intphys2_probe_linear_jepa_v2_1_vitG_384_20260430T105417Z/layer_48/eval/test
