============================================================================================== 
Warning! Mixing Conda and module environments may lead to corruption of the
user environment. 
We do not recommend users mixing those two environments unless absolutely
necessary. Note that 
SURF does not provide any support for Conda environment.
For more information, please refer to our software policy page:
https://servicedesk.surf.nl/wiki/display/WIKI/Software+policy+Snellius#SoftwarepolicySnellius-UseofAnacondaandMinicondaenvironmentsonSnellius 

Remember that many packages have already been installed on the system and can
be loaded using 
the 'module load <package__name>' command. If you are uncertain if a package is
already available 
on the system, please use 'module avail' or 'module spider' to search for it.
============================================================================================== 
[I 2026-04-26 15:39:52,600] A new study created in RDB with name: intphys2_linear_videomae_v2_vit_giant_16_224_layer_10
wandb: [wandb.login()] Loaded credentials for https://api.wandb.ai from /home/scur0511/.netrc.
wandb: Currently logged in as: caselli-niccolo-developer (caselli-niccolo-developer-university-of-amsterdam) to https://api.wandb.ai. Use `wandb login --relogin` to force relogin
wandb: Tracking run with wandb version 0.26.1
wandb: Run data is saved locally in /gpfs/home3/scur0511/Probe4Physics/wandb/run-20260426_153955-0yteo6uo
wandb: Run `wandb offline` to turn off syncing.
wandb: Syncing run intphys2_linear_videomae_v2_vit_giant_16_224_layer_10/trial_0000
wandb: ⭐️ View project at https://wandb.ai/caselli-niccolo-developer-university-of-amsterdam/probe4physics
wandb: 🚀 View run at https://wandb.ai/caselli-niccolo-developer-university-of-amsterdam/probe4physics/runs/0yteo6uo
[eval.intphys2] Starting eval | split_name=val split_dir=data/splits/intphys2 predictor_mode=from_file metadata_file=data/annotations/intphys2_metadata.csv
[eval.intphys2] Loaded split assignments | split_scenes=51 split_samples=204
[eval.intphys2] Generated predictions | n_predictions=204
[eval.intphys2] Scoring complete | accuracy=54.9020 voe_accuracy=17.6471 n_scenes=51 n_samples=204
[eval.intphys2] Artifacts written | output_dir=artifacts/probes/intphys2/intphys2_probe_linear_videomae_v2_vit_giant_16_224_20260426T133951Z/layer_10/train/trial_0000/val_eval
wandb: updating run metadata
wandb: uploading output.log; uploading wandb-summary.json; uploading config.yaml
wandb: 
wandb: Run history:
wandb:          epoch ▁▁▂▂▂▂▃▃▃▃▃▃▃▄▄▄▄▄▄▄▅▅▅▅▅▆▆▆▆▆▆▇▇▇▇▇▇▇▇█
wandb: train_accuracy ▁▁▂▂▂▃▃▃▂▃▃▃▅▅▄▃▅▄▃▄▅▅▆▆▅▇▄▆▇▇█▇▇▇▇██▇▇▇
wandb:     train_loss ▇█▇▇▇█▇▆▆▆▆▆▅▅▄▅▄▄▃▃▃▄▃▄▄▃▂▄▃▃▂▂▂▂▂▂▁▂▂▁
wandb:   val_accuracy ▃▅▄▅▇▇▅▅▂█▃▅▃▅▂▅▃▃▅▅▁▃▅▆▄▅▃▅▃▅▄▅▆▅▃▅▃▅▄▅
wandb:       val_loss ▂▁▁▂▂▂▂▂▃▂▃▃▃▃▃▃▄▄▄▅▄▄▄▄▄▅▆▅▅▆▆▆▆▆▇▇▇███
wandb: 
wandb: Run summary:
wandb:           best_epoch 125
wandb:    best_val_accuracy 54.90196
wandb:        best_val_loss 0.69526
wandb: checkpoint_best_path artifacts/probes/int...
wandb: checkpoint_last_path artifacts/probes/int...
wandb:      checkpoint_path artifacts/probes/int...
wandb:              dataset intphys2
wandb:      elapsed_seconds 115.9201
wandb:                epoch 2000
wandb:    feature_signature b6519b564d05bc63
wandb:                  +22 ...
wandb: 
wandb: 🚀 View run intphys2_linear_videomae_v2_vit_giant_16_224_layer_10/trial_0000 at: https://wandb.ai/caselli-niccolo-developer-university-of-amsterdam/probe4physics/runs/0yteo6uo
wandb: ⭐️ View project at: https://wandb.ai/caselli-niccolo-developer-university-of-amsterdam/probe4physics
wandb: Synced 5 W&B file(s), 0 media file(s), 0 artifact file(s) and 0 other file(s)
wandb: Find logs at: ./wandb/run-20260426_153955-0yteo6uo/logs
[I 2026-04-26 15:41:50,275] Trial 0 finished with value: 17.647058823529413 and parameters: {'lr': 0.0001329291894316216, 'weight_decay': 0.005061576888752304, 'batch_size': 32, 'epochs': 2000}. Best is trial 0 with value: 17.647058823529413.
wandb: setting up run scqywdrq
wandb: Tracking run with wandb version 0.26.1
wandb: Run data is saved locally in /gpfs/home3/scur0511/Probe4Physics/wandb/run-20260426_154150-scqywdrq
wandb: Run `wandb offline` to turn off syncing.
wandb: Syncing run intphys2_linear_videomae_v2_vit_giant_16_224_layer_10/trial_0001
wandb: ⭐️ View project at https://wandb.ai/caselli-niccolo-developer-university-of-amsterdam/probe4physics
wandb: 🚀 View run at https://wandb.ai/caselli-niccolo-developer-university-of-amsterdam/probe4physics/runs/scqywdrq
[eval.intphys2] Starting eval | split_name=val split_dir=data/splits/intphys2 predictor_mode=from_file metadata_file=data/annotations/intphys2_metadata.csv
[eval.intphys2] Loaded split assignments | split_scenes=51 split_samples=204
[eval.intphys2] Generated predictions | n_predictions=204
[eval.intphys2] Scoring complete | accuracy=52.4510 voe_accuracy=19.6078 n_scenes=51 n_samples=204
[eval.intphys2] Artifacts written | output_dir=artifacts/probes/intphys2/intphys2_probe_linear_videomae_v2_vit_giant_16_224_20260426T133951Z/layer_10/train/trial_0001/val_eval
wandb: updating run metadata
wandb: uploading wandb-metadata.json; uploading requirements.txt; uploading output.log; uploading wandb-summary.json; uploading config.yaml
wandb: uploading history steps 0-99, summary, console lines 0-4
wandb: 
wandb: Run history:
wandb:          epoch ▁▁▁▁▂▂▂▂▂▂▃▃▃▄▄▄▄▄▄▄▅▅▅▅▅▆▆▆▆▆▆▆▇▇▇▇████
wandb: train_accuracy ▄▄▃▂▃▃▄▄▃▃▄▂▃▃▄▄▃▁▃▄▄▅▄▄▅▁▄▅▅▄▆▆▆▅▄▅▅▇█▆
wandb:     train_loss █▁▁▁▁▁▁▂▁▁▁▁▁▁▁▁▁▁▁▁▁▁▁▁▁▁▁▁▁▁▁▁▁▁▁▁▁▁▁▁
wandb:   val_accuracy ▂▅▄▄▅▄▄▃▅▅▃▅▄▃▃▂▆▆▅▄▆▄▅▅▁▃▄▇█▃▆▃▄▅▁▅▂▆▇▆
wandb:       val_loss ▃▄▃▃▂▃▅▁▁▃▂▃▅▃▃▁▂▆▂▁▃▁▁▁▄▅▃█▂▂▂▂▂▄▃▂▂▇▃▂
wandb: 
wandb: Run summary:
wandb:           best_epoch 43
wandb:    best_val_accuracy 52.45098
wandb:        best_val_loss 0.70807
wandb: checkpoint_best_path artifacts/probes/int...
wandb: checkpoint_last_path artifacts/probes/int...
wandb:      checkpoint_path artifacts/probes/int...
wandb:              dataset intphys2
wandb:      elapsed_seconds 2.79575
wandb:                epoch 100
wandb:    feature_signature b6519b564d05bc63
wandb:                  +22 ...
wandb: 
wandb: 🚀 View run intphys2_linear_videomae_v2_vit_giant_16_224_layer_10/trial_0001 at: https://wandb.ai/caselli-niccolo-developer-university-of-amsterdam/probe4physics/runs/scqywdrq
wandb: ⭐️ View project at: https://wandb.ai/caselli-niccolo-developer-university-of-amsterdam/probe4physics
wandb: Synced 5 W&B file(s), 0 media file(s), 0 artifact file(s) and 0 other file(s)
wandb: Find logs at: ./wandb/run-20260426_154150-scqywdrq/logs
[I 2026-04-26 15:41:54,579] Trial 1 finished with value: 19.607843137254903 and parameters: {'lr': 0.00314288089084011, 'weight_decay': 1.879466824163843e-07, 'batch_size': 256, 'epochs': 100}. Best is trial 1 with value: 19.607843137254903.
wandb: setting up run vh1r0508
wandb: Tracking run with wandb version 0.26.1
wandb: Run data is saved locally in /gpfs/home3/scur0511/Probe4Physics/wandb/run-20260426_154154-vh1r0508
wandb: Run `wandb offline` to turn off syncing.
wandb: Syncing run intphys2_linear_videomae_v2_vit_giant_16_224_layer_10/trial_0002
wandb: ⭐️ View project at https://wandb.ai/caselli-niccolo-developer-university-of-amsterdam/probe4physics
wandb: 🚀 View run at https://wandb.ai/caselli-niccolo-developer-university-of-amsterdam/probe4physics/runs/vh1r0508
[eval.intphys2] Starting eval | split_name=val split_dir=data/splits/intphys2 predictor_mode=from_file metadata_file=data/annotations/intphys2_metadata.csv
[eval.intphys2] Loaded split assignments | split_scenes=51 split_samples=204
[eval.intphys2] Generated predictions | n_predictions=204
[eval.intphys2] Scoring complete | accuracy=53.9216 voe_accuracy=15.6863 n_scenes=51 n_samples=204
[eval.intphys2] Artifacts written | output_dir=artifacts/probes/intphys2/intphys2_probe_linear_videomae_v2_vit_giant_16_224_20260426T133951Z/layer_10/train/trial_0002/val_eval
wandb: updating run metadata
wandb: uploading output.log; uploading wandb-summary.json; uploading config.yaml
wandb: 
wandb: Run history:
wandb:          epoch ▁▁▁▁▁▂▂▃▃▃▃▃▃▃▃▃▄▄▄▄▄▄▄▄▄▅▅▅▅▆▆▆▆▆▇▇▇▇██
wandb: train_accuracy ▂▁▁▂▁▃▃▃▃▄▄▄▂▂▂▅▄▅▆▄▃▄▅▆▆▅▅▄▆▆▆▅▅▇▃▆▆▆▇█
wandb:     train_loss ███▇▇▇▆▆▇▆▆▇▆▆▆▅▅▅▅▅▅▄▄▄▄▄▄▅▃▄▃▃▂▃▃▂▂▂▂▁
wandb:   val_accuracy ▅▃▃▄▂▁▅▆▆▃▃▇▄▇▃▆▅▇▃▆▃▅▄▆▃▅▃▇▃▄▇█▃▆▄▄▆▅▇▆
wandb:       val_loss █▁▁▁▁▁▂▂▃▂▂▂▂▂▂▃▂▃▃▄▃▃▃▄▃▃▄▄▄▄▄▄▅▄▄▅▅▅▅▇
wandb: 
wandb: Run summary:
wandb:           best_epoch 456
wandb:    best_val_accuracy 53.92157
wandb:        best_val_loss 0.72235
wandb: checkpoint_best_path artifacts/probes/int...
wandb: checkpoint_last_path artifacts/probes/int...
wandb:      checkpoint_path artifacts/probes/int...
wandb:              dataset intphys2
wandb:      elapsed_seconds 32.19128
wandb:                epoch 1000
wandb:    feature_signature b6519b564d05bc63
wandb:                  +22 ...
wandb: 
wandb: 🚀 View run intphys2_linear_videomae_v2_vit_giant_16_224_layer_10/trial_0002 at: https://wandb.ai/caselli-niccolo-developer-university-of-amsterdam/probe4physics/runs/vh1r0508
wandb: ⭐️ View project at: https://wandb.ai/caselli-niccolo-developer-university-of-amsterdam/probe4physics
wandb: Synced 5 W&B file(s), 0 media file(s), 0 artifact file(s) and 0 other file(s)
wandb: Find logs at: ./wandb/run-20260426_154154-vh1r0508/logs
[I 2026-04-26 15:42:28,072] Trial 2 finished with value: 15.686274509803921 and parameters: {'lr': 0.00023345864076016249, 'weight_decay': 0.0005141096648805752, 'batch_size': 128, 'epochs': 1000}. Best is trial 1 with value: 19.607843137254903.
wandb: setting up run 4q6ros0j
wandb: Tracking run with wandb version 0.26.1
wandb: Run data is saved locally in /gpfs/home3/scur0511/Probe4Physics/wandb/run-20260426_154228-4q6ros0j
wandb: Run `wandb offline` to turn off syncing.
wandb: Syncing run intphys2_linear_videomae_v2_vit_giant_16_224_layer_10/trial_0003
wandb: ⭐️ View project at https://wandb.ai/caselli-niccolo-developer-university-of-amsterdam/probe4physics
wandb: 🚀 View run at https://wandb.ai/caselli-niccolo-developer-university-of-amsterdam/probe4physics/runs/4q6ros0j
[eval.intphys2] Starting eval | split_name=val split_dir=data/splits/intphys2 predictor_mode=from_file metadata_file=data/annotations/intphys2_metadata.csv
[eval.intphys2] Loaded split assignments | split_scenes=51 split_samples=204
[eval.intphys2] Generated predictions | n_predictions=204
[eval.intphys2] Scoring complete | accuracy=52.4510 voe_accuracy=13.7255 n_scenes=51 n_samples=204
[eval.intphys2] Artifacts written | output_dir=artifacts/probes/intphys2/intphys2_probe_linear_videomae_v2_vit_giant_16_224_20260426T133951Z/layer_10/train/trial_0003/val_eval
wandb: updating run metadata
wandb: uploading config.yaml; uploading wandb-metadata.json; uploading requirements.txt; uploading output.log; uploading wandb-summary.json
wandb: uploading config.yaml; uploading wandb-metadata.json; uploading requirements.txt; uploading wandb-summary.json
wandb: 
wandb: Run history:
wandb:          epoch ▁▁▁▁▂▂▂▂▂▂▃▃▃▃▃▄▄▄▄▄▅▅▅▅▅▅▆▆▆▆▆▆▇▇▇▇▇███
wandb: train_accuracy ▅▁▃▆▄▆▅▅▃▃▄▅▅▅▆▅▃▇▅▅▂▃▄▆▃▄▁▅█▂▄▆▅▅▂▂▅▅▅█
wandb:     train_loss █▂▁▁▁▁▁▁▁▁▁▁▁▁▁▁▁▁▁▁▁▁▁▁▁▁▁▁▁▁▁▁▁▁▁▁▁▁▁▁
wandb:   val_accuracy ▅▄█▅▄▅▅▅▄▅▅▂▅▅▅▅▇▇▅▄▇▇▃▆▂▇▂▅▆▄▆▃▅▃▂▇▄▆▅▁
wandb:       val_loss █▂▂▁▁▁▁▁▁▁▁▁▁▁▁▁▁▁▁▁▁▁▁▁▁▁▁▁▁▁▁▁▁▁▁▁▁▁▁▁
wandb: 
wandb: Run summary:
wandb:           best_epoch 20
wandb:    best_val_accuracy 52.45098
wandb:        best_val_loss 0.71123
wandb: checkpoint_best_path artifacts/probes/int...
wandb: checkpoint_last_path artifacts/probes/int...
wandb:      checkpoint_path artifacts/probes/int...
wandb:              dataset intphys2
wandb:      elapsed_seconds 2.30749
wandb:                epoch 50
wandb:    feature_signature b6519b564d05bc63
wandb:                  +22 ...
wandb: 
wandb: 🚀 View run intphys2_linear_videomae_v2_vit_giant_16_224_layer_10/trial_0003 at: https://wandb.ai/caselli-niccolo-developer-university-of-amsterdam/probe4physics/runs/4q6ros0j
wandb: ⭐️ View project at: https://wandb.ai/caselli-niccolo-developer-university-of-amsterdam/probe4physics
wandb: Synced 5 W&B file(s), 0 media file(s), 0 artifact file(s) and 0 other file(s)
wandb: Find logs at: ./wandb/run-20260426_154228-4q6ros0j/logs
[I 2026-04-26 15:42:32,220] Trial 3 finished with value: 13.725490196078432 and parameters: {'lr': 8.200518402245828e-05, 'weight_decay': 3.855073690026179e-08, 'batch_size': 32, 'epochs': 50}. Best is trial 1 with value: 19.607843137254903.
wandb: setting up run 927i1d3q
wandb: Tracking run with wandb version 0.26.1
wandb: Run data is saved locally in /gpfs/home3/scur0511/Probe4Physics/wandb/run-20260426_154232-927i1d3q
wandb: Run `wandb offline` to turn off syncing.
wandb: Syncing run intphys2_linear_videomae_v2_vit_giant_16_224_layer_10/trial_0004
wandb: ⭐️ View project at https://wandb.ai/caselli-niccolo-developer-university-of-amsterdam/probe4physics
wandb: 🚀 View run at https://wandb.ai/caselli-niccolo-developer-university-of-amsterdam/probe4physics/runs/927i1d3q
[eval.intphys2] Starting eval | split_name=val split_dir=data/splits/intphys2 predictor_mode=from_file metadata_file=data/annotations/intphys2_metadata.csv
[eval.intphys2] Loaded split assignments | split_scenes=51 split_samples=204
[eval.intphys2] Generated predictions | n_predictions=204
[eval.intphys2] Scoring complete | accuracy=52.4510 voe_accuracy=15.6863 n_scenes=51 n_samples=204
[eval.intphys2] Artifacts written | output_dir=artifacts/probes/intphys2/intphys2_probe_linear_videomae_v2_vit_giant_16_224_20260426T133951Z/layer_10/train/trial_0004/val_eval
wandb: updating run metadata
wandb: uploading wandb-metadata.json; uploading requirements.txt; uploading output.log; uploading wandb-summary.json; uploading config.yaml
wandb: 
wandb: Run history:
wandb:          epoch ▁▁▁▂▂▂▂▂▂▃▃▃▃▃▃▄▄▄▄▄▅▅▅▅▅▆▆▆▆▆▆▇▇▇▇▇▇███
wandb: train_accuracy ▁▇▃▅▄▂▃▃▃▂▃▂▂▂▃▃▅▂█▅▇▃▅▅▃▇▆▄▆▄▅▂▂▆▅▇▄▆▃▃
wandb:     train_loss █▂▁▁▁▁▁▁▁▁▁▁▁▁▁▁▁▁▁▁▁▁▁▁▁▁▁▁▁▁▁▁▁▁▁▁▂▁▁▁
wandb:   val_accuracy ▃▃▄▃█▅▂█▆▅▄▇▄▅▄▄▆▁▆▅▃▆▄▄▄▅▆▂▆▄▄▃▃▆▃▃▅▄▅▃
wandb:       val_loss █▂▂▂▃▁▁▁▁▁▂▁▁▂▃▃▁▁▁▁▂▂▁▁▂▂▂▁▁▁▁▂▂▂▁▁▂▁▁▂
wandb: 
wandb: Run summary:
wandb:           best_epoch 10
wandb:    best_val_accuracy 52.45098
wandb:        best_val_loss 0.70356
wandb: checkpoint_best_path artifacts/probes/int...
wandb: checkpoint_last_path artifacts/probes/int...
wandb:      checkpoint_path artifacts/probes/int...
wandb:              dataset intphys2
wandb:      elapsed_seconds 2.42652
wandb:                epoch 50
wandb:    feature_signature b6519b564d05bc63
wandb:                  +22 ...
wandb: 
wandb: 🚀 View run intphys2_linear_videomae_v2_vit_giant_16_224_layer_10/trial_0004 at: https://wandb.ai/caselli-niccolo-developer-university-of-amsterdam/probe4physics/runs/927i1d3q
wandb: ⭐️ View project at: https://wandb.ai/caselli-niccolo-developer-university-of-amsterdam/probe4physics
wandb: Synced 5 W&B file(s), 0 media file(s), 0 artifact file(s) and 0 other file(s)
wandb: Find logs at: ./wandb/run-20260426_154232-927i1d3q/logs
[I 2026-04-26 15:42:35,636] Trial 4 finished with value: 15.686274509803921 and parameters: {'lr': 0.00043664735929796326, 'weight_decay': 1.2856617791467908e-07, 'batch_size': 32, 'epochs': 50}. Best is trial 1 with value: 19.607843137254903.
wandb: setting up run prgtak6h
wandb: Tracking run with wandb version 0.26.1
wandb: Run data is saved locally in /gpfs/home3/scur0511/Probe4Physics/wandb/run-20260426_154235-prgtak6h
wandb: Run `wandb offline` to turn off syncing.
wandb: Syncing run intphys2_linear_videomae_v2_vit_giant_16_224_layer_10/trial_0005
wandb: ⭐️ View project at https://wandb.ai/caselli-niccolo-developer-university-of-amsterdam/probe4physics
wandb: 🚀 View run at https://wandb.ai/caselli-niccolo-developer-university-of-amsterdam/probe4physics/runs/prgtak6h
[eval.intphys2] Starting eval | split_name=val split_dir=data/splits/intphys2 predictor_mode=from_file metadata_file=data/annotations/intphys2_metadata.csv
[eval.intphys2] Loaded split assignments | split_scenes=51 split_samples=204
[eval.intphys2] Generated predictions | n_predictions=204
[eval.intphys2] Scoring complete | accuracy=53.9216 voe_accuracy=17.6471 n_scenes=51 n_samples=204
[eval.intphys2] Artifacts written | output_dir=artifacts/probes/intphys2/intphys2_probe_linear_videomae_v2_vit_giant_16_224_20260426T133951Z/layer_10/train/trial_0005/val_eval
wandb: updating run metadata
wandb: uploading output.log; uploading wandb-summary.json; uploading config.yaml
wandb: 
wandb: Run history:
wandb:          epoch ▁▁▁▂▂▂▃▃▃▃▃▄▄▄▄▅▅▅▅▅▅▅▅▅▅▆▆▆▆▆▆▆▇▇▇▇▇▇▇█
wandb: train_accuracy ▃▁▃▁▂▂▃▃▄▃▂▄▃▃▁▄▃▅▅▃▃▃▃▃▄▃▆▃▅▆▇▄▅▅█▇▅▄▃▃
wandb:     train_loss █▆▆▅▄▆▅▅▅▄▄▆▄▅▄▄▄▃▃▄▃▄▄▃▃▃▃▄▄▃▃▃▄▃▂▁▁▂▂▁
wandb:   val_accuracy ▄▄▅▅▂▁▅▆▄▆▄▄▆▅▅▃▃▄▄▆▂▅▅▃▃▆▃▃▃██▄▃▃▅▆▆▃▅▆
wandb:       val_loss █▅▅▃▃▁▁▁▁▄▂▃▂▂▃▃▂▄▃▃▃▅▃▃▅▃▅▃▃▆▅▃▄▅▄▄▄▅▅▅
wandb: 
wandb: Run summary:
wandb:           best_epoch 385
wandb:    best_val_accuracy 53.92157
wandb:        best_val_loss 0.72704
wandb: checkpoint_best_path artifacts/probes/int...
wandb: checkpoint_last_path artifacts/probes/int...
wandb:      checkpoint_path artifacts/probes/int...
wandb:              dataset intphys2
wandb:      elapsed_seconds 17.77574
wandb:                epoch 500
wandb:    feature_signature b6519b564d05bc63
wandb:                  +22 ...
wandb: 
wandb: 🚀 View run intphys2_linear_videomae_v2_vit_giant_16_224_layer_10/trial_0005 at: https://wandb.ai/caselli-niccolo-developer-university-of-amsterdam/probe4physics/runs/prgtak6h
wandb: ⭐️ View project at: https://wandb.ai/caselli-niccolo-developer-university-of-amsterdam/probe4physics
wandb: Synced 5 W&B file(s), 0 media file(s), 0 artifact file(s) and 0 other file(s)
wandb: Find logs at: ./wandb/run-20260426_154235-prgtak6h/logs
[I 2026-04-26 15:42:54,650] Trial 5 finished with value: 17.647058823529413 and parameters: {'lr': 0.00014656553886225324, 'weight_decay': 4.247116662617142e-07, 'batch_size': 32, 'epochs': 500}. Best is trial 1 with value: 19.607843137254903.
wandb: setting up run 7gqci62w
wandb: Tracking run with wandb version 0.26.1
wandb: Run data is saved locally in /gpfs/home3/scur0511/Probe4Physics/wandb/run-20260426_154254-7gqci62w
wandb: Run `wandb offline` to turn off syncing.
wandb: Syncing run intphys2_linear_videomae_v2_vit_giant_16_224_layer_10/trial_0006
wandb: ⭐️ View project at https://wandb.ai/caselli-niccolo-developer-university-of-amsterdam/probe4physics
wandb: 🚀 View run at https://wandb.ai/caselli-niccolo-developer-university-of-amsterdam/probe4physics/runs/7gqci62w
[eval.intphys2] Starting eval | split_name=val split_dir=data/splits/intphys2 predictor_mode=from_file metadata_file=data/annotations/intphys2_metadata.csv
[eval.intphys2] Loaded split assignments | split_scenes=51 split_samples=204
[eval.intphys2] Generated predictions | n_predictions=204
[eval.intphys2] Scoring complete | accuracy=52.4510 voe_accuracy=9.8039 n_scenes=51 n_samples=204
[eval.intphys2] Artifacts written | output_dir=artifacts/probes/intphys2/intphys2_probe_linear_videomae_v2_vit_giant_16_224_20260426T133951Z/layer_10/train/trial_0006/val_eval
wandb: updating run metadata
wandb: uploading wandb-metadata.json; uploading requirements.txt; uploading output.log; uploading wandb-summary.json; uploading config.yaml
wandb: 
wandb: Run history:
wandb:          epoch ▁▁▁▁▁▂▂▂▂▂▃▃▃▃▃▃▄▄▄▄▄▄▅▅▅▅▅▅▆▆▆▆▆▇▇▇▇███
wandb: train_accuracy ▇▆▂▄▆▃▃▃▄▅▁▁▃▅▄▄▄▃▄▄▃▅▄▅▄▅▄▃▄▅▆▆▅▇▆█▆▇▇▇
wandb:     train_loss █▆▃▂▂▂▂▂▂▂▂▂▂▂▂▂▂▂▂▂▁▂▁▂▂▁▁▁▁▁▁▁▁▁▁▁▁▁▁▁
wandb:   val_accuracy ▅▄▇▇▅█▇▅▄▇█▅▇▇▅▂▂▂▂▂▄▁▂▄▄▅▂▄▄▂▂▁▂▁▄▁▁▂▁▁
wandb:       val_loss █▆▄▂▂▂▂▂▂▂▂▂▂▂▂▁▁▁▁▁▁▁▁▁▁▁▁▁▁▁▁▁▁▁▁▁▁▁▁▁
wandb: 
wandb: Run summary:
wandb:           best_epoch 10
wandb:    best_val_accuracy 52.45098
wandb:        best_val_loss 0.73493
wandb: checkpoint_best_path artifacts/probes/int...
wandb: checkpoint_last_path artifacts/probes/int...
wandb:      checkpoint_path artifacts/probes/int...
wandb:              dataset intphys2
wandb:      elapsed_seconds 2.9691
wandb:                epoch 100
wandb:    feature_signature b6519b564d05bc63
wandb:                  +22 ...
wandb: 
wandb: 🚀 View run intphys2_linear_videomae_v2_vit_giant_16_224_layer_10/trial_0006 at: https://wandb.ai/caselli-niccolo-developer-university-of-amsterdam/probe4physics/runs/7gqci62w
wandb: ⭐️ View project at: https://wandb.ai/caselli-niccolo-developer-university-of-amsterdam/probe4physics
wandb: Synced 5 W&B file(s), 0 media file(s), 0 artifact file(s) and 0 other file(s)
wandb: Find logs at: ./wandb/run-20260426_154254-7gqci62w/logs
[I 2026-04-26 15:42:58,739] Trial 6 finished with value: 9.803921568627452 and parameters: {'lr': 1.0388823104027935e-05, 'weight_decay': 0.0007812113973534924, 'batch_size': 128, 'epochs': 100}. Best is trial 1 with value: 19.607843137254903.
wandb: setting up run vbgbslu0
wandb: Tracking run with wandb version 0.26.1
wandb: Run data is saved locally in /gpfs/home3/scur0511/Probe4Physics/wandb/run-20260426_154258-vbgbslu0
wandb: Run `wandb offline` to turn off syncing.
wandb: Syncing run intphys2_linear_videomae_v2_vit_giant_16_224_layer_10/trial_0007
wandb: ⭐️ View project at https://wandb.ai/caselli-niccolo-developer-university-of-amsterdam/probe4physics
wandb: 🚀 View run at https://wandb.ai/caselli-niccolo-developer-university-of-amsterdam/probe4physics/runs/vbgbslu0
[eval.intphys2] Starting eval | split_name=val split_dir=data/splits/intphys2 predictor_mode=from_file metadata_file=data/annotations/intphys2_metadata.csv
[eval.intphys2] Loaded split assignments | split_scenes=51 split_samples=204
[eval.intphys2] Generated predictions | n_predictions=204
[eval.intphys2] Scoring complete | accuracy=53.9216 voe_accuracy=19.6078 n_scenes=51 n_samples=204
[eval.intphys2] Artifacts written | output_dir=artifacts/probes/intphys2/intphys2_probe_linear_videomae_v2_vit_giant_16_224_20260426T133951Z/layer_10/train/trial_0007/val_eval
wandb: updating run metadata
wandb: uploading output.log; uploading wandb-summary.json; uploading config.yaml
wandb: 
wandb: Run history:
wandb:          epoch ▁▁▂▂▂▂▂▂▃▃▃▃▃▃▄▄▄▄▄▄▄▅▅▅▅▅▅▅▆▆▆▆▇▇▇▇▇███
wandb: train_accuracy ▁▂▃▃▂▂▂▃▄▃▃▃▃▄▃▄▄▅▅▄▅▆▅▅▆▇▆▆▆▇▇▆▆▅▆▆▅▆▇█
wandb:     train_loss █▃▂▂▂▂▂▂▂▂▂▂▁▁▁▁▁▁▁▁▁▁▁▁▁▁▁▁▁▁▁▁▁▁▁▁▁▁▁▁
wandb:   val_accuracy ▄▄▄▅▁▂▃▃▃▃▁▃▆▃▃▃▃▅▆▅▃▇▃█▂▅▅▃▄▅▆▃▄▄▅▄▆▄▅▃
wandb:       val_loss █▃▂▁▁▁▁▁▁▁▁▁▁▁▁▁▁▁▁▁▁▁▁▁▁▂▂▂▂▂▂▂▂▂▂▂▂▂▂▂
wandb: 
wandb: Run summary:
wandb:           best_epoch 502
wandb:    best_val_accuracy 53.92157
wandb:        best_val_loss 0.70351
wandb: checkpoint_best_path artifacts/probes/int...
wandb: checkpoint_last_path artifacts/probes/int...
wandb:      checkpoint_path artifacts/probes/int...
wandb:              dataset intphys2
wandb:      elapsed_seconds 32.29474
wandb:                epoch 1000
wandb:    feature_signature b6519b564d05bc63
wandb:                  +22 ...
wandb: 
wandb: 🚀 View run intphys2_linear_videomae_v2_vit_giant_16_224_layer_10/trial_0007 at: https://wandb.ai/caselli-niccolo-developer-university-of-amsterdam/probe4physics/runs/vbgbslu0
wandb: ⭐️ View project at: https://wandb.ai/caselli-niccolo-developer-university-of-amsterdam/probe4physics
wandb: Synced 5 W&B file(s), 0 media file(s), 0 artifact file(s) and 0 other file(s)
wandb: Find logs at: ./wandb/run-20260426_154258-vbgbslu0/logs
[I 2026-04-26 15:43:32,194] Trial 7 finished with value: 19.607843137254903 and parameters: {'lr': 8.569331925053983e-05, 'weight_decay': 8.93511059033186e-07, 'batch_size': 128, 'epochs': 1000}. Best is trial 1 with value: 19.607843137254903.
wandb: setting up run 2k8vq16a
wandb: Tracking run with wandb version 0.26.1
wandb: Run data is saved locally in /gpfs/home3/scur0511/Probe4Physics/wandb/run-20260426_154332-2k8vq16a
wandb: Run `wandb offline` to turn off syncing.
wandb: Syncing run intphys2_linear_videomae_v2_vit_giant_16_224_layer_10/trial_0008
wandb: ⭐️ View project at https://wandb.ai/caselli-niccolo-developer-university-of-amsterdam/probe4physics
wandb: 🚀 View run at https://wandb.ai/caselli-niccolo-developer-university-of-amsterdam/probe4physics/runs/2k8vq16a
[eval.intphys2] Starting eval | split_name=val split_dir=data/splits/intphys2 predictor_mode=from_file metadata_file=data/annotations/intphys2_metadata.csv
[eval.intphys2] Loaded split assignments | split_scenes=51 split_samples=204
[eval.intphys2] Generated predictions | n_predictions=204
[eval.intphys2] Scoring complete | accuracy=53.4314 voe_accuracy=21.5686 n_scenes=51 n_samples=204
[eval.intphys2] Artifacts written | output_dir=artifacts/probes/intphys2/intphys2_probe_linear_videomae_v2_vit_giant_16_224_20260426T133951Z/layer_10/train/trial_0008/val_eval
wandb: updating run metadata
wandb: uploading wandb-metadata.json; uploading requirements.txt; uploading output.log; uploading wandb-summary.json; uploading config.yaml
wandb: 
wandb: Run history:
wandb:          epoch ▁▁▂▂▂▂▂▃▃▃▃▃▃▄▄▄▄▅▅▅▅▅▅▆▆▆▆▆▆▆▇▇▇▇▇█████
wandb: train_accuracy ▃▃▃▃▄▃▃▂▂▂▄▄▄▇▆▅▁▂▃▂█▆▆▅▂▅▅▄▂▆▃▅▆▅▇▄▅▅█▇
wandb:     train_loss █▂▃▂▁▁▁▁▁▁▁▁▁▁▁▁▁▁▁▁▁▁▁▁▁▁▁▁▁▁▁▁▁▁▁▁▁▁▁▁
wandb:   val_accuracy ▄▄▄▃▄▃▅▂▅▁▂▃▅▂▅▅▃▆▄▂▆▅█▆▅▅▆▆▅▆▅▃▅█▅▇▅▆▆▆
wandb:       val_loss ▃█▂▃▂▂▁▁▁▁▁▁▁▁▁▁▁▁▁▁▁▁▁▁▁▁▁▁▁▁▁▁▁▁▁▁▁▁▁▁
wandb: 
wandb: Run summary:
wandb:           best_epoch 83
wandb:    best_val_accuracy 53.43137
wandb:        best_val_loss 0.70137
wandb: checkpoint_best_path artifacts/probes/int...
wandb: checkpoint_last_path artifacts/probes/int...
wandb:      checkpoint_path artifacts/probes/int...
wandb:              dataset intphys2
wandb:      elapsed_seconds 3.01762
wandb:                epoch 100
wandb:    feature_signature b6519b564d05bc63
wandb:                  +22 ...
wandb: 
wandb: 🚀 View run intphys2_linear_videomae_v2_vit_giant_16_224_layer_10/trial_0008 at: https://wandb.ai/caselli-niccolo-developer-university-of-amsterdam/probe4physics/runs/2k8vq16a
wandb: ⭐️ View project at: https://wandb.ai/caselli-niccolo-developer-university-of-amsterdam/probe4physics
wandb: Synced 5 W&B file(s), 0 media file(s), 0 artifact file(s) and 0 other file(s)
wandb: Find logs at: ./wandb/run-20260426_154332-2k8vq16a/logs
[I 2026-04-26 15:43:36,227] Trial 8 finished with value: 21.568627450980394 and parameters: {'lr': 0.0003699972431463808, 'weight_decay': 3.6749049453053196e-06, 'batch_size': 256, 'epochs': 100}. Best is trial 8 with value: 21.568627450980394.
wandb: setting up run up0mtr15
wandb: Tracking run with wandb version 0.26.1
wandb: Run data is saved locally in /gpfs/home3/scur0511/Probe4Physics/wandb/run-20260426_154336-up0mtr15
wandb: Run `wandb offline` to turn off syncing.
wandb: Syncing run intphys2_linear_videomae_v2_vit_giant_16_224_layer_10/trial_0009
wandb: ⭐️ View project at https://wandb.ai/caselli-niccolo-developer-university-of-amsterdam/probe4physics
wandb: 🚀 View run at https://wandb.ai/caselli-niccolo-developer-university-of-amsterdam/probe4physics/runs/up0mtr15
wandb: updating run metadata
wandb: uploading wandb-summary.json; uploading config.yaml
wandb: 
wandb: Run history:
wandb:          epoch ▁▁▁▂▂▂▃▃▃▃▃▄▄▄▄▄▄▅▅▅▅▅▅▅▅▅▆▆▆▆▆▆▇▇▇▇▇███
wandb: train_accuracy ▂▁▂▂▄▃▄▃▃▄▃▂▃▃▄▃▃▂▂▂▁▂▃▄▃▄▅▄▅▅▆██▅▅▅▇▄▇▅
wandb:     train_loss █▂▁▁▁▁▁▁▁▁▁▁▁▁▁▁▁▁▁▁▁▁▁▁▁▁▁▁▁▁▁▁▁▁▁▁▁▁▁▁
wandb:   val_accuracy ▅▅█▇▇▇▃▃▃▆▃▃▄▂▇▂▃▆▃▃▁▅▃▃▄▃▃▆▃▇▄▃▃▄▃▃▄▆▃▅
wandb:       val_loss █▅▅▅▃▂▂▂▂▂▂▂▂▂▂▁▁▁▁▁▁▁▁▁▁▁▁▁▁▁▁▁▁▁▁▁▁▁▁▁
wandb: 
wandb: Run summary:
wandb:          epoch 441
wandb: train_accuracy 53.1457
wandb:     train_loss 0.68863
wandb:   val_accuracy 50.4902
wandb:       val_loss 0.70061
wandb: 
wandb: 🚀 View run intphys2_linear_videomae_v2_vit_giant_16_224_layer_10/trial_0009 at: https://wandb.ai/caselli-niccolo-developer-university-of-amsterdam/probe4physics/runs/up0mtr15
wandb: ⭐️ View project at: https://wandb.ai/caselli-niccolo-developer-university-of-amsterdam/probe4physics
wandb: Synced 4 W&B file(s), 0 media file(s), 0 artifact file(s) and 0 other file(s)
wandb: Find logs at: ./wandb/run-20260426_154336-up0mtr15/logs
[I 2026-04-26 15:43:48,685] Trial 9 pruned. Pruned at epoch 441 with val_accuracy=50.4902
wandb: setting up run w125jk65
wandb: Tracking run with wandb version 0.26.1
wandb: Run data is saved locally in /gpfs/home3/scur0511/Probe4Physics/wandb/run-20260426_154348-w125jk65
wandb: Run `wandb offline` to turn off syncing.
wandb: Syncing run intphys2_linear_videomae_v2_vit_giant_16_224_layer_10/trial_0010
wandb: ⭐️ View project at https://wandb.ai/caselli-niccolo-developer-university-of-amsterdam/probe4physics
wandb: 🚀 View run at https://wandb.ai/caselli-niccolo-developer-university-of-amsterdam/probe4physics/runs/w125jk65
[eval.intphys2] Starting eval | split_name=val split_dir=data/splits/intphys2 predictor_mode=from_file metadata_file=data/annotations/intphys2_metadata.csv
[eval.intphys2] Loaded split assignments | split_scenes=51 split_samples=204
[eval.intphys2] Generated predictions | n_predictions=204
[eval.intphys2] Scoring complete | accuracy=52.9412 voe_accuracy=13.7255 n_scenes=51 n_samples=204
[eval.intphys2] Artifacts written | output_dir=artifacts/probes/intphys2/intphys2_probe_linear_videomae_v2_vit_giant_16_224_20260426T133951Z/layer_10/train/trial_0010/val_eval
wandb: updating run metadata
wandb: uploading wandb-metadata.json; uploading requirements.txt; uploading output.log; uploading wandb-summary.json; uploading config.yaml
wandb: uploading requirements.txt; uploading wandb-summary.json; uploading config.yaml
wandb: 
wandb: Run history:
wandb:          epoch ▁▁▂▂▂▃▃▄▄▄▅▅▅▆▆▇▇▇██
wandb: train_accuracy ▆▄▄█▅▄▃▁█▅▄▅▄▂▄▇▄▂▆▂
wandb:     train_loss █▇▄▂▂▂▂▂▁▁▂▁▁▁▁▁▁▁▁▁
wandb:   val_accuracy ▂▃▂▂▂▃▅▂▂▂▅▇▂▁▅▁▄▆█▇
wandb:       val_loss █▂▂▄▃▁▁▁▂▁▁▁▁▁▁▁▁▁▁▁
wandb: 
wandb: Run summary:
wandb:           best_epoch 19
wandb:    best_val_accuracy 52.94118
wandb:        best_val_loss 0.70001
wandb: checkpoint_best_path artifacts/probes/int...
wandb: checkpoint_last_path artifacts/probes/int...
wandb:      checkpoint_path artifacts/probes/int...
wandb:              dataset intphys2
wandb:      elapsed_seconds 1.2694
wandb:                epoch 20
wandb:    feature_signature b6519b564d05bc63
wandb:                  +22 ...
wandb: 
wandb: 🚀 View run intphys2_linear_videomae_v2_vit_giant_16_224_layer_10/trial_0010 at: https://wandb.ai/caselli-niccolo-developer-university-of-amsterdam/probe4physics/runs/w125jk65
wandb: ⭐️ View project at: https://wandb.ai/caselli-niccolo-developer-university-of-amsterdam/probe4physics
wandb: Synced 5 W&B file(s), 0 media file(s), 0 artifact file(s) and 0 other file(s)
wandb: Find logs at: ./wandb/run-20260426_154348-w125jk65/logs
[I 2026-04-26 15:43:51,321] Trial 10 finished with value: 13.725490196078432 and parameters: {'lr': 0.002146403547714585, 'weight_decay': 1.7817062489347395e-05, 'batch_size': 256, 'epochs': 20}. Best is trial 8 with value: 21.568627450980394.
wandb: setting up run w6vd4kho
wandb: Tracking run with wandb version 0.26.1
wandb: Run data is saved locally in /gpfs/home3/scur0511/Probe4Physics/wandb/run-20260426_154351-w6vd4kho
wandb: Run `wandb offline` to turn off syncing.
wandb: Syncing run intphys2_linear_videomae_v2_vit_giant_16_224_layer_10/trial_0011
wandb: ⭐️ View project at https://wandb.ai/caselli-niccolo-developer-university-of-amsterdam/probe4physics
wandb: 🚀 View run at https://wandb.ai/caselli-niccolo-developer-university-of-amsterdam/probe4physics/runs/w6vd4kho
[eval.intphys2] Starting eval | split_name=val split_dir=data/splits/intphys2 predictor_mode=from_file metadata_file=data/annotations/intphys2_metadata.csv
[eval.intphys2] Loaded split assignments | split_scenes=51 split_samples=204
[eval.intphys2] Generated predictions | n_predictions=204
[eval.intphys2] Scoring complete | accuracy=52.9412 voe_accuracy=19.6078 n_scenes=51 n_samples=204
[eval.intphys2] Artifacts written | output_dir=artifacts/probes/intphys2/intphys2_probe_linear_videomae_v2_vit_giant_16_224_20260426T133951Z/layer_10/train/trial_0011/val_eval
wandb: updating run metadata
wandb: uploading requirements.txt; uploading output.log; uploading wandb-summary.json; uploading config.yaml; uploading wandb-metadata.json
wandb: 
wandb: Run history:
wandb:          epoch ▁▁▁▁▁▂▂▂▂▂▃▃▃▃▃▃▄▄▄▄▄▅▅▅▅▅▆▆▆▆▆▆▇▇▇▇▇▇██
wandb: train_accuracy ▅▄▄▅▄▅▄▅▅▃▆▅▄▄▃▅▅▂▄▅▄▄▇▄▄▆▁▅██▃▄█▆▅▃▄▅▇▆
wandb:     train_loss █▄▃▃▃▂▂▂▁▁▁▁▂▂▂▁▁▁▁▁▁▁▁▁▁▁▁▁▁▁▁▁▁▁▂▂▂▂▃▃
wandb:   val_accuracy ▂▃▃▃▃▆▃▃▄▅▄▃▅▄▁▆▃▃▁▃▃▅▃▁▂▁▃█▁▃▄▆▂▃▃▃▃▃▃▃
wandb:       val_loss █▃▃▃▂▂▁▁▁▁▁▁▁▁▁▁▁▁▁▁▁▁▁▁▁▁▁▁▁▁▁▁▁▁▁▁▁▂▂▂
wandb: 
wandb: Run summary:
wandb:           best_epoch 67
wandb:    best_val_accuracy 52.94118
wandb:        best_val_loss 0.72954
wandb: checkpoint_best_path artifacts/probes/int...
wandb: checkpoint_last_path artifacts/probes/int...
wandb:      checkpoint_path artifacts/probes/int...
wandb:              dataset intphys2
wandb:      elapsed_seconds 2.78556
wandb:                epoch 100
wandb:    feature_signature b6519b564d05bc63
wandb:                  +22 ...
wandb: 
wandb: 🚀 View run intphys2_linear_videomae_v2_vit_giant_16_224_layer_10/trial_0011 at: https://wandb.ai/caselli-niccolo-developer-university-of-amsterdam/probe4physics/runs/w6vd4kho
wandb: ⭐️ View project at: https://wandb.ai/caselli-niccolo-developer-university-of-amsterdam/probe4physics
wandb: Synced 5 W&B file(s), 0 media file(s), 0 artifact file(s) and 0 other file(s)
wandb: Find logs at: ./wandb/run-20260426_154351-w6vd4kho/logs
[I 2026-04-26 15:43:55,228] Trial 11 finished with value: 19.607843137254903 and parameters: {'lr': 0.008904897998828367, 'weight_decay': 6.0095040187205216e-06, 'batch_size': 256, 'epochs': 100}. Best is trial 8 with value: 21.568627450980394.
wandb: setting up run i9yl4el2
wandb: Tracking run with wandb version 0.26.1
wandb: Run data is saved locally in /gpfs/home3/scur0511/Probe4Physics/wandb/run-20260426_154355-i9yl4el2
wandb: Run `wandb offline` to turn off syncing.
wandb: Syncing run intphys2_linear_videomae_v2_vit_giant_16_224_layer_10/trial_0012
wandb: ⭐️ View project at https://wandb.ai/caselli-niccolo-developer-university-of-amsterdam/probe4physics
wandb: 🚀 View run at https://wandb.ai/caselli-niccolo-developer-university-of-amsterdam/probe4physics/runs/i9yl4el2
[eval.intphys2] Starting eval | split_name=val split_dir=data/splits/intphys2 predictor_mode=from_file metadata_file=data/annotations/intphys2_metadata.csv
[eval.intphys2] Loaded split assignments | split_scenes=51 split_samples=204
[eval.intphys2] Generated predictions | n_predictions=204
[eval.intphys2] Scoring complete | accuracy=53.4314 voe_accuracy=19.6078 n_scenes=51 n_samples=204
[eval.intphys2] Artifacts written | output_dir=artifacts/probes/intphys2/intphys2_probe_linear_videomae_v2_vit_giant_16_224_20260426T133951Z/layer_10/train/trial_0012/val_eval
wandb: updating run metadata
wandb: uploading wandb-metadata.json; uploading requirements.txt; uploading output.log; uploading wandb-summary.json; uploading config.yaml
wandb: uploading history steps 0-99, summary, console lines 0-4
wandb: 
wandb: Run history:
wandb:          epoch ▁▁▁▁▁▂▂▂▂▂▃▃▃▃▃▃▃▄▄▄▄▄▄▅▅▅▅▅▆▆▆▆▇▇▇▇████
wandb: train_accuracy ▅▂▄▄▅▇▅▄▄▄▇▄█▄▄▄▅▃▄▄▂▃▇▄▆▅█▅▃▅▇▅▇▇▆▄▅▁▂▃
wandb:     train_loss █▁▁▁▁▁▁▁▁▁▁▁▁▁▁▁▁▁▁▁▁▁▁▁▁▁▁▁▁▁▁▁▁▁▁▁▁▁▁▁
wandb:   val_accuracy ▃▄▄▄▅▃▃▄▄▁▄▄▃█▂▂▄▄▇▂▃▄▄▄▄▂▃▆▇▄▆▃▄▄▅▄▄▂▄▃
wandb:       val_loss █▂▅▃▁▁▁▁▁▁▁▁▁▁▁▁▁▁▁▁▁▁▂▁▁▁▂▁▁▁▁▁▁▂▁▂▃▂▂▂
wandb: 
wandb: Run summary:
wandb:           best_epoch 31
wandb:    best_val_accuracy 53.43137
wandb:        best_val_loss 0.70327
wandb: checkpoint_best_path artifacts/probes/int...
wandb: checkpoint_last_path artifacts/probes/int...
wandb:      checkpoint_path artifacts/probes/int...
wandb:              dataset intphys2
wandb:      elapsed_seconds 2.80371
wandb:                epoch 100
wandb:    feature_signature b6519b564d05bc63
wandb:                  +22 ...
wandb: 
wandb: 🚀 View run intphys2_linear_videomae_v2_vit_giant_16_224_layer_10/trial_0012 at: https://wandb.ai/caselli-niccolo-developer-university-of-amsterdam/probe4physics/runs/i9yl4el2
wandb: ⭐️ View project at: https://wandb.ai/caselli-niccolo-developer-university-of-amsterdam/probe4physics
wandb: Synced 5 W&B file(s), 0 media file(s), 0 artifact file(s) and 0 other file(s)
wandb: Find logs at: ./wandb/run-20260426_154355-i9yl4el2/logs
[I 2026-04-26 15:43:59,401] Trial 12 finished with value: 19.607843137254903 and parameters: {'lr': 0.0015721808073713183, 'weight_decay': 5.115152166347894e-06, 'batch_size': 256, 'epochs': 100}. Best is trial 8 with value: 21.568627450980394.
wandb: setting up run 3sc7x8c1
wandb: Tracking run with wandb version 0.26.1
wandb: Run data is saved locally in /gpfs/home3/scur0511/Probe4Physics/wandb/run-20260426_154359-3sc7x8c1
wandb: Run `wandb offline` to turn off syncing.
wandb: Syncing run intphys2_linear_videomae_v2_vit_giant_16_224_layer_10/trial_0013
wandb: ⭐️ View project at https://wandb.ai/caselli-niccolo-developer-university-of-amsterdam/probe4physics
wandb: 🚀 View run at https://wandb.ai/caselli-niccolo-developer-university-of-amsterdam/probe4physics/runs/3sc7x8c1
[eval.intphys2] Starting eval | split_name=val split_dir=data/splits/intphys2 predictor_mode=from_file metadata_file=data/annotations/intphys2_metadata.csv
[eval.intphys2] Loaded split assignments | split_scenes=51 split_samples=204
[eval.intphys2] Generated predictions | n_predictions=204
[eval.intphys2] Scoring complete | accuracy=51.9608 voe_accuracy=11.7647 n_scenes=51 n_samples=204
[eval.intphys2] Artifacts written | output_dir=artifacts/probes/intphys2/intphys2_probe_linear_videomae_v2_vit_giant_16_224_20260426T133951Z/layer_10/train/trial_0013/val_eval
wandb: updating run metadata
wandb: uploading output.log; uploading wandb-summary.json; uploading config.yaml; uploading wandb-metadata.json; uploading requirements.txt
wandb: 
wandb: Run history:
wandb:          epoch ▁▁▁▁▁▂▂▂▂▂▃▃▃▄▄▄▄▄▄▄▅▅▅▅▅▅▆▆▆▆▆▆▇▇▇▇▇███
wandb: train_accuracy ▅▄▃▄▄▄▂▂▄▅▆▅▆▅▆▅▅▆▃▅▆▄▃▃▅▇▅▇▆▆█▇▄▇▅▇█▁██
wandb:     train_loss ▃▄▃▃▆▃▄▃▂▂▄▂▃▃▅▂▃▅▅▃▂▂▃▂▃▂▄▂▂▂▂▃▂▄▃▂█▃▁▄
wandb:   val_accuracy ▅▅▄▅▅▅▆▅▅▇▄▅▅▇▅▅▄█▄▃▅▅▅▁▇▆█▅▇▂▃▅▆▇▅▅▄▇▆▄
wandb:       val_loss █▁▂▁▁▃▂▂▂▄▁▁▁▂▂▃▁▁▁▁▂▁▁▂▃▁▁▁▁▂▂▁▁▁▁▂▁▂▃▂
wandb: 
wandb: Run summary:
wandb:           best_epoch 67
wandb:    best_val_accuracy 51.96078
wandb:        best_val_loss 0.70847
wandb: checkpoint_best_path artifacts/probes/int...
wandb: checkpoint_last_path artifacts/probes/int...
wandb:      checkpoint_path artifacts/probes/int...
wandb:              dataset intphys2
wandb:      elapsed_seconds 3.32469
wandb:                epoch 100
wandb:    feature_signature b6519b564d05bc63
wandb:                  +22 ...
wandb: 
wandb: 🚀 View run intphys2_linear_videomae_v2_vit_giant_16_224_layer_10/trial_0013 at: https://wandb.ai/caselli-niccolo-developer-university-of-amsterdam/probe4physics/runs/3sc7x8c1
wandb: ⭐️ View project at: https://wandb.ai/caselli-niccolo-developer-university-of-amsterdam/probe4physics
wandb: Synced 5 W&B file(s), 0 media file(s), 0 artifact file(s) and 0 other file(s)
wandb: Find logs at: ./wandb/run-20260426_154359-3sc7x8c1/logs
[I 2026-04-26 15:44:03,725] Trial 13 finished with value: 11.76470588235294 and parameters: {'lr': 0.0008132191188696678, 'weight_decay': 5.931743837306966e-05, 'batch_size': 64, 'epochs': 100}. Best is trial 8 with value: 21.568627450980394.
wandb: setting up run u2ju6t6a
wandb: Tracking run with wandb version 0.26.1
wandb: Run data is saved locally in /gpfs/home3/scur0511/Probe4Physics/wandb/run-20260426_154403-u2ju6t6a
wandb: Run `wandb offline` to turn off syncing.
wandb: Syncing run intphys2_linear_videomae_v2_vit_giant_16_224_layer_10/trial_0014
wandb: ⭐️ View project at https://wandb.ai/caselli-niccolo-developer-university-of-amsterdam/probe4physics
wandb: 🚀 View run at https://wandb.ai/caselli-niccolo-developer-university-of-amsterdam/probe4physics/runs/u2ju6t6a
[eval.intphys2] Starting eval | split_name=val split_dir=data/splits/intphys2 predictor_mode=from_file metadata_file=data/annotations/intphys2_metadata.csv
[eval.intphys2] Loaded split assignments | split_scenes=51 split_samples=204
[eval.intphys2] Generated predictions | n_predictions=204
[eval.intphys2] Scoring complete | accuracy=52.9412 voe_accuracy=25.4902 n_scenes=51 n_samples=204
[eval.intphys2] Artifacts written | output_dir=artifacts/probes/intphys2/intphys2_probe_linear_videomae_v2_vit_giant_16_224_20260426T133951Z/layer_10/train/trial_0014/val_eval
wandb: updating run metadata
wandb: uploading wandb-metadata.json; uploading requirements.txt; uploading output.log; uploading wandb-summary.json; uploading config.yaml
wandb: 
wandb: Run history:
wandb:          epoch ▁▁▁▁▂▂▂▂▂▂▃▃▃▃▄▄▄▄▄▄▅▅▅▅▅▆▆▆▆▆▇▇▇▇▇█████
wandb: train_accuracy ▂▃▃▂▃▃▅▂▃▅▄▅▄▄▅▂▅▅▃▅▃▄▃▁▆▄▅▆▂▃▄▆▅▆▆▅▆█▃▃
wandb:     train_loss █▄▂▂▂▁▂▁▁▁▁▂▁▁▁▁▁▁▁▁▁▁▁▁▁▁▁▁▁▁▁▁▁▁▁▂▁▂▁▁
wandb:   val_accuracy ▃▃▃▃▃▃▃▃▃▁▄▅▃█▆▃▃▃▁▃▃▃▃▄▆▃▂▃▃▃▇▆▅▁▂▃▃▃▂▃
wandb:       val_loss █▂▂▂▁▁▁▁▁▁▁▁▁▁▁▁▁▁▁▁▁▁▁▁▁▁▁▁▁▁▁▁▁▁▂▂▁▁▁▁
wandb: 
wandb: Run summary:
wandb:           best_epoch 29
wandb:    best_val_accuracy 52.94118
wandb:        best_val_loss 0.71341
wandb: checkpoint_best_path artifacts/probes/int...
wandb: checkpoint_last_path artifacts/probes/int...
wandb:      checkpoint_path artifacts/probes/int...
wandb:              dataset intphys2
wandb:      elapsed_seconds 2.90422
wandb:                epoch 100
wandb:    feature_signature b6519b564d05bc63
wandb:                  +22 ...
wandb: 
wandb: 🚀 View run intphys2_linear_videomae_v2_vit_giant_16_224_layer_10/trial_0014 at: https://wandb.ai/caselli-niccolo-developer-university-of-amsterdam/probe4physics/runs/u2ju6t6a
wandb: ⭐️ View project at: https://wandb.ai/caselli-niccolo-developer-university-of-amsterdam/probe4physics
wandb: Synced 5 W&B file(s), 0 media file(s), 0 artifact file(s) and 0 other file(s)
wandb: Find logs at: ./wandb/run-20260426_154403-u2ju6t6a/logs
[I 2026-04-26 15:44:07,870] Trial 14 finished with value: 25.49019607843137 and parameters: {'lr': 0.008025618452161373, 'weight_decay': 3.6478494604188404e-07, 'batch_size': 256, 'epochs': 100}. Best is trial 14 with value: 25.49019607843137.
wandb: setting up run mue4yy2e
wandb: Tracking run with wandb version 0.26.1
wandb: Run data is saved locally in /gpfs/home3/scur0511/Probe4Physics/wandb/run-20260426_154408-mue4yy2e
wandb: Run `wandb offline` to turn off syncing.
wandb: Syncing run intphys2_linear_videomae_v2_vit_giant_16_224_layer_10/trial_0015
wandb: ⭐️ View project at https://wandb.ai/caselli-niccolo-developer-university-of-amsterdam/probe4physics
wandb: 🚀 View run at https://wandb.ai/caselli-niccolo-developer-university-of-amsterdam/probe4physics/runs/mue4yy2e
[eval.intphys2] Starting eval | split_name=val split_dir=data/splits/intphys2 predictor_mode=from_file metadata_file=data/annotations/intphys2_metadata.csv
[eval.intphys2] Loaded split assignments | split_scenes=51 split_samples=204
[eval.intphys2] Generated predictions | n_predictions=204
[eval.intphys2] Scoring complete | accuracy=53.4314 voe_accuracy=13.7255 n_scenes=51 n_samples=204
[eval.intphys2] Artifacts written | output_dir=artifacts/probes/intphys2/intphys2_probe_linear_videomae_v2_vit_giant_16_224_20260426T133951Z/layer_10/train/trial_0015/val_eval
wandb: updating run metadata
wandb: uploading wandb-summary.json; uploading config.yaml; uploading output.log
wandb: 
wandb: Run history:
wandb:          epoch ▁▁▁▂▂▂▂▃▃▃▃▄▄▄▄▄▅▅▅▅▅▅▅▅▆▆▆▆▆▆▇▇▇▇▇█████
wandb: train_accuracy ▂▁▂▂▂▃▂▃▄▃▃▁▁▄▃▃▄▅▃▂▂▄▂▃▃▆▅▄▃▂▂▃▇▅▃▃▄▆▇█
wandb:     train_loss █▂▂▂▂▂▂▃▁▂▁▁▁▂▃▁▁▁▂▃▁▁▂▂▂▂▃▂▄▂▂▁▁▁▁▁▁▂▁▄
wandb:   val_accuracy ▁▄▄▃▂▄▃▄▃▅▄▆▆▃▃▃▃▂▅▃▃▃▄▆▆▂▃▅▂▃▄▃▃▇▆▆▂▆▄█
wandb:       val_loss █▁▂▁▁▂▁▁▁▁▁▁▂▁▁▁▂▁▁▁▁▂▁▂▁▁▁▂▁▂▂▁▂▁▁▁▂▁▁▂
wandb: 
wandb: Run summary:
wandb:           best_epoch 444
wandb:    best_val_accuracy 53.43137
wandb:        best_val_loss 0.9463
wandb: checkpoint_best_path artifacts/probes/int...
wandb: checkpoint_last_path artifacts/probes/int...
wandb:      checkpoint_path artifacts/probes/int...
wandb:              dataset intphys2
wandb:      elapsed_seconds 13.06023
wandb:                epoch 500
wandb:    feature_signature b6519b564d05bc63
wandb:                  +22 ...
wandb: 
wandb: 🚀 View run intphys2_linear_videomae_v2_vit_giant_16_224_layer_10/trial_0015 at: https://wandb.ai/caselli-niccolo-developer-university-of-amsterdam/probe4physics/runs/mue4yy2e
wandb: ⭐️ View project at: https://wandb.ai/caselli-niccolo-developer-university-of-amsterdam/probe4physics
wandb: Synced 5 W&B file(s), 0 media file(s), 0 artifact file(s) and 0 other file(s)
wandb: Find logs at: ./wandb/run-20260426_154408-mue4yy2e/logs
[I 2026-04-26 15:44:21,954] Trial 15 finished with value: 13.725490196078432 and parameters: {'lr': 0.006281739602437728, 'weight_decay': 1.1862124324957527e-06, 'batch_size': 256, 'epochs': 500}. Best is trial 14 with value: 25.49019607843137.
wandb: setting up run 5c2h9q5l
wandb: Tracking run with wandb version 0.26.1
wandb: Run data is saved locally in /gpfs/home3/scur0511/Probe4Physics/wandb/run-20260426_154422-5c2h9q5l
wandb: Run `wandb offline` to turn off syncing.
wandb: Syncing run intphys2_linear_videomae_v2_vit_giant_16_224_layer_10/trial_0016
wandb: ⭐️ View project at https://wandb.ai/caselli-niccolo-developer-university-of-amsterdam/probe4physics
wandb: 🚀 View run at https://wandb.ai/caselli-niccolo-developer-university-of-amsterdam/probe4physics/runs/5c2h9q5l
[eval.intphys2] Starting eval | split_name=val split_dir=data/splits/intphys2 predictor_mode=from_file metadata_file=data/annotations/intphys2_metadata.csv
[eval.intphys2] Loaded split assignments | split_scenes=51 split_samples=204
[eval.intphys2] Generated predictions | n_predictions=204
[eval.intphys2] Scoring complete | accuracy=51.4706 voe_accuracy=11.7647 n_scenes=51 n_samples=204
[eval.intphys2] Artifacts written | output_dir=artifacts/probes/intphys2/intphys2_probe_linear_videomae_v2_vit_giant_16_224_20260426T133951Z/layer_10/train/trial_0016/val_eval
wandb: updating run metadata
wandb: uploading wandb-metadata.json; uploading requirements.txt; uploading output.log; uploading wandb-summary.json; uploading config.yaml
wandb: 
wandb: Run history:
wandb:          epoch ▁▁▂▂▂▃▃▄▄▄▅▅▅▆▆▇▇▇██
wandb: train_accuracy █▅▅▃▃▄▆▁▅▂▄▅▄▅▃▅▅▅▅▃
wandb:     train_loss █▄▂▂▂▂▂▂▂▂▁▁▁▁▁▁▁▁▁▁
wandb:   val_accuracy ▃▅▆▆█▂▃▇▆▅▅▃▃▃▃▃▅▁▁▃
wandb:       val_loss █▃▃▂▂▂▂▂▂▂▂▂▁▂▁▁▁▁▁▁
wandb: 
wandb: Run summary:
wandb:           best_epoch 5
wandb:    best_val_accuracy 51.47059
wandb:        best_val_loss 0.7303
wandb: checkpoint_best_path artifacts/probes/int...
wandb: checkpoint_last_path artifacts/probes/int...
wandb:      checkpoint_path artifacts/probes/int...
wandb:              dataset intphys2
wandb:      elapsed_seconds 1.39952
wandb:                epoch 20
wandb:    feature_signature b6519b564d05bc63
wandb:                  +22 ...
wandb: 
wandb: 🚀 View run intphys2_linear_videomae_v2_vit_giant_16_224_layer_10/trial_0016 at: https://wandb.ai/caselli-niccolo-developer-university-of-amsterdam/probe4physics/runs/5c2h9q5l
wandb: ⭐️ View project at: https://wandb.ai/caselli-niccolo-developer-university-of-amsterdam/probe4physics
wandb: Synced 5 W&B file(s), 0 media file(s), 0 artifact file(s) and 0 other file(s)
wandb: Find logs at: ./wandb/run-20260426_154422-5c2h9q5l/logs
[I 2026-04-26 15:44:24,374] Trial 16 finished with value: 11.76470588235294 and parameters: {'lr': 2.187826668204124e-05, 'weight_decay': 0.00011772120865087854, 'batch_size': 64, 'epochs': 20}. Best is trial 14 with value: 25.49019607843137.
wandb: Tracking run with wandb version 0.26.1
wandb: Run data is saved locally in /gpfs/home3/scur0511/Probe4Physics/wandb/run-20260426_154424-2aqe46gl
wandb: Run `wandb offline` to turn off syncing.
wandb: Syncing run intphys2_linear_videomae_v2_vit_giant_16_224_layer_10/trial_0017
wandb: ⭐️ View project at https://wandb.ai/caselli-niccolo-developer-university-of-amsterdam/probe4physics
wandb: 🚀 View run at https://wandb.ai/caselli-niccolo-developer-university-of-amsterdam/probe4physics/runs/2aqe46gl
[eval.intphys2] Starting eval | split_name=val split_dir=data/splits/intphys2 predictor_mode=from_file metadata_file=data/annotations/intphys2_metadata.csv
[eval.intphys2] Loaded split assignments | split_scenes=51 split_samples=204
[eval.intphys2] Generated predictions | n_predictions=204
[eval.intphys2] Scoring complete | accuracy=54.4118 voe_accuracy=19.6078 n_scenes=51 n_samples=204
[eval.intphys2] Artifacts written | output_dir=artifacts/probes/intphys2/intphys2_probe_linear_videomae_v2_vit_giant_16_224_20260426T133951Z/layer_10/train/trial_0017/val_eval
wandb: updating run metadata
wandb: uploading output.log; uploading wandb-summary.json; uploading config.yaml
wandb: 
wandb: Run history:
wandb:          epoch ▁▁▁▁▂▂▂▂▂▂▂▃▃▄▄▄▄▄▅▅▅▅▅▅▅▅▆▆▆▆▆▆▇▇▇▇▇▇██
wandb: train_accuracy ▁▂▂▂▂▃▃▃▄▄▄▂▅▄▄▄▅▃▄▅▄▃▆▅▅▆▆▆▆▇▇▇▆▇▆▆▇█▅▇
wandb:     train_loss █▇▇▆▆▆▆▆▅▅▅▅▅▆▄▅▅▄▄▄▃▄▄▅▃▃▃▃▃▃▂▂▂▂▂▁▂▁▃▁
wandb:   val_accuracy ▅█▂▃▃▃▆▄▄▃▂▇▃▃▁▃▆▃▅▄▆▃▅▇▄▆▅▅▆▅▃▆▇▃▃▄▄▄▆▃
wandb:       val_loss ▁▁▁▁▁▂▂▂▄▃▃▃▄▄▄▄▄▄▅▄▅▅▅▅▅▆▆▇▆▇█▇▇▇▇▇▇▇██
wandb: 
wandb: Run summary:
wandb:           best_epoch 70
wandb:    best_val_accuracy 54.41176
wandb:        best_val_loss 0.70116
wandb: checkpoint_best_path artifacts/probes/int...
wandb: checkpoint_last_path artifacts/probes/int...
wandb:      checkpoint_path artifacts/probes/int...
wandb:              dataset intphys2
wandb:      elapsed_seconds 93.09096
wandb:                epoch 2000
wandb:    feature_signature b6519b564d05bc63
wandb:                  +22 ...
wandb: 
wandb: 🚀 View run intphys2_linear_videomae_v2_vit_giant_16_224_layer_10/trial_0017 at: https://wandb.ai/caselli-niccolo-developer-university-of-amsterdam/probe4physics/runs/2aqe46gl
wandb: ⭐️ View project at: https://wandb.ai/caselli-niccolo-developer-university-of-amsterdam/probe4physics
wandb: Synced 5 W&B file(s), 0 media file(s), 0 artifact file(s) and 0 other file(s)
wandb: Find logs at: ./wandb/run-20260426_154424-2aqe46gl/logs
[I 2026-04-26 15:45:59,401] Trial 17 finished with value: 19.607843137254903 and parameters: {'lr': 0.0007132964150305263, 'weight_decay': 1.1822707022806708e-08, 'batch_size': 256, 'epochs': 2000}. Best is trial 14 with value: 25.49019607843137.
wandb: setting up run 110hfto9
wandb: Tracking run with wandb version 0.26.1
wandb: Run data is saved locally in /gpfs/home3/scur0511/Probe4Physics/wandb/run-20260426_154559-110hfto9
wandb: Run `wandb offline` to turn off syncing.
wandb: Syncing run intphys2_linear_videomae_v2_vit_giant_16_224_layer_10/trial_0018
wandb: ⭐️ View project at https://wandb.ai/caselli-niccolo-developer-university-of-amsterdam/probe4physics
wandb: 🚀 View run at https://wandb.ai/caselli-niccolo-developer-university-of-amsterdam/probe4physics/runs/110hfto9
[eval.intphys2] Starting eval | split_name=val split_dir=data/splits/intphys2 predictor_mode=from_file metadata_file=data/annotations/intphys2_metadata.csv
[eval.intphys2] Loaded split assignments | split_scenes=51 split_samples=204
[eval.intphys2] Generated predictions | n_predictions=204
[eval.intphys2] Scoring complete | accuracy=52.4510 voe_accuracy=13.7255 n_scenes=51 n_samples=204
[eval.intphys2] Artifacts written | output_dir=artifacts/probes/intphys2/intphys2_probe_linear_videomae_v2_vit_giant_16_224_20260426T133951Z/layer_10/train/trial_0018/val_eval
wandb: updating run metadata
wandb: uploading output.log; uploading wandb-summary.json; uploading config.yaml; uploading wandb-metadata.json; uploading requirements.txt
wandb: 
wandb: Run history:
wandb:          epoch ▁▁▁▁▁▂▂▂▂▂▃▃▃▃▃▃▃▄▄▄▅▅▅▅▅▅▅▅▆▆▆▆▆▆▇▇▇▇██
wandb: train_accuracy ▃▂▃▅▃▄▂▃▁▂▂▃▃▅▂▁▂▃▄▃▃▁▃▅▃▂▅▆▄▄▄▅▅▃▅█▅▄▂▇
wandb:     train_loss █▄▂▃▁▁▁▁▁▁▁▁▁▁▁▁▁▁▁▁▁▁▁▁▁▁▁▁▁▁▁▁▁▁▁▁▁▁▁▁
wandb:   val_accuracy ▅▅▅▅▄▁▅▆▅▇▆▅▄▂▄▇▄▄▇▆▂▃▂▂▄▃▅▅▅█▅▇▃▅▅▃▄▆▃▅
wandb:       val_loss █▂▃▂▁▁▁▁▁▁▁▁▁▁▁▁▁▁▁▁▁▁▁▁▁▁▁▁▁▁▁▁▁▁▁▁▁▁▁▁
wandb: 
wandb: Run summary:
wandb:           best_epoch 21
wandb:    best_val_accuracy 52.45098
wandb:        best_val_loss 0.70945
wandb: checkpoint_best_path artifacts/probes/int...
wandb: checkpoint_last_path artifacts/probes/int...
wandb:      checkpoint_path artifacts/probes/int...
wandb:              dataset intphys2
wandb:      elapsed_seconds 3.09612
wandb:                epoch 100
wandb:    feature_signature b6519b564d05bc63
wandb:                  +22 ...
wandb: 
wandb: 🚀 View run intphys2_linear_videomae_v2_vit_giant_16_224_layer_10/trial_0018 at: https://wandb.ai/caselli-niccolo-developer-university-of-amsterdam/probe4physics/runs/110hfto9
wandb: ⭐️ View project at: https://wandb.ai/caselli-niccolo-developer-university-of-amsterdam/probe4physics
wandb: Synced 5 W&B file(s), 0 media file(s), 0 artifact file(s) and 0 other file(s)
wandb: Find logs at: ./wandb/run-20260426_154559-110hfto9/logs
[I 2026-04-26 15:46:03,685] Trial 18 finished with value: 13.725490196078432 and parameters: {'lr': 0.0009775214784462389, 'weight_decay': 2.2729412011877725e-06, 'batch_size': 256, 'epochs': 100}. Best is trial 14 with value: 25.49019607843137.
wandb: setting up run b3d51gs8
wandb: Tracking run with wandb version 0.26.1
wandb: Run data is saved locally in /gpfs/home3/scur0511/Probe4Physics/wandb/run-20260426_154603-b3d51gs8
wandb: Run `wandb offline` to turn off syncing.
wandb: Syncing run intphys2_linear_videomae_v2_vit_giant_16_224_layer_10/trial_0019
wandb: ⭐️ View project at https://wandb.ai/caselli-niccolo-developer-university-of-amsterdam/probe4physics
wandb: 🚀 View run at https://wandb.ai/caselli-niccolo-developer-university-of-amsterdam/probe4physics/runs/b3d51gs8
[eval.intphys2] Starting eval | split_name=val split_dir=data/splits/intphys2 predictor_mode=from_file metadata_file=data/annotations/intphys2_metadata.csv
[eval.intphys2] Loaded split assignments | split_scenes=51 split_samples=204
[eval.intphys2] Generated predictions | n_predictions=204
[eval.intphys2] Scoring complete | accuracy=52.9412 voe_accuracy=11.7647 n_scenes=51 n_samples=204
[eval.intphys2] Artifacts written | output_dir=artifacts/probes/intphys2/intphys2_probe_linear_videomae_v2_vit_giant_16_224_20260426T133951Z/layer_10/train/trial_0019/val_eval
wandb: updating run metadata
wandb: uploading wandb-metadata.json; uploading requirements.txt; uploading output.log; uploading wandb-summary.json; uploading config.yaml
wandb: 
wandb: Run history:
wandb:          epoch ▁▁▁▁▁▂▂▂▂▂▃▃▃▃▃▄▄▄▄▄▄▄▄▅▅▅▅▅▆▆▆▆▇▇▇▇▇▇▇█
wandb: train_accuracy ▃▂▄▄▄▃▂▃▅▅▂▄▁▃▅▅▇▁▄▃▄▆▅▆▆▅▆▆▆█▇▇▆▇▄▆█▇▆▇
wandb:     train_loss █▅▃▂▂▁▁▁▁▁▁▁▁▁▁▁▁▁▁▁▁▁▁▁▁▁▁▁▁▁▁▁▁▁▁▁▁▁▁▁
wandb:   val_accuracy ▄▄▆▄▄▂▅▅▄▅▆▄▆▇▄▄▆▄▄▄▄▅▁▅▆▃▅▆▆▁▅█▇▂▆▄▅▄▃▇
wandb:       val_loss █▁▁▂▂▁▁▁▁▁▁▁▁▁▁▂▁▁▁▁▁▁▁▁▁▁▂▁▁▁▁▁▁▁▁▁▁▁▁▂
wandb: 
wandb: Run summary:
wandb:           best_epoch 98
wandb:    best_val_accuracy 52.94118
wandb:        best_val_loss 0.73711
wandb: checkpoint_best_path artifacts/probes/int...
wandb: checkpoint_last_path artifacts/probes/int...
wandb:      checkpoint_path artifacts/probes/int...
wandb:              dataset intphys2
wandb:      elapsed_seconds 2.90337
wandb:                epoch 100
wandb:    feature_signature b6519b564d05bc63
wandb:                  +22 ...
wandb: 
wandb: 🚀 View run intphys2_linear_videomae_v2_vit_giant_16_224_layer_10/trial_0019 at: https://wandb.ai/caselli-niccolo-developer-university-of-amsterdam/probe4physics/runs/b3d51gs8
wandb: ⭐️ View project at: https://wandb.ai/caselli-niccolo-developer-university-of-amsterdam/probe4physics
wandb: Synced 5 W&B file(s), 0 media file(s), 0 artifact file(s) and 0 other file(s)
wandb: Find logs at: ./wandb/run-20260426_154603-b3d51gs8/logs
[I 2026-04-26 15:46:07,632] Trial 19 finished with value: 11.76470588235294 and parameters: {'lr': 0.00427972551443328, 'weight_decay': 5.046957877322283e-05, 'batch_size': 256, 'epochs': 100}. Best is trial 14 with value: 25.49019607843137.
[eval.intphys2] Starting eval | split_name=val split_dir=data/splits/intphys2 predictor_mode=from_file metadata_file=data/annotations/intphys2_metadata.csv
[eval.intphys2] Loaded split assignments | split_scenes=51 split_samples=204
[eval.intphys2] Generated predictions | n_predictions=204
[eval.intphys2] Scoring complete | accuracy=52.9412 voe_accuracy=25.4902 n_scenes=51 n_samples=204
[eval.intphys2] Artifacts written | output_dir=artifacts/probes/intphys2/intphys2_probe_linear_videomae_v2_vit_giant_16_224_20260426T133951Z/layer_10/eval
[I 2026-04-26 15:46:07,885] A new study created in RDB with name: intphys2_linear_videomae_v2_vit_giant_16_224_layer_20
wandb: setting up run tpw3rneo
wandb: Tracking run with wandb version 0.26.1
wandb: Run data is saved locally in /gpfs/home3/scur0511/Probe4Physics/wandb/run-20260426_154608-tpw3rneo
wandb: Run `wandb offline` to turn off syncing.
wandb: Syncing run intphys2_linear_videomae_v2_vit_giant_16_224_layer_20/trial_0000
wandb: ⭐️ View project at https://wandb.ai/caselli-niccolo-developer-university-of-amsterdam/probe4physics
wandb: 🚀 View run at https://wandb.ai/caselli-niccolo-developer-university-of-amsterdam/probe4physics/runs/tpw3rneo
[eval.intphys2] Starting eval | split_name=val split_dir=data/splits/intphys2 predictor_mode=from_file metadata_file=data/annotations/intphys2_metadata.csv
[eval.intphys2] Loaded split assignments | split_scenes=51 split_samples=204
[eval.intphys2] Generated predictions | n_predictions=204
[eval.intphys2] Scoring complete | accuracy=63.7255 voe_accuracy=37.2549 n_scenes=51 n_samples=204
[eval.intphys2] Artifacts written | output_dir=artifacts/probes/intphys2/intphys2_probe_linear_videomae_v2_vit_giant_16_224_20260426T133951Z/layer_20/train/trial_0000/val_eval
wandb: updating run metadata
wandb: uploading wandb-summary.json; uploading config.yaml
wandb: 
wandb: Run history:
wandb:          epoch ▁▁▁▂▂▂▂▂▂▂▂▂▂▃▃▃▃▃▄▄▄▄▄▅▅▅▅▅▅▆▆▆▆▆▆▆▇▇▇█
wandb: train_accuracy ▁▃▃▃▃▃▃▄▅▄▅▆▆▆▅▅▆▆▅▆▆▆▆▆▇▇▇▇▇▇▇▇██▇██▆██
wandb:     train_loss ██▆▅▅▅▅▅▅▄▄▄▄▃▄▃▄▃▄▃▃▃▃▃▃▂▂▂▂▂▂▂▂▁▁▁▂▁▁▁
wandb:   val_accuracy ▁▁▂▄▅▄▄▃▅▅▅▁▆▅▂▅▄▆▇▄█▅▆▇▇█▄▄▄▇▃▄▇▇▆▇▆▄▅▅
wandb:       val_loss ▆▂▁▂▂▁▂▂▁▁▂▄▂▂▂▂▂▂▂▂▃▃▄▃▅▇█▅▅▆▆▆█▆▇█▇▇▇█
wandb: 
wandb: Run summary:
wandb:           best_epoch 910
wandb:    best_val_accuracy 63.72549
wandb:        best_val_loss 0.72227
wandb: checkpoint_best_path artifacts/probes/int...
wandb: checkpoint_last_path artifacts/probes/int...
wandb:      checkpoint_path artifacts/probes/int...
wandb:              dataset intphys2
wandb:      elapsed_seconds 112.70133
wandb:                epoch 2000
wandb:    feature_signature b6519b564d05bc63
wandb:                  +22 ...
wandb: 
wandb: 🚀 View run intphys2_linear_videomae_v2_vit_giant_16_224_layer_20/trial_0000 at: https://wandb.ai/caselli-niccolo-developer-university-of-amsterdam/probe4physics/runs/tpw3rneo
wandb: ⭐️ View project at: https://wandb.ai/caselli-niccolo-developer-university-of-amsterdam/probe4physics
wandb: Synced 5 W&B file(s), 0 media file(s), 0 artifact file(s) and 0 other file(s)
wandb: Find logs at: ./wandb/run-20260426_154608-tpw3rneo/logs
[I 2026-04-26 15:48:02,392] Trial 0 finished with value: 37.254901960784316 and parameters: {'lr': 0.0001329291894316216, 'weight_decay': 0.005061576888752304, 'batch_size': 32, 'epochs': 2000}. Best is trial 0 with value: 37.254901960784316.
wandb: setting up run wthzbob8
wandb: Tracking run with wandb version 0.26.1
wandb: Run data is saved locally in /gpfs/home3/scur0511/Probe4Physics/wandb/run-20260426_154802-wthzbob8
wandb: Run `wandb offline` to turn off syncing.
wandb: Syncing run intphys2_linear_videomae_v2_vit_giant_16_224_layer_20/trial_0001
wandb: ⭐️ View project at https://wandb.ai/caselli-niccolo-developer-university-of-amsterdam/probe4physics
wandb: 🚀 View run at https://wandb.ai/caselli-niccolo-developer-university-of-amsterdam/probe4physics/runs/wthzbob8
[eval.intphys2] Starting eval | split_name=val split_dir=data/splits/intphys2 predictor_mode=from_file metadata_file=data/annotations/intphys2_metadata.csv
[eval.intphys2] Loaded split assignments | split_scenes=51 split_samples=204
[eval.intphys2] Generated predictions | n_predictions=204
[eval.intphys2] Scoring complete | accuracy=57.3529 voe_accuracy=31.3725 n_scenes=51 n_samples=204
[eval.intphys2] Artifacts written | output_dir=artifacts/probes/intphys2/intphys2_probe_linear_videomae_v2_vit_giant_16_224_20260426T133951Z/layer_20/train/trial_0001/val_eval
wandb: updating run metadata
wandb: uploading wandb-metadata.json; uploading requirements.txt; uploading output.log; uploading wandb-summary.json; uploading config.yaml
wandb: 
wandb: Run history:
wandb:          epoch ▁▁▂▂▂▂▃▃▃▃▄▄▄▄▅▅▅▅▅▅▅▅▆▆▆▆▆▆▇▇▇▇▇▇▇▇▇███
wandb: train_accuracy ▃▂▁▁▂▃▂▃▄▃▃▃▄▁▃▃▂▂▂▃▆▂▅▇█▅▄▃▅▄▅▆▅▆█▄▅▄▇▇
wandb:     train_loss █▆▂▂▂▄▂▂▂▂▂▃▃▂▂▂▂▁▁▁▂▁▂▂▂▂▁▁▁▁▁▂▁▁▁▂▁▁▂▁
wandb:   val_accuracy ▄▁▂▃▃▃▃▃▃▃▄▄▃▃▄▃▃▃▄▆█▆▆▅▅▂▄▄▃▆▅▇▇▇█▇██▆▄
wandb:       val_loss ▇▅▆█▅▃▃▄▁▅▄▁▆▅▃█▂▂▄▆▁▁▁▃▂▅▃▂▂▃▂▁▂▃▁▁▁▂▁▆
wandb: 
wandb: Run summary:
wandb:           best_epoch 81
wandb:    best_val_accuracy 57.35294
wandb:        best_val_loss 0.70826
wandb: checkpoint_best_path artifacts/probes/int...
wandb: checkpoint_last_path artifacts/probes/int...
wandb:      checkpoint_path artifacts/probes/int...
wandb:              dataset intphys2
wandb:      elapsed_seconds 2.86552
wandb:                epoch 100
wandb:    feature_signature b6519b564d05bc63
wandb:                  +22 ...
wandb: 
wandb: 🚀 View run intphys2_linear_videomae_v2_vit_giant_16_224_layer_20/trial_0001 at: https://wandb.ai/caselli-niccolo-developer-university-of-amsterdam/probe4physics/runs/wthzbob8
wandb: ⭐️ View project at: https://wandb.ai/caselli-niccolo-developer-university-of-amsterdam/probe4physics
wandb: Synced 5 W&B file(s), 0 media file(s), 0 artifact file(s) and 0 other file(s)
wandb: Find logs at: ./wandb/run-20260426_154802-wthzbob8/logs
[I 2026-04-26 15:48:06,359] Trial 1 finished with value: 31.372549019607842 and parameters: {'lr': 0.00314288089084011, 'weight_decay': 1.879466824163843e-07, 'batch_size': 256, 'epochs': 100}. Best is trial 0 with value: 37.254901960784316.
wandb: setting up run 252a0zs0
wandb: Tracking run with wandb version 0.26.1
wandb: Run data is saved locally in /gpfs/home3/scur0511/Probe4Physics/wandb/run-20260426_154806-252a0zs0
wandb: Run `wandb offline` to turn off syncing.
wandb: Syncing run intphys2_linear_videomae_v2_vit_giant_16_224_layer_20/trial_0002
wandb: ⭐️ View project at https://wandb.ai/caselli-niccolo-developer-university-of-amsterdam/probe4physics
wandb: 🚀 View run at https://wandb.ai/caselli-niccolo-developer-university-of-amsterdam/probe4physics/runs/252a0zs0
[eval.intphys2] Starting eval | split_name=val split_dir=data/splits/intphys2 predictor_mode=from_file metadata_file=data/annotations/intphys2_metadata.csv
[eval.intphys2] Loaded split assignments | split_scenes=51 split_samples=204
[eval.intphys2] Generated predictions | n_predictions=204
[eval.intphys2] Scoring complete | accuracy=63.2353 voe_accuracy=35.2941 n_scenes=51 n_samples=204
[eval.intphys2] Artifacts written | output_dir=artifacts/probes/intphys2/intphys2_probe_linear_videomae_v2_vit_giant_16_224_20260426T133951Z/layer_20/train/trial_0002/val_eval
wandb: updating run metadata
wandb: uploading output.log; uploading wandb-summary.json; uploading config.yaml
wandb: 
wandb: Run history:
wandb:          epoch ▁▁▁▂▂▂▂▂▂▂▂▃▃▃▃▃▃▃▄▄▅▅▅▅▅▆▆▆▆▆▆▆▆▇▇▇▇▇██
wandb: train_accuracy ▁▂▁▃▂▃▃▄▂▃▄▃▅▅▅▅▅▆▃▅▆▇▇▇▆▆▇▇▇▆▆▆▇▇█▇▇█▆▇
wandb:     train_loss █▇▇▇▇▆▆▆▆▅▅▅▅▅▄▅▄▃▃▃▃▃▃▄▃▃▃▃▂▂▃▂▂▂▂▂▁▁▁▁
wandb:   val_accuracy ▂▂▁▁▂▂▃▂▂▄▃▃▆▄▄▅▇█▇▆▅█▆▆▆▆▇▇▇▇▇▆█▆▇▆▅▆▅▇
wandb:       val_loss █▅▂▃▂▁▁▁▂▁▂▁▁▁▁▂▁▂▂▁▂▁▂▂▂▂▂▃▂▃▃▄▄▄▄▄▅▄▅▅
wandb: 
wandb: Run summary:
wandb:           best_epoch 664
wandb:    best_val_accuracy 63.23529
wandb:        best_val_loss 0.70957
wandb: checkpoint_best_path artifacts/probes/int...
wandb: checkpoint_last_path artifacts/probes/int...
wandb:      checkpoint_path artifacts/probes/int...
wandb:              dataset intphys2
wandb:      elapsed_seconds 31.70218
wandb:                epoch 1000
wandb:    feature_signature b6519b564d05bc63
wandb:                  +22 ...
wandb: 
wandb: 🚀 View run intphys2_linear_videomae_v2_vit_giant_16_224_layer_20/trial_0002 at: https://wandb.ai/caselli-niccolo-developer-university-of-amsterdam/probe4physics/runs/252a0zs0
wandb: ⭐️ View project at: https://wandb.ai/caselli-niccolo-developer-university-of-amsterdam/probe4physics
wandb: Synced 5 W&B file(s), 0 media file(s), 0 artifact file(s) and 0 other file(s)
wandb: Find logs at: ./wandb/run-20260426_154806-252a0zs0/logs
[I 2026-04-26 15:48:39,313] Trial 2 finished with value: 35.294117647058826 and parameters: {'lr': 0.00023345864076016249, 'weight_decay': 0.0005141096648805752, 'batch_size': 128, 'epochs': 1000}. Best is trial 0 with value: 37.254901960784316.
wandb: setting up run qvmpfcnz
wandb: Tracking run with wandb version 0.26.1
wandb: Run data is saved locally in /gpfs/home3/scur0511/Probe4Physics/wandb/run-20260426_154839-qvmpfcnz
wandb: Run `wandb offline` to turn off syncing.
wandb: Syncing run intphys2_linear_videomae_v2_vit_giant_16_224_layer_20/trial_0003
wandb: ⭐️ View project at https://wandb.ai/caselli-niccolo-developer-university-of-amsterdam/probe4physics
wandb: 🚀 View run at https://wandb.ai/caselli-niccolo-developer-university-of-amsterdam/probe4physics/runs/qvmpfcnz
[eval.intphys2] Starting eval | split_name=val split_dir=data/splits/intphys2 predictor_mode=from_file metadata_file=data/annotations/intphys2_metadata.csv
[eval.intphys2] Loaded split assignments | split_scenes=51 split_samples=204
[eval.intphys2] Generated predictions | n_predictions=204
[eval.intphys2] Scoring complete | accuracy=52.4510 voe_accuracy=15.6863 n_scenes=51 n_samples=204
[eval.intphys2] Artifacts written | output_dir=artifacts/probes/intphys2/intphys2_probe_linear_videomae_v2_vit_giant_16_224_20260426T133951Z/layer_20/train/trial_0003/val_eval
wandb: updating run metadata
wandb: uploading requirements.txt; uploading output.log; uploading wandb-summary.json; uploading config.yaml; uploading wandb-metadata.json
wandb: 
wandb: Run history:
wandb:          epoch ▁▁▁▁▂▂▂▂▂▂▃▃▃▃▃▄▄▄▄▄▅▅▅▅▅▆▆▆▆▆▆▇▇▇▇▇▇███
wandb: train_accuracy ▅▁▅▄▄▄▄▄▄▂▅▄▄▅▅▄▅▂▃▇▅▃▃▁▅▂█▄▅▃▅▅▃▇▄▅▆▅█▅
wandb:     train_loss █▃▂▁▁▁▁▁▁▁▁▁▁▁▁▁▁▁▁▁▁▁▁▁▁▁▁▁▁▁▁▁▁▁▁▁▁▁▁▁
wandb:   val_accuracy ▃▆▃▄▃▅▄▃▄▅▄▃▃▅▄▆▁▆█▄▃▃▃▆▅▅▄▆▅▆▄▆▇▆▄▆▆▄▅▆
wandb:       val_loss █▄▃▂▂▁▁▁▁▁▁▁▁▁▁▁▁▁▁▁▁▁▁▁▁▁▁▁▁▁▁▁▁▁▁▁▁▁▁▁
wandb: 
wandb: Run summary:
wandb:           best_epoch 49
wandb:    best_val_accuracy 52.45098
wandb:        best_val_loss 0.7253
wandb: checkpoint_best_path artifacts/probes/int...
wandb: checkpoint_last_path artifacts/probes/int...
wandb:      checkpoint_path artifacts/probes/int...
wandb:              dataset intphys2
wandb:      elapsed_seconds 2.352
wandb:                epoch 50
wandb:    feature_signature b6519b564d05bc63
wandb:                  +22 ...
wandb: 
wandb: 🚀 View run intphys2_linear_videomae_v2_vit_giant_16_224_layer_20/trial_0003 at: https://wandb.ai/caselli-niccolo-developer-university-of-amsterdam/probe4physics/runs/qvmpfcnz
wandb: ⭐️ View project at: https://wandb.ai/caselli-niccolo-developer-university-of-amsterdam/probe4physics
wandb: Synced 5 W&B file(s), 0 media file(s), 0 artifact file(s) and 0 other file(s)
wandb: Find logs at: ./wandb/run-20260426_154839-qvmpfcnz/logs
[I 2026-04-26 15:48:42,758] Trial 3 finished with value: 15.686274509803921 and parameters: {'lr': 8.200518402245828e-05, 'weight_decay': 3.855073690026179e-08, 'batch_size': 32, 'epochs': 50}. Best is trial 0 with value: 37.254901960784316.
wandb: setting up run i4gg1jci
wandb: Tracking run with wandb version 0.26.1
wandb: Run data is saved locally in /gpfs/home3/scur0511/Probe4Physics/wandb/run-20260426_154842-i4gg1jci
wandb: Run `wandb offline` to turn off syncing.
wandb: Syncing run intphys2_linear_videomae_v2_vit_giant_16_224_layer_20/trial_0004
wandb: ⭐️ View project at https://wandb.ai/caselli-niccolo-developer-university-of-amsterdam/probe4physics
wandb: 🚀 View run at https://wandb.ai/caselli-niccolo-developer-university-of-amsterdam/probe4physics/runs/i4gg1jci
[eval.intphys2] Starting eval | split_name=val split_dir=data/splits/intphys2 predictor_mode=from_file metadata_file=data/annotations/intphys2_metadata.csv
[eval.intphys2] Loaded split assignments | split_scenes=51 split_samples=204
[eval.intphys2] Generated predictions | n_predictions=204
[eval.intphys2] Scoring complete | accuracy=54.9020 voe_accuracy=29.4118 n_scenes=51 n_samples=204
[eval.intphys2] Artifacts written | output_dir=artifacts/probes/intphys2/intphys2_probe_linear_videomae_v2_vit_giant_16_224_20260426T133951Z/layer_20/train/trial_0004/val_eval
wandb: updating run metadata
wandb: uploading wandb-metadata.json; uploading requirements.txt; uploading output.log; uploading wandb-summary.json; uploading config.yaml
wandb: uploading history steps 0-49, summary, console lines 0-4
wandb: 
wandb: Run history:
wandb:          epoch ▁▁▁▁▂▂▂▂▂▃▃▃▃▃▃▄▄▄▄▄▅▅▅▅▅▆▆▆▆▆▆▇▇▇▇▇▇███
wandb: train_accuracy ▁▆▃▅▄▃▃▅▃▃▃▅▄▃▄▅▇▃▇▆▅▇▅▆█▅▇█▇▆▃▅▆▅▇▆▆▄▅▇
wandb:     train_loss █▂▁▁▁▁▁▁▁▁▂▁▁▁▂▁▁▁▁▁▁▁▁▁▁▁▁▁▁▁▂▁▁▁▁▁▂▁▁▁
wandb:   val_accuracy ▃▃▁▄▃▂▂▆▄▃▃▇▄▃▂▃▆▃▇▆▅▃▂▃▅▆▆█▇▅▇▅▆▇▄▇▇▃▃▂
wandb:       val_loss █▂▂▂▂▁▁▂▁▁▁▁▂▂▁▂▂▁▁▁▂▃▁▁▂▂▁▁▁▂▁▂▁▁▁▁▁▁▂▂
wandb: 
wandb: Run summary:
wandb:           best_epoch 35
wandb:    best_val_accuracy 54.90196
wandb:        best_val_loss 0.70107
wandb: checkpoint_best_path artifacts/probes/int...
wandb: checkpoint_last_path artifacts/probes/int...
wandb:      checkpoint_path artifacts/probes/int...
wandb:              dataset intphys2
wandb:      elapsed_seconds 2.43588
wandb:                epoch 50
wandb:    feature_signature b6519b564d05bc63
wandb:                  +22 ...
wandb: 
wandb: 🚀 View run intphys2_linear_videomae_v2_vit_giant_16_224_layer_20/trial_0004 at: https://wandb.ai/caselli-niccolo-developer-university-of-amsterdam/probe4physics/runs/i4gg1jci
wandb: ⭐️ View project at: https://wandb.ai/caselli-niccolo-developer-university-of-amsterdam/probe4physics
wandb: Synced 5 W&B file(s), 0 media file(s), 0 artifact file(s) and 0 other file(s)
wandb: Find logs at: ./wandb/run-20260426_154842-i4gg1jci/logs
[I 2026-04-26 15:48:46,587] Trial 4 finished with value: 29.411764705882355 and parameters: {'lr': 0.00043664735929796326, 'weight_decay': 1.2856617791467908e-07, 'batch_size': 32, 'epochs': 50}. Best is trial 0 with value: 37.254901960784316.
wandb: setting up run emx4d7uu
wandb: Tracking run with wandb version 0.26.1
wandb: Run data is saved locally in /gpfs/home3/scur0511/Probe4Physics/wandb/run-20260426_154846-emx4d7uu
wandb: Run `wandb offline` to turn off syncing.
wandb: Syncing run intphys2_linear_videomae_v2_vit_giant_16_224_layer_20/trial_0005
wandb: ⭐️ View project at https://wandb.ai/caselli-niccolo-developer-university-of-amsterdam/probe4physics
wandb: 🚀 View run at https://wandb.ai/caselli-niccolo-developer-university-of-amsterdam/probe4physics/runs/emx4d7uu
wandb: updating run metadata
wandb: uploading wandb-metadata.json; uploading requirements.txt; uploading wandb-summary.json; uploading config.yaml
wandb: 
wandb: Run history:
wandb:          epoch ▁▁▂▂▂▂▂▃▃▃▃▄▄▄▄▄▄▄▄▅▅▅▅▅▅▆▆▆▆▆▆▇▇▇▇▇████
wandb: train_accuracy ▂▂▁▃▁▃▂▂▁▆▄▄▄▃▅▂▃▃▅▄▆▃▂▃▄▆▅▅▃▅▅▇▁█▆▁█▃▃▁
wandb:     train_loss █▁▁▁▁▁▁▁▁▁▁▁▁▁▁▁▁▁▁▁▁▁▁▁▁▁▁▁▁▁▁▁▁▁▁▁▁▁▁▁
wandb:   val_accuracy ▅▅▅▅▃▃▁▅▅▄▄▅▆▃▅▃▄▆▂▄▇▄▄▇▆▇▄▆▅▆▄▄▇▆▆▄▆▅▅█
wandb:       val_loss █▇▅▇▅▄▅▆▅▆▆▄▇▄▃▂▂▂▂▇▂▂▂▇▆▂▁▂▁▁▂▄▂▅▁▁▁▄▃▁
wandb: 
wandb: Run summary:
wandb:          epoch 110
wandb: train_accuracy 55.13245
wandb:     train_loss 0.67913
wandb:   val_accuracy 53.92157
wandb:       val_loss 0.69789
wandb: 
wandb: 🚀 View run intphys2_linear_videomae_v2_vit_giant_16_224_layer_20/trial_0005 at: https://wandb.ai/caselli-niccolo-developer-university-of-amsterdam/probe4physics/runs/emx4d7uu
wandb: ⭐️ View project at: https://wandb.ai/caselli-niccolo-developer-university-of-amsterdam/probe4physics
wandb: Synced 4 W&B file(s), 0 media file(s), 0 artifact file(s) and 0 other file(s)
wandb: Find logs at: ./wandb/run-20260426_154846-emx4d7uu/logs
[I 2026-04-26 15:48:51,739] Trial 5 pruned. Pruned at epoch 110 with val_accuracy=53.9216
wandb: setting up run 2kqnws8v
wandb: Tracking run with wandb version 0.26.1
wandb: Run data is saved locally in /gpfs/home3/scur0511/Probe4Physics/wandb/run-20260426_154851-2kqnws8v
wandb: Run `wandb offline` to turn off syncing.
wandb: Syncing run intphys2_linear_videomae_v2_vit_giant_16_224_layer_20/trial_0006
wandb: ⭐️ View project at https://wandb.ai/caselli-niccolo-developer-university-of-amsterdam/probe4physics
wandb: 🚀 View run at https://wandb.ai/caselli-niccolo-developer-university-of-amsterdam/probe4physics/runs/2kqnws8v
[eval.intphys2] Starting eval | split_name=val split_dir=data/splits/intphys2 predictor_mode=from_file metadata_file=data/annotations/intphys2_metadata.csv
[eval.intphys2] Loaded split assignments | split_scenes=51 split_samples=204
[eval.intphys2] Generated predictions | n_predictions=204
[eval.intphys2] Scoring complete | accuracy=51.9608 voe_accuracy=17.6471 n_scenes=51 n_samples=204
[eval.intphys2] Artifacts written | output_dir=artifacts/probes/intphys2/intphys2_probe_linear_videomae_v2_vit_giant_16_224_20260426T133951Z/layer_20/train/trial_0006/val_eval
wandb: updating run metadata
wandb: uploading output.log; uploading wandb-summary.json; uploading config.yaml; uploading wandb-metadata.json; uploading requirements.txt
wandb: 
wandb: Run history:
wandb:          epoch ▁▁▁▁▁▂▂▂▂▃▃▃▄▄▄▅▅▅▅▅▅▅▅▅▅▆▆▆▆▆▇▇▇▇▇▇████
wandb: train_accuracy ▂▂▂▂▁▂▂▃▂▂▃▆▇▃▅▆██▇▇▅▅▅▂▁▃▃▄▅▃▂▂▂▃▃▃▄▅▄▂
wandb:     train_loss ██▇▆▅▄▃▂▂▂▂▂▂▂▂▁▁▁▁▁▁▁▁▁▁▁▁▁▁▁▁▁▁▁▁▁▁▁▁▁
wandb:   val_accuracy ▄▄▄▄▅▃▄▃▄▄▄▄▅▆█▆▅▄▄▄▂▁▃▃▃▄▄▃▃▄▂▂▄▃▃▅▃▅▄▅
wandb:       val_loss ██▇▇▇▅▅▅▄▃▂▂▂▂▂▂▂▂▂▂▁▁▁▁▁▁▁▁▁▁▁▁▁▁▁▁▁▁▁▁
wandb: 
wandb: Run summary:
wandb:           best_epoch 37
wandb:    best_val_accuracy 51.96078
wandb:        best_val_loss 0.83903
wandb: checkpoint_best_path artifacts/probes/int...
wandb: checkpoint_last_path artifacts/probes/int...
wandb:      checkpoint_path artifacts/probes/int...
wandb:              dataset intphys2
wandb:      elapsed_seconds 3.07128
wandb:                epoch 100
wandb:    feature_signature b6519b564d05bc63
wandb:                  +22 ...
wandb: 
wandb: 🚀 View run intphys2_linear_videomae_v2_vit_giant_16_224_layer_20/trial_0006 at: https://wandb.ai/caselli-niccolo-developer-university-of-amsterdam/probe4physics/runs/2kqnws8v
wandb: ⭐️ View project at: https://wandb.ai/caselli-niccolo-developer-university-of-amsterdam/probe4physics
wandb: Synced 5 W&B file(s), 0 media file(s), 0 artifact file(s) and 0 other file(s)
wandb: Find logs at: ./wandb/run-20260426_154851-2kqnws8v/logs
[I 2026-04-26 15:48:55,838] Trial 6 finished with value: 17.647058823529413 and parameters: {'lr': 1.0388823104027935e-05, 'weight_decay': 0.0007812113973534924, 'batch_size': 128, 'epochs': 100}. Best is trial 0 with value: 37.254901960784316.
wandb: setting up run metzxwea
wandb: Tracking run with wandb version 0.26.1
wandb: Run data is saved locally in /gpfs/home3/scur0511/Probe4Physics/wandb/run-20260426_154856-metzxwea
wandb: Run `wandb offline` to turn off syncing.
wandb: Syncing run intphys2_linear_videomae_v2_vit_giant_16_224_layer_20/trial_0007
wandb: ⭐️ View project at https://wandb.ai/caselli-niccolo-developer-university-of-amsterdam/probe4physics
wandb: 🚀 View run at https://wandb.ai/caselli-niccolo-developer-university-of-amsterdam/probe4physics/runs/metzxwea
wandb: updating run metadata
wandb: uploading wandb-metadata.json; uploading requirements.txt; uploading wandb-summary.json; uploading config.yaml
wandb: 
wandb: Run history:
wandb:          epoch ▁▁▁▂▂▂▂▂▃▃▃▃▃▃▃▄▄▄▄▄▅▅▅▅▅▆▆▆▆▆▆▆▆▇▇▇████
wandb: train_accuracy ▃▄▁▂▄▃▃▄▂▃▄▂▃▂▃▂▃▄▄▄▄▅▅▆▅▅▅▆▅▄▅▅▅▇▆▅▆▅▅█
wandb:     train_loss █▅▂▂▁▁▁▁▁▁▁▁▁▁▁▁▁▁▁▁▁▁▁▁▁▁▁▁▁▁▁▁▁▁▁▁▁▁▁▁
wandb:   val_accuracy ▃▄▃▅▂▂▂▁▂▃▃▃▅▄▃▄▅▅▄▅▄▆▆▅▅▂▂▃▅▆▅▇▇▂▂▂██▅▅
wandb:       val_loss █▄▃▄▃▂▂▂▂▂▂▂▁▁▁▁▁▁▁▁▁▁▁▁▁▁▁▁▁▁▁▁▁▁▁▁▁▁▁▁
wandb: 
wandb: Run summary:
wandb:          epoch 110
wandb: train_accuracy 55.29801
wandb:     train_loss 0.68933
wandb:   val_accuracy 52.94118
wandb:       val_loss 0.69905
wandb: 
wandb: 🚀 View run intphys2_linear_videomae_v2_vit_giant_16_224_layer_20/trial_0007 at: https://wandb.ai/caselli-niccolo-developer-university-of-amsterdam/probe4physics/runs/metzxwea
wandb: ⭐️ View project at: https://wandb.ai/caselli-niccolo-developer-university-of-amsterdam/probe4physics
wandb: Synced 4 W&B file(s), 0 media file(s), 0 artifact file(s) and 0 other file(s)
wandb: Find logs at: ./wandb/run-20260426_154856-metzxwea/logs
[I 2026-04-26 15:49:00,001] Trial 7 pruned. Pruned at epoch 110 with val_accuracy=52.9412
wandb: setting up run mayx9lu0
wandb: Tracking run with wandb version 0.26.1
wandb: Run data is saved locally in /gpfs/home3/scur0511/Probe4Physics/wandb/run-20260426_154900-mayx9lu0
wandb: Run `wandb offline` to turn off syncing.
wandb: Syncing run intphys2_linear_videomae_v2_vit_giant_16_224_layer_20/trial_0008
wandb: ⭐️ View project at https://wandb.ai/caselli-niccolo-developer-university-of-amsterdam/probe4physics
wandb: 🚀 View run at https://wandb.ai/caselli-niccolo-developer-university-of-amsterdam/probe4physics/runs/mayx9lu0
[eval.intphys2] Starting eval | split_name=val split_dir=data/splits/intphys2 predictor_mode=from_file metadata_file=data/annotations/intphys2_metadata.csv
[eval.intphys2] Loaded split assignments | split_scenes=51 split_samples=204
[eval.intphys2] Generated predictions | n_predictions=204
[eval.intphys2] Scoring complete | accuracy=52.4510 voe_accuracy=23.5294 n_scenes=51 n_samples=204
[eval.intphys2] Artifacts written | output_dir=artifacts/probes/intphys2/intphys2_probe_linear_videomae_v2_vit_giant_16_224_20260426T133951Z/layer_20/train/trial_0008/val_eval
wandb: updating run metadata
wandb: uploading wandb-metadata.json; uploading requirements.txt; uploading output.log; uploading wandb-summary.json; uploading config.yaml
wandb: 
wandb: Run history:
wandb:          epoch ▁▁▁▁▁▂▂▂▂▂▂▂▃▃▃▃▃▃▄▄▄▄▄▅▅▅▅▅▆▆▆▆▆▇▇▇████
wandb: train_accuracy ▄▁▁▂▃▂▃▃▂▃▄▃▃▃▃▃▆▂▅▆▅▅▆▄▆▅▄▄▅▆▆▇▇▅▆█▆█▇▅
wandb:     train_loss █▂▄▂▂▁▁▁▁▁▁▁▁▁▁▁▁▁▁▁▁▁▁▁▁▁▁▁▁▁▁▁▁▁▁▁▁▁▁▁
wandb:   val_accuracy ▅▂▄▅▆▇▇▄▅▇▄▅▅▁▇▅▆▄▃▅▃▃▄▇▅▅▆▇▆▄▆▆▆▃██▇▅█▄
wandb:       val_loss ▆█▂▃▂▁▂▁▁▁▁▁▁▁▁▁▁▁▁▁▁▁▁▁▁▁▁▁▁▁▁▁▁▁▁▁▁▁▁▁
wandb: 
wandb: Run summary:
wandb:           best_epoch 90
wandb:    best_val_accuracy 52.45098
wandb:        best_val_loss 0.70025
wandb: checkpoint_best_path artifacts/probes/int...
wandb: checkpoint_last_path artifacts/probes/int...
wandb:      checkpoint_path artifacts/probes/int...
wandb:              dataset intphys2
wandb:      elapsed_seconds 3.04851
wandb:                epoch 100
wandb:    feature_signature b6519b564d05bc63
wandb:                  +22 ...
wandb: 
wandb: 🚀 View run intphys2_linear_videomae_v2_vit_giant_16_224_layer_20/trial_0008 at: https://wandb.ai/caselli-niccolo-developer-university-of-amsterdam/probe4physics/runs/mayx9lu0
wandb: ⭐️ View project at: https://wandb.ai/caselli-niccolo-developer-university-of-amsterdam/probe4physics
wandb: Synced 5 W&B file(s), 0 media file(s), 0 artifact file(s) and 0 other file(s)
wandb: Find logs at: ./wandb/run-20260426_154900-mayx9lu0/logs
[I 2026-04-26 15:49:04,026] Trial 8 finished with value: 23.52941176470588 and parameters: {'lr': 0.0003699972431463808, 'weight_decay': 3.6749049453053196e-06, 'batch_size': 256, 'epochs': 100}. Best is trial 0 with value: 37.254901960784316.
wandb: setting up run l12djl9y
wandb: Tracking run with wandb version 0.26.1
wandb: Run data is saved locally in /gpfs/home3/scur0511/Probe4Physics/wandb/run-20260426_154904-l12djl9y
wandb: Run `wandb offline` to turn off syncing.
wandb: Syncing run intphys2_linear_videomae_v2_vit_giant_16_224_layer_20/trial_0009
wandb: ⭐️ View project at https://wandb.ai/caselli-niccolo-developer-university-of-amsterdam/probe4physics
wandb: 🚀 View run at https://wandb.ai/caselli-niccolo-developer-university-of-amsterdam/probe4physics/runs/l12djl9y
wandb: updating run metadata
wandb: uploading wandb-metadata.json; uploading requirements.txt; uploading wandb-summary.json; uploading config.yaml
wandb: 
wandb: Run history:
wandb:          epoch ▁▁▂▂▂▂▂▂▂▂▃▃▃▃▃▄▄▄▄▄▅▅▅▅▅▆▆▆▆▆▆▆▇▇▇▇▇███
wandb: train_accuracy ▄▄▄▄▄▃▇▅█▆▇▅▄▅▆▄▅▅▇▇▃▅▅▃▅▄▄▂▃▄▄▂▁▂▅▂▅▂▇▅
wandb:     train_loss █▆▄▃▂▂▁▁▁▁▁▁▁▁▁▁▁▁▁▁▁▁▁▁▁▁▁▁▁▁▁▁▁▁▁▁▁▁▁▁
wandb:   val_accuracy ▄▄▄▄▁▅▃▁▂▂▂▂▁▁▂▂▅▄▃▄▅▅▅▆▅▆▆▆▅▆█▅▅▅▄▇█▅▆▅
wandb:       val_loss █▇▅▂▂▂▁▁▁▁▁▁▁▁▁▁▁▁▁▁▁▁▁▁▁▁▁▁▁▁▁▁▁▁▁▁▁▁▁▁
wandb: 
wandb: Run summary:
wandb:          epoch 101
wandb: train_accuracy 50.49669
wandb:     train_loss 0.69886
wandb:   val_accuracy 50.4902
wandb:       val_loss 0.70874
wandb: 
wandb: 🚀 View run intphys2_linear_videomae_v2_vit_giant_16_224_layer_20/trial_0009 at: https://wandb.ai/caselli-niccolo-developer-university-of-amsterdam/probe4physics/runs/l12djl9y
wandb: ⭐️ View project at: https://wandb.ai/caselli-niccolo-developer-university-of-amsterdam/probe4physics
wandb: Synced 4 W&B file(s), 0 media file(s), 0 artifact file(s) and 0 other file(s)
wandb: Find logs at: ./wandb/run-20260426_154904-l12djl9y/logs
[I 2026-04-26 15:49:07,942] Trial 9 pruned. Pruned at epoch 101 with val_accuracy=50.4902
wandb: setting up run kmctf929
wandb: Tracking run with wandb version 0.26.1
wandb: Run data is saved locally in /gpfs/home3/scur0511/Probe4Physics/wandb/run-20260426_154908-kmctf929
wandb: Run `wandb offline` to turn off syncing.
wandb: Syncing run intphys2_linear_videomae_v2_vit_giant_16_224_layer_20/trial_0010
wandb: ⭐️ View project at https://wandb.ai/caselli-niccolo-developer-university-of-amsterdam/probe4physics
wandb: 🚀 View run at https://wandb.ai/caselli-niccolo-developer-university-of-amsterdam/probe4physics/runs/kmctf929
[eval.intphys2] Starting eval | split_name=val split_dir=data/splits/intphys2 predictor_mode=from_file metadata_file=data/annotations/intphys2_metadata.csv
[eval.intphys2] Loaded split assignments | split_scenes=51 split_samples=204
[eval.intphys2] Generated predictions | n_predictions=204
[eval.intphys2] Scoring complete | accuracy=64.7059 voe_accuracy=39.2157 n_scenes=51 n_samples=204
[eval.intphys2] Artifacts written | output_dir=artifacts/probes/intphys2/intphys2_probe_linear_videomae_v2_vit_giant_16_224_20260426T133951Z/layer_20/train/trial_0010/val_eval
wandb: updating run metadata
wandb: uploading output.log; uploading wandb-summary.json; uploading config.yaml
wandb: 
wandb: Run history:
wandb:          epoch ▁▁▁▁▂▂▂▂▂▃▃▃▃▃▄▄▄▄▄▄▄▅▅▅▅▅▅▆▆▆▆▇▇▇▇▇████
wandb: train_accuracy ▁▂▃▃▂▃▄▄▃▅▅▄▆▆▅▆▆▅▆▇█▆▆▇████▆▇▇█▆█▇▇▆█▇█
wandb:     train_loss ██▇▆▆▅▅▅▇▄▄▄▅▅▄▄▃▃▅▄▃▄▂▂▂▂▂▂▄▃▂▂▃▂▁▁▁▁▂▃
wandb:   val_accuracy ▁▅▅▃▆▅▅▇▄▃▄▇▃▃▃▅▆█▄▆▅█▇▇▇▇▇▆▆▆▇▄▆▆▇▆▆▆▇▇
wandb:       val_loss ▁▂▂▂▂▂▂▂▄▃▂▃▃▃▃▃▃▃▃▄▄▅▅▅▅▆▅▅▅▆▆▆▇▇▇█▇▇▇█
wandb: 
wandb: Run summary:
wandb:           best_epoch 626
wandb:    best_val_accuracy 64.70589
wandb:        best_val_loss 1.06846
wandb: checkpoint_best_path artifacts/probes/int...
wandb: checkpoint_last_path artifacts/probes/int...
wandb:      checkpoint_path artifacts/probes/int...
wandb:              dataset intphys2
wandb:      elapsed_seconds 102.45542
wandb:                epoch 2000
wandb:    feature_signature b6519b564d05bc63
wandb:                  +22 ...
wandb: 
wandb: 🚀 View run intphys2_linear_videomae_v2_vit_giant_16_224_layer_20/trial_0010 at: https://wandb.ai/caselli-niccolo-developer-university-of-amsterdam/probe4physics/runs/kmctf929
wandb: ⭐️ View project at: https://wandb.ai/caselli-niccolo-developer-university-of-amsterdam/probe4physics
wandb: Synced 5 W&B file(s), 0 media file(s), 0 artifact file(s) and 0 other file(s)
wandb: Find logs at: ./wandb/run-20260426_154908-kmctf929/logs
[I 2026-04-26 15:50:51,686] Trial 10 finished with value: 39.21568627450981 and parameters: {'lr': 0.002146403547714585, 'weight_decay': 0.003955232336089218, 'batch_size': 64, 'epochs': 2000}. Best is trial 10 with value: 39.21568627450981.
wandb: setting up run jmd2kg2y
wandb: Tracking run with wandb version 0.26.1
wandb: Run data is saved locally in /gpfs/home3/scur0511/Probe4Physics/wandb/run-20260426_155052-jmd2kg2y
wandb: Run `wandb offline` to turn off syncing.
wandb: Syncing run intphys2_linear_videomae_v2_vit_giant_16_224_layer_20/trial_0011
wandb: ⭐️ View project at https://wandb.ai/caselli-niccolo-developer-university-of-amsterdam/probe4physics
wandb: 🚀 View run at https://wandb.ai/caselli-niccolo-developer-university-of-amsterdam/probe4physics/runs/jmd2kg2y
[eval.intphys2] Starting eval | split_name=val split_dir=data/splits/intphys2 predictor_mode=from_file metadata_file=data/annotations/intphys2_metadata.csv
[eval.intphys2] Loaded split assignments | split_scenes=51 split_samples=204
[eval.intphys2] Generated predictions | n_predictions=204
[eval.intphys2] Scoring complete | accuracy=62.7451 voe_accuracy=39.2157 n_scenes=51 n_samples=204
[eval.intphys2] Artifacts written | output_dir=artifacts/probes/intphys2/intphys2_probe_linear_videomae_v2_vit_giant_16_224_20260426T133951Z/layer_20/train/trial_0011/val_eval
wandb: updating run metadata
wandb: uploading wandb-summary.json; uploading config.yaml; uploading output.log
wandb: 
wandb: Run history:
wandb:          epoch ▁▁▁▁▁▂▂▂▂▂▃▃▃▃▃▄▄▄▄▄▅▅▅▅▅▆▆▆▆▆▆▆▆▆▇▇████
wandb: train_accuracy ▁▂▂▃▃▃▄▃▄▅▅▅▅▅▅▃▅▅▆▆▆▇▇▅▆▇▆▇▇▅▆▃▆▇▇▇▅▇██
wandb:     train_loss █▇█▄▅▅▄▄▃▄▄▄▃▃▃▂▃▃▂▃▂▃▂▂▄▂▄▁▁▃▂▂▁▁▂▁▁▂▁▁
wandb:   val_accuracy ▄▆▄▂▅▁▄▆▆▄▆▆▃▅▅▄▁▆▄▇▆▆▄▆▃▄▆▅▅▄▇▇▆▅▄▆▄▇█▆
wandb:       val_loss ▁▁▂▁▁▂▂▂▃▄▃▄▄▄▅▄▄▅▅▆▅▅▆▅▆▆▇▇█▇█▇▇▇▇▇▇▇██
wandb: 
wandb: Run summary:
wandb:           best_epoch 529
wandb:    best_val_accuracy 62.7451
wandb:        best_val_loss 1.20823
wandb: checkpoint_best_path artifacts/probes/int...
wandb: checkpoint_last_path artifacts/probes/int...
wandb:      checkpoint_path artifacts/probes/int...
wandb:              dataset intphys2
wandb:      elapsed_seconds 102.18996
wandb:                epoch 2000
wandb:    feature_signature b6519b564d05bc63
wandb:                  +22 ...
wandb: 
wandb: 🚀 View run intphys2_linear_videomae_v2_vit_giant_16_224_layer_20/trial_0011 at: https://wandb.ai/caselli-niccolo-developer-university-of-amsterdam/probe4physics/runs/jmd2kg2y
wandb: ⭐️ View project at: https://wandb.ai/caselli-niccolo-developer-university-of-amsterdam/probe4physics
wandb: Synced 5 W&B file(s), 0 media file(s), 0 artifact file(s) and 0 other file(s)
wandb: Find logs at: ./wandb/run-20260426_155052-jmd2kg2y/logs
[I 2026-04-26 15:52:35,427] Trial 11 finished with value: 39.21568627450981 and parameters: {'lr': 0.003314446871588109, 'weight_decay': 0.002792471643386217, 'batch_size': 64, 'epochs': 2000}. Best is trial 10 with value: 39.21568627450981.
wandb: setting up run 1hyt7om1
wandb: Tracking run with wandb version 0.26.1
wandb: Run data is saved locally in /gpfs/home3/scur0511/Probe4Physics/wandb/run-20260426_155235-1hyt7om1
wandb: Run `wandb offline` to turn off syncing.
wandb: Syncing run intphys2_linear_videomae_v2_vit_giant_16_224_layer_20/trial_0012
wandb: ⭐️ View project at https://wandb.ai/caselli-niccolo-developer-university-of-amsterdam/probe4physics
wandb: 🚀 View run at https://wandb.ai/caselli-niccolo-developer-university-of-amsterdam/probe4physics/runs/1hyt7om1
[eval.intphys2] Starting eval | split_name=val split_dir=data/splits/intphys2 predictor_mode=from_file metadata_file=data/annotations/intphys2_metadata.csv
[eval.intphys2] Loaded split assignments | split_scenes=51 split_samples=204
[eval.intphys2] Generated predictions | n_predictions=204
[eval.intphys2] Scoring complete | accuracy=63.7255 voe_accuracy=45.0980 n_scenes=51 n_samples=204
[eval.intphys2] Artifacts written | output_dir=artifacts/probes/intphys2/intphys2_probe_linear_videomae_v2_vit_giant_16_224_20260426T133951Z/layer_20/train/trial_0012/val_eval
wandb: updating run metadata
wandb: uploading config.yaml; uploading output.log; uploading wandb-summary.json
wandb: 
wandb: Run history:
wandb:          epoch ▁▁▁▁▁▂▂▂▂▂▃▃▃▃▃▃▄▄▄▄▄▄▅▅▅▆▆▆▆▆▇▇▇▇▇▇▇███
wandb: train_accuracy ▂▂▁▃▃▄▃▄▅▅▄▃▃▅▅▅▆▃▅▆▂▅▅▇▆▇▇▆▆▆▇▅▆▇▅▇▇█▇▇
wandb:     train_loss ▅█▆▄▄▄▃▄▄▃▄▃▃▃▄▄█▄▂▂▂▂▂▂▂▃▂▂▁▄▁▅▂▁▄▃▃▂▁▁
wandb:   val_accuracy ▁▁▁▁▄▇▅▄▆▃▃▅▆▅▅▃▂▂▆▄▇▆▇▃▆▅▇▆▇▆▃▆▇█▇█▅▆▇▇
wandb:       val_loss ▁▄▂▁▂▂▃▂▂▂▂▂▄▃▃▃▃▃▃▃▃▃▄▃▄▄▄▄▄█▅▅▅▅▅▅▆▅▅▅
wandb: 
wandb: Run summary:
wandb:           best_epoch 1497
wandb:    best_val_accuracy 63.72549
wandb:        best_val_loss 2.53307
wandb: checkpoint_best_path artifacts/probes/int...
wandb: checkpoint_last_path artifacts/probes/int...
wandb:      checkpoint_path artifacts/probes/int...
wandb:              dataset intphys2
wandb:      elapsed_seconds 102.36901
wandb:                epoch 2000
wandb:    feature_signature b6519b564d05bc63
wandb:                  +22 ...
wandb: 
wandb: 🚀 View run intphys2_linear_videomae_v2_vit_giant_16_224_layer_20/trial_0012 at: https://wandb.ai/caselli-niccolo-developer-university-of-amsterdam/probe4physics/runs/1hyt7om1
wandb: ⭐️ View project at: https://wandb.ai/caselli-niccolo-developer-university-of-amsterdam/probe4physics
wandb: Synced 5 W&B file(s), 0 media file(s), 0 artifact file(s) and 0 other file(s)
wandb: Find logs at: ./wandb/run-20260426_155235-1hyt7om1/logs
[I 2026-04-26 15:54:19,062] Trial 12 finished with value: 45.09803921568628 and parameters: {'lr': 0.007804961511044013, 'weight_decay': 7.2824316925744e-05, 'batch_size': 64, 'epochs': 2000}. Best is trial 12 with value: 45.09803921568628.
wandb: setting up run kx767dw9
wandb: Tracking run with wandb version 0.26.1
wandb: Run data is saved locally in /gpfs/home3/scur0511/Probe4Physics/wandb/run-20260426_155419-kx767dw9
wandb: Run `wandb offline` to turn off syncing.
wandb: Syncing run intphys2_linear_videomae_v2_vit_giant_16_224_layer_20/trial_0013
wandb: ⭐️ View project at https://wandb.ai/caselli-niccolo-developer-university-of-amsterdam/probe4physics
wandb: 🚀 View run at https://wandb.ai/caselli-niccolo-developer-university-of-amsterdam/probe4physics/runs/kx767dw9
[eval.intphys2] Starting eval | split_name=val split_dir=data/splits/intphys2 predictor_mode=from_file metadata_file=data/annotations/intphys2_metadata.csv
[eval.intphys2] Loaded split assignments | split_scenes=51 split_samples=204
[eval.intphys2] Generated predictions | n_predictions=204
[eval.intphys2] Scoring complete | accuracy=52.9412 voe_accuracy=33.3333 n_scenes=51 n_samples=204
[eval.intphys2] Artifacts written | output_dir=artifacts/probes/intphys2/intphys2_probe_linear_videomae_v2_vit_giant_16_224_20260426T133951Z/layer_20/train/trial_0013/val_eval
wandb: updating run metadata
wandb: uploading requirements.txt; uploading output.log; uploading wandb-summary.json; uploading config.yaml; uploading wandb-metadata.json
wandb: 
wandb: Run history:
wandb:          epoch ▁▁▂▂▂▃▃▄▄▄▅▅▅▆▆▇▇▇██
wandb: train_accuracy ▅▅▃▄▄▆▆▇▆▁▄▃▃▆▅█▅▇▆▄
wandb:     train_loss █▄▃▂▁▁▁▁▁▂▁▁▁▁▁▁▁▁▁▁
wandb:   val_accuracy ▃▃▁▃▄▄▃▃▃▃█▆█▃▄▇▆▅▆▆
wandb:       val_loss █▂▂▂▁▁▁▁▂▁▁▁▁▁▁▁▁▁▁▂
wandb: 
wandb: Run summary:
wandb:           best_epoch 11
wandb:    best_val_accuracy 52.94118
wandb:        best_val_loss 0.74215
wandb: checkpoint_best_path artifacts/probes/int...
wandb: checkpoint_last_path artifacts/probes/int...
wandb:      checkpoint_path artifacts/probes/int...
wandb:              dataset intphys2
wandb:      elapsed_seconds 1.3418
wandb:                epoch 20
wandb:    feature_signature b6519b564d05bc63
wandb:                  +22 ...
wandb: 
wandb: 🚀 View run intphys2_linear_videomae_v2_vit_giant_16_224_layer_20/trial_0013 at: https://wandb.ai/caselli-niccolo-developer-university-of-amsterdam/probe4physics/runs/kx767dw9
wandb: ⭐️ View project at: https://wandb.ai/caselli-niccolo-developer-university-of-amsterdam/probe4physics
wandb: Synced 5 W&B file(s), 0 media file(s), 0 artifact file(s) and 0 other file(s)
wandb: Find logs at: ./wandb/run-20260426_155419-kx767dw9/logs
[I 2026-04-26 15:54:21,687] Trial 13 finished with value: 33.33333333333333 and parameters: {'lr': 0.008256167173243876, 'weight_decay': 5.878657673432002e-05, 'batch_size': 64, 'epochs': 20}. Best is trial 12 with value: 45.09803921568628.
wandb: setting up run tyb0w9ys
wandb: Tracking run with wandb version 0.26.1
wandb: Run data is saved locally in /gpfs/home3/scur0511/Probe4Physics/wandb/run-20260426_155421-tyb0w9ys
wandb: Run `wandb offline` to turn off syncing.
wandb: Syncing run intphys2_linear_videomae_v2_vit_giant_16_224_layer_20/trial_0014
wandb: ⭐️ View project at https://wandb.ai/caselli-niccolo-developer-university-of-amsterdam/probe4physics
wandb: 🚀 View run at https://wandb.ai/caselli-niccolo-developer-university-of-amsterdam/probe4physics/runs/tyb0w9ys
[eval.intphys2] Starting eval | split_name=val split_dir=data/splits/intphys2 predictor_mode=from_file metadata_file=data/annotations/intphys2_metadata.csv
[eval.intphys2] Loaded split assignments | split_scenes=51 split_samples=204
[eval.intphys2] Generated predictions | n_predictions=204
[eval.intphys2] Scoring complete | accuracy=63.2353 voe_accuracy=33.3333 n_scenes=51 n_samples=204
[eval.intphys2] Artifacts written | output_dir=artifacts/probes/intphys2/intphys2_probe_linear_videomae_v2_vit_giant_16_224_20260426T133951Z/layer_20/train/trial_0014/val_eval
wandb: updating run metadata
wandb: 
wandb: Run history:
wandb:          epoch ▁▁▁▁▁▂▂▂▂▂▃▃▃▃▃▃▃▄▄▄▄▄▅▅▅▆▆▆▆▆▇▇▇▇▇█████
wandb: train_accuracy ▁▂▂▃▃▄▅▄▄▄▄▃▆▅▆▆▄▄▆▇▆▅▆▆▇▆▆▇▇▅█▇▇▇▇▇▇▇▇█
wandb:     train_loss ▇▇█▇█▆▆▆▆▅▄▅▄▄▄▄▃▃▄▄▂▃▂▂▂▂▃▂▂▂▂▂▂▁▂▂▂▁▂▁
wandb:   val_accuracy ▁▁▁▂▂▄▂▆▁▂▄▂▅▆▃▅█▅▅▇▅▂▆▆▅▆▅▃██▃█▇▇▇███▇▇
wandb:       val_loss ▁▁▂▁▁▂▃▂▄▂▃▅▃▄▃▃▃▄▄▄▅▅▅▅▅▆▇▅▆▆▆▆▇▇▆▇▇▇██
wandb: 
wandb: Run summary:
wandb:           best_epoch 225
wandb:    best_val_accuracy 63.23529
wandb:        best_val_loss 0.74807
wandb: checkpoint_best_path artifacts/probes/int...
wandb: checkpoint_last_path artifacts/probes/int...
wandb:      checkpoint_path artifacts/probes/int...
wandb:              dataset intphys2
wandb:      elapsed_seconds 102.52341
wandb:                epoch 2000
wandb:    feature_signature b6519b564d05bc63
wandb:                  +22 ...
wandb: 
wandb: 🚀 View run intphys2_linear_videomae_v2_vit_giant_16_224_layer_20/trial_0014 at: https://wandb.ai/caselli-niccolo-developer-university-of-amsterdam/probe4physics/runs/tyb0w9ys
wandb: ⭐️ View project at: https://wandb.ai/caselli-niccolo-developer-university-of-amsterdam/probe4physics
wandb: Synced 5 W&B file(s), 0 media file(s), 0 artifact file(s) and 0 other file(s)
wandb: Find logs at: ./wandb/run-20260426_155421-tyb0w9ys/logs
[I 2026-04-26 15:56:06,138] Trial 14 finished with value: 33.33333333333333 and parameters: {'lr': 0.0011740085777673128, 'weight_decay': 4.587792444739836e-05, 'batch_size': 64, 'epochs': 2000}. Best is trial 12 with value: 45.09803921568628.
wandb: setting up run jfndcpk7
wandb: Tracking run with wandb version 0.26.1
wandb: Run data is saved locally in /gpfs/home3/scur0511/Probe4Physics/wandb/run-20260426_155606-jfndcpk7
wandb: Run `wandb offline` to turn off syncing.
wandb: Syncing run intphys2_linear_videomae_v2_vit_giant_16_224_layer_20/trial_0015
wandb: ⭐️ View project at https://wandb.ai/caselli-niccolo-developer-university-of-amsterdam/probe4physics
wandb: 🚀 View run at https://wandb.ai/caselli-niccolo-developer-university-of-amsterdam/probe4physics/runs/jfndcpk7
[eval.intphys2] Starting eval | split_name=val split_dir=data/splits/intphys2 predictor_mode=from_file metadata_file=data/annotations/intphys2_metadata.csv
[eval.intphys2] Loaded split assignments | split_scenes=51 split_samples=204
[eval.intphys2] Generated predictions | n_predictions=204
[eval.intphys2] Scoring complete | accuracy=63.7255 voe_accuracy=45.0980 n_scenes=51 n_samples=204
[eval.intphys2] Artifacts written | output_dir=artifacts/probes/intphys2/intphys2_probe_linear_videomae_v2_vit_giant_16_224_20260426T133951Z/layer_20/train/trial_0015/val_eval
wandb: updating run metadata
wandb: uploading output.log; uploading wandb-summary.json; uploading config.yaml
wandb: 
wandb: Run history:
wandb:          epoch ▁▁▁▁▂▂▂▂▂▃▃▃▄▄▄▄▄▄▅▅▅▆▆▆▆▆▆▇▇▇▇▇▇▇▇█████
wandb: train_accuracy ▁▂▁▁▃▄▅▅▃▅▄▄▆▄▅▆▆▄▅▅▆▇▆▇▆▆▇▇▇▅▄█▇▇█▇▇▇██
wandb:     train_loss ▄▆█▆▄▅▄▃▄▃▄▄▃▅▂▃▂▄▄▂▄▃▁▄▂▃▂▁▂▁▄▂▁▂▂▁▁▂▃▁
wandb:   val_accuracy ▁▂▃▄▄▃▃▅▆▄▅▄▂▄▃▃▆▆▅▅▆▆▆▅▆▅█▆▇▄▃▄▇▆█▆▇▂▆▄
wandb:       val_loss ▁▁▂▂▂▂▃▃▄▄▄▄▄▄▆▄▃▅▆▅▅▆▅▆▅▆▆▆█▆▆▆█▇▇▇▇█▇█
wandb: 
wandb: Run summary:
wandb:           best_epoch 1497
wandb:    best_val_accuracy 63.72549
wandb:        best_val_loss 2.5274
wandb: checkpoint_best_path artifacts/probes/int...
wandb: checkpoint_last_path artifacts/probes/int...
wandb:      checkpoint_path artifacts/probes/int...
wandb:              dataset intphys2
wandb:      elapsed_seconds 102.65549
wandb:                epoch 2000
wandb:    feature_signature b6519b564d05bc63
wandb:                  +22 ...
wandb: 
wandb: 🚀 View run intphys2_linear_videomae_v2_vit_giant_16_224_layer_20/trial_0015 at: https://wandb.ai/caselli-niccolo-developer-university-of-amsterdam/probe4physics/runs/jfndcpk7
wandb: ⭐️ View project at: https://wandb.ai/caselli-niccolo-developer-university-of-amsterdam/probe4physics
wandb: Synced 5 W&B file(s), 0 media file(s), 0 artifact file(s) and 0 other file(s)
wandb: Find logs at: ./wandb/run-20260426_155606-jfndcpk7/logs
[I 2026-04-26 15:57:50,231] Trial 15 finished with value: 45.09803921568628 and parameters: {'lr': 0.007811452889188655, 'weight_decay': 0.0001371575145876111, 'batch_size': 64, 'epochs': 2000}. Best is trial 12 with value: 45.09803921568628.
wandb: setting up run 85xktns5
wandb: Tracking run with wandb version 0.26.1
wandb: Run data is saved locally in /gpfs/home3/scur0511/Probe4Physics/wandb/run-20260426_155750-85xktns5
wandb: Run `wandb offline` to turn off syncing.
wandb: Syncing run intphys2_linear_videomae_v2_vit_giant_16_224_layer_20/trial_0016
wandb: ⭐️ View project at https://wandb.ai/caselli-niccolo-developer-university-of-amsterdam/probe4physics
wandb: 🚀 View run at https://wandb.ai/caselli-niccolo-developer-university-of-amsterdam/probe4physics/runs/85xktns5
[eval.intphys2] Starting eval | split_name=val split_dir=data/splits/intphys2 predictor_mode=from_file metadata_file=data/annotations/intphys2_metadata.csv
[eval.intphys2] Loaded split assignments | split_scenes=51 split_samples=204
[eval.intphys2] Generated predictions | n_predictions=204
[eval.intphys2] Scoring complete | accuracy=63.7255 voe_accuracy=47.0588 n_scenes=51 n_samples=204
[eval.intphys2] Artifacts written | output_dir=artifacts/probes/intphys2/intphys2_probe_linear_videomae_v2_vit_giant_16_224_20260426T133951Z/layer_20/train/trial_0016/val_eval
wandb: updating run metadata
wandb: uploading wandb-summary.json; uploading config.yaml; uploading output.log
wandb: 
wandb: Run history:
wandb:          epoch ▁▁▁▁▁▂▂▂▂▃▃▃▃▃▃▃▃▄▄▄▄▄▄▄▄▄▄▅▅▅▅▅▅▆▆▆▇▇██
wandb: train_accuracy ▃▁▂▃▄▅▄▂▄▅▆▄▇▅▇▃▇▆▄▅▅▇█▇▄▇▇█▇▆███▇█▇▆█▇▇
wandb:     train_loss █▆▄▆▅▄▃▃▄▃▄▂▂▄▂▃▃▂▃▄▂▂▃▂▃▂▃▂▂▃▂▃▁▃▁▂▂▂▁▁
wandb:   val_accuracy ▁▂▅▂▅▆▅▅▆▆▃▆▆▄▅▂▅▇▆▆▅▇█▇█▄▆▆▇▃▄▅▇▇▃▆██▆▇
wandb:       val_loss ▁▂▁▁▂▂▃▂▃▂▃▃▃▅▃▄▄▄▄▅▅▅▅▆▅▅▆▆▅▆▆█▆▆█▆▇█▇▇
wandb: 
wandb: Run summary:
wandb:           best_epoch 1997
wandb:    best_val_accuracy 63.72549
wandb:        best_val_loss 3.26754
wandb: checkpoint_best_path artifacts/probes/int...
wandb: checkpoint_last_path artifacts/probes/int...
wandb:      checkpoint_path artifacts/probes/int...
wandb:              dataset intphys2
wandb:      elapsed_seconds 102.1882
wandb:                epoch 2000
wandb:    feature_signature b6519b564d05bc63
wandb:                  +22 ...
wandb: 
wandb: 🚀 View run intphys2_linear_videomae_v2_vit_giant_16_224_layer_20/trial_0016 at: https://wandb.ai/caselli-niccolo-developer-university-of-amsterdam/probe4physics/runs/85xktns5
wandb: ⭐️ View project at: https://wandb.ai/caselli-niccolo-developer-university-of-amsterdam/probe4physics
wandb: Synced 5 W&B file(s), 0 media file(s), 0 artifact file(s) and 0 other file(s)
wandb: Find logs at: ./wandb/run-20260426_155750-85xktns5/logs
[I 2026-04-26 15:59:33,708] Trial 16 finished with value: 47.05882352941176 and parameters: {'lr': 0.009376303675905204, 'weight_decay': 3.0267441672616737e-05, 'batch_size': 64, 'epochs': 2000}. Best is trial 16 with value: 47.05882352941176.
wandb: setting up run wdjcc39z
wandb: Tracking run with wandb version 0.26.1
wandb: Run data is saved locally in /gpfs/home3/scur0511/Probe4Physics/wandb/run-20260426_155933-wdjcc39z
wandb: Run `wandb offline` to turn off syncing.
wandb: Syncing run intphys2_linear_videomae_v2_vit_giant_16_224_layer_20/trial_0017
wandb: ⭐️ View project at https://wandb.ai/caselli-niccolo-developer-university-of-amsterdam/probe4physics
wandb: 🚀 View run at https://wandb.ai/caselli-niccolo-developer-university-of-amsterdam/probe4physics/runs/wdjcc39z
[eval.intphys2] Starting eval | split_name=val split_dir=data/splits/intphys2 predictor_mode=from_file metadata_file=data/annotations/intphys2_metadata.csv
[eval.intphys2] Loaded split assignments | split_scenes=51 split_samples=204
[eval.intphys2] Generated predictions | n_predictions=204
[eval.intphys2] Scoring complete | accuracy=51.9608 voe_accuracy=23.5294 n_scenes=51 n_samples=204
[eval.intphys2] Artifacts written | output_dir=artifacts/probes/intphys2/intphys2_probe_linear_videomae_v2_vit_giant_16_224_20260426T133951Z/layer_20/train/trial_0017/val_eval
wandb: updating run metadata
wandb: uploading config.yaml; uploading wandb-metadata.json; uploading requirements.txt; uploading output.log; uploading wandb-summary.json
wandb: uploading requirements.txt; uploading output.log; uploading wandb-summary.json
wandb: 
wandb: Run history:
wandb:          epoch ▁▁▂▂▂▃▃▄▄▄▅▅▅▆▆▇▇▇██
wandb: train_accuracy ▅▂▂▅▃▂▃▅▅▂▄▁▄▅▅▃▆▃▇█
wandb:     train_loss █▄▃▁▁▁▁▁▁▁▁▁▁▁▁▁▁▁▁▁
wandb:   val_accuracy ▃▁▇▆▃▅▇▅▇▆▃▃█▅▆▁▁▃▇▂
wandb:       val_loss █▄▂▁▁▁▁▁▁▁▁▁▁▁▁▁▁▁▂▂
wandb: 
wandb: Run summary:
wandb:           best_epoch 13
wandb:    best_val_accuracy 51.96078
wandb:        best_val_loss 0.72052
wandb: checkpoint_best_path artifacts/probes/int...
wandb: checkpoint_last_path artifacts/probes/int...
wandb:      checkpoint_path artifacts/probes/int...
wandb:              dataset intphys2
wandb:      elapsed_seconds 1.40542
wandb:                epoch 20
wandb:    feature_signature b6519b564d05bc63
wandb:                  +22 ...
wandb: 
wandb: 🚀 View run intphys2_linear_videomae_v2_vit_giant_16_224_layer_20/trial_0017 at: https://wandb.ai/caselli-niccolo-developer-university-of-amsterdam/probe4physics/runs/wdjcc39z
wandb: ⭐️ View project at: https://wandb.ai/caselli-niccolo-developer-university-of-amsterdam/probe4physics
wandb: Synced 5 W&B file(s), 0 media file(s), 0 artifact file(s) and 0 other file(s)
wandb: Find logs at: ./wandb/run-20260426_155933-wdjcc39z/logs
[I 2026-04-26 15:59:36,516] Trial 17 finished with value: 23.52941176470588 and parameters: {'lr': 0.0009574173451997196, 'weight_decay': 1.0519090774627261e-05, 'batch_size': 64, 'epochs': 20}. Best is trial 16 with value: 47.05882352941176.
wandb: setting up run wp20hag5
wandb: Tracking run with wandb version 0.26.1
wandb: Run data is saved locally in /gpfs/home3/scur0511/Probe4Physics/wandb/run-20260426_155936-wp20hag5
wandb: Run `wandb offline` to turn off syncing.
wandb: Syncing run intphys2_linear_videomae_v2_vit_giant_16_224_layer_20/trial_0018
wandb: ⭐️ View project at https://wandb.ai/caselli-niccolo-developer-university-of-amsterdam/probe4physics
wandb: 🚀 View run at https://wandb.ai/caselli-niccolo-developer-university-of-amsterdam/probe4physics/runs/wp20hag5
wandb: updating run metadata
wandb: uploading wandb-metadata.json; uploading requirements.txt; uploading wandb-summary.json; uploading config.yaml
wandb: 
wandb: Run history:
wandb:          epoch ▁▁▁▁▁▂▂▂▂▃▃▃▃▄▄▅▅▅▅▅▅▅▆▆▆▆▆▆▆▆▇▇▇▇▇▇▇███
wandb: train_accuracy ▃▂▂▃▁▃▄▅▃▅▁▃▃▆▂▄▆▄▅▄▃█▆▆▆███▇▆▆▄▄▄▅▇▆▃█▇
wandb:     train_loss █▆▂▂▂▁▁▁▁▁▁▁▁▁▁▂▂▁▂▁▅▃▂▁▁▁▂▁▁▁▁▂▂▁▂▂▁▁▁▁
wandb:   val_accuracy ▂▂▂▂▂▂▂▁▂▅▃▂▄▂▃▅█▄▄▂▆▃▄▂▄▄▆▃▇▅▃█▅▄▆▂▇▇▇▅
wandb:       val_loss █▅▁▁▁▂▁▁▁▁▂▂▁▁▂▂▁▁▁▁▂▂▁▁▁▁▁▂▂▂▂▁▁▁▁▄▁▁▁▁
wandb: 
wandb: Run summary:
wandb:          epoch 141
wandb: train_accuracy 59.76821
wandb:     train_loss 0.75022
wandb:   val_accuracy 56.86275
wandb:       val_loss 1.04816
wandb: 
wandb: 🚀 View run intphys2_linear_videomae_v2_vit_giant_16_224_layer_20/trial_0018 at: https://wandb.ai/caselli-niccolo-developer-university-of-amsterdam/probe4physics/runs/wp20hag5
wandb: ⭐️ View project at: https://wandb.ai/caselli-niccolo-developer-university-of-amsterdam/probe4physics
wandb: Synced 4 W&B file(s), 0 media file(s), 0 artifact file(s) and 0 other file(s)
wandb: Find logs at: ./wandb/run-20260426_155936-wp20hag5/logs
[I 2026-04-26 15:59:41,902] Trial 18 pruned. Pruned at epoch 141 with val_accuracy=56.8627
wandb: setting up run 1etn3wwn
wandb: Tracking run with wandb version 0.26.1
wandb: Run data is saved locally in /gpfs/home3/scur0511/Probe4Physics/wandb/run-20260426_155942-1etn3wwn
wandb: Run `wandb offline` to turn off syncing.
wandb: Syncing run intphys2_linear_videomae_v2_vit_giant_16_224_layer_20/trial_0019
wandb: ⭐️ View project at https://wandb.ai/caselli-niccolo-developer-university-of-amsterdam/probe4physics
wandb: 🚀 View run at https://wandb.ai/caselli-niccolo-developer-university-of-amsterdam/probe4physics/runs/1etn3wwn
[eval.intphys2] Starting eval | split_name=val split_dir=data/splits/intphys2 predictor_mode=from_file metadata_file=data/annotations/intphys2_metadata.csv
[eval.intphys2] Loaded split assignments | split_scenes=51 split_samples=204
[eval.intphys2] Generated predictions | n_predictions=204
[eval.intphys2] Scoring complete | accuracy=64.7059 voe_accuracy=41.1765 n_scenes=51 n_samples=204
[eval.intphys2] Artifacts written | output_dir=artifacts/probes/intphys2/intphys2_probe_linear_videomae_v2_vit_giant_16_224_20260426T133951Z/layer_20/train/trial_0019/val_eval
wandb: updating run metadata
wandb: uploading output.log; uploading wandb-summary.json; uploading config.yaml
wandb: 
wandb: Run history:
wandb:          epoch ▁▁▁▁▁▂▂▂▂▂▂▂▂▃▃▃▃▃▃▃▄▄▄▄▄▄▅▅▆▆▆▆▇▇▇▇▇▇▇█
wandb: train_accuracy ▁▁▂▃▄▄▄▅▅▃▆▄▅▆▄▆▆▇▇▆▆▆▇▇▇▇▇▇▇█▆▇▇▇▆█▇█▇█
wandb:     train_loss █▆▆▆▆▇▅▅▆▆▅▄▅▄▄▃▂▂▃▅▂▂▂▂▂▂▂▂▂▁▁▂▁▁▁▁▂▁▁▂
wandb:   val_accuracy ▁▁▃▃▂▅▄▄▄▄▅▅▆█▄▆▅▅▄▆▅▆▅▆▅▃▃▇██▇▇▆▄▆▅▇▆▆▅
wandb:       val_loss ▂▁▁▁▂▃▁▃▂▂▂▂▂▂▂▃▃▃▄▃▄▄▄▄▅▅▆▅▅▆▅▆▆▆▆█▇██▇
wandb: 
wandb: Run summary:
wandb:           best_epoch 1427
wandb:    best_val_accuracy 64.70589
wandb:        best_val_loss 1.11291
wandb: checkpoint_best_path artifacts/probes/int...
wandb: checkpoint_last_path artifacts/probes/int...
wandb:      checkpoint_path artifacts/probes/int...
wandb:              dataset intphys2
wandb:      elapsed_seconds 102.76521
wandb:                epoch 2000
wandb:    feature_signature b6519b564d05bc63
wandb:                  +22 ...
wandb: 
wandb: 🚀 View run intphys2_linear_videomae_v2_vit_giant_16_224_layer_20/trial_0019 at: https://wandb.ai/caselli-niccolo-developer-university-of-amsterdam/probe4physics/runs/1etn3wwn
wandb: ⭐️ View project at: https://wandb.ai/caselli-niccolo-developer-university-of-amsterdam/probe4physics
wandb: Synced 5 W&B file(s), 0 media file(s), 0 artifact file(s) and 0 other file(s)
wandb: Find logs at: ./wandb/run-20260426_155942-1etn3wwn/logs
[I 2026-04-26 16:01:25,891] Trial 19 finished with value: 41.17647058823529 and parameters: {'lr': 0.0010176556325455603, 'weight_decay': 1.5826958045938118e-05, 'batch_size': 64, 'epochs': 2000}. Best is trial 16 with value: 47.05882352941176.
[eval.intphys2] Starting eval | split_name=val split_dir=data/splits/intphys2 predictor_mode=from_file metadata_file=data/annotations/intphys2_metadata.csv
[eval.intphys2] Loaded split assignments | split_scenes=51 split_samples=204
[eval.intphys2] Generated predictions | n_predictions=204
[eval.intphys2] Scoring complete | accuracy=63.7255 voe_accuracy=47.0588 n_scenes=51 n_samples=204
[eval.intphys2] Artifacts written | output_dir=artifacts/probes/intphys2/intphys2_probe_linear_videomae_v2_vit_giant_16_224_20260426T133951Z/layer_20/eval
[I 2026-04-26 16:01:26,318] A new study created in RDB with name: intphys2_linear_videomae_v2_vit_giant_16_224_layer_30
wandb: setting up run 12bbnp0p
wandb: Tracking run with wandb version 0.26.1
wandb: Run data is saved locally in /gpfs/home3/scur0511/Probe4Physics/wandb/run-20260426_160126-12bbnp0p
wandb: Run `wandb offline` to turn off syncing.
wandb: Syncing run intphys2_linear_videomae_v2_vit_giant_16_224_layer_30/trial_0000
wandb: ⭐️ View project at https://wandb.ai/caselli-niccolo-developer-university-of-amsterdam/probe4physics
wandb: 🚀 View run at https://wandb.ai/caselli-niccolo-developer-university-of-amsterdam/probe4physics/runs/12bbnp0p
[eval.intphys2] Starting eval | split_name=val split_dir=data/splits/intphys2 predictor_mode=from_file metadata_file=data/annotations/intphys2_metadata.csv
[eval.intphys2] Loaded split assignments | split_scenes=51 split_samples=204
[eval.intphys2] Generated predictions | n_predictions=204
[eval.intphys2] Scoring complete | accuracy=63.7255 voe_accuracy=39.2157 n_scenes=51 n_samples=204
[eval.intphys2] Artifacts written | output_dir=artifacts/probes/intphys2/intphys2_probe_linear_videomae_v2_vit_giant_16_224_20260426T133951Z/layer_30/train/trial_0000/val_eval
wandb: updating run metadata
wandb: uploading output.log; uploading wandb-summary.json; uploading config.yaml
wandb: uploading output.log; uploading wandb-summary.json
wandb: 
wandb: Run history:
wandb:          epoch ▁▁▁▁▂▂▂▃▃▃▃▃▃▃▃▃▄▄▄▄▄▄▄▄▄▄▅▅▅▅▅▅▆▆▇▇▇███
wandb: train_accuracy ▁▃▃▄▃▅▄▄▄▃▄▅▅▅▅▆▄▇▆▆▄▇▆█▆▇▃▇█▇▆▇▅▇█▇▇▇▇█
wandb:     train_loss █▇▇▇▇▇▇▇▆▆▅▅▅▅▅▄▄▄▄▄▄▃▄▄▃▃▃▃▃▃▃▃▂▃▂▂▂▁▁▁
wandb:   val_accuracy ▁▁▂▂▂▂▃▄▅▃▄▄▄▄▅▄▅▆▇▅▄▅▃▅▂▅▆▆▃▇▇▅█▆▆▅▅▇▅▅
wandb:       val_loss ▄▃▁▁▁▃▁▁▁▁▂▁▂▁▂▂▃▂▂▂▃▃▃▃▃▃▄▃▃▃▄▄█▅▅▅▆▆▆▆
wandb: 
wandb: Run summary:
wandb:           best_epoch 1818
wandb:    best_val_accuracy 63.72549
wandb:        best_val_loss 0.74796
wandb: checkpoint_best_path artifacts/probes/int...
wandb: checkpoint_last_path artifacts/probes/int...
wandb:      checkpoint_path artifacts/probes/int...
wandb:              dataset intphys2
wandb:      elapsed_seconds 113.46333
wandb:                epoch 2000
wandb:    feature_signature b6519b564d05bc63
wandb:                  +22 ...
wandb: 
wandb: 🚀 View run intphys2_linear_videomae_v2_vit_giant_16_224_layer_30/trial_0000 at: https://wandb.ai/caselli-niccolo-developer-university-of-amsterdam/probe4physics/runs/12bbnp0p
wandb: ⭐️ View project at: https://wandb.ai/caselli-niccolo-developer-university-of-amsterdam/probe4physics
wandb: Synced 5 W&B file(s), 0 media file(s), 0 artifact file(s) and 0 other file(s)
wandb: Find logs at: ./wandb/run-20260426_160126-12bbnp0p/logs
[I 2026-04-26 16:03:21,492] Trial 0 finished with value: 39.21568627450981 and parameters: {'lr': 0.0001329291894316216, 'weight_decay': 0.005061576888752304, 'batch_size': 32, 'epochs': 2000}. Best is trial 0 with value: 39.21568627450981.
wandb: setting up run oum2n4fa
wandb: Tracking run with wandb version 0.26.1
wandb: Run data is saved locally in /gpfs/home3/scur0511/Probe4Physics/wandb/run-20260426_160321-oum2n4fa
wandb: Run `wandb offline` to turn off syncing.
wandb: Syncing run intphys2_linear_videomae_v2_vit_giant_16_224_layer_30/trial_0001
wandb: ⭐️ View project at https://wandb.ai/caselli-niccolo-developer-university-of-amsterdam/probe4physics
wandb: 🚀 View run at https://wandb.ai/caselli-niccolo-developer-university-of-amsterdam/probe4physics/runs/oum2n4fa
[eval.intphys2] Starting eval | split_name=val split_dir=data/splits/intphys2 predictor_mode=from_file metadata_file=data/annotations/intphys2_metadata.csv
[eval.intphys2] Loaded split assignments | split_scenes=51 split_samples=204
[eval.intphys2] Generated predictions | n_predictions=204
[eval.intphys2] Scoring complete | accuracy=56.3725 voe_accuracy=29.4118 n_scenes=51 n_samples=204
[eval.intphys2] Artifacts written | output_dir=artifacts/probes/intphys2/intphys2_probe_linear_videomae_v2_vit_giant_16_224_20260426T133951Z/layer_30/train/trial_0001/val_eval
wandb: updating run metadata
wandb: uploading wandb-metadata.json; uploading requirements.txt; uploading output.log; uploading wandb-summary.json; uploading config.yaml
wandb: 
wandb: Run history:
wandb:          epoch ▁▁▁▁▁▂▂▂▂▂▃▃▃▃▃▃▄▄▄▄▄▄▄▅▅▆▆▆▆▆▆▇▇▇▇▇▇███
wandb: train_accuracy ▃▃▄▁▄▄▂▇▁▂▆▃█▃▃▄▁▃▁▆▇▃▃▅▅█▆█▅▅▅▅▄▃▅▅▆▅▅▄
wandb:     train_loss █▅▄▂▂▂▂▂▂▄▃▃▂▂▂▃▂▃▃▂▂▂▂▂▃▂▂▂▂▂▂▂▄▂▂▂▁▂▁▁
wandb:   val_accuracy ▂▃▁▂▃▂▄▃▄▃▂▂▂▂▃▃▂▂▂▂▃▃▄▄▅▅▆▃▃▃█▄▁▅▅▆▇▅▂▁
wandb:       val_loss ▆▃▃▂▁▂▁▁▁▁▂▃▆▂▃▂▂▁▃█▁▃▁▁▁▃▁▁▂▁▁▂▄▂▁▂▁▁▅▂
wandb: 
wandb: Run summary:
wandb:           best_epoch 77
wandb:    best_val_accuracy 56.37255
wandb:        best_val_loss 0.70054
wandb: checkpoint_best_path artifacts/probes/int...
wandb: checkpoint_last_path artifacts/probes/int...
wandb:      checkpoint_path artifacts/probes/int...
wandb:              dataset intphys2
wandb:      elapsed_seconds 3.13177
wandb:                epoch 100
wandb:    feature_signature b6519b564d05bc63
wandb:                  +22 ...
wandb: 
wandb: 🚀 View run intphys2_linear_videomae_v2_vit_giant_16_224_layer_30/trial_0001 at: https://wandb.ai/caselli-niccolo-developer-university-of-amsterdam/probe4physics/runs/oum2n4fa
wandb: ⭐️ View project at: https://wandb.ai/caselli-niccolo-developer-university-of-amsterdam/probe4physics
wandb: Synced 5 W&B file(s), 0 media file(s), 0 artifact file(s) and 0 other file(s)
wandb: Find logs at: ./wandb/run-20260426_160321-oum2n4fa/logs
[I 2026-04-26 16:03:25,628] Trial 1 finished with value: 29.411764705882355 and parameters: {'lr': 0.00314288089084011, 'weight_decay': 1.879466824163843e-07, 'batch_size': 256, 'epochs': 100}. Best is trial 0 with value: 39.21568627450981.
wandb: setting up run j4pdyo5u
wandb: Tracking run with wandb version 0.26.1
wandb: Run data is saved locally in /gpfs/home3/scur0511/Probe4Physics/wandb/run-20260426_160325-j4pdyo5u
wandb: Run `wandb offline` to turn off syncing.
wandb: Syncing run intphys2_linear_videomae_v2_vit_giant_16_224_layer_30/trial_0002
wandb: ⭐️ View project at https://wandb.ai/caselli-niccolo-developer-university-of-amsterdam/probe4physics
wandb: 🚀 View run at https://wandb.ai/caselli-niccolo-developer-university-of-amsterdam/probe4physics/runs/j4pdyo5u
[eval.intphys2] Starting eval | split_name=val split_dir=data/splits/intphys2 predictor_mode=from_file metadata_file=data/annotations/intphys2_metadata.csv
[eval.intphys2] Loaded split assignments | split_scenes=51 split_samples=204
[eval.intphys2] Generated predictions | n_predictions=204
[eval.intphys2] Scoring complete | accuracy=60.7843 voe_accuracy=39.2157 n_scenes=51 n_samples=204
[eval.intphys2] Artifacts written | output_dir=artifacts/probes/intphys2/intphys2_probe_linear_videomae_v2_vit_giant_16_224_20260426T133951Z/layer_30/train/trial_0002/val_eval
wandb: updating run metadata
wandb: uploading output.log; uploading wandb-summary.json; uploading config.yaml
wandb: uploading history steps 976-999, summary, console lines 0-4
wandb: 
wandb: Run history:
wandb:          epoch ▁▁▁▁▁▂▂▂▂▂▃▃▃▃▃▃▃▃▃▄▄▄▄▄▄▅▅▅▅▆▆▆▆▇▇▇████
wandb: train_accuracy ▁▁▁▂▂▃▂▂▂▃▄▃▃▄▄▄▃▄▅▅▅▃▅▆▄▅█▅▇█▇▆███▆▆██▄
wandb:     train_loss ██▇▇▇▆▆▅▅▆▅▅▅▅▅▅▆▅▆▄▃▃▃▂▂▂▃▂▃▂▂▂▃▃▂▂▂▁▁▁
wandb:   val_accuracy ▂▁▃▃▂▁▂▄▂▄▄▃▁▅▅▃▆▄▂▄▅▅▄█▅▆▇▄▃▄▆▅▄▅▆█▄▇▆▆
wandb:       val_loss █▃▂▂▃▂▂▁▁▁▁▁▁▁▁▁▁▁▁▁▁▁▂▂▂▁▁▁▁▂▂▂▂▂▂▂▂▂▃▃
wandb: 
wandb: Run summary:
wandb:           best_epoch 972
wandb:    best_val_accuracy 60.78432
wandb:        best_val_loss 0.70672
wandb: checkpoint_best_path artifacts/probes/int...
wandb: checkpoint_last_path artifacts/probes/int...
wandb:      checkpoint_path artifacts/probes/int...
wandb:              dataset intphys2
wandb:      elapsed_seconds 31.92092
wandb:                epoch 1000
wandb:    feature_signature b6519b564d05bc63
wandb:                  +22 ...
wandb: 
wandb: 🚀 View run intphys2_linear_videomae_v2_vit_giant_16_224_layer_30/trial_0002 at: https://wandb.ai/caselli-niccolo-developer-university-of-amsterdam/probe4physics/runs/j4pdyo5u
wandb: ⭐️ View project at: https://wandb.ai/caselli-niccolo-developer-university-of-amsterdam/probe4physics
wandb: Synced 5 W&B file(s), 0 media file(s), 0 artifact file(s) and 0 other file(s)
wandb: Find logs at: ./wandb/run-20260426_160325-j4pdyo5u/logs
[I 2026-04-26 16:03:58,937] Trial 2 finished with value: 39.21568627450981 and parameters: {'lr': 0.00023345864076016249, 'weight_decay': 0.0005141096648805752, 'batch_size': 128, 'epochs': 1000}. Best is trial 0 with value: 39.21568627450981.
wandb: setting up run 69w9iemj
wandb: Tracking run with wandb version 0.26.1
wandb: Run data is saved locally in /gpfs/home3/scur0511/Probe4Physics/wandb/run-20260426_160359-69w9iemj
wandb: Run `wandb offline` to turn off syncing.
wandb: Syncing run intphys2_linear_videomae_v2_vit_giant_16_224_layer_30/trial_0003
wandb: ⭐️ View project at https://wandb.ai/caselli-niccolo-developer-university-of-amsterdam/probe4physics
wandb: 🚀 View run at https://wandb.ai/caselli-niccolo-developer-university-of-amsterdam/probe4physics/runs/69w9iemj
[eval.intphys2] Starting eval | split_name=val split_dir=data/splits/intphys2 predictor_mode=from_file metadata_file=data/annotations/intphys2_metadata.csv
[eval.intphys2] Loaded split assignments | split_scenes=51 split_samples=204
[eval.intphys2] Generated predictions | n_predictions=204
[eval.intphys2] Scoring complete | accuracy=51.9608 voe_accuracy=15.6863 n_scenes=51 n_samples=204
[eval.intphys2] Artifacts written | output_dir=artifacts/probes/intphys2/intphys2_probe_linear_videomae_v2_vit_giant_16_224_20260426T133951Z/layer_30/train/trial_0003/val_eval
wandb: updating run metadata
wandb: uploading wandb-metadata.json; uploading requirements.txt; uploading output.log; uploading wandb-summary.json; uploading config.yaml
wandb: 
wandb: Run history:
wandb:          epoch ▁▁▁▁▂▂▂▂▂▂▃▃▃▃▃▄▄▄▄▄▄▅▅▅▅▅▆▆▆▆▆▆▇▇▇▇▇███
wandb: train_accuracy ▆▃▆▅▆▆▃▅▅▄█▃▅▆▇▄▃▆█▂▃▄▁▅▂▆▄▅▅▁▆▆▁▅▂▇▆▅▅▆
wandb:     train_loss █▃▂▂▁▁▁▁▁▁▁▁▁▁▁▁▁▁▁▁▁▁▁▁▁▁▁▁▁▁▁▁▁▁▁▁▁▁▁▁
wandb:   val_accuracy ▅▅▆▅▅▇▇▅▇█▅▃█▅▅▁▅▅▃▂█▅▄▄▅▄▇▅▇▆▇▇▅▅▄▅▅▅▄▅
wandb:       val_loss █▅▃▃▂▂▂▁▁▁▁▁▁▁▁▁▁▁▁▁▁▁▁▁▁▁▁▁▁▁▁▁▁▁▁▁▁▁▁▁
wandb: 
wandb: Run summary:
wandb:           best_epoch 25
wandb:    best_val_accuracy 51.96078
wandb:        best_val_loss 0.72143
wandb: checkpoint_best_path artifacts/probes/int...
wandb: checkpoint_last_path artifacts/probes/int...
wandb:      checkpoint_path artifacts/probes/int...
wandb:              dataset intphys2
wandb:      elapsed_seconds 2.31391
wandb:                epoch 50
wandb:    feature_signature b6519b564d05bc63
wandb:                  +22 ...
wandb: 
wandb: 🚀 View run intphys2_linear_videomae_v2_vit_giant_16_224_layer_30/trial_0003 at: https://wandb.ai/caselli-niccolo-developer-university-of-amsterdam/probe4physics/runs/69w9iemj
wandb: ⭐️ View project at: https://wandb.ai/caselli-niccolo-developer-university-of-amsterdam/probe4physics
wandb: Synced 5 W&B file(s), 0 media file(s), 0 artifact file(s) and 0 other file(s)
wandb: Find logs at: ./wandb/run-20260426_160359-69w9iemj/logs
[I 2026-04-26 16:04:02,568] Trial 3 finished with value: 15.686274509803921 and parameters: {'lr': 8.200518402245828e-05, 'weight_decay': 3.855073690026179e-08, 'batch_size': 32, 'epochs': 50}. Best is trial 0 with value: 39.21568627450981.
wandb: setting up run o8749vpd
wandb: Tracking run with wandb version 0.26.1
wandb: Run data is saved locally in /gpfs/home3/scur0511/Probe4Physics/wandb/run-20260426_160402-o8749vpd
wandb: Run `wandb offline` to turn off syncing.
wandb: Syncing run intphys2_linear_videomae_v2_vit_giant_16_224_layer_30/trial_0004
wandb: ⭐️ View project at https://wandb.ai/caselli-niccolo-developer-university-of-amsterdam/probe4physics
wandb: 🚀 View run at https://wandb.ai/caselli-niccolo-developer-university-of-amsterdam/probe4physics/runs/o8749vpd
[eval.intphys2] Starting eval | split_name=val split_dir=data/splits/intphys2 predictor_mode=from_file metadata_file=data/annotations/intphys2_metadata.csv
[eval.intphys2] Loaded split assignments | split_scenes=51 split_samples=204
[eval.intphys2] Generated predictions | n_predictions=204
[eval.intphys2] Scoring complete | accuracy=54.4118 voe_accuracy=25.4902 n_scenes=51 n_samples=204
[eval.intphys2] Artifacts written | output_dir=artifacts/probes/intphys2/intphys2_probe_linear_videomae_v2_vit_giant_16_224_20260426T133951Z/layer_30/train/trial_0004/val_eval
wandb: updating run metadata
wandb: uploading wandb-metadata.json; uploading requirements.txt; uploading output.log; uploading wandb-summary.json; uploading config.yaml
wandb: 
wandb: Run history:
wandb:          epoch ▁▁▁▁▂▂▂▂▂▂▃▃▃▃▃▄▄▄▄▄▅▅▅▅▅▅▆▆▆▆▆▆▇▇▇▇▇▇██
wandb: train_accuracy ▂▃▃▃▅▂▃▃▁▃▄▄▅▆▆▃▁▇█▄▆▃▆▇▄▆▅▆▆▆▄▅▄▃▅▅▆▅▆▆
wandb:     train_loss █▂▂▂▁▂▁▁▁▁▂▁▁▁▂▁▁▂▁▁▁▁▁▁▁▁▁▁▁▁▂▁▂▁▁▁▂▂▁▁
wandb:   val_accuracy ▃▃▂▄▁▂▆▂▇▆▃▂▃▃█▄▃▃▃▆▃▃▄▇▄▅▄▃▇▃▅▄▃▄▇▇▃▃▄▃
wandb:       val_loss ▄▆▃▃▄▂▂▃▁▁▂▁▁▁▂▂▃▁▂▁▂█▁▁▄▂▄▂▂▁▂▂▃▁▃▄▁▂▄▅
wandb: 
wandb: Run summary:
wandb:           best_epoch 18
wandb:    best_val_accuracy 54.41176
wandb:        best_val_loss 0.70169
wandb: checkpoint_best_path artifacts/probes/int...
wandb: checkpoint_last_path artifacts/probes/int...
wandb:      checkpoint_path artifacts/probes/int...
wandb:              dataset intphys2
wandb:      elapsed_seconds 2.39437
wandb:                epoch 50
wandb:    feature_signature b6519b564d05bc63
wandb:                  +22 ...
wandb: 
wandb: 🚀 View run intphys2_linear_videomae_v2_vit_giant_16_224_layer_30/trial_0004 at: https://wandb.ai/caselli-niccolo-developer-university-of-amsterdam/probe4physics/runs/o8749vpd
wandb: ⭐️ View project at: https://wandb.ai/caselli-niccolo-developer-university-of-amsterdam/probe4physics
wandb: Synced 5 W&B file(s), 0 media file(s), 0 artifact file(s) and 0 other file(s)
wandb: Find logs at: ./wandb/run-20260426_160402-o8749vpd/logs
[I 2026-04-26 16:04:05,952] Trial 4 finished with value: 25.49019607843137 and parameters: {'lr': 0.00043664735929796326, 'weight_decay': 1.2856617791467908e-07, 'batch_size': 32, 'epochs': 50}. Best is trial 0 with value: 39.21568627450981.
wandb: setting up run 0x5wwuld
wandb: Tracking run with wandb version 0.26.1
wandb: Run data is saved locally in /gpfs/home3/scur0511/Probe4Physics/wandb/run-20260426_160406-0x5wwuld
wandb: Run `wandb offline` to turn off syncing.
wandb: Syncing run intphys2_linear_videomae_v2_vit_giant_16_224_layer_30/trial_0005
wandb: ⭐️ View project at https://wandb.ai/caselli-niccolo-developer-university-of-amsterdam/probe4physics
wandb: 🚀 View run at https://wandb.ai/caselli-niccolo-developer-university-of-amsterdam/probe4physics/runs/0x5wwuld
