============================================================================================== 
Warning! Mixing Conda and module environments may lead to corruption of the
user environment. 
We do not recommend users mixing those two environments unless absolutely
necessary. Note that 
SURF does not provide any support for Conda environment.
For more information, please refer to our software policy page:
https://servicedesk.surf.nl/wiki/display/WIKI/Software+policy+Snellius#SoftwarepolicySnellius-UseofAnacondaandMinicondaenvironmentsonSnellius 

Remember that many packages have already been installed on the system and can
be loaded using 
the 'module load <package__name>' command. If you are uncertain if a package is
already available 
on the system, please use 'module avail' or 'module spider' to search for it.
============================================================================================== 
[I 2026-05-09 12:28:21,436] A new study created in RDB with name: intphys2_linear_ltx_video_layer_noise_1.0_block_12
wandb: [wandb.login()] Loaded credentials for https://api.wandb.ai from /home/scur0511/.netrc.
wandb: Currently logged in as: caselli-niccolo-developer (caselli-niccolo-developer-university-of-amsterdam) to https://api.wandb.ai. Use `wandb login --relogin` to force relogin
wandb: setting up run y31qnl91
wandb: Tracking run with wandb version 0.26.1
wandb: Run data is saved locally in /gpfs/home3/scur0511/Probe4Physics/wandb/run-20260509_122825-y31qnl91
wandb: Run `wandb offline` to turn off syncing.
wandb: Syncing run intphys2_linear_ltx_video_layer_noise_1.0_block_12/trial_0000
wandb: ⭐️ View project at https://wandb.ai/caselli-niccolo-developer-university-of-amsterdam/probe4physics
wandb: 🚀 View run at https://wandb.ai/caselli-niccolo-developer-university-of-amsterdam/probe4physics/runs/y31qnl91
[eval.intphys2] Starting eval | split_name=val split_dir=data/splits/intphys2 predictor_mode=from_file metadata_file=data/annotations/intphys2_metadata.csv
[eval.intphys2] Loaded split assignments | split_scenes=51 split_samples=204
[eval.intphys2] Generated predictions | n_predictions=204
[eval.intphys2] Scoring complete | accuracy=50.0000 voe_accuracy=0.0000 n_scenes=51 n_samples=204
[eval.intphys2] Artifacts written | output_dir=artifacts/probes/intphys2/intphys2_probe_linear_ltx_video_ltxv_13b_0_9_8_distilled_20260509T102820Z/layer_noise_1.0_block_12/train/trial_0000/val_eval
wandb: updating run metadata
wandb: uploading output.log; uploading wandb-summary.json; uploading config.yaml; uploading history steps 1911-1999, summary, console lines 0-4
wandb: 
wandb: Run history:
wandb:          epoch ▁▁▁▁▁▁▂▂▂▂▂▃▃▃▃▃▃▄▄▄▄▄▄▅▅▆▆▆▆▆▇▇▇▇▇▇████
wandb: train_accuracy ▄▃▄▅▃▃▆▆▆▄▅▁▅▂▆▃▃▅▃▆▅▂█▃▂▆▂▃▄▇▃▃▇▁▃▂▃▆▅▇
wandb:     train_loss ▃▂▄▃▁▁▄▂▃▄▅▅▂▂▅▂▃▃▂▆▃▃▃▃▄▇▂▂▇▂▁▂▄▅▂▂█▃▆▅
wandb:   val_accuracy ▁▁▁▁▁▁▁▁▁▁▁▁▁▁▁▁▁▁▁▁▁▁▁▁▁▁▁▁▁▁▁▁▁▁▁▁▁▁▁▁
wandb:       val_loss ▂▁▂▂▃▃▃▂▄▂▁▂▂▁▁▁▂▁▂▁▁▁▁▂▁▁▁▂▂▂▂▁▄▁▁▂█▃▂▂
wandb: 
wandb: Run summary:
wandb:           best_epoch 1228
wandb:    best_val_accuracy 50
wandb:        best_val_loss 0.69315
wandb: checkpoint_best_path artifacts/probes/int...
wandb: checkpoint_last_path artifacts/probes/int...
wandb:      checkpoint_path artifacts/probes/int...
wandb:              dataset intphys2
wandb:      elapsed_seconds 183.82554
wandb:                epoch 2000
wandb:    feature_signature cc5f37ae8af7ba58
wandb:                  +22 ...
wandb: 
wandb: 🚀 View run intphys2_linear_ltx_video_layer_noise_1.0_block_12/trial_0000 at: https://wandb.ai/caselli-niccolo-developer-university-of-amsterdam/probe4physics/runs/y31qnl91
wandb: ⭐️ View project at: https://wandb.ai/caselli-niccolo-developer-university-of-amsterdam/probe4physics
wandb: Synced 5 W&B file(s), 0 media file(s), 0 artifact file(s) and 0 other file(s)
wandb: Find logs at: ./wandb/run-20260509_122825-y31qnl91/logs
[I 2026-05-09 12:31:29,210] Trial 0 finished with value: 0.0 and parameters: {'lr': 0.0001329291894316216, 'weight_decay': 0.005061576888752304, 'batch_size': 32, 'epochs': 2000}. Best is trial 0 with value: 0.0.
wandb: setting up run ln6s9cih
wandb: Tracking run with wandb version 0.26.1
wandb: Run data is saved locally in /gpfs/home3/scur0511/Probe4Physics/wandb/run-20260509_123130-ln6s9cih
wandb: Run `wandb offline` to turn off syncing.
wandb: Syncing run intphys2_linear_ltx_video_layer_noise_1.0_block_12/trial_0001
wandb: ⭐️ View project at https://wandb.ai/caselli-niccolo-developer-university-of-amsterdam/probe4physics
wandb: 🚀 View run at https://wandb.ai/caselli-niccolo-developer-university-of-amsterdam/probe4physics/runs/ln6s9cih
[eval.intphys2] Starting eval | split_name=val split_dir=data/splits/intphys2 predictor_mode=from_file metadata_file=data/annotations/intphys2_metadata.csv
[eval.intphys2] Loaded split assignments | split_scenes=51 split_samples=204
[eval.intphys2] Generated predictions | n_predictions=204
[eval.intphys2] Scoring complete | accuracy=50.0000 voe_accuracy=0.0000 n_scenes=51 n_samples=204
[eval.intphys2] Artifacts written | output_dir=artifacts/probes/intphys2/intphys2_probe_linear_ltx_video_ltxv_13b_0_9_8_distilled_20260509T102820Z/layer_noise_1.0_block_12/train/trial_0001/val_eval
wandb: updating run metadata
wandb: uploading output.log; uploading wandb-summary.json; uploading config.yaml; uploading wandb-metadata.json; uploading requirements.txt
wandb: 
wandb: Run history:
wandb:          epoch ▁▁▁▁▁▂▂▂▂▂▃▃▃▃▃▃▄▄▄▄▄▄▅▅▅▅▅▅▆▆▆▇▇▇▇▇▇███
wandb: train_accuracy ▃▆▄▄▃▅▅▁▅▅▆▄▆▄▄▃▁▄▄▆▃█▃▄▅▄▄▄▃▃▄▆▄▅▃▆▃▃▃▄
wandb:     train_loss █▄▂▂▂▁▁▁▁▁▁▁▁▁▁▁▁▁▁▁▁▁▁▁▁▁▂▂▁▂▂▂▂▂▂▁▁▁▁▁
wandb:   val_accuracy ▁▁▁▁▁▁▁▁▁▁▁▁▁▁▁▁▁▁▁▁▁▁▁▁▁▁▁▁▁▁▁▁▁▁▁▁▁▁▁▁
wandb:       val_loss █▅▂▁▃▃▂▁▂▁▁▂▁▁▁▁▂▂▁▁▂▁▂▂▁▂▂▂▂▂▃▄▃▃▂▁▁▁▁▂
wandb: 
wandb: Run summary:
wandb:           best_epoch 15
wandb:    best_val_accuracy 50
wandb:        best_val_loss 0.71525
wandb: checkpoint_best_path artifacts/probes/int...
wandb: checkpoint_last_path artifacts/probes/int...
wandb:      checkpoint_path artifacts/probes/int...
wandb:              dataset intphys2
wandb:      elapsed_seconds 5.10984
wandb:                epoch 100
wandb:    feature_signature cc5f37ae8af7ba58
wandb:                  +22 ...
wandb: 
wandb: 🚀 View run intphys2_linear_ltx_video_layer_noise_1.0_block_12/trial_0001 at: https://wandb.ai/caselli-niccolo-developer-university-of-amsterdam/probe4physics/runs/ln6s9cih
wandb: ⭐️ View project at: https://wandb.ai/caselli-niccolo-developer-university-of-amsterdam/probe4physics
wandb: Synced 5 W&B file(s), 0 media file(s), 0 artifact file(s) and 0 other file(s)
wandb: Find logs at: ./wandb/run-20260509_123130-ln6s9cih/logs
[I 2026-05-09 12:31:36,166] Trial 1 finished with value: 0.0 and parameters: {'lr': 0.00314288089084011, 'weight_decay': 1.879466824163843e-07, 'batch_size': 256, 'epochs': 100}. Best is trial 0 with value: 0.0.
wandb: setting up run l5lz1qqk
wandb: Tracking run with wandb version 0.26.1
wandb: Run data is saved locally in /gpfs/home3/scur0511/Probe4Physics/wandb/run-20260509_123136-l5lz1qqk
wandb: Run `wandb offline` to turn off syncing.
wandb: Syncing run intphys2_linear_ltx_video_layer_noise_1.0_block_12/trial_0002
wandb: ⭐️ View project at https://wandb.ai/caselli-niccolo-developer-university-of-amsterdam/probe4physics
wandb: 🚀 View run at https://wandb.ai/caselli-niccolo-developer-university-of-amsterdam/probe4physics/runs/l5lz1qqk
[eval.intphys2] Starting eval | split_name=val split_dir=data/splits/intphys2 predictor_mode=from_file metadata_file=data/annotations/intphys2_metadata.csv
[eval.intphys2] Loaded split assignments | split_scenes=51 split_samples=204
[eval.intphys2] Generated predictions | n_predictions=204
[eval.intphys2] Scoring complete | accuracy=50.0000 voe_accuracy=0.0000 n_scenes=51 n_samples=204
[eval.intphys2] Artifacts written | output_dir=artifacts/probes/intphys2/intphys2_probe_linear_ltx_video_ltxv_13b_0_9_8_distilled_20260509T102820Z/layer_noise_1.0_block_12/train/trial_0002/val_eval
wandb: updating run metadata
wandb: 
wandb: Run history:
wandb:          epoch ▁▁▁▁▂▂▂▂▂▂▂▂▂▃▃▃▃▃▃▃▄▅▅▅▅▅▆▆▆▆▇▇▇▇▇▇▇███
wandb: train_accuracy ▅▆▅▆▅▇▅▃▆▄▇▇██▆▁▆▇▇▅▆▂▆▆▄▅▃▆▆▆▂▅▄▅▃▄▆▅▄▄
wandb:     train_loss █▂▄▂▁▂▃▂▁▂▅▃▁▃▄▂▁▂█▄▂▂▃▃▁▁▂▁▂▂▁▂▂▅▄▅▁▃▂▂
wandb:   val_accuracy ▁▁▁▁▁▁▁▁▁▁▁▁▁▁▁▁▁▁▁▁▁▁▁▁▁▁▁▁▁▁▁▁▁▁▁▁▁▁▁▁
wandb:       val_loss ▁▁▁▁▁▁▁▃▁▁▂▁█▁▂▁▂▅▁▂▁▅▇▂▃▅▃▅▁▇▁▁▁▂▁▁▁▁▁▁
wandb: 
wandb: Run summary:
wandb:           best_epoch 270
wandb:    best_val_accuracy 50
wandb:        best_val_loss 0.69315
wandb: checkpoint_best_path artifacts/probes/int...
wandb: checkpoint_last_path artifacts/probes/int...
wandb:      checkpoint_path artifacts/probes/int...
wandb:              dataset intphys2
wandb:      elapsed_seconds 54.88498
wandb:                epoch 1000
wandb:    feature_signature cc5f37ae8af7ba58
wandb:                  +22 ...
wandb: 
wandb: 🚀 View run intphys2_linear_ltx_video_layer_noise_1.0_block_12/trial_0002 at: https://wandb.ai/caselli-niccolo-developer-university-of-amsterdam/probe4physics/runs/l5lz1qqk
wandb: ⭐️ View project at: https://wandb.ai/caselli-niccolo-developer-university-of-amsterdam/probe4physics
wandb: Synced 5 W&B file(s), 0 media file(s), 0 artifact file(s) and 0 other file(s)
wandb: Find logs at: ./wandb/run-20260509_123136-l5lz1qqk/logs
[I 2026-05-09 12:32:32,876] Trial 2 finished with value: 0.0 and parameters: {'lr': 0.00023345864076016249, 'weight_decay': 0.0005141096648805752, 'batch_size': 128, 'epochs': 1000}. Best is trial 0 with value: 0.0.
wandb: setting up run vkk049e0
wandb: Tracking run with wandb version 0.26.1
wandb: Run data is saved locally in /gpfs/home3/scur0511/Probe4Physics/wandb/run-20260509_123233-vkk049e0
wandb: Run `wandb offline` to turn off syncing.
wandb: Syncing run intphys2_linear_ltx_video_layer_noise_1.0_block_12/trial_0003
wandb: ⭐️ View project at https://wandb.ai/caselli-niccolo-developer-university-of-amsterdam/probe4physics
wandb: 🚀 View run at https://wandb.ai/caselli-niccolo-developer-university-of-amsterdam/probe4physics/runs/vkk049e0
[eval.intphys2] Starting eval | split_name=val split_dir=data/splits/intphys2 predictor_mode=from_file metadata_file=data/annotations/intphys2_metadata.csv
[eval.intphys2] Loaded split assignments | split_scenes=51 split_samples=204
[eval.intphys2] Generated predictions | n_predictions=204
[eval.intphys2] Scoring complete | accuracy=50.0000 voe_accuracy=0.0000 n_scenes=51 n_samples=204
[eval.intphys2] Artifacts written | output_dir=artifacts/probes/intphys2/intphys2_probe_linear_ltx_video_ltxv_13b_0_9_8_distilled_20260509T102820Z/layer_noise_1.0_block_12/train/trial_0003/val_eval
wandb: updating run metadata
wandb: 
wandb: Run history:
wandb:          epoch ▁▁▁▁▂▂▂▂▂▂▃▃▃▃▃▄▄▄▄▄▅▅▅▅▅▆▆▆▆▆▆▇▇▇▇▇▇███
wandb: train_accuracy ▃▅▇▃▅▄▄▅▁▃▃█▅▃▄▄▅▄▃▃▄▃▅▁▄▃▅▂▇▃▅▅▄▆▃▄▃▅▅▆
wandb:     train_loss █▂▁▁▂▁▁▁▁▁▁▁▁▂▁▁▂▁▂▁▂▂▁▁▁▄▄▂▂▂▃▁▁▂▁▁▁▁▁▁
wandb:   val_accuracy ▁▁▁▁▁▁▁▁▁▁▁▁▁▁▁▁▁▁▁▁▁▁▁▁▁▁▁▁▁▁▁▁▁▁▁▁▁▁▁▁
wandb:       val_loss ▂▃▁▁▂▁▁▁▁▁▁▅▁▁▂▄▃▁▂▂▃▁▂▁▂▆▅▁▅▁▁▁▅▂▁▁▁▆▁█
wandb: 
wandb: Run summary:
wandb:           best_epoch 48
wandb:    best_val_accuracy 50
wandb:        best_val_loss 0.69315
wandb: checkpoint_best_path artifacts/probes/int...
wandb: checkpoint_last_path artifacts/probes/int...
wandb:      checkpoint_path artifacts/probes/int...
wandb:              dataset intphys2
wandb:      elapsed_seconds 4.13517
wandb:                epoch 50
wandb:    feature_signature cc5f37ae8af7ba58
wandb:                  +22 ...
wandb: 
wandb: 🚀 View run intphys2_linear_ltx_video_layer_noise_1.0_block_12/trial_0003 at: https://wandb.ai/caselli-niccolo-developer-university-of-amsterdam/probe4physics/runs/vkk049e0
wandb: ⭐️ View project at: https://wandb.ai/caselli-niccolo-developer-university-of-amsterdam/probe4physics
wandb: Synced 5 W&B file(s), 0 media file(s), 0 artifact file(s) and 0 other file(s)
wandb: Find logs at: ./wandb/run-20260509_123233-vkk049e0/logs
[I 2026-05-09 12:32:38,539] Trial 3 finished with value: 0.0 and parameters: {'lr': 8.200518402245828e-05, 'weight_decay': 3.855073690026179e-08, 'batch_size': 32, 'epochs': 50}. Best is trial 0 with value: 0.0.
wandb: setting up run q5gg6o2u
wandb: Tracking run with wandb version 0.26.1
wandb: Run data is saved locally in /gpfs/home3/scur0511/Probe4Physics/wandb/run-20260509_123239-q5gg6o2u
wandb: Run `wandb offline` to turn off syncing.
wandb: Syncing run intphys2_linear_ltx_video_layer_noise_1.0_block_12/trial_0004
wandb: ⭐️ View project at https://wandb.ai/caselli-niccolo-developer-university-of-amsterdam/probe4physics
wandb: 🚀 View run at https://wandb.ai/caselli-niccolo-developer-university-of-amsterdam/probe4physics/runs/q5gg6o2u
[eval.intphys2] Starting eval | split_name=val split_dir=data/splits/intphys2 predictor_mode=from_file metadata_file=data/annotations/intphys2_metadata.csv
[eval.intphys2] Loaded split assignments | split_scenes=51 split_samples=204
[eval.intphys2] Generated predictions | n_predictions=204
[eval.intphys2] Scoring complete | accuracy=50.0000 voe_accuracy=0.0000 n_scenes=51 n_samples=204
[eval.intphys2] Artifacts written | output_dir=artifacts/probes/intphys2/intphys2_probe_linear_ltx_video_ltxv_13b_0_9_8_distilled_20260509T102820Z/layer_noise_1.0_block_12/train/trial_0004/val_eval
wandb: updating run metadata
wandb: uploading output.log; uploading wandb-summary.json; uploading config.yaml; uploading wandb-metadata.json; uploading requirements.txt
wandb: 
wandb: Run history:
wandb:          epoch ▁▁▁▁▂▂▂▂▂▂▃▃▃▃▃▄▄▄▄▄▅▅▅▅▅▆▆▆▆▆▆▇▇▇▇▇▇███
wandb: train_accuracy ▅▅▁▇▇▅█▆▅▄▄▅▅█▄▅▄▅▃█▄▆▃▅▅█▄▇▂▆▄▂▇▅▅▅▆▅▅▅
wandb:     train_loss █▁▁▁▃▁▃▂▁▁▁▄▂▂▁▂▁▁▁▁▁▂▂▁▁▃▂▂▁▂▂▂▅▂▁▁▁▂▁▂
wandb:   val_accuracy ▁▁▁▁▁▁▁▁▁▁▁▁▁▁▁▁▁▁▁▁▁▁▁▁▁▁▁▁▁▁▁▁▁▁▁▁▁▁▁▁
wandb:       val_loss ▁▃▁▂▁▂▁▄▁▁▁▂▄▁▁▂▂▁▁▁▂▁▁▁▃▄▂▂▁▁▁█▃▁▁▁▂▁▁▇
wandb: 
wandb: Run summary:
wandb:           best_epoch 6
wandb:    best_val_accuracy 50
wandb:        best_val_loss 0.69315
wandb: checkpoint_best_path artifacts/probes/int...
wandb: checkpoint_last_path artifacts/probes/int...
wandb:      checkpoint_path artifacts/probes/int...
wandb:              dataset intphys2
wandb:      elapsed_seconds 4.37814
wandb:                epoch 50
wandb:    feature_signature cc5f37ae8af7ba58
wandb:                  +22 ...
wandb: 
wandb: 🚀 View run intphys2_linear_ltx_video_layer_noise_1.0_block_12/trial_0004 at: https://wandb.ai/caselli-niccolo-developer-university-of-amsterdam/probe4physics/runs/q5gg6o2u
wandb: ⭐️ View project at: https://wandb.ai/caselli-niccolo-developer-university-of-amsterdam/probe4physics
wandb: Synced 5 W&B file(s), 0 media file(s), 0 artifact file(s) and 0 other file(s)
wandb: Find logs at: ./wandb/run-20260509_123239-q5gg6o2u/logs
[I 2026-05-09 12:32:44,471] Trial 4 finished with value: 0.0 and parameters: {'lr': 0.00043664735929796326, 'weight_decay': 1.2856617791467908e-07, 'batch_size': 32, 'epochs': 50}. Best is trial 0 with value: 0.0.
wandb: setting up run byql2gzk
wandb: Tracking run with wandb version 0.26.1
wandb: Run data is saved locally in /gpfs/home3/scur0511/Probe4Physics/wandb/run-20260509_123245-byql2gzk
wandb: Run `wandb offline` to turn off syncing.
wandb: Syncing run intphys2_linear_ltx_video_layer_noise_1.0_block_12/trial_0005
wandb: ⭐️ View project at https://wandb.ai/caselli-niccolo-developer-university-of-amsterdam/probe4physics
wandb: 🚀 View run at https://wandb.ai/caselli-niccolo-developer-university-of-amsterdam/probe4physics/runs/byql2gzk
[eval.intphys2] Starting eval | split_name=val split_dir=data/splits/intphys2 predictor_mode=from_file metadata_file=data/annotations/intphys2_metadata.csv
[eval.intphys2] Loaded split assignments | split_scenes=51 split_samples=204
[eval.intphys2] Generated predictions | n_predictions=204
[eval.intphys2] Scoring complete | accuracy=50.0000 voe_accuracy=0.0000 n_scenes=51 n_samples=204
[eval.intphys2] Artifacts written | output_dir=artifacts/probes/intphys2/intphys2_probe_linear_ltx_video_ltxv_13b_0_9_8_distilled_20260509T102820Z/layer_noise_1.0_block_12/train/trial_0005/val_eval
wandb: updating run metadata
wandb: uploading output.log; uploading wandb-summary.json; uploading config.yaml
wandb: 
wandb: Run history:
wandb:          epoch ▁▁▁▁▁▂▂▂▃▃▃▃▃▃▃▄▄▄▄▄▄▅▅▅▅▅▅▆▆▆▆▇▇▇▇█████
wandb: train_accuracy ▅▅▁▄▄▅█▅▃▅▆▆▃▂▆▄▆▄▄▁▇▄▄▃▄▅▆▃▅▄▆▆▆▆▅▃▄▆▅▃
wandb:     train_loss ▂▅▁▂▃▄▄▃▅▄▅▃▅▂▃▅▅▃▄▂▅▃▃▃▂▁▅▄▃▂▆▄▄▅▂▃█▅▃▅
wandb:   val_accuracy ▁▁▁▁▁▁▁▁▁▁▁▁▁▁▁▁▁▁▁▁▁▁▁▁▁▁▁▁▁▁▁▁▁▁▁▁▁▁▁▁
wandb:       val_loss ▃▁▃▁▂█▁▅▄▆▁▂▁▃▂▅▇▁▂▁▁▁▁▆▃▁▁▄▂▁▂▅▄▂▁▄▅▁▁▂
wandb: 
wandb: Run summary:
wandb:           best_epoch 13
wandb:    best_val_accuracy 50
wandb:        best_val_loss 0.69315
wandb: checkpoint_best_path artifacts/probes/int...
wandb: checkpoint_last_path artifacts/probes/int...
wandb:      checkpoint_path artifacts/probes/int...
wandb:              dataset intphys2
wandb:      elapsed_seconds 31.48738
wandb:                epoch 500
wandb:    feature_signature cc5f37ae8af7ba58
wandb:                  +22 ...
wandb: 
wandb: 🚀 View run intphys2_linear_ltx_video_layer_noise_1.0_block_12/trial_0005 at: https://wandb.ai/caselli-niccolo-developer-university-of-amsterdam/probe4physics/runs/byql2gzk
wandb: ⭐️ View project at: https://wandb.ai/caselli-niccolo-developer-university-of-amsterdam/probe4physics
wandb: Synced 5 W&B file(s), 0 media file(s), 0 artifact file(s) and 0 other file(s)
wandb: Find logs at: ./wandb/run-20260509_123245-byql2gzk/logs
[I 2026-05-09 12:33:17,646] Trial 5 finished with value: 0.0 and parameters: {'lr': 0.00014656553886225324, 'weight_decay': 4.247116662617142e-07, 'batch_size': 32, 'epochs': 500}. Best is trial 0 with value: 0.0.
wandb: setting up run cvz4m9or
wandb: Tracking run with wandb version 0.26.1
wandb: Run data is saved locally in /gpfs/home3/scur0511/Probe4Physics/wandb/run-20260509_123318-cvz4m9or
wandb: Run `wandb offline` to turn off syncing.
wandb: Syncing run intphys2_linear_ltx_video_layer_noise_1.0_block_12/trial_0006
wandb: ⭐️ View project at https://wandb.ai/caselli-niccolo-developer-university-of-amsterdam/probe4physics
wandb: 🚀 View run at https://wandb.ai/caselli-niccolo-developer-university-of-amsterdam/probe4physics/runs/cvz4m9or
[eval.intphys2] Starting eval | split_name=val split_dir=data/splits/intphys2 predictor_mode=from_file metadata_file=data/annotations/intphys2_metadata.csv
[eval.intphys2] Loaded split assignments | split_scenes=51 split_samples=204
[eval.intphys2] Generated predictions | n_predictions=204
[eval.intphys2] Scoring complete | accuracy=50.0000 voe_accuracy=0.0000 n_scenes=51 n_samples=204
[eval.intphys2] Artifacts written | output_dir=artifacts/probes/intphys2/intphys2_probe_linear_ltx_video_ltxv_13b_0_9_8_distilled_20260509T102820Z/layer_noise_1.0_block_12/train/trial_0006/val_eval
wandb: updating run metadata
wandb: uploading wandb-metadata.json; uploading requirements.txt; uploading output.log; uploading wandb-summary.json; uploading config.yaml
wandb: 
wandb: Run history:
wandb:          epoch ▁▁▁▁▁▂▂▂▂▂▃▃▃▃▃▃▄▄▄▄▄▅▅▅▅▅▅▅▅▅▆▆▆▆▆▇▇▇▇█
wandb: train_accuracy ▇▇▇▇▆▇▄▇▃▇▇▇▇▇▇▇▇▃▇▇▇▅▇▄▁▇▇█▇▇▄▇▇▄▇▃▃▇▇▇
wandb:     train_loss █▂▂▁▁▁▁▁▁▁▁▁▁▁▁▁▁▁▁▁▁▁▁▁▁▁▁▁▁▁▁▁▁▁▁▁▁▁▁▁
wandb:   val_accuracy ▁▁▁▁▁▁▁▁▁▁▁▁▁▁▁▁▁▁▁▁▁▁▁▁▁▁▁▁▁▁▁▁▁▁▁▁▁▁▁▁
wandb:       val_loss █▁▁▁▁▁▁▁▁▁▁▁▁▁▁▁▁▁▁▁▁▁▁▁▁▁▁▁▁▁▁▁▁▁▁▁▁▁▁▁
wandb: 
wandb: Run summary:
wandb:           best_epoch 92
wandb:    best_val_accuracy 50
wandb:        best_val_loss 0.69315
wandb: checkpoint_best_path artifacts/probes/int...
wandb: checkpoint_last_path artifacts/probes/int...
wandb:      checkpoint_path artifacts/probes/int...
wandb:              dataset intphys2
wandb:      elapsed_seconds 5.13162
wandb:                epoch 100
wandb:    feature_signature cc5f37ae8af7ba58
wandb:                  +22 ...
wandb: 
wandb: 🚀 View run intphys2_linear_ltx_video_layer_noise_1.0_block_12/trial_0006 at: https://wandb.ai/caselli-niccolo-developer-university-of-amsterdam/probe4physics/runs/cvz4m9or
wandb: ⭐️ View project at: https://wandb.ai/caselli-niccolo-developer-university-of-amsterdam/probe4physics
wandb: Synced 5 W&B file(s), 0 media file(s), 0 artifact file(s) and 0 other file(s)
wandb: Find logs at: ./wandb/run-20260509_123318-cvz4m9or/logs
[I 2026-05-09 12:33:24,284] Trial 6 finished with value: 0.0 and parameters: {'lr': 1.0388823104027935e-05, 'weight_decay': 0.0007812113973534924, 'batch_size': 128, 'epochs': 100}. Best is trial 0 with value: 0.0.
wandb: setting up run 8qes2lbr
wandb: Tracking run with wandb version 0.26.1
wandb: Run data is saved locally in /gpfs/home3/scur0511/Probe4Physics/wandb/run-20260509_123325-8qes2lbr
wandb: Run `wandb offline` to turn off syncing.
wandb: Syncing run intphys2_linear_ltx_video_layer_noise_1.0_block_12/trial_0007
wandb: ⭐️ View project at https://wandb.ai/caselli-niccolo-developer-university-of-amsterdam/probe4physics
wandb: 🚀 View run at https://wandb.ai/caselli-niccolo-developer-university-of-amsterdam/probe4physics/runs/8qes2lbr
[eval.intphys2] Starting eval | split_name=val split_dir=data/splits/intphys2 predictor_mode=from_file metadata_file=data/annotations/intphys2_metadata.csv
[eval.intphys2] Loaded split assignments | split_scenes=51 split_samples=204
[eval.intphys2] Generated predictions | n_predictions=204
[eval.intphys2] Scoring complete | accuracy=50.0000 voe_accuracy=0.0000 n_scenes=51 n_samples=204
[eval.intphys2] Artifacts written | output_dir=artifacts/probes/intphys2/intphys2_probe_linear_ltx_video_ltxv_13b_0_9_8_distilled_20260509T102820Z/layer_noise_1.0_block_12/train/trial_0007/val_eval
wandb: updating run metadata
wandb: uploading output.log; uploading wandb-summary.json; uploading config.yaml
wandb: 
wandb: Run history:
wandb:          epoch ▁▁▁▂▂▂▂▂▂▂▂▂▂▂▃▃▃▃▄▄▄▄▄▅▅▅▆▆▆▆▇▇▇▇▇▇████
wandb: train_accuracy ▆▅▆▅▅▆▆▆▅▆▆▅▄▄▂▆▇▅▅█▅▆▆▅▆▄▁▂▄▆▅▅▆▃▆▆▆▆▄▅
wandb:     train_loss ▃▃▃▃▂▅▃▃▃█▂▃▃▄▂▂▂▂▂▁▂▁▂▄▂▂▃▂▁▂▅▄▂▂▁▃▂▄▂▃
wandb:   val_accuracy ▁▁▁▁▁▁▁▁▁▁▁▁▁▁▁▁▁▁▁▁▁▁▁▁▁▁▁▁▁▁▁▁▁▁▁▁▁▁▁▁
wandb:       val_loss ▁▄▁▁▁▁▄▁▂▁▄▁▂▁▁▃▃▂▂▁▁▁▁▁▁▁▁▁▅▂█▂▁▄▃▁▂▂▁▃
wandb: 
wandb: Run summary:
wandb:           best_epoch 730
wandb:    best_val_accuracy 50
wandb:        best_val_loss 0.69315
wandb: checkpoint_best_path artifacts/probes/int...
wandb: checkpoint_last_path artifacts/probes/int...
wandb:      checkpoint_path artifacts/probes/int...
wandb:              dataset intphys2
wandb:      elapsed_seconds 70.85258
wandb:                epoch 1000
wandb:    feature_signature cc5f37ae8af7ba58
wandb:                  +22 ...
wandb: 
wandb: 🚀 View run intphys2_linear_ltx_video_layer_noise_1.0_block_12/trial_0007 at: https://wandb.ai/caselli-niccolo-developer-university-of-amsterdam/probe4physics/runs/8qes2lbr
wandb: ⭐️ View project at: https://wandb.ai/caselli-niccolo-developer-university-of-amsterdam/probe4physics
wandb: Synced 5 W&B file(s), 0 media file(s), 0 artifact file(s) and 0 other file(s)
wandb: Find logs at: ./wandb/run-20260509_123325-8qes2lbr/logs
[I 2026-05-09 12:34:39,572] Trial 7 finished with value: 0.0 and parameters: {'lr': 8.569331925053983e-05, 'weight_decay': 8.93511059033186e-07, 'batch_size': 128, 'epochs': 1000}. Best is trial 0 with value: 0.0.
wandb: setting up run u2n6o5gx
wandb: Tracking run with wandb version 0.26.1
wandb: Run data is saved locally in /gpfs/home3/scur0511/Probe4Physics/wandb/run-20260509_123440-u2n6o5gx
wandb: Run `wandb offline` to turn off syncing.
wandb: Syncing run intphys2_linear_ltx_video_layer_noise_1.0_block_12/trial_0008
wandb: ⭐️ View project at https://wandb.ai/caselli-niccolo-developer-university-of-amsterdam/probe4physics
wandb: 🚀 View run at https://wandb.ai/caselli-niccolo-developer-university-of-amsterdam/probe4physics/runs/u2n6o5gx
[eval.intphys2] Starting eval | split_name=val split_dir=data/splits/intphys2 predictor_mode=from_file metadata_file=data/annotations/intphys2_metadata.csv
[eval.intphys2] Loaded split assignments | split_scenes=51 split_samples=204
[eval.intphys2] Generated predictions | n_predictions=204
[eval.intphys2] Scoring complete | accuracy=50.0000 voe_accuracy=0.0000 n_scenes=51 n_samples=204
[eval.intphys2] Artifacts written | output_dir=artifacts/probes/intphys2/intphys2_probe_linear_ltx_video_ltxv_13b_0_9_8_distilled_20260509T102820Z/layer_noise_1.0_block_12/train/trial_0008/val_eval
wandb: updating run metadata
wandb: uploading history steps 0-99, summary, console lines 0-4
wandb: 
wandb: Run history:
wandb:          epoch ▁▁▁▁▂▂▂▂▂▃▃▃▃▄▄▄▄▄▄▄▅▅▅▅▅▆▆▆▆▆▆▇▇▇▇▇▇███
wandb: train_accuracy ▃▇▅▅▅▆▅▅▅▅▄▅▅▃▅▄▅▅▅▄▅▁▅█▅▃▄▅▄▄▄▅▅▄▅▆▅▄▄▄
wandb:     train_loss █▂▂▁▁▁▁▁▁▁▁▁▁▁▁▁▁▁▁▁▁▁▁▁▁▁▁▁▁▁▁▁▁▁▁▁▁▁▁▁
wandb:   val_accuracy ▁▁▁▁▁▁▁▁▁▁▁▁▁▁▁▁▁▁▁▁▁▁▁▁▁▁▁▁▁▁▁▁▁▁▁▁▁▁▁▁
wandb:       val_loss ▂▅█▁▂▃▁▁▁▁▁▁▁▁▁▂▁▁▄▆▁▁▁▂▂▂▃▁▂▂▂▁▂▂▁▁▁▁▁▁
wandb: 
wandb: Run summary:
wandb:           best_epoch 21
wandb:    best_val_accuracy 50
wandb:        best_val_loss 0.69315
wandb: checkpoint_best_path artifacts/probes/int...
wandb: checkpoint_last_path artifacts/probes/int...
wandb:      checkpoint_path artifacts/probes/int...
wandb:              dataset intphys2
wandb:      elapsed_seconds 5.48454
wandb:                epoch 100
wandb:    feature_signature cc5f37ae8af7ba58
wandb:                  +22 ...
wandb: 
wandb: 🚀 View run intphys2_linear_ltx_video_layer_noise_1.0_block_12/trial_0008 at: https://wandb.ai/caselli-niccolo-developer-university-of-amsterdam/probe4physics/runs/u2n6o5gx
wandb: ⭐️ View project at: https://wandb.ai/caselli-niccolo-developer-university-of-amsterdam/probe4physics
wandb: Synced 5 W&B file(s), 0 media file(s), 0 artifact file(s) and 0 other file(s)
wandb: Find logs at: ./wandb/run-20260509_123440-u2n6o5gx/logs
[I 2026-05-09 12:34:48,838] Trial 8 finished with value: 0.0 and parameters: {'lr': 0.0003699972431463808, 'weight_decay': 3.6749049453053196e-06, 'batch_size': 256, 'epochs': 100}. Best is trial 0 with value: 0.0.
wandb: setting up run ccqlzwfl
wandb: Tracking run with wandb version 0.26.1
wandb: Run data is saved locally in /gpfs/home3/scur0511/Probe4Physics/wandb/run-20260509_123453-ccqlzwfl
wandb: Run `wandb offline` to turn off syncing.
wandb: Syncing run intphys2_linear_ltx_video_layer_noise_1.0_block_12/trial_0009
wandb: ⭐️ View project at https://wandb.ai/caselli-niccolo-developer-university-of-amsterdam/probe4physics
wandb: 🚀 View run at https://wandb.ai/caselli-niccolo-developer-university-of-amsterdam/probe4physics/runs/ccqlzwfl
[eval.intphys2] Starting eval | split_name=val split_dir=data/splits/intphys2 predictor_mode=from_file metadata_file=data/annotations/intphys2_metadata.csv
[eval.intphys2] Loaded split assignments | split_scenes=51 split_samples=204
[eval.intphys2] Generated predictions | n_predictions=204
[eval.intphys2] Scoring complete | accuracy=50.0000 voe_accuracy=0.0000 n_scenes=51 n_samples=204
[eval.intphys2] Artifacts written | output_dir=artifacts/probes/intphys2/intphys2_probe_linear_ltx_video_ltxv_13b_0_9_8_distilled_20260509T102820Z/layer_noise_1.0_block_12/train/trial_0009/val_eval
wandb: updating run metadata
wandb: uploading output.log; uploading wandb-summary.json; uploading config.yaml
wandb: 
wandb: Run history:
wandb:          epoch ▁▁▁▁▁▁▂▂▂▂▂▂▂▃▃▃▃▄▄▄▄▄▄▅▅▅▆▆▆▆▆▆▆▇▇▇████
wandb: train_accuracy ▅▆▆▆▅▁▅▅▆▆▇▅▆▅▃▄▂▆▆▅█▆▆▄▃▆▅▆▆▇▆▆▆▁▄▅▆▆▆▆
wandb:     train_loss ▃▂▁▂▂▁▂▂▂▂▂▁▄▂▃▄█▂▂▂▃▂▆▂▂▂▂▂▂▃▁▃▂▂▂▁▂▁▂▃
wandb:   val_accuracy ▁▁▁▁▁▁▁▁▁▁▁▁▁▁▁▁▁▁▁▁▁▁▁▁▁▁▁▁▁▁▁▁▁▁▁▁▁▁▁▁
wandb:       val_loss ▃▁▁▂▁▅▁▂▅▂▃▆▁▂▁▁▂▁▁▁▁▄█▁▂▁▁▁▅▄▁▁▁▄▁▁▁▃▃▁
wandb: 
wandb: Run summary:
wandb:           best_epoch 234
wandb:    best_val_accuracy 50
wandb:        best_val_loss 0.69315
wandb: checkpoint_best_path artifacts/probes/int...
wandb: checkpoint_last_path artifacts/probes/int...
wandb:      checkpoint_path artifacts/probes/int...
wandb:              dataset intphys2
wandb:      elapsed_seconds 108.38436
wandb:                epoch 1000
wandb:    feature_signature cc5f37ae8af7ba58
wandb:                  +22 ...
wandb: 
wandb: 🚀 View run intphys2_linear_ltx_video_layer_noise_1.0_block_12/trial_0009 at: https://wandb.ai/caselli-niccolo-developer-university-of-amsterdam/probe4physics/runs/ccqlzwfl
wandb: ⭐️ View project at: https://wandb.ai/caselli-niccolo-developer-university-of-amsterdam/probe4physics
wandb: Synced 5 W&B file(s), 0 media file(s), 0 artifact file(s) and 0 other file(s)
wandb: Find logs at: ./wandb/run-20260509_123453-ccqlzwfl/logs
[I 2026-05-09 12:36:40,478] Trial 9 finished with value: 0.0 and parameters: {'lr': 4.857295179217165e-05, 'weight_decay': 2.8965395242758635e-08, 'batch_size': 128, 'epochs': 1000}. Best is trial 0 with value: 0.0.
wandb: setting up run ks5w5z5l
wandb: Tracking run with wandb version 0.26.1
wandb: Run data is saved locally in /gpfs/home3/scur0511/Probe4Physics/wandb/run-20260509_123643-ks5w5z5l
wandb: Run `wandb offline` to turn off syncing.
wandb: Syncing run intphys2_linear_ltx_video_layer_noise_1.0_block_12/trial_0010
wandb: ⭐️ View project at https://wandb.ai/caselli-niccolo-developer-university-of-amsterdam/probe4physics
wandb: 🚀 View run at https://wandb.ai/caselli-niccolo-developer-university-of-amsterdam/probe4physics/runs/ks5w5z5l
[eval.intphys2] Starting eval | split_name=val split_dir=data/splits/intphys2 predictor_mode=from_file metadata_file=data/annotations/intphys2_metadata.csv
[eval.intphys2] Loaded split assignments | split_scenes=51 split_samples=204
[eval.intphys2] Generated predictions | n_predictions=204
[eval.intphys2] Scoring complete | accuracy=50.0000 voe_accuracy=0.0000 n_scenes=51 n_samples=204
[eval.intphys2] Artifacts written | output_dir=artifacts/probes/intphys2/intphys2_probe_linear_ltx_video_ltxv_13b_0_9_8_distilled_20260509T102820Z/layer_noise_1.0_block_12/train/trial_0010/val_eval
wandb: updating run metadata
wandb: uploading output.log; uploading wandb-summary.json; uploading config.yaml
wandb: 
wandb: Run history:
wandb:          epoch ▁▁▂▂▂▂▂▂▂▂▃▃▃▃▃▃▃▄▄▄▄▄▄▄▅▅▅▅▅▅▆▆▆▇▇▇▇▇██
wandb: train_accuracy ▅▃▅▅▃▅▄▄█▆▅▅▄▆▃▇▇▆▅▅▆▃▆▅▄▇▅▃▂▅▄▅▃▅▅▆▃▆▁▆
wandb:     train_loss ▂▂▄▄▂▂▁▁▂▁▂▂▃▁▅▃▃▁▂▁▄▂▂▂▂▂▁▂▄▂▂▁▃▃▂▅▅█▁▂
wandb:   val_accuracy ▁▁▁▁▁▁▁▁▁▁▁▁▁▁▁▁▁▁▁▁▁▁▁▁▁▁▁▁▁▁▁▁▁▁▁▁▁▁▁▁
wandb:       val_loss ▃▁▁▅▂▃▃▁▂▃▃▂▃█▁▁▃▂▂▅▃▆▁▁▁▁▄▅▂▁▂▃▆▂▃▂▂▁▁▂
wandb: 
wandb: Run summary:
wandb:           best_epoch 1670
wandb:    best_val_accuracy 50
wandb:        best_val_loss 0.69315
wandb: checkpoint_best_path artifacts/probes/int...
wandb: checkpoint_last_path artifacts/probes/int...
wandb:      checkpoint_path artifacts/probes/int...
wandb:              dataset intphys2
wandb:      elapsed_seconds 162.3161
wandb:                epoch 2000
wandb:    feature_signature cc5f37ae8af7ba58
wandb:                  +22 ...
wandb: 
wandb: 🚀 View run intphys2_linear_ltx_video_layer_noise_1.0_block_12/trial_0010 at: https://wandb.ai/caselli-niccolo-developer-university-of-amsterdam/probe4physics/runs/ks5w5z5l
wandb: ⭐️ View project at: https://wandb.ai/caselli-niccolo-developer-university-of-amsterdam/probe4physics
wandb: Synced 5 W&B file(s), 0 media file(s), 0 artifact file(s) and 0 other file(s)
wandb: Find logs at: ./wandb/run-20260509_123643-ks5w5z5l/logs
[I 2026-05-09 12:39:26,634] Trial 10 finished with value: 0.0 and parameters: {'lr': 0.002146403547714585, 'weight_decay': 0.003955232336089218, 'batch_size': 64, 'epochs': 2000}. Best is trial 0 with value: 0.0.
wandb: setting up run 4ujv5633
wandb: Tracking run with wandb version 0.26.1
wandb: Run data is saved locally in /gpfs/home3/scur0511/Probe4Physics/wandb/run-20260509_123927-4ujv5633
wandb: Run `wandb offline` to turn off syncing.
wandb: Syncing run intphys2_linear_ltx_video_layer_noise_1.0_block_12/trial_0011
wandb: ⭐️ View project at https://wandb.ai/caselli-niccolo-developer-university-of-amsterdam/probe4physics
wandb: 🚀 View run at https://wandb.ai/caselli-niccolo-developer-university-of-amsterdam/probe4physics/runs/4ujv5633
[eval.intphys2] Starting eval | split_name=val split_dir=data/splits/intphys2 predictor_mode=from_file metadata_file=data/annotations/intphys2_metadata.csv
[eval.intphys2] Loaded split assignments | split_scenes=51 split_samples=204
[eval.intphys2] Generated predictions | n_predictions=204
[eval.intphys2] Scoring complete | accuracy=50.0000 voe_accuracy=0.0000 n_scenes=51 n_samples=204
[eval.intphys2] Artifacts written | output_dir=artifacts/probes/intphys2/intphys2_probe_linear_ltx_video_ltxv_13b_0_9_8_distilled_20260509T102820Z/layer_noise_1.0_block_12/train/trial_0011/val_eval
wandb: updating run metadata
wandb: uploading wandb-metadata.json; uploading requirements.txt; uploading output.log; uploading wandb-summary.json; uploading config.yaml
wandb: 
wandb: Run history:
wandb:          epoch ▁▁▂▂▂▃▃▄▄▄▅▅▅▆▆▇▇▇██
wandb: train_accuracy ▁▅▇▄▄▄▄▂▆▅▃▄▅▄▄▃▆▆█▄
wandb:     train_loss █▄▂▃▅▃▆▂▂▂▁▁▂▂▃▂▂▁▁▁
wandb:   val_accuracy ▁▁▁▁▁▁▁▁▁▁▁▁▁▁▁▁▁▁▁▁
wandb:       val_loss █▄▆▅▅█▄▄▃▂▂▃▄▃▁▂▃▁▂▃
wandb: 
wandb: Run summary:
wandb:           best_epoch 15
wandb:    best_val_accuracy 50
wandb:        best_val_loss 0.69334
wandb: checkpoint_best_path artifacts/probes/int...
wandb: checkpoint_last_path artifacts/probes/int...
wandb:      checkpoint_path artifacts/probes/int...
wandb:              dataset intphys2
wandb:      elapsed_seconds 2.04512
wandb:                epoch 20
wandb:    feature_signature cc5f37ae8af7ba58
wandb:                  +22 ...
wandb: 
wandb: 🚀 View run intphys2_linear_ltx_video_layer_noise_1.0_block_12/trial_0011 at: https://wandb.ai/caselli-niccolo-developer-university-of-amsterdam/probe4physics/runs/4ujv5633
wandb: ⭐️ View project at: https://wandb.ai/caselli-niccolo-developer-university-of-amsterdam/probe4physics
wandb: Synced 5 W&B file(s), 0 media file(s), 0 artifact file(s) and 0 other file(s)
wandb: Find logs at: ./wandb/run-20260509_123927-4ujv5633/logs
[I 2026-05-09 12:39:30,413] Trial 11 finished with value: 0.0 and parameters: {'lr': 0.006290638535730336, 'weight_decay': 3.099069456180075e-05, 'batch_size': 256, 'epochs': 20}. Best is trial 0 with value: 0.0.
wandb: setting up run jx1ynk5j
wandb: Tracking run with wandb version 0.26.1
wandb: Run data is saved locally in /gpfs/home3/scur0511/Probe4Physics/wandb/run-20260509_123931-jx1ynk5j
wandb: Run `wandb offline` to turn off syncing.
wandb: Syncing run intphys2_linear_ltx_video_layer_noise_1.0_block_12/trial_0012
wandb: ⭐️ View project at https://wandb.ai/caselli-niccolo-developer-university-of-amsterdam/probe4physics
wandb: 🚀 View run at https://wandb.ai/caselli-niccolo-developer-university-of-amsterdam/probe4physics/runs/jx1ynk5j
[eval.intphys2] Starting eval | split_name=val split_dir=data/splits/intphys2 predictor_mode=from_file metadata_file=data/annotations/intphys2_metadata.csv
[eval.intphys2] Loaded split assignments | split_scenes=51 split_samples=204
[eval.intphys2] Generated predictions | n_predictions=204
[eval.intphys2] Scoring complete | accuracy=50.0000 voe_accuracy=0.0000 n_scenes=51 n_samples=204
[eval.intphys2] Artifacts written | output_dir=artifacts/probes/intphys2/intphys2_probe_linear_ltx_video_ltxv_13b_0_9_8_distilled_20260509T102820Z/layer_noise_1.0_block_12/train/trial_0012/val_eval
wandb: updating run metadata
wandb: uploading output.log; uploading wandb-summary.json; uploading config.yaml
wandb: 
wandb: Run history:
wandb:          epoch ▁▁▁▂▂▂▂▂▂▃▃▃▃▃▃▄▄▄▄▄▅▅▆▆▆▆▆▆▆▆▇▇▇▇▇▇▇███
wandb: train_accuracy ▆▅▅▅▅▅▅▆▅▅▂▅▆▆▄▇▄▅▁▄▆▆█▆▃▇▆▄▄▆▄▆▄▃▆▄▇▆▆▅
wandb:     train_loss ▂▁▂█▂▅▃▃▂▄▄▃▃▃▁▃▃▂▂▃▂▁▁▁▂▂▁▁▃▆▂▂▁▁▁▂▁▁▃▅
wandb:   val_accuracy ▁▁▁▁▁▁▁▁▁▁▁▁▁▁▁▁▁▁▁▁▁▁▁▁▁▁▁▁▁▁▁▁▁▁▁▁▁▁▁▁
wandb:       val_loss ▁▁▁▁▂▁▇▃▄▁▁▁▁▄▄▃▁▄▃▁▁▃▄▁▁▂▁▁▇█▃▁▂▅▁▂▂▁▁▄
wandb: 
wandb: Run summary:
wandb:           best_epoch 144
wandb:    best_val_accuracy 50
wandb:        best_val_loss 0.69315
wandb: checkpoint_best_path artifacts/probes/int...
wandb: checkpoint_last_path artifacts/probes/int...
wandb:      checkpoint_path artifacts/probes/int...
wandb:              dataset intphys2
wandb:      elapsed_seconds 153.87384
wandb:                epoch 2000
wandb:    feature_signature cc5f37ae8af7ba58
wandb:                  +22 ...
wandb: 
wandb: 🚀 View run intphys2_linear_ltx_video_layer_noise_1.0_block_12/trial_0012 at: https://wandb.ai/caselli-niccolo-developer-university-of-amsterdam/probe4physics/runs/jx1ynk5j
wandb: ⭐️ View project at: https://wandb.ai/caselli-niccolo-developer-university-of-amsterdam/probe4physics
wandb: Synced 5 W&B file(s), 0 media file(s), 0 artifact file(s) and 0 other file(s)
wandb: Find logs at: ./wandb/run-20260509_123931-jx1ynk5j/logs
[I 2026-05-09 12:42:07,792] Trial 12 finished with value: 0.0 and parameters: {'lr': 0.0017138890273524052, 'weight_decay': 2.8103024558302232e-05, 'batch_size': 256, 'epochs': 2000}. Best is trial 0 with value: 0.0.
wandb: setting up run vlsppq6m
wandb: Tracking run with wandb version 0.26.1
wandb: Run data is saved locally in /gpfs/home3/scur0511/Probe4Physics/wandb/run-20260509_124208-vlsppq6m
wandb: Run `wandb offline` to turn off syncing.
wandb: Syncing run intphys2_linear_ltx_video_layer_noise_1.0_block_12/trial_0013
wandb: ⭐️ View project at https://wandb.ai/caselli-niccolo-developer-university-of-amsterdam/probe4physics
wandb: 🚀 View run at https://wandb.ai/caselli-niccolo-developer-university-of-amsterdam/probe4physics/runs/vlsppq6m
[eval.intphys2] Starting eval | split_name=val split_dir=data/splits/intphys2 predictor_mode=from_file metadata_file=data/annotations/intphys2_metadata.csv
[eval.intphys2] Loaded split assignments | split_scenes=51 split_samples=204
[eval.intphys2] Generated predictions | n_predictions=204
[eval.intphys2] Scoring complete | accuracy=50.0000 voe_accuracy=0.0000 n_scenes=51 n_samples=204
[eval.intphys2] Artifacts written | output_dir=artifacts/probes/intphys2/intphys2_probe_linear_ltx_video_ltxv_13b_0_9_8_distilled_20260509T102820Z/layer_noise_1.0_block_12/train/trial_0013/val_eval
wandb: updating run metadata
wandb: uploading output.log; uploading wandb-summary.json; uploading config.yaml
wandb: 
wandb: Run history:
wandb:          epoch ▁▁▁▁▁▂▂▂▂▂▃▃▃▃▄▄▄▄▄▄▅▅▅▅▆▆▆▆▆▆▆▆▇▇▇▇▇▇██
wandb: train_accuracy ▂▄▂▅▄▅▇▄▇▄▅▅▃▅▅▃▆▃▂▅▃▆▂▂▄▃▄▆▇▇▃▆█▅▁█▅▃▃▇
wandb:     train_loss ▂▄▂▂▂▃▂▂▂▃▁▂▂▇▁▁▃▄▁▂▂█▁▂▂▂▂▁▃▂▁▁█▁▁▁▂▅▇▁
wandb:   val_accuracy ▁▁▁▁▁▁▁▁▁▁▁▁▁▁▁▁▁▁▁▁▁▁▁▁▁▁▁▁▁▁▁▁▁▁▁▁▁▁▁▁
wandb:       val_loss ▆▁▇▃▁▁▃▄▁▁▄▂▄▁▁▂▂▃▆▂▄▅▂▁▇▂▁▁▂▆▁▂▁▃▆▂▆▁█▃
wandb: 
wandb: Run summary:
wandb:           best_epoch 249
wandb:    best_val_accuracy 50
wandb:        best_val_loss 0.69315
wandb: checkpoint_best_path artifacts/probes/int...
wandb: checkpoint_last_path artifacts/probes/int...
wandb:      checkpoint_path artifacts/probes/int...
wandb:              dataset intphys2
wandb:      elapsed_seconds 167.84094
wandb:                epoch 2000
wandb:    feature_signature cc5f37ae8af7ba58
wandb:                  +22 ...
wandb: 
wandb: 🚀 View run intphys2_linear_ltx_video_layer_noise_1.0_block_12/trial_0013 at: https://wandb.ai/caselli-niccolo-developer-university-of-amsterdam/probe4physics/runs/vlsppq6m
wandb: ⭐️ View project at: https://wandb.ai/caselli-niccolo-developer-university-of-amsterdam/probe4physics
wandb: Synced 5 W&B file(s), 0 media file(s), 0 artifact file(s) and 0 other file(s)
wandb: Find logs at: ./wandb/run-20260509_124208-vlsppq6m/logs
[I 2026-05-09 12:44:59,284] Trial 13 finished with value: 0.0 and parameters: {'lr': 0.0009827696709910616, 'weight_decay': 0.008946810000979412, 'batch_size': 64, 'epochs': 2000}. Best is trial 0 with value: 0.0.
wandb: setting up run 8oy2lxwj
wandb: Tracking run with wandb version 0.26.1
wandb: Run data is saved locally in /gpfs/home3/scur0511/Probe4Physics/wandb/run-20260509_124459-8oy2lxwj
wandb: Run `wandb offline` to turn off syncing.
wandb: Syncing run intphys2_linear_ltx_video_layer_noise_1.0_block_12/trial_0014
wandb: ⭐️ View project at https://wandb.ai/caselli-niccolo-developer-university-of-amsterdam/probe4physics
wandb: 🚀 View run at https://wandb.ai/caselli-niccolo-developer-university-of-amsterdam/probe4physics/runs/8oy2lxwj
[eval.intphys2] Starting eval | split_name=val split_dir=data/splits/intphys2 predictor_mode=from_file metadata_file=data/annotations/intphys2_metadata.csv
[eval.intphys2] Loaded split assignments | split_scenes=51 split_samples=204
[eval.intphys2] Generated predictions | n_predictions=204
[eval.intphys2] Scoring complete | accuracy=50.0000 voe_accuracy=0.0000 n_scenes=51 n_samples=204
[eval.intphys2] Artifacts written | output_dir=artifacts/probes/intphys2/intphys2_probe_linear_ltx_video_ltxv_13b_0_9_8_distilled_20260509T102820Z/layer_noise_1.0_block_12/train/trial_0014/val_eval
wandb: updating run metadata
wandb: uploading output.log; uploading wandb-summary.json; uploading config.yaml
wandb: 
wandb: Run history:
wandb:          epoch ▁▁▁▁▁▂▂▂▂▂▂▃▃▃▃▃▃▄▄▄▄▄▄▅▅▅▅▆▆▆▆▆▇▇▇▇▇▇▇█
wandb: train_accuracy ▆▇▅▆▃▁▃▅▆▄▇▆▅▇▆▆▅▁▄▂▆▆▅█▅▅▇▅▅▆▅▅▆▄▂▅▅▆▅▆
wandb:     train_loss ▄▃▁▂▂▂▂▂▂▃▃▂▂▁▂▃▁▂▂▂▂▂▁▂▁█▃▃▁▂▂▂▂▁▁▁▂▁▁▁
wandb:   val_accuracy ▁▁▁▁▁▁▁▁▁▁▁▁▁▁▁▁▁▁▁▁▁▁▁▁▁▁▁▁▁▁▁▁▁▁▁▁▁▁▁▁
wandb:       val_loss ▂▂▂▂▂▁▁▂▂▂▂▄▃▄▁▂▂▄▁▂▂▁▂▃▁▂▁▁▃▁▆█▂▂▁▂▂▂▁▁
wandb: 
wandb: Run summary:
wandb:           best_epoch 96
wandb:    best_val_accuracy 50
wandb:        best_val_loss 0.70189
wandb: checkpoint_best_path artifacts/probes/int...
wandb: checkpoint_last_path artifacts/probes/int...
wandb:      checkpoint_path artifacts/probes/int...
wandb:              dataset intphys2
wandb:      elapsed_seconds 6.864
wandb:                epoch 100
wandb:    feature_signature cc5f37ae8af7ba58
wandb:                  +22 ...
wandb: 
wandb: 🚀 View run intphys2_linear_ltx_video_layer_noise_1.0_block_12/trial_0014 at: https://wandb.ai/caselli-niccolo-developer-university-of-amsterdam/probe4physics/runs/8oy2lxwj
wandb: ⭐️ View project at: https://wandb.ai/caselli-niccolo-developer-university-of-amsterdam/probe4physics
wandb: Synced 5 W&B file(s), 0 media file(s), 0 artifact file(s) and 0 other file(s)
wandb: Find logs at: ./wandb/run-20260509_124459-8oy2lxwj/logs
[I 2026-05-09 12:45:07,668] Trial 14 finished with value: 0.0 and parameters: {'lr': 0.009346845015219, 'weight_decay': 0.00010294317962430987, 'batch_size': 32, 'epochs': 100}. Best is trial 0 with value: 0.0.
wandb: setting up run 8ob1pl2u
wandb: Tracking run with wandb version 0.26.1
wandb: Run data is saved locally in /gpfs/home3/scur0511/Probe4Physics/wandb/run-20260509_124509-8ob1pl2u
wandb: Run `wandb offline` to turn off syncing.
wandb: Syncing run intphys2_linear_ltx_video_layer_noise_1.0_block_12/trial_0015
wandb: ⭐️ View project at https://wandb.ai/caselli-niccolo-developer-university-of-amsterdam/probe4physics
wandb: 🚀 View run at https://wandb.ai/caselli-niccolo-developer-university-of-amsterdam/probe4physics/runs/8ob1pl2u
[eval.intphys2] Starting eval | split_name=val split_dir=data/splits/intphys2 predictor_mode=from_file metadata_file=data/annotations/intphys2_metadata.csv
[eval.intphys2] Loaded split assignments | split_scenes=51 split_samples=204
[eval.intphys2] Generated predictions | n_predictions=204
[eval.intphys2] Scoring complete | accuracy=50.0000 voe_accuracy=0.0000 n_scenes=51 n_samples=204
[eval.intphys2] Artifacts written | output_dir=artifacts/probes/intphys2/intphys2_probe_linear_ltx_video_ltxv_13b_0_9_8_distilled_20260509T102820Z/layer_noise_1.0_block_12/train/trial_0015/val_eval
wandb: updating run metadata
wandb: uploading output.log; uploading wandb-summary.json; uploading config.yaml
wandb: 
wandb: Run history:
wandb:          epoch ▁▁▁▂▂▂▂▂▂▂▃▃▃▃▃▃▄▄▅▅▅▅▅▅▅▆▆▆▆▆▆▇▇▇▇▇▇▇██
wandb: train_accuracy ▆▆▆▆▆▆▆▆▆▆▆▆▄▆▆▆▆▆▅▆▁▆▆▆▆▆▆▆▃▆▆▆█▆▆▆▆▆▆▆
wandb:     train_loss █▁▁▁▁▁▁▁▁▁▁▁▁▁▁▁▁▁▁▁▁▁▁▁▁▁▁▁▁▁▁▁▁▁▁▁▁▁▁▁
wandb:   val_accuracy ▁▁▁▁▁▁▁▁▁▁▁▁▁▁▁▁▁▁▁▁▁▁▁▁▁▁▁▁▁▁▁▁▁▁▁▁▁▁▁▁
wandb:       val_loss █▁▁▁▁▁▁▁▁▁▁▁▁▁▁▁▁▁▁▁▁▁▁▁▁▁▁▁▁▁▁▁▁▁▁▁▁▁▁▁
wandb: 
wandb: Run summary:
wandb:           best_epoch 33
wandb:    best_val_accuracy 50
wandb:        best_val_loss 0.69315
wandb: checkpoint_best_path artifacts/probes/int...
wandb: checkpoint_last_path artifacts/probes/int...
wandb:      checkpoint_path artifacts/probes/int...
wandb:              dataset intphys2
wandb:      elapsed_seconds 25.12134
wandb:                epoch 500
wandb:    feature_signature cc5f37ae8af7ba58
wandb:                  +22 ...
wandb: 
wandb: 🚀 View run intphys2_linear_ltx_video_layer_noise_1.0_block_12/trial_0015 at: https://wandb.ai/caselli-niccolo-developer-university-of-amsterdam/probe4physics/runs/8ob1pl2u
wandb: ⭐️ View project at: https://wandb.ai/caselli-niccolo-developer-university-of-amsterdam/probe4physics
wandb: Synced 5 W&B file(s), 0 media file(s), 0 artifact file(s) and 0 other file(s)
wandb: Find logs at: ./wandb/run-20260509_124509-8ob1pl2u/logs
[I 2026-05-09 12:45:35,781] Trial 15 finished with value: 0.0 and parameters: {'lr': 1.9592076566280752e-05, 'weight_decay': 5.807862910443679e-06, 'batch_size': 256, 'epochs': 500}. Best is trial 0 with value: 0.0.
wandb: Tracking run with wandb version 0.26.1
wandb: Run data is saved locally in /gpfs/home3/scur0511/Probe4Physics/wandb/run-20260509_124537-ckgokugf
wandb: Run `wandb offline` to turn off syncing.
wandb: Syncing run intphys2_linear_ltx_video_layer_noise_1.0_block_12/trial_0016
wandb: ⭐️ View project at https://wandb.ai/caselli-niccolo-developer-university-of-amsterdam/probe4physics
wandb: 🚀 View run at https://wandb.ai/caselli-niccolo-developer-university-of-amsterdam/probe4physics/runs/ckgokugf
[eval.intphys2] Starting eval | split_name=val split_dir=data/splits/intphys2 predictor_mode=from_file metadata_file=data/annotations/intphys2_metadata.csv
[eval.intphys2] Loaded split assignments | split_scenes=51 split_samples=204
[eval.intphys2] Generated predictions | n_predictions=204
[eval.intphys2] Scoring complete | accuracy=50.0000 voe_accuracy=0.0000 n_scenes=51 n_samples=204
[eval.intphys2] Artifacts written | output_dir=artifacts/probes/intphys2/intphys2_probe_linear_ltx_video_ltxv_13b_0_9_8_distilled_20260509T102820Z/layer_noise_1.0_block_12/train/trial_0016/val_eval
wandb: updating run metadata
wandb: uploading output.log; uploading wandb-summary.json; uploading config.yaml; uploading wandb-metadata.json; uploading requirements.txt
wandb: 
wandb: Run history:
wandb:          epoch ▁▁▂▂▂▃▃▄▄▄▅▅▅▆▆▇▇▇██
wandb: train_accuracy ▂▄▆▄▄▂▆▄▄▃▄▃▅▄█▃▅▂▁▆
wandb:     train_loss █▄▃▅▂▃▂▄▂▂▂▂▂▂▂▂▁▁▁▁
wandb:   val_accuracy ▁▁▁▁▁▁▁▁▁▁▁▁▁▁▁▁▁▁▁▁
wandb:       val_loss █▅█▂▁▄▆▁▃▁▂▂▁▁▂▁▁▁▁▁
wandb: 
wandb: Run summary:
wandb:           best_epoch 8
wandb:    best_val_accuracy 50
wandb:        best_val_loss 0.7278
wandb: checkpoint_best_path artifacts/probes/int...
wandb: checkpoint_last_path artifacts/probes/int...
wandb:      checkpoint_path artifacts/probes/int...
wandb:              dataset intphys2
wandb:      elapsed_seconds 2.84333
wandb:                epoch 20
wandb:    feature_signature cc5f37ae8af7ba58
wandb:                  +22 ...
wandb: 
wandb: 🚀 View run intphys2_linear_ltx_video_layer_noise_1.0_block_12/trial_0016 at: https://wandb.ai/caselli-niccolo-developer-university-of-amsterdam/probe4physics/runs/ckgokugf
wandb: ⭐️ View project at: https://wandb.ai/caselli-niccolo-developer-university-of-amsterdam/probe4physics
wandb: Synced 5 W&B file(s), 0 media file(s), 0 artifact file(s) and 0 other file(s)
wandb: Find logs at: ./wandb/run-20260509_124537-ckgokugf/logs
[I 2026-05-09 12:45:40,463] Trial 16 finished with value: 0.0 and parameters: {'lr': 0.0035459485775337835, 'weight_decay': 2.1424483808604603e-06, 'batch_size': 256, 'epochs': 20}. Best is trial 0 with value: 0.0.
wandb: setting up run 98yn525n
wandb: Tracking run with wandb version 0.26.1
wandb: Run data is saved locally in /gpfs/home3/scur0511/Probe4Physics/wandb/run-20260509_124541-98yn525n
wandb: Run `wandb offline` to turn off syncing.
wandb: Syncing run intphys2_linear_ltx_video_layer_noise_1.0_block_12/trial_0017
wandb: ⭐️ View project at https://wandb.ai/caselli-niccolo-developer-university-of-amsterdam/probe4physics
wandb: 🚀 View run at https://wandb.ai/caselli-niccolo-developer-university-of-amsterdam/probe4physics/runs/98yn525n
[eval.intphys2] Starting eval | split_name=val split_dir=data/splits/intphys2 predictor_mode=from_file metadata_file=data/annotations/intphys2_metadata.csv
[eval.intphys2] Loaded split assignments | split_scenes=51 split_samples=204
[eval.intphys2] Generated predictions | n_predictions=204
[eval.intphys2] Scoring complete | accuracy=50.0000 voe_accuracy=0.0000 n_scenes=51 n_samples=204
[eval.intphys2] Artifacts written | output_dir=artifacts/probes/intphys2/intphys2_probe_linear_ltx_video_ltxv_13b_0_9_8_distilled_20260509T102820Z/layer_noise_1.0_block_12/train/trial_0017/val_eval
wandb: updating run metadata
wandb: uploading history steps 1936-1999, summary, console lines 0-4
wandb: 
wandb: Run history:
wandb:          epoch ▁▁▁▁▁▂▂▂▂▂▃▃▃▃▃▄▄▄▄▅▅▅▅▆▆▆▆▆▇▇▇▇▇▇▇█████
wandb: train_accuracy ▇▆▃▅▅▂▅▆▃▆▆▁▃▄▅▆▇▅▆▇█▃▃▆▆▄▃▅▅▅▅▅▄█▄▇▄▆▄▅
wandb:     train_loss ▂▂▁▃██▁▆▃▄▂▂▂▃▁▃▂▄▂▄▂▁▁▂▂▂▆▁▂▂▄▂▅▂▃▂▆▁▄▄
wandb:   val_accuracy ▁▁▁▁▁▁▁▁▁▁▁▁▁▁▁▁▁▁▁▁▁▁▁▁▁▁▁▁▁▁▁▁▁▁▁▁▁▁▁▁
wandb:       val_loss ▃▄▂▁▁▂▂▃▁▃▂▁▁▃▁▁▁▁▁▁▂▁▃▄▂▃▁▁█▁▁▁▁▂▂▁▁▁▂▂
wandb: 
wandb: Run summary:
wandb:           best_epoch 946
wandb:    best_val_accuracy 50
wandb:        best_val_loss 0.69315
wandb: checkpoint_best_path artifacts/probes/int...
wandb: checkpoint_last_path artifacts/probes/int...
wandb:      checkpoint_path artifacts/probes/int...
wandb:              dataset intphys2
wandb:      elapsed_seconds 190.38489
wandb:                epoch 2000
wandb:    feature_signature cc5f37ae8af7ba58
wandb:                  +22 ...
wandb: 
wandb: 🚀 View run intphys2_linear_ltx_video_layer_noise_1.0_block_12/trial_0017 at: https://wandb.ai/caselli-niccolo-developer-university-of-amsterdam/probe4physics/runs/98yn525n
wandb: ⭐️ View project at: https://wandb.ai/caselli-niccolo-developer-university-of-amsterdam/probe4physics
wandb: Synced 5 W&B file(s), 0 media file(s), 0 artifact file(s) and 0 other file(s)
wandb: Find logs at: ./wandb/run-20260509_124541-98yn525n/logs
[I 2026-05-09 12:48:54,495] Trial 17 finished with value: 0.0 and parameters: {'lr': 0.0007948707226799964, 'weight_decay': 1.4239225315245903e-08, 'batch_size': 32, 'epochs': 2000}. Best is trial 0 with value: 0.0.
wandb: setting up run j0v2bqnp
wandb: Tracking run with wandb version 0.26.1
wandb: Run data is saved locally in /gpfs/home3/scur0511/Probe4Physics/wandb/run-20260509_124855-j0v2bqnp
wandb: Run `wandb offline` to turn off syncing.
wandb: Syncing run intphys2_linear_ltx_video_layer_noise_1.0_block_12/trial_0018
wandb: ⭐️ View project at https://wandb.ai/caselli-niccolo-developer-university-of-amsterdam/probe4physics
wandb: 🚀 View run at https://wandb.ai/caselli-niccolo-developer-university-of-amsterdam/probe4physics/runs/j0v2bqnp
[eval.intphys2] Starting eval | split_name=val split_dir=data/splits/intphys2 predictor_mode=from_file metadata_file=data/annotations/intphys2_metadata.csv
[eval.intphys2] Loaded split assignments | split_scenes=51 split_samples=204
[eval.intphys2] Generated predictions | n_predictions=204
[eval.intphys2] Scoring complete | accuracy=50.0000 voe_accuracy=0.0000 n_scenes=51 n_samples=204
[eval.intphys2] Artifacts written | output_dir=artifacts/probes/intphys2/intphys2_probe_linear_ltx_video_ltxv_13b_0_9_8_distilled_20260509T102820Z/layer_noise_1.0_block_12/train/trial_0018/val_eval
wandb: updating run metadata
wandb: uploading output.log; uploading wandb-summary.json; uploading config.yaml
wandb: 
wandb: Run history:
wandb:          epoch ▁▁▁▁▁▂▂▂▂▂▃▃▃▃▃▄▄▄▄▄▄▅▅▅▅▅▅▅▆▆▇▇▇▇▇█████
wandb: train_accuracy ▆▇▃▆▅▁▄▆▁▆▅▆▅▅▃▅▄█▆▅▅▃█▇▃▃▄▁▅▂▃▃▅▃▃▆▆▄▁█
wandb:     train_loss █▄▂▁▂▄▂▂▂▁▄▂▁▁▂▂▂▂▂▂▂▃▃▃▂▂▃▃▂▁▂▃▄▂▂▆▂▂▂▁
wandb:   val_accuracy ▁▁▁▁▁▁▁▁▁▁▁▁▁▁▁▁▁▁▁▁▁▁▁▁▁▁▁▁▁▁▁▁▁▁▁▁▁▁▁▁
wandb:       val_loss █▁▁▁▁▃▁▁▁▁▁▃▂▁▁▁▁▁▁▃▂▂▁▂▁▂▁▂▁▁▁▁▁▁▁▁▁▁▂▁
wandb: 
wandb: Run summary:
wandb:           best_epoch 39
wandb:    best_val_accuracy 50
wandb:        best_val_loss 0.69315
wandb: checkpoint_best_path artifacts/probes/int...
wandb: checkpoint_last_path artifacts/probes/int...
wandb:      checkpoint_path artifacts/probes/int...
wandb:              dataset intphys2
wandb:      elapsed_seconds 5.95328
wandb:                epoch 100
wandb:    feature_signature cc5f37ae8af7ba58
wandb:                  +22 ...
wandb: 
wandb: 🚀 View run intphys2_linear_ltx_video_layer_noise_1.0_block_12/trial_0018 at: https://wandb.ai/caselli-niccolo-developer-university-of-amsterdam/probe4physics/runs/j0v2bqnp
wandb: ⭐️ View project at: https://wandb.ai/caselli-niccolo-developer-university-of-amsterdam/probe4physics
wandb: Synced 5 W&B file(s), 0 media file(s), 0 artifact file(s) and 0 other file(s)
wandb: Find logs at: ./wandb/run-20260509_124855-j0v2bqnp/logs
[I 2026-05-09 12:49:02,422] Trial 18 finished with value: 0.0 and parameters: {'lr': 4.720845304099489e-05, 'weight_decay': 1.7071783919969125e-07, 'batch_size': 64, 'epochs': 100}. Best is trial 0 with value: 0.0.
wandb: setting up run zxe8l681
wandb: Tracking run with wandb version 0.26.1
wandb: Run data is saved locally in /gpfs/home3/scur0511/Probe4Physics/wandb/run-20260509_124903-zxe8l681
wandb: Run `wandb offline` to turn off syncing.
wandb: Syncing run intphys2_linear_ltx_video_layer_noise_1.0_block_12/trial_0019
wandb: ⭐️ View project at https://wandb.ai/caselli-niccolo-developer-university-of-amsterdam/probe4physics
wandb: 🚀 View run at https://wandb.ai/caselli-niccolo-developer-university-of-amsterdam/probe4physics/runs/zxe8l681
[eval.intphys2] Starting eval | split_name=val split_dir=data/splits/intphys2 predictor_mode=from_file metadata_file=data/annotations/intphys2_metadata.csv
[eval.intphys2] Loaded split assignments | split_scenes=51 split_samples=204
[eval.intphys2] Generated predictions | n_predictions=204
[eval.intphys2] Scoring complete | accuracy=50.0000 voe_accuracy=0.0000 n_scenes=51 n_samples=204
[eval.intphys2] Artifacts written | output_dir=artifacts/probes/intphys2/intphys2_probe_linear_ltx_video_ltxv_13b_0_9_8_distilled_20260509T102820Z/layer_noise_1.0_block_12/train/trial_0019/val_eval
wandb: updating run metadata
wandb: uploading history steps 1955-1999, summary, console lines 0-4
wandb: 
wandb: Run history:
wandb:          epoch ▁▁▁▁▁▂▂▂▂▂▂▂▂▂▃▃▃▃▃▃▄▄▅▅▅▅▅▆▆▆▆▇▇▇▇▇▇▇██
wandb: train_accuracy ▅▅▆▅▅▁▄█▂▆▇▂▃▆▇▅█▄▄▆▆▃▄▆▇▅▅▁▇▃▃▃█▆▆▂▅▅▅▆
wandb:     train_loss ▁▁▁▄▂▅▂▂▁▂▂▁▂▁▁█▂▂▆▂▂▂▂▃▂▃▄▃▃█▁▂▄▃▂▂▄▃▁▁
wandb:   val_accuracy ▁▁▁▁▁▁▁▁▁▁▁▁▁▁▁▁▁▁▁▁▁▁▁▁▁▁▁▁▁▁▁▁▁▁▁▁▁▁▁▁
wandb:       val_loss ▂▁▁▁▁▃▄▂▂▂▃▂▅▁▁▁▁▂▁▇▃▂▂▁▁▂▄▂▁▄▁▄▁█▂▁▁▁▁▄
wandb: 
wandb: Run summary:
wandb:           best_epoch 739
wandb:    best_val_accuracy 50
wandb:        best_val_loss 0.69315
wandb: checkpoint_best_path artifacts/probes/int...
wandb: checkpoint_last_path artifacts/probes/int...
wandb:      checkpoint_path artifacts/probes/int...
wandb:              dataset intphys2
wandb:      elapsed_seconds 157.14974
wandb:                epoch 2000
wandb:    feature_signature cc5f37ae8af7ba58
wandb:                  +22 ...
wandb: 
wandb: 🚀 View run intphys2_linear_ltx_video_layer_noise_1.0_block_12/trial_0019 at: https://wandb.ai/caselli-niccolo-developer-university-of-amsterdam/probe4physics/runs/zxe8l681
wandb: ⭐️ View project at: https://wandb.ai/caselli-niccolo-developer-university-of-amsterdam/probe4physics
wandb: Synced 5 W&B file(s), 0 media file(s), 0 artifact file(s) and 0 other file(s)
wandb: Find logs at: ./wandb/run-20260509_124903-zxe8l681/logs
[I 2026-05-09 12:51:44,056] Trial 19 finished with value: 0.0 and parameters: {'lr': 0.0007392530738469641, 'weight_decay': 0.000369960521744469, 'batch_size': 256, 'epochs': 2000}. Best is trial 0 with value: 0.0.
[eval.intphys2] Starting eval | split_name=train split_dir=data/splits/intphys2 predictor_mode=from_file metadata_file=data/annotations/intphys2_metadata.csv
[eval.intphys2] Loaded split assignments | split_scenes=151 split_samples=604
[eval.intphys2] Generated predictions | n_predictions=604
[eval.intphys2] Scoring complete | accuracy=50.0000 voe_accuracy=0.0000 n_scenes=151 n_samples=604
[eval.intphys2] Artifacts written | output_dir=artifacts/probes/intphys2/intphys2_probe_linear_ltx_video_ltxv_13b_0_9_8_distilled_20260509T102820Z/layer_noise_1.0_block_12/eval/train
[eval.intphys2] Starting eval | split_name=val split_dir=data/splits/intphys2 predictor_mode=from_file metadata_file=data/annotations/intphys2_metadata.csv
[eval.intphys2] Loaded split assignments | split_scenes=51 split_samples=204
[eval.intphys2] Generated predictions | n_predictions=204
[eval.intphys2] Scoring complete | accuracy=50.0000 voe_accuracy=0.0000 n_scenes=51 n_samples=204
[eval.intphys2] Artifacts written | output_dir=artifacts/probes/intphys2/intphys2_probe_linear_ltx_video_ltxv_13b_0_9_8_distilled_20260509T102820Z/layer_noise_1.0_block_12/eval/val
[eval.intphys2] Starting eval | split_name=test split_dir=data/splits/intphys2 predictor_mode=from_file metadata_file=data/annotations/intphys2_metadata.csv
[eval.intphys2] Loaded split assignments | split_scenes=51 split_samples=204
[eval.intphys2] Generated predictions | n_predictions=204
[eval.intphys2] Scoring complete | accuracy=50.0000 voe_accuracy=0.0000 n_scenes=51 n_samples=204
[eval.intphys2] Artifacts written | output_dir=artifacts/probes/intphys2/intphys2_probe_linear_ltx_video_ltxv_13b_0_9_8_distilled_20260509T102820Z/layer_noise_1.0_block_12/eval/test
[I 2026-05-09 12:51:45,125] A new study created in RDB with name: intphys2_linear_ltx_video_layer_noise_1.0_block_24
wandb: setting up run s3cl3yvc
wandb: Tracking run with wandb version 0.26.1
wandb: Run data is saved locally in /gpfs/home3/scur0511/Probe4Physics/wandb/run-20260509_125145-s3cl3yvc
wandb: Run `wandb offline` to turn off syncing.
wandb: Syncing run intphys2_linear_ltx_video_layer_noise_1.0_block_24/trial_0000
wandb: ⭐️ View project at https://wandb.ai/caselli-niccolo-developer-university-of-amsterdam/probe4physics
wandb: 🚀 View run at https://wandb.ai/caselli-niccolo-developer-university-of-amsterdam/probe4physics/runs/s3cl3yvc
[eval.intphys2] Starting eval | split_name=val split_dir=data/splits/intphys2 predictor_mode=from_file metadata_file=data/annotations/intphys2_metadata.csv
[eval.intphys2] Loaded split assignments | split_scenes=51 split_samples=204
[eval.intphys2] Generated predictions | n_predictions=204
[eval.intphys2] Scoring complete | accuracy=50.0000 voe_accuracy=0.0000 n_scenes=51 n_samples=204
[eval.intphys2] Artifacts written | output_dir=artifacts/probes/intphys2/intphys2_probe_linear_ltx_video_ltxv_13b_0_9_8_distilled_20260509T102820Z/layer_noise_1.0_block_24/train/trial_0000/val_eval
wandb: updating run metadata
wandb: uploading output.log; uploading wandb-summary.json; uploading config.yaml
wandb: 
wandb: Run history:
wandb:          epoch ▁▁▂▂▂▂▂▂▃▃▃▃▃▄▄▄▄▄▄▄▄▄▄▅▅▆▆▆▆▆▆▆▆▇▇▇▇▇██
wandb: train_accuracy ▅▅▃▁▃▂▄▄▃▃▅▂▅▇▅▅▃▆▄▂▄▂▅▆▅▃▃▄▄▃█▄▁▄▂▁▄▅▅▁
wandb:     train_loss ▃▃▃▇▃▅▁▆▂▁▄▅▃▃▂▃▄▃▃▃▄▂▅▄▂▄▄▂▃█▅▆▄▆▂▃▃▅▄▄
wandb:   val_accuracy ▁▁▁▁▁▁▁▁▁▁▁▁▁▁▁▁▁▁▁▁▁▁▁▁▁▁▁▁▁▁▁▁▁▁▁▁▁▁▁▁
wandb:       val_loss ▃██▃▁▃▂▄▃▁▁▂▃▁▁▁▂▁▂▃▂▄▂▅▆▃▁▄▁▆▁▁▅▁▂▁▁▁▁▁
wandb: 
wandb: Run summary:
wandb:           best_epoch 360
wandb:    best_val_accuracy 50
wandb:        best_val_loss 0.69315
wandb: checkpoint_best_path artifacts/probes/int...
wandb: checkpoint_last_path artifacts/probes/int...
wandb:      checkpoint_path artifacts/probes/int...
wandb:              dataset intphys2
wandb:      elapsed_seconds 189.13937
wandb:                epoch 2000
wandb:    feature_signature cc5f37ae8af7ba58
wandb:                  +22 ...
wandb: 
wandb: 🚀 View run intphys2_linear_ltx_video_layer_noise_1.0_block_24/trial_0000 at: https://wandb.ai/caselli-niccolo-developer-university-of-amsterdam/probe4physics/runs/s3cl3yvc
wandb: ⭐️ View project at: https://wandb.ai/caselli-niccolo-developer-university-of-amsterdam/probe4physics
wandb: Synced 5 W&B file(s), 0 media file(s), 0 artifact file(s) and 0 other file(s)
wandb: Find logs at: ./wandb/run-20260509_125145-s3cl3yvc/logs
[I 2026-05-09 12:54:58,115] Trial 0 finished with value: 0.0 and parameters: {'lr': 0.0001329291894316216, 'weight_decay': 0.005061576888752304, 'batch_size': 32, 'epochs': 2000}. Best is trial 0 with value: 0.0.
wandb: setting up run r2gf38p2
wandb: Tracking run with wandb version 0.26.1
wandb: Run data is saved locally in /gpfs/home3/scur0511/Probe4Physics/wandb/run-20260509_125458-r2gf38p2
wandb: Run `wandb offline` to turn off syncing.
wandb: Syncing run intphys2_linear_ltx_video_layer_noise_1.0_block_24/trial_0001
wandb: ⭐️ View project at https://wandb.ai/caselli-niccolo-developer-university-of-amsterdam/probe4physics
wandb: 🚀 View run at https://wandb.ai/caselli-niccolo-developer-university-of-amsterdam/probe4physics/runs/r2gf38p2
[eval.intphys2] Starting eval | split_name=val split_dir=data/splits/intphys2 predictor_mode=from_file metadata_file=data/annotations/intphys2_metadata.csv
[eval.intphys2] Loaded split assignments | split_scenes=51 split_samples=204
[eval.intphys2] Generated predictions | n_predictions=204
[eval.intphys2] Scoring complete | accuracy=50.0000 voe_accuracy=0.0000 n_scenes=51 n_samples=204
[eval.intphys2] Artifacts written | output_dir=artifacts/probes/intphys2/intphys2_probe_linear_ltx_video_ltxv_13b_0_9_8_distilled_20260509T102820Z/layer_noise_1.0_block_24/train/trial_0001/val_eval
wandb: updating run metadata
wandb: uploading output.log; uploading wandb-summary.json; uploading config.yaml
wandb: 
wandb: Run history:
wandb:          epoch ▁▁▁▁▂▂▂▃▃▃▃▄▄▄▄▄▄▄▅▅▅▅▅▅▅▆▆▆▆▆▇▇▇▇▇▇▇▇██
wandb: train_accuracy ▆▂▄▄▄▄▄▅▅▂█▇▂▇▃▂▂▅▅▄▂▆▅▄▄▂▁▂▃▂▂▁▅▅▅▅▄▇▃▅
wandb:     train_loss █▃▃▂▂▃▂▂▂▂▁▁▁▁▁▁▁▁▂▁▁▁▁▁▁▁▁▁▁▁▁▁▁▁▂▂▁▂▂▁
wandb:   val_accuracy ▁▁▁▁▁▁▁▁▁▁▁▁▁▁▁▁▁▁▁▁▁▁▁▁▁▁▁▁▁▁▁▁▁▁▁▁▁▁▁▁
wandb:       val_loss ██▂▅▂▄▃▃▃▂▃▃▂▂▁▁▁▁▁▁▁▂▂▂▁▁▁▁▁▁▁▁▁▁▁▁▂▁▂▂
wandb: 
wandb: Run summary:
wandb:           best_epoch 45
wandb:    best_val_accuracy 50
wandb:        best_val_loss 0.69328
wandb: checkpoint_best_path artifacts/probes/int...
wandb: checkpoint_last_path artifacts/probes/int...
wandb:      checkpoint_path artifacts/probes/int...
wandb:              dataset intphys2
wandb:      elapsed_seconds 5.85642
wandb:                epoch 100
wandb:    feature_signature cc5f37ae8af7ba58
wandb:                  +22 ...
wandb: 
wandb: 🚀 View run intphys2_linear_ltx_video_layer_noise_1.0_block_24/trial_0001 at: https://wandb.ai/caselli-niccolo-developer-university-of-amsterdam/probe4physics/runs/r2gf38p2
wandb: ⭐️ View project at: https://wandb.ai/caselli-niccolo-developer-university-of-amsterdam/probe4physics
wandb: Synced 5 W&B file(s), 0 media file(s), 0 artifact file(s) and 0 other file(s)
wandb: Find logs at: ./wandb/run-20260509_125458-r2gf38p2/logs
[I 2026-05-09 12:55:06,994] Trial 1 finished with value: 0.0 and parameters: {'lr': 0.00314288089084011, 'weight_decay': 1.879466824163843e-07, 'batch_size': 256, 'epochs': 100}. Best is trial 0 with value: 0.0.
wandb: setting up run 6gmsowq9
wandb: Tracking run with wandb version 0.26.1
wandb: Run data is saved locally in /gpfs/home3/scur0511/Probe4Physics/wandb/run-20260509_125508-6gmsowq9
wandb: Run `wandb offline` to turn off syncing.
wandb: Syncing run intphys2_linear_ltx_video_layer_noise_1.0_block_24/trial_0002
wandb: ⭐️ View project at https://wandb.ai/caselli-niccolo-developer-university-of-amsterdam/probe4physics
wandb: 🚀 View run at https://wandb.ai/caselli-niccolo-developer-university-of-amsterdam/probe4physics/runs/6gmsowq9
[eval.intphys2] Starting eval | split_name=val split_dir=data/splits/intphys2 predictor_mode=from_file metadata_file=data/annotations/intphys2_metadata.csv
[eval.intphys2] Loaded split assignments | split_scenes=51 split_samples=204
[eval.intphys2] Generated predictions | n_predictions=204
[eval.intphys2] Scoring complete | accuracy=50.0000 voe_accuracy=0.0000 n_scenes=51 n_samples=204
[eval.intphys2] Artifacts written | output_dir=artifacts/probes/intphys2/intphys2_probe_linear_ltx_video_ltxv_13b_0_9_8_distilled_20260509T102820Z/layer_noise_1.0_block_24/train/trial_0002/val_eval
wandb: updating run metadata
wandb: uploading wandb-summary.json; uploading config.yaml; uploading output.log
wandb: 
wandb: Run history:
wandb:          epoch ▁▂▂▂▂▂▃▃▃▃▃▄▄▄▄▄▄▄▄▄▅▆▆▆▆▆▆▆▆▆▇▇▇▇▇█████
wandb: train_accuracy ▄▃▅▆▅▂▇▂▅▅▄▅▅▄▆▆▂▅▄█▁▆▅▇▅▅▆▄█▂▇▄▄▃▅▆▅▄▂▄
wandb:     train_loss ▃▁▂▃▃▂▁█▂▂▂▅▁▄▄▂▂▂▃▄▁▄▁▂▂▂▄▂▂▂▁▁▂▄▂▃▂▁▁▃
wandb:   val_accuracy ▁▁▁▁▁▁▁▁▁▁▁▁▁▁▁▁▁▁▁▁▁▁▁▁▁▁▁▁▁▁▁▁▁▁▁▁▁▁▁▁
wandb:       val_loss ▅▁▂▁▂▂▂▁▂▂▁▁▁▁█▅▁▄▁▂▂▁▂▂▂▁▁▁▂▂▁▁▁▁▂▁▁▂▁▁
wandb: 
wandb: Run summary:
wandb:           best_epoch 176
wandb:    best_val_accuracy 50
wandb:        best_val_loss 0.69315
wandb: checkpoint_best_path artifacts/probes/int...
wandb: checkpoint_last_path artifacts/probes/int...
wandb:      checkpoint_path artifacts/probes/int...
wandb:              dataset intphys2
wandb:      elapsed_seconds 56.32177
wandb:                epoch 1000
wandb:    feature_signature cc5f37ae8af7ba58
wandb:                  +22 ...
wandb: 
wandb: 🚀 View run intphys2_linear_ltx_video_layer_noise_1.0_block_24/trial_0002 at: https://wandb.ai/caselli-niccolo-developer-university-of-amsterdam/probe4physics/runs/6gmsowq9
wandb: ⭐️ View project at: https://wandb.ai/caselli-niccolo-developer-university-of-amsterdam/probe4physics
wandb: Synced 5 W&B file(s), 0 media file(s), 0 artifact file(s) and 0 other file(s)
wandb: Find logs at: ./wandb/run-20260509_125508-6gmsowq9/logs
[I 2026-05-09 12:56:07,177] Trial 2 finished with value: 0.0 and parameters: {'lr': 0.00023345864076016249, 'weight_decay': 0.0005141096648805752, 'batch_size': 128, 'epochs': 1000}. Best is trial 0 with value: 0.0.
wandb: setting up run cy52s8mh
wandb: Tracking run with wandb version 0.26.1
wandb: Run data is saved locally in /gpfs/home3/scur0511/Probe4Physics/wandb/run-20260509_125607-cy52s8mh
wandb: Run `wandb offline` to turn off syncing.
wandb: Syncing run intphys2_linear_ltx_video_layer_noise_1.0_block_24/trial_0003
wandb: ⭐️ View project at https://wandb.ai/caselli-niccolo-developer-university-of-amsterdam/probe4physics
wandb: 🚀 View run at https://wandb.ai/caselli-niccolo-developer-university-of-amsterdam/probe4physics/runs/cy52s8mh
[eval.intphys2] Starting eval | split_name=val split_dir=data/splits/intphys2 predictor_mode=from_file metadata_file=data/annotations/intphys2_metadata.csv
[eval.intphys2] Loaded split assignments | split_scenes=51 split_samples=204
[eval.intphys2] Generated predictions | n_predictions=204
[eval.intphys2] Scoring complete | accuracy=50.0000 voe_accuracy=0.0000 n_scenes=51 n_samples=204
[eval.intphys2] Artifacts written | output_dir=artifacts/probes/intphys2/intphys2_probe_linear_ltx_video_ltxv_13b_0_9_8_distilled_20260509T102820Z/layer_noise_1.0_block_24/train/trial_0003/val_eval
wandb: updating run metadata
wandb: uploading wandb-metadata.json; uploading requirements.txt; uploading output.log; uploading wandb-summary.json; uploading config.yaml
wandb: uploading history steps 0-49, summary, console lines 0-4
wandb: 
wandb: Run history:
wandb:          epoch ▁▁▁▁▂▂▂▂▂▂▃▃▃▃▃▄▄▄▄▄▄▅▅▅▅▅▅▆▆▆▆▆▆▇▇▇▇▇██
wandb: train_accuracy ▃▆▄█▅▄▄▅▁▃▃█▅▃▄▄▅▄▃▃▄▃▅▅▂▅▃▅▂▇▁▅▅▄▆▄▃▅▅▆
wandb:     train_loss █▁▁▂▁▁▁▁▁▁▁▁▂▁▁▂▁▂▁▁▂▁▁▁▂▃▂▂▂▂▁▁▂▁▁▁▁▁▁▁
wandb:   val_accuracy ▁▁▁▁▁▁▁▁▁▁▁▁▁▁▁▁▁▁▁▁▁▁▁▁▁▁▁▁▁▁▁▁▁▁▁▁▁▁▁▁
wandb:       val_loss ▂▃▁▁▂▁▁▁▁▁▁▅▁▁▂▁▄▂▃▁▂▂▃▂▁▅▆▅▁▅▅▁▁▅▂▃▁▁▆█
wandb: 
wandb: Run summary:
wandb:           best_epoch 48
wandb:    best_val_accuracy 50
wandb:        best_val_loss 0.69316
wandb: checkpoint_best_path artifacts/probes/int...
wandb: checkpoint_last_path artifacts/probes/int...
wandb:      checkpoint_path artifacts/probes/int...
wandb:              dataset intphys2
wandb:      elapsed_seconds 4.07417
wandb:                epoch 50
wandb:    feature_signature cc5f37ae8af7ba58
wandb:                  +22 ...
wandb: 
wandb: 🚀 View run intphys2_linear_ltx_video_layer_noise_1.0_block_24/trial_0003 at: https://wandb.ai/caselli-niccolo-developer-university-of-amsterdam/probe4physics/runs/cy52s8mh
wandb: ⭐️ View project at: https://wandb.ai/caselli-niccolo-developer-university-of-amsterdam/probe4physics
wandb: Synced 5 W&B file(s), 0 media file(s), 0 artifact file(s) and 0 other file(s)
wandb: Find logs at: ./wandb/run-20260509_125607-cy52s8mh/logs
[I 2026-05-09 12:56:13,110] Trial 3 finished with value: 0.0 and parameters: {'lr': 8.200518402245828e-05, 'weight_decay': 3.855073690026179e-08, 'batch_size': 32, 'epochs': 50}. Best is trial 0 with value: 0.0.
wandb: setting up run y65awp1y
wandb: Tracking run with wandb version 0.26.1
wandb: Run data is saved locally in /gpfs/home3/scur0511/Probe4Physics/wandb/run-20260509_125613-y65awp1y
wandb: Run `wandb offline` to turn off syncing.
wandb: Syncing run intphys2_linear_ltx_video_layer_noise_1.0_block_24/trial_0004
wandb: ⭐️ View project at https://wandb.ai/caselli-niccolo-developer-university-of-amsterdam/probe4physics
wandb: 🚀 View run at https://wandb.ai/caselli-niccolo-developer-university-of-amsterdam/probe4physics/runs/y65awp1y
[eval.intphys2] Starting eval | split_name=val split_dir=data/splits/intphys2 predictor_mode=from_file metadata_file=data/annotations/intphys2_metadata.csv
[eval.intphys2] Loaded split assignments | split_scenes=51 split_samples=204
[eval.intphys2] Generated predictions | n_predictions=204
[eval.intphys2] Scoring complete | accuracy=50.0000 voe_accuracy=0.0000 n_scenes=51 n_samples=204
[eval.intphys2] Artifacts written | output_dir=artifacts/probes/intphys2/intphys2_probe_linear_ltx_video_ltxv_13b_0_9_8_distilled_20260509T102820Z/layer_noise_1.0_block_24/train/trial_0004/val_eval
wandb: updating run metadata
wandb: uploading history steps 0-49, summary, console lines 0-4
wandb: 
wandb: Run history:
wandb:          epoch ▁▁▁▁▂▂▂▂▂▂▃▃▃▃▃▄▄▄▄▄▄▅▅▅▅▅▅▆▆▆▆▆▆▇▇▇▇▇██
wandb: train_accuracy ▅▆▁▇▇▄█▆▃▃▄▅▄█▃▄▃▄▂█▃▅▂▅▅█▃▆▁▆▃▁▆▄▆▄▅▅▄▄
wandb:     train_loss █▂▂▁▁▁▁▂▁▁▂▄▂▂▁▂▁▁▁▁▁▁▂▂▁▂▃▂▂▁▄▂▂▆▂▁▁▁▂▂
wandb:   val_accuracy ▁▁▁▁▁▁▁▁▁▁▁▁▁▁▁▁▁▁▁▁▁▁▁▁▁▁▁▁▁▁▁▁▁▁▁▁▁▁▁▁
wandb:       val_loss ▂▃▁▂▁▂▁▄▁▁▁▄▁▁▁▂▁▁▁▁▂▁▁▁▃▄▂▂▁▁▁█▃▁▁▁▂▁▁▇
wandb: 
wandb: Run summary:
wandb:           best_epoch 23
wandb:    best_val_accuracy 50
wandb:        best_val_loss 0.69321
wandb: checkpoint_best_path artifacts/probes/int...
wandb: checkpoint_last_path artifacts/probes/int...
wandb:      checkpoint_path artifacts/probes/int...
wandb:              dataset intphys2
wandb:      elapsed_seconds 3.92935
wandb:                epoch 50
wandb:    feature_signature cc5f37ae8af7ba58
wandb:                  +22 ...
wandb: 
wandb: 🚀 View run intphys2_linear_ltx_video_layer_noise_1.0_block_24/trial_0004 at: https://wandb.ai/caselli-niccolo-developer-university-of-amsterdam/probe4physics/runs/y65awp1y
wandb: ⭐️ View project at: https://wandb.ai/caselli-niccolo-developer-university-of-amsterdam/probe4physics
wandb: Synced 5 W&B file(s), 0 media file(s), 0 artifact file(s) and 0 other file(s)
wandb: Find logs at: ./wandb/run-20260509_125613-y65awp1y/logs
[I 2026-05-09 12:56:19,280] Trial 4 finished with value: 0.0 and parameters: {'lr': 0.00043664735929796326, 'weight_decay': 1.2856617791467908e-07, 'batch_size': 32, 'epochs': 50}. Best is trial 0 with value: 0.0.
wandb: setting up run qa7lum9c
wandb: Tracking run with wandb version 0.26.1
wandb: Run data is saved locally in /gpfs/home3/scur0511/Probe4Physics/wandb/run-20260509_125619-qa7lum9c
wandb: Run `wandb offline` to turn off syncing.
wandb: Syncing run intphys2_linear_ltx_video_layer_noise_1.0_block_24/trial_0005
wandb: ⭐️ View project at https://wandb.ai/caselli-niccolo-developer-university-of-amsterdam/probe4physics
wandb: 🚀 View run at https://wandb.ai/caselli-niccolo-developer-university-of-amsterdam/probe4physics/runs/qa7lum9c
[eval.intphys2] Starting eval | split_name=val split_dir=data/splits/intphys2 predictor_mode=from_file metadata_file=data/annotations/intphys2_metadata.csv
[eval.intphys2] Loaded split assignments | split_scenes=51 split_samples=204
[eval.intphys2] Generated predictions | n_predictions=204
[eval.intphys2] Scoring complete | accuracy=50.0000 voe_accuracy=0.0000 n_scenes=51 n_samples=204
[eval.intphys2] Artifacts written | output_dir=artifacts/probes/intphys2/intphys2_probe_linear_ltx_video_ltxv_13b_0_9_8_distilled_20260509T102820Z/layer_noise_1.0_block_24/train/trial_0005/val_eval
wandb: updating run metadata
wandb: uploading output.log; uploading wandb-summary.json; uploading config.yaml
wandb: 
wandb: Run history:
wandb:          epoch ▁▁▁▁▂▂▂▂▂▂▃▃▃▃▄▄▄▄▄▅▅▅▆▆▆▆▆▆▆▆▆▇▇▇▇▇▇▇██
wandb: train_accuracy ▇▇▆▇▇█▅█▆▄▆█▃▆▆▄▆▆▆▇▅▅▅▆▇▆▅▇▃▅▁▆▇▅█▇▇▄▆▅
wandb:     train_loss ▆▂▇▃▂▃▅▂▃▄▃▁▄▄▂▃█▁▃▅▂▅▂▃▃▂▄▄▄▁▂▄▃▁▃▃▂▁▂▄
wandb:   val_accuracy ▁▁▁▁▁▁▁▁▁▁▁▁▁▁▁▁▁▁▁▁▁▁▁▁▁▁▁▁▁▁▁▁▁▁▁▁▁▁▁▁
wandb:       val_loss ▂▃▅▁▄▃▁▁▂▁▂▁▁▃▁▁▁▁▁█▁▃▃▁▁▁▁▁▁▁▄▃▂▃▁▁▃▁▂▂
wandb: 
wandb: Run summary:
wandb:           best_epoch 13
wandb:    best_val_accuracy 50
wandb:        best_val_loss 0.69315
wandb: checkpoint_best_path artifacts/probes/int...
wandb: checkpoint_last_path artifacts/probes/int...
wandb:      checkpoint_path artifacts/probes/int...
wandb:              dataset intphys2
wandb:      elapsed_seconds 32.08314
wandb:                epoch 500
wandb:    feature_signature cc5f37ae8af7ba58
wandb:                  +22 ...
wandb: 
wandb: 🚀 View run intphys2_linear_ltx_video_layer_noise_1.0_block_24/trial_0005 at: https://wandb.ai/caselli-niccolo-developer-university-of-amsterdam/probe4physics/runs/qa7lum9c
wandb: ⭐️ View project at: https://wandb.ai/caselli-niccolo-developer-university-of-amsterdam/probe4physics
wandb: Synced 5 W&B file(s), 0 media file(s), 0 artifact file(s) and 0 other file(s)
wandb: Find logs at: ./wandb/run-20260509_125619-qa7lum9c/logs
[I 2026-05-09 12:56:56,154] Trial 5 finished with value: 0.0 and parameters: {'lr': 0.00014656553886225324, 'weight_decay': 4.247116662617142e-07, 'batch_size': 32, 'epochs': 500}. Best is trial 0 with value: 0.0.
wandb: setting up run 2cw11k56
wandb: Tracking run with wandb version 0.26.1
wandb: Run data is saved locally in /gpfs/home3/scur0511/Probe4Physics/wandb/run-20260509_125657-2cw11k56
wandb: Run `wandb offline` to turn off syncing.
wandb: Syncing run intphys2_linear_ltx_video_layer_noise_1.0_block_24/trial_0006
wandb: ⭐️ View project at https://wandb.ai/caselli-niccolo-developer-university-of-amsterdam/probe4physics
wandb: 🚀 View run at https://wandb.ai/caselli-niccolo-developer-university-of-amsterdam/probe4physics/runs/2cw11k56
[eval.intphys2] Starting eval | split_name=val split_dir=data/splits/intphys2 predictor_mode=from_file metadata_file=data/annotations/intphys2_metadata.csv
[eval.intphys2] Loaded split assignments | split_scenes=51 split_samples=204
[eval.intphys2] Generated predictions | n_predictions=204
[eval.intphys2] Scoring complete | accuracy=50.0000 voe_accuracy=0.0000 n_scenes=51 n_samples=204
[eval.intphys2] Artifacts written | output_dir=artifacts/probes/intphys2/intphys2_probe_linear_ltx_video_ltxv_13b_0_9_8_distilled_20260509T102820Z/layer_noise_1.0_block_24/train/trial_0006/val_eval
wandb: updating run metadata
wandb: uploading output.log; uploading wandb-summary.json; uploading config.yaml
wandb: 
wandb: Run history:
wandb:          epoch ▁▁▂▂▂▂▂▂▃▃▃▃▃▄▄▄▄▄▅▅▅▅▅▅▆▆▆▆▆▆▆▆▇▇▇▇▇▇▇█
wandb: train_accuracy ▆▆█▆▆▆▆▆▆▆▆▆▆▂▆▆▇▆▆▆▆▆▄▁▆▆▆▇▆▆▇▆▆▄▆▆▃▆▆▆
wandb:     train_loss █▂▂▁▁▁▁▁▁▁▁▁▁▁▁▁▁▁▁▁▁▁▁▁▁▁▁▁▁▁▁▁▁▁▁▁▁▁▁▁
wandb:   val_accuracy ▁▁▁▁▁▁▁▁▁▁▁▁▁▁▁▁▁▁▁▁▁▁▁▁▁▁▁▁▁▁▁▁▁▁▁▁▁▁▁▁
wandb:       val_loss █▂▁▁▁▁▁▁▁▁▁▁▁▁▁▁▁▁▁▁▁▁▁▁▁▁▁▁▁▁▁▁▁▁▁▁▁▁▁▁
wandb: 
wandb: Run summary:
wandb:           best_epoch 92
wandb:    best_val_accuracy 50
wandb:        best_val_loss 0.69315
wandb: checkpoint_best_path artifacts/probes/int...
wandb: checkpoint_last_path artifacts/probes/int...
wandb:      checkpoint_path artifacts/probes/int...
wandb:              dataset intphys2
wandb:      elapsed_seconds 5.90924
wandb:                epoch 100
wandb:    feature_signature cc5f37ae8af7ba58
wandb:                  +22 ...
wandb: 
wandb: 🚀 View run intphys2_linear_ltx_video_layer_noise_1.0_block_24/trial_0006 at: https://wandb.ai/caselli-niccolo-developer-university-of-amsterdam/probe4physics/runs/2cw11k56
wandb: ⭐️ View project at: https://wandb.ai/caselli-niccolo-developer-university-of-amsterdam/probe4physics
wandb: Synced 5 W&B file(s), 0 media file(s), 0 artifact file(s) and 0 other file(s)
wandb: Find logs at: ./wandb/run-20260509_125657-2cw11k56/logs
[I 2026-05-09 12:57:05,115] Trial 6 finished with value: 0.0 and parameters: {'lr': 1.0388823104027935e-05, 'weight_decay': 0.0007812113973534924, 'batch_size': 128, 'epochs': 100}. Best is trial 0 with value: 0.0.
wandb: setting up run j1v57qdf
wandb: Tracking run with wandb version 0.26.1
wandb: Run data is saved locally in /gpfs/home3/scur0511/Probe4Physics/wandb/run-20260509_125705-j1v57qdf
wandb: Run `wandb offline` to turn off syncing.
wandb: Syncing run intphys2_linear_ltx_video_layer_noise_1.0_block_24/trial_0007
wandb: ⭐️ View project at https://wandb.ai/caselli-niccolo-developer-university-of-amsterdam/probe4physics
wandb: 🚀 View run at https://wandb.ai/caselli-niccolo-developer-university-of-amsterdam/probe4physics/runs/j1v57qdf
[eval.intphys2] Starting eval | split_name=val split_dir=data/splits/intphys2 predictor_mode=from_file metadata_file=data/annotations/intphys2_metadata.csv
[eval.intphys2] Loaded split assignments | split_scenes=51 split_samples=204
[eval.intphys2] Generated predictions | n_predictions=204
[eval.intphys2] Scoring complete | accuracy=50.0000 voe_accuracy=0.0000 n_scenes=51 n_samples=204
[eval.intphys2] Artifacts written | output_dir=artifacts/probes/intphys2/intphys2_probe_linear_ltx_video_ltxv_13b_0_9_8_distilled_20260509T102820Z/layer_noise_1.0_block_24/train/trial_0007/val_eval
wandb: updating run metadata
wandb: uploading config.yaml; uploading output.log; uploading wandb-summary.json
wandb: 
wandb: Run history:
wandb:          epoch ▁▁▁▁▂▂▂▂▂▂▂▂▂▃▃▃▃▃▄▄▄▄▄▄▅▅▅▅▅▅▆▇▇▇▇▇████
wandb: train_accuracy ▄▅▄▅▆▅▆▅▅▅▃▁▃▅▆▅▄▅▅▅▅▅▅▅▄▂▄▆▅█▅▄▃▄▃▅▅▅▆▄
wandb:     train_loss █▁▁▂▂▁▁▁▁▂▁▁▁▁▁▁▁▁▁▂▁▂▂▂▁▂▁▁▂▁▁▁▃▂▁▁▁▁▂▂
wandb:   val_accuracy ▁▁▁▁▁▁▁▁▁▁▁▁▁▁▁▁▁▁▁▁▁▁▁▁▁▁▁▁▁▁▁▁▁▁▁▁▁▁▁▁
wandb:       val_loss ▁▁▂▁▁▂▁▁▁▃█▃▁▂▁▂▄▃▁▁▃▁▂▁▂▆▁▂▂▃▂▅▂▂▂▁▁▂▄▁
wandb: 
wandb: Run summary:
wandb:           best_epoch 738
wandb:    best_val_accuracy 50
wandb:        best_val_loss 0.69315
wandb: checkpoint_best_path artifacts/probes/int...
wandb: checkpoint_last_path artifacts/probes/int...
wandb:      checkpoint_path artifacts/probes/int...
wandb:              dataset intphys2
wandb:      elapsed_seconds 55.99024
wandb:                epoch 1000
wandb:    feature_signature cc5f37ae8af7ba58
wandb:                  +22 ...
wandb: 
wandb: 🚀 View run intphys2_linear_ltx_video_layer_noise_1.0_block_24/trial_0007 at: https://wandb.ai/caselli-niccolo-developer-university-of-amsterdam/probe4physics/runs/j1v57qdf
wandb: ⭐️ View project at: https://wandb.ai/caselli-niccolo-developer-university-of-amsterdam/probe4physics
wandb: Synced 5 W&B file(s), 0 media file(s), 0 artifact file(s) and 0 other file(s)
wandb: Find logs at: ./wandb/run-20260509_125705-j1v57qdf/logs
[I 2026-05-09 12:58:05,247] Trial 7 finished with value: 0.0 and parameters: {'lr': 8.569331925053983e-05, 'weight_decay': 8.93511059033186e-07, 'batch_size': 128, 'epochs': 1000}. Best is trial 0 with value: 0.0.
wandb: setting up run x5krbwz2
wandb: Tracking run with wandb version 0.26.1
wandb: Run data is saved locally in /gpfs/home3/scur0511/Probe4Physics/wandb/run-20260509_125805-x5krbwz2
wandb: Run `wandb offline` to turn off syncing.
wandb: Syncing run intphys2_linear_ltx_video_layer_noise_1.0_block_24/trial_0008
wandb: ⭐️ View project at https://wandb.ai/caselli-niccolo-developer-university-of-amsterdam/probe4physics
wandb: 🚀 View run at https://wandb.ai/caselli-niccolo-developer-university-of-amsterdam/probe4physics/runs/x5krbwz2
[eval.intphys2] Starting eval | split_name=val split_dir=data/splits/intphys2 predictor_mode=from_file metadata_file=data/annotations/intphys2_metadata.csv
[eval.intphys2] Loaded split assignments | split_scenes=51 split_samples=204
[eval.intphys2] Generated predictions | n_predictions=204
[eval.intphys2] Scoring complete | accuracy=50.0000 voe_accuracy=0.0000 n_scenes=51 n_samples=204
[eval.intphys2] Artifacts written | output_dir=artifacts/probes/intphys2/intphys2_probe_linear_ltx_video_ltxv_13b_0_9_8_distilled_20260509T102820Z/layer_noise_1.0_block_24/train/trial_0008/val_eval
wandb: updating run metadata
wandb: uploading output.log; uploading wandb-summary.json; uploading config.yaml
wandb: 
wandb: Run history:
wandb:          epoch ▁▁▁▁▁▂▂▂▂▂▃▃▃▃▃▄▄▄▄▄▄▄▅▅▅▅▅▅▅▆▆▆▆▇▇▇▇▇▇█
wandb: train_accuracy ▃▇▄▅▄▄▄▆▅▄▄▄▄▄▁▄▄▄▄▄▆▅▅█▄▃▂▅▄▅▃▅▅▆▆▄▃▅▄▄
wandb:     train_loss █▂▂▁▁▁▁▁▁▁▁▁▁▁▁▁▁▁▁▂▁▁▁▁▁▁▁▁▁▁▁▁▁▁▁▁▁▁▁▁
wandb:   val_accuracy ▁▁▁▁▁▁▁▁▁▁▁▁▁▁▁▁▁▁▁▁▁▁▁▁▁▁▁▁▁▁▁▁▁▁▁▁▁▁▁▁
wandb:       val_loss ▄█▆▃▂▁▂▁▁▁▁▁▁▂▁▁▂▁▁▁▁▁▁▁▁▁▁▁▂▁▁▁▁▁▁▁▁▁▁▁
wandb: 
wandb: Run summary:
wandb:           best_epoch 94
wandb:    best_val_accuracy 50
wandb:        best_val_loss 0.69315
wandb: checkpoint_best_path artifacts/probes/int...
wandb: checkpoint_last_path artifacts/probes/int...
wandb:      checkpoint_path artifacts/probes/int...
wandb:              dataset intphys2
wandb:      elapsed_seconds 7.60901
wandb:                epoch 100
wandb:    feature_signature cc5f37ae8af7ba58
wandb:                  +22 ...
wandb: 
wandb: 🚀 View run intphys2_linear_ltx_video_layer_noise_1.0_block_24/trial_0008 at: https://wandb.ai/caselli-niccolo-developer-university-of-amsterdam/probe4physics/runs/x5krbwz2
wandb: ⭐️ View project at: https://wandb.ai/caselli-niccolo-developer-university-of-amsterdam/probe4physics
wandb: Synced 5 W&B file(s), 0 media file(s), 0 artifact file(s) and 0 other file(s)
wandb: Find logs at: ./wandb/run-20260509_125805-x5krbwz2/logs
[I 2026-05-09 12:58:18,503] Trial 8 finished with value: 0.0 and parameters: {'lr': 0.0003699972431463808, 'weight_decay': 3.6749049453053196e-06, 'batch_size': 256, 'epochs': 100}. Best is trial 0 with value: 0.0.
wandb: setting up run llw90m38
wandb: Tracking run with wandb version 0.26.1
wandb: Run data is saved locally in /gpfs/home3/scur0511/Probe4Physics/wandb/run-20260509_125819-llw90m38
wandb: Run `wandb offline` to turn off syncing.
wandb: Syncing run intphys2_linear_ltx_video_layer_noise_1.0_block_24/trial_0009
wandb: ⭐️ View project at https://wandb.ai/caselli-niccolo-developer-university-of-amsterdam/probe4physics
wandb: 🚀 View run at https://wandb.ai/caselli-niccolo-developer-university-of-amsterdam/probe4physics/runs/llw90m38
[eval.intphys2] Starting eval | split_name=val split_dir=data/splits/intphys2 predictor_mode=from_file metadata_file=data/annotations/intphys2_metadata.csv
[eval.intphys2] Loaded split assignments | split_scenes=51 split_samples=204
[eval.intphys2] Generated predictions | n_predictions=204
[eval.intphys2] Scoring complete | accuracy=50.0000 voe_accuracy=0.0000 n_scenes=51 n_samples=204
[eval.intphys2] Artifacts written | output_dir=artifacts/probes/intphys2/intphys2_probe_linear_ltx_video_ltxv_13b_0_9_8_distilled_20260509T102820Z/layer_noise_1.0_block_24/train/trial_0009/val_eval
wandb: updating run metadata
wandb: uploading history steps 886-999, summary, console lines 0-4
wandb: 
wandb: Run history:
wandb:          epoch ▁▁▁▂▂▂▂▂▂▂▂▃▃▃▃▃▃▄▄▄▄▄▄▄▅▅▅▆▆▆▆▇▇▇▇▇▇▇██
wandb: train_accuracy ▄█▆▄█▅▁▇▆▆▃▆▅▆▄▆▃█▆▄▆▃▃▂▇▄▄▆▆▆▆▁▄▆▇▆▆▆▇▆
wandb:     train_loss ▂▄▄▁▁▂▂▂▃▃▂▂▃▂▆▂▂▄▁▆▂▁▂█▂▂▂▂▇▄▇▂▄▂▂▂▄▂▃▂
wandb:   val_accuracy ▁▁▁▁▁▁▁▁▁▁▁▁▁▁▁▁▁▁▁▁▁▁▁▁▁▁▁▁▁▁▁▁▁▁▁▁▁▁▁▁
wandb:       val_loss ▁▁▁▁▁▃▁▂▄█▂▁▂▁▄▁▁▁▁▃▁▁▂▁▆▁▁▁▃▂▁▁▁▆▃▂▁▁▂▂
wandb: 
wandb: Run summary:
wandb:           best_epoch 234
wandb:    best_val_accuracy 50
wandb:        best_val_loss 0.69315
wandb: checkpoint_best_path artifacts/probes/int...
wandb: checkpoint_last_path artifacts/probes/int...
wandb:      checkpoint_path artifacts/probes/int...
wandb:              dataset intphys2
wandb:      elapsed_seconds 55.29261
wandb:                epoch 1000
wandb:    feature_signature cc5f37ae8af7ba58
wandb:                  +22 ...
wandb: 
wandb: 🚀 View run intphys2_linear_ltx_video_layer_noise_1.0_block_24/trial_0009 at: https://wandb.ai/caselli-niccolo-developer-university-of-amsterdam/probe4physics/runs/llw90m38
wandb: ⭐️ View project at: https://wandb.ai/caselli-niccolo-developer-university-of-amsterdam/probe4physics
wandb: Synced 5 W&B file(s), 0 media file(s), 0 artifact file(s) and 0 other file(s)
wandb: Find logs at: ./wandb/run-20260509_125819-llw90m38/logs
[I 2026-05-09 12:59:17,883] Trial 9 finished with value: 0.0 and parameters: {'lr': 4.857295179217165e-05, 'weight_decay': 2.8965395242758635e-08, 'batch_size': 128, 'epochs': 1000}. Best is trial 0 with value: 0.0.
wandb: setting up run bxrxq98n
wandb: Tracking run with wandb version 0.26.1
wandb: Run data is saved locally in /gpfs/home3/scur0511/Probe4Physics/wandb/run-20260509_125918-bxrxq98n
wandb: Run `wandb offline` to turn off syncing.
wandb: Syncing run intphys2_linear_ltx_video_layer_noise_1.0_block_24/trial_0010
wandb: ⭐️ View project at https://wandb.ai/caselli-niccolo-developer-university-of-amsterdam/probe4physics
wandb: 🚀 View run at https://wandb.ai/caselli-niccolo-developer-university-of-amsterdam/probe4physics/runs/bxrxq98n
[eval.intphys2] Starting eval | split_name=val split_dir=data/splits/intphys2 predictor_mode=from_file metadata_file=data/annotations/intphys2_metadata.csv
[eval.intphys2] Loaded split assignments | split_scenes=51 split_samples=204
[eval.intphys2] Generated predictions | n_predictions=204
[eval.intphys2] Scoring complete | accuracy=50.0000 voe_accuracy=0.0000 n_scenes=51 n_samples=204
[eval.intphys2] Artifacts written | output_dir=artifacts/probes/intphys2/intphys2_probe_linear_ltx_video_ltxv_13b_0_9_8_distilled_20260509T102820Z/layer_noise_1.0_block_24/train/trial_0010/val_eval
wandb: updating run metadata
wandb: uploading wandb-summary.json; uploading config.yaml; uploading output.log
wandb: 
wandb: Run history:
wandb:          epoch ▁▁▁▂▂▂▂▃▃▃▃▄▄▄▄▄▄▄▄▄▅▅▅▅▅▅▅▅▅▅▆▆▆▆▆▇▇▇▇█
wandb: train_accuracy ▅▃▆▆▄▂▃▂▅▄▅▂▄▄▅▅▄▆▄▆▅▃▆▃▃█▅▃▅▃▆▅▅▃▇▃▂▂▁▃
wandb:     train_loss ▂▁▇▃▃▃▆▂▂▁▁▁▁▄▃▅█▇▃▇▂▅▂▇▁▇▃▁▂▂▄▂▄▄▇▄▄▄▄▂
wandb:   val_accuracy ▁▁▁▁▁▁▁▁▁▁▁▁▁▁▁▁▁▁▁▁▁▁▁▁▁▁▁▁▁▁▁▁▁▁▁▁▁▁▁▁
wandb:       val_loss ▃▅▃▁▁▄▅▂▁▂▄▃▁█▃▃▂▄▁▃▃▃▁▂█▂▃▆▃▇▁▂▁▃▂▂▂▁▁▆
wandb: 
wandb: Run summary:
wandb:           best_epoch 1498
wandb:    best_val_accuracy 50
wandb:        best_val_loss 0.69315
wandb: checkpoint_best_path artifacts/probes/int...
wandb: checkpoint_last_path artifacts/probes/int...
wandb:      checkpoint_path artifacts/probes/int...
wandb:              dataset intphys2
wandb:      elapsed_seconds 173.30768
wandb:                epoch 2000
wandb:    feature_signature cc5f37ae8af7ba58
wandb:                  +22 ...
wandb: 
wandb: 🚀 View run intphys2_linear_ltx_video_layer_noise_1.0_block_24/trial_0010 at: https://wandb.ai/caselli-niccolo-developer-university-of-amsterdam/probe4physics/runs/bxrxq98n
wandb: ⭐️ View project at: https://wandb.ai/caselli-niccolo-developer-university-of-amsterdam/probe4physics
wandb: Synced 5 W&B file(s), 0 media file(s), 0 artifact file(s) and 0 other file(s)
wandb: Find logs at: ./wandb/run-20260509_125918-bxrxq98n/logs
[I 2026-05-09 13:02:15,056] Trial 10 finished with value: 0.0 and parameters: {'lr': 0.002146403547714585, 'weight_decay': 0.003955232336089218, 'batch_size': 64, 'epochs': 2000}. Best is trial 0 with value: 0.0.
wandb: setting up run 5rv7xmzs
wandb: Tracking run with wandb version 0.26.1
wandb: Run data is saved locally in /gpfs/home3/scur0511/Probe4Physics/wandb/run-20260509_130215-5rv7xmzs
wandb: Run `wandb offline` to turn off syncing.
wandb: Syncing run intphys2_linear_ltx_video_layer_noise_1.0_block_24/trial_0011
wandb: ⭐️ View project at https://wandb.ai/caselli-niccolo-developer-university-of-amsterdam/probe4physics
wandb: 🚀 View run at https://wandb.ai/caselli-niccolo-developer-university-of-amsterdam/probe4physics/runs/5rv7xmzs
[eval.intphys2] Starting eval | split_name=val split_dir=data/splits/intphys2 predictor_mode=from_file metadata_file=data/annotations/intphys2_metadata.csv
[eval.intphys2] Loaded split assignments | split_scenes=51 split_samples=204
[eval.intphys2] Generated predictions | n_predictions=204
[eval.intphys2] Scoring complete | accuracy=50.0000 voe_accuracy=0.0000 n_scenes=51 n_samples=204
[eval.intphys2] Artifacts written | output_dir=artifacts/probes/intphys2/intphys2_probe_linear_ltx_video_ltxv_13b_0_9_8_distilled_20260509T102820Z/layer_noise_1.0_block_24/train/trial_0011/val_eval
wandb: updating run metadata
wandb: uploading wandb-metadata.json; uploading requirements.txt; uploading output.log; uploading wandb-summary.json; uploading config.yaml
wandb: 
wandb: Run history:
wandb:          epoch ▁▁▂▂▂▃▃▄▄▄▅▅▅▆▆▇▇▇██
wandb: train_accuracy ▃▅█▂▃▃▃▄▄▆▅▆▄▅▁▆▄▄▃▃
wandb:     train_loss █▄▂▁▂▁▁▁▁▁▂▂▁▂▂▂▂▂▂▁
wandb:   val_accuracy ▁▁▁▁▁▁▁▁▁▁▁▁▁▁▁▁▁▁▁▁
wandb:       val_loss █▄▃▂▂▂▁▁▁▁▂▂▁▂▂▁▂▁▃▁
wandb: 
wandb: Run summary:
wandb:           best_epoch 20
wandb:    best_val_accuracy 50
wandb:        best_val_loss 0.697
wandb: checkpoint_best_path artifacts/probes/int...
wandb: checkpoint_last_path artifacts/probes/int...
wandb:      checkpoint_path artifacts/probes/int...
wandb:              dataset intphys2
wandb:      elapsed_seconds 2.2083
wandb:                epoch 20
wandb:    feature_signature cc5f37ae8af7ba58
wandb:                  +22 ...
wandb: 
wandb: 🚀 View run intphys2_linear_ltx_video_layer_noise_1.0_block_24/trial_0011 at: https://wandb.ai/caselli-niccolo-developer-university-of-amsterdam/probe4physics/runs/5rv7xmzs
wandb: ⭐️ View project at: https://wandb.ai/caselli-niccolo-developer-university-of-amsterdam/probe4physics
wandb: Synced 5 W&B file(s), 0 media file(s), 0 artifact file(s) and 0 other file(s)
wandb: Find logs at: ./wandb/run-20260509_130215-5rv7xmzs/logs
[I 2026-05-09 13:02:19,043] Trial 11 finished with value: 0.0 and parameters: {'lr': 0.006290638535730336, 'weight_decay': 3.099069456180075e-05, 'batch_size': 256, 'epochs': 20}. Best is trial 0 with value: 0.0.
wandb: setting up run g2ofeaq9
wandb: Tracking run with wandb version 0.26.1
wandb: Run data is saved locally in /gpfs/home3/scur0511/Probe4Physics/wandb/run-20260509_130219-g2ofeaq9
wandb: Run `wandb offline` to turn off syncing.
wandb: Syncing run intphys2_linear_ltx_video_layer_noise_1.0_block_24/trial_0012
wandb: ⭐️ View project at https://wandb.ai/caselli-niccolo-developer-university-of-amsterdam/probe4physics
wandb: 🚀 View run at https://wandb.ai/caselli-niccolo-developer-university-of-amsterdam/probe4physics/runs/g2ofeaq9
[eval.intphys2] Starting eval | split_name=val split_dir=data/splits/intphys2 predictor_mode=from_file metadata_file=data/annotations/intphys2_metadata.csv
[eval.intphys2] Loaded split assignments | split_scenes=51 split_samples=204
[eval.intphys2] Generated predictions | n_predictions=204
[eval.intphys2] Scoring complete | accuracy=50.0000 voe_accuracy=0.0000 n_scenes=51 n_samples=204
[eval.intphys2] Artifacts written | output_dir=artifacts/probes/intphys2/intphys2_probe_linear_ltx_video_ltxv_13b_0_9_8_distilled_20260509T102820Z/layer_noise_1.0_block_24/train/trial_0012/val_eval
wandb: updating run metadata
wandb: uploading output.log; uploading wandb-summary.json; uploading config.yaml
wandb: 
wandb: Run history:
wandb:          epoch ▁▁▁▁▂▂▂▂▂▂▂▃▃▃▃▃▄▄▄▄▅▅▅▅▆▆▆▆▆▇▇▇▇▇▇▇▇▇▇█
wandb: train_accuracy ▄▅▂▁▅▇▄▇▅▃▅▇▆▄▃▅▇▄▅▅▅▅▄▇▃▄▅▃▂▄▃▁▃▃▃▅▃▅▄█
wandb:     train_loss █▄▁▁▁▁▁▂▁▁▂▂▂▁▁▁▂▂▂▂▁▁▁▁▁▁▁▂▂▁▁▂▁▁▂▁▁▂▁▂
wandb:   val_accuracy ▁▁▁▁▁▁▁▁▁▁▁▁▁▁▁▁▁▁▁▁▁▁▁▁▁▁▁▁▁▁▁▁▁▁▁▁▁▁▁▁
wandb:       val_loss ▆▂▂▃▁▃▇▄▁▄▁▂▃█▁▆▁▆▂▄▃▃▂▁▃▄▂▁▄▁▂▆▄▂▄▁▁▁▃▁
wandb: 
wandb: Run summary:
wandb:           best_epoch 482
wandb:    best_val_accuracy 50
wandb:        best_val_loss 0.69315
wandb: checkpoint_best_path artifacts/probes/int...
wandb: checkpoint_last_path artifacts/probes/int...
wandb:      checkpoint_path artifacts/probes/int...
wandb:              dataset intphys2
wandb:      elapsed_seconds 154.63809
wandb:                epoch 2000
wandb:    feature_signature cc5f37ae8af7ba58
wandb:                  +22 ...
wandb: 
wandb: 🚀 View run intphys2_linear_ltx_video_layer_noise_1.0_block_24/trial_0012 at: https://wandb.ai/caselli-niccolo-developer-university-of-amsterdam/probe4physics/runs/g2ofeaq9
wandb: ⭐️ View project at: https://wandb.ai/caselli-niccolo-developer-university-of-amsterdam/probe4physics
wandb: Synced 5 W&B file(s), 0 media file(s), 0 artifact file(s) and 0 other file(s)
wandb: Find logs at: ./wandb/run-20260509_130219-g2ofeaq9/logs
[I 2026-05-09 13:04:56,983] Trial 12 finished with value: 0.0 and parameters: {'lr': 0.0017138890273524052, 'weight_decay': 2.8103024558302232e-05, 'batch_size': 256, 'epochs': 2000}. Best is trial 0 with value: 0.0.
wandb: setting up run e2ro5dob
wandb: Tracking run with wandb version 0.26.1
wandb: Run data is saved locally in /gpfs/home3/scur0511/Probe4Physics/wandb/run-20260509_130457-e2ro5dob
wandb: Run `wandb offline` to turn off syncing.
wandb: Syncing run intphys2_linear_ltx_video_layer_noise_1.0_block_24/trial_0013
wandb: ⭐️ View project at https://wandb.ai/caselli-niccolo-developer-university-of-amsterdam/probe4physics
wandb: 🚀 View run at https://wandb.ai/caselli-niccolo-developer-university-of-amsterdam/probe4physics/runs/e2ro5dob
[eval.intphys2] Starting eval | split_name=val split_dir=data/splits/intphys2 predictor_mode=from_file metadata_file=data/annotations/intphys2_metadata.csv
[eval.intphys2] Loaded split assignments | split_scenes=51 split_samples=204
[eval.intphys2] Generated predictions | n_predictions=204
[eval.intphys2] Scoring complete | accuracy=50.0000 voe_accuracy=0.0000 n_scenes=51 n_samples=204
[eval.intphys2] Artifacts written | output_dir=artifacts/probes/intphys2/intphys2_probe_linear_ltx_video_ltxv_13b_0_9_8_distilled_20260509T102820Z/layer_noise_1.0_block_24/train/trial_0013/val_eval
wandb: updating run metadata
wandb: uploading history steps 1983-1999, summary, console lines 0-4
wandb: 
wandb: Run history:
wandb:          epoch ▁▁▁▁▁▂▂▂▃▃▃▃▃▃▃▄▄▄▄▅▅▅▅▅▅▆▆▆▆▆▆▇▇▇▇▇████
wandb: train_accuracy ▅▂▅▆▄▃█▆▄▂▁▃▃▃▇▅▇▄█▄▇█▇▃▇▅▃▅▆▄▂▆▅▃▄▅▇██▃
wandb:     train_loss ▅▃▂▆▂▃▂▁▃▃▅▂▁▅█▁▂▂▂▁▃▄▃▁▁▁▁▁▁▂▂▃▂▂▄▄▃▁▃▂
wandb:   val_accuracy ▁▁▁▁▁▁▁▁▁▁▁▁▁▁▁▁▁▁▁▁▁▁▁▁▁▁▁▁▁▁▁▁▁▁▁▁▁▁▁▁
wandb:       val_loss ▁▁▃▁▁▁█▁▂▇▅▂▅▂▁▂▁▁▁▁▁▁▄▂▂▂▆▁▁▂▇▁▂▁▁▃▆▂▁▂
wandb: 
wandb: Run summary:
wandb:           best_epoch 1548
wandb:    best_val_accuracy 50
wandb:        best_val_loss 0.69315
wandb: checkpoint_best_path artifacts/probes/int...
wandb: checkpoint_last_path artifacts/probes/int...
wandb:      checkpoint_path artifacts/probes/int...
wandb:              dataset intphys2
wandb:      elapsed_seconds 168.44643
wandb:                epoch 2000
wandb:    feature_signature cc5f37ae8af7ba58
wandb:                  +22 ...
wandb: 
wandb: 🚀 View run intphys2_linear_ltx_video_layer_noise_1.0_block_24/trial_0013 at: https://wandb.ai/caselli-niccolo-developer-university-of-amsterdam/probe4physics/runs/e2ro5dob
wandb: ⭐️ View project at: https://wandb.ai/caselli-niccolo-developer-university-of-amsterdam/probe4physics
wandb: Synced 5 W&B file(s), 0 media file(s), 0 artifact file(s) and 0 other file(s)
wandb: Find logs at: ./wandb/run-20260509_130457-e2ro5dob/logs
[I 2026-05-09 13:07:49,623] Trial 13 finished with value: 0.0 and parameters: {'lr': 0.0009827696709910616, 'weight_decay': 0.008946810000979412, 'batch_size': 64, 'epochs': 2000}. Best is trial 0 with value: 0.0.
wandb: setting up run o8eh0slo
wandb: Tracking run with wandb version 0.26.1
wandb: Run data is saved locally in /gpfs/home3/scur0511/Probe4Physics/wandb/run-20260509_130750-o8eh0slo
wandb: Run `wandb offline` to turn off syncing.
wandb: Syncing run intphys2_linear_ltx_video_layer_noise_1.0_block_24/trial_0014
wandb: ⭐️ View project at https://wandb.ai/caselli-niccolo-developer-university-of-amsterdam/probe4physics
wandb: 🚀 View run at https://wandb.ai/caselli-niccolo-developer-university-of-amsterdam/probe4physics/runs/o8eh0slo
[eval.intphys2] Starting eval | split_name=val split_dir=data/splits/intphys2 predictor_mode=from_file metadata_file=data/annotations/intphys2_metadata.csv
[eval.intphys2] Loaded split assignments | split_scenes=51 split_samples=204
[eval.intphys2] Generated predictions | n_predictions=204
[eval.intphys2] Scoring complete | accuracy=50.0000 voe_accuracy=0.0000 n_scenes=51 n_samples=204
[eval.intphys2] Artifacts written | output_dir=artifacts/probes/intphys2/intphys2_probe_linear_ltx_video_ltxv_13b_0_9_8_distilled_20260509T102820Z/layer_noise_1.0_block_24/train/trial_0014/val_eval
wandb: updating run metadata
wandb: uploading output.log; uploading wandb-summary.json; uploading config.yaml
wandb: 
wandb: Run history:
wandb:          epoch ▁▁▁▁▁▂▂▂▂▂▃▃▃▃▃▄▄▄▄▄▄▅▅▅▅▅▅▅▆▆▆▆▆▇▇▇████
wandb: train_accuracy ▄▂▃▄▃▄▆▃▂▄▃▄█▁▃▃▂▃▁▃▄▅▂▃▁▆▂▅▃▄▁▂▅▃▂▃▃▃▃▃
wandb:     train_loss ▆▅▅▅▃▃▅▆▅█▄▄▆▄▅▂▂▂▂▁▃▃▄▃▁▂▄▃▂▂▁▃▂▂▂▅▄▂▂▃
wandb:   val_accuracy ▁▁▁▁▁▁▁▁▁▁▁▁▁▁▁▁▁▁▁▁▁▁▁▁▁▁▁▁▁▁▁▁▁▁▁▁▁▁▁▁
wandb:       val_loss ▂▇▃▇▃▁▁▁▃▄▃▆▃▆▅▂▂▃▂▂▂▂▄▄▅▃█▄▂▂▅▄▂▁▃▃▁▄▃▂
wandb: 
wandb: Run summary:
wandb:           best_epoch 17
wandb:    best_val_accuracy 50
wandb:        best_val_loss 0.69349
wandb: checkpoint_best_path artifacts/probes/int...
wandb: checkpoint_last_path artifacts/probes/int...
wandb:      checkpoint_path artifacts/probes/int...
wandb:              dataset intphys2
wandb:      elapsed_seconds 6.99209
wandb:                epoch 100
wandb:    feature_signature cc5f37ae8af7ba58
wandb:                  +22 ...
wandb: 
wandb: 🚀 View run intphys2_linear_ltx_video_layer_noise_1.0_block_24/trial_0014 at: https://wandb.ai/caselli-niccolo-developer-university-of-amsterdam/probe4physics/runs/o8eh0slo
wandb: ⭐️ View project at: https://wandb.ai/caselli-niccolo-developer-university-of-amsterdam/probe4physics
wandb: Synced 5 W&B file(s), 0 media file(s), 0 artifact file(s) and 0 other file(s)
wandb: Find logs at: ./wandb/run-20260509_130750-o8eh0slo/logs
[I 2026-05-09 13:07:58,751] Trial 14 finished with value: 0.0 and parameters: {'lr': 0.009346845015219, 'weight_decay': 0.00010294317962430987, 'batch_size': 32, 'epochs': 100}. Best is trial 0 with value: 0.0.
wandb: setting up run tkk5fvev
wandb: Tracking run with wandb version 0.26.1
wandb: Run data is saved locally in /gpfs/home3/scur0511/Probe4Physics/wandb/run-20260509_130759-tkk5fvev
wandb: Run `wandb offline` to turn off syncing.
wandb: Syncing run intphys2_linear_ltx_video_layer_noise_1.0_block_24/trial_0015
wandb: ⭐️ View project at https://wandb.ai/caselli-niccolo-developer-university-of-amsterdam/probe4physics
wandb: 🚀 View run at https://wandb.ai/caselli-niccolo-developer-university-of-amsterdam/probe4physics/runs/tkk5fvev
[eval.intphys2] Starting eval | split_name=val split_dir=data/splits/intphys2 predictor_mode=from_file metadata_file=data/annotations/intphys2_metadata.csv
[eval.intphys2] Loaded split assignments | split_scenes=51 split_samples=204
[eval.intphys2] Generated predictions | n_predictions=204
[eval.intphys2] Scoring complete | accuracy=50.0000 voe_accuracy=0.0000 n_scenes=51 n_samples=204
[eval.intphys2] Artifacts written | output_dir=artifacts/probes/intphys2/intphys2_probe_linear_ltx_video_ltxv_13b_0_9_8_distilled_20260509T102820Z/layer_noise_1.0_block_24/train/trial_0015/val_eval
wandb: updating run metadata
wandb: uploading output.log; uploading wandb-summary.json; uploading config.yaml
wandb: 
wandb: Run history:
wandb:          epoch ▁▁▁▁▁▂▂▂▂▂▂▂▃▃▃▃▃▃▄▄▄▄▄▅▅▅▅▅▅▆▆▆▆▆▇▇████
wandb: train_accuracy ▇▇▇▇█▇▇▇▇▇▇▇▇▇▇▇▇▇▇▇▇█▇▂▇▇▇▁▇▄▇▇▇▇▇▇▇▂▇▇
wandb:     train_loss ▂█▂▁▁▁▁▁▁▁▁▁▁▁▁▁▁▁▁▁▁▁▁▁▁▁▁▁▁▁▁▁▁▁▁▁▁▁▁▁
wandb:   val_accuracy ▁▁▁▁▁▁▁▁▁▁▁▁▁▁▁▁▁▁▁▁▁▁▁▁▁▁▁▁▁▁▁▁▁▁▁▁▁▁▁▁
wandb:       val_loss ▁▁▁▂▁▁▁▁▁▂▂▁▃▁▁▁▁▁▁▁▁▁▂▂▁▁▁▆▁▁▄▁▃█▁▁▁▅▁▂
wandb: 
wandb: Run summary:
wandb:           best_epoch 110
wandb:    best_val_accuracy 50
wandb:        best_val_loss 0.69315
wandb: checkpoint_best_path artifacts/probes/int...
wandb: checkpoint_last_path artifacts/probes/int...
wandb:      checkpoint_path artifacts/probes/int...
wandb:              dataset intphys2
wandb:      elapsed_seconds 23.18518
wandb:                epoch 500
wandb:    feature_signature cc5f37ae8af7ba58
wandb:                  +22 ...
wandb: 
wandb: 🚀 View run intphys2_linear_ltx_video_layer_noise_1.0_block_24/trial_0015 at: https://wandb.ai/caselli-niccolo-developer-university-of-amsterdam/probe4physics/runs/tkk5fvev
wandb: ⭐️ View project at: https://wandb.ai/caselli-niccolo-developer-university-of-amsterdam/probe4physics
wandb: Synced 5 W&B file(s), 0 media file(s), 0 artifact file(s) and 0 other file(s)
wandb: Find logs at: ./wandb/run-20260509_130759-tkk5fvev/logs
[I 2026-05-09 13:08:25,575] Trial 15 finished with value: 0.0 and parameters: {'lr': 1.9592076566280752e-05, 'weight_decay': 5.807862910443679e-06, 'batch_size': 256, 'epochs': 500}. Best is trial 0 with value: 0.0.
wandb: setting up run d89meqqu
wandb: Tracking run with wandb version 0.26.1
wandb: Run data is saved locally in /gpfs/home3/scur0511/Probe4Physics/wandb/run-20260509_130827-d89meqqu
wandb: Run `wandb offline` to turn off syncing.
wandb: Syncing run intphys2_linear_ltx_video_layer_noise_1.0_block_24/trial_0016
wandb: ⭐️ View project at https://wandb.ai/caselli-niccolo-developer-university-of-amsterdam/probe4physics
wandb: 🚀 View run at https://wandb.ai/caselli-niccolo-developer-university-of-amsterdam/probe4physics/runs/d89meqqu
[eval.intphys2] Starting eval | split_name=val split_dir=data/splits/intphys2 predictor_mode=from_file metadata_file=data/annotations/intphys2_metadata.csv
[eval.intphys2] Loaded split assignments | split_scenes=51 split_samples=204
[eval.intphys2] Generated predictions | n_predictions=204
[eval.intphys2] Scoring complete | accuracy=50.0000 voe_accuracy=0.0000 n_scenes=51 n_samples=204
[eval.intphys2] Artifacts written | output_dir=artifacts/probes/intphys2/intphys2_probe_linear_ltx_video_ltxv_13b_0_9_8_distilled_20260509T102820Z/layer_noise_1.0_block_24/train/trial_0016/val_eval
wandb: updating run metadata
wandb: uploading output.log; uploading wandb-summary.json; uploading config.yaml; uploading wandb-metadata.json; uploading requirements.txt
wandb: 
wandb: Run history:
wandb:          epoch ▁▁▂▂▂▃▃▄▄▄▅▅▅▆▆▇▇▇██
wandb: train_accuracy ▁▅█▅▅▁█▅▅▃▅▅▅▅▅▅▅▅▅▅
wandb:     train_loss █▄▂▄▃▂▂▃▂▂▂▂▂▂▁▂▂▁▂▁
wandb:   val_accuracy ▁▁▁▁▁▁▁▁▁▁▁▁▁▁▁▁▁▁▁▁
wandb:       val_loss █▄▇▃▃▄▅▂▁▃▄▃▂▁▂▂▂▂▁▂
wandb: 
wandb: Run summary:
wandb:           best_epoch 9
wandb:    best_val_accuracy 50
wandb:        best_val_loss 0.9371
wandb: checkpoint_best_path artifacts/probes/int...
wandb: checkpoint_last_path artifacts/probes/int...
wandb:      checkpoint_path artifacts/probes/int...
wandb:              dataset intphys2
wandb:      elapsed_seconds 3.18501
wandb:                epoch 20
wandb:    feature_signature cc5f37ae8af7ba58
wandb:                  +22 ...
wandb: 
wandb: 🚀 View run intphys2_linear_ltx_video_layer_noise_1.0_block_24/trial_0016 at: https://wandb.ai/caselli-niccolo-developer-university-of-amsterdam/probe4physics/runs/d89meqqu
wandb: ⭐️ View project at: https://wandb.ai/caselli-niccolo-developer-university-of-amsterdam/probe4physics
wandb: Synced 5 W&B file(s), 0 media file(s), 0 artifact file(s) and 0 other file(s)
wandb: Find logs at: ./wandb/run-20260509_130827-d89meqqu/logs
[I 2026-05-09 13:08:30,429] Trial 16 finished with value: 0.0 and parameters: {'lr': 0.0035459485775337835, 'weight_decay': 2.1424483808604603e-06, 'batch_size': 256, 'epochs': 20}. Best is trial 0 with value: 0.0.
wandb: setting up run g18nx9dg
wandb: Tracking run with wandb version 0.26.1
wandb: Run data is saved locally in /gpfs/home3/scur0511/Probe4Physics/wandb/run-20260509_130831-g18nx9dg
wandb: Run `wandb offline` to turn off syncing.
wandb: Syncing run intphys2_linear_ltx_video_layer_noise_1.0_block_24/trial_0017
wandb: ⭐️ View project at https://wandb.ai/caselli-niccolo-developer-university-of-amsterdam/probe4physics
wandb: 🚀 View run at https://wandb.ai/caselli-niccolo-developer-university-of-amsterdam/probe4physics/runs/g18nx9dg
[eval.intphys2] Starting eval | split_name=val split_dir=data/splits/intphys2 predictor_mode=from_file metadata_file=data/annotations/intphys2_metadata.csv
[eval.intphys2] Loaded split assignments | split_scenes=51 split_samples=204
[eval.intphys2] Generated predictions | n_predictions=204
[eval.intphys2] Scoring complete | accuracy=50.0000 voe_accuracy=0.0000 n_scenes=51 n_samples=204
[eval.intphys2] Artifacts written | output_dir=artifacts/probes/intphys2/intphys2_probe_linear_ltx_video_ltxv_13b_0_9_8_distilled_20260509T102820Z/layer_noise_1.0_block_24/train/trial_0017/val_eval
wandb: updating run metadata
wandb: uploading output.log; uploading wandb-summary.json; uploading config.yaml
wandb: 
wandb: Run history:
wandb:          epoch ▁▁▁▁▁▂▂▂▂▂▃▃▃▃▃▄▄▄▄▄▄▅▅▅▅▅▆▆▆▆▆▆▇▇▇▇▇███
wandb: train_accuracy ▇█▂▄█▄▁▄▆▄▃▅▆▇▆▃▇▅▆▃▃▃▆▆▆█▇█▄▇▂▅▆▄▁▄▅▄▆▄
wandb:     train_loss ▂▄▃▃▄▂█▄▂▃▂▁▅▃▆▄▇▂▇▄▂▂▄▅▇▂▁▂▃▃▂▁▃▄▁▂▂▁▂▃
wandb:   val_accuracy ▁▁▁▁▁▁▁▁▁▁▁▁▁▁▁▁▁▁▁▁▁▁▁▁▁▁▁▁▁▁▁▁▁▁▁▁▁▁▁▁
wandb:       val_loss ▁▁▁▁▁▁▁▁▃▂▁▂▂▂▁▂▃▂▁▁▂█▁▁▃▁▁▁▁▂▁▁▂▁▁▃▁▁▁▂
wandb: 
wandb: Run summary:
wandb:           best_epoch 24
wandb:    best_val_accuracy 50
wandb:        best_val_loss 0.69315
wandb: checkpoint_best_path artifacts/probes/int...
wandb: checkpoint_last_path artifacts/probes/int...
wandb:      checkpoint_path artifacts/probes/int...
wandb:              dataset intphys2
wandb:      elapsed_seconds 182.77048
wandb:                epoch 2000
wandb:    feature_signature cc5f37ae8af7ba58
wandb:                  +22 ...
wandb: 
wandb: 🚀 View run intphys2_linear_ltx_video_layer_noise_1.0_block_24/trial_0017 at: https://wandb.ai/caselli-niccolo-developer-university-of-amsterdam/probe4physics/runs/g18nx9dg
wandb: ⭐️ View project at: https://wandb.ai/caselli-niccolo-developer-university-of-amsterdam/probe4physics
wandb: Synced 5 W&B file(s), 0 media file(s), 0 artifact file(s) and 0 other file(s)
wandb: Find logs at: ./wandb/run-20260509_130831-g18nx9dg/logs
[I 2026-05-09 13:11:37,362] Trial 17 finished with value: 0.0 and parameters: {'lr': 0.0007948707226799964, 'weight_decay': 1.4239225315245903e-08, 'batch_size': 32, 'epochs': 2000}. Best is trial 0 with value: 0.0.
wandb: setting up run mbv66m42
wandb: Tracking run with wandb version 0.26.1
wandb: Run data is saved locally in /gpfs/home3/scur0511/Probe4Physics/wandb/run-20260509_131138-mbv66m42
wandb: Run `wandb offline` to turn off syncing.
wandb: Syncing run intphys2_linear_ltx_video_layer_noise_1.0_block_24/trial_0018
wandb: ⭐️ View project at https://wandb.ai/caselli-niccolo-developer-university-of-amsterdam/probe4physics
wandb: 🚀 View run at https://wandb.ai/caselli-niccolo-developer-university-of-amsterdam/probe4physics/runs/mbv66m42
[eval.intphys2] Starting eval | split_name=val split_dir=data/splits/intphys2 predictor_mode=from_file metadata_file=data/annotations/intphys2_metadata.csv
[eval.intphys2] Loaded split assignments | split_scenes=51 split_samples=204
[eval.intphys2] Generated predictions | n_predictions=204
[eval.intphys2] Scoring complete | accuracy=50.0000 voe_accuracy=0.0000 n_scenes=51 n_samples=204
[eval.intphys2] Artifacts written | output_dir=artifacts/probes/intphys2/intphys2_probe_linear_ltx_video_ltxv_13b_0_9_8_distilled_20260509T102820Z/layer_noise_1.0_block_24/train/trial_0018/val_eval
wandb: updating run metadata
wandb: uploading output.log; uploading wandb-summary.json; uploading config.yaml
wandb: 
wandb: Run history:
wandb:          epoch ▁▁▁▁▂▂▂▂▂▂▃▃▃▃▃▄▄▄▄▄▅▅▅▅▅▅▆▆▆▆▆▆▇▇▇▇▇███
wandb: train_accuracy ▅▆▆▇▄▄▆▅▄▅▅▅▄▅▆▇▂▅▁▅▄▅▃▇▃▆▄▅▄▃█▄▄█▅▅▂▃▃▅
wandb:     train_loss █▂▂▁▁▁▁▁▁▁▂▁▁▁▁▁▁▁▁▁▁▁▁▁▁▁▁▁▁▁▁▁▁▁▁▁▁▁▁▁
wandb:   val_accuracy ▁▁▁▁▁▁▁▁▁▁▁▁▁▁▁▁▁▁▁▁▁▁▁▁▁▁▁▁▁▁▁▁▁▁▁▁▁▁▁▁
wandb:       val_loss █▂▁▁▁▁▁▁▂▁▁▁▁▁▁▁▁▁▁▁▁▃▁▂▁▁▂▁▁▁▁▁▁▁▁▃▁▁▁▂
wandb: 
wandb: Run summary:
wandb:           best_epoch 39
wandb:    best_val_accuracy 50
wandb:        best_val_loss 0.69315
wandb: checkpoint_best_path artifacts/probes/int...
wandb: checkpoint_last_path artifacts/probes/int...
wandb:      checkpoint_path artifacts/probes/int...
wandb:              dataset intphys2
wandb:      elapsed_seconds 5.79771
wandb:                epoch 100
wandb:    feature_signature cc5f37ae8af7ba58
wandb:                  +22 ...
wandb: 
wandb: 🚀 View run intphys2_linear_ltx_video_layer_noise_1.0_block_24/trial_0018 at: https://wandb.ai/caselli-niccolo-developer-university-of-amsterdam/probe4physics/runs/mbv66m42
wandb: ⭐️ View project at: https://wandb.ai/caselli-niccolo-developer-university-of-amsterdam/probe4physics
wandb: Synced 5 W&B file(s), 0 media file(s), 0 artifact file(s) and 0 other file(s)
wandb: Find logs at: ./wandb/run-20260509_131138-mbv66m42/logs
[I 2026-05-09 13:11:45,521] Trial 18 finished with value: 0.0 and parameters: {'lr': 4.720845304099489e-05, 'weight_decay': 1.7071783919969125e-07, 'batch_size': 64, 'epochs': 100}. Best is trial 0 with value: 0.0.
wandb: setting up run pgnxdsnp
wandb: Tracking run with wandb version 0.26.1
wandb: Run data is saved locally in /gpfs/home3/scur0511/Probe4Physics/wandb/run-20260509_131146-pgnxdsnp
wandb: Run `wandb offline` to turn off syncing.
wandb: Syncing run intphys2_linear_ltx_video_layer_noise_1.0_block_24/trial_0019
wandb: ⭐️ View project at https://wandb.ai/caselli-niccolo-developer-university-of-amsterdam/probe4physics
wandb: 🚀 View run at https://wandb.ai/caselli-niccolo-developer-university-of-amsterdam/probe4physics/runs/pgnxdsnp
[eval.intphys2] Starting eval | split_name=val split_dir=data/splits/intphys2 predictor_mode=from_file metadata_file=data/annotations/intphys2_metadata.csv
[eval.intphys2] Loaded split assignments | split_scenes=51 split_samples=204
[eval.intphys2] Generated predictions | n_predictions=204
[eval.intphys2] Scoring complete | accuracy=50.0000 voe_accuracy=0.0000 n_scenes=51 n_samples=204
[eval.intphys2] Artifacts written | output_dir=artifacts/probes/intphys2/intphys2_probe_linear_ltx_video_ltxv_13b_0_9_8_distilled_20260509T102820Z/layer_noise_1.0_block_24/train/trial_0019/val_eval
wandb: updating run metadata
wandb: uploading output.log; uploading wandb-summary.json; uploading config.yaml
wandb: 
wandb: Run history:
wandb:          epoch ▁▁▂▂▂▂▂▂▂▂▃▃▃▃▃▃▄▄▄▄▅▅▅▅▅▆▆▆▆▆▆▇▇▇▇▇▇███
wandb: train_accuracy ▅▆▄▄▅▆▂▆▂▃▃▃▆▆▄▅▅▅▅▆▅▁▅▂▄▂█▂▆▄▅▅▅▅▅▇▇▅▅▅
wandb:     train_loss ▆▂▆█▁▁▁▂▄▃▁▂▂▂▂▅▇▄▃▂▂█▂▅▄▅▃▄▆▅▁▁▅▁▁▁▆▇▆█
wandb:   val_accuracy ▁▁▁▁▁▁▁▁▁▁▁▁▁▁▁▁▁▁▁▁▁▁▁▁▁▁▁▁▁▁▁▁▁▁▁▁▁▁▁▁
wandb:       val_loss ▁▁▂▁▁▂▆▄▆▁▁▂▁▁▁▄▁▃▁▂▁▁▄▁▃█▂▁▂▁▅▃▁▂▄▁▁▁▁▂
wandb: 
wandb: Run summary:
wandb:           best_epoch 1917
wandb:    best_val_accuracy 50
wandb:        best_val_loss 0.69315
wandb: checkpoint_best_path artifacts/probes/int...
wandb: checkpoint_last_path artifacts/probes/int...
wandb:      checkpoint_path artifacts/probes/int...
wandb:              dataset intphys2
wandb:      elapsed_seconds 151.69565
wandb:                epoch 2000
wandb:    feature_signature cc5f37ae8af7ba58
wandb:                  +22 ...
wandb: 
wandb: 🚀 View run intphys2_linear_ltx_video_layer_noise_1.0_block_24/trial_0019 at: https://wandb.ai/caselli-niccolo-developer-university-of-amsterdam/probe4physics/runs/pgnxdsnp
wandb: ⭐️ View project at: https://wandb.ai/caselli-niccolo-developer-university-of-amsterdam/probe4physics
wandb: Synced 5 W&B file(s), 0 media file(s), 0 artifact file(s) and 0 other file(s)
wandb: Find logs at: ./wandb/run-20260509_131146-pgnxdsnp/logs
[I 2026-05-09 13:14:20,671] Trial 19 finished with value: 0.0 and parameters: {'lr': 0.0007392530738469641, 'weight_decay': 0.000369960521744469, 'batch_size': 256, 'epochs': 2000}. Best is trial 0 with value: 0.0.
[eval.intphys2] Starting eval | split_name=train split_dir=data/splits/intphys2 predictor_mode=from_file metadata_file=data/annotations/intphys2_metadata.csv
[eval.intphys2] Loaded split assignments | split_scenes=151 split_samples=604
[eval.intphys2] Generated predictions | n_predictions=604
[eval.intphys2] Scoring complete | accuracy=50.0000 voe_accuracy=0.0000 n_scenes=151 n_samples=604
[eval.intphys2] Artifacts written | output_dir=artifacts/probes/intphys2/intphys2_probe_linear_ltx_video_ltxv_13b_0_9_8_distilled_20260509T102820Z/layer_noise_1.0_block_24/eval/train
[eval.intphys2] Starting eval | split_name=val split_dir=data/splits/intphys2 predictor_mode=from_file metadata_file=data/annotations/intphys2_metadata.csv
[eval.intphys2] Loaded split assignments | split_scenes=51 split_samples=204
[eval.intphys2] Generated predictions | n_predictions=204
[eval.intphys2] Scoring complete | accuracy=50.0000 voe_accuracy=0.0000 n_scenes=51 n_samples=204
[eval.intphys2] Artifacts written | output_dir=artifacts/probes/intphys2/intphys2_probe_linear_ltx_video_ltxv_13b_0_9_8_distilled_20260509T102820Z/layer_noise_1.0_block_24/eval/val
[eval.intphys2] Starting eval | split_name=test split_dir=data/splits/intphys2 predictor_mode=from_file metadata_file=data/annotations/intphys2_metadata.csv
[eval.intphys2] Loaded split assignments | split_scenes=51 split_samples=204
[eval.intphys2] Generated predictions | n_predictions=204
[eval.intphys2] Scoring complete | accuracy=50.0000 voe_accuracy=0.0000 n_scenes=51 n_samples=204
[eval.intphys2] Artifacts written | output_dir=artifacts/probes/intphys2/intphys2_probe_linear_ltx_video_ltxv_13b_0_9_8_distilled_20260509T102820Z/layer_noise_1.0_block_24/eval/test
[I 2026-05-09 13:14:21,878] A new study created in RDB with name: intphys2_linear_ltx_video_layer_noise_1.0_block_36
wandb: setting up run 55vt8pge
wandb: Tracking run with wandb version 0.26.1
wandb: Run data is saved locally in /gpfs/home3/scur0511/Probe4Physics/wandb/run-20260509_131422-55vt8pge
wandb: Run `wandb offline` to turn off syncing.
wandb: Syncing run intphys2_linear_ltx_video_layer_noise_1.0_block_36/trial_0000
wandb: ⭐️ View project at https://wandb.ai/caselli-niccolo-developer-university-of-amsterdam/probe4physics
wandb: 🚀 View run at https://wandb.ai/caselli-niccolo-developer-university-of-amsterdam/probe4physics/runs/55vt8pge
[eval.intphys2] Starting eval | split_name=val split_dir=data/splits/intphys2 predictor_mode=from_file metadata_file=data/annotations/intphys2_metadata.csv
[eval.intphys2] Loaded split assignments | split_scenes=51 split_samples=204
[eval.intphys2] Generated predictions | n_predictions=204
[eval.intphys2] Scoring complete | accuracy=50.0000 voe_accuracy=0.0000 n_scenes=51 n_samples=204
[eval.intphys2] Artifacts written | output_dir=artifacts/probes/intphys2/intphys2_probe_linear_ltx_video_ltxv_13b_0_9_8_distilled_20260509T102820Z/layer_noise_1.0_block_36/train/trial_0000/val_eval
wandb: updating run metadata
wandb: uploading output.log; uploading wandb-summary.json; uploading config.yaml
wandb: 
wandb: Run history:
wandb:          epoch ▁▁▁▁▁▂▂▂▂▂▂▃▃▃▄▄▄▄▄▄▅▅▅▅▆▆▆▆▆▇▇▇▇▇▇▇████
wandb: train_accuracy ▁▃▄▄▅▇▇▆▇▅▂▂▆▆▅▅█▃█▃▇▂▇▅▆▆▅▄▃▆▆▄▄▄▆▆▃▆▄▃
wandb:     train_loss ▂▂▃▂▂▇▂▂▂▃▁▂▃▂▄▄█▃▄▃▄▇▁▆▇▂▆▃▄▅▂▄▂▁▁▂▁▃▅▅
wandb:   val_accuracy ▁▁▁▁▁▁▁▁▁▁▁▁▁▁▁▁▁▁▁▁▁▁▁▁▁▁▁▁▁▁▁▁▁▁▁▁▁▁▁▁
wandb:       val_loss ▁▂▂▁▄▁█▆▂▂▄▁▁▇▂▂▁▁▄▂▆▁▁▁▂▁▁▂▄▁▃▂▂▁▇▁▁▁▃▁
wandb: 
wandb: Run summary:
wandb:           best_epoch 72
wandb:    best_val_accuracy 50
wandb:        best_val_loss 0.69315
wandb: checkpoint_best_path artifacts/probes/int...
wandb: checkpoint_last_path artifacts/probes/int...
wandb:      checkpoint_path artifacts/probes/int...
wandb:              dataset intphys2
wandb:      elapsed_seconds 176.43521
wandb:                epoch 2000
wandb:    feature_signature cc5f37ae8af7ba58
wandb:                  +22 ...
wandb: 
wandb: 🚀 View run intphys2_linear_ltx_video_layer_noise_1.0_block_36/trial_0000 at: https://wandb.ai/caselli-niccolo-developer-university-of-amsterdam/probe4physics/runs/55vt8pge
wandb: ⭐️ View project at: https://wandb.ai/caselli-niccolo-developer-university-of-amsterdam/probe4physics
wandb: Synced 5 W&B file(s), 0 media file(s), 0 artifact file(s) and 0 other file(s)
wandb: Find logs at: ./wandb/run-20260509_131422-55vt8pge/logs
[I 2026-05-09 13:17:21,993] Trial 0 finished with value: 0.0 and parameters: {'lr': 0.0001329291894316216, 'weight_decay': 0.005061576888752304, 'batch_size': 32, 'epochs': 2000}. Best is trial 0 with value: 0.0.
wandb: setting up run t79qui2r
wandb: Tracking run with wandb version 0.26.1
wandb: Run data is saved locally in /gpfs/home3/scur0511/Probe4Physics/wandb/run-20260509_131722-t79qui2r
wandb: Run `wandb offline` to turn off syncing.
wandb: Syncing run intphys2_linear_ltx_video_layer_noise_1.0_block_36/trial_0001
wandb: ⭐️ View project at https://wandb.ai/caselli-niccolo-developer-university-of-amsterdam/probe4physics
wandb: 🚀 View run at https://wandb.ai/caselli-niccolo-developer-university-of-amsterdam/probe4physics/runs/t79qui2r
[eval.intphys2] Starting eval | split_name=val split_dir=data/splits/intphys2 predictor_mode=from_file metadata_file=data/annotations/intphys2_metadata.csv
[eval.intphys2] Loaded split assignments | split_scenes=51 split_samples=204
[eval.intphys2] Generated predictions | n_predictions=204
[eval.intphys2] Scoring complete | accuracy=50.0000 voe_accuracy=0.0000 n_scenes=51 n_samples=204
[eval.intphys2] Artifacts written | output_dir=artifacts/probes/intphys2/intphys2_probe_linear_ltx_video_ltxv_13b_0_9_8_distilled_20260509T102820Z/layer_noise_1.0_block_36/train/trial_0001/val_eval
wandb: updating run metadata; uploading requirements.txt; uploading wandb-metadata.json
wandb: updating run metadata
wandb: uploading history steps 0-99, summary, console lines 0-4
wandb: 
wandb: Run history:
wandb:          epoch ▁▁▁▂▂▂▂▂▃▃▃▃▃▃▃▄▄▄▄▄▄▅▅▅▅▆▆▆▆▆▇▇▇▇▇▇▇▇██
wandb: train_accuracy ▃▁▅▂▃▃▁▄▃▄▃▆▆█▂▁▃█▄▃▃▃▃▃▃▃▃▃▃▃▃▃▃▃▃▃▃▂▄▄
wandb:     train_loss █▂▂▁▂▂▁▁▂▁▂▂▂▂▂▁▂▂▁▃▃▃▃▃▃▃▄▂▄▂▃▄▃▄▃▃▃▂▂▁
wandb:   val_accuracy ▁▁▁▁▁▁▁▁▁▁▁▁▁▁▁▁▁▁▁▁▁▁▁▁▁▁▁▁▁▁▁▁▁▁▁▁▁▁▁▁
wandb:       val_loss ▅█▄▄▁▁▁▁▁▁▁▁▂▁▁▁▁▁▁▁▃▂▂▂▃▃▂▂▂▃▃▂▂▁▂▃▄▄▂▁
wandb: 
wandb: Run summary:
wandb:           best_epoch 90
wandb:    best_val_accuracy 50
wandb:        best_val_loss 0.69363
wandb: checkpoint_best_path artifacts/probes/int...
wandb: checkpoint_last_path artifacts/probes/int...
wandb:      checkpoint_path artifacts/probes/int...
wandb:              dataset intphys2
wandb:      elapsed_seconds 5.19208
wandb:                epoch 100
wandb:    feature_signature cc5f37ae8af7ba58
wandb:                  +22 ...
wandb: 
wandb: 🚀 View run intphys2_linear_ltx_video_layer_noise_1.0_block_36/trial_0001 at: https://wandb.ai/caselli-niccolo-developer-university-of-amsterdam/probe4physics/runs/t79qui2r
wandb: ⭐️ View project at: https://wandb.ai/caselli-niccolo-developer-university-of-amsterdam/probe4physics
wandb: Synced 5 W&B file(s), 0 media file(s), 0 artifact file(s) and 0 other file(s)
wandb: Find logs at: ./wandb/run-20260509_131722-t79qui2r/logs
[I 2026-05-09 13:17:29,673] Trial 1 finished with value: 0.0 and parameters: {'lr': 0.00314288089084011, 'weight_decay': 1.879466824163843e-07, 'batch_size': 256, 'epochs': 100}. Best is trial 0 with value: 0.0.
wandb: setting up run 1m084nn2
wandb: Tracking run with wandb version 0.26.1
wandb: Run data is saved locally in /gpfs/home3/scur0511/Probe4Physics/wandb/run-20260509_131730-1m084nn2
wandb: Run `wandb offline` to turn off syncing.
wandb: Syncing run intphys2_linear_ltx_video_layer_noise_1.0_block_36/trial_0002
wandb: ⭐️ View project at https://wandb.ai/caselli-niccolo-developer-university-of-amsterdam/probe4physics
wandb: 🚀 View run at https://wandb.ai/caselli-niccolo-developer-university-of-amsterdam/probe4physics/runs/1m084nn2
[eval.intphys2] Starting eval | split_name=val split_dir=data/splits/intphys2 predictor_mode=from_file metadata_file=data/annotations/intphys2_metadata.csv
[eval.intphys2] Loaded split assignments | split_scenes=51 split_samples=204
[eval.intphys2] Generated predictions | n_predictions=204
[eval.intphys2] Scoring complete | accuracy=50.0000 voe_accuracy=0.0000 n_scenes=51 n_samples=204
[eval.intphys2] Artifacts written | output_dir=artifacts/probes/intphys2/intphys2_probe_linear_ltx_video_ltxv_13b_0_9_8_distilled_20260509T102820Z/layer_noise_1.0_block_36/train/trial_0002/val_eval
wandb: updating run metadata
wandb: uploading output.log; uploading wandb-summary.json; uploading config.yaml
wandb: 
wandb: Run history:
wandb:          epoch ▁▁▁▁▂▂▂▃▃▃▃▃▃▃▃▄▄▄▅▅▅▅▅▅▅▆▆▆▆▆▇▇▇▇▇▇████
wandb: train_accuracy ▆▃▅▅▄█▃▃▂▆▆█▄▃▂▂▅▅▆▅▁▄▁▆▆▄▂▂▂▃▅▅▅▅▆▆▅▃▇▇
wandb:     train_loss ▂▁▃▁▁▂▂▂▃▅▂▂▂▂▃▃▁▁▁▁▅▃▄▁▃█▃▂▃▃▂▄▇▂▁█▁▃▂▂
wandb:   val_accuracy ▁▁▁▁▁▁▁▁▁▁▁▁▁▁▁▁▁▁▁▁▁▁▁▁▁▁▁▁▁▁▁▁▁▁▁▁▁▁▁▁
wandb:       val_loss ▁▁▁▁▃▁▁▁▃▃▁▂▁▁▂▂█▁▁▃▂▂▁▂▃▂▁▄▁▂▂▁▁▂▂▂▃▁▁▄
wandb: 
wandb: Run summary:
wandb:           best_epoch 78
wandb:    best_val_accuracy 50
wandb:        best_val_loss 0.69315
wandb: checkpoint_best_path artifacts/probes/int...
wandb: checkpoint_last_path artifacts/probes/int...
wandb:      checkpoint_path artifacts/probes/int...
wandb:              dataset intphys2
wandb:      elapsed_seconds 55.81594
wandb:                epoch 1000
wandb:    feature_signature cc5f37ae8af7ba58
wandb:                  +22 ...
wandb: 
wandb: 🚀 View run intphys2_linear_ltx_video_layer_noise_1.0_block_36/trial_0002 at: https://wandb.ai/caselli-niccolo-developer-university-of-amsterdam/probe4physics/runs/1m084nn2
wandb: ⭐️ View project at: https://wandb.ai/caselli-niccolo-developer-university-of-amsterdam/probe4physics
wandb: Synced 5 W&B file(s), 0 media file(s), 0 artifact file(s) and 0 other file(s)
wandb: Find logs at: ./wandb/run-20260509_131730-1m084nn2/logs
[I 2026-05-09 13:18:29,330] Trial 2 finished with value: 0.0 and parameters: {'lr': 0.00023345864076016249, 'weight_decay': 0.0005141096648805752, 'batch_size': 128, 'epochs': 1000}. Best is trial 0 with value: 0.0.
wandb: setting up run yip5chp8
wandb: Tracking run with wandb version 0.26.1
wandb: Run data is saved locally in /gpfs/home3/scur0511/Probe4Physics/wandb/run-20260509_131830-yip5chp8
wandb: Run `wandb offline` to turn off syncing.
wandb: Syncing run intphys2_linear_ltx_video_layer_noise_1.0_block_36/trial_0003
wandb: ⭐️ View project at https://wandb.ai/caselli-niccolo-developer-university-of-amsterdam/probe4physics
wandb: 🚀 View run at https://wandb.ai/caselli-niccolo-developer-university-of-amsterdam/probe4physics/runs/yip5chp8
[eval.intphys2] Starting eval | split_name=val split_dir=data/splits/intphys2 predictor_mode=from_file metadata_file=data/annotations/intphys2_metadata.csv
[eval.intphys2] Loaded split assignments | split_scenes=51 split_samples=204
[eval.intphys2] Generated predictions | n_predictions=204
[eval.intphys2] Scoring complete | accuracy=50.0000 voe_accuracy=0.0000 n_scenes=51 n_samples=204
[eval.intphys2] Artifacts written | output_dir=artifacts/probes/intphys2/intphys2_probe_linear_ltx_video_ltxv_13b_0_9_8_distilled_20260509T102820Z/layer_noise_1.0_block_36/train/trial_0003/val_eval
wandb: updating run metadata
wandb: uploading history steps 0-49, summary, console lines 0-4
wandb: 
wandb: Run history:
wandb:          epoch ▁▁▁▁▂▂▂▂▂▂▃▃▃▃▃▄▄▄▄▄▄▅▅▅▅▆▆▆▆▆▆▇▇▇▇▇▇███
wandb: train_accuracy ▃▅▄▇▄▄▄▄▆▁▅▄▇▄▂▆▄▄▂▄▅▃▃▄▄▆▂▅▃▇▃▁▅▄▅█▃▅▄▇
wandb:     train_loss █▂▁▁▂▁▁▁▁▁▁▁▁▁▂▁▁▂▁▂▂▂▁▁▁▃▁▂▂▂▁▁▂▁▁▁▁▁▁▁
wandb:   val_accuracy ▁▁▁▁▁▁▁▁▁▁▁▁▁▁▁▁▁▁▁▁▁▁▁▁▁▁▁▁▁▁▁▁▁▁▁▁▁▁▁▁
wandb:       val_loss ▃▁▁▁▃▁▁▁▃▁▁▁▃▂▁▂▅▁▂▂▂▂▂▁▃▇▅▁▂▂▁▁▅▁▁▁▁▆▁█
wandb: 
wandb: Run summary:
wandb:           best_epoch 35
wandb:    best_val_accuracy 50
wandb:        best_val_loss 0.6932
wandb: checkpoint_best_path artifacts/probes/int...
wandb: checkpoint_last_path artifacts/probes/int...
wandb:      checkpoint_path artifacts/probes/int...
wandb:              dataset intphys2
wandb:      elapsed_seconds 4.40809
wandb:                epoch 50
wandb:    feature_signature cc5f37ae8af7ba58
wandb:                  +22 ...
wandb: 
wandb: 🚀 View run intphys2_linear_ltx_video_layer_noise_1.0_block_36/trial_0003 at: https://wandb.ai/caselli-niccolo-developer-university-of-amsterdam/probe4physics/runs/yip5chp8
wandb: ⭐️ View project at: https://wandb.ai/caselli-niccolo-developer-university-of-amsterdam/probe4physics
wandb: Synced 5 W&B file(s), 0 media file(s), 0 artifact file(s) and 0 other file(s)
wandb: Find logs at: ./wandb/run-20260509_131830-yip5chp8/logs
[I 2026-05-09 13:18:36,560] Trial 3 finished with value: 0.0 and parameters: {'lr': 8.200518402245828e-05, 'weight_decay': 3.855073690026179e-08, 'batch_size': 32, 'epochs': 50}. Best is trial 0 with value: 0.0.
wandb: setting up run dgtpiale
wandb: Tracking run with wandb version 0.26.1
wandb: Run data is saved locally in /gpfs/home3/scur0511/Probe4Physics/wandb/run-20260509_131837-dgtpiale
wandb: Run `wandb offline` to turn off syncing.
wandb: Syncing run intphys2_linear_ltx_video_layer_noise_1.0_block_36/trial_0004
wandb: ⭐️ View project at https://wandb.ai/caselli-niccolo-developer-university-of-amsterdam/probe4physics
wandb: 🚀 View run at https://wandb.ai/caselli-niccolo-developer-university-of-amsterdam/probe4physics/runs/dgtpiale
[eval.intphys2] Starting eval | split_name=val split_dir=data/splits/intphys2 predictor_mode=from_file metadata_file=data/annotations/intphys2_metadata.csv
[eval.intphys2] Loaded split assignments | split_scenes=51 split_samples=204
[eval.intphys2] Generated predictions | n_predictions=204
[eval.intphys2] Scoring complete | accuracy=50.0000 voe_accuracy=0.0000 n_scenes=51 n_samples=204
[eval.intphys2] Artifacts written | output_dir=artifacts/probes/intphys2/intphys2_probe_linear_ltx_video_ltxv_13b_0_9_8_distilled_20260509T102820Z/layer_noise_1.0_block_36/train/trial_0004/val_eval
wandb: updating run metadata
wandb: uploading wandb-metadata.json; uploading requirements.txt; uploading output.log; uploading wandb-summary.json; uploading config.yaml
wandb: 
wandb: Run history:
wandb:          epoch ▁▁▁▁▂▂▂▂▂▂▃▃▃▃▃▄▄▄▄▄▄▅▅▅▅▅▆▆▆▆▆▆▇▇▇▇▇███
wandb: train_accuracy ▅▆▂▇▆▄█▅▂▁▃▅▅▆▅▂▄▂▄█▂▅▁▃▄█▅▄▂▅▅▂▆▆▄▂▄▅▅▂
wandb:     train_loss █▂▂▁▁▁▁▂▁▂▃▁▁▁▂▁▁▁▁▁▁▂▂▁▁▃▂▂▁▂▂▁▅▂▁▁▁▂▂▂
wandb:   val_accuracy ▁▁▁▁▁▁▁▁▁▁▁▁▁▁▁▁▁▁▁▁▁▁▁▁▁▁▁▁▁▁▁▁▁▁▁▁▁▁▁▁
wandb:       val_loss ▂▄▂▂▁▃▁▃▁▁▁▃▆▁▁▂▂▁▁▁▁▁▂▁▁▃▃▂▂▁▁▁█▅▁▁▂▁▂▆
wandb: 
wandb: Run summary:
wandb:           best_epoch 23
wandb:    best_val_accuracy 50
wandb:        best_val_loss 0.69316
wandb: checkpoint_best_path artifacts/probes/int...
wandb: checkpoint_last_path artifacts/probes/int...
wandb:      checkpoint_path artifacts/probes/int...
wandb:              dataset intphys2
wandb:      elapsed_seconds 4.26967
wandb:                epoch 50
wandb:    feature_signature cc5f37ae8af7ba58
wandb:                  +22 ...
wandb: 
wandb: 🚀 View run intphys2_linear_ltx_video_layer_noise_1.0_block_36/trial_0004 at: https://wandb.ai/caselli-niccolo-developer-university-of-amsterdam/probe4physics/runs/dgtpiale
wandb: ⭐️ View project at: https://wandb.ai/caselli-niccolo-developer-university-of-amsterdam/probe4physics
wandb: Synced 5 W&B file(s), 0 media file(s), 0 artifact file(s) and 0 other file(s)
wandb: Find logs at: ./wandb/run-20260509_131837-dgtpiale/logs
[I 2026-05-09 13:18:43,556] Trial 4 finished with value: 0.0 and parameters: {'lr': 0.00043664735929796326, 'weight_decay': 1.2856617791467908e-07, 'batch_size': 32, 'epochs': 50}. Best is trial 0 with value: 0.0.
wandb: setting up run 3lrpche5
wandb: Tracking run with wandb version 0.26.1
wandb: Run data is saved locally in /gpfs/home3/scur0511/Probe4Physics/wandb/run-20260509_131844-3lrpche5
wandb: Run `wandb offline` to turn off syncing.
wandb: Syncing run intphys2_linear_ltx_video_layer_noise_1.0_block_36/trial_0005
wandb: ⭐️ View project at https://wandb.ai/caselli-niccolo-developer-university-of-amsterdam/probe4physics
wandb: 🚀 View run at https://wandb.ai/caselli-niccolo-developer-university-of-amsterdam/probe4physics/runs/3lrpche5
[eval.intphys2] Starting eval | split_name=val split_dir=data/splits/intphys2 predictor_mode=from_file metadata_file=data/annotations/intphys2_metadata.csv
[eval.intphys2] Loaded split assignments | split_scenes=51 split_samples=204
[eval.intphys2] Generated predictions | n_predictions=204
[eval.intphys2] Scoring complete | accuracy=50.0000 voe_accuracy=0.0000 n_scenes=51 n_samples=204
[eval.intphys2] Artifacts written | output_dir=artifacts/probes/intphys2/intphys2_probe_linear_ltx_video_ltxv_13b_0_9_8_distilled_20260509T102820Z/layer_noise_1.0_block_36/train/trial_0005/val_eval
wandb: updating run metadata
wandb: uploading output.log; uploading wandb-summary.json; uploading config.yaml
wandb: 
wandb: Run history:
wandb:          epoch ▁▁▁▁▁▂▂▂▂▂▂▃▃▃▄▄▄▄▄▄▅▅▅▅▅▆▆▆▆▆▇▇▇███████
wandb: train_accuracy ▂▄▅█▄▅▅▃▂▃▂▄▄▄▃▅▄▂▁▂▅▆▆▅▂▇▇▄▃▆▄▄▄▄▆▃▄▂▅▂
wandb:     train_loss ▂▂█▃▃▆▂▄▁▁▃▄▁▂▃▂▃▁▁▂▄▃▂▂▃▂▁▂▂▂▄▅▃▃▂▄▃▂▃▁
wandb:   val_accuracy ▁▁▁▁▁▁▁▁▁▁▁▁▁▁▁▁▁▁▁▁▁▁▁▁▁▁▁▁▁▁▁▁▁▁▁▁▁▁▁▁
wandb:       val_loss ▁▂▂▄▁▁▁█▂▁▁▁▁▁▃▁▁▁▂▅▁▅▂▁▁▄▁▄▁▃▂▃▂▄▄▄▁▁▁▄
wandb: 
wandb: Run summary:
wandb:           best_epoch 439
wandb:    best_val_accuracy 50
wandb:        best_val_loss 0.69315
wandb: checkpoint_best_path artifacts/probes/int...
wandb: checkpoint_last_path artifacts/probes/int...
wandb:      checkpoint_path artifacts/probes/int...
wandb:              dataset intphys2
wandb:      elapsed_seconds 31.97973
wandb:                epoch 500
wandb:    feature_signature cc5f37ae8af7ba58
wandb:                  +22 ...
wandb: 
wandb: 🚀 View run intphys2_linear_ltx_video_layer_noise_1.0_block_36/trial_0005 at: https://wandb.ai/caselli-niccolo-developer-university-of-amsterdam/probe4physics/runs/3lrpche5
wandb: ⭐️ View project at: https://wandb.ai/caselli-niccolo-developer-university-of-amsterdam/probe4physics
wandb: Synced 5 W&B file(s), 0 media file(s), 0 artifact file(s) and 0 other file(s)
wandb: Find logs at: ./wandb/run-20260509_131844-3lrpche5/logs
[I 2026-05-09 13:19:19,379] Trial 5 finished with value: 0.0 and parameters: {'lr': 0.00014656553886225324, 'weight_decay': 4.247116662617142e-07, 'batch_size': 32, 'epochs': 500}. Best is trial 0 with value: 0.0.
wandb: setting up run 4l3cdz7p
wandb: Tracking run with wandb version 0.26.1
wandb: Run data is saved locally in /gpfs/home3/scur0511/Probe4Physics/wandb/run-20260509_131920-4l3cdz7p
wandb: Run `wandb offline` to turn off syncing.
wandb: Syncing run intphys2_linear_ltx_video_layer_noise_1.0_block_36/trial_0006
wandb: ⭐️ View project at https://wandb.ai/caselli-niccolo-developer-university-of-amsterdam/probe4physics
wandb: 🚀 View run at https://wandb.ai/caselli-niccolo-developer-university-of-amsterdam/probe4physics/runs/4l3cdz7p
[eval.intphys2] Starting eval | split_name=val split_dir=data/splits/intphys2 predictor_mode=from_file metadata_file=data/annotations/intphys2_metadata.csv
[eval.intphys2] Loaded split assignments | split_scenes=51 split_samples=204
[eval.intphys2] Generated predictions | n_predictions=204
[eval.intphys2] Scoring complete | accuracy=50.0000 voe_accuracy=0.0000 n_scenes=51 n_samples=204
[eval.intphys2] Artifacts written | output_dir=artifacts/probes/intphys2/intphys2_probe_linear_ltx_video_ltxv_13b_0_9_8_distilled_20260509T102820Z/layer_noise_1.0_block_36/train/trial_0006/val_eval
wandb: updating run metadata
wandb: uploading history steps 0-99, summary, console lines 0-4
wandb: 
wandb: Run history:
wandb:          epoch ▁▁▁▂▂▂▂▃▃▃▃▃▃▃▄▄▄▄▄▄▄▄▄▅▅▅▅▅▆▆▆▆▇▇▇▇▇███
wandb: train_accuracy ▇▇▇▇▇▇▇▇▆▇▄▇█▇▁▇▅▇▇▇▇▇▇▆▇▅▇▇▇▇█▇▇▇▇▇▅▅▇▅
wandb:     train_loss █▅▁▁▁▁▁▁▁▁▁▁▁▁▁▁▁▁▁▁▁▁▁▁▁▁▁▁▁▁▁▁▁▁▁▁▁▁▁▁
wandb:   val_accuracy ▁▁▁▁▁▁▁▁▁▁▁▁▁▁▁▁▁▁▁▁▁▁▁▁▁▁▁▁▁▁▁▁▁▁▁▁▁▁▁▁
wandb:       val_loss █▁▂▁▁▁▁▁▁▁▁▁▁▁▁▁▁▁▁▁▁▁▁▁▁▁▁▁▁▁▁▁▁▁▁▁▁▁▁▁
wandb: 
wandb: Run summary:
wandb:           best_epoch 94
wandb:    best_val_accuracy 50
wandb:        best_val_loss 0.69315
wandb: checkpoint_best_path artifacts/probes/int...
wandb: checkpoint_last_path artifacts/probes/int...
wandb:      checkpoint_path artifacts/probes/int...
wandb:              dataset intphys2
wandb:      elapsed_seconds 5.78159
wandb:                epoch 100
wandb:    feature_signature cc5f37ae8af7ba58
wandb:                  +22 ...
wandb: 
wandb: 🚀 View run intphys2_linear_ltx_video_layer_noise_1.0_block_36/trial_0006 at: https://wandb.ai/caselli-niccolo-developer-university-of-amsterdam/probe4physics/runs/4l3cdz7p
wandb: ⭐️ View project at: https://wandb.ai/caselli-niccolo-developer-university-of-amsterdam/probe4physics
wandb: Synced 5 W&B file(s), 0 media file(s), 0 artifact file(s) and 0 other file(s)
wandb: Find logs at: ./wandb/run-20260509_131920-4l3cdz7p/logs
[I 2026-05-09 13:19:27,777] Trial 6 finished with value: 0.0 and parameters: {'lr': 1.0388823104027935e-05, 'weight_decay': 0.0007812113973534924, 'batch_size': 128, 'epochs': 100}. Best is trial 0 with value: 0.0.
wandb: setting up run bwpivnhf
wandb: Tracking run with wandb version 0.26.1
wandb: Run data is saved locally in /gpfs/home3/scur0511/Probe4Physics/wandb/run-20260509_131928-bwpivnhf
wandb: Run `wandb offline` to turn off syncing.
wandb: Syncing run intphys2_linear_ltx_video_layer_noise_1.0_block_36/trial_0007
wandb: ⭐️ View project at https://wandb.ai/caselli-niccolo-developer-university-of-amsterdam/probe4physics
wandb: 🚀 View run at https://wandb.ai/caselli-niccolo-developer-university-of-amsterdam/probe4physics/runs/bwpivnhf
[eval.intphys2] Starting eval | split_name=val split_dir=data/splits/intphys2 predictor_mode=from_file metadata_file=data/annotations/intphys2_metadata.csv
[eval.intphys2] Loaded split assignments | split_scenes=51 split_samples=204
[eval.intphys2] Generated predictions | n_predictions=204
[eval.intphys2] Scoring complete | accuracy=50.0000 voe_accuracy=0.0000 n_scenes=51 n_samples=204
[eval.intphys2] Artifacts written | output_dir=artifacts/probes/intphys2/intphys2_probe_linear_ltx_video_ltxv_13b_0_9_8_distilled_20260509T102820Z/layer_noise_1.0_block_36/train/trial_0007/val_eval
wandb: updating run metadata
wandb: uploading output.log; uploading wandb-summary.json; uploading config.yaml
wandb: 
wandb: Run history:
wandb:          epoch ▁▁▁▁▁▂▂▂▂▂▃▃▃▃▃▃▄▄▄▄▄▄▅▅▅▆▆▆▆▆▇▇▇▇▇▇▇▇▇█
wandb: train_accuracy ▆▄▂▇▆▆▇▅▆▄▆▁▃▅▃▆▆▆▆▇▇▆▅▅▂▆▆▇▅▆▆▅▇▂▄▇█▆▆█
wandb:     train_loss ▂▂▂▁▂▁▁▂▄▂▁▂▂▂▁▂▁▁▂▃▂▁▂▂▂▁▂▂▁▃▄▂▁▂█▁▂▁▃▂
wandb:   val_accuracy ▁▁▁▁▁▁▁▁▁▁▁▁▁▁▁▁▁▁▁▁▁▁▁▁▁▁▁▁▁▁▁▁▁▁▁▁▁▁▁▁
wandb:       val_loss ▁▁▂▁▁▇▂▁▁▁▂▃▁▆▂▁▁▂▂▁▂▄▂▁▂▁▃▁▂▄█▁▂▁▄▃▂▃▅▂
wandb: 
wandb: Run summary:
wandb:           best_epoch 510
wandb:    best_val_accuracy 50
wandb:        best_val_loss 0.69315
wandb: checkpoint_best_path artifacts/probes/int...
wandb: checkpoint_last_path artifacts/probes/int...
wandb:      checkpoint_path artifacts/probes/int...
wandb:              dataset intphys2
wandb:      elapsed_seconds 56.89488
wandb:                epoch 1000
wandb:    feature_signature cc5f37ae8af7ba58
wandb:                  +22 ...
wandb: 
wandb: 🚀 View run intphys2_linear_ltx_video_layer_noise_1.0_block_36/trial_0007 at: https://wandb.ai/caselli-niccolo-developer-university-of-amsterdam/probe4physics/runs/bwpivnhf
wandb: ⭐️ View project at: https://wandb.ai/caselli-niccolo-developer-university-of-amsterdam/probe4physics
wandb: Synced 5 W&B file(s), 0 media file(s), 0 artifact file(s) and 0 other file(s)
wandb: Find logs at: ./wandb/run-20260509_131928-bwpivnhf/logs
[I 2026-05-09 13:20:27,967] Trial 7 finished with value: 0.0 and parameters: {'lr': 8.569331925053983e-05, 'weight_decay': 8.93511059033186e-07, 'batch_size': 128, 'epochs': 1000}. Best is trial 0 with value: 0.0.
wandb: setting up run vjztl6r7
wandb: Tracking run with wandb version 0.26.1
wandb: Run data is saved locally in /gpfs/home3/scur0511/Probe4Physics/wandb/run-20260509_132028-vjztl6r7
wandb: Run `wandb offline` to turn off syncing.
wandb: Syncing run intphys2_linear_ltx_video_layer_noise_1.0_block_36/trial_0008
wandb: ⭐️ View project at https://wandb.ai/caselli-niccolo-developer-university-of-amsterdam/probe4physics
wandb: 🚀 View run at https://wandb.ai/caselli-niccolo-developer-university-of-amsterdam/probe4physics/runs/vjztl6r7
[eval.intphys2] Starting eval | split_name=val split_dir=data/splits/intphys2 predictor_mode=from_file metadata_file=data/annotations/intphys2_metadata.csv
[eval.intphys2] Loaded split assignments | split_scenes=51 split_samples=204
[eval.intphys2] Generated predictions | n_predictions=204
[eval.intphys2] Scoring complete | accuracy=50.0000 voe_accuracy=0.0000 n_scenes=51 n_samples=204
[eval.intphys2] Artifacts written | output_dir=artifacts/probes/intphys2/intphys2_probe_linear_ltx_video_ltxv_13b_0_9_8_distilled_20260509T102820Z/layer_noise_1.0_block_36/train/trial_0008/val_eval
wandb: uploading wandb-metadata.json; uploading requirements.txt; updating run metadata
wandb: uploading history steps 0-99, summary, console lines 0-4
wandb: 
wandb: Run history:
wandb:          epoch ▁▁▁▂▂▂▂▃▃▃▃▃▃▄▄▄▄▄▄▅▅▅▅▆▆▆▆▆▆▆▇▇▇▇▇▇▇███
wandb: train_accuracy █▅▅▃▄▅▅▄▅▇▃▅▅▁▅▅▅▅▄▅█▅▄▄▆▃▅▃▇▂▆▄▅▄▇▅▃▅▅▄
wandb:     train_loss █▄▂▂▁▁▂▁▁▁▁▂▁▂▂▁▁▂▆▁▂▂▂▁▁▁▁▁▂▂▁▁▁▁▂▁▁▁▁▂
wandb:   val_accuracy ▁▁▁▁▁▁▁▁▁▁▁▁▁▁▁▁▁▁▁▁▁▁▁▁▁▁▁▁▁▁▁▁▁▁▁▁▁▁▁▁
wandb:       val_loss ▁█▄▂▃▁▁▁▁▁▁▂▁▁▁▁▁▁▁▂▃▁▁▁▂▁▁▁▁▁▁▁▁▁▁▁▁▁▁▁
wandb: 
wandb: Run summary:
wandb:           best_epoch 98
wandb:    best_val_accuracy 50
wandb:        best_val_loss 0.69315
wandb: checkpoint_best_path artifacts/probes/int...
wandb: checkpoint_last_path artifacts/probes/int...
wandb:      checkpoint_path artifacts/probes/int...
wandb:              dataset intphys2
wandb:      elapsed_seconds 5.36774
wandb:                epoch 100
wandb:    feature_signature cc5f37ae8af7ba58
wandb:                  +22 ...
wandb: 
wandb: 🚀 View run intphys2_linear_ltx_video_layer_noise_1.0_block_36/trial_0008 at: https://wandb.ai/caselli-niccolo-developer-university-of-amsterdam/probe4physics/runs/vjztl6r7
wandb: ⭐️ View project at: https://wandb.ai/caselli-niccolo-developer-university-of-amsterdam/probe4physics
wandb: Synced 5 W&B file(s), 0 media file(s), 0 artifact file(s) and 0 other file(s)
wandb: Find logs at: ./wandb/run-20260509_132028-vjztl6r7/logs
[I 2026-05-09 13:20:35,993] Trial 8 finished with value: 0.0 and parameters: {'lr': 0.0003699972431463808, 'weight_decay': 3.6749049453053196e-06, 'batch_size': 256, 'epochs': 100}. Best is trial 0 with value: 0.0.
wandb: setting up run p9z9frcn
wandb: Tracking run with wandb version 0.26.1
wandb: Run data is saved locally in /gpfs/home3/scur0511/Probe4Physics/wandb/run-20260509_132036-p9z9frcn
wandb: Run `wandb offline` to turn off syncing.
wandb: Syncing run intphys2_linear_ltx_video_layer_noise_1.0_block_36/trial_0009
wandb: ⭐️ View project at https://wandb.ai/caselli-niccolo-developer-university-of-amsterdam/probe4physics
wandb: 🚀 View run at https://wandb.ai/caselli-niccolo-developer-university-of-amsterdam/probe4physics/runs/p9z9frcn
[eval.intphys2] Starting eval | split_name=val split_dir=data/splits/intphys2 predictor_mode=from_file metadata_file=data/annotations/intphys2_metadata.csv
[eval.intphys2] Loaded split assignments | split_scenes=51 split_samples=204
[eval.intphys2] Generated predictions | n_predictions=204
[eval.intphys2] Scoring complete | accuracy=50.0000 voe_accuracy=0.0000 n_scenes=51 n_samples=204
[eval.intphys2] Artifacts written | output_dir=artifacts/probes/intphys2/intphys2_probe_linear_ltx_video_ltxv_13b_0_9_8_distilled_20260509T102820Z/layer_noise_1.0_block_36/train/trial_0009/val_eval
wandb: updating run metadata
wandb: uploading wandb-summary.json; uploading config.yaml; uploading output.log
wandb: uploading history steps 870-999, summary, console lines 0-4
wandb: 
wandb: Run history:
wandb:          epoch ▁▁▁▁▁▂▂▂▂▃▃▃▄▄▄▄▄▅▅▅▅▅▅▅▆▆▆▆▆▆▇▇▇▇▇▇▇▇██
wandb: train_accuracy ▆▄▆▇▆▆▆▇▆▅▃▆█▇▆▁▃▆▆▅▅▆▆▅▇▆▆▄▆▆▆▆▆▆▆▅▆▇▆▆
wandb:     train_loss ▂▁▂▂▁▂▂▁▁▁▂▂▁▂▁▃▃▂▂▂▁▂▁▃▁▂▁▁▃▂▁▃▂▁█▁▄▄▂▃
wandb:   val_accuracy ▁▁▁▁▁▁▁▁▁▁▁▁▁▁▁▁▁▁▁▁▁▁▁▁▁▁▁▁▁▁▁▁▁▁▁▁▁▁▁▁
wandb:       val_loss ▂▂▁▂▁▁▁▃▁▂▁▁▁▂▄▂▂▃▁▄▆▁▂█▃▃▂▁▂▁▂▅▁▁▃▂▂▂▂▁
wandb: 
wandb: Run summary:
wandb:           best_epoch 888
wandb:    best_val_accuracy 50
wandb:        best_val_loss 0.69315
wandb: checkpoint_best_path artifacts/probes/int...
wandb: checkpoint_last_path artifacts/probes/int...
wandb:      checkpoint_path artifacts/probes/int...
wandb:              dataset intphys2
wandb:      elapsed_seconds 55.91219
wandb:                epoch 1000
wandb:    feature_signature cc5f37ae8af7ba58
wandb:                  +22 ...
wandb: 
wandb: 🚀 View run intphys2_linear_ltx_video_layer_noise_1.0_block_36/trial_0009 at: https://wandb.ai/caselli-niccolo-developer-university-of-amsterdam/probe4physics/runs/p9z9frcn
wandb: ⭐️ View project at: https://wandb.ai/caselli-niccolo-developer-university-of-amsterdam/probe4physics
wandb: Synced 5 W&B file(s), 0 media file(s), 0 artifact file(s) and 0 other file(s)
wandb: Find logs at: ./wandb/run-20260509_132036-p9z9frcn/logs
[I 2026-05-09 13:21:35,473] Trial 9 finished with value: 0.0 and parameters: {'lr': 4.857295179217165e-05, 'weight_decay': 2.8965395242758635e-08, 'batch_size': 128, 'epochs': 1000}. Best is trial 0 with value: 0.0.
wandb: setting up run jho1am4u
wandb: Tracking run with wandb version 0.26.1
wandb: Run data is saved locally in /gpfs/home3/scur0511/Probe4Physics/wandb/run-20260509_132136-jho1am4u
wandb: Run `wandb offline` to turn off syncing.
wandb: Syncing run intphys2_linear_ltx_video_layer_noise_1.0_block_36/trial_0010
wandb: ⭐️ View project at https://wandb.ai/caselli-niccolo-developer-university-of-amsterdam/probe4physics
wandb: 🚀 View run at https://wandb.ai/caselli-niccolo-developer-university-of-amsterdam/probe4physics/runs/jho1am4u
[eval.intphys2] Starting eval | split_name=val split_dir=data/splits/intphys2 predictor_mode=from_file metadata_file=data/annotations/intphys2_metadata.csv
[eval.intphys2] Loaded split assignments | split_scenes=51 split_samples=204
[eval.intphys2] Generated predictions | n_predictions=204
[eval.intphys2] Scoring complete | accuracy=50.0000 voe_accuracy=0.0000 n_scenes=51 n_samples=204
[eval.intphys2] Artifacts written | output_dir=artifacts/probes/intphys2/intphys2_probe_linear_ltx_video_ltxv_13b_0_9_8_distilled_20260509T102820Z/layer_noise_1.0_block_36/train/trial_0010/val_eval
wandb: updating run metadata
wandb: uploading output.log; uploading wandb-summary.json; uploading config.yaml
wandb: 
wandb: Run history:
wandb:          epoch ▁▁▁▁▁▂▂▂▂▂▂▂▂▂▂▂▂▃▃▃▄▄▄▄▄▅▅▅▆▆▆▆▆▆▆▇▇███
wandb: train_accuracy ▃▇█▆▆█▃▂▅▅▃▅▆▁▃▂▂▆▃▅▄▄▃▃▆▃▇▃▅▅▄▄▆▅▄▄▄▄▃▄
wandb:     train_loss ▃▆▁▄▁▃▂█▅▁▃▆▂▁▄▂▂▁▂▂▃▃▂▃▄▁▃▁▅▆▃▂▃▁▃▃▃▄▄▅
wandb:   val_accuracy ▁▁▁▁▁▁▁▁▁▁▁▁▁▁▁▁▁▁▁▁▁▁▁▁▁▁▁▁▁▁▁▁▁▁▁▁▁▁▁▁
wandb:       val_loss ▆▄▁█▂▂▁▁▅▁▁▁▃▆█▄▂▄▃▇▂▂▅▆▃▂▅▂▃▁▁▁▁▃▁▃▄▃▁▂
wandb: 
wandb: Run summary:
wandb:           best_epoch 1701
wandb:    best_val_accuracy 50
wandb:        best_val_loss 0.69315
wandb: checkpoint_best_path artifacts/probes/int...
wandb: checkpoint_last_path artifacts/probes/int...
wandb:      checkpoint_path artifacts/probes/int...
wandb:              dataset intphys2
wandb:      elapsed_seconds 175.62709
wandb:                epoch 2000
wandb:    feature_signature cc5f37ae8af7ba58
wandb:                  +22 ...
wandb: 
wandb: 🚀 View run intphys2_linear_ltx_video_layer_noise_1.0_block_36/trial_0010 at: https://wandb.ai/caselli-niccolo-developer-university-of-amsterdam/probe4physics/runs/jho1am4u
wandb: ⭐️ View project at: https://wandb.ai/caselli-niccolo-developer-university-of-amsterdam/probe4physics
wandb: Synced 5 W&B file(s), 0 media file(s), 0 artifact file(s) and 0 other file(s)
wandb: Find logs at: ./wandb/run-20260509_132136-jho1am4u/logs
[I 2026-05-09 13:24:35,373] Trial 10 finished with value: 0.0 and parameters: {'lr': 0.002146403547714585, 'weight_decay': 0.003955232336089218, 'batch_size': 64, 'epochs': 2000}. Best is trial 0 with value: 0.0.
wandb: setting up run thk6pcgg
wandb: Tracking run with wandb version 0.26.1
wandb: Run data is saved locally in /gpfs/home3/scur0511/Probe4Physics/wandb/run-20260509_132436-thk6pcgg
wandb: Run `wandb offline` to turn off syncing.
wandb: Syncing run intphys2_linear_ltx_video_layer_noise_1.0_block_36/trial_0011
wandb: ⭐️ View project at https://wandb.ai/caselli-niccolo-developer-university-of-amsterdam/probe4physics
wandb: 🚀 View run at https://wandb.ai/caselli-niccolo-developer-university-of-amsterdam/probe4physics/runs/thk6pcgg
[eval.intphys2] Starting eval | split_name=val split_dir=data/splits/intphys2 predictor_mode=from_file metadata_file=data/annotations/intphys2_metadata.csv
[eval.intphys2] Loaded split assignments | split_scenes=51 split_samples=204
[eval.intphys2] Generated predictions | n_predictions=204
[eval.intphys2] Scoring complete | accuracy=50.0000 voe_accuracy=0.0000 n_scenes=51 n_samples=204
[eval.intphys2] Artifacts written | output_dir=artifacts/probes/intphys2/intphys2_probe_linear_ltx_video_ltxv_13b_0_9_8_distilled_20260509T102820Z/layer_noise_1.0_block_36/train/trial_0011/val_eval
wandb: updating run metadata
wandb: uploading config.yaml; uploading wandb-metadata.json; uploading requirements.txt; uploading output.log; uploading wandb-summary.json
wandb: 
wandb: Run history:
wandb:          epoch ▁▁▂▂▂▃▃▄▄▄▅▅▅▆▆▇▇▇██
wandb: train_accuracy ▁▄██▅▄▅▄▅▃▄▄▃▄▁▅▄▅▅▁
wandb:     train_loss █▄▂▁▁▁▁▁▁▁▁▁▁▁▁▁▁▁▁▁
wandb:   val_accuracy ▁▁▁▁▁▁▁▁▁▁▁▁▁▁▁▁▁▁▁▁
wandb:       val_loss █▄▁▁▂▁▂▁▂▁▂▂▁▂▂▁▂▂▂▁
wandb: 
wandb: Run summary:
wandb:           best_epoch 4
wandb:    best_val_accuracy 50
wandb:        best_val_loss 0.79412
wandb: checkpoint_best_path artifacts/probes/int...
wandb: checkpoint_last_path artifacts/probes/int...
wandb:      checkpoint_path artifacts/probes/int...
wandb:              dataset intphys2
wandb:      elapsed_seconds 2.85729
wandb:                epoch 20
wandb:    feature_signature cc5f37ae8af7ba58
wandb:                  +22 ...
wandb: 
wandb: 🚀 View run intphys2_linear_ltx_video_layer_noise_1.0_block_36/trial_0011 at: https://wandb.ai/caselli-niccolo-developer-university-of-amsterdam/probe4physics/runs/thk6pcgg
wandb: ⭐️ View project at: https://wandb.ai/caselli-niccolo-developer-university-of-amsterdam/probe4physics
wandb: Synced 5 W&B file(s), 0 media file(s), 0 artifact file(s) and 0 other file(s)
wandb: Find logs at: ./wandb/run-20260509_132436-thk6pcgg/logs
[I 2026-05-09 13:24:40,018] Trial 11 finished with value: 0.0 and parameters: {'lr': 0.006290638535730336, 'weight_decay': 3.099069456180075e-05, 'batch_size': 256, 'epochs': 20}. Best is trial 0 with value: 0.0.
wandb: setting up run zzsc2732
wandb: Tracking run with wandb version 0.26.1
wandb: Run data is saved locally in /gpfs/home3/scur0511/Probe4Physics/wandb/run-20260509_132440-zzsc2732
wandb: Run `wandb offline` to turn off syncing.
wandb: Syncing run intphys2_linear_ltx_video_layer_noise_1.0_block_36/trial_0012
wandb: ⭐️ View project at https://wandb.ai/caselli-niccolo-developer-university-of-amsterdam/probe4physics
wandb: 🚀 View run at https://wandb.ai/caselli-niccolo-developer-university-of-amsterdam/probe4physics/runs/zzsc2732
[eval.intphys2] Starting eval | split_name=val split_dir=data/splits/intphys2 predictor_mode=from_file metadata_file=data/annotations/intphys2_metadata.csv
[eval.intphys2] Loaded split assignments | split_scenes=51 split_samples=204
[eval.intphys2] Generated predictions | n_predictions=204
[eval.intphys2] Scoring complete | accuracy=50.0000 voe_accuracy=0.0000 n_scenes=51 n_samples=204
[eval.intphys2] Artifacts written | output_dir=artifacts/probes/intphys2/intphys2_probe_linear_ltx_video_ltxv_13b_0_9_8_distilled_20260509T102820Z/layer_noise_1.0_block_36/train/trial_0012/val_eval
wandb: updating run metadata
wandb: uploading wandb-summary.json; uploading config.yaml; uploading output.log
wandb: 
wandb: Run history:
wandb:          epoch ▁▁▁▁▁▂▂▂▃▃▃▃▃▃▃▄▄▄▄▄▅▅▅▅▅▆▆▆▇▇▇▇▇▇▇█████
wandb: train_accuracy ▆▅▅▄▁▅▅▅▃▃▅▆▄▆▆▄▅█▅▅▅▅▆▅▇▄▅▆▅▆▆▅▅▅▅▅▆▂▅▃
wandb:     train_loss ▂▂▇▇▃▂▂▁▆▂▁▃▁▅▁▇▁▆▄▁▁▁▂▂▁▃▂▅▃▇▁▅▁▂█▂▂▂▂▃
wandb:   val_accuracy ▁▁▁▁▁▁▁▁▁▁▁▁▁▁▁▁▁▁▁▁▁▁▁▁▁▁▁▁▁▁▁▁▁▁▁▁▁▁▁▁
wandb:       val_loss █▃▂▂▂▂▂▁▁▂▂▂▁▁▁▂▁▂▁▁▁▁▁▁▁▁▃▃▁▂▁▁▁▁▂▁▁▁▂▁
wandb: 
wandb: Run summary:
wandb:           best_epoch 1642
wandb:    best_val_accuracy 50
wandb:        best_val_loss 0.69315
wandb: checkpoint_best_path artifacts/probes/int...
wandb: checkpoint_last_path artifacts/probes/int...
wandb:      checkpoint_path artifacts/probes/int...
wandb:              dataset intphys2
wandb:      elapsed_seconds 155.70368
wandb:                epoch 2000
wandb:    feature_signature cc5f37ae8af7ba58
wandb:                  +22 ...
wandb: 
wandb: 🚀 View run intphys2_linear_ltx_video_layer_noise_1.0_block_36/trial_0012 at: https://wandb.ai/caselli-niccolo-developer-university-of-amsterdam/probe4physics/runs/zzsc2732
wandb: ⭐️ View project at: https://wandb.ai/caselli-niccolo-developer-university-of-amsterdam/probe4physics
wandb: Synced 5 W&B file(s), 0 media file(s), 0 artifact file(s) and 0 other file(s)
wandb: Find logs at: ./wandb/run-20260509_132440-zzsc2732/logs
[I 2026-05-09 13:27:19,197] Trial 12 finished with value: 0.0 and parameters: {'lr': 0.0017138890273524052, 'weight_decay': 2.8103024558302232e-05, 'batch_size': 256, 'epochs': 2000}. Best is trial 0 with value: 0.0.
wandb: setting up run bo62zat9
wandb: Tracking run with wandb version 0.26.1
wandb: Run data is saved locally in /gpfs/home3/scur0511/Probe4Physics/wandb/run-20260509_132719-bo62zat9
wandb: Run `wandb offline` to turn off syncing.
wandb: Syncing run intphys2_linear_ltx_video_layer_noise_1.0_block_36/trial_0013
wandb: ⭐️ View project at https://wandb.ai/caselli-niccolo-developer-university-of-amsterdam/probe4physics
wandb: 🚀 View run at https://wandb.ai/caselli-niccolo-developer-university-of-amsterdam/probe4physics/runs/bo62zat9
[eval.intphys2] Starting eval | split_name=val split_dir=data/splits/intphys2 predictor_mode=from_file metadata_file=data/annotations/intphys2_metadata.csv
[eval.intphys2] Loaded split assignments | split_scenes=51 split_samples=204
[eval.intphys2] Generated predictions | n_predictions=204
[eval.intphys2] Scoring complete | accuracy=50.0000 voe_accuracy=0.0000 n_scenes=51 n_samples=204
[eval.intphys2] Artifacts written | output_dir=artifacts/probes/intphys2/intphys2_probe_linear_ltx_video_ltxv_13b_0_9_8_distilled_20260509T102820Z/layer_noise_1.0_block_36/train/trial_0013/val_eval
wandb: updating run metadata
wandb: uploading output.log; uploading wandb-summary.json; uploading config.yaml
wandb: uploading history steps 1978-1999, summary, console lines 0-4
wandb: 
wandb: Run history:
wandb:          epoch ▁▁▁▁▁▂▂▂▂▃▃▃▃▃▃▃▃▃▃▄▄▄▄▄▄▄▄▄▄▅▅▆▆▆▆▇▇▇██
wandb: train_accuracy ▆▅▇▄▃▇▅▂▆▅▅▇▅▅▆▆▄▅▅▇▁▅▆▅▄▃█▄▆▆▆▅▃▃▅▃▅▅▄▇
wandb:     train_loss ▄▂▆▃▁▂▅▃▃▅▄▂▄▂▂▄▁▅▂▂▂▂▂▄▁▃▁▂▃▃▂▂▂▂▁▄▂▁█▂
wandb:   val_accuracy ▁▁▁▁▁▁▁▁▁▁▁▁▁▁▁▁▁▁▁▁▁▁▁▁▁▁▁▁▁▁▁▁▁▁▁▁▁▁▁▁
wandb:       val_loss ▂▂▂▂▁▁▃▃▁▂▇▂▂▂▂▃▂▁▂▁▂▁▅▁▂▁▃▂█▁▂▂▃▁▇▂▃▂▂▁
wandb: 
wandb: Run summary:
wandb:           best_epoch 1955
wandb:    best_val_accuracy 50
wandb:        best_val_loss 0.69315
wandb: checkpoint_best_path artifacts/probes/int...
wandb: checkpoint_last_path artifacts/probes/int...
wandb:      checkpoint_path artifacts/probes/int...
wandb:              dataset intphys2
wandb:      elapsed_seconds 169.99201
wandb:                epoch 2000
wandb:    feature_signature cc5f37ae8af7ba58
wandb:                  +22 ...
wandb: 
wandb: 🚀 View run intphys2_linear_ltx_video_layer_noise_1.0_block_36/trial_0013 at: https://wandb.ai/caselli-niccolo-developer-university-of-amsterdam/probe4physics/runs/bo62zat9
wandb: ⭐️ View project at: https://wandb.ai/caselli-niccolo-developer-university-of-amsterdam/probe4physics
wandb: Synced 5 W&B file(s), 0 media file(s), 0 artifact file(s) and 0 other file(s)
wandb: Find logs at: ./wandb/run-20260509_132719-bo62zat9/logs
[I 2026-05-09 13:30:13,184] Trial 13 finished with value: 0.0 and parameters: {'lr': 0.0009827696709910616, 'weight_decay': 0.008946810000979412, 'batch_size': 64, 'epochs': 2000}. Best is trial 0 with value: 0.0.
wandb: setting up run tb3s2qld
wandb: Tracking run with wandb version 0.26.1
wandb: Run data is saved locally in /gpfs/home3/scur0511/Probe4Physics/wandb/run-20260509_133014-tb3s2qld
wandb: Run `wandb offline` to turn off syncing.
wandb: Syncing run intphys2_linear_ltx_video_layer_noise_1.0_block_36/trial_0014
wandb: ⭐️ View project at https://wandb.ai/caselli-niccolo-developer-university-of-amsterdam/probe4physics
wandb: 🚀 View run at https://wandb.ai/caselli-niccolo-developer-university-of-amsterdam/probe4physics/runs/tb3s2qld
[eval.intphys2] Starting eval | split_name=val split_dir=data/splits/intphys2 predictor_mode=from_file metadata_file=data/annotations/intphys2_metadata.csv
[eval.intphys2] Loaded split assignments | split_scenes=51 split_samples=204
[eval.intphys2] Generated predictions | n_predictions=204
[eval.intphys2] Scoring complete | accuracy=50.0000 voe_accuracy=0.0000 n_scenes=51 n_samples=204
[eval.intphys2] Artifacts written | output_dir=artifacts/probes/intphys2/intphys2_probe_linear_ltx_video_ltxv_13b_0_9_8_distilled_20260509T102820Z/layer_noise_1.0_block_36/train/trial_0014/val_eval
wandb: updating run metadata
wandb: uploading config.yaml; uploading output.log; uploading wandb-summary.json
wandb: uploading history steps 0-99, summary, console lines 0-4
wandb: 
wandb: Run history:
wandb:          epoch ▁▁▁▁▂▂▂▂▂▂▃▃▃▃▃▄▄▄▄▄▅▅▅▅▆▆▆▆▇▇▇▇▇▇▇█████
wandb: train_accuracy ▅▇▄▇▄▅▄▆▇▅▃▅▄▄▆▃▆▆▁▄▄▄▄▄▄▄▄█▄▅▅▅▄▆▅▅▅▅▅▄
wandb:     train_loss ▃▂▄▁▂▃▃▄▂▂▃▅▃▃▆▁▂▄▁▇▁▆▅█▄▄▂▁▄▂▃▁▁▃▂▄▃▂▃▃
wandb:   val_accuracy ▁▁▁▁▁▁▁▁▁▁▁▁▁▁▁▁▁▁▁▁▁▁▁▁▁▁▁▁▁▁▁▁▁▁▁▁▁▁▁▁
wandb:       val_loss ▅▃▆▄▄█▃▂▂▃▃▁▂▄▂▅▂▂▅▇▂▂▁▁▃▄▁▁▂▂▃▁▆▂▂▂▂▂▂▃
wandb: 
wandb: Run summary:
wandb:           best_epoch 13
wandb:    best_val_accuracy 50
wandb:        best_val_loss 0.69667
wandb: checkpoint_best_path artifacts/probes/int...
wandb: checkpoint_last_path artifacts/probes/int...
wandb:      checkpoint_path artifacts/probes/int...
wandb:              dataset intphys2
wandb:      elapsed_seconds 7.51926
wandb:                epoch 100
wandb:    feature_signature cc5f37ae8af7ba58
wandb:                  +22 ...
wandb: 
wandb: 🚀 View run intphys2_linear_ltx_video_layer_noise_1.0_block_36/trial_0014 at: https://wandb.ai/caselli-niccolo-developer-university-of-amsterdam/probe4physics/runs/tb3s2qld
wandb: ⭐️ View project at: https://wandb.ai/caselli-niccolo-developer-university-of-amsterdam/probe4physics
wandb: Synced 5 W&B file(s), 0 media file(s), 0 artifact file(s) and 0 other file(s)
wandb: Find logs at: ./wandb/run-20260509_133014-tb3s2qld/logs
[I 2026-05-09 13:30:23,835] Trial 14 finished with value: 0.0 and parameters: {'lr': 0.009346845015219, 'weight_decay': 0.00010294317962430987, 'batch_size': 32, 'epochs': 100}. Best is trial 0 with value: 0.0.
wandb: setting up run gk7rsbwg
wandb: Tracking run with wandb version 0.26.1
wandb: Run data is saved locally in /gpfs/home3/scur0511/Probe4Physics/wandb/run-20260509_133024-gk7rsbwg
wandb: Run `wandb offline` to turn off syncing.
wandb: Syncing run intphys2_linear_ltx_video_layer_noise_1.0_block_36/trial_0015
wandb: ⭐️ View project at https://wandb.ai/caselli-niccolo-developer-university-of-amsterdam/probe4physics
wandb: 🚀 View run at https://wandb.ai/caselli-niccolo-developer-university-of-amsterdam/probe4physics/runs/gk7rsbwg
[eval.intphys2] Starting eval | split_name=val split_dir=data/splits/intphys2 predictor_mode=from_file metadata_file=data/annotations/intphys2_metadata.csv
[eval.intphys2] Loaded split assignments | split_scenes=51 split_samples=204
[eval.intphys2] Generated predictions | n_predictions=204
[eval.intphys2] Scoring complete | accuracy=50.0000 voe_accuracy=0.0000 n_scenes=51 n_samples=204
[eval.intphys2] Artifacts written | output_dir=artifacts/probes/intphys2/intphys2_probe_linear_ltx_video_ltxv_13b_0_9_8_distilled_20260509T102820Z/layer_noise_1.0_block_36/train/trial_0015/val_eval
wandb: updating run metadata
wandb: uploading output.log; uploading wandb-summary.json; uploading config.yaml
wandb: 
wandb: Run history:
wandb:          epoch ▁▁▁▁▁▂▂▂▂▂▂▂▂▂▂▃▃▃▃▃▄▄▄▄▄▅▅▅▆▆▆▆▆▇▇▇▇▇██
wandb: train_accuracy ▆▆▆▁▆▆▆▆▆▄▆▆▆▄▆▆▆▆▁▆▆▆▆▆▆▆▆▃▆▆█▆▆▁▆▆▆▅▆▇
wandb:     train_loss ▃▆▂▂▂▂▃▂▂▂▁▂▂▂▁▃▂▃▂▆█▄▂▃▁▂▂▂▁▂▂▃▂▁▁▁▂▄▂▂
wandb:   val_accuracy ▁▁▁▁▁▁▁▁▁▁▁▁▁▁▁▁▁▁▁▁▁▁▁▁▁▁▁▁▁▁▁▁▁▁▁▁▁▁▁▁
wandb:       val_loss ▆█▃▂▂▁▁▁▁▁▁▁▁▁▁▁▁▁▂▁▁▁▁▁▁▁▁▁▁▁▁▂▁▁▁▁▁▁▁▁
wandb: 
wandb: Run summary:
wandb:           best_epoch 197
wandb:    best_val_accuracy 50
wandb:        best_val_loss 0.69315
wandb: checkpoint_best_path artifacts/probes/int...
wandb: checkpoint_last_path artifacts/probes/int...
wandb:      checkpoint_path artifacts/probes/int...
wandb:              dataset intphys2
wandb:      elapsed_seconds 24.36863
wandb:                epoch 500
wandb:    feature_signature cc5f37ae8af7ba58
wandb:                  +22 ...
wandb: 
wandb: 🚀 View run intphys2_linear_ltx_video_layer_noise_1.0_block_36/trial_0015 at: https://wandb.ai/caselli-niccolo-developer-university-of-amsterdam/probe4physics/runs/gk7rsbwg
wandb: ⭐️ View project at: https://wandb.ai/caselli-niccolo-developer-university-of-amsterdam/probe4physics
wandb: Synced 5 W&B file(s), 0 media file(s), 0 artifact file(s) and 0 other file(s)
wandb: Find logs at: ./wandb/run-20260509_133024-gk7rsbwg/logs
[I 2026-05-09 13:30:52,095] Trial 15 finished with value: 0.0 and parameters: {'lr': 1.9592076566280752e-05, 'weight_decay': 5.807862910443679e-06, 'batch_size': 256, 'epochs': 500}. Best is trial 0 with value: 0.0.
wandb: setting up run kn0oh8l0
wandb: Tracking run with wandb version 0.26.1
wandb: Run data is saved locally in /gpfs/home3/scur0511/Probe4Physics/wandb/run-20260509_133052-kn0oh8l0
wandb: Run `wandb offline` to turn off syncing.
wandb: Syncing run intphys2_linear_ltx_video_layer_noise_1.0_block_36/trial_0016
wandb: ⭐️ View project at https://wandb.ai/caselli-niccolo-developer-university-of-amsterdam/probe4physics
wandb: 🚀 View run at https://wandb.ai/caselli-niccolo-developer-university-of-amsterdam/probe4physics/runs/kn0oh8l0
[eval.intphys2] Starting eval | split_name=val split_dir=data/splits/intphys2 predictor_mode=from_file metadata_file=data/annotations/intphys2_metadata.csv
[eval.intphys2] Loaded split assignments | split_scenes=51 split_samples=204
[eval.intphys2] Generated predictions | n_predictions=204
[eval.intphys2] Scoring complete | accuracy=50.0000 voe_accuracy=0.0000 n_scenes=51 n_samples=204
[eval.intphys2] Artifacts written | output_dir=artifacts/probes/intphys2/intphys2_probe_linear_ltx_video_ltxv_13b_0_9_8_distilled_20260509T102820Z/layer_noise_1.0_block_36/train/trial_0016/val_eval
wandb: updating run metadata
wandb: uploading config.yaml
wandb: 
wandb: Run history:
wandb:          epoch ▁▁▂▂▂▃▃▄▄▄▅▅▅▆▆▇▇▇██
wandb: train_accuracy ▄▆█▆▆▆▆▄▆▆▆▇▄▆▁▇▄▄▃▃
wandb:     train_loss █▄▂▃▅▂▄▃▄▂▁▁▁▂▁▁▁▁▁▁
wandb:   val_accuracy ▁▁▁▁▁▁▁▁▁▁▁▁▁▁▁▁▁▁▁▁
wandb:       val_loss █▄▆▅▅▇▁█▂▃▂▁▂▂▁▂▂▁▁▂
wandb: 
wandb: Run summary:
wandb:           best_epoch 18
wandb:    best_val_accuracy 50
wandb:        best_val_loss 0.83839
wandb: checkpoint_best_path artifacts/probes/int...
wandb: checkpoint_last_path artifacts/probes/int...
wandb:      checkpoint_path artifacts/probes/int...
wandb:              dataset intphys2
wandb:      elapsed_seconds 2.09594
wandb:                epoch 20
wandb:    feature_signature cc5f37ae8af7ba58
wandb:                  +22 ...
wandb: 
wandb: 🚀 View run intphys2_linear_ltx_video_layer_noise_1.0_block_36/trial_0016 at: https://wandb.ai/caselli-niccolo-developer-university-of-amsterdam/probe4physics/runs/kn0oh8l0
wandb: ⭐️ View project at: https://wandb.ai/caselli-niccolo-developer-university-of-amsterdam/probe4physics
wandb: Synced 5 W&B file(s), 0 media file(s), 0 artifact file(s) and 0 other file(s)
wandb: Find logs at: ./wandb/run-20260509_133052-kn0oh8l0/logs
[I 2026-05-09 13:30:56,097] Trial 16 finished with value: 0.0 and parameters: {'lr': 0.0035459485775337835, 'weight_decay': 2.1424483808604603e-06, 'batch_size': 256, 'epochs': 20}. Best is trial 0 with value: 0.0.
wandb: setting up run 6shrj28x
wandb: Tracking run with wandb version 0.26.1
wandb: Run data is saved locally in /gpfs/home3/scur0511/Probe4Physics/wandb/run-20260509_133057-6shrj28x
wandb: Run `wandb offline` to turn off syncing.
wandb: Syncing run intphys2_linear_ltx_video_layer_noise_1.0_block_36/trial_0017
wandb: ⭐️ View project at https://wandb.ai/caselli-niccolo-developer-university-of-amsterdam/probe4physics
wandb: 🚀 View run at https://wandb.ai/caselli-niccolo-developer-university-of-amsterdam/probe4physics/runs/6shrj28x
[eval.intphys2] Starting eval | split_name=val split_dir=data/splits/intphys2 predictor_mode=from_file metadata_file=data/annotations/intphys2_metadata.csv
[eval.intphys2] Loaded split assignments | split_scenes=51 split_samples=204
[eval.intphys2] Generated predictions | n_predictions=204
[eval.intphys2] Scoring complete | accuracy=50.0000 voe_accuracy=0.0000 n_scenes=51 n_samples=204
[eval.intphys2] Artifacts written | output_dir=artifacts/probes/intphys2/intphys2_probe_linear_ltx_video_ltxv_13b_0_9_8_distilled_20260509T102820Z/layer_noise_1.0_block_36/train/trial_0017/val_eval
wandb: updating run metadata
wandb: uploading config.yaml; uploading output.log; uploading wandb-summary.json
wandb: 
wandb: Run history:
wandb:          epoch ▁▁▁▁▁▂▂▂▃▃▄▄▄▄▄▄▅▅▅▅▅▅▅▅▆▆▆▆▆▇▇▇▇▇▇▇▇███
wandb: train_accuracy ▇▃▅▇▅▆▁▅█▅█▆▅▅▇▄▇▂▇▃▄▃▂█▂▃▄▅▆▇▄▃▄▅▇▂▃▆▅▅
wandb:     train_loss ▃▆▃▁▂▁▂▁▂▂▂▂▁▃▁▅▃▄▂█▂▂▃▂▂▆▂▂▂▅▃▂▁▁▂▃▁▁▃▃
wandb:   val_accuracy ▁▁▁▁▁▁▁▁▁▁▁▁▁▁▁▁▁▁▁▁▁▁▁▁▁▁▁▁▁▁▁▁▁▁▁▁▁▁▁▁
wandb:       val_loss ▁▁▁▁▁▂▁▅▁▁▂▁▂▂▁▄▁▂▁▁▂▃▁▁█▂▄▄▃▄▁▁▃▂▃▂▂▂▂▄
wandb: 
wandb: Run summary:
wandb:           best_epoch 1811
wandb:    best_val_accuracy 50
wandb:        best_val_loss 0.69315
wandb: checkpoint_best_path artifacts/probes/int...
wandb: checkpoint_last_path artifacts/probes/int...
wandb:      checkpoint_path artifacts/probes/int...
wandb:              dataset intphys2
wandb:      elapsed_seconds 187.37474
wandb:                epoch 2000
wandb:    feature_signature cc5f37ae8af7ba58
wandb:                  +22 ...
wandb: 
wandb: 🚀 View run intphys2_linear_ltx_video_layer_noise_1.0_block_36/trial_0017 at: https://wandb.ai/caselli-niccolo-developer-university-of-amsterdam/probe4physics/runs/6shrj28x
wandb: ⭐️ View project at: https://wandb.ai/caselli-niccolo-developer-university-of-amsterdam/probe4physics
wandb: Synced 5 W&B file(s), 0 media file(s), 0 artifact file(s) and 0 other file(s)
wandb: Find logs at: ./wandb/run-20260509_133057-6shrj28x/logs
[I 2026-05-09 13:34:07,177] Trial 17 finished with value: 0.0 and parameters: {'lr': 0.0007948707226799964, 'weight_decay': 1.4239225315245903e-08, 'batch_size': 32, 'epochs': 2000}. Best is trial 0 with value: 0.0.
wandb: setting up run qbhkx6oz
wandb: Tracking run with wandb version 0.26.1
wandb: Run data is saved locally in /gpfs/home3/scur0511/Probe4Physics/wandb/run-20260509_133408-qbhkx6oz
wandb: Run `wandb offline` to turn off syncing.
wandb: Syncing run intphys2_linear_ltx_video_layer_noise_1.0_block_36/trial_0018
wandb: ⭐️ View project at https://wandb.ai/caselli-niccolo-developer-university-of-amsterdam/probe4physics
wandb: 🚀 View run at https://wandb.ai/caselli-niccolo-developer-university-of-amsterdam/probe4physics/runs/qbhkx6oz
[eval.intphys2] Starting eval | split_name=val split_dir=data/splits/intphys2 predictor_mode=from_file metadata_file=data/annotations/intphys2_metadata.csv
[eval.intphys2] Loaded split assignments | split_scenes=51 split_samples=204
[eval.intphys2] Generated predictions | n_predictions=204
[eval.intphys2] Scoring complete | accuracy=50.0000 voe_accuracy=0.0000 n_scenes=51 n_samples=204
[eval.intphys2] Artifacts written | output_dir=artifacts/probes/intphys2/intphys2_probe_linear_ltx_video_ltxv_13b_0_9_8_distilled_20260509T102820Z/layer_noise_1.0_block_36/train/trial_0018/val_eval
wandb: updating run metadata
wandb: uploading output.log; uploading wandb-summary.json; uploading config.yaml
wandb: uploading history steps 0-99, summary, console lines 0-4
wandb: 
wandb: Run history:
wandb:          epoch ▁▁▁▁▁▂▂▂▂▂▂▃▃▃▃▃▄▄▄▄▅▅▅▅▅▅▆▆▆▆▆▆▇▇▇▇▇▇██
wandb: train_accuracy ▅▇▇▄▆▇▅▃▅▇▆▅▇▇█▆▆▄█▇█▅▄▆▆▇▃▆▄▅▆▆▁▇▇▇▄▇▃▅
wandb:     train_loss █▂▁▂▁▁▁▁▁▁▁▁▁▁▁▁▁▁▁▁▁▁▁▁▁▁▁▁▁▁▁▁▁▁▁▁▁▁▁▁
wandb:   val_accuracy ▁▁▁▁▁▁▁▁▁▁▁▁▁▁▁▁▁▁▁▁▁▁▁▁▁▁▁▁▁▁▁▁▁▁▁▁▁▁▁▁
wandb:       val_loss ▄▁▁▁▁▁▁▁▁▁▁▅▁▂▁▁▂▁▅▂▃▁▁▂▄▁▁▁▁▁▁▂▂█▁▁▁▁▁▁
wandb: 
wandb: Run summary:
wandb:           best_epoch 78
wandb:    best_val_accuracy 50
wandb:        best_val_loss 0.69315
wandb: checkpoint_best_path artifacts/probes/int...
wandb: checkpoint_last_path artifacts/probes/int...
wandb:      checkpoint_path artifacts/probes/int...
wandb:              dataset intphys2
wandb:      elapsed_seconds 5.91212
wandb:                epoch 100
wandb:    feature_signature cc5f37ae8af7ba58
wandb:                  +22 ...
wandb: 
wandb: 🚀 View run intphys2_linear_ltx_video_layer_noise_1.0_block_36/trial_0018 at: https://wandb.ai/caselli-niccolo-developer-university-of-amsterdam/probe4physics/runs/qbhkx6oz
wandb: ⭐️ View project at: https://wandb.ai/caselli-niccolo-developer-university-of-amsterdam/probe4physics
wandb: Synced 5 W&B file(s), 0 media file(s), 0 artifact file(s) and 0 other file(s)
wandb: Find logs at: ./wandb/run-20260509_133408-qbhkx6oz/logs
[I 2026-05-09 13:34:15,680] Trial 18 finished with value: 0.0 and parameters: {'lr': 4.720845304099489e-05, 'weight_decay': 1.7071783919969125e-07, 'batch_size': 64, 'epochs': 100}. Best is trial 0 with value: 0.0.
wandb: setting up run n8dqtmdu
wandb: Tracking run with wandb version 0.26.1
wandb: Run data is saved locally in /gpfs/home3/scur0511/Probe4Physics/wandb/run-20260509_133416-n8dqtmdu
wandb: Run `wandb offline` to turn off syncing.
wandb: Syncing run intphys2_linear_ltx_video_layer_noise_1.0_block_36/trial_0019
wandb: ⭐️ View project at https://wandb.ai/caselli-niccolo-developer-university-of-amsterdam/probe4physics
wandb: 🚀 View run at https://wandb.ai/caselli-niccolo-developer-university-of-amsterdam/probe4physics/runs/n8dqtmdu
[eval.intphys2] Starting eval | split_name=val split_dir=data/splits/intphys2 predictor_mode=from_file metadata_file=data/annotations/intphys2_metadata.csv
[eval.intphys2] Loaded split assignments | split_scenes=51 split_samples=204
[eval.intphys2] Generated predictions | n_predictions=204
[eval.intphys2] Scoring complete | accuracy=50.0000 voe_accuracy=0.0000 n_scenes=51 n_samples=204
[eval.intphys2] Artifacts written | output_dir=artifacts/probes/intphys2/intphys2_probe_linear_ltx_video_ltxv_13b_0_9_8_distilled_20260509T102820Z/layer_noise_1.0_block_36/train/trial_0019/val_eval
wandb: updating run metadata
wandb: uploading config.yaml; uploading output.log; uploading wandb-summary.json
wandb: 
wandb: Run history:
wandb:          epoch ▁▁▂▂▂▃▃▃▃▃▄▄▄▄▄▄▅▅▅▅▅▅▅▆▆▆▆▆▇▇▇▇▇▇▇▇████
wandb: train_accuracy ▂▇▆▅▅▆▆▄▅▂▃▆▅▅▃▂▃▂▄▃▆▃▁▆▄▄█▇▄▆▇▄▅▄▅▄▇▄▆▅
wandb:     train_loss █▁▂▁▂▁▁▁▁▁▁▁▁▂▁▂▁▁▁▁▁▂▂▁▂▂▂▂▁▁▁▂▁▂▂▂▁▁▁▂
wandb:   val_accuracy ▁▁▁▁▁▁▁▁▁▁▁▁▁▁▁▁▁▁▁▁▁▁▁▁▁▁▁▁▁▁▁▁▁▁▁▁▁▁▁▁
wandb:       val_loss ▁▃▂▂▂▂▁▂▁▁▂▁█▁▃▂▁▃▁▁▁█▃▂▁▁▁▁▄▂▃▄▁▆▂▂▃▃▁▇
wandb: 
wandb: Run summary:
wandb:           best_epoch 492
wandb:    best_val_accuracy 50
wandb:        best_val_loss 0.69315
wandb: checkpoint_best_path artifacts/probes/int...
wandb: checkpoint_last_path artifacts/probes/int...
wandb:      checkpoint_path artifacts/probes/int...
wandb:              dataset intphys2
wandb:      elapsed_seconds 158.55056
wandb:                epoch 2000
wandb:    feature_signature cc5f37ae8af7ba58
wandb:                  +22 ...
wandb: 
wandb: 🚀 View run intphys2_linear_ltx_video_layer_noise_1.0_block_36/trial_0019 at: https://wandb.ai/caselli-niccolo-developer-university-of-amsterdam/probe4physics/runs/n8dqtmdu
wandb: ⭐️ View project at: https://wandb.ai/caselli-niccolo-developer-university-of-amsterdam/probe4physics
wandb: Synced 5 W&B file(s), 0 media file(s), 0 artifact file(s) and 0 other file(s)
wandb: Find logs at: ./wandb/run-20260509_133416-n8dqtmdu/logs
[I 2026-05-09 13:36:58,040] Trial 19 finished with value: 0.0 and parameters: {'lr': 0.0007392530738469641, 'weight_decay': 0.000369960521744469, 'batch_size': 256, 'epochs': 2000}. Best is trial 0 with value: 0.0.
[eval.intphys2] Starting eval | split_name=train split_dir=data/splits/intphys2 predictor_mode=from_file metadata_file=data/annotations/intphys2_metadata.csv
[eval.intphys2] Loaded split assignments | split_scenes=151 split_samples=604
[eval.intphys2] Generated predictions | n_predictions=604
[eval.intphys2] Scoring complete | accuracy=50.0000 voe_accuracy=0.0000 n_scenes=151 n_samples=604
[eval.intphys2] Artifacts written | output_dir=artifacts/probes/intphys2/intphys2_probe_linear_ltx_video_ltxv_13b_0_9_8_distilled_20260509T102820Z/layer_noise_1.0_block_36/eval/train
[eval.intphys2] Starting eval | split_name=val split_dir=data/splits/intphys2 predictor_mode=from_file metadata_file=data/annotations/intphys2_metadata.csv
[eval.intphys2] Loaded split assignments | split_scenes=51 split_samples=204
[eval.intphys2] Generated predictions | n_predictions=204
[eval.intphys2] Scoring complete | accuracy=50.0000 voe_accuracy=0.0000 n_scenes=51 n_samples=204
[eval.intphys2] Artifacts written | output_dir=artifacts/probes/intphys2/intphys2_probe_linear_ltx_video_ltxv_13b_0_9_8_distilled_20260509T102820Z/layer_noise_1.0_block_36/eval/val
[eval.intphys2] Starting eval | split_name=test split_dir=data/splits/intphys2 predictor_mode=from_file metadata_file=data/annotations/intphys2_metadata.csv
[eval.intphys2] Loaded split assignments | split_scenes=51 split_samples=204
[eval.intphys2] Generated predictions | n_predictions=204
[eval.intphys2] Scoring complete | accuracy=50.0000 voe_accuracy=0.0000 n_scenes=51 n_samples=204
[eval.intphys2] Artifacts written | output_dir=artifacts/probes/intphys2/intphys2_probe_linear_ltx_video_ltxv_13b_0_9_8_distilled_20260509T102820Z/layer_noise_1.0_block_36/eval/test
[I 2026-05-09 13:36:59,028] A new study created in RDB with name: intphys2_linear_ltx_video_layer_noise_1.0_block_48
wandb: setting up run ty6defjj
wandb: Tracking run with wandb version 0.26.1
wandb: Run data is saved locally in /gpfs/home3/scur0511/Probe4Physics/wandb/run-20260509_133659-ty6defjj
wandb: Run `wandb offline` to turn off syncing.
wandb: Syncing run intphys2_linear_ltx_video_layer_noise_1.0_block_48/trial_0000
wandb: ⭐️ View project at https://wandb.ai/caselli-niccolo-developer-university-of-amsterdam/probe4physics
wandb: 🚀 View run at https://wandb.ai/caselli-niccolo-developer-university-of-amsterdam/probe4physics/runs/ty6defjj
[eval.intphys2] Starting eval | split_name=val split_dir=data/splits/intphys2 predictor_mode=from_file metadata_file=data/annotations/intphys2_metadata.csv
[eval.intphys2] Loaded split assignments | split_scenes=51 split_samples=204
[eval.intphys2] Generated predictions | n_predictions=204
[eval.intphys2] Scoring complete | accuracy=50.0000 voe_accuracy=0.0000 n_scenes=51 n_samples=204
[eval.intphys2] Artifacts written | output_dir=artifacts/probes/intphys2/intphys2_probe_linear_ltx_video_ltxv_13b_0_9_8_distilled_20260509T102820Z/layer_noise_1.0_block_48/train/trial_0000/val_eval
wandb: updating run metadata
wandb: uploading output.log; uploading wandb-summary.json; uploading config.yaml
wandb: 
wandb: Run history:
wandb:          epoch ▁▁▁▂▂▂▂▂▃▃▃▃▃▃▄▄▄▄▄▄▄▅▅▅▅▅▅▆▆▆▇▇▇▇▇▇▇▇██
wandb: train_accuracy ▅▃▁▅▄▇▅▇▄▂▃▄▄▃▄█▄▅▄▆▃▆▂▇▆▆▅██▇▁▆▆▃▆▅▇▇▅▁
wandb:     train_loss ▃▂▁▄▁▃▂▁▄▂▃▄▂▁▃▂▄▃▅▁▄▂▂▃▅▂█▅▂▁▂▅▇▃▃▃▂▂▁▁
wandb:   val_accuracy ▁▁▁▁▁▁▁▁▁▁▁▁▁▁▁▁▁▁▁▁▁▁▁▁▁▁▁▁▁▁▁▁▁▁▁▁▁▁▁▁
wandb:       val_loss ▁▄▃█▂▁▁▁▅▁▁▃▃▆▁▂▃▃▆▃▁▄▁▅▂▁▄▂▁▂▇▂▄▃▁▃▅▂▃█
wandb: 
wandb: Run summary:
wandb:           best_epoch 735
wandb:    best_val_accuracy 50
wandb:        best_val_loss 0.69315
wandb: checkpoint_best_path artifacts/probes/int...
wandb: checkpoint_last_path artifacts/probes/int...
wandb:      checkpoint_path artifacts/probes/int...
wandb:              dataset intphys2
wandb:      elapsed_seconds 189.82481
wandb:                epoch 2000
wandb:    feature_signature cc5f37ae8af7ba58
wandb:                  +22 ...
wandb: 
wandb: 🚀 View run intphys2_linear_ltx_video_layer_noise_1.0_block_48/trial_0000 at: https://wandb.ai/caselli-niccolo-developer-university-of-amsterdam/probe4physics/runs/ty6defjj
wandb: ⭐️ View project at: https://wandb.ai/caselli-niccolo-developer-university-of-amsterdam/probe4physics
wandb: Synced 5 W&B file(s), 0 media file(s), 0 artifact file(s) and 0 other file(s)
wandb: Find logs at: ./wandb/run-20260509_133659-ty6defjj/logs
[I 2026-05-09 13:40:12,411] Trial 0 finished with value: 0.0 and parameters: {'lr': 0.0001329291894316216, 'weight_decay': 0.005061576888752304, 'batch_size': 32, 'epochs': 2000}. Best is trial 0 with value: 0.0.
wandb: setting up run j1tqbs8x
wandb: Tracking run with wandb version 0.26.1
wandb: Run data is saved locally in /gpfs/home3/scur0511/Probe4Physics/wandb/run-20260509_134013-j1tqbs8x
wandb: Run `wandb offline` to turn off syncing.
wandb: Syncing run intphys2_linear_ltx_video_layer_noise_1.0_block_48/trial_0001
wandb: ⭐️ View project at https://wandb.ai/caselli-niccolo-developer-university-of-amsterdam/probe4physics
wandb: 🚀 View run at https://wandb.ai/caselli-niccolo-developer-university-of-amsterdam/probe4physics/runs/j1tqbs8x
[eval.intphys2] Starting eval | split_name=val split_dir=data/splits/intphys2 predictor_mode=from_file metadata_file=data/annotations/intphys2_metadata.csv
[eval.intphys2] Loaded split assignments | split_scenes=51 split_samples=204
[eval.intphys2] Generated predictions | n_predictions=204
[eval.intphys2] Scoring complete | accuracy=50.0000 voe_accuracy=0.0000 n_scenes=51 n_samples=204
[eval.intphys2] Artifacts written | output_dir=artifacts/probes/intphys2/intphys2_probe_linear_ltx_video_ltxv_13b_0_9_8_distilled_20260509T102820Z/layer_noise_1.0_block_48/train/trial_0001/val_eval
wandb: updating run metadata
wandb: uploading output.log; uploading wandb-summary.json; uploading config.yaml; uploading wandb-metadata.json; uploading requirements.txt
wandb: 
wandb: Run history:
wandb:          epoch ▁▁▂▂▂▂▂▂▂▃▃▃▃▃▃▃▄▄▄▄▄▄▅▅▅▅▅▆▆▆▆▇▇▇▇▇▇▇██
wandb: train_accuracy ▄▆▅▆▅██▅▅▅▇▁▅▅▅▅█▄▄▆▅▄▅▇▄▅▅▅▅▅▅▅▅▅▅▆▇▅▇▇
wandb:     train_loss ▇▃▄█▄▂▁▁▁▁▃▅▄▄██▆▆▅▇▂▂▄▁▂▄▄▄▂▄▃▃▂▃▃▂▃▂▄▂
wandb:   val_accuracy ▁▁▁▁▁▁▁▁▁▁▁▁▁▁▁▁▁▁▁▁▁▁▁▁▁▁▁▁▁▁▁▁▁▁▁▁▁▁▁▁
wandb:       val_loss █▂▃▄▇▃▄▁▂▁▁▅▃▂▁▂▂▅▁▆▁▂▂▃▄▂▃▅▃▁▃▃▂▃▃▂▂▂▁▄
wandb: 
wandb: Run summary:
wandb:           best_epoch 22
wandb:    best_val_accuracy 50
wandb:        best_val_loss 0.6947
wandb: checkpoint_best_path artifacts/probes/int...
wandb: checkpoint_last_path artifacts/probes/int...
wandb:      checkpoint_path artifacts/probes/int...
wandb:              dataset intphys2
wandb:      elapsed_seconds 5.10648
wandb:                epoch 100
wandb:    feature_signature cc5f37ae8af7ba58
wandb:                  +22 ...
wandb: 
wandb: 🚀 View run intphys2_linear_ltx_video_layer_noise_1.0_block_48/trial_0001 at: https://wandb.ai/caselli-niccolo-developer-university-of-amsterdam/probe4physics/runs/j1tqbs8x
wandb: ⭐️ View project at: https://wandb.ai/caselli-niccolo-developer-university-of-amsterdam/probe4physics
wandb: Synced 5 W&B file(s), 0 media file(s), 0 artifact file(s) and 0 other file(s)
wandb: Find logs at: ./wandb/run-20260509_134013-j1tqbs8x/logs
[I 2026-05-09 13:40:19,399] Trial 1 finished with value: 0.0 and parameters: {'lr': 0.00314288089084011, 'weight_decay': 1.879466824163843e-07, 'batch_size': 256, 'epochs': 100}. Best is trial 0 with value: 0.0.
wandb: setting up run 027d3oga
wandb: Tracking run with wandb version 0.26.1
wandb: Run data is saved locally in /gpfs/home3/scur0511/Probe4Physics/wandb/run-20260509_134020-027d3oga
wandb: Run `wandb offline` to turn off syncing.
wandb: Syncing run intphys2_linear_ltx_video_layer_noise_1.0_block_48/trial_0002
wandb: ⭐️ View project at https://wandb.ai/caselli-niccolo-developer-university-of-amsterdam/probe4physics
wandb: 🚀 View run at https://wandb.ai/caselli-niccolo-developer-university-of-amsterdam/probe4physics/runs/027d3oga
[eval.intphys2] Starting eval | split_name=val split_dir=data/splits/intphys2 predictor_mode=from_file metadata_file=data/annotations/intphys2_metadata.csv
[eval.intphys2] Loaded split assignments | split_scenes=51 split_samples=204
[eval.intphys2] Generated predictions | n_predictions=204
[eval.intphys2] Scoring complete | accuracy=50.0000 voe_accuracy=0.0000 n_scenes=51 n_samples=204
[eval.intphys2] Artifacts written | output_dir=artifacts/probes/intphys2/intphys2_probe_linear_ltx_video_ltxv_13b_0_9_8_distilled_20260509T102820Z/layer_noise_1.0_block_48/train/trial_0002/val_eval
wandb: updating run metadata
wandb: uploading output.log; uploading wandb-summary.json; uploading config.yaml
wandb: uploading history steps 891-999, summary, console lines 0-4
wandb: 
wandb: Run history:
wandb:          epoch ▁▁▁▁▁▁▂▂▂▂▂▃▃▃▃▃▃▄▄▅▅▅▆▆▆▆▆▆▆▆▆▆▆▇▇▇▇███
wandb: train_accuracy ▄▅▄▃▇▂█▆▄▂▄▄▄▄▃▃▂▃▃▂▃▆▄▁▄▃▄▃▅▆▅▃▃▂▁▆▃▂▂▃
wandb:     train_loss ▂▂▄▂▂▁▂▁▂▄▂▃▂▁▂▂▁▂▄▂▂▁▂▂▂▁▃▂▂▂▂▂▁▂▁▃▃▄█▁
wandb:   val_accuracy ▁▁▁▁▁▁▁▁▁▁▁▁▁▁▁▁▁▁▁▁▁▁▁▁▁▁▁▁▁▁▁▁▁▁▁▁▁▁▁▁
wandb:       val_loss ▂▁▂▃▂▁▃▁▁█▁▆▂▁▄▁▂▁▁▂▁▄▂▂▁▁▃▇▁▁▁▇▁▂▅▂▁▁▃▆
wandb: 
wandb: Run summary:
wandb:           best_epoch 26
wandb:    best_val_accuracy 50
wandb:        best_val_loss 0.69315
wandb: checkpoint_best_path artifacts/probes/int...
wandb: checkpoint_last_path artifacts/probes/int...
wandb:      checkpoint_path artifacts/probes/int...
wandb:              dataset intphys2
wandb:      elapsed_seconds 54.55178
wandb:                epoch 1000
wandb:    feature_signature cc5f37ae8af7ba58
wandb:                  +22 ...
wandb: 
wandb: 🚀 View run intphys2_linear_ltx_video_layer_noise_1.0_block_48/trial_0002 at: https://wandb.ai/caselli-niccolo-developer-university-of-amsterdam/probe4physics/runs/027d3oga
wandb: ⭐️ View project at: https://wandb.ai/caselli-niccolo-developer-university-of-amsterdam/probe4physics
wandb: Synced 5 W&B file(s), 0 media file(s), 0 artifact file(s) and 0 other file(s)
wandb: Find logs at: ./wandb/run-20260509_134020-027d3oga/logs
[I 2026-05-09 13:41:15,659] Trial 2 finished with value: 0.0 and parameters: {'lr': 0.00023345864076016249, 'weight_decay': 0.0005141096648805752, 'batch_size': 128, 'epochs': 1000}. Best is trial 0 with value: 0.0.
wandb: setting up run ejvqhzwk
wandb: Tracking run with wandb version 0.26.1
wandb: Run data is saved locally in /gpfs/home3/scur0511/Probe4Physics/wandb/run-20260509_134116-ejvqhzwk
wandb: Run `wandb offline` to turn off syncing.
wandb: Syncing run intphys2_linear_ltx_video_layer_noise_1.0_block_48/trial_0003
wandb: ⭐️ View project at https://wandb.ai/caselli-niccolo-developer-university-of-amsterdam/probe4physics
wandb: 🚀 View run at https://wandb.ai/caselli-niccolo-developer-university-of-amsterdam/probe4physics/runs/ejvqhzwk
[eval.intphys2] Starting eval | split_name=val split_dir=data/splits/intphys2 predictor_mode=from_file metadata_file=data/annotations/intphys2_metadata.csv
[eval.intphys2] Loaded split assignments | split_scenes=51 split_samples=204
[eval.intphys2] Generated predictions | n_predictions=204
[eval.intphys2] Scoring complete | accuracy=50.0000 voe_accuracy=0.0000 n_scenes=51 n_samples=204
[eval.intphys2] Artifacts written | output_dir=artifacts/probes/intphys2/intphys2_probe_linear_ltx_video_ltxv_13b_0_9_8_distilled_20260509T102820Z/layer_noise_1.0_block_48/train/trial_0003/val_eval
wandb: updating run metadata
wandb: uploading wandb-metadata.json; uploading requirements.txt; uploading output.log; uploading wandb-summary.json; uploading config.yaml
wandb: uploading history steps 0-49, summary, console lines 0-4
wandb: 
wandb: Run history:
wandb:          epoch ▁▁▁▁▂▂▂▂▂▂▃▃▃▃▃▄▄▄▄▄▅▅▅▅▅▆▆▆▆▆▆▇▇▇▇▇▇███
wandb: train_accuracy ▂▅▄▃▄▆▇▁▃▃█▆▅▇▅▃▂▃▅▃▅▄▅▁▄▇▃▆▁▅▃▂▅▄▆▃▃▄▄▃
wandb:     train_loss █▂▁▁▁▁▁▁▁▁▁▁▁▁▁▁▁▁▁▁▁▁▁▁▁▁▁▁▁▁▁▁▂▁▁▁▁▁▁▂
wandb:   val_accuracy ▁▁▁▁▁▁▁▁▁▁▁▁▁▁▁▁▁▁▁▁▁▁▁▁▁▁▁▁▁▁▁▁▁▁▁▁▁▁▁▁
wandb:       val_loss █▁▁▁▁▂▁▁▁▁▂▁▁▁▁▁▁▁▁▁▁▁▁▁▁▂▂▁▁▁▁▁▄▁▁▁▁▁▁▃
wandb: 
wandb: Run summary:
wandb:           best_epoch 42
wandb:    best_val_accuracy 50
wandb:        best_val_loss 0.69315
wandb: checkpoint_best_path artifacts/probes/int...
wandb: checkpoint_last_path artifacts/probes/int...
wandb:      checkpoint_path artifacts/probes/int...
wandb:              dataset intphys2
wandb:      elapsed_seconds 4.3401
wandb:                epoch 50
wandb:    feature_signature cc5f37ae8af7ba58
wandb:                  +22 ...
wandb: 
wandb: 🚀 View run intphys2_linear_ltx_video_layer_noise_1.0_block_48/trial_0003 at: https://wandb.ai/caselli-niccolo-developer-university-of-amsterdam/probe4physics/runs/ejvqhzwk
wandb: ⭐️ View project at: https://wandb.ai/caselli-niccolo-developer-university-of-amsterdam/probe4physics
wandb: Synced 5 W&B file(s), 0 media file(s), 0 artifact file(s) and 0 other file(s)
wandb: Find logs at: ./wandb/run-20260509_134116-ejvqhzwk/logs
[I 2026-05-09 13:41:22,283] Trial 3 finished with value: 0.0 and parameters: {'lr': 8.200518402245828e-05, 'weight_decay': 3.855073690026179e-08, 'batch_size': 32, 'epochs': 50}. Best is trial 0 with value: 0.0.
wandb: setting up run vun1yqqn
wandb: Tracking run with wandb version 0.26.1
wandb: Run data is saved locally in /gpfs/home3/scur0511/Probe4Physics/wandb/run-20260509_134122-vun1yqqn
wandb: Run `wandb offline` to turn off syncing.
wandb: Syncing run intphys2_linear_ltx_video_layer_noise_1.0_block_48/trial_0004
wandb: ⭐️ View project at https://wandb.ai/caselli-niccolo-developer-university-of-amsterdam/probe4physics
wandb: 🚀 View run at https://wandb.ai/caselli-niccolo-developer-university-of-amsterdam/probe4physics/runs/vun1yqqn
[eval.intphys2] Starting eval | split_name=val split_dir=data/splits/intphys2 predictor_mode=from_file metadata_file=data/annotations/intphys2_metadata.csv
[eval.intphys2] Loaded split assignments | split_scenes=51 split_samples=204
[eval.intphys2] Generated predictions | n_predictions=204
[eval.intphys2] Scoring complete | accuracy=50.0000 voe_accuracy=0.0000 n_scenes=51 n_samples=204
[eval.intphys2] Artifacts written | output_dir=artifacts/probes/intphys2/intphys2_probe_linear_ltx_video_ltxv_13b_0_9_8_distilled_20260509T102820Z/layer_noise_1.0_block_48/train/trial_0004/val_eval
wandb: updating run metadata
wandb: uploading requirements.txt; uploading output.log; uploading wandb-summary.json; uploading config.yaml; uploading wandb-metadata.json
wandb: uploading output.log
wandb: 
wandb: Run history:
wandb:          epoch ▁▁▁▁▂▂▂▂▃▃▃▃▃▃▄▄▄▄▄▄▅▅▅▅▅▆▆▆▆▆▆▇▇▇▇▇▇███
wandb: train_accuracy ▇▆▇▅▇█▇▆▇▁▆▅▅▇▆▆▃▆▂▅▆▅▅█▇█▇▆▅▃▄▂▅▇▅▂▅▇▂▃
wandb:     train_loss █▃▄▂▁▁▁▂▁▃▄▄▇▆▄▃▂▅▇▆▂▂▂▂▃▁▂▁▂▂▅▃▁▆▃▄▂▁▁▂
wandb:   val_accuracy ▁▁▁▁▁▁▁▁▁▁▁▁▁▁▁▁▁▁▁▁▁▁▁▁▁▁▁▁▁▁▁▁▁▁▁▁▁▁▁▁
wandb:       val_loss ▁▁▄▁▃▂▁▁▂▂▁▁▇▂▁▄▄▄█▁▁▁▁▅▁▃▃▁▁▂▂▁▄▁▄▁▁▁▂▃
wandb: 
wandb: Run summary:
wandb:           best_epoch 45
wandb:    best_val_accuracy 50
wandb:        best_val_loss 0.69504
wandb: checkpoint_best_path artifacts/probes/int...
wandb: checkpoint_last_path artifacts/probes/int...
wandb:      checkpoint_path artifacts/probes/int...
wandb:              dataset intphys2
wandb:      elapsed_seconds 6.82932
wandb:                epoch 50
wandb:    feature_signature cc5f37ae8af7ba58
wandb:                  +22 ...
wandb: 
wandb: 🚀 View run intphys2_linear_ltx_video_layer_noise_1.0_block_48/trial_0004 at: https://wandb.ai/caselli-niccolo-developer-university-of-amsterdam/probe4physics/runs/vun1yqqn
wandb: ⭐️ View project at: https://wandb.ai/caselli-niccolo-developer-university-of-amsterdam/probe4physics
wandb: Synced 5 W&B file(s), 0 media file(s), 0 artifact file(s) and 0 other file(s)
wandb: Find logs at: ./wandb/run-20260509_134122-vun1yqqn/logs
[I 2026-05-09 13:41:32,097] Trial 4 finished with value: 0.0 and parameters: {'lr': 0.00043664735929796326, 'weight_decay': 1.2856617791467908e-07, 'batch_size': 32, 'epochs': 50}. Best is trial 0 with value: 0.0.
wandb: setting up run xm96i8vb
wandb: Tracking run with wandb version 0.26.1
wandb: Run data is saved locally in /gpfs/home3/scur0511/Probe4Physics/wandb/run-20260509_134132-xm96i8vb
wandb: Run `wandb offline` to turn off syncing.
wandb: Syncing run intphys2_linear_ltx_video_layer_noise_1.0_block_48/trial_0005
wandb: ⭐️ View project at https://wandb.ai/caselli-niccolo-developer-university-of-amsterdam/probe4physics
wandb: 🚀 View run at https://wandb.ai/caselli-niccolo-developer-university-of-amsterdam/probe4physics/runs/xm96i8vb
[eval.intphys2] Starting eval | split_name=val split_dir=data/splits/intphys2 predictor_mode=from_file metadata_file=data/annotations/intphys2_metadata.csv
[eval.intphys2] Loaded split assignments | split_scenes=51 split_samples=204
[eval.intphys2] Generated predictions | n_predictions=204
[eval.intphys2] Scoring complete | accuracy=50.0000 voe_accuracy=0.0000 n_scenes=51 n_samples=204
[eval.intphys2] Artifacts written | output_dir=artifacts/probes/intphys2/intphys2_probe_linear_ltx_video_ltxv_13b_0_9_8_distilled_20260509T102820Z/layer_noise_1.0_block_48/train/trial_0005/val_eval
wandb: updating run metadata
wandb: uploading config.yaml; uploading output.log; uploading wandb-summary.json
wandb: 
wandb: Run history:
wandb:          epoch ▁▁▁▁▁▂▂▂▃▃▃▃▃▃▃▃▄▄▄▄▅▅▅▅▅▆▆▆▆▆▇▇▇▇▇▇▇▇██
wandb: train_accuracy ▆▄▆▄▁▇▇▄▆▅▅▅▅▄▆▅▄▅▁▇▄▅▂▅▄▄▃▆▆█▅▆▄▆▆▅▄▅▅▅
wandb:     train_loss █▁▂▁▄▆▂▂▁▁▃▂▁▁▃▁▁▅▃▁▁▃▂▁▂▂▃▁▆▂▃▄▇▂▁▁▃▁▁▃
wandb:   val_accuracy ▁▁▁▁▁▁▁▁▁▁▁▁▁▁▁▁▁▁▁▁▁▁▁▁▁▁▁▁▁▁▁▁▁▁▁▁▁▁▁▁
wandb:       val_loss ▁▁▁▁▁▂▄▁▁▁▃▁▂▁▁▁▁▂▁▃▁▃▃▃▂▁▁▁▂▂█▁▁▂▁▄▅▂▂▄
wandb: 
wandb: Run summary:
wandb:           best_epoch 496
wandb:    best_val_accuracy 50
wandb:        best_val_loss 0.69315
wandb: checkpoint_best_path artifacts/probes/int...
wandb: checkpoint_last_path artifacts/probes/int...
wandb:      checkpoint_path artifacts/probes/int...
wandb:              dataset intphys2
wandb:      elapsed_seconds 31.82156
wandb:                epoch 500
wandb:    feature_signature cc5f37ae8af7ba58
wandb:                  +22 ...
wandb: 
wandb: 🚀 View run intphys2_linear_ltx_video_layer_noise_1.0_block_48/trial_0005 at: https://wandb.ai/caselli-niccolo-developer-university-of-amsterdam/probe4physics/runs/xm96i8vb
wandb: ⭐️ View project at: https://wandb.ai/caselli-niccolo-developer-university-of-amsterdam/probe4physics
wandb: Synced 5 W&B file(s), 0 media file(s), 0 artifact file(s) and 0 other file(s)
wandb: Find logs at: ./wandb/run-20260509_134132-xm96i8vb/logs
[I 2026-05-09 13:42:08,156] Trial 5 finished with value: 0.0 and parameters: {'lr': 0.00014656553886225324, 'weight_decay': 4.247116662617142e-07, 'batch_size': 32, 'epochs': 500}. Best is trial 0 with value: 0.0.
wandb: setting up run rkrv7dwv
wandb: Tracking run with wandb version 0.26.1
wandb: Run data is saved locally in /gpfs/home3/scur0511/Probe4Physics/wandb/run-20260509_134209-rkrv7dwv
wandb: Run `wandb offline` to turn off syncing.
wandb: Syncing run intphys2_linear_ltx_video_layer_noise_1.0_block_48/trial_0006
wandb: ⭐️ View project at https://wandb.ai/caselli-niccolo-developer-university-of-amsterdam/probe4physics
wandb: 🚀 View run at https://wandb.ai/caselli-niccolo-developer-university-of-amsterdam/probe4physics/runs/rkrv7dwv
[eval.intphys2] Starting eval | split_name=val split_dir=data/splits/intphys2 predictor_mode=from_file metadata_file=data/annotations/intphys2_metadata.csv
[eval.intphys2] Loaded split assignments | split_scenes=51 split_samples=204
[eval.intphys2] Generated predictions | n_predictions=204
[eval.intphys2] Scoring complete | accuracy=50.0000 voe_accuracy=0.0000 n_scenes=51 n_samples=204
[eval.intphys2] Artifacts written | output_dir=artifacts/probes/intphys2/intphys2_probe_linear_ltx_video_ltxv_13b_0_9_8_distilled_20260509T102820Z/layer_noise_1.0_block_48/train/trial_0006/val_eval
wandb: updating run metadata
wandb: uploading output.log; uploading wandb-summary.json; uploading config.yaml
wandb: uploading config.yaml
wandb: 
wandb: Run history:
wandb:          epoch ▁▁▁▁▂▂▂▂▂▂▃▃▃▃▃▄▄▄▄▄▄▄▄▄▅▅▅▅▅▅▆▆▆▆▇▇████
wandb: train_accuracy ▆▆▆█▆▆▆▅▆▆▆▅▁▆▆▆▆▆▆▆▄▆▆▆▆▆▆▅▇▆▅▂▇▅▅▆▆▆▆▅
wandb:     train_loss █▁▁▁▁▁▁▁▁▁▁▁▁▁▁▁▁▁▁▁▁▁▁▁▁▁▁▁▁▁▁▁▁▁▁▁▁▁▁▁
wandb:   val_accuracy ▁▁▁▁▁▁▁▁▁▁▁▁▁▁▁▁▁▁▁▁▁▁▁▁▁▁▁▁▁▁▁▁▁▁▁▁▁▁▁▁
wandb:       val_loss █▂▂▁▁▁▁▁▁▁▁▁▁▁▁▁▁▁▁▁▁▁▁▁▁▁▁▁▁▁▁▁▁▁▁▁▁▁▁▁
wandb: 
wandb: Run summary:
wandb:           best_epoch 100
wandb:    best_val_accuracy 50
wandb:        best_val_loss 0.69315
wandb: checkpoint_best_path artifacts/probes/int...
wandb: checkpoint_last_path artifacts/probes/int...
wandb:      checkpoint_path artifacts/probes/int...
wandb:              dataset intphys2
wandb:      elapsed_seconds 5.46682
wandb:                epoch 100
wandb:    feature_signature cc5f37ae8af7ba58
wandb:                  +22 ...
wandb: 
wandb: 🚀 View run intphys2_linear_ltx_video_layer_noise_1.0_block_48/trial_0006 at: https://wandb.ai/caselli-niccolo-developer-university-of-amsterdam/probe4physics/runs/rkrv7dwv
wandb: ⭐️ View project at: https://wandb.ai/caselli-niccolo-developer-university-of-amsterdam/probe4physics
wandb: Synced 5 W&B file(s), 0 media file(s), 0 artifact file(s) and 0 other file(s)
wandb: Find logs at: ./wandb/run-20260509_134209-rkrv7dwv/logs
[I 2026-05-09 13:42:16,506] Trial 6 finished with value: 0.0 and parameters: {'lr': 1.0388823104027935e-05, 'weight_decay': 0.0007812113973534924, 'batch_size': 128, 'epochs': 100}. Best is trial 0 with value: 0.0.
wandb: setting up run vzcif0e1
wandb: Tracking run with wandb version 0.26.1
wandb: Run data is saved locally in /gpfs/home3/scur0511/Probe4Physics/wandb/run-20260509_134217-vzcif0e1
wandb: Run `wandb offline` to turn off syncing.
wandb: Syncing run intphys2_linear_ltx_video_layer_noise_1.0_block_48/trial_0007
wandb: ⭐️ View project at https://wandb.ai/caselli-niccolo-developer-university-of-amsterdam/probe4physics
wandb: 🚀 View run at https://wandb.ai/caselli-niccolo-developer-university-of-amsterdam/probe4physics/runs/vzcif0e1
[eval.intphys2] Starting eval | split_name=val split_dir=data/splits/intphys2 predictor_mode=from_file metadata_file=data/annotations/intphys2_metadata.csv
[eval.intphys2] Loaded split assignments | split_scenes=51 split_samples=204
[eval.intphys2] Generated predictions | n_predictions=204
[eval.intphys2] Scoring complete | accuracy=50.0000 voe_accuracy=0.0000 n_scenes=51 n_samples=204
[eval.intphys2] Artifacts written | output_dir=artifacts/probes/intphys2/intphys2_probe_linear_ltx_video_ltxv_13b_0_9_8_distilled_20260509T102820Z/layer_noise_1.0_block_48/train/trial_0007/val_eval
wandb: updating run metadata
wandb: uploading output.log; uploading wandb-summary.json; uploading config.yaml
wandb: uploading history steps 858-999, summary, console lines 0-4
wandb: 
wandb: Run history:
wandb:          epoch ▁▁▁▁▂▂▂▂▃▃▃▃▃▃▃▄▄▅▅▅▅▅▆▆▆▆▆▆▇▇▇▇▇▇▇█████
wandb: train_accuracy ▃▄▇▇▅▄▆▃▄▅▅▅▅▂▆▇▃▅▂▄▇▇▃▅█▆▇▅▄▁▆█▄▅▆▇▅▅▇▂
wandb:     train_loss ▂▂▂▃▄▃▂▁▁▃▃▂▂▂▂▂▁▁▄▅▂▃▂▃█▁▄▁▂▂▁▂▂▂▃▃▃▄▁▅
wandb:   val_accuracy ▁▁▁▁▁▁▁▁▁▁▁▁▁▁▁▁▁▁▁▁▁▁▁▁▁▁▁▁▁▁▁▁▁▁▁▁▁▁▁▁
wandb:       val_loss ▂▂▂▃▁▁▁▂▁▂▂▁▆▁▂▂▁▃▂▁▃▂▁▆▁█▁▂▂▁▁▂▅▁▂▄█▁▁▂
wandb: 
wandb: Run summary:
wandb:           best_epoch 300
wandb:    best_val_accuracy 50
wandb:        best_val_loss 0.69315
wandb: checkpoint_best_path artifacts/probes/int...
wandb: checkpoint_last_path artifacts/probes/int...
wandb:      checkpoint_path artifacts/probes/int...
wandb:              dataset intphys2
wandb:      elapsed_seconds 57.21311
wandb:                epoch 1000
wandb:    feature_signature cc5f37ae8af7ba58
wandb:                  +22 ...
wandb: 
wandb: 🚀 View run intphys2_linear_ltx_video_layer_noise_1.0_block_48/trial_0007 at: https://wandb.ai/caselli-niccolo-developer-university-of-amsterdam/probe4physics/runs/vzcif0e1
wandb: ⭐️ View project at: https://wandb.ai/caselli-niccolo-developer-university-of-amsterdam/probe4physics
wandb: Synced 5 W&B file(s), 0 media file(s), 0 artifact file(s) and 0 other file(s)
wandb: Find logs at: ./wandb/run-20260509_134217-vzcif0e1/logs
[I 2026-05-09 13:43:17,552] Trial 7 finished with value: 0.0 and parameters: {'lr': 8.569331925053983e-05, 'weight_decay': 8.93511059033186e-07, 'batch_size': 128, 'epochs': 1000}. Best is trial 0 with value: 0.0.
wandb: setting up run zl7mnqee
wandb: Tracking run with wandb version 0.26.1
wandb: Run data is saved locally in /gpfs/home3/scur0511/Probe4Physics/wandb/run-20260509_134318-zl7mnqee
wandb: Run `wandb offline` to turn off syncing.
wandb: Syncing run intphys2_linear_ltx_video_layer_noise_1.0_block_48/trial_0008
wandb: ⭐️ View project at https://wandb.ai/caselli-niccolo-developer-university-of-amsterdam/probe4physics
wandb: 🚀 View run at https://wandb.ai/caselli-niccolo-developer-university-of-amsterdam/probe4physics/runs/zl7mnqee
[eval.intphys2] Starting eval | split_name=val split_dir=data/splits/intphys2 predictor_mode=from_file metadata_file=data/annotations/intphys2_metadata.csv
[eval.intphys2] Loaded split assignments | split_scenes=51 split_samples=204
[eval.intphys2] Generated predictions | n_predictions=204
[eval.intphys2] Scoring complete | accuracy=50.0000 voe_accuracy=0.0000 n_scenes=51 n_samples=204
[eval.intphys2] Artifacts written | output_dir=artifacts/probes/intphys2/intphys2_probe_linear_ltx_video_ltxv_13b_0_9_8_distilled_20260509T102820Z/layer_noise_1.0_block_48/train/trial_0008/val_eval
wandb: updating run metadata; uploading wandb-metadata.json; uploading requirements.txt
wandb: updating run metadata
wandb: uploading output.log; uploading wandb-summary.json; uploading config.yaml
wandb: 
wandb: Run history:
wandb:          epoch ▁▁▁▁▂▂▂▂▃▃▃▃▃▃▃▄▄▄▄▄▄▅▅▅▅▅▅▆▆▆▇▇▇▇▇▇████
wandb: train_accuracy ▆▅▄▅▅▆█▃▄▄▄▄▁▅▂▆▇▃▂█▅▄▄▂▅▆▄▄█▄▄▄▄▇▄▅▃▅▁▆
wandb:     train_loss █▆▄▃▂▂▂▂▁▁▁▁▁▁▁▁▁▁▁▁▁▁▁▁▁▂▂▂▁▂▁▁▁▁▁▁▁▁▁▁
wandb:   val_accuracy ▁▁▁▁▁▁▁▁▁▁▁▁▁▁▁▁▁▁▁▁▁▁▁▁▁▁▁▁▁▁▁▁▁▁▁▁▁▁▁▁
wandb:       val_loss ▁█▇▁▆▁▂▂▁▁▁▁▁▁▁▁▁▁▁▁▁▁▁▂▂▁▁▂▁▁▁▁▂▁▁▁▁▁▁▁
wandb: 
wandb: Run summary:
wandb:           best_epoch 25
wandb:    best_val_accuracy 50
wandb:        best_val_loss 0.69322
wandb: checkpoint_best_path artifacts/probes/int...
wandb: checkpoint_last_path artifacts/probes/int...
wandb:      checkpoint_path artifacts/probes/int...
wandb:              dataset intphys2
wandb:      elapsed_seconds 5.08865
wandb:                epoch 100
wandb:    feature_signature cc5f37ae8af7ba58
wandb:                  +22 ...
wandb: 
wandb: 🚀 View run intphys2_linear_ltx_video_layer_noise_1.0_block_48/trial_0008 at: https://wandb.ai/caselli-niccolo-developer-university-of-amsterdam/probe4physics/runs/zl7mnqee
wandb: ⭐️ View project at: https://wandb.ai/caselli-niccolo-developer-university-of-amsterdam/probe4physics
wandb: Synced 5 W&B file(s), 0 media file(s), 0 artifact file(s) and 0 other file(s)
wandb: Find logs at: ./wandb/run-20260509_134318-zl7mnqee/logs
[I 2026-05-09 13:43:25,501] Trial 8 finished with value: 0.0 and parameters: {'lr': 0.0003699972431463808, 'weight_decay': 3.6749049453053196e-06, 'batch_size': 256, 'epochs': 100}. Best is trial 0 with value: 0.0.
wandb: setting up run 77j05tt3
wandb: Tracking run with wandb version 0.26.1
wandb: Run data is saved locally in /gpfs/home3/scur0511/Probe4Physics/wandb/run-20260509_134326-77j05tt3
wandb: Run `wandb offline` to turn off syncing.
wandb: Syncing run intphys2_linear_ltx_video_layer_noise_1.0_block_48/trial_0009
wandb: ⭐️ View project at https://wandb.ai/caselli-niccolo-developer-university-of-amsterdam/probe4physics
wandb: 🚀 View run at https://wandb.ai/caselli-niccolo-developer-university-of-amsterdam/probe4physics/runs/77j05tt3
[eval.intphys2] Starting eval | split_name=val split_dir=data/splits/intphys2 predictor_mode=from_file metadata_file=data/annotations/intphys2_metadata.csv
[eval.intphys2] Loaded split assignments | split_scenes=51 split_samples=204
[eval.intphys2] Generated predictions | n_predictions=204
[eval.intphys2] Scoring complete | accuracy=50.0000 voe_accuracy=0.0000 n_scenes=51 n_samples=204
[eval.intphys2] Artifacts written | output_dir=artifacts/probes/intphys2/intphys2_probe_linear_ltx_video_ltxv_13b_0_9_8_distilled_20260509T102820Z/layer_noise_1.0_block_48/train/trial_0009/val_eval
wandb: updating run metadata
wandb: uploading output.log; uploading wandb-summary.json; uploading config.yaml
wandb: 
wandb: Run history:
wandb:          epoch ▁▁▁▁▂▂▂▂▃▃▃▄▄▄▄▄▅▅▅▅▅▅▅▅▅▅▆▆▆▆▆▆▆▆▆▇▇███
wandb: train_accuracy ▂▂▄▂▄▄▄▇█▃█▅▅█▄▆▃▅▇▁▄▇▄▂▂▃▅▅▄▄▇▅▄▅▅▄▂▃▇▆
wandb:     train_loss █▁▁▂▁▂▁▂▄▂▂▂▄▄▃▂▂▂▁▁▁▁▂▂▁▅▃▂▃▂▂▁▁▂▄▂▂▃▃▂
wandb:   val_accuracy ▁▁▁▁▁▁▁▁▁▁▁▁▁▁▁▁▁▁▁▁▁▁▁▁▁▁▁▁▁▁▁▁▁▁▁▁▁▁▁▁
wandb:       val_loss ▁▅▂▁█▂▄▁▁▁▁▄▄▅▂▁▃▁▃▂▁▁▂▁▃▅▄▄▂▁▃▂▁▂▁▁▃▅▁▃
wandb: 
wandb: Run summary:
wandb:           best_epoch 362
wandb:    best_val_accuracy 50
wandb:        best_val_loss 0.69315
wandb: checkpoint_best_path artifacts/probes/int...
wandb: checkpoint_last_path artifacts/probes/int...
wandb:      checkpoint_path artifacts/probes/int...
wandb:              dataset intphys2
wandb:      elapsed_seconds 55.38071
wandb:                epoch 1000
wandb:    feature_signature cc5f37ae8af7ba58
wandb:                  +22 ...
wandb: 
wandb: 🚀 View run intphys2_linear_ltx_video_layer_noise_1.0_block_48/trial_0009 at: https://wandb.ai/caselli-niccolo-developer-university-of-amsterdam/probe4physics/runs/77j05tt3
wandb: ⭐️ View project at: https://wandb.ai/caselli-niccolo-developer-university-of-amsterdam/probe4physics
wandb: Synced 5 W&B file(s), 0 media file(s), 0 artifact file(s) and 0 other file(s)
wandb: Find logs at: ./wandb/run-20260509_134326-77j05tt3/logs
[I 2026-05-09 13:44:24,657] Trial 9 finished with value: 0.0 and parameters: {'lr': 4.857295179217165e-05, 'weight_decay': 2.8965395242758635e-08, 'batch_size': 128, 'epochs': 1000}. Best is trial 0 with value: 0.0.
wandb: setting up run o0m717wh
wandb: Tracking run with wandb version 0.26.1
wandb: Run data is saved locally in /gpfs/home3/scur0511/Probe4Physics/wandb/run-20260509_134425-o0m717wh
wandb: Run `wandb offline` to turn off syncing.
wandb: Syncing run intphys2_linear_ltx_video_layer_noise_1.0_block_48/trial_0010
wandb: ⭐️ View project at https://wandb.ai/caselli-niccolo-developer-university-of-amsterdam/probe4physics
wandb: 🚀 View run at https://wandb.ai/caselli-niccolo-developer-university-of-amsterdam/probe4physics/runs/o0m717wh
[eval.intphys2] Starting eval | split_name=val split_dir=data/splits/intphys2 predictor_mode=from_file metadata_file=data/annotations/intphys2_metadata.csv
[eval.intphys2] Loaded split assignments | split_scenes=51 split_samples=204
[eval.intphys2] Generated predictions | n_predictions=204
[eval.intphys2] Scoring complete | accuracy=50.0000 voe_accuracy=0.0000 n_scenes=51 n_samples=204
[eval.intphys2] Artifacts written | output_dir=artifacts/probes/intphys2/intphys2_probe_linear_ltx_video_ltxv_13b_0_9_8_distilled_20260509T102820Z/layer_noise_1.0_block_48/train/trial_0010/val_eval
wandb: updating run metadata
wandb: uploading config.yaml; uploading output.log; uploading wandb-summary.json
wandb: 
wandb: Run history:
wandb:          epoch ▁▁▁▁▁▂▂▂▂▂▂▂▃▃▃▄▄▄▄▄▄▄▄▄▅▅▅▅▅▆▆▆▇▇▇▇▇███
wandb: train_accuracy ▂▅▄▁▃▅▃▅▄▃▄▃▄▃▆▆▅▃▇▅▄▃▄▅▆▅▃▅▅█▃▄▃▄▃▄▆▁▄▂
wandb:     train_loss ▇▄▆▅▂▄▃▃▃▄▁█▃▂▃▄▂▃▂▁▄▃▂▂▆▃▅▃▅▄▄▂▃▇▃▆▂▃▂▁
wandb:   val_accuracy ▁▁▁▁▁▁▁▁▁▁▁▁▁▁▁▁▁▁▁▁▁▁▁▁▁▁▁▁▁▁▁▁▁▁▁▁▁▁▁▁
wandb:       val_loss ▂▂▄▁▄▆▁▃▁▃▁▁▁▁▇▂▂▂█▇▄▅▂▁▂▁▂▂▄▅▂▄▃▂▃▅▂▃▃▁
wandb: 
wandb: Run summary:
wandb:           best_epoch 1901
wandb:    best_val_accuracy 50
wandb:        best_val_loss 0.69316
wandb: checkpoint_best_path artifacts/probes/int...
wandb: checkpoint_last_path artifacts/probes/int...
wandb:      checkpoint_path artifacts/probes/int...
wandb:              dataset intphys2
wandb:      elapsed_seconds 172.79764
wandb:                epoch 2000
wandb:    feature_signature cc5f37ae8af7ba58
wandb:                  +22 ...
wandb: 
wandb: 🚀 View run intphys2_linear_ltx_video_layer_noise_1.0_block_48/trial_0010 at: https://wandb.ai/caselli-niccolo-developer-university-of-amsterdam/probe4physics/runs/o0m717wh
wandb: ⭐️ View project at: https://wandb.ai/caselli-niccolo-developer-university-of-amsterdam/probe4physics
wandb: Synced 5 W&B file(s), 0 media file(s), 0 artifact file(s) and 0 other file(s)
wandb: Find logs at: ./wandb/run-20260509_134425-o0m717wh/logs
[I 2026-05-09 13:47:20,887] Trial 10 finished with value: 0.0 and parameters: {'lr': 0.002146403547714585, 'weight_decay': 0.003955232336089218, 'batch_size': 64, 'epochs': 2000}. Best is trial 0 with value: 0.0.
wandb: setting up run nk9n0bq0
wandb: Tracking run with wandb version 0.26.1
wandb: Run data is saved locally in /gpfs/home3/scur0511/Probe4Physics/wandb/run-20260509_134721-nk9n0bq0
wandb: Run `wandb offline` to turn off syncing.
wandb: Syncing run intphys2_linear_ltx_video_layer_noise_1.0_block_48/trial_0011
wandb: ⭐️ View project at https://wandb.ai/caselli-niccolo-developer-university-of-amsterdam/probe4physics
wandb: 🚀 View run at https://wandb.ai/caselli-niccolo-developer-university-of-amsterdam/probe4physics/runs/nk9n0bq0
[eval.intphys2] Starting eval | split_name=val split_dir=data/splits/intphys2 predictor_mode=from_file metadata_file=data/annotations/intphys2_metadata.csv
[eval.intphys2] Loaded split assignments | split_scenes=51 split_samples=204
[eval.intphys2] Generated predictions | n_predictions=204
[eval.intphys2] Scoring complete | accuracy=50.0000 voe_accuracy=0.0000 n_scenes=51 n_samples=204
[eval.intphys2] Artifacts written | output_dir=artifacts/probes/intphys2/intphys2_probe_linear_ltx_video_ltxv_13b_0_9_8_distilled_20260509T102820Z/layer_noise_1.0_block_48/train/trial_0011/val_eval
wandb: updating run metadata
wandb: uploading wandb-metadata.json; uploading requirements.txt; uploading output.log; uploading wandb-summary.json; uploading config.yaml
wandb: uploading history steps 0-19, summary, console lines 0-4
wandb: 
wandb: Run history:
wandb:          epoch ▁▁▂▂▂▃▃▄▄▄▅▅▅▆▆▇▇▇██
wandb: train_accuracy ▃▅█▄▃▅▅▅▅▅▄▅▃▅▅▅▄▂▁▄
wandb:     train_loss █▄▂▂▂▂▅▃▅▂▂▂▁▂▃▃▂▂▁▁
wandb:   val_accuracy ▁▁▁▁▁▁▁▁▁▁▁▁▁▁▁▁▁▁▁▁
wandb:       val_loss █▃▁▃▄▄▄▇▄▃▃▁▂▃▁▅▂▂▂▁
wandb: 
wandb: Run summary:
wandb:           best_epoch 12
wandb:    best_val_accuracy 50
wandb:        best_val_loss 11.44187
wandb: checkpoint_best_path artifacts/probes/int...
wandb: checkpoint_last_path artifacts/probes/int...
wandb:      checkpoint_path artifacts/probes/int...
wandb:              dataset intphys2
wandb:      elapsed_seconds 1.83458
wandb:                epoch 20
wandb:    feature_signature cc5f37ae8af7ba58
wandb:                  +22 ...
wandb: 
wandb: 🚀 View run intphys2_linear_ltx_video_layer_noise_1.0_block_48/trial_0011 at: https://wandb.ai/caselli-niccolo-developer-university-of-amsterdam/probe4physics/runs/nk9n0bq0
wandb: ⭐️ View project at: https://wandb.ai/caselli-niccolo-developer-university-of-amsterdam/probe4physics
wandb: Synced 5 W&B file(s), 0 media file(s), 0 artifact file(s) and 0 other file(s)
wandb: Find logs at: ./wandb/run-20260509_134721-nk9n0bq0/logs
[I 2026-05-09 13:47:24,292] Trial 11 finished with value: 0.0 and parameters: {'lr': 0.006290638535730336, 'weight_decay': 3.099069456180075e-05, 'batch_size': 256, 'epochs': 20}. Best is trial 0 with value: 0.0.
wandb: setting up run hva0wjdl
wandb: Tracking run with wandb version 0.26.1
wandb: Run data is saved locally in /gpfs/home3/scur0511/Probe4Physics/wandb/run-20260509_134724-hva0wjdl
wandb: Run `wandb offline` to turn off syncing.
wandb: Syncing run intphys2_linear_ltx_video_layer_noise_1.0_block_48/trial_0012
wandb: ⭐️ View project at https://wandb.ai/caselli-niccolo-developer-university-of-amsterdam/probe4physics
wandb: 🚀 View run at https://wandb.ai/caselli-niccolo-developer-university-of-amsterdam/probe4physics/runs/hva0wjdl
[eval.intphys2] Starting eval | split_name=val split_dir=data/splits/intphys2 predictor_mode=from_file metadata_file=data/annotations/intphys2_metadata.csv
[eval.intphys2] Loaded split assignments | split_scenes=51 split_samples=204
[eval.intphys2] Generated predictions | n_predictions=204
[eval.intphys2] Scoring complete | accuracy=50.0000 voe_accuracy=0.0000 n_scenes=51 n_samples=204
[eval.intphys2] Artifacts written | output_dir=artifacts/probes/intphys2/intphys2_probe_linear_ltx_video_ltxv_13b_0_9_8_distilled_20260509T102820Z/layer_noise_1.0_block_48/train/trial_0012/val_eval
wandb: updating run metadata
wandb: 
wandb: Run history:
wandb:          epoch ▁▁▁▁▁▂▂▂▂▃▃▃▃▃▄▅▅▅▅▅▅▅▅▅▅▅▅▆▆▆▆▆▇▇▇▇████
wandb: train_accuracy ▁▆▂▄▄▂▃▇▇▁▄█▄█▆▄▄▃▆▅▆▄▄▆▄▄▁▄▇▄▆▄█▄▄▄▄▅▁▄
wandb:     train_loss ▆▂▂▂▂▁▃▃▂▃▆▂▁▁▂█▂▂▁▄▂▂▂▁▃▄▂▂▄▃▂▃▂▁▁▄▂▃▁▄
wandb:   val_accuracy ▁▁▁▁▁▁▁▁▁▁▁▁▁▁▁▁▁▁▁▁▁▁▁▁▁▁▁▁▁▁▁▁▁▁▁▁▁▁▁▁
wandb:       val_loss █▁▁▂▁▄▃▂▂▂▁▁▃▃▁▁▁▃▁▂▁▂▂▂▂▃▁▁▃▂▁▁▂▂▂▅▂▁▁▁
wandb: 
wandb: Run summary:
wandb:           best_epoch 903
wandb:    best_val_accuracy 50
wandb:        best_val_loss 0.69315
wandb: checkpoint_best_path artifacts/probes/int...
wandb: checkpoint_last_path artifacts/probes/int...
wandb:      checkpoint_path artifacts/probes/int...
wandb:              dataset intphys2
wandb:      elapsed_seconds 150.11753
wandb:                epoch 2000
wandb:    feature_signature cc5f37ae8af7ba58
wandb:                  +22 ...
wandb: 
wandb: 🚀 View run intphys2_linear_ltx_video_layer_noise_1.0_block_48/trial_0012 at: https://wandb.ai/caselli-niccolo-developer-university-of-amsterdam/probe4physics/runs/hva0wjdl
wandb: ⭐️ View project at: https://wandb.ai/caselli-niccolo-developer-university-of-amsterdam/probe4physics
wandb: Synced 5 W&B file(s), 0 media file(s), 0 artifact file(s) and 0 other file(s)
wandb: Find logs at: ./wandb/run-20260509_134724-hva0wjdl/logs
[I 2026-05-09 13:49:57,855] Trial 12 finished with value: 0.0 and parameters: {'lr': 0.0017138890273524052, 'weight_decay': 2.8103024558302232e-05, 'batch_size': 256, 'epochs': 2000}. Best is trial 0 with value: 0.0.
wandb: setting up run 9awfhlb7
wandb: Tracking run with wandb version 0.26.1
wandb: Run data is saved locally in /gpfs/home3/scur0511/Probe4Physics/wandb/run-20260509_134958-9awfhlb7
wandb: Run `wandb offline` to turn off syncing.
wandb: Syncing run intphys2_linear_ltx_video_layer_noise_1.0_block_48/trial_0013
wandb: ⭐️ View project at https://wandb.ai/caselli-niccolo-developer-university-of-amsterdam/probe4physics
wandb: 🚀 View run at https://wandb.ai/caselli-niccolo-developer-university-of-amsterdam/probe4physics/runs/9awfhlb7
[eval.intphys2] Starting eval | split_name=val split_dir=data/splits/intphys2 predictor_mode=from_file metadata_file=data/annotations/intphys2_metadata.csv
[eval.intphys2] Loaded split assignments | split_scenes=51 split_samples=204
[eval.intphys2] Generated predictions | n_predictions=204
[eval.intphys2] Scoring complete | accuracy=50.0000 voe_accuracy=0.0000 n_scenes=51 n_samples=204
[eval.intphys2] Artifacts written | output_dir=artifacts/probes/intphys2/intphys2_probe_linear_ltx_video_ltxv_13b_0_9_8_distilled_20260509T102820Z/layer_noise_1.0_block_48/train/trial_0013/val_eval
wandb: updating run metadata
wandb: uploading config.yaml
wandb: 
wandb: Run history:
wandb:          epoch ▁▁▁▁▁▂▂▂▂▂▃▃▃▃▃▄▄▄▄▄▅▅▅▅▅▆▆▆▆▆▆▆▇▇▇▇▇███
wandb: train_accuracy ▇█▇▆▇▄▆▆▆▅▆▅▅█▆▃█▁▇▅▅█▄▄█▇▅▆▅▅▆▆▆▇▅▆▇▅▅▆
wandb:     train_loss ▁▂▁▆▂▃▂▁▃▂▄▃▁▁▄▂▃▄▁▃▂▁▂█▃▃▃▂▁▂▄▂▄▄▂▂▂▁▄▂
wandb:   val_accuracy ▁▁▁▁▁▁▁▁▁▁▁▁▁▁▁▁▁▁▁▁▁▁▁▁▁▁▁▁▁▁▁▁▁▁▁▁▁▁▁▁
wandb:       val_loss ▁▂▄▂▂▂▂▁▁▁▂▁▂▁▅▂▃▂▂▁▂▂▁▁▂▂▂▇▇▂▁▃▂▃▂██▂▂▁
wandb: 
wandb: Run summary:
wandb:           best_epoch 89
wandb:    best_val_accuracy 50
wandb:        best_val_loss 0.69315
wandb: checkpoint_best_path artifacts/probes/int...
wandb: checkpoint_last_path artifacts/probes/int...
wandb:      checkpoint_path artifacts/probes/int...
wandb:              dataset intphys2
wandb:      elapsed_seconds 170.12195
wandb:                epoch 2000
wandb:    feature_signature cc5f37ae8af7ba58
wandb:                  +22 ...
wandb: 
wandb: 🚀 View run intphys2_linear_ltx_video_layer_noise_1.0_block_48/trial_0013 at: https://wandb.ai/caselli-niccolo-developer-university-of-amsterdam/probe4physics/runs/9awfhlb7
wandb: ⭐️ View project at: https://wandb.ai/caselli-niccolo-developer-university-of-amsterdam/probe4physics
wandb: Synced 5 W&B file(s), 0 media file(s), 0 artifact file(s) and 0 other file(s)
wandb: Find logs at: ./wandb/run-20260509_134958-9awfhlb7/logs
[I 2026-05-09 13:52:52,456] Trial 13 finished with value: 0.0 and parameters: {'lr': 0.0009827696709910616, 'weight_decay': 0.008946810000979412, 'batch_size': 64, 'epochs': 2000}. Best is trial 0 with value: 0.0.
wandb: setting up run p5sswj1h
wandb: Tracking run with wandb version 0.26.1
wandb: Run data is saved locally in /gpfs/home3/scur0511/Probe4Physics/wandb/run-20260509_135253-p5sswj1h
wandb: Run `wandb offline` to turn off syncing.
wandb: Syncing run intphys2_linear_ltx_video_layer_noise_1.0_block_48/trial_0014
wandb: ⭐️ View project at https://wandb.ai/caselli-niccolo-developer-university-of-amsterdam/probe4physics
wandb: 🚀 View run at https://wandb.ai/caselli-niccolo-developer-university-of-amsterdam/probe4physics/runs/p5sswj1h
[eval.intphys2] Starting eval | split_name=val split_dir=data/splits/intphys2 predictor_mode=from_file metadata_file=data/annotations/intphys2_metadata.csv
[eval.intphys2] Loaded split assignments | split_scenes=51 split_samples=204
[eval.intphys2] Generated predictions | n_predictions=204
[eval.intphys2] Scoring complete | accuracy=50.0000 voe_accuracy=0.0000 n_scenes=51 n_samples=204
[eval.intphys2] Artifacts written | output_dir=artifacts/probes/intphys2/intphys2_probe_linear_ltx_video_ltxv_13b_0_9_8_distilled_20260509T102820Z/layer_noise_1.0_block_48/train/trial_0014/val_eval
wandb: updating run metadata
wandb: uploading output.log; uploading wandb-summary.json; uploading config.yaml
wandb: 
wandb: Run history:
wandb:          epoch ▁▁▁▁▁▂▂▂▂▂▂▃▃▃▃▃▃▃▃▄▄▄▄▄▅▅▅▅▆▆▆▆▆▆▇▇▇███
wandb: train_accuracy ▅▄▃▃▅▂▁▅▄▃▄▄▄▁▄▄▃▁▄▄▄▄▃▄▃▂█▂▁▆▄▃▄▃▄▅▅▁▄▅
wandb:     train_loss ▅▂▁▅▅▂▃▄█▁▃▃▅▃▃▃█▁▃▄▅▄▅▂▃▂▃▄▁▅▃▆▃▅▄▆▆█▅▂
wandb:   val_accuracy ▁▁▁▁▁▁▁▁▁▁▁▁▁▁▁▁▁▁▁▁▁▁▁▁▁▁▁▁▁▁▁▁▁▁▁▁▁▁▁▁
wandb:       val_loss █▂▃▁▄█▄▃▂▁▅▆▁▅▂▄▂█▃▄▆▁▅▄▅▄▄▁▅▂▁▅▅▅▆▄▃▃▂▆
wandb: 
wandb: Run summary:
wandb:           best_epoch 26
wandb:    best_val_accuracy 50
wandb:        best_val_loss 1.73967
wandb: checkpoint_best_path artifacts/probes/int...
wandb: checkpoint_last_path artifacts/probes/int...
wandb:      checkpoint_path artifacts/probes/int...
wandb:              dataset intphys2
wandb:      elapsed_seconds 6.85504
wandb:                epoch 100
wandb:    feature_signature cc5f37ae8af7ba58
wandb:                  +22 ...
wandb: 
wandb: 🚀 View run intphys2_linear_ltx_video_layer_noise_1.0_block_48/trial_0014 at: https://wandb.ai/caselli-niccolo-developer-university-of-amsterdam/probe4physics/runs/p5sswj1h
wandb: ⭐️ View project at: https://wandb.ai/caselli-niccolo-developer-university-of-amsterdam/probe4physics
wandb: Synced 5 W&B file(s), 0 media file(s), 0 artifact file(s) and 0 other file(s)
wandb: Find logs at: ./wandb/run-20260509_135253-p5sswj1h/logs
[I 2026-05-09 13:53:02,210] Trial 14 finished with value: 0.0 and parameters: {'lr': 0.009346845015219, 'weight_decay': 0.00010294317962430987, 'batch_size': 32, 'epochs': 100}. Best is trial 0 with value: 0.0.
wandb: setting up run rd7vw3q4
wandb: Tracking run with wandb version 0.26.1
wandb: Run data is saved locally in /gpfs/home3/scur0511/Probe4Physics/wandb/run-20260509_135303-rd7vw3q4
wandb: Run `wandb offline` to turn off syncing.
wandb: Syncing run intphys2_linear_ltx_video_layer_noise_1.0_block_48/trial_0015
wandb: ⭐️ View project at https://wandb.ai/caselli-niccolo-developer-university-of-amsterdam/probe4physics
wandb: 🚀 View run at https://wandb.ai/caselli-niccolo-developer-university-of-amsterdam/probe4physics/runs/rd7vw3q4
[eval.intphys2] Starting eval | split_name=val split_dir=data/splits/intphys2 predictor_mode=from_file metadata_file=data/annotations/intphys2_metadata.csv
[eval.intphys2] Loaded split assignments | split_scenes=51 split_samples=204
[eval.intphys2] Generated predictions | n_predictions=204
[eval.intphys2] Scoring complete | accuracy=50.0000 voe_accuracy=0.0000 n_scenes=51 n_samples=204
[eval.intphys2] Artifacts written | output_dir=artifacts/probes/intphys2/intphys2_probe_linear_ltx_video_ltxv_13b_0_9_8_distilled_20260509T102820Z/layer_noise_1.0_block_48/train/trial_0015/val_eval
wandb: updating run metadata
wandb: uploading config.yaml; uploading output.log; uploading wandb-summary.json
wandb: uploading history steps 368-499, summary, console lines 0-4
wandb: 
wandb: Run history:
wandb:          epoch ▁▁▁▁▁▁▂▂▂▂▂▂▂▃▃▄▄▄▄▄▄▄▄▅▅▅▅▅▅▅▆▆▆▇▇▇▇▇▇█
wandb: train_accuracy ▄▄▄▄▄▄▄▄▄▄▄▄▄▃▄▄▄▃▂▄█▄▄▄▂▆▄▄▄▁▄▄▃▇▄▄▃▄▄▃
wandb:     train_loss ▂█▁▁▁▁▁▁▁▁▁▁▁▁▁▁▁▁▁▁▁▁▁▁▁▁▁▁▁▁▁▁▁▁▁▁▁▁▁▁
wandb:   val_accuracy ▁▁▁▁▁▁▁▁▁▁▁▁▁▁▁▁▁▁▁▁▁▁▁▁▁▁▁▁▁▁▁▁▁▁▁▁▁▁▁▁
wandb:       val_loss █▃▁▁▁▁▁▁▁▁▁▁▁▁▁▁▁▁▁▁▁▁▁▁▁▁▁▁▁▁▁▁▁▁▁▁▁▁▁▁
wandb: 
wandb: Run summary:
wandb:           best_epoch 119
wandb:    best_val_accuracy 50
wandb:        best_val_loss 0.69315
wandb: checkpoint_best_path artifacts/probes/int...
wandb: checkpoint_last_path artifacts/probes/int...
wandb:      checkpoint_path artifacts/probes/int...
wandb:              dataset intphys2
wandb:      elapsed_seconds 23.38167
wandb:                epoch 500
wandb:    feature_signature cc5f37ae8af7ba58
wandb:                  +22 ...
wandb: 
wandb: 🚀 View run intphys2_linear_ltx_video_layer_noise_1.0_block_48/trial_0015 at: https://wandb.ai/caselli-niccolo-developer-university-of-amsterdam/probe4physics/runs/rd7vw3q4
wandb: ⭐️ View project at: https://wandb.ai/caselli-niccolo-developer-university-of-amsterdam/probe4physics
wandb: Synced 5 W&B file(s), 0 media file(s), 0 artifact file(s) and 0 other file(s)
wandb: Find logs at: ./wandb/run-20260509_135303-rd7vw3q4/logs
[I 2026-05-09 13:53:27,682] Trial 15 finished with value: 0.0 and parameters: {'lr': 1.9592076566280752e-05, 'weight_decay': 5.807862910443679e-06, 'batch_size': 256, 'epochs': 500}. Best is trial 0 with value: 0.0.
wandb: setting up run q9dd05ho
wandb: Tracking run with wandb version 0.26.1
wandb: Run data is saved locally in /gpfs/home3/scur0511/Probe4Physics/wandb/run-20260509_135328-q9dd05ho
wandb: Run `wandb offline` to turn off syncing.
wandb: Syncing run intphys2_linear_ltx_video_layer_noise_1.0_block_48/trial_0016
wandb: ⭐️ View project at https://wandb.ai/caselli-niccolo-developer-university-of-amsterdam/probe4physics
wandb: 🚀 View run at https://wandb.ai/caselli-niccolo-developer-university-of-amsterdam/probe4physics/runs/q9dd05ho
[eval.intphys2] Starting eval | split_name=val split_dir=data/splits/intphys2 predictor_mode=from_file metadata_file=data/annotations/intphys2_metadata.csv
[eval.intphys2] Loaded split assignments | split_scenes=51 split_samples=204
[eval.intphys2] Generated predictions | n_predictions=204
[eval.intphys2] Scoring complete | accuracy=50.0000 voe_accuracy=0.0000 n_scenes=51 n_samples=204
[eval.intphys2] Artifacts written | output_dir=artifacts/probes/intphys2/intphys2_probe_linear_ltx_video_ltxv_13b_0_9_8_distilled_20260509T102820Z/layer_noise_1.0_block_48/train/trial_0016/val_eval
wandb: updating run metadata
wandb: uploading wandb-metadata.json; uploading requirements.txt; uploading output.log; uploading wandb-summary.json; uploading config.yaml
wandb: 
wandb: Run history:
wandb:          epoch ▁▁▂▂▂▃▃▄▄▄▅▅▅▆▆▇▇▇██
wandb: train_accuracy ▁▄█▃▁▃▃▃▃▄▃▃▃▃▃▃▃▃▃▃
wandb:     train_loss █▄▁▁▂▂▄▃▆▂▂▂▂▁▂▁▂▁▁▂
wandb:   val_accuracy ▁▁▁▁▁▁▁▁▁▁▁▁▁▁▁▁▁▁▁▁
wandb:       val_loss █▃▂▃▅▄▄▇▄▃▃▃▁▂▂▂▂▂▂▁
wandb: 
wandb: Run summary:
wandb:           best_epoch 20
wandb:    best_val_accuracy 50
wandb:        best_val_loss 7.0384
wandb: checkpoint_best_path artifacts/probes/int...
wandb: checkpoint_last_path artifacts/probes/int...
wandb:      checkpoint_path artifacts/probes/int...
wandb:              dataset intphys2
wandb:      elapsed_seconds 2.37868
wandb:                epoch 20
wandb:    feature_signature cc5f37ae8af7ba58
wandb:                  +22 ...
wandb: 
wandb: 🚀 View run intphys2_linear_ltx_video_layer_noise_1.0_block_48/trial_0016 at: https://wandb.ai/caselli-niccolo-developer-university-of-amsterdam/probe4physics/runs/q9dd05ho
wandb: ⭐️ View project at: https://wandb.ai/caselli-niccolo-developer-university-of-amsterdam/probe4physics
wandb: Synced 5 W&B file(s), 0 media file(s), 0 artifact file(s) and 0 other file(s)
wandb: Find logs at: ./wandb/run-20260509_135328-q9dd05ho/logs
[I 2026-05-09 13:53:31,710] Trial 16 finished with value: 0.0 and parameters: {'lr': 0.0035459485775337835, 'weight_decay': 2.1424483808604603e-06, 'batch_size': 256, 'epochs': 20}. Best is trial 0 with value: 0.0.
wandb: setting up run 1ufcqrgf
wandb: Tracking run with wandb version 0.26.1
wandb: Run data is saved locally in /gpfs/home3/scur0511/Probe4Physics/wandb/run-20260509_135332-1ufcqrgf
wandb: Run `wandb offline` to turn off syncing.
wandb: Syncing run intphys2_linear_ltx_video_layer_noise_1.0_block_48/trial_0017
wandb: ⭐️ View project at https://wandb.ai/caselli-niccolo-developer-university-of-amsterdam/probe4physics
wandb: 🚀 View run at https://wandb.ai/caselli-niccolo-developer-university-of-amsterdam/probe4physics/runs/1ufcqrgf
[eval.intphys2] Starting eval | split_name=val split_dir=data/splits/intphys2 predictor_mode=from_file metadata_file=data/annotations/intphys2_metadata.csv
[eval.intphys2] Loaded split assignments | split_scenes=51 split_samples=204
[eval.intphys2] Generated predictions | n_predictions=204
[eval.intphys2] Scoring complete | accuracy=50.0000 voe_accuracy=0.0000 n_scenes=51 n_samples=204
[eval.intphys2] Artifacts written | output_dir=artifacts/probes/intphys2/intphys2_probe_linear_ltx_video_ltxv_13b_0_9_8_distilled_20260509T102820Z/layer_noise_1.0_block_48/train/trial_0017/val_eval
wandb: updating run metadata
wandb: uploading config.yaml; uploading output.log; uploading wandb-summary.json
wandb: 
wandb: Run history:
wandb:          epoch ▁▁▁▁▂▂▂▂▂▂▃▃▃▄▄▄▄▄▅▅▅▅▅▅▅▆▆▆▆▆▆▆▇▇▇▇▇███
wandb: train_accuracy ▆▂▆▆▃▃▁▅▄▆▃█▂▄▃▇▃▄▃▄▄▇▇▇█▄▅█▅▂▅▁▅▅█▅▃▆▂▃
wandb:     train_loss ▃▁▄▁▃▂▃▃▃█▃▂▃▂▃▃▄▁▃▄▅▂▁▂▂▆▂▁▄▂▃▃▅▄▃▃▄▁▃▄
wandb:   val_accuracy ▁▁▁▁▁▁▁▁▁▁▁▁▁▁▁▁▁▁▁▁▁▁▁▁▁▁▁▁▁▁▁▁▁▁▁▁▁▁▁▁
wandb:       val_loss ▅▄▂▁▄▃▁▃▁▁▄▃▆▄▃▄▄▂▁▃▃▅▃▆▅▄▂▃█▂▅▁▁▄▃▆▄█▅▃
wandb: 
wandb: Run summary:
wandb:           best_epoch 1567
wandb:    best_val_accuracy 50
wandb:        best_val_loss 0.69315
wandb: checkpoint_best_path artifacts/probes/int...
wandb: checkpoint_last_path artifacts/probes/int...
wandb:      checkpoint_path artifacts/probes/int...
wandb:              dataset intphys2
wandb:      elapsed_seconds 184.31948
wandb:                epoch 2000
wandb:    feature_signature cc5f37ae8af7ba58
wandb:                  +22 ...
wandb: 
wandb: 🚀 View run intphys2_linear_ltx_video_layer_noise_1.0_block_48/trial_0017 at: https://wandb.ai/caselli-niccolo-developer-university-of-amsterdam/probe4physics/runs/1ufcqrgf
wandb: ⭐️ View project at: https://wandb.ai/caselli-niccolo-developer-university-of-amsterdam/probe4physics
wandb: Synced 5 W&B file(s), 0 media file(s), 0 artifact file(s) and 0 other file(s)
wandb: Find logs at: ./wandb/run-20260509_135332-1ufcqrgf/logs
[I 2026-05-09 13:56:40,133] Trial 17 finished with value: 0.0 and parameters: {'lr': 0.0007948707226799964, 'weight_decay': 1.4239225315245903e-08, 'batch_size': 32, 'epochs': 2000}. Best is trial 0 with value: 0.0.
wandb: setting up run 7pockgs0
wandb: Tracking run with wandb version 0.26.1
wandb: Run data is saved locally in /gpfs/home3/scur0511/Probe4Physics/wandb/run-20260509_135640-7pockgs0
wandb: Run `wandb offline` to turn off syncing.
wandb: Syncing run intphys2_linear_ltx_video_layer_noise_1.0_block_48/trial_0018
wandb: ⭐️ View project at https://wandb.ai/caselli-niccolo-developer-university-of-amsterdam/probe4physics
wandb: 🚀 View run at https://wandb.ai/caselli-niccolo-developer-university-of-amsterdam/probe4physics/runs/7pockgs0
[eval.intphys2] Starting eval | split_name=val split_dir=data/splits/intphys2 predictor_mode=from_file metadata_file=data/annotations/intphys2_metadata.csv
[eval.intphys2] Loaded split assignments | split_scenes=51 split_samples=204
[eval.intphys2] Generated predictions | n_predictions=204
[eval.intphys2] Scoring complete | accuracy=50.0000 voe_accuracy=0.0000 n_scenes=51 n_samples=204
[eval.intphys2] Artifacts written | output_dir=artifacts/probes/intphys2/intphys2_probe_linear_ltx_video_ltxv_13b_0_9_8_distilled_20260509T102820Z/layer_noise_1.0_block_48/train/trial_0018/val_eval
wandb: updating run metadata
wandb: uploading history steps 0-99, summary, console lines 0-4
wandb: 
wandb: Run history:
wandb:          epoch ▁▁▁▂▂▂▂▂▂▂▃▃▃▃▃▃▄▄▄▄▄▅▅▅▅▅▆▆▆▆▇▇▇▇▇▇▇███
wandb: train_accuracy ▅▄▁▄▄▅▃▅█▃▇▅▃▆▄▅▅▅▄▇▄▅▆▃▅▄▃▄▅▃▆▃▆▆▄▆▅▅▇▅
wandb:     train_loss █▅▁▁▁▁▁▁▂▁▁▁▁▂▂▁▃▃▁▂▁▁▁▂▂▁▁▁▁▁▂▁▁▂▂▃▃▁▂▃
wandb:   val_accuracy ▁▁▁▁▁▁▁▁▁▁▁▁▁▁▁▁▁▁▁▁▁▁▁▁▁▁▁▁▁▁▁▁▁▁▁▁▁▁▁▁
wandb:       val_loss █▁▁▂▂▂▁▂▂▁▂▃▁▂▁▃▁▁▁▁▂▁▃▁▁▃▁▁▁▁▁▃▂▁▁▇▁▁▂▂
wandb: 
wandb: Run summary:
wandb:           best_epoch 78
wandb:    best_val_accuracy 50
wandb:        best_val_loss 0.69315
wandb: checkpoint_best_path artifacts/probes/int...
wandb: checkpoint_last_path artifacts/probes/int...
wandb:      checkpoint_path artifacts/probes/int...
wandb:              dataset intphys2
wandb:      elapsed_seconds 5.7531
wandb:                epoch 100
wandb:    feature_signature cc5f37ae8af7ba58
wandb:                  +22 ...
wandb: 
wandb: 🚀 View run intphys2_linear_ltx_video_layer_noise_1.0_block_48/trial_0018 at: https://wandb.ai/caselli-niccolo-developer-university-of-amsterdam/probe4physics/runs/7pockgs0
wandb: ⭐️ View project at: https://wandb.ai/caselli-niccolo-developer-university-of-amsterdam/probe4physics
wandb: Synced 5 W&B file(s), 0 media file(s), 0 artifact file(s) and 0 other file(s)
wandb: Find logs at: ./wandb/run-20260509_135640-7pockgs0/logs
[I 2026-05-09 13:56:48,342] Trial 18 finished with value: 0.0 and parameters: {'lr': 4.720845304099489e-05, 'weight_decay': 1.7071783919969125e-07, 'batch_size': 64, 'epochs': 100}. Best is trial 0 with value: 0.0.
wandb: setting up run 6tso4vu7
wandb: Tracking run with wandb version 0.26.1
wandb: Run data is saved locally in /gpfs/home3/scur0511/Probe4Physics/wandb/run-20260509_135649-6tso4vu7
wandb: Run `wandb offline` to turn off syncing.
wandb: Syncing run intphys2_linear_ltx_video_layer_noise_1.0_block_48/trial_0019
wandb: ⭐️ View project at https://wandb.ai/caselli-niccolo-developer-university-of-amsterdam/probe4physics
wandb: 🚀 View run at https://wandb.ai/caselli-niccolo-developer-university-of-amsterdam/probe4physics/runs/6tso4vu7
[eval.intphys2] Starting eval | split_name=val split_dir=data/splits/intphys2 predictor_mode=from_file metadata_file=data/annotations/intphys2_metadata.csv
[eval.intphys2] Loaded split assignments | split_scenes=51 split_samples=204
[eval.intphys2] Generated predictions | n_predictions=204
[eval.intphys2] Scoring complete | accuracy=50.0000 voe_accuracy=0.0000 n_scenes=51 n_samples=204
[eval.intphys2] Artifacts written | output_dir=artifacts/probes/intphys2/intphys2_probe_linear_ltx_video_ltxv_13b_0_9_8_distilled_20260509T102820Z/layer_noise_1.0_block_48/train/trial_0019/val_eval
wandb: updating run metadata
wandb: uploading output.log; uploading wandb-summary.json; uploading config.yaml
wandb: 
wandb: Run history:
wandb:          epoch ▁▁▁▂▂▂▂▂▂▂▂▂▂▂▃▃▃▃▃▃▃▄▄▄▄▄▅▆▆▆▆▆▆▇▇█████
wandb: train_accuracy ▆▅▅▅▅▅▄▆▅▅▅▆█▃▄▆▆▄▄▄▅▃▂▃▄▆▆▇▆▆▃▄▆▄▅▁▄▂▃▅
wandb:     train_loss █▂▆▅▅▃▂▆▄▄▃▄▁▄▅▁▂▅▆▆▅▃▂▅▅▂▂▁▇▆▃▂▁▁▅▆▂▄▄▆
wandb:   val_accuracy ▁▁▁▁▁▁▁▁▁▁▁▁▁▁▁▁▁▁▁▁▁▁▁▁▁▁▁▁▁▁▁▁▁▁▁▁▁▁▁▁
wandb:       val_loss ▁█▃▁▂▂▂▂▁▁▆▅▂▁▃▂▁▁▆▃▂▁▂▁▁▁▂▃▁▃▁▁▂▄▂▂▃▂▁▂
wandb: 
wandb: Run summary:
wandb:           best_epoch 1731
wandb:    best_val_accuracy 50
wandb:        best_val_loss 0.69315
wandb: checkpoint_best_path artifacts/probes/int...
wandb: checkpoint_last_path artifacts/probes/int...
wandb:      checkpoint_path artifacts/probes/int...
wandb:              dataset intphys2
wandb:      elapsed_seconds 156.82351
wandb:                epoch 2000
wandb:    feature_signature cc5f37ae8af7ba58
wandb:                  +22 ...
wandb: 
wandb: 🚀 View run intphys2_linear_ltx_video_layer_noise_1.0_block_48/trial_0019 at: https://wandb.ai/caselli-niccolo-developer-university-of-amsterdam/probe4physics/runs/6tso4vu7
wandb: ⭐️ View project at: https://wandb.ai/caselli-niccolo-developer-university-of-amsterdam/probe4physics
wandb: Synced 5 W&B file(s), 0 media file(s), 0 artifact file(s) and 0 other file(s)
wandb: Find logs at: ./wandb/run-20260509_135649-6tso4vu7/logs
[I 2026-05-09 13:59:28,398] Trial 19 finished with value: 0.0 and parameters: {'lr': 0.0007392530738469641, 'weight_decay': 0.000369960521744469, 'batch_size': 256, 'epochs': 2000}. Best is trial 0 with value: 0.0.
[eval.intphys2] Starting eval | split_name=train split_dir=data/splits/intphys2 predictor_mode=from_file metadata_file=data/annotations/intphys2_metadata.csv
[eval.intphys2] Loaded split assignments | split_scenes=151 split_samples=604
[eval.intphys2] Generated predictions | n_predictions=604
[eval.intphys2] Scoring complete | accuracy=50.0000 voe_accuracy=0.0000 n_scenes=151 n_samples=604
[eval.intphys2] Artifacts written | output_dir=artifacts/probes/intphys2/intphys2_probe_linear_ltx_video_ltxv_13b_0_9_8_distilled_20260509T102820Z/layer_noise_1.0_block_48/eval/train
[eval.intphys2] Starting eval | split_name=val split_dir=data/splits/intphys2 predictor_mode=from_file metadata_file=data/annotations/intphys2_metadata.csv
[eval.intphys2] Loaded split assignments | split_scenes=51 split_samples=204
[eval.intphys2] Generated predictions | n_predictions=204
[eval.intphys2] Scoring complete | accuracy=50.0000 voe_accuracy=0.0000 n_scenes=51 n_samples=204
[eval.intphys2] Artifacts written | output_dir=artifacts/probes/intphys2/intphys2_probe_linear_ltx_video_ltxv_13b_0_9_8_distilled_20260509T102820Z/layer_noise_1.0_block_48/eval/val
[eval.intphys2] Starting eval | split_name=test split_dir=data/splits/intphys2 predictor_mode=from_file metadata_file=data/annotations/intphys2_metadata.csv
[eval.intphys2] Loaded split assignments | split_scenes=51 split_samples=204
[eval.intphys2] Generated predictions | n_predictions=204
[eval.intphys2] Scoring complete | accuracy=50.0000 voe_accuracy=0.0000 n_scenes=51 n_samples=204
[eval.intphys2] Artifacts written | output_dir=artifacts/probes/intphys2/intphys2_probe_linear_ltx_video_ltxv_13b_0_9_8_distilled_20260509T102820Z/layer_noise_1.0_block_48/eval/test
[I 2026-05-09 13:59:29,615] A new study created in RDB with name: intphys2_linear_ltx_video_layer_noise_0.9_block_12
wandb: setting up run 9joiv59t
wandb: Tracking run with wandb version 0.26.1
wandb: Run data is saved locally in /gpfs/home3/scur0511/Probe4Physics/wandb/run-20260509_135930-9joiv59t
wandb: Run `wandb offline` to turn off syncing.
wandb: Syncing run intphys2_linear_ltx_video_layer_noise_0.9_block_12/trial_0000
wandb: ⭐️ View project at https://wandb.ai/caselli-niccolo-developer-university-of-amsterdam/probe4physics
wandb: 🚀 View run at https://wandb.ai/caselli-niccolo-developer-university-of-amsterdam/probe4physics/runs/9joiv59t
[eval.intphys2] Starting eval | split_name=val split_dir=data/splits/intphys2 predictor_mode=from_file metadata_file=data/annotations/intphys2_metadata.csv
[eval.intphys2] Loaded split assignments | split_scenes=51 split_samples=204
[eval.intphys2] Generated predictions | n_predictions=204
[eval.intphys2] Scoring complete | accuracy=53.4314 voe_accuracy=7.8431 n_scenes=51 n_samples=204
[eval.intphys2] Artifacts written | output_dir=artifacts/probes/intphys2/intphys2_probe_linear_ltx_video_ltxv_13b_0_9_8_distilled_20260509T102820Z/layer_noise_0.9_block_12/train/trial_0000/val_eval
wandb: updating run metadata
wandb: uploading config.yaml; uploading output.log; uploading wandb-summary.json
wandb: 
wandb: Run history:
wandb:          epoch ▁▁▁▂▂▂▂▃▃▃▃▃▃▃▃▄▄▄▄▄▄▄▅▅▅▅▅▆▆▆▆▇▇▇▇▇▇▇▇█
wandb: train_accuracy ▁▃▄▂▂▄▂▂▄▂▂▅▄▅▅▆▄▆▇▇▇▄▄▅▅█▆▅██▇▅▆▇▄▆█▅▆▆
wandb:     train_loss ▄▅▃▃▄▄▄▅▂▃▃▃▂▃▅▂▂▂▄▂▃▃▂▂▂▃▂▂▃▂▂▃▃▂▃█▁▂▂▁
wandb:   val_accuracy ▅█▅▅▅▃▅▅▃▄▄▄▂▄▂▄▅▄▃▂▃▆▅▄▅▁▄▆▆▅▇▂▆▆▃▅▆▆▄▃
wandb:       val_loss ▅▅▂▁▁▂▃▂▂▂▂▄▄▅▂▃▃▃▄▃▃▅▄▄▄▄▅▄▅▅▆▆▅▆▆▆▇▆▇█
wandb: 
wandb: Run summary:
wandb:           best_epoch 689
wandb:    best_val_accuracy 53.43137
wandb:        best_val_loss 0.73393
wandb: checkpoint_best_path artifacts/probes/int...
wandb: checkpoint_last_path artifacts/probes/int...
wandb:      checkpoint_path artifacts/probes/int...
wandb:              dataset intphys2
wandb:      elapsed_seconds 189.41764
wandb:                epoch 2000
wandb:    feature_signature cc5f37ae8af7ba58
wandb:                  +22 ...
wandb: 
wandb: 🚀 View run intphys2_linear_ltx_video_layer_noise_0.9_block_12/trial_0000 at: https://wandb.ai/caselli-niccolo-developer-university-of-amsterdam/probe4physics/runs/9joiv59t
wandb: ⭐️ View project at: https://wandb.ai/caselli-niccolo-developer-university-of-amsterdam/probe4physics
wandb: Synced 5 W&B file(s), 0 media file(s), 0 artifact file(s) and 0 other file(s)
wandb: Find logs at: ./wandb/run-20260509_135930-9joiv59t/logs
[I 2026-05-09 14:02:42,871] Trial 0 finished with value: 7.8431372549019605 and parameters: {'lr': 0.0001329291894316216, 'weight_decay': 0.005061576888752304, 'batch_size': 32, 'epochs': 2000}. Best is trial 0 with value: 7.8431372549019605.
wandb: setting up run otbot5ur
wandb: Tracking run with wandb version 0.26.1
wandb: Run data is saved locally in /gpfs/home3/scur0511/Probe4Physics/wandb/run-20260509_140243-otbot5ur
wandb: Run `wandb offline` to turn off syncing.
wandb: Syncing run intphys2_linear_ltx_video_layer_noise_0.9_block_12/trial_0001
wandb: ⭐️ View project at https://wandb.ai/caselli-niccolo-developer-university-of-amsterdam/probe4physics
wandb: 🚀 View run at https://wandb.ai/caselli-niccolo-developer-university-of-amsterdam/probe4physics/runs/otbot5ur
[eval.intphys2] Starting eval | split_name=val split_dir=data/splits/intphys2 predictor_mode=from_file metadata_file=data/annotations/intphys2_metadata.csv
[eval.intphys2] Loaded split assignments | split_scenes=51 split_samples=204
[eval.intphys2] Generated predictions | n_predictions=204
[eval.intphys2] Scoring complete | accuracy=50.9804 voe_accuracy=15.6863 n_scenes=51 n_samples=204
[eval.intphys2] Artifacts written | output_dir=artifacts/probes/intphys2/intphys2_probe_linear_ltx_video_ltxv_13b_0_9_8_distilled_20260509T102820Z/layer_noise_0.9_block_12/train/trial_0001/val_eval
wandb: updating run metadata
wandb: uploading wandb-metadata.json; uploading requirements.txt; uploading output.log; uploading wandb-summary.json; uploading config.yaml
wandb: 
wandb: Run history:
wandb:          epoch ▁▁▁▁▂▂▂▂▂▂▃▃▃▃▃▃▄▄▄▄▄▅▅▅▅▅▆▆▆▆▆▆▇▇▇▇▇▇██
wandb: train_accuracy ▂▅▅▅▅▆▅▆▅▅▅▄▃█▆▂▃▅▄█▂▆▄▃▄▄▅▁▅▇▄▇▄▅▄▄▇▇▄▄
wandb:     train_loss ▇█▆▅▂▁▁▁▁▁▁▁▁▁▁▁▁▁▁▁▁▁▁▁▁▁▁▁▁▁▁▁▁▁▁▁▁▁▁▁
wandb:   val_accuracy ███▁███████████████████████████████▆▃███
wandb:       val_loss █▅▇▃▃▁▁▂▁▁▁▁▁▁▁▁▁▁▁▁▁▁▁▁▁▁▁▁▁▁▁▁▁▁▁▁▁▁▁▁
wandb: 
wandb: Run summary:
wandb:           best_epoch 45
wandb:    best_val_accuracy 50.98039
wandb:        best_val_loss 0.73248
wandb: checkpoint_best_path artifacts/probes/int...
wandb: checkpoint_last_path artifacts/probes/int...
wandb:      checkpoint_path artifacts/probes/int...
wandb:              dataset intphys2
wandb:      elapsed_seconds 4.98725
wandb:                epoch 100
wandb:    feature_signature cc5f37ae8af7ba58
wandb:                  +22 ...
wandb: 
wandb: 🚀 View run intphys2_linear_ltx_video_layer_noise_0.9_block_12/trial_0001 at: https://wandb.ai/caselli-niccolo-developer-university-of-amsterdam/probe4physics/runs/otbot5ur
wandb: ⭐️ View project at: https://wandb.ai/caselli-niccolo-developer-university-of-amsterdam/probe4physics
wandb: Synced 5 W&B file(s), 0 media file(s), 0 artifact file(s) and 0 other file(s)
wandb: Find logs at: ./wandb/run-20260509_140243-otbot5ur/logs
[I 2026-05-09 14:02:49,538] Trial 1 finished with value: 15.686274509803921 and parameters: {'lr': 0.00314288089084011, 'weight_decay': 1.879466824163843e-07, 'batch_size': 256, 'epochs': 100}. Best is trial 1 with value: 15.686274509803921.
wandb: setting up run 649dwgax
wandb: Tracking run with wandb version 0.26.1
wandb: Run data is saved locally in /gpfs/home3/scur0511/Probe4Physics/wandb/run-20260509_140250-649dwgax
wandb: Run `wandb offline` to turn off syncing.
wandb: Syncing run intphys2_linear_ltx_video_layer_noise_0.9_block_12/trial_0002
wandb: ⭐️ View project at https://wandb.ai/caselli-niccolo-developer-university-of-amsterdam/probe4physics
wandb: 🚀 View run at https://wandb.ai/caselli-niccolo-developer-university-of-amsterdam/probe4physics/runs/649dwgax
[eval.intphys2] Starting eval | split_name=val split_dir=data/splits/intphys2 predictor_mode=from_file metadata_file=data/annotations/intphys2_metadata.csv
[eval.intphys2] Loaded split assignments | split_scenes=51 split_samples=204
[eval.intphys2] Generated predictions | n_predictions=204
[eval.intphys2] Scoring complete | accuracy=52.4510 voe_accuracy=7.8431 n_scenes=51 n_samples=204
[eval.intphys2] Artifacts written | output_dir=artifacts/probes/intphys2/intphys2_probe_linear_ltx_video_ltxv_13b_0_9_8_distilled_20260509T102820Z/layer_noise_0.9_block_12/train/trial_0002/val_eval
wandb: updating run metadata
wandb: uploading output.log; uploading wandb-summary.json; uploading config.yaml
wandb: 
wandb: Run history:
wandb:          epoch ▁▁▁▁▂▂▂▂▂▃▃▃▃▃▃▄▄▄▄▅▅▅▅▅▅▅▆▆▆▆▆▆▇▇▇▇▇▇██
wandb: train_accuracy ▁▁▂▃▁▂▂▂▅▄▂▄▄▆▅▃▄▄▅▃▇▄█▃▅▆▄▃▂▄▅▂▇▅▃▆▇▃▄▅
wandb:     train_loss ▃▅▄▃▃▄▅▃▂▃▄▄▃▃▂▂▄▂▅▂▂▂▃▂▃▅█▂▂▂▃▄▁▂▂▂▂▂▃▁
wandb:   val_accuracy ▆▆▅▅▇█▄▅▆▅▄▄▆▄▁▆▅▅▇▆▄▄▅▅▄▇▆▂▄▅▇█▃▅▆▆▇▇▃▇
wandb:       val_loss ▁▂▁▁▂▁▁▁▁▂▂▂▂▁▄▂▂▁▂▄▂▂▂▂▂▅▂▂▂▂▂▂▂▃█▄▄▂▂▃
wandb: 
wandb: Run summary:
wandb:           best_epoch 854
wandb:    best_val_accuracy 52.45098
wandb:        best_val_loss 0.72549
wandb: checkpoint_best_path artifacts/probes/int...
wandb: checkpoint_last_path artifacts/probes/int...
wandb:      checkpoint_path artifacts/probes/int...
wandb:              dataset intphys2
wandb:      elapsed_seconds 54.72178
wandb:                epoch 1000
wandb:    feature_signature cc5f37ae8af7ba58
wandb:                  +22 ...
wandb: 
wandb: 🚀 View run intphys2_linear_ltx_video_layer_noise_0.9_block_12/trial_0002 at: https://wandb.ai/caselli-niccolo-developer-university-of-amsterdam/probe4physics/runs/649dwgax
wandb: ⭐️ View project at: https://wandb.ai/caselli-niccolo-developer-university-of-amsterdam/probe4physics
wandb: Synced 5 W&B file(s), 0 media file(s), 0 artifact file(s) and 0 other file(s)
wandb: Find logs at: ./wandb/run-20260509_140250-649dwgax/logs
[I 2026-05-09 14:03:46,094] Trial 2 finished with value: 7.8431372549019605 and parameters: {'lr': 0.00023345864076016249, 'weight_decay': 0.0005141096648805752, 'batch_size': 128, 'epochs': 1000}. Best is trial 1 with value: 15.686274509803921.
wandb: setting up run 1gzfjm9c
wandb: Tracking run with wandb version 0.26.1
wandb: Run data is saved locally in /gpfs/home3/scur0511/Probe4Physics/wandb/run-20260509_140346-1gzfjm9c
wandb: Run `wandb offline` to turn off syncing.
wandb: Syncing run intphys2_linear_ltx_video_layer_noise_0.9_block_12/trial_0003
wandb: ⭐️ View project at https://wandb.ai/caselli-niccolo-developer-university-of-amsterdam/probe4physics
wandb: 🚀 View run at https://wandb.ai/caselli-niccolo-developer-university-of-amsterdam/probe4physics/runs/1gzfjm9c
[eval.intphys2] Starting eval | split_name=val split_dir=data/splits/intphys2 predictor_mode=from_file metadata_file=data/annotations/intphys2_metadata.csv
[eval.intphys2] Loaded split assignments | split_scenes=51 split_samples=204
[eval.intphys2] Generated predictions | n_predictions=204
[eval.intphys2] Scoring complete | accuracy=52.4510 voe_accuracy=7.8431 n_scenes=51 n_samples=204
[eval.intphys2] Artifacts written | output_dir=artifacts/probes/intphys2/intphys2_probe_linear_ltx_video_ltxv_13b_0_9_8_distilled_20260509T102820Z/layer_noise_0.9_block_12/train/trial_0003/val_eval
wandb: updating run metadata
wandb: uploading history steps 0-49, summary, console lines 0-4
wandb: 
wandb: Run history:
wandb:          epoch ▁▁▁▁▂▂▂▂▂▂▃▃▃▃▃▄▄▄▄▄▅▅▅▅▅▅▆▆▆▆▆▆▇▇▇▇▇▇██
wandb: train_accuracy ▂▇▆▅▅▄▆▄▆▄▇▅▇▇▅▆▄▅▃▆▄▅▅▃▃▅▄▁█▅▇▆▄▆▆▄▅▆▇▇
wandb:     train_loss █▄▃▂▄▂▂▂▂▂▂▂▂▂▂▃▁▂▁▂▂▁▁▂▃▃▂▂▃▃▁▁▂▂▁▂▁▁▁▁
wandb:   val_accuracy ▄▆▆▆▃▄▃▄▆▄▁▃▄▁▅▃▆▂█▄▄▅▂▆▃▃▃▄▄▄▅▆▆▄▃▄▃▄▄▄
wandb:       val_loss █▂▂▂▃▁▂▁▁▂▁▃▁▁▂▁▂▂▁▅▁▁▂▁▁▁▁▁█▂▂▁▂▁▁▂▁▃▁▇
wandb: 
wandb: Run summary:
wandb:           best_epoch 24
wandb:    best_val_accuracy 52.45098
wandb:        best_val_loss 0.69883
wandb: checkpoint_best_path artifacts/probes/int...
wandb: checkpoint_last_path artifacts/probes/int...
wandb:      checkpoint_path artifacts/probes/int...
wandb:              dataset intphys2
wandb:      elapsed_seconds 3.8206
wandb:                epoch 50
wandb:    feature_signature cc5f37ae8af7ba58
wandb:                  +22 ...
wandb: 
wandb: 🚀 View run intphys2_linear_ltx_video_layer_noise_0.9_block_12/trial_0003 at: https://wandb.ai/caselli-niccolo-developer-university-of-amsterdam/probe4physics/runs/1gzfjm9c
wandb: ⭐️ View project at: https://wandb.ai/caselli-niccolo-developer-university-of-amsterdam/probe4physics
wandb: Synced 5 W&B file(s), 0 media file(s), 0 artifact file(s) and 0 other file(s)
wandb: Find logs at: ./wandb/run-20260509_140346-1gzfjm9c/logs
[I 2026-05-09 14:03:52,334] Trial 3 finished with value: 7.8431372549019605 and parameters: {'lr': 8.200518402245828e-05, 'weight_decay': 3.855073690026179e-08, 'batch_size': 32, 'epochs': 50}. Best is trial 1 with value: 15.686274509803921.
wandb: setting up run rwu7ixxy
wandb: Tracking run with wandb version 0.26.1
wandb: Run data is saved locally in /gpfs/home3/scur0511/Probe4Physics/wandb/run-20260509_140353-rwu7ixxy
wandb: Run `wandb offline` to turn off syncing.
wandb: Syncing run intphys2_linear_ltx_video_layer_noise_0.9_block_12/trial_0004
wandb: ⭐️ View project at https://wandb.ai/caselli-niccolo-developer-university-of-amsterdam/probe4physics
wandb: 🚀 View run at https://wandb.ai/caselli-niccolo-developer-university-of-amsterdam/probe4physics/runs/rwu7ixxy
[eval.intphys2] Starting eval | split_name=val split_dir=data/splits/intphys2 predictor_mode=from_file metadata_file=data/annotations/intphys2_metadata.csv
[eval.intphys2] Loaded split assignments | split_scenes=51 split_samples=204
[eval.intphys2] Generated predictions | n_predictions=204
[eval.intphys2] Scoring complete | accuracy=51.9608 voe_accuracy=15.6863 n_scenes=51 n_samples=204
[eval.intphys2] Artifacts written | output_dir=artifacts/probes/intphys2/intphys2_probe_linear_ltx_video_ltxv_13b_0_9_8_distilled_20260509T102820Z/layer_noise_0.9_block_12/train/trial_0004/val_eval
wandb: updating run metadata
wandb: uploading requirements.txt; uploading output.log; uploading wandb-summary.json; uploading config.yaml; uploading wandb-metadata.json
wandb: uploading history steps 0-49, summary, console lines 0-4
wandb: 
wandb: Run history:
wandb:          epoch ▁▁▁▂▂▂▂▂▂▃▃▃▃▃▄▄▄▄▄▄▅▅▅▅▅▆▆▆▆▆▆▇▇▇▇▇▇███
wandb: train_accuracy ▄▃▄▅▄▆▃▂▅▇▅▅▆▅▅▄▃▁▆▇▅▃▄▇█▆▆▅▅▅▄▅▄▅▄▅▅▅▃▅
wandb:     train_loss █▂▁▂▃▂▃▁▂▁▂▃▂▁▁▁▁▁▁▂▁▁▂▁▂▃▂▁▁▁▃▁▂▅▂▁▁▁▁▄
wandb:   val_accuracy █▅▄▄▄▄▁▄▃▅▄▄▃▄▄▄▄▄▅▄▄▇▅▄▅▃▂▄▄▁▅▄▅▄▄▄▃▃▄▃
wandb:       val_loss ▂▁▄▃▂▁▂▁▁▃▁▁▄▃▁▁▁▁▄▁▁▁▃▁▅▁▁▂▁▁▁█▁▂▂▁▂▁▂▂
wandb: 
wandb: Run summary:
wandb:           best_epoch 1
wandb:    best_val_accuracy 51.96078
wandb:        best_val_loss 0.74704
wandb: checkpoint_best_path artifacts/probes/int...
wandb: checkpoint_last_path artifacts/probes/int...
wandb:      checkpoint_path artifacts/probes/int...
wandb:              dataset intphys2
wandb:      elapsed_seconds 4.09355
wandb:                epoch 50
wandb:    feature_signature cc5f37ae8af7ba58
wandb:                  +22 ...
wandb: 
wandb: 🚀 View run intphys2_linear_ltx_video_layer_noise_0.9_block_12/trial_0004 at: https://wandb.ai/caselli-niccolo-developer-university-of-amsterdam/probe4physics/runs/rwu7ixxy
wandb: ⭐️ View project at: https://wandb.ai/caselli-niccolo-developer-university-of-amsterdam/probe4physics
wandb: Synced 5 W&B file(s), 0 media file(s), 0 artifact file(s) and 0 other file(s)
wandb: Find logs at: ./wandb/run-20260509_140353-rwu7ixxy/logs
[I 2026-05-09 14:03:58,702] Trial 4 finished with value: 15.686274509803921 and parameters: {'lr': 0.00043664735929796326, 'weight_decay': 1.2856617791467908e-07, 'batch_size': 32, 'epochs': 50}. Best is trial 1 with value: 15.686274509803921.
wandb: setting up run mio4w8nt
wandb: Tracking run with wandb version 0.26.1
wandb: Run data is saved locally in /gpfs/home3/scur0511/Probe4Physics/wandb/run-20260509_140359-mio4w8nt
wandb: Run `wandb offline` to turn off syncing.
wandb: Syncing run intphys2_linear_ltx_video_layer_noise_0.9_block_12/trial_0005
wandb: ⭐️ View project at https://wandb.ai/caselli-niccolo-developer-university-of-amsterdam/probe4physics
wandb: 🚀 View run at https://wandb.ai/caselli-niccolo-developer-university-of-amsterdam/probe4physics/runs/mio4w8nt
[eval.intphys2] Starting eval | split_name=val split_dir=data/splits/intphys2 predictor_mode=from_file metadata_file=data/annotations/intphys2_metadata.csv
[eval.intphys2] Loaded split assignments | split_scenes=51 split_samples=204
[eval.intphys2] Generated predictions | n_predictions=204
[eval.intphys2] Scoring complete | accuracy=52.9412 voe_accuracy=11.7647 n_scenes=51 n_samples=204
[eval.intphys2] Artifacts written | output_dir=artifacts/probes/intphys2/intphys2_probe_linear_ltx_video_ltxv_13b_0_9_8_distilled_20260509T102820Z/layer_noise_0.9_block_12/train/trial_0005/val_eval
wandb: updating run metadata
wandb: uploading output.log; uploading wandb-summary.json; uploading config.yaml
wandb: uploading history steps 490-499, summary, console lines 0-4
wandb: 
wandb: Run history:
wandb:          epoch ▁▁▂▂▂▂▂▂▂▃▃▃▃▃▃▃▃▄▄▄▄▄▄▅▅▅▅▆▆▆▆▆▇▇▇█████
wandb: train_accuracy ▁▄▃▅▄▄█▄▆▇▄▆▄▃▅▄▄█▃▇▄▇▄▇▆▄▆▇▅▃▅▆▇▅▄▄▇▆▇▆
wandb:     train_loss ▄▅▃▂▂▂▂▂▃▃▂▃▂▂▁▄▂▂▂▁▁▂▃▂▂█▂▂▁▁▃▃▃▂▂▆▄▁▂▁
wandb:   val_accuracy ▆▃▅▃▃▄▄▁▅▅▅▆▆▃▆▆█▆▅▆▆▃▇▃▅▃▅▃▄▆▃▄▃▂▆▆▆▄▄▃
wandb:       val_loss ▅▁▅▁▁▁▄▇▂▁▄▄▂▃▂▂▇▃▆▁▂█▇▂▂▇▂▂▄▃▄▄▂▄▆▃▂▃▅▃
wandb: 
wandb: Run summary:
wandb:           best_epoch 100
wandb:    best_val_accuracy 52.94118
wandb:        best_val_loss 0.70051
wandb: checkpoint_best_path artifacts/probes/int...
wandb: checkpoint_last_path artifacts/probes/int...
wandb:      checkpoint_path artifacts/probes/int...
wandb:              dataset intphys2
wandb:      elapsed_seconds 32.34932
wandb:                epoch 500
wandb:    feature_signature cc5f37ae8af7ba58
wandb:                  +22 ...
wandb: 
wandb: 🚀 View run intphys2_linear_ltx_video_layer_noise_0.9_block_12/trial_0005 at: https://wandb.ai/caselli-niccolo-developer-university-of-amsterdam/probe4physics/runs/mio4w8nt
wandb: ⭐️ View project at: https://wandb.ai/caselli-niccolo-developer-university-of-amsterdam/probe4physics
wandb: Synced 5 W&B file(s), 0 media file(s), 0 artifact file(s) and 0 other file(s)
wandb: Find logs at: ./wandb/run-20260509_140359-mio4w8nt/logs
[I 2026-05-09 14:04:34,814] Trial 5 finished with value: 11.76470588235294 and parameters: {'lr': 0.00014656553886225324, 'weight_decay': 4.247116662617142e-07, 'batch_size': 32, 'epochs': 500}. Best is trial 1 with value: 15.686274509803921.
wandb: setting up run v1fhzh6b
wandb: Tracking run with wandb version 0.26.1
wandb: Run data is saved locally in /gpfs/home3/scur0511/Probe4Physics/wandb/run-20260509_140435-v1fhzh6b
wandb: Run `wandb offline` to turn off syncing.
wandb: Syncing run intphys2_linear_ltx_video_layer_noise_0.9_block_12/trial_0006
wandb: ⭐️ View project at https://wandb.ai/caselli-niccolo-developer-university-of-amsterdam/probe4physics
wandb: 🚀 View run at https://wandb.ai/caselli-niccolo-developer-university-of-amsterdam/probe4physics/runs/v1fhzh6b
[eval.intphys2] Starting eval | split_name=val split_dir=data/splits/intphys2 predictor_mode=from_file metadata_file=data/annotations/intphys2_metadata.csv
[eval.intphys2] Loaded split assignments | split_scenes=51 split_samples=204
[eval.intphys2] Generated predictions | n_predictions=204
[eval.intphys2] Scoring complete | accuracy=51.9608 voe_accuracy=13.7255 n_scenes=51 n_samples=204
[eval.intphys2] Artifacts written | output_dir=artifacts/probes/intphys2/intphys2_probe_linear_ltx_video_ltxv_13b_0_9_8_distilled_20260509T102820Z/layer_noise_0.9_block_12/train/trial_0006/val_eval
wandb: uploading wandb-metadata.json; uploading requirements.txt; updating run metadata
wandb: uploading output.log; uploading wandb-summary.json; uploading config.yaml
wandb: 
wandb: Run history:
wandb:          epoch ▁▁▁▁▁▂▂▂▂▂▂▂▂▃▃▃▃▃▃▄▄▄▄▄▄▅▅▅▆▆▆▆▇▇▇▇▇███
wandb: train_accuracy ▁▇▅▄▅▅▅▆▅▆▅▆▅▅▅▅▆▇▆▆▇▇▆▇▇▆▆▇█▇▆▇▆▆▆▇▆▇▇▇
wandb:     train_loss █▇▆▅▅▄▄▃▃▃▃▂▂▂▂▂▂▂▂▂▂▂▂▂▁▁▁▁▁▁▁▁▁▁▁▁▁▁▁▁
wandb:   val_accuracy ▇▆▇▂▁▃▃▅▅▆██▅▃▆▇▇▂▇▇▇▆▅▆▆▂▂▆█▂▃█▇▆▇▅▃▃▇▅
wandb:       val_loss █▄▃▃▃▃▃▃▂▂▂▂▂▂▂▂▂▂▁▁▁▁▁▁▁▁▁▁▁▁▁▁▁▁▁▁▁▁▁▁
wandb: 
wandb: Run summary:
wandb:           best_epoch 33
wandb:    best_val_accuracy 51.96078
wandb:        best_val_loss 0.71722
wandb: checkpoint_best_path artifacts/probes/int...
wandb: checkpoint_last_path artifacts/probes/int...
wandb:      checkpoint_path artifacts/probes/int...
wandb:              dataset intphys2
wandb:      elapsed_seconds 5.26239
wandb:                epoch 100
wandb:    feature_signature cc5f37ae8af7ba58
wandb:                  +22 ...
wandb: 
wandb: 🚀 View run intphys2_linear_ltx_video_layer_noise_0.9_block_12/trial_0006 at: https://wandb.ai/caselli-niccolo-developer-university-of-amsterdam/probe4physics/runs/v1fhzh6b
wandb: ⭐️ View project at: https://wandb.ai/caselli-niccolo-developer-university-of-amsterdam/probe4physics
wandb: Synced 5 W&B file(s), 0 media file(s), 0 artifact file(s) and 0 other file(s)
wandb: Find logs at: ./wandb/run-20260509_140435-v1fhzh6b/logs
[I 2026-05-09 14:04:42,268] Trial 6 finished with value: 13.725490196078432 and parameters: {'lr': 1.0388823104027935e-05, 'weight_decay': 0.0007812113973534924, 'batch_size': 128, 'epochs': 100}. Best is trial 1 with value: 15.686274509803921.
wandb: setting up run pffd08i6
wandb: Tracking run with wandb version 0.26.1
wandb: Run data is saved locally in /gpfs/home3/scur0511/Probe4Physics/wandb/run-20260509_140442-pffd08i6
wandb: Run `wandb offline` to turn off syncing.
wandb: Syncing run intphys2_linear_ltx_video_layer_noise_0.9_block_12/trial_0007
wandb: ⭐️ View project at https://wandb.ai/caselli-niccolo-developer-university-of-amsterdam/probe4physics
wandb: 🚀 View run at https://wandb.ai/caselli-niccolo-developer-university-of-amsterdam/probe4physics/runs/pffd08i6
[eval.intphys2] Starting eval | split_name=val split_dir=data/splits/intphys2 predictor_mode=from_file metadata_file=data/annotations/intphys2_metadata.csv
[eval.intphys2] Loaded split assignments | split_scenes=51 split_samples=204
[eval.intphys2] Generated predictions | n_predictions=204
[eval.intphys2] Scoring complete | accuracy=53.4314 voe_accuracy=7.8431 n_scenes=51 n_samples=204
[eval.intphys2] Artifacts written | output_dir=artifacts/probes/intphys2/intphys2_probe_linear_ltx_video_ltxv_13b_0_9_8_distilled_20260509T102820Z/layer_noise_0.9_block_12/train/trial_0007/val_eval
wandb: updating run metadata
wandb: uploading history steps 865-999, summary, console lines 0-4
wandb: 
wandb: Run history:
wandb:          epoch ▁▁▁▁▁▂▂▂▂▂▂▂▃▃▃▃▃▃▃▄▄▄▄▄▅▅▅▅▅▆▆▆▆▆▇▇▇▇▇█
wandb: train_accuracy ▃▃▃▂▄▄▃▁▄▃▃▄▅▅▃▅▃▅▄▄▃▇▇▆▄▅▅▄▆▅▄▅█▆▄▃▄▄▄▇
wandb:     train_loss █▄▃▃▄▂▂▂▂▃▃▂▂▃▂▃▂▂▂▂▂▂▂▃▃▂▂▂▁▂▂▁▁▁▁▁▂▁▁▁
wandb:   val_accuracy ▄▅▅▇▄▃▇█▂▅▇▆▅▆▆▄▄▅▅▅▄▅▂▄▆▆▂▄▇▆▅▆▆▅▄▆▄▇▇▁
wandb:       val_loss ▄▂▁▃▅▁▁▂▁█▁▂▂▄▂▁▂▂▃▂▂▂▄▂▂▃▄▃▂▅▃▃▅▃▄▃▄▃▃▃
wandb: 
wandb: Run summary:
wandb:           best_epoch 111
wandb:    best_val_accuracy 53.43137
wandb:        best_val_loss 0.70015
wandb: checkpoint_best_path artifacts/probes/int...
wandb: checkpoint_last_path artifacts/probes/int...
wandb:      checkpoint_path artifacts/probes/int...
wandb:              dataset intphys2
wandb:      elapsed_seconds 56.7396
wandb:                epoch 1000
wandb:    feature_signature cc5f37ae8af7ba58
wandb:                  +22 ...
wandb: 
wandb: 🚀 View run intphys2_linear_ltx_video_layer_noise_0.9_block_12/trial_0007 at: https://wandb.ai/caselli-niccolo-developer-university-of-amsterdam/probe4physics/runs/pffd08i6
wandb: ⭐️ View project at: https://wandb.ai/caselli-niccolo-developer-university-of-amsterdam/probe4physics
wandb: Synced 5 W&B file(s), 0 media file(s), 0 artifact file(s) and 0 other file(s)
wandb: Find logs at: ./wandb/run-20260509_140442-pffd08i6/logs
[I 2026-05-09 14:05:42,667] Trial 7 finished with value: 7.8431372549019605 and parameters: {'lr': 8.569331925053983e-05, 'weight_decay': 8.93511059033186e-07, 'batch_size': 128, 'epochs': 1000}. Best is trial 1 with value: 15.686274509803921.
wandb: setting up run lh1szbxz
wandb: Tracking run with wandb version 0.26.1
wandb: Run data is saved locally in /gpfs/home3/scur0511/Probe4Physics/wandb/run-20260509_140543-lh1szbxz
wandb: Run `wandb offline` to turn off syncing.
wandb: Syncing run intphys2_linear_ltx_video_layer_noise_0.9_block_12/trial_0008
wandb: ⭐️ View project at https://wandb.ai/caselli-niccolo-developer-university-of-amsterdam/probe4physics
wandb: 🚀 View run at https://wandb.ai/caselli-niccolo-developer-university-of-amsterdam/probe4physics/runs/lh1szbxz
[eval.intphys2] Starting eval | split_name=val split_dir=data/splits/intphys2 predictor_mode=from_file metadata_file=data/annotations/intphys2_metadata.csv
[eval.intphys2] Loaded split assignments | split_scenes=51 split_samples=204
[eval.intphys2] Generated predictions | n_predictions=204
[eval.intphys2] Scoring complete | accuracy=52.4510 voe_accuracy=11.7647 n_scenes=51 n_samples=204
[eval.intphys2] Artifacts written | output_dir=artifacts/probes/intphys2/intphys2_probe_linear_ltx_video_ltxv_13b_0_9_8_distilled_20260509T102820Z/layer_noise_0.9_block_12/train/trial_0008/val_eval
wandb: updating run metadata
wandb: uploading wandb-metadata.json; uploading requirements.txt; uploading output.log; uploading wandb-summary.json; uploading config.yaml
wandb: 
wandb: Run history:
wandb:          epoch ▁▁▁▂▂▂▂▂▂▂▃▃▃▃▄▄▄▄▄▄▅▅▅▆▆▆▆▆▆▆▇▇▇▇▇▇▇███
wandb: train_accuracy ▅▆▅▅▄▃▅▃▇▅▅▅▃▄▄▅▅▁▂▅█▇▄▇▇▄▄▆▄▇▅▇▄▆▆▅▄▅▇▆
wandb:     train_loss █▃▃▂▂▁▁▁▁▁▁▁▁▁▁▁▁▁▁▁▁▁▁▁▁▁▁▁▁▁▁▁▁▁▁▁▁▁▁▁
wandb:   val_accuracy ▃▃▃▃▄▃▂▄▁█▄▄▆▆▃▃▃▇▂▂▅▂▄▁▁▁▆▃▆▃▃▃▃▂█▃▇▁▃▄
wandb:       val_loss ▃█▅▁▄▂▂▁▁▁▁▁▁▁▂▂▁▁▁▁▁▁▁▁▁▁▁▁▂▂▁▁▂▁▁▁▁▁▁▁
wandb: 
wandb: Run summary:
wandb:           best_epoch 55
wandb:    best_val_accuracy 52.45098
wandb:        best_val_loss 0.69805
wandb: checkpoint_best_path artifacts/probes/int...
wandb: checkpoint_last_path artifacts/probes/int...
wandb:      checkpoint_path artifacts/probes/int...
wandb:              dataset intphys2
wandb:      elapsed_seconds 5.14088
wandb:                epoch 100
wandb:    feature_signature cc5f37ae8af7ba58
wandb:                  +22 ...
wandb: 
wandb: 🚀 View run intphys2_linear_ltx_video_layer_noise_0.9_block_12/trial_0008 at: https://wandb.ai/caselli-niccolo-developer-university-of-amsterdam/probe4physics/runs/lh1szbxz
wandb: ⭐️ View project at: https://wandb.ai/caselli-niccolo-developer-university-of-amsterdam/probe4physics
wandb: Synced 5 W&B file(s), 0 media file(s), 0 artifact file(s) and 0 other file(s)
wandb: Find logs at: ./wandb/run-20260509_140543-lh1szbxz/logs
[I 2026-05-09 14:05:49,812] Trial 8 finished with value: 11.76470588235294 and parameters: {'lr': 0.0003699972431463808, 'weight_decay': 3.6749049453053196e-06, 'batch_size': 256, 'epochs': 100}. Best is trial 1 with value: 15.686274509803921.
wandb: setting up run a3lr02ng
wandb: Tracking run with wandb version 0.26.1
wandb: Run data is saved locally in /gpfs/home3/scur0511/Probe4Physics/wandb/run-20260509_140550-a3lr02ng
wandb: Run `wandb offline` to turn off syncing.
wandb: Syncing run intphys2_linear_ltx_video_layer_noise_0.9_block_12/trial_0009
wandb: ⭐️ View project at https://wandb.ai/caselli-niccolo-developer-university-of-amsterdam/probe4physics
wandb: 🚀 View run at https://wandb.ai/caselli-niccolo-developer-university-of-amsterdam/probe4physics/runs/a3lr02ng
[eval.intphys2] Starting eval | split_name=val split_dir=data/splits/intphys2 predictor_mode=from_file metadata_file=data/annotations/intphys2_metadata.csv
[eval.intphys2] Loaded split assignments | split_scenes=51 split_samples=204
[eval.intphys2] Generated predictions | n_predictions=204
[eval.intphys2] Scoring complete | accuracy=52.9412 voe_accuracy=9.8039 n_scenes=51 n_samples=204
[eval.intphys2] Artifacts written | output_dir=artifacts/probes/intphys2/intphys2_probe_linear_ltx_video_ltxv_13b_0_9_8_distilled_20260509T102820Z/layer_noise_0.9_block_12/train/trial_0009/val_eval
wandb: updating run metadata
wandb: uploading output.log; uploading wandb-summary.json; uploading config.yaml
wandb: uploading history steps 999-999, summary, console lines 0-4
wandb: 
wandb: Run history:
wandb:          epoch ▁▁▁▂▂▂▂▂▂▂▃▃▃▃▃▃▄▄▄▄▅▅▅▅▅▆▆▆▇▇▇▇▇▇▇█████
wandb: train_accuracy ▂▂▁▂▁▃▂▃▂▃▁▂▁▅▂▅▄▂▁▃▄▆▆▅▁▅▃▃▅▃▄▅▆▆▂▅▄█▆▅
wandb:     train_loss █▅▄▄▃▃▃▄▅▃▂▂▄▃▂▃▄▃▂▄▂▂▁▃▃▂▂▁▂▁▁▂▂▃▁▂▂▁▁▁
wandb:   val_accuracy ▆▂▃▄█▄▂▃▁▂▄▆▄▅▅▅▄▆▆▆▆▅▄▄▂▅▆▃▂▅▂▁▄▃▅▃▄▄▃▂
wandb:       val_loss ▆▃▂▂▂▁▁▁▁▁▁▁▁▂▁▂▂▂▃▂▃▂▂▂▂▅▃▂▂▃▃▅▃▃█▃▄▃▄▅
wandb: 
wandb: Run summary:
wandb:           best_epoch 76
wandb:    best_val_accuracy 52.94118
wandb:        best_val_loss 0.69787
wandb: checkpoint_best_path artifacts/probes/int...
wandb: checkpoint_last_path artifacts/probes/int...
wandb:      checkpoint_path artifacts/probes/int...
wandb:              dataset intphys2
wandb:      elapsed_seconds 60.88347
wandb:                epoch 1000
wandb:    feature_signature cc5f37ae8af7ba58
wandb:                  +22 ...
wandb: 
wandb: 🚀 View run intphys2_linear_ltx_video_layer_noise_0.9_block_12/trial_0009 at: https://wandb.ai/caselli-niccolo-developer-university-of-amsterdam/probe4physics/runs/a3lr02ng
wandb: ⭐️ View project at: https://wandb.ai/caselli-niccolo-developer-university-of-amsterdam/probe4physics
wandb: Synced 5 W&B file(s), 0 media file(s), 0 artifact file(s) and 0 other file(s)
wandb: Find logs at: ./wandb/run-20260509_140550-a3lr02ng/logs
[I 2026-05-09 14:06:54,886] Trial 9 finished with value: 9.803921568627452 and parameters: {'lr': 4.857295179217165e-05, 'weight_decay': 2.8965395242758635e-08, 'batch_size': 128, 'epochs': 1000}. Best is trial 1 with value: 15.686274509803921.
wandb: setting up run ycuiz1pt
wandb: Tracking run with wandb version 0.26.1
wandb: Run data is saved locally in /gpfs/home3/scur0511/Probe4Physics/wandb/run-20260509_140655-ycuiz1pt
wandb: Run `wandb offline` to turn off syncing.
wandb: Syncing run intphys2_linear_ltx_video_layer_noise_0.9_block_12/trial_0010
wandb: ⭐️ View project at https://wandb.ai/caselli-niccolo-developer-university-of-amsterdam/probe4physics
wandb: 🚀 View run at https://wandb.ai/caselli-niccolo-developer-university-of-amsterdam/probe4physics/runs/ycuiz1pt
[eval.intphys2] Starting eval | split_name=val split_dir=data/splits/intphys2 predictor_mode=from_file metadata_file=data/annotations/intphys2_metadata.csv
[eval.intphys2] Loaded split assignments | split_scenes=51 split_samples=204
[eval.intphys2] Generated predictions | n_predictions=204
[eval.intphys2] Scoring complete | accuracy=50.0000 voe_accuracy=9.8039 n_scenes=51 n_samples=204
[eval.intphys2] Artifacts written | output_dir=artifacts/probes/intphys2/intphys2_probe_linear_ltx_video_ltxv_13b_0_9_8_distilled_20260509T102820Z/layer_noise_0.9_block_12/train/trial_0010/val_eval
wandb: updating run metadata
wandb: uploading wandb-metadata.json; uploading requirements.txt; uploading output.log; uploading wandb-summary.json; uploading config.yaml
wandb: 
wandb: Run history:
wandb:          epoch ▁▁▂▂▂▃▃▄▄▄▅▅▅▆▆▇▇▇██
wandb: train_accuracy ▃█▇▇▄▇▆▇▇▆▇▅▇▇▁▇▇▄▃█
wandb:     train_loss ▆▇█▃▃▄▃▄▃▂▄▃▃▃▂▂▂▁▁▁
wandb:   val_accuracy ▁▁▁▁▁▁▁▁▁▁▁▁▁▁▁▁▁▁▁▁
wandb:       val_loss ▁█▁▃▄▁▄▂▂▃▁▄▂▂▂▂▁▁▁▁
wandb: 
wandb: Run summary:
wandb:           best_epoch 19
wandb:    best_val_accuracy 50
wandb:        best_val_loss 1.36113
wandb: checkpoint_best_path artifacts/probes/int...
wandb: checkpoint_last_path artifacts/probes/int...
wandb:      checkpoint_path artifacts/probes/int...
wandb:              dataset intphys2
wandb:      elapsed_seconds 2.42466
wandb:                epoch 20
wandb:    feature_signature cc5f37ae8af7ba58
wandb:                  +22 ...
wandb: 
wandb: 🚀 View run intphys2_linear_ltx_video_layer_noise_0.9_block_12/trial_0010 at: https://wandb.ai/caselli-niccolo-developer-university-of-amsterdam/probe4physics/runs/ycuiz1pt
wandb: ⭐️ View project at: https://wandb.ai/caselli-niccolo-developer-university-of-amsterdam/probe4physics
wandb: Synced 5 W&B file(s), 0 media file(s), 0 artifact file(s) and 0 other file(s)
wandb: Find logs at: ./wandb/run-20260509_140655-ycuiz1pt/logs
[I 2026-05-09 14:06:58,978] Trial 10 finished with value: 9.803921568627452 and parameters: {'lr': 0.006755637894650911, 'weight_decay': 2.5285011481292255e-05, 'batch_size': 256, 'epochs': 20}. Best is trial 1 with value: 15.686274509803921.
wandb: setting up run 8kzf8w2d
wandb: Tracking run with wandb version 0.26.1
wandb: Run data is saved locally in /gpfs/home3/scur0511/Probe4Physics/wandb/run-20260509_140659-8kzf8w2d
wandb: Run `wandb offline` to turn off syncing.
wandb: Syncing run intphys2_linear_ltx_video_layer_noise_0.9_block_12/trial_0011
wandb: ⭐️ View project at https://wandb.ai/caselli-niccolo-developer-university-of-amsterdam/probe4physics
wandb: 🚀 View run at https://wandb.ai/caselli-niccolo-developer-university-of-amsterdam/probe4physics/runs/8kzf8w2d
[eval.intphys2] Starting eval | split_name=val split_dir=data/splits/intphys2 predictor_mode=from_file metadata_file=data/annotations/intphys2_metadata.csv
[eval.intphys2] Loaded split assignments | split_scenes=51 split_samples=204
[eval.intphys2] Generated predictions | n_predictions=204
[eval.intphys2] Scoring complete | accuracy=51.9608 voe_accuracy=9.8039 n_scenes=51 n_samples=204
[eval.intphys2] Artifacts written | output_dir=artifacts/probes/intphys2/intphys2_probe_linear_ltx_video_ltxv_13b_0_9_8_distilled_20260509T102820Z/layer_noise_0.9_block_12/train/trial_0011/val_eval
wandb: updating run metadata
wandb: 
wandb: Run history:
wandb:          epoch ▁▁▁▁▂▂▂▂▂▂▃▃▃▃▃▄▄▄▄▄▅▅▅▅▅▅▆▆▆▆▆▆▇▇▇▇▇███
wandb: train_accuracy ▅▆▃▆▇▃▆▅█▂▃▂▅▄▇▄▄▅▆▆▃▃▄▁▁▇▇▄▄▄▆█▄▆▇▅▆▆▄▄
wandb:     train_loss █▅▃▂▁▁▁▂▁▁▁▁▁▁▁▁▁▁▁▁▁▁▂▁▂▁▁▁▁▁▁▁▁▁▁▁▁▁▁▂
wandb:   val_accuracy ▅▅▅▅█▅▅▅▅▆▆▆▅█▅▅▅▅▅▅█▅▅▅█▃▁▅▅▅▅▅▃▅▅▁▅▅▅▅
wandb:       val_loss █▄▁▁▁▂▂▁▁▁▁▁▁▁▁▁▁▁▁▁▁▁▁▂▁▁▁▁▁▁▁▁▁▁▁▁▁▁▁▂
wandb: 
wandb: Run summary:
wandb:           best_epoch 43
wandb:    best_val_accuracy 51.96078
wandb:        best_val_loss 0.70956
wandb: checkpoint_best_path artifacts/probes/int...
wandb: checkpoint_last_path artifacts/probes/int...
wandb:      checkpoint_path artifacts/probes/int...
wandb:              dataset intphys2
wandb:      elapsed_seconds 3.62584
wandb:                epoch 50
wandb:    feature_signature cc5f37ae8af7ba58
wandb:                  +22 ...
wandb: 
wandb: 🚀 View run intphys2_linear_ltx_video_layer_noise_0.9_block_12/trial_0011 at: https://wandb.ai/caselli-niccolo-developer-university-of-amsterdam/probe4physics/runs/8kzf8w2d
wandb: ⭐️ View project at: https://wandb.ai/caselli-niccolo-developer-university-of-amsterdam/probe4physics
wandb: Synced 5 W&B file(s), 0 media file(s), 0 artifact file(s) and 0 other file(s)
wandb: Find logs at: ./wandb/run-20260509_140659-8kzf8w2d/logs
[I 2026-05-09 14:07:04,364] Trial 11 finished with value: 9.803921568627452 and parameters: {'lr': 0.002076283017790108, 'weight_decay': 1.514076811354012e-07, 'batch_size': 64, 'epochs': 50}. Best is trial 1 with value: 15.686274509803921.
wandb: setting up run y22myn13
wandb: Tracking run with wandb version 0.26.1
wandb: Run data is saved locally in /gpfs/home3/scur0511/Probe4Physics/wandb/run-20260509_140705-y22myn13
wandb: Run `wandb offline` to turn off syncing.
wandb: Syncing run intphys2_linear_ltx_video_layer_noise_0.9_block_12/trial_0012
wandb: ⭐️ View project at https://wandb.ai/caselli-niccolo-developer-university-of-amsterdam/probe4physics
wandb: 🚀 View run at https://wandb.ai/caselli-niccolo-developer-university-of-amsterdam/probe4physics/runs/y22myn13
[eval.intphys2] Starting eval | split_name=val split_dir=data/splits/intphys2 predictor_mode=from_file metadata_file=data/annotations/intphys2_metadata.csv
[eval.intphys2] Loaded split assignments | split_scenes=51 split_samples=204
[eval.intphys2] Generated predictions | n_predictions=204
[eval.intphys2] Scoring complete | accuracy=51.9608 voe_accuracy=11.7647 n_scenes=51 n_samples=204
[eval.intphys2] Artifacts written | output_dir=artifacts/probes/intphys2/intphys2_probe_linear_ltx_video_ltxv_13b_0_9_8_distilled_20260509T102820Z/layer_noise_0.9_block_12/train/trial_0012/val_eval
wandb: uploading wandb-metadata.json; uploading requirements.txt; updating run metadata
wandb: uploading output.log; uploading wandb-summary.json; uploading config.yaml
wandb: 
wandb: Run history:
wandb:          epoch ▁▁▁▁▁▂▂▂▂▃▃▃▃▃▃▄▄▄▄▄▄▄▅▅▅▅▆▆▆▆▇▇▇▇▇▇████
wandb: train_accuracy ▃▅█▇▆▅▅▅▅▄▆▃▂▄▅▅▅█▆█▁▆▄▅▇▄▇▆▃▇▇▇▆▆▄▅▆▆▇▆
wandb:     train_loss █▅▃▃▂▁▁▁▁▁▁▁▁▁▁▁▁▁▁▁▁▁▁▁▁▁▁▁▁▁▁▁▁▁▁▁▁▁▁▁
wandb:   val_accuracy ▆▆▆▆▇▆▆▆▆▅▆▆▆▂▆▆██▃▅▅▆▆▃▆▆▅▁▇▂▅▆▆▆▅▃▆█▃▅
wandb:       val_loss ▃▅█▇▇▅▄▂▁▄▁▂▃▂▁▁▁▂▁▂▇▁▃▆▂▅▁▂▂▁▁▁▁▁▂▁▁▁▂▂
wandb: 
wandb: Run summary:
wandb:           best_epoch 36
wandb:    best_val_accuracy 51.96078
wandb:        best_val_loss 0.69903
wandb: checkpoint_best_path artifacts/probes/int...
wandb: checkpoint_last_path artifacts/probes/int...
wandb:      checkpoint_path artifacts/probes/int...
wandb:              dataset intphys2
wandb:      elapsed_seconds 5.29808
wandb:                epoch 100
wandb:    feature_signature cc5f37ae8af7ba58
wandb:                  +22 ...
wandb: 
wandb: 🚀 View run intphys2_linear_ltx_video_layer_noise_0.9_block_12/trial_0012 at: https://wandb.ai/caselli-niccolo-developer-university-of-amsterdam/probe4physics/runs/y22myn13
wandb: ⭐️ View project at: https://wandb.ai/caselli-niccolo-developer-university-of-amsterdam/probe4physics
wandb: Synced 5 W&B file(s), 0 media file(s), 0 artifact file(s) and 0 other file(s)
wandb: Find logs at: ./wandb/run-20260509_140705-y22myn13/logs
[I 2026-05-09 14:07:11,850] Trial 12 finished with value: 11.76470588235294 and parameters: {'lr': 0.0009037194968674722, 'weight_decay': 1.1034068851722697e-08, 'batch_size': 256, 'epochs': 100}. Best is trial 1 with value: 15.686274509803921.
wandb: setting up run uz0pirex
wandb: Tracking run with wandb version 0.26.1
wandb: Run data is saved locally in /gpfs/home3/scur0511/Probe4Physics/wandb/run-20260509_140712-uz0pirex
wandb: Run `wandb offline` to turn off syncing.
wandb: Syncing run intphys2_linear_ltx_video_layer_noise_0.9_block_12/trial_0013
wandb: ⭐️ View project at https://wandb.ai/caselli-niccolo-developer-university-of-amsterdam/probe4physics
wandb: 🚀 View run at https://wandb.ai/caselli-niccolo-developer-university-of-amsterdam/probe4physics/runs/uz0pirex
[eval.intphys2] Starting eval | split_name=val split_dir=data/splits/intphys2 predictor_mode=from_file metadata_file=data/annotations/intphys2_metadata.csv
[eval.intphys2] Loaded split assignments | split_scenes=51 split_samples=204
[eval.intphys2] Generated predictions | n_predictions=204
[eval.intphys2] Scoring complete | accuracy=50.4902 voe_accuracy=7.8431 n_scenes=51 n_samples=204
[eval.intphys2] Artifacts written | output_dir=artifacts/probes/intphys2/intphys2_probe_linear_ltx_video_ltxv_13b_0_9_8_distilled_20260509T102820Z/layer_noise_0.9_block_12/train/trial_0013/val_eval
wandb: updating run metadata
wandb: uploading wandb-metadata.json; uploading requirements.txt; uploading output.log; uploading wandb-summary.json; uploading config.yaml
wandb: uploading history steps 0-49, summary, console lines 0-4
wandb: 
wandb: Run history:
wandb:          epoch ▁▁▁▁▂▂▂▂▂▂▃▃▃▃▃▄▄▄▄▄▄▅▅▅▅▅▅▆▆▆▆▆▇▇▇▇▇███
wandb: train_accuracy ▅▅▂▄▄▄▄▃▅▅█▄▅▅▅▆▅▆▃▄▆▄▅▁▃▆▄▅▄▄▅▂▁▄▃▄▄▅▆▄
wandb:     train_loss █▆▅▃▃▁▂▂▂▂▂▂▂▂▁▁▁▁▁▁▁▂▁▁▁▁▂▁▂▁▁▂▂▁▂▃▂▁▁▂
wandb:   val_accuracy ▇▇▇▇▇▇▇▇▇▇▇█▇▇▇▇▇██▇▇▇▅▇▇▁▇▁▇▇▅▇▅▇▇▇▇▇▇▇
wandb:       val_loss █▄▃▃▄▂▁▂▂▂▂▁▁▁▂▁▂▁▁▁▂▂▁▁▁▁▂▂▂▂▂▁▁▂▁▂▂▁▁▂
wandb: 
wandb: Run summary:
wandb:           best_epoch 22
wandb:    best_val_accuracy 50.4902
wandb:        best_val_loss 1.24422
wandb: checkpoint_best_path artifacts/probes/int...
wandb: checkpoint_last_path artifacts/probes/int...
wandb:      checkpoint_path artifacts/probes/int...
wandb:              dataset intphys2
wandb:      elapsed_seconds 3.93022
wandb:                epoch 50
wandb:    feature_signature cc5f37ae8af7ba58
wandb:                  +22 ...
wandb: 
wandb: 🚀 View run intphys2_linear_ltx_video_layer_noise_0.9_block_12/trial_0013 at: https://wandb.ai/caselli-niccolo-developer-university-of-amsterdam/probe4physics/runs/uz0pirex
wandb: ⭐️ View project at: https://wandb.ai/caselli-niccolo-developer-university-of-amsterdam/probe4physics
wandb: Synced 5 W&B file(s), 0 media file(s), 0 artifact file(s) and 0 other file(s)
wandb: Find logs at: ./wandb/run-20260509_140712-uz0pirex/logs
[I 2026-05-09 14:07:18,344] Trial 13 finished with value: 7.8431372549019605 and parameters: {'lr': 0.006058481382979522, 'weight_decay': 1.6358579322011463e-05, 'batch_size': 64, 'epochs': 50}. Best is trial 1 with value: 15.686274509803921.
wandb: setting up run hhoplj8p
wandb: Tracking run with wandb version 0.26.1
wandb: Run data is saved locally in /gpfs/home3/scur0511/Probe4Physics/wandb/run-20260509_140719-hhoplj8p
wandb: Run `wandb offline` to turn off syncing.
wandb: Syncing run intphys2_linear_ltx_video_layer_noise_0.9_block_12/trial_0014
wandb: ⭐️ View project at https://wandb.ai/caselli-niccolo-developer-university-of-amsterdam/probe4physics
wandb: 🚀 View run at https://wandb.ai/caselli-niccolo-developer-university-of-amsterdam/probe4physics/runs/hhoplj8p
[eval.intphys2] Starting eval | split_name=val split_dir=data/splits/intphys2 predictor_mode=from_file metadata_file=data/annotations/intphys2_metadata.csv
[eval.intphys2] Loaded split assignments | split_scenes=51 split_samples=204
[eval.intphys2] Generated predictions | n_predictions=204
[eval.intphys2] Scoring complete | accuracy=50.9804 voe_accuracy=9.8039 n_scenes=51 n_samples=204
[eval.intphys2] Artifacts written | output_dir=artifacts/probes/intphys2/intphys2_probe_linear_ltx_video_ltxv_13b_0_9_8_distilled_20260509T102820Z/layer_noise_0.9_block_12/train/trial_0014/val_eval
wandb: updating run metadata
wandb: uploading history steps 0-19, summary, console lines 0-4
wandb: 
wandb: Run history:
wandb:          epoch ▁▁▂▂▂▃▃▄▄▄▅▅▅▆▆▇▇▇██
wandb: train_accuracy ▅▃▅▅▃▁▃▆▂█▇▃▆▁▄▇▅▇▃▃
wandb:     train_loss █▂▁▁▂▁▁▁▁▁▂▁▁▁▁▂▃▂▂▂
wandb:   val_accuracy ▅▁▅▅█▃▅▁▃▃▅▅▅▁▅▅▅▅▅▅
wandb:       val_loss ▇▁▂▁▁▁█▁▁▁▂▃▁▁▁▆▄▄▅▆
wandb: 
wandb: Run summary:
wandb:           best_epoch 5
wandb:    best_val_accuracy 50.98039
wandb:        best_val_loss 0.71836
wandb: checkpoint_best_path artifacts/probes/int...
wandb: checkpoint_last_path artifacts/probes/int...
wandb:      checkpoint_path artifacts/probes/int...
wandb:              dataset intphys2
wandb:      elapsed_seconds 2.87524
wandb:                epoch 20
wandb:    feature_signature cc5f37ae8af7ba58
wandb:                  +22 ...
wandb: 
wandb: 🚀 View run intphys2_linear_ltx_video_layer_noise_0.9_block_12/trial_0014 at: https://wandb.ai/caselli-niccolo-developer-university-of-amsterdam/probe4physics/runs/hhoplj8p
wandb: ⭐️ View project at: https://wandb.ai/caselli-niccolo-developer-university-of-amsterdam/probe4physics
wandb: Synced 5 W&B file(s), 0 media file(s), 0 artifact file(s) and 0 other file(s)
wandb: Find logs at: ./wandb/run-20260509_140719-hhoplj8p/logs
[I 2026-05-09 14:07:23,353] Trial 14 finished with value: 9.803921568627452 and parameters: {'lr': 0.0012913624636890224, 'weight_decay': 2.5675500603998664e-06, 'batch_size': 32, 'epochs': 20}. Best is trial 1 with value: 15.686274509803921.
wandb: setting up run 4430u06g
wandb: Tracking run with wandb version 0.26.1
wandb: Run data is saved locally in /gpfs/home3/scur0511/Probe4Physics/wandb/run-20260509_140724-4430u06g
wandb: Run `wandb offline` to turn off syncing.
wandb: Syncing run intphys2_linear_ltx_video_layer_noise_0.9_block_12/trial_0015
wandb: ⭐️ View project at https://wandb.ai/caselli-niccolo-developer-university-of-amsterdam/probe4physics
wandb: 🚀 View run at https://wandb.ai/caselli-niccolo-developer-university-of-amsterdam/probe4physics/runs/4430u06g
[eval.intphys2] Starting eval | split_name=val split_dir=data/splits/intphys2 predictor_mode=from_file metadata_file=data/annotations/intphys2_metadata.csv
[eval.intphys2] Loaded split assignments | split_scenes=51 split_samples=204
[eval.intphys2] Generated predictions | n_predictions=204
[eval.intphys2] Scoring complete | accuracy=52.4510 voe_accuracy=11.7647 n_scenes=51 n_samples=204
[eval.intphys2] Artifacts written | output_dir=artifacts/probes/intphys2/intphys2_probe_linear_ltx_video_ltxv_13b_0_9_8_distilled_20260509T102820Z/layer_noise_0.9_block_12/train/trial_0015/val_eval
wandb: updating run metadata
wandb: uploading wandb-summary.json; uploading config.yaml; uploading output.log
wandb: 
wandb: Run history:
wandb:          epoch ▁▁▁▂▂▂▂▂▂▃▃▃▄▄▄▄▄▄▄▄▄▄▅▅▅▅▆▆▆▆▆▆▆▆▇▇▇███
wandb: train_accuracy ▂▂▃▃▃▂▅▄▁▃▃▁▂▃▃▃▃▂▃▃▅▃▅▇▄▃▄▃▅▂▃▂▃▃█▅▄▃▁▆
wandb:     train_loss █▆▃▄▁▁▁▁▁▁▁▁▃▂▁▁▂▁▁▁▂▂▁▁▁▂▂▃▂▂▂▂▂▂▂▂▁▂▁▁
wandb:   val_accuracy ▅▅▅▅▅▅▂▅█▆▅▅▅▅▆▅▅▅▂▅▅▅▅▅▅▃▅▁▇▅▅▃▅▁▅▅▅▇▅█
wandb:       val_loss █▄▄▁▁▁▂▂▂▂▁▁▁▃▃▁▃▂▁▁▃▁▁▁▁▃▂▂▂▁▁▁▁▁▁▄▃▃▃▁
wandb: 
wandb: Run summary:
wandb:           best_epoch 181
wandb:    best_val_accuracy 52.45098
wandb:        best_val_loss 0.75696
wandb: checkpoint_best_path artifacts/probes/int...
wandb: checkpoint_last_path artifacts/probes/int...
wandb:      checkpoint_path artifacts/probes/int...
wandb:              dataset intphys2
wandb:      elapsed_seconds 23.93594
wandb:                epoch 500
wandb:    feature_signature cc5f37ae8af7ba58
wandb:                  +22 ...
wandb: 
wandb: 🚀 View run intphys2_linear_ltx_video_layer_noise_0.9_block_12/trial_0015 at: https://wandb.ai/caselli-niccolo-developer-university-of-amsterdam/probe4physics/runs/4430u06g
wandb: ⭐️ View project at: https://wandb.ai/caselli-niccolo-developer-university-of-amsterdam/probe4physics
wandb: Synced 5 W&B file(s), 0 media file(s), 0 artifact file(s) and 0 other file(s)
wandb: Find logs at: ./wandb/run-20260509_140724-4430u06g/logs
[I 2026-05-09 14:07:51,011] Trial 15 finished with value: 11.76470588235294 and parameters: {'lr': 0.0028118866973683215, 'weight_decay': 1.2827775315051943e-07, 'batch_size': 256, 'epochs': 500}. Best is trial 1 with value: 15.686274509803921.
wandb: setting up run 25y0zuvs
wandb: Tracking run with wandb version 0.26.1
wandb: Run data is saved locally in /gpfs/home3/scur0511/Probe4Physics/wandb/run-20260509_140751-25y0zuvs
wandb: Run `wandb offline` to turn off syncing.
wandb: Syncing run intphys2_linear_ltx_video_layer_noise_0.9_block_12/trial_0016
wandb: ⭐️ View project at https://wandb.ai/caselli-niccolo-developer-university-of-amsterdam/probe4physics
wandb: 🚀 View run at https://wandb.ai/caselli-niccolo-developer-university-of-amsterdam/probe4physics/runs/25y0zuvs
[eval.intphys2] Starting eval | split_name=val split_dir=data/splits/intphys2 predictor_mode=from_file metadata_file=data/annotations/intphys2_metadata.csv
[eval.intphys2] Loaded split assignments | split_scenes=51 split_samples=204
[eval.intphys2] Generated predictions | n_predictions=204
[eval.intphys2] Scoring complete | accuracy=52.4510 voe_accuracy=7.8431 n_scenes=51 n_samples=204
[eval.intphys2] Artifacts written | output_dir=artifacts/probes/intphys2/intphys2_probe_linear_ltx_video_ltxv_13b_0_9_8_distilled_20260509T102820Z/layer_noise_0.9_block_12/train/trial_0016/val_eval
wandb: updating run metadata
wandb: uploading config.yaml; uploading output.log; uploading wandb-summary.json
wandb: 
wandb: Run history:
wandb:          epoch ▁▁▂▂▂▂▂▂▂▂▃▃▃▃▃▄▄▄▄▄▄▄▅▅▅▅▅▅▅▆▆▆▆▆▇▇▇▇▇█
wandb: train_accuracy ▂▁▃▂▄▃▃▃▂▄▅▃▄▃▂▃▆▃▄▅▃▂▆▃▅▆▂▂▅▃▃▄▄▄▄█▇▆▆█
wandb:     train_loss ▅▅▄▃▃▃▃▃▃▃▄▂▂▂▇▅▃▂▂▂▂▂▃▃▅▄█▂▂▂▅▃▂▁▁▂▂▁▅▁
wandb:   val_accuracy ▄▁▅▄▃▃▃▆▃▂▅▅▄▂▅▃▅█▅▄▁▂▄▅▆▂▄▅▂▆▆▇▅▁▃▆▂▅▂▃
wandb:       val_loss ▆▁▁▁▁▁▅▂▁▃▃▃▂▂▂▂▂▂▂▂▂▂▂▄▃▄▃▃▃▃▄▃█▃▃▃▄▄▇▄
wandb: 
wandb: Run summary:
wandb:           best_epoch 28
wandb:    best_val_accuracy 52.45098
wandb:        best_val_loss 0.70401
wandb: checkpoint_best_path artifacts/probes/int...
wandb: checkpoint_last_path artifacts/probes/int...
wandb:      checkpoint_path artifacts/probes/int...
wandb:              dataset intphys2
wandb:      elapsed_seconds 158.69475
wandb:                epoch 2000
wandb:    feature_signature cc5f37ae8af7ba58
wandb:                  +22 ...
wandb: 
wandb: 🚀 View run intphys2_linear_ltx_video_layer_noise_0.9_block_12/trial_0016 at: https://wandb.ai/caselli-niccolo-developer-university-of-amsterdam/probe4physics/runs/25y0zuvs
wandb: ⭐️ View project at: https://wandb.ai/caselli-niccolo-developer-university-of-amsterdam/probe4physics
wandb: Synced 5 W&B file(s), 0 media file(s), 0 artifact file(s) and 0 other file(s)
wandb: Find logs at: ./wandb/run-20260509_140751-25y0zuvs/logs
[I 2026-05-09 14:10:33,833] Trial 16 finished with value: 7.8431372549019605 and parameters: {'lr': 0.0005912262965154452, 'weight_decay': 2.665934523115973e-07, 'batch_size': 256, 'epochs': 2000}. Best is trial 1 with value: 15.686274509803921.
wandb: setting up run 90pcqq4r
wandb: Tracking run with wandb version 0.26.1
wandb: Run data is saved locally in /gpfs/home3/scur0511/Probe4Physics/wandb/run-20260509_141035-90pcqq4r
wandb: Run `wandb offline` to turn off syncing.
wandb: Syncing run intphys2_linear_ltx_video_layer_noise_0.9_block_12/trial_0017
wandb: ⭐️ View project at https://wandb.ai/caselli-niccolo-developer-university-of-amsterdam/probe4physics
wandb: 🚀 View run at https://wandb.ai/caselli-niccolo-developer-university-of-amsterdam/probe4physics/runs/90pcqq4r
[eval.intphys2] Starting eval | split_name=val split_dir=data/splits/intphys2 predictor_mode=from_file metadata_file=data/annotations/intphys2_metadata.csv
[eval.intphys2] Loaded split assignments | split_scenes=51 split_samples=204
[eval.intphys2] Generated predictions | n_predictions=204
[eval.intphys2] Scoring complete | accuracy=50.9804 voe_accuracy=7.8431 n_scenes=51 n_samples=204
[eval.intphys2] Artifacts written | output_dir=artifacts/probes/intphys2/intphys2_probe_linear_ltx_video_ltxv_13b_0_9_8_distilled_20260509T102820Z/layer_noise_0.9_block_12/train/trial_0017/val_eval
wandb: updating run metadata
wandb: uploading wandb-metadata.json; uploading requirements.txt; uploading config.yaml
wandb: uploading history steps 0-49, summary, console lines 0-4
wandb: 
wandb: Run history:
wandb:          epoch ▁▁▁▁▂▂▂▂▂▂▃▃▃▃▃▄▄▄▄▄▅▅▅▅▅▆▆▆▆▆▆▇▇▇▇▇▇███
wandb: train_accuracy ▆▄▇▂▂▆▄▂▂▂▄▅▄▆▃▅▁▅▄▆▄▄▁▅▂█▂▇▃▁▂▃▅▄▅▄▄▄▇▂
wandb:     train_loss █▃▂▂▂▅▃▂▂▁▂▅▃▁▂▂▃▄▃▂▂▂▂▃▁▂▁▂▅▃▃▁▄▁▂▂▁▁▁▃
wandb:   val_accuracy ▆▆▆▆▆▆▆▆▄▆▆▆▇▆▄▆▆▅▆▆▆▆▄▅▅▆▆▇▆▆▅▆▃▁▅█▇▆█▆
wandb:       val_loss ▅▅▃▂▄▂▄▃▇▁▄█▁▁▂▅▂▂▂▆▃▃▁▂▂▃▄▃▁▄▂▂▁█▁▆▁▂▂▄
wandb: 
wandb: Run summary:
wandb:           best_epoch 45
wandb:    best_val_accuracy 50.98039
wandb:        best_val_loss 0.85096
wandb: checkpoint_best_path artifacts/probes/int...
wandb: checkpoint_last_path artifacts/probes/int...
wandb:      checkpoint_path artifacts/probes/int...
wandb:              dataset intphys2
wandb:      elapsed_seconds 5.09157
wandb:                epoch 50
wandb:    feature_signature cc5f37ae8af7ba58
wandb:                  +22 ...
wandb: 
wandb: 🚀 View run intphys2_linear_ltx_video_layer_noise_0.9_block_12/trial_0017 at: https://wandb.ai/caselli-niccolo-developer-university-of-amsterdam/probe4physics/runs/90pcqq4r
wandb: ⭐️ View project at: https://wandb.ai/caselli-niccolo-developer-university-of-amsterdam/probe4physics
wandb: Synced 5 W&B file(s), 0 media file(s), 0 artifact file(s) and 0 other file(s)
wandb: Find logs at: ./wandb/run-20260509_141035-90pcqq4r/logs
[I 2026-05-09 14:10:41,936] Trial 17 finished with value: 7.8431372549019605 and parameters: {'lr': 0.0034752685500732045, 'weight_decay': 9.228568746299936e-05, 'batch_size': 32, 'epochs': 50}. Best is trial 1 with value: 15.686274509803921.
wandb: setting up run q0cr7lcr
wandb: Tracking run with wandb version 0.26.1
wandb: Run data is saved locally in /gpfs/home3/scur0511/Probe4Physics/wandb/run-20260509_141043-q0cr7lcr
wandb: Run `wandb offline` to turn off syncing.
wandb: Syncing run intphys2_linear_ltx_video_layer_noise_0.9_block_12/trial_0018
wandb: ⭐️ View project at https://wandb.ai/caselli-niccolo-developer-university-of-amsterdam/probe4physics
wandb: 🚀 View run at https://wandb.ai/caselli-niccolo-developer-university-of-amsterdam/probe4physics/runs/q0cr7lcr
[eval.intphys2] Starting eval | split_name=val split_dir=data/splits/intphys2 predictor_mode=from_file metadata_file=data/annotations/intphys2_metadata.csv
[eval.intphys2] Loaded split assignments | split_scenes=51 split_samples=204
[eval.intphys2] Generated predictions | n_predictions=204
[eval.intphys2] Scoring complete | accuracy=51.9608 voe_accuracy=9.8039 n_scenes=51 n_samples=204
[eval.intphys2] Artifacts written | output_dir=artifacts/probes/intphys2/intphys2_probe_linear_ltx_video_ltxv_13b_0_9_8_distilled_20260509T102820Z/layer_noise_0.9_block_12/train/trial_0018/val_eval
wandb: updating run metadata
wandb: uploading output.log; uploading wandb-summary.json; uploading config.yaml
wandb: 
wandb: Run history:
wandb:          epoch ▁▁▁▁▂▂▂▂▂▃▃▃▃▃▃▃▄▄▄▄▅▅▅▅▅▅▅▆▆▆▆▇▇▇▇▇▇▇██
wandb: train_accuracy ▃█▃▄▄▄▂▃▃▃▅▂▇▃▁▄▇▅▆▄▇▄▅▅▆▅▄▇▄▅▆▄▃▅▅▄▅▅▆▅
wandb:     train_loss █▄▃▂▁▁▁▁▁▁▁▁▁▁▂▄▂▂▂▁▁▁▁▁▁▁▁▁▁▁▁▁▁▁▁▁▁▁▁▂
wandb:   val_accuracy ▅▃▃▂▆▆▂▃▃▃▃▃▂▃▂▁▃▃▃▃▃▃▃▃▁▂▃▃▃▅▆▃▃▁▅▁▃▁▃█
wandb:       val_loss ▄▂█▁▁▁▂▅▂▇▆▁█▂█▁▂▁▂▅▁▁▁▁▂▁▂▅▂▁▁▁▁▃▁▁▂▁▅▂
wandb: 
wandb: Run summary:
wandb:           best_epoch 98
wandb:    best_val_accuracy 51.96078
wandb:        best_val_loss 0.71345
wandb: checkpoint_best_path artifacts/probes/int...
wandb: checkpoint_last_path artifacts/probes/int...
wandb:      checkpoint_path artifacts/probes/int...
wandb:              dataset intphys2
wandb:      elapsed_seconds 6.20539
wandb:                epoch 100
wandb:    feature_signature cc5f37ae8af7ba58
wandb:                  +22 ...
wandb: 
wandb: 🚀 View run intphys2_linear_ltx_video_layer_noise_0.9_block_12/trial_0018 at: https://wandb.ai/caselli-niccolo-developer-university-of-amsterdam/probe4physics/runs/q0cr7lcr
wandb: ⭐️ View project at: https://wandb.ai/caselli-niccolo-developer-university-of-amsterdam/probe4physics
wandb: Synced 5 W&B file(s), 0 media file(s), 0 artifact file(s) and 0 other file(s)
wandb: Find logs at: ./wandb/run-20260509_141043-q0cr7lcr/logs
[I 2026-05-09 14:10:51,202] Trial 18 finished with value: 9.803921568627452 and parameters: {'lr': 0.0005619290209360322, 'weight_decay': 1.3152041559862772e-06, 'batch_size': 64, 'epochs': 100}. Best is trial 1 with value: 15.686274509803921.
wandb: setting up run wpg72egz
wandb: Tracking run with wandb version 0.26.1
wandb: Run data is saved locally in /gpfs/home3/scur0511/Probe4Physics/wandb/run-20260509_141051-wpg72egz
wandb: Run `wandb offline` to turn off syncing.
wandb: Syncing run intphys2_linear_ltx_video_layer_noise_0.9_block_12/trial_0019
wandb: ⭐️ View project at https://wandb.ai/caselli-niccolo-developer-university-of-amsterdam/probe4physics
wandb: 🚀 View run at https://wandb.ai/caselli-niccolo-developer-university-of-amsterdam/probe4physics/runs/wpg72egz
[eval.intphys2] Starting eval | split_name=val split_dir=data/splits/intphys2 predictor_mode=from_file metadata_file=data/annotations/intphys2_metadata.csv
[eval.intphys2] Loaded split assignments | split_scenes=51 split_samples=204
[eval.intphys2] Generated predictions | n_predictions=204
[eval.intphys2] Scoring complete | accuracy=52.4510 voe_accuracy=11.7647 n_scenes=51 n_samples=204
[eval.intphys2] Artifacts written | output_dir=artifacts/probes/intphys2/intphys2_probe_linear_ltx_video_ltxv_13b_0_9_8_distilled_20260509T102820Z/layer_noise_0.9_block_12/train/trial_0019/val_eval
wandb: updating run metadata
wandb: uploading wandb-metadata.json; uploading requirements.txt; uploading output.log; uploading wandb-summary.json; uploading config.yaml
wandb: uploading history steps 0-49, summary, console lines 0-4
wandb: 
wandb: Run history:
wandb:          epoch ▁▁▁▁▂▂▂▂▂▃▃▃▃▃▃▄▄▄▄▄▅▅▅▅▅▅▆▆▆▆▆▆▇▇▇▇▇███
wandb: train_accuracy ▁▁▆▄▄▄▅▅▄▅▅▅▄▆▅▃▄▄▅▆▆▅▆▆▇▆▅▇▅▆▅▆▆▆▆▇▅▆▆█
wandb:     train_loss █▄▅▅▄▄▃▃▃▂▂▂▂▂▂▂▂▂▂▁▁▂▁▂▁▂▁▁▁▁▁▁▁▁▁▁▁▁▁▁
wandb:   val_accuracy ▂▃▄▅▃▂▅▄▄▄▅▅▅▃▆▅▃▄▆▄▄▅▄▅▄▄▇▄▅▅▃▃▁▅▆▅█▆▅▆
wandb:       val_loss ▅█▇▄▅▄▄▄▃▃▃▂▂▂▂▂▂▂▂▂▂▁▁▁▁▁▁▁▁▁▁▁▁▁▁▁▁▁▁▁
wandb: 
wandb: Run summary:
wandb:           best_epoch 46
wandb:    best_val_accuracy 52.45098
wandb:        best_val_loss 0.70471
wandb: checkpoint_best_path artifacts/probes/int...
wandb: checkpoint_last_path artifacts/probes/int...
wandb:      checkpoint_path artifacts/probes/int...
wandb:              dataset intphys2
wandb:      elapsed_seconds 3.18924
wandb:                epoch 50
wandb:    feature_signature cc5f37ae8af7ba58
wandb:                  +22 ...
wandb: 
wandb: 🚀 View run intphys2_linear_ltx_video_layer_noise_0.9_block_12/trial_0019 at: https://wandb.ai/caselli-niccolo-developer-university-of-amsterdam/probe4physics/runs/wpg72egz
wandb: ⭐️ View project at: https://wandb.ai/caselli-niccolo-developer-university-of-amsterdam/probe4physics
wandb: Synced 5 W&B file(s), 0 media file(s), 0 artifact file(s) and 0 other file(s)
wandb: Find logs at: ./wandb/run-20260509_141051-wpg72egz/logs
[I 2026-05-09 14:10:57,147] Trial 19 finished with value: 11.76470588235294 and parameters: {'lr': 2.9686604307577442e-05, 'weight_decay': 4.23305573403652e-08, 'batch_size': 256, 'epochs': 50}. Best is trial 1 with value: 15.686274509803921.
[eval.intphys2] Starting eval | split_name=train split_dir=data/splits/intphys2 predictor_mode=from_file metadata_file=data/annotations/intphys2_metadata.csv
[eval.intphys2] Loaded split assignments | split_scenes=151 split_samples=604
[eval.intphys2] Generated predictions | n_predictions=604
[eval.intphys2] Scoring complete | accuracy=51.4901 voe_accuracy=18.5430 n_scenes=151 n_samples=604
[eval.intphys2] Artifacts written | output_dir=artifacts/probes/intphys2/intphys2_probe_linear_ltx_video_ltxv_13b_0_9_8_distilled_20260509T102820Z/layer_noise_0.9_block_12/eval/train
[eval.intphys2] Starting eval | split_name=val split_dir=data/splits/intphys2 predictor_mode=from_file metadata_file=data/annotations/intphys2_metadata.csv
[eval.intphys2] Loaded split assignments | split_scenes=51 split_samples=204
[eval.intphys2] Generated predictions | n_predictions=204
[eval.intphys2] Scoring complete | accuracy=50.9804 voe_accuracy=15.6863 n_scenes=51 n_samples=204
[eval.intphys2] Artifacts written | output_dir=artifacts/probes/intphys2/intphys2_probe_linear_ltx_video_ltxv_13b_0_9_8_distilled_20260509T102820Z/layer_noise_0.9_block_12/eval/val
[eval.intphys2] Starting eval | split_name=test split_dir=data/splits/intphys2 predictor_mode=from_file metadata_file=data/annotations/intphys2_metadata.csv
[eval.intphys2] Loaded split assignments | split_scenes=51 split_samples=204
[eval.intphys2] Generated predictions | n_predictions=204
[eval.intphys2] Scoring complete | accuracy=50.9804 voe_accuracy=19.6078 n_scenes=51 n_samples=204
[eval.intphys2] Artifacts written | output_dir=artifacts/probes/intphys2/intphys2_probe_linear_ltx_video_ltxv_13b_0_9_8_distilled_20260509T102820Z/layer_noise_0.9_block_12/eval/test
[I 2026-05-09 14:10:58,400] A new study created in RDB with name: intphys2_linear_ltx_video_layer_noise_0.9_block_24
wandb: setting up run oi9dwk9f
wandb: Tracking run with wandb version 0.26.1
wandb: Run data is saved locally in /gpfs/home3/scur0511/Probe4Physics/wandb/run-20260509_141059-oi9dwk9f
wandb: Run `wandb offline` to turn off syncing.
wandb: Syncing run intphys2_linear_ltx_video_layer_noise_0.9_block_24/trial_0000
wandb: ⭐️ View project at https://wandb.ai/caselli-niccolo-developer-university-of-amsterdam/probe4physics
wandb: 🚀 View run at https://wandb.ai/caselli-niccolo-developer-university-of-amsterdam/probe4physics/runs/oi9dwk9f
[eval.intphys2] Starting eval | split_name=val split_dir=data/splits/intphys2 predictor_mode=from_file metadata_file=data/annotations/intphys2_metadata.csv
[eval.intphys2] Loaded split assignments | split_scenes=51 split_samples=204
[eval.intphys2] Generated predictions | n_predictions=204
[eval.intphys2] Scoring complete | accuracy=53.9216 voe_accuracy=9.8039 n_scenes=51 n_samples=204
[eval.intphys2] Artifacts written | output_dir=artifacts/probes/intphys2/intphys2_probe_linear_ltx_video_ltxv_13b_0_9_8_distilled_20260509T102820Z/layer_noise_0.9_block_24/train/trial_0000/val_eval
wandb: updating run metadata
wandb: uploading output.log; uploading wandb-summary.json; uploading config.yaml
wandb: 
wandb: Run history:
wandb:          epoch ▁▁▁▁▁▂▂▂▂▃▃▃▃▃▃▃▃▄▄▄▄▅▅▅▅▆▆▆▆▆▇▇▇▇▇█████
wandb: train_accuracy ▁▂▁▂▄▂▁▃▄▃▃▄▆▅▄▄▅▅▃▄▃▅▅▆▆▃▄▇██▃▇▇▆▆▆▇▅▅▆
wandb:     train_loss ██▆▅▅▅▅▄▅▅▄▇▅▄▄▄▄▄▄▄▃▂▃▂▃▃▂▂▂▂▁▁▁▂▁▂▁▁▁▄
wandb:   val_accuracy ▅▆▄▆▂▄▅▆▃▇▄▆▆▃▄▇█▆▃▂▃█▆▅▂▃▂▃▆▃▆▁▅▄▂▃▂▂▃▃
wandb:       val_loss ▂▁▁▁▁▂▂▂▂▂▄▂▃▄▂▃▃▃▃▄▄▅▅▇▅▅▆▅▅▆▅▆▆▆▆▆▇▇██
wandb: 
wandb: Run summary:
wandb:           best_epoch 51
wandb:    best_val_accuracy 53.92157
wandb:        best_val_loss 0.70233
wandb: checkpoint_best_path artifacts/probes/int...
wandb: checkpoint_last_path artifacts/probes/int...
wandb:      checkpoint_path artifacts/probes/int...
wandb:              dataset intphys2
wandb:      elapsed_seconds 188.52255
wandb:                epoch 2000
wandb:    feature_signature cc5f37ae8af7ba58
wandb:                  +22 ...
wandb: 
wandb: 🚀 View run intphys2_linear_ltx_video_layer_noise_0.9_block_24/trial_0000 at: https://wandb.ai/caselli-niccolo-developer-university-of-amsterdam/probe4physics/runs/oi9dwk9f
wandb: ⭐️ View project at: https://wandb.ai/caselli-niccolo-developer-university-of-amsterdam/probe4physics
wandb: Synced 5 W&B file(s), 0 media file(s), 0 artifact file(s) and 0 other file(s)
wandb: Find logs at: ./wandb/run-20260509_141059-oi9dwk9f/logs
[I 2026-05-09 14:14:10,626] Trial 0 finished with value: 9.803921568627452 and parameters: {'lr': 0.0001329291894316216, 'weight_decay': 0.005061576888752304, 'batch_size': 32, 'epochs': 2000}. Best is trial 0 with value: 9.803921568627452.
wandb: setting up run 4dgke9rd
wandb: Tracking run with wandb version 0.26.1
wandb: Run data is saved locally in /gpfs/home3/scur0511/Probe4Physics/wandb/run-20260509_141411-4dgke9rd
wandb: Run `wandb offline` to turn off syncing.
wandb: Syncing run intphys2_linear_ltx_video_layer_noise_0.9_block_24/trial_0001
wandb: ⭐️ View project at https://wandb.ai/caselli-niccolo-developer-university-of-amsterdam/probe4physics
wandb: 🚀 View run at https://wandb.ai/caselli-niccolo-developer-university-of-amsterdam/probe4physics/runs/4dgke9rd
[eval.intphys2] Starting eval | split_name=val split_dir=data/splits/intphys2 predictor_mode=from_file metadata_file=data/annotations/intphys2_metadata.csv
[eval.intphys2] Loaded split assignments | split_scenes=51 split_samples=204
[eval.intphys2] Generated predictions | n_predictions=204
[eval.intphys2] Scoring complete | accuracy=51.4706 voe_accuracy=7.8431 n_scenes=51 n_samples=204
[eval.intphys2] Artifacts written | output_dir=artifacts/probes/intphys2/intphys2_probe_linear_ltx_video_ltxv_13b_0_9_8_distilled_20260509T102820Z/layer_noise_0.9_block_24/train/trial_0001/val_eval
wandb: updating run metadata
wandb: uploading output.log; uploading wandb-summary.json; uploading config.yaml
wandb: 
wandb: Run history:
wandb:          epoch ▁▁▁▁▁▂▂▂▃▃▃▃▄▄▄▄▄▄▅▅▅▅▅▅▅▆▆▆▆▇▇▇▇▇▇▇████
wandb: train_accuracy ▃▄▄▃▄▃▄▄▅▅▄▅▆▁▄▅▅▅▃▄▃▄▅▄▃▆▄▄▇▆▄▆▅▅▅▄▄█▅▅
wandb:     train_loss ▇█▄▂▂▁▁▁▁▁▁▁▁▁▁▁▂▂▂▁▁▁▁▁▁▁▁▁▁▁▁▁▁▁▁▁▁▁▁▁
wandb:   val_accuracy ▅▅▅▅▅▅▆▅▁▁▅▅▅▅▅▅▅▅▅▂▅▅▅▇▅▅▃▅▅█▁▆▇▃▃▅▇▅▅▅
wandb:       val_loss █▇▅▃▁▁▁▁▁▁▁▁▁▂▂▂▂▁▁▁▁▁▁▁▁▁▁▁▁▁▁▁▁▁▁▁▁▁▁▁
wandb: 
wandb: Run summary:
wandb:           best_epoch 69
wandb:    best_val_accuracy 51.47059
wandb:        best_val_loss 0.72718
wandb: checkpoint_best_path artifacts/probes/int...
wandb: checkpoint_last_path artifacts/probes/int...
wandb:      checkpoint_path artifacts/probes/int...
wandb:              dataset intphys2
wandb:      elapsed_seconds 6.29438
wandb:                epoch 100
wandb:    feature_signature cc5f37ae8af7ba58
wandb:                  +22 ...
wandb: 
wandb: 🚀 View run intphys2_linear_ltx_video_layer_noise_0.9_block_24/trial_0001 at: https://wandb.ai/caselli-niccolo-developer-university-of-amsterdam/probe4physics/runs/4dgke9rd
wandb: ⭐️ View project at: https://wandb.ai/caselli-niccolo-developer-university-of-amsterdam/probe4physics
wandb: Synced 5 W&B file(s), 0 media file(s), 0 artifact file(s) and 0 other file(s)
wandb: Find logs at: ./wandb/run-20260509_141411-4dgke9rd/logs
[I 2026-05-09 14:14:19,345] Trial 1 finished with value: 7.8431372549019605 and parameters: {'lr': 0.00314288089084011, 'weight_decay': 1.879466824163843e-07, 'batch_size': 256, 'epochs': 100}. Best is trial 0 with value: 9.803921568627452.
wandb: setting up run 4etfev8h
wandb: Tracking run with wandb version 0.26.1
wandb: Run data is saved locally in /gpfs/home3/scur0511/Probe4Physics/wandb/run-20260509_141419-4etfev8h
wandb: Run `wandb offline` to turn off syncing.
wandb: Syncing run intphys2_linear_ltx_video_layer_noise_0.9_block_24/trial_0002
wandb: ⭐️ View project at https://wandb.ai/caselli-niccolo-developer-university-of-amsterdam/probe4physics
wandb: 🚀 View run at https://wandb.ai/caselli-niccolo-developer-university-of-amsterdam/probe4physics/runs/4etfev8h
[eval.intphys2] Starting eval | split_name=val split_dir=data/splits/intphys2 predictor_mode=from_file metadata_file=data/annotations/intphys2_metadata.csv
[eval.intphys2] Loaded split assignments | split_scenes=51 split_samples=204
[eval.intphys2] Generated predictions | n_predictions=204
[eval.intphys2] Scoring complete | accuracy=53.9216 voe_accuracy=3.9216 n_scenes=51 n_samples=204
[eval.intphys2] Artifacts written | output_dir=artifacts/probes/intphys2/intphys2_probe_linear_ltx_video_ltxv_13b_0_9_8_distilled_20260509T102820Z/layer_noise_0.9_block_24/train/trial_0002/val_eval
wandb: updating run metadata
wandb: uploading output.log; uploading wandb-summary.json; uploading config.yaml
wandb: uploading history steps 865-999, summary, console lines 0-4
wandb: 
wandb: Run history:
wandb:          epoch ▁▁▂▂▂▂▂▂▂▂▃▃▄▄▄▄▄▄▄▄▅▅▅▆▆▆▆▆▆▆▇▇▇▇▇▇▇▇██
wandb: train_accuracy ▁▁▁▂▁▃▂▂▂▂▃▂▁▂▄▃▄▄▄▄▇▃▆▅▅▆▅▅▅▅▅▇▇▆▇▃▇▃█▇
wandb:     train_loss ▅▅▄▄▄▄▃▃▄▃▃▃▃▃▃▂▃▂▃▂▂▄▄▄▂▂▂▂▂█▂▁▂▂▁▁▂▁▂▁
wandb:   val_accuracy ▅▅▅▆▄█▇▄▃▅▂▆▆▃▆▂▅▄▄▆▅▃▆▅▃▁█▄▃▃▅▇▄▄▆▅▅▆▃▄
wandb:       val_loss ▂▁▁▂▁▁▂▂▂▂▄▃▂▂▂▂▃▃▃▃▃▃▃▄▄▄▄▆█▅▆▅▅▅▅▅▆▅▆▆
wandb: 
wandb: Run summary:
wandb:           best_epoch 107
wandb:    best_val_accuracy 53.92157
wandb:        best_val_loss 0.70271
wandb: checkpoint_best_path artifacts/probes/int...
wandb: checkpoint_last_path artifacts/probes/int...
wandb:      checkpoint_path artifacts/probes/int...
wandb:              dataset intphys2
wandb:      elapsed_seconds 56.33305
wandb:                epoch 1000
wandb:    feature_signature cc5f37ae8af7ba58
wandb:                  +22 ...
wandb: 
wandb: 🚀 View run intphys2_linear_ltx_video_layer_noise_0.9_block_24/trial_0002 at: https://wandb.ai/caselli-niccolo-developer-university-of-amsterdam/probe4physics/runs/4etfev8h
wandb: ⭐️ View project at: https://wandb.ai/caselli-niccolo-developer-university-of-amsterdam/probe4physics
wandb: Synced 5 W&B file(s), 0 media file(s), 0 artifact file(s) and 0 other file(s)
wandb: Find logs at: ./wandb/run-20260509_141419-4etfev8h/logs
[I 2026-05-09 14:15:20,019] Trial 2 finished with value: 3.9215686274509802 and parameters: {'lr': 0.00023345864076016249, 'weight_decay': 0.0005141096648805752, 'batch_size': 128, 'epochs': 1000}. Best is trial 0 with value: 9.803921568627452.
wandb: setting up run jxa2pcy9
wandb: Tracking run with wandb version 0.26.1
wandb: Run data is saved locally in /gpfs/home3/scur0511/Probe4Physics/wandb/run-20260509_141521-jxa2pcy9
wandb: Run `wandb offline` to turn off syncing.
wandb: Syncing run intphys2_linear_ltx_video_layer_noise_0.9_block_24/trial_0003
wandb: ⭐️ View project at https://wandb.ai/caselli-niccolo-developer-university-of-amsterdam/probe4physics
wandb: 🚀 View run at https://wandb.ai/caselli-niccolo-developer-university-of-amsterdam/probe4physics/runs/jxa2pcy9
[eval.intphys2] Starting eval | split_name=val split_dir=data/splits/intphys2 predictor_mode=from_file metadata_file=data/annotations/intphys2_metadata.csv
[eval.intphys2] Loaded split assignments | split_scenes=51 split_samples=204
[eval.intphys2] Generated predictions | n_predictions=204
[eval.intphys2] Scoring complete | accuracy=51.9608 voe_accuracy=3.9216 n_scenes=51 n_samples=204
[eval.intphys2] Artifacts written | output_dir=artifacts/probes/intphys2/intphys2_probe_linear_ltx_video_ltxv_13b_0_9_8_distilled_20260509T102820Z/layer_noise_0.9_block_24/train/trial_0003/val_eval
wandb: updating run metadata
wandb: uploading wandb-summary.json; uploading config.yaml; uploading wandb-metadata.json; uploading requirements.txt; uploading output.log
wandb: uploading wandb-metadata.json
wandb: 
wandb: Run history:
wandb:          epoch ▁▁▁▁▂▂▂▂▂▂▃▃▃▃▃▄▄▄▄▄▄▅▅▅▅▅▆▆▆▆▆▆▇▇▇▇▇███
wandb: train_accuracy ▄▆▄▆▄▅▆▄▆▆▆▅▇▅▅▇▅▅▅▅▄▄▅▆▄▅▅▅▃▇▁▆▇▄▆▆▅▇▇█
wandb:     train_loss █▄▂▃▂▂▂▂▂▂▁▁▂▂▂▂▁▂▁▂▁▁▁▁▂▁▂▁▂▂▁▁▂▁▁▂▁▁▁▁
wandb:   val_accuracy ▆▆▅▅▆▆█▅▆▄▁▃▇▄▅▇▄▃▅▇█▆▅▆▅▇▆▄▅▃▆▄▆▆▇▄▇▅▅▅
wandb:       val_loss ▄▃▃▄▂▁▂▂▁▂▁▄▁▁▁▁▃▂▁▄▁▁▂▁▂▁▁▁█▂▂▁▁▁▁▂▁▃▁▆
wandb: 
wandb: Run summary:
wandb:           best_epoch 26
wandb:    best_val_accuracy 51.96078
wandb:        best_val_loss 0.70302
wandb: checkpoint_best_path artifacts/probes/int...
wandb: checkpoint_last_path artifacts/probes/int...
wandb:      checkpoint_path artifacts/probes/int...
wandb:              dataset intphys2
wandb:      elapsed_seconds 4.50907
wandb:                epoch 50
wandb:    feature_signature cc5f37ae8af7ba58
wandb:                  +22 ...
wandb: 
wandb: 🚀 View run intphys2_linear_ltx_video_layer_noise_0.9_block_24/trial_0003 at: https://wandb.ai/caselli-niccolo-developer-university-of-amsterdam/probe4physics/runs/jxa2pcy9
wandb: ⭐️ View project at: https://wandb.ai/caselli-niccolo-developer-university-of-amsterdam/probe4physics
wandb: Synced 5 W&B file(s), 0 media file(s), 0 artifact file(s) and 0 other file(s)
wandb: Find logs at: ./wandb/run-20260509_141521-jxa2pcy9/logs
[I 2026-05-09 14:15:27,830] Trial 3 finished with value: 3.9215686274509802 and parameters: {'lr': 8.200518402245828e-05, 'weight_decay': 3.855073690026179e-08, 'batch_size': 32, 'epochs': 50}. Best is trial 0 with value: 9.803921568627452.
wandb: setting up run dhb4m5lw
wandb: Tracking run with wandb version 0.26.1
wandb: Run data is saved locally in /gpfs/home3/scur0511/Probe4Physics/wandb/run-20260509_141528-dhb4m5lw
wandb: Run `wandb offline` to turn off syncing.
wandb: Syncing run intphys2_linear_ltx_video_layer_noise_0.9_block_24/trial_0004
wandb: ⭐️ View project at https://wandb.ai/caselli-niccolo-developer-university-of-amsterdam/probe4physics
wandb: 🚀 View run at https://wandb.ai/caselli-niccolo-developer-university-of-amsterdam/probe4physics/runs/dhb4m5lw
[eval.intphys2] Starting eval | split_name=val split_dir=data/splits/intphys2 predictor_mode=from_file metadata_file=data/annotations/intphys2_metadata.csv
[eval.intphys2] Loaded split assignments | split_scenes=51 split_samples=204
[eval.intphys2] Generated predictions | n_predictions=204
[eval.intphys2] Scoring complete | accuracy=51.4706 voe_accuracy=5.8824 n_scenes=51 n_samples=204
[eval.intphys2] Artifacts written | output_dir=artifacts/probes/intphys2/intphys2_probe_linear_ltx_video_ltxv_13b_0_9_8_distilled_20260509T102820Z/layer_noise_0.9_block_24/train/trial_0004/val_eval
wandb: updating run metadata
wandb: uploading requirements.txt; uploading output.log; uploading wandb-summary.json; uploading wandb-metadata.json
wandb: uploading history steps 0-49, summary, console lines 0-4
wandb: 
wandb: Run history:
wandb:          epoch ▁▁▁▁▂▂▂▂▂▃▃▃▃▃▃▄▄▄▄▄▅▅▅▅▅▆▆▆▆▆▆▇▇▇▇▇▇███
wandb: train_accuracy ▁▂▁▅▃▆▅▁▁▃▅▆▃▅▃▂▃▁▇▂█▂▆▂▅▆▇▆▄▇▁█▅▄▃▄▆▆▆▅
wandb:     train_loss █▂▂▂▃▂▂▃▂▂▄▃▄▁▁▂▁▁▂▃▃▃▂▁▃▂▁▃▂▃▁▂▃▂▁▁▁▁▁▃
wandb:   val_accuracy ▆▄▅▅▅▅█▆▇▁▅▆▅▃▅▄▇▆▁▄▅▂█▄▅▄▆▅▅▆▅▅▅▅▅▅▆▄▆▅
wandb:       val_loss ▃▂▁▅▄▇▁▂▁█▃▂▂▂▂▁▁▂▄▂▁▁▃▆▂▂▄▁▁▄▂▅▁▁▂▂▁▁▂▁
wandb: 
wandb: Run summary:
wandb:           best_epoch 8
wandb:    best_val_accuracy 51.47059
wandb:        best_val_loss 0.71034
wandb: checkpoint_best_path artifacts/probes/int...
wandb: checkpoint_last_path artifacts/probes/int...
wandb:      checkpoint_path artifacts/probes/int...
wandb:              dataset intphys2
wandb:      elapsed_seconds 4.48145
wandb:                epoch 50
wandb:    feature_signature cc5f37ae8af7ba58
wandb:                  +22 ...
wandb: 
wandb: 🚀 View run intphys2_linear_ltx_video_layer_noise_0.9_block_24/trial_0004 at: https://wandb.ai/caselli-niccolo-developer-university-of-amsterdam/probe4physics/runs/dhb4m5lw
wandb: ⭐️ View project at: https://wandb.ai/caselli-niccolo-developer-university-of-amsterdam/probe4physics
wandb: Synced 5 W&B file(s), 0 media file(s), 0 artifact file(s) and 0 other file(s)
wandb: Find logs at: ./wandb/run-20260509_141528-dhb4m5lw/logs
[I 2026-05-09 14:15:35,360] Trial 4 finished with value: 5.88235294117647 and parameters: {'lr': 0.00043664735929796326, 'weight_decay': 1.2856617791467908e-07, 'batch_size': 32, 'epochs': 50}. Best is trial 0 with value: 9.803921568627452.
wandb: setting up run h2t80wea
wandb: Tracking run with wandb version 0.26.1
wandb: Run data is saved locally in /gpfs/home3/scur0511/Probe4Physics/wandb/run-20260509_141536-h2t80wea
wandb: Run `wandb offline` to turn off syncing.
wandb: Syncing run intphys2_linear_ltx_video_layer_noise_0.9_block_24/trial_0005
wandb: ⭐️ View project at https://wandb.ai/caselli-niccolo-developer-university-of-amsterdam/probe4physics
wandb: 🚀 View run at https://wandb.ai/caselli-niccolo-developer-university-of-amsterdam/probe4physics/runs/h2t80wea
[eval.intphys2] Starting eval | split_name=val split_dir=data/splits/intphys2 predictor_mode=from_file metadata_file=data/annotations/intphys2_metadata.csv
[eval.intphys2] Loaded split assignments | split_scenes=51 split_samples=204
[eval.intphys2] Generated predictions | n_predictions=204
[eval.intphys2] Scoring complete | accuracy=53.4314 voe_accuracy=7.8431 n_scenes=51 n_samples=204
[eval.intphys2] Artifacts written | output_dir=artifacts/probes/intphys2/intphys2_probe_linear_ltx_video_ltxv_13b_0_9_8_distilled_20260509T102820Z/layer_noise_0.9_block_24/train/trial_0005/val_eval
wandb: updating run metadata
wandb: uploading output.log; uploading wandb-summary.json; uploading config.yaml
wandb: 
wandb: Run history:
wandb:          epoch ▁▁▁▁▂▂▂▂▂▂▃▃▃▃▃▄▄▄▄▄▅▅▅▅▅▅▅▅▅▆▆▆▇▇▇▇████
wandb: train_accuracy ▁▁▄▂▃▂▃▂▂▁▆▂▁▃▅▃▄▄▅▅▄▄▂▆▆▃▆▆▅▇▃▄▆█▇▆▆▄▇█
wandb:     train_loss ▅█▆▆▅▅▄▅▄▄▆▃▅▄▄▂▄▅▃▅▃▃▂▂▃▃▂▃▃▄▇▂▂▁▁▁█▃▂▂
wandb:   val_accuracy ▃▆▅▅▆▄▅▄▆▅▄▁▅▅▅▅▅▅▃▁▄▂▅▅▄▄▃▆▃▃▅▂▄▅▄▄▇▅█▃
wandb:       val_loss ▄▁▁▅▁▁▁▁▁▃▂▂▁▂▂▂▅▂▃▂▂▅▂▂▂▃▃▃▄▄▃▃▄▄▄▄▆█▄▄
wandb: 
wandb: Run summary:
wandb:           best_epoch 109
wandb:    best_val_accuracy 53.43137
wandb:        best_val_loss 0.70592
wandb: checkpoint_best_path artifacts/probes/int...
wandb: checkpoint_last_path artifacts/probes/int...
wandb:      checkpoint_path artifacts/probes/int...
wandb:              dataset intphys2
wandb:      elapsed_seconds 33.88602
wandb:                epoch 500
wandb:    feature_signature cc5f37ae8af7ba58
wandb:                  +22 ...
wandb: 
wandb: 🚀 View run intphys2_linear_ltx_video_layer_noise_0.9_block_24/trial_0005 at: https://wandb.ai/caselli-niccolo-developer-university-of-amsterdam/probe4physics/runs/h2t80wea
wandb: ⭐️ View project at: https://wandb.ai/caselli-niccolo-developer-university-of-amsterdam/probe4physics
wandb: Synced 5 W&B file(s), 0 media file(s), 0 artifact file(s) and 0 other file(s)
wandb: Find logs at: ./wandb/run-20260509_141536-h2t80wea/logs
[I 2026-05-09 14:16:13,027] Trial 5 finished with value: 7.8431372549019605 and parameters: {'lr': 0.00014656553886225324, 'weight_decay': 4.247116662617142e-07, 'batch_size': 32, 'epochs': 500}. Best is trial 0 with value: 9.803921568627452.
wandb: setting up run i4lfy26x
wandb: Tracking run with wandb version 0.26.1
wandb: Run data is saved locally in /gpfs/home3/scur0511/Probe4Physics/wandb/run-20260509_141613-i4lfy26x
wandb: Run `wandb offline` to turn off syncing.
wandb: Syncing run intphys2_linear_ltx_video_layer_noise_0.9_block_24/trial_0006
wandb: ⭐️ View project at https://wandb.ai/caselli-niccolo-developer-university-of-amsterdam/probe4physics
wandb: 🚀 View run at https://wandb.ai/caselli-niccolo-developer-university-of-amsterdam/probe4physics/runs/i4lfy26x
[eval.intphys2] Starting eval | split_name=val split_dir=data/splits/intphys2 predictor_mode=from_file metadata_file=data/annotations/intphys2_metadata.csv
[eval.intphys2] Loaded split assignments | split_scenes=51 split_samples=204
[eval.intphys2] Generated predictions | n_predictions=204
[eval.intphys2] Scoring complete | accuracy=53.4314 voe_accuracy=1.9608 n_scenes=51 n_samples=204
[eval.intphys2] Artifacts written | output_dir=artifacts/probes/intphys2/intphys2_probe_linear_ltx_video_ltxv_13b_0_9_8_distilled_20260509T102820Z/layer_noise_0.9_block_24/train/trial_0006/val_eval
wandb: updating run metadata
wandb: uploading output.log; uploading wandb-summary.json; uploading config.yaml
wandb: 
wandb: Run history:
wandb:          epoch ▁▁▁▁▁▁▂▂▂▂▂▂▂▃▃▃▃▃▄▄▄▄▅▅▅▅▅▆▆▆▆▇▇▇▇▇████
wandb: train_accuracy ▃▄▄▅▅▅▄▄▁▂▄▄▅▄▅▇▅▅▅▄▅▃▇▃▅▄▄▄▆▅▅▆▇▅▄▄▅▄▆█
wandb:     train_loss █▅▃▃▃▃▃▂▂▂▂▂▂▂▂▂▂▂▂▂▂▁▁▁▁▁▁▁▁▁▁▁▁▁▁▁▁▁▁▁
wandb:   val_accuracy ▄▃▄▅▁▅▄▄▂▄▇▅▆▅▅▅█▅▄▄▆▄▃▇▅▅▄▅▄▄▅▄▅▅▄▄▄▄▅▅
wandb:       val_loss █▅▄▅▅▃▃▃▃▃▂▂▂▂▂▁▁▁▁▁▁▁▁▁▁▁▁▁▁▁▁▁▁▁▁▁▁▁▁▁
wandb: 
wandb: Run summary:
wandb:           best_epoch 44
wandb:    best_val_accuracy 53.43137
wandb:        best_val_loss 0.71965
wandb: checkpoint_best_path artifacts/probes/int...
wandb: checkpoint_last_path artifacts/probes/int...
wandb:      checkpoint_path artifacts/probes/int...
wandb:              dataset intphys2
wandb:      elapsed_seconds 5.51399
wandb:                epoch 100
wandb:    feature_signature cc5f37ae8af7ba58
wandb:                  +22 ...
wandb: 
wandb: 🚀 View run intphys2_linear_ltx_video_layer_noise_0.9_block_24/trial_0006 at: https://wandb.ai/caselli-niccolo-developer-university-of-amsterdam/probe4physics/runs/i4lfy26x
wandb: ⭐️ View project at: https://wandb.ai/caselli-niccolo-developer-university-of-amsterdam/probe4physics
wandb: Synced 5 W&B file(s), 0 media file(s), 0 artifact file(s) and 0 other file(s)
wandb: Find logs at: ./wandb/run-20260509_141613-i4lfy26x/logs
[I 2026-05-09 14:16:21,344] Trial 6 finished with value: 1.9607843137254901 and parameters: {'lr': 1.0388823104027935e-05, 'weight_decay': 0.0007812113973534924, 'batch_size': 128, 'epochs': 100}. Best is trial 0 with value: 9.803921568627452.
wandb: setting up run 01y0ffox
wandb: Tracking run with wandb version 0.26.1
wandb: Run data is saved locally in /gpfs/home3/scur0511/Probe4Physics/wandb/run-20260509_141622-01y0ffox
wandb: Run `wandb offline` to turn off syncing.
wandb: Syncing run intphys2_linear_ltx_video_layer_noise_0.9_block_24/trial_0007
wandb: ⭐️ View project at https://wandb.ai/caselli-niccolo-developer-university-of-amsterdam/probe4physics
wandb: 🚀 View run at https://wandb.ai/caselli-niccolo-developer-university-of-amsterdam/probe4physics/runs/01y0ffox
[eval.intphys2] Starting eval | split_name=val split_dir=data/splits/intphys2 predictor_mode=from_file metadata_file=data/annotations/intphys2_metadata.csv
[eval.intphys2] Loaded split assignments | split_scenes=51 split_samples=204
[eval.intphys2] Generated predictions | n_predictions=204
[eval.intphys2] Scoring complete | accuracy=53.9216 voe_accuracy=3.9216 n_scenes=51 n_samples=204
[eval.intphys2] Artifacts written | output_dir=artifacts/probes/intphys2/intphys2_probe_linear_ltx_video_ltxv_13b_0_9_8_distilled_20260509T102820Z/layer_noise_0.9_block_24/train/trial_0007/val_eval
wandb: updating run metadata
wandb: uploading output.log; uploading wandb-summary.json; uploading config.yaml
wandb: 
wandb: Run history:
wandb:          epoch ▁▁▁▂▂▂▂▂▂▂▃▃▃▃▃▄▄▅▅▅▅▅▅▅▅▆▆▆▆▆▆▇▇▇▇▇▇███
wandb: train_accuracy ▁▂▁▂▂▃▃▃▃▅▆▄▃▄▃▆▄▄▆▃▃▄▅▅▆▄▅▅▇▄▅▆▃▄▇▆▄▅█▇
wandb:     train_loss ██▆▅▅▆▅▅▆▄▄▅▄▄▄▄▃▃▃▂▂▂▃▂▂▃▃▄▆▄▂▄▂▂▂▁▃▁▁▂
wandb:   val_accuracy ▅▆▅▄▅▄▅▅▃▇▁▅▆▃▆▅▅█▄▄▂█▅▁▃▅▅▃▄▅▄▅▄▂▄▄▄▂▅▅
wandb:       val_loss ▂▁▁▁▁▁▁▁▃▂▁▄▂▂▃▂▂▂▂▂▂▂▂▄▃▃▅▃▃▃▄▃▄▅▄█▅▅▅▅
wandb: 
wandb: Run summary:
wandb:           best_epoch 209
wandb:    best_val_accuracy 53.92157
wandb:        best_val_loss 0.7021
wandb: checkpoint_best_path artifacts/probes/int...
wandb: checkpoint_last_path artifacts/probes/int...
wandb:      checkpoint_path artifacts/probes/int...
wandb:              dataset intphys2
wandb:      elapsed_seconds 56.85971
wandb:                epoch 1000
wandb:    feature_signature cc5f37ae8af7ba58
wandb:                  +22 ...
wandb: 
wandb: 🚀 View run intphys2_linear_ltx_video_layer_noise_0.9_block_24/trial_0007 at: https://wandb.ai/caselli-niccolo-developer-university-of-amsterdam/probe4physics/runs/01y0ffox
wandb: ⭐️ View project at: https://wandb.ai/caselli-niccolo-developer-university-of-amsterdam/probe4physics
wandb: Synced 5 W&B file(s), 0 media file(s), 0 artifact file(s) and 0 other file(s)
wandb: Find logs at: ./wandb/run-20260509_141622-01y0ffox/logs
[I 2026-05-09 14:17:21,802] Trial 7 finished with value: 3.9215686274509802 and parameters: {'lr': 8.569331925053983e-05, 'weight_decay': 8.93511059033186e-07, 'batch_size': 128, 'epochs': 1000}. Best is trial 0 with value: 9.803921568627452.
wandb: setting up run vm80w2vc
wandb: Tracking run with wandb version 0.26.1
wandb: Run data is saved locally in /gpfs/home3/scur0511/Probe4Physics/wandb/run-20260509_141722-vm80w2vc
wandb: Run `wandb offline` to turn off syncing.
wandb: Syncing run intphys2_linear_ltx_video_layer_noise_0.9_block_24/trial_0008
wandb: ⭐️ View project at https://wandb.ai/caselli-niccolo-developer-university-of-amsterdam/probe4physics
wandb: 🚀 View run at https://wandb.ai/caselli-niccolo-developer-university-of-amsterdam/probe4physics/runs/vm80w2vc
[eval.intphys2] Starting eval | split_name=val split_dir=data/splits/intphys2 predictor_mode=from_file metadata_file=data/annotations/intphys2_metadata.csv
[eval.intphys2] Loaded split assignments | split_scenes=51 split_samples=204
[eval.intphys2] Generated predictions | n_predictions=204
[eval.intphys2] Scoring complete | accuracy=53.9216 voe_accuracy=3.9216 n_scenes=51 n_samples=204
[eval.intphys2] Artifacts written | output_dir=artifacts/probes/intphys2/intphys2_probe_linear_ltx_video_ltxv_13b_0_9_8_distilled_20260509T102820Z/layer_noise_0.9_block_24/train/trial_0008/val_eval
wandb: updating run metadata
wandb: uploading output.log; uploading wandb-summary.json; uploading config.yaml
wandb: uploading history steps 0-99, summary, console lines 0-4
wandb: 
wandb: Run history:
wandb:          epoch ▁▁▂▂▂▂▂▂▂▃▃▃▃▃▃▄▄▄▄▄▄▄▄▅▅▅▅▆▆▆▇▇▇▇▇▇████
wandb: train_accuracy ▃▆▄▂▅▄▃▄▄▅▅▄▅▆▅▂▇▁▅▇▆▄▆▆▅▅▆█▅█▇▆▇▆▅▆▆█▆▇
wandb:     train_loss █▂▂▂▁▁▁▁▁▁▁▁▁▁▁▁▁▁▁▁▁▁▁▁▁▁▁▁▁▁▁▁▁▁▁▁▁▁▁▁
wandb:   val_accuracy ▅▅▅▄▄▄▇▇▅▄▅▄▅▅▅▄▅▅▂▇█▅▇▅▅▂▅▅▄▂▂▂▂▅▅▁▄▇▄▂
wandb:       val_loss █▆▆▅▃▂▂▁▁▁▁▁▁▁▁▂▁▁▁▁▁▁▁▂▁▁▁▁▁▁▂▄▅▄▂▁▁▁▁▁
wandb: 
wandb: Run summary:
wandb:           best_epoch 27
wandb:    best_val_accuracy 53.92157
wandb:        best_val_loss 0.70677
wandb: checkpoint_best_path artifacts/probes/int...
wandb: checkpoint_last_path artifacts/probes/int...
wandb:      checkpoint_path artifacts/probes/int...
wandb:              dataset intphys2
wandb:      elapsed_seconds 5.32891
wandb:                epoch 100
wandb:    feature_signature cc5f37ae8af7ba58
wandb:                  +22 ...
wandb: 
wandb: 🚀 View run intphys2_linear_ltx_video_layer_noise_0.9_block_24/trial_0008 at: https://wandb.ai/caselli-niccolo-developer-university-of-amsterdam/probe4physics/runs/vm80w2vc
wandb: ⭐️ View project at: https://wandb.ai/caselli-niccolo-developer-university-of-amsterdam/probe4physics
wandb: Synced 5 W&B file(s), 0 media file(s), 0 artifact file(s) and 0 other file(s)
wandb: Find logs at: ./wandb/run-20260509_141722-vm80w2vc/logs
[I 2026-05-09 14:17:30,825] Trial 8 finished with value: 3.9215686274509802 and parameters: {'lr': 0.0003699972431463808, 'weight_decay': 3.6749049453053196e-06, 'batch_size': 256, 'epochs': 100}. Best is trial 0 with value: 9.803921568627452.
wandb: setting up run tomn13xe
wandb: Tracking run with wandb version 0.26.1
wandb: Run data is saved locally in /gpfs/home3/scur0511/Probe4Physics/wandb/run-20260509_141731-tomn13xe
wandb: Run `wandb offline` to turn off syncing.
wandb: Syncing run intphys2_linear_ltx_video_layer_noise_0.9_block_24/trial_0009
wandb: ⭐️ View project at https://wandb.ai/caselli-niccolo-developer-university-of-amsterdam/probe4physics
wandb: 🚀 View run at https://wandb.ai/caselli-niccolo-developer-university-of-amsterdam/probe4physics/runs/tomn13xe
[eval.intphys2] Starting eval | split_name=val split_dir=data/splits/intphys2 predictor_mode=from_file metadata_file=data/annotations/intphys2_metadata.csv
[eval.intphys2] Loaded split assignments | split_scenes=51 split_samples=204
[eval.intphys2] Generated predictions | n_predictions=204
[eval.intphys2] Scoring complete | accuracy=53.4314 voe_accuracy=3.9216 n_scenes=51 n_samples=204
[eval.intphys2] Artifacts written | output_dir=artifacts/probes/intphys2/intphys2_probe_linear_ltx_video_ltxv_13b_0_9_8_distilled_20260509T102820Z/layer_noise_0.9_block_24/train/trial_0009/val_eval
wandb: updating run metadata
wandb: uploading wandb-summary.json; uploading config.yaml; uploading output.log
wandb: 
wandb: Run history:
wandb:          epoch ▁▁▁▁▁▂▂▂▂▂▂▂▃▃▃▃▄▄▄▄▅▅▅▅▅▅▅▆▆▆▆▇▇▇▇▇▇▇██
wandb: train_accuracy ▁▁▁▂▂▂▁▄▂▃▃▂▄▂▁▄▂▂▁▅▅▅▄▄▄▅▄▅▇▆▅▆▆▇██▆▆█▅
wandb:     train_loss █▇██▇▆▆▆▅▅▄▄▄▄▄▅▄▄▄▅▄▃▄▄▃▂▃▃▃▃▃▂▄▃▂▂▂▁▂▂
wandb:   val_accuracy ▅▇▅▅▄▅▆▄▆▅▅▃▇▅▅▇▅▅▇▆▃▄▄▆█▁▅▂▅▅▆▁▅▃▅▃▄▆▃▅
wandb:       val_loss ▄▂▂▁▂▁▁▁▁▁▁▂▂▂▂▂▂▁▂▂▂▂▃▃▃▃▄▃▄▄▆▅▅▅█▅▅▅▆▇
wandb: 
wandb: Run summary:
wandb:           best_epoch 38
wandb:    best_val_accuracy 53.43137
wandb:        best_val_loss 0.70515
wandb: checkpoint_best_path artifacts/probes/int...
wandb: checkpoint_last_path artifacts/probes/int...
wandb:      checkpoint_path artifacts/probes/int...
wandb:              dataset intphys2
wandb:      elapsed_seconds 59.97556
wandb:                epoch 1000
wandb:    feature_signature cc5f37ae8af7ba58
wandb:                  +22 ...
wandb: 
wandb: 🚀 View run intphys2_linear_ltx_video_layer_noise_0.9_block_24/trial_0009 at: https://wandb.ai/caselli-niccolo-developer-university-of-amsterdam/probe4physics/runs/tomn13xe
wandb: ⭐️ View project at: https://wandb.ai/caselli-niccolo-developer-university-of-amsterdam/probe4physics
wandb: Synced 5 W&B file(s), 0 media file(s), 0 artifact file(s) and 0 other file(s)
wandb: Find logs at: ./wandb/run-20260509_141731-tomn13xe/logs
[I 2026-05-09 14:18:34,582] Trial 9 finished with value: 3.9215686274509802 and parameters: {'lr': 4.857295179217165e-05, 'weight_decay': 2.8965395242758635e-08, 'batch_size': 128, 'epochs': 1000}. Best is trial 0 with value: 9.803921568627452.
wandb: setting up run tbvuvkcw
wandb: Tracking run with wandb version 0.26.1
wandb: Run data is saved locally in /gpfs/home3/scur0511/Probe4Physics/wandb/run-20260509_141835-tbvuvkcw
wandb: Run `wandb offline` to turn off syncing.
wandb: Syncing run intphys2_linear_ltx_video_layer_noise_0.9_block_24/trial_0010
wandb: ⭐️ View project at https://wandb.ai/caselli-niccolo-developer-university-of-amsterdam/probe4physics
wandb: 🚀 View run at https://wandb.ai/caselli-niccolo-developer-university-of-amsterdam/probe4physics/runs/tbvuvkcw
wandb: uploading history steps 964-1138, summary; updating run metadata
wandb: uploading wandb-summary.json; uploading config.yaml
wandb: 
wandb: Run history:
wandb:          epoch ▁▁▁▁▂▂▂▂▂▂▂▃▃▃▃▄▄▄▄▄▄▅▅▅▆▆▆▇▇▇▇▇▇███████
wandb: train_accuracy ▁▄▁▂▂▂▂▂▂▄▂▁▄▅▅▃▃▄▅▃▄▄▅▂▃▆▆▅▅▅▇▆▇▄▇▆▆██▇
wandb:     train_loss ▃▂▂▃▂▂▁▃▃▃▃▂▁▂▄▂▂▂▂▅▁▁▁▂▄█▂▁▂▅▁▁▃▁▁▂▁▂▂▂
wandb:   val_accuracy ▇▅▇▅▄▃▆▆▇▄▄▇▂█▅▄▁█▆▅▇▆▇▂▅▂▄▅▆▆█▄▃▄▆█▆▇▆▇
wandb:       val_loss ▁▄▂▁▄▁▁▁▆▁▂▂▃▂▆▄▇▃▃▅▇▄▄▆▅▅▅▇▆▆▇▆▇▆▆▆▆█▆▇
wandb: 
wandb: Run summary:
wandb:          epoch 1142
wandb: train_accuracy 68.87417
wandb:     train_loss 0.54569
wandb:   val_accuracy 50
wandb:       val_loss 1.96385
wandb: 
wandb: 🚀 View run intphys2_linear_ltx_video_layer_noise_0.9_block_24/trial_0010 at: https://wandb.ai/caselli-niccolo-developer-university-of-amsterdam/probe4physics/runs/tbvuvkcw
wandb: ⭐️ View project at: https://wandb.ai/caselli-niccolo-developer-university-of-amsterdam/probe4physics
wandb: Synced 4 W&B file(s), 0 media file(s), 0 artifact file(s) and 0 other file(s)
wandb: Find logs at: ./wandb/run-20260509_141835-tbvuvkcw/logs
[I 2026-05-09 14:19:52,869] Trial 10 pruned. Pruned at epoch 1142 with val_accuracy=50.0000
wandb: setting up run q7oisjjc
wandb: Tracking run with wandb version 0.26.1
wandb: Run data is saved locally in /gpfs/home3/scur0511/Probe4Physics/wandb/run-20260509_141956-q7oisjjc
wandb: Run `wandb offline` to turn off syncing.
wandb: Syncing run intphys2_linear_ltx_video_layer_noise_0.9_block_24/trial_0011
wandb: ⭐️ View project at https://wandb.ai/caselli-niccolo-developer-university-of-amsterdam/probe4physics
wandb: 🚀 View run at https://wandb.ai/caselli-niccolo-developer-university-of-amsterdam/probe4physics/runs/q7oisjjc
[eval.intphys2] Starting eval | split_name=val split_dir=data/splits/intphys2 predictor_mode=from_file metadata_file=data/annotations/intphys2_metadata.csv
[eval.intphys2] Loaded split assignments | split_scenes=51 split_samples=204
[eval.intphys2] Generated predictions | n_predictions=204
[eval.intphys2] Scoring complete | accuracy=50.0000 voe_accuracy=5.8824 n_scenes=51 n_samples=204
[eval.intphys2] Artifacts written | output_dir=artifacts/probes/intphys2/intphys2_probe_linear_ltx_video_ltxv_13b_0_9_8_distilled_20260509T102820Z/layer_noise_0.9_block_24/train/trial_0011/val_eval
wandb: updating run metadata
wandb: uploading output.log; uploading wandb-summary.json; uploading config.yaml; uploading wandb-metadata.json; uploading requirements.txt
wandb: 
wandb: Run history:
wandb:          epoch ▁▁▂▂▂▃▃▄▄▄▅▅▅▆▆▇▇▇██
wandb: train_accuracy ▁▄▄▄▄▄▄▄▂▄▃▄▃▇▇▄▄█▃▅
wandb:     train_loss █▆▅█▅▆▄▅▃▄▂▁▁▁▁▁▁▁▁▁
wandb:   val_accuracy ▁▁▁▁▁▁▁▁▁▁▁▁▁▁▁▁▁▁▁▁
wandb:       val_loss ▃█▅█▄▇▃▅▃▂▂▂▂▁▂▁▁▁▁▁
wandb: 
wandb: Run summary:
wandb:           best_epoch 14
wandb:    best_val_accuracy 50
wandb:        best_val_loss 4.51672
wandb: checkpoint_best_path artifacts/probes/int...
wandb: checkpoint_last_path artifacts/probes/int...
wandb:      checkpoint_path artifacts/probes/int...
wandb:              dataset intphys2
wandb:      elapsed_seconds 4.70041
wandb:                epoch 20
wandb:    feature_signature cc5f37ae8af7ba58
wandb:                  +22 ...
wandb: 
wandb: 🚀 View run intphys2_linear_ltx_video_layer_noise_0.9_block_24/trial_0011 at: https://wandb.ai/caselli-niccolo-developer-university-of-amsterdam/probe4physics/runs/q7oisjjc
wandb: ⭐️ View project at: https://wandb.ai/caselli-niccolo-developer-university-of-amsterdam/probe4physics
wandb: Synced 5 W&B file(s), 0 media file(s), 0 artifact file(s) and 0 other file(s)
wandb: Find logs at: ./wandb/run-20260509_141956-q7oisjjc/logs
[I 2026-05-09 14:19:59,241] Trial 11 finished with value: 5.88235294117647 and parameters: {'lr': 0.006290638535730336, 'weight_decay': 3.099069456180075e-05, 'batch_size': 256, 'epochs': 20}. Best is trial 0 with value: 9.803921568627452.
wandb: setting up run n10e9tfq
wandb: Tracking run with wandb version 0.26.1
wandb: Run data is saved locally in /gpfs/home3/scur0511/Probe4Physics/wandb/run-20260509_141959-n10e9tfq
wandb: Run `wandb offline` to turn off syncing.
wandb: Syncing run intphys2_linear_ltx_video_layer_noise_0.9_block_24/trial_0012
wandb: ⭐️ View project at https://wandb.ai/caselli-niccolo-developer-university-of-amsterdam/probe4physics
wandb: 🚀 View run at https://wandb.ai/caselli-niccolo-developer-university-of-amsterdam/probe4physics/runs/n10e9tfq
wandb: updating run metadata
wandb: uploading wandb-summary.json; uploading config.yaml
wandb: 
wandb: Run history:
wandb:          epoch ▁▁▁▁▁▂▂▂▂▂▂▂▂▂▃▄▄▄▄▄▅▅▅▅▆▆▆▆▆▆▇▇▇▇▇▇▇▇██
wandb: train_accuracy ▂▁▃▂▃▄▃▃▃▃▁▁▆▁▃▂▂▂▃▆▆▆▅▅▄▄▃▄█▄▂▁▅█▄▇▂██▇
wandb:     train_loss █▂▁▁▁▁▁▁▁▁▁▁▁▁▁▁▂▂▂▁▁▁▁▁▂▁▁▁▁▁▁▁▁▁▁▁▁▁▁▁
wandb:   val_accuracy ▆▆▆▄▅▅▆▅▅█▆▅▃▅▇▃▆▄▅▆▆▃▆▅▅▇▄▄▅▆▁▄▅▂▆▆▅▅▇▅
wandb:       val_loss ▃▁▂▃▁▁▁▁▁▂▅▁▂▂▂▂▃▂▂▂▂▃▄▃▃▃▃▃▃▃█▅▆▄▆▄▄▄▄▄
wandb: 
wandb: Run summary:
wandb:          epoch 1142
wandb: train_accuracy 53.1457
wandb:     train_loss 0.84699
wandb:   val_accuracy 50.98039
wandb:       val_loss 1.74067
wandb: 
wandb: 🚀 View run intphys2_linear_ltx_video_layer_noise_0.9_block_24/trial_0012 at: https://wandb.ai/caselli-niccolo-developer-university-of-amsterdam/probe4physics/runs/n10e9tfq
wandb: ⭐️ View project at: https://wandb.ai/caselli-niccolo-developer-university-of-amsterdam/probe4physics
wandb: Synced 4 W&B file(s), 0 media file(s), 0 artifact file(s) and 0 other file(s)
wandb: Find logs at: ./wandb/run-20260509_141959-n10e9tfq/logs
[I 2026-05-09 14:21:04,854] Trial 12 pruned. Pruned at epoch 1142 with val_accuracy=50.9804
wandb: setting up run w3mqaii2
wandb: Tracking run with wandb version 0.26.1
wandb: Run data is saved locally in /gpfs/home3/scur0511/Probe4Physics/wandb/run-20260509_142108-w3mqaii2
wandb: Run `wandb offline` to turn off syncing.
wandb: Syncing run intphys2_linear_ltx_video_layer_noise_0.9_block_24/trial_0013
wandb: ⭐️ View project at https://wandb.ai/caselli-niccolo-developer-university-of-amsterdam/probe4physics
wandb: 🚀 View run at https://wandb.ai/caselli-niccolo-developer-university-of-amsterdam/probe4physics/runs/w3mqaii2
wandb: updating run metadata
wandb: uploading config.yaml; uploading wandb-summary.json
wandb: 
wandb: Run history:
wandb:          epoch ▁▁▁▂▂▂▂▃▃▃▃▃▃▃▃▄▄▄▄▄▅▅▅▅▅▅▆▆▆▆▆▆▆▆▇▇▇███
wandb: train_accuracy ▃▁▂▄▄▄▄▂▆▇▃▄▄▃▂▅▄▆▄▃▆▅▆▆▇▆▅▄▅▆▇▄▆█▆▇▅▇▇▇
wandb:     train_loss ▅█▄▃▃▄▃▂▃▃▄▄▃▅▂▂▂▅▃▂▂▂▂▂▂▄▂▃▁▂▄▁▁▁▂▁▃▂▁▁
wandb:   val_accuracy ▇▅▄█▄▂▅▁▆▅▅▅▅▅▃▆▄▇▁▄▅▂▄▂▅▃▁▃▅▂▅▅▃▅▅▅▆▃▄▄
wandb:       val_loss ▁▁▁▂▂▃▂▂▃▂▃▂▃▃▂▃▄▃▄▃▄▄▄▄▆▄▅▆▅▆▆▆▇▆▆▆▆█▆▇
wandb: 
wandb: Run summary:
wandb:          epoch 1142
wandb: train_accuracy 66.88742
wandb:     train_loss 0.58534
wandb:   val_accuracy 49.01961
wandb:       val_loss 1.46565
wandb: 
wandb: 🚀 View run intphys2_linear_ltx_video_layer_noise_0.9_block_24/trial_0013 at: https://wandb.ai/caselli-niccolo-developer-university-of-amsterdam/probe4physics/runs/w3mqaii2
wandb: ⭐️ View project at: https://wandb.ai/caselli-niccolo-developer-university-of-amsterdam/probe4physics
wandb: Synced 4 W&B file(s), 0 media file(s), 0 artifact file(s) and 0 other file(s)
wandb: Find logs at: ./wandb/run-20260509_142108-w3mqaii2/logs
[I 2026-05-09 14:22:21,617] Trial 13 pruned. Pruned at epoch 1142 with val_accuracy=49.0196
wandb: setting up run yjf548oh
wandb: Tracking run with wandb version 0.26.1
wandb: Run data is saved locally in /gpfs/home3/scur0511/Probe4Physics/wandb/run-20260509_142224-yjf548oh
wandb: Run `wandb offline` to turn off syncing.
wandb: Syncing run intphys2_linear_ltx_video_layer_noise_0.9_block_24/trial_0014
wandb: ⭐️ View project at https://wandb.ai/caselli-niccolo-developer-university-of-amsterdam/probe4physics
wandb: 🚀 View run at https://wandb.ai/caselli-niccolo-developer-university-of-amsterdam/probe4physics/runs/yjf548oh
[eval.intphys2] Starting eval | split_name=val split_dir=data/splits/intphys2 predictor_mode=from_file metadata_file=data/annotations/intphys2_metadata.csv
[eval.intphys2] Loaded split assignments | split_scenes=51 split_samples=204
[eval.intphys2] Generated predictions | n_predictions=204
[eval.intphys2] Scoring complete | accuracy=51.9608 voe_accuracy=3.9216 n_scenes=51 n_samples=204
[eval.intphys2] Artifacts written | output_dir=artifacts/probes/intphys2/intphys2_probe_linear_ltx_video_ltxv_13b_0_9_8_distilled_20260509T102820Z/layer_noise_0.9_block_24/train/trial_0014/val_eval
wandb: updating run metadata
wandb: uploading config.yaml; uploading output.log; uploading wandb-summary.json
wandb: 
wandb: Run history:
wandb:          epoch ▁▁▂▂▂▂▂▂▃▃▃▃▃▃▃▄▄▄▄▄▅▅▅▅▅▆▆▆▆▆▆▆▆▇▇▇▇▇██
wandb: train_accuracy ▄▁▂▄▃▅▃▄▃▂▃▄▅▃▄█▂▄▄▅▅▂▃▃▆▄█▃▃▃▆▃▆▄▃▃▆▅▄▅
wandb:     train_loss █▂▃▃▂▂▄▃▁▂▂▃▂▁▂▅▂▂▁▂▂▁▂▂▂▂▂▁▄▅▂▂▂▁▂▂▃▂▁▁
wandb:   val_accuracy ▅▅▅▄▂▅▅▃▅▃▅▅▆▅▅▃▇▅▄▅▄▄▇▆▅▁▅▂▃▅▅▅▅▃█▅▄▅▅▄
wandb:       val_loss █▁▂▁▂▃▃▁▂▃▁▂▂▃▂▃▁▂▁▂▄▁▂▃▂▂▂▆▆▃▂▁▆▂▁▃▂▂▂▁
wandb: 
wandb: Run summary:
wandb:           best_epoch 84
wandb:    best_val_accuracy 51.96078
wandb:        best_val_loss 2.28625
wandb: checkpoint_best_path artifacts/probes/int...
wandb: checkpoint_last_path artifacts/probes/int...
wandb:      checkpoint_path artifacts/probes/int...
wandb:              dataset intphys2
wandb:      elapsed_seconds 8.24256
wandb:                epoch 100
wandb:    feature_signature cc5f37ae8af7ba58
wandb:                  +22 ...
wandb: 
wandb: 🚀 View run intphys2_linear_ltx_video_layer_noise_0.9_block_24/trial_0014 at: https://wandb.ai/caselli-niccolo-developer-university-of-amsterdam/probe4physics/runs/yjf548oh
wandb: ⭐️ View project at: https://wandb.ai/caselli-niccolo-developer-university-of-amsterdam/probe4physics
wandb: Synced 5 W&B file(s), 0 media file(s), 0 artifact file(s) and 0 other file(s)
wandb: Find logs at: ./wandb/run-20260509_142224-yjf548oh/logs
[I 2026-05-09 14:22:32,239] Trial 14 finished with value: 3.9215686274509802 and parameters: {'lr': 0.009346845015219, 'weight_decay': 0.00010294317962430987, 'batch_size': 32, 'epochs': 100}. Best is trial 0 with value: 9.803921568627452.
wandb: setting up run cq8gqzk6
wandb: Tracking run with wandb version 0.26.1
wandb: Run data is saved locally in /gpfs/home3/scur0511/Probe4Physics/wandb/run-20260509_142232-cq8gqzk6
wandb: Run `wandb offline` to turn off syncing.
wandb: Syncing run intphys2_linear_ltx_video_layer_noise_0.9_block_24/trial_0015
wandb: ⭐️ View project at https://wandb.ai/caselli-niccolo-developer-university-of-amsterdam/probe4physics
wandb: 🚀 View run at https://wandb.ai/caselli-niccolo-developer-university-of-amsterdam/probe4physics/runs/cq8gqzk6
[eval.intphys2] Starting eval | split_name=val split_dir=data/splits/intphys2 predictor_mode=from_file metadata_file=data/annotations/intphys2_metadata.csv
[eval.intphys2] Loaded split assignments | split_scenes=51 split_samples=204
[eval.intphys2] Generated predictions | n_predictions=204
[eval.intphys2] Scoring complete | accuracy=54.4118 voe_accuracy=3.9216 n_scenes=51 n_samples=204
[eval.intphys2] Artifacts written | output_dir=artifacts/probes/intphys2/intphys2_probe_linear_ltx_video_ltxv_13b_0_9_8_distilled_20260509T102820Z/layer_noise_0.9_block_24/train/trial_0015/val_eval
wandb: updating run metadata
wandb: uploading config.yaml; uploading output.log; uploading wandb-summary.json
wandb: 
wandb: Run history:
wandb:          epoch ▁▁▂▂▂▂▂▂▂▂▃▃▃▄▄▄▄▄▄▅▅▅▅▅▅▆▆▆▆▆▆▇▇▇▇▇▇▇██
wandb: train_accuracy ▁▂▂▃▃▂▂▂▃▄▇▄▂▃▃▃▂▄▄▄▄▅▃▆▄▃▅▅▄▃▅█▆█▇▄██▅█
wandb:     train_loss █▄▃▂▂▁▂▁▁▂▁▁▁▁▁▂▁▁▁▁▁▁▂▁▁▁▁▁▁▁▁▁▁▁▁▁▁▁▁▁
wandb:   val_accuracy ▅▆▆▆▅▅▄▆▅▆▃▃▅▄▆▆▅▃▅▃▇▇█▅▇▇▄▃▄▂▁▆▆▂▄▆▄▃▅▃
wandb:       val_loss █▃▃▂▂▁▁▁▁▁▁▁▁▁▁▁▁▁▁▁▁▁▁▁▁▁▁▁▁▁▁▁▁▁▁▁▁▁▁▁
wandb: 
wandb: Run summary:
wandb:           best_epoch 156
wandb:    best_val_accuracy 54.41176
wandb:        best_val_loss 0.70483
wandb: checkpoint_best_path artifacts/probes/int...
wandb: checkpoint_last_path artifacts/probes/int...
wandb:      checkpoint_path artifacts/probes/int...
wandb:              dataset intphys2
wandb:      elapsed_seconds 23.24177
wandb:                epoch 500
wandb:    feature_signature cc5f37ae8af7ba58
wandb:                  +22 ...
wandb: 
wandb: 🚀 View run intphys2_linear_ltx_video_layer_noise_0.9_block_24/trial_0015 at: https://wandb.ai/caselli-niccolo-developer-university-of-amsterdam/probe4physics/runs/cq8gqzk6
wandb: ⭐️ View project at: https://wandb.ai/caselli-niccolo-developer-university-of-amsterdam/probe4physics
wandb: Synced 5 W&B file(s), 0 media file(s), 0 artifact file(s) and 0 other file(s)
wandb: Find logs at: ./wandb/run-20260509_142232-cq8gqzk6/logs
[I 2026-05-09 14:22:59,254] Trial 15 finished with value: 3.9215686274509802 and parameters: {'lr': 1.9592076566280752e-05, 'weight_decay': 5.807862910443679e-06, 'batch_size': 256, 'epochs': 500}. Best is trial 0 with value: 9.803921568627452.
wandb: setting up run 73p6m662
wandb: Tracking run with wandb version 0.26.1
wandb: Run data is saved locally in /gpfs/home3/scur0511/Probe4Physics/wandb/run-20260509_142259-73p6m662
wandb: Run `wandb offline` to turn off syncing.
wandb: Syncing run intphys2_linear_ltx_video_layer_noise_0.9_block_24/trial_0016
wandb: ⭐️ View project at https://wandb.ai/caselli-niccolo-developer-university-of-amsterdam/probe4physics
wandb: 🚀 View run at https://wandb.ai/caselli-niccolo-developer-university-of-amsterdam/probe4physics/runs/73p6m662
[eval.intphys2] Starting eval | split_name=val split_dir=data/splits/intphys2 predictor_mode=from_file metadata_file=data/annotations/intphys2_metadata.csv
[eval.intphys2] Loaded split assignments | split_scenes=51 split_samples=204
[eval.intphys2] Generated predictions | n_predictions=204
[eval.intphys2] Scoring complete | accuracy=50.4902 voe_accuracy=9.8039 n_scenes=51 n_samples=204
[eval.intphys2] Artifacts written | output_dir=artifacts/probes/intphys2/intphys2_probe_linear_ltx_video_ltxv_13b_0_9_8_distilled_20260509T102820Z/layer_noise_0.9_block_24/train/trial_0016/val_eval
wandb: updating run metadata
wandb: uploading wandb-metadata.json; uploading requirements.txt; uploading output.log; uploading wandb-summary.json; uploading config.yaml
wandb: 
wandb: Run history:
wandb:          epoch ▁▁▂▂▂▃▃▄▄▄▅▅▅▆▆▇▇▇██
wandb: train_accuracy ▁▅▄▄▄▄▁▄▂▃▄▄▅▃▇▅▆▅▇█
wandb:     train_loss █▆▅▇▅▆▄▄▂▂▂▃▂▂▂▂▁▁▁▁
wandb:   val_accuracy ▁▁▁▁▁▁▁▁▁▁▁█▁▁▁▁▁▁▁▁
wandb:       val_loss ▃█▅▇▄▆▃▂▃▃▂▁▂▃▂▂▂▁▁▁
wandb: 
wandb: Run summary:
wandb:           best_epoch 12
wandb:    best_val_accuracy 50.4902
wandb:        best_val_loss 0.85601
wandb: checkpoint_best_path artifacts/probes/int...
wandb: checkpoint_last_path artifacts/probes/int...
wandb:      checkpoint_path artifacts/probes/int...
wandb:              dataset intphys2
wandb:      elapsed_seconds 2.28632
wandb:                epoch 20
wandb:    feature_signature cc5f37ae8af7ba58
wandb:                  +22 ...
wandb: 
wandb: 🚀 View run intphys2_linear_ltx_video_layer_noise_0.9_block_24/trial_0016 at: https://wandb.ai/caselli-niccolo-developer-university-of-amsterdam/probe4physics/runs/73p6m662
wandb: ⭐️ View project at: https://wandb.ai/caselli-niccolo-developer-university-of-amsterdam/probe4physics
wandb: Synced 5 W&B file(s), 0 media file(s), 0 artifact file(s) and 0 other file(s)
wandb: Find logs at: ./wandb/run-20260509_142259-73p6m662/logs
[I 2026-05-09 14:23:03,002] Trial 16 finished with value: 9.803921568627452 and parameters: {'lr': 0.0035459485775337835, 'weight_decay': 2.1424483808604603e-06, 'batch_size': 256, 'epochs': 20}. Best is trial 0 with value: 9.803921568627452.
wandb: setting up run qwzjryb9
wandb: Tracking run with wandb version 0.26.1
wandb: Run data is saved locally in /gpfs/home3/scur0511/Probe4Physics/wandb/run-20260509_142303-qwzjryb9
wandb: Run `wandb offline` to turn off syncing.
wandb: Syncing run intphys2_linear_ltx_video_layer_noise_0.9_block_24/trial_0017
wandb: ⭐️ View project at https://wandb.ai/caselli-niccolo-developer-university-of-amsterdam/probe4physics
wandb: 🚀 View run at https://wandb.ai/caselli-niccolo-developer-university-of-amsterdam/probe4physics/runs/qwzjryb9
[eval.intphys2] Starting eval | split_name=val split_dir=data/splits/intphys2 predictor_mode=from_file metadata_file=data/annotations/intphys2_metadata.csv
[eval.intphys2] Loaded split assignments | split_scenes=51 split_samples=204
[eval.intphys2] Generated predictions | n_predictions=204
[eval.intphys2] Scoring complete | accuracy=51.4706 voe_accuracy=3.9216 n_scenes=51 n_samples=204
[eval.intphys2] Artifacts written | output_dir=artifacts/probes/intphys2/intphys2_probe_linear_ltx_video_ltxv_13b_0_9_8_distilled_20260509T102820Z/layer_noise_0.9_block_24/train/trial_0017/val_eval
wandb: updating run metadata
wandb: uploading requirements.txt; uploading output.log; uploading wandb-summary.json; uploading config.yaml; uploading wandb-metadata.json
wandb: 
wandb: Run history:
wandb:          epoch ▁▁▂▂▂▃▃▄▄▄▅▅▅▆▆▇▇▇██
wandb: train_accuracy ▆▆▁█▆█▆▇▆▃▄▇▅▆▇▇▆█▆▅
wandb:     train_loss █▂▂▁▁▁▁▁▁▂▁▁▂▂▃▁▁▁▂▂
wandb:   val_accuracy █▅▆▇▁▅▅▇▅▅█▂▃▅▅▁▃▅▂▅
wandb:       val_loss ▁▅▂▂▁▃▃▁▃▂▁▁▁▄█▁▂▁▂▄
wandb: 
wandb: Run summary:
wandb:           best_epoch 11
wandb:    best_val_accuracy 51.47059
wandb:        best_val_loss 0.72119
wandb: checkpoint_best_path artifacts/probes/int...
wandb: checkpoint_last_path artifacts/probes/int...
wandb:      checkpoint_path artifacts/probes/int...
wandb:              dataset intphys2
wandb:      elapsed_seconds 2.58735
wandb:                epoch 20
wandb:    feature_signature cc5f37ae8af7ba58
wandb:                  +22 ...
wandb: 
wandb: 🚀 View run intphys2_linear_ltx_video_layer_noise_0.9_block_24/trial_0017 at: https://wandb.ai/caselli-niccolo-developer-university-of-amsterdam/probe4physics/runs/qwzjryb9
wandb: ⭐️ View project at: https://wandb.ai/caselli-niccolo-developer-university-of-amsterdam/probe4physics
wandb: Synced 5 W&B file(s), 0 media file(s), 0 artifact file(s) and 0 other file(s)
wandb: Find logs at: ./wandb/run-20260509_142303-qwzjryb9/logs
[I 2026-05-09 14:23:07,200] Trial 17 finished with value: 3.9215686274509802 and parameters: {'lr': 0.0007775704613396611, 'weight_decay': 1.8309078568923382e-06, 'batch_size': 32, 'epochs': 20}. Best is trial 0 with value: 9.803921568627452.
wandb: setting up run 2xz0jfzo
wandb: Tracking run with wandb version 0.26.1
wandb: Run data is saved locally in /gpfs/home3/scur0511/Probe4Physics/wandb/run-20260509_142307-2xz0jfzo
wandb: Run `wandb offline` to turn off syncing.
wandb: Syncing run intphys2_linear_ltx_video_layer_noise_0.9_block_24/trial_0018
wandb: ⭐️ View project at https://wandb.ai/caselli-niccolo-developer-university-of-amsterdam/probe4physics
wandb: 🚀 View run at https://wandb.ai/caselli-niccolo-developer-university-of-amsterdam/probe4physics/runs/2xz0jfzo
[eval.intphys2] Starting eval | split_name=val split_dir=data/splits/intphys2 predictor_mode=from_file metadata_file=data/annotations/intphys2_metadata.csv
[eval.intphys2] Loaded split assignments | split_scenes=51 split_samples=204
[eval.intphys2] Generated predictions | n_predictions=204
[eval.intphys2] Scoring complete | accuracy=52.4510 voe_accuracy=3.9216 n_scenes=51 n_samples=204
[eval.intphys2] Artifacts written | output_dir=artifacts/probes/intphys2/intphys2_probe_linear_ltx_video_ltxv_13b_0_9_8_distilled_20260509T102820Z/layer_noise_0.9_block_24/train/trial_0018/val_eval
wandb: updating run metadata
wandb: uploading wandb-metadata.json; uploading requirements.txt; uploading output.log; uploading wandb-summary.json; uploading config.yaml
wandb: 
wandb: Run history:
wandb:          epoch ▁▁▂▂▂▃▃▄▄▄▅▅▅▆▆▇▇▇██
wandb: train_accuracy ▁█▇▂▅▆▄▆▇▂▆▄▂▅▆▅▆▄▆█
wandb:     train_loss █▄▃▃▂▂▂▂▁▁▁▁▁▁▂▂▁▁▁▁
wandb:   val_accuracy ▁▃▃▅▃▄▃▄▂▂▃▃▁▄▄▃▅█▂▆
wandb:       val_loss █▆▄▃▂▂▂▂▁▁▁▁▁▁▃▁▁▁▁▁
wandb: 
wandb: Run summary:
wandb:           best_epoch 18
wandb:    best_val_accuracy 52.45098
wandb:        best_val_loss 0.70679
wandb: checkpoint_best_path artifacts/probes/int...
wandb: checkpoint_last_path artifacts/probes/int...
wandb:      checkpoint_path artifacts/probes/int...
wandb:              dataset intphys2
wandb:      elapsed_seconds 2.43085
wandb:                epoch 20
wandb:    feature_signature cc5f37ae8af7ba58
wandb:                  +22 ...
wandb: 
wandb: 🚀 View run intphys2_linear_ltx_video_layer_noise_0.9_block_24/trial_0018 at: https://wandb.ai/caselli-niccolo-developer-university-of-amsterdam/probe4physics/runs/2xz0jfzo
wandb: ⭐️ View project at: https://wandb.ai/caselli-niccolo-developer-university-of-amsterdam/probe4physics
wandb: Synced 5 W&B file(s), 0 media file(s), 0 artifact file(s) and 0 other file(s)
wandb: Find logs at: ./wandb/run-20260509_142307-2xz0jfzo/logs
[I 2026-05-09 14:23:11,234] Trial 18 finished with value: 3.9215686274509802 and parameters: {'lr': 4.720845304099489e-05, 'weight_decay': 0.0001986892680617444, 'batch_size': 64, 'epochs': 20}. Best is trial 0 with value: 9.803921568627452.
wandb: setting up run 2h7wrdf9
wandb: Tracking run with wandb version 0.26.1
wandb: Run data is saved locally in /gpfs/home3/scur0511/Probe4Physics/wandb/run-20260509_142311-2h7wrdf9
wandb: Run `wandb offline` to turn off syncing.
wandb: Syncing run intphys2_linear_ltx_video_layer_noise_0.9_block_24/trial_0019
wandb: ⭐️ View project at https://wandb.ai/caselli-niccolo-developer-university-of-amsterdam/probe4physics
wandb: 🚀 View run at https://wandb.ai/caselli-niccolo-developer-university-of-amsterdam/probe4physics/runs/2h7wrdf9
[eval.intphys2] Starting eval | split_name=val split_dir=data/splits/intphys2 predictor_mode=from_file metadata_file=data/annotations/intphys2_metadata.csv
[eval.intphys2] Loaded split assignments | split_scenes=51 split_samples=204
[eval.intphys2] Generated predictions | n_predictions=204
[eval.intphys2] Scoring complete | accuracy=50.0000 voe_accuracy=3.9216 n_scenes=51 n_samples=204
[eval.intphys2] Artifacts written | output_dir=artifacts/probes/intphys2/intphys2_probe_linear_ltx_video_ltxv_13b_0_9_8_distilled_20260509T102820Z/layer_noise_0.9_block_24/train/trial_0019/val_eval
wandb: updating run metadata
wandb: uploading wandb-metadata.json; uploading requirements.txt; uploading output.log; uploading wandb-summary.json; uploading config.yaml
wandb: 
wandb: Run history:
wandb:          epoch ▁▁▂▂▂▃▃▄▄▄▅▅▅▆▆▇▇▇██
wandb: train_accuracy ▁█▇▇▇▇▇▇▆▇█▇▂▅▇███▇▇
wandb:     train_loss █▆▅▇▄▆▄▅▃▄▂▄▂▂▃▁▁▁▁▁
wandb:   val_accuracy ▁▁▁▁▁▁▁▁▁▁▁▁▁▁▁▁▁▁▁▁
wandb:       val_loss ▃█▅▇▄▆▄▆▃▄▄▂▄▃▂▂▃▂▂▁
wandb: 
wandb: Run summary:
wandb:           best_epoch 20
wandb:    best_val_accuracy 50
wandb:        best_val_loss 1.32312
wandb: checkpoint_best_path artifacts/probes/int...
wandb: checkpoint_last_path artifacts/probes/int...
wandb:      checkpoint_path artifacts/probes/int...
wandb:              dataset intphys2
wandb:      elapsed_seconds 2.44455
wandb:                epoch 20
wandb:    feature_signature cc5f37ae8af7ba58
wandb:                  +22 ...
wandb: 
wandb: 🚀 View run intphys2_linear_ltx_video_layer_noise_0.9_block_24/trial_0019 at: https://wandb.ai/caselli-niccolo-developer-university-of-amsterdam/probe4physics/runs/2h7wrdf9
wandb: ⭐️ View project at: https://wandb.ai/caselli-niccolo-developer-university-of-amsterdam/probe4physics
wandb: Synced 5 W&B file(s), 0 media file(s), 0 artifact file(s) and 0 other file(s)
wandb: Find logs at: ./wandb/run-20260509_142311-2h7wrdf9/logs
[I 2026-05-09 14:23:15,465] Trial 19 finished with value: 3.9215686274509802 and parameters: {'lr': 0.004143916886357774, 'weight_decay': 2.152918013236494e-05, 'batch_size': 256, 'epochs': 20}. Best is trial 0 with value: 9.803921568627452.
[eval.intphys2] Starting eval | split_name=train split_dir=data/splits/intphys2 predictor_mode=from_file metadata_file=data/annotations/intphys2_metadata.csv
[eval.intphys2] Loaded split assignments | split_scenes=151 split_samples=604
[eval.intphys2] Generated predictions | n_predictions=604
[eval.intphys2] Scoring complete | accuracy=54.8013 voe_accuracy=24.5033 n_scenes=151 n_samples=604
[eval.intphys2] Artifacts written | output_dir=artifacts/probes/intphys2/intphys2_probe_linear_ltx_video_ltxv_13b_0_9_8_distilled_20260509T102820Z/layer_noise_0.9_block_24/eval/train
[eval.intphys2] Starting eval | split_name=val split_dir=data/splits/intphys2 predictor_mode=from_file metadata_file=data/annotations/intphys2_metadata.csv
[eval.intphys2] Loaded split assignments | split_scenes=51 split_samples=204
[eval.intphys2] Generated predictions | n_predictions=204
[eval.intphys2] Scoring complete | accuracy=53.9216 voe_accuracy=9.8039 n_scenes=51 n_samples=204
[eval.intphys2] Artifacts written | output_dir=artifacts/probes/intphys2/intphys2_probe_linear_ltx_video_ltxv_13b_0_9_8_distilled_20260509T102820Z/layer_noise_0.9_block_24/eval/val
[eval.intphys2] Starting eval | split_name=test split_dir=data/splits/intphys2 predictor_mode=from_file metadata_file=data/annotations/intphys2_metadata.csv
[eval.intphys2] Loaded split assignments | split_scenes=51 split_samples=204
[eval.intphys2] Generated predictions | n_predictions=204
[eval.intphys2] Scoring complete | accuracy=50.4902 voe_accuracy=15.6863 n_scenes=51 n_samples=204
[eval.intphys2] Artifacts written | output_dir=artifacts/probes/intphys2/intphys2_probe_linear_ltx_video_ltxv_13b_0_9_8_distilled_20260509T102820Z/layer_noise_0.9_block_24/eval/test
[I 2026-05-09 14:23:16,464] A new study created in RDB with name: intphys2_linear_ltx_video_layer_noise_0.9_block_36
wandb: setting up run a75tza12
wandb: Tracking run with wandb version 0.26.1
wandb: Run data is saved locally in /gpfs/home3/scur0511/Probe4Physics/wandb/run-20260509_142317-a75tza12
wandb: Run `wandb offline` to turn off syncing.
wandb: Syncing run intphys2_linear_ltx_video_layer_noise_0.9_block_36/trial_0000
wandb: ⭐️ View project at https://wandb.ai/caselli-niccolo-developer-university-of-amsterdam/probe4physics
wandb: 🚀 View run at https://wandb.ai/caselli-niccolo-developer-university-of-amsterdam/probe4physics/runs/a75tza12
[eval.intphys2] Starting eval | split_name=val split_dir=data/splits/intphys2 predictor_mode=from_file metadata_file=data/annotations/intphys2_metadata.csv
[eval.intphys2] Loaded split assignments | split_scenes=51 split_samples=204
[eval.intphys2] Generated predictions | n_predictions=204
[eval.intphys2] Scoring complete | accuracy=55.8824 voe_accuracy=13.7255 n_scenes=51 n_samples=204
[eval.intphys2] Artifacts written | output_dir=artifacts/probes/intphys2/intphys2_probe_linear_ltx_video_ltxv_13b_0_9_8_distilled_20260509T102820Z/layer_noise_0.9_block_36/train/trial_0000/val_eval
wandb: updating run metadata
wandb: uploading history steps 1915-1999, summary, console lines 0-4
wandb: 
wandb: Run history:
wandb:          epoch ▁▁▁▁▁▂▂▂▂▂▃▃▃▃▃▃▃▃▄▄▄▄▄▅▅▅▅▅▆▆▆▆▆▇▇▇▇▇██
wandb: train_accuracy ▁▂▃▄▂▄▅▅▅▆▆▆▇▆▇▇▇▆▇▇▇▇██▇█▇▇█▇▇███▇█▇█▇▇
wandb:     train_loss █▇▇▆▆▆▅▆▅▄▃▄▄▃▃▃▃▃▂▃▂▃▂▂▂▂▂▂▂▂▂▂▁▂▁▂▁▁▁▁
wandb:   val_accuracy ▃▂▅▁▄▅▄▅▄▆▅▅▅▇▂▅▅▄▄▃▇▄▅▂▅▅▄▅▅▄▅▅▄▆▄▇█▅▆█
wandb:       val_loss ▁▁▁▁▁▂▁▂▂▂▂▃▃▃▃▃▃▃▃▄▅▄▄▅▆▅▅▅▆▆▆▆▆▆▆▆▇▇██
wandb: 
wandb: Run summary:
wandb:           best_epoch 286
wandb:    best_val_accuracy 55.88235
wandb:        best_val_loss 0.91731
wandb: checkpoint_best_path artifacts/probes/int...
wandb: checkpoint_last_path artifacts/probes/int...
wandb:      checkpoint_path artifacts/probes/int...
wandb:              dataset intphys2
wandb:      elapsed_seconds 178.8422
wandb:                epoch 2000
wandb:    feature_signature cc5f37ae8af7ba58
wandb:                  +22 ...
wandb: 
wandb: 🚀 View run intphys2_linear_ltx_video_layer_noise_0.9_block_36/trial_0000 at: https://wandb.ai/caselli-niccolo-developer-university-of-amsterdam/probe4physics/runs/a75tza12
wandb: ⭐️ View project at: https://wandb.ai/caselli-niccolo-developer-university-of-amsterdam/probe4physics
wandb: Synced 5 W&B file(s), 0 media file(s), 0 artifact file(s) and 0 other file(s)
wandb: Find logs at: ./wandb/run-20260509_142317-a75tza12/logs
[I 2026-05-09 14:26:18,788] Trial 0 finished with value: 13.725490196078432 and parameters: {'lr': 0.0001329291894316216, 'weight_decay': 0.005061576888752304, 'batch_size': 32, 'epochs': 2000}. Best is trial 0 with value: 13.725490196078432.
wandb: setting up run ntvjezd0
wandb: Tracking run with wandb version 0.26.1
wandb: Run data is saved locally in /gpfs/home3/scur0511/Probe4Physics/wandb/run-20260509_142619-ntvjezd0
wandb: Run `wandb offline` to turn off syncing.
wandb: Syncing run intphys2_linear_ltx_video_layer_noise_0.9_block_36/trial_0001
wandb: ⭐️ View project at https://wandb.ai/caselli-niccolo-developer-university-of-amsterdam/probe4physics
wandb: 🚀 View run at https://wandb.ai/caselli-niccolo-developer-university-of-amsterdam/probe4physics/runs/ntvjezd0
[eval.intphys2] Starting eval | split_name=val split_dir=data/splits/intphys2 predictor_mode=from_file metadata_file=data/annotations/intphys2_metadata.csv
[eval.intphys2] Loaded split assignments | split_scenes=51 split_samples=204
[eval.intphys2] Generated predictions | n_predictions=204
[eval.intphys2] Scoring complete | accuracy=54.9020 voe_accuracy=9.8039 n_scenes=51 n_samples=204
[eval.intphys2] Artifacts written | output_dir=artifacts/probes/intphys2/intphys2_probe_linear_ltx_video_ltxv_13b_0_9_8_distilled_20260509T102820Z/layer_noise_0.9_block_36/train/trial_0001/val_eval
wandb: updating run metadata
wandb: uploading output.log; uploading wandb-summary.json; uploading config.yaml
wandb: 
wandb: Run history:
wandb:          epoch ▁▁▁▁▁▂▂▂▂▂▃▃▃▃▃▃▃▃▃▄▄▄▅▅▅▅▅▅▆▆▆▇▇▇▇▇▇▇██
wandb: train_accuracy ▂▃▃▃▃▃▂▄▄▄▃▅▅▅▇▂▃▆█▆▇▁▂▃▃▃▂▃▄▄▆▇▇▆██▆▆▆▆
wandb:     train_loss ▇█▆▄▅▂▂▂▂▂▁▁▁▁▁▁▁▁▁▁▂▂▂▂▂▂▂▁▁▁▁▁▁▁▁▁▁▁▁▁
wandb:   val_accuracy ▅▅▅▅▅▅▅▆▆▆▇▁▅▆▆█▇▆▅▅▅▃▅▆▅▆▅▃▄▆▄▆▆▆▆▆▆▅▆▆
wandb:       val_loss █▇▃▂▄▁▁▁▂▁▁▁▁▁▁▁▁▁▁▁▂▁▂▁▂▁▁▁▁▁▁▁▁▁▁▁▁▁▂▁
wandb: 
wandb: Run summary:
wandb:           best_epoch 48
wandb:    best_val_accuracy 54.90196
wandb:        best_val_loss 0.79388
wandb: checkpoint_best_path artifacts/probes/int...
wandb: checkpoint_last_path artifacts/probes/int...
wandb:      checkpoint_path artifacts/probes/int...
wandb:              dataset intphys2
wandb:      elapsed_seconds 5.24995
wandb:                epoch 100
wandb:    feature_signature cc5f37ae8af7ba58
wandb:                  +22 ...
wandb: 
wandb: 🚀 View run intphys2_linear_ltx_video_layer_noise_0.9_block_36/trial_0001 at: https://wandb.ai/caselli-niccolo-developer-university-of-amsterdam/probe4physics/runs/ntvjezd0
wandb: ⭐️ View project at: https://wandb.ai/caselli-niccolo-developer-university-of-amsterdam/probe4physics
wandb: Synced 5 W&B file(s), 0 media file(s), 0 artifact file(s) and 0 other file(s)
wandb: Find logs at: ./wandb/run-20260509_142619-ntvjezd0/logs
[I 2026-05-09 14:26:26,521] Trial 1 finished with value: 9.803921568627452 and parameters: {'lr': 0.00314288089084011, 'weight_decay': 1.879466824163843e-07, 'batch_size': 256, 'epochs': 100}. Best is trial 0 with value: 13.725490196078432.
wandb: setting up run acq7goym
wandb: Tracking run with wandb version 0.26.1
wandb: Run data is saved locally in /gpfs/home3/scur0511/Probe4Physics/wandb/run-20260509_142627-acq7goym
wandb: Run `wandb offline` to turn off syncing.
wandb: Syncing run intphys2_linear_ltx_video_layer_noise_0.9_block_36/trial_0002
wandb: ⭐️ View project at https://wandb.ai/caselli-niccolo-developer-university-of-amsterdam/probe4physics
wandb: 🚀 View run at https://wandb.ai/caselli-niccolo-developer-university-of-amsterdam/probe4physics/runs/acq7goym
[eval.intphys2] Starting eval | split_name=val split_dir=data/splits/intphys2 predictor_mode=from_file metadata_file=data/annotations/intphys2_metadata.csv
[eval.intphys2] Loaded split assignments | split_scenes=51 split_samples=204
[eval.intphys2] Generated predictions | n_predictions=204
[eval.intphys2] Scoring complete | accuracy=56.3725 voe_accuracy=13.7255 n_scenes=51 n_samples=204
[eval.intphys2] Artifacts written | output_dir=artifacts/probes/intphys2/intphys2_probe_linear_ltx_video_ltxv_13b_0_9_8_distilled_20260509T102820Z/layer_noise_0.9_block_36/train/trial_0002/val_eval
wandb: updating run metadata
wandb: uploading wandb-summary.json; uploading config.yaml; uploading output.log
wandb: 
wandb: Run history:
wandb:          epoch ▁▁▁▁▂▂▂▂▂▂▃▃▄▄▄▄▄▅▅▅▅▅▆▆▆▆▆▆▆▆▆▆▆▇▇▇▇███
wandb: train_accuracy ▁▂▂▃▃▅▅▄▃▃▅▅▆▆▅▄▇▆▄▅▇▆▇▆▆▇▆▇▇▇▆▇▅████▇██
wandb:     train_loss █▇▇▇▆▅▆▅▅▄▄▄▄▄▄▄▄▄▄▃▃▃▃▃▃▂▂▂▂▃▂▂▂▂▂▂▁▁▁▁
wandb:   val_accuracy ▃▅▆▅▆▃▅▇█▆▃▇▁▆▅▇▆█▇▆▇▇▄▄▆▆▅▃▆▆▇▅▄▅▄▇▆▆▅▆
wandb:       val_loss ▂▁▁▁▁▁▁▂▂▂▄▃▃▃▃▃▃▃▅▃▄▄▅▅▅▅▅▅▆▅▆▆▆▇▇█▇▇▇█
wandb: 
wandb: Run summary:
wandb:           best_epoch 312
wandb:    best_val_accuracy 56.37255
wandb:        best_val_loss 0.86675
wandb: checkpoint_best_path artifacts/probes/int...
wandb: checkpoint_last_path artifacts/probes/int...
wandb:      checkpoint_path artifacts/probes/int...
wandb:              dataset intphys2
wandb:      elapsed_seconds 54.82683
wandb:                epoch 1000
wandb:    feature_signature cc5f37ae8af7ba58
wandb:                  +22 ...
wandb: 
wandb: 🚀 View run intphys2_linear_ltx_video_layer_noise_0.9_block_36/trial_0002 at: https://wandb.ai/caselli-niccolo-developer-university-of-amsterdam/probe4physics/runs/acq7goym
wandb: ⭐️ View project at: https://wandb.ai/caselli-niccolo-developer-university-of-amsterdam/probe4physics
wandb: Synced 5 W&B file(s), 0 media file(s), 0 artifact file(s) and 0 other file(s)
wandb: Find logs at: ./wandb/run-20260509_142627-acq7goym/logs
[I 2026-05-09 14:27:25,113] Trial 2 finished with value: 13.725490196078432 and parameters: {'lr': 0.00023345864076016249, 'weight_decay': 0.0005141096648805752, 'batch_size': 128, 'epochs': 1000}. Best is trial 0 with value: 13.725490196078432.
wandb: setting up run aq5jd3hw
wandb: Tracking run with wandb version 0.26.1
wandb: Run data is saved locally in /gpfs/home3/scur0511/Probe4Physics/wandb/run-20260509_142726-aq5jd3hw
wandb: Run `wandb offline` to turn off syncing.
wandb: Syncing run intphys2_linear_ltx_video_layer_noise_0.9_block_36/trial_0003
wandb: ⭐️ View project at https://wandb.ai/caselli-niccolo-developer-university-of-amsterdam/probe4physics
wandb: 🚀 View run at https://wandb.ai/caselli-niccolo-developer-university-of-amsterdam/probe4physics/runs/aq5jd3hw
[eval.intphys2] Starting eval | split_name=val split_dir=data/splits/intphys2 predictor_mode=from_file metadata_file=data/annotations/intphys2_metadata.csv
[eval.intphys2] Loaded split assignments | split_scenes=51 split_samples=204
[eval.intphys2] Generated predictions | n_predictions=204
[eval.intphys2] Scoring complete | accuracy=53.4314 voe_accuracy=15.6863 n_scenes=51 n_samples=204
[eval.intphys2] Artifacts written | output_dir=artifacts/probes/intphys2/intphys2_probe_linear_ltx_video_ltxv_13b_0_9_8_distilled_20260509T102820Z/layer_noise_0.9_block_36/train/trial_0003/val_eval
wandb: updating run metadata
wandb: uploading requirements.txt; uploading output.log; uploading wandb-summary.json; uploading config.yaml; uploading wandb-metadata.json
wandb: 
wandb: Run history:
wandb:          epoch ▁▁▁▁▂▂▂▂▂▂▃▃▃▃▃▄▄▄▄▄▄▅▅▅▅▅▅▆▆▆▆▆▆▇▇▇▇▇██
wandb: train_accuracy ▂▄▂▃▁▃▄▄▂▄▃▆▃▄▃▄▅▅▄▅▄▅▇▄▅▄▅▆▅▇▃▇▇▄▆█▇███
wandb:     train_loss █▃▂▂▂▂▂▂▂▂▂▂▁▂▂▁▂▁▂▁▂▁▁▁▁▃▁▁▁▂▁▁▁▁▁▁▁▁▁▁
wandb:   val_accuracy ▃▄▃▆▇▄▄▁▄▄▄▄▅▃▅▅▃▂▄▅▄▇▆▄▂▄▄▆▅▂█▄▄▆▅▁▅▃▃▆
wandb:       val_loss █▄▂▂▁▂▁▃▂▁▃▁▂▂▁▁▂▁▁▂▁▂▁▁▁▁▁▁▄▂▂▁▂▁▁▂▁▁▁▃
wandb: 
wandb: Run summary:
wandb:           best_epoch 38
wandb:    best_val_accuracy 53.43137
wandb:        best_val_loss 0.74084
wandb: checkpoint_best_path artifacts/probes/int...
wandb: checkpoint_last_path artifacts/probes/int...
wandb:      checkpoint_path artifacts/probes/int...
wandb:              dataset intphys2
wandb:      elapsed_seconds 4.48888
wandb:                epoch 50
wandb:    feature_signature cc5f37ae8af7ba58
wandb:                  +22 ...
wandb: 
wandb: 🚀 View run intphys2_linear_ltx_video_layer_noise_0.9_block_36/trial_0003 at: https://wandb.ai/caselli-niccolo-developer-university-of-amsterdam/probe4physics/runs/aq5jd3hw
wandb: ⭐️ View project at: https://wandb.ai/caselli-niccolo-developer-university-of-amsterdam/probe4physics
wandb: Synced 5 W&B file(s), 0 media file(s), 0 artifact file(s) and 0 other file(s)
wandb: Find logs at: ./wandb/run-20260509_142726-aq5jd3hw/logs
[I 2026-05-09 14:27:32,125] Trial 3 finished with value: 15.686274509803921 and parameters: {'lr': 8.200518402245828e-05, 'weight_decay': 3.855073690026179e-08, 'batch_size': 32, 'epochs': 50}. Best is trial 3 with value: 15.686274509803921.
wandb: setting up run pf3gxbi2
wandb: Tracking run with wandb version 0.26.1
wandb: Run data is saved locally in /gpfs/home3/scur0511/Probe4Physics/wandb/run-20260509_142733-pf3gxbi2
wandb: Run `wandb offline` to turn off syncing.
wandb: Syncing run intphys2_linear_ltx_video_layer_noise_0.9_block_36/trial_0004
wandb: ⭐️ View project at https://wandb.ai/caselli-niccolo-developer-university-of-amsterdam/probe4physics
wandb: 🚀 View run at https://wandb.ai/caselli-niccolo-developer-university-of-amsterdam/probe4physics/runs/pf3gxbi2
[eval.intphys2] Starting eval | split_name=val split_dir=data/splits/intphys2 predictor_mode=from_file metadata_file=data/annotations/intphys2_metadata.csv
[eval.intphys2] Loaded split assignments | split_scenes=51 split_samples=204
[eval.intphys2] Generated predictions | n_predictions=204
[eval.intphys2] Scoring complete | accuracy=53.9216 voe_accuracy=11.7647 n_scenes=51 n_samples=204
[eval.intphys2] Artifacts written | output_dir=artifacts/probes/intphys2/intphys2_probe_linear_ltx_video_ltxv_13b_0_9_8_distilled_20260509T102820Z/layer_noise_0.9_block_36/train/trial_0004/val_eval
wandb: updating run metadata
wandb: uploading wandb-metadata.json; uploading requirements.txt; uploading output.log; uploading wandb-summary.json; uploading config.yaml
wandb: 
wandb: Run history:
wandb:          epoch ▁▁▁▁▂▂▂▂▂▂▃▃▃▃▃▄▄▄▄▄▄▅▅▅▅▅▆▆▆▆▆▆▇▇▇▇▇███
wandb: train_accuracy ▂▂▁▃▂▃▃▁▂▃▃▄▃▄▄▄▄▄▄▄▃▄▄▆▅▅▆▆▆▅▇▅▄▆▇▇▆█▇▄
wandb:     train_loss █▃▃▃▃▃▃▃▃▂▂▄▂▂▂▂▂▂▃▂▃▂▂▃▃▂▂▂▂▂▁▂▃▂▁▁▁▁▁▂
wandb:   val_accuracy ▃▂▃▂▁▅▂▅▅▂▂▅▅▂▅▂▅▅▃▁▇▆▂▅▅▅▅▅▇▃▆▂▆█▇▅▇▆▅▆
wandb:       val_loss ▄▂▁▅▂█▁▁▂▂▆▁▂▃▄▃▂▂▁▃▂▂▂▂▅▂▃▄▂▂▃▂▂▅▂▂▂▂▃▂
wandb: 
wandb: Run summary:
wandb:           best_epoch 42
wandb:    best_val_accuracy 53.92157
wandb:        best_val_loss 0.80812
wandb: checkpoint_best_path artifacts/probes/int...
wandb: checkpoint_last_path artifacts/probes/int...
wandb:      checkpoint_path artifacts/probes/int...
wandb:              dataset intphys2
wandb:      elapsed_seconds 4.61446
wandb:                epoch 50
wandb:    feature_signature cc5f37ae8af7ba58
wandb:                  +22 ...
wandb: 
wandb: 🚀 View run intphys2_linear_ltx_video_layer_noise_0.9_block_36/trial_0004 at: https://wandb.ai/caselli-niccolo-developer-university-of-amsterdam/probe4physics/runs/pf3gxbi2
wandb: ⭐️ View project at: https://wandb.ai/caselli-niccolo-developer-university-of-amsterdam/probe4physics
wandb: Synced 5 W&B file(s), 0 media file(s), 0 artifact file(s) and 0 other file(s)
wandb: Find logs at: ./wandb/run-20260509_142733-pf3gxbi2/logs
[I 2026-05-09 14:27:39,773] Trial 4 finished with value: 11.76470588235294 and parameters: {'lr': 0.00043664735929796326, 'weight_decay': 1.2856617791467908e-07, 'batch_size': 32, 'epochs': 50}. Best is trial 3 with value: 15.686274509803921.
wandb: setting up run qm0om2uw
wandb: Tracking run with wandb version 0.26.1
wandb: Run data is saved locally in /gpfs/home3/scur0511/Probe4Physics/wandb/run-20260509_142741-qm0om2uw
wandb: Run `wandb offline` to turn off syncing.
wandb: Syncing run intphys2_linear_ltx_video_layer_noise_0.9_block_36/trial_0005
wandb: ⭐️ View project at https://wandb.ai/caselli-niccolo-developer-university-of-amsterdam/probe4physics
wandb: 🚀 View run at https://wandb.ai/caselli-niccolo-developer-university-of-amsterdam/probe4physics/runs/qm0om2uw
[eval.intphys2] Starting eval | split_name=val split_dir=data/splits/intphys2 predictor_mode=from_file metadata_file=data/annotations/intphys2_metadata.csv
[eval.intphys2] Loaded split assignments | split_scenes=51 split_samples=204
[eval.intphys2] Generated predictions | n_predictions=204
[eval.intphys2] Scoring complete | accuracy=55.8824 voe_accuracy=13.7255 n_scenes=51 n_samples=204
[eval.intphys2] Artifacts written | output_dir=artifacts/probes/intphys2/intphys2_probe_linear_ltx_video_ltxv_13b_0_9_8_distilled_20260509T102820Z/layer_noise_0.9_block_36/train/trial_0005/val_eval
wandb: updating run metadata
wandb: uploading output.log; uploading wandb-summary.json; uploading config.yaml
wandb: 
wandb: Run history:
wandb:          epoch ▁▁▁▂▂▂▂▂▂▂▂▃▃▃▃▄▄▄▄▄▄▄▅▅▅▆▆▆▆▆▆▇▇▇▇▇▇███
wandb: train_accuracy ▁▁▂▃▃▃▄▄▄▄▅▄▅▅▅▅▅▆▇▆▅▇▇▅▆▆▇▇▇▇█▇▅█▇██▇██
wandb:     train_loss ███▇▇▆▆▆▆▅▅▅▅▆▅▅▄▅▄▃▃▃▃▃▃▃▂▂▃▂▂▂▂▃▂▂▂▁▁▁
wandb:   val_accuracy ▃▃▆▂▃▃▆▆▁▅▄▆▆▅▆▆▄▆▆█▆▅▄▃▃▆▆▆▄▅▃▅▄▅▆▅▆▅▆▃
wandb:       val_loss ▂▁▁▁▁▁▁▂▃▂▂▂▂▃▃▃▃▄▃▄▄▄▄▄▅▅▅▅▅▆▆▅▆▆▆█▆▆▆█
wandb: 
wandb: Run summary:
wandb:           best_epoch 255
wandb:    best_val_accuracy 55.88235
wandb:        best_val_loss 0.91258
wandb: checkpoint_best_path artifacts/probes/int...
wandb: checkpoint_last_path artifacts/probes/int...
wandb:      checkpoint_path artifacts/probes/int...
wandb:              dataset intphys2
wandb:      elapsed_seconds 28.46458
wandb:                epoch 500
wandb:    feature_signature cc5f37ae8af7ba58
wandb:                  +22 ...
wandb: 
wandb: 🚀 View run intphys2_linear_ltx_video_layer_noise_0.9_block_36/trial_0005 at: https://wandb.ai/caselli-niccolo-developer-university-of-amsterdam/probe4physics/runs/qm0om2uw
wandb: ⭐️ View project at: https://wandb.ai/caselli-niccolo-developer-university-of-amsterdam/probe4physics
wandb: Synced 5 W&B file(s), 0 media file(s), 0 artifact file(s) and 0 other file(s)
wandb: Find logs at: ./wandb/run-20260509_142741-qm0om2uw/logs
[I 2026-05-09 14:28:11,834] Trial 5 finished with value: 13.725490196078432 and parameters: {'lr': 0.00014656553886225324, 'weight_decay': 4.247116662617142e-07, 'batch_size': 32, 'epochs': 500}. Best is trial 3 with value: 15.686274509803921.
wandb: setting up run kxgx707z
wandb: Tracking run with wandb version 0.26.1
wandb: Run data is saved locally in /gpfs/home3/scur0511/Probe4Physics/wandb/run-20260509_142812-kxgx707z
wandb: Run `wandb offline` to turn off syncing.
wandb: Syncing run intphys2_linear_ltx_video_layer_noise_0.9_block_36/trial_0006
wandb: ⭐️ View project at https://wandb.ai/caselli-niccolo-developer-university-of-amsterdam/probe4physics
wandb: 🚀 View run at https://wandb.ai/caselli-niccolo-developer-university-of-amsterdam/probe4physics/runs/kxgx707z
[eval.intphys2] Starting eval | split_name=val split_dir=data/splits/intphys2 predictor_mode=from_file metadata_file=data/annotations/intphys2_metadata.csv
[eval.intphys2] Loaded split assignments | split_scenes=51 split_samples=204
[eval.intphys2] Generated predictions | n_predictions=204
[eval.intphys2] Scoring complete | accuracy=52.4510 voe_accuracy=9.8039 n_scenes=51 n_samples=204
[eval.intphys2] Artifacts written | output_dir=artifacts/probes/intphys2/intphys2_probe_linear_ltx_video_ltxv_13b_0_9_8_distilled_20260509T102820Z/layer_noise_0.9_block_36/train/trial_0006/val_eval
wandb: updating run metadata
wandb: uploading history steps 0-99, summary, console lines 0-4
wandb: 
wandb: Run history:
wandb:          epoch ▁▁▁▁▁▁▁▂▂▂▂▂▂▃▃▃▄▄▄▄▅▅▅▅▅▅▅▅▆▆▆▆▆▆▇▇▇▇▇█
wandb: train_accuracy ▅▅▄▂▃▂▁▃▄▄▃▅▅▇▅▆▅▄▄▅▇▃▅▅▆▆▅▇▇▆▆█▇▇██▇▇▆▇
wandb:     train_loss █▆▄▃▂▂▂▂▂▂▁▁▁▁▁▁▁▁▁▁▁▁▁▁▁▁▁▁▁▁▁▁▁▁▁▁▁▁▁▁
wandb:   val_accuracy ▂▂▁▁▃▅▄▅▄▆▆▇▆▆▄▅▄▄▁▃▃▂▃▄▆▁▂▆█▂▇▆▅▂▆▅▆▄▄▅
wandb:       val_loss █▄▃▃▂▂▂▂▂▂▂▁▁▁▁▁▁▁▁▁▁▁▁▁▁▁▁▁▁▁▁▁▁▁▁▁▁▁▁▁
wandb: 
wandb: Run summary:
wandb:           best_epoch 80
wandb:    best_val_accuracy 52.45098
wandb:        best_val_loss 0.74879
wandb: checkpoint_best_path artifacts/probes/int...
wandb: checkpoint_last_path artifacts/probes/int...
wandb:      checkpoint_path artifacts/probes/int...
wandb:              dataset intphys2
wandb:      elapsed_seconds 5.93328
wandb:                epoch 100
wandb:    feature_signature cc5f37ae8af7ba58
wandb:                  +22 ...
wandb: 
wandb: 🚀 View run intphys2_linear_ltx_video_layer_noise_0.9_block_36/trial_0006 at: https://wandb.ai/caselli-niccolo-developer-university-of-amsterdam/probe4physics/runs/kxgx707z
wandb: ⭐️ View project at: https://wandb.ai/caselli-niccolo-developer-university-of-amsterdam/probe4physics
wandb: Synced 5 W&B file(s), 0 media file(s), 0 artifact file(s) and 0 other file(s)
wandb: Find logs at: ./wandb/run-20260509_142812-kxgx707z/logs
[I 2026-05-09 14:28:19,772] Trial 6 finished with value: 9.803921568627452 and parameters: {'lr': 1.0388823104027935e-05, 'weight_decay': 0.0007812113973534924, 'batch_size': 128, 'epochs': 100}. Best is trial 3 with value: 15.686274509803921.
wandb: setting up run 7wqvdksb
[2026-05-09T14:28:21.016] error: *** JOB 22604092 ON tcn229 CANCELLED AT 2026-05-09T14:28:21 DUE TO TIME LIMIT ***
wandb: Tracking run with wandb version 0.26.1
wandb: Run data is saved locally in /gpfs/home3/scur0511/Probe4Physics/wandb/run-20260509_142820-7wqvdksb
wandb: Run `wandb offline` to turn off syncing.
wandb: Syncing run intphys2_linear_ltx_video_layer_noise_0.9_block_36/trial_0007
wandb: ⭐️ View project at https://wandb.ai/caselli-niccolo-developer-university-of-amsterdam/probe4physics
wandb: 🚀 View run at https://wandb.ai/caselli-niccolo-developer-university-of-amsterdam/probe4physics/runs/7wqvdksb
