===== TRAIN PROVENANCE =====
Thu Apr 30 10:54:11 UTC 2026
tcn65.local.snellius.surf.nl
b334ea159cf8bc7d373321af295dde54023d8b2d
Python 3.11.15
/home/scur0511/.conda/envs/probe4physics-gpu/bin/python
REPO_ROOT=/gpfs/home3/scur0511/Probe4Physics
DATASET_NAME=intphys2
PROBE_NAME=linear
BACKBONE_NAME=jepa_v2_1
BACKBONE_VARIANT=vitG_384
PROBE_EPOCHS=100
PROBE_DEVICE=cpu
PROBE_LAYER=last
PROBE_LAYERS=12,24,38,48
PROBE_FEATURE_VIEW=pooled
ENABLE_WANDB=true
WANDB_PROJECT=probe4physics
WANDB_MODE=online
WANDB_GROUP=intphys2_linear_jepa_v2_1_vitG_384
ENABLE_OPTUNA=true
OPTUNA_N_TRIALS=20
OPTUNA_N_JOBS=1
OPTUNA_TIMEOUT_SECONDS=0
ENABLE_OPTUNA_PRUNER=true
OPTUNA_PRUNER_STARTUP_TRIALS=3
OPTUNA_PRUNER_WARMUP_STEPS=100
OPTUNA_PRUNER_INTERVAL_STEPS=1
OPTUNA_STUDY_NAME=intphys2_linear_jepa_v2_1_vitG_384
OPTUNA_SEARCH_OVERRIDES=<none>
============================
JOB_START_UTC=2026-04-30T10:54:11Z
{
  "best_layer": null,
  "best_layer_label": null,
  "best_objective_metric": null,
  "dataset": "intphys2",
  "feature_view": "pooled",
  "layers": [
    {
      "checkpoint": "artifacts/probes/intphys2/intphys2_probe_linear_jepa_v2_1_vitG_384_20260430T105417Z/layer_12/train/trial_0002/probe_best.pt",
      "eval": {
        "base_eval": {
          "metrics": {
            "accuracy": 55.88235294117647,
            "accuracy_by_condition": {
              "continuity": 50.0,
              "immutability": 56.25,
              "permanence": 64.58333333333334,
              "solidity": 53.333333333333336
            },
            "n_samples": 204,
            "n_scenes": 51,
            "voe_accuracy": 25.49019607843137,
            "voe_by_condition": {
              "continuity": 16.666666666666664,
              "immutability": 50.0,
              "permanence": 25.0,
              "solidity": 13.333333333333334
            }
          },
          "output_dir": "artifacts/probes/intphys2/intphys2_probe_linear_jepa_v2_1_vitG_384_20260430T105417Z/layer_12/eval/test",
          "split_dir": "data/splits/intphys2"
        },
        "checkpoint": "artifacts/probes/intphys2/intphys2_probe_linear_jepa_v2_1_vitG_384_20260430T105417Z/layer_12/train/trial_0002/probe_best.pt",
        "dataset": "intphys2",
        "feature_signature": "5c7753635ab2bb76",
        "metrics": {
          "accuracy": 55.88235294117647,
          "accuracy_by_condition": {
            "continuity": 50.0,
            "immutability": 56.25,
            "permanence": 64.58333333333334,
            "solidity": 53.333333333333336
          },
          "n_samples": 204,
          "n_scenes": 51,
          "voe_accuracy": 25.49019607843137,
          "voe_by_condition": {
            "continuity": 16.666666666666664,
            "immutability": 50.0,
            "permanence": 25.0,
            "solidity": 13.333333333333334
          }
        },
        "metrics_by_split": {
          "test": {
            "accuracy": 55.88235294117647,
            "accuracy_by_condition": {
              "continuity": 50.0,
              "immutability": 56.25,
              "permanence": 64.58333333333334,
              "solidity": 53.333333333333336
            },
            "n_samples": 204,
            "n_scenes": 51,
            "voe_accuracy": 25.49019607843137,
            "voe_by_condition": {
              "continuity": 16.666666666666664,
              "immutability": 50.0,
              "permanence": 25.0,
              "solidity": 13.333333333333334
            }
          },
          "train": {
            "accuracy": 57.11920529801324,
            "accuracy_by_condition": {
              "continuity": 54.166666666666664,
              "immutability": 63.19444444444444,
              "permanence": 59.02777777777778,
              "solidity": 52.90697674418605
            },
            "n_samples": 604,
            "n_scenes": 151,
            "voe_accuracy": 28.47682119205298,
            "voe_by_condition": {
              "continuity": 27.77777777777778,
              "immutability": 61.111111111111114,
              "permanence": 22.22222222222222,
              "solidity": 6.976744186046512
            }
          },
          "val": {
            "accuracy": 54.90196078431373,
            "accuracy_by_condition": {
              "continuity": 52.083333333333336,
              "immutability": 58.333333333333336,
              "permanence": 62.5,
              "solidity": 48.333333333333336
            },
            "n_samples": 204,
            "n_scenes": 51,
            "voe_accuracy": 31.372549019607842,
            "voe_by_condition": {
              "continuity": 25.0,
              "immutability": 50.0,
              "permanence": 50.0,
              "solidity": 6.666666666666667
            }
          }
        },
        "objective_metric": 25.49019607843137,
        "prediction_file": "artifacts/probes/intphys2/intphys2_probe_linear_jepa_v2_1_vitG_384_20260430T105417Z/layer_12/eval/test/probe_predictions.json",
        "prediction_files": {
          "test": "artifacts/probes/intphys2/intphys2_probe_linear_jepa_v2_1_vitG_384_20260430T105417Z/layer_12/eval/test/probe_predictions.json",
          "train": "artifacts/probes/intphys2/intphys2_probe_linear_jepa_v2_1_vitG_384_20260430T105417Z/layer_12/eval/train/probe_predictions.json",
          "val": "artifacts/probes/intphys2/intphys2_probe_linear_jepa_v2_1_vitG_384_20260430T105417Z/layer_12/eval/val/probe_predictions.json"
        },
        "probe_eval_dir": "artifacts/probes/intphys2/intphys2_probe_linear_jepa_v2_1_vitG_384_20260430T105417Z/layer_12/eval",
        "probe_name": "linear",
        "reported_splits": [
          "train",
          "val",
          "test"
        ],
        "split_eval_dirs": {
          "test": "artifacts/probes/intphys2/intphys2_probe_linear_jepa_v2_1_vitG_384_20260430T105417Z/layer_12/eval/test",
          "train": "artifacts/probes/intphys2/intphys2_probe_linear_jepa_v2_1_vitG_384_20260430T105417Z/layer_12/eval/train",
          "val": "artifacts/probes/intphys2/intphys2_probe_linear_jepa_v2_1_vitG_384_20260430T105417Z/layer_12/eval/val"
        },
        "split_evals": {
          "test": {
            "base_eval": {
              "metrics": {
                "accuracy": 55.88235294117647,
                "accuracy_by_condition": {
                  "continuity": 50.0,
                  "immutability": 56.25,
                  "permanence": 64.58333333333334,
                  "solidity": 53.333333333333336
                },
                "n_samples": 204,
                "n_scenes": 51,
                "voe_accuracy": 25.49019607843137,
                "voe_by_condition": {
                  "continuity": 16.666666666666664,
                  "immutability": 50.0,
                  "permanence": 25.0,
                  "solidity": 13.333333333333334
                }
              },
              "output_dir": "artifacts/probes/intphys2/intphys2_probe_linear_jepa_v2_1_vitG_384_20260430T105417Z/layer_12/eval/test",
              "split_dir": "data/splits/intphys2"
            },
            "checkpoint": "artifacts/probes/intphys2/intphys2_probe_linear_jepa_v2_1_vitG_384_20260430T105417Z/layer_12/train/trial_0002/probe_best.pt",
            "dataset": "intphys2",
            "feature_signature": "5c7753635ab2bb76",
            "metrics": {
              "accuracy": 55.88235294117647,
              "accuracy_by_condition": {
                "continuity": 50.0,
                "immutability": 56.25,
                "permanence": 64.58333333333334,
                "solidity": 53.333333333333336
              },
              "n_samples": 204,
              "n_scenes": 51,
              "voe_accuracy": 25.49019607843137,
              "voe_by_condition": {
                "continuity": 16.666666666666664,
                "immutability": 50.0,
                "permanence": 25.0,
                "solidity": 13.333333333333334
              }
            },
            "objective_metric": 25.49019607843137,
            "prediction_file": "artifacts/probes/intphys2/intphys2_probe_linear_jepa_v2_1_vitG_384_20260430T105417Z/layer_12/eval/test/probe_predictions.json",
            "probe_eval_dir": "artifacts/probes/intphys2/intphys2_probe_linear_jepa_v2_1_vitG_384_20260430T105417Z/layer_12/eval/test",
            "probe_name": "linear",
            "split_name": "test"
          },
          "train": {
            "base_eval": {
              "metrics": {
                "accuracy": 57.11920529801324,
                "accuracy_by_condition": {
                  "continuity": 54.166666666666664,
                  "immutability": 63.19444444444444,
                  "permanence": 59.02777777777778,
                  "solidity": 52.90697674418605
                },
                "n_samples": 604,
                "n_scenes": 151,
                "voe_accuracy": 28.47682119205298,
                "voe_by_condition": {
                  "continuity": 27.77777777777778,
                  "immutability": 61.111111111111114,
                  "permanence": 22.22222222222222,
                  "solidity": 6.976744186046512
                }
              },
              "output_dir": "artifacts/probes/intphys2/intphys2_probe_linear_jepa_v2_1_vitG_384_20260430T105417Z/layer_12/eval/train",
              "split_dir": "data/splits/intphys2"
            },
            "checkpoint": "artifacts/probes/intphys2/intphys2_probe_linear_jepa_v2_1_vitG_384_20260430T105417Z/layer_12/train/trial_0002/probe_best.pt",
            "dataset": "intphys2",
            "feature_signature": "5c7753635ab2bb76",
            "metrics": {
              "accuracy": 57.11920529801324,
              "accuracy_by_condition": {
                "continuity": 54.166666666666664,
                "immutability": 63.19444444444444,
                "permanence": 59.02777777777778,
                "solidity": 52.90697674418605
              },
              "n_samples": 604,
              "n_scenes": 151,
              "voe_accuracy": 28.47682119205298,
              "voe_by_condition": {
                "continuity": 27.77777777777778,
                "immutability": 61.111111111111114,
                "permanence": 22.22222222222222,
                "solidity": 6.976744186046512
              }
            },
            "objective_metric": 28.47682119205298,
            "prediction_file": "artifacts/probes/intphys2/intphys2_probe_linear_jepa_v2_1_vitG_384_20260430T105417Z/layer_12/eval/train/probe_predictions.json",
            "probe_eval_dir": "artifacts/probes/intphys2/intphys2_probe_linear_jepa_v2_1_vitG_384_20260430T105417Z/layer_12/eval/train",
            "probe_name": "linear",
            "split_name": "train"
          },
          "val": {
            "base_eval": {
              "metrics": {
                "accuracy": 54.90196078431373,
                "accuracy_by_condition": {
                  "continuity": 52.083333333333336,
                  "immutability": 58.333333333333336,
                  "permanence": 62.5,
                  "solidity": 48.333333333333336
                },
                "n_samples": 204,
                "n_scenes": 51,
                "voe_accuracy": 31.372549019607842,
                "voe_by_condition": {
                  "continuity": 25.0,
                  "immutability": 50.0,
                  "permanence": 50.0,
                  "solidity": 6.666666666666667
                }
              },
              "output_dir": "artifacts/probes/intphys2/intphys2_probe_linear_jepa_v2_1_vitG_384_20260430T105417Z/layer_12/eval/val",
              "split_dir": "data/splits/intphys2"
            },
            "checkpoint": "artifacts/probes/intphys2/intphys2_probe_linear_jepa_v2_1_vitG_384_20260430T105417Z/layer_12/train/trial_0002/probe_best.pt",
            "dataset": "intphys2",
            "feature_signature": "5c7753635ab2bb76",
            "metrics": {
              "accuracy": 54.90196078431373,
              "accuracy_by_condition": {
                "continuity": 52.083333333333336,
                "immutability": 58.333333333333336,
                "permanence": 62.5,
                "solidity": 48.333333333333336
              },
              "n_samples": 204,
              "n_scenes": 51,
              "voe_accuracy": 31.372549019607842,
              "voe_by_condition": {
                "continuity": 25.0,
                "immutability": 50.0,
                "permanence": 50.0,
                "solidity": 6.666666666666667
              }
            },
            "objective_metric": 31.372549019607842,
            "prediction_file": "artifacts/probes/intphys2/intphys2_probe_linear_jepa_v2_1_vitG_384_20260430T105417Z/layer_12/eval/val/probe_predictions.json",
            "probe_eval_dir": "artifacts/probes/intphys2/intphys2_probe_linear_jepa_v2_1_vitG_384_20260430T105417Z/layer_12/eval/val",
            "probe_name": "linear",
            "split_name": "val"
          }
        },
        "split_name": "test"
      },
      "layer": 12,
      "layer_label": "12",
      "objective_metric": 25.49019607843137,
      "train": {
        "best_checkpoint": "artifacts/probes/intphys2/intphys2_probe_linear_jepa_v2_1_vitG_384_20260430T105417Z/layer_12/train/trial_0002/probe_best.pt",
        "best_eval_output_dir": "artifacts/probes/intphys2/intphys2_probe_linear_jepa_v2_1_vitG_384_20260430T105417Z/layer_12/train/trial_0002/val_eval",
        "best_output_dir": "artifacts/probes/intphys2/intphys2_probe_linear_jepa_v2_1_vitG_384_20260430T105417Z/layer_12/train/trial_0002",
        "best_params": {
          "batch_size": 256,
          "lr": 0.00314288089084011,
          "weight_decay": 1.879466824163843e-07
        },
        "best_trial_number": 2,
        "best_value": 31.372549019607842,
        "checkpoint": "artifacts/probes/intphys2/intphys2_probe_linear_jepa_v2_1_vitG_384_20260430T105417Z/layer_12/train/trial_0002/probe_best.pt",
        "dataset": "intphys2",
        "direction": "maximize",
        "layer": 12,
        "n_trials": 20,
        "objective_metric": "voe_accuracy",
        "output_dir": "artifacts/probes/intphys2/intphys2_probe_linear_jepa_v2_1_vitG_384_20260430T105417Z/layer_12/train",
        "probe_name": "linear",
        "storage": "sqlite:////gpfs/home3/scur0511/Probe4Physics/artifacts/probes/intphys2/intphys2_probe_linear_jepa_v2_1_vitG_384_20260430T105417Z/layer_12/train/optuna_study.sqlite3",
        "study_name": "intphys2_linear_jepa_v2_1_vitG_384_layer_12",
        "trials": [
          {
            "checkpoint": "artifacts/probes/intphys2/intphys2_probe_linear_jepa_v2_1_vitG_384_20260430T105417Z/layer_12/train/trial_0000/probe_best.pt",
            "eval_output_dir": "artifacts/probes/intphys2/intphys2_probe_linear_jepa_v2_1_vitG_384_20260430T105417Z/layer_12/train/trial_0000/val_eval",
            "output_dir": "artifacts/probes/intphys2/intphys2_probe_linear_jepa_v2_1_vitG_384_20260430T105417Z/layer_12/train/trial_0000",
            "params": {
              "batch_size": 32,
              "lr": 0.0001329291894316216,
              "weight_decay": 0.005061576888752304
            },
            "trial_number": 0,
            "value": 25.49019607843137
          },
          {
            "checkpoint": "artifacts/probes/intphys2/intphys2_probe_linear_jepa_v2_1_vitG_384_20260430T105417Z/layer_12/train/trial_0001/probe_best.pt",
            "eval_output_dir": "artifacts/probes/intphys2/intphys2_probe_linear_jepa_v2_1_vitG_384_20260430T105417Z/layer_12/train/trial_0001/val_eval",
            "output_dir": "artifacts/probes/intphys2/intphys2_probe_linear_jepa_v2_1_vitG_384_20260430T105417Z/layer_12/train/trial_0001",
            "params": {
              "batch_size": 256,
              "lr": 1.493656855461762e-05,
              "weight_decay": 0.0015741890047456662
            },
            "trial_number": 1,
            "value": 13.725490196078432
          },
          {
            "checkpoint": "artifacts/probes/intphys2/intphys2_probe_linear_jepa_v2_1_vitG_384_20260430T105417Z/layer_12/train/trial_0002/probe_best.pt",
            "eval_output_dir": "artifacts/probes/intphys2/intphys2_probe_linear_jepa_v2_1_vitG_384_20260430T105417Z/layer_12/train/trial_0002/val_eval",
            "output_dir": "artifacts/probes/intphys2/intphys2_probe_linear_jepa_v2_1_vitG_384_20260430T105417Z/layer_12/train/trial_0002",
            "params": {
              "batch_size": 256,
              "lr": 0.00314288089084011,
              "weight_decay": 1.879466824163843e-07
            },
            "trial_number": 2,
            "value": 31.372549019607842
          },
          {
            "checkpoint": "artifacts/probes/intphys2/intphys2_probe_linear_jepa_v2_1_vitG_384_20260430T105417Z/layer_12/train/trial_0003/probe_best.pt",
            "eval_output_dir": "artifacts/probes/intphys2/intphys2_probe_linear_jepa_v2_1_vitG_384_20260430T105417Z/layer_12/train/trial_0003/val_eval",
            "output_dir": "artifacts/probes/intphys2/intphys2_probe_linear_jepa_v2_1_vitG_384_20260430T105417Z/layer_12/train/trial_0003",
            "params": {
              "batch_size": 32,
              "lr": 0.00019762189340280086,
              "weight_decay": 5.589524205217922e-07
            },
            "trial_number": 3,
            "value": 25.49019607843137
          },
          {
            "checkpoint": "artifacts/probes/intphys2/intphys2_probe_linear_jepa_v2_1_vitG_384_20260430T105417Z/layer_12/train/trial_0004/probe_best.pt",
            "eval_output_dir": "artifacts/probes/intphys2/intphys2_probe_linear_jepa_v2_1_vitG_384_20260430T105417Z/layer_12/train/trial_0004/val_eval",
            "output_dir": "artifacts/probes/intphys2/intphys2_probe_linear_jepa_v2_1_vitG_384_20260430T105417Z/layer_12/train/trial_0004",
            "params": {
              "batch_size": 128,
              "lr": 0.00023345864076016249,
              "weight_decay": 0.0005141096648805752
            },
            "trial_number": 4,
            "value": 21.568627450980394
          },
          {
            "checkpoint": "artifacts/probes/intphys2/intphys2_probe_linear_jepa_v2_1_vitG_384_20260430T105417Z/layer_12/train/trial_0005/probe_best.pt",
            "eval_output_dir": "artifacts/probes/intphys2/intphys2_probe_linear_jepa_v2_1_vitG_384_20260430T105417Z/layer_12/train/trial_0005/val_eval",
            "output_dir": "artifacts/probes/intphys2/intphys2_probe_linear_jepa_v2_1_vitG_384_20260430T105417Z/layer_12/train/trial_0005",
            "params": {
              "batch_size": 128,
              "lr": 0.0006647135865318024,
              "weight_decay": 1.0547383621352015e-07
            },
            "trial_number": 5,
            "value": 25.49019607843137
          },
          {
            "checkpoint": "artifacts/probes/intphys2/intphys2_probe_linear_jepa_v2_1_vitG_384_20260430T105417Z/layer_12/train/trial_0006/probe_best.pt",
            "eval_output_dir": "artifacts/probes/intphys2/intphys2_probe_linear_jepa_v2_1_vitG_384_20260430T105417Z/layer_12/train/trial_0006/val_eval",
            "output_dir": "artifacts/probes/intphys2/intphys2_probe_linear_jepa_v2_1_vitG_384_20260430T105417Z/layer_12/train/trial_0006",
            "params": {
              "batch_size": 32,
              "lr": 8.200518402245828e-05,
              "weight_decay": 3.855073690026179e-08
            },
            "trial_number": 6,
            "value": 21.568627450980394
          },
          {
            "checkpoint": "artifacts/probes/intphys2/intphys2_probe_linear_jepa_v2_1_vitG_384_20260430T105417Z/layer_12/train/trial_0007/probe_best.pt",
            "eval_output_dir": "artifacts/probes/intphys2/intphys2_probe_linear_jepa_v2_1_vitG_384_20260430T105417Z/layer_12/train/trial_0007/val_eval",
            "output_dir": "artifacts/probes/intphys2/intphys2_probe_linear_jepa_v2_1_vitG_384_20260430T105417Z/layer_12/train/trial_0007",
            "params": {
              "batch_size": 64,
              "lr": 1.2681352169084594e-05,
              "weight_decay": 0.0028570800750407216
            },
            "trial_number": 7,
            "value": 13.725490196078432
          },
          {
            "checkpoint": "artifacts/probes/intphys2/intphys2_probe_linear_jepa_v2_1_vitG_384_20260430T105417Z/layer_12/train/trial_0008/probe_best.pt",
            "eval_output_dir": "artifacts/probes/intphys2/intphys2_probe_linear_jepa_v2_1_vitG_384_20260430T105417Z/layer_12/train/trial_0008/val_eval",
            "output_dir": "artifacts/probes/intphys2/intphys2_probe_linear_jepa_v2_1_vitG_384_20260430T105417Z/layer_12/train/trial_0008",
            "params": {
              "batch_size": 32,
              "lr": 0.00043664735929796326,
              "weight_decay": 1.2856617791467908e-07
            },
            "trial_number": 8,
            "value": 27.450980392156865
          },
          {
            "checkpoint": "artifacts/probes/intphys2/intphys2_probe_linear_jepa_v2_1_vitG_384_20260430T105417Z/layer_12/train/trial_0009/probe_best.pt",
            "eval_output_dir": "artifacts/probes/intphys2/intphys2_probe_linear_jepa_v2_1_vitG_384_20260430T105417Z/layer_12/train/trial_0009/val_eval",
            "output_dir": "artifacts/probes/intphys2/intphys2_probe_linear_jepa_v2_1_vitG_384_20260430T105417Z/layer_12/train/trial_0009",
            "params": {
              "batch_size": 256,
              "lr": 0.0006218704727769079,
              "weight_decay": 0.0033981724150106006
            },
            "trial_number": 9,
            "value": 25.49019607843137
          },
          {
            "checkpoint": "artifacts/probes/intphys2/intphys2_probe_linear_jepa_v2_1_vitG_384_20260430T105417Z/layer_12/train/trial_0010/probe_best.pt",
            "eval_output_dir": "artifacts/probes/intphys2/intphys2_probe_linear_jepa_v2_1_vitG_384_20260430T105417Z/layer_12/train/trial_0010/val_eval",
            "output_dir": "artifacts/probes/intphys2/intphys2_probe_linear_jepa_v2_1_vitG_384_20260430T105417Z/layer_12/train/trial_0010",
            "params": {
              "batch_size": 256,
              "lr": 0.008589902259876388,
              "weight_decay": 6.917735117804129e-06
            },
            "trial_number": 10,
            "value": 27.450980392156865
          },
          {
            "checkpoint": "artifacts/probes/intphys2/intphys2_probe_linear_jepa_v2_1_vitG_384_20260430T105417Z/layer_12/train/trial_0011/probe_best.pt",
            "eval_output_dir": "artifacts/probes/intphys2/intphys2_probe_linear_jepa_v2_1_vitG_384_20260430T105417Z/layer_12/train/trial_0011/val_eval",
            "output_dir": "artifacts/probes/intphys2/intphys2_probe_linear_jepa_v2_1_vitG_384_20260430T105417Z/layer_12/train/trial_0011",
            "params": {
              "batch_size": 64,
              "lr": 0.0040877179237697285,
              "weight_decay": 1.722277082226428e-06
            },
            "trial_number": 11,
            "value": 23.52941176470588
          },
          {
            "checkpoint": "artifacts/probes/intphys2/intphys2_probe_linear_jepa_v2_1_vitG_384_20260430T105417Z/layer_12/train/trial_0012/probe_best.pt",
            "eval_output_dir": "artifacts/probes/intphys2/intphys2_probe_linear_jepa_v2_1_vitG_384_20260430T105417Z/layer_12/train/trial_0012/val_eval",
            "output_dir": "artifacts/probes/intphys2/intphys2_probe_linear_jepa_v2_1_vitG_384_20260430T105417Z/layer_12/train/trial_0012",
            "params": {
              "batch_size": 256,
              "lr": 0.0012549750898872905,
              "weight_decay": 1.196959457147813e-08
            },
            "trial_number": 12,
            "value": 27.450980392156865
          },
          {
            "checkpoint": "artifacts/probes/intphys2/intphys2_probe_linear_jepa_v2_1_vitG_384_20260430T105417Z/layer_12/train/trial_0013/probe_best.pt",
            "eval_output_dir": "artifacts/probes/intphys2/intphys2_probe_linear_jepa_v2_1_vitG_384_20260430T105417Z/layer_12/train/trial_0013/val_eval",
            "output_dir": "artifacts/probes/intphys2/intphys2_probe_linear_jepa_v2_1_vitG_384_20260430T105417Z/layer_12/train/trial_0013",
            "params": {
              "batch_size": 32,
              "lr": 0.0021256424727956256,
              "weight_decay": 5.615119001519276e-05
            },
            "trial_number": 13,
            "value": 29.411764705882355
          },
          {
            "checkpoint": "artifacts/probes/intphys2/intphys2_probe_linear_jepa_v2_1_vitG_384_20260430T105417Z/layer_12/train/trial_0014/probe_best.pt",
            "eval_output_dir": "artifacts/probes/intphys2/intphys2_probe_linear_jepa_v2_1_vitG_384_20260430T105417Z/layer_12/train/trial_0014/val_eval",
            "output_dir": "artifacts/probes/intphys2/intphys2_probe_linear_jepa_v2_1_vitG_384_20260430T105417Z/layer_12/train/trial_0014",
            "params": {
              "batch_size": 32,
              "lr": 0.002482076244951997,
              "weight_decay": 7.628400259963934e-05
            },
            "trial_number": 14,
            "value": 23.52941176470588
          },
          {
            "checkpoint": "artifacts/probes/intphys2/intphys2_probe_linear_jepa_v2_1_vitG_384_20260430T105417Z/layer_12/train/trial_0015/probe_best.pt",
            "eval_output_dir": "artifacts/probes/intphys2/intphys2_probe_linear_jepa_v2_1_vitG_384_20260430T105417Z/layer_12/train/trial_0015/val_eval",
            "output_dir": "artifacts/probes/intphys2/intphys2_probe_linear_jepa_v2_1_vitG_384_20260430T105417Z/layer_12/train/trial_0015",
            "params": {
              "batch_size": 256,
              "lr": 0.002285561687776336,
              "weight_decay": 5.0258416447373614e-05
            },
            "trial_number": 15,
            "value": 25.49019607843137
          },
          {
            "checkpoint": "artifacts/probes/intphys2/intphys2_probe_linear_jepa_v2_1_vitG_384_20260430T105417Z/layer_12/train/trial_0016/probe_best.pt",
            "eval_output_dir": "artifacts/probes/intphys2/intphys2_probe_linear_jepa_v2_1_vitG_384_20260430T105417Z/layer_12/train/trial_0016/val_eval",
            "output_dir": "artifacts/probes/intphys2/intphys2_probe_linear_jepa_v2_1_vitG_384_20260430T105417Z/layer_12/train/trial_0016",
            "params": {
              "batch_size": 64,
              "lr": 0.006100470136886093,
              "weight_decay": 2.0519059010204026e-05
            },
            "trial_number": 16,
            "value": 27.450980392156865
          },
          {
            "checkpoint": "artifacts/probes/intphys2/intphys2_probe_linear_jepa_v2_1_vitG_384_20260430T105417Z/layer_12/train/trial_0017/probe_best.pt",
            "eval_output_dir": "artifacts/probes/intphys2/intphys2_probe_linear_jepa_v2_1_vitG_384_20260430T105417Z/layer_12/train/trial_0017/val_eval",
            "output_dir": "artifacts/probes/intphys2/intphys2_probe_linear_jepa_v2_1_vitG_384_20260430T105417Z/layer_12/train/trial_0017",
            "params": {
              "batch_size": 128,
              "lr": 0.0011711426667473579,
              "weight_decay": 2.102999451345168e-06
            },
            "trial_number": 17,
            "value": 23.52941176470588
          },
          {
            "checkpoint": "artifacts/probes/intphys2/intphys2_probe_linear_jepa_v2_1_vitG_384_20260430T105417Z/layer_12/train/trial_0018/probe_best.pt",
            "eval_output_dir": "artifacts/probes/intphys2/intphys2_probe_linear_jepa_v2_1_vitG_384_20260430T105417Z/layer_12/train/trial_0018/val_eval",
            "output_dir": "artifacts/probes/intphys2/intphys2_probe_linear_jepa_v2_1_vitG_384_20260430T105417Z/layer_12/train/trial_0018",
            "params": {
              "batch_size": 256,
              "lr": 0.002700612944587727,
              "weight_decay": 0.0003306331267262618
            },
            "trial_number": 18,
            "value": 21.568627450980394
          },
          {
            "checkpoint": "artifacts/probes/intphys2/intphys2_probe_linear_jepa_v2_1_vitG_384_20260430T105417Z/layer_12/train/trial_0019/probe_best.pt",
            "eval_output_dir": "artifacts/probes/intphys2/intphys2_probe_linear_jepa_v2_1_vitG_384_20260430T105417Z/layer_12/train/trial_0019/val_eval",
            "output_dir": "artifacts/probes/intphys2/intphys2_probe_linear_jepa_v2_1_vitG_384_20260430T105417Z/layer_12/train/trial_0019",
            "params": {
              "batch_size": 32,
              "lr": 4.8019433799281777e-05,
              "weight_decay": 5.565701324380348e-07
            },
            "trial_number": 19,
            "value": 23.52941176470588
          }
        ]
      }
    },
    {
      "checkpoint": "artifacts/probes/intphys2/intphys2_probe_linear_jepa_v2_1_vitG_384_20260430T105417Z/layer_24/train/trial_0003/probe_best.pt",
      "eval": {
        "base_eval": {
          "metrics": {
            "accuracy": 55.392156862745104,
            "accuracy_by_condition": {
              "continuity": 54.166666666666664,
              "immutability": 56.25,
              "permanence": 60.416666666666664,
              "solidity": 51.66666666666667
            },
            "n_samples": 204,
            "n_scenes": 51,
            "voe_accuracy": 19.607843137254903,
            "voe_by_condition": {
              "continuity": 8.333333333333332,
              "immutability": 33.33333333333333,
              "permanence": 16.666666666666664,
              "solidity": 20.0
            }
          },
          "output_dir": "artifacts/probes/intphys2/intphys2_probe_linear_jepa_v2_1_vitG_384_20260430T105417Z/layer_24/eval/test",
          "split_dir": "data/splits/intphys2"
        },
        "checkpoint": "artifacts/probes/intphys2/intphys2_probe_linear_jepa_v2_1_vitG_384_20260430T105417Z/layer_24/train/trial_0003/probe_best.pt",
        "dataset": "intphys2",
        "feature_signature": "5c7753635ab2bb76",
        "metrics": {
          "accuracy": 55.392156862745104,
          "accuracy_by_condition": {
            "continuity": 54.166666666666664,
            "immutability": 56.25,
            "permanence": 60.416666666666664,
            "solidity": 51.66666666666667
          },
          "n_samples": 204,
          "n_scenes": 51,
          "voe_accuracy": 19.607843137254903,
          "voe_by_condition": {
            "continuity": 8.333333333333332,
            "immutability": 33.33333333333333,
            "permanence": 16.666666666666664,
            "solidity": 20.0
          }
        },
        "metrics_by_split": {
          "test": {
            "accuracy": 55.392156862745104,
            "accuracy_by_condition": {
              "continuity": 54.166666666666664,
              "immutability": 56.25,
              "permanence": 60.416666666666664,
              "solidity": 51.66666666666667
            },
            "n_samples": 204,
            "n_scenes": 51,
            "voe_accuracy": 19.607843137254903,
            "voe_by_condition": {
              "continuity": 8.333333333333332,
              "immutability": 33.33333333333333,
              "permanence": 16.666666666666664,
              "solidity": 20.0
            }
          },
          "train": {
            "accuracy": 56.29139072847682,
            "accuracy_by_condition": {
              "continuity": 51.388888888888886,
              "immutability": 61.80555555555556,
              "permanence": 61.111111111111114,
              "solidity": 51.74418604651163
            },
            "n_samples": 604,
            "n_scenes": 151,
            "voe_accuracy": 37.086092715231786,
            "voe_by_condition": {
              "continuity": 50.0,
              "immutability": 41.66666666666667,
              "permanence": 33.33333333333333,
              "solidity": 25.581395348837212
            }
          },
          "val": {
            "accuracy": 55.88235294117647,
            "accuracy_by_condition": {
              "continuity": 56.25,
              "immutability": 62.5,
              "permanence": 54.166666666666664,
              "solidity": 51.66666666666667
            },
            "n_samples": 204,
            "n_scenes": 51,
            "voe_accuracy": 23.52941176470588,
            "voe_by_condition": {
              "continuity": 16.666666666666664,
              "immutability": 50.0,
              "permanence": 8.333333333333332,
              "solidity": 20.0
            }
          }
        },
        "objective_metric": 19.607843137254903,
        "prediction_file": "artifacts/probes/intphys2/intphys2_probe_linear_jepa_v2_1_vitG_384_20260430T105417Z/layer_24/eval/test/probe_predictions.json",
        "prediction_files": {
          "test": "artifacts/probes/intphys2/intphys2_probe_linear_jepa_v2_1_vitG_384_20260430T105417Z/layer_24/eval/test/probe_predictions.json",
          "train": "artifacts/probes/intphys2/intphys2_probe_linear_jepa_v2_1_vitG_384_20260430T105417Z/layer_24/eval/train/probe_predictions.json",
          "val": "artifacts/probes/intphys2/intphys2_probe_linear_jepa_v2_1_vitG_384_20260430T105417Z/layer_24/eval/val/probe_predictions.json"
        },
        "probe_eval_dir": "artifacts/probes/intphys2/intphys2_probe_linear_jepa_v2_1_vitG_384_20260430T105417Z/layer_24/eval",
        "probe_name": "linear",
        "reported_splits": [
          "train",
          "val",
          "test"
        ],
        "split_eval_dirs": {
          "test": "artifacts/probes/intphys2/intphys2_probe_linear_jepa_v2_1_vitG_384_20260430T105417Z/layer_24/eval/test",
          "train": "artifacts/probes/intphys2/intphys2_probe_linear_jepa_v2_1_vitG_384_20260430T105417Z/layer_24/eval/train",
          "val": "artifacts/probes/intphys2/intphys2_probe_linear_jepa_v2_1_vitG_384_20260430T105417Z/layer_24/eval/val"
        },
        "split_evals": {
          "test": {
            "base_eval": {
              "metrics": {
                "accuracy": 55.392156862745104,
                "accuracy_by_condition": {
                  "continuity": 54.166666666666664,
                  "immutability": 56.25,
                  "permanence": 60.416666666666664,
                  "solidity": 51.66666666666667
                },
                "n_samples": 204,
                "n_scenes": 51,
                "voe_accuracy": 19.607843137254903,
                "voe_by_condition": {
                  "continuity": 8.333333333333332,
                  "immutability": 33.33333333333333,
                  "permanence": 16.666666666666664,
                  "solidity": 20.0
                }
              },
              "output_dir": "artifacts/probes/intphys2/intphys2_probe_linear_jepa_v2_1_vitG_384_20260430T105417Z/layer_24/eval/test",
              "split_dir": "data/splits/intphys2"
            },
            "checkpoint": "artifacts/probes/intphys2/intphys2_probe_linear_jepa_v2_1_vitG_384_20260430T105417Z/layer_24/train/trial_0003/probe_best.pt",
            "dataset": "intphys2",
            "feature_signature": "5c7753635ab2bb76",
            "metrics": {
              "accuracy": 55.392156862745104,
              "accuracy_by_condition": {
                "continuity": 54.166666666666664,
                "immutability": 56.25,
                "permanence": 60.416666666666664,
                "solidity": 51.66666666666667
              },
              "n_samples": 204,
              "n_scenes": 51,
              "voe_accuracy": 19.607843137254903,
              "voe_by_condition": {
                "continuity": 8.333333333333332,
                "immutability": 33.33333333333333,
                "permanence": 16.666666666666664,
                "solidity": 20.0
              }
            },
            "objective_metric": 19.607843137254903,
            "prediction_file": "artifacts/probes/intphys2/intphys2_probe_linear_jepa_v2_1_vitG_384_20260430T105417Z/layer_24/eval/test/probe_predictions.json",
            "probe_eval_dir": "artifacts/probes/intphys2/intphys2_probe_linear_jepa_v2_1_vitG_384_20260430T105417Z/layer_24/eval/test",
            "probe_name": "linear",
            "split_name": "test"
          },
          "train": {
            "base_eval": {
              "metrics": {
                "accuracy": 56.29139072847682,
                "accuracy_by_condition": {
                  "continuity": 51.388888888888886,
                  "immutability": 61.80555555555556,
                  "permanence": 61.111111111111114,
                  "solidity": 51.74418604651163
                },
                "n_samples": 604,
                "n_scenes": 151,
                "voe_accuracy": 37.086092715231786,
                "voe_by_condition": {
                  "continuity": 50.0,
                  "immutability": 41.66666666666667,
                  "permanence": 33.33333333333333,
                  "solidity": 25.581395348837212
                }
              },
              "output_dir": "artifacts/probes/intphys2/intphys2_probe_linear_jepa_v2_1_vitG_384_20260430T105417Z/layer_24/eval/train",
              "split_dir": "data/splits/intphys2"
            },
            "checkpoint": "artifacts/probes/intphys2/intphys2_probe_linear_jepa_v2_1_vitG_384_20260430T105417Z/layer_24/train/trial_0003/probe_best.pt",
            "dataset": "intphys2",
            "feature_signature": "5c7753635ab2bb76",
            "metrics": {
              "accuracy": 56.29139072847682,
              "accuracy_by_condition": {
                "continuity": 51.388888888888886,
                "immutability": 61.80555555555556,
                "permanence": 61.111111111111114,
                "solidity": 51.74418604651163
              },
              "n_samples": 604,
              "n_scenes": 151,
              "voe_accuracy": 37.086092715231786,
              "voe_by_condition": {
                "continuity": 50.0,
                "immutability": 41.66666666666667,
                "permanence": 33.33333333333333,
                "solidity": 25.581395348837212
              }
            },
            "objective_metric": 37.086092715231786,
            "prediction_file": "artifacts/probes/intphys2/intphys2_probe_linear_jepa_v2_1_vitG_384_20260430T105417Z/layer_24/eval/train/probe_predictions.json",
            "probe_eval_dir": "artifacts/probes/intphys2/intphys2_probe_linear_jepa_v2_1_vitG_384_20260430T105417Z/layer_24/eval/train",
            "probe_name": "linear",
            "split_name": "train"
          },
          "val": {
            "base_eval": {
              "metrics": {
                "accuracy": 55.88235294117647,
                "accuracy_by_condition": {
                  "continuity": 56.25,
                  "immutability": 62.5,
                  "permanence": 54.166666666666664,
                  "solidity": 51.66666666666667
                },
                "n_samples": 204,
                "n_scenes": 51,
                "voe_accuracy": 23.52941176470588,
                "voe_by_condition": {
                  "continuity": 16.666666666666664,
                  "immutability": 50.0,
                  "permanence": 8.333333333333332,
                  "solidity": 20.0
                }
              },
              "output_dir": "artifacts/probes/intphys2/intphys2_probe_linear_jepa_v2_1_vitG_384_20260430T105417Z/layer_24/eval/val",
              "split_dir": "data/splits/intphys2"
            },
            "checkpoint": "artifacts/probes/intphys2/intphys2_probe_linear_jepa_v2_1_vitG_384_20260430T105417Z/layer_24/train/trial_0003/probe_best.pt",
            "dataset": "intphys2",
            "feature_signature": "5c7753635ab2bb76",
            "metrics": {
              "accuracy": 55.88235294117647,
              "accuracy_by_condition": {
                "continuity": 56.25,
                "immutability": 62.5,
                "permanence": 54.166666666666664,
                "solidity": 51.66666666666667
              },
              "n_samples": 204,
              "n_scenes": 51,
              "voe_accuracy": 23.52941176470588,
              "voe_by_condition": {
                "continuity": 16.666666666666664,
                "immutability": 50.0,
                "permanence": 8.333333333333332,
                "solidity": 20.0
              }
            },
            "objective_metric": 23.52941176470588,
            "prediction_file": "artifacts/probes/intphys2/intphys2_probe_linear_jepa_v2_1_vitG_384_20260430T105417Z/layer_24/eval/val/probe_predictions.json",
            "probe_eval_dir": "artifacts/probes/intphys2/intphys2_probe_linear_jepa_v2_1_vitG_384_20260430T105417Z/layer_24/eval/val",
            "probe_name": "linear",
            "split_name": "val"
          }
        },
        "split_name": "test"
      },
      "layer": 24,
      "layer_label": "24",
      "objective_metric": 19.607843137254903,
      "train": {
        "best_checkpoint": "artifacts/probes/intphys2/intphys2_probe_linear_jepa_v2_1_vitG_384_20260430T105417Z/layer_24/train/trial_0003/probe_best.pt",
        "best_eval_output_dir": "artifacts/probes/intphys2/intphys2_probe_linear_jepa_v2_1_vitG_384_20260430T105417Z/layer_24/train/trial_0003/val_eval",
        "best_output_dir": "artifacts/probes/intphys2/intphys2_probe_linear_jepa_v2_1_vitG_384_20260430T105417Z/layer_24/train/trial_0003",
        "best_params": {
          "batch_size": 32,
          "lr": 0.00019762189340280086,
          "weight_decay": 5.589524205217922e-07
        },
        "best_trial_number": 3,
        "best_value": 23.52941176470588,
        "checkpoint": "artifacts/probes/intphys2/intphys2_probe_linear_jepa_v2_1_vitG_384_20260430T105417Z/layer_24/train/trial_0003/probe_best.pt",
        "dataset": "intphys2",
        "direction": "maximize",
        "layer": 24,
        "n_trials": 20,
        "objective_metric": "voe_accuracy",
        "output_dir": "artifacts/probes/intphys2/intphys2_probe_linear_jepa_v2_1_vitG_384_20260430T105417Z/layer_24/train",
        "probe_name": "linear",
        "storage": "sqlite:////gpfs/home3/scur0511/Probe4Physics/artifacts/probes/intphys2/intphys2_probe_linear_jepa_v2_1_vitG_384_20260430T105417Z/layer_24/train/optuna_study.sqlite3",
        "study_name": "intphys2_linear_jepa_v2_1_vitG_384_layer_24",
        "trials": [
          {
            "checkpoint": "artifacts/probes/intphys2/intphys2_probe_linear_jepa_v2_1_vitG_384_20260430T105417Z/layer_24/train/trial_0000/probe_best.pt",
            "eval_output_dir": "artifacts/probes/intphys2/intphys2_probe_linear_jepa_v2_1_vitG_384_20260430T105417Z/layer_24/train/trial_0000/val_eval",
            "output_dir": "artifacts/probes/intphys2/intphys2_probe_linear_jepa_v2_1_vitG_384_20260430T105417Z/layer_24/train/trial_0000",
            "params": {
              "batch_size": 32,
              "lr": 0.0001329291894316216,
              "weight_decay": 0.005061576888752304
            },
            "trial_number": 0,
            "value": 21.568627450980394
          },
          {
            "checkpoint": "artifacts/probes/intphys2/intphys2_probe_linear_jepa_v2_1_vitG_384_20260430T105417Z/layer_24/train/trial_0001/probe_best.pt",
            "eval_output_dir": "artifacts/probes/intphys2/intphys2_probe_linear_jepa_v2_1_vitG_384_20260430T105417Z/layer_24/train/trial_0001/val_eval",
            "output_dir": "artifacts/probes/intphys2/intphys2_probe_linear_jepa_v2_1_vitG_384_20260430T105417Z/layer_24/train/trial_0001",
            "params": {
              "batch_size": 256,
              "lr": 1.493656855461762e-05,
              "weight_decay": 0.0015741890047456662
            },
            "trial_number": 1,
            "value": 13.725490196078432
          },
          {
            "checkpoint": "artifacts/probes/intphys2/intphys2_probe_linear_jepa_v2_1_vitG_384_20260430T105417Z/layer_24/train/trial_0002/probe_best.pt",
            "eval_output_dir": "artifacts/probes/intphys2/intphys2_probe_linear_jepa_v2_1_vitG_384_20260430T105417Z/layer_24/train/trial_0002/val_eval",
            "output_dir": "artifacts/probes/intphys2/intphys2_probe_linear_jepa_v2_1_vitG_384_20260430T105417Z/layer_24/train/trial_0002",
            "params": {
              "batch_size": 256,
              "lr": 0.00314288089084011,
              "weight_decay": 1.879466824163843e-07
            },
            "trial_number": 2,
            "value": 21.568627450980394
          },
          {
            "checkpoint": "artifacts/probes/intphys2/intphys2_probe_linear_jepa_v2_1_vitG_384_20260430T105417Z/layer_24/train/trial_0003/probe_best.pt",
            "eval_output_dir": "artifacts/probes/intphys2/intphys2_probe_linear_jepa_v2_1_vitG_384_20260430T105417Z/layer_24/train/trial_0003/val_eval",
            "output_dir": "artifacts/probes/intphys2/intphys2_probe_linear_jepa_v2_1_vitG_384_20260430T105417Z/layer_24/train/trial_0003",
            "params": {
              "batch_size": 32,
              "lr": 0.00019762189340280086,
              "weight_decay": 5.589524205217922e-07
            },
            "trial_number": 3,
            "value": 23.52941176470588
          },
          {
            "checkpoint": "artifacts/probes/intphys2/intphys2_probe_linear_jepa_v2_1_vitG_384_20260430T105417Z/layer_24/train/trial_0004/probe_best.pt",
            "eval_output_dir": "artifacts/probes/intphys2/intphys2_probe_linear_jepa_v2_1_vitG_384_20260430T105417Z/layer_24/train/trial_0004/val_eval",
            "output_dir": "artifacts/probes/intphys2/intphys2_probe_linear_jepa_v2_1_vitG_384_20260430T105417Z/layer_24/train/trial_0004",
            "params": {
              "batch_size": 128,
              "lr": 0.00023345864076016249,
              "weight_decay": 0.0005141096648805752
            },
            "trial_number": 4,
            "value": 21.568627450980394
          },
          {
            "checkpoint": "artifacts/probes/intphys2/intphys2_probe_linear_jepa_v2_1_vitG_384_20260430T105417Z/layer_24/train/trial_0005/probe_best.pt",
            "eval_output_dir": "artifacts/probes/intphys2/intphys2_probe_linear_jepa_v2_1_vitG_384_20260430T105417Z/layer_24/train/trial_0005/val_eval",
            "output_dir": "artifacts/probes/intphys2/intphys2_probe_linear_jepa_v2_1_vitG_384_20260430T105417Z/layer_24/train/trial_0005",
            "params": {
              "batch_size": 128,
              "lr": 0.0006647135865318024,
              "weight_decay": 1.0547383621352015e-07
            },
            "trial_number": 5,
            "value": 23.52941176470588
          },
          {
            "checkpoint": "artifacts/probes/intphys2/intphys2_probe_linear_jepa_v2_1_vitG_384_20260430T105417Z/layer_24/train/trial_0006/probe_best.pt",
            "eval_output_dir": "artifacts/probes/intphys2/intphys2_probe_linear_jepa_v2_1_vitG_384_20260430T105417Z/layer_24/train/trial_0006/val_eval",
            "output_dir": "artifacts/probes/intphys2/intphys2_probe_linear_jepa_v2_1_vitG_384_20260430T105417Z/layer_24/train/trial_0006",
            "params": {
              "batch_size": 32,
              "lr": 8.200518402245828e-05,
              "weight_decay": 3.855073690026179e-08
            },
            "trial_number": 6,
            "value": 21.568627450980394
          },
          {
            "checkpoint": "artifacts/probes/intphys2/intphys2_probe_linear_jepa_v2_1_vitG_384_20260430T105417Z/layer_24/train/trial_0008/probe_best.pt",
            "eval_output_dir": "artifacts/probes/intphys2/intphys2_probe_linear_jepa_v2_1_vitG_384_20260430T105417Z/layer_24/train/trial_0008/val_eval",
            "output_dir": "artifacts/probes/intphys2/intphys2_probe_linear_jepa_v2_1_vitG_384_20260430T105417Z/layer_24/train/trial_0008",
            "params": {
              "batch_size": 32,
              "lr": 0.00043664735929796326,
              "weight_decay": 1.2856617791467908e-07
            },
            "trial_number": 8,
            "value": 21.568627450980394
          },
          {
            "checkpoint": "artifacts/probes/intphys2/intphys2_probe_linear_jepa_v2_1_vitG_384_20260430T105417Z/layer_24/train/trial_0009/probe_best.pt",
            "eval_output_dir": "artifacts/probes/intphys2/intphys2_probe_linear_jepa_v2_1_vitG_384_20260430T105417Z/layer_24/train/trial_0009/val_eval",
            "output_dir": "artifacts/probes/intphys2/intphys2_probe_linear_jepa_v2_1_vitG_384_20260430T105417Z/layer_24/train/trial_0009",
            "params": {
              "batch_size": 256,
              "lr": 0.0006218704727769079,
              "weight_decay": 0.0033981724150106006
            },
            "trial_number": 9,
            "value": 21.568627450980394
          },
          {
            "checkpoint": "artifacts/probes/intphys2/intphys2_probe_linear_jepa_v2_1_vitG_384_20260430T105417Z/layer_24/train/trial_0010/probe_best.pt",
            "eval_output_dir": "artifacts/probes/intphys2/intphys2_probe_linear_jepa_v2_1_vitG_384_20260430T105417Z/layer_24/train/trial_0010/val_eval",
            "output_dir": "artifacts/probes/intphys2/intphys2_probe_linear_jepa_v2_1_vitG_384_20260430T105417Z/layer_24/train/trial_0010",
            "params": {
              "batch_size": 64,
              "lr": 0.006845570267272932,
              "weight_decay": 5.945331631234233e-06
            },
            "trial_number": 10,
            "value": 19.607843137254903
          },
          {
            "checkpoint": "artifacts/probes/intphys2/intphys2_probe_linear_jepa_v2_1_vitG_384_20260430T105417Z/layer_24/train/trial_0011/probe_best.pt",
            "eval_output_dir": "artifacts/probes/intphys2/intphys2_probe_linear_jepa_v2_1_vitG_384_20260430T105417Z/layer_24/train/trial_0011/val_eval",
            "output_dir": "artifacts/probes/intphys2/intphys2_probe_linear_jepa_v2_1_vitG_384_20260430T105417Z/layer_24/train/trial_0011",
            "params": {
              "batch_size": 128,
              "lr": 0.0012375683624598587,
              "weight_decay": 2.157859936988572e-06
            },
            "trial_number": 11,
            "value": 19.607843137254903
          },
          {
            "checkpoint": "artifacts/probes/intphys2/intphys2_probe_linear_jepa_v2_1_vitG_384_20260430T105417Z/layer_24/train/trial_0013/probe_best.pt",
            "eval_output_dir": "artifacts/probes/intphys2/intphys2_probe_linear_jepa_v2_1_vitG_384_20260430T105417Z/layer_24/train/trial_0013/val_eval",
            "output_dir": "artifacts/probes/intphys2/intphys2_probe_linear_jepa_v2_1_vitG_384_20260430T105417Z/layer_24/train/trial_0013",
            "params": {
              "batch_size": 32,
              "lr": 0.0015768504547405868,
              "weight_decay": 4.7980281424615956e-05
            },
            "trial_number": 13,
            "value": 19.607843137254903
          },
          {
            "checkpoint": "artifacts/probes/intphys2/intphys2_probe_linear_jepa_v2_1_vitG_384_20260430T105417Z/layer_24/train/trial_0015/probe_best.pt",
            "eval_output_dir": "artifacts/probes/intphys2/intphys2_probe_linear_jepa_v2_1_vitG_384_20260430T105417Z/layer_24/train/trial_0015/val_eval",
            "output_dir": "artifacts/probes/intphys2/intphys2_probe_linear_jepa_v2_1_vitG_384_20260430T105417Z/layer_24/train/trial_0015",
            "params": {
              "batch_size": 32,
              "lr": 0.00019595713517977741,
              "weight_decay": 4.396485490329044e-05
            },
            "trial_number": 15,
            "value": 23.52941176470588
          },
          {
            "checkpoint": "artifacts/probes/intphys2/intphys2_probe_linear_jepa_v2_1_vitG_384_20260430T105417Z/layer_24/train/trial_0016/probe_best.pt",
            "eval_output_dir": "artifacts/probes/intphys2/intphys2_probe_linear_jepa_v2_1_vitG_384_20260430T105417Z/layer_24/train/trial_0016/val_eval",
            "output_dir": "artifacts/probes/intphys2/intphys2_probe_linear_jepa_v2_1_vitG_384_20260430T105417Z/layer_24/train/trial_0016",
            "params": {
              "batch_size": 128,
              "lr": 0.000858989525823355,
              "weight_decay": 5.070133797464002e-07
            },
            "trial_number": 16,
            "value": 23.52941176470588
          },
          {
            "checkpoint": "artifacts/probes/intphys2/intphys2_probe_linear_jepa_v2_1_vitG_384_20260430T105417Z/layer_24/train/trial_0017/probe_best.pt",
            "eval_output_dir": "artifacts/probes/intphys2/intphys2_probe_linear_jepa_v2_1_vitG_384_20260430T105417Z/layer_24/train/trial_0017/val_eval",
            "output_dir": "artifacts/probes/intphys2/intphys2_probe_linear_jepa_v2_1_vitG_384_20260430T105417Z/layer_24/train/trial_0017",
            "params": {
              "batch_size": 64,
              "lr": 0.002553484233770241,
              "weight_decay": 7.880724761526259e-08
            },
            "trial_number": 17,
            "value": 19.607843137254903
          },
          {
            "checkpoint": "artifacts/probes/intphys2/intphys2_probe_linear_jepa_v2_1_vitG_384_20260430T105417Z/layer_24/train/trial_0018/probe_best.pt",
            "eval_output_dir": "artifacts/probes/intphys2/intphys2_probe_linear_jepa_v2_1_vitG_384_20260430T105417Z/layer_24/train/trial_0018/val_eval",
            "output_dir": "artifacts/probes/intphys2/intphys2_probe_linear_jepa_v2_1_vitG_384_20260430T105417Z/layer_24/train/trial_0018",
            "params": {
              "batch_size": 32,
              "lr": 0.00035001577190255735,
              "weight_decay": 1.5904327482486063e-08
            },
            "trial_number": 18,
            "value": 19.607843137254903
          },
          {
            "checkpoint": "artifacts/probes/intphys2/intphys2_probe_linear_jepa_v2_1_vitG_384_20260430T105417Z/layer_24/train/trial_0019/probe_best.pt",
            "eval_output_dir": "artifacts/probes/intphys2/intphys2_probe_linear_jepa_v2_1_vitG_384_20260430T105417Z/layer_24/train/trial_0019/val_eval",
            "output_dir": "artifacts/probes/intphys2/intphys2_probe_linear_jepa_v2_1_vitG_384_20260430T105417Z/layer_24/train/trial_0019",
            "params": {
              "batch_size": 128,
              "lr": 0.00972858315193107,
              "weight_decay": 1.2171316028571631e-05
            },
            "trial_number": 19,
            "value": 19.607843137254903
          }
        ]
      }
    },
    {
      "checkpoint": "artifacts/probes/intphys2/intphys2_probe_linear_jepa_v2_1_vitG_384_20260430T105417Z/layer_38/train/trial_0010/probe_best.pt",
      "eval": {
        "base_eval": {
          "metrics": {
            "accuracy": 52.94117647058824,
            "accuracy_by_condition": {
              "continuity": 52.083333333333336,
              "immutability": 56.25,
              "permanence": 58.333333333333336,
              "solidity": 46.666666666666664
            },
            "n_samples": 204,
            "n_scenes": 51,
            "voe_accuracy": 23.52941176470588,
            "voe_by_condition": {
              "continuity": 25.0,
              "immutability": 25.0,
              "permanence": 33.33333333333333,
              "solidity": 13.333333333333334
            }
          },
          "output_dir": "artifacts/probes/intphys2/intphys2_probe_linear_jepa_v2_1_vitG_384_20260430T105417Z/layer_38/eval/test",
          "split_dir": "data/splits/intphys2"
        },
        "checkpoint": "artifacts/probes/intphys2/intphys2_probe_linear_jepa_v2_1_vitG_384_20260430T105417Z/layer_38/train/trial_0010/probe_best.pt",
        "dataset": "intphys2",
        "feature_signature": "5c7753635ab2bb76",
        "metrics": {
          "accuracy": 52.94117647058824,
          "accuracy_by_condition": {
            "continuity": 52.083333333333336,
            "immutability": 56.25,
            "permanence": 58.333333333333336,
            "solidity": 46.666666666666664
          },
          "n_samples": 204,
          "n_scenes": 51,
          "voe_accuracy": 23.52941176470588,
          "voe_by_condition": {
            "continuity": 25.0,
            "immutability": 25.0,
            "permanence": 33.33333333333333,
            "solidity": 13.333333333333334
          }
        },
        "metrics_by_split": {
          "test": {
            "accuracy": 52.94117647058824,
            "accuracy_by_condition": {
              "continuity": 52.083333333333336,
              "immutability": 56.25,
              "permanence": 58.333333333333336,
              "solidity": 46.666666666666664
            },
            "n_samples": 204,
            "n_scenes": 51,
            "voe_accuracy": 23.52941176470588,
            "voe_by_condition": {
              "continuity": 25.0,
              "immutability": 25.0,
              "permanence": 33.33333333333333,
              "solidity": 13.333333333333334
            }
          },
          "train": {
            "accuracy": 61.09271523178808,
            "accuracy_by_condition": {
              "continuity": 61.80555555555556,
              "immutability": 65.97222222222221,
              "permanence": 62.5,
              "solidity": 55.23255813953488
            },
            "n_samples": 604,
            "n_scenes": 151,
            "voe_accuracy": 48.34437086092716,
            "voe_by_condition": {
              "continuity": 61.111111111111114,
              "immutability": 66.66666666666666,
              "permanence": 47.22222222222222,
              "solidity": 23.25581395348837
            }
          },
          "val": {
            "accuracy": 55.88235294117647,
            "accuracy_by_condition": {
              "continuity": 58.333333333333336,
              "immutability": 64.58333333333334,
              "permanence": 50.0,
              "solidity": 51.66666666666667
            },
            "n_samples": 204,
            "n_scenes": 51,
            "voe_accuracy": 33.33333333333333,
            "voe_by_condition": {
              "continuity": 50.0,
              "immutability": 41.66666666666667,
              "permanence": 50.0,
              "solidity": 0.0
            }
          }
        },
        "objective_metric": 23.52941176470588,
        "prediction_file": "artifacts/probes/intphys2/intphys2_probe_linear_jepa_v2_1_vitG_384_20260430T105417Z/layer_38/eval/test/probe_predictions.json",
        "prediction_files": {
          "test": "artifacts/probes/intphys2/intphys2_probe_linear_jepa_v2_1_vitG_384_20260430T105417Z/layer_38/eval/test/probe_predictions.json",
          "train": "artifacts/probes/intphys2/intphys2_probe_linear_jepa_v2_1_vitG_384_20260430T105417Z/layer_38/eval/train/probe_predictions.json",
          "val": "artifacts/probes/intphys2/intphys2_probe_linear_jepa_v2_1_vitG_384_20260430T105417Z/layer_38/eval/val/probe_predictions.json"
        },
        "probe_eval_dir": "artifacts/probes/intphys2/intphys2_probe_linear_jepa_v2_1_vitG_384_20260430T105417Z/layer_38/eval",
        "probe_name": "linear",
        "reported_splits": [
          "train",
          "val",
          "test"
        ],
        "split_eval_dirs": {
          "test": "artifacts/probes/intphys2/intphys2_probe_linear_jepa_v2_1_vitG_384_20260430T105417Z/layer_38/eval/test",
          "train": "artifacts/probes/intphys2/intphys2_probe_linear_jepa_v2_1_vitG_384_20260430T105417Z/layer_38/eval/train",
          "val": "artifacts/probes/intphys2/intphys2_probe_linear_jepa_v2_1_vitG_384_20260430T105417Z/layer_38/eval/val"
        },
        "split_evals": {
          "test": {
            "base_eval": {
              "metrics": {
                "accuracy": 52.94117647058824,
                "accuracy_by_condition": {
                  "continuity": 52.083333333333336,
                  "immutability": 56.25,
                  "permanence": 58.333333333333336,
                  "solidity": 46.666666666666664
                },
                "n_samples": 204,
                "n_scenes": 51,
                "voe_accuracy": 23.52941176470588,
                "voe_by_condition": {
                  "continuity": 25.0,
                  "immutability": 25.0,
                  "permanence": 33.33333333333333,
                  "solidity": 13.333333333333334
                }
              },
              "output_dir": "artifacts/probes/intphys2/intphys2_probe_linear_jepa_v2_1_vitG_384_20260430T105417Z/layer_38/eval/test",
              "split_dir": "data/splits/intphys2"
            },
            "checkpoint": "artifacts/probes/intphys2/intphys2_probe_linear_jepa_v2_1_vitG_384_20260430T105417Z/layer_38/train/trial_0010/probe_best.pt",
            "dataset": "intphys2",
            "feature_signature": "5c7753635ab2bb76",
            "metrics": {
              "accuracy": 52.94117647058824,
              "accuracy_by_condition": {
                "continuity": 52.083333333333336,
                "immutability": 56.25,
                "permanence": 58.333333333333336,
                "solidity": 46.666666666666664
              },
              "n_samples": 204,
              "n_scenes": 51,
              "voe_accuracy": 23.52941176470588,
              "voe_by_condition": {
                "continuity": 25.0,
                "immutability": 25.0,
                "permanence": 33.33333333333333,
                "solidity": 13.333333333333334
              }
            },
            "objective_metric": 23.52941176470588,
            "prediction_file": "artifacts/probes/intphys2/intphys2_probe_linear_jepa_v2_1_vitG_384_20260430T105417Z/layer_38/eval/test/probe_predictions.json",
            "probe_eval_dir": "artifacts/probes/intphys2/intphys2_probe_linear_jepa_v2_1_vitG_384_20260430T105417Z/layer_38/eval/test",
            "probe_name": "linear",
            "split_name": "test"
          },
          "train": {
            "base_eval": {
              "metrics": {
                "accuracy": 61.09271523178808,
                "accuracy_by_condition": {
                  "continuity": 61.80555555555556,
                  "immutability": 65.97222222222221,
                  "permanence": 62.5,
                  "solidity": 55.23255813953488
                },
                "n_samples": 604,
                "n_scenes": 151,
                "voe_accuracy": 48.34437086092716,
                "voe_by_condition": {
                  "continuity": 61.111111111111114,
                  "immutability": 66.66666666666666,
                  "permanence": 47.22222222222222,
                  "solidity": 23.25581395348837
                }
              },
              "output_dir": "artifacts/probes/intphys2/intphys2_probe_linear_jepa_v2_1_vitG_384_20260430T105417Z/layer_38/eval/train",
              "split_dir": "data/splits/intphys2"
            },
            "checkpoint": "artifacts/probes/intphys2/intphys2_probe_linear_jepa_v2_1_vitG_384_20260430T105417Z/layer_38/train/trial_0010/probe_best.pt",
            "dataset": "intphys2",
            "feature_signature": "5c7753635ab2bb76",
            "metrics": {
              "accuracy": 61.09271523178808,
              "accuracy_by_condition": {
                "continuity": 61.80555555555556,
                "immutability": 65.97222222222221,
                "permanence": 62.5,
                "solidity": 55.23255813953488
              },
              "n_samples": 604,
              "n_scenes": 151,
              "voe_accuracy": 48.34437086092716,
              "voe_by_condition": {
                "continuity": 61.111111111111114,
                "immutability": 66.66666666666666,
                "permanence": 47.22222222222222,
                "solidity": 23.25581395348837
              }
            },
            "objective_metric": 48.34437086092716,
            "prediction_file": "artifacts/probes/intphys2/intphys2_probe_linear_jepa_v2_1_vitG_384_20260430T105417Z/layer_38/eval/train/probe_predictions.json",
            "probe_eval_dir": "artifacts/probes/intphys2/intphys2_probe_linear_jepa_v2_1_vitG_384_20260430T105417Z/layer_38/eval/train",
            "probe_name": "linear",
            "split_name": "train"
          },
          "val": {
            "base_eval": {
              "metrics": {
                "accuracy": 55.88235294117647,
                "accuracy_by_condition": {
                  "continuity": 58.333333333333336,
                  "immutability": 64.58333333333334,
                  "permanence": 50.0,
                  "solidity": 51.66666666666667
                },
                "n_samples": 204,
                "n_scenes": 51,
                "voe_accuracy": 33.33333333333333,
                "voe_by_condition": {
                  "continuity": 50.0,
                  "immutability": 41.66666666666667,
                  "permanence": 50.0,
                  "solidity": 0.0
                }
              },
              "output_dir": "artifacts/probes/intphys2/intphys2_probe_linear_jepa_v2_1_vitG_384_20260430T105417Z/layer_38/eval/val",
              "split_dir": "data/splits/intphys2"
            },
            "checkpoint": "artifacts/probes/intphys2/intphys2_probe_linear_jepa_v2_1_vitG_384_20260430T105417Z/layer_38/train/trial_0010/probe_best.pt",
            "dataset": "intphys2",
            "feature_signature": "5c7753635ab2bb76",
            "metrics": {
              "accuracy": 55.88235294117647,
              "accuracy_by_condition": {
                "continuity": 58.333333333333336,
                "immutability": 64.58333333333334,
                "permanence": 50.0,
                "solidity": 51.66666666666667
              },
              "n_samples": 204,
              "n_scenes": 51,
              "voe_accuracy": 33.33333333333333,
              "voe_by_condition": {
                "continuity": 50.0,
                "immutability": 41.66666666666667,
                "permanence": 50.0,
                "solidity": 0.0
              }
            },
            "objective_metric": 33.33333333333333,
            "prediction_file": "artifacts/probes/intphys2/intphys2_probe_linear_jepa_v2_1_vitG_384_20260430T105417Z/layer_38/eval/val/probe_predictions.json",
            "probe_eval_dir": "artifacts/probes/intphys2/intphys2_probe_linear_jepa_v2_1_vitG_384_20260430T105417Z/layer_38/eval/val",
            "probe_name": "linear",
            "split_name": "val"
          }
        },
        "split_name": "test"
      },
      "layer": 38,
      "layer_label": "38",
      "objective_metric": 23.52941176470588,
      "train": {
        "best_checkpoint": "artifacts/probes/intphys2/intphys2_probe_linear_jepa_v2_1_vitG_384_20260430T105417Z/layer_38/train/trial_0010/probe_best.pt",
        "best_eval_output_dir": "artifacts/probes/intphys2/intphys2_probe_linear_jepa_v2_1_vitG_384_20260430T105417Z/layer_38/train/trial_0010/val_eval",
        "best_output_dir": "artifacts/probes/intphys2/intphys2_probe_linear_jepa_v2_1_vitG_384_20260430T105417Z/layer_38/train/trial_0010",
        "best_params": {
          "batch_size": 256,
          "lr": 0.008589902259876388,
          "weight_decay": 6.917735117804129e-06
        },
        "best_trial_number": 10,
        "best_value": 33.33333333333333,
        "checkpoint": "artifacts/probes/intphys2/intphys2_probe_linear_jepa_v2_1_vitG_384_20260430T105417Z/layer_38/train/trial_0010/probe_best.pt",
        "dataset": "intphys2",
        "direction": "maximize",
        "layer": 38,
        "n_trials": 20,
        "objective_metric": "voe_accuracy",
        "output_dir": "artifacts/probes/intphys2/intphys2_probe_linear_jepa_v2_1_vitG_384_20260430T105417Z/layer_38/train",
        "probe_name": "linear",
        "storage": "sqlite:////gpfs/home3/scur0511/Probe4Physics/artifacts/probes/intphys2/intphys2_probe_linear_jepa_v2_1_vitG_384_20260430T105417Z/layer_38/train/optuna_study.sqlite3",
        "study_name": "intphys2_linear_jepa_v2_1_vitG_384_layer_38",
        "trials": [
          {
            "checkpoint": "artifacts/probes/intphys2/intphys2_probe_linear_jepa_v2_1_vitG_384_20260430T105417Z/layer_38/train/trial_0000/probe_best.pt",
            "eval_output_dir": "artifacts/probes/intphys2/intphys2_probe_linear_jepa_v2_1_vitG_384_20260430T105417Z/layer_38/train/trial_0000/val_eval",
            "output_dir": "artifacts/probes/intphys2/intphys2_probe_linear_jepa_v2_1_vitG_384_20260430T105417Z/layer_38/train/trial_0000",
            "params": {
              "batch_size": 32,
              "lr": 0.0001329291894316216,
              "weight_decay": 0.005061576888752304
            },
            "trial_number": 0,
            "value": 27.450980392156865
          },
          {
            "checkpoint": "artifacts/probes/intphys2/intphys2_probe_linear_jepa_v2_1_vitG_384_20260430T105417Z/layer_38/train/trial_0001/probe_best.pt",
            "eval_output_dir": "artifacts/probes/intphys2/intphys2_probe_linear_jepa_v2_1_vitG_384_20260430T105417Z/layer_38/train/trial_0001/val_eval",
            "output_dir": "artifacts/probes/intphys2/intphys2_probe_linear_jepa_v2_1_vitG_384_20260430T105417Z/layer_38/train/trial_0001",
            "params": {
              "batch_size": 256,
              "lr": 1.493656855461762e-05,
              "weight_decay": 0.0015741890047456662
            },
            "trial_number": 1,
            "value": 13.725490196078432
          },
          {
            "checkpoint": "artifacts/probes/intphys2/intphys2_probe_linear_jepa_v2_1_vitG_384_20260430T105417Z/layer_38/train/trial_0002/probe_best.pt",
            "eval_output_dir": "artifacts/probes/intphys2/intphys2_probe_linear_jepa_v2_1_vitG_384_20260430T105417Z/layer_38/train/trial_0002/val_eval",
            "output_dir": "artifacts/probes/intphys2/intphys2_probe_linear_jepa_v2_1_vitG_384_20260430T105417Z/layer_38/train/trial_0002",
            "params": {
              "batch_size": 256,
              "lr": 0.00314288089084011,
              "weight_decay": 1.879466824163843e-07
            },
            "trial_number": 2,
            "value": 31.372549019607842
          },
          {
            "checkpoint": "artifacts/probes/intphys2/intphys2_probe_linear_jepa_v2_1_vitG_384_20260430T105417Z/layer_38/train/trial_0003/probe_best.pt",
            "eval_output_dir": "artifacts/probes/intphys2/intphys2_probe_linear_jepa_v2_1_vitG_384_20260430T105417Z/layer_38/train/trial_0003/val_eval",
            "output_dir": "artifacts/probes/intphys2/intphys2_probe_linear_jepa_v2_1_vitG_384_20260430T105417Z/layer_38/train/trial_0003",
            "params": {
              "batch_size": 32,
              "lr": 0.00019762189340280086,
              "weight_decay": 5.589524205217922e-07
            },
            "trial_number": 3,
            "value": 27.450980392156865
          },
          {
            "checkpoint": "artifacts/probes/intphys2/intphys2_probe_linear_jepa_v2_1_vitG_384_20260430T105417Z/layer_38/train/trial_0004/probe_best.pt",
            "eval_output_dir": "artifacts/probes/intphys2/intphys2_probe_linear_jepa_v2_1_vitG_384_20260430T105417Z/layer_38/train/trial_0004/val_eval",
            "output_dir": "artifacts/probes/intphys2/intphys2_probe_linear_jepa_v2_1_vitG_384_20260430T105417Z/layer_38/train/trial_0004",
            "params": {
              "batch_size": 128,
              "lr": 0.00023345864076016249,
              "weight_decay": 0.0005141096648805752
            },
            "trial_number": 4,
            "value": 27.450980392156865
          },
          {
            "checkpoint": "artifacts/probes/intphys2/intphys2_probe_linear_jepa_v2_1_vitG_384_20260430T105417Z/layer_38/train/trial_0005/probe_best.pt",
            "eval_output_dir": "artifacts/probes/intphys2/intphys2_probe_linear_jepa_v2_1_vitG_384_20260430T105417Z/layer_38/train/trial_0005/val_eval",
            "output_dir": "artifacts/probes/intphys2/intphys2_probe_linear_jepa_v2_1_vitG_384_20260430T105417Z/layer_38/train/trial_0005",
            "params": {
              "batch_size": 128,
              "lr": 0.0006647135865318024,
              "weight_decay": 1.0547383621352015e-07
            },
            "trial_number": 5,
            "value": 29.411764705882355
          },
          {
            "checkpoint": "artifacts/probes/intphys2/intphys2_probe_linear_jepa_v2_1_vitG_384_20260430T105417Z/layer_38/train/trial_0006/probe_best.pt",
            "eval_output_dir": "artifacts/probes/intphys2/intphys2_probe_linear_jepa_v2_1_vitG_384_20260430T105417Z/layer_38/train/trial_0006/val_eval",
            "output_dir": "artifacts/probes/intphys2/intphys2_probe_linear_jepa_v2_1_vitG_384_20260430T105417Z/layer_38/train/trial_0006",
            "params": {
              "batch_size": 32,
              "lr": 8.200518402245828e-05,
              "weight_decay": 3.855073690026179e-08
            },
            "trial_number": 6,
            "value": 27.450980392156865
          },
          {
            "checkpoint": "artifacts/probes/intphys2/intphys2_probe_linear_jepa_v2_1_vitG_384_20260430T105417Z/layer_38/train/trial_0007/probe_best.pt",
            "eval_output_dir": "artifacts/probes/intphys2/intphys2_probe_linear_jepa_v2_1_vitG_384_20260430T105417Z/layer_38/train/trial_0007/val_eval",
            "output_dir": "artifacts/probes/intphys2/intphys2_probe_linear_jepa_v2_1_vitG_384_20260430T105417Z/layer_38/train/trial_0007",
            "params": {
              "batch_size": 64,
              "lr": 1.2681352169084594e-05,
              "weight_decay": 0.0028570800750407216
            },
            "trial_number": 7,
            "value": 15.686274509803921
          },
          {
            "checkpoint": "artifacts/probes/intphys2/intphys2_probe_linear_jepa_v2_1_vitG_384_20260430T105417Z/layer_38/train/trial_0008/probe_best.pt",
            "eval_output_dir": "artifacts/probes/intphys2/intphys2_probe_linear_jepa_v2_1_vitG_384_20260430T105417Z/layer_38/train/trial_0008/val_eval",
            "output_dir": "artifacts/probes/intphys2/intphys2_probe_linear_jepa_v2_1_vitG_384_20260430T105417Z/layer_38/train/trial_0008",
            "params": {
              "batch_size": 32,
              "lr": 0.00043664735929796326,
              "weight_decay": 1.2856617791467908e-07
            },
            "trial_number": 8,
            "value": 27.450980392156865
          },
          {
            "checkpoint": "artifacts/probes/intphys2/intphys2_probe_linear_jepa_v2_1_vitG_384_20260430T105417Z/layer_38/train/trial_0009/probe_best.pt",
            "eval_output_dir": "artifacts/probes/intphys2/intphys2_probe_linear_jepa_v2_1_vitG_384_20260430T105417Z/layer_38/train/trial_0009/val_eval",
            "output_dir": "artifacts/probes/intphys2/intphys2_probe_linear_jepa_v2_1_vitG_384_20260430T105417Z/layer_38/train/trial_0009",
            "params": {
              "batch_size": 256,
              "lr": 0.0006218704727769079,
              "weight_decay": 0.0033981724150106006
            },
            "trial_number": 9,
            "value": 29.411764705882355
          },
          {
            "checkpoint": "artifacts/probes/intphys2/intphys2_probe_linear_jepa_v2_1_vitG_384_20260430T105417Z/layer_38/train/trial_0010/probe_best.pt",
            "eval_output_dir": "artifacts/probes/intphys2/intphys2_probe_linear_jepa_v2_1_vitG_384_20260430T105417Z/layer_38/train/trial_0010/val_eval",
            "output_dir": "artifacts/probes/intphys2/intphys2_probe_linear_jepa_v2_1_vitG_384_20260430T105417Z/layer_38/train/trial_0010",
            "params": {
              "batch_size": 256,
              "lr": 0.008589902259876388,
              "weight_decay": 6.917735117804129e-06
            },
            "trial_number": 10,
            "value": 33.33333333333333
          },
          {
            "checkpoint": "artifacts/probes/intphys2/intphys2_probe_linear_jepa_v2_1_vitG_384_20260430T105417Z/layer_38/train/trial_0011/probe_best.pt",
            "eval_output_dir": "artifacts/probes/intphys2/intphys2_probe_linear_jepa_v2_1_vitG_384_20260430T105417Z/layer_38/train/trial_0011/val_eval",
            "output_dir": "artifacts/probes/intphys2/intphys2_probe_linear_jepa_v2_1_vitG_384_20260430T105417Z/layer_38/train/trial_0011",
            "params": {
              "batch_size": 256,
              "lr": 0.007209809176013979,
              "weight_decay": 7.505688860010938e-06
            },
            "trial_number": 11,
            "value": 31.372549019607842
          },
          {
            "checkpoint": "artifacts/probes/intphys2/intphys2_probe_linear_jepa_v2_1_vitG_384_20260430T105417Z/layer_38/train/trial_0012/probe_best.pt",
            "eval_output_dir": "artifacts/probes/intphys2/intphys2_probe_linear_jepa_v2_1_vitG_384_20260430T105417Z/layer_38/train/trial_0012/val_eval",
            "output_dir": "artifacts/probes/intphys2/intphys2_probe_linear_jepa_v2_1_vitG_384_20260430T105417Z/layer_38/train/trial_0012",
            "params": {
              "batch_size": 256,
              "lr": 0.009169642965656132,
              "weight_decay": 5.13921421124876e-06
            },
            "trial_number": 12,
            "value": 31.372549019607842
          },
          {
            "checkpoint": "artifacts/probes/intphys2/intphys2_probe_linear_jepa_v2_1_vitG_384_20260430T105417Z/layer_38/train/trial_0013/probe_best.pt",
            "eval_output_dir": "artifacts/probes/intphys2/intphys2_probe_linear_jepa_v2_1_vitG_384_20260430T105417Z/layer_38/train/trial_0013/val_eval",
            "output_dir": "artifacts/probes/intphys2/intphys2_probe_linear_jepa_v2_1_vitG_384_20260430T105417Z/layer_38/train/trial_0013",
            "params": {
              "batch_size": 256,
              "lr": 0.0031381017128597325,
              "weight_decay": 0.00016568941049924715
            },
            "trial_number": 13,
            "value": 31.372549019607842
          },
          {
            "checkpoint": "artifacts/probes/intphys2/intphys2_probe_linear_jepa_v2_1_vitG_384_20260430T105417Z/layer_38/train/trial_0014/probe_best.pt",
            "eval_output_dir": "artifacts/probes/intphys2/intphys2_probe_linear_jepa_v2_1_vitG_384_20260430T105417Z/layer_38/train/trial_0014/val_eval",
            "output_dir": "artifacts/probes/intphys2/intphys2_probe_linear_jepa_v2_1_vitG_384_20260430T105417Z/layer_38/train/trial_0014",
            "params": {
              "batch_size": 64,
              "lr": 0.0021879463142437552,
              "weight_decay": 1.0892264782592728e-06
            },
            "trial_number": 14,
            "value": 31.372549019607842
          },
          {
            "checkpoint": "artifacts/probes/intphys2/intphys2_probe_linear_jepa_v2_1_vitG_384_20260430T105417Z/layer_38/train/trial_0015/probe_best.pt",
            "eval_output_dir": "artifacts/probes/intphys2/intphys2_probe_linear_jepa_v2_1_vitG_384_20260430T105417Z/layer_38/train/trial_0015/val_eval",
            "output_dir": "artifacts/probes/intphys2/intphys2_probe_linear_jepa_v2_1_vitG_384_20260430T105417Z/layer_38/train/trial_0015",
            "params": {
              "batch_size": 256,
              "lr": 0.0021862625653340842,
              "weight_decay": 5.989104998160671e-05
            },
            "trial_number": 15,
            "value": 29.411764705882355
          },
          {
            "checkpoint": "artifacts/probes/intphys2/intphys2_probe_linear_jepa_v2_1_vitG_384_20260430T105417Z/layer_38/train/trial_0016/probe_best.pt",
            "eval_output_dir": "artifacts/probes/intphys2/intphys2_probe_linear_jepa_v2_1_vitG_384_20260430T105417Z/layer_38/train/trial_0016/val_eval",
            "output_dir": "artifacts/probes/intphys2/intphys2_probe_linear_jepa_v2_1_vitG_384_20260430T105417Z/layer_38/train/trial_0016",
            "params": {
              "batch_size": 256,
              "lr": 0.004559407239021489,
              "weight_decay": 1.545579750171261e-08
            },
            "trial_number": 16,
            "value": 29.411764705882355
          },
          {
            "checkpoint": "artifacts/probes/intphys2/intphys2_probe_linear_jepa_v2_1_vitG_384_20260430T105417Z/layer_38/train/trial_0017/probe_best.pt",
            "eval_output_dir": "artifacts/probes/intphys2/intphys2_probe_linear_jepa_v2_1_vitG_384_20260430T105417Z/layer_38/train/trial_0017/val_eval",
            "output_dir": "artifacts/probes/intphys2/intphys2_probe_linear_jepa_v2_1_vitG_384_20260430T105417Z/layer_38/train/trial_0017",
            "params": {
              "batch_size": 256,
              "lr": 0.0011711426667473579,
              "weight_decay": 4.512769802353355e-05
            },
            "trial_number": 17,
            "value": 29.411764705882355
          },
          {
            "checkpoint": "artifacts/probes/intphys2/intphys2_probe_linear_jepa_v2_1_vitG_384_20260430T105417Z/layer_38/train/trial_0018/probe_best.pt",
            "eval_output_dir": "artifacts/probes/intphys2/intphys2_probe_linear_jepa_v2_1_vitG_384_20260430T105417Z/layer_38/train/trial_0018/val_eval",
            "output_dir": "artifacts/probes/intphys2/intphys2_probe_linear_jepa_v2_1_vitG_384_20260430T105417Z/layer_38/train/trial_0018",
            "params": {
              "batch_size": 64,
              "lr": 0.0012690764532532696,
              "weight_decay": 1.2865135690814283e-06
            },
            "trial_number": 18,
            "value": 31.372549019607842
          },
          {
            "checkpoint": "artifacts/probes/intphys2/intphys2_probe_linear_jepa_v2_1_vitG_384_20260430T105417Z/layer_38/train/trial_0019/probe_best.pt",
            "eval_output_dir": "artifacts/probes/intphys2/intphys2_probe_linear_jepa_v2_1_vitG_384_20260430T105417Z/layer_38/train/trial_0019/val_eval",
            "output_dir": "artifacts/probes/intphys2/intphys2_probe_linear_jepa_v2_1_vitG_384_20260430T105417Z/layer_38/train/trial_0019",
            "params": {
              "batch_size": 128,
              "lr": 0.00972858315193107,
              "weight_decay": 2.905693254447167e-07
            },
            "trial_number": 19,
            "value": 33.33333333333333
          }
        ]
      }
    },
    {
      "checkpoint": "artifacts/probes/intphys2/intphys2_probe_linear_jepa_v2_1_vitG_384_20260430T105417Z/layer_48/train/trial_0014/probe_best.pt",
      "eval": {
        "base_eval": {
          "metrics": {
            "accuracy": 58.82352941176471,
            "accuracy_by_condition": {
              "continuity": 52.083333333333336,
              "immutability": 66.66666666666666,
              "permanence": 62.5,
              "solidity": 55.00000000000001
            },
            "n_samples": 204,
            "n_scenes": 51,
            "voe_accuracy": 35.294117647058826,
            "voe_by_condition": {
              "continuity": 25.0,
              "immutability": 41.66666666666667,
              "permanence": 66.66666666666666,
              "solidity": 13.333333333333334
            }
          },
          "output_dir": "artifacts/probes/intphys2/intphys2_probe_linear_jepa_v2_1_vitG_384_20260430T105417Z/layer_48/eval/test",
          "split_dir": "data/splits/intphys2"
        },
        "checkpoint": "artifacts/probes/intphys2/intphys2_probe_linear_jepa_v2_1_vitG_384_20260430T105417Z/layer_48/train/trial_0014/probe_best.pt",
        "dataset": "intphys2",
        "feature_signature": "5c7753635ab2bb76",
        "metrics": {
          "accuracy": 58.82352941176471,
          "accuracy_by_condition": {
            "continuity": 52.083333333333336,
            "immutability": 66.66666666666666,
            "permanence": 62.5,
            "solidity": 55.00000000000001
          },
          "n_samples": 204,
          "n_scenes": 51,
          "voe_accuracy": 35.294117647058826,
          "voe_by_condition": {
            "continuity": 25.0,
            "immutability": 41.66666666666667,
            "permanence": 66.66666666666666,
            "solidity": 13.333333333333334
          }
        },
        "metrics_by_split": {
          "test": {
            "accuracy": 58.82352941176471,
            "accuracy_by_condition": {
              "continuity": 52.083333333333336,
              "immutability": 66.66666666666666,
              "permanence": 62.5,
              "solidity": 55.00000000000001
            },
            "n_samples": 204,
            "n_scenes": 51,
            "voe_accuracy": 35.294117647058826,
            "voe_by_condition": {
              "continuity": 25.0,
              "immutability": 41.66666666666667,
              "permanence": 66.66666666666666,
              "solidity": 13.333333333333334
            }
          },
          "train": {
            "accuracy": 69.03973509933775,
            "accuracy_by_condition": {
              "continuity": 65.97222222222221,
              "immutability": 76.38888888888889,
              "permanence": 76.38888888888889,
              "solidity": 59.30232558139535
            },
            "n_samples": 604,
            "n_scenes": 151,
            "voe_accuracy": 48.34437086092716,
            "voe_by_condition": {
              "continuity": 58.333333333333336,
              "immutability": 63.888888888888886,
              "permanence": 61.111111111111114,
              "solidity": 16.27906976744186
            }
          },
          "val": {
            "accuracy": 58.333333333333336,
            "accuracy_by_condition": {
              "continuity": 54.166666666666664,
              "immutability": 66.66666666666666,
              "permanence": 58.333333333333336,
              "solidity": 55.00000000000001
            },
            "n_samples": 204,
            "n_scenes": 51,
            "voe_accuracy": 29.411764705882355,
            "voe_by_condition": {
              "continuity": 25.0,
              "immutability": 41.66666666666667,
              "permanence": 41.66666666666667,
              "solidity": 13.333333333333334
            }
          }
        },
        "objective_metric": 35.294117647058826,
        "prediction_file": "artifacts/probes/intphys2/intphys2_probe_linear_jepa_v2_1_vitG_384_20260430T105417Z/layer_48/eval/test/probe_predictions.json",
        "prediction_files": {
          "test": "artifacts/probes/intphys2/intphys2_probe_linear_jepa_v2_1_vitG_384_20260430T105417Z/layer_48/eval/test/probe_predictions.json",
          "train": "artifacts/probes/intphys2/intphys2_probe_linear_jepa_v2_1_vitG_384_20260430T105417Z/layer_48/eval/train/probe_predictions.json",
          "val": "artifacts/probes/intphys2/intphys2_probe_linear_jepa_v2_1_vitG_384_20260430T105417Z/layer_48/eval/val/probe_predictions.json"
        },
        "probe_eval_dir": "artifacts/probes/intphys2/intphys2_probe_linear_jepa_v2_1_vitG_384_20260430T105417Z/layer_48/eval",
        "probe_name": "linear",
        "reported_splits": [
          "train",
          "val",
          "test"
        ],
        "split_eval_dirs": {
          "test": "artifacts/probes/intphys2/intphys2_probe_linear_jepa_v2_1_vitG_384_20260430T105417Z/layer_48/eval/test",
          "train": "artifacts/probes/intphys2/intphys2_probe_linear_jepa_v2_1_vitG_384_20260430T105417Z/layer_48/eval/train",
          "val": "artifacts/probes/intphys2/intphys2_probe_linear_jepa_v2_1_vitG_384_20260430T105417Z/layer_48/eval/val"
        },
        "split_evals": {
          "test": {
            "base_eval": {
              "metrics": {
                "accuracy": 58.82352941176471,
                "accuracy_by_condition": {
                  "continuity": 52.083333333333336,
                  "immutability": 66.66666666666666,
                  "permanence": 62.5,
                  "solidity": 55.00000000000001
                },
                "n_samples": 204,
                "n_scenes": 51,
                "voe_accuracy": 35.294117647058826,
                "voe_by_condition": {
                  "continuity": 25.0,
                  "immutability": 41.66666666666667,
                  "permanence": 66.66666666666666,
                  "solidity": 13.333333333333334
                }
              },
              "output_dir": "artifacts/probes/intphys2/intphys2_probe_linear_jepa_v2_1_vitG_384_20260430T105417Z/layer_48/eval/test",
              "split_dir": "data/splits/intphys2"
            },
            "checkpoint": "artifacts/probes/intphys2/intphys2_probe_linear_jepa_v2_1_vitG_384_20260430T105417Z/layer_48/train/trial_0014/probe_best.pt",
            "dataset": "intphys2",
            "feature_signature": "5c7753635ab2bb76",
            "metrics": {
              "accuracy": 58.82352941176471,
              "accuracy_by_condition": {
                "continuity": 52.083333333333336,
                "immutability": 66.66666666666666,
                "permanence": 62.5,
                "solidity": 55.00000000000001
              },
              "n_samples": 204,
              "n_scenes": 51,
              "voe_accuracy": 35.294117647058826,
              "voe_by_condition": {
                "continuity": 25.0,
                "immutability": 41.66666666666667,
                "permanence": 66.66666666666666,
                "solidity": 13.333333333333334
              }
            },
            "objective_metric": 35.294117647058826,
            "prediction_file": "artifacts/probes/intphys2/intphys2_probe_linear_jepa_v2_1_vitG_384_20260430T105417Z/layer_48/eval/test/probe_predictions.json",
            "probe_eval_dir": "artifacts/probes/intphys2/intphys2_probe_linear_jepa_v2_1_vitG_384_20260430T105417Z/layer_48/eval/test",
            "probe_name": "linear",
            "split_name": "test"
          },
          "train": {
            "base_eval": {
              "metrics": {
                "accuracy": 69.03973509933775,
                "accuracy_by_condition": {
                  "continuity": 65.97222222222221,
                  "immutability": 76.38888888888889,
                  "permanence": 76.38888888888889,
                  "solidity": 59.30232558139535
                },
                "n_samples": 604,
                "n_scenes": 151,
                "voe_accuracy": 48.34437086092716,
                "voe_by_condition": {
                  "continuity": 58.333333333333336,
                  "immutability": 63.888888888888886,
                  "permanence": 61.111111111111114,
                  "solidity": 16.27906976744186
                }
              },
              "output_dir": "artifacts/probes/intphys2/intphys2_probe_linear_jepa_v2_1_vitG_384_20260430T105417Z/layer_48/eval/train",
              "split_dir": "data/splits/intphys2"
            },
            "checkpoint": "artifacts/probes/intphys2/intphys2_probe_linear_jepa_v2_1_vitG_384_20260430T105417Z/layer_48/train/trial_0014/probe_best.pt",
            "dataset": "intphys2",
            "feature_signature": "5c7753635ab2bb76",
            "metrics": {
              "accuracy": 69.03973509933775,
              "accuracy_by_condition": {
                "continuity": 65.97222222222221,
                "immutability": 76.38888888888889,
                "permanence": 76.38888888888889,
                "solidity": 59.30232558139535
              },
              "n_samples": 604,
              "n_scenes": 151,
              "voe_accuracy": 48.34437086092716,
              "voe_by_condition": {
                "continuity": 58.333333333333336,
                "immutability": 63.888888888888886,
                "permanence": 61.111111111111114,
                "solidity": 16.27906976744186
              }
            },
            "objective_metric": 48.34437086092716,
            "prediction_file": "artifacts/probes/intphys2/intphys2_probe_linear_jepa_v2_1_vitG_384_20260430T105417Z/layer_48/eval/train/probe_predictions.json",
            "probe_eval_dir": "artifacts/probes/intphys2/intphys2_probe_linear_jepa_v2_1_vitG_384_20260430T105417Z/layer_48/eval/train",
            "probe_name": "linear",
            "split_name": "train"
          },
          "val": {
            "base_eval": {
              "metrics": {
                "accuracy": 58.333333333333336,
                "accuracy_by_condition": {
                  "continuity": 54.166666666666664,
                  "immutability": 66.66666666666666,
                  "permanence": 58.333333333333336,
                  "solidity": 55.00000000000001
                },
                "n_samples": 204,
                "n_scenes": 51,
                "voe_accuracy": 29.411764705882355,
                "voe_by_condition": {
                  "continuity": 25.0,
                  "immutability": 41.66666666666667,
                  "permanence": 41.66666666666667,
                  "solidity": 13.333333333333334
                }
              },
              "output_dir": "artifacts/probes/intphys2/intphys2_probe_linear_jepa_v2_1_vitG_384_20260430T105417Z/layer_48/eval/val",
              "split_dir": "data/splits/intphys2"
            },
            "checkpoint": "artifacts/probes/intphys2/intphys2_probe_linear_jepa_v2_1_vitG_384_20260430T105417Z/layer_48/train/trial_0014/probe_best.pt",
            "dataset": "intphys2",
            "feature_signature": "5c7753635ab2bb76",
            "metrics": {
              "accuracy": 58.333333333333336,
              "accuracy_by_condition": {
                "continuity": 54.166666666666664,
                "immutability": 66.66666666666666,
                "permanence": 58.333333333333336,
                "solidity": 55.00000000000001
              },
              "n_samples": 204,
              "n_scenes": 51,
              "voe_accuracy": 29.411764705882355,
              "voe_by_condition": {
                "continuity": 25.0,
                "immutability": 41.66666666666667,
                "permanence": 41.66666666666667,
                "solidity": 13.333333333333334
              }
            },
            "objective_metric": 29.411764705882355,
            "prediction_file": "artifacts/probes/intphys2/intphys2_probe_linear_jepa_v2_1_vitG_384_20260430T105417Z/layer_48/eval/val/probe_predictions.json",
            "probe_eval_dir": "artifacts/probes/intphys2/intphys2_probe_linear_jepa_v2_1_vitG_384_20260430T105417Z/layer_48/eval/val",
            "probe_name": "linear",
            "split_name": "val"
          }
        },
        "split_name": "test"
      },
      "layer": 48,
      "layer_label": "48",
      "objective_metric": 35.294117647058826,
      "train": {
        "best_checkpoint": "artifacts/probes/intphys2/intphys2_probe_linear_jepa_v2_1_vitG_384_20260430T105417Z/layer_48/train/trial_0014/probe_best.pt",
        "best_eval_output_dir": "artifacts/probes/intphys2/intphys2_probe_linear_jepa_v2_1_vitG_384_20260430T105417Z/layer_48/train/trial_0014/val_eval",
        "best_output_dir": "artifacts/probes/intphys2/intphys2_probe_linear_jepa_v2_1_vitG_384_20260430T105417Z/layer_48/train/trial_0014",
        "best_params": {
          "batch_size": 64,
          "lr": 0.007886205453184318,
          "weight_decay": 3.9188840466962226e-05
        },
        "best_trial_number": 14,
        "best_value": 29.411764705882355,
        "checkpoint": "artifacts/probes/intphys2/intphys2_probe_linear_jepa_v2_1_vitG_384_20260430T105417Z/layer_48/train/trial_0014/probe_best.pt",
        "dataset": "intphys2",
        "direction": "maximize",
        "layer": 48,
        "n_trials": 20,
        "objective_metric": "voe_accuracy",
        "output_dir": "artifacts/probes/intphys2/intphys2_probe_linear_jepa_v2_1_vitG_384_20260430T105417Z/layer_48/train",
        "probe_name": "linear",
        "storage": "sqlite:////gpfs/home3/scur0511/Probe4Physics/artifacts/probes/intphys2/intphys2_probe_linear_jepa_v2_1_vitG_384_20260430T105417Z/layer_48/train/optuna_study.sqlite3",
        "study_name": "intphys2_linear_jepa_v2_1_vitG_384_layer_48",
        "trials": [
          {
            "checkpoint": "artifacts/probes/intphys2/intphys2_probe_linear_jepa_v2_1_vitG_384_20260430T105417Z/layer_48/train/trial_0000/probe_best.pt",
            "eval_output_dir": "artifacts/probes/intphys2/intphys2_probe_linear_jepa_v2_1_vitG_384_20260430T105417Z/layer_48/train/trial_0000/val_eval",
            "output_dir": "artifacts/probes/intphys2/intphys2_probe_linear_jepa_v2_1_vitG_384_20260430T105417Z/layer_48/train/trial_0000",
            "params": {
              "batch_size": 32,
              "lr": 0.0001329291894316216,
              "weight_decay": 0.005061576888752304
            },
            "trial_number": 0,
            "value": 17.647058823529413
          },
          {
            "checkpoint": "artifacts/probes/intphys2/intphys2_probe_linear_jepa_v2_1_vitG_384_20260430T105417Z/layer_48/train/trial_0001/probe_best.pt",
            "eval_output_dir": "artifacts/probes/intphys2/intphys2_probe_linear_jepa_v2_1_vitG_384_20260430T105417Z/layer_48/train/trial_0001/val_eval",
            "output_dir": "artifacts/probes/intphys2/intphys2_probe_linear_jepa_v2_1_vitG_384_20260430T105417Z/layer_48/train/trial_0001",
            "params": {
              "batch_size": 256,
              "lr": 1.493656855461762e-05,
              "weight_decay": 0.0015741890047456662
            },
            "trial_number": 1,
            "value": 13.725490196078432
          },
          {
            "checkpoint": "artifacts/probes/intphys2/intphys2_probe_linear_jepa_v2_1_vitG_384_20260430T105417Z/layer_48/train/trial_0002/probe_best.pt",
            "eval_output_dir": "artifacts/probes/intphys2/intphys2_probe_linear_jepa_v2_1_vitG_384_20260430T105417Z/layer_48/train/trial_0002/val_eval",
            "output_dir": "artifacts/probes/intphys2/intphys2_probe_linear_jepa_v2_1_vitG_384_20260430T105417Z/layer_48/train/trial_0002",
            "params": {
              "batch_size": 256,
              "lr": 0.00314288089084011,
              "weight_decay": 1.879466824163843e-07
            },
            "trial_number": 2,
            "value": 21.568627450980394
          },
          {
            "checkpoint": "artifacts/probes/intphys2/intphys2_probe_linear_jepa_v2_1_vitG_384_20260430T105417Z/layer_48/train/trial_0003/probe_best.pt",
            "eval_output_dir": "artifacts/probes/intphys2/intphys2_probe_linear_jepa_v2_1_vitG_384_20260430T105417Z/layer_48/train/trial_0003/val_eval",
            "output_dir": "artifacts/probes/intphys2/intphys2_probe_linear_jepa_v2_1_vitG_384_20260430T105417Z/layer_48/train/trial_0003",
            "params": {
              "batch_size": 32,
              "lr": 0.00019762189340280086,
              "weight_decay": 5.589524205217922e-07
            },
            "trial_number": 3,
            "value": 15.686274509803921
          },
          {
            "checkpoint": "artifacts/probes/intphys2/intphys2_probe_linear_jepa_v2_1_vitG_384_20260430T105417Z/layer_48/train/trial_0004/probe_best.pt",
            "eval_output_dir": "artifacts/probes/intphys2/intphys2_probe_linear_jepa_v2_1_vitG_384_20260430T105417Z/layer_48/train/trial_0004/val_eval",
            "output_dir": "artifacts/probes/intphys2/intphys2_probe_linear_jepa_v2_1_vitG_384_20260430T105417Z/layer_48/train/trial_0004",
            "params": {
              "batch_size": 128,
              "lr": 0.00023345864076016249,
              "weight_decay": 0.0005141096648805752
            },
            "trial_number": 4,
            "value": 15.686274509803921
          },
          {
            "checkpoint": "artifacts/probes/intphys2/intphys2_probe_linear_jepa_v2_1_vitG_384_20260430T105417Z/layer_48/train/trial_0005/probe_best.pt",
            "eval_output_dir": "artifacts/probes/intphys2/intphys2_probe_linear_jepa_v2_1_vitG_384_20260430T105417Z/layer_48/train/trial_0005/val_eval",
            "output_dir": "artifacts/probes/intphys2/intphys2_probe_linear_jepa_v2_1_vitG_384_20260430T105417Z/layer_48/train/trial_0005",
            "params": {
              "batch_size": 128,
              "lr": 0.0006647135865318024,
              "weight_decay": 1.0547383621352015e-07
            },
            "trial_number": 5,
            "value": 13.725490196078432
          },
          {
            "checkpoint": "artifacts/probes/intphys2/intphys2_probe_linear_jepa_v2_1_vitG_384_20260430T105417Z/layer_48/train/trial_0006/probe_best.pt",
            "eval_output_dir": "artifacts/probes/intphys2/intphys2_probe_linear_jepa_v2_1_vitG_384_20260430T105417Z/layer_48/train/trial_0006/val_eval",
            "output_dir": "artifacts/probes/intphys2/intphys2_probe_linear_jepa_v2_1_vitG_384_20260430T105417Z/layer_48/train/trial_0006",
            "params": {
              "batch_size": 32,
              "lr": 8.200518402245828e-05,
              "weight_decay": 3.855073690026179e-08
            },
            "trial_number": 6,
            "value": 17.647058823529413
          },
          {
            "checkpoint": "artifacts/probes/intphys2/intphys2_probe_linear_jepa_v2_1_vitG_384_20260430T105417Z/layer_48/train/trial_0008/probe_best.pt",
            "eval_output_dir": "artifacts/probes/intphys2/intphys2_probe_linear_jepa_v2_1_vitG_384_20260430T105417Z/layer_48/train/trial_0008/val_eval",
            "output_dir": "artifacts/probes/intphys2/intphys2_probe_linear_jepa_v2_1_vitG_384_20260430T105417Z/layer_48/train/trial_0008",
            "params": {
              "batch_size": 32,
              "lr": 0.00043664735929796326,
              "weight_decay": 1.2856617791467908e-07
            },
            "trial_number": 8,
            "value": 19.607843137254903
          },
          {
            "checkpoint": "artifacts/probes/intphys2/intphys2_probe_linear_jepa_v2_1_vitG_384_20260430T105417Z/layer_48/train/trial_0009/probe_best.pt",
            "eval_output_dir": "artifacts/probes/intphys2/intphys2_probe_linear_jepa_v2_1_vitG_384_20260430T105417Z/layer_48/train/trial_0009/val_eval",
            "output_dir": "artifacts/probes/intphys2/intphys2_probe_linear_jepa_v2_1_vitG_384_20260430T105417Z/layer_48/train/trial_0009",
            "params": {
              "batch_size": 256,
              "lr": 0.0006218704727769079,
              "weight_decay": 0.0033981724150106006
            },
            "trial_number": 9,
            "value": 19.607843137254903
          },
          {
            "checkpoint": "artifacts/probes/intphys2/intphys2_probe_linear_jepa_v2_1_vitG_384_20260430T105417Z/layer_48/train/trial_0010/probe_best.pt",
            "eval_output_dir": "artifacts/probes/intphys2/intphys2_probe_linear_jepa_v2_1_vitG_384_20260430T105417Z/layer_48/train/trial_0010/val_eval",
            "output_dir": "artifacts/probes/intphys2/intphys2_probe_linear_jepa_v2_1_vitG_384_20260430T105417Z/layer_48/train/trial_0010",
            "params": {
              "batch_size": 256,
              "lr": 0.008589902259876388,
              "weight_decay": 6.917735117804129e-06
            },
            "trial_number": 10,
            "value": 19.607843137254903
          },
          {
            "checkpoint": "artifacts/probes/intphys2/intphys2_probe_linear_jepa_v2_1_vitG_384_20260430T105417Z/layer_48/train/trial_0011/probe_best.pt",
            "eval_output_dir": "artifacts/probes/intphys2/intphys2_probe_linear_jepa_v2_1_vitG_384_20260430T105417Z/layer_48/train/trial_0011/val_eval",
            "output_dir": "artifacts/probes/intphys2/intphys2_probe_linear_jepa_v2_1_vitG_384_20260430T105417Z/layer_48/train/trial_0011",
            "params": {
              "batch_size": 64,
              "lr": 0.0040877179237697285,
              "weight_decay": 1.722277082226428e-06
            },
            "trial_number": 11,
            "value": 23.52941176470588
          },
          {
            "checkpoint": "artifacts/probes/intphys2/intphys2_probe_linear_jepa_v2_1_vitG_384_20260430T105417Z/layer_48/train/trial_0012/probe_best.pt",
            "eval_output_dir": "artifacts/probes/intphys2/intphys2_probe_linear_jepa_v2_1_vitG_384_20260430T105417Z/layer_48/train/trial_0012/val_eval",
            "output_dir": "artifacts/probes/intphys2/intphys2_probe_linear_jepa_v2_1_vitG_384_20260430T105417Z/layer_48/train/trial_0012",
            "params": {
              "batch_size": 64,
              "lr": 0.00500366212062638,
              "weight_decay": 2.2631709120790008e-06
            },
            "trial_number": 12,
            "value": 23.52941176470588
          },
          {
            "checkpoint": "artifacts/probes/intphys2/intphys2_probe_linear_jepa_v2_1_vitG_384_20260430T105417Z/layer_48/train/trial_0013/probe_best.pt",
            "eval_output_dir": "artifacts/probes/intphys2/intphys2_probe_linear_jepa_v2_1_vitG_384_20260430T105417Z/layer_48/train/trial_0013/val_eval",
            "output_dir": "artifacts/probes/intphys2/intphys2_probe_linear_jepa_v2_1_vitG_384_20260430T105417Z/layer_48/train/trial_0013",
            "params": {
              "batch_size": 64,
              "lr": 0.0024905356822545925,
              "weight_decay": 5.725021376584145e-06
            },
            "trial_number": 13,
            "value": 23.52941176470588
          },
          {
            "checkpoint": "artifacts/probes/intphys2/intphys2_probe_linear_jepa_v2_1_vitG_384_20260430T105417Z/layer_48/train/trial_0014/probe_best.pt",
            "eval_output_dir": "artifacts/probes/intphys2/intphys2_probe_linear_jepa_v2_1_vitG_384_20260430T105417Z/layer_48/train/trial_0014/val_eval",
            "output_dir": "artifacts/probes/intphys2/intphys2_probe_linear_jepa_v2_1_vitG_384_20260430T105417Z/layer_48/train/trial_0014",
            "params": {
              "batch_size": 64,
              "lr": 0.007886205453184318,
              "weight_decay": 3.9188840466962226e-05
            },
            "trial_number": 14,
            "value": 29.411764705882355
          },
          {
            "checkpoint": "artifacts/probes/intphys2/intphys2_probe_linear_jepa_v2_1_vitG_384_20260430T105417Z/layer_48/train/trial_0015/probe_best.pt",
            "eval_output_dir": "artifacts/probes/intphys2/intphys2_probe_linear_jepa_v2_1_vitG_384_20260430T105417Z/layer_48/train/trial_0015/val_eval",
            "output_dir": "artifacts/probes/intphys2/intphys2_probe_linear_jepa_v2_1_vitG_384_20260430T105417Z/layer_48/train/trial_0015",
            "params": {
              "batch_size": 64,
              "lr": 0.0017116048336664653,
              "weight_decay": 8.925278572925878e-05
            },
            "trial_number": 15,
            "value": 13.725490196078432
          },
          {
            "checkpoint": "artifacts/probes/intphys2/intphys2_probe_linear_jepa_v2_1_vitG_384_20260430T105417Z/layer_48/train/trial_0016/probe_best.pt",
            "eval_output_dir": "artifacts/probes/intphys2/intphys2_probe_linear_jepa_v2_1_vitG_384_20260430T105417Z/layer_48/train/trial_0016/val_eval",
            "output_dir": "artifacts/probes/intphys2/intphys2_probe_linear_jepa_v2_1_vitG_384_20260430T105417Z/layer_48/train/trial_0016",
            "params": {
              "batch_size": 64,
              "lr": 0.007790879191190207,
              "weight_decay": 5.981903666628409e-05
            },
            "trial_number": 16,
            "value": 27.450980392156865
          },
          {
            "checkpoint": "artifacts/probes/intphys2/intphys2_probe_linear_jepa_v2_1_vitG_384_20260430T105417Z/layer_48/train/trial_0017/probe_best.pt",
            "eval_output_dir": "artifacts/probes/intphys2/intphys2_probe_linear_jepa_v2_1_vitG_384_20260430T105417Z/layer_48/train/trial_0017/val_eval",
            "output_dir": "artifacts/probes/intphys2/intphys2_probe_linear_jepa_v2_1_vitG_384_20260430T105417Z/layer_48/train/trial_0017",
            "params": {
              "batch_size": 64,
              "lr": 0.009950064368329202,
              "weight_decay": 4.512769802353355e-05
            },
            "trial_number": 17,
            "value": 29.411764705882355
          },
          {
            "checkpoint": "artifacts/probes/intphys2/intphys2_probe_linear_jepa_v2_1_vitG_384_20260430T105417Z/layer_48/train/trial_0018/probe_best.pt",
            "eval_output_dir": "artifacts/probes/intphys2/intphys2_probe_linear_jepa_v2_1_vitG_384_20260430T105417Z/layer_48/train/trial_0018/val_eval",
            "output_dir": "artifacts/probes/intphys2/intphys2_probe_linear_jepa_v2_1_vitG_384_20260430T105417Z/layer_48/train/trial_0018",
            "params": {
              "batch_size": 64,
              "lr": 0.0012690764532532696,
              "weight_decay": 9.016687971226539e-05
            },
            "trial_number": 18,
            "value": 19.607843137254903
          },
          {
            "checkpoint": "artifacts/probes/intphys2/intphys2_probe_linear_jepa_v2_1_vitG_384_20260430T105417Z/layer_48/train/trial_0019/probe_best.pt",
            "eval_output_dir": "artifacts/probes/intphys2/intphys2_probe_linear_jepa_v2_1_vitG_384_20260430T105417Z/layer_48/train/trial_0019/val_eval",
            "output_dir": "artifacts/probes/intphys2/intphys2_probe_linear_jepa_v2_1_vitG_384_20260430T105417Z/layer_48/train/trial_0019",
            "params": {
              "batch_size": 64,
              "lr": 4.8019433799281777e-05,
              "weight_decay": 3.0155469052270787e-05
            },
            "trial_number": 19,
            "value": 17.647058823529413
          }
        ]
      }
    }
  ],
  "model_selection_split": "val",
  "objective_metric_name": "voe_accuracy",
  "probe_name": "linear",
  "reported_splits": [
    "train",
    "val",
    "test"
  ],
  "requested_layers": [
    12,
    24,
    38,
    48
  ],
  "split_name": "test",
  "sweep_dir": "artifacts/probes/intphys2/intphys2_probe_linear_jepa_v2_1_vitG_384_20260430T105417Z",
  "train_split": "train"
}
JOB_END_UTC=2026-04-30T11:00:37Z
JOB_ELAPSED_SECONDS=386
