============================================================================================== 
Warning! Mixing Conda and module environments may lead to corruption of the
user environment. 
We do not recommend users mixing those two environments unless absolutely
necessary. Note that 
SURF does not provide any support for Conda environment.
For more information, please refer to our software policy page:
https://servicedesk.surf.nl/wiki/display/WIKI/Software+policy+Snellius#SoftwarepolicySnellius-UseofAnacondaandMinicondaenvironmentsonSnellius 

Remember that many packages have already been installed on the system and can
be loaded using 
the 'module load <package__name>' command. If you are uncertain if a package is
already available 
on the system, please use 'module avail' or 'module spider' to search for it.
============================================================================================== 
[I 2026-04-26 17:21:21,672] A new study created in RDB with name: intphys2_linear_videomae_vit_huge_16_224_layer_8
wandb: [wandb.login()] Loaded credentials for https://api.wandb.ai from /home/scur0511/.netrc.
wandb: Currently logged in as: caselli-niccolo-developer (caselli-niccolo-developer-university-of-amsterdam) to https://api.wandb.ai. Use `wandb login --relogin` to force relogin
wandb: Tracking run with wandb version 0.26.1
wandb: Run data is saved locally in /gpfs/home3/scur0511/Probe4Physics/wandb/run-20260426_172126-s6t44x8u
wandb: Run `wandb offline` to turn off syncing.
wandb: Syncing run intphys2_linear_videomae_vit_huge_16_224_layer_8/trial_0000
wandb: ⭐️ View project at https://wandb.ai/caselli-niccolo-developer-university-of-amsterdam/probe4physics
wandb: 🚀 View run at https://wandb.ai/caselli-niccolo-developer-university-of-amsterdam/probe4physics/runs/s6t44x8u
[eval.intphys2] Starting eval | split_name=val split_dir=data/splits/intphys2 predictor_mode=from_file metadata_file=data/annotations/intphys2_metadata.csv
[eval.intphys2] Loaded split assignments | split_scenes=51 split_samples=204
[eval.intphys2] Generated predictions | n_predictions=204
[eval.intphys2] Scoring complete | accuracy=53.4314 voe_accuracy=13.7255 n_scenes=51 n_samples=204
[eval.intphys2] Artifacts written | output_dir=artifacts/probes/intphys2/intphys2_probe_linear_videomae_vit_huge_16_224_20260426T152120Z/layer_8/train/trial_0000/val_eval
wandb: updating run metadata
wandb: uploading output.log; uploading wandb-summary.json; uploading config.yaml
wandb: 
wandb: Run history:
wandb:          epoch ▁▂▂▂▂▂▂▂▂▂▃▃▃▃▄▄▄▅▅▅▅▅▅▅▆▆▆▆▆▆▇▇▇▇▇▇████
wandb: train_accuracy ▁▃▂▃▅▃▄▅▃▅▃▄▃▄▅▅▅▄▄▅▄▅▄▆▆▅▅▄▃▆▅▆▅▇▅▆▅▅▆█
wandb:     train_loss █▆█▆▆▆▅▅▅▅▅▄▄▅▅▄▃▃▃▄▃▃▃▃▃▃▃▃▂▂▂▂▂▁▁▁▁▂▁▁
wandb:   val_accuracy ▄█▂▇▃▄▅▄▁▄▅▆▅▅▃▅▂▅▄▃▅▅▁▆▂▅▃▄▃▄▄▂▂▂▅▃▅▄▃▂
wandb:       val_loss ▁▁▂▁▁▂▁▁▁▂▂▂▂▂▃▃▃▂▂▃▃▃▄▄▄▆▅▅▅▆▆▆▆▇▇▆▇▇█▇
wandb: 
wandb: Run summary:
wandb:           best_epoch 59
wandb:    best_val_accuracy 53.43137
wandb:        best_val_loss 0.6974
wandb: checkpoint_best_path artifacts/probes/int...
wandb: checkpoint_last_path artifacts/probes/int...
wandb:      checkpoint_path artifacts/probes/int...
wandb:              dataset intphys2
wandb:      elapsed_seconds 119.35003
wandb:                epoch 2000
wandb:    feature_signature 1e642fe5ac5d5e7f
wandb:                  +22 ...
wandb: 
wandb: 🚀 View run intphys2_linear_videomae_vit_huge_16_224_layer_8/trial_0000 at: https://wandb.ai/caselli-niccolo-developer-university-of-amsterdam/probe4physics/runs/s6t44x8u
wandb: ⭐️ View project at: https://wandb.ai/caselli-niccolo-developer-university-of-amsterdam/probe4physics
wandb: Synced 5 W&B file(s), 0 media file(s), 0 artifact file(s) and 0 other file(s)
wandb: Find logs at: ./wandb/run-20260426_172126-s6t44x8u/logs
[I 2026-04-26 17:23:22,936] Trial 0 finished with value: 13.725490196078432 and parameters: {'lr': 0.0001329291894316216, 'weight_decay': 0.005061576888752304, 'batch_size': 32, 'epochs': 2000}. Best is trial 0 with value: 13.725490196078432.
wandb: setting up run tvvp0ega
wandb: Tracking run with wandb version 0.26.1
wandb: Run data is saved locally in /gpfs/home3/scur0511/Probe4Physics/wandb/run-20260426_172323-tvvp0ega
wandb: Run `wandb offline` to turn off syncing.
wandb: Syncing run intphys2_linear_videomae_vit_huge_16_224_layer_8/trial_0001
wandb: ⭐️ View project at https://wandb.ai/caselli-niccolo-developer-university-of-amsterdam/probe4physics
wandb: 🚀 View run at https://wandb.ai/caselli-niccolo-developer-university-of-amsterdam/probe4physics/runs/tvvp0ega
[eval.intphys2] Starting eval | split_name=val split_dir=data/splits/intphys2 predictor_mode=from_file metadata_file=data/annotations/intphys2_metadata.csv
[eval.intphys2] Loaded split assignments | split_scenes=51 split_samples=204
[eval.intphys2] Generated predictions | n_predictions=204
[eval.intphys2] Scoring complete | accuracy=52.4510 voe_accuracy=5.8824 n_scenes=51 n_samples=204
[eval.intphys2] Artifacts written | output_dir=artifacts/probes/intphys2/intphys2_probe_linear_videomae_vit_huge_16_224_20260426T152120Z/layer_8/train/trial_0001/val_eval
wandb: updating run metadata
wandb: uploading config.yaml; uploading wandb-metadata.json; uploading requirements.txt; uploading output.log; uploading wandb-summary.json
wandb: 
wandb: Run history:
wandb:          epoch ▁▁▁▁▂▂▂▂▂▂▃▃▃▃▄▄▄▄▄▄▄▅▅▅▅▅▅▆▆▆▆▆▇▇▇▇▇███
wandb: train_accuracy ▅▄▃▇▇▂▂▆▄▅▆▆▃▅▅▅▅▇▅▄▅▇▇▅▆▆▄▅▄█▇█▃█▇█▁▇▄▇
wandb:     train_loss █▆▃▂▂▁▁▁▁▁▁▁▁▁▁▁▁▁▁▁▁▁▁▂▂▁▁▁▁▁▁▁▁▁▁▁▁▁▂▁
wandb:   val_accuracy ▇▅▅▅▆▅▄▅▆▅▆▅▁▃███▃▅▅▅▅▅▅▅▅▅▅▃▆▆▄▄▂▆▅▅▆▅▅
wandb:       val_loss ▂█▂▂▁▁▁▁▁▁▁▁▁▁▁▁▁▁▂▂▃▂▂▁▁▂▁▁▁▁▁▂▁▁▁▁▂▂▁▄
wandb: 
wandb: Run summary:
wandb:           best_epoch 72
wandb:    best_val_accuracy 52.45098
wandb:        best_val_loss 0.71122
wandb: checkpoint_best_path artifacts/probes/int...
wandb: checkpoint_last_path artifacts/probes/int...
wandb:      checkpoint_path artifacts/probes/int...
wandb:              dataset intphys2
wandb:      elapsed_seconds 2.76018
wandb:                epoch 100
wandb:    feature_signature 1e642fe5ac5d5e7f
wandb:                  +22 ...
wandb: 
wandb: 🚀 View run intphys2_linear_videomae_vit_huge_16_224_layer_8/trial_0001 at: https://wandb.ai/caselli-niccolo-developer-university-of-amsterdam/probe4physics/runs/tvvp0ega
wandb: ⭐️ View project at: https://wandb.ai/caselli-niccolo-developer-university-of-amsterdam/probe4physics
wandb: Synced 5 W&B file(s), 0 media file(s), 0 artifact file(s) and 0 other file(s)
wandb: Find logs at: ./wandb/run-20260426_172323-tvvp0ega/logs
[I 2026-04-26 17:23:26,917] Trial 1 finished with value: 5.88235294117647 and parameters: {'lr': 0.00314288089084011, 'weight_decay': 1.879466824163843e-07, 'batch_size': 256, 'epochs': 100}. Best is trial 0 with value: 13.725490196078432.
wandb: setting up run 3y1jos03
wandb: Tracking run with wandb version 0.26.1
wandb: Run data is saved locally in /gpfs/home3/scur0511/Probe4Physics/wandb/run-20260426_172327-3y1jos03
wandb: Run `wandb offline` to turn off syncing.
wandb: Syncing run intphys2_linear_videomae_vit_huge_16_224_layer_8/trial_0002
wandb: ⭐️ View project at https://wandb.ai/caselli-niccolo-developer-university-of-amsterdam/probe4physics
wandb: 🚀 View run at https://wandb.ai/caselli-niccolo-developer-university-of-amsterdam/probe4physics/runs/3y1jos03
[eval.intphys2] Starting eval | split_name=val split_dir=data/splits/intphys2 predictor_mode=from_file metadata_file=data/annotations/intphys2_metadata.csv
[eval.intphys2] Loaded split assignments | split_scenes=51 split_samples=204
[eval.intphys2] Generated predictions | n_predictions=204
[eval.intphys2] Scoring complete | accuracy=53.4314 voe_accuracy=5.8824 n_scenes=51 n_samples=204
[eval.intphys2] Artifacts written | output_dir=artifacts/probes/intphys2/intphys2_probe_linear_videomae_vit_huge_16_224_20260426T152120Z/layer_8/train/trial_0002/val_eval
wandb: updating run metadata
wandb: uploading output.log; uploading wandb-summary.json; uploading config.yaml
wandb: 
wandb: Run history:
wandb:          epoch ▁▁▁▁▂▂▂▂▂▂▂▃▃▃▃▄▄▄▄▄▅▅▅▅▅▅▆▆▆▆▆▇▇▇▇▇▇▇██
wandb: train_accuracy ▂▃▂▂▂▁▂▃▃▄▄▅▄▄▅▂▃▄▃▄▆▄▆▆▆▄▄▄▅█▆▇▅▇▇▇▇▆▇▇
wandb:     train_loss ▇█▆▇▆▇▇▆▆▆▅▅▄▅▄▅▄▄▄▅▇▃▃▃▃▃▂▃▂▂▃▃▂▂▂▂▁▁▂▁
wandb:   val_accuracy ▁▅▆███▇▃▂▅▃▄▆▅▅▄▂▃▆▂▅▇▃▄▄▇▅▅▆▃▆▅▅▅▅▅▄▅▃█
wandb:       val_loss ▂▁▁▁▁▁▂▂▂▂▂▃▃▃▃▃▃▃▃▃▃▄▄▄▄▅▅▅▅▆▆▆▆▇▆▇▇▇▇█
wandb: 
wandb: Run summary:
wandb:           best_epoch 236
wandb:    best_val_accuracy 53.43137
wandb:        best_val_loss 0.70093
wandb: checkpoint_best_path artifacts/probes/int...
wandb: checkpoint_last_path artifacts/probes/int...
wandb:      checkpoint_path artifacts/probes/int...
wandb:              dataset intphys2
wandb:      elapsed_seconds 31.15227
wandb:                epoch 1000
wandb:    feature_signature 1e642fe5ac5d5e7f
wandb:                  +22 ...
wandb: 
wandb: 🚀 View run intphys2_linear_videomae_vit_huge_16_224_layer_8/trial_0002 at: https://wandb.ai/caselli-niccolo-developer-university-of-amsterdam/probe4physics/runs/3y1jos03
wandb: ⭐️ View project at: https://wandb.ai/caselli-niccolo-developer-university-of-amsterdam/probe4physics
wandb: Synced 5 W&B file(s), 0 media file(s), 0 artifact file(s) and 0 other file(s)
wandb: Find logs at: ./wandb/run-20260426_172327-3y1jos03/logs
[I 2026-04-26 17:23:59,031] Trial 2 finished with value: 5.88235294117647 and parameters: {'lr': 0.00023345864076016249, 'weight_decay': 0.0005141096648805752, 'batch_size': 128, 'epochs': 1000}. Best is trial 0 with value: 13.725490196078432.
wandb: setting up run ynd1v9ar
wandb: Tracking run with wandb version 0.26.1
wandb: Run data is saved locally in /gpfs/home3/scur0511/Probe4Physics/wandb/run-20260426_172359-ynd1v9ar
wandb: Run `wandb offline` to turn off syncing.
wandb: Syncing run intphys2_linear_videomae_vit_huge_16_224_layer_8/trial_0003
wandb: ⭐️ View project at https://wandb.ai/caselli-niccolo-developer-university-of-amsterdam/probe4physics
wandb: 🚀 View run at https://wandb.ai/caselli-niccolo-developer-university-of-amsterdam/probe4physics/runs/ynd1v9ar
[eval.intphys2] Starting eval | split_name=val split_dir=data/splits/intphys2 predictor_mode=from_file metadata_file=data/annotations/intphys2_metadata.csv
[eval.intphys2] Loaded split assignments | split_scenes=51 split_samples=204
[eval.intphys2] Generated predictions | n_predictions=204
[eval.intphys2] Scoring complete | accuracy=52.9412 voe_accuracy=9.8039 n_scenes=51 n_samples=204
[eval.intphys2] Artifacts written | output_dir=artifacts/probes/intphys2/intphys2_probe_linear_videomae_vit_huge_16_224_20260426T152120Z/layer_8/train/trial_0003/val_eval
wandb: updating run metadata
wandb: uploading wandb-metadata.json; uploading requirements.txt; uploading output.log; uploading wandb-summary.json; uploading config.yaml
wandb: uploading output.log
wandb: 
wandb: Run history:
wandb:          epoch ▁▁▁▁▂▂▂▂▂▂▃▃▃▃▃▄▄▄▄▄▅▅▅▅▅▅▆▆▆▆▆▇▇▇▇▇▇███
wandb: train_accuracy ▅▆▅▅▅▆▆▅▆▅▄▆▅▆▄▇▆▅▆▇▁▄▆▆▆▄▄▃▆▆▁▆▅▃▆▄▆▅▆█
wandb:     train_loss █▂▂▂▁▁▁▁▁▁▁▁▁▁▁▁▁▁▁▁▁▁▁▁▁▁▁▁▁▁▁▁▁▁▁▁▁▁▁▁
wandb:   val_accuracy ▅▃▅▆▆▄▇▅▄█▃▅▇▃▆▁▆▅▅▇▅▇▅▃▅▂▅▄▃▅▅▃▂▃▆▄▅▃▇▆
wandb:       val_loss █▇▄▃▂▂▂▁▁▁▁▁▁▁▁▁▁▁▁▁▁▁▁▁▁▁▁▁▁▁▁▁▁▁▁▁▁▁▁▁
wandb: 
wandb: Run summary:
wandb:           best_epoch 11
wandb:    best_val_accuracy 52.94118
wandb:        best_val_loss 0.69996
wandb: checkpoint_best_path artifacts/probes/int...
wandb: checkpoint_last_path artifacts/probes/int...
wandb:      checkpoint_path artifacts/probes/int...
wandb:              dataset intphys2
wandb:      elapsed_seconds 2.3935
wandb:                epoch 50
wandb:    feature_signature 1e642fe5ac5d5e7f
wandb:                  +22 ...
wandb: 
wandb: 🚀 View run intphys2_linear_videomae_vit_huge_16_224_layer_8/trial_0003 at: https://wandb.ai/caselli-niccolo-developer-university-of-amsterdam/probe4physics/runs/ynd1v9ar
wandb: ⭐️ View project at: https://wandb.ai/caselli-niccolo-developer-university-of-amsterdam/probe4physics
wandb: Synced 5 W&B file(s), 0 media file(s), 0 artifact file(s) and 0 other file(s)
wandb: Find logs at: ./wandb/run-20260426_172359-ynd1v9ar/logs
[I 2026-04-26 17:24:02,862] Trial 3 finished with value: 9.803921568627452 and parameters: {'lr': 8.200518402245828e-05, 'weight_decay': 3.855073690026179e-08, 'batch_size': 32, 'epochs': 50}. Best is trial 0 with value: 13.725490196078432.
wandb: setting up run 9mgkvl8w
wandb: Tracking run with wandb version 0.26.1
wandb: Run data is saved locally in /gpfs/home3/scur0511/Probe4Physics/wandb/run-20260426_172403-9mgkvl8w
wandb: Run `wandb offline` to turn off syncing.
wandb: Syncing run intphys2_linear_videomae_vit_huge_16_224_layer_8/trial_0004
wandb: ⭐️ View project at https://wandb.ai/caselli-niccolo-developer-university-of-amsterdam/probe4physics
wandb: 🚀 View run at https://wandb.ai/caselli-niccolo-developer-university-of-amsterdam/probe4physics/runs/9mgkvl8w
[eval.intphys2] Starting eval | split_name=val split_dir=data/splits/intphys2 predictor_mode=from_file metadata_file=data/annotations/intphys2_metadata.csv
[eval.intphys2] Loaded split assignments | split_scenes=51 split_samples=204
[eval.intphys2] Generated predictions | n_predictions=204
[eval.intphys2] Scoring complete | accuracy=52.4510 voe_accuracy=19.6078 n_scenes=51 n_samples=204
[eval.intphys2] Artifacts written | output_dir=artifacts/probes/intphys2/intphys2_probe_linear_videomae_vit_huge_16_224_20260426T152120Z/layer_8/train/trial_0004/val_eval
wandb: updating run metadata
wandb: uploading requirements.txt; uploading output.log; uploading wandb-summary.json; uploading config.yaml; uploading wandb-metadata.json
wandb: 
wandb: Run history:
wandb:          epoch ▁▁▁▁▂▂▂▂▂▂▃▃▃▃▃▄▄▄▄▄▄▅▅▅▅▅▆▆▆▆▆▆▇▇▇▇▇▇██
wandb: train_accuracy ▅▄▅▅▂▅▃▄▅▃▅▃▄▅▃▆▅█▅▄█▄▇▃▆▄▄▃▆▇▇▅▇▇▆▅▁▅▆▅
wandb:     train_loss ▇▆▄▄█▃▃▃▃▄▂▂▃▄▄▄▅▁▃▁▁▃▂▂▂▂▇▆▄▃▆▂▂▂▂▃▂▅▁▂
wandb:   val_accuracy ▄▄█▆▄▆▅▃▄▅▅▃▅▄▄▅▄▃█▇▃▄▅▅▅▄▂▄▄▅▅▅▄▄▄▄▅▁▄▄
wandb:       val_loss ▂▂▁▁▄▁▁▁▁▁▃▁▁▂▅▂█▂▁▁▅▁▁▁▂▁▄▃▁▅▂▁▂▃▂▄▂▂▁▅
wandb: 
wandb: Run summary:
wandb:           best_epoch 3
wandb:    best_val_accuracy 52.45098
wandb:        best_val_loss 0.69626
wandb: checkpoint_best_path artifacts/probes/int...
wandb: checkpoint_last_path artifacts/probes/int...
wandb:      checkpoint_path artifacts/probes/int...
wandb:              dataset intphys2
wandb:      elapsed_seconds 2.27682
wandb:                epoch 50
wandb:    feature_signature 1e642fe5ac5d5e7f
wandb:                  +22 ...
wandb: 
wandb: 🚀 View run intphys2_linear_videomae_vit_huge_16_224_layer_8/trial_0004 at: https://wandb.ai/caselli-niccolo-developer-university-of-amsterdam/probe4physics/runs/9mgkvl8w
wandb: ⭐️ View project at: https://wandb.ai/caselli-niccolo-developer-university-of-amsterdam/probe4physics
wandb: Synced 5 W&B file(s), 0 media file(s), 0 artifact file(s) and 0 other file(s)
wandb: Find logs at: ./wandb/run-20260426_172403-9mgkvl8w/logs
[I 2026-04-26 17:24:06,148] Trial 4 finished with value: 19.607843137254903 and parameters: {'lr': 0.00043664735929796326, 'weight_decay': 1.2856617791467908e-07, 'batch_size': 32, 'epochs': 50}. Best is trial 4 with value: 19.607843137254903.
wandb: setting up run n2rqn8f9
wandb: Tracking run with wandb version 0.26.1
wandb: Run data is saved locally in /gpfs/home3/scur0511/Probe4Physics/wandb/run-20260426_172406-n2rqn8f9
wandb: Run `wandb offline` to turn off syncing.
wandb: Syncing run intphys2_linear_videomae_vit_huge_16_224_layer_8/trial_0005
wandb: ⭐️ View project at https://wandb.ai/caselli-niccolo-developer-university-of-amsterdam/probe4physics
wandb: 🚀 View run at https://wandb.ai/caselli-niccolo-developer-university-of-amsterdam/probe4physics/runs/n2rqn8f9
[eval.intphys2] Starting eval | split_name=val split_dir=data/splits/intphys2 predictor_mode=from_file metadata_file=data/annotations/intphys2_metadata.csv
[eval.intphys2] Loaded split assignments | split_scenes=51 split_samples=204
[eval.intphys2] Generated predictions | n_predictions=204
[eval.intphys2] Scoring complete | accuracy=53.9216 voe_accuracy=13.7255 n_scenes=51 n_samples=204
[eval.intphys2] Artifacts written | output_dir=artifacts/probes/intphys2/intphys2_probe_linear_videomae_vit_huge_16_224_20260426T152120Z/layer_8/train/trial_0005/val_eval
wandb: updating run metadata
wandb: uploading config.yaml; uploading output.log; uploading wandb-summary.json
wandb: uploading config.yaml
wandb: 
wandb: Run history:
wandb:          epoch ▁▁▁▂▂▂▂▂▂▂▃▃▃▃▃▄▄▄▄▄▅▅▅▅▅▆▆▆▆▆▆▆▆▆▆▇▇▇██
wandb: train_accuracy ▃▂▁▃▁▅▃▅▄▅▄▃▃▄▇▃▄▅▄▆▃▆▇▇▆▅▃▃▆▇▅▆▆▇▅▇█▇▆▅
wandb:     train_loss █▆▄▆▅▄▅▆▅▄▅▅▇▄▆▄▃▄▃▄▃▃▄▃▄▃▂▂▄▂▃▂▂▁▃▁▁▁▃▁
wandb:   val_accuracy ▄▅▆▆▅▄▄▂▄█▆▅▅▅▂▅▅▄▄▄▄▁▅▂▅▇▄▅▅▂▆▇▄▃▃▄▅▂▂▃
wandb:       val_loss ▅▂▂▂▂▁▁▂▁▃▁▁▂▂▃▂▅▃▂▆▃▃▃▇▃▃▃▃▄▃▄▄▅▄▅▅▅▅█▇
wandb: 
wandb: Run summary:
wandb:           best_epoch 68
wandb:    best_val_accuracy 53.92157
wandb:        best_val_loss 0.69511
wandb: checkpoint_best_path artifacts/probes/int...
wandb: checkpoint_last_path artifacts/probes/int...
wandb:      checkpoint_path artifacts/probes/int...
wandb:              dataset intphys2
wandb:      elapsed_seconds 17.63308
wandb:                epoch 500
wandb:    feature_signature 1e642fe5ac5d5e7f
wandb:                  +22 ...
wandb: 
wandb: 🚀 View run intphys2_linear_videomae_vit_huge_16_224_layer_8/trial_0005 at: https://wandb.ai/caselli-niccolo-developer-university-of-amsterdam/probe4physics/runs/n2rqn8f9
wandb: ⭐️ View project at: https://wandb.ai/caselli-niccolo-developer-university-of-amsterdam/probe4physics
wandb: Synced 5 W&B file(s), 0 media file(s), 0 artifact file(s) and 0 other file(s)
wandb: Find logs at: ./wandb/run-20260426_172406-n2rqn8f9/logs
[I 2026-04-26 17:24:25,175] Trial 5 finished with value: 13.725490196078432 and parameters: {'lr': 0.00014656553886225324, 'weight_decay': 4.247116662617142e-07, 'batch_size': 32, 'epochs': 500}. Best is trial 4 with value: 19.607843137254903.
wandb: setting up run 64rcd43g
wandb: Tracking run with wandb version 0.26.1
wandb: Run data is saved locally in /gpfs/home3/scur0511/Probe4Physics/wandb/run-20260426_172425-64rcd43g
wandb: Run `wandb offline` to turn off syncing.
wandb: Syncing run intphys2_linear_videomae_vit_huge_16_224_layer_8/trial_0006
wandb: ⭐️ View project at https://wandb.ai/caselli-niccolo-developer-university-of-amsterdam/probe4physics
wandb: 🚀 View run at https://wandb.ai/caselli-niccolo-developer-university-of-amsterdam/probe4physics/runs/64rcd43g
[eval.intphys2] Starting eval | split_name=val split_dir=data/splits/intphys2 predictor_mode=from_file metadata_file=data/annotations/intphys2_metadata.csv
[eval.intphys2] Loaded split assignments | split_scenes=51 split_samples=204
[eval.intphys2] Generated predictions | n_predictions=204
[eval.intphys2] Scoring complete | accuracy=50.9804 voe_accuracy=5.8824 n_scenes=51 n_samples=204
[eval.intphys2] Artifacts written | output_dir=artifacts/probes/intphys2/intphys2_probe_linear_videomae_vit_huge_16_224_20260426T152120Z/layer_8/train/trial_0006/val_eval
wandb: updating run metadata
wandb: uploading wandb-metadata.json; uploading requirements.txt; uploading output.log; uploading wandb-summary.json; uploading config.yaml
wandb: uploading requirements.txt
wandb: 
wandb: Run history:
wandb:          epoch ▁▁▂▂▂▂▂▂▃▃▃▃▃▃▃▄▄▄▄▄▄▅▅▅▅▆▆▆▆▆▇▇▇▇▇▇▇███
wandb: train_accuracy ▅▄▅▁▃▅▄▅▇▇▇▇▇▇█▅▄▅▅▃▃▃▄▄▄▄▄▄▄▅▄▄▅▅▃▄▅▂▄▅
wandb:     train_loss ██▇▆▅▅▄▄▄▄▄▃▄▃▃▃▃▃▂▂▂▃▂▂▂▂▂▂▂▂▁▁▁▂▁▁▁▁▁▁
wandb:   val_accuracy ▇▅▅▄█▅▆▄▆▆▆▅▆▆▅▆▅▅▅▁▅▅▅▅▅▄▄▄▄▃▄▄▁▄▄▃▄▆▅▅
wandb:       val_loss █▇▆▅▅▄▄▄▃▃▃▃▃▃▃▂▂▂▂▂▂▂▂▂▂▂▂▂▁▁▁▁▁▁▁▁▁▁▁▁
wandb: 
wandb: Run summary:
wandb:           best_epoch 13
wandb:    best_val_accuracy 50.9804
wandb:        best_val_loss 0.7712
wandb: checkpoint_best_path artifacts/probes/int...
wandb: checkpoint_last_path artifacts/probes/int...
wandb:      checkpoint_path artifacts/probes/int...
wandb:              dataset intphys2
wandb:      elapsed_seconds 2.96303
wandb:                epoch 100
wandb:    feature_signature 1e642fe5ac5d5e7f
wandb:                  +22 ...
wandb: 
wandb: 🚀 View run intphys2_linear_videomae_vit_huge_16_224_layer_8/trial_0006 at: https://wandb.ai/caselli-niccolo-developer-university-of-amsterdam/probe4physics/runs/64rcd43g
wandb: ⭐️ View project at: https://wandb.ai/caselli-niccolo-developer-university-of-amsterdam/probe4physics
wandb: Synced 5 W&B file(s), 0 media file(s), 0 artifact file(s) and 0 other file(s)
wandb: Find logs at: ./wandb/run-20260426_172425-64rcd43g/logs
[I 2026-04-26 17:24:29,556] Trial 6 finished with value: 5.88235294117647 and parameters: {'lr': 1.0388823104027935e-05, 'weight_decay': 0.0007812113973534924, 'batch_size': 128, 'epochs': 100}. Best is trial 4 with value: 19.607843137254903.
wandb: setting up run gf45qg7k
wandb: Tracking run with wandb version 0.26.1
wandb: Run data is saved locally in /gpfs/home3/scur0511/Probe4Physics/wandb/run-20260426_172429-gf45qg7k
wandb: Run `wandb offline` to turn off syncing.
wandb: Syncing run intphys2_linear_videomae_vit_huge_16_224_layer_8/trial_0007
wandb: ⭐️ View project at https://wandb.ai/caselli-niccolo-developer-university-of-amsterdam/probe4physics
wandb: 🚀 View run at https://wandb.ai/caselli-niccolo-developer-university-of-amsterdam/probe4physics/runs/gf45qg7k
[eval.intphys2] Starting eval | split_name=val split_dir=data/splits/intphys2 predictor_mode=from_file metadata_file=data/annotations/intphys2_metadata.csv
[eval.intphys2] Loaded split assignments | split_scenes=51 split_samples=204
[eval.intphys2] Generated predictions | n_predictions=204
[eval.intphys2] Scoring complete | accuracy=53.4314 voe_accuracy=5.8824 n_scenes=51 n_samples=204
[eval.intphys2] Artifacts written | output_dir=artifacts/probes/intphys2/intphys2_probe_linear_videomae_vit_huge_16_224_20260426T152120Z/layer_8/train/trial_0007/val_eval
wandb: updating run metadata
wandb: uploading output.log; uploading wandb-summary.json; uploading config.yaml
wandb: 
wandb: Run history:
wandb:          epoch ▁▁▁▁▁▂▂▂▂▃▃▃▃▄▄▄▄▄▄▄▄▄▄▅▅▅▅▅▅▆▆▆▆▇▇▇▇███
wandb: train_accuracy ▂▂▂▂▂▁▂▂▃▃▃▂▂▃▃▃▃▃▄▅▄▄▄▃▄▅▆▅▆▆▆▆█▄▇▆▅▇▄▆
wandb:     train_loss █▂▂▁▁▁▁▁▁▁▁▁▁▁▁▁▁▁▁▁▁▁▁▁▁▁▁▁▁▁▁▁▁▁▁▁▁▁▁▁
wandb:   val_accuracy ▅▄▂▅▄▆▂▅▅▅▁▃▅▂▂▄▅▅▃▆█▃▃▅▃▃▃▅▅▂▄▂▆▄▆▂▃▁▁▃
wandb:       val_loss ▅▄▃▃▃▁▁▂▁▁▁▁▂▂▁▂▃▂▃▃▃▃▃▃▃▃▃▄▄▅▅▅▅▆▆▇▇▇▇█
wandb: 
wandb: Run summary:
wandb:           best_epoch 427
wandb:    best_val_accuracy 53.43137
wandb:        best_val_loss 0.69928
wandb: checkpoint_best_path artifacts/probes/int...
wandb: checkpoint_last_path artifacts/probes/int...
wandb:      checkpoint_path artifacts/probes/int...
wandb:              dataset intphys2
wandb:      elapsed_seconds 31.62775
wandb:                epoch 1000
wandb:    feature_signature 1e642fe5ac5d5e7f
wandb:                  +22 ...
wandb: 
wandb: 🚀 View run intphys2_linear_videomae_vit_huge_16_224_layer_8/trial_0007 at: https://wandb.ai/caselli-niccolo-developer-university-of-amsterdam/probe4physics/runs/gf45qg7k
wandb: ⭐️ View project at: https://wandb.ai/caselli-niccolo-developer-university-of-amsterdam/probe4physics
wandb: Synced 5 W&B file(s), 0 media file(s), 0 artifact file(s) and 0 other file(s)
wandb: Find logs at: ./wandb/run-20260426_172429-gf45qg7k/logs
[I 2026-04-26 17:25:02,244] Trial 7 finished with value: 5.88235294117647 and parameters: {'lr': 8.569331925053983e-05, 'weight_decay': 8.93511059033186e-07, 'batch_size': 128, 'epochs': 1000}. Best is trial 4 with value: 19.607843137254903.
wandb: setting up run 97prd3ob
wandb: Tracking run with wandb version 0.26.1
wandb: Run data is saved locally in /gpfs/home3/scur0511/Probe4Physics/wandb/run-20260426_172502-97prd3ob
wandb: Run `wandb offline` to turn off syncing.
wandb: Syncing run intphys2_linear_videomae_vit_huge_16_224_layer_8/trial_0008
wandb: ⭐️ View project at https://wandb.ai/caselli-niccolo-developer-university-of-amsterdam/probe4physics
wandb: 🚀 View run at https://wandb.ai/caselli-niccolo-developer-university-of-amsterdam/probe4physics/runs/97prd3ob
[eval.intphys2] Starting eval | split_name=val split_dir=data/splits/intphys2 predictor_mode=from_file metadata_file=data/annotations/intphys2_metadata.csv
[eval.intphys2] Loaded split assignments | split_scenes=51 split_samples=204
[eval.intphys2] Generated predictions | n_predictions=204
[eval.intphys2] Scoring complete | accuracy=52.9412 voe_accuracy=7.8431 n_scenes=51 n_samples=204
[eval.intphys2] Artifacts written | output_dir=artifacts/probes/intphys2/intphys2_probe_linear_videomae_vit_huge_16_224_20260426T152120Z/layer_8/train/trial_0008/val_eval
wandb: updating run metadata
wandb: uploading wandb-summary.json; uploading config.yaml; uploading wandb-metadata.json; uploading requirements.txt; uploading output.log
wandb: 
wandb: Run history:
wandb:          epoch ▁▁▁▂▂▂▂▂▂▃▃▃▃▃▃▄▄▄▄▅▅▅▅▆▆▆▆▆▆▆▇▇▇▇▇▇▇███
wandb: train_accuracy ▅▂▂▂▁▂▂▄▂▄▁▂▅▃▄▃▂▃▁▅▄▄▅▂▅▆▅▃▃▅▃█▄▅▄▆▅▆█▄
wandb:     train_loss █▇▂▂▂▂▁▁▁▁▁▁▁▁▁▁▁▁▁▁▁▁▁▁▁▁▁▁▁▁▁▁▁▁▁▁▁▁▁▁
wandb:   val_accuracy ▅▃▄▄▅▅▆▃▆▄▇▃▃▅▇▅▄▅▅▅█▃▅▅▄▅▄▃▄▆▅▅▆▆▂▅▇▁▄▇
wandb:       val_loss ▆█▂▃▃▂▂▂▂▂▁▁▂▁▂▂▁▁▁▁▂▁▁▁▁▁▁▁▁▁▁▁▁▁▁▁▁▁▁▁
wandb: 
wandb: Run summary:
wandb:           best_epoch 49
wandb:    best_val_accuracy 52.94118
wandb:        best_val_loss 0.69645
wandb: checkpoint_best_path artifacts/probes/int...
wandb: checkpoint_last_path artifacts/probes/int...
wandb:      checkpoint_path artifacts/probes/int...
wandb:              dataset intphys2
wandb:      elapsed_seconds 2.82758
wandb:                epoch 100
wandb:    feature_signature 1e642fe5ac5d5e7f
wandb:                  +22 ...
wandb: 
wandb: 🚀 View run intphys2_linear_videomae_vit_huge_16_224_layer_8/trial_0008 at: https://wandb.ai/caselli-niccolo-developer-university-of-amsterdam/probe4physics/runs/97prd3ob
wandb: ⭐️ View project at: https://wandb.ai/caselli-niccolo-developer-university-of-amsterdam/probe4physics
wandb: Synced 5 W&B file(s), 0 media file(s), 0 artifact file(s) and 0 other file(s)
wandb: Find logs at: ./wandb/run-20260426_172502-97prd3ob/logs
[I 2026-04-26 17:25:06,316] Trial 8 finished with value: 7.8431372549019605 and parameters: {'lr': 0.0003699972431463808, 'weight_decay': 3.6749049453053196e-06, 'batch_size': 256, 'epochs': 100}. Best is trial 4 with value: 19.607843137254903.
wandb: setting up run 8e1z54nw
wandb: Tracking run with wandb version 0.26.1
wandb: Run data is saved locally in /gpfs/home3/scur0511/Probe4Physics/wandb/run-20260426_172506-8e1z54nw
wandb: Run `wandb offline` to turn off syncing.
wandb: Syncing run intphys2_linear_videomae_vit_huge_16_224_layer_8/trial_0009
wandb: ⭐️ View project at https://wandb.ai/caselli-niccolo-developer-university-of-amsterdam/probe4physics
wandb: 🚀 View run at https://wandb.ai/caselli-niccolo-developer-university-of-amsterdam/probe4physics/runs/8e1z54nw
wandb: updating run metadata
wandb: uploading wandb-summary.json; uploading config.yaml
wandb: 
wandb: Run history:
wandb:          epoch ▁▁▁▁▁▂▂▂▂▃▃▃▃▄▄▄▄▄▄▅▅▅▅▅▅▆▆▆▆▆▆▆▆▇▇▇▇▇▇█
wandb: train_accuracy ▂▂▁▂▃▃▄▃▂▂▁▃▂▄▄▄▅▁▅▃▂▅▅▅▅▅▇▃█▄▅▃▇▇█▇▆▆▆█
wandb:     train_loss █▂▂▂▂▂▂▁▂▁▁▁▁▁▁▁▁▁▁▁▁▁▁▁▁▁▁▁▁▁▁▁▁▁▁▁▁▁▁▁
wandb:   val_accuracy ▇█▇▇▇▇█▇▄▄▄▅▆▂▂▃▄▁▄▇▄▆▅▄▇▆▄▂▅▂▅▄▇▃▄▅▂▄▅▄
wandb:       val_loss █▆▄▄▃▃▂▂▂▂▁▁▁▁▁▁▁▁▁▁▁▁▁▁▁▁▁▁▁▁▁▁▁▁▁▁▁▁▂▁
wandb: 
wandb: Run summary:
wandb:          epoch 613
wandb: train_accuracy 53.97351
wandb:     train_loss 0.68913
wandb:   val_accuracy 49.01961
wandb:       val_loss 0.69858
wandb: 
wandb: 🚀 View run intphys2_linear_videomae_vit_huge_16_224_layer_8/trial_0009 at: https://wandb.ai/caselli-niccolo-developer-university-of-amsterdam/probe4physics/runs/8e1z54nw
wandb: ⭐️ View project at: https://wandb.ai/caselli-niccolo-developer-university-of-amsterdam/probe4physics
wandb: Synced 4 W&B file(s), 0 media file(s), 0 artifact file(s) and 0 other file(s)
wandb: Find logs at: ./wandb/run-20260426_172506-8e1z54nw/logs
[I 2026-04-26 17:25:23,833] Trial 9 pruned. Pruned at epoch 613 with val_accuracy=49.0196
wandb: setting up run v8m40jqy
wandb: Tracking run with wandb version 0.26.1
wandb: Run data is saved locally in /gpfs/home3/scur0511/Probe4Physics/wandb/run-20260426_172524-v8m40jqy
wandb: Run `wandb offline` to turn off syncing.
wandb: Syncing run intphys2_linear_videomae_vit_huge_16_224_layer_8/trial_0010
wandb: ⭐️ View project at https://wandb.ai/caselli-niccolo-developer-university-of-amsterdam/probe4physics
wandb: 🚀 View run at https://wandb.ai/caselli-niccolo-developer-university-of-amsterdam/probe4physics/runs/v8m40jqy
[eval.intphys2] Starting eval | split_name=val split_dir=data/splits/intphys2 predictor_mode=from_file metadata_file=data/annotations/intphys2_metadata.csv
[eval.intphys2] Loaded split assignments | split_scenes=51 split_samples=204
[eval.intphys2] Generated predictions | n_predictions=204
[eval.intphys2] Scoring complete | accuracy=52.4510 voe_accuracy=9.8039 n_scenes=51 n_samples=204
[eval.intphys2] Artifacts written | output_dir=artifacts/probes/intphys2/intphys2_probe_linear_videomae_vit_huge_16_224_20260426T152120Z/layer_8/train/trial_0010/val_eval
wandb: updating run metadata
wandb: uploading wandb-summary.json; uploading config.yaml; uploading wandb-metadata.json; uploading requirements.txt; uploading output.log
wandb: 
wandb: Run history:
wandb:          epoch ▁▁▁▁▂▂▂▂▂▂▃▃▃▃▃▄▄▄▄▄▅▅▅▅▅▆▆▆▆▆▆▇▇▇▇▇▇███
wandb: train_accuracy ▅▅▄▄▃▃▄▅▄▃▅▆▃▄▂▇▅▄▃▅▆▄█▅▅▆▅▆▃▅▄▆▇▆▆▅▁▆▅▇
wandb:     train_loss █▄▃▃▃▁▁▁▁▁▂▁▁▁▂▂▂▁▂▃▁▁▁▁▁▁▁▂▂▂▃▂▁▁▁▂▂▂▁▁
wandb:   val_accuracy ▄▄▄▄▄▇▁▂▂▃▅▄▄▄▅▅▅▄▄▇▅▄█▄▂▆▄▄▄▃▄▂▂▄▄▃▃▄▄▅
wandb:       val_loss █▄▂▁▁▁▁▁▁▁▁▁▁▂▃▂▁▂▁▂▁▂▁▂▁▄▂▃▃▆▁▁▂▁▂▃▂▁▁▃
wandb: 
wandb: Run summary:
wandb:           best_epoch 27
wandb:    best_val_accuracy 52.45098
wandb:        best_val_loss 0.70139
wandb: checkpoint_best_path artifacts/probes/int...
wandb: checkpoint_last_path artifacts/probes/int...
wandb:      checkpoint_path artifacts/probes/int...
wandb:              dataset intphys2
wandb:      elapsed_seconds 2.13555
wandb:                epoch 50
wandb:    feature_signature 1e642fe5ac5d5e7f
wandb:                  +22 ...
wandb: 
wandb: 🚀 View run intphys2_linear_videomae_vit_huge_16_224_layer_8/trial_0010 at: https://wandb.ai/caselli-niccolo-developer-university-of-amsterdam/probe4physics/runs/v8m40jqy
wandb: ⭐️ View project at: https://wandb.ai/caselli-niccolo-developer-university-of-amsterdam/probe4physics
wandb: Synced 5 W&B file(s), 0 media file(s), 0 artifact file(s) and 0 other file(s)
wandb: Find logs at: ./wandb/run-20260426_172524-v8m40jqy/logs
[I 2026-04-26 17:25:27,034] Trial 10 finished with value: 9.803921568627452 and parameters: {'lr': 0.002146403547714585, 'weight_decay': 4.294315419725004e-05, 'batch_size': 64, 'epochs': 50}. Best is trial 4 with value: 19.607843137254903.
wandb: setting up run tlv3p500
wandb: Tracking run with wandb version 0.26.1
wandb: Run data is saved locally in /gpfs/home3/scur0511/Probe4Physics/wandb/run-20260426_172527-tlv3p500
wandb: Run `wandb offline` to turn off syncing.
wandb: Syncing run intphys2_linear_videomae_vit_huge_16_224_layer_8/trial_0011
wandb: ⭐️ View project at https://wandb.ai/caselli-niccolo-developer-university-of-amsterdam/probe4physics
wandb: 🚀 View run at https://wandb.ai/caselli-niccolo-developer-university-of-amsterdam/probe4physics/runs/tlv3p500
[eval.intphys2] Starting eval | split_name=val split_dir=data/splits/intphys2 predictor_mode=from_file metadata_file=data/annotations/intphys2_metadata.csv
[eval.intphys2] Loaded split assignments | split_scenes=51 split_samples=204
[eval.intphys2] Generated predictions | n_predictions=204
[eval.intphys2] Scoring complete | accuracy=53.4314 voe_accuracy=17.6471 n_scenes=51 n_samples=204
[eval.intphys2] Artifacts written | output_dir=artifacts/probes/intphys2/intphys2_probe_linear_videomae_vit_huge_16_224_20260426T152120Z/layer_8/train/trial_0011/val_eval
wandb: updating run metadata
wandb: uploading output.log; uploading wandb-summary.json; uploading config.yaml
wandb: uploading config.yaml
wandb: 
wandb: Run history:
wandb:          epoch ▁▁▂▂▂▂▂▂▃▃▃▃▃▃▃▄▄▄▄▄▄▄▄▄▅▅▅▅▆▆▆▇▇▇▇▇▇███
wandb: train_accuracy ▁▂▂▁▁▃▃▃▂▃▃▄▂▃▄▄▄▄▆▄▅▅▅▅▄▆▇▇▅▇█▆█▇▇▆▆▇▇▆
wandb:     train_loss ▇▇▇▇▇█▆▆▆▆▇▆▅▆▅▆█▅█▄▄▅▄▄▄▄▃▃▄▄▃▃▂▃▃▃▂▂▁▁
wandb:   val_accuracy ▃▅▅▅█▆▅▅▆▅▅▂▅▇▇▄▅▆▄▆▅▅▂▃▂▂▁▇▇▃▅▇▄▄▄▆▅▂▃▅
wandb:       val_loss ▁▂▁▂▁▄▂▂▂▂▃▃▃▃▅▄▄▄▅▄▄▅▅▅▆▆▆▆▆▆▇▇▇▇▇▇█▇▇█
wandb: 
wandb: Run summary:
wandb:           best_epoch 3
wandb:    best_val_accuracy 53.43137
wandb:        best_val_loss 0.6981
wandb: checkpoint_best_path artifacts/probes/int...
wandb: checkpoint_last_path artifacts/probes/int...
wandb:      checkpoint_path artifacts/probes/int...
wandb:              dataset intphys2
wandb:      elapsed_seconds 112.35217
wandb:                epoch 2000
wandb:    feature_signature 1e642fe5ac5d5e7f
wandb:                  +22 ...
wandb: 
wandb: 🚀 View run intphys2_linear_videomae_vit_huge_16_224_layer_8/trial_0011 at: https://wandb.ai/caselli-niccolo-developer-university-of-amsterdam/probe4physics/runs/tlv3p500
wandb: ⭐️ View project at: https://wandb.ai/caselli-niccolo-developer-university-of-amsterdam/probe4physics
wandb: Synced 5 W&B file(s), 0 media file(s), 0 artifact file(s) and 0 other file(s)
wandb: Find logs at: ./wandb/run-20260426_172527-tlv3p500/logs
[I 2026-04-26 17:27:20,995] Trial 11 finished with value: 17.647058823529413 and parameters: {'lr': 0.0007816068490559632, 'weight_decay': 3.099069456180075e-05, 'batch_size': 32, 'epochs': 2000}. Best is trial 4 with value: 19.607843137254903.
wandb: setting up run uipqft3n
wandb: Tracking run with wandb version 0.26.1
wandb: Run data is saved locally in /gpfs/home3/scur0511/Probe4Physics/wandb/run-20260426_172721-uipqft3n
wandb: Run `wandb offline` to turn off syncing.
wandb: Syncing run intphys2_linear_videomae_vit_huge_16_224_layer_8/trial_0012
wandb: ⭐️ View project at https://wandb.ai/caselli-niccolo-developer-university-of-amsterdam/probe4physics
wandb: 🚀 View run at https://wandb.ai/caselli-niccolo-developer-university-of-amsterdam/probe4physics/runs/uipqft3n
[eval.intphys2] Starting eval | split_name=val split_dir=data/splits/intphys2 predictor_mode=from_file metadata_file=data/annotations/intphys2_metadata.csv
[eval.intphys2] Loaded split assignments | split_scenes=51 split_samples=204
[eval.intphys2] Generated predictions | n_predictions=204
[eval.intphys2] Scoring complete | accuracy=53.4314 voe_accuracy=5.8824 n_scenes=51 n_samples=204
[eval.intphys2] Artifacts written | output_dir=artifacts/probes/intphys2/intphys2_probe_linear_videomae_vit_huge_16_224_20260426T152120Z/layer_8/train/trial_0012/val_eval
wandb: updating run metadata
wandb: uploading wandb-summary.json; uploading config.yaml; uploading output.log
wandb: 
wandb: Run history:
wandb:          epoch ▁▁▁▁▁▂▂▂▂▂▂▂▃▃▃▃▃▃▃▃▃▄▄▄▄▅▅▅▆▆▇▇▇▇▇▇████
wandb: train_accuracy ▁▃▂▃▃▅▄▃▅▄▆▆▅▄▄▇▇▆▇▆▆█▅▄▇██▇▅▇▆▆▇▆▆█▇▇██
wandb:     train_loss ▇█▇▆▆▆▆▇▆▇▅▄▄▄▄▄▄▄▄▄▃▃▄▃▄▄▃▃▃▂▂▃▂▃▂▁▂▂▂▁
wandb:   val_accuracy ▄█▅▅▆▅▆▃▄▄▅▆▅▄▇▅▃▅▃▃▅▁▆▆▃▅▅▄▅▃▃▂▄▁▂▃▁▃▇▄
wandb:       val_loss ▂▁▁▃▂▂▂▂▂▂▂▃▃▃▄▄▄▄▄▄▄▅▄▅▅▅▆▇▆▆▆▇▇▇▇▇▇▇██
wandb: 
wandb: Run summary:
wandb:           best_epoch 716
wandb:    best_val_accuracy 53.43137
wandb:        best_val_loss 0.93796
wandb: checkpoint_best_path artifacts/probes/int...
wandb: checkpoint_last_path artifacts/probes/int...
wandb:      checkpoint_path artifacts/probes/int...
wandb:              dataset intphys2
wandb:      elapsed_seconds 112.59656
wandb:                epoch 2000
wandb:    feature_signature 1e642fe5ac5d5e7f
wandb:                  +22 ...
wandb: 
wandb: 🚀 View run intphys2_linear_videomae_vit_huge_16_224_layer_8/trial_0012 at: https://wandb.ai/caselli-niccolo-developer-university-of-amsterdam/probe4physics/runs/uipqft3n
wandb: ⭐️ View project at: https://wandb.ai/caselli-niccolo-developer-university-of-amsterdam/probe4physics
wandb: Synced 5 W&B file(s), 0 media file(s), 0 artifact file(s) and 0 other file(s)
wandb: Find logs at: ./wandb/run-20260426_172721-uipqft3n/logs
[I 2026-04-26 17:29:14,769] Trial 12 finished with value: 5.88235294117647 and parameters: {'lr': 0.0007597154083124768, 'weight_decay': 3.184917050289993e-05, 'batch_size': 32, 'epochs': 2000}. Best is trial 4 with value: 19.607843137254903.
wandb: setting up run v3y0u9kf
wandb: Tracking run with wandb version 0.26.1
wandb: Run data is saved locally in /gpfs/home3/scur0511/Probe4Physics/wandb/run-20260426_172915-v3y0u9kf
wandb: Run `wandb offline` to turn off syncing.
wandb: Syncing run intphys2_linear_videomae_vit_huge_16_224_layer_8/trial_0013
wandb: ⭐️ View project at https://wandb.ai/caselli-niccolo-developer-university-of-amsterdam/probe4physics
wandb: 🚀 View run at https://wandb.ai/caselli-niccolo-developer-university-of-amsterdam/probe4physics/runs/v3y0u9kf
[eval.intphys2] Starting eval | split_name=val split_dir=data/splits/intphys2 predictor_mode=from_file metadata_file=data/annotations/intphys2_metadata.csv
[eval.intphys2] Loaded split assignments | split_scenes=51 split_samples=204
[eval.intphys2] Generated predictions | n_predictions=204
[eval.intphys2] Scoring complete | accuracy=51.9608 voe_accuracy=5.8824 n_scenes=51 n_samples=204
[eval.intphys2] Artifacts written | output_dir=artifacts/probes/intphys2/intphys2_probe_linear_videomae_vit_huge_16_224_20260426T152120Z/layer_8/train/trial_0013/val_eval
wandb: updating run metadata
wandb: 
wandb: Run history:
wandb:          epoch ▁▁▂▂▂▃▃▄▄▄▅▅▅▆▆▇▇▇██
wandb: train_accuracy ▅▃▂▄▄▆▁▂▃▁▃▂▇▅▄▆█▃▅█
wandb:     train_loss █▄▁▁▂▂▃▁▁▁▂▂▂▁▁▂▂▃▁▁
wandb:   val_accuracy ▄▅▃▆▄▄▄▆▅▇▄█▅▇▃▅█▁▃▄
wandb:       val_loss █▁▂▁▃▆▂▁▂▁▂▁▁▁▁▁▁▁▁▂
wandb: 
wandb: Run summary:
wandb:           best_epoch 12
wandb:    best_val_accuracy 51.96078
wandb:        best_val_loss 0.69711
wandb: checkpoint_best_path artifacts/probes/int...
wandb: checkpoint_last_path artifacts/probes/int...
wandb:      checkpoint_path artifacts/probes/int...
wandb:              dataset intphys2
wandb:      elapsed_seconds 1.5444
wandb:                epoch 20
wandb:    feature_signature 1e642fe5ac5d5e7f
wandb:                  +22 ...
wandb: 
wandb: 🚀 View run intphys2_linear_videomae_vit_huge_16_224_layer_8/trial_0013 at: https://wandb.ai/caselli-niccolo-developer-university-of-amsterdam/probe4physics/runs/v3y0u9kf
wandb: ⭐️ View project at: https://wandb.ai/caselli-niccolo-developer-university-of-amsterdam/probe4physics
wandb: Synced 5 W&B file(s), 0 media file(s), 0 artifact file(s) and 0 other file(s)
wandb: Find logs at: ./wandb/run-20260426_172915-v3y0u9kf/logs
[I 2026-04-26 17:29:17,491] Trial 13 finished with value: 5.88235294117647 and parameters: {'lr': 0.0009367356074343362, 'weight_decay': 6.146205829100515e-06, 'batch_size': 32, 'epochs': 20}. Best is trial 4 with value: 19.607843137254903.
wandb: setting up run rykdaqsx
wandb: Tracking run with wandb version 0.26.1
wandb: Run data is saved locally in /gpfs/home3/scur0511/Probe4Physics/wandb/run-20260426_172917-rykdaqsx
wandb: Run `wandb offline` to turn off syncing.
wandb: Syncing run intphys2_linear_videomae_vit_huge_16_224_layer_8/trial_0014
wandb: ⭐️ View project at https://wandb.ai/caselli-niccolo-developer-university-of-amsterdam/probe4physics
wandb: 🚀 View run at https://wandb.ai/caselli-niccolo-developer-university-of-amsterdam/probe4physics/runs/rykdaqsx
[eval.intphys2] Starting eval | split_name=val split_dir=data/splits/intphys2 predictor_mode=from_file metadata_file=data/annotations/intphys2_metadata.csv
[eval.intphys2] Loaded split assignments | split_scenes=51 split_samples=204
[eval.intphys2] Generated predictions | n_predictions=204
[eval.intphys2] Scoring complete | accuracy=53.9216 voe_accuracy=11.7647 n_scenes=51 n_samples=204
[eval.intphys2] Artifacts written | output_dir=artifacts/probes/intphys2/intphys2_probe_linear_videomae_vit_huge_16_224_20260426T152120Z/layer_8/train/trial_0014/val_eval
wandb: updating run metadata
wandb: uploading wandb-summary.json; uploading config.yaml; uploading output.log
wandb: 
wandb: Run history:
wandb:          epoch ▁▁▁▂▂▂▂▃▃▃▃▃▄▄▄▄▄▄▄▄▅▅▆▆▆▆▆▆▆▆▇▇▇▇▇█████
wandb: train_accuracy ▁▂▁▂▃▂▂▃▃▄▄▄▃▅▆▃▆▆▇▂▅▆▆▄▇▄▄█▇▇▆▅▇▆▄█▇▇▇▇
wandb:     train_loss █▄▅▄▃▃▃▃▃▃▄▂▃▃▄▂▄▂▄▂▃▄▂▂▂▂▂▂▂▁▃▁▁▂▄▃▂▅▂▁
wandb:   val_accuracy ▂▄▃▆▄▃▃▅▆▅▄▆▄▄▅▄▅▁▅█▇▃▃▆▇▅▃▃▅▃▃▅▆▇▅▅▃▄▂▄
wandb:       val_loss ▁▁▃▃▁▂▂▅▃▃▅▃▄▃▄▅▅▅▄▅▅▅▅▅▅▆▆▆▆▆▇▇▇▇██████
wandb: 
wandb: Run summary:
wandb:           best_epoch 502
wandb:    best_val_accuracy 53.92157
wandb:        best_val_loss 1.29572
wandb: checkpoint_best_path artifacts/probes/int...
wandb: checkpoint_last_path artifacts/probes/int...
wandb:      checkpoint_path artifacts/probes/int...
wandb:              dataset intphys2
wandb:      elapsed_seconds 101.22184
wandb:                epoch 2000
wandb:    feature_signature 1e642fe5ac5d5e7f
wandb:                  +22 ...
wandb: 
wandb: 🚀 View run intphys2_linear_videomae_vit_huge_16_224_layer_8/trial_0014 at: https://wandb.ai/caselli-niccolo-developer-university-of-amsterdam/probe4physics/runs/rykdaqsx
wandb: ⭐️ View project at: https://wandb.ai/caselli-niccolo-developer-university-of-amsterdam/probe4physics
wandb: Synced 5 W&B file(s), 0 media file(s), 0 artifact file(s) and 0 other file(s)
wandb: Find logs at: ./wandb/run-20260426_172917-rykdaqsx/logs
[I 2026-04-26 17:30:59,746] Trial 14 finished with value: 11.76470588235294 and parameters: {'lr': 0.008454333676288197, 'weight_decay': 0.00010260659962924189, 'batch_size': 64, 'epochs': 2000}. Best is trial 4 with value: 19.607843137254903.
wandb: setting up run d5eutgw7
wandb: Tracking run with wandb version 0.26.1
wandb: Run data is saved locally in /gpfs/home3/scur0511/Probe4Physics/wandb/run-20260426_173100-d5eutgw7
wandb: Run `wandb offline` to turn off syncing.
wandb: Syncing run intphys2_linear_videomae_vit_huge_16_224_layer_8/trial_0015
wandb: ⭐️ View project at https://wandb.ai/caselli-niccolo-developer-university-of-amsterdam/probe4physics
wandb: 🚀 View run at https://wandb.ai/caselli-niccolo-developer-university-of-amsterdam/probe4physics/runs/d5eutgw7
[eval.intphys2] Starting eval | split_name=val split_dir=data/splits/intphys2 predictor_mode=from_file metadata_file=data/annotations/intphys2_metadata.csv
[eval.intphys2] Loaded split assignments | split_scenes=51 split_samples=204
[eval.intphys2] Generated predictions | n_predictions=204
[eval.intphys2] Scoring complete | accuracy=50.9804 voe_accuracy=9.8039 n_scenes=51 n_samples=204
[eval.intphys2] Artifacts written | output_dir=artifacts/probes/intphys2/intphys2_probe_linear_videomae_vit_huge_16_224_20260426T152120Z/layer_8/train/trial_0015/val_eval
wandb: updating run metadata
wandb: uploading wandb-metadata.json; uploading requirements.txt; uploading output.log; uploading wandb-summary.json; uploading config.yaml
wandb: 
wandb: Run history:
wandb:          epoch ▁▁▁▁▂▂▂▂▂▃▃▃▃▃▃▄▄▄▄▄▅▅▅▅▅▅▆▆▆▆▆▇▇▇▇▇▇███
wandb: train_accuracy ▅▂▃▃▇▃▂▃▁▂▃▅▄▃▇▃█▅▁▆▄▅▂▁▄█▇▄▅█▆▂▄▆▅▇▃▇▄▂
wandb:     train_loss █▃▂▂▂▂▂▁▂▂▁▂▂▂▂▁▂▁▂▁▁▂▁▁▁▂▁▂▂▁▂▁▂▂▁▂▂▃▁▁
wandb:   val_accuracy ▄▆▁█▆▆█▃█▇▆▆▆▆▆█▆▂▇▁▂▆▇▆▆▆▆▁▆▆█▄▄▄▂▇▄▂▂▆
wandb:       val_loss ▃▆▂▁▆▁▁▂▁▁▃▂▄█▄▇▁▂▁▁▄▃▂▁▃▄▁▄▃▅▃▃▃▂▁▅▃▁▂▆
wandb: 
wandb: Run summary:
wandb:           best_epoch 10
wandb:    best_val_accuracy 50.9804
wandb:        best_val_loss 0.69638
wandb: checkpoint_best_path artifacts/probes/int...
wandb: checkpoint_last_path artifacts/probes/int...
wandb:      checkpoint_path artifacts/probes/int...
wandb:              dataset intphys2
wandb:      elapsed_seconds 2.60669
wandb:                epoch 50
wandb:    feature_signature 1e642fe5ac5d5e7f
wandb:                  +22 ...
wandb: 
wandb: 🚀 View run intphys2_linear_videomae_vit_huge_16_224_layer_8/trial_0015 at: https://wandb.ai/caselli-niccolo-developer-university-of-amsterdam/probe4physics/runs/d5eutgw7
wandb: ⭐️ View project at: https://wandb.ai/caselli-niccolo-developer-university-of-amsterdam/probe4physics
wandb: Synced 5 W&B file(s), 0 media file(s), 0 artifact file(s) and 0 other file(s)
wandb: Find logs at: ./wandb/run-20260426_173100-d5eutgw7/logs
[I 2026-04-26 17:31:03,692] Trial 15 finished with value: 9.803921568627452 and parameters: {'lr': 0.0006679487815571237, 'weight_decay': 1.7846873180204747e-06, 'batch_size': 32, 'epochs': 50}. Best is trial 4 with value: 19.607843137254903.
wandb: setting up run 1asgjeje
wandb: Tracking run with wandb version 0.26.1
wandb: Run data is saved locally in /gpfs/home3/scur0511/Probe4Physics/wandb/run-20260426_173103-1asgjeje
wandb: Run `wandb offline` to turn off syncing.
wandb: Syncing run intphys2_linear_videomae_vit_huge_16_224_layer_8/trial_0016
wandb: ⭐️ View project at https://wandb.ai/caselli-niccolo-developer-university-of-amsterdam/probe4physics
wandb: 🚀 View run at https://wandb.ai/caselli-niccolo-developer-university-of-amsterdam/probe4physics/runs/1asgjeje
[eval.intphys2] Starting eval | split_name=val split_dir=data/splits/intphys2 predictor_mode=from_file metadata_file=data/annotations/intphys2_metadata.csv
[eval.intphys2] Loaded split assignments | split_scenes=51 split_samples=204
[eval.intphys2] Generated predictions | n_predictions=204
[eval.intphys2] Scoring complete | accuracy=50.9804 voe_accuracy=3.9216 n_scenes=51 n_samples=204
[eval.intphys2] Artifacts written | output_dir=artifacts/probes/intphys2/intphys2_probe_linear_videomae_vit_huge_16_224_20260426T152120Z/layer_8/train/trial_0016/val_eval
wandb: updating run metadata
wandb: uploading wandb-summary.json; uploading config.yaml; uploading wandb-metadata.json; uploading requirements.txt; uploading output.log
wandb: uploading config.yaml
wandb: 
wandb: Run history:
wandb:          epoch ▁▁▂▂▂▃▃▄▄▄▅▅▅▆▆▇▇▇██
wandb: train_accuracy ▃▇▇▃▅▆▅▅▃▅▃▅▃▆▄▆█▁▄▅
wandb:     train_loss █▅▅▂▃▄▅▆▄▃▅▂▃▁▂▄▁▂▄▃
wandb:   val_accuracy ▇▅▇▄▂▅▇▅▁▇▇▅▅█▄▅██▄▇
wandb:       val_loss ▁█▁▂▂▁▂▃▁▂▁▂▂▁▁▃▁▁▂▂
wandb: 
wandb: Run summary:
wandb:           best_epoch 14
wandb:    best_val_accuracy 50.9804
wandb:        best_val_loss 0.70902
wandb: checkpoint_best_path artifacts/probes/int...
wandb: checkpoint_last_path artifacts/probes/int...
wandb:      checkpoint_path artifacts/probes/int...
wandb:              dataset intphys2
wandb:      elapsed_seconds 1.49121
wandb:                epoch 20
wandb:    feature_signature 1e642fe5ac5d5e7f
wandb:                  +22 ...
wandb: 
wandb: 🚀 View run intphys2_linear_videomae_vit_huge_16_224_layer_8/trial_0016 at: https://wandb.ai/caselli-niccolo-developer-university-of-amsterdam/probe4physics/runs/1asgjeje
wandb: ⭐️ View project at: https://wandb.ai/caselli-niccolo-developer-university-of-amsterdam/probe4physics
wandb: Synced 5 W&B file(s), 0 media file(s), 0 artifact file(s) and 0 other file(s)
wandb: Find logs at: ./wandb/run-20260426_173103-1asgjeje/logs
[I 2026-04-26 17:31:06,608] Trial 16 finished with value: 3.9215686274509802 and parameters: {'lr': 0.002069055008696335, 'weight_decay': 9.805919664538719e-08, 'batch_size': 32, 'epochs': 20}. Best is trial 4 with value: 19.607843137254903.
wandb: setting up run bb3gyo8a
wandb: Tracking run with wandb version 0.26.1
wandb: Run data is saved locally in /gpfs/home3/scur0511/Probe4Physics/wandb/run-20260426_173106-bb3gyo8a
wandb: Run `wandb offline` to turn off syncing.
wandb: Syncing run intphys2_linear_videomae_vit_huge_16_224_layer_8/trial_0017
wandb: ⭐️ View project at https://wandb.ai/caselli-niccolo-developer-university-of-amsterdam/probe4physics
wandb: 🚀 View run at https://wandb.ai/caselli-niccolo-developer-university-of-amsterdam/probe4physics/runs/bb3gyo8a
[eval.intphys2] Starting eval | split_name=val split_dir=data/splits/intphys2 predictor_mode=from_file metadata_file=data/annotations/intphys2_metadata.csv
[eval.intphys2] Loaded split assignments | split_scenes=51 split_samples=204
[eval.intphys2] Generated predictions | n_predictions=204
[eval.intphys2] Scoring complete | accuracy=52.4510 voe_accuracy=7.8431 n_scenes=51 n_samples=204
[eval.intphys2] Artifacts written | output_dir=artifacts/probes/intphys2/intphys2_probe_linear_videomae_vit_huge_16_224_20260426T152120Z/layer_8/train/trial_0017/val_eval
wandb: updating run metadata
wandb: uploading output.log; uploading wandb-summary.json; uploading config.yaml
wandb: 
wandb: Run history:
wandb:          epoch ▁▁▁▁▁▁▂▂▂▂▂▃▃▃▃▃▃▃▃▃▃▄▄▄▄▄▄▄▅▅▅▅▆▆▆▇▇▇▇█
wandb: train_accuracy ▃▃▂▂▂▃▂▃▁▄▄▄▅▄▂▃▃▄▄▄▄▆▄▃▅▄▆▃▄▅▇▅▆▆▂▇▆███
wandb:     train_loss █▅▄▃▂▂▂▂▂▂▂▂▂▂▂▂▂▁▂▁▁▁▁▁▁▁▁▁▂▁▁▁▁▁▁▂▁▁▁▁
wandb:   val_accuracy ▇▇▄▁▅▄▇▅▄▄▄▂▁▇▃█▇▄▇▂▄▆▇█▂▄▂▄▅▁▄▃▄▄▄▁▃▅▃▆
wandb:       val_loss █▂▂▂▂▁▁▁▁▁▁▁▁▁▁▁▁▁▁▁▁▁▁▁▁▁▁▁▁▁▁▁▁▁▁▁▁▁▁▁
wandb: 
wandb: Run summary:
wandb:           best_epoch 15
wandb:    best_val_accuracy 52.45098
wandb:        best_val_loss 0.71023
wandb: checkpoint_best_path artifacts/probes/int...
wandb: checkpoint_last_path artifacts/probes/int...
wandb:      checkpoint_path artifacts/probes/int...
wandb:              dataset intphys2
wandb:      elapsed_seconds 17.30934
wandb:                epoch 500
wandb:    feature_signature 1e642fe5ac5d5e7f
wandb:                  +22 ...
wandb: 
wandb: 🚀 View run intphys2_linear_videomae_vit_huge_16_224_layer_8/trial_0017 at: https://wandb.ai/caselli-niccolo-developer-university-of-amsterdam/probe4physics/runs/bb3gyo8a
wandb: ⭐️ View project at: https://wandb.ai/caselli-niccolo-developer-university-of-amsterdam/probe4physics
wandb: Synced 5 W&B file(s), 0 media file(s), 0 artifact file(s) and 0 other file(s)
wandb: Find logs at: ./wandb/run-20260426_173106-bb3gyo8a/logs
[I 2026-04-26 17:31:24,979] Trial 17 finished with value: 7.8431372549019605 and parameters: {'lr': 3.262959590866127e-05, 'weight_decay': 1.0467953998903433e-08, 'batch_size': 32, 'epochs': 500}. Best is trial 4 with value: 19.607843137254903.
wandb: setting up run z8sr9igi
wandb: Tracking run with wandb version 0.26.1
wandb: Run data is saved locally in /gpfs/home3/scur0511/Probe4Physics/wandb/run-20260426_173125-z8sr9igi
wandb: Run `wandb offline` to turn off syncing.
wandb: Syncing run intphys2_linear_videomae_vit_huge_16_224_layer_8/trial_0018
wandb: ⭐️ View project at https://wandb.ai/caselli-niccolo-developer-university-of-amsterdam/probe4physics
wandb: 🚀 View run at https://wandb.ai/caselli-niccolo-developer-university-of-amsterdam/probe4physics/runs/z8sr9igi
[eval.intphys2] Starting eval | split_name=val split_dir=data/splits/intphys2 predictor_mode=from_file metadata_file=data/annotations/intphys2_metadata.csv
[eval.intphys2] Loaded split assignments | split_scenes=51 split_samples=204
[eval.intphys2] Generated predictions | n_predictions=204
[eval.intphys2] Scoring complete | accuracy=52.4510 voe_accuracy=7.8431 n_scenes=51 n_samples=204
[eval.intphys2] Artifacts written | output_dir=artifacts/probes/intphys2/intphys2_probe_linear_videomae_vit_huge_16_224_20260426T152120Z/layer_8/train/trial_0018/val_eval
wandb: updating run metadata
wandb: uploading output.log; uploading wandb-summary.json; uploading config.yaml
wandb: 
wandb: Run history:
wandb:          epoch ▁▂▂▂▂▂▂▃▃▃▄▄▄▄▄▄▄▅▅▅▅▅▅▅▆▆▆▆▆▆▆▇▇▇▇▇▇███
wandb: train_accuracy ▁▂▃▁▂▂▄▃▃▄▂▅▂▄▅▄▄▄▄▄▄▇▅▆▅▄▇█▆▄▅▆▇▄▅▆█▇▇▄
wandb:     train_loss ▇▆▆▆▅█▆▆▆▅▅▆▅▅▄▄▄▄▃▃▃▃▄▄▃▃▃▂▂▂▂▃▄▂▂▁▁▂▁▂
wandb:   val_accuracy ▇▇▇▅▇▅▅▇▇▅▅█▂▇▃▇▄▄▇▅▄▃▅▆▄▃██▃▃▇▄█▁▄▃▇▂▆▅
wandb:       val_loss ▁▂▁▂▁▂▃▂▂▂▂▂▃▃▃▃▃▄▃▃▄▄▅▇▅▆▆▆▆▆▆▆▆▆▇▇▇▇██
wandb: 
wandb: Run summary:
wandb:           best_epoch 129
wandb:    best_val_accuracy 52.45098
wandb:        best_val_loss 0.70068
wandb: checkpoint_best_path artifacts/probes/int...
wandb: checkpoint_last_path artifacts/probes/int...
wandb:      checkpoint_path artifacts/probes/int...
wandb:              dataset intphys2
wandb:      elapsed_seconds 101.54734
wandb:                epoch 2000
wandb:    feature_signature 1e642fe5ac5d5e7f
wandb:                  +22 ...
wandb: 
wandb: 🚀 View run intphys2_linear_videomae_vit_huge_16_224_layer_8/trial_0018 at: https://wandb.ai/caselli-niccolo-developer-university-of-amsterdam/probe4physics/runs/z8sr9igi
wandb: ⭐️ View project at: https://wandb.ai/caselli-niccolo-developer-university-of-amsterdam/probe4physics
wandb: Synced 5 W&B file(s), 0 media file(s), 0 artifact file(s) and 0 other file(s)
wandb: Find logs at: ./wandb/run-20260426_173125-z8sr9igi/logs
[I 2026-04-26 17:33:07,589] Trial 18 finished with value: 7.8431372549019605 and parameters: {'lr': 0.00043481720337933794, 'weight_decay': 1.754578034405743e-05, 'batch_size': 64, 'epochs': 2000}. Best is trial 4 with value: 19.607843137254903.
wandb: setting up run 6fs283dd
wandb: Tracking run with wandb version 0.26.1
wandb: Run data is saved locally in /gpfs/home3/scur0511/Probe4Physics/wandb/run-20260426_173307-6fs283dd
wandb: Run `wandb offline` to turn off syncing.
wandb: Syncing run intphys2_linear_videomae_vit_huge_16_224_layer_8/trial_0019
wandb: ⭐️ View project at https://wandb.ai/caselli-niccolo-developer-university-of-amsterdam/probe4physics
wandb: 🚀 View run at https://wandb.ai/caselli-niccolo-developer-university-of-amsterdam/probe4physics/runs/6fs283dd
[eval.intphys2] Starting eval | split_name=val split_dir=data/splits/intphys2 predictor_mode=from_file metadata_file=data/annotations/intphys2_metadata.csv
[eval.intphys2] Loaded split assignments | split_scenes=51 split_samples=204
[eval.intphys2] Generated predictions | n_predictions=204
[eval.intphys2] Scoring complete | accuracy=51.9608 voe_accuracy=3.9216 n_scenes=51 n_samples=204
[eval.intphys2] Artifacts written | output_dir=artifacts/probes/intphys2/intphys2_probe_linear_videomae_vit_huge_16_224_20260426T152120Z/layer_8/train/trial_0019/val_eval
wandb: updating run metadata
wandb: uploading wandb-metadata.json; uploading requirements.txt; uploading output.log; uploading wandb-summary.json; uploading config.yaml
wandb: 
wandb: Run history:
wandb:          epoch ▁▁▁▁▂▂▂▂▂▂▃▃▃▃▃▄▄▄▄▄▄▅▅▅▅▅▆▆▆▆▆▆▇▇▇▇▇███
wandb: train_accuracy ▃▁▅▄▄▄▇▄▄▄▄▄▄▃▄▄▄▄▄▄▄▁▄▆▆▄▆▆▆▆▅▅▆▄▄▃▄█▃▅
wandb:     train_loss █▆▄▄▃▂▂▁▁▁▁▁▁▁▁▁▁▁▁▁▁▁▁▁▁▁▁▁▁▁▁▁▁▁▁▁▁▁▁▁
wandb:   val_accuracy ▅▅▅▅▅▃▅▅▅▅▅▅▆▅▅▅▄▆▆▅▅▅▄▇▅▂▅▅▄▃▆▅▄▁▂▅▅▃█▆
wandb:       val_loss ▃█▅▁▄▁▁▁▂▂▁▁▁▁▁▁▁▁▁▁▁▁▁▁▁▁▁▁▁▁▁▁▁▁▁▁▁▁▁▁
wandb: 
wandb: Run summary:
wandb:           best_epoch 48
wandb:    best_val_accuracy 51.96078
wandb:        best_val_loss 0.70802
wandb: checkpoint_best_path artifacts/probes/int...
wandb: checkpoint_last_path artifacts/probes/int...
wandb:      checkpoint_path artifacts/probes/int...
wandb:              dataset intphys2
wandb:      elapsed_seconds 1.85988
wandb:                epoch 50
wandb:    feature_signature 1e642fe5ac5d5e7f
wandb:                  +22 ...
wandb: 
wandb: 🚀 View run intphys2_linear_videomae_vit_huge_16_224_layer_8/trial_0019 at: https://wandb.ai/caselli-niccolo-developer-university-of-amsterdam/probe4physics/runs/6fs283dd
wandb: ⭐️ View project at: https://wandb.ai/caselli-niccolo-developer-university-of-amsterdam/probe4physics
wandb: Synced 5 W&B file(s), 0 media file(s), 0 artifact file(s) and 0 other file(s)
wandb: Find logs at: ./wandb/run-20260426_173307-6fs283dd/logs
[I 2026-04-26 17:33:10,453] Trial 19 finished with value: 3.9215686274509802 and parameters: {'lr': 0.0066069414418210405, 'weight_decay': 0.00019990210879948265, 'batch_size': 256, 'epochs': 50}. Best is trial 4 with value: 19.607843137254903.
[eval.intphys2] Starting eval | split_name=train split_dir=data/splits/intphys2 predictor_mode=from_file metadata_file=data/annotations/intphys2_metadata.csv
[eval.intphys2] Loaded split assignments | split_scenes=151 split_samples=604
[eval.intphys2] Generated predictions | n_predictions=604
[eval.intphys2] Scoring complete | accuracy=48.0132 voe_accuracy=15.8940 n_scenes=151 n_samples=604
[eval.intphys2] Artifacts written | output_dir=artifacts/probes/intphys2/intphys2_probe_linear_videomae_vit_huge_16_224_20260426T152120Z/layer_8/eval/train
[eval.intphys2] Starting eval | split_name=val split_dir=data/splits/intphys2 predictor_mode=from_file metadata_file=data/annotations/intphys2_metadata.csv
[eval.intphys2] Loaded split assignments | split_scenes=51 split_samples=204
[eval.intphys2] Generated predictions | n_predictions=204
[eval.intphys2] Scoring complete | accuracy=52.4510 voe_accuracy=19.6078 n_scenes=51 n_samples=204
[eval.intphys2] Artifacts written | output_dir=artifacts/probes/intphys2/intphys2_probe_linear_videomae_vit_huge_16_224_20260426T152120Z/layer_8/eval/val
[eval.intphys2] Starting eval | split_name=test split_dir=data/splits/intphys2 predictor_mode=from_file metadata_file=data/annotations/intphys2_metadata.csv
[eval.intphys2] Loaded split assignments | split_scenes=51 split_samples=204
[eval.intphys2] Generated predictions | n_predictions=204
[eval.intphys2] Scoring complete | accuracy=50.0000 voe_accuracy=13.7255 n_scenes=51 n_samples=204
[eval.intphys2] Artifacts written | output_dir=artifacts/probes/intphys2/intphys2_probe_linear_videomae_vit_huge_16_224_20260426T152120Z/layer_8/eval/test
[I 2026-04-26 17:33:10,815] A new study created in RDB with name: intphys2_linear_videomae_vit_huge_16_224_layer_16
wandb: setting up run 9te6i6y4
wandb: Tracking run with wandb version 0.26.1
wandb: Run data is saved locally in /gpfs/home3/scur0511/Probe4Physics/wandb/run-20260426_173311-9te6i6y4
wandb: Run `wandb offline` to turn off syncing.
wandb: Syncing run intphys2_linear_videomae_vit_huge_16_224_layer_16/trial_0000
wandb: ⭐️ View project at https://wandb.ai/caselli-niccolo-developer-university-of-amsterdam/probe4physics
wandb: 🚀 View run at https://wandb.ai/caselli-niccolo-developer-university-of-amsterdam/probe4physics/runs/9te6i6y4
[eval.intphys2] Starting eval | split_name=val split_dir=data/splits/intphys2 predictor_mode=from_file metadata_file=data/annotations/intphys2_metadata.csv
[eval.intphys2] Loaded split assignments | split_scenes=51 split_samples=204
[eval.intphys2] Generated predictions | n_predictions=204
[eval.intphys2] Scoring complete | accuracy=60.7843 voe_accuracy=41.1765 n_scenes=51 n_samples=204
[eval.intphys2] Artifacts written | output_dir=artifacts/probes/intphys2/intphys2_probe_linear_videomae_vit_huge_16_224_20260426T152120Z/layer_16/train/trial_0000/val_eval
wandb: updating run metadata
wandb: uploading output.log; uploading wandb-summary.json; uploading config.yaml
wandb: 
wandb: Run history:
wandb:          epoch ▁▁▁▁▁▂▂▂▂▂▂▃▃▃▃▄▄▄▄▄▅▅▅▅▅▅▅▅▅▆▆▆▇▇▇▇▇▇██
wandb: train_accuracy ▁▂▃▂▃▄▄▄▃▄▄▆▅▄▆▅▆▆▆▆▆▆▇▆▆▆▇▇▇▇▆███▇▇▇███
wandb:     train_loss █▇▇█▇▇▇▇▆▇▆▆▆▆▆▅▅▅▅▄▄▄▃▃▂▂▃▂▃▂▂▂▂▂▂▁▁▂▃▁
wandb:   val_accuracy ▁▄▃▆█▄▄▇▅▅▄▅▇█▆▄▆▆▆▆▅▄▆▆▆▆▄▅▆▇▅▆▇▆▆▆▅▅▇▆
wandb:       val_loss ▁▁▂▁▁▂▃▁▁▂▂▂▂▂▂▃▃▃▃▃▄▄▄▄▄▄▄▅▅▅▆▆▆▇▇▇▇███
wandb: 
wandb: Run summary:
wandb:           best_epoch 290
wandb:    best_val_accuracy 60.78432
wandb:        best_val_loss 0.69521
wandb: checkpoint_best_path artifacts/probes/int...
wandb: checkpoint_last_path artifacts/probes/int...
wandb:      checkpoint_path artifacts/probes/int...
wandb:              dataset intphys2
wandb:      elapsed_seconds 111.3872
wandb:                epoch 2000
wandb:    feature_signature 1e642fe5ac5d5e7f
wandb:                  +22 ...
wandb: 
wandb: 🚀 View run intphys2_linear_videomae_vit_huge_16_224_layer_16/trial_0000 at: https://wandb.ai/caselli-niccolo-developer-university-of-amsterdam/probe4physics/runs/9te6i6y4
wandb: ⭐️ View project at: https://wandb.ai/caselli-niccolo-developer-university-of-amsterdam/probe4physics
wandb: Synced 5 W&B file(s), 0 media file(s), 0 artifact file(s) and 0 other file(s)
wandb: Find logs at: ./wandb/run-20260426_173311-9te6i6y4/logs
[I 2026-04-26 17:35:03,285] Trial 0 finished with value: 41.17647058823529 and parameters: {'lr': 0.0001329291894316216, 'weight_decay': 0.005061576888752304, 'batch_size': 32, 'epochs': 2000}. Best is trial 0 with value: 41.17647058823529.
wandb: setting up run vj7dmot7
wandb: Tracking run with wandb version 0.26.1
wandb: Run data is saved locally in /gpfs/home3/scur0511/Probe4Physics/wandb/run-20260426_173503-vj7dmot7
wandb: Run `wandb offline` to turn off syncing.
wandb: Syncing run intphys2_linear_videomae_vit_huge_16_224_layer_16/trial_0001
wandb: ⭐️ View project at https://wandb.ai/caselli-niccolo-developer-university-of-amsterdam/probe4physics
wandb: 🚀 View run at https://wandb.ai/caselli-niccolo-developer-university-of-amsterdam/probe4physics/runs/vj7dmot7
[eval.intphys2] Starting eval | split_name=val split_dir=data/splits/intphys2 predictor_mode=from_file metadata_file=data/annotations/intphys2_metadata.csv
[eval.intphys2] Loaded split assignments | split_scenes=51 split_samples=204
[eval.intphys2] Generated predictions | n_predictions=204
[eval.intphys2] Scoring complete | accuracy=53.9216 voe_accuracy=17.6471 n_scenes=51 n_samples=204
[eval.intphys2] Artifacts written | output_dir=artifacts/probes/intphys2/intphys2_probe_linear_videomae_vit_huge_16_224_20260426T152120Z/layer_16/train/trial_0001/val_eval
wandb: updating run metadata
wandb: uploading wandb-metadata.json; uploading requirements.txt; uploading output.log; uploading wandb-summary.json; uploading config.yaml
wandb: uploading history steps 0-99, summary, console lines 0-4
wandb: 
wandb: Run history:
wandb:          epoch ▁▁▁▂▂▂▂▂▂▃▃▃▃▃▃▄▄▄▄▄▄▅▅▅▅▅▅▅▆▆▆▆▆▇▇▇▇▇▇█
wandb: train_accuracy ▁▁▃▂▁▂▂▂▅▃▄▃▃▃▄▄▅▂▂▃▂▄▄▆▆▅▅▅▆▄▅██▆▅▆▂▆▃▄
wandb:     train_loss █▆▂▁▁▁▁▁▁▁▁▁▁▁▁▁▁▁▁▁▁▁▁▁▁▁▁▁▁▁▁▁▁▁▁▁▁▁▂▂
wandb:   val_accuracy ▂▁▂▂▂▃█▂▃▁▄▅▃▃▂▂▂▅▃▄▂▃▅▄▄▃▂▅▂▄██▇▃▃▁▁▂▂▁
wandb:       val_loss ▁█▂▂▁▁▁▁▁▁▁▁▁▁▁▁▁▁▁▁▁▂▂▂▂▁▁▁▁▁▁▁▁▁▁▁▁▁▁▃
wandb: 
wandb: Run summary:
wandb:           best_epoch 24
wandb:    best_val_accuracy 53.92157
wandb:        best_val_loss 0.69833
wandb: checkpoint_best_path artifacts/probes/int...
wandb: checkpoint_last_path artifacts/probes/int...
wandb:      checkpoint_path artifacts/probes/int...
wandb:              dataset intphys2
wandb:      elapsed_seconds 2.75158
wandb:                epoch 100
wandb:    feature_signature 1e642fe5ac5d5e7f
wandb:                  +22 ...
wandb: 
wandb: 🚀 View run intphys2_linear_videomae_vit_huge_16_224_layer_16/trial_0001 at: https://wandb.ai/caselli-niccolo-developer-university-of-amsterdam/probe4physics/runs/vj7dmot7
wandb: ⭐️ View project at: https://wandb.ai/caselli-niccolo-developer-university-of-amsterdam/probe4physics
wandb: Synced 5 W&B file(s), 0 media file(s), 0 artifact file(s) and 0 other file(s)
wandb: Find logs at: ./wandb/run-20260426_173503-vj7dmot7/logs
[I 2026-04-26 17:35:07,919] Trial 1 finished with value: 17.647058823529413 and parameters: {'lr': 0.00314288089084011, 'weight_decay': 1.879466824163843e-07, 'batch_size': 256, 'epochs': 100}. Best is trial 0 with value: 41.17647058823529.
wandb: setting up run p68kqwq8
wandb: Tracking run with wandb version 0.26.1
wandb: Run data is saved locally in /gpfs/home3/scur0511/Probe4Physics/wandb/run-20260426_173508-p68kqwq8
wandb: Run `wandb offline` to turn off syncing.
wandb: Syncing run intphys2_linear_videomae_vit_huge_16_224_layer_16/trial_0002
wandb: ⭐️ View project at https://wandb.ai/caselli-niccolo-developer-university-of-amsterdam/probe4physics
wandb: 🚀 View run at https://wandb.ai/caselli-niccolo-developer-university-of-amsterdam/probe4physics/runs/p68kqwq8
[eval.intphys2] Starting eval | split_name=val split_dir=data/splits/intphys2 predictor_mode=from_file metadata_file=data/annotations/intphys2_metadata.csv
[eval.intphys2] Loaded split assignments | split_scenes=51 split_samples=204
[eval.intphys2] Generated predictions | n_predictions=204
[eval.intphys2] Scoring complete | accuracy=58.3333 voe_accuracy=31.3725 n_scenes=51 n_samples=204
[eval.intphys2] Artifacts written | output_dir=artifacts/probes/intphys2/intphys2_probe_linear_videomae_vit_huge_16_224_20260426T152120Z/layer_16/train/trial_0002/val_eval
wandb: updating run metadata
wandb: uploading output.log; uploading wandb-summary.json; uploading config.yaml
wandb: 
wandb: Run history:
wandb:          epoch ▁▁▁▁▁▂▂▂▂▂▂▃▃▃▃▃▃▃▄▄▄▄▄▅▅▅▅▅▅▆▆▆▇▇▇█████
wandb: train_accuracy ▁▁▂▂▂▂▃▄▄▄▅▄▄▅▄▅▇▆▆▆▆▇▆▇▇▇█▇▇▆█▆█▇█▇████
wandb:     train_loss █▇█▇▇▆▆▆▆▆▅▅▅▅▅▄▄▄▄▃▃▃▃▃▃▂▂▂▂▂▂▂▂▁▁▁▁▁▁▁
wandb:   val_accuracy ▃▁▃▅▇▁▆▇▅▆▇▃▃▆▇▃▄▇▇▆▇▇▇▇▇▆▄█▇▇▇▆▅▆▆▇▇▆▄▇
wandb:       val_loss ▃▂▁▁▁▁▁▁▁▁▁▁▁▁▂▂▂▂▂▂▂▂▂▂▂▂▂▃▄▃▅▅▅▅▆▆▇███
wandb: 
wandb: Run summary:
wandb:           best_epoch 895
wandb:    best_val_accuracy 58.33333
wandb:        best_val_loss 0.72316
wandb: checkpoint_best_path artifacts/probes/int...
wandb: checkpoint_last_path artifacts/probes/int...
wandb:      checkpoint_path artifacts/probes/int...
wandb:              dataset intphys2
wandb:      elapsed_seconds 31.42036
wandb:                epoch 1000
wandb:    feature_signature 1e642fe5ac5d5e7f
wandb:                  +22 ...
wandb: 
wandb: 🚀 View run intphys2_linear_videomae_vit_huge_16_224_layer_16/trial_0002 at: https://wandb.ai/caselli-niccolo-developer-university-of-amsterdam/probe4physics/runs/p68kqwq8
wandb: ⭐️ View project at: https://wandb.ai/caselli-niccolo-developer-university-of-amsterdam/probe4physics
wandb: Synced 5 W&B file(s), 0 media file(s), 0 artifact file(s) and 0 other file(s)
wandb: Find logs at: ./wandb/run-20260426_173508-p68kqwq8/logs
[I 2026-04-26 17:35:40,364] Trial 2 finished with value: 31.372549019607842 and parameters: {'lr': 0.00023345864076016249, 'weight_decay': 0.0005141096648805752, 'batch_size': 128, 'epochs': 1000}. Best is trial 0 with value: 41.17647058823529.
wandb: setting up run emoepqid
wandb: Tracking run with wandb version 0.26.1
wandb: Run data is saved locally in /gpfs/home3/scur0511/Probe4Physics/wandb/run-20260426_173540-emoepqid
wandb: Run `wandb offline` to turn off syncing.
wandb: Syncing run intphys2_linear_videomae_vit_huge_16_224_layer_16/trial_0003
wandb: ⭐️ View project at https://wandb.ai/caselli-niccolo-developer-university-of-amsterdam/probe4physics
wandb: 🚀 View run at https://wandb.ai/caselli-niccolo-developer-university-of-amsterdam/probe4physics/runs/emoepqid
[eval.intphys2] Starting eval | split_name=val split_dir=data/splits/intphys2 predictor_mode=from_file metadata_file=data/annotations/intphys2_metadata.csv
[eval.intphys2] Loaded split assignments | split_scenes=51 split_samples=204
[eval.intphys2] Generated predictions | n_predictions=204
[eval.intphys2] Scoring complete | accuracy=51.9608 voe_accuracy=13.7255 n_scenes=51 n_samples=204
[eval.intphys2] Artifacts written | output_dir=artifacts/probes/intphys2/intphys2_probe_linear_videomae_vit_huge_16_224_20260426T152120Z/layer_16/train/trial_0003/val_eval
wandb: updating run metadata
wandb: uploading wandb-summary.json; uploading config.yaml; uploading wandb-metadata.json; uploading requirements.txt; uploading output.log
wandb: 
wandb: Run history:
wandb:          epoch ▁▁▁▁▂▂▂▂▃▃▃▃▃▃▄▄▄▄▄▄▅▅▅▅▅▆▆▆▆▆▆▇▇▇▇▇▇███
wandb: train_accuracy ▁▄▄▃▅▆▄▅▃▆▅▅▆▃▄▅▆▁▁▆▃▅▂▄▆▄█▃▃▄▆▁▅▄▄█▃▅▅▆
wandb:     train_loss █▄▃▂▂▂▂▂▂▂▁▁▁▂▁▁▂▂▁▁▂▁▁▁▁▂▁▁▁▂▂▁▁▁▁▁▁▁▁▁
wandb:   val_accuracy ▅▂▇▅▆▂▇▅▃▄▅▅▅▅█▅▇▇▇█▅▄▅▄▅▆▅▃▄▅▄▇▆▆▇▁▅▅▃█
wandb:       val_loss █▅▃▃▂▂▂▂▂▂▂▂▁▁▁▂▂▁▂▂▁▂▁▁▁▁▁▁▁▁▂▁▁▁▁▁▁▁▁▁
wandb: 
wandb: Run summary:
wandb:           best_epoch 25
wandb:    best_val_accuracy 51.96078
wandb:        best_val_loss 0.69925
wandb: checkpoint_best_path artifacts/probes/int...
wandb: checkpoint_last_path artifacts/probes/int...
wandb:      checkpoint_path artifacts/probes/int...
wandb:              dataset intphys2
wandb:      elapsed_seconds 2.36126
wandb:                epoch 50
wandb:    feature_signature 1e642fe5ac5d5e7f
wandb:                  +22 ...
wandb: 
wandb: 🚀 View run intphys2_linear_videomae_vit_huge_16_224_layer_16/trial_0003 at: https://wandb.ai/caselli-niccolo-developer-university-of-amsterdam/probe4physics/runs/emoepqid
wandb: ⭐️ View project at: https://wandb.ai/caselli-niccolo-developer-university-of-amsterdam/probe4physics
wandb: Synced 5 W&B file(s), 0 media file(s), 0 artifact file(s) and 0 other file(s)
wandb: Find logs at: ./wandb/run-20260426_173540-emoepqid/logs
[I 2026-04-26 17:35:43,766] Trial 3 finished with value: 13.725490196078432 and parameters: {'lr': 8.200518402245828e-05, 'weight_decay': 3.855073690026179e-08, 'batch_size': 32, 'epochs': 50}. Best is trial 0 with value: 41.17647058823529.
wandb: setting up run 15yhqcvq
wandb: Tracking run with wandb version 0.26.1
wandb: Run data is saved locally in /gpfs/home3/scur0511/Probe4Physics/wandb/run-20260426_173543-15yhqcvq
wandb: Run `wandb offline` to turn off syncing.
wandb: Syncing run intphys2_linear_videomae_vit_huge_16_224_layer_16/trial_0004
wandb: ⭐️ View project at https://wandb.ai/caselli-niccolo-developer-university-of-amsterdam/probe4physics
wandb: 🚀 View run at https://wandb.ai/caselli-niccolo-developer-university-of-amsterdam/probe4physics/runs/15yhqcvq
[eval.intphys2] Starting eval | split_name=val split_dir=data/splits/intphys2 predictor_mode=from_file metadata_file=data/annotations/intphys2_metadata.csv
[eval.intphys2] Loaded split assignments | split_scenes=51 split_samples=204
[eval.intphys2] Generated predictions | n_predictions=204
[eval.intphys2] Scoring complete | accuracy=52.9412 voe_accuracy=29.4118 n_scenes=51 n_samples=204
[eval.intphys2] Artifacts written | output_dir=artifacts/probes/intphys2/intphys2_probe_linear_videomae_vit_huge_16_224_20260426T152120Z/layer_16/train/trial_0004/val_eval
wandb: updating run metadata
wandb: uploading output.log; uploading wandb-summary.json; uploading config.yaml; uploading wandb-metadata.json; uploading requirements.txt
wandb: 
wandb: Run history:
wandb:          epoch ▁▁▁▁▂▂▂▂▂▃▃▃▃▃▃▄▄▄▄▄▅▅▅▅▅▅▆▆▆▆▆▆▇▇▇▇▇███
wandb: train_accuracy ▁▄▂▃▅▂▄▄▂▃▂▄▂▁▅▇▅▆▄▄█▄█▆▃▅▄▄▂▆▃▅▃▆▅▅▅▁█▅
wandb:     train_loss █▆▄▄▅▃▃▃▃▃▄▂▂▃▃▃▃▅▂▃▁▁▃▂▁▄▂▅▆▄▄▅▁▂▂▁▂▅▁▂
wandb:   val_accuracy ▅▄▃█▂▃▃▄▆▅▅▄▇▃▄▃▇▃▁▂▃▅█▅▃▅▃▅▅▃▅▇▃▃▄▅▅▅█▄
wandb:       val_loss ▂▃▂▂▄▂▂▁▁▂▄▁▂▂▂█▂▁▁▁▁▁▁▂▂▁▆▃▁▆▂▁▃▄▂▄▂▂▁▅
wandb: 
wandb: Run summary:
wandb:           best_epoch 48
wandb:    best_val_accuracy 52.94118
wandb:        best_val_loss 0.69242
wandb: checkpoint_best_path artifacts/probes/int...
wandb: checkpoint_last_path artifacts/probes/int...
wandb:      checkpoint_path artifacts/probes/int...
wandb:              dataset intphys2
wandb:      elapsed_seconds 2.31093
wandb:                epoch 50
wandb:    feature_signature 1e642fe5ac5d5e7f
wandb:                  +22 ...
wandb: 
wandb: 🚀 View run intphys2_linear_videomae_vit_huge_16_224_layer_16/trial_0004 at: https://wandb.ai/caselli-niccolo-developer-university-of-amsterdam/probe4physics/runs/15yhqcvq
wandb: ⭐️ View project at: https://wandb.ai/caselli-niccolo-developer-university-of-amsterdam/probe4physics
wandb: Synced 5 W&B file(s), 0 media file(s), 0 artifact file(s) and 0 other file(s)
wandb: Find logs at: ./wandb/run-20260426_173543-15yhqcvq/logs
[I 2026-04-26 17:35:47,095] Trial 4 finished with value: 29.411764705882355 and parameters: {'lr': 0.00043664735929796326, 'weight_decay': 1.2856617791467908e-07, 'batch_size': 32, 'epochs': 50}. Best is trial 0 with value: 41.17647058823529.
wandb: setting up run 2s4t516w
wandb: Tracking run with wandb version 0.26.1
wandb: Run data is saved locally in /gpfs/home3/scur0511/Probe4Physics/wandb/run-20260426_173547-2s4t516w
wandb: Run `wandb offline` to turn off syncing.
wandb: Syncing run intphys2_linear_videomae_vit_huge_16_224_layer_16/trial_0005
wandb: ⭐️ View project at https://wandb.ai/caselli-niccolo-developer-university-of-amsterdam/probe4physics
wandb: 🚀 View run at https://wandb.ai/caselli-niccolo-developer-university-of-amsterdam/probe4physics/runs/2s4t516w
wandb: updating run metadata
wandb: uploading wandb-metadata.json; uploading requirements.txt; uploading wandb-summary.json; uploading config.yaml
wandb: 
wandb: Run history:
wandb:          epoch ▁▁▁▁▁▂▂▂▃▃▃▃▃▃▄▄▄▄▄▄▅▅▅▅▅▅▅▆▆▆▇▇▇▇▇▇▇▇██
wandb: train_accuracy ▃▂▂▂▂▃▃▄▃▁▄▅▄▅▃▃▂▅▃▃▅▄▃▃▅▃▄▂▆▆▇▆▆▆▅▅▄▇██
wandb:     train_loss █▆▇▅▆▆▅▄▄▅▆▆▄▂▆▄▇▄▃▂▄▆▃▃▃▄▂▂▄▂▁▃▁▂▁▂▂▁▁▁
wandb:   val_accuracy ▂▅▅▅▄▂▅▃▄▂▅▅▆▇▃▃▁█▆▅▇▅▂▄▇▄▄▃▄▅▅▆▄▄▅▆▅▃▇▇
wandb:       val_loss ▅▃▂▂▄▂█▃▂▁▂▃▂▂▂▁▂▁▁▁▁▂▂▁▁▁▁▁▁▁▃▁▁▅▁▁▄▁▁▁
wandb: 
wandb: Run summary:
wandb:          epoch 104
wandb: train_accuracy 52.81457
wandb:     train_loss 0.68861
wandb:   val_accuracy 51.96078
wandb:       val_loss 0.69249
wandb: 
wandb: 🚀 View run intphys2_linear_videomae_vit_huge_16_224_layer_16/trial_0005 at: https://wandb.ai/caselli-niccolo-developer-university-of-amsterdam/probe4physics/runs/2s4t516w
wandb: ⭐️ View project at: https://wandb.ai/caselli-niccolo-developer-university-of-amsterdam/probe4physics
wandb: Synced 4 W&B file(s), 0 media file(s), 0 artifact file(s) and 0 other file(s)
wandb: Find logs at: ./wandb/run-20260426_173547-2s4t516w/logs
[I 2026-04-26 17:35:51,906] Trial 5 pruned. Pruned at epoch 104 with val_accuracy=51.9608
wandb: setting up run 0ol5kylz
wandb: Tracking run with wandb version 0.26.1
wandb: Run data is saved locally in /gpfs/home3/scur0511/Probe4Physics/wandb/run-20260426_173552-0ol5kylz
wandb: Run `wandb offline` to turn off syncing.
wandb: Syncing run intphys2_linear_videomae_vit_huge_16_224_layer_16/trial_0006
wandb: ⭐️ View project at https://wandb.ai/caselli-niccolo-developer-university-of-amsterdam/probe4physics
wandb: 🚀 View run at https://wandb.ai/caselli-niccolo-developer-university-of-amsterdam/probe4physics/runs/0ol5kylz
wandb: updating run metadata
wandb: uploading requirements.txt
wandb: uploading history steps 0-99, summary
wandb: 
wandb: Run history:
wandb:          epoch ▁▁▁▁▁▂▂▂▂▂▃▃▃▃▃▃▄▄▄▄▄▄▅▅▅▅▅▅▅▆▆▆▇▇▇▇▇▇▇█
wandb: train_accuracy ▅▁▂▃▄▅▅▆▇▆▅▇█▇▅▂▄▄▅▃▄▄▅▃▅▄▅▅▄▄▅▅▄█▇▅▅▄▅▁
wandb:     train_loss █▆▅▄▄▄▃▃▃▃▃▃▃▂▃▂▂▂▂▂▂▂▂▂▂▂▂▁▁▁▁▁▁▁▁▁▁▁▁▁
wandb:   val_accuracy ▃▆▂▃▃▇▂▂▂▂▁▁▂▃▅▅▅▅▆▆▆▅▃▃▃▃▅▆▅▃▅▅▆▇▇█▆▆▇▇
wandb:       val_loss █▄▃▃▃▃▂▂▂▂▂▂▂▂▂▂▂▂▂▂▂▁▁▁▁▁▁▁▁▁▁▁▁▁▁▁▁▁▁▁
wandb: 
wandb: Run summary:
wandb:          epoch 100
wandb: train_accuracy 49.17219
wandb:     train_loss 0.70915
wandb:   val_accuracy 50.4902
wandb:       val_loss 0.70617
wandb: 
wandb: 🚀 View run intphys2_linear_videomae_vit_huge_16_224_layer_16/trial_0006 at: https://wandb.ai/caselli-niccolo-developer-university-of-amsterdam/probe4physics/runs/0ol5kylz
wandb: ⭐️ View project at: https://wandb.ai/caselli-niccolo-developer-university-of-amsterdam/probe4physics
wandb: Synced 4 W&B file(s), 0 media file(s), 0 artifact file(s) and 0 other file(s)
wandb: Find logs at: ./wandb/run-20260426_173552-0ol5kylz/logs
[I 2026-04-26 17:35:56,454] Trial 6 pruned. Pruned at epoch 100 with val_accuracy=50.4902
wandb: setting up run nuje0ob8
wandb: Tracking run with wandb version 0.26.1
wandb: Run data is saved locally in /gpfs/home3/scur0511/Probe4Physics/wandb/run-20260426_173556-nuje0ob8
wandb: Run `wandb offline` to turn off syncing.
wandb: Syncing run intphys2_linear_videomae_vit_huge_16_224_layer_16/trial_0007
wandb: ⭐️ View project at https://wandb.ai/caselli-niccolo-developer-university-of-amsterdam/probe4physics
wandb: 🚀 View run at https://wandb.ai/caselli-niccolo-developer-university-of-amsterdam/probe4physics/runs/nuje0ob8
wandb: updating run metadata
wandb: uploading wandb-metadata.json; uploading requirements.txt; uploading wandb-summary.json; uploading config.yaml
wandb: 
wandb: Run history:
wandb:          epoch ▁▁▁▂▂▂▂▂▂▃▃▃▃▃▃▄▄▄▄▄▅▅▅▅▅▅▆▆▆▆▆▆▇▇▇▇▇▇██
wandb: train_accuracy ▃▃▂▂▃▃▃▃▂▄▄▁▃▂▄▄▄▅▃▅▆▄▇▅▅▅▆▅█▆▅▇▆█▆▅▇▆▅▇
wandb:     train_loss █▄▂▂▁▁▁▁▁▁▁▁▁▁▁▁▁▁▁▁▁▁▁▁▁▁▁▁▁▁▁▁▁▁▁▁▁▁▁▁
wandb:   val_accuracy ▄▂▆▅▄▅▄▅▅▂▂▄▄▄▆▂▄▇▇▅▄▃▅▂▃▃▁▂▂▄▅▄▃▇▄█▂▄▄▄
wandb:       val_loss █▇▆▄▃▂▂▂▂▂▂▂▂▂▁▁▁▁▁▁▁▁▁▁▁▁▁▁▁▁▁▁▁▁▁▁▁▁▁▁
wandb: 
wandb: Run summary:
wandb:          epoch 104
wandb: train_accuracy 50.99338
wandb:     train_loss 0.69366
wandb:   val_accuracy 49.01961
wandb:       val_loss 0.69583
wandb: 
wandb: 🚀 View run intphys2_linear_videomae_vit_huge_16_224_layer_16/trial_0007 at: https://wandb.ai/caselli-niccolo-developer-university-of-amsterdam/probe4physics/runs/nuje0ob8
wandb: ⭐️ View project at: https://wandb.ai/caselli-niccolo-developer-university-of-amsterdam/probe4physics
wandb: Synced 4 W&B file(s), 0 media file(s), 0 artifact file(s) and 0 other file(s)
wandb: Find logs at: ./wandb/run-20260426_173556-nuje0ob8/logs
[I 2026-04-26 17:36:00,532] Trial 7 pruned. Pruned at epoch 104 with val_accuracy=49.0196
wandb: setting up run 9erqh7ld
wandb: Tracking run with wandb version 0.26.1
wandb: Run data is saved locally in /gpfs/home3/scur0511/Probe4Physics/wandb/run-20260426_173600-9erqh7ld
wandb: Run `wandb offline` to turn off syncing.
wandb: Syncing run intphys2_linear_videomae_vit_huge_16_224_layer_16/trial_0008
wandb: ⭐️ View project at https://wandb.ai/caselli-niccolo-developer-university-of-amsterdam/probe4physics
wandb: 🚀 View run at https://wandb.ai/caselli-niccolo-developer-university-of-amsterdam/probe4physics/runs/9erqh7ld
[eval.intphys2] Starting eval | split_name=val split_dir=data/splits/intphys2 predictor_mode=from_file metadata_file=data/annotations/intphys2_metadata.csv
[eval.intphys2] Loaded split assignments | split_scenes=51 split_samples=204
[eval.intphys2] Generated predictions | n_predictions=204
[eval.intphys2] Scoring complete | accuracy=55.3922 voe_accuracy=25.4902 n_scenes=51 n_samples=204
[eval.intphys2] Artifacts written | output_dir=artifacts/probes/intphys2/intphys2_probe_linear_videomae_vit_huge_16_224_20260426T152120Z/layer_16/train/trial_0008/val_eval
wandb: updating run metadata
wandb: uploading wandb-metadata.json; uploading requirements.txt; uploading output.log; uploading wandb-summary.json; uploading config.yaml
wandb: 
wandb: Run history:
wandb:          epoch ▁▁▁▁▂▂▂▂▂▃▃▃▃▃▃▃▄▄▄▄▄▄▅▅▅▆▆▆▆▆▇▇▇▇▇▇▇███
wandb: train_accuracy ▂▃▁▁▁▄▄▂▃▃▃▄▃▂▃▄▃▅▁▅▆█▇▅▇▇▆▅▆▆▅▆▆▅▇▇▅▆▅▃
wandb:     train_loss █▇▆▄▅▅▅▆▅▅▄▄▄▄▃▄▄▃▃▄▂▂▃▃▃▂▃▂▁▃▂▁▂▂▁▁▃▂▄▁
wandb:   val_accuracy ▃▃▃▃▃▄▂▂▅▃▃▄▄▃▂▃▄▄▁▅▃▄▁▇▆█▃▄▄▂▇▄▅▄▇▅▄▅▄▃
wandb:       val_loss █▃▂▂▂▁▁▁▁▁▂▁▁▁▁▁▁▁▁▁▁▁▁▁▁▁▁▁▁▁▁▁▁▁▁▁▁▁▁▁
wandb: 
wandb: Run summary:
wandb:           best_epoch 67
wandb:    best_val_accuracy 55.39216
wandb:        best_val_loss 0.6937
wandb: checkpoint_best_path artifacts/probes/int...
wandb: checkpoint_last_path artifacts/probes/int...
wandb:      checkpoint_path artifacts/probes/int...
wandb:              dataset intphys2
wandb:      elapsed_seconds 2.94106
wandb:                epoch 100
wandb:    feature_signature 1e642fe5ac5d5e7f
wandb:                  +22 ...
wandb: 
wandb: 🚀 View run intphys2_linear_videomae_vit_huge_16_224_layer_16/trial_0008 at: https://wandb.ai/caselli-niccolo-developer-university-of-amsterdam/probe4physics/runs/9erqh7ld
wandb: ⭐️ View project at: https://wandb.ai/caselli-niccolo-developer-university-of-amsterdam/probe4physics
wandb: Synced 5 W&B file(s), 0 media file(s), 0 artifact file(s) and 0 other file(s)
wandb: Find logs at: ./wandb/run-20260426_173600-9erqh7ld/logs
[I 2026-04-26 17:36:04,520] Trial 8 finished with value: 25.49019607843137 and parameters: {'lr': 0.0003699972431463808, 'weight_decay': 3.6749049453053196e-06, 'batch_size': 256, 'epochs': 100}. Best is trial 0 with value: 41.17647058823529.
wandb: setting up run h5p38rw8
wandb: Tracking run with wandb version 0.26.1
wandb: Run data is saved locally in /gpfs/home3/scur0511/Probe4Physics/wandb/run-20260426_173604-h5p38rw8
wandb: Run `wandb offline` to turn off syncing.
wandb: Syncing run intphys2_linear_videomae_vit_huge_16_224_layer_16/trial_0009
wandb: ⭐️ View project at https://wandb.ai/caselli-niccolo-developer-university-of-amsterdam/probe4physics
wandb: 🚀 View run at https://wandb.ai/caselli-niccolo-developer-university-of-amsterdam/probe4physics/runs/h5p38rw8
wandb: updating run metadata
wandb: uploading wandb-metadata.json; uploading requirements.txt; uploading wandb-summary.json; uploading config.yaml
wandb: 
wandb: Run history:
wandb:          epoch ▁▁▁▁▂▂▂▂▂▃▃▃▃▃▄▄▄▄▅▅▅▅▅▅▅▆▆▆▆▆▇▇▇▇▇█████
wandb: train_accuracy ▃▁▅▂▃▆▅▄▆▃▄▄▄▄▃▅▄▃▄▅▄▅▅▆▃▅▅▅▄▃▆▅▆▅▆▆▆█▅█
wandb:     train_loss █▄▃▃▂▂▂▂▂▂▂▂▁▁▁▁▁▁▁▁▁▁▁▁▁▁▁▁▁▁▁▁▁▁▁▁▁▁▁▁
wandb:   val_accuracy ▄▃▆▅▅▂▄▄▃▄▂▃▂▃▂▂▃▆▃▂▃▃▃▄▇▅▇█▇▃▇▆▆▃▁▃▃▆▆▆
wandb:       val_loss ██▅▄▃▃▃▃▃▃▃▃▂▂▂▂▂▂▂▂▂▂▂▂▂▁▁▁▁▁▁▁▁▁▁▁▁▁▁▁
wandb: 
wandb: Run summary:
wandb:          epoch 104
wandb: train_accuracy 52.48344
wandb:     train_loss 0.69453
wandb:   val_accuracy 50.9804
wandb:       val_loss 0.70036
wandb: 
wandb: 🚀 View run intphys2_linear_videomae_vit_huge_16_224_layer_16/trial_0009 at: https://wandb.ai/caselli-niccolo-developer-university-of-amsterdam/probe4physics/runs/h5p38rw8
wandb: ⭐️ View project at: https://wandb.ai/caselli-niccolo-developer-university-of-amsterdam/probe4physics
wandb: Synced 4 W&B file(s), 0 media file(s), 0 artifact file(s) and 0 other file(s)
wandb: Find logs at: ./wandb/run-20260426_173604-h5p38rw8/logs
[I 2026-04-26 17:36:08,403] Trial 9 pruned. Pruned at epoch 104 with val_accuracy=50.9804
wandb: setting up run o3at4f2p
wandb: Tracking run with wandb version 0.26.1
wandb: Run data is saved locally in /gpfs/home3/scur0511/Probe4Physics/wandb/run-20260426_173608-o3at4f2p
wandb: Run `wandb offline` to turn off syncing.
wandb: Syncing run intphys2_linear_videomae_vit_huge_16_224_layer_16/trial_0010
wandb: ⭐️ View project at https://wandb.ai/caselli-niccolo-developer-university-of-amsterdam/probe4physics
wandb: 🚀 View run at https://wandb.ai/caselli-niccolo-developer-university-of-amsterdam/probe4physics/runs/o3at4f2p
wandb: updating run metadata
wandb: uploading wandb-metadata.json; uploading requirements.txt; uploading wandb-summary.json; uploading config.yaml
wandb: 
wandb: Run history:
wandb:          epoch ▁▁▁▂▂▂▂▂▂▂▃▃▃▃▄▄▄▅▅▅▅▅▅▅▆▆▆▆▇▇▇▇▇▇▇█████
wandb: train_accuracy ▁▃▂▂▃▂▃▃▃▃▃▄▃▄▄▃▃▄▃▄▃▄▄▅▄▅▅▅▆▆▆▄██▅▇█▇██
wandb:     train_loss ▆▆▆▆▆▇▆▅▆▆▇█▅▆▅██▅▅▇▂▂▅▂▂▃▅▅█▁▅▄▇█▂▂▃▁▂▁
wandb:   val_accuracy ▂▃▃▂▄▁▁▂▄▄▂▂▄▆▂▃▃▄▅▄▆▄▄▇▂▅▃▄▄▃▄▄▄▄█▃▄▄▅▄
wandb:       val_loss ▂▂▁▁▂▂▁▁▆▅▂▃▇▂▁▃▂▃▂▃▃▃▃▄▃▃▂▅█▃▃▃▄▃▇▃▄▃▄▄
wandb: 
wandb: Run summary:
wandb:          epoch 192
wandb: train_accuracy 59.10596
wandb:     train_loss 0.6548
wandb:   val_accuracy 51.96078
wandb:       val_loss 0.77284
wandb: 
wandb: 🚀 View run intphys2_linear_videomae_vit_huge_16_224_layer_16/trial_0010 at: https://wandb.ai/caselli-niccolo-developer-university-of-amsterdam/probe4physics/runs/o3at4f2p
wandb: ⭐️ View project at: https://wandb.ai/caselli-niccolo-developer-university-of-amsterdam/probe4physics
wandb: Synced 4 W&B file(s), 0 media file(s), 0 artifact file(s) and 0 other file(s)
wandb: Find logs at: ./wandb/run-20260426_173608-o3at4f2p/logs
[I 2026-04-26 17:36:15,059] Trial 10 pruned. Pruned at epoch 192 with val_accuracy=51.9608
wandb: setting up run i1htl0my
wandb: Tracking run with wandb version 0.26.1
wandb: Run data is saved locally in /gpfs/home3/scur0511/Probe4Physics/wandb/run-20260426_173615-i1htl0my
wandb: Run `wandb offline` to turn off syncing.
wandb: Syncing run intphys2_linear_videomae_vit_huge_16_224_layer_16/trial_0011
wandb: ⭐️ View project at https://wandb.ai/caselli-niccolo-developer-university-of-amsterdam/probe4physics
wandb: 🚀 View run at https://wandb.ai/caselli-niccolo-developer-university-of-amsterdam/probe4physics/runs/i1htl0my
[eval.intphys2] Starting eval | split_name=val split_dir=data/splits/intphys2 predictor_mode=from_file metadata_file=data/annotations/intphys2_metadata.csv
[eval.intphys2] Loaded split assignments | split_scenes=51 split_samples=204
[eval.intphys2] Generated predictions | n_predictions=204
[eval.intphys2] Scoring complete | accuracy=51.9608 voe_accuracy=17.6471 n_scenes=51 n_samples=204
[eval.intphys2] Artifacts written | output_dir=artifacts/probes/intphys2/intphys2_probe_linear_videomae_vit_huge_16_224_20260426T152120Z/layer_16/train/trial_0011/val_eval
wandb: updating run metadata
wandb: uploading config.yaml; uploading wandb-metadata.json; uploading requirements.txt; uploading output.log; uploading wandb-summary.json
wandb: 
wandb: Run history:
wandb:          epoch ▁▁▂▂▂▃▃▄▄▄▅▅▅▆▆▇▇▇██
wandb: train_accuracy ▁▂▄▄▁▃▅▅▆▄▆▁▆▇▅▅█▅▅▃
wandb:     train_loss █▅▇▆▅▂▂▂▂▄▄▄▂▁▂▁▂▄▃▅
wandb:   val_accuracy ▄▄▃▆▅▄▁▅▅▁▄▅▅▃█▅▅▇▂▄
wandb:       val_loss ▃█▅▃▂▁▁▂▃▂▃▂▃▁▁▁▅▁▁▇
wandb: 
wandb: Run summary:
wandb:           best_epoch 15
wandb:    best_val_accuracy 51.96078
wandb:        best_val_loss 0.70128
wandb: checkpoint_best_path artifacts/probes/int...
wandb: checkpoint_last_path artifacts/probes/int...
wandb:      checkpoint_path artifacts/probes/int...
wandb:              dataset intphys2
wandb:      elapsed_seconds 1.62949
wandb:                epoch 20
wandb:    feature_signature 1e642fe5ac5d5e7f
wandb:                  +22 ...
wandb: 
wandb: 🚀 View run intphys2_linear_videomae_vit_huge_16_224_layer_16/trial_0011 at: https://wandb.ai/caselli-niccolo-developer-university-of-amsterdam/probe4physics/runs/i1htl0my
wandb: ⭐️ View project at: https://wandb.ai/caselli-niccolo-developer-university-of-amsterdam/probe4physics
wandb: Synced 5 W&B file(s), 0 media file(s), 0 artifact file(s) and 0 other file(s)
wandb: Find logs at: ./wandb/run-20260426_173615-i1htl0my/logs
[I 2026-04-26 17:36:17,849] Trial 11 finished with value: 17.647058823529413 and parameters: {'lr': 0.0009028168422346196, 'weight_decay': 0.00013851041848413182, 'batch_size': 64, 'epochs': 20}. Best is trial 0 with value: 41.17647058823529.
wandb: setting up run wna9xrd5
wandb: Tracking run with wandb version 0.26.1
wandb: Run data is saved locally in /gpfs/home3/scur0511/Probe4Physics/wandb/run-20260426_173618-wna9xrd5
wandb: Run `wandb offline` to turn off syncing.
wandb: Syncing run intphys2_linear_videomae_vit_huge_16_224_layer_16/trial_0012
wandb: ⭐️ View project at https://wandb.ai/caselli-niccolo-developer-university-of-amsterdam/probe4physics
wandb: 🚀 View run at https://wandb.ai/caselli-niccolo-developer-university-of-amsterdam/probe4physics/runs/wna9xrd5
wandb: updating run metadata
wandb: uploading wandb-metadata.json; uploading requirements.txt; uploading wandb-summary.json; uploading config.yaml
wandb: 
wandb: Run history:
wandb:          epoch ▁▁▁▁▁▁▂▂▂▂▂▂▃▃▃▃▃▃▃▄▄▄▄▄▄▅▅▅▆▆▆▆▆▇▇▇▇███
wandb: train_accuracy ▂▃▂▃▃▁▃▅▅▃▅▃▂▄▄▁▂▂▄▄▂▃▃▁▄▂▂▄▃▂▂█▄▂▅▄▅▄▄▆
wandb:     train_loss █▄▃▃▃▂▂▂▂▂▂▂▂▂▁▁▁▁▁▁▁▁▁▁▁▁▁▁▁▁▁▁▁▁▁▁▁▁▁▁
wandb:   val_accuracy ▂▄▁▄▄▃▃▅▃▄▃▃▄▅▆▄▆▆▆▆▆▃▇▆▆█▇▅▄█▇▆▇▇▇▅▄▇▆▆
wandb:       val_loss █▅▄▄▄▃▃▃▃▃▂▂▂▂▂▂▂▂▂▂▂▂▁▁▁▁▁▁▁▁▁▁▁▁▁▁▁▁▁▁
wandb: 
wandb: Run summary:
wandb:          epoch 122
wandb: train_accuracy 51.15894
wandb:     train_loss 0.69776
wandb:   val_accuracy 52.45098
wandb:       val_loss 0.70327
wandb: 
wandb: 🚀 View run intphys2_linear_videomae_vit_huge_16_224_layer_16/trial_0012 at: https://wandb.ai/caselli-niccolo-developer-university-of-amsterdam/probe4physics/runs/wna9xrd5
wandb: ⭐️ View project at: https://wandb.ai/caselli-niccolo-developer-university-of-amsterdam/probe4physics
wandb: Synced 4 W&B file(s), 0 media file(s), 0 artifact file(s) and 0 other file(s)
wandb: Find logs at: ./wandb/run-20260426_173618-wna9xrd5/logs
[I 2026-04-26 17:36:22,183] Trial 12 pruned. Pruned at epoch 122 with val_accuracy=52.4510
wandb: setting up run 4nymx8xm
wandb: Tracking run with wandb version 0.26.1
wandb: Run data is saved locally in /gpfs/home3/scur0511/Probe4Physics/wandb/run-20260426_173622-4nymx8xm
wandb: Run `wandb offline` to turn off syncing.
wandb: Syncing run intphys2_linear_videomae_vit_huge_16_224_layer_16/trial_0013
wandb: ⭐️ View project at https://wandb.ai/caselli-niccolo-developer-university-of-amsterdam/probe4physics
wandb: 🚀 View run at https://wandb.ai/caselli-niccolo-developer-university-of-amsterdam/probe4physics/runs/4nymx8xm
wandb: updating run metadata
wandb: uploading wandb-summary.json; uploading config.yaml
wandb: 
wandb: Run history:
wandb:          epoch ▁▁▁▁▂▂▂▂▂▂▃▄▄▄▄▄▄▄▄▄▅▅▅▅▅▆▆▆▆▆▆▆▇▇▇▇▇▇██
wandb: train_accuracy ▁▁▄▂▁▁▂▂▂▃▃▃▃▃▆▃▄▄▅▂▆▅▄▃▄▇▄▄▅▇▅▇▆█▅▄▇█▇▇
wandb:     train_loss ▇██▇▆▇▅▆█▆▄▄▅▅▅▅▄▅▅▃▃▂▃▄▃▂▃▂▂▂▂▁▂▁▃▁▁▂▃▂
wandb:   val_accuracy ▂▂▁▃▃▂▃▁▅▂▄▅▅▃▆▂▅▁▄▅▅▃▅▆▃▅▆█▅▅▄▅▄▃▆▁▄▅▄▃
wandb:       val_loss █▂▁█▃▁▁▁▅▅▁▅▁▂▁▁▁▁▅▁▁▁▂▂▂▆▄▂▂▃▃▂▃▃▃▃▃▃▄▄
wandb: 
wandb: Run summary:
wandb:          epoch 290
wandb: train_accuracy 57.28477
wandb:     train_loss 0.67427
wandb:   val_accuracy 53.92157
wandb:       val_loss 0.70955
wandb: 
wandb: 🚀 View run intphys2_linear_videomae_vit_huge_16_224_layer_16/trial_0013 at: https://wandb.ai/caselli-niccolo-developer-university-of-amsterdam/probe4physics/runs/4nymx8xm
wandb: ⭐️ View project at: https://wandb.ai/caselli-niccolo-developer-university-of-amsterdam/probe4physics
wandb: Synced 4 W&B file(s), 0 media file(s), 0 artifact file(s) and 0 other file(s)
wandb: Find logs at: ./wandb/run-20260426_173622-4nymx8xm/logs
[I 2026-04-26 17:36:33,142] Trial 13 pruned. Pruned at epoch 290 with val_accuracy=53.9216
wandb: setting up run aw0mtify
wandb: Tracking run with wandb version 0.26.1
wandb: Run data is saved locally in /gpfs/home3/scur0511/Probe4Physics/wandb/run-20260426_173633-aw0mtify
wandb: Run `wandb offline` to turn off syncing.
wandb: Syncing run intphys2_linear_videomae_vit_huge_16_224_layer_16/trial_0014
wandb: ⭐️ View project at https://wandb.ai/caselli-niccolo-developer-university-of-amsterdam/probe4physics
wandb: 🚀 View run at https://wandb.ai/caselli-niccolo-developer-university-of-amsterdam/probe4physics/runs/aw0mtify
wandb: updating run metadata
wandb: uploading wandb-summary.json; uploading config.yaml
wandb: 
wandb: Run history:
wandb:          epoch ▁▁▁▁▁▂▂▂▂▃▃▃▃▄▄▄▄▄▄▅▅▅▅▅▅▆▆▆▆▆▆▆▆▇▇▇▇▇▇█
wandb: train_accuracy ▁▁▁▃▃▄▄▂▃▁▄▅▄▅▆▆▆▆▅▄▆▆▅▇▅▅▆▇▇█▄▆▅▇▅███▇▇
wandb:     train_loss ▇▇▄▅▅▅▅▆▆█▅▃▄▄▄▄▄▄▅▃▄▄▄▃▃▄▃▃▂▂▄▂▁▂▃▁▂▅▁▂
wandb:   val_accuracy ▃▁▃▂▃▃▃▃▃▄▄▅▂▂▃▃▅▆▄▅▃▄█▄▄▃▃▅▅▄▃▆▇▆▃▅▆▆▃▃
wandb:       val_loss █▁▁█▆▂▅▁▁▄▂▂▂▂▁▇▂▇▃▄▃▃▄▄▆▇▇▃▄▄▅▄▄▄▆▅▅█▆▇
wandb: 
wandb: Run summary:
wandb:          epoch 290
wandb: train_accuracy 69.53642
wandb:     train_loss 0.61351
wandb:   val_accuracy 54.90196
wandb:       val_loss 0.79217
wandb: 
wandb: 🚀 View run intphys2_linear_videomae_vit_huge_16_224_layer_16/trial_0014 at: https://wandb.ai/caselli-niccolo-developer-university-of-amsterdam/probe4physics/runs/aw0mtify
wandb: ⭐️ View project at: https://wandb.ai/caselli-niccolo-developer-university-of-amsterdam/probe4physics
wandb: Synced 4 W&B file(s), 0 media file(s), 0 artifact file(s) and 0 other file(s)
wandb: Find logs at: ./wandb/run-20260426_173633-aw0mtify/logs
[I 2026-04-26 17:36:44,154] Trial 14 pruned. Pruned at epoch 290 with val_accuracy=54.9020
wandb: setting up run zqpg2h3z
wandb: Tracking run with wandb version 0.26.1
wandb: Run data is saved locally in /gpfs/home3/scur0511/Probe4Physics/wandb/run-20260426_173644-zqpg2h3z
wandb: Run `wandb offline` to turn off syncing.
wandb: Syncing run intphys2_linear_videomae_vit_huge_16_224_layer_16/trial_0015
wandb: ⭐️ View project at https://wandb.ai/caselli-niccolo-developer-university-of-amsterdam/probe4physics
wandb: 🚀 View run at https://wandb.ai/caselli-niccolo-developer-university-of-amsterdam/probe4physics/runs/zqpg2h3z
[eval.intphys2] Starting eval | split_name=val split_dir=data/splits/intphys2 predictor_mode=from_file metadata_file=data/annotations/intphys2_metadata.csv
[eval.intphys2] Loaded split assignments | split_scenes=51 split_samples=204
[eval.intphys2] Generated predictions | n_predictions=204
[eval.intphys2] Scoring complete | accuracy=50.9804 voe_accuracy=15.6863 n_scenes=51 n_samples=204
[eval.intphys2] Artifacts written | output_dir=artifacts/probes/intphys2/intphys2_probe_linear_videomae_vit_huge_16_224_20260426T152120Z/layer_16/train/trial_0015/val_eval
wandb: updating run metadata
wandb: uploading wandb-metadata.json; uploading requirements.txt; uploading output.log; uploading wandb-summary.json; uploading config.yaml
wandb: uploading wandb-summary.json
wandb: 
wandb: Run history:
wandb:          epoch ▁▁▂▂▂▃▃▄▄▄▅▅▅▆▆▇▇▇██
wandb: train_accuracy ▆▆▆▆▅▁▇█▃▃▄▄▂▂▃▆▅▄▄▄
wandb:     train_loss █▆▅▃▃▂▂▁▁▁▁▁▁▁▁▁▁▁▁▁
wandb:   val_accuracy ▆▆▆█▄▄▃▄▅▄▄▂▄▃▁▂▄▄▂▃
wandb:       val_loss █▆▄▃▂▂▂▁▁▁▁▁▁▁▁▁▁▁▁▁
wandb: 
wandb: Run summary:
wandb:           best_epoch 4
wandb:    best_val_accuracy 50.9804
wandb:        best_val_loss 0.8158
wandb: checkpoint_best_path artifacts/probes/int...
wandb: checkpoint_last_path artifacts/probes/int...
wandb:      checkpoint_path artifacts/probes/int...
wandb:              dataset intphys2
wandb:      elapsed_seconds 1.32886
wandb:                epoch 20
wandb:    feature_signature 1e642fe5ac5d5e7f
wandb:                  +22 ...
wandb: 
wandb: 🚀 View run intphys2_linear_videomae_vit_huge_16_224_layer_16/trial_0015 at: https://wandb.ai/caselli-niccolo-developer-university-of-amsterdam/probe4physics/runs/zqpg2h3z
wandb: ⭐️ View project at: https://wandb.ai/caselli-niccolo-developer-university-of-amsterdam/probe4physics
wandb: Synced 5 W&B file(s), 0 media file(s), 0 artifact file(s) and 0 other file(s)
wandb: Find logs at: ./wandb/run-20260426_173644-zqpg2h3z/logs
[I 2026-04-26 17:36:46,953] Trial 15 finished with value: 15.686274509803921 and parameters: {'lr': 2.990630550212624e-05, 'weight_decay': 4.792092864251368e-05, 'batch_size': 128, 'epochs': 20}. Best is trial 0 with value: 41.17647058823529.
wandb: setting up run 8d5zm5d1
wandb: Tracking run with wandb version 0.26.1
wandb: Run data is saved locally in /gpfs/home3/scur0511/Probe4Physics/wandb/run-20260426_173647-8d5zm5d1
wandb: Run `wandb offline` to turn off syncing.
wandb: Syncing run intphys2_linear_videomae_vit_huge_16_224_layer_16/trial_0016
wandb: ⭐️ View project at https://wandb.ai/caselli-niccolo-developer-university-of-amsterdam/probe4physics
wandb: 🚀 View run at https://wandb.ai/caselli-niccolo-developer-university-of-amsterdam/probe4physics/runs/8d5zm5d1
wandb: updating run metadata
wandb: uploading wandb-summary.json; uploading config.yaml; uploading wandb-metadata.json; uploading requirements.txt
wandb: 
wandb: Run history:
wandb:          epoch ▁▁▁▁▁▂▂▂▂▂▃▃▃▃▃▄▄▄▄▄▄▄▅▅▅▅▅▆▆▆▆▇▇▇▇▇▇███
wandb: train_accuracy ▃▁▄▃▂▁▄▃▂▃▂▂▃▃▅▅▅▅▆▃▅▄▃▄▅▄▄▅▄▂▅▄▃▃▇▆▅▇█▃
wandb:     train_loss ▅█▅▅▃▃▃▃▂▂▃▃▃▃▃▃▃▃▃▃▂▂▂▂▂▄▂▃▂▂▃▃▁▂▁▂▁▁▁▂
wandb:   val_accuracy ▄▄▃▄▃▄▄▃▃▅▃▇▃▄▃▄▆▃█▄▆▆▇▃▄▇▃▂▅▁▅▄▅▆█▇▇▇▇▆
wandb:       val_loss █▄▂▂▂▁▁▂▂▂▂▂▂▂▃▁▂▃▁▁▁▁▂▁▁▁▂▂▁▁▁▁▁▁▁▁▁▁▁▂
wandb: 
wandb: Run summary:
wandb:          epoch 122
wandb: train_accuracy 54.30464
wandb:     train_loss 0.68283
wandb:   val_accuracy 51.96078
wandb:       val_loss 0.7009
wandb: 
wandb: 🚀 View run intphys2_linear_videomae_vit_huge_16_224_layer_16/trial_0016 at: https://wandb.ai/caselli-niccolo-developer-university-of-amsterdam/probe4physics/runs/8d5zm5d1
wandb: ⭐️ View project at: https://wandb.ai/caselli-niccolo-developer-university-of-amsterdam/probe4physics
wandb: Synced 4 W&B file(s), 0 media file(s), 0 artifact file(s) and 0 other file(s)
wandb: Find logs at: ./wandb/run-20260426_173647-8d5zm5d1/logs
[I 2026-04-26 17:36:51,151] Trial 16 pruned. Pruned at epoch 122 with val_accuracy=51.9608
wandb: setting up run 5hqmo6id
wandb: Tracking run with wandb version 0.26.1
wandb: Run data is saved locally in /gpfs/home3/scur0511/Probe4Physics/wandb/run-20260426_173651-5hqmo6id
wandb: Run `wandb offline` to turn off syncing.
wandb: Syncing run intphys2_linear_videomae_vit_huge_16_224_layer_16/trial_0017
wandb: ⭐️ View project at https://wandb.ai/caselli-niccolo-developer-university-of-amsterdam/probe4physics
wandb: 🚀 View run at https://wandb.ai/caselli-niccolo-developer-university-of-amsterdam/probe4physics/runs/5hqmo6id
wandb: updating run metadata
wandb: uploading wandb-metadata.json; uploading requirements.txt; uploading wandb-summary.json; uploading config.yaml
wandb: 
wandb: Run history:
wandb:          epoch ▁▁▁▁▁▂▂▂▂▃▃▃▃▃▃▄▄▄▄▄▄▄▅▅▅▅▅▅▆▆▆▇▇▇▇▇▇▇██
wandb: train_accuracy ▁▂▃▃▃▃▄▃▃▂▅▃▃▅▅▄▃▅▅▆▄▄▄▇▇▇▇▅█▄▇▆▆▄▃▇▆▆█▆
wandb:     train_loss █▁▁▁▂▂▁▁▃▁▂▁▁▁▁▁▂▂▂▂▃▁▁▁▁▁▁▁▁▁▁▁▂▁▁▁▁▁▁▁
wandb:   val_accuracy ▃▃▁▃▂▅▅▅▅▆▂▃▁▅▄█▆▂▇▄▃▆▂▅▄▂▄▄▇▇█▅▂▆▃▇▆▆▅▆
wandb:       val_loss █▂▁▃▁▁▁▁▁▂▅▁▂▁▁▄▃▂▂▂▃▄▄▂▂▂▂▂▂▂▂▂▂▂▃▄▃▃▃▃
wandb: 
wandb: Run summary:
wandb:          epoch 192
wandb: train_accuracy 60.92715
wandb:     train_loss 0.6812
wandb:   val_accuracy 52.94118
wandb:       val_loss 1.15921
wandb: 
wandb: 🚀 View run intphys2_linear_videomae_vit_huge_16_224_layer_16/trial_0017 at: https://wandb.ai/caselli-niccolo-developer-university-of-amsterdam/probe4physics/runs/5hqmo6id
wandb: ⭐️ View project at: https://wandb.ai/caselli-niccolo-developer-university-of-amsterdam/probe4physics
wandb: Synced 4 W&B file(s), 0 media file(s), 0 artifact file(s) and 0 other file(s)
wandb: Find logs at: ./wandb/run-20260426_173651-5hqmo6id/logs
[I 2026-04-26 17:36:57,630] Trial 17 pruned. Pruned at epoch 192 with val_accuracy=52.9412
wandb: setting up run hi1mtv0l
wandb: Tracking run with wandb version 0.26.1
wandb: Run data is saved locally in /gpfs/home3/scur0511/Probe4Physics/wandb/run-20260426_173657-hi1mtv0l
wandb: Run `wandb offline` to turn off syncing.
wandb: Syncing run intphys2_linear_videomae_vit_huge_16_224_layer_16/trial_0018
wandb: ⭐️ View project at https://wandb.ai/caselli-niccolo-developer-university-of-amsterdam/probe4physics
wandb: 🚀 View run at https://wandb.ai/caselli-niccolo-developer-university-of-amsterdam/probe4physics/runs/hi1mtv0l
wandb: updating run metadata
wandb: uploading config.yaml; uploading wandb-metadata.json; uploading requirements.txt; uploading wandb-summary.json
wandb: 
wandb: Run history:
wandb:          epoch ▁▁▁▁▁▂▂▂▂▃▃▃▃▃▃▃▄▄▄▄▄▅▅▅▅▅▅▆▆▆▆▆▇▇▇▇████
wandb: train_accuracy ▁▄▃▃▄▃▄▄▄▅▄▄▃▆▆▅▇▅▅▆▅▆▆▆▆▆▅▇▆▇▆▃▆▆█▇▆▇▇▆
wandb:     train_loss ▇▇▇▇▆▆▆█▅▅▄▄▄▅▄▄▄▃▃▃▄▃▃▃▃▃▃▂▂▃▂▃▁▂▂▂▂▃▁▂
wandb:   val_accuracy ▂▄▅▄▂▅▃▃▂▅▄▄▁▅▇▄▄▄▃▃▄▄▃▂▄▄▅▆▄▅▄█▄▂▄▅▄▅▄▇
wandb:       val_loss ██▅▄▄▅▃▄▅▃▃▂▃▃▂▂▂▂▂▂▂▁▂▂▂▁▁▁▁▁▁▁▁▁▂▁▁▁▁▁
wandb: 
wandb: Run summary:
wandb:          epoch 122
wandb: train_accuracy 54.80132
wandb:     train_loss 0.68891
wandb:   val_accuracy 51.96078
wandb:       val_loss 0.69594
wandb: 
wandb: 🚀 View run intphys2_linear_videomae_vit_huge_16_224_layer_16/trial_0018 at: https://wandb.ai/caselli-niccolo-developer-university-of-amsterdam/probe4physics/runs/hi1mtv0l
wandb: ⭐️ View project at: https://wandb.ai/caselli-niccolo-developer-university-of-amsterdam/probe4physics
wandb: Synced 4 W&B file(s), 0 media file(s), 0 artifact file(s) and 0 other file(s)
wandb: Find logs at: ./wandb/run-20260426_173657-hi1mtv0l/logs
[I 2026-04-26 17:37:02,101] Trial 18 pruned. Pruned at epoch 122 with val_accuracy=51.9608
wandb: setting up run ek3c38ke
wandb: Tracking run with wandb version 0.26.1
wandb: Run data is saved locally in /gpfs/home3/scur0511/Probe4Physics/wandb/run-20260426_173702-ek3c38ke
wandb: Run `wandb offline` to turn off syncing.
wandb: Syncing run intphys2_linear_videomae_vit_huge_16_224_layer_16/trial_0019
wandb: ⭐️ View project at https://wandb.ai/caselli-niccolo-developer-university-of-amsterdam/probe4physics
wandb: 🚀 View run at https://wandb.ai/caselli-niccolo-developer-university-of-amsterdam/probe4physics/runs/ek3c38ke
wandb: updating run metadata
wandb: uploading requirements.txt; uploading wandb-summary.json; uploading config.yaml; uploading wandb-metadata.json
wandb: 
wandb: Run history:
wandb:          epoch ▁▁▁▁▁▂▂▂▂▂▃▃▃▃▄▄▄▄▄▅▅▅▅▅▅▆▆▆▆▆▆▆▆▇▇▇▇▇██
wandb: train_accuracy ▁▂▂▄▂▄▄▃▅▃▂▁▇▅▂▅▃▆▇▂▅▅█▇▂▃▆▃▇▆▅▇▇▄▅▆▅▄▄▆
wandb:     train_loss █▇▅▆▄▄▅▅▄▄▆▄▂▃▅▃▂▃▄▃▁▃▆▃▂▃█▃▁▁▂▁▂▂▁▂▁▂▂▁
wandb:   val_accuracy ▂▃▂▃▁▁▂▁▁▃▂▂▁▁▂▃▂▁▂▂▂▂▃▁▂▁▄█▇▅▅▂▂▂▄▃▂▅▄▇
wandb:       val_loss ▅▂▃▂▁▂█▂▆▂▂▁▂▁▁▁▄▃▁▁▁▁▁▁▁▁▁▁▁▄▃▁▂▂▁▁▃▂▁▂
wandb: 
wandb: Run summary:
wandb:          epoch 122
wandb: train_accuracy 53.31126
wandb:     train_loss 0.68885
wandb:   val_accuracy 53.92157
wandb:       val_loss 0.7013
wandb: 
wandb: 🚀 View run intphys2_linear_videomae_vit_huge_16_224_layer_16/trial_0019 at: https://wandb.ai/caselli-niccolo-developer-university-of-amsterdam/probe4physics/runs/ek3c38ke
wandb: ⭐️ View project at: https://wandb.ai/caselli-niccolo-developer-university-of-amsterdam/probe4physics
wandb: Synced 4 W&B file(s), 0 media file(s), 0 artifact file(s) and 0 other file(s)
wandb: Find logs at: ./wandb/run-20260426_173702-ek3c38ke/logs
[I 2026-04-26 17:37:07,512] Trial 19 pruned. Pruned at epoch 122 with val_accuracy=53.9216
[eval.intphys2] Starting eval | split_name=train split_dir=data/splits/intphys2 predictor_mode=from_file metadata_file=data/annotations/intphys2_metadata.csv
[eval.intphys2] Loaded split assignments | split_scenes=151 split_samples=604
[eval.intphys2] Generated predictions | n_predictions=604
[eval.intphys2] Scoring complete | accuracy=65.7285 voe_accuracy=50.9934 n_scenes=151 n_samples=604
[eval.intphys2] Artifacts written | output_dir=artifacts/probes/intphys2/intphys2_probe_linear_videomae_vit_huge_16_224_20260426T152120Z/layer_16/eval/train
[eval.intphys2] Starting eval | split_name=val split_dir=data/splits/intphys2 predictor_mode=from_file metadata_file=data/annotations/intphys2_metadata.csv
[eval.intphys2] Loaded split assignments | split_scenes=51 split_samples=204
[eval.intphys2] Generated predictions | n_predictions=204
[eval.intphys2] Scoring complete | accuracy=60.7843 voe_accuracy=41.1765 n_scenes=51 n_samples=204
[eval.intphys2] Artifacts written | output_dir=artifacts/probes/intphys2/intphys2_probe_linear_videomae_vit_huge_16_224_20260426T152120Z/layer_16/eval/val
[eval.intphys2] Starting eval | split_name=test split_dir=data/splits/intphys2 predictor_mode=from_file metadata_file=data/annotations/intphys2_metadata.csv
[eval.intphys2] Loaded split assignments | split_scenes=51 split_samples=204
[eval.intphys2] Generated predictions | n_predictions=204
[eval.intphys2] Scoring complete | accuracy=58.3333 voe_accuracy=35.2941 n_scenes=51 n_samples=204
[eval.intphys2] Artifacts written | output_dir=artifacts/probes/intphys2/intphys2_probe_linear_videomae_vit_huge_16_224_20260426T152120Z/layer_16/eval/test
[I 2026-04-26 17:37:07,861] A new study created in RDB with name: intphys2_linear_videomae_vit_huge_16_224_layer_24
wandb: setting up run ezezrmur
wandb: Tracking run with wandb version 0.26.1
wandb: Run data is saved locally in /gpfs/home3/scur0511/Probe4Physics/wandb/run-20260426_173708-ezezrmur
wandb: Run `wandb offline` to turn off syncing.
wandb: Syncing run intphys2_linear_videomae_vit_huge_16_224_layer_24/trial_0000
wandb: ⭐️ View project at https://wandb.ai/caselli-niccolo-developer-university-of-amsterdam/probe4physics
wandb: 🚀 View run at https://wandb.ai/caselli-niccolo-developer-university-of-amsterdam/probe4physics/runs/ezezrmur
[eval.intphys2] Starting eval | split_name=val split_dir=data/splits/intphys2 predictor_mode=from_file metadata_file=data/annotations/intphys2_metadata.csv
[eval.intphys2] Loaded split assignments | split_scenes=51 split_samples=204
[eval.intphys2] Generated predictions | n_predictions=204
[eval.intphys2] Scoring complete | accuracy=61.7647 voe_accuracy=37.2549 n_scenes=51 n_samples=204
[eval.intphys2] Artifacts written | output_dir=artifacts/probes/intphys2/intphys2_probe_linear_videomae_vit_huge_16_224_20260426T152120Z/layer_24/train/trial_0000/val_eval
wandb: updating run metadata
wandb: uploading output.log; uploading wandb-summary.json; uploading config.yaml
wandb: uploading history steps 1933-1999, summary, console lines 0-4
wandb: 
wandb: Run history:
wandb:          epoch ▁▁▂▂▂▃▃▃▃▃▄▄▄▄▄▅▅▅▅▅▆▆▆▆▆▆▆▆▇▇▇▇▇▇▇█████
wandb: train_accuracy ▁▂▁▁▃▄▄▄▄▃▄▅▄▆▄▆▇▇▇▇▆▆▆▅▅▆▇▇█▇█▇▆█▇█▇▇██
wandb:     train_loss ████▇▇▇▇▆▅▅▆▅▅▅▄▄▄▄▃▃▃▃▃▃▃▃▃▃▂▂▂▂▂▂▂▁▁▁▁
wandb:   val_accuracy ▁▂▃█▆▃▇▆▅▆▇▃▇▆▅▅▅▆▅▆▆▅▄▅▅▅▆▅▇▅▆▅▆▅▇▆▄█▅▇
wandb:       val_loss ▁▁▁▁▁▂▂▁▂▂▂▂▃▃▂▃▃▄▅▅▄▅▅▆▅▅▅▅▅▅▆▆▆▆▇▇▇███
wandb: 
wandb: Run summary:
wandb:           best_epoch 776
wandb:    best_val_accuracy 61.76471
wandb:        best_val_loss 0.73265
wandb: checkpoint_best_path artifacts/probes/int...
wandb: checkpoint_last_path artifacts/probes/int...
wandb:      checkpoint_path artifacts/probes/int...
wandb:              dataset intphys2
wandb:      elapsed_seconds 111.65601
wandb:                epoch 2000
wandb:    feature_signature 1e642fe5ac5d5e7f
wandb:                  +22 ...
wandb: 
wandb: 🚀 View run intphys2_linear_videomae_vit_huge_16_224_layer_24/trial_0000 at: https://wandb.ai/caselli-niccolo-developer-university-of-amsterdam/probe4physics/runs/ezezrmur
wandb: ⭐️ View project at: https://wandb.ai/caselli-niccolo-developer-university-of-amsterdam/probe4physics
wandb: Synced 5 W&B file(s), 0 media file(s), 0 artifact file(s) and 0 other file(s)
wandb: Find logs at: ./wandb/run-20260426_173708-ezezrmur/logs
[I 2026-04-26 17:39:00,866] Trial 0 finished with value: 37.254901960784316 and parameters: {'lr': 0.0001329291894316216, 'weight_decay': 0.005061576888752304, 'batch_size': 32, 'epochs': 2000}. Best is trial 0 with value: 37.254901960784316.
wandb: setting up run 05ks6r58
wandb: Tracking run with wandb version 0.26.1
wandb: Run data is saved locally in /gpfs/home3/scur0511/Probe4Physics/wandb/run-20260426_173901-05ks6r58
wandb: Run `wandb offline` to turn off syncing.
wandb: Syncing run intphys2_linear_videomae_vit_huge_16_224_layer_24/trial_0001
wandb: ⭐️ View project at https://wandb.ai/caselli-niccolo-developer-university-of-amsterdam/probe4physics
wandb: 🚀 View run at https://wandb.ai/caselli-niccolo-developer-university-of-amsterdam/probe4physics/runs/05ks6r58
[eval.intphys2] Starting eval | split_name=val split_dir=data/splits/intphys2 predictor_mode=from_file metadata_file=data/annotations/intphys2_metadata.csv
[eval.intphys2] Loaded split assignments | split_scenes=51 split_samples=204
[eval.intphys2] Generated predictions | n_predictions=204
[eval.intphys2] Scoring complete | accuracy=54.4118 voe_accuracy=29.4118 n_scenes=51 n_samples=204
[eval.intphys2] Artifacts written | output_dir=artifacts/probes/intphys2/intphys2_probe_linear_videomae_vit_huge_16_224_20260426T152120Z/layer_24/train/trial_0001/val_eval
wandb: updating run metadata
wandb: uploading wandb-metadata.json; uploading requirements.txt; uploading output.log; uploading wandb-summary.json; uploading config.yaml
wandb: 
wandb: Run history:
wandb:          epoch ▁▁▁▁▁▁▁▂▂▂▃▃▃▃▃▄▄▅▅▅▅▅▅▅▅▆▆▆▆▆▇▇▇▇▇▇████
wandb: train_accuracy ▂▁▃▃▃▃▄▄▄▃▄▃▄▄▅▄▆▆▆▄▅▄▅▄▃▅▇▆▆▆▅▇▅▇▅▇▇▅█▄
wandb:     train_loss █▄▄▃▂▂▂▁▁▂▁▂▂▂▁▁▂▂▁▂▂▂▂▂▂▁▂▁▁▁▁▂▂▂▂▂▁▁▃▁
wandb:   val_accuracy ▂▃▃▃▅▄▅▂▃▄▂▆▃▄▃▄▇▃▂▃▂▆▂▂▆▅▆▆▆▁▃▄▃▇▄▇▇█▃▅
wandb:       val_loss █▁▁▁▂▁▁▁▁▁▁▁▂▂▂▂▁▁▃▂▂▁▂▁▂▂▁▁▂▁▂▂▁▂▂▁▆▅▃▁
wandb: 
wandb: Run summary:
wandb:           best_epoch 92
wandb:    best_val_accuracy 54.41176
wandb:        best_val_loss 0.70921
wandb: checkpoint_best_path artifacts/probes/int...
wandb: checkpoint_last_path artifacts/probes/int...
wandb:      checkpoint_path artifacts/probes/int...
wandb:              dataset intphys2
wandb:      elapsed_seconds 2.92398
wandb:                epoch 100
wandb:    feature_signature 1e642fe5ac5d5e7f
wandb:                  +22 ...
wandb: 
wandb: 🚀 View run intphys2_linear_videomae_vit_huge_16_224_layer_24/trial_0001 at: https://wandb.ai/caselli-niccolo-developer-university-of-amsterdam/probe4physics/runs/05ks6r58
wandb: ⭐️ View project at: https://wandb.ai/caselli-niccolo-developer-university-of-amsterdam/probe4physics
wandb: Synced 5 W&B file(s), 0 media file(s), 0 artifact file(s) and 0 other file(s)
wandb: Find logs at: ./wandb/run-20260426_173901-05ks6r58/logs
[I 2026-04-26 17:39:04,945] Trial 1 finished with value: 29.411764705882355 and parameters: {'lr': 0.00314288089084011, 'weight_decay': 1.879466824163843e-07, 'batch_size': 256, 'epochs': 100}. Best is trial 0 with value: 37.254901960784316.
wandb: setting up run algmxp0q
wandb: Tracking run with wandb version 0.26.1
wandb: Run data is saved locally in /gpfs/home3/scur0511/Probe4Physics/wandb/run-20260426_173905-algmxp0q
wandb: Run `wandb offline` to turn off syncing.
wandb: Syncing run intphys2_linear_videomae_vit_huge_16_224_layer_24/trial_0002
wandb: ⭐️ View project at https://wandb.ai/caselli-niccolo-developer-university-of-amsterdam/probe4physics
wandb: 🚀 View run at https://wandb.ai/caselli-niccolo-developer-university-of-amsterdam/probe4physics/runs/algmxp0q
[eval.intphys2] Starting eval | split_name=val split_dir=data/splits/intphys2 predictor_mode=from_file metadata_file=data/annotations/intphys2_metadata.csv
[eval.intphys2] Loaded split assignments | split_scenes=51 split_samples=204
[eval.intphys2] Generated predictions | n_predictions=204
[eval.intphys2] Scoring complete | accuracy=61.2745 voe_accuracy=35.2941 n_scenes=51 n_samples=204
[eval.intphys2] Artifacts written | output_dir=artifacts/probes/intphys2/intphys2_probe_linear_videomae_vit_huge_16_224_20260426T152120Z/layer_24/train/trial_0002/val_eval
wandb: updating run metadata
wandb: uploading output.log; uploading wandb-summary.json; uploading config.yaml
wandb: 
wandb: Run history:
wandb:          epoch ▁▁▁▁▂▂▂▂▂▂▃▃▃▃▃▃▄▄▄▄▅▅▅▅▅▅▅▆▆▆▆▆▇▇▇▇▇███
wandb: train_accuracy ▁▁▁▃▃▃▃▄▄▄▅▃▄▅▅▆▅▅▆▆▆▅▆▆▅▆▆▆▆▇▆▆▆▇▆█▇▆▇▆
wandb:     train_loss ███▇▇▇▇▇▇▇▆▆▆▆▆▆▅▅▅▅▅▅▄▄▄▄▄▃▄▃▃▃▃▃▃▂▂▂▂▁
wandb:   val_accuracy ▁▃▃▁▃▂▂▃▂▁▅▂▂▂▆▇▃▆▅▃▄▅▇▅█▄▇▇▆▅▇▆▇▅▇▇▇▅▇▆
wandb:       val_loss ▂▂▂▂▃▁▁▁▁▁▁▁▁▂▁▂▃▃▃▃▄▄▄▄▄▅▅▅▆▆▆▇▆▆▇█▆▇██
wandb: 
wandb: Run summary:
wandb:           best_epoch 990
wandb:    best_val_accuracy 61.27451
wandb:        best_val_loss 0.72772
wandb: checkpoint_best_path artifacts/probes/int...
wandb: checkpoint_last_path artifacts/probes/int...
wandb:      checkpoint_path artifacts/probes/int...
wandb:              dataset intphys2
wandb:      elapsed_seconds 32.2708
wandb:                epoch 1000
wandb:    feature_signature 1e642fe5ac5d5e7f
wandb:                  +22 ...
wandb: 
wandb: 🚀 View run intphys2_linear_videomae_vit_huge_16_224_layer_24/trial_0002 at: https://wandb.ai/caselli-niccolo-developer-university-of-amsterdam/probe4physics/runs/algmxp0q
wandb: ⭐️ View project at: https://wandb.ai/caselli-niccolo-developer-university-of-amsterdam/probe4physics
wandb: Synced 5 W&B file(s), 0 media file(s), 0 artifact file(s) and 0 other file(s)
wandb: Find logs at: ./wandb/run-20260426_173905-algmxp0q/logs
[I 2026-04-26 17:39:38,231] Trial 2 finished with value: 35.294117647058826 and parameters: {'lr': 0.00023345864076016249, 'weight_decay': 0.0005141096648805752, 'batch_size': 128, 'epochs': 1000}. Best is trial 0 with value: 37.254901960784316.
wandb: setting up run 1gkugph5
wandb: Tracking run with wandb version 0.26.1
wandb: Run data is saved locally in /gpfs/home3/scur0511/Probe4Physics/wandb/run-20260426_173938-1gkugph5
wandb: Run `wandb offline` to turn off syncing.
wandb: Syncing run intphys2_linear_videomae_vit_huge_16_224_layer_24/trial_0003
wandb: ⭐️ View project at https://wandb.ai/caselli-niccolo-developer-university-of-amsterdam/probe4physics
wandb: 🚀 View run at https://wandb.ai/caselli-niccolo-developer-university-of-amsterdam/probe4physics/runs/1gkugph5
[eval.intphys2] Starting eval | split_name=val split_dir=data/splits/intphys2 predictor_mode=from_file metadata_file=data/annotations/intphys2_metadata.csv
[eval.intphys2] Loaded split assignments | split_scenes=51 split_samples=204
[eval.intphys2] Generated predictions | n_predictions=204
[eval.intphys2] Scoring complete | accuracy=54.4118 voe_accuracy=17.6471 n_scenes=51 n_samples=204
[eval.intphys2] Artifacts written | output_dir=artifacts/probes/intphys2/intphys2_probe_linear_videomae_vit_huge_16_224_20260426T152120Z/layer_24/train/trial_0003/val_eval
wandb: updating run metadata
wandb: uploading wandb-metadata.json; uploading requirements.txt; uploading output.log; uploading wandb-summary.json; uploading config.yaml
wandb: uploading requirements.txt
wandb: 
wandb: Run history:
wandb:          epoch ▁▁▁▁▂▂▂▂▂▂▃▃▃▃▃▄▄▄▄▄▄▅▅▅▅▅▅▆▆▆▆▇▇▇▇▇▇███
wandb: train_accuracy ▃▅▄▅▆▃▄▇▄▄▄▅▆▃▃▆▃▃▅▅▆▅▃▅▅▆▂▄█▅▁▅▆▃▅▅██▇█
wandb:     train_loss █▄▃▂▂▂▂▂▂▁▁▁▁▁▂▂▂▁▁▁▂▁▁▁▁▂▁▁▁▁▁▁▁▁▁▁▁▁▁▁
wandb:   val_accuracy ▅▂▃▂▃▁▅▄▅▂▂▂▂█▂▅▅▃▇▂▅▆█▇▅▄▅▅▄▇▄█▃▅▂▂▇▆▅▄
wandb:       val_loss █▅▄▃▂▂▂▂▂▂▂▂▂▂▂▂▂▂▂▁▁▁▁▁▁▁▁▁▁▂▁▁▁▁▁▁▁▁▁▁
wandb: 
wandb: Run summary:
wandb:           best_epoch 47
wandb:    best_val_accuracy 54.41176
wandb:        best_val_loss 0.69699
wandb: checkpoint_best_path artifacts/probes/int...
wandb: checkpoint_last_path artifacts/probes/int...
wandb:      checkpoint_path artifacts/probes/int...
wandb:              dataset intphys2
wandb:      elapsed_seconds 2.33859
wandb:                epoch 50
wandb:    feature_signature 1e642fe5ac5d5e7f
wandb:                  +22 ...
wandb: 
wandb: 🚀 View run intphys2_linear_videomae_vit_huge_16_224_layer_24/trial_0003 at: https://wandb.ai/caselli-niccolo-developer-university-of-amsterdam/probe4physics/runs/1gkugph5
wandb: ⭐️ View project at: https://wandb.ai/caselli-niccolo-developer-university-of-amsterdam/probe4physics
wandb: Synced 5 W&B file(s), 0 media file(s), 0 artifact file(s) and 0 other file(s)
wandb: Find logs at: ./wandb/run-20260426_173938-1gkugph5/logs
[I 2026-04-26 17:39:42,000] Trial 3 finished with value: 17.647058823529413 and parameters: {'lr': 8.200518402245828e-05, 'weight_decay': 3.855073690026179e-08, 'batch_size': 32, 'epochs': 50}. Best is trial 0 with value: 37.254901960784316.
wandb: setting up run rv9rad8p
wandb: Tracking run with wandb version 0.26.1
wandb: Run data is saved locally in /gpfs/home3/scur0511/Probe4Physics/wandb/run-20260426_173942-rv9rad8p
wandb: Run `wandb offline` to turn off syncing.
wandb: Syncing run intphys2_linear_videomae_vit_huge_16_224_layer_24/trial_0004
wandb: ⭐️ View project at https://wandb.ai/caselli-niccolo-developer-university-of-amsterdam/probe4physics
wandb: 🚀 View run at https://wandb.ai/caselli-niccolo-developer-university-of-amsterdam/probe4physics/runs/rv9rad8p
[eval.intphys2] Starting eval | split_name=val split_dir=data/splits/intphys2 predictor_mode=from_file metadata_file=data/annotations/intphys2_metadata.csv
[eval.intphys2] Loaded split assignments | split_scenes=51 split_samples=204
[eval.intphys2] Generated predictions | n_predictions=204
[eval.intphys2] Scoring complete | accuracy=56.3725 voe_accuracy=33.3333 n_scenes=51 n_samples=204
[eval.intphys2] Artifacts written | output_dir=artifacts/probes/intphys2/intphys2_probe_linear_videomae_vit_huge_16_224_20260426T152120Z/layer_24/train/trial_0004/val_eval
wandb: updating run metadata
wandb: uploading output.log; uploading wandb-summary.json; uploading config.yaml; uploading wandb-metadata.json; uploading requirements.txt
wandb: uploading output.log; uploading wandb-summary.json; uploading wandb-metadata.json; uploading requirements.txt
wandb: 
wandb: Run history:
wandb:          epoch ▁▁▁▁▂▂▂▂▂▂▃▃▃▃▃▄▄▄▄▄▅▅▅▅▅▅▆▆▆▆▆▆▇▇▇▇▇███
wandb: train_accuracy ▃▄▃▃▅▅▅▃▄▁▆▄▄▃▅▄█▆▅▆▄▆▇▅▇▇▅▄▆█▇▄█▆▇▆▄▆▆▇
wandb:     train_loss █▅▃▃▃▄▃▃▃▃▄▂▂▃▃▂▂▃▂▃▂▁▃▂▁▃▃▃▅▄▁▂▂▁▁▂▄▁▁▁
wandb:   val_accuracy ▁▃▄▄▃▃▅▃▃▇▃▇▃▂▃▃▄▃▆▂▃▅▂█▆▃▃▄▄▂▄▅▃▃▆▃▃▇▄▃
wandb:       val_loss ▃▃▂▂▅▂▂▂▁▃▂▂▃█▃▆▂▂▁▁▃▂▂▁▃▃▄▅▃▇▂▁▃▃▁▅▄▁▁▄
wandb: 
wandb: Run summary:
wandb:           best_epoch 29
wandb:    best_val_accuracy 56.37255
wandb:        best_val_loss 0.69496
wandb: checkpoint_best_path artifacts/probes/int...
wandb: checkpoint_last_path artifacts/probes/int...
wandb:      checkpoint_path artifacts/probes/int...
wandb:              dataset intphys2
wandb:      elapsed_seconds 2.3065
wandb:                epoch 50
wandb:    feature_signature 1e642fe5ac5d5e7f
wandb:                  +22 ...
wandb: 
wandb: 🚀 View run intphys2_linear_videomae_vit_huge_16_224_layer_24/trial_0004 at: https://wandb.ai/caselli-niccolo-developer-university-of-amsterdam/probe4physics/runs/rv9rad8p
wandb: ⭐️ View project at: https://wandb.ai/caselli-niccolo-developer-university-of-amsterdam/probe4physics
wandb: Synced 5 W&B file(s), 0 media file(s), 0 artifact file(s) and 0 other file(s)
wandb: Find logs at: ./wandb/run-20260426_173942-rv9rad8p/logs
[I 2026-04-26 17:39:45,809] Trial 4 finished with value: 33.33333333333333 and parameters: {'lr': 0.00043664735929796326, 'weight_decay': 1.2856617791467908e-07, 'batch_size': 32, 'epochs': 50}. Best is trial 0 with value: 37.254901960784316.
wandb: setting up run sbsopx3m
wandb: Tracking run with wandb version 0.26.1
wandb: Run data is saved locally in /gpfs/home3/scur0511/Probe4Physics/wandb/run-20260426_173946-sbsopx3m
wandb: Run `wandb offline` to turn off syncing.
wandb: Syncing run intphys2_linear_videomae_vit_huge_16_224_layer_24/trial_0005
wandb: ⭐️ View project at https://wandb.ai/caselli-niccolo-developer-university-of-amsterdam/probe4physics
wandb: 🚀 View run at https://wandb.ai/caselli-niccolo-developer-university-of-amsterdam/probe4physics/runs/sbsopx3m
wandb: updating run metadata
wandb: uploading wandb-metadata.json; uploading requirements.txt; uploading wandb-summary.json; uploading config.yaml
wandb: 
wandb: Run history:
wandb:          epoch ▁▁▁▁▁▂▂▂▂▃▃▃▃▃▃▄▄▄▄▄▄▄▅▅▅▅▅▅▆▆▆▆▆▇▇▇████
wandb: train_accuracy ▃▂▂▁▂▁▂▂▃▂▅▅▂▂▅▁▁▄▅▃▅▄▇▄▃▂▅▆▅█▅▆▅█▂█▃▆▆▇
wandb:     train_loss █▆▆▅▅▄▃▃▃▄▄▄▄▃▃▄▄▃▄▃▃▂▃▃▃▂▂▂▂▂▃▂▂▆▃▄▃▂▁▂
wandb:   val_accuracy ▂▄▂▁▆▇▄▅▅▆▂▃▅▆▅▄▅█▇▄▅▄▄▄▇▃▄▅▆▅▃▅▃▄▄▄▃▁▇▄
wandb:       val_loss █▄▅▃▄▂▂▃▂▆▁▂▃▂▃▂▂▂▁▁▁▂▄▂▁▅▂▃▁▁▂▁▅▂▁▄▅▁▂▁
wandb: 
wandb: Run summary:
wandb:          epoch 104
wandb: train_accuracy 55.96026
wandb:     train_loss 0.68554
wandb:   val_accuracy 51.96078
wandb:       val_loss 0.69476
wandb: 
wandb: 🚀 View run intphys2_linear_videomae_vit_huge_16_224_layer_24/trial_0005 at: https://wandb.ai/caselli-niccolo-developer-university-of-amsterdam/probe4physics/runs/sbsopx3m
wandb: ⭐️ View project at: https://wandb.ai/caselli-niccolo-developer-university-of-amsterdam/probe4physics
wandb: Synced 4 W&B file(s), 0 media file(s), 0 artifact file(s) and 0 other file(s)
wandb: Find logs at: ./wandb/run-20260426_173946-sbsopx3m/logs
[I 2026-04-26 17:39:50,869] Trial 5 pruned. Pruned at epoch 104 with val_accuracy=51.9608
wandb: setting up run retlpc8f
wandb: Tracking run with wandb version 0.26.1
wandb: Run data is saved locally in /gpfs/home3/scur0511/Probe4Physics/wandb/run-20260426_173951-retlpc8f
wandb: Run `wandb offline` to turn off syncing.
wandb: Syncing run intphys2_linear_videomae_vit_huge_16_224_layer_24/trial_0006
wandb: ⭐️ View project at https://wandb.ai/caselli-niccolo-developer-university-of-amsterdam/probe4physics
wandb: 🚀 View run at https://wandb.ai/caselli-niccolo-developer-university-of-amsterdam/probe4physics/runs/retlpc8f
[eval.intphys2] Starting eval | split_name=val split_dir=data/splits/intphys2 predictor_mode=from_file metadata_file=data/annotations/intphys2_metadata.csv
[eval.intphys2] Loaded split assignments | split_scenes=51 split_samples=204
[eval.intphys2] Generated predictions | n_predictions=204
[eval.intphys2] Scoring complete | accuracy=51.9608 voe_accuracy=9.8039 n_scenes=51 n_samples=204
[eval.intphys2] Artifacts written | output_dir=artifacts/probes/intphys2/intphys2_probe_linear_videomae_vit_huge_16_224_20260426T152120Z/layer_24/train/trial_0006/val_eval
wandb: updating run metadata
wandb: uploading wandb-summary.json; uploading config.yaml; uploading wandb-metadata.json; uploading requirements.txt; uploading output.log
wandb: 
wandb: Run history:
wandb:          epoch ▁▁▁▁▂▂▂▂▃▃▃▃▄▄▄▄▄▄▅▅▅▅▅▅▅▆▆▆▆▇▇▇▇▇▇▇████
wandb: train_accuracy ▇▆▇▆█▆▆▆▅▆▅▄▆▅▅▃▄▄▃▄▄▃▃▄▄▃▄▃▃▃▂▁▁▂▃▃▄▅██
wandb:     train_loss █▇▆▄▄▃▃▂▂▂▂▁▁▁▁▁▁▁▁▁▁▁▁▁▁▁▁▁▁▁▁▁▁▁▁▁▁▁▁▁
wandb:   val_accuracy ▅▅▅▅▃▇▄▁▂▅▅▅▅▅▄▄▅▅▅▅▄▄▃▂▂▅▆▅▅▅▅▆▆▅█▇▇▇▆▅
wandb:       val_loss █▇▇▆▅▄▂▂▂▂▁▁▁▁▁▁▁▁▁▁▁▁▁▁▁▁▁▁▁▁▁▁▁▁▁▁▁▁▁▁
wandb: 
wandb: Run summary:
wandb:           best_epoch 89
wandb:    best_val_accuracy 51.96078
wandb:        best_val_loss 0.71475
wandb: checkpoint_best_path artifacts/probes/int...
wandb: checkpoint_last_path artifacts/probes/int...
wandb:      checkpoint_path artifacts/probes/int...
wandb:              dataset intphys2
wandb:      elapsed_seconds 3.06174
wandb:                epoch 100
wandb:    feature_signature 1e642fe5ac5d5e7f
wandb:                  +22 ...
wandb: 
wandb: 🚀 View run intphys2_linear_videomae_vit_huge_16_224_layer_24/trial_0006 at: https://wandb.ai/caselli-niccolo-developer-university-of-amsterdam/probe4physics/runs/retlpc8f
wandb: ⭐️ View project at: https://wandb.ai/caselli-niccolo-developer-university-of-amsterdam/probe4physics
wandb: Synced 5 W&B file(s), 0 media file(s), 0 artifact file(s) and 0 other file(s)
wandb: Find logs at: ./wandb/run-20260426_173951-retlpc8f/logs
[I 2026-04-26 17:39:55,050] Trial 6 finished with value: 9.803921568627452 and parameters: {'lr': 1.0388823104027935e-05, 'weight_decay': 0.0007812113973534924, 'batch_size': 128, 'epochs': 100}. Best is trial 0 with value: 37.254901960784316.
wandb: setting up run s8kculs3
wandb: Tracking run with wandb version 0.26.1
wandb: Run data is saved locally in /gpfs/home3/scur0511/Probe4Physics/wandb/run-20260426_173955-s8kculs3
wandb: Run `wandb offline` to turn off syncing.
wandb: Syncing run intphys2_linear_videomae_vit_huge_16_224_layer_24/trial_0007
wandb: ⭐️ View project at https://wandb.ai/caselli-niccolo-developer-university-of-amsterdam/probe4physics
wandb: 🚀 View run at https://wandb.ai/caselli-niccolo-developer-university-of-amsterdam/probe4physics/runs/s8kculs3
wandb: updating run metadata
wandb: uploading wandb-summary.json; uploading config.yaml; uploading wandb-metadata.json; uploading requirements.txt
wandb: uploading history steps 0-103, summary
wandb: 
wandb: Run history:
wandb:          epoch ▁▁▂▂▂▂▂▂▂▂▃▃▃▃▃▄▄▄▄▄▅▅▅▅▅▆▆▆▆▆▆▆▆▇▇▇▇███
wandb: train_accuracy ▁▂▂▃▃▂▂▁▃▂▄▄▃▄▅▄▄▃▆▆▆▆▇▆▆▄▅▆▇▆▅▆█▆▆█▆█▆█
wandb:     train_loss █▆▅▄▄▃▃▃▃▃▃▃▂▂▂▂▂▂▂▂▂▂▂▂▂▂▁▁▁▁▁▁▁▁▁▁▁▁▁▁
wandb:   val_accuracy ▃▂▂▂▂▁▅▁▃▃▂▂▄▄▅▅▂▄▂▇▅▅▅▅▄█▅█▇▇▃▇▇▄▆█▄█▆▇
wandb:       val_loss █▆▅▃▃▃▃▂▂▂▂▂▂▂▂▂▂▁▂▂▁▁▁▁▁▁▁▁▁▁▁▁▁▁▁▁▁▁▁▁
wandb: 
wandb: Run summary:
wandb:          epoch 104
wandb: train_accuracy 54.13907
wandb:     train_loss 0.69212
wandb:   val_accuracy 51.96078
wandb:       val_loss 0.69828
wandb: 
wandb: 🚀 View run intphys2_linear_videomae_vit_huge_16_224_layer_24/trial_0007 at: https://wandb.ai/caselli-niccolo-developer-university-of-amsterdam/probe4physics/runs/s8kculs3
wandb: ⭐️ View project at: https://wandb.ai/caselli-niccolo-developer-university-of-amsterdam/probe4physics
wandb: Synced 4 W&B file(s), 0 media file(s), 0 artifact file(s) and 0 other file(s)
wandb: Find logs at: ./wandb/run-20260426_173955-s8kculs3/logs
[I 2026-04-26 17:39:59,332] Trial 7 pruned. Pruned at epoch 104 with val_accuracy=51.9608
wandb: setting up run wbqgc0wm
wandb: Tracking run with wandb version 0.26.1
wandb: Run data is saved locally in /gpfs/home3/scur0511/Probe4Physics/wandb/run-20260426_173959-wbqgc0wm
wandb: Run `wandb offline` to turn off syncing.
wandb: Syncing run intphys2_linear_videomae_vit_huge_16_224_layer_24/trial_0008
wandb: ⭐️ View project at https://wandb.ai/caselli-niccolo-developer-university-of-amsterdam/probe4physics
wandb: 🚀 View run at https://wandb.ai/caselli-niccolo-developer-university-of-amsterdam/probe4physics/runs/wbqgc0wm
[eval.intphys2] Starting eval | split_name=val split_dir=data/splits/intphys2 predictor_mode=from_file metadata_file=data/annotations/intphys2_metadata.csv
[eval.intphys2] Loaded split assignments | split_scenes=51 split_samples=204
[eval.intphys2] Generated predictions | n_predictions=204
[eval.intphys2] Scoring complete | accuracy=54.4118 voe_accuracy=25.4902 n_scenes=51 n_samples=204
[eval.intphys2] Artifacts written | output_dir=artifacts/probes/intphys2/intphys2_probe_linear_videomae_vit_huge_16_224_20260426T152120Z/layer_24/train/trial_0008/val_eval
wandb: updating run metadata
wandb: uploading config.yaml; uploading wandb-metadata.json; uploading requirements.txt; uploading output.log; uploading wandb-summary.json
wandb: 
wandb: Run history:
wandb:          epoch ▁▁▁▁▂▂▂▂▃▃▃▃▃▃▄▄▄▄▄▅▅▅▅▅▅▆▆▆▆▆▆▇▇▇▇▇████
wandb: train_accuracy ▁▂▂▂▂▂▂▃▂▂▄▂▄▁▄▄▁▃▄▂▅▄▃▃▅▆▆▄▆▆▆█▄▇▅▆▅▇▅▇
wandb:     train_loss █▃▄▂▃▂▂▂▂▂▁▂▂▂▂▂▂▂▂▁▂▁▁▁▁▁▁▁▁▁▁▁▁▁▁▁▁▁▁▁
wandb:   val_accuracy ▁▄▃▃▃▃▂▆▂▂▄▃▅▃▅▄▂▃▅▃▅▂▄▂▁▃▂▃▅▅▃▃▂▅▇▅▅▅█▅
wandb:       val_loss █▄▄▂▂▁▁▁▁▁▁▁▁▁▁▁▁▁▁▁▁▁▁▁▁▁▁▁▁▁▁▁▁▁▁▁▁▁▁▁
wandb: 
wandb: Run summary:
wandb:           best_epoch 93
wandb:    best_val_accuracy 54.41176
wandb:        best_val_loss 0.6982
wandb: checkpoint_best_path artifacts/probes/int...
wandb: checkpoint_last_path artifacts/probes/int...
wandb:      checkpoint_path artifacts/probes/int...
wandb:              dataset intphys2
wandb:      elapsed_seconds 2.77974
wandb:                epoch 100
wandb:    feature_signature 1e642fe5ac5d5e7f
wandb:                  +22 ...
wandb: 
wandb: 🚀 View run intphys2_linear_videomae_vit_huge_16_224_layer_24/trial_0008 at: https://wandb.ai/caselli-niccolo-developer-university-of-amsterdam/probe4physics/runs/wbqgc0wm
wandb: ⭐️ View project at: https://wandb.ai/caselli-niccolo-developer-university-of-amsterdam/probe4physics
wandb: Synced 5 W&B file(s), 0 media file(s), 0 artifact file(s) and 0 other file(s)
wandb: Find logs at: ./wandb/run-20260426_173959-wbqgc0wm/logs
[I 2026-04-26 17:40:03,149] Trial 8 finished with value: 25.49019607843137 and parameters: {'lr': 0.0003699972431463808, 'weight_decay': 3.6749049453053196e-06, 'batch_size': 256, 'epochs': 100}. Best is trial 0 with value: 37.254901960784316.
wandb: setting up run g1oq6o49
wandb: Tracking run with wandb version 0.26.1
wandb: Run data is saved locally in /gpfs/home3/scur0511/Probe4Physics/wandb/run-20260426_174003-g1oq6o49
wandb: Run `wandb offline` to turn off syncing.
wandb: Syncing run intphys2_linear_videomae_vit_huge_16_224_layer_24/trial_0009
wandb: ⭐️ View project at https://wandb.ai/caselli-niccolo-developer-university-of-amsterdam/probe4physics
wandb: 🚀 View run at https://wandb.ai/caselli-niccolo-developer-university-of-amsterdam/probe4physics/runs/g1oq6o49
wandb: updating run metadata
wandb: uploading wandb-metadata.json; uploading requirements.txt; uploading wandb-summary.json; uploading config.yaml
wandb: 
wandb: Run history:
wandb:          epoch ▁▁▁▁▂▂▂▂▂▃▃▃▃▃▄▄▄▅▅▅▅▅▅▅▅▆▆▆▆▆▆▆▆▇▇▇▇▇██
wandb: train_accuracy ▅▁▂▁▂▂▃▄▃▃▃▁▄▅▅▅▅▄▅▅▅▅▆▆▆▄▅▅▅▅▆▆▆█▆▆▆█▇█
wandb:     train_loss ██▆▅▅▄▃▃▃▃▃▃▃▂▃▂▂▂▂▂▂▂▂▂▁▂▁▁▁▁▁▁▁▁▁▁▁▁▁▁
wandb:   val_accuracy ▂▂▂▄▄▄▂▂▂▅▂▁▄▄▄▄▁▃▂▃▂▃▃▃▇█▃▄▄▅▃▃▅▅▅▅▅▇▂▂
wandb:       val_loss █▇▆▄▄▃▃▃▃▃▂▂▂▂▂▂▂▂▂▂▂▂▂▁▁▁▁▁▁▁▁▁▁▁▁▁▁▁▁▁
wandb: 
wandb: Run summary:
wandb:          epoch 101
wandb: train_accuracy 53.1457
wandb:     train_loss 0.69568
wandb:   val_accuracy 50.9804
wandb:       val_loss 0.70231
wandb: 
wandb: 🚀 View run intphys2_linear_videomae_vit_huge_16_224_layer_24/trial_0009 at: https://wandb.ai/caselli-niccolo-developer-university-of-amsterdam/probe4physics/runs/g1oq6o49
wandb: ⭐️ View project at: https://wandb.ai/caselli-niccolo-developer-university-of-amsterdam/probe4physics
wandb: Synced 4 W&B file(s), 0 media file(s), 0 artifact file(s) and 0 other file(s)
wandb: Find logs at: ./wandb/run-20260426_174003-g1oq6o49/logs
[I 2026-04-26 17:40:07,154] Trial 9 pruned. Pruned at epoch 101 with val_accuracy=50.9804
wandb: setting up run r1agt1jz
wandb: Tracking run with wandb version 0.26.1
wandb: Run data is saved locally in /gpfs/home3/scur0511/Probe4Physics/wandb/run-20260426_174007-r1agt1jz
wandb: Run `wandb offline` to turn off syncing.
wandb: Syncing run intphys2_linear_videomae_vit_huge_16_224_layer_24/trial_0010
wandb: ⭐️ View project at https://wandb.ai/caselli-niccolo-developer-university-of-amsterdam/probe4physics
wandb: 🚀 View run at https://wandb.ai/caselli-niccolo-developer-university-of-amsterdam/probe4physics/runs/r1agt1jz
wandb: updating run metadata
wandb: uploading wandb-summary.json; uploading config.yaml
wandb: 
wandb: Run history:
wandb:          epoch ▁▁▁▂▂▃▃▃▃▃▃▄▄▄▄▄▄▄▄▄▅▅▅▅▆▆▆▆▆▆▇▇▇▇▇▇▇▇██
wandb: train_accuracy ▁▂▂▂▂▂▃▃▂▃▄▅▄▃▃▅▅▃▅▅▄▅▅▆▆▆▆▆▆▆▇▇▇▆▇▇▆▇▇█
wandb:     train_loss █▇▇▆▅▄▄▅▆▄▄▆▃▃▃▃▃▃▃▄▃▂▂▃▂▂▄▁▂▄▁▂▁▃▁▂▁▁▃▁
wandb:   val_accuracy ▁▂▄▃▂▁▅▁▇▆▁▆▇▆▅▇▅▆██▂▅▅▆▅█▅▅▇▇▆▅▅▄▅█▃▆▆▇
wandb:       val_loss ▁▂▁▁▁▃▁▂▂▂▃▄▃▄▄▄▄▄▄▅▅▅▆▆▅▅▆▇▇▆█▆▆▇▆▇█▇██
wandb: 
wandb: Run summary:
wandb:          epoch 809
wandb: train_accuracy 79.80132
wandb:     train_loss 0.46009
wandb:   val_accuracy 58.33333
wandb:       val_loss 1.22031
wandb: 
wandb: 🚀 View run intphys2_linear_videomae_vit_huge_16_224_layer_24/trial_0010 at: https://wandb.ai/caselli-niccolo-developer-university-of-amsterdam/probe4physics/runs/r1agt1jz
wandb: ⭐️ View project at: https://wandb.ai/caselli-niccolo-developer-university-of-amsterdam/probe4physics
wandb: Synced 4 W&B file(s), 0 media file(s), 0 artifact file(s) and 0 other file(s)
wandb: Find logs at: ./wandb/run-20260426_174007-r1agt1jz/logs
[I 2026-04-26 17:40:34,469] Trial 10 pruned. Pruned at epoch 809 with val_accuracy=58.3333
wandb: setting up run hrax9viz
wandb: Tracking run with wandb version 0.26.1
wandb: Run data is saved locally in /gpfs/home3/scur0511/Probe4Physics/wandb/run-20260426_174034-hrax9viz
wandb: Run `wandb offline` to turn off syncing.
wandb: Syncing run intphys2_linear_videomae_vit_huge_16_224_layer_24/trial_0011
wandb: ⭐️ View project at https://wandb.ai/caselli-niccolo-developer-university-of-amsterdam/probe4physics
wandb: 🚀 View run at https://wandb.ai/caselli-niccolo-developer-university-of-amsterdam/probe4physics/runs/hrax9viz
[eval.intphys2] Starting eval | split_name=val split_dir=data/splits/intphys2 predictor_mode=from_file metadata_file=data/annotations/intphys2_metadata.csv
[eval.intphys2] Loaded split assignments | split_scenes=51 split_samples=204
[eval.intphys2] Generated predictions | n_predictions=204
[eval.intphys2] Scoring complete | accuracy=51.4706 voe_accuracy=11.7647 n_scenes=51 n_samples=204
[eval.intphys2] Artifacts written | output_dir=artifacts/probes/intphys2/intphys2_probe_linear_videomae_vit_huge_16_224_20260426T152120Z/layer_24/train/trial_0011/val_eval
wandb: updating run metadata
wandb: uploading wandb-metadata.json; uploading requirements.txt; uploading output.log; uploading wandb-summary.json; uploading config.yaml
wandb: 
wandb: Run history:
wandb:          epoch ▁▁▂▂▂▃▃▄▄▄▅▅▅▆▆▇▇▇██
wandb: train_accuracy ▁▄▅▅▃▂▄▄▇▁▇▃▆▇▇▅█▆▆▃
wandb:     train_loss █▄▄▅▆▂▂▃▂▂▃▃▁▁▁▁▂▃▃▄
wandb:   val_accuracy ▄▅▄▁▂▅▇▂▃█▃█▆█▆▇▆▂█▅
wandb:       val_loss ▄▅▃▂▂▁▁▂▂▁▂▁▂▁▁▁▃▁▃█
wandb: 
wandb: Run summary:
wandb:           best_epoch 10
wandb:    best_val_accuracy 51.47059
wandb:        best_val_loss 0.70252
wandb: checkpoint_best_path artifacts/probes/int...
wandb: checkpoint_last_path artifacts/probes/int...
wandb:      checkpoint_path artifacts/probes/int...
wandb:              dataset intphys2
wandb:      elapsed_seconds 1.37407
wandb:                epoch 20
wandb:    feature_signature 1e642fe5ac5d5e7f
wandb:                  +22 ...
wandb: 
wandb: 🚀 View run intphys2_linear_videomae_vit_huge_16_224_layer_24/trial_0011 at: https://wandb.ai/caselli-niccolo-developer-university-of-amsterdam/probe4physics/runs/hrax9viz
wandb: ⭐️ View project at: https://wandb.ai/caselli-niccolo-developer-university-of-amsterdam/probe4physics
wandb: Synced 5 W&B file(s), 0 media file(s), 0 artifact file(s) and 0 other file(s)
wandb: Find logs at: ./wandb/run-20260426_174034-hrax9viz/logs
[I 2026-04-26 17:40:37,047] Trial 11 finished with value: 11.76470588235294 and parameters: {'lr': 0.0009028168422346196, 'weight_decay': 0.00013851041848413182, 'batch_size': 64, 'epochs': 20}. Best is trial 0 with value: 37.254901960784316.
wandb: setting up run ex8a827s
wandb: Tracking run with wandb version 0.26.1
wandb: Run data is saved locally in /gpfs/home3/scur0511/Probe4Physics/wandb/run-20260426_174037-ex8a827s
wandb: Run `wandb offline` to turn off syncing.
wandb: Syncing run intphys2_linear_videomae_vit_huge_16_224_layer_24/trial_0012
wandb: ⭐️ View project at https://wandb.ai/caselli-niccolo-developer-university-of-amsterdam/probe4physics
wandb: 🚀 View run at https://wandb.ai/caselli-niccolo-developer-university-of-amsterdam/probe4physics/runs/ex8a827s
wandb: updating run metadata
wandb: uploading wandb-metadata.json; uploading requirements.txt; uploading wandb-summary.json; uploading config.yaml
wandb: uploading config.yaml
wandb: 
wandb: Run history:
wandb:          epoch ▁▁▁▁▁▂▂▂▂▂▂▃▃▃▃▄▄▄▄▄▅▅▅▅▅▆▆▆▆▆▆▇▇▇▇▇▇███
wandb: train_accuracy ▃▁▃▅▅▅▃▃▃▂▁▂▅▆▅▄▅▅▄▄▄▄▆▆▇▇█▇▆▇▇█▆▇▇▆▆▅▆▆
wandb:     train_loss █▅▄▂▂▂▂▂▂▂▂▂▂▂▁▁▁▁▁▁▁▁▁▁▁▁▁▁▁▁▁▁▁▁▁▁▁▁▁▁
wandb:   val_accuracy ▆▅▃▂▄▄▃▃▃▂▂▂▂▃▄▂▂▁▃▂▅▅▅▆▅▅▆▇▇▅▆▇▆▅▅█▅██▃
wandb:       val_loss █▃▂▂▂▂▂▂▂▂▂▂▂▂▂▂▁▁▁▁▁▁▁▁▁▁▁▁▁▁▁▁▁▁▁▁▁▁▁▁
wandb: 
wandb: Run summary:
wandb:          epoch 101
wandb: train_accuracy 50.82781
wandb:     train_loss 0.70394
wandb:   val_accuracy 49.01961
wandb:       val_loss 0.71395
wandb: 
wandb: 🚀 View run intphys2_linear_videomae_vit_huge_16_224_layer_24/trial_0012 at: https://wandb.ai/caselli-niccolo-developer-university-of-amsterdam/probe4physics/runs/ex8a827s
wandb: ⭐️ View project at: https://wandb.ai/caselli-niccolo-developer-university-of-amsterdam/probe4physics
wandb: Synced 4 W&B file(s), 0 media file(s), 0 artifact file(s) and 0 other file(s)
wandb: Find logs at: ./wandb/run-20260426_174037-ex8a827s/logs
[I 2026-04-26 17:40:41,219] Trial 12 pruned. Pruned at epoch 101 with val_accuracy=49.0196
wandb: setting up run ktc4g502
wandb: Tracking run with wandb version 0.26.1
wandb: Run data is saved locally in /gpfs/home3/scur0511/Probe4Physics/wandb/run-20260426_174041-ktc4g502
wandb: Run `wandb offline` to turn off syncing.
wandb: Syncing run intphys2_linear_videomae_vit_huge_16_224_layer_24/trial_0013
wandb: ⭐️ View project at https://wandb.ai/caselli-niccolo-developer-university-of-amsterdam/probe4physics
wandb: 🚀 View run at https://wandb.ai/caselli-niccolo-developer-university-of-amsterdam/probe4physics/runs/ktc4g502
wandb: updating run metadata
wandb: uploading wandb-summary.json; uploading config.yaml
wandb: 
wandb: Run history:
wandb:          epoch ▁▁▁▂▂▂▃▃▃▃▃▃▃▃▄▄▄▄▄▄▅▅▅▅▅▅▅▅▅▆▆▆▆▆▇▇▇▇██
wandb: train_accuracy ▂▃▁▂▃▂▃▃▂▄▄▄▅▂▄▃▄▅▅▄▅▆▅▅▇▅▆▆▇▄▆▇▇▇▇▇▇███
wandb:     train_loss █▇▇▅▅▅▆▅▅▅▄▅▄▄▅▄▄▄▄▄▄▃▄▅▄▄▃▃▃▂▂▃▂▂▁▁▁▂▁▁
wandb:   val_accuracy ▂▁▃▂▁▄▄▅▅▂▃▃▅▅▁▅▄▅▆▆▆▆▆▆▄▄▄▆▆▃▅█▄▅▂▄▆▆▅▄
wandb:       val_loss ▅▄▄▆█▃▄▄▂▂▂▆▂▂▂▄▁▁▅▁▂▇▁▁▂▁▂▁▃▁▂▇▃▄▂▂▂▆▂▃
wandb: 
wandb: Run summary:
wandb:          epoch 318
wandb: train_accuracy 64.90066
wandb:     train_loss 0.64596
wandb:   val_accuracy 51.47059
wandb:       val_loss 0.70962
wandb: 
wandb: 🚀 View run intphys2_linear_videomae_vit_huge_16_224_layer_24/trial_0013 at: https://wandb.ai/caselli-niccolo-developer-university-of-amsterdam/probe4physics/runs/ktc4g502
wandb: ⭐️ View project at: https://wandb.ai/caselli-niccolo-developer-university-of-amsterdam/probe4physics
wandb: Synced 4 W&B file(s), 0 media file(s), 0 artifact file(s) and 0 other file(s)
wandb: Find logs at: ./wandb/run-20260426_174041-ktc4g502/logs
[I 2026-04-26 17:40:52,734] Trial 13 pruned. Pruned at epoch 318 with val_accuracy=51.4706
wandb: setting up run w0iagf5f
wandb: Tracking run with wandb version 0.26.1
wandb: Run data is saved locally in /gpfs/home3/scur0511/Probe4Physics/wandb/run-20260426_174052-w0iagf5f
wandb: Run `wandb offline` to turn off syncing.
wandb: Syncing run intphys2_linear_videomae_vit_huge_16_224_layer_24/trial_0014
wandb: ⭐️ View project at https://wandb.ai/caselli-niccolo-developer-university-of-amsterdam/probe4physics
wandb: 🚀 View run at https://wandb.ai/caselli-niccolo-developer-university-of-amsterdam/probe4physics/runs/w0iagf5f
[eval.intphys2] Starting eval | split_name=val split_dir=data/splits/intphys2 predictor_mode=from_file metadata_file=data/annotations/intphys2_metadata.csv
[eval.intphys2] Loaded split assignments | split_scenes=51 split_samples=204
[eval.intphys2] Generated predictions | n_predictions=204
[eval.intphys2] Scoring complete | accuracy=61.2745 voe_accuracy=33.3333 n_scenes=51 n_samples=204
[eval.intphys2] Artifacts written | output_dir=artifacts/probes/intphys2/intphys2_probe_linear_videomae_vit_huge_16_224_20260426T152120Z/layer_24/train/trial_0014/val_eval
wandb: updating run metadata
wandb: uploading output.log; uploading wandb-summary.json; uploading config.yaml
wandb: uploading history steps 814-999, summary, console lines 0-4
wandb: 
wandb: Run history:
wandb:          epoch ▁▁▂▂▂▂▂▂▂▂▃▃▃▄▄▄▄▄▄▅▅▅▅▅▅▆▆▆▆▆▆▆▇▇▇▇▇███
wandb: train_accuracy ▁▂▂▁▂▃▃▄▄▄▃▅▅▆▄▅▆▅▅▇▆▇▆▇▆▇▅▇▇▆█▇▇▇▆▇███▇
wandb:     train_loss ███▇▇▇▇▆▆▆▅▇▅▅▅▅▄▄▃▅▃▂▂▂▂▂▂▂▂▂▂▂▂▃▂▂▃▁▁▁
wandb:   val_accuracy ▁▂▂▂▃▄▅▃▂▇▇▅▇█▅▇▅▇▅▅▅▅▆▆▆▆▅▅▅▅▅▄▃▇▆▆▅▇▆▆
wandb:       val_loss ▂▁▂▂▂▁▁▂▂▂▂▂▂▂▂▂▄▂▂▄▃▃▃▄▄▄▅▆▅▇█▆▆▆▇▇▇▇▇█
wandb: 
wandb: Run summary:
wandb:           best_epoch 308
wandb:    best_val_accuracy 61.27451
wandb:        best_val_loss 0.8005
wandb: checkpoint_best_path artifacts/probes/int...
wandb: checkpoint_last_path artifacts/probes/int...
wandb:      checkpoint_path artifacts/probes/int...
wandb:              dataset intphys2
wandb:      elapsed_seconds 40.73604
wandb:                epoch 1000
wandb:    feature_signature 1e642fe5ac5d5e7f
wandb:                  +22 ...
wandb: 
wandb: 🚀 View run intphys2_linear_videomae_vit_huge_16_224_layer_24/trial_0014 at: https://wandb.ai/caselli-niccolo-developer-university-of-amsterdam/probe4physics/runs/w0iagf5f
wandb: ⭐️ View project at: https://wandb.ai/caselli-niccolo-developer-university-of-amsterdam/probe4physics
wandb: Synced 5 W&B file(s), 0 media file(s), 0 artifact file(s) and 0 other file(s)
wandb: Find logs at: ./wandb/run-20260426_174052-w0iagf5f/logs
[I 2026-04-26 17:41:34,893] Trial 14 finished with value: 33.33333333333333 and parameters: {'lr': 0.0009550389696130119, 'weight_decay': 0.0006287181301801359, 'batch_size': 32, 'epochs': 1000}. Best is trial 0 with value: 37.254901960784316.
wandb: setting up run 2kqwqivv
wandb: Tracking run with wandb version 0.26.1
wandb: Run data is saved locally in /gpfs/home3/scur0511/Probe4Physics/wandb/run-20260426_174135-2kqwqivv
wandb: Run `wandb offline` to turn off syncing.
wandb: Syncing run intphys2_linear_videomae_vit_huge_16_224_layer_24/trial_0015
wandb: ⭐️ View project at https://wandb.ai/caselli-niccolo-developer-university-of-amsterdam/probe4physics
wandb: 🚀 View run at https://wandb.ai/caselli-niccolo-developer-university-of-amsterdam/probe4physics/runs/2kqwqivv
[eval.intphys2] Starting eval | split_name=val split_dir=data/splits/intphys2 predictor_mode=from_file metadata_file=data/annotations/intphys2_metadata.csv
[eval.intphys2] Loaded split assignments | split_scenes=51 split_samples=204
[eval.intphys2] Generated predictions | n_predictions=204
[eval.intphys2] Scoring complete | accuracy=50.9804 voe_accuracy=17.6471 n_scenes=51 n_samples=204
[eval.intphys2] Artifacts written | output_dir=artifacts/probes/intphys2/intphys2_probe_linear_videomae_vit_huge_16_224_20260426T152120Z/layer_24/train/trial_0015/val_eval
wandb: updating run metadata
wandb: uploading wandb-metadata.json; uploading requirements.txt; uploading output.log; uploading wandb-summary.json; uploading config.yaml
wandb: 
wandb: Run history:
wandb:          epoch ▁▁▂▂▂▃▃▄▄▄▅▅▅▆▆▇▇▇██
wandb: train_accuracy ▅▃▆▆▄▅▃▃▇█▅▃▆▄▅▆▃▁▃▃
wandb:     train_loss █▆▅▄▃▃▃▃▂▂▂▂▂▁▁▁▁▁▁▁
wandb:   val_accuracy ▁▄▄▇▄▂▅█▂▄▁▂▄▇▂▄▄▄▅▅
wandb:       val_loss █▆▅▅▅▅▄▃▃▃▂▂▂▂▂▂▁▁▁▁
wandb: 
wandb: Run summary:
wandb:           best_epoch 8
wandb:    best_val_accuracy 50.9804
wandb:        best_val_loss 0.77611
wandb: checkpoint_best_path artifacts/probes/int...
wandb: checkpoint_last_path artifacts/probes/int...
wandb:      checkpoint_path artifacts/probes/int...
wandb:              dataset intphys2
wandb:      elapsed_seconds 1.30184
wandb:                epoch 20
wandb:    feature_signature 1e642fe5ac5d5e7f
wandb:                  +22 ...
wandb: 
wandb: 🚀 View run intphys2_linear_videomae_vit_huge_16_224_layer_24/trial_0015 at: https://wandb.ai/caselli-niccolo-developer-university-of-amsterdam/probe4physics/runs/2kqwqivv
wandb: ⭐️ View project at: https://wandb.ai/caselli-niccolo-developer-university-of-amsterdam/probe4physics
wandb: Synced 5 W&B file(s), 0 media file(s), 0 artifact file(s) and 0 other file(s)
wandb: Find logs at: ./wandb/run-20260426_174135-2kqwqivv/logs
[I 2026-04-26 17:41:37,357] Trial 15 finished with value: 17.647058823529413 and parameters: {'lr': 2.990630550212624e-05, 'weight_decay': 4.792092864251368e-05, 'batch_size': 128, 'epochs': 20}. Best is trial 0 with value: 37.254901960784316.
wandb: setting up run 72c7h8pe
wandb: Tracking run with wandb version 0.26.1
wandb: Run data is saved locally in /gpfs/home3/scur0511/Probe4Physics/wandb/run-20260426_174137-72c7h8pe
wandb: Run `wandb offline` to turn off syncing.
wandb: Syncing run intphys2_linear_videomae_vit_huge_16_224_layer_24/trial_0016
wandb: ⭐️ View project at https://wandb.ai/caselli-niccolo-developer-university-of-amsterdam/probe4physics
wandb: 🚀 View run at https://wandb.ai/caselli-niccolo-developer-university-of-amsterdam/probe4physics/runs/72c7h8pe
[eval.intphys2] Starting eval | split_name=val split_dir=data/splits/intphys2 predictor_mode=from_file metadata_file=data/annotations/intphys2_metadata.csv
[eval.intphys2] Loaded split assignments | split_scenes=51 split_samples=204
[eval.intphys2] Generated predictions | n_predictions=204
[eval.intphys2] Scoring complete | accuracy=61.2745 voe_accuracy=37.2549 n_scenes=51 n_samples=204
[eval.intphys2] Artifacts written | output_dir=artifacts/probes/intphys2/intphys2_probe_linear_videomae_vit_huge_16_224_20260426T152120Z/layer_24/train/trial_0016/val_eval
wandb: updating run metadata
wandb: uploading history steps 0-499, summary, console lines 0-4
wandb: 
wandb: Run history:
wandb:          epoch ▁▁▁▁▂▂▂▃▃▃▃▃▃▃▄▄▄▅▅▅▅▅▆▆▆▆▆▆▆▆▇▇▇▇▇▇████
wandb: train_accuracy ▁▂▁▃▂▄▄▄▆▄▆▆▆▂▅▄▅▅▅▆▅▄▆▆▇▆▄▇▇█▆▇▇█▆▆▇▆▇█
wandb:     train_loss █▅▄▄▄▄▄▅▄▃▃▃▃▄▃▃▃▂▃▃▂▂▂▂▂▂▃▂▂▂▂▁▁▁▁▁▂▁▂▁
wandb:   val_accuracy ▂▁▂▃▂▂▂▂▂▅▂▂▅▂▃▅▃▃▅▅▃▃▇▅▄▅▄▅▅▄▅▅▅▆▇▆▇▇▅█
wandb:       val_loss ▄▄▃▃▂▃▂▂▂▂▂▄▁▁▁█▃▁▁▁▁▁▅▂▂▂▇▂▃▄▂▆▃▃▆▅▇▄▄▆
wandb: 
wandb: Run summary:
wandb:           best_epoch 423
wandb:    best_val_accuracy 61.27451
wandb:        best_val_loss 0.70592
wandb: checkpoint_best_path artifacts/probes/int...
wandb: checkpoint_last_path artifacts/probes/int...
wandb:      checkpoint_path artifacts/probes/int...
wandb:              dataset intphys2
wandb:      elapsed_seconds 12.29068
wandb:                epoch 500
wandb:    feature_signature 1e642fe5ac5d5e7f
wandb:                  +22 ...
wandb: 
wandb: 🚀 View run intphys2_linear_videomae_vit_huge_16_224_layer_24/trial_0016 at: https://wandb.ai/caselli-niccolo-developer-university-of-amsterdam/probe4physics/runs/72c7h8pe
wandb: ⭐️ View project at: https://wandb.ai/caselli-niccolo-developer-university-of-amsterdam/probe4physics
wandb: Synced 5 W&B file(s), 0 media file(s), 0 artifact file(s) and 0 other file(s)
wandb: Find logs at: ./wandb/run-20260426_174137-72c7h8pe/logs
[I 2026-04-26 17:41:51,011] Trial 16 finished with value: 37.254901960784316 and parameters: {'lr': 0.0007814678475619724, 'weight_decay': 0.0013619271916917198, 'batch_size': 256, 'epochs': 500}. Best is trial 0 with value: 37.254901960784316.
wandb: setting up run jbzyf0x7
wandb: Tracking run with wandb version 0.26.1
wandb: Run data is saved locally in /gpfs/home3/scur0511/Probe4Physics/wandb/run-20260426_174151-jbzyf0x7
wandb: Run `wandb offline` to turn off syncing.
wandb: Syncing run intphys2_linear_videomae_vit_huge_16_224_layer_24/trial_0017
wandb: ⭐️ View project at https://wandb.ai/caselli-niccolo-developer-university-of-amsterdam/probe4physics
wandb: 🚀 View run at https://wandb.ai/caselli-niccolo-developer-university-of-amsterdam/probe4physics/runs/jbzyf0x7
[eval.intphys2] Starting eval | split_name=val split_dir=data/splits/intphys2 predictor_mode=from_file metadata_file=data/annotations/intphys2_metadata.csv
[eval.intphys2] Loaded split assignments | split_scenes=51 split_samples=204
[eval.intphys2] Generated predictions | n_predictions=204
[eval.intphys2] Scoring complete | accuracy=59.8039 voe_accuracy=37.2549 n_scenes=51 n_samples=204
[eval.intphys2] Artifacts written | output_dir=artifacts/probes/intphys2/intphys2_probe_linear_videomae_vit_huge_16_224_20260426T152120Z/layer_24/train/trial_0017/val_eval
wandb: updating run metadata
wandb: uploading output.log; uploading wandb-summary.json; uploading config.yaml
wandb: 
wandb: Run history:
wandb:          epoch ▁▁▁▁▁▂▂▂▂▂▃▃▃▃▃▃▃▄▄▄▄▄▄▄▅▅▅▅▆▆▆▆▆▆▆▇▇▇██
wandb: train_accuracy ▁▂▁▂▂▃▃▂▅▂▂▂▄▄▆▃▄▃▅▅▅▄▆▅▇▄▆▆▇█▇▆▇▇▅▅█▇██
wandb:     train_loss █▃▁▁▁▁▁▁▁▁▁▁▂▁▁▁▁▁▁▁▁▁▁▁▁▁▁▁▁▁▁▁▁▁▁▁▁▁▁▁
wandb:   val_accuracy ▂▄▁▄▂▄▅▃▄▆▆▅▄▆█▅▁▄▄▂▃▇▅▄▄▄▃▅▇█▄▅▄▅▄▂▄▅▅▆
wandb:       val_loss ▃▁▁▁▂▂▂▂▂▃▃▂▂▃▂▇▄▄▂▃▅▄▃▃▄▄▄▄▅▄▆▅▅█▆▅▅▅▅▆
wandb: 
wandb: Run summary:
wandb:           best_epoch 386
wandb:    best_val_accuracy 59.80392
wandb:        best_val_loss 1.04916
wandb: checkpoint_best_path artifacts/probes/int...
wandb: checkpoint_last_path artifacts/probes/int...
wandb:      checkpoint_path artifacts/probes/int...
wandb:              dataset intphys2
wandb:      elapsed_seconds 12.8361
wandb:                epoch 500
wandb:    feature_signature 1e642fe5ac5d5e7f
wandb:                  +22 ...
wandb: 
wandb: 🚀 View run intphys2_linear_videomae_vit_huge_16_224_layer_24/trial_0017 at: https://wandb.ai/caselli-niccolo-developer-university-of-amsterdam/probe4physics/runs/jbzyf0x7
wandb: ⭐️ View project at: https://wandb.ai/caselli-niccolo-developer-university-of-amsterdam/probe4physics
wandb: Synced 5 W&B file(s), 0 media file(s), 0 artifact file(s) and 0 other file(s)
wandb: Find logs at: ./wandb/run-20260426_174151-jbzyf0x7/logs
[I 2026-04-26 17:42:04,978] Trial 17 finished with value: 37.254901960784316 and parameters: {'lr': 0.007985634897281529, 'weight_decay': 0.0022544039170690417, 'batch_size': 256, 'epochs': 500}. Best is trial 0 with value: 37.254901960784316.
wandb: setting up run v7gzzudp
wandb: Tracking run with wandb version 0.26.1
wandb: Run data is saved locally in /gpfs/home3/scur0511/Probe4Physics/wandb/run-20260426_174205-v7gzzudp
wandb: Run `wandb offline` to turn off syncing.
wandb: Syncing run intphys2_linear_videomae_vit_huge_16_224_layer_24/trial_0018
wandb: ⭐️ View project at https://wandb.ai/caselli-niccolo-developer-university-of-amsterdam/probe4physics
wandb: 🚀 View run at https://wandb.ai/caselli-niccolo-developer-university-of-amsterdam/probe4physics/runs/v7gzzudp
[eval.intphys2] Starting eval | split_name=val split_dir=data/splits/intphys2 predictor_mode=from_file metadata_file=data/annotations/intphys2_metadata.csv
[eval.intphys2] Loaded split assignments | split_scenes=51 split_samples=204
[eval.intphys2] Generated predictions | n_predictions=204
[eval.intphys2] Scoring complete | accuracy=61.2745 voe_accuracy=39.2157 n_scenes=51 n_samples=204
[eval.intphys2] Artifacts written | output_dir=artifacts/probes/intphys2/intphys2_probe_linear_videomae_vit_huge_16_224_20260426T152120Z/layer_24/train/trial_0018/val_eval
wandb: updating run metadata
wandb: uploading output.log; uploading wandb-summary.json; uploading config.yaml
wandb: 
wandb: Run history:
wandb:          epoch ▁▁▁▁▂▂▂▂▂▃▃▃▃▃▃▄▄▄▄▄▄▄▄▄▄▅▅▆▆▆▆▇▇▇▇█████
wandb: train_accuracy ▁▂▁▃▂▁▄▄▄▄▅▃▃▄▅▅▅▅▆▆▄▄▂▇▆▆▅▄▇▆▇▆▆▆▆▇██▆█
wandb:     train_loss ██▆▆▆▆▆▆▆▆▆▅▅▄▄▅▄▅▄▄▄▄▃▃▃▃▃▄▄▃▃▂▂▂▂▃▂▂▂▁
wandb:   val_accuracy ▁▃▃▄▃▃▁▁▅▇▄▆▃▄▆▅▄▄▆▆█▅▂▂▇▅▃▅▆█▇▆▆▇▇▇▆▄▇▆
wandb:       val_loss █▅▃▂▁▂▂▂▄▁▁▁▁▃▁▂▃▂▄▁▂▃▃▅▃▂▂▃▄▄▅▄▄▅▄▅▅▅▅▅
wandb: 
wandb: Run summary:
wandb:           best_epoch 361
wandb:    best_val_accuracy 61.27451
wandb:        best_val_loss 0.72044
wandb: checkpoint_best_path artifacts/probes/int...
wandb: checkpoint_last_path artifacts/probes/int...
wandb:      checkpoint_path artifacts/probes/int...
wandb:              dataset intphys2
wandb:      elapsed_seconds 12.70655
wandb:                epoch 500
wandb:    feature_signature 1e642fe5ac5d5e7f
wandb:                  +22 ...
wandb: 
wandb: 🚀 View run intphys2_linear_videomae_vit_huge_16_224_layer_24/trial_0018 at: https://wandb.ai/caselli-niccolo-developer-university-of-amsterdam/probe4physics/runs/v7gzzudp
wandb: ⭐️ View project at: https://wandb.ai/caselli-niccolo-developer-university-of-amsterdam/probe4physics
wandb: Synced 5 W&B file(s), 0 media file(s), 0 artifact file(s) and 0 other file(s)
wandb: Find logs at: ./wandb/run-20260426_174205-v7gzzudp/logs
[I 2026-04-26 17:42:18,717] Trial 18 finished with value: 39.21568627450981 and parameters: {'lr': 0.0008129948297847977, 'weight_decay': 9.622097331889619e-06, 'batch_size': 256, 'epochs': 500}. Best is trial 18 with value: 39.21568627450981.
wandb: setting up run 7vbafez7
wandb: Tracking run with wandb version 0.26.1
wandb: Run data is saved locally in /gpfs/home3/scur0511/Probe4Physics/wandb/run-20260426_174218-7vbafez7
wandb: Run `wandb offline` to turn off syncing.
wandb: Syncing run intphys2_linear_videomae_vit_huge_16_224_layer_24/trial_0019
wandb: ⭐️ View project at https://wandb.ai/caselli-niccolo-developer-university-of-amsterdam/probe4physics
wandb: 🚀 View run at https://wandb.ai/caselli-niccolo-developer-university-of-amsterdam/probe4physics/runs/7vbafez7
[eval.intphys2] Starting eval | split_name=val split_dir=data/splits/intphys2 predictor_mode=from_file metadata_file=data/annotations/intphys2_metadata.csv
[eval.intphys2] Loaded split assignments | split_scenes=51 split_samples=204
[eval.intphys2] Generated predictions | n_predictions=204
[eval.intphys2] Scoring complete | accuracy=61.2745 voe_accuracy=39.2157 n_scenes=51 n_samples=204
[eval.intphys2] Artifacts written | output_dir=artifacts/probes/intphys2/intphys2_probe_linear_videomae_vit_huge_16_224_20260426T152120Z/layer_24/train/trial_0019/val_eval
wandb: updating run metadata
wandb: uploading output.log; uploading wandb-summary.json; uploading config.yaml
wandb: 
wandb: Run history:
wandb:          epoch ▁▁▁▁▂▂▂▂▂▂▃▃▃▄▄▄▄▅▅▅▅▅▅▆▆▆▆▆▆▆▇▇▇▇▇▇████
wandb: train_accuracy ▃▁▁▁▂▂▃▃▃▁▄▁▅▃▂▆▄▇▃▄▅▆▇▅▇▅▆▅▆▇▆▆▆▇▆▆█▆▆█
wandb:     train_loss ▅▆▆▅▅▅▅█▄▅▅▅▅▅▄▃▃▃▅▃▃▃▃▃▂▂▃▄▂▂▂▂▂▂▁▂▂▂▁▁
wandb:   val_accuracy ▁▃▃▂▃▄▃▂▅▂▂▃▂▅▂▂▅▃█▂▆▆▄▅▃▆▄▆▆▄▆▆▅▂▅▄▆▃▄▅
wandb:       val_loss ▂▁▁▃▁▁▁▃▃▁▂▄▄▃▂▂▃▄▂█▄▃▃▅▄▄▄▆▅▄▄▃▅▆▅▅▅▇▆▆
wandb: 
wandb: Run summary:
wandb:           best_epoch 386
wandb:    best_val_accuracy 61.27451
wandb:        best_val_loss 0.80661
wandb: checkpoint_best_path artifacts/probes/int...
wandb: checkpoint_last_path artifacts/probes/int...
wandb:      checkpoint_path artifacts/probes/int...
wandb:              dataset intphys2
wandb:      elapsed_seconds 12.77434
wandb:                epoch 500
wandb:    feature_signature 1e642fe5ac5d5e7f
wandb:                  +22 ...
wandb: 
wandb: 🚀 View run intphys2_linear_videomae_vit_huge_16_224_layer_24/trial_0019 at: https://wandb.ai/caselli-niccolo-developer-university-of-amsterdam/probe4physics/runs/7vbafez7
wandb: ⭐️ View project at: https://wandb.ai/caselli-niccolo-developer-university-of-amsterdam/probe4physics
wandb: Synced 5 W&B file(s), 0 media file(s), 0 artifact file(s) and 0 other file(s)
wandb: Find logs at: ./wandb/run-20260426_174218-7vbafez7/logs
[I 2026-04-26 17:42:32,705] Trial 19 finished with value: 39.21568627450981 and parameters: {'lr': 0.0023493813011513645, 'weight_decay': 9.555024837062075e-06, 'batch_size': 256, 'epochs': 500}. Best is trial 18 with value: 39.21568627450981.
[eval.intphys2] Starting eval | split_name=train split_dir=data/splits/intphys2 predictor_mode=from_file metadata_file=data/annotations/intphys2_metadata.csv
[eval.intphys2] Loaded split assignments | split_scenes=151 split_samples=604
[eval.intphys2] Generated predictions | n_predictions=604
[eval.intphys2] Scoring complete | accuracy=66.0596 voe_accuracy=54.9669 n_scenes=151 n_samples=604
[eval.intphys2] Artifacts written | output_dir=artifacts/probes/intphys2/intphys2_probe_linear_videomae_vit_huge_16_224_20260426T152120Z/layer_24/eval/train
[eval.intphys2] Starting eval | split_name=val split_dir=data/splits/intphys2 predictor_mode=from_file metadata_file=data/annotations/intphys2_metadata.csv
[eval.intphys2] Loaded split assignments | split_scenes=51 split_samples=204
[eval.intphys2] Generated predictions | n_predictions=204
[eval.intphys2] Scoring complete | accuracy=61.2745 voe_accuracy=39.2157 n_scenes=51 n_samples=204
[eval.intphys2] Artifacts written | output_dir=artifacts/probes/intphys2/intphys2_probe_linear_videomae_vit_huge_16_224_20260426T152120Z/layer_24/eval/val
[eval.intphys2] Starting eval | split_name=test split_dir=data/splits/intphys2 predictor_mode=from_file metadata_file=data/annotations/intphys2_metadata.csv
[eval.intphys2] Loaded split assignments | split_scenes=51 split_samples=204
[eval.intphys2] Generated predictions | n_predictions=204
[eval.intphys2] Scoring complete | accuracy=56.3725 voe_accuracy=35.2941 n_scenes=51 n_samples=204
[eval.intphys2] Artifacts written | output_dir=artifacts/probes/intphys2/intphys2_probe_linear_videomae_vit_huge_16_224_20260426T152120Z/layer_24/eval/test
[I 2026-04-26 17:42:33,066] A new study created in RDB with name: intphys2_linear_videomae_vit_huge_16_224_layer_32
wandb: setting up run cqliyeel
wandb: Tracking run with wandb version 0.26.1
wandb: Run data is saved locally in /gpfs/home3/scur0511/Probe4Physics/wandb/run-20260426_174233-cqliyeel
wandb: Run `wandb offline` to turn off syncing.
wandb: Syncing run intphys2_linear_videomae_vit_huge_16_224_layer_32/trial_0000
wandb: ⭐️ View project at https://wandb.ai/caselli-niccolo-developer-university-of-amsterdam/probe4physics
wandb: 🚀 View run at https://wandb.ai/caselli-niccolo-developer-university-of-amsterdam/probe4physics/runs/cqliyeel
[eval.intphys2] Starting eval | split_name=val split_dir=data/splits/intphys2 predictor_mode=from_file metadata_file=data/annotations/intphys2_metadata.csv
[eval.intphys2] Loaded split assignments | split_scenes=51 split_samples=204
[eval.intphys2] Generated predictions | n_predictions=204
[eval.intphys2] Scoring complete | accuracy=57.8431 voe_accuracy=19.6078 n_scenes=51 n_samples=204
[eval.intphys2] Artifacts written | output_dir=artifacts/probes/intphys2/intphys2_probe_linear_videomae_vit_huge_16_224_20260426T152120Z/layer_32/train/trial_0000/val_eval
wandb: updating run metadata
wandb: uploading config.yaml; uploading output.log; uploading wandb-summary.json
wandb: 
wandb: Run history:
wandb:          epoch ▁▁▂▂▂▂▂▂▂▂▃▃▃▃▃▃▃▃▃▃▄▄▅▅▅▅▆▆▆▆▆▆▆▇▇▇▇███
wandb: train_accuracy ▁▁▂▁▂▂▂▃▄▃▄▄▅▅▅▆▆▆▅▆▆▆▆▇▇▇▆▇▇▇█▇█▇▇███▇█
wandb:     train_loss █▇▆▅▅▄▅▄▄▄▃▃▃▃▃▃▃▂▂▂▂▂▂▂▂▂▂▂▂▂▂▂▂▂▂▁▁▁▁▁
wandb:   val_accuracy ▃▁▂▅▆▄▂▄█▆▃▄▄▆█▆▆▄▄▇▃▆▅▅▄▄▄▄▄▄▃▂▅▄▂▆▃▄▄▅
wandb:       val_loss ▁▁▁▁▂▂▂▂▂▃▄▅▅▅▅▅▆▅▆▆▆▆▆▆▆▆▆▇▇▇▇▇▇▇▇▇▇▇██
wandb: 
wandb: Run summary:
wandb:           best_epoch 64
wandb:    best_val_accuracy 57.84314
wandb:        best_val_loss 0.88921
wandb: checkpoint_best_path artifacts/probes/int...
wandb: checkpoint_last_path artifacts/probes/int...
wandb:      checkpoint_path artifacts/probes/int...
wandb:              dataset intphys2
wandb:      elapsed_seconds 110.81319
wandb:                epoch 2000
wandb:    feature_signature 1e642fe5ac5d5e7f
wandb:                  +22 ...
wandb: 
wandb: 🚀 View run intphys2_linear_videomae_vit_huge_16_224_layer_32/trial_0000 at: https://wandb.ai/caselli-niccolo-developer-university-of-amsterdam/probe4physics/runs/cqliyeel
wandb: ⭐️ View project at: https://wandb.ai/caselli-niccolo-developer-university-of-amsterdam/probe4physics
wandb: Synced 5 W&B file(s), 0 media file(s), 0 artifact file(s) and 0 other file(s)
wandb: Find logs at: ./wandb/run-20260426_174233-cqliyeel/logs
[I 2026-04-26 17:44:24,928] Trial 0 finished with value: 19.607843137254903 and parameters: {'lr': 0.0001329291894316216, 'weight_decay': 0.005061576888752304, 'batch_size': 32, 'epochs': 2000}. Best is trial 0 with value: 19.607843137254903.
wandb: setting up run oarzgb0v
wandb: Tracking run with wandb version 0.26.1
wandb: Run data is saved locally in /gpfs/home3/scur0511/Probe4Physics/wandb/run-20260426_174425-oarzgb0v
wandb: Run `wandb offline` to turn off syncing.
wandb: Syncing run intphys2_linear_videomae_vit_huge_16_224_layer_32/trial_0001
wandb: ⭐️ View project at https://wandb.ai/caselli-niccolo-developer-university-of-amsterdam/probe4physics
wandb: 🚀 View run at https://wandb.ai/caselli-niccolo-developer-university-of-amsterdam/probe4physics/runs/oarzgb0v
[eval.intphys2] Starting eval | split_name=val split_dir=data/splits/intphys2 predictor_mode=from_file metadata_file=data/annotations/intphys2_metadata.csv
[eval.intphys2] Loaded split assignments | split_scenes=51 split_samples=204
[eval.intphys2] Generated predictions | n_predictions=204
[eval.intphys2] Scoring complete | accuracy=55.8824 voe_accuracy=17.6471 n_scenes=51 n_samples=204
[eval.intphys2] Artifacts written | output_dir=artifacts/probes/intphys2/intphys2_probe_linear_videomae_vit_huge_16_224_20260426T152120Z/layer_32/train/trial_0001/val_eval
wandb: updating run metadata
wandb: uploading requirements.txt; uploading output.log; uploading wandb-summary.json; uploading config.yaml; uploading wandb-metadata.json
wandb: 
wandb: Run history:
wandb:          epoch ▁▁▁▁▂▂▂▂▂▂▃▃▃▃▄▄▄▄▅▅▅▅▅▅▆▆▆▆▆▆▆▆▇▇▇█████
wandb: train_accuracy ▁▂▁▂▁▂▄▄▃▃▅▅▄▄▄▅▄▆▄▄▆▃▂▅▄▆▆▅▅▆▆▄▆▇▇▇▄▆▅█
wandb:     train_loss █▃▂▂▂▁▁▁▁▁▁▁▁▁▂▂▂▂▁▁▁▁▁▁▁▁▁▁▁▁▁▁▁▁▁▁▁▁▁▁
wandb:   val_accuracy ▄▃▂▄▂▄▃▄▁▅▃▅▄▄▄▄▄▄▄▃▄▅▃▄▄▅▆▃▆▄▆██▅▄▄▆▃▄▃
wandb:       val_loss ██▃▂▂▁▂▁▁▁▁▁▁▁▁▂▂▂▂▂▁▁▁▁▁▁▂▂▁▁▁▁▁▁▁▂▂▂▂▁
wandb: 
wandb: Run summary:
wandb:           best_epoch 80
wandb:    best_val_accuracy 55.88235
wandb:        best_val_loss 1.1326
wandb: checkpoint_best_path artifacts/probes/int...
wandb: checkpoint_last_path artifacts/probes/int...
wandb:      checkpoint_path artifacts/probes/int...
wandb:              dataset intphys2
wandb:      elapsed_seconds 2.65698
wandb:                epoch 100
wandb:    feature_signature 1e642fe5ac5d5e7f
wandb:                  +22 ...
wandb: 
wandb: 🚀 View run intphys2_linear_videomae_vit_huge_16_224_layer_32/trial_0001 at: https://wandb.ai/caselli-niccolo-developer-university-of-amsterdam/probe4physics/runs/oarzgb0v
wandb: ⭐️ View project at: https://wandb.ai/caselli-niccolo-developer-university-of-amsterdam/probe4physics
wandb: Synced 5 W&B file(s), 0 media file(s), 0 artifact file(s) and 0 other file(s)
wandb: Find logs at: ./wandb/run-20260426_174425-oarzgb0v/logs
[I 2026-04-26 17:44:28,643] Trial 1 finished with value: 17.647058823529413 and parameters: {'lr': 0.00314288089084011, 'weight_decay': 1.879466824163843e-07, 'batch_size': 256, 'epochs': 100}. Best is trial 0 with value: 19.607843137254903.
wandb: setting up run lckigsq4
wandb: Tracking run with wandb version 0.26.1
wandb: Run data is saved locally in /gpfs/home3/scur0511/Probe4Physics/wandb/run-20260426_174428-lckigsq4
wandb: Run `wandb offline` to turn off syncing.
wandb: Syncing run intphys2_linear_videomae_vit_huge_16_224_layer_32/trial_0002
wandb: ⭐️ View project at https://wandb.ai/caselli-niccolo-developer-university-of-amsterdam/probe4physics
wandb: 🚀 View run at https://wandb.ai/caselli-niccolo-developer-university-of-amsterdam/probe4physics/runs/lckigsq4
[eval.intphys2] Starting eval | split_name=val split_dir=data/splits/intphys2 predictor_mode=from_file metadata_file=data/annotations/intphys2_metadata.csv
[eval.intphys2] Loaded split assignments | split_scenes=51 split_samples=204
[eval.intphys2] Generated predictions | n_predictions=204
[eval.intphys2] Scoring complete | accuracy=58.8235 voe_accuracy=29.4118 n_scenes=51 n_samples=204
[eval.intphys2] Artifacts written | output_dir=artifacts/probes/intphys2/intphys2_probe_linear_videomae_vit_huge_16_224_20260426T152120Z/layer_32/train/trial_0002/val_eval
wandb: uploading history steps 605-996, summary; updating run metadata
wandb: uploading output.log; uploading wandb-summary.json; uploading config.yaml
wandb: 
wandb: Run history:
wandb:          epoch ▁▁▁▂▂▂▂▂▂▂▂▂▂▂▂▃▃▃▃▃▃▄▄▄▄▄▅▅▆▆▆▆▆▆▆▇▇▇▇█
wandb: train_accuracy ▂▁▄▃▄▃▄▄▅▄▅▄▆▅▅▇▆▆▆▆▇▆▇▆▇▇▇▆▇▇▇▇▇█▇▇█▇▇▇
wandb:     train_loss █▆▅▅▅▅▄▄▄▄▃▃▃▃▃▃▂▂▂▂▂▂▂▂▂▂▁▁▂▂▁▁▁▁▁▁▁▁▁▁
wandb:   val_accuracy ▁▂▂▂▅▂▅█▅▅▄▄▅▄▄▃▄▅▃▅▄▆▅▅▅▄▅▆▄▅▅▅▅▅▅▄▅▄▅▃
wandb:       val_loss ▃▂▁▁▁▂▁▂▂▂▂▂▂▂▃▃▃▃▃▃▃▃▄▄▅▅▅▅▅▆▆▆▆▆█▇██▇█
wandb: 
wandb: Run summary:
wandb:           best_epoch 330
wandb:    best_val_accuracy 58.82353
wandb:        best_val_loss 0.96898
wandb: checkpoint_best_path artifacts/probes/int...
wandb: checkpoint_last_path artifacts/probes/int...
wandb:      checkpoint_path artifacts/probes/int...
wandb:              dataset intphys2
wandb:      elapsed_seconds 31.1416
wandb:                epoch 1000
wandb:    feature_signature 1e642fe5ac5d5e7f
wandb:                  +22 ...
wandb: 
wandb: 🚀 View run intphys2_linear_videomae_vit_huge_16_224_layer_32/trial_0002 at: https://wandb.ai/caselli-niccolo-developer-university-of-amsterdam/probe4physics/runs/lckigsq4
wandb: ⭐️ View project at: https://wandb.ai/caselli-niccolo-developer-university-of-amsterdam/probe4physics
wandb: Synced 5 W&B file(s), 0 media file(s), 0 artifact file(s) and 0 other file(s)
wandb: Find logs at: ./wandb/run-20260426_174428-lckigsq4/logs
[I 2026-04-26 17:45:00,852] Trial 2 finished with value: 29.411764705882355 and parameters: {'lr': 0.00023345864076016249, 'weight_decay': 0.0005141096648805752, 'batch_size': 128, 'epochs': 1000}. Best is trial 2 with value: 29.411764705882355.
wandb: setting up run cefnmkmg
wandb: Tracking run with wandb version 0.26.1
wandb: Run data is saved locally in /gpfs/home3/scur0511/Probe4Physics/wandb/run-20260426_174501-cefnmkmg
wandb: Run `wandb offline` to turn off syncing.
wandb: Syncing run intphys2_linear_videomae_vit_huge_16_224_layer_32/trial_0003
wandb: ⭐️ View project at https://wandb.ai/caselli-niccolo-developer-university-of-amsterdam/probe4physics
wandb: 🚀 View run at https://wandb.ai/caselli-niccolo-developer-university-of-amsterdam/probe4physics/runs/cefnmkmg
[eval.intphys2] Starting eval | split_name=val split_dir=data/splits/intphys2 predictor_mode=from_file metadata_file=data/annotations/intphys2_metadata.csv
[eval.intphys2] Loaded split assignments | split_scenes=51 split_samples=204
[eval.intphys2] Generated predictions | n_predictions=204
[eval.intphys2] Scoring complete | accuracy=54.9020 voe_accuracy=25.4902 n_scenes=51 n_samples=204
[eval.intphys2] Artifacts written | output_dir=artifacts/probes/intphys2/intphys2_probe_linear_videomae_vit_huge_16_224_20260426T152120Z/layer_32/train/trial_0003/val_eval
wandb: updating run metadata
wandb: uploading wandb-metadata.json; uploading requirements.txt; uploading output.log; uploading wandb-summary.json; uploading config.yaml
wandb: 
wandb: Run history:
wandb:          epoch ▁▁▁▁▂▂▂▂▂▃▃▃▃▃▃▄▄▄▄▄▅▅▅▅▅▅▆▆▆▆▆▇▇▇▇▇▇███
wandb: train_accuracy ▂▃▃▃▃▂▃▂▃▁▄▄▄▂▅▄▅▄▃▄▄▄▄▄▃▄▆▅▆▇▆█▅▇▆▆▅▇▇▇
wandb:     train_loss █▄▃▃▃▂▂▂▂▂▁▁▁▁▁▁▁▁▁▁▁▁▁▁▁▁▁▁▁▁▁▁▁▁▁▁▁▁▁▁
wandb:   val_accuracy ▃▂▃▃▅▇▄▅█▂▂▃▂▅▁█▆▂▂▄▄▃▆▂▂▄▅▅▃▅▄▄▃▃▆▃▅▅▆▃
wandb:       val_loss █▅▄▄▄▃▃▃▃▃▃▂▂▂▃▂▂▂▂▂▁▁▁▂▂▁▂▁▁▁▂▁▁▁▁▁▁▁▁▁
wandb: 
wandb: Run summary:
wandb:           best_epoch 19
wandb:    best_val_accuracy 54.90196
wandb:        best_val_loss 0.99698
wandb: checkpoint_best_path artifacts/probes/int...
wandb: checkpoint_last_path artifacts/probes/int...
wandb:      checkpoint_path artifacts/probes/int...
wandb:              dataset intphys2
wandb:      elapsed_seconds 2.3919
wandb:                epoch 50
wandb:    feature_signature 1e642fe5ac5d5e7f
wandb:                  +22 ...
wandb: 
wandb: 🚀 View run intphys2_linear_videomae_vit_huge_16_224_layer_32/trial_0003 at: https://wandb.ai/caselli-niccolo-developer-university-of-amsterdam/probe4physics/runs/cefnmkmg
wandb: ⭐️ View project at: https://wandb.ai/caselli-niccolo-developer-university-of-amsterdam/probe4physics
wandb: Synced 5 W&B file(s), 0 media file(s), 0 artifact file(s) and 0 other file(s)
wandb: Find logs at: ./wandb/run-20260426_174501-cefnmkmg/logs
[I 2026-04-26 17:45:04,246] Trial 3 finished with value: 25.49019607843137 and parameters: {'lr': 8.200518402245828e-05, 'weight_decay': 3.855073690026179e-08, 'batch_size': 32, 'epochs': 50}. Best is trial 2 with value: 29.411764705882355.
wandb: setting up run jhr3ola3
wandb: Tracking run with wandb version 0.26.1
wandb: Run data is saved locally in /gpfs/home3/scur0511/Probe4Physics/wandb/run-20260426_174504-jhr3ola3
wandb: Run `wandb offline` to turn off syncing.
wandb: Syncing run intphys2_linear_videomae_vit_huge_16_224_layer_32/trial_0004
wandb: ⭐️ View project at https://wandb.ai/caselli-niccolo-developer-university-of-amsterdam/probe4physics
wandb: 🚀 View run at https://wandb.ai/caselli-niccolo-developer-university-of-amsterdam/probe4physics/runs/jhr3ola3
[eval.intphys2] Starting eval | split_name=val split_dir=data/splits/intphys2 predictor_mode=from_file metadata_file=data/annotations/intphys2_metadata.csv
[eval.intphys2] Loaded split assignments | split_scenes=51 split_samples=204
[eval.intphys2] Generated predictions | n_predictions=204
[eval.intphys2] Scoring complete | accuracy=53.9216 voe_accuracy=17.6471 n_scenes=51 n_samples=204
[eval.intphys2] Artifacts written | output_dir=artifacts/probes/intphys2/intphys2_probe_linear_videomae_vit_huge_16_224_20260426T152120Z/layer_32/train/trial_0004/val_eval
wandb: updating run metadata
wandb: uploading wandb-metadata.json; uploading requirements.txt; uploading output.log; uploading wandb-summary.json; uploading config.yaml
wandb: 
wandb: Run history:
wandb:          epoch ▁▁▁▂▂▂▂▂▃▃▃▃▃▃▄▄▄▄▄▄▅▅▅▅▅▆▆▆▆▆▆▇▇▇▇▇▇███
wandb: train_accuracy ▂▃▃▂▃▂▂▁▁▁▃▅▃▂▅▅▄▄▄▅▆▄▅▆▄▆▆▃▅▄▇▆▇█▄█▄██▇
wandb:     train_loss █▆▄▃▃▆▃▃▃▃▂▃▃▂▃▄▃▂▂▂▂▂▂▁▁▂▁▂▂▂▂▂▁▂▁▂▂▁▁▁
wandb:   val_accuracy ▃▆▃▄▅▃▅█▁▁▃▅▄▅▄▅▄▅▄▃▄▄▆▃▄▃▄▇▂▄█▄▂▇▂▅▃▃▇▇
wandb:       val_loss █▆▅▃▂▇▃▂▁▂▂▂▁▁▂▂▂▂▂▂▁▃▂▁▁▁▁▂▂▂▂▁▁▂▂▁▂▂▂▂
wandb: 
wandb: Run summary:
wandb:           best_epoch 26
wandb:    best_val_accuracy 53.92157
wandb:        best_val_loss 0.8544
wandb: checkpoint_best_path artifacts/probes/int...
wandb: checkpoint_last_path artifacts/probes/int...
wandb:      checkpoint_path artifacts/probes/int...
wandb:              dataset intphys2
wandb:      elapsed_seconds 2.34584
wandb:                epoch 50
wandb:    feature_signature 1e642fe5ac5d5e7f
wandb:                  +22 ...
wandb: 
wandb: 🚀 View run intphys2_linear_videomae_vit_huge_16_224_layer_32/trial_0004 at: https://wandb.ai/caselli-niccolo-developer-university-of-amsterdam/probe4physics/runs/jhr3ola3
wandb: ⭐️ View project at: https://wandb.ai/caselli-niccolo-developer-university-of-amsterdam/probe4physics
wandb: Synced 5 W&B file(s), 0 media file(s), 0 artifact file(s) and 0 other file(s)
wandb: Find logs at: ./wandb/run-20260426_174504-jhr3ola3/logs
[I 2026-04-26 17:45:07,654] Trial 4 finished with value: 17.647058823529413 and parameters: {'lr': 0.00043664735929796326, 'weight_decay': 1.2856617791467908e-07, 'batch_size': 32, 'epochs': 50}. Best is trial 2 with value: 29.411764705882355.
wandb: setting up run wwuh1rqm
wandb: Tracking run with wandb version 0.26.1
wandb: Run data is saved locally in /gpfs/home3/scur0511/Probe4Physics/wandb/run-20260426_174507-wwuh1rqm
wandb: Run `wandb offline` to turn off syncing.
wandb: Syncing run intphys2_linear_videomae_vit_huge_16_224_layer_32/trial_0005
wandb: ⭐️ View project at https://wandb.ai/caselli-niccolo-developer-university-of-amsterdam/probe4physics
wandb: 🚀 View run at https://wandb.ai/caselli-niccolo-developer-university-of-amsterdam/probe4physics/runs/wwuh1rqm
wandb: updating run metadata
wandb: uploading wandb-metadata.json; uploading requirements.txt; uploading wandb-summary.json; uploading config.yaml
wandb: uploading wandb-metadata.json; uploading config.yaml
wandb: 
wandb: Run history:
wandb:          epoch ▁▁▂▂▂▂▂▂▂▃▃▃▃▃▄▄▄▄▄▅▅▅▅▅▅▆▆▆▆▆▇▇▇▇▇▇▇███
wandb: train_accuracy ▁▂▂▂▁▂▄▃▄▄▄▄▄▄▃▅▃▅▅▅▃▅▅▆▄▆▄▅▄▇▅▆▇█▇▇█▆▇▅
wandb:     train_loss █▆▆▅▄▃▃▃▃▂▃▃▂▂▂▂▂▂▂▂▂▂▁▂▁▂▁▁▁▁▁▁▂▁▁▂▁▁▁▁
wandb:   val_accuracy ▆▅▅▄▁▃▂▅▅▅▅▅▅▅▇▆▃▇▅▆▇▅▅▂▅▆█▄▃▅▅▆█▄▅▆▃▅▂▃
wandb:       val_loss █▇▄▃▃▃▃▂▄▂▂▂▂▁▂▁▁▂▁▂▃▂▅▁▁▁▂▁▁▂▂▁▂▃▁▂▂▂▃▂
wandb: 
wandb: Run summary:
wandb:          epoch 102
wandb: train_accuracy 57.28477
wandb:     train_loss 0.66945
wandb:   val_accuracy 53.43137
wandb:       val_loss 0.83926
wandb: 
wandb: 🚀 View run intphys2_linear_videomae_vit_huge_16_224_layer_32/trial_0005 at: https://wandb.ai/caselli-niccolo-developer-university-of-amsterdam/probe4physics/runs/wwuh1rqm
wandb: ⭐️ View project at: https://wandb.ai/caselli-niccolo-developer-university-of-amsterdam/probe4physics
wandb: Synced 4 W&B file(s), 0 media file(s), 0 artifact file(s) and 0 other file(s)
wandb: Find logs at: ./wandb/run-20260426_174507-wwuh1rqm/logs
[I 2026-04-26 17:45:12,679] Trial 5 pruned. Pruned at epoch 102 with val_accuracy=53.4314
wandb: setting up run k9uj4bwq
wandb: Tracking run with wandb version 0.26.1
wandb: Run data is saved locally in /gpfs/home3/scur0511/Probe4Physics/wandb/run-20260426_174512-k9uj4bwq
wandb: Run `wandb offline` to turn off syncing.
wandb: Syncing run intphys2_linear_videomae_vit_huge_16_224_layer_32/trial_0006
wandb: ⭐️ View project at https://wandb.ai/caselli-niccolo-developer-university-of-amsterdam/probe4physics
wandb: 🚀 View run at https://wandb.ai/caselli-niccolo-developer-university-of-amsterdam/probe4physics/runs/k9uj4bwq
[eval.intphys2] Starting eval | split_name=val split_dir=data/splits/intphys2 predictor_mode=from_file metadata_file=data/annotations/intphys2_metadata.csv
[eval.intphys2] Loaded split assignments | split_scenes=51 split_samples=204
[eval.intphys2] Generated predictions | n_predictions=204
[eval.intphys2] Scoring complete | accuracy=53.4314 voe_accuracy=19.6078 n_scenes=51 n_samples=204
[eval.intphys2] Artifacts written | output_dir=artifacts/probes/intphys2/intphys2_probe_linear_videomae_vit_huge_16_224_20260426T152120Z/layer_32/train/trial_0006/val_eval
wandb: updating run metadata
wandb: uploading wandb-metadata.json; uploading requirements.txt; uploading output.log; uploading wandb-summary.json; uploading config.yaml
wandb: uploading wandb-metadata.json; uploading output.log; uploading wandb-summary.json; uploading config.yaml
wandb: 
wandb: Run history:
wandb:          epoch ▁▁▁▂▂▂▂▂▂▃▃▃▃▄▄▄▄▄▄▄▅▅▅▅▅▆▆▆▆▆▇▇▇▇▇▇▇▇██
wandb: train_accuracy ▃▃▃▃▃▃▃▄▃▅▂▁█▇▇▇▇▇▇▇▆▆▆▄▃▄▄▃▃▂▂▂▁▁▃▂▂▃▅▄
wandb:     train_loss ██▇▅▅▅▃▃▃▃▂▂▂▂▂▂▂▂▂▂▂▂▂▂▂▁▁▁▁▁▁▁▁▁▁▁▁▁▁▁
wandb:   val_accuracy ▂▂▄▂▂▂▁▂▁▃▃▄▄▄▃▃▃▃▃▃▂▂▄▅▅▅▇██▇▅▅▅▅▅▅▆▇▇▅
wandb:       val_loss ██▇▇▅▄▄▄▃▃▃▃▃▂▂▂▂▂▂▂▂▂▂▂▂▂▂▂▂▁▁▁▁▁▁▁▁▁▁▁
wandb: 
wandb: Run summary:
wandb:           best_epoch 76
wandb:    best_val_accuracy 53.43137
wandb:        best_val_loss 1.44143
wandb: checkpoint_best_path artifacts/probes/int...
wandb: checkpoint_last_path artifacts/probes/int...
wandb:      checkpoint_path artifacts/probes/int...
wandb:              dataset intphys2
wandb:      elapsed_seconds 2.94885
wandb:                epoch 100
wandb:    feature_signature 1e642fe5ac5d5e7f
wandb:                  +22 ...
wandb: 
wandb: 🚀 View run intphys2_linear_videomae_vit_huge_16_224_layer_32/trial_0006 at: https://wandb.ai/caselli-niccolo-developer-university-of-amsterdam/probe4physics/runs/k9uj4bwq
wandb: ⭐️ View project at: https://wandb.ai/caselli-niccolo-developer-university-of-amsterdam/probe4physics
wandb: Synced 5 W&B file(s), 0 media file(s), 0 artifact file(s) and 0 other file(s)
wandb: Find logs at: ./wandb/run-20260426_174512-k9uj4bwq/logs
[I 2026-04-26 17:45:17,162] Trial 6 finished with value: 19.607843137254903 and parameters: {'lr': 1.0388823104027935e-05, 'weight_decay': 0.0007812113973534924, 'batch_size': 128, 'epochs': 100}. Best is trial 2 with value: 29.411764705882355.
wandb: setting up run 1tir0u6j
wandb: Tracking run with wandb version 0.26.1
wandb: Run data is saved locally in /gpfs/home3/scur0511/Probe4Physics/wandb/run-20260426_174517-1tir0u6j
wandb: Run `wandb offline` to turn off syncing.
wandb: Syncing run intphys2_linear_videomae_vit_huge_16_224_layer_32/trial_0007
wandb: ⭐️ View project at https://wandb.ai/caselli-niccolo-developer-university-of-amsterdam/probe4physics
wandb: 🚀 View run at https://wandb.ai/caselli-niccolo-developer-university-of-amsterdam/probe4physics/runs/1tir0u6j
wandb: updating run metadata
wandb: uploading wandb-metadata.json; uploading requirements.txt; uploading wandb-summary.json; uploading config.yaml
wandb: 
wandb: Run history:
wandb:          epoch ▁▁▁▁▂▂▂▂▂▃▃▃▃▃▃▃▄▄▄▄▄▅▅▅▅▆▆▆▆▆▆▆▇▇▇▇▇███
wandb: train_accuracy ▂▂▁▂▃▂▂▂▃▂▄▅▅▃▃▄▅▄▅▅▆▅▇▆▆▇▇▇▇▇▇▇▇▇▇███▇█
wandb:     train_loss █▇▅▄▃▂▂▂▂▂▂▁▁▁▁▁▁▁▁▁▁▁▁▁▁▁▁▁▁▁▁▁▁▁▁▁▁▁▁▁
wandb:   val_accuracy ▅▄▆▂▃▂▃▃▁▂▅▅▅█▆▆▇▆▄▆▅▇▅▅▄▄▄▄▅▆▃▆▅▃▅▄▆▃▆▆
wandb:       val_loss █▄▃▂▂▂▂▂▂▂▂▂▁▁▁▁▁▁▁▁▁▁▁▁▁▁▁▁▁▁▁▁▁▁▁▁▁▁▁▁
wandb: 
wandb: Run summary:
wandb:          epoch 100
wandb: train_accuracy 56.12583
wandb:     train_loss 0.6884
wandb:   val_accuracy 50.4902
wandb:       val_loss 0.85162
wandb: 
wandb: 🚀 View run intphys2_linear_videomae_vit_huge_16_224_layer_32/trial_0007 at: https://wandb.ai/caselli-niccolo-developer-university-of-amsterdam/probe4physics/runs/1tir0u6j
wandb: ⭐️ View project at: https://wandb.ai/caselli-niccolo-developer-university-of-amsterdam/probe4physics
wandb: Synced 4 W&B file(s), 0 media file(s), 0 artifact file(s) and 0 other file(s)
wandb: Find logs at: ./wandb/run-20260426_174517-1tir0u6j/logs
[I 2026-04-26 17:45:21,081] Trial 7 pruned. Pruned at epoch 100 with val_accuracy=50.4902
wandb: setting up run je31xnsr
wandb: Tracking run with wandb version 0.26.1
wandb: Run data is saved locally in /gpfs/home3/scur0511/Probe4Physics/wandb/run-20260426_174521-je31xnsr
wandb: Run `wandb offline` to turn off syncing.
wandb: Syncing run intphys2_linear_videomae_vit_huge_16_224_layer_32/trial_0008
wandb: ⭐️ View project at https://wandb.ai/caselli-niccolo-developer-university-of-amsterdam/probe4physics
wandb: 🚀 View run at https://wandb.ai/caselli-niccolo-developer-university-of-amsterdam/probe4physics/runs/je31xnsr
[eval.intphys2] Starting eval | split_name=val split_dir=data/splits/intphys2 predictor_mode=from_file metadata_file=data/annotations/intphys2_metadata.csv
[eval.intphys2] Loaded split assignments | split_scenes=51 split_samples=204
[eval.intphys2] Generated predictions | n_predictions=204
[eval.intphys2] Scoring complete | accuracy=54.4118 voe_accuracy=13.7255 n_scenes=51 n_samples=204
[eval.intphys2] Artifacts written | output_dir=artifacts/probes/intphys2/intphys2_probe_linear_videomae_vit_huge_16_224_20260426T152120Z/layer_32/train/trial_0008/val_eval
wandb: updating run metadata
wandb: uploading config.yaml; uploading wandb-metadata.json; uploading requirements.txt; uploading output.log; uploading wandb-summary.json
wandb: 
wandb: Run history:
wandb:          epoch ▁▁▁▁▂▂▂▂▂▂▃▃▃▃▃▄▄▄▄▄▅▅▅▅▅▅▅▅▆▆▆▇▇▇▇█████
wandb: train_accuracy ▁▃▄▂▃▁▃▃▂▃▂▂▄▄▂▄▄▂▃▃▂▃▃▄▅▅▅▅▄▅▅█▇▆▇▇▇▇▅█
wandb:     train_loss ▆█▅▅▄▂▂▂▂▂▂▂▂▁▂▁▁▁▁▁▁▁▁▁▁▁▁▁▁▁▁▁▁▁▁▁▁▁▁▁
wandb:   val_accuracy ▄▅▄▃▄▃▂▁▂▂▄▄▁▁▃▄▃▄▆▅▅▅▃▄▆█▄▅▃▆▃▆▅▇▄▅▄▇▆▇
wandb:       val_loss █▇▄▃▃▂▁▁▁▁▁▁▁▁▁▁▁▁▁▁▁▁▁▁▁▁▁▁▁▁▁▁▁▁▁▁▁▁▁▁
wandb: 
wandb: Run summary:
wandb:           best_epoch 95
wandb:    best_val_accuracy 54.41176
wandb:        best_val_loss 0.92637
wandb: checkpoint_best_path artifacts/probes/int...
wandb: checkpoint_last_path artifacts/probes/int...
wandb:      checkpoint_path artifacts/probes/int...
wandb:              dataset intphys2
wandb:      elapsed_seconds 3.00587
wandb:                epoch 100
wandb:    feature_signature 1e642fe5ac5d5e7f
wandb:                  +22 ...
wandb: 
wandb: 🚀 View run intphys2_linear_videomae_vit_huge_16_224_layer_32/trial_0008 at: https://wandb.ai/caselli-niccolo-developer-university-of-amsterdam/probe4physics/runs/je31xnsr
wandb: ⭐️ View project at: https://wandb.ai/caselli-niccolo-developer-university-of-amsterdam/probe4physics
wandb: Synced 5 W&B file(s), 0 media file(s), 0 artifact file(s) and 0 other file(s)
wandb: Find logs at: ./wandb/run-20260426_174521-je31xnsr/logs
[I 2026-04-26 17:45:25,101] Trial 8 finished with value: 13.725490196078432 and parameters: {'lr': 0.0003699972431463808, 'weight_decay': 3.6749049453053196e-06, 'batch_size': 256, 'epochs': 100}. Best is trial 2 with value: 29.411764705882355.
wandb: setting up run 8ipauj5r
wandb: Tracking run with wandb version 0.26.1
wandb: Run data is saved locally in /gpfs/home3/scur0511/Probe4Physics/wandb/run-20260426_174525-8ipauj5r
wandb: Run `wandb offline` to turn off syncing.
wandb: Syncing run intphys2_linear_videomae_vit_huge_16_224_layer_32/trial_0009
wandb: ⭐️ View project at https://wandb.ai/caselli-niccolo-developer-university-of-amsterdam/probe4physics
wandb: 🚀 View run at https://wandb.ai/caselli-niccolo-developer-university-of-amsterdam/probe4physics/runs/8ipauj5r
wandb: updating run metadata
wandb: uploading wandb-summary.json; uploading config.yaml; uploading wandb-metadata.json; uploading requirements.txt
wandb: 
wandb: Run history:
wandb:          epoch ▁▁▂▂▂▂▂▂▃▃▃▃▃▃▃▄▄▄▄▄▄▅▅▅▅▅▅▆▆▆▆▆▇▇▇▇▇███
wandb: train_accuracy ▃▄▃▁▁▃▃▃▂▃▄▃▄▃▃▄▅▆▆▇▇▅▄▆▅▇▇▅▅▆█▅▆▆█▇▆▇▆▆
wandb:     train_loss █▇▇▅▅▄▄▃▃▃▂▂▂▂▂▂▂▂▁▁▁▁▁▁▁▁▁▁▁▁▁▁▁▁▁▁▁▁▁▁
wandb:   val_accuracy ▄▄▆▆▄▄▅▄▄▄▃▁▃▄▃▁▂▂▁▁▁▂▃▃▂▅▆▃▆▆▆▅▃▅▆█▄▅▅▆
wandb:       val_loss █▇▆▆▅▅▅▄▄▃▃▃▃▃▃▂▂▂▂▂▂▂▂▂▂▂▁▁▁▁▁▁▁▁▁▁▁▁▁▁
wandb: 
wandb: Run summary:
wandb:          epoch 100
wandb: train_accuracy 55.46358
wandb:     train_loss 0.7067
wandb:   val_accuracy 50.4902
wandb:       val_loss 0.87228
wandb: 
wandb: 🚀 View run intphys2_linear_videomae_vit_huge_16_224_layer_32/trial_0009 at: https://wandb.ai/caselli-niccolo-developer-university-of-amsterdam/probe4physics/runs/8ipauj5r
wandb: ⭐️ View project at: https://wandb.ai/caselli-niccolo-developer-university-of-amsterdam/probe4physics
wandb: Synced 4 W&B file(s), 0 media file(s), 0 artifact file(s) and 0 other file(s)
wandb: Find logs at: ./wandb/run-20260426_174525-8ipauj5r/logs
[I 2026-04-26 17:45:29,148] Trial 9 pruned. Pruned at epoch 100 with val_accuracy=50.4902
wandb: setting up run ayay3ol2
wandb: Tracking run with wandb version 0.26.1
wandb: Run data is saved locally in /gpfs/home3/scur0511/Probe4Physics/wandb/run-20260426_174529-ayay3ol2
wandb: Run `wandb offline` to turn off syncing.
wandb: Syncing run intphys2_linear_videomae_vit_huge_16_224_layer_32/trial_0010
wandb: ⭐️ View project at https://wandb.ai/caselli-niccolo-developer-university-of-amsterdam/probe4physics
wandb: 🚀 View run at https://wandb.ai/caselli-niccolo-developer-university-of-amsterdam/probe4physics/runs/ayay3ol2
[eval.intphys2] Starting eval | split_name=val split_dir=data/splits/intphys2 predictor_mode=from_file metadata_file=data/annotations/intphys2_metadata.csv
[eval.intphys2] Loaded split assignments | split_scenes=51 split_samples=204
[eval.intphys2] Generated predictions | n_predictions=204
[eval.intphys2] Scoring complete | accuracy=53.9216 voe_accuracy=13.7255 n_scenes=51 n_samples=204
[eval.intphys2] Artifacts written | output_dir=artifacts/probes/intphys2/intphys2_probe_linear_videomae_vit_huge_16_224_20260426T152120Z/layer_32/train/trial_0010/val_eval
wandb: updating run metadata
wandb: uploading wandb-metadata.json; uploading requirements.txt; uploading output.log; uploading wandb-summary.json; uploading config.yaml
wandb: uploading wandb-metadata.json; uploading config.yaml
wandb: 
wandb: Run history:
wandb:          epoch ▁▁▂▂▂▃▃▄▄▄▅▅▅▆▆▇▇▇██
wandb: train_accuracy ▂▂▃▃▅▄▂▁▂▃▄▄▄▃▁▄▆▇▅█
wandb:     train_loss █▅▂▂▂▂▃▃▂▁▂▁▂▂▂▁▁▁▂▁
wandb:   val_accuracy ▄▁▄▃▄▄▅▃▄▅█▄▅▆▅▅▄▆▅▂
wandb:       val_loss █▃▃▂▄▂▅▅▂▃▁▃▂▂▂▁▃▃▃▂
wandb: 
wandb: Run summary:
wandb:           best_epoch 11
wandb:    best_val_accuracy 53.92157
wandb:        best_val_loss 0.99835
wandb: checkpoint_best_path artifacts/probes/int...
wandb: checkpoint_last_path artifacts/probes/int...
wandb:      checkpoint_path artifacts/probes/int...
wandb:              dataset intphys2
wandb:      elapsed_seconds 1.44565
wandb:                epoch 20
wandb:    feature_signature 1e642fe5ac5d5e7f
wandb:                  +22 ...
wandb: 
wandb: 🚀 View run intphys2_linear_videomae_vit_huge_16_224_layer_32/trial_0010 at: https://wandb.ai/caselli-niccolo-developer-university-of-amsterdam/probe4physics/runs/ayay3ol2
wandb: ⭐️ View project at: https://wandb.ai/caselli-niccolo-developer-university-of-amsterdam/probe4physics
wandb: Synced 5 W&B file(s), 0 media file(s), 0 artifact file(s) and 0 other file(s)
wandb: Find logs at: ./wandb/run-20260426_174529-ayay3ol2/logs
[I 2026-04-26 17:45:32,038] Trial 10 finished with value: 13.725490196078432 and parameters: {'lr': 0.002146403547714585, 'weight_decay': 0.00011188771567666644, 'batch_size': 64, 'epochs': 20}. Best is trial 2 with value: 29.411764705882355.
wandb: setting up run dklz9znl
wandb: Tracking run with wandb version 0.26.1
wandb: Run data is saved locally in /gpfs/home3/scur0511/Probe4Physics/wandb/run-20260426_174532-dklz9znl
wandb: Run `wandb offline` to turn off syncing.
wandb: Syncing run intphys2_linear_videomae_vit_huge_16_224_layer_32/trial_0011
wandb: ⭐️ View project at https://wandb.ai/caselli-niccolo-developer-university-of-amsterdam/probe4physics
wandb: 🚀 View run at https://wandb.ai/caselli-niccolo-developer-university-of-amsterdam/probe4physics/runs/dklz9znl
[eval.intphys2] Starting eval | split_name=val split_dir=data/splits/intphys2 predictor_mode=from_file metadata_file=data/annotations/intphys2_metadata.csv
[eval.intphys2] Loaded split assignments | split_scenes=51 split_samples=204
[eval.intphys2] Generated predictions | n_predictions=204
[eval.intphys2] Scoring complete | accuracy=53.9216 voe_accuracy=7.8431 n_scenes=51 n_samples=204
[eval.intphys2] Artifacts written | output_dir=artifacts/probes/intphys2/intphys2_probe_linear_videomae_vit_huge_16_224_20260426T152120Z/layer_32/train/trial_0011/val_eval
wandb: updating run metadata
wandb: uploading wandb-metadata.json; uploading requirements.txt; uploading output.log; uploading wandb-summary.json; uploading config.yaml
wandb: 
wandb: Run history:
wandb:          epoch ▁▁▁▂▂▂▂▂▂▃▃▃▃▃▃▄▄▄▄▄▅▅▅▅▅▅▆▆▆▆▆▆▇▇▇▇▇███
wandb: train_accuracy ▅▄▅▆▄▅▆▅▅▅▅▅▅▆▇▆██▇▆▅▅▅▅▄▄▃▂▃▃▂▁▁▂▂▁▃▄▄▁
wandb:     train_loss █▇▆▅▄▃▂▂▂▂▂▂▂▂▂▂▁▁▁▁▁▁▁▁▁▁▁▁▁▁▁▁▁▁▁▁▁▁▁▁
wandb:   val_accuracy ▃▃▃▃▂▃█▄▆▅▅▄▄▄▄▅▅▅▅▅▅▆▅▃▄▃▃▂▂▂▃▂▃▃▂▁▃▂▃▄
wandb:       val_loss █▇▆▄▄▃▂▂▂▂▂▂▂▂▂▂▂▂▂▂▂▁▁▁▁▁▁▁▁▁▁▁▁▁▁▁▁▁▁▁
wandb: 
wandb: Run summary:
wandb:           best_epoch 8
wandb:    best_val_accuracy 53.92157
wandb:        best_val_loss 2.14389
wandb: checkpoint_best_path artifacts/probes/int...
wandb: checkpoint_last_path artifacts/probes/int...
wandb:      checkpoint_path artifacts/probes/int...
wandb:              dataset intphys2
wandb:      elapsed_seconds 2.02786
wandb:                epoch 50
wandb:    feature_signature 1e642fe5ac5d5e7f
wandb:                  +22 ...
wandb: 
wandb: 🚀 View run intphys2_linear_videomae_vit_huge_16_224_layer_32/trial_0011 at: https://wandb.ai/caselli-niccolo-developer-university-of-amsterdam/probe4physics/runs/dklz9znl
wandb: ⭐️ View project at: https://wandb.ai/caselli-niccolo-developer-university-of-amsterdam/probe4physics
wandb: Synced 5 W&B file(s), 0 media file(s), 0 artifact file(s) and 0 other file(s)
wandb: Find logs at: ./wandb/run-20260426_174532-dklz9znl/logs
[I 2026-04-26 17:45:35,175] Trial 11 finished with value: 7.8431372549019605 and parameters: {'lr': 1.988897678216286e-05, 'weight_decay': 5.18966548872156e-05, 'batch_size': 64, 'epochs': 50}. Best is trial 2 with value: 29.411764705882355.
wandb: setting up run g3csf7c3
wandb: Tracking run with wandb version 0.26.1
wandb: Run data is saved locally in /gpfs/home3/scur0511/Probe4Physics/wandb/run-20260426_174535-g3csf7c3
wandb: Run `wandb offline` to turn off syncing.
wandb: Syncing run intphys2_linear_videomae_vit_huge_16_224_layer_32/trial_0012
wandb: ⭐️ View project at https://wandb.ai/caselli-niccolo-developer-university-of-amsterdam/probe4physics
wandb: 🚀 View run at https://wandb.ai/caselli-niccolo-developer-university-of-amsterdam/probe4physics/runs/g3csf7c3
[eval.intphys2] Starting eval | split_name=val split_dir=data/splits/intphys2 predictor_mode=from_file metadata_file=data/annotations/intphys2_metadata.csv
[eval.intphys2] Loaded split assignments | split_scenes=51 split_samples=204
[eval.intphys2] Generated predictions | n_predictions=204
[eval.intphys2] Scoring complete | accuracy=57.3529 voe_accuracy=31.3725 n_scenes=51 n_samples=204
[eval.intphys2] Artifacts written | output_dir=artifacts/probes/intphys2/intphys2_probe_linear_videomae_vit_huge_16_224_20260426T152120Z/layer_32/train/trial_0012/val_eval
wandb: updating run metadata
wandb: uploading output.log; uploading wandb-summary.json; uploading config.yaml
wandb: uploading config.yaml
wandb: 
wandb: Run history:
wandb:          epoch ▁▁▁▁▂▂▂▂▂▂▃▃▃▃▃▄▄▄▄▄▅▅▅▅▅▆▆▆▆▆▆▆▆▆▆▇▇▇██
wandb: train_accuracy ▁▁▃▃▃▃▄▄▅▄▅▅▅▅▅▅▆▇▆▆▇▇▇▆▇▇▇█▇▆▇▅▆▆▇▇█▆█▇
wandb:     train_loss ▇▇▆▆▅▅▅▆█▅▆▄▄▄▅▆▃▃▄▃▂▂▄▃▃▃▂▃▂▃▂▄▂▂▁▂▂▃▄▁
wandb:   val_accuracy ▃▁▅▃▆▄▇▅█▅▇▆▆▇▄█▅▇▄▄▅▆▅▄▄█▅▇▇▄▅█▄▄▇▅▇█▄▇
wandb:       val_loss ▃▂▁▁▂▃▃▄▃▄▄▄▄▄▄▅▅▅▅▅▅▅▅▅▅▆▆▆▆▆▆▇▇▆▇█▇███
wandb: 
wandb: Run summary:
wandb:           best_epoch 223
wandb:    best_val_accuracy 57.35294
wandb:        best_val_loss 1.73752
wandb: checkpoint_best_path artifacts/probes/int...
wandb: checkpoint_last_path artifacts/probes/int...
wandb:      checkpoint_path artifacts/probes/int...
wandb:              dataset intphys2
wandb:      elapsed_seconds 40.80289
wandb:                epoch 1000
wandb:    feature_signature 1e642fe5ac5d5e7f
wandb:                  +22 ...
wandb: 
wandb: 🚀 View run intphys2_linear_videomae_vit_huge_16_224_layer_32/trial_0012 at: https://wandb.ai/caselli-niccolo-developer-university-of-amsterdam/probe4physics/runs/g3csf7c3
wandb: ⭐️ View project at: https://wandb.ai/caselli-niccolo-developer-university-of-amsterdam/probe4physics
wandb: Synced 5 W&B file(s), 0 media file(s), 0 artifact file(s) and 0 other file(s)
wandb: Find logs at: ./wandb/run-20260426_174535-g3csf7c3/logs
[I 2026-04-26 17:46:17,637] Trial 12 finished with value: 31.372549019607842 and parameters: {'lr': 0.0007834552695468125, 'weight_decay': 1.0995079668358829e-08, 'batch_size': 32, 'epochs': 1000}. Best is trial 12 with value: 31.372549019607842.
wandb: setting up run x2vjgps8
wandb: Tracking run with wandb version 0.26.1
wandb: Run data is saved locally in /gpfs/home3/scur0511/Probe4Physics/wandb/run-20260426_174617-x2vjgps8
wandb: Run `wandb offline` to turn off syncing.
wandb: Syncing run intphys2_linear_videomae_vit_huge_16_224_layer_32/trial_0013
wandb: ⭐️ View project at https://wandb.ai/caselli-niccolo-developer-university-of-amsterdam/probe4physics
wandb: 🚀 View run at https://wandb.ai/caselli-niccolo-developer-university-of-amsterdam/probe4physics/runs/x2vjgps8
[eval.intphys2] Starting eval | split_name=val split_dir=data/splits/intphys2 predictor_mode=from_file metadata_file=data/annotations/intphys2_metadata.csv
[eval.intphys2] Loaded split assignments | split_scenes=51 split_samples=204
[eval.intphys2] Generated predictions | n_predictions=204
[eval.intphys2] Scoring complete | accuracy=58.3333 voe_accuracy=27.4510 n_scenes=51 n_samples=204
[eval.intphys2] Artifacts written | output_dir=artifacts/probes/intphys2/intphys2_probe_linear_videomae_vit_huge_16_224_20260426T152120Z/layer_32/train/trial_0013/val_eval
wandb: updating run metadata
wandb: uploading wandb-summary.json; uploading config.yaml; uploading output.log
wandb: 
wandb: Run history:
wandb:          epoch ▁▁▁▂▂▂▂▂▂▂▃▃▃▃▄▄▄▄▄▄▅▅▅▅▅▅▆▆▆▆▇▇▇▇▇▇████
wandb: train_accuracy ▁▃▃▃▄▄▆▅▅▅▆▅▅▅▆▇▅▅▅▅▇▇▇▆▅▆▇█▇▇█▇█▇█▇███▇
wandb:     train_loss ██▇█▇▇▇█▆█▅▆▅▅▅▆▆▅▅▅▄▄▃▃▃▄▃▃▄▃▅▄▂▃▅▂▂▃▂▁
wandb:   val_accuracy ▃▁▆▇▃▆▄▃█▅▇▆▅▄▇▄▆▃▅▄▆▄▆▆▃▄▄▇▄▁▇▆▄▅▅▄▆▁▅▅
wandb:       val_loss ▁▁▁▂▂▂▃▃▃▄▄▃▄▄▄▅▅▅▅▅▅▅▅▆▆▆▆▆▆▆▇▇▇▇▇█████
wandb: 
wandb: Run summary:
wandb:           best_epoch 147
wandb:    best_val_accuracy 58.33333
wandb:        best_val_loss 1.13918
wandb: checkpoint_best_path artifacts/probes/int...
wandb: checkpoint_last_path artifacts/probes/int...
wandb:      checkpoint_path artifacts/probes/int...
wandb:              dataset intphys2
wandb:      elapsed_seconds 31.79891
wandb:                epoch 1000
wandb:    feature_signature 1e642fe5ac5d5e7f
wandb:                  +22 ...
wandb: 
wandb: 🚀 View run intphys2_linear_videomae_vit_huge_16_224_layer_32/trial_0013 at: https://wandb.ai/caselli-niccolo-developer-university-of-amsterdam/probe4physics/runs/x2vjgps8
wandb: ⭐️ View project at: https://wandb.ai/caselli-niccolo-developer-university-of-amsterdam/probe4physics
wandb: Synced 5 W&B file(s), 0 media file(s), 0 artifact file(s) and 0 other file(s)
wandb: Find logs at: ./wandb/run-20260426_174617-x2vjgps8/logs
[I 2026-04-26 17:46:50,450] Trial 13 finished with value: 27.450980392156865 and parameters: {'lr': 0.0009651607211596985, 'weight_decay': 1.6818509716422147e-05, 'batch_size': 128, 'epochs': 1000}. Best is trial 12 with value: 31.372549019607842.
wandb: setting up run c8tknl2p
wandb: Tracking run with wandb version 0.26.1
wandb: Run data is saved locally in /gpfs/home3/scur0511/Probe4Physics/wandb/run-20260426_174650-c8tknl2p
wandb: Run `wandb offline` to turn off syncing.
wandb: Syncing run intphys2_linear_videomae_vit_huge_16_224_layer_32/trial_0014
wandb: ⭐️ View project at https://wandb.ai/caselli-niccolo-developer-university-of-amsterdam/probe4physics
wandb: 🚀 View run at https://wandb.ai/caselli-niccolo-developer-university-of-amsterdam/probe4physics/runs/c8tknl2p
wandb: updating run metadata
wandb: uploading wandb-summary.json; uploading config.yaml; uploading wandb-metadata.json; uploading requirements.txt
wandb: 
wandb: Run history:
wandb:          epoch ▁▁▁▁▂▂▂▂▂▂▃▃▃▃▄▄▄▄▄▅▅▅▅▅▅▆▆▆▆▇▇▇▇▇██████
wandb: train_accuracy ▁▂▃▁▂▃▃▃▃▃▂▄▄▃▄▅▄▄▄▅▆▅▅▅▇▆▆▆▆▆▄▇▇▄▅█▇▆▆▆
wandb:     train_loss ▇▅▄▅▄▅▄▅▃▃▃▄▅█▄▃▂▆▃▁▃▁▂▂▇▂▁▁▂▂▂▁▂▄▄▁▁▁▅▃
wandb:   val_accuracy ▅▄▆▁▄▂▂▆▁▄▅▂▅▂▇▅▃▆▃▄▅▂▃▄▂▆▃▆▄▃█▇▄▅▅▄▅▂▅▇
wandb:       val_loss ▄▅▃▂▁▅▆▃▂▂▂▂▄█▅▃▂▄▃▄▄▄▃▄▃▅▄▃▆▄▄▄▄▆▅▅▅▅█▆
wandb: 
wandb: Run summary:
wandb:          epoch 134
wandb: train_accuracy 58.60927
wandb:     train_loss 4.89905
wandb:   val_accuracy 51.96078
wandb:       val_loss 8.72041
wandb: 
wandb: 🚀 View run intphys2_linear_videomae_vit_huge_16_224_layer_32/trial_0014 at: https://wandb.ai/caselli-niccolo-developer-university-of-amsterdam/probe4physics/runs/c8tknl2p
wandb: ⭐️ View project at: https://wandb.ai/caselli-niccolo-developer-university-of-amsterdam/probe4physics
wandb: Synced 4 W&B file(s), 0 media file(s), 0 artifact file(s) and 0 other file(s)
wandb: Find logs at: ./wandb/run-20260426_174650-c8tknl2p/logs
[I 2026-04-26 17:46:56,205] Trial 14 pruned. Pruned at epoch 134 with val_accuracy=51.9608
wandb: setting up run 49p3j5um
wandb: Tracking run with wandb version 0.26.1
wandb: Run data is saved locally in /gpfs/home3/scur0511/Probe4Physics/wandb/run-20260426_174656-49p3j5um
wandb: Run `wandb offline` to turn off syncing.
wandb: Syncing run intphys2_linear_videomae_vit_huge_16_224_layer_32/trial_0015
wandb: ⭐️ View project at https://wandb.ai/caselli-niccolo-developer-university-of-amsterdam/probe4physics
wandb: 🚀 View run at https://wandb.ai/caselli-niccolo-developer-university-of-amsterdam/probe4physics/runs/49p3j5um
wandb: updating run metadata
wandb: uploading wandb-metadata.json; uploading requirements.txt; uploading wandb-summary.json; uploading config.yaml
wandb: 
wandb: Run history:
wandb:          epoch ▁▁▁▁▁▂▂▂▂▃▄▄▄▄▄▄▄▄▅▅▅▅▅▆▆▆▆▆▆▆▇▇▇▇▇▇▇███
wandb: train_accuracy ▁▂▁▂▂▃▃▃▂▃▃▄▃▅▃▄▄▄▆▃▆▆▇▆▆▆▆▅▆▄▆▆▅▅▆▆▇█▅▇
wandb:     train_loss █▅▃▃▃▂▂▂▂▂▂▂▂▂▂▂▂▂▂▂▁▃▂▁▁▁▁▂▂▁▁▁▁▁▁▁▁▁▁▁
wandb:   val_accuracy ▂▄▃▂▄▂▃▃▄▅▄▆▇▆▅▆█▄▅▃▆█▆▅▇▅▅▂▆▆▅▆▅▇▁▆▆▆▃▅
wandb:       val_loss █▆▄▃▁▁▁▂▁▁▁▁▂▁▁▁▁▂▂▁▂▁▂▂▂▂▂▃▂▃▂▃▃▂▂▂▂▂▃▃
wandb: 
wandb: Run summary:
wandb:          epoch 134
wandb: train_accuracy 62.91391
wandb:     train_loss 0.64823
wandb:   val_accuracy 51.96078
wandb:       val_loss 1.01486
wandb: 
wandb: 🚀 View run intphys2_linear_videomae_vit_huge_16_224_layer_32/trial_0015 at: https://wandb.ai/caselli-niccolo-developer-university-of-amsterdam/probe4physics/runs/49p3j5um
wandb: ⭐️ View project at: https://wandb.ai/caselli-niccolo-developer-university-of-amsterdam/probe4physics
wandb: Synced 4 W&B file(s), 0 media file(s), 0 artifact file(s) and 0 other file(s)
wandb: Find logs at: ./wandb/run-20260426_174656-49p3j5um/logs
[I 2026-04-26 17:47:00,878] Trial 15 pruned. Pruned at epoch 134 with val_accuracy=51.9608
wandb: setting up run 5xy184qb
wandb: Tracking run with wandb version 0.26.1
wandb: Run data is saved locally in /gpfs/home3/scur0511/Probe4Physics/wandb/run-20260426_174701-5xy184qb
wandb: Run `wandb offline` to turn off syncing.
wandb: Syncing run intphys2_linear_videomae_vit_huge_16_224_layer_32/trial_0016
wandb: ⭐️ View project at https://wandb.ai/caselli-niccolo-developer-university-of-amsterdam/probe4physics
wandb: 🚀 View run at https://wandb.ai/caselli-niccolo-developer-university-of-amsterdam/probe4physics/runs/5xy184qb
[eval.intphys2] Starting eval | split_name=val split_dir=data/splits/intphys2 predictor_mode=from_file metadata_file=data/annotations/intphys2_metadata.csv
[eval.intphys2] Loaded split assignments | split_scenes=51 split_samples=204
[eval.intphys2] Generated predictions | n_predictions=204
[eval.intphys2] Scoring complete | accuracy=52.9412 voe_accuracy=9.8039 n_scenes=51 n_samples=204
[eval.intphys2] Artifacts written | output_dir=artifacts/probes/intphys2/intphys2_probe_linear_videomae_vit_huge_16_224_20260426T152120Z/layer_32/train/trial_0016/val_eval
wandb: updating run metadata; uploading summary
wandb: uploading wandb-metadata.json; uploading requirements.txt; uploading output.log; uploading wandb-summary.json; uploading config.yaml
wandb: uploading history steps 0-19, summary, console lines 0-4
wandb: 
wandb: Run history:
wandb:          epoch ▁▁▂▂▂▃▃▄▄▄▅▅▅▆▆▇▇▇██
wandb: train_accuracy ▁█▃▅▃▇▃▄▃▅▁▄▂█▅▆▄▄▆▅
wandb:     train_loss █▆▆▅▄▃▂▃▂▂▂▂▂▁▁▁▁▁▁▁
wandb:   val_accuracy ▅▄▁▃▅▅▅▂▄▃▃▅▆▃█▅▄▆▅▄
wandb:       val_loss ▇█▄▃▃▃▃▂▂▂▂▂▁▂▁▁▁▁▁▁
wandb: 
wandb: Run summary:
wandb:           best_epoch 15
wandb:    best_val_accuracy 52.94118
wandb:        best_val_loss 0.92383
wandb: checkpoint_best_path artifacts/probes/int...
wandb: checkpoint_last_path artifacts/probes/int...
wandb:      checkpoint_path artifacts/probes/int...
wandb:              dataset intphys2
wandb:      elapsed_seconds 1.26714
wandb:                epoch 20
wandb:    feature_signature 1e642fe5ac5d5e7f
wandb:                  +22 ...
wandb: 
wandb: 🚀 View run intphys2_linear_videomae_vit_huge_16_224_layer_32/trial_0016 at: https://wandb.ai/caselli-niccolo-developer-university-of-amsterdam/probe4physics/runs/5xy184qb
wandb: ⭐️ View project at: https://wandb.ai/caselli-niccolo-developer-university-of-amsterdam/probe4physics
wandb: Synced 5 W&B file(s), 0 media file(s), 0 artifact file(s) and 0 other file(s)
wandb: Find logs at: ./wandb/run-20260426_174701-5xy184qb/logs
[I 2026-04-26 17:47:03,430] Trial 16 finished with value: 9.803921568627452 and parameters: {'lr': 0.0007637106304017803, 'weight_decay': 3.4454266473096603e-06, 'batch_size': 256, 'epochs': 20}. Best is trial 12 with value: 31.372549019607842.
wandb: setting up run j6ahmqme
wandb: Tracking run with wandb version 0.26.1
wandb: Run data is saved locally in /gpfs/home3/scur0511/Probe4Physics/wandb/run-20260426_174703-j6ahmqme
wandb: Run `wandb offline` to turn off syncing.
wandb: Syncing run intphys2_linear_videomae_vit_huge_16_224_layer_32/trial_0017
wandb: ⭐️ View project at https://wandb.ai/caselli-niccolo-developer-university-of-amsterdam/probe4physics
wandb: 🚀 View run at https://wandb.ai/caselli-niccolo-developer-university-of-amsterdam/probe4physics/runs/j6ahmqme
wandb: updating run metadata
wandb: uploading requirements.txt; uploading wandb-summary.json; uploading config.yaml; uploading wandb-metadata.json
wandb: 
wandb: Run history:
wandb:          epoch ▁▁▂▂▂▂▂▂▃▃▃▃▃▄▄▄▄▄▄▅▅▅▅▅▅▆▆▆▆▆▆▆▆▆▇▇▇███
wandb: train_accuracy ▂▁▃▂▃▃▄▂▃▄▂▄▃▄▃▃▄▃▅▅▆▅▅▅▄▆▆▆▃▇▃▅▃▅▆█▅▇▇▇
wandb:     train_loss █▅▅▄▃▃▃▃▃▃▂▂▂▂▂▂▂▂▂▂▂▂▂▂▂▂▂▃▂▂▁▁▂▁▂▂▁▁▁▁
wandb:   val_accuracy ▄▃▂▃▅▃▂▁▃▆▂▅▃▆▄▄▄▃▇▅▅▇▆▃▅▂▆▇▆▄▃▇▇▄▅▅▅▅▆█
wandb:       val_loss █▄▄▂▂▂▂▂▁▂▁▂▁▁▁▂▁▁▁▁▂▂▂▁▁▁▁▂▂▂▁▁▂▂▁▂▂▁▂▂
wandb: 
wandb: Run summary:
wandb:          epoch 134
wandb: train_accuracy 58.9404
wandb:     train_loss 0.67334
wandb:   val_accuracy 53.43137
wandb:       val_loss 0.87768
wandb: 
wandb: 🚀 View run intphys2_linear_videomae_vit_huge_16_224_layer_32/trial_0017 at: https://wandb.ai/caselli-niccolo-developer-university-of-amsterdam/probe4physics/runs/j6ahmqme
wandb: ⭐️ View project at: https://wandb.ai/caselli-niccolo-developer-university-of-amsterdam/probe4physics
wandb: Synced 4 W&B file(s), 0 media file(s), 0 artifact file(s) and 0 other file(s)
wandb: Find logs at: ./wandb/run-20260426_174703-j6ahmqme/logs
[I 2026-04-26 17:47:08,334] Trial 17 pruned. Pruned at epoch 134 with val_accuracy=53.4314
wandb: setting up run nn2oeufi
wandb: Tracking run with wandb version 0.26.1
wandb: Run data is saved locally in /gpfs/home3/scur0511/Probe4Physics/wandb/run-20260426_174708-nn2oeufi
wandb: Run `wandb offline` to turn off syncing.
wandb: Syncing run intphys2_linear_videomae_vit_huge_16_224_layer_32/trial_0018
wandb: ⭐️ View project at https://wandb.ai/caselli-niccolo-developer-university-of-amsterdam/probe4physics
wandb: 🚀 View run at https://wandb.ai/caselli-niccolo-developer-university-of-amsterdam/probe4physics/runs/nn2oeufi
wandb: updating run metadata
wandb: uploading wandb-metadata.json; uploading requirements.txt; uploading wandb-summary.json; uploading config.yaml
wandb: 
wandb: Run history:
wandb:          epoch ▁▁▁▁▂▂▂▂▃▃▃▃▃▄▄▄▄▄▄▄▄▄▅▅▅▅▅▅▅▅▆▆▆▆▆▇▇▇██
wandb: train_accuracy ▂▄▃▁▁▃▃▃▄▄▆▂▄▄▃▆▄▆▇▆▃▆▅▅▆▅▇▅▆▇▆▆█▇▇▇█▆██
wandb:     train_loss ▄▃▆█▆▄▃▃▃▄▃▄▂▃▂▃▂▄▃▃▂▁▂▂▃▂▃▅▂▂▄▂▂▂▅▂▄▂▃▃
wandb:   val_accuracy ▁▂▁▂▂▇▄▃▆▂▄▅▄▅▄▇▇▇▃▁▄▄▄▂▄▆▆▅▄▇▄▆█▅▄▆▆▄▅▅
wandb:       val_loss ▁█▅▆▁▂▄▄▃▂▄▂▃▃▅▂▅▂▃▇▄▃▄▄▅▄▄▄▄▄▃▆▅▅▅▅▅▇▅▆
wandb: 
wandb: Run summary:
wandb:          epoch 134
wandb: train_accuracy 57.11921
wandb:     train_loss 1.94964
wandb:   val_accuracy 52.94118
wandb:       val_loss 3.01535
wandb: 
wandb: 🚀 View run intphys2_linear_videomae_vit_huge_16_224_layer_32/trial_0018 at: https://wandb.ai/caselli-niccolo-developer-university-of-amsterdam/probe4physics/runs/nn2oeufi
wandb: ⭐️ View project at: https://wandb.ai/caselli-niccolo-developer-university-of-amsterdam/probe4physics
wandb: Synced 4 W&B file(s), 0 media file(s), 0 artifact file(s) and 0 other file(s)
wandb: Find logs at: ./wandb/run-20260426_174708-nn2oeufi/logs
[I 2026-04-26 17:47:14,100] Trial 18 pruned. Pruned at epoch 134 with val_accuracy=52.9412
wandb: setting up run ll9dg9se
wandb: Tracking run with wandb version 0.26.1
wandb: Run data is saved locally in /gpfs/home3/scur0511/Probe4Physics/wandb/run-20260426_174714-ll9dg9se
wandb: Run `wandb offline` to turn off syncing.
wandb: Syncing run intphys2_linear_videomae_vit_huge_16_224_layer_32/trial_0019
wandb: ⭐️ View project at https://wandb.ai/caselli-niccolo-developer-university-of-amsterdam/probe4physics
wandb: 🚀 View run at https://wandb.ai/caselli-niccolo-developer-university-of-amsterdam/probe4physics/runs/ll9dg9se
wandb: updating run metadata
wandb: uploading wandb-metadata.json; uploading requirements.txt; uploading wandb-summary.json; uploading config.yaml
wandb: 
wandb: Run history:
wandb:          epoch ▁▁▁▁▁▂▂▂▂▂▃▃▃▃▃▃▃▄▄▄▄▄▅▅▅▅▅▅▅▆▆▆▆▇▇▇▇███
wandb: train_accuracy █▇▅▅▆▆▃▅▆▆▆▆▆█▄▆▃▃▅▂▅▆▄▄▄▃▂▃▃▁▂▁▃▅▃▃▃▃▂▃
wandb:     train_loss █▇▆▆▅▄▄▃▃▃▂▂▂▂▂▂▂▂▂▂▂▂▂▂▁▁▁▁▁▁▁▁▁▁▁▁▁▁▁▁
wandb:   val_accuracy ▆▅▅█▃▃▃▅▆▅█▅▁█▅▃▂▂▂▄▂▄▄▁▁▂▁▂▅▃▆▃▆▅▅▃▅▆▅▆
wandb:       val_loss █▆▆▅▅▄▄▄▃▃▃▃▃▃▂▂▂▂▂▂▂▂▂▂▂▂▂▂▂▂▁▁▁▁▁▁▁▁▁▁
wandb: 
wandb: Run summary:
wandb:          epoch 100
wandb: train_accuracy 48.84106
wandb:     train_loss 0.74955
wandb:   val_accuracy 49.01961
wandb:       val_loss 0.91412
wandb: 
wandb: 🚀 View run intphys2_linear_videomae_vit_huge_16_224_layer_32/trial_0019 at: https://wandb.ai/caselli-niccolo-developer-university-of-amsterdam/probe4physics/runs/ll9dg9se
wandb: ⭐️ View project at: https://wandb.ai/caselli-niccolo-developer-university-of-amsterdam/probe4physics
wandb: Synced 4 W&B file(s), 0 media file(s), 0 artifact file(s) and 0 other file(s)
wandb: Find logs at: ./wandb/run-20260426_174714-ll9dg9se/logs
[I 2026-04-26 17:47:17,966] Trial 19 pruned. Pruned at epoch 100 with val_accuracy=49.0196
[eval.intphys2] Starting eval | split_name=train split_dir=data/splits/intphys2 predictor_mode=from_file metadata_file=data/annotations/intphys2_metadata.csv
[eval.intphys2] Loaded split assignments | split_scenes=151 split_samples=604
[eval.intphys2] Generated predictions | n_predictions=604
[eval.intphys2] Scoring complete | accuracy=66.0596 voe_accuracy=62.2517 n_scenes=151 n_samples=604
[eval.intphys2] Artifacts written | output_dir=artifacts/probes/intphys2/intphys2_probe_linear_videomae_vit_huge_16_224_20260426T152120Z/layer_32/eval/train
[eval.intphys2] Starting eval | split_name=val split_dir=data/splits/intphys2 predictor_mode=from_file metadata_file=data/annotations/intphys2_metadata.csv
[eval.intphys2] Loaded split assignments | split_scenes=51 split_samples=204
[eval.intphys2] Generated predictions | n_predictions=204
[eval.intphys2] Scoring complete | accuracy=57.3529 voe_accuracy=31.3725 n_scenes=51 n_samples=204
[eval.intphys2] Artifacts written | output_dir=artifacts/probes/intphys2/intphys2_probe_linear_videomae_vit_huge_16_224_20260426T152120Z/layer_32/eval/val
[eval.intphys2] Starting eval | split_name=test split_dir=data/splits/intphys2 predictor_mode=from_file metadata_file=data/annotations/intphys2_metadata.csv
[eval.intphys2] Loaded split assignments | split_scenes=51 split_samples=204
[eval.intphys2] Generated predictions | n_predictions=204
[eval.intphys2] Scoring complete | accuracy=54.9020 voe_accuracy=31.3725 n_scenes=51 n_samples=204
[eval.intphys2] Artifacts written | output_dir=artifacts/probes/intphys2/intphys2_probe_linear_videomae_vit_huge_16_224_20260426T152120Z/layer_32/eval/test
